ExternalRiskEstimate,MSinceOldestTradeOpen,MSinceMostRecentTradeOpen,AverageMInFile,NumSatisfactoryTrades,NumTrades60Ever2DerogPubRec,NumTrades90Ever2DerogPubRec,PercentTradesNeverDelq,MSinceMostRecentDelq,MaxDelq2PublicRecLast12M,MaxDelqEver,NumTotalTrades,NumTradesOpeninLast12M,PercentInstallTrades,MSinceMostRecentInqexcl7days,NumInqLast6M,NumInqLast6Mexcl7days,NetFractionRevolvingBurden,NetFractionInstallBurden,NumRevolvingTradesWBalance,NumInstallTradesWBalance,NumBank2NatlTradesWHighUtilization,PercentTradesWBalance,cond
80.0,170.69095,3.3878295,88.10206,20.0,0.0,0.0,92.67413,67.41805,6.0,6.0,16.0,2.0,52.55135,6.0,0.0,0.0,0.0,75.167946,1.7389426,5.0,0.0,56.319927,0.0
68.0,68.04868,2.0,54.213715,7.423492,4.3928976,2.0,88.0,77.99857,6.0,4.9647255,11.0,2.0,83.63991,0.0,15.547887,15.5777645,60.698803,43.0415,1.0,2.0,0.0,100.0,0.0
-9.0,-9.0,-9.0,-9.0,-9.0,-9.0,-9.0,-9.0,-9.0,-9.0,-9.0,-9.0,-9.0,-9.0,-9.0,-9.0,-9.0,-9.0,-9.0,-9.0,-9.0,-9.0,-9.0,0.0
83.0,449.3825,2.0,64.13355,23.0,0.0,0.0,100.0,-7.0,7.0,8.0,24.0,2.0,39.0,0.0,3.0,2.0,14.859471,-8.0,4.0,-8.0,0.0,37.603287,0.0
75.0,191.98676,4.0,86.36482,33.62996,0.0,0.0,100.0,-7.0,7.0,8.0,23.0,1.0,34.62065,0.0,2.5665855,2.0,42.032642,92.39914,4.0,4.0,1.0,80.0,0.0
84.0,337.9368,17.0,125.408844,25.0,0.0,0.0,100.0,-7.0,7.0,8.0,19.776003,0.0,17.0,-7.0,0.0,0.0,16.0,-8.0,6.0,1.0,0.0,42.812836,0.0
77.0,176.50418,9.0,93.0,34.0,0.0,0.0,100.0,-7.0,7.0,8.0,31.0,1.0,53.447994,5.0,0.0,0.0,47.497646,76.0,2.0,2.0,0.0,81.85814,0.0
84.16354,308.38547,-6.7211227,90.19041,36.23577,0.0,0.0,100.0,-7.0,7.0,8.0,39.696507,2.0,41.0,0.0,10.389226,6.865679,0.0,-8.0,3.0,-5.5974865,0.0,27.366922,0.0
72.0,217.79047,2.0,86.07486,34.648132,0.0,0.0,97.0,0.7261928,-9.0,6.0,33.85433,5.234463,15.0,0.0,1.0,1.0,2.0,-8.0,5.0,1.0,0.0,32.816654,0.0
54.14864,153.75584,8.0,77.0,20.0,3.7516696,0.0,55.407467,12.916548,5.0,4.3062835,29.0,2.0,40.191196,0.0,1.0,1.0,45.337757,58.60796,4.0,6.200722,2.0,87.40912,0.0
84.0,203.7327,8.0,94.88024,24.0,0.0,0.0,100.0,-7.0,7.0,8.0,29.266771,1.0,41.0,-8.0,0.0,0.0,1.0,86.555855,3.0,2.0,0.0,100.0,0.0
75.0,246.53008,2.0,90.0,42.51459,0.0,0.0,95.0,44.62163,6.0,6.0,42.631065,1.0,25.0,13.220121,0.0,0.0,8.0,45.493134,6.0,2.0,0.0,52.35433,0.0
82.92528,191.6787,6.0,86.07063,40.228477,0.0,0.0,100.0,-7.0,7.0,8.0,38.0,1.0,22.0,-7.0,4.0,4.0,11.0,84.03104,1.0,2.0,0.0,33.0,0.0
88.0,429.4881,4.0,114.96013,13.0,0.0,0.0,100.0,-7.0,7.0,8.0,14.892449,1.0,52.54016,0.0,3.0,3.0,0.0,-8.0,2.0,-8.0,0.0,38.45325,0.0
75.794586,107.86815,7.0,62.84855,14.195632,0.0,0.0,100.0,-7.0,7.0,8.0,16.0,0.0,74.14137,0.0,6.6188145,6.69633,15.0,32.109646,2.0,6.1375494,1.0,93.5145,0.0
79.0,292.96906,3.0,100.74428,39.8864,0.0,0.0,100.0,-7.0,7.0,8.0,37.57515,3.6024423,18.0,0.0,2.1493986,2.0,12.0,57.311268,5.0,2.0,1.0,40.0,0.0
87.0,244.80626,31.032614,113.79508,15.334698,0.0,0.0,100.0,-7.0,7.0,8.0,12.0,0.0,38.963867,-8.0,0.0,0.0,0.0,-8.0,2.0,1.0,0.0,71.0,0.0
75.0,125.74581,6.0,43.729607,17.0,0.0,0.0,100.0,-7.0,7.0,8.0,22.0,3.0,46.0,1.0,1.0,1.0,42.894558,97.42647,1.0,3.0,1.0,48.77531,0.0
-9.0,-9.0,-9.0,-9.0,-9.0,-9.0,-9.0,-9.0,-9.0,-9.0,-9.0,-9.0,-9.0,-9.0,-9.0,-9.0,-9.0,-9.0,-9.0,-9.0,-9.0,-9.0,-9.0,0.0
91.23474,115.32376,3.0,93.53969,13.0,0.0,0.0,100.0,-7.0,7.0,8.0,7.0,2.068176,46.613617,15.610497,0.0,0.0,9.0,-8.0,1.0,2.0,0.0,50.0,0.0
84.0,124.100716,5.0,79.0,12.917639,0.0,0.0,93.89294,55.163963,6.0,6.0,14.329883,1.0,36.0,7.0,0.0,0.0,0.0,-8.0,1.0,1.0,0.0,47.144245,0.0
74.05279,216.09454,9.0,74.34351,28.252499,0.0,0.0,100.0,-7.0,7.0,8.0,24.623877,2.0,53.485313,3.0,1.0,1.0,31.221458,84.183846,4.0,2.0,0.0,67.0,0.0
76.0,106.87446,20.0,61.0,12.0,0.0,0.0,100.0,-7.0,7.0,8.0,9.636078,0.0,76.10561,0.0,0.0,0.0,79.10647,18.58022,1.0,2.0,0.0,100.0,0.0
66.69367,144.5066,9.0,71.0,37.000145,1.0,0.33821458,93.0,3.0,6.0,3.0,36.962357,1.0,30.0,0.0,0.0,0.0,59.379868,-8.0,6.270233,1.0,5.4788756,80.0,0.0
83.0,200.40268,8.0,99.582565,21.0,0.0,0.0,94.0,58.362553,6.0,6.0,24.0,1.0,62.82631,22.613369,0.0,0.0,8.0,49.093563,2.0,4.0,0.0,78.0,0.0
82.97006,210.04625,6.0,59.374355,16.0,0.0,0.0,100.0,-7.0,7.0,8.0,14.856684,3.0,14.0,1.0,1.0,1.0,20.818653,-8.0,4.0,1.0,0.0,50.0,0.0
73.0,208.97493,3.0,81.0,25.058807,0.0,0.0,91.9838,31.665216,6.0,6.0,28.193192,5.175524,29.755157,0.0,3.0,3.0,13.850935,-8.0,2.0,2.0,0.0,24.994448,0.0
79.0,241.92787,2.0,72.4938,27.0,0.0,0.0,100.0,-7.0,7.0,8.0,25.01376,3.0,32.797512,10.692013,2.0,1.6554435,22.97403,49.60446,4.0,2.0,0.0,71.0,0.0
75.0,178.03957,7.0,76.0,13.0,0.0,0.0,80.33173,36.35386,6.0,6.0,15.800144,3.0,20.0,0.0,0.0,0.0,17.0,-8.0,2.0,1.0,0.0,33.0,0.0
87.0,162.85963,5.0,104.94215,14.0,0.0,0.0,100.0,-7.0,7.0,8.0,11.712423,0.0,54.81708,-8.0,0.0,0.0,16.0,21.573177,3.0,2.0,0.0,83.0,0.0
74.0,142.79823,2.0,65.476204,15.0,0.0,0.0,100.0,-7.0,7.0,8.0,17.0,1.0,28.0,7.0,2.1698418,3.0,66.916595,-8.0,5.0,1.0,3.0,100.0,0.0
79.0,155.56613,19.903734,83.0,39.0,0.0,0.0,97.0,22.1303,6.0,6.0,38.582363,0.0,55.030617,-7.0,0.0,0.0,5.0,97.63853,2.0,4.0,0.0,67.0,0.0
-9.0,-9.0,-9.0,-9.0,-9.0,-9.0,-9.0,-9.0,-9.0,-9.0,-9.0,-9.0,-9.0,-9.0,-9.0,-9.0,-9.0,-9.0,-9.0,-9.0,-9.0,-9.0,-9.0,0.0
68.0,106.05629,8.0,57.798534,19.0,1.0,1.2941238,94.0,22.68534,6.0,2.0,22.793009,1.0,39.287792,4.7253714,1.0,1.0,60.81461,88.75805,2.0,2.0,1.0,54.382378,0.0
80.0,258.08508,3.0,104.599464,34.0,0.0,0.0,100.0,-7.0,7.0,8.0,30.0,2.0,31.0,-7.2661796,2.0,1.0141501,12.604713,19.287733,7.0,3.0,0.0,52.37713,0.0
-9.0,-9.0,-9.0,-9.0,-9.0,-9.0,-9.0,-9.0,-9.0,-9.0,-9.0,-9.0,-9.0,-9.0,-9.0,-9.0,-9.0,-9.0,-9.0,-9.0,-9.0,-9.0,-9.0,0.0
65.0,152.21837,9.5218315,86.0,76.19487,0.0,0.0,96.187225,14.435061,6.0,6.0,89.70152,1.0,33.89413,0.0,2.0,2.0,26.558994,34.491222,11.0,6.0,2.0,59.514233,0.0
87.0,257.65628,15.0,109.799835,21.0,0.0,0.0,100.0,-7.0,7.0,8.0,6.1419435,0.0,29.0,1.0,1.0,1.0,4.0,-8.0,2.0,1.0,0.0,35.54878,0.0
79.0,167.96408,37.136868,107.33965,17.74526,0.0,0.0,100.0,-7.0,7.0,8.0,20.0,0.0,9.060376,0.0,1.0,1.0,24.463928,-8.0,6.0,-8.0,0.0,69.16309,0.0
69.0,296.70145,3.0,97.24501,29.060837,2.0,0.0,92.0,33.04418,6.0,5.0,32.0,2.0,63.509415,0.0,0.0,0.0,38.515945,48.384193,6.0,2.0,1.0,78.0,0.0
80.0,287.12683,23.903925,115.07508,32.0,0.0,0.0,97.0,11.563027,4.0,6.0,29.078278,0.0,33.0,1.0,2.0,2.0,11.204284,15.942125,4.0,2.0,0.0,100.0,0.0
75.0,190.32198,2.0,72.9905,22.0,0.0,0.0,93.0,63.688072,6.0,6.0,30.0,1.0354387,62.355656,4.020122,4.0,4.0,18.053219,64.4974,2.0,5.0,0.0,73.0,0.0
70.0,266.55664,2.2191715,97.21938,28.669971,1.0,0.0,89.7563,4.938883,4.0,6.0,38.0,2.0,29.0,4.325464,0.0,0.0,2.0,-8.0,3.0,1.0,0.0,23.017143,0.0
78.1954,-4.7046223,5.0,34.72651,20.0,1.0,1.0,100.0,-7.0,7.0,8.0,18.0,1.3408073,46.706184,1.0,0.0,0.0,2.2418387,-8.0,1.2980645,3.0,0.0,50.0,0.0
75.0,79.188614,35.0509,71.037926,9.931616,0.0,0.0,100.0,-7.0,7.0,8.0,3.1958394,0.0,10.060726,0.0,1.0,1.0,59.115383,-8.0,6.0,-8.0,2.0,67.0,0.0
70.60297,231.2786,5.0,126.46398,23.182768,0.0,0.0,100.0,-7.0,7.0,8.0,25.0,1.0,17.443134,9.0,0.0,0.0,87.66413,87.58358,8.0,3.0,3.0,80.0,0.0
67.14434,196.26936,2.0,72.20548,30.0,0.0,0.0,100.0,-7.0,7.0,8.0,31.895834,3.0,20.0,-7.0,1.0,1.0,73.58337,97.375854,9.0,2.0,4.0,67.0,0.0
81.0,141.24416,11.0,63.586452,19.0,0.0,0.0,100.0,-1.6182058,6.0,6.0,21.022717,0.0,23.53389,4.0,0.0,0.0,0.0,-8.0,1.5380092,2.0,0.0,22.15254,0.0
88.0,198.84512,18.153795,99.14932,17.0,0.0,0.0,100.0,-7.0,7.0,8.0,9.939335,0.0,20.2844,1.0,1.0,1.0,3.8636377,-8.0,3.0,1.0,0.0,46.907078,0.0
-9.0,-9.0,-9.0,-9.0,-9.0,-9.0,-9.0,-9.0,-9.0,-9.0,-9.0,-9.0,-9.0,-9.0,-9.0,-9.0,-9.0,-9.0,-9.0,-9.0,-9.0,-9.0,-9.0,0.0
78.0,212.3537,1.0,82.0,27.0,0.0,0.0,100.0,-7.0,7.0,8.0,30.742447,2.0,35.752117,0.0,3.0,3.0,20.23217,-8.0,6.0,1.0,1.0,63.0,0.0
83.0,326.96643,6.0,166.57823,30.0,0.0,0.0,100.0,-7.0,7.0,8.0,37.0,1.0,29.0,4.0,3.6028364,3.8785603,1.0,-8.0,2.0,1.0,0.0,40.0,0.0
89.0,266.91248,3.0,96.51617,14.0,0.0,0.0,100.0,-7.0,7.0,8.0,14.0,1.244245,11.0,0.0,1.0,1.0,2.0,75.18153,3.0,1.0,0.0,45.021084,0.0
70.0,139.53271,6.0,50.822803,-9.0,0.0,0.0,100.0,-7.0,7.0,8.0,8.0,1.0,70.33346,0.0,2.0,1.0,79.4387,82.2724,2.0,2.0,0.0,100.0,0.0
86.0,132.1333,2.0,62.492035,23.570793,0.0,0.0,100.0,-7.0,7.0,8.0,24.0,2.0,11.0,4.0,0.0,0.0,0.0,-8.0,2.0,-8.0,0.0,20.015314,0.0
-9.0,-9.0,-9.0,-9.0,-9.0,-9.0,-9.0,-9.0,-9.0,-9.0,-9.0,-9.0,-9.0,-9.0,-9.0,-9.0,-9.0,-9.0,-9.0,-9.0,-9.0,-9.0,-9.0,0.0
81.0,191.47903,2.0,54.922634,20.0,0.0,0.0,100.0,-7.0,7.0,8.0,23.740614,3.0,17.0,5.364361,1.0,1.0,17.489357,-8.0,1.0,1.0,0.0,50.0,0.0
81.9309,91.64994,2.0,50.6289,32.0,0.0,0.0,100.0,-7.0,7.0,8.0,41.036263,4.0,45.0,2.0,1.0,0.0,3.0,88.0,3.0,5.0,0.0,63.972984,0.0
73.08839,146.53914,7.0,45.261932,9.0,0.0,0.0,100.0,-7.0,7.0,8.0,7.3164244,1.0,24.842527,0.0,0.0,0.0,54.49152,77.793976,7.0,2.0,0.0,100.0,0.0
82.0,153.92717,-9.0,55.061855,15.0,0.0,0.0,100.0,-7.0,7.0,8.0,17.0,4.0,29.0,0.0,3.0,3.0,2.0,88.0,2.0,3.0,0.0,43.0,0.0
63.778725,165.55273,2.0,82.22881,15.466705,0.0,0.0,92.0,49.29413,6.0,6.0,19.0,4.0,33.0,-7.0,3.0,3.0,52.936745,-8.0,6.0,2.0,2.0,78.540985,0.0
78.0,172.4945,4.0,69.08773,23.0,0.0,0.0,100.0,-7.0,6.0,8.0,29.14207,4.0,24.0,0.0,2.0,1.0,8.0,-8.0,3.2307074,1.0,0.0,54.160465,0.0
69.0,212.5677,10.328718,76.0,28.0,0.0,0.0,97.0,5.2001915,4.0,6.0,30.24154,0.0,47.0,5.0,2.0,2.0,61.53925,75.10743,3.0,3.4248612,1.0,63.876446,0.0
71.0,364.6837,40.709816,114.44741,6.8261395,2.0,2.0,84.996826,5.4841876,4.0,5.9092913,15.0,0.0,54.743454,-7.0,0.0,0.0,11.749337,-8.0,2.0,1.0,0.0,75.0,0.0
73.0,80.746185,2.0,-1.267872,14.0,0.0,0.0,100.0,-7.0,7.0,8.0,15.0,4.0,39.0,0.0,0.0,0.0,31.012026,83.37193,4.0,2.0,0.0,60.0,0.0
-9.0,-9.0,-9.0,-9.0,-9.0,-9.0,-9.0,-9.0,-9.0,-9.0,-9.0,-9.0,-9.0,-9.0,-9.0,-9.0,-9.0,-9.0,-9.0,-9.0,-9.0,-9.0,-9.0,0.0
60.547913,162.60648,4.0,82.0,27.999086,0.0,0.0,84.33991,-7.0,0.68895847,5.0,31.0,3.0,39.484337,0.0,3.0,3.0,32.0,72.21621,6.400171,4.8653708,1.0,78.63882,0.0
69.0,143.78362,17.741795,61.0,14.0,0.0,0.0,100.0,-7.0,7.0,8.0,15.0,0.0,27.920189,-8.0,0.0,0.0,94.48558,48.958813,5.0,1.0,3.0,100.0,0.0
81.0,231.422,6.0,80.0,16.0,0.0,0.0,94.0,47.442074,6.0,6.0,17.0,2.0,13.0,0.0,0.0,0.0,0.0,-8.0,1.0,1.0,0.0,17.188492,0.0
77.86348,336.68906,5.0,75.34271,20.0,0.0,0.0,100.0,-7.0,7.0,8.0,21.0,2.0,31.0,8.0,0.0,0.0,40.949524,62.909218,3.0,4.0,1.0,83.0,0.0
80.82803,254.28178,24.900795,85.51295,14.0,0.0,0.0,100.0,-7.0,7.0,8.0,16.0,0.0,69.51738,-8.0,0.0,0.0,61.22468,74.03937,1.0,2.0,0.0,88.0,0.0
88.0,162.49858,17.32783,92.577,23.0,0.0,0.0,96.0,31.637383,6.0,6.0,28.0,0.0,14.0,-9.0,0.0,0.0,6.0,-8.0,3.0,1.0,0.0,44.0,0.0
77.0,275.72223,5.0,77.18646,27.0,0.0,0.0,95.0,38.47985,6.0,6.0,29.146473,5.0,11.7474575,-7.0,0.0,0.0,2.0,-8.0,5.0,1.0,0.0,40.727055,0.0
80.51902,197.13165,3.0,61.39076,23.0,0.0,0.0,96.0,68.49846,6.0,6.0,24.0,1.0,34.839554,7.0,0.0,0.0,6.673823,-8.0,5.168868,3.0,0.0,80.04635,0.0
88.454735,305.56613,7.0,103.22209,20.0,0.0,0.0,100.0,-7.0,7.0,8.0,17.0,2.0,26.0,13.126812,0.0,0.0,5.3414607,-8.0,5.0,-1.5366168,0.0,50.0,0.0
77.0,156.32362,17.0,93.0,22.0,0.0,0.0,100.0,-7.0,6.0,7.7439747,22.0,0.0,42.0,0.0,0.0,0.0,42.83714,-8.0,5.0,2.0,1.0,57.0,0.0
71.0,86.41039,30.703165,63.0,6.344514,1.0,1.0,100.0,-7.0,7.0,8.0,9.0,0.0,21.0,7.0,0.0,0.0,73.10881,-8.0,3.0,1.0,1.0,77.442314,0.0
84.0,399.4854,7.0,145.52475,24.0,0.0,0.0,100.0,-7.0,7.0,8.0,24.068893,2.0,33.0,0.0,0.0,0.0,5.0,58.260483,3.0,2.0,0.0,56.0,0.0
68.0,181.25052,38.720825,93.0,14.14602,0.0,0.0,100.0,-7.0,6.0,8.0,19.0,0.0,49.669285,1.0,1.7686085,1.8154969,66.73048,-8.0,3.0,2.0,0.0,79.28771,0.0
88.0,262.13602,10.0,115.35771,22.098589,0.0,0.0,97.0,63.583485,6.0,6.0,25.0,1.0,20.0,22.839169,0.0,0.0,0.0,13.350976,1.0,1.0,0.0,25.0,0.0
68.0,133.4074,2.0,76.30657,18.0,0.0,0.0,88.0,1.4197581,4.0,6.0,19.0,1.0,20.180542,5.0,1.0,0.0,48.37073,-8.0,6.0,1.0,1.0,53.996914,0.0
77.0,144.21425,8.0,63.187992,25.0,0.0,0.0,100.0,-7.0,7.0,8.0,29.0,1.0,46.0,0.0,0.0,0.0,32.02261,49.464638,4.0,1.0,0.0,80.0,0.0
88.70577,162.36952,4.0,77.17362,21.0,0.0,0.0,100.0,-7.0,7.0,8.0,18.0,3.0,30.005806,18.668894,0.0,0.0,4.0,92.01634,0.0,3.302312,0.0,84.00489,0.0
72.0,125.9751,1.0,53.95755,20.211878,1.0,1.0,93.0,53.919395,6.0,5.0,21.338165,4.0,18.0,0.0,2.0,2.0,53.006985,100.0,4.0,2.0,0.0,50.0,0.0
67.0,325.1239,32.570034,141.85957,21.0,2.0,2.0,80.523445,10.190082,6.0,2.3757985,23.0,0.0,19.0,20.498608,0.0,0.0,43.790768,-8.0,5.0,2.0,2.0,76.78994,0.0
77.0,98.093834,2.0,57.043907,16.0,0.0,0.0,100.0,-7.0,7.0,8.0,17.0,2.0,46.38021,-7.0,0.0,0.0,5.0,-8.0,1.0,4.1919303,1.0,67.0,0.0
73.0,125.22961,4.0,58.147633,13.534612,0.0,0.0,90.0,13.236231,6.0,6.0,12.0,1.2060837,25.0,4.75446,1.0,1.0,0.0,-8.0,1.0,1.0,0.0,24.389874,0.0
82.0,159.1217,2.0,70.0,15.786154,0.0,0.0,100.0,-7.0,7.0,8.0,22.0,1.0,25.0,0.0,4.0,4.0,4.0,-8.0,2.0,2.0,0.0,56.0,0.0
73.0,156.79625,4.0,63.883053,28.0,1.0,1.0,89.0,31.33515,6.0,2.7879026,29.0,2.0,43.00791,-7.0,0.0,0.0,19.931818,64.53,4.0,8.181535,1.0,64.36941,0.0
64.71533,85.636925,1.0,49.285416,16.791235,1.0,1.0,100.0,-7.0,7.0,8.0,18.0,2.0,36.934822,0.0,1.0,2.0,62.62475,71.0,6.0,5.9870815,3.0,91.531296,0.0
70.0,256.10007,2.0,84.08375,21.0,0.0,0.0,94.0,68.908585,6.0,6.0,22.218388,2.0,32.0,7.0,1.0,1.0,58.899044,86.450806,5.0,3.0,1.0,75.0,0.0
74.23353,91.30176,7.0,68.0,19.0,0.0,0.0,100.0,-7.0,7.0,8.0,18.0,2.0,13.0,7.0,0.0,0.0,32.13041,12.238322,2.7406418,2.1542037,0.0,57.0,0.0
76.0,141.90163,4.0,54.84196,13.0,1.0,0.0,88.0,59.04625,6.0,5.0,17.0,2.0,65.55051,4.06542,0.0,0.0,6.0,-8.0,4.0,3.0,0.0,88.0,0.0
76.044655,101.61382,2.6293592,99.09328,38.55985,0.0,0.0,96.0,48.07475,6.0,6.0,19.0,3.0,20.0,0.0,4.0,4.007963,11.142902,49.237846,11.0,3.0,1.1366138,83.0,0.0
82.0,228.43968,3.0,108.1406,27.0,0.0,0.0,100.0,-7.0,7.0,8.0,27.291983,1.0,60.691803,1.0,0.0,0.0,36.0,70.71213,1.0,3.0,1.0,73.0,0.0
69.0,306.58542,18.57788,90.41518,13.007433,1.0,0.0,85.2867,44.272285,6.0,5.9259257,13.737974,0.0,49.84731,8.31801,1.0,1.0,64.53272,60.178535,3.0,4.0,1.0,70.07606,0.0
76.0,205.9203,13.966962,74.37237,36.0,0.0,0.0,100.0,-7.0,7.0,8.0,30.0,0.0,29.0,2.0,0.0,0.0,13.0,-8.0,5.0,2.0,1.0,52.85376,0.0
81.0,423.19714,4.0,119.660545,25.0,0.0,0.0,91.9014,33.728966,6.0,6.0,24.0,1.0,32.976727,0.0,0.0,0.0,15.0,80.0,5.0,5.0,0.0,86.25958,0.0
83.0,198.11774,2.0,77.59008,36.052437,0.0,0.0,95.0,63.308918,6.0,6.0,39.713123,5.0,30.0,0.0,1.0,1.0,10.0,-8.0,4.0,3.0,0.0,64.61128,0.0
78.94843,98.080086,28.401228,92.0,4.41619,0.0,0.0,90.107056,74.386284,6.0,6.0,11.0,0.0,67.5693,0.0,1.0,0.0,2.0,67.662865,0.51502293,1.0,0.0,100.0,0.0
79.0,210.93893,3.0,105.28491,18.138834,0.0,0.0,94.0,51.561283,6.0,6.0,19.0,1.0,21.0,1.0,0.0,0.0,25.0,-8.0,3.0,-8.0,0.0,43.0,0.0
61.299927,197.93565,51.299282,188.43944,9.0,0.0,0.0,58.13547,10.010351,4.0,6.0,7.0,0.0,18.0,-7.0,1.0,1.0,70.968666,88.14385,5.0,1.0,1.0,80.0,0.0
-9.0,-9.0,-9.0,-9.0,-9.0,-9.0,-9.0,-9.0,-9.0,-9.0,-9.0,-9.0,-9.0,-9.0,-9.0,-9.0,-9.0,-9.0,-9.0,-9.0,-9.0,-9.0,-9.0,0.0
89.03738,320.18936,1.0,90.0,40.400196,0.0,0.0,100.0,-7.0,7.0,8.0,38.435802,2.0,33.0,16.0,0.0,0.0,0.0,-8.0,5.0,4.0,0.0,51.746426,0.0
84.0,155.76057,3.0,67.0,34.4386,0.0,0.0,100.0,-7.0,7.0,8.0,38.223995,2.0,9.02397,6.1556478,0.0,0.0,1.0,96.69292,5.0,2.0,0.0,40.470993,0.0
80.0,398.4528,6.0,84.289635,28.0,0.0,0.0,96.19669,66.79759,6.0,6.0,22.437965,2.0,23.762508,0.0,1.0,1.0,1.0,59.16665,3.0,4.2636633,0.0,39.194378,0.0
92.76358,177.6152,7.0,179.95056,14.206938,0.0,0.0,100.0,-7.0,7.0,8.0,15.0,1.0,39.0,-7.4112735,0.0,0.0,2.1728911,-8.0,3.0,1.0,0.0,56.96489,0.0
81.0,316.54813,3.0,57.334995,23.0,0.0,0.0,98.0,3.0,6.0,6.0,23.0,6.0,29.0,5.0,0.0,0.0,10.0,99.361694,3.0,3.0,0.0,50.0,0.0
87.0,124.76393,2.0,97.81738,20.0,0.0,0.0,100.0,-7.0,7.0,8.0,9.51937,1.0,17.0,1.0,0.0,0.0,0.0,15.762402,3.2519512,2.0,0.0,43.0,0.0
83.1481,307.95502,18.739279,110.24129,15.0,0.0,0.0,100.0,-7.0,7.0,8.0,19.0,0.0,16.0,7.0,0.0,0.0,11.512371,89.06084,3.0,1.0,0.0,43.0,0.0
65.0,121.05757,2.2650208,62.15477,12.0,2.0,1.0,88.0,9.1137495,3.0,3.0,20.0,4.0,20.108452,0.0,0.0,0.0,25.0,-8.0,3.0,1.0,0.0,39.86186,0.0
85.0,202.42868,1.0,78.46504,21.0,0.0,0.0,100.0,-7.0,7.0,8.0,24.0,2.0,21.10482,0.0,1.0,1.0,8.0,74.408844,5.0,2.0,0.0,50.0,0.0
77.0,133.07056,5.0,67.510475,51.964672,0.0,0.0,100.0,-7.0,7.0,8.0,48.66909,4.0,49.85704,0.0,1.0,1.0,37.230797,70.97816,3.0,3.0,0.0,57.146824,0.0
80.0,137.65492,15.0,86.62989,28.0,0.0,0.0,100.0,-7.0,6.0,6.0,-7.0106072,0.0,50.0,19.769577,0.0,0.0,0.0,52.091896,1.0,4.0,0.0,50.0,0.0
80.0,236.96263,4.0,72.0,13.0,1.0,1.0,100.0,-7.0,7.0,8.0,11.0,2.0,54.82655,-8.0,0.0,0.0,1.0,76.810616,2.0,1.0,0.0,42.79615,0.0
72.0,262.90656,1.0,82.79087,14.0,1.0,1.0,95.0,45.135918,6.0,5.542066,17.395922,4.0,14.843748,0.0,1.9553764,1.0,38.525738,87.43929,6.0,1.0,3.0,57.0,0.0
89.0,170.15439,11.419924,79.83905,18.0,0.0,0.0,100.0,-7.0,7.0,8.0,21.0,1.0,35.0,-7.0,0.35918245,0.0,1.0,52.048725,1.0,2.0,0.0,27.694798,0.0
64.116486,160.70718,4.0,58.0,17.592707,0.0,0.0,86.10827,18.207697,6.0,6.0,16.0,2.0,20.0,0.0,0.0,0.0,40.908524,76.893555,7.0,1.0,2.0,52.199623,0.0
72.0,331.87906,44.42836,144.98557,13.0,0.0,1.0,85.74921,36.458424,6.0,5.0,15.254711,0.0,14.0,-8.0,0.0,0.0,58.128242,-8.0,4.0,1.0,1.0,72.50702,0.0
72.0,376.4362,5.0,83.37457,51.410572,0.0,0.0,97.0,-7.0,-9.0,6.0,53.74844,4.0,24.0,0.0,4.407442,4.183546,0.0,-8.0,8.0,2.0,0.0,57.0,0.0
82.0,213.29701,4.0,63.0,42.744305,0.0,0.0,95.0,48.65731,6.0,6.0,42.491352,3.0,24.257822,0.0,0.0,0.0,15.0,-8.0,4.7136283,1.0,0.0,42.9484,0.0
72.0,255.92198,21.090237,141.30443,23.681484,1.0,1.0,92.0,46.853638,6.0,2.0,22.379166,0.0,23.532127,16.0,0.0,0.0,41.078102,-8.0,2.0,1.0,0.0,57.0,0.0
82.0,223.71904,2.0,100.0,39.0,0.0,0.0,100.0,-7.0,7.0,8.0,35.17148,2.0,18.0,2.0,2.0,2.0,9.0,-8.0,5.0,1.0,1.0,50.0,0.0
73.0,301.54587,7.0,115.544014,22.0,0.0,0.0,92.0,23.883865,6.0,6.0,23.33339,2.0,24.869505,-8.0,0.0,0.0,63.160263,80.0,3.0,3.0,1.0,67.0,0.0
71.0,233.25168,23.425686,92.969055,25.0,1.0,0.0,68.00022,34.357136,6.0,5.0,24.39837,0.0,50.0,-7.0,2.0,1.04824,56.519474,69.658325,2.0,5.0,0.0,80.0,0.0
67.0687,118.28516,8.0,23.909487,10.0,0.0,1.0,100.0,-7.0,7.0,8.0,12.374814,2.0,25.0,-8.0,0.0,0.0,56.973316,50.926403,3.0,2.0,1.0,100.0,0.0
79.0,280.9838,5.0,94.0,28.0,0.0,0.0,97.0,31.96361,6.0,6.0,34.01373,2.0,46.77384,-7.0,0.0,0.0,4.0,93.0,4.0,4.0,0.0,100.0,0.0
70.0,136.52846,4.0,61.0,17.162424,2.0,1.0,92.0,5.4072537,3.0,3.0,20.0,2.0,22.689352,0.0,3.0,3.0,6.0,91.0,2.0,4.0,0.0,33.0,0.0
74.0,184.97574,1.0,61.826344,25.0,0.0,0.0,96.0,24.747053,6.0,6.0,24.0,1.0,11.2242155,0.0,0.0,0.0,2.0,17.446247,6.0,2.0,0.0,50.0,0.0
90.0,435.11542,146.29033,187.20349,17.0,0.0,0.0,100.0,-7.0,7.0,8.0,22.0,0.0,25.0,-8.0,0.0,0.0,5.1057453,-8.0,2.0,1.0,0.0,44.0,0.0
80.0,228.49985,6.0,61.88258,23.274263,2.0,2.0,94.0,51.756,6.0,4.0,24.583462,3.0,50.0,20.156967,0.0,0.0,2.2184432,-8.0,1.0,3.0,0.0,36.825043,0.0
85.865974,224.97708,3.0,60.79995,18.585957,0.0,0.0,100.0,-7.0,7.0,8.0,24.0,2.0,16.0,-8.0,1.0,1.0,1.0,87.97489,1.0,3.0,0.0,50.0,0.0
72.24452,103.24858,31.621765,46.748955,13.0,0.0,0.0,87.17851,22.689205,6.0,6.0,8.0,0.0,9.714565,-8.0,0.0,0.0,25.0,-8.0,5.0,1.0,1.0,75.07497,0.0
68.684715,176.18712,6.0,52.806217,13.852547,0.0,0.0,84.37399,16.763039,6.0,6.0,12.0,2.0,14.0,0.0,1.0,1.0,22.9384,-8.0,5.0,1.0,0.0,100.0,0.0
84.0,177.46112,3.0,68.0,42.660442,0.0,0.0,100.0,-7.0,7.0,8.0,43.32592,4.0,57.889965,0.0,1.0,1.0,11.786731,93.0,4.0,7.150295,0.0,68.56289,0.0
89.0,178.77446,5.0,71.0,30.0,0.0,0.0,100.0,-7.0,7.0,8.0,34.0,1.0,38.84999,0.0,1.0,1.0,2.0,40.008602,1.0,2.0,0.0,49.72066,0.0
82.0,313.6241,16.0,98.21385,40.018864,0.0,0.0,100.0,-7.0,7.0,8.0,43.8363,0.0,25.0,-7.0,0.0,0.0,16.824907,77.68343,5.0,2.0,0.0,74.53793,0.0
91.50352,329.51303,27.62705,103.531044,12.0,0.0,0.0,100.0,-7.0,7.0,8.0,11.0,0.0,29.0,15.385956,0.0,0.0,1.0,-8.0,1.0,1.0,0.0,33.0,0.0
86.0,285.45837,15.079778,97.09296,21.0,0.0,0.0,100.0,-7.0,7.0,8.0,28.0,0.0,53.97056,-7.0,0.0,0.0,0.0,66.11505,1.0,3.0,0.0,67.731094,0.0
74.10978,206.14952,1.0,84.0,25.0,0.0,0.0,100.0,-7.0,7.0,8.0,28.146149,2.0,18.0,5.2075686,0.0,0.0,10.0,76.0,6.0,2.0,1.0,50.0,0.0
65.092415,246.58223,2.0,88.74985,27.861658,0.0,0.0,96.0,15.449145,6.0,6.0,10.0,4.0,39.46196,12.4271755,0.0,0.0,52.623093,93.82593,11.28951,2.0,4.0,78.001465,0.0
88.0,151.0708,31.366367,106.85502,16.0,0.0,0.0,100.0,-7.0,7.0,8.0,18.441572,0.0,44.0,0.0,0.0,0.0,1.0,-8.0,2.0,1.0,0.0,54.153893,0.0
87.0,278.8693,21.184107,107.748604,23.0,0.0,0.0,100.0,-7.0,7.0,8.0,24.0,0.0,45.61816,2.0,0.0,0.0,13.164072,42.809753,2.0,1.0,0.0,53.73951,0.0
85.78268,269.88315,18.27331,148.12733,13.902686,0.0,0.0,100.0,-7.0,7.0,8.0,20.18844,0.0,20.663042,7.429745,1.0,1.0,9.0,44.835926,1.0,2.0,0.0,84.85722,0.0
83.0,135.38152,5.0,44.219154,17.0,0.0,0.0,100.0,-7.0,7.0,8.0,20.0,1.0,35.461502,-7.0,0.0,0.0,8.0,-8.0,3.0,1.0,0.0,50.0,0.0
-9.0,351.41327,11.0,151.31467,27.0,5.893421,0.0,44.05004,-7.0,1.8296157,3.0,32.0,1.0,20.353546,-7.0,0.0,0.0,48.200466,-8.0,7.0,2.0,2.0,41.396088,0.0
83.0,199.52287,1.0,87.31263,17.72559,0.0,0.0,100.0,-7.0,7.0,8.0,20.0,1.0,14.071299,-7.0,0.0,0.0,9.116816,88.11027,4.0,-8.0,0.0,71.0,0.0
71.0,264.00638,6.0,81.57611,28.0,1.0,1.0,90.0,39.87864,6.0,4.0,39.530178,3.0,33.0,4.0,0.0,0.0,49.656776,94.74044,6.665853,3.0,1.0,57.0,0.0
91.0,392.4262,10.0,153.26501,33.18571,0.0,0.0,100.0,-7.0,7.0,8.0,43.599503,1.0,26.0,5.0,1.0,1.0,13.96934,70.61406,2.0,2.0,0.0,-4.663557,0.0
79.0,159.36958,3.0,93.0,27.0,0.0,0.0,97.0,2.0,4.089083,6.0,30.0,1.0,18.0,3.0,2.0,2.0,3.0,-8.0,5.0,2.0,0.0,30.78568,0.0
91.37989,499.01913,20.985254,195.9166,15.0,0.0,0.0,100.0,-7.0,7.0,8.0,13.0,0.0,33.0,0.0,0.0,0.0,4.367789,-8.0,1.0,2.0,0.0,37.30468,0.0
88.0,62.98499,2.0,74.0,6.8500323,0.0,0.0,100.0,-7.0,7.0,8.0,9.383806,1.2040433,33.0,4.0,3.091203,3.5040748,12.0,-8.0,1.0,1.0,0.0,41.375633,0.0
64.0,147.60136,13.071699,69.13797,10.0,2.0,2.0,80.38653,28.643599,6.0,2.0,13.0,1.0,38.0,0.0,15.997121,13.346369,83.85873,50.319496,3.0,2.8972278,1.0,90.260666,0.0
59.81659,211.78496,4.0,106.34078,30.0,2.0,1.0,91.0,22.836699,0.0,2.7084491,21.0,3.0,36.0,2.0,1.0,1.0,32.0,88.0,7.1654787,2.0,0.0,72.676544,0.0
81.488014,162.9196,8.0,68.0,24.0,0.0,0.0,95.0,17.333178,4.0,6.0,19.347971,2.0,15.0,-7.0,0.0,0.0,8.339834,-8.0,3.0,1.0,0.0,44.282055,0.0
85.45455,93.25429,17.10398,66.7525,7.0,0.0,0.0,100.0,-7.0,7.0,8.0,11.0,0.0,52.702187,14.372865,0.0,0.0,12.75425,84.029495,1.0,2.0,0.0,100.0,0.0
74.0,199.71739,10.0,100.598854,45.78441,0.0,0.0,100.0,-7.0,7.0,8.0,63.08513,1.0,26.0,13.803694,0.0,0.0,47.261913,-8.0,12.967641,2.0,0.06629791,78.0,0.0
69.0,126.91261,7.0,81.0,8.955994,0.0,0.0,75.8751,7.3472447,6.0,6.0,9.0,1.0,59.872383,0.0,1.0,1.0,11.881484,93.380516,1.0,2.0,0.0,71.00966,0.0
88.281334,157.21144,4.0,110.49172,13.0,0.0,0.0,95.0,33.169464,6.0,6.0,7.0,1.0,19.0,-8.0,0.0,0.0,6.732969,83.01723,2.0,2.0,0.0,44.0,0.0
74.0,246.96658,66.29152,262.15466,12.0,3.3216405,2.0,73.37621,41.912712,6.0,2.0,15.0,0.0,40.0,0.0,5.0,5.013448,1.0,-8.0,2.0,1.0,0.0,34.385284,0.0
-9.0,-9.0,-9.0,-9.0,-9.0,-9.0,-9.0,-9.0,-9.0,-9.0,-9.0,-9.0,-9.0,-9.0,-9.0,-9.0,-9.0,-9.0,-9.0,-9.0,-9.0,-9.0,-9.0,0.0
71.69571,-8.538773,2.0,120.95762,46.542435,0.0,0.0,100.0,-7.0,6.0,6.0,0.37711114,3.0,33.0,0.0,2.0,2.0,44.811043,24.866861,8.0,3.0,1.0,55.623016,0.0
79.0,375.7223,3.0,114.76243,47.359867,0.0,0.0,97.0,46.97152,6.0,5.6672263,24.0,3.0,23.376043,4.0,2.0,2.0,4.845649,43.18487,2.9641447,5.0,0.0,41.998257,0.0
69.50234,218.13434,4.0,84.0,23.02207,3.7341545,3.0728464,87.87761,7.930177,6.0,3.0496626,28.0,2.0,38.0,0.0,4.8529024,5.0,15.0,-8.0,2.0,2.0,0.0,50.0,0.0
79.0,90.80616,-9.0,45.743713,25.0,0.0,0.0,100.0,-7.0,7.0,8.0,30.0,5.0,35.18208,-7.0,3.0,3.586154,1.0,-8.0,3.0,2.0,0.0,50.0,0.0
85.0,196.51593,2.0,65.53815,14.0,0.0,0.0,100.0,-7.0,7.0,8.0,19.0,1.0,45.0,16.315994,0.0,0.0,15.0,98.09496,3.0,3.0,0.0,73.73733,0.0
73.0,200.63936,1.0,61.0,42.35806,0.0,0.0,100.0,-7.0,7.0,8.0,46.778362,4.0,14.0,0.0,0.0,0.0,17.018059,53.471554,2.0,3.1860697,2.0,23.433964,0.0
84.0,387.54062,36.17414,166.13455,12.0,0.0,0.0,100.0,-7.0,7.0,8.0,12.0,0.0,25.0,-7.0,0.0,0.0,41.310482,-8.0,4.0,2.0,0.0,75.0,0.0
86.0,160.15866,-9.0,105.354614,20.0,0.0,0.0,96.0,30.363565,6.0,6.0,12.939821,3.0,24.939405,7.0,1.053305,1.0,1.0,-8.0,3.0,-8.0,0.0,19.393858,0.0
75.0,391.11594,14.0,180.49191,25.0,0.0,0.0,100.0,-7.0,7.0,8.0,28.0,1.0,16.0,11.118546,0.0,0.0,48.404976,-8.0,6.0,2.0,1.0,67.0,0.0
79.0,259.51334,4.915227,89.18954,19.0,0.0,0.0,100.0,-7.0,7.0,8.0,19.0,2.0,66.399956,0.0,1.0,1.0,70.0015,96.63681,3.0,3.0,4.0,97.89855,0.0
77.0,184.18723,1.0,59.89875,22.0,0.0,0.0,100.0,-7.0,7.0,8.0,24.0,2.0,33.0,0.0,0.0,0.0,3.0,71.09315,3.0,4.0,1.0,50.99957,0.0
75.0,166.04214,4.0,79.0,33.439434,0.0,0.0,94.0,5.8294263,6.0,6.0,38.400517,4.0,45.0,0.0,1.0,1.0,19.21084,90.58333,4.0,2.0,0.0,62.31195,0.0
69.0,366.6442,9.0,98.22411,28.0,0.0,0.0,83.29493,3.2375453,4.0,6.0,27.455584,0.0,31.0,0.0,2.0,2.0,11.273582,-8.0,2.0,3.0,1.0,44.179703,0.0
5.8663335,65.50592,5.0,21.98992,14.6578045,4.3768234,1.0,77.751686,3.9318962,3.6082299,5.208882,16.0,2.0,29.316582,1.0,0.0,0.0,2.0,70.77029,1.0,3.5728214,0.0,50.0,0.0
70.422104,131.76678,3.0,35.836166,17.0,0.0,0.0,100.0,-7.0,7.0,8.0,18.0,4.0,33.0,0.0,0.0,0.0,50.31525,76.0,5.0,3.0,2.0,67.0,0.0
79.0,174.79843,10.485431,74.1352,23.0,0.0,0.0,100.0,-7.0,7.0,8.0,23.0,0.0,50.0,10.2818,0.0,0.0,42.91458,85.70662,1.0,2.0,0.0,75.0,0.0
-9.0,-9.0,-9.0,-9.0,-9.0,-9.0,-9.0,-9.0,-9.0,-9.0,-9.0,-9.0,-9.0,-9.0,-9.0,-9.0,-9.0,-9.0,-9.0,-9.0,-9.0,-9.0,-9.0,0.0
68.440704,227.32759,17.0,82.0,39.0,2.0,0.0,85.32245,-1.2571546,0.34942427,5.0,35.0,0.0,38.0,0.0,0.0,0.0,2.0,-8.0,3.0,2.0,0.0,60.0,0.0
73.38034,462.46408,4.0,116.16177,28.0,0.0,0.0,100.0,-7.0,7.0,8.0,22.0,2.0,21.0,-7.0,0.0,0.0,59.67609,59.36187,7.0,1.0,1.0,56.03022,0.0
80.0,233.43672,5.0,83.0,35.69677,0.0,0.0,100.0,-7.0,7.0,8.0,31.0,1.0,20.0,0.0,1.0,1.0,19.92033,25.00695,3.0,2.0,0.0,33.0,0.0
73.0186,190.48445,33.1881,110.9444,9.254468,1.565001,1.0,78.04932,38.164738,6.0,1.2904449,7.811072,0.0,62.455803,-8.0,0.0,0.0,0.0,-8.0,1.0,1.0,0.0,48.745487,0.0
76.0,173.16003,7.6744823,60.27863,18.0,0.0,0.0,100.0,-7.0,7.0,8.0,15.0,2.0,25.0,4.665849,0.0,0.0,33.793922,-8.0,5.0,2.0,1.0,100.0,0.0
69.0,364.39944,6.0,102.360886,42.480957,0.0,0.0,100.0,-7.0,7.0,8.0,42.36463,4.0,0.4894288,0.0,2.0,2.0,13.007895,80.0,9.0,1.0,3.0,33.0,0.0
76.6473,162.7984,16.0,68.287926,16.036493,0.0,0.0,100.0,-7.0,7.0,8.0,13.0,0.0,63.64236,0.0,2.0,1.0,59.521336,93.0,1.0,2.0,1.0,77.480644,0.0
-9.0,-9.0,-9.0,-9.0,-9.0,-9.0,-9.0,-9.0,-9.0,-9.0,-9.0,-9.0,-9.0,-9.0,-9.0,-9.0,-9.0,-9.0,-9.0,-9.0,-9.0,-9.0,-9.0,0.0
83.0,146.02673,32.479034,68.0,20.0,0.0,0.0,100.0,-7.0,7.0,8.0,19.0,0.0,47.098495,0.0,1.0,1.0,2.0,61.898945,2.0,1.0,0.0,63.059063,0.0
70.0,375.68365,1.0,78.78153,47.775974,0.0,0.0,97.0,66.798836,6.0,6.0,61.758915,9.332774,13.0,0.0,2.0,2.0,9.0,76.2773,11.456947,2.0,1.2515801,50.0,0.0
79.0,144.63083,2.7223182,75.0,37.081326,0.0,0.0,96.0,80.98947,6.0,6.0,34.0,4.0,50.0,0.0,1.0,1.0,26.392042,87.02584,4.0,3.0,0.0,72.21965,0.0
87.0,272.403,4.0,89.624825,22.0,0.0,0.0,97.0,39.918377,6.0,6.0,22.0,1.0,31.0,-8.0,0.0,0.0,7.0,-8.0,2.68444,2.0,0.0,50.0,0.0
-9.0,-9.0,-9.0,-9.0,-9.0,-9.0,-9.0,-9.0,-9.0,-9.0,-9.0,-9.0,-9.0,-9.0,-9.0,-9.0,-9.0,-9.0,-9.0,-9.0,-9.0,-9.0,-9.0,0.0
75.34094,271.84723,6.0,103.21939,23.0,1.0,1.0,96.0,66.244125,6.0,4.126725,22.0,1.0,25.728724,0.0,0.0,0.0,-0.23208807,82.84491,-9.0,1.0,0.0,26.899961,0.0
55.242573,225.44511,3.997208,68.705345,21.0,6.932592,6.287624,52.035873,9.620743,6.0,2.0,24.0,1.0,29.917257,0.0,4.2674975,4.360179,21.0,67.93095,4.0,4.0,2.6795955,63.0,0.0
67.0,479.83383,7.0,131.52286,32.0,0.0,0.0,92.0,33.969707,6.0,6.0,37.0,1.0,42.0,-7.0,1.0,1.0,44.14537,50.574436,8.0,3.0,1.0,75.0,0.0
88.8911,161.91597,21.32317,81.30914,19.0,0.0,0.0,100.0,-7.0,7.0,8.0,20.0,0.0,35.0,0.0,0.0,0.0,14.0,45.997383,1.0,2.0,0.0,33.0,0.0
72.61849,198.81949,21.548735,140.74503,36.932163,0.0,0.0,100.0,-7.0,7.0,8.0,7.0,0.0,27.0,-7.0,0.0,0.0,91.73497,24.234917,7.734096,2.0,2.0,70.0,0.0
-9.0,-9.0,-9.0,-9.0,-9.0,-9.0,-9.0,-9.0,-9.0,-9.0,-9.0,-9.0,-9.0,-9.0,-9.0,-9.0,-9.0,-9.0,-9.0,-9.0,-9.0,-9.0,-9.0,0.0
84.0,207.89795,7.0,75.50936,21.0,0.0,0.0,92.0,41.26546,6.0,6.0,34.0,3.0,28.0,11.320098,0.0,0.0,1.0,-8.0,2.0,1.0,0.0,38.0,0.0
86.0,249.58392,51.914524,119.84078,3.3666565,0.0,0.0,100.0,-7.0,7.0,8.0,8.060854,0.0,17.290956,13.007272,0.0,0.0,0.0,-8.0,4.0,-8.0,0.0,88.19141,0.0
88.43927,91.40716,2.0,97.0,14.0,0.0,0.0,100.0,-7.0,7.0,8.0,14.0,1.0,20.0,-7.0,1.0,1.0,0.0,-8.0,1.0,2.0,0.0,38.75683,0.0
75.0,164.07147,2.0,64.39462,14.943304,0.0,0.0,96.0,63.61912,6.0,5.0,18.0,4.0,43.0,12.0,0.0,0.0,18.731714,26.085476,2.0,3.0,2.0,50.0,0.0
75.0,316.019,3.0,87.48722,29.806833,0.0,0.0,100.0,-7.0,7.0,8.0,37.365067,3.0,30.0,0.0,3.5853796,3.7271593,40.05181,-8.0,4.0,2.0,1.0,63.0,0.0
76.48648,338.17334,27.159714,135.13716,12.0,0.0,0.0,100.0,-7.0,7.0,8.0,9.689823,0.0,18.0,1.0,0.0,0.0,58.169987,-8.0,4.0,2.0,3.0,77.352646,0.0
-9.0,-9.0,-9.0,-9.0,-9.0,-9.0,-9.0,-9.0,-9.0,-9.0,-9.0,-9.0,-9.0,-9.0,-9.0,-9.0,-9.0,-9.0,-9.0,-9.0,-9.0,-9.0,-9.0,0.0
77.0,204.97748,2.0,81.0,41.531227,0.0,0.0,97.0,19.665709,6.0,6.0,47.7517,4.0,31.156836,1.0,2.0,2.0,7.738184,64.54087,5.742607,5.814602,0.0,63.0,0.0
85.0,213.68477,17.0,122.2831,11.650937,0.0,0.0,100.0,-7.0,7.0,8.0,14.0,0.0,74.20561,0.0,1.0,1.0,1.0,87.11323,2.0,1.0,0.0,67.0,0.0
85.41345,225.1137,8.0,102.037,31.0,0.0,0.0,100.0,-7.0,7.0,8.0,28.376099,1.0,37.975792,13.382897,0.0,0.0,15.166069,69.06362,7.0,2.0,0.0,50.38967,0.0
84.55878,173.11554,1.0,59.731808,21.0,0.0,0.0,93.66408,14.726555,6.0,6.0,23.0,4.0,27.0,3.0,2.0,2.0,1.0,-8.0,3.0,2.0,0.0,50.0,0.0
82.82797,110.79417,4.0,43.641716,23.0,0.0,0.0,100.0,-7.0,7.0,8.0,22.0,8.4881,42.465366,5.4997454,0.0,0.0,2.9908965,58.395275,4.0,4.0,0.0,60.0,0.0
73.0,402.50967,-9.0,68.8697,25.0,0.0,0.0,86.166916,0.2692076,4.0,6.0,32.0,2.0,41.240955,16.0,1.0,1.0,16.0,-8.0,3.0,6.0,0.0,60.0,0.0
78.0,277.79547,2.0,133.10815,43.837723,0.0,0.0,100.0,-7.0,6.0,6.0,8.0,2.0,8.423085,8.362511,0.0,0.0,16.728918,-8.0,12.440881,1.0,1.0,44.171185,0.0
72.64325,147.93105,6.0,75.0,15.0,0.0,0.0,100.0,-7.0,7.0,8.0,12.0,2.0,15.0,0.0,1.0,1.662986,52.549313,40.92404,5.0,2.0,1.0,81.99173,0.0
71.0,198.97864,8.0,61.52093,15.0,0.0,0.0,94.0,36.22197,6.0,6.0,18.798712,3.0,29.0,1.0,0.0,0.0,41.521137,75.43146,2.0,1.8003016,1.0,25.0,0.0
75.0,302.518,7.0,109.9629,44.703373,0.0,0.0,96.0,43.30512,6.0,6.0,38.808533,2.0,15.159418,7.6842813,0.0,0.0,22.598455,82.898994,14.453744,1.0,0.0,56.0,0.0
83.0,490.9974,4.0,183.6828,19.670692,0.0,0.0,100.0,-7.0,7.0,8.0,24.0,2.0,19.815893,-7.0,0.0,0.0,13.28368,91.0,7.0,2.0,0.0,63.0,0.0
86.0,360.0127,3.0,76.0,28.0,0.0,0.0,100.0,-7.0,7.0,8.0,30.0,4.0,20.0,0.0,0.0,0.0,10.0,-8.0,1.0,2.0,0.0,19.812088,0.0
91.790955,99.8048,13.422815,122.55345,24.0,0.0,0.0,100.0,-7.0,7.0,8.0,-9.0,1.0,19.0,-7.0,1.0,1.0,1.0,-8.0,4.0,1.0,0.0,55.01906,0.0
74.0,-9.0,2.0,71.0,14.509535,0.0,0.0,100.0,-7.0,7.0,8.0,7.0,1.0,31.0,0.0,3.0,3.0,73.414955,96.317276,3.0,3.0,0.0,73.0,0.0
84.0,165.70804,17.31369,69.46713,17.0,0.0,0.0,100.0,-7.0,7.0,8.0,17.568449,0.0,48.216908,-7.0,0.0,0.0,15.847377,82.0,1.0,2.0,0.0,56.0,0.0
80.40232,104.70187,-7.769083,57.687443,9.0,0.0,0.0,100.0,-7.0,7.0,8.0,10.037276,2.0,74.747,4.0,1.0,1.0,36.0,92.979416,2.0,4.0,0.0,75.0,0.0
62.986618,125.75512,1.421137,49.407265,12.0,0.0,0.0,84.142975,3.0,6.0,6.0,10.0,1.0,9.1094,0.0,1.0,1.0,29.32189,-8.0,5.9215693,1.0,1.0,60.0,0.0
89.25747,248.78459,19.930922,84.0,19.014917,0.0,0.0,100.0,-7.0,7.0,8.0,17.0,0.0,31.0,14.799058,0.0,0.0,9.947062,-8.0,2.0,1.0,0.0,56.880535,0.0
81.0,178.22922,3.0,77.0,36.0,0.0,0.0,100.0,-7.0,6.0,8.0,41.690952,1.0,45.0,1.0,2.0,2.0,14.261431,93.0,6.0,3.0,0.0,77.9025,0.0
87.0,197.81607,31.603933,162.60464,15.0,0.0,0.0,97.044235,-7.0,6.0,6.0,9.0,0.0,44.88301,-8.0,0.0,0.0,0.0,45.65868,1.0,2.0,0.0,30.154354,0.0
78.0,131.8724,12.0,67.0,25.0,0.0,0.0,100.0,-7.0,7.0,8.0,28.0,0.0,24.0,0.0,0.0,0.0,35.340656,-8.0,7.0,1.0,1.0,70.85209,0.0
-9.0,-9.0,-9.0,-9.0,-9.0,-9.0,-9.0,-9.0,-9.0,-9.0,-9.0,-9.0,-9.0,-9.0,-9.0,-9.0,-9.0,-9.0,-9.0,-9.0,-9.0,-9.0,-9.0,0.0
68.0,282.77365,3.0,74.280556,17.0,0.0,0.0,100.0,-7.0,7.0,8.0,19.0,2.0,40.0,1.0,3.0,2.0,67.359436,80.77644,4.0,3.0,3.0,83.15894,0.0
82.0,239.96516,2.0,78.316154,39.0,0.0,0.0,100.0,-7.0,7.0,8.0,39.673447,2.0,11.145052,0.0,0.0,0.0,6.0,-8.0,7.0,1.0,0.0,44.0,0.0
69.531006,205.92654,16.200735,82.0602,33.0,0.0,0.0,95.40815,22.243835,6.0,6.0,44.72741,0.0,58.252037,12.433865,0.0,0.0,30.881681,82.0,5.0,9.803422,0.0,76.12477,0.0
86.0,156.26834,2.0,80.0,43.881737,0.0,0.0,96.0,62.208134,6.0,6.0,41.17303,3.0,5.8503017,2.0,4.0,3.7337725,8.7979145,-8.0,4.631951,-0.92059344,0.0,43.0,0.0
-9.0,-9.0,-9.0,-9.0,-9.0,-9.0,-9.0,-9.0,-9.0,-9.0,-9.0,-9.0,-9.0,-9.0,-9.0,-9.0,-9.0,-9.0,-9.0,-9.0,-9.0,-9.0,-9.0,0.0
78.0,71.543,8.0,58.616474,26.468374,0.0,0.0,84.40292,54.22963,6.0,6.0,30.835796,2.0,35.669468,0.0,0.0,0.0,17.0,79.73135,2.0,3.0,0.0,79.60967,0.0
83.0,159.38536,17.050407,74.0,21.0,1.0,0.0,92.975685,49.49332,6.0,5.0,26.0,0.0,15.478481,0.0,1.0,1.0,0.0,-8.0,2.0,1.0,1.0,33.794,0.0
89.0,258.3991,3.0,94.469574,29.0,0.0,0.0,100.0,-7.0,7.0,8.0,30.805527,2.0,20.0,1.0,0.0,0.0,9.0,95.03192,3.0,2.0,0.0,50.0,0.0
85.0,194.359,17.826122,88.833885,17.0,0.0,0.0,100.0,-7.0,7.0,8.0,23.0,0.0,32.095516,3.0,0.0,0.0,12.963861,-8.0,4.0,1.0,0.0,51.219074,0.0
91.0,132.6774,6.0,85.29971,30.884567,0.0,0.0,100.0,-7.0,7.0,8.0,34.0,1.0,36.15376,0.0,2.0,2.0,11.0,79.80261,1.0,4.0,0.0,62.316658,0.0
62.62456,315.003,3.1322672,93.79089,17.0,2.637274,1.0,70.81623,24.05518,6.0,5.0,21.0,2.0,29.0,0.0,1.0,1.0,56.72049,53.19216,6.0,2.0,1.0,80.0,0.0
73.0,342.723,1.0,119.681786,32.0,0.0,0.0,100.0,53.77853,6.0,6.0,38.0,3.0,20.0,-7.0,2.0,2.0,50.790417,110.90931,7.0,3.0,2.0,75.0,0.0
76.304695,148.72647,2.0,35.84262,25.0,0.0,0.0,100.0,-7.0,7.0,8.0,27.0,9.892569,14.0,0.0,4.0,4.0,8.0,-8.0,2.0,1.0,0.0,24.200186,0.0
73.0,113.22089,2.0,41.20066,41.13765,0.0,0.0,100.0,-7.0,7.0,8.0,44.052902,2.0,13.561997,0.0,2.0,2.0,27.261354,62.679134,3.0,2.0,0.0,20.765808,0.0
79.0,220.04224,3.0,63.294846,30.965843,0.0,0.0,100.0,-7.0,7.0,8.0,51.105034,5.0,26.0,0.0,2.0,2.0,0.0,58.328342,2.0,4.0,0.0,25.0,0.0
75.0,195.38742,3.0,60.850937,21.796463,0.0,0.0,97.0,49.69616,6.0,6.0,23.0,2.0,41.77376,4.0,2.0,2.0,25.0,75.34865,4.0,1.0,0.0,63.31606,0.0
85.0,335.5427,1.0,58.367462,23.0,0.0,0.0,100.0,-7.0,7.0,8.0,25.068794,8.524515,46.0,2.0,1.0,1.0,7.0,143.26912,3.0,4.9908004,0.0,50.0,0.0
89.0,139.35472,27.134344,73.166176,10.40392,0.0,0.0,100.0,-7.0,7.0,8.0,11.0,0.0,42.0,0.0,0.0,0.0,1.0,-8.0,1.0,1.0,0.0,40.0,0.0
74.0,309.31738,7.0,163.77144,8.0,2.0,2.0,91.0,47.435726,6.0,5.0,3.996285,0.85644346,31.0,-7.0,0.0,0.0,28.0,45.246387,2.0,1.0,0.0,56.0,0.0
87.0,229.35092,27.299692,112.25398,16.18057,0.0,0.0,100.0,-7.0,7.0,8.0,14.683029,0.0,29.503763,-7.0,0.0,0.0,1.0,68.19301,1.0,2.0,0.0,44.0,0.0
72.0,207.56493,7.0,94.92703,11.947627,0.0,0.0,88.0,27.408144,6.0,6.0,11.0,1.0,21.363932,-8.0,0.0,0.0,36.988586,99.19084,3.0,1.0,0.0,90.33598,0.0
74.0,245.12915,7.0,86.48704,20.0,0.0,0.0,100.0,-7.0,7.0,8.0,21.0,1.0,9.435257,0.0,1.0,1.0,52.925846,-8.0,7.0,-8.0,3.0,89.24675,0.0
80.0,112.68541,3.0,31.426777,12.0,0.0,0.0,100.0,-7.0,7.0,8.0,12.238577,2.0,46.0,0.0,0.0,0.0,3.0,78.11756,2.0,2.0,0.0,50.0,0.0
92.49431,168.71906,15.0,90.148544,13.0,0.0,0.0,100.0,-7.0,7.0,8.0,18.0,0.0,17.729654,1.0,1.0,1.0,1.0,-8.0,0.0,-8.0,0.0,16.804457,0.0
75.62548,192.20947,3.0,86.0,12.0,0.0,0.0,90.60777,52.07096,6.0,5.975639,14.151441,1.0,76.182396,9.0,0.0,0.0,5.0,71.0,1.0,2.0,0.0,90.74133,0.0
66.0,190.87393,2.0,93.37741,32.0,0.0,0.0,91.0,8.19368,6.0,6.0,43.578606,2.0,30.0,-7.0,4.0,4.0,65.33147,-8.0,9.0,1.0,1.0,100.0,0.0
84.0,93.859474,20.0,72.0,14.0,0.0,0.0,95.0,28.894575,6.0,6.0,11.0,0.0,61.922573,1.0,1.0,1.0,0.0,65.24178,1.0,1.0,0.0,29.594341,0.0
90.0,302.7692,7.0,108.622536,11.617023,0.0,0.0,100.0,-7.0,7.0,8.0,11.0,2.0,22.17701,21.172367,0.0,0.0,0.0,-8.0,1.0,-8.0,0.0,21.63803,0.0
84.0,125.0842,2.0,64.66529,14.0,0.0,0.0,100.0,-7.0,7.0,8.0,13.0,2.0,9.474394,0.0,4.0,4.0,1.0,62.71929,2.0,1.0,0.0,39.42267,0.0
83.63636,483.60446,4.0,116.107605,22.255653,0.0,0.0,100.0,-7.0,7.0,8.0,23.0,2.0,46.29513,12.295208,0.0,0.0,9.0,89.93953,3.0,2.0,0.0,57.0,0.0
78.0,-8.0,2.0,45.857773,15.803475,0.0,0.0,100.0,-7.0,7.0,8.0,14.0,3.0,63.699425,0.0,1.0,1.0,64.84909,90.2635,2.0,3.0,0.0,100.0,0.0
83.0,122.08394,3.0,67.0,25.0,0.0,0.0,100.0,-7.0,7.0,8.0,24.0,1.0,20.0,0.0,4.0,4.0,2.0,-8.0,2.0,-8.0,0.0,43.0,0.0
84.0,243.5738,4.0,101.000916,40.16311,0.0,0.0,96.0,53.536697,6.0,6.0,36.44741,3.0,16.0,-7.0,4.0,4.0,6.0,82.0,4.292869,2.0,0.0,38.1585,0.0
69.0,159.30553,10.0,63.396503,24.0,2.0,2.9584084,93.0,44.448143,6.0,-6.6767316,27.0,0.0,36.0,2.0,1.0,1.0,74.44654,53.825768,4.0,3.0,5.2150526,58.0,0.0
-9.0,-9.0,-9.0,-9.0,-9.0,-9.0,-9.0,-9.0,-9.0,-9.0,-9.0,-9.0,-9.0,-9.0,-9.0,-9.0,-9.0,-9.0,-9.0,-9.0,-9.0,-9.0,-9.0,0.0
88.0,292.23914,5.0,80.0,15.809639,0.0,0.0,100.0,-7.0,7.0,8.0,9.0,1.0,17.29097,0.0,1.0,1.0,1.0,-8.0,3.0,1.0,0.0,41.81736,0.0
78.77711,194.17699,2.0,118.536575,70.081245,1.0,0.0,94.0,29.781116,6.0,5.0,62.38507,1.0,14.0,-7.0,0.0,0.0,6.0,-8.0,5.0,2.0,0.0,45.74452,0.0
76.0,332.05307,8.0,74.0,32.0,0.0,0.0,100.0,-7.0,7.0,8.0,36.731167,3.0,33.369038,0.0,0.0,0.0,27.054464,87.20237,5.0,2.0,1.0,83.0,0.0
63.04416,379.62213,2.0,71.50365,30.0,0.0,0.0,100.0,-7.0,7.0,8.0,34.842815,4.0,31.952015,0.0,3.0,3.3156765,79.62673,-8.0,8.0,2.0,9.211959,80.0,0.0
66.0,183.73123,7.0,72.0,26.0,0.0,0.0,88.44444,27.988924,6.0,6.0,30.0,2.0,27.0,0.0,0.0,0.0,49.514282,53.978424,4.0,2.0,1.0,50.0,0.0
71.63153,213.8084,3.0,86.280365,20.55846,0.0,0.0,95.0,16.835098,6.0,6.0,21.539583,1.0,25.0,0.0,0.0,0.0,37.854492,100.0,2.9311097,2.0,1.0,74.71918,0.0
71.0,130.57082,9.422133,75.0,52.584534,0.0,0.0,100.0,-7.0,7.0,8.0,36.21465,2.0,19.0,11.305759,0.0,0.0,33.778263,65.4028,6.0,2.0,0.0,40.0,0.0
84.0,222.23598,8.0,93.0,39.00339,0.0,0.0,100.0,-7.0,7.0,8.0,41.34888,1.0,31.0,7.0,1.0,1.0,11.0,41.58919,1.0,2.0,0.0,33.0,0.0
84.0,212.30103,4.0,109.680435,8.588226,0.0,0.0,93.0,-7.0,6.0,6.0,12.518524,0.0,24.0,2.0,2.6621888,3.0,0.0,93.83886,2.0,2.0,0.0,60.0,0.0
77.226425,35.257656,11.0,63.50342,15.0,0.0,0.0,100.0,-7.0,7.0,8.0,13.0,0.0,36.020306,0.0,0.0,0.0,45.098194,61.32677,4.0,2.0,0.0,86.0,0.0
81.0,125.52577,1.0,68.0,41.74662,0.0,0.0,97.331055,79.77575,6.0,6.0,44.101738,2.0,30.0,0.0,2.0,1.0,15.0,-8.0,1.0,3.0,0.0,57.344044,0.0
-9.0,-9.0,-9.0,-9.0,-9.0,-9.0,-9.0,-9.0,-9.0,-9.0,-9.0,-9.0,-9.0,-9.0,-9.0,-9.0,-9.0,-9.0,-9.0,-9.0,-9.0,-9.0,-9.0,0.0
89.0,185.51144,4.0,99.7578,30.0,0.0,0.0,100.0,-7.0,7.0,8.0,32.152283,1.6255817,36.0,8.0,0.0,0.0,10.0,68.787346,2.0,2.0,0.0,50.0,0.0
-9.0,-9.0,-9.0,-9.0,-9.0,-9.0,-9.0,-9.0,-9.0,-9.0,-9.0,-9.0,-9.0,-9.0,-9.0,-9.0,-9.0,-9.0,-9.0,-9.0,-9.0,-9.0,-9.0,0.0
81.0,290.4703,5.0,69.21437,42.215725,0.0,0.0,100.0,-7.0,7.0,8.0,40.68663,2.0,47.237804,0.0,0.0,0.0,13.983343,-8.0,2.0,3.0,0.0,50.0,0.0
83.0,191.68396,7.0,119.2223,22.0,0.0,0.0,100.0,-7.0,7.0,8.0,23.0,1.0,14.0,6.843993,0.0,0.0,13.0,-8.0,5.0,2.0,1.0,67.0,0.0
79.0,103.56037,3.0050378,58.48027,18.0,0.0,0.0,100.0,-7.0,7.0,8.0,19.0,3.0,29.0,8.032163,0.0,0.0,42.15631,-8.0,4.0,1.0,0.0,57.258648,0.0
70.0,390.3432,8.0,165.19585,24.0,1.0,0.0,91.300705,23.685698,6.0,5.712986,25.0,0.0,39.0,0.0,1.0,1.0,27.760939,61.827633,7.0,3.0,1.0,73.299515,0.0
-9.0,-9.0,-9.0,-9.0,-9.0,-9.0,-9.0,-9.0,-9.0,-9.0,-9.0,-9.0,-9.0,-9.0,-9.0,-9.0,-9.0,-9.0,-9.0,-9.0,-9.0,-9.0,-9.0,0.0
79.0,177.87347,10.0,86.0,33.73191,0.0,0.0,100.0,-7.0,7.0,8.0,34.842754,1.0,17.071543,0.0,1.0,1.0,29.737446,32.136585,7.0,3.0,0.0,75.0,0.0
68.0,194.6919,5.0,70.182526,39.0,0.0,0.0,95.0,21.508827,6.0,6.0,44.97263,6.0,21.0,0.0,3.0,2.0,18.0,70.75617,4.0,2.0,0.0,32.095325,0.0
81.0,182.19069,34.383987,141.52641,10.0,0.0,0.0,100.0,-7.0,7.0,8.0,9.715937,0.0,68.916046,-7.0,0.0,0.0,14.969264,-8.0,2.4584646,-8.0,0.0,100.0,0.0
-9.0,211.28838,132.55815,253.64151,14.821817,3.9416666,3.081978,63.100414,-7.0,-9.0,6.0,31.0,0.0,41.86123,-7.0,2.0,1.0,10.544479,-8.0,3.0,1.0,0.0,100.0,0.0
69.0,125.51508,5.9793286,62.199013,28.0,0.0,0.0,100.0,-7.0,7.0,8.0,26.0,5.0,40.272316,-6.136122,10.071002,6.8607183,22.958605,89.21449,3.0,2.0,0.0,60.0,0.0
86.0,357.69022,16.523903,137.5928,10.0,0.0,0.0,100.0,-7.0,7.0,8.0,10.0,0.0,0.0,5.6728024,0.0,0.0,13.019401,-8.0,1.0,1.0,0.0,44.0,0.0
86.72856,295.29575,17.0,135.67395,28.0,0.0,0.0,100.0,-7.0,7.0,8.0,37.0,0.0,13.0,-7.0,0.0,0.0,0.0,-8.0,1.0,1.0,0.0,15.64598,0.0
66.0,78.00367,2.0,-9.0,10.0,0.0,0.0,100.0,-7.0,7.0,8.0,19.0,7.734445,17.621025,-7.0,4.0,4.0,34.972813,58.85566,4.0,2.0,1.0,53.691765,0.0
46.316334,-1.8989223,8.0,39.686573,10.0,0.0,0.0,83.07686,13.369125,4.133869,6.0,11.0,1.0,74.39865,-7.0,1.0,1.0,68.357086,74.70559,2.0,2.0,0.0,75.11312,0.0
66.0,169.63527,1.0,66.168625,18.0,0.0,0.0,95.0,23.411297,6.0,6.0,21.0,4.0,26.602602,0.0,17.355694,17.026579,60.53558,49.768337,5.0,2.0,1.0,60.0,0.0
86.14346,262.78415,20.0,96.43599,26.0,0.0,0.0,100.0,-7.0,7.0,8.0,26.0,0.0,40.0,-8.0,0.0,0.0,2.0,-8.0,3.0,3.8777595,0.0,67.0,0.0
68.81391,82.76523,4.4158063,55.24467,34.28669,0.0,0.0,100.0,-7.0,7.0,8.0,34.382942,6.0,20.0,-7.0,0.0,0.0,30.364511,82.0,8.717239,2.504489,5.609666,43.03348,0.0
85.0,281.04678,12.0,116.96031,25.0,0.0,0.0,100.0,-7.0,7.0,8.0,37.0,1.0,32.0,23.554419,0.0,0.0,2.0,82.0,2.0,1.0,0.0,38.434437,0.0
74.657104,152.15236,3.0,61.0,20.0,0.0,0.0,100.0,-7.0,7.0,8.0,21.151186,2.0,23.0,-7.0,1.0,1.0,22.750963,48.98034,3.0,2.0,0.0,71.0,0.0
65.46321,258.39172,5.809143,84.99834,30.0,0.0,0.0,100.0,-7.0,7.0,8.0,31.0,1.8985927,38.886574,-8.0,0.0,0.0,32.0,89.86069,6.0,3.0,4.0,85.191246,0.0
72.0,188.73157,2.0,57.307873,27.0,1.0,1.0,95.0,66.25709,6.0,4.0,27.0,3.0,24.0,0.0,2.0,1.9136567,18.0,62.670284,9.0,3.0,0.0,75.8329,0.0
78.0,182.8059,18.508545,87.91414,28.0,0.0,0.0,100.0,-7.0,7.0,8.0,27.0,0.0,21.04259,0.0,0.0,0.0,50.94782,-8.0,2.4335759,1.0,2.0,43.0,0.0
84.0,177.56985,23.776634,69.43703,6.0,0.0,0.0,100.0,-7.0,7.0,8.0,7.2563033,0.0,22.0,0.0,1.0,1.0,9.0,-8.0,1.0,1.0,0.0,60.0,0.0
65.54082,139.27194,14.0,98.38841,14.0,1.0,0.0,79.273834,11.811162,5.572154,6.0,17.0,0.0,29.0,1.0,3.0,2.0,32.0,-8.0,4.0,1.0,2.0,87.26967,0.0
84.0,374.57297,6.0,99.92444,37.778698,0.0,0.0,100.0,-7.0,7.0,8.0,37.0,1.1848046,29.0,0.0,0.0,0.0,13.0,56.102303,4.0,4.0,0.0,44.0,0.0
65.0,-2.876711,2.0,45.17857,28.0,1.0,1.0,86.22731,29.11974,6.0,3.0,28.92546,6.0,49.374924,0.0,1.0,1.0,36.345352,30.69346,7.0,4.0,0.0,100.0,0.0
83.0,231.82771,5.0,80.722244,26.240158,0.0,0.0,95.0,79.01675,6.0,6.0,17.0,2.0,28.0,-7.0,1.0,1.0,7.0,-8.0,4.0,1.0,0.0,50.852337,0.0
-9.0,-9.0,-9.0,-9.0,-9.0,-9.0,-9.0,-9.0,-9.0,-9.0,-9.0,-9.0,-9.0,-9.0,-9.0,-9.0,-9.0,-9.0,-9.0,-9.0,-9.0,-9.0,-9.0,0.0
77.0,192.37558,22.260069,73.56851,25.0,0.0,0.0,97.0,30.013407,6.0,6.0,30.400768,0.0,52.73311,1.736698,0.0,0.0,24.528933,-8.0,3.0,2.0,1.0,71.0,0.0
79.0,60.903133,3.0,63.0,11.0,0.0,0.0,100.0,-7.0,7.0,8.0,0.74993205,3.0,17.0,0.0,2.8066778,3.0,13.0,-8.0,3.0,1.0,0.0,64.0,0.0
85.0,219.31184,2.0,136.33739,21.856464,0.0,0.0,97.0,28.461601,6.0,6.0,26.0,2.0,42.0,0.0,5.0,5.0,1.0,-8.0,3.0,4.4925804,0.0,60.0,0.0
68.0,113.87196,7.0,62.672047,3.5251038,1.0,0.0,75.285,30.673294,6.0,5.0,7.205874,1.0,48.988224,-7.0,0.0,0.0,81.849815,-8.0,3.0,1.0,0.0,100.0,0.0
69.0,206.88252,3.0,67.0,37.24771,0.0,0.0,97.0,20.385609,6.0,6.0,43.43914,3.2967846,39.384846,0.0,0.0,0.0,29.707373,-8.0,7.0,5.0,2.0,67.0,0.0
81.0,271.10965,16.361622,92.50728,24.0,0.0,0.0,91.35116,27.23231,6.0,6.0,32.520607,0.0,22.0,-8.0,0.0,0.0,5.0,-8.0,2.0,1.0,0.0,43.0,0.0
83.9102,185.32104,7.7285438,86.15914,25.0,0.0,0.0,100.0,-7.0,7.0,8.0,24.0,1.0,40.3898,0.0,0.0,0.0,15.0,56.869495,3.0,2.0,0.0,43.0,0.0
77.0,287.2231,1.6804638,92.0,28.0,0.0,0.0,100.0,-7.0,7.0,8.0,30.0,1.0,16.0,17.81807,0.0,0.0,20.197483,98.296425,4.0,2.0,2.0,56.0,0.0
89.0,387.31342,15.0,136.17532,24.0,0.0,0.0,100.0,-7.0,7.0,8.0,25.0,1.0,40.0,0.0,0.0,0.0,4.0,89.79596,2.0,3.0,0.0,46.68017,0.0
69.0,71.68011,3.0,53.501453,16.0,0.0,0.0,100.0,-7.0,7.0,8.0,21.0,1.0,19.0,1.0,4.168521,5.0,80.20778,40.77033,4.0,1.0,0.0,72.07873,0.0
77.0,277.38394,2.0,77.0,42.191463,0.0,0.0,100.0,-7.0,6.0,8.0,34.0,2.0,14.684589,0.0,2.0,2.0,1.0,12.859103,3.0,1.0,0.0,33.0,0.0
75.0,408.51434,11.39662,70.529465,25.222725,0.0,0.0,100.0,-7.0,7.0,8.0,22.262886,0.0,33.0,0.0,1.0,1.0,32.0,52.232723,9.92603,3.0,1.0,85.31654,0.0
88.0,365.47488,10.0,104.38241,17.0,0.0,0.0,100.0,-7.0,7.0,8.0,15.0,1.0,33.0,-7.4952807,0.0,0.0,2.0,90.34273,2.0,2.0,0.0,75.0,0.0
80.0,242.62799,1.0,80.450584,43.0441,0.0,0.0,100.0,-7.0,7.0,8.0,29.0,3.0,24.0,0.0,1.0,1.0,13.137336,72.43508,7.0,6.6056027,2.0,58.0,0.0
71.0,261.78207,2.0,71.0,22.401455,0.0,0.0,100.0,-7.0,7.0,8.0,21.0,1.0,33.962753,0.0,0.0,0.0,56.56815,91.0,11.0,3.0,4.0,100.0,0.0
88.0,392.21017,9.0,101.00576,27.0,0.0,0.0,100.0,-7.0,7.0,8.0,25.0,0.0,17.0,0.0,0.0,0.0,1.0,-8.0,11.0,2.0,0.0,75.0,0.0
76.0,218.16025,2.0,65.576096,45.909138,0.0,0.0,84.975174,13.117569,6.0,6.0,46.079247,7.707722,15.0,0.0,3.0,2.0,4.704923,94.56412,3.0,2.0,0.0,33.0,0.0
68.0,170.70605,7.0,56.76235,14.0,0.0,0.0,100.0,-7.0,6.0,8.0,14.0,3.0,23.0,0.0,1.0,1.0,60.93886,-8.0,5.0,2.0,2.0,75.0,0.0
76.0,237.64403,19.51094,79.60604,12.0,1.0,0.0,84.28377,47.254032,6.0,5.0,15.215987,0.0,26.51778,-7.0,0.0,0.0,2.0,-8.0,3.0,1.0,0.0,67.0,0.0
77.0,133.53958,3.0,67.0,25.0,0.0,0.0,92.0,72.98927,6.0,6.0,9.0,1.0,20.0,14.979238,0.0,0.0,25.668966,79.96447,7.0,2.0,0.0,60.954292,0.0
82.0,280.4605,12.0,71.64719,21.0,0.0,0.0,100.0,-7.0,7.0,8.0,19.0,0.0,13.921273,0.0,0.0,0.0,0.6173907,-8.0,2.0,-8.0,0.0,-5.2957163,0.0
78.0,337.48492,2.0,102.79673,17.014044,0.0,0.0,94.85368,33.25597,6.0,6.0,16.0,1.0,35.0,2.0,1.0,1.0,11.986273,75.39537,2.0,2.0,0.0,44.0,0.0
87.0,-8.881918,2.0,82.46064,-9.0,0.0,0.0,100.0,-7.0,7.0,8.0,-5.220528,1.0,40.0,0.0,2.0,2.0,16.610542,-1.4558505,2.0,1.0,0.0,88.90733,0.0
71.0,335.43204,44.02381,151.54517,17.0,0.0,0.0,90.0,46.027344,6.0,6.0,15.492471,0.0,24.0,-8.191604,0.0,0.0,71.15796,32.673756,9.0,2.0,6.85381,71.0,0.0
82.0,127.629555,49.720356,83.5811,12.864613,0.0,0.0,100.0,-7.0,7.0,8.0,10.56791,0.0,50.0,0.0,1.0,1.0,0.0,19.234873,-2.4841192,2.0,0.0,50.0,0.0
69.986664,380.53653,4.0,83.0,29.025303,0.0,0.0,93.0,20.550957,6.0,6.0,22.347658,5.0,28.0,-7.0,0.0,0.0,13.320342,-8.0,13.234757,1.0,0.0,71.0,0.0
82.0,214.65143,5.0,140.5351,19.0,0.0,0.0,100.0,-7.0,7.0,8.0,24.0,3.0,24.086182,0.0,0.0,0.0,36.0,71.52391,6.0,4.0,1.0,71.0,0.0
69.0,177.81091,4.0,45.58117,27.0,0.0,0.0,100.0,-7.0,7.0,8.0,26.0,3.0,42.0,4.0,1.0,1.0,64.95031,61.99371,6.0,4.0,4.0,80.0,0.0
79.0,182.92827,15.0,110.815674,18.0,0.0,0.0,92.942665,34.39301,6.0,6.0,22.0,0.0,44.0,-8.0,1.0,1.0,1.0,-8.0,1.001305,2.0,0.0,46.187855,0.0
69.531204,286.40878,2.0,89.73724,22.0,0.0,0.0,88.0,13.416737,6.0,6.0,20.0,2.0,32.13147,0.0,0.0,0.0,36.1855,97.84519,7.0,3.0,1.0,60.0,0.0
75.0,175.82086,2.0,82.0,28.0,0.0,0.0,100.0,-7.0,7.0,8.0,27.0,4.0,24.0,0.0,5.0,5.2033052,28.0,-8.0,11.0,1.0,3.0,73.0,0.0
78.0,133.60411,9.573595,85.364105,10.949742,1.0,1.0,100.0,-7.0,7.0,8.0,16.0,0.0,27.48729,12.810237,0.0,0.0,31.715176,-8.0,1.0,2.0,0.0,60.0,0.0
82.96203,181.52512,14.164503,100.12809,12.0,0.0,0.0,95.0,75.71568,6.0,6.0,17.0,1.0,24.481077,20.46,0.0,0.0,4.5577626,-8.0,2.0,1.0,0.0,100.0,0.0
84.0,151.0483,2.0,61.91005,13.0,0.0,0.0,100.0,-7.0,7.0,8.0,13.0,1.0836995,33.0,-8.0,0.0,0.0,15.819936,83.39201,2.0,4.0,0.0,69.46486,0.0
80.0,186.98366,1.0,72.0,21.0,0.0,0.0,92.0,32.92098,6.0,6.0,20.215775,3.0,32.178604,0.0,1.0,1.085788,11.0,89.37211,1.0,2.0,0.0,56.505432,0.0
74.0,200.51562,8.0,83.91639,18.0,0.0,0.0,88.69244,41.40589,6.0,6.0,17.0,2.0,15.872361,-1.3588635,0.0,0.0,48.733448,13.728525,5.0,1.0,0.0,58.766167,0.0
84.0,141.39455,22.722439,54.00395,17.0,0.0,0.0,100.0,-7.0,7.0,8.0,13.789517,0.0,36.0,-8.0,0.0,0.0,9.0,-8.0,2.0,1.0,0.0,40.0,0.0
73.0,244.79436,2.0,126.865395,29.02981,0.0,0.0,100.0,-7.0,7.0,8.0,22.0,2.0,18.0,-8.0,0.0,0.0,37.002293,-8.0,7.0,1.0,1.0,50.0,0.0
58.66898,204.94803,5.214941,98.554085,44.647976,0.0,0.0,91.0,3.6786559,6.0,6.0,50.36374,5.0,32.50518,12.393298,0.0,0.0,55.53707,73.231834,17.364105,4.0,7.100398,100.0,0.0
69.53852,77.061356,2.0,53.033943,32.936584,0.0,0.0,100.0,-7.0,7.0,8.0,21.0,10.389264,20.0,3.0,3.0,3.0,25.0,61.254078,7.0,3.0,1.0,50.0,0.0
89.370834,152.70357,10.385658,92.03872,23.0,0.0,0.0,100.0,-7.0,7.0,8.0,20.0,1.0,36.0,3.0,0.0,0.0,11.81679,19.75451,2.0,1.0,0.0,54.54518,0.0
86.0,193.65857,7.3648944,82.272285,40.170074,0.0,0.0,100.0,-7.0,7.0,8.0,33.0836,1.0,23.576092,8.0,0.0,0.0,2.0,-8.0,1.0,1.0,0.0,-8.003347,0.0
71.0,407.94687,10.0,127.28576,16.0,0.0,0.0,94.0,70.3052,6.0,6.0,19.0,1.0,17.548666,3.0,0.0,0.0,76.86697,-8.0,9.402579,1.0,9.001313,100.0,0.0
78.8502,203.3838,9.0,114.41287,25.0,0.0,0.0,100.0,-7.0,7.0,8.0,24.0,2.0,31.091112,0.41960815,2.0,2.0,11.0,86.69448,5.0,2.0,0.0,67.0,0.0
71.345245,486.13684,4.0,112.721504,27.35591,0.0,0.0,92.0,32.414307,6.0,6.0,27.0,2.0,38.0,0.0,0.0,0.0,55.176956,91.0,6.0,6.900658,3.4493191,88.0,0.0
86.46477,386.80383,22.4229,121.402855,40.390415,0.0,0.0,100.0,-7.0,7.0,8.0,43.02253,0.0,16.137844,0.0,3.0,3.0,7.5950923,-8.0,2.0,3.0,0.0,38.0,0.0
74.0,187.9134,20.0,136.31929,22.0,0.0,0.0,100.0,-7.0,7.0,8.0,26.0,0.0,25.728199,9.0,0.0,0.0,69.068275,-8.0,6.0,-8.0,2.0,91.63267,0.0
71.415535,216.01297,13.0,83.51148,23.0,0.0,0.0,95.0,24.343754,6.0,6.0,23.0,0.0,56.159275,0.0,0.0,0.0,78.384186,-8.0,2.0,3.0,4.0,82.70036,0.0
69.855644,155.20546,2.0,67.095695,29.0,0.0,0.0,93.91159,15.794316,6.0,6.0,31.0,4.0,21.124683,2.0,1.0,1.0,45.73767,-8.0,3.0,2.0,1.0,40.07688,0.0
64.0,216.96161,25.320738,90.99303,17.0,2.0,0.0,88.88287,11.973666,6.0,5.0,17.0,0.0,60.163364,1.0,3.0,3.0,72.9489,62.4925,2.0,6.9025292,1.0,83.0,0.0
-9.0,-9.0,-9.0,-9.0,-9.0,-9.0,-9.0,-9.0,-9.0,-9.0,-9.0,-9.0,-9.0,-9.0,-9.0,-9.0,-9.0,-9.0,-9.0,-9.0,-9.0,-9.0,-9.0,0.0
-9.0,-9.0,-9.0,-9.0,-9.0,-9.0,-9.0,-9.0,-9.0,-9.0,-9.0,-9.0,-9.0,-9.0,-9.0,-9.0,-9.0,-9.0,-9.0,-9.0,-9.0,-9.0,-9.0,0.0
81.0,191.12616,71.06143,153.87576,13.999494,0.0,0.0,94.0,14.455936,4.0,6.0,14.0,0.0,16.0,-7.0,0.0,0.0,0.0,-8.0,0.6474786,1.0,0.0,45.757484,0.0
80.0,330.64047,2.0,75.0,45.09666,0.0,0.0,93.957535,22.161686,6.0,6.0,48.869316,3.0,26.39538,0.0,2.0,1.0,1.0,61.170902,3.0,5.0,0.0,38.162632,0.0
87.0,148.39066,4.0,70.0,20.0,0.0,0.0,100.0,-7.0,7.0,8.0,18.174135,2.0,35.0,1.07942,0.0,0.0,1.0,-8.0,1.0,2.0,0.0,40.50436,0.0
74.0,346.18063,11.978616,95.24545,39.954716,0.0,0.0,100.0,-7.0,7.0,8.0,47.174786,1.0,37.228706,9.0,0.0,0.0,40.146755,83.578415,7.0,4.0,2.0,80.0,0.0
81.0,258.04916,18.201849,75.0,19.0,0.0,0.0,100.0,-7.0,7.0,8.0,21.0,0.0,67.33951,4.5385942,0.0,0.0,28.0,68.836136,2.0,4.0,0.0,63.0,0.0
76.84772,140.73999,6.0,58.0,30.535984,0.0,0.0,93.0,-9.0,6.0,6.0,31.0,1.0,25.0,0.0,1.0,1.0,39.335228,-8.0,5.0,1.0,0.0,50.0,0.0
77.0,165.33658,2.0,68.0,26.824045,0.0,0.0,100.0,-7.0,7.0,8.0,31.853287,3.0,28.8912,0.0,1.0,1.81017,27.28835,86.21291,7.049373,3.0,0.0,67.0,0.0
79.0,801.31476,5.0068,107.75421,33.0,0.0,0.0,100.0,-7.0,7.0,8.0,39.574753,1.0,38.181538,0.0,0.0,0.0,27.432716,52.02231,4.0,14.779434,1.0,70.0,0.0
-9.0,187.78186,2.0,102.9804,18.0,5.362925,1.0,57.659428,3.8831038,3.0,3.0,30.0,2.0,29.0,-7.0,3.0,3.0,32.351875,-8.0,8.0,2.0,1.0,68.230606,0.0
82.0,170.6628,15.274844,101.156425,31.0,0.0,0.0,100.0,-7.0,7.0,8.0,28.0,0.0,14.0,-7.0,0.0,0.0,8.840336,-8.0,2.0,2.0,2.0,43.03437,0.0
79.11616,208.68314,3.0,68.0,16.0,0.0,0.0,87.00434,36.70594,6.0,6.0,17.0,1.0,52.150265,0.0,0.0,0.0,0.0,50.98106,1.0,4.0,0.0,67.0,0.0
83.0,196.68196,3.0,75.0,18.431723,0.0,0.0,100.0,-7.0,7.0,8.0,21.0,2.0,20.0,0.0,1.0,1.0,5.0,-8.0,2.0,2.0,0.0,33.0,0.0
70.0,117.0579,1.0,76.0,44.975315,0.0,0.0,90.29887,4.0,6.0,6.0,10.970744,5.6920238,21.0,8.0,0.0,0.0,31.878162,-8.0,4.0,1.0,0.0,36.954876,0.0
55.19385,85.298294,3.0,57.31026,13.0,0.0,0.0,100.0,-7.0,7.0,8.0,11.383958,1.2517059,41.0,0.0,2.0,2.0,106.706375,98.080345,4.0,3.0,2.0,100.0,0.0
70.0,169.6393,2.0,61.39016,22.0,0.0,0.0,94.0,3.342441,4.5615034,6.0,19.0,3.0,50.0,0.0,1.0,1.0,0.0,93.80312,2.0,5.52764,0.0,60.0,0.0
81.0,171.84778,4.189257,83.025406,14.262987,0.0,0.0,100.0,-7.0,7.0,8.0,14.687103,2.0,39.867756,1.0,0.0,0.0,36.4615,-8.0,4.0,2.0,1.0,88.230194,0.0
70.0,56.526176,8.0,59.932556,26.0,0.0,0.0,100.0,-7.0,7.0,8.0,25.269276,1.0,42.0,0.0,5.1119494,5.0,59.99755,80.26947,1.0,2.0,1.0,66.7847,0.0
73.0,165.65677,59.778534,165.36348,8.0,0.0,0.0,90.0,21.212616,4.0,6.0,15.0,0.0,33.0,-8.0,0.0,0.0,28.0,-8.0,1.0,1.0,0.0,50.0,0.0
75.0,382.80405,7.0,107.310974,22.0,0.0,0.0,97.0,58.996895,6.0,6.0,22.0,3.0,19.0,0.0,0.0,0.0,34.854725,-8.0,9.0,2.0,1.0,100.0,0.0
85.0,176.77289,5.455996,71.98366,21.0,0.0,0.0,100.0,-7.0,7.0,8.0,20.0,2.0,67.29867,0.0,0.91939074,0.0,0.0,88.0,1.0,3.0,0.0,77.072365,0.0
87.8947,159.7271,12.0,72.68706,15.0,0.0,0.0,100.0,-7.0,6.0,8.0,18.474152,0.0,36.0,21.407589,0.0,0.0,1.0,-8.0,3.0,2.0,0.0,48.667038,0.0
86.0,176.12767,10.324591,82.21692,9.0,0.0,0.0,100.0,-7.0,7.0,8.0,10.0,1.0,19.334812,-7.0,2.0,1.0,2.0,-8.0,2.0,2.0,0.0,100.0,0.0
68.0,152.34013,6.0,120.97295,11.0,2.0,2.0,88.0,21.527197,6.0,3.73066,9.0,0.0,35.0,0.0,1.0,1.0,37.99337,-8.0,4.0,1.0,2.0,100.0,0.0
78.0,216.52054,5.0,93.0,15.046718,2.0,1.0,92.0,52.810863,6.0,4.0,29.0,2.0,71.99341,0.27908477,2.0,1.9962275,8.0,-8.0,1.0,2.0,-9.0,100.0,0.0
86.0,274.72537,14.043161,127.502716,30.0,0.0,0.0,97.0,73.73074,6.0,6.0,36.74733,0.0,32.0,1.0,0.0,0.0,13.99849,-8.0,3.0,2.0,0.0,50.0,0.0
78.0,216.85287,3.0,79.0,32.114204,0.0,0.0,100.0,-7.0,7.0,8.0,43.72571,3.0,39.0,8.980787,0.14081317,0.0,56.83024,20.77478,4.0,3.0,3.0,69.37906,0.0
90.26087,279.43277,2.0,105.09606,11.401677,1.0,0.0,96.671036,61.942413,6.0,4.0,9.0,2.0,38.0,-8.0,0.0,0.0,0.0,39.38098,1.0,2.0,0.0,40.0,0.0
69.0,209.28975,3.0,90.0,17.0,1.0,0.0,91.0,52.587494,4.0,6.0,26.0,4.0,23.0,-7.0,2.0,2.0,64.07987,-8.0,4.0,2.0,2.0,58.059853,0.0
80.1838,177.72966,2.0,81.0,25.0,0.0,0.0,97.0,40.76481,6.0,6.0,21.69822,3.0,21.0,2.0,0.0,0.0,3.0,-8.0,4.0,1.0,1.1419522,23.608757,0.0
84.0,330.66864,20.39068,283.15723,20.0,0.0,0.0,100.0,-7.0,7.0,8.0,24.0,0.0,19.426958,3.0,0.0,0.0,28.0,-8.0,3.0,1.0,0.0,57.0,0.0
81.0,100.72658,6.0,65.0,17.545965,0.0,0.0,100.0,-7.0,7.0,8.0,16.0,2.0,17.0,0.0,1.0,1.0,32.774036,82.0,4.0,2.0,0.0,66.895164,0.0
74.0,69.95238,10.0,79.0,9.0,0.0,0.0,100.0,-7.0,7.0,8.0,7.373985,2.0,67.855965,0.0,0.0,0.0,44.47725,90.02308,2.0,3.0,0.0,100.0,0.0
78.0,99.55278,8.0,70.02941,14.0,0.0,0.0,100.0,-7.0,7.0,8.0,0.24033614,1.0,46.106194,3.2068994,0.0,0.0,0.0,70.49127,1.0,2.0,0.0,69.33926,0.0
80.0,155.8325,5.0,53.54489,13.615215,0.0,0.0,100.0,-7.0,7.0,8.0,15.0,4.0,40.0,0.0,0.0,0.0,26.939459,93.0,2.0,2.0,0.0,63.0,0.0
-9.0,-9.0,-9.0,-9.0,-9.0,-9.0,-9.0,-9.0,-9.0,-9.0,-9.0,-9.0,-9.0,-9.0,-9.0,-9.0,-9.0,-9.0,-9.0,-9.0,-9.0,-9.0,-9.0,0.0
87.0,172.14804,21.00048,106.540855,10.0,0.0,0.0,100.0,-7.0,7.0,8.0,10.80868,0.0,70.73353,18.476206,0.0,0.0,5.912375,-8.0,1.0,2.0,0.0,100.0,0.0
83.0,154.074,9.0,55.775925,12.825934,0.0,0.0,100.0,-7.0,7.0,8.0,15.392196,1.0451924,53.190845,12.926684,0.0,0.0,4.446306,76.0,2.0,3.0,0.0,75.0,0.0
65.0,101.319916,3.0,46.54621,26.0,1.0,0.0,91.51302,-7.0,0.30293536,5.0,29.0,3.0,55.943604,0.0,2.0,1.9016169,1.0,52.734074,3.0,2.0,0.0,50.0,0.0
81.0,168.53247,5.0,53.173004,16.0,0.0,0.0,100.0,-7.0,7.0,8.0,14.0,1.0368633,50.0,0.0,0.1402267,1.0,61.655167,84.01959,1.0,1.0,0.0,56.92306,0.0
73.0,124.176285,18.40871,60.264652,15.115982,1.0,0.0,88.0,46.67523,6.0,5.0,15.720343,0.0,33.0,0.0,0.0,0.0,21.0,-8.0,4.0,1.0,2.0,75.0,0.0
88.0,142.4638,2.0,52.51619,10.0,0.0,0.0,100.0,-7.0,7.0,8.0,11.0,2.0,11.0,0.0,2.0,2.0,2.0,-8.0,3.0,1.0,0.0,52.693134,0.0
70.0,163.13841,2.0,85.15825,27.0,0.0,0.0,97.0,25.430536,6.0,6.0,29.0,1.0,40.328,0.0,0.0,0.0,37.252125,86.23412,6.0762587,2.0,3.0,64.0,0.0
86.0,212.14836,18.691963,90.0,20.0,0.0,0.0,100.0,-7.0,7.0,8.0,20.237617,0.0,18.05006,0.0,0.0,0.0,50.60624,-8.0,2.0,-8.0,0.0,33.0,0.0
87.99922,317.85718,10.0,97.0,17.2478,0.0,0.0,100.0,-7.0,7.0,8.0,25.0,1.0,14.522393,0.0,0.0,0.0,1.0,-8.0,6.0,1.0,0.0,56.0,0.0
66.82376,192.13286,5.0,74.0,40.21486,0.0,0.0,97.44177,77.89684,6.0,6.0,40.77519,5.4074106,20.0,0.0,0.0,0.0,40.48201,93.233925,12.5771885,3.0,1.0,70.23629,0.0
79.0,213.64244,2.7994237,93.0,34.565018,0.0,0.0,91.18582,70.593,6.0,5.0,33.594276,3.0,23.140621,0.0,4.0,3.6391222,4.0,99.46024,4.0,3.0,0.0,47.544624,0.0
80.0,151.36473,4.0,63.0,26.0,1.0,0.0,92.0,32.667767,6.0,5.0,48.51718,4.0,53.09419,7.0,3.0,2.0,1.0,98.29178,3.0,2.0,0.0,100.0,0.0
73.0,33.995487,15.0,61.0,13.0,0.0,0.0,100.0,-7.0,7.0,8.0,10.921699,1.0,92.28714,-7.0,2.0,1.9413704,-9.0,87.720795,-9.0,3.0,-9.0,100.0,0.0
79.0,182.55545,5.0,77.51854,10.0,0.0,0.0,80.92772,31.116539,6.0,6.0,4.8070993,1.0,5.490071,-7.0,0.4364411,0.5061737,22.98019,-8.0,3.0,1.0,1.0,63.0,0.0
70.0,163.17851,10.0,76.737686,30.0,0.0,0.0,100.0,22.832912,4.0,4.0,33.0,1.0,38.61907,-7.0,5.0,5.0,22.199627,76.10056,7.0,3.0,1.0,89.6179,0.0
68.0,262.0838,1.0,77.0,42.142155,0.0,0.0,91.0,27.406282,6.0,6.0,48.914394,5.491696,21.91089,0.0,1.0,1.0,38.8407,63.086327,5.0,2.0,0.0,60.0,0.0
79.0,178.01857,1.0,63.0,7.672544,0.0,0.0,100.0,-7.0,7.0,8.0,8.975807,2.0,68.46574,0.0,2.0,2.0,24.7741,73.44101,1.0,2.0,0.0,100.0,0.0
-9.0,-9.0,-9.0,-9.0,-9.0,-9.0,-9.0,-9.0,-9.0,-9.0,-9.0,-9.0,-9.0,-9.0,-9.0,-9.0,-9.0,-9.0,-9.0,-9.0,-9.0,-9.0,-9.0,0.0
79.0,54.342308,52.153767,103.24528,6.0,0.0,0.0,100.0,-7.0,7.0,8.0,13.0,0.0,19.0,-7.0,2.0,1.0,10.336486,-8.0,1.0,1.0,0.0,100.0,0.0
86.0,176.29724,1.0,87.73781,21.0,0.0,0.0,100.0,-7.0,7.0,8.0,23.0,1.0,39.0,-8.0,0.0,0.0,0.0,30.04362,2.0,2.0,0.0,49.81297,0.0
76.0,260.47403,8.0,84.22405,19.0,0.0,0.0,100.0,-7.0,7.0,8.0,18.85452,2.0,35.0,16.0,0.0,0.0,32.251472,-8.0,2.0,4.0,1.0,51.3509,0.0
81.0,305.46246,9.0,110.68119,39.0,0.0,0.0,100.0,-7.0,7.0,8.0,34.151016,0.0,13.0,16.0,0.0,0.0,13.0,-8.0,11.0,1.0,0.0,57.0,0.0
85.67682,224.16405,2.0,109.2728,17.0,0.0,0.0,100.0,-7.0,7.0,8.0,20.0,2.0,27.0,0.0,1.0,1.0,9.825896,77.21171,5.0,1.0,0.0,75.0,0.0
78.0,106.65188,2.0,60.774437,34.0,0.0,0.0,100.0,-7.0,7.0,8.0,30.207941,4.0,28.0,0.0,4.0,3.0,29.213367,62.00518,2.1651578,2.0,0.0,50.0,0.0
86.0,95.85604,2.0,92.57441,30.673061,0.0,0.0,100.0,-7.0,7.0,8.0,6.1152453,1.0,13.0,2.0,2.0,2.0,5.0,57.747078,5.0,2.0,0.0,44.618465,0.0
71.0,233.48994,11.13235,120.965805,32.0,0.0,0.0,100.0,-7.0,7.0,8.0,26.620638,0.0,52.65692,0.0,1.0,0.0,62.777737,-8.0,3.0,6.0,0.0,73.0,0.0
83.0,149.8872,6.0,65.0,14.718269,0.0,0.0,100.0,-7.0,7.0,8.0,16.250587,4.0,24.824509,0.0,0.0,0.0,13.564121,-8.0,4.0,1.0,0.0,75.95968,0.0
79.0,239.86649,2.0,89.29441,48.500385,0.0,0.0,95.0,36.819824,6.0,6.0,46.116676,3.0,15.29579,1.0,4.0,3.0,21.0,-8.0,4.0,1.0,0.0,37.833622,0.0
78.0,270.06464,11.0,104.534966,26.0,0.0,0.0,100.0,-7.0,7.0,8.0,27.0,0.0,37.479385,0.0,0.0,0.0,71.59391,76.0,4.0,2.0,4.0,75.0,0.0
63.0,76.66159,3.0,36.40889,24.0,0.024685666,0.0,92.01658,44.99035,6.0,5.0,26.0,3.0,38.0,0.0,3.0,3.0,33.067936,83.29117,9.433738,5.0,1.0,82.891106,0.0
89.728134,231.69498,10.075355,60.990498,-1.0079302,0.0,0.0,100.0,-7.0,7.0,8.0,7.0,1.0,-9.0,0.0,1.0,0.0,0.0,-8.0,2.0,-8.0,0.0,89.73043,0.0
81.0,245.17128,20.0,102.403595,34.0,0.0,0.0,100.0,-7.0,7.0,8.0,44.51569,0.0,67.171906,0.0,0.0,0.0,21.0,-8.0,4.0,4.0,0.0,71.0,0.0
88.0,298.81485,6.0,92.32868,21.0,0.0,0.0,100.0,-7.0,7.0,8.0,26.0,2.0,44.774807,1.0,0.0,0.0,4.0,64.12762,1.0,3.0,0.0,80.0,0.0
73.0,204.03444,12.0,72.487015,41.114826,0.0,0.0,100.0,-7.0,7.0,8.0,36.906754,0.0,30.0,0.0,4.7011414,4.4105477,56.864998,74.82948,1.0,2.0,1.0,42.046406,0.0
-9.0,-9.0,-9.0,-9.0,-9.0,-9.0,-9.0,-9.0,-9.0,-9.0,-9.0,-9.0,-9.0,-9.0,-9.0,-9.0,-9.0,-9.0,-9.0,-9.0,-9.0,-9.0,-9.0,0.0
84.0,322.98804,8.0,95.98761,22.0,0.0,0.0,100.0,-7.0,7.0,8.0,22.586927,1.0,26.693947,10.67959,0.5281083,0.0,11.0,-8.0,1.0,1.0,0.0,26.679388,0.0
-9.0,-9.0,-9.0,-9.0,-9.0,-9.0,-9.0,-9.0,-9.0,-9.0,-9.0,-9.0,-9.0,-9.0,-9.0,-9.0,-9.0,-9.0,-9.0,-9.0,-9.0,-9.0,-9.0,0.0
81.0,166.64473,10.0,92.387436,32.0,0.0,0.0,100.0,-7.0,7.0,8.0,34.66564,0.0,55.83063,0.0,1.0,1.0,1.0,85.0056,3.0,2.0,0.0,80.0,0.0
82.0,244.23633,5.0,98.928825,11.712827,0.0,0.0,100.0,-7.0,7.0,8.0,11.0,1.0,26.504328,-8.0,0.0,0.0,55.950855,79.67711,6.5968986,1.0,2.0,84.115204,0.0
82.0,245.91647,8.0,81.81027,28.0,0.0,0.0,100.0,-7.0,7.0,8.0,24.0,0.0,25.0,12.365412,0.0,0.0,19.0,76.018555,6.0,3.0,1.0,63.0,0.0
79.0,143.13397,5.0,70.0,29.030437,0.0,0.0,100.0,-7.0,7.0,8.0,33.0,3.0,23.892717,3.0,1.0,1.0,12.0,33.213264,1.0,2.0,0.0,33.0,0.0
90.00493,185.86952,21.119211,88.58431,12.0,0.0,0.0,100.0,-7.0,7.0,8.0,11.572793,0.0,47.219414,15.533038,0.0,0.0,4.852354,16.961605,1.0,1.0,0.0,50.0,0.0
68.0,319.20914,19.032663,83.858894,18.187607,0.0,0.0,83.61128,5.469605,6.0,5.923698,19.106274,0.0,45.422573,-7.0,0.0,0.0,16.18705,54.601433,3.0,3.0,0.0,60.102993,0.0
79.65235,193.45366,2.0,76.0,32.953022,0.0,0.0,97.0,38.86458,6.0,6.0,36.38192,2.0,25.0,0.0,5.0,5.0,10.4533825,88.90489,1.0,3.0,0.0,50.0,0.0
-9.0,-9.0,-9.0,-9.0,-9.0,-9.0,-9.0,-9.0,-9.0,-9.0,-9.0,-9.0,-9.0,-9.0,-9.0,-9.0,-9.0,-9.0,-9.0,-9.0,-9.0,-9.0,-9.0,0.0
72.0,94.84674,20.0,86.84034,17.638308,2.0,2.0,86.27104,27.125414,5.0,-1.9563855,7.0,0.0,25.0,10.6030245,0.0,0.0,8.0,82.0,2.0,2.0,0.0,53.49435,0.0
58.167007,-8.397593,3.0,44.261623,27.0,9.5926695,9.1981325,100.0,-7.0,3.0,8.0,35.0,2.0,53.413445,0.0,15.247133,12.45891,40.075924,-8.0,3.0,1.0,0.0,67.0,0.0
81.0,125.298355,-9.0,144.55981,13.0,2.0,0.0,93.0,39.065796,6.0,3.0,7.0,1.0,50.0,-7.0,0.0,0.0,0.0,-8.0,-9.0,1.0,0.0,-9.0,0.0
92.271866,157.31488,150.59445,138.11273,7.7007775,0.0,0.0,100.0,-7.0,7.0,8.0,17.0,0.0,33.238342,-7.0,0.0,0.0,1.0,-8.0,0.78524375,1.0,0.0,100.0,0.0
71.0,176.7484,20.272411,90.0,16.0,1.0,0.0,76.33213,24.470612,6.0,5.0,16.0,0.0,0.17470157,-8.0,0.0,0.0,40.90479,-8.0,2.0,1.0,2.0,30.381596,0.0
83.0,239.45605,8.0,140.04659,14.0,0.0,0.0,100.0,-7.0,7.0,8.0,12.0,1.0,44.0,-7.0,0.0,0.0,25.523966,-8.0,4.0,2.0,0.0,85.81596,0.0
70.0,408.06186,2.0,104.89761,39.0,0.013714296,0.0,88.54794,23.419476,6.0,5.0,34.0,3.0,40.161522,12.069892,0.0,0.0,7.0,69.28707,4.0,6.566378,0.0,64.0,0.0
87.0,189.60258,2.0,52.97757,9.90105,0.0,0.0,100.0,-7.0,7.0,8.0,12.0,1.0,36.973267,0.0,1.0,1.0,1.0,97.38808,1.0,2.0,0.0,43.0,0.0
84.0,99.288536,2.0,72.660645,36.38199,0.0,0.0,100.0,-7.0,7.0,8.0,34.0,2.0,66.24805,0.0,5.0,4.7298346,13.439859,96.96862,2.0,6.503971,0.0,76.824745,0.0
77.07974,133.3571,2.0,53.73695,28.0,0.0,0.0,100.0,-7.0,7.0,8.0,25.0,2.0,35.866436,0.0,1.0,1.0,24.146133,93.813736,5.0,4.0,0.0,83.0,0.0
68.0,180.51836,2.0,89.25513,26.0,1.0,1.0,89.0,16.427519,6.0,4.6087537,27.0,2.0,41.0,-7.0,1.0,1.0,19.911158,67.55002,8.577668,3.0,1.0,75.0,0.0
81.0,190.11328,2.0,67.276474,16.0,0.0,0.0,100.0,-7.0,7.0,8.0,18.0,3.0,47.82164,-7.0,0.0,0.0,54.14802,88.0,3.0,2.0,0.0,86.13706,0.0
72.60926,134.04193,7.0,82.59315,14.0,2.0,2.0,100.0,-7.0,6.0,8.0,19.0,1.0,26.0,22.932924,0.0,0.0,5.0,-8.0,1.0,-8.0,0.0,25.0,0.0
67.63249,153.1728,4.9426126,84.0,28.0,0.0,0.0,100.0,-7.0,7.0,8.0,26.486376,2.0,46.0,3.0,0.0,0.0,43.672794,95.27418,8.0,4.0,1.0,75.0,0.0
73.30789,179.14894,5.0,65.12914,23.935827,0.0,0.0,100.0,-7.0,7.0,8.0,37.0,4.0,24.0,13.361014,0.0,0.0,58.55303,89.21149,5.0,2.0,1.0,83.0,0.0
84.0,305.79907,7.0,65.30241,25.0,0.0,0.0,100.0,-7.0,7.0,8.0,25.34491,2.0,24.0,1.0,0.0,0.0,11.0,80.13263,2.0417545,1.0,0.0,30.869299,0.0
73.0,-1.4032226,7.0,-9.0,21.0,0.0,0.0,93.24004,59.523716,6.0,6.0,22.505299,3.0,68.91106,-7.0,0.0,0.0,38.566757,68.91502,2.0,5.0,0.0,64.0,0.0
88.0,210.9971,12.0,86.0,7.0,0.0,0.0,100.0,-7.0,7.0,8.0,8.0,1.0,37.77733,9.887226,0.0,0.0,3.0080698,85.61103,1.0,3.0,0.0,75.0,0.0
72.0,161.6807,2.0,68.0,44.74113,0.0,0.0,100.0,18.071531,6.0,6.0,58.806255,4.0,38.0,0.0,1.8184246,1.0,36.883663,89.293976,6.0,3.0,1.0,73.0,0.0
78.0,300.20688,5.7562056,94.0,43.095135,0.0,0.0,97.0,25.235144,6.0,6.0,56.096783,3.0,46.0,4.0,0.0,0.0,2.0,32.545563,3.0,5.0,0.0,50.0,0.0
76.0,154.43242,20.0,83.0,34.0,2.0,0.0,97.0,55.394604,6.0,4.0,40.68746,0.0,-9.0,-8.0,1.0,1.0,16.0,-8.0,7.0,1.0,1.0,56.0,0.0
92.426544,395.98288,19.428465,188.2151,17.0,0.0,0.0,100.0,-7.0,7.0,8.0,4.2078643,0.0,7.641854,-7.0,0.0,0.0,2.0,-8.0,3.8285117,1.0,0.0,45.276978,0.0
69.0,159.42949,15.926574,62.724537,9.495686,0.0,0.0,100.0,-7.0,7.0,8.0,14.0,0.0,24.0,0.0,0.0,0.0,103.15686,18.818996,2.0,1.0,3.0,100.0,0.0
89.0,268.10138,8.0,106.12929,16.318216,0.0,0.0,100.0,-7.0,7.0,8.0,19.0,1.0,9.988511,-8.0,0.0,0.0,8.423468,78.683586,6.0,2.0,0.0,82.430336,0.0
62.694687,321.078,3.0,123.65619,19.0,2.0,1.0,77.55,15.096096,6.0,-3.5319016,23.0,2.0,39.696335,0.0,2.0,2.0,32.0,-8.0,5.0,2.0,0.0,69.88173,0.0
79.0,170.82935,7.0,100.49701,16.0,0.0,0.0,100.0,-7.0,7.0,8.0,20.0,1.0,76.293884,-7.0,0.0,0.0,42.871067,90.03137,2.0,3.0,0.0,88.0,0.0
90.710335,262.0807,51.96007,200.43906,22.0,0.0,0.0,100.0,-7.0,7.0,8.0,23.0,0.0,16.0,0.0,2.0,2.0,11.0,-8.0,3.0,-8.0,0.0,43.65098,0.0
81.76718,41.506493,18.48421,66.76643,15.0,0.0,0.0,100.0,-7.0,7.0,8.0,17.0,0.0,25.0,1.1000863,0.0,0.0,24.611294,-8.0,4.0,1.0,0.0,66.1118,0.0
68.0,109.78368,2.0,32.34427,14.0,0.0,0.0,100.0,-7.0,7.0,8.0,16.197306,2.0,38.665497,0.0,0.0,0.0,93.12639,96.62704,3.0,3.0,4.672294,74.31452,0.0
82.0,207.03645,9.0,79.74652,31.083134,0.0,0.0,100.0,-7.0,7.0,8.0,32.0,2.0,39.0,0.0,1.0,1.0,36.17398,54.716263,4.0,3.0,0.0,67.41411,0.0
68.0,357.37167,2.0,98.49479,34.73475,2.0,1.0,82.27139,4.0,6.0,5.0,48.240555,2.0,38.0,0.0,6.8761926,6.9231067,9.0,80.04279,4.0,7.5576663,2.0,73.0,0.0
65.109535,376.97937,3.0,93.0,19.0,3.9108565,3.1669679,86.395226,21.239408,4.0,3.0,26.94004,2.0,24.0,1.0,2.0,3.0,52.328804,-8.0,6.0,2.0,2.0,75.0,0.0
67.258026,57.110596,10.0,66.14047,4.81765,1.0,1.0,73.51365,17.525429,6.0,4.0,3.639617,1.0,61.42185,4.0,0.0,0.0,-8.349788,100.0,-9.0,1.0,-8.0,60.0,0.0
87.33474,387.3622,4.3175845,88.15307,34.71679,0.0,0.0,100.0,-7.0,7.0,8.0,34.0,2.0,14.142639,-5.4934688,1.0,1.0,2.0,-8.0,4.0,-8.0,0.0,33.0,0.0
83.0,252.34152,10.0,111.58082,14.7369375,0.0,0.0,100.0,-7.0,7.0,8.0,13.005086,1.0,53.167423,8.520068,0.0,0.0,36.0,-8.0,2.0,2.0,0.0,100.0,0.0
73.0,191.80733,4.0,73.20222,29.0,0.0,0.0,100.0,-7.0,7.0,8.0,26.0,2.0,29.0,0.0,0.0,0.0,38.914837,48.608948,4.0,2.0,3.0,57.0,0.0
73.0,201.38667,34.011154,122.41049,18.058687,0.0,0.0,96.0,41.910423,6.0,6.0,19.0,0.0,25.17451,0.0,4.0,3.7889647,45.69273,-8.0,3.0,-2.6916397,0.0,35.79819,0.0
70.0,141.61664,14.858524,86.654884,31.0,1.0,0.0,97.0,59.226604,6.0,5.1334114,34.0,0.0,44.0,17.338408,0.0,0.0,74.72974,61.964783,8.0,2.0,3.0,87.53875,0.0
79.06271,219.8544,6.0,89.97221,25.0,0.0,0.0,89.0,33.27401,6.0,6.0,21.368889,1.0,15.0,0.0,1.0,1.0,11.0,23.677286,9.0,2.0,0.0,63.0,0.0
74.0,160.2679,3.0,63.0,43.28685,0.0,0.0,95.0,18.513895,6.0,5.0,47.654392,3.0,25.0,0.0,2.0,1.865391,0.0,71.94649,3.0,5.0,0.0,43.0,0.0
84.0,79.4128,-2.6146345,108.93671,19.0,0.0,0.0,100.0,-7.0,7.0,8.0,-9.0,3.0,25.0,0.0,2.0,2.0,36.0,-8.0,3.0,2.0,0.0,60.0,0.0
88.0,267.79465,20.0,105.25879,17.0,0.0,0.0,100.0,-7.0,7.0,8.0,22.0,0.0,6.3227077,4.332577,0.0,0.0,11.0,-8.0,2.0,-8.0,0.0,45.711433,0.0
-9.0,-9.0,-9.0,-9.0,-9.0,-9.0,-9.0,-9.0,-9.0,-9.0,-9.0,-9.0,-9.0,-9.0,-9.0,-9.0,-9.0,-9.0,-9.0,-9.0,-9.0,-9.0,-9.0,0.0
89.20247,190.00104,8.0,130.06407,8.0,0.0,0.0,90.0,40.6174,6.0,6.0,9.0,1.0,61.3573,0.0,0.0,0.0,1.0,-8.0,2.0,2.0,0.0,67.0,0.0
78.12336,148.91122,4.0,88.03543,27.353771,0.0,0.0,100.0,-7.0,7.0,8.0,27.0,1.0,30.0,0.0,1.0,1.0,30.980602,29.365055,3.0,4.0,0.0,66.93355,0.0
77.0,167.65613,9.0,76.0,30.436401,0.0,0.0,97.96153,31.620363,6.0,6.0,33.552544,0.0,20.0,0.0,3.0,3.0,8.123015,-8.0,9.4429455,2.0,0.0,75.0,0.0
80.0,260.10956,3.0,100.0,16.0,0.0,0.0,100.0,-7.0,7.0,8.0,18.0,3.0,12.561776,1.2964298,2.0,2.0,38.688705,-8.0,5.8179684,-8.0,1.0,71.0,0.0
78.460495,289.18347,5.0,104.87166,23.0,0.0,0.0,90.0,-9.0,6.0,6.0,22.0,1.0,27.620333,0.0,1.0,1.0,13.237034,-8.0,6.0,2.0,0.0,72.56655,0.0
81.0,161.61299,37.965504,79.0,8.0,0.0,0.0,100.0,-7.0,7.0,8.0,9.263502,0.0,56.23615,0.0,4.4939404,4.0,31.40483,-8.0,2.0,1.0,0.0,83.172615,0.0
90.0,271.28375,-2.1942387,79.0,27.0,0.0,0.0,100.0,-7.0,7.0,8.0,40.10153,3.0,23.0,5.685205,1.0,1.0,9.0,-8.0,3.0,1.0,0.0,43.0,0.0
81.276474,120.62529,10.0,81.08146,12.0,0.0,0.0,100.0,-7.0,7.0,8.0,3.2793584,0.0,61.247585,0.0,1.0,1.0,28.419586,9.91465,2.0,1.0,1.0,67.0,0.0
81.23907,276.14423,16.0,130.51006,13.0,0.0,0.0,91.0,10.131298,6.0,6.0,19.0,1.0,37.0,13.1688175,0.0,0.0,11.0,-8.0,1.0,1.0,0.0,43.0,0.0
77.0,133.26686,6.0,53.66026,10.015258,0.0,0.0,100.0,-7.0,7.0,8.0,9.0,1.0,68.583115,0.0,2.0,1.0,35.815598,77.463005,1.0,2.0,0.0,80.0,0.0
90.23185,216.3496,6.0,76.0,11.607546,0.0,0.0,100.0,-7.0,7.0,8.0,10.830625,1.0,14.0,5.0,1.0,0.0,8.0,-8.0,2.0,-8.0,0.0,40.0,0.0
71.0,190.1175,8.0,68.393555,19.31145,1.0,0.0,90.0,3.0,-2.002718,3.0,24.0,1.0,21.73486,0.0,0.0,0.0,18.314306,-8.0,3.0,1.0,0.0,62.755722,0.0
88.0,154.99284,6.0,75.0,15.0,0.0,0.0,100.0,-7.0,7.0,8.0,17.0,0.0,41.0,-8.0,0.0,0.0,2.0,61.999153,2.0,4.0,0.0,60.0,0.0
84.0,124.725,4.0,69.881424,13.0,0.0,0.0,100.0,-7.0,7.0,8.0,15.0,1.0,31.056011,0.0,4.0,3.0,17.0,67.490135,3.0,1.0,0.0,88.0,0.0
76.0,418.80624,10.0,131.84152,33.994675,0.0,0.0,100.0,-7.0,7.0,8.0,50.5531,1.0,42.0,-7.0,0.0,0.0,28.0,27.625204,9.0,7.2437053,2.0,64.25826,0.0
86.0,409.3346,5.0,110.501656,43.957806,0.0,0.0,100.0,-7.0,7.0,8.0,44.32782,2.9713268,44.522774,10.93225,0.0,0.0,12.0,42.532604,4.0,2.0,0.0,58.902817,0.0
70.0,367.42657,16.0,103.49228,23.0,0.0,0.0,89.0,5.4565578,4.7775054,5.999904,22.0,0.0,20.0,0.0,0.0,0.0,16.81317,68.5216,6.0,2.0,0.0,80.0,0.0
-9.0,195.22563,2.0,83.0,45.80905,3.1627498,0.0,89.0,1.0,-9.0,5.407466,54.572575,1.0,38.0,7.0,0.0,0.0,33.55957,26.12012,4.0,2.0,3.0,50.0,0.0
76.0,185.29012,15.013407,77.0,21.0,0.0,0.0,97.0,65.00481,6.0,6.0,29.0,0.0,17.152128,0.0,0.0,0.0,38.70935,41.777042,9.0,2.0,1.0,75.93885,0.0
-9.0,-9.0,-9.0,-9.0,-9.0,-9.0,-9.0,-9.0,-9.0,-9.0,-9.0,-9.0,-9.0,-9.0,-9.0,-9.0,-9.0,-9.0,-9.0,-9.0,-9.0,-9.0,-9.0,0.0
77.97169,302.83728,2.0,73.04359,29.876488,0.0,0.0,100.0,-7.0,7.0,8.0,28.0,5.0,45.883125,5.0,2.0,1.0,48.4121,90.06258,4.0,3.0,0.0,92.21233,0.0
77.80941,297.15714,4.0,93.0,37.90759,0.0,0.0,95.0,46.891273,6.0,6.0,40.212418,2.0,42.538177,2.0,1.0,1.0,21.0,27.340467,3.0,4.0,0.0,80.578156,0.0
84.76001,169.44128,6.0,62.406567,18.0,0.0,0.0,100.0,-7.0,7.0,8.0,21.0,2.0,35.0,0.0,0.0,0.0,7.0,81.575935,5.0,4.0,0.0,100.0,0.0
81.0,280.55377,4.0,81.0,24.0,0.0,0.0,100.0,-7.0,7.0,8.0,32.17423,3.0,7.662186,0.0,2.0,2.0,14.621381,100.0,4.0,1.0,0.0,33.0,0.0
87.0,214.73048,6.8390865,111.024704,33.0,0.0,0.0,100.0,-7.0,7.0,8.0,46.26006,1.0,22.0,0.0,3.0,2.7312498,2.0,-8.0,7.0,3.0,0.0,60.0,0.0
-9.0,-9.0,-9.0,-9.0,-9.0,-9.0,-9.0,-9.0,-9.0,-9.0,-9.0,-9.0,-9.0,-9.0,-9.0,-9.0,-9.0,-9.0,-9.0,-9.0,-9.0,-9.0,-9.0,0.0
77.0,148.78017,5.0,56.79837,21.0,0.0,0.0,100.0,-7.0,7.0,8.0,19.288166,4.0,32.40401,0.0,1.0,1.0,20.079119,-8.0,3.0,2.0,0.0,45.367996,0.0
79.0,145.46939,2.0,57.139965,20.0,0.0,0.0,100.0,-7.0,7.0,8.0,23.0,3.0,5.609419,2.1484752,0.0,0.0,4.0,82.62692,5.0,1.0,0.0,44.0,0.0
83.0,375.06647,10.649753,100.0,20.0,0.0,0.0,100.0,-7.0,7.0,8.0,19.0,1.0,64.093735,2.0,0.0,0.0,29.278446,-8.0,4.0,4.0,0.0,100.0,0.0
84.0,389.46896,8.0,124.15435,36.0,0.0,0.0,100.0,-7.0,7.0,8.0,34.776047,1.0,16.0,8.527365,0.0,0.0,7.964047,95.86988,4.0,2.0,0.0,44.0,0.0
59.59663,244.9747,4.0,72.50922,15.988595,0.0,0.0,88.368614,2.0,4.0,6.0,17.261505,3.9588487,42.0,9.241003,0.0,0.0,84.269714,-8.0,4.0,1.0,4.0,80.0,0.0
75.0,32.395832,3.0,-9.0,34.0,0.0,0.0,100.0,-7.0,7.0,8.0,38.27393,9.548616,20.0,0.0,1.0,1.0,16.28685,91.0,4.0,5.0,0.0,44.371304,0.0
84.0,182.8822,1.3457884,122.26443,24.0,0.0,0.0,100.0,-7.0,7.0,8.0,26.204105,5.0,36.0,0.0,0.0,0.0,21.0,-8.0,4.0,4.0,0.0,44.87174,0.0
87.51331,154.69388,2.0,81.35332,36.5418,0.0,0.0,100.0,-7.0,7.0,8.0,32.0,3.0,18.183165,1.0,3.0,3.0,1.0,-8.0,3.0,1.0,0.0,20.790098,0.0
77.0,256.74414,9.663715,88.42986,30.0,0.0,0.0,92.0,17.8499,6.0,6.0,37.0,2.0,45.0,0.0,1.0,1.0,7.0,92.4946,1.0,5.0,0.0,75.0,0.0
92.81648,430.76004,22.10044,183.78539,8.088444,0.0,0.0,100.0,-7.0,7.0,8.0,12.0,0.0,7.7584186,-7.0,0.0,0.0,4.755838,-8.0,3.0,-8.0,0.0,43.0,0.0
72.8304,167.83292,5.0,38.766403,18.441225,0.0,0.0,100.0,-7.0,7.0,8.0,21.0,3.0,32.410473,0.0,2.0,2.0,22.969845,86.34397,4.0,2.0,1.0,47.770573,0.0
85.0,139.98033,11.636979,70.0,16.0,0.0,0.0,100.0,-7.0,7.0,8.0,19.0,2.0,41.96155,0.0,0.0,0.0,10.723854,54.967384,1.0,2.0,0.0,56.26033,0.0
70.0,132.73128,4.0,36.994984,11.0,0.0,0.0,100.0,-7.0,7.0,8.0,15.0,2.0,8.319248,-7.0,2.0,2.0,53.397003,-8.0,8.198868,-8.0,1.0,100.0,0.0
64.55455,107.68271,1.0,-9.0,10.993745,0.0,0.0,88.46318,13.577123,6.0,6.0,12.0,4.0,37.222893,0.0,0.0,0.0,28.918877,86.25521,1.0,5.6137896,2.0,64.0,0.0
84.9429,198.50056,2.0,75.0,41.248634,0.0,0.0,100.0,-7.0,7.0,8.0,29.397158,5.0,20.0,-7.0,5.0,3.4406073,5.0,-8.0,3.0,1.0,0.0,33.272434,0.0
75.0,182.85236,11.0,61.577682,11.824369,0.0,0.0,100.0,-7.0,7.0,8.0,13.0,0.0,23.0,8.1331005,2.0,2.0,34.078564,49.091454,2.0,1.0,1.0,60.0,0.0
82.0,207.74551,4.0,59.295807,29.0,0.0,0.0,100.0,-7.0,7.0,8.0,29.0,3.0,21.0,0.0,1.0,1.0,8.0,-8.0,5.0,2.0,0.0,63.0,0.0
72.73829,309.53857,9.0,127.67662,17.0,0.0,0.0,100.0,-7.0,7.0,8.0,18.0,1.0,7.5203342,0.0,1.0,1.0,40.98827,-8.0,7.0,-8.354015,2.0,57.0,0.0
66.119835,156.97505,-9.0,57.75872,40.785156,2.0,0.0,96.0,11.229109,6.0,2.0,46.854862,3.0,36.0,3.0,1.0,1.0,46.598724,98.933495,7.0,2.0,2.0,75.0,0.0
76.0,418.38153,10.0,96.00434,32.380077,0.0,0.0,100.0,1.3486801,6.0,6.0,34.0,1.0,19.0,-7.0,3.0,2.0,14.0,-8.0,6.0,1.0,0.0,36.482693,0.0
65.19975,199.19357,1.0,63.0,37.29523,0.0,0.0,100.0,-7.0,7.0,8.0,41.005398,9.054625,42.0,14.900255,0.0,0.0,61.60652,17.911938,9.0,6.2190003,1.0,88.0,0.0
89.0,182.03877,29.152206,303.4849,-9.0,0.0,0.0,100.0,-7.0,7.0,8.0,5.2216215,0.0,12.833353,-3.3190863,0.0,0.0,1.0,-8.0,2.0,1.0,-9.0,50.0,0.0
75.777245,165.36234,28.499851,158.20348,23.092655,0.0,0.0,100.0,-7.0,7.0,8.0,23.0,0.0,25.0,0.0,1.0,1.0,59.229195,50.160698,7.0,2.0,0.0,100.0,0.0
70.0,348.8934,12.0,94.0,31.0,3.449612,3.9678202,83.733406,10.5653,4.0,-0.42373803,40.020786,0.0,52.296154,0.0,0.0,0.0,31.098852,-8.0,3.0,2.0,0.0,60.0,0.0
75.0,-7.4398427,4.0,67.93761,19.0,0.0,0.0,96.0,13.389676,6.0,6.0,9.297763,2.0,13.0,-6.283468,1.0,1.0,25.0,31.393032,5.0,2.0,0.0,44.0,0.0
77.52285,148.6332,2.0,72.24144,21.573381,0.0,0.0,100.0,-7.0,7.0,8.0,29.0,2.0,25.0,0.0,2.0,2.0,13.0,-8.0,6.0,2.0,0.0,62.578247,0.0
74.0,164.11078,16.0,130.26418,11.0,0.0,0.0,92.07245,18.990597,6.0,6.0,15.0,0.0,38.0,0.0,0.0,0.0,62.457413,-8.0,3.1552098,1.0,2.0,72.353615,0.0
70.0,190.38966,4.0,77.0,40.34227,0.0,0.0,96.0,-8.864992,6.0,5.268251,56.588562,1.0,57.096733,6.0,1.0,1.0,64.50952,88.23228,6.0,3.0,3.3369706,67.0,0.0
71.09694,172.08192,9.0,166.21234,28.0,0.0,0.0,93.0581,17.538183,6.0,6.0,39.860565,1.0,35.150585,0.0,0.0,0.0,36.0,32.92013,6.0,6.3320932,2.0,78.195984,0.0
73.0,150.64238,4.0,72.492676,3.8541381,1.0,0.0,90.1247,49.94208,6.0,2.6937034,4.079416,1.0,56.78005,0.0,0.0,0.0,1.0,14.027976,1.0,2.0,0.0,100.0,0.0
57.839123,216.13075,9.0,89.80796,16.0,4.845012,4.8247724,78.834366,33.273815,6.0,2.0,20.0,1.0,61.608643,0.0,1.0,1.0,17.914406,93.0,2.6440861,3.0,0.0,91.270096,0.0
87.74392,328.3328,7.0,138.06146,31.0,0.0,0.0,100.0,-7.0,7.0,8.0,27.0,1.0,24.0,-7.0,2.0,2.0,0.0,83.783226,2.0,3.0,0.0,47.151608,0.0
82.0,213.1126,16.0,123.177216,22.0,0.0,0.0,96.0,47.218723,6.0,6.0,26.0,0.0,32.0,2.0,2.0,2.0,1.0,-8.0,3.0,1.0,0.0,43.88268,0.0
75.0,-9.0,4.0,-9.0,3.6121364,0.0,0.0,100.0,-7.0,7.0,8.0,4.711547,1.0,23.589483,1.0,3.0,2.0,17.0,-8.0,1.0,1.0,0.0,53.081493,0.0
91.23737,150.98366,19.796906,146.09407,14.680221,0.0,0.0,100.0,-7.0,7.0,8.0,9.0,0.0,35.0,-8.0,0.0,0.0,1.0,-8.0,1.0,3.2971983,0.0,56.0,0.0
84.0,277.5449,22.513145,125.75781,31.0,0.0,0.0,100.0,-7.0,7.0,8.0,32.0,0.0,27.0,0.0,1.0,1.0,15.719485,-8.0,3.0,2.0,0.0,49.311287,0.0
79.0,158.3639,16.299433,65.923065,22.0,0.0,0.0,100.0,-7.0,7.0,8.0,43.185146,0.0,24.0,0.0,3.0,3.0,6.0,-8.0,6.0,2.0,0.0,67.0,0.0
74.0,237.57831,7.0,58.0,9.0,0.0,0.0,92.0,50.032906,6.0,6.0,9.0,1.0,65.22978,0.0,0.0,0.0,84.404236,84.04108,1.0,2.0,0.0,100.0,0.0
82.0,289.5741,6.0,114.1522,23.0,0.0,0.0,100.0,-7.0,7.0,8.0,21.0,2.0,29.0,1.0,0.0,0.0,16.070536,93.0,3.0,2.0,1.0,46.474285,0.0
74.0,159.4667,3.0,64.818405,27.72846,0.0,0.0,100.0,-7.0,7.0,8.0,24.0,1.0,37.93689,0.0,0.0,0.0,22.761793,50.322758,5.0,6.0,0.0,75.0,0.0
86.096954,241.49687,18.984516,126.7668,19.0,0.0,0.0,100.0,-7.0,7.0,8.0,23.0,0.0,27.0,1.0,2.0,1.8702699,13.299107,-8.0,2.0,2.0,0.0,50.628986,0.0
87.0,134.67757,16.934702,104.20218,14.702099,0.0,0.0,100.0,-7.0,7.0,8.0,8.881132,0.0,24.0,4.6077237,0.0,0.0,1.0,-8.0,2.0,1.0,0.0,56.0,0.0
91.0,244.97156,8.0,107.285904,18.0,0.0,0.0,100.0,-7.0,7.0,8.0,9.0,1.0,38.0,0.0,0.0,0.0,3.0443146,-8.0,3.716364,2.0,0.0,58.0,0.0
71.0,241.49226,6.0,97.2148,25.337538,4.4154077,0.0,89.0,70.22888,6.0,3.0,27.0,1.0,20.0,0.0,0.0,0.0,63.143528,-8.0,9.0,-8.0,5.074268,71.50345,0.0
87.421524,237.41373,11.0,100.27595,28.0,0.0,0.0,100.0,-7.0,7.0,8.0,35.0,2.0,44.22171,0.0,2.0,3.0,8.0,49.30273,2.0,1.0,0.0,33.0,0.0
-9.0,-9.0,-9.0,-9.0,-9.0,-9.0,-9.0,-9.0,-9.0,-9.0,-9.0,-9.0,-9.0,-9.0,-9.0,-9.0,-9.0,-9.0,-9.0,-9.0,-9.0,-9.0,-9.0,0.0
87.0,63.917553,6.0,86.21146,32.0,0.0,0.0,100.0,-7.0,7.0,8.0,3.9892185,2.0,33.0,-8.0,0.0,0.0,4.6490126,15.692427,5.0,2.0,0.0,43.0,0.0
80.0,352.25412,17.761274,126.74353,12.0,0.0,0.0,90.0,12.272578,6.0,6.0,14.0,0.0,35.0,-8.0,0.0,0.0,12.090892,-8.0,2.0,1.0,0.0,53.96372,0.0
85.0,-9.0,5.817314,128.59976,6.87371,0.0,0.0,100.0,-7.0,7.0,8.0,0.41263703,1.0,16.0,-8.0,0.0,0.0,38.523666,-8.0,3.0,1.0,0.0,85.534035,0.0
62.552616,228.12506,5.0,79.85207,28.0,0.0,0.0,97.14072,13.496036,6.0,6.0,27.0,3.0,50.0,1.0,4.0,4.0,68.26182,60.93389,5.0,3.0,1.0,82.23325,0.0
28.259672,305.865,4.0,95.45221,23.0,2.0,1.0,92.0,17.02088,4.0,2.0,30.728165,3.0,20.0,0.0,3.0,3.7931452,70.647026,-8.0,13.974866,1.0,3.1524851,100.0,0.0
73.0,196.68832,7.0,109.196236,45.793907,0.0,0.0,100.0,-7.0,7.0,8.0,7.0,2.0,43.0,16.482313,0.0,0.0,40.31373,-8.0,5.0,4.139493,1.0,75.0,0.0
65.0,365.99533,25.729555,139.15889,26.0,2.0,1.0,88.0,23.122553,6.0,3.0,30.0,0.0,42.0,0.0,1.0,1.0,88.51032,-8.0,3.0,2.0,0.0,77.30179,0.0
66.014656,138.30795,2.0,54.28316,25.770792,0.0,0.0,100.0,-7.0,7.0,8.0,43.68565,3.0,63.534504,0.0,2.0,3.0,65.53742,-8.0,3.0,2.0,3.0,85.28002,0.0
71.0,143.10272,15.270956,63.0,-9.0,0.06555504,0.0,72.62011,36.92387,6.0,4.0,3.9364734,0.0,0.0,0.0,1.0,1.0,1.8126081,-8.0,1.0,-8.0,0.0,39.04979,0.0
89.03623,271.84576,8.76432,119.10144,31.0,0.0,0.0,100.0,-7.0,7.0,8.0,44.187355,1.0,46.08,0.0,0.0,0.0,0.0,88.413124,2.0,1.0,0.0,33.0,0.0
86.0,237.72084,15.0,98.13486,16.0,0.0,0.0,100.0,-7.0,7.0,8.0,20.0,0.0,38.0,13.780847,1.0,0.0,6.0057077,60.604637,2.0,2.0,0.0,83.0,0.0
75.0,401.0707,9.0,106.50099,13.952302,0.0,0.0,100.0,-7.0,7.0,8.0,19.0,1.0,27.0,8.0,0.0,0.0,48.173878,74.69727,4.0,2.0,0.0,78.0,0.0
82.47673,294.04385,7.0,147.95566,20.0,0.0,0.0,100.0,-7.0,7.0,8.0,23.0,2.0,16.720177,11.124308,0.0,0.0,32.969963,58.08209,5.0,2.0,0.0,50.0,0.0
83.0,386.30627,3.0,100.0,41.096622,0.0,0.0,100.0,-7.0,7.0,8.0,37.0,1.0,30.314468,0.0,2.0,2.0,6.0,-8.0,3.0,3.0,0.0,40.625565,0.0
71.0,199.89003,10.0,139.47495,14.0,2.50516,3.9140677,80.37329,23.11705,6.0,2.0,6.079252,1.0,14.0,0.0,2.0,2.0,20.617565,-8.0,4.0,1.0,0.0,71.0,0.0
66.0,162.28154,2.0,76.74824,28.0,0.0,0.0,100.0,-7.0,7.0,8.0,28.256886,4.0,18.0,15.493304,0.0,0.0,28.0,18.478966,4.0,4.0,2.0,75.0,0.0
82.0,339.86063,4.0,127.571045,19.212307,0.0,0.0,100.0,-7.0,7.0,8.0,25.0,1.0,19.320581,18.234497,0.0,0.0,24.42562,88.142235,5.0,2.0,1.0,44.0,0.0
83.0,304.93674,5.0,113.28227,3.9741194,0.0,0.0,88.0,29.196692,6.0,6.0,11.0,1.0,51.213383,21.86083,0.0,0.0,4.7217145,-8.0,1.0,1.0,0.0,38.0,0.0
73.0,242.40945,2.0,63.291813,19.208193,1.0,0.0,95.0,42.229992,6.0,5.0,28.0,6.582523,18.0,1.0,1.0,1.0,13.0,50.33586,3.0,2.0,0.0,40.977295,0.0
90.3354,208.12689,5.0,110.89034,14.0,0.0,0.0,100.0,-7.0,7.0,8.0,9.0,2.0,18.0,-8.0,0.0,0.0,2.0,83.4296,2.0,1.0,0.0,46.480156,0.0
69.0,105.39754,4.0,54.46658,27.0,0.0,0.0,96.0,81.47738,6.0,6.0,30.664606,3.0,24.0,0.0,4.0,4.0,51.78079,84.03839,5.0,3.0,2.0,60.0,0.0
83.06097,153.68045,7.0,45.938446,6.0,0.0,0.0,100.0,-7.0,7.0,8.0,8.80461,2.0,25.0,0.0,0.0,0.0,13.0,-8.0,2.0,-8.0,0.0,56.0,0.0
84.0,142.77335,7.0,90.0,10.542656,0.0,0.0,100.0,-7.0,7.0,8.0,5.792816,1.0,-9.0,0.0,1.0,1.0,11.545086,-8.0,6.0,-9.0,0.0,80.0,0.0
81.0,163.57812,3.0,56.45924,14.71288,0.0,0.0,100.0,-7.0,7.0,8.0,17.0,2.0,24.0,1.0,1.0,1.0,24.697884,-8.0,1.0,1.0,0.0,67.0,0.0
86.0,166.52007,16.275198,82.53039,11.0,0.0,0.0,100.0,-7.0,7.0,8.0,17.0,0.0,77.61396,3.0,0.0,0.0,1.0,43.54154,1.0,1.0,-8.0,75.69056,0.0
81.0,390.1451,26.092524,167.9484,24.0,1.0,0.0,93.0,33.80678,6.0,5.0,24.592417,0.0,0.0,-7.7435894,0.0,0.0,8.904213,-8.0,7.0,-8.0,0.0,54.009438,0.0
69.0,188.12479,5.967259,94.40218,27.0,3.0,3.6953666,100.0,-7.0,6.0,8.0,22.0,2.0,57.080357,12.0,0.0,0.0,9.0,70.93158,1.0,4.1423965,0.0,46.987457,0.0
68.0,147.34216,8.643139,81.0,28.0,0.0,0.0,95.0,27.161358,6.0,6.0,27.439648,0.119565,24.0,0.63416845,1.0,1.8037001,8.0,-8.0,4.0,1.0,0.0,59.452164,0.0
73.0,431.45767,2.0,63.840176,12.0,0.0,0.0,88.93278,22.575897,6.0,6.0,18.234772,2.0,57.46338,1.0,0.0,0.0,14.0,50.421963,5.0,2.0,0.0,82.724495,0.0
73.0,-8.0,10.0,72.90733,11.0,0.0,0.0,100.0,-7.0,7.0,8.0,3.4677603,0.0,36.0,-7.0,1.0,1.0,84.15761,76.009125,2.0,2.0,1.0,75.0,0.0
64.0,165.41104,2.0,97.0,17.0,2.0,1.0,63.80225,1.0,3.0,6.0,20.0,1.0,44.047382,2.0,2.0,2.0,27.463444,64.83361,3.0,4.0,0.0,80.0,0.0
83.0,139.80795,10.0,81.0,14.0,0.0,0.0,100.0,-7.0,7.0,8.0,4.159236,1.0,25.0,-7.0,1.0,1.0,20.720148,-8.0,2.0,1.0,0.0,51.983135,0.0
80.68469,76.198326,2.0,38.85107,15.0,0.0,0.0,100.0,-7.0,7.0,8.0,14.366137,3.0,24.0,0.0,1.0,1.0,4.0,40.504242,3.0,2.0,0.0,50.0,0.0
80.0,257.58536,2.0,53.34519,25.0,0.0,0.0,100.0,-7.0,7.0,8.0,24.0,8.873723,33.0,0.0,3.0,3.0,1.0,97.48465,4.0,2.0,0.0,50.0,0.0
-9.0,-9.0,-9.0,-9.0,-9.0,-9.0,-9.0,-9.0,-9.0,-9.0,-9.0,-9.0,-9.0,-9.0,-9.0,-9.0,-9.0,-9.0,-9.0,-9.0,-9.0,-9.0,-9.0,0.0
80.30877,187.62006,9.0,79.0973,43.9897,0.0,0.0,100.0,-7.0,7.0,8.0,42.016945,1.0,25.0,2.0,4.4058957,4.0,7.0,-8.0,9.984072,2.0,0.0,50.0,0.0
90.731964,360.11188,13.0,120.19014,10.331895,0.0,0.0,100.0,-7.0,7.0,8.0,21.0,2.0,4.4770527,-8.0,0.0,0.0,6.0,-8.0,2.0,-8.0,0.0,40.358433,0.0
79.0,165.34554,16.0,79.0,24.0,0.0,0.0,94.0,1.0,5.40037,6.0,26.652025,0.0,21.0,0.0,2.0,2.0,26.166397,-8.0,2.0,2.0,0.0,44.0,0.0
85.0,352.83463,17.792341,132.3129,-9.0,0.0,0.0,100.0,-7.0,7.0,8.0,5.8205194,1.0,20.0,19.80521,0.0,0.0,26.520147,36.67424,4.0,1.0,1.0,80.0,0.0
76.0,166.99934,2.0,72.0,15.0,0.0,0.0,100.0,-7.0,7.0,8.0,22.0,1.0,57.125298,9.704402,0.0,0.0,43.518993,91.0,6.0,3.0,0.0,86.60106,0.0
83.0,199.92041,17.0,118.29127,16.610073,0.0,0.0,100.0,-7.0,7.0,8.0,19.0,0.0,2.757781,0.0,0.0,0.0,1.0,-8.0,3.0,-8.0,0.0,52.27167,0.0
81.0,165.02553,3.0,75.27553,27.088558,0.0,0.0,100.0,-7.0,7.0,8.0,41.868122,3.0,26.0,22.140232,0.0,0.0,10.0,-8.0,5.0,2.0,0.0,59.52179,0.0
83.0,226.19814,8.0,100.0,23.0,0.0,0.0,100.0,-7.0,7.0,8.0,24.416872,2.0,36.0,-7.0,0.0,0.0,29.91824,80.414024,4.0,3.0,0.0,91.16804,0.0
84.29684,143.24686,2.0,72.0,22.0,0.0,0.0,100.0,-7.0,7.0,8.0,23.0,3.0,29.876081,0.0,1.0,1.0,6.2296762,-8.0,5.0,1.0,0.0,56.0,0.0
70.0,78.56037,0.75474024,49.32489,9.0,0.0,0.0,100.0,-7.0,7.0,8.0,11.0,3.0,25.0,0.0,4.0,4.0,63.866817,95.91527,2.0,3.0,1.0,64.0,0.0
75.0,252.29527,20.0,100.0,24.0,0.0,0.0,88.0,12.370509,5.0,6.0,25.0,0.0,58.275307,2.9169192,0.0,0.0,0.0,-8.0,1.0,2.0,0.0,50.0,0.0
90.0,281.52875,20.755234,96.90358,14.0,0.0,0.0,100.0,-7.0,7.0,8.0,15.0,0.0,67.45869,15.785181,0.0,0.0,0.0,-8.0,0.0,1.0,0.0,33.0,0.0
82.0,568.65424,1.0,151.38799,42.919746,0.0,0.0,100.0,-7.0,7.0,8.0,51.254753,2.0,43.278175,0.0,2.0,3.0,2.0,80.227806,2.0,4.0,0.0,50.0,0.0
91.23403,151.47363,41.685856,106.57823,15.0,0.0,0.0,100.0,-7.0,7.0,8.0,24.0,0.0,35.0,0.0,0.0,0.0,1.0,-8.0,1.0,1.0,0.0,37.609264,0.0
86.0,407.3076,3.0,113.812294,15.0,0.0,0.0,86.2723,50.140614,6.0,6.0,18.0,2.0,42.55695,-8.0,0.0,0.0,1.0,53.94823,2.0,3.0,-8.0,60.733448,0.0
84.0,397.76575,29.84875,115.682724,15.0,0.0,0.0,100.0,-7.0,7.0,8.0,15.13925,0.0,42.0,0.0,1.0,1.0,6.0,24.412212,2.0,3.0,0.0,64.576096,0.0
59.419933,134.72937,16.332474,64.733574,20.0,1.0,1.0,92.0,-7.0,-9.0,4.7775774,19.0,0.0,40.0,-7.0,0.0,0.0,40.913925,-8.0,6.0,1.0,3.0,80.0,0.0
79.988,300.74332,19.167059,125.3156,40.55662,0.0,0.0,100.0,-7.0,7.0,8.0,38.0,0.0,18.70534,-8.0,4.0,4.0,9.0,-8.0,9.0,2.0,0.0,57.0,0.0
74.0,271.2749,5.17643,80.00214,32.0,0.0,0.0,100.0,-7.0,7.0,8.0,32.926903,1.0,23.0,0.0,0.0,0.0,83.15188,78.16434,2.0,3.0,3.0,67.0,0.0
75.0,307.61462,1.6290997,111.31194,32.0,0.0,0.0,100.0,-7.0,7.0,8.0,31.630709,3.0,16.0,5.0,2.0,2.0,35.54098,84.15891,5.0,1.0,2.9458838,44.0,0.0
88.0,434.56308,32.294785,154.58922,13.0,0.0,0.0,100.0,-7.0,7.0,8.0,12.168765,0.0,20.0,12.149017,0.0,0.0,12.615238,-8.0,4.0,1.0,0.0,82.13874,0.0
84.0,187.43456,8.0,68.99056,17.0,0.0,0.0,100.0,-7.0,7.0,6.0,18.0,1.0,20.0,0.0,0.0,0.0,8.0,70.80427,3.0,2.0,0.0,60.0,0.0
68.0,112.7314,4.0,41.584095,14.0,2.0,1.0,84.726,47.263477,6.0,5.0,16.0,1.0,53.63489,-1.6168778,0.0,0.0,70.98153,85.057465,3.0,2.0,1.0,71.52338,0.0
63.381607,113.029106,7.0,85.15653,16.0,1.0,1.0,79.09593,16.202448,4.0,2.228757,21.672318,3.0,21.0,0.0,5.006166,5.0,24.350746,-8.0,8.0,2.0,0.0,75.0,0.0
73.0,247.39755,19.577362,88.976,12.0,2.0,0.0,67.37145,26.63237,6.0,2.0,14.0,0.0,53.85235,-7.0,0.0,0.0,2.0,61.90802,1.0,2.0,0.0,80.649796,0.0
83.16264,387.82498,7.0,81.0,24.408695,0.0,0.0,100.0,-7.0,7.0,8.0,23.0,1.0,29.0,6.364781,1.0,0.0,6.0,80.0,2.0,2.0,0.0,40.0,0.0
73.0,287.40485,3.3941178,119.60328,18.0,0.0,0.0,87.12448,22.576405,6.0,6.0,15.855485,1.0,33.0,0.0,1.0,1.0,47.89845,93.671295,4.0,2.0,1.0,69.44579,0.0
74.0,407.21524,1.0,156.2962,43.347294,0.0,0.0,95.49601,71.87484,6.0,5.0,42.437733,3.0,42.790043,2.0,0.0,0.0,11.0,84.57302,9.0,2.0,1.0,57.0,0.0
88.0,273.66595,35.781055,144.5093,12.0,0.0,0.0,100.0,-7.0,7.0,8.0,10.065043,0.0,12.710512,0.0,0.0,0.0,3.0,-8.0,4.0,-8.0,0.0,86.0,0.0
62.89516,262.7365,13.038964,140.60481,38.024635,0.0,0.0,96.0,18.657862,6.0,6.0,40.06344,0.0,36.0,2.0,1.0,1.0,62.269516,42.041954,11.0,2.0,3.8920126,64.0,0.0
85.0,375.15448,7.0,127.967735,17.0,0.0,0.0,100.0,-7.0,6.0,8.0,19.0,2.0,63.2406,-8.0,1.0,1.0,13.192188,42.537064,1.6856524,2.0,0.0,86.955055,0.0
80.0,201.94719,2.0,77.2256,31.0,0.0,0.0,100.0,-7.0,7.0,8.0,31.0,3.0701125,19.0,1.0,1.0,1.0,3.5792255,74.837,1.0,2.0,0.0,33.0,0.0
92.42916,248.13132,67.21691,120.46516,5.610559,0.0,0.0,100.0,-7.0,7.0,8.0,7.123565,0.0,15.0,7.0,0.0,0.0,2.0,-8.0,2.0,-8.0,0.0,31.32335,0.0
-9.0,-9.0,-9.0,-9.0,-9.0,-9.0,-9.0,-9.0,-9.0,-9.0,-9.0,-9.0,-9.0,-9.0,-9.0,-9.0,-9.0,-9.0,-9.0,-9.0,-9.0,-9.0,-9.0,0.0
77.0,142.44022,6.0,88.367455,21.0,0.0,0.0,100.0,-7.0,7.0,8.0,22.233944,1.0,46.0,-8.0,0.0,0.0,61.190247,69.112404,2.0,2.0,2.0,100.0,0.0
83.0,140.02596,3.0,68.11773,11.0,0.0,0.0,100.0,-7.0,7.0,8.0,11.0,1.0,35.0,11.870909,0.0,0.0,23.9972,97.87024,4.0,1.6008472,0.0,91.04106,0.0
87.0,208.47923,1.0,130.76596,11.588729,0.0,0.0,100.0,-7.0,7.0,8.0,11.837693,1.5619693,17.0,0.0,1.0,1.0,6.0,75.754105,4.0,2.0,0.0,67.0,0.0
76.0,161.76001,1.0,46.846054,28.0,0.0,0.0,100.0,-7.0,7.0,8.0,39.546597,8.123316,91.428314,0.0,2.0,2.0,8.647496,86.28846,2.0,21.001104,0.0,75.721375,0.0
73.0,380.77338,17.963625,103.11926,19.0,0.0,0.0,100.0,-7.0,7.0,8.0,21.0,0.0,55.421013,0.0,1.0,1.0,33.45951,-8.0,1.0,2.0,-9.0,81.64531,0.0
87.93726,326.93402,21.036495,140.75041,16.0,0.0,0.0,100.0,-7.0,7.0,8.0,20.0,0.0,38.0,10.267724,0.0,0.0,35.504093,-8.0,3.0,1.0,0.0,80.0,0.0
85.0,264.31955,5.0,71.0,46.74552,0.0,0.0,100.0,-7.0,7.0,8.0,47.499653,2.2465227,43.0,0.0,3.0,3.0,3.0,70.885284,4.0,3.0,0.0,44.850388,0.0
71.0,421.09326,13.404432,123.35562,21.0,4.852545,1.0,83.685036,45.13084,6.0,5.0,25.772514,0.0,35.976776,10.705169,0.0,0.0,0.0,99.107185,1.0,1.0,0.0,73.918785,0.0
69.8007,93.76023,4.0,37.588074,23.0,0.0,0.0,100.0,-7.0,7.0,8.0,30.0,4.6588783,42.28331,0.0,3.0,3.0,49.776638,83.29544,4.0,3.0,0.0,100.0,0.0
65.0,451.68658,4.0,102.56965,20.012798,1.0,1.0,100.0,-7.0,4.0,8.0,24.0,2.0,36.0,1.0,1.0,1.0,10.292303,-8.0,4.9370317,-8.0,0.0,47.13806,0.0
75.0,110.903076,5.0,48.85627,20.0,0.0,0.0,100.0,-7.0,7.0,8.0,20.0,6.0,75.565056,0.0,2.0,2.0,5.0,82.885315,1.0,3.0,0.0,80.0,0.0
87.0,442.39124,11.377853,144.80087,21.0,0.0,0.0,100.0,-7.0,7.0,8.0,30.0,1.0,51.594654,-8.0,0.0,0.0,6.100383,-8.0,4.0,2.0,0.0,80.0,0.0
72.0,175.13852,6.0,83.0,43.960754,0.0,0.0,100.0,-7.0,7.0,8.0,40.424244,1.7786757,23.0,2.4841852,0.0,0.0,73.28432,81.33439,5.0,3.0,1.0,75.27344,0.0
78.0,151.6473,7.0,93.53011,30.0,0.0,0.0,100.0,-7.0,7.0,8.0,24.0,3.0,35.696556,0.0,3.0,3.0,1.0,35.734924,6.0,1.663973,-9.0,100.0,0.0
86.0,457.5187,7.0,119.75134,26.0,0.0,0.0,100.0,-7.0,7.0,8.0,29.0,1.0,34.531685,3.3330705,0.0,0.0,3.0,72.267494,4.0,2.0,0.0,50.0,0.0
80.0,238.81299,12.381347,112.18788,34.0,0.0,0.0,95.0,7.972461,6.0,6.0,35.0,0.0,30.0,8.87377,0.0,0.0,3.0,-8.0,5.8959136,1.0,0.0,30.267744,0.0
73.3311,158.40118,7.0,76.17206,32.0,0.0,0.0,96.0,21.377821,6.0,6.0,41.403244,1.0,26.726347,0.0,2.0,1.6424603,45.285164,-8.0,3.0,1.0,0.0,50.881733,0.0
80.0,205.21501,7.0,67.89564,-9.0,0.0,0.0,100.0,-7.0,7.0,8.0,5.612358,1.0,39.72972,0.0,2.0,3.0,22.91596,45.18186,1.0,2.0,0.0,90.87584,0.0
81.06349,159.321,2.9987903,74.0,25.342442,0.0,0.0,100.0,30.537638,6.0,6.0,33.167587,3.0,27.91908,16.382338,0.0,0.0,26.841349,52.529297,3.0,2.0,0.0,44.0,0.0
71.0,268.2407,-9.0,68.0,18.0,0.0,0.0,100.0,-7.0,7.0,8.0,18.0,5.0,35.0,0.0,14.539344,13.554853,52.474552,-8.0,6.0,2.0,1.080885,100.0,0.0
86.0,124.97991,10.884494,74.67306,15.0,0.0,0.0,100.0,-7.0,7.0,8.0,14.0,1.0,44.047375,-8.0,0.0,0.0,17.8446,-8.0,3.0,1.0,0.0,65.43476,0.0
76.0,238.17345,19.637457,103.29606,10.0,1.0,0.0,79.70433,56.007595,6.0,6.0,11.0,0.0,50.0,0.0,1.0,1.0,1.0,-8.0,1.0,1.0,0.0,47.383293,0.0
88.0,172.8435,3.0,138.3174,17.337378,0.0,0.0,100.0,-7.0,7.0,8.0,8.0,2.0,21.88904,-8.0,0.0,0.0,1.0,-8.0,2.0,1.0,0.0,40.201557,0.0
71.0,403.81357,5.0,125.34707,56.806664,0.0,0.0,95.0,-7.0,5.0,5.5581617,49.954575,3.0,32.0,17.116358,0.0,0.0,47.048702,80.074585,4.0,2.0,1.0,35.803936,0.0
71.0,152.50285,14.0,81.0,19.0,0.0,0.0,93.0,21.370785,6.0,6.0,18.14027,0.0,22.0,-8.0,0.0,0.0,53.565937,-8.0,1.0,1.0,1.0,25.0,0.0
72.0,114.492905,4.0,49.492447,15.0,1.0,1.0,90.19484,29.400429,6.0,2.0,16.0,2.0,20.0,0.0,0.0,0.0,8.0,58.517433,4.0,2.0,0.0,63.0,0.0
68.67508,186.67772,5.0,124.36021,21.022745,0.0,0.0,91.0,16.08306,6.0,6.0,20.0,1.0,24.0,-7.0,0.44315314,0.0,36.0,-8.0,6.002031,1.0,1.0,100.0,0.0
88.0,385.1465,19.6905,82.0,27.0,0.0,0.0,100.0,-7.0,7.0,8.0,32.0,0.0,12.712705,-7.0,1.0,1.0,0.0,-8.0,1.0,1.0,0.0,12.311808,0.0
72.0,417.54718,2.0,91.252716,25.497046,0.0,0.0,87.41792,21.117298,6.0,6.0,28.837599,2.0,46.19165,0.0,0.0,0.0,18.0,93.5889,5.0,4.0,1.0,70.0,0.0
88.0,179.68446,14.599969,89.90775,14.0,0.0,0.0,100.0,-7.0,7.0,8.0,20.0,0.0,18.0,-7.865156,0.0,0.0,13.526717,-8.0,3.6536114,1.0,0.0,70.87935,0.0
69.661446,151.06972,5.0,70.78699,21.0,1.5368975,1.0,92.0,20.577173,4.0,5.0,22.0,1.0,6.5011015,-7.0,0.0,0.0,21.0,-8.0,4.0,1.0,0.0,46.118988,0.0
82.0,349.11465,19.67838,103.348274,20.0,0.0,0.0,100.0,-7.0,7.0,8.0,21.11361,0.0,33.0,-8.0,0.0,0.0,25.766481,-8.0,2.0,1.7128356,1.0,40.65194,0.0
64.244736,230.54509,18.653332,100.0,17.975914,1.0,0.0,85.88554,10.051047,4.0,5.0,23.0,0.0,0.0,3.0,0.0,0.0,80.230385,-8.0,5.0,1.0,2.0,60.0,0.0
77.5214,65.679535,35.25844,100.0,21.0,0.0,0.0,88.0,-9.0,6.0,5.0,6.5458536,0.0,19.841913,21.901537,0.0,0.0,44.91545,-8.0,3.0,1.2004305,1.0,50.0,0.0
74.0,186.72484,4.0,67.0,50.582996,0.0,0.0,97.626854,51.19293,6.0,6.0,51.311047,5.0,22.157019,0.0,3.2626882,3.937739,36.0,60.452755,5.0,7.5304894,0.0,56.67174,0.0
75.0,171.83524,2.5649412,77.20453,19.400541,0.0,0.0,100.0,-7.0,7.0,8.0,22.0,1.0,36.8948,0.0,2.0,2.0,41.894146,-8.0,5.0372,2.0,1.0,76.73252,0.0
79.17283,254.5278,2.0,97.0,31.0,0.0,0.0,95.0,43.74307,6.0,6.0,33.270615,4.0,31.791351,1.0,2.0,2.0,18.331833,88.0,5.0,3.0,0.0,71.0,0.0
44.61439,118.366425,5.6290216,50.5618,27.19594,0.0,0.0,88.0,-7.0,-9.0,6.0,32.0,2.0,33.96163,0.51519567,0.0,0.0,82.662415,99.072014,4.0,3.0,2.0,82.38674,0.0
73.0,-9.0,3.0,57.652832,15.974123,0.0,0.0,88.0,54.95193,6.0,6.0,11.0,4.0,35.0,-7.0,1.0,1.0,36.06923,-8.0,3.0,-9.0,0.0,38.0,0.0
83.0,233.64873,5.0,93.0,62.96707,0.0,0.0,100.0,8.936322,4.0,5.0,63.680737,4.0,50.0,0.0,2.0,1.230419,7.8396926,72.7375,4.0,16.045765,0.0,71.0,0.0
73.0,191.16231,25.93356,80.56034,20.0,0.0,0.0,89.0,6.8585405,4.0,6.0,21.0,0.0,36.0,0.0,0.0,0.0,1.0,-8.0,2.0,1.0,0.0,56.224194,0.0
71.0,132.28552,6.0,60.85918,28.718393,0.0,0.0,96.0,32.012024,5.5145507,5.0,28.0,2.0,14.0,0.0,0.0,0.0,16.646872,98.18558,2.0,2.0,0.0,44.916492,0.0
70.0,188.37946,5.0,75.0,28.0,1.0,0.0,86.35913,27.29553,6.0,2.0,32.113247,2.0,46.10382,0.0,4.0,4.0,21.0,46.79777,6.0,3.0,0.0,83.0,0.0
66.853584,105.804665,2.0,67.0,4.654938,1.0,0.0,64.703156,3.0092764,4.0,5.0,10.7319355,1.0,28.899332,0.0,2.0,2.0,0.0,-8.0,0.0,1.0,0.0,67.0,0.0
72.0,107.556984,23.58537,75.56736,14.0,0.0,0.0,100.0,-7.0,7.0,8.0,5.4881353,0.0,29.0,-8.0,0.0,0.0,27.10135,72.75565,3.0,3.0,0.0,67.0,0.0
73.0,172.66022,28.002888,104.37556,11.0,0.0,0.0,89.96993,30.800089,6.0,6.0,13.0,0.0,41.0,-8.0,0.0,0.0,47.111717,-8.0,3.0,1.0,1.0,83.0,0.0
84.0,296.78516,7.0,66.1559,12.123777,0.0,0.0,100.0,-7.0,7.0,8.0,14.068803,1.0,38.0,21.77335,0.0,0.0,13.221519,-8.0,3.0,-8.0,0.0,50.0,0.0
86.0,85.33131,20.804874,70.0,9.0,0.0,0.0,100.0,-7.0,7.0,8.0,4.8327274,0.0,49.106903,22.843716,0.0,0.0,21.0,-8.0,1.0,2.0,0.0,46.874374,0.0
82.0,226.83534,7.0,98.271416,14.0,0.0,0.0,100.0,-7.0,7.0,8.0,7.0,1.0,87.21756,-8.0,0.0,0.0,14.008451,88.0,2.6392748,4.439414,0.0,100.0,0.0
65.0,262.664,3.0,86.901855,17.0,1.0,1.0,92.0,49.097733,4.0,6.0,16.0,2.0,33.0,0.0,1.0,1.0,45.030846,51.477314,5.0,2.0,1.0,63.0,0.0
86.0,191.51512,17.628078,79.0,13.0,0.0,0.0,100.0,-7.0,7.0,8.0,16.0,0.0,25.337477,10.200688,0.0,0.0,18.0,-8.0,1.0,1.0,0.0,25.0,0.0
83.0,220.11458,12.291872,84.0,22.0,0.0,0.0,100.0,-7.0,7.0,8.0,25.0,0.0,33.0,16.0,0.0,0.0,21.164055,78.41767,3.0,3.0,0.0,64.0,0.0
68.0,374.61908,8.0,99.7406,22.0,0.0,0.0,83.72215,2.7968867,6.0,6.0,26.682629,1.7654872,39.0,0.0,3.0,3.0,66.40462,-8.0,3.0,3.0,1.0,72.74252,0.0
80.408,237.37146,10.0,86.96375,33.0,0.0,0.0,100.0,-7.0,7.0,8.0,34.75918,0.0,27.62262,0.0,0.0,0.0,20.7286,120.42199,6.0,5.5586495,1.0,67.0,0.0
76.0,203.17789,4.0,100.47589,13.0,0.0,0.0,100.0,-7.0,7.0,8.0,11.0,2.0,17.0,15.039211,0.0,0.0,85.02816,-8.0,3.0,-8.0,3.0,85.175575,0.0
84.0,222.65375,2.0,87.90781,25.0,0.0,0.0,100.0,-7.0,7.0,8.0,26.0,3.0,32.0,1.0,2.0,2.0,1.0,20.768549,3.0,2.0,0.0,40.69004,0.0
68.0,292.18082,2.7713768,103.07659,23.0,2.2167027,0.0,77.984344,-7.0,6.0,2.2385876,27.461327,1.871541,23.0,1.0,1.0,1.0,1.0,100.0,2.0,2.0,0.0,50.0,0.0
80.7486,361.03156,5.0,106.760574,23.0,0.0,0.0,100.0,-7.0,7.0,8.0,21.998528,1.0,28.827751,-8.0,0.0,0.0,35.12255,71.0,4.0,4.0,0.4636994,56.0,0.0
63.162815,185.07053,8.0,63.0,39.661797,0.0,0.0,100.0,-7.0,7.0,8.0,46.26041,1.0,44.2274,9.500857,0.0,0.0,71.78135,57.652184,15.513946,16.444946,9.484268,85.73887,0.0
71.0,160.33308,4.0,80.95536,25.045279,1.0,1.0,89.0,24.03297,6.0,3.0,26.0,1.0,33.0,0.0,0.0,0.0,22.358433,-8.0,3.0,2.0,0.0,38.0,0.0
70.0,290.46967,4.0,120.616684,48.95108,0.0,0.0,100.0,-7.0,7.0,8.0,57.516212,2.0,41.0,0.0,3.0,3.0,63.619705,35.67535,23.756626,5.0,9.835342,67.0,0.0
67.10697,312.91132,2.0,68.8267,48.31617,0.0,0.0,100.0,-7.0,7.0,8.0,51.908154,5.0,33.0,0.0,6.592226,6.367226,34.148373,79.96355,11.0,4.0,3.0,71.0,0.0
80.0,137.632,21.172232,165.50096,13.0,3.0,1.0,68.47846,54.58017,6.0,2.0,9.0,0.0,14.48073,-8.0,0.0,0.0,1.0,74.60738,2.0,1.0,0.0,38.0,0.0
71.0,126.330475,3.0,31.237415,40.084602,0.0,0.0,100.0,-7.0,7.0,8.0,42.641064,9.034857,11.0,-7.0,4.0,4.0,8.0,-8.0,9.0,1.0,1.0,38.0,0.0
72.545364,164.0474,-3.0900078,59.693134,38.443085,0.0,0.0,96.0,31.543535,6.0,6.0,51.66986,2.0,18.0,12.212494,0.0,0.0,26.336601,82.0,4.0,2.0,3.0,21.438744,0.0
75.0,255.2072,2.0,76.826706,34.0,0.0,0.0,97.0,50.148224,6.0,6.0,34.576687,7.6756687,23.0,0.0,2.0,2.7267823,7.4857383,64.19187,8.528615,3.0,0.0,56.0,0.0
54.569088,225.79562,6.0,84.0,11.510183,3.6231067,4.7680063,83.32754,18.294333,6.0,2.0,14.0,2.0,20.0,0.0,1.0,1.0,59.565975,-8.0,7.0,1.0,1.0,80.0,0.0
76.0,-6.962967,24.021687,83.0,28.592321,0.0,0.0,100.0,-7.0,7.0,8.0,9.0,0.0,54.66465,0.0,3.0,2.0,59.38999,-8.0,2.0,2.0,2.0,38.433422,0.0
82.0,221.70842,3.0,68.117966,17.0,0.0,0.0,100.0,-7.0,7.0,8.0,28.0,4.0,35.0,0.0,6.8753676,6.8136992,11.0,61.925983,1.2920098,3.0,0.0,58.0,0.0
75.07707,180.57727,4.0,76.375725,25.0,0.0,0.0,96.34663,61.412766,6.0,6.0,31.0,3.0,25.0,0.0,4.0,4.0,21.0,52.236122,3.0,2.0,0.0,75.0,0.0
78.0,191.03288,2.0,86.0,41.68165,0.0,0.0,100.0,-7.0,7.0,8.0,41.701035,5.0,33.0,0.0,1.0,1.0,9.725071,79.58941,5.0,6.0,0.0,71.0,0.0
70.0,308.83878,8.0,75.0,14.0,0.0,0.0,83.16605,12.506535,4.0,6.0,19.0,3.0,50.0,0.0,2.0,1.0530896,44.368504,-8.0,3.0,1.0,0.0,60.0,0.0
-9.0,-9.0,-9.0,-9.0,-9.0,-9.0,-9.0,-9.0,-9.0,-9.0,-9.0,-9.0,-9.0,-9.0,-9.0,-9.0,-9.0,-9.0,-9.0,-9.0,-9.0,-9.0,-9.0,0.0
71.0,270.866,12.0,116.30248,30.0,0.0,0.0,100.0,-7.0,7.0,8.0,32.686256,0.0,37.02179,0.0,0.0,0.0,72.055984,92.51362,2.0,3.0,2.0,88.32694,0.0
88.0,453.51538,9.090564,115.96296,9.0,0.0,0.0,100.0,-7.0,7.0,8.0,9.472498,0.0,30.0,-8.0,0.0,0.0,4.0,-8.0,3.0,-8.0,0.0,51.707985,0.0
82.0,222.85983,30.586828,101.446815,12.0,0.0,0.0,74.75255,34.865704,6.0,6.0,12.0,0.0,45.0,21.798122,0.0,0.0,0.0,-8.0,1.0,1.0,0.0,-3.3651807,0.0
89.0,187.0589,12.0,90.8996,3.0250976,0.0,0.0,100.0,-7.0,7.0,8.0,6.803881,0.0,62.01874,0.0,0.0,0.0,2.3516684,-8.0,2.0,1.0,0.0,100.0,0.0
56.621056,192.04631,3.0,126.096016,15.0,2.0,1.3180369,89.0,4.5423217,4.0,4.0,9.3629,1.0,55.563396,1.0,1.0,1.0,53.461216,86.87114,2.0,4.0,2.0,71.0,0.0
89.61162,409.47568,20.374285,104.70008,7.1079597,0.0,0.0,100.0,-7.0,7.0,8.0,11.0,0.0,20.0,0.0,0.0,0.0,2.0,-8.0,1.0,1.0,0.0,100.0,0.0
81.0,163.60023,7.0,101.601,32.926807,0.0,0.0,100.0,-7.0,7.0,8.0,32.0,3.0,7.1484766,0.0,1.0,1.0,8.609496,55.21302,6.0,1.0,0.0,50.0,0.0
75.52849,149.63773,1.0,67.82018,36.673172,0.0,0.0,100.0,-7.0,7.0,8.0,41.74256,2.0,67.69786,8.0,2.001883,2.0,19.258324,89.87067,5.0,4.0,0.0,67.0,0.0
88.0,250.09196,3.0,100.0,15.0,0.0,0.0,100.0,-7.0,7.0,8.0,18.492191,1.0,15.0,4.0,0.0,0.0,10.0,71.0,2.0,2.0,0.0,77.87519,0.0
87.0,187.98642,2.6359706,74.0,27.0,0.0,0.0,100.0,-7.0,7.0,8.0,34.708397,1.0,17.0,11.273799,0.0,0.0,8.0,-8.0,4.0,1.0,0.0,35.8152,0.0
73.0,120.7356,9.0,67.0,23.0,0.0,0.0,100.0,-7.0,7.0,8.0,24.0,2.0,25.323433,2.0,1.0,1.0,15.0,23.196285,3.0,3.0,0.0,73.0,0.0
68.0,151.7061,4.0,65.0,28.0,1.0,1.0,100.0,-7.0,7.0,8.0,26.0,5.0,24.0,0.0,0.0,0.0,16.0,59.01736,2.0,2.0,0.0,26.155727,0.0
83.069145,188.5438,8.0,79.0,15.0,0.0,0.0,100.0,-7.0,7.0,8.0,15.0,2.0,76.22365,0.0,0.0,0.0,0.0,41.81385,1.0,1.0,0.0,43.0,0.0
72.0,53.73445,5.6911893,-9.0,9.0,1.0,1.0,100.0,-7.0,7.0,8.0,12.0,1.0,42.22885,3.0,3.0,3.0,9.938878,78.26015,2.0,3.0,0.0,82.33483,0.0
70.74924,92.11152,8.0,71.44122,41.070793,0.0,0.0,100.0,-7.0,7.0,8.0,49.9788,2.0,58.00812,-7.0,1.0,1.0,56.381897,76.0,6.0,3.0,3.0,77.851204,0.0
-9.0,162.33517,8.0,122.43506,25.0,0.0,0.0,79.6885,-7.0,-9.0,6.0,31.0,1.2344244,33.0,-7.0,0.0,0.0,34.450306,21.416798,7.0,2.0,2.0,86.0,0.0
82.0,298.3451,9.0,88.97974,12.0,0.0,0.0,100.0,-7.0,7.0,8.0,14.730891,2.6990213,33.0,1.2144014,1.0,1.0,12.0,22.53563,1.0,3.0,0.0,50.0,0.0
81.0,304.121,10.0,113.79648,17.0,0.0,0.0,100.0,-7.0,7.0,8.0,17.888395,2.0,37.472847,0.0,0.0,0.0,40.90939,46.42488,4.0,3.0,1.0,80.0,0.0
82.0,344.1167,2.0,88.74306,32.0,0.0,0.0,98.0,68.09819,6.0,6.0,42.833817,3.0,43.59446,0.0,4.6961865,4.646859,9.930786,91.94505,2.0,3.0,0.0,58.163055,0.0
68.0,213.57529,4.58593,61.215183,20.0,0.0,0.0,100.0,-7.0,7.0,8.0,25.0,3.0,20.0,-7.0,2.0,2.0,45.6239,-8.0,6.0,2.0,3.0,67.0,0.0
68.0,-9.0,9.0,34.125412,7.0,1.0,1.0,100.0,-7.0,6.0,8.0,8.0,1.0,16.801176,0.0,1.0,1.0,16.83246,-8.0,4.0,1.0,0.0,100.0,0.0
73.0,164.21506,2.0,76.0,34.0,0.0,0.0,100.0,-7.0,7.0,8.0,42.016766,1.5027299,29.0,-7.0,2.0,1.9402256,63.19692,85.26866,4.0,3.0,2.0,50.0,0.0
84.52114,231.8083,5.0,92.0,14.405414,0.0,0.0,100.0,-7.0,7.0,8.0,13.0,1.0,24.0,0.0,1.2052021,1.0,14.007629,-8.0,0.0,1.0,0.0,21.518862,0.0
84.0,185.64667,5.0,92.0,27.051262,0.0,0.0,100.0,-7.0,7.0,8.0,29.0,1.3943862,25.334923,0.0,2.0,2.0,9.539049,85.29279,5.0,2.0,0.0,67.0,0.0
66.0,257.7262,3.0,86.665596,30.60776,0.0,0.0,87.80633,13.065282,6.0,6.0,40.92545,2.0,38.016705,0.0,2.0,2.0,28.0,-8.0,8.144065,3.0,1.0,71.0,0.0
68.0,341.19342,1.0,103.02377,28.0,3.0,2.95888,75.41907,22.81525,6.0,3.3094802,44.758713,2.0,19.0,-7.0,1.0,1.0,19.082878,66.94841,7.0,2.0,0.0,68.54652,0.0
87.0,137.69412,29.20956,86.04422,34.0,0.0,0.0,100.0,-7.0,7.0,8.0,23.0,0.0,50.0,1.0,0.17708826,0.0,1.0,-8.0,2.0,2.0,0.0,24.723253,0.0
85.0,220.1407,6.0,70.36668,20.0,0.0,0.0,100.0,-7.0,7.0,8.0,28.165361,2.0,32.0,13.694319,2.0,1.9597551,5.0,-8.0,2.0,-8.0,0.0,25.092665,0.0
68.0,281.6686,-9.0,84.0,12.0,0.0,0.0,81.00731,23.57409,6.0,5.0,13.107118,2.675595,38.0,-7.0,2.0,2.0,32.536175,-8.0,4.0,1.0,0.0,84.74513,0.0
78.71479,182.52351,2.0,61.0,16.0,0.0,0.0,100.0,-7.0,7.0,8.0,17.556381,1.0,39.046425,-7.0,0.0,0.0,41.10315,35.047955,2.0,2.0,0.0,59.112514,0.0
72.0,423.25394,29.401741,253.10121,15.0,0.0,0.0,88.0,59.513832,6.0,6.0,9.0,0.0,38.0,-8.0,2.0,1.0,75.66932,-8.0,3.0,2.0,2.0,89.881226,0.0
-9.0,-9.0,-9.0,-9.0,-9.0,-9.0,-9.0,-9.0,-9.0,-9.0,-9.0,-9.0,-9.0,-9.0,-9.0,-9.0,-9.0,-9.0,-9.0,-9.0,-9.0,-9.0,-9.0,0.0
68.0,331.7336,54.209366,165.77795,19.0,1.0,0.0,88.01204,4.0125504,6.0,5.0,21.0,0.0,23.254261,-7.0,0.0,0.0,60.0862,40.883663,2.0,1.0,0.0,36.84975,0.0
59.972534,159.12962,3.0,67.89379,6.0,0.0,0.0,82.99936,3.0,3.223981,5.0,9.501511,2.0,29.0,-7.0,1.0,1.0,35.333042,-8.0,4.0,1.0,0.0,66.794426,0.0
88.0,218.86311,3.0,114.44901,15.0,0.0,0.0,100.0,-7.0,7.0,8.0,16.0,1.0,45.10543,9.365246,0.0,0.0,19.0,98.46332,3.0,2.0,0.0,57.0,0.0
73.079636,194.88763,22.71266,98.98783,13.183008,0.0,0.0,100.0,-7.0,7.0,8.0,18.0,0.0,22.0,0.0,1.0,1.0,43.20587,-8.0,4.0,1.0,1.0,75.0,0.0
68.0,183.47177,14.0,115.65968,26.0,0.0,0.0,81.881294,14.743438,6.0,6.0,23.0,1.0,27.355787,-7.177928,1.0,1.0,55.666584,-8.0,6.0,2.0,2.0,75.0,0.0
84.0,116.36926,13.7836895,76.0,11.0,0.0,0.0,100.0,-7.0,7.0,8.0,12.0,0.0,29.0,2.0,0.0,0.0,13.0,-8.0,3.0,1.0,0.0,71.0,0.0
66.65227,170.85994,22.48246,70.48604,22.0,1.0,0.0,82.745255,6.0,4.0,5.0,23.0,0.0,43.0,-7.0,0.0,0.0,11.062704,17.825207,2.0,2.0,0.0,69.20368,0.0
82.94931,281.22913,55.381367,102.12111,12.0,0.0,0.0,89.0,49.330395,6.0,6.0,12.0,0.0,78.24808,-8.0,0.0,0.0,8.0,-8.0,1.0,2.0,0.0,95.61646,0.0
68.0,236.77295,2.0,92.25353,34.056835,2.0,0.0,97.0,52.477974,6.0,5.0,46.630405,1.0,22.0,0.0,1.0,1.0,35.89923,-8.0,11.993697,1.0,5.432336,57.0,0.0
81.0,108.85201,2.0,31.522293,30.0,0.0,0.0,96.0,53.112354,6.0,6.0,34.0,4.0,39.594418,-7.0,0.0,0.0,26.891521,71.0,2.0,2.5249221,0.0,62.214294,0.0
85.0,228.74396,12.0,118.84483,39.0,0.0,0.0,100.0,-7.0,7.0,8.0,16.0,0.0,27.0,-8.0,0.0,0.0,16.146635,74.287704,5.805172,2.0,0.0,60.0,0.0
78.0,140.74791,3.3514159,62.575863,13.701538,0.0,0.0,77.44239,17.795416,6.0,6.0,-6.18962,1.0,24.0,11.261384,0.0,0.0,13.0,9.984481,2.0,1.0,0.0,55.818024,0.0
75.0,245.56204,3.0,82.57364,32.0,1.0,0.0,93.13246,66.53703,6.0,4.0,32.0,2.0,25.0,-6.194234,2.0,2.0,16.0,98.68943,11.143534,2.0,0.0,66.04718,0.0
86.0,133.67531,25.123198,88.29606,13.0,0.0,0.0,100.0,-7.0,7.0,8.0,12.973319,0.0,30.0,3.0,0.0,0.0,0.0,63.677715,0.0,2.0,0.0,43.0,0.0
68.0,127.37709,2.0,85.7304,19.660206,0.0,0.0,100.0,-7.0,7.0,8.0,19.0,2.0,24.0,9.001299,1.0,1.0,104.12816,78.787224,3.0,1.0,2.0,85.21198,0.0
78.0,214.56506,8.0,110.21338,36.854996,0.0,0.0,100.0,-7.0,7.0,8.0,47.33654,0.0,31.0,21.684244,0.0,0.0,15.0,55.21978,6.0,3.0,1.0,50.0,0.0
76.99779,373.2293,4.0,139.08795,35.51932,0.0,0.0,92.0,38.302998,6.0,6.0,44.114853,2.0,41.0,1.0,2.0,2.0,39.508213,32.088478,5.1693277,2.0,1.0,75.0,0.0
90.9482,125.29906,32.1316,92.07731,9.0,0.0,0.0,100.0,-7.0,7.0,8.0,9.115131,0.0,54.731445,0.0,0.0,0.0,3.4012194,-8.0,1.0,1.0,0.0,75.0,0.0
63.0,215.37262,1.0,86.62068,18.0,0.0,0.0,82.9783,6.0,6.0,6.0,18.0,1.0,28.0,0.0,0.0,0.0,44.0199,-8.0,10.407112,2.0,2.0,88.0,0.0
85.0,213.76578,4.0,97.729904,11.739451,0.0,0.0,100.0,-7.0,7.0,8.0,12.524236,1.0,28.0,-8.0,0.0,0.0,28.0,63.18788,5.0,3.0,0.0,91.92401,0.0
86.0,263.9002,1.9737787,108.07352,20.727585,0.0,0.0,100.0,-7.0,6.0,8.0,25.472975,1.0,44.0,1.0,2.0,1.0,9.999933,85.51069,5.0,4.0,0.0,67.0,0.0
70.0,119.16014,8.0,62.583424,-9.0,3.0,2.5740364,63.761204,38.482265,6.0,2.0,4.5256157,1.0,37.0,22.88814,0.0,0.0,0.0,-8.0,0.0,1.0,0.0,47.108288,0.0
69.0,389.219,4.0,98.16942,73.27942,0.0,0.0,92.95551,6.5149837,6.0,6.0,58.809242,2.0,41.216232,0.0,1.0,1.0,19.0,57.775223,9.544594,5.723637,0.0,75.0,0.0
74.0,-9.0,4.0,65.79432,21.0,0.0,0.0,100.0,-7.0,7.0,8.0,22.320951,1.0,49.98574,-7.0,3.0,3.0,57.939686,39.10987,3.0,1.0,2.0,80.0,0.0
76.0,152.61269,20.0,97.67286,22.0,0.0,0.0,100.0,-7.0,7.0,8.0,27.833523,0.0,43.0,3.6230984,1.0,1.0,8.869108,75.64554,3.0,4.0,0.0,75.0,0.0
84.0,189.49394,9.343342,72.0,28.0,0.0,0.0,100.0,-7.0,7.0,8.0,25.434633,2.0,37.836674,8.0,0.0,0.0,8.771806,23.329412,3.0,3.0,0.0,58.0,0.0
80.51321,167.11313,8.0,54.381424,12.0,0.0,0.0,100.0,-7.0,7.0,8.0,7.0,1.0,39.039474,0.0,0.0,0.0,23.379902,55.434742,6.0,2.0,0.0,100.0,0.0
68.0,111.448746,5.0,40.841812,28.0,3.0,0.0,83.21473,0.36997148,6.0,5.0,30.0,5.0,33.873093,0.670937,2.0,2.0,0.24937117,83.13934,2.0,6.077543,0.0,91.54811,0.0
67.48248,220.10167,27.726618,91.89879,28.0,0.0,0.0,90.32959,4.5527864,0.0,6.0,27.0,0.0,41.0,0.0,0.0,0.0,28.0,0.35864428,5.0,3.0,0.0,74.5984,0.0
89.0,272.4312,46.33274,122.8099,14.0,0.0,0.0,100.0,-7.0,7.0,8.0,16.0,0.0,25.0,-7.0,0.0,0.0,0.0,-8.0,2.0,2.0,0.0,50.0,0.0
80.0,283.37564,17.502483,201.78088,23.598276,0.0,0.0,100.0,-7.0,7.0,8.0,20.0,0.0,21.0,-7.0,1.0,1.0,28.51644,71.0,11.0,3.0,5.6663523,78.0,0.0
-9.0,-9.0,-9.0,-9.0,-9.0,-9.0,-9.0,-9.0,-9.0,-9.0,-9.0,-9.0,-9.0,-9.0,-9.0,-9.0,-9.0,-9.0,-9.0,-9.0,-9.0,-9.0,-9.0,0.0
66.0,139.59995,5.0,65.00332,20.0,0.0,0.0,75.35898,4.0,6.0,6.0,20.0,2.0,25.0,0.0,0.0,0.0,32.556534,97.7048,5.0,2.0,0.0,61.953815,0.0
85.0,250.44926,16.710983,126.81577,26.0,0.0,0.0,100.0,-7.0,7.0,8.0,41.48732,0.0,20.0,-7.0733933,0.0,0.0,32.0,-8.0,5.2042513,1.0,0.0,37.404312,0.0
71.0,152.92815,8.0,88.21049,28.59313,2.0,1.0,90.0,29.747858,5.0,3.0,9.9755745,3.0386674,29.565435,0.0,4.0,3.0,15.782597,-8.0,5.0,2.0,0.0,56.0,0.0
61.12479,162.56651,4.0,76.0,12.0,1.0,1.0,83.97472,23.041122,6.0,5.0,16.0,1.0,53.931454,0.0,2.0,1.0,47.10878,-8.0,5.0,2.0,1.0,89.44245,0.0
69.26177,162.45325,3.0,70.0,33.0,2.0,2.0,95.0,4.0,4.0,2.0,37.0,3.0,25.0,0.0,15.257965,10.789609,43.131496,-8.0,4.0,1.0,2.0,52.14023,0.0
76.67891,195.10803,2.0,56.08584,26.0,2.0,0.0,88.0,59.68554,6.0,4.5335245,30.261608,3.0,36.635868,2.0,2.0,2.0,14.811176,90.34207,3.0,2.0,0.0,50.0,0.0
76.0,209.41376,5.0,106.468315,6.686871,0.0,0.0,100.0,-7.0,7.0,8.0,9.0,1.0,37.6539,-8.0,0.0,0.0,69.75342,-8.0,1.0,1.0,1.0,91.36781,0.0
84.0,144.01218,11.0,86.0,20.0,0.0,0.0,100.0,-7.0,7.0,8.0,16.0,0.0,35.0,2.0,1.9305067,2.0,14.098828,-8.0,1.0,2.0,0.0,43.0,0.0
-9.0,-9.0,-9.0,-9.0,-9.0,-9.0,-9.0,-9.0,-9.0,-9.0,-9.0,-9.0,-9.0,-9.0,-9.0,-9.0,-9.0,-9.0,-9.0,-9.0,-9.0,-9.0,-9.0,0.0
62.345406,159.90883,2.0,51.55563,22.07314,0.0,0.0,92.0,32.98904,6.0,6.0,21.358418,2.0,40.632298,9.0,0.0,0.0,64.49043,83.01235,7.946288,3.0,3.7725341,78.0,0.0
92.935394,116.49551,32.760395,81.0,15.0,0.0,0.0,100.0,-7.0,7.0,8.0,13.0,0.0,33.0,-7.0,0.0,0.0,2.3702366,-8.0,1.0,1.0,0.0,10.928011,0.0
72.25282,133.01346,24.109783,96.870636,11.00432,0.0,0.0,81.86013,36.24499,6.0,5.0,15.0,0.0,39.0,16.0,0.0,0.0,0.0,-8.0,1.0,1.0,0.0,100.0,0.0
75.0,141.8293,6.0,73.55832,18.0,1.0,1.0,100.0,-7.0,7.0,8.0,23.505672,1.4881493,25.0,0.0,2.0,1.0,34.48108,78.27891,3.0,1.0,0.0,67.0,0.0
88.023766,182.72208,1.1664685,72.68954,14.0,0.0,0.0,100.0,-7.0,7.0,8.0,24.0,2.0,20.0,23.009233,0.0,0.0,8.0,-8.0,1.0,1.0,0.0,40.803295,0.0
77.0,183.67294,30.087986,162.3019,30.0,0.0,0.0,96.0,31.59487,6.0,6.0,34.32601,0.0,17.0,21.454508,0.0,0.0,17.0,32.09501,8.0,2.0,0.0,57.0,0.0
68.0,190.64014,12.0,76.0,36.034695,1.0,0.0,87.25037,1.0,4.0,5.0,41.90516,2.0,18.0,0.0,1.0,1.0,40.816338,-8.0,4.0,1.0,0.0,40.0,0.0
72.0,198.32304,1.0,72.27838,13.0,1.0,2.4920008,90.99068,61.03096,6.0,2.0,9.0,2.0,43.0,-7.0,0.0,0.0,32.485382,60.223778,4.0,2.0,0.0,75.0,0.0
73.0,167.07513,2.0,65.0,26.0,0.0,0.0,95.0,45.933163,6.0,6.0,29.738394,2.0,28.0,0.0,2.5122838,3.0,34.605152,-8.0,3.0,3.0,1.0,50.0,0.0
-9.0,-9.0,-9.0,-9.0,-9.0,-9.0,-9.0,-9.0,-9.0,-9.0,-9.0,-9.0,-9.0,-9.0,-9.0,-9.0,-9.0,-9.0,-9.0,-9.0,-9.0,-9.0,-9.0,0.0
78.0,328.7425,14.0,139.52765,12.0,0.0,0.0,92.0,25.57027,6.0,6.0,14.0,0.0,34.4278,1.0,0.0,0.0,10.0,77.385994,6.0,1.0,0.0,80.0,0.0
86.0,249.88545,4.0,126.975746,22.0,0.0,0.0,100.0,-7.0,7.0,8.0,23.0,1.0,45.0,2.0,1.0,1.0,18.0,42.085934,4.0,3.0,0.0,80.0,0.0
77.0,197.43037,3.0,77.69446,15.0,0.0,0.0,93.0,45.323166,6.0,6.0,15.0,2.0,31.0,5.9634986,1.0,1.0,39.12659,23.834402,3.0,2.0,2.0,62.90706,0.0
62.846878,272.2783,4.0,88.29995,12.0,0.0,0.0,86.050476,0.34922776,0.0,6.0,13.150076,0.08394662,18.0,7.0,0.0,0.0,29.20802,-8.0,5.0,1.0,1.0,90.40308,0.0
85.0,177.34125,1.0,80.78146,23.137238,0.0,0.0,100.0,-7.0,7.0,8.0,31.001919,1.0,36.0,9.0,0.0,0.0,32.016003,82.0,5.0,4.0,0.0,100.0,0.0
70.0,319.29892,2.0,74.68961,17.0,1.0,0.0,91.4801,9.183162,4.0,5.0,20.021376,3.0,46.0,0.0,0.0,0.0,13.847682,60.804596,2.0,2.0,0.0,80.0,0.0
81.0,220.43541,7.0,115.98405,26.0,0.0,0.0,100.0,-7.0,7.0,8.0,23.0,0.0,22.0,0.0,2.0,1.0,31.541412,-8.0,4.0,-8.0,1.0,74.297646,0.0
66.734215,328.0618,4.0,100.00162,34.0,0.0,0.0,100.0,-7.0,7.0,8.0,38.76671,2.0,34.33967,0.0,2.0,2.0,-4.4699316,96.18236,-9.0,3.0,0.0,30.567743,0.0
88.83051,176.49301,7.0,80.46122,21.700241,0.0,0.0,100.0,-7.0,7.0,8.0,22.0,3.0,26.0,0.0,3.0,2.0,3.2598867,97.481674,1.0,2.0,0.0,50.0,0.0
72.0,277.87042,10.0,140.15768,24.0,4.322199,4.2639465,82.82848,45.512074,6.0,-9.0,31.0,0.0,41.0,-8.169684,0.0,0.0,4.3737144,-8.0,5.0,2.0,0.0,71.0,0.0
68.80652,239.16754,5.0,64.25563,14.652895,0.0,0.0,91.10158,9.358103,6.0,6.0,19.208595,1.0,36.0,0.0,5.0,4.510044,70.808235,-8.0,2.0,2.0,0.0,80.0,0.0
78.0,293.39807,2.00094,81.34052,48.427193,0.0,0.0,100.0,-7.0,7.0,8.0,47.50589,5.645527,23.0,-7.0,2.0,2.0,1.0,72.19262,4.0,4.0,0.0,46.035336,0.0
61.38375,204.36896,3.0,88.525536,46.746376,0.0,0.0,100.0,-7.0,7.0,8.0,47.2367,3.0,24.0,-7.0,0.0,0.0,36.32801,74.05797,10.990189,2.0,3.0379148,82.837845,0.0
75.0,251.82828,6.0,94.0,18.0,0.0,0.0,89.0,21.2226,4.0,5.3613973,20.0,1.0,42.707973,0.0,1.150047,1.0,1.0,-8.0,2.0,1.0,0.0,56.486534,0.0
88.0,313.69467,3.0,70.0,11.676482,0.0,0.0,100.0,-7.0,7.0,8.0,16.0,4.0,50.0,0.0,2.0,1.0,12.0,39.306446,4.0,2.0,0.0,75.0,0.0
-9.0,-9.0,-9.0,-9.0,-9.0,-9.0,-9.0,-9.0,-9.0,-9.0,-9.0,-9.0,-9.0,-9.0,-9.0,-9.0,-9.0,-9.0,-9.0,-9.0,-9.0,-9.0,-9.0,0.0
65.26082,94.50466,5.444169,43.30711,22.0,0.0,0.0,94.0,33.192688,6.0,6.0,21.0,3.0,11.661451,0.0,1.0,1.0,36.746372,-8.0,11.0,1.0,3.0,71.0,0.0
81.51218,126.24006,19.149508,68.0,11.581778,0.0,0.0,100.0,-7.0,7.0,8.0,16.0,0.0,24.0,0.0,1.0,1.0,12.621054,-8.0,2.0,-8.0,1.0,50.0,0.0
69.0,196.69508,3.0,67.0,42.387917,0.0,0.0,100.0,-7.0,7.0,8.0,47.483818,3.0,35.24611,0.0,0.0,0.0,47.629005,93.109116,8.0,4.0,4.88381,83.0,0.0
82.0,127.94583,1.0,58.0,8.0,0.0,0.0,100.0,-7.0,7.0,8.0,10.0,2.0,18.0,0.0,3.0,3.0,10.0,-8.0,3.0,1.0,0.0,64.963875,0.0
-9.0,-9.0,-9.0,-9.0,-9.0,-9.0,-9.0,-9.0,-9.0,-9.0,-9.0,-9.0,-9.0,-9.0,-9.0,-9.0,-9.0,-9.0,-9.0,-9.0,-9.0,-9.0,-9.0,0.0
75.0,39.88431,8.0,90.90993,22.0,0.0,0.0,100.0,-7.0,7.0,8.0,3.5221558,1.0,26.818325,0.0,2.0,2.0,14.768092,75.14925,2.0,2.0,0.0,64.0,0.0
59.018456,277.91687,15.0,113.90812,16.0,0.0,0.0,73.83859,4.3344903,5.648356,6.0,20.979166,0.0,23.999788,-7.0,0.0,0.0,76.70987,69.39628,8.0,2.0,4.0,86.0,0.0
78.0,111.61851,5.0,57.498066,34.0,0.0,0.0,100.0,-7.0,7.0,8.0,32.0,2.0,36.0,4.465765,0.0,0.0,22.826849,-8.0,5.0,-7.818867,0.0,52.2931,0.0
88.0,222.73074,2.0,94.115715,17.0,0.0,0.0,96.28343,-9.0,6.0,6.0,19.158718,2.0,39.586338,1.0,1.0,0.0,16.0,66.91681,4.0,1.0,0.0,56.0,0.0
80.0,390.3289,5.0,79.90996,31.0,0.0,0.0,89.0,25.031351,6.0,6.0,41.8784,2.0,26.0365,0.0,3.0,3.0,3.0,-8.0,3.0,2.0,0.0,40.543854,0.0
-9.0,-9.0,-9.0,-9.0,-9.0,-9.0,-9.0,-9.0,-9.0,-9.0,-9.0,-9.0,-9.0,-9.0,-9.0,-9.0,-9.0,-9.0,-9.0,-9.0,-9.0,-9.0,-9.0,0.0
-9.0,-9.0,-9.0,-9.0,-9.0,-9.0,-9.0,-9.0,-9.0,-9.0,-9.0,-9.0,-9.0,-9.0,-9.0,-9.0,-9.0,-9.0,-9.0,-9.0,-9.0,-9.0,-9.0,0.0
66.0,335.414,3.0,108.12623,10.0,2.0,3.3119555,95.0,2.0,0.6303764,6.0,13.0,3.0,55.73844,1.0,3.0,3.0,83.41776,-8.0,2.0,1.0,1.0,88.76409,0.0
86.0,135.75703,2.0,66.64649,19.0,0.0,0.0,100.0,-7.0,7.0,8.0,23.427164,2.0,53.232395,0.0,0.0,0.0,11.0,96.926414,0.9555996,3.0,0.0,63.546173,0.0
73.0,242.56798,13.804257,88.7943,43.64352,0.0,0.0,94.80757,48.96687,6.0,6.0,46.775795,1.0,22.0,13.167795,0.0,0.0,34.343052,76.18844,5.0,2.0,3.0,53.259033,0.0
69.0,93.288635,12.0,114.81611,42.505825,0.0,0.0,100.0,-7.0,7.0,8.0,3.1007402,0.0,23.832945,0.05843193,3.0,3.0,40.51883,-8.0,25.606644,2.0,6.565778,80.0,0.0
86.18717,215.42549,9.0,165.9144,17.0,0.0,0.0,100.0,-7.0,7.0,8.0,24.0,1.0,24.0,0.0,0.0,0.0,19.0,-8.0,4.0,2.0,0.0,78.0,0.0
72.0,224.51036,5.0,81.76175,44.222294,0.0,0.0,97.0,9.958001,6.0,6.0,51.847454,1.0,56.703606,0.0,2.0,2.0,32.09645,65.08076,5.0,4.0,1.0,78.0,0.0
73.0,238.30058,18.128641,94.0,30.37126,0.0,0.0,100.0,1.5065334,6.0,6.0,30.338865,0.0,41.72874,0.0,0.0,0.0,37.231663,-8.0,4.0,1.0,1.0,45.918102,0.0
75.0,198.2206,4.0,67.0,17.0,0.0,0.0,100.0,-7.0,6.0,8.0,19.0,3.0,45.0,3.0,0.0,0.0,11.0,80.0,5.5338373,2.0,1.0,81.58406,0.0
90.0,419.8456,7.0,138.63454,13.0,0.0,0.0,100.0,-7.0,7.0,8.0,13.128266,1.0,57.416973,-8.647229,0.0,0.0,0.0,66.53109,2.0,1.0,0.0,71.0,0.0
81.0,213.51823,1.0,117.62723,20.0,0.0,0.0,100.0,-7.0,7.0,8.0,23.0,1.0,23.0,0.0,2.0,1.7877835,32.0,86.39336,3.0,2.0,1.0,50.0,0.0
77.72104,132.29855,1.0,44.742455,29.514767,0.0,0.0,100.0,-7.0,7.0,8.0,43.28021,7.1664505,14.0,1.0,2.0,1.0,15.0,-8.0,4.0,1.0,0.0,33.0,0.0
86.0,313.19183,10.0,104.35198,18.356668,0.0,0.0,100.0,-7.0,7.0,8.0,10.087841,1.0,18.0,23.695076,0.0,0.0,8.0,-8.0,5.0,1.0,0.0,46.811005,0.0
83.0,310.0969,14.070725,110.59831,15.869028,0.0,0.0,100.0,-7.0,7.0,8.0,16.0,0.0,40.0,0.0,1.0,1.0,32.900272,-8.0,2.0,-8.0,1.0,35.86208,0.0
76.0,288.2815,2.0,68.0,25.0,0.0,0.0,93.70995,7.8577886,6.0,6.0,31.0,2.0,35.0,1.0,1.0,1.0,4.4315677,75.40291,3.0,2.0,0.0,37.940903,0.0
78.68449,153.89871,2.0,63.0,18.0,0.0,0.0,100.0,-7.0,7.0,8.0,11.0,1.0,19.0,-7.0,0.0,0.0,24.15133,24.113554,6.0,1.0,1.0,63.0,0.0
85.0,291.66562,79.040215,139.25658,15.0,0.0,0.0,100.0,-7.0,7.0,8.0,22.0,0.0,33.0,-7.0,0.0,0.0,9.0,-8.0,2.0,-8.0,0.0,40.0,0.0
81.0,179.24806,1.0,66.51383,49.90543,0.0,0.0,100.0,-7.0,7.0,8.0,46.50738,2.0,18.0,0.0,2.0,2.0,8.0,97.26867,4.0,2.0,0.0,40.0,0.0
82.0,432.65033,15.098487,103.07233,22.883347,0.0,0.0,100.0,-7.0,7.0,8.0,29.0,0.0,35.0,20.184938,0.0,0.0,39.476326,-8.0,4.0,2.0,0.0,83.0,0.0
-9.0,-9.0,-9.0,-9.0,-9.0,-9.0,-9.0,-9.0,-9.0,-9.0,-9.0,-9.0,-9.0,-9.0,-9.0,-9.0,-9.0,-9.0,-9.0,-9.0,-9.0,-9.0,-9.0,0.0
85.0,373.02325,2.0,75.0,18.0,0.0,0.0,100.0,-7.0,7.0,8.0,18.0,1.0,41.0,0.0,2.0,1.2969909,0.0,88.1259,3.0,4.0119,0.0,65.57591,0.0
71.57994,307.92554,8.0,99.000885,32.68532,1.0,0.0,95.97112,22.300844,6.0,5.0,37.0,1.0,28.0,0.0,1.0,1.0,13.0,73.969246,6.0,3.0,1.0,50.0,0.0
62.990185,37.25683,2.0,49.886856,20.0,0.0,0.0,92.0,46.124504,6.0,6.0,22.780567,5.0,15.0,0.0,1.0,1.0,82.8422,71.248535,9.0,1.0,4.1641536,88.172226,0.0
62.0,288.57224,48.274315,200.28072,-9.0,2.5503638,0.0,64.76247,2.0,4.0,3.494888,3.9966013,0.0,24.0,0.0,1.0,1.0,0.0,-8.0,1.0,1.0,-8.0,41.879776,0.0
64.63591,162.71039,35.53799,77.21705,28.0,0.0,0.0,94.0,22.284988,6.0,6.0,27.0,0.0,45.240395,-1.7076865,0.0,0.0,36.209667,-8.0,6.5582895,3.0,3.4999652,71.0,0.0
77.08197,395.55292,9.0,86.49948,50.205223,0.0,0.0,97.0,8.826775,5.651909,6.0,51.713295,3.0,24.0,20.699892,0.0,0.0,16.283396,50.56852,6.0,2.0,0.0,50.0,0.0
-9.0,-9.0,-9.0,-9.0,-9.0,-9.0,-9.0,-9.0,-9.0,-9.0,-9.0,-9.0,-9.0,-9.0,-9.0,-9.0,-9.0,-9.0,-9.0,-9.0,-9.0,-9.0,-9.0,0.0
78.0,188.14546,11.0,78.79333,9.0,0.0,0.0,100.0,-7.0,7.0,8.0,9.0,0.0,33.0,2.6455317,0.0,0.0,18.0,-8.0,2.0,1.0,1.0,60.0,0.0
74.0,209.04057,21.635103,77.0,13.0,0.0,0.0,100.0,-7.0,7.0,8.0,7.0,0.0,24.0,0.0,1.0,1.0,75.650734,63.585487,8.0,2.0,1.0,100.0,0.0
80.0,263.09222,14.293135,86.263535,27.0,0.0,0.0,97.908936,81.8138,6.0,6.0,27.0,0.0,40.0,3.0,0.0,1.0,29.324898,-8.0,2.0,1.0,0.0,57.0,0.0
82.3412,308.9293,2.0,116.49106,15.0,0.0,0.0,100.0,-7.0,7.0,8.0,17.0,1.0,39.0,0.0,0.0,0.0,51.101135,88.0,4.0,2.0,3.0,67.0,0.0
66.0,229.33293,11.0,113.46118,21.0,0.0,0.0,86.81081,-4.381243,-6.4397798,5.0,19.519472,2.0,52.108288,0.0,0.0,0.0,5.0,100.0,3.0,2.0386977,0.0,93.151276,0.0
81.0,226.57228,7.0,79.31069,36.0,0.0,0.0,100.0,79.6936,6.0,6.0,28.665606,0.0,17.421686,1.0,0.0,0.0,40.032177,71.992134,4.0,3.0,1.0,56.760597,0.0
59.71843,182.11389,16.875761,83.25448,17.0,4.153243,3.78617,89.0,13.519562,4.0,2.6693952,20.0,0.0,58.31948,0.01862768,1.0,1.0,81.69995,-8.0,3.0,2.0,3.0,68.022675,0.0
88.25999,298.83878,16.0,110.612724,17.0,0.0,0.0,100.0,-7.0,7.0,8.0,20.0,0.0,13.0,-8.0,0.0,0.0,2.0,-8.0,3.0,-8.0,0.0,45.64824,0.0
-9.0,-9.0,-9.0,-9.0,-9.0,-9.0,-9.0,-9.0,-9.0,-9.0,-9.0,-9.0,-9.0,-9.0,-9.0,-9.0,-9.0,-9.0,-9.0,-9.0,-9.0,-9.0,-9.0,0.0
-9.0,-9.0,-9.0,-9.0,-9.0,-9.0,-9.0,-9.0,-9.0,-9.0,-9.0,-9.0,-9.0,-9.0,-9.0,-9.0,-9.0,-9.0,-9.0,-9.0,-9.0,-9.0,-9.0,0.0
89.0,192.59073,3.0,84.0,22.961933,0.0,0.0,100.0,-7.0,7.0,8.0,31.31318,3.0,26.654587,19.252779,0.0,0.0,9.0,-8.0,4.0,1.0,0.0,63.0,0.0
85.0,112.31358,7.08971,66.59139,25.0,0.0,0.0,100.0,-7.0,7.0,8.0,22.0,2.0,32.307915,1.0,0.0,0.0,0.7592509,-8.0,1.0,1.0,0.0,33.0,0.0
82.0,215.2587,2.4726126,75.0,13.0,0.0,0.0,100.0,-7.0,7.0,8.0,12.0,2.0,52.11667,0.0,0.0,0.0,10.0,79.34662,1.0,2.0,0.0,100.0,0.0
66.0,210.46284,2.0,85.8934,43.00425,1.0,0.0,93.46368,10.151955,4.0,4.0,46.339924,2.0,42.32829,0.0,6.64796,6.669824,57.71186,16.858826,7.7610693,7.729295,2.0,86.0,0.0
88.0,241.00633,44.41011,79.0,16.0,0.0,0.0,100.0,-7.0,7.0,8.0,18.0,0.0,23.0,-8.0,0.0,0.0,7.9175677,-8.0,3.0,1.0,0.0,51.37697,0.0
74.0,170.63315,6.0,103.57261,28.0,2.0,0.0,87.4509,1.0,4.0,5.0,35.273056,1.0463011,16.567368,1.9399008,4.0,3.0,6.5065813,-8.0,2.0,-8.0,0.0,40.564705,0.0
84.0,204.3644,24.441498,92.0,25.776306,0.0,0.0,100.0,-7.0,7.0,8.0,26.0,0.0,18.671762,0.0,2.0,1.9564614,12.0,-8.0,5.0,1.520559,0.0,67.0,0.0
83.0,250.70544,5.0,94.0,18.0,0.0,0.0,86.311264,39.42899,6.0,6.0,19.0,1.1750355,27.0,0.0,0.0,0.0,9.0,-8.0,1.0,1.0,0.0,29.764866,0.0
83.0,170.82343,5.0,94.063034,16.959038,0.0,0.0,100.0,-7.0,7.0,8.0,15.0,2.0,32.91675,2.036847,1.0,1.0,17.0,-8.0,6.0,1.0,0.0,69.40426,0.0
71.0,149.95445,2.0,70.0,28.967802,1.0,0.0,95.931526,18.51154,6.0,5.0,37.805187,2.0,27.671572,1.0,0.0,0.0,5.0,-8.0,6.0,2.0,0.0,50.0,0.0
81.0,196.47711,1.0,76.0,19.0,0.0,0.0,96.87461,31.73439,6.0,6.0,21.0,2.0,27.045162,0.0,6.5001984,6.019434,0.9780616,75.99997,1.0,1.0,0.0,25.121899,0.0
63.117836,176.19907,2.0,58.774517,13.360541,0.0,0.0,87.6987,46.046535,6.0,6.0,16.0,2.0,42.0,-7.0,1.3093537,1.0,52.136894,91.0,5.0,3.0,1.0,91.18332,0.0
83.0,119.72605,2.0,84.51601,8.95635,0.0,0.0,100.0,-7.0,7.0,8.0,12.0,1.0,10.07298,0.0,1.0,1.0,0.0,-8.0,2.0,-8.0,0.0,29.40932,0.0
81.0,138.31622,1.0,76.0,37.774548,0.0,0.0,100.0,-7.0,7.0,8.0,4.207329,2.0,18.0,1.0,3.0,3.0,25.85519,22.104753,5.0,2.0,0.0,61.41014,0.0
70.69352,192.39871,5.0,73.70244,16.0,2.0,0.0,92.89241,31.010523,6.0,2.0,19.0,3.0,11.0,2.0,2.0,2.0,47.08441,-8.0,6.447996,1.0,2.0,50.0,0.0
69.0,150.766,-9.0,67.0,18.04133,0.0,0.0,95.0,33.053123,6.0,6.0,23.2516,4.0,27.0,0.0,1.0,1.0,87.30376,-8.0,3.0,1.0,3.9248075,70.05523,0.0
75.0,181.28842,10.075287,88.50988,28.0,0.0,0.0,91.0,23.208275,6.0,6.0,30.0,2.0,27.547178,0.0,0.0,0.0,2.0,76.28526,3.0,4.0,0.0,46.1119,0.0
59.326397,164.84836,3.0,58.0,32.0,0.0,0.0,91.0,13.249069,4.575296,6.0,30.0,4.404107,17.0,0.0,2.0,2.0,63.286102,-8.0,6.0,2.0,1.0,67.0,0.0
62.898266,218.05927,3.0,107.66208,36.0,0.0,0.0,95.15984,38.855976,6.0,6.0,34.0,3.0,57.15088,0.0,1.0,1.0,34.890503,88.0,6.0,4.0,0.0,70.0,0.0
78.0,401.4705,10.0,151.48537,18.315172,1.0,1.0,84.738365,16.770761,5.0,4.0,20.0,0.0,24.0,-8.344111,0.0,0.0,11.245622,-0.2330545,3.0,2.0,0.0,60.0,0.0
68.0,217.60184,14.0,87.72601,15.102872,2.0,1.0,69.86816,-2.5455546,6.0,2.0,17.0,0.0,17.0,9.493236,0.0,0.0,3.0,-8.0,2.0,1.0,0.0,40.0,0.0
62.0,254.21877,2.0,152.25507,28.0,2.0,2.0,71.34047,-7.0,-3.94465,-9.0,29.0,2.0,50.0,0.0,1.0,1.0,14.0,72.032295,7.0,3.0,0.0,100.0,0.0
65.95956,292.4475,22.354269,152.53929,14.0,1.0,0.0,86.0726,40.66269,6.0,2.888003,16.928217,0.0,24.0,2.0,1.0,1.0,42.930714,-8.0,4.0,1.0,2.0,100.0,0.0
79.0,281.58246,3.0,120.74401,16.0,0.0,0.0,100.0,-7.0,7.0,8.0,19.0,1.0,24.0,-7.0,1.0,0.0,44.279,35.142853,3.0,1.0,1.4624486,64.37082,0.0
-9.0,-9.0,-9.0,-9.0,-9.0,-9.0,-9.0,-9.0,-9.0,-9.0,-9.0,-9.0,-9.0,-9.0,-9.0,-9.0,-9.0,-9.0,-9.0,-9.0,-9.0,-9.0,-9.0,0.0
70.0,411.5969,2.0,114.20012,41.605053,0.0,0.0,94.26233,11.062181,6.0,6.0,74.9029,2.0,29.01143,1.0,1.0,1.0,31.076221,-8.0,9.0,1.0,2.0,59.586708,0.0
79.0,119.63091,16.26846,79.53166,4.8569956,0.0,0.0,89.0,15.124191,6.0,6.0,5.624891,0.0,64.01141,6.8981895,0.0,0.0,3.0,85.59538,1.0,1.0,0.0,100.0,0.0
89.756004,159.4417,15.0,73.24154,14.0,0.0,0.0,100.0,-7.0,7.0,8.0,18.0,0.0,13.0,22.375063,0.0,0.0,0.0,-8.0,1.0,1.0,0.0,33.0,0.0
81.0,199.92351,2.0,65.0,25.897474,0.0,0.0,100.0,-7.0,7.0,8.0,32.0,1.0,46.0,0.0,3.0,3.0,43.781013,100.0,4.0,2.0,0.0,67.0,0.0
88.0,452.85538,18.57631,161.51514,29.0,0.0,0.0,100.0,-7.0,7.0,8.0,10.687632,0.0,21.0,-8.0,0.0,0.0,12.0,-8.0,4.0,3.0,0.0,57.0,0.0
71.31819,199.36972,27.782675,129.50615,17.0,0.0,0.0,93.0,0.77392066,0.1065554,6.0,24.0,0.0,51.52345,9.132964,1.0,1.0,22.943903,-8.0,5.29403,1.0,0.0,63.0,0.0
-9.0,-9.0,-9.0,-9.0,-9.0,-9.0,-9.0,-9.0,-9.0,-9.0,-9.0,-9.0,-9.0,-9.0,-9.0,-9.0,-9.0,-9.0,-9.0,-9.0,-9.0,-9.0,-9.0,0.0
89.0,142.81384,1.0,71.0,18.0,0.0,0.0,100.0,-7.0,7.0,8.0,23.0,2.0,25.0,-7.0,2.0,1.4738225,9.0,-8.0,2.0,1.0,0.0,40.0,0.0
68.0,192.9823,5.0,86.69341,23.0,0.0,0.0,95.56965,35.348286,6.0,6.0,24.0,2.0,33.0,1.0,0.0,0.0,102.65195,35.362625,6.73913,2.0,2.0,100.0,0.0
76.0,102.52103,2.0,32.263725,11.0,0.0,0.0,100.0,-7.0,7.0,8.0,12.0415,2.0,58.17237,4.0,0.0,0.0,42.916138,99.14606,2.0,2.0,0.0,80.0,0.0
75.0,156.14969,13.734613,65.53708,31.0,0.0,0.0,94.0,-7.0,-9.0,5.9859395,23.0,0.0,23.0,-7.0,0.0,0.0,10.898351,-8.0,3.0,2.0,0.0,33.0,0.0
70.50834,271.9079,7.0,119.75194,44.623215,1.0,1.0,95.0,65.178345,6.0,5.0,45.104195,0.0,39.929535,0.0,4.0,3.0,46.206726,-8.0,11.0,4.0,2.8918624,75.0,0.0
77.0,201.22212,-9.0,94.44803,33.731655,0.0,0.0,96.0,17.378859,6.0,6.0,48.568268,5.0,28.0,0.0,0.0,1.0,9.511411,-8.0,2.0,1.0,0.0,35.9225,0.0
85.0,171.21687,1.0,107.73981,28.0,0.0,0.0,100.0,-7.0,7.0,8.0,33.713776,2.0,25.392162,1.0,5.0,5.0,5.0,85.524345,4.0,2.0,0.0,67.0,0.0
73.2046,181.1577,4.0,60.552567,25.0,0.0,0.0,100.0,-7.0,7.0,8.0,23.673992,2.0,48.617695,3.2907157,2.8432436,3.0,37.413147,50.88787,4.3395844,2.0,1.0,93.93269,0.0
69.42245,237.78111,7.0,90.361404,18.0,3.0,0.0,70.57854,4.6873584,6.0,2.0,24.0,0.0,12.349408,0.0,0.0,0.0,4.0,-8.0,3.0,1.0,0.0,63.0,0.0
79.0,234.32318,26.29279,89.60842,22.0,0.0,0.0,100.0,-7.0,7.0,8.0,28.00059,0.0,47.51918,15.70858,0.0,0.0,33.619297,74.27936,6.0,4.0,0.6530728,68.26274,0.0
75.0,165.07156,5.0,82.0,26.0,2.0,0.0,88.0,31.069391,6.0,5.0,34.501644,1.0,21.0,0.0,1.0,1.0,17.0,93.0,5.0,2.0,1.0,46.217594,0.0
86.0,126.16555,6.757317,76.43687,29.0,0.0,0.0,100.0,-7.0,7.0,8.0,29.0,2.0,19.087547,3.0,0.0,0.0,3.0,66.95905,3.0,1.2219808,0.0,43.446045,0.0
70.0,171.62039,40.6697,143.96423,13.0,2.0,2.0,68.664116,46.160217,6.0,3.604806,13.0,0.0,99.87521,17.696703,0.0,0.0,-9.0,-8.0,-9.0,2.0,0.0,75.0,0.0
91.0,245.65364,1.0578282,95.43268,17.0,0.0,0.0,100.0,-7.0,7.0,8.0,24.13169,2.0,21.32247,-7.0,0.0,0.0,4.0,7.8392215,4.0,1.0,0.0,85.200935,0.0
74.0,173.54631,1.0,78.249245,47.764557,0.0,0.0,100.0,-7.0,7.0,8.0,51.24997,5.444955,44.0,0.0,0.6585615,1.0,43.11156,45.090057,9.0,5.0,3.0,83.0,0.0
81.0,111.085335,5.0,86.0,7.0,0.0,0.0,100.0,-7.0,7.0,8.0,10.0,1.0,-8.707952,-7.0,0.0,0.0,32.0,-8.0,4.0,-9.0,0.0,77.19556,0.0
71.0,160.05621,1.0,130.3983,31.64794,0.0,0.0,100.0,-7.0,7.0,8.0,36.515564,1.0,25.0,-7.0,7.206882,6.794056,38.995304,82.0,21.752512,3.0,5.2041554,77.15562,0.0
61.322586,142.77345,8.476067,71.0,4.0726185,1.7827866,1.0,86.834114,4.0905795,5.0710115,2.1168742,2.3594024,1.0,63.882893,0.0,0.0,0.0,9.0,58.471687,1.0,2.0,0.0,100.0,0.0
73.20513,142.94214,4.0,66.80156,10.226282,0.0,0.0,100.0,-7.0,7.0,8.0,7.599605,1.0,69.16845,11.632145,0.0,0.0,65.43149,47.529503,1.0,2.0,0.0,88.0,0.0
85.0,171.62688,32.43745,68.0,6.0,0.0,0.0,100.0,-7.0,7.0,8.0,4.9073806,0.0,17.0,0.0,0.0,0.0,18.0,-8.0,4.0,-8.0,0.0,93.867805,0.0
74.6817,155.38704,13.0,97.013985,9.124827,0.0,0.0,100.0,-7.0,7.0,8.0,14.0,0.0,23.0,-9.0,0.0,0.0,43.6293,79.9759,2.0,1.0,0.0,70.0,0.0
66.0,159.6354,2.0,79.0,6.0,3.0,1.0,66.440895,27.585848,6.0,5.1774487,11.6508465,1.0,66.55577,1.0,0.0,0.0,1.0,64.62579,1.0,1.0,0.0,100.0,0.0
69.0,237.538,3.0,55.338734,11.638952,0.0,0.0,92.0,57.52973,6.0,3.0,8.217162,3.0,59.135487,1.2147923,4.0,4.0,56.474773,95.589935,2.0,3.0,0.0,100.0,0.0
81.0,144.17683,1.0,77.198616,41.695934,0.0,0.0,97.0,66.5817,6.0,6.0,43.990982,4.0,17.0,0.0,3.5187745,3.5672243,9.0,76.0,5.0,3.0,0.0,60.0,0.0
68.77918,150.30501,2.0,49.78209,40.376465,0.0,0.0,100.0,-7.0,7.0,8.0,47.078274,4.0,76.19091,-8.0,4.0,4.0,52.008472,92.90053,4.0,16.549137,2.0,88.77201,0.0
74.0,158.64088,5.0,85.309944,25.0,0.0,0.0,86.26412,40.597736,6.0,6.0,30.0,1.0,25.0,0.0,1.0,1.0,9.0,-8.0,2.0,-2.7712889,1.0,40.0,0.0
77.529015,238.75987,4.910011,65.48978,27.0,0.0,0.0,100.0,-7.0,7.0,8.0,27.0,4.0,20.0,-7.0,2.0,2.0,27.101427,-8.0,4.349536,1.0,1.0,60.858784,0.0
70.0,159.25531,7.0,70.0,23.0,0.0,0.0,96.0,26.663431,6.0,6.0,23.0,1.0,19.646349,7.0,2.0,1.307939,40.960052,-8.0,6.0,2.0,3.0,57.0,0.0
83.0,106.156586,3.0,68.84921,16.569345,0.0,0.0,100.0,-7.0,7.0,8.0,14.0,4.0,27.0,7.576711,1.0,1.0,6.0,87.6986,3.0,2.0,0.0,67.0,0.0
87.0,317.87872,4.0,102.69337,14.443532,0.0,0.0,95.26578,26.267384,6.0,6.0,14.0,1.9440668,17.45976,0.0,1.0,1.0,0.0,45.7996,2.0,2.0,0.0,30.959736,0.0
90.522255,216.54207,21.859596,95.5545,17.344625,0.0,0.0,100.0,-7.0,7.0,8.0,17.0,0.0,19.0,-7.0,0.0,0.0,0.35742807,48.855846,1.0,-0.49615464,0.0,-9.0,0.0
87.0,246.65192,3.0,103.30919,12.604808,0.0,0.0,100.0,-7.0,7.0,8.0,6.4282613,1.0,31.0,-8.0,0.0,0.0,10.0,-8.0,2.0,2.0,0.0,67.0,0.0
71.0,147.27782,5.0,63.0,15.0,0.0,0.0,100.0,-7.0,7.0,8.0,18.0,3.0,58.163216,0.0,2.0,2.0,49.77824,92.92254,2.4789329,2.0,1.0,70.0,0.0
88.55281,231.96672,4.2659807,106.57183,21.260748,0.0,0.0,100.0,-7.0,7.0,8.0,25.56688,2.0,34.131516,0.0,1.0,1.0,0.0,98.88801,1.0,3.0,0.0,50.0,0.0
86.0,219.55429,27.002342,77.0,15.0,0.0,0.0,100.0,-7.0,7.0,8.0,16.0,0.0,15.822548,0.0,1.0,1.0,6.0,-8.0,1.0,1.0,0.0,38.06568,0.0
66.0,143.40831,13.413167,70.70036,15.0,1.0,0.0,77.17253,16.460896,6.0,4.0,19.0,0.0,45.0,12.0,0.0,0.0,64.02759,-8.0,4.0,1.0,1.0,67.0,0.0
88.6392,446.74942,5.0,167.48158,27.0,0.0,0.0,100.0,-7.0,7.0,8.0,7.0109253,2.0,21.0,-8.0,0.0,0.0,1.0,-8.0,1.0,1.0,0.0,15.087805,0.0
83.0,221.5226,20.0,90.0,21.0,0.0,0.0,100.0,-7.0,7.0,8.0,23.0,0.0,34.96995,10.093463,0.0,0.0,21.168653,-8.0,4.0,1.0,1.0,51.344486,0.0
88.0,333.51617,24.901564,151.68994,23.0,0.0,0.0,100.0,-7.0,7.0,8.0,24.606659,0.0,46.12102,4.0,0.0,0.0,4.4447436,-8.0,2.0,1.0,0.0,53.88893,0.0
71.0,233.30553,1.0,68.30718,22.0,1.0,0.0,86.21224,17.717903,6.0,5.0,25.244844,4.1078,27.0,-7.0,1.0,1.0,13.250044,-8.0,2.0,1.0,0.0,33.0,0.0
73.43113,231.18076,5.0,59.410572,36.862797,0.0,0.0,100.0,-7.0,7.0,8.0,40.214424,4.0,21.0,0.0,2.0,2.0,16.0,100.0,4.0,3.0,1.0,40.0,0.0
76.0,186.1263,3.0,84.0,31.972113,0.0,0.0,100.0,35.035828,6.0,6.0,35.689762,2.0,46.0,-8.0,1.0,0.43676507,32.0,63.701473,3.0,5.9627914,1.0,69.68968,0.0
90.0,302.36197,4.0,106.05542,10.0,0.0,0.0,100.0,-7.0,7.0,8.0,3.7374434,2.0,24.609848,0.0,0.0,0.0,2.0,92.19307,1.0,1.0,0.0,37.007927,0.0
88.48488,424.50565,16.0,104.24415,31.195065,0.0,0.0,100.0,-7.0,7.0,8.0,36.58784,0.0,19.984028,21.29713,0.0,0.0,12.0,50.61788,5.0,2.0,0.0,54.327995,0.0
72.0,102.69831,6.0,49.21038,15.0,5.8865914,5.8912225,78.82841,26.805685,6.0,-9.0,18.0,2.0,52.764412,0.0,1.0,1.0,23.82331,66.626495,2.0,3.0,0.0,71.0,0.0
77.0,-6.8032784,4.0,-8.30096,14.0,0.0,0.0,100.0,-7.0,7.0,8.0,16.0,2.0,49.848473,-7.0,1.0,1.0,11.916142,92.059975,2.0,2.0,0.0,63.0,0.0
67.0,122.76495,2.0,52.52279,28.0,1.0,1.0,100.0,-7.0,6.128591,8.0,27.69754,5.0,43.0,-7.0,0.0,0.0,13.249495,89.150635,3.0,3.0,0.0,48.234875,0.0
84.0,428.91812,12.0,152.09787,32.551407,0.0,0.0,100.0,-7.0,7.0,8.0,37.03822,0.0,15.76438,1.0,0.0,0.0,9.0,-8.0,12.052065,1.0,0.0,60.0,0.0
77.0,195.23636,10.0,83.0,15.0,1.0,0.0,95.0,15.244756,6.0,6.0,13.040196,0.0,37.0,-2.241881,2.0,1.8625796,6.0,-8.0,2.0,3.0,0.0,88.069855,0.0
79.0,165.90343,3.0,63.53341,17.0,0.0,0.0,100.0,-7.0,7.0,8.0,19.0,1.0,16.175093,10.907296,1.0,1.0,31.92521,-8.0,2.0,1.0,1.0,40.0,0.0
66.0,119.72901,11.0,77.924675,20.0,1.0,1.0,100.0,-7.0,6.0,8.0,25.0,0.47005045,81.98277,-8.0,0.0,0.0,0.89767975,64.44395,2.0,2.0,0.0,60.948116,0.0
67.0,258.42358,5.0,68.0,41.075745,0.0,0.0,92.973335,27.797213,6.0,6.0,43.18402,4.0,17.647371,0.0,1.0,1.0,47.433643,-8.0,5.0,1.0,5.293516,50.0,0.0
-9.0,-9.0,-9.0,-9.0,-9.0,-9.0,-9.0,-9.0,-9.0,-9.0,-9.0,-9.0,-9.0,-9.0,-9.0,-9.0,-9.0,-9.0,-9.0,-9.0,-9.0,-9.0,-9.0,0.0
-9.0,-9.0,-9.0,-9.0,-9.0,-9.0,-9.0,-9.0,-9.0,-9.0,-9.0,-9.0,-9.0,-9.0,-9.0,-9.0,-9.0,-9.0,-9.0,-9.0,-9.0,-9.0,-9.0,0.0
86.0,395.17413,2.0,120.11091,27.138348,0.0,0.0,100.0,-7.0,7.0,8.0,28.0,1.0,31.0,0.0,0.0,0.0,1.0,71.0,3.0,3.0,0.0,51.71207,0.0
80.0,220.32602,15.0,122.651695,27.0,0.0,0.0,100.0,-7.0,7.0,8.0,26.0,0.0,50.0,-7.0,0.0,0.0,20.157171,2.7717946,6.0,3.0,0.0,73.0,0.0
-9.0,-9.0,-9.0,-9.0,-9.0,-9.0,-9.0,-9.0,-9.0,-9.0,-9.0,-9.0,-9.0,-9.0,-9.0,-9.0,-9.0,-9.0,-9.0,-9.0,-9.0,-9.0,-9.0,0.0
89.0,308.01627,4.0,81.111786,20.0,0.0,0.0,100.0,-7.0,7.0,8.0,25.0,1.0,44.0,21.613811,0.0,0.0,3.2504523,-8.0,4.0,2.0,0.0,59.508343,0.0
80.0,143.43466,6.0,55.757576,19.0,0.0,0.0,100.0,-7.0,7.0,8.0,24.40071,1.0,43.068176,0.0,2.0,2.0,1.0,-8.0,2.0,3.0,0.0,50.0,0.0
62.977924,245.49535,15.517653,94.0,22.0,1.7479461,1.0,89.0,6.3459797,4.0,3.9979835,29.0,0.0,40.194878,16.0,0.0,0.0,41.91186,-8.0,3.0,3.0,2.0,58.023056,0.0
83.0,340.3875,6.0,94.9275,34.0,0.0,0.0,100.0,-7.0,7.0,8.0,32.0,1.0,33.0,1.0,1.0,1.0,0.0,-8.0,2.0,2.0,0.0,33.0,0.0
72.0,112.79403,5.0,65.0,43.41334,0.0,0.0,100.0,-7.0,7.0,8.0,35.0,10.520812,43.592426,0.0,4.0,3.8315496,25.0,70.34011,3.0,3.0,0.0,39.37476,0.0
69.0,141.49617,8.08587,70.216415,19.0,0.0,0.0,100.0,-7.0,7.0,8.0,20.801014,1.0,20.0,0.0,3.0,2.8937244,45.327362,91.105965,7.0,2.0,2.0,80.0,0.0
85.0,272.45828,26.200071,100.0,18.105585,0.0,0.0,100.0,-7.0,7.0,8.0,15.0,0.0,26.375362,-7.0,0.0,0.0,10.592957,45.156395,4.0,3.0,0.0,57.0,0.0
82.0,189.03192,4.0,84.36626,22.979898,0.0,0.0,100.0,-7.0,7.0,8.0,22.0,2.0,21.0,-7.0,0.0,0.0,23.869543,90.115776,6.925434,2.0,0.0,80.96439,0.0
73.051895,79.68128,-9.0,49.04122,39.211853,0.0,0.0,100.0,9.7351055,4.0,6.0,45.31642,4.0,23.841665,0.0,1.771838,2.0,0.0,91.0,3.0,1.0,0.0,25.0,0.0
81.0,230.28026,2.0,81.38969,38.941208,0.0,0.0,100.0,-7.0,7.0,8.0,50.209644,3.0,28.0,-7.0,0.0,0.0,13.110923,15.407727,5.0,3.0,0.0,50.0,0.0
73.0,-8.0,4.0,55.59096,19.0,0.0,0.0,100.0,-7.0,7.0,8.0,4.65032,3.0,36.15085,-7.0,1.3559303,1.0,67.193306,95.47092,7.0,2.0,0.0,100.0,0.0
85.87024,226.48961,3.0,83.0,20.532623,0.0,0.0,100.0,-7.0,7.0,8.0,24.0,2.0,38.0,0.0,1.0,1.0,15.0,-8.0,2.0,1.0,0.0,43.0,0.0
77.67977,-9.0,4.0,-9.0,11.0,0.0,0.0,100.0,-7.0,7.0,8.0,9.816937,2.0,19.0,6.0,1.0,1.0,9.0,-8.0,2.0,2.0,1.0,50.0,0.0
89.0,176.99893,7.0,83.0,7.0,0.0,0.0,100.0,-7.0,7.0,8.0,11.969924,1.0,0.0,12.0,0.0,0.0,15.0,-8.0,1.0,-8.0,0.0,43.0,0.0
71.0,187.95752,4.0,67.0,19.0,0.0,0.0,90.0,9.42704,6.0,6.0,21.0,2.0,40.48017,-7.0,0.0,0.0,34.948837,12.386375,3.0,2.0,1.0526251,64.0,0.0
77.0,268.75403,27.56091,93.82543,32.0,0.0,0.0,100.0,-7.0,7.0,8.0,32.0,0.0,67.66935,0.0,0.0,0.0,37.115963,-8.0,4.0,7.7139606,1.0,78.0,0.0
65.023125,190.15698,4.0,65.72948,23.931267,0.0,0.0,100.0,-7.0,7.0,8.0,26.0,4.0,16.0,1.0,1.5015225,1.4743723,71.97154,57.108562,11.0,2.0,3.7814078,61.238174,0.0
78.6703,177.38159,4.0,97.10757,39.806103,0.0,0.0,100.0,-7.0,7.0,8.0,42.81403,2.0,19.0,-7.0,0.0,0.0,38.15141,-8.0,11.0,1.0,1.0,67.0,0.0
-9.0,-9.0,-9.0,-9.0,-9.0,-9.0,-9.0,-9.0,-9.0,-9.0,-9.0,-9.0,-9.0,-9.0,-9.0,-9.0,-9.0,-9.0,-9.0,-9.0,-9.0,-9.0,-9.0,0.0
81.0,180.66742,7.0,77.52641,52.56632,0.0,0.0,97.0,4.839021,4.0,6.0,92.62667,2.0,62.935062,22.168257,0.0,0.0,6.0,88.0,3.0,7.4228325,0.0,67.0,0.0
71.66457,262.03162,4.0,93.0736,19.0,2.0,2.985817,88.0,68.61091,6.0,2.0,20.9672,2.0,-9.0,-7.0,1.0,1.0,37.81385,-8.0,3.0,-9.0,1.0,57.0,0.0
77.0,768.8496,16.40662,189.79225,24.0,0.0,0.0,94.0,22.318062,6.0,6.0,25.0,1.0,20.0,-7.0,1.0,0.0,7.627874,21.47509,7.0,2.0,2.0,75.0,0.0
87.0,421.04,25.225176,130.28874,14.0,0.0,0.0,100.0,-7.0,7.0,8.0,18.0,0.0,36.29887,23.21705,0.0,0.0,2.0,-8.0,3.0,-8.0,0.0,38.0,0.0
63.902573,139.7161,6.0,66.16023,28.0,1.0,0.0,89.219635,3.7829535,4.0,5.0347934,28.0,1.0,24.736017,0.0,1.0,0.0,87.22873,-8.0,7.0,3.0,5.221759,71.0,0.0
86.0,240.0024,4.015476,86.22384,21.0,0.0,0.0,93.216675,60.858295,6.0,5.4812617,18.0,2.0,17.0,3.0,1.0,0.0,1.0,-8.0,2.0,-8.0,0.0,31.203804,0.0
91.0,254.93463,21.970922,96.39824,19.0,0.0,0.0,100.0,-7.0,7.0,8.0,24.0,0.0,19.0,-8.0,0.0,0.0,5.0,-8.0,2.0,1.0,0.0,33.0,0.0
78.48641,148.79584,4.0,53.442364,36.050224,0.0,0.0,100.0,-7.0,7.0,8.0,38.0,3.0,33.0,1.0,2.0,2.0,2.0,86.13821,2.0,3.33128,0.0,50.0,0.0
-9.0,-9.0,-9.0,-9.0,-9.0,-9.0,-9.0,-9.0,-9.0,-9.0,-9.0,-9.0,-9.0,-9.0,-9.0,-9.0,-9.0,-9.0,-9.0,-9.0,-9.0,-9.0,-9.0,0.0
86.0,279.97717,10.0,77.0,15.0,0.0,0.0,100.0,-7.0,7.0,8.0,14.911384,0.9352813,10.313946,0.0,0.0,0.0,0.0,-8.0,3.0,1.0,0.0,44.105614,0.0
79.0,244.63016,2.0,103.90718,42.088398,1.0,1.0,95.0,12.094561,6.0,6.0,48.65547,5.0,35.0,1.9447347,1.0,1.0,1.0,-8.0,2.0,4.0,0.0,50.0,0.0
66.0,320.80634,3.2780838,92.615944,28.0,0.0,0.0,95.0,18.629862,6.0,6.0,30.0,3.0,28.0,0.0,5.348454,5.5965033,64.961395,56.04246,5.0,1.0,3.0,61.41303,0.0
80.0,227.24506,17.0,118.26624,14.0,0.0,0.0,87.90857,14.999813,6.0,6.0,9.613947,0.0,7.0380516,-7.0,0.0,0.0,8.0,-8.0,1.0,1.0,0.0,50.0,0.0
69.615295,142.07909,2.0,59.358097,33.96072,0.0,0.0,100.0,-7.0,7.0,8.0,49.50561,6.0,20.0,0.0,2.0,2.0,71.08631,99.956505,5.0,3.0,3.0,64.0,0.0
84.0,142.5129,13.489614,62.36095,12.0,0.0,0.0,100.0,-7.0,7.0,8.0,11.0,0.0,13.742639,-7.0,0.0,0.0,2.0,-8.0,3.0,1.0,0.0,64.42142,0.0
73.0,434.9538,9.0,118.07359,28.816687,0.0,0.0,100.0,-7.0,7.0,8.0,48.54293,4.0,28.0,3.0,0.0,0.0,33.81188,86.9646,7.0,1.0,2.0,55.61272,0.0
84.0,303.2045,7.056769,82.0,44.038677,0.0,0.0,100.0,-7.0,7.0,8.0,49.85594,1.0,43.0,23.474474,0.0,0.0,5.0,65.35811,2.0,3.0,0.0,56.0,0.0
82.21041,346.72894,4.0,75.61019,24.0,0.0,0.0,100.0,-7.0,7.0,8.0,29.0,3.0,39.0,0.0,3.0,3.0,2.0,95.54554,1.900512,3.0,0.0,43.0,0.0
75.18491,313.30356,1.0,66.51322,24.0,0.0,0.0,100.0,-7.0,7.0,8.0,39.878624,5.7304144,21.91769,2.0,3.0,3.0,17.0,131.03471,8.521465,2.0,2.7079358,80.0,0.0
84.0,172.839,24.490505,79.0,25.0,0.0,0.0,100.0,-7.0,7.0,8.0,27.0,0.0,45.0,3.0,2.0,1.0,6.867406,-8.0,3.0,2.0,0.0,100.0,0.0
69.99706,125.64129,4.0,67.6939,32.0,0.0,0.0,100.0,-7.0,7.0,8.0,42.497753,4.0,20.0,0.0,2.0,2.0,19.154234,93.0,9.0,2.0,1.0,68.410904,0.0
68.0,-6.5372615,3.0,47.05516,28.0,1.0,1.0,100.0,-7.0,7.0,8.0,31.361605,2.0520792,23.283665,1.0,1.0,1.0,21.0,-8.0,4.0,1.0,1.0,47.388184,0.0
92.78286,210.62854,2.0,88.67241,6.1146574,0.0,0.0,100.0,-7.0,7.0,8.0,11.0,1.0,14.0,0.0,0.0,0.0,1.4215574,-8.0,1.0,1.0,0.0,33.0,0.0
89.7372,380.25467,7.0,90.88512,17.0,0.0,0.0,100.0,-7.0,7.0,8.0,20.0,1.0,8.65172,0.0,0.0,0.0,1.0,-8.0,1.0,1.0,0.0,24.938492,0.0
87.77749,177.27129,3.0,96.98917,3.06232,0.0,0.0,100.0,-7.0,7.0,8.0,7.1416783,1.0,19.599974,0.0,0.0,0.0,17.000404,-8.0,3.0,1.0,0.0,75.0,0.0
88.22717,427.52478,10.0,164.0377,6.2963967,0.0,0.0,100.0,-7.0,7.0,8.0,11.652798,1.0,14.0,0.0,0.0,0.0,0.0,-8.0,1.0,-8.0,0.0,67.0,0.0
75.0,194.69926,2.0,61.896732,19.242857,0.0,0.0,100.0,-7.0,7.0,8.0,21.0,4.0,20.0,9.0,0.0,0.0,36.0,-8.0,6.0,2.0,3.0,53.18546,0.0
79.0,217.60953,2.9071412,82.0,36.42269,0.0,0.0,100.0,-7.0,7.0,8.0,36.05403,3.0,33.0,0.0,3.0,3.0,15.551875,96.65668,3.0,-8.0,0.0,29.41352,0.0
73.0,198.53415,6.0,82.0,29.0,0.0,0.0,95.0,4.490453,6.0,6.0,38.18935,2.0,37.857162,3.0,0.0,0.0,38.01863,83.36222,2.7737887,1.0,1.0,33.0,0.0
59.00151,259.7897,26.754154,68.0,16.0,0.0,0.0,73.18068,6.0,3.8057919,6.0,23.0,0.0,20.5718,0.0,0.0,0.0,87.61791,84.50221,11.0,2.0,4.0,75.0,0.0
92.146286,293.84335,12.716023,119.00141,14.0,0.0,0.0,100.0,-7.0,7.0,8.0,16.0,0.0,21.0,-7.0,0.0,0.0,0.0,-8.0,1.0,1.0,0.0,4.8682733,0.0
85.0,152.61215,5.0,61.0,13.0,0.0,0.0,100.0,-7.0,7.0,8.0,13.0,1.0,38.0,4.6346164,1.0,1.0,11.0,-8.0,1.4082611,1.0,0.0,43.344234,0.0
83.32475,341.28247,6.0,104.67337,45.291496,0.0,0.0,100.0,-7.0,7.0,8.0,44.167416,1.0,24.0,0.0,4.0,3.5364072,10.0,93.0,4.0,2.0,0.0,29.7283,0.0
83.0,159.60771,4.0,98.02239,14.115533,0.0,0.0,100.0,-7.0,7.0,8.0,9.059692,0.0,17.156973,-7.0,0.0,0.0,43.32714,-8.0,2.0,1.0,1.0,45.897312,0.0
92.87282,309.9256,6.0,180.33414,13.0,0.0,0.0,100.0,-7.0,7.0,8.0,18.112476,1.0,0.0,-7.0,1.0,0.0,1.0,-8.0,2.0,-8.0,0.0,24.963064,0.0
54.130882,94.37326,5.0,36.34833,-9.0,2.0,2.0,75.36007,55.155804,6.0,5.0,3.988733,2.0,65.51257,-7.0,0.0,0.0,54.627365,39.308872,2.0,1.0,-9.0,100.0,0.0
71.0,361.3847,7.0,119.03848,21.0,2.0,1.4685678,86.28356,13.398128,4.0,2.0,22.0,0.0,53.202595,-7.0,0.0,0.0,9.0,-8.0,2.0,1.0,0.0,47.54737,0.0
86.0,159.36029,4.0,60.3105,30.0,0.0,0.0,100.0,-7.0,7.0,8.0,34.479156,2.0,65.30866,7.0,0.0,0.0,2.0,84.564354,3.0,11.913471,0.0,60.0,0.0
75.0,343.44547,21.83485,122.36862,44.102646,0.0,0.0,100.0,-7.0,7.0,8.0,37.707695,0.0,42.0,0.0,1.0,1.0,30.915398,84.02193,6.0,3.0,2.0,64.0,0.0
78.0,307.9128,14.156585,76.39433,23.0,0.0,0.0,100.0,1.6169708,6.0,6.0,32.505104,0.0,22.0,8.0,0.0,0.0,13.0,-8.0,6.0,1.0,0.0,56.972607,0.0
-9.0,-9.0,-9.0,-9.0,-9.0,-9.0,-9.0,-9.0,-9.0,-9.0,-9.0,-9.0,-9.0,-9.0,-9.0,-9.0,-9.0,-9.0,-9.0,-9.0,-9.0,-9.0,-9.0,0.0
85.74036,207.405,5.0,89.548454,20.0,0.0,0.0,100.0,-7.0,7.0,8.0,29.0,2.0,36.05937,8.548484,1.0,1.0,22.222326,89.6791,3.0,2.0,0.0,60.0,0.0
85.656296,49.479637,36.70426,80.88531,11.0,0.0,0.0,100.0,-7.0,7.0,8.0,-9.0,0.0,54.567226,-7.0,2.0,1.0,1.0,-8.0,1.5352725,1.0,0.0,37.15873,0.0
69.76679,244.82486,3.0,70.0,28.0,1.2465978,1.0,100.0,-7.0,6.0,8.0,28.0,3.0,45.0,0.0,2.0,1.0,20.238804,80.276764,2.0,2.0,0.0,50.0,0.0
88.0,115.48176,2.0,64.19172,10.0,0.0,0.0,100.0,-7.0,7.0,8.0,13.0,1.0687332,27.0,5.4926686,0.0,0.0,14.71761,-8.0,1.0,1.0,0.0,68.47861,0.0
-9.0,-9.0,-9.0,-9.0,-9.0,-9.0,-9.0,-9.0,-9.0,-9.0,-9.0,-9.0,-9.0,-9.0,-9.0,-9.0,-9.0,-9.0,-9.0,-9.0,-9.0,-9.0,-9.0,0.0
85.0,242.00487,16.80699,84.0033,14.0,0.0,0.0,100.0,-7.0,7.0,8.0,14.0,0.0,39.296852,-8.0,0.0,0.0,7.5754337,69.21091,4.0,2.0,1.0,70.0,0.0
85.0,191.34497,25.125395,140.03827,9.0,0.0,0.0,100.0,-7.0,7.0,8.0,8.0,0.0,55.106586,0.0,0.0,0.0,19.0,-8.0,2.0,1.0,0.0,80.0,0.0
68.0,280.18494,8.0,92.0,40.34264,1.6254358,1.0,89.0,59.439053,6.0,2.0,34.0,1.0,36.0,-7.0,0.0,0.0,19.0,-8.0,6.6250105,4.0,1.0,58.431824,0.0
73.054794,44.454178,6.0,41.888912,9.495183,0.0,0.0,100.0,-7.0,7.0,8.0,7.134662,1.0,30.761518,0.0,1.0,1.0,28.495228,-8.0,2.0,1.0,0.0,81.54641,0.0
78.0,223.37187,7.0,72.06338,12.0,0.0,0.0,100.0,-7.0,7.0,8.0,13.0,2.0,16.0,-7.0,1.0,1.0,26.112926,-8.0,2.0,2.0,1.0,91.2144,0.0
66.17099,248.97461,19.370691,92.24201,22.0,1.0,1.0,100.0,-7.0,6.0,8.0,26.92661,0.0,46.0,-7.0,0.0,0.0,22.309252,43.59386,2.0,1.9344585,2.0,50.0,0.0
79.119804,247.7845,2.0,72.02912,42.391148,0.0,0.0,100.0,-7.0,7.0,8.0,55.807285,1.0,27.0,0.0,4.0,4.0,6.0,14.432297,3.0,2.0,0.0,25.346342,0.0
69.17683,243.00513,11.640477,94.93487,14.0,0.0,0.0,100.0,-7.0,6.0,8.0,12.0,0.0,55.155647,2.5234,1.0,1.0,59.836327,-8.0,3.0,1.0,1.0,91.62574,0.0
81.52035,159.55289,3.868922,71.0,21.0,0.0,0.0,100.0,-7.0,7.0,8.0,24.0,3.0,55.372,6.2570133,0.0,0.0,13.245525,70.34153,4.0,2.0,0.0,100.0,0.0
74.0,402.1229,4.0,112.66428,42.743176,0.0,0.0,100.0,-7.0,7.0,8.0,14.0,2.0,37.538586,1.0,1.8738663,1.4428445,29.131674,66.51662,7.0,4.9768467,2.0,60.0,0.0
77.0,259.52298,8.0,94.0,29.007439,0.0,0.0,96.0,22.519855,6.0,5.0,25.841585,2.0,24.0,3.0,3.0,2.0,11.0,-8.0,2.0,2.0,0.0,33.0,0.0
83.0,318.26508,7.0,113.82067,13.0,0.0,0.0,100.0,-7.0,7.0,8.0,15.0,2.0,18.0,-7.0,1.2772913,1.0,7.0,51.15273,3.0,1.0,0.0,75.0,0.0
80.0,166.08246,3.0,78.057,19.685452,0.0,0.0,100.0,-7.0,7.0,8.0,21.0,1.0,1.5238686,0.0,2.0,2.0,19.0,-8.0,2.4008784,2.0,1.0,43.0,0.0
89.0,176.19254,3.6140494,100.9664,9.33124,0.0,0.0,100.0,-7.0,7.0,8.0,12.0,0.7777169,20.0,-7.0,0.0,0.0,10.740609,-8.0,1.0,1.0,0.0,44.0,0.0
92.973175,232.01074,11.0,129.16743,8.0,0.0,0.0,100.0,-7.0,7.0,8.0,15.0,0.0,25.0,23.555916,0.0,0.0,4.840421,-8.0,1.0,1.0,0.0,29.733742,0.0
86.24104,336.1439,15.0,97.0,12.0,0.0,0.0,100.0,-7.0,7.0,8.0,11.841942,0.0,32.73286,0.0,0.0,0.0,30.750381,-8.0,0.6518134,1.0,0.0,33.0,0.0
87.289696,196.74568,9.0,74.0,22.468828,0.0,0.0,100.0,-7.0,7.0,8.0,13.0,1.0,15.727555,12.0,0.0,0.0,6.4520345,-8.0,2.0,1.6714321,0.0,25.0,0.0
71.0,201.81084,3.0,81.0,33.981335,0.0,0.0,100.0,-7.0,7.0,8.0,34.0,3.0,22.0,0.0,2.2860215,3.0,46.22223,-8.0,4.0,1.0,1.0,25.0,0.0
89.0,99.618614,1.0,72.77629,17.0,0.0,0.0,100.0,-7.0,7.0,8.0,21.032059,1.0,20.271759,3.0,2.0,2.0,0.0,-8.0,-6.368491,-8.0,0.0,-9.0,0.0
-9.0,159.82277,17.700445,54.90318,21.0,1.0,1.0,70.15191,3.8749077,0.17705378,4.0,26.0,0.0,37.0,0.0,5.0,4.504016,95.36132,77.48515,3.0,3.0,1.0,83.0,0.0
87.55208,426.22937,6.0,181.80028,19.68142,0.0,0.0,93.319496,22.28743,6.0,6.0,19.435179,1.0,10.319731,3.0,0.0,0.0,1.0,-8.0,1.0,1.0,0.0,15.698897,0.0
81.0,155.09857,3.0,69.782616,26.550789,0.0,0.0,100.0,-7.0,7.0,8.0,30.0,1.0,42.0,2.0,0.0,0.0,11.0,100.0,2.0,3.0,0.0,43.0,0.0
87.0,225.16206,16.8487,128.24489,27.0,0.0,0.0,100.0,-7.0,7.0,8.0,32.64192,0.0,25.429478,-8.0,0.0,0.0,3.0,-8.0,3.0,2.0,0.0,50.0,0.0
84.48355,59.174183,3.0,47.125732,23.0,0.0,0.0,100.0,-7.0,7.0,8.0,21.319748,3.0,19.0,3.0,1.0,1.0,6.0,-8.0,1.0,1.0,0.0,24.843191,0.0
83.0,287.30087,7.0,119.67222,24.0,0.0,0.0,100.0,-7.0,7.0,8.0,21.0,2.0,32.0,0.0,0.0,0.0,26.861092,84.03638,2.0,2.0,0.0,67.0,0.0
70.809586,146.0932,2.0,63.0,75.61276,0.0,0.0,100.0,18.534191,4.019636,6.0,93.58734,3.0,25.0,0.0,7.9981365,10.868961,36.0,85.2527,8.0,6.0,8.64244,57.0,0.0
84.04911,215.87889,2.0,70.0,31.0,0.0,0.0,100.0,-7.0,7.0,8.0,31.0,3.0,16.878754,1.0,0.0,1.0,1.0,-8.0,2.0,2.0,0.0,30.40124,0.0
77.0,184.21574,6.0,63.0,31.89579,0.0,0.0,95.32894,2.6250439,6.0,6.0,34.0,4.0,27.168865,0.0,2.9942813,2.0,9.0,94.87548,2.0,2.0,0.0,30.64836,0.0
85.0,158.73189,9.0,100.81959,51.155247,0.0,0.0,100.0,-7.0,7.0,8.0,29.208735,2.0,33.486134,-8.0,0.0,0.0,1.0,-8.0,3.0,2.0,0.0,40.22648,0.0
82.0,143.77083,5.0,79.507164,25.330181,0.0,0.0,100.0,-7.0,7.0,8.0,12.866068,2.0,38.537125,0.0,0.0,0.0,12.255549,52.667526,3.0,5.0,0.0,55.380955,0.0
88.0,158.07806,6.1399894,88.59582,14.0,0.0,0.0,94.64998,51.959145,6.0,6.0,10.782849,0.0,20.882195,11.557608,0.0,0.0,11.0,-8.0,1.0,-8.0,0.0,18.192635,0.0
72.0,-9.0,2.0,72.0,17.0,0.0,0.0,100.0,-7.0,7.0,8.0,-9.0,2.0,17.0,0.0,3.0,3.0,20.003387,80.03518,7.7204676,3.0,0.0,88.74394,0.0
81.0,446.45578,15.251426,139.0425,20.0,0.0,0.0,100.0,-7.0,7.0,8.0,22.0,0.0,31.485922,0.0,3.0,3.0,36.0,82.77238,1.0,2.0,0.0,29.690592,0.0
88.0,202.12312,5.0,70.53567,13.0,0.0,0.0,100.0,-7.0,7.0,8.0,13.0,1.0,22.0,0.0,0.0,0.0,0.0,99.12367,0.0,1.0,0.0,10.572382,0.0
77.80429,158.46889,13.0,74.78841,16.3262,0.0,0.0,100.0,-7.0,7.0,8.0,20.0,0.0,16.572739,-7.0,0.0,0.0,44.786564,52.22591,4.0,2.0,2.0,75.0,0.0
80.0,332.63324,7.8912706,88.16994,20.0,0.0,0.0,84.845665,2.478579,6.0,6.0,25.03044,1.0,27.0,0.0,0.0,0.0,5.566034,-8.0,3.0,1.0,0.0,33.0,0.0
72.0,277.55383,4.0,90.02881,20.0,1.0,1.0,73.20976,44.593117,6.0,2.0,23.060019,3.0,27.455631,0.0,1.0,1.0,18.266483,82.85512,4.0,2.0,0.0,67.0,0.0
69.0,135.3808,5.0,54.02041,27.0,0.0,0.0,91.28718,37.74662,6.0,6.0,21.0,2.0,45.0,0.0,3.0,3.0,49.20374,76.05671,4.0,2.0,1.0,69.45819,0.0
90.629616,299.90933,22.881102,102.47046,21.0,0.0,0.0,100.0,-7.0,7.0,8.0,21.904232,0.0,38.0,4.766573,0.0,0.0,1.0,-8.0,3.0,2.0964937,0.0,52.065548,0.0
81.0,-8.0,2.0,71.0816,18.0,0.0,0.0,100.0,-7.0,7.0,8.0,-9.0,2.0,32.0,0.0,0.0,0.0,13.0,102.75865,3.0,2.0,0.0,75.0,0.0
65.0,271.89957,11.366056,120.98608,17.547693,1.0,1.0,85.44372,29.824423,6.0,3.0,20.0,0.0,35.0,-8.0,0.0,0.0,82.68217,-8.0,1.0,1.0,1.0,50.0,0.0
59.76349,165.2086,7.0,69.525566,39.57561,1.0,1.0,91.450676,9.048527,6.0,3.0,44.26647,2.0,35.0,-8.0,0.0,0.0,76.74811,8.45071,8.0,2.0,2.0,88.84626,0.0
80.0,158.48544,1.0,74.0,21.0,0.0,0.0,100.0,-7.0,7.0,8.0,25.0,2.0,27.0,-7.0,0.0,0.0,24.557262,91.71551,2.0,2.0,0.0,84.13232,0.0
-9.0,-9.0,-9.0,-9.0,-9.0,-9.0,-9.0,-9.0,-9.0,-9.0,-9.0,-9.0,-9.0,-9.0,-9.0,-9.0,-9.0,-9.0,-9.0,-9.0,-9.0,-9.0,-9.0,0.0
71.0,124.76826,-9.0,40.762905,19.0,0.0,0.0,100.0,-7.0,7.0,8.0,19.304068,5.0,30.0,0.0,2.0,2.0,46.088524,98.61835,9.0,4.0,1.0,100.0,0.0
82.0,184.98029,22.955347,141.02594,18.0,0.0,0.0,100.0,-7.0,7.0,8.0,19.0,0.0,22.0,0.0,0.0,0.0,46.917095,-8.0,3.693017,1.0,0.0,57.0,0.0
-9.0,-9.0,-9.0,-9.0,-9.0,-9.0,-9.0,-9.0,-9.0,-9.0,-9.0,-9.0,-9.0,-9.0,-9.0,-9.0,-9.0,-9.0,-9.0,-9.0,-9.0,-9.0,-9.0,0.0
86.0,221.51099,14.23103,110.799355,5.867645,0.0,0.0,100.0,-7.0,7.0,8.0,9.103733,1.0,38.0,0.0,0.0,0.0,17.0,31.52473,1.0,1.0,0.0,80.0,0.0
89.04553,311.0116,12.0,139.6576,21.0,0.0,0.0,100.0,-7.0,7.0,8.0,33.722717,0.0,40.0,13.769411,0.0,0.0,13.0,-8.0,1.0,2.0,0.0,33.0,0.0
77.0,232.65535,4.0,68.0,22.313713,0.0,0.0,95.00898,11.726098,6.0,6.0,24.197292,3.0,2.767237,1.1320372,2.0,2.0,15.87289,-8.0,7.0,-8.0,0.0,50.0,0.0
89.0,235.32008,6.0,163.964,18.0,0.0,0.0,100.0,-7.0,7.0,8.0,16.0,1.0,33.0,0.0,2.0,1.0,16.0,76.4282,3.0,2.0,0.0,80.0,0.0
-9.0,-9.0,-9.0,-9.0,-9.0,-9.0,-9.0,-9.0,-9.0,-9.0,-9.0,-9.0,-9.0,-9.0,-9.0,-9.0,-9.0,-9.0,-9.0,-9.0,-9.0,-9.0,-9.0,0.0
69.0,171.6342,1.8040373,86.0,42.19653,0.0,0.0,96.0,11.574987,6.0,6.0,60.285877,2.0,28.0,0.0,3.8856,3.0,45.619907,-8.0,4.0,3.0,1.0,60.0,0.0
79.23331,196.95502,6.0,88.59864,13.006448,0.0,0.0,100.0,-7.0,7.0,8.0,18.0,3.0,41.19458,0.0,0.0,0.0,7.0,87.36216,3.0,5.0,0.0,71.0,0.0
80.37557,153.46977,19.434847,79.0,13.0,0.0,0.0,100.0,-7.0,7.0,8.0,8.792911,0.0,20.0,-7.0,0.0,0.0,47.948856,76.22806,2.0,2.0,1.0,67.0,0.0
77.0,201.36629,17.092743,110.522,22.631355,0.0,0.0,94.0,52.716274,6.0,6.0,29.0,0.0,50.0,1.0,2.0,2.0,46.104397,66.07774,2.0,2.0,1.0,100.0,0.0
80.0,152.30238,8.0,91.05235,41.900513,0.0,0.0,100.0,-7.0,7.0,8.0,12.0,2.0,23.0,3.0939567,0.0,0.0,14.0,74.62178,6.0,3.0,0.0,50.0,0.0
-9.0,410.3975,6.0,103.677734,27.0,0.0,0.0,88.96333,3.6014585,6.0,6.0,30.554392,2.0,24.0,0.0,4.0,3.9485993,64.71951,89.25826,8.78937,2.0,3.0,73.0,0.0
82.0,199.90942,7.0,67.84971,18.0,0.0,0.0,95.642525,82.21163,6.0,6.0,24.024729,1.6029129,11.0,0.0,2.0,1.0,11.332695,-8.0,5.5232234,2.0,0.0,64.4063,0.0
69.0,241.97136,12.0,98.03041,33.16019,0.0,0.0,100.0,-7.0,7.0,8.0,30.0,0.0,33.0,0.0,4.0,3.9037232,77.4418,20.53306,4.0,3.0,2.0,74.11976,0.0
84.0,185.48715,4.0,80.6387,42.45001,0.0,0.0,100.0,-7.0,7.0,8.0,43.22811,1.0,50.60807,2.0,2.0,2.0,7.116929,29.605392,3.0,5.276151,0.0,75.0,0.0
72.0,144.10988,3.0,60.830135,25.0,0.0,0.0,91.268326,36.43222,6.0,6.0,24.0,4.0,33.0,-7.0,0.0,0.0,35.144634,54.897423,4.0,2.0,0.0,61.885895,0.0
87.0,253.25002,26.584526,119.69754,13.0,0.0,0.0,100.0,-7.0,7.0,8.0,11.0,0.0,20.0,-7.0,0.0,0.0,29.579983,-8.0,2.0,1.0,0.0,50.0,0.0
68.0,254.6511,4.0,57.132244,37.67255,0.0,0.0,100.0,-7.0,7.0,8.0,47.24045,2.0,17.843098,0.0,2.0,2.0,43.25412,-8.0,10.451637,2.0,4.0584555,53.295555,0.0
90.0,358.43546,6.0,106.02354,16.0,0.0,0.0,100.0,-7.0,7.0,8.0,12.035429,1.0,19.0,0.0,0.0,0.0,2.0,-8.0,1.1495957,1.0,0.0,33.0,0.0
-9.0,-9.0,-9.0,-9.0,-9.0,-9.0,-9.0,-9.0,-9.0,-9.0,-9.0,-9.0,-9.0,-9.0,-9.0,-9.0,-9.0,-9.0,-9.0,-9.0,-9.0,-9.0,-9.0,0.0
77.941475,241.65611,4.0,88.28137,31.84835,0.0,0.0,100.0,-7.0,7.0,8.0,28.0,2.0,14.0,3.0,1.0,1.0,35.109005,51.05617,2.0,2.0,0.0,33.0,0.0
71.0,311.29416,7.0,84.59727,47.83842,0.0,0.0,96.0,24.44035,6.0,6.0,51.64184,1.0,35.0,0.0,2.9540415,3.0,19.401857,87.727516,9.0,6.497894,0.0,75.0,0.0
82.0,220.75403,5.0,97.16859,30.522293,0.0,0.0,100.0,-7.0,7.0,8.0,24.172176,2.0,54.77087,12.210173,1.0,1.0,14.535398,-8.0,8.0,2.0,0.0,83.860146,0.0
-9.0,-9.0,-9.0,-9.0,-9.0,-9.0,-9.0,-9.0,-9.0,-9.0,-9.0,-9.0,-9.0,-9.0,-9.0,-9.0,-9.0,-9.0,-9.0,-9.0,-9.0,-9.0,-9.0,0.0
72.0,191.98479,9.0,82.0,21.0,1.0,1.0,94.0,24.748968,6.0,6.0,21.0,1.0,29.686928,0.0,1.0,0.47289807,54.196083,-8.0,2.0,2.0,1.0,50.0,0.0
78.0,378.26184,4.3879457,94.80666,31.057812,0.0,0.0,100.0,-7.0,7.0,8.0,50.31728,1.0,26.0,18.091877,0.0,0.0,34.395435,-8.0,3.0,1.0,5.735681,43.0,0.0
62.0,356.25375,3.0,293.00702,14.0,3.0,0.0,65.53131,3.0,6.0,5.0,16.435999,1.0,23.264137,-8.0,0.0,0.0,61.639412,-8.0,5.0,-8.0,1.0,64.0,0.0
72.0,246.21126,4.0,103.672844,22.0,0.0,0.0,96.0,34.421913,6.0,6.0,19.0,1.0,36.0,4.0,1.0,1.0,3.0,49.983345,6.0,2.0,0.0,67.0,0.0
82.0,177.63206,10.0,94.53474,25.0,0.0,0.0,100.0,-7.0,7.0,8.0,26.858759,0.0,26.642918,12.0,0.0,0.0,16.0,69.21468,6.0,3.0,0.0,67.0,0.0
66.0,199.88145,14.928818,129.9469,18.0,1.0,0.0,89.0,-7.0,3.5962074,5.0,22.0,0.0,47.0,17.419472,0.0,0.0,32.86331,73.271706,6.0,2.0,1.0,86.0,0.0
75.0,557.1068,4.0,71.882195,27.542698,0.0,0.0,100.0,-7.0,7.0,8.0,25.0,4.0,22.935797,0.0,0.7035194,0.0,36.804756,-8.0,1.0,1.0,1.0,33.0,0.0
70.0,246.42307,4.0,98.380806,69.20739,0.0,0.0,94.0,-7.0,4.0,6.0,90.21115,3.0,29.0,0.0,3.0,3.0,6.2877316,58.377357,9.0,5.0,0.0,55.031006,0.0
70.409386,243.62375,11.0,64.693474,33.71491,0.0,0.0,100.0,-7.0,7.0,8.0,35.0,0.0,23.0,21.024755,0.0,0.0,17.0,72.439224,6.0,2.0,1.0,83.0,0.0
75.0,378.925,11.447437,114.48553,28.127396,0.0,0.0,100.0,-7.0,7.0,8.0,38.246876,0.0,19.882748,1.0,0.0,0.0,56.601223,35.579,4.0,1.0,3.5372953,50.0,0.0
66.0,253.72168,3.0,65.0,4.2818675,1.2476479,1.0,100.0,-7.0,7.0,8.0,7.0,2.0,13.0,0.0,0.0,0.0,52.215214,-8.0,3.0,-8.0,0.0,67.83285,0.0
81.0,128.44238,3.0,46.60581,11.273667,0.0,0.0,100.0,-7.0,7.0,8.0,10.0,3.0,0.0,0.0,1.0,1.0,42.834045,-8.0,3.0,1.0,0.0,71.0,0.0
72.538216,256.67828,2.0,93.0,33.64609,0.0,0.0,97.0,10.896022,4.0,6.0,34.0,2.0,69.304085,0.0,2.0,2.0,31.808586,49.279423,3.0,9.516554,0.0,75.0,0.0
71.09291,248.2592,22.496855,72.0,27.0,0.0,0.0,87.79546,26.682966,6.0,6.0,36.00982,0.0,59.575626,-8.0,0.0,0.0,43.116676,53.237602,3.0,3.0,1.0,71.0,0.0
79.0,428.28647,15.0,146.55214,29.321497,0.0,0.0,97.0,42.371475,6.0,6.0,35.80385,0.0,19.0,9.0,0.0,0.0,11.0,-8.0,7.0,1.0,0.0,63.0,0.0
86.0,199.96559,4.0,81.0,18.640326,0.0,0.0,100.0,-7.0,7.0,8.0,22.0,3.0,27.0,0.0,1.0,1.0,0.0,-8.0,3.0,1.0,0.0,63.0,0.0
80.0,239.62143,4.0,77.0,39.0,0.0,0.0,100.0,-7.0,7.0,8.0,29.0,2.0,42.627922,5.0,0.0,0.0,0.0,45.817574,1.0,2.0,0.0,11.163257,0.0
84.0,723.2256,36.838688,128.71037,21.0,0.0,0.0,100.0,-7.0,7.0,8.0,20.0,0.0,14.0,-7.0,0.0,0.0,18.0,-8.0,2.0,-8.0,0.0,25.0,0.0
67.94881,152.70563,4.0,46.906345,52.952507,0.0,0.0,97.0,69.89746,6.0,6.0,53.57948,9.030376,36.0,7.4132237,0.0,0.0,36.0,69.30663,10.905671,5.0,1.0,82.39737,0.0
88.0,258.10794,21.420868,133.3903,15.0,0.0,0.0,100.0,-7.0,7.0,8.0,23.609018,0.0,6.601674,-8.0,0.0,0.0,1.0,-8.0,1.0,-9.0,0.0,-9.0,0.0
92.667435,350.60858,26.378439,119.396385,-9.0,0.0,0.0,100.0,-7.0,7.0,8.0,12.0,0.0,19.0,9.0,0.0,0.0,5.0,-8.0,1.0,1.0,0.0,53.50431,0.0
84.0,226.47987,3.0,77.0,29.0,0.0,0.0,93.49323,58.903126,6.0,6.0,28.0,2.0,37.435787,0.0,2.0,2.0,6.362097,82.74973,7.864674,2.4076865,0.0,74.292595,0.0
78.0,413.7254,6.0,174.05225,17.0,0.0,0.0,85.06435,75.74233,6.0,6.0,17.485943,1.0,20.0,-7.0,2.0,1.0,13.0,-8.0,3.0,-8.0,4.0,44.0,0.0
76.0,275.9718,6.0,67.0,52.41682,0.0,0.0,100.0,-7.0,7.0,8.0,78.12608,2.0,30.0,0.0,1.0,1.0,9.0,60.508816,4.0,5.0,0.0,51.413483,0.0
89.0,480.8697,29.129906,153.91135,15.400215,0.0,0.0,100.0,-7.0,7.0,8.0,15.0,0.0,30.09633,1.0,0.0,0.0,1.0,-8.0,2.0,1.0,0.0,36.139717,0.0
76.0,259.26422,5.0,80.0,38.16726,0.0,0.0,100.0,4.0,6.0,6.0,32.0,3.0,2.2593615,0.0,3.0,3.6856177,0.55459946,-8.0,6.0,1.0,0.0,16.113148,0.0
74.0,284.26245,1.0,86.38161,33.0,0.0,0.0,100.0,-7.0,7.0,8.0,37.0,3.0,34.9527,3.0,2.0,2.0,29.098465,72.58741,6.0,3.0,1.0,50.0,0.0
66.0,49.002415,4.0,53.091183,20.0,0.0,0.0,100.0,-7.0,7.0,8.0,20.0,2.0,44.0,0.0,3.0,3.0,68.500786,68.86817,4.0,6.0,4.0,85.709854,0.0
79.50431,258.9114,4.0,75.0,30.800472,0.0,0.0,97.0,40.72756,6.0,6.0,40.85063,3.0,18.0,9.026807,0.0,0.0,33.45497,59.372616,5.0,2.0,3.0,54.485435,0.0
91.767,218.64696,10.0,129.60425,20.0,0.0,0.0,100.0,-7.0,7.0,8.0,17.0,1.0,20.0,-8.0,0.0,0.0,6.0,-8.0,2.0,1.0,0.0,40.0,0.0
85.74263,405.75903,24.082027,172.4284,13.0,0.0,0.0,100.0,-7.0,7.0,8.0,18.0,0.0,24.0,0.0,1.0,1.0,1.0,70.99951,4.0,1.0,0.0,83.0,0.0
86.0,-4.473807,2.0,44.960594,14.0,0.0,0.0,100.0,-7.0,7.0,8.0,15.0,2.0,40.0,0.0,2.0,2.0,3.0,43.69704,2.0,1.0,0.0,40.0,0.0
90.0,469.2351,20.266378,302.1541,19.0,0.0,0.0,100.0,-7.0,7.0,8.0,24.628546,0.0,0.24185614,-8.0,0.0,0.0,2.1714828,-8.0,2.0,-8.0,0.0,25.431873,0.0
-9.0,-9.0,-9.0,-9.0,-9.0,-9.0,-9.0,-9.0,-9.0,-9.0,-9.0,-9.0,-9.0,-9.0,-9.0,-9.0,-9.0,-9.0,-9.0,-9.0,-9.0,-9.0,-9.0,0.0
74.0,159.96797,9.0,117.96177,14.9246025,0.0,0.69408196,100.0,-7.0,7.0,8.0,7.8398304,1.0,25.0,0.0,0.0,0.0,77.29938,91.50233,4.0,3.0,0.0,100.0,0.0
75.0,331.1627,5.0,61.0,10.0,0.0,0.0,100.0,-7.0,7.0,8.0,14.0,1.0,33.0,5.0,0.0,0.0,97.33059,-8.0,4.0,1.0,1.0,100.0,0.0
82.0,281.27362,6.0,76.0,21.0,0.0,0.0,100.0,-7.0,7.0,8.0,22.0,1.0,0.0,1.0,1.0,1.0,9.281076,-8.0,2.0,-8.0,0.0,33.0,0.0
90.21174,200.45277,12.0,147.60497,3.8440158,0.0,0.0,100.0,-7.0,7.0,8.0,4.6409645,1.0,25.459526,-8.217321,0.0,0.0,9.0,-8.0,2.0,1.0,0.0,50.0,0.0
-9.0,-9.0,-9.0,-9.0,-9.0,-9.0,-9.0,-9.0,-9.0,-9.0,-9.0,-9.0,-9.0,-9.0,-9.0,-9.0,-9.0,-9.0,-9.0,-9.0,-9.0,-9.0,-9.0,0.0
78.0,154.89128,3.0,65.0,21.0,0.0,0.0,100.0,-7.0,7.0,8.0,25.0,2.0,36.0,10.058527,0.0,0.0,45.093,-8.0,4.0,1.0,1.0,86.0,0.0
83.0,89.56365,10.713057,61.711826,25.0,0.0,0.0,100.0,-7.0,7.0,8.0,28.0,0.0,33.0,5.1845098,0.0,0.0,12.0,59.3207,2.0,2.0,0.0,80.0,0.0
82.0,492.84326,5.0,74.31585,18.495064,0.0,0.0,100.0,-7.0,7.0,8.0,21.0,2.0,27.0,0.0,0.0,0.0,0.65390855,-8.0,3.0,1.0,0.0,35.71113,0.0
83.0,189.30336,6.0,84.05694,46.386208,0.0,0.0,100.0,-7.0,7.0,8.0,41.26133,3.0,24.0,-7.0,2.0,1.110038,3.0,-8.0,3.0,1.0,0.0,48.47607,0.0
79.0,139.45457,5.0,66.273125,38.81861,0.0,0.0,100.0,-7.0,7.0,8.0,38.164146,1.0,21.0,1.0,2.0,2.0,8.0,37.075935,3.0,2.0,0.0,34.808987,0.0
83.840385,177.13094,4.0,57.038357,10.653607,0.0,0.0,100.0,-7.0,7.0,8.0,13.191133,2.0,48.29669,0.0,1.0,1.0,2.0,52.145084,1.0,1.0,0.0,50.0,0.0
87.0,162.30148,7.082694,107.85225,5.9462795,0.0,0.0,100.0,-7.0,7.0,8.0,9.392043,0.0,40.183598,-7.0,1.0,1.0,11.0,-8.0,1.0,1.0,0.0,78.0,0.0
76.0,137.6536,1.0,53.56415,27.342928,0.0,0.0,100.0,-7.0,7.0,8.0,28.98145,5.0,18.0,0.0,1.0,1.0,1.0,60.51218,2.0,2.0,0.0,26.523039,0.0
77.0,210.59381,1.4456022,102.121994,21.0,0.0,0.0,100.0,-7.0,7.0,8.0,28.0,6.0,17.0,0.0,3.56339,3.404702,1.0,83.69885,2.0,2.0,0.0,35.96841,0.0
89.0,487.51743,30.778103,281.14786,15.047462,0.0,0.0,100.0,-7.0,7.0,8.0,-0.08200114,0.0,21.0,-8.70559,0.0,0.0,16.0,80.0,5.0,2.0,0.0,63.777287,0.0
69.99075,177.86617,7.0,77.0,11.0,0.0,0.0,100.0,-7.0,7.0,8.0,11.046843,1.0,21.0,-7.0,1.0,1.0,62.067707,-8.0,5.0,1.0,1.0,81.497246,0.0
71.0,314.88367,4.0,84.28098,30.683058,3.4593098,0.0,78.792305,37.206924,6.0,5.0,34.152157,4.0,41.35011,0.0,1.0,1.0,36.36116,72.85174,5.0,6.0,0.0,81.6087,0.0
73.0,182.35007,2.0,66.121124,10.0,0.0,0.0,100.0,-7.0,7.0,8.0,14.0,4.0,33.0,0.0,6.369777,5.994967,0.0,57.117973,2.0,4.0,0.0,40.39658,0.0
-9.0,-9.0,-9.0,-9.0,-9.0,-9.0,-9.0,-9.0,-9.0,-9.0,-9.0,-9.0,-9.0,-9.0,-9.0,-9.0,-9.0,-9.0,-9.0,-9.0,-9.0,-9.0,-9.0,0.0
73.60953,160.14272,4.0,49.86821,17.0,0.0,0.0,90.70368,36.48184,6.0,6.0,19.0,1.0,33.322506,1.0,1.0,1.0,1.0,-8.0,2.0,2.0,0.0,33.0,0.0
61.131184,237.50827,19.974213,74.53445,13.0,0.0,0.0,74.96215,15.561247,4.0,6.0,15.0,0.0,62.78283,0.0,0.0,0.0,28.806812,52.706314,2.0,1.9096247,1.0,65.33626,0.0
87.0,145.99748,14.0,68.0,14.0,0.0,0.0,100.0,-7.0,7.0,8.0,16.0,0.0,28.0,-8.0,0.0,0.0,4.258693,65.061226,2.0,2.0,0.0,50.0,0.0
83.76851,133.60558,6.0,88.1969,27.0,0.0,0.0,91.61885,44.54115,6.0,6.0,36.976585,1.0,85.94143,0.0,0.0,0.0,1.8181232,77.97977,2.0,4.0,0.0,80.0,0.0
84.24349,138.4989,13.674232,71.0,34.0,0.0,0.0,100.0,-7.0,7.0,8.0,34.835056,0.0,18.148191,6.0,0.0,0.0,8.0,-8.0,2.0,1.0,0.0,24.94578,0.0
80.0,173.06084,3.0,103.491875,24.0,0.0,0.0,100.0,-7.0,7.0,8.0,24.0,1.0,31.0,1.0,1.0,1.0,25.0,-8.0,5.0,1.0,0.0,75.17529,0.0
-9.0,-9.0,-9.0,-9.0,-9.0,-9.0,-9.0,-9.0,-9.0,-9.0,-9.0,-9.0,-9.0,-9.0,-9.0,-9.0,-9.0,-9.0,-9.0,-9.0,-9.0,-9.0,-9.0,0.0
77.0,145.21681,7.0,81.043686,26.0,1.0,0.0,95.0,56.75458,6.0,5.969582,25.0,2.0,42.940216,1.0,1.0,1.0,1.0,49.41734,2.0,3.0,0.0,33.5493,0.0
69.53928,189.45216,1.0968846,85.274254,25.0,0.0,0.0,100.0,-7.0,7.0,8.0,30.0,5.5369167,25.0,0.0,2.0,2.0,48.366993,82.0,5.0,4.0,2.0,71.0,0.0
84.566246,357.1124,9.820412,160.3974,21.0,0.0,0.0,100.0,-7.0,7.0,8.0,25.0,3.0,0.0,0.0,1.0,0.8340097,0.0,59.2025,3.0,2.0,0.0,44.59123,0.0
75.0,231.3835,2.0,129.3653,16.93394,0.0,0.0,100.0,-7.0,7.0,8.0,20.0,1.0,29.425755,0.0,5.0,5.1592584,64.02981,84.02175,7.0,2.0,7.8483644,75.0,0.0
86.0,308.60974,-9.0,93.651115,15.0,0.0,0.0,100.0,-7.0,7.0,8.0,16.0,4.0,42.0,0.0,2.0,2.0,6.0,44.74023,3.0,2.0,0.0,60.0,0.0
-9.0,-9.0,-9.0,-9.0,-9.0,-9.0,-9.0,-9.0,-9.0,-9.0,-9.0,-9.0,-9.0,-9.0,-9.0,-9.0,-9.0,-9.0,-9.0,-9.0,-9.0,-9.0,-9.0,0.0
88.0,209.49818,11.313916,80.0,14.0,0.0,0.0,100.0,-7.0,7.0,8.0,15.0,1.0,34.515415,21.01986,0.0,0.0,11.373796,91.493675,1.0,2.0,0.0,39.191162,0.0
76.0,155.56967,8.0,69.9828,39.0,0.0,0.0,100.0,-7.0,7.0,8.0,37.0,1.0,42.0,1.0,2.0,2.0,10.0,41.424225,7.0,3.947663,1.0,78.933495,0.0
75.0,244.78499,7.0,80.0,17.0,0.0,0.0,100.0,-7.0,7.0,8.0,19.0,1.9465871,31.0,0.0,1.0,1.0,64.57811,79.703224,5.0,3.0,1.4705313,100.0,0.0
59.310654,155.53023,5.7010856,95.03301,21.0,2.0,2.0,100.0,-7.0,7.0,8.0,26.0,1.0,65.35181,1.0,1.0,1.0,42.002495,49.743065,2.0,3.5208395,2.0,83.0,0.0
65.0,101.01915,2.0,66.30587,13.208414,1.8368102,1.0,91.38894,6.7073846,-6.5919657,3.0,11.0,2.0,50.0,5.7463627,0.0,0.0,26.388012,-8.0,2.0,2.0,0.0,50.0,0.0
83.0,112.6973,2.0,83.29467,12.3628645,0.0,0.0,100.0,-7.0,7.0,8.0,14.5634775,2.0,20.0,0.0,2.0,1.0,28.952688,-8.0,2.0,1.0,0.0,50.0,0.0
78.0,227.81953,4.0,80.09725,21.0,0.0,0.0,100.0,-7.0,7.0,8.0,19.0,1.0,59.663963,0.0,0.0,0.0,116.84106,89.01268,2.0,2.0,2.0,100.0,0.0
80.0,155.6731,27.534697,77.0,13.0,0.0,0.0,100.0,-7.0,7.0,8.0,12.0,0.0,26.10253,-7.0,0.0,0.0,24.683165,-8.0,4.0,1.0,0.0,98.15291,0.0
83.14907,132.58388,5.0,65.45951,22.900393,0.0,0.0,97.0,22.285433,6.0,6.0,18.0,1.0,54.518715,21.697027,0.0,0.0,9.975901,52.997574,2.0,3.0,0.0,56.0,0.0
84.0,212.15791,14.247299,102.157455,45.380787,0.0,0.0,100.0,-7.0,7.0,8.0,34.0,0.0,-9.0,-7.0,0.0,0.0,1.0,73.14448,4.0,2.0,0.0,28.825962,0.0
92.65972,242.42896,8.0,115.99908,15.0,0.0,0.0,100.0,-7.0,7.0,8.0,19.0,1.0,35.0,7.999613,1.0,1.0,2.0,-8.0,2.0,1.0,0.0,78.285034,0.0
83.0,147.03688,3.0,60.69098,38.69647,0.0,0.0,97.0,76.82513,6.0,6.0,45.912453,2.0,56.924706,1.0,2.0,2.0,1.0,90.03401,1.0351897,2.0,0.0,64.59012,0.0
81.0,403.71234,4.0,92.76207,41.060654,0.0,0.0,100.0,-7.0,7.0,8.0,48.26952,3.0,39.868935,0.0,2.0,2.0,12.586063,84.02802,4.0,3.0,0.0,42.16225,0.0
81.0,79.96583,16.0,63.114254,12.0,0.0,0.0,100.0,-7.0,7.0,8.0,6.9289055,0.0,18.0,0.0,0.0,0.0,2.0,56.347645,4.0,2.0,0.0,82.14973,0.0
85.0,173.16965,16.0,82.84025,17.0,0.0,0.0,100.0,-7.0,7.0,8.0,17.0,0.0,71.16994,0.0,0.0,0.0,0.0,-8.0,-9.0,5.0,0.0,43.0,0.0
67.182106,162.333,2.0,38.97088,13.0,0.0,0.0,100.0,-7.0,7.0,8.0,10.711963,2.0,14.0,0.0,5.0,5.0,48.62865,92.639755,5.0,2.0,3.0,62.884758,0.0
-9.0,-9.0,-9.0,-9.0,-9.0,-9.0,-9.0,-9.0,-9.0,-9.0,-9.0,-9.0,-9.0,-9.0,-9.0,-9.0,-9.0,-9.0,-9.0,-9.0,-9.0,-9.0,-9.0,0.0
84.0,254.7395,4.0,84.6747,14.0,0.0,0.0,100.0,-7.0,7.0,8.0,15.0,1.0,30.0,-8.0,0.0,0.0,18.0,-8.0,4.0,1.0,0.0,75.0,0.0
73.0,261.43387,19.920265,281.42654,13.0,0.0,0.0,92.53816,71.96923,6.0,6.0,16.459663,0.0,19.0,0.0,3.0,3.0,47.764145,-8.0,6.3263264,1.0,1.0,80.0,0.0
83.0,480.4609,8.146249,86.0,25.0,0.0,0.0,100.0,-7.0,7.0,8.0,26.372608,1.0,17.543253,1.0,1.0,1.0,4.0,-8.0,4.0,-8.0,0.0,35.88958,0.0
73.0,434.5751,4.0,103.18016,25.113373,0.0,0.0,96.0,19.34348,6.0,6.0,35.0,4.0,29.0,7.0,0.0,0.0,15.0,65.18691,4.0,1.0,1.0,50.0,0.0
89.0,474.46463,7.0,176.09686,22.0,0.0,0.0,100.0,-7.0,7.0,8.0,21.0,1.0,38.0,5.0,0.0,0.0,0.0,93.0,1.0,3.0,0.0,40.0,0.0
77.0,288.71436,7.0,105.204926,69.20076,0.0,0.0,100.0,-7.0,7.0,8.0,54.3271,2.0,19.506262,-7.0,0.0,0.0,10.921807,-8.0,12.786161,2.0,1.0,47.834843,0.0
68.0,160.26376,12.015681,105.06235,28.281023,4.1039166,3.8542328,95.0,24.508842,6.0,4.0,28.0,2.0,35.0,0.0,0.0,0.0,18.0,79.325,5.0,2.0,0.0,71.0,0.0
-9.0,-9.0,-9.0,-9.0,-9.0,-9.0,-9.0,-9.0,-9.0,-9.0,-9.0,-9.0,-9.0,-9.0,-9.0,-9.0,-9.0,-9.0,-9.0,-9.0,-9.0,-9.0,-9.0,0.0
80.0,277.20572,6.885916,105.199455,9.0,1.0,1.0,96.0,56.723557,6.0,2.0,11.958151,1.0,9.524378,-7.3058686,0.0,0.0,4.0,-8.0,1.0,1.0,0.0,50.0,0.0
70.0,162.40868,9.0,103.00742,18.0,0.0,0.0,100.0,-7.0,7.0,8.0,15.109303,1.0,56.898434,-7.0,1.0,1.0,90.97688,-8.0,4.0,3.0,5.8194103,100.0,0.0
76.0,0.11378357,11.0,43.304787,3.4861467,0.0,0.0,100.0,-7.0,7.0,8.0,-9.0,3.0,30.0,2.0,0.0,0.0,39.92361,-8.0,2.0,1.0,0.0,58.0,0.0
75.0,325.67603,6.0,140.83722,27.0,1.0,1.0,93.14174,7.875904,4.0,5.0,29.0,1.0,26.0,20.154222,0.0,0.0,10.92339,-8.0,2.0,1.0,0.0,16.594051,0.0
75.210495,346.98557,1.0,75.0,39.21092,0.0,0.0,100.0,-7.0,7.0,8.0,46.16914,4.0,20.374437,3.5794697,1.0,1.0,11.0,73.322426,4.5308347,2.0,1.0,25.451818,0.0
79.0,212.51923,6.0,115.09894,34.61177,2.0,3.5206122,100.0,77.64821,6.0,3.0390077,38.0,2.0,50.92983,18.264847,0.0,0.0,0.0,67.03474,1.0,3.0,0.0,40.534687,0.0
72.0,386.02036,30.295805,135.38522,14.608612,0.0,0.0,100.0,-7.0,7.0,8.0,17.0,0.0,52.390495,0.0,2.0,3.0,62.418526,-8.0,6.0,1.0,2.0,93.44682,0.0
-9.0,-9.0,-9.0,-9.0,-9.0,-9.0,-9.0,-9.0,-9.0,-9.0,-9.0,-9.0,-9.0,-9.0,-9.0,-9.0,-9.0,-9.0,-9.0,-9.0,-9.0,-9.0,-9.0,0.0
90.0,286.35992,4.0,89.79274,16.0,0.0,0.0,100.0,-7.0,7.0,8.0,20.0,1.0,40.0,12.581687,0.0,0.0,0.0,-8.0,1.0,1.0,0.0,44.0,0.0
88.0,202.70573,7.0,92.0,21.062548,0.0,0.0,100.0,-7.0,7.0,8.0,26.0,1.0,23.325468,-5.6315694,2.0,2.0,1.0,94.70657,2.0,2.0,0.0,33.0,0.0
82.0,185.18806,7.0,65.4782,22.0,0.0,0.0,100.0,-7.0,7.0,8.0,18.0,3.0,42.0,21.731457,0.0,0.0,8.447453,97.2265,2.0,2.0,0.0,38.0,0.0
78.0,175.0529,4.0,60.896442,29.775343,0.0,0.0,100.0,-7.0,7.0,8.0,13.769662,3.0,33.0,14.405685,0.0,0.0,32.0,84.982735,2.0,2.0,0.016663143,50.0,0.0
79.869675,188.68082,7.0,79.0,18.0,0.0,0.0,88.27259,67.52027,6.0,6.0,25.247677,1.0,32.782288,19.695187,0.0,0.0,4.6495776,87.94443,3.0,3.0,0.0,67.0,0.0
73.0,289.56827,5.0,60.30965,14.0,0.0,0.0,100.0,-7.0,7.0,8.0,15.0,1.0,56.25929,0.0,1.0,1.0,23.571936,-8.0,2.0,1.0,0.0,57.0,0.0
83.0,346.1739,20.301266,127.38778,13.328889,0.0,0.0,100.0,-7.0,6.0,8.0,19.0,0.0,35.0,0.0,0.0,0.0,30.979488,68.10866,3.0,1.6032377,1.0,78.25265,0.0
72.0,243.2761,4.0,93.421745,23.0,1.0,0.0,86.6919,61.146976,6.0,5.0,23.0,3.0,62.400135,0.0,1.0,1.0,52.22872,99.39209,5.0,3.0,0.0,74.02436,0.0
89.0,246.00009,12.650327,124.719475,16.908604,0.0,0.0,100.0,-7.0,7.0,8.0,23.0,0.0,30.0,0.0,1.0,1.0,1.0,-8.0,1.0,2.0,0.0,16.665127,0.0
84.0,186.59154,6.0,89.56174,21.0,0.0,0.0,95.0,44.12089,6.0,6.0,18.0,1.0,26.40739,10.736503,0.0,0.0,12.0,36.765675,5.0,2.0,0.0,88.94282,0.0
66.76592,111.66666,6.0,36.878716,41.213753,0.0,0.0,100.0,-7.0,7.0,8.0,42.80957,4.0,50.0,3.0,0.0,0.0,70.3525,88.329346,9.0,6.0,2.0378487,88.86232,0.0
75.0,321.94,15.0,84.98083,13.336272,0.0,0.0,78.34084,0.6350427,4.7184076,6.0,19.0,0.0,47.0,16.0,0.0,0.0,11.0,22.881647,1.0,4.0,0.0,60.0,0.0
77.099396,145.85791,2.0,76.0,24.757988,0.0,0.0,95.0,30.007298,6.0,6.0,33.194157,1.0,25.0,1.0,2.0,2.0,31.128075,71.55359,3.0,3.0,0.0,67.0,0.0
87.0,131.2403,2.0,61.13198,12.0,0.0,0.0,100.0,-7.0,7.0,8.0,12.590326,2.0,57.620712,-7.0,1.0,1.0,5.0,82.0,1.0,1.0,0.0,80.74396,0.0
82.0,234.4752,6.0,120.41112,16.0,0.0,0.0,96.0,-7.0,2.5872073,6.0,20.0,1.0,39.0,0.0,0.0,0.0,28.258883,-8.0,3.0,2.0,0.0,62.679764,0.0
89.0,426.01617,23.214851,163.69487,16.0,0.0,0.0,100.0,-7.0,7.0,8.0,8.0,0.0,-9.0,-8.0,0.0,0.0,6.0,-8.0,4.0,1.0,0.0,50.0,0.0
88.0,172.67534,7.0,86.312325,12.0,0.0,0.0,100.0,-7.0,7.0,8.0,8.77691,1.0,28.664595,0.0,1.0,1.0,0.0,-8.0,1.0,1.0,0.0,29.7819,0.0
82.0,101.58235,5.0,63.226192,25.0,0.0,0.0,100.0,-7.0,7.0,8.0,16.0,1.0,19.0,5.0,0.0,0.0,0.5446163,100.0,1.0,2.0,0.0,30.047098,0.0
80.0,422.394,0.13139172,139.21097,18.066704,0.0,0.0,100.0,-7.0,7.0,8.0,24.0,2.0,28.0,-7.0,2.0,2.0,21.0,46.57759,4.0,3.0,0.0,83.0,0.0
75.0,337.98932,13.295847,82.0,37.365395,0.0,0.0,95.0,19.384615,6.0,6.0,37.573917,1.0,33.0,0.0,0.0,0.0,18.648287,64.54274,3.0,4.0,0.0,47.63234,0.0
76.0,137.05101,8.0,61.0,25.0,0.0,0.0,100.0,-7.0,7.0,8.0,22.0,0.0,17.0,6.0,4.0,3.0,18.69581,-8.0,6.0,2.0,0.0,80.09011,0.0
61.209103,331.60397,11.0,120.36941,24.0,2.936362,2.0,90.53313,-7.0,-9.0,2.2337852,28.0,3.0,14.113718,0.0,3.0,2.0,6.7321296,-8.0,4.0,2.0,0.0,40.0,0.0
70.413315,293.18552,12.0,123.59878,21.0,0.0,0.0,77.0431,-7.0,4.0,6.0,20.0,1.0,13.0,-8.0,0.0,0.0,32.0,-8.0,7.0,1.0,0.0,77.0316,0.0
-9.0,-9.0,-9.0,-9.0,-9.0,-9.0,-9.0,-9.0,-9.0,-9.0,-9.0,-9.0,-9.0,-9.0,-9.0,-9.0,-9.0,-9.0,-9.0,-9.0,-9.0,-9.0,-9.0,0.0
87.89031,226.88866,15.398614,88.08559,25.0,0.0,0.0,100.0,-7.0,7.0,8.0,29.0,0.0,24.0,0.0,0.0,0.0,8.449185,-8.0,3.0,1.0,0.0,30.292313,0.0
83.0,209.2833,9.0,99.80769,17.0,0.0,0.0,100.0,-7.0,7.0,8.0,16.0,1.0,15.0,13.381288,0.0,0.0,20.95996,-8.0,4.0,1.0,0.0,60.0,0.0
80.0,327.1191,4.0,92.8642,31.0,0.0,0.0,94.0,4.5384855,4.0,6.0,30.0,3.0,35.0,2.0,2.0,1.5276713,2.0,-8.0,1.0,2.2762544,0.0,39.591522,0.0
85.0,334.34143,6.0,108.86525,41.420334,0.0,0.0,100.0,-7.0,7.0,8.0,36.103115,2.0,27.0,3.0,2.0,1.0,9.0,82.0,1.0,4.0,0.0,45.10201,0.0
83.0,294.55048,2.0,100.0,47.143066,0.0,0.0,100.0,-7.0,7.0,8.0,45.72177,2.0,17.0,7.293934,0.0,0.0,8.0,67.79313,7.0,3.0,0.0,46.762352,0.0
64.83422,196.6064,8.0,81.0,47.85485,0.0,0.0,95.0,-7.0,0.0,6.0,38.0,1.0,7.8676243,0.0,5.582274,5.0606065,38.29864,-8.0,9.20434,1.0,1.0,70.0,0.0
87.0,380.3228,15.0,135.42345,15.0,0.0,0.0,100.0,-7.0,7.0,8.0,19.0,0.0,37.0,-8.0,0.0,0.0,0.77226096,81.967766,2.0,2.0,0.0,77.023636,0.0
68.0,324.53552,2.5862966,77.0,27.0,1.0,0.0,90.55536,3.0,4.0,3.6888368,27.0,6.301033,26.808575,0.0,2.0,2.0,7.0,47.286674,2.0,4.0,0.0,44.134163,0.0
73.0,221.63245,3.0,67.07377,21.0,1.0,1.0,88.0,4.0,4.0,-7.8348436,22.325945,2.0,50.0,0.0,0.43557867,1.0,4.9281154,-8.0,3.0,5.0,0.0,72.62708,0.0
71.0,148.97658,5.0,74.091675,23.0,0.0,0.0,100.0,-7.0,7.0,8.0,25.0,1.0,22.0,0.0,3.4901328,3.0,36.34666,68.78334,11.0,1.0,7.9637136,90.741196,0.0
89.0,270.7975,17.768389,91.73154,15.0,0.0,0.0,100.0,-7.0,7.0,8.0,21.91996,0.0,16.25843,-7.0,0.0,0.0,7.0,-8.0,4.0,1.0,0.0,64.0,0.0
88.0,434.4554,28.107096,127.91835,21.0,0.0,0.0,100.0,-7.0,7.0,8.0,21.0,0.0,27.912117,16.0,0.0,0.0,2.0466542,-8.0,1.0,3.0,0.0,60.0,0.0
72.0,151.69377,2.0,57.819115,44.305,0.0,0.0,100.0,-7.0,7.0,8.0,53.39768,10.495929,61.006912,0.0,2.0,2.0,40.705166,64.18631,5.0,5.648416,5.4692273,67.0,0.0
-9.0,-9.0,-9.0,-9.0,-9.0,-9.0,-9.0,-9.0,-9.0,-9.0,-9.0,-9.0,-9.0,-9.0,-9.0,-9.0,-9.0,-9.0,-9.0,-9.0,-9.0,-9.0,-9.0,0.0
89.0,219.05595,27.312092,102.959206,19.0,0.0,0.0,100.0,-7.0,7.0,8.0,22.12384,0.0,10.462273,-8.0,0.0,0.0,2.0,-8.0,1.0,-8.0,0.0,33.0,0.0
87.383156,234.36765,5.0,100.0,10.0,0.0,0.0,100.0,-7.0,7.0,8.0,9.0,1.0,29.0,0.0,0.0,0.0,0.0,-8.0,1.0,1.0,0.0,29.484446,0.0
-2.2955554,163.93329,8.0,119.70166,20.0,2.0,0.0,70.92815,8.400125,5.6446815,5.0,22.0,1.0,24.0,0.0,0.0,0.0,107.05245,-8.0,5.0,1.0,2.0,88.51096,0.0
75.0,184.59398,5.0,80.27646,27.0,0.0,0.0,93.849556,21.398678,6.0,6.0,36.360516,2.0,47.0,0.0,11.378264,11.902758,17.0,84.03328,3.0,3.0,0.0,76.31761,0.0
56.931786,177.39832,7.0,100.7339,24.0,2.0,1.0,83.234375,-3.358887,0.8218634,2.0,30.0,1.0,16.0,0.0,1.0,1.0,27.371204,-8.0,4.0,-8.876824,0.0,28.734732,0.0
89.0,319.39612,27.43651,120.0538,17.0,0.0,0.0,100.0,-7.0,7.0,8.0,18.0,0.0,37.0,15.493068,0.0,0.0,19.098562,-8.0,3.0,1.0,0.0,75.0,0.0
87.0,345.62195,22.622993,137.15163,12.339476,0.0,0.0,100.0,-7.0,7.0,8.0,9.7004175,0.0,18.0,-8.0,0.0,0.0,1.0,96.97871,1.0,1.0,0.0,33.0,0.0
61.6797,166.69576,11.0,127.72668,15.0,0.0,0.0,69.656166,13.284232,6.0,6.0,18.0,1.0,25.0,17.02853,0.0,0.0,56.972195,71.71659,3.0,1.0,2.0,100.0,0.0
84.72036,206.1021,6.0,96.13382,42.397976,0.0,0.0,100.0,-7.0,7.0,8.0,37.765537,1.0,76.87541,-8.0,0.0,0.0,21.0,63.49208,2.0,5.5068226,0.0,75.0,0.0
81.0,155.89769,10.0,53.546604,8.0,0.0,0.0,100.0,-7.0,7.0,8.0,9.0,1.0,30.733688,0.0,0.0,0.0,24.525757,93.36366,1.0,2.0,0.0,74.12245,0.0
85.0,165.41547,17.347422,93.0,13.0,0.0,0.0,100.0,-7.0,7.0,8.0,12.0,0.0,14.0,0.0,1.0,1.0,11.144877,-8.0,3.0,1.0,0.0,60.40852,0.0
78.19611,286.19595,3.0,128.02116,32.0,0.0,0.0,100.0,-5.4552975,4.0,6.0,34.0,2.0,24.0,0.0,0.0,0.0,41.47242,66.848145,6.0,2.0,0.0,80.0,0.0
67.91972,192.5555,24.620777,103.4295,16.0,0.0,0.0,82.76768,20.311987,6.0,6.0,15.0,0.0,24.0,7.0,0.0,0.0,53.986553,-8.0,7.393627,1.0,2.0,71.0,0.0
88.0,271.80972,8.0,130.61734,27.70538,0.0,0.0,100.0,-7.0,7.0,8.0,28.0,1.0,18.370066,-7.0,2.0,2.0,21.0,33.471333,3.0,1.0,0.0,28.423956,0.0
75.0,167.5905,15.127809,52.3107,17.0,0.0,0.0,100.0,-7.0,7.0,8.0,15.0,0.0,20.0,0.0,1.0,1.0,56.6423,-8.0,3.0,1.0,0.0,43.0,0.0
89.0,346.09842,7.0,108.74146,18.0,0.0,0.0,100.0,-7.0,7.0,8.0,37.743835,1.0,27.0,2.0,0.0,0.0,5.741308,88.0,4.0,2.0,0.0,64.36635,0.0
87.0,189.11124,4.0,123.81838,3.1816194,0.0,0.0,100.0,-7.0,7.0,8.0,8.0,1.0,46.0,1.0,0.0,0.0,0.0,-8.0,1.0,1.0,0.0,43.0,0.0
86.0,305.80753,6.0,110.81037,38.16376,0.0,0.0,100.0,59.984837,6.0,6.0,35.857906,2.0,22.179354,0.0,1.0,1.0,11.0,-8.0,5.3156314,1.0,0.0,40.0,0.0
78.73174,157.63997,5.0,79.0,18.0,0.0,0.0,100.0,-7.0,7.0,8.0,19.0,2.0,75.53959,2.0,0.0,0.0,49.99677,47.499157,2.0,2.0,1.0,83.0,0.0
79.0,132.50447,22.66434,76.50514,12.0,0.0,0.0,100.0,-7.0,7.0,8.0,16.0,0.0,21.865808,21.987669,0.0,0.0,25.102686,-8.0,3.0,1.0,0.0,57.789936,0.0
81.0,158.64162,14.0,84.0,17.680822,0.0,0.0,100.0,-7.0,7.0,8.0,16.0,0.0,19.020193,12.0,0.0,0.0,29.163048,75.03228,2.0,3.0,1.0,71.0,0.0
76.0,259.97403,2.0,90.83674,16.89969,0.0,0.0,100.0,-7.0,7.0,8.0,19.0,3.0,30.0,0.0,1.1533834,1.0,43.544117,89.96184,4.0,3.0,1.0,63.37287,0.0
74.0,136.25743,3.0,32.403473,3.804036,0.0,0.0,100.0,-7.0,7.0,8.0,9.302839,3.0,99.81894,0.0,1.0,1.1058335,-4.6215754,98.39749,-7.6055613,2.0,0.0,80.65589,0.0
85.0,130.46652,6.0,81.0,21.0,0.0,0.0,100.0,-7.0,7.0,8.0,7.5756836,2.0,15.0,8.0,0.0,0.0,17.0,86.056435,3.0,1.0,0.0,42.34537,0.0
75.0,190.84576,2.0,105.58311,12.0,2.090624,2.0,75.09562,27.265131,6.0,2.0,15.0,1.0,0.0,0.0,1.0,1.0,22.973442,-8.0,2.0,-9.0,0.0,26.980518,0.0
71.0,172.75656,6.0,68.0,24.0,0.0,0.0,77.56321,23.779638,6.0,6.0,25.0,1.0,40.99221,0.0,2.0,2.0,32.503754,80.0,4.899386,3.0,1.0,73.0,0.0
87.0,368.33344,4.0,79.0,13.0,0.0,0.0,100.0,-7.0,7.0,8.0,12.0,1.0,27.0,-7.0,0.0,0.0,6.0,-8.0,2.4620056,1.0,0.0,44.0,0.0
58.23796,185.5072,2.2205448,76.579414,34.0,0.0,0.0,96.0,2.8695698,4.0,6.0,35.0,5.406235,39.18319,0.0,4.0,4.0,44.92909,91.17217,6.0,5.0,3.0,72.16621,0.0
-9.0,-9.0,-9.0,-9.0,-9.0,-9.0,-9.0,-9.0,-9.0,-9.0,-9.0,-9.0,-9.0,-9.0,-9.0,-9.0,-9.0,-9.0,-9.0,-9.0,-9.0,-9.0,-9.0,0.0
88.0,450.31284,3.0,123.35781,18.0,0.0,0.0,100.0,-7.0,7.0,8.0,21.667076,2.0,39.0,2.0,2.0,2.0,8.0,-8.0,2.0,2.0,0.0,50.0,0.0
70.0,333.59848,10.0,90.72463,27.0,2.0,1.0,89.54079,10.115998,4.0,2.0,27.0,0.0,50.0,-7.0,0.0,0.0,1.0,45.047985,1.0,2.0,0.0,42.115597,0.0
84.60216,106.23608,14.396376,68.92832,15.0,0.0,0.0,100.0,-7.0,7.0,8.0,14.0,0.0,28.0,-8.0,0.0,0.0,17.644249,67.5141,6.0,3.0,0.0,75.0,0.0
77.0,182.31645,1.0,63.336536,32.0,0.0,0.0,100.0,-7.0,7.0,8.0,41.517944,6.5135,35.598785,0.0,2.0,1.9221402,11.0,95.06798,4.0,2.0,0.0,54.874046,0.0
63.0,182.29883,12.224217,78.30824,13.0,2.0,0.0,68.708115,28.259834,6.0,3.0,16.0,2.0,22.0,0.0,2.0,1.9805616,75.64931,-8.0,5.0,1.0,3.48632,56.0,0.0
73.0,137.27089,3.0,67.0,16.0,0.0,0.0,96.11164,64.397224,6.0,6.0,18.0,2.0,29.0,0.0,2.0,2.0,15.968655,83.85873,4.0,2.0,0.0,78.0,0.0
73.0,171.4762,2.0,100.03697,41.877335,0.0,0.0,100.0,-7.0,7.0,8.0,45.89004,3.0,31.0,-7.0,2.0,2.0,42.82227,76.16227,7.8840113,4.0,1.0,57.0,0.0
80.58527,187.11073,15.06814,64.30505,31.330414,0.0,0.0,100.0,-7.0,7.0,8.0,30.0,0.0,21.0,1.6683465,1.0,1.0,21.09208,90.92685,9.0,3.0,0.0,60.0,0.0
69.352905,289.88443,2.0,85.84434,29.0,0.0,0.0,100.0,-7.0,7.0,8.0,34.174732,2.0,30.0,18.341393,0.0,0.0,40.9247,93.0,18.448038,3.0,5.7699337,78.0,0.0
71.0,98.76777,3.0,31.80181,20.0,0.0,0.0,92.0,7.246788,6.0,6.0,19.0,3.1305563,10.582854,-7.0,2.0,2.0,17.113163,85.85318,4.0,2.0,0.0,42.709385,0.0
92.97458,246.2685,10.0,105.2501,9.0,0.0,0.0,100.0,-7.0,7.0,8.0,3.979219,0.0,37.0,-8.0,0.0,0.0,3.0,33.454487,3.0,2.0,0.0,64.0,0.0
57.512062,146.04233,28.54201,81.0,15.0,0.0,0.0,94.0,3.0,-9.0,6.0,18.0,0.0,35.0,0.0,0.0,0.0,64.01563,-8.0,4.0,2.0,0.0,100.0,0.0
83.0,227.25871,2.0,73.12277,25.0,0.0,0.0,100.0,-7.0,7.0,8.0,30.156404,3.0,33.0,-7.0,2.0,2.0,0.0,98.154976,1.0,3.0,0.0,19.980677,0.0
85.0,305.99924,2.0,79.0,49.003967,0.0,0.0,100.0,-7.0,7.0,8.0,57.129604,6.0,31.0,13.86828,0.0,0.0,1.0,88.0,3.0,3.0,0.0,38.0,0.0
88.0,211.40482,9.0,114.94562,17.0,0.0,0.0,100.0,-7.0,7.0,8.0,20.0,1.0,34.205055,9.806457,0.0,0.0,17.227839,-8.0,4.0,1.0,0.0,60.70698,0.0
78.05489,261.6818,10.0,107.03056,26.972523,0.0,0.0,96.0,22.5061,6.0,6.0,32.0,0.0,45.0,-8.0,0.0,0.0,15.798329,-8.0,2.0,2.0,1.0,46.460915,0.0
84.0,208.81851,13.7224455,138.7227,31.0,0.0,0.0,100.0,-7.0,7.0,8.0,37.928135,0.0,36.0,-7.0,0.6899258,1.0,5.0,84.22342,6.147936,4.0,0.0,73.0,0.0
82.0,676.346,8.0,137.62764,39.494415,0.0,0.0,100.0,-7.0,7.0,8.0,27.0,1.0,22.0,0.0,0.0,0.0,19.0,80.01004,4.7752624,2.0,0.0,36.594234,0.0
71.0,150.94278,9.975214,64.57817,29.0,0.0,0.0,88.0,35.925785,6.0,6.0,44.48682,2.0,25.0,23.391115,0.0,0.0,38.527912,33.59745,5.0,2.0,1.0,100.0,0.0
89.0,326.49692,6.0,114.762596,26.0,0.0,0.0,100.0,-7.0,7.0,8.0,28.27721,1.0,30.575775,0.0,1.0,1.0,1.0,80.731346,4.0,1.0,0.0,50.0,0.0
82.08936,139.59203,2.0,58.0,16.107338,0.0,0.0,100.0,-7.0,7.0,8.0,20.0,4.0,28.0,0.0,3.0,2.0,3.0,-8.0,2.0,-8.538024,0.0,27.651136,0.0
56.372375,218.64346,6.0,104.16492,13.900429,4.1030293,3.0421257,61.259014,14.953343,6.0,5.0,17.0,1.0,38.0,2.0,0.0,0.0,53.95074,93.0,2.0,2.0,0.0,61.80676,0.0
74.0,186.05087,10.0,57.823708,8.0,0.0,0.0,100.0,-7.0,7.0,8.0,10.047613,3.0,13.0,0.0,0.0,0.0,10.0,100.0,2.0,2.0,0.0,44.92734,0.0
73.0,259.77002,2.9104257,129.73564,32.765633,0.0,0.0,83.64824,29.321825,6.0,6.0,32.84712,2.0,42.0,0.0,2.0,1.2257229,30.838058,71.991165,4.0,2.0,0.0,41.988373,0.0
57.12625,15.8475485,17.266018,67.38218,18.0,2.0,1.0,79.88039,-6.949978,3.2375877,6.0,19.27251,0.0,49.902657,0.0,0.0,0.0,22.96303,68.01073,2.0,5.16592,0.0,100.0,0.0
72.66213,490.76572,15.0,99.07575,18.714743,0.0,0.0,88.0,-7.0,-4.1609626,6.0,24.0,0.0,35.483345,14.3637295,0.0,0.0,9.581506,86.654655,10.832569,2.0,0.0,78.727875,0.0
63.0,422.76578,4.0,124.34429,24.0,3.8941116,0.0,86.29132,24.29407,6.0,2.586739,31.0,2.0,42.0,-8.0,1.0,0.0,41.558437,65.28741,5.0,3.0,0.0,77.60218,0.0
81.0,368.82214,3.0,107.65636,33.0,0.0,0.0,100.0,-7.0,7.0,8.0,33.0,4.0,35.0,3.0,4.05281,4.6635556,12.0,71.96612,4.0,2.0,0.0,82.3127,0.0
75.0,368.18304,4.0,79.0,17.0,0.0,0.0,95.0,31.764536,6.0,6.0,20.0,0.39038983,10.215753,-8.0,0.0,0.0,27.151611,77.06299,5.0,2.0,1.0,64.0,0.0
84.0,191.23933,1.0,67.0,15.0,0.0,0.0,100.0,-7.0,7.0,8.0,22.150879,4.0,54.277943,4.0,2.0,3.0,0.0,82.0,1.0,3.0,0.0,40.0,0.0
74.0,138.68878,18.40454,70.0,22.0,0.0,0.0,94.852806,-7.0,4.0,6.0,20.0,0.0,31.0,0.0,1.0,1.0,42.887768,-8.0,4.0,2.0,0.0,82.42494,0.0
74.0,162.56758,4.0,82.0,19.0,3.0,3.6535535,95.994316,23.93267,4.0,5.0,20.0,3.0,39.038822,4.0,0.0,0.0,27.327305,26.118443,3.0,3.0,0.0,67.70819,0.0
79.0,150.24501,11.0,70.0,23.87888,0.0,0.0,96.0,22.153564,6.0,6.0,23.0,3.0,22.0,7.350483,0.0,0.0,7.0,34.788723,3.0,0.6749323,0.0,49.46343,0.0
75.589584,228.48082,6.0,71.7215,37.004387,0.0,0.0,100.0,-7.0,7.0,8.0,38.0,1.0,33.0,0.0,0.0,0.0,49.666714,-8.0,8.0,2.0,2.0,86.05037,0.0
84.02859,177.8287,8.0,88.99504,30.0,0.0,0.0,100.0,-7.0,7.0,8.0,27.0,2.0,35.131664,4.0,0.0,0.0,23.372734,70.55259,2.0,2.0,1.0,73.29932,0.0
88.44358,288.12747,2.0,74.0,14.0,0.0,0.0,100.0,-7.0,7.0,8.0,16.0,3.0,19.02741,0.0,1.1463174,1.0,0.0,79.28854,1.0,3.0,0.0,40.0,0.0
84.0,259.74237,23.959116,115.916756,22.60244,0.0,0.0,90.0,23.081646,6.0,6.0,23.600311,0.0,29.0,-8.0,0.0,0.0,0.0,-8.0,3.0,3.0,0.0,61.310196,0.0
82.0,176.31148,6.0,79.933,41.714928,0.0,0.0,100.0,-7.0,7.0,8.0,40.371277,1.0,40.0,0.0,1.0,1.0,14.0,80.567,3.0,4.0,0.0,50.0,0.0
90.0,219.94176,4.0,93.94586,30.0,0.0,0.0,100.0,-7.0,7.0,8.0,32.0,2.0,19.0,3.0,0.0,0.0,0.0,91.36055,1.0,3.0,0.0,16.847137,0.0
76.0,232.78812,15.0,108.13033,14.0,1.0,0.0,88.0,11.845553,6.0,3.0,14.0,0.0,44.453007,-7.0,2.0,2.0,28.647398,58.722664,2.0,2.0,0.0,71.41149,0.0
75.0,205.92908,6.262509,65.34323,12.0323305,0.0,0.0,100.0,-7.0,7.0,8.0,10.731261,3.0,28.0,0.0,0.0,0.0,67.660416,83.642746,4.0,1.0,0.0,67.0,0.0
81.0,186.02196,2.7009273,62.437675,28.0,0.0,0.0,100.0,-7.0,7.0,8.0,26.0,3.0,31.0,1.0,0.0,0.0,18.0,73.299255,5.0,1.0,0.0,69.60978,0.0
73.0,303.60474,16.562393,74.0,30.0,0.0,0.0,100.0,-7.0,7.0,8.0,38.0,0.0,29.261435,0.0,0.0,0.0,25.475924,71.96504,6.0,2.0,0.0,60.0,0.0
88.375595,454.42566,4.0,154.70871,25.0,0.0,0.0,100.0,-7.0,7.0,8.0,34.0,2.0,24.36929,12.138876,0.0,0.0,8.0,-8.0,2.0,1.0,0.0,20.827631,0.0
82.0,201.17036,2.0,76.0,19.0,0.0,0.0,100.0,-7.0,7.0,8.0,19.0,2.0,23.697638,0.0,1.0,1.0,7.322043,95.45106,3.0,2.0,0.0,56.743816,0.0
84.0,179.94643,6.0,74.0,28.0,0.0,0.0,100.0,-7.0,7.0,8.0,35.342815,3.0,33.0,0.0,3.0,2.7254753,6.0,-8.0,2.0,1.0,0.0,50.0,0.0
81.0,387.74777,25.30715,105.79084,17.0,0.0,0.0,100.0,-7.0,7.0,8.0,24.0,0.0,35.0,-8.0,0.0,0.0,28.33625,68.31598,4.0,2.0,0.0,72.97697,0.0
71.90131,253.39087,4.0,68.0,28.0,0.0,0.0,96.0,81.31942,6.0,6.0,21.0,3.0,19.193995,1.0,0.0,0.0,70.57036,-8.0,6.0,-2.495436,3.0,100.0,0.0
-9.0,-9.0,-9.0,-9.0,-9.0,-9.0,-9.0,-9.0,-9.0,-9.0,-9.0,-9.0,-9.0,-9.0,-9.0,-9.0,-9.0,-9.0,-9.0,-9.0,-9.0,-9.0,-9.0,0.0
86.0,141.4802,29.638697,120.223175,6.0,0.0,0.0,100.0,-7.0,7.0,8.0,3.753316,0.0,56.113895,0.0,0.0,0.0,-4.1339035,48.25847,-8.485776,2.0,0.0,71.0,0.0
78.0,136.1795,18.841967,70.37041,24.0,0.0,0.0,100.0,-7.0,7.0,8.0,22.0,0.0,30.0,1.0,1.0,1.0,18.598366,-8.0,6.0,2.0,1.0,63.62527,0.0
83.5688,191.84311,6.0,86.78737,23.159838,0.0,0.0,100.0,-7.0,7.0,8.0,26.0,1.0,33.0,0.0,2.0,1.8598161,5.1490817,60.86774,2.0,2.0,0.0,33.0,0.0
91.0,213.26123,17.0,109.99687,13.0,0.0,0.0,100.0,-7.0,7.0,8.0,11.0,0.0,45.0,-8.0,0.0,0.0,2.0,-8.0,1.0,-8.0,0.0,16.749947,0.0
63.657085,146.18686,3.0,49.3365,25.522738,4.6309,0.0,94.0,45.254913,6.0,-4.700824,29.0,4.0,18.0,0.0,2.0,2.0,80.86851,32.361675,4.0,2.0,2.0,45.836647,0.0
73.0,261.3312,1.0,83.5772,25.0,0.0,0.0,100.0,-7.0,7.0,8.0,31.712992,1.0,33.0,-7.0,0.0,0.0,62.81654,-8.0,9.0,3.0,2.5204563,79.70228,0.0
73.0,189.9342,8.0,67.0,29.76785,2.0,1.0,93.18283,44.532272,6.0,4.0,34.0,2.0,70.24144,0.0,2.0,2.0,22.290112,77.614494,1.6477447,10.165925,0.0,71.0,0.0
80.0,165.47188,12.0,120.27665,42.358257,0.0,0.0,96.0,28.80064,6.0,6.0,3.9863098,1.0,30.0,4.0,0.0,0.0,27.108057,84.03196,6.0,2.0,0.0,50.0,0.0
73.68066,193.54492,16.358093,110.51152,13.918583,0.0,0.0,100.0,-7.0,7.0,8.0,13.0,0.0,21.032064,16.0,0.0,0.0,79.615685,-8.0,5.0,1.0,3.0,85.98514,0.0
81.0,191.1926,26.950949,101.60939,6.0,0.0,0.0,100.0,-7.0,7.0,8.0,13.0,0.0,15.0,-7.0,0.0,0.0,49.077454,-8.0,2.0,1.0,0.0,80.0,0.0
85.0,179.6399,9.0,110.22388,10.0,0.0,0.0,100.0,-7.0,7.0,8.0,15.0,0.0,25.0,-8.0,0.0,0.0,39.99349,55.819782,3.0,2.0,0.0,80.0,0.0
82.0,209.04042,2.0,89.939545,23.0,0.0,0.0,100.0,-7.0,6.0,6.0,28.0,3.0,34.849934,0.0,5.672415,6.00284,24.746944,60.855553,1.0,1.0,0.0,35.871353,0.0
77.77305,148.43088,2.0,83.776764,27.0,0.0,0.0,100.0,-7.0,7.0,8.0,31.571594,2.0,28.0,0.0,1.0,1.0,23.905127,63.75129,3.0,2.0,1.0,40.0,0.0
72.0,159.2268,2.0,56.148586,24.0,0.0,0.0,100.0,-7.0,7.0,8.0,33.95674,4.0,10.140718,-6.932894,0.0,0.0,35.633965,84.02009,6.0,1.0,3.0,64.0,0.0
80.0,344.635,23.481625,89.88211,9.0,0.0,0.0,77.65302,36.99939,6.0,6.0,9.787983,0.0,16.839518,0.0,0.0,0.0,15.0,-8.0,1.0,1.0,0.0,25.0,0.0
59.394176,233.3302,3.0,100.0,21.0,0.0,0.0,81.90494,-7.0,2.3171415,5.0,28.0,1.0,30.0,0.0,4.8054466,4.0505624,77.91366,80.0,3.0,3.0,2.0,58.0,0.0
89.0,272.82123,7.0,95.94192,25.0,0.0,0.0,100.0,-7.0,7.0,8.0,31.0,1.0,7.962441,-8.0,0.0,0.0,1.0,-8.0,3.0,-8.0,0.0,23.564192,0.0
81.0,150.1207,-9.0,56.352085,34.0,0.0,0.0,100.0,-7.0,7.0,8.0,42.073837,5.0,42.0,0.0,2.0,2.0,5.0,93.05429,2.0,5.0,0.0,43.422794,0.0
75.19431,177.0851,10.0,77.0,32.0,0.0,0.0,97.0,36.041046,6.0,6.0,34.0,2.4431717,46.0,0.0,0.0,0.0,47.525105,-8.0,3.0,2.0,0.0,78.0,0.0
75.0,178.09688,6.0,81.82869,39.68097,0.0,0.0,95.0,51.659355,6.0,6.0,38.219257,2.0,15.331236,5.0,2.0,2.0,13.286896,-8.0,4.0,-4.5734415,1.0,50.0,0.0
89.0,287.13242,4.0,111.99096,28.0,0.0,0.0,100.0,-7.0,7.0,8.0,43.59501,1.0,19.0,0.0,2.0,2.0,7.0,-8.0,2.0,-8.0,0.0,18.812641,0.0
84.0,189.26762,9.0,98.28178,35.693256,0.0,0.0,100.0,-7.0,7.0,8.0,35.02483,1.0,45.957764,21.519724,0.0,0.0,20.917883,-8.0,3.0,2.0,0.0,45.372707,0.0
73.0,358.84433,37.90056,172.06557,17.0,1.0,1.0,85.85545,35.907757,6.0,2.0,18.0,0.0,39.982292,9.313943,0.0,0.0,36.0,46.852478,1.0,2.0,0.0,90.54752,0.0
73.0,267.2107,7.0,87.654884,19.0,0.0,0.0,100.0,-7.0,7.0,8.0,21.0,2.0,14.0,0.0,1.0,1.0,44.73426,-8.0,3.0,1.0,3.3706818,27.364168,0.0
64.17034,315.52866,1.4978323,91.54736,55.372913,1.0,0.0,92.0,15.659034,6.0,4.0,59.277138,2.0,35.0,0.0,1.0,2.0,65.9883,100.0,22.39747,11.032879,4.0,85.68308,0.0
-9.0,-9.0,-9.0,-9.0,-9.0,-9.0,-9.0,-9.0,-9.0,-9.0,-9.0,-9.0,-9.0,-9.0,-9.0,-9.0,-9.0,-9.0,-9.0,-9.0,-9.0,-9.0,-9.0,0.0
77.0,280.37128,6.0,114.31079,13.552089,0.0,0.0,100.0,-7.0,7.0,8.0,11.0,3.0,42.0,-7.0,2.0,1.0,68.77641,49.94039,2.0,2.0,0.0,78.0,0.0
65.0,181.97531,5.0,114.57496,20.981142,3.345606,2.0,85.97031,3.0,4.0,4.0,31.0,2.0,25.065355,-8.0,0.0,0.0,10.510582,64.20915,6.0,2.0,0.0,49.98239,0.0
68.0,152.76888,15.0,87.91247,14.60351,0.0,0.0,81.51504,6.2193117,6.0,6.0,4.250074,1.0,25.0,1.0,1.0,1.0,7.0751476,-8.0,2.0,1.0,1.0,80.99613,0.0
85.0,240.83472,5.0,67.04425,36.539925,0.0,0.0,100.0,-7.0,7.0,8.0,48.54835,10.608724,22.255693,0.0,2.0,1.4417421,0.0,74.97535,2.0,4.0,0.0,19.397514,0.0
81.0,116.7035,16.0,79.13398,16.0,0.0,0.0,100.0,-7.0,7.0,8.0,14.0,0.0,21.713982,9.910093,0.0,0.0,10.0,-8.0,6.0,2.0,0.0,70.06764,0.0
71.0,204.77034,7.0,65.0,15.002819,0.0,0.0,100.0,-7.0,7.0,8.0,16.0,3.0,14.651862,0.0,0.0,0.0,39.942852,-8.0,3.0,1.0,2.0,47.924957,0.0
82.0,155.09871,2.898166,63.972397,13.10999,0.0,0.0,100.0,-7.0,7.0,8.0,18.60351,3.0,19.0,0.0,1.0,1.0,4.0,-8.0,2.0,1.0,0.0,47.95541,0.0
84.106995,146.03171,1.0,76.452576,8.709017,0.0,0.0,100.0,-7.0,7.0,8.0,12.305199,2.0,-9.0,1.181759,1.0,1.0,0.0,-8.0,1.0,1.0,0.0,36.195915,0.0
79.0,433.31717,1.0,116.98323,31.370523,0.0,0.0,100.0,-7.0,7.0,8.0,34.0,3.0,24.0,1.5262026,1.0,1.3158695,10.0,-8.0,8.0,2.0,1.0,58.0,0.0
71.0,216.56174,28.577593,108.9685,21.0,0.0,0.0,85.29524,10.7807865,6.0,6.0,22.0,0.0,17.74851,-7.0,0.0,0.0,65.26369,-8.0,8.0,1.0,2.0,75.0,0.0
84.0,328.39066,3.0,103.29594,26.0,0.0,0.0,100.0,-7.0,7.0,8.0,24.0,1.0,35.0,9.04837,0.0,0.0,9.0,-8.0,5.0,2.0,1.1818429,70.05186,0.0
-9.0,-9.0,-9.0,-9.0,-9.0,-9.0,-9.0,-9.0,-9.0,-9.0,-9.0,-9.0,-9.0,-9.0,-9.0,-9.0,-9.0,-9.0,-9.0,-9.0,-9.0,-9.0,-9.0,0.0
87.30464,267.90335,4.0,101.40708,21.0,0.0,0.0,100.0,-7.0,7.0,8.0,22.0,4.0,59.48398,3.0,1.0,1.0,2.0,100.0,2.0,2.0,0.0,64.0,0.0
77.0,128.19328,2.0,74.17264,14.952357,0.0,0.0,94.0,-7.0,-9.0,6.0,17.0,1.0,52.906715,0.0,2.0,1.9496275,14.0,79.04011,1.0,3.0,0.0,69.25169,0.0
-9.0,-9.0,-9.0,-9.0,-9.0,-9.0,-9.0,-9.0,-9.0,-9.0,-9.0,-9.0,-9.0,-9.0,-9.0,-9.0,-9.0,-9.0,-9.0,-9.0,-9.0,-9.0,-9.0,0.0
74.77009,141.09581,17.977024,75.10556,11.0,2.0,1.7366662,82.24305,56.098366,6.0,2.0,17.0,0.0,34.71059,0.0,0.0,0.0,11.0,-8.0,1.0,1.0,0.0,43.273,0.0
66.0,168.27216,21.2003,75.34369,17.621267,0.0,0.0,92.0,-7.0,-9.0,5.0,15.0,0.0,18.590733,0.0,0.0,0.0,1.8116856,-8.0,2.0,1.0,0.0,33.0,0.0
82.0,246.29756,2.0,119.82742,25.661314,0.0,0.0,100.0,-7.0,7.0,8.0,26.0,1.0,41.377346,-8.0,1.0,0.7283692,40.80959,-8.0,3.0,1.0,0.0,91.33172,0.0
85.0,117.691475,9.0,68.0,16.0,0.0,0.0,100.0,-7.0,7.0,8.0,15.217134,1.0,33.73389,0.0,3.0,3.0,0.0,86.53889,-9.0,2.0,0.0,13.9629755,0.0
78.0,246.05806,9.0,64.516045,9.0,0.0,0.0,100.0,-7.0,7.0,8.0,10.421406,2.0,47.0,7.0,0.0,0.0,51.421223,-8.0,2.0,1.0,2.0,100.0,0.0
80.0,100.68676,7.0,67.36294,14.0,0.0,0.0,100.0,-7.0,7.0,8.0,11.0,1.0,24.0,0.0,1.0,1.0,38.40556,-8.0,4.8522644,-8.0,0.0,67.0,0.0
82.0,160.29602,2.0,73.82502,33.03615,0.0,0.0,97.0,40.89934,6.0,6.0,37.0,3.0,23.425678,0.0,3.0,3.0,4.0,64.219574,3.0,3.0,0.0,80.0,0.0
81.0,152.2685,4.0,58.11235,18.0,0.0,0.0,100.0,-7.0,7.0,8.0,28.0,6.1645875,39.0,0.0,2.0,2.0,11.0,88.4479,1.0,3.0,0.0,88.83734,0.0
79.0,211.12663,9.012864,70.0,26.0,0.0,0.0,91.15529,4.827689,6.0,6.0,25.0,2.0,58.98722,0.0,0.0,0.0,0.17685694,61.802395,2.0,4.0,0.0,67.0,0.0
64.0,142.60413,6.0,70.475365,22.0,0.0,0.0,85.92869,78.416275,6.0,6.0,22.0,2.0,47.32582,-7.0,0.0,0.0,77.055046,71.21674,2.0,1.0,3.0,51.362206,0.0
76.0,298.09372,16.781612,92.15452,18.0,2.1243153,2.0,87.20561,49.894325,6.0,5.922835,22.0,0.0,20.0,0.0,2.0,1.1515247,11.998337,58.751278,4.0,1.0,0.0,50.0,0.0
85.0,182.53224,13.0,83.0,15.0,0.0,0.0,100.0,-7.0,7.0,8.0,8.0,0.0,61.638435,18.605087,0.0,0.0,3.9118464,44.747467,3.0,4.0,0.0,100.0,0.0
85.0,184.42313,16.637732,76.0,23.556414,0.0,0.0,100.0,-7.0,7.0,8.0,34.0,0.0,14.2549925,0.0,2.0,3.0,1.0,-8.0,1.0,1.0,0.0,35.975628,0.0
83.0,342.55136,8.0,113.16628,60.965996,0.0,0.0,100.0,-7.0,7.0,8.0,52.388046,1.0,33.0,-8.0,0.0,0.0,13.093153,11.871921,4.0,7.3108344,0.0,50.0,0.0
73.0,106.20084,10.829842,41.880054,21.0,0.0,0.0,100.0,-7.0,7.0,8.0,20.0,1.0,14.0,-7.0,0.0,0.0,32.266678,82.0,2.0,2.0,2.0,46.31791,0.0
63.357765,156.46463,2.0,58.0,28.0,0.0,0.0,94.99147,38.274178,6.0,6.0,40.688877,4.0,20.0,0.0,2.0,2.0,80.66536,74.58251,8.0,2.0,3.0,89.48792,0.0
80.12977,211.96492,19.967293,100.0,30.439846,0.0,0.0,100.0,-7.0,7.0,8.0,34.0,0.0,65.96623,16.0,1.0,1.0,41.43337,91.106865,2.0,2.0,0.0,75.0,0.0
84.0,345.52173,38.78305,152.72346,21.0,0.0,0.0,94.0,22.869083,6.0,6.0,27.0,0.0,23.0,4.8232975,1.0,0.0,0.21235032,45.506733,2.0,3.0,0.0,55.930984,0.0
83.66676,268.3222,4.0,75.0,38.67199,0.0,0.0,100.0,-7.0,7.0,8.0,39.598812,1.0,38.637363,4.3473635,1.0,1.0,9.0,46.72119,3.0,2.0,0.0,57.0,0.0
72.0,122.05358,4.0,48.1338,29.0,0.0,0.0,100.0,-7.0,7.0,8.0,36.760136,2.0,21.0,0.0,2.0,2.0,28.0,-8.0,6.4974914,2.0,1.0,75.0,0.0
75.0,94.72788,10.406777,65.0,8.3484335,0.0,0.0,100.0,-7.0,7.0,8.0,12.0,2.0,63.07252,-7.0,4.0,3.1989512,18.738192,47.66375,1.0,3.0,0.0,73.05136,0.0
-9.0,-9.0,-9.0,-9.0,-9.0,-9.0,-9.0,-9.0,-9.0,-9.0,-9.0,-9.0,-9.0,-9.0,-9.0,-9.0,-9.0,-9.0,-9.0,-9.0,-9.0,-9.0,-9.0,0.0
82.0,197.5478,8.401387,108.18029,26.7102,0.0,0.0,96.0,38.120567,6.0,6.0,24.0,1.0,45.0,-8.0,0.0,0.0,28.0,8.156938,2.0,2.0,0.0,52.61653,0.0
66.0,286.53015,20.596579,92.98037,16.201395,0.0,0.0,83.78483,2.8611465,4.0,6.0,24.980957,0.0,33.0,-7.0,0.0,0.0,94.963486,84.02515,5.0,2.0,2.0,100.0,0.0
87.0,322.79117,2.1470938,109.116516,15.0,0.0,0.0,100.0,-7.0,7.0,8.0,19.0,2.0,23.418068,8.0,0.0,0.0,0.0,38.237507,-9.0,1.0,0.0,24.834572,0.0
55.800503,168.2528,3.0,70.92424,45.972763,0.0,0.0,93.0,-7.0,6.0,6.0,48.67981,3.0,29.832027,21.868391,0.0,0.0,24.975496,44.785545,13.403862,13.873023,1.6319151,60.0,0.0
67.868416,491.84134,6.0,136.81813,27.831223,1.0,0.0,82.86761,-0.9539884,4.0,5.0,30.39342,2.0,16.0,0.0,1.0,1.0,5.0,-8.0,4.0,1.0,0.0,35.11414,0.0
80.428764,176.69928,10.0,79.59712,23.0,0.0,0.0,100.0,-7.0,7.0,8.0,28.0,1.0035115,30.0,7.0,0.0,0.0,20.252914,-8.0,3.0,2.0,0.0,50.0,0.0
72.0,130.35832,6.1188498,70.970085,36.67575,0.0,0.0,100.0,-7.0,7.0,8.0,35.86012,3.0,21.328588,-8.0,0.0,0.0,28.0,-8.0,3.0,1.0,2.0,20.838728,0.0
86.0,241.86026,12.297115,90.0,22.0,0.0,0.0,100.0,-7.0,7.0,8.0,23.0,0.0,21.0,-8.0,0.0,0.0,14.0,-8.0,2.0,2.0,0.0,25.0,0.0
77.0,298.57312,7.0,68.0,18.0,0.0,0.0,100.0,-7.0,7.0,8.0,19.0,2.0,38.366325,4.0,1.0,1.0,25.0,83.61094,7.0,4.0,1.0,100.0,0.0
86.0,133.59743,35.35731,65.01101,-9.0,0.0,0.0,100.0,-7.0,7.0,8.0,0.7542673,0.0,-9.0,0.0,0.0,0.0,19.0,-8.0,1.0,-8.0,0.0,75.0,0.0
68.1421,84.040924,20.0,55.356487,40.107048,0.0,0.0,95.734505,10.074648,6.0,6.0,37.247204,1.0,35.0,16.0,0.0,0.0,18.981577,28.648037,2.0,2.0,0.0,50.0,0.0
68.0,121.88846,15.49668,91.00789,14.0,1.0,0.0,77.92084,44.986168,6.0,5.0,8.0,0.0,33.0,0.0,1.878563,1.0,25.0,96.92166,1.0,1.0,-8.0,100.0,0.0
80.0,282.15454,5.0,81.40651,28.241177,0.0,0.0,92.0,10.591454,6.0,6.0,24.0,1.0,19.0,1.0,2.0,2.0,1.0,-8.0,3.0,1.0,0.0,30.943613,0.0
74.0,147.8346,3.0,53.403786,34.0,0.0,0.0,95.0,75.62278,6.0,6.0,25.539923,3.0,41.602917,0.0,6.557346,6.858499,25.0,78.224785,2.0,2.0,0.0,55.649105,0.0
65.0,166.52576,2.0,59.124004,34.0,0.0,0.0,100.0,-7.0,7.0,8.0,34.0,4.0,32.607788,-7.0,2.0,2.0,37.11282,-8.0,7.6073413,4.0,3.4941213,64.38103,0.0
68.0,410.38077,2.0,111.20092,24.0,4.136532,5.591711,85.51083,45.417664,6.0,5.0,34.811405,5.0,35.0,0.0,2.0,2.0,40.929317,66.81617,2.0,2.0,0.0,85.222084,0.0
82.0,195.82796,15.0,103.88268,12.639597,0.0,0.0,100.0,-7.0,7.0,8.0,14.0,0.0,46.0,-8.0,0.0,0.0,22.047556,35.705338,2.0,2.0,1.0,44.0,0.0
77.46788,261.79352,4.0,100.0,73.13878,0.0,0.0,100.0,-7.0,7.0,8.0,87.13937,2.0,22.0,6.0,1.0,1.0,1.0,11.009716,6.0,1.0,0.0,32.99229,0.0
74.0,154.00833,15.0,-9.0,10.0,0.0,0.0,100.0,-7.0,7.0,8.0,10.197993,0.0,37.0,0.0,0.0,0.0,53.637127,59.048885,2.0,2.0,0.0,75.0,0.0
57.921448,199.4276,9.0,70.53292,16.47266,1.0,0.0,85.78148,6.0,4.0,5.563707,19.087946,1.0,26.585186,0.0,1.0,1.0,72.4918,54.760723,3.0,3.0,1.3502582,83.0,0.0
85.0,197.61076,9.0,82.32485,20.0,0.0,0.0,100.0,-7.0,7.0,8.0,19.0,1.0,25.0,9.996259,0.0,0.0,0.0,75.02323,1.0,2.0,0.0,40.0,0.0
73.0,236.81374,4.0,73.835266,28.0,0.0766995,0.0,92.0,36.516815,6.0,5.0,33.676888,5.0,21.0,12.799877,0.0,0.0,7.804911,-8.0,4.0,2.0,0.17471376,50.0,0.0
67.574005,343.06714,12.528077,100.21471,30.931204,0.0,0.0,86.39043,2.0,4.0,6.0,33.62228,0.0,24.0,1.0,0.0,0.0,70.88444,71.0,6.0,2.0,2.0,100.0,0.0
70.0,278.08466,6.0,89.29061,21.0,1.0,1.0,100.0,-7.0,-9.0,6.0,23.504343,4.0,22.0,18.838596,0.0,0.0,4.0,66.712296,5.0,4.0,0.0,83.0,0.0
69.0,191.36996,4.0,60.082516,23.0,0.0,0.0,92.0,17.754793,6.0,6.0,26.0,2.0,36.0,0.0,6.9205594,5.8467474,31.233356,70.5865,1.0,2.978637,0.0,100.0,0.0
71.0,341.21884,1.0,71.10445,39.32391,0.0,0.0,95.0,9.714376,6.0,6.0,46.51233,4.0,30.0,4.0,0.0,0.0,40.989777,16.224659,5.0477395,4.0,2.0,56.0,0.0
76.0,176.93408,1.0,65.0,55.90835,0.0,0.0,100.0,-7.0,7.0,8.0,54.162567,10.927734,20.0,0.0,1.0,1.0,33.365578,67.14872,4.0,6.949649,0.0,58.381824,0.0
82.0,304.32397,4.0,103.244255,12.0,0.0,0.0,100.0,-7.0,7.0,8.0,6.4497285,1.0,22.0,-7.0,1.0,1.0,11.0,96.883514,4.0,2.0,0.0,65.50397,0.0
67.93455,228.73422,6.0,90.0,20.274372,0.0,0.0,92.091965,18.198795,6.0,6.0,22.0,1.0,40.7426,-7.0,1.0,1.0,70.835495,17.425007,3.0,1.0,1.0,77.39141,0.0
75.0,357.3447,2.0,110.31128,43.989883,0.0,0.0,97.0,70.86062,6.0,6.0,35.038185,4.0,14.0,0.0,1.0,1.0,32.21545,59.758663,8.619475,1.0,0.0,83.0,0.0
73.0,153.29355,5.0,114.54986,39.379,0.0,0.0,100.0,-7.0,7.0,8.0,44.58423,1.0,25.0,-7.1624393,0.0,0.0,52.46639,76.12207,4.0,6.356507,3.3702695,64.0,0.0
76.0,149.00978,10.0,67.55354,25.132132,0.0,0.0,100.0,-7.0,7.0,8.0,29.0,0.0,25.0,1.0,1.0,1.0,11.798592,-8.0,1.0,2.0,0.0,67.0,0.0
81.38291,296.66586,4.0,102.78493,27.0,0.0,0.0,94.0,60.32197,6.0,6.0,24.0,3.0,26.163378,0.0,2.0,2.0,21.0,-8.0,4.0,1.0,0.0,63.535316,0.0
84.0,190.06297,9.0,94.0,34.007355,0.0,0.0,100.0,-7.0,7.0,8.0,40.09852,2.0,30.879002,4.0,1.0,1.0,9.0,50.3024,2.0,2.0,0.0,33.0,0.0
88.0,193.03625,17.507795,131.28201,22.0,0.0,0.0,100.0,-7.0,7.0,8.0,31.0,0.0,24.0,-8.0,0.0,0.0,2.0,49.66723,3.0,1.0,0.0,50.0,0.0
88.79022,385.6775,5.0,103.74331,33.0,0.0,0.0,100.0,-7.0,6.0,8.0,38.0,1.0,30.0,1.0,2.0,1.0,6.703716,-8.0,3.0,1.0,0.0,42.35257,0.0
62.58498,280.59744,2.0,74.0,23.0,2.0,2.919005,93.0,5.142335,-9.0,5.0,26.320826,4.0,67.2529,6.0,2.0,2.0,26.512783,83.271324,4.0,5.0,0.0,89.91651,0.0
81.0,345.4928,24.82191,146.0787,13.0,0.0,0.0,100.0,-7.0,7.0,8.0,13.0,0.0,18.0,-7.0,0.0,0.0,60.071823,-8.0,3.0,2.0,3.0,63.0,0.0
82.0,144.43962,26.233908,104.333206,4.779667,0.0,0.0,100.0,-7.0,7.0,8.0,5.12725,0.0,33.57757,-8.0,0.0,0.0,33.026054,-8.0,2.0,1.0,0.0,83.0,0.0
64.358116,-7.7315416,4.0,31.497364,-9.0,1.0,1.0,100.0,-7.0,6.0,8.0,-9.0,0.0,27.0,0.0,0.0,0.0,70.23489,-8.0,2.0,-8.0,0.0,100.0,0.0
72.0,196.09729,3.0,80.0,26.543571,0.0,0.0,100.0,-7.0,7.0,8.0,32.0,4.0,16.880804,10.295214,0.0,0.0,64.51456,-8.0,8.0,1.0,4.0,60.0,0.0
76.0,143.38072,4.0,88.81214,25.0,0.0,0.0,100.0,-7.0,7.0,8.0,23.0,1.0,63.829155,0.0,0.0,0.0,75.77162,38.81032,3.4237173,4.0,2.0,100.0,0.0
75.0,205.91835,3.0,78.94977,39.68187,0.0,0.0,100.0,-7.0,7.0,8.0,52.991714,2.0,46.0,-7.0,3.0,3.0,8.0,70.49051,4.0,2.0,1.0,57.0,0.0
84.0,186.50061,8.313383,92.0,47.97301,0.0,0.0,100.0,53.352226,6.0,6.0,54.49784,3.0,31.0,0.0,2.0,2.0,12.0,56.577835,4.0,3.0,0.0,44.0,0.0
87.77511,192.0075,13.416957,93.0,20.0,0.0,0.0,100.0,-7.0,7.0,8.0,7.0,0.0,33.0,-7.0,1.0,1.0,6.443309,62.15373,2.0,1.0,0.0,43.0,0.0
64.0,216.6692,12.0,65.429184,12.809394,2.0,1.678386,-9.0,24.437712,6.0,2.0,27.0,0.0,38.038784,1.0,1.0,1.0,48.49656,98.89841,3.0,2.0,0.0,75.0,0.0
-9.0,-9.0,-9.0,-9.0,-9.0,-9.0,-9.0,-9.0,-9.0,-9.0,-9.0,-9.0,-9.0,-9.0,-9.0,-9.0,-9.0,-9.0,-9.0,-9.0,-9.0,-9.0,-9.0,0.0
86.0,150.30196,6.0,70.18939,36.0,0.0,0.0,100.0,-7.0,7.0,8.0,34.0,2.0,24.0,-7.0,0.0,0.0,8.0,60.76832,3.0,2.0,0.0,53.2343,0.0
75.0,238.44044,6.0,65.82231,35.95821,0.0,0.0,100.0,-7.0,7.0,8.0,39.00821,2.0,56.28689,1.0,0.0,0.0,33.530643,-8.0,5.0,7.916836,0.0,77.87817,0.0
83.14019,219.21637,10.0,72.87296,12.516562,0.0,0.0,100.0,-7.0,7.0,8.0,15.0,0.0,33.026474,0.0,0.0,0.0,45.515846,-8.0,1.0,1.8971236,0.0,44.185722,0.0
86.0,105.79312,21.494495,75.93593,-9.0,0.0,0.0,100.0,-7.0,7.0,8.0,7.0,0.0,33.0,0.0,1.0,1.0,9.0,58.420498,1.0,2.0,0.0,82.6556,0.0
76.0,125.28729,14.669821,64.89547,17.0,0.0,0.0,94.91915,52.667336,6.0,6.0,22.0,0.0,-9.0,0.0,0.0,0.0,19.576845,-8.0,4.0,-8.0,0.0,43.521477,0.0
79.0,164.73615,22.953613,82.0,17.0,0.0,0.0,100.0,-7.0,7.0,8.0,7.0,0.0,29.0,0.0,1.0,1.0,36.182255,63.119514,2.0,2.0,0.0,42.39329,0.0
92.769615,301.767,63.316742,133.85797,4.078655,0.0,0.0,100.0,-7.0,7.0,8.0,7.0,0.0,8.21912,-7.0,1.0,1.0,1.0,-8.0,1.0,-8.0,0.0,25.0,0.0
88.0,381.32645,10.0,115.56002,18.0,0.0,0.0,100.0,-7.0,7.0,8.0,20.0,1.1213036,26.0,0.0,2.0,1.883566,11.0,55.32455,6.0,2.0,0.0,83.53912,0.0
61.800507,215.11348,4.0,76.40615,17.0,0.0,0.0,84.9572,10.073702,6.0,6.0,18.0,2.0,48.037205,0.0,0.0,0.0,53.39993,-8.0,5.0,2.0,2.0,75.0,0.0
74.0,88.26299,5.0,63.32695,11.0,0.0,0.0,100.0,-7.0,7.0,8.0,11.439014,2.0,33.0,0.0,2.0,2.0,59.302708,76.368774,2.0,2.0,0.0,91.52906,0.0
80.0,210.62802,4.0,77.59598,28.0,0.0,0.0,93.0,-8.796483,6.0,6.0,32.0,3.0,40.0,17.098108,0.0,0.0,1.0,-8.0,3.0,2.0,0.0,44.0,0.0
76.0,223.56912,5.0,113.56477,10.672927,0.0,0.0,77.91572,2.9020324,4.0,6.0,16.0,1.0,48.057533,0.0,1.0,0.0,43.50478,58.44695,2.0,3.0,0.0,71.0,0.0
85.0,240.97772,36.214478,145.74147,23.0,0.0,0.0,100.0,-7.0,7.0,8.0,23.0,0.0,31.035484,4.432288,1.0,1.0,15.043881,-8.0,2.0,2.0,1.0,43.0,0.0
85.68447,161.97972,6.0,98.02845,28.0,0.0,0.0,97.0,52.06846,6.0,6.0,29.0,1.0,46.0,-7.0,0.0,0.0,18.57707,81.735115,6.492215,2.0,0.0,75.0,0.0
75.0,185.91072,2.0,91.027794,27.669756,0.0,0.0,97.0,24.330896,6.0,6.0,26.0,1.0,28.0,20.472204,0.0,0.0,18.665255,-8.0,8.0,1.0,0.0,67.0,0.0
65.0,306.9011,26.7562,92.64177,18.0,1.2631245,1.0,95.0,11.222431,4.0,2.0,35.7835,0.0,28.0,9.0,0.0,0.0,25.504267,62.263824,2.0,2.0,0.0,75.0,0.0
79.24649,257.01617,7.0,98.567276,21.709917,0.0,0.0,100.0,-7.0,7.0,8.0,22.0,0.0,23.0,0.0,0.0,0.0,21.0,-8.0,4.0,1.0,2.0,80.0,0.0
86.0,321.9652,25.635036,108.51393,14.0,0.0,0.0,100.0,-7.0,7.0,8.0,15.0,0.0,12.814707,0.0,0.0,0.0,7.0,-8.0,3.0,1.0,0.0,50.0,0.0
82.0,219.23077,25.8316,115.7662,-9.0,0.0,0.0,100.0,-7.0,7.0,8.0,7.044132,0.0,29.11595,-7.0,0.0,0.0,31.40861,-8.0,2.0,-8.298016,0.0,56.75228,0.0
77.0,199.81938,23.41889,91.84954,25.0,0.0,0.0,90.79266,17.626797,6.0,6.0,28.0,0.0,20.0,0.0,1.0,1.0,3.2723145,32.446346,4.0,2.0,0.0,47.23299,0.0
79.43779,87.35853,4.0,53.14969,12.0,0.0,0.0,94.0,23.937775,6.0,4.943511,11.0,1.0,50.0,8.846963,0.0,0.0,0.0,54.020977,-3.7196755,3.0,0.0,71.0,0.0
69.0,108.99426,7.0,75.0,30.0,0.0,0.0,100.0,-2.4869018,6.0,6.0,34.0,3.0,87.90745,0.0,2.0,2.0,40.93343,82.63125,5.0,6.0,1.0,100.0,0.0
79.0,447.2595,2.0,128.0206,31.0,0.0,0.0,100.0,-7.0,7.0,8.0,29.857082,2.0,42.0,0.0,1.0,1.0,0.36307192,88.212265,2.0,4.0,0.0,50.0,0.0
68.0,291.7028,3.0,85.76391,40.631207,0.0,0.0,100.0,2.0,0.58478785,6.0,46.461582,5.0,22.0,0.0,0.0,0.0,26.761127,65.50657,7.0,3.0,0.0,50.0,0.0
67.386185,331.6246,3.0,63.32767,25.0,0.0,0.0,100.0,-7.0,7.0,8.0,29.744743,5.0,57.001965,15.513119,1.0,1.0,64.83521,49.764683,1.0,22.494644,2.0,72.720146,0.0
71.41593,190.74178,4.0,77.0,32.0,0.0,0.0,100.0,-7.0,7.0,8.0,27.446829,3.0,16.0,0.0,1.0,1.0,60.476196,-8.0,8.201692,-8.0,2.532952,71.0,0.0
87.33212,189.37643,16.364193,113.45429,16.0,0.0,0.0,100.0,-7.0,7.0,8.0,16.0,0.0,54.012383,8.939598,0.0,0.0,4.082205,98.36987,1.0,2.0,0.0,58.0,0.0
76.0,197.41718,3.0,74.0,21.0,1.7702405,1.1544064,94.0,56.882214,6.0,3.0,23.329103,2.0,30.0,0.0,0.0,0.0,11.0,69.838264,3.0,2.0,0.0,47.435966,0.0
67.0,138.20866,3.0,-9.0,-9.0,0.0,0.0,100.0,-7.0,7.0,8.0,3.0547006,3.0,36.0,8.0,2.0,2.0,40.832333,43.79281,3.0546813,1.0,0.0,100.0,0.0
73.0,319.62692,1.0,86.0,28.0,0.0,0.0,100.0,-7.0,7.0,8.0,32.0,3.0,24.0,8.0,0.0,0.0,74.44798,52.802773,7.0,4.0,8.116203,86.0,0.0
69.0,264.0839,3.3028948,72.6726,34.0,0.0,0.0,100.0,-7.0,7.0,8.0,38.0,3.0,45.0,-7.0,2.0,1.0,60.72769,48.763966,4.0,4.0,2.0,64.187935,0.0
79.0,162.11934,5.0,63.707794,23.0,1.0,0.0,91.0,68.16749,6.0,2.8013268,24.0,4.0,61.730022,-7.0,1.0,1.0,6.0,-8.0,3.0,1.0,0.0,46.242065,0.0
88.0,385.12335,71.05222,158.64876,11.0,0.0,0.0,100.0,-7.0,7.0,8.0,8.686135,0.0,36.0,23.991192,0.0,0.0,11.0,-8.0,3.0,1.0,0.0,57.0,0.0
81.0,196.54929,67.74663,223.26501,9.0,0.0,0.0,100.0,-7.0,7.0,8.0,8.0,0.0,24.0,0.0,0.0,0.0,46.418636,-8.0,5.0,1.0,2.0,91.40658,0.0
81.0,175.09187,21.555347,87.5915,31.586517,0.0,0.0,100.0,22.511759,6.0,6.0,27.0,0.0,58.287083,21.592926,0.0,0.0,9.6585045,-8.0,4.0,3.0,0.0,71.0,0.0
83.0,130.39932,6.0,44.25193,12.0,0.0,0.0,100.0,-7.0,7.0,8.0,9.0,2.0,21.0,-8.0,0.0,0.0,9.0,-8.0,2.0,1.0,0.0,75.0,0.0
-9.0,-9.0,-9.0,-9.0,-9.0,-9.0,-9.0,-9.0,-9.0,-9.0,-9.0,-9.0,-9.0,-9.0,-9.0,-9.0,-9.0,-9.0,-9.0,-9.0,-9.0,-9.0,-9.0,0.0
89.58148,190.22162,20.0,166.32602,14.0,0.0,0.0,100.0,-7.0,7.0,8.0,19.0,0.0,49.215794,7.350839,0.0,0.0,0.0,-8.0,1.0,1.0,0.0,58.0,0.0
88.0,262.88077,3.667558,86.0,31.16175,0.0,0.0,100.0,-7.0,7.0,8.0,37.63262,2.0,16.84973,6.9800706,1.0,1.0,1.0,47.95707,3.0,1.0,0.0,10.80651,0.0
85.0,171.97289,1.0,71.946335,21.0,0.0,0.0,100.0,-7.0,7.0,8.0,21.512764,1.0,35.28475,2.3071938,1.0,1.0,10.934187,31.691051,1.0,3.0,0.0,34.152885,0.0
74.0,192.02507,7.0,72.0,36.0,0.0,0.0,100.0,-7.0,7.0,8.0,46.411545,2.0,53.55564,7.0,0.0,0.0,56.282295,51.37304,3.0,5.0,1.0,80.0,0.0
78.657005,192.94925,7.0,67.0,7.0,0.0,0.0,100.0,-7.0,7.0,8.0,10.860151,1.0,27.0,0.0,2.0,2.0,15.0,-8.0,2.0,-8.0,0.0,72.50431,0.0
74.0,181.09717,5.0,76.0,27.78762,0.0,0.0,100.0,-7.0,7.0,8.0,31.0,1.0,17.0,3.0,1.0,1.0,12.0,-8.0,3.0,1.0,2.0,26.370054,0.0
90.0,347.2823,38.859856,130.90077,8.0,0.0,0.0,100.0,-7.0,7.0,8.0,2.8957667,0.0,24.0,-8.0,0.0,0.0,0.0,-8.0,1.6597847,1.0,0.0,57.0,0.0
68.0,145.74707,11.0,50.581303,22.0,0.0,0.0,95.0,13.049678,6.0,6.0,28.03375,1.0,21.0,3.0,1.0,0.0,11.147939,-8.0,4.0,2.0,0.0,57.0,0.0
66.0,199.6985,3.0,65.62471,31.0,0.0,0.0,94.0,30.48171,6.0,6.0,31.093025,4.0,-9.0,17.241774,0.0,0.0,31.79265,-8.0,10.549359,1.0,3.0,73.0,0.0
73.0,104.23559,0.45851564,45.299435,12.0,0.0,0.0,100.0,-7.0,7.0,8.0,15.0,3.0,18.96756,1.0,2.0,2.0,26.96256,-8.0,4.0,1.0,0.0,50.0,0.0
66.388,125.93486,45.060577,118.316124,17.0,1.0,0.0,91.53723,6.305347,4.0,5.0,21.178627,0.0,65.5211,0.0,1.0,1.0,22.983833,-8.0,1.0,2.0,0.0,86.0,0.0
74.0,95.07102,2.0,47.519062,6.8293395,0.0,0.0,100.0,-7.0,7.0,8.0,8.0,4.0,29.0,-8.0,0.0,0.0,57.647327,-8.0,4.0,1.0,2.0,86.76288,0.0
87.40257,278.76398,28.8123,88.165054,19.140003,0.0,0.0,100.0,-7.0,7.0,8.0,25.0,0.0,18.0,6.2369184,0.0,0.0,14.028404,-8.0,2.0,1.0,0.0,44.088432,0.0
87.0,564.01544,46.8851,177.3824,16.060091,0.0,0.0,100.0,-7.0,7.0,8.0,17.0,0.0,16.0,-7.0,1.0,1.0,8.0,-8.0,3.0,1.0,0.0,50.0,0.0
82.0,138.167,2.0,46.326916,20.252132,0.0,0.0,100.0,-7.0,7.0,8.0,22.0,3.0,57.540825,1.0,1.0,1.0,0.0,88.0,1.0,4.0,0.0,64.43869,0.0
77.0,212.95506,2.0,106.46535,28.024551,0.0,0.0,100.0,3.0,6.0,6.0,13.0,2.0,10.895838,0.0,0.0,0.0,40.920177,44.350372,4.0,3.0,0.0,71.0,0.0
80.229935,372.42847,3.0,105.48715,30.279419,0.0,0.0,100.0,-7.0,7.0,8.0,31.0,2.0,13.0,0.0,1.0,1.0,32.0,80.31807,5.0,1.0,0.0,50.0,0.0
-9.0,-9.0,-9.0,-9.0,-9.0,-9.0,-9.0,-9.0,-9.0,-9.0,-9.0,-9.0,-9.0,-9.0,-9.0,-9.0,-9.0,-9.0,-9.0,-9.0,-9.0,-9.0,-9.0,0.0
71.0,194.38228,6.0,85.26709,14.25218,0.0,0.0,93.0,7.9900303,4.0,6.0,15.182165,3.0,43.693363,0.0,0.0,0.0,62.553593,-8.0,5.0,2.0,0.0,93.67142,0.0
83.0,254.93466,23.319397,100.244026,23.0,0.0,0.0,100.0,-7.0,7.0,8.0,18.0,0.0,25.0,0.0,1.0,1.0,17.608822,60.063347,6.0,3.0,1.0,100.0,0.0
83.76682,113.25636,-9.0,63.665916,19.66813,0.0,0.0,97.0,73.03244,6.0,5.868858,21.0,2.0,8.3004055,3.0,1.0,1.0,4.0,49.211594,1.0,1.7421712,0.0,33.0,0.0
67.0,72.40667,6.0,81.0,35.28975,0.0,0.0,96.0,14.572425,6.0,6.0,11.720038,1.6635023,20.0,0.0,4.0,4.4972124,36.0,-8.0,6.0,1.0,2.0,36.922226,0.0
59.598442,229.70178,17.655714,126.99489,28.0,0.0,0.0,100.0,-7.0,4.0,8.0,29.0,0.0,30.343117,-8.0,0.0,0.0,59.030422,59.77814,11.387937,3.0,1.0,84.49492,0.0
72.0,220.20747,2.0,111.3977,14.0,4.2491927,0.0,82.28217,26.192232,6.0,2.0,22.319302,1.0,37.0,0.0,3.0,2.0,20.843832,8.674869,1.0,1.0,0.0,33.0,0.0
83.0,62.28385,1.0,63.0,16.0,0.0,0.0,100.0,-7.0,7.0,8.0,12.0,2.0,27.0,0.0,3.0,3.0,19.0,100.0,3.0,2.0,0.0,67.0,0.0
66.0,227.64253,2.1436145,109.97733,73.51144,0.0,0.0,94.0,7.3540773,6.0,6.0,93.83493,9.141789,20.0,4.0,3.0,3.0,65.47582,66.82929,11.0,2.0,5.674641,57.946213,0.0
89.0,480.4922,4.0,109.4634,44.185173,0.0,0.0,100.0,-7.0,7.0,8.0,33.393414,1.0,20.0,0.0,2.0,2.0,6.0,-8.0,5.0,-8.0,0.0,76.20724,0.0
56.388268,95.74588,1.0,46.25246,8.0,2.0,2.0,100.0,-7.0,6.0,8.0,11.0,3.0,15.0,0.0,4.0,4.0,59.354656,-8.0,4.0,2.0,2.0,85.30424,0.0
75.0,211.17693,-9.0,59.50003,50.52247,0.0,0.0,100.0,-7.0,7.0,8.0,43.2064,4.0,26.0,0.0,1.0,1.0,14.0,-8.0,4.8324857,2.0,0.0,60.0,0.0
-9.0,-9.0,-9.0,7.0460925,-9.0,-9.0,-9.0,-9.0,-9.0,-9.0,-9.0,-9.0,-9.0,-9.0,-9.0,-9.0,-9.0,-9.0,-9.0,-9.0,-9.0,-9.0,-9.0,0.0
79.0,215.73798,5.8761015,105.570404,26.39325,0.0,0.0,100.0,-7.0,7.0,8.0,26.0,1.0,20.96303,-7.0,0.0,0.0,28.92506,67.74604,3.0,2.0,0.0,30.447899,0.0
73.0,175.37277,2.0,72.54025,45.206898,0.0,0.0,100.0,-7.0,7.0,8.0,44.056652,3.0,18.0,0.0,3.0,3.0,8.0,50.762276,4.0,1.0,0.0,35.405003,0.0
58.99605,236.46855,11.0,80.0,51.27794,0.0,0.0,83.78886,-7.0,-9.0,4.0,87.88172,0.0,28.369328,0.0,2.0,2.0,48.894318,66.72176,6.0,2.0,2.0,52.604794,0.0
86.0,165.77356,11.0,68.91548,16.0,0.0,0.0,94.463,79.09847,6.0,6.0,15.0,2.0,15.8999815,0.0,0.0,0.0,6.0,-8.0,1.0,1.0,0.0,21.191483,0.0
83.75929,408.27487,10.885389,161.61884,22.0,0.0,0.0,100.0,-7.0,7.0,8.0,28.0,1.0,29.0,-7.0,0.0,0.0,1.0,-8.0,1.0,3.0,0.0,50.0,0.0
82.0,219.46996,4.0,84.0337,26.071814,0.0,0.0,100.0,-7.0,7.0,8.0,30.0,2.0,24.0,0.0,0.0,0.0,1.0,-8.0,2.0,2.0,0.0,40.0,0.0
-9.0,-9.0,-9.0,18.907433,-9.0,-9.0,-9.0,-9.0,-9.0,-9.0,-9.0,-9.0,-9.0,-9.0,-9.0,-9.0,-9.0,-9.0,-9.0,-9.0,-9.0,-9.0,-9.0,0.0
79.0,286.18866,6.0,76.457344,41.86064,0.0,0.0,100.0,-7.0,6.0,6.0,52.185528,1.0,15.294268,13.372391,0.0,0.0,17.0,-8.0,4.0,2.0,0.0,33.0,0.0
88.0,245.62161,11.0,94.0,17.0,0.0,0.0,100.0,-7.0,7.0,8.0,22.0,1.0,31.0,0.0,2.0,2.0,2.0,-8.0,6.0,1.0,0.0,80.0,0.0
84.0,389.14328,21.564253,106.2673,24.0,0.0,0.0,100.0,-7.0,7.0,8.0,32.0,0.0,23.797607,18.612444,0.0,0.0,16.0,-8.0,3.0,1.0,1.0,75.0,0.0
79.0,187.82144,5.0,82.031815,33.0,0.0,0.0,100.0,-7.0,7.0,8.0,31.0,1.0,22.0,5.0,0.0,0.0,42.679886,52.66133,4.0,2.0,2.0,58.0,0.0
87.0,284.9259,13.0,98.8576,23.0,0.0,0.0,100.0,-7.0,7.0,8.0,5.681892,0.0,40.495773,7.146404,0.0,0.0,1.0,74.44434,2.0,2.0,0.0,48.233562,0.0
56.144287,216.72252,1.0,81.22551,50.790794,0.0,0.0,91.0,-7.0,-8.180305,6.0,50.79902,2.0,25.0,-7.0,0.0,0.0,38.886562,1.9206446,11.0,3.0,0.0,60.0,0.0
84.20275,155.93797,3.0,72.46646,13.0,0.0,0.0,100.0,-7.0,7.0,8.0,17.0,1.0,62.68348,12.221514,0.0,0.0,12.150673,12.933821,2.0,2.0,0.0,75.0,0.0
68.0,144.15752,2.0,74.0,16.0,0.0,0.0,83.06318,9.442398,6.0,6.0,15.490672,1.0,50.0,8.020996,0.0,0.0,69.22444,-8.0,6.0,3.1576846,0.0,100.0,0.0
81.0,140.99115,5.0,84.804054,17.518978,0.0,0.0,83.159325,48.741264,6.0,6.0,15.0,3.0,4.146934,0.0,1.2398787,1.0,9.974299,-8.0,1.0,2.0,0.0,35.96279,0.0
-9.0,-9.0,-9.0,-9.0,-9.0,-9.0,-9.0,-9.0,-9.0,-9.0,-9.0,-9.0,-9.0,-9.0,-9.0,-9.0,-9.0,-9.0,-9.0,-9.0,-9.0,-9.0,-9.0,0.0
80.0,162.31146,21.108953,87.05866,25.0,0.0,0.0,97.0,49.627373,6.0,6.0,30.228954,0.0,41.0,18.697042,0.0,0.0,27.703518,77.7558,2.0,5.0,0.0,67.0,0.0
60.957947,416.85764,7.0,137.41313,28.0,1.0,1.0,90.216866,16.324862,6.0,5.0,35.709454,1.0,38.0,-7.0,0.0,0.0,73.39795,70.75481,7.0,3.0,3.0,83.0,0.0
78.0,167.82271,9.0,57.282238,19.741495,1.0,0.0,96.78103,58.85218,6.0,4.0,16.0,2.0,33.0,-8.0,0.0,0.0,10.0,-8.0,4.0,1.0,0.0,85.755394,0.0
77.0,307.94684,22.791521,126.060585,38.43581,0.0,0.0,100.0,-7.0,7.0,8.0,42.96445,0.0,33.027584,2.0,0.0,0.0,25.597359,82.0,4.0,2.0,3.0,50.0,0.0
84.0,137.37187,2.0,67.45168,21.0,0.0,0.0,100.0,-7.0,7.0,8.0,18.825418,6.0,51.505234,17.556576,0.0,0.0,10.100019,88.0,3.0,3.0,0.0,69.48409,0.0
71.0,197.8131,7.0,75.0,27.0,0.0,0.0,100.0,-7.0,7.0,8.0,32.0,1.0,35.524464,0.0,6.3901486,6.4481425,29.20886,82.0,6.0,2.0,1.0,60.0,0.0
79.0,171.8045,18.411263,90.540245,30.137327,0.0,0.0,100.0,-7.0,7.0,8.0,26.0,0.0,33.818417,0.0,4.0,4.0,16.0,-8.0,4.0,1.0,0.0,53.488647,0.0
62.0,220.44492,10.0,116.011215,33.0,0.0,0.0,91.0,-7.0,4.0,6.0,38.0,0.0,32.5543,0.0,2.0,1.0,68.166565,82.12784,7.2333674,3.0,9.8422165,63.0,0.0
71.0,312.9666,62.705635,158.35065,13.0,1.0,1.0,100.0,-7.0,6.0,8.0,17.0,0.0,66.05988,23.948166,0.0,0.0,25.0,-8.0,1.0,1.0,0.0,75.0,0.0
75.0,41.85395,2.0,78.91552,19.015583,0.0,0.0,100.0,-7.0,7.0,8.0,-2.5985355,1.0,53.815502,0.0,2.0,1.0,76.11072,75.01198,5.0,3.0,1.0,94.43692,0.0
75.0,170.36887,4.0,95.01485,12.0,0.0,0.0,83.64012,35.2182,6.0,6.0,12.0,1.0,24.0,0.0,0.0,0.0,34.665558,40.08762,4.0,2.0,1.0,86.62303,0.0
76.0,165.74452,6.0,68.739975,27.877869,0.0,0.0,100.0,-7.0,7.0,8.0,35.0,2.0,19.0,-7.0,1.0,1.0,34.86671,-8.0,3.0,-4.060974,1.0,36.98713,0.0
84.0,137.71779,8.896119,93.0,28.37852,0.0,0.0,100.0,-7.0,7.0,8.0,34.0,1.0,30.0,-7.0,0.0,0.0,7.0,75.97351,3.0,2.0,0.0,57.33872,0.0
84.85781,226.22195,5.0,74.58701,22.369114,0.0,0.0,100.0,-7.0,7.0,8.0,33.0,2.0,31.0,0.0,3.0,3.0,0.0,92.07591,4.0,2.0,0.0,78.0,0.0
91.257416,233.96107,8.615218,126.90626,20.0,0.0,0.0,100.0,-7.0,7.0,8.0,28.0,1.0,17.0,-8.0,0.0,0.0,1.0,-8.0,1.2696885,-8.0,0.0,25.0,0.0
70.0,384.679,28.219818,154.73778,39.949066,2.0,1.0,96.0,33.764717,6.0,5.0,45.312866,0.0,20.939714,-7.0,0.0,0.0,45.4545,-8.0,6.0,1.0,2.8838952,31.773876,0.0
74.0,98.277824,7.0,19.71903,14.0,0.0,0.0,100.0,-7.0,7.0,8.0,15.0,1.0,30.0,-7.0,0.0,0.0,56.386448,99.25342,3.0,2.0,2.0,67.0,0.0
83.0,151.9998,3.0,63.593685,18.0,0.0,0.0,100.0,-7.0,7.0,8.0,33.892048,1.0,18.9885,-7.0,0.0,0.0,25.0,-8.0,1.0,2.0,0.0,48.876305,0.0
73.275856,135.78252,1.0,67.0,28.0,0.0,0.0,100.0,-7.0,7.0,8.0,32.0,4.0,20.0,0.0,4.0,4.0,48.853783,97.64106,7.0,2.0,3.0,70.0,0.0
73.0,355.88657,2.0,87.096016,42.456234,0.0,0.0,90.0,49.600246,6.0,6.0,43.91041,3.0,23.0,8.0,0.0,0.0,22.91706,87.93736,5.0,3.0,0.0,57.0,0.0
69.0,296.3239,4.0,80.0,22.0,1.0,1.0,87.30599,12.817302,4.0,2.0,23.0,2.0,14.0,0.0,4.0,3.9101365,7.0,63.882286,1.0,2.0,0.0,0.77501583,0.0
87.0,260.01297,3.0,81.0,26.710012,0.0,0.0,100.0,-7.0,7.0,8.0,29.003035,3.0,20.0,9.825968,0.0,1.0,0.0,-8.0,2.0,1.0,0.0,20.793919,0.0
76.0,400.09912,13.180574,96.56045,20.56593,1.0,0.54842865,92.0,37.012127,4.0,4.392732,19.0,0.0,24.0,10.798003,0.0,0.0,23.336681,-8.0,4.0,1.0,0.0,75.0,0.0
62.0,253.94644,3.0,72.03934,15.334092,2.0,0.0,82.76875,1.4722065,4.0,4.0,20.0,1.0,33.0,7.0,0.0,0.0,6.0,54.356018,3.0,1.0,0.0,50.0,0.0
86.0,224.87564,22.221588,123.20696,18.0,0.0,0.0,100.0,-7.0,7.0,8.0,17.317957,0.0,18.0,4.0,2.0226989,2.0,26.827848,-8.0,3.0,-7.395972,0.0,35.61372,0.0
87.0,186.51535,6.0,97.20193,22.735807,0.0,0.0,100.0,-7.0,7.0,8.0,29.531124,2.0,20.855562,-7.0,1.0,1.0,1.0,-8.0,2.0,-8.0,0.0,35.734894,0.0
87.22327,375.52567,6.0,96.50294,12.0,0.0,0.0,100.0,-7.0,7.0,8.0,14.0,2.0,41.395233,-7.0,0.0,0.0,0.0,99.58797,0.0,3.0,0.0,52.559387,0.0
84.0,378.78802,5.0,126.04061,24.0,0.0,0.0,95.02901,56.927082,6.0,6.0,28.0,2.0,20.0,-8.0,0.0,0.0,9.81486,-8.0,3.0,1.0,0.0,49.831966,0.0
74.262825,299.3377,5.0,74.78569,42.392303,0.0,0.0,100.0,-7.0,7.0,8.0,40.97974,6.0,30.0,10.43886,0.0,0.0,42.787846,92.844696,3.0,3.0,0.0,50.0,0.0
84.0,203.45587,12.0,101.44527,27.0,0.0,0.0,100.0,-7.0,7.0,8.0,44.47149,2.0,8.591093,4.0,0.0,0.0,9.4037075,-8.0,2.0,-8.0,0.0,43.0,0.0
59.897594,423.0325,5.0,83.0,25.0,1.0,0.0,84.789246,29.97091,6.0,5.0,28.0,2.0,74.11149,8.0,0.0,0.0,66.52882,-8.0,2.0,3.0,3.7876897,78.0,0.0
72.0,165.668,23.722958,96.24921,24.0,1.0,0.0,87.4908,21.30943,6.0,5.754465,23.0,0.0,77.33486,5.0,1.0,1.0,40.988453,39.164352,2.0,20.16377,0.0,100.0,0.0
75.0,323.8146,3.0,61.0,38.58029,0.0,0.0,88.596436,25.050854,6.0,6.0,35.632103,10.731557,46.0,0.0,3.0,3.0,13.097782,54.8973,3.0,4.0,0.0,60.762203,0.0
70.0,139.08044,15.0,70.372505,8.518105,1.0,1.0,86.68291,32.38187,6.0,5.0,9.0,0.0,50.0,-7.0,0.0,0.0,3.0,49.735466,1.0,2.0,0.0,100.0,0.0
81.0,312.2925,1.0,98.948006,21.0,0.0,0.0,94.56257,-7.0,4.0,6.0,9.0,2.0,15.79752,4.0,1.0,1.0,13.134851,-8.0,8.631973,1.0,0.0,80.0,0.0
72.0,186.74582,5.0,68.48515,36.42028,0.0,0.0,100.0,-7.0,7.0,8.0,45.166576,2.0,20.0,0.0,6.968405,6.8890634,12.0,-8.0,7.0,2.0,2.0,44.0,0.0
73.0,310.59885,3.0,71.0,38.566204,0.0,0.0,97.0,46.64587,6.0,6.0,42.860355,1.0,39.0,5.0,1.0,1.0,59.882202,-8.0,4.0,10.590216,1.312239,67.0,0.0
87.81133,368.8097,-8.114424,115.19293,21.0,0.0,0.0,100.0,-7.0,7.0,8.0,24.0,1.0,14.510865,0.0,0.0,0.0,4.0,-8.0,2.6405442,1.0,0.0,50.0,0.0
76.0,125.77495,26.310596,61.0,18.0,0.0,0.0,100.0,-7.0,7.0,8.0,13.0,0.0,21.0,-7.0,1.0,1.0,34.728767,-8.0,4.0,1.0,3.0,46.858738,0.0
82.0,152.73834,2.0,169.4419,20.0,0.0,0.0,100.0,-7.0,7.0,8.0,7.0,1.0,21.0,1.0,3.0,3.0,54.799072,72.783585,4.0,1.0,0.0,86.0,0.0
82.0,186.8105,25.805668,135.2212,12.0,0.0,0.0,100.0,-7.0,7.0,8.0,10.986274,0.0,8.669535,0.0,0.0,0.0,43.81912,-8.0,2.0,1.0,1.0,50.0,0.0
74.0,178.77289,7.0,61.0,8.313931,0.0,0.0,88.876274,47.001774,6.0,6.0,11.972413,2.0,57.152767,3.0,1.0,1.0,19.559149,79.4397,1.0,2.0,0.0,60.0,0.0
72.0,195.3091,2.0,79.0,13.0,0.0,0.0,94.0,18.532568,6.0,6.0,15.0,3.0,25.360819,0.0,3.0,3.0,31.895845,-8.0,1.0,1.0,1.0,48.22503,0.0
-9.0,-9.0,-9.0,-9.0,-9.0,-9.0,-9.0,-9.0,-9.0,-9.0,-9.0,-9.0,-9.0,-9.0,-9.0,-9.0,-9.0,-9.0,-9.0,-9.0,-9.0,-9.0,-9.0,0.0
82.0,140.29681,2.0,56.461,25.064991,0.0,0.0,100.0,-7.0,7.0,8.0,27.771479,1.0,70.01043,-7.0,1.0,1.0,0.0,77.15059,1.0,3.0,0.0,43.60585,0.0
87.0,362.73358,8.0,198.57639,10.0,0.0,0.0,77.62209,20.569595,6.0,6.0,12.0,1.0,14.0,0.0,0.0,0.0,0.0,-8.0,3.0,-8.0,0.0,85.57093,0.0
82.0,386.566,3.0,112.02391,32.0,0.0,0.0,100.0,-7.0,7.0,8.0,38.0,3.0,21.953093,12.875152,0.0,0.0,6.0,-8.0,6.0,1.0,0.0,58.0,0.0
80.94989,148.75386,7.0,62.079422,11.0,0.0,0.0,100.0,-7.0,7.0,8.0,11.0,2.0,45.580833,-7.0,1.3179791,1.0,36.0,71.0,3.0,2.0,0.0,88.0,0.0
75.0,270.34357,9.301261,151.74956,22.0,1.0,0.0,96.0,34.61817,6.0,4.0,26.801641,0.0,29.0,12.878773,0.0,0.0,35.008984,-8.0,3.0,1.0,0.0,82.366936,0.0
74.0,91.91016,5.0,57.906296,18.0,0.0,0.0,100.0,-7.0,7.0,8.0,15.0,3.0,20.192583,0.0,0.0,0.0,32.98333,2.9684286,5.0,2.0,1.0,50.0,0.0
74.0,168.44098,9.0,65.0,15.0,0.0,0.0,100.0,-7.0,7.0,8.0,15.0,1.0,22.05275,0.0,4.0,4.0,8.0,-8.0,1.0,2.0,0.0,50.0,0.0
81.94886,152.29926,5.0,49.46075,15.741912,0.0,0.0,100.0,-7.0,7.0,8.0,10.626655,1.0,30.0,0.0,2.0,2.0,9.0,84.01406,3.0,2.0,0.0,67.000114,0.0
71.75858,155.3134,2.0,61.641884,27.0,0.0,0.0,100.0,-7.0,7.0,8.0,31.0,3.0,24.677013,-7.0,1.0,1.0,40.157913,-8.0,7.0,2.0,1.3438392,71.0,0.0
59.69373,263.8408,7.0,100.0,44.819206,0.0,0.0,87.02916,71.19319,6.0,6.0,48.11462,2.0,33.0,7.0,0.0,0.0,72.01983,73.736755,12.0509,3.0,3.0,88.0,0.0
78.0,-9.0,4.0,45.826862,11.0,0.0,0.0,100.0,-7.0,7.0,8.0,3.9921904,2.0,73.74465,8.0,1.0,1.0,20.605656,56.825676,2.0,4.0,0.0,100.0,0.0
68.0,196.40897,3.0,78.75918,19.0,0.0,0.0,96.189644,21.231684,4.0,5.121278,20.0,1.0,18.97296,10.18143,0.0,0.0,67.51206,-8.0,4.221445,1.0,4.0,80.0,0.0
84.0,142.51317,16.0,93.08063,25.0,0.0,0.0,100.0,-7.0,7.0,8.0,24.0,0.0,24.14287,-7.0,0.0,0.0,18.0,7.953297,5.0,2.0,2.0,63.49923,0.0
87.0,347.05893,11.597466,168.42923,17.0,0.0,0.0,100.0,-7.0,7.0,8.0,8.0,0.0,24.0,22.46205,0.0,0.0,6.1040196,-8.0,4.0,1.0,0.0,55.790318,0.0
65.0,167.46115,10.0,37.825386,10.0,0.0,0.0,78.23398,37.10889,6.0,5.0,10.97906,0.0,28.0,-7.0,0.0,0.0,66.93433,-8.0,5.0,-8.0,0.0,83.0,0.0
77.0,56.68452,4.047402,55.32056,21.0,0.0,0.0,94.0,24.150047,6.0,6.0,16.0,1.0,8.694832,4.0,1.0,1.0,11.0,-8.0,4.0,1.0,0.0,29.579739,0.0
75.0,173.90971,17.0,63.246216,21.0,0.0,0.0,100.0,-7.0,7.0,8.0,20.075798,0.0,73.5723,0.0,2.0,1.0,27.84652,59.402878,3.0,5.0,0.0,83.51827,0.0
83.0,100.664,8.0,64.71031,39.0,0.0,0.0,100.0,-7.0,7.0,8.0,29.252527,3.0,32.011414,4.0,0.0,0.0,13.140079,72.32184,4.0,2.0,0.0,50.0,0.0
71.387405,6.199803,2.0,55.94524,27.0,1.0,0.0,94.0,4.0,0.0,4.5600166,28.835243,2.0,50.0,0.0,5.8896847,5.695757,2.0,-8.0,2.0,1.0,0.0,43.34428,0.0
87.0,254.18654,6.0,116.16397,17.0,0.0,0.0,100.0,-7.0,7.0,8.0,18.0,1.0,37.49878,12.0,0.0,0.0,0.6958356,68.18591,-9.0,1.0,0.0,39.282505,0.0
68.0,90.076385,7.0,56.712612,34.0,0.0,0.0,100.0,-7.0,7.0,8.0,31.0,2.0,52.88796,0.0,0.0,0.0,64.83746,86.477264,4.2457185,2.772144,2.0,97.1442,0.0
71.0,173.1544,4.9598722,71.07736,36.23416,0.0,0.0,97.0,33.097107,6.0,6.0,34.347523,5.0,40.0,1.0,2.0,2.0,56.186035,99.407936,5.0,3.0,1.0,82.355194,0.0
87.0,344.034,33.98512,103.69473,20.0,0.0,0.0,100.0,-7.0,7.0,8.0,16.0,0.0,36.74662,-7.0,0.0,0.0,4.0,46.213425,2.0,3.0,0.0,49.01132,0.0
81.0,611.59247,15.50917,140.13504,42.97801,0.0,0.0,96.0,-9.0,6.0,6.0,45.4213,0.0,36.0,0.0,0.0,0.0,0.0,18.794535,2.0,3.768247,0.0,33.11639,0.0
87.0,445.59824,9.0,111.71972,28.0,0.0,0.0,100.0,-7.0,7.0,8.0,60.81624,2.0,11.0,15.335035,0.0,0.0,13.0,-8.0,5.0,1.0,0.0,43.0,0.0
71.0,230.91422,7.0,70.07731,36.355022,0.0,0.0,100.0,-7.0,7.0,8.0,28.0,2.0,30.025093,0.0,2.0,2.0,19.124905,90.213646,6.0,6.0,0.0,83.0,0.0
87.0,130.81982,6.0,94.498695,22.0,0.0,0.0,100.0,-7.0,7.0,8.0,21.77578,3.0,50.0,7.256902,0.0,0.0,28.0,74.07491,2.0,2.0,0.0,86.0,0.0
90.29046,140.59514,26.489908,88.0532,9.0,0.0,0.0,100.0,-7.0,7.0,8.0,11.990774,0.0,18.0,3.1557891,0.0,0.0,0.0,-8.0,1.0,2.0,0.0,33.0,0.0
77.0,77.36636,12.733571,77.130424,-9.0,1.0,1.0,100.0,-7.0,7.0,8.0,0.4053258,1.0,40.0,-7.0,0.0,0.0,0.0,-8.0,0.0,1.0,0.0,29.270844,0.0
-9.0,-9.0,-9.0,-9.0,-9.0,-9.0,-9.0,-9.0,-9.0,-9.0,-9.0,-9.0,-9.0,-9.0,-9.0,-9.0,-9.0,-9.0,-9.0,-9.0,-9.0,-9.0,-9.0,0.0
82.0,-2.899391,4.0,44.779926,14.0,0.0,0.0,100.0,-7.0,7.0,8.0,14.0,2.0,30.64119,0.0,4.0,3.0,0.0,-0.6055599,1.0,2.0,0.0,33.0,0.0
81.0,393.65955,16.0,114.883736,26.0,0.0,0.0,100.0,-7.0,7.0,8.0,39.627262,0.0,37.243637,1.0,1.0,1.0,7.424818,-8.0,3.0,3.0,0.0,57.0,0.0
72.0,140.26881,2.0,44.463585,30.0,0.0,0.0,100.0,-7.0,7.0,8.0,22.448278,3.0,45.69289,0.0,2.0,2.0,11.64816,76.29886,4.0,4.861424,0.0,86.0,0.0
81.0,413.90833,4.0,110.375725,28.0,0.0,0.0,97.0,63.68214,6.0,6.0,30.0,2.0,32.0,3.0,2.0,2.0,0.0,46.168686,5.0,3.0,0.0,67.0,0.0
84.0,147.28806,12.0,57.70003,9.0,0.0,0.0,100.0,-7.0,7.0,8.0,8.0,1.0,50.0,-7.0,0.0,0.0,5.0,-8.0,2.0,1.0,0.0,94.208336,0.0
71.0,320.65497,2.0,77.0,16.0,0.0,0.0,88.0,66.41631,6.0,6.0,17.0,1.0,21.050909,4.0,1.0,1.0,28.0,-8.0,4.0,-9.0,2.0,100.0,0.0
-9.0,-9.0,-9.0,-9.0,-9.0,-9.0,-9.0,-9.0,-9.0,-9.0,-9.0,-9.0,-9.0,-9.0,-9.0,-9.0,-9.0,-9.0,-9.0,-9.0,-9.0,-9.0,-9.0,0.0
-9.0,-9.0,-9.0,-9.0,-9.0,-9.0,-9.0,-9.0,-9.0,-9.0,-9.0,-9.0,-9.0,-9.0,-9.0,-9.0,-9.0,-9.0,-9.0,-9.0,-9.0,-9.0,-9.0,0.0
89.0,178.90005,1.0,98.51799,15.0,0.0,0.0,100.0,-7.0,7.0,8.0,12.0,2.0,54.683903,0.0,1.0,1.0,2.0854092,64.82351,2.0,5.0,0.0,82.62793,0.0
76.0,71.97985,1.0,74.867714,12.261305,0.0,0.0,100.0,-7.0,7.0,8.0,3.9774573,2.0,8.646209,0.0,2.0,1.9220347,32.0,95.66246,4.0,1.0,1.0,62.75146,0.0
82.0,136.77919,6.0,63.0,39.47149,0.0,0.0,100.0,-7.0,7.0,8.0,49.56018,4.0,19.0,4.0,0.0,0.0,6.0,82.05113,2.0,2.0,0.0,35.97223,0.0
87.0,313.57584,10.0,151.69736,29.01214,0.0,0.0,100.0,-7.0,7.0,8.0,30.0,0.0,37.24704,8.217896,0.0,0.0,17.0,72.68604,3.0,3.0,0.0,78.461716,0.0
-9.0,-9.0,-9.0,-9.0,-9.0,-9.0,-9.0,-9.0,-9.0,-9.0,-9.0,-9.0,-9.0,-9.0,-9.0,-9.0,-9.0,-9.0,-9.0,-9.0,-9.0,-9.0,-9.0,0.0
69.864174,138.32704,6.0,83.755264,19.507816,0.0,0.0,90.0,22.143116,6.0,6.0,21.0,2.0,23.0,0.0,4.988444,5.0,34.146263,-8.0,7.0,1.0,1.0,63.150608,0.0
77.0,125.31304,3.0,42.434364,13.0,0.0,0.0,100.0,-7.0,7.0,8.0,17.0,6.0,21.7023,0.0,5.0,5.5789127,1.0,50.539978,5.0,2.0,0.0,57.0,0.0
83.112114,232.17438,16.071327,94.40386,17.007679,0.0,0.0,100.0,-7.0,7.0,8.0,19.86958,0.0,58.698368,22.515345,0.0,0.0,6.0,-8.0,1.0,2.0,0.0,29.172215,0.0
73.0,130.87967,0.55679226,56.404324,13.0,0.0,0.0,100.0,-7.0,7.0,8.0,5.6153584,2.0,7.917902,0.0,2.0,2.0,26.10578,-8.0,4.0,-8.0,2.0,45.443996,0.0
66.0,146.65607,7.0,72.0,22.0,1.0,0.0,96.0,18.575634,6.0,5.0,27.0,3.0,40.0,0.0,2.0,2.0,55.103626,-8.0,4.0,3.0,1.0,75.0,0.0
75.0,305.3193,2.0,119.71443,38.429955,0.0,0.0,100.0,-7.0,7.0,8.0,3.2193947,3.0,8.520972,6.0,1.0,1.0,38.806503,95.925766,6.0,2.0,0.82612216,41.881134,0.0
87.169136,418.86017,23.16468,145.87999,15.0,0.0,0.0,100.0,-7.0,7.0,8.0,18.855577,0.0,46.569046,0.0,0.0,0.0,14.463963,84.58917,2.0,2.0,0.0,64.0,0.0
70.0,176.17982,4.0,71.0,38.210796,1.0,1.0,92.0,67.93796,6.0,5.0,36.477474,6.0,27.0,0.0,17.971922,17.115318,15.32278,89.97678,6.0,4.0,0.19625881,50.0,0.0
74.0,176.03514,6.0,83.73743,13.0,0.0,0.0,100.0,-7.0,7.0,8.0,11.639923,1.0,18.313877,0.0,0.0,0.0,67.78951,41.242287,6.0,2.0,2.0,85.841896,0.0
78.0,130.86543,4.9892125,80.347885,17.0,0.0,0.0,94.0,72.47397,6.0,6.0,21.288336,2.0,28.0,0.0,5.0,5.103765,44.230385,-8.0,1.0,1.0,0.31706068,60.0,0.0
85.10457,178.56093,3.0,76.0,25.0,0.0,0.0,100.0,-7.0,7.0,8.0,29.0,3.0,54.45165,4.872496,0.0,0.0,9.0,97.46409,4.0,3.0,0.0,62.441124,0.0
70.0,-8.328876,5.0,0.706406,3.604841,0.0,0.0,82.867775,48.608635,6.0,6.0,6.704787,2.0,14.0,0.0,0.0,0.0,15.419928,-8.0,2.0,1.9393929,0.0,91.117,0.0
87.0,130.26299,13.0,92.37303,26.0,0.0,0.0,100.0,-7.0,7.0,8.0,18.0,0.0,10.405095,0.0,0.0,0.0,10.0,-8.0,4.0,-3.0156898,0.0,16.691471,0.0
77.0,216.09541,3.0,78.57865,46.264034,0.0,0.0,100.0,-7.0,6.0,6.0,56.262188,3.0,49.88081,2.0,2.0,2.0,6.0,-8.0,5.0,1.0,0.0,40.0,0.0
82.0,326.48727,15.0,114.39539,19.0,0.0,0.0,100.0,-7.0,7.0,8.0,17.0,0.0,15.380225,0.0,0.0,0.0,18.832119,86.24597,6.0,1.0,0.0,100.0,0.0
82.0,229.60112,8.0,91.637634,26.0,0.0,0.0,100.0,-7.0,7.0,8.0,28.642134,1.0,22.0,1.0,2.0,1.0,19.596256,69.295105,2.0,1.0,0.0,35.687958,0.0
81.0,313.90726,5.0,114.31407,14.0,0.0,0.0,89.80318,6.0,6.0,6.0,8.331351,1.0,42.0,-7.0,0.0,0.0,12.0,-8.0,4.497239,1.0,0.0,64.0,0.0
69.85396,421.77185,3.0,151.94833,40.984818,2.0,2.0,95.0,9.8352585,1.9227222,3.0,45.990948,2.0,25.0,0.0,2.0,1.0,10.270795,68.0768,5.0,2.0,0.0,45.343742,0.0
85.0,159.14551,11.0,93.0,32.0,0.0,0.0,100.0,-7.0,7.0,8.0,46.061558,1.0,57.45638,20.974028,0.0,0.0,19.064215,83.912315,1.5837976,2.0,0.0,67.0,0.0
84.0,330.8098,7.0,152.03908,20.0,0.0,0.0,97.0,72.09337,6.0,6.0,22.0,2.0,21.0,0.0,2.0,2.0,13.0,-8.0,4.0,1.0,0.0,50.0,0.0
76.0,165.5884,9.0,66.24534,33.0,0.0,0.0,100.0,-7.0,7.0,8.0,35.0,1.0,28.964283,0.0,0.0,0.0,7.0722966,71.0,6.0,3.7711575,1.0,50.0,0.0
69.0,153.9126,4.0,69.35517,14.0,2.0,1.0,88.0,29.293499,6.0,2.1625843,17.993412,2.0,33.0,2.0,1.7138072,1.0,49.02379,91.58113,4.0,3.0,0.0,73.0,0.0
81.0,213.77312,4.0,68.67155,17.0,0.0,0.0,100.0,-7.0,7.0,8.0,18.0,2.0,25.0,6.0,0.0,0.0,22.934933,-8.0,1.0,1.0,0.0,33.0,0.0
54.581192,165.70894,2.0,76.0,29.0,0.0,0.0,92.0,29.320457,5.0,6.0,31.843657,6.0,46.657795,0.0,2.0,2.0,92.72064,97.422485,6.0,3.0,5.3335285,89.17562,0.0
76.49327,196.46945,5.0,80.0,40.57434,0.0,0.0,100.0,-7.0,7.0,8.0,46.837635,1.1913078,27.0,1.0,1.0,1.0,21.0,54.78483,3.0,4.0,2.0,40.704292,0.0
68.60576,173.14629,8.0,55.001556,25.0,0.0,0.0,94.0,56.540363,6.0,6.0,23.0,4.0,18.0,0.0,0.0,0.0,48.774284,-8.0,5.0,-8.0,1.0,52.47105,0.0
72.0,-9.0,5.0,76.0,12.0,0.0,0.0,100.0,-7.0,7.0,8.0,-9.0,2.0,19.593452,-5.6643205,0.0,0.0,61.87612,-8.0,5.0,1.0,3.0,86.14713,0.0
80.0,229.95447,28.155243,105.634834,13.0,0.0,0.0,100.0,-7.0,7.0,8.0,15.0,0.0,25.136017,0.0,1.0,1.0,1.0,99.07235,1.0,2.0,0.0,50.0,0.0
85.0,155.40797,2.0,77.0,22.675512,0.0,0.0,100.0,-7.0,7.0,8.0,18.0,1.0,15.0,12.169527,0.0,0.0,19.9199,-8.0,4.0,1.0,0.0,50.0,0.0
89.0,277.1518,4.0,100.990746,20.0,0.0,0.0,100.0,-7.0,7.0,8.0,19.0,1.0,9.46575,-7.0,0.0,0.0,0.0,-8.0,3.0,-8.0,0.0,23.92097,0.0
77.0,103.50738,7.0,41.338852,18.0,1.0,0.0,94.86046,63.050938,6.0,3.2267892,21.0,3.0,42.0,0.0,2.052521,2.7336962,11.0,-8.0,1.0,2.0,0.0,41.46238,0.0
-9.0,-8.733053,-9.0,-9.0,-9.0,-9.0,-9.0,-9.0,-9.0,-9.0,-9.0,-9.0,-9.0,-9.0,-9.0,-9.0,-9.0,-9.0,-9.0,-9.0,-9.0,-9.0,-9.0,0.0
77.0,182.07042,4.0,68.0,19.0,2.0,0.0,90.86191,47.23982,6.0,3.0,23.0,3.0,43.6793,0.0,1.0,0.0,0.6618889,88.0,2.0,3.0,0.0,56.0,0.0
86.99783,128.88814,8.590686,88.73429,28.0,0.0,0.0,100.0,-7.0,7.0,8.0,33.46846,2.0,25.0,-7.0,0.0,0.0,2.0,-8.0,5.0,1.0,0.0,44.0,0.0
85.0,170.8602,2.0,76.0,22.0,0.0,0.0,100.0,-7.0,7.0,8.0,25.945436,1.0,36.0,20.172894,0.0,0.0,11.0,86.39162,1.0,4.0,0.0,60.0,0.0
69.0,498.7481,9.0,150.50336,22.0,2.894249,0.0,88.52663,31.726128,6.0,4.0,21.0,2.0,29.0,-7.0,0.0,0.0,16.0,46.417854,3.5581198,2.0,1.0,56.630188,0.0
81.0,146.5298,6.0,70.0,23.0,0.0,0.0,95.0,66.943695,6.0,6.0,25.0,1.0,42.0,0.0,4.0,4.0,3.0,92.73659,2.0,2.0,0.0,52.7988,0.0
86.0,365.46948,12.0,133.44072,44.240047,0.0,0.0,100.0,48.641968,6.0,6.0,61.907684,0.0,20.0,0.5286027,1.0,1.0,2.0,11.134879,3.0,2.0,0.0,39.305267,0.0
70.0,391.15454,31.767984,144.59486,6.0980897,0.22796637,0.0,83.70261,45.132782,6.0,4.0,9.0,0.0,21.0,-7.0,1.0,1.0,55.13089,-8.0,3.0,-8.0,0.0,88.0,0.0
-9.0,-9.0,-9.0,-9.0,-9.0,-9.0,-9.0,-9.0,-9.0,-9.0,-9.0,-9.0,-9.0,-9.0,-9.0,-9.0,-9.0,-9.0,-9.0,-9.0,-9.0,-9.0,-9.0,0.0
57.885498,113.66175,2.0,78.500374,9.0,1.0,1.0,82.995766,10.436638,4.0,6.0,9.352044,3.0,26.0,0.0,1.0,1.0,75.95723,84.04468,5.0,2.0,1.0,80.0,0.0
74.0,61.16981,9.0,77.884964,35.5109,0.0,0.0,100.0,-7.0,7.0,8.0,16.0,2.0,20.0,0.0,0.0,0.0,28.867939,71.0,8.0,1.0,0.0,43.0,0.0
62.0,268.98914,17.697763,84.0,25.245224,0.0,0.0,89.0,4.0,4.0,6.0,26.0,0.0,55.361214,0.0,3.0,3.0,31.101967,82.57823,6.0,4.0,1.0,71.82336,0.0
71.3614,209.69513,27.866966,126.800415,21.0,0.0,0.0,91.0,24.59623,6.0,6.0,22.419909,0.0,32.0,0.0,1.0,1.0,40.919773,-8.0,3.0,2.0,2.0,56.563602,0.0
88.621376,153.76953,12.828942,84.38924,21.0,0.0,0.0,100.0,-7.0,7.0,8.0,9.0,1.0,-9.0,15.463574,0.0,0.0,2.0,-8.0,3.0,-8.0,0.0,13.064112,0.0
61.71862,282.20035,2.0,114.36466,23.270231,2.72505,2.8458228,100.0,-7.0,7.0,8.0,18.0,3.0,31.0,0.0,2.0,2.0,18.055279,91.138275,1.0,4.0,0.0,57.0,0.0
58.227596,82.4506,6.0,15.462476,18.85841,0.0,0.0,100.0,-7.0,7.0,8.0,20.0,4.0,50.0,0.0,2.0,1.0,84.63906,52.87074,4.768125,3.0,2.0,86.33048,0.0
60.579906,135.154,4.0,49.58487,14.0,1.0,1.0,83.092285,8.028523,3.4630184,3.0,19.0,2.0,38.065506,-8.0,0.0,0.0,28.813087,-8.0,4.0,2.0,0.0,67.0,0.0
82.47195,362.8613,5.0,115.934494,30.0,0.0,0.0,94.0,-9.0,6.0,5.9237156,36.912415,2.0,53.820843,5.0,0.0,0.0,1.0,74.317276,2.0,3.0,0.0,40.0,0.0
75.0,260.3448,4.0,134.80641,29.0,0.0,0.0,100.0,-7.0,4.0,6.0,34.4801,1.0,46.80407,5.0,2.0,2.0,41.285294,67.72801,3.0,1.0,0.0,50.0,0.0
85.0,204.1986,30.923857,86.76659,28.105457,0.0,0.0,100.0,-7.0,7.0,8.0,38.364296,0.0,49.151524,18.720135,0.0,0.0,0.0,-8.0,-8.224711,2.0,0.0,33.0,0.0
74.70864,96.34098,5.0,54.16172,13.0,0.0,0.0,100.0,-7.0,7.0,8.0,15.0,1.0,25.0,-7.0,2.0,2.0,43.671303,91.55787,2.0,2.0,0.0,70.0,0.0
65.20038,165.07506,6.0,98.83863,33.832935,7.2267284,6.265744,80.072075,11.984133,4.0,-9.0,46.455154,2.0,48.90006,0.0,3.0,3.0,41.233025,75.656715,4.0,4.0,1.0,71.0,0.0
75.0,187.41338,4.0,81.9182,30.405888,0.0,0.0,100.0,-7.0,7.0,8.0,30.0,4.0,41.0,7.3182535,0.0,0.0,41.353836,86.041115,9.92774,8.237803,0.0,100.0,0.0
70.82299,208.96883,19.164509,63.0,24.0,0.0,0.0,100.0,-7.0,7.0,8.0,23.0,0.0,24.562256,0.0,8.958231,6.957154,66.15315,21.436388,6.0,1.0,1.0,50.0,0.0
70.68549,-9.0,4.0,47.49262,17.0,0.0,0.0,100.0,-7.0,6.0,8.0,11.0,1.0,53.274662,0.0,0.0,0.0,29.730251,76.942406,3.0,4.0,0.0,80.20349,0.0
89.14723,130.41447,17.0,71.0,13.0,0.0,0.0,100.0,-7.0,7.0,8.0,12.914414,0.0,27.0,-8.0,0.0,0.0,1.0,60.46247,0.14673086,2.0,0.0,50.0,0.0
86.0,183.38153,9.0,80.70962,28.0,0.0,0.0,100.0,10.152375,6.0,6.0,31.931108,2.0,33.0,0.0,0.0,0.0,1.0,-8.0,3.0,1.0,0.0,41.36864,0.0
86.0,226.1555,3.0,68.2756,22.0,0.0,0.0,100.0,-7.0,7.0,8.0,20.0,3.0,25.03021,6.0,0.0,0.0,4.3580875,-8.0,0.0,2.0,0.0,14.447414,0.0
76.5899,165.00983,6.0,71.59744,57.45259,0.0,0.0,100.0,-7.0,4.0,6.0,48.826595,2.0,54.99298,0.0,0.0,0.0,22.92523,90.31082,1.2234261,2.0,0.0,21.951832,0.0
81.0,152.55817,8.0,77.132645,20.0,0.0,0.0,100.0,-7.0,7.0,8.0,18.32429,1.0,54.641014,0.0,1.0,1.0,46.051918,-8.0,1.0,1.0,0.0,100.0,0.0
83.0,348.55563,17.0,116.9307,32.0,0.0,0.0,100.0,-7.0,7.0,8.0,27.849028,0.0,11.0,1.0,0.0,0.0,1.0,45.892857,5.7306714,3.0,0.0,28.278456,0.0
86.0,112.19585,7.0,63.296513,13.664475,0.0,0.0,100.0,-7.0,7.0,8.0,14.0,1.5510505,24.46671,-7.0,0.0,0.0,9.0,-8.0,3.0,-8.0,0.0,44.70553,0.0
71.0,204.82434,3.0,66.90982,25.630375,0.0,0.0,92.0,27.810127,6.0,6.0,23.0,4.0,42.963375,1.0,2.0,2.0,14.0,35.33358,5.0,3.0,0.0,70.0,0.0
69.0,138.97374,5.0,47.300144,13.398282,0.0,0.0,94.0,69.14869,6.0,6.0,11.692243,1.5215906,61.789448,0.0,1.0,1.0,82.52817,71.49359,2.0,3.0,2.0,75.0,0.0
82.0,132.25075,7.0,74.17671,38.91394,0.0,0.0,96.0,74.366714,6.0,6.0,45.510918,1.0,25.0,17.041641,0.0,0.0,2.0,56.073444,3.0,4.0,0.0,75.0,0.0
75.0,73.40909,3.0,83.0,40.76862,0.0,0.0,97.0,45.76074,6.0,6.0,-9.0,2.0,35.0,0.0,2.0,2.0,16.601341,100.0,8.0,4.0,1.0,88.0,0.0
-9.0,-9.0,-9.0,-9.0,-9.0,-9.0,-9.0,-9.0,-9.0,-9.0,-9.0,-9.0,-9.0,-9.0,-9.0,-9.0,-9.0,-9.0,-9.0,-9.0,-9.0,-9.0,-9.0,0.0
76.65461,114.98182,9.0,70.0,15.0,0.0,0.0,100.0,-7.0,7.0,8.0,24.0,0.0,11.0,-7.0,0.0,0.0,66.53359,78.901215,2.0,1.0,1.0,78.0,0.0
78.0,184.19649,2.0,75.0,34.0,0.0,0.0,100.0,-7.0,7.0,8.0,28.0,1.0,18.336319,0.0,1.0,1.0,30.814007,70.50455,5.0,3.0,1.0,74.06843,0.0
80.03,75.9426,7.0,41.951004,7.4723015,0.0,0.0,100.0,-7.0,7.0,8.0,9.0,1.0,42.0,1.0,2.0,1.0,0.0,93.0,1.0,2.0,-9.0,57.0,0.0
86.0,380.4804,12.0,94.0,23.837408,0.0,0.0,100.0,-7.0,7.0,8.0,21.0,0.0,14.359542,-8.2654,0.0,0.0,7.958069,-8.0,4.0,-3.2142332,0.0,40.0,0.0
2.0287182,154.05138,2.101124,38.469097,35.05313,0.0,0.0,96.0,17.059252,6.0,6.0,46.559273,5.8297257,49.76225,0.0,2.5384765,2.0,44.46928,58.39161,8.0,7.3132877,1.0,80.0,0.0
85.0,147.44756,4.0,61.00805,28.880192,0.0,0.0,100.0,-7.0,7.0,8.0,32.60794,2.0,17.0,2.0,1.0,1.0,0.0,74.32384,1.0,2.0,0.0,33.0,0.0
88.0,171.27806,28.241402,99.840355,29.19325,0.0,0.0,100.0,-7.0,7.0,8.0,45.317062,0.0,43.0,-8.0,0.0,0.0,3.0,-8.0,2.0,1.0,0.0,64.0,0.0
78.0,375.45615,5.0,102.70954,30.0,0.0,0.0,100.0,-7.0,7.0,8.0,38.602684,2.0,30.0,0.5856465,2.0,2.0,31.122786,53.44062,8.0,3.0,3.0,60.58534,0.0
63.003952,192.92363,20.229769,70.0,22.0,0.0,0.0,100.0,-7.0,7.0,8.0,32.0,0.0,40.800163,-8.0,2.0,2.0,92.56355,-8.0,5.0,1.0,3.6145372,100.0,0.0
79.0,205.88159,6.0,48.57634,14.0,0.0,0.0,100.0,-7.0,7.0,8.0,14.0,1.0,36.0,5.3259745,1.221237,1.0,36.0,84.222466,2.0,3.0,0.0,100.0,0.0
72.0,158.68848,3.0,57.329796,20.0,0.0,0.0,100.0,-7.0,7.0,8.0,7.0,2.0,36.316753,10.786056,0.0,0.0,40.923717,-8.0,2.0,1.0,2.0,57.373413,0.0
86.0,215.32927,7.0,62.630325,18.341604,0.0,0.0,100.0,-7.0,7.0,8.0,21.0,1.0,43.806854,3.0,1.0,1.0,0.0,-8.0,1.0,2.0,0.0,39.974754,0.0
69.0,82.911514,3.9495742,57.875366,24.781113,2.0,0.0,90.0,40.024742,6.0,4.1771636,25.507113,2.0,29.0,1.0,1.0,1.0,27.221048,87.01875,4.0,3.0,0.0,75.0,0.0
81.13051,151.97722,12.671257,78.71694,29.0,0.0,0.0,94.0,19.216747,6.0,6.0,26.0,0.0,44.771805,4.0,1.0,1.0,0.0,40.84991,1.0,2.0,0.0,30.7054,0.0
85.0,715.04175,5.0,106.798325,37.879337,0.0,0.0,100.0,-7.0,7.0,8.0,28.0,2.0,14.566803,0.0,2.0,2.0,5.0,62.93273,4.0,1.0,0.0,16.616646,0.0
68.0,412.3428,17.0,140.74274,17.0,0.0,0.0,80.31817,12.231809,6.0,6.0,16.0,0.0,29.0,0.0,1.0,1.0,10.0,-8.0,8.0,2.0,0.0,63.0,0.0
82.0,260.43283,5.2910767,44.900307,21.0,0.0,0.0,100.0,-7.0,7.0,8.0,31.0,6.0,33.0,6.0,0.0,0.0,1.0,82.0,2.0,3.0,0.0,50.0,0.0
66.24366,157.80112,17.0,88.04463,30.0,0.0,0.0,95.23808,12.272553,5.2855253,6.0,33.633022,0.0,41.0,0.0,1.0,1.0,72.16375,88.0,4.0,2.0,2.0,69.7936,0.0
84.0,199.70688,3.0,109.21183,27.0,0.0,0.0,100.0,9.528245,6.0,6.0,28.0,2.0,19.0,0.0,1.862963,1.0,1.0,-8.0,4.0,2.0,0.0,40.0,0.0
75.0,51.971794,1.2027291,29.314396,20.0,0.0,0.0,100.0,-7.0,7.0,8.0,25.019068,4.0,30.0,0.0,1.0,1.0,15.226388,-8.0,5.0,1.0,0.0,46.341145,0.0
65.0,304.95108,8.0,54.127983,9.0,0.0,0.0,100.0,-7.0,7.0,8.0,9.479505,1.0,44.657543,0.6410667,4.0,3.9554648,0.0,-8.0,1.0,1.0,-9.0,100.0,0.0
71.0,221.12737,2.0,115.015015,20.818539,0.0,0.0,100.0,-7.0,7.0,8.0,19.415634,2.0,17.0,0.0,2.0,1.3535061,59.468292,-8.0,6.0,1.0,2.0,83.02102,0.0
79.0,170.75674,2.0,97.90808,30.30986,0.0,0.0,100.0,-7.0,7.0,8.0,23.113855,1.0,0.0,1.0,2.0,2.0,11.975824,-8.0,6.0,-8.0,1.0,44.348076,0.0
74.20567,102.79263,2.0,43.46089,14.0,0.0,0.0,100.0,-7.0,7.0,8.0,14.0,3.0,53.96542,-7.0,3.0,2.0,33.735676,92.25996,2.0,3.0,0.0,74.27473,0.0
0.14755528,346.38956,2.0,69.04822,15.0,0.0,0.0,75.498566,5.5040455,4.0,4.6348825,18.0,2.0,50.0,-0.65005195,3.0,3.0,68.72792,60.90377,9.0,2.0,2.0,100.0,0.0
63.867367,163.90652,3.0,32.00809,12.0,2.0,1.066354,75.36498,51.168396,6.0,2.0,19.0,5.0,24.0,3.0,2.0,1.7154675,41.156338,53.4667,7.0,2.0,1.0,78.0,0.0
89.39616,196.38818,58.90529,117.92053,9.171746,0.0,0.0,100.0,-7.0,7.0,8.0,7.115718,0.0,10.630613,6.3111515,0.0,0.0,0.0,-8.0,1.0,1.0,0.0,23.411741,0.0
82.0,206.53552,18.408876,78.35591,38.217148,0.0,0.0,97.0,13.467864,4.0,6.0,32.797527,0.0,59.29694,13.110883,0.0,0.0,0.0,77.101135,1.0,3.0,0.0,30.131704,0.0
67.07272,161.49034,19.259464,97.0,14.0,3.96753,3.9612987,93.139854,21.417807,6.0,-6.6022935,-9.0,0.0,51.620995,0.0,0.0,0.0,59.526157,-8.0,3.0,2.0,0.0,90.35057,0.0
74.0,187.05267,16.269073,89.48825,20.38862,0.0,0.0,95.0,35.37814,6.0,5.0,20.0,0.0,17.0,21.805523,0.0,0.0,14.978324,24.506355,6.0,2.0,0.0,70.09193,0.0
76.0,173.16542,6.0,56.589428,38.320103,0.0,0.0,96.47287,37.975376,6.0,6.0,36.62528,3.0,36.0,5.3378997,0.0,0.0,11.39739,81.179436,5.0,7.638434,0.0,54.123295,0.0
73.97672,210.39401,14.0,93.0,1.0844516,1.0,1.0,100.0,-7.0,7.0,8.0,5.0165586,1.0,30.0,3.0,0.0,0.0,27.587202,-8.0,1.0,-8.0,1.0,57.0,0.0
67.4607,40.616936,8.191516,72.00557,13.316182,0.0,0.0,100.0,-7.0,7.0,8.0,8.0,1.0,38.250546,-7.0,4.0,3.0,33.295563,-8.0,5.0,2.0,4.0,91.70562,0.0
86.0,210.11404,70.8297,243.99326,20.0,0.0,0.0,100.0,-7.0,7.0,8.0,19.902979,0.0,30.0,7.614051,0.0,0.0,4.0,24.527683,1.0,3.0,0.0,56.0,0.0
68.0,205.88199,6.0,87.54367,44.36847,0.0,0.0,96.0,4.126523,6.0,6.0,47.79191,1.0,45.0,18.341024,0.0,0.0,46.58298,85.04271,10.258786,2.0,8.227902,75.0,0.0
78.87629,277.9041,5.79547,84.0,42.65979,0.0,0.0,97.0,25.484455,6.0,6.0,45.752373,2.0,32.705303,1.0,4.7003517,4.993663,4.0,-8.0,6.877204,1.0,0.0,45.124172,0.0
80.0,241.90091,2.0,85.60979,24.0,0.0,0.0,89.0,31.591146,6.0,6.0,29.559515,1.0,24.0,-8.0,0.0,0.0,0.0,88.52938,4.0,2.0,1.0,75.0,0.0
-9.0,-9.0,-9.0,-9.0,-9.0,-9.0,-9.0,-9.0,-9.0,-9.0,-9.0,-9.0,-9.0,-9.0,-9.0,-9.0,-9.0,-9.0,-9.0,-9.0,-9.0,-9.0,-9.0,0.0
71.0,92.3667,3.0,28.571175,18.47066,0.0,0.0,100.0,-7.0,7.0,8.0,23.0,1.0,21.265223,-8.0,2.0,2.0,22.658247,37.128902,4.0,3.0,1.0,60.0,0.0
89.0,242.28032,17.0,144.50401,30.0,0.0,0.0,100.0,-7.0,7.0,8.0,42.902958,0.0,19.0,12.0,0.0,0.0,3.0,56.61566,7.0,2.0,0.0,59.226204,0.0
79.0,135.90277,8.0,62.420616,36.457153,0.0,0.0,100.0,-7.0,7.0,8.0,48.3106,2.0,24.0,-7.8548813,1.0,1.0,19.0,92.13333,5.0,2.0,1.0,74.0099,0.0
-9.0,286.67575,6.0,154.36409,23.0,0.0,0.0,85.76584,6.0,4.0,6.0,20.810556,1.0,39.180912,0.0,4.0,4.7515783,82.888115,-8.0,13.650933,1.0,8.311901,100.0,0.0
81.0,189.67558,5.0,103.16079,10.0,0.0,0.0,90.0,39.48543,6.0,6.0,7.698355,1.0,14.0,-8.0,0.0,0.0,42.76552,-8.0,1.0,-8.0,1.0,38.0,0.0
79.0,113.27851,3.0,56.06493,21.611345,0.0,0.0,100.0,-7.0,7.0,8.0,23.0,2.0,21.518196,-7.0,3.0,3.0,15.953907,-8.0,2.0,1.0,0.0,40.0,0.0
86.0,187.94447,-9.0,80.656265,14.0,0.0,0.0,94.0,77.405396,6.0,6.0,16.0,1.0,39.885105,0.0,3.0,3.0,1.0,86.332344,0.53727627,3.0,0.0,48.427002,0.0
74.0,198.75636,-9.0,71.0,15.0,3.7553165,0.0,76.56434,47.822174,6.0,3.0,21.564604,4.0,19.0,0.0,2.0,2.0,24.745861,73.88667,1.0,2.0,1.0,33.0,0.0
74.0,185.71509,2.0,76.0,16.0,0.0,0.0,95.0,-2.6083791,6.0,6.0,14.0,3.0,30.13225,12.09417,0.0,0.0,25.0,92.084984,2.0,2.0,0.0,75.0,0.0
70.0,153.13492,10.0,46.560364,20.0,0.0,0.0,100.0,-7.0,7.0,8.0,25.749699,3.0,41.943096,0.0,2.0,1.8532938,62.381176,56.905804,5.0,1.0,2.0,97.58582,0.0
72.0,186.88547,7.0,86.348976,23.0,1.0,0.0,88.0,46.751278,6.0,2.0,30.0,2.0,42.11205,0.0,0.0,0.0,43.03771,70.63196,5.0,6.0,0.0,99.39538,0.0
-9.0,-9.0,-9.0,-9.0,-9.0,-9.0,-9.0,-9.0,-9.0,-9.0,-9.0,-9.0,-9.0,-9.0,-9.0,-9.0,-9.0,-9.0,-9.0,-9.0,-9.0,-9.0,-9.0,0.0
61.17844,249.80159,4.0,75.0,21.0,5.894839,4.007351,68.78503,18.238525,6.0,3.0,24.0,2.0,59.94448,5.0,0.0,0.0,36.0,89.2567,3.0,6.011053,0.0,78.0,0.0
85.0,313.1252,4.0,95.974075,27.0,0.0,0.0,100.0,-7.0,7.0,8.0,17.907879,2.0,7.5421467,-2.510988,0.0,0.0,19.0,-8.0,6.0,1.0,0.0,47.26972,0.0
71.0,148.09473,3.0,79.96485,42.58751,2.992604,2.0,96.0,30.755924,4.0,4.0,44.248688,3.2895017,25.0,0.0,1.0,1.0,36.80025,84.357544,8.0,3.0,0.0,56.0,0.0
81.0,138.61415,3.0,77.38356,24.0,0.0,0.0,100.0,34.176395,6.0,6.0,28.832094,1.0,39.0,0.0,0.0,0.0,13.0,80.03879,4.0,2.0,1.0,53.92023,0.0
74.0,139.81816,16.0,88.23945,12.0,1.0,2.0,82.95392,31.04533,6.0,2.0,0.7266447,0.0,50.0,-7.0,0.0,0.0,10.661986,82.86012,2.0,2.0,0.0,73.95661,0.0
55.637825,125.07096,2.0,81.92424,9.0,2.86393,1.0,69.0453,8.886784,6.0,4.0,15.0,1.0,61.990467,0.0,0.0,0.0,116.53727,83.85987,2.0,2.0,0.65229684,100.0,0.0
87.0,736.3985,22.471,169.59863,17.0,0.0,0.0,100.0,-7.0,7.0,8.0,15.705905,0.0,21.054743,-8.0,0.0,0.0,5.1700134,-8.0,5.0,-8.0,0.0,60.0,0.0
75.65265,373.4468,3.0,103.59717,19.0,0.0,0.0,100.0,-7.0,7.0,8.0,20.0,2.0,11.002268,7.0511165,2.0,1.0,36.70421,90.76489,9.0,2.0,2.0,88.179214,0.0
70.0,302.45322,3.0,94.04094,16.0,0.0,0.0,100.0,-7.0,6.0,8.0,7.0,2.0,41.0,7.0,1.0,1.0,93.92051,47.027637,4.0,3.0,2.0,80.0,0.0
74.0,310.86166,6.0,110.77103,39.542595,0.0,0.0,100.0,-7.0,7.0,8.0,40.6245,3.0,26.18052,4.0,2.0,2.0,27.894707,91.0,10.138282,2.0,0.0,60.0,0.0
82.0,207.54521,3.0,72.0,31.37293,0.0,0.0,100.0,-7.0,7.0,8.0,33.0,3.0,36.0,0.0,3.0,3.0,5.0,32.426197,4.0,4.0,0.0,58.202347,0.0
-9.0,186.97806,4.0,81.57984,12.063747,0.0,0.0,84.01225,27.061152,6.0,6.0,14.885565,3.0,25.705334,0.0,4.2576165,4.730429,51.79582,89.84873,7.0,2.0,1.871105,90.97389,0.0
80.0,487.8304,10.0,88.720894,30.0,0.0,0.0,97.0,18.060354,6.0,6.0,31.0,0.0,25.0,0.0,0.0,0.0,7.531124,-8.0,3.0,2.0,0.0,47.105637,0.0
68.0,310.43622,6.0,89.58111,24.0,1.0,1.0,96.0,46.87343,6.0,3.3061957,24.0,3.0,59.305077,1.0,1.0,1.0,106.530945,93.588066,3.0,3.0,2.7833738,91.58137,0.0
70.0,187.07396,6.0,94.0,15.0,3.0,2.288216,100.0,-7.0,7.0,8.0,13.911157,0.0,57.088955,-7.121792,0.0,0.0,18.867083,-8.0,3.0,1.0,0.0,88.0,0.0
89.0,376.17776,4.0,82.0,21.0,0.0,0.0,100.0,-7.0,7.0,8.0,22.0,2.0,10.361994,12.247018,0.0,0.0,8.345509,-8.0,3.0,-8.748021,0.0,21.338062,0.0
80.0,260.50967,-9.0,65.0,38.76215,0.0,0.0,100.0,-7.0,7.0,8.0,49.01516,10.110325,28.0,2.0,0.0,0.0,6.7861967,97.362816,3.0,2.0,0.0,50.0,0.0
68.0,190.8476,14.0,120.8169,4.5992637,2.1664796,0.0,66.11509,49.69204,6.0,2.6099925,4.918896,0.0,17.0,0.0,0.0,0.0,1.0,-8.0,1.0,1.0,0.0,100.0,0.0
86.0,435.6225,16.579271,99.5981,20.0,0.0,0.0,100.0,-7.0,7.0,8.0,23.0,0.0,22.0,0.0,0.98666954,0.0,10.0,-8.0,5.0,1.0,0.0,48.572384,0.0
80.0,122.050644,8.0,71.0,27.0,0.0,0.0,100.0,-7.0,7.0,8.0,26.094366,2.0,61.364666,0.0,0.0,0.0,24.072916,83.6525,4.0,4.0,1.0,64.26313,0.0
75.0,-9.0,3.0,56.881397,9.70693,0.0,0.0,86.484146,25.420368,6.0,6.0,9.0,1.0,8.752459,0.0,1.0,1.0,31.303892,70.51212,2.0,0.37640548,0.0,80.0,0.0
77.32432,146.45909,4.0,62.043484,33.2738,1.0,0.0,95.06911,24.073238,6.0,5.0,37.0,2.0,33.0,2.0,2.0,1.0,11.0,60.609886,7.0,2.0,0.0,57.0,0.0
72.0,147.66315,13.0,84.17672,10.0,0.0,0.0,87.03352,1.6087866,6.0,6.0,5.222142,0.0,33.0,0.0,4.0,3.8135924,0.0,52.088196,-9.0,2.0,-8.618145,38.0,0.0
79.19832,181.07329,5.0,61.0,13.0,0.0,0.0,100.0,-7.0,7.0,8.0,14.6228895,1.1067038,45.95055,0.0,0.0,0.0,25.0,97.9567,2.0,2.0,0.0,56.136726,0.0
28.795591,139.7387,8.0,94.0,38.39114,3.0,2.9444575,96.0,18.851072,6.0,5.0,30.28937,2.0,47.0,0.0,0.0,0.0,25.02523,91.0,4.0,3.9724655,1.0,50.0,0.0
-9.0,-9.0,-9.0,-9.0,-9.0,-9.0,-9.0,-9.0,-9.0,-9.0,-9.0,-9.0,-9.0,-9.0,-9.0,-9.0,-9.0,-9.0,-9.0,-9.0,-9.0,-9.0,-9.0,0.0
69.0,131.40811,1.0,68.77967,43.357494,2.0,1.4704459,95.0,23.826141,0.76338893,5.0,54.98969,3.0,28.824825,1.0,3.0,3.0,49.164173,71.49139,4.0,2.0,0.0,35.920525,0.0
79.0,337.35245,1.0,100.0,43.216537,0.0,0.0,96.0,34.267147,6.0,6.0,44.40856,5.0,28.196272,0.0,2.0,2.0,25.0,59.14093,9.434062,2.0,0.0,70.19441,0.0
80.0,384.79587,19.452402,89.959526,3.7338316,0.0,0.0,100.0,-7.0,7.0,8.0,0.2809194,0.0,28.91566,-8.0,0.0,0.0,59.78347,77.76186,2.0,2.0,-9.0,100.0,0.0
73.74524,162.32632,12.0,106.19388,14.0,1.0,1.0,100.0,-7.0,7.0,8.0,16.0,1.0,42.0,1.0,1.0,1.0,2.0,22.598967,3.0,2.0,0.0,80.0,0.0
90.0,190.43138,8.0,100.4035,24.482992,0.0,0.0,100.0,-7.0,7.0,8.0,29.179193,2.0,44.0,2.0,2.0,1.9896618,4.0,91.0,3.0,2.0,0.0,53.774323,0.0
77.0,119.28702,2.6585495,60.397057,15.0,0.0,0.0,96.71,44.83205,6.0,6.0,16.0,0.0,33.0,0.0,2.0,1.0,18.016077,-8.0,3.0,-8.0,0.0,50.0,0.0
-9.0,-9.0,-9.0,-9.0,-9.0,-9.0,-9.0,-9.0,-9.0,-9.0,-9.0,-9.0,-9.0,-9.0,-9.0,-9.0,-9.0,-9.0,-9.0,-9.0,-9.0,-9.0,-9.0,0.0
80.0,151.6968,5.0,70.0146,27.0,0.0,0.0,96.42885,20.844688,6.0,6.0,24.0,2.0,15.0,0.0,0.0,0.0,1.0,18.500296,3.0,1.3245263,0.0,33.790546,0.0
86.0,238.85149,6.0,106.93413,26.0,0.0,0.0,100.0,-7.0,7.0,8.0,27.0,1.0,33.595673,0.0,1.0,1.0,12.075259,62.707977,2.6835923,3.0,0.0,71.0,0.0
83.0,125.980156,15.0,86.00179,10.0,0.0,0.0,89.90564,18.267841,6.0,6.0,9.537289,0.0,39.00232,0.0,0.0,0.0,10.0,-8.0,2.0,1.0,0.0,50.0,0.0
87.0,279.223,15.0,198.88458,10.0,0.0,0.0,100.0,-7.0,7.0,8.0,11.0,0.0,37.0,-7.0,0.0,0.0,9.740488,-8.0,5.0,2.0,0.0,74.80078,0.0
86.0,243.56693,2.0,88.71151,33.591393,0.0,0.0,100.0,-7.0,7.0,8.0,27.047499,3.0,26.978804,0.0,2.0,1.0,4.0,88.0,5.0,4.0,0.0,54.601646,0.0
66.0,205.8235,-4.631818,92.0,10.0,1.0,0.0,61.13597,0.32086465,4.0,5.0,15.0,3.0,9.433595,0.0,0.0,0.0,18.0,-8.0,1.0,1.0,0.0,43.215576,0.0
75.0,179.59969,2.0,80.45792,39.18811,1.0,0.0,96.372505,24.726477,6.0,5.0,35.0,2.0,9.952674,0.0,4.0,3.6512952,5.299862,89.32944,4.0,2.0,0.0,37.57389,0.0
79.0,167.93227,5.0,108.821594,28.0,0.0,0.0,100.0,-7.0,7.0,8.0,-8.190851,1.0,38.225536,-7.0,0.0,0.0,37.0021,45.33654,4.0,2.0,0.0,75.0,0.0
89.566284,223.13113,15.635206,105.33929,14.0,0.0,0.0,100.0,-7.0,7.0,8.0,15.0,0.0,52.964523,0.0,1.0,1.0,3.0,-8.0,1.0,1.0,0.0,35.77619,0.0
87.0,217.86795,22.776941,103.32005,20.0,0.0,0.0,100.0,-7.0,7.0,8.0,15.0,0.0,35.0,-7.0,0.0,0.0,0.0,-8.0,1.0,1.0,0.0,20.511665,0.0
87.447556,195.265,10.0,65.0,27.0,0.0,0.0,100.0,-7.0,7.0,8.0,40.252865,1.0,29.0,0.0,2.0,2.0,7.0,-8.0,2.0,1.0,0.0,32.056793,0.0
76.0,199.43936,10.0,67.968765,36.0,0.0,0.0,96.0,21.735413,6.0,6.0,33.59304,0.0,42.0,0.0,1.0,1.0,22.979342,99.53963,7.0,2.0,0.0,60.0,0.0
73.0,289.6472,3.0,86.0,41.563572,0.0,0.0,99.42229,52.867798,4.0,6.0,43.455936,2.0,38.17943,20.695475,0.0,0.0,19.0,38.673046,1.0,3.0,0.0,63.0,0.0
77.0,174.42783,15.0,57.058186,14.0,0.0,0.0,100.0,-7.0,7.0,8.0,16.0,0.0,34.86249,3.0,1.0,1.0,31.98585,84.82562,3.0,4.0,0.0,63.0,0.0
-9.0,-9.0,-9.0,-9.0,-9.0,-9.0,-9.0,-9.0,-9.0,-9.0,-9.0,-9.0,-9.0,-9.0,-9.0,-9.0,-9.0,-9.0,-9.0,-9.0,-9.0,-9.0,-9.0,0.0
81.0,153.5126,9.0,81.84334,29.278067,0.0,0.0,100.0,-7.0,7.0,8.0,31.31116,1.0,36.0,2.0,0.0,0.0,6.0,-8.0,2.0,2.0,0.0,50.0,0.0
82.34427,295.20087,13.2267685,92.87432,31.0,1.0,0.0,95.0,25.607409,6.0,5.0,35.0,0.0,21.0,1.0,0.0,0.0,1.0343956,90.22052,3.0,1.0,0.0,43.0,0.0
76.0,341.6565,2.0,75.0,75.056946,0.0,0.0,100.0,-7.0,7.0,8.0,103.156425,8.231843,32.97913,-7.0,12.022471,10.757487,7.2788363,88.60551,4.0,7.746738,1.0,45.586697,0.0
87.0,195.2436,40.092915,92.0,10.0,0.0,0.0,100.0,-7.0,7.0,8.0,7.7921863,0.0,27.0,-7.0,0.0,0.0,19.0,56.94615,1.0,2.0,0.0,100.0,0.0
66.0,259.6988,24.145174,63.635914,11.0,0.0,0.0,83.41333,10.364199,4.0,5.0,12.456449,0.0,15.622858,-7.0,0.0,0.0,35.785923,-8.0,9.0,1.0,0.0,82.466515,0.0
80.84578,379.33575,7.0,94.25658,24.0,0.0,0.0,100.0,-7.0,7.0,8.0,28.0,1.8774827,22.0,0.0,0.0,0.0,26.734621,-8.0,2.0,2.0,2.0,39.51566,0.0
80.0249,281.09604,3.0,103.37552,60.215836,0.0,0.0,96.0,40.968334,6.0,6.0,63.23406,3.0,41.0,1.0,4.0,4.0,8.0,49.35826,6.0,2.6049623,0.0,71.0,0.0
65.636,143.73358,4.0,67.99662,20.0,0.0,0.0,95.0,8.555791,5.0,6.0,22.939651,2.0,29.0,0.0,0.0,0.0,16.076792,93.0,1.0,2.0,0.0,57.0,0.0
85.31091,245.68842,62.24317,105.37544,11.0,0.0,0.0,100.0,-7.0,7.0,8.0,15.29212,0.0,20.832088,-8.0,0.0,0.0,8.746757,-8.0,3.0,1.0,0.0,80.0,0.0
78.0,306.3543,4.0,116.66667,31.043287,1.0,1.0,97.0,13.603194,6.0,4.0,30.0,2.0,33.0,0.0,2.0,2.0,25.78016,-8.0,4.0,2.257006,0.0,50.0,0.0
77.0,310.22552,6.0,143.32927,24.266396,0.0,0.0,100.0,-7.0,7.0,8.0,28.0,3.0,17.0,-7.0,0.0,0.0,51.519997,-8.0,4.0,1.0,1.0,75.0,0.0
71.0,104.44549,16.0,81.0,10.0,0.0,0.0,76.76715,6.0,4.0,5.0,8.967265,0.0,13.0,0.0,0.0,0.0,32.0,-8.0,2.0,1.0,0.26889527,45.59193,0.0
-9.0,-9.0,-9.0,-9.0,-9.0,-9.0,-9.0,-9.0,-9.0,-9.0,-9.0,-9.0,-9.0,-9.0,-9.0,-9.0,-9.0,-9.0,-9.0,-9.0,-9.0,-9.0,-9.0,0.0
-9.0,-9.0,-9.0,-9.0,-9.0,-9.0,-9.0,-9.0,-9.0,-9.0,-9.0,-9.0,-9.0,-9.0,-9.0,-9.0,-9.0,-9.0,-9.0,-9.0,-9.0,-9.0,-9.0,0.0
85.984184,176.19957,2.0,73.02376,28.712273,0.0,0.0,100.0,-7.0,7.0,8.0,25.57632,2.0,15.0,0.0,0.0,0.0,0.0,-8.0,2.0,2.0,0.0,42.649044,0.0
81.0,238.89127,3.5541284,100.0,24.225489,0.0,0.0,100.0,-7.0,7.0,8.0,25.0,2.0,42.0,-8.0,0.0,0.0,40.987793,71.0,5.0,2.0,1.0,75.0,0.0
86.995384,332.18536,8.0,98.07821,31.823809,0.0,0.0,100.0,-7.0,7.0,8.0,32.900272,3.0,42.0,0.0,1.0,1.0,8.753934,-8.0,3.0,2.0,0.0,50.549213,0.0
62.07703,125.7078,1.0,71.79341,26.0,0.0,0.0,85.74201,-7.0,4.0,5.9090986,29.0,2.0,40.0,2.296693,1.0,1.0,18.0,98.85426,9.0,2.0,3.0,74.36935,0.0
70.0,19.728071,3.0,29.848244,17.0,0.0,0.0,85.05722,3.544386,4.0,6.0,17.0,4.0,58.379326,0.0,0.0,0.0,12.0,77.111565,1.0,4.7337427,0.0,75.0,0.0
79.0,463.34952,6.0,90.656685,28.0,0.0,0.0,88.0,25.18635,6.0,6.0,34.0,2.0,41.682625,0.0,6.7153296,5.974031,4.2357864,63.75357,3.0,2.0,0.0,36.681755,0.0
87.0,372.98373,4.0,105.74236,46.033524,0.0,0.0,100.0,-7.0,7.0,8.0,47.975216,6.0,33.0,1.0,1.0,1.0,9.066844,88.08589,4.0,5.5161576,0.0,58.0,0.0
86.0,404.0308,8.0,144.16304,39.228016,0.0,0.0,100.0,-7.0,7.0,8.0,39.37899,2.0,21.0,0.0,0.0,0.0,8.0,-8.0,2.0,2.0,0.0,37.2914,0.0
80.0,190.81953,10.0,127.40907,13.0,0.0,0.0,88.0,9.387352,4.0,6.0,14.0,1.0,52.076336,-7.0,0.0,0.0,2.0,80.74578,2.0,2.0,0.0,100.0,0.0
74.0,146.97115,4.0,88.380745,27.0,0.0,0.0,97.0,77.411415,6.0,6.0,29.566359,1.0,27.0,0.0,0.0,0.0,19.42277,82.691025,5.0,2.0,0.0,45.56576,0.0
88.28267,366.03824,5.0,118.93643,26.0,0.0,0.0,100.0,-7.0,7.0,8.0,31.987381,2.0,41.477947,-7.0,0.0,0.0,6.0,115.009834,3.0,2.0,0.0,50.0,0.0
80.0,229.8934,13.441837,75.0,56.494205,0.0,0.0,100.0,-7.0,7.0,8.0,58.816765,0.0,15.0,2.0,3.0,3.0,12.0,-8.0,3.0,1.0,1.0,26.878506,0.0
77.0,370.97815,12.0,108.50352,13.0,0.0,0.0,100.0,-7.0,7.0,8.0,15.0,0.0,28.0,6.017272,0.0,0.0,72.81146,100.0,7.7464046,2.0,3.0,100.0,0.0
82.0,131.1644,3.0,51.047276,6.0,0.0,0.0,95.67005,46.257206,6.0,6.0,16.0,2.0,22.0,-4.507072,2.0,2.0,1.0,93.0,1.0,2.0,0.0,60.0,0.0
73.2819,115.22786,11.0,77.0,15.0,0.0,0.0,94.56294,74.56585,6.0,6.0,19.0,2.0,33.926926,1.0913291,6.102858,5.0,47.503036,50.94719,5.0,2.0,1.0,100.0,0.0
78.0,117.653786,20.0,55.79057,7.0,0.0,0.0,100.0,-7.0,7.0,8.0,8.99209,0.0,33.0,-6.600536,0.0,0.0,25.0,76.851814,3.0,2.0,0.0,100.0,0.0
71.0,260.12915,2.0,83.6341,49.46622,0.0,0.0,100.0,-7.0,7.0,8.0,49.8473,5.0,21.763906,0.0,3.0,2.2148113,30.116325,-8.0,7.0,3.0,2.9493148,48.915302,0.0
86.0,151.66219,3.0,61.0,24.0,0.0,0.0,100.0,-7.0,7.0,8.0,25.0,4.0,46.0,3.221158,0.0,0.0,9.0,-8.0,2.0,2.0,0.0,40.0,0.0
80.0,193.46852,3.0,67.393776,18.0,0.0,0.0,100.0,-7.0,7.0,8.0,19.0,3.0,20.0,0.0,0.0,0.0,22.219444,90.51345,3.0,2.0,0.0,38.0,0.0
64.0,275.25516,7.0,88.379456,33.94594,0.0,0.0,87.632484,7.885533,6.0,6.0,36.75809,1.0,33.0,0.0,1.0,1.0,60.94245,91.42914,7.0,3.0,1.0,71.0,0.0
86.0,-6.37364,11.0,111.87112,20.0,0.0,0.0,100.0,-7.0,7.0,8.0,0.86261135,1.0,14.476333,0.0,0.0,0.0,24.530724,-8.0,2.0,1.0,0.0,52.90367,0.0
81.0,208.21857,9.0,103.14402,21.0,0.0,0.0,98.422745,-7.0,6.0,6.0,21.0,1.0,29.0,0.0,0.0,0.0,28.0,80.0,2.0,2.0,0.0,42.880554,0.0
90.816734,73.44322,17.619356,90.76743,9.0,0.0,0.0,100.0,-7.0,7.0,8.0,1.349051,0.0,65.592995,1.0,1.0,1.0,-3.323307,-8.0,-9.0,-9.0,0.0,16.94957,0.0
70.0,190.69101,3.0,64.19099,38.055313,0.0,0.0,90.92655,33.65756,6.0,6.0,35.65077,4.0,45.348846,2.0,4.0,4.2149587,16.0,84.000755,5.0,3.0,1.0,50.0,0.0
-9.0,304.6961,9.263149,77.0,23.213997,1.0,0.0,83.306145,0.30676523,-9.0,3.7639375,26.476835,3.0,35.36298,5.0,1.0,1.0,46.51696,-8.0,5.0,1.0,1.0,67.0,0.0
82.0,142.41066,4.0,112.14498,25.0,1.0,1.0,100.0,-7.0,4.563689,6.0,23.803658,1.0,9.865355,0.0,1.0,1.0,7.3796024,-8.0,3.0,1.0,0.0,44.0,0.0
75.0,280.07224,17.0,88.80447,10.0,0.0,0.0,100.0,-7.0,7.0,8.0,12.189109,0.0,40.0,-8.0,0.0,0.0,65.05942,65.07757,3.0,1.0,3.0,80.0,0.0
78.0,432.66333,5.53974,135.33177,10.591955,1.0,1.0,100.0,-7.0,7.0,8.0,14.0,1.0,30.247072,3.0,0.0,1.0,9.0,-8.0,2.0586834,1.0,0.0,86.0,0.0
79.0,190.69261,8.0,82.0,22.0,0.0,0.0,100.0,-7.0,7.0,8.0,19.0,2.0,33.0,0.0,0.0,0.0,17.0,98.02515,2.0,3.0,0.0,67.0,0.0
81.0,119.029564,3.0,31.125582,33.49122,0.0,0.0,100.0,-7.0,7.0,8.0,38.0,4.0,35.0,1.0,1.0,1.0,1.0,48.470413,2.0,2.0,0.0,30.103981,0.0
83.0,53.84452,2.0,64.131546,9.0,1.0,1.0,100.0,-7.0,7.0,8.0,15.0,1.0,47.0,18.113537,0.0,0.0,0.23749669,69.71919,0.0,3.0,0.0,53.176624,0.0
81.0,113.21136,3.0,65.0,21.0,0.0,0.0,100.0,-7.0,7.0,8.0,5.5959516,4.5842805,22.195168,0.0,1.4231942,1.0,0.0,-8.0,2.0,2.0,0.0,12.779547,0.0
68.0,316.56482,22.06635,91.89879,24.0,0.0,0.0,79.63048,4.0,4.0,6.0,26.0,0.0,43.0,7.1584344,1.0,1.0,38.046955,57.162533,4.0,3.0,1.0,69.08056,0.0
-9.0,-9.0,-9.0,-9.0,-9.0,-9.0,-9.0,-9.0,-9.0,-9.0,-9.0,-9.0,-9.0,-9.0,-9.0,-9.0,-9.0,-9.0,-9.0,-9.0,-9.0,-9.0,-9.0,0.0
68.3497,156.9521,52.528477,74.31335,19.0,0.0,0.0,80.58131,28.4645,6.0,5.0,20.0,0.0,54.819344,-7.0,0.0,0.0,67.86051,42.99615,6.0,6.0,1.1643313,100.0,0.0
77.0,75.649704,3.0,103.21388,18.0,0.0,0.0,94.131874,31.88149,6.0,6.0,20.0,1.0,30.0,1.0,3.3213844,3.4431577,15.047776,-8.0,3.0,1.0,0.0,47.268593,0.0
73.0,219.4413,4.0,71.0,23.0,0.0,0.0,100.0,-7.0,7.0,8.0,22.53252,2.0,55.551506,0.0,1.4950646,2.0,52.40049,91.63891,3.0,2.0,0.0,80.0,0.0
68.84811,139.85269,5.0,62.294422,33.50259,2.0,0.0,86.75221,1.0,5.094922,3.0,37.0,1.0,33.0,13.8249235,0.0,0.0,16.35347,97.97535,2.0,2.0,0.0,41.71434,0.0
79.0,146.43747,6.0,62.295673,43.052902,0.0,0.0,100.0,-7.0,7.0,8.0,42.654083,3.4354033,50.0,0.0,2.0,1.0,11.175754,77.13796,4.0,16.726925,0.0,75.0,0.0
71.182846,396.5921,3.0,86.132706,24.924273,1.0,1.0,88.0,24.53689,6.0,2.0,20.0,3.0,29.951363,1.0,1.0,1.0,18.0,-8.0,2.0,1.0,0.0,60.0,0.0
79.0,324.26843,3.0,108.98306,21.0,0.0,0.0,100.0,-7.0,7.0,8.0,26.0,1.0,24.0,-7.0,1.0,1.0,15.93412,-8.0,4.0,1.0,1.0,80.0,0.0
78.0,207.14488,29.498207,111.21279,15.0,0.0,0.0,100.0,-7.0,7.0,8.0,12.752221,0.0,21.0,0.0,1.0,1.0,57.26343,53.353943,2.0,2.0,1.0,46.22579,0.0
67.6258,244.23805,9.0,78.94661,29.0,1.0,0.0,88.0,3.0,4.0,5.0,23.578075,2.0,17.770582,13.372659,0.0,0.0,22.830276,-8.0,9.0,1.0,0.0,54.959637,0.0
87.0,273.8592,13.0,95.24839,17.0,0.0,0.0,100.0,-7.0,7.0,8.0,7.0,0.0,24.92529,4.0,1.0,1.0,3.0,-8.0,3.0,1.0,0.0,44.0,0.0
67.0,213.92398,3.0,94.0,18.0,1.0,1.0,88.84119,6.0962324,-5.6789274,5.0,22.0,1.0,31.0,0.0,2.0,2.0,0.0,74.74647,2.0,2.0,0.0,41.987457,0.0
77.0,214.76129,3.0,62.734818,30.0,0.0,0.0,100.0,-7.0,6.0,7.2482247,32.117943,3.0,50.0,0.0,1.0,1.0,24.60766,73.33571,3.0,2.0,0.0,56.0,0.0
80.82414,164.72519,3.0,78.22903,19.0,0.0,0.0,96.0,29.209461,6.0,6.0,8.749539,1.0,45.450676,1.0,2.0,2.0,6.0,94.053795,2.0,4.0,0.0,67.0,0.0
80.0,253.79489,12.0,73.76331,17.0,0.0,0.0,100.0,-7.0,7.0,8.0,18.557055,0.0,40.0,-7.0,0.0,0.0,34.474586,23.58947,4.0,2.0,1.0,67.0,0.0
70.0,201.73004,15.0,116.91806,48.04586,0.0,0.0,97.144066,48.21854,6.0,6.0,55.796017,0.0,5.7017875,0.0,1.0,1.0,45.157475,76.24106,21.921265,2.0,3.8746223,67.0,0.0
89.0,254.30484,17.0,152.82448,-9.0,0.0,0.0,100.0,-7.0,7.0,8.0,7.9552855,0.0,8.515097,11.6515665,0.0,0.0,16.0,-8.0,2.0,-8.0,0.0,71.0,0.0
85.0,288.34845,162.21559,146.63237,14.0,0.0,0.0,92.0,49.324562,6.0,6.0,15.0,0.0,61.78774,1.0,0.0,0.0,0.0,-8.0,1.0,1.0,0.0,38.0,0.0
59.63676,110.16459,22.393087,54.084564,15.0,0.0,0.0,92.0,4.508679,3.3370187,6.0,10.737931,0.0,59.972874,-6.0032754,0.0,0.0,44.247616,93.46699,3.0,3.0,1.0,85.06677,0.0
84.0,148.254,3.0,62.23265,18.0,0.0,0.0,100.0,-7.0,7.0,8.0,14.0,2.0,57.692524,6.9054093,0.0,0.0,1.0,98.472046,1.1011851,3.0,0.0,100.0,0.0
72.0,142.70467,19.52931,77.0,22.0,0.0,0.0,94.0,45.730618,6.0,5.0,19.995155,0.0,3.1341765,5.2160225,0.0,0.0,13.120208,-8.0,7.0,1.0,1.0,59.46665,0.0
71.0,181.67589,10.238404,78.63884,18.0,1.0,0.0,93.21546,4.107063,3.6341114,4.0,20.808315,0.0,12.361148,0.0,2.0,1.0526466,34.974583,-8.0,2.0,1.0,0.0,25.86199,0.0
86.0,208.05109,4.0,97.19241,12.0,0.0,0.0,100.0,-7.0,7.0,8.0,15.0,1.0,25.0,0.0,1.0,1.0,25.948462,63.58905,3.0,2.0,0.0,72.255394,0.0
-9.0,-9.0,-9.0,-9.0,-9.0,-9.0,-9.0,-9.0,-9.0,-9.0,-9.0,-9.0,-9.0,-9.0,-9.0,-9.0,-9.0,-9.0,-9.0,-9.0,-9.0,-9.0,-9.0,0.0
81.0,278.44388,6.0,164.89677,18.814949,0.0,0.0,89.0,77.69772,6.0,6.0,20.125305,3.0,29.0,8.592213,0.0,0.0,22.963087,-8.0,6.0,-8.0,0.0,64.0,0.0
75.7518,196.91377,8.048932,86.0,11.5982485,1.1990352,2.0,92.0,75.31253,6.0,-3.061144,12.027737,1.0,40.703857,5.0,1.0,1.0,13.06121,-8.0,1.0,2.0,0.0,64.0,0.0
75.0,264.36935,4.0,68.0,25.0,0.0,0.0,94.1165,19.823784,6.0,6.0,26.0,2.0,24.0,-7.0,1.0,0.0,0.0,48.20982,1.0,1.0,0.0,31.446667,0.0
82.0,167.19328,8.004756,58.0,18.220232,0.0,0.0,100.0,-7.0,7.0,8.0,20.0,2.0,24.0,9.0,0.0,0.0,1.0,58.254032,1.0,2.0,0.0,42.482143,0.0
68.0,206.66483,8.0,65.0,30.0,0.0,0.0,85.255104,5.652307,6.0,6.0,41.45839,3.0,57.21811,6.0,1.5019865,1.0,19.0,97.835686,4.0,4.0,0.0863754,79.197426,0.0
74.651184,182.10599,40.26406,127.67806,11.249474,1.0,0.0,71.53531,32.556282,6.0,2.0,11.0,0.0,25.0,0.0,0.0,0.0,2.0,-8.0,2.0,1.0,0.0,70.9033,0.0
68.0,157.48935,31.810282,86.775505,4.8441,0.0,0.0,75.53097,6.0,6.0,6.0,-9.0,0.0,51.11161,14.987262,0.0,0.0,28.014301,23.097132,1.0,3.0,0.0,100.0,0.0
89.5132,380.48077,5.0,150.9135,15.787762,0.0,0.0,100.0,-7.0,7.0,8.0,20.0,1.0,49.136837,1.0,2.0,2.0,0.0,24.972488,1.0,-8.0,0.0,24.082708,0.0
82.0,221.58919,2.5496616,68.0,18.0,0.0,0.0,100.0,-7.0,7.0,8.0,18.0,3.0,24.0,1.0,1.0,1.0,15.048402,-8.0,2.0,1.0,0.0,30.049736,0.0
79.054146,162.3622,3.0,93.57497,44.302555,0.0,0.0,100.0,-7.0,7.0,8.0,52.038467,3.0,23.189892,3.0,1.0,1.0,21.20456,47.920418,5.1915708,3.0,1.0,50.0,0.0
72.0,199.15054,10.191785,81.0,19.0,2.0,1.0,80.765854,10.952152,6.0,2.0,20.0,2.0,47.0,0.0,0.0,0.0,2.9027297,71.0,2.0,3.0,0.0,44.3226,0.0
57.552635,275.96832,13.0,118.76871,6.3326592,2.0,1.0,62.787525,-7.0,3.0,5.0,7.0,0.0,45.0,0.0,0.0,0.0,83.20434,-8.0,2.0,1.0,2.0,100.0,0.0
81.0,295.52332,14.0,137.239,19.0,0.0,0.0,100.0,-7.0,7.0,8.0,12.91498,0.0,20.0,8.173443,0.0,0.0,52.43121,41.81583,4.0,1.0,0.0,80.0,0.0
81.0,117.33106,4.0,102.926796,23.001043,1.0,0.0,96.0,80.74685,6.0,5.0,32.954834,2.0,11.307284,2.0,3.5701594,3.0,5.0,-8.0,1.0403243,1.0,0.0,33.0,0.0
87.0,419.86835,5.0,103.91074,16.746494,0.0,0.0,100.0,-7.0,7.0,8.0,19.0,2.0,50.0,-7.0,1.0,1.0,1.0,-8.0,2.0,1.0,0.0,33.0,0.0
83.0,190.32104,2.0,65.85994,19.0,0.0,0.0,100.0,-7.0,7.0,8.0,22.012976,6.0,20.0,0.0,2.0,1.0,0.6353201,43.33481,2.0,1.0,0.0,67.0,0.0
62.0,272.18854,8.0,72.41184,44.883205,0.0,0.0,100.0,-7.0,7.0,8.0,40.927464,4.0,26.0,0.0,2.0,2.0,55.29536,62.607925,6.0,2.0,4.0,71.0,0.0
-9.0,-9.0,-9.0,-9.0,-9.0,-9.0,-9.0,-9.0,-9.0,-9.0,-9.0,-9.0,-9.0,-9.0,-9.0,-9.0,-9.0,-9.0,-9.0,-9.0,-9.0,-9.0,-9.0,0.0
60.80915,205.36227,2.0,68.0,33.218624,0.0,0.0,97.0,3.5699315,6.0,6.0,35.28408,5.0,24.0,0.0,2.0,1.0,4.0,44.525635,4.0,6.0,1.0,57.0,0.0
64.1777,312.5338,3.0,145.58418,26.972439,0.0,0.0,75.008965,38.328064,6.0,6.0,31.90228,1.0,41.485382,0.0,4.0,3.0,32.40773,73.589836,3.0,3.0,0.0,67.0,0.0
-9.0,-9.0,-9.0,-9.0,-9.0,-9.0,-9.0,-9.0,-9.0,-9.0,-9.0,-9.0,-9.0,-9.0,-9.0,-9.0,-9.0,-9.0,-9.0,-9.0,-9.0,-9.0,-9.0,0.0
77.0,198.40547,4.0,84.0,31.298765,0.0,0.0,100.0,-7.0,7.0,8.0,31.0,1.0,55.059776,0.0,0.0,0.0,55.49769,90.41232,1.0,7.4835014,0.0,67.0,0.0
68.54073,123.035545,2.0,54.452766,27.0,2.0,1.0,77.39564,49.626087,6.0,3.0,35.0,2.0,22.0,-7.0,2.0,2.0,27.152872,-8.0,7.0,1.0,2.0,50.0,0.0
71.0,285.15247,6.0,82.11555,16.0,4.721555,0.0,83.926636,38.13988,6.0,2.0,20.0,1.0,45.0,0.0,1.0,0.0,34.051304,37.482502,2.0,2.0,0.0,83.0,0.0
81.0,144.20381,20.0,94.0,14.0,0.0,0.0,100.0,-7.0,7.0,8.0,1.9242132,0.0,24.0,19.303852,0.0,0.0,50.81588,89.67694,3.0,2.0,0.0,84.98543,0.0
73.0,169.0258,2.0,88.94316,39.0,0.0,0.0,90.32951,4.2012653,6.0,6.0,29.078802,1.0,20.0,-7.0,2.0,1.0,21.0,-8.0,3.0,1.0,0.0,50.0,0.0
90.73045,406.08115,7.0,179.55334,14.0,0.0,0.0,92.99939,58.904816,6.0,6.0,20.0,1.0,42.0,20.603386,0.0,0.0,7.217282,23.92262,3.0,2.0,0.0,71.0,0.0
86.05085,241.84097,15.0,80.40719,25.0,0.0,0.0,100.0,-7.0,7.0,8.0,28.0,0.0,23.205957,0.0,0.0,0.0,9.0,80.0,3.0,2.0,0.0,38.0,0.0
82.0,113.75145,15.0,33.12952,3.9405499,0.0,0.0,100.0,-7.0,7.0,8.0,8.0,0.47793788,-9.0,-7.0,0.0,0.0,10.533655,-8.0,2.0,1.0,0.0,100.0,0.0
79.0,271.14413,3.0,97.31251,46.10774,0.0,0.0,100.0,-7.0,7.0,8.0,46.5815,3.0,32.62644,7.0,1.0,1.0,28.020891,71.22253,5.005847,3.0,1.0,63.35973,0.0
59.055416,123.694336,3.0,41.67384,21.0,1.0,0.0,82.94946,3.187056,4.0,5.0,24.0,4.0,44.0,0.0,3.0,2.0,72.08947,48.263233,4.0,4.0,3.0,86.0,0.0
89.0,148.37798,20.675116,100.0344,22.0,0.0,0.0,100.0,-7.0,7.0,8.0,22.0,0.0,37.0,8.0,0.0,0.0,1.0,-8.0,1.0,4.0,0.0,40.0,0.0
71.0,191.64148,3.0,65.04189,13.8680525,0.0,0.0,88.0,25.404604,6.0,5.0,16.0,2.0,38.880043,2.0,2.0,2.0,29.56758,70.9419,2.1962852,3.0,0.0,67.0,0.0
83.0,216.4658,11.0,110.202614,13.0,0.0,0.0,100.0,-7.0,7.0,8.0,16.0,1.0,8.05035,0.0,4.0,4.0,64.262886,-8.0,1.0,1.0,0.0,46.72054,0.0
64.57322,114.914764,5.0,57.485863,23.0,1.0,1.0,100.0,-7.0,7.0,8.0,23.0,3.0,58.88122,0.0,1.0,1.0,54.857376,94.92417,4.0,2.0,1.0,100.0,0.0
71.0,125.64428,10.0,60.552517,21.0,1.1819509,0.0,70.65389,25.123415,6.0,2.1306543,23.891537,1.0,28.011833,0.0,0.0,0.0,36.0,88.0,4.0,2.0,0.0,60.0,0.0
75.0,195.17175,1.0,49.485855,34.0,0.0,0.0,100.0,-7.0,7.0,8.0,39.959976,5.8990474,33.0,-7.0,0.0,0.0,8.0,38.38067,5.0,3.0,0.4967148,54.580315,0.0
79.0,65.94063,3.0,29.010225,13.148988,0.0,0.0,92.14408,31.719797,6.0,6.0,15.048742,6.0,33.0,7.0,0.0,0.0,1.7947022,50.376713,2.0,2.0,0.0,50.0,0.0
-9.0,-9.0,-9.0,9.3293915,-9.0,-9.0,-9.0,-9.0,-9.0,-9.0,-9.0,-9.0,-9.0,-9.0,-9.0,-9.0,-9.0,-9.0,-9.0,-9.0,-9.0,-9.0,-9.0,0.0
89.0,268.9032,11.0,84.0,38.27865,0.0,0.0,100.0,-7.0,7.0,8.0,38.0,1.0,19.0,1.0,0.0,0.0,2.0,-8.0,3.0,1.0,0.0,25.0,0.0
69.4485,352.71817,2.0,87.53135,27.84497,0.0,0.0,100.0,-7.0,7.0,8.0,32.320755,5.0,43.0,0.0,4.0,4.0,32.4514,-8.0,4.0,4.0,3.0,68.07744,0.0
83.48231,103.324715,1.0,41.72597,27.0,0.0,0.0,100.0,-7.0,7.0,8.0,29.0,3.0,46.0,-7.375089,0.0,0.0,14.232829,80.0,3.0,4.0,0.0,60.0,0.0
77.0,-8.0,3.0,53.13843,29.0,0.0,0.0,100.0,-7.0,7.0,8.0,31.0,2.0,42.609005,0.0,2.0,2.0,38.50768,-8.0,3.0,2.0,0.0,75.0,0.0
80.0,434.49936,8.0,97.0,29.0,0.0,0.0,100.0,-7.0,7.0,8.0,29.0,1.0,19.0,0.0,0.0,0.0,18.385532,50.47564,9.0,1.0,0.0,70.0,0.0
84.0,89.20217,6.0,99.98049,7.5109096,0.0,0.0,100.0,-7.0,7.0,8.0,-9.0,2.0,-9.0,0.0,0.0,0.0,22.039469,-8.0,2.0,-9.0,1.0,36.916965,0.0
87.558334,238.3285,48.3665,158.26091,7.3601637,0.0,0.0,100.0,-7.0,7.0,8.0,11.0,0.0,9.951247,-8.0,0.0,0.0,25.0,-8.0,2.0,-8.0,0.0,40.499,0.0
82.0,182.6739,11.0,65.30348,12.0,0.0,0.0,100.0,-7.0,7.0,8.0,12.017994,1.0,67.1119,0.0,1.0,1.0,43.05923,22.567883,1.0,2.0,0.0,88.0,0.0
75.0,142.37181,2.0,56.843853,33.0,0.0,0.0,100.0,-7.0,7.0,8.0,38.0,3.0,41.953804,-7.0,2.7956955,3.0,23.510334,71.94304,1.0,3.0,0.0,60.0,0.0
91.974594,191.05789,20.738735,131.40318,12.0,0.0,0.0,100.0,-7.0,7.0,8.0,16.0,0.0,21.0,-8.0,0.0,0.0,0.0,-8.0,1.0,-8.0,0.0,41.553547,0.0
87.0,170.96175,4.0,57.145565,3.46577,0.0,0.0,100.0,-7.0,7.0,8.0,6.981806,2.0,42.0,1.0,2.0,2.0,2.0,-8.0,2.0,1.0,0.0,50.0,0.0
79.527626,275.6544,3.0,118.61705,22.0,0.0,0.0,100.0,-7.0,7.0,8.0,27.0,1.0,33.00888,0.0,4.0,3.3626482,21.298893,84.044075,2.0,5.0,0.0,60.0,0.0
77.0,340.66684,6.0119786,73.78056,28.0,0.0,0.0,96.38912,69.86113,6.0,6.0,30.0,3.0,20.0,1.0,1.0,1.0,11.0,60.28736,6.0,1.0,1.0,35.73083,0.0
89.0,172.13347,6.0,92.5403,12.0,0.0,0.0,100.0,-7.0,7.0,8.0,9.467938,2.0,18.0,12.39681,0.0,0.0,6.0,-8.0,3.0,-8.0,0.0,83.0,0.0
75.0,346.77905,2.0,123.56939,25.0,0.0,0.0,100.0,-7.0,7.0,8.0,11.328222,4.594224,21.0,9.0,0.0,0.0,7.0,83.73567,9.0,4.0,0.0,86.43759,0.0
79.0,29.649193,5.0,22.157984,15.487012,0.0,0.0,100.0,-7.0,7.0,8.0,16.440193,2.0,42.0,-7.0,1.0,1.0,19.45325,48.440556,3.0,2.0,0.0,50.0,0.0
89.0,159.52605,9.0,72.532555,7.143532,0.0,0.0,100.0,-7.0,7.0,8.0,10.456284,1.0,25.0,0.0,2.0547526,2.0,3.0,53.074657,1.0039575,-8.0,0.0,22.454443,0.0
81.0,320.5877,0.49962363,97.0,30.0,0.0,0.0,95.0,19.120794,6.0,6.0,34.0,3.0,21.0,0.0,1.0,1.0,8.423257,98.28909,6.0,4.0,0.0,45.587135,0.0
72.0,244.20297,3.0,94.65004,17.0,2.9980707,2.5949237,100.0,-7.0,7.0,8.0,20.0,1.0,31.0,0.0,3.0675747,4.0,1.0,74.40983,1.0,3.0,0.0,39.032547,0.0
79.0,130.97566,1.0,68.21822,27.0,0.0,0.0,100.0,-7.0,7.0,8.0,28.0,3.0,33.0,0.0,3.0,3.0,28.412457,91.97344,1.0,2.0,0.0,36.298187,0.0
72.0,126.238716,3.0,96.484,19.0,0.0,0.0,100.0,-7.0,7.0,8.0,24.804678,2.0,30.0,-7.0,1.0,1.3228495,87.38531,-8.0,5.0,2.0,2.3986437,100.0,0.0
88.0,213.94078,5.0,133.53879,17.0,0.0,0.0,100.0,-7.0,7.0,8.0,18.0,1.0,21.62061,8.5549755,0.0,0.0,2.0,-8.0,1.0,-8.0,0.0,13.977037,0.0
70.0,225.49924,21.3673,88.873245,34.307087,0.0,0.0,100.0,-7.0,7.0,8.0,28.496187,0.0,24.0,-8.0,1.0,0.215288,26.29545,-8.0,7.5852523,2.0,1.0,69.68238,0.0
85.0,46.67394,14.842321,83.026184,15.290371,0.0,0.0,94.0,75.16709,6.0,6.0,19.0,0.0,77.00623,13.464148,0.0,0.0,0.0,-8.0,0.0,2.0,0.0,83.05448,0.0
74.0,410.34253,1.0,94.017456,27.0,0.0,0.0,95.0,28.171785,6.0,6.0,37.296185,2.0,18.0,0.0,2.0,1.702778,11.042999,50.92483,3.0,2.0,1.0,43.0,0.0
64.0,9.693128,3.0,33.260315,11.275756,0.0,0.0,84.68844,27.860157,6.0,6.0,12.0,1.0,11.0,0.0,2.0,1.905246,93.447525,83.92786,4.0,1.0,1.02648,100.0,0.0
79.0,132.89857,9.0,105.4483,13.189489,0.0,0.0,100.0,-7.0,7.0,8.0,12.964949,1.0,28.0,21.159132,0.0,0.0,32.0,-8.0,3.0,1.0,0.0,67.115814,0.0
84.0,110.72983,5.5222535,66.632,12.0,0.0,0.0,100.0,-7.0,7.0,8.0,5.5827885,1.0,12.505484,7.0,1.0,1.0,23.711018,-8.0,1.0,-9.0,0.0,33.018547,0.0
84.0,143.27869,7.0,153.44684,22.0,0.0,0.0,96.0,27.388792,4.0,6.0,5.892454,2.0,18.0,-7.0,0.0,0.0,21.0,-8.0,2.0,-8.0,0.0,26.858137,0.0
84.37838,230.49208,13.0,144.93568,12.0,0.0,0.0,89.0,6.0,6.0,6.0,-9.0,1.0,15.0,0.0,0.0,0.0,13.0,-8.0,2.0,1.0,0.0,35.772144,0.0
-9.0,-9.0,-9.0,-9.0,-9.0,-9.0,-9.0,-9.0,-9.0,-9.0,-9.0,-9.0,-9.0,-9.0,-9.0,-9.0,-9.0,-9.0,-9.0,-9.0,-9.0,-9.0,-9.0,0.0
73.0,125.64965,12.0,71.14959,24.0,0.0,0.0,100.0,-7.0,7.0,8.0,23.113403,0.0,50.0,21.340313,0.0,0.0,38.647305,88.09609,4.0,3.0,2.0,50.0,0.0
91.40103,217.49284,17.0,100.0,13.0,0.0,0.0,100.0,-7.0,7.0,8.0,17.0,0.0,17.640064,3.0,1.0,0.0,2.0,-8.0,1.0,1.0,0.0,33.0,0.0
79.0,377.3785,3.0,115.618,10.325863,0.0,0.0,100.0,-7.0,7.0,8.0,11.0,1.0,17.0,0.0,3.0,3.0,27.94877,89.64573,3.0,2.0,1.0,71.0,0.0
82.4137,244.33054,5.0,79.628555,18.0,0.0,0.0,100.0,-7.0,7.0,8.0,23.0,0.0,14.0,3.0,0.5149866,0.0,26.81036,-8.0,3.0,-8.0,1.8402758,42.83944,0.0
72.02784,406.7831,3.0,86.045135,29.004816,0.0,0.0,100.0,21.18441,5.0,6.0,32.09532,4.0,20.0,0.0,3.0,3.0,25.81247,7.0700803,6.0,2.0,1.0,40.659145,0.0
87.0,216.14795,4.0,103.2043,1.3815953,0.0,0.0,100.0,-7.0,7.0,8.0,0.66902727,1.0,31.029715,0.0,3.0,2.8862758,1.6671146,-8.0,2.0,1.0,0.0,100.0,0.0
87.0,162.87375,20.543371,69.59317,13.0,0.0,0.0,100.0,-7.0,7.0,8.0,14.0,0.0,22.0,17.502806,0.0,0.0,3.905123,25.722244,2.0,1.0,0.0,42.477684,0.0
82.0,181.39641,47.825783,119.85178,16.0,0.0,0.0,100.0,-7.0,7.0,8.0,19.0,0.0,36.0,0.0,1.0,1.0,21.556675,22.455217,3.0,3.0,0.0,75.0,0.0
71.009796,121.26832,1.9315263,47.9619,20.739483,0.0,0.0,100.0,-7.0,7.0,8.0,22.0,3.0,45.40281,0.0,5.0,5.0,17.797113,65.66068,4.0,4.0,0.0,100.0,0.0
80.0,380.54214,4.0,129.43233,32.959984,0.0,0.0,100.0,-7.0,7.0,8.0,33.876404,1.0,14.061472,0.0,1.0,1.0,8.0,-8.0,7.0,1.0,0.0,50.0,0.0
69.0,198.75613,5.0,82.31043,17.0,0.0,0.0,100.0,-7.0,7.0,8.0,17.15647,2.0,19.0,0.0,0.0,0.0,73.680626,90.90285,6.0,2.0,3.0,86.0,0.0
70.0,253.90695,1.0,121.08981,8.0,1.0,0.0,77.580574,3.4842672,4.0,5.0,14.0,1.0,17.0,0.0,1.0,1.0,8.250847,-8.0,5.0,1.0,0.0,70.53401,0.0
62.0,204.03181,13.446567,75.68023,9.0,1.0,1.7407053,64.258736,5.0991807,4.0,-9.0,14.0,0.0,53.11399,-7.0,0.0,0.0,26.884846,66.22027,2.0,1.0,0.0,84.56228,0.0
84.0,101.98763,16.0,97.0,17.0,0.0,0.0,100.0,-7.0,7.0,8.0,13.0,0.0,22.0,0.0,1.0,1.0,19.352581,24.04127,2.0,2.0,0.0,50.0,0.0
62.0,209.18808,9.0,88.07776,21.0,0.0,0.0,83.58848,7.3739767,6.0,6.0,22.0,1.0,30.487955,0.0,1.0,1.0,118.98613,76.0,7.0,3.0,5.2894616,100.0,0.0
87.0,194.05646,47.682884,169.46793,16.0,0.0,0.0,100.0,-7.0,7.0,8.0,15.0,0.0,35.0,1.0,0.0,0.0,7.429844,-8.0,4.0,-8.0,0.0,50.0,0.0
73.0,187.1643,4.0,80.0,17.0,0.0,0.0,92.0,10.600763,6.0,6.0,20.0,1.0,46.879944,0.0,4.0,4.0,36.0,94.37763,3.0,2.0,0.0,80.0,0.0
73.0,174.47672,2.0,71.0,35.70005,0.0,0.0,93.06814,43.996754,6.0,6.0,34.0,3.0,24.74983,0.0,1.0,1.0,44.21235,75.038765,2.0,2.0,0.0,33.0,0.0
84.0,214.28044,-9.0,93.0,18.714115,1.0,1.0,92.0,59.963055,6.0,3.450782,18.0,3.0,33.0,0.0,0.0,0.0,8.0,74.31577,4.0,3.0,0.0,60.0,0.0
88.0,384.8998,1.0,93.0,9.0,0.0,0.0,100.0,-7.0,7.0,8.0,16.0,2.0,38.0,0.0,1.0,2.0,12.0,-8.0,2.0,1.0,0.0,67.0,0.0
56.904003,302.9947,5.0,97.69955,25.0,1.0,0.0,64.370094,3.7478561,-2.1401308,2.0,31.312208,2.0,26.0,0.0,3.4853044,3.7628276,33.3109,66.56695,8.0,3.0,3.0,75.0,0.0
73.0,199.67378,5.0,74.0,13.0,1.0,1.0,95.0,18.955235,6.0,3.0,12.482355,2.0,48.343117,0.0,0.0,0.0,16.0,34.45996,5.0,3.0,0.0,64.0,0.0
86.0,128.38571,2.0,65.0,19.17078,0.0,0.0,100.0,-7.0,7.0,8.0,28.0,2.0,24.0,0.0,3.0,3.0,1.0,-8.0,1.0,1.0,0.0,15.355848,0.0
81.0,241.61566,5.0,88.54726,28.0,0.0,0.0,100.0,-7.0,7.0,8.0,27.383924,2.0,61.63023,21.073034,0.0,0.0,19.282114,74.39265,5.0,2.0,0.0,78.0856,0.0
91.0,212.69794,2.405107,120.88548,15.0,0.0,0.0,100.0,-7.0,7.0,8.0,20.0,2.0,32.0,23.41296,0.0,0.0,0.0,-8.0,2.0,1.0,0.0,35.979786,0.0
87.0,302.2602,19.618538,176.13641,16.0,0.0,0.0,100.0,-7.0,7.0,8.0,4.3061204,0.0,24.0,11.566238,0.0,0.0,0.0,71.14193,4.0,2.0,0.0,60.0,0.0
65.0,152.26933,3.0,53.175766,9.0,1.0,1.0,90.0,68.86738,6.0,2.0,13.0,5.365971,37.0,0.0,2.0,3.0,69.445206,81.56848,3.0,3.0,2.0,100.0,0.0
71.47467,161.16588,5.0,115.4903,20.0,2.0,1.0,100.0,-7.0,7.0,8.0,-9.0,3.0,24.0,-8.0,0.0,0.0,29.940409,27.402494,6.0,2.0,1.0,67.0,0.0
84.0,176.58481,1.0,90.0,32.0,0.0,0.0,100.0,-7.0,7.0,8.0,29.0,1.0,50.0,0.0,0.0,0.0,3.0,-8.0,2.6568813,6.0,0.0,75.0,0.0
-9.0,-9.0,-9.0,-9.0,-9.0,-9.0,-9.0,-9.0,-9.0,-9.0,-9.0,-9.0,-9.0,-9.0,-9.0,-9.0,-9.0,-9.0,-9.0,-9.0,-9.0,-9.0,-9.0,0.0
83.0,121.96279,6.0,83.17537,25.0,0.0,0.0,100.0,-7.0,7.0,8.0,18.857624,2.0,28.0,0.0,1.0,1.0,14.072262,15.941447,1.0,3.0,0.0,38.54849,0.0
82.57373,354.6581,5.0,73.77868,30.0,0.0,0.0,100.0,-7.0,7.0,8.0,27.0,3.0,44.0,0.0,0.0,0.0,11.156741,87.4429,4.0,3.0,0.0,78.0,0.0
62.348316,254.77371,9.0,128.14285,25.0,0.0,0.0,88.97968,17.55658,6.0,6.0,17.0,1.0,25.0,8.444088,0.0,0.0,48.353313,82.97466,7.0,4.0,1.0,75.0,0.0
80.0,257.5785,9.0,82.33494,47.645897,0.0,0.0,100.0,-7.0,7.0,8.0,46.4982,0.0,34.815155,1.0,2.0,2.0,23.675402,60.465225,4.0,4.0,0.0,50.0,0.0
71.0,175.54713,10.0,75.272316,9.0,6.6998115,6.077698,2.614795,3.0,4.97601,-9.0,10.877754,1.0,55.32636,0.0,0.0,0.0,12.656748,58.599194,1.0,2.0,0.0,57.0,0.0
64.0,260.42978,7.0,92.53677,35.83112,0.0,0.0,100.0,-7.0,7.0,8.0,45.533104,4.0,34.995514,1.0,2.0,2.0,89.4499,53.323303,7.0,4.0,7.5848966,75.0,0.0
82.0,196.39697,5.0,81.0,33.362755,0.0,0.0,100.0,-7.0,7.0,8.0,31.575825,2.0,46.825985,1.0,1.0,1.0,1.0,31.03981,3.0,6.8454533,0.0,75.0,0.0
83.834984,247.22258,47.366047,151.25249,14.0,0.0,0.0,100.0,-7.0,7.0,8.0,17.0,0.0,27.748316,0.0,2.0,1.0,9.0,-8.0,3.0,1.0,0.0,70.0,0.0
84.0,142.25177,5.0,66.3166,27.0,0.0,0.0,94.0,23.034277,6.0,6.0,27.0,3.0,29.0,0.0,1.0,1.0,4.0,-8.0,4.0,2.0,0.0,52.806988,0.0
68.0,246.47276,4.0,102.87673,43.215878,0.0,0.0,91.0,76.43761,6.0,6.0,51.42693,3.0,49.253155,2.1212025,0.0,0.0,56.793793,77.21943,8.0,3.0,3.0,83.0,0.0
66.10763,138.79529,16.0,119.67631,9.0,1.0,1.0,92.0,37.240143,6.0,6.0,9.942157,0.0,27.0,0.0,2.0,2.0,64.9229,91.0,4.0,2.0,1.0,88.50198,0.0
85.58955,188.39766,20.41893,84.36838,29.0,0.0,0.0,100.0,-7.0,7.0,8.0,42.47321,0.0,24.0,0.0,0.0,0.0,2.0,-8.0,3.0,-8.0,0.0,21.6968,0.0
73.0,248.96701,2.0,90.35729,27.0,0.0,0.0,100.0,-7.0,7.0,8.0,26.08482,1.0,18.5499,0.0,0.0,0.0,56.881783,26.767971,6.2679696,2.0,3.0,58.63455,0.0
84.0,106.82401,6.0,71.989,13.0,0.0,0.0,100.0,-7.0,7.0,8.0,10.097563,1.0,23.76384,0.0,0.0,0.0,13.751126,-8.0,2.0,-8.0,0.0,71.36113,0.0
76.0,288.98175,3.0,126.45839,34.067066,0.0,0.0,90.01565,-7.0,4.0,6.0,47.679108,3.0,47.0,3.0,0.0,0.0,2.4908874,-8.0,3.3616097,3.0,0.0,42.697517,0.0
66.0,216.57384,20.0,101.07244,28.243217,0.0,0.0,95.0,4.845306,6.0,6.0,31.0,0.0,49.875454,8.0,0.0,0.0,61.190887,-8.0,2.0,2.0,3.0,71.0,0.0
80.896645,199.55518,11.0,97.43138,31.316154,0.0,0.0,100.0,-7.0,7.0,8.0,34.0,0.0,22.308558,-7.0,3.3446198,3.0,18.118748,91.0,2.0,2.0,0.0,32.952957,0.0
86.0,272.33636,7.0,88.7395,16.0,0.0,0.0,100.0,-7.0,7.0,8.0,16.0,1.0,38.0,9.754009,0.0,0.0,0.5136716,68.55791,1.0,3.0,0.0,35.803642,0.0
79.0,244.76842,1.0,86.073524,30.0,0.0,0.0,95.0,31.098293,6.0,6.0,31.0,3.0,33.0,4.0,2.0,2.0,2.0,60.76462,4.0,2.0,0.0,55.39363,0.0
82.0,113.5922,7.0,55.56314,21.0,0.0,0.0,97.49442,75.725784,6.0,6.0,22.0,2.0,23.0,1.0,0.0,0.0,6.0,87.85337,4.0,2.0,0.0,58.0,0.0
68.40578,205.16933,29.621056,104.16424,33.647537,0.0,0.0,100.0,-7.0,7.0,8.0,42.667137,0.0,29.0,12.510452,1.0,1.0,59.01591,70.05811,21.390123,5.0,5.6567416,85.91062,0.0
62.0,119.08131,6.0,53.5141,17.0,1.0,1.0,89.0,10.945199,5.0,5.0,17.0,2.0,57.234886,6.0,0.0,0.0,47.273846,89.75212,2.0,3.0,0.0,86.0,0.0
80.0,276.66992,2.0,76.90434,28.995398,0.0,0.0,94.0,37.994366,6.0,6.0,30.0,3.0,17.0,0.0,2.0,2.0,0.0,99.815605,4.0,4.0,0.0,62.05782,0.0
64.63925,257.0972,16.39815,109.65566,20.0,1.0,0.0,86.655556,19.387678,5.295251,6.0,19.0,0.0,43.0,0.0,0.0,0.0,65.96005,-8.0,5.0,2.0,3.0,77.35867,0.0
69.0,118.25612,7.0,68.62838,27.0,0.0,0.0,100.0,4.0,6.0,6.0,31.299448,3.0,26.0,-8.0,1.0,1.0,32.0,-8.0,5.0,2.0,2.0,50.0,0.0
73.0,147.2462,16.0,91.79316,28.0,1.6723769,2.0,94.0,69.54298,6.0,5.0,29.863903,0.0,27.0,0.0,1.0,1.0,12.806581,80.0,4.0,3.0,1.0,78.0,0.0
81.0,154.75975,10.0,81.66746,16.0,0.0,0.0,92.0,36.359142,6.0,5.891558,12.0,1.0,41.0,-8.0,0.0,0.0,0.0,40.58043,1.0,2.0,0.0,44.0,0.0
73.0,208.36055,2.0,77.57506,11.012444,0.0,0.0,85.31791,17.235151,6.0,6.0,12.124603,3.0,68.81204,0.0,5.479194,4.0,37.024002,17.657196,1.0,4.0,0.0,100.0,0.0
64.34196,217.26976,5.0,114.04299,15.0,3.076713,2.0,76.66332,26.812366,6.0,4.0,12.0,1.0,-4.4310293,0.0,1.0,1.0,25.716417,-8.0,5.0,-8.0,0.0,67.0,0.0
83.0,354.21637,7.0,110.64117,30.0,0.0,0.0,100.0,45.66496,6.0,6.0,34.0,3.443872,20.00762,0.0,4.0,4.0,8.0,-8.0,3.0,2.0,0.0,33.0,0.0
66.0,45.52138,2.0,59.158955,48.542297,0.0,0.0,100.0,38.96987,6.0,5.0,15.0,9.196171,14.766897,4.030521,0.0,0.0,19.0,-8.0,23.625847,5.0,2.0,67.0,0.0
80.0,-2.5679257,15.0,83.77216,6.0,0.0,0.0,100.0,-7.0,7.0,8.0,1.9296197,0.0,57.336494,-8.0,0.0,0.0,19.0,-1.2433379,2.0,1.0,0.0,100.0,0.0
90.619514,174.68895,6.0,97.0,19.749437,0.0,0.0,100.0,-7.0,7.0,8.0,27.0,1.0,33.0,-8.0,0.0,0.0,6.0,72.14264,1.0,3.0,0.0,44.0,0.0
68.203384,152.13225,2.0,52.99352,37.78167,0.0,0.0,94.0,24.876507,6.0,6.0,39.32306,4.013887,46.0,4.0,4.5461974,4.0,37.550114,97.04818,4.0,5.0,2.0,67.0,0.0
73.401855,150.30127,7.0,86.0,16.0,0.0,0.0,100.0,-7.0,7.0,8.0,19.0,1.0,11.0,0.0,3.0,3.0,30.128988,-8.0,1.0,1.0,0.0,60.741302,0.0
64.0,335.23126,3.0,74.0,15.0,2.0,1.1534036,75.65826,21.057966,6.0,4.0,17.0,3.0,24.883532,0.0,1.0,1.0,59.39632,-8.0,2.0,2.0,2.0,36.011364,0.0
70.0,191.59676,5.0,62.750534,19.508385,0.0,0.0,100.0,-7.0,7.0,8.0,20.0,3.0,46.0,0.0,2.0,2.0,22.95565,53.13425,2.0,2.0,0.0,49.783466,0.0
86.0,124.92937,1.0,58.00003,13.0,0.0,0.0,100.0,-7.0,7.0,8.0,14.267082,1.0,15.0,0.0,1.0,1.0,9.0,-8.0,2.0,1.0,0.0,57.0,0.0
-9.0,-9.0,-9.0,-9.0,-9.0,-9.0,-9.0,-9.0,-9.0,-9.0,-9.0,-9.0,-9.0,-9.0,-9.0,-9.0,-9.0,-9.0,-9.0,-9.0,-9.0,-9.0,-9.0,0.0
-9.0,-9.0,-9.0,-9.0,-9.0,-9.0,-9.0,-9.0,-9.0,-9.0,-9.0,-9.0,-9.0,-9.0,-9.0,-9.0,-9.0,-9.0,-9.0,-9.0,-9.0,-9.0,-9.0,0.0
75.0,188.93672,3.0,67.58451,16.0,0.0,0.0,88.0,16.509722,6.0,6.0,19.0,1.0,64.60459,0.0,0.0,0.0,11.0,37.313076,2.0,7.6164107,0.0,75.0,0.0
63.557877,169.5747,1.0,50.73294,22.0,0.0,0.0,80.37616,4.0,4.937857,6.0,30.0,7.0858526,25.0,-8.0,0.0,0.0,46.54631,93.0,6.0,5.5675707,0.0,63.0,0.0
79.0,301.43622,15.785252,112.6909,14.0,0.0,0.0,100.0,-7.0,7.0,8.0,13.512547,0.0,63.945335,1.0,1.0,1.4552165,81.60147,-8.0,2.0,2.0,0.0,80.0,0.0
86.0,197.74936,2.0,68.0,32.0,1.0,0.0,96.0,34.523376,6.0,5.0,32.0,1.0,10.198723,2.0,2.0,2.0,7.0,-8.0,2.0,1.0,0.0,42.13436,0.0
77.40441,188.4672,9.0,65.0,35.281807,0.0,0.0,100.0,-7.0,7.0,8.0,40.88742,1.0,50.0,0.0,1.0,1.0,20.704046,93.237595,2.0,4.0,0.0,50.0,0.0
81.473,151.78313,8.0,91.4134,20.0,0.0,0.0,100.0,-7.0,7.0,8.0,22.0,1.0,40.0,0.0,4.0,3.841717,13.661331,-8.0,3.0,2.0,0.0,100.0,0.0
82.0,176.54237,15.550993,61.304596,18.0,0.0,0.0,100.0,-7.0,7.0,8.0,18.0,0.0,31.0,2.0,1.0,1.0,18.0,-8.0,1.0,2.0,0.0,35.73909,0.0
82.01847,211.23344,23.652292,112.22138,13.0,0.0,0.0,100.0,-7.0,7.0,8.0,10.590145,0.0,16.0,0.0,2.0,2.0,47.146442,-8.0,4.0,1.0,1.0,71.0,0.0
83.0,170.7909,7.0,83.72193,8.0,0.0,0.0,86.94765,76.754005,6.0,6.0,10.951979,1.0,14.488024,8.506638,0.0,0.0,37.43844,-8.0,1.0,1.0,0.0,56.071476,0.0
81.0,160.57027,13.637854,77.0,31.0,0.0,0.0,95.0,44.569828,6.0,6.0,43.551548,0.0,50.0,2.0,2.0,2.0,0.0,-8.0,1.0,-9.0,0.0,15.186795,0.0
57.631226,273.48154,6.0,109.58748,24.0,0.0,0.0,90.7782,-7.0,-8.169308,5.9010415,23.157318,2.0,44.0,0.0,2.0,2.0,58.099865,88.0,4.0,6.7796655,1.0,88.550896,0.0
-9.0,-9.0,-9.0,-9.0,-9.0,-9.0,-9.0,-9.0,-9.0,-9.0,-9.0,-9.0,-9.0,-9.0,-9.0,-9.0,-9.0,-9.0,-9.0,-9.0,-9.0,-9.0,-9.0,0.0
73.0,139.26222,2.0,55.028362,30.0,0.0,0.0,100.0,-7.0,7.0,8.0,47.899292,4.0,33.920403,0.0,1.0,1.0,21.948263,63.206562,4.0,2.0,0.0,43.0,0.0
76.05569,240.12999,9.0,86.27126,21.0,0.0,0.0,94.0,30.7641,6.0,6.0,21.0,1.0,44.47359,1.0,1.0,1.0,65.90588,69.551094,2.0,2.0,1.0,63.0,0.0
84.0,194.4449,2.0,86.19049,19.0,0.0,0.0,100.0,-7.0,7.0,8.0,28.107386,2.0,16.047665,18.087189,2.0,1.8144857,18.0,-8.0,4.0,2.0,1.0,74.90933,0.0
56.873955,159.69923,11.0,70.05129,24.0,0.0,0.0,92.271805,-7.0,-9.0,6.0,27.0,0.0,33.0,23.842297,0.0,0.0,35.61032,82.882904,4.0,2.0,2.0,71.69182,0.0
85.0,221.90459,5.0,76.0,21.0,0.0,0.0,97.0,-7.0,6.0,6.0,28.27971,0.0,18.084438,12.0,1.0,1.0,6.835512,-8.0,6.0,1.0,0.0,56.0,0.0
70.0,173.45236,2.0,65.0,26.430788,0.0,0.0,100.0,-7.0,7.0,8.0,26.0,2.0,35.0,5.0,3.0,3.0,53.03577,57.581486,5.0,2.0,3.0,73.0,0.0
67.99187,169.55179,2.0,56.93186,39.632305,0.0,0.0,100.0,-7.0,7.0,8.0,50.730682,3.0,32.0,0.0,4.0,4.3609743,76.100136,49.502087,8.903216,4.0,4.0,71.0,0.0
74.0,205.36111,19.94487,82.0,25.0,1.0,1.0,91.0,4.0,4.0,3.5362477,29.0,0.0,68.91849,0.0,0.0,0.0,16.0,-8.0,2.0,2.0,0.0,100.0,0.0
86.0,272.99435,4.0,81.0,44.285694,0.0,0.0,100.0,-7.0,7.0,8.0,42.97325,1.0,17.0,-7.0,0.0,0.0,6.0,23.40231,3.0,2.0,0.0,34.699112,0.0
83.10142,156.39812,12.0,72.13915,15.0,0.0,0.0,100.0,-7.0,7.0,8.0,14.340896,0.0,-9.0,-7.0,0.0,0.0,6.0,-8.0,3.0,-8.0,0.0,26.088175,0.0
80.0,135.90361,6.0,93.53329,32.0,0.0,0.0,91.8558,16.418964,6.0,6.0,34.76127,3.0,30.0,-7.0,0.0,0.0,5.0,57.327644,4.0,2.0,1.0,43.0,0.0
80.0,385.3784,12.751664,128.86737,21.0,0.0,0.0,92.0,35.320477,6.0,6.0,19.0,1.0,36.0,0.0,1.0,1.0,7.0,97.237144,6.0,2.0,0.0,71.0,0.0
60.88172,196.16277,4.0,68.25039,12.0,3.0,0.0,19.922056,15.895458,4.0,3.5396948,15.129503,1.0,65.806526,-7.0,0.0,0.0,37.25557,60.144485,2.0,2.0,1.0,80.0,0.0
77.0,355.4695,15.0,120.9806,38.11428,0.0,0.0,100.0,-7.0,7.0,8.0,49.258945,0.0,20.0,6.503841,0.0,0.0,58.05593,47.395226,4.0,1.0,4.313993,50.0,0.0
76.0,173.98932,-1.4427298,86.75491,43.11661,1.8764424,0.0,100.0,46.85364,6.0,-9.0,52.929764,5.0,24.0,3.0,3.0,2.0,6.5401173,100.0,8.128428,3.0,0.0,38.0,0.0
75.0,151.48807,3.0,65.0,17.0,0.0,0.0,100.0,-7.0,7.0,8.0,10.825087,1.7159543,39.0,-7.0,0.0,0.0,76.78223,78.38518,4.0,2.0,0.0,88.0,0.0
77.11582,60.208187,10.0,58.0,10.0,0.0,0.0,100.0,-7.0,7.0,8.0,10.0,2.0,33.0,7.0,0.0,0.0,23.84515,-8.0,1.0,1.0,1.0,35.646923,0.0
74.0,220.242,4.375118,67.321724,25.0,0.0,0.0,96.0,25.44495,6.0,6.0,23.0,3.0,20.0,3.0,1.0,0.0,26.65864,99.50759,6.0,2.0,1.0,53.238106,0.0
69.0,158.00598,2.0,67.59686,27.0,0.0,0.0,100.0,-7.0,7.0,8.0,30.981035,2.0,16.31474,3.0,1.0,1.0,41.30693,88.0,4.0,2.0,2.0,68.20403,0.0
57.60401,74.49776,7.0,63.0,22.0,2.0,2.0,79.93384,12.672194,6.0,2.0,32.233814,1.0,19.0,-7.0,0.0,0.0,59.30342,-8.0,11.0,1.0,2.0,67.0,0.0
87.0,257.33026,8.75561,84.258896,19.473747,0.0,0.0,100.0,-7.0,7.0,8.0,21.0,1.0,76.31401,4.0,2.0,1.0,3.0,75.45869,1.0,7.723616,0.0,100.0,0.0
80.0,48.618244,7.0,30.404823,11.052762,0.0,0.0,100.0,-7.0,7.0,8.0,9.099123,2.0,40.0,-7.0,0.0,0.0,6.0,-8.0,1.0,2.0,0.0,62.798195,0.0
80.0,433.5544,6.0,120.33676,27.905794,0.0,0.0,90.0,17.30257,6.0,6.0,28.88487,1.0,33.306637,21.70079,0.0,0.0,4.0,62.06338,3.0,2.0,0.0,29.177217,0.0
-9.0,-9.0,-9.0,-9.0,-9.0,-9.0,-9.0,-9.0,-9.0,-9.0,-9.0,-9.0,-9.0,-9.0,-9.0,-9.0,-9.0,-9.0,-9.0,-9.0,-9.0,-9.0,-9.0,0.0
84.0,304.2106,5.0,77.0,26.0,0.0,0.0,100.0,-7.0,7.0,8.0,30.908123,1.0,14.0,-8.0,0.0,0.0,8.0,-8.0,6.0,2.0,0.0,83.0,0.0
78.0,132.6093,9.0,65.53939,27.0,0.0,0.0,100.0,-7.0,7.0,8.0,21.0,3.0,32.0,0.0,0.0,0.0,24.318836,65.332794,2.0,3.946301,0.0,33.0,0.0
74.0,235.34152,3.0,153.79013,14.0,2.0,2.0,100.0,-7.0,4.7038016,8.0,16.77899,1.0,17.0,-7.0,0.0,0.0,1.0,-8.0,0.0,1.0,0.0,44.0,0.0
84.48627,288.57144,7.8540463,97.7205,21.0,0.0,0.0,100.0,-7.0,7.0,8.0,21.0,1.0,41.0,1.3478367,1.0,1.0,4.761565,-8.0,2.0,3.0,0.0,33.10556,0.0
74.0,117.00543,2.0,59.26878,39.0,0.0,0.0,100.0,-7.0,7.0,8.0,44.046127,5.0,40.0,1.0,2.0,2.0,16.0,-8.0,4.0,2.0,0.0,57.195198,0.0
70.0,142.89882,6.7997723,80.0,30.297277,0.0,0.0,100.0,-7.0,7.0,8.0,28.0,2.0,30.616842,-7.0,1.0,1.0,61.156208,80.601265,7.0,3.7290123,2.0,77.62546,0.0
71.0,181.65881,1.0,57.302,20.0,1.0,1.0,100.0,-7.0,6.0,8.0,17.0,4.0,48.272057,3.0,2.0,2.0,1.0,60.244568,1.0,2.0,0.0,55.149033,0.0
83.0,267.57117,3.0,146.92409,44.75387,0.0,0.0,100.0,-7.0,7.0,8.0,32.0,1.0,10.750717,1.0,1.0,1.0,11.0,-8.0,6.0,1.0,0.0,44.0,0.0
84.71011,278.9439,4.0,76.0,39.894226,0.0,0.0,100.0,-7.0,7.0,8.0,24.0,3.0,26.051434,0.0,2.0,1.0,8.691473,20.211338,6.0,1.0,0.0,44.0,0.0
78.352554,183.87543,9.0,96.838745,24.0,0.0,0.0,100.0,-7.0,7.0,8.0,22.0,1.0,42.0,7.0,0.0,0.0,22.973694,91.0,1.0,2.0,0.0,70.2721,0.0
84.0,152.4715,12.0,94.21156,15.940982,0.0,0.0,94.0,45.727207,6.0,6.0,16.0,1.0,23.493355,-8.0,0.0,0.0,17.0,48.888504,6.0,2.0,0.0,50.0,0.0
77.0,163.37144,8.0,67.0,14.0,0.0,0.0,88.0,37.48085,6.0,6.0,14.0,1.0,47.376408,9.0,0.0,0.0,0.0,80.0,1.0,3.0,0.0,71.0,0.0
69.55403,169.18742,6.0,86.00322,48.004005,0.0,0.0,96.0,24.739386,6.0,6.0,46.466278,1.0,31.058933,0.0,0.0,0.0,53.608597,82.30694,5.0,3.0,0.0,52.152653,0.0
61.36816,34.663155,3.0,44.670326,6.0,2.455253,2.0,89.91611,10.591458,4.0,2.0,7.6204443,2.0,28.0,0.0,1.0,1.0,70.33378,99.07976,4.0,2.0,1.6959057,70.64574,0.0
-9.0,-9.0,-9.0,-9.0,-9.0,-9.0,-9.0,-9.0,-9.0,-9.0,-9.0,-9.0,-9.0,-9.0,-9.0,-9.0,-9.0,-9.0,-9.0,-9.0,-9.0,-9.0,-9.0,0.0
72.124626,199.9196,7.0,65.5303,12.0,1.0,1.0,100.0,-7.0,2.117674,6.0,15.0,1.0,25.643238,1.0,1.0,0.51885414,1.0,-8.0,1.0,1.0,0.0,30.034624,0.0
69.41063,214.40274,4.06237,76.04293,21.05036,0.0,0.0,93.391235,6.407379,5.0,5.0,25.43685,3.0,44.0,16.0,1.0,1.0,5.0,95.44987,3.0,2.0,0.0,70.89526,0.0
-9.0,-9.0,-9.0,-9.0,-9.0,-9.0,-9.0,-9.0,-9.0,-9.0,-9.0,-9.0,-9.0,-9.0,-9.0,-9.0,-9.0,-9.0,-9.0,-9.0,-9.0,-9.0,-9.0,0.0
86.0,153.36172,9.0,66.7846,14.0,0.0,0.0,100.0,-7.0,7.0,8.0,14.974726,1.0,24.0,-7.0,0.0,0.0,16.706165,-8.0,2.0,2.0,0.0,63.0,0.0
64.40071,152.26129,25.280825,93.65528,21.0,2.3824613,2.1392856,72.84716,21.364365,6.0,2.0,24.0,0.0,21.0,0.0,2.0,2.0,26.378708,-8.0,4.0,1.0,0.0,67.0,0.0
88.0,367.61374,6.0,83.405876,8.379017,0.0,0.0,100.0,-7.0,7.0,8.0,7.555746,1.0,48.294643,0.0,0.0,0.0,3.9282699,-8.0,2.0,1.0,0.0,99.18171,0.0
77.984566,96.43027,3.377894,54.516376,13.0,0.0,0.0,100.0,-7.0,7.0,8.0,5.6292267,2.0,42.495285,4.0,2.0,1.8572615,4.0,59.626335,2.0,4.0,0.0,63.0,0.0
83.76929,160.3802,2.0,67.0,24.645073,0.0,0.0,100.0,-7.0,7.0,8.0,19.0,4.0,32.0,0.0,0.0,0.0,11.0,-8.0,4.0,1.0,0.0,64.0,0.0
69.0,238.40466,3.0,71.626724,51.57758,0.0,0.0,97.0,79.98032,6.0,6.0,47.82716,3.0,40.0,6.0,0.0,0.0,50.398666,79.184654,13.737126,3.0,4.7868266,75.0,0.0
-9.0,-9.0,-9.0,-9.0,-9.0,-9.0,-9.0,-9.0,-9.0,-9.0,-9.0,-9.0,-9.0,-9.0,-9.0,-9.0,-9.0,-9.0,-9.0,-9.0,-9.0,-9.0,-9.0,0.0
80.0,348.80798,25.19407,129.7861,22.0,0.0,0.0,100.0,-7.0,7.0,8.0,23.0,0.0,21.0,0.0,1.0,1.0,23.549944,50.859776,8.294595,2.0,0.0,54.78916,0.0
90.25075,153.92197,2.0,86.0,20.0,0.0,0.0,100.0,-7.0,7.0,8.0,22.0,4.0,36.37188,1.0,1.0,1.0,3.0,61.176685,2.0,1.0,0.0,40.0,0.0
84.0,176.7361,5.0,58.0,12.0,0.0,0.0,100.0,-7.0,7.0,8.0,10.611882,1.0,16.0,10.911319,1.0,1.0,0.0,-8.0,0.0,1.0,0.0,29.741825,0.0
71.0,126.08147,2.0,74.0,35.49622,0.0,0.0,97.0,40.508923,6.0,5.0,39.5817,6.0,41.0,0.0,1.0,1.0,57.97275,96.35688,7.0,3.0,1.0,80.0,0.0
77.0,118.169,20.317703,64.43414,25.0,0.0,0.0,100.0,-7.0,7.0,8.0,27.0,0.0,56.49008,0.0,3.0,2.0,65.15945,69.72107,2.0803044,4.0,0.0,82.19223,0.0
62.139477,155.5963,9.0,71.72024,27.0,3.0,1.0,88.38966,23.282574,6.0,6.0,28.83537,1.0,33.016304,3.992272,0.0,0.0,38.864048,58.38106,2.0,3.0,2.0,48.99568,0.0
-9.0,-9.0,-9.0,-9.0,-9.0,-9.0,-9.0,-9.0,-9.0,-9.0,-9.0,-9.0,-9.0,-9.0,-9.0,-9.0,-9.0,-9.0,-9.0,-9.0,-9.0,-9.0,-9.0,0.0
74.0,267.45935,20.0,99.76096,13.947968,0.0,0.0,92.0,79.174934,6.0,6.0,15.0,0.0,34.708244,-8.0,1.0,1.0,73.387634,72.67702,2.0,2.0,1.0,67.0,0.0
80.0,170.54063,7.0,74.0,27.0,0.0,0.0,100.0,-7.0,7.0,8.0,24.0,1.0,44.0,0.0,2.0,2.0,9.761063,67.43866,5.0,3.445353,0.0,76.28885,0.0
58.426052,325.5918,4.0,84.0,39.147163,2.3918052,1.0,88.0,4.9197755,5.0,2.0,38.0,1.0,41.0,0.0,1.0,1.0,92.43059,68.08432,8.0,5.0,5.9578066,100.0,0.0
69.12101,262.8511,7.0,81.0,23.0,0.0,0.0,85.449165,-7.0,5.1515384,6.0,25.363052,2.0,41.133514,21.063284,0.0,0.0,51.418026,74.183044,2.0,4.0,0.0,75.43079,0.0
55.932728,186.51277,27.259083,122.31391,12.0,2.0,1.6886821,93.715935,-7.0,-9.0,2.0,14.0,0.0,14.815148,-7.0,3.0,3.0,29.387043,-8.0,3.0,-8.0,0.0,55.314274,0.0
88.44476,191.2811,16.44942,135.92891,29.0,0.0,0.0,100.0,-7.0,7.0,8.0,25.0,0.0,12.439206,17.636833,0.0,0.0,10.110172,-8.0,2.0,1.0,0.0,29.287876,0.0
69.0,197.24055,12.0,86.0,17.0,0.0,0.0,100.0,-7.0,7.0,8.0,15.422528,0.0,44.12536,0.0,0.0,0.0,75.53106,39.772064,6.0,3.0,5.67267,80.0,0.0
89.0,243.38474,11.0,92.31869,25.873343,0.0,0.0,100.0,-7.0,7.0,8.0,30.0,0.0,15.554945,0.0,0.0,0.0,0.29289347,-8.0,2.0,1.0,0.0,33.0,0.0
76.0,217.8054,30.353565,173.94554,27.0,0.0,1.0,100.0,-7.0,6.0,8.0,29.0,0.0,30.0,-7.0,0.0,0.0,0.0,-8.0,1.0,-5.430057,0.0,-9.0,0.0
-9.0,417.72766,2.0,100.0,19.615915,2.0,1.0,77.23368,-7.0,-9.0,6.0,26.0,2.0,35.487488,1.0,1.0,1.0,21.280857,92.601074,3.0,3.0,0.0,67.0,0.0
90.54914,433.21454,216.56442,220.47939,0.3791853,0.0,0.0,100.0,-7.0,7.0,8.0,7.0,0.0,18.349031,0.0,0.0,0.0,0.0,-8.0,-5.2542005,-8.0,0.0,18.187342,0.0
83.0,241.23245,31.108078,110.06999,14.0,0.0,0.0,100.0,-7.0,7.0,8.0,17.0,0.0,0.0,1.0,3.0,2.0,44.432487,-8.0,4.0,-8.0,1.0,50.0,0.0
-9.0,-9.0,-9.0,-9.0,-9.0,-9.0,-9.0,-9.0,-9.0,-9.0,-9.0,-9.0,-9.0,-9.0,-9.0,-9.0,-9.0,-9.0,-9.0,-9.0,-9.0,-9.0,-9.0,0.0
79.0,253.99472,35.88984,156.14449,9.0,1.0,0.0,72.56891,48.733418,6.0,4.0,11.568244,0.0,31.0,-8.0,0.0,0.0,17.0,-8.0,4.0,1.0,0.0,80.0,0.0
88.0,464.89706,28.224594,119.08946,17.0,0.0,0.0,100.0,-7.0,7.0,8.0,18.0,0.0,40.768898,-7.0,0.0,0.0,9.721767,5.268716,3.0,2.0,0.0,75.0,0.0
-9.0,-9.0,-9.0,-9.0,-9.0,-9.0,-9.0,-9.0,-9.0,-9.0,-9.0,-9.0,-9.0,-9.0,-9.0,-9.0,-9.0,-9.0,-9.0,-9.0,-9.0,-9.0,-9.0,0.0
-9.0,-9.0,-9.0,-9.0,-9.0,-9.0,-9.0,-9.0,-9.0,-9.0,-9.0,-9.0,-9.0,-9.0,-9.0,-9.0,-9.0,-9.0,-9.0,-9.0,-9.0,-9.0,-9.0,0.0
81.0,205.59839,4.0,102.28921,28.0,0.0,0.0,95.0,53.169678,6.0,6.0,28.0,2.0,32.36906,0.0,1.0,1.0,0.0,-8.0,2.0,1.0,0.0,39.493042,0.0
63.0,52.385433,4.0,29.12547,9.670763,3.0573955,2.6889646,76.00438,31.726152,6.0,2.0,12.0,2.0,37.0,-7.0,0.0,0.0,103.52044,97.36547,3.0,2.0,1.0,89.758736,0.0
-9.0,185.40361,15.0,65.42919,29.285427,0.0,0.0,93.0,28.967665,6.0,6.0,25.0,0.0,45.875534,0.0,8.434962,6.7971764,81.71384,-8.0,7.0,2.0,5.796101,80.0,0.0
57.26226,115.30548,22.167988,94.0,7.688686,4.1533904,3.5479527,61.198814,4.0,-9.0,2.0,11.0,0.0,50.0,-7.5933223,0.0,0.0,6.0,-8.0,3.0,1.0,0.0,64.0,0.0
76.31398,168.8702,22.83722,110.7757,36.010925,0.0,0.0,100.0,-7.0,7.0,8.0,32.0,0.0,60.981445,-7.0,4.0,5.0,57.30874,78.46896,5.0,3.0,3.0,75.0,0.0
85.0,137.45566,2.0,72.0,27.97763,0.0,0.0,100.0,-7.0,7.0,8.0,27.726645,4.0,31.0,0.0,1.0,1.0,3.229459,-8.0,5.0,1.0,0.0,43.0,0.0
71.16712,190.0379,9.0,70.0,27.0,0.0,0.0,86.40206,9.84092,6.0,6.0,27.0,0.0,29.471436,22.428465,0.0,0.0,48.177883,86.144104,3.0,3.0,2.0,64.0,0.0
91.0,172.19629,18.285965,120.83743,21.0,0.0,0.0,100.0,-7.0,7.0,8.0,3.6657486,0.0,14.0,0.0,1.0,1.0,3.0,60.33027,1.0,1.0,0.0,29.03034,0.0
67.83872,78.88868,4.0,65.22304,17.505033,0.0,0.0,100.0,-7.0,7.0,8.0,18.0,2.0,56.090664,0.0,4.0,4.0,19.714033,63.48992,1.0,4.0,0.0,73.28241,0.0
76.0,196.76326,2.0,65.0,23.122385,0.0,0.0,100.0,-7.0,7.0,8.0,44.95532,2.0,11.138769,-8.97957,0.0,0.0,31.543917,-8.0,4.0,1.0,1.4340466,47.109272,0.0
82.0,277.801,15.445647,94.0,40.985542,0.0,0.0,100.0,-7.0,7.0,8.0,53.08605,0.0,30.0,10.185433,1.0,1.0,17.0,-8.0,1.0,3.0,0.0,24.187357,0.0
83.0,206.10214,10.0,102.21599,41.575638,0.0,0.0,100.0,-7.0,7.0,8.0,52.17357,1.0,29.0,1.0,0.0,0.0,10.0,-8.0,6.0,5.0,0.0,57.0,0.0
78.889626,319.41257,2.0,77.54847,28.0,0.0,0.0,100.0,-7.0,7.0,8.0,29.0,1.0,21.0,4.0,0.0,0.0,9.79963,46.666637,13.213777,2.0,1.0,63.0,0.0
-9.0,-9.0,-9.0,-9.0,-9.0,-9.0,-9.0,-9.0,-9.0,-9.0,-9.0,-9.0,-9.0,-9.0,-9.0,-9.0,-9.0,-9.0,-9.0,-9.0,-9.0,-9.0,-9.0,0.0
73.1827,139.9984,1.0,69.48996,24.0,0.0,0.0,95.43761,-9.0,7.0,6.0,7.0,5.0175853,35.565926,-2.3973339,3.0,2.5985277,1.0,73.577866,3.0,4.4623446,0.0,65.60234,0.0
77.55109,-9.0,2.0,7.8170624,6.6949177,0.0,0.0,100.0,-7.0,7.0,8.0,-9.0,2.0,21.0,8.0,1.0,1.0,11.256963,76.0,2.0,2.0,1.0,60.0,0.0
86.64579,154.35165,52.158413,92.0,13.0,0.0,0.0,100.0,-7.0,7.0,8.0,11.654737,0.0,36.0,-8.0,0.0,0.0,1.0,-8.0,1.0,-8.0,0.0,46.395527,0.0
74.0,284.11792,7.0,134.24817,43.222176,0.0,0.0,100.0,-7.0,7.0,8.0,45.425793,1.0,20.0,0.0,4.0,3.553761,10.441537,-8.0,5.0,1.0,1.0,50.0,0.0
78.0,268.4864,11.870739,110.74561,30.0,0.0,0.0,100.0,-7.0,7.0,8.0,30.689648,0.0,21.0,0.0,1.0,1.0,24.953407,-8.0,5.0,2.0,1.0,45.208485,0.0
73.293594,130.33014,3.0,57.439095,25.0,0.0,0.0,100.0,-7.0,6.0,8.0,27.0,3.0,29.0,0.0,5.952702,5.169712,40.985806,80.06135,7.0,4.0,1.0,67.0,0.0
77.0,139.43077,8.0,69.657585,11.909158,0.0,0.0,100.0,-7.0,7.0,8.0,14.676124,2.0,79.54425,0.0,2.4302921,2.0,0.0,82.18908,1.0,1.1756608,-8.0,100.0,0.0
81.1427,221.96523,15.0,77.771706,13.31293,0.0,0.0,100.0,-7.0,7.0,8.0,15.0,0.0,29.0,5.0,0.0,0.0,25.477024,-8.0,4.0,2.0,1.0,47.217407,0.0
81.0,191.87216,1.0,80.0,39.37365,0.0,0.0,100.0,-7.0,7.0,8.0,37.615696,7.8122277,22.424551,-7.0,3.0,3.0,6.0,-8.0,2.0,2.0,0.0,33.0,0.0
72.0,166.90115,6.0,72.2301,33.0,0.0,0.0,100.0,-7.0,7.0,8.0,35.990055,3.0,18.0,15.598661,0.0,0.0,41.562145,56.533573,8.0,3.0,3.0,73.51434,0.0
79.0,190.66666,7.0,88.50776,39.8061,0.0,0.0,100.0,-7.0,7.0,8.0,29.18573,1.0,17.0,0.0,1.0,1.0,13.213718,82.0,11.730164,4.0,1.0,75.0,0.0
69.0,403.34808,7.0,122.89449,44.44764,2.0,0.0,86.26576,12.647142,6.0,5.0,44.308006,2.0,20.0,0.0,3.0,3.0,1.0,91.0,2.0,2.0,0.0,27.821083,0.0
80.0,207.48448,18.682356,91.03129,23.0,0.0,0.0,94.0,-7.0,4.2223363,6.0,31.0,0.0,32.20665,13.239901,0.0,0.0,17.0,-8.0,7.0,3.0,0.0,63.483994,0.0
83.0,179.81866,4.0,96.61332,24.0,0.0,0.0,100.0,-7.0,7.0,8.0,17.0,3.0,23.655663,0.0,1.0,1.0,10.514253,95.37878,3.0,2.0,0.0,33.0,0.0
85.0,131.30513,1.0,62.705746,10.0,0.0,0.0,100.0,-7.0,7.0,8.0,8.0,1.0,16.0,1.0,2.0,2.0,27.110235,-8.0,2.0,1.0,0.0,54.03468,0.0
71.0,247.07257,2.0,63.0,22.0,0.0,0.0,92.0,-7.0,3.0380075,6.0,23.319948,4.0,31.225748,-7.0,0.0,0.0,12.523703,70.692856,3.0,2.0,0.0,49.0787,0.0
76.0,204.14365,10.0,111.92949,25.278456,1.0,0.0,83.0973,34.705723,6.0,5.0,27.0,1.0,36.43793,0.0,1.0,1.0,13.195693,81.01158,5.0,4.0,0.0,77.31935,0.0
75.0,95.879715,8.0,45.772152,8.844388,0.0,0.0,100.0,-7.0,7.0,8.0,7.059711,1.0,36.0,3.0,1.0,1.0,23.875101,-8.0,2.0,1.0,0.0,80.963295,0.0
72.0,174.9284,4.0,68.8616,16.097805,3.1907723,4.1354194,90.31755,61.484116,6.0,3.0,30.0,3.0,10.9962845,3.0,2.0,2.0,9.930061,-8.0,2.0,-9.0,0.0,25.778439,0.0
77.0,173.96088,2.0,65.0,48.95304,0.0,0.0,100.0,-7.0,7.0,8.0,44.174267,4.0,17.003458,0.0,4.0,3.7499225,10.527814,-8.0,7.6953754,4.0,0.0,50.0,0.0
84.0,202.32002,20.013235,124.26463,19.0,0.0,0.0,100.0,-7.0,7.0,8.0,21.799547,0.0,43.738705,19.267128,0.0,0.0,16.595509,63.978493,5.0,2.0,0.5849081,82.95757,0.0
70.45969,140.60432,16.0,72.182945,7.0,1.0,0.0,81.49645,28.684855,6.0,5.0,0.71933067,0.0,50.0,0.0,0.0,0.0,12.19454,-8.0,1.0,-3.993262,0.0,57.0,0.0
72.0,169.7043,9.0,70.979,13.894301,1.0,1.0,77.162636,11.769157,4.0,3.781727,16.002485,0.0,70.631096,8.019762,0.0,0.0,6.0,85.81236,1.0,3.0,0.0,71.0,0.0
80.70545,272.37787,4.0,93.0,29.0,0.0,0.0,100.0,-7.0,7.0,8.0,35.28504,2.0,77.26295,-8.0,0.0,0.0,29.599026,93.78536,3.0,2.0,0.0,77.157166,0.0
72.0,304.0132,18.576708,103.015564,12.0,0.0,0.0,100.0,-7.0,7.0,8.0,14.0,0.0,21.0,5.834575,0.0,0.0,80.03536,-8.0,3.0,1.0,2.0,60.089123,0.0
66.6969,348.26788,7.0,106.09982,3.3164666,3.6441662,2.0,57.337315,22.733896,6.0,2.0,8.621459,1.0,24.0,0.0,0.0,0.0,48.074226,-8.0,2.0,1.0,0.0,74.508415,0.0
65.0,265.47882,1.0,74.64294,34.639366,0.0,0.0,100.0,-7.0,4.0,6.0,37.09595,3.0,36.300266,0.0,1.0,1.0,31.336077,-8.0,8.0,2.0,3.0,75.0,0.0
74.09758,408.26074,6.0,75.0,18.0,2.4326792,1.6743805,83.02217,36.733414,6.0,3.0,18.0,2.0,47.84275,-7.0,1.0,1.0,15.0,-8.0,2.0,4.0,0.0,79.873405,0.0
68.0,151.55672,8.0,62.21815,23.0,0.0,0.0,100.0,-7.0,7.0,8.0,27.0,1.0,44.0,4.438357,1.0,1.0,64.841805,74.66013,5.0,4.0,2.0,71.0,0.0
68.0,98.85937,7.0,41.369427,30.0,0.0,0.0,96.0,43.349117,6.0,6.0,35.008465,2.0,9.744278,0.0,0.0,0.0,48.6743,73.608795,10.770125,2.0,4.830788,74.50284,0.0
80.0,108.792435,2.0,83.20089,12.0,0.0,0.0,93.80593,4.531964,6.0,6.0,13.0,4.0,40.0,17.243462,0.0,0.0,18.739796,-8.0,2.0,1.0,0.0,69.03451,0.0
83.0,199.9313,2.0,99.8779,42.87534,0.0,0.0,100.0,-7.0,7.0,8.0,28.0,3.0,28.397118,18.393368,0.0,0.0,7.3758254,88.683464,6.0,2.0,0.0,40.66743,0.0
71.0,206.45132,4.0,94.99113,26.0,0.0,0.0,95.0,76.02788,6.0,6.0,28.0,1.0,38.0,0.0,3.0,3.0,19.205917,80.0,6.0,2.0,1.0,70.0,0.0
78.347145,233.26859,2.0,110.16485,25.0,0.0,0.0,97.0,36.18662,6.0,6.0,28.0,3.0,24.0,0.0,1.0,1.0,12.046183,100.0,6.3687806,1.0,0.0,60.0,0.0
-9.0,-9.0,-9.0,-9.0,-9.0,-9.0,-9.0,-9.0,-9.0,-9.0,-9.0,-9.0,-9.0,-9.0,-9.0,0.0,-9.0,-9.0,-9.0,-9.0,-9.0,-9.0,-9.0,0.0
82.0,278.43353,5.0,103.32174,26.0,0.0,0.0,97.0,12.717879,6.0,6.0,34.0,2.0,47.0,-8.0,0.0,0.0,0.0,50.790745,1.0,2.0,0.0,32.01793,0.0
74.98635,184.93224,39.760414,133.34665,18.0,0.0,0.0,88.0,16.882145,4.219725,5.0,21.358152,0.0,21.0,0.0,0.0,0.0,42.235367,-8.0,3.0,1.0,0.0,100.0,0.0
66.23031,376.14572,1.0,75.90346,34.228764,0.0,0.0,100.0,-7.0,7.0,8.0,34.0,2.0,50.0,-7.055503,1.0,1.0,60.149605,59.122437,8.137212,4.0,1.0,71.0,0.0
90.99789,424.22284,22.20445,136.20808,14.0,0.0,0.0,100.0,-7.0,7.0,8.0,9.0,0.0,6.9237757,21.594997,0.0,0.0,2.0,-8.0,1.0,-8.0,0.0,27.112116,0.0
73.0,162.89633,7.0,64.74573,28.0,0.0,0.0,96.0,15.796108,6.0,6.0,27.0,2.0,35.0,0.0,4.0,4.0,6.0,-8.0,5.0,2.0,0.0,52.228348,0.0
84.0,364.4028,8.0,124.268326,24.0,0.0,0.0,100.0,-7.0,7.0,8.0,24.0,1.0,18.0,-7.0,1.0,1.0,2.0,-8.0,5.969819,2.0,0.0,69.784676,0.0
83.0,187.24323,12.554962,71.0,15.0,0.0,0.0,100.0,-7.0,7.0,8.0,20.67101,1.0,14.0,1.0,0.0,0.0,16.91575,-8.0,4.0,-1.2948636,0.0,56.056305,0.0
88.0,291.9175,11.0,108.75159,15.0,0.0,0.0,100.0,-7.0,7.0,8.0,10.0,1.9251859,15.531861,0.0,1.0,1.0,8.0,-8.0,1.0,1.0,0.0,22.39291,0.0
84.0,177.41762,7.0,87.97137,17.0,0.0,0.0,100.0,-7.0,7.0,8.0,11.639708,1.0,15.0,0.0,1.0,1.0,13.184053,-8.0,1.0,1.0,0.0,24.565536,0.0
82.0,344.33743,3.0,121.437416,21.0,0.0,0.0,100.0,-7.0,7.0,8.0,26.722052,2.965897,30.0,0.0,0.0,0.0,57.128613,-8.0,5.0,1.0,1.0,75.0,0.0
90.0,264.47638,10.0,115.93158,19.0,0.0,0.0,100.0,-7.0,7.0,8.0,22.0,1.0,38.0,22.811718,0.0,0.0,0.0,76.0,0.0,2.0,0.0,13.058309,0.0
76.0,185.12308,2.0,81.0,26.0,0.0,0.0,100.0,-7.0,7.0,8.0,27.0,2.0,24.0,0.0,2.0,1.0,25.0,86.67339,5.0,5.0,3.0,50.0,0.0
85.0,278.07962,2.0,90.0,22.0,0.0,0.0,100.0,-7.0,7.0,8.0,28.56921,4.0,15.0,1.0,3.0,3.0,4.0,-8.0,4.0,-8.0,1.0,36.751213,0.0
74.37453,180.39198,16.816963,97.36749,32.0,0.0,0.0,96.65258,10.594549,6.0,6.0,40.59795,0.0,47.0,-7.0,0.0,0.0,1.0,-8.0,0.0,2.0,0.0,22.984043,0.0
73.0,326.0302,6.0,97.52631,42.197865,0.0,0.0,100.0,-7.0,4.3133974,8.0,41.86287,2.0,8.257069,3.0,0.0,0.0,0.90268135,-8.0,3.0,-8.254398,0.0,24.98101,0.0
71.0,261.55325,7.0,70.0,16.0,0.0,0.0,79.65753,1.0268353,6.0,6.0,18.0,1.0,39.85797,-7.0,0.0,0.0,16.0,-8.0,4.0,-8.0,0.0,50.28471,0.0
83.0,272.9878,3.0,108.34723,11.225689,0.0,0.0,100.0,-7.0,7.0,8.0,10.333282,1.0,29.0,-7.0,3.0,2.8665395,27.992416,51.256374,2.0,2.0,0.0,50.0,0.0
90.8597,178.43527,6.0,80.459595,16.0,0.0,0.0,100.0,-7.0,7.0,8.0,20.0,1.0,41.0,-7.0,1.0,0.0,9.0,75.229324,2.0,2.0,0.0,57.0,0.0
86.0,196.42342,4.0,65.14503,43.748245,0.0,0.0,100.0,-7.0,7.0,8.0,47.677654,3.6231563,68.71075,-7.03958,2.0,2.0,4.0,97.05491,2.0,3.0,0.0,57.578083,0.0
86.0,209.80759,4.0,86.0113,28.0,0.0,0.0,100.0,-7.0,7.0,8.0,26.0,2.0,22.0,1.0,0.0,0.0,4.663844,-8.0,8.244125,1.0,0.0,59.19854,0.0
75.0,100.15363,6.0,60.961613,32.843006,0.0,0.0,100.0,-7.0,7.0,8.0,24.017662,1.0,10.483859,0.0,2.0,2.0,16.0,70.710045,3.0,1.0,0.0,31.852636,0.0
62.04283,420.44696,12.0,118.63792,33.0,0.0,0.0,86.94732,3.637383,6.0,6.0,41.954285,3.0,66.05799,6.5223274,0.0,0.0,29.245203,38.568413,3.0,4.0,0.0,78.61487,0.0
72.0,245.75717,2.0,53.181274,29.0,0.0,0.0,93.0,44.83522,6.0,6.0,55.291004,4.0,22.002796,1.9515935,2.0,2.0,11.8139105,100.0,5.0,2.0,0.0,52.17944,0.0
70.0,113.38406,9.0,53.563236,28.0,0.0,0.0,95.0,11.734552,6.0,6.0,33.0,4.0,76.556435,0.0,0.0,0.0,3.9226096,95.2068,4.0,5.8560395,0.0,100.0,0.0
82.0,154.90201,26.448544,79.30313,38.60748,0.0,0.0,100.0,-7.0,7.0,8.0,45.449684,0.0,45.0,0.0,1.0,1.0,0.89261043,62.78063,3.0,3.0,0.0,67.0,0.0
89.89691,128.32646,53.94965,141.75098,9.512428,0.0,0.0,100.0,-7.0,7.0,8.0,8.5936775,0.0,59.021866,9.0,0.0,0.0,0.0,-8.0,0.0,1.0,0.0,56.0,0.0
62.240353,351.65164,2.0,103.75751,50.85109,0.0,0.0,96.0,5.0941696,-8.740118,6.0,61.518307,6.0,28.795984,0.0,2.0,1.0,22.413374,62.690826,6.0,3.0414171,1.0,57.0,0.0
-9.0,-9.0,-9.0,-9.0,-9.0,-9.0,-9.0,-9.0,-9.0,-9.0,-9.0,-9.0,-9.0,-9.0,-9.0,-9.0,-9.0,-9.0,-9.0,-9.0,-9.0,-9.0,-9.0,0.0
70.0,394.37762,2.0,87.85095,51.097343,0.0,0.0,96.0,33.906094,6.0,6.0,59.537212,2.0,28.0,5.0,0.0,0.0,67.784355,93.0,11.0,5.0,5.9139624,70.0,0.0
69.52262,117.96502,3.0,46.626167,28.0,0.0,0.0,100.0,-7.0,7.0,8.0,27.72622,4.0,18.0,0.0,2.0,1.0,36.225994,90.704895,6.0,2.0,0.0,67.0,0.0
81.0,97.518906,25.771427,100.0,14.0,0.0,0.0,100.0,-7.0,7.0,8.0,14.563531,0.0,32.0,0.0,0.0,0.0,48.67633,-8.0,1.0,1.0,1.0,96.11976,0.0
88.0,141.13535,2.0,82.0,17.0,0.0,0.0,100.0,-7.0,7.0,8.0,19.129877,1.0,31.78603,0.0,2.0,1.0,4.5899734,-8.0,3.0,2.0,0.0,53.411083,0.0
67.0,205.50015,26.899588,115.506584,21.043726,0.0,0.0,93.0,1.0,3.0,6.0,25.0,0.0,17.0,1.0,1.0,1.0,37.98545,66.5263,12.800326,4.0,4.0,67.0,0.0
73.0,208.26042,3.0,66.00458,34.0,0.0,0.0,97.0,9.692104,6.0,6.0,46.23246,3.0,-9.0,0.0,0.0,0.0,22.961155,21.445019,7.0,2.0,0.0,57.0,0.0
70.0,189.26273,7.0,58.0,19.0,4.016189,2.0,82.25892,67.64161,6.0,2.0,28.0,1.6143533,67.0179,0.0,0.0,0.0,33.72105,80.29708,1.0,4.0,1.0,88.280396,0.0
74.877884,232.0798,16.383759,82.0,12.0,1.0,0.0,77.069275,60.696136,6.0,5.0,15.0,0.0,96.18209,0.0,0.0,0.0,2.778195,93.31142,1.0,4.0,0.0,100.0,0.0
73.0,187.10449,4.0,59.14595,43.021675,0.0,0.0,100.0,-7.0,7.0,8.0,38.0,4.0,52.40561,-7.0,0.0,0.0,58.989838,71.0,3.0,7.656992,3.0,88.0,0.0
85.0,225.85713,16.0,103.81526,6.553935,0.0,0.0,100.0,-7.0,7.0,8.0,12.0,1.0,21.465826,0.0,1.0,1.0,12.022512,-8.0,2.0,2.0,0.0,67.0,0.0
62.0,134.07018,3.0,42.57268,24.0,2.0,0.0,81.918396,2.0,4.0,3.0,36.153294,6.136676,38.0,1.0,1.0,1.0,22.948528,100.0,5.0,4.6745977,0.0,90.312584,0.0
59.981133,247.37465,2.0,150.63509,18.233566,3.0,2.4630508,72.47032,15.4223,-9.0,3.0,24.0,3.0,47.0,0.0,2.0,2.0,83.75372,85.80797,4.0,2.0,1.0,85.54259,0.0
58.950672,99.20008,15.0,62.22456,5.957826,2.0274003,1.0,77.17026,2.6255107,4.0,2.0,7.0,0.0,50.0,0.0,0.0,0.0,25.86948,-8.0,2.0,1.0,0.0,86.0,0.0
65.0,-4.6344624,2.0,31.215052,6.424088,1.0,0.0,69.25254,13.52546,6.0,5.0,9.0,3.0,24.0,0.0,3.0,3.0053203,34.17166,-8.0,3.0,2.0,0.0,75.0,0.0
89.0,252.13972,2.0,91.630165,27.819975,0.0,0.0,100.0,-7.0,7.0,8.0,26.877645,1.0,28.435339,0.0,0.0,0.0,2.064377,-8.0,1.0,1.0,0.0,32.374153,0.0
70.0,159.37254,16.0,91.851204,7.0,1.0,1.0,92.37067,18.139482,6.0,2.0,9.0,0.0,10.21297,0.0,0.0,0.0,2.3067045,-8.0,3.0,-8.0,0.0,45.92044,0.0
75.0,263.2267,4.0,94.0,37.1123,0.0,0.0,100.0,-7.0,7.0,8.0,52.755375,1.0,36.0,12.419933,0.0,0.0,40.939762,65.210205,11.0,4.0,3.0,75.31636,0.0
80.0,109.09752,2.7138453,53.152985,13.0,0.0,0.0,100.0,-7.0,7.0,8.0,15.0,3.0,35.0,13.720311,0.0,0.0,2.5076544,97.40221,1.0,2.0,0.0,30.67721,0.0
79.170204,168.11447,4.0,49.530327,17.0,0.0,0.0,100.0,-7.0,7.0,8.0,17.917421,2.0,37.0,-7.0,0.0,0.0,13.309712,73.59344,3.0,2.0,0.0,55.637527,0.0
66.647064,-9.0,7.6650863,54.090637,19.261745,0.0,0.0,100.0,-7.0,7.0,8.0,3.7012577,2.0,31.991829,4.0,0.0,0.0,60.69648,7.1013713,4.0,2.0,0.0,80.0,0.0
68.0,176.76965,21.821014,97.11068,14.0,3.0,1.0,77.25801,11.0139265,4.0,2.03722,16.0,0.0,50.0,1.0,3.0,3.0,8.49367,41.201496,2.0,4.0,0.0,67.0,0.0
58.350426,144.44003,10.0,67.900955,13.0,1.0,1.0,83.860725,6.236082,6.0,3.0,15.0,0.0,29.0,0.0,0.0,0.0,89.32978,86.76361,2.0,2.0,1.2413875,60.0,0.0
80.0,167.19244,5.0,71.46544,15.0,0.0,0.0,100.0,-7.0,7.0,8.0,16.238373,3.0,18.0,2.0,1.4621451,1.0,9.260205,93.30766,3.0,2.0,0.0,89.62743,0.0
79.0,133.3904,5.0,46.35759,12.0,0.0,0.0,100.0,-7.0,7.0,8.0,13.0,2.0,21.0,-7.0,0.0,0.0,13.0,88.0,2.0,2.0,0.0,64.0,0.0
62.74173,226.708,8.583191,85.75524,23.0,2.0,0.0,70.73198,4.0,4.0,6.0,24.0,1.0,36.0,0.0,0.0,0.0,18.426294,-8.0,6.0,3.0,0.0,70.0,0.0
73.0,162.78343,19.436321,92.0,12.0,1.0,0.0,81.77072,36.975693,6.0,5.0,13.0,0.0,50.0,19.849743,0.0,0.0,36.0,57.779633,3.0,2.0,1.1788121,80.0,0.0
-9.0,-9.0,-9.0,-9.0,-9.0,-9.0,-9.0,-9.0,-9.0,-9.0,-9.0,-9.0,-9.0,-9.0,-9.0,-9.0,-9.0,-9.0,-9.0,-9.0,-9.0,-9.0,-9.0,0.0
85.0,213.03685,13.973118,85.136856,48.69145,0.0,0.0,100.0,-7.0,7.0,8.0,63.02964,0.0,33.25056,1.6188889,1.0,1.0,3.0,-8.0,4.0,1.0,0.0,30.142899,0.0
78.97176,435.598,7.978314,119.21879,20.0,1.0,0.0,97.0,57.140305,6.0,2.9744904,26.0,2.0,30.0,23.192097,0.0,0.0,32.88573,36.29139,3.0,1.0,1.0,60.0,0.0
54.876163,295.91614,2.0,85.75009,28.0,0.0,0.0,90.487,-7.0,4.0,6.0,29.0,6.0,17.0,-7.0,0.0,0.0,33.385284,-8.0,6.0,1.0,3.360272,50.0,0.0
68.0,229.96542,10.0,97.0,21.0,0.0,0.0,94.0,33.33459,6.0,6.0,22.0,2.0,31.0,13.019508,0.0,0.0,34.340195,-8.0,10.351368,1.0,2.0,63.0,0.0
71.0,280.08875,10.0,86.0,32.66151,0.0,0.0,95.0,15.538576,6.0,6.0,32.0,1.0,25.0,20.139854,1.0,1.0,9.50155,50.482674,4.0,2.0,0.0,40.86851,0.0
78.0,160.003,10.0,80.54443,25.0,0.0,0.0,94.0,37.09242,6.0,5.0,26.629236,1.0,29.111439,14.673508,0.0,0.0,0.0,-8.0,2.0,1.0,0.0,22.891188,0.0
85.0,243.60835,4.0,93.1741,24.0,0.0,0.0,100.0,-7.0,7.0,8.0,22.0,2.0,14.263003,1.0,0.0,0.0,10.0,7.20056,4.0,2.0,0.0,64.339424,0.0
70.0,210.88647,16.990063,97.07391,10.207252,0.0,0.0,82.894424,3.0,4.9128213,6.0,10.812658,0.0,21.0,4.0,1.0,1.0,42.508553,-8.0,5.0,1.0,1.0,57.0,0.0
65.0,138.56693,5.0,68.85764,38.386375,1.0,0.6587723,97.0,15.061027,6.0,5.0,32.0,2.0,38.0,3.0,1.0,1.0,45.799232,69.36493,11.0,5.5944343,4.0,100.0,0.0
73.0,-9.0,6.0,26.433035,11.0,0.0,0.0,100.0,-7.0,7.0,8.0,6.5767784,1.0,13.0,-7.0,0.0,0.0,35.14782,-8.0,3.0,1.0,0.0,64.0,0.0
63.33342,152.76556,5.0,72.73822,22.20543,1.0,1.0,83.20661,10.710616,6.0,2.6752152,25.0,3.0,56.572727,-8.0,2.0,2.0,29.91231,-8.0,2.0,6.0,0.0,71.0,0.0
76.0,374.37912,7.0,97.675125,27.234581,0.0,0.0,100.0,-7.0,7.0,8.0,21.0,2.0,40.9925,-7.0,1.0,1.0,32.0,61.455196,4.0,3.0,0.0,71.0,0.0
-9.0,-9.0,-9.0,-9.0,-9.0,-9.0,-9.0,-9.0,-9.0,-9.0,-9.0,-9.0,-9.0,-9.0,-9.0,-9.0,-9.0,-9.0,-9.0,-9.0,-9.0,-9.0,-9.0,0.0
87.0,89.56656,5.0,86.83995,20.0,0.0,0.0,100.0,-7.0,7.0,8.0,25.0,2.0,45.936386,-8.0,0.0,0.0,0.0,-8.0,2.0,1.0,0.0,67.0,0.0
62.0,173.75732,1.0,57.69319,31.0,2.0,0.0,92.0,4.0,6.0,2.921361,28.0,5.0,43.0,0.0,0.0,0.0,8.566627,-8.0,4.0,2.0,1.0,44.0,0.0
63.4256,149.02637,10.0,92.0,12.0,7.7285724,3.6713784,-9.0,10.214111,4.0,2.0,17.0,1.0,34.25947,-7.0,1.0,0.0,17.0,45.071423,2.0,2.0,1.0,72.59644,0.0
80.0,362.34808,20.0,125.357544,26.59501,0.0,0.0,100.0,-7.0,7.0,8.0,30.0,0.0,18.0,0.0,0.0,0.0,13.363854,-8.0,6.0,1.0,2.0,43.069324,0.0
90.0,205.3779,21.878073,82.55249,8.0,0.0,0.0,100.0,-7.0,7.0,8.0,-1.6349006,0.0,33.0,0.0,0.0,0.0,0.0,-8.0,2.0,1.0,0.0,56.0,0.0
73.292366,224.66783,3.0,83.0,20.0,1.0,1.0,94.0,13.01124,6.0,2.0,6.872018,4.009822,27.0,0.0,0.0,0.0,6.0,87.59458,3.0,3.0,0.0,67.0,0.0
84.525696,400.27896,31.044958,150.69344,13.0,0.0,0.0,100.0,-7.0,7.0,8.0,14.0,0.0,59.790157,0.0,0.0,0.0,28.0,53.450085,2.0,6.22946,0.0,80.0,0.0
78.0,93.95824,4.0,43.820114,12.0,0.0,0.0,100.0,-7.0,7.0,8.0,17.0,3.0,25.0,0.0,2.0,2.0,15.608543,-8.0,4.0,1.0,1.0,56.53089,0.0
70.0,262.05618,9.0,139.62202,35.792213,0.0,0.0,97.0,13.231128,4.0,6.0,36.996067,1.0,8.644131,19.682547,0.0,0.0,18.94367,83.07158,11.699024,2.0,2.0,53.55395,0.0
78.0,188.26434,2.0,68.0,42.37904,0.0,0.0,100.0,-7.0,7.0,8.0,57.468193,6.165344,37.0,2.0,2.0,2.0,13.227452,92.82562,8.0,6.0,0.0,75.0,0.0
88.0,331.823,20.20562,126.17282,22.0,0.0,0.0,100.0,-7.0,7.0,8.0,25.0,0.0,22.0,0.0,0.0,0.0,1.0,-8.0,1.0310183,-7.632537,0.0,24.028276,0.0
73.39078,79.70802,-9.0,55.17135,10.008619,0.0,0.0,100.0,-7.0,7.0,8.0,10.947564,3.0,44.753357,0.0,7.531536,6.8315077,0.0,90.6289,2.0,4.0,0.0,70.22955,0.0
76.59693,197.02805,-3.4222798,93.0,32.00474,0.0,0.0,100.0,-7.0,7.0,8.0,41.64241,2.0,38.0,2.0,2.0,2.0,48.826084,-8.0,6.7003803,3.0,1.0,100.0,0.0
76.662155,220.74466,6.0,93.43742,29.192108,0.0,0.0,100.0,-7.0,7.0,8.0,35.0,1.7512044,44.0,5.0,0.0,0.0,16.861446,81.038124,3.0,2.0,1.0,33.0,0.0
86.0,213.85426,7.0,77.65819,35.944298,0.0,0.0,100.0,-7.0,7.0,8.0,92.32118,2.0,44.0,4.0,3.0,2.0,7.077874,80.76131,4.0,4.0,0.0,88.0,0.0
87.0,216.95808,3.0,75.783104,27.0,0.0,0.0,100.0,-7.0,7.0,8.0,24.0,2.2025895,33.0,3.0,2.0,1.9051028,0.0,94.10605,4.0,2.0,0.0,41.290073,0.0
88.0,243.68793,14.361085,105.55173,21.0,0.0,0.0,100.0,-7.0,7.0,8.0,21.0,0.0,9.229183,-7.0,0.0,0.0,10.136952,-8.0,4.0,-8.0,0.0,24.942343,0.0
80.0,161.24384,8.0,83.0,40.730576,0.0,0.0,94.54834,23.601732,6.0,6.0,27.0,1.0,31.0,21.37916,0.0,0.0,11.0,74.16926,6.0,1.0,0.0,38.0,0.0
77.0,135.5344,38.515617,72.0,17.0,0.0,0.0,100.0,-7.0,7.0,8.0,21.0,0.0,43.66264,-8.0,1.0,1.0,44.676563,-8.0,4.0,1.0,0.0,100.0,0.0
73.0,-9.0,3.9059067,45.024307,29.0,1.0,0.0,88.0,25.89618,4.5789247,5.0,30.0,5.0,49.954823,0.0,1.0,1.0,10.0,83.36883,3.0,3.0,0.0,83.0,0.0
80.0,315.82413,21.310482,120.47506,14.0,0.0,0.0,100.0,-7.0,7.0,8.0,17.0,0.0,64.433334,-7.0,0.0,0.0,21.0,82.0,2.9588523,1.0,-4.2693944,78.0,0.0
81.0,288.18826,8.0,101.81094,38.21071,0.0,0.0,92.529144,30.211525,6.0,6.0,32.0,1.0,58.12508,0.0,2.2525175,2.0,0.0,-8.0,2.0,1.0,0.0,40.0,0.0
65.0,297.7939,3.0,96.883064,42.57205,0.0,0.0,93.0,3.0,4.1553006,6.0,49.02745,2.0,43.0,1.0,2.0,1.0,36.0,33.637848,7.0,3.0,0.0,68.63633,0.0
73.0,171.56956,9.0,59.260136,22.0,0.0,0.0,100.0,-7.0,7.0,8.0,18.0,4.0,30.0,2.0,0.0,0.0,39.747032,49.979076,4.0,2.0,2.0,71.97503,0.0
84.0,243.4671,3.0,114.00797,20.0,0.0,0.0,100.0,-7.0,7.0,8.0,24.0,1.0,33.0,-7.0,2.2426598,2.0,8.685926,-8.0,2.0,2.0,0.0,45.25046,0.0
74.0,207.20386,3.0,70.87185,29.149944,0.0,0.0,100.0,-7.0,7.0,8.0,33.95704,3.0,38.289192,0.0,3.0,3.0,26.682316,85.50698,7.0,4.0,1.0,75.0,0.0
77.65835,163.16809,2.0,64.706535,34.214687,0.0,0.0,100.0,-7.0,7.0,8.0,38.094776,1.0,14.0,12.151314,0.0,0.0,9.0,-8.0,9.127122,1.0,0.0,62.1425,0.0
76.0,176.3923,7.0,111.70509,30.0,0.0,0.0,100.0,-7.0,7.0,8.0,28.693672,3.0,31.0,-8.0,0.0,0.0,11.0,85.18501,6.5668645,4.0,0.0,70.0,0.0
84.0,297.02383,2.0,80.0,43.715946,0.0,0.0,100.0,-7.0,7.0,8.0,54.87548,2.0,35.0,5.9971123,0.0,0.0,13.791924,71.25982,1.0,7.416534,0.0,58.51572,0.0
73.0,116.42097,23.859179,90.879875,17.0,1.0,0.7220008,88.4226,25.125286,6.0,2.0,24.0,0.0,55.004536,-8.0,0.0,0.0,1.0,-8.0,1.0,1.0,0.0,98.48762,0.0
61.10714,104.642426,12.0,52.43964,17.53931,3.355459,3.8754003,95.0,-7.0,4.0,8.0,20.0,0.0,98.69148,0.0,2.0,2.0,89.48876,67.19911,1.0,3.0,2.0,100.0,0.0
86.67575,266.3527,13.0,98.03425,10.941715,0.0,0.0,90.0,51.53045,6.0,5.0,12.0,1.0,33.0,16.107931,1.0,1.0,1.0,52.59877,1.0,1.0,0.0,56.0,0.0
89.0,280.24518,16.750435,145.54665,12.0,0.0,0.0,100.0,-7.0,7.0,8.0,7.1779065,0.0,7.809341,7.0,0.0,0.0,0.0,-8.0,2.0,1.0,0.0,50.0,0.0
71.65595,323.21362,8.0,129.14122,28.0,0.0,0.0,77.728424,3.0,6.0,6.0,26.0,1.0,41.0,14.724976,0.0,0.0,16.322052,52.30891,4.0,2.0,0.0,50.0,0.0
91.0,264.75104,10.0,152.21082,13.0,0.0,0.0,100.0,-7.0,7.0,8.0,16.628448,0.0,24.354458,-8.0,0.0,0.0,5.0,53.606842,2.0,2.0,0.0,52.423702,0.0
79.0,216.73685,2.0,81.0,38.922863,0.0,0.0,100.0,-7.0,7.0,8.0,55.51559,1.0,16.890495,0.0,2.0,2.0,12.947438,87.40702,4.0,2.0,0.0,32.10192,0.0
70.0,162.28633,8.0,64.41361,45.74974,1.0,1.0,100.0,-7.0,7.0,8.0,55.159298,2.0,70.59107,3.4606254,0.0,0.0,32.567394,-8.0,3.0,5.033298,0.0,63.0,0.0
68.023056,253.98381,5.0,86.72839,32.170357,0.0,0.0,100.0,-7.0,7.0,8.0,32.0,1.0,24.0,0.0,0.0,0.0,63.24848,91.87655,10.835319,2.0,3.0,86.57163,0.0
66.0,159.55386,2.0,61.0,19.0,1.0,1.0,100.0,-7.0,6.0,8.0,20.547031,3.0,48.846222,0.0,1.0,1.0,44.13685,-8.0,2.0,7.8938375,1.0,70.0,0.0
82.0,280.7331,4.0,79.0,42.686543,0.0,0.0,100.0,-7.0,7.0,8.0,51.54857,10.279055,30.0,0.0,2.3741114,2.0,10.562966,76.77134,5.0,6.4279914,0.0,60.583042,0.0
87.0,420.25317,10.0,109.232216,46.184505,1.0,0.0,99.0934,47.99346,6.0,5.0,53.6803,1.0,49.486248,-7.0,0.0,0.0,1.0,56.665127,7.0,3.0,0.0,78.0,0.0
85.0,193.23187,7.0,65.993576,25.0,0.0,0.0,100.0,-7.0,7.0,8.0,25.0,3.0,14.0,0.0,1.0,1.0,15.0,-8.0,4.0,2.0,0.0,50.0,0.0
84.0,405.38474,4.0,80.91555,23.873877,0.0,0.0,97.0,4.2772455,4.0,6.0,33.0,4.0,24.805496,0.6768859,0.0,0.0,0.0,93.51131,5.0,2.0,0.0,75.0,0.0
89.54467,170.01166,20.857996,80.0,16.0,0.0,0.0,100.0,-7.0,7.0,8.0,4.899325,0.0,11.352353,-7.0,1.0,1.0,1.0,-8.0,3.0,-2.125996,0.0,37.228836,0.0
83.14151,352.42798,10.0,105.97389,25.0,0.0,0.0,100.0,-7.0,7.0,8.0,19.0,0.79993725,23.0,21.605879,0.0,0.0,9.0,48.05882,6.0,1.0,0.0,50.0,0.0
71.0,170.94753,11.0,61.756268,30.0,0.0,0.0,90.0,38.667084,6.0,6.0,29.309708,1.0,31.0,-9.0,1.0,0.0,37.77571,-8.0,5.0,4.0,0.0,52.628735,0.0
73.0,252.79648,23.911047,133.36067,31.41246,0.0,0.0,89.35018,19.643946,6.0,6.0,34.0,0.0,33.0,0.0,0.0,0.0,26.246668,71.234146,5.0,2.0,0.0,54.9125,0.0
85.82848,364.2582,2.0,76.075005,22.0,0.0,0.0,100.0,-7.0,7.0,8.0,24.0,3.0,44.00574,2.0,3.0,3.0,2.915529,96.62282,4.0,3.0,0.0,53.553192,0.0
62.14708,-1.0792409,3.4632692,20.91272,18.0,1.0,1.5046905,83.2945,6.0,6.0,3.0,20.0,2.0,25.0,0.0,2.0,2.0,19.0,-8.0,2.0,1.0,0.0,33.0,0.0
87.01655,526.5187,11.0,224.31216,23.0,0.0,0.0,100.0,-7.0,7.0,8.0,21.689655,0.0,33.0,4.0,0.0,0.0,5.0,70.50042,2.0,2.0,0.0,54.643795,0.0
65.52372,238.54547,0.24679886,85.69069,27.0,1.0,1.0,100.0,24.233181,0.99646944,6.0,26.0,4.128304,33.0,1.0,2.0,2.0,39.616127,79.66226,5.0,3.0,0.0,75.0,0.0
81.0,216.14413,3.0,81.541145,29.0,0.0,0.0,100.0,-7.0,7.0,8.0,40.379143,0.0,18.0,0.0,2.0,2.0,15.114207,-8.0,6.0,1.0,1.0,50.0,0.0
79.0,212.76082,2.0,71.0,22.602768,0.0,0.0,100.0,-7.0,7.0,8.0,34.0,2.0,57.549686,1.5871329,1.0,1.0,53.041866,91.0,5.0,5.0,1.0,86.0,0.0
92.909874,206.863,20.064402,101.784294,13.0,0.0,0.0,100.0,-7.0,7.0,8.0,12.111009,0.0,27.49,4.0,0.0,0.0,1.0,-8.0,2.0,-8.0,0.0,35.65652,0.0
83.0,430.0754,8.0,298.00668,14.553304,0.0,0.0,100.0,-7.0,7.0,8.0,16.053091,1.0,24.126455,5.0,1.0,1.0,14.662588,-8.0,4.0,1.0,1.0,100.0,0.0
88.0,184.88841,4.0,110.1585,34.138405,0.0,0.0,100.0,-7.0,7.0,8.0,37.0,4.59205,39.36031,16.427416,0.0,0.0,4.0,70.34939,3.0,2.0,0.0,44.0,0.0
50.12481,159.87193,4.0,71.0,32.0,0.0,0.0,95.615875,19.017027,6.0,6.0,34.0,6.0,19.47394,-7.0,0.0,0.0,40.990387,59.567642,8.0,4.0,4.4142256,67.0,0.0
74.0,182.65105,3.0,84.0,17.0,0.0,0.0,86.21215,18.207376,6.0,6.0,13.0,1.0,21.022589,-7.0,1.0,1.0,28.826443,-8.0,5.0,1.0,1.0,64.48766,0.0
83.0,-1.5166806,32.16086,81.0,16.703173,0.0,0.0,96.0,17.098106,6.0,6.0,9.0,0.0,22.0,0.0,0.0,0.0,1.0,-8.0,4.0,2.0,0.0,63.0,0.0
62.0,226.10416,19.292217,94.0,15.0,1.0,0.0,69.646126,3.0,6.0,4.0,18.0,0.0,57.591293,0.0,0.0,0.0,3.0,93.0,3.0,4.0,0.0,82.381874,0.0
85.0,88.56003,4.0,64.04007,20.0,0.0,0.0,100.0,-7.0,7.0,8.0,19.0,1.0,38.84639,0.0,1.0,1.0,3.0,78.663345,2.0,3.0,0.0,83.0,0.0
68.0,261.70508,4.195504,81.0,14.0,1.3230731,1.0,91.724464,1.0,-1.3104032,5.0,13.0,2.0,61.452656,0.0,4.740455,4.0,23.883701,45.118027,2.0,3.0,0.0,71.0,0.0
71.0,101.62473,5.0,61.76628,70.24224,0.0,0.0,100.0,-7.0,7.0,8.0,50.59465,2.0,41.0,0.0,1.0,1.0,28.0,12.001917,8.7024145,4.0,1.0,73.0,0.0
83.0,256.80936,17.0,106.0503,42.600887,0.0,0.0,100.0,-7.0,7.0,8.0,46.92102,0.0,35.549885,6.0,0.0,0.0,18.76212,84.01266,4.0,3.0,0.0,53.512997,0.0
76.0,102.85834,19.38729,68.0,14.0,0.0,0.0,100.0,-7.0,7.0,8.0,15.0368395,0.0,42.29055,4.0,0.0,0.0,11.883777,-8.0,3.0,2.0,0.0,66.6576,0.0
62.0,358.14328,2.0,93.0,39.0,0.0,0.0,100.0,-7.0,6.0,8.0,47.44987,3.0,22.0,0.0,3.0,3.0,44.54981,82.0,13.342835,5.02556,3.2631793,70.0,0.0
85.0,325.0913,13.0,131.35278,7.0,0.0,0.0,100.0,-7.0,7.0,8.0,9.598724,1.0,13.260887,13.169798,0.0,0.0,37.151413,-8.0,3.0,1.0,1.0,69.18878,0.0
70.699135,204.64526,3.0,65.0,26.0,0.0,0.0,100.0,-7.0,7.0,8.0,30.0,3.0,50.0,0.0,4.340079,4.695681,48.937748,97.49448,7.0,2.0,3.5396805,75.0,0.0
69.0,390.61517,5.0,86.0,26.29226,0.0,0.0,97.0,65.80017,6.0,6.0,24.0,1.0,59.680862,2.0,1.0,1.0,68.95298,99.14915,5.0,2.0,1.0,82.72111,0.0
87.0,218.98729,12.900361,155.65721,15.0,0.0,0.0,100.0,-7.0,7.0,8.0,16.0,0.0,19.35302,22.875408,0.0,0.0,0.02442515,-8.0,1.0,-8.0,0.0,33.0,0.0
80.0,205.18144,2.0,100.90668,34.61063,0.0,0.0,86.07171,32.091843,6.0,6.0,43.69362,3.0,14.0,3.0,1.0,1.0,3.0,32.218697,6.0,1.0,0.0,38.0,0.0
72.34534,324.46176,2.0,71.98925,25.0,1.0,1.0,92.12694,15.653122,6.0,4.9999266,26.0,3.0,17.0,0.0,0.0,0.0,6.0,-8.0,6.0,2.0,0.0,66.49868,0.0
69.0,157.6695,6.1682777,56.20008,29.0,1.0,1.0,100.0,-7.0,7.0,8.0,32.0,2.0,28.0,-7.0,4.0,3.1300337,80.33547,72.29124,10.298429,4.0,4.0,100.0,0.0
79.0,150.65448,1.0,53.641567,30.42403,0.0,0.0,100.0,-7.0,7.0,8.0,32.0,2.0,22.0,2.0,2.0,2.0,5.00401,80.8462,3.0,2.0,0.0,50.0,0.0
70.0,577.60803,57.890854,302.30032,15.0,2.4449656,2.0,79.38685,18.009905,6.0,2.0,17.518242,0.0,38.0,-9.0,0.0,0.0,28.0,-8.0,2.0,1.0,0.0,60.0,0.0
81.0,159.12526,4.0,101.137215,13.941983,0.0,0.0,96.0,46.41803,6.0,6.0,13.0,1.0,25.0,0.0,3.7056696,3.191282,0.0,74.434364,1.0,2.0,0.0,45.435524,0.0
81.0,12.379275,3.0,65.98396,31.0,0.0,0.0,96.0,80.23828,6.0,6.0,7.0,2.0,7.2582335,17.310108,0.0,0.0,2.0,-8.0,5.0,1.0,0.0,34.893085,0.0
54.67675,133.43593,10.0,81.52809,58.564667,0.0,0.0,88.0,-7.0,4.0,6.0,63.49868,0.0,22.0,0.0,1.0,1.0,91.42006,91.0,8.0,6.0,6.779758,100.0,0.0
72.0,146.75323,6.0,60.463516,13.596057,0.0,0.0,100.0,-7.0,7.0,8.0,15.0,1.0,30.0,-8.0,0.0,0.0,64.492676,64.29996,3.0,2.0,2.0,68.52957,0.0
61.422123,89.494286,20.682444,72.0,12.0,3.0090733,1.0,68.2724,25.01126,6.0,3.746122,11.575698,0.0,50.0,0.0,4.0,4.0,56.870358,-8.0,2.0,2.0,1.0,100.0,0.0
72.0,240.47693,1.0,90.958,24.408344,0.0,0.0,92.0,-9.0,6.0,6.0,27.0,4.5491366,32.0,0.0,0.0,0.0,37.101223,63.946835,4.0,3.6197648,2.0,64.0,0.0
87.0,367.41232,3.0,129.88046,17.0,0.0,0.0,100.0,-7.0,7.0,8.0,28.0,2.0,18.0,0.0,0.0,0.0,0.5468898,-8.0,1.0,-8.0,0.0,-5.513279,0.0
84.0,149.61871,2.0,92.0,20.0,0.0,0.0,100.0,-7.0,7.0,8.0,23.0,1.0,53.012966,6.1442924,1.0,1.0,11.0,100.0,2.0,4.0,0.0,86.0,0.0
73.80513,133.23196,20.0,76.73441,14.0,0.0,0.0,100.0,-7.0,7.0,8.0,18.0,0.0,42.0,-7.0,0.0,0.0,79.658745,-8.0,4.0,2.0,0.0,89.87621,0.0
80.0,215.13248,6.0695868,83.90423,9.0,0.0,0.0,100.0,-7.0,7.0,8.0,11.0,1.0,20.052174,-7.0,0.0,0.0,48.65439,88.0,3.0,2.0,0.0,60.640663,0.0
64.0,232.36183,19.099659,137.74551,29.0,0.0,0.0,94.16356,36.87971,6.0,6.0,29.119062,0.0,34.27198,-7.0,0.0,0.0,68.959564,53.563023,9.0,3.0,5.4078097,80.76329,0.0
83.80154,331.9303,9.0,96.04729,25.0,0.0,0.0,100.0,-7.0,7.0,8.0,23.297655,0.0,39.0,1.0,0.0,0.0,12.0,75.816895,2.0,2.0,0.0,84.96917,0.0
88.0,193.40674,6.0,133.59093,17.0,0.0,0.0,95.0,36.805504,6.0,6.0,17.47029,2.0,29.0,0.0,0.0,0.0,0.0,-8.0,1.0,1.0,0.0,32.722664,0.0
68.0,149.56013,3.0,75.80887,14.0,0.0,0.0,95.0,24.682074,6.0,6.0,22.0,2.0,44.660763,-7.0,4.8751903,5.0,52.419926,-8.0,4.0,2.0,0.0,81.73624,0.0
73.0,102.92524,6.0,66.28527,41.242657,0.0,0.0,93.0,-7.0,3.0,5.0,48.77919,3.0,24.113152,0.0,0.0,0.0,6.110343,93.24432,2.0,1.0,0.0,42.24176,0.0
59.053516,139.32176,2.0,68.0,31.0,1.0,0.0,86.962105,1.9234774,4.0,5.0,33.0,6.8214407,33.0,0.0,3.0,2.0,41.063942,-8.0,8.0,5.0,1.0,83.0,0.0
72.39707,447.7994,22.655207,170.3272,10.0,1.0,0.0,93.0,24.859158,4.0,5.0,11.0,0.0,25.0,0.0,0.0,0.0,3.682475,1.2200719,1.0,1.0,0.0,63.0,0.0
-9.0,-9.0,-9.0,-9.0,-9.0,-9.0,-9.0,-9.0,-9.0,-9.0,-9.0,-9.0,-9.0,-9.0,-9.0,-9.0,-9.0,-9.0,-9.0,-9.0,-9.0,-9.0,-9.0,0.0
66.0,337.53146,7.0,167.58353,13.0,3.854894,0.0,60.925915,39.755966,6.0,2.0,17.635582,1.0,35.0,0.0,0.0,0.0,31.76401,65.15532,4.0,2.0,0.0,71.0,0.0
86.0,294.9339,11.0,104.64986,21.0,0.0,0.0,100.0,-7.0,7.0,8.0,25.38247,1.0,19.0,-7.0,1.0,1.0,3.0,-8.0,3.0,-7.52991,0.0,35.774372,0.0
70.0,308.28342,15.648707,98.91224,17.0,1.0,1.0,100.0,-7.0,6.0,8.0,18.0,0.0,26.579288,0.0,0.0,0.0,20.186312,-8.0,2.0,2.0,0.0,60.0,0.0
74.0,170.69409,21.120586,102.182625,12.0,0.0,0.0,100.0,-7.0,7.0,8.0,11.0,0.0,56.682865,0.0,4.0,3.9346645,94.91509,-8.0,1.0,1.0,0.0,62.306553,0.0
72.0,216.8464,4.0,81.7743,32.376118,2.0,2.0,93.0,34.46234,6.0,2.0,39.888977,4.0,16.357918,1.0,1.0,1.0,7.0,88.0,9.185448,2.0,0.0,60.0,0.0
-9.0,-9.0,-9.0,-9.0,-9.0,-9.0,-9.0,-9.0,-9.0,-9.0,-9.0,-9.0,-9.0,-9.0,-9.0,-9.0,-9.0,-9.0,-9.0,-9.0,-9.0,-9.0,-9.0,0.0
76.88767,111.97899,16.39474,63.665726,8.607454,0.0,0.0,100.0,-7.0,7.0,8.0,9.0,0.0,27.0,0.0,0.0,0.0,40.929832,-8.0,3.0,2.0,0.0,75.0,0.0
78.82248,260.6656,5.0,84.0,25.0,0.0,0.0,100.0,-7.0,7.0,8.0,37.0,2.0,35.0,0.0,1.0,1.0,13.6699705,-8.0,2.0,3.0,1.0,43.0,0.0
-9.0,141.97133,2.0,46.71906,17.0,0.0,0.0,77.405556,3.816699,5.0,6.0,21.0,3.0,18.85754,4.0,2.0,2.0,92.95359,66.364365,9.737375,1.0,10.402192,78.214645,0.0
72.0,325.41898,9.0,86.54056,29.0,0.0,0.0,100.0,-7.0,7.0,8.0,32.0,1.0,42.568073,6.277652,0.0,0.0,59.636574,91.03531,8.528923,3.0,3.2559655,80.0,0.0
80.0,378.1453,11.0,122.064156,31.7581,0.0,0.0,100.0,-7.0,7.0,8.0,31.0,0.0,49.303364,0.0,6.0435195,6.5601516,4.556158,-8.0,3.0,2.0,0.0,50.0,0.0
65.0,392.8262,1.0,91.297646,32.0,0.0,0.0,89.0,22.41521,6.0,6.0,41.218708,4.0,31.403458,3.3673344,0.0,0.0,28.0,82.58126,5.0,3.0,3.0,41.507595,0.0
70.0,159.67485,10.0,19.286907,20.080732,0.0,0.0,100.0,-7.0,7.0,8.0,21.0,2.0,43.474,0.0,0.0,0.0,29.472025,87.525734,6.0,4.0,0.0,67.0,0.0
69.655396,94.55222,7.0,70.6272,28.0,0.0,0.0,92.0,22.545008,6.0,6.0,28.0,2.0,22.0,7.5786333,0.0,0.0,32.994244,-8.0,4.0,1.0,1.0,87.81497,0.0
84.0,204.41425,15.0,106.50523,13.613929,0.0,0.0,100.0,-7.0,7.0,8.0,14.0,0.0,20.0,-8.0,1.0,1.0,30.331985,-8.0,4.0,1.0,0.0,56.0,0.0
70.0,225.85774,12.0,96.44982,18.497557,1.0,1.0,68.58084,8.200754,6.0,3.0,25.0,1.0,20.0,-7.0,0.0,0.0,2.0,-8.0,2.0,-8.0,0.0,40.0,0.0
81.0,151.6024,6.920319,65.0,29.0,0.0,0.0,100.0,-7.0,7.0,8.0,46.90676,2.0,41.660538,1.4804422,1.0,1.0,13.862956,76.0,2.0,3.0,0.0,43.0,0.0
92.57022,204.00026,2.0,167.74095,13.0,0.0,0.0,100.0,-7.0,7.0,8.0,8.266208,1.0,42.0,0.0,0.0,0.0,4.0,-8.0,1.0,1.0,0.0,36.150074,0.0
-9.0,411.30862,12.0,124.60253,30.522488,1.0,0.0,69.88451,6.0,6.0,5.0,47.113426,0.5458853,20.0,1.0,3.0,3.0,55.643887,91.46519,11.0,2.0,3.0,66.94175,0.0
65.0,340.40823,3.0,86.285576,46.004482,0.0,0.0,100.0,-7.0,7.0,8.0,51.184017,1.0,33.0,0.0,4.0,4.0,83.25113,7.948684,11.0,2.0,9.462553,67.0,0.0
67.0,136.80553,2.0,75.0,19.83799,0.0,0.0,90.0,3.5647314,6.0,6.0,21.0,1.0,21.0,0.0,1.0,1.0,62.75449,-8.0,4.0,1.0,4.0,60.0,0.0
-9.0,-9.0,-9.0,-9.0,-9.0,-9.0,-9.0,-9.0,-9.0,-9.0,-9.0,-9.0,-9.0,-9.0,-9.0,-9.0,-9.0,-9.0,-9.0,-9.0,-9.0,-9.0,-9.0,0.0
76.0,-8.041884,2.0,40.03116,6.7684407,0.0,0.0,100.0,-7.0,7.0,8.0,9.10945,2.0,46.421013,-7.0,0.0,0.0,32.0,87.050705,3.0,2.0,0.0,80.0,0.0
77.0,183.66388,10.0,82.190056,14.0,0.0,0.0,100.0,-7.0,7.0,8.0,12.0,0.0,20.0,0.0,4.0,3.9823277,53.23511,-8.0,4.0,1.0,1.0,56.0,0.0
68.0,54.290417,3.0,58.0,19.0,0.0,0.0,89.0,10.756246,6.0,6.0,21.0,3.0,22.0,13.038663,0.0,0.0,14.0,-8.0,9.0,2.0,1.0,100.0,0.0
83.0,150.47252,4.0,63.0,14.0,0.0,0.0,100.0,-7.0,7.0,8.0,13.0,1.0,29.02658,5.0,1.0,1.0,27.544197,-8.0,3.0,1.0,0.0,65.58138,0.0
63.779243,134.96954,2.0,65.10947,19.0,1.0,0.0,82.13716,21.48668,6.0,5.0,24.0,1.0,19.0,0.0,0.0,0.0,54.667995,43.59453,6.80492,1.0,0.0,60.0,0.0
85.0,205.06189,7.0,73.468414,22.0,0.0,0.0,100.0,-7.0,7.0,8.0,23.0,1.0,21.0,0.0,1.0,1.0,1.0,88.0,4.0,2.0,0.0,56.0,0.0
85.0,264.64606,22.474068,174.31914,20.0,0.0,0.0,100.0,-7.0,7.0,8.0,24.0,0.0,18.123936,0.0,0.0,0.0,35.34755,-8.0,2.0,1.0,0.0,60.0,0.0
92.89594,313.68533,9.0,176.1088,-9.0,0.0,0.0,100.0,-7.0,7.0,8.0,3.6475596,1.0,36.0,10.642492,0.0,0.0,0.0,14.995437,-9.0,1.0,0.0,33.0,0.0
74.0,150.72159,7.825618,92.08099,30.249601,0.0,0.0,100.0,-7.0,6.0,8.0,30.0,1.0,25.0,0.0,0.0,0.0,32.28513,81.312126,4.0,2.0,3.0,43.0,0.0
-9.0,-9.0,-9.0,-9.0,-9.0,-9.0,-9.0,-9.0,-9.0,-9.0,-9.0,-9.0,-9.0,-9.0,-9.0,-9.0,-9.0,-9.0,-9.0,-9.0,-9.0,-9.0,-9.0,0.0
70.0,320.45245,3.0,68.79769,29.0,1.0,0.0,89.0,2.7549038,0.0,5.0,35.171326,4.0,35.0,0.0,2.0,1.0,13.566326,72.357025,8.0,6.0601015,0.0,74.26526,0.0
89.1323,277.9818,12.0,147.19489,24.6951,0.0,0.0,100.0,-7.0,7.0,8.0,27.0,0.0,11.0,0.0,0.0,0.0,0.798821,-8.0,1.0,2.0,0.0,-9.0,0.0
88.0,281.5388,1.0,103.73287,19.0,0.0,0.0,100.0,-7.0,7.0,8.0,24.0,1.0,30.067368,-7.0,0.0,0.0,11.932192,-8.0,5.0,2.0,0.0,57.0,0.0
76.0,240.2907,7.0,72.0,28.0,0.0,0.0,100.0,-7.0,7.0,8.0,34.834984,2.0,22.0,16.473324,0.0,0.0,27.025858,72.313675,7.0,3.0,2.0,80.0,0.0
69.12281,345.49603,9.0,95.592804,30.0,0.0,0.0,93.0,22.66798,6.0,6.0,29.0,0.0,22.595465,2.0,1.0,1.0,49.582703,62.76995,1.0,2.0,0.0,58.0,0.0
79.0,157.75719,8.0,88.46038,23.0,0.0,0.0,97.0,29.348825,6.0,6.0,24.0,1.0,15.0,3.0,2.0,2.0,1.0,-8.0,2.0,1.9136597,0.0,33.0,0.0
72.0,385.03946,6.0,81.0,33.0966,0.0,0.0,100.0,-7.0,7.0,8.0,28.07974,3.0,20.0,1.0,4.0,3.6667407,67.88008,76.0,3.0,3.0,2.0,63.73374,0.0
89.718216,264.6387,32.549885,130.9391,12.0,0.0,0.0,100.0,-7.0,7.0,8.0,14.468526,0.0,27.0,-8.0,0.0,0.0,9.667069,-8.0,2.0,-8.0,0.0,56.0,0.0
92.86959,140.9163,23.084284,109.82171,6.2519493,0.0,0.0,100.0,-7.0,7.0,8.0,8.890585,0.0,32.0,-8.0,0.0,0.0,0.7989442,-8.0,2.0,1.0,0.0,68.396675,0.0
89.0,329.1675,9.0,109.710625,26.827673,0.0,0.0,100.0,-7.0,7.0,8.0,22.0,2.0,12.521473,-7.0,2.0,1.0,1.0,-8.0,2.0,1.0,0.0,14.372386,0.0
67.0,136.27681,3.0,64.44628,16.0,0.0,0.0,86.002304,-7.0,3.0,6.0,20.0,2.0,14.0,1.0,0.0,0.0,16.550158,-8.0,3.0,-8.0,1.0,52.224113,0.0
86.69296,239.4638,17.0,120.319466,16.0,0.0,0.0,100.0,-7.0,7.0,8.0,4.022166,0.0,30.0,18.345032,0.0,0.0,1.0,-8.0,2.0,1.0,0.0,50.0,0.0
85.0,182.80908,8.264421,62.46561,22.0,0.0,0.0,100.0,-7.0,7.0,8.0,24.0,2.0,21.0,-8.0,0.0,0.0,2.0,-8.0,5.0,2.0,0.0,43.0,0.0
71.0,178.47452,6.0,80.13709,45.78769,0.0,0.0,100.0,-7.0,7.0,8.0,49.40401,3.0,68.2374,0.0,2.0,2.0,41.850437,68.69248,4.0,13.379258,1.0,100.0,0.0
67.0,167.02141,4.0,75.0,37.879894,1.0,0.0,92.30461,11.484638,6.0,4.1557517,38.0,1.0,23.481802,0.0,1.0,1.0,38.441345,88.83559,9.562451,2.0,1.0,58.0,0.0
84.0,231.08165,2.0,81.0,23.0,0.0,0.0,100.0,-7.0,7.0,8.0,24.0,2.0,42.0,8.0,0.0,0.0,12.0,-8.0,3.0,3.0,0.0,56.0,0.0
85.4984,173.4763,-9.0,82.0,21.097372,0.0,0.0,100.0,-7.0,7.0,8.0,37.238033,1.0,16.149525,0.0,3.0,2.0,5.0,-8.0,2.0,1.0,0.0,33.0,0.0
68.0,340.6975,10.0,71.58135,16.184263,0.0,0.0,93.0,24.105415,6.0,6.0,23.0,2.0,60.966522,-7.0,0.0,0.0,92.3309,49.40085,3.0,2.0,2.0,100.0,0.0
74.0,233.68646,2.0,75.0,39.425304,0.0,0.0,100.0,-7.0,7.0,8.0,50.105476,2.5042813,21.466019,-7.0,1.1217172,1.0587958,49.927258,98.635666,11.0,3.0,3.0,81.56655,0.0
68.0,287.20892,9.0,136.76884,38.96599,0.0,0.0,100.0,-7.0,7.0,8.0,45.62743,0.0,19.0,0.0,0.0,0.0,64.62881,-8.0,15.895551,1.0,10.760396,77.99295,0.0
89.0,221.58119,10.0,122.57607,-9.0,0.0,0.0,100.0,-7.0,7.0,8.0,3.0345595,0.0,20.0,0.0,0.0,0.0,1.0,98.4803,2.0,1.0,0.0,90.443016,0.0
83.1896,262.38815,2.0,77.0,21.469795,0.0,0.0,96.0,22.274769,6.0,6.0,26.0,4.3054867,46.0,14.671143,0.0,0.0,4.0,94.01384,4.023333,2.0,0.0,78.0,0.0
68.0,149.60373,5.0,69.81664,44.585308,0.0,0.0,100.0,-7.0,7.0,8.0,46.89057,3.0,29.0,2.0,3.0,3.0,40.94394,28.206276,10.452819,2.0,2.0,67.0,0.0
76.0,290.72266,3.0,70.0,20.629436,0.0,0.0,100.0,-7.0,7.0,8.0,23.0,2.0,25.95508,0.0,0.0,0.0,49.851307,83.86359,3.0,2.0,2.17815,40.86182,0.0
89.0,308.99347,13.295633,154.55228,32.022697,0.0,0.0,100.0,-7.0,7.0,8.0,-0.7351816,2.0,24.0,0.0,0.0,0.0,7.0,-8.0,2.0,1.0,0.0,25.0,0.0
84.0,178.77429,0.29805696,110.3692,14.8799515,1.0,1.0,91.27112,51.80817,6.0,5.0,12.0,2.0,33.0,1.0,0.0,1.0,2.0,71.158226,4.7028065,2.0,0.0,71.0,0.0
69.0,199.56155,2.0,67.0,51.901394,0.0,0.0,100.0,-7.0,7.0,8.0,55.938976,6.0,54.6813,0.0,2.0,2.0,70.09132,51.622833,9.0,4.3478546,5.7541294,69.18896,0.0
84.0,395.2964,9.0,125.972466,45.624058,0.0,0.0,100.0,-7.0,7.0,8.0,46.86708,1.0,21.0,0.0,0.0,0.0,2.0,36.657635,4.0,2.0,0.0,60.6732,0.0
85.10893,410.54413,10.0,148.29033,29.0,0.0,0.0,100.0,-7.0,7.0,8.0,34.0,1.0,14.0,0.0,1.0,1.0,0.0,-8.0,2.0,1.0,0.0,21.651482,0.0
85.0,212.71812,5.0,119.1237,39.0,0.0,0.0,100.0,-7.0,7.0,8.0,36.65148,1.0,27.0,5.0,1.0,1.0,10.0,-8.0,2.0,1.0,0.0,30.09886,0.0
70.12344,256.98645,2.0,72.48872,40.048744,0.0,0.0,95.0,56.8642,6.0,6.0,43.277084,9.88137,24.0,0.0,4.0,4.0,14.625642,84.90438,9.0,3.0,2.0,44.951153,0.0
82.0,78.91086,2.0,51.27836,11.0,0.0,0.0,100.0,-7.0,7.0,8.0,7.162145,4.0,49.716248,-7.0,0.0,0.0,16.0,85.89818,3.0,2.0,0.0,86.0,0.0
73.086235,181.79233,2.2740684,76.0,25.0,0.0,0.0,95.0,17.153112,6.0,6.0,31.539576,3.0,22.0,21.515156,0.0,0.0,11.5796,-8.0,5.0,2.0,0.0,57.863266,0.0
79.0,264.7111,2.0,88.03873,23.612654,0.0,0.0,95.0,68.84606,6.0,6.0,17.729292,4.0,38.7248,-7.0,1.0,1.0,5.653395,93.89205,3.0,3.0,0.0,77.75293,0.0
85.0,474.00458,7.0,128.47894,18.42625,0.0,0.0,100.0,-7.0,7.0,8.0,20.0,1.0,21.558607,21.945747,0.0,0.0,25.074589,-8.0,4.0,1.0,1.0,50.0,0.0
69.0,406.81973,16.901484,166.75076,21.0,1.0,1.6933646,81.01558,3.0,5.0,4.0,25.0,0.0,11.0,-8.0,0.0,0.0,0.7195332,-8.0,2.0,-1.9318243,0.0,33.0,0.0
-9.0,-9.0,-9.0,-9.0,-9.0,-9.0,-9.0,-9.0,-9.0,-9.0,-9.0,-9.0,-9.0,-9.0,-9.0,-9.0,-9.0,-9.0,-9.0,-9.0,-9.0,-9.0,-9.0,0.0
63.47601,81.38528,4.0,54.340595,9.0,2.0,2.3846343,90.0,10.504445,4.446894,-8.765754,13.0,2.0,23.728254,-7.0,0.0,0.0,0.0,-8.0,1.0,2.0,0.0,91.20651,0.0
83.0,290.10233,4.0,61.20597,20.0,0.0,0.0,100.0,-7.0,7.0,8.0,24.0,2.0,55.390644,8.070398,0.0,0.0,6.4321475,82.167076,3.0,7.911248,0.0,83.041626,0.0
79.0,125.11632,1.0,76.0,19.0,0.0,0.0,100.0,-7.0,7.0,8.0,16.0,1.0,19.0,0.0,0.0,0.0,1.0,-8.0,2.0,1.0,0.0,43.0,0.0
59.405815,198.85086,4.0,54.608524,47.33538,0.0,0.0,86.12495,13.141247,6.0,6.0,48.887188,4.0,22.441088,0.0,3.1126618,3.0,60.089645,87.3774,9.076019,4.0,4.3103576,67.0,0.0
71.0,129.20753,6.9643445,63.0,10.0,0.0,0.0,100.0,-7.0,7.0,8.0,10.490932,2.0,66.39378,0.0,2.0,2.0,0.0,-8.0,1.0,1.0,0.0,67.0,0.0
80.0,277.20447,3.0,118.90313,33.0,0.0,0.0,95.0,75.302216,6.0,6.0,31.0,2.0,33.0,0.0,0.0,0.0,24.2086,91.0,2.0,2.0,0.0,54.23558,0.0
71.0,193.21616,4.0,90.0,39.925858,0.0,0.0,100.0,-7.0,0.32923707,6.0,39.639633,1.0,22.0,0.0,4.0,3.7153451,9.639112,97.92201,5.0,3.0,2.2630584,50.0,0.0
75.0,-9.0,4.0,-9.0,4.8526683,0.0,0.0,100.0,-7.0,7.0,8.0,2.9783263,2.0819929,37.0,0.0,2.0,2.0,28.0,39.475266,2.0,1.0,0.0,78.0,0.0
73.0,702.83185,2.0,69.44601,26.0,0.0,0.0,93.0,63.1539,6.0,6.0,24.0,3.0,49.19258,-7.0,3.0,3.0,16.0,95.00787,5.0,3.0,0.0,71.0,0.0
88.0,163.07347,15.0,92.03585,20.0,0.0,0.0,100.0,-7.0,7.0,8.0,10.0,0.0,29.0,-8.0,0.0,0.0,8.541406,64.34085,1.0,1.0,0.0,40.347878,0.0
72.0,293.86194,6.0,86.17899,29.0,0.0,0.0,96.0,28.404886,6.0,6.0,27.0,3.0,23.783731,0.0,0.0,0.0,32.112953,88.62949,3.0,3.0,1.0,40.0,0.0
83.0,193.03734,3.0,57.489304,20.0,0.0,0.0,100.0,-7.0,7.0,8.0,24.0,2.0,34.065163,6.6943097,0.0,0.0,18.0,59.63699,7.0,2.0,0.0,85.13421,0.0
77.0,247.7576,8.250072,86.74026,21.0,0.0,0.0,96.0,18.693882,6.0,6.0,22.87934,0.0,24.0,0.0,0.0,0.0,23.136803,59.261524,5.0,2.0,0.0,50.0,0.0
74.0,211.20175,7.0,71.93671,12.0,0.0,0.0,100.0,-7.0,7.0,8.0,11.0,2.0,16.0,2.0,0.0,0.0,31.342865,66.14433,3.0,2.0,2.0,46.474316,0.0
81.0,397.37643,1.0,109.3993,34.61756,0.0,0.0,96.0,60.3265,6.0,6.0,47.17115,2.0,23.747494,0.0,2.0,2.0,18.0,-8.0,6.0,2.0,0.0,44.35969,0.0
65.0,206.22758,27.899786,98.52757,13.7535305,0.0,0.0,95.9891,41.49341,6.0,6.0,11.0,0.0,28.0,9.006571,0.0,0.0,76.98073,-8.0,8.0,2.0,5.4278874,100.0,0.0
87.0,226.68091,32.32595,141.30965,20.0,0.0,0.0,90.70364,22.972685,6.0,6.0,7.4237127,0.0,33.0,-8.0,0.0,0.0,4.0,-8.0,2.0,1.0,0.0,39.29377,0.0
79.362305,190.74721,7.0,60.00106,27.601673,0.0,0.0,94.0,25.727888,6.0,6.0,28.0,3.0,21.0,0.0,3.0,3.0,1.3587711,-8.0,3.0,1.0,0.0,42.269264,0.0
80.30314,160.1673,1.0,70.0,30.0,0.0,0.0,100.0,-7.0,7.0,8.0,28.0,2.0,19.0,0.0,2.0,1.0,13.928864,-8.0,5.0,2.0,0.0,44.0,0.0
87.0,217.27113,6.0,96.48304,22.0,0.0,0.0,100.0,-7.0,7.0,8.0,23.0,1.0,40.0,0.0,2.784048,3.0,0.0,43.21171,1.0,2.0,0.0,38.82128,0.0
75.0,375.27048,13.0,95.231285,33.940254,1.0,0.0,93.0,49.265274,6.0,5.0,35.0,0.0,33.0,0.0,0.0,0.0,6.0,73.76503,6.0,3.0,0.0,60.0,0.0
86.0,295.79425,2.0,147.26366,15.0,0.0,0.0,100.0,-7.0,7.0,8.0,15.0,1.0,51.996536,4.0,2.0,1.0,2.0,-8.0,2.0,4.0,0.0,70.479866,0.0
74.55552,124.19106,31.99954,205.2339,9.227428,2.0,1.0,78.16192,62.754852,6.0,4.0,10.0,0.0,30.48289,-8.0,1.0,0.8822439,16.670856,-8.0,2.0,-8.0,0.0,46.64376,0.0
79.0,114.365585,3.0,46.525444,11.0,0.0,0.0,100.0,-7.0,6.0,8.0,11.0,3.0,21.516266,0.0,0.0,0.0,1.228353,-8.0,1.0,1.0,0.0,27.020277,0.0
87.0,203.93692,16.0,115.02875,39.260326,0.0,0.0,100.0,-7.0,7.0,8.0,50.78362,0.0,27.0,18.99965,0.0,0.0,3.9351401,48.761276,2.0,2.0,0.0,31.836618,0.0
-9.0,-9.0,-9.0,-9.0,-9.0,-9.0,-9.0,-9.0,-9.0,-9.0,-9.0,-9.0,-9.0,-9.0,-9.0,-9.0,-9.0,-9.0,-9.0,-9.0,-9.0,-9.0,-9.0,0.0
80.0,279.7159,5.0,79.0,29.84954,0.0,0.0,100.0,-7.0,7.0,8.0,32.0,1.0,32.0,14.559203,5.0,4.0,29.671019,45.849575,3.0,2.0,0.0,94.99035,0.0
87.41893,107.28669,7.722047,63.035347,14.0,0.0,0.0,100.0,-7.0,7.0,8.0,16.0,1.0,59.85,1.0,1.0,1.0,0.0,94.82442,2.0,2.0,0.0,80.0,0.0
69.46412,-9.0,9.0,-9.0,7.049648,0.0,0.0,89.33571,19.97768,6.0,6.0,7.257846,1.0,14.0,1.0,4.0,4.0,1.0,-8.0,1.0,-8.0,0.0,33.0,0.0
81.0,129.39024,4.0,69.83287,8.0,0.0,0.0,100.0,-7.0,7.0,8.0,9.0,2.0,31.064264,-7.0,2.0,1.0,9.0,-8.0,1.0,1.0,0.0,80.0,0.0
77.0,193.7992,2.0,56.479664,32.782635,0.0,0.0,100.0,-7.0,7.0,8.0,35.0,4.0,42.0,1.0,2.0,2.0,2.0,98.10179,4.0,4.0,0.0,60.0,0.0
87.0,171.93625,35.66222,80.46278,24.231722,0.0,0.0,100.0,-7.0,7.0,8.0,30.0,0.0,55.689102,7.0,0.0,0.0,0.0,-8.0,1.0,1.0,0.0,33.0,0.0
62.777264,155.63458,4.0,74.12906,35.020576,0.0,0.0,93.15987,-7.0,3.1750052,6.0,33.0,3.0,18.125671,4.0,0.0,0.0,28.440008,87.185295,8.0,3.0,1.0,56.0,0.0
61.06551,82.07621,9.0,49.04832,15.0,1.6938708,0.0,86.96885,8.828127,6.0,3.0,16.0,3.0,33.0,0.0,1.0,1.0,31.075321,-8.0,5.0,2.0,2.0,65.453476,0.0
83.0,211.98735,8.0,95.48867,21.0,0.0,0.0,100.0,-7.0,7.0,8.0,19.0,1.0,30.171156,-7.0,0.0,0.0,22.954128,-8.0,4.0,2.0,0.0,63.0,0.0
74.0,215.70181,3.0,98.93392,43.804207,1.0,0.0,96.66691,41.701004,6.0,3.0,39.526432,2.0,34.550316,0.0,1.0,1.0,38.275284,76.0,4.5630207,5.0,4.2548866,69.26761,0.0
80.0,213.50725,2.0,82.373405,46.625748,0.0,0.0,100.0,-7.0,6.0,7.7473764,35.27919,9.204745,27.0,0.0,2.0,2.0,5.0,114.15412,3.0,2.0,0.0,25.0,0.0
76.0,129.61986,11.0,63.0,23.960577,0.0,0.0,100.0,-7.0,7.0,8.0,27.05379,1.2454664,21.0,3.0,0.0,0.0,31.267485,80.80928,1.0,2.0,0.0,50.0,0.0
70.020424,121.496155,8.0,69.9724,67.711586,0.0,0.0,97.0,44.00805,6.0,6.0,63.21293,2.21512,66.59155,0.0,1.0,1.0,70.42182,91.0,5.0,6.887346,4.7861686,75.0,0.0
63.0,296.19806,7.0,120.50192,28.0,0.0,0.0,90.08641,1.4038255,0.47645965,6.0,33.0,3.0,24.430418,-7.0,1.0,1.0,26.383886,74.97779,13.408041,2.0,3.0,60.6643,0.0
72.28051,166.80898,5.0,63.029602,15.987695,0.0,0.0,90.0,28.005577,6.0,6.0,20.0,2.0,40.0,0.0,0.0,0.0,56.20863,82.52088,2.0,2.0,0.0,56.766018,0.0
87.0,271.70697,8.0,99.41709,24.33596,0.0,0.0,100.0,-7.0,7.0,8.0,24.0,1.0,16.0,0.0,0.0,0.0,8.0,-8.0,5.0,2.0,0.0,50.0,0.0
70.0,403.3158,2.0,94.80806,36.0,0.0,0.0,94.0,18.871658,6.0,6.0,40.085587,2.0,29.0,0.0,2.0,2.0,25.0,-8.0,7.0,1.0,0.0,61.506203,0.0
86.0,211.48735,36.955986,225.96333,20.0,0.0,0.0,100.0,-7.0,7.0,8.0,25.0,0.0,34.493122,0.0,0.0,0.0,4.0,-8.0,2.0,1.0,0.0,31.89935,0.0
71.52665,217.08272,16.0,93.64789,14.346562,0.0,0.0,89.0,50.55914,6.0,6.0,16.0,0.0,34.27094,-7.0,1.0,1.0,32.0,11.213644,2.0,1.0,1.0,50.0,0.0
72.0,-8.51509,11.0,3.939523,11.214424,0.0,0.0,100.0,-7.0,7.0,8.0,11.0,0.0,54.555805,0.0,0.0,0.0,66.89612,79.78115,2.0,3.0,1.0,76.22501,0.0
81.0,303.7807,3.0,87.868965,24.0,0.0,0.0,100.0,-7.0,7.0,8.0,34.0,1.1742727,26.0,0.0,4.0,3.0,36.0,68.37533,4.0,3.0,0.0,56.824867,0.0
68.717926,293.78964,1.8834772,62.863693,42.705933,0.0,0.0,90.0,-7.0,4.0,6.0,43.868996,2.0,23.0,7.0,0.0,0.0,17.0,84.00427,7.0,3.0,0.0,56.0,0.0
78.0,182.11363,2.0,95.61756,36.89577,0.0,0.0,95.89488,2.7533145,6.0,6.0,34.20339,4.0,24.0,1.0,4.0,3.0,5.026939,-8.0,6.0,1.0,0.0,47.0625,0.0
-9.0,-9.0,-9.0,-9.0,-9.0,-9.0,-9.0,-9.0,-9.0,-9.0,-9.0,-9.0,-9.0,-9.0,-9.0,-9.0,-9.0,-9.0,-9.0,-9.0,-9.0,-9.0,-9.0,0.0
89.0,587.62976,29.500576,118.833885,22.0,0.0,0.0,100.0,-7.0,7.0,8.0,27.0,0.0,24.0,9.0,0.0,0.0,0.7103005,-8.0,1.738933,1.0,0.0,33.0,0.0
-9.0,-9.0,-9.0,-9.0,-9.0,-9.0,-9.0,-9.0,-9.0,-9.0,-9.0,-9.0,-9.0,-9.0,-9.0,-9.0,-9.0,-9.0,-9.0,-9.0,-9.0,-9.0,-9.0,0.0
75.0,196.45924,11.0,86.74398,25.0,0.0,0.0,100.0,-7.0,7.0,8.0,25.0,1.0,25.0,0.0,1.0,1.0,14.0,51.32939,2.0,3.0,0.0,50.0,0.0
82.0,187.1674,5.0,70.02673,28.0,0.0,0.0,100.0,-7.0,7.0,8.0,27.0,3.0,37.347008,0.0,4.809305,4.0,10.0,-8.0,5.0,2.0,0.0,53.865883,0.0
80.0,202.22488,2.0,92.0,32.0,0.0,0.0,100.0,-7.0,7.0,8.0,35.724358,1.0,47.0,-8.0,0.0,0.0,21.0,67.00641,5.0,3.0,1.0,55.29014,0.0
88.0,224.7978,3.0,63.566845,22.0,0.0,0.0,100.0,-7.0,7.0,8.0,28.825836,3.6149225,19.0,2.0496545,2.0,1.0,4.6825643,-8.0,2.0,2.0,0.0,29.557203,0.0
80.0,158.83034,9.0,94.69374,25.0,0.0,0.0,100.0,-7.0,7.0,8.0,19.370152,1.0,59.6852,22.08849,0.0,0.0,31.927359,6.3420625,1.3319678,5.2454004,0.0,69.532555,0.0
67.0,162.3731,2.301939,65.0,43.91552,0.0,0.0,100.0,-7.0,7.0,8.0,48.848763,1.0,43.0,-7.0,1.0,1.0,67.15341,86.80935,8.0,9.283128,3.0,75.53105,0.0
85.0,142.37906,28.70422,84.0,9.0,0.0,0.0,100.0,-7.0,7.0,8.0,9.0,0.0,76.088486,3.0,0.0,0.0,0.0,-8.0,1.0,-8.0,0.0,33.0,0.0
77.88536,191.68317,21.904345,90.72619,25.625666,0.0,0.0,100.0,-7.0,7.0,8.0,34.0,0.0,15.825278,4.0,1.0,1.0,51.00431,-8.0,2.0,-8.0,2.0,50.0,0.0
63.0,158.99268,5.0,71.0,20.0,0.0,0.0,92.0,-7.0,4.0,6.0,20.764004,2.0,30.0,0.0,2.0,2.0,81.84101,98.92352,5.0,3.0,2.0,80.0,0.0
77.017105,232.94855,1.0,74.06433,37.176018,0.0,0.0,86.30911,47.89614,6.0,6.0,47.32033,3.0,9.272552,0.0,2.0,2.0,1.0,84.00959,2.0,2.0,0.0,33.0,0.0
75.0,185.3775,39.079384,136.13098,7.846071,0.0,0.0,80.84762,8.992123,5.0,6.0,3.9984584,0.0,4.1999526,-8.0,0.0,0.0,8.0,-8.0,2.0,-8.0,0.0,48.801434,0.0
71.0,242.7267,3.0,52.708355,28.0,0.0,0.0,100.0,-7.0,7.0,8.0,25.0,3.0,45.92121,0.0,4.966383,5.0,58.284565,53.414677,5.0,5.0,1.0,70.44291,0.0
80.0,217.8522,2.0,52.19682,40.800964,0.0,0.0,100.0,-7.0,7.0,8.0,50.379993,9.727617,29.0,12.0,2.0,1.0,18.24639,49.557137,5.0,3.0,0.0,50.0,0.0
80.0,221.03003,2.0,71.0,37.41119,0.0,0.0,100.0,-7.0,7.0,8.0,58.196945,8.799933,20.0,2.0,0.0,0.0,1.0,-8.0,2.0,1.0,0.0,18.66027,0.0
89.4121,354.98798,4.0,114.003426,13.0,0.0,0.0,100.0,-7.0,7.0,8.0,16.0,1.0,40.0,3.0,0.0,0.0,0.0,86.69527,1.0,2.0,0.0,50.0,0.0
88.0,316.4611,13.07829,110.983025,13.057534,0.0,0.0,100.0,-7.0,7.0,8.0,10.621394,0.0,11.391106,-3.672278,1.0,1.0,13.890175,-8.0,2.0,-8.0,0.0,40.0,0.0
90.0,222.24214,24.258476,76.20687,23.0,0.0,0.0,100.0,-7.0,7.0,8.0,34.392982,0.0,14.0,16.856787,0.0,0.0,7.9534183,-8.0,3.0,1.0,0.0,43.0,0.0
75.760735,142.77893,3.0,74.39766,33.0,0.0,0.0,95.0,19.879475,6.0,6.0,32.0,2.0,35.0,7.675073,1.6528366,1.0,1.0,9.76432,5.0,1.0,0.0,36.74708,0.0
63.0,242.27155,2.0,113.472015,30.502964,0.0,0.0,96.0,-7.0,-9.0,6.0,28.0,1.0,14.0,0.0,0.0,0.0,32.0,86.26149,12.79726,2.0,2.0,67.0,0.0
87.0,184.23251,8.476834,86.79607,12.0,0.0,0.0,100.0,-7.0,7.0,8.0,14.0,0.0,39.0,0.0,2.0,2.0,11.0,-8.0,1.0,1.0,0.0,57.0,0.0
79.0,274.54602,9.0,181.79227,23.0,1.0,0.0,92.0,6.9276595,4.0,5.0,24.0,0.0,46.0,5.0,0.0,0.0,0.0,-8.0,3.0,1.0,0.0,42.013554,0.0
77.0,344.04715,20.0,160.49675,20.0,0.0,0.0,93.0,11.341254,6.0,6.0,20.301355,0.0,21.134075,0.0,0.0,0.0,11.246777,-8.0,6.0,1.0,1.0,63.621517,0.0
79.0,276.44012,3.0,104.792694,26.0,0.0,0.0,100.0,-7.0,7.0,8.0,31.169918,2.0,25.0,-7.0,0.0,0.0,25.0,80.0,3.0,2.0,1.0,73.0,0.0
78.0,322.1437,21.583338,121.068886,17.0,2.0,0.0,77.41686,16.743616,6.0,4.3579063,11.0,0.0,14.0,0.0,0.0,0.0,1.0,-8.0,3.0,1.0,0.0,50.0,0.0
72.0,150.07143,8.0,61.49864,26.0,0.0,0.0,100.0,-7.0,7.0,8.0,27.0,2.0,12.282792,0.0,3.0,3.0,32.670223,-8.0,6.0,1.0,1.0,40.282623,0.0
77.0,203.91826,11.612952,91.4066,9.0,0.0,0.0,77.911026,51.04727,6.0,6.0,7.867152,1.0,24.513117,-7.0,1.0,1.0,13.20335,-8.0,3.0,1.0,0.0,78.0,0.0
86.0,373.32632,30.876205,107.61262,11.0,0.0,0.0,100.0,-7.0,7.0,8.0,11.104903,0.0,46.51661,0.0,0.0,0.0,9.0,-8.0,2.0,1.0,0.0,100.0,0.0
66.90573,159.06984,7.0,59.764584,19.0,0.0,0.0,93.0,53.926434,6.0,6.0,22.0,1.0,33.0,0.0,4.0,3.4875689,40.990234,52.831287,3.0,3.0,2.0,75.0,0.0
86.0,328.18222,11.0,94.18743,36.92381,0.0,0.0,100.0,-7.0,7.0,8.0,47.499786,1.0,18.816927,0.0,3.0,3.0,1.0,82.92244,6.1796737,7.6810436,0.0,50.0,0.0
81.21537,3.229931,8.0,49.088085,15.0,0.0,0.0,100.0,-7.0,7.0,8.0,16.0,1.0,14.0,-7.0,0.0,0.0,18.0,-8.0,3.0,1.0,0.0,56.0,0.0
62.0,222.6001,6.0,74.527534,9.920878,3.0,2.0,23.991056,32.67284,6.0,2.0,14.0,3.0,16.02427,-7.0,2.0,1.0,53.47526,-8.0,7.0,1.0,0.0,83.86865,0.0
84.0,216.66763,27.69317,160.78407,23.0,0.0,0.0,94.0,49.945076,6.0,6.0,24.0,0.0,34.28405,-8.0,0.0,0.0,8.0,-8.0,1.0,1.0,0.0,50.0,0.0
77.0,373.03757,4.0,119.863106,27.612389,0.0,0.0,88.0,31.346498,6.0,6.0,24.078163,3.0,22.0,0.0,0.0,0.0,10.552465,-8.0,5.0,1.0,0.0,40.0,0.0
89.3365,282.08228,9.0,148.35806,15.639355,0.0,0.0,100.0,-7.0,7.0,8.0,-9.0,1.0,10.455112,-8.0,0.0,0.0,6.0,-8.0,1.0,-8.0,0.0,41.20635,0.0
76.0095,196.23305,12.469633,108.25893,18.0,0.0,0.0,100.0,-7.0,7.0,8.0,21.0,0.0,49.308865,0.0,0.0,0.0,33.958244,63.00968,4.0,5.8805575,0.0,67.0,0.0
73.0,264.4299,5.0,63.511677,45.53928,0.0,0.0,93.0,38.473343,6.0,6.0,78.48929,3.0,33.0,0.0,2.0,2.0,44.93711,94.49777,2.0,3.0,0.0,41.861225,0.0
79.0,239.17932,2.0,86.50303,27.0,0.0,0.0,100.0,-7.0,7.0,8.0,26.300667,1.0,30.0,0.0,3.0,3.0,25.0,-8.0,6.0,2.0,0.0,67.0,0.0
75.0,123.634636,4.0,47.077236,25.0,0.0,0.0,100.0,-7.0,7.0,8.0,30.043058,3.0,39.52967,0.0,2.0,2.0,31.761642,78.32035,4.0,3.8096607,1.0,67.0,0.0
81.2996,377.69162,5.0,108.40623,39.378384,0.0,0.0,100.0,-7.0,7.0,8.0,42.545578,2.0,29.0,0.0,0.0,0.0,20.190273,72.924904,11.1075535,2.0,0.0,78.0,0.0
81.0,172.96234,3.0,55.818592,27.0,1.7724628,1.0,88.92955,61.520603,6.0,2.0,30.0,4.0,21.932583,2.0,2.0,2.0,0.1281685,-8.0,1.0,1.0,0.0,-9.0,0.0
86.0,83.68874,10.0,62.222042,27.447918,0.0,0.0,100.0,-7.0,7.0,8.0,14.510298,1.0,40.0,0.0,0.0,0.0,5.0,82.0,1.0,3.0,0.0,44.147255,0.0
88.27974,151.84645,8.0,71.350914,22.0,0.0,0.0,100.0,-7.0,7.0,8.0,22.0,1.0,41.0,-7.0,0.0,0.0,1.0982702,76.0,2.0,3.0,0.0,43.12493,0.0
56.445705,152.90166,6.0,59.60964,18.0,2.0,0.0,74.73652,17.638664,6.0,3.9703517,20.0,1.0,72.4801,-7.0,2.0,1.0131482,54.676327,70.32474,3.0,4.005577,0.0,100.0,0.0
-9.0,-9.0,-9.0,-9.0,-9.0,-9.0,-9.0,-9.0,-9.0,-9.0,-9.0,-9.0,-9.0,-9.0,-9.0,-9.0,-9.0,-9.0,-9.0,-9.0,-9.0,-9.0,-9.0,0.0
75.51238,145.26126,3.0,45.02128,11.0,0.0,0.0,100.0,-7.0,7.0,8.0,13.0,2.0,38.0,0.0,3.681694,4.0,56.62236,53.26381,2.0,3.0,1.0,60.0,0.0
86.64272,375.7191,3.0,99.95647,27.0,0.0,0.0,100.0,-7.0,7.0,8.0,28.0,1.0,35.0,2.0,1.0,1.0,16.0,-8.0,1.0,1.0,0.0,40.0,0.0
68.0,254.90735,11.0,97.39683,27.0,2.0,1.0,92.15536,15.121468,6.0,4.0,37.62554,0.0,42.0,-7.0,0.0,0.0,45.509235,-8.0,4.0,1.0,0.0,62.058132,0.0
86.0,400.97623,-2.311553,108.16668,36.3577,0.0,0.0,100.0,-7.0,7.0,8.0,33.489388,4.0,23.0,4.158307,1.0,0.0,2.0,69.423775,8.431353,2.0,0.0,44.972557,0.0
70.0,378.5029,13.264373,104.58844,13.203466,0.0,0.0,100.0,-7.0,7.0,8.0,34.0,1.0,19.0,0.0,3.0,2.0,47.303917,91.0,4.0,2.0,2.0,88.65536,0.0
81.0,139.8309,15.0,116.09963,13.841789,0.0,0.0,100.0,-7.0,7.0,8.0,15.63261,0.0,74.41399,-7.0,0.0,0.0,33.860424,56.59545,2.0,2.0,0.0,91.07317,0.0
77.0,165.60986,12.891391,74.0,18.0,0.0,0.0,100.0,-7.0,7.0,8.0,21.84272,0.0,33.0,5.0,1.0,1.0,30.568722,89.834404,3.0,2.0,0.0,70.13822,0.0
73.83321,331.33182,8.0,109.765976,26.0,0.0,0.0,100.0,-7.0,7.0,8.0,32.865997,1.0,36.0,0.0,4.0,4.0,84.29631,88.803764,4.0,3.0,0.0,67.0,0.0
87.38859,234.69252,6.0,86.90102,32.0,0.0,0.0,100.0,-7.0,7.0,8.0,17.163408,3.0,22.0,-7.0,0.0,0.0,2.0,91.0,3.0,4.0,0.0,36.650394,0.0
71.0,139.11537,17.0,61.576958,15.0,0.0,0.0,93.0,22.994392,6.0,6.0,13.229039,0.0,33.0,22.335533,0.0,0.0,55.616337,-8.0,2.0,2.0,0.0,85.50383,0.0
63.0,279.0541,8.0,115.44981,31.0,4.9972687,7.790347,97.0,65.0068,6.0,3.0,38.0,1.0,35.278584,7.0,0.0,0.0,56.598656,46.09819,7.0,4.5297513,3.1084683,75.65567,0.0
61.457985,150.44653,8.0,70.0,21.347433,0.0,0.0,88.0,-7.0,4.0,6.0,17.0,2.0,35.0,0.0,1.0,1.0,44.40357,85.37737,3.0,2.0,1.0,75.0,0.0
70.0,337.92566,18.175043,86.30655,22.159048,0.0,0.0,96.0,31.562311,6.0,6.0,21.0,1.0,27.0,-7.0,0.0,0.0,32.0,49.04297,6.0,2.0,3.0,60.0,0.0
81.0,375.93335,3.0,222.79189,37.698605,0.0,0.0,100.0,-7.0,7.0,8.0,37.76984,1.0,18.0,0.0,1.1722864,1.0,26.015789,-8.0,12.749741,1.0,1.0,57.0,0.0
74.236725,125.41803,7.6514645,63.0,27.0,0.0,0.0,100.0,-7.0,7.0,8.0,27.0,2.0,45.720608,0.0,2.0,1.0,65.956406,76.0,4.0,3.0,1.0,85.921555,0.0
64.0,171.5241,1.0,75.0,36.0,0.0,0.0,95.0,36.75632,6.0,6.0,34.312435,1.0,29.958204,0.0,2.0,2.0,62.18242,80.406586,20.181911,3.0,9.643683,100.0,0.0
84.0,228.30705,10.0,82.0,32.25388,0.0,0.0,95.0,17.57276,6.0,6.0,41.93639,0.0,24.0,2.0,1.0,1.0,20.895065,80.0,2.1964343,1.0,0.0,33.0,0.0
87.0,404.6412,22.904093,86.0,21.442669,0.0,0.0,100.0,-7.0,7.0,8.0,24.0,0.0,21.0,0.0,1.0,1.0,11.0,-8.0,4.0,2.0,0.0,38.696484,0.0
45.573376,313.0863,60.557873,116.63016,10.199971,2.0,2.0,58.567398,-7.0,-9.0,6.0,15.0,0.0,38.0,-8.0,0.0,0.0,59.139587,-8.0,2.0,1.0,0.0,100.0,0.0
83.0,393.3594,27.435547,156.88905,30.0,0.0,0.0,100.0,-7.0,7.0,8.0,40.962147,0.0,50.0,5.0,1.0,1.0,11.0,49.979492,5.0,2.0,0.0,67.0,0.0
83.00544,164.85013,2.0,63.821255,34.0,0.0,0.0,100.0,-7.0,7.0,8.0,28.08071,4.0,21.408787,0.0,2.0,2.0,7.0,38.20156,2.0,2.0,0.0,43.0,0.0
67.31129,162.30008,12.56931,110.05499,32.0,0.0,0.0,91.0,12.88455,4.0,6.0,34.33948,1.0,31.0,1.0,4.0,3.6552176,20.773804,-8.0,4.180054,2.0,0.0,75.0,0.0
82.0,212.2045,2.8822343,74.0,36.4391,0.0,0.0,98.0,44.72119,6.0,6.0,34.0,3.0,24.0,2.402061,0.0,0.0,13.275966,22.730692,3.0,3.0,0.0,43.05743,0.0
72.0,167.99815,4.0,63.03637,26.0,0.0,0.0,100.0,-7.0,7.0,8.0,6.7500663,4.0,-4.228453,0.0,1.0,1.0,42.014683,-8.0,6.0,1.0,1.0,45.856007,0.0
62.0,184.5349,18.00582,77.0,22.0,0.0,0.0,94.0,10.23071,6.0,6.0,21.0,0.0,46.0,0.0,3.0,3.0,47.2574,91.0,7.0,3.0,4.0,71.0,0.0
76.0,159.84036,1.0,62.704433,30.9398,0.0,0.0,96.0,27.227219,6.0,6.0,35.855686,6.303292,18.0,2.0,1.0,1.0,9.0,100.0,4.0,2.0,0.0,44.0,0.0
81.77375,62.149822,4.0,65.0,11.251053,0.0,0.0,100.0,-7.0,7.0,8.0,9.0,1.0,-9.0,0.0,1.0,0.0,29.387505,-8.0,5.0,-8.0,0.0,73.0,0.0
73.0,164.46834,4.0,71.73529,9.0,1.0,1.0,100.0,-7.0,7.0,8.0,11.0,2.0,46.176113,12.0,0.0,0.0,32.0,59.376152,3.0,2.0,0.0,75.0,0.0
55.454136,424.38882,5.0,150.45604,26.0,2.0,1.0,88.059456,7.5826955,3.0,4.0,32.309204,2.0,30.0,1.0,1.0,1.0,12.896907,-8.0,3.0,2.0,0.0,50.0,0.0
81.935036,163.99757,6.0,93.30131,27.245352,0.0,0.0,100.0,-7.0,7.0,8.0,24.899452,1.0,19.0,-8.0,0.0,0.0,17.330904,95.07531,4.0,3.0,0.0,50.0,0.0
81.0,194.30106,6.0,93.72262,61.383354,0.0,0.0,100.0,-7.0,7.0,8.0,87.79626,2.0,22.0,-7.0,0.0,0.0,18.29518,71.59664,4.0,2.0,0.0,44.412487,0.0
72.0,424.75513,1.0,130.0185,17.0,1.0,1.0,95.0,29.923008,6.0,5.0,16.0,2.0,19.0,0.0,4.0,4.0,6.0,-8.0,2.0,1.0,0.0,51.615623,0.0
74.0,232.87112,23.931631,202.60687,17.0,0.0,0.0,92.0,24.910673,6.0,6.0,14.0,0.0,19.054945,3.0,1.0,1.4584615,13.109276,-8.0,2.0,1.0,0.0,29.310543,0.0
67.505936,45.031853,2.0,36.762894,17.0,0.0,0.0,100.0,-7.0,6.0,8.0,17.0,3.0,42.237316,1.0,0.0,0.0,64.72415,76.3234,3.0,2.0,2.064901,56.918415,0.0
63.0,232.00188,16.586445,83.138596,16.0,0.0,0.0,100.0,-7.0,7.0,8.0,15.0,0.0,69.89767,0.0,2.0,2.0,75.774155,-8.0,4.0,1.0,2.0,100.0,0.0
79.0,172.65501,1.0,150.65446,17.173048,2.0,0.0,91.3036,65.19536,6.0,4.2395234,23.0,1.0,50.0,-8.0,0.0,0.0,14.684633,-8.0,5.0,2.0,0.0,71.0,0.0
74.0,263.62616,27.844433,107.33619,23.408468,0.0,0.0,91.0,28.992409,6.0,6.0,22.0,0.0,25.0,7.0,0.0,0.0,26.200905,-8.0,7.0,2.0,1.0,60.0,0.0
86.0,162.84386,25.187143,113.90607,11.663682,0.0,0.0,100.0,-7.0,7.0,8.0,10.0,0.0,20.192337,-7.0,2.0,2.0,32.18232,-8.0,1.0,1.0,0.0,80.0,0.0
78.0,167.50447,6.0,97.0,47.5395,1.0,1.0,97.0,46.143784,6.0,3.0075338,56.111603,1.0,38.722023,1.0,0.0,0.0,4.7689276,76.471695,6.0,2.0,1.0,57.0,0.0
85.0,150.91132,10.0,48.755474,13.0,0.0,0.0,100.0,-7.0,7.0,8.0,14.0,0.0,34.01837,18.995825,0.0,0.0,22.985373,63.912624,3.0,2.0,0.0,75.0,0.0
89.0,362.26904,5.0,118.65237,12.510007,0.0,0.0,100.0,-7.0,7.0,8.0,15.0,0.0,13.0,0.0,0.0,0.0,12.719928,91.31703,1.0,1.9437099,0.0,40.0,0.0
80.0,233.27756,6.0,116.82132,12.188525,0.0,0.0,88.0,48.495537,6.0,6.0,11.0,2.0,29.508665,2.0,1.0,1.0,0.0,46.91386,1.0,1.0,0.0,21.281874,0.0
80.0,196.23853,20.0,84.181015,23.611603,0.0,0.0,100.0,-7.0,7.0,8.0,40.651836,0.0,24.44679,0.0,1.0,1.0,27.764503,-8.0,3.1167293,1.0,1.0,57.0,0.0
68.10011,132.08148,7.097906,68.047195,9.0,3.0,6.30357,83.0809,31.475687,6.0,2.0,10.0,1.0,48.02986,0.0,0.0,0.0,9.700561,41.783142,1.9235139,3.0,0.0,81.72366,0.0
86.0,181.38812,9.0,75.0,22.0,0.0,0.0,100.0,-7.0,7.0,8.0,32.0,0.0,50.0,18.119364,0.0,0.0,10.0,-8.0,2.0,1.0,0.0,43.0,0.0
69.0,168.82411,7.0,78.453804,28.0,0.0,0.0,71.61584,55.558975,6.0,6.0,28.0,1.0,29.09469,-7.0,0.0,0.0,59.55387,44.111946,5.0,2.0,1.0,74.84445,0.0
89.0,261.68033,3.0,116.05073,16.0,0.0,0.0,100.0,-7.0,7.0,8.0,20.0,1.0,37.0,0.0,1.0,1.0,16.072584,94.08899,3.0,3.0,0.0,63.0,0.0
-9.0,344.44162,5.0,80.732124,32.0,1.0,0.0,89.18128,-7.0,0.0,6.0,46.73119,7.0039725,47.0,0.0,4.4265475,4.0,25.0,-8.0,3.0145893,2.0,0.0,33.0,0.0
83.09431,397.91492,28.027077,115.96174,21.0,0.0,0.0,94.0,11.960954,6.0,5.0,24.0,0.0,11.040542,0.0,1.0,1.0,1.0,-8.0,3.0,2.0,0.0,50.0,0.0
75.0,150.76105,20.8262,71.0,8.0,0.0,0.0,100.0,-7.0,7.0,8.0,9.0,0.0,73.52535,10.331969,0.0,0.0,21.0,-8.0,1.0,-8.0,0.0,43.0,0.0
73.0,202.63431,2.0,90.9252,28.0,0.0,0.0,97.24645,14.2129,6.0,6.0,26.724854,1.0,24.0,0.0,2.0,2.0,19.881645,-8.0,5.0,2.0,3.0,56.0,0.0
69.0,361.20486,15.0,147.93372,34.713005,0.0,0.0,95.0,19.911762,6.0,6.0,43.29821,0.0,22.0,1.0,2.0,1.9411186,62.70045,57.323242,7.0,2.0,2.0,57.0,0.0
60.593513,-8.278745,14.284097,45.16639,-9.0,4.2882457,4.6553707,65.74598,26.77508,6.0,-9.0,4.1307144,0.0,68.789955,0.0,1.0,1.0,18.0,38.634495,1.0,2.0,0.0,60.0,0.0
72.0,203.15392,7.0,81.98178,19.680387,1.0720658,0.0,94.00355,9.44684,5.0814056,2.0,20.0,3.0,42.0,-7.0,0.0,0.0,38.6082,86.44763,4.0,3.0,0.0,67.0,0.0
62.119137,94.20205,12.0,69.50652,24.043938,0.0,0.0,91.21492,46.519726,6.0,6.0,26.0,0.0,55.86223,0.0,3.0,3.0,78.89787,87.41054,4.7193193,3.0,3.0,89.46737,0.0
79.26455,125.34892,2.0,56.164257,25.0,0.0,0.0,100.0,-7.0,7.0,8.0,29.0,2.0,40.0,0.0,6.5682254,6.674426,3.0,98.48817,2.0,2.0,0.0,80.0,0.0
74.80737,163.07553,4.0,58.17828,26.0,0.0,0.0,100.0,-7.0,7.0,8.0,14.660897,3.0,16.0,2.0,0.0,0.0,58.18851,59.424503,3.0,1.0,1.0,35.87783,0.0
-9.0,-9.0,-9.0,-9.0,-9.0,-9.0,-9.0,-9.0,-9.0,-9.0,-9.0,-9.0,-9.0,-9.0,-9.0,-9.0,-9.0,-9.0,-9.0,-9.0,-9.0,-9.0,-9.0,0.0
65.0,381.8935,6.8648934,81.0,28.0,0.0,1.0,88.0,53.316963,6.0,4.0,24.213177,6.0,33.0,0.0,3.0,3.0,54.51904,92.42976,9.0,2.0,2.0,78.1447,0.0
86.0,166.85907,2.0,115.64531,11.509527,0.0,0.0,100.0,-7.0,7.0,8.0,12.0,2.0,37.0,-8.0,0.0,0.0,20.188725,-8.0,2.0,-8.0,1.0,40.0,0.0
-9.0,-9.0,-9.0,-9.0,-9.0,-9.0,-9.0,-9.0,-9.0,-9.0,-9.0,-9.0,-9.0,-9.0,-9.0,-9.0,-9.0,-9.0,-9.0,-9.0,-9.0,-9.0,-9.0,0.0
83.0,199.62723,6.0,98.778046,39.02515,0.0,0.0,100.0,-7.0,6.0,6.0,40.206715,2.0,67.26463,-7.0,1.0,1.0,7.0,92.56762,2.0,3.0,0.0,80.0,0.0
68.0,179.81438,3.0,78.72752,25.0,3.0,2.2448454,66.97039,32.043365,6.0,2.0,32.0,4.0,24.0,0.0,3.7663596,3.4247854,1.0,56.336754,1.0,1.0,0.0,27.678684,0.0
85.0,198.26646,5.0,74.0,42.192856,0.0,0.0,100.0,-7.0,7.0,8.0,34.06851,6.0,67.370224,1.0,4.0,4.0,11.0,98.068535,3.0,2.0,0.0,62.31101,0.0
68.0,466.72446,7.0,144.94095,22.0,0.0,0.0,82.43266,3.0,6.0,6.0,23.0,3.0,42.0,0.0,1.0,1.0,48.53975,-8.0,3.0,2.0,0.0,67.0,0.0
74.0,185.02702,2.0,59.62797,41.06553,0.0,0.0,95.97514,55.29854,6.0,6.0,49.021244,10.18789,40.0,0.0,3.0,3.0,22.665197,85.568085,5.0,5.0,1.0,71.0,0.0
70.0,239.6789,8.297905,75.84315,36.0,0.0,0.0,100.0,-7.0,7.0,8.0,33.438454,0.0,21.0,-7.0,0.0,0.0,45.128433,-8.0,8.339265,3.0,8.319862,57.0,0.0
65.0,161.78383,2.0,65.0,50.449734,0.0,0.0,91.0,0.091978416,4.4577923,6.0,62.547844,6.782869,36.0,2.0,3.0,3.0,21.203436,88.62123,5.0,3.0,1.0,45.79462,0.0
83.67974,128.06245,5.0,84.0,24.201527,0.0,0.0,100.0,-7.0,7.0,8.0,10.0,1.0,38.0,0.0,0.0,0.84239024,9.0,88.0,4.0,4.0,0.0,50.0,0.0
-9.0,-9.0,-9.0,-9.0,-9.0,-9.0,-9.0,-9.0,-9.0,-9.0,-9.0,-9.0,-9.0,-9.0,-9.0,-7.9856687,-9.0,-9.0,-9.0,-9.0,-9.0,-9.0,-9.0,0.0
88.0,285.47327,70.653366,257.27545,16.0,0.0,0.0,100.0,-7.0,7.0,8.0,18.112492,0.0,39.96298,15.584785,0.0,0.0,18.0,-8.0,4.0,1.0,0.0,50.983765,0.0
89.448616,260.22363,16.87026,124.96284,23.0,0.0,0.0,100.0,-7.0,7.0,8.0,34.0,0.0,24.0,-7.0,0.0,0.0,6.4988837,-8.0,2.0,1.0,0.0,28.026716,0.0
67.47471,146.59679,2.4111354,63.699715,30.60787,0.0,0.0,93.0,26.06475,6.0,6.0,39.32743,2.0,22.0,1.0,4.0,3.3389199,46.157154,-8.0,6.0,1.0,3.0835562,75.0,0.0
89.0,119.55188,14.59703,89.81676,7.228071,0.0,0.0,100.0,-7.0,7.0,8.0,11.767235,0.0,12.53592,23.367104,0.0,0.0,3.0,-8.0,3.0,1.0,0.0,31.127205,0.0
91.0,434.8989,6.0,168.7428,18.0,0.0,0.0,100.0,-7.0,7.0,8.0,22.0,1.0,32.0,23.188583,1.0,0.0,0.0,-8.0,1.0,-8.0,0.0,18.105595,0.0
79.0,90.983116,9.0,58.0,21.0,0.0,0.0,100.0,-7.0,7.0,8.0,23.0,1.0,46.08669,4.0,0.0,0.0,26.508709,93.0,2.0,4.0,0.0,75.0,0.0
84.0,297.21432,15.0,94.785416,21.34267,0.0,0.0,100.0,-7.0,7.0,8.0,24.765339,0.0,25.0,0.0,0.0,0.0,15.820334,-8.0,3.0,3.0,1.0,80.0,0.0
83.0,117.89388,8.0,71.792625,24.522038,0.0,0.0,100.0,-7.0,7.0,8.0,34.44573,3.0,17.0,4.5247188,1.0,1.0,6.0,-8.0,4.1669216,2.0,0.0,52.243553,0.0
84.36678,160.885,2.0,83.925476,25.0,0.0,0.0,100.0,-7.0,7.0,8.0,27.0,2.0,19.028517,0.0,2.0,1.0,13.0,-8.0,5.0,1.0,0.0,50.0,0.0
88.0,257.50018,2.8961804,160.767,23.978853,0.0,0.0,100.0,-7.0,7.0,8.0,14.618726,1.5943452,45.820843,4.0,1.0,1.0,1.0,64.44511,2.0,3.0,0.0,60.0,0.0
71.90695,232.01642,3.0,87.25533,30.213715,0.0,0.0,100.0,-7.0,7.0,8.0,28.0,3.0,21.504265,1.0,2.0,1.3453068,52.79533,60.355766,6.0,2.0,5.3867106,50.0,0.0
90.620544,340.03873,188.97603,166.71103,15.0,0.0,0.0,100.0,-7.0,7.0,8.0,-9.0,0.0,24.0,-8.0,0.0,0.0,4.0,13.8844595,2.0,1.0,0.0,80.0,0.0
76.0,131.1544,15.417169,86.0,11.0,0.0,0.0,100.0,-7.0,7.0,8.0,4.795362,1.0,38.0,8.039498,0.0,0.0,54.48941,-8.0,4.0,1.0,2.0,100.0,0.0
67.82149,213.86166,-9.0,75.836136,16.451506,0.0,0.0,95.780235,-7.0,6.0,6.0,16.0,1.3644121,20.0,9.0,0.0,0.0,53.433434,83.60395,6.0,2.0,4.083649,73.0,0.0
86.23338,394.43747,36.94243,156.43727,18.079456,0.0,0.0,100.0,-7.0,7.0,8.0,19.0,0.0,43.0,0.0,0.0,0.0,1.0,-8.0,3.0,1.0,0.0,50.0,0.0
88.0,374.5991,30.621351,161.1623,18.0,0.0,0.0,100.0,-7.0,7.0,8.0,24.0,0.0,19.0,0.0,0.0,0.0,9.0,25.610483,4.0,1.6453798,0.0,44.0,0.0
84.0,242.88423,4.0,76.0,39.798958,0.0,0.0,95.0,52.2139,6.0,6.0,34.72301,1.0,44.434246,3.0,2.0,1.0,1.0,82.0,2.0,4.0,0.0,44.0,0.0
63.0,215.41212,12.575003,86.0,23.942282,1.0,0.0,84.80428,11.845312,6.0,5.0,25.099785,0.0,53.8222,0.0,0.0,0.0,64.355415,-8.0,5.0,1.0,1.81905,83.0,0.0
-9.0,-9.0,-9.0,-9.0,-9.0,-9.0,-9.0,-9.0,-9.0,-9.0,-9.0,-9.0,-9.0,-9.0,-9.0,-9.0,-9.0,-9.0,-9.0,-9.0,-9.0,-9.0,-9.0,0.0
69.0,415.552,13.280139,294.9897,14.0,0.0,0.0,79.51211,39.772602,6.0,5.0,20.611658,0.0,15.376234,-7.0,0.0,0.0,69.40841,-8.0,5.0,1.0,1.0,80.0,0.0
-9.0,159.8316,8.0,62.323128,22.0,2.0,1.0,88.0,6.478209,3.0,6.0,28.0,1.0,14.362682,0.0,7.2201357,6.7039437,90.476944,-8.0,10.58965,1.0,8.04195,64.0,0.0
76.0,318.10593,2.0,161.08345,38.639946,1.0,0.0,94.0,36.69791,4.0,2.0,42.388954,2.0,27.0,8.074954,0.0,0.0,7.0,96.96206,6.0,2.0,0.0,73.32374,0.0
-9.0,-9.0,-9.0,-9.0,-9.0,-9.0,-9.0,-9.0,-9.0,-9.0,-9.0,-9.0,-9.0,-9.0,-9.0,-9.0,-9.0,-9.0,-9.0,-9.0,-9.0,-9.0,-9.0,0.0
73.0,249.72835,1.0,119.11658,27.0,0.0,0.0,97.056885,52.681225,6.0,6.0,18.0,4.0,25.0,0.0,3.601747,3.0,32.0,87.635376,11.0,3.0,2.7540355,86.0,0.0
59.5849,163.3944,-9.0,52.6667,12.0,0.0,0.0,97.0,6.0,6.0,6.0,15.0,4.0,55.165462,0.0,4.9435534,4.9550433,82.2373,93.0,5.0,4.0,1.0,100.0,0.0
78.61464,-2.5745132,5.8041706,51.996895,28.0,0.0,0.0,100.0,-7.0,7.0,8.0,28.0,2.2561836,25.0,0.0,0.0,0.0,0.0,-8.0,1.0,2.0,0.0,28.55814,0.0
65.0,343.5018,11.600143,105.775894,24.0,1.5747228,2.0,91.01404,36.483997,6.0,5.0,27.0,0.0,14.0,0.0,2.0,2.0,52.29038,50.75729,25.965147,2.0,6.756037,90.52265,0.0
65.0,244.02768,4.0,80.0,44.687416,0.0,0.0,91.0,13.597189,6.0,6.0,38.0,1.0,41.444466,2.0,0.0,0.0,20.709492,74.79478,11.0,6.0,1.0,80.0,0.0
84.0,138.9969,15.0,64.11937,23.57434,0.0,0.0,100.0,-7.0,7.0,8.0,42.88021,0.0,25.0,23.17043,0.0,0.0,6.6886706,62.781437,3.0,2.0,0.0,50.0,0.0
78.0,84.580635,10.0,63.0,-4.6932216,0.0,0.0,85.24816,57.96721,6.0,6.0,8.0,0.0,40.0,21.705423,0.0,0.0,42.821968,-8.0,2.0,2.0,0.0,73.13769,0.0
74.0,152.2996,15.0,87.101616,19.0,0.0,0.0,92.0,36.249676,6.0,6.0,21.0,0.0,30.445765,-8.0,0.0,0.0,39.174717,32.88597,5.0,2.0,0.0,75.0,0.0
82.40021,250.72673,5.0,97.0,39.98574,0.0,0.0,100.0,-7.0,7.0,8.0,47.107677,6.0,22.0,16.0,0.0,0.0,16.0,76.0,5.0,1.0,1.0,23.47641,0.0
86.0,154.28026,5.0,113.64478,34.412117,0.0,0.0,100.0,-7.0,7.0,8.0,10.130395,1.0,33.0,0.0,0.0,0.0,2.0,-8.0,3.0,1.0,0.0,41.291683,0.0
66.40842,136.68988,1.2382538,59.85553,17.0,0.0,0.0,94.0,6.0,6.0,5.0,20.080328,1.0,24.0,0.0,2.0,2.0,29.40532,68.5088,2.0,1.0,0.0,52.454346,0.0
79.286224,88.765045,3.0,60.6657,12.0,0.0,0.0,100.0,-7.0,7.0,8.0,12.0,2.0,38.0,8.977402,0.0,0.0,38.393063,-8.0,2.0,2.0,0.0,70.0,0.0
85.0,148.4387,5.7694335,85.38898,21.0,0.0,0.0,100.0,-7.0,7.0,8.0,22.0,2.0,22.0,0.0,0.0,0.0,0.0,85.340385,1.0,2.0,0.0,38.832893,0.0
77.0,180.68414,3.0,81.0,30.0,0.0,0.0,100.0,-7.0,7.0,8.0,42.518467,3.0,37.0,5.296177,5.0,5.0176334,33.017666,64.075386,3.0,3.0,0.0,64.0,0.0
68.0,164.40355,4.0,75.0,29.0,0.0,0.0,90.08329,64.11924,6.0,6.0,33.521797,2.5073285,43.47743,-8.0,1.8591337,1.0,45.74625,70.23081,8.0,5.623424,3.0,75.0,0.0
81.0,225.1183,19.141737,107.02189,16.595934,0.0,0.0,100.0,-7.0,7.0,8.0,14.0,0.0,54.7816,0.0,0.0,0.0,39.97849,-8.0,3.0,2.0,0.0,60.0,0.0
69.0,214.54549,8.614184,99.60022,22.605986,0.0,0.0,88.0,0.051605795,6.0,6.0,23.0,1.0,35.34596,3.0635529,0.0,0.0,32.16553,-8.0,4.842194,1.0,1.0,69.133415,0.0
62.0,182.82903,2.0,74.55934,18.0,1.0,1.0,100.0,-7.0,7.0,8.0,20.0,1.0,13.0,-7.0,3.0,3.0,63.590343,94.53469,13.1740265,1.0,2.0,88.0,0.0
72.0,158.69048,3.0,66.92671,24.71093,0.0,0.0,100.0,-7.0,7.0,8.0,19.0,1.0,24.0,0.0,1.0059637,1.1285502,59.197025,88.48784,6.0,4.0,2.0,67.0,0.0
75.0,173.04825,2.0,71.884094,13.0,0.0,0.0,88.758675,6.0,6.0,6.0,11.468855,1.0,37.269302,0.0,1.0,1.0,35.57742,-8.0,2.9633665,2.0,1.0,85.54413,0.0
-9.0,-9.0,-9.0,-9.0,-9.0,-9.0,-9.0,-9.0,-9.0,-9.0,-9.0,-9.0,-9.0,-9.0,-9.0,-9.0,-9.0,-9.0,-9.0,-9.0,-9.0,-9.0,-9.0,0.0
86.0,88.48722,4.0,47.104797,35.231506,0.0,0.0,100.0,-7.0,7.0,8.0,31.0,3.0,19.0,3.0,2.0,2.0,0.0,50.558487,0.6700339,2.0,0.0,-0.037924066,0.0
72.0,233.40263,2.0,65.234566,40.09324,0.0,0.0,97.0,31.79215,6.0,6.0,40.65916,7.1791406,34.82739,2.0,2.0,2.0,9.0,46.27375,3.726156,2.0,0.0,44.0,0.0
71.58456,270.96164,18.2797,87.46937,16.0,1.0,0.0,89.0,32.80717,6.0,5.0,17.0,0.0,25.0,0.0,0.0,0.0,17.538618,-8.0,3.0,1.0,0.0,50.0,0.0
71.88255,142.74815,6.0,40.598183,10.885748,0.0,0.0,90.0,3.0,6.0,6.0,14.0,1.0,39.0,-7.0,0.0,0.0,65.744995,91.30105,4.0,2.0,0.0,63.0,0.0
67.0,159.82906,1.0,61.0,27.0,0.0,0.0,100.0,-7.0,7.0,8.0,26.130999,5.115178,43.0,2.0,1.0,1.0,55.434307,52.906662,24.733633,6.0,6.1701427,100.0,0.0
78.0,375.926,6.0,100.7691,12.38639,2.0,0.0,85.852234,67.05664,6.0,2.0,17.0,1.0,23.0,1.0,1.0,1.0,11.0,-8.0,2.0,1.0,0.0,78.90187,0.0
89.0,381.85498,45.16411,159.71416,14.0,0.0,0.0,100.0,-7.0,7.0,8.0,14.0,0.0,48.300713,-7.0,0.0,0.0,6.0,-8.0,3.0,1.0,0.0,66.104645,0.0
79.0,223.39415,24.549675,97.00461,12.0,0.0,0.0,100.0,-7.0,7.0,8.0,14.0,0.0,42.0,2.0,1.0,1.0,31.947062,88.95067,4.0,2.0,0.0,67.0,0.0
79.0,231.01039,10.0,90.0,20.0,0.0,0.0,88.96637,-7.0,4.0,6.0,24.0,1.0,50.0,0.0,0.0,0.0,1.0,-8.0,4.0,1.0,0.0,60.0,0.0
71.0,147.96024,2.0,86.62187,24.0,0.0,0.0,92.85067,10.033025,5.0,6.0,27.219902,1.0,7.774543,3.0,2.0,2.0,19.804668,-8.0,3.0,1.0,0.0,35.749794,0.0
-9.0,-9.0,-9.0,-9.0,-9.0,-9.0,-9.0,-9.0,-9.0,-9.0,-9.0,-9.0,-9.0,-9.0,-9.0,-9.0,-9.0,-9.0,-9.0,-9.0,-9.0,-9.0,-9.0,0.0
81.47992,412.45065,3.0,124.29264,29.0,0.0,0.0,100.0,-7.0,7.0,8.0,25.36769,2.0,16.96988,0.0,1.0,1.0,48.008377,91.0,3.0,2.0,0.0,57.0,0.0
90.0,253.82918,3.0,82.503494,16.0,0.0,0.0,100.0,-7.0,7.0,8.0,20.0,2.0,30.0,7.3996286,0.0,0.0,0.0,93.987755,1.0,1.7531047,0.0,43.042385,0.0
65.0,193.22699,4.0,103.895645,34.0,0.0,0.0,100.0,13.817225,6.0,6.0,29.0,1.0,29.0,-7.0,3.0,2.7744858,61.26116,91.0,11.0,5.0,4.0,80.0,0.0
72.83453,202.30516,10.0,92.69486,27.0,0.0,0.0,100.0,-7.0,7.0,8.0,24.0,2.0,35.0,11.872502,0.0,0.0,41.41948,51.682438,3.0,4.0,3.0,50.0,0.0
91.30485,155.99849,15.0,103.291985,7.0,0.0,0.0,100.0,-7.0,7.0,8.0,10.663694,0.0,43.225098,-7.0,0.0,0.0,0.0,97.61247,1.0,1.0,0.0,44.31989,0.0
81.0,184.0435,1.0,50.0446,14.0,0.0,0.0,100.0,-7.0,7.0,8.0,16.0,2.0,33.0,1.51517,0.0,0.0,27.097454,97.22043,2.0,2.0,0.0,71.0,0.0
82.0,371.87848,9.0,76.0,17.0,0.0,0.0,100.0,-7.0,7.0,8.0,18.0,1.0,37.407066,0.0,0.0,0.0,35.595028,97.66185,4.521061,3.6941614,0.0,67.0,0.0
75.0,334.10504,20.0,91.37241,27.147367,2.0,2.0,94.666565,74.71223,6.0,5.0,35.763634,0.0,29.0,0.0,0.0,0.0,55.03768,68.97707,3.0,2.0,0.0,58.537315,0.0
88.0,159.7512,13.797407,82.404945,18.0,0.0,0.0,100.0,-7.0,7.0,8.0,19.5651,0.0,16.9384,21.890915,0.0,0.0,9.0,42.986588,5.0,2.0,0.0,59.552166,0.0
71.0,242.99887,2.0,80.0,39.0,0.0,0.0,100.0,-7.0,7.0,8.0,39.00956,3.0,33.0,0.0,2.0,2.0,45.989677,49.56038,8.0,6.126058,2.0,100.0,0.0
86.0,343.55426,12.0,138.38278,13.0,0.0,0.0,100.0,-7.0,7.0,8.0,13.0,0.0,35.0,3.0,0.0,0.0,0.0,97.751884,1.0,1.8983635,0.0,37.28078,0.0
73.225494,95.62022,7.0,58.22671,18.0,0.0,0.0,100.0,-7.0,7.0,8.0,19.0,2.0,13.0,0.0,0.0,0.0,36.0,-8.0,10.566254,1.0,1.0,86.0,0.0
78.0,182.92664,31.454538,96.60086,1.5493466,0.0,0.0,88.0,29.15803,6.0,5.0,6.0895553,0.0,17.549072,0.0,0.0,0.0,25.0,-8.0,1.0,-8.0,0.0,50.0,0.0
77.0,183.37003,7.0,64.228836,42.17389,0.0,0.0,100.0,47.145657,6.0,5.0,37.0,2.0,35.0,0.0,1.0,0.039373834,29.648308,62.37844,5.0,3.0,1.0,60.0,0.0
91.0,157.45946,27.809305,63.0,6.0,0.0,0.0,100.0,-7.0,7.0,8.0,5.1254506,0.0,28.768887,8.632584,0.0,0.0,1.0,-8.0,1.0,1.0,0.0,50.70948,0.0
65.0,49.26301,13.774475,75.0,6.0,2.2354558,2.0,76.85341,15.261842,6.0,2.074954,10.0,0.0,14.0,0.0,2.0,1.9995929,2.0,-8.0,2.0,1.0,0.0,53.396896,0.0
91.24612,322.57803,173.323,264.2864,6.240917,0.0,0.0,100.0,-7.0,7.0,8.0,3.5050037,0.0,29.0,18.591063,1.0,1.0,0.0,-8.0,1.0,-5.416693,0.0,25.0,0.0
85.0,71.46661,23.446142,82.0,14.0,0.0,0.0,100.0,-7.0,7.0,8.0,16.77947,0.0,44.0,0.0,0.0,0.0,0.0,-8.0,2.0,1.0,0.0,35.8914,0.0
64.80213,184.93077,10.0,65.0,43.847668,0.0,0.0,91.0,29.822382,4.0,6.0,49.23651,1.0,46.033894,2.0,1.0,0.0,90.984085,73.20265,2.0,5.0,1.0,100.0,0.0
83.0,162.39558,4.0,72.0,31.816084,0.0,0.0,100.0,-7.0,7.0,8.0,34.925476,1.0,36.0,0.0,0.0,0.0,23.67741,56.121605,4.0,3.0,0.0,53.838284,0.0
72.0,380.49683,5.0,131.95178,22.0,0.0,0.0,77.80345,24.692291,6.0,6.0,32.0,1.0,53.028694,0.0,2.0,2.0,29.736473,36.106373,2.0,2.0,0.0,64.03426,0.0
83.0,260.38086,2.0,74.0,21.0,0.0,0.0,100.0,-7.0,7.0,8.0,16.0,4.0,15.0,-7.0,1.0,1.0,13.0,-8.0,6.0,1.0,0.0,67.0,0.0
82.97938,64.02698,35.735477,61.0,10.240301,0.0,0.0,100.0,-7.0,7.0,8.0,7.569167,0.0,28.0,5.3503175,0.0,0.0,34.32311,-8.0,3.0,1.0,0.0,71.0,0.0
65.73388,191.60428,9.0,97.061264,18.0,6.010279,8.686654,71.77961,70.530045,6.0,-0.930142,22.89021,1.5004408,21.895134,-7.0,1.0,1.0,94.54652,57.094505,4.0,2.0,5.693974,75.0,0.0
82.0,175.93573,2.0,114.52016,30.0,0.0,0.0,100.0,-7.0,7.0,8.0,33.374683,2.0,46.502304,15.623924,0.0,0.0,32.41462,-8.0,4.0,3.0,4.0,70.0,0.0
69.31915,177.91313,2.1835067,71.0,36.0,0.0,0.0,97.0,3.0,4.355809,6.0,29.606817,5.0,42.07054,1.0,1.0,1.0,21.0,71.0,3.0,6.0,0.8879122,81.74794,0.0
77.95017,246.00098,8.0,72.00814,14.531633,0.0,0.0,87.91879,12.012084,6.0,6.0,17.0,1.2408817,30.0,0.0,0.0,0.0,24.510427,69.730934,1.0,3.0,0.0,57.0,0.0
91.0,182.25812,35.442173,94.0,9.0,0.0,0.0,100.0,-7.0,7.0,8.0,11.0,0.0,30.0,0.0,1.0,1.0,2.0,-8.0,1.0,2.0,0.0,52.86753,0.0
79.0,321.54468,20.0,116.24226,37.65885,0.0,0.0,100.0,-7.0,7.0,8.0,43.32704,1.0,11.737775,-7.0,2.0,1.0,30.32778,85.783104,5.0,3.0,2.0,54.93832,0.0
88.933876,142.94185,5.0,109.75414,13.0,0.0,0.0,100.0,-7.0,7.0,8.0,15.0,2.0,33.0,0.0,1.0,1.0,0.75773054,87.357414,0.0,2.0,0.0,33.0,0.0
81.0,117.64873,6.779567,75.13519,25.365128,0.0,0.0,100.0,-7.0,7.0,8.0,27.0,2.0,34.586346,-7.0,4.0,4.552257,11.473598,-8.0,4.090981,3.0,1.0,77.41992,0.0
92.0804,229.24374,3.0,139.74245,26.0,0.0,0.0,100.0,-7.0,7.0,8.0,38.0,2.0,21.0,-7.0,0.0,0.0,3.0,-8.0,4.0,1.0,0.0,80.0,0.0
63.0,120.36129,23.318861,58.532166,18.0,0.0,0.0,93.0,-7.0,-9.0,6.0,19.0,0.0,55.403988,0.0,2.0,3.0,45.10127,99.10204,3.0,3.0,2.244718,75.0,0.0
76.0,299.55533,9.0,90.326195,17.0,0.0,0.0,100.0,-7.0,7.0,8.0,19.627407,1.0,29.0,22.830675,0.0,0.0,21.877537,79.0027,4.0,5.0,2.0,75.0,0.0
87.0,175.15712,15.486324,68.80018,8.047163,0.0,0.0,100.0,-7.0,7.0,8.0,10.0,0.0,77.96704,2.0,0.0,0.0,3.0,18.587551,1.0,3.0,0.0,80.0,0.0
71.0,221.16293,6.0,100.0,27.317017,1.0,1.0,94.0,-3.0732477,0.0,5.0,26.0,2.0,29.0,-5.196396,0.0,0.0,21.0,-8.0,3.0,3.0,0.0,58.0,0.0
79.0,159.66235,20.0,88.43219,16.0,0.0,0.0,100.0,-7.0,7.0,8.0,13.0,0.0,19.101793,2.0,0.0,0.0,72.8961,19.138737,1.0,2.0,0.0,80.0,0.0
81.0,203.36511,2.0,57.52673,22.0,0.0,0.0,100.0,-7.0,7.0,8.0,20.0,6.0,28.41106,0.0,2.0,1.0,18.0,64.15785,3.0,3.0,0.0,50.0,0.0
87.791405,340.27765,10.597258,92.0,25.0,0.0,0.0,100.0,-7.0,7.0,8.0,28.328442,2.0,31.0,0.0,1.0,1.0,2.0,-8.0,2.0,-8.0,0.0,30.677332,0.0
76.0,328.20682,2.0,138.83626,50.080063,0.0,0.0,100.0,-7.0,7.0,8.0,84.37977,5.766618,39.0,0.0,2.0,1.3272176,32.028996,62.290497,4.0,11.216271,1.0,71.0,0.0
71.0,211.19797,6.0,103.42418,18.0,0.0,0.0,94.0,-7.0,6.0,6.0,9.0,1.0,32.0,0.0,0.0,0.0,44.746323,-8.0,6.0,2.0,1.0,80.0,0.0
-9.0,-9.0,-9.0,-9.0,-9.0,-9.0,-9.0,-9.0,-9.0,-9.0,-9.0,-9.0,-9.0,-9.0,-9.0,-9.0,-9.0,-9.0,-9.0,-9.0,-9.0,-9.0,-9.0,0.0
28.305668,114.2023,6.0,16.926075,7.0,1.0,0.0,66.50123,27.654697,6.0,4.8185596,9.607005,3.0,74.985695,-6.431341,0.0,0.0,105.75879,73.8289,1.0,2.0,2.0,75.0,0.0
79.0,95.366295,2.0,71.229805,17.0,0.0,0.0,100.0,-7.0,7.0,8.0,3.9840457,2.0,45.0,-7.0,0.0,0.0,26.768564,73.75271,1.0,2.0,0.0,67.0,0.0
74.0,237.14539,1.0,69.40693,37.92488,0.0,0.0,97.0,4.0,6.0,5.0,42.74932,6.0,30.0,0.0,3.597698,3.0842314,11.847084,69.70999,6.0,2.0,0.0,41.15578,0.0
71.0,191.48009,2.0,114.1256,9.408606,4.277926,4.658618,88.0,68.54487,6.0,-4.0253987,8.387365,2.0,46.0,0.0,2.0,2.0,35.957565,75.639084,1.0,2.0,0.0,100.0,0.0
87.69628,371.1688,25.828554,137.04066,18.0,0.0,0.0,100.0,-7.0,7.0,8.0,10.0,0.0,64.517,-7.0,0.0,0.0,6.0,-8.0,2.0,1.0,0.0,52.295403,0.0
79.0,157.06737,3.0,77.58932,27.927122,0.0,0.0,96.0,-9.0,6.0,6.0,26.0,2.0,24.0,0.25448364,2.0,2.0,22.9773,47.905743,3.0,3.0,2.6301153,40.0,0.0
71.0,-9.0,10.0,74.0,14.0,0.0,0.0,84.0666,41.59939,6.0,6.0,4.5337014,1.0,24.0,2.0,0.0,0.0,23.281422,78.61974,2.0,1.0,0.0,73.831474,0.0
79.35515,313.6247,3.0,117.515274,25.0,0.0,0.0,96.0,31.434328,6.0,6.0,27.0,2.0,38.257915,-7.0,0.0,0.0,36.8052,93.0,6.0,6.0,0.0,73.666565,0.0
87.0,225.75488,20.366268,154.07812,36.664677,0.0,0.0,100.0,-7.0,7.0,8.0,59.37535,0.0,39.421783,0.0,3.0,3.4935656,10.0,-8.0,4.0,-0.08426769,0.0,50.0,0.0
83.0,232.64206,31.143383,129.12318,20.0,0.0,0.0,100.0,-7.0,7.0,8.0,20.0,0.0,20.0,0.0,0.0,0.0,-0.9906887,-8.0,0.0,1.0,0.0,-9.0,0.0
79.0,254.1553,2.0,74.0,48.678432,0.0,0.0,97.0,41.369144,6.0,6.0,48.71364,3.0,14.0,11.234573,0.0,0.0,1.650607,81.73309,7.0,1.0,0.0,43.0,0.0
84.0,242.6381,9.0,77.75819,27.0,0.0,0.0,100.0,-7.0,7.0,8.0,49.490253,2.0,31.722582,0.0,0.0,0.0,2.0,-8.0,2.0,1.0,0.0,29.940771,0.0
84.0,410.87262,7.0,109.29141,27.0,0.0,0.0,100.0,-7.0,7.0,8.0,28.0,1.0,17.538458,1.0,2.0,1.0,0.0,108.60511,0.0,4.0,0.0,27.00837,0.0
81.0,174.45598,6.0,59.7479,28.505,0.0,0.0,100.0,-7.0,7.0,8.0,33.125538,0.0,9.150261,0.0,2.0,2.0,1.0,-8.0,4.0,1.0,0.0,33.0,0.0
74.0,47.94793,2.0,38.70898,23.0,1.0,1.0,100.0,25.187803,6.0,5.0,26.0,3.0,25.0,0.0,2.0,2.0,8.0,81.5481,4.0,2.0,0.0,26.43632,0.0
71.0,326.44373,7.0,72.77838,51.781406,0.0,0.0,100.0,-7.0,7.0,8.0,41.555096,10.968986,31.0,0.0,2.0,1.0,27.038553,-8.0,9.0,2.0,0.0,59.930706,0.0
-9.0,438.63348,10.0,124.00119,29.960806,1.0,1.0,100.0,-7.0,0.0,7.0,35.78686,0.0,25.0,2.0,1.0,1.0,51.70913,6.6794004,8.0,2.0,2.0,63.0,0.0
73.0,291.76556,7.0,76.0,32.97248,0.0,0.0,100.0,-7.0,7.0,8.0,34.0,2.0,24.0,3.0,1.0,1.0,40.989902,62.67859,3.0,4.0,0.0,54.0404,0.0
72.002014,313.37714,2.0,75.73859,47.79248,0.0,0.0,96.0,5.458973,6.0,6.0,40.966602,3.0,32.0,4.0,0.0,0.0,29.409544,41.110435,9.0,1.0,1.0,57.376625,0.0
75.0,217.10103,17.863667,100.8283,17.0,0.0,0.0,91.0,-7.0,4.0,6.0,22.0,0.0,17.0,-7.0,0.0,0.0,30.619102,-8.0,5.0,1.0,1.0,58.23073,0.0
79.28162,-9.0,4.0,86.0,26.0,0.0,0.0,100.0,-7.0,7.0,8.0,-9.0,2.0,9.879155,-7.0,0.0,0.0,7.0,83.97655,4.0,2.0,0.0,50.0,0.0
82.0,278.9367,13.061576,90.0,16.588192,0.0,0.0,100.0,-7.0,7.0,8.0,16.12657,0.0,33.0,1.0,0.0,0.0,13.58317,9.163838,4.2912393,3.0,0.0,67.0,0.0
70.75155,190.43343,15.0,67.105896,21.0,0.0,0.0,100.0,-7.0,7.0,8.0,26.0,0.0,21.0,0.0,0.0,0.0,65.19574,89.87443,6.0,1.0,3.0,67.0,0.0
66.747284,216.28838,31.645176,100.0,38.117718,0.0,0.0,97.0,4.0,4.0,6.0,50.112785,0.0,39.12043,2.0,2.0,1.0,25.0,48.82933,5.0,2.0,1.0,60.0,0.0
80.0,260.29462,24.907742,106.67323,22.0,0.0,0.0,100.0,-7.0,7.0,8.0,25.0,0.0,29.0,11.363763,0.0,0.0,16.0,-8.0,4.0,2.0,1.0,56.0,0.0
74.0,295.79962,15.0,116.293976,42.37264,0.0,0.0,100.0,-7.0,7.0,8.0,43.826214,0.0,21.0,0.0,2.0,2.0,38.989838,88.0,11.0,2.0,2.0,75.0,0.0
78.0,132.21245,2.0,49.833523,15.0,0.0,0.0,100.0,-7.0,7.0,8.0,18.0,1.0,38.0,1.0,0.0,0.0,38.574726,86.684166,3.0,2.0,0.0,70.0,0.0
74.0,101.412186,10.0,47.483383,14.0,0.0,0.0,100.0,-7.0,7.0,8.0,12.0,0.0,83.22659,-7.0,0.0,0.0,80.85499,45.46338,1.0,3.3983166,0.0,100.0,0.0
68.0,79.07785,1.0,63.0,36.0,1.0,1.0,100.0,56.522087,6.0,3.7443998,39.84224,7.1111736,35.0,0.0,0.0,0.0,73.513565,9.255793,5.0,2.0,2.0,81.62552,0.0
64.90154,48.81774,4.0,59.687794,42.942802,0.0,0.0,100.0,-7.0,7.0,8.0,36.688374,1.0,27.0,0.0,3.0,3.0,54.218147,58.954033,11.0,3.0,2.8902693,64.78168,0.0
85.0,205.54105,7.0,59.635452,21.0,0.0,0.0,100.0,-7.0,7.0,8.0,21.0,2.0,43.256805,0.0,1.0,1.0,3.3420265,49.159405,2.0,2.0,0.0,44.839928,0.0
59.80527,134.95964,2.0,102.26225,75.28928,0.0,0.0,90.0,10.2014675,6.0,5.0,32.0,3.0,19.499783,0.0,3.0,3.0,59.07506,96.57047,24.303953,2.0,6.2307706,88.0,0.0
82.0,187.36287,2.0,85.02795,43.61912,0.0,0.0,100.0,-7.0,7.0,8.0,42.944386,1.0,34.552464,1.0,1.0,1.0,10.409506,-8.0,4.6673203,3.0,0.0,71.0,0.0
-9.0,-9.0,-9.0,-9.0,-9.0,-9.0,-9.0,-9.0,-9.0,-9.0,-9.0,-9.0,-9.0,-9.0,-9.0,-9.0,-9.0,-9.0,-9.0,-9.0,-9.0,-9.0,-9.0,0.0
91.0,381.5993,6.0,106.68524,27.50496,0.0,0.0,100.0,-7.0,7.0,8.0,26.0,2.0,13.6956835,0.0,1.0,1.0,1.0,82.03857,1.0,2.0,0.0,12.911931,0.0
87.0,222.60693,17.100843,75.0,10.197413,0.0,0.0,100.0,-7.0,7.0,8.0,9.0,0.0,22.0,-7.0,0.0,0.0,0.0,-8.0,1.5807602,1.0,0.0,39.399193,0.0
-9.0,-9.0,-9.0,-9.0,-9.0,-9.0,-9.0,-9.0,-9.0,-9.0,-9.0,-9.0,-9.0,-9.0,-9.0,-9.0,-9.0,-9.0,-9.0,-9.0,-9.0,-9.0,-9.0,0.0
74.0,240.84126,28.876036,151.12907,18.0,0.0,0.0,86.65158,17.930412,6.0,6.0,14.2196045,0.0,33.0,2.0,1.0,1.0,27.423306,-8.0,2.0,1.0,0.0,43.0,0.0
87.0,97.992516,22.09354,56.11104,12.0,0.0,0.0,100.0,-7.0,7.0,8.0,9.0,0.0,43.330364,11.623863,0.0,0.0,0.0,-8.0,2.0,1.0,0.0,41.373505,0.0
61.280914,230.1321,7.0,91.372154,31.0,2.0,1.0,83.79436,-7.0,3.0323925,3.0,41.217,2.0,17.1537,1.0,4.0,3.0,36.0,57.625626,5.0,1.0,1.0,50.0,0.0
84.0,449.07605,3.0,140.24811,29.114386,0.0,0.0,100.0,-7.0,7.0,8.0,31.0,3.0,9.523032,0.0,0.0,0.0,4.6123734,-8.0,6.848513,1.0,0.0,45.687286,0.0
-9.0,-9.0,-9.0,-9.0,-9.0,-9.0,-9.0,-9.0,-9.0,-9.0,-9.0,-9.0,-9.0,-9.0,-9.0,-9.0,-9.0,-9.0,-9.0,-9.0,-9.0,-9.0,-9.0,0.0
87.0,322.57248,4.0,69.50589,40.92094,0.0,0.0,100.0,-7.0,7.0,8.0,44.339703,1.7548206,23.0,0.0,1.0,1.0,4.0,-8.0,7.0,1.0,0.0,36.501774,0.0
77.0,154.45729,1.0,65.0,17.775068,0.0,0.0,100.0,-7.0,7.0,8.0,21.0,2.0,20.541786,1.0,5.502461,5.5405693,16.0,73.41265,5.0,2.0,2.0,60.0,0.0
84.43888,353.9881,6.0,177.93953,28.0,0.0,0.0,93.62885,21.611362,6.0,6.0,28.0,2.0,24.557283,0.0,0.0,0.0,0.0,-8.0,2.0,1.0,0.0,40.791824,0.0
85.95049,182.99002,11.0,60.306126,-9.0,0.0,0.0,100.0,-7.0,7.0,8.0,2.972162,1.0,29.0,16.0,0.0,0.0,2.6390848,70.88572,2.0,2.0,0.0,57.449738,0.0
76.0,234.47073,7.0,86.06645,32.0,0.0,0.0,100.0,-7.0,7.0,8.0,37.12329,0.0,25.0,1.0,2.0,2.0,63.15402,62.42007,3.0,3.0,1.0,67.0,0.0
81.0,152.7079,12.0,77.17697,22.0,0.0,0.0,97.0,-7.0,4.0,6.0,21.0,0.0,45.0,0.0,2.0,2.0,11.857319,-8.0,2.0,1.0,0.0,50.0,0.0
88.0,313.30093,18.977476,100.10146,20.0,0.0,0.0,100.0,-7.0,7.0,8.0,9.0,0.0,40.0,-7.0,0.0,0.0,2.0,56.059284,2.0,2.0,0.0,50.0,0.0
83.0,138.72455,6.0,72.0,22.037191,0.0,0.0,100.0,-7.0,7.0,8.0,24.0,1.0,20.0,0.0,0.0,0.0,10.0,-8.0,2.0,1.0,1.0,19.12128,0.0
71.348404,424.61185,2.0,93.0,41.067554,0.0,0.0,100.0,-7.0,4.0,6.0,43.65922,4.0,27.0,0.0,4.0,4.0,18.0,93.0,13.037184,4.0,1.0,67.0,0.0
81.399284,272.88385,6.0,118.74648,54.704815,0.0,0.0,100.0,-7.0,7.0,8.0,44.442123,2.0,31.029863,0.0,1.0,1.0,9.0,94.06098,5.0,4.0,0.0,59.06531,0.0
78.69984,300.88388,6.0,100.63341,44.3057,0.0,0.0,100.0,-7.0,7.0,8.0,44.101055,4.0,30.965742,7.0,2.0,2.0,13.185723,83.82325,2.0,4.0,0.0,44.0,0.0
87.0,418.5479,39.958965,202.82925,18.0,0.0,0.0,100.0,-7.0,7.0,8.0,25.0,0.0,36.0,0.0,1.0,1.0,1.0,-8.0,3.0,1.0,0.0,67.0,0.0
80.40718,234.5841,2.0,75.39566,24.0,0.0,0.0,100.0,-7.0,7.0,8.0,23.236416,4.0,43.014996,-8.0,0.0,0.0,32.0,93.32922,4.0,3.0,1.0,67.0,0.0
81.0,98.627655,8.0,24.619001,14.941513,0.0,0.0,100.0,-7.0,7.0,8.0,22.0,3.0,53.49377,0.0,0.0,0.0,1.0,49.250328,2.0,2.0,0.0,100.0,0.0
69.95201,264.31644,8.0,93.0,9.0,1.0,2.0,100.0,-7.0,7.0,8.0,13.0,3.0,40.0,-7.0,0.0,0.0,70.08211,76.0,2.0,1.0,0.0,89.51531,0.0
80.0,447.34653,28.127378,120.44492,16.0,0.0,0.0,100.0,-7.0,7.0,8.0,24.0,0.0,51.606915,-7.0,0.33730176,1.0,21.0,-8.0,2.0,1.0,0.0,40.655186,0.0
84.0,262.46484,10.304459,113.014854,25.0,1.0,0.0,96.456726,44.958244,6.0,5.0,24.0,1.0,23.582924,-7.0,0.0,0.0,2.0,-8.0,4.0,1.0,0.0,57.335266,0.0
76.0,165.46758,6.0,70.0,35.34255,0.0,0.0,100.0,-7.0,7.0,8.0,34.0,2.0,37.0,2.0,1.0,1.0,10.0,84.94807,2.0,5.3856196,0.0,60.0,0.0
63.935726,159.50893,5.610279,70.0,20.0,2.7067938,2.0,83.35866,16.897846,6.0,5.0,19.85337,3.0,42.0,0.0,1.0,1.0,56.353218,81.15417,5.0,5.0,2.0,67.0,0.0
83.0,132.19168,10.623495,68.0,14.0,0.0,0.0,100.0,-7.0,7.0,8.0,10.0,0.0,43.0,0.0,2.0,2.0,19.223373,88.80869,3.0,2.0,1.0,80.0,0.0
77.2135,133.60771,2.0,77.42007,54.68164,0.0,0.0,100.0,-7.0,7.0,8.0,58.75348,9.09928,20.06837,-7.0,1.0,1.0,11.0,99.47538,7.7383943,3.0,2.0,43.523193,0.0
77.0,219.84229,8.0,100.0,68.560326,0.0,0.0,100.0,54.046238,6.0,6.0,48.137623,0.0,28.0,0.0,4.0,4.0,6.0,-8.0,9.0,4.0,0.0,57.0,0.0
79.0,421.54523,3.0,100.15576,48.678516,2.0,0.92270935,89.0,56.1234,6.0,3.0,54.792156,10.88481,27.028168,10.83248,2.0,1.0,3.0,81.96149,2.027909,4.717978,0.0,37.53709,0.0
76.0,253.94208,3.0,93.00916,13.0,0.0,0.0,91.0,40.5227,6.0,6.0,15.0,2.0,24.0,1.0,2.0,2.0,14.0,76.162865,2.0,4.1925893,0.0,81.3264,0.0
77.0,190.1519,2.0,74.30523,44.31999,0.0,0.0,100.0,-7.0,7.0,8.0,44.766357,2.0,-9.0,9.710048,2.0,1.0,14.704166,44.9162,4.0,2.0,1.0,33.436066,0.0
91.0,469.03387,54.64986,161.8825,-9.0,0.0,0.0,100.0,-7.0,7.0,8.0,10.0,0.0,40.0,0.0,3.0,3.0,3.0247643,-8.0,3.0,1.0,0.0,83.0,0.0
77.31057,150.51863,1.0,57.714478,20.0,0.0,0.0,100.0,-7.0,7.0,8.0,29.598955,2.0,33.0,-7.0,1.0,0.0,40.90585,36.95649,3.1048646,2.0,1.0,50.0,0.0
73.0,216.77551,15.0,73.46463,12.0,0.0,0.0,88.0,31.290882,6.0,4.0,14.637533,0.0,63.984642,0.0,2.0,1.0,3.3643034,80.0,1.0,3.0,0.0,84.4124,0.0
69.0,107.464066,4.0,38.697952,13.0,1.0,0.79557085,100.0,-7.0,7.0,8.0,4.808217,3.0,33.0,0.0,3.0417092,4.0,4.759557,-8.0,2.0,1.0,0.0,42.64992,0.0
65.0,191.96312,14.449685,120.75069,15.0,2.0,2.0,68.94449,11.384923,4.0,3.1437855,16.171968,0.0,22.0,0.0,2.0,2.0,24.122671,-8.0,3.0,1.0,0.0,74.21155,0.0
73.0,149.06534,4.0,70.249275,12.0,0.0,0.0,100.0,-7.0,7.0,8.0,12.0,2.0,33.0,1.0,1.0,1.0,22.976881,58.523922,6.685308,1.0,2.0,80.0,0.0
69.52883,178.30797,1.0,62.911057,30.0,1.0,0.0,97.0,28.92344,6.0,5.0,34.95381,10.922523,36.70226,6.0,2.0,1.888102,44.49411,88.80675,9.069529,4.0,3.0,100.0,0.0
78.0,101.12451,2.0,40.197388,9.709581,0.0,0.0,100.0,-7.0,7.0,8.0,9.0,1.0,22.994432,2.0,1.0,1.0,32.210697,-8.0,1.0,2.0,0.0,83.78794,0.0
77.0,231.45456,13.7962885,111.64905,12.3837185,0.0,0.0,91.39431,5.521563,6.0,6.0,12.0,0.0,45.790997,1.0,0.0,0.0,11.0,-8.0,1.0,1.0,0.0,35.57589,0.0
73.0,409.873,7.0,114.15367,28.0,0.0,0.0,95.4288,2.9264548,4.0,6.0,29.0,2.0,38.0,7.2458005,1.0,1.0,21.857222,51.50436,6.0,2.0,0.0,80.0,0.0
70.49779,159.6257,4.0,72.0,33.0,1.0,1.3051426,94.69444,71.42168,6.0,3.0,38.485447,3.0,30.0,-7.0,3.6626985,3.0,42.939034,87.169495,6.7367544,4.0,2.0,67.0,0.0
83.0,392.9417,8.0,121.02739,26.0,0.0,0.0,92.23976,48.157124,6.0,6.0,28.0,0.0,36.0,-7.049098,0.0,0.0,14.273246,49.93518,4.0,2.0,0.0,60.0,0.0
81.0,171.86774,3.0,83.45162,31.0,0.0,0.0,97.0,37.521297,6.0,6.0,30.0,4.0,40.0,0.0,2.0,2.0,2.0,99.95893,3.0,2.0,0.0,33.0,0.0
79.51639,291.62057,15.04036,79.46959,16.0,0.0,0.0,100.0,-7.0,6.0,8.0,13.0,0.0,32.0,0.0,5.1406374,4.321398,0.0,59.073997,2.0,1.0,-9.0,43.0,0.0
63.96478,231.77184,9.0,114.8201,25.111074,4.633653,0.0,74.26969,9.506862,4.0,3.0,49.625557,2.0,11.422735,14.327317,0.0,0.0,59.863567,-8.0,6.0,1.0,2.1323848,60.0,0.0
74.0,239.64798,4.0,127.966255,44.679543,0.0,0.0,100.0,-7.0,7.0,8.0,13.0,4.0,23.418768,0.0,3.0,2.0,19.095778,39.042747,7.0,3.0,2.0,47.61758,0.0
74.67358,127.256645,3.0,70.0,34.20224,0.0,0.0,96.83697,58.48586,6.0,6.0,45.96354,3.0,61.900272,2.0,0.0,1.0,25.0,95.75291,2.0,6.0,0.0,71.0,0.0
79.21735,210.37631,8.0,61.0,11.788879,0.0,0.0,100.0,-7.0,7.0,8.0,13.0,1.0,0.0,-7.0,0.0,0.0,33.564884,-8.0,4.0,-8.0,0.0,91.482574,0.0
69.0,356.89447,14.0,76.0,14.0,3.0,1.0,82.169815,21.715279,6.0,2.0,19.0,0.0,38.0,-7.0,1.0,0.9635088,72.32374,65.001205,2.0,2.0,0.0,77.23146,0.0
81.0,351.65735,8.035264,129.9624,30.0,0.0,0.0,100.0,-7.0,7.0,8.0,30.0,2.0,24.661463,0.0,4.0,4.0,3.0,-8.0,2.0,2.0,0.0,37.57247,0.0
71.0,310.43112,8.0,103.19737,21.0,0.0,0.0,95.0,6.0,6.0,6.0,21.0,1.0,36.456963,18.41749,0.0,0.0,51.324078,64.08073,4.0,3.0,1.0,83.0,0.0
71.0,165.75815,11.0,79.0,14.0,0.0,0.0,100.0,-7.0,7.0,8.0,12.0,1.0,-6.6546206,17.51858,0.0,0.0,72.191826,-8.0,11.02439,1.0,5.4707804,93.76173,0.0
76.0,149.26152,3.0,43.066,18.0,0.0,0.0,100.0,-7.0,7.0,8.0,19.0,5.0,50.0,5.0,0.0,0.0,9.392494,84.03262,2.0,2.0,0.0,40.856335,0.0
69.23798,125.204666,2.0,88.06799,52.894924,0.0,0.0,100.0,-7.0,6.0,8.0,16.0,6.6770444,21.0,0.0,9.145234,8.609317,39.8911,-8.0,9.0,2.0,2.0,75.0,0.0
83.62906,289.09503,3.0,82.0,24.0,0.0,0.0,100.0,-7.0,7.0,8.0,34.0,4.0,55.578438,4.0,1.0,1.0,1.0,58.16969,1.0,4.0,0.0,56.687668,0.0
82.0,117.132744,6.0,48.819313,13.0,0.0,0.0,100.0,-7.0,7.0,8.0,11.062904,2.0,36.581657,1.0,1.0,1.0,31.162487,88.0,1.0,2.0,0.0,75.0,0.0
76.0,164.94519,2.0,122.11358,17.0,1.0,0.0,84.421646,11.673638,6.0,4.9667225,22.0,2.0,14.0,1.0,0.0,0.0,0.0,48.471527,3.0,1.0,0.0,38.0,0.0
74.68273,307.94724,4.0,152.14378,20.0,0.0,0.0,97.0,54.969585,6.0,6.0,19.0,1.0,35.0,0.0,0.0,0.0,58.90929,49.530243,4.0,2.0,1.0,91.48122,0.0
88.0,184.21733,17.087917,92.76313,18.125002,0.0,0.0,100.0,-7.0,7.0,8.0,19.0,0.0,28.522823,0.0,0.0,0.0,1.0,-8.0,1.0,1.0,0.0,23.886686,0.0
72.0,157.67253,2.0,55.708057,21.0,0.0,0.0,100.0,-7.0,7.0,8.0,23.0,6.0,22.0,5.0,2.0,1.0,30.402508,89.120895,8.0,2.0,3.8426526,100.0,0.0
87.0,269.91455,11.998248,99.16643,24.320585,0.0,0.0,100.0,-7.0,7.0,8.0,21.0,0.0,33.0,0.0,3.0,3.0,2.0,55.380272,3.0,3.0,0.0,43.0,0.0
69.0,166.67326,5.0,78.704285,24.0,1.0,1.0,100.0,-7.0,7.0,8.0,33.226093,4.0,20.0,2.0,0.0,0.0,46.80006,-8.0,6.0,2.0,3.0,80.0,0.0
79.00423,199.08768,45.21474,97.092186,15.0,0.0,0.0,91.0,51.807907,6.0,6.0,18.478933,0.0,38.0,-8.0,0.0,0.0,0.0,-8.0,-2.2565863,1.0,-8.3256855,54.481464,0.0
68.0,293.00272,20.445936,103.04561,20.0,1.0,0.0,81.34749,19.590343,6.0,5.0,21.0,0.0,24.0,3.0,0.0,0.0,68.66854,-8.0,6.0,2.0,2.0,67.0,0.0
68.0,365.33075,8.0,155.93338,31.084799,0.0,0.0,94.0,31.192198,6.0,6.0,34.0,3.0,31.579542,0.0,1.0,1.0,48.65617,100.0,9.231957,2.0,3.0,75.0,0.0
76.704956,195.62285,5.0,109.27374,28.0,0.0,0.0,100.0,-7.0,7.0,8.0,27.280954,3.0,52.947212,-7.0,1.0,1.0,43.94742,49.491436,5.0,1.0,1.0,67.0,0.0
65.0,-5.1737165,-9.0,63.0,15.4948225,0.0,0.0,100.0,-7.0,7.0,8.0,19.0,2.0,37.12087,0.0,1.0,1.0,26.417305,-8.0,3.0,2.0,2.0,64.0,0.0
69.0,152.21368,2.0,61.58573,24.0,2.4851553,2.4854536,90.09913,74.50378,5.8260746,6.0,24.0,3.0,58.131737,0.0,6.810529,6.5845394,59.378464,71.32828,4.810562,3.0,3.0,78.0,0.0
78.0,177.88243,9.0,66.525925,14.39468,0.0,0.0,100.0,-7.0,7.0,8.0,18.0,1.1590775,14.0,0.0,2.0,2.0,8.03564,-8.0,5.0,-8.0,0.0,57.0,0.0
89.845375,330.553,11.0,88.78651,19.0,0.0,0.0,100.0,-7.0,7.0,8.0,19.0,0.0,21.696987,-7.0,0.0,0.0,8.0,-8.0,2.8319452,1.0,0.0,40.10133,0.0
84.0,331.7809,2.0,96.040764,20.0,0.0,0.0,95.0,-7.0,6.0,6.0,22.0,3.0,26.0,0.0,2.0,2.0,4.663559,93.0,6.0,2.0,0.0,73.0,0.0
81.0,171.72826,2.0,68.0,22.0,1.0,1.0,96.0,67.07379,6.0,5.0,24.0,1.0,30.0,18.065054,0.0,0.0,1.0,84.95254,2.0,2.0,0.0,83.680466,0.0
78.684006,279.16782,5.0,69.53775,21.0,0.0,0.0,100.0,-7.0,7.0,8.0,23.0,3.0,35.0,5.0,0.0,0.0,25.0,100.0,2.0,3.0,0.0,56.0,0.0
79.0,141.91376,2.0,78.467606,26.002317,0.0,0.0,100.0,-7.0,7.0,8.0,32.0,4.0,46.478134,-7.0,1.0,1.0,48.129654,80.11415,5.0,4.0,1.0,75.0,0.0
55.235264,259.12155,2.0,77.0,16.0,3.0,3.1224582,87.56982,6.0466475,-9.0,2.6043963,21.0,2.9861002,35.0,3.0,0.0,0.0,19.0,25.35141,4.0,2.0,1.0,50.0,0.0
83.0,244.32487,7.3493657,67.9308,33.04114,0.0,0.0,100.0,-7.0,7.0,8.0,49.158123,1.0,16.0,23.294271,0.0,0.0,5.0,-8.0,2.0,1.0,0.0,30.374434,0.0
-9.0,-9.0,-9.0,-9.0,-9.0,-9.0,-9.0,-9.0,-9.0,-9.0,-9.0,-9.0,-9.0,-9.0,-9.0,-9.0,-9.0,-9.0,-9.0,-9.0,-9.0,-9.0,-9.0,0.0
91.85878,195.03804,10.0,88.02739,8.907675,0.0,0.0,100.0,-7.0,7.0,8.0,11.0,1.0,42.0,0.0,1.0,1.0,2.0,-8.0,1.0,2.0,0.0,57.394592,0.0
86.0,359.63232,2.0,79.0,34.0,0.0,0.0,100.0,-7.0,7.0,8.0,42.69753,2.0,14.0,12.0,0.0,0.0,1.0,-8.0,4.0,1.0,0.0,33.0,0.0
-9.0,-9.0,-9.0,-9.0,-9.0,-9.0,-9.0,-9.0,-9.0,-9.0,-9.0,-9.0,-9.0,-9.0,-9.0,-9.0,-9.0,-9.0,-9.0,-9.0,-9.0,-9.0,-9.0,0.0
64.56426,165.91112,14.0,65.0,18.355885,0.0,0.0,88.66268,20.315014,6.0,6.0,19.0,0.0,50.0,1.0,2.0,2.0,74.062454,-8.0,4.0,2.0,1.5575172,71.0,0.0
68.0,123.62858,3.8183532,58.0,17.16609,1.0,0.0,91.93833,70.95133,6.0,5.0,19.0,2.0,33.0,-8.0,0.0,0.0,41.271725,88.87326,5.1431227,3.0,1.0,100.0,0.0
87.0,239.28839,3.0,86.0,27.0,0.0,0.0,100.0,-7.0,7.0,8.0,20.583769,1.0,31.137129,0.9913111,1.7414976,1.0,6.47024,13.103448,1.0,3.0,0.0,42.48095,0.0
-9.0,-9.0,-9.0,-9.0,-9.0,-9.0,-9.0,-9.0,-9.0,-9.0,-9.0,-9.0,-9.0,-9.0,-9.0,-9.0,-9.0,-9.0,-9.0,-9.0,-9.0,-9.0,-9.0,0.0
71.0,191.10863,3.0,75.0,26.256523,0.0,0.0,100.0,-7.0,7.0,8.0,29.0,1.0,26.67727,-7.0,2.0,3.0,61.799576,57.45822,5.0,3.0,3.0,70.0,0.0
79.0,173.8078,15.0,91.781784,24.0,0.0,0.0,100.0,-7.0,7.0,8.0,21.0,0.0,21.009659,-8.0,0.0,0.0,47.969124,86.60348,4.0,2.0,2.0,71.0,0.0
87.0,286.69806,4.829309,71.654625,28.0,0.0,0.0,100.0,-7.0,7.0,8.0,30.0,1.0,18.44372,1.0,0.0,0.0,2.0,-8.0,3.0,1.0,0.0,46.325706,0.0
-9.0,-9.0,-9.0,-9.0,-9.0,-9.0,-9.0,-9.0,-9.0,-9.0,-9.0,-9.0,-9.0,-9.0,-9.0,-9.0,-9.0,-9.0,-9.0,-9.0,-9.0,-9.0,-9.0,0.0
60.539776,159.36774,3.0,92.0,44.168938,4.8382134,3.874336,70.5896,3.0,4.0,2.0,41.967934,1.0,17.0,0.0,3.0,3.0,33.874313,62.52373,8.0,3.0,2.0,56.0,0.0
84.0,288.43597,17.807394,125.94493,25.0,0.0,0.0,100.0,-7.0,7.0,8.0,28.0,0.0,50.0,0.0,1.0,1.0,2.6412768,-8.0,3.0,-8.0,0.0,45.782845,0.0
82.0,319.4456,-9.0,102.62371,28.528435,0.0,0.0,97.0,49.25417,6.0,6.0,31.405134,2.0,36.0,0.5438027,2.0,2.0,6.0,83.66057,3.0,4.0,0.0,60.0,0.0
76.0,273.2991,2.0,107.350975,36.87977,0.0,0.0,96.839134,49.645294,6.0,6.0,39.8563,2.0,43.0,0.0,1.0,1.0,15.611031,48.313602,7.449576,6.0,0.0,75.549545,0.0
86.0,201.59096,27.869913,128.2508,18.0,0.0,0.0,100.0,-7.0,7.0,8.0,19.0,0.0,29.0,0.0,0.0,0.0,6.0,31.232376,3.0,2.0,0.0,44.290295,0.0
73.0,208.5104,19.704517,74.558784,22.0,0.0,0.0,100.0,-7.0,7.0,8.0,26.0,0.0,52.215237,0.0,1.0,1.0,51.68918,84.041954,3.0,4.0,0.0,71.0,0.0
63.0,455.43402,3.0,88.817856,37.97499,1.0,1.0,94.094696,4.826029,0.68226993,2.0,34.0,3.0,31.0,0.0,4.790018,5.0,11.0,-8.0,6.0,2.0,0.0,39.336338,0.0
81.0,170.2221,4.0,79.19489,32.0,1.0,0.0,97.0,74.34318,6.0,5.0,34.25026,1.3520508,25.0,-7.0,1.0,1.0,22.974873,-8.0,1.0,1.0,0.0,40.0,0.0
54.18339,163.90851,8.0,93.0,15.0,0.0,0.0,78.59338,-7.0,1.0047886,5.8711276,16.0,1.0,57.196022,0.0,0.0,0.0,72.021904,53.418846,5.0,2.0,4.889782,100.0,0.0
80.0,384.778,2.8262734,99.037094,19.0,0.0,0.0,100.0,-7.0,7.0,8.0,28.0,2.0,25.345846,5.0,3.0,2.0,10.0,-8.0,3.0,-8.0,1.0,46.791897,0.0
71.0,320.02356,8.0,132.76384,14.0,0.0,0.0,100.0,-7.0,7.0,8.0,11.0,0.0,30.0,-7.0,0.0,0.0,67.502235,-8.0,7.9508348,1.0,2.0,100.0,0.0
69.0,461.21216,8.0,98.82727,14.0,0.0,0.0,100.0,-7.0,7.0,8.0,16.0,1.0,-1.8623401,0.0,4.398037,4.0,59.36609,-8.0,4.0,-9.0,1.0,75.0,0.0
81.57952,169.54326,2.0,74.0155,30.0,0.0,0.0,100.0,-7.0,7.0,8.0,34.0,3.0,29.0,0.0,2.0,2.0,1.0,64.767,3.0,2.0,0.0,50.0,0.0
65.0,373.0999,2.0,148.30305,27.33083,2.0,0.0,83.08253,22.966265,6.0,5.0,29.0,3.0,12.831201,0.0,4.0,3.2980862,32.0,46.70367,9.0,3.0,2.0,58.0,0.0
81.0,473.94495,2.0,83.159744,30.0,0.0,0.0,94.90243,28.057644,6.0,6.0,46.872433,6.0,20.0,0.0,2.0,2.0,1.0,-8.0,3.0,2.0,0.0,52.401737,0.0
79.181046,405.36005,1.0,96.892044,49.57293,0.0,0.0,100.0,-7.0,7.0,8.0,50.718422,6.0,23.0,0.0,2.0,2.0,15.0,-8.0,4.0,11.623383,1.0,45.73097,0.0
74.0,342.49704,2.0,106.77722,31.0,0.0,0.0,100.0,-7.0,7.0,8.0,33.0,2.0,37.0,3.4619672,1.735989,1.0,54.67234,32.82036,6.0,7.0727196,2.0,91.06397,0.0
76.854836,137.0504,7.0,63.4609,32.98069,0.0,0.0,100.0,-7.0,7.0,8.0,34.0,3.4401262,58.92621,-7.0,1.0,1.0,41.00102,50.86926,4.0,3.0,0.0,80.0,0.0
70.0,305.72754,7.0,131.89648,26.994907,0.0,0.0,100.0,-7.0,4.0,6.0,27.0,2.0,44.0,-7.0,0.0,0.0,44.288544,78.20785,9.632533,2.0,0.0,83.0,0.0
86.0,235.27039,6.0,99.84189,24.0,0.0,0.0,100.0,-7.0,7.0,8.0,22.177744,1.0,21.187395,0.0,0.0,0.0,4.3851275,38.399784,8.432891,2.0,0.0,50.0,0.0
75.0,281.7659,7.0,171.38596,17.0,0.0,0.0,100.0,-7.0,7.0,8.0,19.0,2.0,24.0,-8.0,0.0,0.0,51.84904,-8.0,4.0,1.0,0.0,77.09387,0.0
71.0,216.3118,14.0,119.84645,26.0,0.0,0.0,96.0,24.939142,6.0,6.0,30.0,0.0,33.0,-7.0,0.0,0.0,9.0,76.30455,7.0,4.0,0.0,57.185413,0.0
89.0,154.51591,9.0,91.73831,12.0,0.0,0.0,100.0,-7.0,7.0,8.0,16.0,1.0,70.02828,1.0,1.0,1.0,4.0,82.26451,1.0,2.0,0.0,86.0,0.0
74.0,159.68347,2.130159,39.554615,36.06157,0.0,0.0,100.0,-7.0,7.0,8.0,37.060432,6.0,42.0,0.0,2.0,2.0,17.083735,50.145916,4.0,4.0,0.0,82.51988,0.0
80.0,162.53128,3.0,81.32791,23.914726,0.0,0.0,93.02226,49.314903,6.0,6.0,25.0,2.0,36.25394,-8.0,0.0,0.0,36.02226,58.960167,3.0,3.0,0.0,71.0,0.0
87.473724,157.1131,5.0,76.24123,17.617094,0.0,0.0,100.0,-7.0,7.0,8.0,15.484247,1.0,47.0,7.0,1.0,1.0,1.0,92.5931,0.0,3.0,0.0,42.756607,0.0
89.0,149.44875,3.0,81.0,14.0,0.0,0.0,100.0,-7.0,7.0,8.0,16.0,1.0,43.072536,4.0,1.0,1.0,6.2832804,-8.0,3.0,1.0,0.0,62.23522,0.0
62.0,323.1598,8.0,77.73407,20.0,3.5240345,3.0366435,88.0,1.5699334,-9.0,5.0,34.0,3.0,49.307247,0.0,0.0,0.0,42.241005,-8.0,4.0,1.0,0.50175583,86.0,0.0
75.0,281.66284,6.0,72.0,24.0,0.0,0.0,92.0,12.898198,6.0,6.0,33.283215,2.0,11.556755,12.345267,0.0,0.0,8.0,-8.0,2.0,-8.0,0.0,17.743677,0.0
-9.0,-9.0,-9.0,-9.0,-9.0,-9.0,-9.0,-9.0,-9.0,-9.0,-9.0,-9.0,-9.0,-9.0,-9.0,-9.0,-9.0,-9.0,-9.0,-9.0,-9.0,-9.0,-9.0,0.0
-9.0,136.30699,-7.653215,80.0,10.0,5.319668,7.1931186,100.0,-7.0,1.1224015,8.0,10.151592,3.0,69.01466,3.1080728,0.0,0.0,59.864098,20.547241,1.0,2.0,0.0,70.0,0.0
87.0,190.15616,7.0,67.0,24.0,0.0,0.0,100.0,-7.0,7.0,8.0,28.0,2.0,50.0,-7.0,1.0,1.0,6.0,93.0,1.0,4.0,0.0,60.0,0.0
-9.0,-9.0,-9.0,-9.0,-9.0,-9.0,-9.0,-9.0,-9.0,-9.0,-9.0,-9.0,-9.0,-9.0,-9.0,-9.0,-9.0,-9.0,-9.0,-9.0,-9.0,-9.0,-9.0,0.0
82.0,258.48407,8.0,101.12083,42.92607,0.0,0.0,100.0,-7.0,7.0,8.0,34.288475,2.0,21.0,0.0,0.0,0.0,10.185657,-8.0,4.0,2.0,0.0,20.382452,0.0
83.89135,402.2627,2.0,196.9493,19.0,0.0,0.0,100.0,-7.0,7.0,8.0,20.0,2.0,25.0,0.0,5.0,4.1065426,11.0,59.56133,3.0,2.0,0.0,50.0,0.0
86.0,247.41664,9.0,116.638695,32.0,0.0,0.0,100.0,-7.0,7.0,8.0,33.0,1.0,41.71091,0.0,0.0,0.0,4.743199,-8.0,3.0,2.0,0.0,67.0,0.0
83.0,195.38608,7.0,85.5534,31.599066,0.0,0.0,97.0,24.46518,6.0,6.0,32.598106,1.0,39.0,-7.0,0.0,0.0,2.0,98.13425,3.0,6.3078275,0.0,56.0,0.0
78.0,215.85837,15.971386,71.255424,16.63096,0.0,0.0,100.0,-7.0,7.0,8.0,14.0,0.0,19.0,0.0,2.0,1.8073359,42.781155,-8.0,2.0,2.0,1.0,40.0,0.0
59.411064,190.98347,23.512836,59.48683,7.0,1.0,0.0,-9.0,-7.0,-9.0,6.0,7.7350926,0.0,45.0,1.0,0.0,1.0,30.465824,-8.0,3.0,1.0,0.0,100.0,0.0
71.0,-9.0,19.618202,83.67035,29.0,0.0,0.0,100.0,-7.0,7.0,8.0,8.0,0.0,26.900284,-7.0,1.0,1.0,59.22007,53.69174,5.0,2.0,2.960934,66.96365,0.0
75.0,164.4421,6.0,65.85386,17.0,0.0,0.0,94.0,52.147827,6.0,6.0,18.67167,2.0,52.21878,0.0,3.0,2.0,4.0,-8.0,2.0,2.0,1.0,73.0,0.0
74.0,257.99112,3.0,77.82223,27.0,0.0,0.0,92.03325,6.0,6.0,6.0,22.797218,2.0,27.0,0.0,1.0,1.0,5.6372366,-8.0,1.0,3.0,0.0,40.0,0.0
73.0,182.63817,2.0,77.0,23.0,0.0,0.0,100.0,-7.0,7.0,8.0,26.0,1.0,26.0,0.0,1.0,1.0,16.56546,58.27333,6.0,3.0,0.0,60.0,0.0
86.0,226.15556,4.8053412,98.49178,18.0,0.0,0.0,100.0,-7.0,7.0,8.0,19.0,1.0,21.927038,9.10083,0.0,0.0,32.229305,82.222336,5.0,2.0,0.0,100.0,0.0
80.74007,208.91895,5.0,77.9949,21.0,0.0,0.0,100.0,-7.0,7.0,8.0,23.0,3.0,33.0,0.0,1.0,2.0,5.0,93.0,2.0,1.0,0.0,35.844776,0.0
73.0,209.93062,6.0,80.08802,29.0,0.0,0.0,100.0,-7.0,7.0,8.0,22.0,3.0,30.588135,0.0,1.0,1.0,34.823605,52.13474,5.699379,3.0,2.5109723,75.0,0.0
72.137665,389.31107,2.0,108.80598,27.0,0.0,0.0,85.630196,10.99569,6.0,6.0,26.0,2.0,31.0,12.137878,0.0,0.0,21.0,93.0,6.0,2.0,0.0,71.0,0.0
90.351204,284.9225,29.659103,136.24243,14.0,0.0,0.0,100.0,-7.0,7.0,8.0,13.0,0.0,60.341194,0.0,1.0,1.0,0.0,44.20126,2.0,2.0,0.0,60.0,0.0
82.04298,207.65485,8.0,67.0,27.507446,0.0,0.0,97.0,37.22403,6.0,6.0,33.05259,2.0,18.224012,-7.0,1.0,1.0,1.0,-8.0,2.0,1.0,0.0,36.6844,0.0
77.0,62.198856,1.0,17.942108,20.0,1.0,0.0,93.0,36.855602,6.0,4.0,13.0,2.0,33.387173,2.0,0.0,0.0,3.0,-8.0,4.0,4.0,0.0,46.724285,0.0
86.0,169.54085,20.754763,82.19059,18.0,0.0,0.0,100.0,-7.0,7.0,8.0,10.0,0.0,37.0,0.0,1.0,1.0,1.0,72.8291,2.0,2.0,0.0,67.0,0.0
79.0,187.95544,2.0,61.967125,7.0,0.0,0.0,100.0,-7.0,7.0,8.0,0.9403435,2.0,63.678596,10.237587,0.0,0.0,72.325836,77.96248,2.0,2.0,2.0,100.0,0.0
84.0,138.58774,5.0,48.904884,10.3541565,0.0,0.0,100.0,-7.0,7.0,8.0,11.992859,1.0,17.0,1.0,0.0,0.0,22.956627,-8.0,3.0,1.0,0.0,78.0,0.0
77.0,125.282074,2.195598,52.66628,45.531742,0.0,0.0,97.0,13.891305,6.0,6.0,43.85447,3.0,33.831047,0.0,2.0,2.3671925,5.0,-8.0,4.919806,2.0,0.0,38.580654,0.0
72.0,273.46274,6.0,76.0,20.0,0.0,0.0,91.0,31.770004,6.0,6.0,22.0,3.0,20.246971,1.6255275,1.0,1.0,46.58752,39.56552,7.99463,2.0,1.0,67.0,0.0
82.0,304.3153,7.0,108.88735,29.0,0.0,0.0,100.0,-7.0,7.0,8.0,37.59522,4.0,33.589027,0.0,0.0,0.0,25.011793,16.031431,4.0,3.0,0.0,33.0,0.0
76.0,131.41042,8.0,62.996696,15.0,0.0,0.0,93.59902,16.66969,4.0,6.0,13.0,1.6469219,42.0,19.563578,0.0,0.0,16.027569,83.21097,3.0,2.0,0.0,63.0,0.0
-9.0,-9.0,1.0,-9.0,-9.0,-9.0,-9.0,-9.0,-9.0,-9.0,-9.0,-9.0,-9.0,-8.84947,-9.0,-9.0,-9.0,-9.0,-9.0,-9.0,-9.0,-9.0,-9.0,0.0
82.0,233.11378,9.0,104.63044,12.0,0.0,0.0,85.530106,35.429604,6.0,6.0,14.0,1.0,22.0,-7.0,0.0,0.0,0.0,-8.0,-9.0,-8.0,0.0,-9.0,0.0
86.47258,252.71223,7.2670307,97.32113,18.0,0.0,0.0,100.0,-7.0,7.0,8.0,15.017217,1.0,21.781687,9.432721,0.0,0.0,2.0,60.436974,0.0,3.0,0.0,33.0,0.0
83.0,178.48692,4.0,73.887054,14.0,0.0,0.0,100.0,-7.0,7.0,8.0,13.0,1.0,29.0,9.0,1.0,1.0,0.0,-8.0,0.0,2.0,0.0,25.364733,0.0
90.59729,304.8887,6.0,98.55308,10.991381,0.0,0.0,100.0,-7.0,7.0,8.0,12.209117,2.0,13.158615,0.0,0.0,0.0,0.0,-8.0,0.0,-8.0,0.0,-9.0,0.0
-9.0,-9.0,-9.0,-9.0,-9.0,-9.0,-9.0,-9.0,-9.0,-9.0,-9.0,-9.0,-9.0,-9.0,-9.0,-9.0,-9.0,-9.0,-9.0,-9.0,-9.0,-9.0,-9.0,0.0
70.0,370.66696,10.407694,152.38954,14.0,0.0,0.0,92.0,59.144493,6.0,6.0,14.0,1.0,19.0,0.0,2.0,2.0,68.420616,-8.0,6.0,1.0,2.0,85.98508,0.0
83.0,203.98488,2.6593738,76.28886,34.01908,0.0,0.0,100.0,-7.0,7.0,8.0,41.623684,2.0,41.522545,10.460231,0.0,0.0,6.0,96.90654,4.0,4.0,0.0,71.0,0.0
80.0,171.92494,29.345745,80.0,20.0,0.0,0.0,100.0,-7.0,7.0,8.0,23.0,0.0,50.0,0.0,6.137658,5.9037576,31.483398,-8.0,5.0,1.0,0.0,50.0,0.0
81.0,266.692,34.40263,187.34444,12.0,0.0,0.0,100.0,-7.0,7.0,8.0,9.0,0.0,-9.0,0.0,0.0,0.0,24.910831,-8.0,4.0,1.0,0.0,100.0,0.0
71.0,142.1579,13.371294,114.5226,24.826658,0.0,0.0,95.0,30.971899,6.0,6.0,29.0,0.0,54.77586,0.0,2.0,2.0,56.054947,67.24344,3.914884,3.0,0.0,71.0,0.0
88.71438,268.2278,3.0,88.14029,21.0,0.0,0.0,100.0,-7.0,7.0,8.0,28.0,2.0,37.0,0.0,0.0,0.0,2.0,-8.0,2.0,1.0,0.0,24.19825,0.0
73.0,243.96715,2.7585614,77.0,25.0,0.0,0.0,91.38423,9.776941,4.0,6.0,24.0,6.0,24.0,1.0,0.0,0.0,13.0,52.80016,3.0,3.0,0.0,37.093483,0.0
88.651054,381.04602,8.0,110.29633,16.999973,0.0,0.0,100.0,-7.0,7.0,8.0,20.0,1.0,43.0,-8.0,0.0,0.0,5.0,27.991938,3.0,1.0,0.0,50.0,0.0
80.85624,208.37027,3.9540038,71.0,25.42804,0.0,0.0,100.0,-7.0,7.0,8.0,28.0,2.0,7.3569384,0.0,2.0,1.0,7.57119,-8.0,5.0,1.0,1.0,43.0,0.0
85.0,231.7575,17.476458,79.0,18.576687,0.0,0.0,100.0,-7.0,7.0,8.0,15.623395,0.0,61.723564,16.0,0.0,0.0,17.0,50.115475,1.0,3.0,0.0,67.0,0.0
80.0,290.06522,22.02707,150.1117,7.0,0.0,0.0,80.52519,28.998621,6.0,6.0,9.0,1.0,64.64892,0.0,0.0,0.0,13.040022,-8.0,0.0,2.0,0.0,52.28494,0.0
77.0,65.10483,8.0,72.31929,22.0,0.0,0.0,100.0,-7.0,7.0,8.0,19.0,2.0,65.773,0.0,0.0,0.0,48.587383,81.76961,4.0,3.0,0.0,88.500404,0.0
58.188274,71.09935,9.0,40.69716,9.0,1.0,0.0,86.46906,28.161018,6.0,6.0,8.0,2.0,17.0,0.0,2.0,2.0,85.89714,-8.0,7.0,1.0,1.0,100.0,0.0
65.6801,-9.0,20.770733,60.51313,12.0,2.0658214,2.189899,77.90809,48.107014,6.0,2.0,7.956586,0.0,57.79181,0.0,2.0,1.0,25.0,-8.0,1.0,2.0,0.0,40.0,0.0
84.0,360.49667,2.0,100.20516,27.0,0.0,0.0,100.0,-7.0,7.0,8.0,23.0,2.0,40.0,0.0,0.0,0.0,28.0,69.35745,3.0,2.0,0.0,50.0,0.0
81.81628,227.19505,2.0,94.82478,19.187458,0.0,0.0,100.0,-7.0,7.0,8.0,11.0,4.0,33.0,-7.0,1.0,1.0,15.0,95.979805,6.0,3.0,0.0,100.0,0.0
85.0,220.71085,3.8725913,79.69249,34.0,0.0,0.0,100.0,-7.0,7.0,8.0,31.0,2.0,28.0,0.0,2.0,1.3071743,1.0,-8.0,2.0,1.0,0.0,28.875452,0.0
75.565956,109.424126,3.6368518,48.8807,14.0,0.0,0.0,100.0,-7.0,7.0,8.0,14.0,4.0,40.0,0.0,0.0,0.0,25.575605,67.309135,2.0,2.0,1.0,60.0,0.0
66.0,246.85158,27.899729,122.58057,6.0,3.3890293,3.6018894,70.59782,21.640654,4.0,3.0,7.0,0.0,19.0,5.0,0.0,0.0,0.0,-8.0,1.0,1.0,0.0,29.758081,0.0
90.17074,218.27356,5.0,93.760605,28.3212,0.0,0.0,100.0,-7.0,7.0,8.0,30.0,0.0,55.82075,0.0,0.0,0.0,8.0,-8.0,3.0,1.0,0.0,50.0,0.0
82.0,-9.0,9.0,47.43219,14.715366,0.0,0.0,100.0,-7.0,7.0,8.0,9.0,1.0,39.909683,2.0,1.0,1.0,11.698587,3.4958029,2.0,2.0,0.0,60.0,0.0
80.0,181.6071,16.601868,66.89816,29.0,0.0,0.0,100.0,-7.0,7.0,8.0,35.17632,0.0,12.050616,4.0,0.0,0.0,20.183012,81.959114,4.0,2.0,0.0,67.0,0.0
66.85667,296.11942,4.0,123.10969,23.289452,0.0,0.0,80.26862,-7.0,3.3006525,6.0,11.0,3.0,16.0,21.387419,0.0,0.0,1.0,84.58657,2.0,2.0,0.0,33.0,0.0
68.0,153.49918,6.0,60.78122,28.809446,0.0,0.0,100.0,-7.0,7.0,8.0,41.530796,2.0,53.694565,1.0,5.0,4.126145,34.689335,88.0,4.0,4.0,0.0,80.79197,0.0
85.0,218.63086,3.0,69.660904,32.308735,0.0,0.0,100.0,-7.0,7.0,8.0,37.0,4.0,38.0,-7.0,1.0,1.0,3.0394788,-8.0,4.0,2.0,0.0,60.0,0.0
-9.0,-9.0,-9.0,-9.0,-9.0,-9.0,-9.0,-9.0,-9.0,-9.0,-9.0,-9.0,-9.0,-9.0,-9.0,-9.0,-9.0,-9.0,-9.0,-9.0,-9.0,-9.0,-9.0,0.0
69.0,233.14738,3.0,67.0,28.0,0.0,0.0,100.0,-7.0,7.0,8.0,30.0,3.0,35.586884,0.0,0.0,0.0,61.58348,72.654465,5.0,5.2596736,3.0,88.0,0.0
83.0,224.73232,3.0,74.22934,46.9426,0.0,0.0,100.0,45.513348,6.0,6.0,71.342125,2.0,56.804817,5.3403735,2.0,3.0,9.530432,52.564648,2.0,2.0,0.0,57.0,0.0
87.0,100.356705,9.0,54.28962,12.947648,0.0,0.0,100.0,-7.0,7.0,8.0,15.2222185,0.0,24.0,3.0,0.0,0.0,14.0,-8.0,1.0,1.0,0.0,50.0,0.0
74.0,47.9758,2.0,30.967026,21.0,0.0,0.0,95.0,19.18546,6.0,6.0,20.0,6.0,38.0,0.45630038,0.0,0.0,0.0,-8.0,2.0,2.0,0.0,36.16823,0.0
73.0,151.56955,15.0,97.0,22.0,0.0,0.0,95.0,10.497681,4.0,6.0,22.583122,1.0,29.0,0.0,0.0,0.0,54.678776,-8.0,4.0,1.0,2.0,67.0,0.0
75.0,165.82729,10.055407,86.49466,32.0,0.0,0.0,100.0,-7.0,7.0,8.0,21.0,0.0,16.470856,-8.0,0.0,0.0,17.0,-8.0,4.0,-8.0,2.0,-9.0,0.0
76.0,137.81136,3.0,58.2736,12.863356,0.0,0.0,100.0,-7.0,7.0,8.0,8.0,2.0,41.0,0.0,3.0,3.0,7.0,96.09421,1.0,3.0,0.0,67.0,0.0
77.27497,419.046,4.0,94.0,19.0,0.0,0.0,100.0,-7.0,7.0,8.0,19.0,1.0,47.0,9.0,0.0,0.0,32.0,-8.0,4.0,1.0,1.0,83.0,0.0
75.0,154.08582,2.0,96.38314,24.0,0.0,0.0,100.0,-7.0,7.0,8.0,25.0,1.0,15.0,0.0,1.0,1.0,53.127625,-8.0,5.244538,1.0,2.0,43.0,0.0
85.0,211.21498,29.166067,102.145164,19.0,0.0,0.0,100.0,-7.0,7.0,8.0,14.0,0.0,48.065815,4.0,3.0,3.0,14.0,-8.0,2.0,1.0,0.0,65.58706,0.0
68.0,139.78513,4.0,48.6012,21.0,0.0,0.0,83.53776,36.117634,6.0,6.0,21.0,1.0,39.0,2.0,2.0,2.0,53.24219,68.90188,3.0,5.0,0.24399598,80.0,0.0
75.57195,104.53833,5.0,63.0,21.851624,0.0,0.0,100.0,-7.0,7.0,8.0,24.0,1.0,54.920753,-7.0,1.0,1.0,29.879011,-8.0,2.0,1.0,1.0,78.0,0.0
87.0,301.0524,4.0,120.12612,14.0,0.0,0.0,100.0,-7.0,7.0,8.0,14.0,2.0,19.0,7.0,0.0,0.0,1.0,-8.0,1.0,1.0,0.0,33.0,0.0
75.0,150.54243,10.0,80.0,26.0,0.0,0.0,100.0,-7.0,7.0,8.0,26.537584,0.0,33.0,9.0,0.0,0.0,21.501308,-8.0,5.187604,1.0,2.0,46.467255,0.0
79.0,190.9206,8.0,106.07744,25.0,0.0,0.0,100.0,-7.0,7.0,8.0,19.738115,2.0,28.0,13.125903,0.0,0.0,31.663633,51.250946,4.0,2.0,1.672135,50.0,0.0
83.0,196.63756,3.0,58.0,21.286167,0.0,0.0,100.0,-7.0,7.0,8.0,22.0,2.0,19.0,12.0,0.0,0.0,19.0,90.54064,1.0,2.0,0.0,50.0,0.0
81.0,298.42816,1.0,110.63745,20.0,0.0,0.0,100.0,-7.0,7.0,8.0,28.179344,3.0,20.0,0.0,2.0,1.4857459,31.371254,-8.0,7.5199237,3.0,0.0,75.0,0.0
74.0,168.90823,8.931357,59.165264,25.0,0.0,0.0,100.0,-7.0,7.0,8.0,28.655996,1.0,26.0,-8.0,0.0,0.0,45.551796,-8.0,6.622134,1.0,1.0,63.0,0.0
54.033424,65.41414,2.0,-9.0,9.504787,0.0,0.0,100.0,-7.0,7.0,8.0,3.9871466,3.0,41.313564,0.0,1.0071472,1.0,115.82988,67.74323,4.0,3.0,7.06623,75.0,0.0
71.0,139.3579,2.0,58.0,18.951914,1.0,0.0,81.04312,38.57162,6.0,4.0,19.0,2.0,40.527172,0.0,2.0,2.0,37.196144,-8.0,6.0,2.0,0.0,85.023506,0.0
74.0,111.31359,2.0,57.352455,29.892149,0.0,0.0,100.0,-7.0,7.0,8.0,42.247383,2.0,37.48397,0.0,3.0,3.530113,22.546413,86.179886,6.0,5.0082526,0.0,80.0,0.0
87.0,218.9737,8.0,86.23714,13.0,0.0,0.0,100.0,-7.0,7.0,8.0,16.0,1.0,66.813156,0.0,2.0,2.0,6.0,-8.0,1.0,3.0,0.0,75.0,0.0
84.0,397.00006,12.35279,115.31671,18.0,0.0,0.0,96.0,40.600597,6.0,6.0,19.0,0.0,43.716347,-7.0,1.0,0.0,1.0,48.659958,4.0,2.0,0.0,73.36705,0.0
85.0,152.5055,15.0,81.42573,13.0,0.0,0.0,89.82179,30.697079,6.0,6.0,16.0,0.0,20.332634,2.0,1.0,1.0,1.0,-8.0,2.0,1.0,0.0,61.563385,0.0
-9.0,-9.0,-9.0,-9.0,-9.0,-9.0,-9.0,-9.0,-9.0,-9.0,-9.0,-9.0,-9.0,-9.0,-9.0,-9.0,-9.0,-9.0,-9.0,-9.0,-9.0,-9.0,-9.0,0.0
82.0,170.16208,6.0,115.94638,32.0,0.0,0.0,98.63691,40.20204,6.0,6.0,35.0,4.0,19.0,1.7058206,1.0,1.0,1.0,-8.0,2.0,2.0,0.0,20.102783,0.0
21.069551,149.94452,6.0,66.41268,28.0,0.0,0.0,100.0,-7.0,7.0,8.0,30.0,5.0,28.0,6.469198,3.0,2.0,53.86596,-8.0,8.737296,2.0,4.0,71.0,0.0
68.0,134.01393,-2.7883608,53.24138,29.131008,0.0,0.0,97.0,6.807566,6.0,6.0,16.0,7.987266,25.0,0.0,0.0,0.0,13.696474,80.03161,2.0,6.159161,0.0,37.097942,0.0
76.0,325.21704,21.33842,100.0,21.0,0.0,0.0,100.0,-7.0,6.0,8.0,19.0,0.0,35.734905,0.0,1.0,1.0,0.0,-8.0,2.0,1.0,0.0,30.891577,0.0
92.900444,326.203,5.26792,140.16548,16.0,0.0,0.0,100.0,-7.0,7.0,8.0,20.0,1.0,50.0,-7.0,0.0,0.0,1.0,68.41414,1.0,2.0,0.0,41.626053,0.0
69.0,170.15927,5.0,73.55064,24.0,0.0,0.0,94.0,-7.0,0.0,6.0,28.345034,0.0,25.0,0.0,3.0,3.0,11.0,-8.0,6.0,1.0,0.0,57.0,0.0
85.0,346.52618,2.0,107.59146,29.330635,0.0,0.0,100.0,-7.0,7.0,8.0,38.0,2.0,50.0,-7.0,0.0,0.0,7.528179,28.055964,4.0,2.0,0.0,71.0,0.0
65.21332,362.09216,4.0,116.127106,29.0,0.0,0.0,93.973145,13.802234,6.0,6.0,30.922865,4.0,4.985146,0.0,3.0,2.0,27.408348,-8.0,9.759008,2.0,1.0,48.974148,0.0
79.48327,557.3551,3.0,151.76755,49.46823,0.0,0.0,100.0,-7.0,7.0,8.0,47.29626,1.895841,21.0,-7.0,2.0,2.0,0.0,63.989532,5.0,2.0,1.0,38.148342,0.0
68.58322,165.9633,4.0,67.0,39.822327,0.0,0.0,95.0,9.84473,6.0,6.0,45.437054,4.0,26.0,0.0,3.125113,3.0,13.0,-8.0,4.0,3.0,3.0,38.080956,0.0
68.0,113.14402,3.0,53.408527,24.0,0.0,0.0,100.0,-7.0,7.0,8.0,24.0,6.0,22.742592,0.0,2.0,2.0,51.839775,64.041534,5.0,3.0,3.0,67.0,0.0
91.37884,177.27744,21.395033,92.74552,17.0,0.0,0.0,100.0,-7.0,7.0,8.0,20.0,0.0,32.0,0.0,2.0,2.0,1.0,28.013384,2.0,1.0,0.0,40.0,0.0
74.0,252.40294,4.0,103.83017,21.474216,1.0,1.0,89.0,36.575054,6.0,4.658652,19.001328,2.0,19.0,0.0,1.0,1.0,16.97031,56.525993,4.0,2.0,0.0,84.128395,0.0
87.30954,384.2145,6.0,108.621796,63.29659,0.0,0.0,100.0,-7.0,7.0,8.0,46.296707,2.0,-6.5003366,5.0,0.0,0.0,1.3734491,-8.0,10.5528345,-8.0,0.0,33.0,0.0
88.0,324.84387,7.0,84.499275,6.0,0.0,0.0,100.0,-7.0,7.0,8.0,-9.0,2.0,49.024693,-8.0,0.0,0.0,2.0,20.35218,2.0,2.0,0.0,51.759644,0.0
65.0,296.045,1.0,77.0,50.20883,0.0,0.0,96.0,22.8523,6.0,6.0,57.41364,2.0,48.918427,0.0,2.0,2.0,59.37953,85.30699,4.0,2.0,3.0,72.22186,0.0
76.0,81.696175,11.451381,-4.346872,8.0,0.0,0.0,100.0,-7.0,7.0,8.0,7.0,0.0,17.0,-7.0,1.0,1.0,51.283867,-8.0,3.0,-8.0,0.0,100.0,0.0
82.0,83.992355,2.0,84.433685,14.0,0.0,0.0,100.0,-7.0,7.0,8.0,17.0,2.0,18.0,1.0,0.0,0.0,18.26251,-8.0,2.0,1.0,0.0,41.81828,0.0
83.533714,165.75334,6.0,111.87505,16.0,0.0,0.0,100.0,-7.0,6.0,6.0,18.0,1.0,39.093166,7.0040283,0.0,0.0,36.428383,-8.0,1.0,2.0,0.0,45.04999,0.0
71.63374,343.3847,5.0,105.29688,27.0,0.0,0.0,100.0,-7.0,7.0,8.0,39.91718,1.0,46.0,-7.0,1.0,2.0,57.253666,61.961246,5.0,4.0,3.0,80.47653,0.0
80.0,207.09694,8.0,67.789024,13.0,0.0,0.0,100.0,-7.0,7.0,8.0,14.0,1.0,43.0,13.181769,0.0,0.0,39.77391,70.64862,2.0,5.0,0.0,67.0,0.0
78.0,226.67528,30.13184,92.0,12.0,0.0,0.0,100.0,-7.0,7.0,8.0,16.0,0.0,72.34828,-7.0,0.0,0.0,52.67301,80.09719,2.0,4.0,1.0,89.30544,0.0
60.382748,251.45389,7.0,70.91516,8.0,2.0,2.0,39.578358,13.949041,6.0,2.0,10.0,2.0,0.0,-7.0,1.0,1.0,110.482445,58.035973,4.0,1.0,2.0,55.94405,0.0
15.020289,281.17902,4.287596,83.695526,29.570082,1.0,0.0,88.0,4.0,4.0,2.0,26.0,2.0,50.0,0.0,2.0,2.0,53.732304,-8.0,6.0,2.9795382,6.9321165,80.94813,0.0
83.0,100.40989,6.0,60.40692,9.0,0.0,0.0,100.0,-7.0,7.0,8.0,13.0,2.0,23.0,2.0,1.0,1.0,0.0,88.05469,0.0,2.0,0.0,72.60827,0.0
87.0,156.8865,7.0,150.02588,28.127035,0.0,0.0,100.0,-7.0,7.0,8.0,31.0,2.0,25.0,-8.0,0.0,0.0,13.319541,-8.0,2.0,1.0,0.0,38.0,0.0
86.0,178.98285,5.0,75.0,38.045246,0.0,0.0,100.0,-7.0,7.0,8.0,40.928734,1.0,17.0,0.0,1.0,1.0,5.0,80.36128,5.0,3.0,0.0,67.0,0.0
89.1637,177.40251,31.107834,115.96112,16.0,0.0,0.0,100.0,-7.0,7.0,8.0,20.618242,0.0,60.472157,-7.0,0.0,0.0,1.0,-8.0,2.0,1.0,0.0,60.0,0.0
72.0,199.53006,7.0,72.0,32.0,0.0,0.0,100.0,-7.0,7.0,8.0,30.0,2.0,44.0,0.0,2.0,2.4234617,54.48972,70.94317,4.919906,4.0,1.0,60.0,0.0
85.0,372.46063,2.0,116.72921,15.0,0.0,0.0,100.0,-7.0,7.0,8.0,14.197696,1.3206981,52.11254,-7.0,0.0,0.0,25.899874,27.162634,3.0,2.0,0.0,99.817276,0.0
76.0,180.20659,49.499798,143.71703,12.0,0.0,0.0,94.0,44.18159,6.0,6.0,12.0,0.0,17.173195,0.0,1.0,1.0,47.130096,-8.0,3.0,1.0,2.0,50.0,0.0
86.0,140.164,4.0,86.0,15.0,0.0,0.0,100.0,-7.0,7.0,8.0,9.213278,1.0,5.348004,6.0,0.0,0.0,6.0,-8.0,3.0,-4.9381046,0.0,36.874893,0.0
71.0,289.3461,0.42982885,98.65057,40.668087,0.0,0.0,96.0,-9.0,6.0,5.0,46.3499,4.0,42.0,-7.0,5.0,5.0,27.368992,84.00375,5.0,4.0,4.785101,67.0,0.0
64.0,220.60385,3.0,71.0,19.0,1.0,0.0,95.0,5.0301223,6.0,5.9922376,24.0,2.0,54.16055,-7.3412523,0.0,0.0,21.0,61.563488,4.0,5.0,2.0,74.06826,0.0
80.0,109.94529,1.0,64.70863,17.0,0.0,0.0,100.0,-7.0,7.0,8.0,16.322948,2.0,28.0,1.0,3.0,3.0,38.14668,-8.0,2.0,1.0,2.0,75.0,0.0
77.203514,193.14668,4.3960395,85.76779,20.711372,1.0,1.0,100.0,-7.0,7.0,8.0,26.0,2.0,25.0,0.0,2.0,1.3292323,5.0,60.8292,4.0,3.0,0.0,60.0,0.0
72.0,115.19875,3.0,89.64706,25.0,0.0,0.0,100.0,-7.0,7.0,8.0,30.0,1.0,19.968298,5.0,2.0,2.0,59.620213,-8.0,5.0,1.1827197,4.0,50.0,0.0
91.0,191.94641,16.358616,94.0,23.0,0.0,0.0,100.0,-7.0,7.0,8.0,17.0,0.0,21.0,-8.0,0.0,0.0,4.0,-8.0,4.0,1.0,0.0,43.0,0.0
81.0,490.34177,6.0,81.277214,28.0,0.0,0.0,100.0,-7.0,7.0,8.0,29.0,1.707925,11.183148,0.0,0.0,0.0,1.0,-8.0,3.0,1.0,0.0,57.816624,0.0
71.55892,228.60893,1.638075,83.0,22.0,2.0,1.0,88.0,22.087833,6.0,4.0,24.501589,2.0,14.0,0.0,3.0,2.0,1.0,-8.0,2.0,-8.271962,0.0,10.816968,0.0
92.987755,125.155876,29.410719,105.751656,5.7661405,0.0,0.0,100.0,-7.0,7.0,8.0,7.0,0.0,16.0,0.0,0.0,0.0,0.0,-8.0,-9.0,1.0,0.0,57.0,0.0
77.0,172.66241,13.004335,71.0,17.0,0.0,0.0,100.0,-7.0,7.0,8.0,16.250439,0.0,21.0,-7.0,0.0,0.0,56.993515,-8.0,1.0,1.0,0.0,100.0,0.0
82.0,347.54742,3.0,81.55916,12.0,0.0,0.0,100.0,-7.0,7.0,8.0,10.0,2.0,50.0,0.0,0.0,0.0,13.0,90.39339,1.0,2.0,0.0,83.24983,0.0
77.0,164.69434,24.797926,120.954475,20.0,0.7359834,0.0,96.0,63.174164,6.0,5.0,24.0,0.0,30.22426,-7.0,0.0,0.0,1.0,44.735603,2.0,1.0,0.0,77.84025,0.0
77.0,159.22542,10.0,74.05792,23.32532,0.0,0.0,89.0,22.834759,6.0,6.0,23.0,1.0,28.0,12.576237,0.0,0.0,14.0,-8.0,3.0,1.0,0.0,29.690653,0.0
64.35714,348.76428,-9.0,70.0,42.226902,0.0,0.0,92.0,31.457745,6.0,6.0,44.61303,9.216815,17.080416,5.0,0.0,0.0,38.400986,-8.0,9.578974,3.0,2.0,64.36769,0.0
70.0,278.55215,6.698422,102.35228,47.258778,0.0,0.0,90.36784,23.551548,6.0,6.0,49.36965,1.0,19.0,15.509987,1.0,1.0,45.244087,-8.0,22.576136,2.0,3.3588753,73.10041,0.0
89.0,176.0485,10.777595,93.0,14.0906,0.0,0.0,100.0,-7.0,7.0,8.0,12.0,1.0,19.550732,3.0,0.0,0.0,2.018398,-8.0,1.0,2.0,0.0,60.0,0.0
80.0,177.42514,2.1682367,74.0,48.37487,0.0,0.0,100.0,-7.0,7.0,8.0,52.563114,2.0,24.0,0.0,4.0,3.9148533,11.0,58.43411,2.0,5.0,0.0,44.0,0.0
90.0,326.4125,36.211235,113.19062,14.0,0.0,0.0,100.0,-7.0,7.0,8.0,12.979947,0.0,33.0,-8.0,0.0,0.0,0.5412047,-8.0,1.0,1.0,0.0,43.0,0.0
79.0,328.32703,1.0,98.24393,29.0,0.0,0.0,97.0,46.988907,6.0,6.0,29.0,2.0,22.0,1.0,2.0,1.0,24.766262,65.9659,6.0,3.0,3.0,50.0,0.0
82.0,225.67169,3.0,111.87413,16.0,0.0,0.0,90.0,13.391529,6.0,6.0,15.0,3.0,36.0,9.0,0.0,0.0,9.0,-8.0,2.0,1.0,0.0,35.859524,0.0
81.0,360.96848,7.0,103.68117,20.0,0.0,0.0,100.0,-7.0,7.0,8.0,9.0,2.0,-9.0,16.0,0.0,0.0,22.96176,76.43641,8.807413,1.0,0.0,63.0,0.0
79.90062,254.94434,-9.0,69.530556,21.0,0.0,0.0,96.0,-7.7652025,7.0,6.0,24.0,5.0,54.88454,-7.0,1.0,1.0,5.9478784,57.349434,4.0,4.0,0.0,57.0,0.0
86.82098,184.07092,35.32995,168.2937,10.42765,0.0,0.0,100.0,-7.0,7.0,8.0,15.073088,0.0,7.3957467,0.0,1.0,1.0,4.3294086,-8.0,2.0,1.0,0.0,50.0,0.0
79.0,347.2378,16.029522,150.12027,45.143063,0.0,0.0,100.0,-7.0,7.0,8.0,47.189114,0.0,14.966499,-7.0,0.0,0.0,25.0,-8.0,8.0,1.0,1.0,50.0,0.0
76.0,185.68933,3.0,82.0,12.18926,0.0,0.0,100.0,-7.0,7.0,8.0,12.0,1.0,22.0,-7.0,1.0,1.0,38.159615,73.27972,7.1208663,1.0,2.0,100.0,0.0
73.0,239.05565,16.0,94.0,17.0,0.0,0.0,100.0,-7.0,7.0,8.0,19.0,0.0,33.0,0.0,2.0,2.0,71.21098,97.25068,5.0,2.0,1.0,78.04059,0.0
65.102715,171.47702,7.0,67.23034,32.0,0.0,0.0,85.07723,4.109275,5.395744,6.0,41.78016,4.0,50.0,4.0,0.0,0.0,29.444294,97.08655,3.0,2.8321865,1.0,80.85683,0.0
82.0,180.06886,16.0,100.771286,18.0,0.0,0.0,100.0,-7.0,7.0,8.0,25.0,0.0,22.422476,-7.0,1.0,1.0,46.997,-8.0,3.0,1.0,0.0,56.01541,0.0
81.0,199.00893,4.0,67.0,34.0,0.0,0.0,100.0,-7.0,7.0,8.0,28.0,4.0,19.0,0.0,0.0,0.0,6.0,-8.0,4.0,2.0,0.0,33.0,0.0
80.0,175.268,6.0,109.31393,46.950016,0.0,0.0,97.0,-7.0,4.0,6.0,47.72453,1.0,28.691978,0.0,0.0,0.0,4.0,76.17536,9.0,6.0,0.0,67.0,0.0
71.16994,377.7647,1.0,125.99645,74.335205,0.0,0.0,100.0,44.625263,6.0,6.0,53.018158,1.0,29.0,2.0,4.0,4.0,50.633274,40.712933,11.0,4.0,3.0,59.622807,0.0
81.0,318.2356,17.485392,146.43852,-9.0,0.0,0.0,72.82029,35.099335,6.0,6.0,4.8635683,0.0,18.58223,5.5997267,0.0,0.0,10.861963,-8.0,2.0,-9.0,0.0,88.0,0.0
75.0,106.85833,12.0,29.189085,10.0,0.0,0.0,100.0,-7.0,7.0,8.0,11.0,0.0,13.947059,0.0,0.0,0.0,65.34768,31.249355,3.0,1.0,2.0,71.0,0.0
70.0,83.781075,3.0,57.312725,19.0,0.0,0.0,90.0,39.62948,6.0,6.0,25.0,2.0,24.0,0.0,0.0,0.0,18.554762,39.612213,3.0,2.0,0.0,75.0,0.0
68.0,158.06935,3.9349923,40.927696,32.124226,0.0,0.0,100.0,-7.0,7.0,8.0,32.0,5.0,23.208897,8.0,0.0,0.0,47.500237,63.937073,5.0,3.0,4.586187,45.474316,0.0
88.0,230.96713,7.0,108.66977,26.0,0.0,0.0,100.0,-7.0,7.0,8.0,30.515764,1.0,27.0,-7.0,0.0,0.0,3.0,-8.0,4.0,-8.0,0.0,35.79334,0.0
90.574715,345.21033,3.4842994,79.8276,12.557355,0.0,0.0,100.0,-7.0,7.0,8.0,17.0,1.0,33.0,13.174739,0.0,0.0,0.0,90.851906,1.0,1.0,0.0,20.241306,0.0
67.0,422.80408,4.0,93.2002,44.494568,0.0,0.0,100.0,-7.0,7.0,8.0,54.26131,2.0,12.070359,0.0,1.0,1.0,50.10815,-8.0,24.945778,1.0,10.68746,71.0,0.0
74.0,-9.0,9.484047,64.53021,28.0,0.0,0.0,96.0,21.340858,6.0,6.0,14.0,6.0,31.0,3.0,1.0,1.0,15.821916,64.8663,6.0,3.0,0.0,55.283817,0.0
77.0,181.68427,4.0,67.0,26.0,0.0,0.0,100.0,-7.0,7.0,8.0,23.670387,1.0,21.26344,-8.0,0.0,0.0,21.465511,39.272034,13.852819,1.0,1.0,80.0,0.0
72.0,202.69815,4.0,61.0,16.0,0.0,0.0,83.459595,8.529155,6.0,6.0,18.214186,2.0,12.112152,7.0,0.0,0.0,18.0,-8.0,4.0,-8.0,1.0,35.85864,0.0
86.0,215.22098,4.0,61.697575,31.0,0.0,0.0,100.0,-7.0,7.0,8.0,56.237675,4.0,38.425262,13.746427,0.0,0.0,10.225958,-8.0,4.0,2.0,0.0,57.822792,0.0
77.071045,143.6194,7.0,84.0,14.973802,0.0,0.0,100.0,-7.0,7.0,8.0,9.0,3.0,17.324686,1.0,1.0,1.0,33.441475,-8.0,8.470913,-8.0,0.0,86.18103,0.0
84.0,262.67996,4.1318164,93.18934,22.0,0.0,0.0,100.0,-7.0,7.0,8.0,22.634228,2.0,28.0,0.0,0.0,0.0,11.814704,-8.0,5.0,-8.0,0.0,80.0,0.0
59.95023,186.01439,12.0,73.50106,12.986527,3.6019304,1.0,-9.0,4.5218983,0.0,2.0,10.0,0.0,19.0,8.884528,0.0,0.0,3.0,23.33509,1.0,3.0,0.0,80.0,0.0
87.0,145.0422,2.0,82.0,22.0,0.0,0.0,100.0,-7.0,7.0,8.0,25.046171,2.0,20.0,-8.0,0.0,0.0,22.461061,-8.0,2.0,1.0,0.0,15.689947,0.0
67.0,139.81497,4.4099393,59.539013,41.743435,0.0,0.0,100.0,-7.0,7.0,8.0,42.046337,3.0,46.013184,0.0,2.5663683,2.0,32.0,53.447414,11.0,7.986633,3.0,80.0,0.0
75.0,171.62376,3.0,66.29337,40.963486,0.0,0.0,92.0,2.0,6.0,6.0,41.672512,1.0,45.29195,0.0,1.0,1.0,0.0,62.728386,3.0,4.0,0.0,43.0,0.0
-9.0,-9.0,-9.0,-9.0,-9.0,-9.0,-9.0,-9.0,-9.0,-9.0,-9.0,-9.0,-9.0,-9.0,-9.0,-9.0,-9.0,-9.0,-9.0,-9.0,-9.0,-9.0,-9.0,0.0
80.0,105.824326,2.0,80.62456,37.975567,0.0,0.0,100.0,-7.0,7.0,8.0,33.0,5.9815326,36.0,0.0,0.0,0.0,17.0,15.831873,5.0,4.0,0.0,80.0,0.0
67.0,-8.087316,6.0,53.200943,17.0,0.0,0.0,100.0,-7.0,7.0,8.0,17.0,4.0,35.0,0.0,1.0,1.0,78.687614,-8.0,3.2394247,3.0,1.0,89.72477,0.0
81.286064,168.78459,37.82598,93.334236,17.0,0.0,0.0,100.0,-7.0,7.0,8.0,21.0,0.0,40.893883,16.838902,0.0,0.0,25.351051,-8.0,1.0,2.0,0.0,86.0,0.0
83.0,259.06558,9.0,111.19488,21.0,0.0,0.0,100.0,-7.0,7.0,8.0,24.27422,1.0,45.0,-7.0,0.0,0.0,31.423746,31.634794,3.0,3.0,1.0,61.24652,0.0
79.0,264.66568,9.0,84.42533,42.77719,0.0,0.0,100.0,-7.0,7.0,8.0,43.807938,2.0,13.0,-8.0,1.0,1.0,41.24078,-8.0,9.0,1.0,0.0,47.384983,0.0
81.0,374.4452,5.0,117.42676,45.503464,0.0,0.0,100.0,-7.0,7.0,8.0,47.884983,2.0,22.0,20.507063,0.0,0.0,18.0,63.67466,6.0,3.0,1.0,50.0,0.0
86.0,214.72571,3.0,109.501854,22.0,0.0,0.0,100.0,-7.0,7.0,8.0,9.086317,1.0,25.0,0.0,1.0,0.0,9.939338,-8.0,3.0,1.0,0.0,46.558784,0.0
88.0,199.91713,2.0,82.0,36.0,0.0,0.0,100.0,-7.0,7.0,8.0,37.45704,4.0,30.93917,14.891603,0.0,0.0,3.0,-8.0,2.0,1.0,0.0,33.0,0.0
73.40119,139.44858,7.0,53.615166,28.23423,0.0,0.0,95.0,22.340912,4.0,6.0,33.61935,1.0,22.0,3.0,0.0,0.0,32.0,93.96647,1.0,2.0,0.0,48.01069,0.0
88.0,120.20724,14.127457,61.512142,13.0,0.0,0.0,100.0,-7.0,7.0,8.0,13.0,0.0,34.982212,-8.0,0.0,0.0,8.0,-8.0,2.0,2.0,0.0,51.15861,0.0
73.0,120.46994,5.3259573,38.19193,45.987423,0.0,0.0,100.0,-7.0,7.0,8.0,57.162636,5.0,39.0,0.0,3.0,3.0,13.665748,66.98725,5.0,5.0,1.0,38.602848,0.0
84.0,321.18478,4.0,100.29796,23.0,0.0,0.0,100.0,-7.0,7.0,8.0,29.0,2.0,45.53386,0.0,2.0,2.0,11.0,94.44787,2.0,2.0,1.0,56.0,0.0
85.0,215.24576,8.0,113.67054,15.0,0.0,0.0,100.0,-7.0,7.0,8.0,17.0,3.0,25.0,-7.0,1.0,1.0,19.0,-8.0,3.0,2.0,0.0,38.0,0.0
66.125565,407.14136,17.528406,112.48652,13.0,1.0,1.0,80.927185,14.094136,6.0,5.0,14.0,0.0,25.0,0.0,0.0,0.0,61.12917,-8.0,4.0,1.0,1.0,75.0,0.0
69.0,262.10464,3.0,71.97443,32.0,0.0,0.0,90.0,30.847172,6.0,6.0,35.348843,8.141192,24.0,0.0,4.0,4.0209985,47.633553,89.329956,2.0,3.0,0.0,42.912037,0.0
-9.0,313.37686,24.245014,132.112,36.43399,1.0,0.0,55.040962,-7.0,-9.0,6.0,38.0,0.0,29.0,-7.0,0.0,0.0,19.0,74.73742,9.81938,3.0,0.0,86.83498,0.0
71.0,176.9078,8.0,91.92893,39.0,0.0,0.0,100.0,-7.0,7.0,8.0,32.0,1.0,27.0,0.0,2.0,2.0,63.1031,60.183834,11.534578,3.0,8.223301,75.0,0.0
80.0,154.695,2.0,52.18677,14.0,0.0,0.0,90.95792,80.658966,6.0,6.0,16.0,3.0,36.24269,3.0,0.0,0.0,11.0,58.639233,4.0,2.0,0.0,75.0,0.0
70.0,377.81467,16.920635,167.33963,20.931543,0.0,0.0,87.20609,4.0,5.397343,6.0,20.0,0.0,19.1872,-8.0,0.0,0.0,38.17721,-8.0,2.0,1.0,2.0,54.560757,0.0
73.0,270.76266,2.0,126.12987,17.0,0.0,0.0,92.993324,45.09191,6.0,6.0,14.0,2.0,15.0,-7.0,0.0,0.0,56.94069,56.37397,5.0,1.0,0.0,87.32581,0.0
84.0,324.1427,1.0,113.09586,41.311707,0.0,0.0,100.0,-7.0,7.0,8.0,43.55208,4.0,17.0,0.0,2.0,2.0,7.0,-8.0,7.0,1.0,0.0,67.0,0.0
83.0,141.11232,7.142314,63.0,17.0,0.0,0.0,100.0,-7.0,7.0,8.0,17.0,3.0,50.0,0.0,1.0,1.0,14.0,54.709457,3.0,2.0,0.0,55.54765,0.0
64.74971,115.49042,2.0,63.40711,23.0,1.0,0.0,87.363,3.0,6.0,5.0,24.0,1.0,42.0,0.0,0.0,0.0,46.830105,7.0918927,4.0,3.0,0.0,100.0,0.0
84.0,270.84555,3.0,79.0,23.0,0.0,0.0,100.0,-7.0,7.0,8.0,26.980423,2.0,26.0,0.0,0.0,0.0,9.0,84.29122,4.0,3.0,0.0,51.665833,0.0
70.40234,460.5465,4.942319,162.85878,21.0,0.0,0.0,80.77452,-7.0,-9.0,6.0,22.0,1.0,20.312948,0.0,0.0,0.0,18.908905,-8.0,3.0,1.0,0.0,36.56442,0.0
84.0,417.04367,5.0,141.22397,15.0,0.0,0.0,100.0,-7.0,7.0,8.0,16.0,2.0,14.274529,0.0,2.0,1.0,8.048892,-8.0,4.0,-3.3839555,0.0,71.92869,0.0
70.0,342.90485,4.0,86.0,50.888496,1.0,0.0,96.0,1.1396333,4.0,5.0,48.05832,3.0,35.0,-7.0,0.0,0.0,16.0,82.0,7.056198,16.320616,0.0,62.744358,0.0
75.0,-8.0,7.0,58.0,19.0,0.0,0.0,100.0,-7.0,7.0,8.0,5.338059,3.0,46.0,1.0,0.0,0.0,49.882645,95.5006,6.0,4.0,2.0,100.0,0.0
84.0,368.65823,2.0,71.1734,28.0,0.0,0.0,100.0,-7.0,7.0,8.0,26.0,4.0,24.0,0.0,2.0,2.0,10.932974,24.408203,2.0,2.0,0.0,23.24307,0.0
88.0,307.92,15.0,91.64048,30.790367,0.0,0.0,100.0,-7.0,7.0,8.0,34.0,0.0,28.0,0.0,0.0,0.0,6.0,56.450756,4.0,1.0,0.0,47.175404,0.0
90.0,274.31448,5.0,93.0,22.0,0.0,0.0,100.0,-7.0,7.0,8.0,20.709602,1.0,40.0,1.4281663,1.0,1.0,1.0,78.52267,1.0,2.0,0.0,33.0,0.0
55.93189,176.4462,2.0,63.736214,28.0,0.0,0.0,97.0,5.4064956,4.0,6.0,27.0,6.0,21.864578,0.0,2.0,2.0,52.59982,98.5358,11.0,4.0,3.0,67.0,0.0
71.0,143.94093,8.0,46.581104,11.0,0.0,0.0,100.0,-7.0,7.0,8.0,12.0,3.0,35.0,0.0,1.0,1.0,71.84065,57.90672,2.0,3.0,1.0,92.8078,0.0
87.0,659.6683,20.0,116.05078,23.226398,0.0,0.0,100.0,-7.0,7.0,8.0,50.6534,0.0,18.0,-8.0,0.0,0.0,1.0,-8.0,1.0,2.0,-2.867491,46.094692,0.0
-9.0,-9.0,-9.0,-9.0,-9.0,-9.0,-9.0,-9.0,-9.0,-9.0,-9.0,-9.0,-9.0,-9.0,-9.0,-9.0,-9.0,-9.0,-9.0,-9.0,-9.0,-9.0,-9.0,0.0
90.43926,305.05127,62.094326,150.07372,3.0541575,0.0,0.0,100.0,-7.0,7.0,8.0,10.675271,0.0,20.798733,-7.0,0.0,0.0,13.0,-8.0,1.0,1.0,0.0,79.38384,0.0
71.0,492.58328,27.259848,103.71868,12.0,0.0,0.0,84.51904,13.35158,6.0,6.0,14.0,0.0,49.618492,-7.0,0.0,0.0,51.108116,-8.0,3.0,1.0,1.0,88.00862,0.0
87.0,199.32274,22.200954,86.93026,19.0,0.0,0.0,100.0,-7.0,7.0,8.0,36.29696,0.0,23.755949,0.0,0.0,0.0,0.0,-8.0,1.0,-8.0,0.0,20.298922,0.0
81.0,165.38504,2.0,111.614975,21.0,0.0,0.0,93.90132,24.366844,6.0,5.0,22.0,0.0,14.0,7.8303022,0.0,0.0,17.680962,-8.0,4.0,-8.0,0.0,50.0,0.0
68.0,108.670845,20.0,80.0,17.849226,0.0,0.0,90.59468,23.945787,6.0,6.0,13.099508,0.0,25.503418,17.516022,0.0,0.0,56.94014,95.88028,7.0,2.0,2.0,100.0,0.0
68.0,165.17911,4.0,86.0,25.0,1.0,1.0,96.0,22.39693,6.0,2.0,11.031124,6.0,22.052103,5.0731564,3.0,2.0,36.0,80.0,4.0,3.0,1.0,63.82322,0.0
86.0,179.02246,3.0,103.07477,24.0,0.0,0.0,100.0,-7.0,7.0,8.0,16.05122,1.2951219,24.0,-8.0,0.0,0.0,17.01852,23.192442,6.0,3.0,0.0,64.0,0.0
84.0,172.11594,10.3544445,66.06448,37.612156,0.0,0.0,100.0,-7.0,7.0,8.0,38.731777,1.0,26.0,0.0,0.0,0.0,1.1450675,93.0,4.0,2.0,0.0,60.0,0.0
79.0,147.63371,6.0,64.56492,26.14444,0.0,0.0,100.0,-7.0,7.0,8.0,28.0,6.0,34.52531,16.0,0.0,0.0,17.0,82.0,6.0,2.0,0.0,100.0,0.0
82.0,186.59949,23.582014,97.0,19.0,0.0,0.0,100.0,-7.0,7.0,8.0,23.0,0.0,26.262989,0.0,0.0,0.0,13.277977,52.516937,4.4805255,4.0,1.0,75.92676,0.0
55.032173,209.00117,8.0,111.35936,21.0,0.0,0.0,94.0,5.1416774,4.0,6.0,17.0,1.0,42.0,-7.0,0.530083,0.0,65.81324,90.04175,7.0,2.0,3.0,75.0,0.0
68.0,113.2601,5.0,51.24796,10.0,2.5208313,1.7142116,61.50518,31.277073,6.0,2.0,10.0,2.0,17.0,6.0,1.0,1.0,16.0,-8.0,2.0,-8.0,0.0,30.847857,0.0
68.0,263.94974,4.0,100.29572,19.0,1.0,0.0,78.0206,23.355038,6.0,3.688238,16.0,1.0,17.0,0.0,2.0,2.0,22.772627,77.87658,6.0,2.0,0.0,56.0,0.0
67.0,170.31253,19.971684,74.0,16.0,1.55429,0.0,86.605606,26.26803,6.0,5.0,20.0,0.0,21.0,7.0,1.0,1.0,65.46497,70.58855,5.0,3.0,1.0,100.0,0.0
81.0,381.31543,3.0,74.4982,19.0,0.0,0.0,95.0,30.143274,6.0,6.0,20.0,3.0,49.17645,21.160501,0.0,0.0,16.954905,7.7582564,3.0,6.0,0.0,63.590816,0.0
81.0,159.63872,9.0,60.4601,23.0,0.0,0.0,100.0,-7.0,7.0,8.0,24.0,3.4795122,41.537655,0.0,2.0,2.0,0.35572305,-8.0,2.0,2.0,0.0,53.79699,0.0
67.0,-9.0,3.0,65.0,20.0,0.0,0.0,100.0,-7.0,7.0,8.0,-9.0,2.0,23.634893,8.0,0.0,0.0,82.59564,67.43691,9.0,2.0,3.0,82.90445,0.0
74.884026,74.93224,-9.0,49.700275,13.017476,0.0,0.0,100.0,-7.0,7.0,8.0,18.0,1.0,32.0,2.0539918,0.0,1.0,22.996147,-8.0,2.0,1.0,1.0,56.46459,0.0
87.0,201.66269,1.0,64.46609,37.400032,0.0,0.0,100.0,-7.0,6.0,8.0,53.066563,3.0,66.91134,-8.0,2.0,2.0,4.5729737,94.87826,2.0,2.0,0.0,50.0,0.0
78.0,222.88052,-9.0,71.46869,21.0,0.0,0.0,100.0,-7.0,7.0,8.0,24.951038,1.0,18.0,-7.0,0.0,0.0,13.0,93.0,5.0,2.0,1.9155409,50.0,0.0
75.0,68.52287,8.0,33.03573,12.0,0.0,0.0,100.0,-7.0,7.0,8.0,12.649755,1.0,45.72221,-7.0,0.0,0.0,-8.234856,86.0809,-9.0,2.0,0.0,31.452753,0.0
66.0,105.92187,4.0,67.0,47.174004,0.0,0.0,98.0,37.34999,6.0,6.0,47.14487,1.0,28.0,0.0,0.0,0.0,34.768497,81.29126,9.806081,4.0,4.0,70.0,0.0
77.36569,218.4419,13.800241,158.80437,24.0,0.0,0.0,88.0,10.90514,6.0,5.0,21.761457,0.0,21.0,-7.0,2.0,2.0,14.061914,-8.0,3.2422957,1.0,0.0,50.0,0.0
87.0,209.52438,17.376389,71.0,14.054594,0.0,0.0,100.0,-7.0,7.0,8.0,16.0,0.0,45.631535,5.0,0.0,0.0,6.0,-8.0,1.0,1.0,0.0,37.513573,0.0
78.0,280.6284,4.0,124.94961,29.0,0.0,0.0,93.0,-7.0,6.0,6.0,38.561913,2.0,33.0,0.0,1.0,1.0,5.8379946,-8.0,5.0,2.0,0.0,64.0,0.0
73.0,156.78671,19.416706,71.94397,9.140722,0.0,0.0,100.0,-7.0,7.0,8.0,8.703386,0.0,99.656456,12.0,0.0,0.0,-8.857188,77.72955,-9.0,3.0,0.0,100.0,0.0
76.65436,444.14032,12.0,127.28182,34.0,0.0,0.0,100.0,-7.0,7.0,8.0,28.436947,0.0,23.23883,3.0,3.0,3.0,25.266066,-8.0,6.7001033,1.0,2.0,81.73303,0.0
81.0,201.94304,4.0,103.35548,18.0,1.0,0.0,81.92784,7.968892,6.0,5.0,23.0,2.0,21.0,0.0,0.0,0.0,2.0,-8.0,1.0,-8.651599,0.0,20.572187,0.0
87.21316,217.30142,2.0,77.77886,25.0,0.0,0.0,100.0,-7.0,7.0,8.0,28.0,1.7945206,33.0,0.0,1.0,1.0,3.0,-8.0,4.0,1.5033066,0.0,50.18925,0.0
85.61389,263.89792,3.0,71.59656,18.0,0.0,0.0,100.0,-7.0,7.0,8.0,26.0,2.0,60.09398,0.0,2.0,1.0,7.0,-8.0,3.0,2.0,0.0,68.73147,0.0
68.0,86.4895,4.0859456,-9.0,21.008999,0.0,0.0,100.0,-7.0,7.0,8.0,23.264578,7.537729,36.0,0.0,0.0,0.0,36.0,-8.0,6.0,1.0,0.0,87.04907,0.0
73.0,130.28682,4.0,52.853825,19.0,0.0,0.0,100.0,-7.0,7.0,8.0,22.0,1.0,43.13073,10.816401,0.0,0.0,45.61214,-8.0,5.0,2.0,1.0,64.0,0.0
82.0,102.07036,5.0,56.38024,8.0,0.0,0.0,100.0,-7.0,7.0,8.0,6.3195457,1.0,9.586236,0.0,1.0,0.32142654,17.181961,-8.0,2.0,-8.0,0.0,35.677296,0.0
73.0,199.15404,2.0,66.034836,29.0,0.0,0.0,100.0,-7.0,7.0,8.0,31.0,4.0,22.0,2.0,1.0,1.0,25.287548,92.79077,3.0,2.0,0.0,43.0,0.0
72.0,195.13152,3.0,74.7631,25.0,0.8476844,0.0,94.0,33.782154,6.0,5.0,23.60253,2.0,24.0,-7.0,1.0,1.0,59.653275,-8.0,5.1271014,2.0,0.0,87.11113,0.0
-9.0,-9.0,-9.0,-9.0,-9.0,-9.0,-9.0,-9.0,-9.0,-9.0,-9.0,-9.0,-9.0,-9.0,-9.0,-9.0,-9.0,-9.0,-9.0,-9.0,-9.0,-9.0,-9.0,0.0
80.0,204.82137,3.0,68.0,28.0,0.0,0.0,100.0,-7.0,7.0,8.0,18.0,4.0,26.682312,15.331601,0.0,0.0,21.464918,86.590996,5.0,2.0,0.0,60.40892,0.0
69.0,147.23994,5.0,77.21492,22.0,3.7902567,1.0,79.819786,8.595689,6.0,2.0,32.0,1.0,22.249815,0.0,2.0,1.5035872,2.0,-8.0,0.0,1.0,0.0,33.0,0.0
77.57496,109.92236,2.0,39.132973,32.0,0.0,0.0,100.0,-7.0,7.0,8.0,37.0,2.0,41.08084,0.0,2.0,3.0,16.0,87.094505,4.0,4.0,0.0,63.0,0.0
68.0,221.84262,8.0,70.0,33.0,0.0,0.0,87.53664,10.933024,6.0,6.0,34.0,1.0,33.0,4.0,0.0,0.0,52.962513,34.027912,5.0,3.0,0.0,66.06786,0.0
70.41287,159.1674,10.0,63.56319,17.916533,0.0,0.0,92.0,7.0986743,6.0,6.0,16.551079,0.0,51.76311,9.090543,0.0,0.0,0.6481316,64.144104,1.2057912,2.0,-5.333444,56.369514,0.0
-9.0,-9.0,-9.0,-9.0,-9.0,-9.0,-9.0,-9.0,-9.0,-9.0,-9.0,-9.0,-9.0,-9.0,-9.0,-9.0,-9.0,-9.0,-9.0,-9.0,-9.0,-9.0,-9.0,0.0
65.0,272.98138,3.0,87.96729,28.545338,1.0,0.0,93.56174,66.282394,6.0,5.0,28.0,2.0,11.668778,0.0,1.0,0.0,34.76302,-8.0,10.617954,1.0,1.0,100.0,0.0
65.0,290.8254,20.101097,107.4421,15.0,3.9531024,1.0,56.592304,43.050503,6.0,3.0,26.132349,0.0,77.79483,-7.0,1.0,1.0,92.215294,81.445145,3.0,4.0,3.0,100.0,0.0
84.0,334.4039,51.3116,114.510315,17.0,0.0,0.0,96.0,54.65503,6.0,6.0,19.0,0.0,44.92278,0.0,1.0,1.0,0.0,-8.0,1.0,1.0,0.0,35.979313,0.0
76.0,307.47577,8.0,88.775215,25.276365,0.0,0.0,100.0,-7.0,7.0,8.0,28.0,1.0,30.242208,0.0,0.0,0.0,36.0,63.29785,8.37677,2.0,0.0,76.25599,0.0
66.0,225.06874,10.0,94.0,16.028662,0.0,0.0,85.24406,16.762745,4.0,6.0,19.21239,1.0,91.363594,-8.0,0.0,0.0,3.0,48.07003,1.0,3.0,0.0,71.0,0.0
88.92109,325.92517,188.42084,163.93082,-9.0,0.0,0.0,100.0,-7.0,7.0,8.0,2.7941494,0.0,13.290723,-8.0,0.0,0.0,4.5754337,-8.0,2.0,-8.0,0.0,71.0,0.0
82.0,177.44362,6.0,79.0,19.0,0.0,0.0,91.0,31.88869,6.0,6.0,21.0,1.0,15.202468,-7.3699493,0.0,0.0,6.0,-8.0,2.0,1.0,0.0,38.0,0.0
74.0,217.62529,2.0,77.0,32.0,0.0,0.0,92.514465,68.56773,6.0,6.0,34.0,3.0,68.57119,0.0,4.0,4.0877824,71.25539,47.550304,1.0,3.0,0.0,89.40958,0.0
87.0,166.78246,8.0,88.9968,24.960632,0.0,0.0,100.0,-7.0,7.0,8.0,28.0,1.0,17.0,5.0,0.0,0.0,14.265697,-8.0,5.0,1.0,0.0,44.077698,0.0
88.0,368.14774,29.364014,176.30544,21.0,0.0,0.0,100.0,-7.0,7.0,8.0,14.0,0.0,9.869127,-8.0,0.0,0.0,10.605855,68.55672,1.0,2.0,0.0,21.28879,0.0
85.0,-9.0,20.0,65.9926,4.1134157,0.0,0.0,100.0,-7.0,7.0,8.0,-9.0,0.0,39.929638,14.079019,0.0,0.0,17.349394,-8.0,2.0,1.0,0.0,58.0,0.0
84.0,122.14985,27.88567,114.26897,9.0,0.0,0.0,100.0,-7.0,7.0,8.0,7.0,0.0,47.214085,-7.0,1.0,1.0,38.297024,50.2972,3.0,2.0,0.0,75.0,0.0
87.0,373.42285,2.0,140.54274,23.0,0.0,0.0,97.0,2.0,6.0,6.0,25.0,1.0,35.0,0.0,2.0,1.0,5.0,59.97117,1.2650391,2.7682748,0.54325664,50.0,0.0
81.0,173.42706,20.1139,66.659004,14.0,0.0,0.0,100.0,-7.0,7.0,8.0,13.0,0.0,35.682808,-8.0,0.0,0.0,28.797712,-8.0,2.0,2.0,0.0,64.52419,0.0
72.658035,232.9557,13.173658,109.9025,13.075041,1.0,1.0,100.0,-7.0,4.242114,8.0,13.870787,0.0,23.362394,-8.0,0.0,0.0,13.002001,-8.0,3.0,1.0,0.0,45.001427,0.0
71.0,84.998055,5.254551,56.32594,40.92249,0.0,0.0,100.0,-7.0,7.0,8.0,44.12603,2.0,29.936298,4.0,1.0,1.0,57.616455,95.25509,9.862351,2.0,2.0,69.814064,0.0
-9.0,-9.0,-9.0,-9.0,-9.0,-9.0,-9.0,-9.0,-9.0,-9.0,-9.0,-9.0,-9.0,-9.0,-9.0,-9.0,-9.0,-9.0,-9.0,-9.0,-9.0,-9.0,-9.0,0.0
78.42731,322.62955,4.0,82.0,25.0,0.0,0.0,97.78892,18.05865,6.0,6.0,34.0,2.0,20.0,2.0,2.0,2.0,9.0,-8.0,4.0,2.0,1.0,45.20405,0.0
89.0,301.43533,3.0,70.1113,15.0,0.0,0.0,100.0,-7.0,7.0,8.0,29.0,3.0,35.0,23.253597,0.0,0.0,5.0,77.55763,3.0,2.0,0.0,44.0,0.0
87.0,328.8842,27.838205,103.31525,22.0,0.0,0.0,100.0,-7.0,7.0,8.0,36.845325,0.0,29.0,0.0,0.0,0.0,14.603694,-8.0,4.0,1.0,0.0,56.89982,0.0
80.743965,233.58418,17.0,97.256065,13.0,0.0,0.0,89.0,22.356,4.0,6.0,13.0,0.0,15.303071,-7.0,0.0,0.0,13.501149,57.900978,6.0,2.0,0.0,75.0,0.0
69.0,246.19241,5.0,86.89884,39.443565,1.0,0.0,92.0,21.274876,4.0,5.0,38.454365,1.0,23.23115,1.4006499,0.0,0.0,21.0,45.085632,6.0,2.0,1.0,44.188644,0.0
87.0,148.41107,15.0,97.0,22.155329,0.0,0.0,100.0,-7.0,7.0,8.0,26.293839,0.0,20.0,1.0,0.0,0.0,10.0,-8.0,3.0,1.0,0.0,41.12873,0.0
83.0,293.26852,2.0,93.53904,27.0,0.0,0.0,95.0,55.10611,6.0,6.0,34.0,0.0,25.0,-7.0,0.0,0.0,1.0,53.45981,4.0,1.0,1.0,73.0,0.0
81.0,51.948635,2.0,58.101013,14.0,0.0,0.0,100.0,-7.0,7.0,8.0,16.0,3.0408504,19.882666,-7.0,0.0,0.0,8.0,68.7966,3.0,2.0,0.0,50.0,0.0
68.0,170.12,8.6236515,76.57165,25.0,2.0,2.0,94.0,23.9521,4.0,6.0,25.0,3.0,62.253197,1.0,1.0,1.0,41.212177,48.636154,4.0,2.0,0.0,100.0,0.0
83.0,474.57867,16.612589,144.57974,22.0,0.0,0.0,100.0,-7.0,7.0,8.0,26.0,0.0,24.0,-7.0,0.0,0.0,27.772348,-8.0,4.0,1.0,1.0,63.0,0.0
82.0,282.28088,9.0,88.79456,25.0,0.0,0.0,97.0,-7.0,6.0,6.0,26.716553,1.0,26.452597,7.837394,0.0,0.0,15.0,64.449524,2.0,2.0,0.0,40.165623,0.0
76.68348,177.51279,-9.0,47.4441,25.0,0.0,0.0,100.0,-7.0,7.0,8.0,34.0,10.989463,39.904606,0.0,4.4846463,4.9277267,13.025191,-2.8242967,5.0,4.0,0.0,65.2605,0.0
75.0,435.20435,29.348146,136.7295,36.21073,0.0,0.0,100.0,-7.0,7.0,8.0,31.822796,0.0,45.675327,2.0,2.0,1.0,70.14714,76.0,5.0,2.0,2.0,86.69618,0.0
77.0,175.62584,12.392123,68.0,39.0,0.0,0.0,100.0,-7.0,7.0,8.0,38.0,0.0,27.0,0.0,1.0,1.0,22.03199,59.523357,4.101701,3.0,1.0,73.64491,0.0
75.0,183.81386,1.0,70.88664,27.0,0.0,0.0,100.0,-7.0,7.0,8.0,27.705238,3.0,33.219994,4.0,0.0,0.0,32.579033,95.730034,5.0,5.0,1.0,71.0,0.0
89.0,176.17554,13.26268,79.0,22.0,0.0,0.0,100.0,-7.0,7.0,8.0,24.0,0.0,55.48519,0.0,2.0,2.0,0.0,80.55012,1.0,2.0,0.0,33.0,0.0
-9.0,-9.0,-9.0,-9.0,-9.0,-9.0,-9.0,-9.0,-9.0,-9.0,-9.0,-9.0,-9.0,-9.0,-9.0,-9.0,-9.0,-9.0,-9.0,-9.0,-9.0,-9.0,-9.0,0.0
-9.0,-9.0,-9.0,-9.0,-9.0,-9.0,-9.0,-9.0,-9.0,-9.0,-9.0,-9.0,-9.0,-9.0,-9.0,-9.0,-9.0,-9.0,-9.0,-9.0,-9.0,-9.0,-9.0,0.0
87.0,335.88364,40.97108,100.0,7.0,0.0,0.0,100.0,-7.0,7.0,8.0,9.122308,0.0,20.0,0.0,0.1404069,1.0,8.0,-8.0,1.0,-8.0,0.0,40.519962,0.0
77.0,138.83331,3.0,76.57208,15.0,0.0,0.0,100.0,-7.0,7.0,8.0,8.523072,2.0,50.0,-7.0,2.0,1.9274486,27.534563,-8.0,3.0,1.0,0.0,67.956055,0.0
77.0,229.60312,2.3439417,81.0,43.884132,0.0,0.0,94.89664,12.5614395,6.0,6.0,52.76322,1.0,35.399776,-7.0,0.0,0.0,17.0,65.34797,4.3894467,2.0,0.0,49.860794,0.0
81.0,369.6691,23.434048,238.99464,27.0,1.0,0.0,97.0,80.90139,6.0,5.0,26.374609,0.0,28.0,-8.0,0.0,0.0,23.357208,-8.0,4.0,1.0,0.0,60.0,0.0
77.0,166.04973,5.0,69.50632,19.0,1.0,1.0,95.0,60.999794,6.0,2.0,22.0,3.0,22.0,11.338084,0.0,0.0,9.119381,-8.0,4.0,1.0,1.0,84.255295,0.0
84.723595,355.8057,4.0,117.27825,65.01365,0.0,0.0,100.0,-7.0,7.0,8.0,92.05971,1.0,29.565794,1.0,1.0,1.0,8.664179,43.9162,7.0,2.0,0.0,43.0,0.0
61.875435,203.26178,20.759699,103.397606,16.0,0.0,0.0,88.4954,12.9837055,6.0,6.0,21.304453,0.0,38.0,-9.0,0.0,0.0,2.9205258,-8.0,1.0,3.0,2.0,91.0037,0.0
92.89751,356.19095,3.0,130.15352,18.0,0.0,0.0,100.0,-7.0,7.0,8.0,21.459368,1.0,26.0,-8.0,0.0,0.0,5.0135746,-8.0,4.0,2.0,0.0,40.77803,0.0
74.499916,326.2144,16.0,87.80676,43.37681,1.0,1.0,90.03465,46.45681,6.0,3.0,45.13631,0.0,33.0,0.0,0.0,0.0,8.132658,-8.0,5.0,2.0,0.0,67.0,0.0
82.0,480.22806,31.40441,175.78053,20.0,0.0,0.0,100.0,-7.0,7.0,8.0,19.0,0.0,33.0,10.837681,0.0,0.0,1.0,-8.0,3.0,2.0,0.0,42.52931,0.0
70.0,188.8554,7.0,49.513702,6.6778717,2.0,1.0,85.92679,78.84193,6.0,2.0,7.0,0.0,50.0,-8.0,1.0,0.0,75.428215,-8.0,3.0,-8.0,0.0,100.0,0.0
63.0,136.91782,21.593178,59.63381,12.0,0.0,0.0,72.250084,17.100977,6.0,6.0,13.0,0.0,17.0,0.0,1.0,1.0,57.15673,-8.0,3.0,-8.0,0.0,83.0,0.0
16.662485,141.40329,5.0,73.25758,29.0,3.1873875,3.2777631,81.030594,-7.0,-9.0,2.0,46.89034,3.0,60.41048,0.0,2.0,2.0,68.59058,32.42883,9.0,5.0,2.0,100.0,0.0
79.0,226.78831,5.0,131.77507,23.306114,0.0,0.0,96.0,1.0,4.0,6.0,22.0,1.0,25.0,0.0,0.0,0.0,2.0,-8.0,4.0,2.0,0.0,50.0,0.0
-9.0,-9.0,-9.0,-9.0,-9.0,-9.0,-9.0,-9.0,-9.0,-9.0,-9.0,-9.0,-9.0,-9.0,-9.0,-9.0,-9.0,-9.0,-9.0,-9.0,-9.0,-9.0,-9.0,0.0
86.0,228.30902,6.0,68.86133,18.0,0.0,0.0,100.0,-7.0,7.0,8.0,19.0,1.0,24.0,8.0,0.0,0.0,0.0,91.0,1.0,1.0,0.0,27.168184,0.0
79.480156,386.81628,2.0,106.46237,24.0,1.0,0.0,94.90141,54.504105,6.0,4.1382737,24.0,1.0,31.0,0.0,2.0,2.0,8.644075,-8.0,3.0,2.0,0.0,80.65975,0.0
90.70699,290.02438,140.12878,125.08594,14.0,0.0,0.0,100.0,-7.0,7.0,8.0,14.0,0.0,19.0,-7.0,1.0,1.0,2.0,-8.0,1.0,1.0,0.0,29.579376,0.0
62.0,154.94537,5.0,57.469807,32.0,0.0,0.0,83.015564,26.292364,6.0,6.0,37.297874,1.0,44.0,21.520424,0.0,0.0,40.388603,77.27108,4.0,7.444091,1.0,80.0,0.0
72.0,173.58022,4.0,82.41647,26.0,0.0,0.0,100.0,-7.0,7.0,8.0,24.0,2.0,28.705357,15.526738,0.0,0.0,57.02365,-8.0,11.0,1.0,6.916098,100.0,0.0
65.0,199.80754,7.0,74.0,40.787373,0.0,0.0,100.0,-7.0,7.0,8.0,40.928013,0.0,30.0,1.0,1.0,1.0,62.439873,23.688833,9.41929,4.0,3.0,59.75187,0.0
88.0,-9.0,7.0,57.483025,16.935127,0.0,0.0,100.0,-7.0,7.0,8.0,14.0,1.1745809,33.0,7.0,2.0,2.0,0.0,70.91631,1.0,2.0,0.0,45.014706,0.0
80.0,139.59053,3.0,34.905712,17.0,0.0,0.0,95.0,18.15359,6.0,6.0,18.0,2.0,27.0,0.68793213,2.0,1.0,4.829904,66.35543,2.0,3.0,0.0,33.0,0.0
81.0,-9.0,59.94641,97.11187,20.0,1.0,0.0,94.0,8.736013,4.0,5.0,-9.0,0.0,15.0,1.0,0.0,0.0,0.0,55.949596,2.0,2.0,0.0,27.046917,0.0
71.0,95.600395,3.0,41.087585,39.0,0.0,0.0,96.0,74.085625,6.0,6.0,35.0,4.0,13.0,0.0,5.861601,5.2283216,53.865757,53.16887,5.0,3.0,2.0,80.0,0.0
88.791084,223.9405,13.340712,82.0,37.505573,0.0,0.0,100.0,-7.0,7.0,8.0,38.0,0.0,33.89462,4.4219403,0.0,0.0,3.0,69.30623,3.0,2.0,0.0,42.591183,0.0
76.0,118.924446,4.0,61.337345,24.0,0.0,0.0,100.0,-7.0,7.0,8.0,23.159445,3.0,44.0,0.0,1.0,1.0,36.024952,61.49215,3.0,1.0,0.0,74.80488,0.0
67.0,390.842,2.0,71.006134,39.518982,0.0,0.0,100.0,-7.0,7.0,8.0,57.726078,4.0,56.30192,0.0,11.694798,12.204412,57.8427,51.15137,9.438165,6.034499,1.0,91.629814,0.0
64.0,137.62457,15.0,104.81893,27.40269,0.0,0.0,88.407845,53.93081,6.0,6.0,27.0,0.0,27.0,-5.411357,2.0,2.0,90.70746,87.69987,9.0,2.0,3.0,80.53277,0.0
-9.0,-9.0,-9.0,-9.0,-9.0,-9.0,-9.0,-9.0,-9.0,-9.0,-9.0,-9.0,-9.0,-9.0,-9.0,-9.0,-9.0,-9.0,-9.0,-9.0,-9.0,-9.0,-9.0,0.0
-9.0,-9.0,-9.0,-9.0,-9.0,-9.0,-9.0,-9.0,-9.0,-9.0,-9.0,-9.0,-9.0,-9.0,-9.0,-9.0,-9.0,-9.0,-9.0,-9.0,-9.0,-9.0,-9.0,0.0
79.625916,493.15646,10.0,123.843056,21.0,2.0,0.0,89.0,55.179222,6.0,2.0,22.590916,1.0,22.0,0.0,0.0,0.0,2.0,-8.0,4.0,1.0,0.0,38.0,0.0
81.0,211.71143,9.0,77.0,21.0,0.0,0.0,100.0,-7.0,7.0,8.0,20.022648,0.0,40.0,21.58567,0.0,0.0,0.0,39.15274,0.0,1.0,0.0,28.522942,0.0
75.98311,84.697556,7.0,74.0,9.270767,1.0,0.0,93.0,12.140485,6.0,6.0,1.5559504,1.0,35.0,4.0,0.0,0.0,1.0,-8.0,2.0,1.0,0.0,64.36381,0.0
87.0,446.77606,11.231128,147.09021,14.0,0.0,0.0,100.0,-7.0,7.0,8.0,17.665266,1.0,31.0,-8.0,0.0,0.0,9.776649,-8.0,4.0,1.0,0.0,57.0,0.0
78.0,198.78555,2.0,80.99612,33.0,0.0,0.0,100.0,-7.0,7.0,8.0,34.0,2.0,42.107307,0.0,0.0,0.0,36.0,-8.0,6.0,3.7476654,1.0,77.93902,0.0
68.0,151.26999,16.518246,141.82939,17.0,0.0,0.0,79.565,12.667483,4.1974287,6.0,5.231728,0.0,20.0,-7.922376,1.0,1.0,39.083027,-8.0,1.0,2.0,2.082858,40.0,0.0
87.0,263.26056,34.785645,125.128,12.0,0.0,0.0,100.0,-7.0,7.0,8.0,13.649291,0.0,25.0,-7.0,0.0,0.0,1.0,-8.0,1.0,1.0,0.0,50.0,0.0
67.41664,127.009865,1.0,23.80849,18.0,0.0,0.0,100.0,-7.0,7.0,8.0,29.0,3.0,22.078245,0.0,3.0,3.0,23.34562,57.04966,5.0,3.0,1.0,100.0,0.0
84.0,165.86395,2.0,61.0,31.0,0.0,0.0,100.0,-7.0,7.0,8.0,45.012283,3.0,58.669716,19.483921,1.0,1.0,1.0,92.76802,0.0,6.3967404,0.0,60.0,0.0
74.0,134.59793,2.0,76.21181,25.0,0.0,0.0,100.0,-7.0,7.0,8.0,28.24617,2.0,8.896321,-7.0,0.0,0.0,44.389153,-8.0,6.0,1.0,3.0,50.0,0.0
84.88423,186.14275,11.71551,90.0,38.482395,0.0,0.0,97.0,-7.0,6.8986325,6.0,45.225666,0.0,28.0,0.0,2.0,2.0,7.658089,-8.0,2.0,2.0,0.0,33.0,0.0
91.802956,440.1594,44.39557,165.6098,3.7382379,0.0,0.0,100.0,-7.0,7.0,8.0,8.0,0.0,41.0,0.0,0.0,0.0,1.0,-8.0,0.0,2.0,0.0,50.0,0.0
80.0,261.9101,3.0,105.8449,31.0,0.0,0.0,96.0,6.7707534,6.0,6.0,28.904015,2.0,47.027542,9.0,1.0,1.0,25.022488,89.03452,5.0,2.0,0.0,68.0678,0.0
72.0,213.11246,5.0,117.77469,20.0,0.0,0.0,86.59546,23.337292,6.0,6.0,24.0,2.0,31.30921,0.0,2.0,2.0,27.248177,-8.0,2.0,-8.0,0.0,100.0,0.0
77.0,267.81265,5.0,103.137436,32.11167,0.0,0.0,95.0,13.124065,6.0,6.0,32.0,1.0,31.600616,0.0,1.0,1.0,9.0,84.81505,5.0,2.0,0.0,63.0,0.0
77.0,358.38193,14.0,105.72095,33.0,0.0,0.0,94.0,1.7421491,0.4494152,6.0,44.907837,0.0,17.680714,-7.0,1.0,0.0,0.0,-8.0,2.0,2.0,0.0,67.0,0.0
85.0,215.01616,7.0,77.02449,30.0,0.0,0.0,100.0,-7.0,7.0,8.0,37.661713,1.0,24.0,-8.0,0.0,0.0,19.98894,-8.0,2.0,1.0,0.0,34.24847,0.0
82.0,211.92517,22.091604,103.059006,34.957848,0.0,0.0,100.0,-7.0,7.0,8.0,43.606476,0.0,46.72433,-8.0,0.0,0.0,22.963861,72.960175,2.0,2.0,1.0,45.386715,0.0
88.32781,168.17053,6.0,90.86911,23.0,0.0,0.0,100.0,-7.0,7.0,8.0,23.0,1.0,29.0,0.0,0.0,0.0,15.0,62.35491,1.0,1.0,0.0,91.68028,0.0
86.86916,169.5593,14.738497,94.0,13.8133135,0.0,0.0,100.0,-7.0,7.0,8.0,12.0,0.0,13.857764,0.0,0.0,0.0,12.0,-8.0,1.0,1.0,0.0,32.886803,0.0
84.0,196.33754,19.474419,87.204124,20.0,0.0,0.0,100.0,-7.0,7.0,8.0,20.0,0.0,34.80588,0.0,0.0,0.0,31.253237,-8.0,2.0,2.0,1.0,44.0,0.0
81.0,363.93176,2.0,89.30884,29.0,0.0,0.0,100.0,-7.0,6.0,7.891438,28.0,2.0,46.0,0.0,2.0,1.0,1.0,84.03259,1.0,2.0,0.0,37.653244,0.0
78.0,202.1888,9.0,81.0,11.181617,0.0,0.0,100.0,-7.0,7.0,8.0,14.0,2.0,20.0,17.903833,0.0,0.0,73.97776,83.360214,2.0,2.0,1.0,88.72328,0.0
85.0,141.86642,5.0,66.187294,22.0,0.0,0.0,100.0,-7.0,7.0,8.0,26.0,1.0,33.0,0.0,0.0,0.0,25.803196,-8.0,4.0,1.0,0.0,60.0,0.0
89.0,105.29271,2.0,94.609955,17.0,0.0,0.0,100.0,-7.0,7.0,8.0,6.066513,1.0,45.0,4.0,1.0,1.0,10.0,69.33142,2.0,2.0,0.0,75.0,0.0
72.0,138.29547,8.0,45.792107,41.712444,0.0,0.0,100.0,-7.0,7.0,8.0,45.8066,10.9450245,53.72602,-7.0,3.0,3.0,15.0,15.308037,3.0,4.0,0.0,50.0,0.0
62.698967,165.80548,3.0,61.0,77.86013,0.0,0.0,100.0,-7.0,7.0,8.0,103.62611,2.0,25.0,1.0,0.0,0.0,42.940857,83.2431,26.056189,4.674233,8.079556,64.002556,0.0
79.0,164.98854,6.0,65.01415,32.0,0.0,0.0,92.34747,9.6102295,6.0,6.0,34.603848,2.0,45.92495,0.0,1.0,1.0,3.0,80.73401,3.0,2.0,0.0,55.29223,0.0
72.0,178.82834,7.0,66.11047,10.0,0.0,0.0,100.0,-7.0,7.0,8.0,15.0,1.0,62.45837,0.0,0.0,0.0,76.110306,92.91894,1.0,3.0,0.0,71.0,0.0
87.0,139.49632,30.85909,115.666534,12.0,0.0,0.0,100.0,-7.0,7.0,8.0,9.0,0.0,51.640182,22.1646,0.0,0.0,6.0,41.98938,1.0,1.0,0.0,64.19532,0.0
75.0,182.73032,5.0,63.28303,27.0,0.0,0.0,93.0,23.616608,6.0,6.0,32.26867,2.0,27.0,7.0,1.0,1.0,10.583579,90.20867,3.0,7.0232606,0.0,60.0,0.0
67.0,187.86746,9.674591,110.91017,12.0,0.0,0.600789,77.75958,9.601897,6.0,4.0,12.0,0.0,20.0,-7.0,0.0,0.0,49.30378,67.22043,6.0,1.0,3.0,75.0,0.0
77.0,159.18713,57.640778,130.02692,24.0,1.8103664,0.0,94.0,32.056107,6.0,3.0,26.0,0.0,-9.0,0.0,1.0,1.0,20.264122,-8.0,4.2386227,1.0,1.0,42.227825,0.0
62.0,261.6077,2.0,88.84195,50.01636,0.0,0.0,96.0,-7.0,4.0,6.0,47.763973,5.0,51.912586,0.0,4.456256,4.6277566,27.22265,98.58979,11.0,2.0,3.0,71.0,0.0
84.0,247.31693,2.0,103.68611,20.0,0.0,0.0,100.0,-7.0,7.0,8.0,18.0,1.0,19.0,0.0,1.1188666,1.0,19.552479,89.315765,1.0,2.0,0.0,38.795357,0.0
-9.0,-9.0,-9.0,-9.0,-9.0,-9.0,-9.0,-9.0,-9.0,-9.0,-9.0,-9.0,-9.0,-9.0,-9.0,-9.0,-9.0,-9.0,-9.0,-9.0,-9.0,-9.0,-9.0,0.0
73.0,171.35706,2.0,115.1531,30.0,2.0,1.9535756,98.0,72.6961,6.0,2.1707795,33.0,1.0,19.0,0.0,5.0,4.9255166,25.0,99.493706,4.0,1.0,1.0,33.0,0.0
75.941414,227.10085,5.0,100.772316,50.223545,0.0,0.0,97.82434,-8.0,6.0,6.0,55.176846,2.0,33.0,0.0,0.0,0.0,32.458164,93.77042,5.0,3.0,0.0,63.0,0.0
73.0,128.79222,2.394842,57.45366,28.0,0.0,0.0,100.0,-7.0,7.0,8.0,31.0,2.0,50.0,6.3396864,0.0,0.0,25.0,83.24554,5.2104936,5.0,0.0,78.0,0.0
81.0,387.90735,3.0,76.57833,12.0,1.0,1.0,100.0,77.26853,6.0,2.0,16.002457,1.0,27.871613,0.0,16.51816,15.324246,5.0,84.7143,2.0,2.0,0.0,44.0,0.0
74.0,228.18613,23.613913,97.0,39.0,1.0,0.0,100.0,-7.0,7.0,8.0,40.25524,0.0,40.0,0.0,0.0,0.0,17.0,-8.0,4.0,3.0,0.0,80.0,0.0
89.0,270.9882,5.0,81.60977,34.30519,0.0,0.0,100.0,-7.0,7.0,8.0,37.116642,2.0,19.0,0.0,1.0,1.0,4.0,-8.0,3.8142433,1.0,0.0,59.981937,0.0
83.0,256.89093,3.0,119.673515,42.91548,0.0,0.0,98.0,9.565487,6.0,6.0,38.009853,1.0,30.0,1.0,1.0,0.0,1.0,91.18796,3.0,6.2781467,0.0,58.0,0.0
-9.0,100.19732,10.683308,26.193516,7.0,3.0,2.9645617,64.476395,12.202501,6.0,2.0,15.473178,1.0,17.0,0.0,1.0,1.0,21.851995,24.31683,3.0,2.0,0.0,76.54851,0.0
2.9824276,-9.0,-9.0,-9.0,-9.0,-9.0,-9.0,-9.0,-9.0,-9.0,-9.0,-9.0,-9.0,-9.0,-9.0,-9.0,-9.0,-9.0,-9.0,-9.0,-9.0,-9.0,-9.0,0.0
77.0,374.85284,11.281508,115.81545,25.0,0.0,0.0,92.505486,-7.0,6.0,6.0,23.0,1.0,45.0,-7.0,0.0,0.0,33.42569,71.0,3.0,4.0,0.0,56.070118,0.0
84.0,121.72165,9.0,37.308903,10.0,0.0,0.0,100.0,-7.0,7.0,8.0,13.0,0.0,55.722534,0.0,0.0,0.0,13.0,91.0,0.647476,2.0,0.0,43.0,0.0
83.0,105.38887,3.0,22.39868,26.0,0.0,0.0,100.0,-7.0,7.0,8.0,25.122246,5.0,45.0,-7.0,0.0,0.0,7.0,61.083126,3.0,3.0,0.0,60.0,0.0
91.0,165.17421,7.0,82.133514,16.0,0.0,0.0,100.0,-7.0,7.0,8.0,19.192432,0.0,-9.0,0.0,1.0,1.0,0.0,-8.0,3.0,-9.0,0.0,25.0,0.0
75.0,175.86966,1.0,72.79141,28.0,0.0,0.0,100.0,-7.0,7.0,8.0,27.0,3.0,17.767204,0.0,2.0,2.0,15.535712,135.29318,8.0,2.0,1.0,74.13576,0.0
87.0,426.6629,6.0,72.35964,21.0,0.0,0.0,100.0,-7.0,7.0,8.0,26.0,3.0,23.0,3.9571135,1.0,1.0,3.0,-8.0,5.0,2.0,0.0,50.0,0.0
78.0,400.1769,18.25767,135.42175,13.877838,0.0,0.0,100.0,-7.0,7.0,8.0,15.0,0.0,19.0,-7.0,0.0,0.0,51.304756,-8.0,4.0,1.0,1.0,75.0,0.0
85.0,360.11432,8.0,108.86055,36.247562,0.0,0.0,100.0,-7.0,7.0,8.0,34.815704,1.8048911,52.54453,0.0,2.0,1.0,9.048002,-8.0,5.0,2.0169444,0.0,80.0,0.0
79.97751,418.2888,5.0,90.0,40.361313,0.0,0.0,100.0,-7.0,6.0,8.0,36.60927,3.4868562,23.0,12.43619,1.0,1.0,8.0,66.12729,3.0,2.0,0.0,45.85001,0.0
67.083595,170.56372,6.0,72.247375,28.0,0.0,0.0,91.0,-7.0,4.0,6.0,28.0,2.0,68.69659,2.0,0.0,0.0,31.537498,77.23838,3.0,5.0,0.0,80.0,0.0
65.0,180.07848,5.0,63.720222,34.951187,0.0,0.0,93.0,-7.0,-9.0,6.0,46.809834,7.7657003,43.0,0.0,2.0,1.0,11.82933,-8.0,4.0,4.0,1.0,88.0,0.0
66.263855,241.30605,3.0,76.0,25.0,0.0,0.0,100.0,-7.0,7.0,8.0,26.0,4.0,31.178934,2.0,2.0,1.8548121,42.385677,-8.0,4.0,4.0,4.0,67.0,0.0
73.0,211.17795,10.0,81.0,18.0,0.0,0.0,88.0,26.381985,6.0,6.0,21.0,1.3623618,52.954414,3.5372622,0.0,0.0,25.658966,53.826004,4.0,5.0,1.0,80.0,0.0
76.0,317.02985,-9.0,80.17036,49.41153,0.0,0.0,100.0,-7.0,7.0,8.0,75.82612,5.0,21.650026,0.0,5.8139353,5.7648296,32.246696,90.18053,7.0,3.4783812,2.0,57.0,0.0
82.74693,224.58847,4.0,165.8057,11.206481,0.0,0.0,91.0,21.341923,6.0,6.0,9.0,1.0,41.185326,0.0,0.0,0.0,42.54961,76.65827,4.0,1.0,0.0,100.0,0.0
83.0,110.09542,7.0,53.06059,11.0,0.0,0.0,100.0,-7.0,7.0,8.0,14.787247,2.0,35.0,21.005924,0.0,0.0,9.801519,21.989302,3.0,1.0,0.0,60.0,0.0
82.0,170.34167,6.0,77.0,20.0,0.0,0.0,100.0,-7.0,7.0,8.0,23.0,1.0,17.07291,7.0,0.0,0.0,19.0,-8.0,2.0,1.0,1.0,40.0,0.0
80.0,359.27228,2.0,94.71977,25.0,0.0,0.0,100.0,-7.0,7.0,8.0,25.861795,3.0,21.0,0.0,1.0,1.0,32.0,-8.0,3.0,1.0,0.0,43.71653,0.0
74.0,183.06686,4.0,81.52196,13.852143,1.0,2.0,92.0,19.074875,6.0,3.6470733,15.0,1.0,53.794495,1.0,2.0,2.0,14.606207,71.06984,2.0,3.0,1.0,75.0,0.0
83.0,254.20348,4.0,92.58706,24.0,0.0,0.0,100.0,-7.0,7.0,8.0,30.158655,2.0,8.86995,-8.0,0.0,0.0,16.194479,-8.0,7.0,1.0,0.0,53.26831,0.0
89.0,262.68317,6.1487713,125.3361,18.0,0.0,0.0,100.0,-7.0,7.0,8.0,21.0,1.0,40.0,-8.0,0.0,0.0,0.0,-8.0,2.0,1.0,0.0,50.0,0.0
88.0,177.92787,8.0,76.400925,10.0,0.0,0.0,100.0,-7.0,7.0,8.0,9.03224,1.0,54.39937,2.0,1.0,1.0,8.0,-8.0,1.0,1.0,0.0,58.0,0.0
-9.0,392.7863,13.0,156.05952,9.0,4.880118,1.0,79.96428,7.623647,4.0,5.705665,12.0,0.0,43.0,0.0,3.0,2.183955,51.206177,91.56521,3.0,3.0,0.0,81.06236,0.0
80.63476,316.54736,6.0,73.29074,49.044777,0.0,0.0,100.0,-7.0,7.0,8.0,59.76016,4.0,20.0,0.0,3.3455677,3.0,9.0,-8.0,1.0,-8.0,0.0,2.0670109,0.0
69.0,178.56627,1.0,45.558163,13.0,0.0,0.0,100.0,-7.0,7.0,8.0,15.0,6.0,29.0,0.0,5.0,5.378628,21.0,91.23233,3.0,2.0067968,1.0,50.0,0.0
62.0,129.34596,2.0,32.18369,13.0,0.0,0.0,100.0,-7.0,7.0,8.0,18.59005,2.0,33.0,0.0,2.0,2.0,54.4823,15.981829,6.4398885,2.0,4.0,77.7024,0.0
86.0,147.71902,5.0,68.0,18.0,0.0,0.0,100.0,-7.0,7.0,8.0,22.0,1.0,40.0,6.0,2.0,2.0,16.0,100.0,1.0,2.0,0.0,57.0,0.0
89.0,234.45227,17.651354,122.18604,14.0,0.0,0.0,100.0,-7.0,7.0,8.0,17.0,0.0,25.0,-9.0,0.0,0.0,2.3512921,80.0,1.0,2.0,0.0,50.0,0.0
91.93083,138.54576,11.0,90.0,13.0,0.0,0.0,100.0,-7.0,7.0,8.0,9.347909,1.0,59.315372,8.013708,0.0,0.0,1.0,-8.0,1.0,1.0,0.0,40.832043,0.0
81.0,194.25092,7.0,90.449455,23.0,0.0,0.0,90.11085,36.44827,6.0,6.0,24.0,1.0014828,16.337875,-4.2966256,0.0,0.0,13.626541,-8.0,3.0,1.0,0.0,33.0,0.0
63.251503,246.90936,5.0,90.0,39.0,0.0,0.0,100.0,23.395681,4.0,6.0,35.0,2.0,20.0,1.0,3.0,3.0,32.0,83.309494,10.23036,3.0,10.219693,50.0,0.0
81.52341,135.86919,2.0,67.0,30.0,0.0,0.0,100.0,-7.0,7.0,8.0,26.760958,1.0,21.0,20.150528,1.0,1.0,10.599742,90.007095,5.0,3.0,0.0,57.0,0.0
89.0,214.69336,20.342678,111.131874,27.0,0.0,0.0,100.0,-7.0,7.0,8.0,30.332146,0.0,26.98487,-8.0,0.0,0.0,1.0,61.07282,3.0,1.691122,0.0,74.83408,0.0
88.384605,127.06323,16.410395,74.21853,5.3756,0.0,0.0,100.0,-7.0,7.0,8.0,10.0,0.0,27.0,-7.0,0.0,0.0,1.0,-8.0,2.0,1.0,0.0,60.0,0.0
86.0,210.35107,3.0,92.80838,14.0,0.0,0.0,100.0,-7.0,7.0,8.0,3.0173416,1.0,17.336973,6.0,1.0,1.0,21.0,-8.0,2.0,-8.0,0.0,35.680508,0.0
79.85142,188.92844,2.0,102.899055,21.0,0.0,0.0,100.0,-7.0,7.0,8.0,29.306194,1.0,32.49931,-7.0,0.0,0.0,27.730797,-8.0,7.209551,1.0,0.0,57.0,0.0
-9.0,-9.0,-9.0,-9.0,-9.0,-9.0,-9.0,-9.0,-9.0,-9.0,-9.0,-9.0,-9.0,-9.0,-9.0,-9.0,-9.0,-9.0,-9.0,-9.0,-9.0,-9.0,-9.0,0.0
-9.0,-9.0,-9.0,-9.0,-9.0,-9.0,-9.0,-9.0,-9.0,-9.0,-9.0,-9.0,-9.0,-9.0,-9.0,-9.0,-9.0,-9.0,-9.0,-9.0,-9.0,-9.0,-9.0,0.0
-9.0,-9.0,-9.0,-9.0,-9.0,-9.0,-9.0,-9.0,-9.0,-9.0,-9.0,-9.0,-9.0,-9.0,-9.0,-9.0,-9.0,-9.0,-9.0,-9.0,-9.0,-9.0,-9.0,0.0
77.0,231.07217,3.0,83.181274,16.0,0.0,0.0,100.0,-7.0,7.0,8.0,18.0,3.0,56.873146,-7.0,0.0,0.0,36.831215,71.58134,4.0,2.0,0.0,67.0,0.0
86.0,271.41388,4.0,142.89684,26.0,0.0,0.0,100.0,-7.0,7.0,8.0,25.0,1.0,43.0,-7.0,0.0,0.0,11.0,67.133514,3.0,3.0,0.0,63.223488,0.0
70.1584,196.51765,5.0,88.434586,10.0,0.0,0.0,90.341156,26.803795,6.0,6.0,10.0,1.1559765,33.0,-7.52815,2.0,2.0,37.476917,-8.0,6.0,2.0,0.0,100.0,0.0
81.771324,322.52344,2.0,117.87229,32.0,0.0,0.0,100.0,54.395702,6.0,6.0,32.0,3.5366044,33.953163,0.0,2.0,2.0,8.468224,94.088974,7.475553,6.0,1.0,70.613716,0.0
57.16922,170.4697,2.0,65.0,8.0,1.0,0.0,69.864815,27.17621,4.0,6.0,9.923567,3.0,28.0,0.0,2.0,1.0,27.005932,94.91412,3.0,1.0,0.0,60.0,0.0
85.0,176.73549,6.6186395,68.29677,27.0,0.0,0.0,100.0,-7.0,7.0,8.0,26.785664,2.0,32.0,-7.0,0.0,0.0,1.0,-8.0,5.0,-8.0,0.0,33.0,0.0
78.0,244.80815,6.0,98.892044,22.0,0.0,0.0,100.0,-7.0,7.0,8.0,22.03484,1.0,49.005356,3.0,1.0,1.0,15.412414,-8.0,2.0,2.0,0.0,40.66297,0.0
76.0,219.63496,9.0,71.0,29.0,0.0,0.0,100.0,-7.0,7.0,8.0,34.065792,2.6201444,7.0087905,8.0,0.0,0.0,21.0,-8.0,4.0,-9.0,1.0,40.442482,0.0
81.0,96.240974,15.9677105,63.363323,5.1216908,0.0,0.0,100.0,-7.0,7.0,8.0,7.740123,0.0,50.269302,7.0,1.0,1.0,-2.6788986,76.33764,-9.0,2.0,0.0,44.0,0.0
87.0,148.37198,18.836142,82.1819,14.0,0.0,0.0,100.0,-7.0,7.0,8.0,12.0,0.0,46.0,3.0,0.0,0.0,0.0,-8.0,2.0,2.0,0.0,67.0,0.0
84.0,231.35309,3.0,87.57207,33.64194,0.0,0.0,100.0,-7.0,7.0,8.0,29.0,1.0,30.0,-7.0,1.0,0.0,2.9637563,-8.0,4.0,2.0,0.0,61.67527,0.0
68.0,295.2777,8.0,116.13445,20.0,0.0,0.0,100.0,-7.0,7.0,8.0,24.777588,1.0,33.0,0.0,3.0,3.9378977,40.24656,-8.0,4.0,2.0,2.0,63.0,0.0
87.0,192.03256,4.0,128.81831,23.0,0.0,0.0,100.0,-7.0,7.0,8.0,24.441887,3.0,-9.0,-7.0,1.0,1.0,1.0,-8.0,5.787149,-8.0,0.0,44.356045,0.0
56.21022,177.37445,5.0,85.872826,29.0,1.0,0.0,85.31497,3.0,4.0,5.0,36.190323,2.0,37.0,1.0,0.97377235,1.0,51.677002,31.904802,4.0,3.0,0.0,66.934784,0.0
85.0,262.95117,1.0,92.0,36.101387,0.0,0.0,100.0,-7.0,7.0,8.0,34.0,2.0,18.57848,0.0,3.0,2.0,0.0,95.384346,3.0,2.0,0.0,32.302628,0.0
77.0,133.72798,18.353308,58.0,11.963217,0.0,0.0,100.0,-7.0,7.0,8.0,13.0,0.0,31.0,0.0,2.0,2.0,60.622227,-8.0,2.0,1.0,2.0,100.0,0.0
66.0,302.9736,3.0,123.576096,39.0,2.0,1.0,91.0,19.660286,6.0,5.0,36.271713,2.0,36.0,-7.0,0.0,0.0,35.621635,-8.0,11.0,7.526647,1.0,83.0,0.0
79.0,94.41189,3.0,62.36526,12.0,0.0,0.0,100.0,-7.0,7.0,8.0,5.7634816,2.0,-1.2224078,-7.0,0.0,0.0,7.0,78.14939,2.0,2.0,0.0,57.95202,0.0
69.50798,48.262714,8.0,68.04304,23.0,0.0,0.0,93.46949,38.35008,6.0,6.0,23.228683,0.0,35.30244,12.0185795,0.0,0.0,41.354748,73.44397,11.116274,1.0,4.0,86.0,0.0
79.23593,205.59454,5.0,66.90532,37.63427,0.0,0.0,100.0,-7.0,7.0,8.0,31.276722,2.0,24.0,0.0,0.0,0.0,3.924809,41.96471,3.0,2.0,0.0,28.43739,0.0
86.82476,174.62296,8.0,79.0,39.381935,0.0,0.0,100.0,-7.0,7.0,8.0,37.64026,1.0,19.0,-7.0,0.0,0.0,3.0,66.473854,2.0,2.0,0.0,44.0,0.0
72.0,222.20386,27.710009,104.82189,7.0,1.0,0.0,76.71817,22.753914,6.0,5.0,3.998659,0.0,47.0,-7.9692593,0.0,0.0,19.0,-8.0,2.0,2.0,0.0,75.0,0.0
-9.0,-9.0,-9.0,-9.0,-9.0,-9.0,-9.0,-9.0,-9.0,-9.0,-9.0,-9.0,-9.0,-9.0,-9.0,-9.0,-9.0,-9.0,-9.0,-9.0,-9.0,-9.0,-9.0,0.0
65.00541,167.46396,5.0,75.498436,48.546154,2.0,1.0,92.0,23.634026,6.0,5.0,45.645264,2.0,29.0,0.0,0.0,0.0,32.854755,-8.0,12.677742,2.0,3.556401,60.0,0.0
86.0,-8.083331,31.965866,88.87335,10.0,0.0,0.0,100.0,-7.0,7.0,8.0,-1.1520202,0.0,54.963287,-7.0,2.0,1.0,7.0,-8.0,2.0,1.0,0.0,60.0,0.0
80.0,-9.0,29.506739,56.234707,13.0,0.0,0.0,100.0,-7.0,7.0,8.0,3.981391,0.0,44.0,0.0,0.0,0.0,1.0,-8.0,1.0,1.0,0.0,42.611454,0.0
87.0,199.68045,6.0,70.0,12.0,0.0,0.0,100.0,-7.0,7.0,8.0,14.3194275,1.0,29.0,10.585046,0.0,0.0,0.0,100.0,0.0,2.0,0.0,50.0,0.0
67.92426,256.86472,3.0,95.21867,23.0,1.0,1.4948758,100.0,-7.0,7.0,8.0,23.0,1.0,29.0,-7.0,0.0,0.0,67.8886,-8.0,5.0,3.0,3.3979106,71.0,0.0
69.0,389.8764,6.0,89.66308,8.042464,1.0,1.0,79.06732,32.49586,5.0,2.0,15.0,1.0,52.364513,14.335924,0.0,0.0,1.0,-8.0,2.0,1.0,0.0,99.35626,0.0
63.250286,132.16135,4.0,49.213913,19.47431,0.0,0.0,85.5922,10.801603,6.0,6.0,24.858624,6.2727647,92.658844,-7.0,0.0,0.0,47.570023,76.962814,2.0,6.4103317,0.0,83.0,0.0
71.0,98.684685,3.0,65.0,13.0,2.0,1.0,88.0,42.51368,6.0,2.0,15.0,2.0,28.258934,-7.0,15.680283,12.791761,9.121732,80.0,3.0,3.0,1.0,57.0,0.0
82.0,237.66797,23.287916,87.30498,9.0,0.0,0.0,94.0,13.342432,6.0,6.0,17.0,0.0,19.0,-8.0,0.0,0.0,9.016113,-8.0,1.0,1.0,0.0,44.160107,0.0
85.0,185.03326,5.0,84.0,50.23928,0.0,0.0,100.0,-7.0,7.0,8.0,46.731445,9.375102,37.0,-7.0,1.0,1.0,4.0,45.883625,4.0,2.0,0.0,40.0,0.0
78.0,159.81046,5.0,72.14428,13.0,0.0,0.0,100.0,-7.0,7.0,8.0,12.0,1.0,55.543114,4.0,2.0,2.0,41.652065,26.831738,3.0,2.0,1.0,75.0,0.0
75.0,210.40822,3.0,82.0,18.0,0.0,0.0,94.0,80.1873,6.0,6.0,23.0,3.0,24.0,1.0,3.0,2.0,6.0,96.29203,6.0,1.0,1.0,82.213806,0.0
82.0,72.562904,5.0,63.822247,26.21951,0.0,0.0,100.0,68.46688,6.0,6.0,31.0,3.0,55.251247,0.0,2.0,1.0,7.0,91.0,2.0,4.3602614,0.0,75.0,0.0
84.0,110.60272,27.966553,70.0,5.284916,0.0,0.0,100.0,-7.0,7.0,8.0,1.5666832,0.0,29.0,-8.0,0.0,0.0,46.6986,45.579014,1.0,1.0,0.0,88.556366,0.0
57.15413,186.76546,3.0,53.249447,42.645935,0.0,0.0,96.0,31.724354,6.0,6.0,43.405586,2.0,68.145386,-7.0,3.9829435,3.848819,88.12532,76.0,8.0,11.111652,4.0,100.0,0.0
69.18605,416.1289,4.0,149.31252,19.0,0.0,0.0,91.0,27.630575,6.0,6.0,17.377325,0.0,31.0,0.0,0.0,0.0,96.109184,93.171814,2.0,2.0,1.0,100.0,0.0
82.3769,96.705315,3.0,70.0,14.0,0.0,0.0,100.0,-7.0,7.0,8.0,12.0,1.0,-2.1997573,6.0,0.0,0.0,1.0,-8.0,3.0,1.0,1.0,42.59768,0.0
55.18406,414.62622,7.0,74.0,28.940351,1.0,0.55944675,82.68029,-7.0,-9.0,5.0,39.098076,3.0,35.0,3.0,2.0,2.0,7.184763,50.916714,9.0,7.1903157,0.0,72.874084,0.0
87.0,279.98666,12.280923,143.80365,20.0,0.0,0.0,100.0,-7.0,7.0,8.0,26.0,0.0,46.4888,0.0,0.0,0.0,0.0,60.241795,3.0,3.0,0.0,83.99288,0.0
89.86258,389.48227,20.251986,124.28221,35.579098,0.0,0.0,100.0,-7.0,7.0,8.0,51.17108,0.0,28.0,23.938265,0.0,0.0,3.0,-8.0,3.0,1.0,0.0,33.0,0.0
77.0,383.33374,12.0,199.44177,18.0,0.0,0.0,93.95698,0.1828213,6.0,6.0,19.0,1.0,45.056297,-7.0,0.0,0.0,22.996246,58.24492,3.0,2.0,0.0,60.0,0.0
82.0,147.00465,1.6639687,102.79972,52.209034,0.0,0.0,100.0,-7.0,7.0,8.0,53.919853,3.0,15.0,2.0,1.0,1.0,5.0,76.0,2.0,2.0,0.0,-9.0,0.0
86.0,86.510475,10.0,118.41865,37.280502,0.0,0.0,100.0,-7.0,7.0,8.0,0.5583041,0.0,15.0,16.0,0.0,0.0,5.0,-8.0,5.0,2.0,0.0,52.191067,0.0
74.0,139.9655,5.0,67.33097,38.1822,0.0,0.0,100.0,-7.0,7.0,8.0,37.25682,2.0,25.0,0.0,3.0,2.0,34.17885,57.052795,4.0,2.0,1.0,50.0,0.0
80.0,284.5377,2.0,57.30133,39.981083,0.0,0.0,100.0,-7.0,7.0,8.0,26.743862,9.894142,21.0,0.0,3.0,2.0,10.038763,-8.0,4.0,1.0,0.0,25.100193,0.0
86.0,398.05298,9.0,100.96186,13.0,0.0,0.0,100.0,-7.0,7.0,8.0,10.529366,1.0,11.0,-7.0,0.0,0.0,18.51719,-8.0,4.0,-9.0,0.0,51.639244,0.0
68.0,205.32036,3.0,105.47747,44.284958,1.0,1.0,97.0,-7.0,-9.0,6.0,46.742393,5.0,42.0,-7.0,0.0,0.0,10.0,61.37147,5.0,3.0,0.0,67.0,0.0
77.0,156.7154,7.8906627,77.56888,46.778828,0.0,0.0,100.0,-7.0,7.0,8.0,69.79548,2.0,20.0,7.0,0.0,0.0,13.0,52.2742,8.0,5.8643966,1.0,100.0,0.0
78.0,177.73839,4.0,75.97355,14.0,0.0,0.0,91.0,45.502472,6.0,6.0,17.0,2.0,26.0,0.0,0.0,0.0,50.48481,79.49211,3.0,2.0,0.0,60.0,0.0
66.0,245.95206,2.0,140.63295,42.2563,1.0,0.0,92.0,30.624525,6.0,5.0,44.075993,3.0,44.598698,8.532875,0.0,0.0,36.0,96.95745,8.261798,2.0,1.0,87.13766,0.0
-9.0,-9.0,-9.0,-9.0,-9.0,-9.0,-9.0,-9.0,-9.0,-9.0,-9.0,-9.0,-9.0,-9.0,-9.0,-9.0,-9.0,-9.0,-9.0,-9.0,-9.0,-9.0,-9.0,0.0
89.626305,164.58704,3.0,83.430374,12.0,0.0,0.0,100.0,-7.0,7.0,8.0,11.0,1.0,24.0,-7.0,1.0,1.0,3.0,-8.0,3.0,1.0,0.0,70.0,0.0
80.0,266.52988,53.09571,110.79836,12.0,0.0,0.0,100.0,-7.0,7.0,8.0,11.129054,0.0,40.793438,0.0,0.0,0.0,46.46659,-8.0,2.0,1.0,2.0,41.766487,0.0
82.0,165.0096,2.0,47.288826,20.720692,0.0,0.0,100.0,-7.0,7.0,8.0,17.0,2.8394408,35.0,-7.0,0.0,0.0,1.6561893,29.875866,3.0,2.0,0.0,43.367863,0.0
92.187004,492.35797,17.0,144.44133,17.649782,0.0,0.0,100.0,-7.0,7.0,8.0,19.0,0.0,8.443693,-8.0,0.0,0.0,6.0,-8.0,2.0,1.0,0.0,31.902142,0.0
90.61588,589.93335,11.0,205.18504,16.0,0.0,0.0,100.0,-7.0,7.0,8.0,14.0,0.0,19.0,6.0,0.0,0.0,4.0,-8.0,3.0,-8.0,0.0,46.684776,0.0
86.0,199.3157,7.0,84.0,22.0,0.0,0.0,100.0,-7.0,7.0,8.0,23.0,1.0,46.741337,1.0,1.0,1.0,11.0,93.0,3.0,3.0,0.0,86.70203,0.0
81.0,190.49825,6.0,76.0,28.0,0.0,0.0,96.0,56.645596,6.0,6.0,32.0,3.0,42.0,16.0,0.0,0.0,13.563627,-8.0,3.0,2.0,0.0,40.292896,0.0
73.0,216.62703,2.0,83.70902,25.0,0.0,0.0,93.0,22.453028,6.0,6.0,26.0,2.0,67.59739,0.0,5.0,5.0,10.0,36.523373,3.0,3.0,0.0,74.36856,0.0
64.846405,196.68416,2.9015362,80.57209,20.0,0.0,0.0,89.0,38.712605,6.0,6.0,21.0,4.0,55.422928,6.0,1.0,1.0,36.905327,80.92065,2.0,4.0,1.0,67.0,0.0
64.0,228.53549,3.0,90.0,27.0,2.7110708,3.2087486,77.09723,4.0,4.0,2.0,36.59159,3.0,11.0,0.0,1.0,1.0,24.656563,57.58926,9.909255,2.0,1.0,64.0,0.0
77.0,125.57622,2.0,41.041,18.0,0.0,0.0,100.0,-7.0,7.0,8.0,19.681238,4.0,28.0,0.0,0.0,0.0,25.0,99.309166,2.0,4.229296,0.0,67.0,0.0
70.0,161.48112,3.0,61.490715,36.0,0.0,0.0,96.59557,36.220352,6.0,6.0,35.60156,2.0,23.296978,2.9144444,3.0,3.0,41.763275,-8.0,5.0,2.0,4.271326,50.042885,0.0
85.7969,333.07263,7.0,85.93791,16.745333,0.0,0.0,100.0,-7.0,7.0,8.0,19.0,0.0,25.0,-8.0,0.0,0.0,21.0,94.3915,2.0,3.0,0.0,50.0,0.0
72.0,304.0724,3.0,97.0,25.0,0.0,0.0,81.45349,33.54634,6.0,6.0,21.0,2.0,24.0,4.0,1.0,1.0,32.88365,82.0,4.0,2.0,0.0,63.0,0.0
74.0,375.2507,2.0,96.63506,13.107265,2.0,2.0,93.0,55.273098,6.0,0.6047199,16.0,1.0,22.0,0.0,0.0,0.0,1.0,-8.0,1.0,1.0,0.0,33.0,0.0
67.86343,211.03174,5.0,111.86761,41.08458,0.0,0.0,98.0,-7.0,5.0,6.0,44.327084,1.0,28.0,-7.0,1.0,1.5102446,23.297993,25.812101,4.0,3.0,0.0,50.0,0.0
78.0,157.16817,10.0,81.0,12.0,0.0,0.0,100.0,-7.0,7.0,8.0,11.0,0.0,14.0,0.0,1.0,1.0,26.164766,-8.0,5.0,1.0,0.0,67.0,0.0
80.645424,-4.6341577,7.0,108.07566,32.69287,0.0,0.0,100.0,-7.0,7.0,8.0,11.123311,1.0,26.0,2.0,2.0,2.0,2.0,50.174076,2.0,2.0,0.0,38.0,0.0
76.0,165.25844,15.007276,63.0,14.0,0.0,0.0,100.0,-7.0,7.0,8.0,16.0,0.0,19.0,-7.0,1.0,1.0,56.07335,84.01195,3.0,1.0,1.0,70.48432,0.0
89.0,277.18832,40.006954,108.829445,6.0,0.0,0.0,100.0,-7.0,7.0,8.0,12.419864,0.0,25.0,0.0,1.0,1.0,0.8771167,73.31284,1.0,1.0535553,0.0,46.60512,0.0
79.0,373.0858,4.0,115.182755,20.0,0.0,0.0,96.73405,52.81108,6.0,6.0,20.803741,1.0,23.0,2.3528934,0.0,0.0,21.0,91.0,8.0,2.0,0.0,67.0,0.0
69.0,208.01947,9.0,107.8133,11.962362,2.0,3.1127818,86.13952,44.00573,6.0,2.2300873,18.0,1.0,27.784906,0.0,0.0,0.0,10.0,-8.0,2.0,1.0,0.0,100.0,0.0
73.0,187.33717,11.514629,91.81007,17.621283,0.0,0.0,100.0,-7.0,7.0,8.0,16.0,0.0,30.0,0.0,1.0,1.0,56.857685,-8.0,2.0,2.0,1.0,49.364037,0.0
85.0,271.1372,2.0,72.44175,39.0,0.0,0.0,100.0,-7.0,7.0,8.0,33.785576,4.0,24.0,1.0,2.0,2.0,6.0,-8.0,4.0,2.0,0.0,50.0,0.0
-9.0,-9.0,-9.0,-9.0,-9.0,-9.0,-9.0,-9.0,-9.0,-9.0,-9.0,-9.0,-9.0,-9.0,-9.0,-9.0,-9.0,-9.0,-9.0,-9.0,-9.0,-9.0,-9.0,0.0
-9.0,-9.0,-9.0,-9.0,-9.0,-9.0,-9.0,-9.0,-9.0,-9.0,-9.0,-9.0,-9.0,-9.0,-9.0,-9.0,-9.0,-9.0,-9.0,-9.0,-9.0,-9.0,-9.0,0.0
76.0,139.23314,6.0,68.59429,21.882994,0.0,0.0,97.0,81.736305,6.0,6.0,22.0,3.0,36.676838,1.0,1.0,1.0,58.84939,-8.0,3.0,1.0,3.0,56.0,0.0
66.70797,133.91739,5.0,79.20065,12.0,1.5305454,0.0,84.26277,5.6504316,4.0,4.0,15.27702,2.0,31.794527,-7.0,0.0,0.0,3.0,-8.0,4.0,1.0,0.0,70.0,0.0
66.0,389.63464,5.0,128.05573,53.932133,1.0,0.0,94.0,46.08668,6.0,5.0,58.697514,2.0,33.0,1.0,2.0,1.0,69.97623,45.532627,13.267822,4.0,4.0,78.0,0.0
76.5822,144.66559,3.9255755,90.0,14.0,0.0,0.0,100.0,-7.0,7.0,8.0,16.444118,1.0,61.21651,-8.0,0.0,0.0,55.12393,53.462734,2.0,2.4989963,0.0,84.4413,0.0
88.0,350.3004,15.0,105.67132,15.0,0.0,0.0,100.0,-7.0,7.0,8.0,19.0,0.0,38.165222,0.0,0.0,0.0,4.8228397,-8.0,3.9874964,1.0,0.0,57.0,0.0
-9.0,-9.0,-9.0,-9.0,-9.0,-9.0,-9.0,-9.0,-9.0,-9.0,-9.0,-9.0,-9.0,-9.0,-9.0,-9.0,-9.0,-9.0,-9.0,-9.0,-9.0,-9.0,-9.0,0.0
77.0,270.30032,2.0,94.660225,23.731138,0.0,0.0,90.066864,9.485212,5.608171,6.0,27.0,2.0,80.26766,1.0,1.0,1.0,1.0,83.20943,1.0,7.8983765,0.0,100.0,0.0
89.0,391.75873,3.0,126.318,27.0,0.0,0.0,100.0,-7.0,7.0,8.0,29.0,2.0,25.0,2.0,0.0,0.0,1.0,-8.0,2.0,1.0,0.0,26.266378,0.0
79.0,147.7395,22.186935,90.0,18.0,0.0,0.0,100.0,-7.0,7.0,8.0,18.0,0.0,33.0,1.0,0.0,0.0,18.405767,12.713635,5.0,4.0,0.0,78.0,0.0
87.0,320.4247,21.934525,139.3283,20.66743,0.0,0.0,100.0,-7.0,7.0,8.0,17.770868,0.0,30.823797,-8.0,0.0,0.0,13.064541,-8.0,3.0,1.0,0.0,60.0,0.0
91.0,276.7552,15.0,82.0,20.0,0.0,0.0,100.0,-7.0,7.0,8.0,13.0,0.0,7.9533362,0.0,2.0,1.0,1.0,-8.0,1.0,-8.0,0.0,-9.0,0.0
89.0,159.79689,14.688224,80.18789,13.0,0.0,0.0,100.0,-7.0,7.0,8.0,12.0,0.0,58.52746,0.0,1.0,1.0,0.0,-8.0,0.0,2.0,0.0,42.870617,0.0
58.86476,153.83316,3.0,77.16858,22.0,3.2313821,1.0,77.54274,3.1782568,4.0,6.0,27.0,2.0,33.0,0.0,2.0,2.0,25.0,-8.0,2.0,2.0,1.0,40.499954,0.0
69.0,177.52133,7.0,82.0,14.0,2.1202877,2.0,92.0,3.0,-9.0,4.0,17.77195,3.0,50.0,-7.0,0.0,0.0,1.0,-8.0,2.0,1.0,0.0,51.317253,0.0
81.0,-7.64569,12.832368,69.35194,11.131795,0.0,0.0,100.0,-7.0,7.0,8.0,10.0,1.0,57.85865,-7.0,0.0,0.0,51.0033,-8.0,1.0,2.0,0.0,98.51471,0.0
81.0,148.36473,5.0,65.72718,24.521784,0.0,0.0,100.0,-7.0,7.0,8.0,25.0,1.0,36.74987,3.0,3.0,3.3561184,16.0,84.89272,3.0,2.0,0.0,50.0,0.0
90.0,208.94244,73.681816,150.79425,13.0,0.0,0.0,100.0,-7.0,7.0,8.0,12.0,0.0,13.463655,-8.0,0.0,0.0,4.0,-8.0,2.0,-8.0,0.0,44.0,0.0
77.0,188.18477,3.0,154.49721,55.189182,1.0,0.940741,100.0,-7.0,7.0,8.0,24.02995,2.0,29.0,0.0,2.0,2.0,15.943584,47.50349,6.0,1.0,1.0,50.0,0.0
90.0487,164.54659,3.0,85.147804,25.0,0.0,0.0,100.0,-7.0,7.0,8.0,25.0,1.0,28.0,0.0,0.0,0.0,1.0,-8.0,1.0,1.0,0.0,43.779087,0.0
86.0,158.91356,2.0,92.66461,22.140703,0.0,0.0,100.0,-7.0,7.0,8.0,25.0,1.0,26.64766,-7.0,2.1196442,2.0,22.606838,51.271633,1.0,2.0,0.0,40.0,0.0
-9.0,-9.0,-9.0,-9.0,-9.0,-9.0,-9.0,-9.0,-9.0,-9.0,-9.0,-9.0,-9.0,-9.0,-9.0,-9.0,-9.0,-9.0,-9.0,-9.0,-9.0,-9.0,-9.0,0.0
87.0,209.01596,28.04298,79.11003,12.0,0.0,0.0,100.0,-7.0,7.0,8.0,13.236172,0.0,46.268665,6.8797503,1.0,1.0,4.0,36.921074,2.0,2.0,0.0,80.59099,0.0
92.94494,174.75246,28.883123,116.61924,9.0,0.0,0.0,100.0,-7.0,7.0,8.0,12.430555,0.0,37.0,4.0,1.0,1.0,8.0,-8.0,0.0,-8.0,0.0,29.391672,0.0
79.0,135.24321,3.0,75.0,34.50551,0.0,0.0,95.0,51.87181,6.0,6.0,35.310303,3.0,24.0,0.0,4.9785995,5.0,3.0,-8.0,5.0,1.0,0.0,80.0,0.0
75.0,230.79877,4.0,85.09248,15.0,0.0,0.0,100.0,-7.0,7.0,8.0,14.318371,2.0,38.0,0.0,0.0,0.0,46.054245,-8.0,6.0,2.0,3.0,71.33821,0.0
82.17655,179.88194,5.0,79.769516,25.0,0.0,0.0,100.0,-7.0,7.0,8.0,25.344896,2.0,33.0,-7.0,0.0,0.0,25.0,97.34105,6.0,4.0,1.0,77.887276,0.0
-9.0,-9.0,-9.0,-9.0,-9.0,-9.0,-9.0,-9.0,-9.0,-9.0,-9.0,-9.0,-9.0,-9.0,-9.0,-9.0,-9.0,-9.0,-9.0,-9.0,-9.0,-9.0,-9.0,0.0
68.0,152.648,2.0,61.383347,7.127123,0.0,0.0,77.979614,21.98389,6.0,5.0,13.0,1.0,56.59607,0.0,1.0,1.0,50.808838,30.25028,3.0,3.0,3.0,88.9102,0.0
70.87802,313.882,36.958233,160.4502,8.5582,0.0,0.0,90.0,39.751816,6.0,6.0,12.489296,0.0,33.0,-9.0,0.0,0.0,39.455105,-8.0,2.0,1.0,0.0,100.0,0.0
75.0,155.13779,2.0,57.274628,30.0,0.0,0.0,100.0,-7.0,7.0,8.0,40.74223,1.0,24.810652,12.900057,0.0,0.0,37.259552,-8.0,5.0,1.0,3.0,57.0,0.0
-9.0,-9.0,-9.0,-9.0,-9.0,-9.0,-9.0,-9.0,-9.0,-9.0,-9.0,-9.0,-9.0,-9.0,-9.0,-9.0,-9.0,-9.0,-9.0,-9.0,-9.0,-9.0,-9.0,0.0
76.0,158.35376,7.68044,79.83039,22.0,0.0,0.0,94.0,52.272774,6.0,6.0,19.82563,1.0,18.243496,0.0,0.0,0.0,52.050705,71.0,4.0,2.0,1.0,72.26578,0.0
86.37796,-9.0,1.0,58.0,15.0,0.0,0.0,100.0,-7.0,7.0,8.0,13.0,1.0,18.0,0.0,0.0,0.0,3.0,77.87944,4.0,2.0,0.0,82.09272,0.0
81.0,318.24945,40.848648,136.56123,21.417496,0.0,0.0,89.366974,36.44708,6.0,6.0,23.0,0.0,18.0,-8.0,1.4366132,1.0,5.0,-8.0,3.0,1.0,0.0,43.0,0.0
87.0,293.7257,20.42939,134.31389,23.29045,0.0,0.0,100.0,-8.0,6.0,6.0,32.0,0.0,22.0,4.537386,1.0,1.0,9.0,0.03896481,3.0,2.0,0.0,45.56068,0.0
84.374405,145.39848,20.0,62.18046,15.0,0.0,0.0,100.0,-7.0,7.0,8.0,13.0,0.0,28.0,21.847364,0.0,0.0,10.596614,-8.0,2.0,1.0,0.0,75.0,0.0
83.55342,181.29678,6.0,79.935585,22.0,0.0,0.0,100.0,-7.0,7.0,8.0,23.468327,1.0,41.41484,0.0,1.0,1.0,17.311275,-8.0,4.0,2.0,0.0,57.060555,0.0
65.0,131.85464,5.0,94.94825,28.0,2.0984712,0.0,88.0,2.8146768,2.6516662,2.0,29.0,1.0,24.0,-8.0,0.0,0.0,33.41768,-8.0,6.0,2.0,0.0,57.772263,0.0
84.0,287.24823,8.0,125.34141,21.0,1.0,0.0,96.674324,43.43473,6.0,5.0,22.0,2.0,25.0,0.0,2.0,1.0,10.960861,59.318417,3.0,2.0,0.0,50.0,0.0
59.55911,240.33847,4.0,84.09169,56.343967,0.0,0.0,96.0,31.05868,6.0,6.0,61.03126,2.0,41.01354,-7.1271114,0.0,0.0,64.742615,94.05768,9.563346,3.0,3.6033323,70.76867,0.0
60.70959,190.89816,4.0,73.537254,49.063095,1.0,0.0,96.0,10.512447,6.0,5.0,42.426434,2.0,45.0,0.0,1.0,1.0,43.429573,83.632416,7.0,6.0,1.0,80.0,0.0
86.0,374.31738,11.0,139.3101,18.0,0.0,0.0,100.0,-7.0,7.0,8.0,18.0,1.0,29.0,0.0,1.0,1.0,6.0,-8.0,3.0,-8.0,0.0,54.349552,0.0
72.0,456.4411,5.0,183.50244,14.0,0.0,0.0,85.62596,60.447514,6.0,6.0,14.0,1.0,24.0,0.0,1.0,1.0,59.269173,-8.0,4.0,2.0,3.0,82.45912,0.0
73.0,236.9646,6.0,87.37445,23.0,0.0,0.0,100.0,-7.0,7.0,8.0,24.0,2.0,38.0,0.0,1.0,1.0,55.004627,93.42726,3.0,3.0,2.0,64.075806,0.0
63.0,163.35431,14.930027,97.25053,24.0,2.564191,2.4903283,91.98158,-7.0,-9.0,5.0,34.0,0.0,19.0,1.0,1.0,1.0,2.0,37.544407,2.0,2.0,1.0,33.0,0.0
72.0,313.796,33.02007,233.46785,26.0,1.0,0.0,90.0,18.362322,4.0,5.0,35.0,0.0,31.0,0.0,0.0,0.0,11.0,24.78317,4.0,3.0,0.0,50.0,0.0
74.0,148.50058,4.0,75.727264,19.77077,0.0,0.0,100.0,-7.0,7.0,8.0,24.687439,2.0,47.58762,-7.0,0.0,0.0,77.39738,-8.0,4.0,3.0,1.0,100.0,0.0
74.0,325.03525,3.0,100.64199,34.0,2.9927275,3.4622145,97.0,44.616756,6.0,5.0,32.777298,4.0,22.0,0.0,3.0,3.0,0.94153476,90.74743,2.0,3.0,0.0,28.583399,0.0
81.0,306.60846,2.0,80.40674,29.0,0.0,0.0,100.0,-7.0,7.0,8.0,33.09693,2.0,22.0,-7.0,0.0,0.0,19.287872,93.0,6.0,2.0,1.0,50.0,0.0
83.0,284.17038,2.0,90.95326,20.0,0.0,0.0,100.0,-7.0,7.0,8.0,22.0,1.0,38.0,0.0,3.0,3.0,9.756623,-8.0,2.0,2.0,0.0,37.35913,0.0
69.5295,347.31052,6.0,93.96382,43.09651,0.0,0.0,100.0,-7.0,7.0,8.0,41.600266,2.0,20.455149,0.0,2.0,1.0,57.25941,-8.0,7.0,-8.0,7.9242105,43.0,0.0
67.48772,196.9458,1.8002266,73.646286,27.0,0.0,0.0,93.59544,18.925507,6.0,6.0,27.407944,1.0,22.771013,-7.0,2.0,2.0,65.40954,92.686966,4.0,2.0,2.0,81.46964,0.0
85.15489,183.96227,2.0,83.0,42.816372,0.0,0.0,97.0,-9.0,6.0,6.0,49.93496,9.260833,41.0,1.0,2.0,2.0,1.0,96.87698,3.0,5.0,0.0,83.77624,0.0
-9.0,-9.0,-9.0,-9.0,-9.0,-9.0,-9.0,-9.0,-9.0,-9.0,-9.0,-9.0,-9.0,-9.0,-9.0,-9.0,-9.0,-9.0,-9.0,-9.0,-9.0,-9.0,-9.0,0.0
54.677586,104.53531,11.0,68.0,3.690318,4.3165765,1.0,57.318214,30.254135,6.0,2.0,5.891768,1.0,50.0,-7.0,0.0,0.0,69.587036,-8.0,3.0,1.0,0.0,100.0,0.0
72.0,137.52238,-9.0,106.19376,13.0,1.0,1.0,100.0,-7.0,7.0,8.0,16.0,2.0,11.91037,0.0,1.0,1.0,28.362497,-8.0,5.0,-7.242873,0.0,74.10393,0.0
82.66643,120.22714,21.61871,86.994934,23.0,0.0,0.0,100.0,-7.0,7.0,8.0,26.041496,0.0,50.0,5.1787124,1.0,1.0,6.0,-8.0,4.0,3.0,0.0,73.83223,0.0
74.0,79.86703,3.0,44.74853,23.592237,0.0,0.0,95.0,58.804295,6.0,6.0,24.0,2.0,66.44741,1.0,2.0,2.0,1.0,53.179432,1.0,18.449581,0.0,75.0,0.0
64.66575,149.6077,2.0,105.81183,23.937117,2.8852246,1.0,85.43133,41.789516,6.0,2.0,33.0,3.2886288,31.0,0.0,3.0,3.0202205,45.968082,-8.0,4.0,1.0,3.0,75.0,0.0
78.0,181.4247,4.0,84.0,24.0,0.0,0.0,100.0,-7.0,4.985955,8.0,27.0,2.0,35.0,0.0,2.0,2.0,23.195818,82.016754,4.0,5.0,1.8092737,100.0,0.0
84.0,343.51764,17.0,80.51007,13.0,0.0,0.0,100.0,-7.0,7.0,8.0,11.57301,0.0,14.0,-8.0,0.0,0.0,31.573248,46.058125,2.0,1.0,0.0,71.52205,0.0
84.0,170.17825,13.133707,74.0,14.0,0.0,0.0,100.0,-7.0,7.0,8.0,12.47197,1.0,21.0,8.12984,0.0,0.0,1.0,-8.0,1.0,1.0,0.0,37.7638,0.0
72.0,112.06374,3.0,65.99904,3.4068758,0.0,0.0,77.49634,46.319107,6.0,6.0,10.0,3.0,39.8866,0.0,3.0,2.0,58.595562,-8.0,3.0,1.0,0.0,100.0,0.0
80.0,157.49815,5.0,65.0,25.0,0.0,0.0,97.676414,77.813255,6.0,6.0,26.0,3.0,24.0,-7.0,0.0,0.0,12.0,40.211117,3.0,2.0,0.0,53.52103,0.0
90.0,320.42123,24.014685,113.33899,23.0,0.0,0.0,100.0,-7.0,7.0,8.0,22.659967,0.0,15.285384,-7.0,0.0,0.0,1.0,-8.0,2.0,1.0,0.0,25.0,0.0
89.0,492.2486,4.0,120.71825,25.0,0.0,0.0,100.0,-7.0,7.0,8.0,34.0,2.0,19.0,16.0,0.0,0.0,1.0,82.92964,2.0,2.0,0.0,50.0,0.0
88.0,193.93098,15.158719,106.66219,16.0,0.0,0.0,100.0,-7.0,7.0,8.0,18.0,0.0,18.0,0.0,0.0,0.0,1.0,71.93724,1.0,2.0,0.0,41.415565,0.0
80.0,117.89848,1.0,56.858128,19.0,0.0,0.0,100.0,-7.0,7.0,8.0,22.0,1.0,49.41841,-7.0,1.0,1.0,20.414726,78.518364,3.0,4.0,1.0,80.0,0.0
71.0,101.03008,1.0,71.47802,36.0,0.0,0.0,100.0,-7.0,4.0,6.0,33.858383,3.0,34.28729,3.0,0.0,0.0,47.52038,24.57156,6.0,3.0,1.0,63.925507,0.0
74.0,147.10995,14.5825,63.0,25.0,0.0,0.0,100.0,-7.0,7.0,8.0,28.0,0.0,55.321926,-8.0,0.0,0.0,93.917404,71.60208,2.6166325,2.0,2.0,100.0,0.0
86.07704,444.48315,7.689103,103.32122,22.874702,0.0,0.0,100.0,-7.0,7.0,8.0,24.0,2.0,8.218268,8.0,0.0,0.0,12.576407,-8.0,3.0,-8.0,0.0,13.942137,0.0
88.0,130.39175,5.0,61.5541,14.0,0.0,0.0,100.0,-7.0,7.0,8.0,12.0,1.0,60.666553,-7.0,1.0,1.0,3.0,76.08459,2.0,1.0,0.0,53.633915,0.0
-9.0,-9.0,-9.0,-9.0,-9.0,-9.0,-9.0,-9.0,-9.0,-9.0,-9.0,-9.0,-9.0,-9.0,-9.0,-9.0,-9.0,-9.0,-9.0,-9.0,-9.0,-9.0,-9.0,0.0
71.0,127.69464,7.0,46.284496,6.7158947,0.0,0.0,100.0,-7.0,7.0,8.0,10.0,3.0,8.445697,-7.0,2.0,2.0,45.938145,-8.0,4.0,-9.0,1.0,71.0,0.0
72.0,192.18512,5.0,95.73521,21.0,0.0,0.0,97.0,32.830482,6.0,6.0,18.493952,1.0,31.666279,0.0,6.887802,6.516577,41.32743,85.457016,3.0,4.0,4.3674088,62.17555,0.0
75.0,208.02972,4.840947,88.71407,18.360704,2.0,0.0,82.55999,30.312222,6.0,3.293024,22.0,1.0,-9.0,0.0,0.0,0.0,11.728703,-8.0,6.0,-8.0,0.0,33.0,0.0
86.0,237.80121,7.0,73.22914,22.0,0.0,0.0,100.0,-7.0,7.0,8.0,23.257841,1.0,33.0,1.0,1.0,1.0,8.0,-8.0,3.0,2.0,0.0,62.754715,0.0
82.0,147.05414,5.0,75.0,11.0,0.0,0.0,100.0,-7.0,7.0,8.0,7.3396516,1.0,50.0,3.0,0.0,0.0,27.845043,64.238945,2.0,3.0,0.0,87.343925,0.0
89.0,130.09552,11.0,121.95829,32.0,0.0,0.0,100.0,-7.0,7.0,8.0,-9.0,1.0,57.193043,21.283298,0.0,0.0,8.0,88.0,2.0,2.0,0.0,50.0,0.0
86.70527,375.32227,3.0,214.14705,21.0,0.0,0.0,100.0,-7.0,7.0,8.0,24.0,1.0,25.257803,-7.0,0.0,0.0,3.6911595,60.325836,2.0,3.0,0.0,50.0,0.0
69.0,120.62469,4.0,66.15317,40.122864,0.0,0.0,97.0,36.899704,6.0,6.0,38.46189,2.0,25.0,0.0,0.0,0.0,56.941746,94.10784,6.0,4.0,1.0,70.0,0.0
89.0,259.30115,15.0,161.40529,28.509468,0.0,0.0,100.0,-7.0,7.0,8.0,-9.0,0.0,11.0,0.0,0.0,0.0,4.409252,-8.0,6.379995,1.0,0.0,36.81162,0.0
92.23582,501.74417,36.991013,151.31363,18.0,0.0,0.0,100.0,-7.0,7.0,8.0,18.752968,0.0,12.347133,-7.0,0.0,0.0,0.71700895,-8.0,5.0,1.0,0.0,75.0,0.0
64.14848,176.60793,2.0,44.82188,24.611946,2.4826326,2.480206,88.0,7.525773,-2.9364457,2.0,28.0,4.0,39.77006,0.0,2.0,2.0,16.257875,88.0,2.0,3.122377,0.0,63.0,0.0
78.0,324.38574,-9.0,86.25092,37.041504,0.0,0.0,100.0,-7.0,7.0,8.0,39.884495,4.0,36.0,-7.0,0.0,0.0,18.51498,50.790924,8.0,5.0,1.0,67.0,0.0
82.0,212.11159,4.0,86.621956,9.191867,0.0,0.0,100.0,-7.0,7.0,8.0,10.2180395,2.0,34.626938,-7.0,0.24725951,0.0,3.0,37.89898,1.0,3.0,0.0,86.0,0.0
71.0,170.74445,10.0,79.19687,33.0,0.0,0.0,100.0,-7.0,7.0,8.0,34.983715,0.0,42.0,0.0,2.0,2.0,68.03905,91.0,4.0,2.0,3.0,67.72149,0.0
92.02458,296.53745,20.52403,138.47221,21.0,0.0,0.0,100.0,-7.0,7.0,8.0,19.0,0.0,10.122594,-7.0,0.0,0.0,1.0,-8.0,4.0,1.0,0.0,32.320755,0.0
87.0,153.27554,13.51894,69.56704,11.0,0.0,0.0,100.0,-7.0,7.0,8.0,14.0,0.0,0.0,-8.0,0.0,0.0,2.0,-8.0,2.0,-9.0,0.0,50.0,0.0
85.0,309.66812,11.0,139.6086,22.0,0.0,0.0,100.0,-7.0,7.0,8.0,25.109303,1.0,16.072086,4.0,0.0,0.0,1.0,19.733292,1.0,1.0,0.0,33.0,0.0
71.0,177.441,2.0,61.829823,38.44012,0.0,0.0,100.0,-7.0,7.0,8.0,34.0,2.0,44.0,2.0,1.0,1.0,62.70273,42.093586,4.0,4.988465,2.0,75.0,0.0
81.0,192.61356,1.0,102.85367,25.0,0.0,0.0,100.0,-7.0,7.0,8.0,30.05484,5.0,27.0,1.0,2.0,2.0,3.0,-8.0,5.0,-3.1238968,0.0,34.372856,0.0
84.0,255.00583,28.661318,124.71632,-9.0,0.0,0.0,100.0,-7.0,7.0,8.0,0.96503246,0.0,81.88045,0.0,0.0,0.0,0.14044747,80.0,0.0,1.0,-9.0,83.0,0.0
82.076225,221.97679,1.0,62.402184,39.0,0.0,0.0,100.0,-7.0,7.0,8.0,46.941456,3.0,20.0,7.0,1.0,1.0,22.407806,52.31253,6.0,2.0,0.0,57.0,0.0
71.0,208.70862,1.0,65.76182,23.078989,0.0,0.0,100.0,-7.0,7.0,8.0,24.0,4.0,50.0,4.545568,2.0,2.0,62.008297,62.287518,4.0,6.9120855,3.0,81.56699,0.0
85.0,210.19449,10.0,71.78824,14.113742,0.0,0.0,100.0,-7.0,7.0,8.0,14.027193,1.0,25.0,-7.2518506,1.8171405,1.0,3.0,-8.0,2.0,2.0,0.0,46.079567,0.0
-9.0,-9.0,-9.0,-9.0,-9.0,-9.0,-9.0,-9.0,-9.0,-9.0,-9.0,-9.0,-9.0,-9.0,-9.0,-9.0,-9.0,-9.0,-9.0,-9.0,-9.0,-9.0,-9.0,0.0
71.0,165.31483,7.0,141.58008,14.732695,1.0,1.0,78.750534,15.472757,6.0,3.4077256,11.0,1.0,33.190777,-7.0,0.0,0.0,56.740093,-8.0,3.0,1.8945038,0.0,100.0,0.0
62.45874,349.79437,4.0,80.0,17.0,1.0,1.0,81.77312,35.15581,6.0,3.7612195,21.0,3.0,44.0,0.0,2.0,2.0,92.10307,26.36571,7.0,2.0,0.0,84.24224,0.0
70.0,372.48798,-9.0,90.0,30.0,0.0,0.0,100.0,-7.0,7.0,8.0,29.07859,3.0,18.0,0.0,2.0,1.9232831,55.185745,80.24423,23.892658,2.0,3.0,83.0,0.0
78.0,169.43251,7.0,81.0,19.0,0.0,0.0,100.0,-7.0,7.0,8.0,23.0,1.0,42.0,-7.0,0.0,0.0,64.68191,21.743753,5.0,2.0,1.0,67.363716,0.0
79.0,287.41125,21.820267,104.70095,37.48512,0.0,0.0,100.0,-7.0,7.0,8.0,54.19142,0.0,15.119354,0.0,0.0,0.0,24.797377,66.46148,7.0,2.0,0.0,44.0,0.0
87.0,221.89949,6.0,98.59124,17.0,0.0,0.0,100.0,-7.0,7.0,8.0,32.0,1.0,8.512023,-6.9851093,0.0,0.0,16.0,-8.0,4.0,-9.0,0.0,57.98857,0.0
90.0,132.32481,19.770811,70.0,15.292132,0.0,0.0,100.0,-7.0,7.0,8.0,15.0,0.0,67.13408,5.239295,0.0,0.0,1.0,29.34909,0.13212997,2.0,0.0,57.0,0.0
79.0,135.69882,8.0,72.30394,20.0,0.0,0.0,93.0,37.703434,6.0,6.0,22.70092,3.0,20.0,7.0,0.0,0.0,28.0,-8.0,5.0,1.0,0.0,50.594067,0.0
88.55367,247.08867,32.01828,111.72853,13.301829,0.0,0.0,100.0,-7.0,7.0,8.0,23.0,0.0,33.580048,21.521513,0.0,0.0,13.309392,-8.0,-9.0,2.0,0.0,28.749477,0.0
-9.0,-9.0,-9.0,-9.0,-9.0,-9.0,-9.0,-9.0,-9.0,-9.0,-9.0,-9.0,-9.0,-9.0,-9.0,-9.0,-9.0,-9.0,-9.0,-9.0,-9.0,-9.0,-9.0,0.0
83.0,162.24559,3.0,107.028915,14.0,0.0,0.0,100.0,-7.0,7.0,8.0,14.0,3.3528686,24.0,1.0,1.0,1.0,9.0,99.2403,4.0,2.2074194,0.0,77.457634,0.0
71.85161,207.79312,20.0,204.38727,18.0,0.0,0.0,100.0,-7.0,7.0,8.0,24.504156,0.0,22.0,-7.0,3.0,3.0,51.481632,-8.0,3.0,-8.0,2.0,57.0,0.0
70.0,664.38745,5.75386,103.74388,22.367271,2.0,2.0,92.73189,53.84363,6.0,2.0,22.0,2.0,30.0,0.0,1.0,1.0,40.890244,-8.0,8.0,3.0,4.842894,60.380642,0.0
80.0,180.79356,7.0,109.36399,31.365078,0.0,0.0,100.0,-7.0,7.0,8.0,3.9973454,1.0,19.0,-7.0,2.0,1.0,51.391697,42.139454,4.0,2.0,1.0,50.0,0.0
85.0,245.18402,1.0,81.468475,28.0,0.0,0.0,95.82407,53.206993,6.0,6.0,24.953674,1.0,11.0,0.0,0.0,0.0,8.3325815,95.06712,6.0,1.0,0.0,44.0,0.0
90.38136,394.67413,11.0,245.36319,3.2240844,0.0,0.0,100.0,-7.0,7.0,8.0,9.806356,1.0,14.085608,-8.0,0.0,0.0,0.0,-8.0,1.0,1.0,0.0,70.891426,0.0
91.989815,343.99286,21.710566,149.3874,9.0,0.0,0.0,100.0,-7.0,7.0,8.0,9.183502,0.0,17.0,-7.0,0.0,0.0,2.0,-8.0,2.0,-8.0,0.0,55.347427,0.0
67.0,119.16005,1.0,72.0,17.0,1.0,1.0,95.0,13.343551,6.0,3.9139204,24.0,2.0,16.861353,7.4876976,0.0,0.0,16.409838,84.024185,2.0,2.0,0.0,56.53528,0.0
74.0,233.76505,2.0,86.9173,23.0,0.0,0.0,100.0,-7.0,7.0,8.0,29.715746,2.0,50.0,4.0,1.0,1.0,40.957367,93.0,5.0,5.653211,1.0,90.538315,0.0
82.0,233.69627,2.0,82.55106,31.0,0.0,0.0,100.0,-7.0,7.0,8.0,32.25814,2.0,40.0,0.0,2.0,2.0,14.616289,-8.0,7.0,6.5401616,0.0,75.56777,0.0
76.0,221.3148,3.0,81.53985,30.0,0.0,0.0,100.0,-7.0,7.0,8.0,44.221672,7.469942,18.0,0.0,3.0,3.0,21.0,-8.0,2.0,1.0,0.0,42.541576,0.0
82.36284,325.77185,20.734707,105.156204,27.0,0.0,0.0,100.0,-7.0,7.0,8.0,26.989204,0.0,36.0,0.0,1.0,1.0,18.911282,-8.0,6.0,3.0,1.0,77.050385,0.0
75.0,357.39053,11.0,153.57509,22.0,0.0,0.0,100.0,-7.0,7.0,8.0,20.0,1.0,29.0,0.0,0.0,0.0,32.850914,-8.0,3.9572973,1.0,0.0,71.0,0.0
80.0,111.08407,4.0,67.0,23.311893,0.0,0.0,95.0,50.024178,6.0,6.0,26.0,1.0,49.15142,0.0,2.0,2.0,22.956478,-8.0,2.0,1.0,0.0,100.0,0.0
68.0,226.51486,-9.0,80.73501,24.0,1.0,1.0,100.0,-7.0,7.0,8.0,26.0,2.804188,28.0,4.5378857,1.0,0.0,30.569313,68.76047,5.0,2.0,2.0,67.0,0.0
89.422745,284.59546,17.929165,107.60425,9.0,0.0,0.0,100.0,-7.0,7.0,8.0,12.0,0.0,39.0,0.0,0.31651285,0.0,1.0,41.19202,1.0,2.0,0.0,50.0,0.0
84.559166,212.7178,12.620909,83.01957,12.0,0.0,0.0,100.0,-7.0,7.0,8.0,11.531426,0.0,18.0,12.0,0.0,0.0,18.0,86.94566,1.0,1.0,0.0,43.259094,0.0
81.13707,76.324646,8.0,60.219883,12.249185,0.0,0.0,100.0,-7.0,7.0,8.0,7.0,2.0,24.558107,-7.0,1.0,1.0,22.994715,-8.0,2.0,1.0,0.0,40.164433,0.0
77.0,379.26672,6.0,84.196434,21.0,0.0,0.0,100.0,-7.0,7.0,8.0,20.0,2.0,39.0,1.0,3.0,3.0,42.79173,47.980053,1.0,3.0,0.0,55.369904,0.0
80.0,294.4782,6.0,76.61558,27.339535,0.0,0.0,94.0,30.992401,6.0,6.0,26.0,3.0,32.40904,0.0,4.186878,4.0,13.329155,-8.0,2.0,2.0,0.0,35.93086,0.0
79.0,195.41411,14.182169,118.1292,26.0,0.0,0.0,100.0,-7.0,7.0,8.0,28.791924,0.0,45.742863,0.0,0.0,0.0,16.0,52.409138,4.0,3.0,0.0,73.87809,0.0
74.0,312.61417,13.899229,109.01058,17.0,2.0,0.0,77.15562,50.26101,6.0,4.0,20.0,0.0,44.0,3.0,2.0,2.0,15.0,9.947066,4.0,2.0,0.0,70.5998,0.0
64.0,152.21033,9.0,92.0,19.0,0.0,0.0,61.17264,5.345836,6.0,6.0,19.0,1.0,40.759415,0.0,0.0,0.0,45.17859,5.469815,5.0,6.5383234,1.0,75.0,0.0
74.0,303.07523,7.0,128.2828,74.40816,0.0,0.0,100.0,40.97985,6.0,6.0,72.57145,0.0,18.0,5.7402954,2.0,2.0,63.89778,84.785706,7.0,2.0,2.0,57.0,0.0
71.0,170.57884,13.125395,62.597397,19.0,0.0,0.0,87.33574,11.418481,6.0,6.0,18.33832,0.0,42.141224,0.0,1.0,1.0,40.9328,81.90549,5.0,3.0,1.0,75.0,0.0
89.0,242.45941,4.0,99.86693,30.0,1.0,0.0,97.0,75.425545,6.0,4.0663514,38.85849,1.0,71.15386,-8.0,0.0,0.0,2.0,-8.0,2.0,1.0,0.0,41.761295,0.0
71.36562,180.33951,6.0,24.783766,17.0,0.0,0.0,100.0,-7.0,7.0,8.0,27.0,2.0,16.821417,17.894428,0.0,0.0,21.849876,71.614204,3.0,3.0,0.0,63.744366,0.0
84.0,146.64662,9.0,69.17523,22.0,0.0,0.0,100.0,-7.0,7.0,8.0,28.0,2.0,45.61432,0.0,2.0,2.0,6.0,-8.0,3.0,3.0,0.0,50.0,0.0
65.0,70.78035,1.0,39.789906,25.0,0.0,0.0,100.0,-7.0,7.0,8.0,30.0,4.0,20.741795,0.0,5.9359756,5.9890018,64.5257,-8.0,9.0,2.0,3.0,68.86142,0.0
62.0,133.69826,7.0,46.273117,25.0,0.0,0.0,91.0,22.9697,6.0,6.0,27.0,3.0,26.0,0.0,0.0,0.0,40.89037,-8.0,7.0,2.0,1.0,87.0171,0.0
69.0,492.3389,8.0,97.0,30.0,0.0,0.0,89.90069,5.6991825,6.0,6.0,32.0,1.0,37.086674,0.0,0.0,0.0,28.157494,36.209732,9.0,5.0,2.0,63.0,0.0
71.0,120.49419,3.0,53.450283,34.0,0.0,0.0,96.0,4.0,4.0,6.0,25.0,1.0,41.11907,1.0,0.0,0.0,17.0,77.97799,4.0,5.824562,0.0,64.0,0.0
63.0,47.975433,1.0,61.248,23.350266,0.0,0.0,93.0,42.175575,6.0,6.0,13.0,1.0,44.897675,-4.1855974,0.0,0.0,38.21132,80.0,6.0,3.380402,4.861607,67.0,0.0
84.0,223.36577,6.5704713,88.23588,40.480816,0.0,0.0,100.0,-8.0,6.0,6.0,39.6256,2.0,24.0,8.0,0.0,0.0,1.0,99.76355,5.0,2.0,0.0,50.0,0.0
80.0,91.691414,13.365725,61.499996,18.393866,0.0,0.0,92.73965,36.06204,6.0,6.0,17.0,1.0,24.0,8.0,0.0,0.0,10.123787,-8.0,2.0,1.0,0.0,22.072147,0.0
86.0413,170.5094,15.0,84.35083,21.0,0.0,0.0,100.0,-7.0,7.0,8.0,24.0,0.0,33.509556,5.0,1.0,1.0,1.0,14.499008,-3.4562716,2.0,0.0,33.0,0.0
78.31371,-9.0,7.0,-9.0,13.0,0.0,0.0,100.0,-7.0,7.0,8.0,14.0,1.0,21.0,1.0,1.0,1.0,4.0,45.650993,1.0,1.0,0.0,48.926483,0.0
58.529636,152.0661,32.073563,57.57891,17.0,0.0,0.0,80.802444,1.0153333,4.0,6.0,20.0,0.0,36.0,2.0,0.0,0.0,15.407689,44.676743,2.0,5.248625,1.0,67.25058,0.0
74.65826,180.16281,3.0,71.0,18.0,0.0,0.0,100.0,-7.0,7.0,8.0,20.0,2.1882746,51.001583,-7.0,1.0,1.0,17.0,14.79909,7.0,2.0,1.0,67.0,0.0
68.0,266.54144,2.0,87.559265,17.0,2.0,1.9041283,95.0,20.025948,4.0,5.0,24.0,2.0,29.221464,0.0,3.0,3.0,2.0,39.11501,1.1327299,1.0,0.0,29.276653,0.0
74.0,117.72196,3.0,67.55764,28.0,0.0,0.0,97.0,49.571503,6.0,6.0,32.152332,2.0,27.237663,2.0,4.0,3.0,19.0,85.97976,6.0,4.0,0.0,67.0,0.0
60.068054,200.21053,-9.0,84.0,13.0,1.0,0.0,92.0,-7.0,-9.0,5.0,20.661343,3.0,72.88543,1.0,4.0,3.1445904,0.0,73.48438,1.0,4.0,0.0,91.1043,0.0
77.0,190.10602,18.486923,83.15945,32.0,0.0,0.0,100.0,-7.0,7.0,8.0,32.0,0.0,33.7011,1.0,0.0,0.0,60.34202,53.535187,5.0,3.0,0.0,100.0,0.0
85.0,205.73369,8.0,84.0,15.0,0.0,0.0,100.0,-7.0,7.0,8.0,17.0,1.0,45.59452,0.0,1.0,1.0,15.5606365,58.00016,1.3759259,2.0,0.0,50.0,0.0
84.63706,177.81581,6.0,97.49789,14.0,0.0,0.0,97.0,75.52377,6.0,6.0,15.0,1.0,15.279228,8.007699,0.0,0.0,0.0,-8.0,1.0,1.0,0.0,17.562529,0.0
87.0,315.8782,8.0,92.0,19.0,0.0,0.0,100.0,-7.0,7.0,8.0,23.0,2.0,10.544328,8.970296,0.0,0.0,9.0,71.0,4.0,1.0,0.0,38.0,0.0
78.40979,178.42891,3.0,59.562187,22.0,0.0,0.0,98.0,32.37836,6.0,6.0,21.0,2.0,42.0,0.0,2.0,2.0,21.0,51.820663,2.0,3.0,0.0,56.0,0.0
60.66287,182.71593,2.0,145.30174,17.0,2.001636,1.0,79.17352,-7.0,-9.0,6.0,20.0,2.0,25.0,0.0,1.0,1.0,6.0,98.33318,3.0,3.0,0.0,67.0,0.0
65.0,138.51047,5.0,68.0,29.565554,0.0,0.0,91.0,9.338356,6.0,6.0,29.161322,2.0,50.0,3.0,0.0,0.0,27.041721,-8.0,4.0,16.2441,2.0,75.0,0.0
66.0,197.862,16.765245,115.30615,38.074936,0.0,0.0,97.0,17.755629,3.6163495,5.0,45.635155,1.0,29.0,-8.0,2.0,2.0,24.293558,-8.0,9.349763,1.0,1.0,60.0,0.0
75.644356,268.81168,2.0,72.538826,17.078716,0.0,0.0,100.0,-7.0,7.0,8.0,23.0,2.8601856,17.197289,1.0,0.0,0.0,41.044994,30.111822,8.015776,2.0,2.0,75.0,0.0
87.0,250.95988,19.787033,97.0,27.0,0.0,0.0,100.0,-7.0,7.0,8.0,23.0,0.0,54.795113,0.0,0.0,0.0,0.0,0.8898356,1.0,2.0,0.0,27.26577,0.0
74.0,206.6458,5.0,70.0,32.71148,0.0,0.0,97.0,6.0,6.0,6.0,12.0,3.0,22.0,5.973842,1.0,1.0,46.5567,35.05722,5.0,3.0,0.0,51.25134,0.0
80.0,183.95354,23.964277,122.069885,19.0,0.0,0.0,100.0,-7.0,7.0,8.0,20.0,0.0,33.0,-7.0,0.0,0.0,52.11057,99.13922,3.0,2.0,0.0,80.0,0.0
78.0,402.9796,11.0,145.46199,37.396027,0.0,0.0,98.66623,59.64709,6.0,6.0,32.0,0.0,31.457462,0.0,2.0,2.0,26.467577,95.95173,4.0,2.0,1.0,57.142223,0.0
82.0,385.66486,2.0,101.8689,46.453457,0.0,0.0,99.84391,29.555643,6.0,6.0,49.911007,4.0,76.87852,0.0,1.0,1.0,11.0,46.731907,1.0,3.0,0.0,60.0,0.0
72.641785,170.25113,8.0,70.572754,22.0,1.0,0.0,92.94529,-7.0,3.8972082,5.0,24.0,1.0,14.0,-7.676677,0.0,0.0,8.0,-8.0,2.0,1.0,0.0,-9.0,0.0
84.0,177.39061,1.0,68.0,20.0,0.0,0.0,100.0,-7.0,7.0,8.0,21.0,6.780367,22.889528,1.0,0.54482216,0.0,12.0,83.74879,5.0,1.0,0.0,69.815346,0.0
85.0,214.33496,6.0,64.18986,28.991348,0.0,0.0,100.0,-7.0,7.0,8.0,27.876842,3.0,34.11219,0.0,1.0,1.0,2.0,91.61791,2.0,2.0,0.0,48.842228,0.0
74.0,73.262375,13.0,69.593864,21.0,0.0,0.0,95.0,46.8146,6.0,6.0,30.0,1.0,60.40769,-8.0,0.0,0.0,12.0,84.03725,3.0,2.0,0.0,100.0,0.0
91.97234,355.45193,8.0,133.68263,27.0,0.0,0.0,100.0,-7.0,7.0,8.0,29.407011,1.0,59.6006,-8.624342,0.0,0.0,1.3627673,-8.0,2.0,3.0,0.0,64.0,0.0
73.0,108.69359,9.217512,58.9848,17.0,0.0,0.0,100.0,-7.0,7.0,8.0,22.0,2.0,42.913517,-7.0,0.0,0.0,38.15529,97.315895,2.0,2.0,1.0,63.0,0.0
85.0,308.24756,5.0,70.0,38.904274,0.0,0.0,100.0,-7.0,7.0,8.0,40.735916,6.0,41.03929,-7.0,1.0,1.0,0.10818989,80.68398,4.0,5.0,0.0,69.75528,0.0
77.0,254.54189,56.45317,176.49538,13.0,0.0,0.0,94.0,8.430854,6.0,6.0,18.0,0.0,33.0,3.0,1.0,1.0,24.677471,-8.0,2.0,1.0,0.0,55.027935,0.0
85.545456,370.3148,2.0,127.32944,22.0,0.0,0.0,100.0,-7.0,7.0,8.0,21.0,2.0,12.241115,0.0,2.0,1.9724548,2.0,82.9762,4.0,1.0,0.0,33.0,0.0
68.0,235.26999,1.0,67.0,31.510658,0.0,0.0,100.0,-7.0,7.0,8.0,32.137638,3.0,57.949257,1.0,2.0,2.0,42.444893,-8.0,6.0,6.0,2.0,81.55897,0.0
77.0,265.77173,9.0,83.25467,16.0,1.0,1.0,89.0,60.33175,6.0,5.0,15.0,2.0,36.0,2.3746932,1.0,1.0,9.0,53.899868,1.0,3.0,0.0,60.0,0.0
71.0,302.52698,7.0426207,76.33185,44.236267,0.0,0.0,100.0,-7.0,7.0,8.0,42.58588,3.0,35.0,0.0,0.0,0.0,22.957424,-4.620881,10.237226,3.0,5.016443,71.0,0.0
80.0,369.1636,1.0,79.127106,38.0369,0.0,0.0,100.0,-7.0,7.0,8.0,33.852882,4.0,25.0,0.0,5.0,4.6808405,5.0,-1.4638638,1.0,3.0,0.0,26.790195,0.0
79.0,429.21707,16.0,100.0,18.0,0.0,0.0,97.0,-7.0,4.0398273,6.0,18.0,0.0,25.0,-7.0,0.0,0.0,42.567196,50.26643,3.0,2.0,0.0,43.0,0.0
70.0,98.55358,2.0,74.0,43.97404,2.5386643,2.0,90.0,40.228004,6.0,3.5368202,12.0,4.0,75.02729,0.0,1.0,1.0,45.646194,72.13427,5.0,7.586778,1.0,80.0,0.0
77.0,154.98273,6.0,68.0,23.628794,0.0,0.0,100.0,-7.0,7.0,8.0,22.0,2.0,46.0,-7.0,0.0,0.0,54.982815,49.878696,3.0,3.0,1.0,75.0,0.0
85.0,230.71342,-5.9298086,68.0,28.0,0.0,0.0,100.0,-7.0,7.0,8.0,27.0,3.0,30.0,0.0,1.0,1.0,1.0,94.30433,2.2992768,1.0,0.0,38.0,0.0
64.0,205.86806,3.0,78.94863,24.0,0.0,0.0,89.0,43.214092,6.0,6.0,20.0,1.0,35.0,5.0,2.0,2.0,93.51673,87.57866,5.0,3.0,2.0,73.0,0.0
76.0,149.57193,28.4443,94.0,6.826893,1.0,0.0,94.0,50.634174,6.0,5.0,7.583117,0.0,38.0,5.0,0.0,0.0,11.0,-8.0,2.0,1.0,1.0,66.52771,0.0
76.0,115.26644,3.9478006,51.450172,15.685463,0.0,0.0,100.0,-7.0,7.0,8.0,16.462515,3.0,69.875015,0.0,0.0,0.0,31.147776,99.39639,2.0,2.6406019,0.0,80.0,0.0
77.0,183.18236,5.7939196,85.967186,23.0,0.0,0.0,100.0,-7.0,7.0,8.0,24.0,1.0,45.0,3.0,0.0,0.0,70.30523,25.817715,3.0,2.0,3.0,82.99248,0.0
86.62578,306.7061,25.772223,167.82048,15.0,0.0,0.0,89.690796,54.07029,6.0,6.0,7.0,0.0,38.067818,-7.0,0.0,0.0,0.99390495,56.193497,1.0,1.0,-9.0,35.95545,0.0
65.0,384.23523,11.0,90.01961,35.82969,2.0,1.0,84.22543,11.750821,4.0,6.0,34.0,0.0,69.781784,-7.0,0.0,0.0,49.02556,39.210545,4.0,6.0,0.0,90.48128,0.0
72.0,152.4152,7.2373185,75.0,33.697304,0.0,0.0,100.0,-7.0,7.0,8.0,34.0,2.0,39.381985,0.0,1.0,1.0,47.524216,87.986725,6.0,2.0,2.0,52.61226,0.0
60.521267,283.57974,6.0,100.93618,31.758297,4.8632007,6.239378,77.96296,12.787203,4.0,-9.0,35.0,2.0,19.0,-7.0,1.0,1.0,12.785844,-8.0,15.303922,1.0,1.0,67.0,0.0
82.39502,174.71365,1.0,74.83974,23.0,0.0,0.0,100.0,-7.0,7.0,8.0,38.526184,5.0,11.0,0.0,3.0,2.0,11.0,-8.0,3.0,1.0,0.0,20.683338,0.0
85.0,364.64288,9.0,135.66539,37.5836,0.0,0.0,100.0,-7.0,7.0,8.0,33.0,1.0,25.0,0.0,2.0,1.0,10.007646,93.7722,4.0,2.0,0.0,33.0,0.0
79.0,184.2308,5.0,74.543465,20.0,0.0,0.0,100.0,-7.0,7.0,8.0,24.0,2.0,46.970253,0.0,2.0,2.0,15.0,26.339504,2.0,2.0,0.0,46.526085,0.0
73.0,163.914,9.0,77.44646,19.591345,0.0,0.0,100.0,-7.0,7.0,8.0,22.0,1.0,36.0,0.19443071,0.0,0.0,74.681854,-8.0,4.330911,1.0,3.0,100.0,0.0
73.0,150.68282,40.25687,109.87355,15.0,0.0,0.0,93.93915,64.38188,6.0,6.0,18.529837,0.0,42.0,-7.0,0.0,0.0,69.95303,46.422394,2.0,2.0,1.0,60.0,0.0
69.0,74.015045,6.0,-9.0,13.0,1.0,1.0,89.0,48.043327,6.0,2.0547924,12.589684,4.0,53.06226,0.0,0.0,0.0,18.50904,88.66755,7.3074017,2.0,0.0,94.60658,0.0
68.0,93.52204,3.0,-1.5462,14.0,0.0,0.0,87.467705,82.61298,6.0,6.0,15.0,3.0,33.0,4.0,0.0,0.0,66.01,77.86728,3.0,2.0,0.0,78.0,0.0
92.9759,199.92499,6.7550764,120.407455,12.0,0.0,0.0,100.0,-7.0,7.0,8.0,9.0,0.0,33.622845,0.0,0.0,0.0,2.0,-8.0,1.0,-8.0,0.0,-9.0,0.0
75.0,259.1108,4.0,78.749886,14.656699,0.0,0.0,93.0,30.83893,6.0,6.0,11.0,2.0,41.0,0.0,1.0,1.0,36.82944,92.53415,5.0,2.0,0.0,81.16751,0.0
77.69895,162.31392,2.0,76.946014,26.0,0.0,0.0,95.0,82.316086,6.0,6.0,29.0,1.0,38.0,0.0,2.0,2.0,13.045233,80.26946,4.0,3.0,0.0,78.0,0.0
78.0,233.9445,11.902258,70.49944,11.0,0.0,0.0,100.0,-7.0,7.0,8.0,11.0,1.0,17.0,15.663626,0.0,0.0,45.391644,-8.0,1.0,1.0,0.0,60.0,0.0
82.0,399.34366,1.9955903,95.86896,32.0,0.0,0.0,100.0,56.47053,6.0,6.0,34.0,2.0,23.077291,0.0,3.0,3.0,6.0,71.72144,3.0,3.0,0.0,50.0,0.0
71.0,191.6057,11.0,79.52004,37.86381,0.0,0.0,96.0,81.05317,6.0,6.0,34.0,0.0,10.046411,0.0,0.0,0.0,51.652622,68.87959,11.0,2.0,4.0,56.0,0.0
78.0,187.63474,20.582603,80.38537,7.568255,0.0,0.0,75.215294,30.88793,6.0,6.0,10.800656,0.0,35.0,-7.0,1.0,1.0,13.174503,-8.0,2.0,2.0,0.0,75.0,0.0
70.0,341.18265,-8.807529,105.52955,36.0,1.0,1.0,100.0,-7.0,7.0,8.0,46.709404,9.829275,25.0,1.0,14.055049,11.201731,25.0,80.54723,5.0,5.0,0.0,76.09712,0.0
82.656044,83.0059,5.0,64.585464,13.0,0.0,0.0,95.0,22.642147,6.0,6.0,14.0,2.0,33.926926,2.3049462,0.0,0.0,0.0,-8.0,1.0,1.0,0.0,36.566174,0.0
73.0,139.34288,10.0,74.57033,25.0,0.0,0.0,96.0,37.50488,6.0,5.0,28.0,0.0,17.0,-8.0,0.0,0.0,43.364056,49.731293,8.0,2.0,1.0,82.91705,0.0
73.80648,139.19072,5.0,42.27097,25.0,0.0,0.0,97.0,67.69526,6.0,6.0,26.198206,5.707306,41.50466,0.0,1.1505865,2.0,17.0,-8.0,4.0,2.0,0.4141601,67.0,0.0
77.0,223.50243,5.0,105.10753,22.0,0.0,0.0,100.0,-7.0,7.0,8.0,21.0,3.0,48.629414,1.0,1.0,1.0,28.503115,75.76421,3.0,4.0,1.0,67.0,0.0
-9.0,-9.0,-9.0,-9.0,-9.0,-9.0,-9.0,-9.0,-9.0,-9.0,-9.0,-9.0,-9.0,-9.0,-9.0,-9.0,-9.0,-9.0,-9.0,-9.0,-9.0,-9.0,-9.0,0.0
71.0,136.24611,4.0,58.83991,23.0,1.0,0.0,87.34578,60.96885,6.0,6.0,25.0,2.0,89.397995,0.0,0.0,0.0,69.70675,100.0,2.0,2.0,0.0,80.0,0.0
91.4164,246.5973,15.0,124.92835,18.780722,0.0,0.0,100.0,-7.0,7.0,8.0,19.0,0.0,16.587065,-7.0,0.0,0.0,1.0,-8.0,1.0,1.0,0.0,19.086477,0.0
83.0,179.21655,4.0,85.8321,23.0,0.0,0.0,100.0,-7.0,7.0,8.0,24.0,2.0,24.0,23.551641,0.0,0.0,11.8786545,98.73014,3.0,2.0,0.0,40.0,0.0
75.0,235.18768,8.0,62.868427,21.613087,0.0,0.0,100.0,-7.0,7.0,8.0,19.0,1.0,18.41151,17.27577,0.0,0.0,32.79349,76.23596,5.0,2.0,1.0,65.351776,0.0
69.0,130.42192,20.0,67.12214,23.0,3.0,2.0,92.0,12.659961,4.0,-1.1341149,26.0,0.0,47.14372,0.0,4.0,3.995053,20.297047,-8.0,3.0,-8.0,0.0,43.0,0.0
85.0,215.16777,16.0,77.68671,20.0,0.0,0.0,100.0,-7.0,7.0,8.0,19.0,0.0,29.0,5.0,0.0,0.0,2.0,-8.0,2.0,1.0,0.0,33.0,0.0
77.0,98.61629,6.0,71.0,14.0,0.0,0.0,100.0,-7.0,7.0,8.0,12.0,1.0,38.0,0.0,1.0,1.0,34.0226,56.206657,2.0,4.0,0.0,75.0,0.0
74.776085,130.0367,32.325615,68.20474,6.3410397,0.0,0.0,100.0,-7.0,7.0,8.0,13.731528,0.0,45.290096,0.0,0.0,0.0,94.276085,33.45045,1.0,1.0,2.0,80.58954,0.0
79.0,128.62758,8.0,58.062897,8.360048,0.0,0.0,100.0,-7.0,7.0,8.0,7.0,0.0,19.0,1.0,3.0,3.0,0.0,-8.0,1.0,1.0,0.0,100.0,0.0
74.89806,121.9488,3.0,55.14739,14.0,0.0,0.0,100.0,-7.0,7.0,8.0,13.568436,1.0,44.762,0.0,1.0,1.0,-9.0,90.20423,-9.0,4.0,-9.0,100.0,0.0
85.0,204.70358,1.0,67.0,22.562263,0.0,0.0,95.42248,65.49983,6.0,6.0,28.0,9.033715,35.0,-5.277621,0.0,0.0,2.4421573,91.0,5.0,2.0,0.0,50.5647,0.0
86.40549,214.56084,9.090643,94.37731,23.635166,0.0,0.0,100.0,-7.0,7.0,8.0,26.0,1.0,8.212889,0.0,2.0,2.0,1.0,-8.0,6.0,-8.0,0.0,50.0,0.0
80.26756,209.17146,5.0,118.83186,23.784443,0.0,0.0,100.0,-7.0,7.0,8.0,23.0,1.0,29.0,3.9226348,0.0,0.0,48.106884,89.32382,1.0,3.0,1.0,44.0,0.0
84.0,342.33966,0.99520016,159.46008,28.0,0.0,0.0,97.66709,17.564966,6.0,6.0,34.0,3.0,45.0,0.0,3.0,3.0,22.867851,81.788414,2.0,3.0,0.0,60.0,0.0
86.0,315.30698,4.0,68.21287,19.0,0.0,0.0,92.70711,39.116623,6.0,6.0,19.0,3.0,32.70527,4.245475,2.0,1.0,16.182041,68.753265,3.0,3.0,0.0,43.0,0.0
-9.0,-9.0,-9.0,-9.0,-9.0,-9.0,-9.0,-9.0,-9.0,-9.0,-9.0,-9.0,-9.0,-9.0,-9.0,-9.0,-9.0,-9.0,-9.0,-9.0,-9.0,-9.0,-9.0,0.0
80.0,179.7827,9.0,67.0,24.0,0.0,0.0,100.0,-7.0,7.0,8.0,21.802555,1.0,14.385939,9.0,0.0,0.0,15.0,64.826805,4.0,3.0,0.0,46.67618,0.0
85.0,565.78796,9.0,83.964165,9.163137,0.0,0.0,100.0,-7.0,7.0,8.0,12.0,2.0,18.457394,0.0,0.0,0.0,26.186453,-8.0,3.0,-8.0,0.0,60.0,0.0
86.0,237.2127,34.11066,147.37617,4.520189,0.0,0.0,100.0,-7.0,7.0,8.0,5.3585396,0.0,63.361294,0.0,0.0,0.0,1.0,-8.0,1.0,1.0,0.0,91.34468,0.0
82.0,213.84483,2.0,109.26839,31.0,0.0,0.0,100.0,-7.0,7.0,8.0,34.61635,2.0,23.429205,0.0,5.0,5.0,10.381422,80.7875,3.0,2.0,0.0,50.0,0.0
79.0,225.64122,5.0,114.70382,25.0,0.0,0.0,100.0,-7.0,7.0,8.0,29.0,0.0,12.061252,0.0,1.0,1.0,20.34246,89.46792,8.200729,2.0,1.0,73.13524,0.0
77.0,139.42221,12.0,76.048,19.0,0.0,0.0,100.0,-7.0,6.0,7.0,16.802328,0.0,19.69632,-7.0,1.0,1.0,22.980122,45.090416,7.0,2.0,0.0,74.869354,0.0
81.0,258.02307,5.0,68.0,42.149708,0.0,0.0,100.0,-7.0,7.0,8.0,59.96975,2.0,63.08939,-7.0,0.0,0.0,14.0,48.83015,2.0,5.0,0.0,70.0,0.0
87.971664,128.30165,2.0,66.12894,10.571869,0.0,0.0,100.0,-7.0,7.0,8.0,13.0,1.0,54.57743,-7.51903,0.0,0.0,0.0,88.0,1.2664053,2.0,0.0,79.86168,0.0
82.0,221.8014,4.0,95.03603,18.0,0.0,0.0,100.0,-7.0,7.0,8.0,23.0,2.0,12.860936,0.16689105,1.0,1.0,12.799836,-8.0,3.3338544,1.0,1.0,29.087378,0.0
67.973045,285.96002,8.720826,148.14236,33.0,0.0,0.0,92.72613,7.4494295,4.0,6.0,43.220154,0.0,25.0,21.447733,0.0,0.0,59.094193,57.905468,6.0,2.0,2.9001963,75.0,0.0
65.0,289.79727,3.0,71.0,13.0,0.0,0.0,100.0,-7.0,7.0,8.0,14.0,2.0,46.0,0.0,1.0,1.0,66.34472,8.542672,3.0,3.0,4.033198,75.0,0.0
75.3481,365.03668,6.0,104.16458,39.87533,0.0,0.0,82.75168,38.793304,6.0,5.866457,35.083424,2.0,35.0,0.0,0.0,0.0,27.169067,82.35463,10.228231,3.0,0.0,71.0,0.0
69.874405,169.88821,2.0,54.20929,10.0,0.0,0.0,77.27523,8.850484,4.0,6.0,14.00955,1.0,41.0,0.0,2.0,1.6723906,16.286577,81.99133,4.973379,3.0,0.0,76.38454,0.0
65.0,267.6738,12.0,86.452995,24.0,2.0,1.0,86.01166,9.859396,6.0,5.0,25.184814,1.0,19.385897,0.0,0.0,0.0,34.1405,88.38659,6.0,3.0,0.0,100.0,0.0
81.0,234.53975,13.521386,101.0191,17.0,1.7309897,0.0,91.0,37.77997,6.0,3.0,17.0,0.0,33.0,11.160309,0.0,0.0,0.2801366,-8.0,2.0,1.0,0.0,38.287983,0.0
-9.0,-9.0,-9.0,-9.0,-9.0,-9.0,-9.0,-9.0,-9.0,-9.0,-9.0,-9.0,-9.0,-9.0,-9.0,-9.0,-9.0,-9.0,-9.0,-9.0,-9.0,-9.0,-9.0,0.0
87.0,271.0063,6.033215,107.56525,37.790432,0.0,0.0,95.8029,-9.0,6.0,6.0,54.4764,2.0,21.0,0.0,1.0,1.0,6.0,8.527723,1.0,3.0,0.0,43.0,0.0
74.0,141.25932,12.215587,75.72059,20.0,0.0,0.0,94.0,64.45387,6.0,6.0,21.905859,0.0,35.0,5.6670804,1.0,1.0,16.0,-8.0,2.0,5.630567,0.0,75.0,0.0
77.0,158.42072,19.614164,84.990295,10.0,1.0,1.0,94.0,37.64755,6.0,4.0,10.0,0.0,27.0,-8.0,0.0,0.0,2.487516,77.87199,2.0,1.0,0.0,67.0,0.0
73.0,199.71416,21.853762,120.795654,22.0,1.0,1.0,100.0,23.623981,5.786092,3.0,24.0,0.0,19.298893,-8.0,0.0,0.0,15.0,-8.0,4.0,1.0,0.0,30.497852,0.0
72.84387,105.27704,1.0,38.592396,22.0,0.0,0.0,100.0,-7.0,7.0,8.0,26.0,2.0,49.98206,0.0,1.0,1.0,43.006752,91.0,3.0,4.0,0.0,75.0,0.0
82.0,403.3175,2.0927165,101.30838,32.0,0.0,0.0,97.0,19.397171,6.0,6.0,31.947475,5.6315856,20.0,0.0,3.0,2.055272,7.5320106,98.87649,2.0,2.0,0.0,24.908411,0.0
80.0,162.13164,3.0,71.0,27.437607,0.0,0.0,100.0,-7.0,7.0,8.0,28.0,1.7982417,46.964474,0.0,0.0,0.0,16.0,95.89164,3.0,3.0,0.0,73.0,0.0
66.0,191.05869,23.014647,80.0,11.780634,0.0,0.0,78.71209,19.899979,6.0,6.0,13.70045,0.0,70.220345,0.0,1.0,0.0,47.09991,-8.0,2.0,3.0,0.0,78.0,0.0
86.0,147.85538,-9.0,68.0,21.0,0.0,0.0,100.0,-7.0,7.0,8.0,13.0,2.0,21.0,-7.0,0.0,1.0,3.0,-8.0,1.0,2.0,0.0,43.0,0.0
75.0,498.54984,2.0,68.262955,41.076935,0.0,0.0,100.0,-7.0,7.0,8.0,41.00609,4.0,23.0,5.0,0.0,0.0,2.5110533,-8.0,6.0,1.0,0.0,30.738688,0.0
75.0,148.32166,8.0,86.96138,12.0,0.0,0.0,79.44602,16.703308,6.0,4.669284,9.904854,1.0,13.0,-7.0,1.0,1.0,18.0,-8.0,2.0,-8.0,0.0,42.92011,0.0
68.0,340.96445,14.104686,110.67398,26.375854,0.0,0.0,91.0,35.532993,6.0,6.0,28.260794,0.0,33.0,0.0,0.0,0.0,41.92893,84.56999,9.0,5.0398045,1.0,75.0,0.0
71.0,140.06705,6.0,71.0,17.0,0.0,0.0,95.0,8.50338,5.0293765,6.0,22.0,3.8128173,66.47971,22.679306,0.0,0.0,12.0,76.08156,2.0,3.0,0.0,77.95819,0.0
-9.0,122.900505,2.0,39.245056,21.518393,0.0,0.0,82.88488,-7.0,4.0,6.0,24.0,2.0,62.86345,3.0,2.0,2.0,46.439175,51.47289,4.0,7.7290764,2.0,71.0,0.0
76.0,213.99377,7.0,74.814415,22.0,0.0,0.0,100.0,-7.0,7.0,8.0,24.0,2.0,40.0,1.0,0.0,0.0,27.196695,90.20609,5.0,2.0,1.0,88.6843,0.0
85.82585,204.15785,3.0,66.815704,39.0,0.0,0.0,100.0,-7.0,7.0,8.0,30.0,1.0,32.0,1.0,1.0,1.0,0.39076126,92.50556,1.0,2.0,0.0,20.186787,0.0
63.466824,162.85036,4.0,50.418266,16.0,0.0,0.0,97.0,1.7496402,4.0,6.0,16.0,2.0,24.0,0.0,2.0,2.0,43.387142,17.283043,4.0,2.0,1.0,60.0,0.0
91.0,231.60811,7.0311213,90.82123,18.45717,0.0,0.0,100.0,-7.0,7.0,8.0,21.0,1.2714541,14.0,22.859247,0.0,0.0,0.8329279,-8.0,2.0,1.0,0.0,40.633842,0.0
73.0,170.62671,2.0,61.223625,32.0,0.0,0.0,100.0,-7.0,7.0,8.0,25.0,1.0,36.0,0.0,2.0,2.0,40.09366,61.75077,7.0826178,2.0,1.0,77.77564,0.0
71.01685,272.7427,7.0,97.89718,22.0,2.7968378,3.3439193,88.06561,57.874565,6.0,2.4906824,24.0,1.0,25.0,0.0,0.0,0.0,44.73891,97.91664,7.334937,2.0,2.0,70.640594,0.0
81.0,318.29083,35.889427,124.82501,14.0,0.0,0.0,100.0,-7.0,7.0,8.0,20.0,0.0,38.0,-7.0,1.0,1.0,24.41299,-8.0,2.0,2.0,0.0,100.0,0.0
73.0,220.63005,4.0,70.365135,20.0,0.0,0.0,86.51074,1.6700177,-9.0,6.0,29.080826,2.0,68.95636,1.0,2.0,1.0,27.337706,87.040794,3.0,5.0,0.0,79.12005,0.0
73.0,231.90146,3.4253788,90.0,31.107561,0.0,0.0,100.0,-7.0,7.0,8.0,34.593674,2.0,38.505657,12.0,0.0,0.0,68.80196,74.50223,5.0,2.0,2.0,88.0,0.0
62.682713,55.16252,2.0,49.07179,27.0,1.0,1.0,84.284386,5.771534,3.987109,5.896592,34.0,3.0,19.471922,-7.0,3.0,3.0,36.0,48.728275,4.0,2.0,2.0,50.0,0.0
86.0,375.15265,11.0,126.9607,29.0,0.0,0.0,100.0,-7.0,7.0,8.0,28.0,1.9204472,24.0,17.199833,0.0,0.0,15.702395,-8.0,2.0,-8.0,0.0,34.491405,0.0
76.0,230.88205,12.706729,119.764595,34.0,0.0,0.0,100.0,-7.0,7.0,8.0,34.0,0.0,60.827095,-8.0,0.0,0.0,52.52596,59.94689,7.0,11.452301,1.0,75.0,0.0
84.0,374.84308,2.0,68.0,31.664534,0.0,0.0,100.0,-7.0,7.0,8.0,32.030006,4.0,15.248981,13.19419,0.0,0.0,1.0,-8.0,3.0,1.0,0.0,20.281605,0.0
59.971832,209.29988,6.0,125.27778,17.278784,1.0,1.0,82.9294,0.1103556,0.4674296,4.153205,19.0,1.0,24.0,-8.0,0.0,0.0,82.462814,7.715329,7.0,1.0,4.8455806,88.15608,0.0
76.0,192.4049,7.1365185,88.99866,15.0,0.0,0.0,91.0,44.830254,6.0,6.0,14.927711,1.0,44.0,2.0,1.0,1.0,-3.0673523,32.526466,0.1343226,2.0,0.0,42.878284,0.0
71.0,273.31924,2.0,71.0,38.69659,2.0,2.0,91.0,51.593952,6.0,3.0,43.294376,4.0,69.85468,5.655719,0.0,0.0,50.763912,92.94364,2.0,3.0,0.0,67.0,0.0
77.24235,160.47203,1.0,53.065025,22.68841,0.0,0.0,100.0,-7.0,7.0,8.0,28.0,2.0,32.01709,1.0,1.0,1.0,35.425625,55.207893,3.0,4.0,0.0,57.988842,0.0
89.369,243.3324,10.0,82.0,17.0,0.0,0.0,100.0,-7.0,7.0,8.0,18.0,0.0,24.087255,8.0,0.0,0.0,8.0,-8.0,3.0,1.0,0.0,39.74156,0.0
86.0,146.56898,8.0,88.881836,19.64586,0.0,0.0,100.0,-7.0,7.0,8.0,18.018608,1.0,12.435147,1.0,3.0,3.3037355,8.0,-8.0,5.0,-8.0,0.0,73.0,0.0
80.0,164.21497,3.0,52.273617,19.0,0.0,0.0,100.0,-7.0,7.0,8.0,28.0,3.6807673,7.949859,7.621623,0.0,0.0,17.694748,39.044357,5.0,2.0,0.0,55.3368,0.0
75.883286,150.16539,5.0,69.25141,21.0,0.0,0.0,95.2951,17.066324,6.0,6.0,24.0,2.0,35.0,6.0,0.0,0.0,28.687647,85.00206,2.0,3.0,0.0,63.97572,0.0
74.0,353.89548,8.0,109.36734,14.002295,1.0,1.0,90.0,7.633631,6.0,2.0,15.720171,1.0,50.0,21.320597,0.0,0.0,1.0,-8.0,1.0,2.0,0.0,63.0,0.0
77.0,243.5331,4.0,86.0,12.0,3.0,1.0,82.92275,21.047188,6.0,2.7400548,15.0,2.0,0.0,-8.830411,0.0,0.0,1.0,-8.0,1.0,1.0,0.0,25.0,0.0
-9.0,-9.0,-9.0,-9.0,-9.0,-9.0,-9.0,-9.0,-9.0,-9.0,-9.0,-9.0,-9.0,-9.0,-9.0,-9.0,-9.0,-9.0,-9.0,-9.0,-9.0,-9.0,-9.0,0.0
76.0,162.51436,4.0,51.721493,47.939186,0.0,0.0,100.0,-7.0,7.0,8.0,45.759712,4.0,21.0,0.0,0.0,0.0,22.16482,40.034832,6.0,1.0,0.0,44.0,0.0
74.0,424.65585,3.6640456,90.0,25.0,0.0,0.0,100.0,-7.0,7.0,8.0,24.0,1.0,23.0,0.0,1.0,1.0,31.668915,38.79976,6.0,2.0,3.0,49.837135,0.0
86.0,142.37088,4.0,60.208908,7.0,0.0,0.0,100.0,-7.0,7.0,8.0,9.0,2.0,21.0,0.0,1.0,1.0,17.861546,-8.0,3.8965697,1.0,0.0,71.0,0.0
73.0,-8.0,5.2214026,52.594524,15.175895,0.0,0.0,100.0,-7.0,7.0,8.0,18.0,1.0,41.0,-7.0,1.0,0.0,52.390602,42.702343,4.0,3.0,3.0,100.0,0.0
-9.0,-9.0,-9.0,-9.0,-9.0,-9.0,-9.0,-9.0,-9.0,-9.0,-9.0,-9.0,-9.0,-9.0,-9.0,-9.0,-9.0,-9.0,-9.0,-9.0,-9.0,-9.0,-9.0,0.0
87.0,278.28598,7.0,87.874565,6.653209,0.0,0.0,100.0,-7.0,7.0,8.0,8.0,1.0,22.99446,0.0,0.0,0.0,7.538448,-8.0,1.0,1.0,0.0,33.0,0.0
75.0,159.40742,31.626242,116.16131,8.619635,0.0,0.0,100.0,-7.0,7.0,8.0,6.2848682,0.0,41.916225,-7.3569603,0.0,0.0,72.39431,64.29136,3.0,2.0,1.0,94.510086,0.0
66.0,194.32115,33.380116,83.38893,8.016832,4.1104007,1.0,68.84137,12.754152,6.0,2.0,15.560162,0.0,51.488426,0.0,2.0,2.0,29.22436,-8.0,2.0,1.0,0.0,67.0,0.0
90.8891,254.60504,20.417479,116.656746,32.0,0.0,0.0,100.0,-7.0,7.0,8.0,32.48169,0.0,24.081352,1.0,1.0,1.0,0.0,49.25969,-9.0,3.0,0.0,8.005508,0.0
66.0,167.25826,2.0,92.98022,46.791805,0.0,0.0,89.07234,17.695961,6.0,6.0,54.749886,4.0,25.0,0.0,2.0,2.0,42.916824,80.01615,7.0,5.2191,4.712251,64.0,0.0
68.83342,309.38568,11.0,142.7016,29.36804,0.0,0.0,94.0,35.31205,6.0,6.0,32.497276,1.0,22.0,0.0,0.0,0.0,56.13058,-8.0,8.7921715,1.0,2.0,80.0,0.0
82.72634,137.20836,8.0,87.225006,20.0,0.0,0.0,100.0,-7.0,7.0,8.0,23.0,2.0,57.055813,0.0,0.0,0.0,42.755035,-8.0,1.0,1.0,0.0,57.157314,0.0
80.0,158.8164,2.0,61.0,23.0,0.0,0.0,100.0,-7.0,7.0,8.0,23.0,4.0,50.902664,-7.0,2.0,2.0,13.0,85.22556,3.0,13.244554,0.0,82.75898,0.0
85.0,132.04176,2.4973757,103.10827,30.0,0.0,0.0,100.0,-7.0,6.0,6.0,34.0,2.0,26.13018,-7.0,6.3746815,6.265646,6.0,100.0,1.0,2.0,0.0,27.104473,0.0
90.0,206.17882,22.117659,90.0,14.0,0.0,0.0,100.0,-7.0,7.0,8.0,9.0,0.0,52.984573,16.0,0.0,0.0,1.0,-8.0,0.0,1.0,0.0,37.97072,0.0
83.73061,132.6633,8.0,86.0,21.0,0.0,0.0,100.0,10.651937,6.0,6.0,26.0,1.0,30.755732,6.344196,0.0,0.0,9.0,70.769875,3.0,2.0,0.0,46.775974,0.0
76.0,281.54486,6.0,80.31773,48.124954,0.0,0.0,100.0,-7.0,7.0,8.0,47.480965,2.0,16.0,2.0,0.0,0.0,44.876415,-8.0,8.665568,2.0,1.0,57.70105,0.0
70.0,116.47709,2.0,65.0,20.0,0.0,0.0,92.0,21.353216,6.0,6.0,28.0,3.0,14.803976,2.0,2.0,2.0,24.216202,47.79097,2.0,1.0,0.0,40.0,0.0
79.0,146.1085,3.0,100.451614,28.0,0.0,0.0,95.0,3.0,5.95137,6.0,6.0023565,1.0,48.585915,-7.0,0.0,0.0,6.0,-8.0,4.0,5.0,0.0,71.0,0.0
70.0,64.82938,8.0,-9.0,9.0,0.0,0.0,100.0,-7.0,7.0,8.0,9.069484,2.0,40.0,0.0,0.0,0.0,83.12876,51.34402,2.0,2.0,0.0,59.69327,0.0
78.0,-9.0,10.0,-9.0,8.0,0.0,0.0,100.0,-7.0,7.0,8.0,3.9971554,1.0,46.620197,18.03056,0.0,0.0,15.059905,72.81996,2.0,2.0,0.0,64.04436,0.0
67.24972,101.0871,1.0,37.913845,32.15407,0.0,0.0,100.0,-7.0,7.0,8.0,34.0,3.0,35.0,1.1151923,1.0,1.0,50.789883,71.0,6.0,4.8123336,1.0,60.22604,0.0
92.721146,244.40749,5.0,144.36208,20.0,0.0,0.0,100.0,-7.0,7.0,8.0,32.0,3.0,14.0,0.0,0.0,0.0,1.0,-8.0,1.0,-8.0,0.0,21.58383,0.0
62.779762,128.58864,6.0,52.22311,33.0,1.0,0.0,89.394455,7.2799587,4.0,3.0,35.0,2.0,64.17089,-7.0,4.0,3.0,74.15358,93.0,3.0,4.0,1.0,72.097885,0.0
-9.0,-9.0,-9.0,-9.0,-9.0,-9.0,-9.0,-9.0,-9.0,-9.0,-9.0,-9.0,-9.0,-9.0,-9.0,-9.0,-9.0,-9.0,-9.0,-9.0,-9.0,-9.0,-9.0,0.0
76.0,-4.1039314,7.0,48.45753,28.263723,0.0,0.0,100.0,-7.0,7.0,8.0,43.304424,3.0,13.972416,2.853589,0.0,0.0,0.0,43.718853,1.0,2.0,0.0,33.0,0.0
71.04256,147.9734,4.0,69.977905,28.0,1.0,0.0,94.0,3.0,6.0,5.0,32.539814,2.0,23.272247,2.0,3.0,2.0,9.0,89.303696,3.1094959,2.0,1.0,31.369501,0.0
69.614136,231.83406,1.0,85.48454,18.0,0.0,0.0,85.77949,8.890936,6.0,6.0,24.0,3.0,18.0,21.479494,0.0,0.0,16.68287,65.21829,6.0,2.0,1.0,46.96774,0.0
75.0,342.34674,3.0,77.25332,28.0,0.0,0.0,100.0,-7.0,7.0,8.0,31.0,3.0,28.511082,0.0,5.0,4.0,35.871716,-8.0,4.0,1.0,2.0,39.17192,0.0
62.0,51.295372,2.0,50.149002,11.0,1.0,1.0,79.435326,11.836669,5.0,5.0,11.814936,3.0,40.0,2.0,2.0,2.0,46.287697,62.846626,3.0,2.0,0.0,100.0,0.0
92.73805,355.12567,117.37567,177.77667,8.0,0.0,0.0,100.0,-7.0,7.0,8.0,5.651634,0.0,30.0,0.0,0.0,0.0,1.0,-8.0,1.0,3.0,0.0,64.0,0.0
89.0,130.83301,16.407812,84.69165,16.0,0.0,0.0,100.0,-7.0,7.0,8.0,10.407741,0.0,12.8052,0.0,0.0,0.0,1.0,-8.0,2.0,-8.0,0.0,24.468824,0.0
89.0,427.01825,39.994164,141.52693,14.645451,0.0,0.0,100.0,-7.0,7.0,8.0,17.0,0.0,13.0,-8.0,0.0,0.0,0.0,-8.0,1.0,1.0,0.0,27.378075,0.0
62.016212,174.58923,2.0,65.0,17.0,2.3283358,1.0,85.94521,10.945791,6.0,3.7976952,22.0,2.0,50.0,2.0,2.0,2.0,93.27142,84.14363,2.2908254,3.0,3.0,82.04339,0.0
-9.0,231.64029,4.0,74.2938,7.330411,1.8593403,1.123256,78.18879,10.440427,4.0,2.0572493,13.0,1.0,33.0,0.0,4.0773444,4.0,0.0,-8.0,-9.0,1.0,-9.0,23.897335,0.0
81.0,152.60396,3.0,75.59706,19.0,0.0,0.0,100.0,-7.0,7.0,8.0,21.553967,2.0,55.989697,0.0,0.0,0.0,36.76069,62.508816,4.0,5.0,0.0,100.0,0.0
63.32443,190.33505,21.724201,172.25217,19.30072,1.0,0.0,87.62284,3.0,4.0,6.0,11.0,0.0,43.1338,2.0,1.0,1.0,30.382605,89.3036,6.0,4.0,0.0,85.83711,0.0
71.0,125.50398,29.144228,68.0,17.0,0.0,0.0,100.0,-7.0,7.0,8.0,19.0,0.0,27.608519,0.0,0.0,0.6595538,60.918728,-8.0,2.369605,1.0,3.0,44.32476,0.0
62.0,226.5555,1.0,88.21965,9.53289,0.0,0.0,66.371346,-7.0,3.2715971,6.0,11.4506035,3.0,25.46018,0.0,1.0,1.0,19.0,-8.0,2.0,1.0,1.0,75.0,0.0
86.0,324.98856,46.696793,154.49544,14.0,0.0,0.0,100.0,-7.0,7.0,8.0,15.0,0.0,42.911633,7.0,1.0,0.0,12.21408,-8.0,4.0,1.0,0.0,100.0,0.0
66.0,116.61429,3.0,62.959736,15.0,0.0,0.0,90.05782,18.638336,4.0,5.0,19.0,2.0,55.382935,-7.0,0.0,0.0,83.86624,69.278015,3.0,4.0,0.0,82.24101,0.0
87.0,305.45837,8.0,107.95285,27.0,0.0,0.0,100.0,-7.0,7.0,8.0,24.0,1.0,55.523205,4.9758697,1.0,1.0,2.0,99.75824,2.0,1.6477462,0.0,57.0,0.0
62.15391,186.36958,2.0,65.57909,14.0,2.0,1.0,69.25762,2.1279805,4.0,2.0,19.254093,3.0,31.0,1.0,2.0,1.0,14.0,82.0,2.0,2.0,1.0,44.0,0.0
77.000275,219.0788,5.0,68.277695,21.0,0.0,0.0,100.0,-7.0,7.0,8.0,25.0,2.0,29.0,1.0,1.0,1.0,0.31986398,-8.0,2.0,3.0,0.0,33.0,0.0
66.75653,197.5323,3.0,96.705345,20.0,0.0,0.0,93.0,6.012526,4.0,5.0,26.0,1.0,30.0,0.0,6.710957,7.477554,2.6173682,-8.0,2.0,1.0,1.0,19.213953,0.0
57.506584,201.98637,2.0,72.27581,19.0,0.0,0.0,88.0,3.0,4.0,6.0,23.0,3.0,20.0,0.0,2.0,2.0,58.238197,45.537342,7.0,1.0,3.0,69.963615,0.0
62.336155,213.44234,10.0,76.0,28.0,3.0,2.9359992,86.25006,25.269491,4.0,5.0,34.0,0.6037992,5.8382444,0.0,2.0,2.0,56.77902,-8.0,12.473378,1.0,2.0,100.0,0.0
85.0,77.99828,9.0,65.0,26.0,0.0,0.0,100.0,-7.0,7.0,8.0,9.0,1.0,20.0,1.0,0.0,0.0,0.0,-8.0,1.3947389,0.5884135,0.0,25.0,0.0
72.0,48.148643,4.0,57.05047,30.0,0.0,0.0,95.0,16.863981,6.0,6.0,12.0,7.8361316,11.6003065,0.0,3.2085645,3.0,0.0,-8.0,4.0,2.0,0.0,33.0,0.0
88.0,299.70837,3.0,97.47863,18.0,0.0,0.0,100.0,-7.0,7.0,8.0,18.995861,1.0,39.0,-7.0,0.0,0.0,3.0,98.60553,3.0,6.0,0.0,67.0,0.0
87.0,287.26663,11.0,122.931595,21.852728,0.0,0.0,100.0,-7.0,7.0,8.0,16.0,0.0,42.21496,-7.0,0.0,0.0,7.0,54.146072,2.0,1.0,0.0,55.02576,0.0
76.0,231.15228,9.0,93.0,26.0,1.0,0.0,84.06928,11.401405,6.0,5.0,18.19019,1.0,24.0,23.815737,0.0,0.0,16.0,88.0,2.0,5.0,0.0,44.0,0.0
72.0,182.27606,4.0,90.0,23.0,0.0,0.0,100.0,-7.0,7.0,8.0,23.0,2.5706398,50.0,-7.8006024,0.0,0.0,81.8065,86.06482,4.0,3.0,2.0,94.83213,0.0
82.0,320.0986,18.233198,96.7945,20.0,0.0,0.0,94.62393,73.26271,6.0,6.0,23.0,0.0,22.495497,6.242098,0.0,0.0,0.0,-8.0,1.0,1.0,0.0,18.869677,0.0
78.0,159.10669,3.0,65.0,33.441227,0.0,0.0,100.0,-7.0,7.0,8.0,41.706703,3.0,26.0,0.0,1.0,1.0,4.626763,-8.0,4.6740875,1.0,0.0,33.0,0.0
89.0,271.3135,28.037775,114.017136,17.949596,0.0,0.0,100.0,-7.0,7.0,8.0,17.0,0.0,17.723637,0.0,0.0,0.0,1.8783895,-8.0,1.0,1.0,0.0,50.0,0.0
80.0,686.4321,3.0,174.30583,42.371445,0.0,0.0,95.0,26.741848,6.0,6.0,49.13507,3.0,28.0,3.0605254,2.0,3.0,1.0,7.7314963,3.0,3.0,0.0,37.6043,0.0
65.0,130.65646,12.554951,47.73983,6.7500033,0.0,0.0,100.0,-7.0,7.0,8.0,9.0,1.0,35.0,8.765619,0.0,0.0,59.61847,-8.0,2.0,2.0,0.0,100.0,0.0
75.93537,100.21015,5.0,52.94732,16.0,0.0,0.0,100.0,-7.0,7.0,8.0,12.0,1.0,38.813316,-7.0,2.0,1.2793366,0.0,88.0,1.0,3.0,0.0,40.418743,0.0
85.721855,113.99618,8.0,60.96678,12.0,0.0,0.0,100.0,-7.0,7.0,8.0,12.0,1.0,45.46475,0.0,2.0,2.0,1.0,-8.0,1.0,2.0,0.0,32.634117,0.0
85.0,103.60761,13.425216,80.39597,8.0,0.0,0.0,100.0,-7.0,7.0,8.0,6.379441,0.0,29.0,0.0,1.0,1.0,28.395988,-8.0,1.0,1.0,0.0,86.00594,0.0
84.0,194.45145,5.0,90.0,54.752544,0.0,0.0,100.0,-7.0,7.0,8.0,61.360004,2.0,57.559906,8.0,3.0,3.0,1.0,-8.0,2.0,1.0,0.0,75.0,0.0
71.0,194.46158,6.018741,60.87235,10.0,0.0,0.0,70.494446,51.028374,6.0,6.0,11.0,4.741618,40.0,0.0,0.0,0.0,30.048916,92.77605,3.0,2.0,0.0,81.22592,0.0
70.0,175.71933,1.0,86.0,25.457048,0.0,0.0,91.0,0.89724743,4.0,6.0,30.0,1.0,60.99516,0.0,0.0,0.0,31.695498,91.81038,2.0,1.3950802,1.0,77.065735,0.0
76.0,386.6483,6.0,87.05188,41.83129,2.0,0.0,95.0,57.4519,6.0,3.402054,41.716656,1.0,14.0,0.0,1.0,1.0,17.843689,57.91128,3.0,2.0,1.0,21.859875,0.0
71.0,124.81349,5.0,46.412018,20.0,0.0,0.0,100.0,-7.0,7.0,8.0,22.0,5.0,36.0,0.018331809,0.9897632,1.0,12.705035,91.0,2.0,2.0,0.0,50.075665,0.0
81.196335,195.67323,5.0,68.13676,13.978617,0.0,0.0,100.0,-7.0,7.0,8.0,12.0,1.0,13.0,1.0,2.0,2.0,19.748842,-8.0,3.930254,1.0,0.0,67.0,0.0
74.0,193.64108,36.37743,123.06733,14.0,1.0,1.0,95.0,31.44253,6.0,2.0,17.13213,0.0,25.0,0.0,1.0,1.0,8.0,-8.0,3.0,1.0,0.0,83.0,0.0
-9.0,-9.0,-9.0,-9.0,-9.0,-9.0,-9.0,-9.0,-9.0,-9.0,-9.0,-9.0,-9.0,-9.0,-9.0,-9.0,-9.0,-9.0,-9.0,-9.0,-9.0,-9.0,-9.0,0.0
64.05736,186.52545,2.0,80.0,27.091597,0.0,0.0,90.24278,9.927067,6.0,6.0,31.0,2.0,25.0,0.0,15.763994,12.9905815,14.0,-8.0,6.0,2.0,1.0,50.0,0.0
81.13481,170.49727,37.94066,122.727776,20.0,0.0,0.0,100.0,-7.0,7.0,8.0,19.0,0.0,18.0,0.0,3.0,3.0,24.578672,-8.0,1.0,-8.0,0.0,29.934643,0.0
90.0,380.99585,7.0,97.5379,18.794518,0.0,0.0,100.0,-7.0,7.0,8.0,20.0,1.0,20.0,-8.0,0.0,0.0,1.0,45.27167,1.0,1.0,0.0,25.751451,0.0
86.0,126.95212,15.0,72.17118,10.0,0.0,0.0,100.0,-7.0,7.0,8.0,9.0,0.0,15.0,-7.0,0.0,0.0,4.8415575,-8.0,7.0,1.0,0.0,100.0,0.0
82.0,105.538536,4.0,62.664047,36.333004,0.0,0.0,100.0,-7.0,7.0,8.0,38.729668,4.0,75.5618,-7.0,0.0,0.0,17.787546,94.56234,2.0,4.0,0.0,80.0,0.0
73.0,215.01237,10.0,68.0,23.679745,0.0,0.0,100.0,-7.0,7.0,8.0,23.0,1.0,44.160603,0.0,2.0,2.0,53.344994,58.13178,3.0,3.0,2.0,71.0,0.0
88.0,197.03867,15.0,71.46577,11.703146,0.0,0.0,100.0,-7.0,7.0,8.0,10.0,0.0,33.0,1.0,0.0,0.0,16.0,-8.0,1.0,1.0,0.0,64.01117,0.0
73.94163,286.07062,4.0,81.15481,23.77598,0.0,0.0,100.0,-7.0,7.0,8.0,32.03107,2.0,58.66094,0.0,1.0,0.40275267,29.241114,21.618965,3.0,1.0,0.0,100.0,0.0
82.0,296.893,5.3760366,83.0,42.712624,0.0,0.0,100.0,-7.0,7.0,8.0,44.227886,2.0,26.835848,0.0,2.0,2.0,7.6228504,93.79294,4.0,3.0,0.0,43.0,0.0
85.0,155.36714,68.39332,146.0096,14.518313,0.0,0.0,93.0,66.78858,6.0,6.0,16.0,0.0,24.0,-7.0,2.0,2.0,0.0,-8.0,2.0,1.0,0.0,44.88101,0.0
68.0,67.39396,5.0,49.196705,14.0,1.0,1.0,100.0,-7.0,6.0,8.0,6.4640555,1.0,26.0,16.0,1.0,1.0,58.58289,64.89346,4.0,6.0,1.0,71.0,0.0
89.82316,399.13788,7.0,112.06141,32.365997,0.0,0.0,100.0,-7.0,7.0,8.0,27.0,1.0,14.0,-7.0,0.0,0.0,3.9791002,44.052788,3.0,2.0,0.0,21.529003,0.0
76.0,308.30414,8.0,76.0,28.075165,0.0,0.0,100.0,-7.0,7.0,8.0,31.570778,2.0,13.0,11.927558,0.0,0.0,22.736,-8.0,8.0,3.0,2.0,80.0,0.0
75.0,252.60265,3.4377854,100.0,21.0,0.0,0.0,94.301895,0.50133604,4.0,6.0,25.440435,1.0,25.0,2.0,1.0,1.0,21.0,125.54671,4.0,1.0,0.0,90.88036,0.0
84.0,225.29572,7.0,80.39726,19.0,0.0,0.0,100.0,-7.0,7.0,8.0,27.0,1.0,18.0,-7.0,0.0,0.0,9.517741,-8.0,2.0,-3.6878192,0.0,32.132195,0.0
87.0,182.29376,1.0,71.0,23.0,0.0,0.0,100.0,-7.0,7.0,8.0,25.543797,1.0,19.637165,17.876448,0.0,0.0,12.376325,88.0,2.0,2.0,0.0,44.86826,0.0
75.0,339.20468,15.8225,104.8597,17.0,0.0,0.0,89.57892,34.198246,6.0,6.0,17.0,0.0,56.212616,4.0,0.0,0.0,28.3,-8.0,2.0,3.0,-8.0,74.16822,0.0
78.492004,146.50775,10.0,69.01472,12.0,0.0,0.0,100.0,-7.0,7.0,8.0,18.0,0.0,38.091915,-7.0,1.0,1.0,53.901146,-8.0,3.0,2.0,0.0,77.806145,0.0
86.0,213.21298,7.0,100.55542,14.0,0.0,0.0,100.0,-7.0,7.0,8.0,14.0,0.0,41.110607,-7.0,0.0,0.0,16.180151,-8.0,4.0,1.0,0.0,83.0,0.0
76.0,140.19757,8.0,72.0,29.0,0.0,0.0,100.0,-7.0,7.0,8.0,24.842573,1.0,33.0,3.0,0.0,0.0,39.628025,45.81846,5.0,2.0,0.0,61.72069,0.0
87.602516,490.096,25.315058,152.55898,18.532759,1.0,0.0,97.0,65.82421,6.0,6.0,17.0,0.0,-9.0,0.0,0.0,0.0,0.0,-8.0,3.0,1.0,0.0,29.071915,0.0
89.0,448.94357,24.154308,311.81213,6.0,0.0,0.0,100.0,-7.0,7.0,8.0,11.100086,0.0,22.0,-7.0,0.0,0.0,11.0,-8.0,2.0,1.0,0.0,49.0278,0.0
-9.0,-9.0,-9.0,-9.0,-9.0,-9.0,-9.0,-9.0,-9.0,-9.0,-9.0,-9.0,-9.0,-9.0,-9.0,-9.0,-9.0,-9.0,-9.0,-9.0,-9.0,-9.0,-9.0,0.0
76.0,487.6015,1.0,170.77315,17.0,0.0,0.0,100.0,-7.0,7.0,8.0,17.0,5.0,38.0,0.0,2.0,2.0,49.667107,45.331055,4.0,3.0,2.0,67.0,0.0
88.902565,266.23868,2.0,115.24943,25.0,0.0,0.0,100.0,-7.0,7.0,8.0,32.537342,3.0,42.0,0.0,2.0,2.0,0.0,86.64015,2.0,4.0,0.0,50.0,0.0
78.0,152.99847,2.0,45.437042,21.0,0.0,0.0,100.0,-7.0,7.0,8.0,38.0,4.0,56.424065,0.0,1.0,1.0,22.995464,82.0,6.0,4.0,0.0,86.43939,0.0
59.452904,159.86418,12.0,58.356464,13.0,3.3256745,2.0364647,66.9742,11.155323,3.0,-9.0,16.0,1.0,35.0,0.0,0.0,0.0,12.0,-8.0,3.0,1.0,0.0,45.514095,0.0
89.69774,307.65274,6.0,102.98028,11.738165,0.0,0.0,100.0,-7.0,7.0,8.0,14.0,1.0,13.0,-7.7072206,0.0,0.0,8.0,-8.0,2.0,-8.0,0.0,100.0,0.0
89.0,202.25082,35.987057,133.7869,28.0,0.0,0.0,100.0,-7.0,7.0,8.0,33.0,0.0,27.0,23.9136,0.0,0.0,7.0,-8.0,4.0,2.0,1.0,67.0,0.0
63.0,427.5125,3.0,139.94978,39.637352,0.0,0.0,84.08677,4.0,-9.0,6.0,31.0,2.0,25.90214,5.0,1.0,1.0,77.210815,-8.0,9.0,2.0,4.0,100.0,0.0
87.0,173.26067,16.46396,98.643425,12.0,1.0,0.0,94.0,67.133125,6.0,2.0,13.503828,0.0,45.632523,0.0,0.0,0.0,8.125843,-8.0,2.0,2.0,0.0,88.76393,0.0
83.51816,299.3217,2.0,121.94587,21.0,0.0,0.0,100.0,-7.0,7.0,8.0,26.0,2.552066,18.0,-7.0,2.7857168,2.0,19.0,-8.0,2.0,2.0,0.0,37.67531,0.0
59.054646,187.41078,3.0,88.5874,4.325903,4.5730114,2.373615,4.328942,10.033448,4.0,2.0,11.547555,3.0,35.754154,0.0,10.652556,13.378383,36.858448,78.51659,2.0,3.0,0.0,70.34843,0.0
88.0,152.51416,23.85879,87.05159,28.0,0.0,0.0,100.0,-7.0,7.0,8.0,15.206386,0.0,11.906406,0.0,1.0,0.0,6.1739945,-8.0,2.0,1.0,0.0,27.03296,0.0
83.0,370.92148,5.0,87.36748,15.0,0.0,0.0,100.0,-7.0,7.0,8.0,21.0,1.0,23.0,7.0,1.0,1.0,26.241789,-8.0,1.0,2.0,0.40180355,33.0,0.0
74.0,303.069,2.0,98.50783,38.67668,0.0,0.0,91.475716,4.717881,6.0,6.0,35.388325,2.0,39.0,0.0,6.94124,5.776818,31.944593,88.2719,2.0,4.0,0.0,60.0,0.0
86.0,447.82248,2.0,145.07707,24.0,0.0,0.0,100.0,-7.0,7.0,8.0,27.0,3.0,27.0,4.313738,0.0,0.0,6.2595224,49.779198,4.0,4.0,0.0,50.0,0.0
72.0,312.63712,3.0,138.34746,23.17814,1.0,1.0,92.0,21.035221,6.0,3.0,23.0,1.0,-2.834136,0.0,4.0,4.0,9.425482,-8.0,6.0,1.0,0.0,43.0,0.0
77.0,135.3422,15.409765,44.18004,12.0,0.0,0.0,91.15223,21.974815,6.0,6.0,14.144375,1.0,65.04832,-7.0,0.0,0.0,0.0,36.72932,-9.0,2.0,0.0,48.87578,0.0
76.0,189.89252,9.0,70.0,23.0,0.0,0.0,100.0,-7.0,7.0,8.0,26.765186,0.0,70.98082,1.0,0.0,0.0,27.235569,80.82951,3.0,4.0,0.0,82.75703,0.0
79.0,175.2992,4.0,62.43539,53.114895,0.0,0.0,100.0,-7.0,7.0,8.0,71.40921,4.673657,33.24883,0.0,2.0,2.0,1.0,70.25058,3.0,5.0,0.0,44.506413,0.0
78.0,254.28462,5.8719797,100.130196,19.0,1.0,0.0,91.23717,24.728687,6.0,5.935629,28.0,2.0,50.48618,3.5769446,0.0,0.0,1.0,98.07494,1.0,3.0,0.0,67.0,0.0
75.618805,214.75876,2.0,74.0,49.648563,0.0,0.0,100.0,-7.0,7.0,8.0,46.184612,5.0,21.0,0.0,3.3826995,3.3096628,1.0,82.0,3.634299,2.0,0.0,27.498064,0.0
87.14407,158.98538,1.0,70.0,14.0,0.0,0.0,100.0,-7.0,7.0,8.0,18.0,1.0,49.94534,9.0,0.0,0.0,6.0,-8.0,2.0,2.0,0.0,48.299473,0.0
77.0,178.247,18.142782,66.82949,13.0,0.0,0.0,90.0,33.24953,6.0,6.0,11.0,0.0,29.0,0.0,0.0,0.0,20.12294,70.12665,1.0,2.0,1.0,64.0,0.0
82.0,214.72398,5.0,76.68877,17.0,0.0,0.0,100.0,-7.0,7.0,8.0,22.0,2.0,56.979637,8.0,1.0,1.0,37.301674,51.08863,2.0,3.0,0.0,53.34447,0.0
-9.0,-9.0,-9.0,-9.0,-9.0,-9.0,-9.0,-9.0,-9.0,-9.0,-9.0,-9.0,-9.0,-9.0,-9.0,-9.0,-9.0,-9.0,-9.0,-9.0,-9.0,-9.0,-9.0,0.0
60.06149,125.632805,6.0,46.346313,18.0,0.0,0.0,85.90856,21.238388,6.0,6.0,23.0,2.0,37.0,0.0,1.0,1.0,86.35252,52.932957,3.9096372,2.0,2.0,100.0,0.0
-9.0,-9.0,-9.0,-9.0,-9.0,-9.0,-9.0,-9.0,-9.0,-9.0,-9.0,-9.0,-9.0,-9.0,-9.0,-9.0,-9.0,-9.0,-9.0,-9.0,-9.0,-9.0,-9.0,0.0
77.0,46.068764,8.0,22.34404,7.09284,0.0,0.0,100.0,-7.0,7.0,8.0,7.0,1.0,15.040353,0.0,1.0,1.0,17.0,83.03823,2.0,2.0,0.0,80.0,0.0
-9.0,-9.0,-9.0,-9.0,-9.0,-9.0,-9.0,-9.0,-9.0,-9.0,-9.0,-9.0,-9.0,-9.0,-9.0,-9.0,-9.0,-9.0,-9.0,-9.0,-9.0,-9.0,-9.0,0.0
68.0,205.29128,20.0,80.84962,17.0,0.0,0.0,100.0,-7.0,6.0,8.0,23.0,0.0,52.72223,-7.0,0.0,0.0,88.7629,51.924496,2.0,1.0,2.0,67.0,0.0
92.638725,309.91998,19.838745,112.76114,17.0,0.0,0.0,100.0,-7.0,7.0,8.0,19.0,0.0,15.0,0.0,0.0,0.0,0.0,-8.0,1.8661842,-8.483815,0.0,15.549644,0.0
83.0,196.52168,3.0,74.0,21.0,0.0,0.0,100.0,-7.0,7.0,8.0,22.0,1.0,53.30009,2.0,4.0,4.0,4.2648864,79.52061,2.0,11.971128,0.0,67.0,0.0
71.0,244.95146,8.0,87.245094,26.594479,0.0,0.0,100.0,-7.0,7.0,8.0,27.504349,1.0,20.0,5.6557245,0.0,0.0,59.664062,-8.0,7.0,1.0,3.0,70.0,0.0
-9.0,-9.0,-9.0,-9.0,-9.0,-9.0,-9.0,-9.0,-9.0,-9.0,-9.0,-9.0,-9.0,-9.0,-9.0,-9.0,-9.0,-9.0,-9.0,-9.0,-9.0,-9.0,-9.0,0.0
59.752575,272.65695,5.0,96.21578,45.917267,3.644439,0.0,86.23475,11.229414,6.0,3.5766475,50.81893,3.0,31.88751,0.0,1.0,1.0,59.695095,74.61919,9.99251,10.002836,3.0,82.5927,0.0
87.0,397.5852,33.205383,198.28218,23.0,0.0,0.0,100.0,-7.0,7.0,8.0,22.0,0.0,24.0,4.4760776,0.0,0.0,0.0,-8.0,-9.0,2.0,0.0,33.0,0.0
76.0,139.82509,26.338032,76.91349,27.0,1.0,0.0,92.0,23.874037,4.0,5.8095407,21.0,0.0,26.009268,23.097967,0.0,0.0,4.7854934,29.950062,3.0,2.0,0.0,55.22793,0.0
81.0,191.82497,3.0,91.83237,36.25906,0.0,0.0,100.0,-7.0,7.0,8.0,34.0,3.0,21.0,0.0,2.0,2.8441951,18.0,88.0,6.0,4.0,0.0,75.0,0.0
-9.0,139.44736,3.0,58.7359,27.0,0.0,0.0,73.93828,3.6818514,4.0,6.0,26.0,4.0,33.99154,0.0,0.0,0.0,64.06326,37.35882,5.0,2.0,1.0,83.0,0.0
75.0,-8.0,7.0,-9.0,9.0,0.0,0.0,100.0,-7.0,7.0,8.0,7.0,1.0,66.514534,0.0,3.0,2.0,0.0,26.912703,1.0,2.0,0.0,50.0,0.0
83.0,220.939,4.0,93.0,28.534128,0.0,0.0,100.0,-7.0,7.0,8.0,61.53536,2.0,41.680622,-8.0,0.0,0.0,22.955791,18.022522,2.0,1.0,0.0,50.0,0.0
72.0,400.03802,4.7479577,84.420006,23.0,0.0,0.0,100.0,-7.0,7.0,8.0,22.05483,3.4445634,33.0,4.0,1.0,1.0,30.292917,-8.0,2.0,1.0,1.0,34.008102,0.0
80.0,379.0812,10.085352,207.15236,19.0656,1.6783149,0.0,78.96152,47.905437,6.0,5.0,21.0,0.0,35.09197,-7.0,0.0,0.0,0.0,97.00101,1.0,2.0,0.0,67.0,0.0
74.0,121.87832,3.0,75.0,46.953186,0.0,0.0,100.0,-7.0,7.0,8.0,3.2252147,2.0,19.0,0.0,4.1623845,4.0,33.0259,-8.0,3.2959085,2.0,4.0,32.790253,0.0
72.0,272.89328,4.0798225,106.058624,39.580055,0.0,0.0,100.0,40.37525,6.0,6.0,40.431347,1.0,42.0,-7.0,0.0,0.0,33.6979,-8.0,11.0,6.0,2.0,83.0,0.0
74.68096,219.10683,9.0,72.53649,22.0,0.0,0.0,100.0,-7.0,7.0,8.0,24.0,1.0,23.0,0.0,0.0,0.0,38.545074,-8.0,3.0,2.0,1.0,40.183567,0.0
86.65921,242.52667,6.0,70.204765,18.0,0.0,0.0,100.0,-7.0,7.0,8.0,20.0,1.0,18.0,10.57356,0.0,0.0,13.0,76.95099,4.735531,2.0,0.0,60.0,0.0
74.72126,258.01187,6.0,101.21316,12.0,2.0,2.0,72.28974,28.624733,6.0,2.0,17.0,2.0,52.59603,0.0,2.0,2.0,30.932415,31.812227,2.0,2.0,0.0,75.60945,0.0
85.0,220.56876,2.0,100.14664,14.37963,0.0,0.0,100.0,-7.0,7.0,8.0,21.0,2.0,35.38257,-8.0,0.016103601,0.0,24.851452,72.182434,2.0,3.0,0.0,67.0,0.0
75.0,280.41724,6.0,77.0,14.0,0.71317506,1.0,91.04308,59.634327,6.0,4.7584386,15.0,2.0,19.0,-7.0,0.0,0.0,17.0,86.31451,2.0,2.0,0.0,56.0,0.0
57.1542,212.26164,2.0,105.14106,23.785957,0.0,0.0,86.665504,3.1117377,4.0,6.0,24.152208,2.0,21.0,0.0,3.0,2.0,29.32141,90.05737,8.732099,2.0,2.5818512,56.0,0.0
71.0,5.307607,4.0,36.21098,15.0,0.0,0.0,100.0,-7.0,7.0,8.0,15.0,1.0,24.465042,-7.0,2.0,2.0,0.0,91.597824,1.0,2.0,0.0,47.863583,0.0
69.402725,154.52464,17.515669,65.45852,13.0,0.0,0.0,85.881035,8.3291445,4.0,6.0,13.266591,0.0,50.0,0.0,1.0,0.0,36.783676,71.13298,4.0,3.0,0.0,100.0,0.0
79.0,91.146286,20.947826,40.71668,9.0,0.0,0.0,100.0,-7.0,7.0,8.0,10.0,0.0,20.025408,0.0,0.0,0.0,51.33784,-8.0,2.0,2.0,0.0,75.0,0.0
67.0,-9.0,8.0,41.047665,13.0,1.0,0.2978068,100.0,-7.0,4.0,6.0,15.0,1.0,36.24834,-7.0,1.6279985,1.0,45.938248,100.0,3.0,1.0,0.0,80.0,0.0
84.213036,168.20369,0.31054223,65.25736,27.0,0.0,0.0,100.0,-7.0,7.0,8.0,33.0,2.0,39.058224,0.0,1.0,1.0,1.0,-8.0,1.0,1.0,0.0,33.0,0.0
81.0,308.90683,5.0,140.66084,19.0,0.0,0.0,100.0,-7.0,7.0,8.0,20.0,1.0,39.66396,0.0,1.0,1.0,0.0,-8.0,4.0,1.0,0.0,64.96033,0.0
89.83252,186.71237,7.0,75.69731,13.0,0.0,0.0,100.0,-7.0,7.0,8.0,15.042072,2.0,11.998921,11.693282,0.0,0.0,11.0,-8.0,2.0,-8.0,0.0,23.92279,0.0
-9.0,-9.0,-9.0,6.1900463,-9.0,-9.0,-9.0,-9.0,-9.0,-9.0,-9.0,-9.0,-9.0,-9.0,-9.0,-9.0,-9.0,-9.0,-9.0,-9.0,-9.0,-9.0,-9.0,0.0
-9.0,-9.0,-9.0,-9.0,-9.0,-9.0,-9.0,-9.0,-9.0,-9.0,-9.0,-9.0,-9.0,-9.0,-9.0,-9.0,-9.0,-9.0,-9.0,-9.0,-9.0,-9.0,-9.0,0.0
72.0,141.79808,15.0,71.0,27.453876,0.0,0.0,90.0,16.375,6.0,6.0,30.92529,0.0,43.572067,1.0,1.0,1.0,37.10862,95.05985,2.0,3.0,0.0,67.0,0.0
86.0,264.49533,13.0,39.477222,-7.137795,0.0,0.0,100.0,-7.0,7.0,8.0,11.667766,2.0,23.0,20.227993,0.0,0.0,1.0,-8.0,1.0,1.0,0.0,44.0,0.0
60.321945,84.797325,8.0,39.149208,31.0,0.0,0.0,96.0,42.117783,6.0,6.0,29.133392,3.0,21.0,-7.0,2.0,2.0,44.268402,-8.0,5.0,1.0,3.0,52.783787,0.0
81.0,175.18945,3.0,82.0,20.0,0.0,0.0,100.0,-7.0,7.0,8.0,20.0,1.0,35.261684,1.0,0.0,0.0,32.0,70.39029,4.0,3.0,0.0,78.0,0.0
87.0,205.99326,17.231323,85.13626,30.0,0.0,0.0,100.0,-7.0,7.0,8.0,29.248856,0.0,42.0,6.549003,0.0,0.0,0.0,-8.0,2.0,2.0,0.0,25.0,0.0
87.61938,223.66266,10.0,93.07631,23.0,0.0,0.0,100.0,-7.0,7.0,8.0,24.0,1.0,24.0,0.0,0.0,0.0,9.0,77.43223,3.0,2.0,0.0,36.74527,0.0
86.0,380.24857,0.86047196,111.185326,23.0,0.0,0.0,100.0,-7.0,7.0,8.0,28.0,2.0,24.0,0.0,1.9012336,1.0,15.0,29.271666,3.0,1.0,0.0,60.0,0.0
87.0,208.41655,27.69602,82.0,7.523326,0.0,0.0,100.0,-7.0,7.0,8.0,11.314049,0.0,61.571194,8.798105,1.0,1.0,1.0,-8.0,1.0,3.0,0.0,56.0,0.0
85.0,233.76459,3.0,100.54561,12.0,0.0,0.0,89.98271,27.447666,6.0,6.0,15.0,1.0,62.403557,-7.0,0.0,0.0,3.0,78.14343,3.910117,2.0,0.0,100.0,0.0
87.38598,168.7087,18.11531,95.91798,13.0,0.0,0.0,100.0,-7.0,7.0,8.0,14.0,0.0,66.81554,0.0,0.0,0.0,1.0,-8.0,1.0,2.0,0.0,50.0,0.0
80.0,187.2514,6.0,92.66321,31.0,0.0,0.0,100.0,-7.0,7.0,8.0,1.0138212,3.0,20.0,-7.0,0.0,0.0,24.690321,-8.0,4.0,1.0,2.0,33.0,0.0
72.0,439.06036,7.0,111.358246,18.0,0.0,0.0,88.0,15.377322,6.0,6.0,19.0,2.0,21.666788,0.0,1.0,1.4585187,26.037436,-8.0,3.0,1.0,0.0,50.0,0.0
84.0,337.84808,13.674441,116.45288,14.0,0.0,0.0,93.0,49.756153,6.0,6.0,15.0,0.0,25.0,0.0,0.0,0.0,0.0,-8.0,1.0,1.0,0.0,40.0,0.0
80.65567,304.12714,1.0,105.26155,30.0,0.0,0.0,100.0,-7.0,7.0,8.0,37.78546,1.0,33.287914,2.0,3.0,2.0,6.0,12.840438,8.0,2.0,0.0,75.0,0.0
86.0,277.65906,6.0,113.75379,23.0,0.0,0.0,100.0,-7.0,7.0,8.0,26.0,2.0,21.453821,0.0,3.0,3.0,18.0,-8.0,3.0,2.0,0.0,45.888535,0.0
66.0,129.1298,3.0,58.0,16.0,1.0,0.0,81.01713,6.0,4.0,4.0,18.651516,3.0,35.0,1.0,1.0,1.0,22.539852,88.08881,2.0,3.0,0.0,53.28831,0.0
-9.0,-9.0,-9.0,-9.0,-9.0,-9.0,-9.0,-9.0,-9.0,-9.0,-9.0,-9.0,-9.0,-9.0,-9.0,-9.0,-9.0,-9.0,-9.0,-9.0,-9.0,-9.0,-9.0,0.0
64.4855,103.89349,3.0,66.53345,33.0,0.0,0.0,100.0,3.0,6.0,6.0,42.37369,3.0,45.50244,-7.0,3.6097727,3.0,59.907017,75.8859,4.0,2.0,3.0,67.0,0.0
70.0,212.56366,2.0,83.548744,15.0,1.0,0.0,85.55362,37.161743,6.0,3.062648,16.905275,1.0,29.0,1.0,2.0,1.820689,41.616783,-8.0,2.0,1.0,2.0,43.0,0.0
73.988945,45.24268,8.0,58.0,13.0,0.0,0.0,100.0,-7.0,7.0,8.0,5.5777936,2.0,6.8003697,0.0,1.0,1.0,35.982353,-8.0,4.0,-8.0,0.9057118,80.0,0.0
77.13821,167.89047,1.0,53.448395,30.492674,0.0,0.0,100.0,-7.0,7.0,8.0,39.94909,3.0,24.353504,0.0,4.0,3.0,10.0,-8.0,4.0,-8.0,0.0,30.002989,0.0
82.0,324.73172,3.0,109.887215,23.0,0.0,0.0,100.0,-7.0,7.0,8.0,24.0,2.0,25.0,-7.0,0.0,0.0,4.0,-8.0,3.0,1.0,0.0,50.0,0.0
81.0,178.32184,2.0,91.25455,49.622066,0.0,0.0,96.0,26.243687,6.0,6.0,53.507168,4.0,45.0,11.258231,1.0,1.0,16.600925,96.402824,5.0,6.0,1.0,66.50909,0.0
65.0,204.74461,2.0,71.56811,51.538116,0.0,0.0,97.0,13.8619795,6.0,6.0,63.90441,5.0,31.0,0.0,0.0,0.0,47.553963,88.0,13.881135,6.65873,4.585063,83.0,0.0
65.47355,130.0399,135.298,92.83249,7.0,2.0,2.0,71.18829,47.005207,6.0,2.0,9.0,0.0,59.18584,-7.0,1.0,1.0,50.843155,-8.0,1.0,1.0,-9.0,100.0,0.0
88.41978,108.30911,8.0,90.90718,13.877367,0.0,0.0,100.0,-7.0,7.0,8.0,16.0,0.0,13.0,3.0,0.0,0.0,6.0,-8.0,3.0,1.0,0.0,50.0,0.0
-9.0,-9.0,-9.0,-9.0,-9.0,-9.0,-9.0,-9.0,-9.0,-9.0,-9.0,-9.0,-9.0,-9.0,-9.0,-9.0,-9.0,-9.0,-9.0,-9.0,-9.0,-9.0,-9.0,0.0
81.0,413.72168,9.0,106.47599,13.0,0.0,0.0,84.458595,25.814684,6.0,5.0,11.0,1.0,50.0,-8.0,0.0,0.0,0.0,31.23329,1.0,2.0,0.0,43.0,0.0
75.0,194.18146,6.0,81.0,23.0,0.0,0.0,97.0,37.4121,6.0,4.0,21.42607,2.0,52.541275,-7.0,0.0,0.0,51.610226,49.55605,1.0,3.0,0.0,47.45069,0.0
80.0,254.05986,27.79372,119.65966,14.0,0.0,0.0,100.0,-7.0,7.0,8.0,13.083398,0.0,38.431995,4.0,0.0,0.0,51.124596,-8.0,3.0,1.0,0.0,91.22088,0.0
77.0,173.94263,12.0,84.42389,28.253288,1.0,1.0,97.0,7.542431,0.058069453,4.0,31.0,1.0,19.0,2.0,2.0,1.0,5.0,-8.0,2.0,1.0,0.0,22.936768,0.0
77.0,212.25134,3.0,66.52088,17.0,1.0,0.0,85.586525,60.27883,6.0,5.0,21.0,2.0,50.0,0.0,0.0,0.0,43.304173,80.27209,3.0,3.0,1.0,80.0,0.0
70.0,349.02725,8.0,81.0,30.008945,0.0,0.0,92.0,1.0,4.0,6.0,42.495102,1.0,56.918606,0.0,2.0,1.0,4.0,-8.0,6.0,6.0,0.0,85.3956,0.0
69.0,126.777855,8.929879,67.0,25.0,0.0,0.0,100.0,-7.0,7.0,8.0,28.0,3.0,53.05207,0.0,0.0,0.0,76.809586,90.62925,4.0,4.0,1.0,100.0,0.0
74.0,118.34653,159.57097,85.4022,14.148379,0.0,0.0,97.0,14.228111,4.0,6.0,14.0,0.0,67.091324,-7.2870398,0.0,0.0,1.0,-8.0,1.0,2.0,0.0,52.249805,0.0
-9.0,-9.0,-9.0,-9.0,-9.0,-9.0,-9.0,-9.0,-9.0,-9.0,-9.0,-9.0,-9.0,-9.0,-9.0,-9.0,-9.0,-9.0,-9.0,-9.0,-9.0,-9.0,-9.0,0.0
60.27592,134.19554,15.0,66.23376,3.7951722,1.0,0.8841222,93.0,3.6461504,4.0,4.546339,3.6113367,1.0,33.0,-7.0,0.0,0.0,34.242798,-8.0,3.0,-8.0,0.0,100.0,0.0
62.0,80.952995,3.0,42.658634,17.0,0.0,0.0,100.0,-7.0,7.0,8.0,17.591639,2.0,35.361553,0.0,2.0,1.4790447,94.736855,-8.0,7.0,1.0,2.0,100.0,0.0
88.13006,275.8987,4.0,107.42855,12.0,0.0,0.0,100.0,-7.0,7.0,8.0,7.6396294,2.0,19.905481,1.0,2.0,2.0,1.0,-8.0,2.0,2.0,0.0,44.0,0.0
71.0,208.51949,5.0,99.63471,30.0,0.0,0.0,94.0,22.284475,6.0,6.0,34.0,3.0,35.23247,-7.0,0.0,0.0,28.149841,92.79279,6.0,5.775702,1.0,76.29765,0.0
79.0,165.22614,2.808807,64.43938,21.904375,0.0,0.0,100.0,-7.0,7.0,8.0,24.48701,2.0,20.0,0.0,2.2071998,2.0,58.602356,-8.0,3.0,2.0,1.0,69.45929,0.0
64.0,-1.5882546,15.429616,77.0,12.960744,1.0,0.0,68.75632,2.0,-7.797285,4.7394814,5.443161,0.0,24.0,-7.0,3.0,3.0,28.0,52.039906,2.0,1.0,0.0,56.0,0.0
85.0,243.97456,2.0,86.0,15.0,0.0,0.0,97.0,-7.0,6.0,6.0,17.0,3.0,20.762949,-8.0,0.0,0.0,1.0,-8.0,2.0,2.0,0.0,46.5366,0.0
63.0,132.43796,9.0,102.33857,30.0,0.0,0.0,90.0,16.520334,6.0,6.0,9.0,2.0,13.937498,12.0,0.0,0.0,47.351315,84.01194,13.602287,2.0,4.349446,83.0,0.0
60.378,106.24033,15.0,66.52205,11.0,1.0,0.0,85.18028,21.608822,6.0,4.0,14.0,2.0,30.0,0.0,0.0,0.0,68.72674,95.393394,4.0,2.0,4.3008056,76.87694,0.0
82.0,193.73122,6.0,118.86446,39.394844,0.0,0.0,100.0,-7.0,7.0,8.0,33.0,6.0,25.207438,0.0,0.0,0.0,10.0,9.416925,6.0,3.0,0.0,41.75242,0.0
64.1551,164.29143,8.0,71.0,42.726517,0.0,0.0,100.0,48.90001,6.0,6.0,40.938774,1.0,21.0,-7.0,2.0824966,2.0,63.72636,-8.0,8.0,1.0,3.0,50.0,0.0
-9.0,-9.0,-9.0,-9.0,-9.0,-9.0,-9.0,-9.0,-9.0,-9.0,-9.0,-9.0,-9.0,-9.0,-9.0,-9.0,-9.0,-9.0,-9.0,-9.0,-9.0,-9.0,-9.0,0.0
73.28457,155.43282,8.0,134.5079,14.245641,0.0,0.0,93.0,13.901506,6.0,6.0,-9.0,1.0,36.0,2.0,0.0,0.0,30.206562,-8.0,4.0,1.0,1.0,88.53166,0.0
81.917244,404.5567,7.0,90.0,45.770386,0.0,0.0,96.0,22.298702,6.0,6.0,59.819714,1.0,10.740358,11.193595,0.0,0.0,13.526365,-8.0,11.0,1.0,0.0,60.0,0.0
75.0,220.1553,3.8184125,78.489174,22.565277,0.0,0.0,94.0,24.475601,6.0,6.0,27.0,2.0,23.985298,-8.0,0.0,0.0,7.398551,60.528088,4.0,4.286666,0.0,53.143703,0.0
77.0,210.88304,3.0,77.43749,31.0,0.0,0.0,100.0,-7.0,7.0,8.0,46.624474,2.0,28.789888,0.0,1.0,1.0,15.0,-8.0,5.0,1.0,1.0,40.0,0.0
84.0,342.83914,19.408821,86.0,11.0,0.0,0.0,93.0,12.9433775,6.0,6.0,14.0,0.0,18.615816,0.0,0.0,0.0,0.0,-8.0,0.0,1.0,0.0,33.0,0.0
75.0,220.0219,3.0,60.360306,37.73574,0.0,0.0,100.0,-7.0,7.0,8.0,38.62013,6.9731865,30.0,-7.0,4.0,3.0,1.0,96.57334,3.0,4.0,0.0,44.0,0.0
66.84405,197.46416,4.0,65.0,15.0,0.0,0.0,84.42252,38.533394,6.0,6.0,14.0,2.0,14.14923,5.0,1.0,1.0,61.06533,56.62837,6.7386045,1.0,4.386825,88.0,0.0
91.0,290.87222,20.0,97.0,10.0,0.0,0.0,100.0,-7.0,7.0,8.0,8.945647,0.0,-9.0,-7.0,0.0,0.0,2.0,-8.0,1.0,-8.0,0.0,10.737841,0.0
81.0,154.30016,2.0,56.538094,21.0,0.0,0.0,100.0,-7.0,7.0,8.0,29.0,1.0,35.54613,5.358718,1.0,1.0,10.770903,76.0,4.0,2.0,0.0,69.39173,0.0
81.0,347.2455,11.177396,99.33521,36.0,0.0,0.0,100.0,-7.0,7.0,8.0,34.689625,1.0,46.0,2.0,0.0,0.0,13.0,55.95744,3.0,3.0,1.0,43.0,0.0
85.64257,271.56253,5.0,96.948685,24.0,0.0,0.0,100.0,-7.0,7.0,8.0,27.0,1.0,52.396946,0.0,0.0,0.0,17.0,71.0,3.0,5.0,0.0,64.0,0.0
78.0,272.3816,21.460241,138.33287,29.0,0.0,0.0,95.0,23.134642,6.0,6.0,29.0,0.0,35.40671,0.0,2.0,2.0,6.0,88.00717,3.0,2.0,0.0,40.0,0.0
83.0,207.18388,3.0,97.81697,16.0,0.0,0.0,100.0,-7.0,7.0,8.0,18.080885,2.0,74.28233,0.0,0.0,0.0,8.44993,77.379326,1.0,4.0,0.0,70.0,0.0
84.44026,262.9649,6.0,116.637794,22.0,0.0,0.0,100.0,-7.0,7.0,8.0,24.220333,2.0,13.0,2.0,0.0,0.0,1.0,9.011916,4.0,1.0,0.0,38.0,0.0
64.0,219.37935,1.4238487,93.0,24.0,0.0,0.0,82.28952,-7.0,-9.0,6.0,25.443457,3.0,38.0,0.0,2.0,2.0,30.428192,34.103085,4.0,6.2518373,0.0,73.13074,0.0
55.90377,158.63596,5.0,55.508762,15.0,1.0,0.0,91.0,-6.8761687,0.0,6.0,18.892,4.0,38.0,-7.0,2.0,2.0,36.0,90.30677,6.0,3.0,1.0,98.45487,0.0
83.0,86.13444,12.0,93.66981,30.0,0.0,0.0,100.0,-7.0,7.0,8.0,12.0,1.0,20.0,0.0,3.0,2.0,22.5863,-8.0,4.0,1.0,0.0,47.962696,0.0
92.86099,390.44232,53.492886,181.4143,9.0,0.0,0.0,100.0,-7.0,7.0,8.0,9.0,0.0,-3.822911,-7.0,0.0,0.0,1.0,-8.0,2.0,-8.0771675,0.0,33.0,0.0
86.72053,164.10051,2.0,77.49092,18.0,0.0,0.0,100.0,-7.0,7.0,8.0,23.0,3.0,28.0,3.7005396,0.0,0.0,7.0,82.804985,1.5645628,2.0,0.0,46.377163,0.0
59.642494,170.81165,4.0,58.0,12.0,2.7273877,3.1880145,83.00302,4.813101,6.0,-5.6865487,11.0,2.0,75.49693,1.0,0.0,0.0,32.0,91.0,4.0,1.0,0.0,100.0,0.0
-9.0,-9.0,-9.0,-9.0,-9.0,-9.0,-9.0,-9.0,-9.0,-9.0,-9.0,-9.0,-9.0,-9.0,-9.0,-9.0,-9.0,-9.0,-9.0,-9.0,-9.0,-9.0,-9.0,0.0
71.59409,208.59653,3.0,90.0,21.0,1.0,1.0,94.0,18.74844,6.0,2.0,20.0,2.0,21.0,5.0,0.0,0.0,11.0,-8.0,3.0,1.0,0.0,29.177984,0.0
75.0,123.339806,6.0,49.883904,24.0,0.0,0.0,100.0,-7.0,7.0,8.0,32.0,5.1231256,35.228676,0.0,4.0,4.0,12.0,14.461554,5.0,2.0,0.0,64.0,0.0
85.0,286.2651,23.783234,108.27974,28.0,0.0,0.0,100.0,-7.0,7.0,8.0,23.050268,0.0,31.0,1.321917,0.0,0.0,1.0,-8.0,1.0,2.0,0.0,33.0,0.0
78.0,144.35909,1.0,72.163445,15.0,0.0,0.0,100.0,-7.0,7.0,8.0,16.0,1.0,56.639877,0.0,0.0,0.0,73.16386,67.925705,4.0,2.0,2.0,100.0,0.0
76.0,147.86067,3.0,44.801155,27.0,0.0,0.0,100.0,-7.0,7.0,8.0,31.0,1.0,17.0,0.0,2.0,2.0,26.839222,77.13012,2.0,1.0,2.0,24.686977,0.0
79.0,271.1761,2.0,115.348854,34.0,0.0,0.0,100.0,-7.0,7.0,8.0,37.511833,2.0,48.503662,0.0,6.766544,6.5101166,4.4130073,-8.0,5.0,3.0,1.0,52.054783,0.0
70.0,234.23602,0.9847379,81.22014,44.704964,0.0,1.0,97.0,26.546926,6.0,5.0,41.979607,6.1533237,20.852915,1.0,3.0,2.0,4.635992,-8.0,6.0,2.0,0.0,47.243416,0.0
82.0,190.4041,6.0,61.0,29.586283,0.0,0.0,100.0,-7.0,7.0,8.0,38.0,2.0,67.39631,-7.0,0.0,0.0,11.0,90.95112,2.0,4.0,0.0,70.06833,0.0
88.0,260.8765,23.837515,82.408394,15.228499,0.0,0.0,100.0,-7.0,7.0,8.0,15.0,0.0,67.07881,0.0,0.0,0.0,1.0,53.19027,1.0,6.0,0.0,67.0,0.0
89.0,309.183,16.0,153.22876,16.0,0.0,0.0,100.0,-7.0,7.0,8.0,22.0,0.0,20.193775,18.342688,0.0,0.0,1.0,-8.0,2.0,-9.0,0.0,24.073114,0.0
69.0,251.74736,15.0,72.0,12.0,2.0,1.0,73.86036,13.542063,6.0,2.0,15.0,0.0,36.0,13.39582,0.0,0.0,1.0,23.63724,1.4945853,1.7008741,0.0,54.85813,0.0
92.21201,450.52927,133.59543,172.17729,-9.0,0.0,0.0,100.0,-7.0,7.0,8.0,4.4243264,0.0,37.84253,0.0,1.0,1.0,0.6332937,-8.0,1.0,1.0,0.0,50.0,0.0
81.0,278.86136,2.0,77.64881,34.679325,0.0,0.0,100.0,-7.0,7.0,8.0,45.33802,2.0,14.0,0.0,2.0,1.0,1.0,86.47989,6.1158876,2.0,0.0,100.0,0.0
72.0,206.80638,8.0,165.68001,22.651836,0.0,0.0,100.0,-7.0,7.0,8.0,26.065228,1.0,21.0,-8.0,0.0,0.0,55.256313,52.70666,9.788169,2.0,3.0,100.0,0.0
83.0,215.1322,10.0,72.56071,17.0,0.0,0.0,83.32579,4.0,6.0,6.0,21.02193,1.0,26.120308,-8.0,0.0,0.0,0.0,48.78407,1.0,2.0,0.0,36.45471,0.0
71.527176,296.8739,9.808235,72.48231,38.611073,0.0,0.0,93.0,35.660572,6.0,6.0,37.0,2.6867874,9.662158,11.841295,0.0,0.0,18.545898,76.82104,5.0,3.0,1.0,40.0,0.0
68.0,373.39102,7.0,102.07135,22.0,1.0,0.0,79.10322,4.0,4.0,2.0,27.0,1.0,23.0,0.0,4.805903,5.0,6.2649903,-8.0,3.0,1.0,0.0,44.0,0.0
83.0,244.95198,9.0,98.16598,42.83393,0.0,0.0,100.0,-7.0,7.0,8.0,38.0,2.0,18.0,0.0,1.0,1.0,13.110273,-8.0,4.0,-8.0,0.0,32.571327,0.0
72.65841,207.93324,11.0,56.26882,8.751987,0.0,0.0,100.0,-7.0,7.0,8.0,14.0,0.0,23.934334,0.0,2.0,1.0,70.7676,69.85991,4.0,2.0,0.0,88.294914,0.0
-7.847911,263.34106,8.003472,122.244545,16.0,0.0,0.0,91.0,4.3214574,-9.0,6.0,15.316974,1.0,45.93945,1.0,2.0,2.0,95.86097,49.54898,3.0,2.0,2.0,100.0,0.0
70.0,233.736,7.0,96.67198,25.0,0.0,0.0,96.0,47.11035,6.0,6.0,27.0,2.0,25.0,0.0,2.0,2.0,28.0,82.0,3.4631076,3.0,0.0,60.0,0.0
66.65427,84.43969,4.0,28.040596,12.0,2.0,0.0,86.00224,33.31481,6.0,2.9912906,15.0,2.0,65.80778,0.0,2.0,2.0,91.82371,80.05885,2.0,3.0,0.0,75.0,0.0
87.0,404.43195,63.523373,126.86804,12.0,0.0,0.0,100.0,-7.0,7.0,8.0,12.0,0.0,30.0,0.0,0.0,0.0,24.597897,-8.0,1.0,1.0,0.0,39.472366,0.0
83.0,111.2267,2.0,50.12775,18.0,0.0,0.0,100.0,-7.0,7.0,8.0,25.0,2.0,40.0,-8.0,1.0,1.0,17.0,-8.0,3.0,1.0,0.0,70.0,0.0
66.0,409.4162,3.0,150.22166,26.78035,0.0,0.0,93.0,48.17161,6.0,6.0,34.0,1.0,31.0,-8.0,1.0,2.0,67.413734,55.04877,4.0,5.0,8.664276,75.66105,0.0
69.0,399.90414,5.0,80.0,47.63379,0.0,0.0,88.0,-7.0,4.0,6.0,60.227634,2.0,22.0,0.0,0.0,0.0,18.652216,95.26279,9.0,3.0,1.0,50.0,0.0
69.41355,142.37364,4.0,53.65637,31.258234,1.4383637,0.0,86.55499,12.618723,6.0,5.0,32.0,2.0,20.0,0.0,1.0,1.0,10.0,91.0,3.0,1.0,0.0,40.537903,0.0
76.0,232.76366,1.0,106.39288,16.0,0.0,0.0,100.0,-7.0,7.0,8.0,21.0,2.0,15.640734,0.0,1.0,1.0,26.936655,-8.0,4.0,1.0,2.0,57.0,0.0
63.0,369.93338,4.0,167.28958,43.68934,0.0,0.0,88.0,29.679834,6.0,6.0,29.752064,1.0,23.200714,-7.0,3.0,2.0,61.313427,77.98855,9.0,4.0593696,1.0,75.0,0.0
-9.0,-9.0,-9.0,-9.0,-9.0,-9.0,-9.0,-9.0,-9.0,-9.0,-9.0,-9.0,-9.0,-9.0,-9.0,-9.0,-9.0,-9.0,-9.0,-9.0,-9.0,-9.0,-9.0,0.0
87.0,311.96692,7.0,99.93499,20.0,0.0,0.0,100.0,-7.0,7.0,8.0,9.0,2.0,27.532743,0.0,0.0,0.0,16.0,78.24444,3.0,1.0,0.0,53.253563,0.0
65.0,241.64827,26.532007,123.021324,20.0,0.0,0.0,77.56169,12.980514,6.0,6.0,23.798365,0.0,19.0,2.0,1.0,1.0,110.577866,-8.0,8.0,-7.6446896,7.647126,91.92663,0.0
59.882015,139.58615,6.0,75.23659,19.0,0.0,0.0,84.532166,29.907913,4.4873304,6.0,20.0,3.0,23.0,0.0,0.0,0.0,52.958363,91.0,7.0,2.0,4.001701,65.994026,0.0
90.99222,190.4083,33.99248,99.75169,8.0,0.0,0.0,100.0,-7.0,7.0,8.0,9.0,0.0,6.6308208,-7.0,0.0,0.0,0.7196253,-8.0,1.0,-4.7752504,0.0,20.992855,0.0
89.24617,382.3133,66.44122,213.53845,7.0,0.0,0.0,100.0,-7.0,7.0,8.0,11.0,0.0,25.0,18.019968,0.0,0.0,9.0,-8.0,3.0,1.0,0.0,83.0,0.0
86.0,302.3995,4.0,94.0,39.0,0.0,0.0,100.0,-7.0,7.0,8.0,18.0,4.0,19.0,-8.0,0.0,0.0,8.0,-8.0,6.0,-8.0,0.0,44.197487,0.0
79.0,199.30824,13.580176,66.150345,10.0,1.0,0.0,94.0,33.197487,6.0,5.0,14.0,0.0,54.483414,12.086351,0.0,0.0,36.38,-8.0,1.0,2.0,0.0,75.0,0.0
85.0,452.6331,1.0,119.080315,32.614594,0.0,0.0,100.0,-7.0,7.0,8.0,29.439117,1.0,24.0,7.363107,1.0,1.0,15.0,49.945953,7.0,2.0,0.0,50.0,0.0
63.94091,226.23984,6.0,66.85412,25.0,1.0,0.0,86.12627,11.945115,4.0,4.0,28.0,2.0,38.0,0.0,2.0,1.0,45.582867,85.68718,9.0,2.0,3.863133,60.0,0.0
79.0,334.9739,2.0,110.8064,19.0,0.0,0.0,100.0,-7.0,7.0,8.0,22.0,2.0,14.0,7.750661,1.0,0.0,21.0,-8.0,4.0,1.0,2.0,33.0,0.0
78.0,176.87062,1.0,63.0,28.0,0.0,0.0,100.0,-7.0,7.0,8.0,28.0,6.0,24.101124,0.0,2.0,2.0,9.0,126.50143,5.0,2.0,1.0,47.866108,0.0
73.633514,207.90533,10.0,97.34852,29.0,2.0,2.0,90.0,65.843796,6.0,4.0,28.0,0.0,25.0,0.0,1.0,1.0,59.740128,27.22107,2.0,1.0,0.0,57.0,0.0
80.0,200.49413,4.157262,53.220253,12.0,0.0,0.0,100.0,-7.0,7.0,8.0,15.0,2.0,40.0,7.4300027,0.0,0.0,17.386896,65.68422,5.281344,3.0,0.0,77.81208,0.0
78.0,391.6058,12.116504,100.0,33.0,0.0,0.0,100.0,-7.0,7.0,8.0,42.681152,0.0,14.0,-7.0,2.0,2.0,2.5422504,71.46977,3.0,1.0,0.0,41.64269,0.0
77.31542,113.438545,7.0,54.410656,39.598385,0.0,0.0,100.0,-7.0,7.0,8.0,38.382458,2.0,17.0,21.636284,0.0,0.0,14.0,-8.0,6.0,1.0,0.0,49.281178,0.0
70.0,152.97261,6.0,66.07626,26.0,0.0,0.0,97.0,-7.0,4.0,6.0,25.0,2.0,16.28296,0.0,0.0,0.0,44.305138,86.63427,2.0,1.0,1.0,40.533714,0.0
68.65801,239.08203,10.0,74.42654,32.0,0.0,0.0,100.0,-7.0,6.0,8.0,33.0,0.0,21.0,0.0,0.0,0.0,45.623962,46.769756,6.0,2.0,3.0,54.68422,0.0
63.0,149.17064,4.0,18.424496,36.0,0.0,0.0,100.0,-7.0,7.0,8.0,34.0,10.728181,25.0,0.0,3.0,2.0,66.890076,-8.0,20.551073,2.0,3.0,77.68254,0.0
68.0,357.56403,6.0,117.134834,22.0,1.0,1.0,83.41592,6.916107,6.0,3.6996582,20.0,2.0,15.0,1.0,3.0,2.0,33.773777,-8.0,9.0,1.0,1.0,67.0,0.0
66.0,183.95543,17.0,196.9574,3.7744226,1.0,0.0,65.60831,4.0,2.585282,6.0,8.0,0.0,31.0,0.0,2.0,2.0,46.239407,78.70597,3.0,2.0,0.0,67.0,0.0
82.0,239.23483,3.0,135.82985,24.9448,0.0,0.0,95.0,6.0,6.0,6.0,28.0,1.2064413,21.812935,-7.0,1.0,1.0,11.0,58.63567,4.0,2.0,0.0,40.0,0.0
75.0,131.68767,5.0,48.74551,13.0,0.0,0.0,100.0,-7.0,7.0,8.0,16.54235,1.0,33.0,0.34650147,1.0,1.0,44.68935,75.840355,2.0,3.0,2.0,100.0,0.0
-9.0,-9.0,-9.0,-9.0,-9.0,-9.0,-9.0,-9.0,-9.0,-9.0,-9.0,-9.0,-9.0,-9.0,-9.0,-9.0,-9.0,-9.0,-9.0,-9.0,-9.0,-9.0,-9.0,0.0
73.59249,361.72626,2.0,119.47687,28.0,0.0,0.0,100.0,-7.0,7.0,8.0,41.384716,3.0,27.0,-7.0,6.8617454,6.8653097,36.74904,98.81388,6.0,2.0,1.0,60.0,0.0
87.0,347.41068,11.0,144.55399,16.648035,0.0,0.0,95.0,43.222237,6.0,6.0,17.0,1.0,16.0,-8.0,0.0,0.0,8.0,-8.0,2.0,-8.0,0.0,50.0,0.0
88.0,326.04727,10.968265,98.19802,18.0,0.0,0.0,100.0,-7.0,7.0,8.0,24.0,1.0,22.0,0.0,0.0,0.0,8.0,-8.0,3.0,1.0,0.0,75.0,0.0
71.0,240.5769,6.0,99.110565,10.0,0.0,0.0,100.0,-7.0,7.0,8.0,9.0,2.0,7.07089,-7.0,3.0,3.0,59.510883,-8.0,4.0,1.0,1.9659473,99.53089,0.0
87.0,249.6126,26.487516,113.31741,31.866104,0.0,0.0,100.0,-7.0,6.0,6.0,36.216328,0.0,41.0,-7.0,0.0,0.0,1.0,26.835466,3.0,3.0,0.0,50.0,0.0
79.0,186.81758,4.0,63.0,14.0,0.0,0.0,100.0,-7.0,7.0,8.0,15.350134,3.0,27.0,0.0,0.0,0.0,23.76074,52.70973,5.0,2.0,1.0,63.018703,0.0
71.0,15.792959,10.0,52.80009,20.0,0.0,0.0,100.0,-7.0,7.0,8.0,16.0,1.0,21.0,0.0,2.0,2.0,51.18022,-8.0,6.0,2.0,0.0,83.0,0.0
76.0,240.0751,2.0,127.99211,18.0,0.0,0.0,97.0,9.58308,6.0,6.0,16.0,2.0,16.0,0.0,0.0,0.0,44.910244,-8.0,4.0,1.0,0.0,72.927826,0.0
76.0,303.8981,5.0,115.10204,12.0,0.0,0.0,84.676994,53.869534,6.0,6.0,11.0,3.0,32.0,0.0,0.0,0.0,31.452433,88.0,7.0,1.0,0.0,80.0,0.0
80.786385,229.84572,7.9516506,86.0,30.0,0.0,0.0,100.0,-7.0,7.0,8.0,30.0,0.0,25.0,-7.0,2.6164377,2.0,15.019034,-8.0,5.0,2.0,1.0,54.714455,0.0
76.0,178.72903,2.0,91.52814,33.379044,0.0,0.0,100.0,-7.0,4.0,6.0,35.0,1.0,46.56861,0.0,0.0,0.0,14.0,50.72052,6.0,2.0,3.0,60.93389,0.0
82.0,205.40999,4.0,73.21662,28.330774,0.0,0.0,100.0,-7.0,5.0,8.0,28.0,4.0,58.781258,0.0,3.0,2.0,17.0,88.89664,4.0,2.0,0.0,67.0,0.0
74.0,113.846954,6.0,29.103785,15.0,0.0,0.0,100.0,-7.0,7.0,8.0,17.732105,1.0,30.6681,-8.0,0.0,0.0,51.126602,65.07123,4.0,2.0,0.0,83.0,0.0
73.0,297.5267,21.730347,92.0,12.0,3.4946446,5.6063538,79.45018,27.844913,6.0,-9.0,9.0,0.0,23.0,0.0,1.0,1.0,10.903768,-8.0,3.0,1.0,0.0,69.22922,0.0
62.0,91.8542,5.0,54.146976,17.0,1.0,1.0,93.0,0.23412378,3.4233973,5.0,19.0,2.0,21.607874,0.0,0.0,0.0,62.20335,8.430272,9.213553,1.0,3.0,100.0,0.0
86.0,147.44798,4.0,46.506985,10.80271,0.0,0.0,100.0,-7.0,7.0,8.0,13.0,1.009435,31.8207,9.0,0.0,0.0,1.0,-8.0,1.0,1.0,0.0,50.0,0.0
-9.0,-9.0,-9.0,-9.0,-9.0,-9.0,-9.0,-9.0,-9.0,-9.0,-9.0,-9.0,-9.0,-9.0,-9.0,-9.0,-9.0,-9.0,-9.0,-9.0,-9.0,-9.0,-9.0,0.0
79.0,187.41856,10.0,97.341,20.0,0.0,0.0,100.0,-7.0,7.0,8.0,17.0,0.0,66.88184,-7.0,0.0,0.0,44.16442,83.363976,2.0,2.0,1.0,71.0,0.0
79.123764,197.79958,54.944805,115.65589,-3.2472467,0.0,0.0,100.0,-7.0,7.0,8.0,8.568401,0.0,33.0,-8.0,0.0,0.0,43.991367,-8.0,1.4852962,-8.0,-9.0,100.0,0.0
77.0,178.2354,0.7781061,90.0,21.0,0.0,0.0,100.0,-7.0,7.0,8.0,24.0,4.662194,21.013184,0.0,1.0,1.0,46.087852,84.06631,3.0,6.5090623,2.0,56.0,0.0
71.0,139.89427,8.0,76.0,23.0,0.0,0.0,100.0,-7.0,7.0,8.0,27.0,1.0,21.051577,0.0,0.0,0.0,25.22087,60.074688,3.0,2.0,1.0,50.0,0.0
81.91402,250.4689,18.769457,114.20566,20.0,0.0,0.0,95.0,36.048668,6.0,6.0,23.0,0.0,22.0,0.0,1.0,1.0,8.614643,-8.0,1.0,1.0,0.0,44.0,0.0
72.0,177.94466,5.0,70.95154,36.0,1.0,1.0,96.0,52.276073,6.0,3.0,53.73804,6.0,24.0,0.46482804,2.0,1.562632,35.42013,48.055584,7.0,5.768379,1.0,56.0,0.0
81.0,163.58295,1.5578189,69.53097,12.0,0.0,0.0,95.0,78.811066,6.0,6.0,14.732539,2.0,21.0,1.0,2.3818085,2.0,13.252477,100.0,4.0,2.0,0.0,75.92079,0.0
84.0,218.30853,10.0,129.88377,35.96903,0.0,0.0,100.0,-7.0,7.0,8.0,21.0,0.0,24.0,-8.0,0.0,0.0,7.0,36.431858,4.0,1.0,0.0,44.426136,0.0
83.0,-9.0,10.894281,77.18019,-9.0,0.0,0.0,100.0,-7.0,7.0,8.0,7.0,1.0,28.77816,-8.0,0.0,0.0,43.405533,-8.0,2.0,-8.0,0.0,83.0,0.0
83.0,183.83931,5.0,65.41199,37.722958,0.0,0.0,98.0,70.80651,6.0,6.0,42.19258,1.0,14.301053,3.0,0.0,0.0,9.0,97.65951,6.0,2.0,1.0,29.91483,0.0
88.890656,214.43095,9.0,239.82681,11.0,0.0,0.0,100.0,-7.0,7.0,8.0,3.1224735,0.0,12.5178175,21.838722,0.0,0.0,21.0,-8.0,4.0,1.0,0.0,73.0,0.0
84.0,232.9528,22.187105,178.1433,15.0,0.0,0.0,100.0,-7.0,7.0,8.0,15.0,0.0,17.129839,0.0,0.0,0.0,24.769361,-8.0,4.0,1.0,1.0,43.0,0.0
73.0,209.70064,7.0,65.69293,31.0,0.0,0.0,100.0,-7.0,7.0,8.0,32.0,2.0,50.0,0.0,2.0,2.0,42.926254,43.08119,2.0,5.0,0.0,49.800488,0.0
73.47419,187.80501,5.0,125.85735,23.0,0.0,0.0,88.103966,37.652233,6.0,6.0,16.0,2.0,38.0,12.0,0.0,0.0,32.228203,12.239027,5.0,1.0,0.0,50.0,0.0
70.0,237.39095,6.0,86.93106,42.14839,0.0,0.0,100.0,-7.0,7.0,8.0,50.25946,2.0,60.33123,4.0,1.0,1.0,52.78792,38.78026,5.7290955,3.0,3.0,78.0,0.0
85.0,187.22824,14.809523,74.0,29.0,0.0,0.0,100.0,-7.0,7.0,8.0,29.322329,0.0,33.0,4.0,0.0,0.0,1.0,70.46776,1.0,2.0,0.0,44.0,0.0
-9.0,-9.0,-9.0,-9.0,-9.0,-9.0,-9.0,-9.0,-9.0,-9.0,-9.0,-9.0,-9.0,-9.0,-9.0,-9.0,-9.0,-9.0,-9.0,-9.0,-9.0,-9.0,-9.0,0.0
87.0,221.85706,6.0,70.0,26.615572,0.0,0.0,100.0,-7.0,7.0,8.0,23.0,1.0,29.60323,0.0,0.0,0.0,0.0,-8.0,2.0,2.0,0.0,33.0,0.0
59.934593,158.23677,14.0,70.707054,21.0,1.0,1.0,90.0,29.470997,6.0,3.0,29.0,0.0,23.0,0.0,2.9644957,3.0,91.86313,93.020226,6.0,3.0,3.0,86.96428,0.0
68.0,190.45226,14.0,71.63722,31.184347,0.0,0.0,95.953835,54.597942,6.0,6.0,43.917633,0.0,46.0,-8.0,1.0,1.0,58.09694,-8.0,5.0,4.0,5.824467,67.0,0.0
81.0,119.26938,4.0,63.88365,15.0,0.0,0.0,100.0,-7.0,7.0,8.0,18.0,2.0,75.27273,12.0,1.0,1.0,42.954063,88.29564,1.0,3.0,0.0,87.975914,0.0
68.0,129.40543,3.0,64.91802,24.0,1.0,0.0,84.761795,9.7290125,6.0,5.0,23.0,1.0,14.0,16.0,0.0,0.0,19.0,-8.0,4.0,2.0,0.0,50.0,0.0
56.034767,193.09703,6.3944774,80.0,19.133812,1.0,0.0,93.1223,10.46337,4.0,4.0,24.0,1.0,56.179893,-7.0,5.0,4.3772964,76.85407,95.77678,3.0,3.0,3.0,85.74165,0.0
88.0,720.9101,64.63369,277.86176,7.0,0.0,0.0,100.0,-7.0,7.0,8.0,9.0,0.0,14.986296,2.0,2.0,2.0,2.0,-8.0,1.0,-8.0,0.0,40.0,0.0
73.24923,209.72932,10.839237,103.287964,49.909935,1.0,1.0,91.9574,24.409182,6.0,5.0,67.25791,2.0,29.41628,0.0,6.2154202,5.29753,4.3688045,-8.0,6.0,1.0,0.0,41.928818,0.0
73.0,326.4406,8.0,155.78627,16.153019,1.0,0.0,87.40519,44.33724,6.0,5.0,17.0,0.0,43.0,-4.496512,0.0,0.0,40.189026,-8.0,2.4432123,1.0,0.0,100.0,0.0
78.0,112.748764,13.0,61.338356,16.558924,0.0,0.0,100.0,-7.0,7.0,8.0,12.0,0.15427467,30.0,-7.0,0.0,0.0,21.0,-8.0,4.0,2.0,1.0,78.675285,0.0
-9.0,164.57866,13.628023,65.0,11.814498,3.0,1.2156119,56.85253,2.0,4.0,2.0,13.0,0.0,36.021782,0.0,2.0,2.0,91.778595,93.0,3.0,3.0,1.0,100.0,0.0
66.0,138.78795,4.0,60.745373,11.199619,2.0,1.0,79.68779,36.546757,6.0,2.0,13.007806,3.0,30.219301,0.0,0.0,0.0,43.92152,62.06459,2.0,2.0,0.0,70.407364,0.0
87.79334,342.22467,11.173664,151.41267,18.0,0.0,0.0,100.0,-7.0,7.0,8.0,17.0,0.0,23.0,-9.0,0.0,0.0,15.58768,-8.0,4.0,-8.0,0.0,35.5061,0.0
85.0,263.95984,5.0,196.0178,8.698709,0.0,0.0,83.818214,41.588406,6.0,6.0,7.8658795,1.0,20.0,11.762638,1.0,1.0,3.0,92.335655,1.0,1.0,0.0,50.0,0.0
67.65358,232.87222,11.0,100.0,12.0,2.477042,2.0,70.96348,36.574448,6.0,2.0,12.0,0.0,22.0,-7.0,0.0,0.0,44.65424,-8.0,4.0,1.0,0.0,68.344,0.0
75.53178,199.08339,11.0,81.59228,26.0,0.0,0.0,93.75574,16.084892,6.0,6.0,25.54352,1.0,65.43535,0.0,1.0,0.0,1.0,18.561771,2.0,2.0,0.0,38.0,0.0
73.80006,140.68832,1.0,53.62456,6.360313,1.0,0.0,81.71344,65.46719,6.0,5.0,7.3639927,4.0,50.0,-7.0,0.0,0.0,7.0,-8.0,1.0,1.0,0.0,50.6507,0.0
84.0,365.05756,4.0031776,111.259865,13.794599,0.0,0.0,100.0,-7.0,7.0,8.0,15.0,2.0,26.920431,0.0,1.0,1.0,0.0,-8.0,1.0,2.0,0.0,29.71619,0.0
72.0,255.07828,4.329851,68.0,19.0,0.0,0.0,100.0,-7.0,7.0,8.0,18.0,1.0,29.0,0.0,1.0,1.0,25.400381,74.24772,5.0,3.0,0.0,80.0,0.0
69.0,228.84898,21.87375,93.31878,18.0,0.0,0.0,84.62403,24.962767,6.0,5.0,20.0,0.0,34.85013,3.475248,0.0,0.0,40.54609,18.087143,4.0,2.0,0.0,80.0,0.0
87.27308,262.0274,5.0,172.93944,9.0,0.0,0.0,100.0,-7.0,7.0,8.0,10.799634,2.0,21.992044,0.0,0.0,0.0,0.2624641,-8.0,1.0,-8.0,0.0,47.170002,0.0
77.0,274.74225,4.0,117.47184,21.0,0.0,0.0,94.60225,51.279434,6.0,6.0,17.0,2.0,33.0,0.0,0.0,0.0,40.961636,76.0,4.0,2.0,0.0,63.0,0.0
76.0,245.14134,9.0,94.0,15.545851,0.0,0.0,96.782845,9.28454,5.0,6.0,12.0,1.0,30.0,2.0,1.0,1.0,22.931086,81.137085,4.0,2.0,0.0,82.133064,0.0
72.0,198.00781,6.0,88.29555,28.296993,0.0,0.0,96.0,40.765198,6.0,6.0,25.0,1.0,38.0,1.0,0.0,0.0,44.978428,25.09968,3.0,2.0,1.0,44.0,0.0
82.0,161.41177,2.2796445,72.27501,12.002909,0.0,0.0,100.0,-7.0,4.0,6.0,9.0,1.0,53.063942,1.0,0.0,0.0,-8.541961,100.0,1.0,2.0,0.0,83.0,0.0
-9.0,184.88937,2.0,88.422905,13.0,4.742534,2.4962304,-9.0,-7.0,-9.0,5.0,19.183125,1.0,37.0,0.0,0.0,0.0,60.806057,19.242567,2.0,2.0,0.0,80.0,0.0
54.90189,306.93256,-9.0,124.95647,35.42199,0.0,0.0,96.0,4.34887,5.0,6.0,37.856514,2.0,30.644005,0.0,4.406246,4.5737696,94.94165,38.13425,7.0,4.0,3.0,73.06561,0.0
84.34561,152.73155,3.0,72.0,16.0,0.0,0.0,100.0,-7.0,7.0,8.0,17.0,1.0,43.0,0.0,2.0,2.0,0.0,-8.0,1.0,2.0,0.0,33.0,0.0
-9.0,-9.0,-9.0,-9.0,-9.0,-9.0,-9.0,-9.0,-9.0,-9.0,-9.0,-9.0,-9.0,-9.0,-9.0,-6.621302,-9.0,-9.0,-9.0,-9.0,-9.0,-9.0,-9.0,0.0
70.0,321.30734,15.967127,107.972565,25.906546,1.0,0.0,91.0,1.0,4.0,6.0,34.0,0.0,33.0,0.0,0.0,0.0,19.987558,-8.0,9.320769,2.0,0.0,68.37782,0.0
74.0,177.70367,3.0,88.12831,41.217873,0.0,0.0,100.0,-7.0,6.6791687,8.0,46.579117,2.875644,42.0,-7.0,0.0,0.0,39.162563,90.99431,6.0,3.4975064,1.0,88.10759,0.0
74.0,149.29247,11.0,71.0,17.0,0.0,0.0,100.0,-7.0,7.0,8.0,18.235468,1.0,73.15385,1.0,2.0,2.0,58.36959,84.01843,3.0,3.0,0.0,88.0,0.0
75.0,139.26355,3.0,56.496613,29.0,0.0,0.0,100.0,-7.0,7.0,8.0,26.0,3.0,36.0,-6.2764587,3.6469145,3.0,19.0,87.348404,4.0,3.0,0.0,64.0,0.0
76.0,269.099,2.0,94.38011,23.0,0.0,0.0,88.0,-7.0,6.0,6.0,25.0,2.0,39.027,3.0,1.0,1.0,14.446745,58.79012,4.0,2.0,0.0,57.0,0.0
62.248074,227.30785,6.0,80.635475,20.0,0.0,0.0,100.0,-7.0,7.0,8.0,27.0,2.0,21.0,22.6434,0.0,0.0,82.95716,95.57213,15.108517,3.0,3.948428,100.0,0.0
74.0,162.09232,5.0,59.354134,22.639286,0.0,0.0,100.0,-7.0,7.0,8.0,25.745604,3.0,13.0,19.729382,0.0,0.0,38.00661,-8.0,12.021904,-8.0,1.0,75.0,0.0
-9.0,-9.0,-9.0,-9.0,-9.0,-9.0,-9.0,-9.0,-9.0,-9.0,-9.0,-9.0,-9.0,-9.0,-9.0,-9.0,-9.0,-9.0,-9.0,-9.0,-9.0,-9.0,-9.0,0.0
71.0,281.04822,2.0,61.0,22.0,0.0,0.0,90.0,36.398792,6.0,6.0,29.664265,3.0,24.581553,0.0,3.0,3.0,14.522967,50.848133,6.0,2.0,2.0,53.466457,0.0
79.0,250.99481,1.0,92.087364,42.61994,0.0,0.0,100.0,-7.0,7.0,8.0,49.347805,2.0,50.0,0.0,4.0,4.0,36.230858,58.316826,8.0,5.0,2.0,76.87694,0.0
79.0,118.80687,4.0,57.9337,4.912332,0.0,0.0,100.0,-7.0,7.0,8.0,4.4055266,2.0,87.883545,1.0,1.0,1.0,0.0,54.280617,1.0,1.0,0.0,100.0,0.0
75.0,289.17993,13.0,103.58843,19.407812,0.0,0.0,88.0,23.744879,6.0,6.0,16.466805,0.0,17.0,4.8212047,1.0,1.0,1.3148726,-8.0,2.0,2.0,0.0,81.52234,0.0
68.0,90.73897,1.0,61.0,28.0,0.0,0.0,97.0,61.971992,6.0,6.0,31.0,2.0,22.0,0.0,15.724594,14.445626,14.921179,80.0,9.0,2.0,1.0,60.0,0.0
90.78294,120.135,24.021637,130.15895,19.0,0.0,0.0,100.0,-7.0,7.0,8.0,4.1113486,0.0,16.58131,0.0,0.0,0.0,2.0,-8.0,2.0,-8.0,0.0,13.525998,0.0
72.24649,332.32376,3.0,83.86654,27.0,0.0,0.0,100.0,-7.0,7.0,8.0,36.84297,6.0,26.0,3.0,4.0,4.0,38.498703,59.238613,6.7924004,3.0,0.0,56.29514,0.0
73.52942,171.96576,5.0,84.258316,27.0,0.0,0.0,100.0,-7.0,6.0,8.0,34.28079,4.0,8.368463,0.0,2.0,2.0,12.601379,-8.0,5.0,-8.0,0.0,27.097525,0.0
-9.0,140.56502,7.0,65.0,22.0,1.0,1.0,68.8666,-7.0,-9.0,2.0,26.0,1.0,33.0,0.0,0.0,0.0,64.70367,35.56694,5.306409,2.0,1.0,78.43945,0.0
62.44823,159.5556,5.0,89.247444,27.0,9.900484,8.43564,79.97258,13.825062,0.0,6.0,35.0,2.0,97.64264,2.0,0.0,0.0,0.0,51.219128,-9.0,4.0,0.0,59.79091,0.0
75.0,308.62582,8.0,262.53995,17.0,0.0,0.0,100.0,-7.0,7.0,8.0,20.0,1.0,24.052826,-8.0,1.0,1.0,43.55076,83.2139,3.0,2.0,1.0,70.993484,0.0
81.0,189.62895,4.0,55.064186,49.59238,0.0,0.0,100.0,-7.0,7.0,8.0,42.458008,3.0,33.66014,0.0,3.1905978,3.4221756,2.0,53.74257,5.0,3.0,0.0,53.8971,0.0
74.0,272.49533,4.0,98.24985,32.0,0.0,0.0,97.0,49.74012,6.0,6.0,51.09988,2.0,16.301664,1.0,2.0,2.0,19.1229,100.0,24.86601,2.0,1.0,75.0,0.0
88.18137,139.61438,12.0,93.421585,12.0,0.0,0.0,100.0,-7.0,7.0,8.0,12.079534,0.0,33.0,4.0,2.0,1.0,8.0,58.69271,0.5336695,1.0,0.0,33.0,0.0
77.0,163.85718,2.0,55.039993,32.0,0.0,0.0,100.0,-7.0,7.0,8.0,32.0,4.0,14.0,-8.0,0.0,0.0,40.97072,87.29803,4.0,3.0,1.0,57.0,0.0
83.0,295.45096,8.0,100.81888,16.0,0.0,0.0,100.0,-7.0,6.642426,8.0,21.0,2.0,60.610493,7.0,0.0,0.0,63.694324,98.72311,2.0,2.0,0.0,70.0,0.0
83.09701,93.334,3.0,58.97716,14.391392,0.0,0.0,100.0,-7.0,7.0,8.0,15.0,2.0,41.614132,0.0,0.0,0.0,11.0,89.23664,2.0,1.0,0.0,50.0,0.0
-9.0,-9.0,-9.0,-9.0,-9.0,-9.0,-9.0,-9.0,-9.0,-9.0,-9.0,-9.0,-9.0,-9.0,-9.0,-9.0,-9.0,-9.0,-9.0,-9.0,-9.0,-9.0,-9.0,0.0
79.64062,206.71848,2.0,37.77564,15.0,0.0,0.0,94.0,21.017296,6.0,6.0,9.175061,3.0,14.0,1.3502554,3.0,2.0,4.0,-8.0,2.0,1.0,0.0,22.04155,0.0
77.0,595.3497,5.0,86.714874,54.92414,2.0,0.0,95.0,40.780224,6.0,3.0,84.16568,3.0,50.0,4.0,2.0,2.0,8.001448,-8.0,6.0,7.902419,0.0,60.0,0.0
80.0,156.15967,12.418902,93.0,13.0,1.0,1.0,88.0,66.694145,6.0,4.0,12.0,0.0,60.442715,18.97525,0.0,0.0,6.0,17.58935,1.0,1.0,0.0,60.0,0.0
71.667015,172.89659,28.920313,82.714485,19.0,1.0,0.0,93.0,20.199057,6.0,6.0,20.0,0.0,67.1052,0.0,0.0,0.0,36.0,-8.0,2.0,2.0,0.0,83.0,0.0
81.0,186.64938,7.0,82.921104,25.0,0.0,0.0,100.0,-7.0,7.0,8.0,26.0,1.0,22.0,-7.0,0.0,0.0,9.0,79.87746,3.0,2.0,0.0,54.127995,0.0
68.29643,390.7963,4.0,92.0,17.773989,1.0,0.0,82.76507,5.047393,4.0,5.0,16.0,1.0,39.805786,2.0,2.4984047,3.0,34.48456,88.168655,3.0,2.0,0.0,67.0,0.0
72.0,210.99788,3.0,77.0,20.0,0.0,0.0,84.12067,10.865019,6.0,6.0,20.0,3.0,28.008839,12.450886,0.0,0.0,8.877707,63.786232,1.0,2.0,0.0,44.0,0.0
67.74799,162.98883,6.0,77.0,18.0,0.0,0.0,92.0,7.8085313,6.0,6.0,18.0,2.0,32.0,0.0,3.9163623,3.0,38.578056,-8.0,2.0,1.0,0.0,50.0,0.0
82.0,296.78705,4.0,91.01409,42.457623,0.0,0.0,100.0,-7.0,7.0,8.0,76.504486,4.0,15.0,0.0,2.0,2.0,6.0,-8.0,10.662049,1.0,1.0,69.9404,0.0
74.0,209.11252,6.6081977,80.01027,14.0,0.0,0.0,93.0,5.2711983,6.0,6.0,13.0,1.0,18.0,6.0,0.0,0.0,25.24078,-8.0,3.0,2.0,1.0,77.092354,0.0
-9.0,-9.0,-9.0,-9.0,-9.0,-9.0,-9.0,-9.0,-9.0,-9.0,-9.0,-9.0,-9.0,-9.0,-9.0,-9.0,-9.0,-9.0,-9.0,-9.0,-9.0,-9.0,-9.0,0.0
75.212524,153.70554,3.0,79.388115,22.0,0.0,0.0,97.0,24.95564,6.0,6.0,21.0,3.0,13.0,1.9335924,3.071887,3.0404332,25.560411,-8.0,2.0,1.0,0.0,50.0,0.0
78.0,195.26349,3.0,68.0,38.832653,0.0,0.0,100.0,-7.0,7.0,8.0,46.382694,4.0,26.0697,0.0,2.7223725,2.0,9.0,49.169506,3.0,4.0,0.0,33.0,0.0
66.0,193.27632,7.0,84.21053,17.0,0.0,0.0,95.64341,1.1036024,-1.1753095,5.0,17.0,1.0,35.0,0.0,0.0,0.0,72.16379,71.09482,0.25621188,3.0,0.0,75.0,0.0
74.0,203.433,8.0,108.17155,10.926394,2.0,2.0,89.0,10.26879,4.0,2.0,4.490149,1.0,66.38945,-7.0,0.0,0.0,10.671709,-8.0,2.0,4.0,0.0,100.0,0.0
65.0,142.84799,4.0,59.44128,16.0,3.0,2.0,75.231255,30.122488,6.0,2.0,23.0,2.0,44.0,-7.0,0.0,0.0,45.238354,98.2112,2.0,2.0,0.0,90.88107,0.0
72.0,170.00392,16.0,153.31293,10.0,0.0,0.0,56.479984,17.117558,6.0,6.0,9.0,0.0,16.0,1.0,2.0,2.0,26.244652,87.40803,1.0,1.0,0.0,44.0,0.0
83.08768,198.87451,22.260914,97.0,36.02679,0.0,0.0,100.0,-7.0,7.0,8.0,30.77453,0.0,21.256727,0.0,2.0,2.0,2.0,-8.0,4.0,2.0,0.0,40.037518,0.0
80.0,212.0865,17.350746,133.78781,34.222797,0.0,0.0,100.0,-7.0,-9.0,6.0,34.0,0.0,28.874195,19.995255,0.0,0.0,8.0,-8.0,7.0,2.0,1.0,60.0,0.0
78.0,120.77468,8.0,76.0,15.131696,0.0,0.0,100.0,-7.0,7.0,8.0,18.0,1.0,25.0,-7.0,0.0,0.0,47.702267,61.876648,5.0,1.0,0.0,100.0,0.0
83.28109,172.15443,2.0,69.36739,29.0,0.0,0.0,100.0,-7.0,7.0,8.0,33.643406,5.6185217,50.0,-7.0,1.0,1.0,9.0,52.697834,4.0,2.0,0.0,63.0,0.0
83.0,139.587,17.956463,69.0285,23.0,0.0,0.0,100.0,-7.0,7.0,8.0,18.0,0.0,46.0,-7.0,0.021014757,0.5511846,13.808005,12.856414,3.0,2.0,0.0,57.0,0.0
81.0,199.48575,15.0,85.43119,20.801432,0.0,0.0,95.0,3.0,4.0,6.0,23.0,0.0,50.0,0.0,0.0,0.0,3.0,71.35226,1.0,4.0,0.0,64.61564,0.0
63.0,-6.7689066,17.0,39.527733,4.7413225,4.521723,2.0,62.701866,18.16975,6.0,-9.0,8.0,0.0,47.262054,-7.0,0.0,0.0,0.0,-8.0,1.0,1.0,0.0,28.168236,0.0
75.088264,332.08316,4.0,108.62328,32.322617,0.0,0.0,100.0,-7.0,7.0,8.0,33.600296,2.0,45.714973,0.0,1.0,1.0,59.201305,75.2361,3.0,4.0,1.0,63.0,0.0
88.0,125.916435,6.0,67.4525,9.110691,0.0,0.0,100.0,-7.0,7.0,8.0,8.0,0.0,34.68751,2.0,0.0,0.0,1.0,-8.0,1.0,1.0,0.0,37.554726,0.0
-9.0,-9.0,-9.0,-9.0,-9.0,-9.0,-9.0,-9.0,-9.0,-9.0,-9.0,-9.0,-9.0,-9.0,-9.0,-9.0,-9.0,-9.0,-9.0,-9.0,-9.0,-9.0,-9.0,0.0
90.33063,415.99078,40.133873,149.4033,12.0,0.0,0.0,100.0,-7.0,7.0,8.0,11.975622,0.0,45.25724,-8.0,0.0,0.0,4.0,-8.0,2.0,1.0,0.0,42.641285,0.0
84.0,229.45738,3.0,80.2608,14.0,0.0,0.0,100.0,-7.0,7.0,8.0,17.0,2.0,38.0,-7.0,0.0,0.0,24.490707,-8.0,3.0,2.0,0.0,56.074215,0.0
85.14736,414.9716,21.350084,153.63152,24.0,0.0,0.0,100.0,-7.0,7.0,8.0,27.0,0.0,29.0,0.0,0.0,0.0,12.992073,83.07424,2.0,3.0,0.0,50.712967,0.0
57.82643,205.2807,7.0,67.44781,45.93901,4.585938,1.0,84.61379,6.0,6.0,-9.0,71.61914,1.0,27.296326,-7.0,0.0,0.0,8.0,-8.0,8.180442,-8.0,1.0,44.0,0.0
82.0,125.54682,4.0,63.0,10.0,0.0,0.0,100.0,-7.0,7.0,8.0,5.5927963,2.0,29.0,3.0,1.0,1.0,15.19599,68.839645,2.0,1.0,0.0,85.06059,0.0
64.0,176.22481,3.0,51.35216,19.940943,2.0,2.0,100.0,-7.0,7.0,8.0,18.0,3.0,33.0,1.0,1.0,1.0,36.424324,87.17803,3.0,2.0,1.0,57.793667,0.0
79.0,296.10287,-9.0,110.77468,22.0,0.0,0.0,88.0,4.1848454,4.0,6.0,27.0,3.0,32.447514,0.0,1.0,1.0,8.0,94.61858,5.0,2.0,0.0,63.106216,0.0
59.004185,148.22852,-6.31088,58.95024,29.975344,0.0,0.0,94.0,-7.0,4.0,6.0,30.35297,6.0,20.11913,0.0,2.0,2.0,52.47324,88.0,12.351338,6.0,2.0,69.94361,0.0
84.0,262.3319,6.0,81.48568,25.0,0.0,0.0,100.0,-7.0,7.0,8.0,23.95899,2.0,19.279408,4.0,1.0,1.0,5.6337953,-8.0,2.0,1.0,0.0,33.0,0.0
70.0,193.8887,2.0,81.36741,44.242653,0.0,0.0,97.0,36.834057,6.0,6.0,51.179977,4.0,28.0,0.0,15.729177,14.309757,40.35995,89.05686,6.0,4.0,1.0,50.0,0.0
91.98724,178.46162,39.313564,109.638664,11.700802,0.0,0.0,100.0,-7.0,7.0,8.0,14.092412,0.0,17.0,-8.0,0.0,0.0,1.0,-8.0,1.2365154,1.0,0.0,35.962746,0.0
62.0,360.44733,2.0,113.27991,38.283432,0.0,0.0,95.0,8.027817,6.0,6.0,38.0,5.0,25.0,0.0,1.0,1.0,63.0804,50.59168,7.0,4.0,3.0,66.7416,0.0
84.0,-9.0,3.0,52.466354,4.2443767,0.0,0.0,100.0,-7.0,7.0,8.0,1.6444144,1.0,24.0,0.0,1.0,2.0,4.9695997,-8.0,1.0,1.0,0.0,44.0,0.0
88.688225,145.14438,13.936096,103.74184,14.938325,0.0,0.0,100.0,-7.0,7.0,8.0,14.0,0.0,37.0,0.0,1.0,1.0,11.325192,-8.0,2.0,1.0,0.0,50.0,0.0
59.91185,191.57259,18.534119,134.85683,4.571179,1.3361404,0.0,19.229013,1.0,1.7709239,4.0,9.0,0.0,18.290535,0.0,0.0,0.0,75.21735,-8.0,6.0,-8.663511,0.0,100.0,0.0
86.53523,297.05936,30.640713,181.43616,7.0,0.0,0.0,92.0,67.02801,6.0,6.0,10.0,0.0,15.0,0.0,1.0,1.0,0.0,-8.0,1.0,-9.0,0.0,25.0,0.0
90.0,173.47165,210.78178,114.71544,3.1203558,0.0,0.0,100.0,-7.0,7.0,8.0,-3.7691944,0.0,54.344627,2.0,1.0,1.0,7.733562,-8.0,1.0,-6.524278,0.0,80.0,0.0
83.0,211.86923,2.1349256,98.94628,28.0,0.0,0.0,100.0,-7.0,7.0,8.0,28.0,2.0,15.124157,1.0,0.0,0.0,9.0,100.0,4.0,2.0,0.0,45.121273,0.0
80.242805,174.18805,15.311161,80.0,21.207853,0.0,0.0,100.0,-7.0,7.0,8.0,26.0,0.0,63.48396,-7.0,0.0,0.0,11.0,32.827667,2.0,2.0,0.0,75.0,0.0
79.31548,140.3386,12.242781,74.65449,10.0,0.0,0.0,100.0,-7.0,7.0,8.0,10.0,0.0,55.832664,0.0,1.0,0.0,28.0,80.46519,2.0,2.0,0.0,100.0,0.0
73.0,373.437,5.0,93.71755,54.323673,0.0,0.0,100.0,-7.0,7.0,8.0,54.269913,3.0,57.530304,-7.0,0.0,0.0,36.0,92.22685,5.0,4.0,2.0,60.0,0.0
80.0,266.10178,9.0,91.98347,27.0,0.0,0.0,100.0,-7.0,7.0,8.0,34.0,0.0,20.0,0.0,1.0,1.0,25.400259,99.67686,3.0,2.0,1.0,60.0,0.0
69.11823,-9.0,3.0,-9.0,10.0,0.0,0.0,100.0,-7.0,7.0,8.0,9.0,4.0,43.81164,21.645435,0.0,0.0,34.761032,89.26238,4.0,2.0,0.0,78.0,0.0
73.0,173.92938,9.0,67.02094,18.0,2.0,0.0,90.0,36.455956,6.0,4.2914853,28.019459,1.0,60.323914,3.0,2.0,2.0,6.0,26.056335,3.0,2.0,0.0,75.0,0.0
84.0,221.35239,0.642928,79.825325,18.0,0.0,0.0,100.0,-7.0,7.0,8.0,22.0,1.0374342,38.598827,-3.5680695,0.0,0.0,14.0,79.46812,4.0,2.0,0.0,75.0,0.0
69.0,308.6078,10.4637,127.7756,32.245594,2.0,2.0,95.0,28.195871,3.0,5.0,30.0,1.0,17.0,0.0,2.0,2.0,35.11074,-8.0,8.6761,1.0,0.0,71.0,0.0
62.620827,253.2413,3.0,85.7079,32.0,2.0,1.4734297,96.0,36.529484,6.0,3.0,34.0,1.5141516,50.0,1.0,4.5400696,4.4754696,36.10604,48.57104,4.0,2.0,1.0,71.0,0.0
75.0,171.50752,0.23076363,90.0,41.874546,0.0,0.0,100.0,-7.0,7.0,8.0,38.727604,2.0,36.0,0.0,3.0,3.0,42.963806,66.83378,5.0,3.0,1.0,80.0,0.0
70.0,173.99507,3.0,105.4723,42.45068,2.0,2.0,93.0,34.748512,6.0,3.0,47.06292,1.9575659,52.153778,4.0,3.0,3.0,36.0,28.979595,1.0,6.993099,0.0,60.0,0.0
86.0,84.04951,2.0,42.829975,14.386787,0.0,0.0,100.0,-7.0,7.0,8.0,16.0,1.0,24.019396,1.0,3.0,2.4137,0.0,77.584625,1.0,4.0,0.0,60.0,0.0
71.0,313.4109,1.0,74.80493,23.0,0.0,0.0,100.0,-7.0,7.0,8.0,28.0,8.409206,24.830587,0.0,4.0,3.0,28.0,83.87419,7.4567685,3.0,1.0,50.0,0.0
77.0,125.53487,7.0,75.0,44.621273,0.0,0.0,100.0,-7.0,7.0,8.0,6.984842,1.1551675,20.0,4.415194,0.0,0.0,11.0,67.90032,2.0,4.0,0.0,54.620644,0.0
76.0,277.62228,11.922629,87.662964,25.0,0.0,0.0,100.0,-7.0,7.0,8.0,27.490065,4.0,33.56037,12.27552,0.0,0.0,19.0,62.15258,5.0,4.0,0.0,67.0,0.0
-9.0,-9.0,-9.0,-9.0,-9.0,-9.0,-9.0,-9.0,-9.0,-9.0,-9.0,-9.0,-9.0,-9.0,-9.0,-9.0,-9.0,-9.0,-9.0,-9.0,-9.0,-9.0,-9.0,0.0
68.0,390.0939,20.0,103.818184,22.0,0.0,0.0,88.0,11.458591,0.66298336,5.0,25.0,0.0,52.378487,0.0,1.0,1.0,11.0,48.252296,2.0,2.0,0.0,81.9726,0.0
76.0,129.00485,4.0,54.679962,25.0,0.0,0.0,100.0,-7.0,7.0,8.0,39.295963,10.259849,23.722702,0.0,0.0,0.0,28.661295,-8.0,5.0,2.0,0.0,47.814617,0.0
82.0,485.47864,5.0,102.59466,42.06109,0.0,0.0,100.0,-7.0,7.0,8.0,49.910038,2.0,20.0,0.0,1.0,1.0,6.0,24.593536,7.0,1.0,0.0,38.494797,0.0
76.0,141.27971,6.0,79.22939,24.511858,0.0,0.0,94.0,18.7129,6.0,6.0,23.832775,0.0,24.0,0.0,0.0,0.0,32.324203,-8.0,3.0,1.0,1.0,27.933178,0.0
87.0,184.14137,11.0,85.35866,36.0,0.0,0.0,100.0,-7.0,7.0,8.0,36.425755,2.0,26.0,-7.0,0.0,0.0,0.0,-8.0,1.0,1.0,0.0,-0.63224834,0.0
87.0,338.72678,4.0,117.46152,14.0,0.0,0.0,100.0,-7.0,7.0,8.0,15.0,1.0,16.421274,-7.0,1.0,1.0,4.0,-8.0,4.0,-8.0,0.0,67.0,0.0
78.0,125.0668,14.0,58.0,14.0,0.0,0.0,100.0,-7.0,7.0,8.0,14.308241,0.0,47.54787,0.0,2.0,1.8632967,59.758297,75.87983,2.0,2.0,0.0,88.0,0.0
73.0,212.08243,7.0,59.464375,48.528225,0.0,0.0,100.0,-7.0,7.0,8.0,51.05036,3.0,17.95761,0.0,1.0,1.4750407,35.97088,46.616367,9.0,3.0,1.0,71.0,0.0
69.0,195.27014,2.322428,94.59359,30.150913,3.0,3.356356,96.07157,31.81777,4.0,5.0,42.98396,1.0,33.0,0.0,0.0,0.0,15.0,-8.0,2.0,2.0,0.0,43.484814,0.0
75.0,168.4159,9.0,75.80104,23.0,0.0,0.0,100.0,-7.0,7.0,8.0,31.0,1.0,50.0,0.0,4.0,4.0,56.82666,-8.0,3.0,2.0,2.0,78.0,0.0
79.16587,206.72514,11.0,149.8687,14.0,1.0,0.0,92.76279,42.66362,6.0,5.0,11.0,2.0,30.45778,0.0,1.0,1.0,36.460426,71.55579,4.0,2.0,0.0,75.0,0.0
69.0,142.94922,2.0,39.4757,15.0,0.0,0.0,94.0,26.563353,6.0,6.0,14.943241,2.0,57.47245,0.0,4.0,4.090426,23.619295,85.42672,2.0,2.0,1.0,56.119144,0.0
89.765755,391.44098,3.0,140.7967,28.0,0.0,0.0,100.0,-7.0,7.0,8.0,39.915947,1.0,22.0,3.0,0.0,0.0,0.0,-8.0,1.0,1.0,0.0,15.521309,0.0
78.0,207.09975,2.0,80.18834,36.0,0.0,0.0,98.0,71.61423,6.0,6.0,43.47815,3.0,73.46081,-7.0,2.0,3.0,28.482454,67.70983,4.0,5.0,0.0,71.0,0.0
83.0,139.21255,5.0,49.573166,8.0,0.0,0.0,100.0,-7.0,7.0,8.0,11.0,1.0,38.0,0.0,0.0,0.0,-2.134566,-8.0,1.0,1.0,0.0,33.0,0.0
54.583786,100.10432,10.0,82.0,11.0,2.7553515,1.3867879,83.15937,-7.0,4.0,2.0,7.958515,0.0,18.0,0.0,0.0,0.0,49.914932,53.739033,5.0,2.0,2.0,60.0,0.0
65.0,217.98811,1.0,125.007416,25.998932,2.0,2.0,100.0,-7.0,6.0,8.0,26.533882,5.0,45.0,-7.0,2.0,1.0,11.0,22.868322,2.0,2.0,0.0,50.0,0.0
76.918076,126.18846,2.0,36.784874,27.237926,0.0,0.0,95.0,65.99911,6.0,6.0,31.590431,10.37939,41.8391,-1.8172598,2.0,2.0,7.0,8.7893505,4.0,2.0,0.0,56.943832,0.0
77.0,152.06255,5.0,100.0,27.0,0.0,0.0,100.0,-7.0,6.0,6.0,0.43983585,2.0,24.0,-7.0,0.0,0.0,23.152332,50.179222,4.0,2.0,1.3295021,48.90171,0.0
88.0,187.23077,10.0,99.64946,6.575328,0.0,0.0,100.0,-7.0,7.0,8.0,11.358987,1.0,50.0,9.0,0.0,0.0,2.0,-8.0,2.0,1.0,0.0,75.0,0.0
79.0,240.11098,2.0,76.0,28.0,0.0,0.0,100.0,-7.0,7.0,8.0,34.0,3.0,16.353695,-7.0,2.0,1.9596473,26.128866,-8.0,5.0,2.0,0.0,51.395504,0.0
81.0,78.70903,3.0,63.04433,26.0,0.0,0.0,100.0,-7.0,7.0,8.0,6.3127275,2.0,23.66299,4.0,0.0,0.0,8.0,39.64749,1.4771259,2.0,0.0,26.985044,0.0
76.0,217.36612,5.0,66.95734,14.0,1.0,0.0,59.08636,5.846884,6.0,3.8149042,17.0,0.0,25.0,-7.0,0.0,0.0,9.0,-8.0,2.0,1.0,0.0,38.0,0.0
-9.0,-9.0,-9.0,-9.0,-9.0,-9.0,-9.0,-9.0,-9.0,-9.0,-9.0,-9.0,-9.0,-9.0,-9.0,-9.0,-9.0,-9.0,-9.0,-9.0,-9.0,-9.0,-9.0,0.0
85.0,241.65027,22.27873,93.01689,15.0,0.0,0.0,100.0,-7.0,7.0,8.0,15.947529,0.0,10.815674,8.387991,0.0,0.0,2.453044,-8.0,3.0,-8.0,0.0,22.897646,0.0
74.0,291.63376,9.0,79.0,29.0,0.0,0.0,100.0,-7.0,7.0,8.0,26.532976,0.0,30.0,0.0,4.816604,4.25036,36.16122,-8.0,6.0,1.0,2.0,80.0,0.0
55.074314,104.67492,6.0,61.0,29.0,1.0,0.0,86.059944,-7.0,0.29106307,5.868994,31.0,2.0,31.0,9.0,0.0,0.0,32.0,80.0,9.0,3.0,2.0,100.0,0.0
70.50341,168.83852,1.8084868,88.41175,22.0,0.0,0.0,83.19169,8.278033,4.0,6.0,28.0,3.0,49.377056,0.0,0.0,0.0,19.0,62.18265,4.0,7.7813044,0.0,86.30596,0.0
81.0,99.07358,2.0,86.34315,19.0,0.0,0.0,92.72475,36.662674,6.0,6.0,14.587928,0.0,27.0,-8.0,0.0,0.0,59.528515,80.0,3.0,2.0,0.0,50.291046,0.0
87.0,271.8059,7.0,103.05309,22.70071,0.0,0.0,100.0,-7.0,7.0,8.0,28.0,2.0,19.0,12.0,0.0,0.0,8.172551,-8.0,2.0,1.0,0.0,32.466305,0.0
77.0,205.11093,3.0,60.9555,18.0,0.0,0.0,100.0,-7.0,7.0,8.0,22.0,3.0,15.0,1.0,0.0,0.0,30.226017,34.58292,4.0,1.0,0.0,75.0,0.0
54.115887,148.67047,2.0,54.942722,15.0,0.0,0.0,92.0,17.123451,4.0,6.0,21.0,4.0,25.0,0.0,4.0,4.0,66.622856,99.44095,9.0,3.0,4.6126413,82.51604,0.0
84.7506,293.74802,3.0,91.289444,24.0,0.0,0.0,100.0,-7.0,7.0,8.0,26.0,2.0,20.0,-5.729411,4.0,3.0,1.0,-8.0,1.0,1.0,0.0,25.0,0.0
77.0,123.83171,2.0,63.0,30.0,0.0,0.0,100.0,-7.0,7.0,8.0,40.290443,6.029512,88.46584,0.0,5.6286554,5.721325,33.04887,97.67673,2.0,8.495282,0.0,80.0,0.0
79.0,98.06382,11.0,44.93184,19.0,0.0,0.0,100.0,-7.0,7.0,8.0,22.0,1.0,29.0,15.728862,0.0,0.0,11.970185,-8.0,1.0,1.0,0.0,35.691334,0.0
72.0,375.07922,4.0,74.50359,49.243725,0.0,0.0,100.0,-7.0,7.0,8.0,52.233624,3.0,-8.2523985,0.6528745,3.0,2.0,53.38675,-8.0,10.862316,1.0,4.0,56.30765,0.0
70.0,142.89453,4.0,58.40034,20.0,2.0,0.0,85.45181,-7.0,5.8212786,5.0,23.0,1.0,9.148267,1.0,1.0,1.0,28.0,-8.0,2.0,1.0,0.0,33.0,0.0
78.0,255.08954,3.0,127.28793,20.0,0.0,0.0,100.0,-7.0,7.0,8.0,19.01671,2.0,30.0,10.784817,0.0,0.0,19.846205,77.49673,6.0,3.0,0.0,77.660995,0.0
61.857613,353.6216,11.0,124.13012,16.0,1.0,1.0,83.43072,30.488255,4.0,2.0,16.0,1.0,24.0,0.0,3.0,3.0,52.469448,-8.0,3.0,2.0,2.0,88.0,0.0
82.22044,-9.0,9.0,48.517757,11.223221,0.0,0.0,100.0,-7.0,7.0,8.0,8.0,1.0,27.0,-7.9068785,0.0,0.0,0.0,76.0,2.0,2.0,0.0,71.0,0.0
87.0,395.18365,5.0,165.23407,15.0,0.0,0.0,94.711655,77.25663,6.0,6.0,15.0,1.0,13.828042,-7.372458,0.0,0.0,0.8222777,-8.0,2.0,1.0,0.0,40.0,0.0
84.42988,207.51018,2.0,67.0,30.0,0.0,0.0,96.0,46.0195,6.0,6.0,32.605225,3.0,48.262753,7.0,0.0,0.0,2.0,94.36891,2.0,2.0,0.0,37.91924,0.0
91.0,340.71765,14.0,140.70891,15.0,0.0,0.0,100.0,-7.0,7.0,8.0,12.0,0.0,34.365368,0.0,0.0,0.0,4.0898733,-8.0,2.0,1.0,0.0,33.0,0.0
73.0,125.402504,6.0,63.092663,43.949493,0.0,0.0,95.6751,65.980194,6.0,6.0,40.233715,3.0,42.0,3.5540857,0.0,0.0,17.06366,49.525085,9.0,7.776338,0.0,57.0,0.0
83.0,375.17374,20.136162,202.91998,27.0,0.0,0.0,100.0,-7.0,7.0,8.0,29.0,0.0,16.089941,3.0,0.0,0.0,0.0,56.89884,2.99019,1.0,0.0,50.0,0.0
68.0,178.77945,2.0,40.74012,31.659836,0.0,0.0,100.0,-7.0,7.0,8.0,40.329697,10.562945,38.0,1.0,3.0,2.0,65.615875,97.10953,5.0,21.509626,2.0,88.0,0.0
75.0,-9.0,6.21322,38.7261,27.0,0.0,0.0,100.0,-7.0,7.0,8.0,20.0,3.0,20.0,-7.0,0.0,0.0,14.0,-8.0,3.0,2.0,0.0,35.51182,0.0
80.0,132.20302,5.0,74.87075,15.16821,0.0,0.0,100.0,-7.0,7.0,8.0,8.320951,3.0,18.0,1.0,2.0,2.0,25.0,26.127752,5.0,2.0,0.0,50.0,0.0
71.0,123.101,7.0,68.95846,23.010612,0.0,0.0,100.0,-7.0,7.0,8.0,24.0,2.0,40.0,-8.0,0.0,0.0,58.753643,88.32075,8.688323,2.0,5.117818,80.0,0.0
73.0,263.82236,6.0,100.88062,44.97066,0.0,0.0,96.0,11.270402,6.0,6.0,63.295506,1.0,43.0,3.0,2.0,2.0,15.188641,-8.0,9.64624,2.963684,0.0,75.0,0.0
73.0,114.99089,13.436344,70.10659,20.0,0.0,0.0,100.0,-7.0,7.0,8.0,23.0,0.0,31.113392,12.0,1.0,1.0,40.96969,-8.0,4.0,3.0,0.0,95.58772,0.0
73.0,113.47864,8.0,56.61608,38.333496,0.0,0.0,100.0,-7.0,7.0,8.0,34.0,1.0,19.0,0.0,0.0,0.0,16.556759,-8.0,3.0,2.0,2.0,56.0,0.0
73.12426,261.19614,17.925926,79.0,48.939827,1.0,1.0,97.0,24.162897,6.0,4.0,52.473915,0.0,30.0,-7.0,1.0,1.0,14.0,57.045883,3.0,3.0,0.0,37.443794,0.0
74.0,385.45255,3.0,131.84181,36.69873,0.0,0.0,100.0,-7.0,7.0,8.0,32.09078,2.0,31.22571,10.548192,0.0,0.0,62.021732,-8.0,5.0,3.0,1.0,72.1727,0.0
92.15776,104.35658,24.890484,120.59588,17.04911,0.0,0.0,100.0,-7.0,7.0,8.0,23.0,0.0,24.0,-7.0,0.0,0.0,9.499372,-8.0,2.0,1.0,0.0,39.596874,0.0
75.0,377.34708,3.0,72.455025,42.53489,0.0,0.0,100.0,-7.0,7.0,8.0,49.679546,2.0,35.0,2.0,1.0,1.0,13.0,45.755333,4.7635465,3.0,0.0,46.311535,0.0
70.0,141.57716,17.0,82.31889,21.0,0.0,0.0,100.0,-7.0,7.0,8.0,23.0,0.0,31.0,0.0,0.0,0.0,99.40595,-8.0,2.0,1.0,3.0,100.0,0.0
85.0,108.575005,6.0,52.03416,25.321026,0.0,0.0,95.0,55.36793,6.0,6.0,24.0,1.0,20.0,0.0,2.0,2.3669782,0.16482016,65.321236,2.0,1.0,0.0,35.674168,0.0
77.0,118.23293,6.0,72.47837,24.717628,0.0,0.0,100.0,-7.0,7.0,8.0,27.073992,1.0,20.0,0.0,0.0,0.0,25.0,64.6212,7.0,1.0,0.0,75.0,0.0
82.0,343.86673,3.0,125.54347,18.0,0.0,0.0,100.0,-7.0,7.0,8.0,22.0,3.0,31.0,3.0,1.0,1.0,31.642494,-8.0,2.0,2.0,2.0,60.0,0.0
76.0,131.98428,4.0,85.054855,15.0,2.0,2.0,82.74838,33.30665,6.0,-7.4452662,17.0,2.0,36.0,-8.0,0.0,0.0,0.7922588,-8.0,1.0,1.0,0.0,25.0,0.0
89.0,290.6907,3.0,102.5825,12.0,0.0,0.0,100.0,-7.0,7.0,8.0,9.900027,1.0,28.0,0.0,2.0,2.0,9.0,-8.0,5.0,1.0,0.0,74.79172,0.0
85.952126,289.11377,9.0,98.46776,24.0,0.0,0.0,96.0,78.23377,6.0,6.0,24.0,0.0,42.0,1.0,0.0,0.0,0.0,69.07125,1.0,1.0,0.0,29.516632,0.0
90.815216,380.64978,45.183834,314.63916,9.0,0.0,0.0,100.0,-7.0,7.0,8.0,3.9927568,0.0,28.0,-8.0,0.0,0.0,1.0,-8.0,2.0,-8.0,0.0,30.729383,0.0
80.0,218.91849,3.0,74.0,29.0,0.0,0.0,97.0,41.347115,6.0,6.0,38.483215,2.0,16.4614,1.1752352,3.0,3.0,9.0,-8.0,3.0,-8.0,0.0,28.745869,0.0
74.0,192.99959,18.786316,88.164185,16.0,0.0,0.0,100.0,-7.0,7.0,8.0,21.0,0.0,17.0,8.343868,0.0,0.0,70.55424,-8.0,6.0,-8.0,1.0,80.21615,0.0
71.0,307.851,3.0,86.813675,23.0,1.0,1.0,90.0,29.62436,6.0,4.0,28.0,3.0,27.739332,-7.0,0.0,0.0,25.0,94.22404,6.0,3.0,1.0,63.0,0.0
79.0,148.00854,5.0,64.93032,24.868834,2.0,2.566475,95.0,53.981556,6.0,3.0,29.0,2.0,27.622261,0.0,2.0,2.0,11.0,50.12407,5.0,1.0,0.0,41.22598,0.0
86.929825,420.875,10.0,114.11513,30.0,0.0,0.0,100.0,-7.0,7.0,8.0,27.0,2.0,20.0,0.0,0.0,0.0,19.59507,-8.0,4.0,1.0,1.0,67.0,0.0
83.0,155.1203,12.0,97.0,16.0,0.0,0.0,100.0,-7.0,7.0,8.0,17.0,0.0,27.95627,12.0,3.0,2.0,6.0,-8.0,1.0,1.0,0.0,55.889866,0.0
73.26627,152.3233,12.0,87.54811,22.57685,0.0,0.0,100.0,-7.0,6.0,8.0,22.0,0.0,49.00283,1.0,1.0,1.0,45.84254,94.66689,4.0,3.0,2.0,100.0,0.0
71.0,166.32698,7.0,97.0,22.0,1.0,0.0,95.0,31.002155,4.0,5.0,24.241133,2.0,52.62844,1.0,1.0,1.0,32.0,63.62568,4.0,1.0,1.0,71.0,0.0
88.0,217.99527,11.0,111.30827,18.0,0.0,0.0,100.0,-7.0,7.0,8.0,17.0,0.0,35.0,0.0,0.0,0.0,12.0,-8.0,2.0,2.0,0.0,75.0,0.0
79.05069,350.45554,6.0,176.56276,21.0,0.0,0.0,100.0,-7.0,7.0,8.0,20.0,1.0,31.860748,0.0,0.0,0.0,28.109594,24.743694,2.9971821,3.0,0.0,67.0,0.0
67.5069,179.56902,7.0,74.0,40.311367,0.0,0.0,100.0,-7.0,7.0,8.0,34.0,2.0,35.0,0.0,1.0,1.0,83.42889,84.01117,7.0,2.0,1.0,80.0,0.0
78.0,301.2571,10.0,100.0,17.0,0.0,0.0,100.0,-7.0,7.0,8.0,23.0,1.0,18.996046,17.097048,0.0,0.0,25.623905,-8.0,6.0,1.0,0.0,67.0,0.0
75.0,134.19006,1.0,43.005993,7.6240997,0.0,0.0,100.0,-7.0,7.0,8.0,10.0,2.0,39.756405,0.0,3.0,3.0,26.988571,18.427406,1.0,2.0,0.0,84.44806,0.0
87.17726,162.86992,11.0,69.33094,12.0,0.0,0.0,100.0,-7.0,7.0,8.0,8.7000265,1.0,20.0,0.0,2.0,1.8824998,13.0,63.322273,2.0,2.0,0.0,60.0,0.0
80.0,136.859,7.0,63.454124,32.0,0.0,0.0,95.0,54.101364,6.0,6.0,31.311895,1.0,37.919113,19.347303,0.0,0.0,6.0,-8.0,2.0,1.0,0.0,54.758816,0.0
88.060974,326.72092,7.0,137.6819,52.92191,0.0,0.0,97.0,82.48384,6.0,6.0,54.241344,1.0,28.0,-8.0,0.0,0.0,1.0,-8.0,1.0,2.0,0.0,28.248976,0.0
-9.0,-9.0,-9.0,-9.0,-9.0,-9.0,-9.0,-9.0,-9.0,-9.0,-9.0,-9.0,-9.0,-9.0,-9.0,-9.0,-9.0,-9.0,-9.0,-9.0,-9.0,-9.0,-9.0,0.0
86.930786,307.63055,12.0,101.19479,23.445536,0.0,0.0,93.0,-9.0,6.0,6.0,23.01124,0.0,25.0,-7.0,0.0,0.0,1.5395129,-8.0,2.0,1.0,0.0,41.28068,0.0
72.0,49.568375,17.605959,50.84342,14.0,0.0,0.0,100.0,-7.0,7.0,8.0,22.0,0.0,20.0,7.2312036,0.0,0.0,45.078197,-8.0,4.0,1.0,2.0,57.0,0.0
76.0,174.49141,2.0,65.10369,37.5661,0.0,0.0,100.0,-7.0,7.0,8.0,38.0,4.0,39.33472,0.0,2.0,2.0,24.266766,88.685005,2.0,2.0,1.0,50.0,0.0
73.01833,108.50305,8.0,63.864265,12.0,0.0,0.0,92.0,23.443409,6.0,6.0,13.0,1.0,23.0,0.0,0.0,0.0,41.621117,-8.0,3.0,1.0,0.0,66.56744,0.0
75.0,273.0515,2.0,75.61404,28.0,0.0,0.0,100.0,-7.0,7.0,8.0,21.0,3.0,35.0,0.0,0.0,0.0,59.213253,-8.0,2.0,2.0,3.0,70.0,0.0
70.0,442.74643,-9.0,109.57675,40.788025,0.0,0.0,100.0,18.168207,4.0,5.35671,38.0,10.505643,42.0,1.0,2.0,2.0,38.24851,61.998844,5.0,18.537094,1.0,56.0,0.0
77.0,241.51181,5.0,118.65001,43.108982,0.0,0.0,95.0,63.84213,6.0,6.0,46.956367,3.0,30.987741,-5.6339827,0.0,0.0,27.237665,64.82154,6.0,7.809634,0.0,80.0,0.0
89.0,233.29088,12.196681,86.18411,18.0,0.0,0.0,100.0,-7.0,7.0,8.0,20.0,1.0,16.086893,0.0,0.0,0.0,1.0,-8.0,1.0,-8.0,0.0,40.98231,0.0
85.0,198.59843,13.923886,74.86265,11.228529,0.0,0.0,92.0,17.140472,6.0,6.0,13.0,0.0,67.46482,-8.287766,0.0,0.0,5.0,81.91521,1.0,3.0,0.0,85.03619,0.0
71.0196,379.22775,5.0,83.10589,24.0,0.0,0.0,94.0,23.377033,6.0,6.0,22.0,4.0,22.0,7.0,0.0,0.0,0.0,-8.0,1.0,1.0,0.0,43.0,0.0
76.0,445.05612,5.0,95.836365,18.932655,0.0,0.0,100.0,-7.0,7.0,8.0,22.0,3.0,19.0,0.0,0.0,0.0,25.0,-8.0,6.6930656,1.0,2.3824813,60.0,0.0
77.0,7.8369446,5.0,68.69187,24.0,0.0,0.0,100.0,-7.0,7.0,8.0,29.0,2.0,43.789787,2.0,4.0,3.4534655,4.0,99.50598,3.0,3.0,0.0,53.34462,0.0
74.0,140.5051,2.7525628,63.014767,30.0,0.0,0.0,100.0,-7.0,7.0,8.0,35.0,3.0,16.0,0.0,1.0,1.0,32.0,78.90189,8.0,2.0,2.0,50.0,0.0
77.95141,172.78087,5.0,82.0,26.464216,0.0,0.0,95.0,30.18277,6.0,6.0,24.430178,3.6305528,36.67758,3.0,0.0,0.0,22.941763,34.125816,2.0,2.0,0.0,42.784912,0.0
-9.0,-9.0,-9.0,-9.0,-9.0,-9.0,-9.0,-9.0,-9.0,-9.0,-9.0,-9.0,-9.0,-9.0,-9.0,-9.0,-9.0,-9.0,-9.0,-9.0,-9.0,-9.0,-9.0,0.0
89.697975,272.96933,28.46122,109.95968,13.0,0.0,0.0,100.0,-7.0,7.0,8.0,11.667159,0.0,17.407694,8.0,0.0,0.0,0.0,78.694595,2.0,1.0,0.0,50.0,0.0
82.0,398.21136,4.743651,119.97266,22.586374,0.0,0.0,92.0,14.9018135,6.0,6.0,24.0,2.0,10.151666,-7.464029,0.0,0.0,1.0,84.7039,3.0,2.0,0.0,27.797749,0.0
85.0,430.6399,5.0,120.91871,39.42934,0.0,0.0,100.0,-7.0,7.0,8.0,43.917416,2.0,59.944157,18.15825,0.0,0.0,17.0,-8.0,3.0,2.0,0.0,82.721954,0.0
63.689426,72.53425,3.0,25.186815,8.149966,0.0,0.0,100.0,-7.0,7.0,8.0,10.0,1.0,50.0,0.0,3.0,3.0,110.65075,64.618095,3.0,2.0,4.0,100.0,0.0
70.87068,346.9512,21.62961,107.06095,32.013557,0.0,0.0,100.0,-7.0,7.0,8.0,31.03385,0.0,42.0,0.0,0.0,0.0,75.19228,-8.0,6.86874,1.0,4.0,67.82825,0.0
78.0,152.0947,5.0,60.546497,38.157642,0.0,0.0,100.0,-7.0,7.0,8.0,45.413055,4.0,28.0,0.0,2.0,1.0,31.531801,60.278778,6.0,2.0,1.0,67.0,0.0
87.0,184.18802,19.385338,96.831276,26.24086,0.0,0.0,97.0,38.410072,6.0,6.0,23.0,0.0,41.0,-7.0,0.0,0.0,4.0,-8.0,2.0,1.0,0.0,45.194317,0.0
89.0,190.8789,5.0,110.95185,20.0,0.0,0.0,100.0,-7.0,7.0,8.0,14.0,2.0,54.015675,16.0,0.0,0.0,6.0,80.0,3.0,3.0,0.0,67.0,0.0
70.09924,159.70717,5.0,67.0,49.90216,0.0,0.0,100.0,-7.0,7.0,8.0,47.78621,2.0,40.1465,0.0,2.0,2.0,32.01463,56.253174,6.0,4.0,3.0,50.0,0.0
66.426,463.85538,8.0,160.2612,12.0,0.0,0.0,71.63483,8.430341,6.0,6.0,14.0,1.0,49.61657,0.0,0.0,0.0,51.19999,55.932606,2.0,2.0,1.0,89.28335,0.0
44.952343,-9.0,-9.0,-9.0,-9.0,-9.0,-9.0,-9.0,-9.0,-9.0,-9.0,-9.0,-9.0,-9.0,-9.0,-9.0,-9.0,-9.0,-9.0,-9.0,-9.0,-9.0,-9.0,0.0
63.0,375.3094,7.0,120.992485,25.0,0.0,0.0,88.86793,4.540919,5.0,6.0,28.0,0.0,20.0,0.0,0.0,0.0,63.372814,93.0,9.0,4.0,5.958892,77.734184,0.0
82.0,90.27335,7.0,80.456665,17.0,0.0,0.0,100.0,-7.0,7.0,8.0,15.0,1.0,45.163074,-7.0,4.0,3.6531239,9.0,81.612,3.0,2.0,0.0,80.0,0.0
84.0,162.96765,20.793596,94.0,21.0,0.0,0.0,100.0,-7.0,7.0,8.0,21.252,0.0,31.355703,0.0,0.0,0.0,6.0,23.429317,2.0,3.0,0.0,85.66241,0.0
63.774845,162.02225,6.0,62.905884,26.0,1.0,2.0,97.0,70.54758,5.0,5.0,24.0,1.0,22.0,16.38559,0.0,0.0,60.554077,-8.0,5.0,2.0,1.0,100.0,0.0
85.0,182.66133,8.0,74.0,24.0,0.0,0.0,100.0,-7.0,7.0,8.0,25.0,1.0,56.16267,0.0,0.0,0.0,16.0,63.86919,2.0,3.0,0.0,63.0,0.0
-9.0,-9.0,-9.0,-9.0,-9.0,-9.0,-9.0,-9.0,-9.0,-9.0,-9.0,-9.0,-9.0,-9.0,-9.0,-9.0,-9.0,-9.0,-9.0,-9.0,-9.0,-9.0,-9.0,0.0
75.0,207.1573,8.0,102.36417,12.651135,0.0,0.0,100.0,-7.0,7.0,8.0,10.0,2.0,25.0,2.0,4.0,4.0,41.325516,-8.0,4.0,1.0,0.0,70.0,0.0
71.0,239.10121,4.0,68.85988,23.0,0.0,0.0,94.44098,2.910627,4.0,5.0,24.0,3.0,50.0,14.663225,2.0,1.0,47.793854,48.176994,2.0,2.0,0.0,67.0,0.0
78.45726,331.36307,4.0,77.02309,33.560028,0.0,0.0,100.0,-7.0,7.0,8.0,32.0,1.0,19.0,0.0,0.0,0.0,15.811992,116.576904,6.0,1.4704071,1.0,43.0,0.0
88.58936,353.49472,5.0211883,113.22151,20.117802,0.0,0.0,100.0,-7.0,7.0,8.0,23.56538,2.0,37.456905,3.0,0.0,0.0,26.447065,-8.0,5.0,1.0,0.0,80.0,0.0
76.0,216.58925,22.39046,88.31495,24.0,0.0,0.0,100.0,-7.0,7.0,8.0,25.00363,0.0,35.0,0.0,4.0,3.7934499,54.694466,-8.0,7.0,1.0,0.0,88.0,0.0
84.0,348.44324,4.0,129.27145,31.12801,0.0,0.0,100.0,-7.0,7.0,8.0,29.0,2.0,27.0,0.0,2.0,2.0,6.0,-8.0,2.0,1.0,0.0,60.0,0.0
66.0,191.30081,3.0,76.53028,28.0,0.0,0.0,100.0,-7.0,7.0,8.0,30.398127,2.0,40.06332,0.0,1.0,1.0,81.97368,84.00064,5.0,3.0,5.276829,100.0,0.0
73.0,199.63326,3.0,71.43925,44.53086,0.0,0.0,100.0,-7.0,7.0,8.0,49.472042,1.0,20.0,1.0,1.0,1.0,17.0,87.48905,6.0,2.0,0.0,56.104603,0.0
80.4287,244.89833,5.0,53.757256,17.12421,0.0,0.0,100.0,-7.0,7.0,8.0,16.0,2.0,12.982045,0.0,0.0,0.0,19.0,90.14869,7.0,2.0,0.0,67.0,0.0
62.290447,180.14235,12.0,67.96979,27.0,0.0,0.0,100.0,-7.0,7.0,8.0,29.0,1.0,43.0,0.0,2.0,1.9092585,76.44171,-8.0,11.0,3.0,5.305886,88.26553,0.0
75.0,340.20605,5.0,103.487366,39.92569,2.0,0.0,96.0,77.437386,6.0,5.0,33.0,2.0,-9.0,0.0,1.0,1.0,25.0,-8.0,4.0,1.0,0.0,41.096565,0.0
60.927494,164.58598,12.0,75.0,15.0,0.0,0.0,62.58444,-7.0,-9.0,6.0,12.0,1.0,25.0,7.496772,0.0,0.0,22.942339,-8.0,3.0,1.0,1.0,88.80168,0.0
80.0,104.10389,3.0,68.27715,22.0,0.0,0.0,100.0,-7.0,7.0,8.0,29.461222,2.0,25.0,0.0,0.0,0.0,52.39575,-8.0,1.0,1.0,0.0,50.0,0.0
80.0,288.96292,4.0,103.10615,27.0,0.0,0.0,95.0,50.594383,6.0,6.0,20.0,2.0,21.0,0.0,0.0,0.0,33.186867,-8.0,4.0,1.0,1.0,29.463661,0.0
86.0,373.26257,15.0,115.34316,20.0,0.0,0.0,100.0,-7.0,7.0,8.0,16.0,0.0,14.0,0.0,0.0,0.0,8.849282,-8.0,6.0,1.0,0.0,56.0,0.0
73.19253,228.49399,8.0,70.21491,17.672792,0.0,0.0,92.0,4.932277,6.0,6.0,16.0,1.0,19.771152,0.0,0.7040285,0.0,51.192112,-8.0,2.0,1.0,1.0,34.8688,0.0
70.0,172.52226,4.0,49.027573,37.41803,0.0,0.0,100.0,-7.0,7.0,8.0,46.689053,2.0,29.90788,0.0,0.0,0.0,37.880577,54.15401,7.0,3.0,4.23344,50.0,0.0
60.92551,213.28653,3.0,60.648144,20.0,1.0,0.0,96.0,34.763706,6.0,3.4230106,20.0,2.3575575,24.0,0.0,1.0,1.0,89.99282,84.01495,7.0,3.0,4.0,83.0,0.0
76.0,215.12187,14.884636,81.0,22.0,0.0,0.0,100.0,-7.0,7.0,8.0,25.56769,0.0,30.0,0.0,1.0,1.0,39.667686,84.00738,9.0,2.0,1.0,75.97152,0.0
79.0,220.51855,3.0,101.18964,16.0,0.0,0.0,92.0,23.082283,6.0,6.0,30.0,2.0,66.96319,-7.0,0.0,0.0,0.0,-8.0,2.0,1.0,0.0,100.0,0.0
79.962296,312.6442,3.0,93.14663,27.0,0.0,0.0,100.0,-7.0,7.0,8.0,34.0,2.0,53.08759,6.1842704,1.0,1.0,22.995098,86.3683,3.0,10.770452,1.0,71.0,0.0
85.0,229.22304,12.0,69.71511,24.0,0.0,0.0,100.0,-7.0,6.0,8.0,25.0,0.0,34.489933,-7.0,1.0,1.0,3.0,53.48169,4.0,2.0,0.0,50.0,0.0
78.0,386.9436,2.0,120.362915,25.0646,0.0,0.0,100.0,-7.0,6.0,8.0,31.025213,3.0,33.0,2.0,1.0,1.0,9.0,80.0,9.0,2.0,0.0,71.0,0.0
