ExternalRiskEstimate,MSinceOldestTradeOpen,MSinceMostRecentTradeOpen,AverageMInFile,NumSatisfactoryTrades,NumTrades60Ever2DerogPubRec,NumTrades90Ever2DerogPubRec,PercentTradesNeverDelq,MSinceMostRecentDelq,MaxDelq2PublicRecLast12M,MaxDelqEver,NumTotalTrades,NumTradesOpeninLast12M,PercentInstallTrades,MSinceMostRecentInqexcl7days,NumInqLast6M,NumInqLast6Mexcl7days,NetFractionRevolvingBurden,NetFractionInstallBurden,NumRevolvingTradesWBalance,NumInstallTradesWBalance,NumBank2NatlTradesWHighUtilization,PercentTradesWBalance,cond
78.0,-8.0,15.488691,67.0,12.0,0.0,0.0,100.0,-7.0,7.0,8.0,14.0,0.0,57.281403,0.0,4.0,3.762621,2.0,51.11973,0.0,2.0,0.0,70.642525,0.0
82.0,199.94328,7.0,91.7602,27.0,0.0,0.0,95.0,16.259483,6.0,6.0,30.024689,1.0,37.614864,18.717785,0.0,0.0,9.0,78.34945,3.0,2.0,0.0,50.0,0.0
87.0,261.55487,0.8212635,99.875305,28.0,0.0,0.0,100.0,-7.0,7.0,8.0,19.0,1.0,15.0,0.0,1.0,1.0,0.0,99.3554,1.0,2.0,0.0,-9.0,0.0
-9.0,-9.0,-9.0,-9.0,-9.0,-9.0,-9.0,-9.0,-9.0,-9.0,-9.0,-9.0,-9.0,-9.0,-9.0,-9.0,-9.0,-9.0,-9.0,-9.0,-9.0,-9.0,-9.0,0.0
70.2007,242.4552,7.0,72.50899,35.98668,0.0,0.0,100.0,-7.0,7.0,8.0,32.06694,2.0,23.0,0.0,2.0,2.0,47.2097,79.12043,8.0,3.0,2.0,63.0,0.0
82.0,48.182186,7.0,47.90094,13.0,0.0,0.0,100.0,-7.0,7.0,8.0,8.380722,1.0,43.0,16.0,0.0,0.0,2.6373823,49.32965,1.0,3.0,0.0,68.134155,0.0
64.0,92.12237,6.0,67.0,27.0,1.0,1.0,86.530594,21.299206,4.0,5.0,27.505402,1.0,29.0,0.0,0.0,0.0,45.9026,32.776363,6.3097086,3.0,0.0,72.66459,0.0
75.96838,187.39516,3.0,98.222084,22.0,0.0,0.0,100.0,-7.0,7.0,8.0,20.0,2.0,33.03342,-7.0,0.0,0.0,26.869717,-8.0,5.0,3.0,0.0,78.0,0.0
85.0,125.87497,35.082855,72.22068,22.0,0.0,0.0,100.0,-7.0,7.0,8.0,16.453934,0.0,21.0,18.547203,0.0,0.0,34.314953,-8.0,4.0,2.0,0.0,44.0,0.0
76.0,171.69814,2.0,86.520096,43.53031,0.0,0.0,100.0,-7.0,7.0,8.0,50.180374,1.049418,30.662117,0.0,2.0,2.0,32.0,56.138397,2.0,3.0,1.0,44.52241,0.0
82.0,248.89633,22.58472,93.0,19.0,0.0,0.0,92.6379,23.68442,6.0,6.0,20.0,0.0,19.0,-7.0,0.0,0.0,0.0,-8.0,1.0,1.0,0.0,26.022892,0.0
83.0,335.5675,10.0,81.0,27.0,0.0,0.0,100.0,-7.0,7.0,8.0,28.0,1.0,7.678017,20.760956,0.0,0.0,1.0,-8.0,2.0,1.0,0.0,19.8751,0.0
92.946175,259.84113,37.945263,127.991554,17.0,0.0,0.0,100.0,-7.0,7.0,8.0,22.0,0.0,13.950851,-8.0,0.0,0.0,0.9187094,-8.0,2.0,1.0,0.0,33.0,0.0
78.66262,181.79738,5.0,94.192215,15.0,0.0,0.0,93.775085,74.16018,6.0,6.0,15.0,2.0,19.537321,1.0,2.0,2.0,8.0,-8.0,4.0,1.0,0.0,75.0,0.0
65.31166,218.45862,1.0,116.744774,44.803875,0.0,0.0,93.0,-7.0,4.0,5.0,61.79547,2.0,46.09914,0.0,6.707386,6.508444,54.508743,-8.0,7.0,5.0,3.0,77.966805,0.0
65.91618,324.63644,13.303297,120.95367,46.124832,0.0,0.0,94.0,21.163599,6.0,6.0,51.45782,0.0,29.0,3.0,0.0,0.0,85.77752,92.163734,13.770409,3.0,10.3643055,100.0,0.0
72.52445,128.49313,4.0,42.900036,19.650465,0.0,0.0,100.0,-7.0,7.0,8.0,13.0,4.0,33.0,0.0,4.0,4.0,44.78963,82.117935,4.0,3.0,1.0,50.0,0.0
75.622345,342.29266,1.0,112.22392,42.472515,0.0,0.0,97.0,57.89222,6.0,6.0,52.493324,2.0,14.0,0.0,3.0,3.01719,17.0,-8.0,8.057707,2.0,1.0,50.0,0.0
43.790714,274.66354,6.0,96.52521,32.43703,0.0,0.0,92.60502,24.806335,6.0,6.0,28.0,3.0,22.0,0.0,1.54504,1.0,80.61646,66.60977,8.958758,3.0,3.249914,71.17355,0.0
85.9735,189.94527,3.0,64.18376,23.0,0.0,0.0,100.0,-7.0,7.0,8.0,30.0,3.0,32.93979,3.0,2.0,2.0,2.9985147,-8.0,3.0,2.0,0.0,82.50014,0.0
90.0,392.98624,4.0,158.03326,18.0,0.0,0.0,100.0,-7.0,7.0,8.0,8.0,2.0,30.0,-7.0,4.0,3.9349742,2.0,90.49326,3.0,2.0,0.0,44.0,0.0
84.0,95.12975,8.0,104.578575,14.0,0.0,0.0,100.0,-7.0,7.0,8.0,1.908746,1.0,20.0,0.0,0.0,0.0,31.646677,-8.0,2.0,2.0,0.0,66.663956,0.0
72.0,92.75047,6.0,62.446957,27.0,0.0,0.0,100.0,-7.0,7.0,8.0,26.530931,2.0,20.951893,0.0,14.646577,8.310079,71.44185,-8.0,3.0,1.0,1.0,50.0,0.0
79.0,229.64407,31.209625,99.19803,22.0,0.0,0.0,95.788025,18.851063,6.0,6.0,30.02434,0.0,18.0,-7.0,0.0,0.0,18.27828,-8.0,3.0,1.0,0.0,37.405903,0.0
76.0,313.0098,11.960429,100.0,28.0,0.0,0.0,93.0,23.410847,6.0,6.0,37.22708,1.0,69.06357,13.934254,0.0,0.0,1.0,52.39759,1.0,2.0,0.0,60.0,0.0
86.0,71.05847,7.0,97.0,17.0,0.0,0.0,100.0,-7.0,7.0,8.0,2.751894,1.0,29.90695,7.8550925,0.0,0.0,3.0,63.78162,3.0,2.0,0.0,64.0,0.0
59.47104,70.83314,8.6371155,54.01507,3.9441283,0.0,0.0,89.0,22.607533,6.0,6.0,3.9805653,1.0,99.696724,-8.0,0.0,0.0,0.0,56.6819,1.0,2.0,-9.0,100.0,0.0
85.0,307.91373,2.0,101.49936,18.0,0.0,0.0,100.0,-7.0,6.0,8.0,15.265765,2.0,39.0,0.0,0.0,0.0,10.0,52.05224,2.0,2.0,0.0,60.394726,0.0
78.0,168.19707,2.0,69.47041,18.0,0.0,0.0,100.0,-7.0,7.0,8.0,19.0,1.0725919,38.0,1.0,1.0,1.0,58.361576,50.111023,2.0,1.0,1.0,64.0,0.0
89.0,242.71696,20.690866,123.68591,17.0,0.0,0.0,100.0,-7.0,7.0,8.0,19.0,0.0,22.604258,9.119702,0.0,0.0,9.0,-8.0,2.0,1.0,0.0,50.0,0.0
88.0,179.3326,15.0,82.0,28.547695,0.0,0.0,100.0,-7.0,7.0,8.0,36.634247,0.0,25.0,2.4740248,1.4392267,1.0,1.0,-8.0,5.0,1.0,0.0,50.83292,0.0
86.85826,71.56911,8.06615,89.131775,18.0,0.0,0.0,100.0,-7.0,7.0,8.0,2.821283,0.0,0.0,0.0,2.0,1.0,0.0,-8.0,2.0,1.0,0.0,31.893578,0.0
-9.0,-9.0,-9.0,-9.0,-9.0,-9.0,-9.0,-9.0,-9.0,-9.0,-9.0,-9.0,-9.0,-9.0,-9.0,-9.0,-9.0,-9.0,-9.0,-9.0,-9.0,-9.0,-9.0,0.0
67.30622,151.58223,10.0,70.0,25.0,0.0,0.0,100.0,-7.0,7.0,8.0,23.0,1.0,39.0,-7.0,0.0,0.0,86.78712,77.24246,5.0,5.0,2.0,88.0,0.0
74.0,245.64693,70.12487,182.08804,7.4851704,1.0,1.0,89.19542,24.376348,6.0,4.699909,19.0,0.0,18.0,-8.0,0.0,0.0,68.77061,-8.0,3.0,-8.0,0.0,87.567116,0.0
69.28186,166.62868,7.0,45.28347,34.0,0.0,0.0,100.0,-7.0,7.0,8.0,34.0,4.0,39.0,0.0,0.0,0.0,46.296867,89.443054,6.0,3.0,3.0,71.0,0.0
71.0,126.747345,4.0,45.98388,30.0,0.0,0.0,100.0,68.5278,6.0,6.0,27.30455,3.0,21.190681,0.0,2.0,2.0,13.0,99.50119,4.0,3.0,0.0,39.80327,0.0
76.476585,101.15732,4.0,55.99224,14.0,0.0,0.0,100.0,-7.0,7.0,8.0,6.2775226,1.8186336,25.0,-7.0,1.0,1.0,51.469204,45.347946,3.0,2.0,2.0,64.0,0.0
75.0,88.48331,2.0,58.0,16.25179,0.0,0.0,100.0,-7.0,7.0,8.0,13.0,3.0,38.0,0.0,1.0,1.0,36.0,134.22806,1.4998696,2.0,0.0,50.0,0.0
86.0,255.67743,13.407361,106.28405,37.522484,0.0,0.0,100.0,-7.0,7.0,8.0,55.90441,0.0,37.569363,0.0,0.0,0.0,0.0,47.159863,1.0,5.0,0.0,52.226585,0.0
80.63917,233.31155,-9.0,82.0,28.0,0.0,0.0,100.0,-7.0,7.0,8.0,33.96721,3.0,31.097343,0.0,1.0,1.0,12.416176,92.956055,5.0,2.0,0.0,50.0,0.0
86.0,289.10126,23.407309,96.2312,30.0,0.0,0.0,96.0,71.98291,6.0,6.0,30.0,0.0,31.851213,0.0,0.0,0.0,5.0,89.876465,2.0,2.0,0.0,33.0,0.0
65.0,172.51436,7.0,80.293564,19.0,0.0,0.0,100.0,-7.0,4.0,8.0,19.0,2.0,76.43774,8.0,0.0,0.0,38.66739,52.941216,3.0,2.0,1.0,67.0,0.0
87.18322,118.55955,23.20034,131.40683,18.505444,0.0,0.0,100.0,-7.0,7.0,8.0,-9.0,0.0,35.0,-7.0,2.0,1.0,1.5123138,-8.0,1.0,2.0,0.0,48.019207,0.0
81.0,276.38477,4.0,82.26004,51.69223,0.0,0.0,100.0,-7.0,7.0,8.0,42.603287,2.0,20.13388,1.0,5.180681,5.4062138,12.141012,84.02492,6.0,2.0,0.0,45.29909,0.0
84.0,245.99695,13.144496,122.56669,19.0,0.0,0.0,100.0,-7.0,7.0,8.0,24.0,0.0,32.0,0.0,0.0,0.0,2.6637013,-8.0,5.0,1.0,0.0,57.0,0.0
83.401924,179.54292,6.992562,75.485565,13.0,0.0,0.0,100.0,-7.0,7.0,8.0,15.0,1.0,46.0,0.0,2.0,2.0,26.304892,91.0,3.0,2.0,0.0,95.41298,0.0
78.78788,141.80318,4.0,65.47204,7.0,0.6952273,0.0,80.43312,17.528402,6.0,5.0,9.0,3.0,21.0,-7.0,1.0,1.0,0.0,-8.0,1.0,1.0,0.0,43.0,0.0
75.70965,132.94826,8.0,65.44295,17.0,0.0,0.0,100.0,-7.0,7.0,8.0,19.0,2.0,61.766846,16.0,0.0,0.0,36.0,90.47944,3.0,4.0,0.0,74.916084,0.0
73.752,341.80518,2.0,110.297775,50.984287,0.0,0.0,97.0,18.790138,6.0,6.0,58.7466,2.0,33.0,0.0,4.0,3.2415993,9.051235,82.0,8.1660385,7.7810087,1.0,67.0,0.0
83.0,287.4392,4.0,86.57278,43.46722,0.0,0.0,100.0,-7.0,7.0,8.0,52.5037,2.0,18.030838,16.0,0.0,0.0,1.0,-8.0,5.0,2.0,0.0,40.44112,0.0
-9.0,-9.0,-9.0,-9.0,-9.0,-9.0,-9.0,-9.0,-9.0,-9.0,-9.0,-9.0,-9.0,-9.0,-9.0,-9.0,-9.0,-9.0,-9.0,-9.0,-9.0,-9.0,-9.0,0.0
77.0,123.959236,2.0,62.08731,27.330322,0.0,0.0,100.0,-7.0,7.0,8.0,32.0,2.0728405,22.0,0.0,2.0,2.0,22.032375,60.238297,3.0,5.0,0.0,78.51305,0.0
71.0,112.453766,6.0,97.0,24.023554,0.0,0.0,92.0,-7.0,6.0,6.0,10.186602,9.989362,20.0,11.926452,0.0,0.0,35.581615,82.0,7.6160817,3.0,1.0,64.0,0.0
79.0,242.50655,3.0,103.14661,11.06239,0.0,0.0,100.0,-7.0,7.0,8.0,17.982735,1.0,22.0,0.0,2.0,2.0,42.004578,24.35747,3.0,1.0,0.0,75.0,0.0
75.0,218.3296,6.0,59.973618,32.0,0.0,0.0,97.0,52.890465,6.0,6.0,27.0,4.0,33.251915,-7.0,2.0,2.0,22.985857,87.854935,4.0,3.0,0.0,72.070175,0.0
77.0,190.58702,3.0,81.76567,25.0,0.0,0.0,100.0,-7.0,7.0,8.0,24.0,3.0,29.0,-7.0,6.5861573,6.561024,12.0,63.9665,3.0412781,5.686723,1.0,50.0,0.0
85.0,254.5433,15.0,157.5871,20.0,0.0,0.0,100.0,-7.0,7.0,8.0,30.0,1.0,57.74597,18.43041,0.0,0.0,4.6061015,67.17975,5.0,3.0,0.0,90.80577,0.0
65.0,180.43939,2.0,93.0,14.601373,4.257041,3.9800518,77.31322,11.592186,3.0,5.0,24.0,1.0,45.500023,0.0,0.0,0.0,0.0,71.0,1.0,2.0,0.0,37.82327,0.0
70.0,223.72375,1.0,86.32082,25.0,2.0,0.0,82.06466,-7.0,6.0,2.0,43.43652,2.0,16.0,0.0,1.0,2.0,44.85861,-8.0,4.0,-8.0,0.0,37.332973,0.0
75.0,106.63847,5.0,61.0,16.0,1.271296,1.0,89.0,71.28915,6.0,2.0,17.0,2.0,23.252478,2.0,3.0,2.0,37.769802,-8.0,4.0,1.0,0.0,100.0,0.0
91.70314,403.93082,7.0,171.5752,18.0,0.0,0.0,100.0,-7.0,7.0,8.0,17.0,1.0,11.0,0.0,0.0,0.0,0.0,44.998074,1.0,1.0,0.0,18.658255,0.0
73.0,151.66408,5.0,47.743465,11.0,0.0,0.0,100.0,-7.0,6.0,8.0,12.0,2.0,50.0,3.0,0.0,0.0,6.0,84.61459,1.0,3.0,0.0,87.44579,0.0
82.0,370.87344,4.0,104.43757,22.0,0.0,0.0,100.0,-7.0,7.0,8.0,26.404972,1.0,27.0,4.0,3.0,2.229906,9.0,6.1145296,3.0,4.0,0.0,52.943806,0.0
-9.0,-9.0,-9.0,-9.0,-9.0,-9.0,-9.0,-9.0,-9.0,-9.0,-9.0,-9.0,-9.0,-9.0,-9.0,-9.0,-9.0,-9.0,-9.0,-9.0,-9.0,-9.0,-9.0,0.0
65.0,401.67325,6.0,98.07988,14.0,7.300652,2.261273,89.0,31.987156,4.0,4.0385303,19.0,1.0,25.0,-7.0,3.0,2.0,51.997787,84.53777,4.0,3.0,0.6095579,84.34766,0.0
77.0,276.3363,3.0,100.0,25.590277,0.0,0.0,100.0,-7.0,7.0,8.0,29.0,1.0,36.0,-8.0,0.0,0.0,22.944641,56.86592,6.0,4.0,1.0,61.036964,0.0
89.0,311.79288,14.03291,109.1763,15.0,0.0,0.0,100.0,-7.0,7.0,8.0,12.547167,0.0,24.0,0.0,0.0,0.0,6.1057916,-8.0,4.0,1.0,0.0,65.92329,0.0
72.0,173.91246,-9.0,75.0,30.0,0.0,0.0,100.0,-7.0,7.0,8.0,37.903645,3.0,41.0,0.0,2.0,2.0,18.0,53.603165,7.0,2.0,0.0,65.42365,0.0
82.0,295.35754,2.0,63.224354,12.0,0.0,0.0,100.0,-7.0,7.0,8.0,9.0,2.0,33.0,0.0,1.0,1.0,26.555086,96.436966,2.0,3.0,0.0,77.82386,0.0
87.0,244.17407,4.0,157.12962,10.0,0.0,0.0,95.305916,9.082341,6.0,6.0,9.273876,0.0,39.59257,-7.0,1.0,2.0,11.001159,-8.0,3.0,2.0,0.0,58.0,0.0
71.0,117.37306,4.0,67.0,27.553808,0.0,0.0,100.0,-7.0,7.0,8.0,25.0,5.0,13.0,0.0,2.0,2.0,41.991608,-8.0,9.999114,2.0,3.5381768,63.0,0.0
69.0,143.07874,7.0,80.0,20.968622,0.0,0.0,90.0,8.046827,4.248094,6.0,22.0,1.0,35.0,0.0,4.0,4.0,14.486844,56.91707,2.0,4.0,0.0,75.0,0.0
67.06915,217.55496,6.888103,114.076225,25.0,2.1866267,0.0,90.0,4.376108,4.0,5.0,30.0,1.5688812,38.492386,0.0,2.0,2.0,6.0,94.59089,5.0,2.0,1.0,63.0,0.0
62.451782,171.40129,7.0,65.33385,10.0,1.0,1.0,79.71929,28.605005,6.0,3.6445026,11.0,1.2340585,26.346907,0.0,0.0,0.0,71.76462,-8.0,4.0,2.0,3.0,75.0,0.0
73.0,132.08484,2.9899664,58.579044,20.0,0.0,0.0,88.49255,23.944939,6.0,6.0,19.0,2.0,21.006865,0.0,2.0,2.0,13.437854,38.144382,3.0,2.0,0.0,33.747845,0.0
72.0,413.5444,2.0,112.439835,34.0,0.0,0.0,95.0,64.552986,6.0,6.0,32.15043,3.0,11.85995,3.0,0.0,0.0,39.401997,74.630615,8.0,1.0,2.0,86.0,0.0
82.58744,254.15202,3.0,66.49842,33.50989,0.0,0.0,100.0,-7.0,7.0,8.0,46.580208,2.0,22.0,0.0,0.0,0.0,8.0,-8.0,1.0,2.0,0.0,28.570694,0.0
84.0,185.85104,7.0,136.52739,11.07437,0.0,0.0,100.0,-7.0,7.0,8.0,8.0,1.0,35.311028,-7.0,0.0,0.0,0.0,-8.0,1.0,1.0,0.0,88.38275,0.0
71.0,422.5316,4.0,121.962654,18.317163,0.0,0.0,89.0,49.989376,6.0,6.0,17.0,2.0,40.0,4.0,1.0,1.0,68.805855,82.163994,4.0,2.0,2.0,83.0,0.0
87.0,167.24156,21.992195,113.40566,18.0,0.0,0.0,100.0,-7.0,7.0,8.0,23.0,0.0,46.0,4.0,2.0,2.0,3.0,39.7539,1.0,2.0,0.0,57.202267,0.0
85.0,222.26,2.0,79.0,33.689613,0.0,0.0,97.0,54.38087,6.0,6.0,35.0,2.0,46.0,-7.0,2.0,2.0,1.0,-8.0,2.8917227,4.316712,0.0,58.672596,0.0
-9.0,-9.0,-9.0,-9.0,-9.0,-9.0,-9.0,-9.0,-9.0,-9.0,-9.0,-9.0,-9.0,-9.0,-9.0,-9.0,-9.0,-9.0,-9.0,-9.0,-9.0,-9.0,-9.0,0.0
73.0,191.07906,2.0,142.42941,31.474392,0.0,0.0,96.0,47.428436,6.0,6.0,33.0,2.0,31.820333,0.0,2.0,2.0,15.661136,48.557365,6.0,4.0,0.0,88.0,0.0
86.0,213.31155,5.004339,76.57301,20.0,0.0,0.0,100.0,-7.0,7.0,8.0,22.35027,3.0,22.0,1.0,0.0,0.0,4.0,81.09851,5.0,2.0,0.0,67.0,0.0
71.0,249.57271,5.0,58.233135,22.0,0.0,0.0,100.0,-7.0,7.0,8.0,26.029512,2.0,31.0,-7.0,2.0,2.0,49.161655,29.391123,5.0,4.0,2.0,82.32013,0.0
72.0,203.82382,4.0,76.24717,4.824723,1.0,1.0,100.0,-7.0,7.0,8.0,3.9844646,1.0,56.637165,0.0,0.0,0.0,45.01643,81.367256,1.0,2.0,0.0,100.0,0.0
71.50067,385.63358,27.493458,92.40986,17.0,0.0,0.0,89.0,11.772413,5.0,6.0,18.267159,0.0,53.725945,0.0,3.0,2.0,22.075699,73.4118,2.0,3.0,0.0,56.087708,0.0
70.0,159.68498,3.0,64.86975,32.66345,0.0,0.0,100.0,-7.0,7.0,8.0,32.0,2.0,30.746841,0.0,2.0,2.0,66.292946,88.0,10.587347,5.0092683,4.0,71.0,0.0
85.27243,362.90936,6.0,86.0,30.0,0.0,0.0,100.0,-7.0,7.0,8.0,34.0,1.8318427,38.89912,0.0,0.0,0.0,11.0,-8.0,5.0,1.0,0.0,50.0,0.0
74.0,299.65732,5.0,129.5295,19.0,0.0,0.0,90.74351,1.0120833,0.0,6.0,19.0,1.0,29.048336,0.0,0.0,0.0,26.44315,64.28756,3.0,1.0,0.0,45.478085,0.0
75.36119,268.7179,4.0,75.822136,35.6561,0.0,0.0,100.0,-7.0,7.0,8.0,37.0,3.0,21.0,0.0,2.0,2.0,32.419193,102.961235,4.0,2.0,1.0,42.274734,0.0
81.0,148.96832,8.0,90.59695,21.0,0.0,0.0,100.0,-7.0,7.0,8.0,24.0,0.0,12.323743,0.0,1.0,1.0,43.49129,-8.0,2.0,1.0,0.0,40.0,0.0
64.0,340.7766,13.0,123.02826,10.0548315,0.0,0.0,70.2569,6.891948,4.0,6.0,9.734776,0.0,38.0,0.0,2.0,2.0,68.929085,-8.0,3.0,2.0,4.0,80.0,0.0
72.0,119.707504,6.0,38.2292,20.0,0.0,0.0,100.0,-7.0,7.0,8.0,23.0,2.549496,-9.0,1.0,0.0,0.0,19.0,-8.0,9.177852,-8.0,1.0,57.214714,0.0
84.53577,290.32925,13.861719,68.0,17.306812,0.0,0.0,100.0,-7.0,7.0,8.0,19.0,0.0,19.0,-7.0,1.0,1.0,17.856407,-8.0,4.0,-8.0,0.0,38.0,0.0
59.877754,144.58989,11.0,84.0,15.0,2.45331,0.0,79.30848,9.078985,6.0,2.1242602,19.0,0.0,27.0,0.0,0.0,0.0,113.25905,65.36087,4.0,2.0,2.0,80.0,0.0
74.3021,301.15576,2.0,108.28986,16.0,0.0,0.0,96.47607,64.99176,6.0,6.0,19.0,0.0,20.0,0.0,1.0,1.0,69.61745,28.348475,4.0,1.0,0.0,88.0,0.0
66.0,433.86188,3.0,115.17604,31.318525,2.0,1.0,87.73767,4.0,4.0,3.0,28.0,1.0,31.422073,0.0,3.0,3.0,9.0,46.18858,4.0,2.0,0.0,43.622475,0.0
81.0,274.31738,3.0,84.0,22.0,0.0,0.0,97.0,23.175913,6.0,6.0,21.535866,3.0,27.0,-7.955159,1.0,0.0,22.94102,-8.0,3.0,2.0,1.0,54.558517,0.0
69.0,125.43253,0.23382124,46.35332,44.618435,0.0,0.0,100.0,-7.0,7.0,8.0,46.18839,9.787167,40.492126,1.0,4.0,3.6264193,51.41824,73.9402,8.0,2.0,2.0,75.02497,0.0
77.0,186.23436,4.0,94.0,43.66195,0.0,0.0,96.0,46.024654,6.0,6.0,57.297337,1.3112377,40.0,22.346838,0.0,0.0,17.78696,82.0,10.897603,2.7589624,0.0,75.0,0.0
74.0,436.24097,1.0,87.55404,13.0,1.0,1.0,100.0,5.2505107,6.0,6.0,13.375341,3.0,33.0,0.0,2.0,2.0,2.483475,61.784954,3.8298624,3.0,0.0,80.0,0.0
83.0,387.0537,7.0,91.990616,24.87097,0.0,0.0,100.0,-7.0,7.0,8.0,23.89602,2.0,34.603577,7.6991744,0.0,0.0,0.0,71.0,1.0,1.0,0.0,40.93213,0.0
82.88287,347.04398,29.677746,142.76654,18.0,0.0,0.0,100.0,-7.0,7.0,8.0,17.0,0.0,29.0,0.0,0.0,0.0,30.15012,78.63242,5.0,2.0,0.0,82.60724,0.0
78.0,325.54034,4.0,76.0,17.618765,0.0,0.0,83.951324,69.69111,6.0,6.0,18.484356,1.0,30.0,0.0,2.0,2.0,17.0,22.140644,5.0,3.0,0.0,78.760666,0.0
82.7035,282.91425,6.0,130.16685,16.0,0.0,0.0,94.0,45.763073,6.0,6.0,21.0,1.0,25.0,-7.0,0.0,0.0,30.543028,-8.0,4.0,1.0,0.0,75.0,0.0
86.0,173.09758,36.639523,118.94808,24.0,0.0,0.0,100.0,-7.0,7.0,8.0,21.0,0.0,21.0,-8.0,0.0,0.0,4.0,-8.0,4.0,1.0,0.0,50.0,0.0
84.0,173.43282,3.0,108.85734,33.767063,0.0,0.0,98.0,36.310677,6.0,6.0,30.0,4.0,41.974354,0.0,0.0,0.0,6.0,62.42128,3.0,3.0,0.0,67.0,0.0
-9.0,-9.0,-9.0,-9.0,-9.0,-9.0,-9.0,-9.0,-9.0,-9.0,-9.0,-9.0,-9.0,-9.0,-9.0,-9.0,-9.0,-9.0,-9.0,-9.0,-9.0,-9.0,-9.0,0.0
69.0,233.71527,3.0,74.0,26.0,0.0,0.0,92.67931,49.145573,6.0,6.0,26.0,1.0,46.0,1.0,2.0,2.0,50.19975,100.0,6.4769163,2.0,2.0,100.0,0.0
70.0,21.262787,7.0,20.882345,10.0,0.0,0.0,100.0,-7.0,7.0,8.0,9.0,3.0,45.86488,1.0,0.0,0.0,62.37297,71.0,3.0,2.0,1.0,66.347046,0.0
65.0,191.59933,3.0,64.911934,14.583007,3.0,2.0,86.62098,23.195778,6.0,5.0,24.0,3.0,11.0,6.0,1.0,1.0,25.0,-8.0,4.0,-8.0,1.0,39.03172,0.0
92.46284,228.2458,15.0,124.9657,18.0,0.0,0.0,100.0,-7.0,7.0,8.0,36.791607,0.0,10.388913,-7.0,0.0,0.0,1.0,-8.0,2.0,-8.0,0.0,50.0,0.0
68.0,140.85837,10.0,59.14343,21.0,0.0,0.0,93.20944,53.819263,6.0,6.0,20.0,4.0,45.764133,0.0,1.0,1.0,32.0,80.0,4.0,3.8500433,3.0,75.0,0.0
-9.0,-9.0,-9.0,-9.0,-9.0,-9.0,-9.0,-9.0,-9.0,-9.0,-9.0,-9.0,-9.0,-9.0,-9.0,-9.0,-9.0,-9.0,-9.0,-9.0,-9.0,-9.0,-9.0,0.0
62.0,149.83777,15.0,138.20766,22.0,0.0,0.0,75.04186,1.5855789,4.0,6.0,28.0,0.0,41.0,-7.0,2.0,1.0,43.952213,-8.0,6.1897645,2.0,0.0,100.0,0.0
76.0,195.19463,6.0,83.26008,26.70076,0.0,0.0,100.0,-7.0,7.0,8.0,27.0,1.0,44.0,0.0,0.0,0.0,43.7935,12.074924,5.072456,3.0,1.0,75.0,0.0
83.93576,189.75577,22.548185,119.05897,12.0,0.0,0.0,96.0,62.403133,6.0,6.0,12.0,0.0,50.0,-7.0,0.0,0.0,14.569653,-8.0,2.0,1.0,0.0,85.20128,0.0
75.0,127.208496,11.24489,78.84514,22.0,2.0,0.0,92.0,36.540134,6.0,5.0,28.0,1.0,24.493984,0.0,0.0,0.0,8.027593,-8.0,0.0,2.0,0.0,48.711487,0.0
65.76725,165.15714,5.0,61.0,25.0,0.0,0.0,86.5514,21.043922,6.0,6.0,25.0,3.0,40.48895,0.0,2.0,2.2959902,36.20759,92.45587,4.0,4.0,2.0,62.178577,0.0
77.0,104.951645,2.0,63.0,44.30067,0.0,0.0,96.0,24.049765,6.0,6.0,37.0,3.0,23.0,3.0,3.0,2.0,5.0,-8.0,1.0,4.0,0.0,34.991703,0.0
87.0,305.61392,1.0,135.6128,36.159855,0.0,0.0,100.0,-7.0,7.0,8.0,44.19192,3.0,49.86268,7.2537436,1.0,1.0,14.03306,67.87821,4.0,3.0,0.0,70.0,0.0
-9.0,172.81917,4.0,72.8676,28.0,0.0,0.0,78.81275,13.43963,6.0,6.0,20.0,2.0,29.77179,0.0,1.0,1.0,60.801403,31.870424,4.0,3.0,0.9700641,78.0,0.0
69.917404,116.95492,2.0,18.947945,11.0,0.0,0.0,100.0,-7.0,7.0,8.0,10.4966,2.0,10.297177,0.0,0.0,0.0,59.815105,-8.0,5.0,-8.0,2.0,56.0,0.0
89.0,155.29387,11.0,92.0,18.0,0.0,0.0,100.0,-7.0,7.0,8.0,16.0,0.0,12.749608,-9.0,0.0,0.0,0.0,19.466673,2.0,1.0,0.0,50.080986,0.0
75.0,187.82043,1.0,74.0,38.399757,0.0,0.0,100.0,-7.0,7.0,8.0,36.26856,2.0,20.921646,-7.0,3.0,3.0,13.0,-8.0,3.0,1.0,0.0,32.600964,0.0
75.0,180.65509,11.0,86.22664,15.0,1.0,0.0,96.0,61.263462,6.0,6.0,18.0,1.0,56.121113,1.0,0.0,0.0,31.194061,97.10119,3.7346218,4.0,0.0,100.0,0.0
6.0234494,157.84946,4.0,77.0,33.13307,1.0,1.0,83.29529,7.103825,4.0,6.0,34.944984,1.7322015,31.0,0.0,0.0,0.0,30.752254,75.531685,6.0,2.0,0.0,88.41875,0.0
69.0,204.20064,7.0,90.56439,34.377857,0.0,0.0,82.607864,8.821981,6.0,6.0,35.288292,2.0,17.13319,0.0,0.66047543,0.0,14.626604,94.47293,5.0,1.0,0.0,49.758266,0.0
64.029655,196.94429,7.0,100.85216,27.236814,1.352146,1.0,97.0,3.7161386,3.5734293,5.1629505,26.241766,2.0,27.094809,3.0,2.0,2.0,28.905191,-8.0,6.0,2.0,0.0,50.443768,0.0
72.0,184.9901,16.0,77.091675,21.0,0.0,0.0,100.0,-7.0,7.0,8.0,20.0,0.0,23.750084,-7.0,0.0,0.0,67.17948,64.11342,2.0169146,4.0,2.0,50.0,0.0
77.9042,206.08969,2.0,84.3371,25.0,0.0,0.0,100.0,-7.0,7.0,8.0,25.552166,9.279181,41.42208,3.0,3.0,2.0,1.0,75.241104,5.0,3.0,0.0,75.0,0.0
75.0,199.74661,4.0,55.82086,24.0,0.0,0.0,100.0,-7.0,7.0,8.0,23.217785,2.0,10.221912,5.0,1.0,1.0,14.348407,95.730934,4.0,1.0,0.0,50.0,0.0
77.13347,391.4363,5.0,86.0,22.0,0.0,0.0,94.0,38.603577,6.0,5.0,24.0,3.0,20.0,0.0,2.0,2.0,6.0,82.27691,4.0,1.0,0.0,60.0,0.0
62.78207,76.99038,7.0475216,51.2512,32.0,0.0,0.0,96.0,3.0,5.110332,6.0,34.0,2.0,38.335785,5.0,2.0,2.0,62.66407,58.345867,7.0,2.722978,3.0,57.0,0.0
87.74173,206.98904,-9.0,110.398026,21.700035,0.0,0.0,100.0,-7.0,7.0,8.0,24.0,1.0,58.567738,0.0,0.0,0.0,5.0,40.516632,3.0,2.0,0.0,100.0,0.0
74.0,207.1876,10.0,63.33078,22.895079,0.0,0.0,100.0,-7.0,7.0,8.0,20.0,1.0,43.634678,0.0,1.0,1.0,45.127316,-8.0,6.0,2.0,1.0,80.0,0.0
75.0,268.08078,3.0,99.2031,38.775375,0.0,0.0,98.0,8.288028,4.0,6.0,49.94023,2.0,46.557865,1.0,2.0,2.0,18.0,93.10211,6.0,4.0,0.0,83.0,0.0
5.6675215,233.59752,1.0,83.8195,27.0,6.4931493,8.806983,91.0,2.236944,-9.0,6.0,37.207943,1.0,38.43489,0.0,5.0,4.467584,1.0,67.448395,2.2852757,2.0,0.0,44.0,0.0
87.0,255.25781,2.0,73.53394,15.0,0.0,0.0,100.0,-7.0,7.0,8.0,13.0,2.0,36.349773,0.0,0.0,0.0,8.0,80.89013,2.0,2.0,0.0,50.0,0.0
71.0,171.55975,4.0,82.0,16.0,1.0,0.0,69.85571,2.2991834,6.0,6.0,23.0,2.0,41.05282,0.0,13.473016,11.288513,7.997546,-8.0,2.0,1.0,0.0,56.48779,0.0
74.0,264.84592,4.0,83.86826,27.200266,0.0,0.0,96.0,36.421516,6.0,6.0,34.0,1.0,36.0,-7.0,0.0,0.0,40.93091,-8.0,4.0,3.0,1.0,58.0,0.0
81.0,289.80588,7.0,67.0,25.0,0.0,0.0,100.0,-7.0,7.0,8.0,23.247902,1.0,28.0,13.227323,0.0,0.0,28.174334,80.0,2.0,3.0,0.0,60.0,0.0
84.0,224.38957,36.14191,180.75012,11.269746,0.0,0.0,100.0,-7.0,7.0,8.0,9.0,0.0,25.0,1.0,0.0,0.0,32.0,-8.0,4.0,1.0,0.0,100.0,0.0
84.0,289.22513,4.0,121.22549,18.0,0.0,0.0,94.0,18.481855,6.0,6.0,15.673841,1.0,33.0,10.285252,0.0,0.0,11.0,-8.0,1.0,1.0,0.0,35.503975,0.0
75.96047,226.88318,20.83295,82.0,29.0,0.0,0.0,95.81746,13.408952,6.0,6.0,39.149746,0.0,37.15562,7.0,1.0,1.0,0.0,-8.0,0.0,2.0,0.0,5.3836865,0.0
87.0,141.62752,37.103878,100.0,-8.793293,0.0,0.0,100.0,-7.0,7.0,8.0,6.37637,0.0,53.85345,9.0,0.0,0.0,0.0,95.74119,0.0,2.0,0.0,44.0,0.0
61.428654,208.94617,17.0379,88.510445,24.0,0.0,0.0,89.26748,4.0,5.0,6.0,25.0,0.0,37.159794,8.0,0.0,0.0,47.13079,80.0,4.0,2.0,2.0,71.94421,0.0
86.0,233.9172,17.195784,103.428116,7.161428,0.0,0.0,100.0,-7.0,7.0,8.0,9.0,1.0,20.0,11.744303,0.0,0.0,12.0,-8.0,1.0,1.0,0.0,41.952225,0.0
88.63825,404.84122,5.1977086,140.68436,27.0,0.0,0.0,100.0,-7.0,7.0,8.0,21.0,1.1315845,11.0,-8.0,1.0,1.0,4.0723257,-8.0,1.0,1.0,0.0,-5.11831,0.0
84.0,308.46796,2.0,98.4239,41.947857,0.0,0.0,100.0,-7.0,7.0,8.0,41.346653,2.0,55.515144,20.054184,0.0,0.0,17.0,70.72155,4.0,2.0,0.0,50.0,0.0
59.46008,324.70584,6.0,140.04904,27.0,3.0,1.0,84.684265,4.6555347,4.0,2.0,27.0,2.0,33.0,0.71855104,0.20014039,0.0,43.88182,-8.0,7.0,1.0,1.0,74.14487,0.0
86.0,440.5572,8.0,127.94164,32.214096,0.0,0.0,100.0,-7.0,7.0,8.0,28.0,1.0,21.0,0.0,1.0,1.0,14.0,-8.0,5.0,2.0,0.0,48.912197,0.0
72.95448,-8.0,5.0,61.550972,27.0,3.5439932,3.9965935,100.0,-7.0,7.0,8.0,17.0,3.0,24.492907,0.0,0.0,0.0,25.0,24.276022,6.0,2.2454925,0.0,60.0,0.0
78.0,147.74423,2.759198,88.89653,30.36872,0.0,0.0,100.0,-7.0,7.0,8.0,31.0,2.0,-7.294942,5.3187804,0.0,0.0,53.572273,-8.0,4.0,1.0,3.0,33.0,0.0
71.0,266.70734,6.0,106.40453,26.38851,0.0,0.0,86.70581,1.0,6.0,6.0,37.0,1.9877235,13.0,1.0,1.0,1.0,5.0,62.56359,5.0,1.0,0.0,56.0,0.0
76.0,373.19513,2.0,107.77902,15.459641,0.0,0.0,100.0,-7.0,7.0,8.0,14.537739,5.0,28.0,-8.0,0.0,0.0,51.340233,81.72629,21.321917,3.0,1.0,100.0,0.0
84.0,238.31111,30.446709,93.75816,16.0,0.0,0.0,100.0,-7.0,7.0,8.0,18.0,0.0,36.55375,-8.0,0.0,0.0,25.0,-8.0,5.0,2.0,0.0,86.0,0.0
73.82168,224.31976,2.0,91.895325,28.0,0.0,0.0,100.0,-7.0,7.0,8.0,31.876892,2.0,66.16393,-7.0,0.0,0.0,55.539955,64.5279,4.0,4.0,1.0,75.0,0.0
89.0,268.89493,33.360752,168.42175,10.0,0.0,0.0,100.0,-7.0,7.0,8.0,11.4747505,0.0,14.212823,0.0,0.0,0.0,1.0,-8.0,1.0,1.0,0.0,29.840012,0.0
80.0,271.73572,5.0,96.12131,30.0,0.0,0.0,100.0,-7.0,7.0,8.0,27.017067,2.0,24.0,0.0,0.0,0.0,16.082472,72.27515,4.0,3.0,0.0,67.0,0.0
-9.0,191.31168,10.0,90.0,12.0,4.457084,6.801044,79.172386,16.811314,0.2998891,2.0,18.369043,0.0,41.0,-8.0,0.0,0.0,22.584572,47.097294,3.0,2.0,0.0,75.0,0.0
87.0,133.27737,17.63458,71.44339,12.0,0.0,0.0,100.0,-7.0,7.0,8.0,14.0,0.0,18.0,-8.0,0.0,0.0,1.0,-8.0,1.2704948,1.0,0.0,50.0,0.0
85.0,154.47955,3.0,85.0621,23.0,0.0,0.0,96.0,55.639523,6.0,5.0,23.0,1.0,48.685078,-7.0,1.0,1.0,6.0,87.51446,3.0589678,3.0,0.0,71.0,0.0
73.0,182.31563,3.0,66.70014,22.880661,0.0,0.0,100.0,-7.0,7.0,8.0,26.0,1.0,40.0,17.640167,0.0,0.0,59.07079,64.85316,4.0,2.0,3.0,53.23391,0.0
75.0,219.6094,3.0,39.687702,33.186115,0.0,0.0,96.0,72.68891,6.0,6.0,34.742184,4.0,20.0,-7.0,4.495908,4.4877305,9.0,86.75475,4.0,2.0,0.0,43.0,0.0
73.0,74.12329,2.0,49.402794,17.980923,0.0,0.0,92.0,-7.0,6.0,6.0,21.063826,3.0,24.0,-7.0,2.0,2.0,43.732143,90.04506,4.0,3.0,1.0,58.0,0.0
-9.0,-9.0,-9.0,-9.0,-9.0,-9.0,-9.0,-9.0,-9.0,-9.0,-9.0,-9.0,-9.0,-9.0,-9.0,-9.0,-9.0,-9.0,-9.0,-9.0,-9.0,-9.0,-9.0,0.0
66.015625,346.2717,2.0,82.03813,27.498793,0.0,0.0,87.8723,29.824266,6.0,6.0,33.463802,4.0,33.0,5.0,1.0,1.0,76.134224,51.81667,4.0,4.0,3.0,83.0,0.0
-9.0,-9.0,-9.0,-9.0,-9.0,-9.0,-9.0,-9.0,-9.0,-9.0,-9.0,-9.0,-9.0,-9.0,-9.0,-9.0,-9.0,-9.0,-9.0,-9.0,-9.0,-9.0,-9.0,0.0
62.2784,220.97244,9.0,92.0,53.222744,0.0,0.0,91.0,-7.0,4.0,6.0,54.41252,0.0,21.744034,0.0,0.0,0.0,34.3557,-8.0,8.0,1.0,4.0,45.040936,0.0
64.754944,195.73338,1.8790734,61.174374,31.983173,0.0,0.0,64.78496,33.055916,6.0,6.0,33.064644,3.0,31.060183,0.0,1.3038032,2.0,28.0,82.086235,5.0,4.0,1.0,78.0,0.0
66.0,390.99796,4.0,131.1975,27.0,1.0,0.0,90.0,6.0,6.0,6.0,24.243265,1.0,22.887354,0.0,0.0,0.0,56.90763,-8.0,1.0,-8.0,2.0,29.765356,0.0
87.0,291.77576,37.87802,169.75201,21.0,0.0,0.0,100.0,-7.0,7.0,8.0,31.92704,0.0,20.0,1.0,1.0,1.0,5.2669015,-8.0,3.0,1.0,0.0,70.0,0.0
75.0,373.50018,17.975819,96.90024,18.0,1.0,1.0,88.0,20.108711,5.0,6.0,17.187422,0.0,33.0,6.3913302,1.0,1.0,3.0,-8.0,1.0,3.0,0.0,57.0,0.0
59.505917,202.10515,4.0,70.92573,14.0,4.2099237,2.0,9.360388,36.75391,6.0,2.0,17.0,2.1156712,36.978912,0.0,3.0,3.0,64.8295,-8.0,2.0,3.0,0.0,57.0,0.0
63.421654,243.42743,5.0,74.0,30.0,0.0,0.0,100.0,-7.0,7.0,8.0,27.190022,2.0,37.0,5.2568946,0.0,0.0,50.269047,-8.0,6.0,1.0,3.3202527,67.0,0.0
-9.0,-9.0,-9.0,-9.0,-9.0,-9.0,-9.0,-9.0,-9.0,-9.0,-9.0,-9.0,-9.0,-9.0,-9.0,-9.0,-9.0,-9.0,-9.0,-9.0,-9.0,-9.0,-9.0,0.0
89.40497,152.78026,11.0,82.882355,12.636389,0.0,0.0,100.0,-7.0,7.0,8.0,13.901611,0.0,14.668821,0.0,0.0,1.0,0.0,-8.0,1.0,-8.0,0.0,22.098425,0.0
79.0,189.43196,2.0,90.32284,16.0,0.0,0.0,100.0,-7.0,7.0,8.0,21.0,1.0,14.0,0.0,0.0,0.0,35.59586,93.0,4.0,2.0,0.0,52.718483,0.0
79.57744,276.74103,12.0,107.421265,37.409107,0.0,0.0,100.0,-7.0,7.0,8.0,28.230822,0.0,24.0,0.0,0.0,0.0,32.0,-8.0,4.0,1.0,3.0,37.12282,0.0
88.00714,188.09224,3.0,80.51613,12.0,0.0,0.0,100.0,-7.0,7.0,8.0,13.66771,1.0,33.0,3.0,3.0,2.9908736,6.0,71.29727,2.0,2.0,0.0,50.0,0.0
72.0,124.53842,38.420734,66.85356,12.199984,1.0,1.0,86.246956,13.32303,6.0,3.0,13.0,0.0,35.0,-7.0,1.0,1.0,1.0,-8.0,2.0,1.0,0.0,32.58099,0.0
85.0,293.05157,4.0,97.03226,12.0,0.0,0.0,91.47673,44.26996,6.0,6.0,14.0,3.0,57.34282,-7.0,1.0,1.0,0.12733546,100.0,3.0,3.0,0.0,86.0,0.0
84.57785,280.1619,3.0,71.0,26.0,0.0,0.0,100.0,-7.0,7.0,8.0,11.0,2.0,15.0,22.117155,0.0,0.0,7.579921,70.00495,6.0,2.0,0.0,43.0,0.0
70.0,401.46967,9.0,123.524765,11.980835,1.0,0.0,84.395195,39.00586,6.0,2.0,11.984376,1.0,42.0,0.0,0.0,0.0,55.67525,-8.0,4.226946,1.0,1.0,100.0,0.0
84.0,157.10944,4.0,66.26413,22.54359,0.0,0.0,100.0,-7.0,7.0,8.0,20.80299,3.0,53.327377,1.0,1.0,1.0,3.8953545,94.52237,2.0,3.0,0.0,75.0,0.0
76.0,248.00928,5.0,107.23982,23.0,0.0,0.0,100.0,-7.0,7.0,8.0,21.0,2.0,28.40283,0.0,0.0,0.0,42.389652,100.0,6.0,2.0,1.0,80.10376,0.0
66.0,116.774345,5.9917197,58.19261,10.784912,0.0,0.0,88.98569,-7.0,4.0,6.0,11.0,2.0,24.0,6.0876293,0.0,0.0,79.1188,-8.0,3.0,1.0,3.0,71.0,0.0
83.0,157.30916,3.0,67.0,25.870832,0.0,0.0,100.0,-7.0,7.0,8.0,23.0,6.0,18.993593,6.0,0.0,0.0,1.4532256,-8.0,2.0,1.0,0.0,20.13045,0.0
68.64447,103.754074,2.0,50.529644,21.148842,1.0,0.0,92.601616,36.19087,6.0,3.0,24.847837,2.2022998,23.64478,-8.0,3.765048,3.0,3.0,61.329895,4.0,4.5212755,0.0,50.0,0.0
80.20139,216.63448,4.6384077,93.0,32.69411,0.0,0.0,97.0,13.154573,6.0,6.0,34.0,1.0,20.248886,17.388664,1.0,1.0,4.2307124,82.67332,6.0,2.0,0.0,58.0,0.0
71.99024,168.81473,1.0,59.645092,19.14201,0.0,0.0,95.0,80.20034,6.0,6.0,20.0,3.0,33.0,0.0,2.0,1.0,43.890858,89.51392,5.0,3.0,3.1142528,75.0,0.0
61.571266,401.29288,2.0,80.10703,36.0,3.2905686,0.0,90.0,2.0,0.08644756,3.0,42.837048,5.0,30.303087,0.0,2.0,2.0,15.0,69.9834,7.7998466,4.0,0.0,75.0,0.0
80.0,209.339,4.0,91.72549,12.0,0.0,0.0,86.649826,-7.0,4.0,6.0,13.176461,1.0,27.670576,0.0,1.0,0.0,28.958294,92.26888,2.0,1.0,0.0,75.65943,0.0
69.0,204.49786,0.27536264,79.904465,35.28891,1.0,0.0,90.48104,11.206696,4.0,5.768608,36.459896,3.0,9.25308,4.0,0.0,0.0,17.0,98.60071,5.0,3.0,0.0,48.202133,0.0
75.0,166.53586,3.0,81.0,23.0,0.0,0.0,100.0,-7.0,7.0,8.0,19.0,2.0,37.0,0.0,2.0,1.0,28.211048,67.73327,3.0,2.5577536,-5.6996617,83.089355,0.0
77.0,233.3823,-9.0,80.0,69.241844,0.0,0.0,100.0,-7.0,7.0,8.0,95.170006,5.8876443,54.876278,0.0,4.0,4.0,20.836187,-8.0,6.0,22.778894,2.0,57.0,0.0
60.402336,156.64374,11.0,57.23893,32.0,2.0,0.0,85.08233,21.055145,6.0,2.7365022,35.40805,0.0,33.0,0.0,0.0,0.0,45.71571,-8.0,3.0,2.0,0.073593095,63.0,0.0
84.753746,176.42528,7.0,86.73947,21.0,0.0,0.0,100.0,-7.0,7.0,8.0,27.0,2.0,40.0,21.286003,0.0,0.0,20.11834,42.657158,1.0,2.0,0.0,55.43298,0.0
84.17546,393.63623,23.640017,142.69043,29.809593,0.0,0.0,100.0,-7.0,7.0,8.0,28.44252,0.0,-5.8435826,-7.0,1.0,1.0,10.418248,-8.0,3.0,-9.0,1.0,-9.0,0.0
80.49405,169.70657,5.0,72.0,28.0,0.0,0.0,100.0,-7.0,7.0,8.0,31.0,1.0,12.385509,3.0,0.0,0.0,38.2844,-8.0,4.0,1.0,0.0,52.6831,0.0
71.693954,192.05017,4.0,74.0,44.257637,0.0,0.0,93.0,36.706974,6.0,6.0,44.47672,4.0,19.0,1.0,1.0,1.0,19.42946,-8.0,6.0,-9.0,3.0,37.608215,0.0
82.0,255.57266,7.0,80.60767,24.98249,0.0,0.0,97.0,56.008873,6.0,6.0,24.022139,1.0,22.125128,4.0,0.0,0.0,5.369617,-8.0,4.0,2.0,0.0,57.910885,0.0
80.0,212.10457,2.0,75.23584,25.647617,0.0,0.0,96.0,11.057308,6.0,6.0,23.0,2.0,37.641685,2.0,2.0,2.0,13.5387535,69.449715,3.0,6.49428,0.0,78.0,0.0
66.0,82.3415,4.0,49.522533,17.0,0.0,0.0,100.0,-7.0,7.0,8.0,20.309488,2.0,14.2108555,0.0,2.0,2.0,58.85735,-8.0,6.5422153,1.0,1.0126176,69.46345,0.0
72.0,158.71352,7.0,110.219154,18.0,3.0783243,0.0,59.438766,9.248727,6.0,3.0,20.1603,1.0,23.889423,0.0,0.0,0.0,20.305225,67.00949,2.0,2.0,1.0,63.0,0.0
90.6228,483.2813,31.14172,233.58006,12.850068,0.0,0.0,100.0,-7.0,7.0,8.0,11.0,0.0,19.0,2.0,0.0,0.0,2.0,-8.0,2.0,2.0,0.0,36.07822,0.0
81.0,116.12195,35.742813,93.0,28.344128,0.0,0.0,100.0,-7.0,7.0,8.0,29.0,0.0,22.723763,0.0,13.42748,11.218871,12.105995,-8.0,3.0,2.0,0.0,62.485207,0.0
56.65106,306.64365,29.405998,136.10922,24.0,3.0,1.4926109,67.482506,4.204582,4.0,2.0,30.0,0.0,50.0,-7.0,0.0,0.0,24.344341,-8.0,6.0,1.0,0.0,71.0,0.0
83.0,191.2812,22.195282,94.0,14.0,0.0,0.0,92.0,63.639908,6.0,6.0,16.0,0.0,64.75543,1.216854,1.0,1.0,4.0,-8.0,2.0,2.0,0.0,57.426903,0.0
73.16897,260.5889,3.0,84.01068,18.0,0.0,0.0,84.498116,5.19839,5.8691626,6.0,19.0,0.0,39.0,1.0,1.0,1.0,5.0,42.166615,2.4692616,1.0,0.0,43.0,0.0
76.0,142.97328,4.0,74.0,15.0,0.0,0.0,82.67178,52.31486,6.0,5.0,19.0,1.0,46.0,0.0,1.0,1.0,47.933376,55.27332,2.0,2.0,1.0,100.0,0.0
-9.0,-9.0,-9.0,-9.0,-9.0,-9.0,-9.0,-9.0,-9.0,-9.0,-9.0,-9.0,-9.0,-9.0,-9.0,-9.0,-9.0,-9.0,-9.0,-9.0,-9.0,-9.0,-9.0,0.0
64.33861,147.85983,3.0,70.0,11.0,1.0,1.0,100.0,-7.0,6.0,8.0,12.798549,2.0,26.0,0.0,1.0,1.0,60.507996,74.3197,3.0,2.0,0.0,100.0,0.0
90.0,147.0151,2.0,98.6835,13.0,0.0,0.0,100.0,-7.0,7.0,8.0,3.990036,1.0,73.69639,1.0,1.0,1.0,3.0,-8.0,2.0,1.0,0.0,100.0,0.0
84.0,178.84709,2.0,72.0,46.829453,2.0,0.0,97.57837,41.518776,6.0,4.5196586,45.95175,3.0,15.299817,0.0,2.0,2.0,8.0,67.60456,2.0,2.0,0.0,24.713247,0.0
70.0,219.71222,4.0,103.00929,41.2853,0.0,0.0,100.0,-7.0,7.0,8.0,37.0,2.0,31.0,0.0,5.0,5.538489,57.330425,71.0,3.0,2.0,2.0,75.0,0.0
81.0,109.10677,7.0,58.624374,31.735977,0.0,0.0,97.0,12.54733,6.0,6.0,28.0,4.0,25.0,0.0,1.0,1.0,8.0,53.254498,5.0,3.0,0.0,66.988625,0.0
71.0,262.71927,10.0,92.90396,21.0,0.0,0.0,100.0,-7.0,7.0,8.0,20.0,3.0,47.0,-8.0,0.0,0.0,52.829563,69.20264,7.0,2.0,2.0,88.0,0.0
54.169266,134.13594,6.0,79.0,7.3616347,1.0,1.0,72.72195,3.0,6.0,3.6060255,11.118205,1.0,50.0,0.0,0.0,0.0,103.59747,42.99297,2.0,2.160531,0.0,100.0,0.0
-9.0,-9.0,-9.0,-9.0,-9.0,-9.0,-9.0,-9.0,-9.0,-9.0,-9.0,-9.0,-9.0,-9.0,-9.0,-9.0,-9.0,-9.0,-9.0,-9.0,-9.0,-9.0,-9.0,0.0
89.0,288.90485,10.0,103.7859,18.0,0.0,0.0,100.0,-7.0,7.0,8.0,16.0,1.1224364,40.107918,14.515545,0.0,0.0,0.0,-8.0,1.0,2.0,0.0,33.0,0.0
77.0,350.5941,13.0,106.57513,37.755104,0.0,0.0,97.0,51.00011,6.0,6.0,27.729616,1.0,29.0,11.910073,0.0,0.0,12.0,20.07749,5.0,1.9143696,0.0,70.0,0.0
65.867584,304.66476,2.0,107.09071,36.776188,3.4999,0.0,78.53002,17.750767,6.0,2.0,46.971302,2.1544,18.0,1.0,0.0,0.0,6.7937574,-8.0,6.0,2.0,0.0,43.0,0.0
68.0,262.64676,6.0,63.0,12.0,0.0,0.0,92.0,2.6265738,6.0,6.0,12.142858,3.0,74.741,0.0,2.0,1.582936,53.086887,71.0,1.0,3.0,0.0,60.0,0.0
68.0,165.03171,13.0,102.55551,31.903828,0.0,0.0,95.0,31.000156,6.0,6.0,33.40241,1.0,28.339756,-8.0,0.0,0.0,48.842503,50.381042,11.0,5.0,2.455819,75.0,0.0
71.59171,157.32698,2.0,63.868332,38.74931,2.0,0.0,93.0,15.554809,6.0,5.0,48.4264,4.0,62.63121,0.0,4.0,4.0,22.97268,92.325584,1.0,5.0,0.0,60.0,0.0
84.0,302.6496,8.995873,96.72605,28.475534,0.0,0.0,97.0,64.164185,6.0,6.0,27.0,2.0,53.11378,5.0,0.0,0.0,10.524643,58.255814,2.0,2.0,0.0,75.0,0.0
82.0,330.94174,36.293995,112.54571,5.1247935,0.0,0.0,100.0,-7.0,7.0,8.0,9.0,0.0,29.0,0.0,2.0,2.0,17.0,-8.0,2.0,1.0,0.0,71.0,0.0
88.09232,282.836,24.64346,102.613464,13.0,0.0,0.0,100.0,-7.0,7.0,8.0,9.485764,0.0,11.600176,0.0,0.0,0.0,7.0817456,-8.0,3.0,1.0,0.44589913,46.654533,0.0
-9.0,-9.0,-9.0,-9.0,-9.0,-9.0,-9.0,-9.0,-9.0,-9.0,-9.0,-9.0,-9.0,-9.0,-9.0,-9.0,-9.0,-9.0,-9.0,-9.0,-9.0,-9.0,-9.0,0.0
75.0,125.16507,15.0,58.0,10.5524845,0.0,0.0,90.3343,20.558895,6.0,6.0,9.0,0.0,41.0,0.0,0.0,0.0,1.0,84.03483,1.0,2.0,0.0,80.0,0.0
88.0,166.13516,35.82237,99.18339,23.0,0.0,0.0,100.0,-7.0,7.0,8.0,38.0,0.0,17.0,-8.0,0.0,0.0,2.0,-8.0,2.2163143,1.0,0.0,45.539173,0.0
88.0,444.41803,27.371593,161.45175,13.0,0.0,0.0,100.0,-7.0,7.0,8.0,18.95028,0.0,20.0,8.652663,0.0,0.0,19.0,-8.0,2.0,-8.0,0.0,42.121,0.0
84.0,417.0032,31.105982,191.17969,15.0,0.0,0.0,100.0,-7.0,7.0,8.0,21.0,0.0,17.0,0.0,3.0,2.0674953,12.425726,-8.0,5.0,1.0,0.0,60.0,0.0
86.96396,162.03018,2.0,75.0,20.0,0.0,0.0,100.0,-7.0,7.0,8.0,22.0,2.0,50.0,5.0,1.0,1.0,4.2396884,84.0295,3.0,3.0,0.0,70.0,0.0
77.0,152.94753,15.0,74.98841,19.0,0.0,0.0,94.0,13.440264,6.0,6.0,19.0,0.0,35.613544,0.0,2.0,1.3225523,28.048864,-8.0,2.0,2.0,0.0,78.28076,0.0
75.0,238.51665,4.0,67.16768,24.0,1.0,0.0,100.0,61.932064,6.0,5.0,24.101364,4.0,36.25481,0.0,0.91489387,0.0,24.928375,98.78197,5.0,5.0,0.0,67.0,0.0
79.0,138.6152,19.462591,81.0,25.0,0.0,0.0,96.0,43.93424,6.0,6.0,35.0,0.0,28.0,20.714636,0.0,0.0,9.0,75.98648,2.0,2.0,0.0,40.0,0.0
74.0,121.36653,1.0,39.2571,14.0,0.0,0.0,97.0,38.628456,6.0,6.0,17.0,4.0,33.0,7.0,0.0,0.0,23.056438,-8.0,2.38654,2.0,0.0,56.0,0.0
60.42097,260.24258,6.0,65.0,21.0,1.0,0.0,68.40698,15.307794,6.0,3.4366283,28.0,2.0721378,11.0,0.0,2.0,1.0,52.61391,-8.0,5.0,-8.0,1.0,60.0,0.0
84.0,-4.6585875,-9.0,56.463367,6.0,0.0,0.0,100.0,-7.0,7.0,8.0,3.999781,2.0,33.0,0.0,2.0,2.0,1.0,94.408226,2.0,2.0,0.0,71.60021,0.0
75.0,279.78586,7.0,82.0,30.0,0.0,0.0,100.0,-7.0,7.0,8.0,34.32277,4.0,22.772104,18.911263,0.0,0.0,33.813656,80.40466,11.0,2.0,1.0,80.0,0.0
73.0,113.08333,3.0,62.85635,29.0,0.0,0.0,96.0,24.03405,6.0,6.0,37.0,8.913845,11.42917,2.0,1.0,1.0,9.0,-8.0,4.0,2.0,0.0,32.81723,0.0
84.0,238.76636,1.0,70.0,22.0,0.0,0.0,100.0,-7.0,7.0,8.0,25.0,6.0,35.0,3.0,0.0,0.0,8.0,70.37965,4.0,4.0,0.0,67.0,0.0
-9.0,-9.0,-9.0,-9.0,-9.0,-9.0,-9.0,-9.0,-9.0,-9.0,-9.0,-9.0,-9.0,-9.0,-9.0,-9.0,-9.0,-9.0,-9.0,-9.0,-9.0,-9.0,-9.0,0.0
58.137848,237.90724,1.4118265,70.241104,18.00984,2.0,0.0,70.420296,5.378095,4.0,4.0,22.0,2.0,29.023754,0.0,4.0,4.0,55.586555,83.5352,3.0,2.0,0.0,71.0,0.0
70.0,199.05943,3.0,74.0,33.0,1.0,0.0,90.84485,68.12622,6.0,4.0,51.316067,2.0,40.0,0.0,2.0,2.0,51.85702,84.02162,7.0,2.0,2.0,100.0,0.0
79.0,288.7259,2.0,90.0,40.69682,0.0,0.0,100.0,-7.0,6.0,6.0,43.42543,3.0,38.23185,18.397001,0.0,0.0,24.195135,76.26955,1.5180261,2.0,0.0,50.0,0.0
7.003357,-9.0,-9.0,-9.0,-9.0,-9.0,-9.0,-9.0,-9.0,-9.0,-9.0,-9.0,-9.0,-9.0,-9.0,-9.0,-9.0,-9.0,-9.0,-9.0,-9.0,-9.0,-9.0,0.0
87.0,484.03458,3.0,268.70126,21.0,0.0,0.0,100.0,-7.0,7.0,8.0,31.458282,2.0,23.0,7.0,2.0,1.0,25.431631,-8.0,3.0,-8.0,0.0,44.897438,0.0
54.058228,247.4243,1.2094071,69.011154,18.0,1.4991764,0.0,82.557526,14.355046,6.0,5.0,19.0,2.0,43.926342,2.0,0.0,0.0,106.13881,43.303253,7.0,2.0,4.0,83.0,0.0
89.0,388.73285,20.486603,135.89757,19.0,0.0,0.0,100.0,-7.0,7.0,8.0,28.0,0.0,34.801495,19.446075,0.0,0.0,11.0,-8.0,4.0,1.0,0.0,100.0,0.0
79.0,354.30377,2.0,92.50946,36.59431,0.0,0.0,97.0,31.055336,6.0,6.0,44.07292,1.6214521,36.0,1.7599384,0.0,0.0,7.0,89.63548,3.913577,2.0,1.0,47.836662,0.0
71.0,134.32259,15.0,80.904106,21.0,3.7534783,0.0,76.207184,42.83089,6.0,3.0,24.0,0.0,36.0,0.0,1.0,1.0,42.163296,71.0,6.0,4.0,2.0,67.0,0.0
86.0,87.24611,3.0,71.59865,12.0,0.0,0.0,100.0,-7.0,7.0,8.0,11.0,1.0,20.0,0.0,0.0,0.0,15.0,-8.0,2.0,1.6438421,0.0,57.605812,0.0
86.0,237.5558,4.0,115.0789,23.0,0.0,0.0,100.0,-7.0,7.0,8.0,24.302708,2.0,26.116259,-7.135109,0.0,0.0,7.0,60.529964,4.0,3.0,0.0,50.0,0.0
69.66378,378.6721,14.991794,115.77094,16.0,0.0,0.0,89.7387,2.0,3.037167,6.0,6.9241753,0.0,14.0,0.0,2.0,2.0,5.8803916,-8.0,2.0,1.0,0.0,36.991364,0.0
65.0,199.45654,4.0,75.0,27.0,0.0,0.0,100.0,-7.0,7.0,8.0,25.0,2.0,40.186344,1.0,2.1567886,2.0,68.13832,91.87449,6.0,3.0,4.4870677,100.0,0.0
77.0,213.77292,8.0,178.22389,13.0,1.0,0.0,91.23695,11.25838,5.0,5.0,9.68195,2.0,15.597953,0.0,2.0,2.0,17.616575,99.40779,6.962086,1.7756584,1.0,88.711044,0.0
80.0,142.06786,9.119936,127.73511,22.09255,2.0,2.0,93.0,48.728077,6.0,-9.0,1.5945634,0.0,8.175662,23.74632,0.0,0.0,9.0,40.125225,4.0,1.0,0.0,40.0,0.0
80.0,114.628136,4.0,59.18298,20.0,0.0,0.0,100.0,-7.0,7.0,8.0,21.0,1.0,18.0,0.0,0.0,0.0,21.0,-8.0,9.0,3.0,0.0,80.0,0.0
69.0,257.89627,1.1594222,93.0,26.0,0.0,0.0,94.0,10.731563,6.0,6.0,30.0,4.0,27.29135,5.083803,0.0,0.0,58.67535,80.0,10.497106,3.0,2.0,73.0,0.0
80.14969,170.91032,5.0,80.01603,34.366093,0.0,0.0,100.0,-7.0,7.0,8.0,31.258875,2.0,25.712524,-7.0,0.0,0.0,9.139088,-8.0,4.0,1.0,0.0,50.0,0.0
83.0,276.40787,36.353783,107.796234,10.917827,1.0,0.0,91.0,70.93995,6.0,5.0,13.0,0.0,43.871235,0.0,0.0,0.0,0.0,-8.0,0.8412625,2.0,0.0,94.74375,0.0
89.0,228.85718,6.538214,89.72061,15.0,0.0,0.0,100.0,-7.0,7.0,8.0,20.0,2.0,12.370322,-7.0,1.0,1.0,6.77799,-8.0,2.0,1.0,0.0,43.0,0.0
83.0,152.17793,5.0,91.46553,18.0,0.0,0.0,94.0,22.66195,6.0,6.0,27.331356,2.0,42.0,0.0,0.0,0.0,7.0,-8.0,2.0,2.0,0.0,67.0,0.0
86.64856,284.04523,9.0,91.37552,22.0,0.0,0.0,100.0,-7.0,7.0,8.0,20.0,1.1341088,35.0,9.254134,0.0,0.0,18.0,-8.0,4.0,-8.0,0.0,91.88646,0.0
83.0,260.94162,5.0,97.957924,22.0,0.0,0.0,100.0,-7.0,7.0,8.0,24.0,2.0,38.75142,1.0,2.0,2.0,1.0,-8.0,2.0,1.0,1.0,26.846313,0.0
85.0,293.82834,18.414799,138.03616,10.455653,0.0,0.0,100.0,-7.0,7.0,8.0,11.0,0.0,58.006374,12.0,0.0,0.0,14.707865,-8.0,2.0,1.0,0.0,88.121605,0.0
67.21974,239.05902,3.0,138.83629,27.619383,0.0,0.0,89.94138,9.194192,4.0,6.0,35.0,4.0,50.0,1.0,5.5429387,5.772487,28.0,-8.0,7.0,1.0,0.0,80.0,0.0
-9.0,-9.0,-9.0,-9.0,-9.0,-9.0,-9.0,-9.0,-9.0,-9.0,-9.0,-9.0,-9.0,-9.0,-9.0,-9.0,-9.0,-9.0,-9.0,-9.0,-9.0,-9.0,-9.0,0.0
87.0,371.79813,28.420748,111.02666,26.494612,0.0,0.0,100.0,-7.0,7.0,8.0,46.008472,0.0,28.0,1.0,3.0,3.0,4.0,-8.0,3.0,-8.0,0.0,50.75163,0.0
64.86029,215.15318,19.230316,109.50705,21.0,4.682639,0.0,78.48772,36.865643,6.0,4.0,26.0,0.0,57.968956,0.0,3.0,3.0,93.65031,64.07389,2.0,5.173913,2.0,100.0,0.0
81.90895,130.45718,14.60034,67.17685,23.0,0.0,0.0,100.0,-7.0,7.0,8.0,24.0,0.0,40.42431,12.0,0.0,0.0,12.0,-8.0,2.0,3.0,0.0,50.0,0.0
80.0,178.77206,-9.0,60.20516,27.0,0.0,0.0,100.0,-7.0,7.0,8.0,44.702744,10.910603,66.73849,0.0,6.8872056,6.121608,5.8844366,71.0,2.0,5.0,0.0,57.0,0.0
68.0,224.49765,7.0,105.43424,11.986775,1.0,1.0,78.08938,3.3852339,0.0,4.0,29.0,2.0,29.0,0.06327208,0.0,0.0,45.402634,51.115677,3.0,2.0,0.0,100.0,0.0
71.0,149.41046,7.5408864,72.0,19.0,0.0,0.0,100.0,-7.0,7.0,8.0,9.386497,1.0,65.46194,0.0,4.0,4.0,80.09021,-8.0,3.0,4.0,1.0,88.17494,0.0
63.0,322.0645,5.0,89.70945,49.167892,2.0,0.0,89.0,9.539612,6.0,2.0,52.938503,3.0,22.572561,0.0,0.0,0.0,8.0,93.60142,10.725657,3.0,2.0,53.435963,0.0
85.558105,181.95955,8.767717,77.00424,45.239597,0.0,0.0,100.0,-7.0,7.0,8.0,52.49768,1.0,40.0,3.081893,0.0,0.0,1.0,-8.0,2.0,3.0,0.0,33.0,0.0
83.0,362.60638,4.781943,89.57325,29.0,0.0,0.0,100.0,-7.0,7.0,8.0,44.46249,4.0,27.0,1.0,2.280412,2.0,9.0,76.0,1.0,4.0,1.0,31.843842,0.0
-9.0,64.14305,20.0,70.35188,-5.1574883,3.0,1.6545954,11.540607,8.2582245,4.0,2.0,0.36268082,0.0,96.92973,-7.0,1.0,1.0,0.0,63.479572,-9.0,1.0,-9.0,100.0,0.0
84.0,427.65204,1.7547541,100.0,33.649845,0.0,0.0,100.0,-7.0,7.0,8.0,32.11938,2.0,24.0,0.0,1.0,1.0,9.014437,79.60798,6.0,3.0,0.0,50.0,0.0
72.0,318.54855,8.0,101.09446,27.0,0.0,0.0,100.0,-7.0,7.0,8.0,31.0,1.0,35.329105,18.7066,0.0,0.0,74.60766,65.24021,9.112414,4.0,2.0,75.0,0.0
73.0,195.13884,2.0,83.46517,29.0,2.0,0.0,89.427155,7.1284986,5.0982566,5.0,33.0,1.0,19.625202,0.0,3.0,3.0,1.0,86.362175,3.0,2.0,0.0,33.0,0.0
62.0,149.16386,5.0,65.57833,15.0,0.0,0.0,82.82435,17.824705,6.0,6.0,15.0,3.0,26.29266,4.23048,2.0,2.0,64.46226,-8.0,4.0,3.0,1.0,80.0,0.0
79.0,422.55228,2.0,203.0924,14.0,0.0,0.0,100.0,-7.0,7.0,8.0,17.0,1.0,-0.75550413,1.1659318,1.0,1.0,15.0,55.022,6.0,1.0,2.0,50.494503,0.0
77.0,281.56787,5.0,141.7894,19.0,0.0,0.0,96.0,56.436836,6.0,6.0,24.0,1.0,25.0,0.0,0.0,0.0,33.758892,100.0,9.0,2.0,1.0,68.36182,0.0
78.5006,184.7359,3.0,73.74212,25.440002,0.0,0.0,100.0,-7.0,7.0,8.0,31.0,4.0,34.51298,0.0,0.0,0.0,19.9077,71.0,3.0,2.0,0.0,49.33966,0.0
74.0,326.24548,7.0,106.99069,14.0,0.0,0.0,100.0,-7.0,7.0,8.0,16.0,1.0,47.0,0.0,0.0,0.0,107.850815,87.717224,3.0,2.0,1.0,100.0,0.0
81.0,263.71268,7.0,88.80039,29.740412,0.0,0.0,95.34792,68.87771,6.0,6.0,23.0,2.0,21.0,-7.0,0.0,0.0,3.0,-8.0,7.0,1.0,1.0,56.0,0.0
-9.0,-9.0,-9.0,-9.0,-9.0,-9.0,-9.0,-9.0,-9.0,-9.0,-9.0,-9.0,-9.0,-9.0,-9.0,-9.0,-9.0,-9.0,-9.0,-9.0,-9.0,-9.0,-9.0,0.0
76.882454,130.17334,2.0,42.374638,13.0,0.0,0.0,100.0,-7.0,7.0,8.0,21.0,2.0,-9.0,0.0,1.0,1.0,4.625117,-8.0,1.0,-9.0,0.0,39.83078,0.0
67.0,134.93199,10.0,82.73029,19.6937,0.0,0.0,95.0,0.843205,0.9480178,6.0,20.457483,1.0,23.712074,0.0,0.0,0.0,2.0,-8.0,2.0,2.0,0.0,50.0,0.0
75.0,141.70206,9.0,55.086838,13.0,0.0,0.0,94.0,47.852825,6.0,5.0,10.350184,2.0,27.144627,0.0,1.0,0.705833,32.0,68.23021,4.0,2.0,0.0,100.0,0.0
81.0,128.04544,5.0,70.26013,27.0,0.0,0.0,100.0,-7.0,7.0,8.0,24.0,1.0,23.184307,21.731302,0.0,0.0,13.73885,64.80468,4.0,3.0,0.0,58.31828,0.0
75.0,254.35246,35.80604,88.48155,13.0,0.0,0.0,90.92087,19.679672,4.0,6.0,11.134675,0.0,50.0,-7.0,0.0,0.0,14.0,-8.0,1.0,1.0,0.0,44.0,0.0
91.0,102.41581,4.0,71.442986,13.0,0.0,0.0,100.0,-7.0,7.0,8.0,13.0,1.0,33.0,0.0,1.0,1.0,0.0,-8.0,1.0,2.0,0.0,48.397015,0.0
77.0,215.38791,1.0,97.17732,75.88102,0.0,0.0,100.0,1.9695207,6.0,6.0,100.50253,2.0,54.219482,0.0,2.0,2.0,4.0,22.995502,4.0,4.730902,0.0,33.58485,0.0
82.0,215.3749,5.0,72.05169,28.3638,0.0,0.0,100.0,-7.0,7.0,8.0,28.833834,2.0,17.0,7.072146,0.0,0.0,12.926159,93.0,1.0,2.0,0.0,22.602224,0.0
70.17774,174.23544,7.6520176,74.0,29.072462,0.0,0.0,100.0,-7.0,7.0,8.0,30.0,0.0,17.0,0.0,2.0,2.0,76.216995,98.78558,18.650017,2.0,8.253721,100.0,0.0
86.0,291.4462,3.0,75.0,20.42751,0.0,0.0,100.0,-7.0,7.0,8.0,35.0,2.0,24.0,16.366087,1.0,1.0,11.604143,-8.0,3.0,1.0,0.0,50.0,0.0
71.0,183.85289,9.0,81.60289,18.0,0.0,0.0,91.0,4.8980393,6.0,6.0,11.913222,2.0,36.64161,0.0,0.0,0.0,33.800686,-8.0,5.0,1.0,2.0,52.696716,0.0
79.0,120.43511,13.368807,59.132984,25.0,0.0,0.0,100.0,-7.0,7.0,8.0,21.0,0.0,35.57276,-7.0,0.0,0.0,41.914993,52.521614,6.0,2.0,0.0,67.0,0.0
76.0,82.97516,6.0,39.879787,14.652476,0.0,0.0,100.0,-7.0,7.0,8.0,16.0,1.0,42.0,2.0,0.0,0.0,66.150955,-8.0,2.0,2.0,0.0,75.0,0.0
72.66814,199.45184,7.62334,74.243355,35.201366,0.0,0.0,100.0,-7.0,7.0,8.0,39.974205,1.0,33.0,-7.0,5.0,5.6610427,13.0,-8.0,4.0,2.0,5.4958935,38.0,0.0
82.0,212.88528,7.6683946,78.09992,27.0,0.0,0.0,100.0,-7.0,7.0,8.0,19.436266,0.0,33.0,12.0,1.0,1.0,9.771141,39.344757,2.0,2.0,0.0,36.08256,0.0
72.0,146.88924,10.0,66.54863,25.599577,0.0,0.0,100.0,-7.0,7.0,8.0,25.0,0.0,24.0,0.0,0.0,0.0,40.948402,37.39562,6.0,2.0,2.0,56.0,0.0
65.15843,159.6372,1.0,68.0,38.126457,0.0,0.0,88.0,12.336572,6.0,6.0,42.610603,3.0,30.0,0.0,6.458776,6.663553,30.841133,77.413994,9.0,3.0,2.0,58.667675,0.0
79.0,206.3233,16.0,84.13598,27.0,0.0,0.0,100.0,-7.0,7.0,8.0,34.0,0.0,22.70514,11.407423,0.0,0.0,17.181877,-8.0,4.0,1.6270537,2.0,36.906548,0.0
62.626938,121.94296,1.0,47.035034,22.0,2.2974846,3.471496,84.65233,40.35424,6.0,2.0,24.0,3.0,21.0,1.0,4.0,4.0,52.354797,71.0,8.0,3.0,2.0,86.76289,0.0
-9.0,-9.0,-9.0,-9.0,-9.0,-9.0,-9.0,-9.0,-9.0,-9.0,-9.0,-9.0,-9.0,-9.0,-9.0,-9.0,-9.0,-9.0,-9.0,-9.0,-9.0,-9.0,-9.0,0.0
70.93789,249.54185,16.296516,102.80587,20.0,0.0,0.0,91.512955,26.481646,6.0,6.0,19.0,0.0,50.0,-7.0,0.0,0.0,32.893806,52.122456,6.713628,2.0,1.0,82.80269,0.0
79.0,354.2428,9.0,131.32706,11.581951,0.0,0.0,88.0,17.166195,4.0,6.0,13.709044,1.0,18.0,-7.0,0.0,0.0,8.0,-8.0,2.0,1.0,0.0,50.0,0.0
91.0,233.8506,9.0,84.0,20.171427,0.0,0.0,100.0,-7.0,7.0,8.0,29.065489,0.0,14.0,-8.0,0.0,0.0,5.8122396,-8.0,2.0,-8.0,0.0,33.0,0.0
84.0,44.62258,3.0,56.97672,19.0,0.0,0.0,100.0,-7.0,7.0,8.0,19.0,1.0,12.178196,0.0,0.0,0.0,11.0,-8.0,2.0,-8.0,0.0,21.030973,0.0
79.33784,218.2855,8.0,74.0,25.0,0.0,0.0,100.0,-7.0,7.0,8.0,33.20783,1.0,26.684555,-7.0,0.0,0.0,17.0,76.0,3.0,4.0,0.0,73.0,0.0
87.0,254.80797,16.0,81.0,15.0,0.0,0.0,100.0,-7.0,7.0,8.0,13.0,0.0,6.4827914,0.0,0.0,0.0,22.93805,-8.0,2.0,1.0,0.0,40.0,0.0
92.661514,171.42978,33.085537,114.72106,7.806407,0.0,0.0,100.0,-7.0,7.0,8.0,8.17539,0.0,16.157343,-7.0,1.0,0.0,1.0,-8.0,1.0,-8.0,0.0,40.87065,0.0
79.0,218.03822,2.0,60.735912,39.0,0.0,0.0,96.0,58.26986,6.0,6.0,39.238033,6.0,43.0,0.0,3.0,2.0,12.0,95.53984,3.0,3.0,0.0,60.0,0.0
67.0,269.67624,23.90699,86.0,22.197905,0.0,0.0,87.19964,-7.0,3.3686311,2.0,25.0,0.0,18.579288,0.0,2.0,2.0,31.971478,-8.0,8.0,1.0,1.0,45.458633,0.0
86.80006,275.50565,26.091812,83.209625,30.941738,0.0,0.0,100.0,-7.0,7.0,8.0,46.917133,0.0,50.0,2.0,3.0,3.0,0.0,-8.0,1.0,1.0,0.0,25.0,0.0
87.0,236.73366,20.84197,74.94469,15.0,0.0,0.0,100.0,-7.0,7.0,8.0,15.603682,0.0,20.0,2.4349036,1.0,1.0,10.0,-8.0,1.0,1.0,0.0,56.0,0.0
67.0,273.02524,4.0,115.72233,18.0,6.9221835,7.711259,89.188225,39.66786,6.0,3.0,14.0,1.0,47.503143,2.3705952,3.0,3.0,57.7805,25.917759,3.0,3.0,1.0,67.0,0.0
68.0,159.97801,11.0,91.78202,31.285492,0.0,0.0,100.0,-7.0,7.0,8.0,31.0,0.0,29.0,0.0,0.0,0.0,81.33483,57.014217,5.0,2.0,4.0,64.7654,0.0
62.4555,-9.0,7.1365895,30.747923,14.0,0.0,0.0,100.0,-7.0,7.0,8.0,12.0,3.0,14.0,0.0,3.0,2.0,62.195717,-8.0,5.0,-8.0,2.0,86.0,0.0
73.0,134.0515,1.2612808,77.47011,23.0,0.0,0.0,92.0,16.506487,6.0,6.0,24.065344,1.0,30.0,9.0,0.9723896,0.0,20.51422,88.0,3.0,2.0,0.0,56.0,0.0
82.91218,186.75543,11.0,86.672714,6.0,0.0,0.0,100.0,-7.0,7.0,8.0,8.0,2.0,14.0,0.0,0.0,0.0,30.47236,-8.0,2.0,-8.0,0.0,50.0,0.0
86.0,261.59256,3.0,104.03489,23.0,0.0,0.0,100.0,-7.0,6.0,6.0,23.0,1.0,44.761936,0.0,0.0,0.0,15.922202,61.81752,1.0,2.0,0.0,53.983982,0.0
72.97228,175.66917,2.0,93.40174,27.0,0.0,0.0,88.0,-7.0,4.0,6.0,35.036747,2.0,29.00402,4.0,0.0,0.0,36.361954,76.0,6.0,3.0,1.0,64.0,0.0
64.62439,266.07037,4.0,75.0,39.45031,0.0,0.0,94.55669,3.0,4.0,6.0,53.91391,3.0,12.065423,1.0,3.0,2.0,40.90646,66.62245,6.0,2.0,3.0,43.0,0.0
87.0,247.70087,5.0,127.13292,27.897425,0.0,0.0,100.0,-7.0,7.0,8.0,11.0,1.0,20.56755,1.0,1.0,1.0,9.0,-8.0,3.2487776,1.0,0.0,69.27136,0.0
81.0,-8.0,16.658968,43.604797,12.0,0.0,0.0,100.0,-7.0,7.0,8.0,11.0,0.0,43.689014,-8.0,0.0,0.0,16.743483,53.262806,1.0,3.0,0.0,66.007904,0.0
89.0,350.57663,8.0,90.389465,20.0,0.0,0.0,100.0,-7.0,7.0,8.0,19.0,1.0,33.0,16.0,0.0,0.0,6.0,82.0,2.0,3.0,0.0,46.937363,0.0
80.0,377.61813,6.0,160.20976,19.0,0.0,0.0,100.0,-7.0,6.0,8.0,18.136818,1.0,24.0,0.0,1.0,1.0,11.0,50.103436,5.0,2.0,0.0,67.0,0.0
59.270824,148.3882,5.0,63.0,29.0,0.0,0.0,96.0,4.4142103,6.0,6.0,34.0,3.0,0.0,2.0,0.0,0.0,34.93725,-8.0,13.869265,1.0,4.0,57.354694,0.0
74.0,210.46112,20.499683,79.93318,31.0,0.0,0.0,100.0,-7.0,7.0,8.0,35.665066,0.0,40.0,0.0,0.0,0.0,40.16538,93.67269,2.0,4.0,4.2122736,50.0,0.0
79.0,82.53051,1.0,32.23717,13.161899,0.0,0.0,100.0,-7.0,7.0,8.0,19.0,4.0,57.927437,0.0,4.0,3.0,30.439302,92.68904,1.0,2.0,0.0,63.0,0.0
68.0,166.23174,3.0,64.64072,29.0,0.0,0.0,100.0,-7.0,7.0,8.0,37.167934,3.0,38.031406,0.0,6.9775343,6.8304915,53.227818,76.0,6.0,3.0,2.0,77.89444,0.0
73.0,240.16101,2.0,76.62179,15.0,0.0,0.0,100.0,-7.0,7.0,8.0,19.0,1.0,39.682617,0.0,2.0,2.0,44.52028,19.270077,2.6138432,5.0,1.0,69.88991,0.0
-9.0,217.50027,3.0,88.27836,15.012777,0.0,0.0,85.51656,9.286595,4.0,6.0,20.261335,1.0662037,29.3794,1.0,1.0,1.0,87.54275,-8.0,6.0,-8.599972,6.906994,100.0,0.0
88.475464,205.8306,6.0,87.59317,20.0,0.0,0.0,95.0,74.23143,6.0,6.0,25.0,1.0,2.14055,-7.0,0.0,0.0,0.0,-8.0,1.0,-8.0,0.0,15.251422,0.0
76.0,175.30089,14.511047,92.0,22.902771,0.0,0.0,100.0,-7.0,7.0,8.0,28.0,0.0,30.45845,7.0,0.0,0.0,45.9251,34.14278,7.0,2.0,3.0,83.0,0.0
84.0,152.05867,7.0,81.91605,12.0,0.0,0.0,100.0,-7.0,7.0,8.0,7.981638,1.0,23.0,-8.0,0.0,0.0,19.0,91.0,4.0,1.0,0.0,75.0,0.0
75.0,273.90286,2.5925918,112.2419,36.0,0.0,0.0,100.0,-7.0,6.0,8.0,34.610413,4.0,20.0,-7.0,0.0,0.0,26.355864,96.71061,23.101418,5.0,5.509892,75.0,0.0
68.0,69.96196,2.6336925,-9.0,14.0,0.0,0.0,100.0,-7.0,7.0,8.0,12.72068,3.0146055,67.767685,0.0,3.0,3.0,42.52039,85.00856,2.0,3.0,1.0,72.39779,0.0
85.0,141.3557,3.0,86.06522,28.0,0.0,0.0,100.0,-7.0,7.0,8.0,38.0,1.0,9.682886,12.0,0.0,0.0,2.0,-8.0,2.0,1.0,0.0,3.2299619,0.0
64.0,156.99284,2.0,72.0,16.0,1.0,1.0,95.16904,-7.0,4.0,3.0,16.0,2.0,33.0,0.0,2.0,2.0,28.0,51.986202,9.0,2.0,1.0,76.0677,0.0
85.0,209.62923,10.0,121.424484,11.0,0.0,0.0,100.0,-7.0,7.0,8.0,3.4323409,1.0,-9.0,0.0,1.0,1.0,11.0,-8.0,3.0,-8.0,0.0,37.05716,0.0
-9.0,-9.0,-9.0,-9.0,-9.0,-9.0,-9.0,-9.0,-9.0,-9.0,-9.0,-9.0,-9.0,-9.0,-9.0,-9.0,-9.0,-9.0,-9.0,-9.0,-9.0,-9.0,-9.0,0.0
75.0,140.96196,3.47938,89.32512,17.0,0.0,0.0,100.0,-7.0,7.0,8.0,16.0,2.0,20.0,8.0,0.0,0.0,31.242146,-8.0,5.0,1.0,0.0,80.0,0.0
86.0,258.11316,25.284725,120.37988,19.0,0.0,0.0,100.0,-7.0,7.0,8.0,19.139475,0.0,36.474003,0.0,1.0,1.0,13.0,-8.0,3.0,4.0,0.0,80.0,0.0
78.0,162.9585,6.0,72.81689,35.66854,0.0,0.0,100.0,-7.0,7.0,8.0,33.35906,2.0,11.0,0.0,0.0,0.0,12.384062,-8.0,5.0,1.0,1.0,38.0,0.0
69.0,57.39707,5.0,42.697235,25.0,0.0,0.0,100.0,-7.0,7.0,8.0,20.678211,3.0,25.0,0.0,0.0,0.0,40.428493,98.386284,4.0,5.621597,1.0,80.0,0.0
70.788,275.4154,8.0,110.12362,35.9027,0.0,0.0,97.0,12.27652,6.0,6.0,40.747856,1.0,49.071354,2.0,2.0,2.0,33.58242,76.621185,5.0,6.0,1.0,60.0,0.0
90.757256,273.59415,4.0,81.83293,19.0,0.0,0.0,100.0,-7.0,7.0,8.0,24.0,2.0,11.0,0.0,1.0,1.0,6.0,-8.0,3.0,1.0,0.0,-9.0,0.0
69.0,206.57687,2.0,91.319466,13.383965,2.0,1.0,95.0,44.524982,6.0,4.6230783,18.0,3.0,45.0,6.9474373,2.0,2.0,51.08946,52.89053,1.0,2.0,0.0,69.811584,0.0
74.43057,159.69472,6.0,79.0,25.0,0.0,0.0,87.386246,2.0,4.0,6.0,28.0,1.2972524,24.0,0.0,2.0,2.0,2.0,51.828278,2.0,3.0,0.0,44.54304,0.0
88.0,334.0716,5.0,111.1772,32.65959,0.0,0.0,100.0,-7.0,7.0,8.0,46.67894,1.0,32.0,0.0,2.0,2.0,4.810008,-8.0,4.0,1.0,0.0,43.07067,0.0
91.0,305.48795,12.0,135.00226,20.68202,0.0,0.0,100.0,-7.0,7.0,8.0,21.0,2.0,17.0,-8.0,0.0,0.0,0.0,-8.0,2.0,1.0,0.0,7.785221,0.0
86.0,374.314,3.0,87.25259,18.0,0.0,0.0,100.0,-7.0,7.0,8.0,26.0,4.0,19.108831,-7.0,2.0,2.0,3.0,63.33884,4.689753,3.0,0.0,60.0,0.0
87.0,391.93176,5.819291,94.66438,37.0239,0.0,0.0,100.0,-7.0,7.0,8.0,33.0,2.0,8.004735,-7.0,0.0,0.0,10.671466,-8.0,3.0,1.0,0.0,33.0,0.0
82.0,379.19217,12.0,155.69547,49.34265,0.0,0.0,97.30292,32.879704,6.0,6.0,52.211124,0.0,69.50564,0.0,1.0,1.0,10.0,84.00571,5.0,3.5678093,0.0,70.0,0.0
89.39031,259.89346,14.0,150.10036,19.0,0.0,0.0,100.0,-7.0,7.0,8.0,21.733994,0.0,26.0,0.0,0.0,0.0,0.0,87.476974,1.0,2.0,0.0,40.6744,0.0
80.0,280.6864,4.0,136.87402,30.100754,0.0,0.0,100.0,-7.0,7.0,8.0,24.0,1.0,25.0,0.0,1.0,1.0,25.26289,25.233305,7.6940756,2.0,2.5903835,74.26658,0.0
66.0,102.141106,7.0,39.972576,19.464485,0.0,0.0,100.0,-7.0,7.0,8.0,20.0,1.0,50.69675,0.39355063,0.0,0.0,90.33578,58.41815,4.617933,4.0,2.6322546,94.6297,0.0
-9.0,-9.0,-9.0,-9.0,-9.0,-9.0,-9.0,-9.0,-9.0,-9.0,-9.0,-9.0,-9.0,-9.0,-9.0,-9.0,-9.0,-9.0,-9.0,-9.0,-9.0,-9.0,-9.0,0.0
62.7085,160.48085,-5.026321,70.0,36.0,0.0,0.0,94.0,5.5102134,4.0,6.0,34.33578,4.0,53.113033,0.0,4.0,4.0,101.7205,99.60634,4.0,4.0,3.0,100.0,0.0
71.0,214.01048,6.0,70.0,25.428642,0.0,0.0,100.0,-7.0,7.0,8.0,34.0,2.0,8.508961,0.0,1.0,1.0,55.83523,60.800613,8.0,1.0,4.0,78.12778,0.0
77.38219,340.5498,1.0,76.70866,24.014076,0.0,0.0,95.0,37.00748,6.0,6.0,34.0,2.0,15.541966,0.0,5.0,5.946605,20.487587,95.107834,3.0,2.0,0.0,59.72663,0.0
88.0,224.73755,7.0,86.55633,22.0,0.0,0.0,100.0,-7.0,7.0,8.0,20.0,1.0,16.0,4.0,1.0,1.0,1.0,-8.0,1.0,1.0,0.0,16.643654,0.0
80.0,340.49667,2.0,103.15069,26.899847,0.0,0.0,100.0,-7.0,7.0,8.0,27.56255,2.0,12.3251095,21.410318,0.0,0.0,19.26799,-8.0,4.0,2.0,2.0,47.58826,0.0
65.0,139.56084,7.0,48.1866,5.4205327,1.7688258,0.0,78.41758,32.186214,6.0,2.0,9.0,0.0,50.0,-7.0,0.0,0.0,33.079296,97.54624,2.0,2.0,0.0,100.0,0.0
90.131836,170.06741,14.6279125,95.65567,24.0,0.0,0.0,100.0,-7.0,7.0,8.0,23.0,0.0,50.0,0.0,1.0,2.0,4.059284,-8.0,2.0,2.0,0.0,67.0,0.0
66.7125,221.59818,3.0,86.0,25.457106,2.0,1.0,88.0,10.701017,4.0,4.0,30.0,2.0,13.772843,7.5738893,0.0,0.0,22.349596,-8.0,8.0,-8.420303,1.0,43.0,0.0
83.0,342.9238,16.0,117.160576,30.994656,0.0,0.0,95.03828,22.68682,5.8213367,6.0,30.0,0.0,41.0,4.0,0.0,0.0,1.0,-8.0,3.0,1.0,0.0,43.0,0.0
69.0,319.70825,22.86094,98.71608,25.58487,0.0,0.0,88.38244,7.7151957,6.0,6.0,26.0,0.0,22.0,0.0,3.0,2.0,21.0,84.00186,3.0,2.0,1.0,34.083942,0.0
85.0,358.30453,-9.0,84.82791,23.0,0.0,0.0,100.0,-7.0,7.0,8.0,24.0,1.0,35.0,-7.0,3.0,3.0,9.0,-8.0,3.0,1.0,0.0,54.090225,0.0
78.0,456.55356,-8.233565,134.1245,47.69645,0.0,0.0,97.0,6.213479,6.0,6.0,53.05174,3.0,26.0,0.0,10.09715,7.7041845,3.0,34.54591,2.156273,5.0,0.0,31.512844,0.0
82.0,96.27886,5.0,66.00909,18.0,0.0,0.0,100.0,-7.0,7.0,8.0,19.0,0.0,32.0,0.0,1.0,1.0,16.274076,-8.0,2.0,2.0,1.0,50.0,0.0
76.0,145.37386,24.177391,82.0,22.0,0.0,0.0,93.0,68.80286,6.0,5.0,19.0,0.0,47.0,0.0,5.399165,5.051707,6.46112,-8.0,2.0,3.0,0.0,71.0,0.0
78.0,444.25647,16.110027,174.91472,24.0,0.0,0.0,100.0,-7.0,7.0,8.0,26.0,0.0,19.0,0.0,0.0,0.0,44.58914,-8.0,3.0,1.0,1.0,36.566036,0.0
72.0,170.47371,4.0,64.93675,27.0,0.0,0.0,97.0,13.641673,6.0,6.0,25.0,5.0,33.880157,13.341403,1.0,0.0,16.750952,71.95857,2.0,3.0,0.0,50.0,0.0
-9.0,-9.0,-9.0,-9.0,-9.0,-9.0,-9.0,-9.0,-9.0,-9.0,-9.0,-9.0,-9.0,-9.0,-9.0,-9.0,-9.0,-9.0,-9.0,-9.0,-9.0,-9.0,-9.0,0.0
84.0,165.18846,1.0,76.0,20.0,0.0,0.0,100.0,-7.0,7.0,8.0,22.0,3.0,42.0,5.0,1.0,1.0,8.0,57.165447,2.0,3.0,0.0,82.270676,0.0
73.0,262.0711,1.0,71.11012,23.157263,0.0,0.0,100.0,-7.0,7.0,8.0,27.361786,3.1509018,57.10275,0.0,2.0,2.0,54.41882,58.69353,3.0,3.0,2.0,63.65798,0.0
84.0,266.8923,4.0,86.0,34.321106,0.0,0.0,100.0,-7.0,7.0,8.0,30.0,2.8902066,19.0,0.0,0.0,0.0,6.0,84.38833,6.0,3.0,0.0,47.627766,0.0
73.0,17.611645,16.756351,43.887207,14.38437,1.0,0.0,89.0,51.714664,6.0,2.0,17.163399,0.0,24.0,2.0,0.0,0.0,15.0,-8.0,6.0,2.0,1.0,50.0,0.0
78.0,165.97511,5.0,65.0,31.832123,0.0,0.0,100.0,-7.0,7.0,8.0,30.0,1.0,61.522884,1.0,2.0,1.0,30.407133,90.064575,4.0,3.706006,0.0,80.0,0.0
81.0,157.19623,7.0,77.0,24.0,0.0,0.0,100.0,-7.0,7.0,8.0,23.0,3.0,43.0,5.0,1.0,1.0,0.0,93.0,1.0,2.0,0.0,50.0,0.0
86.0,271.9905,8.0,168.18745,23.0,0.0,0.0,100.0,-7.0,7.0,8.0,29.0,1.0,30.951765,10.448469,1.0,1.0,17.387548,49.13936,2.0,2.0,0.0,50.0,0.0
60.571884,169.2744,4.0,94.85046,17.0,3.0,0.0,62.013775,6.0,6.0,2.0,25.0,2.0,26.0,0.0,0.0,0.0,63.270077,-8.0,2.0,1.0,0.0,40.0,0.0
85.0,304.2603,6.0,100.0,20.0,0.0,0.0,89.69769,17.384151,6.0,6.0,19.0,1.0,45.0,-7.0,0.0,0.0,0.0,-8.0,3.0,3.0,0.0,50.0,0.0
86.0,117.57403,2.0,58.0,19.0,0.0,0.0,100.0,-7.0,7.0,8.0,24.0,5.0,35.0,3.0,1.0,1.0,4.0,98.669914,2.0,3.0,0.0,47.69606,0.0
86.0,240.91954,8.996317,69.59366,14.0,0.0,0.0,100.0,-7.0,7.0,8.0,16.0,2.0,46.0,21.153603,0.0,0.0,15.0,70.51902,1.0,1.7176284,0.0,50.0,0.0
68.0,225.51735,3.0,98.939575,59.336494,0.0,0.0,96.0,5.7811217,6.0,6.0,29.473854,4.0,11.421849,20.025518,0.0,0.0,7.4669867,-8.0,7.0,3.0,2.0,33.0,0.0
84.32093,119.194084,15.735313,64.15162,19.0,0.0,0.0,100.0,-7.0,7.0,8.0,14.0,0.0,22.296362,12.687246,0.0,0.0,5.0,93.99293,2.0,2.0,0.0,43.0,0.0
82.0,279.51575,2.0,88.233925,31.009214,0.0,0.0,100.0,-7.0,7.0,8.0,27.0,2.0,22.0,0.0,0.0,0.0,28.069958,-8.0,4.0,2.0,0.0,55.848686,0.0
80.0,404.05887,11.148475,120.27424,14.0,0.0,0.0,100.0,-7.0,7.0,8.0,21.0,1.0,16.365257,23.958794,0.0,0.0,44.514763,-8.0,6.0,-8.0,0.0,98.517525,0.0
75.0,184.20865,4.0,72.948586,27.0,2.0,1.7140226,95.0,37.676113,6.0,6.0,31.0,1.0,44.363445,0.0,0.0,0.0,0.0,69.086395,1.0,2.0,0.0,33.0,0.0
69.0,168.5199,7.0,36.27063,21.0,0.0,0.0,100.0,-7.0,7.0,8.0,19.0,3.0,27.0,4.0,0.0,0.0,52.394585,86.92174,4.0,4.0,1.0,100.0,0.0
87.0,190.50507,30.078974,119.01939,21.0,0.0,0.0,100.0,-7.0,7.0,8.0,28.0,0.0,17.915583,16.0,0.0,0.0,14.554578,-8.0,2.0,-8.0,0.0,34.99415,0.0
89.014755,149.96265,24.932013,102.521095,25.0,0.0,0.0,100.0,-7.0,7.0,8.0,21.0,0.0,22.66364,0.0,1.0,1.0,0.0,-8.0,0.0,1.0,0.0,-9.0,0.0
80.299194,369.2051,14.0,97.16057,29.0,0.0,0.0,100.0,-7.0,6.0,8.0,29.0,0.0,48.24922,0.0,2.0,1.0,19.375488,-8.0,5.0069733,1.0,2.0,41.257423,0.0
61.72578,146.04066,34.56099,77.33159,8.0,1.0,0.0,86.790436,18.163307,6.0,6.0,12.0,0.0,5.054774,0.0,0.0,0.0,60.541584,-8.0,2.0,-8.0,0.0,80.0,0.0
85.0,337.15668,2.0,96.63685,39.0,0.0,0.0,100.0,-7.0,7.0,8.0,37.0,1.6501869,24.0,0.0,1.0,1.0,7.2873096,-8.0,5.0,2.0,0.0,52.703854,0.0
85.040764,154.76233,21.798601,87.9722,21.034332,0.0,0.0,100.0,-7.0,7.0,8.0,22.0,0.0,8.16164,0.0,0.0,0.0,1.0,-8.0,1.0,1.0,0.7565201,-9.0,0.0
72.0,153.44603,7.0,58.0,23.0,0.0,0.0,100.0,-7.0,7.0,8.0,27.992973,1.0,46.0,0.0,0.0,0.0,67.41846,85.74143,2.0,2.0,1.0,67.0,0.0
74.42927,97.6163,5.0,64.41557,15.0,0.0,0.0,84.85011,66.20627,6.0,6.0,8.0,0.0,29.0,-7.0,0.0,0.0,26.790434,62.83561,2.0,1.0,0.0,38.0,0.0
76.0,199.57358,11.500083,105.07345,27.0,0.0,0.0,100.0,-7.0,7.0,8.0,26.0,0.0,21.0,0.0,0.0,0.0,12.0,11.902633,9.0,2.0,0.0,80.0,0.0
86.0,388.10712,27.552368,119.04627,6.7362614,0.0,0.0,100.0,-7.0,7.0,8.0,11.0,0.0,21.0,4.0,0.0,0.0,1.0,80.0,1.0,2.0,0.0,53.710365,0.0
66.0,176.57082,1.0,74.11836,28.0,0.0,0.0,97.0,17.512577,6.0,6.0,34.0,5.0,30.828194,1.0,4.662596,4.5485916,36.0,79.14212,7.0,20.76202,4.0,76.6931,0.0
-9.0,-9.0,-9.0,-9.0,-9.0,-9.0,-9.0,-9.0,-9.0,-9.0,-9.0,-9.0,-9.0,-9.0,-9.0,-9.0,-9.0,-9.0,-9.0,-9.0,-9.0,-9.0,-9.0,0.0
80.0,320.86185,3.0,95.205505,33.0,0.0,0.0,100.0,6.0,4.0,6.0,42.833996,3.0,42.53806,0.0,2.0,2.0,1.0,89.01184,1.0,3.0,0.0,23.968662,0.0
78.0,179.94753,1.0,80.27533,36.0,0.0,0.0,100.0,-7.0,7.0,8.0,36.355236,3.0,43.022053,3.6823454,3.0,2.0,13.190063,-8.0,6.0,3.0,0.0,63.894344,0.0
73.0,235.89566,4.0,81.0,35.139584,0.0,0.0,96.0,39.54726,6.0,6.0,45.091824,2.0,14.03666,0.0,2.0,2.0,21.0,-8.0,7.0,1.0,2.0,50.989716,0.0
79.80146,341.6483,38.35375,77.282394,11.0,0.0,0.0,100.0,-7.0,7.0,8.0,16.0,0.0,36.0,0.0,3.0,3.0,0.0,-8.0,1.0,1.0,0.0,56.235653,0.0
77.0,351.09155,7.0,126.35284,36.0,0.0,0.0,94.0,80.152954,6.0,6.0,32.175262,2.0,22.190708,-7.0,0.0,0.0,15.806099,80.0,5.0,2.0,0.0,67.0,0.0
-9.0,-9.0,-9.0,-9.0,-9.0,-9.0,-9.0,-9.0,-9.0,-9.0,-9.0,-9.0,-9.0,4.8708954,-9.0,-9.0,-9.0,-9.0,-9.0,-9.0,-9.0,-9.0,-9.0,0.0
89.89462,234.45943,8.0,97.0,18.0,0.0,0.0,100.0,-7.0,7.0,8.0,29.0,1.0,20.0,-7.0,0.0,0.0,0.0,-8.0,1.0046813,-8.0,0.0,33.0,0.0
83.0,174.32129,1.0,81.0,22.0,0.0,0.0,100.0,-7.0,7.0,8.0,24.0,2.0,11.0,1.0,1.0,1.0,11.426767,73.97625,1.5665671,1.0,0.0,30.244534,0.0
82.0,238.26585,3.0,74.0,38.97062,0.0,0.0,100.0,-7.0,7.0,8.0,44.101425,5.363343,35.0,1.0,2.0,2.0,9.0,41.539986,6.0,6.0,0.0,62.804264,0.0
85.71025,326.07755,10.0,89.54326,21.0,0.0,0.0,100.0,-7.0,7.0,8.0,34.0,2.0,24.0,-8.0,2.0,1.0,19.879316,53.494976,2.0,2.0,0.0,63.44458,0.0
77.0,205.76622,2.0,77.8047,30.0,0.0,0.0,100.0,-7.0,7.0,8.0,31.0,1.0,23.0,3.0,1.9919473,1.0,13.012212,62.76183,5.981446,2.0,0.0,53.95221,0.0
70.0,121.64307,3.0,53.693806,17.0,2.0,1.0,79.14425,35.708183,6.0,2.0,18.0,1.0,25.0,0.0,1.0,1.0,4.203821,81.260765,2.0,2.0,0.0,30.670334,0.0
86.0,324.4214,9.68384,98.17839,31.082535,0.0,0.0,97.0,67.80625,6.0,6.0,40.735172,1.0,54.112446,-7.0,0.0,0.0,15.254816,67.68743,3.0,4.0,0.0,52.670773,0.0
62.39166,156.9812,2.6226065,75.0,41.106327,1.0,1.0,96.0,-8.0,6.517232,6.0,40.658318,3.0,20.0,0.0,4.0,4.0,41.776974,99.68166,7.5682235,2.0,2.0,60.0,0.0
84.0,112.793594,3.0,53.026424,75.64813,0.0,0.0,100.0,-7.0,7.0,8.0,95.241714,6.0,70.714615,0.0,4.0,5.0,9.0,64.70785,5.0,4.0,0.0,67.0,0.0
70.0,212.23206,3.0,98.025444,19.0,2.0,1.0,100.0,37.963802,6.0,3.0,20.0,1.0,20.0,1.0,0.0,0.0,0.0,89.308945,-9.0,1.0,0.0,20.38459,0.0
57.600517,159.30034,1.0,43.281525,12.0,2.1254578,0.0,68.63325,17.980476,5.655102,2.0,17.0,3.0,34.204403,1.0,1.0,1.0,36.3894,98.046364,3.0,2.0,0.0,100.0,0.0
85.56592,339.43698,4.0,106.271805,54.29343,0.0,0.0,100.0,-7.0,7.0,8.0,83.61631,2.0,33.0,21.73025,0.0,0.0,6.0,-8.0,5.0,3.0,0.0,33.0,0.0
-9.0,104.63539,10.0,65.0,20.0,0.0,0.0,83.183784,1.0,3.0,6.0,23.131584,0.0,14.0,-8.0,0.0,0.0,83.361046,-8.0,9.896728,1.0,2.0,75.0,0.0
72.67154,134.18494,2.6982758,68.0,28.592756,0.0,0.0,100.0,-7.0,7.0,8.0,28.0,2.0,35.0,0.0,1.0,1.0,34.173725,72.72278,3.0,5.0,1.0,60.0,0.0
65.0,167.22116,1.0,59.908794,28.0,0.0,0.0,97.98572,6.0,6.0,6.0,25.518793,7.385658,25.0,0.0,2.0,2.0,53.604416,-8.0,3.0,3.0,3.0,44.944324,0.0
83.0,187.34618,1.0,72.0,18.518692,0.0,0.0,96.457184,81.76351,6.0,6.0,20.0,4.0,53.10956,1.0,2.0,2.0,1.0,127.608376,4.0,2.0,0.0,60.0,0.0
82.0,196.40555,7.0,78.61059,19.654024,0.0,0.0,100.0,-7.0,7.0,8.0,19.0,1.0,33.0,3.0,0.0,0.0,1.0,86.98561,1.0,2.0,0.0,50.0,0.0
75.0,83.83131,2.0,26.355478,15.0,0.0,0.0,95.0,3.0255148,6.0,6.0,18.0,3.0,19.0,1.0,2.0,2.0,30.742472,-8.0,2.0,1.0,0.0,30.306425,0.0
82.0,170.16258,3.0,84.79831,13.495981,0.0,0.0,93.0,32.359116,6.0,6.0,12.687023,3.0,20.0,1.0,3.0,3.0,9.0,92.097176,1.0,2.0,0.0,31.063585,0.0
81.0,340.14212,3.0,106.01194,14.0,0.0,0.0,100.0,-7.0,7.0,8.0,18.025047,1.0,33.0,0.0,2.0,1.0,6.8279243,34.984505,2.0,1.0,0.0,34.309986,0.0
84.0,307.7349,17.0,92.72141,25.0,0.0,0.0,100.0,-7.0,7.0,8.0,24.0,0.0,52.495487,-7.3442984,1.0,0.0,18.528763,-8.0,4.0,1.0,0.0,50.0,0.0
88.0,322.65897,-9.0,134.30536,14.894299,0.0,0.0,96.0,-9.0,6.0,6.0,19.0,1.0,16.0,0.0,0.0,0.0,9.346612,82.0,4.0,1.0,0.0,63.0,0.0
74.0,175.11284,6.0,69.454865,34.379974,0.0,0.0,97.0,50.624386,6.0,6.0,27.0,3.2793615,24.0,0.0,0.0,0.0,19.0,-8.0,12.661164,2.0,0.0,75.0,0.0
71.0,196.38846,6.0,72.0,44.959335,0.0,0.0,100.0,-7.0,7.0,8.0,38.0,1.0,33.0,0.0,1.0,1.0,69.77094,34.041386,5.0,4.0,2.0,62.27396,0.0
71.0,186.24431,9.0,99.02034,39.0,2.0,1.0,89.24906,59.124096,6.0,5.0,47.254517,0.0,38.0,-8.0,0.0,0.0,52.65698,88.59963,3.0,3.0,1.0,80.0,0.0
84.0,217.34631,15.518383,94.14165,33.51217,0.0,0.0,100.0,-7.0,7.0,8.0,33.0,0.0,33.0,0.0,0.0,0.0,5.0,35.249065,3.0,2.0,0.0,57.0,0.0
85.0,307.67142,5.0,98.33917,16.0,0.0,0.0,100.0,-7.0,7.0,8.0,18.0,3.0,29.0,-7.0,0.0,0.0,16.969593,80.0,2.0,3.0,1.0,50.0,0.0
76.199135,222.57602,2.0,65.14118,37.015,0.0,0.0,96.68652,47.49665,6.0,6.0,39.979893,1.0,13.127318,0.0,2.0,2.0,19.0,4.5922747,6.1067314,2.0,0.0,48.219482,0.0
89.0,233.73624,29.273289,112.865875,17.0,0.0,0.0,100.0,-7.0,7.0,8.0,15.848521,0.0,32.0,-7.0,0.0,0.0,5.0,-8.0,4.0,1.0,0.0,67.0,0.0
73.0,152.66994,4.0,63.244507,40.112274,0.0,0.0,94.0538,9.342642,6.0,6.0,37.81166,2.0,50.0,-7.0,0.0,0.0,18.0,84.270325,3.0,4.0,0.0,50.0,0.0
73.0,121.64603,14.351423,73.97048,6.0899224,0.0,0.0,85.8126,37.75569,6.0,5.0,8.0,0.0,19.0,-8.0,0.0,0.0,46.645897,-8.0,3.0,1.0,0.0,83.0,0.0
82.0,294.57037,1.0,120.39551,22.0,0.0,0.0,100.0,-7.0,7.0,8.0,16.0,1.1851842,8.495164,0.0,0.0,0.0,32.0,-8.0,3.0,1.0,0.0,41.260593,0.0
-9.0,-9.0,-9.0,-9.0,-9.0,-9.0,-9.0,-9.0,-9.0,-9.0,-9.0,-9.0,-9.0,-9.0,-9.0,-9.0,-9.0,-9.0,-9.0,-9.0,-9.0,-9.0,-9.0,0.0
75.0,374.5575,23.287899,162.5673,39.0,0.0,0.0,92.0,23.99355,6.0,6.0,42.572437,0.0,57.359818,-7.0,0.0,0.0,15.0,51.01009,7.0,3.0,1.0,64.0,0.0
72.85345,133.68292,3.0,73.22858,31.0,0.0,0.0,96.0,55.267597,6.0,6.0,29.669847,3.0,27.411007,-7.0,2.0,2.0,37.92682,85.94117,2.0,3.0,1.0,75.31411,0.0
76.0,334.43478,1.0,84.79864,48.082314,0.0,0.0,100.0,-7.0,7.0,8.0,53.85687,5.36848,30.0,12.0,0.0,0.0,25.0,93.0,8.0,3.0,1.0,50.0,0.0
80.0,210.28223,35.59384,153.53693,13.0,0.0,0.0,100.0,-7.0,7.0,8.0,16.0,0.0,-9.0,0.0,0.0,0.0,58.84565,-8.0,2.0,-9.0,1.0,60.0,0.0
88.247345,495.78488,33.17177,250.69005,7.068229,0.0,0.0,100.0,-7.0,7.0,8.0,3.9968607,0.0,11.835398,-8.0,0.0,0.0,10.226327,-8.0,2.0,-8.0,0.0,91.96903,0.0
77.0,216.13701,2.0,88.19921,31.0,0.0,0.0,100.0,-7.0,6.0,8.0,34.0,4.0,28.0,0.0,1.0,0.0,29.429972,103.349335,4.8735156,2.0,0.0,58.0,0.0
72.0,155.35384,9.0,57.169266,20.0,3.0,0.0,92.0,22.52303,6.0,3.0,20.0,3.0,27.0,0.0,0.0,0.0,16.0,91.69786,3.0,3.0,0.0,38.202843,0.0
81.0,231.68976,22.797216,100.895645,25.0,0.0,0.0,100.0,-7.0,7.0,8.0,32.0,0.0,35.0,0.0,1.0,1.0,19.0,-8.0,4.0,2.0,0.0,100.0,0.0
64.0,232.82784,-9.0,147.33641,28.0,2.0,0.0,89.9018,68.35594,6.0,5.0,32.0,2.0,44.0,-8.0,2.0,2.0,53.704666,92.02857,7.0,3.0,5.293448,70.0,0.0
77.0,152.61383,3.0,77.1493,21.0,0.0,0.0,88.0,8.202388,6.0,6.0,22.0,1.8727374,17.0,8.930838,0.0,0.0,1.0,45.7045,4.0,1.6303208,0.0,36.352486,0.0
89.0,348.43253,8.0,100.0,20.0,0.0,0.0,100.0,-7.0,7.0,8.0,20.032993,1.0,18.0,0.0,0.0,0.0,1.0,-8.0,2.898912,2.0,0.0,40.365017,0.0
88.0,404.84818,3.0,89.47868,13.0,0.0,0.0,90.0,24.937647,6.0,6.0,12.104641,1.0,24.0,-7.0,0.0,0.0,3.9712634,56.042107,3.0,1.0,0.0,37.384167,0.0
81.0,199.73186,21.374466,75.0,27.0,0.0,0.0,100.0,-7.0,7.0,8.0,35.731766,0.0,25.0,1.0,1.0,1.0,13.296645,-8.0,2.0,1.0,0.0,36.751854,0.0
86.0,176.76027,27.999348,89.13824,27.0,0.0,0.0,100.0,-7.0,7.0,8.0,26.0,0.0,32.944576,0.0,0.0,0.0,12.0,-8.0,2.0,1.0,0.0,25.0,0.0
78.557686,152.42822,5.0,68.40147,6.0,0.0,0.0,100.0,-7.0,7.0,8.0,3.999765,2.0,11.160395,0.0,3.0,3.0,38.728058,34.731026,2.0,2.0,1.0,67.0,0.0
70.0,193.66484,22.201319,86.70301,31.0,0.0,0.0,96.0,44.52001,6.0,6.0,22.0,0.0,31.936647,2.0,5.6297607,5.0,46.08844,81.836205,6.0,4.0,2.7017379,67.0,0.0
23.419613,165.76988,33.01855,65.40777,12.0,2.0928528,3.4231608,67.88362,-7.0,-9.0,5.0,12.0,0.0,37.02267,0.0,0.0,0.0,39.523533,71.129524,2.0,6.0,1.0,73.83434,0.0
85.0,217.62529,1.0,83.0,28.0,0.0,0.0,100.0,-7.0,7.0,8.0,28.0,3.0,44.64753,21.26414,1.0,1.0,3.0,-8.0,1.0,7.010497,0.0,52.210674,0.0
70.0,191.60909,5.0,82.611786,39.0,0.0,0.0,93.0,0.43223253,4.0,6.0,38.0,2.0,36.124992,2.0,4.9557133,5.0,41.60157,76.0,3.0,2.0,1.0,88.0,0.0
71.0,194.08202,7.0,60.94273,30.28809,0.0,0.0,100.0,-7.0,7.0,8.0,28.584776,1.0,32.0,8.0,0.0,0.0,32.31579,67.04121,9.0,4.0,1.0,67.0,0.0
79.0,180.8364,9.0,109.288025,22.0,0.0,0.0,92.0,14.801159,6.0,6.0,27.0,1.0,17.452274,1.6680206,1.0,1.0,33.446575,71.0,2.0,2.0,0.0,30.389523,0.0
74.0,448.3931,7.0,109.0249,21.0,0.0,0.0,95.0,4.0,6.0,6.0,21.108948,1.0,25.0,2.0,1.0,1.0,1.0,-8.0,3.0,1.0,2.0,67.0,0.0
74.0,206.8782,-9.0,67.24233,20.0,0.0,0.0,91.544174,31.43076,6.0,5.4732733,24.0,4.0,45.0,3.0,2.0243647,2.0,11.137053,43.285606,2.0,2.0,0.0,33.0,0.0
-9.0,-9.0,-9.0,-9.0,-9.0,-9.0,-9.0,-9.0,-9.0,-9.0,-9.0,-9.0,-9.0,-9.0,-9.0,-9.0,-9.0,-9.0,-9.0,-9.0,-9.0,-9.0,-9.0,0.0
72.85314,227.4568,3.0,111.71089,33.939182,0.0,0.0,95.0,74.80299,6.0,6.0,31.0,2.0,33.0,0.0,0.0,0.0,54.224255,99.39414,5.0,3.0,0.0,75.0,0.0
86.0,126.60236,6.0,71.98912,17.0,0.0,0.0,100.0,-7.0,7.0,8.0,12.0,1.0,28.0,7.0,1.0,1.0,11.0,77.35267,1.0,2.0,0.0,22.790377,0.0
76.35462,114.68807,10.0,45.30367,17.0,0.0,0.0,100.0,-7.0,7.0,8.0,16.0,1.0,42.931843,9.666967,0.0,0.0,0.0,31.380222,-9.0,3.0,0.0,37.993877,0.0
70.0,154.6617,4.0,71.0,21.0,0.0,0.0,100.0,-7.0,7.0,8.0,22.0,2.0,57.417465,-7.0,0.0,0.0,51.507954,76.23113,4.0,2.0,2.0,63.683662,0.0
89.0,315.71848,35.825928,164.61864,9.0,0.0,0.0,100.0,-7.0,7.0,8.0,11.0,0.0,13.0,0.0,0.0,0.0,1.0,-8.0,1.9611267,-9.0,0.0,50.0,0.0
68.0,118.23856,4.0,74.183075,29.0,0.0,0.0,100.0,-7.0,7.0,8.0,29.0,1.3436229,40.0,1.0,8.983359,11.53461,40.751514,-8.0,3.0,2.0,2.0,70.36047,0.0
86.0,184.08365,9.0,65.13973,19.341745,0.0,0.0,100.0,-7.0,7.0,8.0,18.0,1.0,44.0,0.0,1.0,1.0,0.0,-8.0,1.0,3.0,0.0,43.8455,0.0
73.523315,151.16704,24.238516,88.2197,14.0,2.0,1.0,79.457,24.65758,6.0,2.0,19.0,0.0,17.309105,0.0,0.0,0.0,1.0,-8.0,2.0,-8.0,0.0,43.424316,0.0
87.0,293.84,33.23973,141.12515,22.0,0.0,0.0,100.0,-7.0,7.0,8.0,26.621841,0.0,48.63145,0.0,2.0,1.0,1.0,-8.0,1.0,2.0,0.0,34.03856,0.0
79.0,382.49863,20.0,80.272964,35.732708,0.0,0.0,100.0,-7.0,7.0,8.0,27.0,0.0,29.0,-9.0,0.0,0.0,20.246933,86.71872,2.7698553,3.0,0.0,63.0,0.0
91.0,415.21234,27.905827,106.70794,17.0,0.0,0.0,100.0,-7.0,7.0,8.0,12.561476,0.0,18.0,-8.0,0.0,0.0,1.0,-8.0,4.0,2.0,0.0,50.0,0.0
-9.0,-9.0,-9.0,-9.0,-9.0,-9.0,-9.0,-9.0,-9.0,-9.0,-9.0,-9.0,-9.0,-9.0,-9.0,-9.0,-9.0,-9.0,-9.0,-9.0,-9.0,-9.0,-9.0,0.0
91.27271,394.10797,25.005278,122.3492,15.0,0.0,0.0,100.0,-7.0,7.0,8.0,18.0,0.0,21.0,-7.0,1.0,1.0,1.0,-8.0,3.0,2.0,0.0,44.0,0.0
69.0,266.50464,8.0,117.65272,12.0,2.0,2.0,72.009575,6.2859592,6.0,-9.0,15.0,1.0,18.0,-7.0,0.0,0.0,16.0,88.0,2.0,2.0,0.0,60.0,0.0
73.0,316.4929,3.0,94.88316,21.0,0.0,0.0,95.0,71.054085,6.0,6.0,23.0,3.0,22.0,0.0,2.0,2.0,18.38265,57.8631,6.0,1.0,1.0,75.0,0.0
70.0,371.3805,11.721537,137.43434,16.0,3.0,1.0,74.093544,16.905045,6.0,2.0,21.0,1.0,38.0,0.0,0.0,0.0,46.095257,87.04803,5.0,2.0,1.0,100.0,0.0
76.0,227.21344,7.512018,69.57702,30.897938,0.0,0.0,100.0,-7.0,7.0,8.0,31.52953,2.0,29.486378,0.0,1.0,1.0,11.0,-8.0,3.089616,1.0,0.0,43.0,0.0
77.216896,166.88742,2.0,55.053856,17.0,0.0,0.0,100.0,-7.0,7.0,8.0,20.0,2.0,34.438393,4.0,1.0,1.0,11.0,65.15942,3.0,4.0,0.0,50.0,0.0
63.0,226.65488,12.866305,100.0,24.0,3.2960594,2.0,81.83067,27.279434,6.0,5.0,29.003698,0.0,39.672955,0.0,1.0,1.0,36.0,-1.1477983,5.0,3.0,0.0,80.0,0.0
74.0,227.84036,7.0,77.82234,20.0,0.0,0.0,96.0,-7.0,6.0,6.0,23.0,1.0,68.48512,1.0,1.0,1.0,24.375338,-8.0,1.0,3.0,0.0,61.190952,0.0
78.0,210.31645,5.0,87.75198,43.100723,0.0,0.0,100.0,-7.0,7.0,8.0,42.87511,1.0,33.0,1.0,1.0,1.0,22.166222,32.07022,4.0,4.2931585,0.0,75.0,0.0
75.97504,223.17691,18.546146,109.23382,26.0,0.0,0.0,100.0,-7.0,7.0,8.0,24.141363,0.0,24.0,0.0,4.0,4.0,22.01121,79.124664,6.0,3.0,0.0,52.791847,0.0
71.0,209.8814,7.0,64.661736,25.671339,0.0,0.0,65.506226,-9.0,4.0,5.0,26.0,6.0,61.43035,17.887648,0.0,0.0,47.784428,91.0,3.0,2.0,0.0,100.0,0.0
85.708916,261.3046,10.0,105.77132,20.310883,0.0,0.0,100.0,-7.0,7.0,8.0,26.0,2.0,19.708544,6.2976637,0.0,0.0,13.061397,-8.0,3.0,1.0,0.0,40.0,0.0
77.0,172.03894,2.0,110.54759,33.654675,0.0,0.0,89.0,-9.0,4.0,5.0,32.0,2.0,23.20606,0.0,2.0,2.0,44.904568,80.0,3.0,2.0,0.0,44.0,0.0
71.0,197.20757,2.0,76.702156,36.0,0.0,0.0,100.0,21.35851,6.0,6.0,32.0,5.0,29.0,0.0,4.0,3.0,31.726915,68.24077,5.835542,3.0,0.0,50.0,0.0
73.0,157.22888,2.0,30.304546,22.800741,0.0,0.0,100.0,-7.0,7.0,8.0,25.0,4.0,33.0,0.0,4.0,4.0,30.91937,-8.0,4.0,3.0,1.0,50.0,0.0
81.0,288.8588,8.0,115.34661,31.2991,0.0,0.0,100.0,-7.0,7.0,8.0,42.111317,0.0,42.54355,0.0,1.0,1.0,32.00518,100.0,3.0,2.0,0.0,67.0,0.0
87.0,197.00658,7.272457,71.0,44.320736,0.0,0.0,100.0,-7.0,6.0,6.0,47.81419,0.66614187,21.0,-7.0,0.0,0.0,14.710553,21.531776,5.0,1.0,0.0,44.0,0.0
75.0,162.49095,16.77056,99.81572,20.0,0.0,0.0,100.0,-7.0,7.0,8.0,26.0,0.0,39.215736,0.0,0.0,0.0,55.870663,-8.0,6.0,1.0,2.0,75.0,0.0
67.0,203.95715,16.703014,93.0,7.5428047,2.336935,2.505677,77.147354,35.488,6.0,-9.0,10.0,0.0,56.313354,0.0,0.0,0.0,1.0,-8.0,1.0,1.0,0.0,85.13227,0.0
-9.0,-9.0,-9.0,-9.0,-9.0,-9.0,-9.0,-9.0,-9.0,-9.0,-9.0,-9.0,-9.0,-9.0,-9.0,-9.0,-9.0,-9.0,-9.0,-9.0,-9.0,-9.0,-9.0,0.0
78.0,221.3451,3.0,148.50714,39.0,0.0,0.0,100.0,-7.0,7.0,8.0,17.0,3.0,30.29362,4.0,1.0,1.0,20.882189,10.2349,6.8438444,4.0,0.0,75.0,0.0
73.419464,177.34991,2.0,62.453484,16.0,0.0,0.0,100.0,-7.0,7.0,8.0,18.0,3.0,31.0,-7.0,0.0,0.0,16.848854,48.400467,5.0,2.0,2.0,70.0,0.0
67.0,140.21199,1.0,29.51511,27.735878,0.0,0.0,100.0,-7.0,7.0,8.0,30.0,3.0,39.735184,0.0,1.0,1.0,41.21288,84.0071,6.0,4.0,5.4312286,88.0,0.0
84.0,295.58557,25.052252,93.0,19.0,0.0,0.0,97.0,-7.0,6.0,6.0,20.0,0.0,58.687675,-8.0,1.0,1.0,6.998518,-8.0,2.0,1.0,0.0,63.0,0.0
85.074524,161.55116,6.0,77.58689,15.4032755,0.0,0.0,100.0,-7.0,7.0,8.0,22.0,2.0,42.650284,1.2617408,2.0,2.0,16.642906,-8.0,2.0,-8.0,0.0,78.37967,0.0
-9.0,200.6803,4.0,100.0,14.138683,3.4823623,3.9320197,79.98081,0.86794156,0.3688856,6.0,9.763285,2.0,44.0,0.0,3.0,2.0,57.615284,32.613518,2.0,5.0,1.0,86.0,0.0
88.0,320.76102,7.0,79.02054,17.0,0.0,0.0,100.0,-7.0,7.0,8.0,22.0,1.0,53.895306,0.0,2.0,2.0,3.0,15.306552,3.0,4.0,0.0,67.0,0.0
75.0,277.84882,2.0,91.2139,18.0,0.0,0.0,96.0,34.506233,6.0,6.0,19.0,4.0,33.0,7.07861,0.0,0.0,34.86795,91.0,4.0,3.0,0.0,80.0,0.0
86.0,306.21274,13.5877285,113.24871,25.0,0.0,0.0,100.0,-7.0,7.0,8.0,15.026624,1.0,15.0,0.0,2.0,1.0,10.553583,-8.0,2.0,2.0,0.0,31.747572,0.0
75.20416,290.46558,2.0,87.927345,25.0,1.0,1.0,90.0,38.716293,6.0,5.0,32.0,2.0,25.0,0.0,3.0,3.0,13.839927,22.08851,5.0,3.0,0.0,64.0,0.0
59.74296,157.35121,11.0,67.91944,30.0,1.0,1.0,100.0,-7.0,5.1513405,8.0,37.891464,1.0,23.0,0.0,3.0,3.0,86.44069,51.538418,6.0,2.0,1.0,57.049305,0.0
72.0,264.17508,1.0,98.85731,75.665665,0.0,0.0,97.0,25.041021,6.0,6.0,93.07781,2.0,10.8714,1.0,4.0,4.0,16.0,26.928713,9.114491,2.0,3.0,36.125683,0.0
-9.0,-9.0,-9.0,-9.0,-9.0,-9.0,-9.0,-9.0,-9.0,-9.0,-9.0,-9.0,-9.0,-9.0,-9.0,-9.0,-9.0,-9.0,-9.0,-9.0,-9.0,-9.0,-9.0,0.0
72.0,80.57709,8.0,40.503128,14.0,0.0,0.0,100.0,-7.0,7.0,8.0,9.0,4.0,33.0,-8.0,0.0,0.0,22.95558,86.601,3.0,3.0,0.0,71.0,0.0
76.36079,187.54138,2.0,71.58076,46.416416,0.0,0.0,100.0,-7.0,7.0,8.0,57.091312,2.0,28.0,3.0,2.0,2.0,13.151892,24.761164,4.0,3.0,0.0,57.0,0.0
87.0,220.89331,19.82152,121.48196,18.0,0.0,0.0,100.0,-7.0,7.0,8.0,10.0,0.0,33.0,-7.0,0.0,0.0,9.086612,90.302216,4.0,1.0,0.0,67.099205,0.0
62.0,147.38957,37.185684,100.0,10.044595,2.7269845,1.0,61.54538,20.311594,6.0,5.0,15.0,0.0,41.0,0.0,4.0,4.1217556,25.0,-8.0,2.0,1.0,0.0,60.0,0.0
68.53609,257.6504,20.0,183.37245,13.0,1.0,1.0,65.61455,54.926598,6.0,4.0,16.0,0.0,16.0,-1.9992745,2.0,1.9878811,78.73771,-8.0,4.0,-8.0,4.0,51.589806,0.0
69.0,314.73328,8.0,61.331596,34.486446,0.0,0.0,95.0,36.873383,6.0,5.0,34.0,5.4163146,21.0,9.0,0.0,0.0,34.09757,49.85443,6.0,5.0,1.0,58.0,0.0
79.0,257.24222,5.778447,83.0,19.797363,0.0,0.0,85.52789,44.30845,6.0,6.0,26.0,3.0,50.0,-7.0,0.0,0.0,19.0,-1.5027609,1.0,2.0,0.0,69.46391,0.0
80.0,199.25703,2.0,79.00607,24.0,0.0,0.0,97.48747,28.736006,6.0,6.0,22.174076,1.0,70.20239,18.486359,0.0,0.0,25.621775,50.13001,2.0,4.0,0.0,63.944782,0.0
74.07709,277.7465,7.1465287,123.35785,24.0,0.0,0.0,88.0,4.0,6.0,6.0,6.6620994,2.0,26.0,0.0,0.0,0.0,22.869448,45.107536,4.0,1.0,0.0,60.0,0.0
66.531044,100.050514,3.0,76.0,25.0,2.0,0.0,92.37721,25.859514,6.0,4.0,24.0,1.0,64.80655,0.0,0.0,1.0,91.21553,89.840126,4.026266,5.0,3.4324307,80.0,0.0
76.1056,265.35574,6.0,153.08788,41.24229,1.0,0.0,93.0,8.26486,6.0,4.0,5.1594806,1.0,28.0,0.0,2.8355312,2.0,9.923481,83.112526,3.0,2.0,0.0,33.0,0.0
70.67765,145.96223,2.0,65.07983,44.672615,1.0,1.0,100.0,-7.0,7.0,8.0,52.226425,4.0,32.0,0.0,2.0,2.0,40.960316,53.027447,5.0,21.544037,2.0,67.0,0.0
71.0,177.3413,10.0,83.0,27.0,0.0,0.0,100.0,-7.0,7.0,8.0,26.0,1.0,45.15994,1.0,2.0,2.0,41.51576,55.238487,5.0,3.0,3.0,73.27941,0.0
73.0,163.38469,3.0,67.14881,32.0,0.0,0.0,100.0,-7.0,7.0,8.0,30.0,3.0,57.9229,0.0,4.0,3.7369413,53.2341,95.846924,3.0,2.0,0.0,70.0,0.0
68.0,114.11609,1.0,68.72824,24.540915,0.0,0.0,95.0,23.35725,6.0,6.0,27.591875,2.5421896,57.885624,0.0,3.0,3.0,45.118176,-8.0,4.0,4.0,1.0,74.71272,0.0
65.0,195.83408,4.0,86.0,15.783097,3.0,0.0,82.18503,3.0,-9.0,1.2975192,18.0,3.0,68.814835,0.0,1.0,1.0,45.046223,96.022545,3.0,3.0,0.0,75.97785,0.0
-9.0,358.91357,8.0,90.0,7.5814977,3.7663686,3.1301742,74.77778,7.7767463,-9.0,3.0,13.85949,1.0,42.0,0.0,4.460011,5.0,111.50446,55.235725,2.0,1.0,2.0,100.0,0.0
79.0,78.241776,17.0,54.81531,16.0,0.0,0.0,100.0,-7.0,7.0,8.0,17.594543,0.0,68.39615,5.0,0.0,0.0,0.0,77.27101,-4.079527,3.0,0.0,50.0,0.0
77.0,151.97995,8.340528,71.75313,13.0,1.0,0.0,78.05618,38.643097,6.0,4.347391,18.0,2.0,68.800934,4.0,1.0,1.0,3.7269962,50.317783,1.0,3.0,0.0,56.867817,0.0
82.0,286.37958,9.055435,93.89946,31.203405,0.0,0.0,100.0,-7.0,7.0,8.0,30.0,2.0,36.062252,8.057936,1.0,1.0,40.885616,-8.0,2.0,2.0,2.0,85.80051,0.0
68.0,139.76666,35.22385,92.102036,31.0,0.0,0.0,100.0,-7.0,7.0,8.0,17.249224,0.0,14.0,0.0,2.0,2.0,52.357327,-8.0,5.0,-8.0,1.0,40.0,0.0
90.0,263.8768,10.814705,121.8623,13.796717,0.0,0.0,100.0,-7.0,7.0,8.0,17.0,0.0,5.455878,-8.671947,0.0,0.0,2.0,-8.0,2.0,1.0,0.0,50.0,0.0
76.0,242.14346,3.0,100.0,28.0,0.0,0.0,100.0,-7.0,7.0,8.0,25.0,2.0,29.853392,0.0,4.0,3.9907582,22.714613,90.03781,7.9314914,2.0,0.0,67.0,0.0
-9.0,-9.0,-9.0,-9.0,-9.0,-9.0,-9.0,-9.0,-9.0,-9.0,-9.0,-9.0,-9.0,-9.0,-9.0,-9.0,-9.0,-9.0,-9.0,-9.0,-9.0,-9.0,-9.0,0.0
84.0,278.55942,3.0,103.08558,20.0,0.0,0.0,96.0,23.571093,6.0,6.0,23.0,1.0,22.0,15.4086895,1.0,1.0,6.0,-8.0,4.0,2.0,0.0,58.996944,0.0
78.0,189.97162,12.483322,98.90909,25.0,1.0,1.0,88.0,7.5809913,4.0,2.1294498,26.0,1.0,14.0,0.0,0.0,0.0,3.0,10.128851,2.0,1.0,0.0,29.209702,0.0
88.0,237.61989,14.155656,121.93497,30.842175,0.0,0.0,96.322754,68.756035,6.0,6.0,39.874783,0.0,52.62595,-7.0,0.0,0.0,1.0,-8.0,2.0,2.0,0.0,43.0,0.0
70.0,272.20404,3.0,86.0,27.0,0.0,0.0,94.50437,46.645187,6.0,6.0,40.616367,2.0,28.953184,0.0,2.0,2.0,54.29803,39.385227,8.0,3.0,5.9998417,100.0,0.0
86.0,304.5077,5.0,145.21284,27.566376,0.0,0.0,100.0,-7.0,7.0,8.0,24.6224,1.0,40.0,-8.365538,0.0,0.0,7.2156706,-8.0,3.0,2.0,0.0,50.0,0.0
63.7441,240.56192,6.0,65.0,53.216187,2.0,1.0,95.0,16.758574,6.0,5.0,50.26722,3.0,57.528645,0.0,1.0,1.0,30.49114,89.7126,9.0,4.0,2.0,63.283054,0.0
87.0,158.5042,36.11003,86.0,7.904836,0.0,0.0,100.0,-7.0,7.0,8.0,13.755515,0.0,8.5934,0.0,0.0,0.0,8.0,-8.0,2.0,1.0,0.0,76.34664,0.0
80.0,155.447,8.0,102.758194,21.0,0.0,0.0,100.0,-7.0,7.0,8.0,24.576279,1.0,24.0,5.8116603,0.0,0.0,16.097988,3.2580323,6.0,2.0,0.0,88.0,0.0
73.0,167.37312,3.0,74.0,36.320854,0.0,0.0,97.0,15.05092,6.0,6.0,37.156242,3.0,42.253372,-7.0,0.0,0.0,17.0,37.81599,5.0,2.0,0.0,60.0,0.0
77.0,276.76,21.78437,111.974106,34.24213,1.0,0.0,89.0,57.71535,6.0,5.0,32.38564,0.0,9.354353,3.0,1.0,1.0,19.0,-8.0,15.327237,2.0,0.0,67.0,0.0
88.93912,263.40738,20.875734,104.58157,28.683376,0.0,0.0,100.0,-7.0,7.0,8.0,32.0,0.0,43.666225,-7.0,0.0,0.0,8.121563,-8.0,2.0,3.0,0.0,35.39085,0.0
60.212643,246.41368,5.443256,103.760574,32.0,0.0,0.0,88.0,47.84466,6.0,6.0,35.0,1.0,41.699677,0.0,2.0,2.0,77.47299,82.0,6.0,3.0,4.0,57.0,0.0
69.327515,205.7329,2.0,111.81858,26.0,1.0,1.0,94.83251,6.0,4.0,6.0,43.93151,2.0,18.023668,2.0,1.0,1.0,9.0,69.48441,2.0975735,2.0,0.0,50.0,0.0
73.24015,236.84306,2.0,82.0,43.028732,0.0,0.0,100.0,-7.0,7.0,8.0,44.533604,6.0,53.35746,0.0,5.0,5.0,62.81845,85.03599,3.0,15.393596,1.0,83.0,0.0
89.0,289.36798,8.0,89.62757,35.146404,0.0,0.0,100.0,-7.0,7.0,8.0,44.97356,1.0,73.37455,0.0,2.0,1.0,3.0,85.65862,3.0,4.0,0.0,75.0,0.0
75.40454,224.26385,6.0,111.37672,29.0,0.0,0.0,100.0,-7.0,7.0,8.0,29.032507,6.0,25.0,8.285872,0.0,0.0,33.87029,91.0,4.0,2.0,1.0,58.430218,0.0
-9.0,-9.0,-9.0,-9.0,-9.0,-9.0,-9.0,-9.0,-9.0,-9.0,-9.0,-9.0,-9.0,-9.0,-9.0,-9.0,-9.0,-9.0,-9.0,-9.0,-9.0,-9.0,-9.0,0.0
89.0,201.35524,14.907837,109.73695,4.2145414,0.0,0.0,100.0,-7.0,7.0,8.0,9.0,0.0,8.558566,0.0,1.0,1.0,0.0,-8.0,3.0,-9.0,0.0,50.0,0.0
70.0,200.35988,10.0,118.66316,19.0,2.0,1.0,81.08576,28.168633,6.0,-1.2182893,23.0,1.0,43.0,0.0,0.0,0.0,10.0,41.109787,3.0,2.0,0.0,53.410835,0.0
73.0,102.359314,1.0,91.83555,13.0,2.0,0.0,86.37949,16.137655,4.0,5.0,13.60332,2.0,11.647491,0.0,4.0,3.0,1.0,-8.0,1.0,-8.0,0.0,24.946693,0.0
68.0,238.39389,12.799555,77.96521,25.0,1.1800728,0.0,83.5684,33.83282,6.0,5.0,28.0,0.0,33.0,0.0,4.383318,4.646016,32.378483,77.55563,3.0,2.0,1.0,60.0,0.0
85.0,130.83371,17.381578,61.0,8.0,0.0,0.0,100.0,-7.0,7.0,8.0,8.0,0.0,20.0,3.0,1.0,1.0,14.369938,48.65802,1.0,2.0,0.0,52.59577,0.0
86.466354,144.28186,3.0,76.0,28.0,0.0,0.0,100.0,-7.0,7.0,8.0,31.0,1.2900068,68.85972,4.0,1.0,1.0,8.0,60.208492,2.0,7.8319974,0.0,78.0,0.0
72.169365,162.86697,25.763765,96.14486,19.0,0.0,0.0,91.09719,5.9063435,4.883709,6.0,25.0,0.0,41.0,0.0,0.0,0.0,30.433453,-8.0,3.0,1.0,0.0,83.0,0.0
88.0,145.27655,2.1810908,63.648075,30.0,0.0,0.0,100.0,-7.0,7.0,8.0,37.64483,4.0,0.0,10.826605,0.0,0.0,8.0,-8.0,3.0,-8.0,0.0,23.656086,0.0
88.0,191.32523,13.91169,82.1394,22.006483,0.0,0.0,100.0,-7.0,7.0,8.0,29.0,1.0,44.0,0.0,0.0,0.0,0.0,-8.0,1.0,-8.0,0.0,6.813298,0.0
69.0,272.20856,3.0,100.81132,39.0,0.0,0.0,100.0,-7.0,7.0,8.0,54.387535,2.0,47.0,5.0,0.0,0.0,53.23339,60.141743,10.486696,3.0,2.0,80.0,0.0
68.0,74.96508,3.0,54.097534,28.0,0.0,0.0,100.0,-7.0,7.0,8.0,31.137379,1.0,35.718235,0.0,14.197074,12.843797,49.904385,88.0,9.0,2.0,3.0,80.51539,0.0
68.0,275.03033,9.0,134.80806,10.0,0.0,0.0,56.200905,17.99816,6.0,6.0,12.0,0.0,46.0,2.0,0.0,0.0,52.99602,89.51654,3.0,1.0,2.0,100.0,0.0
66.0,158.8702,2.0,67.0,15.0,0.0,0.0,94.0,40.66768,6.0,6.0,20.0,5.0,35.91984,-8.0,2.0,2.0,54.64965,100.0,3.0,2.0,1.0,75.0,0.0
74.0,190.44069,2.0,66.562584,39.0,0.0,0.0,100.0,-7.0,6.0,8.0,37.334312,5.0,23.992474,1.0,3.0,3.0,8.0,52.85408,2.0,2.0,0.0,39.976204,0.0
79.0,283.3743,1.0,82.0,29.0,0.0,0.0,100.0,-7.0,7.0,8.0,26.0,2.0,24.0,3.5105896,1.0,1.0,14.487065,70.96777,9.0,2.0,0.0,71.0,0.0
76.0,190.36786,3.0,71.99102,16.0,0.0,0.0,84.88104,41.8306,6.0,6.0,19.0,3.0,23.0,0.0,0.0,0.0,17.18135,-8.0,3.0,1.0,0.0,50.0,0.0
-9.0,-9.0,-9.0,-9.0,-9.0,-9.0,-9.0,-9.0,-9.0,-9.0,-9.0,-9.0,-9.0,-9.0,-9.0,-9.0,-9.0,-9.0,-9.0,-9.0,-9.0,-9.0,-9.0,0.0
70.0,88.12275,2.0,57.03837,14.0,0.0,0.0,90.61715,22.362629,6.0,6.0,20.176443,2.0,31.332699,0.0,4.0,3.9568548,33.35044,-8.0,2.0,1.0,1.0,50.0,0.0
72.0,138.32945,2.0,43.90656,14.0,0.0,0.0,100.0,-7.0,7.0,8.0,15.0,3.0,15.498104,0.0,4.0,4.0,16.695812,-8.0,3.0,2.0,0.0,50.0,0.0
88.0,329.184,24.01316,196.01218,21.486387,0.0,0.0,100.0,-7.0,7.0,8.0,21.0,0.0,37.48017,11.286763,0.0,0.0,9.037194,80.09656,4.0,2.0,0.0,49.55428,0.0
59.34088,165.11366,4.0,78.97179,8.0,1.0,1.0,87.007866,22.872643,6.0,3.563349,9.736246,1.0,17.0,0.0,1.0,1.0,63.506134,-8.0,3.1858206,1.0,2.0,88.92909,0.0
84.0,190.06009,8.573157,94.26068,26.0,0.0,0.0,100.0,-7.0,7.0,8.0,30.701185,0.0,21.0,22.920912,0.0,0.0,17.0,-8.0,5.0,1.0,1.0,50.0,0.0
89.0,194.87628,9.0,130.98135,25.0,0.0,0.0,100.0,-7.0,7.0,8.0,8.620658,1.6407852,23.311316,0.0,0.0,0.0,8.112045,74.195366,2.0,3.0,0.0,40.0,0.0
-9.0,-9.0,-9.0,-9.0,-9.0,-9.0,-9.0,-9.0,-9.0,-9.0,-9.0,-9.0,-9.0,-9.0,-9.0,-9.0,-9.0,-9.0,-9.0,-9.0,-9.0,-9.0,-9.0,0.0
78.12115,110.72863,5.0,79.0,35.292408,0.0,0.0,94.0,37.6888,6.0,6.0,8.218017,4.614953,20.0,0.0,0.0,0.0,13.615426,-8.0,7.0,1.0,0.0,50.0,0.0
79.0,187.77197,7.0,66.697945,19.0,0.0,0.0,100.0,-7.0,7.0,8.0,21.07162,1.3000003,46.53362,3.9531698,0.0,0.0,35.648716,21.873043,4.0,2.0,1.0,70.0,0.0
82.0,220.24141,9.0,84.37676,27.0,0.0,0.0,100.0,-7.0,7.0,8.0,30.0,0.0,59.735657,19.837404,0.0,0.0,15.0,-8.0,2.0,3.0,0.0,75.0,0.0
89.0,263.5713,22.544506,103.69048,14.0,0.0,0.0,100.0,-7.0,7.0,8.0,14.0,0.0,44.202564,-7.0,0.0,0.0,1.7600603,-8.0,2.0,2.0,0.0,78.0,0.0
80.0,142.44083,5.0,65.6505,21.0,0.0,0.0,96.0,63.679398,6.0,6.0,24.0,3.0,40.373085,11.348147,0.0,0.0,4.461758,-8.0,1.0,1.0,0.0,33.4174,0.0
83.0,195.41989,3.0,74.81298,25.0,0.0,0.0,100.0,-7.0,7.0,8.0,24.0,4.0,40.1057,0.0,4.0,4.0,2.0038698,-8.0,2.0,1.0,0.0,50.0,0.0
71.0,155.25256,13.056903,82.0,22.0,0.0,0.0,82.27152,28.270231,6.0,6.0,24.433796,0.0,44.0,12.787145,0.0,0.0,43.86534,63.321175,2.0,3.0,1.0,100.0,0.0
66.94449,261.7084,12.757015,76.0,12.0,4.64758,0.0,57.55174,52.91867,6.0,2.0,17.040232,1.0,40.0,0.0,0.0,0.0,44.400482,-8.0,3.0,2.0,1.0,55.570618,0.0
86.0,218.33253,21.55582,117.9419,22.0,0.0,0.0,100.0,-7.0,7.0,8.0,27.0,0.0,30.0,8.0,0.0,0.0,3.452773,-8.0,3.0,1.0,0.0,50.0,0.0
73.0,147.56676,2.0,54.090466,30.0,0.0,0.0,100.0,-7.0,7.0,8.0,30.68529,4.0,57.958378,-8.0,0.0,0.0,20.160435,76.67788,4.0,4.0,1.0,80.0,0.0
67.0,201.77344,26.922655,125.993286,12.0,2.0,2.3786793,89.0,44.579914,6.0,5.9914465,17.0,0.0,50.0,-7.0,2.0,2.0,44.325294,-8.0,4.0,2.0,1.0,83.0,0.0
58.082016,123.527214,4.763314,53.191235,19.0,8.067565,9.116169,95.0,-7.0,0.0,3.0,31.155455,1.0,25.0,1.0,0.0,0.0,59.8825,84.024025,2.0,2.0,0.0,86.0,0.0
87.0,318.65424,4.0,86.82687,15.593321,0.0,0.0,100.0,-7.0,7.0,8.0,17.472296,1.5973625,24.867882,0.0,3.0,2.0,3.0,-8.0,1.0,1.0,0.0,23.57615,0.0
85.0,476.74655,6.0,94.65045,29.0,0.0,0.0,100.0,-7.0,7.0,8.0,30.268425,1.0,23.0,0.0,2.0,2.3807642,1.0,-8.0,1.0,1.0,0.0,18.939348,0.0
86.0,460.48383,2.0,116.16658,22.069422,0.0,0.0,100.0,-7.0,7.0,8.0,20.154802,2.0,14.0,0.0,2.0,2.0,4.715563,-8.0,4.0,-5.9928455,0.0,40.0,0.0
70.0,139.61421,4.0,49.286217,29.0,0.0,0.0,100.0,-7.0,7.0,8.0,30.0,4.0,29.0,0.0,3.0,2.9682074,51.486897,64.06809,4.0,5.743528,1.0,71.15586,0.0
78.0,238.35834,1.0,103.87488,23.515762,0.0,0.0,100.0,-7.0,7.0,8.0,26.0,4.0,57.74037,7.748686,0.0,1.0,62.107876,50.375656,1.0,4.0,1.0,71.0,0.0
70.0,173.94397,4.0,62.14715,28.452007,0.0,0.0,100.0,-7.0,7.0,8.0,28.279562,2.0,31.0,1.0,2.0,2.0,74.708664,57.47153,3.0,4.0,1.0,89.4679,0.0
70.0,299.28265,10.0,76.18315,28.0,0.0,0.0,100.0,-7.0,7.0,8.0,33.209827,0.0,22.0,4.0,4.0,4.0,55.575634,-8.0,9.293157,1.0,3.0,67.0,0.0
75.0,245.25572,9.0,84.0,23.0,0.0,0.0,100.0,-7.0,7.0,8.0,23.0,2.0,22.0,0.0,0.0,0.0,60.592426,-8.0,2.0,1.0,0.0,44.0,0.0
75.17142,350.49454,7.0,144.89622,27.113523,0.0,0.0,97.15062,16.3402,6.0,6.0,26.068415,1.0,46.0,0.0,1.0,1.0,25.0,50.191982,4.0,2.0,0.0,58.0,0.0
87.12857,370.84256,15.0,97.66117,10.0,0.0,0.0,100.0,-7.0,7.0,8.0,10.0,0.0,37.0,0.0,0.0,0.0,1.0,-8.0,0.56691366,2.0,0.0,75.0,0.0
-9.0,227.53233,3.0,80.0,26.646112,3.8707354,4.094335,68.646385,-7.0,0.67881733,2.0515125,25.523237,3.0,21.688082,-4.9643755,6.422038,6.330352,42.803368,50.135544,6.0,2.0,2.0,56.887814,0.0
-9.0,-9.0,-9.0,-9.0,-9.0,-9.0,-9.0,-9.0,-9.0,-9.0,-9.0,-9.0,-9.0,-9.0,-9.0,-9.0,-9.0,-9.0,-9.0,-9.0,-9.0,-9.0,-9.0,0.0
73.517654,167.63583,3.0,82.0,14.0,1.0,1.0,78.39919,64.89291,6.0,2.2136025,15.0,3.0,44.0,-7.848408,0.0,0.0,28.0,-8.0,5.0,1.0,0.0,81.65149,0.0
84.9173,177.07802,5.0,46.703358,4.1263204,0.0,0.0,100.0,-7.0,7.0,8.0,7.1231785,4.0,32.0,0.0,2.0,1.0,2.0,87.32212,1.0,2.0,0.0,38.43968,0.0
78.0,405.0626,6.0,103.10733,26.0,0.0,0.0,100.0,-7.0,7.0,8.0,25.0,0.0,38.0,5.0493875,1.0,1.0,25.0,-8.0,4.0,2.0929155,1.0,80.0,0.0
77.0,174.93463,15.0,84.0,15.0,0.0,0.0,100.0,-7.0,7.0,8.0,15.0,0.0,57.32593,0.0,0.0,0.0,58.82257,39.94419,4.0,3.0,1.0,100.0,0.0
79.21634,43.770805,3.969846,58.0,10.925269,0.0,0.0,100.0,-7.0,7.0,8.0,11.0,2.0,40.0,0.0,1.0,1.0,22.669378,-8.0,2.0,1.0,0.0,40.0,0.0
75.0,206.10991,3.0,61.022366,27.56382,0.0,0.0,100.0,-7.0,7.0,8.0,27.688728,2.0,32.0,5.1975665,1.0,1.0,23.897953,96.195465,3.0,3.0,2.0,63.91204,0.0
72.0,142.25696,1.0,13.429052,13.995748,0.0,0.0,100.0,-7.0,7.0,8.0,19.240395,5.0,29.0,-7.0,3.0,3.0,22.797062,64.91722,4.0,3.0,0.0,62.738407,0.0
71.283745,246.7902,10.0,100.06692,26.818872,0.0,0.0,100.0,-7.0,7.0,8.0,24.0,1.0,25.352564,0.0,1.0,1.0,55.25171,-8.0,5.0,1.0,1.0,70.0,0.0
89.0,152.26787,11.0,92.43272,16.0,0.0,0.0,100.0,-7.0,7.0,8.0,16.0,1.0,61.345234,-8.0,0.0,0.0,3.1376503,-8.0,2.0,3.0,0.0,100.0,0.0
81.0,325.0669,10.0,121.556335,43.781143,0.0,0.0,94.0,22.030277,6.0,6.0,46.444473,0.0,23.720205,-7.0,0.0,0.0,4.0,91.0,5.0,2.0,0.0,43.67367,0.0
89.0,331.95947,32.720245,136.49004,21.0,0.0,0.0,100.0,-7.0,7.0,8.0,22.232332,0.0,17.0,12.5485935,0.0,0.0,16.201014,-8.0,4.0,1.0,0.0,67.0,0.0
84.0,177.75201,18.853113,83.0,14.0,0.0,0.0,100.0,-7.0,7.0,8.0,15.0,0.0,31.0,0.07273083,0.0,0.0,26.388294,19.446388,2.0,2.0,0.0,60.662727,0.0
82.0,195.58798,15.0,80.74837,15.0,0.0,0.0,100.0,-7.0,7.0,8.0,19.0,1.0,34.002235,9.0,0.0,0.0,15.803769,-8.0,4.0,1.0,0.0,100.0,0.0
68.0,216.6054,6.0,65.059746,38.750843,0.0,0.0,95.460815,27.695986,6.0,6.0,31.712608,1.8781239,33.0,1.0,2.0,2.0,51.512222,93.44507,4.0,3.0,2.0,78.0,0.0
71.89088,191.3074,68.713646,155.10936,4.8779764,0.0,0.0,64.41603,22.025852,6.0,6.0,10.694418,0.0,14.3727455,0.0,1.0,1.0,59.718567,-8.0,4.0,1.0,0.0,100.0,0.0
80.0,454.96936,-9.0,93.14943,42.19613,0.0,0.0,100.0,-7.0,7.0,8.0,39.662933,10.231602,26.693174,3.0,4.0,3.6199164,1.0,69.19616,2.0,3.0,0.0,30.322676,0.0
90.31066,273.83807,13.015958,126.76208,23.0,0.0,0.0,100.0,-7.0,7.0,8.0,21.0,0.0,0.0,7.0,0.0,0.0,1.0,-8.0,4.0,2.0,0.0,40.0,0.0
74.0,10.47316,2.0,82.526794,24.0,0.0,0.0,100.0,-7.0,6.0,6.0,5.9458237,2.0,20.0,9.333424,0.0,0.0,31.4054,91.0,5.9658885,2.0,1.0,63.0,0.0
86.0,172.40625,10.0,86.0,10.0,0.0,0.0,100.0,-7.0,7.0,8.0,10.016185,1.0,49.318184,0.0,1.0,1.0,0.0,90.57906,0.0,1.0,0.0,40.769142,0.0
70.0,210.48067,10.0,97.242256,27.33309,0.0,0.0,97.0,36.097343,6.0,6.0,29.0,0.0,30.419548,1.0,3.0,3.0,62.64784,78.20306,5.0,3.0,3.0162835,67.0,0.0
68.0,191.40852,3.1292734,80.0,31.5493,1.0,1.0,89.9378,33.43396,6.0,3.0,32.0,3.0,19.691584,4.6622405,3.0,3.0,37.414886,61.02363,10.570529,2.0,2.0,63.577007,0.0
65.0,420.10352,-9.0,109.1613,32.0,0.0,0.0,95.34357,1.0,4.0,6.0,30.837034,2.0,40.0,0.0,1.0,1.0,67.17532,-8.0,4.0,4.0,2.0,63.0,0.0
70.21379,101.30363,8.0,67.0,13.0,0.0,0.0,82.848724,1.0,-9.0,5.0,16.0,1.0,42.0,7.867364,0.0,0.0,0.0,-8.0,1.0,1.0,0.0,44.587032,0.0
77.0,262.54587,-9.0,101.08064,27.0,0.0,0.0,100.0,-7.0,7.0,8.0,31.0,2.0,39.37225,0.0,1.0,1.0,25.0,-8.0,5.0,2.0,3.0,56.0,0.0
71.0,170.23792,9.0,76.0,43.366264,0.0,0.0,94.43431,-7.0,-8.603134,5.904179,54.522095,0.0,21.0,4.0,0.0,0.0,16.0,-8.0,9.1904335,2.0,0.0,64.0,0.0
77.0,258.99997,20.0,104.19535,18.0,0.0,0.0,100.0,-7.0,7.0,8.0,20.0,0.0,40.0,0.0,0.0,0.0,57.875366,-8.0,2.0,2.0,0.0,67.0,0.0
83.0,279.73816,5.0,163.42186,12.305058,0.0,0.0,100.0,-7.0,7.0,8.0,15.0,1.0,45.0,0.0,1.0,1.0,46.371647,92.80536,4.0,1.0,1.0,83.0,0.0
67.87672,185.86765,3.0,75.418076,18.0,1.0,0.0,92.0,-6.315104,0.968507,5.0,16.0,2.7676964,40.0,1.6264042,0.0,0.0,16.16588,-8.0,4.0,2.0,0.0,78.0,0.0
81.642525,178.52739,2.0,75.210945,22.0,0.0,0.0,100.0,-7.0,7.0,8.0,23.0,2.0,17.0,0.0,3.0,2.3650708,36.0,-8.0,4.0,2.0,1.0,44.0,0.0
90.0,-9.0,12.607058,100.0,-0.514125,0.0,0.0,100.0,-7.0,7.0,8.0,1.3786265,0.0,7.33175,2.0,1.0,1.0,4.784523,-8.0,1.0,-8.0,0.0,44.0,0.0
-9.0,-9.0,-9.0,-9.0,-9.0,-9.0,-9.0,-9.0,-9.0,-9.0,-9.0,-9.0,-9.0,-9.0,-9.0,0.0,-9.0,-9.0,-9.0,-9.0,-9.0,-9.0,-9.0,0.0
78.25136,157.59154,8.0,49.68142,18.0,0.0,0.0,95.0,72.24563,6.0,6.0,17.107597,2.0,21.0,0.0,4.0,4.0,10.0,46.436203,3.3718843,2.0,0.0,64.0,0.0
74.87762,183.08185,4.0,66.79992,14.0,1.0,1.0,100.0,-7.0,7.0,8.0,24.0,2.0,20.0,8.287558,1.0,1.0,9.0,-8.0,4.0,1.0,0.0,50.0,0.0
71.19344,284.38116,15.0,85.44437,29.009262,0.0,0.0,100.0,-7.0,7.0,8.0,40.532772,0.0,52.691475,-8.0,0.0,0.0,72.27511,-8.0,6.0,2.0,5.283287,82.14946,0.0
89.0,313.78568,53.642075,109.822136,20.277084,0.0,0.0,100.0,-7.0,7.0,8.0,18.0,0.0,30.652992,0.0,0.0,0.0,0.0,-8.0,1.0,1.0,0.0,23.810846,0.0
68.0,143.7011,3.0,77.86874,27.0,1.0,0.0,92.0,4.0,6.0,3.3292,7.0,1.0,37.0,0.0,5.9080076,5.328172,18.0,49.688534,4.0,2.0,0.0,50.0,0.0
85.79155,135.99078,8.0,87.30946,10.223953,0.0,0.0,100.0,-7.0,7.0,8.0,6.7096524,1.0,36.0,12.99842,0.0,0.0,9.0,-8.0,3.0,1.0,0.0,87.16509,0.0
70.0,72.87844,17.465544,82.44086,11.0,0.0,0.0,90.99579,-7.0,4.468693,6.0,8.811855,0.0,23.175804,-7.0,0.0,0.0,63.9324,-8.0,1.0,1.0,2.0,60.0,0.0
77.0,164.19673,22.48448,84.1559,18.0,0.0,0.0,100.0,-7.0,7.0,8.0,17.0,0.0,18.0,1.5370499,2.0,1.0,46.83539,-8.0,2.7564783,2.0,1.0,44.0,0.0
62.0,158.26755,2.0,55.848656,32.0,2.2938762,2.0,94.0,1.3217632,1.0219094,5.0,37.245716,4.0,29.0,0.0,0.0,0.0,40.93738,93.0,11.0,2.0,2.2543876,74.872665,0.0
64.32604,341.94238,9.374579,99.64737,20.0,2.5742607,2.0,87.06198,8.397034,4.0,2.182099,28.0,0.0,32.96881,0.0,0.0,0.0,48.969788,-8.0,4.0,2.0,0.0,59.674744,0.0
82.0,138.78091,20.0,72.0,27.0,0.0,0.0,100.0,-7.0,7.0,8.0,33.0,0.0,38.0,-8.0,1.0,1.0,1.0,14.531527,2.0,2.0,0.0,42.947422,0.0
80.0,215.84439,6.0,93.73507,13.0,0.0,0.0,100.0,-7.0,7.0,8.0,15.0,2.0,58.12156,9.0,0.0,0.0,34.414024,61.832184,2.0,2.0,0.0,100.0,0.0
88.0,321.23416,37.358425,135.4392,12.0,0.0,0.0,94.54255,62.18734,6.0,6.0,13.0,0.0,20.0,-8.0,0.0,0.0,-8.119021,-8.0,-1.8464879,-8.0,0.0,44.0,0.0
-9.0,-9.0,-9.0,-9.0,-9.0,-9.0,-9.0,-9.0,-9.0,-9.0,-9.0,-9.0,-9.0,-9.0,-9.0,-9.0,-9.0,-9.0,-9.0,-9.0,-9.0,-9.0,-9.0,0.0
89.0,325.22717,3.5782387,120.323395,-9.0,0.0,0.0,100.0,-7.0,7.0,8.0,6.3337536,3.0,21.0,-7.0,1.0,1.0,4.0,-8.0,1.0,-8.0,0.0,57.0,0.0
91.87426,263.30707,51.621723,148.13257,13.116473,0.0,0.0,100.0,-7.0,7.0,8.0,15.954859,0.0,16.132954,0.0,1.0,1.0,0.0,-8.0,0.020006841,1.0,0.0,20.466125,0.0
71.0,268.37872,11.564668,97.82583,33.045273,0.0,0.0,97.0,49.799973,6.0,6.0,37.044617,0.0,16.170496,0.0,1.0,1.0,49.469494,86.49712,10.005009,2.0,6.7414427,80.0,0.0
90.958244,112.30396,9.0,89.53245,13.0,0.0,0.0,100.0,-7.0,7.0,8.0,14.6242285,0.0,20.833765,1.0,2.0,2.0,1.0,-8.0,1.0,-8.0,0.0,43.0,0.0
87.0,204.74107,1.0,61.0,17.0,0.0,0.0,100.0,-7.0,7.0,8.0,19.0,2.0,19.0,0.0,3.0,3.0,1.0,80.20854,4.0,2.0,0.0,41.375896,0.0
64.419586,73.17888,11.0,16.151081,15.372726,1.0,1.0,97.0,14.168755,3.2276583,5.0,20.0,2.0,29.0,2.5429933,0.0,0.0,22.979692,-8.0,5.0,2.0,0.0,100.0,0.0
65.0,185.14157,19.243736,71.13589,-9.0,1.0,0.0,60.61156,61.93517,6.0,4.0,1.5709956,0.0,56.094814,0.0,4.0,4.0,79.5529,-8.0,1.0,1.0,0.0,100.0,0.0
77.0,325.30164,23.85193,103.33675,25.0,0.0,0.0,100.0,-7.0,7.0,8.0,26.0,0.0,17.696106,20.551977,0.0,0.0,58.75796,38.15403,4.0,2.0,6.850752,57.0,0.0
82.0,231.13324,6.0,94.0,23.137383,0.0,0.0,100.0,-7.0,7.0,8.0,24.0,2.0,35.0,12.0,0.0,0.0,0.0,-8.0,2.0,4.0,0.0,66.7388,0.0
74.0,427.50668,3.523353,76.497314,25.0,0.0,0.0,100.0,-7.0,7.0,8.0,24.16814,1.0,33.0,0.0,2.0,1.0,22.986122,88.30841,4.0,2.0,0.0,62.04006,0.0
78.0,230.609,1.0,81.547874,15.0,1.0,0.0,94.0,19.280674,6.0,4.864752,14.0,4.0,12.724115,0.0,1.0,1.0,8.700265,-8.0,4.0,-8.0,1.0,50.0,0.0
73.0,199.28827,4.0,103.89361,8.659886,3.8605897,2.461965,77.09082,21.088964,6.0,2.0,12.0,1.0,19.031586,-7.0,0.0,0.0,21.714146,-8.0,3.0,1.0,0.0,55.01415,0.0
82.0,180.37755,9.0,80.68453,26.883947,0.0,0.0,97.0,74.1371,6.0,6.0,28.0,1.0,25.0,-7.0,0.0,0.0,46.10171,36.95997,4.0,2.0,0.0,50.0,0.0
76.0,136.47931,26.63032,82.230385,21.0,2.0,1.0,90.0,48.712646,6.0,-7.7060537,20.0,0.0,44.0,0.0,18.59788,18.06807,7.0,-8.0,2.0,1.0,0.0,56.0,0.0
67.13794,248.55884,6.118437,117.04916,29.0,2.0,1.0,86.07906,17.627962,4.0,2.0338886,39.067272,2.0,50.0,-7.0,1.0,1.0,40.650726,78.332825,3.0,3.0,1.0,55.04154,0.0
-9.0,-9.0,-9.0,-9.0,-9.0,-9.0,-9.0,-9.0,-9.0,-9.0,-9.0,-9.0,-9.0,-9.0,-9.0,-9.0,-9.0,-9.0,-9.0,-9.0,-9.0,-9.0,-9.0,0.0
74.0,342.60834,1.0,118.31864,23.0,0.0,0.0,92.0,36.840874,6.0,5.6098175,23.0,2.0,53.08462,3.0,2.0,2.0,9.737953,94.93892,4.0,7.3157682,0.0,75.0,0.0
-9.0,-9.0,-9.0,-6.9393616,-9.0,-9.0,-9.0,-9.0,-9.0,-9.0,-9.0,-9.0,-9.0,-9.0,-9.0,-9.0,-9.0,-9.0,-9.0,-9.0,-9.0,-9.0,-9.0,0.0
72.0,231.9525,1.0,77.521675,30.500147,0.0,0.0,96.0,32.804436,6.0,6.0,32.08444,2.0,24.0,2.0,1.0,1.0,38.36513,93.05728,7.5463324,2.0,1.0,58.0,0.0
80.0,170.96033,2.0,59.660027,18.0,1.0,1.0,97.0,52.963654,6.0,3.0,24.0,2.0,37.686287,0.0,4.603379,4.356709,0.0,-8.0,1.0,2.0,0.0,43.0,0.0
68.26353,86.93157,2.0,46.19195,36.996582,0.0,0.0,95.0,15.49844,6.0,6.0,46.6125,5.0,21.922554,0.0,1.0,1.0,25.0,57.10105,5.0,2.0,1.0,59.495483,0.0
84.0,270.11392,3.0,107.48217,28.0,0.0,0.0,100.0,-7.0,7.0,8.0,28.0,3.020164,41.858387,0.0,1.0,1.0,8.169673,-8.0,6.0,2.0,0.0,75.0,0.0
81.0,160.08444,7.0,18.098246,9.275322,0.0,0.0,100.0,-7.0,7.0,8.0,13.0,2.0,20.0,0.0,2.0,2.0,1.0,70.773186,3.0,2.0,0.0,85.36817,0.0
77.0,241.48393,11.0,111.38624,17.0,0.0,0.0,100.0,-7.0,7.0,8.0,10.0,1.0,15.0,0.0,0.0,0.0,69.35477,-8.0,3.0,1.0,1.0,50.0,0.0
85.0,20.83984,7.0,38.975212,15.0,0.0,0.0,100.0,-7.0,7.0,8.0,22.0,1.0,21.689924,-8.0,0.0,0.0,1.0,-8.0,2.0,2.0,0.0,40.926777,0.0
80.0,261.12048,22.793997,103.02284,29.828737,0.0,0.0,100.0,-7.0,7.0,8.0,27.0,0.0,19.0,12.0,0.0,0.0,43.24528,-8.0,5.0,2.0,2.0,70.50572,0.0
84.78759,184.6711,18.734861,77.0,17.0,0.0,0.0,100.0,-7.0,7.0,8.0,15.454225,0.0,31.0,-8.0,0.0,0.0,15.11219,54.899666,2.0,3.0,0.0,50.0,0.0
82.0,379.80237,10.0,100.883766,23.0,1.0,0.0,93.0,40.10295,6.0,5.0,37.399128,2.0,0.0,-8.0,0.0,0.0,1.0,-8.0,3.0,-8.0,0.0,25.757698,0.0
89.0,191.63708,2.0,96.17697,10.0,0.0,0.0,100.0,-7.0,7.0,8.0,14.916388,1.0,31.0,-8.0,0.0,0.0,0.6336507,-8.0,2.0,1.0,0.0,50.0,0.0
61.994274,428.3823,11.0,77.43843,17.0,0.0,0.0,88.0,2.0,0.13341853,6.0,17.0,1.0,13.0,0.0,0.0,0.0,28.115088,-8.0,14.748916,1.0,1.0,80.0,0.0
89.0,182.98836,35.6693,102.59398,18.0,0.0,0.0,100.0,-7.0,7.0,8.0,16.0,0.0,50.0,0.0,0.0,0.0,0.0,-8.0,1.0,2.0,0.0,40.0,0.0
74.0,90.92308,22.943853,66.662575,10.57362,0.0,0.0,100.0,-7.0,7.0,8.0,9.0,0.0,52.80245,0.0,0.0,0.0,32.682426,-8.0,3.0,1.0,1.0,88.0,0.0
79.0,56.25106,2.0,100.17748,24.0,0.0,0.0,100.0,-7.0,7.0,8.0,0.44536594,4.0,32.0,1.0,3.0,3.0,11.0,100.0,2.0,2.0,0.0,56.675797,0.0
72.0,86.681366,1.0,59.452343,28.0,0.0,0.0,100.0,-7.0,7.0,8.0,0.49835992,4.0,13.0,-7.0,2.019124,2.0,3.1124418,-8.0,7.0,3.0,0.0,67.0,0.0
90.173836,151.40448,4.0,90.0,25.0,0.0,0.0,100.0,-7.0,7.0,8.0,29.0,1.0,22.389912,-7.0,0.0,0.0,6.0,71.612915,2.0,3.0,0.0,33.0,0.0
82.0,260.8718,15.0,155.97043,13.0,0.0,0.0,89.0,66.19318,6.0,6.0,4.4677434,1.0,31.0,5.0,1.0,1.0,5.0,38.887054,4.0,1.0,0.0,82.37451,0.0
81.0,272.90732,3.0,111.39646,25.0,0.0,0.0,100.0,-7.0,7.0,8.0,23.748302,2.0,22.301113,0.0,1.0,1.0,10.0,87.17784,6.8162045,2.0,1.0,53.767807,0.0
75.0,171.3806,15.803419,75.0,32.0,0.0,0.0,94.72183,-7.0,-9.0,6.0,43.84798,0.0,14.0,0.0,3.0,3.0,26.928074,-8.0,3.0,1.0,0.0,22.463999,0.0
87.0,267.9897,22.544542,99.79845,14.0,0.0,0.0,100.0,-7.0,7.0,8.0,19.0,0.0,27.0,0.0,0.0,0.0,9.0,-8.0,9.0,1.0,0.0,63.241432,0.0
68.0,321.11053,24.21158,97.0,14.0,0.0,0.0,94.0,22.023167,6.0,5.0,25.0,0.0,44.225372,0.0,0.0,0.0,59.05786,-8.0,2.0,1.0,0.0,97.29483,0.0
74.28476,243.28958,15.0,110.76561,42.812176,0.0,0.0,100.0,-7.0,7.0,8.0,50.88374,0.0,31.0,-7.0,0.0,0.0,33.396835,29.53047,9.0,5.0,2.0,78.0,0.0
-9.0,-9.0,-9.0,-9.0,-9.0,-9.0,-9.0,-9.0,-9.0,-9.0,-9.0,-9.0,-9.0,-9.0,-9.0,-9.0,-9.0,-9.0,-9.0,-9.0,-9.0,-9.0,-9.0,0.0
56.339867,162.44485,3.0,58.0,18.0,0.0,0.0,100.0,-7.0,7.0,8.0,21.301367,2.0,38.0,0.0,3.0,3.0,117.2939,25.172398,4.0,2.0,1.0,88.0,0.0
73.0,188.7136,2.0,82.93262,22.0,0.0,0.0,91.0,16.740896,6.0,6.0,23.0,1.0,50.0,0.0,2.0,1.9707258,66.87488,76.0,3.0,3.0,0.0,82.24349,0.0
91.0,152.6027,36.8833,149.45468,12.0,0.0,0.0,100.0,-7.0,7.0,8.0,14.534931,0.0,19.0,-7.0,0.0,0.0,2.4253998,-8.0,2.0,1.0,0.0,38.7133,0.0
83.85264,147.7089,4.608257,72.676735,35.410484,0.0,0.0,100.0,-7.0,7.0,8.0,33.0,3.0,35.106785,-7.0,0.0,0.0,9.0,-8.0,3.0,2.0,0.0,50.0,0.0
83.0,253.1602,5.0,112.11532,32.0,0.0,0.0,100.0,-7.0,7.0,8.0,15.0,3.0,25.0,-7.0,0.0,0.0,13.0,-8.0,7.0,2.0,1.0,67.350334,0.0
70.37937,179.35977,2.0,83.0,26.0,0.0,0.0,100.0,-7.0,7.0,8.0,34.0,1.8546089,29.0,6.0,0.0,0.0,47.719296,66.79106,4.0,3.0,1.0,60.0,0.0
90.95249,417.82416,17.0,89.98314,9.0,0.0,0.0,100.0,-7.0,7.0,8.0,10.0,0.0,38.977764,0.0,1.0,1.0,1.0,-8.0,1.0,0.6067693,0.0,28.471998,0.0
77.0,133.15324,2.0,28.406052,18.0,0.0,0.0,100.0,-7.0,7.0,8.0,22.260643,1.5133654,13.468012,0.0,3.0,3.7733977,16.0,89.246346,2.0,2.0,1.0,44.0,0.0
90.226,379.0808,21.261028,166.87473,9.0,0.0,0.0,100.0,-7.0,7.0,8.0,9.0,0.0,17.0,-8.0,0.0,0.0,11.0,-8.0,2.0,-8.0,0.0,29.664904,0.0
76.0,138.9358,60.517895,69.85514,3.8881466,1.0,1.0,94.0,71.80326,6.0,3.0,10.394031,0.0,62.03745,-8.0,0.0,0.0,22.950842,-8.0,2.0,-8.0,0.0,100.0,0.0
72.0,143.8392,4.660721,59.488503,22.0,0.0,0.0,100.0,-7.0,7.0,8.0,27.0,1.0,56.117996,-7.0,0.0,0.0,63.121525,49.097935,3.0,2.0,0.0,86.0,0.0
87.0,437.22693,20.427158,135.66798,29.0,0.0,0.0,100.0,-7.0,6.0,6.0,24.43507,0.0,40.0,0.0,1.0,1.0,3.0,60.65128,5.0,3.0,0.0,56.097366,0.0
81.0,139.12553,23.2434,70.72311,25.0,0.0,0.0,100.0,-7.0,7.0,8.0,26.0,0.0,36.0,-8.0,0.0,0.0,38.315807,-8.0,2.0,2.0,0.0,50.0,0.0
56.536213,177.95352,4.0,93.275795,40.807156,8.460865,8.465175,87.467285,7.584784,4.0,6.0,56.921223,2.0,52.30565,9.930975,0.0,0.0,117.09711,55.549465,7.293526,4.0,10.497287,88.0,0.0
75.54744,204.39731,12.0,89.15866,30.0,0.0,0.0,100.0,-7.0,7.0,8.0,30.501537,1.0,23.10743,1.0,1.0,1.0,37.936066,76.0,3.0,6.0,0.0,75.0,0.0
-9.0,246.617,18.88304,100.0,16.0,8.961657,9.021372,84.36667,-7.0,-9.0,5.0,17.0,0.0,44.0,0.0,2.0,1.0,13.319434,-8.0,1.0,2.0,-9.0,50.0,0.0
79.0,164.37766,3.0,72.0,23.0,0.0,0.0,100.0,-7.0,7.0,8.0,25.0,2.0,36.0,0.0,1.0,0.0,1.0,80.0,2.0,4.0,0.0,38.0,0.0
70.0,110.83928,5.4864073,16.928638,16.0,0.0,0.0,100.0,-7.0,7.0,8.0,18.0,2.0,40.185436,7.0,0.0,0.0,59.23903,-8.0,4.0,3.0,2.0,64.07986,0.0
64.0,128.35559,23.088423,117.55292,18.0,6.669742,6.902195,88.0,18.203108,5.0,5.0,22.0,0.0,46.0,0.0,0.0,0.0,69.98183,-8.0,3.0,2.0,1.0,85.085205,0.0
78.0,411.20654,16.0,100.82149,27.0,1.0,0.0,96.0,34.51896,6.0,4.0,30.0,0.0,45.0,0.0,2.0,1.9903601,4.0,90.77876,4.0,3.0,0.0,50.0,0.0
84.0,268.41232,6.0,70.0,30.0,0.0,0.0,100.0,-7.0,7.0,8.0,32.273937,2.0,45.37778,0.0,1.0,1.0,5.0,65.510155,6.0,2.0,0.0,75.0,0.0
81.0,243.0625,5.0,86.0,33.0,0.0,0.0,100.0,-7.0,7.0,8.0,34.0,2.0,12.300724,-9.0,0.0,0.0,2.0,118.122345,4.0,1.7783856,0.0,50.0,0.0
72.0,-9.0,8.0,-9.0,-9.0,0.0,0.0,100.0,-7.0,7.0,8.0,3.9858634,2.0,21.0,1.0,1.0,1.0,21.882427,-8.0,2.0,1.0,0.0,80.0,0.0
73.0,47.755447,2.2548687,-9.0,5.4996405,0.0,0.0,100.0,-7.0,7.0,8.0,9.0,6.6781316,14.508815,0.0,1.0,1.0,32.0,72.18141,5.0,2.0,0.0,86.0,0.0
81.0,165.03763,6.0,82.0,37.09997,1.0,1.0,100.0,-7.0,7.0,8.0,29.0,3.0,25.0,3.0,0.0,0.0,3.0,69.50867,3.0,2.0,0.0,43.0,0.0
77.0,215.36772,6.8065553,83.0,35.678547,0.17636229,0.0,97.0,80.40743,6.0,5.0,34.0,1.0,33.0,0.0,2.0,2.0,14.0,-8.0,8.044678,3.0,0.0,67.0,0.0
86.0,147.76128,4.0,68.0,20.0,0.0,0.0,100.0,-7.0,7.0,8.0,29.0,5.0,33.0,2.0,5.0,5.0,1.0,98.156876,2.0,2.0,0.0,50.0,0.0
68.0,147.18837,6.2088246,45.082195,21.0,0.0,0.0,100.0,-7.0,7.0,8.0,22.411634,3.0,31.562273,0.0,1.0,1.0,52.578533,81.055336,11.310551,2.0,1.0,89.90332,0.0
84.0,225.91963,16.723616,223.16362,21.0,0.0,0.0,93.45841,38.41154,6.0,6.0,3.7508955,0.0,26.279192,0.0,1.0,1.0,8.456515,-8.0,4.0,-8.0,0.0,57.0,0.0
69.36357,227.8648,12.287377,81.0,15.0,0.0,0.0,84.95035,0.7662916,4.0,6.0,19.0,1.0,33.89749,1.0,1.0,1.0,0.6401283,43.68436,0.49934223,2.0,0.0,22.901148,0.0
67.0,182.2022,5.0,78.35809,44.421696,1.0,2.0,95.0,27.4975,6.0,5.0,52.931507,2.0,36.0,-7.0,4.0,4.0,34.263084,78.82883,14.731366,3.0,2.0,63.0,0.0
64.0,143.42001,5.0,43.48833,23.020933,0.0,0.0,94.0,-7.0,6.0,6.0,23.820093,3.0,45.629086,0.0,0.0,0.0,52.871563,76.65504,6.0,5.0,1.0,86.66504,0.0
-9.0,-9.0,-9.0,-9.0,-9.0,-9.0,-9.0,-9.0,-9.0,-9.0,-9.0,-9.0,-9.0,-9.0,-9.0,-9.0,-9.0,-9.0,-9.0,-9.0,-9.0,-9.0,-9.0,0.0
73.41841,423.0529,19.92935,144.77095,15.0,0.0,0.0,94.0,11.096393,4.0,6.0,17.823536,0.0,42.2843,0.0,0.0,0.0,29.1833,23.028463,2.0,2.0,0.0,84.81021,0.0
82.0,218.90648,5.0,53.408333,18.0,0.0,0.0,100.0,-7.0,7.0,8.0,21.0,1.0,21.643814,18.834534,0.0,0.0,5.0,47.596004,4.0,1.0,0.0,36.6683,0.0
75.0,199.69154,7.0,83.70437,51.274883,0.0,0.0,100.0,-7.0,7.0,8.0,55.69785,6.0,41.501305,-7.0,0.0,0.0,25.0,80.7025,5.0,13.072663,0.0,60.0,0.0
67.0,393.3649,31.7396,154.30788,18.0,1.0,0.0,88.97749,11.814859,6.0,4.0,25.0,0.0,13.0,0.0,3.0,3.274808,20.99479,-8.0,6.0,1.0,0.0,86.0,0.0
70.26484,180.76195,3.0,67.0,28.0,0.0,0.0,96.0,63.278755,6.0,6.0,31.0,5.0,20.0,9.934522,0.0,0.0,42.07939,88.461655,9.0,4.0,4.0,64.0,0.0
87.0,182.09656,7.0,60.252537,19.0,0.0,0.0,100.0,-7.0,7.0,8.0,34.82177,1.0,26.658245,4.0,0.0,0.0,1.0,-8.0,1.0,1.0,0.0,40.0,0.0
89.0,277.2662,9.0,92.213524,19.0,0.0,0.0,100.0,-7.0,7.0,8.0,19.0,1.0,33.0,0.0,2.0,2.0,3.6257472,89.0846,2.0,1.0,0.0,36.54467,0.0
62.34708,357.4742,4.0,89.53326,13.695576,1.0,1.0,81.024475,24.199348,4.0,5.0,15.984345,1.0,40.0,21.153662,0.0,0.0,20.245935,22.591728,3.0,1.0,1.0,75.0,0.0
83.0,264.56464,12.419267,103.41463,22.52232,0.0,0.0,100.0,-7.0,7.0,8.0,28.0,0.0,24.0,16.0,0.0,0.0,12.175859,-8.0,5.0,1.0,0.0,83.0,0.0
78.64213,162.67932,3.0,72.0,26.396105,1.0,1.0,96.0,34.49985,6.0,3.2415094,33.0,2.0,27.0,-8.0,0.0,0.0,13.919676,-8.0,2.0,1.0,0.0,29.1391,0.0
79.0,172.6651,5.0,76.992004,28.123137,1.0,0.0,94.0,42.501644,6.0,5.0,29.458357,2.0,18.938292,0.0,4.0,3.695422,1.3431901,91.0,3.0,2.0,0.0,33.0,0.0
74.0,196.79857,2.0,58.0,27.0,0.0,0.0,95.0,38.46936,6.0,6.0,31.0,10.311739,47.0,0.0,5.0666857,5.501627,37.85378,91.19668,5.0,2.0,2.0,65.61127,0.0
75.16865,220.50693,2.0,86.093285,26.0,0.0,0.0,93.980995,53.177048,6.0,6.0,22.0,3.0,29.0,4.727113,4.737249,4.60745,15.0,-8.0,10.469052,1.0,0.0,63.0,0.0
-9.0,168.49998,19.443575,83.64219,31.0,0.0,0.0,87.42057,-7.0,-9.0,6.0,44.21348,0.0,36.84814,3.5612233,1.0,1.0,27.864462,71.0,5.0,5.0,1.0,75.0,0.0
78.0,216.00266,-9.0,88.09958,40.045475,0.0,0.0,100.0,-7.0,7.0,8.0,57.393864,3.220204,36.773216,2.0,2.0,1.8020087,8.0,88.61112,6.0,3.0,4.2995977,43.570522,0.0
-9.0,-9.0,-9.0,-9.0,-9.0,-9.0,-9.0,-9.0,-9.0,-9.0,-9.0,-9.0,-9.0,-9.0,-9.0,-9.0,-9.0,-9.0,-9.0,-9.0,-9.0,-9.0,-9.0,0.0
68.0,139.91437,3.0,53.116028,23.0,1.0,1.0,89.5509,16.909513,6.0,2.0,24.0,2.0,16.0,0.0,2.0,2.0,30.878296,-8.0,3.0,1.0,0.0,46.407875,0.0
87.0,141.05513,5.6405516,72.45047,17.0,0.0,0.0,100.0,-7.0,7.0,8.0,22.0,2.0,36.396507,16.0,0.0,0.0,10.0,-8.0,1.0,-8.0,0.0,25.0,0.0
87.788765,193.23083,4.0,109.68134,28.0,0.0,0.0,100.0,-7.0,7.0,8.0,31.099802,3.0,21.0,0.0,1.0,1.0,6.0,-8.0,2.0,1.0,0.0,25.0,0.0
-9.0,-9.0,-9.0,-9.0,-9.0,-9.0,-9.0,-9.0,-9.0,-9.0,-9.0,-9.0,-9.0,-9.0,-9.0,-9.0,-9.0,-9.0,-9.0,-9.0,-9.0,-9.0,-9.0,0.0
74.0,112.873856,6.536592,41.281265,14.0,0.0,0.0,90.0,-7.0,2.4461365,5.619559,19.0,2.0,42.356106,14.67028,0.0,0.0,47.963768,74.43418,3.0,2.0,0.0,57.0,0.0
80.0,156.27388,3.0,63.0,33.50631,0.0,0.0,100.0,-7.0,7.0,8.0,42.996807,5.0,50.0,1.0,2.0,1.9793097,13.0,60.800274,4.0,2.0,0.0,63.873524,0.0
82.0,155.9996,1.0,51.114845,13.0,0.0,0.0,100.0,-7.0,7.0,8.0,17.0,3.0,26.14255,0.0,4.0,5.0,14.045336,-8.0,2.0,1.0,0.0,38.0,0.0
72.0,228.67181,6.0,92.57186,24.775387,0.0,0.0,94.3997,40.30076,6.0,6.0,24.135807,2.0,20.0,3.8695996,0.0,0.0,40.36447,66.74206,3.0,3.0,2.0,50.0,0.0
86.0,150.61142,9.0,83.334724,12.0,0.0,0.0,100.0,-7.0,7.0,8.0,17.0,1.1891905,39.0,-8.0,0.0,0.0,0.0,74.11435,-9.0,2.0,0.0,80.0,0.0
61.94419,304.932,18.117157,94.0,14.283141,1.0,0.0,84.88179,3.0402129,4.0,5.0,18.0,0.0,53.91321,2.0,0.0,0.0,52.945114,86.96482,1.0,3.0,1.0,73.0,0.0
73.0,277.17715,7.0,81.27152,54.977425,0.0,0.0,98.50816,31.115778,6.0,6.0,22.0,4.0,36.427063,0.0,4.0,4.0,12.802869,84.98969,9.701548,3.0,0.0,75.0,0.0
91.0,446.57547,21.025644,148.49577,18.0,0.0,0.0,100.0,-7.0,7.0,8.0,17.0,0.0,33.0,-8.0,0.0,0.0,0.0,-8.0,1.0,-8.0,0.0,14.546794,0.0
83.0,138.03088,6.0,65.0,44.689754,0.0,0.0,100.0,-7.0,6.0,6.0,47.112488,1.0,27.0,-7.0,0.0,0.0,0.0,19.094103,1.0,3.0,0.0,45.190815,0.0
-9.0,-9.0,-9.0,-9.0,-9.0,-9.0,-9.0,-9.0,-9.0,-9.0,-9.0,-9.0,-9.0,-9.0,-9.0,-9.0,-9.0,-9.0,-9.0,-9.0,-9.0,-9.0,-9.0,0.0
77.310776,174.54652,6.0,55.89621,17.0,0.0,0.0,95.0,1.0,4.0,6.0,21.0,2.0,46.0,7.0,0.0,0.0,9.0,82.55702,1.0,4.0,0.0,43.948956,0.0
85.0,120.12077,11.0637865,61.0,9.579465,0.0,0.0,100.0,-7.0,7.0,8.0,12.67941,1.0,28.391663,0.0,2.0,2.0,2.0,-8.0,3.0,1.0,0.0,63.661324,0.0
79.0,417.49902,26.012468,210.59808,18.693272,0.0,0.0,100.0,-7.0,7.0,8.0,20.52778,0.0,18.0,3.0,1.0,1.0,32.0,-8.0,6.9113913,1.4783301,1.0,69.88074,0.0
75.0,182.68251,13.0,92.0,31.478596,2.0576963,2.730745,89.0,52.996727,6.0,5.0,37.0,0.0,36.246655,0.0,1.0,1.0,12.165571,58.55155,4.0,2.0,0.0,67.0,0.0
70.0,306.43112,10.848907,93.72906,35.127254,0.0,0.0,97.0,34.197,6.0,6.0,44.20357,1.0,35.825573,21.769892,0.0,0.0,12.469414,97.7648,2.0,2.0,1.0,41.03513,0.0
83.0,290.76117,8.0,82.12892,20.0,0.0,0.0,94.0,46.214485,6.0,6.0,18.0,1.0,29.701267,23.243334,0.0,0.0,5.0,-8.0,3.0,1.0,0.0,80.0,0.0
83.0,134.55316,19.879128,63.31399,32.0,0.0,0.0,100.0,-7.0,7.0,8.0,44.011322,0.0,18.0,-7.0,0.0,0.0,18.537872,-8.0,2.0,1.0,0.0,32.954353,0.0
-9.0,-9.0,-9.0,-9.0,-9.0,-9.0,-9.0,-9.0,-9.0,-9.0,-9.0,-9.0,-9.0,-9.0,-9.0,-9.0,-9.0,-9.0,-9.0,-9.0,-9.0,-9.0,-9.0,0.0
92.98611,433.9826,26.776577,113.71883,9.0,0.0,0.0,100.0,-7.0,7.0,8.0,13.0,0.0,17.0,-7.0,0.0,0.0,1.7181102,-8.0,2.0,-8.0,0.0,50.0,0.0
73.0,101.60774,5.0,63.779335,36.0,0.0,0.0,100.0,-7.0,7.0,8.0,39.026237,1.0,42.746964,-7.0,0.0,0.0,36.0,-8.0,4.0,2.0,2.0,43.0,0.0
80.0,164.2088,2.0,68.0,18.0,0.0,0.0,91.0,28.37019,6.0,5.0,20.0,2.0,12.210164,0.0,2.0,2.0,1.0,-8.0,3.0,1.0,0.0,50.0,0.0
82.0,312.3933,5.0,79.0,61.32417,0.0,0.0,100.0,-7.0,7.0,8.0,56.655624,3.0,20.0,-7.0,2.0,2.0,5.0,56.393135,8.31408,18.888952,1.0,62.58852,0.0
76.0,165.73296,2.0,69.2909,15.0,0.0,0.0,92.0,18.545769,6.0,6.0,18.0,1.0,22.0,0.0,1.0,1.0,15.0,92.59395,4.0440254,2.0,0.0,80.0,0.0
-9.0,-3.1357422,-9.0,-9.0,-9.0,-9.0,-9.0,-9.0,-9.0,-9.0,-9.0,-9.0,-9.0,-9.0,-9.0,-9.0,-9.0,-9.0,-9.0,-9.0,-9.0,-9.0,-9.0,0.0
86.35609,218.78503,2.0,100.602486,22.0,0.0,0.0,100.0,-7.0,7.0,8.0,27.0,2.0,61.124176,8.232735,0.0,0.0,11.847981,63.34642,3.0,5.789753,0.0,80.0,0.0
81.0,250.35168,5.0,94.0,30.0,0.0,0.0,100.0,-7.0,7.0,8.0,26.0,3.0,47.0,0.0,0.0,0.0,0.0,79.88835,2.0,4.0,0.0,34.16895,0.0
66.0,153.98436,5.0,81.42917,25.0,0.0,0.0,82.57471,65.55033,6.0,6.0,27.238163,1.0,37.34386,0.0,0.0,0.0,19.0,10.016099,10.918571,6.0,1.0,76.52046,0.0
85.96251,222.33551,22.694632,87.22995,21.0,0.0,0.0,100.0,-7.0,7.0,8.0,24.0,0.0,19.0,-8.0,0.0,0.0,12.0,-8.0,2.0,1.0,0.0,33.0,0.0
78.927315,76.76659,6.0,45.70008,14.481609,0.0,0.0,100.0,-7.0,7.0,8.0,15.0,4.0,38.0,0.0,3.0,2.0,9.281374,83.81848,2.0,2.0,0.0,80.0,0.0
87.0,170.3514,14.0,100.87663,25.0,0.0,0.0,100.0,-7.0,7.0,8.0,37.0,0.0,32.27892,-7.0,3.2793436,3.0,6.0,-8.0,3.0,2.0,0.0,44.0,0.0
91.61256,329.55325,4.0,104.30813,12.854758,0.0,0.0,100.0,-7.0,7.0,8.0,13.134047,1.0,14.0,16.0,1.0,1.0,7.3083076,-8.0,0.0,-8.0,0.0,3.3217459,0.0
76.0,145.16748,33.39615,115.91039,7.5249896,1.0,0.0,84.091286,29.18395,5.959092,2.346024,11.0,0.0,75.60963,-8.0,0.0,0.0,0.8348261,-8.0,1.0,1.0,0.0,89.28045,0.0
70.0,165.59123,2.0,100.0,28.0,0.0,0.0,97.0,39.97117,6.0,6.0,29.849306,4.0,31.917828,13.319394,0.0,0.0,56.6527,35.75589,7.0,4.0,4.0,85.32862,0.0
-9.0,-9.0,-9.0,-9.0,-9.0,-9.0,-9.0,-9.0,-9.0,-9.0,-9.0,-9.0,-9.0,-9.0,-9.0,-9.0,-9.0,-9.0,-9.0,-9.0,-9.0,-9.0,-9.0,0.0
76.0,321.6481,0.8790758,72.0,37.546066,0.0,0.0,100.0,-7.0,7.0,8.0,38.403984,6.0,21.0,0.0,2.0,2.0,9.0,93.0,6.0,3.0,1.0,50.0,0.0
89.0,158.96361,18.284908,79.0,16.0,0.0,0.0,100.0,-7.0,7.0,8.0,18.405415,0.0,38.0,0.0,1.0,1.0,7.0,-8.0,2.0,-8.0,0.0,67.0,0.0
-9.0,-9.0,-9.0,-9.0,-9.0,-9.0,-9.0,-9.0,-9.0,-9.0,-9.0,-9.0,-9.0,-9.0,-9.0,-9.0,-3.3972776,-9.0,-9.0,-9.0,-9.0,-9.0,-9.0,0.0
73.52338,291.91574,9.889144,176.9668,11.0,0.0,0.0,92.0,37.570984,6.0,6.0,11.0,0.0,20.0,-8.0,0.0,0.0,36.579533,34.713055,1.0,1.0,0.0,51.456512,0.0
88.0,185.21466,3.0,65.89156,28.0,0.0,0.0,100.0,-7.0,7.0,8.0,32.0,3.0,29.120977,-7.0,0.0,0.0,0.0,-8.0,2.0,-8.0,0.0,30.128586,0.0
77.0,223.74335,5.0,119.12102,20.0,0.0,0.0,84.98202,3.666735,6.0,6.0,25.0,2.0,39.0,8.0,0.0,0.0,19.460188,-8.0,4.0,1.0,0.0,80.0,0.0
70.0,-8.0,2.0,75.365395,41.099907,0.0,0.0,97.0,37.619675,6.0,6.0,-9.0,8.844276,27.0,0.0,5.5271444,5.138889,56.44138,91.0,5.0,2.0,3.0,54.903442,0.0
72.0,178.66751,31.97491,171.68546,20.0,1.0,0.0,88.0,23.034956,6.0,3.0,35.0,0.0,21.237446,-8.0,0.0,0.0,28.91833,8.800205,6.0,1.0,0.0,70.0,0.0
80.0,149.68712,20.033123,115.13209,21.0,0.0,0.0,100.0,-7.0,7.0,8.0,22.0,0.0,19.144154,-7.0,0.0,0.0,40.929626,-8.0,4.0,1.0,0.0,63.694786,0.0
84.0,178.98026,3.0,72.169365,25.0,0.0,0.0,100.0,-7.0,7.0,8.0,26.55182,2.0,33.0,8.563112,0.0,0.0,6.0,71.67552,3.0,3.0,0.0,50.0,0.0
86.0,226.93742,13.558202,105.37225,16.0,0.0,0.0,100.0,-7.0,7.0,8.0,17.0,0.0,24.77594,-7.0,0.0,0.0,4.0,84.03555,1.0,1.0,0.0,59.89176,0.0
62.0,270.01505,8.0,75.0,31.824766,0.0,0.0,88.0,-7.0,-9.0,6.0,28.0,1.0,23.0,20.659914,0.0,0.0,4.0,-2.4899735,4.0,3.0,0.0,55.940647,0.0
82.799774,261.61667,4.0,72.0,15.0,0.0,0.0,100.0,-7.0,7.0,8.0,13.0,3.0,30.464748,-7.0,2.0,2.0,19.644579,43.76701,1.0,2.0,0.0,44.0,0.0
71.72567,170.53465,6.0,77.0,28.0,0.0,0.0,100.0,-7.0,7.0,8.0,24.70608,2.0,14.0,0.0,2.0,2.0,45.465687,-8.0,11.0,-8.0,2.0,67.0,0.0
87.0,212.04128,29.645945,120.86643,18.0,0.0,0.0,100.0,-7.0,7.0,8.0,19.0,0.0,33.0,-7.0,1.0,1.0,4.0,-8.0,2.0,1.0,0.0,50.0,0.0
59.629116,261.1807,5.0,107.5639,11.0,4.9777007,7.8549232,86.39607,11.872526,4.0,6.0,9.045811,1.0,18.207964,-7.0,0.0,0.0,70.82116,-8.0,5.9972363,-8.0,2.0,88.0,0.0
70.0,175.1907,4.0,96.06682,30.0,2.0,0.0,92.98447,39.70695,5.4395833,3.1598477,43.171883,2.0,36.0,1.0,0.0,0.0,54.37052,77.14102,5.0,6.9697,3.5100229,68.47726,0.0
62.0,185.10138,10.0,82.0,31.0,0.0,0.0,85.44751,1.688735,5.5940576,6.0,38.0,0.0,25.0,0.0,2.0,1.0,63.968872,-8.0,8.0,2.0,2.0,83.0,0.0
80.0,165.91615,9.0,77.0,25.0,0.0,0.0,96.0,34.862232,6.0,6.0,28.316702,1.0407326,65.67159,0.0,2.0,2.0,1.0,62.620693,2.0,4.0,0.0,71.0,0.0
74.0,245.86595,30.213923,82.62094,27.0,0.0,0.0,100.0,-7.0,7.0,8.0,27.0,0.0,55.780766,0.0,1.0,1.0,65.3271,83.03861,4.0,7.441189,1.0,80.0,0.0
77.93965,259.9893,5.9861526,103.417786,31.0,0.0,0.0,100.0,-7.0,7.0,8.0,33.77402,2.5082011,44.0,9.0,0.0,0.0,42.848866,97.9657,3.0,2.0,2.0,54.565666,0.0
65.0,100.43836,16.219154,63.0,-9.0,2.0,2.0,70.780464,36.97765,6.0,5.0,-7.0105443,0.0,40.81644,-7.0,3.0,3.0,68.621445,-8.0,0.0,-0.52348727,0.0,88.0,0.0
85.0,417.18558,13.0,114.20398,17.0,0.0,0.0,100.0,-7.0,7.0,8.0,13.0,0.0,20.0,-7.0,0.0,0.0,24.557638,-8.0,2.0,-8.0,0.0,67.0,0.0
80.0,120.46013,4.0,59.05508,18.0,0.0,0.0,100.0,-7.0,7.0,8.0,15.0,2.0,19.0,0.0,1.0,1.0,16.685926,71.0,4.0,1.0,1.0,67.0,0.0
84.0,217.6549,9.0,72.0,24.0,0.0,0.0,100.0,-7.0,7.0,8.0,29.0,1.0,31.0,-7.0,0.0,0.0,0.0,91.36598,0.8381443,2.0,0.0,33.0,0.0
71.0,191.68477,6.0,83.0,23.0,1.0,0.0,76.53431,18.106916,6.0,5.0,24.0,2.0,18.0,20.014036,0.0,0.0,35.24911,-8.0,8.0,1.0,0.04154412,59.862392,0.0
74.0,204.75792,-9.0,74.0,42.786102,2.0,0.0,94.0,10.269282,6.0,3.824364,41.593475,9.262467,21.0,1.0,3.0,2.1765783,1.0,65.08018,3.0,6.0,0.0,43.0,0.0
82.2916,127.04955,2.0,38.546265,9.0,0.0,0.0,100.0,-7.0,7.0,8.0,12.0,1.0,6.111666,-7.0,0.0,0.0,11.0,73.32833,2.0,1.0,0.0,43.0,0.0
87.0,181.30688,22.895113,86.0,6.955183,0.0,0.0,100.0,-7.0,7.0,8.0,8.301403,0.0,45.60085,6.478607,2.9494677,2.0,5.0,-8.0,2.0,-8.0,0.0,69.171036,0.0
74.0,445.851,7.0,93.0,20.278484,0.0,0.0,100.0,-7.0,7.0,8.0,22.965502,2.0,29.0,0.0,2.0,2.0,38.215157,45.163998,7.0,3.0,2.0,71.0,0.0
72.61532,93.19928,5.0,-9.0,3.500699,0.0,0.0,100.0,-7.0,7.0,8.0,5.63729,2.0,20.0,0.0,0.0,0.0,52.81247,-8.0,2.0,-8.0,0.0,100.0,0.0
86.0,99.63467,7.0,67.0,-9.0,0.0,0.0,100.0,-7.0,7.0,8.0,0.32916874,1.0,-9.0,0.0,0.0,0.0,13.27361,-8.0,2.0,-9.0,0.0,43.127037,0.0
81.0,350.49487,11.0,110.61772,17.344593,0.0,0.0,100.0,-7.0,7.0,8.0,17.0,0.0,37.0,0.0,0.0,0.0,14.0,-8.0,2.0,1.0,0.0,57.0,0.0
78.770676,386.67065,6.0,92.51486,27.0,2.0,2.3496022,97.0,51.97609,6.0,5.0,39.83594,2.0,24.0,0.0,3.8561685,3.0,1.0,26.884094,2.0,2.0,0.0,43.0,0.0
77.0,263.8945,3.0,96.04903,25.0,0.0,0.0,100.0,-7.0,7.0,8.0,28.021444,3.0,57.9933,3.0,0.0,0.0,52.748882,62.69694,4.0,4.0,0.0,88.72649,0.0
81.0,157.00774,8.0,94.87095,17.0,0.0,0.0,100.0,-7.0,7.0,8.0,17.42315,0.0,47.0,1.9286977,0.0,0.0,18.946146,96.340546,3.0,3.0,2.0,64.0,0.0
59.888123,41.580727,3.0,40.61022,28.0,1.3229591,2.0,91.0,10.545708,6.0,6.0,34.0,4.0,17.0,-7.0,2.339467,2.0,25.296835,60.454758,5.0,1.0,1.0,34.590847,0.0
83.0,186.38057,2.0,75.824615,21.0,0.0,0.0,100.0,-7.0,7.0,8.0,12.729169,2.0,48.971054,12.519276,0.0,0.0,10.0,64.055984,3.0,2.0,0.0,57.0,0.0
-9.0,-9.0,-9.0,-9.0,-9.0,-9.0,-9.0,-9.0,-9.0,-9.0,-9.0,-9.0,-9.0,-9.0,-9.0,-9.0,-9.0,-9.0,-9.0,-9.0,-9.0,-9.0,-9.0,0.0
69.0,152.91371,-9.0,92.0,30.0,0.0,0.0,100.0,-7.0,7.0,8.0,34.97888,2.0,18.0,0.0,1.0,1.0,41.811993,42.029194,6.0,2.0,3.0,47.6992,0.0
71.0,207.6064,9.432976,94.0,28.053827,0.0,0.0,95.0,15.154488,6.0,6.0,39.435696,2.0,25.089409,1.0,0.0,0.0,38.32816,11.734842,6.0,2.0,1.0,57.0,0.0
85.0,281.15625,6.0,79.95048,13.0,0.0,0.0,100.0,-7.0,7.0,8.0,9.0,1.0,26.0,23.576729,0.0,0.0,11.0,-8.0,1.0,1.0,0.0,24.160398,0.0
81.7317,217.41844,2.0,93.0,34.0,0.0,0.0,97.0,21.789942,6.0,6.0,43.398308,5.0,35.530922,2.0,3.2312071,3.0,7.0,-8.0,2.0,2.0,0.0,44.418694,0.0
80.0,192.36241,4.6143155,53.3777,15.402765,0.0,0.0,100.0,-7.0,7.0,8.0,18.951124,1.0,16.0,5.0,0.0,0.0,5.434542,-8.0,5.0,2.0,1.0,56.0,0.0
78.0,199.59973,8.0,111.48402,35.736404,0.0,0.0,100.0,-7.0,7.0,8.0,29.0,1.0,13.0,16.597116,0.0,0.0,10.0,57.53775,6.0,2.0,0.0,43.635475,0.0
79.0,288.77557,33.78588,97.0,12.0,0.0,0.0,100.0,-7.0,7.0,8.0,20.240294,0.0,12.340554,0.0,0.0,0.0,36.0,-8.0,5.0,-8.0,1.0,56.0,0.0
77.0,147.32098,27.139614,108.07723,15.0,2.0,0.0,88.54777,50.78962,6.0,2.0,19.609446,0.0,45.36544,-7.0,0.0,0.0,6.1258802,-8.0,1.0,1.0,0.0,33.0,0.0
91.19952,267.85828,1.0,91.27334,20.0,0.0,0.0,100.0,-7.0,7.0,8.0,32.0,2.0,36.0,18.596151,0.0,0.0,4.0,86.13301,3.0,1.0,0.0,67.0,0.0
88.0,295.7037,10.0,103.17437,25.0,0.0,0.0,100.0,-7.0,7.0,8.0,8.6543665,0.0,32.028122,8.0,0.0,0.0,10.0,-8.0,4.0,2.0,0.0,55.298145,0.0
-9.0,-9.0,-9.0,-9.0,-9.0,-9.0,-9.0,-9.0,-9.0,-9.0,-9.0,-9.0,-9.0,-9.0,-9.0,-9.0,-9.0,-9.0,-9.0,-9.0,-9.0,-9.0,-9.0,0.0
-9.0,-9.0,-9.0,-9.0,-9.0,-9.0,-9.0,-9.0,-9.0,-9.0,-9.0,-9.0,-9.0,-9.0,-9.0,-9.0,-9.0,-9.0,-9.0,-9.0,-9.0,-9.0,-9.0,0.0
85.473145,123.79089,6.0,54.696346,15.0,0.0,0.0,95.0,68.05648,6.0,6.0,19.0,3.0,14.076255,0.0,0.0,0.0,2.0,-8.0,6.0,1.0,0.0,50.0,0.0
84.0,286.62625,8.243801,90.51672,30.0,0.0,0.0,95.08826,12.874787,4.0,6.0,33.0,1.0,28.0,1.0,1.0,1.0,1.0,-8.0,2.0,2.0,0.0,18.804192,0.0
-9.0,-9.0,-9.0,-9.0,-9.0,-9.0,-9.0,-9.0,-9.0,-9.0,-9.0,-9.0,-9.0,-9.0,-9.0,-9.0,-9.0,-9.0,-9.0,-9.0,-9.0,-9.0,-9.0,0.0
89.0,158.35678,10.340293,80.0,19.799347,0.0,0.0,100.0,-7.0,7.0,8.0,22.0,2.0,24.0,0.0,1.0,1.0,1.0,12.10591,0.0,2.0,0.0,15.832365,0.0
87.0,253.03284,17.0,106.99573,9.0,0.0,0.0,100.0,-7.0,7.0,8.0,13.647128,0.0,16.364355,-7.0,1.0,1.0,4.0,-8.0,3.0,-7.363673,0.0,69.25471,0.0
58.861,170.79367,1.0,71.43526,39.828312,1.8356199,1.0,93.0,3.3527222,1.2527152,5.0,42.830746,2.6045341,22.748613,0.0,1.0,1.0,19.179771,58.966927,8.0,2.0,1.0,61.45213,0.0
85.0,388.77057,5.0,113.7593,25.207289,0.0,0.0,100.0,-7.0,7.0,8.0,27.0,2.0,29.0,1.0,1.0,1.0,4.0,-8.0,4.0,-8.0,1.5013956,30.251528,0.0
-9.0,-9.0,-9.0,-9.0,-9.0,-9.0,-9.0,-9.0,-9.0,-9.0,-9.0,-9.0,-9.0,-9.0,-9.0,-9.0,-9.0,-9.0,-9.0,-9.0,-9.0,-9.0,-9.0,0.0
79.0,288.06207,25.975399,139.86821,12.0,0.0,0.0,100.0,-7.0,7.0,8.0,16.0,0.0,25.0,1.0,0.0,0.0,68.62528,-8.0,4.0,1.0,3.0,63.276802,0.0
82.0,133.16924,12.0,88.57828,28.0,0.0,0.0,100.0,-7.0,7.0,8.0,28.07533,0.0,49.937416,0.0,1.0,1.0,19.0,82.063385,5.0,3.0,1.0,67.0,0.0
77.99922,275.76443,14.0,72.58042,21.7805,0.0,0.0,95.0,45.98889,6.0,6.0,22.0,1.0,31.976301,-7.0,0.0,0.0,20.004313,-8.0,3.0,1.0,0.0,57.0,0.0
73.853485,141.45894,3.0,65.18488,20.0,0.0,0.0,100.0,-7.0,7.0,8.0,22.0,2.0,35.0,8.403444,0.0,0.0,20.164427,-8.0,4.0,2.0,1.0,57.22053,0.0
-9.0,-9.0,-9.0,-9.0,-9.0,-9.0,-9.0,-9.0,-9.0,-9.0,-9.0,-9.0,-9.0,-9.0,-9.0,-9.0,-9.0,-9.0,-9.0,-9.0,-9.0,-9.0,-9.0,0.0
84.0,191.458,2.0,67.0,32.0,0.0,0.0,96.0,62.08574,6.0,5.597704,47.85153,2.0,16.727928,0.0,0.0,0.0,1.0,-8.0,2.0,1.0,0.0,28.689522,0.0
79.0,293.98547,1.5813154,108.67123,21.0,0.0,0.0,92.612816,17.713392,6.0,6.0,24.0,1.0,12.065605,-7.0,0.0,0.0,9.0,-8.0,4.0,-8.0,0.0,28.53099,0.0
84.0,139.178,11.300554,100.0,17.0,0.0,0.0,100.0,-7.0,7.0,8.0,24.0,1.0,20.0,0.0,0.0,0.0,34.633904,-8.0,4.0,1.0,0.0,83.0,0.0
80.0,175.75487,1.0,63.611362,14.394434,0.0,0.0,100.0,-7.0,7.0,8.0,16.452103,2.0,42.0,5.903681,1.0,0.0,32.353207,88.0,1.0,2.0,0.0,89.91495,0.0
74.0,222.529,5.0,96.71376,24.268211,0.0,0.0,97.0,53.69813,6.0,6.0,25.0,2.0,50.08708,2.0,1.0,1.0,69.674194,97.11169,3.0,5.0,1.0,100.0,0.0
83.0,202.87552,1.0,71.182335,27.0,0.0,0.0,100.0,-7.0,7.0,8.0,41.662964,2.0,40.0,-7.0,1.0,0.0,11.0,82.0,4.0,2.0,0.0,67.0,0.0
76.0,264.16675,7.1019406,89.39387,12.134934,0.0,0.0,100.0,-7.0,7.0,8.0,11.0,1.0,40.0,2.0,0.0,0.0,60.910336,62.44634,4.0,2.0,1.0,68.45854,0.0
78.0,205.279,7.0,75.0,19.170094,3.0,0.0,90.0,35.074574,6.0,2.0,24.0,2.0,23.0,5.0,0.0,0.0,3.0,58.770565,1.0,1.0,0.0,57.0,0.0
80.0,148.46391,1.0,119.67903,27.0,0.0,0.0,96.0,36.363316,6.0,6.0,7.0,2.0,36.0,0.0,3.0,2.0,12.399214,81.9699,8.0,2.0,1.0,75.0,0.0
86.0,220.22612,8.0,80.2275,25.0,0.0,0.0,100.0,-7.0,7.0,8.0,22.0,1.0,15.0,3.0,1.0,1.0,0.0,-8.0,1.0,-8.564842,0.0,-9.0,0.0
87.0,249.80826,11.0,117.41327,10.0,0.0,0.0,100.0,-7.0,7.0,8.0,13.0,0.0,21.0,-7.0,0.0,0.0,8.0,-8.0,2.0,-8.0,0.0,52.794777,0.0
82.0,221.3174,12.248418,74.62357,9.0,0.0,0.0,100.0,-7.0,7.0,8.0,9.0,2.0,41.93147,13.595092,0.0,0.0,43.195835,81.883125,2.0,2.0,0.0,67.0,0.0
66.50654,129.39774,2.0,45.92135,6.1393833,2.0,1.0,65.2783,14.770902,5.037986,3.0,11.315177,3.0,40.93478,0.0,0.0,0.0,22.831102,-8.0,3.0,2.0,0.0,58.0,0.0
77.0,82.21235,4.0,65.1154,20.0,1.0,1.0,94.0,45.294373,6.0,2.6158733,20.0,1.0,19.0654,4.2479787,1.0,1.0,3.0,-8.0,4.0,1.0,0.0,65.84769,0.0
77.0,60.03248,1.390602,55.106113,15.618637,0.0,0.0,93.91031,18.684177,6.0,6.0,20.0,1.0,65.04357,0.0,2.0,2.9613223,30.931284,-8.0,2.0,2.0,0.0,83.0,0.0
70.88085,239.07506,4.0,68.0,21.0,0.0,0.0,89.99747,31.267937,6.0,6.0,23.0,2.0,50.0,0.0,16.365698,14.831609,14.0,59.90229,2.0,5.0,0.0,84.69858,0.0
87.0,375.09335,5.0,138.66695,27.0,0.0,0.0,100.0,-7.0,7.0,8.0,29.208633,1.0,29.0,-7.0,0.0,0.0,6.0,-8.0,3.0,1.0,0.0,51.2537,0.0
72.0,54.437916,3.0,38.740406,18.0,0.0,0.0,100.0,-7.0,7.0,8.0,22.205982,2.0,22.0,0.0,2.0,2.0,56.077087,-8.0,3.0,2.0,1.0,60.0,0.0
57.937984,221.69937,2.0,135.02591,23.812021,0.0,0.0,77.669914,6.0,4.0,6.0,25.302717,1.0,24.0,0.0,1.0,0.0,23.655125,48.27529,8.348717,2.0,3.0,75.0,0.0
91.0,220.7739,27.275137,121.74953,5.987495,0.0,0.0,100.0,-7.0,7.0,8.0,5.3654523,0.0,17.0,0.0,0.0,0.0,0.0,-8.0,0.0,-8.0,0.0,22.923008,0.0
79.65666,170.88124,11.0,72.0,11.0,0.0,0.0,98.0,0.99662405,4.0,6.0,15.0,2.0,50.0,9.715699,0.0,0.0,9.0,66.51305,2.0,4.0,0.0,78.79643,0.0
87.0,177.31206,39.818695,125.97185,12.179075,0.0,0.0,93.30618,74.260086,6.0,6.0,13.305731,0.0,60.54245,-7.8898687,1.0,0.0,0.0,-8.0,1.0,1.0,0.0,33.0,0.0
77.0,283.93182,0.11636264,61.433643,11.0,0.0,0.0,88.0,25.944195,6.0,6.0,14.88047,6.0,33.0,0.0,3.0,3.0,17.399586,100.0,2.0,2.0,0.0,57.0,0.0
88.61669,232.17004,12.0,95.24201,20.0,0.0,0.0,100.0,-7.0,7.0,8.0,22.698523,0.0,39.0,0.0,1.0,1.0,1.3524286,-8.0,1.0,1.0,0.0,19.258287,0.0
87.0,119.86825,13.0,55.719048,18.0,0.0,0.0,100.0,-7.0,7.0,8.0,18.0,0.0,22.0,0.0,2.0,1.0,1.0,-8.0,2.0,1.0,0.0,30.407335,0.0
73.726395,147.42514,3.0,81.0,24.0,1.1156956,0.0,94.0,76.75062,6.0,3.0,27.8531,1.0,27.0,9.0,1.0,1.0,22.95907,95.6433,2.0,5.0217495,0.0,62.622696,0.0
84.0,109.50199,25.93186,74.08317,13.0,0.0,0.0,100.0,-7.0,7.0,8.0,16.0,0.0,19.0,-7.0,0.0,0.0,10.0,-8.0,4.0,1.0,1.0,71.0,0.0
75.0,279.7514,34.001495,220.30627,7.758903,0.0,0.0,80.79378,40.695057,6.0,6.0,9.535673,0.0,9.62951,10.157014,0.0,0.0,42.08619,-8.0,2.0,-8.0,0.0,59.980892,0.0
80.0,147.98285,6.809057,70.80878,9.375598,0.0,0.0,100.0,-7.0,7.0,8.0,9.0,1.0722874,22.0,0.0,0.0,0.0,47.700756,78.57672,3.0,2.0,0.0,73.91127,0.0
69.0,148.70192,25.458908,111.843285,22.278622,0.0,0.0,93.0,24.123096,4.0,6.0,24.0,0.0,44.0,0.0,1.0,0.0,14.045108,50.65112,4.0,2.0,1.0,85.00085,0.0
85.0,-6.5265803,6.0,67.0,17.0,0.0,0.0,100.0,-7.0,7.0,8.0,-9.0,3.0,21.0,0.0,1.739516,2.0,3.0,-8.0,2.0,1.0,0.0,32.45608,0.0
79.0,224.81511,6.0,70.79901,20.0,0.0,0.0,100.0,-7.0,7.0,8.0,16.49639,4.0,45.116432,0.0,0.0,0.0,28.190207,93.0,3.3377397,2.0,1.0,68.495995,0.0
90.0,677.11566,5.0,85.70085,26.204258,0.0,0.0,100.0,-7.0,7.0,8.0,29.0,1.0,36.0,7.836818,0.0,0.0,12.0,-8.0,4.0,1.0,0.0,50.836765,0.0
63.0,121.5159,7.0,62.65142,22.0,0.0,0.0,100.0,-7.0,7.0,8.0,23.0,1.0,33.0,0.0,2.0,1.4904051,80.72532,-8.0,9.0,-8.0,5.0899925,100.0,0.0
84.0,165.35641,1.2189481,50.75232,12.0,0.0,0.0,100.0,-7.0,7.0,8.0,18.0,4.0,39.0,7.0,1.0,1.0,10.028267,80.0,1.0,3.0,0.0,45.359493,0.0
78.21886,417.53717,8.0,112.48779,29.0,0.0,0.0,100.0,-7.0,7.0,8.0,28.0,1.0,14.196272,21.626345,0.0,0.0,37.831745,29.958054,8.0,2.0,1.0,58.0,0.0
86.0,402.53168,10.0,124.77683,32.0,0.0,0.0,100.0,-7.0,7.0,8.0,45.21944,1.0,27.316103,-7.0,1.0,1.0,14.0,-8.0,4.0,1.0,0.0,46.31212,0.0
70.0,263.09473,2.0,110.98186,34.0,0.0,0.0,95.0,2.076279,5.0,6.0,22.504465,1.0,22.431286,0.0,3.6373057,4.0,6.0,-8.0,4.0,2.0,0.0,50.0,0.0
70.0,170.28897,5.0,61.0,28.0,0.0,0.0,100.0,-7.0,7.0,8.0,33.0,4.0,12.087874,0.0,4.2869425,4.0,25.482521,-8.0,9.0,2.0,1.5364928,57.0,0.0
72.0,205.8703,5.0,87.62636,16.0,0.0,0.0,95.0,8.754093,6.0,6.0,16.0,1.0,30.0,0.0,1.0,1.0,64.039665,50.654663,4.0,2.0,1.0,100.0,0.0
65.0,167.33142,4.0,71.0,36.0,0.0,0.0,100.0,-7.0,7.0,8.0,58.724804,1.0,28.689583,0.0,4.205031,5.0,67.89613,79.14119,9.0,1.0,4.7698603,82.55819,0.0
76.0,233.44476,4.0,176.77829,40.284378,7.0668116,1.0,97.0,51.691742,6.0,-9.0,46.19428,3.0,47.0,0.0,5.5636096,5.9269934,4.0,-8.0,3.0,2.0,0.0,40.731457,0.0
85.0,425.24738,6.0,146.74712,19.886702,1.0,0.0,80.54293,31.431835,6.0,6.0,16.804121,1.0,31.873228,6.0,1.0,1.0,3.0,37.966537,2.0,2.0,0.0,50.0,0.0
83.0,281.7398,13.214866,125.54595,44.46002,0.0,0.0,100.0,-7.0,7.0,8.0,38.081932,0.0,31.30667,1.0,3.0,3.0480661,1.0,93.09639,6.0,2.0,0.0,41.75515,0.0
86.0,175.86548,14.449044,153.17311,8.280255,0.0,0.0,100.0,-7.0,7.0,8.0,9.586084,0.0,97.232025,-8.0,0.0,0.0,-8.602789,59.89285,-9.0,1.0,0.0,84.35386,0.0
81.0,459.0768,9.912849,105.07354,28.0,0.0,0.0,100.0,-7.0,7.0,8.0,27.0,0.0,5.842727,0.0,4.0,3.3278742,15.0,-8.0,4.0,-8.0,0.0,31.103027,0.0
72.35814,132.84727,5.0,70.086784,6.996748,1.0,1.0,100.0,-7.0,7.0,8.0,10.913537,1.0,27.0,0.0,0.0,0.0,70.65741,-8.0,3.1266465,1.0,0.0,100.0,0.0
64.707565,373.62646,22.878607,118.462135,14.0,2.0,1.8316247,89.168365,28.304092,6.0,6.0,18.0,0.0,18.0,16.0,0.0,0.0,28.0,-8.0,4.0,-8.0,1.0,100.0,0.0
63.532276,68.140785,4.0,31.338814,13.022436,0.0,0.0,94.0,22.670855,5.0,6.0,17.0,3.0,40.0,0.0,3.0,3.0,38.25511,99.046165,3.0,2.0,0.0,99.49177,0.0
58.558117,142.2179,26.739561,90.0,12.0,3.5029514,5.064993,83.48588,-7.0,-9.0,4.0,20.00033,0.0,62.890377,0.0,0.0,0.0,1.0,41.56154,1.0,1.0,0.0,75.0,0.0
77.0,203.2231,8.0,79.0,33.0,0.0,0.0,100.0,-0.2560277,6.0,6.0,29.336525,1.0,51.23142,0.0,0.0,0.0,22.192467,93.53982,3.0,5.0,0.0,72.49907,0.0
80.0,208.706,2.0,70.52932,3.5031517,0.0,0.0,100.0,-7.0,7.0,8.0,8.994533,1.0,-9.0,-7.0,3.0,3.0,36.83025,-8.0,3.0,-9.0,0.0,57.415035,0.0
70.0,181.37057,12.0,76.233604,17.0,1.8413979,1.0,100.0,-7.0,6.0,8.0,19.0,1.0,69.34444,-7.0,0.0,0.0,40.901012,45.162083,3.0,6.1463795,0.0,76.79535,0.0
79.0,115.01496,6.0,24.719793,15.0,0.0,0.0,100.0,-7.0,7.0,8.0,14.156607,3.0,58.79506,0.0,2.0,2.0,3.0,92.122665,1.3995434,2.7701094,0.0,56.123383,0.0
71.0,218.16324,8.0,83.0,22.0,0.0,0.0,92.82685,10.916822,6.0,6.0,29.0,1.0,32.0477,0.0,3.0,2.3883576,32.0,-8.0,4.0,-7.2459555,0.0,33.0,0.0
87.0,263.0336,2.0,86.60527,13.0,0.0,0.0,100.0,-7.0,7.0,8.0,15.0,2.0,-9.0,-8.0,3.0,3.0,0.0,-8.0,1.0,-9.0,0.0,24.661617,0.0
69.194824,-9.0,20.0,26.65411,5.180732,0.0,0.0,100.0,-7.0,7.0,8.0,3.7772937,0.0,35.0,-7.0,0.0,0.0,52.864693,-8.0,5.0,1.0,1.0,100.0,0.0
84.332695,255.40053,3.0,106.963264,17.0,0.0,0.0,100.0,-7.0,7.0,8.0,19.0,1.0,26.0,-7.0,0.0,0.0,0.0,71.0,1.0,2.0,0.0,40.0,0.0
76.24059,199.69658,2.0,109.5515,16.0,0.0,0.0,100.0,-7.0,7.0,8.0,18.0,4.0,17.0,0.0,2.0,1.8447654,34.666996,-8.0,6.0,1.0,0.0,100.0,0.0
87.0,190.28383,3.0,64.19713,22.273586,0.0,0.0,100.0,-7.0,7.0,8.0,22.0,2.0,8.589997,11.593903,0.0,0.0,3.0,100.0,2.0,1.0,0.0,29.85907,0.0
86.786224,150.30194,5.0,102.382126,20.0,0.0,0.0,100.0,-7.0,7.0,8.0,7.0,2.0,21.084023,0.0,6.772049,6.5091276,9.480709,-8.0,3.0,1.0,0.0,37.99195,0.0
71.0,42.319298,2.0,-9.0,13.0,0.0,0.0,100.0,-7.0,7.0,8.0,15.0,3.0,38.473434,-7.0,2.0,2.0,17.0,82.0,4.0,3.0,1.0,77.685555,0.0
68.0,366.76984,5.0,118.805885,38.215237,2.0,1.0,94.0,17.702389,4.0,5.0,50.35512,2.0,17.0,0.0,2.0,2.0,10.490407,-8.0,2.0,1.0,0.0,20.24066,0.0
73.0,177.92525,3.0,64.60251,20.009726,0.0,0.0,100.0,-7.0,7.0,8.0,18.0,5.0,34.996536,4.0,0.0,0.0,42.277054,97.3281,4.0,5.0,1.0,66.888,0.0
90.309784,268.86023,17.0,89.06345,14.0,0.0,0.0,100.0,-7.0,7.0,8.0,20.0,0.0,8.538302,23.774727,0.0,0.0,1.0,-8.0,1.0,1.0,0.0,7.2334514,0.0
81.0,117.45688,4.0,55.955093,20.0,0.0,0.0,100.0,-7.0,7.0,8.0,21.0,3.0,58.264133,0.0,0.0,0.0,1.5200703,100.0,4.0,2.0,0.0,81.324394,0.0
67.93897,310.6872,6.0,105.04555,6.0,1.0,0.0,64.75746,13.440028,4.6346407,5.6082807,9.0,3.0,22.0,3.0,1.6619816,1.0,1.0,-8.0,2.0,-4.572969,0.0,44.412697,0.0
73.0,157.26338,2.0,76.76639,36.644096,0.0,0.0,100.0,-7.0,7.0,8.0,31.0,2.0,50.0,0.0,4.0968657,4.0,19.593021,59.742016,5.0,4.0,2.0,80.0,0.0
64.0,242.6536,2.0,97.0,25.579323,1.0,0.17083131,80.78483,10.372231,6.0,4.997553,33.662106,1.0,-9.0,-7.0,1.0,0.0,23.126562,-8.0,4.0,-8.0,1.0,26.547169,0.0
72.40984,366.37704,10.039863,111.367836,22.0,0.0,0.0,91.0,13.738307,6.0,6.0,26.0,1.0,18.0,0.0,1.0,1.0,30.070671,-8.0,5.0,-7.910037,0.0,50.0,0.0
80.726204,190.55443,11.0,168.84358,24.0,0.0,0.0,93.0,18.478327,5.148162,6.0,26.0,0.0,32.0,0.0,0.0,0.0,11.0,-8.0,6.0,1.0,0.0,71.0,0.0
70.0,190.64615,22.069002,110.2892,18.0,3.0403705,2.704264,82.15066,15.406959,6.0,6.0,21.0,0.0,61.086834,3.0,2.0,2.0,11.849592,40.050243,1.0,1.0,0.0,50.0,0.0
86.0,159.50925,10.462524,97.0,18.0,0.0,0.0,100.0,-7.0,7.0,8.0,7.0,0.0,62.108086,-8.0,0.0,0.0,6.0,67.34096,2.0,3.0,0.0,89.06517,0.0
86.0,391.0446,47.15084,148.11462,-9.0,0.0,0.0,100.0,-7.0,7.0,8.0,5.5002723,0.0,38.0,6.0,0.0,0.0,10.0,-8.0,1.0,-8.0,0.0,50.0,0.0
72.0,116.284775,4.0,47.82008,15.0,1.8198446,1.3716264,88.125946,49.904545,6.0,3.0,14.0,5.0,73.74967,-8.0,0.0,0.0,18.0,73.5662,4.0,2.0,0.0,100.0,0.0
67.0,-9.0,39.698154,61.0,10.0,2.099556,0.0,74.17681,13.38492,4.0,3.0,12.0,0.0,7.6397176,-7.0,0.0,0.0,19.417019,-8.0,1.0,-8.0,0.0,43.0,0.0
73.0,472.40903,3.0,103.126015,26.0,0.0,0.0,100.0,-7.0,7.0,8.0,25.0,1.0,16.967848,0.0,1.0,1.0,51.85375,32.589703,4.0,2.0,1.0,53.32587,0.0
86.283844,25.411785,10.0,70.0,20.0,0.0,0.0,93.0,58.042088,6.0,6.0,13.0,2.0,57.188393,2.0,2.0,2.0,5.0,60.71954,1.0,2.0,0.0,35.527134,0.0
80.0,222.49345,6.0,116.98052,32.0,0.0,0.0,100.0,-7.0,7.0,8.0,34.0,1.0,37.97855,0.0,1.0,1.0,34.023716,-8.0,5.0,3.0,0.0,90.297516,0.0
77.0,416.68842,20.0,171.34862,30.144932,0.0,0.0,98.0,33.417656,6.0,6.0,29.0,0.0,26.495369,0.0,2.0,1.0,21.0,90.12867,11.0,2.0,0.0,80.0,0.0
67.38476,177.4949,6.0,89.28215,29.0,1.749124,1.0,82.71213,4.0269895,4.0,5.335194,31.907139,3.0,22.0,3.0,0.0,0.0,21.0,65.70003,3.8824995,2.0,0.0,75.0,0.0
74.02886,209.61404,6.0,48.133286,14.0,0.0,0.0,82.82141,15.5570135,6.0,6.0,16.0,2.0,26.0,-7.0,1.0,1.0,1.0,-8.0,1.0,2.0,0.0,37.528103,0.0
-9.0,203.18134,6.0,71.401306,48.048664,1.0,0.0,90.001816,-7.0,-9.0,5.0,68.35066,3.0,20.568306,12.0,1.0,0.0,25.0,10.949475,8.466565,3.2348392,0.0,50.0,0.0
65.0,280.64426,5.0,88.81975,56.657764,0.0,0.0,96.0,20.035051,6.0,6.0,56.489285,1.0,25.0,-7.0,2.0,2.0,28.149504,13.571878,5.0,3.0,2.0,44.0,0.0
71.0,217.6027,-9.0,87.034775,32.914837,0.0,0.0,96.81258,2.0,6.0,6.0,38.0,4.0,33.0,0.0,2.0,1.0,33.50638,91.454155,5.0,4.0,2.0,56.0,0.0
68.0,50.073563,6.0,60.788807,28.62073,0.0,0.0,100.0,-7.0,7.0,8.0,31.0,2.0,37.664352,-8.0,1.0,1.0,51.5026,75.53054,7.245805,6.0,0.0,85.85159,0.0
69.78404,192.01883,10.979808,52.49203,28.373669,0.0,0.0,97.0,-7.0,4.524898,6.0,28.693377,0.0,40.0,0.0,1.0,1.0,34.764496,43.937126,7.0,3.0,0.0,57.673153,0.0
79.0,125.17578,5.0,55.58377,7.0,0.0,0.0,100.0,-7.0,7.0,8.0,10.560636,3.0,36.0,2.0,3.5140135,3.0,54.215614,79.95372,1.0,2.0,0.0,79.73558,0.0
58.257957,171.27838,5.0,59.69821,27.0,0.0,0.0,84.518456,-7.0,6.0,2.0,38.0,1.0,33.0,-7.0,1.0,1.4678209,40.95833,60.2802,6.0,3.0,1.0,67.0,0.0
77.0,205.59375,8.0,83.92445,21.0,0.0,0.0,100.0,-7.0,7.0,8.0,16.0,1.0,30.0,0.0,1.0,1.0,28.148884,95.684654,4.0,4.0,0.0,64.0,0.0
85.0,139.90164,7.0,63.468956,14.0,0.0,0.0,100.0,-7.0,7.0,8.0,13.0,1.0,25.0,-7.0,1.0,1.0,13.0,-8.0,5.0,1.0,0.0,100.0,0.0
74.0,200.32274,4.0,82.90185,25.0,0.0,0.0,100.0,-7.0,7.0,8.0,21.0,1.0,55.370552,0.0,5.119276,4.890581,28.73962,20.811403,4.0,2.0,1.0,83.24095,0.0
72.0,308.7321,2.0,74.0,56.513054,1.0,0.0,97.916176,8.5330925,4.0,4.851982,57.73189,5.290611,18.0,0.0,1.0,1.0,3.95167,50.499226,7.0,3.0,0.0,30.664125,0.0
79.0,141.8433,13.463431,64.939896,24.0,0.0,0.0,100.0,-7.0,7.0,8.0,26.0,0.0,60.034035,-7.0,0.0,0.0,16.0,48.03783,2.0,2.0,0.0,80.0,0.0
-9.0,-9.0,-9.0,-9.0,-9.0,-9.0,-9.0,-9.0,-9.0,-9.0,-9.0,-9.0,-9.0,-9.0,-9.0,-9.0,-9.0,-9.0,-9.0,-9.0,-9.0,-9.0,-9.0,0.0
67.0,163.53004,15.0,68.39396,47.103157,0.0,0.0,100.0,1.0,6.0,6.0,46.835564,1.0,38.0,-8.0,3.0,3.116798,56.159607,86.89651,2.0,5.0,1.0,60.0,0.0
89.12323,346.04947,43.859764,172.81042,12.0,0.0,0.0,100.0,-7.0,7.0,8.0,11.0,0.0,38.0,-9.0,0.0,0.0,0.0,-8.0,2.0,-8.0,0.0,33.0,0.0
60.99488,98.30625,6.0,59.160397,21.0,2.0672631,2.0,83.62934,9.886276,4.0,5.0,30.0,1.0,56.340393,0.0,1.0,1.0,71.60371,-8.0,3.0,2.0,0.0,88.0,0.0
63.120537,212.57391,3.0,121.889244,28.0,1.0,1.0,91.51574,2.0,1.7441425,6.0,8.095104,2.0,42.0,0.0,1.1184762,1.0,53.17321,58.673744,6.0,2.0,4.960846,64.0,0.0
84.0,131.27448,9.0,84.636246,17.0,0.0,0.0,100.0,-7.0,7.0,8.0,18.541916,1.0,33.0,0.0,2.0,1.0,19.0,-8.0,3.0,1.0,0.0,52.4382,0.0
74.55541,167.3032,10.0,95.564445,32.0,0.0,0.0,92.0,16.393204,6.0,6.0,30.0,2.0,37.0,6.8002477,0.0,0.0,0.0,43.2951,1.0,2.0,0.0,25.0,0.0
64.336395,288.96185,21.346794,121.452126,15.0,0.0,0.0,77.71604,10.532884,4.262066,6.0,20.0,0.0,30.0,-8.0,0.0,0.0,51.71023,-8.0,6.0,1.621683,1.0,89.46293,0.0
83.0,406.49545,1.0,129.67229,24.0,0.0,0.0,95.0,40.696598,6.0,6.0,28.0,5.2029743,17.0,0.0,1.0,1.0,1.0,48.915215,3.0,1.0,0.0,33.0,0.0
88.65176,195.74138,6.997292,69.66531,15.0,0.0,0.0,100.0,-7.0,7.0,8.0,12.0,1.0,53.31641,8.0,1.0,0.61993897,3.0,88.438,2.0,2.0,0.0,72.23284,0.0
81.0,387.86444,10.218465,93.82094,33.0,0.0,0.0,100.0,-7.0,7.0,8.0,29.0,1.0,34.92798,0.0,0.0,0.0,28.0,74.764084,1.0,2.0,1.0,70.0,0.0
82.0,264.894,4.0,74.0,27.0,0.0,0.0,100.0,-7.0,7.0,8.0,30.0,2.0,36.0,-7.0,0.0,0.0,11.0,76.71647,8.0,3.0,0.0,71.0,0.0
75.4149,209.69139,4.0,74.0,33.189587,0.0,0.0,100.0,-7.0,7.0,8.0,38.0,2.0,23.0,-7.0,0.0,0.0,14.643102,24.465034,6.525881,3.0,0.0,58.451702,0.0
75.0,210.36063,16.0,79.35979,20.0,0.0,0.0,98.0,31.998186,6.0,6.0,17.350563,0.0,11.651451,0.0,2.0,2.0,38.345642,-8.0,3.0,1.0,0.0,40.0,0.0
88.0,295.41925,7.263768,97.0,15.0,0.0,0.0,100.0,-7.0,7.0,8.0,20.0,1.0,46.0,-8.0,0.0,0.0,11.336743,73.09195,2.0,2.0,0.0,60.0,0.0
82.0,370.13037,5.0,87.73916,41.988636,0.0,0.0,100.0,-7.0,7.0,8.0,32.0,1.0,25.203579,0.0,0.0,0.0,8.0,-8.0,4.0,2.0,1.0,50.0,0.0
75.04073,-9.0,5.0,46.627724,42.07023,0.0,0.0,94.0,55.72908,6.0,6.0,5.565894,3.0,30.0,0.0,1.0,1.0,0.0,92.23975,4.0,9.620972,0.0,64.0,0.0
72.0,101.71476,4.0,61.56564,13.0,0.0,0.0,93.0,33.705147,6.0,6.0,14.0,1.0,21.0,-7.0,2.0,2.0,45.87489,62.88782,5.0,2.0,1.0,80.0,0.0
78.0,145.93834,6.0,72.8666,55.681423,0.0,0.0,100.0,-7.0,7.0,8.0,61.652145,4.0,50.0,16.0,0.0,0.0,40.927605,62.92883,9.846114,4.0,1.0,84.76503,0.0
82.0,-9.0,10.0,63.0,26.0,0.0,0.0,100.0,-7.0,7.0,8.0,0.7402245,0.0,24.0,1.0,1.0,1.0,7.930705,45.917297,6.0,3.0,0.0,57.350594,0.0
88.0,174.01599,37.773544,174.25464,9.0,0.0,0.0,100.0,-7.0,7.0,8.0,11.0,0.0,7.49499,11.67318,0.0,0.0,16.707724,-8.0,3.0,-8.0,0.0,50.0,0.0
75.0,165.26271,7.0,104.103874,17.0,0.0,0.0,100.0,-7.0,7.0,8.0,19.0,1.0,19.345955,1.5882293,1.0,1.0,91.507935,-8.0,4.0,-8.0,1.0,100.0,0.0
78.0,173.07776,9.0,53.13492,14.0,0.0,0.0,94.41076,41.229084,6.0,6.0,16.0,2.0,66.10712,14.064997,0.0,0.0,9.510876,75.3572,2.0,3.0,0.0,80.0,0.0
63.57858,282.89658,4.0,90.0,47.517,4.918511,3.0669405,88.0,3.2014842,4.0,5.0,61.1319,2.0,40.0,1.0,5.3383226,5.061986,1.0,74.29223,1.0,3.0,1.0,33.0,0.0
87.0,200.88364,24.603275,86.083885,16.0,0.0,0.0,100.0,-7.0,7.0,8.0,20.420046,0.0,29.0,-8.0,0.0,0.0,1.0,-8.0,-9.0,2.0,0.0,45.48755,0.0
69.0,236.26035,2.0,90.95969,41.934685,0.0,0.0,95.0,13.998294,6.0,6.0,45.866814,2.0,21.0,6.0,0.0,0.0,30.215288,79.29362,10.773721,3.0,1.0,60.0,0.0
86.0,220.0411,8.0,89.665535,17.0,0.0,0.0,100.0,-7.0,7.0,8.0,3.21684,1.0,-9.0,4.0,0.0,0.0,16.0,-8.0,3.0,-8.0,0.0,25.0,0.0
87.0,257.0088,18.661163,113.15675,24.790045,0.0,0.0,100.0,-7.0,7.0,8.0,22.0,0.0,6.7226515,-7.488034,0.0,0.0,5.895638,-8.0,2.0,1.0,0.0,25.445759,0.0
87.0,70.87424,21.645624,68.24127,9.0,0.0,0.0,100.0,-7.0,7.0,8.0,8.0,0.0,14.0,-7.0,0.0,0.0,1.0,-8.0,2.0,1.0,0.0,50.0,0.0
77.77247,113.801796,36.473736,94.0,28.0,0.0,0.0,100.0,-7.0,7.0,8.0,11.438561,0.0,39.0,-8.0,2.0,2.0,46.338066,-8.0,3.0,1.0,2.907747,60.0,0.0
72.0,174.44395,19.846691,83.0,28.0,0.0,0.0,89.4618,17.044764,4.0,5.0,35.0,0.0,42.0,0.0,0.0,0.0,25.138718,-8.0,1.0,2.0,0.0,38.0,0.0
64.8481,419.22406,3.0,128.27429,33.41056,3.5877542,3.7422051,94.0,21.134752,4.0,6.0,33.0,2.0,24.0,-8.0,1.0,1.0,12.0,80.042694,4.0,4.0,0.0,67.0,0.0
65.0,75.143684,3.0,44.139904,33.0,0.0,0.0,100.0,-7.0,7.0,8.0,32.735477,2.0,42.0,0.0,2.0,1.0,93.681755,93.0,6.544736,2.0,3.0,86.98384,0.0
73.80347,144.20384,6.0,90.0,24.0,0.0,0.0,89.9562,5.30231,6.0,6.0,17.0,1.0,43.0,0.0,1.0,1.0,36.522213,89.27133,5.0,4.0,0.0,66.60006,0.0
87.0,298.7578,39.495705,94.0,24.0,0.0,0.0,100.0,-7.0,7.0,8.0,21.91658,0.0,50.0,-7.0,0.0,0.0,1.0,-8.0,1.0,1.0,0.0,33.0,0.0
70.905334,124.121155,1.0,26.958504,-9.0,0.0,0.0,100.0,-7.0,7.0,8.0,3.994182,2.0,33.472275,0.0,16.652225,15.486143,0.17776844,-8.0,1.0,2.0,0.0,50.0,0.0
87.0,454.92953,6.0,297.4976,24.0,0.0,0.0,100.0,-7.0,7.0,8.0,27.384464,3.0,46.000748,0.0,1.0,1.0,5.0,-8.0,5.0,2.0,0.0,68.102264,0.0
80.0,191.57202,2.0,97.0,21.0,0.0,0.0,100.0,-7.0,7.0,8.0,22.588478,1.0,23.0,0.0,1.0,1.0,27.482233,81.544266,6.0,2.0,0.0,67.0,0.0
78.0,233.72337,30.106295,109.48732,8.0,0.0,0.0,100.0,-7.0,7.0,8.0,12.0,0.0,15.883142,0.0,1.0,1.0,76.857895,-8.0,2.0,1.0,0.0,86.0,0.0
78.0,143.08,4.0,63.59563,28.065552,0.0,0.0,100.0,-7.0,7.0,8.0,33.0,2.0,21.0,0.0,1.0,1.0,29.097034,-8.0,4.0,1.0,0.0,44.0,0.0
85.0,143.14803,4.0,77.58909,42.52631,0.0,0.0,100.0,-7.0,7.0,8.0,38.468052,2.0,63.586285,1.0,1.0,1.0,9.0,80.0,3.0,8.500294,0.0,81.39694,0.0
70.0,86.50281,3.0,33.4071,18.954834,0.0,0.0,100.0,-7.0,7.0,8.0,19.0,1.0,14.70648,1.0,1.0,1.0,36.0,-8.0,5.0,1.0,0.0,50.0,0.0
72.198456,152.41191,3.0,80.0,34.164356,0.0,0.0,95.0,8.681158,6.0,6.0,38.435997,2.0,20.0,16.76044,1.0,0.0,10.0,-8.0,5.0,1.0,0.0,33.0,0.0
87.0,197.56276,15.0,117.843315,-9.0,0.0,0.0,100.0,-7.0,7.0,8.0,9.0,0.0,-9.0,12.0,0.0,0.0,19.689423,-8.0,2.0,-9.0,0.0,63.0,0.0
81.0,237.65004,6.0,75.97013,31.0,0.0,0.0,96.0,35.93245,6.0,6.0,30.0,3.0,32.020367,0.0,1.0,1.0,0.0,63.308113,1.0,3.0,0.0,38.849052,0.0
74.0,-9.0,11.0,29.575205,22.0,0.0,0.0,100.0,-7.0,7.0,8.0,26.0,1.0,67.2742,-8.0,0.0,0.0,14.909751,50.650993,3.0,6.0,0.0,100.0,0.0
71.0,115.50139,2.0,67.0,33.897594,0.0,0.0,92.0,48.34452,6.0,5.7790575,36.18072,10.560901,6.9954224,0.0,2.0,2.0,23.17905,100.0,9.0,2.0,1.0,41.121166,0.0
68.276184,-8.329451,2.3821027,-9.0,3.770909,0.0,0.0,100.0,-7.0,7.0,8.0,3.9991384,3.0,16.0,0.0,5.0,4.343261,2.0,-8.0,1.0,1.0,0.0,67.0,0.0
89.0,143.99736,4.0,74.0,30.0,0.0,0.0,100.0,-7.0,7.0,8.0,34.0,1.0,64.09957,0.0,0.0,0.0,4.4414387,85.422035,1.0,4.9220657,0.0,50.0,0.0
89.0,252.5265,8.0,115.96374,28.0,0.0,0.0,100.0,-7.0,7.0,8.0,32.443573,0.0,6.5512176,-8.452903,0.0,0.0,13.0,-8.0,2.0,1.0,0.0,28.976322,0.0
72.0,172.5984,5.9757137,66.431465,-4.388869,0.0,0.0,100.0,-7.0,6.0,8.0,0.9767333,2.0,49.96989,4.1957264,0.0,0.0,0.0,87.66994,0.0,3.0,0.0,50.0,0.0
78.0,213.60225,6.0,82.3178,14.0,0.0,0.0,94.28178,6.0,6.0,6.0,16.0,2.0,47.0,2.0,1.0,1.0,17.813795,-8.0,2.0,2.0,1.0,45.615536,0.0
72.20907,177.6647,10.0,61.88808,41.10974,0.0,0.0,100.0,-7.0,7.0,8.0,45.7512,4.0,27.23771,0.0,0.0,0.0,25.75625,-8.0,2.0,1.0,0.0,36.77304,0.0
76.0,355.49567,3.0,88.87172,20.014784,0.0,0.0,100.0,-7.0,7.0,8.0,22.0,2.0,27.0,0.0,1.0,1.0,23.909159,80.99001,6.0,2.718504,3.0,79.567505,0.0
67.155685,166.97836,7.0,79.0,40.15325,0.0,0.0,100.0,-7.0,-9.0,6.0,29.0,2.0,31.711637,0.0,0.0,0.0,17.879864,-8.0,6.0,2.0,0.0,54.032333,0.0
71.0,298.40433,12.0,85.94181,5.0910683,1.0,1.0,100.0,-7.0,7.0,8.0,11.0,0.0,56.273582,0.0,1.0,1.0,46.046207,-8.0,1.0,2.0,0.0,100.0,0.0
80.0,207.67685,2.6046865,64.78842,35.314415,0.0,0.0,100.0,-7.0,7.0,8.0,26.0,2.0,25.0,0.0,11.0989685,6.869575,10.0,94.29906,3.0,3.0,0.0,50.0,0.0
67.266846,40.86328,6.0,112.88421,32.0,3.7708168,2.101537,86.28815,4.5502415,5.0,5.0,8.716811,2.0,40.742435,1.0,2.0,1.0,38.247955,45.929462,6.0,4.0,2.0,88.0,0.0
86.0,372.08487,5.0,82.0,15.0,0.0,0.0,100.0,-7.0,7.0,8.0,15.0,2.0,46.0,0.0,0.0,0.0,2.0,89.98314,1.7107507,3.0,0.0,67.0,0.0
90.0,339.1132,8.602375,131.30751,16.0,0.0,0.0,100.0,-7.0,7.0,8.0,20.983837,1.0,40.0,-8.0,0.0,0.0,1.0,-8.0,1.0,1.0,0.0,35.665882,0.0
81.62023,255.73112,2.0,88.228294,39.277256,1.0,1.0,96.0,70.62888,6.0,3.0,47.69219,3.0,22.0,7.4599705,0.0,0.0,1.0,31.73018,7.0,3.0,0.0,44.98991,0.0
74.0,280.66443,7.0,70.0,40.957657,0.0,0.0,100.0,-7.0,7.0,8.0,37.0,1.0,42.0,-7.0,1.0,1.0,32.295483,-8.0,6.0,5.0,0.0,60.8542,0.0
89.32465,184.95122,17.234285,98.156906,16.0,0.0,0.0,100.0,-7.0,7.0,8.0,17.0,0.0,21.787628,-8.0,0.0,0.0,6.0,-8.0,1.0,1.0,0.0,30.969545,0.0
83.0,184.15811,4.0,90.0,15.319435,0.0,0.0,100.0,-7.0,7.0,8.0,17.0,2.0,43.79568,0.0,9.685518,6.8927984,27.737135,-8.0,3.0,2.0,1.0,59.748924,0.0
73.0,136.03952,3.0,68.4757,16.0,0.0,0.0,100.0,-7.0,7.0,8.0,15.0,2.0,32.584305,-7.0,1.0,1.0,52.83519,63.188957,3.0,2.0,1.0,56.96389,0.0
80.126755,207.87234,8.0,96.575424,51.211174,0.0,0.0,100.0,-7.0,6.0,8.0,51.4641,3.0,33.0,0.0,1.0,0.0,13.0,88.0,4.0,2.0,0.0,50.0,0.0
70.0,134.00067,5.0,68.0,28.80972,1.0,1.0,95.273254,10.647235,6.0,5.9141436,25.0,2.0,31.790472,0.0,0.0,0.0,28.0,45.7358,4.5458255,1.0,0.0,47.03592,0.0
78.0,230.97246,5.7959695,122.37863,28.20527,1.0,0.0,89.0,53.02167,6.0,6.0,32.018665,3.445709,53.02591,-7.0,0.0,0.0,11.0,58.59796,4.0,3.4456375,0.0,57.0,0.0
72.0,340.90137,4.0,108.29477,20.012957,1.0,1.0,81.460365,22.382206,6.0,2.0,21.0,3.0,24.02318,4.449683,2.0,2.0,10.482741,-8.0,2.0,1.0,0.0,50.0,0.0
66.0,423.8126,20.240892,106.665695,25.0,0.0,0.0,92.0,-7.0,0.0048730113,6.0,24.0,1.0,27.234398,0.0,2.0,2.0,44.1762,-8.0,5.0,1.0,1.0,71.0,0.0
-9.0,-9.0,-9.0,-9.0,-9.0,-9.0,-9.0,-9.0,-9.0,-9.0,-9.0,-9.0,-9.0,-9.0,-9.0,-9.0,-9.0,-9.0,-9.0,-9.0,-9.0,-9.0,-9.0,0.0
-9.0,-9.0,-9.0,-9.0,-9.0,-9.0,-9.0,-9.0,-9.0,-9.0,-9.0,-9.0,-9.0,-9.0,-9.0,-9.0,-9.0,-9.0,-9.0,-9.0,-9.0,-9.0,-9.0,0.0
86.19086,297.0321,14.0,98.41523,17.0,0.0,0.0,100.0,-7.0,7.0,8.0,16.0,0.0,29.780174,0.0,0.0,0.0,13.0,-8.0,1.0,1.0,0.0,33.800884,0.0
73.92392,364.91452,8.0,65.80073,30.0,0.0,0.0,97.0,5.853998,4.0,6.0,31.0,0.15659554,36.801575,0.0,0.0,0.0,13.555286,72.42113,5.0,4.0,0.0,68.40085,0.0
72.1116,169.07086,2.0,44.997505,32.259502,0.0,0.0,93.79627,23.482,6.0,6.0,36.52397,5.0,40.6105,0.0,1.0,1.0,18.586502,97.13542,2.0,4.0,0.0,64.0,0.0
86.0,113.75772,20.516632,91.90244,20.0,0.0,0.0,100.0,-7.0,7.0,8.0,19.0,0.0,36.63572,0.0,1.0,1.0,19.154861,-8.0,8.0,2.0,0.0,71.0,0.0
68.0,144.50307,5.0,66.06618,11.0,0.0,0.0,90.0,21.5243,6.0,6.0,11.824901,1.0,19.0,-7.0,0.0,0.0,44.719902,3.489253,4.0,2.0,3.0,82.605644,0.0
75.0,243.9751,5.0,98.141815,14.269434,3.9063773,5.704009,77.85509,21.678915,6.0,5.0,16.0,2.0,14.0,0.0,2.0,2.0,15.9592085,49.276527,3.0,2.0,0.0,50.0,0.0
88.0,412.52505,16.776926,185.87833,12.0,0.0,0.0,97.0,-7.0,7.0,8.0,2.411571,0.0,12.986597,-8.0,0.0,0.0,1.0,-8.0,1.0,-8.0,0.0,46.8389,0.0
62.0,309.19464,7.0,110.74282,17.0,10.50843,9.754107,86.22043,37.40496,6.0,2.0,31.0,2.0,46.0,0.0,1.0,1.0,75.99483,43.290867,2.0,1.0,3.0,43.441757,0.0
84.38058,227.06897,26.145931,134.7448,14.28481,0.0,0.0,93.0,21.640345,5.116587,6.0,17.0,0.0,20.270554,-7.0,2.0,2.0,1.0,-8.0,2.0,1.0,0.0,26.967997,0.0
92.71725,397.14456,12.0,119.016014,19.0,0.0,0.0,100.0,-7.0,7.0,8.0,21.0,1.0,19.0,-8.0,0.0,0.0,2.0,-8.0,2.0,1.0,0.0,23.282988,0.0
89.0,288.412,27.200209,103.71401,10.0,0.0,0.0,100.0,-7.0,7.0,8.0,13.423499,0.0,23.0,2.0,1.0,1.0,0.9640632,-8.0,1.0,-8.0,0.0,50.0,0.0
55.82486,293.11325,6.0,86.0,21.0,2.0,1.0,94.34811,17.634333,4.0,5.992238,31.268682,3.0,33.0,0.0,0.0,0.0,84.85942,80.031395,6.0,3.0,1.0,79.29682,0.0
81.0,294.67752,6.0,87.17028,23.0,1.0,0.0,90.0,23.954914,6.0,5.0,30.0,4.0,18.0,-7.0,0.0,0.0,3.0069509,86.057304,2.0,2.0,0.0,40.621563,0.0
82.0,402.08508,16.322048,76.0,12.0,0.0,0.0,100.0,-7.0,7.0,8.0,7.9706497,1.0,20.0,-8.0,0.0,0.0,21.062813,-8.0,6.0,1.0,0.0,90.19655,0.0
76.615036,206.59622,4.0,63.69558,18.0,0.0,0.0,92.598015,2.7754962,6.0,6.0,20.0,2.0,77.400734,1.0,1.0,1.0,0.0,47.362453,1.0,2.0,0.0,50.0,0.0
49.492683,195.45752,8.0,76.97465,29.018343,0.0,0.0,89.4503,3.948953,6.0,6.0,32.0,3.0,22.0,0.0,2.0,2.0,93.8419,72.25806,13.396501,2.0,5.6895757,83.0,0.0
82.0,230.48262,2.9107904,112.85412,51.816437,0.0,0.0,100.0,-7.3241763,6.0,6.0,81.88103,2.0,27.0,0.0,2.0,2.0,0.0,74.15892,3.0,4.0,0.0,37.978935,0.0
80.0,163.38646,2.0,68.0,27.0,0.0,0.0,100.0,-7.0,7.0,8.0,30.318403,4.0,24.0,0.0,4.0,3.7295277,0.0,-8.0,4.0,1.0,0.0,26.359526,0.0
84.0,243.32333,17.525236,98.53337,21.0,0.0,0.0,97.0,40.888115,6.0,6.0,20.0,0.0,33.0,-7.0,0.0,0.0,11.0,63.751495,2.0,3.0,0.0,67.20306,0.0
67.02399,342.36273,3.0,116.25589,25.0,0.0,0.0,95.0,-7.0,0.16248107,6.0,29.0,4.0,37.98624,1.0,2.0,1.0,15.0,-8.0,4.0,2.0,1.0,50.0,0.0
80.0,149.10422,3.0,86.0,20.974731,0.0,0.0,100.0,-7.0,7.0,8.0,20.966816,3.0,14.0,3.0,1.0,1.0,3.0,-8.0,2.0,1.0,0.0,36.529697,0.0
75.0,138.54497,6.0,63.878613,10.0,0.0,0.0,100.0,-7.0,7.0,8.0,9.0,1.0,48.930004,0.0,0.0,0.0,59.369385,-8.0,2.0,2.0,1.6507132,91.17246,0.0
64.805534,203.15479,3.0,86.0,31.468159,2.0,2.0,100.0,-7.0,7.0,8.0,34.0,3.0,41.18742,-8.0,1.0,1.0,22.082314,88.59397,5.0,3.0,0.0,50.0,0.0
80.0,214.36351,2.0,90.0,39.0,0.0,0.0,100.0,-7.0,7.0,8.0,44.25283,2.0,35.0,0.0,3.0,3.0,16.478,46.854935,5.0,3.0,0.0,64.0,0.0
71.0,188.51749,5.0,30.593523,20.0,0.0,0.0,100.0,-7.0,7.0,8.0,23.0,6.0,21.861292,0.0,2.0802171,2.0,15.722675,80.0,4.0,2.0,0.0,60.0,0.0
73.0,198.58989,3.7449653,80.7749,36.068764,0.0,0.0,95.0,51.111298,6.0,6.0,29.0,1.0,12.456099,5.0,0.0,0.0,23.680391,-8.0,9.94764,1.0,2.0,47.111927,0.0
90.32851,287.57123,7.0,124.88153,21.0,0.0,0.0,100.0,-7.0,7.0,8.0,28.0,0.9886337,22.895267,4.844561,0.0,1.0,6.0,63.31985,2.0,2.0,0.0,50.0,0.0
72.0,165.45338,4.0,82.39751,29.0,0.0,0.0,89.0,6.0,6.0,6.0,28.0,3.0,19.0,0.0,0.0,0.0,29.83781,80.68583,6.0,2.0,0.0,50.0,0.0
79.0,235.47464,20.0,104.45497,8.0,0.0,0.0,100.0,-7.0,7.0,8.0,11.95349,0.0,26.0,0.0,0.0,0.0,64.700035,-8.0,4.0,1.0,1.0,75.0,0.0
62.20709,177.35999,4.717828,80.347984,8.0,2.3496652,1.0,1.8014935,25.00364,4.0,3.6728656,14.0,2.0,36.47131,5.0,0.0,0.0,62.610443,78.704384,1.0,1.0,0.0,78.51397,0.0
58.48467,278.45267,9.0,181.91504,21.0,1.0,1.0,82.6917,18.404644,4.0,5.0,31.0,0.0,24.69631,12.526161,1.0,1.0,55.040924,45.486454,3.0,3.0,1.0,79.83531,0.0
79.70122,217.35974,3.0,156.61905,13.0,0.0,0.0,100.0,-7.0,7.0,8.0,18.0,2.0,21.0,-7.0,2.0,2.0,36.0,-8.0,4.0,1.0,0.0,80.0,0.0
72.8925,73.109245,15.0,115.70216,18.0,1.3650959,1.1198092,89.0,27.417355,6.0,4.0,-9.0,0.0,16.709885,0.0,0.0,0.0,19.0,-8.0,4.0,1.0,0.0,100.0,0.0
82.0,153.13785,14.077172,59.74732,13.0,0.0,0.0,100.0,-7.0,7.0,8.0,14.869453,0.0,53.00386,4.0983343,2.0,1.0,0.0,90.97508,-9.0,3.0,0.0,15.534887,0.0
88.89285,112.587776,13.0,75.2893,9.0,0.0,0.0,100.0,-7.0,7.0,8.0,8.262617,0.0,71.39487,4.0,1.0,1.0,13.0,58.670925,1.0,1.0,0.0,50.0,0.0
88.0,171.31134,4.0,107.39065,20.58907,0.0,0.0,100.0,-7.0,7.0,8.0,18.0,1.0,39.0,0.0,0.0,0.0,5.0559006,93.0,2.0,2.0,0.0,87.412735,0.0
74.0,216.86588,10.0,88.13545,15.0,0.0,0.0,92.94578,47.976,6.0,6.0,18.0,1.0,38.0,2.0,0.0,0.0,68.98709,74.0199,3.0,3.0,0.0,100.0,0.0
64.660446,217.3753,2.0,106.543884,24.0,3.3648999,2.6392243,79.36813,38.35357,6.0,2.4832838,25.625557,2.0,26.705557,0.0,0.0,0.0,43.605213,-8.0,9.0,-8.0,1.0,75.0,0.0
89.0,326.0184,8.0,103.459496,32.0,0.0,0.0,100.0,-7.0,7.0,8.0,33.0,1.0,15.727035,0.877306,2.0,2.0,0.0,76.0,2.0,1.0,0.0,24.941923,0.0
76.092766,158.82436,-3.3443964,48.129566,21.0,0.0,0.0,100.0,-7.0,7.0,8.0,22.0,6.0,45.00493,0.0,3.0,3.0,4.231939,94.350494,2.0,2.0,0.0,48.835,0.0
63.13813,147.97475,3.0,72.07334,13.0,1.0,1.0,100.0,-7.0,4.0,8.0,21.0,2.0,18.0,-7.0,2.0,2.0,52.312202,-8.0,4.0,-8.0,2.0,57.0,0.0
81.0,319.83032,27.439034,130.10777,19.0,1.0841472,0.0,78.4393,15.214815,6.0,3.0,20.582249,0.0,45.504963,0.0,0.0,0.0,1.0,71.0,2.0,2.0,0.0,80.0,0.0
80.0,237.5745,9.0,90.44181,24.0,0.0,0.0,91.0,55.610146,6.0,6.0,14.5648,2.0,16.728771,-8.0,0.0,0.0,2.0,-8.0,4.0,1.0,0.0,50.0,0.0
73.0,141.67114,1.3463593,69.12552,33.0,0.0,0.0,96.0,0.7073478,4.0,6.0,33.0,5.0,41.0,3.0,2.0,2.0,15.0,82.0,4.0,3.0,0.0,50.0,0.0
79.704796,287.18106,2.0,80.0,29.92814,0.0,0.0,97.0,31.049065,6.0,6.0,32.0,6.0,13.445048,18.329767,0.0,0.0,5.0,-8.0,5.7943907,2.0,0.0,33.0,0.0
74.0,213.01833,8.0,92.0,25.0,0.0,0.0,100.0,-7.0,7.0,8.0,31.0,0.0,43.425674,11.5885315,0.0,0.0,40.680077,80.117836,6.0,2.0,1.0,80.0,0.0
80.0,173.0563,7.0,82.56232,-9.0,0.0,0.0,100.0,-7.0,7.0,8.0,3.970686,2.0,24.081602,0.0,1.0,1.8371947,52.523567,-8.0,4.0,-8.0,0.0,73.0,0.0
68.0,233.46738,1.0,65.45313,41.491295,1.0,0.0,90.0,7.2668004,6.0,6.0,47.19592,10.9605255,21.843344,-7.0,0.0,0.0,25.0,73.53888,7.0,2.0,0.0,40.0,0.0
62.575733,191.47617,2.0,88.53911,17.0,3.0,1.0,77.26259,5.887226,-0.8960321,2.0,27.518578,2.6032288,35.375607,0.0,4.8606634,4.0,21.51586,51.09251,3.0,2.0,0.0,60.0,0.0
69.0,170.34392,1.0,60.574978,18.0,0.0,0.0,95.0,25.034636,4.0,6.0,20.598303,3.0,37.383602,9.0,0.0,0.0,28.0,60.141293,6.0,3.0,1.0,75.0,0.0
71.0,177.94125,1.0,62.568584,27.0,0.0,0.0,92.165405,15.972332,6.0,6.0,22.0,6.332091,30.0,0.0,1.0,0.0,52.16529,58.06797,4.0,2.0,2.4339628,44.0,0.0
89.4447,235.26456,2.0,121.33985,14.0,0.0,0.0,100.0,-7.0,7.0,8.0,19.0,1.0,-9.0,-8.0,0.0,0.0,0.0,-8.0,1.0,-8.0,0.0,23.362616,0.0
83.0,201.50047,-9.0,84.0,29.49747,0.0,0.0,100.0,-7.0,7.0,8.0,37.0,1.0,20.0,0.0,2.0,2.0,4.0,-8.0,2.0,1.0,0.0,30.345469,0.0
77.48119,154.81383,23.69594,107.76545,23.0,0.0,0.0,94.0,21.408453,6.0,6.0,24.0,0.0,11.0,1.0,1.0,1.0,6.0,-8.0,4.0,1.0,0.0,50.0,0.0
70.0,404.3379,2.0,72.0,32.514442,0.0,0.0,97.0,1.0,3.4937952,6.0,39.547325,6.0,16.569979,0.0,2.0,2.0,6.0,100.0,6.0,2.0,0.0,31.23052,0.0
75.0,216.4315,3.0,95.26415,28.649544,0.0,0.0,100.0,-7.0,7.0,8.0,30.0,1.2346692,62.193188,0.0,0.0,0.0,49.375282,82.21306,4.0,5.0,1.0,82.66487,0.0
75.48739,189.81517,7.0,65.0,28.0,0.0,0.0,100.0,-7.0,7.0,8.0,28.202312,2.0441961,24.0,0.0,1.0,1.0,8.0,99.07382,3.7937994,4.0,0.0,33.72492,0.0
63.712482,372.95178,1.0,116.8259,24.0,0.0,0.0,85.702675,-1.7080278,3.0,6.0,31.0,1.0,33.0,0.0,2.0,2.0,66.098335,-8.0,5.0,2.0,2.0,67.0,0.0
70.49239,230.43767,6.865043,79.0,18.0,0.0,0.0,100.0,-7.0,7.0,8.0,17.0,1.0,46.0,-7.034804,0.0,0.0,102.59982,77.7039,3.0,4.753265,1.0,100.0,0.0
87.44835,210.57281,2.0,69.44319,34.0,0.0,0.0,100.0,-7.0,7.0,8.0,46.174805,3.0,41.798103,0.0,0.0,0.0,8.0,73.242195,4.0,2.0,0.0,75.0,0.0
71.0,275.96317,6.0,91.513885,32.14408,1.0,1.0,93.0,26.86183,6.0,6.0,30.924921,2.0,65.11813,10.952106,0.0,0.0,9.0,-8.0,2.0,2.0,0.0,43.0,0.0
73.037575,423.8796,3.0,117.47747,49.540306,0.0,0.0,100.0,-7.0,7.0,8.0,48.37167,3.0,0.0,0.0,2.0,2.0,54.32109,81.97363,8.0,2.0,2.0,69.98999,0.0
74.389824,132.96545,7.0,32.483624,24.386595,0.0,0.0,100.0,-7.0,7.0,8.0,22.0,5.0,43.390663,-7.0,1.0,1.0,22.84185,81.27166,7.073042,16.859783,0.0,75.0,0.0
-9.0,-9.0,-9.0,-9.0,-9.0,-9.0,-9.0,-9.0,-9.0,-9.0,-9.0,-9.0,-9.0,-9.0,-9.0,-9.0,-9.0,-9.0,-9.0,-9.0,-9.0,-9.0,-9.0,0.0
-9.0,-9.0,-9.0,-9.0,-9.0,-9.0,-9.0,-9.0,-9.0,-9.0,-9.0,-9.0,-9.0,-9.0,-9.0,-9.0,-9.0,-9.0,-9.0,-9.0,-9.0,-9.0,-9.0,0.0
81.0,225.69717,10.8633375,99.49641,32.0,0.0,0.0,95.0,57.019512,6.0,6.0,34.30246,0.0,17.0,0.0,0.0,0.0,1.8430777,-8.0,4.0,1.0,0.0,33.0,0.0
64.073296,137.1916,1.0,36.801346,29.0,0.0,0.0,94.0,6.7392874,4.0,6.0,31.0,5.0,67.03647,0.0,2.0,2.0,22.997223,91.0,3.0,20.94759,0.0,80.0,0.0
-9.0,-9.0,-9.0,-9.0,-9.0,-9.0,-9.0,-9.0,-9.0,-9.0,-9.0,-9.0,-9.0,-9.0,-9.0,-9.0,-9.0,-9.0,-9.0,-9.0,-9.0,-9.0,-9.0,0.0
72.91582,170.348,8.0,74.0,33.59229,1.0,0.0,96.0,54.297676,6.0,5.0,39.92345,1.0,66.130554,8.0,0.0,0.0,69.36695,84.28083,6.636177,2.2782419,0.0,89.23235,0.0
59.49445,187.38959,4.0,56.691795,12.0,2.0,3.1597602,88.0,21.75039,4.0,5.0,12.802023,1.9146277,37.90897,2.0,1.0,1.0,28.0,-8.0,5.0,1.0,0.0,80.0,0.0
91.714066,424.49326,27.980062,190.58656,14.243946,0.0,0.0,100.0,-7.0,7.0,8.0,12.0,0.0,14.0,0.0,1.0,1.0,1.0,-8.0,2.0,-8.0,0.0,44.0,0.0
75.0,190.00177,2.1591551,53.403736,11.071546,0.0,0.0,100.0,-7.0,7.0,8.0,14.0,2.0,40.0,0.0,4.0,4.0,9.0,89.88433,1.0,2.0,0.0,80.0,0.0
73.88145,82.403786,6.0,52.979164,40.40211,0.0,0.0,100.0,-7.0,7.0,8.0,46.341526,3.0,57.773865,0.0,2.0,2.0,60.82404,82.0,2.0,4.0,2.0,67.0,0.0
-9.0,-9.0,-9.0,-9.0,-9.0,-9.0,-9.0,-9.0,-9.0,-9.0,-9.0,-9.0,-9.0,0.0,-9.0,-9.0,-9.0,-9.0,-9.0,-9.0,-9.0,-9.0,-9.0,0.0
92.94829,200.40997,36.261044,121.9473,15.0,0.0,0.0,100.0,-7.0,7.0,8.0,20.0,0.0,37.212643,0.0,0.0,0.0,1.0,-8.0,1.0,1.0,0.0,40.0,0.0
79.0,341.412,15.0,96.45881,33.713818,0.0,0.0,100.0,-7.0,7.0,8.0,52.605785,0.0,22.0,0.0,3.0,3.0,3.0,-8.0,3.0,3.0,0.0,53.11938,0.0
62.66884,300.52438,2.0,75.95713,14.0,2.1860285,1.0,56.439568,3.4789386,6.0,2.0,18.0,1.0,15.0,-7.0,1.0,1.0,13.963377,88.0,1.0,2.0,0.0,50.0,0.0
57.60879,410.8451,6.0,71.0,18.0,1.0,0.0,75.05789,13.650156,4.0,4.0,16.0,2.0,11.0,0.0,3.0,3.0,40.918728,65.35506,7.6120896,1.0,3.0,67.0,0.0
71.0,57.973095,3.0,27.35427,18.265001,0.0,0.0,100.0,-7.0,7.0,8.0,20.0,2.0,17.0,-7.0,2.0,2.0,14.0,-8.0,5.0,1.0,1.0,50.0,0.0
86.0,151.32425,8.0,75.0,21.0,0.0,0.0,100.0,-7.0,7.0,8.0,17.0,0.0,28.0,-8.0,0.0,0.0,13.71337,46.03722,4.0,1.0,0.0,50.0,0.0
58.304195,193.27846,3.0,70.0,49.604767,0.0,0.0,95.97648,8.356163,6.0,6.0,46.3449,3.0,21.882051,-7.0,0.0,0.0,40.579044,71.1741,9.0,6.0,2.0,68.31403,0.0
83.31158,116.88363,12.0,100.0,18.0,0.0,0.0,92.0,72.388725,6.0,6.0,12.0,1.0,37.0,-8.541577,0.0,0.0,0.0,-8.0,3.4297342,1.0,0.0,71.0,0.0
87.0,32.691765,17.440044,58.547234,9.791672,0.0,0.0,100.0,-7.0,7.0,8.0,6.5833,0.0,59.536068,0.0,0.0,0.0,1.0,-8.0,1.0,-1.4400522,0.0,50.0,0.0
90.0,234.41632,11.0,273.55084,23.382418,0.0,0.0,100.0,-7.0,7.0,8.0,37.0,1.0,26.16772,0.0,2.0,1.0,2.9892683,9.283843,3.0,2.0,0.0,38.0,0.0
74.69948,187.28976,4.0,84.65278,57.124985,0.0,0.0,100.0,-7.0,7.0,8.0,60.53668,5.0,26.0,-7.0,1.0,1.0,32.0,59.70199,2.0,3.0,3.0,33.0,0.0
78.5433,206.75485,24.31741,98.81722,12.0,0.0,0.0,83.167694,29.809095,6.0,5.0,11.0,0.0,60.087128,0.0,0.0,0.0,0.0,31.353195,1.0,3.0,0.0,60.41249,0.0
-9.0,-9.0,-9.0,-9.0,-9.0,-9.0,-9.0,-9.0,-9.0,-9.0,-9.0,-9.0,-9.0,-9.0,-9.0,-9.0,-9.0,-9.0,-9.0,-9.0,-9.0,-9.0,-9.0,0.0
82.0,263.93723,8.0,149.43367,25.0,0.0,0.0,100.0,-7.0,7.0,8.0,27.883362,2.0,45.0,2.0,1.0,1.0,1.0,87.812065,2.0,1.0,0.0,35.221416,0.0
79.080086,151.87158,27.214815,76.208855,9.028108,0.0,0.0,100.0,-7.0,7.0,8.0,12.2548275,0.0,34.58303,0.0,0.0,0.0,28.582527,-8.0,2.0,1.0,1.0,100.0,0.0
77.0,26.789173,2.0,19.732681,16.46327,0.0,0.0,100.0,-7.0,7.0,8.0,18.0,2.0,52.871395,-7.0,1.0,1.0,15.0,84.789185,3.0,2.0,0.0,78.16377,0.0
-9.0,-9.0,-9.0,-9.0,-9.0,-9.0,-9.0,-9.0,-9.0,-9.0,-9.0,-9.0,-9.0,-9.0,-9.0,-9.0,-9.0,-9.0,-9.0,-9.0,-9.0,-9.0,-9.0,0.0
86.17743,201.58342,7.0,107.26453,14.0,0.0,0.0,100.0,-7.0,7.0,8.0,10.783319,2.0,22.0,0.0,4.5438485,4.0,1.0,-8.0,3.0,2.0,0.0,50.0,0.0
67.70453,80.64286,15.526134,63.0,17.0,0.0,0.0,91.37797,37.66675,6.0,6.0,19.0,0.0,31.304491,0.0,1.0,1.0,36.369812,-8.0,2.0,3.0,0.0,86.0,0.0
72.0,319.67404,5.0,100.98243,54.428993,0.0,0.0,100.0,-7.0,7.0,8.0,47.799892,2.9674711,19.0,0.0,9.493796,6.6587324,27.63799,-8.0,4.0,7.693329,2.0,44.0,0.0
85.0,164.14413,8.0,59.84367,13.0,0.0,0.0,100.0,-7.0,7.0,8.0,13.737094,1.0,11.84873,-4.958953,0.0,0.0,14.0,-8.0,2.0,1.0,0.0,52.415985,0.0
83.2066,250.8225,14.51536,166.73245,14.289865,0.0,0.0,100.0,-7.0,7.0,8.0,12.379638,0.0,14.0,0.0,1.0,1.0,33.072212,-8.0,3.0,-8.0,0.0,50.0,0.0
92.74529,477.8256,39.830288,311.25833,10.378357,0.0,0.0,100.0,-7.0,7.0,8.0,11.0,0.0,7.5881186,15.438977,0.0,0.0,3.0,-8.0,2.6721451,1.0,0.0,33.0,0.0
80.0,164.16557,40.687904,114.138466,10.0,0.0,0.0,100.0,-7.0,7.0,8.0,9.0,0.0,56.079464,-8.0,0.0,0.0,54.089367,-8.0,2.0,1.0,2.3278615,77.407555,0.0
82.0,388.08557,34.197178,129.76155,8.790381,0.0,0.0,88.51494,44.154556,6.0,4.0,11.774551,0.0,64.387924,23.292362,0.0,0.0,0.0,50.451134,-9.0,2.0,0.0,25.455189,0.0
70.0,371.2672,1.0,140.77686,4.5633206,1.0,1.0,100.0,-7.0,7.0,8.0,10.591435,1.0,21.431973,0.0,0.0,0.0,21.928087,-8.0,2.0,1.0,0.0,67.0,0.0
8.550212,173.12212,9.0,49.80967,26.0,0.0,0.0,92.0,-7.0,3.651055,6.0,25.0,2.0,27.0,1.5170655,0.0,0.0,69.018265,68.61373,5.0,2.0,0.0,47.265633,0.0
87.0,184.82965,8.0,97.796036,21.913935,0.0,0.0,100.0,-7.0,7.0,8.0,24.069536,1.0,20.0,5.6879563,0.0,0.0,19.0,57.594044,0.26407096,1.0,0.0,34.317715,0.0
71.0,108.6442,4.0,75.0,24.0,0.0,0.0,100.0,-7.0,7.0,8.0,23.0,3.0,29.0,0.0,0.0,0.0,39.475956,63.592175,9.983776,3.0,3.0,70.0,0.0
61.637672,353.62173,5.0,120.96127,38.837574,4.9924483,2.0,70.16872,11.350283,4.0,2.1241777,38.737843,2.0,60.682545,0.0,4.0,3.9411857,11.0,42.124283,11.0,4.0,0.0,82.06474,0.0
-9.0,-9.0,-9.0,-9.0,-9.0,-9.0,-9.0,-9.0,-9.0,-9.0,-9.0,-9.0,-9.0,-9.0,-9.0,-9.0,-9.0,-9.0,-9.0,-9.0,-9.0,-9.0,-9.0,0.0
73.0,139.9798,2.0,67.58594,28.0,0.0,0.0,95.0,-7.0,4.0,6.0,31.42309,1.0,32.289875,0.0,1.8528929,1.0911758,3.0,62.40795,3.0,2.0,0.0,62.84685,0.0
89.0,176.90245,45.05727,110.04621,17.0,0.0,0.0,100.0,-7.0,7.0,8.0,9.0,0.0,20.0,0.0,1.0,1.0,0.0,-8.0,1.0,1.0,0.0,28.395382,0.0
62.0,70.94141,8.499661,43.774464,11.765132,0.0,0.0,85.11265,16.781841,4.0,5.0,10.526157,2.0,13.0,2.9407148,0.0,0.0,44.181522,-8.0,4.0,1.0,1.0,100.0,0.0
87.0,179.92114,8.0,107.28463,19.0,0.0,0.0,100.0,-7.0,7.0,8.0,6.1436424,1.0,47.0,-7.0,0.0,0.0,1.0,11.852975,1.0,1.0,0.0,62.659508,0.0
75.2636,156.69765,4.0,46.988228,12.0,0.0,0.0,100.0,-7.0,7.0,8.0,5.1046185,3.0,41.0,0.0,1.0,1.0,44.07252,56.74394,3.0,2.0,0.0,80.0,0.0
80.054344,181.86292,7.0,80.64324,25.0,0.0,0.0,100.0,-7.0,7.0,8.0,28.0,1.0,38.0,12.0,0.0,0.0,40.92107,42.129192,2.0,2.0,1.0,50.0,0.0
84.0,87.51298,0.8868569,71.549255,15.0,0.0,0.0,100.0,-7.0,7.0,8.0,15.0,2.0,25.0,-7.0,1.0,1.0,8.951001,-8.0,2.0,-0.9735976,0.0,43.90873,0.0
83.0,141.01227,4.0,55.59886,19.0,0.0,0.0,100.0,-7.0,7.0,8.0,21.0,2.0,40.0,0.0,1.0,1.9753356,9.22201,-8.0,2.0,1.0,0.0,75.76146,0.0
77.0,169.0586,1.0,54.26882,40.889263,0.0,0.0,100.0,-7.0,7.0,8.0,43.0679,10.96006,22.802414,0.0,3.0,3.0,0.038345646,92.26015,4.0,3.0,0.0,47.761795,0.0
68.0,191.49759,1.0,57.807343,17.0,0.0,0.0,89.0,12.9089775,6.0,6.0,19.46346,4.0,22.0,0.0,3.0,2.0,38.09803,-8.0,4.0,2.6204288,4.9075236,47.60808,0.0
68.0,153.7793,0.2365603,85.26912,21.0,0.0,0.0,94.330246,29.939598,6.0,6.0,17.0,5.520391,33.0,3.0,1.0,1.0,45.69574,79.998604,3.0,11.194328,2.0,75.428665,0.0
83.0,284.91022,3.0,147.169,21.0,0.0,0.0,100.0,-7.0,7.0,8.0,20.0,1.0,24.0,6.945444,1.0,1.0,1.0,98.837395,2.0,2.0,1.0,50.0,0.0
74.0,318.5035,1.0,74.90552,36.284416,0.0,0.0,100.0,-7.0,7.0,8.0,45.191742,10.134178,19.0,0.0,4.0,3.8493052,15.940504,-8.0,4.0,2.0,0.0,71.0,0.0
75.0,152.34352,1.0,71.0,28.0,1.0,1.0,100.0,-7.0,7.0,8.0,29.81362,3.0,42.0,0.0,2.0,2.0,18.0,39.743835,2.0,2.0,0.0,45.10479,0.0
88.0,238.2864,28.690317,124.416145,26.0,0.0,0.0,100.0,-7.0,7.0,8.0,26.0,0.0,19.490124,-8.0,0.0,0.0,9.0,40.135292,3.0,2.0,0.0,60.629494,0.0
78.0,138.85548,8.0,81.59144,23.0,0.0,0.0,100.0,-7.0,7.0,8.0,23.0,3.0,20.0,0.0,2.0,1.5886552,19.0,60.510307,2.0,2.0,0.0,36.84883,0.0
82.0,213.04283,4.0,62.19904,13.0,0.0,0.0,100.0,-7.0,7.0,8.0,19.0,2.0,22.0,-7.0,2.0,2.0,1.8862925,-7.466416,4.0,2.0,0.0,50.0,0.0
70.0,152.36462,4.0,75.23219,25.0,0.0,0.0,86.859,-7.0,4.0,5.0,38.0,6.0,20.711992,8.683924,0.0,0.0,23.994177,48.573338,5.0,3.0,1.0,40.0,0.0
83.0,230.75351,2.0,114.53088,34.050117,0.0,0.0,100.0,-7.0,7.0,8.0,30.03253,4.873552,20.0,-7.0,2.0,2.0,1.0,-8.0,3.0,1.0,0.0,25.0,0.0
70.0,143.55551,1.0,71.2599,22.0,0.0,0.0,100.0,-7.0,7.0,8.0,19.469933,2.0,33.0,7.0,2.0,2.0,59.63693,-8.0,9.0,2.0,3.0,88.0,0.0
75.0,202.92647,21.743706,96.85386,31.0,0.0,0.0,100.0,-7.0,7.0,8.0,30.0,0.0,21.818645,-8.0,0.0,0.0,19.140049,-8.0,5.0,-8.0,1.0,33.0,0.0
80.37063,305.0076,1.0,68.0,39.701736,0.0,0.0,97.0,19.48757,6.0,6.0,47.802456,4.0,13.910731,0.0,4.0,4.0,4.658639,-8.0,4.0,1.0,0.0,43.318153,0.0
88.0,394.65915,5.0,170.29628,37.53988,0.0,0.0,100.0,0.61693114,6.0,6.0,46.56614,2.0,24.27435,0.0,0.0,0.0,1.0,-8.0,4.0,1.0,0.0,39.73989,0.0
80.0,205.6519,6.0,137.64839,28.0,0.0,0.0,100.0,-7.0,6.0,8.0,15.615912,1.0,25.0,0.0,1.0,1.0,4.0,84.00894,5.0,4.5059795,0.0,57.0,0.0
82.0,124.02153,30.323198,94.69575,13.0,0.0,0.0,100.0,-7.0,7.0,8.0,10.568729,0.0,33.0,1.0838364,0.0,0.0,19.830448,-8.0,1.0,1.0,0.0,50.0,0.0
72.0,152.95694,3.0,71.71782,28.0,0.0,0.0,100.0,-7.0,7.0,8.0,35.0,3.0,30.0,-7.0,1.0,1.0,30.888168,99.10364,4.0,3.0,2.0,50.0,0.0
80.0,76.33089,6.0,66.404655,19.0,0.0,0.0,96.0,39.466457,6.0,6.0,21.0,1.0,29.0,-8.0,0.0,0.0,13.755003,-8.0,4.0,2.0,0.0,69.25761,0.0
75.0,173.45117,3.0,66.04786,11.0,0.0,0.0,88.0,8.259359,6.0,6.0,12.0,2.0,18.0,0.0,1.0,1.0,13.0,-8.0,5.0,2.0,1.0,100.0,0.0
73.0,130.90932,2.0,58.85626,24.0,0.0,0.0,95.0,-7.0,3.0,6.0,26.730373,4.0,61.90883,13.86737,0.0,0.0,2.0,88.76457,1.0,5.0,0.0,67.0,0.0
68.0,263.37466,4.0,58.0,17.474148,0.0,0.0,79.48047,38.319916,6.0,6.0,20.0,1.7034613,32.33279,0.0,0.0,0.0,51.65341,84.015755,3.0,3.0,0.0,83.0,0.0
65.257286,321.94708,3.0,95.12331,39.082253,1.0,0.0,83.83228,13.513114,6.0,5.139994,36.418797,2.0,23.019848,0.0,2.0,2.0,28.0,99.933846,10.8407545,5.0,0.0,73.64965,0.0
66.0,196.56102,5.0,116.68562,10.987007,1.0,0.0,82.70001,25.618425,6.0,5.0,11.0,1.0,21.0,0.0,2.0,1.8122443,27.670013,75.35904,4.0,1.0,0.0,60.0,0.0
88.0,203.70146,2.0,92.40782,19.332932,0.0,0.0,100.0,-7.0,7.0,8.0,12.0,1.0,48.938656,-7.0,1.0,0.0,0.41617867,50.737614,2.0,3.0,0.0,90.56603,0.0
82.0,83.57953,3.0,79.18861,13.0,0.0,0.0,100.0,-7.0,7.0,8.0,15.0,2.0,64.280136,-7.0,3.0,2.34586,8.0,-8.0,2.0,2.0,0.0,50.0,0.0
80.0,85.535,20.0,101.54797,15.706921,0.0,0.0,95.0,3.0,6.0,6.0,18.0,0.0,28.0,0.0,1.0,1.0,1.0,67.47849,3.0,2.0,0.0,63.330315,0.0
77.15996,181.06268,4.0,94.0,44.16558,0.0,0.0,100.0,-7.0,7.0,8.0,39.6242,2.0,46.0,0.0,0.0,0.0,43.634415,-8.0,5.0,4.0,0.0,86.0,0.0
82.0,127.709854,9.837696,93.157875,6.969426,0.0,0.0,83.75494,13.605857,6.0,6.0,7.0,1.0,56.476562,-8.0,0.0,0.0,29.359232,89.654205,1.0,1.0,0.0,80.0,0.0
78.0,90.7906,3.0,45.034275,25.0,0.0,0.0,98.0,-7.439346,6.0,6.0,31.0,1.0,35.0,0.0,4.0,4.1584764,16.0,84.02323,2.0,4.0,0.0,57.0,0.0
76.0,126.054115,5.0,76.0,12.0,2.0,0.0,85.21905,15.837577,6.0,2.0,13.0,2.0,35.41481,0.0,1.0,1.0,5.0,92.06995,2.0,2.0,0.0,50.0,0.0
68.0,296.87378,22.490387,140.04248,17.425177,0.0,0.0,94.0,26.49677,6.0,6.0,16.0,0.0,52.951366,2.0,2.0,2.0,74.24022,-8.0,5.0,1.0,2.0,77.20688,0.0
66.0,186.07756,40.59465,122.79263,24.0,0.0,0.0,95.0,26.292568,6.0,6.0,27.0,0.0,31.518824,0.0,2.0,2.0,76.1312,-8.0,4.0,2.0,2.0,75.0,0.0
86.0,326.61853,18.429876,103.908516,11.967579,0.0,0.0,100.0,-7.0,7.0,8.0,7.7071533,0.0,-8.088519,12.455384,0.0,0.0,1.0,-8.0,1.0,-8.0,0.0,28.140457,0.0
75.0,434.23093,2.0,118.111275,26.837564,0.0,0.0,96.0,79.7346,6.0,6.0,25.0,1.0,52.120266,8.0,0.0,0.0,51.609337,-8.0,5.979866,1.0,2.0,79.22301,0.0
86.0,196.98843,3.4000936,71.0,17.0,0.0,0.0,100.0,-7.0,7.0,8.0,16.0,1.0,21.0,6.0,1.0,1.0,2.0,-8.0,1.0,2.0,0.0,29.500984,0.0
88.0,429.82834,5.0,81.16888,17.0,0.0,0.0,100.0,-7.0,7.0,8.0,15.0,1.0,50.0,0.0,2.0,1.8302535,24.58701,-8.0,4.0,3.0,0.0,80.0,0.0
67.00802,172.4954,11.0,79.0,16.861101,0.0,0.0,100.0,-7.0,7.0,8.0,16.0,0.0,37.93659,0.0,2.0,1.7960848,93.10185,84.41484,7.0,2.0,2.0,100.0,0.0
85.0,132.44489,11.0,92.0,26.0,0.0,0.0,100.0,-7.0,7.0,8.0,20.170109,1.0,14.0,-7.0,2.0,1.1504142,11.20484,-8.0,3.0,2.0,0.0,75.0,0.0
89.0,306.989,27.078999,168.5606,17.0,0.0,0.0,100.0,-7.0,7.0,8.0,11.424498,0.0,21.0,0.0,0.0,0.0,0.0,-8.0,2.0,-8.0,0.0,37.25457,0.0
72.0,176.95528,7.622633,66.29251,18.0,0.0,0.0,100.0,-7.0,7.0,8.0,24.550604,1.0,23.873913,7.0,0.0,0.0,34.69528,80.0,7.0,2.0,3.5985305,82.2794,0.0
72.0,139.86728,-9.0,37.62767,18.0,0.0,0.0,92.0,16.147165,6.0,6.0,27.0,5.0,42.0,0.0,3.0,3.0,13.664977,68.95712,2.0,2.0,1.0,17.703876,0.0
86.0,266.34268,9.0,80.68753,18.0,0.0,0.0,100.0,-7.0,7.0,8.0,16.0,1.0,18.572748,0.0,1.0,1.0,6.0,79.86695,2.0,2.0,0.0,57.057846,0.0
78.0,160.92831,10.772413,67.6632,13.035809,0.0,0.0,100.0,-7.0,7.0,8.0,13.0,2.0,35.0,2.0,0.0,0.0,42.493702,66.11685,3.0,2.0,1.0,100.0,0.0
71.0,142.36772,7.0,72.0,71.0742,2.0,0.0,91.526115,10.373035,6.0,2.40741,62.462616,2.0,25.0,2.0,2.0,2.0,11.674345,32.265602,10.713091,4.0,0.0,50.0,0.0
70.99912,73.90931,3.4575615,52.839314,14.0,0.0,0.0,100.0,-7.0,7.0,8.0,11.547858,1.0,29.0,-8.0,0.0,0.0,89.66321,90.96211,2.0,2.0,3.986753,100.0,0.0
80.0,176.30655,4.0,68.0,36.921356,0.0,0.0,100.0,-7.0,7.0,8.0,37.0,2.0,22.0,-7.0,1.0,1.0,13.223415,85.85652,5.0,4.0,1.0,50.0,0.0
89.0,155.42482,13.062557,83.472855,14.0,0.0,0.0,100.0,-7.0,7.0,8.0,20.805977,0.0,35.14455,-7.0,1.0,1.6418409,6.0,-8.0,1.0,-1.8725308,0.0,100.0,0.0
63.0,204.85194,22.327513,91.260475,36.54346,1.1215247,0.0,89.0,14.574053,6.0,2.0343437,40.5006,0.0,20.410213,0.0,1.0,1.3462698,57.80592,-8.0,13.147882,3.0,8.994586,75.0,0.0
79.0,206.62216,5.0,95.37336,15.471381,0.0,0.0,100.0,-7.0,7.0,8.0,17.222242,1.0,25.776472,-7.0,0.0,0.0,9.0,76.0,2.0,2.0,0.0,100.0,0.0
-9.0,137.46985,29.769938,65.01755,9.349078,4.566951,3.964175,49.634254,4.714221,6.0,2.0,7.8247657,0.0,73.600555,0.0,1.0,1.0,-5.7585077,-8.0,-9.0,2.0,-9.0,78.0,0.0
-9.0,-9.0,-9.0,-9.0,-9.0,-9.0,-9.0,-9.0,-9.0,-9.0,-9.0,-9.0,-9.0,-9.0,-9.0,-9.0,-9.0,-9.0,-9.0,-9.0,-9.0,-9.0,-9.0,0.0
87.0,152.19482,17.0,108.89929,12.0,0.0,0.0,100.0,-7.0,7.0,8.0,-3.1319585,0.0,70.74858,13.804139,0.0,0.0,0.44820592,-8.0,3.0,1.0,0.0,100.0,0.0
75.0,188.68192,28.70675,71.0,18.0,0.0,0.0,100.0,-7.0,7.0,8.0,30.0,0.0,12.640812,8.0,1.0,1.0,57.2011,-8.0,6.0,2.0,2.0,80.0,0.0
63.370445,107.63149,8.0,70.33898,10.0092535,2.0,2.0725865,72.97312,58.369694,6.0,3.0,12.523391,1.0,27.0,0.0,4.0,4.0,111.36713,-8.0,3.0,1.0,3.976458,100.0,0.0
78.83715,142.95145,3.0,63.242928,17.0,0.0,0.0,88.0,67.95318,6.0,6.0,10.966214,3.0,20.0,0.0,3.0,3.0,13.0,-8.0,4.0,1.0,1.0,75.0,0.0
71.36038,-8.780688,5.0,16.018045,8.963668,0.0,0.0,100.0,-7.0,7.0,8.0,6.831103,2.0,25.191935,-7.0,2.0,1.0,14.0,34.511147,3.0,1.0,0.0,50.0,0.0
-9.0,-9.0,-9.0,-9.0,-9.0,-9.0,-9.0,-9.0,-9.0,-9.0,-9.0,-9.0,-9.0,-9.0,-9.0,-9.0,-9.0,-9.0,-9.0,-9.0,-9.0,-9.0,-9.0,0.0
79.0,221.20125,18.757935,77.42581,16.0,1.0,0.0,89.0,26.288069,6.0,5.0,17.0,0.0,23.664368,0.0,0.0,0.0,12.41721,-8.0,1.0,1.0,0.0,32.793816,0.0
72.0,385.6932,6.0,140.35352,32.0,1.2426305,0.0,93.0,10.437291,5.0,5.855876,43.85312,1.0,84.320206,0.0,4.862676,4.4228177,2.0,12.159914,2.0,20.366714,0.0,75.0,0.0
81.0,138.22736,5.0,56.772633,28.0,0.0,0.0,100.0,-7.0,7.0,8.0,28.0,2.0,27.137514,0.0,1.0,1.0,12.872266,62.91836,4.0,3.0,0.0,47.081093,0.0
81.0,210.9556,-0.8734637,78.06728,25.0,0.0,0.0,95.71784,80.12198,6.0,6.0,24.222708,2.0,21.65485,3.0,1.0,1.0,9.0,76.770676,2.0,2.0,0.0,54.878777,0.0
62.344265,81.75098,7.0,63.642242,15.0,2.0,1.0,89.45069,29.425814,5.0,2.5144324,20.0,3.4631581,37.53761,1.0,3.0,3.0,53.957962,73.51664,2.0,2.0,0.0,75.0,0.0
59.62662,147.17038,13.0,115.51654,12.6220455,3.9681144,2.5620518,68.892334,2.0,3.3859503,2.0,24.0,1.0,28.0,-8.0,0.0,0.0,57.110096,-8.0,5.0,1.0,2.0,100.0,0.0
80.0,276.39438,14.207136,114.94176,21.0,0.0,0.0,100.0,-7.0,7.0,8.0,20.80358,0.0,42.0,2.0,0.0,0.0,24.346813,80.0,1.0,5.0860105,0.0,100.0,0.0
-9.0,-9.0,-9.0,-9.0,-9.0,-9.0,-9.0,-9.0,-9.0,-9.0,-9.0,-9.0,-9.0,-9.0,-9.0,-9.0,-9.0,-9.0,-9.0,-9.0,-9.0,-9.0,-9.0,0.0
81.0,206.92053,7.0,70.35887,22.0,0.0,0.0,94.0,68.28107,6.0,5.0,26.0,1.0,23.0,0.0,1.0,0.0,23.060865,-8.0,4.0,1.0,1.0,100.0,0.0
67.0,194.61818,4.0,59.059982,23.0,1.0,0.0,92.0,21.345457,6.0,5.0,25.0,6.73711,54.83157,0.0,0.0,0.0,55.455654,20.861805,7.0,7.9780374,3.5678306,89.69563,0.0
68.0,334.29626,3.0,84.0,23.0,0.0,0.0,83.99201,4.0,6.0,6.0,28.0,3.0,20.0,7.0,1.0,1.0,22.948051,-8.0,3.0,1.0,0.0,33.0,0.0
88.0,370.40973,29.24963,130.1695,8.646462,0.0,0.0,100.0,-7.0,7.0,8.0,8.434273,0.0,36.0,-8.057154,0.0,0.0,13.407943,18.603443,1.0,1.0,0.0,50.0,0.0
82.0,139.65634,26.259089,76.0,12.0,0.0,0.0,100.0,-7.0,7.0,8.0,8.0,0.0,52.167522,0.0,0.0,0.0,25.549688,-8.0,2.0,1.0,0.0,78.0,0.0
69.991,271.8426,10.616325,89.121056,22.0,0.0,0.0,92.0,3.8339155,4.0,6.0,25.249926,1.0,58.634743,0.0,0.0,0.0,27.770432,-8.0,6.0,4.0,0.0,100.0,0.0
69.0,232.4256,15.707214,132.97696,19.095661,1.0,1.0,89.0,13.880742,6.0,5.0,19.0,0.0,10.928697,0.0,0.0,0.0,62.54142,-8.0,8.20717,1.0,2.0,75.0,0.0
80.0,275.05722,6.0,84.6727,34.73542,0.0,0.0,100.0,-7.0,7.0,8.0,42.336082,1.0,21.0,0.0,0.0,0.0,19.0,43.25526,6.0,1.0,1.0,67.0,0.0
78.0,291.86728,5.0,87.97515,25.0,0.0,0.0,91.0,69.3868,6.0,6.0,24.0,2.0,33.0,3.0,0.0,0.0,83.47283,-8.0,2.0,2.0,0.0,64.0,0.0
88.0,178.66768,20.351812,147.29936,18.674631,0.0,0.0,100.0,-7.0,7.0,8.0,17.0,0.0,20.0,0.0,0.0,0.0,3.7525392,-8.0,4.0,1.0,0.0,54.045174,0.0
69.0,216.76465,5.0,79.24612,21.0,3.0,2.0,88.66657,6.0,4.0,5.0,19.0,2.0,23.685337,0.0,0.0,0.0,17.796095,-8.0,4.0,3.0,0.0,60.0,0.0
65.30798,162.199,5.0,61.0,39.0,0.0,0.0,100.0,-7.0,7.0,8.0,37.982113,2.0,28.0,0.0,1.0,1.0,70.22373,63.941936,6.0,2.0,7.5612473,63.0,0.0
87.0,273.31113,31.401478,76.64574,26.629423,0.0,0.0,100.0,-7.0,7.0,8.0,24.226662,0.0,7.4252186,0.0,0.0,0.0,4.841739,-8.0,1.0,1.0,0.0,38.0,0.0
-9.0,-9.0,-9.0,-9.0,-9.0,-9.0,-9.0,-9.0,-9.0,-9.0,-9.0,-9.0,-9.0,-9.0,-9.0,-9.0,-9.0,-9.0,-9.0,-9.0,-9.0,-9.0,-9.0,0.0
56.792892,182.65178,2.0,94.0,30.015886,0.0,0.0,92.0,8.858773,4.0,6.0,35.26437,2.0,49.84471,0.0,2.0,2.0,58.01242,83.648476,9.0,2.0,2.0,77.93643,0.0
80.0,179.80165,2.0,68.07535,28.0,0.0,0.0,94.0,24.457893,6.0,6.0,25.711971,2.0,34.581104,9.0,0.0,0.0,9.0,74.641266,3.0,2.0,0.0,57.0,0.0
80.0,147.56958,4.0,71.0,19.227314,0.0,0.0,100.0,-7.0,7.0,8.0,18.0,2.0,53.08587,5.0,0.0,0.0,26.43865,51.550682,4.0,2.0,0.0,91.13024,0.0
84.0,242.40324,2.0,90.0,24.0,0.0,0.0,100.0,-7.0,7.0,8.0,19.769608,2.0,25.0,0.0,1.0,1.0,2.5385852,-8.0,3.0,3.0,0.0,54.66453,0.0
70.0,195.49371,9.0,81.0,21.0,0.0,0.0,100.0,-7.0,7.0,8.0,22.0,0.0,33.0,0.0,2.0,2.0,29.621456,99.98779,4.0,4.0,0.0,86.0,0.0
-9.0,-9.0,-9.0,-9.0,-9.0,-9.0,-9.0,-9.0,-9.0,-9.0,-9.0,-9.0,-9.0,-9.0,-9.0,-9.0,-9.0,-9.0,-9.0,-9.0,-9.0,-9.0,-9.0,0.0
77.0,119.37063,3.0,102.70313,15.0,0.0,0.0,100.0,-7.0,7.0,8.0,15.0,1.0,29.0,0.0,0.0,0.0,59.707077,93.043816,2.0,3.0,0.0,77.18686,0.0
82.05497,125.66715,4.0,134.23108,40.594444,0.0,0.0,100.0,-7.0,7.0,8.0,9.0,4.0,11.0,-8.0,0.0,0.0,10.0,-8.0,6.0,2.0,0.0,57.0,0.0
70.42339,243.9226,3.0,81.0,19.45115,0.0,0.0,91.0,59.494198,6.0,6.0,24.0,8.486671,38.44666,0.0,4.0,4.0,41.898125,80.0,2.0,3.0,0.0,80.0,0.0
82.0,306.16486,4.0,68.46306,39.0,0.0,0.0,100.0,-7.0,7.0,8.0,39.069702,2.0,17.257116,14.9686775,0.0,0.0,4.0,58.94441,6.0,3.0,0.0,50.0,0.0
85.0,-9.0,4.0,71.0,21.0,0.0,0.0,100.0,-7.0,7.0,8.0,22.0,1.8179084,28.0,-7.0,0.0,0.0,12.598759,50.963634,3.0,1.0,0.0,54.94574,0.0
70.0,147.1913,2.0,42.53091,23.0,0.0,0.0,100.0,-7.0,7.0,8.0,26.123987,3.0,21.41898,0.0,4.0,3.0,33.738613,85.25897,6.626456,5.0,1.7575494,72.46734,0.0
79.0,251.48393,7.4954066,65.0,30.0,0.0,0.0,96.0,55.25799,6.0,6.0,35.0,0.0,20.66767,-8.0,0.0,0.0,25.0,-8.0,5.0,1.0,0.0,50.0,0.0
90.28517,258.24338,26.55798,271.40356,27.0,0.0,0.0,100.0,-7.0,7.0,8.0,27.0,0.0,18.0,-8.0,0.0,0.0,0.0,-8.0,3.0,1.0,0.0,43.0,0.0
78.0,188.57228,4.0,72.54028,23.0,0.0,0.0,90.0,31.61987,6.0,6.0,28.0,3.0,44.202938,6.4587,2.0,1.5701572,13.167568,86.41484,1.2690878,3.0,0.0,67.0,0.0
78.0,187.70815,1.0,74.0,19.0,0.0,0.0,100.0,-7.0,7.0,8.0,28.0,5.4962645,29.0,0.0,6.1151924,6.2221217,4.889741,-8.0,3.0,-8.0,0.0,40.0,0.0
75.89543,488.90366,20.793432,154.61272,9.0,0.0,0.0,65.02986,42.06497,6.0,5.0884295,12.0,0.0,33.028595,-8.0,0.0,0.0,5.017402,32.72077,1.0,2.0,0.0,45.25096,0.0
58.24853,196.2618,4.0,102.26065,39.523705,0.0,0.0,90.42888,6.0,6.0,6.0,33.0,3.0,31.0,1.0,3.0,2.0,25.23976,76.38956,10.524198,6.0,1.0,67.0,0.0
78.0,165.66533,30.607983,105.08405,16.857222,0.0,0.0,93.0,76.86195,6.0,6.0,17.0,0.0,21.0,0.0,2.0,1.9467813,13.216847,73.540436,6.0,1.0,0.0,81.52854,0.0
64.03668,219.45975,7.0,100.08813,39.22385,3.6014495,3.480284,95.0,10.97076,4.0,5.0,39.779522,1.0,45.305157,2.0,4.0,3.2246418,51.313293,-8.0,3.0,2.0,2.0,79.33685,0.0
63.44573,140.08513,1.0,66.12925,28.0,1.9412177,1.0,91.772026,29.176575,6.0,5.0,34.532257,5.0,20.0,0.0,3.0,3.0,36.166405,51.057705,11.0,3.0,2.0,67.0,0.0
85.0,170.31683,10.0,75.24752,29.0,0.0,0.0,100.0,-7.0,7.0,8.0,37.317528,0.0,36.766582,13.08026,0.0,0.0,4.517024,-8.0,1.0,1.0,0.0,35.005585,0.0
81.0,66.64993,6.0,37.098446,15.0,0.0,0.0,100.0,-7.0,7.0,8.0,17.0,3.0,29.0,4.0,0.0,0.0,28.751026,71.0,2.0,2.0,0.0,55.38875,0.0
83.0,188.5292,2.0,70.0,13.0,0.0,0.0,100.0,-7.0,7.0,8.0,18.0,4.0,32.0,5.8579445,0.0,0.0,1.0,53.7787,2.0,3.0,1.0,60.0,0.0
82.43494,244.30225,9.0,91.50169,25.0,0.0,0.0,91.0,71.37282,6.0,6.0,32.201115,2.0,82.16695,0.0,1.0,1.0,8.0,82.0,2.0,6.0,0.0,100.0,0.0
73.0,158.49524,3.0,93.82686,-9.0,0.0,0.0,85.54575,50.327328,6.0,6.0,-4.2327247,1.0,54.106133,-7.0,0.0,0.0,0.0,-8.0,0.38895747,1.0,-9.0,70.089424,0.0
82.0,-9.0,27.772215,80.0,15.0,0.0,0.0,100.0,-7.0,7.0,8.0,3.964687,0.0,13.999567,0.0,2.0,1.0,12.0,-8.0,3.0,-8.0,0.0,33.0,0.0
88.689514,426.95755,8.0,138.369,14.0,0.0,0.0,100.0,-7.0,7.0,8.0,16.0,1.0,11.201418,-7.0,0.0,0.0,6.0,-8.0,4.0,1.0,0.0,40.0,0.0
66.0,295.74078,15.0,115.25718,17.909605,1.0,1.0,84.642715,10.402973,6.0,5.0,21.939373,0.0,50.40748,-7.0,1.0,1.0,50.186096,61.85767,3.0,7.7313366,0.0,83.0,0.0
71.0,150.87764,7.0,34.621056,20.0,0.0,0.0,100.0,-7.0,7.0,8.0,37.36357,3.0,36.0,0.0,0.0,0.0,62.203365,82.0,3.0,2.0,0.0,55.264553,0.0
70.0,62.95775,31.119844,55.457447,13.0,0.0,0.0,100.0,-7.0,7.0,8.0,9.0,0.0,67.2225,-8.0,0.0,0.0,45.01334,44.07696,2.0,3.0,0.0,100.0,0.0
83.0,227.2557,7.7522497,112.85342,14.639401,0.0,0.0,100.0,-7.0,7.0,8.0,18.088049,1.0,21.0,2.0,2.0,2.0,5.0,-8.0,2.0,2.0,0.0,63.0,0.0
74.3896,263.03955,4.0,114.59593,20.0,1.0,0.0,88.0,21.17903,6.0,5.9072,24.0,1.0,28.0,-8.0,0.0,0.0,36.0,45.171055,2.0,1.0,0.0,50.0,0.0
79.0,392.52682,8.0,134.58247,36.459263,0.0,0.0,86.052666,10.649029,6.0,6.0,43.82379,1.0,24.473,18.38236,0.0,0.0,11.424441,-8.0,4.0,1.0,0.0,27.123438,0.0
88.0,334.31805,26.349354,87.03072,33.0,0.0,0.0,95.0,26.080427,6.0,6.0,32.0,0.0,36.0,0.0,0.0,0.0,2.0,-8.0,4.0,1.0,0.0,46.67197,0.0
81.0,248.21667,3.8603241,57.66156,34.687473,0.0,0.0,100.0,-7.0,7.0,8.0,34.829323,3.260957,13.655369,0.0,0.0,0.0,12.0,60.72499,8.0,2.0,0.0,46.361958,0.0
88.0,417.1086,6.0,96.33574,33.0,0.0,0.0,100.0,-7.0,7.0,8.0,48.85436,4.0,20.954811,2.0,2.0,2.0,3.1641998,-8.0,4.0,2.0,0.0,40.64525,0.0
-9.0,136.58624,7.0,59.787678,-4.200602,2.0,2.0,49.996986,4.9081435,4.0,5.0,7.719487,1.0,24.0,-7.0,1.0,1.0,26.248533,-8.0,1.0,1.0,0.0,44.0,0.0
83.0,140.84871,8.0,74.0,15.0,2.0,0.0,86.44003,34.000248,6.0,3.0,13.981662,1.0,39.0,-7.0,1.0,1.0,0.0,-8.0,2.0,2.0,0.0,64.0,0.0
91.0,139.39597,64.58233,94.0,7.0,0.0,0.0,100.0,-7.0,7.0,8.0,7.6832905,0.0,42.0,-7.0,0.0,0.0,2.584737,77.912315,3.0,1.0,0.0,100.0,0.0
84.0,76.04477,15.0,90.7664,-9.0,0.0,0.0,100.0,-7.0,7.0,8.0,11.0,1.0,19.0,0.0,0.0,0.0,41.473957,-8.0,2.0,1.0,0.0,100.0,0.0
-9.0,-9.0,-9.0,-9.0,-9.0,-9.0,-9.0,-9.0,-9.0,-9.0,-9.0,-9.0,-9.0,0.0,-9.0,-9.0,-9.0,-9.0,-9.0,-9.0,-9.0,-9.0,-9.0,0.0
70.0,225.87296,9.0,75.91112,18.0,0.0,0.0,100.0,-7.0,7.0,8.0,20.0,2.0,35.0,0.0,1.0,1.0,59.344734,-8.0,2.0,1.0,1.0,75.0,0.0
77.0,294.3823,20.159914,108.79442,29.0,0.0,0.0,93.04618,1.7625064,4.0,6.0,27.0,0.0,44.821995,0.0,0.0,0.0,1.0,96.7044,2.0,3.272112,0.0,50.0,0.0
89.0,177.87679,2.0,105.34837,19.0,0.0,0.0,100.0,-7.0,7.0,8.0,23.0,2.0,19.716448,-7.0,0.0,0.0,7.5578775,-8.0,4.0,1.0,0.0,69.70587,0.0
74.0,119.53573,3.0,61.0,20.0,0.0,0.0,97.0,21.804855,6.0,6.0,10.980734,2.0,17.561052,0.0,1.0,1.0,13.767524,85.088264,4.0,2.0,0.0,50.0,0.0
83.0,320.73276,33.745026,157.14645,12.385388,0.0,0.0,88.0,34.207912,6.0,6.0,19.0,0.0,-9.0,0.0,1.0,1.0,4.8698835,-8.0,3.0,-8.0,0.0,100.0,0.0
81.0,255.54593,8.0,102.12665,33.0,0.0,0.0,100.0,-7.0,7.0,8.0,36.621307,1.0,19.872234,21.800812,0.0,0.0,12.0,-8.0,5.0,2.0,0.0,51.056137,0.0
75.0,162.75949,1.0,65.0,56.95992,1.0,1.0,94.0,45.989563,6.0,2.0,57.56111,2.0,27.566961,-7.0,0.0,0.0,6.0,-8.0,3.0,1.0,0.0,33.0,0.0
76.0,326.7879,63.284233,186.5145,22.0,0.0,0.0,83.01028,33.02393,6.0,5.88123,15.0,0.0,24.0,13.098508,0.0,0.0,28.010273,-8.0,4.0,1.0,0.0,63.0,0.0
88.873375,194.62883,16.0,111.547806,33.0,0.0,0.0,100.0,-7.0,7.0,8.0,54.631237,0.0,27.0,21.934294,1.0,1.0,1.0,-8.0,2.0,3.0,0.0,80.0,0.0
78.96649,75.98676,3.0,42.62846,19.0,0.0,0.0,100.0,-7.0,7.0,8.0,21.0,2.0,33.689415,4.0,1.0,1.0,15.0,90.12613,2.0,4.8499255,1.0,60.0,0.0
89.0,194.78314,3.0,144.5766,24.0,0.0,0.0,100.0,-7.0,7.0,8.0,33.0,1.0,-3.5570056,3.0,1.0,1.0,1.0,98.37925,2.0,1.0,0.0,27.359282,0.0
79.49315,304.72388,18.463741,191.07436,15.0,0.0,0.0,100.0,-7.0,7.0,8.0,15.0,0.0,31.0,-8.0,1.0,1.0,50.893288,-8.0,3.0,2.0,1.0,97.496284,0.0
88.0,398.3998,43.565784,136.90314,2.4740243,0.0,0.0,100.0,-7.0,7.0,8.0,7.0,0.0,-6.122325,-8.0,0.0,0.0,17.0,-8.0,2.0,1.0,0.0,54.986435,0.0
77.0,156.29195,2.0,67.67652,37.11728,0.0,0.0,100.0,-7.0,7.0,8.0,38.0,2.0,-9.0,0.0,1.0,1.0,13.223402,-8.0,6.0,1.0,0.0,43.0,0.0
75.0,123.05067,3.0,63.8035,18.0,0.0,0.0,100.0,-7.0,7.0,8.0,19.0,4.0,29.0,-7.0,1.0,1.0,29.174498,86.7713,4.0,2.0,0.0,67.0,0.0
88.78311,278.23605,3.0,113.74466,34.132687,0.0,0.0,100.0,-7.0,7.0,8.0,32.0,2.0,10.66195,0.0,1.0,1.0,0.0,-8.0,3.0,-8.0,0.0,-9.0,0.0
84.320724,159.9149,3.0,79.75257,15.9813385,0.0,0.0,100.0,-7.0,7.0,8.0,14.0,2.0,17.408445,0.0,4.0,4.2328515,2.0,-8.0,2.0,1.0,0.0,31.91063,0.0
66.31969,67.924126,2.0,49.079185,17.0,0.0,0.0,92.240005,3.0,5.0265727,6.0,21.71635,3.0,29.0,0.0,1.0,1.0,56.41427,36.275135,4.0,6.0,2.0,71.0,0.0
66.948524,152.03766,3.0,25.821749,26.0,0.0,0.0,100.0,-7.0,7.0,8.0,28.912445,6.0,25.0,0.0,4.0,3.6530964,34.723507,93.93614,5.0,4.0,0.0,78.0,0.0
89.0,216.49994,2.0,98.876785,9.0,0.0,0.0,100.0,-7.0,7.0,8.0,14.0,1.0,42.539677,-8.0,0.0,0.0,2.0,-8.0,1.0,1.0,0.0,76.84037,0.0
72.0,146.08398,2.0,70.076096,18.0,0.0,0.0,100.0,-7.0,7.0,8.0,21.0,4.0,36.0,2.0,1.0583715,1.0,18.0,99.1688,3.0,4.0,2.0,71.0,0.0
81.33253,345.58585,3.0,123.607445,42.1689,0.0,0.0,95.0,43.764824,6.0,5.9084067,36.73726,1.0,35.0,0.0,1.0,1.0,12.0,-8.0,6.0,2.0,0.0,58.0,0.0
73.59562,399.92313,2.0,91.266624,22.358727,0.0,0.0,92.0,26.29399,6.0,6.0,20.0,1.0,36.0,0.0,3.0,3.0,17.0,50.935677,5.0,3.0,0.0,66.831,0.0
85.0,333.8792,25.902634,121.254036,21.0,0.0,0.0,100.0,-7.0,7.0,8.0,23.0,0.0,16.0,0.0,0.0,0.0,15.0,-8.0,2.0,1.0,0.0,33.0,0.0
90.751076,253.83516,28.122755,128.28767,33.73335,0.0,0.0,100.0,-7.0,7.0,8.0,34.0,0.0,15.0,0.0,1.0,1.0,1.0,-8.0,3.0,-8.0,0.0,33.0,0.0
72.0,205.52463,6.355892,74.02715,32.0,0.0,0.0,96.0,74.143745,6.0,6.0,33.29369,3.0,29.0,0.0,2.0,2.0,36.310925,91.500854,11.0,2.0,2.0,75.0,0.0
85.0,163.8876,6.0,77.27185,5.513184,0.0,0.0,100.0,-7.0,7.0,8.0,11.626748,2.0,23.0,-8.0,0.0,0.0,15.041841,38.272934,2.2966704,1.0,0.0,79.26616,0.0
88.0,358.69208,11.0,91.80586,36.71392,0.0,0.0,100.0,-7.0,7.0,8.0,32.874348,1.0,42.0,-7.0,0.0,0.0,0.47256637,64.744736,1.0,2.0,0.0,20.946323,0.0
79.0,206.30704,4.0,80.0,21.0,0.0,0.0,97.0,67.79671,6.0,6.0,23.0,3.0,44.170994,-7.0,0.0,0.0,51.791115,55.460083,6.0,2.0,1.0,77.86191,0.0
-9.0,-9.0,-9.0,-9.0,-9.0,-9.0,-9.0,-9.0,-9.0,-9.0,-9.0,-9.0,-9.0,-9.0,-9.0,-9.0,-9.0,-9.0,-9.0,-9.0,-9.0,-9.0,-9.0,0.0
85.0,177.45197,4.0,61.63212,34.0,0.0,0.0,100.0,-7.0,7.0,8.0,38.08948,2.0,20.256716,1.0,4.0,3.766941,12.0,-8.0,4.0,2.0,0.0,50.0,0.0
85.0,190.52171,4.0,82.68591,17.0,0.0,0.0,100.0,-7.0,7.0,8.0,3.3045797,2.0,49.736526,0.0,0.0,0.0,42.073032,74.073524,1.0,4.0,0.0,85.5447,0.0
72.0,127.9572,3.0,73.80843,21.0,1.0,1.0,96.6428,41.51789,6.0,3.0,22.0,2.4324656,24.0,0.0,4.0,4.0,46.079147,-8.0,7.0,2.0,1.0,67.0,0.0
74.0,147.88603,5.1582127,62.599808,21.0,0.0,0.0,100.0,-7.0,7.0,8.0,22.0,3.0,33.0,3.0,1.0,1.0,22.950678,115.1452,5.0,2.0,0.0,80.0,0.0
-9.0,-9.0,-9.0,-9.0,-9.0,-9.0,-9.0,-9.0,-9.0,-9.0,-9.0,-9.0,-9.0,-9.0,-9.0,-9.0,-9.0,-9.0,-9.0,-9.0,-9.0,-9.0,-9.0,0.0
74.0,191.47003,3.0,61.0,24.0,0.0,0.0,100.0,-7.0,7.0,8.0,30.0,1.0,16.046812,1.0,1.0,1.0,38.902493,81.77507,6.0,2.2546847,2.469984,67.0,0.0
83.0,353.96918,4.0,134.01443,21.0,0.0,0.0,100.0,-7.0,7.0,8.0,19.93375,2.0,40.933773,9.080385,0.0,0.0,12.0,91.0,9.0,2.0,0.0,75.0,0.0
76.0,419.89386,6.0,125.85571,49.06595,0.0,0.0,100.0,-7.0,7.0,8.0,38.183685,2.0,28.263659,13.400101,0.0,0.0,31.022915,54.32798,7.0,3.0,0.0,50.0,0.0
68.0,217.08813,3.0,70.2055,25.569822,0.0,0.0,100.0,-7.0,7.0,8.0,27.0,3.122293,33.23207,-8.0,0.0,0.0,93.871925,92.75168,8.0,3.0,1.0,100.0,0.0
77.981926,139.00494,7.0,52.65043,15.0,0.0,0.0,100.0,-7.0,7.0,8.0,12.985109,2.0,17.867027,0.0,0.0,0.0,2.0,53.738514,1.0,1.0,2.0,2.5894077,0.0
65.86614,74.97615,15.0,56.90405,6.0,3.0,2.0,65.33932,36.735706,6.0,6.0,11.0,0.0,6.477949,0.0,0.0,0.0,44.8402,-8.0,4.0,1.0,0.0,83.0,0.0
61.033627,254.72156,6.0,86.027306,36.0,2.0,2.3442204,89.248795,10.940939,6.0,5.0,34.0,0.0,31.999979,0.0,0.0,0.0,27.67213,56.94969,2.0,2.0,1.0,31.906826,0.0
88.0,301.1373,12.0,119.85041,14.0,0.0,0.0,100.0,-7.0,7.0,8.0,13.290007,0.0,7.945033,0.0,2.0,2.0,1.0,-8.0,5.0,1.0,0.0,50.0,0.0
89.0,118.91659,10.0,82.0,21.417614,0.0,0.0,100.0,-7.0,7.0,8.0,17.0,0.0,39.0,0.0,0.0,0.0,2.5889087,-8.0,1.0,1.0,0.0,38.0,0.0
70.0,217.6648,15.0,100.0,30.0,1.0,0.0,86.811035,6.0,6.0,6.0,28.193365,0.0,36.0,-7.0,0.0,0.0,22.98368,-8.0,4.0,2.0,0.0,50.0,0.0
83.0,356.18744,2.0,119.62195,22.0,0.0,0.0,100.0,-7.0,7.0,8.0,24.0,1.0,49.069622,-8.0,1.0,1.0,12.0,76.73309,2.0,2.0,0.0,50.0,0.0
79.0,-8.366782,2.0,38.173313,30.408026,0.0,0.0,100.0,-7.0,7.0,8.0,12.0,3.4695656,39.0,0.0,0.0,0.0,11.311037,82.59336,5.0,3.0,0.0,64.268616,0.0
87.0,143.40306,11.0,88.314354,15.0,0.0,0.0,100.0,-7.0,7.0,8.0,14.0,0.0,45.0,7.0,1.0,1.0,4.0,59.96697,1.0,2.0,0.0,45.231895,0.0
69.0,210.25963,64.50301,170.01874,-5.042249,2.0,1.0,63.84833,28.414698,4.0,5.0,8.0,0.0,1.632978,0.0,0.0,0.0,24.262888,-8.0,2.0,-8.0,1.0,42.283936,0.0
81.0,170.339,10.978888,66.04178,14.0,0.0,0.0,100.0,-7.0,7.0,8.0,14.0,2.0,31.818062,0.0,0.0,0.0,29.023878,72.60372,5.0,5.0,0.0,100.0,0.0
57.47005,290.4887,7.0,104.0408,31.0,0.0,0.0,94.0,4.0,6.0,6.0,28.0,2.0,25.0,3.0,2.0,2.0,64.34701,-8.0,8.80718,3.0,4.0,71.0,0.0
90.0,165.40271,10.0,103.51883,15.0,0.0,0.0,100.0,-7.0,7.0,8.0,18.0,2.0,14.163293,6.7858543,0.0,0.0,0.0,-8.0,2.0,-8.0,0.0,30.42349,0.0
80.23629,151.15018,2.0,81.67784,41.888313,0.0,0.0,97.0,47.451992,6.0,6.0,53.455803,4.0,41.716377,1.0,4.0,4.0,13.0,87.05084,4.0,6.0,0.0,71.0,0.0
81.0,302.44238,3.0,95.49465,54.491375,0.0,0.0,100.0,-7.0,7.0,8.0,52.6974,2.0,27.0,0.0,0.0,0.0,8.0,38.760456,6.0,3.0,0.0,44.0,0.0
65.0,148.94427,5.0,60.63599,23.151098,2.0,1.0,95.0,44.10134,6.0,4.0,29.0,2.0,40.684563,8.0,0.0,0.0,89.194115,48.242096,11.0,2.0,4.1331205,100.0,0.0
73.0,95.89783,7.0,65.7185,28.0,0.0,0.0,100.0,-7.0,7.0,8.0,24.627834,4.0,40.0,-7.0,0.0,0.0,66.048744,73.12223,5.0,6.4298143,0.0,75.3934,0.0
75.40693,264.1356,7.4214425,77.0,31.0,0.0,0.0,94.0,17.635822,6.0,6.0,32.104523,2.0,68.225006,0.0,1.0,1.0,17.582596,88.0,3.0,6.9305277,0.0,86.0,0.0
88.0,-9.0,4.0,49.01048,24.367357,0.0,0.0,100.0,-7.0,7.0,8.0,8.0,3.6276188,33.0,-8.0,0.0,0.0,6.0,91.396835,2.0,2.0,0.0,70.0,0.0
79.0,260.56876,29.941698,80.77276,18.0,0.0,0.0,95.0,67.18987,6.0,6.0,21.413528,0.0,37.0,0.0,1.0,1.0,3.0,-8.0,1.0,3.0,0.0,34.714363,0.0
87.0,268.04898,10.0,65.0,10.0,0.0,0.0,100.0,-7.0,7.0,8.0,12.0,2.0,15.992531,2.0,0.0,0.0,0.0,-8.0,1.0,-8.0,0.0,-9.0,0.0
68.79797,167.6166,6.0,101.455826,22.0,1.0,0.0,96.882996,16.382809,4.0,5.0,18.14345,1.0,16.538017,0.0,0.0,0.0,29.751057,82.0,4.0,1.0,0.0,38.276474,0.0
83.0,170.02296,13.372606,79.572235,22.545586,0.0,0.0,100.0,-7.0,7.0,8.0,23.0,0.0,19.0,0.0,0.0,0.0,21.495176,-8.0,2.0,2.0,0.0,43.733757,0.0
81.94387,65.62344,3.0,58.0,23.0,0.0,0.0,96.0,55.385952,6.0,6.0,3.996616,3.0,14.0,-8.0,1.0,2.0,8.0,-8.0,2.0,2.0,0.0,47.63906,0.0
80.0,59.298153,8.0,66.659584,20.0,0.0,0.0,100.0,-7.0,7.0,8.0,1.5748794,0.0,50.0,23.469833,0.0,0.0,44.36041,72.46364,4.0,2.0,0.0,90.18397,0.0
77.0,234.86668,8.978224,79.70149,38.947792,0.0,0.0,97.0,76.13364,6.0,6.0,39.479626,1.0,24.0,-8.341265,0.0,0.0,31.425257,76.42055,3.0,3.0,0.0,50.32207,0.0
72.0,278.95004,2.0,99.174995,26.0,1.0,1.0,95.0,48.480614,6.0,4.0,25.72507,1.0,17.625694,1.0,1.0,1.0,36.490395,-8.0,3.0,-8.0,4.5814457,33.0,0.0
76.0,143.04877,5.9495215,67.0,50.826466,0.0,0.0,100.0,-7.0,7.0,8.0,47.231915,6.181109,33.0,0.0,0.0,0.0,4.0,50.210697,6.0,3.0,0.0,56.8041,0.0
72.0,253.82451,2.0,64.484406,21.040106,2.0,1.0,91.250885,39.75502,6.0,2.0,24.0,2.0,59.302197,0.0,0.0,0.0,13.821107,100.0,2.0,2.0,0.0,67.0,0.0
68.82429,147.13106,2.0,73.15419,43.6501,0.0,0.0,100.0,-7.0,7.0,8.0,59.03483,2.0,36.0,0.0,4.0,3.0,66.37824,-8.0,6.0,2.0,2.0,63.0,0.0
-9.0,-9.0,-9.0,-9.0,-9.0,-9.0,-9.0,-9.0,-9.0,-9.0,-9.0,-9.0,-9.0,-9.0,-9.0,-9.0,-9.0,-9.0,-9.0,-9.0,-9.0,-9.0,-9.0,0.0
87.0,192.80081,5.0,68.0,27.0,0.0,0.0,100.0,-7.0,7.0,8.0,25.0,2.0,33.502453,0.0,0.0,0.0,0.0,92.655556,1.0,2.0,0.0,36.21266,0.0
63.0,412.2846,2.9536185,171.85954,39.5223,0.0,0.0,96.83993,33.396534,6.0,6.0,40.74262,1.0,25.864168,0.0,4.0,3.3465269,48.277805,64.66788,10.528319,2.0,2.0,67.0,0.0
86.0,207.32773,14.0,139.58559,21.0,0.0,0.0,100.0,-7.0,7.0,8.0,28.0,0.0,35.0,-7.0,0.0,0.0,12.0,-8.0,2.0,1.0,0.0,49.409416,0.0
84.0,162.64124,3.0,77.0,26.0,0.0,0.0,100.0,-7.0,7.0,8.0,36.782986,3.0,27.0,-7.0,2.0,1.6887681,4.8838954,-8.0,2.0,1.0,0.0,28.126635,0.0
77.0,192.06424,4.0,70.009056,15.0,0.0,0.0,100.0,-7.0,7.0,8.0,26.0,1.0,24.0,0.0,2.0,2.0,37.883068,-8.0,3.0,1.0,0.0,67.0,0.0
66.0,276.97116,4.0,99.80515,46.70479,0.0,0.0,97.0,1.0,3.0,5.0,44.249264,2.0,22.0,0.0,2.0,2.0,10.0,88.0,9.0,2.0,0.0,60.0,0.0
86.9664,272.51654,5.0,92.33354,32.0,0.0,0.0,100.0,-7.0,7.0,8.0,24.0,2.0,20.616182,-7.0,0.0,0.0,1.0,83.48566,4.0,2.0,0.0,38.0,0.0
87.0,218.15637,3.0,103.42785,9.0,0.0,0.0,100.0,-7.0,7.0,8.0,13.0,1.0,42.97554,-8.0,2.0,1.0,9.0,-8.0,2.0,1.0,0.0,64.0,0.0
70.0,243.9809,5.0,63.759438,20.0,0.0,0.0,100.0,-7.0,7.0,8.0,24.0,2.0,33.333378,0.0,0.0,0.0,53.69246,100.0,5.0,1.0,1.0,78.0,0.0
89.09218,251.45267,38.334118,128.40225,12.630974,0.0,0.0,100.0,-7.0,7.0,8.0,13.0,0.0,0.0,-8.0,0.0,0.0,0.0,-8.0,-9.0,-8.0,0.0,-9.0,0.0
75.0,157.53038,4.0,102.39514,19.0,0.0,0.0,100.0,-7.0,7.0,8.0,21.86245,1.0,56.433266,1.0,4.0,4.2409425,43.372547,99.51563,3.0,2.0,1.0,68.092415,0.0
77.0,380.80927,2.0,92.26014,35.462906,0.0,0.0,100.0,-7.0,7.0,8.0,42.378315,3.0,20.0,1.0,4.0,3.5470834,47.18039,-8.0,3.0,-8.0,1.0,33.0,0.0
80.79148,370.10574,10.0,77.0,27.178635,0.0,0.0,100.0,-7.0,7.0,8.0,37.442554,0.0,29.746033,0.0,0.0,0.0,4.0,59.856773,3.0,2.0,0.0,53.82,0.0
77.090675,-9.0,6.9992647,58.0,22.0,0.0,0.0,100.0,-7.0,7.0,8.0,4.4149885,4.0,44.0,0.0,1.0,1.0,5.0,-8.0,1.0404315,2.0,1.0,43.02354,0.0
70.0,139.56024,5.0,48.1258,8.0,0.0,0.0,63.307995,53.380222,6.0,5.9988365,10.0,1.0,40.28115,0.0,0.0,0.0,62.025974,-8.0,4.0,1.0,1.0,86.0,0.0
74.41525,99.35803,9.0,70.03582,23.0,0.0,0.0,96.0,-9.0,6.0,6.0,25.0,1.0492043,30.101833,2.0,0.0,0.0,40.139015,83.13073,5.0,4.0,3.0,69.10112,0.0
68.0,299.85205,4.0,97.62899,34.0,0.0,0.0,83.96539,17.68519,6.0,6.0,47.744236,2.0,55.664436,0.0,1.0,1.0,40.998203,82.6262,2.0,4.0,1.0,77.412834,0.0
86.0,199.61505,17.0,94.0,40.3976,0.0,0.0,100.0,-7.0,7.0,8.0,63.551136,0.0,43.0,1.0,1.0,1.0,1.0,-8.0,6.0,3.0,0.0,56.398643,0.0
-9.0,-9.0,-9.0,-9.0,-9.0,-9.0,-9.0,-9.0,-9.0,-9.0,-9.0,-9.0,-9.0,-9.0,-9.0,-9.0,-9.0,-9.0,-9.0,-9.0,-9.0,-9.0,-9.0,0.0
90.0,364.49326,19.605804,124.711845,10.582208,0.0,0.0,100.0,-7.0,7.0,8.0,14.625214,0.0,17.0,-7.0,0.0,0.0,3.0,14.559141,2.0,1.0,0.0,43.0,0.0
77.0,215.61949,2.0,125.77567,33.199463,0.0,0.0,93.0,16.032982,4.0,6.0,43.951088,3.0,50.0,1.0,3.0,3.0,1.0,-0.0029173568,6.0,6.882064,0.0,67.0,0.0
73.0,155.62206,10.0,57.467445,16.0,0.0,0.0,97.0,34.47426,4.0,6.0,19.0,1.0,19.0,0.0,4.0,4.0,40.89452,-8.0,3.0,1.0,1.0,67.0,0.0
71.0,83.66353,4.0,115.2899,49.925896,0.0,0.0,100.0,-7.0,7.0,8.0,4.3113594,2.0,25.0,7.0,0.0,0.0,58.581482,45.733513,8.111015,2.0,2.0,67.0,0.0
-9.0,-9.0,-9.0,-9.0,-9.0,-9.0,-9.0,-9.0,-9.0,-9.0,-9.0,-9.0,-9.0,-9.0,-9.0,-9.0,-9.0,-9.0,-9.0,-9.0,-9.0,-9.0,-9.0,0.0
85.0,216.4294,3.0,95.254166,15.0,0.0,0.0,100.0,-7.0,7.0,8.0,16.0,1.0,42.0,0.0,0.0,0.0,1.0,79.47486,2.0,3.0,0.0,54.990566,0.0
77.68021,224.71483,13.0,97.0,30.0,1.0,1.0,88.0,17.15438,6.0,3.0,37.36218,0.0,28.863697,10.42329,0.0,0.0,0.0,-8.0,2.0,1.0,0.0,50.0,0.0
82.0,361.97873,10.10005,80.426735,23.0,0.0,0.0,100.0,-7.0,7.0,8.0,31.0,0.0,36.0,2.0,1.0,1.0,17.0,85.49217,4.651684,4.0,0.0,67.868195,0.0
-9.0,256.83026,18.48961,92.31155,33.113922,4.3250303,3.2550817,69.87049,6.0,4.0,5.0,44.20954,0.0,81.87524,2.0,1.0,1.0,41.50045,31.011717,3.0,7.846466,0.0,88.0,0.0
90.0,402.1019,5.0,135.99275,15.0,0.0,0.0,100.0,-7.0,7.0,8.0,15.0,1.0,27.0,-5.417494,0.0,0.0,2.943503,-8.0,3.0,1.0,0.0,57.0,0.0
85.0,108.06197,4.0,78.769485,15.0,0.0,0.0,100.0,-7.0,7.0,8.0,16.0,1.2642605,19.0,0.0,3.0,3.0,0.0,32.327316,1.0,2.0,0.0,67.0,0.0
69.0,264.15054,28.607912,119.28131,15.0,1.0,0.0,89.59304,6.8920565,4.0,6.0,15.0,0.0,19.0,12.608025,0.0,0.0,9.0,-8.0,3.0,2.0,0.0,67.0,0.0
74.0,133.37933,4.0,62.12117,13.0,0.0,0.0,100.0,-7.0,7.0,8.0,14.0,1.4585434,52.695793,13.382291,0.0,0.0,90.273415,49.743412,4.0,3.0,1.0,100.0,0.0
68.0,346.93085,5.0,132.07988,38.214073,0.0,0.0,100.0,-7.0,7.0,8.0,26.0,2.0,7.0726385,12.0,0.0,0.0,68.56131,79.8848,6.0,2.0,5.741264,50.0,0.0
92.86947,238.38676,11.0,92.308365,15.0,0.0,0.0,100.0,-7.0,7.0,8.0,32.0,0.0,7.5461187,18.899134,0.0,0.0,4.91091,-8.0,2.0,1.0,0.0,44.0,0.0
-9.0,-9.0,-9.0,-9.0,-9.0,-9.0,-9.0,-9.0,-9.0,-9.0,-9.0,-9.0,-9.0,-9.0,-9.0,-9.0,-9.0,-9.0,-9.0,-9.0,-9.0,-9.0,-9.0,0.0
90.0,187.47295,10.768069,74.0,22.0,0.0,0.0,100.0,-7.0,7.0,8.0,24.0,0.0,31.0,1.0,1.0,1.0,4.0,46.6284,3.0,1.0,0.0,42.72088,0.0
83.32715,205.79459,20.0,99.0331,-9.0,0.0,0.0,100.0,-7.0,7.0,8.0,5.6651435,0.0,49.675587,0.0,0.0,0.0,0.0,-8.0,1.0,-0.26255322,0.0,50.0,0.0
72.0,262.54025,7.0,77.951614,5.7136064,2.0,2.0,77.35575,61.661613,6.0,6.0,6.4745646,1.0,6.947931,-7.0,0.0,0.0,36.0,-8.0,3.0,-9.0,0.0,79.33045,0.0
56.023174,263.33102,5.0,74.0,19.0,0.0,0.0,85.20328,9.00609,6.0,5.0,23.67646,1.0,54.792034,0.0,7.1880236,6.6596766,62.66862,19.274805,3.0,4.0,2.0,83.0,0.0
87.0,226.35728,12.713355,88.740265,23.0,0.0,0.0,100.0,-7.0,7.0,8.0,26.0,1.0,41.0,-7.0,0.0,0.0,1.5238618,41.2283,1.0,1.0,0.0,38.0,0.0
61.17401,219.484,4.0,130.85854,20.0,0.0,0.0,69.168724,12.48782,6.0,6.0,25.0,1.0,27.0,0.0,2.0,2.0,45.92812,80.0,6.0,2.0,0.0,100.0,0.0
80.0,199.11304,2.0,61.0,18.0,0.0,0.0,100.0,-7.0,7.0,8.0,23.0,3.0,-4.225238,0.0,3.295709,3.0,17.0,-8.0,1.9363288,-9.0,0.0,14.590982,0.0
68.0,199.89482,4.0,97.85213,13.143055,1.0,0.0,77.49709,11.535704,6.0,5.0,21.298365,3.0,62.281994,1.0,2.0,1.0,36.0,83.527565,1.0,3.0,0.0,100.0,0.0
78.0,230.38977,4.0,81.0,17.0,0.0,0.0,100.0,-7.0,7.0,8.0,20.160471,1.0,42.0,11.36827,0.0,0.0,65.8851,72.4426,4.0,2.0,1.0,80.0,0.0
59.000164,341.22568,7.2399397,155.46432,13.715373,1.0,0.0,60.945854,-6.412775,4.0,2.0,17.0,1.0,15.0,6.104025,1.0,1.0,43.8193,49.371166,3.0,1.0,0.0,69.34954,0.0
86.0,-9.0,6.0,60.16828,9.240945,0.0,0.0,100.0,-7.0,7.0,8.0,3.462587,0.0,45.206203,0.0,0.0,0.0,7.4724917,79.25868,2.0,3.0,0.0,71.06303,0.0
80.0,342.8792,2.0,111.01185,28.487537,0.0,0.0,100.0,-7.0,7.0,8.0,21.986593,2.0,9.543614,0.0,2.0,2.0,5.3667774,-8.0,10.088699,2.0,0.0,57.0,0.0
79.0,401.59573,9.0,103.3058,30.809723,0.0,0.0,100.0,-7.0,7.0,8.0,39.34769,1.0,21.42572,1.0,3.0,3.0,8.778651,-8.0,3.0,1.0,0.0,50.0,0.0
75.77187,247.17729,10.15894,93.57708,11.0,0.0,0.0,100.0,-7.0,7.0,8.0,12.0,1.0,38.0,0.0,1.0,1.0,58.431244,-8.0,2.0,1.0,0.0,67.0,0.0
82.0,227.65794,15.847481,85.9368,32.0,0.0,0.0,100.0,-7.0,6.0,8.0,34.0,0.0,22.3671,0.0,3.7984,3.0,0.0,-8.0,4.0,1.0,0.0,41.139427,0.0
74.0,156.41177,3.0,83.0,29.0,0.0,0.0,100.0,-7.0,7.0,8.0,28.0,1.0,37.0,2.7811384,0.0,0.0,60.63269,63.639282,5.0,3.0,1.0,75.0,0.0
75.0,164.0652,2.0,62.283527,30.0,0.0,0.0,100.0,-7.0,7.0,8.0,38.912956,5.0,24.0,0.0,2.0,2.0,34.39921,81.57885,7.0,2.0,0.0,71.0,0.0
72.504265,367.31625,7.744239,109.34907,44.836422,0.0,0.0,100.0,-7.0,7.0,8.0,44.884995,1.0,45.0,1.0,1.0,1.0,55.66462,81.037094,7.760717,2.0,4.0,75.0,0.0
71.0,79.63589,7.0,52.661743,56.184006,0.0,0.0,100.0,-7.0,7.0,8.0,61.767906,2.0,24.493567,0.0,2.0,2.0,33.405277,79.27778,6.056098,6.0,2.0,60.0,0.0
84.65899,122.99227,2.0,40.38108,11.562387,0.0,0.0,100.0,-7.0,7.0,8.0,13.0,3.0,35.0,13.474661,0.0,0.0,9.926465,-8.0,2.0,3.0,0.0,63.035126,0.0
-9.0,-9.0,-9.0,-9.0,-9.0,-9.0,-9.0,-9.0,-9.0,-9.0,-9.0,-9.0,-9.0,-9.0,-9.0,-9.0,-9.0,-9.0,-9.0,-9.0,-9.0,-9.0,-9.0,0.0
85.0,161.75275,22.602566,89.06732,14.0,0.0,0.0,100.0,-7.0,7.0,8.0,8.096745,0.0,33.0,0.0,0.0,0.0,19.11407,64.21513,2.0,2.0,0.0,80.0,0.0
73.0,120.51515,1.0,59.435947,20.0,0.0,0.0,100.0,-7.0,7.0,8.0,19.0,4.0,28.0,12.707672,0.0,0.0,51.180084,79.24627,5.0,2.0,2.0,75.0,0.0
71.0,203.99898,8.0,90.0,22.0,1.0,1.0,91.0,66.02688,6.0,5.125361,22.0,1.0,62.853737,0.0,2.0,1.0,78.07317,45.99129,5.0,2.0,0.0,83.0,0.0
74.0,137.03035,5.0,56.933086,41.304802,0.0,0.0,100.0,-7.0,7.0,8.0,44.51258,4.0,48.980373,-7.0,2.0,2.0,32.16052,88.87999,8.0,3.0,0.0,99.21315,0.0
69.15942,80.210205,8.0,58.705837,9.0,0.0,0.0,100.0,-7.0,7.0,8.0,8.780218,1.0,22.591702,6.0,0.0,0.0,58.032124,79.11087,2.0,2.0,1.0,80.0,0.0
82.0,242.99344,9.0,99.57794,20.0,0.0,0.0,100.0,-7.0,7.0,8.0,20.0,1.0,16.0,10.809195,0.0,0.0,36.0,-8.0,4.0,1.0,1.0,50.108864,0.0
87.585144,548.6947,27.221691,131.42656,15.0,0.0,0.0,100.0,-7.0,7.0,8.0,18.0,0.0,19.681416,-8.0,0.0,0.0,1.0,-8.0,2.0,0.9722351,0.0,29.006008,0.0
87.91573,97.67861,5.0936055,57.50374,11.115095,0.0,0.0,100.0,-7.0,7.0,8.0,9.0,1.0,23.148567,0.0,0.0,0.0,1.0,-8.0,2.0,1.5946517,0.0,38.0,0.0
64.3948,94.33518,3.067415,39.87691,35.82694,0.0,0.0,95.6874,17.39979,6.0,6.0,34.332176,2.0,20.374361,0.0,3.0,3.0,17.74383,93.0,9.0,4.0,0.0,59.760387,0.0
88.0,455.37497,14.115582,194.49641,9.0,0.0,0.0,100.0,-7.0,7.0,8.0,14.674542,0.0,16.0,5.0,1.0,1.0,4.0,-8.0,1.0,-8.0,0.0,43.0,0.0
79.0,218.73369,6.2746263,81.40967,26.0,0.0,0.0,100.0,-7.0,7.0,8.0,26.0,2.0,31.0,0.0,3.0,3.229428,3.0,73.7299,2.0,2.0,0.0,55.6007,0.0
84.85626,248.16614,43.82325,144.32503,10.185949,0.0,0.0,100.0,-7.0,7.0,8.0,5.4279118,0.0,14.0,0.0,0.0,0.0,43.706356,-8.0,2.0,-8.0,0.0,80.0,0.0
73.0,159.75507,4.0,49.810825,10.659782,0.0,0.0,100.0,-7.0,7.0,8.0,14.0,2.0,47.0,0.0,6.003495,5.888255,34.637394,93.83889,2.0,5.0,1.0,61.438293,0.0
76.0,46.32983,2.0,38.770947,30.0,0.0,0.0,100.0,-7.0,7.0,8.0,32.0,2.0,23.0,-0.4427134,1.0,1.0,1.0,102.2399,1.0,3.0,0.0,43.0,0.0
86.959305,138.65135,5.0,66.620865,30.0,0.0,0.0,100.0,-7.0,7.0,8.0,32.0,4.0,50.0,0.0,1.0,1.0,0.0,60.5036,1.0,3.0,0.0,44.0,0.0
75.0,278.58658,3.0,82.90367,49.662197,0.0,0.0,97.99276,67.95525,6.0,6.0,54.22605,3.0,31.0,0.0,12.305212,11.962208,29.727434,-8.0,6.4531493,4.0,3.0,60.0,0.0
92.99205,582.18585,41.116535,121.18086,16.0,0.0,0.0,100.0,-7.0,7.0,8.0,19.0,0.0,22.0,-7.312738,0.0,0.0,1.0,-8.0,2.0,1.0,0.0,20.646235,0.0
56.034637,151.84978,4.0,55.2476,17.0,0.0,0.0,76.966034,-7.0,-9.0,6.0,20.0,1.0,46.0,0.38624552,0.0,0.0,10.266364,50.571976,2.1424022,2.0,0.0,54.746788,0.0
81.0,174.37639,21.661165,94.463264,28.0,0.0,0.0,94.0,23.749786,6.0,6.0,32.0,0.0,25.0,4.1468935,0.0,0.0,10.0,93.11226,2.0,1.0,0.0,79.59423,0.0
87.0,437.6002,14.738819,151.31223,10.0,0.0,0.0,100.0,-7.0,7.0,8.0,10.0,0.0,18.0,0.0,1.0,1.0,16.0,58.182827,3.0,1.0,0.0,56.90195,0.0
71.640724,187.60374,21.082508,77.78812,36.1986,0.0,0.0,92.61863,-7.0,-9.0,6.0,36.908527,2.0,33.0,0.0,0.0,0.0,6.0,63.60265,1.0,2.0,0.0,25.018291,0.0
86.19845,237.85869,5.0,86.22319,12.0,0.0,0.0,100.0,-7.0,7.0,8.0,20.0,1.0,29.36165,1.0,2.0,1.0,1.8230854,-8.0,1.0,1.0,0.0,50.0,0.0
69.58476,147.7695,20.208385,110.14979,23.0,0.0,0.0,93.54802,1.0,4.0,4.1545897,3.537663,0.0,47.0,0.0,0.0,0.0,13.778946,-8.0,4.0,4.0,0.0,68.53681,0.0
86.0,395.83752,7.3427515,124.83264,32.0,0.0,0.0,100.0,-7.0,7.0,8.0,27.0,1.0,25.0,0.0,0.0,0.0,5.0,-8.0,4.0,2.0,0.0,42.962902,0.0
69.0,159.49786,6.0,48.834366,22.0,2.0,1.0,93.0,21.358934,6.0,5.0,18.0,2.0,26.0,3.0,1.0,1.0,23.210806,82.29622,5.0,2.0,1.2646824,33.0,0.0
87.0,80.16288,5.0,61.0,13.0,0.0,0.0,100.0,-7.0,7.0,8.0,9.0,1.0,30.981817,0.0,1.0,1.0,0.0,-8.0,-9.0,2.0,0.0,23.202414,0.0
85.0,219.8606,10.0,111.70085,18.0,0.0,0.0,96.0,27.482943,6.0,6.0,19.012869,1.8241488,22.0,-7.0,0.0,0.0,0.0,24.83434,3.0,1.0911368,0.0,42.8983,0.0
73.93308,254.26439,3.0,90.0,18.0,0.0,0.0,100.0,-7.0,7.0,8.0,19.0,1.0,27.372435,4.129822,0.0,0.0,94.68071,-7.100453,3.0,2.0,3.0,67.0,0.0
81.0,188.93918,4.0,84.58621,77.867546,0.0,0.0,100.0,-7.0,7.0,8.0,101.37133,1.0,50.0,0.0,1.0,1.5947757,29.869074,26.248459,4.0,6.1675363,1.0,67.0,0.0
83.0,394.25537,5.0,80.0,21.0,0.0,0.0,100.0,-7.0,7.0,8.0,19.0,1.0,56.526657,22.934103,0.0,0.0,66.81495,-8.0,3.0,1.0,0.0,55.783375,0.0
67.707085,214.93434,2.2539382,82.849014,26.604774,0.0,0.0,91.59465,4.507957,6.0,6.0,26.72471,2.0,23.234966,0.0,3.1400952,4.0,9.001874,-8.0,7.0,4.0,0.0,64.0,0.0
71.0,100.97015,3.0,41.71889,27.0,0.0,0.0,100.0,-7.0,7.0,8.0,26.0,3.0,22.0,1.178986,1.0,1.0,24.85032,65.26562,5.0,2.0,2.0,54.752182,0.0
-9.0,-9.0,-9.0,-9.0,-9.0,-9.0,-9.0,-9.0,-9.0,-9.0,-9.0,-9.0,-9.0,-9.0,-9.0,-9.0,-9.0,-9.0,-9.0,-9.0,-9.0,-9.0,-9.0,0.0
76.0,151.63145,7.0,84.93147,23.0,0.0,0.0,100.0,-7.0,7.0,8.0,26.0,1.0,49.14184,-7.7528353,1.0,1.0,61.239773,91.0,4.0,3.0,2.0,78.0,0.0
80.0,152.68407,9.569436,61.88258,17.0,0.0,0.0,87.580475,1.0,4.0,6.0,19.0,0.0,24.0,-7.0,0.0,0.0,10.0,97.57958,3.0,1.0,0.0,59.47182,0.0
69.06562,403.51447,2.0,88.486595,24.366673,0.0,0.0,82.70077,7.6664963,4.0,6.0,26.002937,3.0,50.0,0.0,2.0,2.0,0.0,42.51853,2.0,3.0,0.0,83.73353,0.0
73.52998,376.13596,0.20599486,114.78768,33.448883,0.0,0.0,93.68826,31.00548,6.0,6.0,29.0,1.9819536,31.0,-7.0,1.0,1.9385797,16.0,4.509738,9.0,2.0,0.0,80.0,0.0
84.0,370.39114,2.0,89.828,29.0,0.0,0.0,100.0,-7.0,7.0,8.0,35.88266,2.0,23.066324,0.0,4.102996,4.0,4.464813,71.0,3.0,3.0,0.0,56.192436,0.0
69.0,381.77853,7.0,77.56788,32.0,0.0,0.0,90.0,16.313295,6.0,6.0,33.0,3.0,50.0,-8.0,0.0,0.0,47.08374,88.19358,2.0,7.6545925,1.0,57.0,0.0
60.902985,171.75862,5.0,66.48587,25.635696,0.0,0.0,91.82344,3.0,6.0,6.0,15.0,5.0,23.0,1.7561361,1.0,1.0,25.0,86.164345,9.0,4.0,1.0,67.0,0.0
73.0,166.93454,4.0,70.78275,14.0,0.0,0.0,85.51746,6.760538,4.0,5.0,16.0,2.0,28.0,3.0,2.0,1.0,0.0,-8.0,1.0,1.0,0.0,25.326246,0.0
67.0,171.55418,7.0,108.64037,27.0,2.0,2.0,65.689644,4.076255,6.0,4.0,30.779963,1.0,35.0,-7.0,0.0,0.0,0.42768624,86.23112,5.0,4.0,0.0,75.0,0.0
85.0,183.61716,3.0,89.92914,17.0,0.0,0.0,100.0,-7.0,7.0,8.0,24.0,1.0,27.0,0.0,1.0,1.0,25.0,-8.0,1.0,1.0,0.0,47.737396,0.0
73.0,124.17251,5.0,19.686668,21.815546,0.0,0.0,100.0,-7.0,7.0,8.0,25.3924,5.423262,19.0,0.9386484,0.0,0.0,15.0,30.111244,11.0,2.0,0.0,84.82493,0.0
72.5453,165.88513,2.0,75.22115,27.0,2.0,1.0,90.0,41.750175,6.0,5.0,25.0,2.0,28.0,1.0,0.0,1.0,20.997704,50.190437,6.0,2.0,0.0,56.0,0.0
72.0,153.67311,4.0,48.340145,20.0,0.0,0.0,100.0,-7.0,7.0,8.0,22.0,2.0,26.561834,-7.0,0.0,0.0,40.813732,71.0,8.0,1.0,1.0,83.0,0.0
86.0,-1.6754444,5.604473,97.915344,32.0,0.0,0.0,100.0,-7.0,7.0,8.0,-9.0,2.0,15.411756,-7.0,0.0,0.0,8.0,-8.0,2.0,-8.0,0.0,32.787384,0.0
89.52234,203.34343,15.704101,134.63803,13.0,0.0,0.0,100.0,-7.0,7.0,8.0,16.0,0.0,25.0,-8.0,0.0,0.0,8.357045,-8.0,2.0,2.0,0.0,41.803898,0.0
81.0,330.52786,3.0,77.297585,22.0,0.0,0.0,93.0,13.507664,6.0,6.0,26.0,3.0,37.841976,0.0,0.0,0.0,8.058677,64.56264,3.0,2.0,0.0,50.0,0.0
86.0,250.8716,16.0,92.0,18.0,0.0,0.0,100.0,-7.0,7.0,8.0,16.0,0.0,18.0,0.0,0.0,0.0,3.6427011,75.19345,3.0,2.0,0.0,43.0,0.0
78.54378,334.89117,34.764633,196.08415,13.0,0.0,0.0,91.45764,24.024803,6.0,6.0,11.186867,0.0,29.0,-8.0,0.0,0.0,14.261361,-8.0,2.0,1.0,0.0,80.0,0.0
74.0,105.22345,10.0,32.66747,14.0,0.0,0.0,100.0,-7.0,7.0,8.0,14.0,0.0,45.085426,2.0,0.0,0.0,56.19232,45.99889,3.0,2.0,0.0,67.0,0.0
74.0,275.56818,20.0,120.66779,11.291007,2.0,0.0,89.45045,8.90538,6.0,6.0,11.353036,0.0,75.81725,1.0,1.0,1.0,0.0,-8.0,1.0,1.0,0.0,52.15247,0.0
-9.0,-9.0,-9.0,-9.0,-9.0,-9.0,-9.0,-9.0,-9.0,-9.0,-9.0,-9.0,-9.0,-9.0,-9.0,-9.0,-9.0,-9.0,-9.0,-9.0,-9.0,-9.0,-9.0,0.0
88.44647,323.72415,5.235847,87.59998,11.32205,0.0,0.0,100.0,-7.0,7.0,8.0,11.0,0.0,28.0,1.0,2.0,1.0,7.0,-8.0,2.0,2.0,0.0,71.0,0.0
82.0,142.19917,13.681406,83.873856,25.085527,0.0,0.0,100.0,-7.0,7.0,8.0,22.1709,0.0,9.314268,0.0,0.0,0.0,2.0,-8.0,5.0,1.0,0.0,64.0,0.0
83.43863,141.64145,34.16967,92.0,10.7449045,0.0,0.0,100.0,-7.0,7.0,8.0,1.5239247,0.0,20.0,-7.0,1.0,1.0,44.431755,32.07661,1.0,2.0,1.0,91.513626,0.0
75.0,170.44118,15.0,106.199715,14.366347,2.0,0.38412324,95.0,57.03095,6.0,5.0,17.902637,0.0,27.0,0.0,0.0,0.0,22.494452,-8.0,3.0,1.0,1.0,58.189743,0.0
83.0,185.57463,5.0,65.4832,31.071108,0.0,0.0,100.0,-7.0,7.0,8.0,32.0,2.0,25.0,0.0,0.0,0.0,11.619975,66.8307,1.0,2.0,0.0,29.357506,0.0
56.83235,214.57434,29.827253,88.97149,16.0,0.0,0.0,78.84119,4.2349916,4.4720206,6.0,20.0,0.0,43.091164,17.07685,0.0,0.0,89.52221,79.09907,4.0,4.0,3.705174,100.0,0.0
80.58035,124.100044,4.0,56.451145,24.0,0.0,0.0,100.0,-7.0,7.0,8.0,13.0,2.0,33.0,-7.0,0.0,0.0,10.701366,76.533455,3.0,2.0,1.0,50.0,0.0
88.38527,326.32172,10.37001,120.671425,14.0,0.0,0.0,100.0,-7.0,7.0,8.0,16.0,1.0,42.0,23.448532,0.0,0.0,11.0,-8.0,2.0,-4.442032,0.0,63.0,0.0
80.0,305.337,47.640034,116.866394,1.4491969,0.0,0.0,100.0,-7.0,7.0,8.0,17.904264,0.0,38.0,22.376806,0.0,0.0,80.06215,-8.0,2.0,1.0,2.0,88.312355,0.0
63.533222,170.18533,5.0,74.205864,23.52715,0.0,0.0,85.18124,17.44091,4.0,6.0,31.0,2.0,39.0,0.0,0.0,0.0,46.820732,91.30235,5.0,4.0,2.0,75.0,0.0
69.0,124.659546,4.0,-9.0,17.409277,0.0,0.0,100.0,-7.0,7.0,8.0,20.0,2.0,31.0,0.0,1.0,1.0,65.709885,77.103386,10.087079,4.0,3.0,100.0,0.0
77.0,151.39212,7.0,55.57743,12.0,0.0,0.0,100.0,-7.0,7.0,8.0,11.0,1.0,99.38582,16.0,0.0,0.0,0.0,74.08085,0.0,4.0,0.0,100.0,0.0
85.0,338.71024,3.0,140.07057,21.0,0.0,0.0,100.0,-7.0,7.0,8.0,24.0,1.0,18.470373,5.031057,1.0,0.0,0.18904653,-8.0,3.0,1.0,0.0,16.317434,0.0
75.0,530.86914,26.231497,198.11223,16.0,1.0,0.0,94.0,25.444647,6.0,4.0,16.094645,0.0,31.0,0.0,0.0,0.0,9.0,-8.0,3.0,1.0,0.0,66.932014,0.0
86.0,201.84824,21.751694,74.0,10.0,0.0,0.0,100.0,-7.0,7.0,8.0,10.457475,0.0,66.15294,1.9001511,1.0,1.0,0.9446005,59.771786,0.7343535,2.0,0.0,33.0,0.0
83.0,332.99295,17.008625,132.01231,22.0,0.0,0.0,100.0,-7.0,7.0,8.0,28.0,0.0,37.0,-8.0,0.0,0.0,19.0,49.947754,3.0,2.0,0.0,42.721954,0.0
87.0,186.80292,17.957085,82.60744,24.0,0.0,0.0,100.0,-7.0,7.0,8.0,23.0,0.0,33.17393,-7.0,2.0,2.0,5.8470516,-8.0,2.0,2.0,0.0,46.162067,0.0
79.0,125.55329,13.028036,68.54994,3.4872823,0.0,0.0,100.0,-7.0,7.0,8.0,3.9850068,0.0,51.559494,5.0,0.0,0.0,0.0,79.43749,1.0,2.0,0.0,80.0,0.0
-9.0,-9.0,-9.0,-9.0,-9.0,-9.0,-9.0,-9.0,-9.0,-9.0,-9.0,-9.0,-9.0,-9.0,-9.0,-9.0,-9.0,-9.0,-9.0,-9.0,-9.0,-9.0,-9.0,0.0
87.0,387.96082,2.1207383,114.30709,25.0,0.0,0.0,100.0,-7.0,7.0,8.0,20.010218,3.0,21.0,0.0,0.0,0.0,10.0,-8.0,3.0,2.0,0.0,44.100563,0.0
81.13324,162.94606,5.0,57.944393,14.0,0.0,0.0,100.0,-7.0,7.0,8.0,15.0,2.0,51.081184,-7.0,1.0,1.0,16.0,-8.0,1.0,2.0,0.0,62.30578,0.0
66.0,263.64346,29.841728,128.73,20.71068,0.0,0.0,91.0,20.925474,6.0,6.0,26.0,0.0,23.0,1.0,1.0,1.0,59.450314,23.281532,7.0,3.0,3.0,80.0,0.0
76.86613,173.67279,2.0,53.48364,18.0,0.0,0.0,100.0,-7.0,7.0,8.0,20.0,2.0,41.0,0.0,3.0,3.0,13.0,71.0,4.0,3.0,0.0,70.67274,0.0
85.0,177.46944,29.092066,87.991394,13.0,0.0,0.0,100.0,-7.0,7.0,8.0,5.6878467,0.0,37.21082,-8.0,0.0,0.0,0.60529417,38.431477,1.0,1.9280457,0.0,50.0,0.0
87.7361,158.59373,6.0,74.0,15.0,0.0,0.0,100.0,-7.0,7.0,8.0,24.0,1.0,40.0,16.0,0.0,0.0,9.0,-8.0,1.0,1.0,0.0,46.63942,0.0
84.0,105.15818,2.0,66.24149,29.0,0.0,0.0,100.0,-7.0,7.0,8.0,35.0,1.0,22.757147,16.0,0.0,0.0,13.892293,28.215984,3.0,3.0,0.0,49.015907,0.0
88.0,261.28146,20.0,142.65173,14.905024,0.0,0.0,100.0,-7.0,7.0,8.0,8.22162,0.0,15.6059,-8.0,1.0,1.0,2.0,-8.0,4.0,2.0,0.0,60.0,0.0
83.0,208.18547,3.0,147.60823,27.229055,0.0,0.0,100.0,-7.0,7.0,8.0,42.167152,3.0,30.0,12.8502245,0.0,0.0,31.188986,46.76777,6.0,2.0,2.0,57.0,0.0
77.981995,203.30226,5.0,94.12962,41.1949,0.0,0.0,100.0,-7.0,7.0,8.0,35.37665,2.0,13.0,0.0,0.0,0.0,28.0,-8.0,5.0,1.0,0.0,43.0,0.0
87.0,188.17174,4.0,132.06818,20.121946,0.0,0.0,83.44904,38.46775,6.0,6.0,7.0,2.0,41.0,-8.0,1.0,0.0,1.1575171,63.930218,3.0,2.0,0.0,83.91776,0.0
80.0,227.96599,2.0,86.29533,30.0,0.0,0.0,100.0,-7.0,7.0,8.0,26.028475,1.0,14.0,13.987675,0.0,0.0,18.856873,69.31389,2.0,2.0,0.0,33.89525,0.0
78.39562,314.3939,27.084333,124.38743,6.94339,3.223197,0.0,69.5601,59.758694,6.0,4.0,11.0,0.0,46.0,-7.0,0.0,0.0,28.364052,-8.0,1.0,2.0,0.0,99.2212,0.0
76.0,161.56987,24.110128,58.09217,6.0,0.0,0.0,100.0,-7.0,7.0,8.0,7.560901,0.0,36.788643,1.0,1.0,1.0,94.19374,71.0,2.0,3.0,1.0,100.0,0.0
60.17483,279.59262,3.0,84.74167,31.0,1.0,1.0,88.35857,-7.0,4.0,4.665494,31.842133,3.0,50.133137,2.6086018,1.8309145,1.0,22.951338,63.606953,8.0,3.0,0.0,83.0,0.0
73.0,261.4817,10.0,131.48936,21.0,2.0,1.0,91.84372,38.859867,6.0,2.0,27.0,1.0,18.0,4.0,1.0,1.0,11.3950615,-8.0,5.0,-8.0,0.0,69.65273,0.0
70.0,238.67213,13.412664,129.32791,13.0,0.0,0.0,84.72938,6.0,4.0,6.0,17.0,0.0,23.0,0.0,0.0,0.0,48.971066,90.1035,3.5911849,2.0,0.0,88.30392,0.0
80.031654,173.79753,7.0,96.56022,22.0,0.0,0.0,95.01377,54.251972,6.0,6.0,22.0,1.0,50.0,9.250477,0.0,0.0,23.662872,-8.0,3.0741968,2.0,0.0,63.108925,0.0
63.0,203.08818,2.0,54.536037,40.150074,0.0,0.0,97.0,47.453976,6.0,6.0,38.0,10.863751,21.006779,0.0,4.0,4.0,60.654617,69.94121,6.0,3.0,1.0,86.0,0.0
-9.0,-9.0,-9.0,-9.0,-9.0,-9.0,-9.0,-9.0,-9.0,-9.0,-9.0,-9.0,-9.0,-9.0,-9.0,-9.0,-9.0,-9.0,-9.0,-9.0,-9.0,-9.0,-9.0,0.0
87.0,290.30453,5.0,68.59714,42.623768,0.0,0.0,100.0,-7.0,7.0,8.0,36.12122,4.0,17.0,4.146951,0.0,0.0,0.0,-8.0,3.0,-8.0,0.0,29.382618,0.0
70.90228,246.57854,5.0,98.035385,30.0,0.0,0.0,100.0,-7.0,7.0,8.0,32.0,2.0,14.0,-7.0,0.0,0.0,61.74466,74.16294,5.4054494,2.0,2.0,56.0,0.0
75.360435,103.09282,6.0,69.86305,19.719913,0.0,0.0,100.0,-7.0,7.0,8.0,26.87548,1.0,68.8167,9.8256645,1.0,1.0,59.904057,-8.0,2.0,2.0,0.0,71.0,0.0
77.0,195.75073,8.0,98.03047,20.0,1.0,0.0,96.081535,37.60967,6.0,4.068173,24.0,2.0,43.0,4.0,3.0,3.0,19.0,-8.0,2.0,2.0,0.0,33.0,0.0
77.0,208.46892,4.0,38.355446,19.0,0.0,0.0,100.0,-7.0,7.0,8.0,24.0,2.0,23.0,0.0,3.0,3.0,17.0,55.646484,4.579251,2.0,0.0,55.044556,0.0
81.02693,231.97935,1.0,99.09589,21.0,0.0,0.0,96.0,55.924686,6.0,6.0,20.20544,2.0,36.0,7.0,3.0,3.0,19.561499,9.940386,3.0,2.0,0.0,50.0,0.0
84.48699,321.29184,7.7969875,81.774895,23.0,0.0,0.0,100.0,-7.0,7.0,8.0,22.0,3.0,44.323742,0.0,0.0,0.0,8.220083,88.51202,4.0,2.0,0.0,60.0,0.0
80.0,238.41615,5.0,110.69829,30.084364,0.0,0.0,90.0,17.18119,6.0,6.0,34.0,1.0,30.0,12.0,1.0,1.0,8.0,60.1044,4.0,2.0,0.0,50.067474,0.0
-9.0,-9.0,-9.0,-9.0,-9.0,-9.0,-9.0,-9.0,-9.0,-9.0,-9.0,-9.0,-9.0,-9.0,-9.0,-9.0,-9.0,-9.0,-9.0,-9.0,-9.0,-9.0,-9.0,0.0
79.0,236.2317,3.0,106.05404,15.0,0.0,0.0,96.0,45.045155,6.0,6.0,17.0,1.0,39.0,0.0,0.0,0.0,23.288874,84.032364,4.0,3.0,1.0,71.0,0.0
80.0,133.95671,7.0,60.324497,15.046752,0.0,0.0,100.0,-7.0,7.0,8.0,18.0,1.0,58.748886,0.0,1.0,1.0,34.95566,66.7513,1.0,3.0,1.0,80.0,0.0
66.92724,162.83829,8.697775,95.79639,35.03439,1.0,0.0,88.14147,8.092179,4.0,6.0,28.786768,2.0,45.884407,6.295292,0.0,0.0,0.0,51.704502,2.0,2.0,0.0,55.541706,0.0
79.0,472.98764,5.1701035,97.0,22.0,0.0,0.0,97.77733,76.43132,6.0,6.0,24.0,1.0,20.0,1.4718713,1.0,1.0,47.170376,68.86402,2.0,1.0216293,0.0,48.909546,0.0
86.0,336.10464,7.0,92.228546,23.34047,0.0,0.0,100.0,-7.0,7.0,8.0,26.844162,1.0,18.988028,-8.0,0.0,0.0,22.93937,9.787492,4.0,2.0,0.0,40.168594,0.0
66.0,404.71545,15.449036,140.72137,33.0,0.0,0.0,80.77982,2.0,6.0,6.0,34.95592,0.0,19.0,0.0,0.0,0.0,21.0,-8.0,5.0,2.0,0.0,40.0,0.0
75.0,145.52426,3.0,67.71548,11.0,0.0,0.0,91.75098,62.082325,6.0,5.0,15.938273,2.0,50.0,0.0,0.0,0.0,29.3585,13.404582,2.0,2.0,-9.0,75.0,0.0
84.0,181.92276,5.4045596,86.61825,19.0,0.0,0.0,97.0,-7.0,6.0,6.0,19.0,1.0,46.24697,0.0,0.0,0.0,32.397945,84.93443,3.0,2.0,1.0,59.067104,0.0
77.917854,272.27142,35.779922,115.93169,13.0,0.0,0.0,90.0,23.166443,6.0,6.0,16.0,0.0,26.0,18.428185,0.0,0.0,20.990192,-8.0,4.0,1.0,0.0,100.0,0.0
78.0,140.20068,7.0,64.66575,25.0,0.0,0.0,94.0,15.496998,5.7591887,6.0,26.0,1.0,29.513702,0.0,0.0,0.0,4.0,95.53068,4.0,3.0,0.0,77.512634,0.0
84.76745,185.10097,15.0,94.0,32.740395,0.0,0.0,100.0,-7.0,7.0,8.0,38.0,0.0,24.0,7.0,2.0,2.0,21.219063,23.775896,3.0,4.0,0.0,60.0,0.0
75.0,546.31354,2.0,191.63895,36.0,0.0,0.0,97.0,5.584534,4.0,6.0,35.94787,2.0,33.0,0.0,10.759005,9.482214,8.0,-8.0,4.0,1.0,0.0,40.0,0.0
77.0,421.4611,30.056723,99.187706,23.0,0.0,0.0,100.0,-7.0,7.0,8.0,30.422293,0.0,57.63388,0.8832522,0.0,0.0,17.0,77.20933,4.0,2.0,1.0,80.0,0.0
81.0,262.8065,4.0,79.0,29.0,1.0,0.0,95.43954,19.76287,6.0,5.0,30.0,3.0,58.9526,0.0,1.0,1.0,4.73905,75.827034,2.0,2.0,0.0,51.132305,0.0
89.0,219.56747,5.0,120.28165,15.0,0.0,0.0,100.0,-7.0,7.0,8.0,19.140255,1.0,16.39968,0.0,1.0,1.0,8.0,-8.0,4.0,-8.092646,0.0,64.83513,0.0
76.726746,370.03656,4.0,83.0,15.0,0.0,0.0,100.0,-7.0,7.0,8.0,20.809162,3.0,22.0,-8.0,0.0,0.0,36.041763,-8.0,3.0,1.0,0.0,62.873753,0.0
78.0,162.58899,2.0,95.99794,22.0,0.0,0.0,100.0,-7.0,7.0,8.0,22.067944,2.0,41.399258,1.0,2.0,2.0,25.0,-8.0,4.0,2.0,0.0,80.0,0.0
81.0,416.09723,3.0,114.153946,21.0,0.0,0.0,100.0,-7.0,7.0,8.0,18.0,1.0,29.0,5.0,0.0,0.0,28.377237,-8.0,4.0,1.0,1.0,67.0,0.0
80.0,15.874194,7.0,54.340054,12.0,0.0,0.0,93.0,25.839596,6.0,6.0,5.791948,1.0,29.0,0.0,2.0,2.0,2.131421,-8.0,2.0,1.0,0.0,50.0,0.0
84.0,80.832756,7.0,38.85886,15.594325,0.0,0.0,100.0,-7.0,7.0,8.0,16.0,2.0,8.263227,3.0,0.0,0.0,0.0,20.577436,1.0,1.0,0.0,20.06607,0.0
85.018265,387.25436,7.0,162.008,16.0,0.0,0.0,100.0,-7.0,7.0,8.0,19.0,1.0,30.852125,12.0,1.0,1.0,19.293846,68.11078,2.0,2.0,0.0,70.0,0.0
-9.0,-9.0,-9.0,-9.0,-9.0,-9.0,-9.0,-9.0,-9.0,-9.0,-9.0,-9.0,-9.0,-9.0,-9.0,-9.0,-9.0,-9.0,-9.0,-9.0,-9.0,-9.0,-9.0,0.0
63.0,337.51694,2.0,110.717064,46.74991,0.0,0.0,95.0,11.193116,6.0,6.0,57.43638,1.3120508,21.0,0.0,2.0,2.0,43.74554,-8.0,11.0,2.0,5.898922,67.0,0.0
77.0,-9.0,7.02587,44.63165,15.11334,0.0,0.0,100.0,-7.0,7.0,8.0,3.9915626,2.0,18.244122,4.239818,2.0,1.0,6.0,-8.0,2.0,1.0,0.0,72.3252,0.0
67.11678,176.84195,7.0,116.6427,16.0,1.0,0.0,83.03433,59.142048,6.0,5.8827696,19.0,1.0,23.0,-7.0,1.0,0.0,61.64157,-8.0,2.0,1.0,1.0,50.0,0.0
67.779915,221.68715,5.0,70.0,25.0,0.0,0.0,82.52387,31.47058,6.0,6.0,32.069214,3.0,25.0,0.0,2.0,2.0,29.962467,-8.0,4.0,1.0,2.0,50.272842,0.0
79.0,204.80318,5.0,67.522705,27.0,1.0,0.0,94.0,70.55885,6.0,5.0,34.599182,1.0,21.0,8.0,0.0,0.0,9.0,-8.0,3.0,1.0,0.0,45.848106,0.0
86.25475,160.82932,11.654858,81.0,12.0,0.0,0.0,100.0,-7.0,7.0,8.0,8.0,0.0,43.0,9.0,1.0,1.0,22.933071,85.032455,2.0,2.0,0.0,67.0,0.0
78.0,79.99277,7.0,63.92038,30.51027,1.0,1.4141753,90.72413,33.013504,6.0,2.0,34.0,2.0,25.0,8.0,1.0,1.0,13.31558,-8.0,6.0,2.0,0.0,50.0,0.0
58.768784,181.25623,5.0,61.858284,25.0,0.0,0.0,83.716675,0.26144242,4.0,6.0,27.0,3.0,45.0,5.408514,0.0,0.0,37.242706,68.99695,4.0,3.0,1.0,51.654133,0.0
80.0,255.96275,20.0,123.37618,28.0,0.0,0.0,97.0,42.595425,6.0,6.0,18.915653,0.0,26.396376,0.0,0.0,0.0,12.0,25.539759,3.0,2.0,0.0,50.0,0.0
66.309944,332.6362,5.0,71.0,23.0,0.0,0.0,92.0,36.569107,6.0,6.0,28.466042,2.0,43.0,2.2491887,3.4768615,3.0,116.054276,85.25472,3.0,3.0,5.9544563,100.0,0.0
75.0,200.0573,7.0,109.37488,23.0,0.0,0.0,100.0,-7.0,7.0,8.0,26.0,1.0,35.0,0.0,5.0,4.137438,53.807217,42.677387,6.0,3.0,2.0,80.0,0.0
78.0,207.12473,20.0,89.12712,39.61743,0.0,0.0,100.0,-7.0,7.0,8.0,41.294994,0.0,15.434175,23.922915,0.0,0.0,41.18876,88.0,8.0,1.320052,3.6883535,60.0,0.0
86.50768,394.1409,2.0,101.82447,37.37845,0.0,0.0,100.0,-7.0,7.0,8.0,44.23934,3.0,33.0,0.0,0.0,0.0,15.753675,96.934845,3.0,3.0,0.0,57.978516,0.0
77.0,53.044662,5.1588492,70.0,31.934315,0.0,0.0,100.0,-7.0,7.0,8.0,3.998787,1.0,27.913456,0.0,4.0,4.0,11.0,-8.0,3.0,1.0,0.0,50.0,0.0
-9.0,-9.0,-9.0,-9.0,-9.0,-9.0,-9.0,-9.0,-9.0,-9.0,-9.0,-9.0,-9.0,-9.0,-9.0,-9.0,-9.0,-9.0,-9.0,-9.0,-9.0,-9.0,-9.0,0.0
80.0,-9.0,7.138725,68.0,18.893538,0.0,0.0,100.0,-7.0,7.0,8.0,3.98957,1.0,31.0,0.0,0.0,0.0,30.528831,-7.1253614,2.0,1.0,1.0,40.0,0.0
84.06568,355.21924,4.439114,155.75908,18.0,0.0,0.0,100.0,-7.0,7.0,8.0,20.0,1.0,40.0,0.0,4.0,4.0,3.0,-8.0,2.0,1.0,0.0,45.45087,0.0
-9.0,-9.0,-9.0,-9.0,-9.0,-9.0,-9.0,-9.0,-9.0,-9.0,-9.0,-9.0,-9.0,-9.0,-9.0,-9.0,-9.0,-9.0,-9.0,-9.0,-9.0,-9.0,-9.0,0.0
83.81111,229.27263,2.0,70.0,28.736183,0.0,0.0,100.0,-7.0,7.0,8.0,29.51034,2.0,10.143433,1.0,1.0,1.0,1.0,-8.0,2.0,1.0,0.0,22.513544,0.0
69.0,199.21515,8.0,74.0,14.0,0.0,0.0,88.12863,5.7608542,6.0,6.0,14.0,2.0,33.0,1.0,2.0,2.0,35.741665,48.48326,4.0,2.0,1.0,75.0,0.0
87.0,292.03363,9.0,103.94666,22.0,0.0,0.0,100.0,-7.0,7.0,8.0,21.0,0.15008302,26.375011,0.0,0.0,0.0,13.087451,-8.0,2.0,2.0,0.0,38.912228,0.0
80.0,-4.755811,2.0,56.64199,18.273266,0.0,0.0,100.0,-7.0,7.0,8.0,19.0,2.0,53.52287,3.0,0.0,0.0,30.867624,97.79391,4.0,4.0,1.0,81.46969,0.0
87.0,795.1735,7.0,316.4687,20.0,0.0,0.0,100.0,-7.0,7.0,8.0,20.08857,1.0,26.0,-9.0,0.0,0.0,9.0,93.1216,6.0,3.0,0.0,63.0,0.0
70.07951,245.72906,13.357419,127.6719,46.26789,0.0,0.0,97.0,-7.0,6.0,6.781737,47.16349,0.0,24.0,-8.0,0.0,0.0,36.261406,-8.0,9.0,3.0,3.0,63.0,0.0
82.117004,289.26147,17.41146,124.23356,15.0,0.0,0.0,97.0,59.285675,6.0,6.0,14.454766,0.0,22.0,0.0,4.0,3.0,0.0,-8.0,1.0,2.0,0.0,22.34918,0.0
81.6626,286.86038,3.0,82.48626,36.0,0.0,0.0,94.0,27.891703,6.0,6.0,35.0,2.0,16.0,0.0,0.0,0.0,13.127756,81.95021,3.36775,3.0,0.0,22.92462,0.0
83.0,374.59528,16.258099,96.65758,22.943607,0.0,0.0,94.0,39.32662,6.0,6.0,21.0,0.0,21.0,23.82481,0.0,0.0,0.0,50.515095,0.0,2.0,0.0,25.0,0.0
89.0,246.02316,29.704212,98.76427,18.0,0.0,0.0,100.0,-7.0,7.0,8.0,21.0,0.0,-6.0041456,0.0,1.0,0.0,1.0,-8.0,2.0,1.0,0.0,29.431305,0.0
78.0,167.49696,2.0,94.0,20.0,0.0,0.0,88.0,18.688261,6.0,6.0,18.0,2.0,45.67548,0.0,0.0,1.0,7.0,76.03143,3.5694904,3.0,0.0,67.0,0.0
81.086555,165.05759,2.0,66.94873,28.917313,0.0,0.0,100.0,-7.0,7.0,8.0,28.386572,2.0,17.0,-7.0,2.0,2.0,0.0,-8.0,-9.0,1.0,0.0,-8.505865,0.0
80.50133,105.278076,5.0,84.26299,20.395212,0.0,0.0,92.0,0.5776158,6.0,6.0,19.0,4.0,68.97558,0.0,0.0,0.0,35.338966,70.16353,2.0,3.0,0.0,50.0,0.0
82.0,368.14923,10.0,77.0,32.0,0.0,0.0,100.0,-7.0,7.0,8.0,30.0,2.0,30.0,0.0,0.0,0.0,1.0,-8.0,3.0,3.0,0.0,43.065903,0.0
81.0,239.08199,8.0,94.0,21.0,0.0,0.0,100.0,-7.0,7.0,8.0,24.669209,1.0,43.0,2.0,0.0,0.0,13.608076,49.469006,4.0,5.668765,0.0,73.0,0.0
80.0,256.48508,3.0,75.7858,22.0,0.0,0.0,95.0,22.082108,6.0,6.0,24.665823,2.0,71.86667,5.0,2.0,2.0,17.0,88.07644,2.0,4.0,0.0,69.51277,0.0
86.0,177.58578,24.519472,104.65769,13.0,0.0,0.0,100.0,-7.0,7.0,8.0,16.165369,0.0,31.027355,-8.0,0.0,0.0,22.307465,-8.0,4.0,1.0,0.0,71.0,0.0
80.0,151.90846,12.0,46.56176,17.0,0.0,0.0,100.0,-7.0,7.0,8.0,34.79935,1.2651514,10.060089,0.0,0.0,0.0,17.398844,-8.0,5.8495584,1.0,0.0,80.0,0.0
82.0,59.792446,28.907946,64.1976,-9.0,0.0,0.0,100.0,-7.0,7.0,8.0,-9.0,0.0,98.584984,-7.0,0.0,0.0,16.0,75.18353,0.0,2.0,0.0,91.35886,0.0
68.513435,156.41379,14.200151,81.0,11.357963,1.0,1.0,91.0,14.571264,6.0,5.0,11.0,0.0,62.8462,12.0,0.0,0.0,42.267536,-8.0,2.0,-8.0,1.0,67.0,0.0
83.215744,177.5528,7.0,68.0,29.0,0.0,0.0,100.0,-7.0,7.0,8.0,23.38576,2.0,27.0,10.918087,0.0,0.0,2.0,55.587788,2.0,2.0,0.0,33.0,0.0
86.0,160.5353,11.0,82.12307,16.0,0.0,0.0,100.0,-7.0,7.0,8.0,20.0,2.0,76.9162,17.783596,0.0,0.0,9.0,56.083294,1.0,3.0,0.0,64.0,0.0
71.37081,159.83028,7.0,66.50423,24.0,1.0,1.0,100.0,-7.0,6.0,8.0,28.114141,2.0,45.0,0.0,0.0,0.0,22.336758,59.050102,7.0,2.0,1.0,71.0,0.0
82.0,221.54146,5.0,93.22815,22.0,0.0,0.0,100.0,-7.0,7.0,8.0,30.0,1.0,22.0,1.0,1.0,1.0,21.394594,-8.0,1.0,1.0,0.0,39.674484,0.0
73.0,368.96332,4.0,101.22524,30.0,0.0,0.0,96.0,47.58459,6.0,6.0,26.447243,1.0,47.0,-7.0,2.0,1.0,53.475998,84.37508,6.0,4.0,1.0,80.0,0.0
76.0,242.15253,1.4605715,81.0,27.0,0.0,0.0,100.0,-7.0,7.0,8.0,31.574108,3.3741066,38.0,0.0,2.0,2.0,56.764153,22.476444,2.2849326,2.0,2.0,56.0,0.0
76.0,132.12947,17.0,44.15383,13.0,0.0,0.0,100.0,-7.0,7.0,8.0,12.371669,0.0,28.0,0.0,0.0,0.0,36.0,-8.0,4.0,2.0,1.0,69.7128,0.0
65.21587,262.4449,2.0,122.23752,44.78412,3.843065,2.8389592,75.73514,25.010775,6.0,2.0,46.909885,5.0,39.030914,6.0,2.0,1.0,38.427216,75.44062,11.0,3.7550747,3.0,67.0,0.0
72.0,150.13307,4.0,71.0,20.0,0.0,0.0,86.12676,24.700024,6.0,6.0,26.321709,4.0,43.0,9.340196,0.0,0.0,18.0,-8.0,3.0,2.0,0.0,71.49288,0.0
80.0,397.0848,18.905294,140.55888,23.810112,0.0,0.0,100.0,-7.0,7.0,8.0,23.895481,0.0,16.0,12.578708,0.0,0.0,22.518581,-8.0,8.082391,-8.0,1.0,52.844547,0.0
61.99746,196.70706,7.0,89.0839,23.0,0.0,0.0,96.0,25.642525,6.0,6.0,20.0,1.0,19.0,0.0,0.0,0.0,46.55912,92.01068,8.267836,2.0,4.0,67.0,0.0
83.0,318.1834,24.877333,84.92754,37.812508,0.0,0.0,100.0,-7.0,7.0,8.0,28.807398,0.0,57.847885,0.0,0.0,0.0,11.24319,-8.0,2.0,2.0,0.0,50.0,0.0
76.0,296.12814,2.0,88.140915,32.0,0.0,0.0,100.0,-7.0,7.0,8.0,32.0,4.0,22.0,0.0,2.0,1.0,22.24949,54.489014,4.0,3.0,1.0,48.615738,0.0
87.0,384.2696,15.145277,138.0337,22.0,0.0,0.0,100.0,-7.0,7.0,8.0,34.0,0.0,8.653993,0.0,0.0,0.0,8.0,-8.0,3.0,-8.0,0.0,47.033558,0.0
-9.0,-9.0,-9.0,-9.0,-9.0,-9.0,-9.0,-9.0,-9.0,-9.0,-9.0,-9.0,-9.0,-9.0,-9.0,-9.0,-9.0,-9.0,-9.0,-9.0,-9.0,-9.0,-9.0,0.0
80.0,298.32828,5.0,103.44884,27.0,0.0,0.0,95.0,32.53818,6.0,6.0,33.0,2.0,22.0,5.0,0.0,0.0,12.731461,-8.0,6.0,1.0,0.0,62.64864,0.0
79.0,226.19247,3.0,76.57014,24.0,0.0,0.0,100.0,-7.0,7.0,8.0,25.0,1.0,18.80071,-8.0,0.0,0.0,22.972912,84.000305,5.0,2.0,3.0,71.0,0.0
82.9882,155.03284,5.1777053,58.0,20.843493,0.0,0.0,100.0,-7.0,7.0,8.0,23.0,2.0,42.0,17.992365,0.0,0.0,9.318695,53.541557,2.0,1.0,0.0,56.0,0.0
86.0,150.56851,6.0,56.85973,15.0,0.0,0.0,100.0,-7.0,7.0,8.0,20.660727,0.0,24.0,0.0,1.0,1.0,4.0,-8.0,1.0,-8.0,0.0,21.52633,0.0
83.0,273.15564,7.0,96.34345,27.0,0.0,0.0,96.0,10.282634,6.0,6.0,28.0,1.0,60.97068,0.0,2.0,2.0,0.0,88.0,3.0,4.0,0.0,75.0,0.0
89.0,356.5424,35.909096,131.61644,19.0,0.0,0.0,100.0,-7.0,7.0,8.0,23.0,0.0,50.0,8.967747,1.0,1.0,5.0,-8.0,2.0,-8.0,0.0,40.814575,0.0
81.92086,284.09442,6.374311,95.39639,13.0,0.0,0.0,77.73505,23.882738,6.0,6.0,15.203464,1.0,47.39145,-8.0,0.0,0.0,3.0145528,41.316826,1.0,1.0,0.0,50.0,0.0
72.0,153.18846,2.0,68.02887,32.0,0.0,0.0,100.0,-7.0,7.0,8.0,29.0,1.0,23.0,1.0,4.0,3.0,48.16261,-8.0,3.0,1.0,1.421234,100.0,0.0
84.0,231.03888,16.552626,94.0,22.0,3.0,0.0,96.0,76.98097,6.0,4.0,21.0,0.0,34.656715,0.0,0.0,0.0,0.0,-8.0,1.0,1.0,0.0,-0.69327027,0.0
75.0,259.97882,11.0,98.30044,42.946537,1.5241467,1.0206532,100.0,46.178665,6.0,2.0,42.144054,1.0,51.817505,5.818186,0.0,0.0,21.929115,57.16973,4.0,4.0,0.0,75.0,0.0
92.64674,334.67624,6.0,105.71292,15.0,0.0,0.0,100.0,-7.0,7.0,8.0,21.0,2.0,34.53793,16.0,0.0,0.0,1.0,69.57736,2.0,1.0,0.0,60.0,0.0
57.755795,-9.0,13.0,50.338497,20.382616,1.0,0.0,85.1076,14.699546,6.0,5.0,5.8378644,0.0,49.21658,2.0,4.0,3.7093604,44.529575,22.553934,5.0,3.0,1.0,82.386566,0.0
-9.0,-9.0,-9.0,-9.0,-9.0,-9.0,-9.0,-9.0,-9.0,-9.0,-9.0,-9.0,-9.0,-9.0,-9.0,-7.8780856,0.0,-9.0,-9.0,-9.0,-9.0,-9.0,-9.0,0.0
86.0,134.91893,17.0,72.537964,6.218511,1.0,0.0,82.15985,59.20094,6.0,5.0,9.0,0.0,58.928253,4.0,0.0,0.0,-3.2143617,53.15512,-6.238212,2.0,0.0,36.10724,0.0
86.0,297.81332,3.0062678,100.0,15.0,0.0,0.0,100.0,-7.0,7.0,8.0,16.0,1.0,51.647503,3.0,3.2190816,3.0,11.0,-8.0,1.0,1.0,0.0,75.0,0.0
-9.0,-9.0,-9.0,-9.0,-9.0,-9.0,-9.0,-9.0,-9.0,-9.0,-9.0,-9.0,-9.0,-9.0,-9.0,-9.0,-9.0,-9.0,-9.0,-9.0,-9.0,-9.0,-9.0,0.0
87.88977,280.9472,12.664074,91.316216,18.0,0.0,0.0,100.0,-7.0,7.0,8.0,13.08971,0.0,40.0,16.0,0.0,0.0,2.0,-8.0,2.0,2.0,0.0,62.244473,0.0
70.0,388.8513,3.38432,102.36377,35.02577,2.4005086,0.0,83.462296,21.55537,6.0,4.0,41.23382,1.0,20.0,1.0,1.0,1.0,19.329268,-8.0,2.1008613,1.0,0.0,39.894257,0.0
86.0,114.65525,2.0,65.66168,18.0,0.0,0.0,100.0,-7.0,7.0,8.0,15.0,1.0,33.857574,2.0,2.0,2.0,6.0,-8.0,2.1650217,3.0,0.0,57.01939,0.0
68.0,154.79959,6.0,41.335003,33.591125,0.0,0.0,100.0,-7.0,7.0,8.0,33.0,2.0,36.308258,5.0,0.0,0.0,34.842823,33.066067,5.0,2.0,1.0,58.0,0.0
88.0,354.582,4.0,92.09145,15.0,0.0,0.0,100.0,-7.0,7.0,8.0,28.765038,1.0,27.098597,-9.0,0.0,0.0,10.0,-8.0,3.0,1.0,0.0,54.26619,0.0
91.0,151.07536,2.0,133.61235,23.416878,0.0,0.0,100.0,-7.0,7.0,8.0,8.0,1.0,38.0,0.0,1.0,1.0,1.0,62.516655,1.0,3.7481816,0.0,44.97424,0.0
70.0,242.10866,3.0,143.20279,34.74378,2.0,0.0,84.4045,4.0,6.0,3.0,39.83374,4.0,18.531998,2.0,0.0,0.0,22.129368,93.37514,12.853065,4.0,1.0,64.0,0.0
82.0,322.88693,2.0,113.59297,18.0,0.0,0.0,100.0,-7.0,7.0,8.0,9.0,2.0,24.135029,0.0,0.0,0.0,19.0,92.25708,5.0,2.0,1.0,90.412476,0.0
70.0,195.25464,6.0,74.06771,33.182594,0.0,0.0,93.0,1.7077878,4.0,6.0,38.0,4.0,27.359118,0.0,4.0,4.0,13.552799,93.0,6.0,2.0,1.0,83.0,0.0
92.15132,422.26077,116.12004,114.764694,11.778776,0.0,0.0,100.0,-7.0,7.0,8.0,4.6082726,0.0,32.03099,-8.0,0.0,0.0,1.0,-8.0,1.0,1.0,0.0,33.0,0.0
59.640965,177.62585,1.0,95.08488,30.630749,0.0,0.0,95.0,4.605223,4.0,6.0,22.0,3.0,29.0,0.0,2.0,2.0,44.7878,-8.0,6.0,6.0,3.9874802,61.251827,0.0
78.0,342.0557,13.0,156.89479,19.0,0.0,0.0,100.0,-7.0,7.0,8.0,19.0,1.0,26.725758,-7.0,0.0,0.0,66.46821,-8.0,4.0,2.0,2.0,60.0,0.0
80.0,221.63298,8.0,115.59954,24.0,0.0,0.0,96.0,50.20381,6.0,6.0,26.0,0.0,33.0,0.0,1.0,1.0,19.362398,75.435165,4.0,2.0,0.0,57.0,0.0
82.92872,-9.0,3.0,37.364395,-9.0,0.0,0.0,100.0,-7.0,7.0,8.0,2.6447427,0.0012202461,21.0,0.0,0.0,0.0,19.390804,-8.0,1.0,1.0,0.0,53.14302,0.0
70.0,185.36122,2.0,88.81033,24.0,0.0,0.0,82.34114,6.227342,4.0,6.0,28.0,2.0,39.530884,-7.0,1.0,1.0,31.150948,86.39445,4.0,2.053611,0.0,83.03479,0.0
73.0,259.2162,17.0,97.0,31.0,0.0,0.0,100.0,-7.0,7.0,8.0,42.99588,0.0,37.0,0.0,4.0,4.0,47.39614,35.708176,6.0,2.0,2.0,80.0,0.0
79.0,103.17786,2.0,60.0093,55.337,0.0,0.0,97.0,32.249447,6.0,6.0,58.89659,3.0,34.71583,0.0,3.0,3.0,0.5995282,-8.0,1.2907698,19.690182,0.0,50.0,0.0
81.0,329.35507,10.0,69.86039,13.169576,0.0,0.0,96.0,-7.0,6.0,7.6909175,11.0,2.0,60.82906,21.371027,0.0,0.0,48.09104,87.6013,3.0,2.0,1.0,83.0,0.0
71.0,219.36986,6.0,70.0,24.577528,0.0,0.0,93.0,-9.0,6.0,6.0,27.193262,2.0,43.168407,-7.0,0.0,0.0,31.543648,-8.0,3.0,3.0,0.0,63.01358,0.0
79.0,167.46944,3.0,72.068375,17.0,0.0,0.0,100.0,-7.0,7.0,8.0,17.0,1.0,43.0,9.0,0.0,0.0,28.0,40.018578,4.0,4.0,1.0,86.0,0.0
70.0,200.91623,5.0,84.0,61.431355,0.0,0.0,98.0,6.6562366,6.0,6.0,86.48848,3.0,27.0,0.0,1.0,1.0,20.978146,-8.0,10.011144,1.0,0.9566493,50.0,0.0
86.0,219.41821,3.0,97.0,28.0,0.0,0.0,100.0,-7.0,7.0,8.0,30.0,2.0,63.895866,0.0,5.566284,5.0,0.0061354125,93.0,1.0,4.0,0.0,41.742115,0.0
73.69758,89.0088,7.0,48.233166,14.048568,0.0,0.0,100.0,-7.0,7.0,8.0,16.0,1.0,21.0,-7.0,0.0,0.0,10.163861,16.88602,1.0,2.0,0.0,45.176067,0.0
78.37598,200.25441,2.0,66.8688,36.61849,0.0,0.0,100.0,-7.0,7.0,8.0,15.0,2.0,35.0,0.0,2.795831,2.0,40.977806,14.00227,5.0,4.0,0.0,50.0,0.0
73.0,133.01428,3.0,57.70951,13.0,0.0,0.0,100.0,-7.0,7.0,8.0,15.0,2.0,20.0,0.0,3.5522857,3.058048,5.1734347,87.882774,2.0,2.0,-8.0,70.0,0.0
68.0,227.38522,25.80766,124.55067,22.752298,0.0,0.0,85.19202,12.282439,6.0,6.0,27.0,0.0,33.04635,-8.0,0.0,0.0,6.078659,-8.0,2.0,4.8419905,0.0,60.0,0.0
83.0,165.13393,9.0,76.47075,24.0,0.0,0.0,100.0,-7.0,7.0,8.0,24.0,0.0,68.42617,2.0,0.0,0.0,0.9134057,31.341814,1.0,17.844954,0.0,67.0,0.0
79.17084,367.9889,5.0,270.34525,35.742622,0.0,0.0,100.0,-7.0,7.0,8.0,37.439106,2.0,17.825369,-5.15045,0.0,0.0,28.0,-8.0,15.788058,1.0,1.0,64.0,0.0
80.0,159.5767,36.662598,95.21197,17.638536,0.0,0.0,91.79937,22.27843,6.0,6.0,15.859488,0.0,66.68928,-7.7079554,0.0,0.0,0.0,-8.0,-9.0,2.0,-8.0,50.0,0.0
75.0,264.05984,3.0,72.49848,77.233406,0.0,0.0,100.0,-7.0,7.0,8.0,91.310036,10.676446,24.0,5.413744,0.0,0.0,22.980103,-8.0,4.0,18.452562,0.0,54.683956,0.0
82.25676,140.53786,10.0,81.0,22.035215,0.0,0.0,100.0,-7.0,7.0,8.0,17.0,2.0,21.0,1.8598994,2.0,1.0,39.8412,-8.0,4.0,1.0,0.0,59.344917,0.0
72.0,129.2979,5.0,57.60718,39.0,0.0,0.0,100.0,-7.0,7.0,8.0,46.283234,2.0,26.711637,3.0,0.0,0.0,14.339598,-8.0,4.0,3.0,1.0,70.519905,0.0
84.44602,70.50786,4.0,67.96163,14.0,0.0,0.0,100.0,-7.0,7.0,8.0,8.0,1.0,16.547112,0.0,1.0,1.0,8.0,-8.0,3.0,1.0,0.0,58.0,0.0
74.0,337.24033,4.0,87.67567,23.0,0.0,0.0,100.0,-7.0,7.0,8.0,14.0,4.0,29.0,0.0,5.0,5.0,27.738276,38.06568,4.0,1.0,0.0,80.0,0.0
63.47851,224.33394,6.9771943,71.1903,29.0,0.0,0.0,95.0,4.0,4.0,6.0,34.0,5.0,53.98586,0.0,1.0,1.0,56.319584,72.75518,4.0,2.4704416,2.0,75.0,0.0
81.0,65.7735,10.43068,71.0,11.953159,0.0,0.0,100.0,-7.0,7.0,8.0,12.0,1.0,33.235504,0.0,0.0,0.0,49.784878,-8.0,1.0,-8.0,0.0,33.0,0.0
78.0,208.87854,21.168564,82.0,35.604156,0.0,0.0,100.0,-7.0,7.0,8.0,31.0,1.0,14.0,0.0,0.0,0.0,9.652056,47.022743,4.0,2.0,0.0,25.996315,0.0
58.657234,140.99377,4.0,74.213036,33.931625,0.0,0.0,85.4056,5.290696,4.0,6.0,34.0,1.0,12.000685,-7.0,1.0,1.0,72.00741,47.860966,5.0,3.0,1.0,70.0,0.0
80.0,212.56735,8.0,74.0,38.094254,0.0,0.0,95.87567,11.397464,3.8822136,6.0,43.887142,1.0,38.0,0.0,0.0,0.0,8.0,84.824066,2.0,6.0,0.0,50.0,0.0
66.17563,167.05138,2.0,64.199615,20.0,0.0,0.0,100.0,-7.0,7.0,8.0,28.484781,2.0,27.0,0.0,2.6654994,2.0,2.0,93.56846,4.0,2.0,2.0,58.0,0.0
91.0,162.24344,12.0,71.04847,18.0,0.0,0.0,100.0,-7.0,7.0,8.0,33.4003,1.0,9.067563,23.494337,0.0,0.0,1.0,-8.0,1.0,1.0,0.0,20.291258,0.0
83.0,176.96603,5.0,94.70315,9.0,0.0,0.0,100.0,-7.0,7.0,8.0,11.0,2.0,21.0,0.0,0.0,0.0,17.0,-8.0,3.0,1.0,0.0,86.0,0.0
87.0,362.445,20.0,107.486244,23.0,0.0,0.0,100.0,-7.0,7.0,8.0,23.87036,0.0,57.886383,0.0,0.0,0.0,11.0,36.378998,2.0,2.0,0.0,82.5914,0.0
88.24523,137.00482,3.0,57.299873,14.0,0.0,0.0,100.0,-7.0,7.0,8.0,14.493597,3.0,50.0,13.776771,0.0,0.0,2.0990508,45.38821,2.0,1.0,0.0,67.0,0.0
80.0,323.75333,3.0,98.13694,27.604017,0.0,0.0,100.0,-7.0,7.0,8.0,33.568157,2.0,45.0,7.086215,3.0,3.0,8.0,70.15196,7.0,5.0,1.0,71.0,0.0
62.642525,125.95092,8.0,62.594482,21.195265,0.0,0.0,91.0,-7.0,4.0,6.0,20.0,2.0,31.879778,12.266243,0.0,0.0,38.62658,51.062954,7.0,4.5701594,1.0,78.49041,0.0
77.0,322.97665,18.11058,96.69162,14.394281,1.0,0.0,77.96984,39.234203,6.0,5.8853555,17.0,0.0,68.551926,-7.0,0.0,0.0,7.7407036,72.53412,2.0,4.0,0.0,77.86352,0.0
90.15492,206.76952,17.848013,94.04463,19.0,0.0,0.0,100.0,-7.0,7.0,8.0,22.111965,0.0,36.0,0.0,0.0,0.0,1.0,-8.0,2.0,1.0,0.0,40.0,0.0
66.0,102.749756,25.061485,69.61679,14.0,0.0,0.0,79.00999,4.0,4.0,6.0,15.0,0.0,66.52225,1.0,3.0,3.0,3.0,-8.0,1.0,2.0,0.0,87.53535,0.0
74.0,176.31982,3.7266302,74.37538,18.0,1.0,1.0,88.0,27.184921,6.0,2.0,21.0,1.0,17.14603,5.6272964,1.0,1.0,44.976845,-8.0,3.0,1.0,0.0,71.0,0.0
78.0,125.98732,8.0,63.905342,10.623732,0.0,0.0,100.0,-7.0,7.0,8.0,14.0,1.0,19.944695,9.0,0.0,0.0,64.77686,7.677791,2.0,2.0,0.0,80.0,0.0
75.0,232.63403,4.0,74.64322,28.0,0.0,0.0,96.0,44.23248,6.0,6.0,24.0,5.0,35.0,8.893602,0.0,0.0,31.589981,56.574356,8.0,6.0,0.0,88.0,0.0
66.0,125.95589,9.0,59.516582,22.863703,3.2966526,3.729261,95.0,35.093338,6.0,5.0,29.313654,2.0,35.73687,-7.0,0.0,0.0,38.77654,95.91809,5.0,2.0,0.0,83.59731,0.0
69.70843,389.1672,33.818825,115.66255,30.0,0.0,0.0,95.0,30.9243,6.0,6.0,27.0,0.0,18.0,5.0,0.0,0.0,8.0673485,48.260914,6.0,2.0,1.0,53.25,0.0
78.0,313.21448,26.938534,117.62387,23.0,0.0,0.0,95.0,77.055756,6.0,6.0,22.413095,0.0,49.491627,-7.0,1.0,1.0,51.215813,58.532043,2.0,2.0,1.0,57.0,0.0
69.146324,246.46922,5.0,53.134003,21.0,0.0,0.0,100.0,-7.0,7.0,8.0,20.0,1.0,21.0,0.0,0.0,0.0,43.730755,-8.0,6.980592,3.0,4.668295,75.44167,0.0
81.0,287.83392,7.0,100.0,16.0,0.0,0.0,100.0,-7.0,7.0,8.0,17.0,2.0,24.0,0.0,0.0,0.0,25.008581,68.71882,3.7039192,2.0,0.0,67.0,0.0
-9.0,-9.0,-9.0,3.573337,-9.0,-9.0,-9.0,-9.0,-9.0,-4.4175315,-9.0,-9.0,-9.0,-9.0,-9.0,-9.0,-9.0,-9.0,-9.0,-9.0,-9.0,-9.0,-9.0,0.0
69.0,228.56409,5.0,76.49822,16.086016,1.9050187,0.0,71.53229,12.576302,3.0,5.0,23.0,2.0,30.0,0.0,2.0,2.0,46.969738,-8.0,4.0,1.0,0.0,80.0,0.0
81.0,165.70787,15.0,140.30888,17.0,0.0,0.0,100.0,-7.0,7.0,8.0,10.0,0.0,21.0,1.0,2.0,2.0,25.649563,23.143793,4.0,1.0,0.0,90.67564,0.0
68.69474,196.16989,3.0,81.53768,44.639744,0.0,0.0,100.0,-7.0,7.0,8.0,51.391174,3.9294815,33.0,2.0,0.0,0.0,18.271973,59.672718,10.903168,3.0,4.0,60.0,0.0
89.36017,393.13602,31.956999,198.35446,15.0,0.0,0.0,100.0,-7.0,7.0,8.0,9.0,0.0,37.506195,-8.0,0.0,0.0,1.0,-8.0,2.0,1.0,0.0,45.52354,0.0
-9.0,-9.0,-9.0,-9.0,-9.0,-9.0,-9.0,-9.0,-9.0,-9.0,-9.0,-9.0,-9.0,-9.0,-9.0,-9.0,-9.0,-9.0,-9.0,-9.0,-9.0,-9.0,-9.0,0.0
60.43068,139.84792,3.0,60.84874,27.303411,3.0,3.7245526,88.18178,-7.0,-9.0,5.9767504,24.250353,4.0,31.0,2.0,4.0,4.0,28.0,-8.0,4.0,3.0,1.0,70.11077,0.0
-9.0,254.18494,14.0,80.0,17.864902,2.0,2.0,98.0,-7.0,-9.0,8.0,27.0,0.0,35.0,1.0,1.0,1.0,36.97759,-8.0,3.0,1.0,0.0,33.0,0.0
86.0,307.26752,4.0,151.93944,25.761599,0.0,0.0,97.0,71.39,6.0,6.0,29.0,1.0,60.26289,3.0,3.0,3.0,1.0,66.922455,2.0,2.0,0.0,75.0,0.0
71.0,164.07907,12.833497,93.97949,13.0,0.0,0.0,73.566414,10.862538,6.0,6.0,13.939141,0.0,30.520071,0.0,1.0,1.0,11.0,100.0,2.0,2.0,0.0,51.59373,0.0
76.347595,262.89764,2.0,70.296616,15.0,0.0,0.0,100.0,-7.0,7.0,8.0,16.0,4.944096,27.0,1.0,2.0,2.0,28.0,98.90843,4.0,3.0,0.0,73.0,0.0
78.0,80.62541,6.0,58.0,17.009542,0.0,0.0,90.0,31.369957,6.0,6.0,14.0,1.0,44.97847,16.0,0.0,0.0,0.0,-8.0,1.0,3.0,0.0,60.0,0.0
64.0,134.87228,22.7312,65.0,15.0,1.0,1.0,94.0,4.0,4.0,2.0,14.734739,0.0,42.17447,-7.0,0.0,0.0,29.091686,-8.0,2.0,2.0,0.0,56.0,0.0
87.299644,165.44089,16.0,72.7774,20.0,0.0,0.0,100.0,-7.0,7.0,8.0,19.0,0.0,37.0,5.0,0.0,0.0,0.0,13.432111,0.0,2.0,0.0,30.4354,0.0
85.0,118.799034,3.0,38.601902,11.0,0.0,0.0,100.0,-7.0,7.0,8.0,11.0,2.0,47.0,2.0,0.0,0.0,8.40772,81.68841,3.0,2.0,0.0,72.571075,0.0
73.0,152.13167,3.0,75.809456,22.0,0.0,0.0,100.0,-7.0,7.0,8.0,24.0,3.0,15.525026,1.0,2.0,1.1581827,27.431698,-8.0,9.0,2.0,1.0,60.0,0.0
82.0,183.59918,10.0,72.0,17.0,0.0,0.0,100.0,-7.0,7.0,8.0,12.5827675,1.0,23.0,-8.0,0.0,0.0,33.089817,-8.0,2.0,3.0,1.0,67.0,0.0
-9.0,432.871,2.0,120.96014,34.920856,1.0,1.0,89.0,-1.8444089,-9.0,5.0,30.0,1.0,35.963127,12.0,0.0,0.0,65.75123,86.045525,16.114105,4.0,1.0,100.0,0.0
76.0,290.1832,8.0,86.62467,14.0,0.0,0.0,95.0,36.11937,6.0,5.0,11.0,1.0,19.0,2.8959947,2.0,1.0,14.0,-8.0,2.0,-8.0,0.0,42.170784,0.0
83.0,321.22397,10.0,123.62784,22.0,0.0,0.0,97.0,74.21668,6.0,6.0,41.04403,1.0,35.42615,-7.0,0.0,0.0,11.0,82.69694,1.0,2.0,0.0,81.190865,0.0
-9.0,-9.0,-9.0,-9.0,-9.0,-9.0,-9.0,-9.0,-9.0,-9.0,-9.0,-9.0,-9.0,-9.0,-9.0,-9.0,-9.0,-9.0,-9.0,-9.0,-9.0,-9.0,-9.0,0.0
-9.0,-9.0,-9.0,-9.0,-9.0,-9.0,-9.0,-9.0,-9.0,-9.0,-9.0,-9.0,-9.0,-9.0,-9.0,-9.0,-9.0,-9.0,-9.0,-9.0,-9.0,-9.0,-9.0,0.0
81.0,131.63641,3.0,55.648357,20.0,0.0,0.0,100.0,-7.0,7.0,8.0,26.0,5.7241635,22.161036,0.0,5.175282,5.4513535,11.0,95.2139,2.0,2.0,1.0,41.311058,0.0
-9.0,-8.8087225,-9.0,-9.0,-9.0,-9.0,-9.0,-9.0,-9.0,-9.0,-9.0,-9.0,-9.0,-9.0,-9.0,-9.0,-9.0,-9.0,-9.0,-9.0,-9.0,-9.0,-9.0,0.0
74.0,158.55617,9.0,69.4386,27.0,0.0,0.0,89.90871,6.0,6.0,6.0,30.321188,3.0,31.0,9.0,1.0,1.0,1.0,-8.0,1.0,3.0,0.0,53.757786,0.0
76.0,131.95784,41.53069,117.74351,27.592747,0.0,0.0,100.0,-7.0,7.0,8.0,28.05271,0.0,42.724228,0.0,1.3914522,2.0,56.36106,-8.0,4.0,2.0,1.0,75.572914,0.0
85.0,178.80052,8.0,76.42361,10.0,0.0,0.0,100.0,-7.0,7.0,8.0,9.0,1.0,98.46236,-7.0,0.0,0.0,-2.8376646,-8.0,-9.0,2.0,-9.0,82.63035,0.0
85.0,362.84717,30.231192,154.36713,17.559385,0.0,0.0,100.0,-7.0,7.0,8.0,16.0,0.0,15.401738,-7.0,0.0,0.0,6.0,-8.0,2.0,1.0,0.0,47.95797,0.0
73.0,169.37706,2.0,63.907013,42.388042,0.0,0.0,93.0,29.348333,4.0,6.0,47.561127,3.0,40.83664,3.9117892,1.0,1.0,21.188671,100.0,9.0,3.0,0.0,75.28505,0.0
85.96232,207.11938,7.0,74.76758,13.718692,0.0,0.0,100.0,-7.0,7.0,8.0,14.730066,1.0,9.235532,1.0,1.0,1.0,5.4607544,73.57634,2.0,2.0,0.0,33.0,0.0
63.0,119.67083,3.0,40.099968,14.0,0.0,0.0,100.0,-7.0,7.0,8.0,15.0,1.0,24.0,1.0,1.0,1.0,90.881165,-8.0,4.0,-2.061374,4.344639,100.0,0.0
56.329178,34.994644,11.0,62.477768,11.0,1.0,1.0,73.45272,20.034002,6.0,3.0,10.998878,1.0,35.0,-7.0,0.0,0.0,63.919117,40.27613,4.0,2.0,0.0,100.0,0.0
73.74219,296.14075,16.618134,144.90674,20.0,1.0,1.0,84.84271,14.312397,5.2114577,6.0,21.0,0.0,18.376768,0.0,2.0,2.0,4.0,-8.0,4.243942,1.0,0.0,50.0,0.0
72.0,191.94038,9.0,73.14969,26.0,1.0,0.0,89.93398,24.341908,6.0,5.0,28.0,2.0,-9.0,0.0,1.0,1.0,16.96382,-8.0,12.833708,1.0,1.0,52.05879,0.0
84.0,204.05067,8.0,105.59099,28.496307,0.0,0.0,100.0,-7.0,7.0,8.0,32.0,1.0,48.765118,0.0,0.0,0.0,0.47154945,91.39626,2.0,4.0,0.0,50.0,0.0
85.0,174.80151,4.0,76.06153,26.0,0.0,0.0,100.0,-7.0,7.0,8.0,31.0,1.0,13.425646,0.0,0.0,0.0,10.906096,-8.0,2.266252,-8.0,0.0,42.098522,0.0
84.618706,196.97906,3.0,58.0,18.0,0.0,0.0,100.0,-7.0,7.0,8.0,19.342417,2.0,37.0889,0.0,0.0,0.0,11.0,77.87546,3.0,4.0,0.0,88.81854,0.0
84.35244,-1.1857446,3.0,41.833298,15.0,0.0,0.0,100.0,-7.0,7.0,8.0,19.0,1.0,31.257444,1.0,0.0,0.0,14.914288,90.02094,2.0,4.0,0.0,51.049133,0.0
75.0,161.24147,8.26811,82.043144,17.0,0.0,0.0,100.0,-7.0,7.0,8.0,4.7159595,2.0,25.0,0.0,4.0,4.0,25.136961,46.23194,4.752953,1.0,0.0,57.0,0.0
87.06148,293.3281,3.0,76.0,12.087006,0.0,0.0,91.78871,56.457424,6.0,6.0,14.526622,2.0,43.0,3.3363805,2.0,2.0,11.0,82.71604,1.0,2.0,0.0,43.464516,0.0
73.18687,341.56824,8.0,123.09908,6.0,1.0,1.0,100.0,-7.0,7.0,8.0,2.0654852,1.0,43.409897,-7.6961184,0.0,0.0,86.967026,29.005377,3.0,1.0,0.0,100.0,0.0
76.0,140.5817,11.0,67.0,9.0,0.0,0.0,100.0,-7.0,7.0,8.0,13.0,0.0,22.0,0.0,2.0,2.0,29.741291,-8.0,2.0,1.0,2.0,75.0,0.0
80.0,272.14136,8.0,148.9666,17.0,0.0,0.0,90.481384,70.338646,6.0,6.0,16.47966,1.0,20.0,21.108463,0.0,0.0,8.0,-8.0,2.0,1.3344159,0.0,66.01852,0.0
77.9801,194.92651,16.669653,71.0,22.0,0.0,0.0,94.0,-9.0,6.0,6.0,25.0,0.0,42.0,0.0,0.0,0.0,18.0,78.16382,2.0,6.6352973,0.0,59.41979,0.0
68.44023,344.34018,38.121254,90.0,13.0,2.0,2.0141847,86.58806,12.038265,6.0,2.0,15.766504,0.0,37.0,1.0,0.0,0.0,25.870451,-8.0,3.0,2.0,0.0,73.907684,0.0
82.0,214.85909,2.0,104.17838,18.483734,0.0,0.0,94.0,46.494526,6.0,6.0,15.0,1.0,38.148636,0.0,0.0,0.0,21.0,36.264706,3.0,1.0,0.0,42.43726,0.0
-9.0,418.55386,10.0,106.548645,11.0,1.0,0.0,56.928284,-6.211735,4.0,4.0,18.371332,0.0,33.0,0.0,1.0,1.0,69.13264,-8.0,3.0,2.0,1.0,73.46551,0.0
78.16107,163.24905,4.9868417,66.84677,14.139722,0.0,0.0,100.0,-7.0,7.0,8.0,13.0,2.0,39.0,0.0,0.0,0.0,34.51948,32.103077,2.0,1.0,0.0,40.269905,0.0
83.0,190.53008,7.0,61.0,20.0,0.0,0.0,91.38656,69.591675,6.0,6.0,15.0,3.0,16.671995,0.0,1.0,1.0,12.817395,87.14393,3.0,2.0,0.0,46.0856,0.0
65.0,170.18657,-9.0,61.0,21.0,0.0,0.0,88.0,17.308249,6.0,6.0,24.0,3.0,47.0,0.0,5.3937497,5.318023,28.772276,59.459923,5.0,2.9552896,1.6229599,67.0,0.0
85.0,309.50034,12.85511,150.4228,26.99443,0.0,0.0,100.0,-7.0,7.0,8.0,31.938139,1.0,25.0,13.443907,0.0,0.0,28.0,81.57461,4.0959544,3.0,0.0,57.0,0.0
56.177376,264.08685,41.15681,85.34327,26.34078,0.0,0.0,93.00977,-7.0,3.0,6.0,23.0,0.0,44.0,0.0,2.0,2.0,68.821335,-8.0,6.0,2.0,4.0,74.419624,0.0
82.0,439.0344,3.0,94.72268,30.0,0.0,0.0,100.0,-7.0,7.0,8.0,31.0,2.0,-9.0,1.0,1.0,1.0,5.631483,66.26941,3.0,1.0,0.0,50.0,0.0
84.56277,219.95018,6.0,108.05882,29.0,0.0,0.0,100.0,-7.0,6.0,6.0,27.106863,2.0,41.581055,0.0,0.0,0.0,0.0,82.874985,2.0,4.0,0.0,55.21527,0.0
73.0,225.57846,13.0,97.0,14.0,0.0,0.0,93.00081,7.664289,6.0,6.0,14.0,1.0,16.082413,-7.0,0.0,0.0,39.844673,80.0,2.0,2.0,1.2951748,44.0,0.0
67.0,384.8254,20.866253,141.91982,21.0,2.0,3.3030362,88.0,39.21732,4.27282,4.567646,23.0,0.0,29.284681,-7.0,0.0,0.0,62.76296,-8.0,6.0,2.0,2.0,100.0,0.0
82.0,208.88008,4.0,77.68448,34.672443,0.0,0.0,95.82366,26.660217,6.0,6.0,37.483677,3.0,23.264791,-7.0,2.0,2.0,5.0,70.039,4.0,4.316311,0.0,43.318333,0.0
70.0,230.77568,3.0,49.2928,17.0,1.0,0.0,91.0,5.3766446,5.384638,5.0,19.0,4.256523,33.0,0.0,2.0,2.0,16.70691,64.94459,5.0,3.0,0.0,66.56015,0.0
84.0,117.73141,7.0,84.0,34.0,0.0,0.0,100.0,-7.0,7.0,8.0,26.0,4.0,27.154217,-7.0,2.576152,2.0,15.0,-8.0,4.0,-8.0,0.0,45.960876,0.0
58.76681,190.6457,1.1896161,72.31556,29.0,1.0,0.0,95.0,-7.0,4.0,6.0,30.0,3.0,22.0,0.0,0.0,0.0,32.0,25.60536,6.0,4.0,3.0,60.0,0.0
58.205265,-8.0,12.0,54.297802,5.5281434,1.0,1.0,68.96835,3.0,4.0,5.0,7.0,0.0,24.204588,-7.0,0.0,0.0,67.13829,-8.0,2.0,1.0,0.0,100.0,0.0
81.0,284.4401,2.0,86.0,24.0,0.0,0.0,100.0,-7.0,7.0,8.0,30.0,5.0,32.423203,0.66212696,3.0,2.0,6.0,-8.0,6.0,1.0,0.0,43.412777,0.0
89.0,191.67014,7.0,162.34943,17.0,0.0,0.0,100.0,-7.0,7.0,8.0,8.0,1.0,16.847208,-7.0,1.0,1.0,0.0,71.46881,2.0,1.0,0.0,38.0,0.0
80.0,152.4868,6.0,63.044067,17.0,0.0,0.0,100.0,-7.0,7.0,8.0,12.0,1.0,28.227571,16.567677,0.0,0.0,12.0,-8.0,1.0,1.0,0.0,67.0,0.0
79.0,224.65707,10.0,93.43354,21.0,3.0,2.0343275,90.0,18.844131,6.0,2.0,32.0,1.0,10.749496,0.0,0.0,0.0,0.0,-8.0,3.0,-8.0,0.0,15.801183,0.0
69.71257,168.472,3.0,25.51763,25.57955,0.0,0.0,96.79566,39.39424,6.0,6.0,26.0,10.826462,40.60591,1.0,2.0,2.0,26.365492,97.82263,6.0,4.0,1.0,56.0,0.0
59.81024,207.78813,31.132856,65.0,10.545606,1.0,1.0,77.51066,3.0,4.0,2.0,14.0,0.0,18.199831,10.953593,0.0,0.0,17.801527,-8.0,4.0,-8.0,0.0,67.0,0.0
80.0,168.62042,22.797703,65.0,15.0,0.0,0.0,100.0,-7.0,7.0,8.0,18.31205,0.0,36.0,19.248257,0.0,0.0,24.516039,-8.0,2.0,1.0,0.0,56.0,0.0
-9.0,-9.0,-9.0,-9.0,-9.0,-9.0,-9.0,-9.0,-9.0,-9.0,-9.0,-9.0,-9.0,-9.0,-9.0,-9.0,-9.0,-9.0,-9.0,-9.0,-9.0,-9.0,-9.0,0.0
72.0,191.29085,16.0,138.12448,18.0,1.5847332,0.0,69.48466,12.995892,6.0,5.0581656,22.0,0.0,21.0,0.0,1.0,1.0,30.69271,-8.0,5.0,2.0,0.0,70.0,0.0
84.0,266.75702,11.415006,125.29234,17.0,0.0,0.0,100.0,-7.0,7.0,8.0,11.179811,1.0,15.213844,0.0,1.0,1.0,25.47394,-8.0,3.0,-8.0,1.0,43.344315,0.0
70.0,291.5519,12.337205,96.45403,21.733639,1.0,0.0,86.09053,29.801039,6.0,5.0,23.941387,0.0,36.0,12.0,0.0,0.0,51.894722,49.26473,3.0,6.0,1.0,75.0,0.0
79.0,313.32553,2.0,97.08671,17.0,0.0,0.0,100.0,-7.0,7.0,8.0,16.0,3.0,10.484188,0.0,2.0,1.9396703,10.753248,-8.0,5.0,-8.0,0.0,52.32014,0.0
72.15699,256.22092,13.529966,90.30109,25.633808,0.0,0.0,92.0,32.52326,6.0,6.0,28.899786,0.0,27.0,-8.0,0.0,0.0,32.0,83.1814,6.0,2.0,0.0,75.0,0.0
86.0,125.529854,2.0,69.79327,7.0,0.0,0.0,100.0,-7.0,7.0,8.0,7.0,3.0,34.88579,8.0,0.0,0.0,2.0,95.89924,1.0,2.0,0.0,61.120747,0.0
73.13046,306.55472,3.0,94.0,14.0,0.0,0.0,79.001175,2.0,0.94375855,6.0,16.127502,1.0,23.842787,4.0,0.0,0.0,31.545786,-8.0,2.0,1.0,0.0,46.058086,0.0
-9.0,-8.0,-9.0,-9.0,-9.0,-9.0,-9.0,-9.0,-9.0,-9.0,-9.0,-9.0,-2.7348464,-5.6434913,-9.0,0.0,-7.5000186,-9.0,-8.655431,-9.0,-9.0,-9.0,-9.0,0.0
63.0,159.22972,3.0,56.443012,36.0,1.0,0.0,100.0,-7.0,0.0,6.0,31.0,5.1838975,19.0,2.0,0.0,0.0,15.139489,-8.0,9.0,1.0,1.0,50.0,0.0
80.0,139.66684,15.0,87.76463,29.16985,0.0,0.0,93.99668,57.81861,6.0,6.0,34.0,0.0,38.0,-7.7310557,0.0,0.0,15.971236,-8.0,4.0,3.992176,0.0,63.0,0.0
71.0,82.795944,2.0,51.4114,15.0,0.0,0.0,96.0,55.317745,6.0,6.0,16.0,3.0,53.289227,0.4299395,2.0,2.0,56.370262,82.0,3.2515879,3.0,0.0,67.0,0.0
73.152054,403.86526,1.0,115.022575,20.0,0.0,0.0,97.0,15.975251,4.0,6.0,23.0,3.0,54.560333,0.0,2.0,2.0,45.399776,70.66227,3.0,2.0,1.0,70.70356,0.0
79.0,114.179276,5.0,93.0,26.678823,0.0,0.0,96.21816,-7.0,6.0,6.0,26.708233,2.0,-9.0,-9.0,0.0,0.0,7.0,-8.0,1.0,-8.0,0.0,12.97585,0.0
79.0,168.53079,6.0,61.0,24.0,0.0,0.0,97.0,17.225868,6.0,6.0,24.0,2.0,13.0,-7.0,0.0,0.0,12.0,-8.0,4.0,1.0,0.0,54.24948,0.0
72.31752,152.85362,5.0,89.40686,31.586771,0.0,0.0,89.56513,4.956755,6.0,6.0,34.0,2.0,45.620285,17.259254,0.0,0.0,33.453167,64.60957,6.0,3.0,0.0,75.0,0.0
83.0,147.14404,17.0,100.55925,18.0,0.0,0.0,94.80976,47.297016,6.0,6.0,21.0,0.0,11.0,0.0,0.0,0.0,13.150444,68.302155,1.0,2.0,0.0,57.85246,0.0
68.0,147.11127,31.826258,96.28132,19.0,0.0,0.0,78.50639,2.5550134,4.0,6.0,26.0,0.0,30.0,0.0,2.0,2.0,7.703233,51.243652,2.0,2.0,0.0,47.160583,0.0
91.0,343.37387,10.0,71.0,22.0,0.0,0.0,100.0,-7.0,7.0,8.0,20.0,1.0,33.0,5.0,2.0,2.0,0.0,55.1409,1.8832619,2.0,0.0,21.672142,0.0
79.0,247.32684,12.0,86.168594,6.4581933,0.0,0.0,100.0,-7.0,7.0,8.0,7.251883,0.0,50.0,0.0,0.0,0.0,77.761154,88.9927,2.0,1.0,0.0,89.581314,0.0
91.0,142.67154,5.0,87.66942,16.865685,0.0,0.0,100.0,-7.0,7.0,8.0,-9.0,1.0,25.73051,11.920218,0.0,0.0,6.0,-8.0,1.0,1.0,0.0,32.781013,0.0
86.0,206.67903,13.056366,80.0,23.0,0.0,0.0,100.0,-7.0,6.0,6.0,23.0,1.0,33.0,0.0,1.0,1.0,2.0,-8.0,-9.0,3.0,0.0,25.0,0.0
75.0,206.3249,2.0,78.823425,43.10474,0.0,0.0,100.0,-7.0,7.0,8.0,45.54316,4.0,30.0,0.0,3.0,3.0,13.760982,-8.0,8.077809,2.0,1.0,67.0,0.0
75.0,50.392376,3.0,21.524973,20.0,0.0,0.0,100.0,-7.0,7.0,8.0,10.968579,3.0,29.748323,0.0,4.0,4.0,11.0,76.0,5.0,3.0,0.0,82.25378,0.0
88.0,227.04868,21.620527,84.0747,19.955217,0.0,0.0,100.0,-7.0,7.0,8.0,19.0,0.0,15.0,6.973769,0.0,0.0,4.6462407,-8.0,4.0,1.0,0.0,48.7556,0.0
91.0,215.78857,12.0,138.03714,25.0,0.0,0.0,100.0,-7.0,7.0,8.0,32.81466,0.0,40.118324,-7.0,0.0,0.0,1.0,-8.0,1.0,1.0,0.0,34.39979,0.0
72.0,203.32553,27.022655,66.459724,12.0,0.0,0.0,100.0,-7.0,7.0,8.0,12.0,0.0,23.940277,7.8074074,0.0,0.0,32.0,59.31843,4.0,2.0,2.0,91.596825,0.0
73.0,205.61517,20.0,95.19206,32.0,0.0,0.0,100.0,-7.0,7.0,8.0,26.0,0.0,49.26345,0.0,1.0,1.0,61.558197,85.575035,3.0,2.0,2.0,82.310616,0.0
73.0,256.5435,3.0,83.0,30.283838,1.0,1.0,96.0,21.48357,6.0,6.0,34.0,6.0,27.981958,0.0,0.0,0.0,0.74754155,100.0,3.0,2.0,0.0,25.0,0.0
86.0,178.49898,5.0,93.0,49.42701,0.0,0.0,100.0,-7.0,7.0,8.0,68.67125,2.0,33.629063,-8.0,0.0,0.0,3.0,91.160645,2.0,4.0,0.0,50.0,0.0
73.0,241.66751,5.0,61.0,36.0,0.0,0.0,100.0,-7.0,7.0,8.0,34.0,2.0,33.0,1.6562313,4.0,4.0,31.565487,-8.0,4.0,4.0,1.0,53.86951,0.0
81.0,116.71561,3.0,120.92823,26.162512,0.0,0.0,95.60209,-8.0,6.0,6.0,15.0,2.0,44.052593,5.6106205,0.0,0.0,18.178284,71.98637,7.0,6.0199885,0.0,82.52105,0.0
73.0,203.1845,15.0,77.42497,20.0,0.0,0.0,100.0,-7.0,7.0,8.0,19.0,0.0,23.0,0.0,0.0,0.0,63.98434,80.0,7.6226287,4.0,4.0,91.5846,0.0
68.0,176.36923,12.0,110.02639,9.959056,2.0,1.0,80.325775,13.53498,5.0,2.0,10.0,0.0,34.157436,1.0,1.0,0.0,42.20982,63.417255,3.0,2.0,0.0,67.0,0.0
87.49879,420.5996,10.112062,111.13648,11.123041,0.0,0.0,100.0,-7.0,7.0,8.0,13.025204,2.0,42.056156,8.0,0.0,0.0,0.0,-8.0,-9.0,-3.7148645,0.0,43.0,0.0
73.863144,119.868996,2.0120726,64.28739,14.0,0.0,0.0,100.0,-7.0,7.0,8.0,15.0,1.0837009,47.0,0.0,3.0,2.0,68.13498,-8.0,2.635377,2.0,0.0,75.0,0.0
87.0,292.6089,11.0,115.104164,23.0,0.0,0.0,100.0,-7.0,7.0,8.0,28.0,1.0,37.39531,20.758429,0.0,0.0,21.0,68.543526,2.0,3.0,0.0,64.0,0.0
83.0,282.05496,10.0,71.8738,31.07682,0.0,0.0,100.0,-7.0,7.0,8.0,51.38568,1.0,23.144064,6.8653784,1.0,1.0,11.216087,-8.0,7.304652,1.0,0.0,54.480038,0.0
-9.0,-9.0,-9.0,-9.0,-9.0,-9.0,-9.0,-9.0,-9.0,-9.0,-9.0,-9.0,-9.0,-9.0,-9.0,-9.0,-9.0,-9.0,-9.0,-9.0,-9.0,-9.0,-9.0,0.0
82.0,281.82825,2.0,66.990135,26.8476,0.0,0.0,100.0,-7.0,7.0,8.0,29.0,2.0,46.80385,0.0,3.0,3.0,18.0,71.3828,3.0,4.0,0.0,56.0,0.0
85.0,176.62616,7.0,86.41951,36.0,0.0,0.0,100.0,-7.0,7.0,8.0,30.721073,2.0,68.02928,4.148714,1.0,1.0,5.0,52.604343,2.0,10.740068,0.0,60.0,0.0
73.0,203.90591,4.0,94.14737,29.0,0.0,0.0,95.0,4.0,6.0,6.0,32.374367,1.0,19.0,16.3352,0.0,0.0,13.966226,66.87487,6.0,2.0,0.0,52.527447,0.0
-9.0,-9.0,-9.0,-9.0,-9.0,-9.0,-9.0,-9.0,-9.0,-9.0,-9.0,-9.0,-9.0,-9.0,-9.0,-9.0,-9.0,-9.0,-9.0,-9.0,-9.0,-9.0,-9.0,0.0
81.0,173.98132,6.0,80.23119,17.124525,0.0,0.0,100.0,-7.0,7.0,8.0,18.0,1.0,19.0,15.008992,0.0,0.0,18.0,52.41427,2.0,2.0,0.0,67.0,0.0
66.0,229.02885,27.475302,116.026764,21.45886,0.0,0.0,92.87686,4.9744706,4.0,6.0,20.0,0.0,21.0,0.0,0.0,0.0,40.947598,-8.0,4.0,2.0,3.0,67.0,0.0
74.79844,182.32506,6.0,95.89823,35.15198,0.0,0.0,100.0,-7.0,7.0,8.0,32.0,1.0,53.79194,0.0,0.0,0.0,48.81873,86.88367,4.0,6.0,3.0,63.556934,0.0
89.46052,33.35253,1.0,64.341515,19.0,0.0,0.0,100.0,-7.0,7.0,8.0,20.0,1.0,17.0,-7.0,0.0,0.0,0.0,-8.0,1.0,2.0,0.0,25.0,0.0
75.0,165.17813,2.0,116.07814,31.0,0.0,0.0,93.0,32.899998,6.0,5.0,13.405296,2.0,23.506308,16.0,0.0,0.0,17.959488,50.876335,7.0,3.0,0.0,56.0,0.0
74.0,96.358444,11.0,31.65988,11.0,0.0,0.0,100.0,-7.0,7.0,8.0,12.0,0.0,63.579994,-7.0,1.0,1.0,0.0,50.40767,1.0,2.0,0.0,50.0,0.0
74.0,235.71089,29.56507,124.878265,13.0,0.0,0.0,88.0,17.085533,4.0,6.0,12.0,0.0,25.0,0.0,0.0,0.0,0.0,-8.0,1.0,1.0,0.0,73.0,0.0
85.0,290.26566,4.295304,104.44129,27.0,0.0,0.0,100.0,-7.0,7.0,8.0,12.0,1.0,58.171837,0.0,1.0,1.0,1.0,60.83859,4.0,2.6914954,0.0,71.0,0.0
77.0,135.35535,25.948866,62.780655,29.06671,0.0,0.0,100.0,-7.0,7.0,8.0,28.0,0.0,32.340588,11.493474,0.0,0.0,71.41917,6.5869236,4.0,3.0,3.0,90.154816,0.0
34.79062,174.96815,2.0,61.0,10.0,2.0,2.0,79.87286,26.259033,6.0,2.0,11.0,2.0,76.35259,0.0,1.0,1.0,57.625988,92.64263,1.0,4.436409,0.0,100.0,0.0
77.0,260.67615,17.716093,120.57555,28.0,0.0,0.0,97.0,24.869978,6.0,6.0,37.0,0.0,37.40649,3.0,2.0,2.0,3.0,-8.0,2.0,1.0,0.0,25.0,0.0
83.0,116.3792,1.8950664,57.4412,9.0,0.0,0.0,100.0,-7.0,7.0,8.0,12.256386,3.4533746,31.0,2.0,1.0,1.0,18.0,-8.0,2.0,1.0,0.0,52.79185,0.0
83.0,177.7963,10.226056,102.68231,22.0,0.0,0.0,100.0,-7.0,7.0,8.0,21.0,0.0,63.816772,-7.0,0.0,0.0,20.083187,36.02379,4.0,3.0,0.0,81.49527,0.0
72.0,342.31015,6.0,110.3909,17.186424,0.0,0.0,75.0644,6.1410604,5.0,6.0,37.0,1.0,11.985401,22.279634,0.53180945,0.0,14.0,-8.0,10.190624,1.0,1.0,86.0,0.0
74.0,234.13564,3.0,92.0,14.896196,0.0,0.0,93.0,38.281048,6.0,6.0,15.0,7.7426543,29.0,0.0,2.0,2.0,54.23734,56.71901,4.0,2.0,2.0,54.04861,0.0
79.0,272.45178,3.0,92.0,12.0,1.0,0.0,79.78035,23.427925,6.0,2.0,11.87502,1.0,24.301388,0.0,1.0,1.0,9.0,-8.0,2.0,-8.0,0.0,44.0,0.0
84.0,416.37686,35.903225,201.05974,31.889221,0.0,0.0,100.0,-7.0,7.0,8.0,34.954803,0.0,41.0,0.27285394,0.0,0.0,8.0,-8.0,3.0810761,1.0,0.0,71.0,0.0
55.71445,286.93576,7.0,167.92557,18.0,6.4184523,7.764902,72.75103,48.045963,6.0,-9.0,24.0,2.0,54.16699,0.0,3.0,2.0,57.641884,63.485542,3.0,3.0,1.0,82.66103,0.0
68.0,162.98375,2.0,95.1228,14.0,1.0,1.0,93.07121,16.866491,4.0,5.0,8.0,1.0,29.0,0.0,6.4162636,5.2692356,29.782604,-8.0,3.0,4.0,1.0,63.0,0.0
74.0,152.62923,20.61162,71.53771,21.762136,1.0,0.0,90.96395,23.07892,6.0,5.0,24.0,0.0,55.862923,5.01099,0.0,0.0,18.362013,71.0,2.0,3.0,0.0,83.0,0.0
91.0,370.8704,6.0,109.202484,18.0,0.0,0.0,100.0,-7.0,7.0,8.0,18.0,2.0,43.0,0.0,0.0,0.0,2.0,-8.0,1.0,1.0,0.0,33.0,0.0
68.0,114.094185,20.995832,77.91354,25.787472,0.0,0.0,95.86039,10.774725,6.0,6.0,26.0,0.0,51.54222,-8.0,0.0,0.0,36.818436,-8.0,9.0,1.0,3.6739671,70.93062,0.0
77.0,173.89288,35.248898,109.95468,23.0,1.0,0.0,94.0,75.33139,6.0,5.0,26.0,0.0,17.444422,-7.0,0.0,0.0,49.13292,-8.0,7.0,1.0,0.0,72.92291,0.0
60.627483,207.68626,2.0,58.734787,5.3746057,1.0,0.0,70.422485,2.0,3.0,4.0,10.0,2.0,20.0,1.0,2.0,2.0,38.374374,-8.0,2.0,1.0,0.0,100.0,0.0
88.0,123.93778,2.0,81.64641,18.0,0.0,0.0,100.0,-7.0,7.0,8.0,19.0,1.0,33.0,-7.0,0.0,0.0,0.0,-8.0,2.0,1.0,0.0,40.0,0.0
68.0,235.43619,94.78515,273.7023,5.394796,0.0,0.0,78.19695,5.9096994,4.0,6.0,12.0,0.0,20.0,0.0,0.0,0.0,66.183876,-8.0,5.0,-8.0,0.0,91.57884,0.0
72.40828,5.7287226,16.0,34.065075,9.284774,0.0,0.0,93.0,3.0,6.0,6.0,11.0,0.0,25.648272,0.0,0.0,0.0,-5.8607926,-8.0,1.0,1.0,0.0,56.616283,0.0
80.0,240.26111,1.0,71.0,37.385273,0.0,0.0,95.4745,14.173161,6.0,6.0,38.716293,5.353377,32.24024,1.0,1.0,1.0,2.0,100.0,2.0,3.0,0.0,40.23004,0.0
83.0,219.59427,10.0,90.0,32.464493,0.0,0.0,100.0,-7.0,7.0,8.0,31.0,1.0,25.0,11.198395,0.0,0.0,26.055803,-8.0,6.0,1.0,0.0,57.501286,0.0
88.0,166.22891,11.0,247.57788,24.0,0.0,0.0,100.0,-7.0,7.0,8.0,1.182742,1.0,15.851873,-8.563085,0.0,0.0,1.0,-8.0,2.0,1.0,0.0,42.062508,0.0
85.0,122.29907,25.688019,64.077774,11.349771,0.0,0.0,100.0,-7.0,7.0,8.0,10.0,0.0,25.0,-7.0,0.0,0.0,41.02508,-8.0,2.0,1.0,0.0,44.0,0.0
79.19225,415.91824,3.0979934,98.25914,46.53384,0.0,0.0,93.0,-9.0,4.0,6.0,42.66051,6.0,16.086424,0.0,1.0857617,1.0,12.337218,-8.0,8.0,2.0,0.0,60.0,0.0
68.0,329.37485,5.0,165.6568,52.759773,0.0,0.0,95.54502,5.7281694,4.0,6.0,57.34533,2.0,23.037554,-7.0,1.0,1.6912619,51.517864,61.970367,11.257994,2.0,4.2597084,64.222275,0.0
68.9422,180.31708,7.0,49.309483,13.0,0.0,0.0,100.0,-7.0,7.0,8.0,13.0,2.0,24.54059,0.0,1.0,1.0,28.295256,-8.0,4.0,1.0,1.0,36.04568,0.0
70.0,159.00809,2.0,82.0,41.26587,1.0,1.2506149,100.0,-7.0,7.0,8.0,32.540318,2.0,30.810379,-7.0,2.0,2.0,15.0,-8.0,4.0,2.0,0.0,44.833775,0.0
88.0,228.23184,12.765842,81.0,16.0,0.0,0.0,100.0,-7.0,7.0,8.0,18.0,0.0,55.04395,3.5295365,0.0,0.0,0.0,-8.0,0.0,2.0,0.0,44.0,0.0
81.0,143.43158,11.31505,46.00549,10.31834,0.0,0.0,100.0,-7.0,7.0,8.0,15.0,0.0,24.0,7.455963,0.0,0.0,6.0,-8.0,1.0,1.0,0.0,38.0,0.0
80.0,257.73843,4.0,85.612465,39.293846,1.0,1.0,99.000465,81.40453,6.0,2.0,37.13124,2.0,42.863537,1.0,5.0,4.007207,10.669859,96.372856,7.0,4.0,0.0,73.27604,0.0
82.0,177.64888,22.290447,105.82827,17.0,0.0,0.0,100.0,-7.0,7.0,8.0,17.0,0.0,27.0,-7.0,0.0,0.0,6.0,-8.0,3.0,2.0,0.0,60.0,0.0
78.713425,167.1702,4.0621104,72.17618,22.0,0.0,0.0,100.0,-7.0,6.0,8.0,21.0,4.0,29.80443,1.0,1.0,1.0,51.639587,88.0,3.7290432,2.0,0.0,50.0,0.0
86.753914,184.55095,15.0,85.81824,25.0,0.0,0.0,100.0,-7.0,7.0,8.0,31.0,0.0,38.35889,-8.925324,0.0,0.0,10.0,-8.0,3.0,1.0,0.0,64.0551,0.0
77.0,191.09659,2.0,90.15687,25.0,0.0,0.0,95.0,71.8919,6.0,6.0,28.796146,1.0,40.753784,0.0,1.0,1.0,31.834,-8.0,4.0,-8.0,2.0,60.0,0.0
75.81838,286.7691,3.0,118.76818,28.0,0.8526496,0.0,92.02092,50.689877,6.0,5.0,26.0,1.0,27.0,6.0,1.0,1.0,22.963154,-8.0,4.4774275,2.0,0.0,50.0,0.0
86.0,57.947124,9.0,55.19728,8.0,0.0,0.0,100.0,-7.0,7.0,8.0,8.0,2.0,24.379042,1.0,0.0,0.0,11.0,-8.0,2.0,-8.0,0.0,34.639927,0.0
64.147606,233.90039,2.3603842,231.76839,18.0,5.0723324,2.9732616,-9.0,2.3201196,1.7466072,2.0,32.403454,1.0,45.42386,0.0,1.0,1.0,54.401554,97.82641,5.0,3.0,0.0,86.0,0.0
80.0,338.71112,12.153844,88.5326,25.0,1.0,0.0,94.262146,30.941517,6.0,5.0,27.749144,1.0,34.595703,0.0,0.0,0.0,3.0,14.008167,2.0,3.0,0.0,35.590534,0.0
83.0,269.11807,15.0,102.63594,24.91978,0.0,0.0,100.0,-7.0,7.0,8.0,22.0,0.0,28.374275,0.0,0.0,0.0,21.0,78.27934,10.09941,2.0,0.0,71.0,0.0
87.23656,376.44183,15.299775,90.48295,30.722631,0.0,0.0,100.0,-7.0,7.0,8.0,30.0,0.0,45.0,0.0,4.0,4.0,13.262979,-8.0,2.0,1.0,0.0,60.0,0.0
64.0,150.60013,17.0,65.86726,12.0,1.0,1.0,69.63891,34.181362,6.0,2.0,15.0,0.0,47.0,-7.0,0.0,0.0,70.98939,-8.0,1.0,2.0,4.0,100.0,0.0
73.0,133.65105,1.0,76.34861,23.0,0.0,0.0,91.11468,25.174364,6.0,6.0,18.0,5.0,63.48485,1.0,1.0447394,1.0,15.953257,78.62745,7.0976353,6.0,0.0,88.89382,0.0
78.24111,163.64204,1.0,45.944706,4.5515347,0.0,0.0,88.0,34.086285,6.0,6.0,8.0,2.0,50.0,0.0,0.0,0.0,7.41863,-8.0,3.0,1.0,0.0,75.0,0.0
70.0,290.628,3.0,89.54984,41.90938,1.0,0.0,91.0,17.063444,4.0,6.0,44.006413,3.0,7.6620045,0.0,3.0,3.0,14.0,97.91543,6.0,2.0,1.0,43.0,0.0
79.0,115.30008,2.0,56.3988,20.0,0.0,0.0,100.0,-7.0,7.0,8.0,23.0,3.0,29.0,-7.0,1.0,1.0,19.0,-8.0,6.0,2.0,0.0,90.26107,0.0
74.0,73.63209,12.0,29.99406,12.0,2.0,1.0,84.720566,28.863342,6.0,6.0,14.0,0.0,39.0,0.0,1.0,1.0,0.0,91.0,-9.0,2.0,0.0,50.0,0.0
78.362816,152.18773,5.0,57.294964,28.0,0.0,0.0,100.0,-7.0,7.0,8.0,20.0,2.0,23.0,0.0,0.0,0.0,0.0,58.724625,1.0,3.0,0.0,33.0,0.0
-9.0,-9.0,-9.0,-9.0,-9.0,-9.0,-9.0,-9.0,-9.0,-9.0,-9.0,-9.0,-9.0,-9.0,-9.0,-9.0,-9.0,-9.0,-9.0,-9.0,-9.0,-9.0,-9.0,0.0
81.0,195.7388,3.1061969,88.84491,29.252054,0.0,0.0,100.0,-7.0,7.0,8.0,32.0,3.0,34.741497,-7.0,1.0,1.0,10.3210535,-8.0,4.0,5.0,0.0,80.0,0.0
74.0,172.94981,8.0,65.64869,21.282427,0.0,0.0,100.0,-7.0,7.0,8.0,20.0,1.0,21.0,-7.0,1.0,0.0,44.94153,84.00105,3.0,1.0,0.0,50.0,0.0
82.0,189.19214,2.0,61.0,31.16558,0.0,0.0,100.0,-7.0,7.0,8.0,38.606384,1.404093,39.0,1.0,0.0,0.0,0.0,96.28352,2.0,2.0,0.0,37.038013,0.0
58.637222,2.83901,6.0,43.961906,10.482015,0.0,0.0,80.040245,3.0,4.0,5.0,10.0,1.0,38.223553,0.0,1.0,1.0,41.084225,-8.0,5.0,1.0,1.0,74.62048,0.0
70.0,170.15591,14.0,76.0,23.0,0.0,0.0,100.0,-7.0,7.0,8.0,23.231588,0.0,50.0,1.0,3.0,3.0,93.22889,-8.0,5.7795916,4.0,9.603012,75.0,0.0
71.69639,182.39613,5.0,57.956055,34.0,0.0,0.0,100.0,-7.0,7.0,8.0,38.68813,4.0,94.37605,0.0,0.0,0.0,73.107895,76.0,5.0,4.0,0.0,83.0,0.0
86.0,324.2484,11.11415,119.65657,26.0,0.0,0.0,100.0,-7.0,7.0,8.0,22.091604,0.0,25.0,0.0,0.0,0.0,6.0,-8.0,6.0,1.0,0.0,41.178276,0.0
62.95461,428.85443,2.0,147.07661,21.0,2.1951702,0.37855217,57.24569,11.379328,6.0,3.0,24.133776,3.0,30.0,0.6923662,0.0,0.0,36.0,95.58673,3.0,2.0,1.0,100.0,0.0
65.0,24.48107,2.0,32.359333,25.0,1.0,0.0,97.0,-7.0,4.0,5.0,26.227509,3.0,29.646542,-7.0,0.0,0.0,0.0,80.67822,1.0,7.139233,0.0,57.972256,0.0
79.66785,85.70042,12.536054,62.66284,17.0,0.0,0.0,100.0,-7.0,7.0,8.0,21.458607,0.0,44.0,2.0,2.0,2.0,23.441189,98.49446,2.0,2.0,0.0,100.0,0.0
-9.0,-9.0,-9.0,-9.0,-9.0,-9.0,-9.0,-9.0,-9.0,-9.0,-9.0,-9.0,-9.0,-9.0,-9.0,-9.0,-9.0,-9.0,-9.0,-9.0,-9.0,-9.0,-9.0,0.0
-9.0,-9.0,-9.0,-9.0,-9.0,-9.0,-9.0,-9.0,-9.0,-9.0,-9.0,-9.0,-9.0,-9.0,-9.0,-9.0,-9.0,-9.0,-9.0,-9.0,-9.0,-9.0,-9.0,0.0
66.0,199.05714,4.0,96.51295,47.462925,0.0,0.0,91.0,12.924378,6.0,6.0,47.154984,7.9013124,14.960476,13.298565,0.0,0.0,22.9815,63.030384,10.979838,2.0,2.0,44.22801,0.0
72.0,388.57788,9.315458,116.0359,18.0,1.0,0.0,88.0,4.707899,4.0,5.0,18.0,2.0,21.0,1.0,0.0,0.0,24.9807,-8.0,6.0,2.0,1.0,60.0,0.0
80.0,131.6122,5.0,63.098698,31.0,0.0,0.0,100.0,-7.0,7.0,8.0,37.63201,2.0,17.0,0.0,2.7183614,3.0,15.710256,6.858843,5.0,1.0,1.0,50.0,0.0
60.779766,176.20819,8.0,94.0,37.559406,4.2921376,4.249284,85.947365,-7.0,-9.0,5.0,45.087196,3.0,31.911877,0.0,0.0,0.0,31.487686,83.021164,4.0,1.0,1.0,43.0,0.0
68.0,125.51985,4.0,32.20374,28.0,0.0,0.0,85.496826,3.8382342,4.0,6.0,36.114384,5.618398,17.0,4.3867354,0.0,0.0,3.0,-8.0,2.0,2.0,0.0,26.519821,0.0
70.0,156.68178,2.0,58.37836,22.0,0.0,0.0,95.0,22.007442,6.0,6.0,24.0,1.0,20.0,0.0,3.0,3.0,28.031107,90.824905,5.0,1.0,2.0,50.0,0.0
75.0,268.75986,14.035575,79.95341,30.72686,0.0,0.0,100.0,-7.0,7.0,8.0,31.735968,0.0,24.0,0.0,2.0,2.0,53.590748,37.459484,6.0,3.0,3.0,53.800224,0.0
64.0,182.30205,5.0,103.569595,26.0,1.0,0.0,88.0,20.667192,4.0,5.881225,26.0,1.0,24.0,-7.0,0.0,0.0,35.359932,71.102,6.0,3.0,2.0,57.0,0.0
79.0,180.5009,1.0,83.62571,36.835938,0.0,0.0,100.0,-7.0,7.0,8.0,47.729168,3.345074,48.238853,0.0,1.9956578,2.0,20.556723,41.265812,6.0,6.47187,2.0,73.0,0.0
-9.0,-9.0,-9.0,7.580383,-9.0,-9.0,-9.0,-9.0,-9.0,-9.0,-9.0,-9.0,-9.0,-9.0,-9.0,-9.0,-9.0,-9.0,-9.0,-9.0,-9.0,-9.0,-9.0,0.0
80.0,41.74178,2.0,51.712944,51.960648,0.0,0.0,100.0,-7.0,7.0,8.0,59.789417,5.9649863,12.160596,0.0,3.0,3.0,0.0,99.940384,4.0,3.0,0.0,25.335732,0.0
80.0,184.64113,5.0,71.64892,22.0,0.0,0.0,100.0,-7.0,7.0,8.0,25.959274,1.0,62.35345,10.515551,0.0,0.0,23.10102,63.805714,3.0,3.0,0.0,75.0,0.0
74.38786,142.96553,13.156539,101.71762,13.256879,2.0,0.0,87.36394,68.80188,6.0,2.0,20.0,0.0,56.69558,0.0,2.0,2.0,63.44494,83.98136,2.0,2.0,1.0,100.0,0.0
82.0,131.56822,22.04887,116.05047,14.183601,0.0,0.0,100.0,-7.0,7.0,8.0,19.0,0.0,30.0,0.0,0.0,0.0,1.0,85.845,2.0,2.0,0.0,100.0,0.0
62.0,154.78711,8.0,86.53884,31.0,2.688197,1.0,88.0,16.2688,4.0,3.0,31.693613,0.0,46.0,22.184786,0.0,0.0,64.51464,87.317535,3.0,2.0,1.0,44.0,0.0
71.0,220.35739,9.0,98.1737,13.0,3.4355097,0.0,61.366447,4.9137273,6.0,3.0,13.816738,1.0,12.71592,0.0,0.0,0.0,32.0,-8.0,2.0,2.0,0.0,38.0,0.0
80.0,139.18819,5.0,76.74777,15.0,1.0,0.0,88.0,32.763943,6.0,5.0,19.0,2.0,10.225839,0.0,3.0,3.0,1.0,-8.0,2.0,1.0,0.0,85.3928,0.0
-9.0,-9.0,-9.0,-9.0,-9.0,-9.0,-9.0,-9.0,-9.0,-9.0,-9.0,-9.0,-9.0,-9.0,-9.0,-9.0,-9.0,-9.0,-9.0,-9.0,-9.0,-9.0,-9.0,0.0
80.0,258.21472,3.0,84.45708,46.665188,0.0,0.0,100.0,-7.0,6.0,8.0,46.62459,4.0,38.0,0.0,1.0,1.0,19.0,-8.0,8.0,2.9183123,0.0,62.65482,0.0
79.0,152.13513,-9.0,72.0,17.0,4.413896,3.6689684,95.0,50.43742,6.0,3.7328827,21.0,2.0,11.533683,0.0,0.0,0.0,1.0,80.67687,4.0,2.0,0.0,33.0,0.0
69.0,240.13847,3.0,81.25681,19.0,0.0,0.0,81.858154,4.0,6.0,6.0,22.875946,1.0,61.40988,2.0,1.0,1.0,32.0,77.79943,3.0,3.0,0.0,83.0,0.0
67.0,337.73352,14.0,92.0,26.0,0.0,0.0,94.0,38.37725,6.0,6.0,29.731785,1.0,56.236473,2.0,2.0,2.0,98.43827,50.615437,2.0,3.0,1.0,100.0,0.0
82.0,130.98302,15.0,83.0,30.07042,0.0,0.0,100.0,-7.0,6.0,6.0,28.50823,0.0,20.0,11.823309,0.0,0.0,32.96331,-8.0,4.0,1.0,0.0,50.0,0.0
-9.0,-9.0,-9.0,-9.0,-9.0,-9.0,-9.0,-9.0,-9.0,-9.0,-9.0,-9.0,-9.0,-9.0,-9.0,-9.0,-9.0,-9.0,-9.0,-9.0,-9.0,-9.0,-9.0,0.0
77.0,495.16873,1.0,116.694756,21.0,0.0,0.0,97.0,4.083567,5.8641863,6.0,21.178566,2.0,19.537037,-8.0,0.0,0.0,5.0,-8.0,2.0,1.0,0.0,46.107075,0.0
88.0,387.83618,40.874187,124.450516,25.602365,0.0,0.0,100.0,-7.0,7.0,8.0,29.789564,0.0,21.9894,0.9348012,2.326918,2.0,1.608917,-8.0,2.0,1.0,0.0,30.804792,0.0
71.00997,435.21417,21.683855,176.10918,20.368614,1.0,0.0,84.18137,23.417929,6.0,5.0,23.0,0.0,22.391954,0.0,0.0,0.0,38.71656,-8.0,10.580645,1.0,0.0,75.0,0.0
88.0,180.43645,3.0,124.90211,19.0,0.0,0.0,100.0,-7.0,7.0,8.0,19.0,1.0,27.0,0.088875934,2.0,2.0,2.0,100.0,1.0,2.0,0.0,56.0,0.0
81.0,152.03316,17.0,96.84432,18.538824,0.0,0.0,100.0,-7.0,7.0,8.0,13.0,0.0,27.0,0.0,1.0,0.0,35.476513,35.455154,2.0,1.0,0.0,50.0,0.0
87.0,293.588,22.689545,120.16634,20.0,0.0,0.0,100.0,-7.0,7.0,8.0,22.0,0.0,33.0,-7.0,0.0,0.0,10.853249,65.19156,1.0,3.0,0.0,56.0,0.0
82.0,233.96202,3.0,81.0,22.0,0.0,0.0,100.0,-7.0,7.0,8.0,13.0,3.0,49.69108,2.0,0.0,0.0,16.28049,80.257324,3.0,4.0,0.0,86.671,0.0
76.0,315.56427,2.0,74.24869,45.876488,0.0,0.0,97.107864,10.408096,6.0,6.0,53.206604,3.0,44.0,0.0,4.0,4.0,5.0,-8.0,5.0,2.0,0.0,57.0,0.0
82.0,206.9996,23.009539,75.0,17.514297,0.0,0.0,100.0,-7.0,7.0,8.0,18.0,0.0,9.302752,-8.0,0.0,0.0,4.0,80.0,3.0,2.0,0.0,56.24627,0.0
78.65062,66.11878,6.0,30.955736,14.0,0.0,0.0,100.0,-7.0,7.0,8.0,20.0,1.0,20.0,-8.0,2.6554127,2.0,13.0,-8.0,3.0,1.0,0.0,60.23546,0.0
78.0,164.43913,22.730614,65.540535,6.0,0.0,0.0,90.0,6.858702,6.0,6.0,7.0,0.0,33.0,0.0,1.0,1.0,0.0,-8.0,-7.1765475,1.0,0.0,36.781265,0.0
84.0,191.15279,8.0,79.0,22.0,0.0,0.0,100.0,-7.0,7.0,8.0,26.076555,1.0,24.0,0.0,0.0,0.0,22.953367,67.45203,3.0,3.0,0.0,58.0,0.0
65.0,102.72708,6.0,61.860336,17.0,1.0,1.0,88.03876,7.505915,6.0,5.0,17.0,3.0,49.911236,0.0,0.0,0.0,86.20732,71.0,2.0,4.0,1.0,78.0,0.0
-9.0,-9.0,-9.0,-9.0,-9.0,-9.0,-9.0,-9.0,-9.0,-9.0,-9.0,-9.0,-9.0,-9.0,-9.0,-9.0,-9.0,-9.0,-9.0,-9.0,-9.0,-9.0,-9.0,0.0
63.0,134.38219,15.0,31.574463,25.0,0.0,0.0,100.0,-7.0,7.0,8.0,29.0,0.0,49.447067,1.0,0.0,0.0,104.52181,84.01786,1.0,3.0,0.0,86.0,0.0
75.96141,190.63156,2.0,59.864372,17.0,0.0,0.0,100.0,-7.0,7.0,8.0,20.176016,3.0,42.0,0.0,4.0,3.6997733,23.310877,94.63957,4.0,3.0,0.0,71.0,0.0
65.84015,150.7752,3.0,88.210556,4.8512473,2.0,0.0,84.66039,24.321892,6.0,3.0,7.745971,2.0,13.0,0.0,1.0,1.0,74.45134,-8.0,2.0,1.0,1.4184414,70.62525,0.0
78.0,311.9268,15.0,100.10714,24.0,0.0,0.0,94.0,16.106222,4.0,6.0,29.704632,0.0,31.0,0.0,0.0,0.0,21.0,-8.0,2.0,1.0,0.0,25.0,0.0
61.944042,231.8033,3.0,78.33887,54.97994,0.0,0.0,93.0,40.2331,6.0,6.0,59.500187,5.0,29.0,0.0,2.0,2.0,72.679855,96.42374,13.476345,4.0,3.0,75.0,0.0
75.0,170.81651,5.0,66.49806,16.0,0.0,0.0,89.0,22.826681,6.0,6.0,20.0,4.0,75.31617,13.8650055,0.0,0.0,6.0,69.3344,1.5976726,15.788475,0.0,100.0,0.0
71.194565,259.14987,5.0,87.60667,35.988846,0.0,0.0,94.0,8.983576,6.0,6.0,42.88455,6.0,28.0,0.0,2.0,1.0,36.0,96.431595,2.0,5.0,1.0,35.808666,0.0
76.0,238.40732,8.0,67.0,37.830444,0.0,0.0,100.0,-7.0,7.0,8.0,47.170616,3.0,24.0,9.0,1.0,0.0,17.0,34.516804,7.3487415,3.0,0.0,41.75141,0.0
72.840775,179.9684,5.0,95.58103,32.76268,0.0,0.0,100.0,-7.0,7.0,8.0,44.53246,2.0,30.0,0.0,0.0,0.0,59.191154,88.0,5.0,3.0,3.0,71.0,0.0
86.0,245.19493,1.0,127.48463,39.56031,0.0,0.0,100.0,-7.0,7.0,8.0,38.56208,3.0,29.0,6.0,0.0,0.0,11.0,72.07893,8.0,2.0,0.0,50.0,0.0
73.0,308.1559,17.0,115.744255,37.08874,0.0,0.0,95.0,6.3345,4.0,6.0,36.253613,0.0,35.0,0.0,1.9635987,1.0,41.6151,73.530235,9.0,2.0,0.12975116,73.851524,0.0
72.0,199.9321,8.0,61.0,31.0256,0.0,0.0,97.0,71.54068,6.0,6.0,32.0,2.0,16.024914,6.0,0.0,0.0,31.619123,-8.0,7.0,-8.0,2.0,67.0,0.0
81.0,140.5193,25.580105,63.868187,18.0,0.0,0.0,100.0,-7.0,7.0,8.0,19.0,0.0,69.26458,4.0,1.0,1.0,18.0,48.89626,1.0,5.0,0.0,69.6488,0.0
64.66413,120.768425,4.1589165,41.358337,32.125256,0.0,0.0,97.0,8.3909,6.0,6.0,34.0,6.0,45.0,2.9949536,0.0,0.0,18.598345,94.26987,3.0,3.0,1.0,50.0,0.0
73.94079,262.94867,4.0,75.24677,25.0,0.0,0.0,100.0,-7.0,7.0,8.0,24.0,3.0,19.557161,1.0,0.0,0.0,20.558134,92.89934,8.0,2.0,0.0,58.0,0.0
74.188934,242.74655,5.0,105.54298,43.0279,0.0,0.0,100.0,-7.0,7.0,8.0,53.843826,1.0,17.0,1.4022678,1.0,1.0,19.0,-8.0,9.0,1.0,1.0,47.115925,0.0
83.0,200.15672,3.5308342,150.78679,17.0,0.0,0.0,100.0,-7.0,7.0,8.0,17.0,1.0,33.0,0.0,0.0,0.0,28.210453,99.96436,3.0,4.0,0.0,80.0,0.0
72.29192,371.90222,12.0,176.77559,28.0,2.0,1.0,83.887596,24.999496,6.0,-9.0,26.588776,0.0,31.0,0.0,0.0,0.0,15.887891,-8.0,8.79646,3.0,0.0,50.0,0.0
84.50715,78.60499,3.0,66.04421,22.0,0.0,0.0,100.0,-7.0,7.0,8.0,24.0,2.0,47.0,0.0,0.0,0.0,15.04262,76.40841,2.0,2.0,0.0,50.0,0.0
80.0,248.9483,3.0,121.170235,42.11302,0.0,0.0,100.0,-7.0,7.0,8.0,59.695477,2.0,18.0,0.0,4.3791122,5.0,11.0,-8.0,3.0,1.0,0.0,47.486687,0.0
62.0,295.58453,7.0,104.55192,18.0,1.0,0.0,69.71906,6.0,4.0,4.388971,23.0,3.0,12.986808,0.0,0.0,0.0,46.729183,-8.0,8.0,-8.0,1.0,72.05537,0.0
84.0,260.27844,3.0,86.54337,18.0,0.0,0.0,100.0,-7.0,7.0,8.0,20.0,1.1851279,25.0,-8.0,4.0,3.278538,38.57545,69.18111,6.0,3.0,1.0,74.01777,0.0
57.927044,142.1774,7.0,65.44395,13.0,4.7611556,7.543671,79.05356,7.7370796,3.0,2.0,18.067146,5.0,26.0,0.0,0.0,0.0,35.07004,93.0,5.0,3.0,0.0,80.0,0.0
88.0,271.45203,17.0,111.40408,10.700806,0.0,0.0,100.0,-7.0,7.0,8.0,9.0,1.0,14.646396,-8.0,0.0,0.0,3.0,-8.0,3.0,-8.0,0.0,67.0,0.0
89.0,271.48868,15.3652315,102.553505,21.0,0.0,0.0,100.0,-7.0,7.0,8.0,22.0,0.0,20.0,-8.0,0.0,0.0,12.0,-8.0,3.0,1.0,0.0,40.0,0.0
86.0,376.56854,9.952045,100.69529,42.400143,0.0,0.0,100.0,70.14863,6.0,6.0,38.0,1.0,38.0,0.0,0.0,0.0,0.0,84.09621,1.0,2.0,0.0,39.30405,0.0
86.0,294.8775,2.0,100.0,19.0,0.0,0.0,100.0,-7.0,7.0,8.0,19.0,2.0,42.895584,0.0,0.0,0.0,42.042446,75.191505,2.0,3.0,0.0,68.43511,0.0
77.79687,238.66507,7.0,93.0,17.0,0.0,0.0,94.0,17.74877,6.0,6.0,16.0,2.0,49.40751,0.0,0.0,0.0,3.0,69.88165,2.0,2.0,1.0,42.8047,0.0
80.0,172.74643,29.024443,120.78785,17.0,0.0,0.0,100.0,-7.0,7.0,8.0,9.0,0.0,25.0,4.0,0.0,0.0,45.35488,59.107037,4.0,1.0,2.0,67.0,0.0
79.0,147.08414,14.596454,70.0,21.0,0.0,0.0,96.978134,44.55407,6.0,6.0,24.0,0.0,27.0,0.0,2.0,2.0,42.433754,-8.0,4.0,-8.0,0.0,50.0,0.0
68.0,108.04955,2.6011791,90.83613,35.083527,0.0,0.0,88.0,4.0,4.0,6.0,-9.0,3.0,42.0,0.0,0.0,0.0,47.063366,76.1863,6.0,5.635686,3.0,100.0,0.0
86.0,238.61674,3.0,115.43176,41.587273,0.0,0.0,100.0,-7.0,7.0,8.0,56.74647,1.0,16.0,-8.0,0.0,0.0,1.0,-8.0,5.0,1.0,1.0,50.0,0.0
79.30508,-8.0,8.0,52.058125,26.433846,0.0,0.0,100.0,-7.0,7.0,8.0,12.0,2.0,29.213942,5.0,0.0,0.0,36.191948,95.42109,2.0,2.0,0.0,56.0,0.0
62.0,58.9707,5.0,18.30887,9.0,1.0,1.0,88.0,23.13424,6.0,3.0,11.34887,2.0,57.03174,0.0,0.92405057,0.0,70.46391,33.01458,3.0,1.0,2.0,99.77932,0.0
87.5945,787.4644,2.0,161.35704,36.0,0.0,0.0,100.0,-7.0,7.0,8.0,42.29162,3.0,28.981613,0.0,2.0,2.0,2.0,-8.0,5.0,1.0,0.0,43.0,0.0
84.0,211.67882,10.0,108.82198,13.0,0.0,0.0,91.30896,70.40632,6.0,6.0,14.0,0.0,24.63308,0.0,1.0,1.0,2.0,98.89573,2.0,1.0,0.0,51.278404,0.0
82.0,356.86853,20.0,108.688194,13.0,0.0,0.0,100.0,-7.0,7.0,8.0,14.0,0.0,68.01589,-7.0,0.0,0.0,1.0,67.35214,1.0,5.0,-9.0,100.0,0.0
68.0,116.59645,16.256535,74.97451,16.0,0.0,0.0,94.0,43.914055,6.0,6.0,18.0,0.0,19.0,0.0,2.0,2.0,73.86835,-8.0,6.637807,1.0,3.0,80.0,0.0
80.0,255.73393,9.0,100.85174,33.0,0.0,0.0,96.0,24.099485,6.0,6.0,33.59856,2.0,20.27253,0.0,0.0,0.0,11.0,-8.0,3.0,1.0,0.0,44.0,0.0
85.92083,310.46588,3.0,140.83154,25.921265,0.0,0.0,100.0,-7.0,7.0,8.0,30.0,2.0,37.48298,-8.0,0.0,0.0,1.4506795,99.64736,1.0,6.0,0.0,83.13419,0.0
85.0,170.24895,2.0,84.0,25.0,0.0,0.0,96.9326,81.29349,6.0,6.0,29.0,3.0,42.0,6.6849527,5.0,4.778048,3.0,80.0,1.0,5.0,0.0,60.0,0.0
66.34931,257.68466,10.0,94.798676,35.972214,0.0,0.0,95.90253,10.693955,6.0,6.0,34.0,0.0,14.062168,0.0,3.0,3.0,51.933033,-8.0,7.0,1.0,2.6519446,50.0,0.0
57.96783,191.5135,17.0,67.0,18.168919,4.5261297,7.7241836,89.0,4.0,0.031837143,2.0,23.0,0.0,27.0,-7.272681,0.0,0.0,35.930553,38.36609,4.0,2.4115772,0.0,63.35359,0.0
84.0,469.2627,2.2102594,135.28008,20.0,0.0,0.0,88.0,42.05994,6.0,6.0,17.0,2.0,15.892551,0.0,0.0,0.0,6.0,-8.0,3.0,-8.0,0.0,47.1804,0.0
82.0,328.62946,7.010963,97.84432,15.0,2.0,0.0,86.31494,47.84954,6.0,2.0838513,17.661434,1.0,6.423692,0.0,0.0,0.0,1.0,-8.0,4.0,1.0,0.0,50.0,0.0
76.0,211.75267,3.0,74.014786,23.329226,0.0,0.0,95.0,16.68607,6.0,6.0,11.0,1.0,25.033852,16.0,0.0,0.0,19.0,-8.0,6.0,1.0,0.0,43.0,0.0
-9.0,-9.0,-9.0,-9.0,-9.0,-9.0,-9.0,-9.0,-9.0,-9.0,-9.0,-9.0,-9.0,-9.0,-9.0,-9.0,-9.0,-9.0,-9.0,-9.0,-9.0,-9.0,-9.0,0.0
63.249546,435.34122,4.0,109.39947,29.0,0.0,0.0,84.37967,-7.0,-9.0,6.0,24.0,3.0,40.994717,8.0,0.0,0.0,54.171608,81.630775,10.061023,3.0,3.0,71.0,0.0
78.0,170.14522,2.0,74.0,17.0,0.0,0.0,100.0,-7.0,7.0,8.0,20.0,1.5733062,27.0,0.0,0.0,0.0,21.0,-8.0,3.0,2.0,1.0,70.0,0.0
84.85764,332.06598,3.0,86.55773,30.0,0.0,0.0,100.0,-7.0,7.0,8.0,34.0,3.0,32.82892,-7.0,6.509044,5.7769985,9.0,72.4668,3.0,4.0,0.0,50.0,0.0
85.0,210.80128,3.0,76.03236,15.0,0.0,0.0,92.203094,63.990475,6.0,6.0,14.0,2.0,37.0,-7.0,0.0,0.0,10.161857,75.601585,3.0,2.0,0.0,57.27535,0.0
74.82458,410.5498,3.0,94.0,25.0,0.0,0.0,88.0,7.3084316,6.0,6.0,30.903612,1.0,54.34998,19.42131,0.0,0.0,5.0,93.0,2.0,3.6661215,0.0,67.0,0.0
73.0,368.82465,0.3803759,121.28191,9.475064,1.0,1.0,83.68183,42.862434,6.0,3.1320672,11.0,1.0,33.48396,0.0,3.6293025,3.7393243,4.0,39.364902,1.0,2.0,0.0,77.879486,0.0
90.0,81.718185,3.0,82.0,10.0,0.0,0.0,100.0,-7.0,7.0,8.0,7.0,1.0,14.0,12.0,0.0,0.0,3.0,-8.0,2.0,1.0,0.0,43.424458,0.0
86.82978,298.31177,15.0,100.15474,28.0,0.0,0.0,100.0,-7.0,7.0,8.0,33.31819,0.0,53.205658,12.909127,0.0,0.0,4.0,73.3606,2.0,2.0,0.0,40.253998,0.0
64.98382,134.73257,-9.0,41.09468,36.0,0.0,0.0,100.0,-7.0,7.0,8.0,55.640728,2.0,52.750328,3.8224401,4.0,4.0,29.131723,88.28093,9.160061,4.0,0.0,78.0,0.0
87.3545,301.92245,18.71334,124.227264,38.72459,0.0,0.0,100.0,-7.0,7.0,8.0,44.191853,0.0,22.0,-7.0,0.0,0.0,0.5237205,11.451164,1.0,3.0,0.0,43.0,0.0
77.383354,350.90292,210.16618,235.62636,5.3026624,0.0,0.0,84.56992,61.080326,6.0,6.0,13.0,0.0,47.0,0.0,1.0,1.0,9.0,-8.0,3.0,1.0,0.0,80.0,0.0
77.0,165.29646,4.0,66.24766,14.0,1.0,1.0,95.0,73.89871,6.0,2.0,12.083736,3.0,33.0,0.0,1.0,1.0,5.0,-8.0,4.0,1.0,0.0,80.0,0.0
91.71092,226.31667,17.175014,120.35221,15.0,0.0,0.0,100.0,-7.0,7.0,8.0,9.278536,0.0,41.0,-8.0,0.0,0.0,1.0,68.12548,4.0,2.0,0.0,69.930244,0.0
68.247894,179.40477,2.0,109.56145,14.0,1.0,0.0,91.36181,20.227545,6.0,6.0,15.0,1.0,46.222404,0.0,0.0,0.0,45.916515,49.239082,5.0,2.0,0.0,100.0,0.0
73.0,172.93712,3.0,103.60224,12.0,0.0,0.0,83.44111,29.945202,6.0,6.0,15.0,2.0,42.0,0.0,0.0,0.0,50.68817,-8.0,3.0,1.0,3.0,88.0,0.0
-9.0,-9.0,-9.0,-9.0,-9.0,-9.0,-9.0,-9.0,-9.0,-9.0,-9.0,-9.0,-9.0,-9.0,-9.0,-9.0,-9.0,-9.0,-9.0,-9.0,-9.0,-9.0,-9.0,0.0
85.0,266.4198,3.0,97.95953,37.745564,0.0,0.0,100.0,-7.0,7.0,8.0,47.188503,2.0,30.185745,1.0,1.0,1.0,13.066219,20.63081,4.0,2.0,0.0,41.13764,0.0
70.0,123.02817,2.0,65.0,25.457745,2.7402208,1.0,88.57675,39.21732,6.0,3.0,33.0,3.6659646,29.864332,0.0,2.0,1.4084206,10.834675,70.15504,1.4287462,2.0,0.0,30.926077,0.0
82.0,187.49466,1.0,108.50961,40.33918,0.0,0.0,99.44198,10.405028,6.0,6.0,22.0,3.0,25.0,0.0,2.0,2.0,11.298935,98.55125,3.0,4.0,0.0,43.690975,0.0
80.0,228.89569,10.0,83.86783,25.0,0.0,0.0,100.0,-7.0,7.0,8.0,28.396471,1.0,36.0,12.0,0.0,0.0,21.326014,-8.0,3.0,1.0,1.0,50.0,0.0
71.0,196.43637,5.0,68.0,39.0,0.0,0.0,96.759224,6.4263124,4.0,6.0,35.0,3.0,14.0,12.282839,0.0,0.0,49.038475,-8.0,6.0,1.0,0.0,60.0,0.0
81.0,234.43756,2.0,88.11176,25.0,0.0,0.0,100.0,-7.0,7.0,8.0,21.31321,2.0,41.0,1.0,2.0,1.0,4.948198,-8.0,2.0,2.0,0.0,43.355488,0.0
88.35548,103.26214,45.462353,99.22564,15.0,0.0,0.0,100.0,-7.0,7.0,8.0,13.0,0.0,14.0,0.0,1.0,1.0,8.0,-8.0,6.0,1.0,0.0,67.0,0.0
68.0,293.04053,9.0,105.66954,60.154594,0.0,0.0,100.0,24.173477,6.0,6.0,59.646458,4.0,24.0,0.0,0.0,0.0,42.614105,-8.0,24.184258,3.0,5.2699947,67.0,0.0
85.0,328.29956,2.0,102.36759,25.0,0.0,0.0,98.0,46.65193,6.0,6.0,28.0,2.0,22.0,-7.0,3.0,2.4749389,6.0,-8.0,4.0,1.0,0.0,43.363285,0.0
75.0,82.94188,3.0,45.162098,12.0,0.0,0.0,100.0,-7.0,7.0,8.0,15.0,2.0,25.0,0.0,0.0,0.0,36.0,-8.0,5.0,1.0,1.0,100.0,0.0
92.9978,285.91223,19.683376,271.11383,12.0,0.0,0.0,100.0,-7.0,7.0,8.0,15.0,0.0,7.26353,8.2688265,0.0,0.0,1.0,-8.0,2.0,1.0,0.0,21.794353,0.0
74.0,284.19812,4.0,89.17612,29.0,0.0,0.0,95.0,63.978836,4.0,6.0,33.0,3.0,39.0,2.0,4.0,3.0,24.069946,-8.0,8.0,3.430949,0.0,75.0,0.0
57.701633,246.25035,44.155495,86.0,14.0,1.0,0.0,84.21161,2.0,4.0,5.0,8.533803,0.0,26.0,7.0,0.0,0.0,51.86801,-8.0,3.0,2.0,2.0,82.76057,0.0
73.0,170.82039,7.0,58.16171,32.20575,0.0,0.0,100.0,-7.0,7.0,8.0,40.33479,2.0,23.0,0.0,3.0,2.977088,41.598545,55.33033,6.0,3.0,1.0,64.0,0.0
66.190186,211.35835,4.0,65.0,14.025008,1.0,1.0,97.0,57.617775,6.0,2.0,16.0,2.0,50.0,0.0,2.0,2.0,68.02641,84.13668,4.0,2.0,1.0,100.0,0.0
77.0,243.66962,17.57422,110.20086,15.0,1.0,0.0,88.887825,-7.0,6.0,5.0,19.0,0.0,36.0,-8.798532,0.0,0.0,11.0,46.780903,3.0,1.0,0.0,69.09972,0.0
74.0,380.24365,35.69123,182.24727,18.0,0.0,0.0,80.71889,19.220192,6.0,6.0,15.747517,0.0,50.0,0.0,0.0,0.0,52.664337,54.85734,3.0,1.0,0.0,63.377964,0.0
72.0,243.3533,4.0,65.0,28.0,0.0,0.0,100.0,-7.0,7.0,8.0,42.16019,2.0,31.0,0.0,5.0,5.0,31.907904,-8.0,3.0,-8.0,1.0,50.0,0.0
81.0,331.94675,2.0,77.8336,24.0,0.0,0.0,100.0,-7.0,7.0,8.0,30.45149,3.0,18.0,0.0,0.9124311,0.0,22.929134,84.91191,7.0,3.0,0.0,80.0,0.0
68.0,-9.0,5.0,-3.849467,12.0,0.0,0.0,100.0,-7.0,6.8064594,8.0,5.547399,3.0,29.0,0.0,0.0,0.0,89.36092,87.25887,7.0,1.0,1.0,100.0,0.0
74.0,111.18294,2.0,32.124695,25.0,0.0,0.0,100.0,-7.0,7.0,8.0,26.0,7.894929,20.410192,0.0,2.0,2.0,13.882786,96.82038,5.0,2.0,1.0,42.34595,0.0
86.0,477.12796,6.0343804,119.53902,32.637444,0.0,0.0,100.0,-7.0,7.0,8.0,34.0,3.0,37.568386,14.135874,0.0,0.0,9.0,-8.0,2.0,4.0,0.0,57.566772,0.0
88.0,350.80884,13.373217,110.016556,12.0,0.0,0.0,100.0,-7.0,7.0,8.0,10.8362665,0.0,5.572929,-7.0,0.0,0.0,16.558023,-8.0,4.0,1.0,0.0,60.0,0.0
76.0,103.65456,6.0,67.75016,13.722356,0.0,0.0,100.0,-7.0,7.0,8.0,12.0,3.0,37.51762,0.0,0.0,0.0,64.01791,39.930447,2.0,2.0,0.0,66.78361,0.0
79.243744,244.13615,10.0,94.0,26.0,0.0,0.0,92.26386,9.082524,6.0,6.0,33.573833,1.0,39.0,14.64537,0.0,0.0,13.052971,91.26794,2.0,2.0,0.0,50.0,0.0
73.539986,94.92787,5.0,16.204397,17.0,0.0,0.0,100.0,-7.0,7.0,8.0,20.0,2.0,52.854446,0.0,0.0,0.0,42.267548,82.0,3.0,2.0,1.0,75.0,0.0
89.859,280.21735,3.0,111.39913,18.0,0.0,0.0,100.0,-7.0,7.0,8.0,16.256401,1.0,23.0,16.0,1.0,0.0,24.693901,89.184814,1.0,1.0,0.0,32.784763,0.0
78.89349,190.82178,5.0,103.51696,14.0,0.0,0.0,100.0,-7.0,7.0,8.0,14.0,1.0,46.0,0.0,0.0,0.0,38.968185,-8.0,7.0,2.0,0.0,100.0,0.0
76.0,262.3527,5.0,94.0,32.718067,0.0,0.0,83.43523,4.546293,6.0,6.0,33.74534,3.0,57.17701,0.0,0.0,0.0,28.513725,-8.0,3.0,5.0,1.0,83.44001,0.0
80.0,211.91812,6.0,85.235664,23.443707,0.0,0.0,94.0,32.152523,6.0,6.0,28.0,1.0,50.0,4.0,1.0,1.0,7.0,70.68455,3.0,2.0,0.0,67.0,0.0
63.099228,132.61478,10.0,68.0,31.0,2.0,1.5618507,100.0,-7.0,7.0,8.0,32.0,1.0,14.0,-4.7676606,0.0,0.0,72.57091,-8.0,10.848388,1.0,2.2635057,75.0,0.0
67.0,190.76778,7.948817,174.38544,25.0,1.0,1.0,77.33627,6.5106435,5.0,5.0,25.289679,1.0,32.751587,0.0,0.0,0.0,25.100704,65.526634,5.0,3.0,2.0,53.85709,0.0
78.0,327.24136,6.0,112.49896,26.0,0.0,0.0,100.0,-7.0,7.0,8.0,28.0,3.0,20.670328,0.0,2.0,2.0,7.4182043,-8.0,2.0,2.0,0.0,50.0,0.0
72.0,177.78745,2.0,79.0,17.0,0.0,0.0,100.0,-7.0,7.0,8.0,23.0,2.0,24.0,-8.0,2.0,2.0,42.082577,80.0,4.0,2.0,2.0,69.97739,0.0
77.0,179.88174,3.0,64.862015,47.874935,0.0,0.0,96.312416,23.912313,6.0,5.5062323,62.63961,6.555583,37.44816,9.0,0.0,0.0,7.0,17.76944,5.538141,3.0,0.0,50.0,0.0
88.09158,242.91664,6.902779,78.4198,30.0,0.0,0.0,100.0,-7.0,7.0,8.0,26.0,2.0,27.0,0.0,1.0,1.0,3.0,-8.0,3.0,1.0,0.0,33.0,0.0
86.0,247.09337,5.0,78.71357,25.0,0.0,0.0,100.0,-7.0,7.0,8.0,24.621727,2.0,22.0,20.588129,0.0,0.0,10.0,-8.0,5.0,1.0,0.0,75.0,0.0
85.28921,161.61308,7.0,87.20357,15.70377,0.0,0.0,100.0,-7.0,7.0,8.0,16.0,1.0,40.510014,20.94496,0.0,0.0,0.0,-8.0,1.0,2.0,0.0,55.155018,0.0
71.948685,329.06696,4.0,75.28599,39.83592,0.0,0.0,100.0,-7.0,7.0,8.0,40.997997,2.0,32.278294,0.0,3.0,3.0,31.410595,84.002754,6.0,6.4783816,1.0,50.907356,0.0
73.0,191.33502,12.956585,63.143852,19.0,0.0,0.0,95.0,15.607224,4.0,5.0,16.0,0.0,42.82639,-7.0,0.0,0.0,21.0,26.97567,4.0,3.0,1.0,60.0,0.0
62.0,169.21745,6.0,77.68821,26.0,0.0,0.0,95.0,2.7284276,1.8850403,6.0,25.36962,3.0,29.0,0.0,1.0,0.0,49.615345,95.59807,6.0,2.0,3.6616228,57.0,0.0
54.618095,271.609,9.958056,61.0,10.585558,2.0,0.0,63.45053,3.104915,3.0,2.000201,13.0,3.0,40.0,0.0,1.4287875,1.0,11.0,-8.0,3.0,1.0,0.0,87.56518,0.0
72.0,306.91,11.0,111.48949,29.0,0.0,0.0,100.0,-7.0,7.0,8.0,34.0,2.0,35.0,0.0,4.0,4.0,63.84497,75.443634,9.389278,20.030043,0.0,75.38927,0.0
-9.0,-9.0,-9.0,-9.0,-9.0,-9.0,-9.0,-9.0,-9.0,-9.0,-9.0,-9.0,-9.0,-9.0,-9.0,-9.0,-9.0,-9.0,-9.0,-9.0,-9.0,-9.0,-9.0,0.0
77.443115,143.62325,4.0,65.0,25.0,0.0,0.0,93.093834,23.909815,6.0,6.0,22.0,3.0,13.0,0.0,1.0,1.0,7.7343273,-8.0,6.0,1.0,0.0,39.237858,0.0
66.0,194.12944,8.0,74.01254,30.0,3.8160515,1.0,66.79682,7.5219455,6.0,2.0,30.0,2.0,11.83503,0.0,1.0,1.0,9.593632,-8.0,7.0,1.0,0.0,80.0,0.0
77.0,110.35288,1.0,83.32581,12.0,0.0,0.0,100.0,-7.0,7.0,8.0,15.0,1.0,0.3775758,0.0,0.0,0.0,49.127518,-8.0,2.0,-8.0,2.0,60.0,0.0
80.0,124.47206,17.123627,-9.0,0.5700615,0.0,0.0,100.0,-7.0,7.0,8.0,8.0,0.0,35.0,0.0,1.0,1.0,26.316244,62.68378,1.0,2.0,0.0,67.0,0.0
-9.0,-9.0,-9.0,-9.0,-9.0,-9.0,-9.0,-9.0,-9.0,-9.0,-9.0,-9.0,-9.0,-9.0,-9.0,-9.0,-9.0,-9.0,-9.0,-9.0,-9.0,-9.0,-9.0,0.0
83.0,161.50616,3.0,77.23124,22.0,0.0,0.0,100.0,-7.0,7.0,8.0,25.0,2.0,38.0,0.0,1.0,1.0,11.0,-8.0,2.0,2.0,0.0,50.0,0.0
69.250824,182.19196,3.0,79.9074,27.10688,0.0,0.0,93.0,24.429995,4.0,6.0,32.0,2.0,37.0,0.0,4.5314274,4.0,16.887135,96.92994,4.0,4.0,0.0,67.0,0.0
88.55637,202.42543,20.0,125.1553,14.0,0.0,0.0,100.0,-7.0,7.0,8.0,10.0,0.0,68.08042,-8.0,0.0,0.0,2.0,68.67324,3.0,2.0,0.0,100.0,0.0
83.0,159.90143,9.0,56.35555,20.0,0.0,0.0,100.0,-7.0,7.0,8.0,16.0,2.0,36.0,-7.0,0.0,0.0,0.0,71.0,2.0,3.0,0.0,45.490646,0.0
68.84493,82.20108,3.5920343,57.721546,36.0,0.0,0.0,100.0,-7.0,7.0,8.0,41.676037,2.0,33.0,0.0,3.9238503,3.2793198,31.100927,80.712326,3.0,6.1345844,3.0,50.0,0.0
70.0,184.94107,4.0,88.97249,31.040442,0.0,0.0,96.0,-9.0,6.0,6.0,35.0,4.0,21.0,0.0,1.0,1.0,44.018795,99.22165,15.664507,2.0,3.0,64.0,0.0
76.4461,215.23929,2.0,111.33419,31.328205,0.0,0.0,100.0,58.673756,6.0,6.0,31.0,2.0,37.0,3.0,4.0,3.0,46.178196,-8.0,5.0,2.0,3.936824,90.24315,0.0
67.0,-9.0,4.0,33.199326,18.0,0.0,0.0,88.0,3.7554274,6.0,6.0,2.2153234,6.0,42.0,1.0,2.1728036,2.0,32.564873,63.677185,3.0,4.0,0.0,71.0,0.0
66.14031,306.5086,3.0,114.65968,16.0,0.0,0.0,83.177155,21.79306,5.203047,6.0,19.0,1.0,15.249872,-7.0,0.0,0.0,72.378975,93.82252,7.0,2.0,4.5071287,80.51375,0.0
87.0,325.5227,69.372055,159.88321,6.956537,0.0,0.0,100.0,-7.0,7.0,8.0,3.5693681,0.0,39.0,-7.0,0.0,0.0,0.0,-8.0,1.0,-8.0,-9.0,69.69622,0.0
87.25493,205.87733,19.368544,98.83475,26.117592,0.0,0.0,100.0,-7.0,7.0,8.0,23.0,0.0,19.0,-7.0,0.0,0.0,11.130846,-8.0,5.0,1.0,0.0,47.79137,0.0
75.0,366.07834,6.0,107.71042,35.78648,0.0,0.0,92.0,36.354176,6.0,6.0,28.0,1.0,20.871765,-7.0,0.0,0.0,2.0,80.0,4.0,2.0,1.0,45.117466,0.0
73.0,316.02234,9.0,122.540924,21.0,0.0,0.0,100.0,-7.0,7.0,8.0,20.0,2.0,26.669819,0.0,3.0,2.0,59.92473,-8.0,6.0,4.0,2.0,71.0,0.0
85.0,282.50662,5.5374584,113.623085,14.0,0.0,0.0,100.0,-7.0,7.0,8.0,16.0,1.0,39.40215,15.178813,0.0,0.0,1.0,85.12127,1.0,2.732434,0.0,100.0,0.0
78.0,352.15665,-9.0,76.0,21.0,0.0,0.0,100.0,-7.0,7.0,8.0,28.0,4.0,36.13989,0.0,1.0,1.0,25.0,90.782265,6.0,6.8458457,1.0,66.760635,0.0
81.0,163.84178,2.0,67.0,15.0,0.0,0.0,100.0,-7.0,7.0,8.0,16.52847,4.0,54.445705,1.0,2.0,1.0,14.0,-8.0,3.0,3.0,0.0,71.0,0.0
76.387825,100.826256,27.372934,59.331093,7.0,0.0,0.0,100.0,-7.0,7.0,8.0,9.0,0.0,45.0,4.0,0.0,0.0,37.683712,-8.0,2.0,2.0,0.0,60.0,0.0
84.0,324.23093,5.0,99.1627,29.0,0.0,0.0,100.0,-7.0,7.0,8.0,28.0,2.0,16.0,1.0,1.0,1.0,5.321787,-8.0,3.0,-7.377271,0.0,48.879917,0.0
73.0,242.16937,9.0,87.70436,21.0,0.0,0.0,100.0,-7.0,7.0,8.0,24.0,1.0,47.155716,-7.0,0.0,0.0,53.988003,86.43002,2.0,2.0,1.0,67.0,0.0
81.0,258.18365,15.0,105.24288,17.0,0.0,0.0,100.0,-7.0,7.0,8.0,17.0,0.0,53.377537,18.39294,0.0,0.0,8.0,84.16457,3.0,3.0,0.0,73.0,0.0
86.0,80.7436,2.0,70.0,22.0,0.0,0.0,100.0,-7.0,7.0,8.0,14.0,1.0581323,22.0,0.0,2.0,1.0,4.0,61.21694,2.0,1.0,0.0,32.408356,0.0
89.0,156.13095,9.0,84.0,20.0,0.0,0.0,100.0,-7.0,7.0,8.0,26.0,1.0,41.0,8.0,1.0,1.0,0.0,-8.0,0.0,3.893852,0.0,75.0,0.0
76.0,284.8524,13.0,137.76027,20.41753,0.0,0.0,92.0,3.0,4.768147,6.0,16.752062,0.0,17.396036,-8.0,0.0,0.0,59.020317,-8.0,2.0,2.0,0.0,50.0,0.0
84.44737,125.74192,1.0,70.0,12.0,0.0,0.0,100.0,-7.0,7.0,8.0,12.0,1.0,18.179396,-8.0,3.0,2.0,8.552661,-8.0,2.0,-8.0,0.0,53.05247,0.0
73.0,407.23428,6.0,83.49608,20.0,2.0,2.1451554,88.0,4.8649564,4.0,3.0,19.0,2.0,26.0,3.0,0.0,0.0,6.0,94.486946,6.0,2.0,0.0,78.0,0.0
81.0,170.37744,14.853759,86.0,36.0,0.0,0.0,100.0,55.451828,6.0,6.0,34.87262,0.0,24.0,0.0,0.0,0.0,6.0,-8.0,3.0,4.0,0.0,59.522636,0.0
73.0,315.0006,4.0,110.33262,29.244385,0.0,0.0,97.802,-7.0,6.0,6.0,28.0,2.0,27.0,0.0,0.0,0.0,17.0,80.0,4.0,4.0,1.0,63.0,0.0
81.0,107.32367,3.2439911,60.177288,36.0,0.0,0.0,100.0,-7.0,7.0,8.0,38.40785,3.0,17.0,0.0,1.0,1.0,2.0,72.705086,1.0,3.7715218,0.0,33.0,0.0
86.0,177.3073,8.0,62.006817,6.98028,0.0,0.0,100.0,-7.0,7.0,8.0,12.0,1.0,38.0,-7.0,0.0,0.0,1.0,63.629578,2.0,2.0,0.0,67.0,0.0
88.93304,212.63345,42.5424,92.1562,21.0,0.0,0.0,100.0,-7.0,7.0,8.0,9.08019,0.0,39.8078,0.0,1.6398698,1.5853184,9.0,-8.0,2.0,1.0,0.0,40.0,0.0
77.0,48.035748,4.0,36.14335,15.0,0.0,0.0,100.0,-7.0,7.0,8.0,9.961315,2.0,47.0,0.0,2.0,2.0,14.081514,100.0,1.0,3.0,0.0,62.61649,0.0
75.0,223.5121,15.0,70.0,40.240532,0.0,0.0,100.0,-7.0,7.0,8.0,48.410107,0.0,10.294766,0.0,0.0,0.0,43.393047,-8.0,4.0,1.0,2.0,33.0,0.0
71.73051,170.25371,3.0,54.01574,33.62556,0.0,0.0,100.0,-7.0,7.0,8.0,34.0,5.5438647,32.0,0.0,1.0,1.0,10.956194,63.529697,6.0,4.0,2.0,67.0,0.0
75.0,134.80899,6.0,75.71704,28.0,0.0,0.0,100.0,-7.0,7.0,8.0,26.946527,1.0,20.0,0.0,2.0,2.0,45.341404,53.95777,5.0,2.0,4.0,56.562523,0.0
81.0,284.61395,19.910816,125.28682,35.24007,0.0,0.0,100.0,-7.0,7.0,8.0,33.0,0.0,49.982243,12.912447,0.0,0.0,19.0,49.81623,5.0,2.0,0.0,71.0,0.0
72.0,203.20074,7.0,104.20845,26.0,2.0,2.0,100.0,-7.0,6.0,8.0,27.709854,1.0,28.567045,1.0,2.0,1.0,1.0,30.371931,1.0,2.0,0.0,20.511047,0.0
79.212746,167.3774,5.0,86.52353,16.0,0.0,0.0,77.97404,38.361195,6.0,6.0,16.261358,2.0,27.0,-8.0,0.0,0.0,23.687061,73.70522,1.0,2.0,0.0,67.0,0.0
77.0,290.0172,2.0,86.49468,25.0,0.0,0.0,100.0,-7.0,7.0,8.0,24.0,1.6249278,7.7465453,-7.0,2.0,2.0,47.52405,-8.0,7.0,1.0,1.0,51.206985,0.0
80.0,185.41545,5.0,58.0,11.511479,0.0,0.0,100.0,-7.0,7.0,8.0,18.0,2.0,22.0,1.0,1.0,1.0,22.93428,-8.0,2.0,-8.0,1.0,46.922123,0.0
78.896225,309.58984,5.0,115.20122,44.79926,0.0,0.0,98.69536,68.347275,6.0,6.0,49.251812,2.0,18.0,0.0,4.3255596,4.69832,1.0,91.0,6.3838925,3.0,0.0,54.841675,0.0
84.93911,218.22777,1.0,74.0,31.0,0.0,0.0,100.0,-7.0,7.0,8.0,38.0,3.0,42.0,1.0,2.0,2.0,11.410523,76.0,2.0,2.0,0.0,77.813225,0.0
67.880165,166.95744,6.0,54.281025,16.0,2.3147092,2.0,79.31218,46.77006,6.0,3.0,19.0,3.0,70.39777,0.0,0.0,0.0,49.140835,70.3714,2.0,4.0,0.0,86.0,0.0
82.0,165.4957,26.072306,64.60353,8.0,0.0,0.0,100.0,-7.0,7.0,8.0,6.7074227,0.0,42.0,-7.0,1.0,1.0,25.88398,-8.0,3.0,-8.0,0.0,100.0,0.0
89.8992,115.341385,9.0,64.23116,17.74013,0.0,0.0,100.0,-7.0,7.0,8.0,17.657207,1.0,53.537216,0.0,0.0,0.0,6.173279,77.38348,3.0,2.0,0.0,75.0,0.0
76.0,152.77354,2.0,68.85487,8.0,0.0,0.0,100.0,-7.0,7.0,8.0,10.0,3.0,55.125412,-7.0,2.0,2.0,86.78284,99.86521,2.0,2.0,0.0,75.18504,0.0
82.0,190.6277,4.0,96.12211,14.0,0.0,0.0,93.0,37.132534,6.0,6.0,17.0,1.1814693,23.177809,0.0,1.0,1.0,2.0,-8.0,4.0,1.0,0.0,50.0,0.0
83.46185,177.36115,16.0,97.24396,6.0,0.0,0.0,100.0,-7.0,7.0,8.0,8.0,0.0,46.0,22.508114,0.0,0.0,22.941673,34.762424,2.0,1.0,0.0,64.0,0.0
67.0,332.3494,5.0,125.07332,7.803938,0.0,0.0,84.61427,10.850103,4.0,6.0,9.321468,1.0,49.302296,0.0,1.0,0.0,52.218464,77.01272,3.0,1.0,1.0,83.0,0.0
80.0,104.24284,24.335983,99.443954,-9.0,0.0,0.0,100.0,-7.0,7.0,8.0,-9.0,0.0,9.724516,0.0,0.0,0.0,83.185715,-8.0,3.0,-9.0,1.0,100.0,0.0
73.0,165.45425,3.0,26.557304,23.855286,0.0,0.0,100.0,-7.0,7.0,8.0,24.0,3.0,40.0,0.0,4.0,3.0,14.158431,93.01087,3.478554,5.4951673,1.2622323,78.34423,0.0
90.28847,281.5094,19.30976,102.78057,12.950527,0.0,0.0,100.0,-7.0,7.0,8.0,17.0,0.0,43.382484,18.70486,0.0,0.0,8.0,-8.0,2.0,1.0,0.0,43.0,0.0
77.744385,193.19057,3.0,114.9792,36.0,0.0,0.0,100.0,-7.0,7.0,8.0,34.68129,1.0,24.311678,0.0,0.0,0.0,24.171812,99.68563,9.882137,2.0,1.0,53.5612,0.0
62.2811,139.29312,3.0,48.641304,19.0,0.0,0.0,91.65127,11.930125,6.0,6.0,11.0,2.0,40.0,0.0,6.616849,6.2822223,59.809074,32.01042,3.0,3.0,2.0,60.0,0.0
75.0,151.96925,8.0,79.0,13.0,0.0,0.0,100.0,-7.0,7.0,8.0,27.0,1.0,22.616997,0.0,0.0,0.0,26.594305,-8.0,2.0,1.0,0.0,100.0,0.0
75.0,198.05698,3.0,68.0,19.254095,0.0,0.0,100.0,-7.0,7.0,8.0,19.0,1.0,6.360366,0.0,2.0,2.0,45.858273,51.9394,6.4819136,1.0,3.0,64.0,0.0
-9.0,-9.0,-9.0,-9.0,-9.0,-9.0,-9.0,-9.0,-9.0,-9.0,-9.0,-9.0,-9.0,-9.0,-9.0,-9.0,-9.0,-9.0,-9.0,-9.0,-9.0,-9.0,-9.0,0.0
-9.0,-9.0,-9.0,-9.0,-9.0,-9.0,-9.0,-9.0,-9.0,-9.0,-9.0,-9.0,-9.0,-9.0,-9.0,-9.0,-9.0,-9.0,-9.0,-9.0,-9.0,-9.0,-9.0,0.0
76.0,166.89827,67.23981,64.360664,-9.0,0.0,0.0,100.0,-7.0,7.0,8.0,13.0,0.0,44.0,0.0,0.0,0.0,6.2700677,-8.0,1.0,-8.0,0.0,100.0,0.0
59.397034,192.1021,5.726179,140.35074,22.427452,8.378589,5.6347437,83.23849,61.267284,6.0,2.0,29.230387,1.0,44.785065,2.0,3.0,3.0,56.487114,-8.0,2.0,1.0,1.0,50.0,0.0
79.06394,-2.1076713,1.9814391,33.953644,8.31731,0.0,0.0,100.0,-7.0,7.0,8.0,3.9999137,3.0,47.0,4.0,1.0,1.0,1.0,76.0,2.0,3.0,0.0,70.645454,0.0
79.762856,206.76457,4.0,94.0,13.0,0.0,0.0,88.0,18.501312,6.0,6.0,13.0,1.0,25.0,-8.0,0.0,0.0,20.18401,72.26951,2.0,2.0,0.0,47.4067,0.0
68.0,120.53547,8.0,46.585716,14.0,0.0,0.0,100.0,-7.0,7.0,8.0,14.612594,5.0,45.0,0.0,0.0,0.0,54.855415,86.54702,5.0,4.0,3.0,100.0,0.0
77.0,180.51672,6.28402,88.34041,25.0,0.0,0.0,100.0,-7.0,7.0,8.0,12.0,1.0,24.980907,-8.0,0.0,0.0,31.719248,72.584305,4.0,3.0,2.0,60.0,0.0
60.895897,344.19464,20.0,80.57205,20.0,0.0,0.0,68.58694,13.7976265,6.0,5.0,22.0,0.0,31.0,-7.0,0.0,0.0,51.449234,63.213272,4.0,2.0,2.0,57.0,0.0
86.0,225.49345,12.0,128.25998,18.0,0.0,0.0,100.0,-7.0,7.0,8.0,14.359413,0.0,20.0,1.0,1.0,1.0,11.0,-8.0,3.0,-8.0,0.0,25.0,0.0
75.0,171.18112,3.0,68.81387,35.571667,0.0,0.0,100.0,-7.0,7.0,8.0,29.0,3.0,37.21296,0.0,1.0,1.0,28.253927,80.19776,4.0,4.0,0.0,75.0,0.0
64.0,141.3239,1.0,51.26245,51.790607,0.0,0.0,93.0,8.156031,4.8426957,6.0,51.99762,10.888353,62.71613,0.0,8.164983,6.6686506,35.24301,93.80078,9.0,11.275399,4.0,71.0,0.0
73.0,197.02422,3.0,87.24985,25.0,1.0,1.0,96.75404,25.00391,6.0,6.0,23.015196,2.0,55.85794,3.0,0.0,0.0,21.0,84.31658,4.0,3.3511422,0.0,80.0,0.0
77.63161,234.20802,24.757795,130.43472,7.1265445,0.0,0.0,88.0,8.889175,6.0,6.0,11.0,0.0,0.0,0.0,0.0,0.0,5.0,-8.0,2.0,-8.0,0.0,40.61185,0.0
63.0,162.5894,10.0,45.014168,21.0,1.0,0.0,95.0,12.672377,6.0,6.0,22.962936,0.0,55.38948,0.0,0.0,0.0,90.02751,55.490105,4.0,4.0,2.7203093,83.0,0.0
76.11717,218.35812,3.0,62.77794,30.0,0.0,0.0,100.0,-7.0,7.0,8.0,34.0,5.0,17.615955,0.0,1.0,1.0,8.0,-8.0,6.0,-8.0,0.0,39.786842,0.0
91.81143,110.7073,86.08962,238.72577,29.0,0.0,0.0,100.0,-7.0,7.0,8.0,17.0,0.0,29.0,-9.0,0.0,0.0,6.987027,-8.0,2.0,1.0,0.0,37.606735,0.0
56.86698,217.7956,4.23006,115.66935,29.0,2.8047988,2.0,81.745995,5.2417345,4.0,4.804331,30.0,1.0,44.0,0.0,1.0,1.0,36.0,93.0,6.0,3.0,4.0,71.0,0.0
84.245766,226.82924,7.0,109.50787,16.0,0.0,0.0,100.0,-7.0,7.0,8.0,18.0,2.0,-9.0,0.0,2.0,2.0,11.77045,-8.0,3.8183625,1.0,0.0,35.720894,0.0
61.574677,70.65154,3.0,44.11059,12.0,0.0,0.0,83.004654,3.0,6.0,6.0,4.55485,1.0,28.0,1.0,1.0,1.0,45.870537,57.612347,4.0,3.0,1.0,78.0,0.0
83.0,227.16612,6.0,108.965965,20.121841,0.0,0.0,100.0,-7.0,7.0,8.0,23.692324,1.0,24.0,-7.140954,0.0,0.0,12.571252,-8.0,5.470513,2.0,1.0,52.39242,0.0
91.0,173.15923,12.0,107.14567,27.0,0.0,0.0,100.0,-7.0,7.0,8.0,24.261723,0.0,24.0,-8.0,0.0,0.0,5.0,-8.0,4.0,2.0,0.0,56.0,0.0
80.48949,98.108734,6.0,71.680984,11.718743,0.0,0.0,100.0,-7.0,7.0,8.0,14.6801815,1.0,39.3032,22.973475,0.0,0.0,1.0,-8.0,2.0,1.0,0.0,50.0,0.0
86.546196,167.41667,5.0,75.0,14.0,0.0,0.0,100.0,-7.0,7.0,8.0,13.0,1.0,39.092392,0.0,0.0,0.0,53.10433,-8.0,1.0,1.0,0.0,57.0,0.0
74.56991,117.06825,2.0,53.541878,28.0,2.0,1.0,89.0,10.757044,4.0,-9.0,33.199276,3.0,21.0,13.312836,0.0,0.0,5.421313,89.81651,2.0,2.0,0.0,33.99012,0.0
74.28147,230.934,2.333136,46.07085,9.0,0.0,0.0,100.0,-7.0,7.0,8.0,3.681287,1.0,18.0,1.0,6.286937,6.457065,54.838165,-8.0,2.0,1.0,0.0,50.0,0.0
75.0,247.00076,13.877494,102.50706,30.0,0.0,0.0,100.0,-7.0,7.0,8.0,34.0,0.0,22.0,0.0,1.0,1.0,48.535213,-8.0,6.0,1.4071928,4.4699197,60.32678,0.0
79.0,246.00584,6.0,98.22611,25.0,0.0,0.0,100.0,-7.0,7.0,8.0,28.0,1.0,32.0,0.0,1.0,1.9356158,29.203741,75.9401,6.0,2.0,1.0,88.80909,0.0
85.0,204.56058,6.5035386,92.780205,38.181774,0.0,0.0,100.0,-7.0,7.0,8.0,58.218323,3.0,25.0,-7.0,1.0,1.0,0.0,23.218348,3.0,4.0,0.0,44.0,0.0
67.0,94.186745,1.0,21.774534,18.0,0.0,0.0,97.0,41.45901,6.0,6.0,18.189774,5.0,33.0,0.0,6.028813,5.7132163,21.0,97.218864,3.0,2.0,0.0,29.735722,0.0
75.0,190.45416,2.0,102.93537,27.613445,1.0,0.0,93.0,10.926469,6.0,6.0,27.0,1.0,25.196835,0.0,3.0,2.0,11.0,55.898033,3.0,3.0,0.0,24.695501,0.0
77.0,154.15907,2.0,64.228836,20.0,0.0,0.0,100.0,-7.0,7.0,8.0,17.0,1.0,31.0,0.0,1.0,1.7575147,29.39078,96.88448,2.0,2.0,2.0,30.762749,0.0
85.0,325.2523,20.90068,97.0,17.710484,0.0,0.0,100.0,-7.0,7.0,8.0,19.0,0.0,40.0,19.961676,0.0,0.0,1.0,78.10713,1.0,3.0,0.2828119,44.0,0.0
85.59323,204.97911,9.0,116.96508,19.0,0.0,0.0,100.0,-7.0,7.0,8.0,23.0,2.0,33.0,3.0,1.0,1.0,29.563044,-8.0,4.0,2.0,0.0,100.0,0.0
84.0,157.00526,49.470295,151.22795,8.058793,0.0,0.0,100.0,-7.0,7.0,8.0,5.6568217,0.0,20.0,-8.0,0.0,0.0,4.738296,-8.0,4.0,1.0,0.0,78.0,0.0
74.0,117.11587,1.0,51.479927,18.0,0.0,0.0,100.0,-7.0,7.0,8.0,11.0,7.68959,16.440502,-7.0,1.0,1.0,22.263369,45.79561,8.852528,2.0,0.0,72.96055,0.0
90.078316,221.29695,15.514044,171.04675,25.0,0.0,0.0,100.0,-7.0,7.0,8.0,28.107718,0.0,0.0,16.0,0.0,0.0,4.0,-8.0,1.0,-8.0,0.0,-9.0,0.0
75.0,249.30496,1.0,108.1801,21.0,0.0,0.0,100.0,-7.0,7.0,8.0,23.0,1.0,24.319262,0.0,3.0,3.0,12.0,98.76479,5.0,3.0,1.0,50.0,0.0
88.40723,311.9326,13.802828,93.83865,20.674189,0.0,0.0,100.0,-7.0,7.0,8.0,24.848133,0.0,13.873169,5.0,0.0,0.0,0.0,-8.0,1.0,-8.0,0.0,-9.0,0.0
71.806984,225.8935,3.0,62.92053,28.0,0.0,0.0,90.670044,45.178352,6.0,6.0,28.231663,4.0,28.0,2.0,4.0,4.0,25.444395,49.32394,2.0,2.0,0.0,50.0,0.0
83.0,103.312744,17.0,63.0,9.0,0.0,0.0,100.0,-7.0,7.0,8.0,9.459222,0.0,34.60812,0.0,1.0,1.0,0.0,-8.0,0.0,1.0,0.0,50.90671,0.0
75.04928,280.04593,37.760017,138.383,12.0,1.0,1.0,87.87094,66.169876,6.0,3.0,14.589938,0.0,57.268726,-8.0,0.0,0.0,33.743248,-8.0,1.3660171,1.0,0.0,100.0,0.0
72.0,147.7345,2.0,70.0,3.5492802,1.0,1.0,96.0,-7.0,6.0,6.0,4.774605,1.0,38.0,-7.9856005,0.0,0.0,2.0,-8.0,2.0,-8.0,0.0,50.0,0.0
86.0,304.6506,27.112648,92.0,30.987114,0.0,0.0,100.0,-7.0,7.0,8.0,47.270355,0.0,25.06374,0.0,1.0,1.0,7.429049,-8.0,6.0,2.0,0.0,63.0,0.0
87.0,367.15625,35.523785,127.74028,19.0,0.0,0.0,100.0,-7.0,7.0,8.0,19.511051,0.0,50.0,1.0,1.0,1.0,0.3760091,-8.0,1.0,1.0,0.0,33.0,0.0
59.294853,382.56366,27.991749,125.978676,14.0,0.11806056,0.0,67.09703,1.0,4.0,5.1632295,15.0,0.0,50.0,16.0,0.0,0.0,68.022736,74.08651,4.0,3.0,6.705364,100.0,0.0
80.0,149.3055,9.0,68.0,16.0,0.0,0.0,100.0,-7.0,7.0,8.0,21.0,1.0,-3.597865,23.349909,0.0,0.0,20.249794,-8.0,4.0,-9.0,1.0,40.0,0.0
82.0,80.16858,6.0,61.0,25.0,0.0,0.0,100.0,-7.0,7.0,8.0,18.27045,1.0,8.793907,0.0,3.0,3.0,12.0,-8.0,4.0,-8.0,0.0,26.457106,0.0
85.0,205.8042,3.0,80.0,27.476562,0.0,0.0,100.0,-7.0,7.0,8.0,27.0,3.0,29.0,2.1273208,1.0,1.0,6.083398,-8.0,3.0,2.0,0.0,49.93892,0.0
72.0,128.80751,7.0,46.982094,7.0,2.3261483,1.0,84.57355,36.37219,6.0,1.0992972,11.0,1.0,13.0,15.177171,0.0,0.0,16.0,-8.0,2.0,1.0,0.0,57.0,0.0
89.0,372.77237,8.0,159.93585,8.583381,0.0,0.0,90.1826,48.084015,6.0,6.0,10.515134,1.0,38.0,-7.0,0.0,0.0,0.0,73.18661,-8.243207,-8.0,0.0,37.7183,0.0
75.0,158.69157,7.0,63.0,16.248941,0.0,0.0,100.0,-7.0,7.0,8.0,13.0,3.0,8.507105,-7.735281,0.0,0.0,42.92693,-8.0,5.0,1.0,2.0,54.97277,0.0
89.94445,208.41829,14.193765,100.76488,21.0,0.0,0.0,100.0,-7.0,7.0,8.0,23.0,0.0,41.587193,-8.0,0.0,0.0,2.0,80.25838,2.0,5.0,0.0,43.0,0.0
87.0,158.92029,7.0660133,87.82196,17.918869,0.0,0.0,100.0,-7.0,7.0,8.0,22.0,1.0,24.003563,-7.840075,0.0,0.0,6.0,-8.0,2.0,-8.0,0.0,47.729305,0.0
91.0,190.65474,36.254696,144.19687,12.0,0.0,0.0,100.0,-7.0,7.0,8.0,11.85782,0.0,53.141685,-8.0,0.0,0.0,1.0,-8.0,0.0,1.0,0.0,24.475294,0.0
80.0,213.528,19.842623,107.986305,17.0,0.0,0.0,92.0,9.697336,6.0,6.0,18.0,0.0,35.0,11.03864,2.0,1.0,22.567678,61.074238,2.0,4.0,0.0,100.0,0.0
78.0,139.53763,4.0,72.69374,18.0,0.0,0.0,100.0,-7.0,7.0,8.0,30.0,2.0,35.0,2.0,1.0,0.0,1.9744874,82.47962,1.0,3.0,0.0,50.254925,0.0
83.0,170.5617,18.453619,78.17492,13.6558895,0.0,0.0,100.0,-7.0,7.0,8.0,14.0,0.0,48.026573,8.9924345,0.0,0.0,0.0,-8.0,3.0,1.0,0.0,83.0,0.0
68.0,198.45392,10.0,63.831123,19.0,2.0,1.0,83.47535,30.880184,5.0,5.0,24.0,0.0,34.43272,5.7238426,0.0,0.0,42.06186,88.52622,4.0,2.0,2.0,83.0,0.0
82.0,148.75203,5.0,80.0,47.41701,0.0,0.0,100.0,-7.0,7.0,8.0,48.709892,2.0,47.0,0.0,2.0,2.0,0.77236354,57.656704,1.0,4.0,0.0,44.30111,0.0
75.0,242.3716,1.0,72.0,15.0,0.0,0.0,94.060074,16.06715,6.0,6.0,12.0,2.0,13.736673,15.12161,0.0,0.0,19.461786,-8.0,3.0,1.0,2.0,28.417376,0.0
64.25774,176.60684,4.9521904,81.88837,26.172997,3.9938886,0.0,88.978294,20.038433,4.0,2.0796535,30.807827,1.0,68.7356,0.0,4.263612,4.6448135,32.0,71.318054,4.0,3.0,0.0,90.67514,0.0
83.0,394.44208,2.0,163.62378,23.443237,0.0,0.0,100.0,-7.0,7.0,8.0,25.0,3.0,35.37458,0.0,1.0,1.0,28.90271,-8.0,3.0,1.0,0.0,57.0,0.0
85.0,187.41946,22.622538,84.892,22.140291,0.0,0.0,100.0,-7.0,7.0,8.0,30.0,0.0,29.0,-7.0,0.0,0.0,6.0,29.79595,2.0,2.0,0.0,71.0,0.0
88.0,140.28482,1.0,85.609055,14.0,0.0,0.0,100.0,-7.0,7.0,8.0,6.4819827,1.0,52.288937,-7.0,0.0,0.0,5.0,23.79439,1.0,3.0,0.0,63.395622,0.0
72.0,223.87825,4.0,79.0,49.96974,0.0,0.0,97.0,79.80246,6.0,6.0,44.376526,2.0,52.56041,0.0,4.6546874,4.9955826,43.03444,90.57367,3.0,4.0,0.0,64.322556,0.0
68.941605,221.04332,20.861845,85.254616,4.6565123,1.0,1.0,74.132614,32.770363,6.0,5.0,0.7174063,0.0,18.937103,7.0,0.0,0.0,32.877556,67.35917,2.0,1.0,0.0,67.0,0.0
65.0,237.82378,5.0,92.134476,52.77721,1.0,0.0,95.0,1.0,4.3224115,5.0,82.94387,2.0,31.0,0.0,7.595999,7.981432,31.96485,91.0,5.0,3.0,1.0,44.77728,0.0
57.968746,294.97714,15.561611,141.1031,27.0,0.0,0.0,80.61267,14.788515,6.0,6.0,27.0,0.0,26.550425,0.0,0.0,0.0,70.05744,53.572556,9.0,4.0,1.0,70.0,0.0
74.56287,-8.114341,1.0,43.922745,14.0,0.0,0.0,100.0,-7.0,7.0,8.0,10.918264,3.0,17.0,0.0,2.0,2.0,0.0,88.77444,1.0,3.0,0.0,50.0,0.0
-9.0,-9.0,-9.0,-9.0,-9.0,-9.0,-9.0,-9.0,-9.0,-9.0,-9.0,-9.0,-9.0,-9.0,-9.0,-9.0,-9.0,-9.0,-9.0,-9.0,-9.0,-9.0,-9.0,0.0
81.0,211.5709,1.0,75.0,23.0,0.0,0.0,96.0,25.508656,6.0,6.0,26.0,2.0,41.38556,0.0,4.0,3.0344987,13.158452,-8.0,1.0322618,2.0,0.0,38.0,0.0
73.0,373.04272,5.631392,113.87495,32.0,0.0,0.0,100.0,-7.0,7.0,8.0,37.0,1.0,40.0,0.0,1.0,1.0,47.989197,73.77161,11.0,2.0,1.0,75.0,0.0
68.0,169.39848,3.0,54.635254,49.7476,0.0,0.0,100.0,-7.0,6.0,6.226193,51.74561,4.3009586,21.0,2.0,4.0,4.0,26.319647,75.37552,7.0,3.0,2.0,39.684624,0.0
82.46281,248.46033,10.0,103.898384,21.28636,0.0,0.0,100.0,-7.0,7.0,8.0,25.22711,2.0,24.974598,0.0,1.0,1.0,18.02837,48.450096,9.0,2.0,0.0,71.0,0.0
77.0,180.83414,3.0,60.273342,12.0,0.0,0.0,100.0,-7.0,7.0,8.0,15.961747,2.0,29.0,0.0,6.5096407,6.897522,0.0,-8.0,0.0,2.0,0.0,50.0,0.0
80.0,227.48409,10.080531,117.63012,17.0,0.0,0.0,100.0,-7.0,7.0,8.0,17.0,0.0,0.0,9.0,0.0,0.0,22.360989,-8.0,6.0,1.0,0.0,50.0,0.0
85.0,143.48563,2.0,54.092148,25.0,0.0,0.0,100.0,-7.0,7.0,8.0,25.409325,2.0,26.0,-7.0,0.0,0.0,11.730746,-8.0,4.0,1.0,0.0,53.681652,0.0
-9.0,-8.0,3.0,13.662338,15.0,0.0,0.0,76.107025,22.802105,6.0,6.0,18.538837,5.0,44.729565,0.0,0.0,0.0,86.27325,79.42011,8.0,3.0,5.8482437,84.759575,0.0
86.0,481.15268,7.0,112.29545,21.0,0.0,0.0,100.0,-7.0,7.0,8.0,20.0,2.0,45.0,7.0,0.0,0.0,8.0,77.43766,2.0,2.0,0.0,56.0,0.0
77.0,261.6201,4.0,83.94989,28.0,0.0,0.0,100.0,-7.0,7.0,8.0,16.0,3.0,25.0,0.0,0.0,0.0,37.309433,85.56457,3.0,3.0,1.0,46.100403,0.0
82.0,230.82234,3.0,81.80251,32.465755,0.0,0.0,93.10563,10.87918,4.0,6.0,32.0,3.0,21.892687,8.0,0.0,0.0,8.458945,-8.0,2.0,1.0,0.0,40.0,0.0
70.34666,122.928535,9.0,95.55737,26.0,2.0,1.0,81.77938,5.6940937,4.0,5.0,30.0,0.0,54.59896,2.0,1.0,1.9034508,1.4382595,99.88339,2.0,2.0,0.0,80.0,0.0
91.60009,223.26378,26.560905,104.872086,7.9756904,0.0,0.0,100.0,-7.0,7.0,8.0,9.0,0.0,8.492216,19.617039,0.0,0.0,1.5451835,-8.0,2.302893,-8.0,0.0,45.138397,0.0
65.0,292.06897,1.6465213,89.88786,55.70919,0.0,0.0,100.0,-7.0,7.0,8.0,49.794193,2.0,31.253876,0.0,4.0,3.7630858,37.558628,92.134346,11.0,11.6889105,1.0,64.765594,0.0
69.31017,98.35707,11.0,12.575064,6.9007425,0.0,0.0,89.62846,31.42458,6.0,6.0,9.0,2.0,61.252213,0.0,2.0,2.0,7.183714,93.22613,1.0,2.0,0.0,71.0,0.0
80.0,88.667076,1.0215098,61.0,44.623558,0.0,0.0,100.0,-7.0,7.0,8.0,47.02511,10.894945,52.835773,0.0,3.0,3.0,6.7537336,82.19835,4.0,5.0,0.0,67.0,0.0
82.0,219.09488,6.0,81.0,23.0,0.0,0.0,91.0,23.347,6.0,6.0,23.0,1.0,20.0,-7.0,1.0,0.0,2.2685902,17.028107,3.0,2.0,0.0,44.39309,0.0
73.0,226.3824,3.0055149,88.06876,35.531532,0.0,0.0,97.0,36.77463,6.0,6.0,27.0,1.0,25.0,0.0,0.0,0.0,53.808037,50.294945,4.0,3.0,2.6088426,71.78443,0.0
-9.0,-9.0,-9.0,-9.0,-9.0,-9.0,-9.0,-9.0,-9.0,-9.0,-9.0,-9.0,-9.0,-9.0,-9.0,-9.0,-9.0,-9.0,-9.0,-9.0,-9.0,-9.0,-9.0,0.0
81.0,186.95992,4.0,75.0,18.0,0.0,0.0,100.0,-7.0,7.0,8.0,18.27212,2.0,28.0,5.0,0.0,0.0,36.901207,60.45421,3.0,1.0,0.0,70.0,0.0
76.0,242.36893,1.0,69.466,44.154285,0.0,0.0,97.67641,1.0,6.0,6.0,51.06952,5.0,63.183704,0.0,2.0735633,2.0,16.620308,84.16911,2.0,3.0,0.0,55.285423,0.0
76.55871,-8.121857,2.0,85.58553,18.0,2.0,1.0,85.69722,52.502514,6.0,5.0,5.7291994,2.0,44.906757,0.0,2.0,2.0,2.0,94.91322,2.0,3.0,0.0,58.037594,0.0
83.65809,413.04144,11.0,105.14328,25.0,0.0,0.0,93.851746,35.15851,6.0,6.0,36.637295,2.0,14.166081,-8.0,0.0,0.0,0.0,-8.0,4.0,-8.0,0.0,40.720802,0.0
75.58269,-9.0,8.0,44.09621,12.0,0.0,0.0,100.0,-7.0,7.0,8.0,8.0,1.0,38.92891,0.0,1.0,1.0,1.7676944,40.201813,3.0,4.0,0.0,70.22861,0.0
86.0,389.0073,16.905424,174.59973,8.785719,0.0,0.0,100.0,-7.0,7.0,8.0,12.482317,0.0,40.0,22.255318,0.0,0.0,9.0,-8.0,3.0,1.0,-8.0,100.0,0.0
79.0,196.6176,-1.7643951,81.61845,12.0,1.0,1.2055413,83.62356,46.528904,6.0,3.8535533,17.476418,1.0,64.174736,-7.6411223,0.0,0.0,1.0,93.0,2.0,2.0,0.0,75.0,0.0
-9.0,-9.0,-9.0,-9.0,-9.0,-9.0,-9.0,-9.0,-9.0,-9.0,-9.0,-9.0,-9.0,-9.0,-9.0,-9.0,-9.0,-9.0,-9.0,-9.0,-9.0,-9.0,-9.0,0.0
-9.0,-9.0,-9.0,-9.0,-9.0,-9.0,-9.0,-9.0,-9.0,-9.0,-9.0,-9.0,-9.0,-9.0,-9.0,-9.0,-9.0,-9.0,-9.0,-9.0,-9.0,-9.0,-9.0,0.0
87.0,165.29889,10.0,64.97374,27.57076,0.0,0.0,100.0,-7.0,7.0,8.0,31.0,2.0,0.0,-7.0,0.0,0.0,2.0,-8.0,2.0,1.0,0.0,21.969866,0.0
71.0,82.40258,2.0,22.75598,25.0,0.0,0.0,100.0,-7.0,7.0,8.0,34.0,6.168453,23.295584,2.2348819,0.0,0.0,28.0,-8.0,7.0,1.0,4.0,58.0,0.0
77.0,163.46703,13.834372,43.40073,12.0,0.0,0.0,100.0,-7.0,7.0,8.0,15.0,0.0,24.0,4.056697,0.0,0.0,11.0,-8.0,4.0,1.0,1.0,64.0,0.0
80.0,177.14851,21.684515,89.69427,13.586347,0.0,0.0,88.13012,-8.266618,4.0,5.7875857,15.0,0.0,61.71643,1.0,0.0,0.0,0.0,81.51968,1.0,3.0,0.0,55.636116,0.0
73.0,172.43993,13.097128,86.89449,21.0,3.0,2.147567,94.0,30.746138,6.0,-9.0,24.0,0.0,50.0,7.0,0.0,0.0,1.0,-8.0,2.0,2.0,0.0,70.4867,0.0
76.0,137.77184,17.0,107.61888,12.0,0.0,0.0,100.0,-7.0,7.0,8.0,9.0,0.0,36.39606,0.0,1.0,1.0,82.168526,97.39805,2.0,1.0,3.0,78.0,0.0
-9.0,-9.0,-9.0,-9.0,-9.0,-9.0,-9.0,-9.0,-9.0,-9.0,-9.0,-9.0,-9.0,-9.0,-9.0,-9.0,-9.0,-9.0,-9.0,-9.0,-9.0,-9.0,-9.0,0.0
75.0,257.46283,6.0,95.26157,12.0,0.0,0.0,75.234726,10.558611,6.0,6.0,17.0,1.0,65.40786,6.0,0.0,0.0,6.0,19.123938,1.0,5.0,0.0,100.0,0.0
71.0,170.71567,1.0,88.55197,15.0,1.0,1.0,100.0,-7.0,7.0,8.0,10.0,2.0,26.0,16.0,0.0,0.0,41.149258,81.77781,4.0,2.0,1.0,50.0,0.0
78.0,169.19704,24.372715,103.19283,28.0,0.0,0.0,92.2345,32.2144,6.0,6.0,28.0,0.0,40.0,-7.0,0.0,0.0,25.754055,92.87077,5.0,2.0,0.0,64.0,0.0
91.29966,308.3323,3.3464375,152.21538,24.670393,0.0,0.0,95.0,58.071354,6.0,6.0,25.898745,3.0,20.0,-7.0,2.0,1.0,8.0,-8.0,5.0,2.0,0.0,57.0,0.0
70.0,7.7974424,5.0,52.014275,14.0,0.0,0.0,88.0,56.029095,6.0,6.0,17.0,1.0,42.68369,16.0,0.0,0.0,60.793797,126.01285,2.0,2.0,0.0,71.0,0.0
-9.0,-9.0,-9.0,19.921059,-9.0,-9.0,-9.0,-9.0,-9.0,-9.0,-9.0,-9.0,-9.0,-9.0,-9.0,-9.0,-9.0,-9.0,-9.0,-9.0,-9.0,-9.0,-9.0,0.0
65.0,439.64062,20.174942,115.608826,19.0,2.0,2.0548844,100.0,-7.0,7.0,8.0,17.0,0.0,20.0,-7.0,0.0,1.0,66.6954,-8.0,5.0,1.0,4.0,71.0,0.0
63.55047,370.9073,6.0,131.91849,22.0,8.865384,1.0,82.99802,68.694534,6.0,2.0,29.0,2.0,67.23635,7.719626,0.0,0.0,16.0,11.788628,2.0,2.0,0.0,64.0,0.0
66.0,306.19775,5.0,93.26194,38.631847,0.0,0.0,100.0,-7.0,7.0,8.0,35.614506,3.0,28.11784,-7.0,0.0,0.0,84.843796,-8.0,5.0,2.0,4.0,69.14703,0.0
70.43576,69.40184,4.961014,36.851105,9.885132,1.0,1.4404293,100.0,-7.0,7.0,8.0,13.151917,2.0,17.58697,4.0,0.0,0.0,46.250576,-8.0,3.0,1.0,1.0,70.61559,0.0
79.0,145.35289,11.0,56.491947,27.0,0.0,0.0,100.0,-7.0,7.0,8.0,24.360415,1.0,43.0,8.0,1.0,0.0,11.37798,35.11971,4.0,2.0,0.0,75.0,0.0
82.0,196.76654,20.695063,141.77597,12.0,0.0,0.0,100.0,-7.0,7.0,8.0,7.857346,0.0,24.181753,0.0,0.0,0.0,32.695282,-8.0,6.0,1.0,1.0,85.83023,0.0
83.0,341.72498,10.543956,138.67232,22.744484,0.0,0.0,100.0,-7.0,7.0,8.0,21.0,1.0,34.066566,7.269209,0.0,0.0,18.551441,80.0,5.0,3.0,0.0,67.0,0.0
86.94905,165.01337,21.263287,107.415245,17.0,0.0,0.0,92.05809,21.85716,6.0,6.0,15.0,0.0,56.53555,9.236398,0.0,0.0,0.0,-8.0,0.0,2.0,0.0,46.97643,0.0
81.0,411.99887,4.0,75.0,27.0,0.0,0.0,100.0,-7.0,7.0,8.0,32.0,1.0,45.240517,4.4278207,0.0,0.0,5.432168,-8.0,4.4086123,2.0,0.0,65.578316,0.0
82.0,205.10393,3.0,71.836685,27.024168,0.0,0.0,100.0,-7.0,7.0,8.0,30.378489,2.0,25.35662,0.0,0.0,0.0,32.0,82.6071,1.0,2.0,0.0,35.602837,0.0
68.0,152.4148,1.877091,67.0,23.0,0.0,0.0,89.0,2.9801369,6.0,6.0,26.0,4.0033236,35.0,0.0,1.0,1.0,53.290447,91.72128,3.9989843,4.0,1.0,100.0,0.0
69.0,206.46205,7.0,45.902267,10.984317,1.0,1.0,93.0,31.49757,6.0,2.0,14.0,2.0,51.618134,0.0,0.0,0.0,60.238113,64.75498,4.636237,3.0,0.0,93.03254,0.0
78.0,172.48004,5.0,93.0,35.980274,0.0,0.0,95.28466,55.6689,6.0,5.9654427,46.785076,4.0,43.0,19.012182,0.0,0.0,7.026813,53.77842,3.0,1.0845281,0.0,50.0,0.0
74.0,170.25569,13.0,84.453545,30.0,0.0,0.0,100.0,-7.0,7.0,8.0,26.877548,0.0,27.83387,2.955749,0.0,0.0,45.776558,-8.0,8.0,2.0,1.0,96.1737,0.0
76.0,143.95755,9.0,59.99923,21.0,0.0,0.0,97.0,-7.0,6.0,6.0,21.0,1.0,51.959534,0.0,1.0,0.0,41.740128,92.17831,1.0,3.0,0.0,61.64028,0.0
-9.0,-9.0,-9.0,-9.0,-9.0,-9.0,-9.0,-9.0,-9.0,-9.0,-9.0,-9.0,-9.0,-9.0,-9.0,-9.0,-9.0,-9.0,-9.0,-9.0,-9.0,-9.0,-9.0,0.0
76.0,219.02585,20.0,93.0,43.21381,0.0,0.0,96.0,42.91536,6.0,6.0,28.0,0.0,10.951713,7.83325,0.0,0.0,6.490205,68.03214,4.0,4.0,0.0,41.852444,0.0
80.0,160.5971,3.0,67.0,36.0,0.0,0.0,100.0,-7.0,7.0,8.0,38.0,4.0,38.302227,0.0,0.0,0.0,21.0,76.0,4.0,4.0,1.0,71.78371,0.0
84.442726,103.13103,2.0,80.0,21.0,0.0,0.0,100.0,-7.0,7.0,8.0,7.42915,1.0,23.244402,15.272452,0.056732852,1.0,5.267625,92.75436,2.0,2.0,0.0,43.18013,0.0
81.0,430.46396,6.0,115.39196,19.0,0.0,0.0,100.0,-7.0,7.0,8.0,20.446384,1.0,29.766085,16.0,0.0,0.0,27.135382,86.67296,2.0,2.0,1.0,56.0,0.0
82.0,394.5257,3.0,143.66202,18.0,0.0,0.0,100.0,-7.0,7.0,8.0,23.0,3.0,22.0,0.0,2.0,2.0,7.0,-8.0,4.0,2.0,0.0,49.91156,0.0
70.0,99.2871,7.0,63.0,16.0,0.0,0.0,91.0,27.498585,6.0,6.0,15.0,2.0,19.387768,0.0,3.0,3.0,40.913673,-8.0,3.0,2.0,1.0,43.069603,0.0
86.0,388.9642,4.0,109.99453,13.398243,0.0,0.0,100.0,-7.0,7.0,8.0,10.0,1.0349755,33.0,0.0,1.0,2.0,19.0,-8.0,4.0,1.0,0.0,88.0,0.0
68.97621,192.80203,6.0,76.84816,15.0,0.0,0.0,88.0,19.250978,6.0,4.0,15.0,1.0,25.332222,-7.0,0.0,0.0,36.04012,-8.0,2.0,1.0,0.0,43.0,0.0
81.0,132.1354,6.240828,88.71992,13.0,0.0,0.0,100.0,-7.0,7.0,8.0,15.0,1.0,36.0,1.0,0.0,0.0,41.0924,86.6669,2.0,1.0,0.0,100.0,0.0
70.0,391.89008,2.0,97.56448,17.0,1.0,0.0,89.59519,33.308674,6.0,4.1713753,18.317045,2.0,42.0,0.0,3.0,3.0,54.757027,26.385365,4.3782487,3.0,1.0,75.0,0.0
81.0,177.43025,4.2486415,64.0986,18.0,0.0,0.0,100.0,-7.0,7.0,8.0,27.186546,1.0,29.457846,0.0,0.0,0.0,17.978256,-8.0,4.0,3.0,1.0,75.0,0.0
79.0,205.58305,3.0,59.237373,49.378937,0.0,0.0,100.0,-7.0,7.0,8.0,50.317055,10.133083,9.106039,0.0,4.0,4.0,0.0,-8.0,4.0,1.0,0.0,20.854446,0.0
74.0,258.73972,6.0,59.61979,27.0,0.0,0.0,100.0,-7.0,7.0,8.0,32.492954,3.0,29.0,13.2195215,0.0,0.0,37.051876,-8.0,8.0,2.0,1.0,80.0,0.0
75.0,248.2926,9.0,101.3474,22.0,0.0,0.0,100.0,-7.0,7.0,8.0,22.0,0.0,24.0,4.0,1.0,0.0,24.751062,80.44407,6.0,2.0,1.0,79.37191,0.0
80.0,417.92236,5.0,106.21867,32.0,0.0,0.0,94.37124,73.103134,6.0,6.0,38.0,4.0,22.855415,0.0,1.0,1.0,13.0,35.667503,2.0,2.0,1.0,50.0,0.0
86.0,167.64268,7.0,86.989845,16.0,0.0,0.0,100.0,-7.0,7.0,8.0,20.0,2.0,39.7567,5.0,0.0,0.0,3.0,-8.0,3.0,2.0,0.0,70.697365,0.0
65.0,186.49585,3.0,72.480606,39.0,0.0,0.0,90.0,34.46395,6.0,6.0,43.583847,2.0,33.0,0.0,4.0,4.0,59.821304,80.48575,6.5873055,4.0,4.288698,80.0,0.0
80.0,92.86443,3.0,54.18143,27.85789,0.0,0.0,95.0,38.10949,6.0,6.0,7.527678,2.0,47.0,0.0,2.0,2.0,1.0,62.08091,2.0,4.0,0.0,53.92186,0.0
-9.0,191.3596,5.9326453,58.0,40.21607,0.0,0.0,92.0,4.0,3.0451193,6.0,40.24004,1.0,21.0,23.384378,0.0,0.0,43.30494,66.40513,23.381895,2.0,5.052445,71.0,0.0
72.09012,291.75317,6.0,86.154495,41.803654,1.0,1.0,100.0,-7.0,6.0,8.0,37.299034,2.0,16.001902,0.0,4.0,4.0,12.957444,78.502045,5.0,3.0,0.0,55.6858,0.0
86.15952,140.26976,2.0,67.0,38.32962,0.0,0.0,100.0,-7.0,7.0,8.0,40.852345,2.0,26.714853,-8.0,0.0,0.0,5.161381,-8.0,4.0,1.0,0.0,50.0,0.0
68.0,212.81526,10.0,70.875404,32.0,0.0,0.0,93.69946,11.436947,6.0,6.0,35.353333,1.0,28.0,0.24037541,0.0,0.0,61.41577,69.87159,6.0,2.0,1.0,56.0,0.0
69.0,137.01154,3.0,58.0,27.0,0.0,0.0,92.0,7.778027,6.0,6.0,25.0,2.0,20.0,3.0,2.0,2.0,19.0,-8.0,5.0,1.0,0.0,33.0,0.0
86.0,478.19714,2.0,106.711784,36.0,0.0,0.0,100.0,-7.0,7.0,8.0,35.488846,9.111588,20.0,5.0,2.0,1.0,4.0,45.47546,5.0,2.0,0.0,42.96025,0.0
82.0,415.29257,2.0,114.6738,20.0,0.0,0.0,100.0,-7.0,7.0,8.0,21.0,2.0,23.0,2.0,1.1616297,2.0,22.141077,-8.0,4.0,1.0,0.0,42.273865,0.0
83.0,167.05728,4.5029263,74.0,49.169075,0.0,0.0,100.0,-7.0,7.0,8.0,53.19236,2.0,46.496338,0.0,1.0,1.0,5.0,71.0,6.0,6.857654,0.0,57.0,0.0
78.0,173.49532,2.0,61.0,42.90847,1.0,0.0,97.0,20.592104,4.0,6.0,46.452194,3.0,31.0,0.0,2.0,2.0,33.661114,97.99598,4.0,2.0,0.0,53.88597,0.0
-9.0,-9.0,-9.0,-9.0,-9.0,-9.0,-9.0,-9.0,-9.0,-9.0,-9.0,-9.0,-9.0,-9.0,-9.0,-9.0,-9.0,-9.0,-9.0,-9.0,-9.0,-9.0,-9.0,0.0
72.0,135.4869,2.0,86.0,14.0,0.0,0.0,79.026085,31.497366,6.0,6.0,11.0,1.0,18.0,0.0,2.0,1.352361,45.191135,77.60475,4.0,2.0,0.0,57.141815,0.0
67.159966,319.27655,2.0,92.189896,18.181438,2.0,2.0,88.0,45.903103,4.4057903,5.0,24.0,5.0,30.133947,2.0,4.0,3.0,27.574179,83.10827,4.0,2.0,1.0,56.0,0.0
74.0,169.32462,3.7517724,61.91235,33.318108,0.0,0.0,100.0,-7.0,7.0,8.0,29.209606,3.0,18.900211,0.0,0.0,0.0,15.056848,-8.0,2.0,2.0,1.0,35.810616,0.0
84.0,258.52924,7.0,87.550766,25.199224,0.0,0.0,100.0,-7.0,7.0,8.0,26.0,1.0,21.0,0.0,2.0,1.0,8.0,64.49787,1.0,2.0,0.0,50.0,0.0
83.0,150.77144,4.0,62.927925,33.639492,0.0,0.0,100.0,-7.0,7.0,8.0,23.122698,2.0,35.068317,3.0,4.0,3.300245,1.0,-8.0,2.0,-8.0,0.0,29.496904,0.0
73.0,134.5931,6.0,83.0,13.0,0.0,0.0,75.812065,6.0686827,4.0,6.0,6.54257,1.0,28.501646,1.0,0.0,0.0,28.0,-8.0,2.0,1.0,0.0,64.05142,0.0
83.0,159.82262,7.0,58.037582,13.0,0.0,0.0,100.0,-7.0,7.0,8.0,8.8101845,2.0,70.22896,13.909348,0.0,0.0,13.12851,80.37068,2.0,4.0,0.0,92.37532,0.0
69.0,136.45193,14.350286,61.815487,18.0,0.0,0.0,100.0,-7.0,7.0,8.0,20.666681,4.0,20.0,0.0,3.0,3.0,70.72198,56.179607,4.0,1.0,1.0,89.58181,0.0
83.0,330.8958,7.0,92.591965,29.0,0.0,0.0,100.0,-7.0,7.0,8.0,34.245876,1.0,31.931562,7.980481,1.0,1.0,5.4072804,64.3333,3.0,1.0,0.0,41.180786,0.0
68.0,261.16708,28.785477,103.0909,17.0,1.0,1.0,100.0,-7.0,7.0,8.0,18.0,0.0,66.37098,-1.9210215,0.0,0.0,63.888493,50.087643,2.0,2.0,0.0,73.0,0.0
71.0,151.85324,3.0,37.82953,30.0,0.0,0.0,100.0,-7.0,7.0,8.0,30.974848,2.0,68.39966,0.0,1.0,1.0,70.347755,93.23836,3.0,7.9976697,0.0,84.29777,0.0
71.0,464.35995,2.0,134.09021,27.0,1.0,0.0,93.47088,48.05026,6.0,4.0,21.0,4.0,25.0,0.0,1.0012584,2.0,9.0,-8.0,11.0,2.0,0.0,71.52851,0.0
-9.0,-9.0,-9.0,-9.0,-9.0,-9.0,-9.0,-9.0,-9.0,-9.0,-9.0,-9.0,-9.0,-9.0,-9.0,-9.0,-9.0,-9.0,-9.0,-9.0,-9.0,-9.0,-9.0,0.0
77.82396,427.5503,6.0,92.0,44.083897,0.0,0.0,100.0,-7.0,7.0,8.0,53.436813,3.0,36.0,0.0,0.0,0.0,21.891005,81.93983,4.0,5.0,2.0,40.47291,0.0
84.0,101.71668,36.1023,44.090557,-9.0,0.0,0.0,100.0,-7.0,7.0,8.0,2.7229285,0.0,35.0,0.0,2.0,1.0,0.0,-8.0,-9.0,-8.0,-4.913325,50.0,0.0
89.0,413.0423,7.0,124.55851,23.451815,0.0,0.0,100.0,-7.0,7.0,8.0,24.0,1.0,20.398947,0.0,0.0,0.0,5.0,-8.0,4.0,1.0,0.0,50.0,0.0
75.0,387.92163,5.0,98.38803,27.069994,0.0,0.0,100.0,-7.0,7.0,8.0,33.123573,2.0,38.0,-7.0,1.0,1.0,73.53342,74.32962,3.0,3.0,2.0,57.0,0.0
72.0,133.23705,1.0,83.0,36.79862,0.0,0.0,100.0,-7.0,7.0,8.0,29.549185,6.0,35.53163,0.0,1.0,1.0,55.161922,100.0,4.0,2.0,4.0,57.0,0.0
73.0,283.53052,2.0,105.48613,27.0,0.0,0.0,100.0,-7.0,7.0,8.0,30.0,2.0,35.426678,-7.0,1.0,1.0,54.02233,72.35843,4.0,4.0,1.0,50.0,0.0
72.0,254.1654,5.54608,93.0,17.0,1.0,1.0,93.0,16.121347,0.7781793,5.0,28.0,1.0,20.0,-8.0,0.0,0.0,4.931299,97.16902,5.2698364,1.9032633,0.0,71.0,0.0
71.0,176.70557,1.0,85.456566,28.0,0.0,0.0,90.65201,50.563995,6.0,6.0,26.998554,1.0,50.0,10.734069,1.0,1.0,71.52457,57.72721,3.0,4.0,1.0,80.0,0.0
81.0,190.61841,23.683247,79.0,12.0,0.0,0.0,100.0,-7.0,7.0,8.0,9.0,0.0,70.328415,-7.0,0.0,0.0,36.0,-3.3348007,1.0,2.0,0.0,75.0,0.0
-9.0,-9.0,-9.0,-9.0,-9.0,-9.0,-9.0,-9.0,-9.0,-9.0,-9.0,-9.0,-9.0,-9.0,-9.0,-9.0,-9.0,-9.0,-9.0,-9.0,-9.0,-9.0,-9.0,0.0
68.0,416.60226,8.814058,164.51054,48.426815,0.0,0.0,96.0,27.082148,6.0,6.0,51.699993,1.0,33.0,1.0,0.0,0.0,17.309727,-8.0,9.321158,3.0,1.0,60.0,0.0
62.0,452.7074,3.0,103.93579,21.0,7.496364,7.551378,86.02881,23.037998,6.0,-6.4125233,27.680897,3.0,41.08643,0.0,4.0,4.0,8.0,54.996693,1.0,1.0,0.0,38.157574,0.0
76.90987,243.69746,1.0,109.50242,34.0,0.0,0.0,100.0,-7.0,7.0,8.0,41.077663,2.0,26.0,0.0,5.6877275,5.7260647,10.0,-8.0,5.0,1.0,1.0,41.333515,0.0
75.0,341.09116,9.0,129.08553,23.0,0.0,0.0,96.0,72.027664,6.0,6.0,23.99285,1.0,55.367527,0.0,0.0,0.0,56.27607,52.591953,8.0,2.0,2.0,88.0,0.0
74.0,125.34805,9.413308,94.51485,24.0,0.0,0.0,95.52203,0.1921153,3.163008,5.0,27.0,0.0,45.480976,0.0,3.0,3.0,2.0,76.99454,2.0,3.0,0.0,63.0,0.0
80.0,137.09407,9.0,100.0,21.0,0.0,0.0,95.0,53.221394,6.0,6.0,25.0,1.0,52.67681,-8.0,0.0,0.0,2.0,-8.0,1.0,1.0,0.0,37.27229,0.0
78.261925,164.90746,8.0,58.0,10.616891,0.0,0.0,100.0,-7.0,7.0,8.0,11.0,2.0,60.96036,12.120751,0.0,0.0,33.13862,46.282627,2.0,3.0,1.0,80.0,0.0
71.0,172.30197,2.0,61.477795,27.966599,0.0,0.0,100.0,-7.0,7.0,8.0,27.996244,3.0,20.0,0.0,0.0,0.0,67.804565,98.425095,7.0,2.0,2.0,80.0,0.0
-9.0,-9.0,-9.0,-9.0,-9.0,-9.0,-9.0,-9.0,-9.0,-9.0,-9.0,-9.0,-9.0,-9.0,-9.0,-9.0,-9.0,-9.0,-9.0,-9.0,-9.0,-9.0,-9.0,0.0
76.0,259.42557,4.0,95.6105,25.0,0.0,0.0,100.0,-7.0,7.0,8.0,26.693598,1.0,28.984257,0.0,1.0,1.0,28.0,69.40495,3.0,2.0,1.0,50.0,0.0
78.28123,137.93735,4.0,56.992508,13.0,0.0,0.0,100.0,-7.0,7.0,8.0,21.0,4.0,29.0,1.0,2.0,2.0,31.561863,-8.0,2.0,1.0,1.0,57.0,0.0
75.0,211.40482,12.0,88.06419,29.717896,0.0,0.0,94.0,40.147358,6.0,6.0,44.422432,0.0,74.15632,0.0,1.0,1.0,5.7391825,93.0,3.0,3.0,0.0,73.0,0.0
72.0,222.94446,2.0,73.47807,13.0,1.0,1.0,100.0,-7.0,3.0,8.0,14.0,3.0,19.63221,1.0,5.0,4.634493,16.69492,-8.0,5.0,2.0,0.0,54.635372,0.0
74.55199,238.86012,10.0,77.645706,29.457285,0.0,0.0,100.0,-7.0,7.0,8.0,42.625843,3.0,18.0,3.0,2.0,1.0,15.228189,-8.0,5.6314173,2.0,0.0,56.0,0.0
92.834854,232.01276,8.0,150.11923,21.254606,0.0,0.0,100.0,-7.0,7.0,8.0,31.0,0.0,44.0,0.0,0.0,0.0,2.0,35.84411,1.0,2.0,0.0,58.0,0.0
73.0,182.197,4.0,64.78871,37.804,0.0,0.0,96.0,13.9164505,5.0,6.0,42.39819,3.0,23.0,12.0,0.0,0.0,8.0,93.0,5.0,4.0,0.0,51.913177,0.0
73.8534,187.35873,3.0,79.0,22.902435,1.0,0.0,94.0,74.53151,6.0,5.0,22.0,2.0,29.0,0.0,2.0,1.0,54.01811,63.763542,4.0,1.0,2.0,78.90794,0.0
69.045746,201.6285,4.0,75.0,53.19218,0.0,0.0,96.0,28.813597,6.0,6.0,37.0,3.0,20.0,0.0,1.0,1.0,4.0,61.415936,3.0,1.0,2.0,33.0,0.0
82.05463,160.03688,2.0,67.0,22.0,0.0,0.0,96.20013,61.548344,6.0,6.0,26.0,2.0,21.0,9.0,3.0,2.1646633,5.0,-8.0,2.0,1.0,0.0,33.0,0.0
87.0,208.38107,43.69391,120.49769,13.0,0.0,0.0,95.0,14.845537,6.0,6.0,14.0,0.0,53.437527,7.0,0.0,0.0,4.8582897,-8.0,2.0,1.4794818,0.0,67.0,0.0
86.0,292.2361,192.41185,244.58125,7.0,0.0,0.0,100.0,-7.0,7.0,8.0,9.0,0.0,2.7265034,0.0,0.0,0.0,0.0,-8.0,3.0,-8.410385,-8.840564,69.334785,0.0
72.0,110.58692,3.0,46.896355,16.0,0.0,0.0,89.87599,8.871888,6.0,6.0,19.0,1.0,27.0,0.0,0.0,0.0,6.0,-8.0,4.0,2.5124283,0.0,60.0,0.0
87.0,108.341255,8.0,58.0,16.0,0.0,0.0,100.0,-7.0,7.0,8.0,21.0,1.0,23.0,18.173487,1.0,1.0,9.137176,95.49944,-9.0,3.0,0.0,50.0,0.0
88.0,274.39316,1.0,114.693565,18.0,0.0,0.0,100.0,-7.0,7.0,8.0,22.0,1.0,15.0,-7.9797025,0.0,0.0,1.0,48.872925,2.0,2.0,1.0,41.994274,0.0
84.0,174.28746,1.0,61.5585,12.613957,0.0,0.0,100.0,-7.0,7.0,8.0,14.0,2.0,32.0,1.0,5.0,5.0,6.0,51.27817,3.0,2.0,0.0,57.0,0.0
71.4119,123.95973,8.0,87.40001,13.095659,6.878625,8.095216,87.051025,36.035862,6.0,5.0,15.0,1.0,50.0,-7.0,0.0,0.0,1.0,-8.0,2.0,2.0,0.0,78.0,0.0
91.0,216.27441,7.0,155.75034,16.0,0.0,0.0,100.0,-7.0,7.0,8.0,13.884278,1.0,33.0,0.0,0.0,0.0,0.0,71.0,1.0,1.0,0.0,60.0,0.0
88.0,353.85693,4.0,76.0,26.94549,0.0,0.0,100.0,-7.0,7.0,8.0,25.30087,3.0,50.0,11.100415,0.0,0.0,0.6146285,60.30848,2.0,2.1174805,0.0,38.28053,0.0
73.0,131.43797,11.0,67.0,45.244907,0.0,0.0,100.0,-7.0,7.0,8.0,57.48984,0.0,20.0,5.0,2.0,2.0,83.88005,90.163376,6.0,3.0,3.0,64.0,0.0
70.836876,292.15973,2.0,71.0,29.068316,0.0,0.0,96.0,26.367687,6.0,6.0,53.434467,3.0,34.277523,0.0,2.0,2.0,19.584164,81.415726,6.0,6.0,2.0,58.589237,0.0
82.0,44.46198,2.0,-9.0,7.0,0.0,0.0,100.0,-7.0,7.0,8.0,12.0,3.0,17.0,0.0,1.0,1.0,2.0,-8.0,1.0,2.0,0.0,41.06205,0.0
71.0,217.19571,10.0,121.49773,20.409134,2.6977081,2.0,81.9873,45.92079,6.0,2.0,23.916603,0.0,33.0,0.0,0.0,0.0,10.0,75.20463,1.0,2.0,0.0,57.0,0.0
-9.0,-9.0,-9.0,-9.0,-9.0,-9.0,-9.0,-9.0,-9.0,-9.0,-9.0,-9.0,-9.0,-9.0,-9.0,-9.0,-9.0,-9.0,-9.0,-9.0,-9.0,-9.0,-9.0,0.0
70.0,343.19492,3.0,138.80534,39.321938,0.0,0.0,97.0,9.272933,2.4654665,6.0,39.05823,2.0,26.677647,-7.0,5.0,5.0,45.88698,91.0,6.0,2.0,3.4724443,71.0,0.0
75.0,120.217766,6.0,57.696846,37.559963,0.0,0.0,100.0,-7.0,7.0,8.0,43.851368,1.0,6.779134,-8.0,2.9891865,3.0,12.0,-8.0,6.0,2.0,1.0,44.0,0.0
78.0,256.75888,17.0,116.33373,27.0,0.0,0.0,100.0,-7.0,7.0,8.0,26.0,0.0,32.0,9.0,0.0,0.0,46.134098,-8.0,3.0,4.0,3.0,62.486843,0.0
78.0,122.87856,14.86293,77.55304,13.0,0.0,0.0,100.0,-7.0,7.0,8.0,12.0,0.0,39.0,0.0,1.0,1.0,46.67156,43.972054,1.2271608,2.0,0.0,75.0,0.0
74.0,245.32726,2.0,75.0,40.777077,0.0,0.0,100.0,-7.0,7.0,8.0,48.4756,10.546551,31.840294,16.0,0.0,0.0,65.43783,89.495926,6.0,3.0,0.0,100.0,0.0
73.0,199.80328,6.0,67.0,34.0,0.0,0.0,100.0,-7.0,7.0,8.0,34.0,2.0,17.373495,-7.0,1.0,1.1002804,46.83173,-8.0,9.506525,2.0,3.0,67.0,0.0
56.878677,298.4962,7.0,111.93682,15.7006235,1.0,1.0,94.929016,-7.0,-9.0,6.0,24.0,0.0,35.0,0.0,0.0,0.0,24.047441,64.82703,6.0,2.0,2.0,80.0,0.0
86.0,354.51422,8.0,166.9203,21.0,0.0,0.0,100.0,-7.0,7.0,8.0,19.0,1.0,53.654636,-7.0,0.0,0.0,4.199851,-8.0,2.0,2.0,0.0,80.0,0.0
87.0,446.3471,36.66955,124.604904,23.0,0.0,0.0,100.0,-7.0,7.0,8.0,23.0,0.0,28.6513,2.9859521,0.0,0.0,8.72148,70.60267,3.0,2.0,0.0,33.0,0.0
91.69324,200.82375,9.0,90.0,15.0,0.0,0.0,100.0,-7.0,7.0,8.0,14.409378,1.0,16.0,10.169839,1.0,1.0,10.0,-8.0,1.0,2.0,0.0,29.937794,0.0
72.0,218.20273,6.0,102.24234,45.20217,1.0,0.0,94.0,4.0,4.0,5.0,46.99235,0.0,64.72268,4.0,2.9311364,2.0,19.0,78.05484,4.0,2.0,0.0,78.0,0.0
79.0,161.61351,12.0,79.0,25.0,0.0,0.0,100.0,-7.0,7.0,8.0,25.0,0.0,43.0,-7.0,0.0,0.0,56.236557,22.6657,2.9178452,2.0,0.0,60.0,0.0
75.0,147.43864,25.105558,99.40075,10.538635,0.0,0.0,83.103806,43.2888,6.0,6.0,10.0,0.0,88.77286,1.0,1.0,1.0,0.0,-8.0,1.0,2.0,0.0,83.0,0.0
73.0,146.09253,12.0,68.0,25.0,0.0,0.0,100.0,-7.0,7.0,8.0,26.0,1.0,54.54625,-7.0,0.0,0.0,44.710648,59.878944,3.0,4.0,2.0,64.78727,0.0
79.0,-9.0,17.152618,-9.0,10.0,0.0,0.0,100.0,-7.0,7.0,8.0,0.7764808,0.0,18.0,0.0,1.0,1.0,1.0,-8.0,3.0,2.0,0.0,100.0,0.0
-9.0,96.40555,2.0,72.97601,3.3416631,4.726527,7.4951034,43.588425,0.53605384,-9.0,5.0,10.359621,1.8266488,19.0,0.0,2.0,2.0,44.044113,-8.0,2.0,1.0,0.0,77.148094,0.0
65.0,168.28796,5.0,85.153015,20.699211,2.0,2.313335,86.33278,5.659537,0.9417212,2.0,23.670885,1.0,56.71608,1.0,0.0,0.0,17.0,85.6374,4.0,2.0,0.0,88.89719,0.0
66.05179,375.5495,25.493229,122.764114,18.0,1.1651748,0.0,57.71929,7.4683642,4.0,5.0,22.0,0.0,22.0,0.0,1.0,1.3479396,27.129427,-8.0,4.0,2.0,0.0,60.0,0.0
86.0,369.68872,7.0,83.0,39.0,0.0,0.0,100.0,-7.0,7.0,8.0,32.0,5.0,16.0,0.0,1.0,0.0,0.0,64.16605,6.0,2.0,0.0,26.424877,0.0
75.1972,384.20334,4.0,93.773186,31.0,0.0,0.0,100.0,-7.0,7.0,8.0,32.004242,2.0,39.0,19.784378,0.0,0.0,25.026005,77.277306,7.0,3.0,1.0,88.0,0.0
78.0,207.51904,2.0,89.30495,28.0,0.0,0.0,100.0,-7.0,7.0,8.0,29.0,1.0,46.56102,0.0,2.0,2.0,22.649193,51.139603,2.0,2.0,1.0,45.54808,0.0
87.95632,267.2334,7.0,122.64086,30.29066,0.0,0.0,100.0,-7.0,7.0,8.0,28.0,1.0,25.0,0.0,0.0,0.0,4.0,-8.0,4.0,1.0,0.0,40.0,0.0
70.0,225.0448,2.0,62.227283,16.995678,0.0,0.0,92.0,0.44789103,6.0,6.0,20.0,2.0,31.0,1.0,2.0,2.0,10.434488,84.042435,6.0,2.0,0.0,62.56076,0.0
76.0,205.05292,7.0,95.30349,30.064573,0.0,0.0,100.0,-7.0,7.0,8.0,30.0,2.0,50.0,0.0,5.0,4.9106226,30.09979,80.19379,3.0,7.5954785,2.0,77.34325,0.0
89.0,244.5089,9.0,108.816765,25.0,0.0,0.0,100.0,-7.0,7.0,8.0,35.0,0.0,48.1656,0.0,2.0,2.0,4.0,99.80755,2.0,2.0,0.0,72.19176,0.0
90.0,148.28537,17.0,93.0,-9.0,0.0,0.0,100.0,-7.0,7.0,8.0,3.9865377,0.0,32.77774,0.0,0.0,0.0,1.0639386,-8.0,2.0,-8.0,0.0,80.0,0.0
88.069824,246.02167,40.547832,116.772415,12.0,0.0,0.0,100.0,-7.0,7.0,8.0,12.0,0.0,38.0,12.479622,0.0,0.0,8.0,-8.0,3.0,1.0,0.0,82.613304,0.0
74.0,187.0247,4.0,68.0,28.129648,0.0,0.0,100.0,-7.0,7.0,8.0,29.0,2.0,44.0,-7.0,0.0,0.0,18.896204,57.215164,4.0,4.0,0.0,66.87011,0.0
70.57719,277.36008,22.298716,126.56602,18.0,1.0,0.0,90.70144,32.872276,6.0,5.0,18.707117,0.0,32.043133,0.76241773,1.0,1.0,69.53074,30.249512,4.0,2.0,3.6478214,60.0,0.0
64.0,173.89088,5.0,68.0,22.0,1.0,0.0,95.0,-7.0,0.5096963,5.0,27.70344,1.0,56.807854,0.0,2.0,2.0,1.0,-8.0,2.0,-8.0,0.0,29.027378,0.0
69.07223,196.84186,1.0,71.0,28.243603,0.0,0.0,92.0022,-2.6366317,4.0,6.0,29.833698,3.3097668,50.0,0.0,0.0,0.0,0.0,27.554508,1.0,2.0,0.0,50.0,0.0
80.80669,152.8651,29.704483,63.038254,15.0,0.0,0.0,100.0,-7.0,7.0,8.0,16.0,0.0,35.0,-8.0,0.0,0.0,28.0,61.873177,2.0,2.0,0.0,50.0,0.0
82.0,221.147,1.0,78.203865,30.0,0.0,0.0,100.0,-7.0,7.0,8.0,44.474403,3.0,60.057194,-8.0,0.0,0.0,6.0,-8.0,4.0,12.003462,0.0,86.0,0.0
69.0,180.36507,3.0,81.0,18.0,0.0,0.0,100.0,-7.0,7.0,8.0,24.0,3.0,26.22223,0.0,0.0,0.0,80.41556,99.77924,5.0,2.5209167,2.9883382,79.15697,0.0
73.0,334.45764,48.907642,142.57115,13.0,0.0,0.0,100.0,-7.0,6.0,7.0,20.322533,0.0,47.0,-8.0,4.0,3.5105445,69.33959,-8.0,2.0,1.0,1.0,100.0,0.0
87.0,146.97751,65.0776,97.35664,-0.030906092,0.0,0.0,100.0,-7.0,7.0,8.0,-5.451168,0.0,10.396237,0.0,1.0,1.0,25.653524,-8.0,2.0,-8.0,0.0,100.0,0.0
76.0,137.72691,2.0,56.16735,12.0,0.0,0.0,100.0,-7.0,7.0,8.0,8.0,1.0,39.0,12.280952,0.0,0.0,13.281738,-8.0,3.0,2.0,0.0,86.0,0.0
-9.0,-9.0,-9.0,-9.0,-9.0,-9.0,-9.0,-9.0,-9.0,-9.0,-9.0,-9.0,-9.0,-9.0,-9.0,-9.0,-9.0,-9.0,-9.0,-9.0,-9.0,-9.0,-9.0,0.0
86.0,721.7544,49.09678,181.94191,24.0,0.0,0.0,100.0,-7.0,7.0,8.0,18.50326,0.0,11.0,0.0,0.0,0.0,1.0,-8.0,1.0,1.0,0.0,26.636436,0.0
80.0,262.61627,3.7554147,86.905716,33.0,0.0,0.0,97.0,22.022272,6.0,6.0,31.0,2.299527,18.84359,0.0,0.0,0.0,17.70349,-8.0,4.0,3.982849,0.0,47.964867,0.0
70.0,145.0536,36.466446,74.37399,20.0,1.0,1.0,100.0,-7.0,7.0,8.0,27.328041,0.0,45.570637,-7.0,0.0,0.0,56.15919,16.487593,2.0,3.0,0.0,85.25604,0.0
76.0,196.02705,199.56067,103.60112,3.3058956,1.0,0.0,82.92945,36.15497,6.0,3.7302864,2.8178082,0.0,10.509152,-8.0,0.0,0.0,1.0,-8.0,1.0,-8.0,0.0,100.0,0.0
74.08845,114.1217,8.0,48.763157,20.0,0.0,0.0,100.0,-7.0,7.0,8.0,21.0,2.0,58.271957,0.0,2.0,2.0,21.452827,52.97416,4.0,7.699747,1.0,88.496895,0.0
79.0,-8.0,5.0,29.944128,16.0,0.0,0.0,100.0,-7.0,7.0,8.0,16.590405,1.0,62.723015,0.0,0.0,0.0,9.241004,46.504402,2.0,6.993442,0.0,60.0,0.0
82.0,376.77405,5.0,92.07534,39.0,0.0,0.0,100.0,-7.0,7.0,8.0,44.006935,1.0,33.0,16.411335,0.0,0.0,10.8466,48.83028,4.0,4.0,0.0,42.520836,0.0
74.0,158.98001,10.049703,80.20675,27.0,1.0,0.0,80.54403,-7.0,4.0,-9.0,23.0,0.0,37.0,-7.0,1.0,1.0,8.0,95.97011,2.0,2.0,0.0,64.0,0.0
75.324844,155.65947,62.16918,67.925964,-9.0,0.0,0.0,78.55666,3.0,6.0,6.0,5.1777816,0.0,46.0,0.0,0.0,0.0,35.77787,-8.0,1.0,1.0,0.0,83.73653,0.0
88.58989,305.95816,69.51086,111.36904,14.0,0.0,0.0,100.0,-7.0,7.0,8.0,19.0,0.0,17.0,3.0,0.0,0.0,1.0,-8.0,0.0,1.0,0.0,35.887993,0.0
86.0,271.54013,2.0,72.778114,13.0,0.0,0.0,100.0,-7.0,7.0,8.0,12.914181,3.0,12.044601,0.0,1.0,1.0,1.0,51.44087,1.0,2.0,0.0,30.000917,0.0
82.0,434.41254,35.134315,107.83232,13.869847,0.0,0.0,100.0,-7.0,7.0,8.0,10.42296,0.0,27.306057,0.0,0.0,0.0,22.940235,-8.0,3.0,-9.0,0.0,56.0,0.0
84.0,390.94113,26.938225,111.02986,12.0,0.0,0.0,100.0,-7.0,7.0,8.0,16.215305,0.0,54.405136,-7.0,0.0,0.0,-8.087506,-8.0,-9.0,-8.0,-8.0,44.0,0.0
72.0,154.74211,5.0,68.6268,47.704086,0.0,0.0,100.0,4.0,6.0,6.0,40.792496,2.0,25.0,3.0,0.0,0.0,27.314873,-8.0,4.0,2.0,0.0,58.0,0.0
68.0,-8.0,3.0,-2.8187382,16.54841,0.0,0.0,100.0,-7.0,7.0,8.0,19.0,5.7440357,33.0,0.0,2.0,2.0,43.17439,92.52269,4.0,2.0,0.0,100.0,0.0
87.0,304.3356,7.0,128.22804,10.0,0.0,0.0,100.0,-7.0,7.0,8.0,6.012339,1.0,23.0,0.0,1.0,1.0,2.0,-8.0,4.0,1.0,0.0,83.0,0.0
79.0,397.3885,5.0,117.66007,14.0,0.0,0.0,100.0,-7.0,7.0,8.0,13.0,2.0,41.27524,0.0,0.0,0.0,47.120377,-8.0,4.0,2.0,0.0,100.0,0.0
71.93921,305.8647,8.0,82.0,25.0,0.0,0.0,100.0,-7.0,7.0,8.0,21.955189,2.0,8.215048,0.0,2.0,2.0,39.59037,71.2399,3.0,2.0,0.0,33.0,0.0
-9.0,-9.0,-9.0,-9.0,-9.0,-9.0,-9.0,-9.0,-9.0,-9.0,-9.0,-9.0,-9.0,-9.0,-9.0,-9.0,-9.0,-9.0,-9.0,-9.0,-9.0,-9.0,-9.0,0.0
68.0,109.21575,11.0,52.776745,33.0,0.0,0.0,100.0,-7.0,7.0,8.0,32.0,0.0,30.0,0.0,2.0,1.0,85.26876,74.35415,3.1154854,3.0,3.0,75.0,0.0
73.61543,205.0242,2.0,63.960396,14.0,1.0,1.0,95.44399,13.627414,6.0,2.2733457,18.0,2.0,24.587824,14.49821,0.0,0.0,30.59544,-8.0,4.0,1.0,0.0,50.0,0.0
77.0,339.65134,9.0,91.269966,21.0,0.0,0.0,100.0,-7.0,7.0,8.0,19.0,2.0,28.0,2.0,0.0,0.0,29.24172,82.5222,2.0,2.0,0.0,60.0,0.0
77.0,318.5392,4.0,115.63704,36.923916,0.0,0.0,97.0,-7.0,3.1575243,5.0,47.193176,3.0,7.75538,0.0,4.0,4.818484,43.11876,100.0,11.0,2.0,1.0,70.235275,0.0
75.0,99.6454,7.0,77.0,15.518448,0.0,0.0,100.0,-7.0,7.0,8.0,17.265322,1.4435552,21.0,0.0,0.0,0.0,46.510204,-8.0,1.0,1.0,0.0,42.31938,0.0
82.0,141.6634,4.0,51.324158,42.0974,0.0,0.0,100.0,-7.0,7.0,8.0,34.0,2.0,27.0,7.0,1.0,1.0,1.0,90.44048,1.0,4.0,0.0,40.96423,0.0
59.247055,162.07663,7.0,68.14623,34.793766,0.0,0.0,89.0,11.957394,6.0,6.0,31.0,3.0,29.0,0.0,5.0,5.0,62.87333,71.0,8.0,2.0,4.0,63.0,0.0
86.0,357.8277,17.454752,115.5925,15.0,0.0,0.0,100.0,-7.0,7.0,8.0,16.0,0.0,20.0,-8.0,0.0,0.0,13.0,-8.0,2.0,1.0,0.25202486,50.0,0.0
92.59959,384.52234,34.165653,161.45973,23.0,0.0,0.0,100.0,-7.0,7.0,8.0,21.0,0.0,20.234552,-7.0,0.0,0.0,1.0,-8.0,2.0,1.0,0.0,38.601376,0.0
-9.0,-9.0,-9.0,-9.0,-9.0,-9.0,-9.0,-9.0,-9.0,-9.0,-9.0,-9.0,-9.0,-9.0,-9.0,-9.0,-9.0,-9.0,-9.0,-9.0,-9.0,-9.0,-9.0,0.0
86.0,251.28313,11.0,68.091446,13.0,0.0,0.0,100.0,-7.0,7.0,8.0,13.0,0.0,41.653435,-7.85189,0.0,0.0,40.97862,-8.0,1.0,1.0,0.0,50.0,0.0
73.0,483.02313,3.0,162.11009,16.0,1.0,0.0,80.054726,32.774227,6.0,5.911578,18.0,2.0,32.657295,-7.0,0.0,0.0,52.112865,-8.0,2.0,1.0,0.0,40.440105,0.0
86.92668,250.85541,5.0,118.613884,25.0,0.0,0.0,100.0,-7.0,7.0,8.0,39.432167,1.0,14.0,0.0,1.0,1.0,5.0,-8.0,3.0,-8.0,0.0,43.0,0.0
78.0,288.01938,2.0,79.51479,32.52698,0.0,0.0,100.0,-7.0,7.0,8.0,24.271524,3.0,22.0,0.0,0.0,0.0,2.0,-8.0,9.139005,-8.0,0.0,44.413197,0.0
64.0,225.07668,5.0,78.48482,45.423584,0.0,0.0,88.0,57.210545,6.0,6.0,44.13748,2.0,20.60268,10.611147,0.0,0.0,52.104267,69.995865,8.142557,2.0,4.0,75.0,0.0
68.0,68.809654,-1.9728436,-9.0,8.688346,1.0,1.0,93.0,46.700653,6.0,4.0,13.856782,5.0,29.0,-7.0,1.0,1.0,29.398596,123.53451,4.0,2.0,0.0,73.0,0.0
85.0,261.78793,-9.0,87.83099,15.923316,0.0,0.0,100.0,-7.0,7.0,8.0,24.0,1.0,36.829777,13.895764,0.0,0.0,1.0,61.423653,2.0,3.0,0.0,56.763866,0.0
76.0,670.408,4.0,103.602066,36.0,0.0,0.0,100.0,-7.0,7.0,8.0,41.798405,2.0,18.0,0.0,2.0,2.0,11.0,-8.0,3.0,-8.0,1.0,28.923367,0.0
69.3049,164.1435,4.0,67.0,25.0,0.0,0.0,88.0,7.8729277,6.0,6.0,23.088272,2.0,75.00027,-8.0,2.0,2.0,41.669094,90.03963,2.0,4.0,2.0,79.029076,0.0
75.31207,232.31152,4.0,107.289215,35.237278,0.0,0.0,91.88178,2.6433122,4.0,6.0,34.0,3.0,34.64207,11.861566,0.0,0.0,2.0,94.117165,1.0,4.0,0.0,50.0,0.0
63.0,155.94525,2.0,76.55736,25.0,4.289409,1.0,91.0,39.888588,6.0,2.0,29.361958,3.0,71.979744,0.0,2.0,2.0,66.11335,10.245299,5.0,6.7722597,1.0,100.0,0.0
74.0,190.16246,10.871734,74.23768,27.0,1.0,0.0,97.0,11.82936,6.0,5.0,35.918247,1.0,50.0,-7.0,0.0,0.0,25.0,90.54436,4.0,3.0,0.0,50.0,0.0
80.0,192.583,8.0,82.895355,20.0,0.0,0.0,88.0,82.266815,6.0,6.0,17.0,1.0,40.9163,0.0,0.0,0.0,30.222382,60.205605,5.0,3.0,0.0,80.76629,0.0
33.490692,185.92749,7.0,77.0,26.258848,0.0,0.0,94.0,4.635216,5.763824,6.0,26.672361,3.0,33.0,0.0,1.0,1.0,76.39156,24.471992,6.0,3.0,2.0,63.02975,0.0
84.51181,182.40036,17.0,79.0,28.0,0.0,0.0,100.0,-7.0,7.0,8.0,35.0,0.0,27.0,0.0,2.0,2.0,9.0,-8.0,2.0,1.0,0.0,33.0,0.0
83.0,200.07132,18.973206,84.0,18.0,0.0,0.0,100.0,-7.0,7.0,8.0,19.0,0.0,57.393513,-7.0,0.0,0.0,23.461977,-8.0,2.0,3.0,0.0,86.35749,0.0
81.0,229.08307,9.0,86.0,9.0,0.0,0.0,91.0,1.5379022,6.0,6.0,9.0,1.0,20.0,-7.0,0.0,0.0,17.0,-8.0,1.0,1.0,0.0,47.490917,0.0
-9.0,-9.0,-9.0,-9.0,-9.0,-9.0,-9.0,-9.0,-9.0,-9.0,-9.0,-9.0,-9.0,-9.0,-9.0,-9.0,-9.0,-9.0,-9.0,-9.0,-9.0,-9.0,-9.0,0.0
88.0,302.60654,28.02139,125.83447,22.0,0.0,0.0,100.0,-7.0,7.0,8.0,26.562172,0.0,24.0,-9.0,0.0,0.0,0.6131914,-8.0,2.9023097,1.0,0.0,78.88016,0.0
80.0,159.07162,2.0,77.868744,23.386698,0.0,0.0,100.0,-7.0,7.0,8.0,27.0,2.0,50.0,0.0,2.0,1.0,60.179695,91.75618,3.0,2.0,1.0,86.0,0.0
65.0,141.1166,2.0,60.573788,48.965797,0.0,0.0,97.0,8.0178175,6.0,4.7876678,60.94652,5.1389537,31.0,0.0,2.0,2.0,23.36651,73.26145,12.4340105,4.0,4.178968,60.0,0.0
69.33383,213.2079,9.0,71.609566,25.0,0.0,0.0,100.0,-7.0,7.0,8.0,19.0,0.0,13.0,7.0482383,0.0,0.0,73.62297,-8.0,2.0,2.0,3.545517,40.0,0.0
78.0,108.29023,5.0,63.227554,22.0,0.0,0.0,100.0,-7.0,7.0,8.0,23.324064,6.0,18.256935,0.0,0.0,0.0,40.915073,-8.0,3.0,1.0,1.0,46.036194,0.0
79.0,243.93071,6.0,90.09611,28.0,0.0,0.0,88.0,9.185153,6.0,6.0,15.412958,3.0,29.275301,0.0,0.0,0.0,2.0,73.178604,5.0,2.0,0.0,57.0,0.0
90.30472,220.33351,7.0,95.94713,28.0,0.0,0.0,100.0,-7.0,7.0,8.0,25.0,1.0,24.0,-7.0,1.0,1.0,4.0,-8.0,6.0,1.0,0.0,67.0,0.0
88.0,327.65314,6.0,97.0,14.141092,0.0,0.0,100.0,-7.0,7.0,8.0,17.329906,1.0,50.0,4.0,0.0,0.0,2.0,21.969875,2.0,3.0,0.0,82.56785,0.0
71.0,185.1247,5.0,97.0,18.0,0.0,0.0,95.0,29.454985,6.0,6.0,14.6790085,3.0,38.0,1.0,0.0,0.0,42.90254,-8.0,4.0,2.0,3.0,55.46122,0.0
87.0,-3.789767,11.0,59.058937,16.784498,0.0,0.0,100.0,-7.0,7.0,8.0,22.0,1.0,13.85535,0.0,2.0,2.0,1.0,-8.0,2.0,-8.0,0.0,39.600784,0.0
74.0,274.04895,5.0,81.0,6.678973,0.0,0.0,88.0,52.26652,6.0,5.0,15.0,1.0,22.0,1.0,3.0,3.0,25.0,-8.0,1.9156679,1.0,0.0,75.26272,0.0
81.0,139.92107,3.0,45.52389,26.0,0.0,0.0,100.0,-7.0,7.0,8.0,19.0,4.0,55.61354,9.313559,0.0,0.0,5.0,59.157078,2.000242,11.820627,0.0,56.0,0.0
64.4499,176.95552,4.0,67.0,24.0,0.0,0.0,92.0,26.506338,6.0,6.0,29.0,4.0,40.804066,0.0,1.0,1.0,60.881893,92.24447,6.0,5.007298,4.6921325,100.0,0.0
-5.4440627,210.9695,3.0,79.557274,15.0,2.0,1.7039626,83.56513,11.677078,0.0,5.9879837,19.222914,2.0,67.2903,-7.0,1.0,1.0,52.34751,100.0,4.0,2.0,2.0,86.0,0.0
91.0,327.7083,2.0,107.29205,21.0,0.0,0.0,100.0,-7.0,7.0,8.0,23.0,2.0,35.60718,-8.0,0.0,0.0,6.5945315,88.0,2.0,4.0,0.0,57.027973,0.0
-9.0,-9.0,-9.0,-9.0,-9.0,-9.0,-9.0,-9.0,-9.0,-9.0,-9.0,-9.0,-9.0,-9.0,-9.0,-9.0,-9.0,-9.0,-9.0,-9.0,-9.0,-9.0,-9.0,0.0
88.0,84.278275,5.0,114.42366,12.0,0.0,0.0,100.0,-7.0,7.0,8.0,2.0098305,2.0,-9.0,0.0,0.0,0.0,1.0,-8.0,3.0,1.0,0.0,25.0,0.0
88.0,280.38544,32.446716,199.63858,6.0,0.0,0.0,100.0,-7.0,7.0,8.0,7.0,0.0,0.0,-7.0,0.0,0.0,17.0,-8.0,2.0,-8.0,0.0,50.0,0.0
76.0,143.35547,8.0,56.02018,25.0,0.0,0.0,100.0,-7.0,7.0,8.0,29.0,2.0,33.0,7.0,0.0,0.0,34.628746,56.989758,3.0,2.0,0.0,50.0,0.0
81.0,148.60617,3.0,93.0,17.0,0.0,0.0,100.0,-7.0,7.0,8.0,-7.439709,2.0,41.93231,0.0,2.0,2.0,55.915855,-8.0,4.0,2.0,1.0,86.85366,0.0
70.0,221.33545,6.168393,79.0,19.0,1.0,0.0,94.0,9.789052,3.2029169,2.0,23.0,1.0,46.0,0.0,0.0,0.0,48.73911,86.38451,2.0,3.0,0.0,71.0,0.0
79.0,356.5158,22.960829,121.09924,12.7253275,0.0,0.0,100.0,-7.0,7.0,8.0,17.0,0.0,19.0,-7.0,0.0,0.0,43.53733,-8.0,2.0,1.0,2.0,42.805172,0.0
85.0,795.9773,6.0,148.1632,28.0,0.0,0.0,100.0,-7.0,7.0,8.0,24.0,2.0,20.0,0.0,1.0,1.0,1.0,-8.0,4.0,1.0,0.0,29.47282,0.0
73.0,390.7377,8.0,129.0892,36.0,0.0,0.0,100.0,-7.0,7.0,8.0,39.03465,1.0,33.0,0.0,3.0,2.6038332,56.174805,80.77953,7.0,3.0,0.0,60.0,0.0
84.0,290.68802,4.0,90.02287,27.0,0.0,0.0,100.0,-7.0,7.0,8.0,31.0,2.0,20.0,4.0,1.0,1.0,10.351112,58.124516,7.0,2.0,1.0,67.0,0.0
67.3127,217.5203,19.645502,80.12202,20.65221,0.0,0.0,79.07631,-7.0,3.0,5.8336635,20.0,0.0,39.875748,0.0,0.0,0.0,8.0,13.868795,2.0,3.0,0.0,44.341652,0.0
65.0,212.95787,3.0,75.0,22.0,1.0,1.0,94.0,34.936035,0.0,5.0,19.0,3.0,37.038765,1.0,3.0,3.0,27.012108,78.767784,6.0,2.256012,1.0,75.0,0.0
89.0,342.3965,9.0,94.512115,15.747612,0.0,0.0,100.0,-7.0,7.0,8.0,14.0,2.0,29.0,0.0,0.0,0.0,1.0,-8.0,1.0,1.0,0.0,33.0,0.0
70.76148,159.38509,25.525322,73.0602,21.0,3.154759,2.5460453,86.00636,16.991758,6.0,2.0,26.0,0.0,50.0,16.0,0.0,0.0,8.0,54.369587,2.0,4.0,0.0,81.15773,0.0
80.0,222.51259,2.0,76.0,6.0,0.0,0.0,100.0,-7.0,7.0,8.0,11.0,2.0,69.32263,1.0,2.0,2.0,6.723473,63.84999,1.0,2.0,0.0,100.0,0.0
80.88781,115.87743,5.0,48.293232,15.0,0.0,0.0,100.0,-7.0,7.0,8.0,14.208936,1.0,34.056072,0.0,2.0,1.0,14.0,-8.0,1.0,1.0,0.0,50.0,0.0
65.78192,167.62082,1.0,107.53354,15.0,2.2051814,2.0,100.0,-7.0,4.0,8.0,16.0,2.0,16.0,-7.0,3.0,3.0,40.183468,-8.0,4.0,1.0,1.0,57.0,0.0
70.670456,278.16052,1.0,115.86377,33.92203,0.0,0.0,96.0,8.93208,5.3490705,6.0,31.518654,1.0,56.131523,0.0,1.0,1.0,4.0,-8.0,3.0,4.4018793,0.0,50.0,0.0
68.0,362.36728,3.0,114.17754,33.0,0.0,0.0,100.0,-7.0,7.0,8.0,33.923706,2.0,27.0,3.0,4.0,4.0,58.374344,-8.0,4.782533,1.0,3.0,50.0,0.0
76.27299,76.88897,3.0,61.034054,-9.0,0.0,0.0,100.0,-7.0,7.0,8.0,4.309414,3.0,39.400146,4.0,2.0,2.0,22.388725,79.1896,2.0,2.0,0.0,100.0,0.0
62.0,116.56435,9.0,83.38145,16.0,0.0,0.0,94.49483,26.358194,6.0,6.0,9.0,1.0,38.0,1.0,1.0,1.0,59.63342,76.28693,4.0,2.0,1.0,71.0,0.0
65.0,100.79857,10.0,62.986362,13.0,0.0,0.0,88.0,27.824036,6.0,5.887022,11.0,0.0,22.0,7.50741,0.0,0.0,87.01625,-8.0,4.0,1.0,3.7423248,79.04722,0.0
80.0,247.35979,-9.0,80.045166,32.12337,0.0,0.0,100.0,14.921921,4.0,6.0,31.29975,6.0,33.0,7.0,1.0,1.0,7.269048,93.0,1.0,5.0,0.0,86.0,0.0
85.0,136.38905,9.0,65.0,9.0,0.0,0.0,100.0,-7.0,7.0,8.0,12.0,1.0,39.166904,-3.3023586,0.0,0.0,15.086733,-8.0,2.0,1.0,0.0,50.0,0.0
77.0,429.42227,17.344624,119.89169,19.0,0.0,0.0,100.0,-7.0,7.0,8.0,23.0,0.0,24.0,0.0,0.0,0.0,19.160858,-8.0,1.5323389,1.0,1.0,40.0,0.0
74.01533,162.46071,4.0,65.87177,20.0,0.0,0.0,100.0,-7.0,7.0,8.0,15.0,1.0,38.0,2.0,0.0,0.0,14.0,76.0,4.0,4.0,0.0,81.28227,0.0
73.3137,39.126774,19.667025,63.0,17.0,0.0,0.0,100.0,-7.0,7.0,8.0,19.0,0.0,54.75098,5.0,1.0,1.0,51.180374,65.900345,1.0,3.0,0.0,71.0,0.0
80.0,264.44968,9.0,87.26783,32.033367,0.0,0.0,100.0,-7.0,7.0,8.0,37.866417,1.0,44.0,2.098935,1.0,1.0,13.610963,63.2207,3.0,4.0,0.0,54.04663,0.0
74.0,190.64145,3.0,40.162186,31.0,0.0,0.0,100.0,-7.0,7.0,8.0,33.0,2.0,44.0,9.0,0.0,0.0,40.883636,60.518448,8.0,7.736561,1.0,71.0,0.0
85.0,402.959,20.15185,161.1103,17.0,0.0,0.0,100.0,-7.0,7.0,8.0,18.0,0.0,2.0299919,21.180128,0.0,0.0,19.0,-8.0,3.0,1.0,0.0,56.0,0.0
69.0,125.32654,4.0,80.32788,45.69258,0.0,0.0,96.0,59.866,6.0,6.0,32.351437,3.0,24.97338,0.0,5.932168,5.850437,14.0,-8.0,3.0,3.0,2.0,44.0,0.0
87.0,144.91031,15.660195,97.0,10.0,0.0,0.0,100.0,-7.0,7.0,8.0,18.0,0.0,17.0,19.800781,0.0,0.0,11.0,-8.0,2.0,-8.0,0.0,44.540287,0.0
82.0,224.58257,13.8763685,92.897385,26.0,0.0,0.0,100.0,-7.0,7.0,8.0,31.569286,1.0,36.99575,0.0,0.0,0.0,25.389584,79.20045,5.0,2.0,0.0,73.38378,0.0
82.0,83.14044,16.0,67.0,-9.0,0.0,0.0,100.0,-7.0,7.0,8.0,3.8441463,0.0,23.0,-8.0,0.0,0.0,59.03544,-8.0,3.0,1.0,0.0,100.0,0.0
62.485123,143.69095,2.0,73.88558,43.21834,5.5519586,1.0,77.94608,17.94637,6.0,5.0,62.96437,2.0,36.415215,0.0,1.0,1.0,7.0,-8.0,4.0,2.0,0.0,40.0,0.0
87.0,130.87726,3.0,58.20824,14.0,0.0,0.0,100.0,-7.0,7.0,8.0,14.729314,2.0,20.0,8.0,0.0,0.0,0.8085955,-8.0,0.0,1.0,0.0,25.0,0.0
90.0,385.00568,9.683671,118.809494,13.0,0.0,0.0,100.0,-7.0,7.0,8.0,8.572145,1.0,31.0,-8.0,0.0,0.0,0.0,-1.7097027,1.0,1.0,0.0,33.290253,0.0
80.0,153.13022,4.0091524,60.263435,33.0,0.0,0.0,100.0,-7.0,7.0,8.0,35.0,2.4903297,10.911116,0.0,2.0,1.0,22.205711,73.17521,4.0,2.0,0.0,39.77478,0.0
90.12156,94.645515,17.48461,78.228775,-9.0,0.0,0.0,100.0,-7.0,7.0,8.0,0.4694216,0.0,15.207325,-8.0,0.0,0.0,4.2420807,-8.0,2.0,-8.0,0.0,52.260464,0.0
84.115425,131.53851,21.387766,89.43838,13.769329,0.0,0.0,100.0,-7.0,7.0,8.0,10.923221,0.0,66.581345,-7.0,0.0,0.0,35.898327,61.738335,1.0,2.0,0.0,60.0,0.0
-9.0,-9.0,-9.0,-9.0,-9.0,-9.0,-9.0,-9.0,-9.0,-9.0,-9.0,-9.0,-9.0,-9.0,-9.0,-9.0,-9.0,-9.0,-9.0,-9.0,-9.0,-9.0,-9.0,0.0
92.95523,318.0574,14.0,116.41981,21.0,0.0,0.0,100.0,-7.0,7.0,8.0,29.698925,0.0,34.629707,23.891607,0.0,0.0,3.6649086,-8.0,1.0,1.0,0.0,57.231335,0.0
85.0,199.09003,51.66091,111.2605,9.0,0.0,0.0,100.0,-7.0,7.0,8.0,11.0,0.0,46.0,0.0,0.18487054,0.0,10.683618,-8.0,1.399589,1.0,0.0,75.0,0.0
73.0,159.71124,8.0,106.98296,15.0,0.0,0.0,100.0,-7.0,7.0,8.0,14.0,1.0,24.0,0.0,3.8744323,3.9128067,56.786957,-8.0,4.0,1.0,6.7962694,60.0,0.0
-9.0,-9.0,-9.0,-9.0,-9.0,-9.0,-9.0,-9.0,-9.0,-9.0,-9.0,-9.0,-9.0,-9.0,-9.0,-9.0,-9.0,-9.0,-9.0,-9.0,-9.0,-9.0,-9.0,0.0
85.0,144.05261,17.0,86.49608,15.855466,0.0,0.0,100.0,-7.0,7.0,8.0,18.0,0.0,34.56562,-7.0,1.0,1.0,13.080284,-8.0,3.0,1.0,0.0,50.0,0.0
69.0,311.64545,2.0,108.82792,28.0,0.0,0.0,97.0,31.920883,6.0,6.0,29.0,2.0,46.0,0.0,4.0,4.0,34.48517,88.656204,2.0,4.0,3.6188467,56.109726,0.0
77.0,190.8255,1.0,66.28552,25.17387,0.0,0.0,100.0,-7.0,7.0,8.0,23.0,3.0,25.378416,0.0,6.6124854,6.4762645,13.515775,87.12911,4.0,1.0,0.0,33.0,0.0
66.0,194.27574,6.5810003,305.24237,15.0,0.0,0.0,92.0,37.892227,6.0,6.0,12.871877,1.0,25.0,-7.0,0.0,0.0,94.070595,47.360313,6.0,1.0,3.0,84.12482,0.0
67.0,317.55292,4.0,103.31725,57.401474,0.0,0.0,95.0,2.0,5.6934257,6.0,53.66342,2.0,21.0,-7.0,1.0,1.0,32.136673,79.646904,5.0,4.0,1.0,43.0,0.0
87.0,418.03296,15.0,116.0073,25.0,0.0,0.0,100.0,-7.0,7.0,8.0,24.0,0.0,29.0,-8.0,0.0,0.0,3.0,-8.0,3.0,1.0,0.0,45.422394,0.0
82.0,395.84927,9.164177,99.9103,25.0,0.0,0.0,100.0,-7.0,7.0,8.0,38.09061,2.0,13.340833,0.0,0.0,0.0,9.0,-8.0,3.0,1.0,1.0,56.0,0.0
77.0,208.68259,5.0,94.90266,18.0,0.0,0.0,100.0,-7.0,7.0,8.0,19.0,1.0,8.8438225,2.8519468,2.0,1.0,35.326256,-8.0,4.0,-8.0,1.0,43.0,0.0
63.634243,193.2388,2.0,62.419186,22.0,3.5689209,3.0377674,100.0,-7.0,7.0,8.0,32.68782,6.0,36.0,-8.0,1.0,1.0,26.640415,63.737244,3.0,3.0,0.0,70.0,0.0
79.0,191.25716,2.0,64.24721,22.0,0.0,0.0,100.0,-7.0,7.0,8.0,21.0,1.0,57.826782,-8.0,0.0,0.0,58.965332,62.53696,5.0,3.0,1.0,88.0,0.0
91.0,206.9946,29.05482,93.31822,14.0,0.0,0.0,100.0,-7.0,7.0,8.0,22.0,0.0,40.0,-7.0,1.0,1.0,0.0,-8.0,1.2471323,1.0,0.0,58.0,0.0
70.0,111.24534,22.722908,64.55673,11.0,0.0,0.0,75.73222,20.57345,6.0,6.0,10.0,0.0,68.39576,-7.0,0.0,0.0,56.706158,49.446365,2.0,2.0,1.0,80.0,0.0
88.0,438.44672,12.0,165.41962,14.0,0.0,0.0,100.0,-7.0,7.0,8.0,18.0,1.0,21.0,19.935064,0.0,0.0,1.0,-8.0,2.0,-8.0,0.0,39.759758,0.0
85.0,411.57913,2.0,97.0,11.185724,0.0,0.0,100.0,-7.0,7.0,8.0,20.0,2.0,40.0,0.0,1.0,1.0,11.0,-8.0,3.0,1.0,0.0,76.04492,0.0
66.0,149.98907,1.0,125.14685,32.0,2.0,0.0,92.16058,23.935883,6.0,4.5334077,43.298054,3.0,30.0,3.0,0.0,0.0,35.860607,86.25437,9.0,3.0,3.0,78.23099,0.0
59.80471,81.03692,5.0,66.71697,6.263419,2.0,2.0,-9.0,12.719317,6.0,-3.6427157,11.703044,1.0,60.777683,2.0,2.0,2.0,35.543697,100.0,2.0,2.0,0.0,85.52852,0.0
60.60388,148.88118,4.0,65.0,36.0,0.0,0.0,100.0,-7.0,7.0,8.0,37.0,1.0,21.0,0.0,3.0,3.0,82.64238,73.6729,13.063367,4.0,4.0,75.0,0.0
91.02708,382.10248,8.0,146.0064,22.848318,0.0,0.0,100.0,-7.0,6.0,8.0,28.0,1.0,50.0,-7.0,0.0,0.0,7.0,60.9387,5.0,2.0,0.0,75.0,0.0
87.0,345.56793,2.0,95.94514,49.533173,0.0,0.0,100.0,-7.0,7.0,8.0,35.0,3.0,21.0,2.0,0.0,0.0,0.0,-8.0,2.0,-6.121818,0.0,8.931958,0.0
88.0,398.18948,29.351112,150.19125,22.0,0.0,0.0,100.0,-7.0,7.0,8.0,28.694445,0.0,34.95387,15.185541,1.0,0.0,1.0,-8.0,3.0,1.0,0.0,50.0,0.0
85.0,236.0979,2.0,68.0,17.0,0.0,0.0,100.0,-7.0,6.0,8.0,19.15641,7.2510285,20.274376,0.0,1.0,1.0,6.0,-8.0,3.0,1.0,0.0,49.02126,0.0
56.44086,246.30072,2.1179702,80.63514,29.0,0.0,0.0,100.0,-7.0,7.0,8.0,30.994513,7.9998507,43.622486,0.0,4.0,4.0,54.20394,32.396946,7.8930345,3.0,1.0,80.0,0.0
67.0,328.61584,4.0,116.62064,33.0,4.8141146,0.0,87.14818,36.03146,6.0,2.0,37.157566,1.0,24.0,0.0,0.0,0.0,43.51091,30.433508,11.0,2.0,4.5544915,73.0,0.0
76.0,287.11176,3.0,138.56866,46.286926,0.0,0.0,100.0,77.526474,6.0,6.0,50.5901,3.711856,34.71609,8.0,0.0,0.0,11.292937,58.39123,8.9242115,3.0,0.0,60.0,0.0
81.667946,241.67744,8.0,93.34956,23.171686,0.0,0.0,100.0,-7.0,7.0,8.0,23.061745,1.0,27.0,0.0,1.0,1.0,18.0,-8.0,2.0,2.0,0.0,40.20401,0.0
75.0,151.11145,3.0,96.45254,22.363995,1.0,1.0,93.0,46.846016,6.0,2.0,29.0,2.0,36.0,0.0,0.0,0.0,45.97368,28.477175,9.0,2.0,1.0823078,86.0,0.0
77.0,247.05034,3.0,99.92739,19.0,0.0,0.0,87.42085,58.765175,6.0,6.0,26.0,2.0,33.0,-7.0,0.0,0.0,28.0,88.30117,3.0,4.0,1.0,77.73847,0.0
89.0,156.48857,13.297801,97.18497,13.0,0.0,0.0,97.0,-6.157883,6.0,6.0,16.0,0.0,40.0,0.0,2.0,2.0,10.0,40.543587,2.0,4.0,0.0,67.0,0.0
81.36126,196.09348,3.2247882,59.040897,15.0,0.0,0.0,100.0,-7.0,7.0,8.0,23.670815,1.0,18.0,21.579443,0.0,0.0,21.55163,82.0,3.0,2.0,0.0,54.92336,0.0
89.0,114.20064,9.0,76.0,3.6690958,0.0,0.0,100.0,-7.0,7.0,8.0,9.0,1.0,30.879065,-8.0,0.0,0.0,8.0,-8.0,2.0,1.0,0.0,56.0,0.0
56.58526,138.26474,5.0,63.0,30.859234,1.0,0.0,82.76444,1.4391224,6.0,5.0,45.11705,1.0,29.0,0.0,0.0,0.0,36.0,74.589966,3.0,2.0,2.0,46.464092,0.0
80.0,211.37418,9.0,78.517105,23.0,0.0,0.0,100.0,-7.0,7.0,8.0,14.0,2.0,36.0,1.0,3.174816,3.7928362,19.0,57.737118,4.0,2.0,0.0,88.0,0.0
71.0,88.119354,7.0,55.027767,32.0,0.0,0.0,100.0,-7.0,7.0,8.0,28.346495,2.0,54.870632,0.0,1.0,1.0,28.322449,60.259716,3.0,2.0,0.0,80.611786,0.0
66.0,165.22765,11.0,66.14706,45.09674,0.0,0.0,98.0,39.7605,6.0,6.0,56.44282,0.0,56.443512,0.0,1.0,1.0,34.60611,82.79901,6.089383,2.9241762,1.0,80.0,0.0
85.0,82.99824,3.0,66.4505,23.0,0.0,0.0,100.0,-7.0,7.0,8.0,22.0,3.0,25.0,-7.0,0.0,0.0,3.0,93.0,1.7886531,2.0,0.0,40.0,0.0
79.52528,253.09563,11.0,61.47521,11.0,1.0,1.0,100.0,-7.0,7.0,8.0,20.298449,0.0,8.142623,-7.854411,2.0,2.0,5.0,-8.0,2.0,-8.0,0.0,50.762596,0.0
75.0,174.4887,2.0,74.0,29.180473,0.0,0.0,100.0,-7.0,7.0,8.0,32.533924,6.716325,23.850458,3.0,0.8217569,0.0,53.32112,73.67761,5.0,2.0,1.0,67.0,0.0
71.0,203.16081,-9.0,67.68798,43.753307,0.0,0.0,94.03589,40.106358,6.0,6.0,41.923035,10.82461,22.0,0.0,2.0,1.2897161,0.87307394,-8.0,4.0,3.0,0.0,48.592876,0.0
65.552475,255.07767,-9.0,87.45267,25.0,0.0,0.0,84.255135,2.5935323,6.0,6.0,41.374077,4.0,35.801746,0.0,2.0,2.0,32.0,-8.0,4.0,2.0,2.6682425,45.641235,0.0
72.55389,182.77467,2.0,76.94834,43.823334,0.0,0.0,96.0,43.985657,6.0,6.0,44.77113,6.0,24.0,4.0,2.0,2.0,42.720432,75.18417,3.0,2.0,3.0,64.0,0.0
87.98381,194.5144,2.0,60.68672,21.0,0.0,0.0,100.0,-7.0,7.0,8.0,25.0,3.0,41.0,7.328086,0.0,0.0,10.0,60.85638,2.0,7.3268275,0.0,81.644135,0.0
74.0,173.32318,6.0,67.0,14.0,0.0,0.0,100.0,-7.0,7.0,8.0,16.0,2.0,43.536457,11.021124,0.0,0.0,42.61454,-8.0,3.0,2.0,0.1370825,100.0,0.0
70.0,137.76738,2.0,45.938717,24.849648,0.0,0.0,100.0,-7.0,7.0,8.0,19.0,6.0,19.0,0.0,3.0,2.618289,32.0,-8.0,2.0,-8.0,1.0,25.0,0.0
87.0,458.68735,6.542661,129.9748,44.72102,0.0,0.0,100.0,-7.0,7.0,8.0,61.345673,1.0,25.0,-8.0,0.0,0.0,4.952033,70.7787,9.0,3.0,0.0,75.0,0.0
86.0,111.901596,4.0,74.0,21.0,0.0,0.0,100.0,-7.0,7.0,8.0,22.0,2.0,37.097088,-7.0,0.0,0.0,9.0,66.91645,6.0,1.0,0.0,68.1923,0.0
81.0,100.78712,4.0,74.0,24.0,0.0,0.0,100.0,-7.0,7.0,8.0,25.804346,3.0,30.0,0.0,3.0,3.0,2.0,-8.0,2.0,-3.3156123,0.0,46.25697,0.0
76.92867,77.819984,1.0,57.534424,17.0,0.0,0.0,100.0,-7.0,7.0,8.0,5.3292613,1.3851416,50.0,0.0,3.0,3.0,21.192335,75.3319,2.0,7.393328,0.0,56.433598,0.0
-9.0,-9.0,-9.0,-9.0,-9.0,-9.0,-9.0,-9.0,-9.0,-9.0,-9.0,-9.0,-9.0,-9.0,-9.0,-9.0,-9.0,-9.0,-9.0,-9.0,-9.0,-9.0,-9.0,0.0
77.0,268.5119,17.28891,110.35544,14.0,0.0,0.0,95.0,35.926064,6.0,6.0,16.0,0.0,11.2793455,23.371265,0.0,0.0,0.6625492,-8.0,1.0,1.0,0.0,37.419327,0.0
79.0,370.52734,3.0,102.35586,26.0,0.0,0.0,100.0,-7.0,7.0,8.0,24.0,6.0,31.0,0.0,1.0,1.0,25.0,69.7622,8.816955,2.0,1.0,60.0,0.0
66.0,73.011734,8.0,29.68801,17.0,0.0,0.0,94.0,51.2976,6.0,6.0,16.0,3.0,20.0,0.0,2.0,3.0,59.43593,-8.0,5.0,1.0,1.0,75.99796,0.0
77.0,759.81647,2.0,157.64348,28.0,0.0,0.0,95.82916,31.423613,6.0,6.0,31.0,2.0,21.0,1.0,3.0,3.609793,9.0,-8.0,4.0,2.0,0.0,100.0,0.0
66.72989,346.03137,16.0,98.8735,17.0,1.0,0.0,78.56923,7.579432,4.0,6.0,19.0,1.0,56.332302,-7.0,0.0,0.0,27.797071,39.89634,2.0,3.0,1.0,57.227554,0.0
90.0,194.03447,2.0,92.0,10.0,0.0,0.0,100.0,-7.0,7.0,8.0,10.0,1.0,42.0,0.0,0.0,0.0,0.7244596,96.30542,1.0,2.0,0.0,33.0,0.0
79.0,190.98955,9.0,98.02932,23.0,0.0,0.0,90.0,11.836327,6.0,6.0,18.601562,1.0,45.0,10.772903,0.0,0.0,9.0,45.471745,2.0,2.0,0.0,44.0,0.0
88.0,579.7703,12.461587,204.3231,24.0,0.0,0.0,100.0,-7.0,7.0,8.0,18.704428,0.0,16.199427,5.0,1.0,1.0,1.0,-8.0,2.0,1.0,0.0,6.547766,0.0
81.21915,413.3503,5.0,106.2753,16.0,0.0,0.0,100.0,-7.0,7.0,8.0,15.0,2.0,31.0,15.235629,0.0,0.0,39.78242,-8.0,4.0,2.0,0.0,80.25254,0.0
88.0,108.9046,39.60819,90.69326,14.217712,0.0,0.0,100.0,-7.0,7.0,8.0,13.140179,0.0,-9.0,-7.0,0.0,0.0,9.665083,-8.0,1.0,-8.0,0.0,33.0,0.0
54.86835,292.44357,14.0,86.46625,16.943485,0.0,0.0,82.60603,-7.0,-0.36042315,6.0,16.0,0.0,36.0,4.0,0.0,0.0,51.869312,-8.0,5.0,1.0,3.0796409,67.0,0.0
86.0,206.69644,7.0,106.644104,14.0,0.0,0.0,100.0,-7.0,7.0,8.0,17.976265,2.0,24.0,0.0,1.0,1.0,1.0,-8.0,3.0,1.0,0.0,88.533035,0.0
73.0,196.37206,5.0,84.0,21.0,0.0,0.0,100.0,-7.0,7.0,8.0,24.234287,2.0,40.0,0.61203253,2.0,3.0,32.0,80.0,3.0,2.0,1.0,55.771652,0.0
82.27605,134.38454,10.0,79.638466,34.0,0.0,0.0,100.0,-7.0,7.0,8.0,30.673277,0.0,46.0,22.613636,0.0,0.0,13.148918,80.68517,4.0,3.0,1.0,78.0,0.0
70.0,176.39859,6.0,60.41216,25.0,0.0,0.0,87.62853,10.682184,4.0,6.0,36.038048,4.0,21.312954,0.0,1.0,1.7986022,13.658134,100.0,4.0,2.0,0.0,50.0,0.0
79.0,118.35884,9.0,54.918346,7.0,0.0,0.0,100.0,-7.0,7.0,8.0,8.955333,2.0,45.668457,2.0,0.0,0.0,59.82017,82.0,1.6094705,1.7596872,0.0,95.12419,0.0
69.0,389.44348,14.0,123.886,26.0,1.0,1.0,95.0,40.836464,6.0,3.0,28.0,1.0,29.040339,1.0,0.29793027,1.0,35.251896,-8.0,10.300378,1.0,2.0,69.79075,0.0
76.0,131.99513,3.0,59.091507,24.0,0.0,0.0,100.0,-7.0,7.0,8.0,19.0,2.0,24.0,9.0,3.0,2.1810477,4.385918,34.321617,4.0,2.0,0.0,50.0,0.0
86.0,162.43414,26.291292,74.38779,19.364317,0.0,0.0,100.0,-7.0,7.0,8.0,24.0,0.0,11.2085705,16.0,0.0,0.0,6.0,-8.0,6.0,1.0,0.0,100.0,0.0
70.0,260.2579,2.0,61.0,39.0,0.0,0.0,100.0,58.032322,6.0,6.0,35.16106,10.915786,13.63335,0.0,4.0,4.0,18.94745,-8.0,5.0,1.0,0.0,41.668415,0.0
73.0,203.17969,5.0,65.589455,30.0,0.0,0.0,100.0,-7.0,7.0,8.0,28.0,3.0,29.0,10.208413,1.7312255,1.0,30.092937,52.839138,8.0,4.0,2.0,71.0,0.0
64.0,236.98723,6.0,133.3559,31.0,0.0,0.0,92.0,33.85269,6.0,6.0,35.60725,2.0,19.133362,-7.0,0.0,0.0,94.45724,80.43493,7.0,3.0,3.0,82.50732,0.0
75.0,79.12732,13.404328,61.869293,13.0,0.0,0.0,100.0,-7.0,7.0,8.0,11.0,0.0,65.11157,9.0,0.0,0.0,40.918232,-8.0,2.0,1.0,2.0,64.0,0.0
81.0,128.33984,5.0,54.511333,11.1374235,0.0,0.0,95.0,-7.0,6.0,8.0,12.447387,1.0,62.874287,2.0,0.0,0.0,6.0,66.55756,2.0,2.0,0.0,78.0,0.0
82.30294,152.11942,10.0,86.0,25.0,0.0,0.0,100.0,-7.0,7.0,8.0,6.51602,1.0,37.0,0.0,0.0,0.0,12.0,80.893364,4.0,3.0,0.0,60.0,0.0
66.4406,32.568043,2.0,94.0,10.0,4.7942834,3.4228404,84.83596,48.538376,6.0,5.0,14.0,4.0,9.16209,-8.0,0.0,0.0,38.577103,-8.0,3.0,1.0,0.0,45.93414,0.0
85.0,173.60442,17.98639,114.22436,9.0,0.0,0.0,100.0,-7.0,7.0,8.0,4.6474075,0.0,42.0,3.6637802,0.0,0.0,0.0,-8.0,1.0,1.0,0.0,70.0,0.0
87.0,173.03203,12.984791,101.39758,4.654717,0.0,0.0,100.0,-7.0,7.0,8.0,9.0,0.0,16.0,0.0,0.0,1.0,9.0,-8.0,3.0,-8.0,0.0,83.0,0.0
75.0,194.35637,1.0,72.0,27.0,0.0,0.0,100.0,-7.0,7.0,8.0,38.0,2.0,26.645334,0.0,2.0,3.0,67.5053,90.56118,1.0,2.0,2.0,56.0,0.0
-9.0,292.20456,10.0,68.0,18.0,2.0,1.0604103,88.0,1.1592033,-4.4790235,3.7586792,26.0,1.0,18.0,1.0,2.0,2.0,74.38583,-8.0,8.0,2.0,2.0,75.0,0.0
88.0,405.8576,57.52394,205.50021,17.0,0.0,0.0,100.0,-7.0,7.0,8.0,42.783062,0.0,10.722535,23.949152,0.0,0.0,1.0,-8.0,-9.0,1.0,0.0,33.0,0.0
85.80974,147.97621,8.902467,63.0,29.858625,0.0,0.0,100.0,-7.0,7.0,8.0,27.0,1.1332153,38.92594,4.0,0.0,0.0,13.659455,90.95894,3.0,2.0,0.0,33.0,0.0
-9.0,-9.0,-9.0,-9.0,-9.0,-9.0,-9.0,-9.0,-9.0,-9.0,-9.0,-9.0,-9.0,-9.0,-9.0,-9.0,-9.0,-9.0,-9.0,-9.0,-9.0,-9.0,-9.0,0.0
89.0,329.36502,12.0,154.69766,13.7128525,0.0,0.0,100.0,-7.0,7.0,8.0,16.606554,0.0,35.90872,-7.0,0.0,0.0,2.1393306,-8.0,2.0,2.0,0.0,61.593124,0.0
73.0,485.62466,2.0,120.83785,20.71679,1.0,0.0,88.34574,31.310549,6.0,5.0,20.0,3.0,2.159404,0.0,3.0,3.0,41.73492,71.78875,2.0,1.6272393,1.0,35.837067,0.0
62.148376,190.41486,20.775814,94.0,12.0,0.0,0.0,71.73916,16.180033,6.0,5.0311103,21.0,0.0,38.36913,-7.0,0.0,0.0,51.880795,44.844242,3.0,2.0,2.5743036,97.83694,0.0
82.0,173.65112,5.0,82.0,41.45129,0.0,0.0,100.0,-7.0,7.0,8.0,48.57213,1.0,70.08276,0.0,0.0,0.0,30.597973,75.46651,1.0,5.0,0.0,100.0,0.0
69.21177,237.08907,2.0,69.40347,28.0,1.0,0.0,92.16875,5.212807,6.0,5.0,29.0,5.0,25.0,16.0,0.0,0.0,18.0,100.0,7.0,2.0,1.0,44.0,0.0
88.0,193.28325,8.0,83.0,11.984823,0.0,0.0,94.0,54.033035,6.0,6.0,10.949432,1.0,10.905199,-7.0,0.0,0.0,1.0,-8.0,1.0,1.0,0.0,26.776005,0.0
60.524754,-9.0,2.0,-9.0,6.0,0.0,0.0,89.23119,1.0,6.0,6.0,5.347765,2.0,42.0,3.0,2.0,2.0,49.5109,32.221283,3.0,2.0,0.0,83.0,0.0
86.0,225.15886,8.0,72.0,44.699184,0.0,0.0,100.0,-7.0,7.0,8.0,47.906166,4.0,18.413084,0.0,1.0,1.0,3.0,74.10533,3.0,2.0,0.0,20.189064,0.0
71.0,133.13756,8.0,67.2196,12.0,2.0,1.0,77.90881,37.936684,6.0,2.0,11.0,1.0,50.0,0.0,0.0,0.0,1.349017,95.19263,1.0,3.0,0.0,71.0,0.0
82.0,-9.0,3.0,45.90422,7.0,0.0,0.0,100.0,-7.0,7.0,8.0,7.3144336,2.0,38.48722,-8.0,0.0,0.0,15.0,87.25489,2.0,2.0,0.0,75.0,0.0
76.0,130.0594,5.0,60.784737,8.107454,0.0,0.0,100.0,-7.0,7.0,8.0,4.24663,2.0,22.0,7.167542,0.0,0.0,37.41278,-8.0,1.0,1.0,0.0,56.0,0.0
-9.0,-9.0,-9.0,-9.0,-9.0,-9.0,-9.0,-9.0,-9.0,-9.0,-9.0,-9.0,-9.0,-9.0,-9.0,-9.0,-9.0,-9.0,-9.0,-9.0,-9.0,-9.0,-9.0,0.0
68.0,486.42258,11.0,142.68904,38.810146,2.5987587,0.0,95.0,43.97762,6.0,5.0,34.0,1.0,42.0,0.0,0.0,0.0,26.90235,80.0,7.0,4.0,1.0,73.0,0.0
80.493546,231.82924,2.0,116.91113,13.0,0.0,0.0,100.0,-7.0,7.0,8.0,6.084632,1.0,19.0,-7.650904,1.0,1.0,30.873653,-8.0,2.0,-8.0,0.0,100.0,0.0
70.0,239.88402,3.0,58.0,32.34648,0.0,0.0,100.0,26.70392,6.0,6.0,32.178368,5.3612237,38.0,0.0,1.0,1.0,28.614954,61.12543,3.0,1.0,1.0,69.87927,0.0
81.0,287.8702,5.0,79.0,52.48096,0.0,0.0,100.0,-7.0,7.0,8.0,56.72255,2.0,25.783659,0.0,3.0,2.0,4.5801105,-8.0,6.0,2.0,1.0,50.0,0.0
63.0,153.37413,23.03437,70.0,32.582966,3.989055,0.0,77.87179,5.060855,6.0,2.469167,31.0,0.0,36.0,0.0,1.0,1.0,10.276306,19.421041,2.0,3.0,0.0,43.0,0.0
61.960426,402.374,17.0,115.482056,48.886223,0.0,0.0,94.94486,4.293931,3.0,6.0,46.13903,0.0,27.0,10.599778,0.0,0.0,61.534527,74.25713,11.0,4.894713,3.4547446,71.0,0.0
81.0,125.08161,8.0,69.85812,19.0,0.0,0.0,100.0,-7.0,7.0,8.0,15.0,1.0,20.0,7.0,0.0,0.0,9.0,-8.0,5.0,2.0,0.0,62.025284,0.0
84.0,187.43712,25.281916,98.2144,14.0,0.0,0.0,100.0,-7.0,7.0,8.0,12.392988,0.0,33.0,0.0,0.0,0.0,16.0,20.443087,4.0,2.0,0.0,75.0,0.0
84.06827,241.00745,3.0,93.0,17.0,0.0,0.0,100.0,-7.0,7.0,8.0,18.0,2.0,21.0,0.0,0.0,0.0,22.9628,-8.0,4.0499616,1.0,0.0,63.0,0.0
-9.0,-9.0,-9.0,-9.0,-9.0,-9.0,-9.0,-9.0,-9.0,-9.0,-9.0,-9.0,-9.0,-9.0,-9.0,-9.0,-9.0,-9.0,-9.0,-9.0,-9.0,-9.0,-9.0,0.0
70.0,196.00006,15.0,86.44801,20.870861,1.0,0.0,89.689926,13.125627,6.0,5.0089107,20.572624,0.0,37.232533,-7.0,1.0,1.0,37.454803,73.495514,3.0,2.0,3.0,60.0,0.0
90.137245,369.5375,10.0,105.81586,22.0,0.0,0.0,96.0,22.591133,6.0,6.0,20.0,1.0,32.0,0.0,1.0,1.0,0.0,-8.0,1.0,1.0,0.0,-9.0,0.0
88.0,379.10245,24.608854,123.58855,14.0,0.0,0.0,100.0,-7.0,7.0,8.0,12.527922,0.0,31.0,-7.0,1.0,1.0,6.0,-8.0,2.0,1.0,0.0,44.688423,0.0
70.0,332.91064,1.0,91.54132,20.0,0.0,0.0,100.0,-7.0,7.0,8.0,21.162788,3.0,22.165052,0.0,6.7581663,7.380222,18.207802,89.64727,9.0,2.0,2.0,67.59513,0.0
68.0,130.04855,2.0,68.96422,32.0,0.0,0.0,97.0,9.003098,6.0,6.0,37.0,10.430573,17.0,0.0,2.0,2.0,24.543758,82.78898,8.0,3.0,0.0,56.0,0.0
77.0,222.63168,6.6441154,61.34074,16.0,0.0,0.0,100.0,-7.0,7.0,8.0,16.0,3.0,25.0,0.0,1.0,1.0,16.0,72.5245,3.6364877,2.0,0.0,67.77865,0.0
83.0,228.45673,2.0,81.76014,21.0,0.0,0.0,100.0,-7.0,7.0,8.0,21.0,2.0,44.460518,10.178262,0.0,0.0,17.0,48.70925,1.0,2.0,0.0,40.0,0.0
78.67884,128.74776,2.929722,65.51773,26.0,0.0,0.0,100.0,-7.0,7.0,8.0,26.0,2.0,35.0,2.0,4.0,3.7391627,25.0,92.372284,3.0,1.0,2.0,40.0,0.0
74.0,139.05135,2.0,68.0,27.75919,0.0,0.0,100.0,-7.0,7.0,8.0,27.111385,2.0,13.0,0.0,2.0,2.3203993,24.099096,-8.0,4.0,1.0,1.0,43.0,0.0
71.7911,287.89517,6.325865,147.36714,33.502907,0.0,0.0,100.0,-7.0,7.0,8.0,36.151264,3.0,33.0,0.0,3.0,3.0,55.7387,0.7199072,6.0,6.0,4.0,75.0,0.0
73.0,142.67319,2.0,50.637753,47.13069,0.0,0.0,100.0,-7.0,7.0,8.0,47.205353,4.0,32.0,0.0,16.681574,15.562445,25.037848,90.04253,2.0,3.0,1.0,33.0,0.0
84.60301,213.0019,4.0,90.0,30.0,0.0,0.0,100.0,-7.0,7.0,8.0,42.361706,3.0,60.728466,0.21187879,0.0,0.0,8.0,-8.0,2.0,2.0,0.0,53.711765,0.0
82.0,282.5134,5.0,94.99031,30.0,0.0,0.0,95.0,48.967056,6.0,6.0,33.0,3.0,65.0722,0.0,1.0,1.0,2.0,8.807812,3.0,5.0,0.0,50.0,0.0
80.0,307.7613,2.0,99.85684,14.0,0.0,0.0,100.0,-7.0,7.0,8.0,7.519726,2.0,33.65721,0.0,5.6915116,5.1208167,24.379482,89.80495,4.097384,3.0,1.0,81.27776,0.0
80.0,316.68118,6.301405,88.54074,22.002077,0.0,0.0,100.0,-7.0,7.0,8.0,32.086025,1.0,6.3921204,-7.0,0.0,0.0,33.641403,-8.0,6.0,-8.0,1.0,64.0,0.0
73.0,116.4932,11.0,86.22847,26.607552,0.0,0.0,100.0,-7.0,7.0,8.0,13.352562,1.0,69.08092,-7.0,0.0,0.0,60.31683,58.143932,2.0,3.0,1.0,69.7806,0.0
66.0,263.6862,6.0,73.25419,37.343884,0.0,0.0,97.0,34.371357,6.0,6.0,34.23747,1.0,19.029327,20.538845,0.0,0.0,67.30356,-8.0,11.771202,1.0,8.584117,100.0,0.0
71.0,202.89761,11.0,83.0,27.0,0.0,0.0,100.0,-7.0,7.0,8.0,29.197681,0.0,23.034578,-2.2032747,0.0,0.0,58.33356,30.933414,10.085628,2.0,4.7641754,67.0,0.0
70.0,168.26604,15.0,72.05946,28.0,0.0,0.0,100.0,-7.0,7.0,8.0,35.0,0.0,50.62231,0.54675376,5.8138857,5.9154625,52.27565,39.22365,5.712714,3.0,2.0,86.0,0.0
80.0,138.96416,17.051386,49.982872,22.0,0.0,0.0,100.0,-7.0,7.0,8.0,29.0,0.0,14.614457,0.0,0.0,0.0,25.579924,-8.0,8.0,-8.0,0.44424617,79.43956,0.0
83.0,199.76314,2.0,77.30321,30.28248,0.0,0.0,100.0,-7.9904037,6.0,6.0,32.0,2.0,11.958736,0.0,3.0,3.0,6.787471,93.0,5.0,2.0,0.0,44.0,0.0
62.0931,132.11436,1.2874703,12.332059,33.0,0.0,0.0,95.7445,17.449196,6.0,6.0,41.74899,6.4662995,32.0,4.0,0.0,0.0,36.00315,59.407352,9.46824,5.5361924,4.0,67.0,0.0
88.0,423.25607,4.272458,287.30698,31.0,0.0,0.0,100.0,-7.0,7.0,8.0,29.0,2.0,25.521585,0.0,2.0,2.0,13.474731,81.21308,3.0,2.0,0.0,60.0,0.0
76.0,66.99705,3.0,51.348454,27.966019,0.0,0.0,100.0,-7.0,7.0,8.0,30.0,5.0,43.37199,0.0,4.822347,4.560781,9.070625,56.108982,4.0,4.0,0.0,71.0,0.0
80.0,170.53394,2.0,75.611084,11.574903,0.0,0.0,89.0,27.708376,6.0,6.0,14.0,1.0,35.0,0.0,1.0,1.0,0.19663382,-8.0,2.0,1.0,0.0,62.025036,0.0
82.0,275.39368,6.0,105.38415,29.0,0.0,0.0,100.0,-7.0,7.0,8.0,46.175198,1.0,24.0,-7.0,1.0,1.0,6.317874,-8.0,2.0,1.0,1.0,15.110154,0.0
72.0,220.65689,3.0,104.945946,24.0,0.0,0.0,100.0,-7.0,7.0,8.0,23.0,2.0,18.0,3.0,2.0,2.0,91.33211,75.009,2.0,2.0,5.7936783,55.69449,0.0
81.0,164.68375,9.65674,94.0,24.0,0.0,0.0,100.0,-7.0,7.0,8.0,23.705278,0.0,31.0,-7.0,2.0,2.0,26.524363,76.0,3.0,2.0,0.0,77.780594,0.0
78.0,227.82529,18.638071,110.30972,18.0,1.0,1.0,100.0,-7.0,7.0,8.0,19.0,0.0,15.895004,0.0,0.0,0.0,4.6951494,-8.0,1.0,-8.771831,0.0,16.384287,0.0
90.21924,94.96426,7.0,82.240456,14.0,0.0,0.0,100.0,-7.0,7.0,8.0,17.0,0.0,40.140152,-8.0,0.0,0.0,10.846548,66.3498,1.0,3.0,0.0,67.0,0.0
88.0,260.00244,27.656765,116.4897,17.0,0.0,0.0,100.0,-7.0,7.0,8.0,25.812838,0.0,20.741669,11.78009,1.0,1.0,9.09771,-8.0,3.0,-8.0,0.0,45.314575,0.0
77.0,378.97238,6.0,86.0,18.0,0.0,0.0,100.0,-7.0,7.0,8.0,21.0,3.0,55.816338,-7.0,0.0,0.0,33.952156,71.25323,2.0,3.0,0.0,83.0,0.0
80.0,386.00568,5.0,106.66901,37.046917,0.0,0.0,100.0,-7.0,7.0,8.0,42.29804,2.0,23.0,0.0,1.0,1.0,9.413567,87.88263,3.0,1.0,0.0,20.71816,0.0
84.0,143.89305,9.792534,60.577816,15.0,0.0,0.0,100.0,-7.0,7.0,8.0,9.0,2.0,61.8334,0.0,0.0,0.0,1.0,-8.0,2.0,1.0,0.0,43.229645,0.0
82.0,203.63377,4.0,70.0,48.013393,0.0,0.0,100.0,-7.0,7.0,8.0,56.043884,2.0,56.04591,0.0,0.0,0.0,29.669546,72.07583,3.0,10.93213,0.0,69.32843,0.0
75.0,135.1868,7.0,59.96172,29.340769,0.0,0.0,95.0,0.30524743,0.21625021,6.0,31.250677,2.0,60.089222,0.0,2.0,2.0,24.99179,90.984215,2.0,3.0,0.0,67.60326,0.0
-9.0,-9.0,-9.0,-9.0,-9.0,-9.0,-9.0,-9.0,-9.0,-9.0,-9.0,-9.0,-9.0,-9.0,-9.0,-9.0,-9.0,-9.0,-9.0,-9.0,-9.0,-9.0,-9.0,0.0
73.0,180.13208,5.0,96.0091,12.0,0.0,0.0,100.0,-7.0,7.0,8.0,11.0,1.0,21.0,2.0,3.0,2.0,57.307087,-8.0,4.0,1.0,3.0,91.35159,0.0
72.0,293.92035,16.0,137.5809,8.0,0.0,0.0,88.0,15.046633,6.0,5.0,11.0,0.0,33.140263,0.0,0.0,0.0,62.866604,-8.0,3.0,1.0,1.0,86.21001,0.0
71.0,10.356277,7.0,18.178791,40.35329,1.0,1.0,100.0,-7.0,6.0,8.0,41.73257,3.0,24.0,-7.0,0.0,0.0,22.544434,85.231995,10.078308,2.0,0.0,64.0,0.0
78.0,171.96707,9.0,75.0,22.0,0.0,0.0,100.0,-7.0,7.0,8.0,21.0,1.0,24.0,21.15162,0.0,0.0,11.0,-8.0,3.0,2.0,1.0,39.2553,0.0
75.343895,478.47113,7.0,256.02054,15.0,0.0,0.0,83.06722,77.41069,6.0,6.0,15.0,2.0372038,0.0,4.0,0.0,0.0,40.219044,-8.0,5.0,-7.218494,0.0,67.3624,0.0
83.0,304.31635,15.0,95.12146,19.0,0.0,0.0,100.0,-7.0,7.0,8.0,21.0,1.0,35.0,0.0,1.0,1.0,26.4711,-8.0,3.0,1.0,0.0,51.516506,0.0
85.39555,281.42303,17.040962,84.0,30.0,0.0,0.0,100.0,-7.0,7.0,8.0,27.0,0.0,24.0,17.221357,0.0,0.0,2.0,-8.0,2.0,1.0,0.0,16.16217,0.0
80.0,248.74174,20.0,87.35097,13.0,0.0,0.0,100.0,-7.0,7.0,8.0,15.0,0.0,38.0,6.941168,0.0,0.0,41.321922,-8.0,2.0,1.0,1.0,63.112694,0.0
72.51617,137.03127,6.0,44.059574,18.0,1.0,0.0,92.59109,29.007309,6.0,2.1924548,16.0,2.0,28.0,7.0,0.0,0.0,10.465761,-8.0,2.0,1.0,0.0,20.781471,0.0
79.0,145.32927,6.0,55.635036,-9.0,0.0,0.0,88.753815,35.6709,6.0,6.0,4.6119437,1.0,65.52926,-7.0,0.0,0.0,0.0,97.52874,1.0,1.0,0.0,63.0,0.0
71.87982,194.70282,2.0,78.1639,32.0,3.0,0.0,89.0,54.261333,6.0,2.0,37.0,6.0,30.0,0.0,6.750943,6.4410725,12.0,-8.0,4.0,3.0,0.0,60.0,0.0
80.0,94.3225,19.894073,123.37144,14.0,0.0,0.0,100.0,-7.0,7.0,8.0,2.161209,0.0,16.0,0.0,2.0,2.0,29.101639,-8.0,3.0874429,2.0,0.0,84.174545,0.0
83.0,164.31679,4.0,74.95591,12.024711,0.0,0.0,100.0,-7.0,7.0,8.0,12.892878,1.0,43.885967,2.4860952,1.0,1.0,5.438888,-8.0,2.0,2.0,0.0,100.0,0.0
82.0,317.41852,2.0,103.11976,28.0,0.0,0.0,100.0,-7.0,7.0,8.0,44.34226,3.0,24.0,8.0,0.0,0.0,17.09296,-8.0,4.0,-8.0,0.0,44.0,0.0
76.20808,147.80626,2.0,41.76053,20.0,0.0,0.0,100.0,-7.0,7.0,8.0,25.0,4.0,35.0,0.0,3.0,3.0,9.329725,88.0,4.0,4.0,0.0,63.0,0.0
90.32552,417.47516,24.261612,232.28311,5.281255,0.0,0.0,100.0,-7.0,7.0,8.0,8.895763,0.0,42.04478,-7.0,0.0,0.0,3.0,-8.0,-9.0,1.0,-9.0,52.343834,0.0
84.0,364.47983,8.0,92.48759,43.865948,0.0,0.0,100.0,-7.0,7.0,8.0,39.668274,2.0,28.0,-7.0,0.0,0.0,13.472283,78.35385,6.555702,4.0,0.0,71.0,0.0
80.235016,129.57875,6.0,108.31795,11.0,0.0,0.0,100.0,-7.0,6.0,6.0,5.048447,1.0,18.63175,-7.0,0.0,0.0,30.124062,-8.0,4.0,1.0,0.0,83.811,0.0
80.0,110.04759,2.1033204,70.0,38.580086,0.0,0.0,97.0,14.267753,6.0,6.0,42.78094,5.7431207,31.998833,0.0,1.0,1.0,12.506672,90.66062,3.0,4.0,0.0,50.0,0.0
85.0,225.43982,2.066328,116.72462,24.0,0.0,0.0,97.0,7.1948977,6.0,6.0,27.0,2.0,45.0,21.06744,1.0,0.0,0.0,68.96803,2.0,1.0,0.0,43.793972,0.0
75.0,228.93263,15.0,91.774315,28.0,0.0,0.0,92.83061,3.5473068,4.0,6.0,35.0,0.0,18.0,0.0,1.0,0.0,8.0,-8.0,6.0,3.0,0.0,50.0,0.0
75.0,200.87965,15.959331,68.68998,36.0,0.0,0.0,100.0,-7.0,7.0,8.0,33.323135,0.0,38.0,0.0,0.0,0.0,19.0,-8.0,3.0,1.0,2.0,20.029665,0.0
91.164764,97.75948,31.071056,140.49586,7.0,0.0,0.0,100.0,-7.0,7.0,8.0,2.6224608,0.0,13.810553,-8.0,0.0,0.0,0.0,-8.0,1.0,-8.0,0.0,33.0,0.0
70.0,383.6512,23.878895,157.48628,24.173609,0.0,0.0,94.0,42.087543,6.0,6.0,26.0,0.0,-9.0,0.0,2.0,1.7160087,69.6291,-8.0,7.9011655,-8.0,2.0,83.0,0.0
72.0,127.27599,3.0,86.0,30.0,0.0,0.0,96.0,8.585523,6.0,6.0,34.70379,1.0,33.0,0.0,2.0,2.7541947,32.0,19.879156,3.0,3.0,1.0,86.0,0.0
89.032455,235.73656,5.0,76.0,22.0,0.0,0.0,100.0,-7.0,7.0,8.0,26.0,1.0,22.31968,2.0,0.0,0.0,13.0,56.16946,2.0,2.0,0.0,40.0,0.0
71.0,246.1516,1.3932455,92.0,17.0,2.0,1.0,88.0,34.822086,6.0,2.0,19.0,1.2322187,24.0,0.0,3.0,3.0,18.777292,97.54906,4.0,2.0,0.0,56.0,0.0
74.27745,229.6043,8.0,74.86324,17.0,0.0,0.0,100.0,-7.0,7.0,8.0,18.0,5.0,25.0,12.0,0.0,0.0,30.322666,-8.0,6.0,1.0,0.0,80.0,0.0
68.93717,132.94588,3.0,93.0,14.0,1.0,1.0,100.0,-7.0,7.0,8.0,15.151452,3.0,27.0,3.0,0.0,0.0,60.452454,51.501083,4.0,3.0,1.0,70.0,0.0
73.48758,299.69794,13.829487,131.71951,22.0,1.0,1.0,97.0,35.399006,6.0,2.0,20.0,0.0,23.555372,2.0,1.0,1.0,43.91642,66.91067,5.0,3.0,1.0,60.0,0.0
92.658966,295.16815,21.61702,141.72945,9.592449,0.0,0.0,100.0,-7.0,7.0,8.0,9.385094,0.0,46.462074,0.0,1.0,1.0,1.0,-8.0,1.0,1.0,0.0,40.0,0.0
-9.0,-9.0,-9.0,-9.0,-9.0,-9.0,-9.0,-9.0,-9.0,-9.0,-9.0,-9.0,-9.0,-9.0,-9.0,0.0,-9.0,-9.0,-9.0,-9.0,-9.0,-9.0,-9.0,0.0
87.0,340.14117,3.0,98.73537,28.0,0.0,0.0,100.0,-7.0,7.0,8.0,25.0,3.0,23.296919,8.356471,0.0,0.0,13.0,-8.0,4.0,1.0,0.0,44.0,0.0
75.0,152.31158,3.0,58.339256,22.0,0.0,0.0,100.0,-7.0,7.0,8.0,25.0,2.0,37.48262,0.0,2.0,2.0,39.9479,90.37839,3.7256696,7.551691,0.0,63.0,0.0
89.0,372.5766,6.9037647,138.33913,11.572382,0.0,0.0,100.0,-7.0,7.0,8.0,15.757803,1.9386744,29.86949,10.888497,0.0,0.0,5.0,98.03102,4.0,2.0,0.0,80.0,0.0
73.0,637.2399,2.0,127.12536,46.988182,0.0,0.0,94.0,11.182193,6.0,6.0,55.257133,3.0,16.0,1.0,1.0,1.0,18.0,99.10527,9.0,3.0,1.0,67.0,0.0
84.0,372.01144,15.40322,164.27992,21.586174,0.0,0.0,100.0,-7.0,7.0,8.0,12.0,0.0,20.0,-8.0,0.0,0.0,28.0,-8.0,2.0,1.0,1.0,50.0,0.0
76.0,244.65709,2.0,72.13443,19.0,0.615515,1.0,92.0,35.833153,6.0,5.0,21.078182,4.0,35.0,0.0,0.0,0.0,3.0,-8.0,3.0,1.0,0.0,40.223495,0.0
84.32021,291.53354,2.0,177.89091,13.0,0.0,0.0,100.0,-7.0,7.0,8.0,12.245563,2.0,27.88618,8.09045,0.0,0.0,17.0,-8.0,5.184996,2.0,0.0,77.36734,0.0
-9.0,-9.0,-9.0,-9.0,-9.0,-9.0,-9.0,-9.0,-9.0,-9.0,-9.0,-9.0,-9.0,-9.0,-9.0,-9.0,-9.0,-9.0,-9.0,-9.0,-9.0,-9.0,-9.0,0.0
60.862778,175.4397,8.0,79.8136,32.77623,0.0,0.0,91.80892,-7.0,2.1858442,6.0,34.9542,1.0,26.0,21.978165,0.0,0.0,36.043076,-8.0,9.932401,1.2148043,1.666662,86.58997,0.0
-9.0,-9.0,-9.0,-9.0,-9.0,-9.0,-9.0,-9.0,-9.0,-9.0,-9.0,-9.0,-9.0,-9.0,-9.0,-9.0,-9.0,-9.0,-9.0,-9.0,-9.0,-9.0,-9.0,0.0
69.80808,174.91,6.0,79.94589,27.0,0.0,0.0,97.0,9.78616,5.0,6.0,26.0,1.0,25.463871,-7.0,0.0,0.0,59.011864,79.14198,6.0,2.0,1.0,62.10024,0.0
76.5832,212.02225,25.280138,101.756516,19.0,0.0,0.0,82.41765,36.21549,6.0,6.0,22.0,0.0,42.10219,-9.0,0.0,0.0,23.19925,-8.0,5.0,1.0,0.0,70.0,0.0
81.0,150.65935,1.0,61.0,11.0,0.0,0.0,100.0,-7.0,7.0,8.0,14.0,3.0,15.292326,0.0,1.0,1.0,23.127888,-8.0,5.0,1.0,0.0,63.0,0.0
89.0,209.59616,17.0,96.49669,20.125465,0.0,0.0,100.0,-7.0,7.0,8.0,24.0,0.0,10.216564,18.274208,0.0,0.0,1.0,-8.0,3.0,1.0,0.0,45.647903,0.0
79.0,409.67,15.0,116.461815,33.132748,0.0,0.0,100.0,-7.0,7.0,8.0,39.566612,0.0,31.0,0.0,2.0,1.9801223,36.12138,52.282482,7.0,3.0,1.0,86.56092,0.0
74.0,284.90842,5.0,70.0,55.20619,0.0,0.0,97.0,48.928074,6.0,6.0,43.863453,3.0,2.8435984,1.0,0.0,0.0,10.0,-8.0,3.0,1.0,0.0,26.836498,0.0
77.0,4.5292463,5.0,43.15734,24.0,0.0,0.0,100.0,-7.0,7.0,8.0,23.0,3.0,33.0,0.0,3.0,3.0,1.0,76.63656,2.0,3.1328003,0.0,51.659687,0.0
67.0,120.72866,4.0,58.348938,23.37042,0.0,0.0,85.297356,56.921734,6.0,6.0,23.0,2.0,34.24153,-7.0,9.133421,6.646361,58.28266,84.02836,1.0,4.0,1.0,100.0,0.0
84.0,103.26905,20.75887,65.01255,9.0,0.0,0.0,100.0,-7.0,7.0,8.0,7.590687,0.0,44.02779,5.153081,1.0,1.0,1.5263923,1.8224744,2.0,1.0,0.0,100.0,0.0
66.0,145.53119,3.0,58.0,38.395954,1.0,0.0,95.15456,66.61362,6.0,5.0,42.24343,1.0,65.474655,18.965956,0.0,0.0,43.04396,74.263016,6.0,16.514534,2.0,99.25156,0.0
80.0,183.5272,5.0,78.728806,28.0,0.0,0.0,100.0,-7.0,7.0,8.0,30.0,2.0,42.0,-8.0,5.420378,5.4957476,1.0,97.46896,2.0,4.0,0.0,53.253258,0.0
80.0,167.79611,11.109386,63.0,20.0,0.0,0.0,100.0,-7.0,7.0,8.0,21.0,0.0,17.0,0.0,0.0,0.0,16.624664,62.690166,3.0359406,1.0,0.0,67.0,0.0
84.0763,376.28348,4.0,91.58348,47.448864,0.0,0.0,100.0,70.66956,6.0,6.0,60.229,2.0,16.23988,0.0,4.0,4.0,3.0,70.09757,4.0,2.0,0.0,23.068678,0.0
89.0,217.75717,20.308052,97.0,13.0,0.0,0.0,100.0,-7.0,7.0,8.0,19.187359,0.0,15.860276,23.884733,0.0,0.0,1.0,-8.0,1.0,1.0,0.0,24.408255,0.0
74.0,421.64456,2.0,106.0885,24.252697,0.0,0.0,95.0,4.0,6.0,6.0,29.985416,2.0,47.0,0.0,4.0,4.0,15.631974,96.89846,3.0,2.0,0.2629126,75.0,0.0
85.0,326.3039,2.0,107.86707,22.0,0.0,0.0,97.0,18.002033,6.0,6.0,29.0,2.0,31.0,-7.0,1.0,1.0,2.0,-8.0,4.0,3.1484342,0.0,57.0,0.0
69.0,236.67496,2.0,96.68076,12.767791,2.0,0.0,94.0,18.138378,4.0,3.0,14.856076,2.0,25.852787,0.0,0.0,0.0,36.0,45.977623,3.0,1.0,2.0,57.0,0.0
84.0,322.53912,5.0,111.521454,18.0,0.0,0.0,94.0,46.010548,6.0,6.0,23.0,1.0,11.0,13.031626,0.0,0.0,1.0,-8.0,1.0,-8.0,0.0,31.03538,0.0
86.0,255.08536,8.0,121.994774,33.0,0.0,0.0,100.0,-7.0,7.0,8.0,37.9329,2.0,27.0,4.0,2.0,2.0,17.0,76.74217,3.0,2.0,0.0,75.0,0.0
81.0,175.23003,14.011864,86.0,14.0,0.0,0.0,100.0,-7.0,7.0,8.0,14.0,0.0,21.0,4.0,0.0,0.0,0.0,102.07351,2.0,2.0,0.0,67.0,0.0
82.0,170.90936,5.0,70.0,34.5553,0.0,0.0,100.0,-7.0,7.0,8.0,44.0354,4.0,46.0,10.5977745,0.0,0.0,21.0,100.0,3.0,3.0,0.0,57.0,0.0
78.0,154.11418,4.0,79.0,21.0,0.0,0.0,100.0,-7.0,7.0,8.0,19.0,2.0,46.291954,0.0,2.0,2.0,55.468914,82.0,4.0,2.0,0.0,80.0,0.0
84.053375,201.17772,15.0,108.56595,16.0,0.0,0.0,93.64941,36.559227,6.0,6.0,22.0,0.0,22.0,3.8874068,0.0,0.0,12.0,-8.0,0.0,1.0,0.0,25.0,0.0
86.0,176.4792,13.683743,84.0,19.0,0.0,0.0,100.0,-7.0,7.0,8.0,18.0,0.0,45.051243,-8.0,1.0,1.0,2.0,24.713655,2.0,4.0,0.0,82.30115,0.0
75.0,-8.0,2.0,46.42256,30.0,0.0,0.0,100.0,-7.0,7.0,8.0,30.0,7.3927484,42.0,0.0,1.0,1.0,34.917477,61.21392,3.3577247,3.0,0.0,84.80161,0.0
78.0,262.74988,36.0494,171.7178,20.0,0.0,0.0,93.0,21.983707,6.0,6.0,12.0,0.0,45.0,0.0,2.0,2.0,17.180555,-8.0,1.0,2.0,0.0,43.0,0.0
59.65255,230.25575,39.74274,168.93544,10.0,0.0,0.0,68.681656,-7.0,-9.0,6.0,6.585293,0.0,14.685268,0.0,0.0,0.0,40.164906,-8.0,6.0,1.0,0.0,88.556854,0.0
78.0,161.35672,5.848153,58.0,32.0,0.0,0.0,96.0,75.71512,6.0,6.0,31.259535,6.0,33.0,0.0,1.0,1.0,22.942825,95.937126,3.0,5.0,0.0,56.13207,0.0
90.658844,183.58798,7.971316,114.452995,8.0,0.0,0.0,100.0,-7.0,7.0,8.0,14.617601,1.0,11.173757,-7.0,0.0,0.0,5.0,-8.0,2.0,-8.0,0.0,38.0,0.0
70.0,345.1504,8.0,120.49134,43.31149,2.0,2.0,96.0,63.082085,6.0,4.0,44.537704,2.0,44.0,-7.0,0.0,0.0,70.60416,-8.0,6.703486,2.0,1.0,78.48455,0.0
66.0,304.61234,2.0,103.908264,22.0,0.0,0.0,89.0,8.694742,6.0,5.9147353,25.0,0.40697172,21.0,3.0,1.0,1.0,45.428547,84.030075,11.8222475,2.0,4.0,86.0,0.0
83.319916,177.24998,7.0,76.0,22.0,0.0,0.0,100.0,-7.0,7.0,8.0,14.532158,1.0,33.0,2.0,0.0,0.0,17.671288,-8.0,4.0,1.0,0.0,50.0,0.0
81.0,225.72646,9.0,75.0,21.0,0.0,0.0,96.0,23.616255,6.0,6.0,24.0,2.0,14.0,-7.0,1.0,1.0,13.646096,-8.0,7.0,1.0,1.0,50.0,0.0
71.0,129.85696,1.0,39.38914,6.8301606,1.0,1.0,100.0,-7.0,7.0,8.0,5.819458,3.0,9.038536,0.0,2.0,2.0,10.0,-8.0,2.0,1.0,0.0,64.07457,0.0
67.635635,137.06375,4.0,126.99248,36.0,0.0,0.0,91.0,18.905943,6.0,6.0,13.826343,2.3459268,33.641598,11.435057,0.0,0.0,16.875792,-8.0,12.912577,4.0,1.0,77.44098,0.0
85.0,113.74247,14.0,41.878265,9.0,0.0,0.0,100.0,-7.0,7.0,8.0,13.285295,0.0,56.15182,17.624018,0.0,0.0,8.0,-8.0,1.0,2.0,0.0,41.901897,0.0
83.0,257.79535,8.0,79.0,22.0,0.0,0.0,100.0,-7.0,7.0,8.0,27.0,0.0,27.867392,-7.0,0.0,0.0,2.0,75.61379,3.0,3.0,0.0,43.0,0.0
81.0,264.34402,10.977288,106.22226,42.0678,0.0,0.0,97.153854,8.971294,4.0,6.0,49.68522,0.0,37.61979,13.815403,0.0,0.0,1.0,82.0,3.0,2.0,0.0,43.0,0.0
-9.0,-9.0,-9.0,-9.0,-9.0,-9.0,-9.0,-9.0,-9.0,-9.0,-9.0,-9.0,-9.0,-9.0,-9.0,-9.0,-9.0,-9.0,-9.0,-9.0,-9.0,-9.0,-9.0,0.0
75.1593,135.96576,2.0465121,-9.0,8.0,0.0,0.0,100.0,-7.0,7.0,8.0,12.031863,2.0,11.861542,4.852568,3.0,3.0,21.026068,-8.0,3.0,1.0,0.0,50.0,0.0
83.0,170.59332,2.0,82.0,32.0,0.0,0.0,100.0,48.86458,6.0,6.0,33.39056,2.0,49.377777,0.0,18.048056,17.137506,1.0,57.705616,3.0,5.0,0.0,57.62578,0.0
57.08544,155.29512,15.81655,58.0,22.0,0.0,0.0,88.0,11.435512,6.0,6.0,20.277023,0.0,28.0,4.0,0.0,0.0,76.27811,84.011696,5.0,2.0,3.0,75.0,0.0
75.0,271.57928,9.0,76.28802,18.0,0.0,0.0,95.0,-7.0,4.0,6.0,26.0,1.6718004,24.0,8.0,1.0,1.0,20.16341,-8.0,2.0,1.0,0.0,70.083626,0.0
66.0,142.45328,26.920921,99.59636,31.0,1.0,0.0,73.7424,0.9159013,4.0,5.0,33.636246,0.0,40.0,0.0,1.0308162,1.8300945,41.806217,-8.0,6.0,1.0,0.0,56.0,0.0
84.0,296.8026,9.0,117.60863,23.0,0.0,0.0,94.0,26.534061,6.0,6.0,23.082163,1.0,39.0,0.0,1.0,1.0,8.0,91.0,4.0,2.0,0.0,67.0,0.0
68.0,199.92429,20.158726,80.0,22.0,1.0,1.0,92.89738,3.219022,0.363633,2.0,23.0,0.0,22.058943,0.0,2.0,3.0,26.807169,-8.0,2.0,3.0,1.0,36.252388,0.0
78.22753,360.25482,2.0,94.127304,39.598988,1.0,1.7800676,97.0,73.22352,6.0,3.0306451,34.65741,6.0,24.0,4.0,0.91996396,0.0,12.0,70.11804,5.0,2.0,0.0,49.201756,0.0
90.0,375.4568,55.853024,122.832184,25.001822,0.0,0.0,100.0,-7.0,7.0,8.0,28.0,0.0,22.841227,-8.0,0.0,0.0,1.0,-8.0,3.0,2.0,0.0,25.0,0.0
72.0,100.19138,7.0,-9.0,9.0,0.0,0.0,100.0,-7.0,7.0,8.0,9.835174,3.0,23.0,0.0,1.0,1.0,31.686459,-8.0,1.0,1.0,0.0,44.0,0.0
91.0,219.82164,2.0,76.00383,16.0,0.0,0.0,100.0,-7.0,7.0,8.0,20.0,2.0,10.602256,0.0,0.0,0.0,8.9178,-8.0,3.0,1.0,0.0,57.392017,0.0
81.0,268.91275,4.0,106.74038,43.152176,0.0,0.0,100.0,-7.0,7.0,8.0,44.28346,2.0,27.743896,-7.0,0.0,0.0,9.0,-8.0,4.0,5.0,0.0,37.468567,0.0
70.0,258.58414,7.0,100.0,30.0,0.0,0.0,97.0,15.751298,4.0,6.0,36.90313,1.0,49.606224,6.0,0.0,0.0,45.781883,84.84767,4.0,2.0,0.0,64.0,0.0
77.0,154.83563,2.0,79.23418,34.960247,0.0,0.0,100.0,-7.0,7.0,8.0,34.0,2.0,26.0,1.0,0.0,0.0,46.413548,50.036907,9.556131,3.0,0.1253564,85.261215,0.0
77.0,119.28124,4.0,47.42577,27.0,0.0,0.0,96.0,26.54637,6.0,6.0,28.0,2.0,26.0,0.0,1.0,1.0,1.8177168,76.1027,3.0,4.0,0.0,43.0,0.0
70.0,214.05565,3.0,102.07843,27.0,0.0,0.0,94.0,4.386084,4.70929,6.0,26.0,3.0,26.54102,3.0,1.0,1.0,40.38466,84.72993,6.0,2.0,0.0,71.0,0.0
66.19199,242.35025,11.0,86.63253,36.0,0.0,0.0,100.0,-7.0,7.0,8.0,38.713753,0.0,22.712328,2.042571,0.0,0.0,87.684105,84.03874,8.409678,5.3701344,10.59172,67.0,0.0
79.0,159.15999,8.0,66.964615,13.0,0.0,0.0,100.0,-7.0,7.0,8.0,5.874334,1.0,43.0,12.956198,0.0,0.0,47.165043,53.92621,2.0,2.0,1.0,50.0,0.0
86.0,200.62903,17.0,88.01435,24.0,0.0,0.0,100.0,-7.0,7.0,8.0,22.0,0.0,18.0,-8.0,0.0,0.0,7.0,4.891002,3.0,1.0,0.0,75.0,0.0
79.0,426.6599,14.387506,152.56613,31.0,0.0,0.0,100.0,-7.0,7.0,8.0,32.969467,0.0,40.0,0.0,0.0,0.0,40.895382,-8.0,6.0,3.0,0.0,64.0,0.0
63.0,222.16997,16.708632,105.40228,16.0,1.0,1.0,81.170105,8.251942,6.0,2.0,16.48389,0.0,27.0,0.0,2.0,2.0,43.213943,-8.0,3.0,1.0,0.0,54.93533,0.0
77.0,361.5192,7.0,80.996254,41.158615,0.0,0.0,100.0,-7.0,7.0,8.0,34.748196,2.0,17.0,0.0,0.0,0.0,1.0,-8.0,5.0,2.0,0.0,25.0,0.0
60.828014,162.02199,3.0,62.0754,11.0,0.0,0.0,83.86508,8.509404,0.0,6.0,16.89932,2.0,34.04959,-7.0,0.0,0.0,53.984673,-8.0,4.0,2.0,1.0,80.0,0.0
71.0,295.1566,4.0,104.60879,24.612215,0.9852993,1.0,100.0,48.255974,6.0,3.0,22.0,2.0,35.0,4.0,3.0,3.0,52.902576,-8.0,3.0,3.0,1.0,80.0,0.0
87.0,283.11554,9.0,102.31685,14.0,0.0,0.0,100.0,-7.0,7.0,8.0,15.0,1.0,11.927583,3.0,0.0,0.0,11.0,-8.0,2.0,-8.0,0.0,33.0,0.0
85.0,226.05182,7.0,66.80787,35.87904,0.0,0.0,100.0,-7.0,7.0,8.0,31.0,1.0,60.622074,0.0,1.0,1.0,4.2746973,-8.0,4.0,6.0,0.0,57.0,0.0
87.0,256.53482,20.0,124.41744,23.0,0.0,0.0,100.0,-7.0,7.0,8.0,26.0,0.0,18.0,7.0,0.0,0.0,2.0,-8.0,2.0,1.0,0.0,31.443253,0.0
69.0,178.06836,6.0,55.01956,24.0,0.0,0.0,85.02149,30.43288,6.0,6.0,27.268559,3.0,43.0,4.0,0.0,0.0,6.0963497,46.276314,4.0,2.0,0.0,50.0,0.0
75.883446,356.2267,2.0,79.37213,13.324552,1.0,0.0,90.97427,3.10451,4.0,5.0,15.220101,1.0,68.082214,0.0,4.0,4.0,0.0,-8.0,1.0,2.0,0.0,56.882828,0.0
86.0,320.24542,36.268726,115.70906,6.0653543,0.0,0.0,100.0,-7.0,7.0,8.0,14.0,0.0,18.526913,0.0,0.0,0.0,3.0,-8.0,3.0,2.0,0.0,100.0,0.0
69.17658,157.94524,16.568666,90.322586,7.0,1.0,1.0,100.0,-7.0,6.0,8.0,5.1882925,1.0,60.98859,-8.0,0.0,0.0,70.53458,-8.0,2.0,1.0,0.0,100.0,0.0
65.0,121.36625,24.520573,68.76689,16.0,0.0,0.0,89.36894,45.06892,6.0,6.0,19.0,0.0,56.07339,0.0,1.0,1.0,71.35496,49.692993,2.0,2.7938004,2.0,80.0,0.0
73.0,209.01971,12.909968,245.40445,14.0,1.0,0.0,90.93021,12.66486,6.0,5.0,3.8013241,1.0,25.008884,-8.0,0.0,0.0,26.383934,-8.0,2.5382462,2.0,1.0,50.0,0.0
72.0,201.24805,7.0,100.0,25.0,0.0,0.0,100.0,-7.0,6.0,6.0,26.0,1.0,50.0,0.0,1.0,1.0,64.32711,-8.0,8.0,2.0,2.0,88.0,0.0
79.0,214.8579,16.0,90.56073,39.0,0.0,0.0,100.0,-7.0,7.0,8.0,33.173237,0.0,30.0,0.0,0.0,0.0,36.276783,-8.0,3.0,1.0,1.0,33.39316,0.0
78.0,236.76776,2.0,72.0,32.0,0.0,0.0,100.0,-7.0,7.0,8.0,34.0,3.0,24.0,0.0,2.0,3.0,9.7707615,45.1008,4.0,2.0,0.0,40.7097,0.0
85.639244,445.826,2.0,143.24416,24.0,0.0,0.0,100.0,-7.0,7.0,8.0,28.0,1.0,20.0,0.0,0.0,0.0,1.0,48.618004,4.0,2.0,0.0,50.0,0.0
88.0,224.40132,30.378252,176.4839,3.0372305,0.0,0.0,100.0,-7.0,7.0,8.0,10.012159,0.0,34.992702,-7.3075247,0.0,0.0,5.0,-8.0,1.0,1.0,0.0,44.0,0.0
80.0,121.8202,48.577225,92.23861,4.2784634,0.0,0.0,82.68338,13.156437,6.0,6.0,7.1388907,0.0,54.92407,-8.0,0.0,0.0,0.0,-8.0,1.0,2.0,0.0,100.0,0.0
80.0,317.48062,4.0,90.44891,28.0,0.0,0.0,96.86869,24.115784,6.0,6.0,25.601213,2.0,16.97259,0.0,2.0,1.0,16.683352,28.57842,3.0,3.0,0.0,75.0,0.0
81.0,264.5008,8.0,95.43771,25.0,0.0,0.0,97.0,40.34567,6.0,6.0,22.187077,1.0,40.10158,0.0,3.0,2.0,11.0,88.040565,4.0,2.0,0.0,50.87677,0.0
66.0,413.3595,3.0,126.69695,30.0,0.0,0.0,88.0,24.677402,6.0,6.0,33.0,2.0,41.082947,0.0,0.0,0.0,38.81543,-8.0,7.794972,4.0,4.6828074,69.651,0.0
-9.0,389.66565,6.0,91.45538,24.429726,0.0,0.0,77.968796,3.1112943,4.0,6.0,24.280289,3.0,42.0,17.978622,0.0,0.0,48.703148,90.70685,9.0,2.0,0.0,100.0,0.0
74.6627,368.64117,6.0,86.45932,32.0,0.0,0.0,95.0,46.205425,6.0,6.0,45.79397,1.0,33.0,0.0,1.0,1.0,25.822048,76.94745,6.2516565,6.324979,0.0,83.0,0.0
66.0,56.54437,19.27409,62.5634,7.4503756,2.0,0.0,69.45791,16.177929,6.0,4.9286866,6.380831,0.0,29.0,1.0,0.0,0.0,60.390057,74.54043,2.0,2.0,1.0,72.69872,0.0
67.0,197.37857,3.0,88.535576,21.0,3.0,1.0,91.0,74.95158,6.0,3.6057417,18.0,4.0,38.0,0.0,5.350236,5.0,43.67573,70.90963,4.0,3.0,0.0,64.0,0.0
73.0,171.13803,19.545595,83.94596,15.0,1.5499172,2.0,98.0,-7.0,4.0,7.710111,18.85627,0.0,37.0,0.0,0.0,0.0,8.705381,-8.0,5.719399,2.0,0.0,86.58019,0.0
87.0,263.87796,7.0,79.55568,26.345854,0.0,0.0,100.0,-7.0,7.0,8.0,34.0,1.0,55.322506,0.0,2.0,2.0,8.528893,-8.0,2.0,-8.0,0.0,40.0,0.0
75.0,262.138,8.0,137.50288,18.0,0.0,0.0,92.0,31.246422,6.0,6.0,17.0,1.0,40.96361,-8.0,0.0,0.0,48.33898,98.02339,3.0,2.0,1.0,83.0,0.0
68.0,168.57907,3.0,87.398155,17.0,1.0,0.0,89.0,41.507835,6.0,5.0,21.325058,3.0,58.484707,-7.0,0.0,0.0,22.943829,70.8122,4.0,6.189442,0.0,84.14626,0.0
86.0,274.14386,24.852901,82.0,15.0,0.0,0.0,100.0,-7.0,7.0,8.0,14.0,0.0,34.130844,0.0,0.0,0.0,26.000845,-8.0,2.0,2.0,0.0,70.51083,0.0
56.32133,313.19626,3.0,80.0,13.0,6.102616,8.820161,93.0,22.226171,4.0,4.001548,15.0,3.0,50.0,-7.0,3.0,2.0,16.280542,71.80814,1.0,5.0,0.0,40.0,0.0
71.0,242.82706,2.0,141.93617,12.0,0.0,0.0,83.10103,13.4711,6.0,3.0,11.0,1.0,27.0,0.0,2.0,2.0,36.0,-8.0,3.0,1.0,0.0,58.0,0.0
65.636116,303.71524,4.0,93.0,24.817207,1.0,1.0,88.95426,7.6503677,4.412522,5.0,24.0,1.0,42.058548,2.0,2.0,2.0,66.76451,-8.0,5.8985105,4.0,2.0,75.0,0.0
81.0,94.24033,5.0,55.30273,13.0,0.0,0.0,89.0,66.93723,6.0,6.0,15.829503,2.0,36.0,1.0,3.0,3.0,1.0,91.0,1.0,2.0,0.0,67.0,0.0
81.0,275.62738,10.0,88.10822,39.0,0.0,0.0,96.0,67.17776,6.0,6.0,54.515736,0.0,48.92188,1.0,0.0,0.0,11.0,87.911865,6.0,8.0068655,0.7959554,67.0,0.0
59.813126,243.03867,7.0,66.32497,34.0,1.4472735,1.0,88.071846,19.582148,5.0,5.0,45.26578,3.0,22.491451,-6.3986945,2.0,2.0,56.743435,24.809704,6.0,3.0,2.0,67.0,0.0
60.299923,298.2624,6.0,150.14246,26.0,2.8462384,1.0,65.88351,4.2534547,4.0,3.0,34.0,2.0,19.729435,0.0,1.0,1.0,20.201017,-8.0,6.0,-8.0,1.0,33.0,0.0
69.0,119.01119,3.0,58.827133,21.668783,0.0,0.0,100.0,-7.0,7.0,8.0,23.0,2.0,42.0,0.0,2.0,2.0,59.73362,76.321594,2.0,4.0,1.0,67.0,0.0
-9.0,-9.0,-9.0,-9.0,-9.0,-9.0,-9.0,-9.0,-9.0,-9.0,-9.0,-9.0,-9.0,-9.0,-9.0,-9.0,-9.0,-9.0,-9.0,-9.0,-9.0,-9.0,-9.0,0.0
71.0,122.57847,4.0,-9.0,44.678505,0.0,0.0,100.0,-7.0,7.0,8.0,37.0,4.0,19.0,0.0,2.0,2.0,15.0,96.91292,7.0,4.4932117,0.0,50.0,0.0
-9.0,-9.0,-9.0,-9.0,-9.0,-9.0,-9.0,-9.0,-9.0,-9.0,-9.0,-9.0,-9.0,-9.0,-9.0,-9.0,-9.0,-9.0,-9.0,-9.0,-9.0,-9.0,-9.0,0.0
75.0,426.94275,3.0,98.52572,22.0,0.0,0.0,83.96039,12.6951475,6.0,6.0,23.0,3.0,24.0,0.7085958,3.0,2.0,9.771806,52.904427,3.0,4.0,0.0,50.0,0.0
65.14684,176.23518,8.449539,112.74537,32.396065,1.0,0.0,96.12892,21.606956,4.0,6.0,29.0,0.0,65.48101,0.0,3.0,3.0,24.497913,44.584633,3.0,3.0458467,1.0,91.9672,0.0
65.842255,195.85107,2.0,74.464226,26.0,2.0,2.772004,100.0,-7.0,4.0,8.0,31.0,3.0,23.0,0.0,2.0,2.0,56.94638,73.90994,5.527184,2.0,2.0,86.33597,0.0
82.0,205.41168,12.865833,94.0,21.0,0.0,0.0,100.0,-7.0,7.0,8.0,23.197193,0.0,34.621162,-7.0,0.0,0.0,20.232584,27.771164,5.3575296,2.0,1.0,83.0,0.0
68.0,53.70391,5.0,-9.0,15.0,0.0,0.0,100.0,-7.0,7.0,8.0,15.0,4.0,13.0,1.0,0.0,0.0,42.66077,17.66181,6.0,2.0,0.0,67.0,0.0
80.0,143.4611,3.0,44.31334,14.0,0.0,0.0,100.0,-7.0,7.0,8.0,19.0,2.0,23.876099,8.0,0.0,0.0,4.0,129.18224,3.0,3.0,0.0,59.14553,0.0
74.0,250.89517,12.0,83.91868,30.0,0.0,0.0,95.0,1.0,6.0,6.0,61.418068,1.0,33.0,1.0,2.0,2.0,10.747516,-8.0,2.0,-5.352371,0.0,33.0,0.0
59.280712,418.73743,13.262455,115.16898,34.0,0.0,0.0,91.03593,10.61555,4.0,6.0,35.0,0.0,24.329405,0.0,6.6809745,6.1852107,57.768143,29.033264,9.780703,1.0,3.0,80.0,0.0
87.0,189.16785,13.0,82.81533,18.0,0.0,0.0,100.0,-7.0,7.0,8.0,25.0,0.0,11.0,-7.0,0.0,0.0,11.0,-8.0,2.3244674,1.0,0.0,40.0,0.0
78.0,128.655,9.0,68.410416,15.0,0.0,0.0,89.0,39.999657,6.0,6.0,15.0,1.0,13.0,0.0,1.2813277,1.0,34.15788,-8.0,4.0,-8.0,0.0,56.055485,0.0
86.08873,276.54373,11.0,92.0,22.0,0.0,0.0,100.0,-7.0,7.0,8.0,25.0,1.0,29.0,1.0,1.0,1.0,1.0,-8.0,2.0,2.0,0.0,71.0,0.0
89.0,203.94792,6.0,97.0,4.001535,0.0,0.0,100.0,-7.0,7.0,8.0,9.0,1.0,18.348516,0.0,0.0,0.0,19.0,-8.0,1.0,1.0,0.0,58.0,0.0
77.0,398.29083,13.556558,81.99935,23.0,0.0,0.0,94.0,63.183647,6.0,6.0,24.0,0.0,29.119701,5.0,0.0,0.0,0.23259388,60.368977,3.0,3.0,0.0,52.488605,0.0
77.0,125.08469,5.0,50.47795,38.131218,0.0,0.0,100.0,-7.0,7.0,8.0,35.0,2.0,25.0,0.21986115,1.0,1.0,11.0,78.754654,3.0,4.0,1.0,50.0,0.0
69.87363,166.32167,5.704341,74.61577,14.0,1.0,1.0,89.20549,30.004623,6.0,5.0,11.0,3.0,47.0,7.0,1.0,1.0,8.0,35.38782,2.0,5.1394134,0.0,100.0,0.0
68.0,173.16199,2.0,74.0,45.525215,0.0,0.0,96.0,23.156439,6.0,6.0,47.666084,1.0,22.0,7.2118235,1.0,1.0,25.719376,58.106003,5.0,3.0,3.0,50.001114,0.0
70.0,264.0785,2.0,99.044014,20.0,1.0,1.0,93.0,7.7582793,4.0,5.0,25.0,2.0,42.1663,0.0,3.0,3.0,37.253517,12.66179,3.0,1.0,0.0,63.978115,0.0
80.75266,158.09816,8.0,40.528843,34.0,0.0,0.0,100.0,-7.0,7.0,8.0,32.0,2.0,28.0,0.0,0.0,0.0,12.0,82.0,2.0,2.3770757,0.0,33.0,0.0
-9.0,-9.0,-9.0,-9.0,-9.0,-9.0,-9.0,-9.0,-9.0,-9.0,-9.0,-9.0,-9.0,-9.0,-9.0,-9.0,-9.0,-9.0,-9.0,-9.0,-9.0,-9.0,-9.0,0.0
79.0,193.5126,24.38445,95.59284,18.0,1.0,1.0,100.0,-7.0,7.0,8.0,15.0,0.0,58.430283,0.0,1.0,1.0,10.0,-8.0,1.0,1.0,0.0,38.0,0.0
89.18229,280.46045,8.0,86.235886,12.7856455,0.0,0.0,100.0,-7.0,7.0,8.0,14.50556,3.0,21.262142,-8.0,0.0,0.0,0.0,-8.0,1.0,1.0,0.0,22.187338,0.0
84.905174,357.67032,38.10972,170.10645,27.0,0.0,0.0,100.0,-7.0,7.0,8.0,29.759047,0.0,44.197453,0.0,0.0,0.0,26.964216,-8.0,3.0,2.0,0.0,75.0,0.0
80.07234,185.4233,3.0,63.10289,34.27939,0.0,0.0,100.0,-7.0,7.0,8.0,30.0,2.523701,45.673103,1.0,1.0,1.0,5.0040283,71.69072,4.0,3.0,0.0,63.0,0.0
71.0,194.23036,-9.0,92.0,41.97311,0.0,0.0,95.0,32.478374,6.0,6.0,44.40265,6.0,10.169002,2.035245,0.0,0.0,19.0,-8.0,9.816836,-8.0,3.0,38.590088,0.0
77.0,170.73305,1.0,68.37234,30.0,0.0,0.0,100.0,-7.0,7.0,8.0,30.72626,5.3080063,36.762096,2.0,1.0,1.0,25.0,91.0,3.0,2.0,0.0,64.82003,0.0
56.376083,52.176224,5.0,25.350826,9.0,1.0,0.0,76.57073,21.835684,6.0,4.6523747,8.0,1.0,93.97557,0.0,0.0,0.0,0.0,78.81774,1.0,3.1024306,-8.0,100.0,0.0
73.0,145.80588,15.0,62.81751,22.958952,0.0,0.0,94.884636,64.53536,6.0,6.0,24.0,0.0,22.0,-7.0,0.0,0.0,32.848812,96.92908,6.0,2.0,0.0,82.31106,0.0
90.0,189.9985,144.72025,128.51227,9.0,0.0,0.0,100.0,-7.0,7.0,8.0,13.409796,0.0,9.940565,0.0,0.0,0.0,2.0,-8.0,-4.476368,1.0,0.0,22.547697,0.0
-9.0,190.09431,4.0,45.06666,6.0,3.0,3.9383588,28.131128,-7.0,0.0,2.8910413,9.353517,2.0,20.0,0.0,4.0,3.0,40.03834,-8.0,2.0,1.0,0.0,53.655277,0.0
83.955956,688.94666,5.0,111.71493,26.0,0.0,0.0,100.0,-7.0,7.0,8.0,28.0,4.0,40.0,0.0,1.0,1.0,1.0,85.67136,2.0,3.0,0.0,33.291298,0.0
64.60954,124.40921,20.886118,88.839455,25.0,1.0,0.051033493,86.16829,9.547977,2.8806467,5.949181,37.924103,0.0,32.998398,-7.0,0.0,0.0,59.4991,-8.0,7.0,3.0,0.0,83.0,0.0
88.0,441.85956,92.59917,197.34958,17.0,0.0,0.0,100.0,-7.0,7.0,8.0,20.0,0.0,37.0,0.0,0.0,0.0,11.0,-8.0,3.0,1.0,0.0,60.0,0.0
80.0,293.2947,10.0,97.467155,21.0,0.0,0.0,93.0,24.931986,6.0,6.0,28.445347,3.0,57.505936,20.512506,0.0,0.0,9.0,-8.0,2.0,1.0,0.0,64.517685,0.0
73.0,138.25597,2.0210285,19.648977,12.0,0.0,0.0,95.0,4.0,5.0,6.0,11.0,3.0,53.192863,6.1303306,2.0,2.0,6.7630787,100.0,2.0,2.0,0.0,50.0,0.0
90.26239,267.65695,27.214863,125.53745,18.0,0.0,0.0,100.0,-7.0,7.0,8.0,24.0,0.0,6.3124876,12.49149,0.0,0.0,4.5391607,71.31722,2.0,1.0,0.0,33.0,0.0
75.0,304.28796,3.0,122.532936,48.278778,0.0,0.0,100.0,-7.0,7.0,8.0,47.421055,2.0,25.646832,0.0,1.0,1.0,25.535957,71.821144,11.629259,3.0,1.0,57.0,0.0
77.0,369.22882,14.0,132.08525,10.982537,0.0,0.0,100.0,-7.0,7.0,8.0,12.0,0.0,7.5138097,-8.0,0.0,0.0,64.477745,13.016657,2.0,1.0,2.0,63.0,0.0
89.0,199.85928,5.0,116.23561,22.0,0.0,0.0,100.0,-7.0,7.0,8.0,5.9361777,1.0,23.0,0.0,1.0,1.0,5.0,-8.0,4.0,2.0,0.0,45.640602,0.0
91.0,423.6622,9.0,187.80486,17.699564,0.0,0.0,100.0,-7.0,7.0,8.0,21.0,1.0,22.0,-7.0,0.0,0.0,10.0,-8.0,3.0,3.0,0.0,57.0,0.0
-9.0,-9.0,-9.0,-9.0,-9.0,-9.0,-9.0,-9.0,-9.0,-9.0,-9.0,-9.0,-9.0,-9.0,-9.0,-9.0,-9.0,-9.0,-9.0,-9.0,-9.0,-9.0,-9.0,0.0
66.01113,367.34213,2.0,77.006065,40.956944,0.0,0.0,97.0,31.341751,6.0,6.0,45.018917,4.482216,25.0,0.0,3.0,2.0,21.098396,76.0,8.0,3.0,2.0,50.0,0.0
89.646904,210.5005,5.0,72.878395,14.0,0.0,0.0,100.0,-7.0,7.0,8.0,14.0,2.0,18.0,-7.0,1.0,1.0,1.0,-8.0,1.0,-8.0,0.0,-9.0,0.0
66.0,172.64494,4.0,70.0,25.0,0.0,0.0,87.35534,31.962936,6.0,6.0,28.0,2.0,24.0,3.0,2.0,2.0,15.7845745,-8.0,4.0,2.0,2.0,54.684837,0.0
89.31913,301.36923,7.0,97.43803,20.0,0.0,0.0,100.0,-7.0,7.0,8.0,22.0,2.0,52.06999,0.0,0.0,0.0,7.0,38.85164,2.0,2.0,0.0,43.0,0.0
80.0,214.69678,2.0,92.24281,33.153996,0.0,0.0,100.0,-7.0,7.0,8.0,36.950634,2.0,40.0,-7.0,0.0,0.0,42.698425,-8.0,2.0,2.0,1.0,33.0,0.0
81.0,325.48807,3.0,128.93599,14.0,0.0,0.0,100.0,-7.0,7.0,8.0,15.0,1.2586886,64.17251,0.0,1.0,1.0,56.00041,90.29841,1.0,2.0,0.0,73.0,0.0
-9.0,-9.0,-9.0,-9.0,-9.0,-9.0,-9.0,-9.0,-9.0,-9.0,-9.0,-9.0,-9.0,-9.0,-9.0,-9.0,-9.0,-9.0,-9.0,-9.0,-9.0,-9.0,-9.0,0.0
69.803444,286.83755,16.220959,116.61084,14.0,1.0,1.0,76.479294,38.38731,6.0,4.0,20.189651,0.0,28.0,-7.0,1.0,1.0,40.963116,77.621445,6.0,2.0,0.0,88.28103,0.0
71.81025,133.24529,4.0,39.441353,12.0,0.0,0.0,100.0,-7.0,7.0,8.0,17.0,1.0,33.12586,0.0,3.0,3.0,70.13633,64.62803,3.0,2.0,0.0,91.85391,0.0
80.0,230.69073,17.0,90.0,15.0,0.0,0.0,94.0,13.757764,6.0,6.0,9.0,0.0,22.0,-8.0,0.0,0.0,12.816393,-8.0,5.0,1.0,1.0,79.09223,0.0
80.413895,122.234055,17.947018,56.95942,5.473693,0.0,0.0,100.0,-7.0,7.0,8.0,3.7479827,0.0,56.73813,21.829453,0.0,0.0,0.0,58.330208,0.0,1.0,0.0,33.0,0.0
79.0,376.0441,6.0,109.576416,14.0,0.0,0.0,78.01034,4.0,6.0,4.0,15.384057,2.0,36.2049,-7.0,1.0,1.0,5.661,-8.0,2.9977853,1.0,0.0,50.0,0.0
88.99926,148.00008,9.0,91.92023,28.722044,0.0,0.0,100.0,-7.0,7.0,8.0,36.139412,1.0,25.0,0.0,2.0,2.0,1.0,-8.0,2.0,1.0,0.0,25.674858,0.0
70.0,215.87811,2.0,72.0,32.0,0.0,0.0,100.0,7.221773,2.9916575,6.0,44.64928,3.1346083,32.85673,0.0,5.0,5.542878,13.0,85.21334,5.0,1.0,0.0,80.0,0.0
71.0,176.8981,1.0,75.0,48.014282,0.0,0.0,97.0,7.864238,6.0,6.0,52.63044,2.0,33.0,1.0,1.0,1.0,43.162357,71.95789,10.422095,3.0,1.0,80.0,0.0
74.44284,98.988434,7.0,15.660929,20.0,0.0,0.0,100.0,-7.0,7.0,8.0,24.0,2.0,25.950562,17.48044,0.0,0.0,8.503754,64.81656,4.0,3.0,0.0,37.68534,0.0
81.0,455.63525,5.0,90.0,44.030018,0.0,0.0,100.0,-7.0,7.0,8.0,37.71764,1.111569,30.0,1.0,2.0,2.0,1.0,66.59412,5.0,3.0,0.0,42.118286,0.0
74.03897,157.70898,20.0,57.90131,15.0,0.0,0.0,94.0,22.644194,6.0,6.0,16.45809,0.0,17.0,0.0,2.0,2.0,26.76679,-8.0,6.0,1.0,1.589143,60.0,0.0
68.0,226.56139,3.0,109.205,13.0,2.0,1.0,82.26458,23.660795,6.0,4.7718186,16.0,2.0,25.0,-7.0,1.0,1.0,30.183855,-8.0,6.0,1.0,1.0,100.0,0.0
89.0,373.27655,4.0,107.653076,12.0,0.0,0.0,100.0,-7.0,7.0,8.0,19.0,1.0,20.0,0.0,0.0,0.0,3.0,62.46696,4.0,1.0,0.0,64.21408,0.0
82.0,158.8665,2.0,84.0,32.0,0.0,0.0,100.0,-7.0,7.0,8.0,6.6100283,2.0,17.29748,-7.0,0.0,0.0,9.0,91.0,5.9775767,2.0,0.0,34.23989,0.0
90.911354,180.63565,4.0,92.75104,28.0,0.0,0.0,100.0,-7.0,7.0,8.0,41.856976,3.0,18.0,16.0,0.0,0.0,4.5723996,-8.0,2.0,-9.0,0.0,20.186111,0.0
68.0,152.84401,2.0,59.369595,32.0,0.0,0.0,100.0,-7.0,7.0,8.0,27.844685,2.0,12.3441,2.0,1.0,1.0,62.61719,-8.0,5.0,-8.0,5.045898,47.141426,0.0
81.0,-9.0,3.0,41.995457,11.0,0.0,0.0,100.0,-7.0,7.0,8.0,3.993272,2.0,46.13212,-7.0,0.0,0.0,25.0,84.82052,1.0,3.0,0.0,80.0,0.0
72.0,165.69711,4.0,56.817436,27.949503,0.0,0.0,100.0,-7.0,7.0,8.0,26.650513,1.0,9.852745,0.0,2.0,2.0,47.276325,-8.0,7.0,2.0,2.0,53.643955,0.0
72.017166,137.06895,2.0,40.13114,25.0,0.0,0.0,100.0,-7.0,7.0,8.0,23.750385,4.0,49.320892,10.625531,1.0,1.0,57.73782,100.0,3.0,2.0,1.0,77.16482,0.0
75.0,139.25087,7.3309255,94.38819,19.0,0.0,0.0,94.62172,9.535465,4.0,6.0,18.0,1.0,46.0,-7.0,2.0,2.0,16.853369,82.11034,3.0,3.0,0.0,64.0,0.0
89.0,360.93527,25.72223,149.43571,16.0,0.0,0.0,100.0,-7.0,7.0,8.0,17.0,0.0,23.450075,0.0,0.0,0.0,5.0,-8.0,3.0,1.0,0.0,56.115208,0.0
84.0,273.405,1.0,115.26757,29.0,0.0,0.0,100.0,-7.0,7.0,8.0,31.0,2.0,33.932602,0.0,2.0,2.0,0.0,91.0,2.0,1.0,0.0,25.0,0.0
85.0,171.25583,8.0,73.36313,22.0,0.0,0.0,96.72067,65.50868,6.0,6.0,22.0,1.0,61.5418,3.0,1.0,0.0,10.0,93.1047,1.0,4.0,0.0,50.0,0.0
78.0,310.89273,8.0,108.56621,24.0,0.0,0.0,100.0,-7.0,7.0,8.0,32.0,2.0,20.0,0.0,1.0,1.0,4.319341,45.200367,5.555089,2.0,0.0,57.0,0.0
82.0,-1.6180264,2.0,46.52835,14.0,0.0,0.0,100.0,-7.0,7.0,8.0,18.0,1.7998666,14.574686,0.0,2.0,2.0,15.257608,-8.0,2.0,1.0,1.0,38.74625,0.0
75.0,187.29454,2.0,63.971653,43.611267,0.0,0.0,98.0,22.055157,6.0,6.0,44.047714,5.0,23.664318,6.0,0.0,0.0,23.080605,58.711643,6.0,3.0,0.0,50.0,0.0
66.579,83.52608,3.0,42.314995,36.806557,0.0,0.0,100.0,-7.0,7.0,8.0,31.0,9.936122,21.0,9.664617,1.0,1.0,54.852997,74.85948,11.0,5.0,1.0,75.612114,0.0
68.96936,145.86671,11.0,88.82588,30.0,0.0,0.0,100.0,-7.0,7.0,8.0,31.144182,2.0,50.0,1.0,2.0,2.0,59.86983,83.28948,6.0,3.0,2.0,75.0,0.0
73.0,127.67446,5.0,70.31277,26.47105,0.0,0.0,100.0,-7.0,7.0,8.0,31.0,5.5875683,33.0,0.0,2.0,1.0,53.10887,92.40789,5.0,5.9207845,2.0,79.232925,0.0
86.0,189.77934,10.0,96.47131,14.783031,1.0,0.0,90.760605,43.72312,6.0,3.0126674,18.0,1.0,38.0,-7.0,0.0,0.0,0.20097141,99.3584,-9.0,3.0,0.0,38.722893,0.0
77.0,131.18657,10.0,54.70574,21.0,0.0,0.0,100.0,-7.0,7.0,8.0,20.0,2.0,30.874174,5.0,0.0,0.0,22.993324,-8.0,2.0,1.0,1.0,40.430435,0.0
84.0,422.42456,4.0,231.05391,22.0,0.0,0.0,100.0,-7.0,6.0,8.0,28.0,2.0,27.0,4.0,1.0,1.0,0.0,20.665697,3.0,1.0,0.0,33.572254,0.0
87.0,437.54565,64.682755,307.36874,22.0,0.0,0.0,100.0,-7.0,7.0,8.0,25.630566,0.0,33.0,3.0,2.0,1.0,14.000503,-8.0,3.0,1.0,0.0,46.685043,0.0
75.0,281.55014,18.170532,124.85221,23.0,0.0,0.0,97.0,26.923742,6.0,6.0,25.13732,0.0,20.0,15.868461,0.0,0.0,33.280132,59.69002,11.0,2.0,1.0,73.0,0.0
84.0,245.66263,1.0,81.0,36.0,0.0,0.0,100.0,38.216755,6.0,6.0,39.996696,3.0,13.46383,0.0,3.0,3.0,6.0,86.175285,5.0,2.0,0.0,50.0,0.0
89.82184,190.48842,10.0,137.50383,10.0,0.0,0.0,100.0,-7.0,7.0,8.0,13.980332,1.0,14.865497,-8.0,0.0,0.0,11.0,-8.0,1.0,1.0,0.0,33.0,0.0
87.0,232.88419,8.987657,105.49379,28.0,0.0,0.0,100.0,-7.0,7.0,8.0,38.0,1.0,18.0,13.886141,0.0,0.0,9.0,-8.0,1.0,1.0,0.0,-9.0,0.0
73.0,306.08408,3.0,67.0,20.0,0.0,0.0,94.0,18.41942,6.0,6.0,22.0,1.0,29.0,0.0,3.0,3.0,26.405607,-8.0,3.0,3.0,0.0,85.96189,0.0
76.0,381.5881,2.0,132.83232,48.633778,0.0,0.0,100.0,-7.0,7.0,8.0,49.92429,1.0,19.590757,0.0,1.0,1.0,28.0,73.66523,11.0,2.0,2.8816538,40.903057,0.0
62.182964,376.06482,7.315045,112.15991,17.263342,1.1641046,0.0,74.53537,4.0,4.0,3.193307,24.591885,1.0,30.0,0.0,0.0,0.0,29.075865,79.49341,4.0,2.0,1.0,43.309303,0.0
80.84137,182.59029,3.0,68.98199,28.0,0.0,0.0,100.0,-7.0,7.0,8.0,29.0,2.0,43.0,3.0,0.0,0.0,7.0,85.26578,4.0,5.7100353,0.0,75.0,0.0
71.0,152.09286,2.0,62.994,49.000187,0.0,0.0,100.0,-7.0,7.0,8.0,57.582363,6.0,72.26138,-8.0,1.0,1.0,42.864765,84.01058,2.0,21.616655,1.0,75.0,0.0
86.0,332.54257,49.862408,114.49291,16.00977,0.0,0.0,100.0,-7.0,7.0,8.0,23.0,0.0,26.170816,0.0,3.0,3.2484412,9.86532,-8.0,1.0,-8.0,0.0,33.0,0.0
83.0,342.97687,9.0,117.323044,28.0,0.0,0.0,96.0,-8.992664,6.0,6.0,25.297943,1.0,16.40419,7.0440993,0.0,0.0,21.441833,-8.0,2.0,2.0,0.0,49.14336,0.0
59.22244,235.58961,5.9485,94.04698,18.0,6.306439,5.5760694,70.34695,16.936893,3.4072504,4.0,26.0,1.0,44.675804,0.0,5.0,5.0,2.0,-8.0,2.0,-9.0,0.0,12.4196005,0.0
76.0,207.87068,18.080765,157.17331,29.802498,0.0,0.0,100.0,-7.0,7.0,8.0,34.45351,0.0,55.50272,0.0,2.0,2.0,70.718094,-8.0,3.0,1.0,0.0,69.81556,0.0
85.0,147.91103,5.0,58.0,17.0,0.0,0.0,100.0,-7.0,7.0,8.0,19.0,2.0,14.0,7.0,0.0,0.0,17.109028,51.57134,4.009934,2.0,0.0,56.28448,0.0
71.0,171.51567,6.0,47.29192,25.0,1.0,0.0,97.0,61.162647,6.0,5.941446,32.0,2.0,33.0,-7.0,3.0,3.0,11.607017,29.374704,2.0,2.0,0.0,45.74273,0.0
77.0,260.94128,8.0,81.44026,20.0,0.0,0.0,100.0,-7.0,7.0,8.0,19.0,3.0,35.125782,0.0,1.0,1.0,21.382996,62.725765,4.0,2.0,1.0,79.588554,0.0
78.8261,157.82826,4.0,67.0,23.270689,0.0,0.0,100.0,-7.0,7.0,8.0,24.0,1.0,33.0,0.0,3.8674877,4.0,39.650734,49.70614,3.0,2.0,0.0,63.0,0.0
83.0,255.4089,7.0,79.309265,9.0,0.0,0.0,100.0,-7.0,7.0,8.0,7.0,2.0,64.088715,0.0,0.0,0.0,31.265945,97.252075,1.0,2.0,0.0,50.0,0.0
89.0,213.71675,8.0,63.0,9.0,0.0,0.0,100.0,-7.0,7.0,8.0,10.0,0.0,18.859924,2.0,1.0360364,2.0,4.4480367,48.898945,2.0,1.0,0.0,71.0,0.0
87.0,178.33838,2.8170574,62.881947,27.0,0.0,0.0,100.0,-7.0,7.0,8.0,25.758211,2.0,44.78552,4.0,1.0,1.0,3.0,53.120773,3.0,4.0,0.0,44.0,0.0
61.160866,232.9176,56.45913,157.00526,7.397278,2.0,2.2077973,85.21584,13.312329,4.0,4.0,11.0,0.0,30.74559,-7.0,1.0,1.0,4.088257,-8.0,2.0,-8.0,0.0,90.02478,0.0
61.708084,153.45782,5.0,75.03233,15.004685,0.0,0.0,85.852455,-7.0,0.0,6.0,16.0,1.0,21.0,1.0,1.0,1.0,65.85643,67.07162,9.0,2.0,4.0,91.56335,0.0
86.0,238.61618,4.0,100.0,23.476347,0.0,0.0,96.50139,62.59119,6.0,6.0,24.0,1.0,22.0,-7.0,0.0,0.0,1.0,-8.0,3.1854258,-8.0,0.0,71.0,0.0
86.0,230.8808,27.656153,104.7275,12.0,0.0,0.0,93.980774,35.84262,6.0,6.0,13.745577,0.0,23.0,-8.0,0.0,0.0,2.0,-8.0,2.0,1.0,0.0,41.17769,0.0
86.0,151.3285,1.0,68.64865,21.0,0.0,0.0,100.0,-7.0,7.0,8.0,23.0,2.0,6.688031,-7.0,0.0,0.0,2.0,83.49465,3.0,1.8081342,0.0,60.0,0.0
72.0,316.98563,1.3094964,78.99111,30.0,0.0,0.0,100.0,-7.0,7.0,8.0,28.0,2.0,20.0,0.0,0.0,0.0,51.4459,95.27229,4.0,2.0,3.0,40.0,0.0
89.56217,288.9489,2.0,100.0,27.148605,0.0,0.0,100.0,-7.0,7.0,8.0,45.997242,1.0,15.0,1.0,2.0,2.0,0.0,78.902,1.0,1.0,0.0,-9.0,0.0
68.0,264.3345,32.58308,81.0,45.142826,0.0,0.0,100.0,3.775176,4.0,6.0,69.505226,0.0,35.0,5.0,1.0,1.0,47.596058,-8.0,2.0,2.0,2.0491555,57.0,0.0
87.0,169.53091,3.0,100.0,15.0,0.0,0.0,100.0,-7.0,7.0,8.0,19.0,1.0,33.908634,0.0,0.0,0.0,4.9591417,-8.0,4.0,1.0,0.0,75.0,0.0
79.0,265.1212,6.0,105.60584,30.0,0.0,0.0,97.0,48.381325,6.0,6.0,32.582764,2.0,8.154572,4.0,1.0,1.0,15.318851,-8.0,3.0,1.0,0.0,50.0,0.0
67.28462,170.24988,16.0,123.95326,36.0,0.0,0.0,95.0,1.0,6.0,6.0,28.0,0.0,31.346344,0.0,0.0,0.0,85.730446,-8.0,9.740105,2.0,5.3981776,94.41489,0.0
87.0,381.95236,16.0,149.74622,14.028558,0.0,0.0,100.0,-7.0,7.0,8.0,15.0,0.0,25.0,0.0,0.0,0.0,8.0,99.53164,1.4213091,3.0,0.0,50.0,0.0
80.0,374.13657,19.946379,158.73447,24.0,0.0,0.0,100.0,-7.0,7.0,8.0,28.0,1.0,25.751165,-7.0,0.0,0.0,35.133327,-8.0,6.0,2.0,1.0,60.0,0.0
-9.0,-9.0,-9.0,-9.0,-9.0,-9.0,-9.0,-9.0,-9.0,-9.0,-9.0,-9.0,-9.0,-9.0,-9.0,-9.0,-9.0,-9.0,-9.0,-9.0,-9.0,-9.0,-9.0,0.0
83.0,147.6676,7.0,70.0,33.0,0.0,0.0,100.0,-7.0,7.0,8.0,31.0,2.0,38.051075,1.8377931,0.0,0.0,11.01759,-8.0,2.0,2.0,0.0,44.0,0.0
84.0,228.96579,4.0,58.0,21.0,0.0,0.0,100.0,-7.0,7.0,8.0,21.0,2.0,25.0,1.0,2.0,2.0,1.0,51.834778,1.0,1.0,0.0,28.027443,0.0
92.89337,253.10402,21.689339,126.42905,17.0,0.0,0.0,100.0,-7.0,7.0,8.0,23.0,0.0,33.0,-8.0,0.0,0.0,2.0,48.724792,2.0,2.0,0.0,56.461544,0.0
59.393852,148.83694,2.0,92.0,-9.0,2.0,1.0,65.66586,38.32195,6.0,6.0,11.503016,2.7975278,26.608904,0.0,0.0,0.0,91.78812,-8.0,2.0,1.0,1.0,100.0,0.0
68.0,238.23543,-9.0,110.04444,30.496449,0.0,0.0,93.21231,18.056717,4.0,6.0,37.0,3.0,19.0,16.0,0.12907597,0.0,37.190952,-8.0,11.0,1.0,1.0,63.112595,0.0
82.337654,134.07753,7.0,61.0,16.0,2.0,0.0,90.18331,72.81515,6.0,5.0,19.0,2.0,35.0,7.0,0.0,0.0,5.57277,39.38571,2.0,2.0,0.0,42.064194,0.0
79.06732,377.2793,2.0,127.58458,10.341293,0.0,0.0,83.64671,15.916928,6.0,6.0,19.0,2.0,47.0,11.483539,0.0,0.0,22.927485,82.26243,4.0,2.0,0.0,76.69643,0.0
76.0,139.13275,3.0,40.747623,24.0,0.0,0.0,100.0,-7.0,7.0,8.0,31.0,9.555471,24.0,0.0,1.0,1.0,11.0,90.03318,6.0,2.0,0.0,57.0,0.0
69.0,250.69629,15.0,127.10572,20.0,0.0,0.0,89.08381,7.9811945,6.0,6.0,20.0,0.0,40.266785,0.84460706,4.0,4.0,33.86945,-8.0,2.0,1.0,0.0,35.752068,0.0
62.17492,101.5606,6.0,62.74576,9.436808,2.0,0.0,64.82316,3.0,4.0,2.9552898,14.0,1.0,62.864456,1.0,1.0,1.0,13.0,70.68719,1.0,2.0,0.0,71.0,0.0
66.07248,191.26024,4.0,72.0,14.0,0.0,0.0,86.96814,-7.0,-9.0,6.0,15.0,2.0,36.139893,0.0,2.0,2.0,46.12294,66.4081,4.0,2.0,0.0,80.0,0.0
77.0,22.007599,3.0,61.38665,11.0,0.0,0.0,100.0,-7.0,7.0,8.0,-9.0,2.0,36.342022,0.0,1.0,1.0,32.417076,150.21529,1.0,2.0,0.0,75.0,0.0
72.0,106.23133,17.0,80.60292,24.0,0.0,0.0,96.85954,-7.0,4.0,6.0,14.0,0.0,45.0,-8.0,0.0,0.0,29.63514,88.481674,4.0,3.0,0.0,100.0,0.0
66.18053,163.67578,5.0,71.234604,28.0,1.0,0.0,95.0,13.357718,6.0,5.954715,37.0,2.0,54.78969,0.0,0.0,0.0,38.851555,-8.0,4.0,3.0,1.0,63.0,0.0
88.14304,281.16592,7.0,100.14673,38.384174,0.0,0.0,100.0,-7.0,7.0,8.0,46.791935,0.0,15.926951,-7.0,0.0,0.0,1.0,-8.0,2.0,1.0,0.0,25.588894,0.0
78.0,148.30368,4.0,62.76775,40.055218,0.0,0.0,95.0,37.78107,6.0,6.0,31.0,2.0,50.0,9.603941,0.0,0.0,15.0,-8.0,5.0,2.0,0.0,56.0,0.0
82.0,147.44376,6.0,74.0,23.374659,0.0,0.0,100.0,-7.0,7.0,8.0,27.0,2.0,25.875595,0.0,0.0,0.0,7.0,13.932084,2.0,4.0,1.0,43.0,0.0
88.0,173.99344,64.03849,128.8219,13.492525,0.0,0.0,100.0,-7.0,7.0,8.0,9.0,0.0,33.0,-9.0,0.0,0.0,15.0,-8.0,4.0,1.0,0.0,80.0,0.0
72.78929,491.1926,10.71405,150.06616,14.310485,0.0,0.0,82.80271,51.839153,6.0,6.0,15.665077,1.0,35.0,22.233994,0.0,0.0,40.95471,-8.0,2.0,1.0,0.0,43.0,0.0
87.0,231.78807,15.0,115.341484,12.060075,0.0,0.0,100.0,-7.0,7.0,8.0,18.0,0.0,62.919704,0.0,1.0,1.0,17.545986,92.00362,1.0,2.0,0.0,80.0,0.0
75.0,281.98932,2.0,88.18557,27.0,2.0,0.0,89.279945,44.644928,6.0,4.0,31.0,4.086831,41.98461,2.0,2.31211,2.0,17.0,91.70896,2.0,12.980446,0.0,64.0,0.0
75.0,173.81912,3.0,92.78177,29.0,1.0,0.0,95.0,21.28129,6.0,5.0,30.0,2.0,35.75713,0.0,0.0,0.0,9.393736,43.62418,3.0,3.0,0.0,62.503036,0.0
91.0,332.54117,4.0,93.934654,37.17785,0.0,0.0,100.0,-7.0,7.0,8.0,42.55987,2.0,45.0,2.0,1.0,1.0,0.0,67.715416,1.0,5.0,0.0,50.0,0.0
73.70561,128.27332,2.0,61.266937,18.0,0.0,0.0,100.0,-7.0,7.0,8.0,16.0,3.0,30.0,0.0,0.0,0.0,38.94304,58.255215,6.0,2.0,1.0,67.0,0.0
80.0,159.7935,6.0,62.963757,41.60937,0.0,0.0,100.0,-7.0,7.0,8.0,43.42156,3.0,17.0,0.0,1.0,0.0,7.5233808,82.84744,6.194871,3.0,0.0,44.0,0.0
-9.0,-9.0,-9.0,-9.0,-9.0,-9.0,-9.0,-9.0,-9.0,-9.0,-9.0,-9.0,-9.0,-9.0,-9.0,-9.0,-9.0,-9.0,-9.0,-9.0,-9.0,-9.0,-9.0,0.0
69.0,167.53152,1.139169,54.827564,17.0,1.0,0.0,95.0,39.913403,6.0,3.0,19.0,2.0,50.0,0.0,1.0,1.0,57.540276,78.10896,4.0,6.7104855,1.0,85.4335,0.0
74.0,177.24992,2.0,78.85415,32.0,0.0,0.0,96.63912,6.5867796,6.0,6.0,35.064007,3.0,23.0,0.0,4.595194,5.2146516,17.50773,93.0,2.0,3.0,0.0,50.0,0.0
78.0,120.58192,1.0,57.69674,17.0,0.0,0.0,100.0,-7.0,7.0,8.0,23.0,3.0,17.0,0.0,2.0,2.0,40.95291,-8.0,2.0,1.0,1.0,25.281425,0.0
80.0,395.45724,2.0425026,85.53054,22.0,0.0,0.0,100.0,-7.0,7.0,8.0,27.0,2.0,29.0,2.0,1.0,1.0,19.0,-8.0,4.0,3.0,0.0,65.12825,0.0
71.16853,89.06125,2.0,5.388055,4.345241,0.0,0.0,100.0,-7.0,7.0,8.0,3.989853,2.0,3.8731158,-2.9450448,0.0,0.0,17.0,-8.0,1.0,1.0,0.0,56.261974,0.0
34.949993,268.81946,8.0,75.0,42.58196,0.0,0.0,90.0,38.813843,6.0,6.0,47.430176,3.8690057,28.721539,18.726597,0.0,0.0,70.23095,71.35634,11.472012,2.0,6.1003413,86.69761,0.0
82.0,223.54494,-9.0,90.0,25.0,0.0,0.0,100.0,-7.0,6.0,6.0,30.0,4.7625976,38.0,0.0,1.0,0.0,1.0,100.0,3.0,2.0,0.0,57.0,0.0
82.0,159.56866,2.0,57.66635,39.0,0.0,0.0,100.0,-7.0,7.0,8.0,51.314934,2.0,45.0,-7.0,2.0,1.0,8.0,95.55689,4.0,4.0,0.0,64.27881,0.0
89.0,376.60498,5.0,156.4557,19.0,0.0,0.0,100.0,-7.0,7.0,8.0,15.783834,1.0,29.0,-7.0,0.0,0.0,0.8311051,73.23316,2.0,3.0,0.0,50.0,0.0
79.0,219.35493,14.0,112.27405,25.0,3.0,2.0,93.0,69.478195,6.0,2.0,26.693655,0.0,57.282047,0.0,1.0063678,1.0,0.0,92.85136,0.037642054,3.0,0.0,40.0,0.0
84.0,68.72361,6.0,51.214405,26.778234,0.0,0.0,100.0,-7.0,7.0,8.0,24.683271,2.0,25.0,8.0,0.0,0.0,3.0,-8.0,1.0,2.0,0.0,37.39076,0.0
76.0,190.06752,4.0,83.0,33.401535,0.0,0.0,100.0,-7.0,7.0,8.0,32.45043,3.0,19.0,0.0,2.0,2.0,31.362558,82.0,3.0,2.0,1.0,44.0,0.0
69.0,139.52083,6.0,72.33207,14.0,2.0,0.0,75.95709,10.703424,6.0,5.0,16.0,1.0,36.0,2.3667076,1.0,1.0,0.44375104,-8.0,1.0,1.0,0.0,21.62099,0.0
-9.0,-9.0,-9.0,-9.0,-9.0,-9.0,-9.0,-9.0,-9.0,-9.0,-9.0,-9.0,-9.0,-9.0,-9.0,-9.0,-9.0,-9.0,-9.0,-9.0,-9.0,-9.0,-9.0,0.0
90.0,254.01697,8.0,128.43593,26.0,0.0,0.0,100.0,-7.0,7.0,8.0,21.637424,2.0,15.711896,-7.0,0.0,0.0,1.0,-8.0,3.0,1.0,0.0,22.508108,0.0
89.0,436.01135,24.28724,114.88487,20.0,0.0,0.0,100.0,-7.0,7.0,8.0,20.0,0.0,54.794735,-7.0,0.0,0.0,4.8608427,-8.0,2.0,3.0,0.0,67.0,0.0
88.0,183.81876,31.608952,128.96306,12.0,0.0,0.0,100.0,-7.0,7.0,8.0,9.069104,0.0,12.460059,0.0,1.0,1.0,7.896168,-8.0,3.0,-8.0,0.0,40.534874,0.0
81.0,108.92282,4.0,52.26873,-9.0,0.0,0.0,100.0,-7.0,7.0,8.0,2.06128,1.0,37.0,0.0,0.0,0.0,25.0,-8.0,2.0,-8.0,0.0,50.0,0.0
81.0,159.73943,11.0,83.0,13.0,0.0,0.0,90.0,46.703896,6.0,6.0,11.0,1.0,68.73393,-7.0,0.0,0.0,19.071138,70.18079,1.0,1.0,0.0,57.0,0.0
87.0,139.69008,10.648099,69.63706,21.891418,0.0,0.0,100.0,-7.0,7.0,8.0,24.0,1.0,47.32518,2.0,2.0,1.9739739,1.0,-8.0,0.0,2.0,0.0,20.853823,0.0
80.0,289.53958,2.0,87.98204,19.0,0.0,0.0,100.0,-7.0,7.0,8.0,28.0,1.0,41.0,0.0,2.0,2.0,21.0,98.607216,4.0,2.0,0.0,67.0,0.0
69.0,288.326,13.0,126.40661,40.015762,0.0,0.0,100.0,-7.0,7.0,8.0,45.533707,0.0,38.556625,5.0,0.0,0.0,65.67946,-8.0,10.777694,3.9936755,4.874711,75.0,0.0
75.0,269.14627,2.5847676,86.90672,27.0,0.0,0.0,100.0,-7.0,7.0,8.0,26.0,4.0,42.75142,5.0,1.0,1.0,44.51906,-8.0,8.0,5.0,0.0,93.6697,0.0
-9.0,-9.0,-9.0,-9.0,-9.0,-9.0,-9.0,-9.0,-9.0,-9.0,-9.0,-9.0,-9.0,-9.0,-9.0,-9.0,-9.0,-9.0,-9.0,-9.0,-9.0,-9.0,-9.0,0.0
61.757053,347.35388,5.0,92.95815,47.160816,0.0,0.0,92.6047,10.8826885,6.0,6.0,52.698624,3.0,37.55774,6.310734,0.0,0.0,35.410645,84.029434,10.194353,2.0,3.0,50.0,0.0
83.63401,135.45784,3.0569499,92.0,13.0,0.0,0.0,100.0,-7.0,7.0,8.0,12.0,3.0,34.84857,5.0,2.0,2.0,0.0,82.0,0.0,2.0,0.0,56.009125,0.0
78.0,317.10477,23.094774,150.24994,16.0,0.0,0.0,96.0,2.2402878,4.0,6.0,19.0,0.0,20.37389,0.0,1.0,1.0,23.642523,-8.0,4.0,1.0,0.0,48.033497,0.0
74.0,36.695644,2.0,56.966343,14.0,0.0,0.0,100.0,-7.0,7.0,8.0,11.596398,5.0,18.77711,12.0,1.0,1.0,41.372047,80.03424,5.0,2.0,2.0,62.56314,0.0
-9.0,-9.0,-9.0,-9.0,-9.0,-9.0,-9.0,-9.0,-9.0,-9.0,-9.0,-9.0,-9.0,-9.0,-9.0,-9.0,-9.0,-9.0,-9.0,-9.0,-9.0,-9.0,-9.0,0.0
74.55,181.58162,26.49533,101.05004,22.0,0.0,0.0,94.0,61.405952,6.0,6.0,19.59451,0.0,70.69083,16.0,1.0,1.0,32.0,70.04759,3.0,2.0,0.0,80.0,0.0
78.0,215.7646,5.0,60.675934,31.0,0.0,0.0,100.0,-7.0,7.0,8.0,35.0,3.0,36.293686,-7.0,0.0,0.0,46.718315,66.90602,3.0,2.0,1.0,50.0,0.0
87.0,416.89822,11.0,74.338455,22.069809,0.0,0.0,100.0,-7.0,7.0,8.0,31.0,0.0,36.0,0.0,2.2649515,2.0,4.386304,76.25865,2.0,2.0,0.0,36.712467,0.0
85.919586,339.842,6.3086,103.26824,20.0,0.0,0.0,100.0,-7.0,7.0,8.0,23.0,2.0,42.832874,0.0,2.0,2.0,15.795551,96.606514,3.0,4.0,0.0,71.115074,0.0
-9.0,-9.0,-9.0,-9.0,-9.0,-9.0,-9.0,-9.0,-9.0,-9.0,-9.0,-9.0,-9.0,-9.0,-9.0,-9.0,-9.0,-9.0,-9.0,-9.0,-9.0,-9.0,-9.0,0.0
64.0,117.59201,1.0,79.0,17.41623,0.0,0.0,100.0,-7.0,7.0,8.0,12.0,4.0,30.0,-7.0,4.0,3.5718272,51.521477,75.9921,5.0,2.0,3.0,73.0,0.0
86.0,200.64987,12.0,80.56669,13.133804,0.0,0.0,94.0,51.35342,6.0,6.0,18.537645,0.0,59.948948,0.0,1.0,1.0,2.0,76.169304,2.0,4.0,0.0,86.67586,0.0
70.0,190.47017,3.0,73.739075,21.913979,0.0,0.0,87.64837,14.943487,5.0,6.0,23.0,2.0,40.0,2.0,0.0,0.0,34.923588,88.61608,5.0,6.145951,1.0,80.381744,0.0
-9.0,152.11539,4.0,73.58178,20.0,1.0,0.0,85.936615,-7.0,-9.0,6.0,23.552578,2.0,50.0,10.308109,0.0,0.0,66.78471,-8.0,3.0,1.0,2.0,100.0,0.0
-9.0,-9.0,-9.0,-9.0,-9.0,-9.0,-9.0,-9.0,-9.0,-9.0,-9.0,-9.0,-9.0,-9.0,-9.0,0.0,-9.0,-9.0,-9.0,-9.0,-9.0,-9.0,-9.0,0.0
84.0,158.2625,6.6993856,86.0,30.0,0.0,0.0,100.0,13.112827,6.0,5.7700496,34.0,0.0,16.769175,3.0,1.6529717,1.0,4.3022947,-8.0,4.0,2.0,0.0,33.0,0.0
83.0,239.69604,4.0,87.35379,3.26347,0.0,0.0,100.0,-7.0,7.0,8.0,15.0,3.0,56.354897,3.0,1.0,1.0,16.017748,-8.0,3.0,1.0,1.0,80.73406,0.0
82.0,177.56761,8.0,72.0,13.0,1.0,0.0,90.0,52.246017,6.0,5.0,13.057273,0.0,31.0,0.0,0.0,0.0,1.0,99.08014,1.5222453,2.0,0.0,36.282143,0.0
88.26128,198.48195,18.463978,94.0,26.0,0.0,0.0,100.0,-7.0,7.0,8.0,25.0,0.0,24.0,-1.5182736,0.0,0.0,6.0,59.814335,2.0,1.0,0.0,50.0,0.0
86.14888,176.02106,8.0,64.149895,21.0,0.0,0.0,96.0,-8.376058,6.0,6.0,24.0,1.9842962,88.06582,16.89058,0.0,0.0,10.0,98.308075,1.6013633,2.0,0.0,79.70068,0.0
-9.0,-9.0,-9.0,-9.0,-9.0,-9.0,-9.0,-9.0,-9.0,-9.0,-9.0,-9.0,-9.0,-9.0,-9.0,-9.0,-9.0,-9.0,-9.0,-9.0,-9.0,-9.0,-9.0,0.0
82.0,198.20721,7.0,77.0,16.0,0.0,0.0,100.0,-7.0,7.0,8.0,13.0,2.0,20.0,0.0,0.0,0.0,15.0,71.0,6.0,2.0,0.0,64.0,0.0
84.86961,111.59519,2.0,66.56472,24.0,0.0,0.0,100.0,-7.0,7.0,8.0,27.0,1.0,33.0,1.0,1.0,0.18748026,12.763611,57.793625,3.0,3.0,0.0,53.440216,0.0
72.0,111.93245,17.0,74.0,8.402132,0.0,0.0,94.0,48.379456,6.0,6.0,7.205207,0.0,32.16054,-7.0,1.9631948,1.0,63.201195,-8.0,1.8348033,1.0,0.0,78.63533,0.0
71.85153,278.05164,16.0,90.81722,12.0,1.2061391,1.0,87.404816,28.04688,6.0,3.0,11.0,0.0,52.920864,0.0,0.0,0.0,65.27404,-8.0,2.0,1.0,0.0,59.673885,0.0
82.0,123.432304,7.0,63.98998,12.0,0.0,0.0,100.0,-7.0,7.0,8.0,11.123048,2.0,43.0,0.0,0.0,0.0,38.826786,53.765175,2.0,1.0,0.0,75.0,0.0
80.0,307.48004,10.0,79.0,26.0,0.0,0.0,100.0,-7.0,7.0,8.0,29.461592,0.0,25.0,3.0,0.0,0.0,1.0,88.42176,2.0,1.0,0.0,67.0,0.0
80.0,129.79771,17.0,81.0,19.847342,0.0,0.0,100.0,-7.0,7.0,8.0,23.0,0.0,39.0,0.0,0.0,0.0,37.761356,84.14186,1.0,3.0,0.0,50.0,0.0
64.19703,151.01878,3.0197904,39.589302,14.0,2.0,2.0,94.0129,4.0,4.0,6.0,16.383127,2.0,50.0,0.0,0.0,0.0,60.073948,96.89134,2.0,3.0,0.0,84.95551,0.0
64.0,233.28807,4.0,63.98622,16.927292,8.193791,2.0932221,55.325394,47.665283,6.0,-9.0,27.0,4.0,37.872738,0.0,2.7766142,2.0,7.90682,39.15872,1.0,1.0,0.0,33.0,0.0
79.0,315.61942,3.0,93.0,50.985897,0.0,0.0,100.0,-7.0,7.0,8.0,61.840893,2.0,24.0,2.2436254,0.0,0.0,8.0,-8.0,5.0,2.0,1.0,42.166374,0.0
-9.0,-9.0,-9.0,-9.0,-9.0,-9.0,-9.0,-9.0,-9.0,-9.0,-9.0,-9.0,-9.0,-9.0,-9.0,-9.0,-9.0,-9.0,-9.0,-9.0,-9.0,-9.0,-9.0,0.0
83.22939,162.43463,9.0,65.95247,27.0,0.0,0.0,100.0,-7.0,7.0,8.0,24.0,1.1804808,28.0,0.0,0.0,0.0,0.0,-8.0,1.7074361,2.0,0.0,30.576939,0.0
87.0,194.16502,7.0,66.77416,10.0,0.0,0.0,100.0,-7.0,7.0,8.0,14.0,3.0,20.0,3.0,1.0,1.0,1.0,82.63657,2.0,2.0,0.0,45.498188,0.0
83.0,204.99472,3.0,84.43546,27.89532,0.0,0.0,100.0,-7.0,7.0,8.0,28.549519,3.0,27.0,19.334995,0.0,0.0,14.581921,99.01438,2.0,2.0,0.0,52.910954,0.0
79.0,202.75851,27.705105,96.823685,15.7458,0.0,0.0,100.0,-7.0,7.0,8.0,25.141876,0.0,45.0,0.0,1.0,1.0,2.0,-8.0,1.0,2.0,0.0,50.0,0.0
82.0,211.174,37.943573,76.0,9.858814,0.0,0.0,100.0,-7.0,7.0,8.0,12.0,0.0,46.0,1.0,0.0,0.0,32.0,-8.0,1.0,1.0,1.0,82.31951,0.0
75.0,46.805084,2.0,61.919346,7.676422,1.0,0.0,88.0,36.516804,6.0,3.0,10.887902,2.0,50.746384,0.0,2.0,1.0,2.0,98.9807,1.0,2.0,0.0,75.0,0.0
81.0,85.69214,-1.2092994,35.310753,18.0,0.0,0.0,100.0,-7.0,7.0,8.0,25.0,5.0,15.3790655,0.0,2.9267797,2.0,1.0,70.017166,1.0,2.0,0.0,35.64909,0.0
73.76755,109.64177,3.0,58.81225,10.398645,1.4424111,1.0,92.73086,80.87654,6.0,4.439376,14.0,2.0,32.33611,0.0,2.0,2.0,4.0,93.119736,2.0,2.0,0.0,62.806282,0.0
72.0,161.36533,35.69758,95.73738,7.0,1.0,0.0,81.9608,24.62243,6.0,5.0,8.0,0.0,22.417665,0.0,1.0,1.0,47.237526,-8.0,2.0,2.0,0.0,83.0,0.0
84.0,229.59465,3.0,77.0,27.181255,0.0,0.0,100.0,77.56906,6.0,6.0,29.750612,2.0199656,50.0,0.0,2.0,3.0,29.688944,88.0,2.0,4.0,0.0,64.0,0.0
63.0,415.12354,27.631895,159.18059,14.0,0.0,0.0,92.0,1.0,4.0,6.0,17.0,0.0,33.0,0.0,0.0,0.0,50.06697,-8.0,6.287511,1.0,1.0,80.0,0.0
73.0,99.96965,6.0,52.12921,9.155747,0.0,0.0,92.0,13.047138,6.0,6.0,8.417332,1.0,62.785343,1.0,0.0,0.0,4.57128,-8.0,1.0,1.0,0.0,91.31033,0.0
85.0,401.51746,20.0,115.27403,22.0,0.0,0.0,100.0,-7.0,7.0,8.0,21.577454,0.0,22.0,0.0,0.0,0.0,13.0,69.16978,7.0,1.0,0.0,53.630768,0.0
70.89085,173.52097,7.0,87.02466,20.0,1.0,0.0,76.6891,4.0,6.0,5.0,21.0,1.289773,25.0,-7.0,1.0,1.0,0.0,-8.0,1.0,2.0,0.0,33.0,0.0
77.0,238.78772,6.0,100.0,40.972767,1.0,0.0,94.0,39.85868,6.0,2.0,39.350018,3.0,36.0,0.13049349,2.0,2.0,8.0,51.920593,3.0,4.0,0.0,50.0,0.0
84.66611,226.88965,10.0,81.025375,15.0,0.0,0.0,100.0,-7.0,7.0,8.0,20.0,1.0,38.0,0.0,0.0,0.0,25.342524,70.921715,2.0,3.0,0.0,67.0,0.0
81.0,148.81822,6.0,125.835434,17.0,0.0,0.0,97.111916,4.318334,6.0,6.0,15.0,1.0,68.20815,-7.0,1.0,1.0,1.0,-8.0,1.0,3.0,0.0,73.0,0.0
83.0,181.9386,3.0,67.20646,23.0,0.0,0.0,100.0,-7.0,7.0,8.0,28.0,3.0,55.63969,0.94722,1.0,1.0,45.452805,83.56057,0.100515604,3.0,0.0,77.88063,0.0
72.37974,233.06561,9.0,103.65562,24.109629,1.5313671,0.0,89.0,29.88502,6.0,3.6588368,26.0,1.0,44.0,0.0,0.0,0.0,51.887623,-8.0,4.0,3.0,3.0,58.0,0.0
77.0,416.83435,73.34987,191.20738,8.560039,0.0,0.0,87.08188,35.62281,6.0,6.0,15.637117,0.0,34.823063,0.0,0.0,0.0,32.83288,-8.0,3.0,1.0,0.0,90.50033,0.0
82.0,285.72995,2.0,72.0,28.0,0.0,0.0,100.0,-7.0,7.0,8.0,30.0,2.0,50.0,23.926514,0.0,0.0,35.97827,63.214344,2.0,3.0,1.0,55.34886,0.0
-9.0,-9.0,-9.0,-9.0,-9.0,-9.0,-9.0,-9.0,-9.0,-9.0,-9.0,-9.0,-9.0,-9.0,-9.0,-9.0,-9.0,-9.0,-9.0,-9.0,-9.0,-9.0,-9.0,0.0
75.0,156.60776,11.0,79.08568,30.0,0.0,0.0,100.0,-7.0,7.0,8.0,28.0,1.0,47.0,1.0,0.0,0.0,55.5133,13.061682,4.0,1.0,1.0,50.0,0.0
86.328354,151.07086,13.727235,79.0,11.0,0.0,0.0,100.0,-7.0,7.0,8.0,18.0,0.0,54.050762,2.0,1.0,1.0,9.566745,87.15755,1.0,2.0,0.0,50.0,0.0
84.0,277.44037,3.0,123.12143,29.0,0.0,0.0,100.0,-7.0,7.0,8.0,19.0,3.0,40.0,-7.0,2.0,2.0,15.0,82.0,3.0,5.0,0.0,56.997215,0.0
87.0,196.64522,8.0,88.08558,23.0,0.0,0.0,100.0,-7.0,7.0,8.0,25.0,1.0,22.513802,0.0,3.0,3.0,0.0,52.271313,0.0,2.0,0.0,23.96649,0.0
81.633224,272.06693,5.0,99.922386,25.0,0.0,0.0,100.0,-7.0,7.0,8.0,25.0,4.696951,33.0,5.6500516,3.0,3.4366138,28.836922,93.177605,3.0,2.0,0.0,67.0,0.0
-9.0,-9.0,-9.0,-9.0,-9.0,-9.0,-9.0,-9.0,-9.0,-9.0,-9.0,-9.0,-9.0,-9.0,-9.0,-9.0,-9.0,-9.0,-9.0,-9.0,-9.0,-9.0,-9.0,0.0
73.0,253.5036,4.0,61.28851,18.0,0.0,0.0,100.0,-7.0,7.0,8.0,23.0,4.0,30.0,-7.0,0.0,0.0,11.0,95.97461,4.0,3.0,0.0,89.211075,0.0
62.092007,191.22414,1.0,54.72957,40.01993,0.0,0.0,92.0,6.7977176,6.0,6.0,46.25104,10.7831745,49.132195,-7.0,4.0,4.0,28.0,49.580196,3.0,5.0,1.0,60.0,0.0
76.0,241.54152,17.0,88.18857,21.246544,0.0,0.0,100.0,-7.0,7.0,8.0,32.0,0.0,31.895979,1.0,0.0,0.0,34.583878,58.239346,4.0,3.0,1.0,50.0,0.0
71.0,76.6416,3.0,55.673603,19.0,2.0,0.0,97.0,78.24239,6.0,2.9343066,11.0,4.0,55.173264,0.0,4.0,4.0,13.166913,93.80239,3.0,2.0,0.0,56.814247,0.0
80.841255,233.55151,27.13069,91.774315,23.0,0.0,0.0,97.0,18.585955,4.0,6.0,23.448278,0.0,45.08084,0.0,2.0,1.0,3.6529481,72.89349,5.0,4.0,0.0,64.0,0.0
60.336937,220.5919,28.24108,97.0,18.0,1.0,0.0,9.533492,-0.548524,-9.0,5.0,22.422205,0.0,24.073915,0.0,0.0,0.0,36.0,-8.0,7.0,1.0,1.0,100.0,0.0
76.0,139.29987,7.0,64.08428,20.0,0.0,0.0,100.0,-7.0,7.0,8.0,20.586548,2.0,60.529766,1.0,0.0,0.0,69.54128,45.76145,2.0,4.0,1.0,90.94805,0.0
89.97626,232.08235,3.0,99.06992,27.570236,0.0,0.0,100.0,-7.0,7.0,8.0,27.777222,2.0,22.0,-8.0,2.0,1.0,0.0,-8.0,2.0,-8.193312,0.0,30.07782,0.0
91.12851,159.98001,2.0,120.68528,12.0,0.0,0.0,100.0,-7.0,7.0,8.0,11.0,0.0,19.0,0.0,1.0,1.0,0.0,-8.0,1.0,1.0,0.0,41.08577,0.0
88.0,225.0637,11.0,94.41059,21.0,0.0,0.0,100.0,-7.0,7.0,8.0,21.0,0.0,39.543255,0.0,2.0,1.0,0.5037958,-8.0,2.0,2.0,0.0,51.4273,0.0
68.0,115.56616,8.743136,34.608112,16.0,1.0,0.0,77.65678,24.49563,6.0,3.749783,17.0,1.0,33.0,-7.0,0.0,0.0,51.476448,-8.0,2.0,2.0,1.4127686,50.0,0.0
82.0,291.42218,2.0,110.15515,28.600708,0.0,0.0,100.0,-7.0,7.0,8.0,26.0,1.0,13.851525,0.0,0.0,0.0,32.472664,-8.0,5.0,1.0,1.0,68.47728,0.0
88.0,368.17953,14.418186,92.0,28.0,0.0,0.0,100.0,-7.0,7.0,8.0,28.0,0.0,43.741047,21.734646,0.0,0.0,8.0,61.692898,2.0,3.0,0.0,69.85662,0.0
84.4072,232.86256,2.0,69.111565,30.0,0.0,0.0,100.0,-7.0,7.0,8.0,32.46894,3.0,31.0,4.8414903,1.0,1.0,1.0,87.20846,2.0,2.0,0.0,43.0,0.0
85.0,121.819534,4.0,103.51898,30.0,0.0,0.0,100.0,-7.0,7.0,8.0,-9.0,2.0,-9.0,0.0,1.0,1.0,13.203468,44.86863,6.0,1.0,0.0,33.0,0.0
64.0,147.20695,19.811035,68.0,13.0,2.5453384,2.4994383,100.0,-7.0,6.0,8.0,15.0,0.0,11.0352335,4.0,1.0,1.0,32.04578,38.57877,4.0,1.0,0.0,62.43765,0.0
84.0,294.97397,27.009827,136.75491,21.038078,0.0,0.0,100.0,-7.0,7.0,8.0,24.425,0.0,32.726616,4.0,0.78649557,0.0,25.0,-8.0,5.0,2.0,0.0,64.71377,0.0
79.0,139.02809,32.417465,103.49075,16.0,0.0,0.0,100.0,-7.0,7.0,8.0,19.0,0.0,44.90182,0.0,0.0,0.0,39.440865,9.3847885,3.0,2.0,0.0,75.0,0.0
77.53337,376.01123,1.0,100.75612,22.665089,0.0,0.0,97.0,31.753801,6.0,6.0,24.357944,2.0,21.0,0.0,2.5905025,2.0,32.0,-8.0,6.0,1.0,1.0,52.889812,0.0
56.53724,470.77554,6.0,94.0,23.0,0.0,0.0,82.55707,1.5336902,4.0,6.0,22.0,1.0,24.0,0.0,2.0,1.0,32.979748,100.0,5.0,2.0,1.0,44.67701,0.0
87.420944,211.67735,1.564801,63.0,24.935719,0.0,0.0,100.0,-7.0,7.0,8.0,24.0,4.0,57.685104,6.815801,0.0,0.0,11.0,54.6866,2.0,2.0,0.0,50.0,0.0
-9.0,-9.0,-9.0,-9.0,-9.0,-9.0,-9.0,-9.0,-9.0,-9.0,-9.0,-9.0,-9.0,-9.0,-9.0,-9.0,-9.0,-9.0,-9.0,-9.0,-9.0,-9.0,-9.0,0.0
89.0,384.20294,8.756712,163.63698,22.0,0.0,0.0,100.0,-7.0,7.0,8.0,30.0,1.0,14.208406,3.0,0.0,0.0,2.0,-8.0,4.0,1.0,0.0,43.0,0.0
85.0,225.50568,3.0,104.03693,33.0,0.0,0.0,100.0,-7.0,6.0,6.0,29.0,2.0,25.0,0.0,0.07394444,0.0,4.0,44.256783,4.0,2.0,0.0,56.0,0.0
79.0,360.70694,4.0,134.57625,22.0,0.0,0.0,99.60796,74.27555,6.0,6.0,25.0,2.0,28.532078,0.0,1.0,0.0,29.523844,96.03168,4.0,4.0,0.0,65.6118,0.0
84.0,165.30586,2.0,91.06593,20.0,0.0,0.0,100.0,-7.0,7.0,8.0,24.832722,1.0,37.0,0.0,3.0,3.0,8.0,-8.0,5.0,1.0,0.0,77.863396,0.0
69.77362,162.15936,31.310738,90.6396,9.0,3.0,2.0,78.91443,35.539665,6.0,2.0,9.407375,0.0,41.30544,7.0,0.0,0.0,49.314953,-8.0,2.0,1.0,1.0,51.678955,0.0
87.0,241.77599,35.430035,124.43193,12.051191,0.0,0.0,97.0,-8.0,6.0,6.0,16.0,0.0,38.495056,0.0,0.0,0.0,23.520561,-8.0,1.2108848,1.0,0.0,67.0,0.0
84.0,382.47498,4.0,69.575615,18.0,0.0,0.0,100.0,-7.0,7.0,8.0,18.0,1.0,25.0,0.0,0.0,0.0,11.0,57.324368,2.0,2.0,0.0,67.0,0.0
90.2245,479.4571,17.487324,237.37265,16.0,0.0,0.0,100.0,-7.0,7.0,8.0,15.0,0.0,-9.0,0.0,1.0,1.0,3.0,-8.0,5.0,1.0,0.0,53.192524,0.0
83.24438,185.37303,6.0,82.0,17.0,0.0,0.0,100.0,-7.0,7.0,8.0,24.0,2.0,35.0,4.0,1.0,1.0,4.0,-8.0,4.0,1.0,0.0,100.0,0.0
68.81972,89.79522,16.0,17.777025,5.275021,0.0,0.0,100.0,-7.0,7.0,8.0,7.0,0.0,35.0,0.0,0.0,0.0,59.419754,84.02378,3.0,2.0,2.0,70.0,0.0
66.70311,296.46817,2.0,87.13483,14.0,3.0,2.2315521,78.19937,33.139347,6.0,2.0,21.0,3.0,21.678888,6.0,1.0,1.0,2.0,94.805305,1.0,2.0,0.0,33.0,0.0
66.066444,177.75824,2.0,68.80647,13.0,2.0,1.1600062,100.0,-7.0,6.0,8.0,12.0,2.0,40.62215,0.0,3.4468849,3.139019,25.0,11.080714,2.0,1.0,0.0,63.0,0.0
89.0,285.22513,34.738155,145.08374,7.450349,0.0,0.0,100.0,-7.0,7.0,8.0,12.3408575,0.0,2.0883062,-7.0,0.0,0.0,1.9110132,-8.0,1.0,1.0,0.0,52.950413,0.0
67.0,130.98912,8.0,50.55362,12.0,0.0,0.0,93.46777,20.66488,0.98978555,6.0,12.0,2.0,19.0,-7.0,5.0,5.2661715,8.0,57.79366,4.0,2.0,0.0,73.63958,0.0
75.0,205.09932,7.0,88.0799,57.36957,0.0,0.0,100.0,3.511947,6.0,6.0,46.187378,1.0,42.0,-7.0,0.0,0.0,54.662968,61.730892,4.0,5.6022334,1.0,78.0,0.0
70.90551,73.40911,-9.0,58.0,31.780678,0.0,0.0,100.0,-7.0,7.0,8.0,25.0,3.0,27.50535,0.0,3.8719041,3.76315,54.33063,64.16818,4.0,3.0,2.853718,60.0,0.0
68.0,193.88957,10.0,65.382576,28.0,0.0,0.0,86.057846,35.940426,6.0,6.0,37.0,0.0,29.0,1.0,3.0,3.0,77.74428,-8.0,2.0,2.0,1.0,83.18964,0.0
67.0,153.57501,3.0,32.544773,23.0,0.0,0.0,100.0,-7.0,7.0,8.0,26.0,5.0,64.240166,1.0,1.9047936,1.0,58.14274,84.56948,4.0,7.7992177,1.0,100.0,0.0
66.0,238.98146,7.0,81.0,24.0,2.0,1.0,79.11278,29.601973,6.0,4.89651,22.0,2.0,41.0,0.0,0.0,0.0,35.877014,56.262154,6.0,3.0,0.0,75.91299,0.0
87.0,221.08662,7.0,122.57786,10.0,0.0,0.0,100.0,-7.0,7.0,8.0,11.6963,1.0,20.90696,-8.0,0.0,0.0,10.242486,-8.0,2.0,1.0,0.0,57.0,0.0
88.0,178.57724,4.0,87.08799,18.0,0.0,0.0,100.0,-7.0,7.0,8.0,14.60511,1.0,53.39366,3.2249963,1.0,1.0,1.0,64.40358,2.0,1.0,0.0,52.936962,0.0
-9.0,-9.0,-9.0,-9.0,-9.0,-9.0,-9.0,-9.0,-9.0,-9.0,-9.0,-9.0,-9.0,-9.0,-9.0,-9.0,-9.0,-9.0,-9.0,-9.0,-9.0,-9.0,-9.0,0.0
89.0,207.14024,25.0311,104.98979,14.0,0.0,0.0,100.0,-7.0,7.0,8.0,14.660262,0.0,40.0,-8.0,0.0,0.0,1.0,-8.0,4.0,2.0,0.0,71.07299,0.0
85.0,302.5306,4.0,67.0,30.417057,0.0,0.0,100.0,-7.0,7.0,8.0,33.0,2.0,33.4867,4.0,2.0,2.0,1.0,-8.0,1.0,2.0,0.0,25.0,0.0
86.74238,189.4155,1.0,81.43861,22.0,0.0,0.0,95.0,68.22828,6.0,6.0,29.0,3.0,18.0,0.0,2.0,2.0,8.299862,-8.0,3.0,1.0,0.0,31.144365,0.0
76.0,149.5648,3.0,106.21017,31.0,0.0,0.0,92.25046,18.262215,6.0,6.0,3.9823382,1.0,17.0,4.0,0.0,0.0,8.656616,-8.0,2.0,1.0,0.0,22.338915,0.0
70.0,209.17078,2.0,57.95682,27.0,1.0,1.0,93.0,38.702538,6.0,5.0,29.0,4.0,18.0,3.0,5.0,4.2817826,7.0,-8.0,4.0,1.0,0.0,47.20845,0.0
64.04605,250.79645,38.648262,123.33304,16.0,2.0,0.0,72.47405,6.0,6.0,3.0,28.662563,0.0,38.0,0.0,2.0,1.7983497,65.37818,-8.0,6.0,3.0,2.0,100.0,0.0
72.0063,206.44026,3.8982852,60.656586,22.0,0.0,0.0,100.0,-7.0,7.0,8.0,21.542925,4.0,14.1486845,23.332932,0.0,0.0,53.34793,-8.0,3.0,1.0,1.0,47.743214,0.0
68.0,107.96006,8.0,69.404854,20.282383,0.0,0.0,82.75539,22.72025,4.0,6.0,25.0,2.0,25.803732,0.0,2.0,2.0,66.253395,80.0,6.0,2.0,0.0,80.0,0.0
-9.0,-9.0,-9.0,-9.0,-9.0,-9.0,-9.0,-9.0,-9.0,-9.0,-9.0,-9.0,-9.0,-9.0,-9.0,-9.0,-9.0,-9.0,-9.0,-9.0,-9.0,-9.0,-9.0,0.0
63.0,245.919,8.831962,84.0,19.0,3.6476796,3.7699502,83.19783,44.530136,6.0,2.0,24.617722,1.0,65.137276,0.0,0.0,0.0,59.12125,55.588463,3.6584504,4.0,0.0,100.0,0.0
70.507614,241.41797,2.0,101.89168,35.995167,0.0,0.0,98.0,33.73248,6.0,6.0,44.34007,5.9005117,32.252056,-7.0,3.0,3.0,17.0,-8.0,7.8225026,2.0,2.0,50.0,0.0
65.0,82.350235,5.7724934,63.290607,10.275809,2.3585086,1.0,68.45862,30.640427,6.0,3.0,12.0,1.0,16.704762,0.0,2.30239,2.0,42.66646,-8.0,3.0,-8.0,0.0,50.0,0.0
75.0,185.75958,-9.0,70.0,40.182037,0.0,0.0,95.42216,-7.0,0.88539207,6.0,48.520023,7.995115,17.0,0.0,2.0,2.0,13.781674,76.35896,10.851656,2.0,0.0,50.0,0.0
71.0,279.83075,13.0,131.64816,11.915506,0.0,0.0,69.84251,24.851814,6.0,5.0,12.0,0.0,39.0,0.0,0.0,0.0,81.41145,-8.0,3.0,1.0,0.0,100.0,0.0
86.0,390.81467,8.0834875,183.1249,14.0,0.0,0.0,100.0,-7.0,7.0,8.0,15.0,1.0,38.232815,-8.0,0.0,0.0,7.0,-8.0,3.0,2.0,0.0,63.0,0.0
84.0,175.5866,2.0,116.41378,28.0,0.0,0.0,95.0,39.66356,6.0,6.0,31.0,1.0,14.0,1.0,1.0,1.0,2.0,60.27798,3.0,1.0,0.0,43.0,0.0
79.46918,146.4615,5.0,61.662464,25.0,0.0,0.0,100.0,-7.0,7.0,8.0,24.0,3.0,33.0,0.0,2.1385856,2.0,3.0,94.08285,4.0,3.0,0.0,54.90704,0.0
80.0,291.90094,17.0,115.6132,20.0,0.0,0.0,100.0,-7.0,7.0,8.0,19.0,0.0,18.0,2.0,1.0,1.0,21.962467,-8.0,6.0,1.0,0.0,67.0,0.0
85.0,445.35245,3.0,119.52008,37.013767,0.0,0.0,100.0,-7.0,7.0,8.0,34.665516,1.0,15.051479,16.0,0.0,0.0,3.0,-8.0,3.0,1.0,0.0,30.744581,0.0
73.0,199.14403,4.0,141.83078,28.0,0.0,0.0,90.93823,10.653185,6.0,6.0,29.33227,1.0,11.0,4.7582273,1.0,1.0,10.0,43.407887,7.0,2.0,0.0,37.92971,0.0
84.0,287.53992,3.0,77.0,41.894188,0.0,0.0,100.0,-7.0,7.0,8.0,35.715378,3.0,24.0,0.0,1.0,1.0,2.0,41.909172,4.0,2.0,0.0,44.0,0.0
73.0,225.66928,3.0,64.91298,29.0,0.0,0.0,95.362335,11.800564,5.704848,6.0,31.0,4.0,26.037014,0.0,4.0,4.0,8.0,78.947044,1.0,2.0,0.0,37.078037,0.0
74.16911,222.31737,3.0,128.10748,36.0,0.0,0.0,100.0,-7.0,7.0,8.0,11.142638,1.0,25.0,0.0,4.0,2.0,32.58598,84.010445,9.0,2.0,1.0,51.249176,0.0
84.0,383.72226,1.0,137.75743,21.0,0.0,0.0,100.0,-7.0,7.0,8.0,17.780071,0.076862544,36.0,20.762798,0.0,0.0,51.344322,10.443262,3.0,3.0,2.0,80.0,0.0
63.958008,255.96977,1.298991,66.47154,20.0,0.0,0.0,97.0,4.0,5.5677805,6.0,22.968796,3.0,41.007164,1.0,5.0,4.3963256,38.970802,75.586586,4.0,3.0,1.0,56.0,0.0
81.067,140.92715,5.0,54.80532,14.0,0.0,0.0,100.0,-7.0,7.0,8.0,15.0,1.0,29.510015,0.0,4.0,4.0,0.0,-8.0,1.0,2.0,0.0,33.0,0.0
74.0,117.65069,4.0,45.59845,13.0,0.0,0.0,89.11011,46.210915,6.0,5.219781,11.0,3.0,52.29511,0.0,2.0,1.0,41.767624,99.4272,3.0,2.0,0.0,100.0,0.0
70.0,123.73453,5.0,24.361963,17.0,0.0,0.0,92.57861,4.7814116,4.0,6.0,22.0,0.0,18.0,0.0,1.0,1.0,21.0,-8.0,9.0,1.0,1.0,89.008835,0.0
76.0,118.26792,1.0,76.0,41.346687,0.0,0.0,95.0,29.221375,6.0,6.0,12.330658,3.0,19.822983,0.0,2.0,2.0,9.0,32.040325,4.0,2.0,0.0,32.032658,0.0
76.0,35.992958,2.0,45.17746,16.0,0.0,0.0,100.0,-7.0,7.0,8.0,19.0,2.0,15.0,0.0,1.0,1.0,36.32562,-8.0,2.0,1.0,0.0,50.0,0.0
76.573746,191.00673,4.0,62.533768,12.0,0.0,0.0,100.0,-7.0,7.0,8.0,11.0,1.0,23.0,0.0,1.0,1.0,28.0,37.83009,2.0,3.0,2.0,75.0,0.0
82.0,118.31643,3.0,83.76783,9.0,0.0,0.0,100.0,-7.0,7.0,8.0,9.0,1.0,34.859573,0.0,0.0,0.0,32.0,-8.0,2.0,1.0,1.0,78.57084,0.0
-9.0,-9.0,-9.0,-9.0,-9.0,-9.0,-9.0,-9.0,-9.0,-9.0,-9.0,-9.0,-9.0,-9.0,-9.0,-9.0,-9.0,-9.0,-9.0,-9.0,-9.0,-9.0,-9.0,0.0
90.0,247.70343,8.0,149.18353,17.0,0.0,0.0,100.0,-7.0,7.0,8.0,21.0,1.0,27.0,16.153608,0.0,0.0,2.0,-8.0,3.0,-6.416924,0.0,50.0,0.0
84.0,457.2384,6.0,100.0,29.0,0.0,0.0,100.0,-7.0,7.0,8.0,37.0,1.0,29.665638,0.0,2.781451,3.0,11.0,66.40136,4.0,2.0,0.0,77.11221,0.0
80.26857,173.57881,8.0,98.221306,34.87532,0.0,0.0,100.0,-7.0,7.0,8.0,-9.0,2.0,33.0,21.314888,0.0,0.0,6.0,-8.0,2.0,4.0,0.0,70.0,0.0
84.76696,188.92719,2.0,59.071968,8.0,0.0,0.0,100.0,-7.0,6.0,8.0,10.385975,2.0,29.513742,8.449197,0.0,0.0,2.0,73.895775,1.0,2.0,0.0,50.0,0.0
87.0,271.01468,177.80066,147.27057,13.0,0.0,0.0,100.0,-7.0,7.0,8.0,15.0,0.0,31.0,0.0,0.0,0.0,4.504608,-8.0,1.0,-8.0,0.0,36.16532,0.0
83.0,152.78413,32.449493,115.03969,19.0,0.0,0.0,94.0,47.799004,6.0,6.0,10.0,0.0,20.0,21.676584,0.0,0.0,10.0,-8.0,5.448698,2.0,0.0,50.0,0.0
84.89752,173.05394,8.0,84.0,20.0,0.0,0.0,100.0,-7.0,7.0,8.0,13.0,1.1889889,55.842655,23.320442,0.0,0.0,9.428103,66.81395,3.0,3.0,0.0,75.0,0.0
83.0,324.8172,4.0,138.67554,20.0,0.0,0.0,100.0,-7.0,7.0,8.0,15.0,2.0,46.480263,-7.0,2.0,1.0,20.067554,-8.0,5.0,-8.0,0.0,80.0,0.0
66.0,214.96503,-9.0,93.0,26.0,0.0,0.0,92.53834,14.676768,6.0,6.0,30.571203,4.0,47.0,0.0,0.0,0.0,91.16665,84.55187,6.0,6.0,3.0,83.48186,0.0
75.0,212.85788,7.0,104.091286,19.042295,2.0,2.0,90.40014,57.11994,6.0,4.0,20.0,1.0,50.0,0.0,2.0,1.0358623,23.527554,93.0,3.0,8.1078205,0.0,82.41783,0.0
77.0,376.2933,6.0,99.89799,7.7292476,0.0,0.0,84.157486,39.522408,6.0,6.0,15.0,1.0,11.000428,0.0,1.0,1.0,44.82565,70.48515,2.0,1.0,1.0,83.51106,0.0
65.0,170.6871,23.75869,71.23057,15.066356,0.0,0.0,83.67897,7.0658937,6.0,6.0,17.0,0.0,17.0,0.0,0.0,0.0,37.353016,-8.0,4.0,-8.0,2.0,44.0,0.0
87.0,367.16666,8.0,92.0,27.0,0.0,0.0,100.0,-7.0,7.0,8.0,23.0,1.0,19.0,16.199713,0.0,0.0,3.0,80.0,4.0,2.0,0.0,49.66504,0.0
69.0,175.69196,3.0,69.40934,27.0,1.0955387,2.0,89.0,23.590164,6.0,5.0,34.0,4.0,47.0,-7.0,1.0,0.24274847,40.880768,82.0,2.0,3.0,0.0,70.063805,0.0
77.0,146.57616,15.0,79.0,21.0,0.0,0.0,100.0,-7.0,7.0,8.0,26.0,0.0,25.0,11.711975,0.0,0.0,33.420525,79.03716,4.0,2.0,1.0,67.0,0.0
78.0,105.118355,3.0,21.990408,14.0,0.0,0.0,100.0,-7.0,7.0,8.0,17.0,3.0,11.176238,0.0,1.0,1.0,2.4595966,-8.0,3.0,1.0,0.0,83.0,0.0
68.0,206.89958,3.0,133.04742,16.0,1.7483401,0.0,84.16019,36.117336,6.0,2.0,23.0,3.0,5.7462373,5.3638406,1.0,1.0,51.0014,-8.0,9.0,1.0,3.0,80.0,0.0
75.58105,231.8839,15.0,67.75274,13.0,0.0,0.0,100.0,-7.0,7.0,8.0,13.0,0.0,19.0,0.0,2.0,2.0,27.86533,-8.0,2.0,1.0,0.0,42.40817,0.0
68.0,153.0155,7.0,100.64348,10.96111,0.0,1.0,85.97329,5.769921,4.0,5.0,13.0,1.0,14.0,0.0,1.0,1.0,88.98852,-8.0,4.0,1.0,2.0,67.77001,0.0
75.0,191.15262,4.0,76.0,32.0,0.0,0.0,89.665596,52.53247,6.0,6.0,33.672405,1.0,50.0,3.0,3.0,3.0,1.0,57.234627,3.0,18.434595,0.0,70.0,0.0
69.0,135.48314,3.0,77.0,33.0,0.0,0.0,97.0,-7.0,4.0,6.0,34.0,2.0,36.0,9.056681,1.0,1.0,22.951328,97.14015,5.8803635,5.0,0.0,67.0,0.0
71.0,56.00866,14.048374,66.6932,-9.0,0.0,0.0,90.0,66.35668,6.0,6.0,1.8226801,0.0,99.98875,16.0,0.0,0.0,-9.0,72.76962,-9.0,2.0,-9.0,100.0,0.0
85.0,80.58467,8.674122,76.0,15.0,0.0,0.0,100.0,-7.0,7.0,8.0,18.0,2.0,24.0,0.0,0.0,0.0,4.0,44.282948,3.0,1.0,0.0,55.897053,0.0
79.0,299.7927,11.0,125.99027,24.323267,0.0,0.0,100.0,-7.0,7.0,8.0,24.0,0.0,12.637595,2.6586037,0.0,0.0,31.016624,84.006325,7.0,2.0,3.0,54.73474,0.0
87.0,162.76173,6.0,90.05136,13.0,0.0,0.0,100.0,-7.0,7.0,8.0,14.0,1.0,38.0,0.0,2.0,1.4447056,0.16315164,33.237083,1.0,2.0,0.0,66.89682,0.0
62.0,99.62831,1.0,46.861584,9.735539,0.13270661,0.0,71.14663,3.5396764,4.0,5.9985256,9.958567,1.0,25.0,12.194172,0.0,0.0,47.517807,79.09754,3.0,2.0,1.0,69.73078,0.0
74.0,316.01926,8.0,133.61685,28.0,0.0,0.0,95.0,23.103724,6.0,6.0,31.0,1.0,20.610426,-7.0,0.0,0.0,36.0,88.0,10.758683,1.0,0.0,63.0,0.0
83.0,86.3569,4.0,64.220276,25.205143,0.0,0.0,100.0,-7.0,7.0,8.0,16.249426,2.0,56.384235,1.0,2.0,2.0,0.0,-8.0,2.0,3.0,0.0,75.0,0.0
87.0,155.53557,3.0,77.0,21.0,0.0,0.0,100.0,-7.0,7.0,8.0,7.0,2.0,11.877269,6.770007,0.0,0.0,2.0,-8.0,2.0,1.0,0.0,38.0,0.0
73.0,299.5753,20.0,125.52382,28.471292,0.0,0.0,94.66752,36.61157,6.0,6.0,28.0,0.93544185,30.0,0.0,1.0,1.0,53.046066,86.22807,6.9229455,4.0,2.0,75.0,0.0
-9.0,100.39712,3.2658792,-9.0,-9.0,0.0,0.0,69.5986,2.3064551,4.0,5.0,4.5510736,2.0,38.0,0.0,0.0,0.0,46.52205,91.0,2.0,2.0,1.0,80.0,0.0
81.0,308.66434,7.0,76.6328,40.450134,0.0,0.0,94.03324,58.166225,6.0,6.0,37.0,3.0,22.0,2.0,2.0,1.0,13.100387,90.45465,6.0,3.0,0.0,44.0,0.0
-9.0,-9.0,-9.0,-9.0,-9.0,-9.0,-9.0,-9.0,-9.0,-9.0,-9.0,-9.0,-9.0,-9.0,-9.0,-9.0,-9.0,-9.0,-9.0,-9.0,-9.0,-9.0,-9.0,0.0
77.0,190.77364,2.0,76.87172,40.263233,0.0,0.0,96.0,61.59469,6.0,6.0,58.75961,4.080646,20.308643,1.0,3.0,3.0,18.676582,83.48224,5.0,4.0,2.0,45.443413,0.0
70.0,210.83397,4.0,64.27853,28.0,0.0,0.0,100.0,-7.0,7.0,8.0,30.0,2.0,35.08994,1.0,4.0,4.0,46.555717,74.434715,7.0,4.0,4.0,75.0,0.0
79.0,379.7098,9.0,126.86177,29.0,0.0,0.0,100.0,-7.0,7.0,8.0,30.26331,2.0,38.0,6.4468775,2.0,2.0,11.0,83.42162,2.0,2.0,0.0,47.17175,0.0
67.0,159.31119,7.0,60.679386,53.02836,0.0,0.0,96.0,26.90671,6.0,6.0,58.42687,3.0,46.0,11.566726,0.0,0.0,19.0,72.05583,2.0,4.0,0.0,83.0,0.0
67.0,138.89499,20.0,58.0,15.0,0.0,0.0,92.0,5.5898542,6.0,6.0,24.0,0.0,20.0,0.0,2.0,2.0,22.763569,-8.0,2.0,1.0,0.0,44.0,0.0
64.0,158.89517,8.0,68.396355,20.618353,0.0,0.0,94.0,4.0,6.0,6.0,24.962633,1.0,45.0,0.0,2.0,2.0,21.0,45.50399,5.4175186,2.0,0.0,100.0,0.0
82.0,199.4312,12.714422,76.0,54.56539,0.0,0.0,100.0,-7.0,7.0,8.0,62.537014,0.0,45.758327,4.37515,2.0,2.0,9.0,22.493443,4.0,2.0,0.0,38.0,0.0
86.0,335.85156,6.0,97.69438,18.274218,0.0,0.0,100.0,-7.0,7.0,8.0,19.0,1.0,24.0,0.0,2.0,2.0,3.0,90.97029,2.0,3.0,0.0,50.0,0.0
57.75181,128.05887,4.0,38.74923,14.0,0.0,0.0,90.39497,5.970583,6.0,6.0,17.0,1.0,75.80867,0.0,1.0,1.0,60.02063,50.77549,3.0,2.0,2.0,63.0,0.0
81.0,179.47746,2.0,65.0,10.855397,0.0,0.0,100.0,-7.0,7.0,8.0,12.396022,2.0,60.658543,7.0,0.0,0.0,16.911243,33.22592,1.0,4.0,0.0,86.0,0.0
75.0,152.16634,3.0,92.99367,28.0,0.0,0.0,100.0,-7.0,7.0,8.0,25.0,1.0,21.15951,0.0,2.2375202,3.0,39.414753,-8.0,3.0,2.0,0.0,50.0,0.0
78.0,182.9609,10.0,67.07143,-9.0,0.0,0.0,100.0,-7.0,7.0,8.0,4.5570054,2.0,24.0,-7.0,0.0,0.0,39.16639,-8.0,1.0,-1.4010203,0.0,100.0,0.0
75.97012,145.33607,3.0,62.913338,21.22988,0.0,0.0,100.0,-7.0,7.0,8.0,18.163061,2.0,19.0,6.0,1.0,0.12007494,4.0,92.999306,6.0,1.0,1.0,50.0,0.0
68.0,147.03723,6.0,93.0,24.0,2.0,2.0,83.476,44.128597,6.0,2.0,6.1787286,2.0,33.0,0.0,0.0,0.0,36.6919,31.14364,6.0,3.0,0.0,67.0,0.0
89.640305,157.55563,6.0,82.84084,14.0,0.0,0.0,100.0,-7.0,7.0,8.0,11.0,1.0,39.0,0.0,1.2830504,2.0,6.0,94.705124,1.0,3.0,0.0,50.0,0.0
86.307465,171.98573,12.0,103.85791,15.0,0.0,0.0,100.0,-7.0,7.0,8.0,3.986403,0.0,14.0,4.969152,1.0,1.0,9.620622,-8.0,2.0,1.0,0.0,40.765663,0.0
85.0,234.36247,2.0,92.24405,21.17206,0.0,0.0,91.0,12.694232,6.0,6.0,19.0,1.0,25.0,0.0,1.0,0.0,4.0,31.469986,2.0,2.0,0.0,28.606617,0.0
89.81532,388.84048,26.55262,163.14938,12.013229,0.0,0.0,100.0,-7.0,7.0,8.0,16.0,0.0,30.0,-8.0,0.0,0.0,0.0,29.199837,2.0,2.0,0.0,71.192604,0.0
80.0,259.8137,2.0,84.81555,26.34006,0.0,0.0,100.0,-7.0,7.0,8.0,24.0,3.0,3.1901937,0.0,2.0,2.0,32.0,-8.0,4.6908865,2.0,1.0,50.0,0.0
79.0,324.15604,3.0,119.14891,27.0,0.0,0.0,100.0,-7.0,7.0,8.0,30.410494,2.0,37.784832,0.0,2.0,2.0,20.673351,74.6718,2.0,3.0,0.0,46.979034,0.0
87.18848,159.83823,18.662294,102.00505,12.0,0.0,0.0,100.0,-7.0,7.0,8.0,5.0972705,0.0,44.39687,-8.0,0.0,0.0,30.326246,-8.0,3.0,1.0,0.0,70.0,0.0
81.0,306.3037,13.0,93.0,17.0,0.0,0.0,95.0,0.60191464,6.0,6.0,19.0,0.0,15.0,0.0,1.0,1.0,1.0,25.105507,2.0,2.0,0.0,37.04066,0.0
81.0,76.04068,3.0,62.982376,17.0,2.7645066,0.0,78.941185,49.50303,6.0,-9.0,21.0,1.0,21.0,11.323613,0.0,0.0,2.0,-8.0,1.0,1.0,0.0,50.0,0.0
73.0,128.23033,24.649658,26.802725,7.7874713,0.0,0.0,100.0,-7.0,7.0,8.0,6.936112,0.0,50.0,5.0,0.0,0.0,15.927674,65.899536,3.0,2.0,0.0,88.0,0.0
67.0,136.80806,2.0,76.0,18.0,1.0,0.0,88.5055,50.999565,6.0,5.0,22.0,2.0,20.0,0.0,0.0,0.0,59.704628,-8.0,9.0,1.0,0.0,80.0,0.0
79.0,121.123215,3.0,42.953705,19.0,0.0,0.0,94.0,72.449745,6.0,6.0,18.0,6.0,37.65508,0.0,4.0,3.7578528,1.0,-8.0,3.0,1.0,0.0,44.0,0.0
74.0,154.16049,3.0,49.86744,25.0,0.0,0.0,100.0,-7.0,7.0,8.0,34.0,3.0,24.30126,1.0,4.0,4.0,32.0,-8.0,3.0,2.0,3.0,33.0,0.0
83.0,149.08139,5.0,37.072357,7.8779464,0.0,0.0,100.0,-7.0,7.0,8.0,13.0,2.0,33.0,18.50113,1.0,0.0,1.3784386,-8.0,1.0,2.0,0.0,38.0,0.0
84.0,-8.0,7.0,61.0,21.0,0.0,0.0,100.0,-7.0,7.0,8.0,27.0,1.0,42.102173,-7.0,1.0,1.0,4.0,56.597477,3.0,2.0,0.0,67.0,0.0
89.10675,290.2618,9.0,95.865685,27.918325,0.0,0.0,100.0,-7.0,7.0,8.0,23.0,0.0,32.0,-7.0,0.0,0.0,7.674135,-8.0,5.0,2.0,0.0,64.53789,0.0
74.70944,405.4485,2.0,100.0,15.0,0.0,0.0,77.79429,27.520422,6.0,6.0,13.0,3.0,35.818,0.0,5.1611524,5.6664963,15.0,87.442474,2.0,3.0,0.0,75.0,0.0
78.0,129.66565,10.0,49.672478,6.4029517,0.0,0.0,100.0,-7.0,7.0,8.0,9.0,0.0,99.97011,0.0,3.0,3.0,0.0,92.68486,-7.006789,2.0,-9.0,80.0,0.0
81.0,165.2611,7.1763525,56.544415,25.695776,0.0,0.0,97.0,26.545357,6.0,6.0,28.0,2.0,26.0,0.0,1.0,1.0,10.846417,71.0,1.0,2.0,0.0,38.0,0.0
79.0,474.99075,3.0,72.52332,28.0,0.0,0.0,100.0,-7.0,7.0,8.0,34.0,2.0,33.0,0.6251181,6.948766,6.726,8.0,75.83577,5.0,3.0,0.0,58.0,0.0
-9.0,-9.0,-9.0,-9.0,-9.0,-9.0,-9.0,-9.0,-9.0,-9.0,-9.0,-9.0,-9.0,-9.0,-9.0,-9.0,-9.0,-9.0,-9.0,-9.0,-9.0,-9.0,-9.0,0.0
90.16824,244.7478,20.0,109.03328,31.0,0.0,0.0,100.0,-7.0,7.0,8.0,27.0,0.0,14.0,0.0,4.0,3.0,1.0,-8.0,1.0,-8.0,0.0,20.644047,0.0
71.32828,305.98367,24.422033,125.945755,31.0,1.0,1.0,100.0,-7.0,6.0,8.0,35.32382,0.0,24.0,0.0,1.0,1.0,11.0,39.173283,3.0,3.0,0.0,54.423573,0.0
75.89107,144.6987,1.0,63.0,18.0,0.0,0.0,100.0,-7.0,7.0,8.0,14.0,5.0,16.942053,1.0,2.3663132,2.0,14.0,94.89219,5.642393,2.0,0.0,70.36753,0.0
83.0,150.9161,3.0,46.942684,8.985113,0.0,0.0,100.0,-7.0,7.0,8.0,11.0,3.0,36.0,6.0,1.0,1.0,0.0,23.135794,0.0,1.0,0.0,38.0,0.0
-9.0,-9.0,-9.0,-9.0,-9.0,-9.0,-9.0,-9.0,-9.0,-9.0,-9.0,-9.0,-9.0,-9.0,-9.0,-9.0,-9.0,-9.0,-9.0,-9.0,-9.0,-9.0,-9.0,0.0
73.0,151.44977,10.0,58.0,9.0,0.0,0.0,100.0,-7.0,7.0,8.0,9.0,1.0,68.580505,9.0,0.0,0.0,1.0,61.666275,1.0,1.0,-8.0,67.0,0.0
82.0,153.31612,11.765057,75.350525,25.0,0.0,0.0,97.0,2.0,4.0,6.0,25.935759,0.0,38.50165,1.0,0.0,0.0,6.0,98.521965,1.0,2.0,0.0,43.707363,0.0
86.42685,243.60458,4.0,70.40558,31.0,0.0,0.0,100.0,-7.0,7.0,8.0,35.0,2.0,11.0,0.0,1.0,1.0,1.0,-8.0,3.0,1.159442,0.0,16.913609,0.0
63.0,189.43408,4.0,94.0,12.0,3.2745626,2.0,38.675983,19.819115,4.0,-9.0,21.0,2.0,42.0,0.0,2.0,2.0,29.715733,91.0,2.0,2.0,0.0,90.734055,0.0
-9.0,-9.0,-9.0,-9.0,-9.0,-9.0,-9.0,-9.0,-9.0,-9.0,-9.0,-9.0,-9.0,-9.0,-9.0,-9.0,-9.0,-9.0,-9.0,-9.0,-9.0,-9.0,-9.0,0.0
72.0,166.76628,2.0,58.329697,30.0,0.0,0.0,100.0,-7.0,7.0,8.0,38.0,5.093559,18.036638,0.0,0.0,0.0,30.160364,100.0,5.0,2.0,2.0,36.357082,0.0
79.0,198.22028,3.0,100.85921,7.187921,0.0,0.0,89.0,47.675243,6.0,6.0,12.0,2.0,45.0,-7.0,0.0,0.0,0.0,-8.0,0.0,1.0,0.0,45.139175,0.0
75.0,48.522297,2.0,29.990292,21.0,0.0,0.0,100.0,-7.0,7.0,8.0,25.0,6.0,24.035454,0.0,4.0,4.0,27.931963,80.08534,2.0,2.0,0.0,43.0,0.0
85.0,147.53993,2.0,67.0,10.562451,0.0,0.0,100.0,-7.0,7.0,8.0,12.0,1.0,46.0,8.0,1.0,1.0,0.0,100.0,1.0,1.0,0.0,33.0,0.0
88.0,345.36337,20.53602,83.700134,15.0,0.0,0.0,100.0,-7.0,7.0,8.0,13.0,0.0,20.0,10.010038,0.0,0.0,0.0,-8.0,1.0,-8.0,0.0,-9.0,0.0
68.0,313.36685,5.0,64.669106,27.908127,0.0,0.0,100.0,-7.0,7.0,8.0,34.93169,2.0,46.0,-7.0,0.0,0.0,56.05595,73.42486,5.0,5.0,5.8061285,82.87066,0.0
86.0,211.98737,23.723679,109.33265,14.9098625,0.0,0.0,100.0,-7.0,7.0,8.0,19.0,0.0,13.754539,0.0,1.0,1.0,3.0,-8.0,4.8660145,1.0,0.0,57.944084,0.0
82.0,320.25745,6.0,81.68109,34.0,0.0,0.0,100.0,-7.0,7.0,8.0,31.0,2.0,11.0,0.0,0.0,0.0,1.0,-8.0,5.0,-3.0181296,0.0,24.555256,0.0
72.0,237.1795,3.0,84.0,37.49152,0.0,0.0,96.0,41.740665,6.0,6.0,29.0,3.0,30.0,4.644853,1.0,1.0,29.500292,84.32886,7.7694554,4.0,0.0,70.70382,0.0
77.0,322.13284,2.0,86.99757,46.849102,0.0,0.0,100.0,-7.0,7.0,8.0,63.40107,2.0,23.674095,0.0,2.0,1.0,22.947113,-8.0,5.0,4.0,2.0,50.0,0.0
87.0,231.8582,15.0,77.0,27.0,0.0,0.0,100.0,-7.0,7.0,8.0,25.0,0.0,22.0,0.0,2.0,1.0,1.0,51.620487,4.0,2.0,0.0,43.0,0.0
58.767757,79.384865,3.0,69.29676,21.0,0.0,0.0,82.542015,-7.0,4.0,6.0,25.0,3.0,60.96403,-7.0,0.0,0.0,77.32109,95.94062,2.0,4.0,0.0,100.0,0.0
73.0,115.68576,6.0,78.207085,14.0,0.0,0.0,90.05911,47.56151,6.0,6.0,13.0,2.0,24.532143,-7.0,0.0,0.0,48.32349,-8.0,5.0,-8.0,0.0,88.90193,0.0
86.0,382.7869,8.0,127.402695,33.0,0.0,0.0,100.0,-7.0,7.0,8.0,39.266518,2.0,21.592773,0.0,0.0,0.0,13.0,-8.0,3.0,1.0,0.0,57.0,0.0
71.0,205.84094,6.0,72.140915,25.0,0.0,0.0,100.0,-7.0,7.0,8.0,26.929934,3.0,60.371365,-7.0,0.0,0.0,65.46714,82.0,3.0,3.0,1.0,71.0,0.0
86.0,262.0963,20.082907,88.17567,13.0,0.0,0.0,100.0,-7.0,7.0,8.0,14.0,0.0,54.353104,-8.0,0.0,0.0,3.0,84.56741,1.0,2.0,0.0,50.0,0.0
88.0,223.58893,5.0,72.46688,17.369568,0.0,0.0,100.0,-7.0,7.0,8.0,19.0,1.0,17.0,0.0,0.0,0.0,0.267537,-8.0,1.0,-1.72699,0.0,20.619211,0.0
90.0,441.9566,24.455101,176.43811,14.0,0.0,0.0,100.0,-7.0,7.0,8.0,16.0,0.0,16.932774,0.0,0.0,0.0,1.0,-8.0,1.7618774,-8.0,0.0,23.341877,0.0
-9.0,-9.0,-9.0,-9.0,-9.0,-9.0,-9.0,-9.0,-9.0,-9.0,-9.0,-9.0,-9.0,-9.0,-9.0,-9.0,-9.0,-9.0,-9.0,-9.0,-9.0,-9.0,-9.0,0.0
85.0,190.60335,9.0,74.96817,23.0,0.0,0.0,100.0,-7.0,7.0,8.0,22.0,2.0,50.0,0.0,1.0,1.0,0.0,93.0,1.0,2.0,0.0,37.151993,0.0
74.958855,261.84305,4.0,121.48142,21.0,0.0,0.0,92.0,36.549603,6.0,6.0,26.0,1.5152671,55.21787,8.0,0.0,0.0,22.716,86.94551,4.0,4.0,0.0,71.0,0.0
-9.0,-9.0,-9.0,-9.0,-9.0,-9.0,-9.0,-9.0,-9.0,-9.0,-9.0,-9.0,-9.0,-9.0,-9.0,-9.0,-9.0,-9.0,-9.0,-9.0,-9.0,-9.0,-9.0,0.0
73.0,268.33414,5.0,53.276257,19.0,0.0,0.0,100.0,-7.0,7.0,8.0,16.0,10.898834,28.651548,-7.0,3.0,2.6419127,27.044233,97.63339,6.0,2.0,0.0,85.88915,0.0
61.806248,263.77563,1.0,87.719894,34.987118,0.0,0.0,96.0,42.29151,6.0,6.0,43.01317,6.0,21.0,0.0,4.3262343,4.7495813,57.332012,-8.0,15.454528,2.0,5.6191645,63.0,0.0
77.16216,199.84479,7.0,122.82776,6.0,0.0,0.0,78.90632,40.806927,6.0,6.0,9.0,2.0,1.3578885,-7.0,2.0,2.0,32.24732,-8.0,3.0,-0.9367611,0.0,70.0,0.0
57.20359,202.2471,9.232124,72.58534,18.0,3.0,0.0,73.47647,2.0,-2.8520072,3.3940437,20.0,0.0,42.85299,0.0,2.0,2.0,16.541124,59.037537,3.0,5.0,0.0,57.090122,0.0
71.0,225.55241,5.0,61.09075,22.0,0.0,0.0,100.0,-7.0,7.0,8.0,23.244246,2.0,33.0,0.0,1.0,1.0,46.01491,71.92087,4.0,4.0,4.0,70.28565,0.0
85.0,345.00256,19.809608,140.75456,18.0,0.0,0.0,100.0,-7.0,7.0,8.0,16.0,0.0,34.04719,0.0,0.0,0.0,13.605883,67.8139,10.2324095,2.0,0.0,81.047554,0.0
80.825615,199.60469,24.6035,80.0,19.0,0.0,0.0,100.0,-7.0,7.0,8.0,40.91257,0.0,30.766619,0.0,1.0,1.0,9.831726,-8.0,4.0,2.0,0.0,100.0,0.0
58.865574,261.3071,5.0,86.963745,17.0,2.0,2.0,76.6359,13.161303,4.0,2.2935894,20.0,2.0,38.146393,0.0,1.0,1.0,85.09444,-8.0,5.0,2.0,1.0,99.78496,0.0
85.0,205.62233,5.0,100.68691,21.0,0.0,0.0,100.0,-7.0,7.0,8.0,24.591442,1.0,38.0,-7.0,0.0,0.0,25.00853,-8.0,6.0,1.0,0.0,75.0,0.0
73.0,281.22366,124.41476,147.29283,3.1182804,2.0,1.0,78.52118,24.17928,6.0,2.0,2.6421432,0.0,60.3005,-8.0,0.0,0.0,2.0,-8.0,-9.0,2.0,0.0,100.0,0.0
72.44594,289.10544,2.0,84.0,50.74461,0.0,0.0,100.0,-7.0,7.0,8.0,48.132957,1.0,33.0,4.0,0.0,0.0,22.985764,84.015396,10.863252,3.0,0.0,60.0,0.0
89.0,226.96889,38.2113,90.0,-9.0,0.0,0.0,100.0,-7.0,7.0,8.0,3.985181,0.0,29.59622,7.0,0.0,0.0,8.0,-8.0,2.0,1.0,0.0,100.0,0.0
82.0,181.48772,2.0,77.0,32.0,0.0,0.0,100.0,-7.0,7.0,8.0,36.728043,3.0,33.0,-7.0,1.0,1.0,9.0,82.0,3.0,3.0,0.0,71.0,0.0
69.32423,171.67683,4.0,71.73361,36.0,0.0,0.0,100.0,-7.0,4.0731387,8.0,31.98986,3.0,27.0,3.0,0.0,0.0,36.0,50.704113,11.0,5.0,7.5593004,67.0,0.0
73.0,211.92587,1.9163054,83.11451,23.0,0.0,0.0,100.0,-7.0,7.0,8.0,23.0,2.0,35.0,-7.0,2.0,2.0,112.728264,-8.0,2.0,1.0,2.0,82.3759,0.0
74.0,92.85283,4.0,49.422222,17.0,0.0,0.0,100.0,-7.0,7.0,8.0,17.0,4.0,51.587852,0.0,0.0,0.0,45.52106,57.882515,3.0,5.4864883,2.0,83.0,0.0
72.0,214.32591,4.0,77.01242,21.0,0.0,0.0,100.0,-7.0,6.0,8.0,29.0,2.0,24.0,0.0,2.0,2.0,28.0,-8.0,4.0,1.0,1.0,64.0,0.0
59.26374,183.27945,3.9376523,116.05795,24.0,1.6184013,1.0,73.943756,3.3964286,4.0,5.0,26.0,1.0,16.150026,3.0,3.0,3.0,69.19997,-8.0,6.434312,1.0,3.0,60.264866,0.0
73.440834,57.667767,6.0,57.467857,22.0,0.0,0.0,92.0,-7.0,6.0,6.0,22.0,2.0,55.98527,0.0,0.0,0.0,9.0,87.96966,2.0,2.0,0.0,71.0,0.0
91.0,237.00475,66.5876,158.55196,14.597802,0.0,0.0,100.0,-7.0,7.0,8.0,11.428694,0.0,47.984344,-8.0,0.0,0.0,0.0,-8.0,0.7522307,1.0,0.0,16.450624,0.0
90.36416,155.48254,17.0,117.26891,13.0,0.0,0.0,100.0,-7.0,7.0,8.0,15.0,0.0,55.266098,-7.0,0.0,0.0,1.0,-8.0,1.0,1.0,0.0,50.0,0.0
74.0,138.03441,3.0,49.525513,23.580734,0.0,0.0,100.0,-7.0,7.0,8.0,25.0,4.0,43.84435,0.0,2.0,2.0,62.393246,88.093864,2.0,2.085608,0.0,54.171997,0.0
62.11013,137.10648,7.0,59.899708,3.5910184,0.0,0.48421362,100.0,-7.0,7.0,8.0,7.0,1.0,27.0,-7.0,0.0,0.0,106.791565,-8.0,2.0,-8.0,3.0,100.0,0.0
73.0,50.61271,6.0,-8.224482,8.627464,0.0,0.0,100.0,-7.0,7.0,8.0,11.0,1.0,50.0,10.0074625,0.0,0.0,44.381264,96.385414,2.0,4.0,2.0,51.705345,0.0
90.06623,282.1314,6.0,158.65898,10.168882,0.0,0.0,100.0,-7.0,7.0,8.0,19.915016,1.0,25.0,21.735727,1.0,1.0,8.0,-8.0,1.7687138,-8.0,0.0,41.478077,0.0
71.0,319.60385,3.1146312,110.841385,14.519254,0.0,0.0,92.0,41.167652,6.0,5.0,21.0,2.0,28.0,0.0,2.0,2.0,25.0,80.403145,5.0,1.0,1.0,69.18939,0.0
70.0,295.3343,4.0,120.03984,19.0,1.0,0.0,81.51694,16.837166,6.0,3.4569936,21.0,2.0,24.0,-7.0,0.0,0.0,20.000546,32.635426,2.0,2.0,0.0,54.77658,0.0
70.0,119.260124,14.295654,91.42358,41.977467,0.0,0.0,100.0,-7.0,7.0,8.0,20.19498,0.0,29.0,0.0,4.9960914,4.934645,32.78986,88.0,8.737242,2.0,2.7434454,58.0,0.0
72.0,382.64404,13.006272,86.13392,44.108543,0.0,0.0,100.0,-7.0,7.0,8.0,42.790993,0.0,20.0,0.0,2.0,1.8998259,20.108894,-8.0,5.0,3.0,1.0,75.0,0.0
-9.0,-9.0,-9.0,-9.0,-9.0,-9.0,-9.0,-9.0,-9.0,-9.0,-9.0,-9.0,-9.0,-9.0,-9.0,-9.0,-9.0,-9.0,-9.0,-9.0,-9.0,-9.0,-9.0,0.0
79.31282,139.82831,3.2487116,68.0,35.856426,0.0,0.0,100.0,-7.0,7.0,8.0,37.492615,1.0,11.735171,9.409305,0.0,0.0,16.0,51.048267,4.0,1.0,0.0,22.566498,0.0
80.0,208.22675,10.0,75.0,40.122807,0.0,0.0,100.0,-7.0,7.0,8.0,30.0,3.0,38.0,-7.4578466,0.0,0.0,20.315031,67.57874,4.6664686,2.0,1.0,59.257977,0.0
86.822105,307.75055,1.0,88.5281,28.0,0.0,0.0,100.0,-7.0,7.0,8.0,32.0,2.0,33.0,-8.0,0.0,0.0,8.0,86.760254,3.0,3.7556558,0.0,55.29845,0.0
72.50783,261.3834,6.0,98.76395,27.0,1.0,0.0,94.0,16.605804,6.0,6.0,29.0,2.0,21.0,0.0,2.0,2.0,12.0,88.0,4.0,2.0,0.0,61.55014,0.0
64.449295,362.1127,5.696183,131.16411,23.0,2.0,0.0,77.70252,16.623886,6.0,3.9956665,27.0,1.0,21.0,16.929287,0.0,0.0,63.85294,99.96365,4.0,1.0,4.9405847,33.0,0.0
71.0,374.26263,13.0,118.090515,35.028034,0.0,0.0,100.0,-7.0,7.0,8.0,37.288593,0.0,37.0,5.0,0.0,0.0,68.67094,65.34088,6.0,3.0,3.399311,76.67087,0.0
77.0,177.45018,2.0,83.0,33.0,0.0,0.0,94.0,16.435457,6.0,6.0,39.402294,4.0,50.0,2.0,8.013153,6.7194123,8.913439,87.40451,2.0,2.0,0.0,50.0,0.0
83.0,408.2433,54.385807,129.70868,17.037601,0.0,0.0,90.0,36.709194,6.0,6.0,26.77537,0.0,13.0,0.0,0.0,0.0,9.118361,-8.0,4.0,1.0,0.0,52.720184,0.0
59.48527,152.9209,6.0,79.303375,13.0,3.8221774,3.6691597,80.923836,6.5911455,5.086251,2.0,14.0,1.0,32.51894,0.0,1.0,1.0,114.71188,9.894808,4.0,2.0,2.0,100.0,0.0
71.0,101.63943,4.0,46.303406,32.96231,0.0,0.0,100.0,-7.0,7.0,8.0,33.0,3.0,33.109364,0.0,3.0,3.0,0.0,86.2974,2.0,5.8802495,0.0,38.0,0.0
91.0,153.42752,35.806007,105.185715,13.0,0.0,0.0,100.0,-7.0,7.0,8.0,14.58834,0.0,40.26464,-7.0,0.0,0.0,0.0,-8.0,-9.0,2.0,0.0,33.97926,0.0
70.0,182.04106,7.0,62.611797,24.0,1.0,1.0,89.0,31.651928,6.0,2.208419,25.600367,1.0,21.0,4.021579,0.0,0.0,37.654057,-8.0,3.0,1.0,0.0,67.0,0.0
70.0,87.37846,13.0,55.38002,12.0,0.0,0.0,85.12677,50.88194,6.0,6.0,10.414845,0.0,54.77749,10.392442,0.0,0.0,69.277725,72.31078,1.0,3.4414208,0.0,67.0,0.0
74.29426,132.1331,10.0,77.09291,15.0,1.0,0.49636307,89.0,16.177177,6.0,3.0,16.0,0.0,63.467968,-7.0,0.0,0.0,1.0,38.831314,1.0,2.0,0.0,44.80633,0.0
92.68654,138.0433,20.692774,120.9452,10.0,0.0,0.0,100.0,-7.0,7.0,8.0,6.845149,0.0,18.67988,-7.0,0.0,0.0,0.0,-8.0,1.0,-8.0,0.0,43.259773,0.0
83.0,168.97778,1.0,79.7551,14.0,0.0,0.0,100.0,-7.0,7.0,8.0,20.403828,1.0,58.082764,-7.0,1.0,1.0,18.0,52.932323,2.0,2.0,0.0,50.0,0.0
62.0,37.72743,29.03514,69.856995,10.507421,0.0,0.0,85.185555,4.0930467,4.0,6.0,11.5852375,0.0,58.89787,0.0,1.0,0.0,36.19137,38.63845,2.0,2.0,1.0,69.82987,0.0
65.70915,231.96951,21.669094,89.799126,17.0,0.0,0.0,75.93778,12.672521,4.0,5.976101,20.0,0.0,27.673977,0.0,1.0,1.0,88.090004,-8.0,3.0,2.0,2.0,71.0,0.0
-9.0,-9.0,-9.0,-9.0,-9.0,-9.0,-9.0,-9.0,-9.0,-9.0,-9.0,-9.0,-9.0,-9.0,-9.0,-9.0,-9.0,-9.0,-9.0,-9.0,-9.0,-9.0,-9.0,0.0
66.0,296.73584,4.384356,99.15072,30.0,1.0,1.0,82.79888,0.060448896,4.0,5.0,34.088146,2.0,25.0,0.0,2.0,2.0,28.0,-8.0,4.0,2.0,0.0,40.368385,0.0
70.0,218.40044,22.085962,100.0,28.0,0.0,0.0,100.0,-7.0,7.0,8.0,26.0,0.0,17.0,4.0,0.0,0.0,58.838062,41.325413,5.0,3.0,3.0,80.0,0.0
81.0,256.88065,4.0,72.0,30.64537,0.0,0.0,100.0,-7.0,6.0,6.0,28.0,1.0,40.0,0.0,0.0,0.0,0.0,-8.0,1.0,1.0,0.0,40.74991,0.0
80.0,295.64658,28.544388,100.0,13.92395,0.0,0.0,100.0,-7.0,7.0,8.0,9.483114,0.0,32.0,4.0,0.0,0.2817375,23.573658,-8.0,3.0,1.0,0.0,100.0,0.0
85.0,270.80768,5.0,67.07531,24.0,0.0,0.0,100.0,-7.0,7.0,8.0,19.0,2.0,33.93488,-7.0,0.0,0.0,1.0,25.219955,5.0,3.0,0.0,56.868942,0.0
77.0,237.15515,27.077616,135.26636,13.0,0.0,0.0,89.6015,30.154682,6.0,5.0,16.0,0.0,65.442764,20.760813,0.0,0.0,0.0,-8.0,1.0,3.0,0.0,88.74054,0.0
-9.0,-9.0,-9.0,-9.0,-9.0,-9.0,-9.0,-9.0,-9.0,-9.0,-9.0,-9.0,-9.0,-9.0,-9.0,-9.0,-9.0,-9.0,-9.0,-9.0,-9.0,-9.0,-9.0,0.0
85.0,402.2661,12.0,125.14091,28.0,0.0,0.0,100.0,-7.0,7.0,8.0,30.0,2.6055593,35.0,0.0,0.0,0.0,6.0,40.850533,3.0,1.0,0.0,49.257435,0.0
85.0,205.71866,4.0,65.0,28.0,0.0,0.0,100.0,-7.0,7.0,8.0,21.0,3.0,53.247025,12.0,0.0,0.0,0.0,76.0,1.0,2.0,0.0,41.352383,0.0
83.51831,194.9008,5.3937597,71.0,26.822336,0.0,0.0,100.0,-7.0,7.0,8.0,26.0,2.0,14.84602,0.0,1.0,1.0,11.80138,68.99106,2.0,1.0,1.0,41.466522,0.0
86.0,169.44254,3.0,67.0,15.0,0.0,0.0,100.0,-7.0,7.0,8.0,16.0,1.0,33.0,3.0,0.0,0.0,1.0,52.11547,1.0,2.0,0.0,43.0,0.0
-9.0,-9.0,-9.0,-9.0,-9.0,-9.0,-9.0,-9.0,-9.0,-9.0,-9.0,-9.0,-9.0,-9.0,-9.0,-9.0,-9.0,-9.0,-9.0,-9.0,-9.0,-9.0,-9.0,0.0
75.0,102.45901,3.0,49.051346,11.01333,0.0,0.0,100.0,-7.0,7.0,8.0,12.0,2.0,38.0,9.0,1.0,1.0,33.282005,38.65729,1.0,2.0,0.0,60.557022,0.0
77.58716,167.24713,11.726385,65.0,26.368711,0.0,0.0,100.0,-7.0,7.0,8.0,26.963984,0.0,35.0,0.0,0.0,0.0,43.5687,57.18016,3.0,2.0,0.0,58.0,0.0
84.0,287.60187,2.2352054,72.0,21.0,0.0,0.0,100.0,-7.0,7.0,8.0,21.0,2.0,64.42164,0.0,1.0,1.0,22.899212,62.89754,1.0,5.0,0.0,67.0,0.0
70.0,334.1348,15.0,75.0,15.0,1.0,0.0,86.80697,25.057587,6.0,3.3341575,16.0,0.0,40.0,0.0,1.0,1.0,53.519436,56.33838,3.0,2.0,0.0,100.0,0.0
75.0,198.28915,7.0,68.30831,26.0,0.0,0.0,100.0,-7.0,7.0,8.0,26.0,2.0,45.556675,0.0,2.0,2.0,32.993584,84.02596,9.0,4.433469,0.0,100.0,0.0
87.0,162.41415,1.0,97.0,13.397612,0.0,0.0,95.0,27.72418,6.0,6.0,11.0,1.0,30.28812,-8.0,3.0,3.0,1.0,-8.0,2.0,-8.0,0.0,44.0,0.0
79.0,375.74973,7.0,113.75399,17.0,0.0,0.0,100.0,-7.0,7.0,8.0,15.0,1.2560548,21.0,-7.0,0.0,0.0,28.475388,99.71857,4.0,2.0,2.0,49.81471,0.0
91.0,204.31754,8.0,88.1662,11.072945,0.0,0.0,100.0,-7.0,7.0,8.0,11.0,0.0,35.0,1.0,1.0,1.0,9.0,23.032322,2.0,2.0,0.0,82.64127,0.0
92.637924,360.28918,8.0,168.68085,4.6443496,0.0,0.0,100.0,-7.0,7.0,8.0,14.0,1.0,19.0,0.0,2.0,2.0,3.0,-8.0,1.0,1.0,0.0,33.0,0.0
84.0,274.53513,3.0,93.67831,28.73796,0.0,0.0,96.0,68.54039,6.0,6.0,27.0,3.0,29.455986,2.0,0.0,0.0,4.5852833,92.54326,4.0,2.0,0.0,60.0,0.0
91.0,181.82265,20.554352,88.01685,18.0,0.0,0.0,100.0,-7.0,7.0,8.0,23.0,0.0,56.289066,-7.0,0.0,0.0,1.0,-8.0,1.0,-8.0,0.0,38.0,0.0
75.0,298.97842,6.0,100.65503,41.014267,1.0,0.0,94.0,16.985012,6.0,5.0,36.51679,3.0,15.733431,0.0,1.7560554,1.0,0.0,-8.0,1.0,1.0,0.0,-9.0,0.0
77.0,312.58905,10.0,82.68696,21.0,0.0,0.0,96.0,50.88345,6.0,6.0,23.0,1.0,16.0,-7.0,0.0,0.0,26.678062,70.3661,3.0,1.0,1.0,73.05732,0.0
86.0,307.95392,8.0,113.03691,34.0,0.0,0.0,100.0,-7.0,7.0,8.0,32.0,0.0,11.0,-8.0,0.0,0.0,4.3190255,-8.0,4.0,1.0,0.0,33.0,0.0
66.277275,77.11991,7.0,62.90389,20.519073,2.3380723,0.0,84.896034,38.045067,6.0,2.0,23.0,2.0,27.0,3.0,1.0,1.0,70.13352,91.0,9.0,2.0,1.0,100.0,0.0
-9.0,-9.0,-9.0,-9.0,-9.0,-9.0,-9.0,-9.0,-9.0,-9.0,-9.0,-9.0,-9.0,-9.0,-9.0,-9.0,-9.0,-9.0,-9.0,-9.0,-9.0,-9.0,-9.0,0.0
84.0,370.78613,2.0,98.853775,46.113956,0.0,0.0,100.0,-7.0,7.0,8.0,63.221786,9.525369,21.0,0.0,3.0,3.0,4.83962,83.76201,4.0,2.0,0.0,29.72264,0.0
76.0,189.35425,6.0,58.250793,30.543177,0.0,0.0,100.0,-7.0,7.0,8.0,33.722916,8.793879,19.248549,0.0,3.7512188,3.0,13.0,87.488106,6.0,3.0,0.0,67.0,0.0
68.0,218.80435,17.0,95.87537,15.0,0.0,0.0,93.0,6.922589,4.0,6.0,16.0,0.0,46.09159,8.348176,0.0,0.0,32.338352,-8.0,4.0,1.0,1.0,78.0,0.0
86.247536,138.60791,6.0,80.1424,30.295876,0.0,0.0,100.0,-7.0,7.0,8.0,34.0,1.7840058,15.0,8.0,0.0,0.0,18.660128,36.956974,0.0,2.0,0.0,25.153563,0.0
-9.0,-9.0,-9.0,-9.0,-9.0,-9.0,-9.0,-9.0,-9.0,-9.0,-9.0,-9.0,-9.0,-9.0,-9.0,-9.0,-9.0,-9.0,-9.0,-9.0,-9.0,-9.0,-9.0,0.0
71.0,347.68042,6.0,64.20487,25.0,0.0,0.0,100.0,-7.0,7.0,8.0,26.0,1.0,17.206156,0.0,5.059057,5.0,49.38021,48.87625,4.0,2.0,1.0,60.0,0.0
91.0,139.22697,31.875565,82.0,14.0,0.0,0.0,100.0,-7.0,7.0,8.0,14.187964,0.0,17.78857,0.0,0.0,0.0,0.0,-8.0,1.0,-8.0,0.0,-9.0,0.0
82.0,180.47173,7.0,81.37744,28.0,0.0,0.0,100.0,-7.0,7.0,8.0,19.0,1.087855,20.451862,23.505281,0.0,0.0,14.26658,-8.0,4.0,1.0,0.0,64.0,0.0
77.0,178.91011,5.0,62.406273,29.0,0.0,0.0,100.0,25.394388,6.0,6.0,35.0,2.0,42.0,0.0,2.0,2.0,13.0,-8.0,3.0,2.0,0.0,50.0,0.0
75.0,109.56256,9.902788,40.56332,20.0,0.0,0.0,100.0,-7.0,7.0,8.0,24.0,1.0,25.0,0.0,0.0,0.0,54.06916,59.57182,3.0,2.0,0.0,100.0,0.0
83.0,300.70694,27.863308,91.70286,8.0,0.0,0.0,100.0,-7.0,7.0,8.0,8.00387,0.0,16.934402,9.0,1.0,1.0,0.5140912,-8.0,2.0,1.0,0.0,30.371204,0.0
-9.0,-9.0,-9.0,-9.0,-9.0,-9.0,-9.0,-9.0,-9.0,-9.0,-9.0,-9.0,-9.0,-9.0,-9.0,-9.0,-9.0,-9.0,-9.0,-9.0,-9.0,-9.0,-9.0,0.0
82.01412,427.8464,12.0,147.39304,33.34995,0.0,0.0,100.0,-7.0,7.0,8.0,33.628044,0.0,18.989697,0.0,1.0,1.0,16.0,80.47296,7.0,1.0,0.0,63.08246,0.0
-9.0,-9.0,-9.0,-9.0,-9.0,-9.0,-9.0,-9.0,-9.0,-9.0,-9.0,-9.0,-9.0,-9.0,-9.0,-9.0,-9.0,-9.0,-9.0,-9.0,-9.0,-9.0,-9.0,0.0
79.0,216.63441,9.0,103.2511,49.648594,0.0,0.0,100.0,-7.0,7.0,8.0,41.889824,2.0,29.0,1.0,0.0,0.0,51.176014,72.37028,3.0,3.0,0.0,71.0,0.0
69.0,192.05045,12.0,95.37741,20.0,1.0,1.0,79.798386,14.382077,4.0,6.0,24.971386,2.0,25.255741,6.7540717,0.0,0.0,13.243441,53.533726,4.0,2.0,0.0,86.0,0.0
75.0,218.60951,25.379126,149.77501,14.0,0.0,0.0,86.24697,-7.0,0.43154323,6.0,18.0,0.0,55.749756,-8.0,0.0,0.0,33.655064,-8.0,3.0,3.0,0.0,78.0,0.0
75.0,263.95346,5.0,59.738888,12.0,0.0,0.0,83.50435,-7.0,4.0,6.0,14.178813,2.0,18.39779,0.0,0.0,0.0,11.0,-8.0,1.0,1.0,0.0,33.0,0.0
72.0,116.01648,2.0,65.24743,39.216713,0.0,0.0,95.73723,-7.0,0.0,6.0,49.50685,4.0,33.0,0.0,2.0,2.0,1.0,97.7658,2.0,4.0,0.0,67.0,0.0
73.0,171.57072,4.0,61.68234,17.0,0.0,0.0,100.0,-7.0,7.0,8.0,21.262486,3.0,35.0,0.0,10.03682,11.849353,43.228775,23.862696,2.0,2.0,3.0,40.0,0.0
90.0,347.8203,26.954094,163.52672,18.0,0.0,0.0,100.0,-7.0,7.0,8.0,22.0,0.0,14.0,-8.0,0.0,0.0,9.25163,-8.0,1.0,2.0,0.0,44.964695,0.0
62.09252,161.88223,2.0,51.626217,21.944256,1.0,1.0,100.0,-7.0,7.0,8.0,23.0,3.047484,33.971363,0.0,2.0,2.0,53.33137,81.15903,9.0,6.6373634,0.0,82.540535,0.0
88.45813,174.62311,18.815634,129.24518,12.739245,0.0,0.0,100.0,-7.0,7.0,8.0,18.34587,0.0,20.0,4.0,0.0,0.0,6.541788,-8.0,2.0,1.0,0.0,43.0,0.0
68.0,205.33887,1.0,112.43892,28.0,0.0,0.0,94.54422,13.804051,4.0,6.0,24.442986,1.0,33.0,10.343764,0.0,0.0,40.89946,71.381226,6.0,2.0,2.0,70.307274,0.0
62.0,179.63188,5.0,84.0,34.0,2.0,2.0,100.0,-7.0,6.0,8.0,46.568214,4.0699806,67.763916,-7.0,2.0,2.0,53.896942,80.93705,2.0,2.0,1.0,70.0,0.0
63.0,212.71927,6.0,47.316696,13.0,0.0,0.0,83.33554,4.0,4.0,6.0,15.0,3.0,43.0,0.0,1.0,1.0,64.03403,83.17869,3.0,4.0,2.0,80.0,0.0
87.0,165.952,8.0,67.05187,38.117443,0.0,0.0,100.0,-7.0,7.0,8.0,36.79467,0.0,26.0,0.0,1.0,1.0,3.0,-8.0,4.0,-8.0,0.0,44.0,0.0
70.0,251.67366,10.0,100.481224,20.0,2.0,2.0,88.39763,17.904633,4.0,5.8589807,23.362883,0.0,29.0,5.0,0.0,0.0,2.2463603,63.274414,3.0,2.0,0.0,52.79939,0.0
79.0,371.6711,7.0,104.90147,27.0,0.0,0.0,90.0,3.5674002,6.0,6.0,30.0,2.0,36.125217,0.0,3.0,3.0,15.0,93.0,6.0,2.0,0.0,57.0,0.0
66.0,137.90968,5.0,72.64008,27.0,1.0,1.0,96.0,-7.0,-9.0,6.0,29.0,3.0,35.70083,0.0,0.0,0.0,66.96902,62.313335,2.0,1.9873257,1.0,44.0,0.0
75.0,196.73956,7.0,103.50529,24.0,0.0,0.0,77.89037,-7.0,4.0,4.6572976,24.818748,2.0,4.797372,3.0,0.0,0.0,4.0,-8.0,3.0,1.0,0.0,44.0,0.0
77.0,102.760254,15.71338,65.71377,21.0,0.0,0.0,100.0,-7.0,7.0,8.0,25.0,0.0,55.09713,0.0,0.0,0.0,56.085953,96.029686,5.0,3.0,1.0,88.0,0.0
72.0,170.85622,4.0,72.0,19.0,0.0,0.0,100.0,-7.0,7.0,8.0,26.0,3.0,22.872393,11.041381,0.0,0.0,67.84206,76.36889,1.0,3.0,0.0,68.1594,0.0
76.0,173.42734,2.0,67.79175,40.91468,1.0,0.0,95.0,28.68426,6.0,5.0,43.84196,3.0,50.692818,7.0,0.0,0.0,9.0,0.038238965,1.0,7.541205,0.0,40.0,0.0
78.0,345.2414,6.0,92.0,48.025497,0.0,0.0,97.54442,50.742424,6.0,6.0,61.02488,2.0,31.0,10.280726,0.0,0.0,3.0,88.79922,3.0,4.0,0.0,56.0,0.0
-9.0,-9.0,-9.0,-9.0,-9.0,-9.0,-9.0,-9.0,-9.0,-9.0,-9.0,-9.0,-9.0,-9.0,-9.0,-9.0,-9.0,-9.0,-9.0,-9.0,-9.0,-9.0,-9.0,0.0
76.0,139.53755,2.0,55.403965,23.0,0.0,0.0,100.0,-7.0,7.0,8.0,23.0,4.0,33.46637,-8.0,1.0,1.0,17.0,-8.0,4.0,3.0,0.0,100.0,0.0
60.500534,417.46106,5.0,116.415054,27.0,0.0,0.0,86.371376,-7.0,0.0,6.0,26.512154,2.0,35.0,0.0,0.0,0.0,51.712322,76.28861,2.0,2.0,1.7635584,50.0,0.0
-9.0,346.59247,20.0,128.43779,9.0,10.607237,9.33628,6.013455,0.72071594,-9.0,2.0,15.375881,0.0,38.0,-7.0,3.0,3.0,0.0,-8.0,-7.611114,1.0,0.0,75.0,0.0
87.0,188.38881,47.90427,135.25273,-9.0,0.0,0.0,100.0,-7.0,7.0,8.0,9.0,0.0,29.346857,17.957571,0.0,0.0,4.0,-8.0,1.0,1.0,0.0,40.0,0.0
79.0,239.97574,3.0,57.674538,33.0,0.0,0.0,100.0,-7.0,7.0,8.0,34.356606,3.0,21.0,-7.0,0.0,0.0,1.7760589,93.51731,6.0,3.0,0.0,46.15121,0.0
89.0,367.96313,24.244282,169.16728,17.0,0.0,0.0,100.0,-7.0,7.0,8.0,16.0,0.0,31.0,-8.0,0.0,0.0,6.4890575,-8.0,2.0,1.0,0.0,37.8345,0.0
86.0,150.22577,2.0,71.0,26.508762,0.0,0.0,100.0,-7.0,7.0,8.0,37.0,1.0,16.325567,3.0,2.0,1.8332509,16.046621,-8.0,0.0,1.0,0.0,-9.0,0.0
75.0,181.99524,5.0,68.07713,25.0,0.0,0.0,100.0,-7.0,7.0,8.0,26.0,2.0,26.434948,12.0,0.0,0.0,19.0,-8.0,4.0,-8.0,0.93726796,29.558676,0.0
84.0,149.50655,3.585276,57.53691,16.0,0.0,0.0,100.0,-7.0,7.0,8.0,9.0,1.0,32.0,12.0,0.0,0.0,6.0,96.67023,3.0,2.0,0.0,50.0,0.0
88.36962,184.0754,-5.920878,84.01676,22.0,0.0,0.0,100.0,-7.0,7.0,8.0,22.0,2.0,26.0,1.0,1.0,1.0,9.0,79.84601,1.0,2.0,0.0,57.0,0.0
67.0,75.70826,6.0,67.0,49.69061,0.0,0.0,100.0,-7.0,7.0,8.0,12.0,2.0,6.8698983,-7.0,1.0,1.0,32.717026,58.039917,12.025659,2.0,7.931829,53.776142,0.0
85.39228,443.37155,19.103819,116.630516,36.292835,0.0,0.0,100.0,-7.0,7.0,8.0,32.0,0.0,29.0,0.0,0.0,0.0,0.0,-8.0,3.0,2.0,1.0,44.0,0.0
79.0,220.8788,8.0,80.0,24.0,0.0,0.0,95.0,2.0,6.0,6.0,25.0,1.0,18.0,2.0,3.0,3.8223321,3.0,-8.0,3.0,2.0,0.0,32.757797,0.0
76.0,162.2624,1.8834641,37.95955,27.0,0.0,0.0,100.0,-7.0,7.0,8.0,34.26601,4.0,54.741932,0.0,2.0,2.0,32.0,90.83918,5.0,3.190305,3.0,70.5899,0.0
87.42881,286.36523,36.67429,86.12184,14.0,0.0,0.0,100.0,-7.0,7.0,8.0,11.0,0.0,18.0,-8.0,0.0,0.0,1.0,-8.0,2.0,2.0,0.0,40.0,0.0
87.0,148.59772,6.0,63.0,17.0,0.0,0.0,100.0,-7.0,7.0,8.0,18.0,2.0,20.0,11.671975,0.0,0.0,0.0,91.0,1.0,2.0,0.0,34.33322,0.0
70.0,244.88626,35.068207,84.51875,5.5640826,3.0,0.0,70.688866,4.0,3.0,2.0,9.450895,0.0,38.0,-7.0,0.0,0.0,0.0,-8.0,1.0,1.0,0.0,100.0,0.0
80.0,169.74284,9.0,85.96396,22.0,0.0,0.0,91.82597,38.824604,6.0,6.0,25.342152,2.0,25.0,20.84979,0.0,0.0,5.0,-8.0,2.0,1.0,0.0,44.002285,0.0
81.0,114.22205,2.0,69.75374,32.2697,0.0,0.0,100.0,-7.0,7.0,8.0,43.66307,4.0,45.385513,0.0,1.0,1.0,11.638716,-8.0,2.0,1.0,1.0,50.0,0.0
80.0,346.39566,5.0,87.144005,55.36051,0.0,0.0,100.0,-7.0,7.0,8.0,58.9106,2.6262352,36.0,0.0,1.0,1.0,6.1283355,49.211723,8.0,6.0,0.0,46.220116,0.0
91.0,256.21118,5.0,82.90906,10.0,0.0,0.0,100.0,-7.0,7.0,8.0,15.0,3.0,45.0,12.0,1.0,1.0,5.5382395,99.30989,1.0,3.0,0.0,35.71937,0.0
87.0,441.73328,21.972702,138.706,33.36823,0.0,0.0,100.0,-7.0,7.0,8.0,35.249702,0.0,19.0,0.0,1.0,1.0,1.0,-8.0,4.0,1.0,0.0,43.0,0.0
59.130814,199.03104,2.0,75.43389,39.0,1.0,0.0,92.550385,-2.6036615,2.7099137,5.0,45.703903,2.0,43.0,4.3277874,0.0,0.0,30.183834,-8.0,9.526004,3.0,0.0,62.39662,0.0
72.0,461.27313,8.0,126.91263,25.0,0.0,0.0,97.0,55.68186,6.0,6.0,25.404482,3.0,19.0,-7.0,0.0,0.0,43.155636,6.310499,10.902107,2.0,4.0,67.0,0.0
87.0,187.72087,35.81895,126.86309,13.0,0.0,0.0,100.0,-7.0,7.0,8.0,12.0,0.0,36.0,-7.0,0.0,0.0,0.0,-8.0,1.0,2.0,0.0,67.0,0.0
81.0,256.83768,12.0,75.737686,19.0,0.0,0.0,84.392166,10.785492,6.0,6.0,26.0,0.0,20.0,3.0,1.0,1.0,7.0,-8.0,3.0,1.0,0.0,46.5186,0.0
80.0,147.73886,7.760564,69.46138,28.0,0.0,0.0,100.0,-7.0,7.0,8.0,24.0,2.0,20.0,5.890222,0.0,0.0,19.359829,-8.0,7.0,1.0,0.0,52.08875,0.0
85.0,174.37482,23.262135,139.19629,8.04489,0.0,0.0,88.0,27.9389,6.0,6.0,9.936753,0.0,25.0,0.0,0.0,0.0,1.0,-8.0,1.0,-8.0,0.0,35.812748,0.0
67.59499,348.05374,2.0,111.88915,31.0,1.0,1.0,100.0,-7.0,7.0,8.0,30.0,1.5836374,39.707348,1.0,0.0,0.0,25.0,50.050095,9.0,2.0,4.0,100.0,0.0
83.0,225.5012,17.362577,96.48117,37.87817,0.0,0.0,100.0,-7.0,7.0,8.0,44.771587,0.0,17.0,2.0,0.0,0.0,3.983001,70.918755,1.0,2.0,0.0,35.969013,0.0
83.0,139.35904,20.0,66.9206,11.863654,0.0,0.0,100.0,-7.0,7.0,8.0,7.147098,0.0,35.0,-7.7108064,1.0,1.0,42.70815,-8.0,3.0,2.0,0.0,76.21697,0.0
-9.0,-9.0,-9.0,-9.0,-9.0,-9.0,-9.0,-9.0,-9.0,-9.0,-9.0,-9.0,-9.0,-9.0,-9.0,-9.0,-9.0,-9.0,-9.0,-9.0,-9.0,-9.0,-9.0,0.0
88.0,253.52802,23.853954,94.54161,24.240206,0.0,0.0,100.0,-7.0,7.0,8.0,23.0,0.0,24.0,-7.0,1.0,1.0,0.0,34.342297,-9.0,2.0,0.0,59.096527,0.0
73.0,-9.0,17.0,42.859886,7.044132,0.0,0.0,100.0,-7.0,7.0,8.0,5.3995886,0.0,55.30081,0.0,5.9713244,6.1130943,41.355934,75.71245,2.0,1.0,0.0,100.0,0.0
78.0,129.636,8.0,58.987957,20.0,0.0,0.0,100.0,-7.0,7.0,8.0,19.484941,1.0,36.344822,1.0,0.0,0.0,31.011808,-8.0,5.0,2.0,0.0,62.763535,0.0
76.81202,235.43742,2.0,88.24191,34.0,0.0,0.0,100.0,79.948006,6.0,6.0,37.0,3.0,50.980114,1.0,1.9378903,1.0,18.0,-8.0,6.0,3.0,0.0,71.0,0.0
77.028824,192.14783,26.21788,120.895134,34.282623,0.0,0.0,99.21272,37.98499,6.0,6.0,50.512405,0.0,24.0,14.981482,0.0,0.0,30.16021,-8.0,2.0,1.0,1.0,40.0,0.0
77.30692,86.480415,6.0,50.911774,18.0,0.0,0.0,100.0,-7.0,7.0,8.0,19.0,1.0,47.514473,-7.0,0.0,0.0,8.916494,78.05138,2.0,2.0,0.0,52.077312,0.0
75.0,159.83694,1.0,56.7279,30.497068,0.0,0.0,100.0,-7.0,7.0,8.0,34.0,2.0,29.0,3.0,2.0,2.0,15.0,-8.0,6.0,3.0,0.0,50.0,0.0
84.0,222.56732,20.905312,120.4661,17.0,0.0,0.0,100.0,-7.0,7.0,8.0,18.0,0.0,56.806595,0.0,2.0,2.0,8.201344,-8.0,2.0,4.0,0.0,83.0,0.0
70.4185,408.17386,3.0,98.819725,27.0,1.0,1.0,100.0,-7.0,7.0,8.0,26.0,3.0,11.0,19.103022,0.0,0.0,6.0,63.744305,6.0,2.0,0.0,43.0,0.0
82.0,71.090004,11.0,63.318565,7.0,0.0,0.0,100.0,-7.0,7.0,8.0,9.0,0.0,99.50701,7.0,0.0,0.0,-9.0,32.132526,-9.0,2.0,-9.0,83.0,0.0
55.266033,222.66626,6.0,62.439884,27.0,3.0,3.4196908,96.0,-7.0,-9.0,5.0,33.0,5.0,38.0,1.0,2.0,1.0,28.127281,63.787018,2.0,1.0,0.0,40.758926,0.0
86.0,143.6589,3.0,82.0,25.0,0.0,0.0,100.0,-7.0,7.0,8.0,30.0,1.0,23.325298,0.0,0.0,0.0,0.0,100.0,1.0,3.0,0.0,39.29498,0.0
70.0,126.18647,8.0,67.0,38.60024,2.0,2.0,100.0,18.211536,0.3376173,6.0,44.612988,1.0,33.0,-7.0,0.0,0.0,8.0,-8.0,3.0,3.0,0.0,65.40224,0.0
87.0,123.54718,2.0,105.40741,6.144572,0.0,0.0,100.0,-7.0,7.0,8.0,7.0,1.0,23.0,1.0,4.0550838,4.0,3.0,-8.0,1.0,1.0,0.0,56.16373,0.0
66.0,189.71286,5.0,82.0,21.0,2.0,3.094297,69.755356,24.251326,6.0,2.0,12.733025,2.0,18.0,0.0,0.0,0.0,67.23546,-8.0,3.0,-8.0,1.0,35.333496,0.0
57.256355,153.3421,2.0,61.0,28.0,1.0,0.0,86.60579,13.391691,6.0,5.6889873,43.19841,8.193986,60.63406,0.0,5.0,4.793292,68.289116,84.29988,6.0,5.0,1.0,83.0,0.0
83.0,253.62433,20.465942,130.42471,16.442167,0.0,0.0,100.0,-7.0,7.0,8.0,16.309877,0.0,4.5543017,-7.0,0.0,0.0,59.329018,-8.0,6.0,-2.8596628,0.0,100.0,0.0
76.0,220.27739,3.0,63.0,28.0,0.0,0.0,100.0,-7.0,7.0,8.0,26.341036,3.0,35.0,6.0,0.0,0.0,38.006035,-8.0,4.817882,4.0,2.8113992,71.0,0.0
65.0,169.69475,2.0,74.0,44.50391,0.0,0.0,96.0,1.0,-1.6307186,6.0,47.404808,1.0,45.0,0.0,0.0,0.0,9.03583,56.44275,5.0,3.0,0.0,72.56165,0.0
80.0,609.9703,8.0,125.845985,16.751986,0.0,0.0,95.0,24.559544,6.0,6.0,17.0,0.0,33.0,0.0,0.0,0.0,8.0,-8.0,2.0,1.0,0.0,50.0,0.0
81.0,214.28499,10.0,92.0,7.3247633,0.0,0.0,100.0,-7.0,7.0,8.0,9.0,1.0,20.0,4.0,0.0,0.0,36.731888,-8.0,3.0,-8.0,0.0,92.14315,0.0
80.0,198.3943,6.0,73.53109,25.0,0.0,0.0,100.0,-7.0,7.0,8.0,27.0,1.0,17.838902,2.0,7.7528358,6.813794,10.0,94.295166,2.0,2.0,0.0,64.0,0.0
73.0,124.782394,1.6316134,47.128532,18.0,0.0,0.0,100.0,-7.0,7.0,8.0,25.0832,3.0,8.394159,0.0,5.0,4.9088597,22.96375,-8.0,2.0,-8.0,0.0,28.781965,0.0
-9.0,-9.0,-9.0,-9.0,-9.0,-9.0,-9.0,-9.0,-9.0,-9.0,-9.0,-9.0,-9.0,-9.0,-9.0,-9.0,-9.0,-9.0,-9.0,-9.0,-9.0,-9.0,-9.0,0.0
81.0,175.10625,5.0,72.3864,24.0,0.0,0.0,100.0,-7.0,7.0,8.0,24.0,3.0,24.0,5.0,1.0,1.0,9.0,82.71116,4.0,1.0,0.0,50.0,0.0
75.0,263.29935,3.0,81.0,30.0,0.0,0.0,100.0,-7.0,7.0,8.0,27.999866,2.0,30.0,-7.0,0.0,0.0,13.153715,59.15547,6.0,4.0,0.0,79.46441,0.0
82.0,178.23288,3.0,61.347897,27.0,0.0,0.0,100.0,-7.0,7.0,8.0,27.819834,1.0,29.77128,15.554684,0.0,0.0,5.0,60.312714,4.0,4.4886446,0.0,56.887512,0.0
87.0,320.82208,2.0,90.0,25.0,0.0,0.0,100.0,-7.0,7.0,8.0,27.257866,3.0,17.0,0.0,0.0,0.0,0.0,83.222466,3.0,2.0,0.0,25.0,0.0
80.0,403.3774,2.0,140.07146,45.931705,0.0,0.0,96.85285,22.305506,5.0,6.0,41.801685,3.0,24.405863,0.0,4.0,4.0,5.190947,58.343723,5.0,1.0,0.0,42.376266,0.0
84.0,187.94852,14.0,107.72154,19.0,0.0,0.0,100.0,-7.0,7.0,8.0,15.0,0.0,36.0,-8.0,0.0,0.0,9.0,65.48668,2.0,3.0,0.0,60.0,0.0
79.0,187.92964,3.0,58.0,17.0,0.0,0.0,89.4925,31.586098,6.0,6.0,16.0,9.674069,54.024445,1.0,1.0,1.0,0.0,94.15905,1.0,2.0,0.0,31.419258,0.0
79.0,159.0103,19.897713,84.0,20.16572,0.0,0.0,100.0,-7.0,7.0,8.0,26.0,0.0,59.09966,16.970936,1.0,1.0,32.28648,-8.0,2.0,2.0,0.0,67.0,0.0
69.0,170.64572,2.0,49.359398,21.0,0.0,0.0,97.0,16.339985,6.0,6.0,24.0,3.0,38.0,0.0,3.0,3.0,36.197582,82.0,3.0,2.0,0.0,53.29141,0.0
70.76179,147.81793,5.0,92.0,25.0,1.0,1.0,100.0,35.2755,6.0,3.391788,19.0,2.0,62.4418,-8.0,0.0,0.0,53.917023,57.65888,4.0,4.0,1.0,83.264786,0.0
85.0,423.99893,7.0,120.732056,34.0,0.0,0.0,100.0,-7.0,7.0,8.0,46.88485,2.0,10.089289,8.801971,0.0,0.0,7.463952,-8.0,5.0,1.0,0.0,17.587578,0.0
70.0,36.52546,6.0,60.016,19.0,2.0,1.647723,86.9547,31.871588,6.0,2.0,25.0,2.0,41.0,0.0,1.0,1.0,109.29959,-8.0,2.0,3.0,0.0,80.0,0.0
80.0,212.89447,12.0,77.51943,42.714993,0.0,0.0,96.0,10.056797,6.0,6.0,44.58158,1.0,16.645235,0.0,2.0,1.0,13.757316,-8.0,2.0,-9.0,0.0,20.271772,0.0
66.669846,119.85081,4.0,41.735577,30.0,0.0,0.0,97.0,15.95528,6.0,6.0,34.0,4.0,31.0,2.0,1.0,1.0,42.581303,77.744026,6.0,2.0,0.0,75.0,0.0
78.0,166.9625,2.0,70.65319,24.428177,0.0,0.0,100.0,-7.0,7.0,8.0,22.064579,6.0,14.0,0.0,0.0,0.0,18.0,-8.0,4.0,1.0,0.0,37.78282,0.0
-9.0,-9.0,-9.0,-9.0,-9.0,-9.0,-9.0,-9.0,-9.0,-9.0,-9.0,-9.0,-9.0,-9.0,-9.0,-9.0,-9.0,-9.0,-9.0,-9.0,-9.0,-9.0,-9.0,0.0
73.0,271.44843,12.0,72.0,29.0,0.0,0.0,96.0,48.13312,6.0,6.0,24.0,0.0,0.97711176,0.0,3.0,3.0,13.247156,49.55308,10.152547,2.0,1.0,60.0,0.0
-9.0,-9.0,-9.0,-9.0,-9.0,-9.0,-9.0,-9.0,-9.0,-9.0,-9.0,-9.0,-9.0,-9.0,-9.0,-9.0,-9.0,-9.0,-9.0,-9.0,-9.0,-9.0,-9.0,0.0
56.96597,372.96326,3.0,101.19067,23.0,2.0,0.0,75.10116,-7.0,-9.0,2.0,28.0,2.0,27.0,0.0,1.0,1.0,36.543457,93.0,9.791642,2.0,3.0,71.0,0.0
87.0,198.6989,45.065296,100.20782,12.0,0.0,0.0,100.0,-7.0,7.0,8.0,14.0,0.0,66.077576,-8.0,0.0,0.0,0.0,41.571964,3.0,1.0,0.0,100.0,0.0
90.0,331.88464,3.0689404,294.91534,10.897009,0.0,0.0,100.0,-7.0,7.0,8.0,13.0,0.0,8.367317,0.0,1.5489309,1.0,2.0,-8.0,2.0,1.0,0.0,67.0,0.0
89.0,722.6848,25.446121,148.06181,16.490253,0.0,0.0,100.0,-7.0,7.0,8.0,16.735546,0.0,13.0,-8.0,0.0,0.0,1.0,-8.0,3.0,-8.0,0.0,25.0,0.0
82.0,421.3342,5.0,71.0,44.543713,0.0,0.0,100.0,-7.0,7.0,8.0,52.590897,2.0,22.0,0.0,0.0,0.0,18.57684,17.004932,3.0,2.0,0.0,52.503105,0.0
72.0,148.65952,9.0,76.0,29.0,0.0,0.0,100.0,-7.0,7.0,8.0,26.0,1.0,46.0,11.388234,0.0,0.0,33.845364,90.37017,5.0,5.699064,1.0,75.0,0.0
77.743,281.28668,10.0,94.16369,22.0,0.0,0.0,100.0,-7.0,7.0,8.0,24.0,0.0,30.025291,-7.0,0.0,0.0,10.89024,-8.0,3.0,1.0,0.0,50.0,0.0
81.8246,147.39568,6.0,65.0,28.0,0.0,0.0,100.0,-7.0,7.0,8.0,31.115585,2.0,39.539772,0.0,1.0,1.0,22.944662,61.23281,2.0,2.0,0.0,33.0,0.0
66.22067,265.358,8.04786,77.0,19.0,1.0,0.0,88.0,23.477167,6.0,2.7416506,34.0,1.0,47.77919,0.0,0.0,0.0,89.65003,58.012646,4.627398,2.0,3.2070625,100.0,0.0
79.0,350.88647,3.0,88.03535,31.0,0.0,0.0,95.0,31.958046,6.0,6.0,35.335495,1.0,18.952291,6.0,3.0,2.0,6.2530055,98.391266,5.0,3.0,0.0,50.0,0.0
79.0,253.76639,3.0,86.09665,13.0,0.0,0.0,88.0,50.62007,6.0,5.0,17.0,2.0,45.849533,6.0786934,0.0,0.0,19.53324,-8.0,3.0,1.0,0.0,63.0,0.0
87.0,329.81586,11.031861,123.98578,29.0,0.0,0.0,100.0,-7.0,7.0,8.0,33.0,1.0,40.0,0.0,3.0,3.0,1.0,98.95735,0.539333,2.0,0.0,33.0,0.0
73.0,413.2132,19.772999,134.03836,17.0,0.0,0.0,100.0,-7.0,7.0,8.0,18.32472,0.0,25.490265,-8.0,0.0,0.0,52.99145,47.875114,4.0,1.0,1.0,80.0,0.0
87.0,370.88498,7.0,123.76133,22.0,0.0,0.0,100.0,-7.0,7.0,8.0,16.0,1.0,20.04351,10.92595,0.0,0.0,2.0,-8.0,2.0,-8.0,0.0,7.720471,0.0
73.0,159.9332,4.0,77.70866,33.593452,0.0,0.0,100.0,-7.0,7.0,8.0,27.0,2.0,24.0,0.0,5.664063,5.0,48.62852,32.951103,4.0,2.0,3.3163939,44.0,0.0
87.0,424.48608,2.0,150.55215,41.494804,0.0,0.0,100.0,-7.0,7.0,8.0,42.99702,3.0,19.0,1.0,2.0,2.0,2.0,76.0663,3.0,2.0,0.0,20.532257,0.0
80.0,135.28929,3.0,55.32877,28.0,0.0,0.0,100.0,-7.0,7.0,8.0,29.500463,2.0,43.0,0.0,3.0,2.0,15.804849,65.450905,3.0,2.0,0.0,63.865654,0.0
68.0,54.492928,8.0,57.283623,14.0,0.0,0.0,87.39657,48.830116,6.0,6.0,19.0,1.0,45.0,7.0,0.0,0.0,91.56005,-8.0,1.0,1.0,0.0,80.836136,0.0
75.0,107.68426,1.9126091,92.0,21.0,0.0,0.0,100.0,-7.0,7.0,8.0,20.507189,2.0,31.653687,3.4987032,2.0,2.0,27.61418,81.41638,5.0,2.0,1.0,57.0,0.0
85.95397,236.78381,18.083975,142.44412,13.0,0.0,0.0,100.0,-7.0,7.0,8.0,18.0,0.0,57.5975,0.0,0.0,0.0,1.0,-8.0,2.0,2.0,0.0,100.0,0.0
70.0,371.06924,16.1375,100.0,24.0,0.0,0.0,94.0,14.424866,6.0,6.0,25.772142,0.0,23.0,0.0,0.0,0.0,49.282944,91.6082,6.0,2.0,2.0,64.0,0.0
88.0,296.9004,33.73469,91.47337,18.0,0.0,0.0,100.0,-7.0,7.0,8.0,21.0,0.0,33.0,5.0,0.0,0.0,6.033068,52.324886,4.0,1.0,0.0,82.84536,0.0
67.12997,162.75153,4.0,70.57803,21.0,0.0,0.0,100.0,-7.0,7.0,8.0,23.0,4.0,13.0,1.0,1.0,1.0,32.669815,-8.0,7.9778714,1.0,4.9298286,63.0,0.0
80.25654,381.51294,12.0,125.00432,36.616776,0.0,0.0,100.0,-7.0,7.0,8.0,30.0,0.0,24.0,0.0,1.0,1.0,29.66111,-8.0,7.0,1.0,0.0,50.0,0.0
69.77339,148.38264,3.0,64.05901,31.107973,0.0,0.0,100.0,-7.0,7.0,8.0,21.0,5.0,27.0,2.0,1.0,1.0,70.87258,58.411163,3.012323,3.0,1.0,73.0,0.0
-9.0,-9.0,-9.0,-9.0,-9.0,-9.0,-9.0,-9.0,-9.0,-9.0,-9.0,-9.0,-9.0,-9.0,-9.0,-9.0,-9.0,-9.0,-9.0,-9.0,-9.0,-9.0,-9.0,0.0
80.0,198.28448,7.0,41.422802,14.0,0.0,0.0,100.0,-7.0,7.0,8.0,13.346957,1.0,13.908867,4.0,0.0,0.0,5.886172,-8.0,2.0,1.0,0.0,42.643566,0.0
70.81621,-9.0,13.338267,95.02485,12.0,1.0,1.0,79.53115,1.0,4.0,3.0,-9.0,0.0,23.31402,12.0,0.0,0.0,6.0,70.072586,1.0,2.0,0.0,39.075703,0.0
63.0,86.82488,3.0,58.0,15.0,0.0,0.0,84.90312,51.891956,6.0,6.0,14.0,2.0,59.597923,-7.0,1.0,0.0,83.421906,30.469084,4.0,2.0,2.0,95.378075,0.0
68.0,222.06349,2.0,80.0,30.0,1.0,0.0,88.40032,5.3836465,4.0,5.0,28.0,3.0,21.0,4.0,2.0,2.0,1.0,31.60146,4.0,1.0,0.0,18.538046,0.0
85.36824,283.13055,4.0,93.0,36.0,0.0,0.0,100.0,-7.0,7.0,8.0,34.0,3.0,29.0,1.0,1.0,1.0,5.0,-8.0,3.0,2.0,0.0,33.813892,0.0
70.0,373.9958,2.0,80.0,53.431152,0.0,0.0,100.0,39.50818,4.0,6.0,60.0818,6.0,46.0,4.0,1.0,0.0,48.975185,84.02165,3.0,6.0,1.0,67.0,0.0
89.0,235.33205,3.0,140.60371,20.0,0.0,0.0,100.0,-7.0,7.0,8.0,24.0,1.0,50.0,0.0,1.0,1.0,5.0,-8.0,3.0,2.0,0.0,73.345764,0.0
62.146755,229.1676,4.0,90.0,26.517275,3.0,0.0,91.0,22.957087,6.0,2.0,36.035927,5.1401305,47.606815,0.0,4.547283,4.0,44.772106,91.341,4.0,7.6497364,2.0,83.0,0.0
89.0,196.2621,3.0,133.6518,15.0,0.0,0.0,100.0,-7.0,7.0,8.0,5.6630406,1.0,55.892025,1.0,2.0,2.0,3.0,87.28819,3.0,2.0,0.0,75.0,0.0
-9.0,-9.0,-9.0,-9.0,-9.0,-9.0,-9.0,-9.0,-9.0,-9.0,-9.0,-9.0,-9.0,-9.0,-9.0,-9.0,-9.0,-9.0,-9.0,-9.0,-9.0,-9.0,-9.0,0.0
84.0,219.45554,2.0,83.0,25.095102,0.0,0.0,100.0,-7.0,7.0,8.0,22.0,2.0,45.662308,0.0,2.0,2.0,7.0,-8.0,4.0,3.0,0.0,65.82691,0.0
85.0,312.10257,13.053409,103.05997,30.0,0.0,0.0,100.0,-7.0,7.0,8.0,32.0,1.0,19.0,8.0,1.0,1.0,10.0,47.678604,8.123864,2.0,0.0,67.0,0.0
86.0,176.96721,2.0,78.18335,36.26333,0.0,0.0,100.0,-7.0,7.0,8.0,47.852413,3.0,37.953503,3.2681088,0.0,0.0,9.444153,-8.0,3.0,2.0,0.0,53.131603,0.0
71.0,267.95444,1.0,65.760056,28.0,0.0,0.0,96.661224,59.655567,6.0,6.0,32.0,5.0,37.0,0.0,1.0,1.0,54.02284,76.44911,6.4696503,3.0,1.2004356,75.0,0.0
59.697685,129.74081,8.0,63.0,27.685654,0.0,0.0,100.0,-7.0,-9.0,6.0,28.0,1.0,47.0,22.983694,0.0,0.0,36.0,80.0,5.0,5.8435187,0.0,73.0,0.0
73.0,168.11722,6.0,97.64294,12.0,3.550114,0.0,77.081924,36.526367,6.0,3.0,13.524996,2.0,17.240307,3.0,0.0,0.0,0.0,83.73947,2.0,2.0,0.0,43.0,0.0
88.0,328.72668,40.365627,109.38805,13.0,0.0,0.0,100.0,-7.0,7.0,8.0,11.0,0.0,17.0,0.0,0.0,0.0,0.0,-8.0,1.0,1.0,0.0,24.765318,0.0
85.0,164.50078,14.7824745,108.6671,25.0,1.0,1.0,96.0,74.33466,6.0,4.0,5.3798084,0.0,0.0,18.769617,0.0,0.0,0.9997801,-8.0,0.98014075,1.0,0.0,-9.0,0.0
75.0,220.46773,4.0,83.18443,36.0,1.0,1.0,100.0,-7.0,6.0,8.0,32.0,2.0,31.0,5.0,0.0,0.0,7.0,77.26346,4.0,2.0,0.0,35.518623,0.0
68.0,304.27142,5.0,102.771324,36.584953,1.0,1.0,93.0,11.544467,6.0,2.0,35.0,1.0,24.492943,0.0,1.0,1.0,42.21589,75.99894,20.943209,4.0,5.10852,80.0,0.0
70.0,144.9918,8.0,56.62221,25.0,0.0,0.0,100.0,-7.0,7.0,8.0,27.0,1.0,25.0,-6.449512,1.0,1.0,52.369858,25.723345,9.0,2.0,1.0,60.0,0.0
86.60741,191.40529,3.0,39.761623,15.0,0.0,0.0,100.0,-7.0,7.0,8.0,18.0,2.0,46.0,1.0,3.0,3.0,6.0,-8.0,2.0,1.0,0.0,36.284927,0.0
75.0,170.25896,3.0,98.11825,29.0,0.0,0.0,97.0,53.92059,6.0,6.0,30.0,2.0,28.0,0.0,2.0,2.0,21.795866,76.0,3.0,3.0,1.0,75.0,0.0
87.0,134.57361,17.0,114.49925,17.0,0.0,0.0,100.0,-7.0,7.0,8.0,22.0,0.0,33.0,-7.0,0.0,0.0,0.93496746,22.028107,2.0,1.0,0.0,60.0,0.0
-9.0,-9.0,-9.0,-9.0,-9.0,-9.0,-9.0,-9.0,-9.0,-9.0,-9.0,-9.0,-9.0,-9.0,-9.0,-9.0,-9.0,-9.0,-9.0,-9.0,-9.0,-9.0,-9.0,0.0
71.56073,159.5431,10.0,71.0,21.0,0.0,0.0,100.0,-7.0,7.0,8.0,19.577059,0.0,13.930677,5.946575,0.0,0.0,51.452553,-8.0,5.0,-8.0,2.0,79.52892,0.0
75.0,165.25891,-9.0,95.429855,20.0,0.0,0.0,96.0,32.26002,6.0,6.0,21.0,2.0,32.0,0.0,2.0,2.0,32.381004,92.40021,3.0,2.0,0.0,73.0,0.0
87.16877,226.3545,14.0,101.11249,35.776276,0.0,0.0,100.0,-7.0,7.0,8.0,30.0,0.0,28.0,-7.0,0.0,0.0,0.0,-8.0,-9.0,2.0,0.0,23.412306,0.0
71.0,369.1083,1.3768915,89.668365,42.28476,0.0,0.0,100.0,-7.0,7.0,8.0,44.455166,5.3471785,37.13165,-7.0,1.0,1.0,53.861073,84.90679,6.0,3.0,4.0,69.95449,0.0
78.0,396.2105,8.0,89.85127,14.089417,0.0,0.0,88.0,35.06469,6.0,6.0,18.0,1.0,41.0,0.0,1.0,1.0,5.052923,-8.0,2.0,2.0,0.0,56.297405,0.0
70.0,293.20895,26.636139,158.06819,20.0,0.0,0.0,93.0,3.0,4.0,6.0,20.0,0.0,31.0,3.0,1.0,1.0,24.481602,-8.0,4.0,2.0,0.0,71.0,0.0
72.0,255.49992,24.88942,97.25299,12.0,0.0,0.0,69.59044,34.65516,6.0,6.0,15.0,0.0,59.605503,6.0,2.0,1.0,84.31309,58.129105,2.0,3.0,0.0,75.0,0.0
63.0,199.78574,0.5438406,90.0,51.553574,0.0,0.0,97.0,26.591494,6.0,6.0,63.858765,3.0,21.0,-7.0,5.977314,5.5116034,31.869215,100.0,16.560091,2.0,2.0,60.0,0.0
76.0,256.4848,20.0,81.495346,22.01018,0.0,0.0,95.0,-7.0,4.0,6.0,25.0,0.0,44.0,5.3840246,1.0,1.0,18.0,-8.0,1.4427305,3.0,0.0,64.319046,0.0
85.3889,165.80135,4.0,81.08392,17.0,0.0,0.0,100.0,-7.0,7.0,8.0,22.0,1.0,28.0,0.0,5.7408037,6.083468,3.2298837,97.26134,2.0,1.0,0.0,50.0,0.0
68.0,178.85301,8.0,61.0,23.0,2.361611,2.0,88.78401,14.128679,5.6587152,5.0,24.0,1.0,36.0,1.0,0.0,0.0,56.485344,12.929024,3.0,2.0,0.0,60.0,0.0
85.11863,242.40816,4.0,129.99146,36.0,0.0,0.0,100.0,-7.0,7.0,8.0,6.1647134,2.0,21.0,21.697777,0.0,0.0,2.0,64.4985,4.234799,2.0,0.0,50.0,0.0
78.0,162.3894,14.809862,107.24766,22.999426,0.0,0.0,100.0,-7.0,7.0,8.0,27.0,0.0,36.55099,0.0,1.0,1.0,11.0,-8.0,1.0,1.0,0.0,50.0,0.0
83.0,356.4992,16.787273,97.0,12.0,0.0,0.0,100.0,-7.0,7.0,8.0,9.395685,0.0,11.724934,-7.0,0.0,0.0,14.753168,-8.0,2.0,-8.0,0.0,44.533504,0.0
78.0,244.26721,6.0,88.3554,27.0,1.0,1.0678358,100.0,-7.0,7.0,8.0,12.888739,1.0,31.0,21.30862,0.0,0.0,0.0,88.0,2.0,4.0,0.0,37.52142,0.0
77.0,91.97526,10.523856,44.18616,17.0,0.0,0.0,100.0,-7.0,7.0,8.0,22.0,0.8575652,26.232197,0.0,2.0,2.0,5.0,93.50665,3.0,2.0,0.0,50.0,0.0
88.0,217.8016,6.0,88.172745,29.0,0.0,0.0,100.0,-7.0,7.0,8.0,35.581615,3.0,18.424788,0.0,0.0,0.0,0.0,-8.0,0.747962,1.0,0.0,-9.0,0.0
70.0,201.87772,-9.0,76.53221,40.46982,0.0,0.0,100.0,-7.0,7.0,8.0,42.715054,8.485126,22.0,2.685587,1.0,1.0,44.264423,93.48616,7.0,2.0,2.0,50.0,0.0
83.0,364.62106,33.56124,169.06386,8.5037775,1.3889662,0.0,88.0,66.355804,6.0,3.0,12.0,0.0,10.865633,0.0,0.0,0.0,9.0,-8.0,1.0,-8.0,0.0,32.070354,0.0
68.0,157.67418,7.0,65.303566,23.099041,0.0,0.0,100.0,-7.0,7.0,8.0,23.0,2.0,17.0,7.0,0.0,0.0,40.95423,84.767525,3.0,3.0,4.0,40.0,0.0
78.0,173.25337,17.622591,125.023094,14.0,0.0,0.0,100.0,-7.0,7.0,8.0,13.0,0.0,57.948772,-8.0,0.0,0.0,51.96377,56.05717,3.0,3.0,0.0,85.70727,0.0
89.5295,364.79593,5.0,147.0991,19.0,0.0,0.0,100.0,-7.0,7.0,8.0,9.0,1.0,27.0,-7.0727844,0.0,0.0,5.0,100.0,1.0,2.0,0.0,38.0,0.0
87.0,241.54948,6.0,88.975945,25.938084,0.0,0.0,100.0,-7.0,7.0,8.0,44.08775,1.0,25.0,1.0,4.0,4.0,2.8098752,-8.0,1.2660704,1.0,0.0,39.310146,0.0
75.0,236.21806,5.0,86.0,16.0,0.0,0.0,92.0,10.583286,4.0,6.0,20.513538,1.0,27.343044,0.0,0.0,0.0,14.0,98.615524,4.0,2.0,0.0,56.0,0.0
84.0,177.65956,11.0,83.29662,13.0,0.0,0.0,100.0,-7.0,7.0,8.0,15.0,0.0,14.310493,0.0,1.0,1.0,21.0,-8.0,4.0,-9.0,1.0,47.531075,0.0
58.419853,126.37468,1.0,61.753418,27.0,0.0,0.0,85.84495,-3.0420177,6.0,6.0,32.92164,3.0,41.013023,0.0,3.0,3.0,30.20301,33.179024,5.0,3.0,0.0,80.0,0.0
83.0,203.53627,5.0,80.48732,59.928932,0.0,0.0,100.0,-7.0,7.0,8.0,53.132946,1.0,29.0,1.0,2.0,2.0,5.372543,95.7784,4.0,1.0,1.0,27.004831,0.0
61.93254,255.80583,3.0,69.4855,28.0,2.0,0.0,76.57511,22.602924,6.0,3.636622,37.36629,2.0,25.0,4.0,1.0,1.0,77.113014,-8.0,1.0,2.0,1.0,52.021595,0.0
78.0,173.33606,8.0,99.792595,14.0,0.0,0.0,100.0,-7.0,7.0,8.0,19.0,0.0,42.0,0.0,1.0,1.0,59.86416,-8.0,3.0,1.0,0.0,82.319534,0.0
77.0,201.61343,3.0,74.0,28.0,0.0,0.0,100.0,-7.0,7.0,8.0,29.318987,2.0,25.0,0.0,3.0,2.7486532,4.0,59.454243,3.0,2.0,0.0,25.29094,0.0
79.0,236.25665,12.0,73.69176,21.0,0.0,0.0,92.0,21.644825,5.0,6.0,24.37906,0.0,19.080585,8.148728,0.0,0.0,12.661242,91.0,4.0,2.0,0.0,54.479897,0.0
74.0,219.77159,15.0,79.0,10.0,2.0,1.0,81.41348,17.379105,6.0,4.0,14.273984,0.0,20.0,0.0,1.0,1.0,9.0,-8.0,3.0,-8.0,0.0,43.388134,0.0
84.90494,415.81793,9.0,117.562965,30.0,0.0,0.0,100.0,-7.0,7.0,8.0,40.37511,2.0,40.0,0.7436145,2.0,1.0,29.122904,50.51797,1.0,3.0,0.0,62.430626,0.0
60.017788,178.31859,4.0,93.06763,25.440733,0.0,0.0,88.77399,36.529083,6.0,6.0,26.0,2.0,21.20801,0.0,0.0,0.0,79.2374,58.63507,7.0,3.0,3.0,85.511116,0.0
76.0,191.31526,6.0,65.0,36.725502,0.0,0.0,93.48693,4.0,2.9462373,6.0,29.0,1.0,16.0,-7.0,0.0,0.0,1.9464257,-8.0,3.0,1.0,0.0,43.0,0.0
85.0,228.0667,1.0,63.859035,20.99525,0.0,0.0,100.0,-7.0,7.0,8.0,21.0,2.0,26.436832,3.0,1.0,1.0,7.8930736,60.926826,4.0,2.0,0.0,40.0,0.0
75.0,331.19626,7.0,115.18676,24.0,0.0,0.0,100.0,-7.0,7.0,8.0,20.0,2.0,27.0,0.0,1.0,0.0,27.923237,87.819145,4.0,2.0,2.0,40.30379,0.0
81.0,387.5886,19.215054,116.276596,17.0,0.0,0.0,100.0,-7.0,7.0,8.0,21.0,0.0,42.296368,9.0,0.0,0.0,1.0,72.37156,1.0,3.0,0.0,57.0,0.0
75.0,429.76807,2.656273,114.74008,30.501032,0.0,0.0,100.0,-7.0,7.0,8.0,35.0,1.0,31.80715,0.0,2.0,2.0,20.829967,78.19719,6.0,4.0,0.0,64.0,0.0
85.0,104.309784,8.0,52.235977,15.0,0.0,0.0,100.0,-7.0,7.0,8.0,17.0,2.0,6.3865314,-7.0,6.6301093,6.4313936,2.0,-8.0,3.0,-8.0,0.0,42.111004,0.0
64.28733,189.4216,28.14833,68.0,28.0,2.0,0.0,83.72469,18.801289,6.0,5.0,30.0,0.0,50.0,4.4773617,1.0,1.0,67.55323,22.665098,12.974424,2.0,4.47534,100.0,0.0
82.0,121.77976,12.0,68.225624,18.0,0.0,0.0,100.0,-7.0,7.0,8.0,21.851433,0.0,57.562683,0.0,0.0,0.0,13.905665,79.062256,1.0,3.0,0.0,86.0,0.0
71.0,188.04074,30.34161,158.1972,13.0,2.4717066,1.0,79.773544,11.862602,6.0,4.0,14.0,0.0,25.0,-7.0,0.0,0.0,31.794786,-8.0,1.0,-8.0,0.0,50.0,0.0
-9.0,-9.0,-9.0,-9.0,-9.0,-9.0,-9.0,-9.0,-9.0,-9.0,-9.0,-9.0,-9.0,-9.0,-9.0,-9.0,-9.0,-9.0,-9.0,-9.0,-9.0,-9.0,-9.0,0.0
83.933235,221.4655,8.0,108.9847,17.0,0.0,0.0,100.0,-7.0,7.0,8.0,19.489298,1.0,30.0,0.0,0.0,0.0,32.290062,-8.0,3.0,2.0,1.0,50.0,0.0
85.0,386.29993,18.776045,100.25463,27.0,0.0,0.0,96.77456,18.403475,6.0,6.0,41.164967,0.0,26.858128,0.0,0.0,0.0,3.551538,-8.0,2.0,1.0,0.0,29.505203,0.0
76.63873,198.91998,2.0,66.81214,46.80822,0.0,0.0,100.0,-7.0,7.0,8.0,43.41519,2.0,14.0,1.0,0.0,0.0,23.391846,48.61636,2.0,2.0,1.0,-9.0,0.0
72.94076,165.64491,4.0,94.34672,22.649757,0.0,0.0,100.0,-7.0,7.0,8.0,17.397732,4.0,28.0,0.0,1.0,1.0,30.2126,-8.0,3.0,2.0,0.0,46.96311,0.0
67.64776,190.5568,2.0,64.64791,37.223064,0.0,0.0,92.0,8.375773,6.0,6.0,44.122795,4.0,20.0,5.0,0.0,0.0,70.85637,69.3934,11.0,2.0,8.8991995,83.0,0.0
89.0,376.94727,7.6802588,114.62638,21.0,0.0,0.0,100.0,-7.0,7.0,8.0,15.0,2.0,33.0,9.0,0.0,0.0,4.0,-8.0,5.0,1.0,0.0,100.0,0.0
81.05548,262.52646,2.0,86.97719,24.0,0.0,0.0,100.0,-7.0,7.0,8.0,26.0,6.0,24.0,3.0,0.0,0.0,13.0,71.51602,6.0,2.0,1.0,60.01355,0.0
89.267044,139.1622,18.030758,77.0,12.267508,0.0,0.0,100.0,-7.0,7.0,8.0,15.0,0.0,7.874761,-2.7518563,0.0,0.0,1.0,-8.0,1.0,1.0,0.0,23.630411,0.0
76.0,153.18977,2.282245,53.03099,12.143308,0.0,0.0,100.0,-7.0,7.0,8.0,15.52079,2.0,24.675426,-7.0,4.0,4.0,45.86134,-8.0,2.0,1.0,0.0,63.950687,0.0
73.0,318.01205,11.852057,187.09065,9.381794,2.0,0.0,82.3754,47.71371,6.0,4.0,13.0,1.0,9.12596,9.9099455,0.0,0.0,44.37561,-8.0,3.0,-8.0,1.0,54.805458,0.0
89.0,450.20752,18.450592,185.19066,13.0,0.0,0.0,93.0,56.23578,6.0,6.0,10.0,0.0,20.0,-8.0,0.0,0.0,0.0,-8.0,1.0,1.0,0.0,24.636757,0.0
86.756065,189.09341,6.4449778,79.890976,37.565464,0.0,0.0,100.0,-7.0,7.0,8.0,34.98133,1.0,32.378193,-8.0,1.0,1.0,1.0,66.856064,1.0,2.0,0.0,38.0,0.0
77.0,169.99913,2.0,67.0,17.0,0.0,0.0,100.0,-7.0,7.0,8.0,16.733692,3.0,21.0,-7.0,0.0,0.0,22.98747,-8.0,4.0,2.0,0.0,60.0,0.0
86.0,257.7362,50.029404,152.17133,12.0,0.0,0.0,100.0,-7.0,7.0,8.0,13.0,0.0,-9.0,-8.0,0.0,0.0,3.0,-8.0,4.0,-8.0,0.0,59.19903,0.0
62.599957,176.45795,2.0,61.0,21.0,5.785075,7.19087,100.0,-7.0,7.0,8.0,23.0,3.0,40.34984,6.3991423,1.0,1.0,46.621082,-8.0,3.0,1.0,2.0,88.0,0.0
71.0,326.28217,6.0,139.36731,14.0,2.3379018,1.0,89.79108,8.869411,1.6483911,4.8963957,17.0,1.0,36.0,2.0,0.0,0.0,0.0,-8.0,1.0,1.0,0.0,44.0,0.0
83.0,263.9252,5.0,108.16877,9.0,0.0,0.0,100.0,-7.0,7.0,8.0,7.505472,2.0,33.131924,-7.0,0.0,0.0,46.11286,93.0,2.0,1.9119003,0.0,46.799908,0.0
84.0,210.73329,12.0,135.3015,26.0,0.0,0.0,91.91047,31.6825,6.0,6.0,27.822908,0.0,-9.0,0.0,0.0,0.0,4.7047544,67.3736,6.0,1.0,0.0,50.460136,0.0
75.0,137.85402,6.0,68.47146,8.291476,0.0,0.0,100.0,-7.0,7.0,8.0,4.422916,2.0,30.0,-8.0,0.0,0.0,70.50484,-8.0,3.0,1.0,1.0,100.0,0.0
86.0,267.2031,4.0,73.55954,19.0,0.0,0.0,100.0,-7.0,7.0,8.0,18.0,4.0,29.0,-7.0,0.0,0.0,11.0,-8.0,3.0,1.0,0.0,47.668037,0.0
75.0,240.8631,1.2611523,77.41239,51.593655,0.0,0.0,100.0,-7.0,7.0,8.0,46.371704,9.787382,25.0,3.0,1.0,1.0,32.900784,-8.0,6.0,3.0,1.0,50.0,0.0
78.0,162.96518,19.024803,60.68077,9.0,0.0,0.0,94.0,16.480959,6.0,6.0,10.588002,0.0,56.538662,0.0,0.0,0.0,4.0,72.26685,1.0,2.0,0.0,67.0,0.0
73.0,169.24445,5.0,80.0,53.624767,0.0,0.0,100.0,-7.0,7.0,8.0,57.545235,3.0,42.0,0.0,1.0,1.0,46.73115,93.99023,7.0,4.0,1.0,60.0,0.0
71.93344,262.20963,6.0,82.36443,30.0,0.0,0.0,100.0,-7.0,7.0,8.0,30.33082,2.0,30.17907,0.0,1.0,1.647458,31.86802,-8.0,5.0,3.0,0.0,63.0,0.0
70.13819,148.12793,7.0,53.742405,21.0,0.0,0.0,100.0,-7.0,7.0,8.0,22.0,2.0,33.0,3.0,0.7779929,0.0,24.469353,50.435825,3.0,2.707832,1.0,64.0,0.0
89.74194,341.69067,3.0,117.87642,12.0,0.0,0.0,100.0,-7.0,7.0,8.0,7.0,1.0,21.0,0.0,2.0,2.0,4.920757,-8.0,2.0,-8.0,0.0,48.429768,0.0
69.0,265.45767,5.0,86.55698,25.0,0.0,0.0,93.0,24.619204,6.0,6.0,23.0,3.0,36.0,-8.0,0.0,0.0,50.603687,-8.0,6.0,2.0,1.0,77.820656,0.0
88.0,201.40518,4.0,71.0,40.974377,0.0,0.0,100.0,-7.0,7.0,8.0,51.623425,2.0,54.939663,18.091745,1.0,1.0,0.9312253,45.629578,1.0,6.363957,0.0,50.0,0.0
73.0,183.05283,1.9305809,81.81376,30.0,0.0,0.0,100.0,-7.0,7.0,8.0,32.0,4.0,29.0,0.0,3.0,2.0,36.547943,79.66786,6.9838877,2.0,1.0,53.96218,0.0
66.0,304.01245,2.0,86.9622,50.975327,0.0,0.0,91.247246,17.622532,6.0,6.0,52.540737,3.0,25.0,0.0,3.0,3.0,48.59238,93.548416,8.0,3.0,3.0,63.212975,0.0
92.07288,241.0105,4.0,97.107,28.0,0.0,0.0,100.0,-7.0,7.0,8.0,32.0,1.0,38.0,1.0,1.0,1.0,2.0,-8.0,3.0,2.0,0.0,35.573105,0.0
75.0,107.35478,6.0,63.0,23.512915,0.0,0.0,100.0,-7.0,7.0,8.0,24.0,1.0,44.212555,0.0,0.0,0.0,72.40828,-8.0,4.0,1.0,1.0,83.0,0.0
82.0,203.04883,13.73815,101.50652,12.0,0.0,0.0,100.0,-7.0,7.0,8.0,12.0,0.0,14.921119,0.0,0.0,0.0,34.400314,-8.0,3.0,-8.0,2.0,78.645744,0.0
77.333565,449.18637,11.0,105.97521,14.0,0.0,0.0,92.0,25.184988,6.0,6.0,15.0,0.0,41.0,0.0,0.0,0.0,27.927813,90.08337,3.0,2.0,1.0,63.859783,0.0
72.0,177.0998,7.0,56.172165,33.99702,0.0,0.0,92.0,36.644115,6.0,6.0,37.0,1.0,14.064748,0.0,3.0,2.0,34.919884,-8.0,3.0,1.0,0.0,33.0,0.0
84.0,417.9664,4.0,142.36316,17.0,0.0,0.0,95.0,32.643433,6.0,6.0,19.0,1.0,23.0,-7.0,2.0,2.0,21.257988,-8.0,2.0,1.0,0.0,44.0,0.0
82.0,262.81168,-9.0,89.22116,32.09866,0.0,0.0,100.0,-7.0,7.0,8.0,39.12803,3.0,23.0,0.0,5.0,5.186523,12.0,91.30625,3.0,2.0,0.0,46.19816,0.0
87.0,271.12338,2.0,97.0,21.621185,0.0,0.0,100.0,-7.0,7.0,8.0,22.0,2.0,15.0,0.0,3.0,2.0,0.40343308,-8.0,2.0,1.0,0.0,22.219072,0.0
81.380875,489.6538,3.557971,102.04461,47.48795,0.0,0.0,100.0,-7.0,7.0,8.0,51.656925,2.0,13.007587,-7.0,0.0,0.0,7.0,-8.0,9.3785095,-8.0,0.0,44.0,0.0
66.0,340.82672,6.0,119.595085,31.39627,1.0,0.0,92.0,46.33088,6.0,3.0,34.57006,1.0,22.0,0.0,4.0,4.0,24.485764,-8.0,7.0,1.0,2.0,75.0,0.0
91.44811,433.64648,4.0,115.84941,21.0,0.0,0.0,100.0,-7.0,7.0,8.0,40.77484,2.0,14.0,0.0,0.0,0.0,0.0,-8.0,2.0,1.0,0.0,29.734539,0.0
77.0,196.05566,-9.0,87.2502,44.81762,0.0,0.0,93.60932,12.890707,6.0,6.0,52.855213,4.1345644,48.06871,4.0,3.0,2.0,2.521617,-8.0,8.0,6.0,0.0,75.0,0.0
79.0,232.3031,6.1410217,69.909256,12.0,0.0,0.0,86.85513,-7.0,6.0,6.0,12.846567,1.0,67.53352,0.0,0.0,0.0,0.0,63.60397,1.0,3.0,0.0,64.0,0.0
70.0,205.48183,22.734135,103.14109,20.0,0.0,0.0,92.0,28.093735,6.0,6.0,20.984907,0.0,33.0,0.0,0.0,0.0,31.838959,-8.0,5.0,2.0,2.0,67.21511,0.0
-9.0,-9.0,-9.0,-9.0,-9.0,-9.0,-9.0,-9.0,-9.0,-9.0,-9.0,-9.0,-9.0,-9.0,-9.0,-9.0,-9.0,-9.0,-9.0,-9.0,-9.0,-9.0,-9.0,0.0
73.0,86.59681,2.0,71.0,23.0,0.0,0.0,100.0,-7.0,7.0,8.0,7.9693685,2.0,30.180075,1.0,3.0,2.0034163,40.72553,74.54683,4.0,4.0,1.0,77.30165,0.0
92.734146,222.52611,23.276394,116.91723,6.0,0.0,0.0,100.0,-7.0,7.0,8.0,2.7005656,0.0,52.169365,5.948372,0.0,0.0,4.9640775,-8.0,2.0,1.0,0.0,50.0,0.0
78.0,179.07137,7.0,75.0,25.44508,0.0,0.0,100.0,22.29229,6.0,6.0,28.0,1.0,29.062595,0.0,0.0,0.0,43.815952,-8.0,3.0,1.0,1.0,67.0,0.0
64.464386,242.71947,3.0,83.0,21.0,1.0,0.0,94.389404,-7.0,-9.0,6.0,25.823038,3.0,64.5734,0.0,0.0,0.0,81.74042,134.766,4.0,2.0,0.0,83.049126,0.0
84.0,304.81824,11.0,100.0,14.0,0.0,0.0,100.0,-7.0,7.0,8.0,17.0,0.0,43.0,0.0,0.0,0.0,38.094624,40.290966,2.0,2.0,1.0,89.70358,0.0
86.3138,40.323208,28.42799,86.0,6.50211,0.0,0.0,100.0,-7.0,7.0,8.0,-4.930001,0.0,33.0,-8.0,0.0,0.0,2.0,-8.0,2.0,-8.0,0.0,100.0,0.0
-9.0,-9.0,-9.0,-9.0,-9.0,-9.0,-9.0,-9.0,-9.0,-9.0,-9.0,-9.0,-9.0,-9.0,-9.0,-9.0,-9.0,-9.0,-9.0,-9.0,-9.0,-9.0,-9.0,0.0
61.940777,154.2609,17.120293,79.0,27.0,0.0,0.0,90.20574,-7.0,6.0,6.0,23.0,0.0,43.38039,-7.0,0.0,0.0,86.19041,78.32776,11.0,3.0,5.925566,85.06826,0.0
71.0,174.65695,9.0,73.14075,31.98767,0.0,0.0,100.0,-7.0,7.0,8.0,29.0,2.0,64.306,1.0,2.0,2.0,28.750227,51.78962,4.0,2.0,3.0,63.432163,0.0
88.71763,484.62973,29.412014,173.77554,24.0,0.0,0.0,100.0,-7.0,7.0,8.0,33.784138,0.0,38.0,0.0,0.0,0.0,1.0,-8.0,1.0,-5.746911,0.0,33.0,0.0
66.0,183.68022,9.0,117.999886,16.0,0.0,0.0,95.0,-4.155672,-9.0,4.5766716,18.484583,1.0,17.926477,-8.0,1.0,0.0,40.894154,-8.0,3.0,1.0,0.0,75.0,0.0
85.0,261.01816,3.0,77.0,20.22235,0.0,0.0,100.0,-7.0,7.0,8.0,18.0,2.0,31.0,3.016979,1.0,1.0,2.0,77.15425,2.0,3.0,0.0,46.23365,0.0
67.0,230.85574,30.178997,149.83644,14.518083,0.0,0.0,89.0,16.528233,4.0,6.0,18.0,0.0,40.0,0.0,0.0,0.0,32.866272,1.402737,5.0,3.0,0.0,77.3074,0.0
80.0,159.40872,21.583385,97.669205,19.0,0.0,0.0,100.0,-7.0,7.0,8.0,14.0,0.0,15.0,9.0,0.0,0.0,26.730593,-8.0,11.0,1.0,2.0,69.635704,0.0
-9.0,-9.0,-9.0,-9.0,-9.0,-9.0,-9.0,-9.0,-9.0,-9.0,-9.0,-9.0,-9.0,-9.0,-9.0,-9.0,-9.0,-9.0,-9.0,-9.0,-9.0,-9.0,-9.0,0.0
73.0,263.99442,2.0,96.66231,41.043365,0.0,0.0,93.0,34.93059,6.0,6.0,35.01482,4.0,31.0,0.0,3.0,2.1240125,28.0,85.80172,6.0,4.0,0.0,58.0,0.0
72.0,283.32944,12.177118,92.9762,24.514923,0.0,0.0,92.0,37.49802,6.0,6.0,21.0,0.0,20.022549,12.337349,0.0,0.0,67.38761,56.539932,4.0,2.0,2.0,56.29598,0.0
65.0,98.387886,2.0,41.73185,9.0,1.0,0.0,83.11216,15.684233,6.0,5.0,11.0,2.0,65.67678,0.0,2.0,2.0,24.855667,76.0,2.0,7.175827,0.0,100.0,0.0
65.0,253.27597,11.0,152.30394,13.730549,1.0,0.0,75.20105,20.02968,4.0,5.0,17.0,1.0,29.229559,3.0,4.0,4.0,81.18682,-8.0,2.0,1.0,0.0,68.24533,0.0
81.58699,210.11658,6.0,97.0,30.0,0.0,0.0,96.0,24.26556,6.0,6.0,27.0,1.0,12.810883,-7.0,0.0,0.0,0.0,-8.0,3.8229117,-3.3959134,0.0,16.457357,0.0
77.0,332.19116,25.115002,188.29822,19.0,2.0,2.0974681,95.0,11.217585,6.0,2.9384806,21.0,0.0,29.0,4.9288297,1.0,1.0,4.0,-8.0,3.0,1.0,0.0,50.0,0.0
69.00787,150.63622,6.0,66.39615,6.297295,3.8560169,4.8112373,89.0,36.247997,6.0,5.0,6.2406487,1.0,82.618,2.0,0.0,0.0,5.0032177,100.0,1.0,3.0,0.0,100.0,0.0
79.0,305.15454,4.0,93.80581,43.183292,0.0,0.0,97.0,59.65173,6.0,6.0,55.238434,6.0,29.0,1.8921821,2.0,2.0,8.351975,65.74132,5.0,5.0,0.0,55.052776,0.0
78.0,128.67122,1.0,38.63458,24.944603,0.0,0.0,100.0,-7.0,7.0,8.0,31.0,10.913484,14.45333,8.0,1.0,1.0,14.0,77.24235,6.306252,2.0,0.0,50.0,0.0
66.0,199.80038,4.0,91.3838,46.708916,0.0,0.0,95.0,25.381737,6.0,6.0,34.0,4.0,24.0,1.0,2.0,2.0,29.00466,51.641953,10.994003,2.0,0.0,67.0,0.0
79.0,190.80548,2.0,93.0,21.0,0.0,0.0,100.0,-7.0,7.0,8.0,24.0,2.0,28.370846,-8.0,0.0,0.0,38.003944,-8.0,3.0,1.0,0.0,67.0,0.0
72.0,81.06754,10.0,42.804985,17.0,0.0,0.0,100.0,-7.0,7.0,8.0,19.0,0.0,33.0,0.0,0.0,0.0,52.17579,75.32587,6.0,3.0,2.544494,65.44768,0.0
72.39424,412.13553,3.0,105.2704,37.142467,0.0,0.0,100.0,51.5508,6.0,6.0,45.09424,3.0,36.0,0.0,3.0,3.0,32.606007,35.603283,7.0,5.0,0.0,64.99115,0.0
78.0,220.46631,5.0,117.02735,21.7971,0.0,0.0,100.0,-7.0,7.0,8.0,19.0,1.0,44.624443,-7.0,0.0,0.0,33.659214,89.802284,3.4978228,2.0,2.0,71.0,0.0
71.0,138.81212,7.0,69.27387,10.0,0.0,0.0,100.0,-7.0,7.0,8.0,6.0026884,3.0,28.0,0.0,2.0,1.0,72.36594,-8.0,2.0,2.0,2.0,92.98494,0.0
80.0,354.65997,10.0,97.916176,44.334442,0.0,0.0,93.0,63.235424,6.0,6.0,43.933563,1.7020962,56.00662,-7.2386036,0.0,0.0,2.0,-8.0,4.0,2.0,0.0,44.0,0.0
-9.0,-9.0,-9.0,-9.0,-9.0,-9.0,-9.0,-9.0,-9.0,-9.0,-9.0,-9.0,-9.0,-9.0,-9.0,-9.0,-9.0,-9.0,-9.0,-9.0,-9.0,-9.0,-9.0,0.0
82.0,165.83815,10.0,71.0,16.212236,0.0,0.0,100.0,-7.0,7.0,8.0,17.0,2.0,19.0,1.0,3.8738747,3.0,18.082148,-8.0,2.0,2.0,0.0,70.409096,0.0
74.0,306.92288,12.0,81.21941,23.0,0.0,0.0,100.0,-7.0,7.0,8.0,24.0,0.0,25.0,0.0,0.0,0.0,79.95955,-8.0,4.0,1.0,2.0,86.0,0.0
75.0,203.36217,5.877015,93.0,37.12465,0.0,0.0,95.0,11.375081,6.0,6.0,45.716217,1.0,62.91322,1.0,4.929029,4.7578216,6.0,-8.0,2.0,2.0,0.0,44.0,0.0
-9.0,-9.0,-9.0,-9.0,-9.0,-9.0,-9.0,-9.0,-9.0,-9.0,-9.0,-9.0,-9.0,-9.0,-9.0,-9.0,-9.0,-9.0,-9.0,-9.0,-9.0,-9.0,-9.0,0.0
82.0,281.3571,5.9497805,83.0,28.0,1.9949174,1.0,96.0,71.11012,6.0,4.155539,27.0,1.0,32.0,2.4032946,4.0,4.0,1.0,-8.0,1.0,1.0,0.0,15.351266,0.0
81.0,350.76593,7.0,116.15318,29.0,0.0,0.0,100.0,-7.0,7.0,8.0,31.678036,1.0,41.0,0.0,0.0,0.0,25.677721,-8.0,6.0,1.0,1.0,73.9391,0.0
85.0,149.8124,16.685644,50.576225,-9.0,0.0,0.0,100.0,-7.0,7.0,8.0,9.0,0.0,36.128864,0.0,0.0,0.0,2.0,-8.0,2.0,1.0,0.0,67.46652,0.0
75.0,413.50626,3.0,97.03732,33.95218,0.0,0.0,95.0,32.378468,6.0,6.0,37.0,3.0,21.0,0.0,1.0,1.0,24.149128,85.40723,7.0,1.0,1.0,44.491787,0.0
78.0028,231.64955,18.201767,107.47612,12.032381,0.0,0.0,81.077866,27.247076,6.0,6.0,16.0,0.0,24.959736,1.0,0.0,0.0,15.0,-8.0,2.0,1.0,0.0,44.0,0.0
81.0,177.52924,3.0,83.0,13.0,2.0,0.0,88.0,69.508575,6.0,2.0,15.0,2.0,15.0,7.0,0.0,0.0,9.663285,87.51241,1.0,1.0,0.0,40.0,0.0
77.0,242.79582,7.0,97.29661,16.0,0.0,0.0,100.0,-7.0,7.0,8.0,18.0,1.0,29.0,3.0,0.0,0.0,26.361345,-8.0,4.0,1.0,0.0,60.0,0.0
82.6848,272.02164,1.0,116.42498,38.276306,0.0,0.0,100.0,-7.0,7.0,8.0,38.576954,1.0,27.0,1.0,0.0,0.0,27.047375,70.43051,3.0,2.0,0.0,38.0,0.0
76.472595,356.721,4.7357483,88.67332,14.0,0.0,0.0,100.0,-7.0,7.0,8.0,16.0,1.0,20.0,2.418473,1.0,1.0,79.68568,56.894146,2.0,2.0,2.0,50.0,0.0
76.0,-9.0,17.0,63.870045,20.204393,0.0,0.0,100.0,-7.0,7.0,8.0,1.7762291,0.0,56.535038,0.0,0.0,0.0,22.976522,72.20401,3.0,4.0,0.0,79.009155,0.0
75.0,196.03006,3.0,101.91007,36.399597,0.0,0.0,100.0,59.685314,6.0,6.0,41.915386,1.0,42.0,9.217851,0.0,0.0,26.349613,17.618448,5.0,3.0,0.0,69.52389,0.0
86.0,173.80125,2.0,204.5218,28.0,0.0,0.0,100.0,-7.0,7.0,8.0,-9.0,1.0,17.0,4.932332,1.0,1.0,10.013497,39.682285,6.0,2.0,1.0,42.49391,0.0
79.9032,161.82512,3.0,51.297085,22.0,0.0,0.0,100.0,-7.0,7.0,8.0,21.0,3.0,35.0,7.0,1.0,1.0,9.797442,97.08183,3.0,3.0,0.0,42.463203,0.0
-9.0,-9.0,-9.0,-9.0,-9.0,-9.0,-9.0,-9.0,-9.0,-9.0,-9.0,-9.0,-9.0,-9.0,-9.0,-9.0,-9.0,-9.0,-9.0,-9.0,-9.0,-9.0,-9.0,0.0
63.990707,152.1271,5.0,40.194935,19.448612,0.0,0.0,94.04016,3.0,6.0,6.0,15.0,5.5481477,18.620508,3.0,0.0,0.0,52.914608,-8.0,5.0,2.0,1.0,57.0,0.0
68.0,184.26163,26.018312,100.0,17.0,1.0,1.0,84.51886,41.242413,6.0,5.0,19.06741,0.0,40.0,20.624685,0.0,0.0,35.318604,42.086357,2.0,1.0,0.0,80.0,0.0
79.0,156.59995,9.0,92.0,36.05422,0.0,0.0,100.0,-7.0,7.0,8.0,32.758114,0.0,23.992239,0.0,0.0,0.0,21.0,-8.0,7.0,1.0,1.0,80.0,0.0
77.0,231.1393,10.0,74.74171,23.0,0.0,0.0,100.0,-7.0,7.0,8.0,16.0,1.0,26.90318,22.737745,0.0,0.0,10.0,41.78879,4.0,2.0,0.0,54.065624,0.0
64.31368,87.634605,3.0,49.14986,20.0,1.0,1.0,83.33692,52.048103,6.0,4.731895,23.0,6.0,35.171818,0.0,5.0,5.9241943,37.075043,98.30222,7.255539,3.0,2.0,69.69587,0.0
91.98175,264.91568,15.0,144.56013,19.0,0.0,0.0,100.0,-7.0,7.0,8.0,22.787266,0.0,28.899755,8.107906,0.0,0.0,1.0,-8.0,2.0,1.0,0.0,35.9478,0.0
76.53849,133.57349,45.573784,104.14587,15.0,0.0,0.0,78.59223,23.799551,6.0,6.0,16.0,0.0,18.0,2.0,1.0,1.0,1.0,-8.0,1.5670483,2.0,0.0,50.0,0.0
75.0,203.0151,5.0,68.0,18.0,0.0,0.0,100.0,-7.0,7.0,8.0,18.0,1.0,29.221735,1.0,1.0,1.0,11.944788,-8.0,3.0,1.0,1.0,44.0,0.0
88.96884,719.2785,15.702427,126.833115,30.0,0.0,0.0,100.0,-7.0,7.0,8.0,44.387066,0.0,24.862066,15.851546,0.0,0.0,1.0,79.78706,4.0,2.0,0.0,43.55056,0.0
64.55684,244.93304,2.0,67.0,20.0,1.0,0.0,90.4743,3.0,4.0,5.0,22.0,6.0,20.078335,0.0,0.0,0.0,13.596191,69.46466,5.0,2.824201,0.0,58.0,0.0
70.9563,220.59396,4.0,107.07832,30.0,0.0,0.0,92.0,1.232596,-9.0,6.0,29.0,1.0,39.233627,0.0,0.0,0.0,30.543253,84.011505,6.0,3.0,0.0,68.776276,0.0
76.0,165.64458,14.918969,70.0,14.0,0.0,0.0,100.0,-7.0,7.0,8.0,19.765787,0.0,20.0,-7.0,2.0,2.0,32.81193,78.01919,4.0,2.0,0.0,77.47528,0.0
75.0,408.02945,9.0,124.55626,24.0,0.0,0.0,95.0,6.0,4.0,6.0,32.0,1.0012343,13.0,1.0,1.3491979,2.0,4.491444,-8.0,4.0,1.0,0.0,48.14983,0.0
84.76805,239.88242,27.438513,97.4042,14.0,0.0,0.0,100.0,-7.0,7.0,8.0,13.183001,0.0,45.0,-7.0,0.0,0.0,5.0,54.257366,2.0,4.0,0.0,75.0,0.0
75.0,146.78748,3.0,59.27604,13.0,0.0,0.0,100.0,-7.0,7.0,8.0,13.719873,2.0,33.0,0.0,0.0,0.0,51.21779,-8.0,3.0,2.0,1.0,64.0,0.0
-9.0,-9.0,-9.0,-9.0,-9.0,-9.0,-9.0,-9.0,-9.0,-9.0,-9.0,-9.0,-9.0,-9.0,-9.0,-9.0,-9.0,-9.0,-9.0,-9.0,-9.0,-9.0,-9.0,0.0
-9.0,-9.0,-9.0,-9.0,-9.0,-9.0,-9.0,-9.0,-9.0,-9.0,-9.0,-9.0,-9.0,-9.0,-9.0,-9.0,-9.0,-9.0,-9.0,-9.0,-9.0,-9.0,-9.0,0.0
70.585495,244.36986,15.0,108.41897,41.7029,0.0,0.0,91.0,13.815498,6.0,6.0,37.88484,0.0,56.597263,0.0,2.0,2.0,34.493603,46.455563,3.0,3.0,0.0,86.0,0.0
76.0,66.393745,11.0,60.420914,17.0,0.0,0.0,100.0,-7.0,7.0,8.0,11.603949,1.0,56.047768,1.0,0.0,0.0,35.435993,66.738754,1.0,5.8327293,0.0,84.24317,0.0
89.89898,161.16512,20.0,83.0,32.0,0.0,0.0,100.0,-7.0,7.0,8.0,33.937923,0.0,45.815727,0.0,1.0,1.0,6.0,87.57937,2.0,2.0,0.0,60.0,0.0
78.0,279.91006,3.0,84.0,77.27647,0.0,0.0,96.0,23.832432,6.0,6.0,57.540813,3.0,19.689215,5.0,1.0,0.0,3.0,86.112175,4.3427596,3.0,1.0,16.334688,0.0
67.319305,162.7403,6.0,42.446068,6.3182564,0.5817736,0.0,100.0,-7.0,6.0,8.0,10.0,2.0,55.07024,-7.7420683,0.0,0.0,0.7113201,60.05787,1.0,4.0,0.0,98.71391,0.0
80.92129,309.36826,14.813162,133.49889,26.0,0.0,0.0,93.0,17.518742,6.0,6.0,37.5434,0.0,24.684942,-7.0,0.0,0.0,11.0,-8.0,6.0,1.0,1.1196944,77.80611,0.0
80.0,305.23315,2.0,80.00599,31.095676,0.0,0.0,95.0,52.045197,6.0,6.0,38.102856,1.6590662,35.0,4.916849,0.0,0.0,18.0,6.566766,7.0,3.0,0.0,67.0,0.0
72.0,230.98418,4.0,92.50119,30.0,0.0,0.0,97.0,-7.0,4.0,6.0,30.0,3.0,45.0,0.0,2.0,2.0,61.354885,83.65051,4.0,3.0,0.0,75.0,0.0
75.1892,175.49974,11.0,77.520546,13.0,0.0,0.0,83.9443,25.352074,6.0,6.0,13.0,0.0,51.31322,1.0,1.0,1.0,1.0,-8.0,0.0,2.0,0.0,23.615952,0.0
75.0,179.21423,4.0,67.0,14.0,0.0,0.0,94.0,73.55275,6.0,6.0,15.0,1.0,56.676792,20.911043,0.0,0.0,19.0,90.480774,1.0,2.0,0.0,75.0,0.0
66.37338,171.82954,14.0,87.269394,23.710102,0.0,0.0,97.0,20.719885,6.0,6.0,23.0,0.0,23.317387,-7.982403,0.0,0.0,68.26682,-8.0,5.0,1.0,3.0,69.58282,0.0
65.72051,-9.0,5.0,49.618984,22.0,0.0,0.0,94.0,31.732553,6.0,6.0,11.0,1.0,22.433102,0.0,1.0,1.0,54.58938,-8.0,5.0,1.0,2.5754125,67.0,0.0
80.0,218.29504,17.023075,59.740917,11.0,0.0,0.0,100.0,-7.0,7.0,8.0,12.0,0.0,38.39421,0.0,0.0,0.0,33.382748,-8.0,2.0,1.0,0.0,56.0,0.0
75.0,165.76714,23.34766,85.95197,25.0,0.0,0.0,100.0,-7.0,7.0,8.0,21.0,0.0,33.0,0.0,0.0,0.0,48.475166,73.75503,5.0,2.0,1.2771649,79.43232,0.0
70.0,116.34679,6.0,44.890644,23.0,0.0,0.0,100.0,-7.0,7.0,8.0,24.0,3.0,62.888805,0.0,0.0,0.0,28.0,73.91399,4.0,3.0,1.0,67.0,0.0
84.0,191.11949,10.0,69.892296,18.0,0.0,0.0,100.0,-7.0,7.0,8.0,25.0,1.0,31.427635,-7.0,0.0,0.0,8.689662,-8.0,3.0,1.0,0.0,50.0,0.0
74.0,22.836216,17.0,44.52869,9.575982,1.9647019,2.4352908,93.0,40.131706,6.0,2.0,10.0,0.0,35.0,5.0,0.0,0.0,6.0,32.94414,2.0,1.0,0.0,100.0,0.0
-9.0,272.31726,10.0,81.23732,40.32392,3.677545,3.0777588,84.275345,-7.0,-9.0,6.0,43.142803,0.0,46.1209,0.0,3.988114,3.8094952,48.144615,43.53127,7.503213,3.0,1.0,59.45878,0.0
88.0,208.5094,30.882595,114.94332,24.950756,0.0,0.0,100.0,-7.0,7.0,8.0,23.50328,0.0,18.0,3.0,0.0,0.0,0.0,-8.0,1.0,-6.4249215,0.0,-1.8973116,0.0
77.0,119.38017,6.0,90.0,43.72664,0.0,0.0,100.0,-7.0,7.0,8.0,37.722557,1.0,50.0,0.0,1.0,1.0,32.912025,75.14319,3.0,3.0,5.127241,50.0,0.0
83.0,70.78833,27.796349,93.63565,-9.0,0.0,0.0,76.45158,53.905476,6.0,6.0,0.5897902,0.0,43.276833,-8.0,0.0,0.0,0.0,-8.0,1.0,-8.0,0.0,43.0,0.0
82.0,211.41081,3.0,157.75755,27.849182,0.0,0.0,100.0,-7.0,7.0,8.0,36.97425,1.0,10.520284,0.0,1.0,1.0,22.576536,78.15448,6.0,3.0,1.0,43.0,0.0
83.0,76.708984,4.0,8.595024,11.923858,0.0,0.0,100.0,-7.0,7.0,8.0,14.0,2.0,30.0,0.0,0.0,0.0,9.0,-8.0,3.0,1.0,0.0,60.0,0.0
82.429695,168.46916,7.0,72.0,28.0,0.0,0.0,100.0,-7.0,7.0,8.0,28.058498,1.1250997,38.192486,0.0,4.0,3.0,0.58235,14.119962,3.0,2.0,0.0,82.777466,0.0
66.0,69.65635,14.0,40.654427,15.0,0.0,0.0,84.60402,4.0,4.0,6.0,17.0,1.0,20.0,0.0,0.0,0.0,42.230206,-8.0,4.0,2.0,0.0,67.582344,0.0
68.326416,232.24355,4.0,92.0,38.66339,2.0,0.0,95.0,21.198309,4.0,6.0,35.979656,2.0,37.0,2.7979581,1.0,1.0,36.0,64.31548,3.0,5.0,0.0,65.81864,0.0
65.0,198.96529,12.943234,80.7263,13.258232,0.0,0.0,95.0,56.81925,6.0,6.0,15.222858,0.0,29.133287,0.0,15.341571,13.955197,80.808914,-8.0,4.0,2.0,4.071889,80.0,0.0
70.21599,108.953156,3.9081633,41.4646,20.0,0.0,0.0,100.0,-7.0,7.0,8.0,20.0,2.0,18.0,2.0,0.0,0.0,77.55879,51.22666,3.0,2.0,2.0,56.0,0.0
87.0,205.8792,27.04386,99.6659,13.01836,0.0,0.0,100.0,-7.0,7.0,8.0,14.0,0.0,31.0,1.0,1.4846805,1.5676087,0.0,-8.0,1.0,-9.0,0.0,37.995193,0.0
89.0,272.8265,30.939175,111.78708,14.085118,0.0,0.0,100.0,-7.0,7.0,8.0,22.0,0.0,13.0,0.7629574,0.0,0.0,0.0,-8.0,1.0,1.0,0.0,85.7348,0.0
89.0,125.96956,7.0,48.13355,4.0344534,0.0,0.0,100.0,-7.0,7.0,8.0,2.5429492,2.0,53.890656,19.078556,0.0,0.0,1.0,-8.0,1.0,1.0,0.0,33.0,0.0
83.0,327.9576,21.873056,109.87871,18.0,0.0,0.0,100.0,-7.0,7.0,8.0,17.0,0.0,40.43813,-8.0,0.0,0.0,6.1407003,-8.0,5.0,1.0,0.0,54.50773,0.0
85.0,147.37587,2.0,86.47348,11.0,0.0,0.0,100.0,-7.0,7.0,8.0,11.0,2.0,35.0,-7.0,0.0,0.0,47.495327,-8.0,2.0,1.0,0.0,67.0,0.0
88.04718,176.61641,24.217049,114.748955,14.0,0.0,0.0,100.0,-7.0,7.0,8.0,10.38404,0.0,28.054218,-8.0,0.0,0.0,26.84091,87.06107,2.0,2.0,0.0,83.0,0.0
73.0,94.83405,10.69791,82.0,10.0,0.0,0.0,77.080345,32.89619,6.0,6.0,0.7083939,1.0,41.08505,-7.0,0.0,0.0,36.0,79.60589,1.0,3.0,0.0,100.0,0.0
80.0,125.21116,8.0,97.11367,22.0,0.0,0.0,100.0,-7.0,7.0,8.0,17.0,0.0,36.0,0.0,0.0,1.0,6.394609,89.691765,0.5864874,3.0,0.0,46.957077,0.0
71.33567,187.92168,2.0,73.1836,49.78762,0.0,0.0,95.915276,34.650078,6.0,6.0,38.0,6.0,16.14219,0.0,2.0,2.0,6.0,-8.0,5.0,2.0,1.0,37.160706,0.0
74.0,167.6781,4.0,68.0,41.46718,0.0,0.0,97.0,21.845303,6.0,6.0,45.682762,3.0,31.0,6.410951,0.0,0.0,41.301796,94.783585,4.0,5.579103,0.0,67.0,0.0
84.0,173.17328,2.0,98.87893,15.0,1.0,0.0,96.195145,77.65692,6.0,4.580392,14.0,1.0,11.0,-1.4304776,1.0,1.0,4.0,-8.0,2.0,-8.0,0.0,84.561745,0.0
69.0,245.47766,6.0,83.66564,18.0,2.0,0.0,89.75391,37.346024,6.0,5.0,20.0,2.0,36.0,0.0,0.0,0.0,30.992853,85.87901,6.0,3.0,0.0,100.0,0.0
82.12471,185.43936,5.0,72.0,44.749527,0.0,0.0,97.0,31.36751,6.0,6.0,36.570663,2.0,7.6173396,-7.0,0.0,0.0,1.0,-8.0,4.0,2.0,0.0,33.0,0.0
81.0,294.93478,6.0,89.590546,36.0,0.0,0.0,100.0,-7.0,7.0,8.0,28.700064,2.0,50.655827,0.0,0.0,0.0,0.0,-8.0,3.0,3.0,0.0,78.0,0.0
88.0,293.0289,10.0,107.86502,9.0,0.0,0.0,100.0,-7.0,7.0,8.0,11.114824,1.0,43.0,15.874784,1.0,1.0,11.0,30.753061,1.0,-8.0,0.0,50.947517,0.0
72.0,147.77632,6.0,68.962,25.182816,2.0,1.0,94.0,16.614655,6.0,2.0258546,31.0,1.0,18.0,0.0,2.0,2.0,1.0,67.80565,4.0,1.0,0.0,43.0,0.0
60.13621,241.13681,3.0,97.00928,30.0,1.0,0.0,86.70734,29.371365,6.0,5.0,35.524982,3.0,54.354156,2.0,1.0,1.0,34.68193,21.986113,1.0,6.0,2.0,67.0,0.0
77.91064,206.35538,21.594542,130.70288,17.298807,0.0,0.0,100.0,-7.0,7.0,8.0,19.0,0.0,31.313372,0.0,0.0,0.0,38.40557,-8.0,3.0,1.0,1.0,50.0,0.0
81.0,253.84409,5.0,100.0,35.721,0.0,0.0,100.0,-7.0,7.0,8.0,43.560883,3.0,35.0,14.699911,0.0,0.0,28.952862,-8.0,3.0,3.0,0.0,41.956657,0.0
66.0,98.55491,4.0,-0.41424498,19.0,0.0,0.0,100.0,-7.0,7.0,8.0,24.0,2.0,25.0,0.0,2.0,2.0,21.0,-8.0,3.0,-8.0,0.0,60.0,0.0
87.0,431.4203,20.822586,112.13635,20.0,0.0,0.0,100.0,-7.0,7.0,8.0,22.53468,0.0,25.0,0.0,1.0,1.0,1.3737994,-8.0,1.0,1.0,0.0,25.786617,0.0
67.0,120.87166,8.0,38.41969,14.0,2.9216797,2.0,95.0,32.771755,6.0,6.0,14.0,5.2520595,44.0,2.0,1.0,0.0,44.502277,53.559025,5.0,2.0,0.0,80.0,0.0
72.62605,176.82954,3.0,59.87277,42.75914,1.0,0.0,96.0,18.08506,6.0,5.0,39.97052,2.0,24.0,0.0,4.0,4.0,6.1696,98.57985,2.0,2.0,1.0,33.0,0.0
79.0,173.22319,4.0,80.0,33.0,0.0,0.0,100.0,-7.0,7.0,8.0,32.0,2.0,34.318295,1.0,1.0,1.0,32.555065,-8.0,2.0,2.0,0.0,46.379246,0.0
71.0,367.46072,2.0,109.29791,15.0,2.0,0.0,82.4242,1.0,-9.0,5.9480352,17.0,3.0,50.0,-7.0,0.0,0.0,2.7650452,93.0,1.0,4.0,0.0,62.12774,0.0
85.763275,401.29587,5.0,126.10785,22.0,0.0,0.0,100.0,-7.0,7.0,8.0,21.0,2.0,36.0,3.0,1.0,1.0,25.371574,-8.0,2.0,1.0,0.0,33.0,0.0
82.0,147.06117,6.0,60.1392,26.0,0.0,0.0,100.0,-7.0,7.0,8.0,24.437641,1.0,35.395214,0.0,0.0,0.0,0.0,-8.0,0.0,1.0,0.0,24.522734,0.0
71.135895,141.99934,7.0,69.63346,36.0,0.0,0.0,100.0,-7.0,4.0,6.0,38.38977,1.0,31.0,5.0,1.0,1.0,46.813923,0.6772151,7.579959,1.0,5.230315,50.699814,0.0
72.0,177.57068,3.0,78.90419,27.360188,0.0,0.0,95.0,10.14945,6.0,6.0,32.100677,2.6818244,47.809856,0.0,0.0,0.0,14.0,39.816658,4.0,5.3052225,0.0,64.0,0.0
76.88791,-9.0,4.0,45.73726,8.815578,0.0,0.0,100.0,-7.0,7.0,8.0,3.842403,3.0,38.904232,2.0,0.0,0.0,7.0,93.89389,5.0,2.0,0.0,100.0,0.0
86.0,292.60352,2.0,97.0,30.0,0.0,0.0,100.0,-7.0,7.0,8.0,37.439507,5.0,19.0,11.442792,0.0,0.0,8.649785,78.73004,6.0,2.0,0.0,42.26098,0.0
-9.0,-9.0,-9.0,-9.0,-9.0,-9.0,-9.0,-9.0,-9.0,-9.0,-9.0,-9.0,-9.0,-9.0,-9.0,-9.0,-9.0,-9.0,-9.0,-9.0,-9.0,-9.0,-9.0,0.0
-9.0,90.10446,3.0,77.0,4.5419526,2.0,3.0923495,77.3033,18.777534,1.9787635,3.586382,-9.0,4.0,37.20811,2.0,4.207572,4.0,43.494843,52.670902,2.0,1.0,-5.6521406,100.0,0.0
71.0,277.22,3.0,57.84222,15.777,0.0,0.0,88.09304,59.60332,6.0,6.0,15.0,4.0,41.0,0.0,1.0,1.0,48.980503,37.487057,4.0,2.0,1.0,100.0,0.0
77.0,205.70554,3.0,109.848366,27.0,0.0,0.0,100.0,-7.0,7.0,8.0,30.0,1.0,55.911842,-7.0,2.0,2.0,51.09122,88.37912,6.0,4.0,2.0,86.83828,0.0
-9.0,-9.0,-9.0,-9.0,-9.0,-9.0,-9.0,-9.0,-9.0,-9.0,-9.0,-9.0,-9.0,-9.0,-9.0,-9.0,-9.0,-9.0,-9.0,-9.0,-9.0,-9.0,-9.0,0.0
69.43179,149.64429,9.0,55.220463,17.0,1.0,0.0,100.0,-7.0,4.0,6.0,23.0,1.0,64.634705,-7.0,0.0,0.0,89.188675,42.121414,3.0,4.0,1.0,100.0,0.0
81.0,196.13774,2.0,82.0,42.956505,0.0,0.0,100.0,-7.0,7.0,8.0,44.425114,5.0836024,24.0,1.0,3.0,3.0,11.0,76.86854,5.3679237,3.0,0.0,58.0,0.0
82.9138,72.67832,7.0,58.456394,15.0,0.0,0.0,100.0,-7.0,7.0,8.0,18.0,2.0,22.0,-7.0,0.0,0.0,25.0,96.93355,4.6486907,1.0,0.0,80.0,0.0
69.0,158.98936,5.0,62.821285,10.820306,0.0,0.0,90.23458,9.488215,6.0,6.0,11.0,2.0,71.821655,0.0,1.0,1.0,54.04499,120.25938,1.0,2.0,0.0,71.0,0.0
65.29213,138.4325,7.0,65.65188,38.908375,1.0,1.0,95.0,44.625828,6.0,5.0,45.651897,0.0,58.370026,0.0,2.0,2.0,54.02888,-8.0,5.0,3.0,3.9680753,75.0,0.0
-9.0,-9.0,-9.0,-9.0,-9.0,-9.0,-9.0,-9.0,-9.0,-9.0,-9.0,-9.0,-9.0,-9.0,-9.0,-9.0,-9.0,-9.0,-9.0,-9.0,-9.0,-9.0,-9.0,0.0
72.86012,270.55896,5.0,71.0,47.943665,0.0,0.0,100.0,-7.0,7.0,8.0,34.0,4.0,32.860027,0.0,3.341988,3.0,32.89514,65.963264,9.0,4.0,0.0,96.837975,0.0
74.0,125.86026,15.0,68.55487,14.192679,0.0,0.0,100.0,-7.0,7.0,8.0,19.0,0.0,28.909227,-7.0,0.0,0.0,41.34435,-8.0,4.0,1.0,3.0,75.0,0.0
68.0,169.1404,2.0,71.0,24.97055,1.0,0.0,94.0,51.73663,6.0,3.1962454,27.0,5.459832,1.6864436,3.0,1.0,1.0,9.0,-8.0,9.60026,-8.0,1.0,57.163784,0.0
78.0,48.543156,4.0,-9.0,14.102963,0.0,0.0,100.0,-7.0,7.0,8.0,13.0,4.0,24.0,0.0,4.0,3.4805307,41.890667,97.036095,2.0,2.0,0.0,48.118774,0.0
81.0,395.62354,3.7357519,95.077286,35.31808,0.0,0.0,90.742516,31.126568,6.0,6.0,40.365158,2.0,37.171,0.0,5.0,4.054022,0.9045606,-8.0,2.0,1.0,0.0,37.07287,0.0
68.0,131.18448,6.0,63.0,39.0,0.0,0.0,93.0,7.295238,6.0,6.0,34.0,6.0596004,55.89029,20.792225,0.0,0.0,14.0,27.057644,4.0,2.0,0.0,60.0,0.0
77.0,182.72794,15.0,80.0,27.62484,0.0,0.0,100.0,-7.0,7.0,8.0,28.0,0.0,24.0,1.0,2.0,1.0,17.0,70.072845,2.0,2.0,0.0,29.963161,0.0
74.0,158.89798,6.0,66.54675,33.165867,0.0,0.0,78.24162,29.018639,6.0,5.0,41.41427,3.0,21.117025,0.0,0.0,0.0,20.043161,78.31806,1.0,2.0,0.0,40.02282,0.0
83.0,159.38098,8.0,113.10668,17.41723,0.0,0.0,94.32266,-9.0,6.0,6.0,24.0,1.0,27.24282,0.0,0.0,0.0,2.9972076,-8.0,2.0,2.0,0.0,33.0,0.0
87.0,179.66939,23.359808,86.0,17.426182,0.0,0.0,92.0,80.6752,6.0,6.0,19.0,0.0,33.0,0.0,0.0,0.0,7.0,-8.0,3.0,1.0,0.0,60.0,0.0
84.0,188.19054,6.0,69.82749,17.0,0.0,0.0,100.0,-7.0,7.0,8.0,15.0,1.0882059,43.34504,9.0,0.0,0.0,13.0,91.0,1.0,4.0,0.0,50.0,0.0
68.0,172.54707,3.0,58.672775,26.364239,0.0,0.0,100.0,-7.0,7.0,8.0,27.0,4.0,40.0,0.0,1.0,1.0,61.008533,29.311977,4.0,2.0,0.0,67.0,0.0
83.0,208.61504,12.0,86.0,21.0,0.0,0.0,100.0,-7.0,7.0,8.0,19.0,0.0,45.931576,6.059298,0.0,0.0,15.9729185,75.43776,2.0,3.0,0.0,50.0,0.0
81.19578,143.60461,12.0,63.881496,30.654978,0.0,0.0,100.0,-7.0,7.0,8.0,34.26376,1.0,15.25754,0.0,1.0,1.0,10.811625,27.204338,3.0,2.0,0.0,57.0,0.0
78.0,137.92413,5.0,61.0,39.19365,0.0,0.0,100.0,-7.0,7.0,8.0,22.0,4.0,26.15918,0.0,0.0,0.0,16.716463,91.72301,3.0,6.037879,0.0,37.07004,0.0
85.0,114.62822,4.0,70.55067,15.0,0.0,0.0,100.0,-7.0,7.0,8.0,17.21102,4.0,42.89348,-7.0,1.0,1.0,4.0,-8.0,1.0,1.0,0.0,50.0,0.0
85.76803,291.13348,13.196766,116.124275,28.0,0.0,0.0,100.0,-7.0,7.0,8.0,29.0,0.0,39.2253,3.688893,0.0,0.0,18.58849,64.55819,3.0,2.0,1.0,44.0,0.0
65.0,155.24202,3.0,63.015934,39.384758,0.0,0.0,97.0,24.63895,6.0,6.0,46.495472,2.0,42.0,0.0,3.802954,3.7079792,57.347324,89.746506,4.0,4.0,2.0,56.0,0.0
78.0,603.3451,5.0,138.55038,14.0,0.0,0.0,100.0,-7.0,7.0,8.0,15.0,1.0,20.0,0.0,3.0,4.0,21.981941,-8.0,7.0,1.0,1.0,75.0,0.0
70.96932,221.9717,2.0,68.0,52.1765,0.0,0.0,95.0,11.396562,6.0,6.0,62.624184,3.1115239,38.0,0.0,4.0,4.0,15.0,86.29974,5.427136,3.0,0.0,46.53208,0.0
81.0,192.03397,5.1070914,71.0,23.0,1.0,0.0,98.0,5.603018,5.0,4.0,22.0,2.0,35.0,-7.0,0.0,0.0,1.0,-8.0,1.0,2.0,0.0,33.0,0.0
-9.0,-9.0,-9.0,-9.0,-9.0,-9.0,-9.0,-9.0,-9.0,-9.0,-9.0,-9.0,-9.0,-9.0,-9.0,-9.0,-9.0,-9.0,-9.0,-9.0,-9.0,-9.0,-9.0,0.0
89.6722,282.8915,19.611101,76.96352,-7.422644,0.0,0.0,100.0,-7.0,7.0,8.0,3.911586,0.0,39.227646,3.0,0.0,0.0,0.0,-8.0,1.0,1.0,0.0,67.0,0.0
87.0,185.94408,5.0,67.22205,34.0,0.0,0.0,100.0,-7.0,7.0,8.0,32.138443,2.0,32.060894,9.0,0.0,0.0,5.0,-8.0,3.0,2.0,0.0,48.39351,0.0
76.0,303.47156,4.0,220.85446,14.0,2.1159606,1.0,85.31331,66.81927,6.0,4.5741935,17.970598,1.0,11.0,0.0,1.0,1.0,17.760931,100.0,6.0,1.0,0.0,78.56601,0.0
61.061966,176.53171,2.0,57.587494,19.0,1.0,0.0,77.59407,2.0,6.0,5.0,24.0,5.0,29.0,0.0,4.763042,5.0,23.068817,81.844376,5.0,5.965302,0.0,73.0,0.0
76.0,205.34392,5.0,86.82959,35.67843,0.0,0.0,94.50936,4.0,3.0,6.0,35.0,1.1680048,31.20944,0.0,1.0,1.0,10.0,57.86122,4.0,4.0,0.0,53.341312,0.0
77.0,176.45572,9.0,95.755135,16.0,0.0,0.0,95.0,50.957577,4.0,6.0,15.0,1.0,40.0,8.0,1.0,1.0,6.6808195,84.40291,4.0,3.0,0.0,100.0,0.0
73.0,239.33304,4.0,66.05037,34.549847,0.0,0.0,96.0,36.339363,6.0,6.0,36.784554,4.0,37.0,0.0,2.7114425,2.0,20.308613,-8.0,3.0,2.0,0.0,44.0,0.0
-9.0,-9.0,-9.0,-9.0,-9.0,-9.0,-9.0,-9.0,-9.0,-9.0,-9.0,-9.0,-9.0,-9.0,-9.0,-9.0,-9.0,-9.0,-9.0,-9.0,-9.0,-9.0,-9.0,0.0
-9.0,307.6586,11.106389,80.070244,41.170082,1.0,0.0,89.89523,-7.0,-9.0,6.0,80.350555,0.0,46.0,0.0,4.0,4.0,39.614456,56.9686,6.0,3.0,3.0,64.44642,0.0
-9.0,-9.0,-9.0,-9.0,-9.0,-9.0,-9.0,-9.0,-9.0,-9.0,-9.0,-9.0,-9.0,-9.0,-9.0,-9.0,-9.0,-9.0,-9.0,-9.0,-9.0,-9.0,-9.0,0.0
80.759315,245.65886,24.047476,103.45356,20.0,0.0,0.0,97.0,39.54097,6.0,6.0,26.0,0.0,25.0,-7.0,1.0,0.0,2.0,-8.0,3.0,1.0,1.0,100.0,0.0
75.03334,203.48291,31.889591,135.8149,20.019098,0.0,0.0,100.0,-7.0,7.0,8.0,17.592876,0.0,49.124866,0.0,1.0,1.0,55.017757,-8.0,2.0,2.0,1.0,35.631306,0.0
68.0,179.92896,15.813413,104.53049,28.0,0.0,0.0,97.0,-7.0,6.0,6.070759,34.0,2.0,19.0,0.0,2.0,2.0,47.956394,-8.0,4.0,1.0,3.0,32.88251,0.0
84.0,354.49188,20.635767,123.68301,-9.0,0.0,0.0,100.0,-7.0,7.0,8.0,9.0,0.0,43.19982,0.0,0.0,0.0,0.0,-8.0,1.0,-8.675962,0.0,50.0,0.0
74.15506,67.08997,7.0,47.543926,14.0,0.0,0.0,100.0,-7.0,7.0,8.0,15.82946,3.0,55.974846,-7.0,0.0,0.0,57.925323,75.89452,3.0,3.0,0.0,100.0,0.0
67.76274,160.66405,7.0,48.509823,24.0,0.0,0.0,93.0,27.435543,6.0,6.0,27.0,1.0,43.0,-8.0,0.0,0.0,47.834156,63.147995,4.0,2.332716,0.0,85.30303,0.0
63.0,211.84871,2.4773667,74.24874,34.88737,0.0,0.0,85.76408,23.802195,6.0,6.0,30.0,2.0,31.0,0.0,1.0,1.0,63.987602,76.0,8.0,2.0,1.0,78.0,0.0
69.0,89.5267,3.0,44.479736,24.066004,0.0,0.0,100.0,-7.0,7.0,8.0,28.692225,3.0,42.0,1.0,6.8701606,6.882121,47.69899,89.62593,5.0,2.0,0.0,69.329704,0.0
83.0,219.42525,14.0,74.1379,14.0,0.0,0.0,100.0,-7.0,7.0,8.0,12.769253,0.0,44.62755,6.0479097,0.0,0.0,36.574234,71.0,2.0,3.0,0.0,100.0,0.0
82.231705,196.61751,3.0,72.80161,27.0,0.0,0.0,100.0,-7.0,7.0,8.0,30.244438,3.0,34.491936,4.3701577,1.0,1.0,33.37573,45.370766,3.0,4.0,0.87991947,59.62901,0.0
-9.0,-9.0,-9.0,-9.0,-9.0,-9.0,-9.0,-9.0,-9.0,-9.0,-9.0,-9.0,-9.0,-9.0,-9.0,-9.0,-9.0,-9.0,-9.0,-9.0,-9.0,-9.0,-9.0,0.0
87.0,296.83362,3.0,90.0,32.0,0.0,0.0,100.0,-7.0,7.0,8.0,29.971794,1.0,18.0,0.0,2.0,2.0,1.0,88.0,1.0,2.0,0.0,33.0,0.0
82.0,145.52802,21.355398,63.0,13.161574,0.0,0.0,100.0,-7.0,7.0,8.0,16.0,0.0,20.101883,-7.0,0.0,0.0,16.0,-8.0,1.0,1.0,0.0,36.16148,0.0
77.0,269.55655,2.0,114.98584,47.636246,0.0,0.0,100.0,-7.0,7.0,8.0,43.76201,2.0,10.404901,0.0,1.0,1.0,10.0,51.694916,5.627555,2.0,1.0,47.026688,0.0
75.0,264.97974,1.0,112.77859,43.942314,2.7433789,3.2717037,96.0,71.57863,6.0,2.0,57.535183,3.0,33.0,-7.0,0.0,0.0,9.0,76.66257,6.0,2.0,0.0,50.0,0.0
73.0,244.74765,3.0,115.99624,20.727232,0.0,0.0,100.0,-7.0,7.0,8.0,23.939093,1.0,21.0,-7.0,0.0,0.0,50.499702,-8.0,6.0,2.0,3.0,78.0,0.0
72.0,147.62553,5.0,50.616184,29.0,0.0,0.0,100.0,-7.0,7.0,8.0,29.0,2.0,35.754147,-7.0,0.0,0.0,47.952984,80.0,5.0,3.0,2.0,60.0,0.0
-9.0,-9.0,-9.0,-9.0,-9.0,-9.0,-9.0,-9.0,-9.0,-9.0,-9.0,-9.0,-9.0,-9.0,-9.0,-9.0,-9.0,-9.0,-9.0,-9.0,-9.0,-9.0,-9.0,0.0
71.98899,175.25221,4.0,70.10518,20.0,1.0,1.0,89.322,62.383575,6.0,5.0,24.0,3.0,68.37693,-8.0,0.0,0.0,45.574013,83.28515,2.0,2.0,0.0,87.63698,0.0
64.0,159.25172,12.0,75.0,26.0,0.0,0.0,93.0,8.929769,4.0,6.0,29.0,1.0,33.34929,0.0,0.0,0.0,65.580696,82.653564,8.0,2.0,3.0,80.0,0.0
87.0,176.70605,26.848373,74.0,11.215644,0.0,0.0,100.0,-7.0,7.0,8.0,15.0,0.0,38.0,2.0,0.0,0.0,10.0,-8.0,1.0,-8.0,0.0,78.65379,0.0
83.0,48.66322,5.0,-9.0,13.492032,0.0,0.0,100.0,-7.0,7.0,8.0,13.46311,2.0,46.0,7.5118723,1.0,1.0,3.0,93.0,1.0,2.0,0.0,50.0,0.0
68.0,95.751305,13.430599,-9.0,14.0,0.0,0.0,100.0,-7.0,7.0,8.0,29.853088,0.0,18.067036,1.0,0.0,0.0,33.744656,86.84035,2.0,1.0,0.0,69.2882,0.0
80.0,403.32687,6.0,121.72966,22.0,0.0,0.0,95.0,40.22327,6.0,6.0,15.807964,2.0,32.74559,0.0,2.0,2.0,27.532465,91.787384,5.0,3.0,0.0,63.820713,0.0
66.0,418.47845,27.278574,166.757,18.0,4.5920715,7.0730796,86.49848,2.5371566,-9.0,2.0,23.171421,0.0,66.71,-7.0,0.0,0.0,44.77953,18.72022,5.0,2.0,0.0,100.0,0.0
73.19728,436.11127,3.0,165.00223,18.0,0.0,0.0,100.0,-7.0,7.0,8.0,24.050085,1.0,41.0,0.0,6.795316,6.521774,36.0,60.285942,5.0,5.0,0.0,75.0,0.0
72.0,173.75708,3.0,61.0,32.0,0.0,0.0,100.0,-7.0,7.0,8.0,28.0,6.0,20.288712,-7.0,0.0,0.0,27.707952,93.0,7.0,3.0,1.0,60.0,0.0
68.0,392.87646,27.0623,125.07102,30.0,0.0,0.0,89.27153,21.089495,6.0,6.0,33.0,0.0,40.442657,-7.0,0.0,0.0,44.742893,65.40971,4.0,4.0,2.0,67.0,0.0
73.0,145.24179,4.0,46.93938,27.0,0.0,0.0,100.0,-7.0,7.0,8.0,28.948368,6.0,32.69148,5.9689884,1.0,0.0,16.0,39.002724,8.0,14.581373,0.0,71.0,0.0
65.0,292.7033,8.0,100.0,23.0,0.0,0.0,77.007774,16.34079,6.0,6.0,30.0,1.0,-9.0,-7.0,0.0,0.0,45.47033,68.48884,12.743942,2.0,1.0,77.83734,0.0
56.19126,-4.076277,3.0,29.258745,31.4135,0.0,0.0,100.0,-7.0,6.0,8.0,34.309322,10.241178,38.0,0.0,2.0,2.0,8.0,50.388294,7.624229,6.01572,0.0,88.43384,0.0
79.0,94.98699,2.0,63.28896,34.0,0.0,0.0,100.0,-7.0,7.0,8.0,33.0,2.0,25.206558,0.0,1.7145478,1.0,16.0,63.627644,2.0,2.0,1.0,41.414104,0.0
88.88263,164.25247,16.21689,89.647,8.0,0.0,0.0,100.0,-7.0,7.0,8.0,9.0,0.0,22.0,9.1829815,0.0,0.0,8.0,44.150345,2.0,1.0,0.0,69.28048,0.0
70.0,141.54747,25.727346,75.0,9.978835,1.0,0.0,88.0,2.0,0.0,5.989698,13.0,0.0,33.0,15.933965,0.0,0.0,4.907982,60.225887,3.0,2.0,0.0,55.92867,0.0
75.0,133.48192,3.0,63.268616,21.0,0.0,0.0,94.0,60.08837,6.0,6.0,20.0,2.0,22.0,3.0,1.0,1.0,24.090355,-8.0,3.0,1.0,1.0,44.0,0.0
76.35883,228.11853,13.234852,97.0,28.0,0.0,0.0,93.307945,29.018557,6.0,6.0,25.889494,0.0,32.979126,7.823038,0.0,0.0,27.939005,-8.0,4.0,2.0,0.0,43.0,0.0
79.0,162.02829,2.0,71.0,12.0,0.0,0.0,100.0,-7.0,7.0,8.0,13.0,1.0,60.894333,1.0,1.0,1.0,74.95679,22.803312,2.0,1.0,1.0,75.0,0.0
89.92339,323.4726,5.0,128.4127,21.0,0.0,0.0,100.0,-7.0,7.0,8.0,24.0,2.0,23.0,4.0,4.0,3.249279,4.0,-7.696818,2.0,3.0,0.0,49.98415,0.0
80.39037,131.5967,28.912537,72.18126,21.0,0.0,0.0,100.0,-7.0,7.0,8.0,26.0,0.0,17.0,2.5326223,0.0,0.0,27.518438,-8.0,3.0,1.0,0.0,57.907303,0.0
76.0,315.65958,6.0,93.35898,36.0,0.0,0.0,88.490944,21.545555,6.0,5.0,51.974854,3.0,39.0,3.3439162,0.0,0.0,11.0,-8.0,3.9039793,2.0,1.0,46.351334,0.0
84.0,168.95082,1.0,72.03466,42.893913,0.0,0.0,100.0,-7.0,7.0,8.0,45.87396,7.4945006,43.0,0.0,3.0,2.0,20.491901,97.38088,5.0,3.0,0.0,63.0,0.0
71.75914,154.90207,4.0,79.06639,18.0,2.0,1.0,88.0,14.969836,6.0,3.0,26.12245,3.0,21.0,4.0,0.0,0.0,4.0,-8.0,3.0,1.0,0.0,36.382435,0.0
83.0,354.2293,10.0,82.27863,20.0,0.0,0.0,94.0,6.0,4.0,6.0,19.0,0.0,38.0,0.0,0.0,0.0,0.0,-8.0,2.0,3.0,0.0,33.0,0.0
-9.0,-9.0,-9.0,-9.0,-9.0,-9.0,-9.0,-9.0,-9.0,-9.0,-9.0,-9.0,-9.0,-9.0,-9.0,-9.0,-9.0,-9.0,-9.0,-9.0,-9.0,-9.0,-9.0,0.0
68.07347,160.24565,0.029958857,52.150215,28.0,1.0,0.0,95.45094,26.5434,6.0,5.0,30.0,5.0,18.0,0.0,2.0,1.640922,37.184666,-8.0,6.0,1.0,0.0,67.0,0.0
89.0,417.97452,5.0,82.0,22.0,0.0,0.0,100.0,-7.0,7.0,8.0,22.267433,2.0,16.795748,-8.0,0.0,0.0,0.0,-8.0,5.0,-8.0,0.0,33.0,0.0
75.0,274.28317,8.0,80.0,20.0,0.0,0.0,100.0,-7.0,7.0,8.0,19.0,1.0,28.0,0.0,0.0,0.0,53.656933,78.95926,3.0,2.0,0.0,75.0,0.0
72.0,221.38795,4.2477527,97.0,34.55011,0.0,0.0,100.0,-7.0,7.0,8.0,37.491703,1.0,56.940487,-7.0,0.0,0.0,50.62965,62.812366,4.0,5.0,1.0,88.0,0.0
86.0,146.0335,14.0,74.0,12.0,0.0,0.0,100.0,-7.0,7.0,8.0,12.496238,0.0,49.135216,13.617033,0.0,0.0,0.0,47.050503,-8.759863,1.0,0.0,31.453547,0.0
75.18554,160.89871,4.0,97.36744,14.0,1.0,1.0,100.0,-7.0,7.0,8.0,15.0,1.0,17.0,0.0,1.0,1.0,3.7721267,-8.0,2.0,1.0,0.0,80.0,0.0
86.0,396.67514,2.0,101.803474,9.0,0.0,0.0,100.0,-7.0,7.0,8.0,10.969054,4.0,18.0,0.0,2.0,2.0,11.421514,-8.0,4.0,1.0,0.0,73.0,0.0
70.0,166.50119,16.492945,67.55227,13.0,0.0,0.0,100.0,-7.0,7.0,8.0,14.0,0.0,25.0,0.0,4.605867,5.4283333,71.39158,-8.0,4.0,1.0,4.0,83.0,0.0
85.0,143.64383,2.0,68.25237,30.0,0.0,0.0,100.0,-7.0,7.0,8.0,32.0,3.0,57.42794,0.0,0.0,0.0,7.0,38.415096,3.0,3.0,0.0,55.645714,0.0
75.0,340.44315,4.0,98.23987,12.0,0.0,0.0,100.0,-7.0,7.0,8.0,13.0,1.0,61.499603,0.0,1.0,1.0,65.96371,39.294926,2.0,1.0,4.0,77.387955,0.0
-9.0,-9.0,-9.0,-9.0,-9.0,-9.0,-9.0,-9.0,-9.0,-9.0,-9.0,-9.0,-9.0,-9.0,-9.0,-9.0,-9.0,-9.0,-9.0,-9.0,-9.0,-9.0,-9.0,0.0
73.0,221.1209,9.0,72.0,23.0,1.0,1.0,84.91838,45.04262,6.0,6.0,29.240847,1.0,60.30246,0.0,0.0,0.0,26.82723,34.153473,5.0,3.0,0.0,80.0,0.0
70.0,186.3068,2.0,86.22816,31.981218,0.0,0.0,94.0,24.801243,6.0,6.0,31.0,2.0,19.138582,0.0,2.0,2.0,64.29713,-8.0,4.0,1.0,3.0,56.276943,0.0
79.38148,295.68872,3.0,71.45369,32.17697,0.0,0.0,100.0,-7.0,7.0,8.0,33.075977,3.0,29.0,0.0,5.8584633,6.3692503,0.0,-8.0,3.0,2.0,0.0,44.0,0.0
78.0,217.43893,19.033716,107.63449,24.0,0.0,0.0,100.0,-7.0,7.0,8.0,28.0,0.0,34.9711,-8.0,0.0,0.0,78.44676,41.524193,2.0,2.0,0.0,69.8547,0.0
88.21823,213.3001,15.281738,103.90608,13.0,0.0,0.0,100.0,-7.0,7.0,8.0,18.0,0.0,20.661308,-9.0,0.0,0.0,0.0,-8.0,1.0,1.0,0.0,68.22186,0.0
71.0,141.8754,13.0,69.94727,13.29698,2.0,2.0,92.771736,36.843548,6.0,4.0,14.0,0.0,26.0,0.0,4.0,4.0,16.101387,-8.0,2.0,2.0,0.0,71.0,0.0
68.0,162.82042,7.0,76.0,44.25651,2.0,1.0,88.0,17.982986,6.0,6.0,53.27547,1.0,20.0,1.0,3.0,3.0,20.958212,92.288414,7.0,1.0,1.0,50.0,0.0
72.0,403.31528,9.0,119.42852,35.25934,0.0,0.0,100.0,-7.0,7.0,8.0,36.683327,1.0,20.808502,2.0,0.0,0.0,47.935097,68.59383,8.469243,2.0,3.0,75.0,0.0
83.0,156.32803,13.091813,71.87632,12.0,0.0,0.0,100.0,-7.0,7.0,8.0,13.0,0.0,24.0,-7.0,0.0,0.0,15.235331,62.403267,2.0,2.0,0.0,48.38296,0.0
62.573395,218.2269,2.0,90.81796,20.0,1.6795294,1.0,71.5301,5.195823,4.0,3.0,27.0,4.0,39.0,0.0,4.0,3.0,32.944653,89.43777,4.0,2.0,0.0,60.0,0.0
78.0,214.15405,2.0,76.875854,51.98023,0.0,0.0,97.0,43.36723,6.0,6.0,44.487587,6.0,13.448842,0.0,1.0,1.0,2.0,50.527355,8.0,2.0,0.0,38.10956,0.0
85.0,225.3575,6.0,86.316795,24.0,0.0,0.0,100.0,-7.0,7.0,8.0,24.0,1.0,37.0,8.0,0.0,0.0,9.0,93.282814,3.8951502,2.0,0.0,43.0,0.0
79.42372,303.85147,1.0,67.37349,23.11208,0.0,0.0,95.0,56.48245,6.0,6.0,26.0,3.0,63.493717,0.0,5.2274203,5.0,28.113178,86.378624,4.0,4.865616,0.0,83.0,0.0
76.0,305.87366,5.0,100.0,43.768913,0.0,0.0,100.0,16.535013,4.0,5.0,47.01074,1.0,44.606884,1.0,3.0,2.0,9.831191,77.68339,3.0,2.0,0.0,45.45681,0.0
79.0,214.40027,25.606506,117.82757,19.0,0.0,0.0,100.0,-7.0,7.0,8.0,7.0,0.0,25.0,22.29973,0.0,0.0,35.36361,-8.0,2.0,3.0,1.7562541,63.0,0.0
81.0,181.45006,5.6211896,79.071815,24.0,0.0,0.0,100.0,-7.0,7.0,8.0,28.186222,2.0,40.67575,0.0,0.0,0.0,37.463844,71.0,4.0,1.0,0.0,75.0,0.0
74.0,211.87697,4.0,84.03559,49.24928,0.0,0.0,100.0,-7.0,7.0,8.0,45.00774,4.0,44.221558,1.0,1.0,1.0,31.16903,96.85227,5.316293,3.0,1.0,64.0,0.0
-9.0,-9.0,-9.0,-9.0,-9.0,-9.0,-9.0,-9.0,-9.0,-9.0,-9.0,-9.0,-9.0,-9.0,-9.0,-9.0,-9.0,-9.0,-9.0,-9.0,-9.0,-9.0,-9.0,0.0
74.0,140.77693,3.0,66.01426,11.798547,0.0,0.0,100.0,-7.0,7.0,8.0,9.666388,2.0,56.495335,1.0,1.0,0.0,55.66588,65.789795,2.0,3.0,1.0,80.0,0.0
61.628796,127.2664,5.0,65.0,16.0,1.0,1.0,78.07026,3.0,-8.18811,2.0,21.0,1.0,32.0,3.0,2.0,2.0,46.629128,50.335636,3.0,2.6467924,1.0,50.0,0.0
88.761795,172.64806,13.0,85.49464,15.103109,0.0,0.0,100.0,-7.0,7.0,8.0,22.0,0.0,72.95813,-8.401635,0.0,0.0,13.319392,-8.0,2.0,1.0,0.0,88.009636,0.0
78.0,133.64949,17.341616,164.35555,20.0,0.0,0.0,100.0,-7.0,7.0,8.0,3.9778392,0.0,11.92949,21.534035,0.0,0.0,47.593918,-6.912889,3.0,1.0,1.0,36.55382,0.0
84.0,298.37152,2.0,95.61502,25.0,0.0,0.0,100.0,-7.0,7.0,8.0,26.177794,1.0,0.0,0.0,0.0,0.0,10.949211,-8.0,7.0,-8.0,0.0,43.0,0.0
-9.0,-9.0,-9.0,-9.0,-9.0,-9.0,-9.0,-9.0,-9.0,-9.0,-9.0,-9.0,-9.0,-9.0,-9.0,-9.0,-9.0,-9.0,-9.0,-9.0,-9.0,-9.0,-9.0,0.0
82.0,120.30639,33.682365,53.51189,8.073036,0.0,0.0,100.0,-7.0,7.0,8.0,8.0,0.0,60.585567,-7.0,0.0,0.0,3.0,-8.0,1.0,1.0,0.0,67.0,0.0
73.364265,191.0074,2.0,62.780167,17.0,1.4384527,1.0,93.0,55.93633,6.0,2.708267,14.0,2.0,35.0,1.7232953,3.0,2.0,8.432099,50.26148,3.0,1.0,0.0,60.783806,0.0
78.0,296.3726,3.0,111.0145,34.0,0.0,0.0,100.0,-7.0,7.0,8.0,25.0,1.0,19.0,0.0,1.0,1.0,40.91368,47.606194,4.0,2.0,1.0,50.0,0.0
84.0,140.49493,0.3548455,91.98708,30.0,0.0,0.0,100.0,-7.0,7.0,8.0,24.0,1.0,31.429295,0.0,0.0,0.0,11.0,-8.0,5.5391045,2.0,1.0,75.0,0.0
73.0,281.06354,16.0,77.27272,21.0,0.0,0.0,100.0,-7.0,7.0,8.0,26.0,0.0,27.864075,9.0,0.0,0.0,77.78363,51.9341,3.0,2.0,2.5399086,80.0,0.0
86.0,326.059,5.0,86.22145,21.328905,0.0,0.0,100.0,-7.0,7.0,8.0,38.087734,1.0,27.895367,18.919327,0.0,0.0,24.213621,-8.0,2.0,1.0,0.0,45.39216,0.0
87.0,455.75366,50.527092,309.31665,-9.0,0.0,0.0,100.0,-7.0,7.0,8.0,8.0,0.0,46.41287,19.254705,0.0,0.0,0.2828457,-8.0,0.763374,-8.0,0.0,33.0,0.0
80.0,126.79852,105.91953,101.478615,5.2089953,0.0,0.0,100.0,-7.0,7.0,8.0,12.0,0.0,33.0,17.564081,1.0,1.0,62.566925,-8.0,2.0,1.0,0.0,100.0,0.0
-9.0,151.91179,9.0,49.295147,19.0,0.0,0.0,82.207115,5.9442234,3.0,6.0,11.0,4.0,34.10812,2.0,1.0,1.0,35.686016,98.79342,5.0,5.0,1.0,100.0,0.0
75.0,174.81868,3.528943,80.0,23.0,0.0,0.0,100.0,-7.0,6.0,8.0,25.0,2.0,28.597998,1.0,1.0,1.0,42.954742,80.03426,4.0,2.0,1.0,50.0,0.0
78.29376,165.17053,2.0,65.22322,8.86712,1.0,0.0,92.0,6.0,4.0,4.0,9.948756,1.0,29.0,-7.0,1.0,1.0,6.0,93.0,1.0,2.0,0.0,50.0,0.0
70.0,-8.316802,4.0,54.23097,14.0,0.0,0.0,95.0,35.55816,6.0,6.0,12.0,3.0,63.44129,9.0,0.0,0.0,28.0,-8.0,2.0,4.0,0.0,72.95171,0.0
77.0,169.44597,13.041165,137.71065,10.0,1.4411012,1.0,100.0,-7.0,7.0,8.0,12.0,0.0,36.004013,0.0,0.0,0.0,18.0,-8.0,3.0,2.0,0.0,100.0,0.0
76.0,220.43707,9.0,83.0,25.32245,0.0,0.0,100.0,-7.0,7.0,8.0,26.0,1.0,33.0,-7.0,1.0,1.0,47.158546,11.361408,4.468995,3.0,0.0,75.0,0.0
66.0,177.4743,16.0,109.06869,12.0,3.354484,3.2061071,72.15502,6.0,4.0,3.0,18.0,0.0,19.0,5.0,1.0,0.0,33.033745,-8.0,2.0,1.0,0.0,80.0,0.0
82.29326,404.90106,3.0,148.7071,33.0,0.0,0.0,92.0,8.983862,6.0,6.0,31.0,2.0,15.335471,3.0,1.0,1.0,6.0,-8.0,2.0,2.0,0.0,40.0,0.0
77.23389,216.32362,2.0,103.64691,13.0,1.2271026,0.0,85.88742,10.73529,6.0,3.886483,14.0,1.0,-9.0,-7.0,0.0,0.0,39.18961,-8.0,4.0,-8.0,0.0,70.73037,0.0
73.0,138.85788,7.0,60.903065,22.0,0.0,0.0,90.0,2.0,6.0,6.0,24.0,2.0,17.0,0.0,1.0,1.0,7.5845156,19.893833,5.0,2.0,0.0,50.0,0.0
89.0,170.39922,15.0,121.208694,14.0,0.0,0.0,100.0,-7.0,7.0,8.0,15.0,0.0,44.0,-7.0,0.0,0.0,1.0,40.120087,1.0,1.0,0.0,100.0,0.0
90.025505,205.73346,-3.6466522,116.296135,28.0,0.0,0.0,100.0,-7.0,7.0,8.0,30.0,1.0,29.368967,5.0,1.0,0.0,1.0,48.480606,1.0,-8.0,0.0,-9.0,0.0
86.0,214.27724,37.03092,91.58266,9.0,0.0,0.0,100.0,-7.0,7.0,8.0,8.0,0.0,45.0,-7.0,0.0,0.0,16.8929,25.597443,2.0,2.0,0.0,71.62213,0.0
73.0,448.79794,5.0,259.55142,22.0,0.0,0.0,100.0,-7.0,7.0,8.0,25.0,1.0,-9.0,1.0,0.0,0.0,24.089312,-8.0,4.0,-8.0,1.0,20.405066,0.0
84.0,136.6435,20.0,82.0,18.0,0.0,0.0,100.0,-7.0,7.0,8.0,21.957474,0.0,42.0,0.0,0.0,0.0,4.0,-8.0,3.0,2.0,0.0,81.32317,0.0
77.0,285.7491,13.164399,81.0,45.2389,1.0,0.0,95.0,54.795853,6.0,5.0,41.16083,0.0,11.920342,0.0,3.0,2.3998232,11.0,-8.0,6.0,2.0,0.0,44.528034,0.0
87.0,236.4354,5.0,74.0,13.0,0.0,0.0,100.0,-7.0,7.0,8.0,14.0,1.0,38.92707,14.8871765,0.0,0.0,8.0,-8.0,2.0,1.0,0.0,50.0,0.0
66.0,280.16727,14.671268,119.88534,26.0,4.0966716,3.6820717,83.19165,24.228485,6.0,5.0,27.910954,0.0,60.807686,0.0,1.0,1.0,11.8452015,76.744736,3.3292906,5.0,0.0,75.65638,0.0
89.95296,144.16019,17.0,94.0,14.0,0.0,0.0,100.0,-7.0,7.0,8.0,3.997388,0.0,40.0,12.0,0.0,0.0,0.0,73.949486,1.0,1.0,0.0,33.021168,0.0
-9.0,-9.0,-9.0,-9.0,-9.0,-9.0,-9.0,-9.0,-9.0,-9.0,-9.0,-9.0,-9.0,-9.0,-9.0,-9.0,-9.0,-9.0,-9.0,-9.0,-9.0,-9.0,-9.0,0.0
75.0,293.74203,17.0,81.0,20.071138,0.0,0.0,88.0,11.468005,6.0,6.0,20.0,0.0,49.627254,0.0,0.0,0.0,21.304354,22.25766,3.0,4.0,0.0,60.0,0.0
80.11582,161.615,4.0,92.0,14.0,1.0,0.0,95.0,51.87835,6.0,5.0,10.0,2.0,15.700183,-7.0,1.0,1.0,11.0,-8.0,4.0,2.0,0.0,60.0,0.0
77.0,195.60826,2.0,74.0,24.349993,0.0,0.0,100.0,-7.0,7.0,8.0,19.0,1.0,22.0,19.167656,0.0,0.0,39.837376,51.879288,4.3168674,2.0,0.0,50.0,0.0
80.5996,272.51385,5.0,58.618675,29.0,0.0,0.0,100.0,-7.0,7.0,8.0,35.30863,2.4318707,50.0,5.627478,1.0,1.0,15.18813,81.26663,2.0,10.222872,1.0,80.0,0.0
84.0,193.1287,8.0,86.0,32.0,0.0,0.0,100.0,-7.0,7.0,8.0,30.0,4.0,35.0,0.0,0.0,0.0,13.420049,63.052013,4.0,3.0,0.0,83.0,0.0
79.52149,225.51495,2.0,67.19144,40.103745,0.0,0.0,100.0,-7.0,7.0,8.0,63.10802,5.0,35.379913,0.0,3.0,3.0,25.386003,76.94438,5.0,1.0,0.0,77.6039,0.0
85.0,346.6616,5.0,99.852684,31.0,0.0,0.0,100.0,-7.0,7.0,8.0,32.0,4.0,25.586952,11.333934,2.0,1.0,29.22762,78.86614,2.0,2.0,0.0,50.0,0.0
67.270256,177.22952,3.0,47.91941,28.0,0.0,0.0,97.26806,42.340843,6.0,6.0,32.0,2.0,23.0,0.0,0.0,0.0,66.22968,44.274853,6.0,2.0,1.0,67.42066,0.0
80.0,429.9188,3.0,90.0,39.36783,0.0,0.0,93.0,10.139515,6.0,6.0,34.8452,2.0,34.74824,0.0,0.0,0.0,1.0,-8.0,3.0,4.0,0.0,50.0,0.0
78.0,156.801,11.0,62.13558,18.560068,0.0,0.0,100.0,-7.0,7.0,8.0,21.624296,1.0,36.0,-7.0,0.0,0.0,25.187521,75.033226,2.0,3.0,0.0,67.0,0.0
79.0,354.00964,19.831093,112.88281,30.0,0.0,0.0,100.0,-7.0,7.0,8.0,35.581173,0.0,22.070107,0.0,0.0,0.0,25.0,-8.0,4.0,1.0,2.0,64.0,0.0
77.86294,393.37634,3.0,141.91617,7.0,2.0,2.060304,100.0,-7.0,6.0,8.0,8.743275,1.0,23.0,0.0,1.0,1.0,4.546545,-8.0,4.0,1.0,0.0,100.0,0.0
74.30596,262.82224,11.0,63.0,17.620447,0.0,0.0,100.0,-7.0,7.0,8.0,20.0,0.0,33.0,0.0,1.0,1.0,32.0,-8.0,3.0,1.0,0.0,60.0,0.0
84.0,391.7177,19.401176,109.645226,20.0,0.0,0.0,100.0,-7.0,7.0,8.0,19.358685,0.0,21.0,0.0,1.0,1.0,4.0,-8.0,2.8791986,1.0,0.0,56.0,0.0
86.473724,340.59857,27.5272,106.9471,19.823427,0.0,0.0,100.0,-7.0,7.0,8.0,16.0,0.0,1.8980693,16.88513,0.0,0.0,11.262087,31.518492,3.0,2.0,0.0,33.0,0.0
89.0,325.41074,5.0,92.0,17.0,0.0,0.0,100.0,-7.0,7.0,8.0,21.691814,3.0,42.0,16.130215,0.0,0.0,2.4717124,93.0,1.0,2.0,0.0,59.517643,0.0
75.0,-8.410417,4.0,31.185888,-9.0,0.0,0.0,100.0,-7.0,7.0,8.0,3.9961243,2.0,20.0,0.0,1.0,1.0,38.117527,59.650505,2.0,2.0,0.0,67.0,0.0
84.0,332.70465,9.0,63.03378,20.0,0.0,0.0,100.0,-7.0,7.0,8.0,26.0,2.0,21.827093,18.945173,0.0,0.0,1.0,-8.0,1.0,1.0,0.0,25.0,0.0
58.266663,-9.0,5.0,58.0,6.0,1.0,1.0,63.198814,-7.0,0.0,5.0,-2.3658385,3.0,43.420788,0.0,0.0,0.0,4.0,100.0,1.0,3.0,0.0,83.36968,0.0
62.949394,159.95439,4.0,82.37997,25.0,2.8252633,2.2370222,100.0,-7.0,6.0,8.0,28.0,1.0,52.466267,0.0,0.0,0.0,34.42242,-8.0,2.0,2.0,0.0,67.0,0.0
77.0,146.71808,9.0,88.00679,12.0,0.0,0.0,95.0,11.632492,6.0,6.0,15.0,2.0,66.584785,-7.0,0.0,0.0,0.0,-8.0,1.0,-8.0,-8.0,58.0,0.0
81.0,275.4988,2.4703703,77.0,37.175076,0.0,0.0,100.0,-7.0,7.0,8.0,37.0,4.0,49.213123,0.0,1.0,1.7929969,17.0,91.27836,6.0,5.0357533,0.0,80.0,0.0
92.5477,157.52223,9.634883,133.86429,9.390102,0.0,0.0,100.0,-7.0,7.0,8.0,7.2026396,0.0,21.279602,9.336675,0.0,0.0,3.0,-8.0,2.0,-9.0,0.0,43.01428,0.0
79.0,319.89474,5.0,101.982,12.0,0.0,0.0,82.5296,3.3793805,4.6076984,6.0,14.0,1.0,24.0,0.0,0.0,0.0,0.0,-8.0,2.0,1.0,0.0,45.3355,0.0
81.0,371.0035,3.268456,120.067314,32.0,0.0,0.0,100.0,-7.0,7.0,8.0,34.0,2.0,14.0,8.338441,1.0,1.0,1.0,-8.0,5.0,1.0,0.0,50.41366,0.0
86.0,210.01097,23.930502,115.46924,22.642908,0.0,0.0,100.0,-7.0,7.0,8.0,29.0,0.0,39.0,0.0,0.0,0.0,0.0,-8.0,3.0,2.0,0.0,50.0,0.0
78.94895,145.6254,2.0,54.55354,14.0,0.0,0.0,90.0,79.23819,6.0,6.0,16.0,4.0,41.11994,3.0,0.0,0.0,15.475018,22.286802,2.0,1.0,0.0,67.0,0.0
63.358402,450.9731,1.0,99.78375,29.0,1.0,0.0,92.0,1.0,0.44199947,5.0,44.10188,3.0,29.958115,0.0,14.41412,11.136497,35.09646,96.62035,3.0,2.0,1.0,39.277367,0.0
70.37601,369.20715,6.0,114.85363,19.0,0.0,0.0,89.938614,-7.0,4.0,6.0,24.0,2.0,42.0,0.0,1.0,1.0,19.571486,60.42472,3.0,3.0,0.0,57.0,0.0
73.0,378.20526,29.79839,158.5059,7.1523676,0.0,0.0,82.20729,20.985134,6.0,6.0,7.888796,0.0,37.0,-8.0,0.0,0.0,18.7936,-8.0,2.0,1.0,0.0,100.0,0.0
79.21574,272.36945,10.0,116.58829,18.0,0.0,0.0,100.0,-7.0,7.0,8.0,32.0,1.0,41.141468,-8.0,1.0,1.0,65.142654,79.062775,3.0,2.0,0.0,78.0,0.0
79.605995,121.51688,1.0,81.0,18.0,0.0,0.0,100.0,-7.0,7.0,8.0,22.0,2.0,43.0,5.0,2.0,2.0,28.45406,77.055595,7.0,2.0,0.0,75.00268,0.0
59.914295,97.6522,4.0,34.618954,25.0,0.0,0.0,90.79871,42.274704,6.0,6.0,25.0,2.0,47.10354,0.0,1.0,1.0,55.556923,89.03642,6.0,9.001312,1.0,91.03542,0.0
77.0,281.4887,1.0,90.0,36.0,0.0,0.0,100.0,-7.0,7.0,8.0,40.997143,5.0,14.0,6.0,2.0,2.0,1.0,81.25737,4.0,1.0,0.0,24.479979,0.0
90.11953,690.9072,69.16492,161.9942,15.0,0.0,0.0,100.0,-7.0,7.0,8.0,16.600004,0.0,17.0,0.0,1.0,1.0,5.0,-8.0,2.0,1.0,0.0,45.43132,0.0
89.66051,214.43852,29.562141,100.05002,31.0,0.0,0.0,100.0,-7.0,7.0,8.0,42.967953,0.0,17.461395,0.0,0.0,1.0,3.0,22.583443,3.0,1.0,0.0,29.756021,0.0
82.0,214.27197,8.0,113.60909,22.0,0.0,0.0,100.0,-7.0,7.0,8.0,24.0,1.0,23.0,6.82518,0.0,0.0,27.092491,-8.0,3.0,1.0,1.0,38.519516,0.0
58.28686,376.80713,8.0,114.62876,21.0,1.0,1.0,83.13261,6.1166935,4.0,5.0,22.0,1.0,33.0,0.0,3.0,2.0,72.367294,79.39653,5.0,2.0,1.5126288,67.0,0.0
86.0,202.27512,1.0,76.29479,21.223179,0.0,0.0,100.0,-7.0,7.0,8.0,25.291187,2.0,11.0,0.0,0.0,0.0,8.212685,-8.0,4.0,1.0,0.0,50.0,0.0
80.0,324.30124,4.0,82.40542,29.0,0.0,0.0,95.0,24.645056,6.0,6.0,32.058464,2.0,21.0,18.225172,0.0,0.0,6.0,-8.0,1.0,1.0,0.0,20.378736,0.0
63.0,385.15683,11.0,140.63892,10.0,3.0,2.1782596,77.796165,11.194214,6.0,3.0,18.0,0.0,25.079885,0.0,0.0,0.0,77.34965,-8.0,2.1393154,1.0,2.8116457,56.0,0.0
57.163204,276.5686,2.0,134.39255,30.227991,0.0,0.0,83.862854,4.808316,6.0,6.0,32.24666,1.0,17.169367,-8.0,0.0,0.0,53.738438,-8.0,11.549954,2.0,9.609048,76.43473,0.0
70.0,397.13098,7.0,112.99659,33.0,0.0,0.0,100.0,-7.0,7.0,8.0,54.10373,0.0,29.0,0.0,0.0,0.0,71.31967,-8.0,6.0,1.0,6.108213,78.0,0.0
87.0,199.53372,3.4275856,75.77429,22.0,0.0,0.0,100.0,-7.0,7.0,8.0,19.0,1.0,37.47896,3.0,1.0,1.0,0.0,80.0,1.0,2.0,0.0,50.0,0.0
69.0,287.87305,6.0,71.825325,48.5446,1.0,1.0,97.0,31.509188,6.0,5.0,46.983513,4.0,17.34821,3.0,0.0,0.0,12.0,76.24836,6.3563604,2.0,1.0,33.0,0.0
80.0,148.26108,20.0,62.115986,17.0,1.0,0.0,95.0,61.07939,6.0,5.0,22.0,0.0,32.640064,5.0,0.0,0.0,8.636423,60.146782,4.0,2.0,0.0,78.059,0.0
90.0,173.47018,4.0,69.92644,25.0,0.0,0.0,100.0,-7.0,7.0,8.0,23.0,1.0,17.003656,0.0,0.0,0.0,1.0,-8.0,2.0,1.0,0.0,30.795858,0.0
86.0,170.11586,2.0,75.423744,31.0,0.0,0.0,98.0,64.00039,6.0,6.0,30.837173,1.0,18.0,1.0,2.0,2.0,0.0,95.282906,0.0,2.0,0.0,21.847826,0.0
70.82655,209.72598,4.0,103.160706,21.0,1.0,1.0,88.38039,31.259312,6.0,2.0,26.0,1.0,22.853525,0.0,5.2942934,5.6672845,23.961227,-8.0,4.0,2.0,2.0,69.44113,0.0
69.11198,158.09518,2.0,63.062595,19.0,3.5061219,3.6229022,95.0,81.701225,6.0,2.0,22.852531,5.0,72.82854,-8.0,3.9601266,3.0,79.999954,77.68302,3.0,3.0,0.0,90.90678,0.0
81.0,208.0908,3.0,76.0,31.0,0.0,0.0,95.0,35.793427,6.0,6.0,34.0,2.0,28.0,13.799324,0.0,0.0,5.884306,-8.0,2.0,2.0,1.0,21.465677,0.0
77.0,162.7642,20.0,77.71595,19.0,0.0,0.0,94.0,42.300632,6.0,6.0,23.0,0.0,63.967102,7.2871637,0.0,0.0,22.880594,-8.0,2.0,1.0,1.0,66.068756,0.0
80.0,282.08234,10.0,95.62266,20.0,0.0,0.0,100.0,-7.0,7.0,8.0,24.0,1.0,22.094841,5.0,0.82793766,0.0,13.597752,43.19618,6.0,2.0,0.0,62.011803,0.0
73.0,168.86853,3.0,82.06471,41.166203,0.0,0.0,89.504036,54.731033,6.0,6.0,38.0,2.0,52.096783,1.0,3.0,2.0,32.670193,53.242218,6.0,15.132708,1.0,87.5544,0.0
-9.0,-9.0,-9.0,-9.0,-9.0,-9.0,-9.0,-9.0,-9.0,-9.0,-9.0,-9.0,-9.0,-9.0,-9.0,-9.0,-9.0,-9.0,-9.0,-9.0,-9.0,-9.0,-9.0,0.0
85.56364,166.72731,11.0,67.62664,22.0,0.0,0.0,100.0,-7.0,7.0,8.0,24.0,0.0,53.078278,-8.0,0.0,0.0,16.60643,-8.0,2.0,1.0,0.0,50.0,0.0
87.0,125.72669,14.0,68.0,16.954092,0.0,0.0,100.0,-7.0,7.0,8.0,17.009886,0.0,19.0,0.0,0.0,1.0,2.074208,-8.0,1.0,-8.0,0.0,29.25959,0.0
82.0,348.5994,14.0,99.7717,18.0,0.0,0.0,100.0,-7.0,7.0,8.0,24.0,0.0,40.0,-9.0,0.0,0.0,6.0,38.285366,3.0,2.0,0.0,50.0,0.0
88.0,261.64822,23.018538,250.30327,6.0,0.0,0.0,100.0,-7.0,7.0,8.0,5.255284,0.0,31.0,8.0,0.0,0.0,1.0,-8.0,3.0,-8.0,0.0,88.29048,0.0
-9.0,-9.0,-9.0,-9.0,-9.0,-9.0,-9.0,-9.0,-9.0,-9.0,-9.0,-9.0,-9.0,-9.0,-9.0,-9.0,-9.0,-9.0,-9.0,-9.0,-9.0,-9.0,-9.0,0.0
74.0,68.12191,3.0,45.416508,31.0,0.0,0.0,100.0,-7.0,7.0,8.0,29.919868,2.0,50.0,0.0,0.0,0.0,25.0,82.237564,5.0,5.0,1.0,75.0,0.0
86.00452,190.4723,15.0,63.0,12.0,0.0,0.0,100.0,-7.0,7.0,8.0,10.625784,0.0,24.0,-0.15258965,0.0,0.0,-1.8397691,-8.0,0.0,1.0,0.0,39.489006,0.0
81.0,346.95773,2.0,92.646965,26.0,0.0,0.0,100.0,-7.0,7.0,8.0,19.0,4.0,23.0,0.0,3.0,3.0,10.0,-8.0,5.0,2.0,0.0,57.0,0.0
81.0,461.9377,16.839375,106.700485,27.545435,0.0,0.0,100.0,-7.0,7.0,8.0,24.0,0.0,29.0,0.0,0.0,0.0,43.89169,-8.0,3.0,2.0,1.0,46.146763,0.0
-9.0,-9.0,-9.0,17.824821,-9.0,-9.0,-9.0,-9.0,-9.0,-9.0,-9.0,-9.0,-9.0,-9.0,-9.0,-9.0,-9.0,-9.0,-9.0,-9.0,-9.0,-9.0,-9.0,0.0
71.0,265.577,5.0,104.152145,21.0,1.0,1.0,86.22632,-7.0,-9.0,2.0,28.0,2.0,35.0,0.0,2.0,2.0,2.0,98.83665,1.0,2.3091593,0.0,71.0,0.0
86.0,212.41792,15.0,80.66082,17.0,0.0,0.0,100.0,-7.0,7.0,8.0,20.0,0.0,28.0,-7.0,0.0,0.0,4.562631,50.023113,2.0,2.0,0.0,33.0,0.0
71.091064,146.96904,4.0,60.04849,21.0,0.0,0.0,94.0,21.770897,6.0,6.0,20.154766,2.0,35.0,2.0,2.0,2.0,49.033905,45.63188,4.0,2.0,1.0,50.0,0.0
70.51517,383.03827,7.0,92.0,37.327614,0.0,0.0,100.0,-7.0,7.0,8.0,31.47239,3.0,14.0,0.0,0.0,0.0,32.0,76.33862,11.0,2.0,1.0514224,57.0,0.0
87.49103,120.14631,40.3778,82.083115,12.0,0.0,0.0,100.0,-7.0,7.0,8.0,-9.0,0.0,33.0,2.4241478,0.0,0.0,6.1386533,-8.0,2.0,1.0,0.0,50.0,0.0
75.64361,281.37845,7.0435505,98.9054,30.0,0.0,0.0,95.0,18.114902,6.0,6.0,31.0,0.0,40.057228,-7.0,0.0,0.0,4.414997,53.883026,2.0,2.0,1.0,54.914494,0.0
77.00619,323.61884,18.28414,139.55412,44.46659,0.0,0.0,100.0,-7.0,7.0,8.0,61.7169,0.0,22.0,4.946092,0.0,0.0,64.83308,-8.0,6.0,1.0,3.0,83.43215,0.0
72.55749,72.64265,15.943724,58.0,20.0,0.0,0.0,96.0,37.642735,6.0,6.0,17.0,0.0,30.098135,6.0,0.0,0.0,29.151924,45.538685,3.0,4.0,0.0,67.0,0.0
73.0,194.52098,126.17542,152.47852,6.1760507,0.0,0.0,90.0,10.407284,4.0,6.0,7.0,0.0,24.0,3.0,0.0,0.0,32.990665,-8.0,3.0,1.0,0.0,67.0,0.0
63.500477,277.2237,10.0,72.0,50.38787,0.0,0.0,88.18699,32.492935,6.0,6.0,63.28515,3.0,34.589615,-7.0,2.0,2.0,63.936344,69.327736,7.0,5.0,2.0,80.0,0.0
84.66953,205.97717,7.0,115.03027,26.0,0.0,0.0,100.0,-7.0,7.0,8.0,33.776936,1.0,26.0,10.696397,0.0,0.0,5.8887954,76.01743,3.0,1.0,0.0,25.0,0.0
71.0,174.32825,19.688086,89.69299,26.0,0.0,0.0,96.0,51.703777,6.0,6.0,35.355385,0.0,40.0,2.0,0.0,0.0,71.367775,68.42725,3.0,3.0,1.0,67.0,0.0
87.0,372.42584,30.60328,103.00058,15.0,0.0,0.0,100.0,-7.0,7.0,8.0,21.0,0.0,26.181408,1.0,0.0,0.0,0.0,45.10423,1.0,2.0,0.0,23.184935,0.0
67.44315,192.38803,-9.0,69.27504,29.0,0.0,0.0,89.55745,32.940918,6.0,6.0,29.0,5.0,13.0,0.0,4.0,3.686727,17.359549,-8.0,3.2917285,1.0,0.0,30.040022,0.0
89.985725,74.51957,11.0,63.129047,10.0,0.0,0.0,100.0,-7.0,7.0,8.0,7.0,1.0,23.330156,1.0,1.0,1.0,0.0,-8.0,1.0,1.0,0.0,30.086784,0.0
70.0,176.53749,3.0,65.0,16.0,0.0,0.0,100.0,-7.0,7.0,8.0,19.0,2.0,23.918648,7.964283,1.3530604,1.0,69.056465,-8.0,6.0,1.0,5.9997616,86.0,0.0
81.0,151.0064,20.0,112.50216,8.0,0.0,0.0,88.0,0.49636993,4.0,6.0,10.197431,0.0,50.0,6.878216,1.0,1.0,10.984081,-8.0,1.0,2.0,0.0,46.39353,0.0
68.27764,213.31105,7.0,99.90196,39.352703,2.0,0.0,93.0,4.539963,6.0,6.0,47.50846,1.0,50.0,-7.0,3.0,3.0,47.638905,0.22341047,3.0,3.0,1.0,70.0,0.0
71.0,207.48619,6.0,74.0,24.0,0.0,0.0,100.0,-7.0,7.0,8.0,26.598637,2.0,35.685806,0.0,4.0,4.0,56.538216,62.268612,4.0,3.0,0.0,67.0,0.0
58.439865,131.8725,19.116167,103.12192,9.0,2.0,1.0,31.30864,4.7334704,6.0,5.0,11.0,0.0,46.341248,-7.0,0.0,0.0,67.05953,58.21638,4.0,2.0,1.0,99.647125,0.0
66.0,260.91513,192.18878,114.91805,5.549813,1.0,0.0,61.396687,47.7098,6.0,5.0,6.1512847,0.0,50.0,-8.0,0.0,0.0,64.601685,-8.0,1.0,-9.0,-9.0,88.0,0.0
79.0,371.39456,4.0,113.76248,43.604553,0.0,0.0,100.0,-7.0,7.0,8.0,42.332054,2.0,28.13985,-7.0,0.0,0.0,19.709541,33.74803,4.0,2.0,0.0,33.0,0.0
-9.0,211.03491,8.586222,81.0,12.0,1.0,0.0,84.59895,-7.0,0.056614727,3.0,13.16217,1.0686744,44.0,0.0,1.0,1.0,24.192554,-8.0,1.0,1.0,0.0,29.881105,0.0
68.0,396.7036,5.0,86.521255,14.0,0.5802188,0.0,93.0,11.220373,6.0,6.0,16.0,1.0,93.11748,-7.0,0.0,0.0,105.51096,89.44397,2.0,4.0,1.0,100.0,0.0
81.0,172.86119,5.0,107.58488,17.0,0.0,0.0,100.0,-7.0,7.0,8.0,22.0,1.0,11.915654,4.0,1.0,1.0,27.080357,33.616558,3.0,2.0,1.1427555,75.0,0.0
86.0,356.5752,4.7261863,119.21377,27.0,0.0,0.0,100.0,-7.0,7.0,8.0,34.0,1.0,20.0,7.0,1.0,0.0,6.0,84.042625,3.0,2.0,0.0,46.786995,0.0
76.0,108.27658,2.0,61.26247,14.197373,0.0,0.0,100.0,-7.0,7.0,8.0,5.029996,7.755716,13.747745,0.0,3.0,2.8867621,22.280222,88.65715,4.0,2.0,0.0,33.0,0.0
78.0,261.56293,15.94751,121.98251,17.0,0.0,0.0,88.27124,36.382698,6.0,6.0,24.343304,0.0,17.0,8.587179,0.0,0.0,8.586511,-8.0,4.0,1.0,0.0,82.50141,0.0
84.0,165.49956,1.0,102.43022,16.936914,0.0,0.0,100.0,-7.0,7.0,8.0,19.0,1.0,27.0,-7.0940204,0.0,0.0,42.816082,87.158066,4.0,2.0,0.0,68.81682,0.0
84.0,220.13318,12.0,94.0,22.495985,0.0,0.0,100.0,-7.0,7.0,8.0,21.0,0.0,30.0,-7.0,0.0,0.0,5.0,-8.0,5.0,2.0,0.0,64.0,0.0
70.0,209.86514,9.740096,123.98545,20.0,0.0,0.0,91.0,7.7002764,4.0,6.0,22.0,1.0,30.0,0.0,1.0,1.0,22.99928,-8.0,2.0,4.0,0.0,80.0,0.0
76.10244,277.12085,4.0,97.25096,13.0,0.0,0.0,95.0,77.811066,6.0,6.0,19.0,2.0,48.49326,1.0,2.0,1.0,14.010507,24.632473,3.0,1.0,2.0,62.8116,0.0
-9.0,-9.0,-9.0,-9.0,-9.0,-9.0,-9.0,-9.0,-9.0,-9.0,-9.0,-9.0,-9.0,-9.0,-9.0,-9.0,-9.0,-9.0,-9.0,-9.0,-9.0,-9.0,-9.0,0.0
81.863235,402.2774,11.0,142.27316,14.0,0.0,0.0,94.0,45.63841,6.0,6.0,15.0,0.0,59.255394,0.0,0.0,0.0,29.688494,-8.0,2.0,1.0,0.0,100.0,0.0
68.41084,162.29463,1.0,43.439022,28.0,0.0,0.0,92.883545,37.076004,6.0,6.0,28.0,5.0,14.6237955,0.0,0.0,0.0,10.09629,48.358948,5.0,1.0,0.0,26.533073,0.0
86.0,328.04156,21.504267,168.70627,13.0,0.0,0.0,100.0,-7.0,7.0,8.0,14.827873,0.0,9.66419,-7.038526,0.0,0.0,8.223151,-8.0,4.0,1.0,0.0,54.13003,0.0
72.0,310.92856,4.0,142.41133,22.0,1.0,1.9185573,100.0,-7.0,6.0,8.0,30.11762,2.0,27.0,-7.0,0.0,0.0,40.977924,-8.0,6.0,1.0,0.0,67.0,0.0
83.0,371.37958,17.192633,197.80069,12.80269,0.0,0.0,100.0,-7.0,7.0,8.0,14.0,0.0,12.719844,-8.0,2.0,1.0,37.259483,-8.0,2.3087907,1.0,0.0,83.0,0.0
66.0,341.2892,6.0,110.05355,24.837328,0.0,0.0,95.0,-1.4169282,0.0,6.0,28.0,0.0,25.0,1.0,3.0,3.0,8.546917,59.656357,7.737635,2.0,0.0,56.248505,0.0
57.558537,214.31647,27.670872,105.000175,27.0,2.0,2.0,86.49203,3.6181915,3.5216541,2.0,26.182766,0.0,4.5005236,0.0,0.0,0.0,36.0,-8.0,5.0,1.0,1.0,43.0,0.0
80.0,242.79526,2.0,70.56041,32.0,0.0,0.0,100.0,-7.0,7.0,8.0,41.5022,3.0,33.77144,-7.0,2.0,1.0,39.67993,86.06007,2.0,3.0,0.0,71.0,0.0
-9.0,-9.0,-9.0,-9.0,-9.0,-9.0,-9.0,-9.0,-9.0,-9.0,-9.0,-9.0,-9.0,-9.0,-9.0,-9.0,-9.0,-9.0,-9.0,-9.0,-9.0,-9.0,-9.0,0.0
88.0,124.324905,20.831316,74.08803,11.724957,0.0,0.0,100.0,-7.0,7.0,8.0,10.869884,0.0,28.575321,15.787313,0.0,0.0,0.0,-8.0,1.0,1.0,0.0,18.113396,0.0
70.0,271.7629,8.0,125.76022,54.689728,1.0,1.4558504,93.0,18.767935,6.0,-9.0,62.19035,2.0,43.548874,0.0,2.0,2.0,63.511215,88.0302,10.13329,3.0,10.18988,75.0,0.0
-9.0,-9.0,-9.0,-9.0,-9.0,-9.0,-9.0,-9.0,-9.0,-9.0,-9.0,-9.0,-9.0,-9.0,-9.0,-9.0,-9.0,-9.0,-9.0,-9.0,-9.0,-9.0,-9.0,0.0
81.62748,293.43573,16.0,118.762955,30.621986,0.0,0.0,100.0,-7.0,7.0,8.0,34.0,0.0,42.920315,-7.0,0.0,0.0,24.392889,86.37295,5.0,2.6294634,1.0,71.0,0.0
77.314026,79.93093,3.0,72.0,13.966637,0.0,0.0,77.361496,33.202015,6.0,6.0,17.0,2.0,51.973854,0.0,1.0,1.0,9.0,61.47477,1.0,4.0,0.0,83.0,0.0
89.0,226.42493,5.0,94.0,20.0,0.0,0.0,100.0,-7.0,7.0,8.0,17.649357,1.0,11.0,3.8599257,1.0,1.0,15.187893,98.651634,3.0,1.0,0.0,38.0,0.0
83.99623,-9.0,6.0,65.84076,26.0,0.0,0.0,100.0,-7.0,7.0,8.0,0.22021973,2.0,21.546032,18.919806,0.0,0.0,9.738315,61.76566,3.0,2.0,0.0,35.36944,0.0
67.399925,253.05507,1.0,101.30332,13.793851,0.0,0.0,100.0,-7.0,7.0,8.0,12.891326,1.0,-9.0,0.0,4.0,3.0006192,41.38765,-8.0,11.0,-8.0,3.0,88.17053,0.0
79.86392,272.904,4.076779,88.069336,26.0,0.0,0.0,93.0,23.89738,6.0,6.0,23.0,2.0,29.64834,0.0,0.0,0.0,0.0,-8.0,1.0,5.0,0.0,40.0,0.0
74.0,190.69289,7.0,59.38969,15.0,0.0,0.0,91.91773,70.857,6.0,6.0,16.0,3.0,61.61152,0.0,1.0,1.0,52.781887,69.110916,2.0,3.0,0.0,80.0,0.0
84.0,213.37085,3.0,63.0,27.0,0.0,0.0,100.0,-7.0,7.0,8.0,26.0,2.0,21.0,0.0,2.0,2.0,23.691,77.70612,4.0,6.0,0.0,50.0,0.0
87.0,339.93002,7.2066245,115.67993,12.285181,0.0,0.0,100.0,-7.0,7.0,8.0,13.0,0.0,56.75691,-7.0,1.0,1.0,1.0,75.54013,1.0,2.0,0.0,53.363342,0.0
77.43489,198.99638,22.739042,148.7353,28.0,0.0,0.0,100.0,45.47966,6.0,4.0,-9.0,0.0,37.0,0.0,3.0,2.0,39.184742,-8.0,2.0,2.0,0.0,50.0,0.0
69.0,120.405426,7.0,63.0,8.0,0.0,0.0,88.0,22.955824,6.0,6.0,11.0,1.0,74.58954,0.0,0.0,0.0,1.0,16.779377,1.0,2.0,0.0,95.26712,0.0
70.0,182.5056,2.0,80.0,20.485344,0.0,0.0,100.0,-7.0,7.0,8.0,22.0,2.0397537,81.47749,1.0,1.0,1.0,75.07179,71.0,2.0,2.0,4.0,78.0,0.0
-9.0,291.74945,2.0,90.048294,24.541788,2.0286505,1.0,-9.0,-7.0,-9.0,5.0,30.01664,2.0,23.0,0.0,3.0,2.8637428,42.072437,69.73278,8.0,3.0,2.0,60.0,0.0
80.0,182.49995,2.0,100.832886,31.70939,1.0,1.0,95.0,28.66682,6.0,4.0,38.0,1.0,15.0,0.0,0.0,0.0,1.0,-8.0,2.0,1.0,0.0,60.0,0.0
81.0,139.6949,2.0,65.46891,25.57346,0.0,0.0,100.0,-7.0,7.0,8.0,24.0,2.0,44.851734,-8.0,0.0,0.0,13.0,76.915245,3.0,2.0,0.0,42.934334,0.0
-9.0,-9.0,-9.0,-9.0,-9.0,-9.0,-9.0,-9.0,-9.0,-9.0,-9.0,-9.0,-9.0,-9.0,-9.0,-9.0,-9.0,-9.0,-9.0,-9.0,-9.0,-9.0,-9.0,0.0
88.0,305.7277,49.234253,131.92604,24.0,0.0,0.0,100.0,-7.0,7.0,8.0,17.0,0.0,29.0,0.0,0.0,0.0,9.0,-8.0,3.0,2.0,0.0,46.06362,0.0
62.0,120.85462,34.917725,79.0,10.0,3.0,2.0,69.20879,22.967304,6.0,4.0,14.0,0.0,37.150787,-8.0,0.0,0.0,16.0,-8.0,1.0,2.0,0.0,71.0,0.0
77.0,119.03053,4.0,-9.0,13.0,0.0,0.0,100.0,-7.0,7.0,8.0,15.08669,4.637656,44.212536,1.9804528,1.0,1.0,19.420952,95.91119,6.0,2.0,0.0,82.26477,0.0
69.0,176.33989,1.0,61.244884,21.785389,1.0,0.0,86.222786,12.587773,6.0,5.2983184,29.0,3.0,21.0,-7.0,0.0,0.0,9.173746,85.40617,2.0,2.0,1.0,36.351322,0.0
75.0,148.1585,5.0,104.17274,52.781178,0.0,0.0,100.0,-7.0,7.0,8.0,29.49781,2.0,21.95359,0.0,0.0,0.0,35.903183,65.25728,15.382726,3.0,5.317959,64.79465,0.0
88.0,171.81784,4.0,82.952194,17.949984,0.0,0.0,100.0,-7.0,7.0,8.0,21.0,1.0,19.0,-8.0,0.0,0.0,4.65876,59.97893,4.0,1.0,0.0,50.0,0.0
87.0,253.44426,48.801456,133.90791,11.0,0.0,0.0,100.0,-7.0,7.0,8.0,15.0,0.0,23.01333,0.0,0.0,0.0,21.0,-8.0,1.0,1.0,0.0,55.973274,0.0
72.0,315.52917,14.816194,81.0,11.572578,0.0,0.0,77.90433,2.4817939,4.0,6.0,13.0,0.0,25.28308,0.0,0.0,0.0,19.0,-8.0,1.0,2.0,0.0,40.82166,0.0
68.0,313.54834,14.487089,121.851814,27.835272,0.0,0.0,95.0,-7.0,6.0,6.0,28.0,0.0,18.0,-7.0,0.0,0.0,65.86586,82.0,11.0,2.0,1.0,75.0,0.0
70.0,328.93552,23.09331,101.09776,31.0,0.0,0.0,100.0,-7.0,7.0,8.0,26.0,0.0,33.0,-7.0,1.0,1.0,93.06879,61.27469,8.0,4.0,5.9224005,100.0,0.0
-9.0,-9.0,-9.0,-9.0,-9.0,-9.0,-9.0,-9.0,-9.0,-9.0,-9.0,-9.0,-9.0,-9.0,-9.0,-9.0,-9.0,-9.0,-9.0,-9.0,-9.0,-9.0,-9.0,0.0
68.24808,190.51854,26.981647,88.06567,20.0,0.5964899,1.0,96.0,30.948008,4.0,6.0,22.0,0.0,27.40373,4.941842,0.0,0.0,77.75818,-8.0,5.0,2.925688,4.325411,88.0,0.0
78.0,140.53377,16.0,90.0,15.0,0.0,0.0,84.5951,9.270031,6.0,6.0,15.0,0.0,16.0,-7.0,0.0,0.0,15.650584,-8.0,1.0,-4.8672094,0.0,33.0,0.0
82.0,298.0752,5.0,87.13963,14.0,0.0,0.0,100.0,-7.0,7.0,8.0,16.887045,1.0,23.0,-8.0,0.0,0.0,11.0,97.451164,2.0,2.0,0.0,50.893658,0.0
87.0,164.14769,6.0,86.78999,21.0,0.0,0.0,100.0,-7.0,7.0,8.0,20.559376,1.0,37.0,-8.0,0.0,0.0,2.0,49.05708,2.0,2.0,0.0,40.0,0.0
78.0,372.12292,6.0,134.86128,26.0,2.0,3.0205626,98.0,63.006897,6.0,5.0,33.0,1.0,20.0,2.0,1.0,1.0,10.0,65.66335,4.0,1.0,0.0,24.448406,0.0
55.61546,142.79945,3.0,55.739235,16.0,1.0,1.0,87.574234,11.739811,4.0,6.0,18.0,2.0,17.0,0.0,1.0,1.0,68.58015,-8.0,6.0,1.0,3.0,71.0,0.0
72.160225,322.29456,29.255919,112.54817,19.0,0.0,0.0,100.0,-7.0,7.0,8.0,17.0,0.0,7.3980527,0.0,0.0,0.0,32.0,-8.0,11.0,1.0,3.1412826,67.0,0.0
76.0,116.42874,2.0,67.270325,32.0,0.0,0.0,100.0,-7.0,7.0,8.0,30.0,2.0,21.0,2.0,0.0,0.0,30.326746,-8.0,3.0,2.0,0.0,43.18237,0.0
82.0,182.9448,4.0,76.0,8.0,0.0,0.0,100.0,-7.0,7.0,8.0,9.4863615,1.0,68.14536,-8.0,0.0,0.0,40.987793,89.972885,3.0,2.0,0.0,75.0,0.0
-9.0,-9.0,-9.0,-9.0,-9.0,-9.0,-9.0,-9.0,-9.0,-9.0,-9.0,-9.0,-9.0,-9.0,-9.0,-9.0,-9.0,-9.0,-9.0,-9.0,-9.0,-9.0,-9.0,0.0
82.0,435.92688,5.0,141.55263,47.69311,0.0,0.0,100.0,-7.0,7.0,8.0,52.635334,1.0,29.943823,12.0,0.0,0.0,11.219446,-8.0,3.0,2.0,0.0,60.0,0.0
78.0,-6.2511725,5.0,81.82213,34.835175,0.0,0.0,100.0,-7.0,7.0,8.0,11.0,3.0,28.0,0.0,0.0,0.0,17.989805,54.41987,4.0,3.0,0.0,64.0,0.0
90.0,403.88397,5.0,126.84706,6.192593,0.0,0.0,100.0,-7.0,7.0,8.0,5.454887,2.0,11.460694,0.0,0.0,0.0,11.0,-8.0,2.0,-8.0,0.0,75.0,0.0
65.0,398.3219,3.0,98.526764,14.0,1.6716328,0.0,84.27813,7.1892285,6.0,5.0,19.0,3.0,50.40869,-7.0,1.0,0.0,40.889156,-8.0,4.0,1.0,0.0,80.0,0.0
86.0,250.91287,9.0,74.0,36.152725,0.0,0.0,100.0,-7.0,7.0,8.0,25.709042,1.0,42.0939,0.0,0.0,0.0,8.0,84.029976,5.0,5.0,0.0,60.0,0.0
79.0,308.0013,18.496925,124.81004,18.259905,0.0,0.0,88.0,23.523483,6.0,6.0,23.0,0.0,35.0,-8.0,0.0,0.0,19.0,-8.0,3.0,2.0,0.0,47.48476,0.0
74.97427,273.94858,3.0,88.88348,21.0,0.0,0.0,94.0,11.767696,6.0,6.0,22.0,2.0,27.0,0.0,2.0,2.0,15.357369,-8.0,6.0,1.0,0.0,50.0,0.0
77.174446,143.95114,2.4543676,33.0391,52.27408,0.0,0.0,100.0,-7.0,7.0,8.0,60.974045,10.829592,55.13966,0.0,5.3565664,5.3672094,14.0,99.996025,3.0,6.6826982,0.0,85.15419,0.0
85.0,191.37204,15.0,138.14606,14.0,0.0,0.0,100.0,-7.0,7.0,8.0,19.0,1.0,20.0,0.0,0.0,0.0,8.0,-8.0,2.0,1.0,0.0,51.46622,0.0
80.0,232.82458,10.0,99.19606,15.0,0.0,0.0,88.0,26.858316,6.0,6.0,16.0,2.0,21.0,0.0,0.0,0.0,22.964218,43.084606,4.0,2.0,0.0,78.0,0.0
83.0,233.11696,4.0,67.0,27.0,0.0,0.0,100.0,-7.0,7.0,8.0,29.0,2.0,31.0,0.0,0.0,0.0,2.0,86.375786,2.0,3.0,0.0,56.664795,0.0
85.0,471.81046,11.0,171.58353,7.0,0.0,0.0,100.0,-7.0,7.0,8.0,11.005721,1.0,5.186987,5.0,0.0,0.0,1.0,-8.0,2.0,-8.0,0.0,50.0,0.0
64.0,155.24652,13.056756,86.934845,16.311926,1.0,0.0,82.254395,19.493418,6.0,6.0,25.0,0.0,31.671598,0.0,2.0,2.0,33.50254,90.45407,4.5507503,2.0,0.0,100.0,0.0
65.0,209.08034,5.725226,120.98588,39.0,0.0,0.0,88.0,-7.0,3.0,5.0,34.0,3.0933778,32.876015,0.0,1.6123992,1.6583462,35.555088,100.0,5.0,2.0,0.0,55.645306,0.0
83.0,204.72655,12.43466,82.81028,16.088955,0.0,0.0,100.0,-7.0,7.0,8.0,18.089447,1.0,70.59123,-9.0,0.0,0.0,32.0,73.60507,3.0,4.0,1.0,83.0,0.0
76.0,152.11395,4.0,64.208244,39.0,0.0,0.0,100.0,-7.0,7.0,8.0,39.3304,5.0,37.0,7.0,0.0,0.0,28.686487,95.70732,4.0,6.0,0.0,79.45696,0.0
84.0,110.04891,6.6027966,45.799706,14.0,0.0,0.0,100.0,-7.0,7.0,8.0,14.0,3.0,31.050562,0.0,0.0,0.0,3.0,-8.0,2.0,2.0,0.0,24.209076,0.0
83.0,164.28412,20.585188,72.82197,18.0,0.0,0.0,100.0,-7.0,7.0,8.0,19.0,0.0,66.79035,11.875331,0.0,0.0,5.1735687,-8.0,1.0,2.0,0.0,50.0,0.0
74.0,166.88412,8.0,58.0,16.676014,0.0,0.0,84.68941,10.648229,6.0,6.0,18.0,2.0,25.0,9.284687,0.0,0.0,1.6060613,-8.0,3.0,2.0,0.0,34.010998,0.0
72.0,114.05587,3.0,71.9467,23.0,0.0,0.0,97.0,-7.0,4.0,6.0,24.0,2.0,17.0,16.0,0.0,0.0,52.993835,-8.0,5.6898265,1.0,2.0,70.0,0.0
84.98711,264.812,3.0,157.2376,15.0,1.0,0.0,88.0,45.11402,6.0,5.0,24.0,2.0,90.79705,2.8936424,3.0,3.0,0.0,97.034904,0.6170777,3.0,0.0,83.94561,0.0
69.0,187.82877,6.0,53.02408,13.4851675,0.0,0.0,100.0,-7.0,7.0,8.0,10.0,4.0,33.0,0.0,0.0,0.0,36.026543,88.0,3.0,2.0,1.0,57.0,0.0
68.40722,70.44106,2.0,53.38644,16.0,0.0,0.0,91.0,13.663627,6.0,6.0,8.135342,2.0,38.0,18.875387,0.0,0.0,31.574427,80.594925,3.0,3.0,1.0,80.0,0.0
84.0,152.23381,11.0,55.47535,15.0,0.0,0.0,100.0,-7.0,7.0,8.0,15.0,0.0,40.0,0.0,4.0,4.0,3.0,-8.0,2.0,1.0,0.0,33.64934,0.0
80.0,229.82927,5.0,75.0,34.0,0.0,0.0,100.0,-7.0,7.0,8.0,34.052425,4.547136,42.0,0.5591991,1.0,1.0,10.0,81.215416,6.0,2.0,0.0,50.0,0.0
71.73857,163.90894,1.0497994,50.115425,28.0,0.0,0.0,100.0,-7.0,7.0,8.0,25.0,3.0,7.2779665,0.0,2.0,1.1440184,28.0,-8.0,6.0,2.0,1.0,50.0,0.0
83.0,371.34344,4.0,92.65681,26.226131,0.0,0.0,100.0,-7.0,7.0,8.0,24.0,3.0,38.0,0.0,0.0,0.0,4.0,-8.0,2.0,2.0,0.0,46.210464,0.0
77.0,206.16771,2.0,88.39786,39.0,0.0,0.0,97.0,44.184315,6.0,6.0,42.97359,3.0,33.042587,4.0,4.0,3.84608,11.0,72.10327,6.0,4.0,1.0,56.0,0.0
79.0,122.3124,2.0,74.87014,21.0,0.0,0.0,100.0,-7.0,7.0,8.0,33.01704,2.0,25.0,-7.0,1.0,1.0,4.5614495,76.0,5.0,1.0,0.0,59.58802,0.0
75.0,194.20073,31.510185,120.29645,6.129482,0.0,0.0,83.552765,54.214848,6.0,6.0,8.972247,0.0,10.484578,0.0,0.0,0.0,87.18449,-8.0,2.0,-8.0,2.0,80.0,0.0
81.0,177.91095,27.38005,71.0,14.0,0.0,0.0,100.0,-7.0,7.0,8.0,15.0,0.0,70.73811,0.24848005,0.0,0.0,0.0,-8.0,1.0,3.0,0.0,100.0,0.0
80.0,366.31622,11.0,140.22504,25.0,0.0,0.0,100.0,-7.0,7.0,8.0,25.720972,0.0,19.0,3.0,1.0,1.0,28.0,80.0,7.0,3.0,0.0,55.39433,0.0
86.24279,169.10977,3.0,83.67498,25.0,0.0,0.0,100.0,-8.0,6.0,6.0,28.0,2.0,46.0,0.0,2.0,2.0,4.0,-8.0,4.0,-8.0,0.0,50.0,0.0
-9.0,-9.0,-9.0,-9.0,-9.0,-9.0,-9.0,-9.0,-9.0,-9.0,-9.0,-9.0,-9.0,-9.0,-9.0,-9.0,-9.0,-9.0,-9.0,-9.0,-9.0,-9.0,-9.0,0.0
88.0,165.25702,3.0,92.54246,25.0,0.0,0.0,100.0,-7.0,7.0,8.0,25.0,2.0,31.0,0.0,2.8624747,2.0,0.0,56.755215,2.0,2.0,0.0,43.0,0.0
87.0,320.08762,2.8133452,114.27129,24.0,0.0,0.0,100.0,-7.0,7.0,8.0,33.0,1.0,44.32397,3.0,1.0,1.0,1.0,-8.0,2.0,1.0,0.0,42.93167,0.0
72.0,228.3321,2.0,113.48861,13.0,4.7548804,0.0,69.659134,11.220434,6.0,2.0,9.0,1.0,24.0,-8.0,1.0,1.0,5.0,-8.0,2.2737179,2.0,0.0,67.893196,0.0
83.0,190.22397,25.88344,145.17804,5.3507943,0.0,0.0,100.0,-7.0,7.0,8.0,10.545416,0.0,16.120934,0.0,0.0,0.0,32.0,-8.0,1.0,-8.0,0.0,75.0,0.0
79.0,363.88174,19.855675,172.80069,26.0,0.0,0.0,98.0,-7.0,-9.0,5.9757643,32.734108,0.0,36.0,0.0,2.0,2.0,18.0,-8.0,3.0,1.0,0.0,33.0,0.0
89.0,195.10356,20.69725,89.52458,19.414356,0.0,0.0,100.0,-7.0,7.0,8.0,24.0,0.0,33.0,0.0,0.0,0.0,1.0,-8.0,1.0,1.0,0.0,49.214375,0.0
63.980377,218.2048,5.0,65.0,14.315952,1.0,0.0,88.0,4.6128306,6.0,6.0,19.0,2.0,27.0,-7.0,0.0,0.0,32.0,59.933144,3.0,3.0,0.0,80.0,0.0
71.0,361.5385,3.0,106.95904,16.15718,2.0,3.3173327,88.0,33.792004,6.0,6.0,19.0,2.0,28.0,0.0,1.0,2.0,70.26263,78.74178,3.0,1.0,0.0,86.0,0.0
80.0,262.90674,24.487228,92.0,32.0,0.0,0.0,100.0,-7.0,7.0,8.0,35.73858,0.0,36.59592,0.0,1.0,1.0,32.0,4.18795,5.0,2.0,1.0,67.0,0.0
68.0,155.44565,2.0,40.209103,25.0,1.0,0.0,87.88904,14.850737,6.0,5.0,26.0,10.676919,17.523968,1.0,2.0,2.0,10.0,-8.0,2.0,1.0,0.0,-9.0,0.0
77.0,193.30077,7.0,64.524864,22.626703,0.0,0.0,97.0,6.0,6.0,6.0,21.0,5.388745,30.94846,3.0,0.0,0.0,15.0,-8.0,5.0,1.0,0.0,81.367805,0.0
81.0,187.83594,19.322601,93.0,31.31967,0.0,0.0,95.0,12.859354,6.0,6.0,32.0,0.0,57.510845,0.0,1.0,1.0,0.0,85.13215,1.0,3.0,0.0,40.22198,0.0
-9.0,-9.0,-9.0,-9.0,-9.0,-9.0,-9.0,-9.0,-9.0,-9.0,-9.0,-9.0,-9.0,-9.0,-9.0,-9.0,-9.0,-9.0,-9.0,-9.0,-9.0,-9.0,-9.0,0.0
83.0,265.30344,3.22116,96.33141,25.487509,0.0,0.0,96.26729,55.102306,6.0,6.0,35.8514,2.0,28.996973,7.0,0.0,0.0,25.0,91.65235,4.0,1.0,0.0,57.0,0.0
69.36216,225.00797,6.0,92.56969,48.60245,0.0,0.0,97.0,-4.971583,4.0,6.0,44.013325,2.0,11.029516,3.0,3.0,2.0,13.28068,48.80043,13.166972,2.0,1.0,50.0,0.0
67.0,185.44574,16.677097,95.07391,34.0,0.0,0.0,97.0,16.846466,6.0,6.0,32.0,0.0,42.006607,0.0,16.703302,15.064851,77.00246,-8.0,6.0,3.0,4.0,100.0,0.0
85.0,229.96367,5.0,63.34727,12.0,0.0,0.0,100.0,-7.0,7.0,8.0,11.0,2.0,17.842815,7.0,2.0,2.0,10.680052,-8.0,5.0,1.0,0.0,58.007442,0.0
72.0,237.8111,14.0,72.423874,27.0,0.0,0.0,100.0,-7.0,7.0,8.0,28.0,0.0,36.85704,3.0,0.0,0.0,42.32457,-8.0,5.0,3.0,0.0,56.0,0.0
68.0,252.74059,11.8839245,106.04964,18.0,0.0,0.0,85.448616,31.054771,6.0,6.0,19.0,0.0,14.0,0.0,1.0,1.0,79.985916,-8.0,3.0,-8.0,1.0,58.934372,0.0
73.267746,321.01297,1.0,108.94395,44.783726,0.0,0.0,100.0,-7.0,7.0,8.0,51.975536,3.0,14.0,8.213301,0.0,0.0,9.972882,23.754929,9.901709,1.0,0.0,50.04889,0.0
69.0,248.28079,2.0,103.510605,32.327175,0.0,0.0,95.0,40.905804,6.0,6.0,35.466347,3.0,33.0,0.0,1.0,1.0,20.420052,48.80402,10.392441,5.0,3.0,73.0,0.0
69.69074,301.80246,7.0,56.28883,35.24187,0.0,0.0,100.0,-7.0,7.0,8.0,35.160213,3.0,21.0,0.0,6.8486543,6.9349723,49.231186,89.02208,5.0,6.0,3.0,58.0,0.0
71.0,136.33923,5.0,51.664635,19.70049,0.0,0.0,100.0,-7.0,7.0,8.0,15.0,3.0,55.74543,11.844306,0.0,0.0,52.15567,69.15865,4.0,4.485661,1.0,100.0,0.0
78.19445,305.15738,7.0,131.93347,44.48176,0.0,0.0,100.0,-7.0,7.0,8.0,17.0,1.0,24.0,1.0,1.0,1.0,24.771723,45.486126,8.0,4.0,0.0,65.66757,0.0
76.087204,190.93695,9.825836,55.559185,4.017769,1.0,1.0,100.0,-7.0,7.0,8.0,3.4949958,3.0,-9.0,-7.0,0.0,0.0,4.8441772,-8.0,2.0,-9.0,0.0,44.0,0.0
75.0,170.79129,7.8658357,68.0,26.0,1.0,0.0,94.522675,23.483189,4.0974708,5.0,30.0,1.0,53.931484,3.0,2.0,2.0,48.76731,80.48203,2.603194,6.0,0.0,57.836838,0.0
85.0,165.44731,15.0,114.220436,11.976828,0.0,0.0,100.0,-7.0,7.0,8.0,7.754098,0.0,28.701302,-7.0,0.0,0.0,36.11516,-8.0,2.0,1.0,0.9132007,36.33468,0.0
79.0,296.65448,7.0,94.0,40.30994,0.0,0.0,100.0,-7.0,7.0,8.0,45.956383,3.0,58.214073,6.0,0.0,0.0,11.0,80.0,8.0,2.0,0.0,64.0,0.0
74.0,76.900375,1.0,49.829502,27.0,0.0,0.0,95.0,61.62903,6.0,6.0,28.0,2.4307845,63.609222,0.0,3.0,3.0,53.622055,91.0,3.0,3.0,0.0,87.73762,0.0
83.0,372.93997,3.0,86.0,17.0,0.0,0.0,100.0,-7.0,7.0,8.0,17.0,2.0,33.0,-7.0,0.0,0.0,8.963479,-8.0,4.488983,2.0,0.0,86.13011,0.0
85.0,271.2067,5.0,81.602646,15.847207,0.0,0.0,100.0,-7.0,7.0,8.0,11.0,2.0,61.59859,16.825012,0.0,0.0,15.0,66.03883,2.0,4.0,1.0,54.787315,0.0
84.0,385.7308,6.0,117.57317,22.0,0.0,0.0,100.0,-7.0,7.0,8.0,9.211512,3.0,27.0,12.694016,0.0,0.0,8.0,-8.0,4.0,1.0,0.0,44.514156,0.0
-9.0,-9.0,-9.0,-9.0,-9.0,-9.0,-9.0,-9.0,-9.0,-9.0,-9.0,-9.0,-9.0,-9.0,-9.0,-9.0,-9.0,-9.0,-9.0,-9.0,-9.0,-9.0,-9.0,0.0
87.0,204.01855,23.330338,119.90712,12.0,0.0,0.0,100.0,-7.0,7.0,8.0,15.0,0.0,21.145987,-8.0,0.0,0.0,28.656729,-8.0,3.0,-8.0,0.0,67.0,0.0
87.0,230.07208,17.408539,137.71819,25.0,0.0,0.0,100.0,-7.0,7.0,8.0,24.554567,0.0,25.0,-7.0,0.0,0.0,11.0,50.01946,2.9756336,2.0,0.0,41.12508,0.0
-9.0,-9.0,-9.0,-9.0,-9.0,-9.0,-9.0,-9.0,-9.0,-9.0,-9.0,-9.0,-9.0,-9.0,-9.0,-9.0,-9.0,-9.0,-9.0,-9.0,-9.0,-9.0,-9.0,0.0
62.0,254.6904,3.0,65.346535,20.0,2.0,1.0,83.6085,1.0,2.5391736,6.0,24.0,4.0,31.0,0.0,8.710318,9.761314,6.6627617,70.25606,2.0,3.0,0.0,41.09995,0.0
78.0,157.56195,13.0,58.0,33.03672,0.0,0.0,100.0,-7.0,7.0,8.0,37.0,0.0,36.37106,2.0,0.0,0.0,32.0,-8.0,2.0,2.0,0.0,50.0,0.0
84.0,308.05313,24.637844,153.12915,27.0,0.0,0.0,97.0,56.772186,6.0,6.0,30.0,0.0,19.220568,6.0,0.0,0.0,9.0,-8.0,4.0,2.0,0.0,33.0,0.0
82.0,176.63828,3.0,96.29623,23.329273,0.0,0.0,96.0,48.246006,6.0,6.0,12.0,2.0,47.0,0.0,3.0,2.0,7.0,99.11154,1.0,5.1032133,0.0,52.869232,0.0
81.0,159.63943,5.056427,51.141457,12.0,0.0,0.0,100.0,-7.0,7.0,8.0,10.352351,4.0,33.375725,4.0,1.0,1.0,21.470638,99.007065,3.0,1.0,0.0,100.0,0.0
87.0,386.87915,17.0,106.902565,20.0,0.0,0.0,100.0,-7.0,7.0,8.0,21.0,0.0,24.0,-7.0,0.0,0.0,0.0,-8.0,3.0,1.0,0.0,46.756317,0.0
66.0,152.70735,23.630527,96.70447,11.911378,3.2357914,2.4520862,77.816475,23.538479,6.0,4.0,14.855898,0.0,53.21507,0.0,3.0,3.0,4.0,87.75282,1.0,3.0,0.0,57.27463,0.0
72.31973,276.49573,6.0,85.5564,26.851791,0.0,0.0,100.0,-7.0,7.0,8.0,25.682743,0.0,31.0,12.039127,0.0,0.0,33.59257,-8.0,9.0,2.0,2.0,61.62571,0.0
73.0,241.94182,17.0,98.36968,41.16782,0.0,0.0,100.0,-7.0,7.0,8.0,30.0,0.0,24.0,0.89506364,1.0,1.0,45.00334,62.318565,9.29838,2.0,2.0,57.0,0.0
81.0,170.2022,5.0,72.52708,22.163483,0.0,0.0,100.0,-7.0,7.0,8.0,23.68431,4.0,29.0,3.0,1.0,1.0,6.1607814,49.23916,1.0,2.0,0.0,40.0,0.0
84.0,161.36731,32.583572,82.37512,17.0,0.0,0.0,100.0,-7.0,7.0,8.0,13.0,0.0,25.0,-9.0,0.0,0.0,11.971693,-8.0,2.0,-8.0,0.0,50.0,0.0
71.0,76.94827,4.0,59.577076,22.0,0.0,0.0,100.0,-7.0,7.0,8.0,22.0,2.0,47.0,0.0,2.0,2.0,51.18,93.589485,4.0,3.0,3.0,80.0,0.0
68.0,158.00194,4.0,84.66048,51.608444,0.0,0.0,91.0,4.0,4.0,6.0,50.19684,2.0,56.246048,0.0,1.0,1.0,61.507492,79.21086,9.0,3.57646,0.0,100.0,0.0
82.35261,199.82147,29.094442,95.02989,26.189102,0.0,0.0,100.0,-7.0,7.0,8.0,22.0,0.0,36.0,0.0,1.0,1.0,0.0,-8.0,1.0,4.0,0.0,31.515274,0.0
67.0,171.56892,6.0,56.49501,27.67726,0.0,0.0,100.0,-7.0,7.0,8.0,31.0,2.0,26.0,-5.2408075,2.0,2.0,42.29313,78.80112,3.0,2.0,0.0,75.0,0.0
-9.0,-8.924156,-9.0,-9.0,-9.0,-9.0,-9.0,-9.0,-9.0,-9.0,-9.0,-9.0,-9.0,-9.0,-9.0,-9.0,-9.0,-9.0,-9.0,-9.0,-9.0,-9.0,-9.0,0.0
-9.0,-9.0,-9.0,-9.0,-9.0,-9.0,-9.0,-9.0,-9.0,-9.0,-9.0,-9.0,-9.0,-9.0,-9.0,-9.0,-9.0,-9.0,-9.0,-9.0,-9.0,-9.0,-9.0,0.0
74.11636,259.6795,4.0,77.70684,48.03368,0.0,0.0,100.0,-7.0,7.0,8.0,51.606564,2.0,25.0,0.0,4.0,3.357304,28.525362,52.17575,9.497814,3.0,1.0,60.0,0.0
79.0,87.762024,3.0,48.66795,21.0,0.0,0.0,100.0,-7.0,7.0,8.0,21.0,2.0,22.0,-7.0,1.0,1.0,19.0,-8.0,6.0,1.0,0.0,75.0,0.0
87.0,171.30328,4.0,89.41361,28.0,0.0,0.0,100.0,-7.0,7.0,8.0,38.691425,2.0,41.0,-7.0,0.0,0.0,2.17867,-8.0,4.0,4.0,0.0,67.0,0.0
-9.0,-9.0,-9.0,-9.0,-9.0,-9.0,-9.0,-9.0,-9.0,-9.0,-9.0,-9.0,-9.0,-9.0,-9.0,-9.0,-9.0,-9.0,-9.0,-9.0,-9.0,-9.0,-9.0,0.0
-9.0,-9.0,-9.0,-9.0,-9.0,-9.0,-9.0,-9.0,-9.0,-9.0,-9.0,-9.0,-9.0,-9.0,-9.0,-9.0,-9.0,-9.0,-9.0,-9.0,-9.0,-9.0,-9.0,0.0
80.0,315.83066,4.0,120.04794,39.0,0.0,0.0,96.764404,13.248474,6.0,6.0,32.0,1.0,19.948275,6.699752,0.0,0.0,9.0,88.0,6.0,3.0,2.0,50.0,0.0
82.18116,129.2365,8.723929,61.0,14.57315,0.0,0.0,93.55228,63.77762,6.0,6.0,18.0,2.0,33.113194,0.0,2.0,2.0,0.0,-8.0,1.0,-8.0,0.0,48.33507,0.0
83.0,124.99038,9.798145,62.03208,20.197956,0.0,0.0,100.0,-7.0,7.0,8.0,27.251202,3.0,26.78261,-7.0,0.0,0.0,3.2950904,-8.0,2.0,1.0,1.0,49.724854,0.0
80.0,385.03683,3.0,123.40948,43.493267,0.0,0.0,100.0,-7.0,7.0,8.0,38.0,1.0,41.0,8.0,1.0,1.0,32.0,-8.0,12.238614,4.0,2.0,73.0,0.0
86.0,162.87761,9.0,61.43175,15.0,0.0,0.0,100.0,-7.0,7.0,8.0,14.0,0.0,40.0,0.0,0.0,0.0,1.0,-8.0,1.0,2.0,0.0,38.61825,0.0
68.0,135.8634,3.0,94.0,19.0,0.0,0.0,96.057,41.522873,6.0,6.0,18.0,1.0,32.683407,2.411387,5.0,4.163181,58.11943,78.188385,5.462871,6.0,3.0,66.4766,0.0
63.0,154.73122,5.0,58.0,6.526396,1.0,1.0,56.60257,36.00825,6.0,4.0,4.0271697,1.0,38.0,9.430936,0.0,0.0,13.146264,64.322174,1.0,2.0,0.0,100.0,0.0
73.0,10.238713,8.3823185,67.0,32.0,0.0,0.0,100.0,-7.0,7.0,8.0,33.0,2.0,80.65818,16.172161,1.0,1.0,47.123283,88.69235,3.0,8.997958,0.042467456,100.0,0.0
81.02664,347.33777,12.0,136.47404,48.714764,0.0,0.0,100.0,-7.0,7.0,8.0,34.72344,0.0,20.0,0.0,1.0,1.0,13.356789,-8.0,4.0,1.0,0.0,60.0,0.0
-9.0,-9.0,-9.0,-9.0,-9.0,-9.0,-9.0,-9.0,-9.0,-9.0,-9.0,-9.0,-9.0,-9.0,-9.0,-9.0,-9.0,-9.0,-9.0,-9.0,-9.0,-9.0,-9.0,0.0
88.0,47.390697,8.0,67.85548,6.0,0.0,0.0,100.0,-7.0,7.0,8.0,4.976609,1.0,25.140495,0.0,1.0,1.0,0.0,110.392105,0.0,2.0,0.0,42.12488,0.0
70.0,196.13287,1.0,88.99694,56.39427,1.0,0.0,91.0,5.3379,6.0,5.0,90.25946,5.1915326,22.0,0.0,4.9987454,5.0156894,1.4741597,-8.0,3.0,2.0,0.0,32.75477,0.0
56.671257,159.84644,23.278849,94.0,15.0,3.2002234,1.0,72.89404,1.8275852,0.0,2.0,21.0,0.0,68.298065,4.3288407,0.0,0.0,85.22071,-8.0,3.0,2.0,2.0025482,90.56547,0.0
86.0,485.41943,22.034893,319.79266,15.047175,0.0,0.0,100.0,-7.0,7.0,8.0,9.0,0.0,8.497282,-7.0,0.0,0.0,28.0,47.538055,4.0,1.0,1.0,57.0,0.0
80.0,299.3082,42.399944,146.9713,13.0,0.0,0.0,85.60139,1.0,4.0,6.0,20.776196,0.0,10.583448,12.01836,0.0,0.0,3.0,-8.0,6.0,-9.0,0.0,67.469406,0.0
81.806725,59.47646,7.0,65.17156,25.0,0.0,0.0,100.0,-7.0,7.0,8.0,27.0,2.0,63.920387,2.0,2.0,2.0,34.34113,73.981514,2.0,5.615322,0.0,83.0,0.0
80.0,114.27934,1.0,62.44103,25.668926,0.0,0.0,100.0,-7.0,7.0,8.0,28.13437,2.0,26.0,2.878133,1.0,1.0,25.0,-8.0,2.0,1.0,0.0,38.0,0.0
59.1263,153.24791,6.0,49.997612,14.0,3.0,0.0,66.66365,21.393097,6.0,5.0,20.0,2.0,23.51125,12.0,0.0,0.0,59.353497,97.05612,6.0,2.0,3.0,85.043465,0.0
81.0,347.1632,2.0,72.281525,33.0,0.0,0.0,98.8672,11.148847,6.0,6.0,28.0,6.44303,43.0,0.0,2.0,2.0,17.262905,-0.592822,3.0,4.0,0.0,56.0,0.0
62.0,209.7811,2.0,129.96866,36.0,0.0,0.0,92.68935,5.571881,4.0,6.0,35.0,1.0,31.0,0.0,0.0,0.0,33.157997,43.945232,11.0,2.0,1.0,76.289055,0.0
75.0,205.27367,34.530552,169.11041,13.651035,0.0,0.0,85.21756,45.14069,6.0,6.0,12.338478,0.0,-9.0,-8.0,0.0,0.0,39.22068,-8.0,5.0,1.0,0.0,67.0,0.0
79.0,334.18622,3.0,81.0,34.97485,0.0,0.0,100.0,-7.0,7.0,8.0,34.0,3.0,5.830205,3.0,0.0,0.0,16.001808,85.37311,13.616475,2.0,1.0,60.0,0.0
88.71586,404.04385,33.918816,99.589035,15.0,0.0,0.0,100.0,-7.0,7.0,8.0,15.0,0.0,22.0,-7.0,0.0,0.0,10.502813,-8.0,1.0,1.0,0.0,67.0,0.0
71.488014,184.38484,14.0,124.94517,39.892246,0.0,0.0,100.0,17.428213,6.0,6.0,25.0,0.0,26.957209,0.0,0.0,0.0,29.19493,-8.0,9.251949,2.0,3.0,60.0,0.0
87.15246,195.3186,2.0,129.56514,25.0,0.0,0.0,100.0,-7.0,7.0,8.0,-9.0,3.0,15.073542,1.0,4.0,4.0,1.0,14.655722,2.0,2.0,0.0,30.276968,0.0
70.0,126.18353,2.0,40.034355,19.0,0.0,0.0,100.0,-7.0,7.0,8.0,19.202854,3.0,12.891027,0.0,0.0,0.0,21.524057,-8.0,7.0,2.0,2.0,75.0,0.0
76.0,219.6164,7.0,68.37691,28.0,0.0,0.0,100.0,-7.0,7.0,8.0,29.0,1.0,31.0,21.135937,0.0,0.0,45.133823,-8.0,4.0,2.0,0.0,67.0,0.0
90.0,186.36052,16.100868,84.39925,11.0,0.0,0.0,100.0,-7.0,7.0,8.0,12.0,0.0,42.0,0.0,0.0,0.0,0.0,27.51786,0.0,2.0,0.0,67.0,0.0
60.618416,206.73257,11.0,123.95498,12.567261,1.0,0.0,78.74832,-7.0,-9.0,4.7435117,-9.0,0.0,25.0,-7.935744,0.0,0.0,11.0,60.066013,3.0,2.0,0.0,50.0,0.0
71.0,73.906395,5.0,43.88022,22.0,0.0,0.0,100.0,-7.0,7.0,8.0,23.0,2.0,37.982883,-7.0,1.0,1.0,34.652855,44.44003,5.0,2.0,1.0,60.0,0.0
89.0,121.94653,15.0,86.70399,31.782656,0.0,0.0,100.0,-7.0,7.0,8.0,31.0,0.0,30.251804,0.0,1.0,1.0,2.0,-8.0,3.0,1.0,0.0,45.39931,0.0
92.53475,206.46785,18.856478,97.0,31.029509,0.0,0.0,97.0,-7.0,4.0,6.0,26.30948,0.0,30.0,0.0,0.0,0.0,1.0,-8.0,2.0,1.0,0.0,20.077126,0.0
81.0,99.32591,0.44218212,42.60955,19.0,0.0,0.0,100.0,-7.0,7.0,8.0,27.0,4.0,46.0,1.0,2.0,2.0,11.913032,94.95579,5.0,1.0,0.0,81.73076,0.0
80.0,132.33148,2.0,65.0,16.0,0.0,0.0,100.0,-7.0,7.0,8.0,14.0,2.0,38.985455,4.0,1.0,1.0,25.04904,63.52135,1.0,3.0,0.0,52.33022,0.0
83.9034,158.24219,12.221562,67.91227,12.5722885,0.0,0.0,100.0,-7.0,7.0,8.0,8.807328,1.0,71.2265,0.0,0.0,0.0,8.0,-8.0,2.0,3.0,0.0,83.0,0.0
58.533417,450.17764,11.0,110.7154,26.0,0.0,0.0,96.0,22.298388,6.0,6.0,33.156487,1.0,14.0,21.039883,0.0,0.0,74.73776,-8.0,7.0,1.0,2.0,80.0,0.0
72.0,190.66367,15.0,57.359695,22.536266,0.0,0.0,100.0,-7.0,7.0,8.0,27.0,0.0,50.0,0.0,1.0,1.0,94.443596,88.0,1.0,3.0,1.0,100.0,0.0
86.87148,423.39813,12.0,128.73416,19.0,0.0,0.0,100.0,-7.0,7.0,8.0,20.0,0.0,38.435623,0.0,1.0,1.0,5.0,-8.0,2.0,1.0,0.0,28.957184,0.0
76.0,435.51724,5.0,71.18467,22.545214,0.0,0.0,100.0,-7.0,7.0,8.0,24.0,2.0,25.0,0.0,1.0,1.0,8.061997,-8.0,5.0,1.0,0.0,52.735203,0.0
79.0,190.2522,16.0,94.0,19.0,0.0,0.0,97.0,27.856995,6.0,6.0,20.0,0.0,54.56397,0.0,0.0,0.0,15.297708,-8.0,3.0,1.0,1.0,57.0,0.0
78.0,79.45007,1.0,60.72816,21.0,0.0,0.0,100.0,-7.0,7.0,8.0,3.3319116,2.0,30.0,0.0,4.0,4.0,6.0,93.39038,4.0,1.0,0.0,50.0,0.0
88.0,166.4443,3.0,71.975975,14.0,0.0,0.0,100.0,-7.0,7.0,8.0,15.0,1.0,50.0,0.0,1.0,1.0,0.0,74.150024,1.0,4.0,0.0,67.0,0.0
80.0,261.50873,15.0,88.66462,17.843,0.0,0.0,100.0,-7.0,7.0,8.0,17.910154,0.0,17.820938,7.0,0.0,0.0,22.551367,-8.0,4.0,1.0,1.0,63.0,0.0
82.0,329.4219,1.0,126.33492,26.456188,0.0,0.0,100.0,-7.0,7.0,8.0,22.0,1.0,20.0,0.0,1.0,1.0,8.0,-8.0,4.0,1.0,0.0,47.82787,0.0
89.32635,216.26324,35.81784,154.99559,12.0,0.0,0.0,100.0,-7.0,7.0,8.0,6.4360757,0.0,20.0,16.0,0.0,0.0,10.0,-8.0,4.0,1.0,0.0,70.5842,0.0
-9.0,-9.0,-9.0,-9.0,-9.0,-9.0,-9.0,-9.0,-9.0,-9.0,-9.0,-9.0,-9.0,-9.0,-9.0,-9.0,-9.0,-9.0,-9.0,-9.0,-9.0,-9.0,-9.0,0.0
62.04946,160.08897,2.0,69.445915,36.058815,1.0,0.0,95.0,23.48569,4.0,5.0,34.676796,2.0,52.11729,1.0,3.0,3.0,38.564632,-8.0,4.0,3.0,0.0,74.24537,0.0
78.480255,156.80305,11.0,65.0,16.501144,0.0,0.0,100.0,-7.0,7.0,8.0,19.0,1.0,37.0,0.0,1.0,1.0,7.5748124,91.0,2.0,3.0,0.0,83.0,0.0
84.0,148.92868,11.138274,76.0,27.0,0.0,0.0,96.0624,64.83986,6.0,6.0,26.0,0.0,15.659969,0.0,3.0,3.0,0.0,-8.0,2.0,1.0,0.0,17.816353,0.0
81.0,114.43617,5.0,55.85849,31.56489,0.0,0.0,97.0,57.340607,6.0,6.0,29.953407,3.0,21.0,0.0,1.0,1.0,4.7500844,92.85481,8.0,2.0,0.0,51.443855,0.0
86.0,206.002,6.498204,154.15567,-2.345101,0.0,0.0,100.0,-7.0,7.0,8.0,6.305557,1.0,40.0,0.0,2.0,2.0,0.0,96.31618,1.0,1.0,-8.698483,88.70265,0.0
87.25075,209.53801,3.0,80.0,25.0,0.0,0.0,100.0,-7.0,7.0,8.0,33.151188,3.0,15.0,9.461351,1.0,1.0,4.0,31.176165,2.0,1.0,0.0,26.252872,0.0
81.0,205.45522,13.0,66.675995,18.0,0.0,0.0,100.0,-7.0,7.0,8.0,20.0,0.0,23.0,0.0,0.0,0.0,14.274146,77.821495,2.0,2.0,0.0,67.0,0.0
70.838936,410.32175,39.761017,178.96515,22.85677,0.0,0.0,88.0,12.149857,6.0,6.0,25.0,0.0,25.0,0.0,0.0,0.0,35.67903,-8.0,7.0,3.0,0.0,80.143425,0.0
73.0,334.52463,16.0,130.78558,22.0,0.96545935,0.0,97.0,18.794506,4.0,5.9756627,10.0,0.0,19.0,3.0,0.0,0.0,7.8652153,93.32041,5.0,2.0,0.0,33.0,0.0
79.0,173.79831,2.0,75.827255,28.0,0.0,0.0,100.0,-7.0,7.0,8.0,28.0,4.0,44.19329,0.0,6.865322,6.7731266,0.0,95.0569,1.8814276,4.0,0.0,49.30466,0.0
89.0,326.78546,15.0,106.16608,19.0,0.0,0.0,100.0,-7.0,7.0,8.0,17.0,0.0,23.0,0.0,0.0,0.0,1.0,-8.0,2.0,1.0,0.0,24.219425,0.0
87.0,139.09421,48.534702,100.0,9.0,0.0,0.0,100.0,-7.0,7.0,8.0,9.0,0.0,25.0,-7.0,1.0,1.0,13.96342,-8.0,1.0,1.0,0.0,67.0,0.0
78.22485,274.86163,8.0,112.32856,23.0,0.0,0.0,93.0,59.8016,6.0,6.0,25.0,1.0,56.75493,-7.0,2.0,2.0,16.281858,-8.0,4.0,2.0,0.0,79.80417,0.0
68.50057,152.0032,-9.0,69.2283,25.0,3.0,2.7680535,81.876465,17.595682,3.3452647,-5.1163483,29.71551,3.0,17.0,22.017534,0.0,0.0,19.683294,-8.0,7.0,1.0,0.0,75.0,0.0
78.0,178.16223,5.0,90.44443,21.487885,0.0,0.0,100.0,-7.0,7.0,8.0,29.0,1.0,44.0,-8.0,0.0,0.0,36.63868,35.069313,6.0,3.0,0.0,71.0,0.0
83.0,223.81078,-9.0,77.459,21.0,0.0,0.0,100.0,-7.0,7.0,8.0,21.0,2.0,49.352444,1.0,3.0,4.0,7.0,96.67328,1.0,4.0,0.0,67.0,0.0
72.0,162.47853,1.0,74.642845,19.0,0.0,0.0,100.0,-7.0,7.0,8.0,17.617954,3.0,41.860283,0.0,1.0,1.0,54.251728,64.77929,4.0,4.0,2.0,75.0,0.0
84.0,207.01884,19.877892,84.122345,37.757492,0.0,0.0,100.0,-7.0,7.0,8.0,40.126423,0.0,33.0,0.0,1.0,1.0,0.0,82.250626,1.0,3.0,0.0,44.0,0.0
88.0,396.2119,3.0,91.34246,22.864126,0.0,0.0,100.0,-7.0,7.0,8.0,24.0,2.0,17.0,2.4441288,1.0,1.0,2.7678542,11.770796,3.0,1.0,0.0,37.723656,0.0
78.0,223.07133,1.0,122.78035,20.992863,1.0,1.0,100.0,56.314816,6.0,2.0,22.0,3.9456131,47.0,0.0,1.9721617,2.0,22.095158,23.191235,2.0,5.0,0.0,63.0,0.0
73.0,262.3618,1.0573822,80.0,12.0,0.0,0.0,92.0,9.888588,4.0,6.0,14.495246,4.0,25.0,-7.0,2.0,2.0,11.895237,89.19953,3.0,3.0,0.0,56.0,0.0
80.0,222.73494,27.637295,121.35556,29.012014,1.0,0.0,97.0,51.4617,6.0,5.0,35.0,0.0,33.0,0.0,2.0,2.0,8.0,-8.0,6.0,3.0,0.0,66.23916,0.0
86.17521,261.75568,21.600662,99.548515,8.0,0.0,0.0,100.0,-7.0,7.0,8.0,11.0,0.0,37.0,17.524912,0.0,0.0,16.0,-8.0,1.0,1.0,0.0,24.743942,0.0
84.0,145.68999,4.0,69.865204,17.0,0.0,0.0,95.0,31.695063,6.0,6.0,16.0,4.0,33.0,-7.0,1.0,1.0,0.0,-8.0,2.0,1.0,0.0,35.709057,0.0
74.67788,196.22427,2.0,81.0,30.362032,0.0,0.0,100.0,-7.0,7.0,8.0,32.0,3.0,22.129957,0.0,3.0,3.0,16.15737,-8.0,4.0,2.0,1.0,33.0,0.0
80.0,53.717033,20.0,80.0,15.0,0.0,0.0,90.0,50.845493,6.0,5.0,3.9839158,0.0,42.0,0.0,1.0,1.0,1.0,44.721817,1.0,1.0,0.0,28.102875,0.0
85.0,212.04825,5.060209,90.0,26.730375,0.0,0.0,100.0,-7.0,7.0,8.0,51.466206,5.0,20.0,5.0,1.0,1.0,8.586556,-8.0,4.0,1.0,0.0,36.0794,0.0
-9.0,-9.0,-9.0,-9.0,-9.0,-9.0,-9.0,-9.0,-9.0,-9.0,-9.0,-9.0,-9.0,-9.0,-9.0,-1.0954285,-9.0,-9.0,-9.0,-9.0,-9.0,-9.0,-9.0,0.0
85.0,412.8729,15.0,177.92943,18.0,1.0,1.0,94.0,81.51742,6.0,6.0,17.685188,0.0,18.0,-7.0,0.0,0.0,0.0,-8.0,1.0,-8.0,0.0,19.122292,0.0
88.0,235.52107,1.0,77.053345,18.0,0.0,0.0,100.0,-7.0,7.0,8.0,33.0,2.0,25.0,0.0,2.0,2.0,0.0,94.44684,4.0,2.0,0.0,42.639816,0.0
66.01719,269.9348,4.0,85.18264,34.0,0.0,0.0,90.0,52.339973,6.0,5.0,14.0,2.0,23.297993,2.0,1.0,1.0,32.0,70.718765,10.847894,3.0,3.0,78.0,0.0
88.0,164.0225,8.0,115.97279,27.369251,0.0,0.0,100.0,-7.0,7.0,8.0,31.553568,2.0,29.973372,18.346489,0.0,0.0,0.19821103,-8.0,1.0,1.0,0.0,20.851313,0.0
72.55735,120.04138,5.0,43.21549,18.0,0.0,0.0,92.0,38.654346,6.0,6.0,19.0,3.0,45.215828,0.0,4.0,3.0,21.0,94.90794,2.0,4.0,0.0,78.50322,0.0
87.0,359.72983,3.0,100.70606,22.0,0.0,0.0,100.0,-7.0,7.0,8.0,27.050097,3.0,28.0,0.0,5.993634,4.8997965,0.0,-8.0,2.0,2.0,0.0,60.0,0.0
61.672203,119.80961,6.0,52.36117,6.101788,3.0,2.5315912,100.0,-7.0,6.0,8.0,9.0,1.0,30.277527,0.0,1.0,1.0,56.16682,-8.0,3.0,1.0,0.0,100.0,0.0
83.0,125.25731,2.0,46.571995,8.61739,0.0,0.0,93.0,36.843224,6.0,6.0,14.0,2.0,73.88407,0.0,1.0,1.0,0.0,72.94869,0.0,2.0,0.0,75.0,0.0
73.0,173.17473,19.51039,64.54879,16.0,0.0,0.0,100.0,-7.0,7.0,8.0,12.0,0.0,10.936111,0.0,2.0,2.0,56.59469,-8.0,5.5257816,-8.0,1.0,83.0,0.0
60.113804,61.430283,9.0,58.260616,30.856892,1.0,0.0,83.41465,-7.0,0.566561,6.0,32.0,1.0,30.314323,-7.0,1.0,1.0,17.54989,74.59794,5.753533,2.0,0.0,57.0,0.0
62.75336,237.4455,2.8603437,61.0,9.0,2.232778,1.0,65.659035,25.174463,6.0,3.0,13.263477,2.0,52.152054,0.0,0.0,0.0,50.314213,62.310177,2.0,2.0,0.0,80.0,0.0
65.092636,399.26675,4.0,93.62963,40.732788,0.0,0.0,95.0,6.37164,6.0,6.0,47.88811,3.0,53.013,-8.0,0.0,0.0,24.315807,80.54214,5.873429,6.0,2.0,67.0,0.0
80.0,107.89535,13.0,47.33728,15.823273,0.0,0.0,100.0,-7.0,7.0,8.0,15.498623,0.0,39.733696,0.0,0.0,0.0,4.4439974,-8.0,1.0,2.0,0.0,50.0,0.0
74.0,194.80463,8.314029,90.75336,42.80117,0.0,0.0,96.0,23.949696,6.0,6.0,42.82017,2.0,29.0,0.0,2.0,2.0,37.171486,65.13733,2.0,2.0,1.0,54.095856,0.0
89.0,386.7944,15.0,90.55729,17.0,0.0,0.0,100.0,-7.0,7.0,8.0,17.0,0.0,44.61202,0.0,1.0,1.0,6.0,56.695606,2.0,4.0,0.0,63.0,0.0
78.0,411.26105,6.0,161.64272,25.609772,0.0,0.0,100.0,-7.0,7.0,8.0,23.0,1.0,16.0,9.746662,0.0,0.0,31.038805,45.00876,3.0,2.0,0.0,40.776493,0.0
89.629616,302.9292,64.23281,118.83548,22.0,0.0,0.0,100.0,-7.0,7.0,8.0,34.0,0.0,13.0,1.0,0.0,0.0,1.0,-8.0,1.0,1.0,0.0,20.591309,0.0
76.01013,121.29385,3.0,79.0,17.0,1.0,1.0,100.0,-7.0,7.0,8.0,21.0,1.0,21.0,0.0,5.0,5.0,33.691437,-8.0,1.0,1.0,0.0,18.025951,0.0
90.0,133.79857,21.239853,128.21187,17.778257,0.0,0.0,100.0,-7.0,7.0,8.0,9.0,0.0,16.0,1.0,1.0,1.0,1.0,-8.0,2.0,1.0,0.0,33.0,0.0
87.0,261.76724,20.856697,82.59625,12.34054,0.0,0.0,100.0,-7.0,7.0,8.0,15.0,0.0,65.76073,11.582437,0.0,0.0,9.0,-8.0,1.0,3.0,0.0,54.32387,0.0
86.0,150.78403,9.0,107.97781,-9.0,0.0,0.0,100.0,-7.0,7.0,8.0,5.312121,2.0,18.0,0.0,0.0,0.0,0.27311704,-8.0,2.0,1.0,0.0,100.0,0.0
81.0,85.75674,1.4796082,31.42126,17.0,0.0,0.0,100.0,-7.0,7.0,8.0,19.0,2.0,31.0,21.270756,0.0,0.0,8.0,100.0,5.0,2.0,0.0,66.85559,0.0
76.0,188.49397,2.0,75.0,43.193623,0.0,0.0,100.0,-7.0,7.0,8.0,53.399757,2.0,20.0,15.514089,0.0,0.0,45.033443,95.99887,10.1176405,2.0,0.0,82.910126,0.0
69.04614,178.67754,10.0,68.0,31.242586,0.0,0.0,88.11413,16.893177,6.0,6.0,20.0,1.0,47.100464,17.353737,0.0,0.0,36.0,51.73643,3.0,2.0,0.0,50.0,0.0
66.26826,242.89754,3.0,76.93262,19.0,0.0,0.0,100.0,-7.0,7.0,8.0,20.437843,3.0,41.643703,2.0,2.0,2.0,113.498215,51.964096,6.0,3.0,4.0,89.39626,0.0
73.0,170.34883,5.0,63.101448,14.870468,0.0,0.0,100.0,-7.0,7.0,8.0,21.88213,2.0,32.49301,0.0,2.0,1.8381464,40.88594,-8.0,3.0,1.0,1.0,42.19413,0.0
79.0,114.56741,13.0,54.737644,20.0,0.0,0.0,100.0,-7.0,7.0,8.0,20.0,0.0,21.0,21.2283,1.0,1.0,17.511915,63.595573,3.0,2.0,1.0,57.232086,0.0
86.0,283.33264,14.017665,71.0,13.0,0.0,0.0,100.0,-7.0,7.0,8.0,11.0,0.0,26.0,3.0,0.0,0.0,17.0,-8.0,4.0,1.0,0.0,62.281044,0.0
80.93263,278.43756,167.68407,176.65102,15.0,0.0,0.0,97.0,3.1866071,6.0,6.0,20.0,0.0,45.0,0.0,1.0,0.0,3.0,-8.0,0.0,1.0,0.0,60.0,0.0
88.0,177.32487,11.552897,68.69177,21.0,0.0,0.0,100.0,-7.0,7.0,8.0,24.73799,0.0,20.0,0.0,0.0,0.0,5.0,70.63072,3.0,1.0,0.0,39.410183,0.0
65.0,179.31134,4.0,91.11153,41.389183,0.0,0.0,93.0,16.680082,6.0,6.0,31.223415,3.0,34.74489,1.0,2.2522054,2.0,35.706963,74.81175,11.0,3.0,1.0,75.0,0.0
75.0,416.60858,6.781397,108.76668,36.29279,0.0,0.0,100.0,-7.0,7.0,8.0,46.922836,1.522585,23.82404,7.0,1.0,1.0,37.865257,60.295044,7.0,2.0,1.0,67.0,0.0
74.0,194.59552,40.76811,164.88525,16.0,1.0,0.0,85.033195,3.5980675,3.0,5.0,20.0,0.0,15.0,0.0,0.0,0.0,52.077682,-8.0,1.0,-8.0,0.0,43.0,0.0
83.69003,280.52322,5.946501,114.99117,32.0,0.0,0.0,95.66758,38.241653,6.0,6.0,32.0,1.0,36.0,4.0,1.0,1.0,0.0,70.54125,1.0,2.0,0.0,32.40428,0.0
78.0,199.41328,24.532276,119.85396,14.884327,0.0,0.0,100.0,-7.0,7.0,8.0,13.521246,0.0,11.657091,-8.0,0.0,0.0,52.486233,-8.0,4.0,1.0,2.0,63.0,0.0
-9.0,-9.0,-9.0,-9.0,-9.0,-9.0,-9.0,-9.0,-9.0,-9.0,-9.0,-9.0,-9.0,-9.0,-9.0,-9.0,-9.0,-9.0,-9.0,-9.0,-9.0,-9.0,-9.0,0.0
72.0,176.3656,3.0,102.00708,15.0,1.0,1.0,89.27551,22.87492,4.0,2.0,16.0,2.0,61.61613,-7.0,1.0,1.0,72.08922,89.7328,3.0,5.0,0.0,100.0,0.0
67.0,193.75487,2.0,86.85411,41.140873,0.0,0.0,94.0,7.006543,6.0,5.9008875,46.241142,3.0,23.0,-7.0,3.0,3.0,28.203947,60.11103,10.4948845,3.0,3.0259285,75.0,0.0
-9.0,143.07565,7.0,71.35309,26.0,6.765034,0.0,68.84944,1.0,-9.0,3.0,41.10922,2.0,50.0,7.0,0.0,0.0,28.0,53.535023,3.0,3.0,0.0,81.3004,0.0
80.0,54.847343,4.0,66.866455,17.0,0.0,0.0,93.0,-7.0,4.0,6.0,19.0,1.0,25.463945,-8.0,0.0,0.0,28.0,26.721992,1.0,2.0,1.0,63.0,0.0
76.0,190.24422,3.0,65.0,36.350277,0.0,0.0,100.0,-7.0,7.0,8.0,40.665222,2.0,37.168995,21.850883,0.0,0.0,16.266758,59.726036,6.0,2.0,0.0,53.342743,0.0
82.0369,165.59567,3.0,62.75881,27.0,0.0,0.0,100.0,-7.0,7.0,8.0,24.0,3.0,34.601624,16.0,0.0,0.0,10.583815,76.180504,2.0,2.0,0.0,57.0,0.0
63.0,305.44016,6.0,109.48092,30.0,2.0,2.0,100.0,-7.0,4.0,6.817016,35.0,2.0,13.146569,-7.0,2.0,2.0,18.0,-8.0,9.0,-4.6233664,0.0,78.0,0.0
73.6059,187.00575,2.0,57.69193,20.0,0.0,0.0,94.0,35.6239,6.0,5.0,21.0,3.0,22.14026,4.0,2.0,2.0,12.0,96.02282,3.0,2.0,0.0,43.0,0.0
79.0,187.26855,1.0,70.669914,28.0,0.0,0.0,100.0,-7.0,7.0,8.0,32.976948,3.0,25.0,18.679007,0.0,0.0,30.160227,75.43697,2.0,2.0,1.0,31.318058,0.0
85.0,116.456024,18.849785,120.513596,24.0,0.0,0.0,100.0,-7.0,7.0,8.0,-9.0,1.0,21.0,0.0,0.0,0.0,16.0,59.27591,7.0,3.0,0.0,67.0,0.0
68.87532,375.96707,5.0,140.91261,26.361963,2.0,1.0,90.97289,44.25327,6.0,2.0,27.761295,3.0,26.184969,5.814882,0.0,0.0,49.802895,50.23355,6.0,1.0,2.0,77.05394,0.0
72.0,258.13965,2.8552208,92.0,11.0,0.0,0.0,100.0,-7.0,7.0,8.0,11.0,3.0,20.0,0.0,1.0,1.0,44.154366,-8.0,4.0,-9.0,2.0784175,56.0,0.0
80.0,183.2841,2.0,98.03356,12.748866,0.0,0.0,86.809074,31.5657,6.0,6.0,14.0,1.0,39.0,-7.0,0.0,0.0,24.190918,82.0,2.0,3.0,0.0,64.19388,0.0
87.0,343.74722,27.321615,124.19509,14.0,0.0,0.0,100.0,-7.0,7.0,8.0,16.0,0.0,44.0,14.471074,0.0,0.0,21.027416,-8.0,3.0,1.0,0.0,67.0,0.0
-9.0,-9.0,-9.0,-9.0,-9.0,-9.0,-9.0,-9.0,-9.0,-9.0,-9.0,-9.0,-9.0,-9.0,-9.0,-9.0,-9.0,-9.0,-9.0,-9.0,-9.0,-9.0,-9.0,0.0
78.0,357.27484,3.0,76.74463,68.98902,0.0,0.0,97.0,3.0117288,6.0,6.0,61.553436,7.172949,19.0,1.0,1.0,1.0,5.0,93.01612,11.76502,5.0,0.0,50.0,0.0
81.15972,173.96732,1.0,46.86967,12.0,0.0,0.0,100.0,-7.0,7.0,8.0,12.188924,6.0,95.782,0.0,4.0,4.0,0.93088484,83.149254,1.0,3.0,0.0,67.0,0.0
73.0,175.42052,6.0,83.0,22.0,0.0,0.0,100.0,21.927544,6.0,6.0,25.0,1.0,41.0,0.0,2.0,2.0,53.58865,-8.0,6.0,1.0,0.0,86.0,0.0
78.10873,176.99721,8.0,83.0,25.0,0.0,0.0,100.0,-7.0,7.0,8.0,31.051035,2.0,58.737675,8.0,0.0,0.0,40.62891,69.44878,2.0,3.0,0.0,78.0,0.0
84.0,415.4755,9.0,107.131874,29.0,0.0,0.0,100.0,-7.0,7.0,8.0,29.583168,2.0,21.0,0.0,1.0,1.0,5.0,-8.0,2.0,-8.0,0.0,20.533487,0.0
78.0,170.40913,7.0,72.0,29.181396,0.0,0.0,96.0,41.96034,6.0,6.0,24.0,3.0,14.050018,12.0,0.0,0.0,12.0,-8.0,1.59904,1.0,0.0,-3.4648154,0.0
70.0,303.80377,2.0,72.0,19.0,1.0,1.0,96.0,57.99068,6.0,-9.0,20.0,3.0,25.0,-7.0,12.218691,10.285924,53.59312,83.32864,5.0,3.0,1.0,63.0,0.0
-9.0,-9.0,-9.0,-9.0,-9.0,-9.0,-9.0,-9.0,-9.0,-9.0,-9.0,-9.0,-9.0,-9.0,-9.0,-9.0,-9.0,-9.0,-9.0,-9.0,-9.0,-9.0,-9.0,0.0
