ExternalRiskEstimate,MSinceOldestTradeOpen,MSinceMostRecentTradeOpen,AverageMInFile,NumSatisfactoryTrades,NumTrades60Ever2DerogPubRec,NumTrades90Ever2DerogPubRec,PercentTradesNeverDelq,MSinceMostRecentDelq,MaxDelq2PublicRecLast12M,MaxDelqEver,NumTotalTrades,NumTradesOpeninLast12M,PercentInstallTrades,MSinceMostRecentInqexcl7days,NumInqLast6M,NumInqLast6Mexcl7days,NetFractionRevolvingBurden,NetFractionInstallBurden,NumRevolvingTradesWBalance,NumInstallTradesWBalance,NumBank2NatlTradesWHighUtilization,PercentTradesWBalance,cond
-9.0,-9.0,-9.0,15.571034,-9.0,-9.0,-9.0,-9.0,-9.0,-9.0,-9.0,-9.0,-9.0,-9.0,-9.0,-9.0,-9.0,-9.0,-9.0,-9.0,-9.0,-9.0,-9.0,0.0
79.71083,190.89908,4.0,72.762665,33.0,0.0,0.0,100.0,-7.0,7.0,8.0,39.10254,1.0,29.0,2.0,0.0,0.0,4.0,-8.0,6.0,1.0,0.0,57.0,0.0
88.0,310.04785,4.0,106.94008,20.0,0.0,0.0,100.0,-7.0,7.0,8.0,23.3062,2.0,47.65534,0.0,2.0,1.0,1.0,76.0,2.0,2.0,0.0,50.0,0.0
83.0,390.16174,17.84567,86.0,22.0,0.0,0.0,100.0,-7.0,7.0,8.0,23.0,0.0,50.0,0.68133515,1.0,1.0,1.0,63.464508,1.0,6.0,0.0,50.0,0.0
81.0,293.33942,7.0,84.0,11.0,0.0,0.0,77.55235,12.6007185,6.0,6.0,16.0,1.0,43.0,21.4899,0.0,0.0,51.318104,51.8585,1.0,2.0,0.0,62.90568,0.0
83.0,388.7038,5.0,149.2664,24.0,0.0,0.0,94.345345,36.069065,6.0,6.0,22.835518,1.0,29.890602,-7.0,1.0,1.0,0.0,-8.0,2.0,1.0,0.0,25.0,0.0
72.0,319.68063,6.0,82.0,53.78853,0.0,0.0,97.0,18.955845,6.0,6.0,53.313145,1.0,30.0,0.30702996,4.0,4.0,25.052301,-8.0,5.0,3.0,5.522401,50.318325,0.0
70.28461,304.62143,7.0,105.729935,12.935575,0.0,0.0,87.22412,17.761198,4.0,5.0,13.0,1.0,20.0,0.0,3.0,3.0,57.864315,-8.0,6.0,1.0,0.0,78.0,0.0
91.0,350.94196,16.0,138.82727,10.0,0.0,0.0,100.0,-7.0,7.0,8.0,12.0,0.0,28.0,-7.0,0.0,0.0,1.0,67.9243,1.0,2.0,0.0,51.844707,0.0
77.0,111.21489,13.0,53.441746,20.0,0.0,0.0,100.0,-7.0,7.0,8.0,21.0,0.0,26.085754,0.0,4.0,3.8761048,9.196768,-8.0,4.0,1.0,0.0,39.678062,0.0
82.07548,304.43387,16.0,84.191376,15.888129,0.0,0.0,89.67099,58.94753,6.0,6.0,26.0,0.0,41.0,-7.0,1.0,1.0,28.52538,-8.0,2.0,1.0,0.0,53.94183,0.0
71.0,168.81845,5.0,64.170204,22.077204,0.0,0.0,100.0,-7.0,7.0,8.0,33.369884,0.0,42.0,0.0,2.0,2.0,45.393215,-8.0,6.0,4.0,2.142691,79.66097,0.0
-9.0,-9.0,-9.0,-9.0,-9.0,-9.0,-9.0,-9.0,-9.0,-9.0,-9.0,-9.0,-9.0,-9.0,-9.0,-9.0,-9.0,-9.0,-9.0,-9.0,-9.0,-9.0,-9.0,0.0
78.0,199.05634,3.0,144.40663,38.0297,0.0,0.0,97.0,39.53628,6.0,6.0,47.59416,2.0,7.9511704,0.0,1.0,1.0,4.0,60.276302,6.365958,1.0,2.0,29.89044,0.0
89.0,407.79047,20.0,109.50803,16.0,0.0,0.0,100.0,-7.0,7.0,8.0,9.0,0.0,5.314615,-7.0,0.0,0.0,2.0,-8.0,4.0,1.0,0.0,57.40252,0.0
84.0,74.754456,4.33207,58.24596,21.0,0.0,0.0,94.0,55.17427,6.0,6.0,21.0,1.0,20.0,-7.0,1.441736,1.0,0.38897318,64.72325,1.0,1.3100773,0.0,4.2135653,0.0
76.0,177.7782,8.0,82.14855,75.027115,0.0,0.0,94.0,6.0,6.0,6.0,96.51979,2.0,0.0,1.0,1.0,1.0,16.703201,85.20124,12.7549,2.7069702,0.0,44.65078,0.0
91.0,191.33873,10.147333,85.13527,20.0,0.0,0.0,100.0,-7.0,7.0,8.0,26.0,1.0,36.689625,-7.3489666,0.0,0.0,6.0,22.342482,2.0,1.0,0.0,53.011044,0.0
80.0,114.929924,2.0,36.693592,22.457153,0.0,0.0,100.0,-7.0,7.0,8.0,22.513655,3.0,23.0,1.0,1.0,1.0,3.0,88.0,2.0,2.0,0.0,50.0,0.0
84.0,-9.0,5.0,91.369576,14.0,0.0,0.0,96.0,73.763504,6.0,6.0,-9.0,1.0,38.0,2.0,2.786965,3.0,8.0,95.90603,3.0,2.0,0.0,67.993385,0.0
73.0,194.66998,4.896445,116.09074,39.0,0.0,0.0,100.0,-7.0,7.0,8.0,30.082092,4.0,35.0,0.0,0.0,0.0,18.0,66.90161,7.0,3.0,1.0,62.43791,0.0
72.0,382.34982,6.0,102.738365,34.00415,0.0,0.0,100.0,-7.0,7.0,8.0,28.262241,1.2078463,33.0,0.0,1.0,1.0,73.529655,74.70688,4.0,3.2482271,3.0,77.601906,0.0
74.77049,139.94722,8.631455,63.144054,25.0,0.0,0.0,92.0,38.607986,6.0,6.0,24.0,1.0,32.800694,0.0,4.0,4.0,16.352789,75.631714,4.0,4.0,0.0,57.155132,0.0
64.282814,187.67558,6.88865,82.592964,36.361385,0.0,0.0,95.0,10.272831,6.0,6.0,42.67248,3.0,25.0,0.0,3.0,3.0,28.0,-8.0,8.0,1.212893,2.0,75.0,0.0
71.479546,267.0221,1.0,125.949745,38.609653,0.0,0.0,100.0,-7.0,7.0,8.0,46.445484,3.0,14.0,0.0,2.0,2.0,22.509016,-8.0,13.489162,1.0,2.0,60.0,0.0
88.0,325.40225,8.0,99.47121,24.0,0.0,0.0,100.0,-7.0,7.0,8.0,26.03216,0.0,20.0,-7.0,0.0,0.0,1.0,52.38151,3.0,2.0,0.0,41.5235,0.0
80.0,197.19484,4.7850614,73.61524,22.0,0.0,0.0,97.0,-7.0,6.0,6.0,23.0,1.0,24.0,-7.0,0.0,0.0,12.104146,-8.0,1.0,1.0,0.0,31.145535,0.0
-9.0,254.74356,3.0,101.53559,49.495003,1.4815351,1.0,94.0,-7.0,-9.0,5.0,26.657919,2.0,22.0,0.0,0.0,0.0,11.0,71.40775,5.0,2.0,0.0,25.0,0.0
80.0,221.74704,2.0,68.0,27.0,0.0,0.0,100.0,-7.0,7.0,8.0,32.604324,3.0,36.0,0.0,4.0,3.5507312,25.462454,89.6168,2.0,2.0,0.0,69.15073,0.0
80.0,182.97375,7.0,90.852104,25.0,0.0,0.0,92.07224,27.744064,6.0,6.0,31.0,2.0,46.040844,0.0,0.0,0.0,11.271867,-8.0,2.0,1.0,0.0,43.0,0.0
61.614807,180.40091,1.0,82.0,37.66927,0.0,0.0,93.0,-7.0,4.0,6.0,34.0,2.0,38.0,0.0,1.0,1.0,42.82359,21.581945,4.0,7.650899,2.0,100.0,0.0
82.0,131.0486,15.0,58.0,11.0,0.0,0.0,100.0,-7.0,7.0,8.0,4.668877,0.0,49.0507,0.0,0.0,0.0,2.0,47.61008,2.0,1.0,0.0,60.0,0.0
83.5361,114.56897,15.0,67.70895,23.794321,0.0,0.0,100.0,-7.0,7.0,8.0,9.0,0.0,33.041027,-8.0,0.0,0.0,17.0,82.73477,3.0,2.0,0.0,43.51638,0.0
-9.0,-9.0,-9.0,-9.0,-9.0,-9.0,-9.0,-9.0,-9.0,-9.0,-9.0,-9.0,-9.0,-9.0,-9.0,-9.0,-9.0,-9.0,-9.0,-9.0,-9.0,-9.0,-9.0,0.0
81.0,138.0073,9.0,81.25886,27.0,0.0,0.0,100.0,-7.0,7.0,8.0,26.0,0.0,45.22959,1.0,0.0,0.0,37.226112,-8.0,3.0,2.0,1.0,75.0,0.0
87.0,136.1332,20.0,69.88959,18.973421,0.0,0.0,100.0,-7.0,7.0,8.0,22.0,0.0,18.0,-7.0,0.0,0.0,0.0,-8.0,2.0,2.0,0.0,60.0,0.0
60.56642,188.01648,7.0,84.0,30.0,3.0,2.8293295,88.191124,22.234522,6.0,2.0,40.502987,1.0,36.063004,0.0,3.0,2.0,88.09395,77.35389,6.0,3.0,6.7095976,98.69423,0.0
80.0,178.72653,3.0,58.0,12.0,0.0,0.0,100.0,-7.0,7.0,8.0,11.0,1.5762517,67.533585,0.0,0.0,0.0,36.045975,82.0,1.0,3.0,0.0,100.0,0.0
78.0,152.27515,6.0,98.83879,32.755947,0.0,0.0,100.0,-7.0,7.0,8.0,34.585075,0.0,25.0,0.0,1.0,0.0,47.89,-8.0,4.0,1.0,0.0,100.0,0.0
70.84568,294.92856,3.0,115.450676,40.686573,0.0,0.0,100.0,-7.0,7.0,8.0,48.12591,2.0,17.0,2.0,1.0,1.0,71.63672,-8.0,11.0,1.0,7.9099073,67.18836,0.0
87.0,326.80792,10.0,134.89919,24.0,0.0,0.0,100.0,-7.0,7.0,8.0,26.0,0.0,25.0,2.0,1.0,1.0,2.1706464,-8.0,5.0,1.0,0.0,50.0,0.0
85.67578,187.29546,4.779405,77.0,15.0,0.0,0.0,90.662605,70.507416,6.0,6.0,18.0,1.0,15.0,0.0,0.0,0.0,7.0,-8.0,4.0,1.0,0.0,70.0,0.0
71.0,189.5787,4.0,82.0,31.044798,0.0,0.0,100.0,-7.0,7.0,8.0,34.0,2.965317,45.0,2.0,0.0,0.0,39.645973,74.648285,5.0,3.1368663,1.0,67.0,0.0
87.0,185.35301,5.0,84.0,10.26321,0.0,0.0,100.0,-7.0,7.0,8.0,14.0,1.0,10.198101,4.0,1.0,1.0,4.599752,-8.0,0.9258493,1.0,0.0,15.032062,0.0
81.0,118.502594,8.0,47.68642,17.0,0.0,0.0,100.0,-7.0,7.0,8.0,15.0,2.0,13.628866,1.0,2.0,2.0,22.506437,-8.0,3.0,1.0,0.0,46.33473,0.0
70.0,365.65134,8.0,112.67032,26.0,1.0,0.0,76.99225,7.9544454,3.852333,4.0,14.0,1.0,43.0,0.0,1.0,1.0,8.0,-8.0,5.0,4.0,0.0,65.72943,0.0
65.33258,190.41512,4.2422743,84.0,46.908295,0.0,0.0,100.0,-7.0,7.0,8.0,35.0,3.0,17.927591,1.0,4.0,4.0,40.910175,-8.0,18.627232,1.0,3.8781424,58.309826,0.0
83.0,430.89847,16.951122,115.48632,27.355902,0.0,0.0,100.0,-7.0,7.0,8.0,31.174236,0.0,18.0,0.0,1.0,1.0,25.161253,-8.0,6.100033,1.0,0.0,56.0,0.0
69.0,257.54218,16.574993,83.0,43.144363,0.0,0.0,100.0,9.916291,6.0,5.0,49.18907,0.0,53.602703,0.0,0.0,0.0,59.351357,53.840065,7.0,5.0,3.0,80.0,0.0
74.0,237.32578,3.0,81.76348,21.0,0.0,0.0,100.0,-7.0,7.0,8.0,26.0,2.0,21.0,2.0,1.0,1.0,23.046642,99.0128,6.0,3.0,0.68076086,55.337143,0.0
74.0,199.399,3.0,61.0,18.0,0.0,0.0,100.0,-7.0,7.0,8.0,23.0,2.0,20.0,23.896667,1.0,0.0,56.05676,-8.0,5.0,1.0,3.0,60.0,0.0
71.0,308.91364,5.0,83.0,38.318634,1.0,1.0,95.0,36.389923,6.0,4.5400968,41.615223,2.0,8.91617,0.0,3.0,2.0,14.949996,-8.0,4.0,1.0,0.0,36.339725,0.0
85.0,121.11304,2.0,63.617664,13.0,0.0,0.0,100.0,-7.0,7.0,8.0,12.793608,1.0,34.15923,-7.0,2.0,2.0,14.325144,80.969765,2.0,2.0,0.0,64.0,0.0
83.0,144.04756,6.0,67.330315,20.0,0.0,0.0,100.0,-7.0,7.0,8.0,21.0,1.0,35.0,0.0,0.0,0.0,5.0486684,93.5808,5.0,2.0,0.0,75.0,0.0
90.0,210.62198,8.759631,94.855156,29.0,0.0,0.0,100.0,-7.0,7.0,8.0,25.599255,2.0,0.0,0.0,5.970014,5.0,1.0,-8.0,2.0,-8.740924,0.0,-9.0,0.0
76.0,181.0315,8.0,76.871765,29.0,0.0,0.0,94.688614,15.771241,6.0,6.0,26.624441,1.0,29.0,3.0,1.0,1.0,3.0,94.17406,2.0,2.2587872,0.0,60.0,0.0
78.59849,93.43751,3.0,67.0,25.0,0.0,0.0,100.0,-7.0,7.0,8.0,23.526226,6.0,29.0,-7.0,2.0,1.0,15.0,76.38682,7.0,3.0,0.0,80.0,0.0
68.0,388.1447,7.535583,150.7477,34.0,0.0,0.0,100.0,-7.0,6.0,8.0,19.400263,2.0,22.0,-8.0,0.0,0.0,28.0,93.92916,5.0,3.9593594,3.0,56.447018,0.0
71.93113,-1.6691697,5.0,52.69998,21.0,0.0,0.0,100.0,-7.0,7.0,8.0,23.0,1.0,33.0,0.0,1.0,1.0,77.47503,93.42567,3.0,3.0,1.0,77.48706,0.0
78.0,1.0086914,3.0,37.818142,15.0,0.0,0.0,95.0,63.47398,6.0,6.0,16.0,2.0,40.0,1.0,2.0,2.0,8.0,115.119194,1.0,2.0,0.0,84.97068,0.0
-9.0,-9.0,6.0,-9.0,14.081353,0.0,0.0,96.0,3.0,4.0,6.0,17.0,6.8052216,33.0,0.0,1.0,1.0,62.461315,-8.0,13.771203,3.0,4.676522,100.0,0.0
77.0,223.1379,8.0,84.0,8.836952,0.0,0.0,100.0,-7.0,7.0,8.0,10.184503,1.0,20.038996,0.0,2.0,1.8764498,22.958508,82.21944,6.0,2.0,1.0,83.31614,0.0
84.0,178.34492,38.812298,143.78255,15.0,2.0,0.0,86.38901,73.73465,6.0,5.0,17.0,0.0,26.0,-7.0,0.0,0.0,2.984122,25.156298,3.0,1.0,0.0,70.0,0.0
78.753815,165.46461,5.0,54.304424,22.604996,0.0,0.0,95.0,2.369739,5.3434196,6.0,26.0,3.0,33.24904,7.8973713,0.0,0.0,11.0,67.99027,1.0,2.0,0.0,42.715446,0.0
65.0,405.48425,3.0,71.345,40.639076,0.0,0.0,95.61879,1.0,4.0,6.0,39.66036,5.0,29.0,9.0,1.0,1.0,32.0,-8.0,10.01642,3.0,3.0,53.921867,0.0
76.57146,133.67969,16.544928,82.0,16.0,0.0,0.0,100.0,-7.0,7.0,8.0,15.0,0.0,65.0232,23.054901,0.0,0.0,75.47223,32.191547,1.0,2.0,0.0,100.0,0.0
77.0,147.21999,7.0,24.141607,17.0,0.0,0.0,100.0,-7.0,7.0,8.0,18.0,4.0,37.389523,13.988966,0.0,0.0,13.142974,76.82984,5.0,2.0,0.0,67.0,0.0
64.0,168.89827,9.0,83.061165,9.0,1.0,1.0,100.0,-7.0,7.0,8.0,12.0,0.0,19.0,0.0,1.0,1.0,77.838135,-8.0,4.0,1.0,2.0,67.0,0.0
56.6075,131.62614,4.0,66.46852,12.0,3.8313324,4.6523714,81.81667,42.10195,6.0,5.0,15.0,3.0,43.0,-7.0,0.0,0.0,83.99159,7.99984,4.0,3.0,3.0,100.0,0.0
78.0,485.3885,5.0,114.34155,26.0,0.0,0.0,90.06462,17.467886,6.0,6.0,32.0,3.0,29.784998,0.0,1.0,1.0,6.15475,-8.0,2.0,2.0,0.0,43.0,0.0
73.0,270.83835,2.0,95.81916,33.0,1.0,0.0,95.973206,6.1812434,6.0,3.0,33.0,2.0,22.0,-7.0,2.0,3.0,8.0619545,99.625786,4.0,2.0,1.0,43.0,0.0
-9.0,-9.0,-9.0,-9.0,-9.0,-9.0,-9.0,-9.0,-9.0,-9.0,-9.0,-9.0,-9.0,-9.0,-9.0,-9.0,-9.0,-9.0,-9.0,-9.0,-9.0,-9.0,-9.0,0.0
87.0,172.74033,135.2281,232.24379,10.816704,0.0,0.0,100.0,-7.0,7.0,8.0,13.768444,0.0,31.0,0.0,0.0,0.0,18.871187,-8.0,4.0,1.0,0.0,100.0,0.0
73.0,233.47551,3.0,98.49242,26.3094,0.0,0.0,85.44005,15.07845,6.0,6.0,26.0,4.0,22.0,1.0,2.5238774,2.0,35.37042,-8.0,5.0,1.0,0.0,58.448124,0.0
77.0,130.28185,12.0,67.538376,40.19571,0.0,0.0,100.0,-7.0,7.0,8.0,9.0,0.0,24.0,2.0,2.0,2.0,16.435867,-8.0,5.0,3.0,0.0,75.0,0.0
84.0,383.56482,1.7008237,104.72483,24.635912,0.0,0.0,95.0,15.730297,6.0,6.0,23.0,2.0,38.41082,0.0,0.0,0.0,0.0,-8.0,2.0,1.2154322,0.0,56.0,0.0
71.0,306.79266,2.0,70.0,34.0,0.0,0.0,100.0,-7.0,7.0,8.0,33.0,4.9080777,27.44282,4.8326397,0.0,0.0,21.379686,37.974785,12.988876,3.0,1.0,80.0,0.0
89.0,151.38603,20.0,92.56418,11.0,0.0,0.0,100.0,-7.0,7.0,8.0,15.0,0.0,21.998396,-8.0,0.0,0.0,2.0,-8.0,4.0,1.0,0.0,85.68906,0.0
56.007957,208.87306,4.0,68.1805,36.0,0.0,0.0,93.0,-7.0,0.0,6.0,36.745747,3.0,28.0,0.0,4.0,4.0,40.944168,21.691624,6.0,8.322325,2.0,58.0,0.0
77.0,176.44728,10.0,76.0,28.0,0.0,0.0,97.91271,0.5768964,6.0,6.0,36.136993,0.0,50.0,0.0,3.0,3.0,33.92116,-8.0,5.0,3.0,0.0,88.0,0.0
70.0,132.39694,8.0,64.60469,28.388224,0.0,0.0,93.0,32.48713,6.0,6.0,34.0,2.0,18.0,0.0,1.0,1.0,23.24518,22.513819,5.0,2.0,3.0,56.014427,0.0
-9.0,-9.0,-9.0,-9.0,-9.0,-9.0,-9.0,-9.0,-9.0,-9.0,-9.0,-9.0,-9.0,-9.0,-9.0,-9.0,-9.0,-9.0,-9.0,-9.0,-9.0,-9.0,-9.0,0.0
87.0,183.3103,4.0,69.34208,22.399464,0.0,0.0,100.0,-7.0,7.0,8.0,33.99822,1.0,16.0,0.0,1.0,1.0,8.004598,-8.0,2.0,1.0,0.0,21.66886,0.0
79.0,253.43251,2.0,81.742805,32.0,0.0,0.0,100.0,-7.0,7.0,8.0,37.295513,2.0,33.257996,0.0,3.53411,3.0,28.0,57.102573,6.0,1.0,1.0,42.919243,0.0
93.0,293.3641,97.16756,158.24625,12.0,0.0,0.0,100.0,-7.0,7.0,8.0,28.0,0.0,-9.0,-8.0,0.0,0.0,1.0,-8.0,1.0,-9.0,0.0,-9.0,0.0
81.0,170.18369,28.100243,79.0,15.022499,0.0,0.0,94.0,54.77576,6.0,6.0,15.0,0.0,20.0,0.0,0.0,0.0,13.0048,-8.0,4.0,1.0,0.0,47.903305,0.0
64.57967,364.2908,2.0,91.08019,22.0,1.0,0.0,88.0,71.65884,6.0,6.0,24.072851,1.0,44.0,4.0,0.0,0.0,66.06267,80.74774,7.0,3.0,2.0,71.0,0.0
76.16995,174.05301,4.4490137,83.991585,58.314754,0.0,0.0,97.0,30.1286,6.0,6.0,14.984408,3.0,21.0,2.0,0.0,0.0,7.0,63.695805,5.0,4.0,0.0,29.183239,0.0
80.0,34.08156,4.0,67.75352,12.0,0.0,0.0,100.0,-7.0,7.0,8.0,2.122234,2.0,23.411448,6.0,1.0,0.026997695,50.072857,53.802742,4.0,2.0,0.0,85.6277,0.0
81.0,86.00629,4.0,61.81875,22.0,0.0,0.0,100.0,-7.0,7.0,8.0,14.0,2.0,33.874504,10.633173,1.0,1.0,1.0,11.979254,2.0,3.9700663,0.0,46.30419,0.0
79.0,129.80115,6.0,74.66481,27.0,0.0,0.0,97.0,57.068516,6.0,6.0,27.801607,1.0,40.0,0.94805145,1.0,1.0,1.0,-8.0,1.0,2.0,0.0,37.67651,0.0
-9.0,-9.0,-9.0,-9.0,-9.0,-9.0,-9.0,-9.0,-9.0,-9.0,-9.0,-9.0,-9.0,-9.0,-9.0,-9.0,-9.0,-9.0,-9.0,-9.0,-9.0,-9.0,-9.0,0.0
84.0,159.1006,8.0,61.0,32.913227,0.0,0.0,100.0,-7.0,7.0,8.0,34.371437,0.0,43.0,0.0,6.066723,5.3834248,6.0,-8.0,2.0,4.9925866,0.0,57.0,0.0
81.0,310.81064,9.0,86.451935,29.20996,0.0,0.0,100.0,-7.0,7.0,8.0,24.0,1.0,8.134623,2.0,0.0,0.0,15.0,-8.0,4.0,1.0,0.0,44.0,0.0
67.0,81.35264,7.0,50.4913,10.0,2.0,0.0,84.91505,35.929634,6.0,2.0790408,9.34394,5.1889176,72.26306,-7.0,1.0,1.0,13.100423,75.14391,2.0,2.0,0.0,67.0,0.0
-9.0,170.05156,7.0,61.0,15.0,10.316911,7.806238,77.538574,-7.0,-9.0,5.8435454,21.0,1.0,13.9375725,0.0,0.0,0.0,34.87145,-8.0,4.0,2.0,0.0,83.0,0.0
58.44452,177.97388,6.0,58.0,28.0,0.0,0.0,92.0,14.731412,6.0,6.0,27.0,2.0,35.0,0.0,1.0,1.0,59.548553,95.10315,6.0,2.0,2.0,75.0,0.0
-9.0,-9.0,-9.0,-9.0,-9.0,-9.0,-9.0,-9.0,-9.0,-9.0,-9.0,-9.0,-9.0,-9.0,-9.0,-9.0,-9.0,-9.0,-9.0,-9.0,-9.0,-9.0,-9.0,0.0
86.0,159.60036,4.0,75.818985,21.12113,0.0,0.0,100.0,-7.0,7.0,8.0,30.229797,0.0,22.0,12.913642,0.0,0.0,1.1123252,70.369835,1.0,3.0,0.0,50.0,0.0
91.11783,263.61453,24.815897,106.602844,6.0,0.0,0.0,100.0,-7.0,7.0,8.0,3.9074032,0.0,16.369864,7.0,0.0,0.0,3.0273092,-8.0,1.0,1.0,0.0,26.358223,0.0
62.0,696.9681,2.561037,131.7194,7.0,1.0,0.68901503,63.654015,4.0,6.0,3.0,9.0,1.7995421,19.441992,1.0,0.0,0.0,93.79337,-8.0,2.0,1.0,2.0,81.5337,0.0
85.0,176.23337,4.0,61.029,21.0,0.0,0.0,100.0,-7.0,7.0,8.0,32.0,4.0,52.69173,1.0,4.0,4.7498302,4.0,-8.0,1.0,3.0,0.0,58.0,0.0
74.0,291.3042,2.0,68.0,25.0,0.0,0.0,100.0,-7.0,7.0,8.0,39.510494,2.0,29.511246,-7.0,3.0,3.0,64.24013,-8.0,7.0,1.0,1.0,77.964,0.0
74.0,191.18137,21.91468,89.087814,24.0,2.0,0.0,93.201225,22.165728,6.0,5.1228886,24.0,0.0,71.72654,-7.0,0.0,0.0,0.0,-8.0,1.0,5.72908,0.0,60.0,0.0
83.0,156.54259,15.421923,91.12711,24.0,0.0,0.0,96.0,15.9578905,6.0,6.0,28.0,0.0,21.904322,2.0,2.0,2.0,1.0,-8.0,-9.0,2.0,0.0,33.0,0.0
81.18031,170.03069,2.0,46.351875,13.0,0.0,0.0,100.0,-7.0,7.0,8.0,14.421259,2.0,44.0,0.0,5.7127805,5.1823535,0.0,48.369095,2.0,2.0,1.0,44.0,0.0
69.0,125.681244,8.0,79.44835,22.0,0.0,0.0,100.0,-7.0,7.0,8.0,18.134602,2.0,56.432045,0.0,1.0,1.0,78.206764,-8.0,5.0,2.0,1.0,73.0,0.0
69.0,230.5528,7.598859,95.19639,43.078125,0.0,0.0,100.0,-7.0,7.0,8.0,50.12849,3.0,20.0,1.0,1.0,1.0,80.50537,78.959015,8.770652,2.0,3.0,71.0,0.0
74.0,120.858025,1.0,78.21387,15.386502,2.0,1.0,86.2941,73.90879,6.0,5.0,19.0,5.0,14.0,0.0,1.0,1.0,30.340134,114.29661,2.0,2.0,1.0,44.507164,0.0
68.487206,140.3455,4.0,65.2132,51.935642,0.0,0.0,100.0,-7.0,7.0,8.0,50.901295,1.6474276,29.0,-7.0,2.0211296,3.0,23.69849,98.08626,6.0,2.1730182,4.08137,49.021187,0.0
88.0,421.15256,26.81198,142.2406,14.0,0.0,0.0,100.0,-7.0,7.0,8.0,15.0,0.0,23.0,11.470837,0.0,0.0,11.0,-8.0,3.0,1.0,0.0,44.05161,0.0
81.0,206.92448,7.0,93.85684,35.846447,0.0,0.0,100.0,-7.0,7.0,8.0,11.0,0.0,25.899887,9.0,1.0,1.0,0.3276558,73.59111,4.0,3.0,0.0,50.0,0.0
89.0,300.32626,5.0,105.84162,20.0,0.0,0.0,100.0,-7.0,7.0,8.0,24.0,2.0,29.931442,0.0,0.0,0.0,3.0,-8.0,2.0,1.0,0.0,37.481422,0.0
80.0,147.96501,3.0,67.0,48.698284,0.0,0.0,100.0,-7.0,7.0,8.0,52.36932,4.0,33.0,0.0,1.0,1.0,5.0,68.7813,6.0,7.2289033,1.0,57.38474,0.0
87.0,150.19434,10.0,122.42771,21.0,0.0,0.0,100.0,-7.0,7.0,8.0,3.9936528,0.0,21.942036,0.0,0.0,0.0,0.0,-8.0,1.0,1.0,0.0,30.681843,0.0
69.0,147.52232,-9.0,25.992008,16.0,0.0,0.0,100.0,-7.0,7.0,8.0,21.357965,5.0,38.384975,1.0,1.6752328,2.0,54.842384,-8.0,6.0,2.0,4.020281,100.0,0.0
80.0,171.60301,4.0,65.53123,28.273079,0.0,0.0,100.0,-7.0,7.0,8.0,32.0,2.0,25.0,5.0,1.0,1.0,17.0,82.035355,6.0,4.0,0.0,100.0,0.0
88.0,172.37549,23.953733,108.86414,12.0,0.0,0.0,100.0,-7.0,7.0,8.0,7.0,0.0,50.0,1.0,1.0,1.0,4.0,-8.0,2.0,1.0,0.0,44.71865,0.0
89.0,304.6152,10.0,78.15201,38.19445,0.0,0.0,100.0,-7.0,7.0,8.0,38.0,0.0,16.086397,16.0,0.0,0.0,4.0,-8.0,7.900035,1.0,0.0,33.0,0.0
85.0,244.23627,7.0,115.56035,32.0,0.0,0.0,100.0,-7.0,7.0,8.0,35.0,1.0,43.0,-9.0,0.0,0.0,0.7049404,91.0,1.0,3.0,0.0,71.0,0.0
88.0,245.25285,6.0,104.40644,17.0,0.0,0.0,100.0,-7.0,7.0,8.0,21.0,1.0,34.878822,0.0,2.0,1.8741151,1.69025,-8.0,1.0,1.0,0.0,35.706238,0.0
74.0,377.92868,4.0,92.0,15.0,0.0,0.0,100.0,-7.0,7.0,8.0,14.0,3.0,33.0,8.0,0.0,0.0,81.16785,78.79647,4.0,3.0,2.0,67.0,0.0
54.56005,318.89215,1.0,65.0,32.0,0.0,0.0,93.0,20.798378,6.0,6.0,32.488777,10.94013,42.0,0.0,2.0,1.0,34.472164,82.0,7.0,4.0,1.7138197,78.392685,0.0
72.24013,297.11304,18.351072,94.3056,45.70911,0.0,0.0,97.46689,31.357832,6.0,6.0,51.690792,0.0,38.0,0.0,0.0,0.0,35.972466,37.01505,9.0,2.0,1.0,60.0,0.0
91.82144,443.56943,7.0,176.01224,14.0,0.0,0.0,100.0,-7.0,7.0,8.0,19.0,1.0,20.0,12.0,0.0,0.0,0.0,-8.0,1.0,1.0,0.0,-9.0,0.0
77.95896,182.28073,8.0,65.0,22.0,0.0,0.0,93.0,29.885168,6.0,6.0,20.0,2.0,42.0,23.933203,0.0,0.0,18.038149,53.951935,4.0,2.0,0.0,56.787483,0.0
70.0,174.80719,6.0,71.0,25.0,0.0,0.0,100.0,-7.0,7.0,8.0,28.766083,1.0,45.0,23.28029,0.0,0.0,39.50517,65.988525,1.0,2.0,0.0,50.0,0.0
66.0,130.52441,11.0,82.1539,13.0,4.977549,3.462856,66.27632,50.259457,6.0,2.0,17.0,0.0,51.531864,3.0,0.0,0.0,32.0,53.67235,2.0,1.0,0.0,100.0,0.0
81.0,241.86111,1.0,79.20194,19.998743,0.0,0.0,100.0,-7.0,7.0,8.0,22.0,2.0,26.0,0.0,0.0,0.0,37.014545,-8.0,3.0,2.0,0.0,64.0,0.0
86.0,373.0571,3.0,93.70462,25.56866,0.0,0.0,100.0,0.28252813,6.0,6.0,24.0,1.0,27.0,-7.0,0.0,0.0,2.0,-8.0,3.0,1.0,0.0,32.160744,0.0
82.0,140.84857,4.0,66.6928,16.0,0.0,0.0,100.0,-7.0,7.0,8.0,13.888882,3.0,26.0,0.0,2.0,2.0,2.0,-8.0,3.0,2.0,0.0,56.21006,0.0
81.84115,277.97092,8.0,120.10876,39.816578,0.0,0.0,97.0,-8.0,6.99775,6.0,39.59879,0.0,8.094086,0.0,0.0,0.0,31.075182,-8.0,4.0,1.0,1.0,25.0,0.0
-9.0,-9.0,-9.0,-9.0,-9.0,-9.0,-9.0,-9.0,-9.0,-9.0,-9.0,-9.0,-9.0,-9.0,-9.0,-9.0,-9.0,-9.0,-9.0,-9.0,-9.0,-9.0,-9.0,0.0
65.83662,273.59293,8.0,83.0,39.661358,0.0,0.0,95.0,23.404175,6.0,6.0,31.14479,2.0,10.79553,0.0,1.0,1.0,44.053,48.332558,9.0,3.0,1.0,56.68292,0.0
68.0,196.87871,4.0,87.82431,36.0,0.0,0.0,100.0,-7.0,7.0,8.0,38.0,3.0,24.0,0.0,0.0,0.0,51.06257,-8.0,9.0,1.0,4.810778,57.0,0.0
85.32025,222.5947,23.305325,108.25434,19.0,0.0,0.0,100.0,-7.0,7.0,8.0,17.02765,0.0,13.0,0.0,0.0,0.0,19.0,6.207672,2.0,1.0,0.0,33.0,0.0
79.0,226.1839,5.0,75.888275,31.0,0.0,0.0,97.0,34.355427,6.0,6.0,26.0,2.0,31.166037,1.0,1.0,1.0,15.312325,-8.0,5.0,2.0,0.0,57.0,0.0
77.0,154.2058,9.0,71.0,33.90046,0.0,0.0,95.0,47.84228,6.0,6.0,41.044144,0.0,18.0,5.0,1.0,1.0,31.863447,32.19136,6.0,1.0,0.0,80.0,0.0
89.0,261.38327,13.054836,103.11955,41.50041,0.0,0.0,100.0,-7.0,7.0,8.0,38.0,1.0,41.010475,0.0,0.0,0.0,6.0,71.706696,3.0,2.0,0.0,60.0,0.0
66.0,306.95767,7.44936,79.745255,43.277256,0.0,0.0,98.0,4.0,6.0,6.0,53.262043,1.0,39.0,9.0,2.0,1.0,41.34833,53.94987,5.6737795,5.0,2.0,67.0,0.0
73.0,426.2068,9.0,145.25063,22.0,1.2970978,1.0,93.0,63.639458,6.0,2.7851434,23.0,4.057762,50.0,0.0,0.0,0.0,52.774143,33.44036,3.0,3.0,0.0,82.66955,0.0
84.0,161.3551,16.0,82.0,13.0,0.0,0.0,100.0,-7.0,7.0,8.0,9.0,0.0,44.873276,21.76031,0.0,0.0,43.278824,65.17112,3.0,2.0,0.0,67.0,0.0
85.0,165.8664,4.0,82.31753,14.0,0.0,0.0,100.0,-7.0,7.0,8.0,18.0,1.0,14.0,2.0,2.0,1.0,9.33973,-8.0,2.0,-8.0,0.0,46.236366,0.0
70.0,-9.0,2.178293,31.450684,18.974007,0.0,0.0,100.0,-7.0,7.0,8.0,20.0,6.161448,99.56306,0.0,4.927603,4.5487533,31.25582,90.4446,1.0,14.288957,0.0,86.0,0.0
77.0,121.83924,21.03991,58.20855,11.0,0.0,0.0,100.0,-7.0,7.0,8.0,7.0,0.0,19.0,-8.0,0.0,0.0,22.935797,-8.0,4.0,1.0,0.0,62.993515,0.0
82.0,333.77872,8.766686,75.0,29.0,0.0,0.0,98.0,70.3489,6.0,6.0,32.0,1.0,29.0,0.0,4.84186,4.7400475,8.822917,93.0,6.0,3.4012172,0.0,75.0,0.0
81.0,220.01334,8.0,91.64231,27.0,0.0,0.0,97.0,36.302406,6.0,5.9529114,27.0,1.0,20.0,-7.0,0.0,0.0,43.659176,-8.0,2.0,1.0,0.0,59.598953,0.0
75.0,310.11987,3.0,98.5345,31.26738,3.7090178,2.4313765,90.0,39.444637,6.0,6.0,37.881584,2.0,39.083363,0.519014,0.0,0.0,1.0,57.90788,1.0,3.0,0.0,75.0,0.0
80.79228,312.57755,5.0,72.48769,25.0,0.0,0.0,100.0,-7.0,7.0,8.0,25.0,3.0,23.0,0.0,0.0,0.0,18.241861,-8.0,7.0,1.0,0.0,57.0,0.0
82.0,280.6604,20.0,100.20181,25.0,0.0,0.0,100.0,-7.0,7.0,8.0,22.0,0.0,38.0,0.0,0.0,0.0,45.316162,-8.0,2.0,1.0,0.0,37.902668,0.0
73.0,296.50073,1.0,93.95825,41.148624,0.0,0.0,96.796684,12.430368,6.0,6.0,38.61991,1.3241327,46.234375,3.0,5.0,4.0,14.942562,67.47828,8.0,4.0,0.0,75.0,0.0
81.0,279.23166,11.0,120.69888,18.0,0.0,0.0,100.0,-7.0,7.0,8.0,20.731125,1.0,22.0,4.0,1.54367,1.6908914,0.0,58.797665,2.0,1.0,0.0,50.0,0.0
54.704124,218.12805,5.0704193,101.5839,21.0,1.0,1.0,96.0,0.40987232,-8.361353,5.659744,39.43855,1.0,38.0,3.54652,0.0,0.0,65.49863,-8.0,4.0,1.0,3.0,80.0,0.0
86.0,266.45575,15.0,92.195625,27.0,0.0,0.0,100.0,-7.0,7.0,8.0,27.359358,0.0,25.0,7.0,2.0,2.0,11.85836,22.355145,1.0,3.0,0.0,45.447735,0.0
84.0,180.98218,24.091824,104.83895,15.543935,0.0,0.0,94.32399,7.6880918,5.623357,6.0,22.0,0.0,21.0,1.0,0.0,0.0,9.0,-8.0,3.0,-8.0,0.0,52.859383,0.0
77.285645,290.78748,6.0,80.55926,22.0,0.0,0.0,100.0,-7.0,7.0,8.0,19.0,2.0,36.0,7.0,0.0,0.0,25.0,-8.0,4.0,1.0,1.0,83.0,0.0
83.0,332.69757,9.0,97.129776,22.0,0.0,0.0,87.61183,7.8515997,6.0,6.0,37.0,1.0,33.0,2.0,2.0,2.0,6.0,52.006615,3.0,5.0,0.0,55.56591,0.0
87.0,264.50327,34.110935,162.77765,12.0,0.0,0.0,100.0,-7.0,7.0,8.0,16.0,0.0,18.0,20.739473,0.0,0.0,2.0,-8.0,3.0,1.0,0.0,88.0,0.0
89.0,113.93656,2.0,115.281944,25.0,0.0,0.0,100.0,-7.0,7.0,8.0,9.0,1.0,20.0,9.0,1.0,1.0,1.0,38.83107,3.0,1.0,0.0,43.0,0.0
73.0,218.9638,3.0,98.69641,7.0,0.0,0.0,79.80485,38.538692,6.0,6.0,8.075938,2.0,40.578438,8.0,0.0,0.0,34.538265,-8.0,1.0,1.0,0.0,64.0,0.0
80.0,778.5843,3.0,265.187,21.303307,0.0,0.0,97.0,46.945133,6.0,6.0,21.0,1.0,-2.0600226,-7.0,0.0,0.0,32.512787,98.25083,8.0,1.0,1.0,63.0,0.0
71.74163,174.49637,7.0,69.763466,21.0,0.0,0.0,100.0,-7.0,6.0,8.0,20.0,3.0,20.0,10.04038,0.0,0.0,21.426214,-8.0,4.0,1.0,1.0,58.0,0.0
89.097885,293.69583,7.0,88.94,16.554354,0.0,0.0,97.0,16.586325,6.0,6.0,18.0,1.0,22.0,3.0,2.0,1.0,4.6297755,45.46012,2.0,1.0,0.0,43.0,0.0
73.2717,190.40396,2.9829373,83.0,18.0,2.0,1.580877,92.0,49.564846,6.0,4.1721096,23.0,1.0,56.49821,0.0,3.965977,3.0,0.0,88.1119,-9.0,3.0,0.0,29.463823,0.0
86.0,89.71177,7.0,68.0,31.029984,0.0,0.0,100.0,-7.0,7.0,8.0,35.749157,2.0,32.0,0.0,0.0,0.0,11.0,91.0,2.0,2.0,1.0,44.0,0.0
75.0,196.9349,15.0,74.74654,18.0,0.0,0.0,88.92902,36.692265,6.0,6.0,17.0,0.0,40.071716,0.0,1.0,1.0,34.167393,71.2355,6.0,3.0,1.0,84.29589,0.0
-9.0,-9.0,-9.0,-9.0,-9.0,-9.0,-9.0,-9.0,-9.0,-9.0,-9.0,-9.0,-9.0,-9.0,-9.0,-9.0,-9.0,-9.0,-9.0,-9.0,-9.0,-9.0,-9.0,0.0
90.0,410.21667,7.0,283.6981,19.72952,0.0,0.0,100.0,-7.0,7.0,8.0,24.0,1.0,10.856259,0.0,0.0,0.0,6.0,-8.0,1.0,1.0,0.0,12.384584,0.0
86.0,196.48433,12.0,68.548805,24.0,0.0,0.0,100.0,-7.0,7.0,8.0,29.0,0.0,55.591385,0.0,0.0,0.0,4.691579,67.46763,2.0,3.0,0.0,53.06443,0.0
89.0,363.1948,10.109638,157.34235,22.0,0.0,0.0,100.0,-7.0,7.0,8.0,31.18502,1.0,17.0,-7.0,0.0,0.0,0.0,-8.0,1.0,1.0,0.0,20.058422,0.0
73.0,215.89163,10.737264,115.066055,27.0,0.0,0.0,93.26888,13.538963,6.0,6.0,26.0,1.0,24.0,0.0,2.0,2.0,47.792095,33.820858,4.0,2.0,1.0,43.0,0.0
68.0,151.88843,7.684384,80.0,7.590431,1.0,1.0,76.68659,52.85349,6.0,2.4287524,7.0,1.0,13.943075,-7.0,0.0,0.0,50.95778,-8.0,3.0,1.0,0.0,80.0,0.0
73.0,94.93368,18.305351,65.55483,6.9010634,1.0,1.0,100.0,-7.0,7.0,8.0,7.85357,0.0,48.735077,0.0,1.0,1.0,9.712682,94.95936,1.0,1.1632144,0.0,80.71135,0.0
85.2519,160.81003,21.048656,85.78496,21.0,0.0,0.0,100.0,-7.0,7.0,8.0,21.0,0.0,29.239538,0.0,1.0,1.0,3.0,83.21287,2.0,2.0,0.0,60.0,0.0
89.0,302.10358,8.0,97.884995,15.0,0.0,0.0,93.0,18.626236,6.0,6.0,17.0,1.0,25.49871,-7.0,0.0,0.0,2.0,-8.0,3.0,1.0,0.0,43.0,0.0
57.670444,195.96638,1.9959781,71.0,12.0,0.0,0.0,93.333565,8.010809,5.1797557,6.0,14.0,3.0,56.55205,0.0,2.0,1.8175213,47.68418,82.0,3.0,5.0,0.0,77.312645,0.0
83.0,219.11108,21.716002,156.78621,19.0,0.0,0.0,93.0,40.000084,6.0,6.0,18.0,0.0,50.0,0.0,0.0,0.0,42.803444,-8.0,3.0,1.0,0.0,75.0,0.0
76.97254,264.022,4.0,90.0,43.288975,0.0,0.0,100.0,-7.0,7.0,8.0,60.560547,3.0,22.337135,-8.0,1.0,1.0,36.355366,-8.0,5.0,1.0,1.0,67.0,0.0
86.0,189.29485,34.471703,138.32643,18.0,0.0,0.0,91.80974,14.429818,6.0,6.0,15.048405,0.0,10.03203,-8.0,0.0,0.0,2.0,-8.0,4.0,-8.0,0.0,57.45581,0.0
79.82632,325.16052,10.0,116.31402,34.0,0.0,0.0,100.0,-7.0,7.0,8.0,38.702106,1.0,60.975048,22.377901,0.0,0.0,41.594353,83.42117,2.0,3.0,0.0,68.49181,0.0
83.58518,119.24603,3.0,68.335236,28.0,0.0,0.0,100.0,-7.0,7.0,8.0,-9.0,2.0,29.144941,21.478388,0.0,0.0,12.0,13.691485,5.0,2.0,0.0,50.0,0.0
70.0,254.60464,10.0,74.0,24.0,0.0,0.0,96.0,-7.0,6.0,6.0,22.364311,1.0,43.446075,3.0,0.0,0.0,32.0,-8.0,6.0,4.0,0.0,80.0,0.0
73.0,182.37775,2.0,79.0,49.656704,1.0,1.0,100.0,16.945244,4.0,5.482615,85.2375,2.0,28.001907,11.5757265,0.0,0.0,5.0,99.50972,3.0,2.0,0.0,44.0,0.0
85.0,262.66794,9.0,80.323875,29.0,0.0,0.0,100.0,-7.0,7.0,8.0,37.175472,0.0,32.388893,-7.0,0.0,0.0,15.0,-8.0,2.0,1.0,0.0,23.255486,0.0
88.0,217.21457,18.493656,124.74535,12.0,0.0,0.0,100.0,-7.0,7.0,8.0,10.361878,0.0,27.699377,0.0,0.0,0.0,1.0,-8.0,1.0,1.0,0.0,29.419939,0.0
75.0,287.36328,2.0,81.99812,21.0,0.0,0.0,100.0,-7.0,7.0,8.0,22.028444,2.2380714,30.0,-7.118644,0.0,0.0,39.969227,94.70982,4.0,4.0,2.0,75.0,0.0
76.0,147.01906,4.0,52.279686,12.0,0.0,0.0,100.0,-7.0,7.0,8.0,14.0,3.0,32.0,-7.0,0.0,0.0,52.36509,74.933754,4.0,1.0,1.0,85.05545,0.0
72.19059,356.4071,18.653849,130.41685,26.001822,0.0,0.0,100.0,-7.0,7.0,8.0,22.881432,0.0,24.0,0.0,3.0,2.0,40.977337,-8.0,5.0,3.0,3.0,60.0,0.0
82.0,369.5252,15.0,115.64573,26.734518,0.0,0.0,100.0,-7.0,7.0,8.0,34.0,1.0,10.668801,-7.0,0.0,0.0,8.0,64.58049,7.0,1.0,0.0,87.74182,0.0
89.0,145.04134,36.731503,145.56631,10.0,0.0,0.0,100.0,-7.0,7.0,8.0,10.069849,0.0,35.95208,-8.0,0.0,0.0,18.459028,-8.0,1.0,1.0,0.0,40.0,0.0
69.0,310.28116,17.689108,95.632614,29.0,0.0,0.0,95.27441,17.93667,6.0,6.0,21.080904,0.0,26.290825,5.8652864,0.0,0.0,35.39458,-8.0,6.0,2.0,2.0,56.0,0.0
85.0,153.35747,6.4610133,77.1268,28.0,0.0,0.0,100.0,-7.0,7.0,8.0,29.0,1.0,40.836773,0.0,0.0,0.0,18.0,42.693413,5.0,1.0,0.0,84.20742,0.0
60.37457,408.6277,2.0,93.0,24.0,2.0,0.0,86.248695,9.532387,4.0,2.0,28.0,3.0,21.61616,0.0,0.0,0.0,22.987051,62.62938,4.0,2.0,2.0,60.0,0.0
70.0,308.78513,8.0,119.15825,41.85236,0.0,0.0,94.0,55.426178,6.0,6.0,47.401768,1.0,16.864641,0.0,2.0,1.0707521,40.98287,-8.0,6.0,2.0,0.0,80.0,0.0
80.0,264.2536,4.0,110.739265,26.977451,0.0,0.0,93.02083,36.573605,6.0,6.0,30.0,1.0,22.33135,8.708637,0.0,0.0,8.021867,-8.0,5.0,1.0,0.0,50.0,0.0
74.0,217.16853,5.00961,129.62735,18.0,0.0,0.0,100.0,-7.0,7.0,8.0,15.0,1.0,27.0,4.0,1.0,1.0,60.888813,96.47803,11.0,2.6328847,1.0,100.0,0.0
60.24985,331.03128,16.872105,97.0,42.07844,1.0,0.0,87.52155,14.664739,6.0,3.2648063,46.119545,0.0,24.0,0.0,0.0,0.0,94.71149,-8.0,5.0,2.0,10.040833,67.0,0.0
67.70299,236.18074,16.0,76.0,18.0,1.0,1.0,85.416695,15.175789,5.0,3.1705174,20.396032,0.0,24.0,-7.0,0.0,0.0,40.46956,49.198986,5.0,3.0,1.0,75.0,0.0
72.01871,-2.5963488,2.0,6.0974703,13.0,0.0,0.0,96.0,76.01284,6.0,6.0,12.0,3.0,35.0,0.0,2.0,2.0,37.684235,66.10015,2.0,1.0,0.0,64.0,0.0
84.0,247.7775,13.0,136.5755,36.0,0.0,0.0,100.0,-7.0,7.0,8.0,34.0,0.0,45.0,8.615662,0.0,0.0,22.940008,64.89537,4.0,2.0,1.0,83.0,0.0
66.0,259.00018,2.0,68.49017,73.80046,0.0,0.0,100.0,-7.0,7.0,8.0,94.6205,10.707223,35.644516,0.0,2.0,1.2359321,43.24465,76.0,11.0,6.0,2.0,67.0,0.0
73.0,259.88638,3.0,111.83584,35.67355,0.0,0.0,92.75912,-9.0,6.0,6.0,38.57459,2.0,16.62612,0.0,1.0,1.0,38.215664,99.13084,9.0,3.0,4.828423,77.313255,0.0
84.0,176.00677,6.0659947,74.85875,28.0,0.0,0.0,100.0,-7.0,7.0,8.0,29.0,3.0,44.587376,0.0,1.0,1.0,3.0,88.84744,2.0,2.0,0.0,60.0,0.0
67.98235,196.56868,13.496192,94.10564,21.160633,1.0,1.0,86.11845,3.0,3.76698,6.0,34.0,0.0,40.6964,-8.1111965,0.0,0.0,6.0,-8.0,3.0,-8.0,0.0,44.0,0.0
87.0,131.05467,10.0,72.355934,38.383656,0.0,0.0,100.0,-7.0,7.0,8.0,47.893944,1.0,27.0,0.0,0.0,0.0,6.0,45.540493,1.0,3.0,0.0,56.0,0.0
71.0,354.4926,5.0,94.0,39.0,0.0,0.0,100.0,-7.0,7.0,8.0,41.097084,1.0,31.924538,0.0,1.0,1.0,76.83849,34.975826,22.431335,3.0,7.7271748,100.0,0.0
79.47268,161.49762,10.0,63.669918,50.83877,0.0,0.0,100.0,-7.0,7.0,8.0,91.294495,2.0,42.426258,0.0,2.0,2.0,21.066298,83.16938,4.0,14.970382,0.0,58.754654,0.0
91.0,225.76897,2.0,85.57896,13.0,0.0,0.0,100.0,-7.0,7.0,8.0,13.0,1.0,23.0,3.9838705,1.0,0.7126806,2.0,100.0,-6.5808787,1.0,0.0,20.635443,0.0
-9.0,-9.0,-9.0,-9.0,-9.0,-9.0,-9.0,-9.0,-9.0,-9.0,-9.0,-9.0,-9.0,-9.0,-9.0,-9.0,-9.0,-9.0,-9.0,-9.0,-9.0,-9.0,-9.0,0.0
84.0,173.62422,4.0,68.0,32.0,0.0,0.0,100.0,-7.0,7.0,8.0,46.84165,3.0,40.635147,5.0,0.0,0.0,12.550007,67.576805,2.0,4.0,0.0,80.0,0.0
71.0,190.00903,9.0,71.38059,18.025011,0.0,0.0,100.0,-7.0,7.0,8.0,19.183725,0.0,45.24404,-7.0,0.0,0.0,34.332687,-8.0,3.0,1.0,1.0,100.0,0.0
81.0,280.54623,8.0,149.67186,15.0,0.0,0.0,100.0,-7.0,7.0,8.0,16.0,1.0,13.423522,0.0,1.0,1.0,35.66367,-8.0,4.0,1.0,1.0,84.22504,0.0
83.24424,191.4641,7.0,80.75465,20.0,0.0,0.0,100.0,-7.0,7.0,8.0,18.0,1.0,33.0,5.0,1.8678005,1.0,22.970675,47.524532,1.0,4.0,0.0,47.893677,0.0
87.0,308.82275,11.0,96.43794,26.0,0.0,0.0,100.0,-7.0,7.0,8.0,28.000202,1.0,34.234955,4.0,0.0,0.0,0.0,92.91989,0.0,2.0,0.0,27.88551,0.0
89.0,339.60474,27.856884,132.57436,12.0,0.0,0.0,100.0,-7.0,7.0,8.0,10.0,0.0,22.707657,-8.0,0.0,0.0,13.463146,-8.0,4.0,1.0,0.0,67.0,0.0
85.0,196.38524,1.0,80.0,15.0,0.0,0.0,100.0,-7.0,7.0,8.0,13.0,2.0,19.0,0.0,1.0,0.0,9.356116,-8.0,2.0,1.0,0.0,41.183388,0.0
66.0,177.55067,10.0,77.65929,26.356495,1.0,1.0,100.0,-7.0,6.0,8.0,30.0,0.0,22.008575,11.584678,1.0,0.0,60.952034,28.428272,5.0,2.0,2.0,50.0,0.0
70.0,184.0316,16.55323,95.43877,14.0,3.3519554,0.0,85.55986,22.274118,6.0,4.0,19.0,1.0,16.321117,12.345682,0.0,0.0,55.455635,-8.0,3.0,1.0,1.0,75.0,0.0
89.0,368.47028,11.0,103.44854,12.0,0.0,0.0,100.0,-7.0,7.0,8.0,12.349397,1.0,40.134327,0.0,0.0,0.0,6.0,-8.0,1.0,1.0,0.0,50.0,0.0
89.0,164.61327,2.0,95.05826,18.0,0.0,0.0,100.0,-7.0,7.0,8.0,17.607752,1.0,39.0,0.0,0.0,0.0,12.745358,71.22012,2.0,3.0,0.0,75.0,0.0
82.17753,299.07654,12.0,90.0,24.0,0.0,0.0,100.0,-7.0,7.0,8.0,23.050142,0.0,35.387043,-7.0,0.0,0.0,34.278053,-8.0,3.0,2.0,1.0,65.627945,0.0
83.03573,111.3648,7.0,47.13295,14.0,0.0,0.0,100.0,-7.0,7.0,8.0,15.0,2.0,53.04539,0.0,2.069149,2.0,0.0,-8.0,2.0,2.0,0.0,60.0,0.0
81.27695,146.46286,-9.0,103.90366,-9.0,0.0,0.0,100.0,-7.0,7.0,8.0,7.0,2.0,16.511984,0.0,1.0,1.0,32.0,99.53396,4.0,1.0,0.0,87.76385,0.0
64.0,-9.0,9.0,35.990242,12.471148,0.0,0.0,82.85912,20.671068,6.0,6.0,4.272308,1.0,45.0,0.0,1.0,1.0,21.0,-8.0,2.0,1.0,0.0,57.52256,0.0
87.66136,239.48433,6.0,125.81063,30.0,0.0,0.0,100.0,-7.0,7.0,8.0,31.0,1.0,52.804703,-7.0,0.0,0.0,22.956186,58.784454,3.0,3.0,0.0,70.0,0.0
68.0,310.61768,3.0,93.21042,42.84739,0.0,0.0,100.0,-7.0,7.0,8.0,45.951614,2.0,21.544758,5.5569725,0.0,0.0,30.280157,99.56321,11.0,2.0,1.0,60.0,0.0
75.1915,307.4803,17.0,102.125824,15.0,0.0,0.0,95.0,29.999147,6.0,6.0,14.0,0.0,36.0,8.0,0.0,0.0,16.0,44.33514,2.0,4.0,0.0,75.0,0.0
59.869274,205.21304,5.0,72.074615,27.714392,4.7128735,1.0,77.76007,4.8111887,4.0,1.5817332,30.0,6.0,38.694202,0.0,1.0,1.0,15.71981,-8.0,3.0,2.0,2.0,33.0,0.0
77.542015,137.11772,11.0,97.74882,18.0,0.0,0.0,100.0,-7.0,7.0,8.0,19.0,1.0,21.0,10.545636,1.0,1.0,59.76387,-8.0,1.0,1.0,1.0,42.72813,0.0
74.0,163.92223,3.0,75.0,36.0,0.0,0.0,95.0,30.229801,6.0,6.0,55.16527,4.0,29.0,0.0,2.0,2.0,15.0,66.75876,3.0,5.0,0.0,50.0,0.0
82.27792,-9.0,2.0,67.0,17.0,0.0,0.0,100.0,-7.0,7.0,8.0,5.074786,2.0,27.0,-8.0,1.0,1.0,5.6475997,45.69838,2.0,2.0,0.0,56.0,0.0
83.0,152.91856,9.0,60.281788,7.0,0.0,0.0,100.0,-7.0,7.0,8.0,9.0,1.8160256,48.965935,-7.0,0.0,0.0,22.964437,-8.0,1.0,1.0,0.0,60.0,0.0
77.47235,80.248985,4.0,45.19766,10.107337,0.0,0.0,86.137596,16.022257,6.0,5.851763,11.14239,2.0,74.9729,-7.0,0.0,0.0,0.0,85.20949,1.0,3.0,0.0,80.0,0.0
84.0,170.10294,9.0,96.81518,19.0,0.0,0.0,100.0,-7.0,7.0,8.0,21.0,0.0,27.0,-8.0,0.0,0.0,25.0,79.5482,3.0,2.0,0.0,70.0,0.0
74.0,295.43317,33.351456,126.07114,10.0,1.0,1.0,100.0,-7.0,7.0,8.0,15.0,0.0,59.050426,5.7328844,0.0,0.0,9.0,-8.0,3.0,1.0,0.0,100.0,0.0
84.0,464.31723,35.46633,100.0,17.0,0.0,0.0,94.0,59.53571,6.0,5.322611,14.0,0.0,35.172306,-7.0,0.0,0.0,0.97855777,-8.0,1.0,-8.0,0.0,-9.0,0.0
68.99779,203.12267,2.0,103.89698,12.0,1.0,1.5604333,93.25472,38.508812,4.0,5.0,17.820982,2.0,44.750034,0.0,1.0,1.0,9.0,82.65756,4.0,2.0,0.0,80.0,0.0
88.49695,76.11229,31.6626,83.0,8.521724,0.0,0.0,100.0,-7.0,7.0,8.0,6.134203,0.0,53.28196,-7.0,0.0,0.0,1.0,-8.0,2.0,1.0,0.0,50.0,0.0
70.0,160.95963,2.0,87.124825,18.583647,0.0,0.0,82.31903,23.304802,6.0,6.0,19.0,3.0,30.0,0.0,2.0,1.0,16.0,-8.0,3.0,1.0,-9.0,70.0,0.0
81.0,141.77481,3.0,73.531624,40.14536,0.0,0.0,98.0,62.09834,6.0,6.0,50.391727,3.0,20.0,8.320928,0.0,0.0,16.0,-8.0,2.0,2.0,0.0,44.0,0.0
71.0,224.75732,3.0,83.51135,29.0,0.0,0.0,100.0,-7.0,7.0,8.0,27.0,1.0,57.64356,-7.0,0.0,0.0,38.676945,79.698364,8.447638,4.0,3.0,82.115036,0.0
85.0,162.18211,6.0,69.5072,15.0,0.0,0.0,100.0,-7.0,7.0,8.0,15.0,1.8805165,59.28234,0.5829731,1.0,1.0,7.0,92.07122,2.0,2.0,0.0,50.0,0.0
78.0,334.35446,2.0,72.0,51.541206,0.0,0.0,100.0,-7.0,7.0,8.0,54.234592,5.0,57.43749,1.0,4.0,4.0,56.29812,100.0,6.0,12.122064,3.0,100.0,0.0
81.0,234.70377,21.13823,158.37408,21.0,0.0,0.0,100.0,-7.0,7.0,8.0,17.02611,0.0,36.158665,1.0,0.0,0.0,36.12792,82.0,4.0,1.0,0.0,87.288826,0.0
87.0,366.14893,17.0,104.78488,25.0,0.0,0.0,100.0,-7.0,7.0,8.0,26.650698,0.0,32.0,1.0,0.0,0.0,0.0,71.40233,2.0,3.0,0.0,50.0,0.0
80.0,18.309908,3.0,45.93542,13.0,0.0,0.0,100.0,-7.0,7.0,8.0,14.0,3.0,19.0,-7.7228203,2.0,2.0,40.93072,-8.0,2.0,1.0,0.0,43.0,0.0
90.14285,348.2462,59.70056,156.11131,13.0,0.0,0.0,100.0,-7.0,7.0,8.0,14.0,0.0,-9.0,-7.0,0.0,0.0,3.0,-8.0,2.0,-8.8477,0.0,20.953466,0.0
68.0,174.81221,15.0,75.87798,17.0,2.0,2.0,90.0,22.192726,5.1587834,6.0,18.0,1.0,67.43789,0.0,1.0,1.0,62.5447,53.256496,1.0,2.0,0.0,80.0,0.0
86.0,233.73738,15.0,118.24639,21.0,0.0,0.0,100.0,-7.0,7.0,8.0,23.0,0.0,25.0,-7.0,0.0,0.0,3.9341345,-8.0,1.0,1.0,0.0,38.0,0.0
77.0,213.96455,7.0,69.88167,25.0,1.0,0.0,87.663635,70.685104,6.0,5.0,27.0,2.0,52.80737,0.0,0.0,0.0,6.2165117,76.0,2.0,3.0,0.0,57.61029,0.0
75.0,125.064705,4.0,74.02769,12.0,0.0,0.0,96.43935,10.780362,6.0,6.0,11.0,3.0,44.0,-7.6837254,0.0,0.0,0.0,80.0,1.0,2.0,0.0,82.33518,0.0
71.78465,169.57297,11.0,87.44413,19.0,0.0,0.0,88.04819,22.68292,6.0,6.0,22.0,2.0,38.81647,-7.613478,0.0,0.0,48.805855,-8.0,4.7423635,1.0,2.0,58.384804,0.0
86.0,282.31995,2.0,85.49454,23.0,0.0,0.0,100.0,-7.0,7.0,8.0,26.0,1.0,26.015614,0.0,1.0,1.0,6.304413,-8.0,4.374551,1.0,0.0,50.0,0.0
87.0,355.42667,11.0,103.95821,20.0,0.0,0.0,100.0,-7.0,7.0,8.0,19.0,0.0,36.0,6.0,0.0,0.0,22.177559,90.7769,1.0,2.7787259,0.0,67.0,0.0
74.0,194.85184,22.148783,97.47371,17.0,1.0,0.0,95.03856,47.635647,6.0,5.0,17.0,0.0,22.0,0.0,1.0,1.0,17.851524,-8.0,6.0,1.0,2.0,50.0,0.0
81.0,191.27852,2.0,61.0,23.813738,0.0,0.0,100.0,-7.0,7.0,8.0,28.0,3.0,39.49613,0.0,2.704072,2.0,0.0,59.60832,3.0,6.0,0.0,90.4198,0.0
76.0,277.64752,3.0,90.0,17.0,0.0,0.0,100.0,-7.0,7.0,8.0,18.0,2.0,52.33148,6.0,0.0,0.0,32.0,66.751656,1.0,1.0,0.0,44.509296,0.0
85.0,249.72667,2.0,69.66664,33.0,0.0,0.0,100.0,-7.0,7.0,8.0,32.0,5.0,40.038464,9.44144,1.0,1.0,7.0,68.74516,2.0,2.0,0.0,37.61084,0.0
89.23338,189.55534,3.0,103.51905,49.233612,0.0,0.0,100.0,-7.0,7.0,8.0,69.02569,6.0,42.0,-8.0,0.0,0.0,2.0,95.565384,5.0,2.0,0.0,42.68453,0.0
81.0,142.4537,4.0,75.0,22.75847,0.0,0.0,100.0,-7.0,7.0,8.0,27.555315,4.0,34.713455,-7.0,1.0,1.0,17.280893,75.94814,6.2545533,3.0,0.0,67.0,0.0
84.0,348.05893,3.0,94.74255,23.0,0.0,0.0,96.0,12.642447,6.0,6.0,29.0,5.364467,67.26191,2.2371776,2.0,1.0,0.5801683,71.29252,2.0,2.0,0.0,74.32015,0.0
79.0,207.00613,1.0,100.01752,43.201317,0.0,0.0,95.77891,7.8528204,6.0,6.0,55.232872,1.0,20.0,0.0,0.0,0.0,8.747098,-8.0,5.0,1.0,0.0,44.0,0.0
69.0,113.77752,7.7033424,69.51359,16.0,0.0,0.0,83.69299,3.0,5.0,6.0,13.84223,1.7749738,17.0,5.0,0.0,0.0,10.281792,51.626736,3.0,2.0,0.0,60.0,0.0
70.583305,228.41867,15.921023,109.535095,25.0,2.0,2.568659,94.0,32.545456,6.0,5.0,16.0,0.0,41.0,23.258308,0.0,0.0,40.27196,47.86104,2.0,3.0,0.0,88.651306,0.0
88.40648,236.94669,15.0,78.242035,5.2955356,0.0,0.0,100.0,-7.0,7.0,8.0,4.6961036,0.0,15.661199,-8.0,0.0,0.0,3.0,-8.0,3.0,2.0,0.0,96.2119,0.0
73.0,142.9292,7.0,67.50323,21.0,0.0,0.0,90.0,40.625175,6.0,6.0,4.182923,2.0,22.28236,0.0,0.0,0.0,46.934155,-8.0,4.0,1.0,0.0,50.0,0.0
68.84024,-9.0,5.0,-9.0,6.0,0.0,0.0,100.0,-7.0,7.0,8.0,9.0,2.0,58.111088,0.0,2.0,2.0,40.92425,82.0,1.0,2.0,0.0,50.0,0.0
87.0,418.74756,33.602398,116.69486,15.0,0.0,0.0,100.0,-7.0,7.0,8.0,14.0,0.0,17.0,-8.0,0.0,0.0,18.564568,-8.0,2.0,1.0,0.0,76.49974,0.0
86.0,216.1653,4.0,75.0,45.323406,0.0,0.0,100.0,-7.0,0.9548372,5.6120825,48.30273,6.3344584,33.0,2.0,1.1108984,1.0,14.261753,94.27737,9.0,6.050323,0.0,64.03343,0.0
75.0,139.95203,30.470251,82.64585,13.0,0.0,0.0,100.0,-7.0,7.0,8.0,11.0,0.0,17.57855,-7.0,1.0,1.0,44.83717,-8.0,4.0,1.0,0.0,71.62974,0.0
79.0,187.92708,1.2443769,77.0,23.0,0.0,0.0,100.0,-7.0,6.0,8.0,23.0,1.3590848,14.169364,4.0,0.0,0.0,10.0,-8.0,9.0,1.0,0.0,57.0,0.0
73.0,308.71353,12.0,110.859,21.0,1.2717673,0.0,90.0,18.81221,6.0,4.0,21.0,0.0,54.43749,11.726985,0.0,0.0,14.247496,53.143646,4.0,4.0,0.0,75.0,0.0
66.0,136.99065,3.0,64.570496,25.0,1.0,1.0,93.0,4.5515294,4.0,6.0,37.0,1.0,51.721054,0.0,3.0,2.0,11.0,11.453968,2.0,2.0,-9.0,56.0,0.0
78.0,17.597178,1.0,83.911606,31.510422,0.0,0.0,97.95624,81.53033,6.0,6.0,29.436335,1.0,36.0,-7.0,0.0,0.0,24.465014,76.61829,5.0,3.0,0.0,71.907936,0.0
-9.0,-9.0,-9.0,-9.0,-9.0,-9.0,-9.0,-9.0,-9.0,-9.0,-9.0,-9.0,-9.0,-9.0,-9.0,-9.0,-9.0,-9.0,-9.0,-9.0,-9.0,-9.0,-9.0,0.0
85.0,288.4696,23.677444,119.91239,17.0,0.0,0.0,100.0,-7.0,7.0,8.0,17.0,0.0,23.0,0.0,1.0,1.0,0.0,-8.0,3.2898302,1.0,0.0,38.0,0.0
65.84306,158.70833,9.0,77.0,12.0,4.0553756,7.1787405,88.0,41.189693,4.5360665,-9.0,15.0,1.0,40.09698,-7.730486,2.0,2.0,16.0,-8.0,2.0,2.0,0.0,71.0,0.0
84.0,249.25018,31.610758,120.75765,8.986011,0.0,0.0,100.0,-7.0,7.0,8.0,9.0,0.0,39.39879,0.0,0.0,0.0,40.931767,-8.0,3.0,1.0,0.0,100.0,0.0
81.0,376.09827,8.0,97.0,37.278847,0.0,0.0,100.0,-7.0,7.0,8.0,35.0,1.0,44.66225,0.0,1.0,1.0,24.508154,54.959866,3.0,3.0,0.0,63.0,0.0
80.0,206.16643,8.0,74.0,12.0,0.0,0.0,100.0,-7.0,7.0,8.0,15.0,1.0,50.0,6.0,0.0,0.0,9.0,-8.0,2.0,2.0,0.0,70.0,0.0
57.899986,296.21765,9.0,147.19452,22.0,2.8559003,0.0,83.54467,2.0,0.0,4.0,24.0,3.0,33.0,0.0,1.0,1.0,21.28456,-8.0,4.0,1.0,0.0,50.0,0.0
89.0,296.42972,35.552967,123.50648,15.0,0.0,0.0,95.0,54.583435,6.0,5.0,18.0,0.0,14.0,-8.0,0.0,0.0,0.0,-8.0,1.0,1.0,0.0,25.492538,0.0
79.0,168.15573,8.0,72.0,36.005413,0.0,0.0,100.0,-7.0,7.0,8.0,43.405174,0.0,35.51709,0.0,1.0,1.9316926,23.764233,79.69986,2.0,4.0,0.0,86.19532,0.0
66.0,180.95209,3.0,67.50673,27.0,2.0,1.0,86.55828,31.12767,6.0,2.0,22.0,5.362598,42.858776,0.0,4.4328012,4.0,31.02824,-8.0,5.0,3.0,1.0,70.0,0.0
86.0,203.7898,4.0,87.23546,13.0,0.0,0.0,100.0,-7.0,7.0,8.0,13.0,2.0,-9.0,-8.0,0.0,0.0,1.0,-8.0,2.0,-8.0,0.0,23.675207,0.0
71.0,202.1797,6.0,89.47293,34.309742,1.0,0.0,93.0,22.515205,6.0,2.0,38.0,2.0,37.0,12.0,0.0,0.0,22.928738,-8.0,6.0,1.0,0.0,80.0,0.0
77.0,195.56319,15.0,78.86596,23.0,0.0,0.0,100.0,-7.0,7.0,8.0,22.279385,0.0,39.0,-7.0,0.0,0.0,15.579273,32.36218,4.0,2.0,0.0,75.0,0.0
74.182,106.17845,3.0,53.117565,14.37932,0.0,0.0,100.0,-7.0,7.0,8.0,17.0,3.0,30.0,0.0,2.0,2.0,6.886128,100.0,2.0,2.0,1.0,32.90547,0.0
86.28923,168.6459,8.0,114.197624,11.367497,0.0,0.0,100.0,-7.0,7.0,8.0,11.0,1.0,61.356773,0.0,3.0,2.0,0.0,-8.0,1.0,1.0,0.0,40.0,0.0
72.0,383.45282,2.0,174.9635,23.0,0.0,0.0,100.0,-7.0,7.0,8.0,24.0,2.0,15.698119,0.0,3.0,3.0,49.165836,-8.0,7.0,-2.4051845,1.0,100.0,0.0
80.0,304.01263,4.0,74.55695,41.62413,0.0,0.0,100.0,-7.0,7.0,8.0,37.356464,4.0,13.229488,0.0,2.2464614,2.0,2.0,-8.0,3.0,2.0,0.0,26.99569,0.0
87.87805,291.1513,41.713997,99.58677,-9.0,0.0,0.0,100.0,-7.0,7.0,8.0,7.695517,0.0,11.0,3.0,1.0,1.0,0.0,-8.0,1.0,1.0,0.0,63.392006,0.0
87.0,169.75139,10.0,74.0,16.0,0.0,0.0,100.0,-7.0,7.0,8.0,16.0,1.0,16.66386,0.0,0.0,0.0,10.578027,-8.0,5.0,1.0,0.0,47.8385,0.0
73.0,173.02158,2.0,72.554855,35.06895,0.0,0.0,99.375175,80.10956,6.0,6.0,34.39208,3.0,36.0,0.0,2.0,2.0,46.424423,96.304955,8.3257885,2.0,0.0,71.0,0.0
75.767746,177.00546,17.0,96.406334,32.0,0.0,0.0,100.0,-7.0,7.0,8.0,29.0,0.0,42.0,12.0,0.0,0.0,32.0,50.570698,5.0,4.0,1.0,75.0,0.0
75.0,374.09244,6.0,147.6508,20.0,0.0,0.0,100.0,-7.0,7.0,8.0,21.758337,2.0,33.0,-7.0,0.0,0.0,32.0,53.673717,5.0,5.0,3.0,64.0,0.0
59.30444,-8.0,3.0,52.180332,27.661919,0.0,0.0,100.0,-7.0,7.0,8.0,22.0,2.0,21.0,0.0,4.0,3.6804807,62.105896,97.79031,9.185263,2.0,2.0,64.0,0.0
-9.0,-9.0,-9.0,-9.0,-9.0,-9.0,-9.0,-9.0,-9.0,-9.0,-9.0,-9.0,-9.0,-9.0,-9.0,-9.0,-9.0,-9.0,-9.0,-9.0,-9.0,-9.0,-9.0,0.0
82.0,164.87044,10.0,75.0,21.0,0.0,0.0,100.0,-7.0,7.0,8.0,28.321112,0.23594852,27.0,0.0,1.0,1.0,28.0,88.161674,2.0,4.0,0.0,67.0,0.0
62.0,135.06392,13.32356,60.41974,10.0,0.0,0.0,84.19284,-7.0,-9.0,6.0,11.0,1.0,46.0,-7.0,0.0,0.0,56.937214,41.979275,3.0,3.8007917,2.0,100.0,0.0
72.0,118.76121,11.287239,53.76573,16.0,0.0,0.0,100.0,-7.0,7.0,8.0,17.0,0.18524003,57.352688,0.0,2.0,2.0,32.0,76.0,3.0,3.0,0.0,87.435005,0.0
84.0,173.03688,17.066896,82.94215,20.0,0.0,0.0,100.0,-7.0,7.0,8.0,18.0,0.0,22.776928,0.0,0.0,0.0,15.0,38.294632,3.0,2.0,0.0,47.565807,0.0
89.0,386.95474,55.129677,133.85661,14.0,0.0,0.0,100.0,-7.0,7.0,8.0,12.0,0.0,25.0,-8.0,0.0,0.0,1.0,-8.0,2.0,1.0,0.0,33.0,0.0
63.0,111.459595,11.0,75.85447,12.0,2.5601096,0.0,78.952866,15.8022175,6.0,2.6084023,15.476515,1.0,35.0,0.0,1.0,1.0,60.830406,73.61513,4.0,2.0,0.0,100.0,0.0
85.0,355.8368,11.0,153.5829,10.35615,0.0,0.0,100.0,-7.0,7.0,8.0,11.0,0.0,33.0,0.0,0.0,0.0,36.0,23.360472,2.0,2.0,0.0,85.10674,0.0
73.44704,207.78671,2.0,64.27252,68.63804,0.0,0.0,100.0,-7.0,4.0,8.0,79.46504,10.888173,50.0,0.0,2.8213463,2.0,12.0,89.88539,7.0,19.476076,1.0,60.0,0.0
89.0,392.64478,8.0,103.50827,14.0,0.0,0.0,100.0,-7.0,7.0,8.0,14.0,0.0,34.58626,0.0,0.0,0.0,17.0,-8.0,2.0,1.0,0.0,40.38693,0.0
85.0,276.8155,4.0,79.0,32.660694,0.0,0.0,100.0,-7.0,7.0,8.0,46.755524,1.0,16.0,7.0,1.0,1.0,2.0,-8.0,1.0,1.0,0.0,14.187902,0.0
56.55217,91.49935,14.267296,53.959488,10.0,1.0,0.0,84.37678,17.738472,6.0,6.0,9.0,0.0,61.126446,6.503295,1.0,1.0,0.0,58.893784,1.0,1.0,-3.4020302,100.0,0.0
79.0,308.51517,3.0,75.68605,23.0,0.0,0.0,100.0,-7.0,7.0,8.0,25.0,2.0,39.51389,0.42860585,1.0,1.0,31.553688,89.40453,2.0,4.0,1.0,78.0,0.0
88.0,425.99918,6.0,92.62331,12.0,0.0,0.0,100.0,-7.0,7.0,8.0,8.0,4.0,64.322876,-8.0,0.0,0.0,9.43196,83.88698,2.0,3.0,0.0,100.0,0.0
82.0,184.86203,13.456421,88.76489,30.0,0.0,0.0,100.0,4.6144943,6.0,6.0,24.0,0.0,39.0,-0.8750635,0.77614534,1.0,5.0,46.75809,4.0,4.0,0.0,54.45566,0.0
84.0,208.82175,2.0,88.10756,38.63787,0.0,0.0,100.0,-7.0,6.0,8.0,37.0,2.0,29.0,-7.0,0.0,0.0,11.0,60.358227,4.0,3.0,0.0,44.0,0.0
-9.0,-9.0,-9.0,-9.0,-9.0,-9.0,-9.0,-9.0,-9.0,-9.0,-9.0,-9.0,-9.0,-9.0,-9.0,-9.0,-9.0,-9.0,-9.0,-9.0,-9.0,-9.0,-9.0,0.0
72.0,142.78522,1.0,39.404938,14.497429,0.0,0.0,100.0,-7.0,7.0,8.0,6.060515,5.0,53.497307,-7.0,5.7172685,5.0578237,38.095287,60.152313,3.0,4.0,0.0,80.0,0.0
91.10935,120.37563,4.0,133.39075,31.350204,0.0,0.0,100.0,-7.0,7.0,8.0,0.089324184,1.0,58.345676,1.0,2.0,2.0,0.77877706,-8.0,2.0,3.0,0.0,46.02842,0.0
81.0,198.22095,2.0,47.100807,26.750277,0.0,0.0,96.0,59.822094,6.0,6.0,28.0,6.0,36.280342,0.0,0.0,0.0,7.7105994,89.153564,3.0,2.0,0.0,43.0,0.0
74.0,177.1723,2.0,75.774536,22.0,1.0,0.0,92.0,15.881446,6.0,4.709581,24.0,1.0,35.0,0.0,2.0,2.0,16.0,52.372456,3.0,4.0,0.0,73.0,0.0
-9.0,-9.0,-9.0,-9.0,-9.0,-9.0,-9.0,-9.0,-9.0,-9.0,-9.0,-9.0,-9.0,-9.0,-9.0,-9.0,-9.0,-9.0,-9.0,-9.0,-9.0,-9.0,-9.0,0.0
75.0,233.17111,8.0,78.8631,23.0,0.0,0.0,97.0,-7.0,0.27111298,6.0,26.0,1.0,23.0,-7.0,0.0,0.0,7.0,-8.0,2.0,-8.0,0.0,34.56459,0.0
74.0,260.21576,5.0,119.42332,12.0,2.4173634,2.0,87.57353,9.376965,2.6373553,3.6607194,13.0,1.0,45.698174,1.0,1.0,1.0,1.0,48.42239,1.0,2.0,0.0,56.738308,0.0
86.14196,165.19597,19.881126,88.92216,31.92884,0.0,0.0,100.0,-7.0,7.0,8.0,31.0,0.0,34.653038,0.0,2.0,1.0,12.0,-8.0,3.0,3.0,0.0,43.0,0.0
-9.0,-9.0,-9.0,-9.0,-9.0,-9.0,-9.0,-9.0,-9.0,-9.0,-9.0,-9.0,-9.0,-9.0,-9.0,-9.0,-9.0,-9.0,-9.0,-9.0,-9.0,-9.0,-9.0,0.0
91.0,365.2229,4.0,130.11955,24.0,0.0,0.0,100.0,-7.0,7.0,8.0,26.0,2.0,23.0,0.0,0.0,0.0,0.7633955,-8.0,1.0,1.0,0.0,33.0,0.0
81.47344,204.0284,4.5911794,74.73588,24.206648,0.0,0.0,100.0,-7.0,7.0,8.0,29.055334,1.0,29.0,0.0,1.0,1.0,23.641626,-8.0,2.0,2.0,0.0,37.31,0.0
85.0,303.66788,18.975754,97.0,39.0,0.0,0.0,100.0,-7.0,7.0,8.0,47.392765,0.0,53.463276,2.0,0.0,0.0,1.0,96.09015,1.0,2.0,0.0,67.0,0.0
76.0,15.51216,3.0,52.93883,16.0,0.0,0.0,100.0,-7.0,7.0,8.0,14.7644825,4.454486,15.0,0.0,4.0,4.0,46.586838,-8.0,4.0,-8.0,0.0,60.0,0.0
-9.0,-9.0,-9.0,-9.0,-9.0,-9.0,-9.0,-9.0,-9.0,-9.0,-9.0,-9.0,-9.0,-9.0,-9.0,-9.0,-9.0,-9.0,-9.0,-9.0,-9.0,-9.0,-9.0,0.0
67.482956,391.40314,5.0,108.48727,23.0,1.0,0.0,84.71118,25.905825,5.0,2.7755554,25.55223,1.0,11.345579,0.0,5.0,4.6586146,33.938587,29.870401,11.0,2.0,3.1712801,67.77539,0.0
-9.0,-9.0,-9.0,-9.0,-9.0,-9.0,-9.0,-9.0,-9.0,-9.0,-9.0,-9.0,-9.0,-9.0,-9.0,-9.0,-9.0,-9.0,-9.0,-9.0,-9.0,-9.0,-9.0,0.0
72.0,335.30975,5.0,142.89703,44.339035,2.5654225,2.0,90.0,13.16898,6.0,-9.0,52.61116,1.0,22.0,0.0,2.0,2.0,9.0,53.922134,4.0,2.0,0.0,25.810686,0.0
-9.0,-9.0,-9.0,-9.0,-9.0,-9.0,-9.0,-9.0,-9.0,-9.0,-9.0,-9.0,-9.0,-9.0,-9.0,-9.0,-9.0,-9.0,-9.0,-9.0,-9.0,-9.0,-9.0,0.0
63.579586,181.342,9.618667,86.15656,10.0,1.0,1.0,63.354713,13.132324,5.4946637,4.1851463,8.0,1.0,14.0,3.0,4.0,4.0,28.0,-8.0,1.0,-8.0,0.0,46.389023,0.0
70.77842,304.7621,2.0,83.0,38.01883,1.0,1.0,100.0,-7.0,7.0,8.0,37.524834,2.0,17.792673,0.0,0.0,0.0,42.69519,-8.0,3.0,1.0,0.0,33.0,0.0
75.0,143.75824,24.193224,69.504036,17.0,0.0,0.0,100.0,-7.0,7.0,8.0,13.238925,0.0,29.0,0.0,2.0,1.0,0.0,-8.0,1.0,1.0,0.0,14.20898,0.0
68.0,286.58313,7.348671,88.08708,18.0,0.0,0.0,93.0,17.88424,6.0,6.0,20.0,1.0,33.0,0.0,0.0,0.0,71.76136,12.840376,4.0,2.0,2.0,71.0,0.0
90.0,292.1209,12.0,116.57387,18.0,0.0,0.0,100.0,-7.0,7.0,8.0,19.0,0.0,25.0,-8.0,0.0,0.0,0.0,94.819885,1.0,2.0,0.0,30.018324,0.0
82.0,167.27887,8.0,115.77113,27.0,0.0,0.0,100.0,-7.0,7.0,8.0,27.0,1.0,30.982548,10.891717,0.0,0.0,22.962109,98.34072,5.0,2.0,1.0,71.0,0.0
84.0,248.16718,9.0,68.74658,27.0,0.0,0.0,100.0,-7.0,7.0,8.0,27.909693,2.0,39.0,-7.0,0.0,0.0,21.0,69.07267,2.0,2.0,0.0,55.690247,0.0
66.0,369.66873,7.0,103.60304,32.0,1.0,0.23152515,91.0,3.0,5.921233,6.0,34.0,0.0,28.0,9.859633,0.0,0.0,18.386751,61.814144,4.0,4.0,0.0,55.89427,0.0
82.0,63.40529,6.0,56.14302,12.0,0.0,0.0,100.0,-7.0,7.0,8.0,14.599416,1.0,33.0,6.0,2.0,1.0,2.3892138,51.219955,1.0,2.0,0.0,15.660968,0.0
80.0,186.1746,19.549034,116.43621,17.0,0.0,0.0,100.0,-7.0,7.0,8.0,17.441206,1.0,21.0,0.0,1.0,1.0,35.329937,36.433002,11.0,1.0,2.138925,99.52414,0.0
80.0,170.35628,3.0,80.75905,31.0,0.0,0.0,100.0,-7.0,7.0,8.0,36.786495,3.0,21.68126,0.0,12.529599,9.36828,36.0,80.0,6.971121,2.0,0.0,71.0,0.0
-9.0,-9.0,-9.0,-9.0,-9.0,-9.0,-9.0,-9.0,-9.0,-9.0,-9.0,-9.0,-9.0,-9.0,-9.0,-9.0,-9.0,-9.0,-9.0,-9.0,-9.0,-9.0,-9.0,0.0
87.0,209.16956,2.0,93.55354,26.0,0.0,0.0,100.0,-7.0,7.0,8.0,35.16879,1.0,45.54912,20.527061,0.0,0.0,14.445555,-8.0,4.0,3.0,0.0,67.0,0.0
68.0,183.18776,5.661521,76.0,42.88053,1.0,0.0,97.0,56.80489,6.0,4.0,51.707596,2.0,63.9791,2.0,1.0,1.0,56.937187,75.16228,6.0,4.0,4.0,88.0,0.0
81.0,147.58951,17.0,50.839718,13.8549595,0.0,0.0,100.0,-7.0,7.0,8.0,16.0,0.0,60.14863,-7.0,1.0,1.0,24.207937,62.530056,5.0,3.0,0.0,100.0,0.0
90.0,288.6209,20.0,177.70169,19.435886,0.0,0.0,100.0,-7.0,7.0,8.0,6.4833765,0.0,14.0,0.0,0.0,0.0,9.0,-8.0,4.0,1.0,0.0,40.776234,0.0
83.0,335.67,28.620674,128.58347,33.0,0.0,0.0,92.0,20.328869,6.0,6.0,30.0,0.0,35.0,0.0,0.0,0.0,2.0,55.585594,3.0,2.0,0.0,63.0,0.0
80.0,199.9525,3.0,63.0,29.0,0.0,0.0,100.0,-7.0,7.0,8.0,34.0,1.0,20.0,8.0,0.0,0.0,53.600018,-8.0,3.0,1.0,3.0,25.0,0.0
75.24766,228.46101,42.456715,120.10493,8.605321,0.0,0.0,88.0,60.4925,6.0,6.0,12.33782,0.0,45.75852,-7.0,0.0,0.0,40.900436,-8.0,1.0,2.0,0.0,73.0,0.0
90.351875,457.11844,9.0,146.24698,24.0,0.0,0.0,100.0,-7.0,7.0,8.0,31.0,2.0,25.0,-7.0,0.0,0.0,0.0,-8.0,2.0,-8.0,0.0,35.68772,0.0
81.0,182.3332,4.0,66.248795,12.0,1.0,0.0,94.0,44.420513,6.0,5.0,11.0,2.0,16.0,0.0,2.0,2.9947798,2.0,-8.0,1.0,-7.2781453,0.0,33.0,0.0
89.0,200.4591,4.0,77.65394,41.266315,0.0,0.0,100.0,-7.0,7.0,8.0,45.69267,2.0,16.609818,0.0,1.0,1.0,2.0,84.04359,2.0,3.0,0.0,18.615196,0.0
67.05245,151.24261,4.0,76.546616,12.0,0.0,0.0,100.0,-7.0,7.0,8.0,13.765985,2.0,25.0,2.0,0.0,0.0,60.463703,-8.0,7.0,1.8343126,2.0,81.32186,0.0
71.0,35.866932,9.0,69.19121,16.0,2.1014621,0.0,81.7897,26.055557,6.0,2.0,7.0,0.0,18.318115,2.56491,0.0,0.0,0.0,6.8388042,2.0,2.0,0.0,91.395546,0.0
73.0,236.93689,22.019474,129.91202,25.0,0.0,0.0,100.0,-7.0,7.0,8.0,24.0,0.0,30.0,0.0,0.0,0.0,42.639194,40.840733,5.0,4.0,3.0,63.0,0.0
62.70251,170.94272,6.0,65.0,35.497032,0.0,0.0,97.98181,7.1774077,6.0,6.0,36.63167,2.0,19.0,0.0,4.0,3.6978111,51.857864,59.89425,7.0,2.0,3.0,67.0,0.0
79.0,125.56994,24.9471,57.156258,11.0,0.0,0.0,100.0,-7.0,7.0,8.0,10.0,0.0,42.0,-8.0,0.0,0.0,54.77499,73.763565,2.0,2.0,0.0,83.0,0.0
79.0,79.995026,5.0,58.858288,29.0,0.0,0.0,100.0,24.640203,6.0,6.0,30.0,2.0,13.0,1.0,2.0,2.0,2.0,82.89491,3.0,2.0,0.0,35.896847,0.0
87.0,153.34558,8.0,90.0,27.0,0.0,0.0,100.0,-7.0,7.0,8.0,32.0,0.0,22.0,8.149738,1.0,1.0,9.0,-8.0,1.0,1.0,0.0,37.125366,0.0
69.55607,179.76997,6.0,95.51924,20.0,1.0,0.0,77.19876,21.423506,6.0,5.0,20.89179,1.0,35.0,0.0,2.0,2.0,29.090286,83.57029,6.0,2.0,1.0,74.28913,0.0
88.193245,292.6394,23.896101,95.77431,13.0,0.0,0.0,100.0,-7.0,7.0,8.0,14.0,0.0,24.568798,-7.0,0.0,0.0,24.409986,-8.0,4.0,2.0,0.0,90.10611,0.0
73.0,139.6408,11.0,65.93439,20.0,0.0,0.0,100.0,-7.0,7.0,8.0,19.0,1.0,76.96263,-7.0,0.0,0.0,46.748028,33.89551,2.0,6.7931232,0.0,80.0,0.0
83.09815,114.262856,1.0,80.13673,10.224528,0.0,0.0,100.0,-7.0,7.0,8.0,10.002795,1.0,30.0,-7.0,1.0,1.0,35.844296,-8.0,2.0,-8.0,0.0,91.76234,0.0
73.0,75.92489,15.0,68.0,10.441575,0.0,0.0,83.91913,58.441345,6.0,6.0,5.676135,0.0,99.82124,0.0,1.0,1.0,-8.497596,-8.0,-1.0135902,2.0,-9.0,80.0,0.0
85.0,288.45905,1.239095,76.0,13.0,0.0,0.0,100.0,-7.0,7.0,8.0,12.0,2.0,40.76269,3.0,2.0,2.0,16.0,18.775057,5.0,4.0,0.0,100.0,0.0
-9.0,-9.0,-9.0,-9.0,-9.0,-9.0,-9.0,-9.0,-9.0,-9.0,-9.0,-9.0,-9.0,-9.0,-9.0,-9.0,-9.0,-9.0,-9.0,-9.0,-9.0,-9.0,-9.0,0.0
69.71515,182.58174,12.0,90.0,28.181242,2.0,2.0,82.96677,21.404455,6.0,-1.9158401,34.326965,0.0,38.419178,0.0,1.0,1.0,32.109497,-8.0,7.0,1.0,1.0,87.2032,0.0
81.0,343.59897,22.691072,119.7698,24.788357,0.0,0.0,100.0,-7.0,7.0,8.0,29.0,0.0,13.0,0.0,2.0,1.0,9.0,-8.0,4.0,1.0,1.0,35.900177,0.0
74.0,165.7323,2.0,47.338257,33.0,0.0,0.0,100.0,-7.0,7.0,8.0,38.37607,10.550712,27.275867,0.0,2.0,2.0,27.664719,-8.0,3.0,3.0,1.0,50.0,0.0
86.0,194.9523,-2.795378,75.0,28.689177,0.0,0.0,100.0,-7.0,7.0,8.0,23.0,2.0,30.0,0.34615257,2.0,2.0,11.190891,-8.0,1.0,-8.0,0.0,33.0,0.0
76.53503,236.65611,5.0,139.72984,38.39799,0.0,0.0,100.0,-7.0,7.0,8.0,15.0,1.0,32.0,-7.0,0.0,0.0,67.29612,77.218765,8.0,1.0,2.0,91.64225,0.0
88.0,428.59576,18.411745,151.48445,10.0,0.0,0.0,100.0,-7.0,7.0,8.0,14.0,0.0,40.90743,0.0,1.0,1.0,4.0,45.013767,2.0,1.0,0.0,58.0,0.0
68.0,281.078,2.0,74.27881,42.86382,0.0,0.0,100.0,-7.0,7.0,8.0,39.64697,8.083187,50.0,1.0,2.0,1.0,61.517395,99.59082,4.5913897,4.0,2.0,67.0,0.0
84.0,268.88754,3.0,104.029045,28.0,0.0,0.0,100.0,-7.0,7.0,8.0,31.0,3.0,28.351007,-7.0,0.0,0.0,6.0,-8.0,3.0,2.0,0.0,33.122334,0.0
76.0,90.980225,14.0,18.466791,7.703865,0.0,0.0,100.0,-7.0,7.0,8.0,9.7986355,0.0,65.538445,0.0,0.0,0.0,0.0,80.5537,-9.0,3.0,0.0,46.509087,0.0
72.0,181.46121,5.0,53.624985,26.0,0.0,0.0,98.0,-7.0,6.0,8.0,29.0,4.9423795,33.160065,0.0,1.0,1.0,28.819706,93.0,7.5988917,3.098884,2.0,57.0,0.0
86.0,222.16551,19.497541,87.12665,24.0,0.0,0.0,100.0,-7.0,7.0,8.0,23.520546,0.0,23.0,0.0,0.0,0.0,18.0,-8.0,7.0,2.0,0.0,70.0,0.0
82.0,13.012764,7.0,40.997677,11.481242,0.0,0.0,100.0,-7.0,7.0,8.0,11.001439,2.0,30.0,12.0,0.0,0.0,0.0,-8.0,-3.3034668,1.0,0.0,67.0,0.0
69.0,169.98569,3.7222946,57.521023,40.871197,0.0,0.0,92.93388,13.757688,6.0,6.0,58.516285,2.0,21.196043,8.0,2.0,2.0,26.309963,80.29326,4.0,4.0,2.0,45.349983,0.0
71.44861,234.7375,4.5173764,111.14176,39.0,0.0,0.0,86.13667,21.20216,6.0,6.0,52.042694,1.0,45.753445,1.0,3.0,3.0,25.0,65.83422,3.0,7.918321,0.0,58.0,0.0
-9.0,-9.0,-9.0,-9.0,-9.0,-9.0,-9.0,-9.0,-9.0,-9.0,-9.0,-9.0,-9.0,-9.0,-9.0,-9.0,-9.0,-9.0,-9.0,-9.0,-9.0,-9.0,-9.0,0.0
87.0,397.35397,28.953737,129.8153,10.0,0.0,0.0,100.0,-7.0,7.0,8.0,12.0,0.0,-9.0,12.598807,0.0,0.0,8.0,-8.0,2.0,-8.0,0.0,67.0,0.0
74.0,270.62744,2.0,81.81108,20.730024,0.0,0.0,97.0,51.655624,6.0,6.0,26.0,4.0,23.0,2.0,1.0,1.0,49.679825,94.97341,9.0,1.0,2.0,86.0,0.0
85.0,277.10434,27.296766,124.02578,15.0,0.0,0.0,100.0,-7.0,7.0,8.0,16.0,0.0,-9.0,3.0,1.0,1.0,12.0,-8.0,5.0,1.0,0.0,62.173122,0.0
70.0,165.66032,16.755451,76.0,22.0,0.0,0.0,100.0,-7.0,7.0,8.0,31.0,0.0,37.39797,0.0,4.0,3.0,69.76491,85.60728,3.0,2.0,1.0,100.0,0.0
77.741806,366.16525,3.0,110.39896,26.0,0.0,0.0,96.0,50.92517,6.0,6.0,21.474733,1.0,27.0,1.0,1.0,1.0,37.601063,-8.0,4.0,1.0,0.0,50.0,0.0
83.0,82.875824,11.87618,97.06197,14.0,0.0,0.0,100.0,-7.0,7.0,8.0,20.0,0.0,18.814339,0.6050436,3.0,3.0,22.972048,-8.0,1.0,1.0,0.0,49.219124,0.0
85.0,44.574142,7.0,40.319046,9.326832,0.0,0.0,100.0,-7.0,7.0,8.0,8.121426,1.0,46.0,-8.0,0.0,0.0,9.0,62.637005,1.0,2.0,-8.0,88.334984,0.0
78.941734,75.12855,3.0,39.110844,14.0,0.0,0.0,100.0,-7.0,7.0,8.0,9.445212,1.7678213,16.912249,0.0,2.9933915,3.0,21.519032,99.098625,1.0,1.0,0.0,33.0,0.0
68.0,149.12238,3.0,51.680424,20.0,2.0,1.0,89.76964,63.589348,6.0,4.6939716,27.0,3.0,19.221231,3.0,1.0,1.0,82.90745,100.0,5.9857707,2.0,1.0,84.92645,0.0
80.0,229.34416,4.0,80.0,14.0,0.0,0.0,94.0,-9.0,7.0,6.0,12.0,2.0,38.0,0.0,0.0,0.0,18.292524,47.78929,5.0,2.0,1.0,89.73562,0.0
86.0,187.7414,9.9565525,120.2856,20.0,0.0,0.0,100.0,-7.0,7.0,8.0,17.0,1.2626153,33.0,0.0,0.0,0.0,38.805702,53.990414,4.0,2.0,0.0,81.76637,0.0
78.0,280.72815,2.0,93.0,30.981005,0.0,0.0,100.0,-7.0,7.0,8.0,24.0,1.0,20.761284,1.3955489,1.0,1.0,6.0,-8.0,8.0,-2.6062205,0.0,51.309822,0.0
90.0,288.9627,20.157948,125.495804,30.001322,0.0,0.0,100.0,-7.0,7.0,8.0,37.154884,0.0,-9.0,-7.9951177,1.0,0.0,1.0,-8.0,3.0,2.0,0.0,26.673346,0.0
83.0,280.05405,6.0,80.0,54.40008,0.0,0.0,100.0,-7.0,7.0,8.0,37.0,4.0,10.482684,18.932987,0.0,0.0,19.888416,-8.0,3.0,1.0,0.0,25.0,0.0
89.0,192.36205,5.0,88.87196,12.0,0.0,0.0,100.0,-7.0,7.0,8.0,19.0,0.0,38.0,1.0,1.0,1.0,0.0,-8.0,0.0,-5.428395,0.0,25.0,0.0
81.0,430.4222,3.0,134.17279,56.268124,0.0,0.0,100.0,30.809526,6.0,6.0,63.810966,2.0,24.0,1.0,3.0,2.0,10.191034,49.686016,7.0,2.0,1.0,40.0,0.0
71.0,169.17526,4.0,71.0,9.224865,0.0,0.0,100.0,-7.0,7.0,8.0,3.978583,2.0,68.681244,0.0,2.0,1.0,0.0,93.0,1.0,2.0,-9.0,100.0,0.0
87.0,272.592,9.0,70.0,13.0,0.0,0.0,100.0,-7.0,7.0,8.0,14.0,0.0,29.86527,-7.0,0.0,0.0,0.0,60.737366,1.0,2.0,0.0,30.654818,0.0
85.0,124.149925,17.0,66.73975,22.0,0.0,0.0,100.0,-7.0,7.0,8.0,28.0,0.0,31.0,-7.0,0.0,0.0,0.0,56.727154,1.0,1.9530599,0.0,40.0,0.0
79.0,159.563,3.0,72.289276,28.0,0.0,0.0,100.0,-7.0,7.0,8.0,31.0,3.0,23.72767,0.0,0.0,0.0,4.0,95.12052,4.0,2.0,0.0,50.0,0.0
84.0,491.23923,7.0,120.2296,25.0,0.0,0.0,100.0,-7.0,7.0,8.0,26.73966,2.0,16.0,0.0,0.0,0.0,12.0,-8.0,6.0,1.0,1.0,40.0,0.0
80.29546,489.02557,9.0,96.653786,22.0,0.0,0.0,100.0,-7.0,6.0,8.0,31.0,1.7525343,31.96551,0.0,0.0,0.0,2.0879076,-8.0,4.0,3.0,0.0,80.0,0.0
71.0,248.3423,5.0,80.083534,48.112774,3.1883545,2.820885,91.157364,25.671865,6.0,3.0,46.609013,2.0,23.510233,0.0,1.0,1.0,35.28141,60.58963,5.0,2.0,0.0,50.0,0.0
79.0,359.68488,2.0,90.0,46.974174,0.0,0.0,100.0,-7.0,7.0,8.0,45.058193,3.0,27.0,-7.0,0.0,0.0,10.318132,23.205421,9.0,2.0,1.0,47.70389,0.0
73.0,173.56749,11.0,86.26954,24.0,0.0,0.0,100.0,-7.0,7.0,8.0,26.23748,0.0,22.0,5.3494787,0.0,0.0,51.39207,-8.0,5.0,1.0,4.0180864,57.229435,0.0
61.889965,-8.0,1.0,42.225407,22.368464,1.0,1.0,94.0,36.554623,6.0,6.0,21.0,9.312032,-9.0,0.0,16.88455,15.580035,12.939053,-8.0,4.0,1.0,0.0,29.881413,0.0
-9.0,-9.0,-9.0,-9.0,-9.0,-9.0,-9.0,-9.0,-9.0,-9.0,-9.0,-9.0,-9.0,-9.0,-9.0,-9.0,-9.0,-9.0,-9.0,-9.0,-9.0,-9.0,-9.0,0.0
67.0,110.53427,2.5212486,50.73929,36.622925,0.0,0.0,97.0,70.66872,6.0,6.0,41.29005,6.0,25.0,0.0,4.862507,4.0,64.18675,85.52781,6.1325274,2.0,3.4049032,72.158646,0.0
69.9053,214.52823,13.447641,86.889656,10.0,0.0,0.0,77.599915,21.22246,6.0,5.0,12.0,0.0,36.96319,18.23595,0.0,0.0,0.0,-8.0,0.0,1.0,0.0,40.0,0.0
70.0,155.56012,1.9429895,56.366745,19.0,0.0,0.0,100.0,-7.0,7.0,8.0,24.195951,3.0,56.508076,0.0,1.0,1.0,76.19828,97.005844,8.0,2.0,1.0,100.0,0.0
75.0,101.71275,18.149963,54.601547,16.664751,0.0,0.0,100.0,-7.0,7.0,8.0,19.0,0.0,27.0,0.0,5.0,5.211551,4.0,85.10708,3.0,2.0,0.0,60.0,0.0
89.0,421.88324,36.52258,158.68253,14.0,0.0,0.0,100.0,-7.0,7.0,8.0,24.0,0.0,21.0,12.0,0.0,0.0,14.0,-8.0,2.0,1.0,0.0,50.0,0.0
79.0,206.09521,5.0,57.179203,13.325266,0.0,0.0,100.0,-7.0,7.0,8.0,19.0,6.0,16.500591,12.0,0.0,0.0,35.41499,-8.0,2.0,1.0,0.0,47.74135,0.0
88.0,226.03078,11.487532,75.188774,14.0,0.0,0.0,100.0,-7.0,7.0,8.0,14.0,0.0,55.063766,0.0,0.0,0.0,0.000114795985,-8.0,1.0,2.0,0.0,56.0,0.0
63.18264,370.63467,4.0,130.85295,38.184536,0.0,0.0,87.309166,2.4980955,-9.0,6.0,44.199287,1.0,20.0,0.0,0.0,0.0,40.9783,63.059784,5.0,2.0,2.0,56.232094,0.0
-9.0,-9.0,-9.0,-9.0,-9.0,-9.0,-9.0,-9.0,-9.0,-9.0,-9.0,-9.0,-9.0,-9.0,-9.0,-9.0,-9.0,-9.0,-9.0,-9.0,-9.0,-9.0,-9.0,0.0
88.43358,232.32182,36.54244,209.82494,16.0,0.0,0.0,100.0,-7.0,7.0,8.0,19.0,0.0,12.16193,-8.0,0.0,0.0,1.0,-8.0,4.2498627,2.0,0.0,70.0,0.0
79.0,213.50488,13.084441,94.6901,14.760843,1.0,0.0,88.0,34.343914,6.0,5.0,16.0,1.0,40.0,16.0,0.0,0.0,32.773,-8.0,1.0,1.0,0.0,36.282307,0.0
78.670616,254.0644,2.1905437,76.90964,39.653458,0.0,0.0,100.0,-7.0,7.0,8.0,52.689003,4.0,21.0,0.0,1.0,1.0,31.494265,98.96421,5.0,3.0,2.5837777,50.0,0.0
67.0,444.22522,-9.0,117.985405,29.0,0.0,0.0,95.0,2.4742692,2.2859242,6.0,34.0,4.0,31.0,10.09916,1.8088099,1.4791714,39.351387,85.218925,11.0,3.0,2.0,78.11761,0.0
-9.0,-9.0,-9.0,-9.0,-9.0,-9.0,-9.0,-9.0,-9.0,-9.0,-9.0,-9.0,-9.0,-9.0,-9.0,-9.0,-9.0,-9.0,-9.0,-9.0,-9.0,-9.0,-9.0,0.0
68.94018,175.12155,5.4350233,62.702354,42.15587,0.0,0.0,100.0,-7.0,4.0,6.0,44.44663,2.0,45.86614,-7.0,2.0,2.0,29.286987,78.70541,5.0,18.120483,1.0,60.037617,0.0
84.0,162.21176,4.0,74.52276,34.0,0.0,0.0,95.494316,70.34589,6.0,6.0,30.0,3.0,9.713638,6.0,0.0,0.0,9.0,-8.0,4.0,1.0,0.0,33.0,0.0
84.0,245.28561,3.0,77.069695,27.0,0.0,0.0,100.0,-7.0,7.0,8.0,24.82687,1.0,46.0,12.0,0.0,0.0,22.92883,7.0279994,2.0,2.0,0.0,35.5419,0.0
83.74807,158.19762,2.0,65.05512,32.0,0.0,0.0,100.0,-7.0,7.0,8.0,24.0,2.0,18.0,0.43180364,1.0,1.0,4.0,88.0,3.0,2.0,0.0,50.0,0.0
71.0,241.69215,9.0,55.680347,14.0,1.0,1.0,94.646255,31.9411,6.0,2.0,18.0,3.0,24.862606,4.0,1.0,1.0,19.48163,-8.0,6.0,1.0,0.0,64.0,0.0
66.770676,184.22725,13.6576,76.52363,33.801723,0.0,0.0,100.0,-7.0,7.0,8.0,29.0,0.0,14.418446,0.0,2.0,2.0,36.983803,49.85349,23.014555,1.0,8.050954,75.0,0.0
83.79651,108.260925,2.0,62.078915,28.632011,0.0,0.0,100.0,-7.0,7.0,8.0,30.0,2.0,45.50938,1.0,0.0,1.0,1.0,-8.0,2.0,6.0,0.0,56.0,0.0
91.936295,141.90741,34.24636,104.34759,5.9047585,0.0,0.0,100.0,-7.0,7.0,8.0,7.0,0.0,57.61566,-7.0,0.0,0.0,4.3728676,-8.0,2.0,2.0,0.0,80.0,0.0
-9.0,-9.0,-9.0,-9.0,-9.0,-9.0,-9.0,-9.0,-9.0,-9.0,-9.0,-9.0,-9.0,-9.0,-9.0,-9.0,-9.0,-9.0,-9.0,-9.0,-9.0,-9.0,-9.0,0.0
71.62493,203.89905,1.0,78.32227,28.0,0.0,0.0,100.0,-7.0,7.0,8.0,34.0,1.0,47.0,2.0,2.9677033,2.0,74.4997,99.55011,5.0,4.0,3.0,85.322784,0.0
81.29561,221.5913,12.0,95.70957,31.415228,0.0,0.0,100.0,-7.0,7.0,8.0,31.0,0.0,17.568035,2.0,1.0,1.0,8.0,-8.0,4.0,1.0,2.0,23.975634,0.0
64.0,166.868,17.0,63.60006,54.724556,0.0,0.0,95.0,4.5297604,6.0,5.5841603,43.313175,0.0,17.0,2.0,2.0,2.0,48.890205,-8.0,6.0,1.0,4.0,28.188725,0.0
85.0,158.38954,4.0,88.90923,26.611359,0.0,0.0,100.0,-7.0,7.0,8.0,27.0,1.0508976,53.368652,0.0,2.0,3.0,2.0,39.22734,1.0,4.5224557,0.0,80.0,0.0
82.0,160.37723,30.79553,84.54341,13.0,0.0,0.0,82.380005,31.283985,6.0,6.0,13.948697,0.0,36.0,-8.0,0.0,0.0,0.0,-8.0,1.0,1.0,0.0,38.0,0.0
67.7407,431.47897,6.0,125.77108,42.33805,0.0,0.0,94.0,17.302164,6.0,6.0,44.5781,1.0,15.517014,6.0,0.0,0.0,35.80757,60.742603,10.498732,2.0,4.987705,71.9616,0.0
82.0,170.18794,7.0,89.52333,26.0,0.0,0.0,100.0,-7.0,7.0,8.0,30.0,2.8195395,21.0,1.0,1.0,1.0,25.89538,-8.0,2.0,2.0,0.0,45.297333,0.0
84.99649,272.08395,3.0,97.52563,22.0,0.0,0.0,100.0,-7.0,7.0,8.0,27.0,2.0,19.0,0.0,1.0,1.0,9.0,-8.0,3.0,-8.0,0.0,35.88317,0.0
73.0,326.33484,9.0,112.2058,17.0,2.0,2.0,100.0,-7.0,6.0,8.0,21.0,1.0,29.273582,-8.0,1.0,1.0,23.319998,76.0,2.0,2.0,0.0,82.02227,0.0
84.8545,294.99765,5.115961,72.0,60.37946,0.0,0.0,100.0,-7.0,7.0,8.0,41.935795,5.0,28.21494,21.493097,0.0,0.0,2.0,18.828522,2.373044,2.0,0.0,25.0,0.0
88.05923,157.41748,29.817488,139.07654,21.0,0.0,0.0,100.0,-7.0,7.0,8.0,3.999363,0.0,28.235403,23.983702,0.0,0.0,6.3611803,76.0,2.0,1.0,0.0,49.813305,0.0
68.276764,313.8839,6.0288186,110.387085,21.0,0.0,0.0,79.910645,2.4950485,4.0,6.0,22.0,0.0,20.0,0.0,3.0,3.0,40.928085,84.00425,3.0,2.0,1.0,43.506634,0.0
88.0,346.03714,10.0,100.00533,17.0,0.0,0.0,100.0,-7.0,7.0,8.0,26.0,0.0,14.0,23.03125,0.0,0.0,11.0,-8.0,3.0,1.0,0.0,60.0,0.0
90.957375,433.1593,18.673716,127.65225,22.0,0.0,0.0,100.0,-7.0,7.0,8.0,22.26701,0.0,50.0,7.0,1.0,1.0,0.0,55.72749,1.0,4.667814,0.0,60.0,0.0
72.227516,214.6794,8.765237,59.707,18.472929,0.0,0.0,100.0,-7.0,7.0,8.0,19.0,1.0,63.902275,12.655513,0.0,0.0,21.733986,85.77594,3.0,2.0,1.0,88.3728,0.0
77.0,445.9219,5.0,128.20258,22.80812,0.0,0.0,100.0,-7.0,7.0,8.0,24.799793,2.0,37.903385,2.0,1.9955078,1.0,27.634525,77.323364,8.0,3.0,2.0,79.08147,0.0
65.01147,291.19357,17.551508,86.93428,22.0,4.2069592,4.419034,96.85649,72.06551,6.0,6.0,23.0,0.0,63.523426,-7.0,0.0,0.0,19.0,-8.0,1.0,-8.0,1.0,52.36552,0.0
75.0,332.30124,3.0,81.0,48.877113,0.0,0.0,100.0,-7.0,7.0,8.0,56.47088,1.0,23.0,-7.0,1.0,1.0,16.111351,57.816746,7.0,7.623922,1.0,44.03071,0.0
80.0,389.87512,6.0,73.54879,22.0,0.0,0.0,100.0,-7.0,7.0,8.0,31.0,2.0,7.1807218,-7.0,1.4280884,1.0,21.318567,100.0,4.0,2.0,0.0,71.0,0.0
66.42603,282.6271,20.332298,86.0,22.0,3.0,0.0,70.79873,3.9301128,6.0,2.4685435,28.0,0.0,44.0,-7.0,0.0,0.0,14.0,-8.0,2.0,2.0,0.0,75.61958,0.0
63.706295,177.0052,14.0,103.24816,19.824644,3.3229945,0.0,80.73434,-7.0,-9.0,2.0,25.0,0.0,42.24419,2.0,0.0,0.0,38.691566,49.372833,5.0,6.0,0.0,80.0,0.0
82.0,299.60672,35.439266,122.683136,1.8036715,1.0,1.0,100.0,-7.0,7.0,8.0,7.0,0.0,54.581497,0.0,0.0,0.0,31.029978,-8.0,2.0,-5.395453,0.0,83.37452,0.0
89.0,205.15517,17.985874,101.2449,12.0,0.0,0.0,100.0,-7.0,7.0,8.0,17.682981,0.0,21.911596,0.0,0.0,0.0,3.665259,-8.0,3.0,1.0,0.0,75.0,0.0
-9.0,-9.0,-9.0,-9.0,-9.0,-9.0,-9.0,-9.0,-9.0,-9.0,-9.0,-9.0,-9.0,-9.0,-9.0,-9.0,-9.0,-9.0,-9.0,-9.0,-9.0,-9.0,-9.0,0.0
75.0,214.99709,9.665043,48.915844,24.0,1.0,1.0,97.0,9.473789,4.0,3.0,24.0,1.0,58.986137,0.0,3.0,3.0,0.0,59.00359,-9.0,6.0,0.0,70.0,0.0
79.36789,288.32367,22.94189,99.36705,18.59998,0.0,0.0,89.0,15.834774,6.0,6.0,21.0,0.0,33.0,-8.21761,0.0,0.0,0.0,53.348953,2.0,3.0,0.0,57.0,0.0
81.0,229.02647,-9.0,72.87575,8.701783,0.0,0.0,100.0,-7.0,7.0,8.0,9.0,2.0,33.217793,1.0,4.0,3.6334069,13.744204,59.876385,4.0,2.0,0.0,75.0,0.0
76.71436,578.7307,4.0,96.469795,28.0,0.0,0.0,97.0,55.655632,6.0,6.0,32.0,2.0,5.9577947,0.0,2.0,2.0,4.0,-8.0,6.0,2.0,1.0,50.0,0.0
-9.0,-9.0,-9.0,-9.0,-9.0,-9.0,-9.0,-9.0,-9.0,-9.0,-9.0,-9.0,-9.0,-9.0,-9.0,-9.0,-9.0,-9.0,-9.0,-9.0,-9.0,-9.0,-9.0,0.0
73.0,123.36171,1.0,63.0,17.0,1.0,0.0,87.25176,33.788406,6.0,5.0,20.0,2.0,-6.4560266,2.0,1.0,1.0,11.018794,82.0,3.0,2.0,0.0,38.951122,0.0
62.159817,328.26718,10.0,84.0,42.472847,0.0,0.0,95.0,23.2747,6.0,6.0,44.561497,2.0,27.0,0.0,2.0,2.0,46.66648,38.53457,9.0,4.0,3.6975255,64.0,0.0
77.0,389.5788,2.0,124.57767,35.334927,0.0,0.0,100.0,-7.0,7.0,8.0,29.0,2.0,14.0,-8.0,0.0,0.0,53.077553,66.51987,4.0,4.0,2.0,58.321663,0.0
83.0,324.9469,-9.0,93.80859,40.413944,1.0,1.0,96.0,23.695585,6.0,5.0,30.22313,10.755047,16.0,0.0,2.0,1.0,7.6232543,71.0,5.0,4.0,0.0,38.09347,0.0
62.0,197.4348,3.0,66.5568,23.484455,0.0,0.0,95.9316,10.780639,6.0,6.0,26.0,2.0,32.433064,0.0,3.0,2.2451766,59.67515,-8.0,6.0,1.6480885,3.0,75.0,0.0
80.0,128.8253,15.0,62.6695,17.0,0.0,0.0,100.0,-7.0,7.0,8.0,17.0,0.0,3.853352,1.0,2.0,3.0,19.486567,-8.0,5.0,1.0,0.0,67.0,0.0
78.0,106.72353,4.0,37.866276,19.0,0.0,0.0,100.0,-7.0,7.0,8.0,20.137703,3.0,47.0,12.0,3.0,3.0,27.622316,93.0,1.0,7.5475154,0.0,71.0,0.0
74.0,133.5476,30.60941,76.7622,13.0,0.0,0.0,70.429474,-7.0,0.0,5.0,11.306821,0.0,30.359148,21.362215,0.0,0.0,0.0,-8.0,1.0,2.0,0.0,43.0,0.0
60.871758,105.26432,4.0,-9.0,6.440964,2.0,0.0,74.40877,16.353535,6.0,2.0,10.0,2.0,43.0,-7.0,1.0,1.0,52.750694,51.698994,2.0,1.0,0.0,57.0,0.0
92.104416,334.5689,48.373077,143.23482,15.0,0.0,0.0,100.0,-7.0,7.0,8.0,15.0,0.0,18.814392,0.0,0.0,0.0,0.0,-8.0,2.0,-8.0,0.0,20.255009,0.0
83.03488,191.03595,17.0,81.77225,43.564117,0.0,0.0,100.0,-7.0,7.0,8.0,46.056396,0.0,14.65206,13.680307,0.0,0.0,16.0,-8.0,2.0,1.0,1.0,24.32934,0.0
87.69988,402.40964,20.701378,199.07799,28.0,0.0,0.0,100.0,-7.0,7.0,8.0,40.47657,0.0,4.459511,0.0,2.6292667,2.0,3.0,-8.0,5.0,1.0,0.0,54.657833,0.0
90.0,180.80493,3.0,71.48436,23.0,0.0,0.0,100.0,-7.0,7.0,8.0,26.0,1.0,24.0,21.388523,0.0,0.0,3.0,-8.0,1.0,1.0,0.0,28.027617,0.0
-9.0,-9.0,-9.0,-9.0,-9.0,-9.0,-9.0,-9.0,-9.0,-9.0,-9.0,-9.0,-9.0,-9.0,-9.0,-9.0,-9.0,-9.0,-9.0,-9.0,-9.0,-9.0,-9.0,0.0
80.0,337.53555,3.0,91.87442,40.949615,0.0,0.0,100.0,-7.0,7.0,8.0,35.0,1.0,26.0,0.0,3.0,3.0,16.0,53.671482,2.0,2.0,1.0,40.0,0.0
68.0,181.26712,15.0,83.0,27.0,0.0,0.0,100.0,-7.0,7.0,8.0,29.194736,0.0,0.0,12.815536,0.0,0.0,70.76206,78.388176,9.0,2.0,5.295397,78.0,0.0
70.0,301.32825,5.3550887,81.0,36.90853,0.0,0.0,88.0,2.0,6.0,6.0,35.0,2.0,21.903685,0.0,0.0,0.0,4.760392,77.83658,3.4849792,2.0,0.0,29.849604,0.0
78.0,282.44644,43.63642,154.6333,24.0,0.0,0.0,80.0397,6.0,5.3845806,6.0,21.0,0.0,32.003693,-7.0,0.0,0.0,6.0,-8.0,5.0,1.0,0.0,50.0,0.0
81.0,122.500694,3.0,-7.6162105,8.813479,0.0,0.0,100.0,-7.0,7.0,8.0,12.0,3.0,46.0,1.0,2.0,2.0,4.0,-8.0,2.0,3.0,0.0,75.0,0.0
82.0,175.43555,9.0,68.0,13.0,0.0,0.0,100.0,-7.0,7.0,8.0,12.0,1.0,52.957653,0.0,0.0,0.0,36.0,87.93679,2.0,3.0,0.0,86.0,0.0
-9.0,-9.0,-9.0,-9.0,-9.0,-9.0,-9.0,-9.0,-9.0,-9.0,-9.0,-9.0,-9.0,-9.0,-9.0,-9.0,-9.0,-9.0,-9.0,-9.0,-9.0,-9.0,-9.0,0.0
81.0,321.29288,6.0,91.34542,19.0,0.0,0.0,97.0,31.812805,6.0,6.0,22.0,0.0,16.0,0.0,0.0,0.0,28.0,-8.0,4.0,1.0,1.0,57.0,0.0
-9.0,-9.0,-9.0,-9.0,-9.0,-9.0,-9.0,-9.0,-9.0,-9.0,-9.0,-9.0,-9.0,-9.0,-9.0,-9.0,-9.0,-9.0,-9.0,-9.0,-9.0,-9.0,-9.0,0.0
68.70112,145.94629,11.0,67.0,16.0,0.0,0.0,91.099915,67.78985,6.0,6.0,19.0,0.0,67.98016,0.0,0.0,0.0,62.40392,57.091904,3.0,3.0,2.0,88.0,0.0
85.0,180.49165,13.0,77.0,12.0,0.0,0.0,100.0,-7.0,7.0,8.0,9.0,0.0,59.041,0.0,1.0,0.0,18.60643,13.216893,2.0,5.0,0.0,70.0,0.0
70.0,255.70465,2.0,100.74199,19.321089,1.0,1.0,81.97721,51.169792,6.0,3.218868,30.119013,1.0,47.393223,0.0,4.0,4.0,47.470936,-8.0,2.2697144,5.0,1.0,80.0,0.0
83.23741,76.63267,6.0,63.728367,14.0,0.0,0.0,100.0,-7.0,7.0,8.0,12.473477,3.0,0.0,0.0,2.0,2.0,22.985025,81.960526,3.0,2.0,0.0,43.0,0.0
74.0,294.898,13.200964,96.74975,36.1098,0.0,0.0,100.0,-7.0,7.0,8.0,37.0,0.0,22.0,12.653929,0.0,0.0,38.519478,-8.0,6.0,2.0,4.6561394,77.69191,0.0
-9.0,-9.0,-9.0,-9.0,-9.0,-9.0,-9.0,-9.0,-9.0,-9.0,-9.0,-9.0,-9.0,-9.0,-9.0,-9.0,-9.0,-9.0,-9.0,-9.0,-9.0,-9.0,-9.0,0.0
84.0,105.71023,3.0,49.51705,19.0,0.0,0.0,100.0,-7.0,7.0,8.0,20.0,7.382451,50.0,0.0,2.0,2.0,14.0,100.0,2.0,3.0,0.0,79.99566,0.0
68.0,147.78947,16.0,79.0,22.0,0.0,0.0,94.19595,31.308535,6.0,6.0,23.0,0.0,56.659702,16.861477,0.0,0.0,65.02978,84.243935,6.0,1.0,1.0,80.257256,0.0
85.0,134.1635,34.958138,77.73374,13.0,0.0,0.0,100.0,-7.0,7.0,8.0,18.870712,0.0,9.008856,-7.0,1.0,1.0,13.0,-8.0,4.0,1.0,0.0,50.0,0.0
71.0,-8.406979,7.0,-9.0,16.0,0.0,0.0,100.0,-7.0,7.0,8.0,7.0,3.0,48.83148,-7.0,1.0,1.0,24.169922,87.72337,2.8986075,4.0,0.0,91.66655,0.0
82.0,333.2189,2.0,109.069016,39.0,0.0,0.0,100.0,-7.0,7.0,8.0,38.921673,3.0,25.0,0.0,6.2710342,5.752154,15.0,94.074585,2.0,3.0,0.0,23.73483,0.0
77.0,120.27723,14.696329,58.438118,11.86225,0.0,0.0,100.0,-7.0,7.0,8.0,15.0,0.0,59.333412,1.0,1.0,1.0,14.954505,25.981554,2.0,2.0,1.0,89.286385,0.0
91.0,690.86035,55.46949,289.67566,7.0,0.0,0.0,100.0,-7.0,7.0,8.0,7.8516784,0.0,-9.0,-8.0,0.0,0.0,0.0,-8.0,1.0,-9.0,0.0,-9.0,0.0
86.0,488.53354,4.0,106.022125,23.0,0.0,0.0,100.0,-7.0,7.0,8.0,24.0,3.0,23.0,17.68635,0.0,0.0,1.0,46.661,4.0,1.0,0.0,32.721718,0.0
74.0,146.38033,2.0,68.870705,7.0,0.0,0.0,100.0,-7.0,7.0,8.0,10.0,1.0,39.387325,0.0,1.0,1.0,56.007553,87.64916,3.0,2.0,0.0,100.0,0.0
73.0,76.10275,14.433631,13.950508,6.0,0.0,0.0,100.0,-7.0,7.0,8.0,8.262481,0.0,33.0,0.0,0.0,0.0,68.96208,55.755226,3.0,2.0,0.0,83.309364,0.0
87.0,212.00473,4.4526815,88.80936,18.0,0.0,0.0,100.0,-7.0,7.0,8.0,14.345726,1.0,24.0,0.42016548,1.9128304,1.0,7.302462,90.102585,2.0,2.0,0.0,43.90828,0.0
89.0,165.06534,3.0,79.978775,25.0,0.0,0.0,100.0,-7.0,7.0,8.0,28.0,2.0,21.0,0.0,4.0,4.0,10.665872,-8.0,1.0,2.0,0.0,38.0,0.0
81.42639,431.19754,12.0,113.52492,21.0,0.0,0.0,100.0,-7.0,7.0,8.0,35.0,1.0,15.255396,0.0,2.0,1.7617087,19.0,-8.0,3.0,-9.0,0.0,41.634888,0.0
79.91625,493.96564,16.46928,151.0938,54.107086,0.0,0.0,94.50911,22.529005,6.0,6.0,51.6592,0.0,27.0,0.0,1.0,1.0,3.0,48.679085,10.064987,4.0,0.0,57.0,0.0
-9.0,-9.0,-9.0,-9.0,-9.0,-9.0,-9.0,-9.0,-9.0,-9.0,-9.0,-9.0,-9.0,-9.0,-9.0,-9.0,-9.0,-9.0,-9.0,-9.0,-9.0,-9.0,-9.0,0.0
71.49455,241.03636,7.0,79.0,42.66503,1.0,0.0,94.0,10.452302,6.0,3.0,54.44611,2.0,14.0,0.0,6.321042,6.5296454,19.0,16.141891,7.0,1.3503745,1.6900069,35.550735,0.0
74.0,264.46118,2.0,77.3919,30.0,0.0,0.0,95.84472,27.823204,6.0,6.0,28.627514,2.0,24.0,5.0,0.0,0.0,16.0,80.13989,6.606333,3.0,1.0,64.40503,0.0
81.0,307.56363,14.182487,171.92305,5.4077454,0.0,0.0,100.0,-7.0,7.0,8.0,10.878238,0.0,-9.0,0.0,2.0,2.0,2.0,-8.0,2.0,-1.3667029,0.0,50.0,0.0
91.0,404.22058,31.41848,131.61766,20.0,0.0,0.0,100.0,-7.0,7.0,8.0,24.0,0.0,14.0,16.0,1.0,1.0,0.47733042,-8.0,1.0,1.0,0.0,0.6914461,0.0
72.515175,315.44113,15.0,86.0,14.0,0.0,0.0,100.0,-7.0,7.0,8.0,18.0,0.0,43.041008,23.57558,0.0,0.0,86.28885,7.7305584,4.0,1.0,2.0,100.0,0.0
82.52788,183.88657,8.0,63.0,26.372984,0.0,0.0,100.0,-7.0,7.0,8.0,21.708471,2.0,25.683744,0.0,1.0,1.0,2.0,80.03648,2.0,1.0,0.0,33.0,0.0
84.86147,206.84312,14.0,122.64855,22.0,0.0,0.0,100.0,-7.0,7.0,8.0,22.0,0.0,49.927868,0.0,0.1372343,0.9458129,0.0,63.175884,1.0,1.0,0.0,33.0,0.0
85.0,277.71506,13.0,126.01893,22.0,0.0,0.0,100.0,-7.0,7.0,8.0,23.0,0.0,-9.0,-7.0,0.0,0.0,10.481486,-8.0,5.0,1.0,0.0,43.0,0.0
75.940796,281.93564,3.0,77.1964,13.0,0.0,0.0,100.0,-7.0,7.0,8.0,15.0,3.0,38.0,5.0,1.0,1.0,56.86605,56.04441,3.0,1.0,0.0,66.15555,0.0
88.0,278.20764,14.541726,114.506836,21.0,0.0,0.0,100.0,-7.0,7.0,8.0,19.0,0.0,58.37203,-7.0,2.0,1.0,3.0,88.581474,4.0,1.0,0.0,83.0,0.0
71.36782,195.45233,9.354311,68.89444,24.0,0.0,0.0,90.00897,30.668653,6.0,6.0,27.522417,1.0,15.0,-8.0,1.0,1.0,22.9333,-8.0,4.0,-8.0,1.0,43.624855,0.0
76.0,224.68246,7.0,137.60883,20.0,0.0,0.0,100.0,-7.0,7.0,8.0,20.438456,2.0,46.20688,5.9947295,1.0,1.0,70.70883,-8.0,2.0,4.0,1.0,78.0,0.0
73.0,-8.0,15.0,96.81811,18.0,1.0,0.0,93.0,47.47198,6.0,5.0,2.0579207,0.0,32.79674,-8.0,0.0,0.0,22.03961,-8.0,2.0,-8.0,1.0,33.0,0.0
89.0,155.85345,33.778282,121.426414,16.0,0.0,0.0,100.0,-7.0,7.0,8.0,19.0,0.0,28.0,4.0,0.0,0.0,7.3398933,-8.0,1.0,2.0,0.0,75.383705,0.0
74.945625,465.7959,4.0,84.0,69.56862,2.0,1.3245881,93.56506,50.48996,6.0,5.0,59.03435,4.0,50.0,1.0,3.0,3.0,19.466156,93.23075,5.0,2.0,0.0,56.103794,0.0
69.0,154.3415,5.0,70.0,32.0,0.0,0.0,100.0,79.09677,6.0,6.0,38.35186,5.0,62.523056,-7.9330983,1.0,1.0,48.10679,26.822805,6.0,21.4545,5.085481,88.4886,0.0
87.80689,273.60605,1.2349346,107.654785,14.0,0.0,0.0,100.0,-7.0,7.0,8.0,20.0,2.0,16.0,0.0,1.0,1.0,11.0,-8.0,5.0,-8.0,0.0,43.49733,0.0
77.0,271.83173,16.0,98.66042,36.0,0.0,0.0,92.0,9.772342,6.0,6.0,41.31812,0.0,5.722206,1.0,1.0,1.0,2.0,45.62612,2.0,1.0,0.0,-9.0,0.0
80.0,386.05164,3.0,83.60119,40.99413,0.0,0.0,100.0,-7.0,7.0,8.0,52.26551,4.0,25.0,7.0,0.0,0.0,11.0,45.46914,9.0,6.94159,0.0,63.08341,0.0
80.0,108.70868,7.0,55.468815,17.699076,0.0,0.0,95.0,25.24356,6.0,6.0,19.0,2.0,50.0,-7.0,0.0,0.0,45.52971,90.76255,3.0,3.0,0.0,80.0,0.0
86.0,308.10712,5.0,110.151474,10.0,0.0,0.0,100.0,-7.0,7.0,8.0,12.185502,1.0,24.0,3.0,1.0,1.0,2.0,-8.0,1.0,2.0,0.0,44.0,0.0
67.04119,58.707935,1.1590927,34.72392,22.0,0.0,0.0,100.0,-7.0,7.0,8.0,23.23611,6.0,15.304732,0.0,5.5100694,5.4053106,36.0,-8.0,7.0,1.0,1.0,56.0,0.0
62.0,139.52611,5.0,63.0,42.60706,0.0,0.0,82.66823,14.690498,6.0,5.0,54.33809,3.0,50.0,0.0,1.0,1.0,69.298294,-8.0,11.0,6.6087117,3.0,87.49234,0.0
75.0,48.346146,4.4109106,38.47487,19.847618,0.0,0.0,100.0,-7.0,7.0,8.0,26.0,3.0,75.39515,2.0,0.0,0.0,66.30874,84.007484,2.0,3.0,3.0,100.0,0.0
74.0,223.13715,5.878833,105.99714,15.545917,0.0,0.0,92.0,44.607594,6.0,6.0,11.0,1.0,33.0,2.0,0.0,0.0,57.6406,-8.0,2.1356325,1.0,0.0,71.0,0.0
72.0,187.86472,7.0,101.642235,29.0,2.540028,3.547259,91.0,27.877373,6.0,2.0,30.044529,2.0406404,40.0,0.0,2.0,2.0,6.0,20.906246,5.0,4.0,0.0,69.09218,0.0
87.0,218.69469,15.0,127.85884,9.457122,0.0,0.0,100.0,-7.0,7.0,8.0,3.9776442,0.0,26.528156,-7.0,0.0,0.0,13.0,-8.0,3.0,2.0,0.0,88.0,0.0
85.0,187.20403,6.4227686,60.384075,14.0,0.0,0.0,100.0,-7.0,7.0,8.0,16.0,1.0,64.700386,12.02741,1.0,1.0,16.0,49.625267,2.0,3.0,0.0,67.0,0.0
-9.0,-9.0,-9.0,-9.0,-9.0,-9.0,-9.0,-9.0,-9.0,-9.0,-9.0,-9.0,-9.0,-9.0,-9.0,-9.0,-9.0,-9.0,-9.0,-9.0,-9.0,-9.0,-9.0,0.0
70.0,136.12334,20.0,94.35392,33.0,1.0,1.0,100.0,-7.0,-5.3322153,6.0,27.0,0.0,32.56535,2.0,3.0,3.0,78.01686,-8.0,4.0,1.0,3.0,79.251205,0.0
83.51721,368.9277,25.142834,143.0647,17.0,0.0,0.0,93.171486,36.073643,6.0,6.0,15.0,0.0,18.0,-7.0,0.0,0.0,1.0,-8.0,2.0,1.0,0.0,25.756708,0.0
71.0,144.396,6.0,62.605694,15.0,0.0,0.0,100.0,-7.0,7.0,8.0,19.0,1.0,44.936283,0.0,3.0,2.0,34.073433,60.73694,2.0,5.0,2.0,56.424732,0.0
57.275837,211.86028,2.0,72.8595,37.90917,2.0,2.0,88.50241,2.0,3.1791773,5.489842,37.064346,5.3037014,44.0,3.2142432,0.0,0.0,16.0,-8.0,5.0,5.0,0.0,69.940445,0.0
74.0,191.99252,3.0,92.0,55.92735,0.0,0.0,100.0,32.514595,6.0,6.0,62.481476,2.0,54.389866,6.0,4.0,3.0,11.0,84.89255,7.0,1.2466887,1.0,64.02726,0.0
84.0,355.2576,10.0,156.22395,11.768968,0.0,0.0,89.636116,20.490463,6.0,6.0,13.61427,1.0,9.909882,-8.0,0.0,0.0,2.0,-8.0,2.0,1.0,0.0,44.737194,0.0
83.227165,118.6104,6.0,65.08906,12.328748,0.0,0.0,100.0,-7.0,7.0,8.0,11.0,2.0,72.12219,0.0,1.0,1.0,0.0,-8.0,1.0,3.0,0.0,88.0,0.0
83.0,188.69684,18.026237,83.0,21.0,0.0,0.0,100.0,-7.0,7.0,8.0,21.03342,0.0,17.0,11.832116,0.0,0.0,10.945345,73.71721,4.0,3.0,0.0,52.53968,0.0
83.0,205.38518,4.0,88.48433,29.0,0.0,0.0,96.0,19.62712,6.0,6.0,34.0,1.0,69.545715,-7.0,0.0,0.0,25.401468,81.566475,3.0,3.0,0.0,75.0,0.0
73.77062,195.14984,2.0,79.0,33.0,1.0,0.0,97.0,20.56198,4.0,5.0,32.0,3.0,20.0,2.0,2.0,2.0,27.219378,91.41555,4.8942347,2.0,0.0,40.0,0.0
72.0,-9.0,6.0,1.6994601,12.0,0.0,0.0,100.0,-7.0,7.0,8.0,5.3925147,3.0,23.0,-8.0,0.0,0.0,40.896427,65.18839,3.0,2.0,0.0,100.0,0.0
88.0,255.07286,10.0,82.905106,29.0,0.0,0.0,100.0,-7.0,7.0,8.0,32.0,2.0,45.144608,9.569178,0.0,0.0,8.0,-8.0,2.0,1.0,0.0,26.950533,0.0
71.78465,164.0334,-6.540894,58.368553,22.0,0.0,0.0,100.0,-7.0,7.0,8.0,26.685713,2.0,11.275444,0.0,1.0,1.0,40.97663,49.508934,4.0,2.0,2.0,40.0,0.0
78.21121,159.50385,11.0,84.47052,44.40556,0.0,0.0,100.0,-7.0,7.0,8.0,47.807186,2.0,29.0,-7.0,1.0,1.0,59.067547,37.783592,7.0,2.0,0.0,75.0,0.0
83.22974,348.3298,15.581903,102.380356,27.0,0.0,0.0,100.0,-7.0,7.0,8.0,26.663174,0.0,18.124435,2.0,0.0,1.0,37.20474,80.46291,3.9244168,2.0,0.0,38.003986,0.0
78.2351,188.63196,28.436022,187.98512,10.298496,0.0,0.0,84.71811,12.183887,4.0,6.0,12.88466,0.0,38.961308,-8.0,0.0,0.0,7.368034,-8.0,1.0,1.0,0.0,75.0,0.0
71.0,207.09164,31.162626,111.099266,23.0,1.0,2.0,89.8296,17.75504,6.0,2.0,21.0,0.0,25.0,3.0,1.0,1.0,60.748875,-8.0,5.0,1.0,2.0,63.0,0.0
75.0,172.03699,5.0,100.06615,13.0,0.0,0.0,100.0,-7.0,7.0,8.0,13.307514,2.0,20.0,0.0,0.0,0.0,53.046814,-8.0,4.0,-8.0,0.0,75.0,0.0
81.0,150.10518,7.0,74.0,28.0,0.0,0.0,96.0,7.450643,6.0,6.0,38.0,1.0,42.837585,0.0,2.0,3.0,6.0,13.563405,2.0,2.0,0.0,40.706898,0.0
86.0,326.28067,7.5842447,91.61692,25.0,0.0,0.0,100.0,-7.0,7.0,8.0,33.286816,1.0,29.0,-8.0,0.0,0.0,7.8856025,-8.0,5.0,0.8246661,0.0,60.090805,0.0
63.130665,165.64055,1.0,70.777725,28.0,1.0,0.0,83.170235,18.79389,6.0,4.414631,26.0,4.0,17.61381,0.0,5.6875706,5.0,61.66004,39.62749,2.0,2.0,1.0,57.0,0.0
85.0,103.00879,5.0,58.549297,5.2688246,0.0,0.0,100.0,-7.0,7.0,8.0,3.9868093,1.0,39.0,0.0,1.0,1.0,0.0,87.86513,1.0,2.0861404,0.0,84.847084,0.0
64.60507,112.437614,2.0,58.099686,19.0,0.0,0.0,92.0,37.21408,6.0,6.0,20.0,2.0,46.312115,0.0,2.0,2.0,48.600834,49.82818,7.0,3.0,3.0,80.0,0.0
89.0,176.79591,66.81426,109.93954,13.0,0.0,0.0,100.0,-7.0,7.0,8.0,14.0,0.0,18.0,0.0,2.0,2.0,1.0,-8.0,1.0,-8.0,0.0,27.153633,0.0
73.0,283.87372,3.0,75.0,25.0,1.0,0.0,96.095436,81.80229,6.0,4.0,31.0,5.0,25.028614,5.0,3.0,3.0,70.66735,77.142876,3.318543,2.0,3.0,69.849625,0.0
64.87617,134.80344,3.0,67.0,20.0,0.0,0.0,90.100624,22.369347,6.0,6.0,22.0,2.0,42.0,8.0,0.0,0.0,119.34006,56.31037,9.0,2.0,8.455977,100.0,0.0
70.99273,167.89171,4.0,58.0,31.497772,0.0,0.0,100.0,-7.0,7.0,8.0,34.67365,2.0,22.201292,0.0,3.0,3.0,9.0,-8.0,6.0,2.0,0.0,75.0,0.0
72.0,184.20944,12.0,64.8007,27.0,0.0,0.0,97.0,17.225843,6.0,6.0,24.0,2.682924,19.874203,0.0,1.0,0.0,17.0,-8.0,6.0,1.0,1.0,43.0,0.0
87.994484,225.34157,17.734936,99.455536,12.0,0.0,0.0,100.0,-7.0,7.0,8.0,16.0,0.0,30.592539,-8.0,0.0,0.0,4.98076,-8.0,2.0,1.0,0.0,56.0,0.0
78.0,215.06438,2.0,82.0,31.0,0.0,0.0,100.0,-7.0,7.0,8.0,38.0,2.0,29.286087,16.811697,0.0,0.0,18.7886,80.0,5.0,2.0,3.0,40.523636,0.0
72.0,301.731,7.0,124.71295,47.558926,0.0,0.0,100.0,-7.0,7.0,8.0,42.110947,1.0,32.675125,0.0,2.0,2.0,40.938263,42.606003,11.0,3.0,1.0,61.143856,0.0
83.608185,209.38777,12.609382,95.070496,30.350327,0.0,0.0,100.0,-7.0,7.0,8.0,31.531553,0.0,7.27043,4.8162103,1.0,1.0,4.609017,-8.0,1.0,1.0,0.0,18.86276,0.0
73.0,130.61107,1.0,59.94909,18.0,0.0,0.0,100.0,-7.0,7.0,8.0,16.0,3.0,29.992186,0.0,3.0,3.0,51.70409,79.60766,5.0,2.0,2.0,67.0,0.0
73.0,181.88348,14.514257,64.680595,32.0,2.0,0.0,94.0,36.708363,6.0,4.0,37.0,0.0,44.255474,2.9387434,0.0,0.0,32.0,53.48901,3.0,2.0,0.0,78.0,0.0
74.607765,124.26051,2.0,66.69494,14.0,0.0,0.0,100.0,-7.0,7.0,8.0,14.0,2.260393,10.77229,0.0,1.0,1.7524625,37.87943,132.13278,3.0,2.0,1.0,42.253017,0.0
85.0,385.48117,6.739629,131.28555,15.0,0.0,0.0,87.03836,36.102726,6.0,6.0,30.781687,1.0,23.0,5.0,2.0,2.0,5.0,-8.0,6.0,1.0,0.0,50.0,0.0
78.0,98.24033,9.0,63.81501,14.979549,0.0,0.0,100.0,-7.0,7.0,8.0,16.0,1.5024539,17.0,-7.0,0.0,0.0,50.347534,-8.0,3.0,1.0,1.0,44.0,0.0
61.407417,131.28122,2.0,47.962547,11.0,0.0,0.0,90.0,-7.0,6.0,6.0,11.0,1.1853821,33.0,0.0,2.0,2.0,47.403736,61.044365,5.0,3.0,2.0,86.0,0.0
71.0,153.31679,6.0,90.07656,28.0,0.0,0.0,97.0,31.742489,6.0,6.0,37.543194,1.0,77.20741,1.0,0.71846014,1.0,28.0,1.8645734,3.0,6.0,1.0,71.0,0.0
73.0,190.1711,2.9389808,56.21374,24.0,0.0,0.0,100.0,-7.0,6.0,8.0,30.137442,2.0,24.0,1.0,2.0,2.0,7.960618,89.91774,3.0,2.0,0.0,43.0,0.0
68.48908,183.5925,4.0,67.96837,36.0,0.0,0.0,100.0,-7.0,7.0,8.0,27.0,2.0,25.0,-7.0,4.3859496,4.849978,56.295036,-8.0,12.679574,2.0,5.849299,80.0,0.0
65.0,275.94815,3.0,94.0,19.0,0.0,0.0,93.0,8.219316,6.0,6.0,21.0,1.0,44.564693,1.0,2.0,2.0,61.83903,76.675705,6.8405175,4.0,2.0,83.0,0.0
88.0,182.09262,10.060073,73.59406,9.0,0.0,0.0,100.0,-7.0,7.0,8.0,14.0,2.0,4.671243,0.0,3.0,2.0,0.0,-8.0,1.0,-9.0,0.0,33.0,0.0
66.0,356.6993,13.789586,101.285225,22.0,0.0,0.0,100.0,-7.0,7.0,8.0,25.265425,0.0,24.0,9.0,1.0,1.0,44.744442,-8.0,11.0,1.0,6.3800073,78.36815,0.0
78.0,216.22499,8.0,55.954796,19.0,0.0,0.0,100.0,-7.0,7.0,8.0,23.0,4.0,18.438534,12.375235,0.0,0.0,2.0,-8.0,4.0,1.0,0.0,50.0,0.0
63.3781,434.61267,15.0,86.0,12.0,1.0,0.0,-9.0,2.4437954,0.0,6.0,15.0,0.0,53.71731,20.29562,0.0,0.0,45.236057,59.43849,4.0,4.0,1.0,94.37982,0.0
83.0,298.72275,3.0,94.0,37.588425,0.0,0.0,100.0,-7.0,7.0,8.0,49.063156,2.0,16.0,0.0,2.0,2.0,2.0,-8.0,5.0,1.0,0.0,45.271984,0.0
84.0,146.7329,24.11623,96.827156,14.93436,0.0,0.0,100.0,-7.0,7.0,8.0,15.0,0.0,21.0,22.945997,0.0,0.0,7.0,52.533104,4.0,2.0,0.0,89.06601,0.0
76.0,88.914116,11.0,58.978832,20.0,0.0,0.0,100.0,-7.0,7.0,8.0,22.0,0.0,33.0,4.0,2.0,1.0,36.299202,79.40718,2.0,2.0,0.0,82.492424,0.0
81.0,433.3162,6.0,88.28785,25.0,0.0,0.0,100.0,-7.0,7.0,8.0,26.0,2.0,20.0,12.891189,0.0,0.0,18.455814,100.0,7.243735,3.0,0.0,67.0,0.0
-3.1385283,193.55327,8.0,93.4897,29.0,0.32921472,0.0,82.896034,11.492756,-9.0,4.0,32.0,1.0,33.0,0.0,5.8398337,5.9378395,87.98872,77.62581,10.36894,3.0,4.0,86.0,0.0
62.259357,84.947296,10.0,74.0,14.633806,3.3716855,3.6060135,100.0,-7.0,6.0,8.0,16.0,0.0,55.718098,4.0,0.0,0.0,76.29155,76.85023,4.0,2.0,3.267603,100.0,0.0
89.43201,196.4764,7.0,111.19459,20.595692,0.0,0.0,100.0,-7.0,7.0,8.0,20.0,1.0,25.0,0.0,1.0,1.0,1.0,73.75227,3.0,1.0,0.0,45.629047,0.0
-9.0,-9.0,-9.0,-9.0,-9.0,-9.0,-9.0,-9.0,-9.0,-9.0,-9.0,-9.0,-9.0,-9.0,-9.0,-9.0,-9.0,-9.0,-9.0,-9.0,-9.0,-9.0,-9.0,0.0
73.0,199.19754,4.0,106.69901,14.40659,0.0,0.0,95.0,45.81858,6.0,6.0,17.0,3.0,17.0,0.0,1.0,1.0,63.910778,-8.0,4.0,1.0,0.0,63.665245,0.0
89.0,462.80222,15.0,113.84418,14.0,0.0,0.0,100.0,-7.0,7.0,8.0,14.532197,0.0,40.0,6.3891525,0.0,0.0,9.0,23.63595,1.0,2.9458897,0.0,56.0,0.0
70.614044,167.71007,3.0,60.15764,34.0,1.0,1.0,94.0,32.617817,6.0,5.0,33.0,3.0,28.210543,2.0,2.0,2.0,12.0,-8.0,6.0,-8.0,0.0,40.0,0.0
75.0,346.60754,2.0,74.77235,25.0,0.0,0.0,95.0,64.933655,6.0,6.0,29.0,1.0,28.0,0.0,1.0,1.0,21.0,57.34475,2.0,1.0,2.0,27.80653,0.0
71.0,119.477356,7.0,31.577507,14.0,1.0,1.0,97.0,72.01345,6.0,2.0,15.0,2.0,38.0,0.0,1.0,1.0,78.67021,92.882576,4.0,2.0,1.0,100.0,0.0
-9.0,-9.0,-9.0,-9.0,-9.0,-9.0,-9.0,-9.0,-9.0,-9.0,-9.0,-9.0,-9.0,-9.0,-9.0,-9.0,-9.0,-9.0,-9.0,-9.0,-9.0,-9.0,-9.0,0.0
85.0,491.24017,10.0,120.314644,25.23802,0.0,0.0,100.0,-7.0,7.0,8.0,22.0,0.0,15.80747,17.998205,0.0,0.0,3.0,71.0,4.752861,3.0,0.0,55.57237,0.0
75.98656,162.44148,7.0,83.0,11.235284,1.0,0.0,95.04396,9.484448,6.0,6.0,9.704196,1.0,45.0,0.0,1.0,1.0,21.0,68.28625,3.0,2.0,0.0,58.0,0.0
84.0,386.7143,18.413748,103.62628,24.0,0.0,0.0,100.0,-7.0,7.0,8.0,23.0,0.0,35.0,8.447928,0.0,0.0,19.785389,73.171394,4.0,4.3908477,0.0,72.13626,0.0
81.0,77.632324,3.0,62.40626,31.0,0.0,0.0,100.0,-7.0,7.0,8.0,46.048523,5.0,30.0,4.0,4.0,3.0,2.0,72.64625,2.0,3.0,0.0,57.19395,0.0
84.72835,212.82889,54.35349,124.0997,8.967849,0.0,0.0,100.0,-7.0,7.0,8.0,9.3235445,0.0,20.0,-8.0,0.0,0.0,29.999105,-8.0,4.0,1.0,0.0,80.0,0.0
89.0,132.8756,4.0,87.599,41.026295,0.0,0.0,100.0,-7.0,7.0,8.0,46.97189,1.0,17.0,0.0,1.0,1.0,1.0,50.459927,3.0,1.0,0.0,-9.0,0.0
87.0,157.14792,5.0,70.73855,24.829561,0.0,0.0,100.0,-7.0,7.0,8.0,38.156258,2.0,33.0,-8.0,0.0,0.0,7.693632,75.77849,3.0,2.0,0.0,67.0,0.0
69.80532,281.15836,3.0,79.77731,18.0,0.0,0.0,90.0,41.90868,6.0,6.0,20.0,2.0,21.0,9.0,0.0,0.0,31.39229,80.0,11.0,2.0,2.0,100.0,0.0
71.723755,-8.0,13.0,30.161587,6.528926,0.0,0.0,100.0,-7.0,7.0,8.0,3.3462734,0.0,80.42014,8.0,0.0,0.0,0.0,47.92344,0.79881215,1.0,-8.370947,70.0,0.0
75.78428,175.13002,6.0,76.13953,37.45721,0.0,0.0,100.0,-7.0,7.0,8.0,31.0,4.0,29.0,-7.0,1.0,0.0,22.931103,87.90185,8.0,3.0,1.0,70.3968,0.0
54.727253,-9.0,3.0,26.656334,-9.0,1.8947505,1.0,56.494255,35.225174,6.0,2.0,4.2312684,2.0,33.0,-7.0,0.0,0.0,46.790394,-8.0,3.9055064,1.0,0.0,100.0,0.0
80.0,222.1314,11.0,77.06258,30.67148,0.0,0.0,100.0,-7.0,7.0,8.0,37.0,0.0,25.930117,-7.0,1.4406145,1.0,15.041294,66.80705,4.0,3.0,0.0,70.449234,0.0
74.0,240.63446,4.0,70.22249,25.694456,0.0,0.0,95.0,-7.0,-9.0,6.0,15.0,1.0,14.0,0.0,1.0,1.0,6.0,27.81056,4.0,2.0,0.0,33.368656,0.0
71.0,261.40002,7.0,92.0,27.0,2.3175573,1.0,83.3802,23.567139,6.0,3.0,31.390804,2.0,57.69451,0.0,6.413242,6.2038355,7.0,-8.0,4.8917613,-9.0,0.0,44.0,0.0
81.03992,201.11168,3.0,62.687286,21.0,0.0,0.0,100.0,-7.0,7.0,8.0,22.0,2.0,53.758,0.0,2.0,2.0,37.87005,91.0,3.0,3.0,0.0,91.40501,0.0
74.96103,90.40869,4.0,68.989586,16.0,0.0,0.0,93.5719,32.92717,6.0,6.0,-4.436343,5.0,20.530071,0.0,4.8931584,4.0,15.663987,-8.0,4.264478,1.0,0.0,75.0,0.0
76.0,141.12653,5.0,67.0,50.47835,0.0,0.0,100.0,-7.0,7.0,8.0,47.879,1.0,42.0,8.389927,0.0,0.0,27.088337,77.87981,8.0,2.0,1.0,75.0,0.0
86.0,223.4747,6.0,79.0,21.0,0.0,0.0,100.0,-7.0,7.0,8.0,21.0,1.0,31.167488,13.4911375,1.0,1.0,1.0,100.0,2.0,2.0,0.0,33.0,0.0
87.0,251.23746,5.0,96.27338,30.844162,0.0,0.0,100.0,9.31592,6.0,6.0,34.0,2.0,29.0,0.0,2.0,1.4826826,1.0,-8.0,2.0,1.0,0.0,32.815704,0.0
65.226944,220.31131,4.9307775,84.99803,13.068439,0.0,0.0,77.46734,19.742619,6.0,6.0,16.0,2.0,22.0,0.0,0.0,0.0,34.72559,-8.0,6.0,1.0,2.0,67.0,0.0
-9.0,-9.0,-9.0,-9.0,-9.0,-9.0,-9.0,-9.0,-9.0,-9.0,-9.0,-9.0,-9.0,-9.0,-9.0,-9.0,-9.0,-9.0,-9.0,-9.0,-9.0,-9.0,-9.0,0.0
78.0,198.44255,26.048456,91.74774,18.0,0.0,0.0,100.0,-7.0,7.0,8.0,23.0,0.0,21.0,5.5253134,0.0,0.0,46.07884,-8.0,1.0,1.0,1.0,50.0,0.0
60.638294,91.75349,4.0,-9.0,15.80148,0.0,0.0,95.88746,6.080287,5.477738,6.0,16.965302,4.7853727,45.0,0.0,2.0,2.0,38.99274,34.883278,4.0,3.0,1.0,58.0,0.0
65.0,276.64917,4.0,84.24038,39.0,0.0,0.0,96.837616,31.346466,6.0,6.0,47.53249,1.0,29.0,16.488111,0.0,0.0,71.21047,76.0,11.0,3.0,3.0,100.0,0.0
77.0,116.93533,2.0,41.251728,14.0,0.0,0.0,100.0,-7.0,7.0,8.0,14.197953,3.0,-9.0,3.0,3.0,2.7347147,17.855635,80.0,4.0,1.0,0.0,54.99876,0.0
71.0,174.39093,2.0,62.807323,42.69037,0.0,0.0,100.0,26.674082,6.0,6.0,62.231308,4.6591697,39.621864,1.0,1.0,1.0,72.33943,88.46898,5.0,2.0,2.7639585,67.0,0.0
80.0,191.06523,5.9619846,71.0,15.0,0.0,0.0,100.0,-7.0,7.0,8.0,16.0,2.0,66.43099,0.0,0.0,0.0,28.0,81.50622,3.0,2.0,1.0,75.0,0.0
66.0,201.75832,5.0,104.93829,24.0,1.0,1.0,81.65351,2.0,5.419288,5.0,18.0,3.0,24.0,12.17698,1.0,1.0,20.359484,74.18292,2.0,3.0,0.0,44.0,0.0
82.0,315.57416,5.0,93.0,40.77228,0.0,0.0,100.0,-7.0,7.0,8.0,40.414227,1.0,50.0,7.9354086,0.0,0.0,0.322077,85.52368,4.0,5.400244,0.0,50.0,0.0
72.0,482.2033,37.92854,174.60204,30.0,0.0,0.0,94.25768,33.467545,6.0,6.0,34.0,0.0,36.0,16.0,0.0,0.0,37.813675,-8.0,4.0,2.0,2.0,43.0,0.0
73.0,170.11082,3.0,79.0,13.0,1.0,1.1972377,70.84199,29.513807,6.0,2.0,12.0,1.0,34.329937,-7.4708624,0.0,0.0,1.0,93.60565,2.0,2.0,0.0,67.0,0.0
83.0,160.09355,2.0,81.16894,20.0,0.0,0.0,100.0,-7.0,6.0,8.0,19.0,1.0,50.0,-7.0,1.0,1.0,16.0,85.69081,1.0,3.0,0.0,68.38122,0.0
82.0,288.28452,15.049123,115.54096,36.0,0.0,0.0,100.0,-7.0,7.0,8.0,26.0,0.0,16.0,9.796739,0.0,0.0,15.895814,-8.0,6.0,1.0,0.0,33.0,0.0
89.0,120.31336,12.915052,84.75397,19.0,0.0,0.0,100.0,-7.0,7.0,8.0,21.970139,0.0,38.0,21.184923,0.0,0.0,1.0,80.0,1.0,2.0,0.0,50.0,0.0
69.0,181.65027,2.0,94.0,20.4598,0.0,0.0,89.0,24.399382,6.0,6.0,25.458248,2.0,10.521585,1.0,1.0,1.0,22.968021,80.0,8.561533,1.0,1.0,60.0,0.0
-9.0,226.94423,7.0,91.05662,25.28856,1.0,1.0,90.357086,4.0,4.0,5.0,33.0,2.0,16.0,0.0,1.0,1.0,57.75493,-8.0,5.0,1.0,1.0,100.0,0.0
82.41668,271.62527,7.0,54.739357,13.0,0.0,0.0,100.0,-7.0,7.0,8.0,14.0,2.0,43.0,0.0,1.0,1.0,16.728783,29.133587,2.0,2.0,0.0,55.590847,0.0
71.0,332.65198,2.0,109.31335,27.0,0.0,0.0,97.487686,80.65271,6.0,6.0,28.0,3.0,20.0,0.0,1.0,1.0,64.68878,57.52576,4.0,3.0,3.0,69.61637,0.0
57.00805,78.94649,9.0,33.842957,20.0,0.0,0.0,100.0,-7.0,7.0,8.0,18.0,1.0,57.06305,0.0,0.0,0.0,116.55236,15.019088,12.740927,4.0,10.30199,100.0,0.0
-9.0,133.45085,2.0,42.030724,19.0,0.0,0.0,88.0,3.4616616,6.0,6.0,24.525003,3.0,40.0,0.0,2.0,2.0,41.3143,-8.0,4.0,3.0,2.0,60.0,0.0
59.952774,252.71196,66.64208,202.61298,-9.0,4.183478,2.0,-9.0,24.268656,6.0,2.0,7.0,0.0,12.653269,0.0,3.8367178,4.0,37.149445,-8.0,0.0,-8.0,-9.0,67.0,0.0
61.763603,135.97821,1.0,47.748886,17.775778,0.0,0.0,100.0,-7.0,7.0,8.0,20.0,2.0,21.419945,0.0,0.0,0.0,66.16366,84.03679,6.0,4.0,8.667949,56.0,0.0
69.0,163.71156,1.0,88.21872,48.66746,1.0,1.0,90.25549,0.03496782,5.0,5.902352,55.932816,5.0,14.0,0.0,5.0,5.0891466,9.0,93.03247,4.148998,4.0,0.0,36.192814,0.0
56.85511,292.1201,17.068674,77.0,23.0,0.0,0.0,82.017235,3.3512242,4.0,5.359503,27.0,0.0,22.0,-7.0,1.0,1.0,93.38574,36.476044,3.0,2.0,1.0,88.0,0.0
73.0,-6.4524145,4.0,26.30216,10.0,0.0,0.0,100.0,-7.0,7.0,8.0,9.0,4.0,73.63941,1.0,0.0,0.0,40.927616,98.32915,2.0,2.0,2.0,88.0,0.0
65.76912,82.42967,15.232208,65.0,15.0,0.0,0.0,88.0,17.098963,6.0,6.0,13.0,0.0,54.49996,0.0,1.139785,1.0,53.397972,74.84391,5.0,3.0,1.0,100.0,0.0
80.0,417.23587,17.2434,94.62267,44.13431,0.0,0.0,100.0,-7.0,7.0,8.0,53.906475,0.0,1.286429,-7.0,0.0,0.0,13.0,-8.0,5.0,-8.0,0.0,50.0,0.0
-9.0,-9.0,-9.0,-9.0,-9.0,-9.0,-9.0,-9.0,-9.0,-9.0,-9.0,-9.0,-9.0,-9.0,-9.0,-9.0,-9.0,-9.0,-9.0,-9.0,-9.0,-9.0,-9.0,0.0
58.397343,199.41762,2.0,84.68014,34.0,1.0,0.0,87.708664,21.383923,6.0,5.0,34.0,4.0,33.0,0.0,1.1283035,1.0,78.49421,96.34586,11.0,3.0,4.0,86.0,0.0
77.0,147.62917,8.0,72.93224,12.0,1.0,0.0,78.99257,23.89754,6.0,4.0,13.561569,1.0,47.0,18.447556,0.0,0.0,3.0,-8.0,3.0,2.0,0.0,100.0,0.0
86.0,295.49118,1.7567691,81.0,20.0,0.0,0.0,100.0,-7.0,7.0,8.0,28.0,6.0,33.0,2.0,1.0,1.0,11.0,-8.0,3.0,2.0,0.0,43.0,0.0
65.0,125.88245,6.0,84.0,-5.110763,2.0,2.0,95.0,30.900585,6.0,2.0,7.0744457,2.0,18.0,0.0,3.0,3.0290039,73.32893,-8.0,2.0,1.0,2.0,76.722435,0.0
89.0,421.2528,32.96114,214.10808,5.8862042,0.0,0.0,100.0,-7.0,7.0,8.0,-9.0,0.0,25.0,0.0,0.0,0.0,0.0,-8.0,-9.0,-8.0,0.0,-9.0,0.0
79.510025,96.46802,6.0,68.0,29.0,0.0,0.0,97.0,23.154799,6.0,6.0,36.199467,1.0,41.0,0.0,4.0,5.0,17.757332,35.35517,2.0,5.0,0.0,50.0,0.0
84.0,274.69354,4.642881,74.0,14.0,0.0,0.0,100.0,-7.0,7.0,8.0,16.0,2.0,19.0,9.644915,1.0,0.0,25.18726,-8.0,1.2258576,1.0,0.0,50.0,0.0
76.0,218.33777,3.0,88.35832,23.0,0.0,0.0,100.0,-7.0,7.0,8.0,20.893751,3.0,37.970436,0.0,1.0,1.0,38.444054,97.7365,6.0,3.0,1.0,73.0,0.0
72.0,333.1347,5.9502783,103.661736,38.68668,0.0,0.0,96.0,18.563736,6.0,6.0,40.808525,2.0,25.35114,0.0,1.0,1.0,36.0,84.00974,4.0,2.0,0.0,38.0,0.0
73.0,142.17827,-0.7793346,54.646385,27.0,2.0,1.7306905,92.0,55.00292,6.0,3.820662,31.0,8.831641,64.20939,0.0,6.459197,6.392246,4.875064,98.33921,2.0,5.0,0.0,60.0,0.0
89.04215,150.48671,33.149857,111.34201,36.552433,0.0,0.0,100.0,-7.0,7.0,8.0,34.0,0.0,5.8691726,-8.0,0.0,0.0,4.0,-8.0,3.0,-8.0,0.0,16.96602,0.0
77.0,244.30742,9.0,119.9858,20.0,1.0,0.0,97.0,64.26088,6.0,6.0,23.668718,1.0,47.0,0.0,2.0,1.0,17.38197,-8.0,2.0,1.0,1.0,52.019157,0.0
83.0,152.7031,7.0,65.32404,9.36245,0.0,0.0,100.0,-7.0,7.0,8.0,7.0,1.0,19.938972,-7.0,0.0,0.0,0.42712644,-8.0,1.0,1.0,0.0,25.0,0.0
68.0,-9.0,-5.456275,36.956886,22.0,0.0,0.0,100.0,-7.0,7.0,8.0,23.0,10.976303,39.718487,0.0,4.0,4.0,7.0586257,-8.0,4.0,1.0,0.0,78.00148,0.0
85.03754,182.17322,20.0,75.54765,29.0,0.0,0.0,100.0,-7.0,6.0,7.2139764,30.931877,0.0,31.0,0.0,3.0,3.0,1.0,51.492455,1.0,2.0,0.0,22.269209,0.0
89.0,236.38727,21.343142,108.89332,10.651023,0.0,0.0,100.0,-7.0,7.0,8.0,9.981646,0.0,22.0,0.97187626,1.0,0.0,0.0,-8.0,2.0,1.0,0.0,43.0,0.0
68.0,257.2526,5.0,83.24166,32.589825,0.0,0.0,89.0,23.9085,6.0,6.0,34.375072,1.0,26.0,-7.0,0.0,0.0,63.444073,59.65267,6.7748556,6.0,3.0,78.0,0.0
78.423096,487.06094,2.0,124.71022,26.0,0.0,0.0,96.96297,54.17468,6.0,6.0,24.0,1.0,38.0,2.0,1.0,1.0,6.0,84.00195,8.0,1.0,0.0,85.414856,0.0
85.0,193.35852,4.0,63.81054,17.0,0.0,0.0,100.0,-7.0,7.0,8.0,26.683104,4.0,25.592577,1.0,2.0,1.0,2.0,-8.0,1.0,1.0,0.0,33.08363,0.0
81.0,180.1698,6.0,86.12849,37.163094,0.0,0.0,100.0,-7.0,7.0,8.0,41.6778,2.0,21.0,0.0,4.0,3.0,4.617433,47.130825,3.0,1.0,0.0,27.817394,0.0
-9.0,-9.0,-9.0,-9.0,-9.0,-9.0,-9.0,-9.0,-9.0,-9.0,-9.0,-9.0,-9.0,-9.0,-9.0,-9.0,-9.0,-9.0,-9.0,-9.0,-9.0,-9.0,-9.0,0.0
86.0,250.91676,4.0,95.54553,22.0,0.0,0.0,100.0,-7.0,7.0,8.0,29.0,2.0,36.0,-7.0,0.0,0.0,6.0,-8.0,3.0,1.0,0.0,39.77272,0.0
89.06621,417.78375,15.0,126.36158,25.0,0.0,0.0,100.0,-7.0,7.0,8.0,28.0,0.0,59.763638,0.0,0.0,0.0,1.0,81.876366,2.0,3.0,0.0,73.0,0.0
78.0,81.99352,13.026151,45.639095,12.32787,0.0,0.0,100.0,-7.0,7.0,8.0,12.0,2.0,92.88205,3.0,1.0,1.0,0.0,88.0665,0.0,19.566359,0.0,75.0,0.0
85.97639,207.33128,8.0,130.64786,18.802326,0.0,0.0,100.0,-7.0,7.0,8.0,22.0,1.0,29.0,3.0,1.0,1.0,19.012245,-8.0,5.0,2.0,1.0,57.0,0.0
66.0,106.03999,7.0,42.371227,17.0,1.0,1.0,100.0,-7.0,7.0,8.0,23.0,3.0,36.0,4.0,0.0,0.0,46.851425,-8.0,4.0,2.0,1.0,82.83835,0.0
78.02896,220.33788,26.145588,92.0,16.0,0.0,0.0,100.0,-7.0,7.0,8.0,22.84656,0.0,32.295517,8.463897,0.0,0.0,62.744564,82.0,3.0,1.0,0.0,75.0,0.0
69.0,130.9684,-9.0,61.628033,42.5767,0.0,0.0,100.0,-7.0,7.0,8.0,38.0,3.0,25.53438,0.0,4.056236,4.0,39.095383,-8.0,11.0,2.0,3.0,67.0,0.0
72.0,194.94868,6.0,100.816185,21.0,2.0,2.0,81.93435,11.588628,3.755634,6.0,23.0,2.0,22.0,8.082942,0.0,0.0,0.0,-8.0,1.0,1.0,0.0,19.239754,0.0
73.0,-8.0,1.0,70.0346,17.0,0.0,0.0,100.0,-7.0,7.0,8.0,5.386193,2.0,43.0,-7.0,0.0,0.0,33.95799,94.436806,5.0,3.0,1.0,78.75771,0.0
85.0,94.110146,5.0,70.77154,23.91595,0.0,0.0,100.0,-7.0,7.0,8.0,26.39892,2.0,28.0,0.0,0.0,0.0,1.0,57.972477,2.0,2.0,0.0,33.0,0.0
80.118286,305.1279,21.500225,135.23387,22.0,0.0,0.0,100.0,-7.0,7.0,8.0,34.187397,0.0,37.0,5.0,0.0,0.0,18.0,57.188934,4.0,3.0,2.0,51.216396,0.0
-9.0,-9.0,-9.0,-9.0,-9.0,-9.0,-9.0,-9.0,-9.0,-9.0,-9.0,-9.0,-9.0,-9.0,-9.0,-9.0,-9.0,-9.0,-9.0,-9.0,-9.0,-9.0,-9.0,0.0
84.0,213.96953,2.0,91.53213,27.094866,0.0,0.0,100.0,-7.0,7.0,8.0,12.0,5.0,13.553013,4.0,2.0,2.0,5.0,-8.0,7.0,1.0,0.0,44.51083,0.0
75.0,125.39217,17.33335,85.00135,15.937932,0.0,0.0,100.0,-7.0,7.0,8.0,15.0,0.0,4.4743314,6.0,1.0,0.70508844,36.0,-8.0,3.0,1.0,2.0,45.853157,0.0
71.89412,303.47488,31.523716,153.31793,20.655025,0.0,0.0,91.37197,8.015104,6.0,6.0,19.0,0.0,15.840933,0.0,2.0,2.0,52.310078,75.928,4.0,2.0,1.0,80.0,0.0
70.0,80.121414,4.0,61.40062,16.0,0.0,0.0,100.0,-7.0,7.0,8.0,5.1311727,4.0,50.23119,0.0,4.0,3.0,80.03948,93.45425,2.0,3.0,2.0,70.37092,0.0
82.0,304.3897,3.0,97.28778,12.46375,0.0,0.0,90.0,19.564735,6.0,6.0,15.0,2.0,29.0,1.0,2.0,2.0,0.0,-8.0,1.0,-8.553055,0.0,33.0,0.0
82.0,139.861,3.0,63.0,33.9465,0.0,0.0,100.0,-7.0,7.0,8.0,42.497818,3.0,41.420387,0.0,1.0,1.0,3.0,45.942635,2.7695532,3.0,0.0,52.945393,0.0
87.82967,139.45,8.0,117.49312,22.552818,0.0,0.0,100.0,-7.0,7.0,8.0,31.0,0.0,40.072426,0.0,0.0,0.0,5.0,-8.0,3.0,2.0,0.0,56.33111,0.0
87.40394,240.06851,4.3609,103.31558,12.0,0.0,0.0,100.0,-7.0,7.0,8.0,15.0,1.0,46.50782,-7.0,0.0,0.0,0.0,46.24113,1.0,1.0,0.0,50.0,0.0
82.0,136.15381,8.0,57.39991,13.0,0.0,0.0,100.0,-7.0,7.0,8.0,12.102989,1.0,58.16509,-7.0,0.0,0.0,64.34321,69.05979,1.0,3.0,0.0,89.67588,0.0
87.931244,279.18488,3.0,137.23483,39.0928,0.0,0.0,100.0,-7.0,7.0,8.0,48.155293,1.0,13.147022,6.4869347,0.0,0.0,4.787445,-8.0,4.0,1.0,0.0,28.038181,0.0
-9.0,-9.0,-9.0,-9.0,-9.0,-9.0,-9.0,-9.0,-9.0,-9.0,-9.0,-9.0,-9.0,-9.0,-9.0,-9.0,-9.0,-9.0,-9.0,-9.0,-9.0,-9.0,-9.0,0.0
83.0,308.60834,6.0,259.7571,15.0,0.0,0.0,100.0,-7.0,7.0,8.0,17.0,1.0,32.515656,0.0,0.0,0.0,27.90819,-8.0,6.0,1.0,0.0,80.0,0.0
83.0,261.72577,23.216002,96.64752,18.0,0.0,0.0,100.0,-7.0,7.0,8.0,6.8079944,0.0,43.495598,5.0,0.0,0.0,10.0,61.64937,3.0,2.0,1.0,83.0,0.0
85.0,139.52348,12.0,60.549534,25.0,0.0,0.0,100.0,-7.0,7.0,8.0,38.0,0.0,17.81978,7.6028047,0.0,0.0,1.0,-8.0,2.0,2.0,0.0,45.61606,0.0
87.0,129.32422,15.0,91.690994,3.0630493,0.0,0.0,100.0,-7.0,7.0,8.0,4.0068016,0.0,42.0,0.0,3.0,2.0,0.0,-8.0,0.017867455,1.0,0.0,50.0,0.0
56.237076,454.023,2.0,177.5156,15.0,3.0,3.818955,87.03925,42.214363,4.0,4.0,19.0,1.0,26.036852,0.0,3.0,3.0,0.0,142.97902,0.43381798,2.0,0.0,38.36573,0.0
76.1149,209.49547,22.598755,125.812225,24.0,0.0,0.0,95.0,24.748865,6.0,6.0,26.763025,0.0,-9.0,-7.0,0.0,0.0,1.0,-8.0,2.0,-8.0,1.0,40.0,0.0
70.0,337.1459,10.604632,109.5294,28.0,0.0,0.0,100.0,-7.0,7.0,8.0,24.713608,1.0,2.083195,0.0,1.0,0.0,45.603935,-8.0,10.9513,1.0,3.921582,78.0,0.0
65.1836,308.58124,3.0,106.34684,25.0,0.0,0.0,95.0,25.549572,6.0,6.0,30.005219,2.0,22.0,0.0,2.0,2.0,52.484554,76.03379,9.0,1.2810783,2.0,71.0,0.0
87.0,244.1445,7.0,147.6511,20.0,0.0,0.0,100.0,-7.0,7.0,8.0,23.152521,1.0,7.383052,3.0,0.0,0.0,5.769193,-8.0,2.0,2.0,0.0,75.0,0.0
80.0,218.21237,7.3022976,79.91758,27.0,0.0,0.0,100.0,-7.0,7.0,8.0,24.0,2.0,33.0,0.0,2.0,2.0,3.0,-8.0,5.0,3.0,0.0,83.0,0.0
68.0,154.20401,4.0,43.878544,19.426115,0.0,0.0,100.0,-7.0,7.0,8.0,19.0,3.0,25.426662,20.166803,0.0,0.0,58.97053,84.68936,9.0,3.0,3.0,85.58094,0.0
73.0,233.18753,3.0,96.71119,36.0,0.0,0.0,95.0,21.713066,6.0,6.0,47.24454,4.0,41.736107,-8.0,0.0,0.0,61.33877,97.85656,6.0,2.0,3.0,100.0,0.0
79.0,150.91634,6.0,60.104786,30.0,0.0,0.0,100.0,-7.0,7.0,8.0,39.672028,0.0,45.0,7.0,0.0,0.0,18.0,49.643494,3.0,2.0,0.0,75.0,0.0
83.0,214.5369,21.834232,119.40794,15.0,0.0,0.0,100.0,-7.0,7.0,8.0,16.0,0.0,31.0,0.0,3.0,3.0,4.0,-8.0,1.8478203,1.0,0.0,16.47646,0.0
72.0,258.1207,1.0,92.0,49.263916,0.0,0.0,100.0,-7.0,7.0,8.0,77.21989,2.0,50.0,0.0,2.0,2.0,57.83397,78.19088,2.0,3.0,1.0,50.0,0.0
84.0,240.0382,52.73865,167.75859,16.601654,1.0,0.0,94.0,20.902681,6.0,5.0,18.0,0.0,33.0,-8.0,0.0,0.0,9.683018,-8.0,1.0,1.0,0.0,44.0,0.0
78.0,197.06795,11.0,90.0,24.0,0.0,0.0,100.0,-7.0,7.0,8.0,22.0,0.0,38.0,0.0,1.0,1.0,35.11769,8.407719,5.0,2.0,1.0,88.70197,0.0
77.0,296.91324,3.0,142.31769,59.7221,0.0,0.0,100.0,-7.0,7.0,8.0,16.0,4.0,21.0,4.0,3.0,3.0,26.1637,80.783775,7.0,4.0,2.0,50.0,0.0
81.67549,199.82848,9.0,84.96525,20.0,0.0,0.0,100.0,-7.0,7.0,8.0,21.0,1.0,25.151974,4.8785915,0.0,0.0,24.588484,-8.0,4.0,1.0,0.0,41.749477,0.0
22.518078,205.66898,2.0,63.378834,32.22404,0.0,0.0,91.12635,23.39592,6.0,6.0,38.538403,3.0,24.6159,0.0,3.0,2.0,98.337944,91.22646,24.226389,4.0,10.411686,90.62294,0.0
80.0,288.55664,5.0,99.120445,28.830362,1.0,0.0,95.0,45.895733,6.0,5.0,28.487524,2.0,7.4609456,9.381295,0.0,0.0,9.0,-8.0,6.0,0.5164496,0.0,31.907562,0.0
69.0,171.01051,20.0,110.64207,8.0,1.0,1.0,71.19375,3.372762,3.7362154,6.0,13.156925,0.0,27.0,0.0,0.0,0.0,6.0,-8.0,1.0,1.0,0.0,35.932056,0.0
-9.0,-9.0,-9.0,-9.0,-9.0,-9.0,-9.0,-9.0,-9.0,-9.0,-9.0,-9.0,-9.0,-9.0,-9.0,-9.0,-9.0,-9.0,-9.0,-9.0,-9.0,-9.0,-9.0,0.0
78.0,280.03543,4.0,93.87766,18.0,0.0,0.0,100.0,-7.0,7.0,8.0,22.536499,1.0,51.942192,0.0,3.0,3.0,57.897923,-8.0,2.0,2.0,0.0,100.0,0.0
82.0,187.08374,7.0,94.0,30.0,1.0,1.0,95.0,60.501667,6.0,5.3237357,35.0,2.0,37.809696,6.005505,0.0,0.0,7.476182,100.0,6.0,3.0,0.0,100.0,0.0
79.0,231.44095,27.376726,118.74649,24.0,0.0,0.0,100.0,-7.0,7.0,8.0,23.0,0.0,40.0,0.0,0.0,0.0,27.590664,95.355194,4.0,3.0,0.0,75.0,0.0
74.0,162.42233,3.0,61.0,42.732956,2.0,2.0,92.0,16.002142,6.0,4.8501954,54.481876,4.764557,23.0,1.0,2.0,2.0,2.0,89.14236,2.0,3.0,0.0,29.02675,0.0
68.0,164.57898,4.0,67.0,13.984243,1.1183141,1.0,100.0,-7.0,6.0,8.0,21.0,5.0,50.0,0.0,2.0,1.9990056,8.9445,19.852383,3.0,1.0,0.0,80.0,0.0
78.0,93.20133,10.0,61.0,20.447273,0.0,0.0,100.0,-7.0,7.0,8.0,20.581253,1.0,33.674957,0.0,0.0,0.0,19.958641,53.714947,3.0,2.0,0.0,75.0,0.0
86.0,218.29749,3.0,63.315525,11.0,0.0,0.0,100.0,-7.0,7.0,8.0,12.0,2.0,19.0,1.0,0.0,0.0,9.36301,81.25075,1.0,1.0,0.0,36.589413,0.0
76.0,164.41074,3.0,71.0,44.397114,0.0,0.0,97.0,35.515144,6.0,6.0,24.0,3.0,20.340431,16.0,0.0,0.0,22.995424,61.240532,3.0,2.0,1.0,53.97595,0.0
72.0,75.7906,30.841467,53.464222,4.873063,0.0,0.0,100.0,-7.0,7.0,8.0,5.8106933,0.0,68.28867,0.0,1.0,1.0,56.893467,52.71043,1.0,1.0,0.0,96.12888,0.0
87.0,437.081,7.0,161.03558,9.0,0.0,0.0,100.0,-7.0,7.0,8.0,11.0,1.0,14.102485,-7.0,0.0,0.0,6.4657125,-8.0,5.0,-3.9676363,1.0,55.941994,0.0
76.17262,217.66106,2.0,100.0,57.289764,0.0,0.0,97.0,35.0382,6.0,6.0,54.45617,1.0,42.455853,9.531683,0.0,0.0,1.0,70.85558,3.0,2.0,0.0,43.0,0.0
68.0,201.04169,10.0,88.99392,17.0,0.0,0.0,96.0,22.207743,6.0,6.0,17.0,0.0,50.0,-7.0,2.0,2.0,104.225334,90.57292,2.0,2.0,2.0,91.92007,0.0
67.649994,360.9115,-9.0,115.19121,16.741138,1.0,0.0,94.0,26.775524,6.0,4.0,22.0,8.607027,29.0,-7.0,0.0,0.0,22.962727,33.69169,5.0,1.0,0.0,62.738194,0.0
86.487045,338.6455,7.0,79.0,38.94844,0.0,0.0,100.0,-7.0,7.0,8.0,67.08784,6.0,24.026398,0.0,2.0,1.0,1.0,57.01871,2.0,3.0,0.0,57.0,0.0
83.0,418.36383,22.491776,145.57167,28.0,0.0,0.0,100.0,-7.0,7.0,8.0,29.0,0.0,34.956318,22.283403,0.0,0.0,30.947493,24.990753,1.0,2.0,0.0,48.01887,0.0
62.0,140.27774,6.0,61.0,56.0666,0.0,0.0,91.205246,14.91813,6.0,6.0,57.457413,2.0,27.39041,0.0,3.0,4.0,9.0,-8.0,3.0,2.0,2.0,31.458721,0.0
88.0,197.5835,17.0,92.163216,15.0,0.0,0.0,92.0,32.48415,6.0,6.0,13.0,0.0,14.0,-9.0,0.0,0.0,0.0,-8.0,2.0,1.0,0.0,33.0,0.0
89.0,158.95168,9.0,96.581535,14.0,0.0,0.0,100.0,-7.0,7.0,8.0,16.862528,0.0,35.0,1.0,0.0,0.0,1.0,-8.0,1.0,1.0,0.0,24.741508,0.0
74.0,288.09512,15.0,114.42789,18.48828,2.5578926,3.3232813,89.29119,17.173218,5.0,-9.0,15.0,0.0,28.0,0.0,0.0,0.0,2.0,-8.0,4.0,1.0,0.0,40.484596,0.0
71.0,154.22546,1.0,70.75366,32.0,0.0,0.0,100.0,-7.0,7.0,8.0,33.033596,6.0,31.0,1.0,1.0,1.0,59.044693,73.11524,5.0,5.0,3.0011308,63.414818,0.0
80.0,170.9819,1.0,64.03945,34.0,0.0,0.0,100.0,-7.0,7.0,8.0,34.0,5.0,25.0,0.0,3.0,3.0,16.092966,88.0,3.0,1.0,0.0,47.26236,0.0
68.0,159.41937,4.0,72.0,14.391351,1.0,0.0,70.15929,8.447208,6.0,6.0,20.0,2.0,16.0,0.0,0.0,0.0,51.069084,30.136183,2.0,2.0,1.2787344,50.0,0.0
78.0,98.51995,2.0,57.544903,20.0,0.0,0.0,89.0,7.2390003,6.0,6.0,23.0,2.0,54.040035,1.5262985,2.0,2.0,2.0,68.006035,1.0,2.0,0.0,57.0,0.0
-9.0,-9.0,-9.0,-9.0,-9.0,-9.0,-9.0,-9.0,-9.0,-9.0,-9.0,-9.0,-9.0,-9.0,-9.0,-9.0,-9.0,-9.0,-9.0,-9.0,-9.0,-9.0,-9.0,0.0
88.0,468.54684,27.510405,161.19467,15.0,0.0,0.0,100.0,-7.0,7.0,8.0,16.685051,0.0,23.467339,0.0,0.0,0.0,3.0,-8.0,1.0,1.0,0.0,60.0,0.0
66.0,223.80568,4.0,124.69136,34.0,0.0,0.0,94.0,21.65638,6.0,6.0,40.801693,1.0,29.0,0.0,1.0,1.0,38.27049,-8.0,25.862091,2.0,2.0,100.0,0.0
90.0,164.70569,8.0,92.0,24.0,0.0,0.0,100.0,-7.0,7.0,8.0,19.0,1.0,22.380705,-7.0,0.0,0.0,0.0,38.179047,0.0,2.0,0.0,14.687562,0.0
86.92428,263.17374,5.0,79.79431,20.0,0.0,0.0,100.0,-7.0,7.0,8.0,20.0,1.0,25.0,2.0,1.0,1.0,5.0,88.0,3.0,3.0,0.0,60.0,0.0
80.0,74.61559,3.0,49.706833,20.0,0.0,0.0,100.0,-7.0,7.0,8.0,22.0,4.0,11.0,10.415584,0.0,0.0,10.0,-8.0,2.0,1.2371358,0.0,40.183437,0.0
82.0,247.5659,7.0,122.40086,25.0,0.0,0.0,100.0,-7.0,7.0,8.0,23.0,2.0262768,39.0,16.0,0.0,0.0,32.0,59.800312,2.402616,2.0,0.0,50.0,0.0
71.0,161.94687,2.0,65.836205,24.219862,0.0,0.0,89.0,47.80756,6.0,6.0,28.0,3.0,13.0,8.0,3.0,2.0,22.959936,100.0,6.0,1.0,0.0,83.0,0.0
68.0,225.82564,2.0,44.264328,18.0,0.0,0.0,100.0,-7.0,7.0,8.0,20.6921,3.9698336,40.13384,0.0,3.0,3.0,74.12699,70.52518,4.0,4.0,0.0,86.16271,0.0
85.0,149.66243,6.0,82.0,13.708847,0.0,0.0,100.0,-7.0,7.0,8.0,15.0,2.0,53.577503,12.0,0.0,0.0,12.055013,32.988556,1.0,1.0,0.0,60.0,0.0
85.0,76.919205,3.0,54.61536,22.0,0.0,0.0,100.0,-7.0,7.0,8.0,20.0,2.0,60.4552,0.0,1.0,1.0,0.0,86.33616,0.0,2.0,0.0,40.0,0.0
77.0,153.42276,5.0,67.02168,21.0,0.0,0.0,97.0,52.39934,6.0,5.5579567,24.0,1.0,33.0,7.0,0.0,0.0,29.71229,32.92832,3.0,5.0,0.0,57.0,0.0
91.08668,150.61295,22.267965,77.53249,12.0,0.0,0.0,100.0,-7.0,7.0,8.0,7.0,0.0,18.994583,8.0,0.0,0.0,0.8419783,55.6585,2.0,1.0,0.0,30.094687,0.0
87.0,481.1894,4.0,119.20768,27.0,0.0,0.0,100.0,-7.0,7.0,8.0,40.617924,2.0,33.0,4.0,1.0,2.0,0.0,-8.0,3.0,1.0,0.0,37.344784,0.0
67.0,189.5101,3.0,92.012184,20.0,3.0,1.0,83.699814,7.925171,4.0,2.0,27.0,3.0,40.0,1.0,5.956559,5.0,5.0,76.0,2.0,2.0,1.0,53.13165,0.0
79.0,105.83922,3.0,51.612835,14.0,0.0,0.0,92.0,45.836353,6.0,6.0,17.0,1.0,44.887203,12.096958,1.0,1.0,0.0,57.67488,1.0,2.0,0.0,38.0,0.0
86.0,181.372,10.0,93.7214,9.0,0.0,0.0,100.0,-7.0,7.0,8.0,12.0,0.0,70.66609,-7.0,4.0,4.0,6.0,-8.0,1.0,1.0,0.0,83.0,0.0
83.0,169.49701,16.0,104.1359,14.0,0.0,0.0,90.81018,46.05054,6.0,6.0,12.043594,0.0,39.0,1.0,1.0,1.0,2.0,-8.0,2.0,1.0,0.0,45.806244,0.0
76.04056,147.70694,12.0,74.0,22.16546,0.0,0.0,94.0,16.512753,6.0,6.0,11.7982645,0.0,39.67194,-7.1230893,0.0,0.0,20.951176,78.89115,4.0,2.0,0.0,59.701782,0.0
78.0,312.15228,4.0,111.73798,23.503925,0.0,0.0,100.0,-7.0,7.0,8.0,27.246105,1.0,35.0,23.973127,0.0,0.0,45.33932,-8.0,4.0,2.0,2.0,43.0,0.0
89.0,412.60114,17.0,127.38158,20.925333,0.0,0.0,100.0,-7.0,7.0,8.0,23.0,0.0,22.049784,-8.0,0.0,0.0,11.0,40.773365,4.0,2.0,0.0,46.478733,0.0
82.0,170.12213,4.0,77.0,20.605026,0.0,0.0,97.49614,-7.0,6.0,6.0,23.0,1.0,37.0,2.192158,0.0,0.0,36.881035,97.01137,3.0,2.0,0.0,69.23098,0.0
85.75074,199.2064,-9.0,99.4325,30.0,0.0,0.0,100.0,-7.0,7.0,8.0,38.0,2.0,26.0,0.0,2.0,1.9327343,1.0,61.900715,1.0,-8.0,0.0,24.902163,0.0
85.0,137.62796,8.0,82.368805,18.0,0.0,0.0,100.0,-7.0,7.0,8.0,11.0,2.0,40.0,0.0,2.0,2.0,1.0,54.68302,4.0,3.0,0.0,68.87449,0.0
71.0,240.95685,6.0,85.88883,20.0,0.0,0.0,100.0,-7.0,7.0,8.0,7.0,2.0,26.0,3.0,1.0,1.0,59.555374,-8.0,4.0,1.0,5.235658,50.0,0.0
76.0,288.73856,2.0,76.0,22.0,0.0,0.0,97.0,75.525085,6.0,6.0,24.0,3.0,40.0,0.0,2.0,2.0,29.067966,22.53926,7.0,2.0,0.0,100.0,0.0
71.179276,162.18506,4.0,52.7094,44.376003,0.0,0.0,100.0,-7.0,7.0,8.0,49.017746,3.0,47.0,0.0,2.0,2.0,17.10646,-8.0,6.0,3.0,1.0,100.0,0.0
71.0,153.56139,7.0,63.16181,49.871773,0.0,0.0,100.0,-7.0,4.9327793,6.0,50.10513,1.0,23.550642,1.0,2.0,2.0,53.377182,66.912674,8.884762,2.0,2.0,58.0,0.0
70.68141,490.45483,3.0,109.7806,45.032936,0.0,0.0,100.0,-7.0,7.0,8.0,48.565693,2.0,39.611732,6.0,0.0,0.0,51.518402,91.0,10.302999,3.0,2.0,77.53497,0.0
72.10576,35.67953,7.0,68.61913,74.23109,0.0,0.0,100.0,-7.0,7.0,8.0,47.795326,2.0,23.646164,-8.0,5.0,4.0,32.068962,65.48011,8.0,3.0,2.0,57.0,0.0
75.0,-7.183377,17.363958,65.59156,14.0,0.0,0.0,100.0,-7.0,7.0,8.0,18.0,0.0,14.0,0.0,2.0,2.0,29.624006,-8.0,3.0,1.0,1.0,100.0,0.0
67.0,191.5422,9.0,76.0,37.561684,9.347622,8.601809,90.0,6.7803245,4.0,5.3174033,54.243965,1.0,46.96561,0.0,1.0,1.0,12.0,-8.0,6.0,3.0,0.0,60.0,0.0
71.0,206.8844,8.0,89.71143,21.0,0.0,0.0,100.0,-7.0,7.0,8.0,20.0,2.0,38.0,1.8681966,2.9654143,2.0,59.563984,13.252908,5.0,6.9925647,3.0,80.0,0.0
86.0,306.48587,24.567884,95.65023,18.0,0.0,0.0,100.0,-7.0,7.0,8.0,19.0,0.0,16.0,0.0,0.0,0.0,1.0,-8.0,3.0,1.0,0.0,28.069715,0.0
85.710304,704.60657,22.209408,120.66134,17.91755,0.0,0.0,100.0,-7.0,7.0,8.0,16.0,0.0,27.0,-8.0,0.0,0.0,1.2763782,-8.0,3.9485703,1.0,0.0,58.0,0.0
89.0,147.49487,8.291653,72.0,12.0,0.0,0.0,100.0,-7.0,7.0,8.0,20.0,1.0,23.867123,0.0,0.0,0.0,0.5741299,-8.0,-3.5640104,1.0,0.0,16.315557,0.0
-9.0,-9.0,-9.0,-9.0,-9.0,-9.0,-9.0,-9.0,-9.0,-9.0,-9.0,-9.0,-9.0,-9.0,-9.0,-9.0,-9.0,-9.0,-9.0,-9.0,-9.0,-9.0,-9.0,0.0
79.0,162.27705,31.448696,181.5187,19.0,0.0,0.0,97.0,56.19164,6.0,6.0,25.012787,0.0,32.27429,8.0,0.0,0.0,7.2257175,-8.0,2.0,2.0,0.0,44.0,0.0
-9.0,-9.0,-9.0,0.22870512,-9.0,-9.0,-9.0,-9.0,-9.0,-9.0,-9.0,-9.0,-9.0,-9.0,-9.0,-9.0,-9.0,-9.0,-9.0,-9.0,-9.0,-9.0,-9.0,0.0
-9.0,203.43614,0.25511554,55.354973,12.0,3.0,2.7624097,57.247433,10.258551,3.0,2.9400814,24.0,4.0,24.0,0.0,6.909966,6.704899,54.07786,93.29315,5.0,2.0,1.0,88.11159,0.0
76.0,46.973164,3.0,61.9643,27.0,0.0,0.0,100.0,-7.0,7.0,8.0,9.0,3.0,33.0,0.0,3.0,3.4513378,17.879864,88.0,2.0,3.0,0.0,50.0,0.0
81.56981,208.34912,9.0,91.71741,21.0,0.0,0.0,100.0,-7.0,7.0,8.0,26.849848,0.0,53.116596,0.0,0.0,0.0,39.089764,40.456898,3.0,2.0,1.0,78.0,0.0
77.0,245.79565,8.0,86.0,32.0,0.0,0.0,100.0,-7.0,7.0,8.0,30.0,2.0,24.0,12.170719,0.0,0.0,19.454475,53.043446,6.0,3.0,0.0,56.0,0.0
71.0,109.14401,2.0,59.049313,38.423912,0.0,0.0,100.0,-7.0,7.0,8.0,33.0,6.0,24.0,0.0,14.474768,11.652997,25.0,95.07,7.416192,2.0,0.0,50.0,0.0
-9.0,-9.0,-9.0,-9.0,-9.0,-9.0,-9.0,-9.0,-9.0,-9.0,-9.0,-9.0,-9.0,-9.0,-9.0,-9.0,-9.0,-9.0,-9.0,-9.0,-9.0,-9.0,-9.0,0.0
90.91051,204.10551,4.0,98.81996,19.0,0.0,0.0,100.0,-7.0,7.0,8.0,22.0,1.3345094,43.0,-7.0,1.0,1.0,1.0,-8.0,3.0,1.0,0.0,42.77454,0.0
65.0,186.43117,19.243425,89.39172,14.0,0.0,0.0,64.20667,5.271137,4.4987397,6.0,16.55844,0.0,43.046875,0.0,0.0,0.0,61.11271,-8.0,0.38672486,2.0,1.0,100.0,0.0
77.0,149.50046,1.0,38.818348,22.0,0.0,0.0,100.0,-7.0,7.0,8.0,24.514002,2.0,32.807648,3.768586,0.0,0.0,9.0,17.799545,5.0,4.0,0.98328936,67.0,0.0
79.0,351.35858,5.0,92.48177,29.35121,0.0,0.0,95.89604,61.645714,6.0,6.0,32.0,2.0,30.0,0.0,0.0,0.0,24.72568,-8.0,3.0,2.0,0.0,56.0,0.0
68.0,490.7773,1.0,82.91002,29.0,1.0,1.0,93.0,21.698187,6.0,0.7853178,32.29085,3.0,25.0,-7.0,0.0,0.0,30.987726,-6.183787,5.0,3.0,2.0,73.178154,0.0
-9.0,-9.0,-9.0,-9.0,-9.0,-9.0,-9.0,-9.0,-9.0,-9.0,-9.0,-9.0,-9.0,-9.0,-9.0,-9.0,-9.0,-9.0,-9.0,-9.0,-9.0,-9.0,-9.0,0.0
73.0,288.8747,4.0,83.87616,30.0,0.0,0.0,100.0,-7.0,7.0,8.0,31.0,3.0,37.0,0.0,2.0,2.0,27.474854,-8.0,2.0,4.0,0.0,33.0,0.0
-9.0,-9.0,-9.0,-9.0,-9.0,-9.0,-9.0,-9.0,-9.0,-9.0,-9.0,-9.0,-9.0,-9.0,-9.0,-9.0,-9.0,-9.0,-9.0,-9.0,-9.0,-9.0,-9.0,0.0
71.0,268.45444,4.0,76.0,19.0,1.9415574,1.0,96.0,18.824003,4.0,5.0,23.905762,2.0,57.766808,0.0,6.131479,5.4180317,2.0,35.795246,1.0,1.0,0.0,30.452639,0.0
61.805943,309.19858,25.387394,100.71637,40.492886,0.0,0.0,90.0,6.0,6.0,6.0,38.26249,0.0,35.0,3.0,0.0,0.0,109.61703,67.21136,3.0,3.0,2.0,80.0,0.0
87.0,151.20512,2.0,59.385,24.0,0.0,0.0,100.0,-7.0,7.0,8.0,27.0,3.0,11.0,0.0,0.0,0.0,1.0,-8.0,2.0,-8.0,0.0,20.649876,0.0
66.313255,188.2482,11.0,65.25296,29.0,2.0,1.8798523,100.0,-7.0,6.0,8.0,34.60593,1.4760184,11.2060795,8.498122,0.0,0.0,6.0,-8.0,7.013505,1.0,0.0,59.834255,0.0
79.0,197.88878,8.0,71.90385,46.476856,0.0,0.0,100.0,37.78409,6.0,6.0,34.0,1.7599933,17.185488,4.0,1.0,1.0,8.0,88.1574,8.0,3.0,0.0,60.0,0.0
70.0,65.11266,4.0,54.917053,36.282883,0.0,0.0,95.0,36.4182,6.0,6.0,47.27336,2.0,20.0,0.0,4.0,3.0,54.118786,-8.0,5.0,1.0,3.6917374,66.09482,0.0
86.0,100.03249,9.0,96.032555,8.105568,0.0,0.0,100.0,-7.0,7.0,8.0,9.0,1.0,18.0,0.0,0.0,0.0,1.0,-8.0,1.0,1.0,0.0,29.003803,0.0
89.0,372.2684,49.160625,101.23019,12.0,0.0,0.0,100.0,-7.0,7.0,8.0,15.0,0.0,37.0,-7.0,1.0,0.0,0.0,-8.0,2.0,-8.055712,0.0,67.0,0.0
91.620575,212.28168,20.735008,95.204605,17.0,0.0,0.0,100.0,-7.0,7.0,8.0,1.9793127,0.0,44.0,-7.0,0.0,0.0,0.0,-8.0,2.0,3.0,0.0,56.61983,0.0
78.0,227.66373,3.0,99.25579,41.8344,0.0,0.0,95.0,14.658769,6.0,6.0,58.318935,3.0,31.0,1.4797808,2.0,1.0,1.5877587,-8.0,3.0,2.0,0.0,33.0,0.0
88.8601,237.96266,3.0,105.31584,15.0,0.0,0.0,100.0,-7.0,7.0,8.0,18.736307,1.0186355,36.0,-8.0,0.0,0.0,6.6898627,59.568214,2.0,2.0,0.0,63.035465,0.0
67.0,189.33319,10.0,80.0,39.0,0.75921255,0.0,100.0,-7.0,7.0,8.0,42.583305,0.0,28.0,7.0,2.0,2.0,41.218414,88.42117,16.204557,4.0,3.0,63.0,0.0
69.34265,139.28568,-7.095848,62.038593,7.0,2.1836782,3.1077917,77.87831,40.701336,6.0,5.0,12.773937,3.480734,54.78808,0.0,2.0,2.0,1.0,90.47773,1.0,3.0,0.0,60.0,0.0
72.0,270.32132,6.748607,98.58196,12.0,2.2597594,1.0,83.89761,17.212675,6.0,-1.2705163,17.0,2.0,28.337423,0.0,0.0,0.0,1.0,-8.0,1.0,1.0,0.0,36.98371,0.0
75.01919,190.41473,1.0,82.60471,13.0,0.0,0.0,82.82273,39.460148,6.0,6.0,15.0,2.0,65.83227,1.0,1.0,1.0,40.98624,-8.0,0.0,4.0,0.0,75.0,0.0
74.0,112.27383,18.236813,75.0,29.0,0.0,0.0,97.0,52.204075,6.0,6.0,32.0,0.0,36.0,0.0,1.0,1.0,19.0,71.616516,7.0,4.0,0.0,75.0,0.0
86.27196,313.81714,7.0,105.84355,18.241951,0.0,0.0,100.0,-7.0,7.0,8.0,9.452534,1.0,42.027817,-7.0,2.0,1.0,1.0,69.26998,1.0,1.0,0.0,39.982582,0.0
71.0,205.04793,4.0,70.0,17.0,0.0,0.0,100.0,-7.0,7.0,8.0,12.887035,2.0,55.600204,0.0,1.0,0.0,47.833355,40.80791,5.0,3.490249,2.0,100.0,0.0
87.0,199.09558,13.0,134.41179,18.0,0.0,0.0,100.0,-7.0,7.0,8.0,20.0,0.0,52.609146,-7.0,0.0,0.0,1.0,74.65851,1.0,2.0,0.0,57.0,0.0
84.0,219.30103,2.0,74.0,34.0,0.0,0.0,100.0,18.899202,6.0,6.0,31.400343,1.0,24.46991,1.0,1.3492604,2.0,8.0,-8.0,4.0,2.0,0.0,44.0,0.0
77.893196,574.8214,6.0,116.05391,31.0,0.0,0.0,88.0,4.8474298,4.0,6.0,25.0,1.0,14.0,19.710167,0.0,0.0,12.0,-8.0,9.0,1.0,1.0,77.13818,0.0
74.0,138.28354,5.0,38.04647,18.0,0.0,0.0,100.0,-7.0,7.0,8.0,17.0,4.0,40.0,0.0,1.0,1.0,9.0,70.16176,4.0,3.0,1.0,71.0,0.0
88.0,250.55359,21.767038,136.13719,13.0,0.0,0.0,100.0,-7.0,7.0,8.0,12.141876,0.0,39.0,0.0,0.0,0.0,19.0,-8.0,2.0,1.0,0.0,55.417114,0.0
67.0,239.00058,5.0,73.7127,19.512402,1.0,0.0,79.84733,-7.0,4.0,5.0,22.44664,3.0,52.223827,1.0,2.0,1.6023717,0.0,-8.0,1.0,1.0,0.0,35.626892,0.0
85.0,314.6453,3.0,140.4462,10.0,0.0,0.0,100.0,-7.0,7.0,8.0,14.0,1.0,20.0,0.0,0.0,0.0,0.0,-8.0,1.0,1.0,0.0,36.816402,0.0
73.0,177.06264,4.0,76.0,30.0,0.0,0.0,100.0,-7.0,6.0,6.0,13.0,1.0,39.46172,8.0,0.0,0.0,40.978275,75.97406,4.0,4.0,3.0,64.0,0.0
90.04202,388.76422,20.390875,117.51379,18.0,0.0,0.0,100.0,-7.0,7.0,8.0,14.0,0.0,20.0,-8.0,0.0,0.0,0.0,-8.0,0.867087,1.0,0.0,10.790827,0.0
78.0,166.3532,3.0,49.80317,28.0,0.0,0.0,100.0,-7.0,7.0,8.0,35.88831,3.0,22.0,2.0,6.9664984,6.135705,0.0,71.0,1.0,2.0,0.0,13.433117,0.0
89.46662,234.42061,2.0,105.98975,16.0,0.0,0.0,100.0,-7.0,7.0,8.0,19.0,1.0,56.201946,0.0,1.0,1.0,0.0,35.917873,2.0,2.0,0.0,63.0,0.0
86.0,306.61145,9.0,101.41859,39.0,0.0,0.0,100.0,-7.0,6.0,6.0,19.0,3.0,23.48234,17.155315,0.0,0.0,8.403911,87.50128,5.0,2.0,0.0,50.712032,0.0
83.0,267.64725,19.088556,106.13144,31.737196,0.0,0.0,90.27599,-7.0,-9.0,5.418739,39.984653,0.0,43.925472,23.834736,0.0,0.0,6.0,-8.0,3.0,3.0,0.0,51.900196,0.0
-9.0,-9.0,-9.0,-9.0,-9.0,-9.0,-9.0,-9.0,-9.0,-9.0,-9.0,-9.0,-9.0,-9.0,-9.0,-9.0,-9.0,-9.0,-9.0,-9.0,-9.0,-9.0,-9.0,0.0
80.0,93.53406,3.0,-2.86141,20.535648,0.0,0.0,100.0,-7.0,7.0,8.0,25.773767,2.0,33.0,-7.0,2.0,2.0,2.0306478,91.65636,2.0,4.0,0.0,50.0,0.0
-9.0,-9.0,-9.0,-9.0,-9.0,-9.0,-9.0,-9.0,-9.0,-9.0,-9.0,-9.0,-9.0,-9.0,-9.0,-9.0,-9.0,-9.0,-9.0,-9.0,-9.0,-9.0,-9.0,0.0
-9.0,-9.0,4.0,-9.0,16.455626,0.17380911,0.0,86.81488,3.7188663,4.0,5.0,18.730507,5.0,20.0,9.0,0.0,0.0,29.023096,32.03603,11.0,2.0,4.494976,71.0,0.0
64.0,395.2992,15.843066,143.5703,47.85861,0.0,0.0,96.0,23.389933,4.0,6.0,40.767414,0.0,55.82897,0.0,1.0,1.0,61.55278,-8.0,6.864418,6.0,7.0793214,81.9276,0.0
88.0,152.98813,13.726909,77.0,10.0,0.0,0.0,100.0,-7.0,7.0,8.0,9.0,0.0,13.0,-7.0,0.0,0.0,16.569674,-8.0,1.0,1.0,0.0,43.0,0.0
83.77432,160.85405,2.071648,65.0,31.0,0.0,0.0,100.0,-7.0,7.0,8.0,31.0,2.0,28.0,1.0,1.0,1.0,8.0,56.381134,3.0,3.0,0.0,50.0,0.0
87.0,362.71234,4.0,91.80581,25.0,0.0,0.0,100.0,-7.0,6.0,8.0,23.0,3.0,39.882786,-7.0,0.0,0.0,11.0,-8.0,2.0,1.0,0.0,67.0,0.0
84.0,95.89765,18.114332,90.42796,13.0,0.0,0.0,100.0,-7.0,6.0,8.0,2.1044586,1.0,11.881293,-7.0,0.0,0.0,38.775814,-8.0,1.0,1.0,0.0,33.0,0.0
84.0,575.4325,34.83653,159.22063,12.263274,0.0,0.0,100.0,-7.0,7.0,8.0,13.0,0.0,37.19093,0.0,2.0,2.0,5.0,-8.0,3.0,-9.0,0.0,80.0,0.0
80.438866,238.85466,2.0,93.0,37.824043,0.0,0.0,100.0,-7.0,7.0,8.0,37.22912,2.0,21.302189,0.0,2.0,2.0,25.0,98.982605,6.0,2.0,1.0,57.0,0.0
82.0,395.49118,3.0,167.76215,13.945345,0.0,0.0,100.0,-7.0,7.0,8.0,13.0,1.0,28.0,9.232658,1.0,1.0,21.0,83.40634,3.0,2.0,0.0,67.0,0.0
79.0,140.14034,35.722397,77.940544,19.42515,0.0,0.0,100.0,-7.0,7.0,8.0,20.0,0.0,39.0,0.0,2.0,2.0,15.0,-8.0,4.0,1.0,0.0,83.0,0.0
70.95792,176.15071,3.0,67.0,20.336134,0.0,0.0,100.0,-7.0,7.0,8.0,22.95921,2.0,30.0,5.0,0.0,0.0,52.294453,76.44612,4.0,2.0,2.009774,67.0,0.0
72.0,194.169,-9.0,60.048443,21.0,0.0,0.0,100.0,-7.0,7.0,8.0,23.0,5.0,32.01001,0.0,5.0,5.0,36.0,89.49769,2.0,3.0,1.0,42.699825,0.0
79.618065,175.34729,15.414625,90.0,26.0,0.0,0.0,100.0,1.3711971,6.0,6.0,26.0,0.0,46.0,0.0,2.0,2.0,20.337036,-8.0,5.0,1.0,0.0,60.0,0.0
87.0,216.43187,16.842434,120.74849,12.0,0.0,0.0,95.0,-9.0,7.0,6.0,11.021597,0.0,38.0,5.2685037,1.0,1.0,3.6540756,-8.0,3.0,2.0,0.0,50.0,0.0
83.0,223.96301,5.0,70.78181,15.0,0.0,0.0,93.06552,70.61925,6.0,6.0,17.0,2.0,14.0,2.0,2.0,2.0,6.0,-8.0,3.0,-8.0,0.0,56.0,0.0
87.0,243.96136,58.44438,210.70674,8.0,0.0,0.0,100.0,-7.0,7.0,8.0,9.0,0.0,38.4144,2.0,1.0,1.0,1.0,-8.0,1.0,1.0,0.0,67.0,0.0
91.0,399.7549,2.0,103.66911,34.973763,0.0,0.0,100.0,-7.0,7.0,8.0,35.78298,3.0,25.72005,8.67504,1.0,1.0,5.0,29.12533,1.0,4.0,0.0,30.51779,0.0
-9.0,-9.0,-9.0,-9.0,-9.0,-9.0,-9.0,-9.0,-9.0,-9.0,-9.0,-9.0,-9.0,-9.0,-9.0,-9.0,-9.0,-9.0,-9.0,-9.0,-9.0,-9.0,-9.0,0.0
72.0,327.16003,4.0,98.94675,27.0,0.0,0.0,84.90555,23.548931,6.0,6.0,28.056334,2.0,32.12036,4.0,0.0,0.0,48.663666,74.36072,4.0,2.0,0.0,71.0,0.0
66.0,150.81708,9.0,66.14779,28.500128,1.0,0.0,95.0,30.497467,6.0,5.0,35.0,1.0,38.0,0.18617085,3.0,3.0,70.30058,51.3183,5.0,2.0,1.0,67.0,0.0
77.0,211.6362,6.0,68.0,13.0,0.0,0.0,100.0,-7.0,7.0,8.0,12.0,2.0,35.0,0.0,1.0,1.0,32.330494,-8.0,4.0,1.0,0.0,83.0,0.0
86.49687,267.93634,1.0,85.54052,24.0,0.0,0.0,100.0,-7.0,7.0,8.0,28.0,3.0,45.28805,1.0970874,1.0,0.0,4.9204974,85.63399,2.0,4.1109185,0.0,50.0,0.0
80.0,244.56342,3.0,68.0,29.0,0.0,0.0,96.419426,47.67098,6.0,6.0,35.0,2.0,30.0,4.0,0.8778877,1.0,7.0,87.098694,4.9588776,2.0,0.0,54.910168,0.0
76.10401,153.9768,4.0,58.645935,50.5548,0.0,0.0,100.0,-7.0,6.0,8.0,53.4681,3.9767163,25.0,0.0,2.0,2.0,20.189545,-8.0,5.0,1.0,0.0,40.0,0.0
85.0,192.62224,17.0,87.61569,20.981907,0.0,0.0,100.0,-7.0,7.0,8.0,18.787851,0.0,28.756224,-7.0,0.0,0.0,0.0,91.0,1.0,2.0,0.0,37.15094,0.0
76.0,310.32733,27.825531,116.103485,14.0,0.0,0.0,82.52662,6.0,3.0741105,6.0,16.0,0.0,21.491962,-8.0,0.0,0.0,0.0,-8.0,1.0,1.0,0.0,64.0,0.0
84.0,267.17657,-9.0,86.0,27.794975,0.0,0.0,100.0,-7.0,7.0,8.0,14.0,6.0,36.805344,0.0,0.0,0.0,7.0,95.774445,3.0,5.0,0.0,50.0,0.0
84.0,356.76117,6.152016,99.5075,21.0,0.0,0.0,100.0,-7.0,7.0,8.0,21.905998,2.0,19.590416,10.477992,0.0,0.0,7.0,79.384544,3.0,2.0,0.0,60.0,0.0
85.0,169.18521,22.715076,90.896996,18.0,0.0,0.0,100.0,-7.0,7.0,8.0,19.11034,0.0,30.0,-8.124094,0.0,0.0,1.0,52.16438,2.0,2.0,0.0,46.190746,0.0
84.0,136.95042,9.0,49.707317,5.1561036,0.0,0.0,100.0,-7.0,7.0,8.0,11.0,1.0,27.0,3.1711817,0.0,0.0,0.0,-8.0,1.0,1.0,0.0,33.67128,0.0
74.0,103.93144,8.0,56.238293,14.0,0.0,0.0,100.0,-7.0,7.0,8.0,14.258445,1.0,45.0,0.0,1.0,1.0,11.482439,60.52569,2.0,4.0,0.0,50.0,0.0
89.0,177.60179,14.135001,115.206375,13.0,0.0,0.0,100.0,-7.0,7.0,8.0,12.0,0.0,26.575878,-7.0,0.0,0.0,5.0,-8.0,4.0,1.0,0.0,81.30674,0.0
72.0,309.59753,8.14458,94.97148,29.0,1.0,1.0,94.0,34.50576,6.0,2.0,47.531723,1.0,42.0,0.0,5.0,4.786357,10.0,-8.0,3.0,2.0,0.0,50.0,0.0
85.463646,6.759851,9.0,83.0,9.0,0.0,0.0,100.0,-7.0,7.0,8.0,10.024354,1.0,50.0,0.0,0.0,0.0,15.0,74.37531,1.0,1.0,0.0,100.0,0.0
71.0,140.79462,3.0,71.0,15.0,0.0,0.0,88.0,16.324354,6.0,6.0,19.0,2.0,24.0,-7.0,0.0,0.0,64.75582,-8.0,4.0,1.0,2.9468818,67.0,0.0
-9.0,-9.0,-9.0,-9.0,-9.0,-9.0,-9.0,-9.0,-9.0,-9.0,-9.0,-9.0,-9.0,-9.0,-9.0,-9.0,-9.0,-9.0,-9.0,-9.0,-9.0,-9.0,-9.0,0.0
82.50955,140.05984,7.0,69.041534,23.0,0.0,0.0,96.28372,80.830574,6.0,6.0,22.0,1.0,70.60986,7.173997,0.0,0.0,30.150723,85.25679,3.0,2.0,0.0,69.99226,0.0
64.596054,271.5849,14.266463,111.69596,13.2005,2.1677806,3.2550912,89.0,57.157574,6.0,3.0,18.0,0.0,54.666046,-7.0,0.0,0.0,73.7903,82.0,2.0,2.0,1.0,100.0,0.0
65.2749,238.3017,3.0,116.55372,23.256256,0.0,0.0,90.7336,11.251692,4.0,6.0,26.294275,1.0,35.98411,0.0,2.0,2.0,88.94978,-8.0,3.0,1.0,1.0,95.982185,0.0
92.51931,186.68777,34.76622,142.94177,14.0,0.0,0.0,100.0,-7.0,7.0,8.0,11.0,0.0,4.337263,0.0,0.0,0.0,1.0,-8.0,2.0,2.0,0.0,25.0,0.0
58.142586,157.75053,5.0,73.72495,17.0,1.0,1.0,91.0,3.0,0.3984437,5.0,19.375025,1.0,31.92054,-7.0,3.0,3.0,40.943714,61.256195,5.0,3.0,1.0,80.0,0.0
81.0,156.84212,4.0,76.57295,29.0,0.0,0.0,100.0,-7.0,7.0,8.0,26.0,3.0,21.112013,0.0,0.0,0.0,17.0,-8.0,4.0,1.0,1.0,52.33613,0.0
87.0,239.28134,13.247788,94.2371,-9.0,0.0,0.0,100.0,-7.0,7.0,8.0,1.4340762,0.0,9.843555,0.0,1.0,0.0,17.519957,58.295345,1.0,-8.0,0.0,50.0,0.0
84.0,203.18346,16.0,85.06083,24.0,0.0,0.0,100.0,-7.0,7.0,8.0,16.0,0.0,50.0,-7.0,0.0,0.0,6.5633335,24.38327,3.0,1.0,0.0,38.0,0.0
84.0,235.75885,29.704504,108.00159,23.0,0.0,0.0,97.73259,24.099628,6.0,6.0,27.732166,0.0,49.880363,-7.0,1.0,1.0,8.238819,-8.0,1.0,4.0,0.0,48.23091,0.0
68.0,233.44884,4.0,79.0,23.0,0.0,0.0,90.661026,19.029076,6.0,6.0,26.0,1.4242417,36.0,-5.3546853,1.0,0.0,46.79436,88.347565,5.0,2.0,1.0,70.21854,0.0
77.471756,120.09071,4.0,54.366863,22.0,0.0,0.0,100.0,-7.0,7.0,8.0,26.824848,2.0,23.188427,-7.936123,1.0,1.0,27.523796,-8.0,3.0,1.0,0.0,50.0,0.0
65.83751,289.84998,2.0,111.54437,33.0,0.0,0.0,89.0,28.093285,6.0,6.0,35.0,1.0,29.84392,-7.0,0.0,0.0,66.34489,91.37118,6.0,3.0,3.0,69.570114,0.0
68.0,131.7764,5.0,49.55185,29.0,0.0,0.0,100.0,20.431725,-2.5924127,6.0,30.0,1.0,41.0,0.0,1.0,1.8582226,72.3598,76.47584,4.0,4.0,4.0155253,67.0,0.0
71.0,205.60892,5.0,82.0,26.891146,0.0,0.0,92.0,3.0,6.0,6.0,28.0,1.0,22.0,0.0,1.0,1.0,29.74824,-8.0,4.0,3.0,1.0,40.0,0.0
75.49418,148.33617,22.264359,91.95312,9.851684,1.0,0.0,85.44088,22.2584,6.0,3.5231345,11.0,0.0,39.0,-7.0,0.0,0.0,28.659286,-8.0,1.0,1.0,0.0,47.422085,0.0
74.72133,273.04202,7.0,141.53993,55.86514,0.0,0.0,95.0,5.4736156,6.0,6.0,60.99751,2.0,28.0,0.0,1.0,1.0,29.329155,57.259647,7.0,6.4010506,0.0,50.0,0.0
70.0,236.71298,6.0,66.72022,27.0,0.0,0.0,100.0,-7.0,7.0,8.0,25.0,1.0,-0.45774826,0.0,1.0,1.0,27.713264,-8.0,5.0,-8.0,1.0622107,50.0,0.0
75.0,137.01677,1.0,59.163395,22.169586,0.0,0.0,100.0,-7.0,7.0,8.0,33.0,2.0,21.0,-6.188953,2.0,2.0,27.376354,73.82771,4.0,2.0,0.0,70.165985,0.0
72.0,178.97484,18.73761,63.0,40.849983,0.0,0.0,100.0,23.881037,6.0,6.0,38.653614,0.0,27.0,-7.0,2.0,2.0,11.0,48.85799,1.848292,4.8570714,0.0,48.677197,0.0
75.0,190.62186,7.860505,63.416866,24.0,0.0,0.0,100.0,-7.0,7.0,8.0,26.0,2.0,46.0,2.0,2.0,2.0,38.70251,-8.0,4.711331,3.0,1.0,62.95592,0.0
84.0,271.36627,8.0,129.15324,34.60494,0.0,0.0,96.0,55.97965,6.0,6.0,36.32428,2.0,15.387898,0.0,2.0,2.0,5.0,-8.0,4.0,1.0,0.0,13.903207,0.0
79.0,121.2382,8.0,65.0,19.0,0.0,0.0,100.0,-7.0,7.0,8.0,24.0,0.0,50.0,-7.0,1.0,1.0,-2.3441215,-8.0,1.0,1.0,0.0,88.03473,0.0
82.0,205.8499,4.0,115.35011,22.0,0.0,0.0,100.0,-7.0,7.0,8.0,26.322842,2.0,41.0,0.0,2.0,2.0,53.87738,76.0,4.0,2.0,0.028117537,71.0,0.0
85.0,241.38051,3.0,77.34982,23.0,0.0,0.0,100.0,-7.0,7.0,8.0,25.0,1.0,18.0,2.847714,1.0,1.0,10.053504,-8.0,2.0,1.0,0.0,38.091087,0.0
80.0,283.07672,2.0,76.72871,46.897697,0.0,0.0,100.0,-7.0,7.0,8.0,54.079952,10.289334,7.0998316,1.0,1.0,1.0,17.449303,-8.0,4.0,1.0,0.0,29.818201,0.0
86.0,357.44522,12.078653,104.273895,14.0,0.0,0.0,100.0,-7.0,7.0,8.0,14.194643,0.0,20.0,-7.0,0.0,0.0,14.130124,-8.0,1.0,2.0,0.0,38.91134,0.0
-9.0,-9.0,-9.0,-9.0,-9.0,-9.0,-9.0,-9.0,-9.0,-9.0,-9.0,-9.0,-9.0,-9.0,-9.0,-9.0,-9.0,-9.0,-9.0,-9.0,-9.0,-9.0,-9.0,0.0
71.0,133.65096,8.0,70.95819,16.0,0.0,0.0,100.0,-7.0,7.0,8.0,8.163688,2.0,33.0,14.4309225,0.0,0.0,41.3885,83.896454,2.0,2.0,1.0,52.58375,0.0
78.0,202.71107,22.050196,121.03712,18.0,0.0,0.0,100.0,-7.0,7.0,8.0,15.0,0.0,29.0,-8.0,0.0,0.0,63.7066,-8.0,1.3205007,1.0,3.0,55.095238,0.0
68.60518,180.17944,4.0,70.49309,21.0,0.0,0.0,100.0,-7.0,7.0,8.0,26.008764,1.0,24.0,0.0,3.0,3.0,56.34476,-8.0,5.0,1.0,3.0,69.59973,0.0
83.34845,120.376366,15.0,95.394394,27.520819,0.0,0.0,100.0,-7.0,7.0,8.0,23.773233,0.0,53.28091,1.0,3.0,3.0,17.0,14.067382,2.0,3.0,0.0,64.0,0.0
69.19442,227.27086,6.0,70.48251,12.0,2.0,0.0,86.60111,24.827757,6.0,3.0,11.2289715,2.0,76.76602,1.0,1.0,1.0,1.0,65.74537,1.0,3.0,0.0,50.0,0.0
73.0,326.67245,4.0,97.34301,17.0,0.0,0.0,100.0,-7.0,7.0,8.0,20.0,3.0,6.7116175,-8.0,0.0,0.0,28.0,51.14092,4.0,1.0,2.0,43.0,0.0
71.03535,197.344,7.0,75.0,21.0,0.0,0.0,95.0,29.223326,6.0,6.0,25.0,1.0,43.0,0.0,1.0,1.0,56.02261,48.11449,4.0,4.0,0.0,80.0,0.0
68.605644,152.62054,9.957435,71.98706,22.0,0.0,0.0,88.0,6.9018474,6.0,6.0,24.115479,3.0,35.0,0.0,1.0,1.0,2.2480593,71.96772,2.0,4.0,0.0,55.88205,0.0
74.0868,126.72868,16.251663,45.640842,36.336075,0.0,0.0,97.0,51.206932,6.0,6.0,38.0,0.0,29.0,16.566841,0.0,0.0,4.0,74.437935,5.0,4.0,1.0,75.0,0.0
80.0,156.23135,22.459997,125.8616,20.0,0.0,0.0,93.0,57.712563,6.0,5.0,11.0,0.0,33.0,0.0,0.0,0.0,2.0,58.266483,3.0,1.0,0.0,63.0,0.0
72.94904,135.20203,7.0,50.850914,48.132042,3.0283651,1.0,97.0,38.145626,6.0,-9.0,60.352505,9.168758,49.730846,0.0,15.540689,13.4796,26.116558,76.18981,4.0,6.7870655,0.0,57.0,0.0
80.0,287.09238,3.0,93.52566,58.241413,0.0,0.0,100.0,-7.0,7.0,8.0,81.37958,1.0,39.0,-0.8957729,0.0,0.0,37.81763,93.0,6.0,3.0,1.0,67.0,0.0
73.51571,210.03397,8.0,74.0,34.742847,0.0,0.0,100.0,9.371958,6.0,6.0,31.0,2.0,29.0,1.0,0.0,0.0,36.04896,-8.0,6.0,6.274511,2.0,67.0,0.0
67.0,121.54616,23.7767,45.104412,12.0,0.0,0.0,83.59966,2.9416177,4.0,6.0,15.0,0.0,74.11089,7.0,0.0,0.0,21.0,81.221886,1.0,3.0,1.0,67.0,0.0
79.404305,326.25345,4.0,90.7681,30.809303,0.0,0.0,100.0,-7.0,7.0,8.0,34.0,3.0,19.545448,2.0,4.0,4.0,15.1144,-8.0,8.0,2.0,2.0,48.73154,0.0
81.940796,173.68831,4.0,58.0,40.7464,0.0,0.0,100.0,-7.0,7.0,8.0,43.113026,3.0,50.0,1.0,1.0,1.0,8.229123,70.1262,2.0,2.0,1.0,67.0,0.0
63.0,133.8904,0.31253874,60.98489,16.0,0.0,0.0,95.0,22.28841,6.0,6.0,21.0,2.5672824,28.0,3.0,11.9996195,10.744498,29.168295,71.0,6.0,2.0,2.0,83.0,0.0
83.0,210.79979,7.4628644,104.68085,16.917906,0.0,0.0,100.0,-7.0,7.0,8.0,19.0,0.0,27.0,0.0,0.0,0.0,22.939833,70.65305,2.0,4.1910796,0.0,67.0,0.0
89.0,211.24026,2.0,77.92131,34.0,0.0,0.0,100.0,-7.0,7.0,8.0,41.851925,2.0,28.424114,0.0,0.0,0.0,3.0,65.14073,6.0,2.0,0.0,44.0,0.0
77.0,161.36371,8.0,91.920494,24.0,0.0,0.0,100.0,-7.0,7.0,8.0,23.0,1.0,23.394335,0.0,0.0,0.0,66.797714,78.232376,8.0,1.0,2.0,73.0,0.0
84.0,149.11592,3.0,77.0,26.0,0.0,0.0,100.0,-7.0,7.0,8.0,30.76401,2.0,36.0,0.0,1.0,1.0,11.240065,91.83851,2.0,2.0,0.0,45.222134,0.0
65.0,139.52557,4.0,49.110107,22.0,0.0,0.0,92.0,17.182266,5.62818,6.0,27.0,4.0,35.0,0.0,3.0,2.5545852,46.06174,89.79921,5.0,2.0,1.0,85.644424,0.0
70.33061,343.41028,3.0,82.0,31.045717,0.0,0.0,100.0,-7.0,7.0,8.0,35.0,3.0,50.60718,6.0,1.0,1.0,74.575874,77.614044,8.842162,5.0,1.0,91.053535,0.0
85.0,170.78134,13.941615,111.58908,12.0,0.0,0.0,100.0,-7.0,7.0,8.0,13.0,0.0,23.08279,-8.0,0.0,0.0,13.761292,-8.0,3.9057095,-8.0,0.0,56.084675,0.0
90.82926,280.98978,21.589039,117.19008,17.0,0.0,0.0,100.0,-7.0,7.0,8.0,16.0,0.0,56.929806,23.814121,0.0,0.0,4.0,79.512115,2.0,2.0,0.0,100.0,0.0
76.0,211.44705,3.0,63.0,24.0,0.0,0.0,96.0,7.742319,6.0,6.0,34.0,3.0,34.76154,9.0,3.0,2.0,16.0,18.063509,3.3804398,4.0,0.0,56.52806,0.0
74.0,191.53865,3.0,63.0,25.0,0.0,0.0,100.0,-7.0,7.0,8.0,26.0,3.0,24.127346,0.0,4.0,4.0,19.0,-8.0,11.0,-8.0,3.0,69.53775,0.0
89.0,133.1024,12.0,84.0,6.0,0.0,0.0,100.0,-7.0,7.0,8.0,10.0,0.0,16.0,21.791954,0.0,0.0,1.0,-8.0,1.0,1.0,0.0,64.0,0.0
84.0,384.92343,35.92441,171.25679,17.0,0.0,0.0,100.0,-7.0,7.0,8.0,17.514965,0.0,18.0,-7.0,1.0,1.0,43.16803,-8.0,5.0,2.0,0.0,74.73976,0.0
85.0,347.6571,5.0,122.251,22.0,0.0,0.0,100.0,-7.0,7.0,8.0,29.227306,1.0,14.0,13.360431,0.0,0.0,6.0,-8.0,3.0,1.0,0.0,29.317001,0.0
-9.0,-9.0,-9.0,-9.0,-9.0,-9.0,-9.0,-9.0,-9.0,-9.0,-9.0,-9.0,-9.0,-9.0,-9.0,-9.0,-9.0,-9.0,-9.0,-9.0,-9.0,-9.0,-9.0,0.0
69.0,179.40468,2.0,72.0,59.6212,1.0,0.0,86.12044,9.585912,4.0,2.9869146,84.25727,5.0,30.0,0.0,3.8416712,3.0,33.250122,63.1061,7.0,6.6215744,0.0,68.81275,0.0
79.0,153.87994,3.0,49.705097,35.48125,0.0,0.0,100.0,-7.0,7.0,8.0,43.359703,5.6605844,57.986313,2.0,1.0,1.0,3.0,-8.0,6.0,1.0,1.0,57.0,0.0
83.498604,114.203705,8.0,71.0,11.075854,0.0,0.0,100.0,-7.0,7.0,8.0,7.905099,1.0,35.0,0.0,1.0,1.0,18.989996,-8.0,1.0,1.3290466,0.0,50.0,0.0
77.0,370.10986,0.47914234,110.65659,16.0,2.0,0.0,81.43473,49.369247,6.0,3.0,19.0,3.0,9.649529,0.0,1.0,1.0,9.0,-8.0,2.0,-8.832966,0.0,44.0,0.0
89.0,345.5531,206.42703,293.38705,18.0,0.0,0.0,100.0,-7.0,7.0,8.0,17.0,0.0,20.0,-7.8495054,0.0,0.0,7.6968446,-8.0,1.3909782,2.0,0.0,47.030994,0.0
70.0,59.02412,17.630156,61.0,12.626949,0.0,0.0,99.09858,-7.0,5.0,6.0,7.0,0.0,50.0,-7.110463,0.0,0.0,90.16589,-8.0,3.0,2.0,2.7256656,100.0,0.0
83.0,423.3883,8.0,119.54962,6.549863,0.0,0.0,88.82167,32.21767,6.0,6.0,6.844203,2.0,23.618124,4.0,0.0,0.0,6.0,-8.0,1.0,1.0,0.0,37.525635,0.0
87.0,207.50626,6.0,86.69607,31.77618,0.0,0.0,100.0,-7.0,7.0,8.0,41.957104,2.0,16.0,0.0,1.0,1.0,11.0,78.924484,5.427717,1.0,0.0,55.173294,0.0
92.56156,160.27206,17.33683,106.195595,25.0,0.0,0.0,100.0,-7.0,7.0,8.0,28.192541,0.0,9.40916,-8.0,0.0,0.0,1.0,-8.0,2.0,1.0,0.0,25.0,0.0
84.21917,282.553,9.0,116.169945,26.0,0.0,0.0,100.0,-7.0,7.0,8.0,28.0,1.0,38.0,20.083796,0.0,0.0,17.0,34.708553,2.0,5.0,0.0,38.0,0.0
70.0,185.42802,5.5787354,76.0,38.236267,0.0,0.0,91.213455,9.622104,4.0,6.0,35.0,1.0,19.809595,1.0,4.8753943,5.0,17.10385,25.907476,9.0,3.0,0.0,50.0,0.0
57.83307,160.80453,4.0,61.0,12.0,2.9273934,2.868619,78.17482,31.606682,4.0,3.451673,17.0,2.0,43.0,0.0,6.576374,6.8623137,88.315254,40.18254,2.0,3.0,0.32576132,100.0,0.0
62.0,265.06613,1.6119648,69.42744,22.680428,0.0,0.0,95.87407,6.0,6.0,6.0,28.0,9.749992,33.630962,0.0,16.299215,15.42105,34.00097,91.57441,6.0,4.0,2.4482896,71.0,0.0
77.0,139.49443,6.0,59.93335,9.626713,0.0,1.0,100.0,-7.0,6.0,8.0,13.0,1.0,47.0,0.0,4.0,4.0,0.0,-8.0,0.0,1.0,0.0,33.208454,0.0
78.96222,146.50053,36.61377,115.00404,14.0,0.0,0.0,100.0,-7.0,7.0,8.0,18.0,0.0,17.752424,0.0,1.0,1.0,28.0,-8.0,4.0,1.0,0.0,77.38959,0.0
-9.0,-9.0,-9.0,-9.0,-9.0,-9.0,-9.0,-9.0,-9.0,-9.0,-9.0,-9.0,-9.0,-9.0,-9.0,-9.0,-9.0,-9.0,-9.0,-9.0,-9.0,-9.0,-9.0,0.0
65.38409,96.18651,6.0,63.0,14.48298,2.7942567,3.0389118,100.0,-7.0,6.0,8.0,10.589373,1.0,38.682922,-1.1770353,0.69137645,1.0,0.0,45.740776,1.0,1.0,0.0,27.360893,0.0
60.26403,155.3176,-9.0,82.0,39.96131,1.0,0.0,90.43916,13.672048,5.0,4.0,44.316463,5.0,43.0,1.0,4.509403,4.0,50.25574,82.511536,12.605451,4.0,1.0,100.0,0.0
89.0,43.888126,27.631374,91.59818,9.247372,0.0,0.0,100.0,-7.0,7.0,8.0,11.0,0.0,7.134391,0.0,0.0,0.0,9.0,-8.0,1.0,-8.0,0.0,11.369881,0.0
73.0,246.67612,3.0,86.0,48.09639,0.0,0.0,100.0,-7.0,7.0,8.0,48.460915,1.2352747,31.0,0.0,2.0,2.0,42.70959,-8.0,8.0,2.0,3.463042,63.0,0.0
86.612724,321.96298,14.422731,107.39643,39.0,0.0,0.0,100.0,-7.0,7.0,8.0,38.947678,0.0,21.499817,3.0,0.0,0.0,0.0,-8.0,2.0,1.0,0.0,19.200647,0.0
81.0,326.5133,-9.0,71.14651,15.0,0.0,0.0,100.0,-7.0,7.0,8.0,17.0,1.0,9.746809,0.0,0.0,0.0,39.5824,52.069813,6.0,1.0,0.0,67.0,0.0
77.0,194.86655,13.981988,93.0,11.0,0.0,0.0,92.0,20.31581,6.0,6.0,11.0,0.0,39.0,1.0,1.0,1.0,21.0,-8.0,2.0,1.0,0.0,88.0,0.0
85.0,81.12127,3.0,97.55247,16.0,0.0,0.0,100.0,-7.0,7.0,8.0,7.0,2.0,29.148699,0.0,1.0,1.0,8.0927105,-8.0,2.0,1.0,0.0,64.0,0.0
83.0,82.37234,2.0,63.130466,26.0,0.0,0.0,100.0,-7.0,7.0,8.0,28.810553,2.0,59.8421,-7.0,2.0,2.0,4.449486,78.18051,3.0,4.0,0.0,75.0,0.0
68.121216,-9.0,7.0,42.246624,14.0,0.0,0.0,82.57475,5.462568,6.0,6.0,16.0,1.0,42.0,-7.0,0.0,0.0,37.973682,60.30311,1.0,4.913512,1.0,50.0,0.0
65.0,235.40654,4.0,90.36421,66.41828,2.881579,0.0,88.2438,46.363056,6.0,2.0,60.958538,3.9289496,50.0,0.0,2.0,3.0,36.77288,61.84843,17.21217,4.0,3.9464028,50.0,0.0
92.965294,536.42487,27.886175,262.835,14.0,0.0,0.0,100.0,-7.0,7.0,8.0,17.391996,0.0,25.0,-7.0,0.0,0.0,3.0,-8.0,1.0,1.0,0.0,9.167635,0.0
74.0,365.79028,3.0,134.31354,37.697342,0.0,0.0,96.0,32.509098,6.0,6.0,32.0,2.0,20.0,-7.0,1.0,1.0,3.0,-8.0,5.0,1.0,1.0,44.0,0.0
76.0,237.52264,36.964138,125.20288,14.409121,0.0,0.0,100.0,-7.0,7.0,8.0,15.839818,0.0,6.5528975,3.0,0.0,0.0,48.51047,-8.0,7.0,1.0,3.0,67.40466,0.0
74.0,210.57512,13.0,138.86702,24.0,0.0,0.0,97.0,31.586554,6.0,6.0,27.846638,0.0,42.0,-7.0,0.0,0.0,80.39972,-8.0,2.0,1.0,1.0,50.0,0.0
80.0,299.2014,4.0,100.0,23.0,0.0,0.0,94.0,2.4495687,6.0,6.0,23.0,2.0,37.0,0.0,1.0,1.0,9.557386,88.0,4.582181,3.0,0.0,60.0,0.0
-9.0,100.00734,7.0,71.0,29.0,0.0,0.0,94.0,10.636194,6.0,6.0,20.319841,2.0,35.20628,7.0,0.0,0.0,36.0,76.092926,7.0,4.0,0.0,63.0,0.0
67.15725,218.21613,9.0,150.5109,17.102026,1.0,1.1538033,87.11099,-9.0,6.0,6.0,19.0,0.0,15.4722805,0.0,0.0,0.0,26.66839,-8.0,2.0,1.0,0.0,28.785822,0.0
70.0,174.13983,9.0,80.0,28.0,0.0,0.0,100.0,-7.0,7.0,8.0,31.0,1.0,33.61986,8.656229,1.0,0.0,62.194054,-8.0,3.0,2.0,1.0,60.0,0.0
83.0,287.22012,3.0,74.26955,22.0,0.0,0.0,100.0,-7.0,7.0,8.0,22.187424,3.4743059,25.0,8.902046,0.0,0.0,11.0,93.93905,2.0,1.0,0.0,81.96564,0.0
87.642654,152.27531,21.668175,163.18088,26.57766,0.0,0.0,100.0,-7.0,7.0,8.0,7.0,0.0,22.636782,-8.0,0.0,0.0,11.0,88.0,4.0,2.0,0.0,50.0,0.0
85.0,152.88905,5.0,53.625885,26.0,0.0,0.0,100.0,-7.0,7.0,8.0,27.636713,4.0,31.316948,9.0,1.0,1.0,8.23674,98.65378,3.0,2.0,0.0,57.0,0.0
87.90576,180.16827,4.0,69.050125,15.0,0.0,0.0,92.0,58.518784,6.0,6.0,15.0,1.0,45.0,-7.362827,0.0,0.0,5.0,96.96566,2.0,1.0,0.0,63.0,0.0
83.0,179.4984,-9.0,66.12832,21.0,0.0,0.0,100.0,-7.0,7.0,8.0,25.0,2.0,39.0,6.6578236,2.0,2.0,1.0,-8.0,4.0,2.0,0.0,67.0,0.0
87.0,133.43231,11.0,76.0,27.78909,0.0,0.0,100.0,-7.0,7.0,8.0,38.172123,1.0,25.0,-7.0,0.0,1.0,1.0,-8.0,2.0,2.0,0.0,40.783348,0.0
89.0,234.20355,6.0,83.0,25.0,0.0,0.0,100.0,-7.0,7.0,8.0,21.0,1.0,22.0,-7.0,0.0,0.0,10.0,77.87927,2.0,2.0,0.0,100.0,0.0
68.0,188.10376,9.0,81.0,43.009846,0.0,0.0,98.20672,14.19401,6.0,6.0,42.321957,1.0,29.0,0.0,1.0,1.0,30.533583,-8.0,5.0,2.0,1.0,50.0,0.0
81.0,198.80411,4.0,102.47471,23.0,0.0,0.0,100.0,-7.0,7.0,8.0,24.0,3.0,43.0,0.0,4.0,3.0,10.038156,39.20016,2.4276989,5.0,0.0,71.0,0.0
74.0,279.55774,4.0,72.0,14.632001,6.9042163,6.788914,77.23385,48.24413,6.0,-9.0,19.201647,2.0,22.0,1.0,0.0,0.0,40.619812,54.257908,1.0,2.0,0.0,61.872414,0.0
80.0,167.15282,6.728829,76.49953,18.0,0.0,0.0,100.0,-7.0,7.0,8.0,14.0,2.0,18.0,0.0,0.0,0.0,38.15667,-8.0,2.1686952,1.0,0.0,33.0,0.0
89.0,321.5341,27.605549,184.99748,12.0,0.0,0.0,100.0,-7.0,7.0,8.0,5.3392916,0.0,12.610783,-7.0,1.0,1.0,2.0,-8.0,4.0,1.0,0.0,63.192856,0.0
-9.0,251.63626,8.0,135.0638,39.52961,1.0,1.0,83.661064,-7.0,-9.0,6.0,48.908787,2.0,56.539883,15.921615,0.0,0.0,93.467964,-2.2567272,7.0,19.752254,4.0,76.47584,0.0
75.0,285.07388,28.291962,168.60764,13.0,3.3313916,2.759993,92.0,71.46682,6.0,5.0,19.0,0.0,22.0,-8.0,1.0,1.0,11.863913,-8.0,1.0,1.0,0.0,64.0,0.0
82.0,232.23088,3.0,67.0,6.0,0.0,0.0,86.94412,41.266613,6.0,6.0,7.0,1.0,35.0,-9.0,0.0,0.0,53.9542,45.33564,2.0,1.0,0.0,86.0455,0.0
85.0,287.73978,4.0,119.05428,15.0,0.0,0.0,100.0,-7.0,7.0,8.0,17.0,1.0,46.821438,0.0,1.0,1.0,13.156038,-8.0,1.0,1.0,0.0,67.0,0.0
82.0,181.70389,2.819205,65.0,29.970467,0.0,0.0,100.0,-7.0,7.0,8.0,23.0,2.0,14.0,13.710258,0.0,0.0,10.0,-8.0,2.0,1.0,1.0,50.0,0.0
-9.0,-9.0,-9.0,-9.0,-9.0,-9.0,-9.0,-9.0,-9.0,-9.0,-9.0,-9.0,-9.0,-9.0,-9.0,-9.0,-9.0,-9.0,-9.0,-9.0,-9.0,-9.0,-9.0,0.0
73.97516,126.724106,2.0,64.67131,30.0,0.0,0.0,100.0,32.6535,6.0,6.0,28.657658,1.0,31.12402,3.0,0.0,0.0,41.084324,54.154163,3.0,2.0,1.0,70.0,0.0
67.0,190.29681,1.0,73.22293,73.52156,2.0,2.0,91.386246,24.234018,4.292204,3.0,63.91883,3.0,32.881893,0.0,16.005236,13.529654,42.753475,32.516506,5.0,2.0,1.0,52.737312,0.0
80.0,291.99927,8.0,101.41303,20.0,0.0,0.0,100.0,-7.0,7.0,8.0,27.003227,1.0,36.0,20.071665,0.0,0.0,14.616475,99.511215,3.0,2.0,2.0,50.0,0.0
77.0,143.40067,5.0,60.038593,-3.5829344,0.0,0.0,100.0,-7.0,7.0,8.0,3.557066,2.0,57.486347,9.0,0.0,0.0,68.89002,74.6483,1.0,2.0,0.0,100.0,0.0
85.0,423.52664,25.197233,152.74045,17.0,0.0,0.0,100.0,-7.0,7.0,8.0,19.0,0.0,39.096348,0.0,0.0,0.0,34.995064,-8.0,2.0,1.0,0.0,45.40555,0.0
63.0,188.06296,4.0,68.0,43.766552,0.0,0.0,96.0,11.04699,6.0,6.0,51.65763,1.0,36.861134,0.0,1.0,0.0,69.22982,51.344975,6.0,4.381855,4.0,71.0,0.0
77.0,352.71857,2.0,87.540474,47.619663,0.0,0.0,95.0,43.299545,6.0,6.0,48.98272,3.0,19.232883,2.0,1.0,1.0,9.0,-8.0,5.0,2.0,0.0,37.75316,0.0
80.0,74.2428,1.0,65.66294,9.0,1.0,0.0,80.39143,27.554808,6.0,3.0,11.0,1.3131553,50.0,0.0,2.0,2.0,6.0,-8.0,2.0,1.0,0.0,60.0,0.0
28.528374,179.62213,17.835215,98.494934,8.371111,3.6302588,3.1687143,70.06105,2.8394003,-3.8450344,2.0,14.944862,0.0,57.406616,0.5734417,0.0,0.0,42.567657,-8.0,2.0,3.0,0.0,100.0,0.0
-9.0,-9.0,-9.0,-9.0,-9.0,-9.0,-9.0,-9.0,-9.0,-9.0,-9.0,-9.0,-9.0,-9.0,-9.0,-9.0,-9.0,-9.0,-9.0,-9.0,-9.0,-9.0,-9.0,0.0
82.0,67.45348,3.0841115,73.80975,15.0,0.0,0.0,93.0,22.937237,6.0,6.0,3.5461402,1.0,24.0,1.0,1.0,1.0,0.0,-8.0,1.0,1.0,0.0,63.45111,0.0
69.29882,125.98084,1.0,36.319866,23.0,0.0,0.0,100.0,-7.0,7.0,8.0,30.699545,3.0,30.0,1.0,2.0,2.0,60.991173,95.97728,8.615554,3.0,4.0,100.0,0.0
-9.0,-9.0,-9.0,-9.0,-9.0,-9.0,-9.0,-9.0,-9.0,-9.0,-9.0,-9.0,-9.0,-9.0,-9.0,-9.0,-9.0,-9.0,-9.0,-9.0,-9.0,-9.0,-9.0,0.0
84.0,72.963684,3.0,63.0,23.0,0.0,0.0,95.0,26.766151,6.0,6.0,25.0,0.0,20.0,10.565684,0.0,0.0,4.9584794,97.958466,2.0,1.0,0.0,50.0,0.0
59.051144,183.22063,2.0,58.0,29.553951,3.0,1.5826062,77.87174,11.349476,4.0,-9.0,38.0,4.0,61.967712,3.0,2.0,2.0,22.186512,92.7591,2.0,3.0,0.0,63.36344,0.0
77.0,152.43906,4.0,60.62958,15.0,0.0,0.0,100.0,-7.0,7.0,8.0,13.0,4.0,17.0,0.0,0.0,0.0,23.432898,60.178993,4.1161647,2.0,1.0,63.0,0.0
79.0,204.00621,2.0,91.22657,32.0,0.0,0.0,100.0,-7.0,7.0,8.0,30.0,1.0,42.0,0.0,1.0,1.0,41.223846,78.3536,4.0,2.0,1.0,57.405396,0.0
61.847157,212.23006,2.0,107.669106,36.847916,2.0,1.0,84.72809,7.256423,4.0,3.0,32.0,2.5367956,33.0,0.0,6.6769166,6.579277,11.0,-8.0,9.665821,2.0,0.0,67.0,0.0
85.0,196.85564,0.39259806,116.259796,31.0,0.0,0.0,100.0,-7.0,7.0,8.0,34.0,3.0,30.590034,-7.3106017,0.0,0.0,1.0,81.11331,2.6452363,5.0,0.0,43.038082,0.0
83.0,213.86575,3.0,91.439926,42.18726,0.0,0.0,96.0,39.12087,6.0,6.0,44.169147,3.092986,43.0,-7.0,2.0,2.0,9.0,93.967636,3.0,3.0,0.0,54.801342,0.0
81.0,198.24802,5.0,72.0,20.71986,0.0,0.0,95.04708,-7.0,4.0,6.0,19.0,1.0,39.0,-7.171368,1.0,1.0,12.0,-8.0,2.0,2.0,0.0,49.43572,0.0
73.0,191.8602,11.0,109.161316,15.7578,0.0,0.0,100.0,-7.0,7.0,8.0,16.0,1.0,18.0,0.0,0.0,0.0,59.817642,76.4609,5.0,1.0,3.0,67.0,0.0
70.0,157.17996,17.058474,110.861496,5.847837,1.0,1.0,100.0,-7.0,7.0,8.0,7.302268,0.0,42.122974,-9.0,0.0,0.0,67.712746,-8.0,5.0,-8.0,1.0,100.0,0.0
71.0,164.0575,8.0,56.550556,18.0,0.0,0.0,100.0,-7.0,7.0,8.0,23.0,1.0,34.410854,0.0,2.0,2.0,59.13314,66.215614,3.0,2.0,3.0,63.0,0.0
87.5178,176.86829,9.0,70.0,22.0,0.0,0.0,100.0,-7.0,7.0,8.0,23.643589,1.0,35.0,0.0,0.0,0.0,6.4269757,9.612448,4.0,1.0,0.0,62.202347,0.0
92.77129,245.80707,52.14344,256.1537,5.772325,0.0,0.0,100.0,-7.0,7.0,8.0,3.0451686,0.0,13.256096,-7.0,0.0,0.0,1.0,-8.0,2.0,-8.0,0.0,57.0,0.0
69.63169,-2.3075042,6.0,33.885323,13.0,0.0,0.0,100.0,-7.0,7.0,8.0,9.0,1.0,62.469482,0.0,1.0,1.0,90.65176,-8.0,4.0,2.0,2.3435316,90.48117,0.0
78.93856,155.87259,8.0,78.38242,26.465395,0.0,0.0,100.0,-7.0,7.0,8.0,21.0,2.0,21.841143,1.0,0.0,0.0,39.990067,-8.0,8.0,1.0,0.0,69.428375,0.0
80.0,179.93102,2.0,86.99153,33.0,0.0,0.0,100.0,-7.0,7.0,8.0,38.863655,2.0,24.65633,-8.0,0.0,0.0,10.0,-8.0,9.233485,2.0,0.0,67.0,0.0
75.0,192.68562,5.0,76.263916,15.0,0.0,0.0,100.0,-7.0,7.0,8.0,14.0,3.0,77.47533,1.0,2.0,2.0,47.420063,84.02546,2.0,3.0,0.0,100.0,0.0
57.869934,181.77695,32.508045,149.17311,7.996843,4.0028486,1.0,-9.0,16.544159,6.0,3.0,8.0,0.0,22.0,-8.0,2.0,2.0,28.0,-8.0,2.0,1.0,-8.0,95.78853,0.0
74.0,310.31873,7.0,63.0,37.16704,0.0,0.0,96.934105,3.0,4.0,6.0,34.0,3.0,23.057976,-7.0,0.0,0.0,4.0,56.334404,3.0,2.0,0.0,28.786835,0.0
87.34365,244.97394,36.71181,130.85385,8.0,0.0,0.0,100.0,-7.0,7.0,8.0,5.109615,0.0,20.0,-7.0,0.0,0.0,1.0,-8.0,1.0,1.0,0.0,37.31019,0.0
70.0,126.48174,2.0,-9.0,6.0,0.0,0.0,100.0,-7.0,7.0,8.0,9.8834095,2.0,33.0,0.0,0.0,0.0,99.27456,92.073784,2.0,2.0,0.0,80.0,0.0
76.0,147.6054,7.0,74.48191,38.62917,0.0,0.0,100.0,-7.0,7.0,8.0,38.97558,2.0,47.0,0.0,2.0,1.0,20.932713,-8.0,4.0,3.0,1.0,57.0,0.0
63.0,89.72412,3.0,30.578714,15.0,2.0,1.0,82.68648,23.718575,6.0,2.0,20.0,2.0,24.0,0.0,1.0,1.0,63.47611,61.84092,5.0,2.0,2.0,60.0,0.0
82.0,210.72763,7.0,94.0,21.0,0.0,0.0,100.0,-7.0,7.0,8.0,20.0,1.0,45.0,16.800566,0.0,0.0,51.347317,-8.0,2.0,3.0,0.0,80.0,0.0
87.0,326.37283,22.057526,102.824524,22.0,0.0,0.0,100.0,-7.0,7.0,8.0,20.626726,0.0,27.0,-8.0,0.0,0.0,10.0,-8.0,3.0,1.0,0.0,41.336956,0.0
79.92103,154.9022,12.0,63.0,24.073719,0.0,0.0,100.0,-7.0,7.0,8.0,26.930647,0.0,28.0,-7.0,1.0,1.0,14.0,64.04141,4.0,3.0,1.0,57.0,0.0
84.0,-9.0,9.614478,-9.0,13.0,0.0,0.0,100.0,-7.0,7.0,8.0,11.0,0.0,14.0,0.0,0.0,0.0,0.0,82.208145,1.0,1.0,0.0,30.097052,0.0
90.0,173.79219,-9.0,86.90605,23.0,0.0,0.0,95.0,22.68778,6.0,6.0,28.0,2.0,38.075348,11.508737,1.0,1.0,0.0,65.67328,1.0,2.0,0.0,50.0,0.0
71.0,148.36635,6.0,54.164627,14.0,1.0,1.0,100.0,-7.0,7.0,8.0,16.567038,2.0,32.066647,4.4651923,4.0,4.0,6.0,79.69867,2.0,3.0,0.0,67.0,0.0
71.0,104.78039,7.0,87.236206,20.0,0.0,0.0,82.132416,29.04435,6.0,5.0,27.272625,2.0,52.298725,0.0,1.0,1.0,69.82621,80.0,4.0,3.0,1.0,86.0,0.0
72.0,188.88306,21.281467,62.29758,13.727621,0.0,0.0,100.0,-7.0,7.0,8.0,13.728775,0.0,50.0,0.0,0.0,0.0,69.63442,-8.0,4.0,1.0,2.0,88.2217,0.0
75.0,210.70563,8.0,109.76902,34.0,0.0,0.0,97.0,64.33374,6.0,6.0,24.0,3.6270769,21.0,3.844117,4.0,4.0,1.0,-8.0,-7.4333634,1.0,0.0,-9.0,0.0
83.0,279.7848,6.0,94.0,33.132412,0.0,0.0,95.0,68.37115,6.0,6.0,31.0,2.0,13.0,4.0,0.0,0.0,18.714943,51.48039,1.0,1.0,1.0,-9.0,0.0
81.0,146.83409,26.26317,80.24231,15.0,0.0,0.0,100.0,-7.0,7.0,8.0,16.434729,0.0,39.0,3.0,1.0,0.85528785,23.326647,-8.0,2.0,1.6139462,0.0,50.0,0.0
82.6863,232.55577,2.0,74.0,14.015794,0.0,0.0,93.63524,71.98864,6.0,5.0,14.0,3.0,5.9113917,0.0,1.0,0.0,0.52440095,-8.0,2.0,-9.0,0.0,33.43947,0.0
76.14773,190.02272,9.0,82.0,39.710377,0.0,0.0,100.0,-7.0,7.0,8.0,54.285236,1.0,28.0,21.394215,0.0,0.0,30.684217,88.94083,5.0,3.0,1.0,50.0,0.0
77.524,-6.2283587,8.964804,23.747206,13.0,0.0,0.0,100.0,-7.0,7.0,8.0,11.0,2.0,44.004562,3.250016,0.0,0.0,13.093076,-8.0,1.0,2.0,0.0,69.730125,0.0
76.65338,166.96881,10.0,82.0,33.083725,0.0,0.0,96.0,13.829496,6.0,6.0,37.0,2.0,38.94842,0.0,0.0,0.0,25.767347,-8.0,4.0,2.0,0.0,60.0,0.0
75.0,473.43497,20.0,97.0,37.299473,0.0,0.0,100.0,-7.0,7.0,8.0,37.0,0.0,23.0,4.262321,0.0,0.0,44.257793,83.720634,18.028069,2.0,2.688164,100.0,0.0
78.0,-8.261418,1.0,39.545403,17.0,0.0,0.0,100.0,-7.0,7.0,8.0,11.0,3.0,21.0,0.0,4.0,4.0,1.0,-8.0,1.0,1.1755874,0.0,33.0,0.0
90.43878,411.5572,7.0,113.37487,19.191431,0.0,0.0,100.0,-7.0,7.0,8.0,22.490305,1.0,17.0,-8.0,0.0,0.0,0.0,-8.0,2.0,1.0,0.0,29.735151,0.0
-9.0,-9.0,-9.0,-9.0,-9.0,-9.0,-9.0,-9.0,-9.0,-9.0,-9.0,-9.0,-9.0,-9.0,-9.0,-9.0,-9.0,-9.0,-9.0,-9.0,-9.0,-9.0,-9.0,0.0
72.0,190.88072,13.558553,62.91631,34.0,0.0,0.0,100.0,-7.0,7.0,8.0,37.0,0.0,31.104925,2.0,1.0,1.0,60.44892,23.266232,4.0,4.0,2.0,56.0,0.0
83.0,342.35837,8.0,93.0,29.357155,0.0,0.0,93.0,27.964613,6.0,6.0,30.0,1.0,34.288357,19.12406,0.0,0.0,2.0,76.0,2.0,3.0,0.0,32.398987,0.0
81.0,302.82965,7.0,171.31435,15.0,1.0,0.0,84.8693,28.367502,6.0,5.0,18.0,1.1720389,13.676719,1.0,0.0,0.0,1.0,87.09368,1.0,-0.5881904,0.0,15.86574,0.0
56.012875,79.38091,6.0,64.415306,28.29128,0.0,0.0,94.0,8.58321,6.0,6.0,29.0,3.0,39.3383,0.0,3.9825282,3.0,69.46934,76.59102,6.0,5.518555,4.0,86.0,0.0
79.0,282.28485,5.0,90.0,48.81676,0.0,0.0,100.0,-7.0,7.0,8.0,49.242012,3.0,33.0,0.0,4.695029,4.3378906,12.697086,62.069363,6.0,6.1933184,0.0,58.0,0.0
77.0,37.609283,3.0,66.16359,9.686679,0.0,0.0,100.0,-7.0,7.0,8.0,14.0,5.0,24.0,-7.0,2.0,2.0,12.740561,-8.0,4.0,1.0,0.0,82.41013,0.0
88.05248,433.84158,5.0,108.76821,25.0,0.0,0.0,100.0,-7.0,7.0,8.0,23.0,3.0,37.89722,4.2964144,0.0,0.0,6.286463,-8.0,3.0,1.0,0.0,64.0,0.0
73.30993,187.58104,1.0,61.454124,28.0,0.0,0.0,100.0,-7.0,7.0,8.0,27.0,2.0,38.0,0.0,0.0,0.0,43.233994,-8.0,4.0,1.8110769,1.0,57.0,0.0
74.0,147.83987,2.286464,32.70049,13.0,0.0,0.0,100.0,-7.0,7.0,8.0,14.0,2.0,11.0,0.0,4.5736494,5.260352,14.920649,83.90936,2.0,2.0,0.0,37.938194,0.0
65.0,338.15933,2.0,80.66428,25.0,2.0,2.0,97.0,-7.0,0.40762487,6.182706,23.0,2.633214,29.0,1.0,1.0,1.0,13.0,-8.0,5.0,2.0,0.0,68.36,0.0
92.07422,635.78436,38.47445,118.34695,14.0,0.0,0.0,100.0,-7.0,7.0,8.0,14.0,0.0,21.0,-7.0,0.0,0.0,8.0,-8.0,2.0,1.0,0.0,54.914436,0.0
88.50075,42.869392,31.980345,86.0,18.109446,0.0,0.0,100.0,-7.0,7.0,8.0,6.280373,0.0,18.8661,-7.0,0.0,0.0,3.0,-8.0,4.0,1.0,0.0,50.0,0.0
70.0,347.21796,3.0,111.800644,26.0,0.0,0.0,95.0,24.032476,6.0,6.0,30.0,2.0,29.245096,1.9523468,4.1222916,5.0,41.21529,-8.0,4.0,2.0,1.0,60.0,0.0
80.0,155.66687,1.0,51.871014,17.0,0.0,0.0,100.0,-7.0,7.0,8.0,16.0,5.0,39.209133,0.0,1.0,1.0,1.0,-8.0,1.0,3.0,0.0,71.06256,0.0
86.0,292.7977,31.911194,156.5125,32.0,0.0,0.0,100.0,-7.0,7.0,8.0,40.489964,0.0,19.0,-8.0,0.0,0.0,1.0,6.6478086,3.0,1.0,0.0,38.0,0.0
73.0,230.5834,2.0,64.79701,27.0,0.0,0.0,100.0,-7.0,7.0,8.0,24.49287,5.0,13.0,0.0,5.3955164,5.3431225,10.0,96.040115,1.0,1.0,0.0,6.5705447,0.0
76.0,257.98367,13.198379,116.783966,22.0,0.0,0.0,100.0,-7.0,7.0,8.0,23.0,0.0,48.06477,0.0,0.93731445,0.0,60.09664,62.75109,3.0,1.0,2.0,67.0,0.0
92.92632,196.80629,17.0,107.82215,27.0,0.0,0.0,100.0,-7.0,7.0,8.0,-1.8195326,0.0,22.96172,-7.0,0.0,0.0,1.2082558,-8.0,4.0,2.0,0.0,59.30952,0.0
80.0,152.00485,-9.0,67.83291,14.0,0.0,0.0,100.0,-7.0,7.0,8.0,3.9952407,4.0,18.0,3.0,3.0,2.911044,10.0,-8.0,5.0,1.0,0.0,50.0,0.0
75.0,183.39105,13.312833,74.955284,21.0,0.0,0.0,91.97601,36.29428,6.0,6.0,23.0,0.0,57.61878,21.398655,0.0,0.0,32.0,-8.0,3.0,2.0,0.0,50.0,0.0
3.1807508,121.74547,7.301773,71.0,8.659347,0.0,0.0,79.36624,31.196049,6.0,5.0,13.395287,2.0,22.0,0.0,3.525079,3.0,75.8841,100.0,5.0,1.0,0.0,91.79115,0.0
68.99138,232.51315,3.0,32.414726,29.0,0.0,0.0,100.0,-7.0,7.0,8.0,32.75599,6.0,17.732433,8.612952,0.0,0.0,20.780247,94.79541,6.0,2.0,0.0,50.0,0.0
68.0,187.73518,9.0,99.23933,34.0,1.0,1.0,95.0,24.171253,4.0,5.0,34.483498,0.0,23.0,3.0,1.0,1.0,47.09301,-8.0,5.0,1.0,2.0,39.13886,0.0
71.0,132.02933,1.0,75.0,54.410244,0.0,0.0,100.0,43.147884,6.0,6.0,46.555367,7.4668245,33.0,0.0,3.0,2.0,34.06596,49.806267,8.0,3.0,1.0,67.0,0.0
72.641,147.20453,22.56405,81.04301,26.80932,0.0,0.0,100.0,-7.0,7.0,8.0,20.0,0.0,23.41212,0.0,0.0,0.0,64.84313,42.28275,3.0,2.0,1.0,47.232334,0.0
83.0,157.88213,4.0,63.0,35.5734,0.0,0.0,98.0,17.830269,6.0,5.0,29.351131,1.0,17.631193,2.0,0.0,0.0,0.0,88.0,1.0,2.0,0.0,30.177546,0.0
79.0,178.02267,6.0,154.43991,30.0,0.0,0.0,95.865555,15.038663,6.0,6.0,-9.0,1.0,19.0,-8.0,4.18556,4.0,1.0,58.432926,4.0,3.0,0.0,49.490402,0.0
73.9267,157.71655,11.309218,61.5219,19.361496,0.0,0.0,100.0,-7.0,7.0,8.0,22.0,0.0,47.0,0.0,0.0,0.0,37.021587,70.32582,2.0,5.0,1.0,71.0,0.0
-9.0,-9.0,-9.0,-9.0,-9.0,-9.0,-9.0,-9.0,-9.0,-9.0,-9.0,-9.0,-9.0,-9.0,-9.0,-9.0,-9.0,-9.0,-9.0,-9.0,-9.0,-9.0,-9.0,0.0
60.51799,160.37515,52.69605,172.54913,-9.0,1.4313172,2.0,63.554245,55.714188,6.0,2.0,1.9620924,0.0,77.60304,-7.0,0.0,0.0,13.859802,-8.0,1.0,1.0,-9.0,90.49575,0.0
58.92863,191.981,2.0,49.55997,22.910852,1.0,1.0,91.0,3.0,4.0,6.0,34.51205,8.996578,22.0,6.0,0.0,0.0,14.518999,-8.0,5.0,2.0,0.0,40.0,0.0
65.0,-1.4549123,13.0,61.0,30.0,0.0,0.0,100.0,-7.0,7.0,8.0,33.56708,1.0,27.684872,0.0,2.0,2.0,45.51939,72.27307,6.0,3.1027997,2.3254368,65.877426,0.0
76.0,296.211,5.0,103.38585,21.0,0.0,0.0,100.0,-7.0,7.0,8.0,23.0,1.0,30.039572,1.0,0.0,0.0,25.0,-8.0,4.0,3.0,1.0,64.0,0.0
81.0,188.98569,2.0,93.0,28.0,0.0,0.0,100.0,-7.0,7.0,8.0,29.0,3.0,31.47372,0.0,3.6013868,3.0475447,13.431137,88.0,4.0,3.7851367,0.0,57.005054,0.0
75.0,273.9871,2.0,46.29353,17.31598,0.0,0.0,95.0,44.68655,6.0,6.0,19.0,10.755373,31.63103,0.0,4.0,3.75176,13.639127,93.0,9.684542,3.0,1.0,74.917,0.0
-9.0,173.99245,5.0,70.0,11.677281,7.6038837,6.5301747,49.471153,22.606047,6.0,-9.0,10.85639,2.0,58.27693,0.0,2.0,2.0,33.255756,79.261765,1.0,2.0,0.0,71.0,0.0
70.0,195.4455,2.0,74.0,20.345778,1.0,1.0,94.1486,29.489302,6.0,5.0,14.0,2.0,42.0,7.0,0.7374162,0.0,38.396957,-8.0,2.0,1.0,1.0,50.0,0.0
76.0,190.51927,3.8737671,74.44441,41.566216,0.0,0.0,100.0,-7.0,7.0,8.0,40.323807,4.0,17.815435,0.0,1.0,1.0,28.0,64.066956,3.0,5.2315125,0.0,50.424435,0.0
77.0,55.073616,5.0,61.92226,21.0,0.0,0.0,94.0,21.445635,6.0,6.0,13.0,2.0,46.289787,1.3256011,2.0,2.0,3.0,93.0,2.0,2.0,0.0,40.0,0.0
75.0,13.140525,4.0,62.417976,15.0,0.0,0.0,100.0,-7.0,7.0,8.0,4.3600388,1.0,65.6923,1.0,2.0,2.0,55.03684,84.043175,2.0,2.0,2.0,86.0,0.0
80.0,201.5518,4.2143383,60.893818,33.0,0.0,0.0,100.0,-7.0,7.0,8.0,51.732784,3.0,24.0,4.0,0.0,0.0,11.0,38.632088,2.0,4.0,0.0,50.0,0.0
79.0,382.93082,9.0,183.0943,28.0,0.0,0.0,96.0,36.596214,6.0,6.0,44.546288,1.3044521,29.0,16.594643,0.0,0.0,1.0,64.80031,0.09263777,3.0,0.0,56.0,0.0
84.0,154.26381,2.0,64.68588,7.0,0.0,0.0,100.0,-7.0,7.0,8.0,12.0,1.0,17.0,0.0,0.0,0.0,14.031155,-8.0,1.0,-8.0,0.0,67.0,0.0
88.0,226.61787,3.0,70.0,27.0,0.0,0.0,100.0,-7.0,7.0,8.0,30.0,1.0311061,11.0,10.772359,1.0,1.0,6.0,91.0152,4.0,2.0,0.0,52.39605,0.0
79.0,132.5619,1.0622212,53.55147,21.0,0.0,0.0,100.0,-7.0,7.0,8.0,22.0,2.5834649,23.173155,0.0,0.0,0.0,22.32316,72.7461,3.0,1.0,0.0,60.0,0.0
70.0,105.9538,7.0,63.07583,39.0,0.0,0.0,95.0,59.207546,6.0,6.0,39.998688,2.0,21.0,-7.0,0.0,0.0,32.213326,82.78162,5.0,2.0,0.0,60.0,0.0
66.041504,186.2268,20.0,84.23906,41.37686,0.0,0.0,100.0,1.7653519,3.0,6.0,45.454906,0.0,29.016918,0.0,3.0,3.0,23.463943,-8.0,7.0,5.0,3.0,58.391003,0.0
83.0,396.17422,14.706287,95.08821,20.0,0.0,0.0,100.0,3.2819102,6.0,6.0,22.0,0.0,21.601938,0.0,0.0,0.0,14.168033,-8.0,6.0,3.0,0.0,75.0,0.0
86.0,219.21675,15.99006,82.0,18.0,0.0,0.0,100.0,-7.0,7.0,8.0,20.871172,0.0,42.0,1.0,1.0,1.0,8.0,-8.0,2.0,-8.0,0.0,50.0,0.0
84.0,116.95302,0.2074659,51.510357,18.0,0.0,0.0,100.0,-7.0,7.0,8.0,18.0,4.0,44.0,6.0,0.0,0.0,3.0,100.0,1.0,2.0,0.0,27.015541,0.0
85.0,167.50946,2.0,69.26754,9.0,0.0,0.0,100.0,-7.0,7.0,8.0,11.0,1.0,43.288956,0.0,2.0,2.0,9.24559,79.26074,2.0,2.0,0.0,75.0,0.0
-9.0,147.21436,6.0,38.76093,16.0,2.0,2.0,88.0,4.0,4.0,6.0,19.0,2.0,50.0,0.0,2.0,1.0,74.11195,67.23218,4.701942,3.0,2.0,85.69318,0.0
-9.0,-9.0,-9.0,-9.0,-9.0,-9.0,-9.0,-9.0,-9.0,-9.0,-9.0,-9.0,-9.0,-9.0,-9.0,-9.0,-9.0,-9.0,-9.0,-9.0,-9.0,-9.0,-9.0,0.0
78.0,298.7752,12.0,102.47152,15.0,0.0,0.0,90.881195,23.945665,6.0,6.0,15.0,1.0,58.03918,0.0,0.0,0.0,46.689327,-8.0,3.0,2.0,0.0,81.18347,0.0
68.108696,187.55829,2.143189,76.0,30.567516,0.0,0.0,100.0,-7.0,7.0,8.0,33.0,3.0,27.102276,0.0,1.0,1.0,36.283165,78.55504,7.0,3.5007832,2.0,60.0,0.0
85.0,139.71187,3.0,50.614315,31.0,0.0,0.0,100.0,-7.0,7.0,8.0,34.770634,3.0,50.674713,0.0,2.0,2.0,4.0,100.0,2.0,3.0,0.0,67.0,0.0
-9.0,-9.0,-9.0,-9.0,-9.0,-9.0,-9.0,-9.0,-9.0,-9.0,-9.0,-9.0,-9.0,-9.0,-9.0,-9.0,-9.0,-9.0,-9.0,-9.0,-9.0,-9.0,-9.0,0.0
79.0,131.15633,1.292036,72.0,25.0,0.0,0.0,95.0,3.0,6.0,6.0,21.0,3.0,-9.0,-7.3725533,0.0,0.0,3.0,-8.0,2.0,-8.0,0.0,-9.0,0.0
73.0,141.97452,7.0,73.349144,22.781683,0.0,0.0,100.0,-7.0,7.0,8.0,28.0,0.781742,21.0,0.0,0.0,0.0,70.317,-8.0,3.0,2.0,3.3334386,67.0,0.0
71.0,263.6869,5.039974,80.084404,18.0,1.0,1.0,92.451904,75.48074,6.0,2.2326097,23.0,3.0,22.024841,0.0,4.0,3.5440717,25.0,-8.0,6.0,1.0,1.0,62.669704,0.0
83.0,299.86456,4.0,116.362305,22.0,0.0,0.0,100.0,-7.0,7.0,8.0,20.0,1.0,25.0,0.0,1.0,1.0,3.0,91.0,7.4943748,2.0,0.0,70.99053,0.0
80.0,138.92282,3.0,59.764545,13.0,0.0,0.0,94.0,26.485748,6.0,6.0,15.0,2.0,65.421646,8.0,0.0,0.0,0.0,100.0,1.0,3.0,0.0,67.0,0.0
85.0,326.86093,42.574135,106.02073,12.0,0.0,0.0,100.0,-7.0,7.0,8.0,17.742207,0.0,3.0227282,0.0,0.0,0.0,32.903076,-8.0,1.0,1.0,-9.0,83.91682,0.0
75.0,8.735921,1.0,53.454624,7.0,1.0,1.0,92.0,82.083374,6.0,2.0,10.526104,2.0,32.0,3.0,4.8918104,5.0,38.27417,57.509815,2.0,2.0,0.0,69.28351,0.0
-9.0,-9.0,-9.0,-9.0,-9.0,-9.0,-9.0,-9.0,-9.0,-9.0,-9.0,-9.0,-9.0,-9.0,-9.0,-9.0,-9.0,-9.0,-9.0,-9.0,-9.0,-9.0,-9.0,0.0
68.0,131.23953,6.350316,44.800804,17.0,0.0,0.0,88.0,7.7462187,6.0,6.0,22.0,5.0,24.0,1.0,0.18083791,0.0,13.660376,82.0,2.0,2.0,0.0,60.0,0.0
83.0,125.598366,3.0,65.0,23.764908,0.0,0.0,100.0,-7.0,7.0,8.0,30.0,1.0,41.0,0.0,1.0,1.0,19.0,-8.0,2.0,1.0,1.0,67.80702,0.0
79.0,209.6844,21.082148,104.17705,28.02953,0.0,0.0,100.0,-7.0,7.0,8.0,44.12071,0.0,43.781452,5.0,1.0,1.0,27.952562,-8.0,4.0,3.0,1.0,67.0,0.0
72.13982,143.10316,4.0,38.96106,21.0,0.0,0.0,100.0,-7.0,7.0,8.0,20.931505,3.0,29.081545,0.0,1.0,1.0,46.109352,96.47512,2.0,2.0,1.0,50.0,0.0
71.0,152.81557,1.0,59.968807,20.0,0.0,0.0,100.0,-7.0,7.0,8.0,23.989355,4.0,36.0,-7.0,1.0,1.0,36.0,80.0,6.101738,3.0,4.0,80.0,0.0
84.0,214.34665,2.0,60.49817,8.078007,0.0,0.0,100.0,-7.0,7.0,8.0,11.019271,2.0,41.0,2.0,0.0,0.0,0.6482677,61.32743,1.0,2.0,0.0,44.0,0.0
86.0,246.88066,18.078268,100.0,10.2836485,0.0,0.0,100.0,-7.0,7.0,8.0,17.87438,0.0,15.668461,0.0,0.0,0.0,3.0,-8.0,3.0,-8.0,0.0,41.373665,0.0
74.0,207.22995,3.0,131.51663,25.0,0.0,0.0,100.0,-7.0,7.0,8.0,28.0,3.0,13.0,0.0,0.0,0.0,54.560375,91.0,5.0,2.0,1.0,93.47799,0.0
58.34019,155.72781,4.0,44.07539,16.0,2.5088966,0.0,88.0,3.0,4.0,2.0,21.0,4.967902,27.566208,2.0,0.0,0.0,19.054823,-8.0,1.0,1.0,0.0,42.712177,0.0
61.937927,115.88082,24.580873,65.48427,-4.6664457,4.209436,3.3901975,70.705765,23.764647,6.0,2.0,1.8840979,0.0,40.0,2.0,0.0,0.0,-1.0813679,-8.0,-2.4169073,1.0,0.0,50.0,0.0
83.09337,454.0806,7.0,161.42856,18.0,0.0,0.0,100.0,-7.0,7.0,8.0,18.0,1.0,20.0,0.0,3.0,3.0,28.633095,-8.0,6.0,1.0,0.0,62.13482,0.0
59.40357,125.16542,7.0,19.022602,14.0,0.0,0.0,84.33641,8.006514,4.0,6.0,16.0,3.0,32.0,2.0,0.0,0.0,50.46935,91.03673,7.0,3.0,1.0,100.0,0.0
66.0,234.69763,-9.0,58.559326,48.67831,0.0,0.0,96.0,8.254577,6.0,6.0,54.588768,7.3621354,25.0,0.0,3.0,3.0,19.413738,79.57671,5.0,2.0,1.0,44.0,0.0
82.45663,334.92612,7.0,100.0,25.0,0.0,0.0,87.247444,-9.0,5.0,5.298855,25.436424,4.0,44.694916,0.0,1.0,1.0,6.0,91.0,4.0,3.0,0.0,57.289104,0.0
75.0,147.16025,5.811518,59.2605,10.0,0.0,0.0,100.0,-7.0,7.0,8.0,7.0,2.0,32.0,-7.153065,0.0,0.0,47.378075,-8.0,3.0,1.0,2.0,100.0,0.0
89.3725,393.44818,20.690987,170.1896,25.0,0.0,0.0,100.0,-7.0,7.0,8.0,28.0,0.0,16.0,-7.0,0.0,0.0,0.0,-8.0,1.0,-8.0,0.0,33.0,0.0
60.29294,225.00133,6.0,68.0,36.0,0.0,0.0,97.0,26.995087,6.0,6.0,35.0,2.0,28.0,0.0,0.0,0.0,51.56227,81.37652,9.0,2.0,3.665492,50.0,0.0
72.0,193.36821,3.0,55.61452,28.0,0.0,0.0,97.0,25.553743,6.0,6.0,31.0,4.0,21.98192,0.0,5.0,5.0,20.95595,-8.0,6.0,3.0,0.0,65.826195,0.0
81.98697,161.2622,5.0,72.0,17.0,0.0,0.0,91.33491,12.90544,6.0,6.0,22.0,2.0,24.0,12.0,0.0,0.0,0.0,-8.0,-4.292856,1.0,0.0,-9.0,0.0
75.0,385.22037,42.198784,196.24657,25.0,1.0,0.0,96.0,16.20075,6.0,5.0,23.0,0.0,33.0,0.0,0.0,0.0,45.981842,-8.0,4.0,2.0,0.0,76.3403,0.0
70.40894,187.40173,1.0,70.0,30.0,1.0,1.0,89.0,59.644363,6.0,5.0,35.95561,2.0,40.0,0.0,3.0,2.1948137,20.268295,90.76957,3.0,2.0,0.0,56.0,0.0
88.0,204.67134,10.0,74.66889,13.0,0.0,0.0,100.0,-7.0,7.0,8.0,13.438277,0.0,38.0,0.0,1.0,1.0,8.0,71.0,2.0,2.0,0.0,50.0,0.0
92.99111,227.51294,20.701777,208.02959,9.34586,0.0,0.0,100.0,-7.0,7.0,8.0,11.0,0.0,15.779552,0.0,0.0,0.0,2.0,-8.0,2.0,1.0,0.0,43.0,0.0
85.0,173.11101,4.0,77.13407,29.0,0.0,0.0,100.0,-7.0,7.0,8.0,19.496847,2.0,20.0,-7.0,0.0,0.0,6.0,-8.0,4.0,1.0,0.0,28.004906,0.0
91.0,150.9942,1.0,97.0,17.620266,0.0,0.0,100.0,-7.0,7.0,8.0,23.0,2.0,31.0,-7.516549,3.9900718,3.0,1.0,-8.0,1.3635097,1.0,0.0,30.615824,0.0
77.76743,305.1731,1.0,111.413414,23.131197,1.0,0.0,93.178116,24.43319,6.0,4.0,27.0,1.0,41.0,0.0,0.0,0.0,40.91263,73.89423,6.0,2.0,1.0,69.709435,0.0
90.0,198.47133,21.386595,162.93796,12.0,0.0,0.0,100.0,-7.0,7.0,8.0,3.6446593,0.0,44.11202,0.0,0.0,0.0,0.0,-8.0,0.0,2.0,0.0,29.454376,0.0
76.34751,144.68271,2.0,55.151024,10.0,0.0,0.0,100.0,-7.0,7.0,8.0,13.0,2.0,74.02494,0.0,3.0,3.0,13.0,68.43113,1.0,2.0,0.0,93.01432,0.0
87.20695,-2.2776277,15.113395,75.0,-9.0,0.0,0.0,100.0,-7.0,7.0,8.0,8.0,0.0,8.965244,0.0,2.0,1.8469446,0.0,85.35539,1.0,1.0,0.0,43.388493,0.0
66.0,387.46744,7.0,99.775894,43.33196,0.0,0.0,100.0,-7.0,7.0,8.0,34.371998,1.0,29.0,3.0,1.4649141,2.0,29.360142,52.62121,9.0,4.0,1.0,63.679123,0.0
69.0,205.79071,2.0,78.39844,24.0,0.0,0.0,95.0,6.0,5.841,6.0,30.0,2.0,39.0,0.0,0.0,0.0,35.33932,77.67654,6.0,2.0,1.0,77.30637,0.0
81.9632,189.88762,14.199426,89.12993,16.0,0.0,0.0,100.0,-7.0,7.0,8.0,21.0,0.0,24.0,0.0,3.398175,3.0,1.0,74.13564,1.0,2.0,0.0,33.0,0.0
88.0,186.45766,4.0,107.644135,29.0,0.0,0.0,100.0,-7.0,7.0,8.0,23.0,1.2403815,39.0,0.0,0.0,0.0,13.0,59.11877,2.0,1.9785689,0.0,70.324646,0.0
86.0,271.86902,39.86278,101.44829,15.544023,0.0,0.0,100.0,-7.0,7.0,8.0,13.0,0.0,49.67832,0.0,0.0,0.0,13.0,-8.0,6.0,1.0,0.0,88.36617,0.0
68.0,153.10141,3.0,66.965,25.0,2.0,1.0,80.64965,18.057795,6.0,4.6609764,28.0,1.0,20.143778,-7.0,1.0,1.0,47.10767,-8.0,4.0,2.0,2.0,60.0,0.0
68.0,229.31314,5.0,108.62678,25.0,0.0,0.0,88.0,24.706888,6.0,6.0,27.920303,1.0090005,41.0,-8.0,1.0,1.0,36.278645,50.407856,6.616326,2.0,2.0,69.93684,0.0
72.0,100.9309,1.0,70.0,18.0,2.0,2.0,100.0,-7.0,6.0,8.0,26.42041,4.0,19.267174,0.0,3.0,2.0,15.0,100.0,3.0,2.0,0.0,85.9437,0.0
85.0,285.17615,3.0,89.63378,20.0,0.0,0.0,100.0,-7.0,7.0,8.0,24.0,2.0,50.0,11.169664,3.03272,3.0,8.0,98.72297,3.0,2.0,0.0,58.7256,0.0
84.0,165.5994,2.0,92.0,34.87108,0.0,0.0,100.0,-7.0,7.0,8.0,39.639004,1.0,18.0,8.228958,0.0,0.0,6.0852003,83.05615,4.0,2.0,0.0,36.118626,0.0
85.0,134.07854,5.0,61.07308,21.0,0.0,0.0,100.0,-7.0,7.0,8.0,21.0,3.0,47.237495,8.0,0.0,0.0,1.0,97.77524,2.0,3.0,0.0,67.0,0.0
74.05487,144.88086,4.0,49.477173,30.0,0.0,0.0,96.0,30.044626,3.9060657,6.0,35.36516,3.0,18.0,-7.0,0.0,0.0,22.258207,97.483116,6.0,2.0,0.0,56.0,0.0
-9.0,-9.0,-9.0,-9.0,-9.0,-9.0,-9.0,-9.0,-9.0,-9.0,-9.0,-9.0,-9.0,-9.0,-9.0,-9.0,-9.0,-9.0,-9.0,-9.0,-9.0,-9.0,-9.0,0.0
81.0,247.56648,18.667776,77.0,41.68587,0.0,0.0,100.0,-7.0,7.0,8.0,37.260666,0.0,24.642416,0.0,0.0,0.0,5.318546,-8.0,1.0,1.0,0.0,43.0,0.0
63.58512,392.8416,1.3344251,123.59531,30.80053,2.0,1.3109356,100.0,-7.0,7.0,8.0,48.688988,7.6855435,35.0,0.0,3.2610576,3.0,21.0,38.421772,4.0,7.4525228,1.0,67.0,0.0
74.0,93.27078,13.394137,59.683254,21.0,0.0,0.0,100.0,-7.0,7.0,8.0,23.0,0.0,50.0,0.0,1.0,1.0,19.466145,79.84948,5.0,3.0,1.0,64.0,0.0
-9.0,-9.0,-9.0,-9.0,-9.0,-9.0,-9.0,-9.0,-9.0,-9.0,-9.0,-9.0,-9.0,-9.0,-9.0,-9.0,-9.0,-9.0,-9.0,-9.0,-9.0,-9.0,-9.0,0.0
57.292942,134.60518,7.0,49.57421,25.0,5.4288254,7.693598,89.02642,18.346085,4.0,2.112729,37.0,3.0,35.0,0.0,0.0,0.0,89.98137,66.133224,8.0,3.0,3.1481345,83.0,0.0
85.0,326.26584,29.043268,116.474915,10.0,0.0,0.0,90.0,59.741673,6.0,6.0,12.0,0.0,13.513678,-8.0,0.0,0.0,31.598223,-4.887189,1.0,3.0,0.0,50.0,0.0
84.34948,108.091354,1.0,72.0,15.0,0.0,0.0,100.0,-7.0,7.0,8.0,15.0,1.0,16.911211,0.0,1.0,1.6618129,23.378508,-8.0,1.574556,-8.0,0.0,29.623457,0.0
85.0,232.61554,9.0,86.0,21.0,0.0,0.0,97.0,20.901897,6.0,6.0,22.0,1.0,46.0,7.0,0.0,0.0,5.0,49.423225,1.0,3.0,0.0,100.0,0.0
84.0,-8.172768,6.0,53.687557,16.915226,0.0,0.0,100.0,-7.0,7.0,8.0,9.0,1.0,40.16845,0.0,2.0,2.0,4.0,-8.0,2.0,2.0,0.0,56.0,0.0
72.10199,160.35023,2.0,88.95098,25.328842,0.0,0.0,100.0,-7.0,7.0,8.0,28.0,1.0,38.20671,8.0,0.0,0.0,90.91841,43.175533,3.0,2.0,4.0,50.0,0.0
68.0,301.4365,4.361656,76.0,24.0,0.0,0.0,95.0,22.511196,6.0,6.0,20.0,2.0,29.0,0.0,0.0,0.0,22.366465,42.548225,8.0,2.0,3.0,68.592476,0.0
75.98848,137.12726,6.0,81.0,23.0,1.0,0.0,92.0,36.808132,6.0,3.0,27.0,1.0,31.0,2.0,1.0,1.0,23.615864,95.86699,5.0,2.0,0.0,67.0,0.0
89.105255,286.22702,15.645991,87.93505,18.070978,0.0,0.0,100.0,-7.0,7.0,8.0,19.0,0.0,11.339338,0.0,0.0,0.0,0.0,-8.0,3.0,1.0,0.0,43.0,0.0
70.0,163.99556,5.0,79.0,54.72062,4.464078,2.0,81.47777,21.884605,6.0,5.0,59.738827,2.0,81.201836,0.0,3.0,3.0,0.0,12.456385,-6.0016966,6.2106066,-9.0,73.0,0.0
80.5197,437.00272,5.5806017,79.22149,48.82034,0.0,0.0,97.0,28.667953,6.0,6.0,37.0,3.0,17.0,2.114786,2.0,1.0,1.0,-8.0,5.0,1.0,0.0,22.665611,0.0
-9.0,-9.0,-9.0,-9.0,-9.0,-9.0,-9.0,-9.0,-9.0,-9.0,-9.0,-9.0,-9.0,-9.0,-9.0,-9.0,-9.0,-9.0,-9.0,-9.0,-9.0,-9.0,-9.0,0.0
80.0,142.05722,17.5558,55.747818,10.0,0.0,0.0,91.0,39.796898,6.0,6.0,12.3257475,0.0,51.843834,0.0,0.0,0.0,18.498657,-8.0,3.0,2.0,0.0,100.0,0.0
65.0,378.5456,2.0,84.0,34.27464,2.0,1.0,86.68777,63.495148,6.0,6.0,33.27016,2.0,67.96783,6.9726267,1.0,1.0,22.184616,80.0,2.3035367,7.4539585,0.0,75.0,0.0
-9.0,-9.0,-9.0,-9.0,-9.0,-9.0,-9.0,-9.0,-9.0,-9.0,-9.0,-9.0,-9.0,-9.0,-9.0,-9.0,-9.0,-9.0,-9.0,-9.0,-9.0,-9.0,-9.0,0.0
86.0,253.85432,7.0,94.0,12.0,0.0,0.0,100.0,-7.0,7.0,8.0,15.0,2.0,60.274982,12.166269,0.0,0.0,1.0,-8.0,2.0,-8.0,0.0,50.0,0.0
68.457375,91.20918,4.822664,44.748333,22.0,0.0,0.0,100.0,-7.0,7.0,8.0,22.0,2.0,32.260174,0.0,5.0,5.0,74.63492,94.190186,5.0,2.0,1.0,57.0,0.0
80.0,226.67377,4.0,122.39055,30.784811,0.0,0.0,100.0,-7.0,7.0,8.0,28.0,2.0,40.0,16.0,0.0,0.0,22.964159,93.0,4.0,2.0,1.0,78.0,0.0
88.20168,515.6141,2.0,122.17104,9.0,0.0,0.0,100.0,-7.0,7.0,8.0,15.0,1.0,22.596094,0.0,2.0,3.0,2.0,84.01352,1.332677,1.0,0.0,80.0,0.0
77.58416,230.64651,3.0,70.0,27.586065,0.0,0.0,94.0,5.8272724,6.0,6.0,36.825016,2.0,50.0,0.0,6.055561,5.8447475,2.0,74.07377,4.0,5.803502,0.0,64.0,0.0
87.0,176.8503,16.0,83.714424,16.299274,0.0,0.0,100.0,-7.0,7.0,8.0,16.0,0.0,35.0,8.0,0.0,0.0,8.0,64.639496,2.0,1.0,0.0,44.81383,0.0
85.0,109.6649,8.750504,74.46175,8.9050665,0.0,0.0,100.0,-7.0,7.0,8.0,1.8111471,2.0,42.0,11.054862,0.0,0.0,2.0,-8.0,1.0,2.0,0.0,100.0,0.0
73.0,204.5642,5.0,73.993,37.661472,0.0,0.0,100.0,-7.0,7.0,8.0,34.0,5.157893,38.0,0.0,2.0,2.0,19.191359,9.310705,7.0,3.0,0.0,83.0,0.0
81.72746,268.26904,5.0,110.09565,44.39186,1.0,1.0,95.0,13.956808,6.0,3.5388427,81.30042,3.0,33.0,23.780727,0.0,0.0,2.0,-8.0,4.0,2.0,0.0,44.0,0.0
76.0,122.09899,10.0,62.60287,25.0,0.0,0.0,100.0,-7.0,7.0,8.0,19.0,1.0,41.0,0.0,5.0,5.332426,7.1473,97.12219,4.0,3.0,0.0,71.0,0.0
72.0,216.47128,2.0,65.0,29.0,0.0,0.0,100.0,-7.0,7.0,8.0,26.0,3.0,20.0,0.0,1.0,0.0,44.982708,75.224045,5.0,2.0,2.0,42.01928,0.0
79.0,180.8559,5.0,55.94485,25.700882,0.0,0.0,100.0,-7.0,7.0,8.0,27.0,2.0,20.0,0.0,2.0,2.0,20.119362,-8.0,2.0,1.0,0.0,42.193516,0.0
-9.0,-9.0,-9.0,-9.0,-9.0,-9.0,-9.0,-9.0,-9.0,-9.0,-9.0,-9.0,-9.0,-9.0,-9.0,-9.0,-9.0,-9.0,-9.0,-9.0,-9.0,-9.0,-9.0,0.0
70.90631,138.7144,5.0,59.90529,24.0,0.0,0.0,93.0,-7.0,6.0,6.0,25.0,2.0,50.0,0.0,1.0,1.0,13.773152,94.759605,5.0,2.0,0.0,67.0,0.0
82.0,236.3646,11.0,137.52914,18.244305,0.0,0.0,100.0,-7.0,7.0,8.0,29.0,0.0,21.923618,18.246128,0.0,0.0,52.155716,-8.0,3.0,1.0,1.0,78.0,0.0
83.0,455.3088,14.8207035,185.80385,42.14377,0.0,0.0,100.0,-7.0,7.0,8.0,40.642708,0.0,20.0,7.4854403,0.0,0.0,5.947615,-8.0,5.688354,2.0,0.0,33.0,0.0
79.0,277.4654,25.888266,120.54517,22.0,0.0,0.0,95.310265,54.150448,6.0,5.0,19.0,0.0,40.869087,3.0,0.0,0.0,2.0,-8.0,1.0,2.0,0.0,91.165344,0.0
81.52044,314.16794,3.0,271.12106,25.0,0.0,0.0,100.0,-7.0,7.0,8.0,26.0,1.0,20.0,-7.0,0.0,0.0,38.69619,-8.0,5.0,1.0,1.0,60.0,0.0
80.0,236.29921,14.942544,107.858925,37.166786,0.0,0.0,100.0,-7.0,7.0,8.0,34.0,0.0,27.0,0.0,0.0,0.0,45.51783,94.32085,4.0,3.0,0.0,82.585365,0.0
88.12926,193.66988,3.0,79.89167,20.0,0.0,0.0,100.0,-7.0,7.0,8.0,24.0,1.0,44.0,3.0,1.0,1.0,8.0,-8.0,1.0,2.0,0.0,50.0,0.0
85.0,178.1103,3.0,61.862736,22.0,0.0,0.0,100.0,-7.0,7.0,8.0,28.001455,3.0,36.445427,4.0,2.0,1.0,2.0,84.032036,1.0,4.6310325,0.0,60.0,0.0
80.0,219.41315,6.0,74.06374,36.0,0.0,0.0,96.0,81.83152,6.0,6.0,37.62278,1.0,30.623283,17.775103,0.0,0.0,22.006813,63.87641,8.0,2.0,0.0,57.0,0.0
67.77884,114.84971,5.0,44.59581,20.0,1.0,0.0,88.0,26.207924,6.0,6.0,24.256453,2.0,15.413124,0.0,2.0,2.0,27.641716,-8.0,4.0,1.0,0.0,57.0,0.0
67.19892,125.73505,4.0,32.048397,25.0,0.0,0.0,100.0,-7.0,7.0,8.0,31.0,6.0,20.0,0.0,1.0,1.0,44.405365,98.8431,11.669448,2.0,4.600281,65.334885,0.0
77.7614,79.36434,3.0,19.676897,14.0,0.0,0.0,100.0,-7.0,7.0,8.0,11.0,3.0,72.339676,0.0,6.708099,6.918299,18.0,96.66512,2.0,3.0,0.0,88.0,0.0
61.65139,-3.0874228,2.0,8.648906,-9.0,0.92652506,0.0,84.833534,2.0,4.0,5.0,-0.38025266,2.0,50.0,11.602248,0.0,0.0,28.0,50.162365,2.0,1.0,0.0,100.0,0.0
66.0,260.49918,2.0,76.0,41.64408,0.0,0.0,100.0,-7.0,7.0,8.0,50.850285,2.0,22.0,10.737619,0.0,0.0,77.92687,98.75796,19.34865,2.0,4.3855405,86.0,0.0
82.0,170.17659,2.0,62.9169,31.774073,0.0,0.0,94.97384,58.768173,6.0,6.0,34.562172,2.0,19.0,1.0,1.0,1.0,11.0,24.10512,5.0,2.0,0.0,45.553806,0.0
80.0,-8.0,9.0,77.0,42.63098,0.0,0.0,100.0,-7.0,7.0,8.0,-9.0,4.0,25.0,16.0,0.0,0.0,5.119398,91.0,4.0,4.0,0.0,33.0,0.0
59.46976,184.29616,11.0,65.351845,15.0,0.0,0.0,76.24319,2.0,4.0,5.812292,16.413176,0.0,47.0,0.0,0.0,0.0,91.649124,-8.0,4.0,2.0,1.0,81.713455,0.0
75.192696,272.39954,4.0,67.873924,28.0,0.0,0.0,100.0,-7.0,7.0,8.0,27.953093,2.0,44.19361,0.0,2.0,2.0,62.455765,49.969242,2.0,3.0,1.0,60.0,0.0
83.46234,328.31442,15.755056,106.6842,24.0,0.0,0.0,100.0,-7.0,7.0,8.0,30.0,0.0,55.466827,21.858437,0.0,0.0,6.0,80.0,2.0,1.0,0.0,50.0,0.0
72.98647,159.34102,4.0,81.0,21.193972,0.0,0.0,100.0,-7.0,7.0,8.0,23.0,2.0,35.0,0.0,11.981813,12.294451,54.661346,96.02956,2.0,2.0,0.0,50.0,0.0
65.0,176.87506,10.0,66.889626,39.478096,0.0,0.0,91.0,2.4311152,3.8780904,6.0,39.60268,1.0,25.528006,21.114515,0.0,0.0,7.346712,-8.0,10.816629,3.0,1.0,61.398846,0.0
67.36101,205.7691,2.0,73.85126,34.82741,0.0,0.0,92.0,30.284248,6.0,6.0,35.0,8.1723,11.0,0.0,3.0,3.0,31.764404,51.138443,9.672824,2.0,1.0,50.0,0.0
82.0,269.45758,5.0,79.0,36.0,0.0,0.0,94.30094,79.595406,6.0,6.0,30.0,1.8499459,28.0,1.0,2.0,2.0,16.809877,78.04215,2.0,3.0,0.0,43.841965,0.0
87.0,192.68117,82.69533,124.14163,8.304013,0.0,0.0,100.0,-7.0,7.0,8.0,9.302029,0.0,71.017975,7.0,1.0,1.0,0.0,-8.0,-9.0,1.0,-8.0,40.0,0.0
83.334724,292.67166,10.0,89.07066,37.769917,0.0,0.0,100.0,-7.0,7.0,8.0,50.916092,2.0,66.576706,3.0,1.0,1.0,21.0,71.0,3.0,9.42613,0.0,78.1201,0.0
63.151646,125.28226,6.0,64.50647,20.798727,1.0,1.0,90.74367,6.0,-9.0,2.0,26.082516,3.0,30.0,0.0,1.0,1.0,13.047676,96.72469,4.0,2.0,0.0,56.0,0.0
84.0,297.94382,9.0,87.4626,30.983587,0.0,0.0,96.0,68.91678,6.0,5.0,37.0,2.0,24.0,0.0,0.0,0.0,4.0,75.895996,3.0,2.0,0.0,62.300793,0.0
80.0,130.8214,11.613152,84.0,10.940697,0.0,0.0,100.0,-7.0,7.0,8.0,15.0,0.0,19.0,13.158689,0.0,0.0,38.509182,-8.0,2.0,1.0,1.5458492,43.0,0.0
85.0,245.6105,-3.8269904,71.0,35.16471,0.0,0.0,98.98946,69.26806,6.0,6.0,38.593845,4.0,33.0,0.0,0.0,0.0,4.0,93.0,7.0,2.0,0.0,43.0,0.0
74.0,182.29576,16.317211,106.969734,9.144171,0.0,0.0,76.77543,21.801798,6.0,6.0,12.0,0.0,41.882885,5.4532247,0.0,0.0,20.14908,52.426506,1.0,1.0,0.0,50.0,0.0
71.97936,355.3048,3.9937553,94.28372,39.74977,0.0,0.0,100.0,-7.0,7.0,8.0,37.0,3.0,30.0,0.0,3.0,3.0,1.0,-8.0,2.0,2.0,0.0,33.0,0.0
-9.0,-9.0,-9.0,-9.0,-9.0,-9.0,-9.0,-9.0,-9.0,-9.0,-9.0,-9.0,-9.0,-9.0,-9.0,-9.0,-9.0,-9.0,-9.0,-9.0,-9.0,-9.0,-9.0,0.0
85.0,421.08398,10.0,82.0,26.577093,0.0,0.0,100.0,-7.0,7.0,8.0,31.04995,0.0,38.0,18.08148,0.0,0.0,8.0,48.93227,5.0,4.0,0.0,63.0,0.0
85.0,293.7941,15.0,135.95781,22.525967,0.0,0.0,100.0,-7.0,7.0,8.0,24.0,0.0,45.0,16.0,0.0,0.0,11.0,87.56704,4.0,3.0,0.0,75.05047,0.0
84.0,152.65565,1.0,70.22162,16.0,0.0,0.0,100.0,-7.0,7.0,8.0,21.507097,1.0,50.0,0.0,2.0,2.0,0.0,-8.0,1.0,2.0,0.0,67.0,0.0
75.0,191.21811,5.0,64.79353,17.0,0.0,0.0,95.26139,5.7357917,6.0,5.8850207,15.0,2.0,20.0,0.0,0.0,0.0,0.0,-8.0,1.0,2.0,0.0,43.0,0.0
79.0,133.58838,9.022625,56.423542,14.0,0.0,0.0,100.0,-7.0,7.0,8.0,15.789879,1.0,45.275467,-8.0,1.0,1.0,23.843283,53.697754,4.0,2.0,0.0,71.0,0.0
82.0,140.82988,8.0,67.84285,25.0,0.0,0.0,100.0,-7.0,7.0,8.0,26.0,2.0,33.0,1.0,0.0,0.0,13.0,-8.0,3.0,1.0,0.0,34.611313,0.0
-9.0,-9.0,-9.0,-9.0,-9.0,-9.0,-9.0,-9.0,-9.0,-9.0,-9.0,-9.0,-9.0,-9.0,-9.0,-9.0,-9.0,-9.0,-9.0,-9.0,-9.0,-9.0,-9.0,0.0
86.0,229.65886,5.0,106.18372,22.0,0.0,0.0,97.0,66.60009,6.0,6.0,23.731434,1.0,47.18191,-8.0,0.0,0.0,2.0,89.6303,3.0,2.0,0.0,71.64792,0.0
71.0,157.71883,35.765697,102.19422,9.666421,1.0,1.0,100.0,-7.0,7.0,8.0,8.0,0.0,17.0,0.0,1.4224219,1.0,63.918438,-8.0,2.0,-8.0,0.0,42.261448,0.0
80.590805,282.10608,2.0,69.85476,78.07566,0.0,0.0,100.0,67.50263,6.0,6.0,95.09104,9.541353,14.0,0.0,1.0,1.0,4.8103514,97.86199,6.0,1.0,1.0,25.84833,0.0
80.0,177.49173,6.0,53.95108,28.0,0.0,0.0,100.0,-7.0,7.0,8.0,30.0,2.0,41.251034,0.0,1.0,0.9172343,2.5429537,-8.0,1.0,2.0,0.0,33.0,0.0
87.0,134.65962,10.25573,76.0,27.0,0.0,0.0,100.0,-7.0,7.0,8.0,27.0,0.0,26.162344,0.0,0.0,0.0,6.3772545,-8.0,3.0,1.0,0.0,44.0,0.0
83.0,204.29051,0.20067032,79.24316,19.0,0.0,0.0,100.0,-7.0,7.0,8.0,20.0,2.0,21.0,-7.0,1.0,0.0,13.364045,81.145195,3.0,2.0,0.0,88.0,0.0
81.0,211.64769,25.909199,76.96178,13.0,0.0,0.0,100.0,-7.0,7.0,8.0,13.0,0.0,45.0,-7.0,1.0,1.0,33.33911,-8.0,4.0,2.0,0.0,100.0,0.0
56.27458,236.37192,13.11215,94.0,34.0,0.0,0.0,92.19328,33.174843,6.0,6.0,37.23083,0.0,43.32474,-7.0,1.0,1.0,118.018005,-8.0,16.901814,5.0,7.2451267,88.0,0.0
81.0,358.41098,-9.0,86.0,15.0,0.0,0.0,100.0,-7.0,7.0,8.0,18.0,2.0,42.0,0.0,2.0,1.9866921,1.0,89.55862,2.0,1.0,0.0,47.001305,0.0
-9.0,-9.0,-9.0,-9.0,-9.0,-9.0,-9.0,-9.0,-9.0,-9.0,-9.0,-9.0,-9.0,-9.0,-9.0,-9.0,-9.0,-9.0,-9.0,-9.0,-9.0,-9.0,-9.0,0.0
77.0,95.45171,3.0,70.0,13.0,0.0,0.0,95.0,80.03078,6.0,5.9403973,15.0,2.0,0.0,0.0,1.0,1.0,3.1364985,-8.0,1.0,-9.0,0.0,14.001216,0.0
80.0,114.70001,5.0,58.776237,27.795986,0.0,0.0,97.0,16.933546,4.335242,6.0,22.0,2.0,17.0,1.0,5.0,5.0,1.2488269,79.50793,2.0,5.0,0.0,34.010723,0.0
78.0,198.29117,8.0,86.0,25.0,0.0,0.0,95.0,23.67258,6.0,6.0,20.0,1.0,13.0,-7.0,0.0,0.0,16.196356,-8.0,7.0,1.0,0.0,50.0,0.0
55.19707,206.96858,20.659576,75.024445,16.24588,0.0,0.0,75.35683,-7.0,-9.0,6.0,18.874146,0.0,24.61834,0.0,1.0,1.0,54.03677,80.0,10.3461275,3.0,0.0,88.0,0.0
72.0,296.61166,11.236136,58.11854,17.728243,0.0,0.0,82.548355,28.37304,6.0,6.0,15.0,0.0,39.704556,0.0,0.0,0.0,6.0,40.02166,3.0,1.0,0.0,40.0,0.0
80.0,242.15155,17.562334,84.0,24.0,0.0,0.0,97.0,2.0,2.9612086,6.0,23.643639,0.0,39.509174,-7.0,0.0,0.0,14.447058,-7.762741,2.0,2.0,0.0,57.0,0.0
75.81481,117.89718,4.0,38.027077,12.0,0.0,0.0,100.0,-7.0,7.0,8.0,12.0,2.0,57.214714,0.0,1.0,1.0,1.0,38.907997,1.0,2.0,0.0,43.852295,0.0
87.0,307.90988,20.0,149.65468,9.0,1.0,0.0,96.0,65.95334,6.0,3.0,11.0,0.0,50.0,15.294742,0.0,0.0,6.0,-8.0,1.0,1.0,0.0,58.0,0.0
73.0,147.59273,1.5703719,57.557022,15.0,0.0,0.0,100.0,-7.0,7.0,8.0,22.755201,2.0,56.770077,-7.0,5.7374244,5.957558,62.054863,96.91667,3.0,4.0,1.0,67.0,0.0
83.13798,154.99953,20.0,80.0,17.0,0.0,0.0,100.0,-7.0,7.0,8.0,17.0,0.0,57.428635,0.0,0.0,0.0,16.339062,5.910135,2.0,2.0,0.0,69.400696,0.0
88.0,269.9795,7.0,103.3718,31.0,0.0,0.0,100.0,-7.0,7.0,8.0,37.0,1.0,17.0,0.0,1.0,1.0,0.0,69.85446,2.0,2.0,0.0,56.0,0.0
86.0,431.10556,19.167635,140.69835,22.94936,0.0,0.0,100.0,-7.0,7.0,8.0,28.0,0.0,11.976372,0.0,1.0,1.0,10.010017,-8.0,2.0,-4.3713694,0.0,25.0,0.0
83.0,205.57776,1.1306195,84.0,25.0,0.0,0.0,100.0,-7.0,7.0,8.0,27.0,3.0,35.0,3.0,1.0,1.0,1.0,90.852,1.6074286,3.0,0.0,75.0,0.0
60.39066,376.84125,13.0,103.28592,14.0,2.0,1.0,64.219055,4.440997,6.0,5.0,17.206099,0.0,27.0,0.0,0.0,0.0,30.811613,88.0,3.0,2.0,1.0,64.01234,0.0
90.0,429.5643,15.909248,109.09073,29.0,0.0,0.0,100.0,-7.0,7.0,8.0,34.566,0.0,44.0,0.0,0.0,0.0,0.0,74.15279,1.0,2.0,0.0,75.0,0.0
75.0,126.80596,1.0,44.904125,10.0,0.0,0.0,100.0,-7.0,7.0,8.0,14.0,1.0,39.05325,0.0,1.0,1.0,76.62799,83.650246,4.0,2.0,3.0,78.64318,0.0
70.73274,240.48422,5.0,75.0,27.134129,0.0,0.0,100.0,-7.0,7.0,8.0,34.0,2.0,32.0,0.0,5.3723693,6.34788,67.92658,94.65218,5.0,2.0,2.0,56.0,0.0
87.0,283.08087,4.0,124.02288,17.0,0.0,0.0,100.0,-7.0,7.0,8.0,17.0,1.0,34.598236,-7.7106085,0.0,0.0,1.0,67.4257,1.0,3.0,0.0,50.0,0.0
83.70569,152.93439,1.0,45.44365,9.0,0.0,0.0,100.0,-7.0,7.0,8.0,11.0,2.0,37.0,0.0,2.0,2.0,4.609579,89.030235,-7.988044,2.0,0.0,36.824852,0.0
79.18405,42.60885,2.0,55.37016,8.861901,0.0,0.0,100.0,-7.0,7.0,8.0,12.0,1.0,42.25356,0.0,2.0,2.0,25.14994,89.23597,2.0,2.0,0.0,75.0,0.0
67.0,309.36084,2.478362,90.30678,20.112339,2.398304,3.7090802,83.69081,-7.0,-9.0,-9.0,28.0,2.0,24.935263,0.0,4.0,3.0,1.7818753,-8.0,2.0,1.0,0.0,14.135279,0.0
74.0,306.12463,7.0,92.0,27.935923,0.0,0.0,100.0,-7.0,7.0,8.0,31.0,1.0,56.881344,0.0,2.0,2.0,57.622227,70.914856,6.0,5.9849153,2.0,83.0,0.0
83.0,184.1257,5.0,88.82561,25.0,0.0,0.0,100.0,-7.0,7.0,8.0,35.0,1.0,54.380157,0.0,2.0,2.0,28.0,31.102865,2.0,2.0,0.0,42.195984,0.0
68.0,147.14268,1.0,41.134857,44.717785,0.0,0.0,100.0,-7.0,7.0,8.0,44.45929,10.459862,24.0,0.0,4.0,4.0,42.014652,58.811836,8.199607,1.0,2.0,57.17955,0.0
82.834564,254.20793,17.78103,93.481606,29.0,0.0,0.0,100.0,-7.0,7.0,8.0,31.0,0.0,20.0,2.0,1.4603094,1.0,19.0,32.43494,7.0,2.0,0.0,96.59329,0.0
68.9941,171.61049,16.0,71.601105,14.0,1.0,0.0,85.50132,42.41327,6.0,5.8811293,19.0,0.0,50.0,12.0,2.0,2.0,75.13865,78.78264,2.0,2.0,1.0,100.0,0.0
82.0,158.3843,2.3363345,54.964542,11.0,0.0,0.0,90.170784,-7.0,4.0,6.0,8.0,1.6357306,56.62462,0.0,0.0,0.0,9.0,25.345064,2.0,4.5823073,0.0,100.0,0.0
83.0,201.59676,26.126902,107.66923,12.0,0.0,0.0,89.61462,36.942516,6.0,6.0,12.0,0.0,38.992294,0.0,0.0,0.0,9.259444,49.56572,2.0,2.0,0.0,78.44911,0.0
-9.0,-9.0,-9.0,-9.0,-9.0,-9.0,-9.0,-9.0,-9.0,-9.0,-9.0,-9.0,-9.0,-9.0,-9.0,-9.0,-9.0,-9.0,-9.0,-9.0,-9.0,-9.0,-9.0,0.0
63.0,116.37629,17.0,59.482944,13.737809,6.6746454,5.9272184,86.01863,12.140094,4.0,6.0,13.0,0.0,43.341034,4.0,0.0,0.0,28.0,76.0,4.0,3.0,1.0,75.0,0.0
87.0,160.38083,3.0,114.89037,23.10803,0.0,0.0,100.0,-7.0,6.0,6.0,24.372318,1.0,0.0,-7.0,1.0,1.0,7.713035,-8.0,3.0,-8.0,0.0,36.389927,0.0
66.0,387.86795,2.0,95.48588,40.153465,0.0,0.0,95.0,4.0,4.0,6.0,42.63398,3.0,46.981956,-7.0,0.0,0.0,27.735834,91.0,7.0,3.0,0.0,75.0,0.0
78.6283,311.66208,3.2522488,105.572815,24.0,0.0,0.0,96.0,70.891525,6.0,6.0,24.0,2.0,28.04005,10.268435,1.0,1.0,41.272785,-8.0,4.0,1.0,0.0,58.0,0.0
77.0,214.57207,2.9586885,64.93693,25.0,0.0,0.0,95.0,47.679924,6.0,6.0,24.0,6.0,21.0,0.0,0.0,0.0,11.0,41.549747,2.0,3.0,0.0,44.0,0.0
77.99087,3.7006378,2.0,25.94438,7.9980507,0.0,0.0,98.0,-7.0,6.0,6.0,8.9390135,2.0,33.0,-7.0,1.0,1.0,11.0,-8.0,3.0,1.0,0.0,63.0,0.0
69.84779,175.17357,7.0,67.0,12.0,0.0,0.0,76.46359,5.484482,6.0,6.0,9.005665,1.0,20.0,1.71127,2.0,2.0,0.0,-8.0,2.0,1.0,0.0,57.0,0.0
71.0,363.14658,4.0,103.03413,27.0,0.0,0.0,96.0,40.581333,6.0,6.0,25.148672,1.0,46.0,1.0,1.1380013,1.0,34.75547,73.26538,5.0,4.0,0.047850974,60.0,0.0
83.0,374.41415,7.0,109.435646,30.587322,0.0,0.0,100.0,-7.0,7.0,8.0,34.0,2.0,66.289024,0.0,3.0,3.0,6.0,-8.0,2.0,6.227223,0.0,60.0,0.0
87.0,178.11113,16.806627,106.74146,8.664377,0.0,0.0,100.0,-7.0,7.0,8.0,15.13639,1.0,19.0,1.0,1.0,1.0,4.0,-8.0,1.0,1.0,0.0,39.334408,0.0
56.402824,180.66025,10.0,104.92064,14.0,2.0,1.0,69.10097,21.003048,4.0,2.0,19.0,0.0,60.33721,2.0,0.0,0.0,48.242126,26.112717,1.0,2.0,-9.0,86.15704,0.0
77.0,208.64078,4.0,73.10323,26.0,1.0,1.0,100.0,-7.0,7.0,8.0,24.0,2.0,39.473557,12.0,0.0,0.0,0.0,-8.0,3.0,2.0,0.0,50.0,0.0
68.33968,260.85715,10.0,90.0,21.0,4.433481,0.0,87.6127,27.360332,6.0,5.0,22.0,0.0,74.62329,8.228196,2.0,1.0,43.17213,69.05259,3.0,2.5232987,0.0,83.0,0.0
77.0,362.9423,10.0,118.32198,28.0,0.0,0.0,94.0,35.375286,6.0,6.0,29.0,1.0,22.227303,-8.0,0.0,0.0,43.96282,-8.0,6.0,1.0,1.0,72.17643,0.0
79.0,442.84848,5.0,128.90906,21.362686,0.0,0.0,97.0,-7.0,6.0,6.0,22.0,1.0,36.0,-7.0,0.0,0.0,30.702557,-8.0,4.0,2.0,0.0,60.0,0.0
68.0,281.63998,7.0,61.339203,16.0,0.0,0.0,100.0,-7.0,7.0,8.0,17.0,2.0,28.0,0.0,4.0828066,5.0,74.03924,-8.0,6.0,1.0,2.0,69.778656,0.0
85.0,365.89664,10.0,105.71564,17.0,0.0,0.0,100.0,-7.0,7.0,8.0,22.0,0.0,44.47218,10.110303,0.0,0.0,4.0,52.098125,4.0,1.0,0.0,59.656067,0.0
85.0,167.26286,1.0,141.98575,9.0,0.0,0.0,100.0,-7.0,7.0,8.0,3.996405,2.0,35.0,0.0,3.0,3.0,13.148137,66.01554,3.0,2.0,0.0,78.38406,0.0
77.0,108.410194,10.0,58.63351,24.0,0.0,0.0,93.0,69.765114,6.0,6.0,21.0,0.0,20.872862,1.0,1.0,1.0,44.12611,64.96411,2.0,2.0,0.0,75.0,0.0
-9.0,-9.0,-9.0,-9.0,-9.0,-9.0,-9.0,-9.0,-9.0,-9.0,-9.0,-9.0,-9.0,-9.0,-9.0,-9.0,-9.0,-9.0,-9.0,-9.0,-9.0,-9.0,-9.0,0.0
85.0,111.93784,6.0,81.581955,14.0,0.0,0.0,100.0,-7.0,7.0,8.0,12.0,2.0,15.004904,20.089796,0.0,0.0,19.0,-8.0,6.0,1.0,0.0,65.82317,0.0
-9.0,-9.0,-9.0,-9.0,-9.0,-9.0,-9.0,-9.0,-9.0,-9.0,-9.0,-9.0,-9.0,-9.0,-9.0,-9.0,-9.0,-9.0,-9.0,-9.0,-9.0,-9.0,-9.0,0.0
79.409706,133.39952,5.0,58.739143,34.39248,0.0,0.0,100.0,-7.0,7.0,8.0,25.0,4.0,33.0,6.0,1.0,1.0,24.360506,49.75094,2.4090652,4.0,0.0,35.77395,0.0
83.0,173.1423,2.0,67.0,26.0,0.0,0.0,100.0,-7.0,7.0,8.0,29.996143,2.057649,11.0,-7.0,0.0,0.0,26.531858,58.392776,6.0,1.0,0.0,61.923954,0.0
90.0,183.09633,8.0,79.0,28.654226,0.0,0.0,100.0,-7.0,7.0,8.0,32.15411,1.0,47.0,0.0,0.0,0.0,4.0,-8.0,1.0,2.0,0.0,47.0361,0.0
92.108185,290.0929,14.045355,107.8064,14.0,0.0,0.0,100.0,-7.0,7.0,8.0,14.583396,0.0,43.767853,11.283426,0.0,0.0,7.0,-8.0,2.0,1.0,0.0,50.0,0.0
69.25105,108.391525,-1.173645,15.895191,16.46336,0.0,0.0,94.0,6.0,5.8892336,6.0,21.406988,6.0,50.0,7.0,0.0,0.0,16.539293,-8.0,3.0,7.6076875,1.0,74.01701,0.0
80.0,123.78612,6.0,71.169334,20.517809,0.0,0.0,100.0,-7.0,7.0,8.0,18.0,2.0,28.0,0.0,0.0,0.0,16.0,-8.0,4.0,-8.0,0.0,50.0,0.0
83.0,262.30978,20.126335,114.25496,15.0,0.0,0.0,96.0,-7.0,6.0,6.0,14.0,0.0,37.96245,-8.0,0.0,0.0,11.0,60.457073,1.0,2.0,0.0,52.30595,0.0
80.0,205.67941,18.924578,100.38617,20.835493,0.0,0.0,92.0,49.504066,6.0,6.0,20.0,0.0,22.0,0.0,1.0,1.0,17.0,-8.0,3.0,1.0,0.0,50.0,0.0
79.0,81.3408,17.0,26.424412,4.658382,0.0,0.0,100.0,-7.0,7.0,8.0,7.6173377,0.0,38.0,-7.0,0.0,0.0,49.609997,57.01822,1.0,2.0,0.0,75.0,0.0
73.56678,376.98526,4.0,96.96715,28.0,0.0,0.0,100.0,-7.0,7.0,8.0,33.0,1.0,6.069197,1.0,0.0,0.0,47.26728,-8.0,3.0,1.0,3.0,49.565964,0.0
84.0,295.45258,3.0,82.70387,27.838968,1.0,1.0,96.9244,-7.7563987,6.0,6.0,25.251705,2.0,62.627052,0.0,1.0,1.0,12.021567,72.19439,2.0,7.5752707,0.0,75.0,0.0
67.0,281.46,3.0,92.0,29.38405,0.0,0.0,90.0,10.2591715,6.0,6.0,33.20509,5.0,43.0,2.5617619,1.0,1.0,13.0,29.483988,10.637589,2.0,0.0,67.0,0.0
86.790985,304.6113,2.0,108.2551,21.0,0.0,0.0,100.0,-7.0,7.0,8.0,26.0,2.0,38.779377,0.0,0.0,0.0,0.0,76.426186,1.0,2.0,0.0,43.0,0.0
68.0,141.61987,3.0,60.641205,22.1866,0.0,0.0,95.0,4.5511355,6.0,6.0,20.0,2.0,50.0,0.0,2.0,2.0,38.740623,100.0,4.0,2.3078146,2.0,50.0,0.0
78.0,367.97968,26.120024,153.16228,32.0,1.0,0.0,86.832085,52.4108,6.0,5.489702,36.443592,0.0,17.828499,0.0,1.0,1.0,0.0,-8.0,1.0,1.0,0.0,33.0,0.0
76.0,333.18002,5.0,85.155716,21.0,0.0,0.0,92.0,35.94196,6.0,6.0,23.0,2.0,37.0,0.0,2.0,1.0,13.777054,80.0,3.0,3.0,0.0,75.0,0.0
71.0,122.47718,4.0,13.608718,10.8980055,0.0,0.0,100.0,-7.0,7.0,8.0,8.0,4.0,50.0,0.0,2.0,1.0,67.85575,83.838165,2.0,2.0,0.0,78.0,0.0
58.314865,182.84235,5.020517,76.92777,26.485817,0.0,0.0,90.68104,7.1015162,-9.0,6.0,29.0,2.0,45.95718,0.0,1.0,1.0,56.685196,95.571045,6.0,3.0,1.0,91.04142,0.0
58.029583,45.433372,2.0,33.202633,9.53063,2.83236,2.0,79.20162,29.066025,6.0,2.0,10.0,1.0,35.4534,0.0,3.0,3.0,4.0,-8.0,2.0,1.0,0.0,49.615314,0.0
81.0,255.1567,4.0,69.96826,28.293684,0.0,0.0,95.0,23.528206,6.0,6.0,27.0,1.0,14.270421,0.0,1.0,1.0,1.0,-8.0,7.0,1.0,0.0,50.0,0.0
89.0,81.659584,3.594909,61.559563,12.0,0.0,0.0,100.0,-7.0,7.0,8.0,12.0,1.0,33.0,-7.0,0.0,0.0,1.0,-8.0,4.0,1.0,0.0,57.0,0.0
81.0,152.7798,9.0,83.0,24.32051,0.0,0.0,94.0,34.462105,6.0,6.0,31.238497,1.0,46.914337,-7.0,2.0,2.0,28.0,66.2251,2.0,2.0,0.0,75.0,0.0
80.0,243.60239,7.0,126.200806,18.0,0.0,0.0,96.0,22.51699,6.0,6.0,9.0,1.0,35.0,9.0,0.0,0.0,13.0,96.78358,3.0,2.0,0.0,73.338104,0.0
89.0,281.76642,7.6096377,94.0,31.129555,0.0,0.0,100.0,-7.0,7.0,8.0,33.457615,1.0,20.0,-7.0,0.0,0.0,6.0,-8.0,6.0,1.0,0.0,42.10468,0.0
-9.0,-9.0,-9.0,-9.0,-9.0,-9.0,-9.0,-9.0,-9.0,-9.0,-9.0,-9.0,-9.0,-9.0,-9.0,-9.0,-9.0,-9.0,-9.0,-9.0,-9.0,-9.0,-9.0,0.0
-9.0,304.69675,32.886635,86.0,-9.0,7.2439375,3.6049733,-9.0,6.0,0.24737906,4.0,9.0,0.0,40.0,0.0,1.0,1.0,35.971687,-8.0,1.0,1.0,0.0,87.576096,0.0
78.0,281.63248,3.0,74.479355,29.0,0.0,0.0,88.53208,7.2357016,6.0,5.0,37.039925,2.0,12.343021,20.489399,0.0,0.0,8.0,-8.0,5.0,1.0,0.0,33.0,0.0
77.0,204.27713,-9.0,67.99373,31.0,0.0,0.0,95.0,22.002644,6.0,6.0,40.215595,9.798965,17.0,3.0,4.0,3.0,13.0,-8.0,7.0,1.0,0.0,57.0,0.0
77.0,138.59355,7.0,57.9595,20.854637,0.0,0.0,100.0,-7.0,7.0,8.0,19.0,2.0,20.0,4.0,0.0,0.0,11.0,85.44304,10.630722,2.0,1.0,100.0,0.0
58.876324,-9.0,5.0,-9.0,4.7624063,0.0,0.0,88.0,5.8013515,6.0,6.0,4.7056103,3.0,26.0,-7.0,0.0,0.0,12.0,100.0,3.0,2.0,0.0,100.0,0.0
85.0,173.62772,2.0,62.43755,6.5376096,0.0,0.0,100.0,-7.0,7.0,8.0,11.0,2.0,16.0,0.0,6.074876,6.0167055,8.341485,-8.0,3.0,-8.0,0.0,44.820904,0.0
63.77898,216.22914,2.0,96.77186,18.0,1.0,0.0,92.0,7.2487574,3.0,6.0,18.0,3.0,17.853662,0.0,2.0,2.0,53.843025,-8.0,6.0,-8.0,0.0,71.0,0.0
75.0,285.00784,5.0,92.0,28.0,1.4569885,1.0,86.50659,2.7868838,6.0,2.0,28.0,2.0,48.28844,12.842367,0.0,0.0,1.2067811,56.79765,3.0,4.0,0.0,71.0,0.0
80.0,123.46062,10.949593,52.254898,10.0,0.0,0.0,100.0,-7.0,7.0,8.0,11.0,1.1654775,33.59121,-9.0,0.0,0.0,1.0,-8.0,1.0,1.0,0.0,78.72753,0.0
75.0,200.72772,4.0,82.75041,39.026276,0.0,0.0,100.0,-7.0,7.0,8.0,43.9651,1.0,25.720179,0.0,1.0,1.0,27.79012,82.31759,7.0,3.0,0.0,50.0,0.0
63.42273,66.24767,3.0,30.074314,10.55394,0.0,0.0,100.0,-7.0,7.0,8.0,8.446862,3.0,52.58942,6.1860147,3.0,2.0,32.0,95.56887,1.0,3.0,0.0,75.0,0.0
79.0,265.80142,5.0,84.161545,29.0,1.0,1.0,100.0,-7.0,6.0,8.0,26.0,2.0,65.9356,1.0,3.0,3.0,0.0,13.0312,1.0,3.0,0.0,60.0,0.0
-9.0,315.15698,33.13853,138.66019,22.0,6.7706094,3.8892841,68.114944,20.373428,6.0,6.0,27.689766,0.0,47.0,0.0,0.0,0.0,10.0,-8.0,1.0,2.0,-9.0,83.0,0.0
-9.0,-9.0,-9.0,-9.0,-9.0,-9.0,-9.0,-9.0,-9.0,-9.0,-9.0,-9.0,-9.0,-9.0,-9.0,-9.0,-9.0,-9.0,-9.0,-9.0,-9.0,-9.0,-9.0,0.0
76.0,277.73508,-9.0,79.0,37.945312,0.0,0.0,100.0,-7.0,7.0,8.0,47.81587,3.0,50.0,1.0,3.0,3.0,36.730843,62.70029,3.0,4.0,0.0,67.0,0.0
59.100426,83.80951,4.0,54.324593,14.0,4.164862,3.510447,75.08338,28.03239,6.0,2.0,17.054699,2.0,63.370716,0.0,2.0,1.7280015,50.099983,64.66637,4.0,3.0,0.0,86.2826,0.0
78.0,245.43419,6.0,84.0,27.0,0.0,0.0,100.0,-7.0,7.0,8.0,37.0,1.0,39.963177,10.352837,1.0,1.0,20.119143,74.27597,3.0,11.523891,0.0,88.82291,0.0
87.0,87.70637,20.256008,58.0,9.0,0.0,0.0,100.0,-7.0,7.0,8.0,11.394396,0.0,21.0,6.5277476,0.0,0.0,0.0,-8.0,0.0,1.0,0.0,33.0,0.0
81.0,191.99385,3.0,71.0,51.686035,0.0,0.0,100.0,-7.0,7.0,8.0,66.3353,3.0,14.0,-7.0,1.0,0.6119465,15.0,-8.0,10.152955,1.0,3.0,44.0,0.0
72.0,162.29417,16.0,71.0,15.0,0.0,0.0,100.0,-7.0,7.0,8.0,16.179508,0.0,20.383442,0.0,1.0,1.0,30.908026,-8.0,3.0,-8.0,0.0,88.82721,0.0
91.00274,114.963905,15.0,64.94587,9.892754,0.0,0.0,100.0,-7.0,7.0,8.0,23.0,0.0,17.0,4.0,0.0,0.0,1.0,-8.0,2.0,-8.0,0.0,50.0,0.0
85.0,429.97284,16.0,111.21642,19.0,0.0,0.0,100.0,-7.0,7.0,8.0,18.59937,0.3641171,14.0,0.0,1.0,1.0,13.575618,-8.0,3.0,0.93724203,1.0,20.885128,0.0
85.0,17.8274,17.260479,67.0,22.0,0.0,0.0,100.0,-7.0,7.0,8.0,0.78054947,0.0,29.394388,21.265638,0.0,0.0,6.8062625,-8.0,3.0,2.0,0.0,50.180164,0.0
84.0,191.35666,2.0,67.0,23.018095,0.0,0.0,100.0,-7.0,7.0,8.0,24.0,3.0,47.0,0.0,1.0,2.0,2.0,50.02199,1.0,2.0,0.0,33.0,0.0
78.0,113.232285,10.0,39.23834,16.0,0.0,0.0,100.0,-7.0,7.0,8.0,19.0,1.0,62.240772,0.0,0.0,0.0,18.188679,80.0,2.0,3.0,0.0,67.0,0.0
82.06854,136.60062,13.846619,74.0,13.076959,0.0,0.0,100.0,-7.0,7.0,8.0,13.0,0.0,44.59368,-7.0,0.0,0.0,0.013232093,-8.0,1.0,1.0,0.0,90.067566,0.0
86.46496,154.437,22.801067,109.78459,8.0,0.0,0.0,100.0,-7.0,7.0,8.0,8.0,0.0,31.027386,-8.0,2.0,1.0,5.0,-8.0,2.0,1.0,0.0,80.0,0.0
66.0,109.80267,8.0,63.878876,9.0,1.0,0.0,82.36657,14.390275,5.0,3.2937868,10.0,1.0,42.0,-7.0,1.0,1.0,43.646503,-8.0,1.0,2.0,1.0,57.0,0.0
84.0,300.93552,10.977128,106.99217,34.0,0.0,0.0,100.0,-7.0,7.0,8.0,32.0,0.0,38.0,0.0,1.0,1.0,7.2210693,-8.0,5.0,4.0,0.0,60.183983,0.0
72.25179,196.69124,4.9781938,103.26833,17.0,2.0,0.0,61.235214,2.664856,4.0,2.0,20.0,1.0,50.0,0.0,0.0,0.0,14.338672,31.188555,3.0,2.0,0.0,85.14954,0.0
75.0,261.71063,15.47641,110.24,15.0,0.0,0.0,81.35784,21.43699,6.0,6.0,23.526852,0.0,45.648525,-8.0,0.0,0.0,64.131905,54.11556,3.0,4.0,0.0,79.01613,0.0
84.45552,189.66536,2.0,73.033775,46.793514,0.0,0.0,100.0,-7.0,7.0,8.0,38.0,4.0,38.0,-7.0,6.7872243,6.323518,1.8826015,-8.0,1.0,2.0,0.0,20.248545,0.0
77.0,255.10472,5.0,41.73909,19.0,0.0,0.0,100.0,-7.0,7.0,8.0,21.0,2.0,18.0,0.0,4.0,4.5788975,12.517724,97.86939,4.0,2.0,0.0,76.808014,0.0
79.23218,153.2801,6.0,79.0,13.984544,0.0,0.0,92.0,26.975204,6.0,6.0,8.683762,4.0,32.56739,-7.0,1.0,0.0,18.546852,91.190895,4.081814,2.0,0.0,83.0,0.0
88.0,177.50417,27.07458,94.91578,10.0,0.0,0.0,100.0,-7.0,7.0,8.0,10.391898,0.0,61.343266,-7.0,0.0,0.0,6.198801,21.46538,2.0,1.0,0.0,60.0,0.0
75.11658,148.7662,-0.07783207,46.206917,17.744072,0.0,0.0,100.0,-7.0,7.0,8.0,14.0,3.0,27.0,0.0,1.0,1.0,20.301594,80.0,2.0,3.0,0.0,40.0,0.0
86.0,323.6081,15.0,138.43007,20.0,0.0,0.0,100.0,-7.0,7.0,8.0,30.0,0.0,19.0,0.0,2.0,2.0,1.0,-8.0,1.0,1.0,0.0,-9.0,0.0
72.0,249.8618,17.0,100.30779,35.919876,0.0,0.0,97.0,1.0,6.0,6.0,40.91692,0.0,50.0,16.0,0.0,0.0,49.755157,72.47896,4.0,3.0,1.0,80.0,0.0
87.2117,198.84453,17.0,97.0,22.0,0.0,0.0,100.0,-7.0,7.0,8.0,24.0,0.0,17.0,-8.0,0.0,0.0,3.98491,-8.0,2.0,2.0,0.0,43.0,0.0
76.0,223.59282,2.0,67.0,27.0,0.0,0.0,97.91551,20.353388,6.0,6.0,42.557144,2.0,42.0,0.0,2.0,2.0,11.881884,-8.0,3.0,1.0,0.0,50.0,0.0
-9.0,-9.0,-9.0,-9.0,-9.0,-9.0,-9.0,-9.0,-9.0,-9.0,-9.0,-9.0,-9.0,-9.0,-9.0,-9.0,-9.0,-9.0,-9.0,-9.0,-9.0,-9.0,-9.0,0.0
67.0,157.62093,12.0,102.524,25.0,1.0,0.0,87.757866,14.667266,6.0,5.707164,30.0,1.0,35.0,6.0,1.0,1.0,53.914936,87.43258,3.3888814,3.0,1.0,83.42263,0.0
83.0,122.88545,2.0,55.58369,12.356797,0.0,0.0,100.0,-7.0,7.0,8.0,17.0,1.2829446,31.0,18.064459,0.0,0.0,6.0,80.30452,1.0,2.0,0.0,67.0,0.0
76.60215,214.03412,11.77471,73.97486,23.0,0.0,0.0,100.0,-7.0,7.0,8.0,26.0,0.0,46.568523,0.0,0.0,0.0,44.947952,88.88748,3.0,2.0,0.0,60.0,0.0
79.0,242.07343,1.0,100.36801,14.0,0.0,0.0,100.0,-7.0,7.0,8.0,12.239128,2.0,29.0,9.0,4.0,3.0,21.0,85.109184,2.0,2.0,0.0,75.0,0.0
58.006283,264.8334,2.0,99.482765,11.652687,0.0,0.0,80.84345,15.2704735,3.7773144,6.0,14.0,2.0,21.602638,2.0,2.0,2.0,67.24115,-8.0,2.2114518,1.0,1.0,80.0,0.0
69.08799,373.0205,8.729105,96.21507,27.0,0.0,0.0,100.0,-7.0,7.0,8.0,32.678146,2.0,24.0,0.0,5.0938725,5.646136,59.092136,94.78146,8.0,1.0,2.640993,73.0,0.0
65.0,211.89134,1.0,82.97113,66.132034,0.0,0.0,97.0,14.612593,6.0,6.0,83.147995,2.0,54.1791,1.0,2.0,2.0,58.733536,58.061016,4.593414,5.511784,1.0,70.0,0.0
87.0,425.42435,19.085194,134.46997,18.367819,0.0,0.0,100.0,-7.0,7.0,8.0,19.0,0.0,28.0,0.0,0.0,0.0,25.0,-8.0,3.0,1.0,0.0,58.0,0.0
83.0,208.75496,22.602858,109.45324,34.0,0.0,0.0,100.0,-7.0,7.0,8.0,30.628494,0.0,23.0,-7.0,1.0,0.52738047,7.541417,-8.0,3.0,1.0,0.0,47.88524,0.0
79.20616,55.26889,3.0,64.437805,14.0,0.0,0.0,100.0,-7.0,7.0,8.0,17.24431,2.0,31.0,3.0,1.0,1.0,24.95645,-8.0,2.0,1.0,1.0,57.461876,0.0
-9.0,-9.0,-9.0,-9.0,-9.0,-9.0,-9.0,-9.0,-9.0,-9.0,-9.0,-9.0,-9.0,-9.0,-9.0,-9.0,-9.0,-9.0,-9.0,-9.0,-9.0,-9.0,-9.0,0.0
78.0,217.28426,13.496168,103.293236,22.0,0.0,0.0,97.0,52.946465,6.0,6.0,25.50116,0.0,28.418036,5.4467816,2.0,1.0,2.0,83.07726,7.5674667,2.0,0.0,75.0,0.0
88.0,219.14636,71.15373,185.1468,13.14283,0.0,0.0,100.0,-7.0,7.0,8.0,15.0,0.0,47.0,-8.0,0.0,0.0,5.2099595,-8.0,3.0,-8.0,0.0,60.0,0.0
67.09429,125.705536,9.0,69.693085,17.0,0.0,0.0,90.0,17.165869,6.0,6.0,19.0,1.0,38.388687,0.0,2.0,2.0,52.53611,89.40258,4.0,4.0,1.0,71.0,0.0
82.0,205.0065,2.0,65.0,25.0,0.0,0.0,100.0,-7.0,6.0,8.0,23.764378,2.0,61.972347,0.0,3.0,3.0,15.40562,45.215805,2.0,2.0,0.0,63.0,0.0
74.0,285.60486,-9.0,74.0,35.344704,0.0,0.0,100.0,-7.0,7.0,8.0,39.04245,4.0,25.0,4.0,2.0,2.0,13.757946,99.49159,6.0,2.0,0.0,60.0,0.0
79.0,112.9393,5.0,37.01155,36.0,0.0,0.0,100.0,-7.0,7.0,8.0,27.0,3.0,18.0,1.0,2.0,2.0,6.419192,80.434395,2.0,1.0,0.0,35.65829,0.0
76.20918,199.24121,3.0,80.158394,45.64089,0.0,0.0,100.0,-7.0,7.0,8.0,50.866993,2.0,5.0133634,8.0,0.0,0.0,4.0,-8.0,6.0,1.0,0.0,25.0,0.0
73.0,242.24814,2.0,80.859955,37.31224,0.0,0.0,100.0,-7.0,7.0,8.0,56.59897,3.0,18.0,0.0,3.0,2.0,57.26254,63.958687,9.137151,3.0,1.0,60.0,0.0
88.0,331.33508,19.891115,130.15617,17.70989,0.0,0.0,100.0,-7.0,7.0,8.0,17.0,0.0,14.0,-8.0,0.0,0.0,6.0065274,-8.0,5.0,1.0,0.0,67.0,0.0
73.625694,221.13618,2.7278864,169.7509,16.0,0.0,0.0,89.12816,25.579464,6.0,6.0,9.96669,1.0,14.0,6.0,0.0,0.0,19.18146,94.87707,4.0,2.0,0.0,50.0,0.0
81.0,123.1411,5.0,56.66709,12.935673,1.0,0.0,95.0,79.964676,6.0,5.0,14.0,4.0,40.0,3.0,0.0,0.0,0.0,110.987915,1.0,2.0,0.0,35.62968,0.0
79.0,105.34731,5.0,41.166386,11.0808735,0.0,0.0,100.0,-7.0,7.0,8.0,11.0,1.0,74.31355,0.0,0.0,0.0,-6.369891,51.16743,1.0,2.0,0.0,63.0,0.0
82.0,272.26178,6.0,138.93776,16.0,0.0,0.0,100.0,-7.0,7.0,8.0,9.0,1.0,34.08165,0.0,0.0,0.0,29.564749,-8.0,2.0,1.0,0.0,53.812855,0.0
88.0,438.982,20.139387,110.91434,15.0,0.0,0.0,100.0,-7.0,7.0,8.0,22.83807,0.0,25.0,-7.0,2.0,2.0,9.0,-8.0,1.0,1.0,0.0,25.0,0.0
68.44225,175.56108,2.0,75.0,33.704765,1.0,0.0,89.0,24.686167,6.0,3.0,30.0,3.0,44.867447,0.0,14.685419,12.23993,73.581436,16.42491,4.0,2.0,2.0,78.130905,0.0
67.0,342.4524,5.0,157.04364,9.484847,4.5086346,7.106892,83.40574,22.707205,6.0,2.0,9.305119,0.0,-9.0,-7.0,0.0,0.0,13.292561,-8.0,2.0,-8.996843,0.0,39.557518,0.0
83.0,244.61154,6.0,76.0,31.0,0.0,0.0,100.0,-7.0,7.0,8.0,37.644318,2.0,33.499287,0.0,1.0,0.0,9.0,-8.0,3.0,1.0,0.0,52.20375,0.0
66.0434,211.6903,4.0,81.36123,62.17468,0.0,0.0,100.0,-7.0,7.0,8.0,63.052853,2.0,33.349163,2.0,0.0,0.0,73.87548,67.490234,12.778774,3.0,3.0,82.91784,0.0
73.0,451.41174,3.0,103.31258,38.896576,1.0,0.0,89.0,13.204191,6.0,3.0,35.0,2.0,24.0,0.0,2.0,2.0,0.0,89.70673,2.0,2.0,0.0,33.0,0.0
80.0,298.33026,4.0,116.94912,41.69702,0.0,0.0,100.0,-7.0,7.0,8.0,48.452152,4.0,47.320473,0.0,2.0,2.0,25.0,48.193127,5.0,3.8222494,1.0,57.0,0.0
83.0,165.26521,4.0,89.368706,14.0,0.0,0.0,100.0,-7.0,7.0,8.0,14.0,2.0,26.0,1.0,1.0,1.0,0.0,49.80224,2.0,2.0,0.0,100.0,0.0
92.385506,351.91852,24.66668,162.95563,19.0,0.0,0.0,100.0,-7.0,7.0,8.0,24.0,0.0,20.0,-8.0,0.0,0.0,1.0,54.358566,2.0,1.0,0.0,30.985926,0.0
69.336716,209.00911,4.0,99.07771,22.0,1.0,1.0,93.0,21.469702,4.0,4.0,26.173452,1.0,38.0,15.232284,0.0,0.0,40.992867,57.290833,4.0,2.0,3.0,56.079735,0.0
91.05546,211.33672,17.26672,68.0,21.0,0.0,0.0,100.0,-7.0,7.0,8.0,22.215252,0.0,21.0,0.0,1.0,1.0,0.0,-8.0,1.0,-8.0,0.0,18.241611,0.0
72.0,306.9432,3.0,106.8072,18.0,0.0,0.0,100.0,-7.0,7.0,8.0,17.0,1.1448855,24.240156,1.0,2.0,2.0,70.94402,-8.0,6.0,1.0,5.433501,77.86859,0.0
72.0,253.61444,17.0,82.351555,14.0,0.0,0.0,78.38847,4.0,6.0,6.0,17.0,0.0,27.0,5.0,0.0,0.0,31.596739,-8.0,3.0,1.0,0.0,50.0,0.0
55.533264,275.30322,9.0,90.25867,25.080294,2.0,2.4704318,76.74164,3.0,3.0,0.45725945,25.0,1.3045219,33.0,7.0,0.0,0.0,38.220516,45.047962,6.0,16.29475,1.0,78.47137,0.0
-9.0,-9.0,-9.0,-9.0,-9.0,-9.0,-9.0,-9.0,-9.0,-9.0,-9.0,-9.0,-9.0,-9.0,-9.0,-9.0,-9.0,-9.0,-9.0,-9.0,-9.0,-9.0,-9.0,0.0
18.095366,201.40921,-3.0867002,65.0,15.0,3.9666684,2.0,57.472767,3.0,5.468917,2.0,24.0,2.0,27.581627,0.0,1.0,0.0,18.0,17.523314,2.0,3.0,0.0,55.506046,0.0
76.0,371.14597,4.0,89.99507,22.0,0.0,0.0,89.20568,21.726826,6.0,6.0,19.0,3.0,21.0,0.0,1.0,1.0,0.0,8.780438,1.0,2.0,0.0,30.214895,0.0
73.0,78.49863,4.0,46.54886,20.0,0.0,0.0,100.0,-7.0,7.0,8.0,16.579824,2.0,33.0,0.0,0.0,0.0,21.437122,79.22345,5.0,4.0,2.0,60.17211,0.0
71.0,183.56512,2.0,84.99895,45.634125,0.0,0.0,96.484535,6.0,6.0,6.0,58.536,1.0,75.90209,1.8501886,1.0,1.0,63.655003,76.0,3.0,4.0,2.0,83.49554,0.0
67.452286,194.23022,11.8642845,103.08644,20.0,1.0,1.0,95.0,3.0041354,6.0,6.0,22.0,0.0,41.42524,10.265352,0.0,0.0,26.090616,67.66312,1.0,2.0,0.0,60.0,0.0
80.0,271.70447,20.0,81.0,12.925295,0.0,0.0,93.0,19.63084,6.0,6.0,14.0,0.0,33.0,0.0,0.0,0.0,4.0,36.935543,1.0,1.0,0.0,57.0,0.0
72.49973,389.6146,4.0,120.53157,20.0,0.0,0.0,88.0,3.4189236,6.0,6.0,21.555325,1.0,16.0,15.460198,0.0,0.0,35.956646,-8.0,2.0,1.0,0.0,44.0,0.0
89.0,496.35632,13.309873,139.80748,28.0,0.0,0.0,100.0,-7.0,7.0,8.0,43.86408,0.0,38.0,13.919064,1.0,1.0,7.0,38.160778,2.0,2.0,0.0,61.899307,0.0
74.0,191.23662,10.099474,103.031044,16.0,3.9059079,3.5775008,94.0,72.41449,6.0,3.0,18.0,1.0,73.564514,-8.0,0.0,0.0,10.0,51.655178,4.0,2.0,0.0,83.0,0.0
87.0,157.24036,2.0,79.0,28.0,0.0,0.0,100.0,-7.0,7.0,8.0,22.0,4.0,14.0,0.0,1.0,1.0,1.0,-8.0,3.0,1.0,0.0,23.31732,0.0
86.0,232.55457,12.0,92.45878,30.82522,0.0,0.0,100.0,-7.0,7.0,8.0,28.0,0.0,24.329502,0.0,0.0,0.43661013,0.0,66.9209,0.0,2.0,0.0,16.593906,0.0
70.56948,355.98236,2.0,74.11162,39.01149,1.0,0.0,95.0,1.4926252,3.0,5.887123,51.001057,2.0,7.407767,12.0,0.0,0.0,27.08229,-8.0,4.0,1.0,1.0,36.72562,0.0
63.70979,125.10966,3.0,38.19717,15.0,0.0,0.0,94.0,30.211443,6.0,6.0,16.0,2.0,27.108685,-7.5635943,0.0,0.0,88.63458,81.7587,9.0,4.0,7.578573,100.0,0.0
69.05352,407.2512,24.953552,120.82179,34.32884,1.0,1.0,98.04122,8.562957,4.0,6.0,35.0,0.0,55.755383,3.0,1.03867,1.0,17.0,36.417896,4.0,4.0,0.0,70.0,0.0
81.0,293.9264,10.0,147.78429,32.0,0.0,0.0,92.0,22.806282,6.0,6.0,47.967525,1.0,33.0,0.0,2.0,2.0,3.6879632,38.259857,5.0,3.0,0.0,50.0,0.0
85.0,346.03738,5.0,99.81227,10.0,0.0,0.0,100.0,-7.0,7.0,8.0,13.0,2.0,57.455227,0.0,1.0,1.0,0.0,-8.0,1.0,-8.687057,0.0,46.463448,0.0
79.0,205.46774,3.6239378,124.3522,23.076187,0.0,0.0,100.0,-7.0,7.0,8.0,24.0,1.0,35.0,0.0,1.0,1.0,35.837826,56.547325,3.0,3.0,2.03296,56.444416,0.0
82.0,250.19319,1.0,102.99228,36.0,0.0,0.0,96.0,11.371743,6.0,6.0,36.82286,3.0,40.0,-8.0,0.0,1.0,7.8915877,99.70293,3.0,6.9185057,0.0,70.0,0.0
82.0,124.37368,7.0,81.236046,23.115776,0.0,0.0,95.0,52.182243,6.0,6.0,21.364449,1.0,17.0,-7.0,1.0,1.0,2.0,-8.0,3.0,1.0,0.9173338,40.82814,0.0
80.0,328.2292,3.0,84.0,26.80666,0.0,0.0,100.0,-7.0,7.0,8.0,25.0,3.0,36.0,0.0,4.0,4.0,19.0,99.9083,4.0,2.0,0.0,57.844696,0.0
88.23522,166.83469,4.0,109.28569,13.822557,0.0,0.0,100.0,-7.0,7.0,8.0,13.0,2.0,-9.0,-8.0,1.0,1.0,7.0,-8.0,5.0,-5.388174,0.0,56.0,0.0
78.20355,341.60477,8.0,100.71109,34.96618,0.0,0.0,100.0,-7.0,7.0,8.0,34.0,1.0,17.24209,0.0,0.0,0.0,44.12467,-8.0,5.0,1.0,1.0,57.0,0.0
73.0,22.863808,2.0,-9.0,24.0,0.0,0.0,95.0,27.571978,6.0,6.0,21.0,9.1129875,9.926965,0.0,1.0,1.0,0.7541129,46.72328,4.0,1.0,0.0,34.048008,0.0
83.0,212.59511,11.0,75.21107,28.0,0.0,0.0,100.0,-7.0,7.0,8.0,27.0,0.0,35.0,2.0,0.0,0.0,19.0,73.25055,1.0,4.0,0.0,53.646095,0.0
79.53623,148.04466,9.0,86.0,23.0,0.0,0.0,100.0,-7.0,7.0,8.0,29.954153,1.0,30.0,8.0,1.0,0.0,9.0,75.078,2.0,3.0,0.0,56.0,0.0
76.87013,182.98608,4.0,72.0,14.0,0.0,0.0,90.0,6.0070276,6.0,6.0,15.0,1.0,20.0,-7.0,2.0,2.0,0.31696618,81.23666,1.2057077,2.0,0.0,55.165928,0.0
56.841587,205.07689,8.0,84.82977,25.0,0.0,0.0,97.0,-7.0,-9.0,6.0,26.0,0.0,28.0,11.844194,0.0,0.0,49.751144,54.28228,4.940977,2.0,1.0,57.0,0.0
89.0,763.2236,7.0,152.3369,22.0,0.0,0.0,100.0,-7.0,7.0,8.0,21.72178,1.0,74.705315,-6.1334352,1.0,1.0,5.0,75.46419,3.0,3.0,0.0,75.0,0.0
75.0,151.49222,6.0,55.969097,13.983308,0.0,0.0,100.0,-7.0,7.0,8.0,8.234864,2.0,48.260628,12.643625,0.0,0.0,18.0,-8.0,2.0,2.0,0.0,50.0,0.0
74.0,157.62306,7.0,55.486748,21.0,3.0,3.2770329,90.0,68.41772,6.0,-9.0,28.0,1.0379732,19.0,-7.0,0.0,0.0,9.053919,-8.0,6.0,1.0,0.0,50.0,0.0
84.55825,192.85063,2.0,98.445984,44.82894,0.0,0.0,100.0,-7.0,7.0,8.0,46.248425,3.0,57.319553,3.0,2.0,1.0,22.191122,98.129395,5.0,2.0,0.0,62.522488,0.0
72.0,215.46223,17.0,82.0,46.003708,1.0,0.0,94.0,26.239613,6.0,5.0,47.772278,0.0,46.776337,0.0,1.0,1.0,44.247887,19.57319,4.0,14.283634,3.0,75.0,0.0
82.48666,199.67166,36.560703,132.94308,11.332484,0.0,0.0,95.0,23.291708,6.0,5.0,12.0,0.0,29.0,-8.0,1.0,1.0,9.0,-8.0,5.0,1.0,0.0,80.0,0.0
86.0,223.09178,8.0,81.0,41.02113,0.0,0.0,100.0,-7.0,7.0,8.0,44.19953,0.0,0.0,0.0,0.0,0.0,0.0,-8.0,1.0,-8.0,0.0,-9.0,0.0
89.0,404.82172,32.052933,110.96436,16.0,0.0,0.0,100.0,-7.0,7.0,8.0,23.0,0.0,30.0,0.0,1.0,1.0,2.0,57.072887,2.0,2.0,0.0,77.46454,0.0
86.0,311.3687,5.0,71.03852,21.0,0.0,0.0,100.0,-7.0,7.0,8.0,23.0,2.0,37.0,9.0,1.0,1.0,1.0,82.995514,1.0,3.0,0.0,43.249516,0.0
74.543465,461.36166,7.0,111.07842,28.0,0.0,0.0,100.0,-7.0,7.0,8.0,44.327065,3.0,28.295795,0.0,1.0,1.0,65.51846,80.63339,5.0,2.0,1.0,69.36952,0.0
80.0,177.44875,9.0,87.60373,29.0,0.0,0.0,100.0,1.0615896,6.0,6.0,21.0,1.0,32.0,7.0,1.0,1.0,6.0,75.5873,4.0,2.0,0.0,57.0,0.0
74.0,225.57341,2.0,117.896385,13.0,1.0,0.0,92.64938,47.794167,6.0,2.0,13.0,3.0,9.089145,1.0,1.0,1.0,44.690174,-8.0,4.0,2.0,2.0,69.76386,0.0
88.0,187.64809,46.678875,124.942116,10.116938,0.0,0.0,100.0,-7.0,7.0,8.0,14.0,0.0,20.0,12.0,0.0,0.0,1.859236,-8.0,0.0,-8.0,0.0,-9.0,0.0
92.85512,371.61,49.661083,228.83913,8.0,0.0,0.0,100.0,-7.0,7.0,8.0,9.0,0.0,17.0,-8.0,0.0,0.0,0.0,-8.0,1.0,-8.0,0.0,32.74568,0.0
80.0,353.6439,2.0,80.27767,36.842453,2.0,0.0,94.60376,73.73085,6.0,3.0,38.989864,8.752864,33.0,0.0,2.0,1.0,10.0,100.0,4.0,2.0,0.0,48.78485,0.0
75.0,231.34216,4.0,74.0,19.0,0.0,0.0,100.0,-7.0,7.0,8.0,17.735712,2.0,21.0,3.0,0.0,0.0,59.91347,-8.0,3.0,1.0,3.0,48.012215,0.0
75.0,191.5449,4.0,91.03125,34.0,0.0,0.0,94.0,28.620255,6.0,6.0,32.732155,2.0,26.0,1.0,0.0,0.0,38.13857,94.31057,4.0,2.0,0.0,57.0,0.0
-9.0,348.4969,16.0,90.0,25.0,0.0,0.0,84.6107,-7.0,-9.0,6.0,26.0,0.0,55.65183,0.0,1.0,1.0,47.74842,-8.0,8.0,2.0,0.0,100.0,0.0
79.0,177.06232,1.0,80.7455,40.82316,0.0,0.0,100.0,-7.0,7.0,8.0,52.737892,2.0,55.75716,0.0,2.0,2.0,20.016161,69.614174,5.0,6.8859973,0.0,71.0,0.0
89.0,314.18137,1.0,114.428215,26.76307,0.0,0.0,100.0,-7.0,7.0,8.0,29.861813,4.0,20.0,0.0,1.0,1.0,0.0,47.45077,1.0,3.0,0.0,22.719898,0.0
68.0,260.89453,3.0,81.166306,47.83862,0.0,0.0,91.918976,43.11148,6.0,6.0,52.35244,2.0,50.695618,0.0,17.568731,15.163234,43.04132,66.43715,4.0142827,5.0,0.0,83.0,0.0
84.0,254.22968,3.0,86.25155,39.0,1.0,0.0,100.0,75.71632,6.0,5.0,34.0,2.0,24.0,17.162998,0.0,0.0,6.0,17.637487,2.0,2.0,0.0,43.0,0.0
65.349266,304.66803,2.0284963,107.99618,33.59077,1.0,1.0,97.0,17.16578,6.0,2.0,33.621185,5.0,21.788776,0.0,2.0,2.0,58.16842,76.49108,7.0,3.0,2.0,75.0,0.0
86.0,187.11374,5.0,70.0,20.0,0.0,0.0,100.0,-7.0,7.0,8.0,19.444157,1.0,47.0,0.0,0.0,0.0,15.378434,16.071291,3.0,3.0,1.0,83.0,0.0
83.0,268.48572,27.809002,97.0,22.0,0.0,0.0,100.0,-7.0,7.0,8.0,20.585424,0.0,23.0,0.0,0.0,0.0,0.0,-8.0,2.0,1.0,0.0,78.0,0.0
77.0,209.58058,3.0,74.0,23.0,0.0,0.0,92.0,53.186756,6.0,6.0,26.0,3.0,19.611391,0.0,2.0,2.0,1.0,-8.0,2.0,2.0,0.0,33.0,0.0
80.61778,177.31897,3.0,70.0,40.831573,0.0,0.0,96.0,46.72787,6.0,6.0,3.5450683,7.8323197,21.0,0.0,1.0,1.0,6.0,-8.0,4.0,1.0,0.0,29.235186,0.0
80.0,185.15637,5.0,83.0,41.090866,0.0,0.0,100.0,-7.0,7.0,8.0,24.775023,4.0104146,27.083944,10.380472,2.0,1.0,10.0,-8.0,3.0,2.0,0.0,44.0,0.0
91.0,252.377,37.9554,125.7224,19.940748,0.0,0.0,100.0,-7.0,7.0,8.0,20.0,0.0,17.0,-7.0,0.0,0.0,6.0,-8.0,4.0,-8.0,0.0,56.03943,0.0
69.0,345.77457,2.0,97.93837,14.854458,1.0,1.0,88.0,58.8731,6.0,5.0942025,18.0,4.0,27.039877,0.0,2.0,1.9337993,40.94631,86.906654,3.0,3.0,0.0,60.0,0.0
80.56294,147.90308,5.0,96.56017,6.0,1.0,1.0,100.0,-7.0,7.0,8.0,8.0,1.0,38.0,0.0,4.0,3.4313118,0.0,-8.0,0.0,1.0,0.0,33.0,0.0
80.0,271.63977,15.0,90.0,28.0,0.0,0.0,100.0,-7.0,7.0,8.0,30.0,0.0,33.0,0.0,2.0,1.0,16.0,33.50875,6.0,4.0,1.0,80.24459,0.0
85.0,219.54927,17.234186,92.419464,13.0,0.0,0.0,100.0,-7.0,7.0,8.0,10.8292,0.0,22.11156,15.3909235,1.0,1.0,13.124603,-8.0,1.0,1.0,0.0,35.7857,0.0
80.0,222.61731,20.0,122.66755,35.660095,0.0,0.0,100.0,-7.0,7.0,8.0,35.0,0.0,17.0,2.0,0.0,0.0,27.50887,-8.0,7.0,2.0,0.0,60.0,0.0
85.03661,139.83034,5.0,63.61138,28.988096,0.0,0.0,100.0,-7.0,7.0,8.0,11.889144,2.0,29.0,12.0,0.0,0.0,4.90155,51.011562,6.0,3.0,0.0,57.12612,0.0
-9.0,-9.0,-9.0,-9.0,-9.0,-9.0,-9.0,-9.0,-9.0,-9.0,-9.0,-9.0,-9.0,-9.0,-9.0,-9.0,-9.0,-9.0,-9.0,-9.0,-9.0,-9.0,-9.0,0.0
79.0,170.94666,1.0,63.0,23.751768,0.0,0.0,100.0,-7.0,7.0,8.0,25.0,4.0,27.627134,0.0,3.0,3.0,22.947855,-8.0,3.0,2.0,0.0,50.0,0.0
87.0,257.4421,3.0,93.0,51.398922,0.0,0.0,100.0,-7.0,7.0,6.2130795,61.430195,5.0,22.0,1.1125026,2.0,1.0993501,7.0,24.380915,4.0,4.0,0.0,44.77313,0.0
73.94185,362.8274,7.0,67.792595,24.0,0.0,0.0,100.0,-7.0,7.0,8.0,23.0,2.0,14.6977005,22.663198,0.0,0.0,36.0,95.31573,7.0,2.0,2.0,57.0,0.0
87.0,142.02554,4.0,50.8402,15.0,0.0,0.0,100.0,-7.0,7.0,8.0,14.0,2.0,45.275517,17.954851,0.0,0.0,1.0,85.78171,1.0,2.0,0.0,50.0,0.0
64.176926,421.0862,2.0,120.591415,26.0,0.0,0.0,91.14113,-7.0,0.0,6.0,27.0,2.0,20.0,0.0,1.0,1.9752132,64.000626,-8.0,20.989294,2.0,3.0,88.59863,0.0
75.0,199.87636,2.0,26.381214,18.227814,0.0,0.0,100.0,-7.0,7.0,8.0,18.0,2.0,31.009636,0.0,0.0,0.0,21.0,74.320885,3.0,4.0,0.0,50.0,0.0
76.0,223.32654,3.0,90.899765,48.33078,1.0,0.0,92.0,76.7559,6.0,5.0,50.288303,4.0,20.0,0.0,3.0,2.0,16.648087,-8.0,6.0,2.0,0.0,56.0,0.0
78.0,159.31667,3.0,63.0,15.0,0.0,0.0,100.0,-7.0,7.0,8.0,16.0,2.0,71.23798,5.5393662,1.0,1.0,2.0,-8.0,1.0,3.0,0.0,67.0,0.0
85.0,190.12852,24.6579,91.67698,9.807164,0.0,0.0,100.0,-7.0,7.0,8.0,10.051775,0.0,62.38297,0.0,1.0,0.0,0.0,62.580246,1.0,1.0,0.0,50.0,0.0
76.0,181.65683,2.0,76.0,13.613606,0.0,0.0,100.0,-7.0,7.0,8.0,15.0,2.0,57.32638,0.0,3.9530032,3.0,1.0,11.940046,0.0,2.0,0.0,47.6174,0.0
80.0,170.82097,13.0,61.644737,7.167915,0.0,0.0,88.96963,70.50978,6.0,6.0,9.0,0.0,77.36236,23.361885,0.0,0.0,17.0,72.0006,2.0,1.0,0.0,75.0,0.0
70.0,329.4366,41.28602,140.25006,13.0,0.0,0.0,89.945885,13.793241,6.0,6.0,16.0,0.0,29.0,-7.0,0.0,0.0,0.0,-8.0,1.5261209,-8.0,0.0,43.0,0.0
72.96833,71.67673,5.0,49.246773,17.0,1.0,1.0,98.0,77.88872,6.0,5.0,18.0,3.0,22.0,0.0,0.0,0.0,22.131645,-8.0,1.0,1.0,0.0,23.720194,0.0
62.267082,253.7917,2.0,70.0,41.968487,0.0,0.0,95.91297,10.983576,6.0,6.0,40.272938,10.98279,51.120506,0.0,2.0,2.0,34.37223,-8.0,11.508846,2.0,0.0,83.0,0.0
71.0,107.1101,30.530008,73.073456,13.0,0.0,0.0,75.85192,7.16277,6.0,6.0,9.0,0.0,40.0,-7.0,0.0,0.0,21.074825,59.228386,2.0,2.0,0.0,62.719856,0.0
79.97666,304.3078,4.0,81.67685,29.0,0.0,0.0,96.0,9.691694,6.0,6.0,31.431782,1.0,30.292484,8.132109,1.0,1.0,0.7658798,57.176903,3.0,1.0,0.0,45.022526,0.0
88.0,436.52808,19.325254,139.3455,17.0,0.0,0.0,94.0,23.490953,6.0,6.0,18.347277,0.0,24.0,-8.0,0.0,0.0,0.43374392,-8.0,3.0,1.0,0.0,43.9688,0.0
78.0,236.06071,5.0,86.0,21.0,0.0,0.0,100.0,-7.0,7.0,8.0,19.0,2.0,22.386547,8.0,1.0,1.0,28.0,43.255527,4.0,1.0,1.0,55.147655,0.0
90.80043,421.62775,2.0,98.33363,17.74526,0.0,0.0,100.0,-7.0,7.0,8.0,20.0,2.0,18.372293,2.0,2.0,2.0,8.978015,-8.0,5.0,2.0,0.0,56.469208,0.0
82.203125,221.58537,2.0,70.0,12.47587,0.0,0.0,100.0,-7.0,7.0,8.0,16.0,2.0,33.0,0.0,1.0,2.0,7.0,45.56944,4.0,1.0,0.0,67.0,0.0
63.0,35.63221,2.0,53.731197,17.0,0.0,0.0,90.2216,8.681693,5.3169193,6.0,21.0,5.0,45.807446,0.0,0.0,0.0,76.81327,91.0,3.0,3.0,1.0,86.08369,0.0
84.0,165.18565,6.0,71.0,16.0,0.0,0.0,100.0,-7.0,7.0,8.0,20.0,1.0,32.0,-7.0,0.0,0.0,0.199521,-8.0,1.0,2.0,0.0,41.570007,0.0
-9.0,-9.0,-9.0,-9.0,-9.0,-9.0,-9.0,-9.0,-9.0,-9.0,-9.0,-9.0,-9.0,-9.0,-9.0,-9.0,-9.0,-9.0,-9.0,-9.0,-9.0,-9.0,-9.0,0.0
84.0,240.07451,2.3123825,105.442665,26.0,0.0,0.0,100.0,-7.0,7.0,8.0,27.0,2.0,40.792828,-8.0,0.0,0.0,25.647099,84.42363,4.061411,2.0,0.0,63.0,0.0
78.0,204.11649,4.5506115,45.643654,20.658663,0.0,0.0,100.0,-7.0,7.0,8.0,29.0,2.0,29.994284,16.0,0.0,0.0,10.0,65.24745,5.0,5.0,0.0,60.0,0.0
77.0,164.12112,4.0,93.22706,31.790432,1.0,0.0,89.5173,22.092476,6.0,3.0,34.264595,1.0,17.0,0.0,1.3508248,2.0,4.537918,80.0,6.0,2.0,0.0,43.0,0.0
76.0,76.2622,1.0,72.0,18.0,3.0329518,1.0,94.0,56.815273,6.0,3.0,20.0,2.0,51.174908,3.0,0.0,0.0,0.0,72.330414,2.0,1.0,0.0,43.0,0.0
87.0,153.51337,36.651253,71.0,12.0,0.0,0.0,100.0,-7.0,7.0,8.0,12.0,0.0,52.101387,0.0,1.0,1.0,10.792963,8.632204,1.0,1.0,0.0,55.80184,0.0
48.481537,225.82452,2.0,64.182014,13.0,0.0,0.0,81.70318,4.834302,6.0,6.0,8.0,2.0,57.41113,1.3084141,1.0,1.0,56.482594,93.950935,3.2171524,3.0,1.0,93.2483,0.0
82.0,-4.9250393,4.0,44.729702,7.025363,0.0,0.0,100.0,-7.0,7.0,8.0,5.677958,2.0,40.0,1.982117,1.0,1.0,0.0,-8.0,0.81940717,1.0,0.0,40.0,0.0
64.0,218.9094,4.0,77.779045,21.0,2.0,1.0,64.660995,8.392032,6.0,2.0,27.0,4.0,35.0,0.0,2.0,2.0,28.497488,57.737514,6.0,4.0,1.0,79.79046,0.0
86.90055,151.54271,8.0,97.0,42.636818,0.0,0.0,100.0,-7.0,7.0,8.0,13.0,2.0,-9.0,7.0,0.0,0.0,0.40525925,70.65323,4.0,2.0,0.0,-9.0,0.0
72.0,196.25325,11.0,88.88015,28.0,0.0,0.0,100.0,-7.0,7.0,8.0,25.0886,1.0,30.0,3.0,0.0,0.0,65.398506,-8.0,6.0,4.9137907,0.0,80.0,0.0
86.728386,198.47021,3.0,106.18643,24.0,0.0,0.0,100.0,-7.0,7.0,8.0,3.9880111,3.0,39.0,-7.0,0.0,0.0,16.0,87.38382,3.0,3.297902,0.0,69.55061,0.0
83.0,134.49394,6.0,73.01922,16.0,0.0,0.0,100.0,-7.0,7.0,8.0,16.0,0.0,20.0,4.0,2.0,2.0,0.0,-8.0,2.0,1.0,0.0,54.70748,0.0
76.0,152.41408,10.0,86.76432,31.603104,0.0,0.0,100.0,-7.0,7.0,8.0,24.0,0.0,45.941875,9.107666,0.0,0.0,49.949665,-8.0,4.0,2.0,1.0,61.638573,0.0
84.0,131.96599,17.969734,94.95772,14.0,0.0,0.0,100.0,-7.0,7.0,8.0,15.0,0.0,27.0,-8.0,0.0,0.0,32.0,51.34424,3.0,1.0,0.0,67.0,0.0
-9.0,-9.0,-9.0,-9.0,-9.0,-9.0,-9.0,-9.0,-9.0,-9.0,-9.0,-9.0,-9.0,-9.0,-9.0,-9.0,-9.0,-9.0,-9.0,-9.0,-9.0,-9.0,-9.0,0.0
83.0,170.36507,20.48444,83.90666,17.0,0.0,0.0,89.0,51.307873,6.0,6.0,21.0,0.0,46.0,-8.422951,0.0,0.0,1.0,-8.0,1.0,1.0,-9.0,80.0,0.0
78.0,215.23878,3.0,85.42555,14.0,0.0,0.0,100.0,-7.0,7.0,8.0,16.234224,2.0,28.0,0.0,3.65944,3.7187629,25.419256,71.0,4.0,2.0,1.0,71.0,0.0
82.65283,120.10621,2.0,58.0,14.163714,0.0,0.0,100.0,-7.0,7.0,8.0,13.364648,2.0,16.175936,2.0,1.0,1.0,17.0,-8.0,3.0,1.0,0.0,45.44717,0.0
-9.0,-9.0,-9.0,-9.0,-9.0,-9.0,-9.0,-9.0,-9.0,-9.0,-9.0,-9.0,-9.0,-9.0,-9.0,-9.0,-9.0,-9.0,-9.0,-9.0,-9.0,-9.0,-9.0,0.0
81.0,171.94936,1.0,61.0,38.265247,0.0,0.0,100.0,-7.0,7.0,8.0,46.70081,4.0,17.0,1.0,0.0,0.0,11.0,91.0,6.0,3.0,1.0,100.0,0.0
70.0,286.96832,6.633963,101.0221,55.513874,0.0,0.0,100.0,-7.0,7.0,8.0,66.61462,1.0,21.074642,1.0,0.0,0.0,25.460535,-8.0,8.0,3.0,1.3541952,50.0,0.0
64.12582,194.28755,9.0,72.0,34.63509,0.0,0.0,100.0,-7.0,7.0,8.0,44.185722,1.0,41.0,8.0,1.0,1.0,90.85427,53.885757,8.491791,3.0,6.192691,80.0,0.0
90.390396,190.93054,16.0,119.051544,12.767686,0.0,0.0,100.0,-7.0,7.0,8.0,14.894742,0.0,2.0212274,0.0,0.0,0.0,1.0,-8.0,1.0,-8.0,0.0,10.61138,0.0
73.0,-9.0,10.0,50.961945,14.0,0.0,0.0,88.0,16.465475,6.0,6.0,15.018522,1.0,43.0,0.0,3.0,3.0,2.0,81.802246,-9.0,2.0,0.0,88.839165,0.0
62.518723,205.27731,2.0,90.0,46.347137,0.0,0.0,95.0,23.234604,6.0,6.0,50.410744,2.0,28.0,0.0,2.0,2.0,45.324055,68.367355,13.539577,4.0,3.0,75.0,0.0
80.0,148.76875,-2.9585974,52.41506,20.0,0.0,0.0,100.0,-7.0,7.0,8.0,25.0,6.0,33.0,11.548526,0.0,0.0,10.0,99.77608,4.0,3.3580465,0.0,71.0,0.0
75.0,58.043823,3.0,-9.0,7.258959,0.0,0.0,100.0,-7.0,7.0,8.0,9.0,1.3568904,72.95789,0.0,0.0,0.0,1.0,95.27452,1.0,1.0,-6.0822206,78.76603,0.0
83.72409,122.62818,10.0,73.043945,6.0,0.0,0.0,100.0,-7.0,7.0,8.0,8.0,1.0,52.2742,0.0,1.0,0.0,11.058226,98.80922,1.0,2.0,0.0,100.0,0.0
62.0,88.62226,1.0,38.143578,17.0,1.0,1.0,100.0,-7.0,7.0,8.0,19.0,5.0,15.428537,3.0,1.0,1.0,54.552135,-8.0,7.0,2.0,2.0102751,60.0,0.0
84.0,342.86044,4.0,101.3686,32.0,0.0,0.0,100.0,-7.0,7.0,8.0,41.018353,2.0,19.337854,-8.0,1.0,1.0,21.05822,100.0,3.0,1.0,0.0,47.779655,0.0
89.0,155.66263,13.0,72.58885,21.0,0.0,0.0,95.0,70.63991,6.0,6.0,22.656523,0.0,66.79418,-7.0,0.0,0.0,3.0,80.476906,2.0,1.0,0.0,75.0,0.0
86.83371,142.73315,2.6798046,77.39176,20.0,0.0,0.0,100.0,-7.0,7.0,8.0,23.0,1.0,46.0,0.0,3.0,2.0,6.6267757,-8.0,3.0,3.0,0.0,71.0,0.0
82.0,254.23285,11.0,114.59559,30.0,0.0,0.0,95.0,22.896183,6.0,6.0,30.0,0.0,13.0,5.0,2.0,2.0,4.0,-8.0,5.0,1.0,0.0,50.0,0.0
74.0,318.19803,3.0,98.47913,40.024635,2.0,2.1739764,95.0,36.956387,6.0,6.0,33.978264,3.0,15.0,0.0,0.0,0.0,2.0,71.48211,2.098986,2.0,0.0,-0.6855291,0.0
74.0,165.17075,13.508782,76.0,13.600184,0.0,0.0,100.0,-7.0,7.0,8.0,16.0,0.0,47.920193,-7.0,0.0,0.0,75.72333,-8.0,1.0,2.0,1.0,57.0,0.0
86.0,200.26491,10.0,88.65782,29.0,0.0,0.0,100.0,-7.0,7.0,8.0,36.883984,2.0,45.73679,0.0,0.0,0.0,2.0,76.0,2.1144128,2.0,0.0,50.0,0.0
73.0,176.13374,5.0,78.89409,47.76767,0.0,0.0,100.0,-7.0,7.0,8.0,49.647907,2.0,29.0,0.0,0.0,0.0,71.41593,92.78094,7.0,2.0,4.9490724,58.0,0.0
84.0,310.308,10.282633,129.9463,18.89336,0.0,0.0,100.0,-7.0,7.0,8.0,20.0,1.0,32.310997,13.564149,0.0,0.0,10.0,-8.0,4.0,1.0,0.0,85.22295,0.0
89.0,167.50113,7.0,64.23204,13.0,0.0,0.0,100.0,-7.0,7.0,8.0,19.0,1.0,24.0,-9.0,0.0,0.0,10.442684,-8.0,2.0,1.0,0.0,60.0,0.0
75.62439,341.81052,2.0,84.0,47.44004,1.0,1.0,100.0,-7.0,7.0,8.0,47.904503,1.0,19.0,0.0,1.0,1.0,11.0,15.37956,1.0,1.0,0.0,33.0,0.0
67.42659,185.46622,29.639297,119.952614,8.348198,0.0,0.0,86.60623,7.8747315,6.0,6.0,7.588839,0.0,33.0,0.0,2.0,1.0,78.89837,-8.0,4.0,1.0,1.6640263,88.0,0.0
89.73354,130.12086,16.61672,120.0766,11.469085,0.0,0.0,100.0,-7.0,7.0,8.0,16.0,0.0,21.0,-7.0,0.0,0.0,7.568037,38.626595,2.0,1.0,0.0,63.0,0.0
80.0,325.49576,53.781925,183.74696,13.0,0.0,0.0,100.0,-7.0,7.0,8.0,13.297466,0.0,17.0,1.4667387,0.0,0.0,0.0,-8.0,1.0,1.0,0.0,67.0,0.0
88.0,55.463226,6.0,55.1743,10.0,0.0,0.0,100.0,-7.0,7.0,8.0,11.0,1.0,43.92614,1.0,0.0,0.0,0.0,64.13695,1.0,2.0,0.0,38.0,0.0
84.0,430.1356,7.0,97.0,34.0,0.0,0.0,100.0,-7.0,7.0,8.0,32.8403,1.0,18.0,-8.052416,0.0,0.0,10.0,22.413904,4.0,2.0,0.0,27.687141,0.0
85.0,413.81152,5.1599627,94.0,29.0,0.0,0.0,100.0,-7.0,7.0,8.0,30.763117,3.0,67.24239,-7.0,2.0,2.033967,1.0,78.211754,1.0,4.0,0.0,55.411594,0.0
87.0,158.74857,3.0,107.26254,27.828888,0.0,0.0,100.0,-7.0,7.0,8.0,31.258791,2.0,22.0,-8.0,0.0,0.0,1.38165,-8.0,1.0,2.0,0.0,22.248974,0.0
-9.0,-9.0,-9.0,-9.0,-9.0,-9.0,-9.0,-9.0,-9.0,-9.0,-9.0,-9.0,-9.0,-9.0,-9.0,-9.0,-9.0,-9.0,-9.0,-9.0,-9.0,-9.0,-9.0,0.0
74.0,155.17274,7.6510816,62.96347,26.0,0.0,0.0,100.0,-7.0,7.0,8.0,20.003935,1.0,39.838024,3.0,1.0,1.0,48.004597,91.841896,4.0,2.0,1.0,80.0,0.0
69.0,182.27277,3.0,109.66989,27.422613,0.0,0.0,90.76113,18.7633,4.0,6.0,23.831161,3.0,14.0,0.0,1.0,1.0,47.08949,93.0,5.0,2.0,2.0,49.5304,0.0
71.0,118.31248,9.529419,68.0,17.0,0.0,0.0,100.0,-7.0,7.0,8.0,18.0,0.0,54.413483,-8.0,0.0,0.0,91.33524,69.82586,4.0,2.729986,5.3056903,86.0,0.0
81.0,135.02094,24.723406,72.0,16.0,0.0,0.0,95.060616,71.84517,6.0,6.0,13.27908,0.0,58.744427,3.0,3.0,3.0,9.0,91.86307,1.0,2.0,0.0,57.0,0.0
79.0,204.01385,6.0,80.63846,33.0,0.0,0.0,94.0,52.28758,6.0,6.0,39.994114,1.0,67.42683,-7.0,1.0,1.0,2.0,53.616013,4.0,4.0,0.0,82.93523,0.0
74.0,332.8026,6.3387933,116.06911,34.05193,0.0,0.0,91.131996,8.226055,6.0,5.0,30.0,1.0,23.840002,3.585108,1.0,1.0,1.0,-8.0,2.0,1.0,0.0,42.04436,0.0
78.0,182.48193,5.0,80.93588,32.0,0.0,0.0,100.0,-7.0,7.0,6.0,38.88211,2.0,59.456886,3.7664454,1.0,1.0,5.3962455,66.14025,4.380133,6.0,0.0,75.0,0.0
67.0,106.12572,13.0,83.42741,29.0,0.0,0.0,95.0,22.848564,6.0,6.0,22.0,0.0,42.0,14.642324,0.0,0.0,40.96273,71.0,4.0,4.0,2.0,70.0,0.0
80.0,414.23248,10.0,94.43242,50.361134,0.0,0.0,100.0,-7.0,7.0,8.0,44.13098,1.0,69.426285,0.0,2.0,1.4110318,20.880203,75.06311,5.0,5.1757474,1.0,71.0,0.0
-9.0,-9.0,-9.0,-9.0,-9.0,-9.0,-9.0,-9.0,-9.0,-9.0,-9.0,-9.0,-9.0,-9.0,-9.0,-9.0,-9.0,-9.0,-9.0,-9.0,-9.0,-9.0,-9.0,0.0
59.890156,192.97421,2.0,101.70348,18.0,4.5549636,0.0,63.001038,10.227858,4.0,3.0,25.436079,1.0,34.80887,-8.0,1.0,1.0,81.36732,61.314686,4.0,5.0,2.0,75.0,0.0
80.0,202.69499,32.38904,102.2972,14.0,0.0,0.0,96.0,3.0,6.0,6.0,15.0,0.0,15.0,0.0,0.0,0.0,1.0,-8.0,0.0,1.0,0.0,-9.0,0.0
86.0,261.63953,1.8972416,96.441895,21.0,0.0,0.0,100.0,-7.0,7.0,8.0,26.641897,2.0,14.0,-7.0,0.0,0.0,13.146223,-8.0,3.0,1.0,0.0,80.0,0.0
-9.0,-9.0,-9.0,-9.0,-9.0,-9.0,-9.0,-9.0,-9.0,-9.0,-9.0,-9.0,-9.0,-9.0,-9.0,-9.0,-9.0,-9.0,-9.0,-9.0,-9.0,-9.0,-9.0,0.0
85.74005,260.78604,4.0,79.0,22.0,0.0,0.0,100.0,-7.0,7.0,8.0,23.0,1.0,21.0,-7.0,0.0,0.0,2.0,87.288605,4.0,2.0,0.0,64.0,0.0
88.0,288.6712,20.350628,119.769745,17.0,0.0,0.0,100.0,-7.0,7.0,8.0,19.0,0.0,57.31783,6.0,0.0,0.0,3.0,38.928078,3.0,2.0,0.0,73.0,0.0
83.0,181.0165,15.0,74.44002,6.0,0.0,0.0,100.0,-7.0,7.0,8.0,7.1238112,0.0,24.0,0.0,0.0,0.0,36.0,-8.0,2.0,1.0,0.0,78.0,0.0
91.6786,232.22185,1.0,100.0,9.0,0.0,0.0,100.0,-7.0,7.0,8.0,13.172401,1.1365281,50.0,0.0,0.0,0.0,0.0,-8.0,1.0,1.0,0.0,44.0,0.0
70.14313,203.96162,9.0,75.63833,24.0,0.0,0.0,100.0,-7.0,7.0,8.0,20.0,0.0,23.684061,0.0,2.0,2.0,65.54648,81.1815,6.0,3.0,3.8817549,67.0,0.0
89.733665,467.2037,4.0,97.01679,24.0,0.0,0.0,100.0,-7.0,7.0,8.0,26.0,1.0,20.0,-7.0,0.0,0.0,4.275916,-8.0,2.0,1.0,0.0,41.015877,0.0
81.0,239.42523,16.185486,121.68976,24.0,0.0,0.0,100.0,-7.0,7.0,8.0,0.6137079,0.0,26.0,18.87322,0.0,0.0,23.715088,-8.0,3.0,3.0,1.0,63.0,0.0
85.09213,177.6812,1.0,76.05814,38.945976,0.0,0.0,100.0,-7.0,7.0,8.0,56.335262,2.0,39.0,0.0,3.0,3.0,10.0,61.052307,5.0,3.0,1.0,55.63123,0.0
86.0,199.52454,9.008616,97.55142,19.0,0.0,0.0,100.0,-7.0,7.0,8.0,18.0,1.0,43.44738,-8.0,0.0,0.0,15.0,63.51453,2.0,1.0,0.0,51.257412,0.0
-9.0,-9.0,-9.0,-9.0,-9.0,-9.0,-9.0,-9.0,-9.0,-9.0,-9.0,-9.0,-9.0,-9.0,-9.0,-9.0,-9.0,-9.0,-9.0,-9.0,-9.0,-9.0,-9.0,0.0
55.359722,264.41656,2.0,70.77461,20.0,0.0,0.0,90.33706,16.418312,4.0,6.0,20.0,2.0,13.0,0.0,1.0,1.0,47.188618,83.39099,11.0,2.0,2.0,83.0,0.0
-9.0,-9.0,-9.0,-9.0,-9.0,-9.0,-9.0,-9.0,-9.0,-9.0,-9.0,-9.0,-9.0,-9.0,-9.0,-9.0,-9.0,-9.0,-9.0,-9.0,-9.0,-9.0,-9.0,0.0
87.0,321.86725,13.59456,82.0,25.524397,0.0,0.0,100.0,-7.0,7.0,8.0,33.73887,0.0,14.0,0.0,1.0,1.0,7.2469025,-8.0,5.0,1.0,0.0,33.0,0.0
86.942986,139.73903,4.0,70.0,28.67653,0.0,0.0,100.0,-7.0,7.0,8.0,31.327944,2.0,17.0,8.488539,0.0,0.0,15.127653,-8.0,2.0,1.0,0.0,43.0,0.0
84.0,172.18517,1.2547934,98.83096,12.0,0.0,0.0,100.0,-7.0,7.0,8.0,15.0,2.0,38.0,-7.0,0.0,0.0,32.91943,-8.0,3.0,1.0,0.0,67.0,0.0
67.0,248.1934,27.065838,95.70874,22.0,1.0,0.0,78.92109,1.0,4.0,5.0,23.0,0.0,24.0,13.159609,0.0,0.0,48.331463,-8.0,3.0,2.0,1.0,67.0,0.0
83.0,147.9951,7.0,81.34555,21.088596,0.0,0.0,100.0,-7.0,7.0,8.0,26.305908,2.0,10.688276,16.0,0.0,0.0,15.437958,-8.0,2.0,1.0,0.0,33.0,0.0
88.0,198.16512,10.0,82.22877,18.0,0.0,0.0,100.0,-7.0,7.0,8.0,24.0,1.0,26.164337,0.0,3.0,2.9412673,3.0,-8.0,3.0,2.0,0.0,36.99078,0.0
72.0,253.92055,11.953014,90.0,30.0,0.0,0.0,100.0,-7.0,7.0,8.0,32.60059,1.0,27.0,-7.0,0.14765081,1.0,33.64338,-8.0,9.383664,3.0,2.0,80.0,0.0
59.693863,177.38957,4.0,115.505165,30.242859,0.0,0.0,94.0,-4.6725645,4.0,6.0,24.08382,1.0,11.766492,1.0,1.0,1.0,78.07864,-8.0,5.0,1.0,2.0,50.0,0.0
84.06282,228.69914,31.580109,112.39862,4.066837,0.0,0.0,100.0,-7.0,7.0,8.0,3.71349,0.0,28.0,-7.0,0.0,0.0,39.358128,-8.0,2.0,2.0,0.0,86.0,0.0
62.0,229.00455,4.0,100.151436,47.662518,0.0,0.0,96.0,1.137522,2.2533896,6.0,44.896812,3.0,25.345982,0.0,3.0,3.0,25.469639,72.779175,5.0,3.0,3.0,44.0,0.0
68.30286,148.00563,4.0,57.391037,15.0,8.608599,9.062881,78.32774,56.11559,6.0,2.0,18.0,3.0,57.787968,0.0,1.0,1.0,10.0,53.38724,2.0,3.0,0.0,60.0,0.0
71.0,160.09492,3.0,94.90268,29.0,0.0,0.0,96.0,41.479336,6.0,6.0,34.208363,2.037288,48.025467,0.0,5.0003314,5.0,52.970394,48.5333,1.0,2.0,1.0,60.0,0.0
86.0,707.6157,64.38347,237.62242,9.125798,0.0,0.0,100.0,-7.0,7.0,8.0,12.53939,0.0,14.0,21.833971,0.0,0.0,9.34546,22.794268,1.4540292,1.0,0.0,100.0,0.0
78.0,190.6069,25.151281,65.0,11.0,0.0,0.0,100.0,-7.0,7.0,8.0,15.0,0.0,17.491829,7.0,0.0,0.0,48.295753,-8.0,3.0,1.0,1.0,80.0,0.0
81.0,107.71043,11.905288,54.831818,16.0,0.0,0.0,100.0,-7.0,7.0,8.0,22.0,0.0,18.0,12.0,0.0,0.0,11.0,62.630653,2.0,3.8252985,0.0,55.43938,0.0
79.0,240.71014,5.0,88.13111,23.0,0.0,0.0,100.0,-7.0,7.0,8.0,26.0,2.0,25.0,4.0,2.0,2.0,9.0,88.37705,3.0,4.0,0.0,53.74185,0.0
76.83239,205.26997,14.0,102.77243,17.0,0.0,0.0,100.0,-7.0,7.0,8.0,18.178352,1.0,46.0,19.878307,0.0,0.0,69.95059,64.73005,2.0,1.0,0.0,73.0,0.0
-9.0,-9.0,-9.0,-9.0,-9.0,-9.0,-9.0,-9.0,-9.0,-9.0,-9.0,-9.0,-9.0,-9.0,-9.0,-9.0,-9.0,-9.0,-9.0,-9.0,-9.0,-9.0,-9.0,0.0
88.0,367.85986,15.0,106.549644,19.0,0.0,0.0,100.0,-7.0,7.0,8.0,20.0,0.0,50.0,6.22422,0.0,0.0,11.0,-8.0,4.0,1.0,0.0,50.54012,0.0
88.0,220.83034,-9.0,91.43572,15.0,0.0,0.0,100.0,-7.0,7.0,8.0,18.0,2.0,21.0,17.780937,0.0,0.0,14.0,99.44148,4.0,1.0,0.0,50.0,0.0
73.0,170.54526,4.0,73.22265,15.0,0.0,0.0,87.93263,47.375607,6.0,6.0,16.0,3.0,76.99149,1.0,1.0,1.0,66.90203,40.08431,2.0,3.0,1.0,100.0,0.0
89.0,144.80252,45.26835,100.0,10.284716,0.0,0.0,100.0,-7.0,7.0,8.0,4.7113724,0.0,25.0,-8.0,0.0,0.0,8.0,-8.0,4.0,-8.0,0.0,73.89621,0.0
74.0,342.889,5.0,80.69322,44.896397,0.0,0.0,97.0,26.100134,6.0,6.0,40.097713,1.0,24.399858,3.0,2.0,1.0,21.020254,91.0,11.0,5.0,1.0,58.0,0.0
72.0,169.20819,9.0,81.36554,27.0,0.0,0.0,100.0,-7.0,7.0,8.0,25.0,1.0,14.810885,-7.0,1.0,1.0,34.500065,-8.0,7.0,-8.0,3.0,50.0,0.0
79.932014,381.09073,2.0,98.3013,32.0,0.0,0.0,100.0,-7.0,7.0,8.0,34.0,2.0,21.250954,4.342548,1.0,2.0,9.0,97.4782,5.0,2.0,0.0,46.308758,0.0
78.30342,223.9763,22.326607,81.38151,21.0,0.0,0.0,96.0,70.423485,6.0,6.0,23.0,0.0,35.0,3.0,0.0,0.0,14.659864,-8.0,2.0,2.0,0.0,58.0,0.0
82.419495,617.1992,11.621431,171.01167,24.0,0.0,0.0,100.0,-7.0,7.0,8.0,22.870687,1.0,20.0,12.59612,0.0,0.0,28.0,99.81094,6.0,2.0,1.0,58.0,0.0
85.0,188.94386,2.052886,114.22434,4.509458,0.0,0.0,100.0,-7.0,7.0,8.0,9.0,1.0918188,42.0,5.0,1.0,1.0,24.5341,-8.0,1.0,1.0,0.0,67.0,0.0
85.0,159.6415,7.0,61.0,34.113922,0.0,0.0,100.0,-7.0,7.0,8.0,44.328884,1.0,20.0,1.0,0.0,0.0,2.0,71.02845,2.0,6.8150625,0.0,50.0,0.0
90.0,175.25555,6.0,81.0,12.434309,0.0,0.0,100.0,-7.0,7.0,8.0,15.643297,1.0,28.0,10.74258,0.0,0.0,0.0,-8.0,-8.157752,1.0,0.0,-9.0,0.0
80.0,-9.0,2.0,107.45441,29.0,0.0,0.0,100.0,-7.0,7.0,8.0,-9.0,1.0,7.911767,0.0,8.814734,6.6298423,32.45001,-8.0,4.0,1.0,3.0,37.53918,0.0
62.22708,225.5572,8.0,139.3942,12.0,0.0,0.0,78.46651,2.0,0.11174057,6.0,7.9755073,2.0,28.0,0.16468616,0.0,0.0,31.668007,93.58018,4.0,2.0,0.0,88.0,0.0
72.114555,243.845,3.0,81.91264,29.0,0.0,0.0,100.0,3.0,6.0,6.0,37.0,2.0,43.701225,0.0,3.0,3.0,30.3897,7.640916,2.0,2.0,0.0,50.0,0.0
75.0,204.83406,8.0,99.57164,14.783617,0.0,0.0,73.9809,1.0,1.7624179,6.0,19.0,0.0,35.103943,22.704218,0.0,0.0,10.0,-8.0,2.0,1.0,0.0,50.0,0.0
62.0,130.0188,8.0,55.893345,10.0,0.0,0.0,100.0,-7.0,7.0,8.0,7.306386,1.0,47.09297,0.0,3.0,2.0,60.713123,26.300089,4.0,1.0,3.0,80.0,0.0
81.44437,392.01837,9.436342,148.81918,23.282265,0.0,0.0,94.35193,58.834743,6.0,6.0,23.0,1.0,38.0,0.0,0.0,0.0,0.0,53.79836,1.0,1.0,0.0,38.0,0.0
32.914673,111.296,8.0,63.6099,4.000809,3.9494781,3.1357276,64.62179,27.585514,6.0,2.0,7.0,0.0,55.174316,4.0,0.0,0.0,0.0,10.47335,-9.0,1.0,0.0,20.760519,0.0
81.0,182.15045,-9.0,63.0,29.0,0.0,0.0,97.0,47.121162,6.0,6.0,22.092634,4.0,16.0,3.0,2.0,1.0,12.146667,-8.0,1.0,3.0,0.0,24.7981,0.0
73.0,410.43716,23.10359,119.005196,23.229662,0.0,0.0,100.0,-7.0,7.0,8.0,23.887493,0.0,24.0,0.0,0.0,0.0,51.88917,60.10096,9.67646,3.0,2.0,72.02225,0.0
81.0,122.1396,12.0,71.0,14.0,1.0,0.0,96.0,47.51351,6.0,5.9057813,14.126208,0.0,15.10285,0.0,0.0,0.0,0.0,-8.0,1.0,1.0,0.0,28.413605,0.0
-9.0,-9.0,-9.0,-9.0,-9.0,-9.0,-9.0,-9.0,-9.0,-9.0,-9.0,-9.0,-9.0,-9.0,-9.0,-9.0,-9.0,-9.0,-9.0,-9.0,-9.0,-9.0,-9.0,0.0
79.0,387.0053,6.0,116.25232,27.0,0.0,0.0,95.0,-7.0,1.1199031,6.0,29.0,2.0,42.0,5.481522,1.0,1.0,1.0,23.623098,4.0,2.0,0.0,60.0,0.0
73.0,189.33711,11.0,59.326405,20.0,2.0,0.0,86.632515,46.520355,6.0,3.0,23.0,2.0,83.993965,-7.0,1.0,0.0,18.0,98.76532,1.0,4.0,0.0,80.0,0.0
84.0,161.25243,28.869171,137.72371,5.215263,0.0,0.0,100.0,-7.0,7.0,8.0,7.2715054,0.0,17.0,4.0,0.0,0.0,2.6857262,-8.0,1.0,1.0,-9.0,75.0,0.0
70.083084,116.86767,3.0,62.783504,17.0,1.0,1.0,80.88895,57.885303,6.0,4.0,19.0,3.0,60.121693,0.0,1.0,1.0,0.0,91.24551,1.0,1.0,-9.0,77.198524,0.0
89.0,216.32394,15.0,120.794846,13.038369,0.0,0.0,100.0,-7.0,7.0,8.0,10.039985,0.0,33.0,23.582224,0.0,0.0,13.0,50.772266,1.0,2.0,0.0,55.717354,0.0
73.0,345.41187,8.0,120.71102,17.0,0.0,0.0,94.0,22.716583,6.0,6.0,20.343658,1.0,17.218115,0.0,1.0,2.0,16.0,-8.0,5.0,1.0,1.0,50.0,0.0
77.0,243.94603,6.0,71.389336,19.0,1.0,0.0,95.0,24.632168,4.0,5.0,25.080372,2.0,47.654533,0.0,0.0,0.0,0.0,45.77909,1.0,2.0,0.0,74.29395,0.0
78.0,221.89787,5.0,81.60615,34.0,1.0,1.0,93.471016,24.427689,6.0,5.0219326,45.58934,2.0,26.0,0.0,3.0,3.0,1.0,87.61469,2.0,3.0,0.0,33.0,0.0
82.162476,405.40726,3.0,99.57778,18.0,0.0,0.0,100.0,-7.0,7.0,8.0,20.826702,2.0,38.0,1.0,1.0,1.0,11.4501505,83.51518,6.0,3.0,0.0,82.118744,0.0
82.0,313.64877,4.0,113.64587,18.0,0.0,0.0,92.05489,26.541426,6.0,6.0,16.0,2.0,25.0,0.0,1.0,1.0,1.0,99.64768,3.119382,1.0,0.0,75.108154,0.0
63.7845,213.57425,17.61354,102.227455,12.0,2.0,0.0,79.00626,18.886776,6.0,5.0,17.0,0.0,41.0,13.716307,0.0,0.0,71.66383,23.374779,2.0,2.0,1.0,91.10558,0.0
62.0,280.1584,4.0,77.0,35.88437,1.0,0.0,96.0,2.7740119,0.0,5.0,32.66365,2.0,22.0,0.0,0.0,0.0,52.68696,67.82058,8.0,2.0,2.0,67.0,0.0
84.0,170.6488,2.0,71.20721,13.0,0.0,0.0,88.0,29.696583,6.0,6.0,15.0,1.0,13.431657,0.0,2.0,2.0,0.0,71.0,2.0,1.0,0.0,50.0,0.0
91.0,208.4399,29.52357,111.596756,10.0,0.0,0.0,100.0,-7.0,7.0,8.0,8.0,0.0,25.0,-8.0,0.0,0.0,6.0,-8.0,3.0,1.0,0.0,60.0,0.0
79.0,199.5224,20.60619,105.310684,19.0,0.0,0.0,100.0,-7.0,7.0,8.0,16.0,0.0,45.845016,0.0,1.0,1.0,56.07548,-8.0,2.0,1.0,3.0,50.0,0.0
85.0,326.6178,9.114221,121.23671,20.0,0.0,0.0,93.0,40.73195,6.0,6.0,18.861238,0.0,25.183945,0.0,2.0,1.0,12.884003,-8.0,4.0,2.0,0.0,60.67361,0.0
77.0,369.48846,-9.0,95.81985,28.0,0.0,0.0,100.0,-7.0,7.0,8.0,29.0,3.0,37.0,-7.0,0.0,0.0,45.87659,50.363194,4.0,3.0,1.0,76.99498,0.0
74.87327,150.17642,3.0,74.1494,12.0,0.0,0.0,100.0,-7.0,7.0,8.0,13.0,1.0,29.274057,1.0,2.0,1.0,54.41594,-8.0,4.0,1.0,1.0,75.0,0.0
-9.0,-9.0,-9.0,-9.0,-9.0,-9.0,-9.0,-9.0,-9.0,-9.0,-9.0,-9.0,-9.0,-9.0,-9.0,-9.0,-9.0,-9.0,-9.0,-9.0,-9.0,-9.0,-9.0,0.0
77.0,317.6955,14.0,86.0,28.214882,0.0,0.0,100.0,-7.0,7.0,8.0,28.0,0.0,51.16075,0.0,4.15442,3.947544,0.0,68.410805,2.0,3.0,0.0,43.0,0.0
73.0,125.28788,34.3295,92.55455,9.0,0.0,1.0,100.0,-7.0,7.0,8.0,9.0,0.0,52.421913,0.0,0.0,0.0,0.0,-8.0,0.0,0.4875605,-9.0,41.19148,0.0
72.64476,131.094,2.0,54.53573,27.0,0.0,0.0,100.0,-7.0,7.0,8.0,30.0,3.0,18.0,0.0,1.0,1.0,32.0,88.1261,6.0,2.0,0.45753223,55.32321,0.0
73.12583,120.49586,15.052529,87.012764,18.33167,0.0,0.0,100.0,-7.0,7.0,8.0,16.337902,0.0,19.0,0.0,3.0,3.0,56.405586,-8.0,6.0,1.0,2.7131298,50.0,0.0
72.0,196.60674,-9.0,70.41595,43.20427,0.0,0.0,97.0,9.402009,6.0,6.0,61.57343,6.0,23.326601,2.4784298,5.0,5.0,6.589428,-8.0,9.367827,2.0,2.0,67.0,0.0
66.0,237.37456,3.0,60.877304,24.0,0.0,0.0,93.5026,23.632357,6.0,6.0,26.342241,2.0,39.0,0.0,2.0,2.0,51.702374,93.07521,8.0,4.0,2.0,100.0,0.0
75.0,45.121807,5.0,47.70317,16.0,0.0,0.0,94.0,21.309048,5.0,6.0,16.0,3.0,59.222435,1.0,4.456059,4.4678726,4.0,85.50286,1.0,4.0,0.0,83.0,0.0
82.0,165.3596,66.129875,98.79116,8.0,1.0,1.0,100.0,-7.0,6.0,8.0,15.321634,0.0,21.0,0.0,1.0,1.0,0.0,-8.0,1.0,-9.0,0.0,25.0,0.0
82.0,405.835,8.0,190.68665,39.0,0.0,0.0,100.0,-7.0,7.0,8.0,40.510105,2.0,26.0,0.0,1.0,1.0,22.005987,-8.0,6.0,1.0,1.0,45.33795,0.0
-9.0,46.331207,20.0,62.71081,12.0,0.0,0.0,80.43707,3.9081733,4.0,6.0,16.0,0.0,21.0,-7.0,1.0,1.0,64.75413,46.689804,4.0,1.0,2.0,67.0,0.0
88.0,474.30405,14.961913,115.43985,16.0,0.0,0.0,100.0,-7.0,7.0,8.0,19.0,0.0,12.1712885,2.0,0.0,0.0,7.63206,-8.0,3.0,1.706035,0.0,40.0,0.0
75.0,140.76964,6.0,65.635574,27.0,0.0,0.0,100.0,-7.0,7.0,8.0,50.416092,2.4609299,36.303,1.0,1.0,1.0,51.871277,71.0,3.0,4.0,0.0,87.39779,0.0
78.0,114.076904,5.0,57.171497,11.0,0.0,0.0,92.0,25.041822,6.0,6.0,11.0,2.0,20.036543,0.0,0.0,0.0,25.0,-8.0,2.0,1.0,0.0,66.7186,0.0
75.882484,159.14827,3.0,110.694176,25.0,0.0,0.0,100.0,-7.0,7.0,8.0,9.0,2.0,25.0,7.0,0.0,0.0,23.448769,98.92298,3.407434,2.0,1.0,57.0,0.0
76.0,36.0061,5.0,48.052143,24.0,0.0,0.0,100.0,-7.0,7.0,8.0,31.16374,1.0,63.59603,-8.0,0.0,0.0,50.488384,97.21641,4.0,3.0,0.0,85.69934,0.0
73.0,56.98226,9.0,49.352493,23.0,0.0,0.0,100.0,-7.0,7.0,8.0,25.060108,1.0,35.0,7.0,3.0,3.0,37.607155,-8.0,1.0,1.0,0.0,40.0,0.0
70.0,128.18279,6.0,52.48689,30.0,0.0,0.0,100.0,-7.0,7.0,8.0,27.0,3.0,33.0,10.430941,0.0,0.0,44.349514,-8.0,7.0,2.0,1.0,72.04138,0.0
77.0,143.98372,8.0,58.192966,21.099861,0.0,0.0,100.0,-7.0,7.0,8.0,15.0,1.0,23.699148,-8.0,2.0,2.0,5.0,98.66035,4.0,2.0,0.0,64.136635,0.0
75.0,84.17505,21.480127,66.35768,8.0,0.0,0.0,100.0,-7.0,7.0,8.0,3.9999204,0.0,73.7176,12.67801,0.0,0.0,0.0,77.78955,0.0,2.0,0.0,56.0,0.0
86.0,179.50136,35.211884,99.16774,19.326105,0.0,0.0,100.0,-7.0,7.0,8.0,28.0,0.0,35.0,-8.0,0.0,0.0,2.0,-8.0,4.0,1.0,0.0,63.0,0.0
86.0,176.95494,5.0,74.37426,8.865833,0.0,0.0,100.0,-7.0,7.0,8.0,9.0,1.0,37.428093,1.0,0.0,0.0,1.9450505,47.41924,0.0,2.0,0.0,47.098618,0.0
70.0,261.09232,33.29597,119.84246,23.0,0.0,0.0,92.0,7.494396,6.0,6.0,21.0,0.0,40.0,-7.0,0.0,0.0,25.928873,-8.0,2.0,3.0,1.0,50.0,0.0
83.0,428.81088,27.653572,126.44548,28.0,0.0,0.0,100.0,-7.0,7.0,8.0,34.0,0.0,34.391888,2.0,2.0,1.9876634,3.0,-8.0,3.0,1.0,0.0,59.27655,0.0
-9.0,118.499886,4.0,80.075096,25.934004,0.0,0.0,92.0,12.288758,6.0,5.0,23.0,3.0,29.803669,0.0,1.0,1.0,112.018776,-8.0,9.224724,2.0,9.637855,81.910194,0.0
80.0,170.63837,5.0,98.58221,20.0,0.0,0.0,100.0,-7.0,7.0,8.0,17.0,3.0,35.0,-7.0,1.0,0.19949073,29.524958,73.46419,4.0,2.0,0.0,71.0,0.0
80.0,104.359634,6.0,41.885303,13.0,0.0,0.0,100.0,-7.0,7.0,8.0,10.27693,1.0,-9.0,18.929482,0.0,0.0,27.644253,-8.0,3.0,-8.0,0.0,50.0,0.0
91.0,190.6414,11.0,113.07291,13.471659,0.0,0.0,100.0,-7.0,7.0,8.0,12.862052,1.0,24.0,8.0,0.0,0.0,1.0,49.978638,4.0,2.0,0.0,50.0,0.0
80.0,356.44113,1.6086378,89.653,27.0,0.0,0.0,100.0,-7.0,7.0,8.0,29.0,2.0,13.564176,-7.0,2.0,1.2033387,19.0,-8.0,5.0,-8.0,0.0,56.0,0.0
80.0,493.4072,2.0,105.38953,21.0,0.0,0.0,90.0,63.919315,6.0,6.0,26.0,1.0,50.0,0.0,3.0,3.0,28.529982,74.12819,2.0,3.0,0.0,71.0,0.0
78.0,147.36887,6.0,63.50012,4.963808,0.0,0.0,100.0,-7.0,7.0,8.0,3.990784,2.0,20.89054,0.0,6.5033994,6.7046156,59.23364,-8.0,3.0,-4.34821,0.0,89.25683,0.0
87.0,433.21106,10.0,120.120605,22.0,0.0,0.0,100.0,-7.0,7.0,8.0,20.19472,0.0,20.0,-7.0,0.0,0.0,16.200943,-8.0,8.947305,1.0,0.0,57.0,0.0
82.0,487.6549,7.0,215.94432,12.0,0.0,0.0,96.0,78.821526,6.0,6.0,11.664353,1.0,33.0,0.0,1.0,1.0,0.0,-4.5361247,1.0,1.0,0.0,79.06742,0.0
73.0,219.22409,4.0,94.65334,14.0,1.0,0.0,65.08735,62.117844,6.0,5.0,18.0,3.0,46.0,0.0,1.0,1.0,19.0,84.88598,2.0,4.0,0.0,91.05557,0.0
71.256516,318.38004,7.0,100.0,29.0,1.9326457,1.0,96.0,21.475143,6.0,2.0,35.0,2.0,44.0,-1.5338888,5.0,5.0,58.603294,91.0,3.0,3.8909502,1.0,85.32803,0.0
82.0,159.44604,2.0,72.34522,7.0,0.0,0.0,100.0,-7.0,7.0,8.0,14.0,1.0,17.532343,0.0,2.0,2.0,3.0,-8.0,2.0,-8.0,0.0,80.0,0.0
92.91127,258.97668,5.0,101.34427,15.0,0.0,0.0,100.0,-7.0,7.0,8.0,13.0,1.0,37.0,16.169008,0.0,0.0,0.0,-8.0,1.0,1.0,0.0,23.567362,0.0
73.0,235.27113,12.0,105.554214,34.0,0.0,0.0,100.0,-7.0,7.0,8.0,29.0,0.0,30.0,20.242287,0.0,0.0,25.96002,48.782875,5.0,4.0,0.0,62.54858,0.0
84.244194,253.87453,21.26052,141.7082,12.0,0.0,0.0,100.0,-7.0,7.0,8.0,15.0,0.0,15.0,0.0,0.0,0.0,30.425076,-8.0,2.0,-8.0,0.0,69.48533,0.0
79.0,264.59546,15.392563,109.06531,13.250131,1.0,0.0,83.61226,22.78755,6.0,4.6515694,16.0,0.0,34.65279,-7.929714,0.0,0.0,13.175111,-8.0,1.0,1.0,0.0,25.0,0.0
78.0,-3.5186698,18.26591,65.0,14.0,0.0,0.0,79.275635,14.03036,6.0,6.0,7.5230565,0.0,53.032932,20.349808,0.0,0.0,0.0,82.0,1.0,2.0,0.0,50.0,0.0
84.7797,157.85262,3.0,91.271706,22.0,0.0,0.0,100.0,-7.0,6.0,6.0,28.722837,3.0,48.77359,0.0,0.0,0.0,2.0,90.783516,2.0,3.0,0.0,70.0,0.0
77.0,385.33948,2.0,72.422325,42.461956,0.0,0.0,97.81215,46.49874,5.123357,6.0,51.832077,4.0,21.0,2.0,2.0,2.0,1.0,126.145485,1.0,2.0,0.0,25.0,0.0
80.0,219.78384,7.0,102.91865,25.0,0.0,0.0,100.0,-7.0,7.0,8.0,21.0,1.0,75.29942,1.0,2.0,2.0,36.0,24.994833,1.0,3.0,0.0,85.84408,0.0
73.0,309.30164,9.0,117.87051,24.0,3.441352,6.0579643,83.14848,34.57208,6.0,2.0,22.202728,2.0,50.06894,12.049408,0.0,0.0,5.0,57.306572,5.0,3.0,0.0,66.408745,0.0
66.26075,217.84848,11.0,90.50954,27.0,1.0,0.0,81.43236,2.102824,6.0,3.1776183,32.0,0.0,22.505219,3.0,0.0,0.0,28.426397,-8.0,5.0,2.0,0.0,60.0,0.0
76.0,154.90659,17.598919,72.01628,20.381262,0.0,0.0,100.0,-7.0,7.0,8.0,23.0,0.0,60.008446,3.0,2.4196947,2.0,32.0,23.331892,4.0,2.0,1.0,70.523674,0.0
73.937294,153.05684,3.0,82.0,16.0,0.0,0.0,100.0,-7.0,7.0,8.0,17.84559,1.0,21.557383,2.0,1.0,1.0,41.265453,32.797306,2.0,2.0,1.0,50.0,0.0
86.297356,215.24484,6.0,94.0,38.89728,0.0,0.0,100.0,-7.0,7.0,8.0,46.698986,2.0,35.223846,-7.0,0.0,0.0,1.0,34.193172,2.0,3.0,0.0,33.0,0.0
88.0,258.60867,5.0,100.0,24.516468,0.0,0.0,100.0,-7.0,7.0,8.0,23.966906,1.0,28.73022,11.715309,0.0,0.0,7.6422777,-8.0,2.0,1.0,0.0,33.097237,0.0
81.0,340.89835,13.394599,144.3417,14.735283,0.0,0.0,100.0,-7.0,7.0,8.0,16.0,0.0,46.977287,9.016628,0.0,0.0,32.875847,85.44634,2.0,2.0,0.0,67.0,0.0
73.0,-8.716503,4.0,-9.0,6.0,0.0,0.0,100.0,-7.0,7.0,8.0,5.3173285,1.0,30.0,0.0,0.0,0.0,59.736164,94.372635,1.2862694,2.0,0.0,91.40167,0.0
79.0,209.86658,8.0,82.0,22.0,0.0,0.0,100.0,-7.0,7.0,8.0,14.0,3.0,21.0,5.0,0.0,0.0,40.982716,-8.0,6.0,2.0,2.0,62.347942,0.0
88.0,326.26236,41.471695,226.39827,-9.0,0.0,0.0,100.0,-7.0,7.0,8.0,11.0,0.0,19.0,12.0,0.0,0.0,34.516792,-8.0,2.0,-9.0,0.0,83.0,0.0
84.0,188.8251,8.0,86.0,28.62709,0.0,0.0,95.0,22.656498,6.0,6.0,28.0,2.0,19.0,1.0,0.0,0.0,6.0,74.04148,2.0,1.0,0.0,40.0,0.0
84.0,452.63342,6.0,101.84554,27.245209,0.0,0.0,100.0,-7.0,7.0,8.0,27.079653,1.0,32.027508,4.0,0.0,0.0,11.0,75.4525,2.0,2.0,0.0,44.0,0.0
65.743935,261.73276,6.0,82.07505,34.933617,0.0,0.0,94.0,39.88095,6.0,6.0,38.939365,2.0,41.936523,0.0,6.9943256,6.456048,56.843647,1.042932,5.0,2.0,1.0,86.0,0.0
-9.0,-9.0,-9.0,-9.0,-9.0,-9.0,-9.0,-9.0,-9.0,-9.0,-9.0,-9.0,-9.0,-9.0,-9.0,-9.0,-9.0,-9.0,-9.0,-9.0,-9.0,-9.0,-9.0,0.0
77.0,374.92044,3.0,77.77863,30.327446,0.0,0.0,100.0,-7.0,7.0,8.0,39.763943,5.0,32.0,15.904799,0.0,0.0,30.860067,99.092064,3.0,3.0,1.0,67.0,0.0
72.70907,224.81404,4.0,83.0,27.0,0.0,0.0,100.0,-7.0,7.0,8.0,27.601257,3.0,46.0,-8.0,0.0,0.0,84.93562,82.5309,4.0,3.0,3.0,90.05041,0.0
85.0,133.94412,5.0,65.0,40.002327,0.0,0.0,100.0,-7.0,6.0,8.0,42.96961,3.0,34.37181,-8.0,0.0,0.0,2.0,93.0,6.0,2.0,0.0,58.0,0.0
79.0,259.06213,1.0,85.48966,24.0,0.0,0.0,100.0,-7.0,7.0,8.0,27.0,4.0,30.0,-7.0,0.0,0.0,37.36828,93.83286,6.0,2.0,1.0,70.56487,0.0
84.0,323.14865,2.0,83.4888,21.0,0.0,0.0,100.0,-7.0,7.0,8.0,15.0,3.0,21.0,5.0,3.0,3.0,11.0,78.27544,3.0,2.0,0.0,38.0,0.0
90.0,197.55214,24.188385,93.0,28.0,0.0,0.0,100.0,-7.0,7.0,8.0,29.128271,0.0,17.0,0.0,0.0,0.0,0.0,-8.0,1.0,1.0,0.0,-9.0,0.0
66.38795,190.998,11.0,54.50978,14.0,0.0,0.0,78.51777,16.357582,6.0,6.0,16.0,0.0,59.011593,3.0,0.0,0.0,49.499603,72.80246,1.0,2.0,0.0,64.00815,0.0
63.0,183.27197,2.9889672,111.71495,19.0,8.947113,9.496767,81.23129,4.0,4.0,-0.60060954,22.0,1.0,11.0,0.0,3.0,3.0203254,3.0,-8.0,2.0,2.0,0.0,33.0,0.0
59.728874,378.28165,4.0,104.535324,21.392756,5.600004,2.0266044,58.072887,23.082975,5.5501394,-9.0,24.0,1.0,45.421043,-7.0,2.0,2.0,44.472855,-8.0,3.0,2.0,2.0,57.0,0.0
66.0,199.67157,1.6071148,147.63219,14.224737,1.0,0.0,77.20955,17.190348,6.0,5.409011,3.7089,2.0,19.0,0.097801365,2.0,2.0,56.111855,94.392914,5.0,1.0,5.696573,74.14477,0.0
79.0,390.3601,1.0,92.92278,30.0,0.0,0.0,100.0,-7.0,7.0,8.0,35.10944,3.0,30.310698,16.0,0.0,0.0,22.986076,16.313124,5.0,3.0,2.0,44.0,0.0
69.0,133.63329,4.0,67.84316,22.0,1.0,0.0,95.0,17.638432,6.0,3.4631875,27.419262,2.0,22.798227,0.0,4.0,4.0,49.721306,36.00001,3.0,2.0,3.0,38.256382,0.0
-9.0,-9.0,-9.0,-9.0,-9.0,-9.0,-9.0,-9.0,-9.0,-9.0,-9.0,-9.0,-9.0,-9.0,-9.0,-9.0,-9.0,-9.0,-9.0,-9.0,-9.0,-9.0,-9.0,0.0
73.0,183.59474,3.0,63.788326,44.252796,0.0,0.0,99.54121,54.70096,6.0,6.0,46.984005,1.0,19.0,1.0,2.0,2.0,36.54692,76.0,13.308411,3.0,0.0,71.0,0.0
87.0,338.0271,5.0,100.96544,37.62419,0.0,0.0,100.0,-7.0,7.0,8.0,38.0,2.0,47.0,1.0,0.0,0.0,1.0,22.244694,3.0,1.0,0.0,43.0,0.0
89.34428,223.843,5.0,82.50269,24.0,0.0,0.0,100.0,-7.0,7.0,8.0,32.0,2.0,31.0,-7.0,1.0,1.0,11.658846,-8.0,3.0,-8.0,0.0,50.0,0.0
70.187454,348.19864,2.0,102.55931,13.139181,0.0,0.0,83.88177,24.275587,6.0,6.0,14.0,2.0,36.0,0.0,1.0,1.0,85.326706,65.26603,2.0,2.0,0.0,95.19318,0.0
88.15013,383.66208,4.0,110.44973,25.0,0.0,0.0,100.0,-7.0,7.0,8.0,24.0,1.0,17.139668,0.0,1.7353059,1.0,1.0,9.516266,4.0,1.0,0.0,38.0,0.0
81.0,433.10187,3.0,155.29071,22.685736,0.0,0.0,100.0,-7.0,7.0,8.0,22.0,2.0,19.0,0.0,0.0,0.0,41.333946,-8.0,8.0,2.0,0.0,67.0,0.0
69.0,495.11197,2.0,108.427765,23.942907,0.0,0.0,100.0,-7.0,7.0,8.0,28.0,1.1555812,36.0,0.0,2.0,2.0,23.267847,49.72544,4.0,3.3882022,0.0,60.0,0.0
74.0,426.0894,2.0,114.51398,17.0,0.0,0.0,85.23758,52.61834,6.0,6.0,20.0,2.0,19.0,4.0,4.0,4.0,52.251724,89.84464,1.0,2.0,0.0,75.38993,0.0
79.0,151.11813,30.712677,104.13074,23.30491,0.0,0.0,100.0,-7.0,7.0,8.0,28.0,0.0,35.59046,-8.0,1.0,1.0,26.409391,-8.0,6.0,1.0,0.0,67.0,0.0
77.0,155.46873,31.224384,69.32677,14.0,0.0,0.0,82.40409,35.3052,6.0,6.0,24.0,0.0,19.667873,-7.0,0.0,0.0,22.92565,-8.0,2.0,1.0,1.0,71.0,0.0
71.0,221.57327,10.618892,89.74721,47.011154,0.0,0.0,95.0,16.385695,5.9882536,6.0,44.129704,1.0,46.0,0.0,1.0,1.0,19.0,79.79078,2.0,19.974552,0.0,70.89525,0.0
68.11358,342.64386,5.4405885,74.0,23.375763,0.0,0.0,92.687874,31.226173,6.0,6.0,25.0,2.0,20.0,0.0,2.0,2.0,41.669014,85.756004,5.51987,2.0,2.0,79.90653,0.0
72.0,365.1561,5.0,96.78607,7.0,1.0,1.0,100.0,-7.0,7.0,8.0,8.252599,2.0,33.0,-7.0,2.0,1.828533,25.318623,-8.0,2.0,1.0,0.0,52.3855,0.0
77.0,165.23154,9.0,86.79161,23.94598,0.0,0.0,100.0,-7.0,7.0,8.0,19.855814,1.0,35.0,-8.0,0.0,0.0,54.059864,-8.0,2.0,1.0,0.0,67.0,0.0
75.0,204.15694,9.0,102.5278,25.460354,0.0,0.0,100.0,-7.0,7.0,8.0,28.0,2.0,35.989506,0.0,0.0,0.07131891,59.346825,64.23877,7.0,7.480548,3.0,81.05065,0.0
71.77938,157.11758,23.983507,100.0,15.0,0.0,0.0,91.0,22.89027,6.0,6.0,15.0,0.0,5.925985,-8.0,0.0,0.0,99.46502,-8.0,3.0,-8.0,1.0,70.0,0.0
85.0,389.98685,42.33182,231.91591,14.0,0.0,0.0,100.0,-7.0,7.0,8.0,15.0,0.0,0.0,-7.0,0.0,0.0,8.186237,-8.0,3.0,1.0,0.0,33.0,0.0
-9.0,-9.0,-9.0,-9.0,-9.0,-9.0,-9.0,-9.0,-9.0,-9.0,-9.0,-9.0,-9.0,-9.0,-9.0,-9.0,-9.0,-9.0,-9.0,-9.0,-9.0,-9.0,-9.0,0.0
76.52656,366.09433,20.766634,119.40128,27.0,0.0,0.0,100.0,-7.0,7.0,8.0,22.0,0.0,18.95792,0.0,2.0,2.0,46.7777,-8.0,6.8887615,1.0,1.0,80.0,0.0
85.0,241.96254,2.0,83.0,19.241777,0.0,0.0,100.0,-7.0,7.0,8.0,17.265984,2.0,42.890385,1.0,4.0,3.0,40.96697,-8.0,3.0,2.0,0.0,53.70518,0.0
82.0,337.3486,5.0,99.86674,15.0,0.0,0.0,100.0,-7.0,7.0,8.0,13.0,1.0,27.0,0.0,1.0,1.0,17.0,58.37427,2.0,1.0,1.1541789,50.0,0.0
76.0,216.0519,4.0,72.0,48.163136,0.0,0.0,96.0,6.8055406,5.5219407,6.0,51.391033,2.0,17.670233,2.0,1.0,1.0,11.043731,-8.0,5.0,1.0,0.0,48.928905,0.0
69.0,393.8186,36.9659,153.58546,31.0,0.0,0.0,89.0,18.968811,6.0,6.0,24.533998,0.0,20.0,0.0,1.0,1.0,52.391598,-8.0,9.0,1.0,1.0,50.0,0.0
77.0,192.08292,4.0,80.01932,19.0,0.0,0.0,100.0,-7.0,7.0,8.0,23.0,2.0,36.0,11.420344,0.0,0.0,80.22927,48.899452,4.0,2.0,1.0,60.0,0.0
80.599976,129.54279,4.869732,70.30366,27.0,0.0,0.0,96.0,33.18076,6.0,6.0,28.726952,2.0,56.47052,0.0,0.0,0.0,34.50483,89.94081,2.0,4.0,0.0,65.51856,0.0
87.0,17.344992,5.6718645,92.0,8.0,0.0,0.0,100.0,-7.0,7.0,8.0,11.0,2.0,10.702189,0.0,2.062621,2.3008957,0.0,-8.0,1.0,-9.0,0.0,-9.0,0.0
-9.0,-9.0,-9.0,-9.0,-9.0,-9.0,-9.0,-9.0,-9.0,-9.0,-9.0,-9.0,-9.0,-9.0,-9.0,-9.0,-9.0,-9.0,-9.0,-9.0,-9.0,-9.0,-9.0,0.0
76.0,221.81212,21.328545,68.0,13.2697735,0.0,0.0,100.0,-7.0,7.0,8.0,13.0,0.0,41.37715,2.6247082,0.0,0.0,55.9469,55.802727,2.0,1.8550621,1.0,100.0,0.0
75.14237,278.829,9.063795,96.480644,30.285091,1.0,0.0,83.01974,17.80299,6.0,4.974073,30.0,1.0,60.958946,0.0,1.0,1.0,2.0,52.23472,1.0,3.0,0.0,60.0,0.0
68.0,99.60687,4.0,54.73826,18.0,1.7890462,1.3020624,100.0,-7.0,7.0,8.0,14.0,3.0,25.93913,0.0,1.4607058,1.0,18.095224,128.74101,2.0,1.0,0.0,40.631207,0.0
71.0,203.18378,15.0,110.7111,14.0,0.0,0.0,83.367165,32.51609,6.0,6.0,11.0,0.0,37.0,-7.0,0.0,0.0,47.31435,80.8511,6.0,1.8195903,1.0,100.0,0.0
71.0,167.38235,9.0,77.11511,14.0,0.0,0.0,100.0,-7.0,7.0,8.0,21.0,0.0,24.73073,0.0,3.0,3.0,37.03375,-8.0,6.0,1.0,3.0,85.09296,0.0
71.0,172.15752,2.0,66.532104,16.0,0.0,0.0,88.0,-7.0,4.0,5.897299,18.0,1.0,33.7313,0.0,0.0,0.0,15.0,-8.0,2.0,2.0,0.0,67.0,0.0
75.0,174.3714,2.0,79.0,36.448727,0.0,0.0,95.0,13.734613,6.0,6.0,26.0,4.0,45.0,7.0,0.0,0.0,16.0,72.513336,6.0,5.0447063,0.0,100.0,0.0
73.0,357.6784,25.117712,116.33246,14.0,0.0,0.0,84.86201,10.359158,6.0,6.0,15.0,0.0,33.0,0.56339,0.0,0.0,22.940647,42.24442,4.534337,2.0,1.0,81.6881,0.0
88.0,263.32812,10.0,109.18361,12.032147,0.0,0.0,100.0,-7.0,7.0,8.0,8.799307,1.0,9.239167,0.0,2.0,2.0,3.0,60.87893,2.0,1.0,0.0,36.473194,0.0
87.0,190.38733,22.871964,108.16522,3.2455297,0.0,0.0,100.0,-7.0,7.0,8.0,0.7536258,0.0,33.0,0.0,0.0,0.0,2.0,-8.0,1.0,1.0,0.0,85.60058,0.0
58.990524,190.10901,10.0,50.42896,24.0,1.0,0.0,93.0,-7.0,-9.0,6.0,23.0,1.0,19.0,2.0,2.0,2.0,14.0,-8.0,6.0,1.0,1.0,40.862415,0.0
90.0,392.01126,5.1879487,120.078316,19.0,0.0,0.0,100.0,-7.0,7.0,8.0,21.517899,1.0,0.0,8.667618,0.0,0.0,4.0,-8.0,4.0,1.0,0.0,33.0,0.0
64.0,60.344147,2.0,31.103518,28.0,0.0,0.0,100.0,-7.0,7.0,8.0,17.531483,6.563653,14.010703,1.0,1.0,1.0,41.041878,95.64002,4.0,2.0,4.0,22.82361,0.0
89.848976,178.1473,23.886457,131.6594,7.061877,0.0,0.0,100.0,-7.0,7.0,8.0,9.0,0.0,38.00838,12.634464,0.0,0.0,0.0,-8.0,-2.126507,1.0,0.0,14.566694,0.0
85.0,216.14822,13.314135,108.710846,29.013277,0.0,0.0,100.0,-7.0,7.0,8.0,28.0,0.0,38.0,0.0,1.0,1.0,0.0,76.197914,1.0,4.0,0.0,50.0,0.0
-9.0,-8.924644,-9.0,1.64127,-9.0,-9.0,-9.0,-9.0,-9.0,-9.0,-9.0,-9.0,-9.0,-9.0,-9.0,-9.0,-9.0,-9.0,-9.0,-9.0,-9.0,-9.0,-9.0,0.0
72.0,196.13617,13.299906,67.0,16.0,0.0,0.0,100.0,-7.0,7.0,8.0,16.0,0.0,45.0,-7.0,0.0,0.0,80.124275,54.358593,3.0,4.0,3.0,86.73244,0.0
85.146614,325.3176,26.09984,100.68049,19.0,0.0,0.0,100.0,-7.0,7.0,8.0,19.614456,0.0,31.808441,0.0,1.0,1.0,6.9493117,-8.0,4.0,3.0,1.0,50.0,0.0
69.25919,263.02765,2.0,80.91247,13.0,0.0,0.0,88.6694,7.6190467,6.0,6.0,19.0,2.0,31.0,0.0,0.0,0.0,45.00525,-8.0,4.0,3.0,1.0,87.990234,0.0
73.0,305.25186,38.508858,153.7603,21.0,0.0,0.0,96.0,54.06604,6.0,6.0,26.0,0.0,29.0,4.0,0.0,0.0,48.821693,25.327654,2.0,3.0,2.0,36.97821,0.0
89.0,155.24316,1.0,55.944542,17.0,0.0,0.0,100.0,-7.0,7.0,8.0,20.35245,5.0,43.0,0.0,0.0,0.0,6.0,96.09523,2.0,2.0,0.0,73.0,0.0
80.0,137.73895,6.2520804,65.32901,23.18435,0.0,0.0,100.0,-7.0,7.0,8.0,17.0,1.0,36.0,9.0,0.0,0.0,15.05123,76.0,2.0,2.0,0.0,49.201653,0.0
82.0,140.37004,4.0,71.0,24.0,0.0,0.0,100.0,-7.0,7.0,8.0,24.479477,2.0,54.527332,-8.0,0.0,0.0,23.79774,-8.0,3.0,4.0,0.0,61.440567,0.0
63.607067,152.36975,11.0,62.130867,20.0,0.0,0.0,100.0,-7.0,7.0,8.0,25.0,0.0,22.0,-7.0,2.0,2.0,76.37836,43.70132,6.0,2.0,2.0,70.95592,0.0
75.015976,445.6065,17.800669,161.09874,17.0,0.0,0.0,97.72082,40.245033,6.0,6.0,18.0,0.0,30.573963,0.0,3.0,3.0,31.038881,-8.0,3.0,2.0,1.0,62.259632,0.0
86.0,394.69653,5.0,167.73055,14.0,0.0,0.0,100.0,-7.0,7.0,8.0,16.898779,3.0,42.0,5.0,0.0,0.0,11.549593,93.0,3.0,1.0539194,0.0,50.0,0.0
72.8577,148.9797,5.0,86.0,38.006226,0.0,0.0,100.0,-7.0,6.0,8.0,42.496758,2.0,17.0,-7.0,0.0,0.0,23.206978,94.87737,5.0,2.0,1.0,43.0,0.0
61.76998,207.23723,17.0,122.04022,18.0,3.7422984,3.7575917,89.0,24.045467,6.0,2.2327483,22.0,0.0,28.264664,-7.0,0.0,0.0,110.986244,82.89685,2.0,2.0,3.0,60.145275,0.0
-9.0,-9.0,-9.0,-9.0,-9.0,-9.0,-9.0,-9.0,-9.0,-9.0,-9.0,-9.0,-9.0,-9.0,-9.0,-9.0,-9.0,-9.0,-9.0,-9.0,-9.0,-9.0,-9.0,0.0
68.0,194.56259,2.0,100.0,18.0,0.0,0.0,86.13223,2.0,4.0,6.0,15.58189,3.0,14.630094,0.0,0.0,0.0,42.857918,53.228905,4.8815756,1.0,0.0,80.0,0.0
74.0,165.11168,9.0,72.0,18.0,0.0,0.0,91.7082,31.842175,6.0,6.0,19.0,2.0,45.0,4.5364647,3.0,3.0,17.827637,88.85233,2.0,4.0,0.0,67.0,0.0
71.0,168.739,5.0,81.27339,22.826433,2.0,0.0,84.590675,58.79865,6.0,5.0,27.0,1.840257,26.21165,2.0,3.1913977,3.0,47.324764,73.0272,4.0,2.0093846,0.0,73.0,0.0
86.0,185.17729,2.0,70.27928,28.0,0.0,0.0,100.0,-7.0,7.0,8.0,33.0,3.0,35.0,2.0,1.0,1.0,11.0,80.08691,3.0,3.0,0.0,50.0,0.0
85.0,199.06204,8.0,96.94494,21.215933,0.0,0.0,100.0,-7.0,7.0,8.0,24.0,1.0,33.86487,3.0,1.0,1.0,2.0,88.08882,5.0,2.0,0.0,88.0,0.0
63.63488,133.93098,5.0,71.0,38.1466,1.0,1.0,94.0,5.1592894,4.0,2.0,48.82552,2.0,22.0,0.0,3.0,3.0,72.4746,93.0,11.0,2.0,2.0320516,100.0,0.0
87.0,199.61952,16.257439,133.63133,31.059519,0.0,0.0,100.0,-7.0,7.0,8.0,44.328373,0.0,45.31015,-8.0,0.0,0.0,19.313917,8.375558,4.0,3.67416,0.0,71.0,0.0
78.0,236.89331,20.332506,97.0,17.0,1.0,1.0,95.0,46.040573,6.0,2.0,18.0,0.0,18.0,2.0,0.0,0.0,14.723045,-8.0,2.0,1.0,0.0,20.124142,0.0
69.39931,186.49847,2.0,58.666515,37.835224,0.0,0.0,96.0,40.62836,6.0,6.0,34.562195,10.892775,20.0,0.24977657,2.0,1.872257,36.528923,82.0,8.0,2.0,0.0,69.99969,0.0
77.0,117.863014,2.0,72.0,24.0,0.0,0.0,100.0,-7.0,7.0,8.0,24.0,3.0,32.0,0.0,5.789925,6.1664686,10.0,-8.0,4.0,2.0,1.0,50.0,0.0
71.352325,205.20679,4.0,120.70336,35.351414,0.0,0.0,96.0,56.93933,6.0,6.0,37.0,1.0,34.844578,2.0,5.8532295,5.0621963,15.0,90.60861,9.169602,2.0,0.0,70.0,0.0
-9.0,-9.0,-9.0,-9.0,-9.0,-9.0,-9.0,-9.0,-9.0,-9.0,-9.0,-9.0,-9.0,-9.0,-9.0,-9.0,-9.0,-9.0,-9.0,-9.0,-9.0,-9.0,-9.0,0.0
75.0,204.71262,3.0,63.397488,15.0,0.0,0.0,100.0,-7.0,7.0,8.0,13.390035,5.0,56.775948,1.0,3.0,3.0,33.861736,100.0,4.0,2.0,1.0,100.0,0.0
86.0,263.72333,1.0,82.9443,19.284195,0.0,0.0,100.0,-7.0,7.0,8.0,21.0,1.0,65.37221,8.0,0.0,0.0,9.0,79.662186,3.0,4.0,0.0,75.0,0.0
87.0,153.75792,9.532019,67.37715,20.0,0.0,0.0,100.0,-7.0,7.0,8.0,23.965477,1.0,67.16433,3.0,0.0,0.0,6.0,99.773125,1.0,1.0,0.0,56.0,0.0
82.0,295.9582,9.0,94.88656,26.701664,0.0,0.0,100.0,-7.0,7.0,8.0,30.0,0.5617701,21.0,-8.0,0.0,0.0,22.179926,-8.0,4.0,2.0,1.0,36.893253,0.0
77.0,189.60263,10.931908,72.01594,30.81373,0.0,0.0,100.0,-7.0,7.0,8.0,29.0,2.139065,56.193428,0.0,1.0,1.0,11.0,93.0,5.0,4.0,0.0,80.0,0.0
80.34671,168.68204,12.0,92.0,17.0,1.0,1.0,88.0,11.601481,4.0,5.0,20.0,0.0,24.0,-8.0,0.0,0.0,0.0,-8.0,2.0,1.0,0.0,27.734241,0.0
86.0,147.09113,2.0,61.0,21.0,0.0,0.0,100.0,-7.0,7.0,8.0,21.0,3.0,31.02823,9.099914,1.0,1.0,6.7896476,91.0,3.49176,2.0,0.0,40.0,0.0
71.4559,100.16221,23.012209,81.0,21.0,0.0,0.0,94.591835,23.025423,6.0,6.0,23.0,0.0,18.0,0.0,17.145355,16.35432,18.301554,23.254646,3.0,2.0,1.0,50.0,0.0
83.0,294.55002,20.697708,99.64687,21.0,0.0,0.0,95.0,61.719215,6.0,6.0,28.0,0.0,30.79571,11.329992,0.0,0.0,15.0,36.089645,2.0,2.0,0.0,80.59049,0.0
65.0,176.497,6.174165,114.30893,20.261156,1.0,1.0,73.669,9.92415,4.0,2.0,22.0,1.0,44.716213,-7.0,1.0,1.0,59.17883,-8.0,5.0,2.0,3.0,80.0,0.0
84.0,177.45453,8.0,75.26044,38.44335,0.0,0.0,100.0,-7.0,7.0,8.0,50.55074,2.0,25.0,9.574493,1.0,1.0,16.336885,68.29427,3.0,2.0,1.6852928,31.997723,0.0
78.0,141.40273,5.0,51.314682,20.0,0.0,0.0,95.271095,36.689735,6.0,6.0,20.0,2.0,30.0,1.0,4.0,4.0,18.491367,-8.0,2.0,3.0,0.0,51.686214,0.0
68.0,169.0489,11.006127,84.518875,9.0,1.0,1.0,100.0,-7.0,7.0,8.0,7.884741,0.0,30.0,0.0,1.0,1.0,94.82601,-8.0,5.40828,1.0,2.0,86.66118,0.0
84.0,270.80673,11.0,176.7116,16.0,0.0,0.0,100.0,-7.0,7.0,8.0,19.0,0.0,38.0,0.0,0.0,0.0,12.0,58.205807,4.0,2.0,0.0,75.0,0.0
75.0,199.54045,3.0,64.2904,30.555494,0.0,0.0,100.0,-7.0,7.0,8.0,31.681469,2.3188848,33.0,0.0,1.0,1.0,11.0,91.39197,2.0,2.0,0.0,35.540493,0.0
73.97154,36.134724,5.0,53.08682,29.246346,0.0,0.0,100.0,-7.0,7.0,8.0,27.0,3.0,55.70896,0.0,2.0,2.0,41.326977,-8.0,1.0,2.0,1.0,56.0,0.0
78.56606,267.60855,9.0,92.67478,25.779621,0.0,0.0,100.0,-7.0,7.0,8.0,40.34062,0.0,25.0,8.918315,1.0,1.0,27.785711,88.0,5.0,3.0,1.0,56.0,0.0
69.41496,131.54057,15.0,59.61805,20.75659,0.0,0.0,100.0,-7.0,7.0,8.0,20.0,1.0,24.717133,12.0,0.0,0.0,59.236244,52.796936,6.0,2.0,1.0,81.12975,0.0
85.0,161.22266,7.0,75.0,13.797489,0.0,0.0,100.0,-7.0,7.0,8.0,17.0,3.0,-9.0,21.937563,0.0,0.0,1.0,-8.0,4.0,-8.0,0.0,33.0,0.0
-9.0,-9.0,-9.0,-9.0,-9.0,-9.0,-9.0,-9.0,-9.0,-9.0,-9.0,-9.0,-9.0,-9.0,-9.0,-9.0,-9.0,-9.0,-9.0,-9.0,-9.0,-9.0,-9.0,0.0
77.022995,382.89056,18.432585,111.41136,30.0,0.0,0.0,97.2099,25.171013,6.0,6.0,22.0,0.0,16.75249,-7.0,0.0,0.0,22.310629,-5.5522714,3.0,3.0,1.0,44.203957,0.0
-9.0,-9.0,-9.0,-9.0,-9.0,-9.0,-9.0,-9.0,-9.0,-9.0,-9.0,-9.0,-9.0,-9.0,-9.0,-9.0,-9.0,-9.0,-9.0,-9.0,-9.0,-9.0,-9.0,0.0
82.0,147.71425,3.0,55.29498,31.0,0.0,0.0,100.0,-7.0,7.0,8.0,28.0,4.0,34.84331,1.0,0.0,0.0,9.0,91.14418,3.0,3.0,0.0,50.0,0.0
81.0,275.38925,10.0,92.0,14.0,0.0,0.0,92.0,31.166658,6.0,6.0,21.0,1.0,-1.1821859,0.0,1.0,1.0,6.0,-8.0,3.0,-1.718709,0.0,43.0,0.0
73.0,149.90527,6.0,65.0,32.0,1.0,0.0,86.191444,24.483166,6.0,5.0,34.693935,3.0,28.363224,1.0,0.0,0.0,6.0,99.39556,6.0,2.0,0.0,38.0,0.0
80.0,188.1967,3.0,64.58144,32.0,0.0,0.0,96.0,28.953726,6.0,6.0,42.32261,4.0,49.326,0.0,0.0,0.0,30.166193,96.69746,5.0,4.0,0.0,64.0,0.0
80.27927,162.69467,3.0,77.32673,31.0,0.0,0.0,100.0,-7.0,7.0,8.0,29.40837,1.0,26.0,-7.0,0.0,0.0,32.0,37.68401,3.0,2.0,0.0,56.4308,0.0
-9.0,-9.0,-9.0,-9.0,-9.0,-9.0,-9.0,-9.0,-9.0,-9.0,-9.0,-9.0,-9.0,-9.0,-9.0,-9.0,-9.0,-9.0,-9.0,-9.0,-9.0,-9.0,-9.0,0.0
84.0,162.91158,11.0,121.72412,22.0,0.0,0.0,100.0,-7.0,7.0,8.0,23.0,1.0,27.0,-7.0,0.0,0.0,23.918785,-8.0,1.0,1.0,0.0,45.83992,0.0
63.0,455.83347,1.0,142.25179,34.407413,0.0,0.0,90.0,30.314894,6.0,6.0,32.0,1.0,12.465503,-7.0,0.0,0.0,42.7801,18.33014,11.0,2.0,4.715118,75.0,0.0
71.0,271.78687,1.0,94.0,31.0,0.0,0.0,92.04922,1.0,4.0,6.0,44.596622,1.0,56.990753,0.0,2.0,2.0,20.687376,84.17024,5.0,2.0,0.0,75.0,0.0
87.0,453.6351,9.0,119.39415,15.0,0.0,0.0,100.0,-7.0,7.0,8.0,19.0,2.0,29.0,-7.0,0.0,0.0,0.0,-8.0,1.0,-8.0,0.0,31.718826,0.0
85.0,254.09117,20.124208,122.60494,17.0,0.0,0.0,94.71324,80.896835,6.0,6.0,17.0,0.0,25.0,0.0,0.0,0.0,0.0,-8.0,2.0,1.0,0.0,57.792374,0.0
81.76564,177.63841,10.0,100.634735,15.007725,0.0,0.0,100.0,-7.0,7.0,8.0,3.25161,3.0,27.923721,-8.0,0.0,0.0,42.142265,93.0,4.0,2.0,0.0,71.0,0.0
78.893166,173.0959,28.680494,81.86667,27.0,1.0,0.0,95.0,47.499104,6.0,5.0,24.0,0.0,68.41917,0.0,1.0,1.0,6.0,57.708633,2.0,3.0,0.0,60.0,0.0
80.0,263.51324,24.94039,204.87997,10.079202,0.0,0.0,100.0,-7.0,7.0,8.0,15.0,0.0,45.810776,-7.0,0.0,0.0,43.570816,-8.0,4.3433847,2.0,2.0,75.0,0.0
77.0,-3.6020088,15.0,66.57477,21.0,0.0,0.0,100.0,-7.0,7.0,8.0,20.0,1.0,42.41272,-7.0,0.0,0.0,63.895336,26.812729,4.0,2.0,1.0,63.0,0.0
90.41002,119.6881,21.056765,115.20103,29.95309,0.0,0.0,100.0,-7.0,7.0,8.0,-0.73083955,0.0,36.0,-7.0,0.0,0.0,1.0,-8.0,3.0,2.0,0.0,50.0,0.0
72.776855,197.69531,13.241919,82.0,33.0,0.0,0.0,100.0,-7.0,7.0,8.0,30.0,0.0,38.95678,1.0,1.7253523,1.0,58.561657,91.56035,8.0,5.5640426,7.513899,80.0,0.0
-9.0,-9.0,-9.0,-9.0,-9.0,-9.0,-9.0,-9.0,-9.0,-9.0,-9.0,-9.0,-9.0,-9.0,-9.0,-9.0,-9.0,-9.0,-9.0,-9.0,-9.0,-9.0,-9.0,0.0
-9.0,-9.0,-9.0,-9.0,-9.0,-9.0,-9.0,-9.0,-9.0,-9.0,-9.0,-9.0,-9.0,-9.0,-9.0,-9.0,-9.0,-9.0,-9.0,-9.0,-9.0,-9.0,-9.0,0.0
83.0,244.8178,5.0,93.38058,28.834076,0.0,0.0,100.0,-7.0,7.0,8.0,32.44303,2.0,14.972084,21.936306,0.0,0.0,8.0,-8.0,6.0,-8.0,0.0,50.0,0.0
75.0,234.66586,4.0,74.0,44.92698,0.0,0.0,100.0,13.158861,4.0,6.0,46.303608,2.0,26.0,0.0,3.0,3.0,15.813433,61.844925,4.0,3.0,0.0,49.53339,0.0
90.01343,407.76074,38.324696,198.77678,10.0,0.0,0.0,100.0,-7.0,7.0,8.0,11.8781595,0.0,18.263952,-8.0,0.0,0.0,0.0,-8.0,1.0,1.0,0.0,50.0,0.0
73.0,245.89113,10.0,109.615105,15.0,0.0,0.0,92.0,31.597229,6.0,5.692549,20.0,1.5542003,31.0,-7.0,2.0,2.0,47.547916,62.89276,2.0,1.0,1.0,84.704315,0.0
70.0,235.59663,5.0,107.98016,22.0,0.0,0.0,100.0,-7.0,7.0,8.0,24.0,1.0,24.0,13.531418,0.0,0.0,23.185751,76.0,3.0,2.0,3.0,41.7128,0.0
82.0,130.04747,13.0,80.0,30.0,0.0,0.0,100.0,-7.0,7.0,8.0,33.0,0.0,24.0,0.0,0.0,0.0,13.162126,-8.0,4.0,1.0,0.0,33.93364,0.0
84.0,92.8194,9.65035,71.76314,12.0,0.0,0.0,100.0,-7.0,7.0,8.0,8.337766,2.0,37.73457,2.0,0.0,0.0,22.695162,-8.0,2.0,1.0,0.0,91.530556,0.0
62.614788,230.68008,12.547455,75.0,45.570812,0.0,0.0,95.0,-7.0,6.0,6.0,44.89537,0.0,33.569492,4.0,0.0,0.0,45.116898,93.0,4.0,2.0,2.0,65.993965,0.0
70.0,401.84073,35.385857,215.32072,15.0,0.0,0.0,100.0,-7.0,6.0,8.0,16.0,0.0,50.0,-8.0,0.0,0.0,63.98727,-8.0,4.0,2.0,0.0,83.0,0.0
87.0,278.5488,5.0,72.21794,16.0,0.0,0.0,100.0,-7.0,7.0,8.0,21.0,1.0,29.0,-8.0,0.0,0.0,13.40231,-8.0,2.0,2.0,0.0,60.0,0.0
66.25351,423.86566,28.568699,81.0,17.0,0.0,0.0,79.10483,2.0,4.0,6.0,19.248283,0.0,42.875397,0.0,0.0,0.0,38.34308,-8.0,1.8647424,3.0,0.0,100.0,0.0
91.0,199.12871,5.0,100.0,32.35141,0.0,0.0,100.0,-7.0,7.0,8.0,37.0,2.0,19.16694,-7.0,0.0,0.0,3.0,-8.0,5.0,1.0,0.0,44.0,0.0
-9.0,-9.0,-9.0,-9.0,-9.0,-9.0,-9.0,-9.0,-9.0,-9.0,-9.0,-9.0,-9.0,-9.0,-9.0,-9.0,-9.0,-9.0,-9.0,-9.0,-9.0,-9.0,-9.0,0.0
68.99623,433.39014,12.0,84.0,15.0,0.0,0.0,100.0,-7.0,7.0,8.0,22.0,1.0,20.0,-7.0,1.0,1.0,91.52113,40.001774,4.927769,2.0,2.0,100.0,0.0
75.92524,286.34183,1.0,117.37407,16.0,0.0,0.0,97.0,55.567516,6.0,6.0,16.0,2.0,50.0,0.0,2.0,2.0,69.00759,-8.0,2.0,1.0,1.0,63.735855,0.0
75.0,173.51378,19.415789,77.0,28.0,0.0,0.0,100.0,-7.0,7.0,8.0,38.219563,0.0,44.73603,1.0,2.0,2.0,33.64577,58.470505,4.0,3.0,0.0,88.0,0.0
80.0,191.52109,6.0,65.41718,10.0,0.0,0.0,93.09744,57.54554,6.0,6.0,11.489596,1.0,35.0,-7.0,2.0,2.0,15.576442,29.531836,2.0,1.0,0.0,53.971725,0.0
72.0,418.57993,31.095676,172.46793,22.0,2.0,2.0,89.97261,27.324478,6.0,2.0,17.0,0.0,20.0,0.0,0.0,0.0,21.006248,-8.0,4.0,1.0,1.0,57.369778,0.0
74.0,385.9703,1.0,154.41486,44.4706,0.0,0.0,100.0,-7.0,7.0,8.0,44.515892,2.0,31.089773,0.0,3.4106376,4.0,20.801107,58.100784,11.0,7.758003,1.0,71.0,0.0
83.91091,262.82343,3.0,78.01872,33.0,0.0,0.0,100.0,-7.0,7.0,8.0,34.0,4.0,27.0,0.0,10.775891,6.643841,5.6232166,-8.0,1.0,1.0,0.0,20.82084,0.0
84.25092,262.098,7.0,76.330154,15.0,0.0,0.0,100.0,-7.0,7.0,8.0,17.0,1.1816043,55.27181,-7.0,0.0,0.0,24.93508,88.0,3.0,2.0,0.0,88.198074,0.0
90.52416,279.1602,5.0,119.63014,9.0,0.0,0.0,100.0,-7.0,7.0,8.0,11.0,1.0,20.0,0.0,0.0,0.0,3.0,-8.0,1.0,2.0,0.0,44.0,0.0
85.0,217.02573,17.774174,104.272705,39.0,0.0,0.0,100.0,-7.0,7.0,8.0,47.72681,0.0,24.0,3.0,1.0,0.0,9.0,40.85155,4.0,3.0,1.0,44.0,0.0
74.0,131.02954,4.0,29.246769,37.26243,0.0,0.0,100.0,-7.0,7.0,8.0,42.386944,5.0671177,11.0,1.0,0.0,0.0,2.0,-8.0,4.0,2.0,0.0,27.130775,0.0
75.0,115.88416,2.0,-9.0,22.0,0.0,0.0,97.0,6.466799,6.0,6.0,27.0,4.0,16.0,0.0,0.0,0.0,3.0,84.173744,3.0,2.0,0.0,50.0,0.0
68.0,365.5345,3.0,120.434074,41.641182,0.0,0.0,99.08287,49.027737,6.0,6.0,43.303886,2.0,29.0,0.0,4.097014,4.6818724,59.992752,94.12786,4.0,2.0,5.6485806,52.916794,0.0
80.0,316.58405,9.406842,96.567085,24.849802,0.0,0.0,100.0,-7.0,7.0,8.0,26.0,1.0,62.626404,18.381092,0.0,0.0,36.359764,88.546616,2.0,4.0,1.0,75.0,0.0
68.0,149.10648,4.0,57.71465,15.0,0.0,0.0,83.20552,36.945793,6.0,6.0,18.557968,2.0,40.2708,0.0,1.0,1.8268057,30.766987,65.752205,3.0,2.0,0.0,78.0,0.0
65.0,231.77618,5.0,67.0,18.379114,0.0,0.0,89.0,12.575387,4.0,5.0,21.0,2.0,31.0,0.0,1.0,1.0,36.0,95.129654,6.0,2.0,1.0,76.02148,0.0
82.0,179.19585,7.0,72.66584,26.0,0.0,0.0,100.0,-7.0,7.0,8.0,29.0,1.0,45.0,12.433251,0.0,0.0,15.269872,77.684586,2.0,2.0,3.023138,50.0,0.0
79.0,479.912,8.0,130.73782,29.0,0.0,0.0,100.0,-7.0,7.0,8.0,28.0,1.0,25.0,0.0,0.0,0.0,25.0,-8.0,6.0,1.3411262,0.0,44.07026,0.0
82.0,375.08337,39.768124,140.05843,19.0,0.0,0.0,94.0,35.540634,6.0,6.0,17.64979,0.0,15.687511,0.0,0.0,0.0,10.0,-8.0,2.0,1.0,0.0,28.906704,0.0
71.0,172.67525,6.0,49.69503,18.0,1.0,1.0,100.0,-7.0,7.0,8.0,27.0,3.0,39.0,0.0,2.0,2.0,58.747875,89.40281,3.0,3.0,0.0,88.60839,0.0
75.0,-6.344505,5.7377744,72.0,13.0,0.0,0.0,100.0,-7.0,7.0,8.0,12.0,1.0,33.861347,2.0,1.0,1.0,9.317578,99.059395,4.0,3.0476732,0.0,66.25171,0.0
68.0,398.08362,4.0,120.694916,19.0,0.0,0.0,100.0,-7.0,7.0,8.0,21.0,0.0,19.0,3.0,0.0,0.0,77.241875,-8.0,8.706945,2.0,5.904797,75.0,0.0
81.45671,193.32487,5.0,103.0672,23.0,0.0,0.0,100.0,-7.0,7.0,8.0,23.144207,2.0,30.0,1.0,0.0,0.0,1.0,-8.0,3.914892,2.0,0.0,57.0,0.0
87.0,311.87286,14.0,101.25608,34.027752,0.0,0.0,100.0,-7.0,7.0,8.0,32.0,0.0,32.1538,0.0,0.0,0.0,3.0,52.907894,4.0,3.0,0.0,50.0,0.0
89.0,360.981,3.0,110.9911,13.0,0.0,0.0,100.0,-7.0,7.0,8.0,18.0,2.0,19.0,4.0,1.0,0.22769682,16.878633,50.717026,3.0,2.0,0.0,71.0,0.0
80.0,205.35567,10.0,80.34518,20.0,0.0,0.0,100.0,-7.0,7.0,8.0,21.533527,0.0,27.0,0.0,0.0,0.0,23.657831,37.736183,4.0,1.0,2.0,75.0,0.0
82.75552,133.31277,22.563282,86.5055,16.0,0.0,0.0,100.0,-7.0,7.0,8.0,20.0,0.0,95.30018,-7.0,0.0,0.0,0.0,64.207405,-9.0,2.0,0.0,80.0,0.0
62.0,66.19496,3.0,65.94674,22.884356,0.0,0.0,94.07646,15.853967,6.0,6.0,17.0,1.0,26.0,0.0,2.0,2.0,36.0,-8.0,9.0,2.0,4.0171833,60.0,0.0
74.17938,246.7686,13.457562,82.555145,18.0,2.520558,2.2611785,100.0,-7.0,7.0,8.0,20.0,0.0,20.830149,-7.0,1.0,1.0,0.0,-8.0,2.0,1.0,0.0,33.0,0.0
66.0,149.69395,17.993353,86.0,44.237007,0.0,0.0,97.0,24.099417,6.0,6.0,44.550526,0.0,40.0,12.575187,0.0,0.0,57.843647,48.87893,7.0,3.0,1.0,73.61861,0.0
74.0,198.62378,6.0,72.82141,18.0,0.0,0.0,100.0,-7.0,7.0,8.0,17.338026,1.0,14.0,0.0,0.0,0.0,33.029232,-8.0,4.0,1.0,4.0,38.54662,0.0
83.0,386.61627,12.0,142.04199,24.0,0.0,0.0,90.47444,11.107727,6.0,6.0,24.0,1.0,19.0,0.0,0.0,0.0,1.0,-8.0,2.0,1.0,0.0,27.255466,0.0
86.0,311.14185,4.0,80.84992,41.377354,0.0,0.0,97.0,31.035172,6.0,6.0,39.062218,3.740866,29.0,16.0,0.0,0.0,9.258527,-8.0,4.0,2.0,0.0,50.0,0.0
86.99985,184.97978,19.928793,149.95308,12.0,0.0,0.0,100.0,-7.0,7.0,8.0,10.727984,0.0,27.0,-8.0,1.0,0.0,21.0,-8.0,3.0,1.0,0.0,80.0,0.0
71.0,347.5228,11.0,107.27706,28.0,1.0,0.0,82.4514,18.194504,6.0,5.0,27.0,2.0,42.0,2.0,0.0,0.0,32.0,92.686295,6.0,2.0,1.0,100.0,0.0
85.8024,345.15866,30.888367,115.42154,20.045809,0.0,0.0,93.0,4.0,6.0,6.0,19.0,0.0,14.0,-8.0,0.0,0.0,22.29542,-8.0,1.0,1.0,0.0,40.0107,0.0
84.0,240.70819,15.6343155,133.93535,45.117977,0.0,0.0,100.0,-7.0,7.0,8.0,44.237698,0.0,14.0,7.0,2.0,1.0,2.0,-8.0,1.0,1.0,0.0,43.0,0.0
91.49735,393.53812,27.957312,265.89667,19.0,0.0,0.0,100.0,-7.0,7.0,8.0,31.654537,0.0,40.029747,13.052688,0.0,0.0,0.0,-8.0,0.0,2.0,0.0,37.61782,0.0
-9.0,165.72182,4.502464,75.782104,38.1707,1.0,1.0,83.34755,8.703473,4.0,2.0,52.527664,3.0,54.434883,-7.0,1.0,1.0,75.072334,-8.0,7.778442,3.0,4.0311766,89.854485,0.0
-9.0,-9.0,-9.0,-9.0,-9.0,-9.0,-9.0,-9.0,-9.0,-9.0,-9.0,-9.0,-9.0,-9.0,-9.0,-9.0,-9.0,-9.0,-9.0,-9.0,-9.0,-9.0,-9.0,0.0
74.0,187.69954,14.180248,99.99334,23.0,0.0,0.0,100.0,-7.0,7.0,8.0,26.0,0.0,31.0,-7.0,0.0,0.0,48.14399,81.01723,3.2065022,2.6484277,1.0,71.81967,0.0
73.0,139.09117,3.0,70.79728,34.672375,0.0,0.0,100.0,-7.0,7.0,8.0,30.0,1.0,19.0,0.0,3.0,3.0,30.44554,45.32172,9.49882,2.0,4.0,50.0,0.0
85.0,205.35759,4.0,77.0,21.302366,0.0,0.0,100.0,-7.0,7.0,8.0,25.0,2.0,31.227806,-8.0,0.0,0.0,20.69577,-8.0,4.0,1.0,0.0,50.0,0.0
90.0,225.26433,27.40386,151.5025,28.0,0.0,0.0,100.0,-7.0,7.0,8.0,29.0,0.0,29.0,0.0,0.0,0.0,11.0,-8.0,2.0,1.0,0.0,25.869389,0.0
71.0,240.10887,3.6013474,109.17258,60.17945,0.0,0.0,100.0,28.589296,6.0,6.0,55.397453,2.2687926,24.0,1.0,0.0,0.0,38.059174,91.934,15.276232,3.0,1.0,57.356983,0.0
89.0,340.44394,5.0,130.8959,11.973622,0.0,0.0,100.0,-7.0,7.0,8.0,15.755556,2.0,8.873298,16.0,0.0,0.0,0.0,-8.0,2.0,-9.0,0.0,25.0,0.0
73.0,152.35081,2.0,70.799805,44.635826,0.0,0.0,100.0,-7.0,7.0,8.0,46.77591,3.0,30.88335,1.0,3.0,3.0,46.30992,76.456696,6.0,2.0,5.7796874,53.063385,0.0
68.74129,288.4135,3.0,37.20993,18.0,0.0,0.0,100.0,-7.0,7.0,8.0,21.097609,5.0,36.0,0.0,1.0,1.0,55.120914,12.637546,3.0,5.0,3.0,60.0,0.0
-9.0,-9.0,-9.0,29.149988,-9.0,-9.0,-9.0,-9.0,-9.0,-9.0,-9.0,-9.0,-9.0,-9.0,-9.0,-9.0,-9.0,-9.0,-9.0,-9.0,-9.0,-9.0,-9.0,0.0
78.0,415.3561,10.475808,123.008736,20.0,0.0,0.0,88.0,4.0,4.0,5.9114223,20.294937,0.0,50.0,11.901195,0.0,0.0,1.0,32.689564,2.0,2.0,0.0,48.245117,0.0
84.0,244.28183,99.41893,100.0,5.10362,0.0,0.0,100.0,-7.0,7.0,8.0,7.0716023,0.0,-0.13206626,0.0,3.0,3.0,7.641309,-8.0,2.0,-8.0,0.0,60.0,0.0
75.0,315.56387,6.0,90.0,29.0,1.0,1.0,100.0,-7.0,7.0,8.0,34.0,4.0,37.54801,0.0,1.0,1.0,1.0,88.0,3.0,2.0,0.0,42.99502,0.0
80.0,135.138,3.0,40.266964,21.0,0.0,0.0,100.0,-7.0,7.0,8.0,25.450016,6.0,33.0,0.0,3.0,3.0,9.0,-8.0,3.0,2.0,0.0,47.854572,0.0
81.0,113.739265,3.0,65.0,19.0,0.0,0.0,100.0,-7.0,7.0,8.0,24.0,2.0,35.0,3.0,1.0,1.0,10.415755,-8.0,2.0,1.0,0.0,50.893383,0.0
80.0,176.98141,1.0,63.82179,27.0,0.0,0.0,100.0,-7.0,7.0,8.0,31.0,2.0,12.312742,1.0,1.0,1.0,12.0,78.82477,5.0,1.0,0.0,40.0,0.0
87.0,157.41959,52.332687,128.64417,-9.0,0.0,0.0,100.0,-7.0,7.0,8.0,4.376782,0.0,9.044532,0.0,0.0,0.0,9.782069,-8.0,1.0,-8.0,0.0,40.55025,0.0
87.0,178.96385,4.0,87.573715,23.0,0.0,0.0,100.0,-7.0,7.0,8.0,26.0,1.0,68.50343,0.0,0.0,0.0,6.0,97.00019,2.0,2.0,0.0,100.0,0.0
78.09131,322.95386,6.0,108.01405,24.0,1.1117033,0.0,85.418755,29.372108,6.0,3.0,22.0,2.0,39.09239,21.631844,0.0,0.0,4.3400283,86.28065,2.0,5.0,0.0,75.0,0.0
87.0,427.13763,3.0,95.96796,17.0,0.0,0.0,100.0,-7.0,7.0,8.0,19.0,2.0,33.0,-8.0,1.0,1.0,0.0,37.997025,1.0,2.0,0.0,11.558965,0.0
63.0,192.02905,4.0,99.62007,35.07322,0.0,0.0,91.0,15.87585,6.0,6.0,27.97984,2.0,46.941074,1.0,3.0,3.0,59.93161,89.50108,11.4417715,5.0,5.012029,100.0,0.0
-9.0,-9.0,-9.0,-9.0,-9.0,-9.0,-9.0,-9.0,-9.0,-9.0,-9.0,-9.0,-9.0,-9.0,-9.0,-9.0,-9.0,-9.0,-9.0,-9.0,-9.0,-9.0,-9.0,0.0
82.0,276.62326,6.0,115.64138,13.0,0.0,0.0,92.0,39.533485,6.0,6.0,15.3208885,1.0,70.47268,-8.0,0.0,0.0,2.2842233,97.63159,2.0,4.0,0.0,80.80816,0.0
84.0,237.83798,10.0,106.12128,23.658573,0.0,0.0,100.0,-7.0,7.0,8.0,28.0,0.0,30.96942,2.0,2.0,2.0,3.0,-8.0,4.0,1.0,0.0,60.0,0.0
86.0,205.41606,2.0,96.19618,30.0,0.0,0.0,100.0,-7.0,7.0,8.0,32.0,5.0,31.0,0.0,2.0,2.0,4.596501,-8.0,3.0,1.0,0.0,29.131859,0.0
87.0,263.67093,2.0,103.878456,7.5935616,0.0,0.0,100.0,-7.0,7.0,8.0,8.660148,1.0,25.0,0.0,1.0,1.0,13.99842,-8.0,1.0,1.0,1.0,56.896187,0.0
66.0,143.27672,-9.0,46.562286,9.0,2.0,1.0,82.79268,42.08452,6.0,2.0,14.708559,5.327397,31.0,0.0,3.0,2.0,17.724205,56.507797,4.0,2.0,0.0,100.0,0.0
87.0,532.52344,8.446262,101.82759,13.0,0.0,0.0,100.0,-7.0,7.0,8.0,12.0,2.0,17.0,14.7761,0.0,0.0,3.0,-8.0,3.0,1.0,0.0,53.168514,0.0
83.0,364.51456,3.0,106.8751,25.0,0.0,0.0,96.0,54.933044,6.0,6.0,25.0,2.0,24.320139,0.0,2.0,2.0,1.0,-8.0,1.0,1.0,0.0,16.380924,0.0
83.0,152.8196,7.0,76.0,11.446515,0.0,0.0,100.0,-7.0,7.0,8.0,9.0,2.0,43.915977,-4.5329723,2.0,1.0,5.0,82.517105,1.0,2.0,0.0,63.0,0.0
85.0,172.94342,8.0,65.31115,25.0,0.0,0.0,100.0,-7.0,7.0,8.0,23.0,1.0,29.0,17.67298,0.0,0.0,1.0,80.0,4.0,2.0,0.0,88.0,0.0
85.29251,381.90756,6.0,124.91601,14.0,0.0,0.0,100.0,-7.0,7.0,8.0,8.0,2.0,38.0,17.316786,0.0,0.0,6.0,99.70957,1.0,1.0,0.0,46.65171,0.0
82.0,389.06772,2.0,92.0,35.909866,0.0,0.0,100.0,-7.0,7.0,8.0,48.044437,4.4302588,24.571983,2.0,0.0,0.0,4.4621067,-8.0,4.0,3.0,0.0,60.0,0.0
-9.0,-9.0,-9.0,-9.0,-9.0,-9.0,-9.0,-9.0,-9.0,-9.0,-9.0,-9.0,-9.0,-9.0,-9.0,-9.0,-9.0,-9.0,-9.0,-9.0,-9.0,-9.0,-9.0,0.0
72.0,125.90596,13.211343,46.01981,17.0,0.0,0.0,100.0,-7.0,7.0,8.0,18.0,0.0,47.0,0.0,0.0,0.0,32.0,33.96492,4.0,1.0,1.0,81.555336,0.0
68.0,795.103,4.0,99.36712,34.0,2.225609,2.0,86.03932,16.6668,3.0,6.0,35.0,3.2300463,28.0,2.814849,0.0,0.0,25.0,68.24499,6.0,4.0,0.0,69.5914,0.0
81.0,-9.0,2.0,46.744682,18.0,0.0,0.0,100.0,-7.0,7.0,8.0,7.414961,3.0,18.0,2.9228106,4.0,4.0,8.0,99.70462,2.0,3.0,0.0,50.0,0.0
56.680904,202.00572,10.0,87.59518,12.0,10.061318,3.5167196,57.36511,19.129927,4.0,3.0,22.0,1.0,61.340862,0.0,1.0,1.0,91.86299,48.064564,3.0,2.0,1.0,83.0,0.0
70.0,144.06526,5.0,65.79956,19.629232,0.0,0.0,97.0,4.0,4.0,6.0,9.599969,3.0,15.941029,0.0,1.0,1.0,20.789793,-8.0,6.0,1.0,1.0,56.98657,0.0
79.0,279.51248,19.02483,169.17068,13.0,0.0,0.0,100.0,-7.0,7.0,8.0,16.0,0.0,8.163279,23.923655,0.0,0.0,46.929962,-8.0,2.0,-8.0,0.0,50.0,0.0
90.0,388.25595,7.0,98.78482,17.0,0.0,0.0,100.0,-7.0,7.0,8.0,18.0,2.0,50.2974,5.0,1.0,1.0,5.3081036,97.47214,2.0,2.0,0.0,63.0,0.0
81.0,176.90825,6.0,77.0,46.464066,0.0,0.0,100.0,-7.0,6.0,6.0,38.106438,1.0,20.0,0.0,2.0,2.0,1.0,50.90024,3.0,3.0,0.0,26.125294,0.0
62.696236,247.39992,4.0,63.62887,36.0,0.0,0.0,96.0,16.352196,6.0,6.0,31.328007,3.0,33.0,0.0,1.0,1.0,32.0,88.0,7.0,3.0,1.0,49.88641,0.0
70.47628,231.80075,7.0,70.9675,18.0,0.0,0.0,100.0,-7.0,7.0,8.0,21.979965,3.0,58.85321,-8.274916,0.0,0.0,72.47661,54.051914,3.0,2.0,1.0,91.08411,0.0
68.0,170.07889,23.920408,114.268394,12.0,2.0,1.0,84.611786,64.2881,6.0,3.4231498,10.871067,0.0,39.0,-7.0,3.0,3.0,86.51389,-8.0,5.0,1.0,0.0,100.0,0.0
80.0,84.63866,30.524523,37.902477,8.3945675,0.0,0.0,100.0,-7.0,7.0,8.0,6.013729,0.0,24.0,0.0,1.0,1.0,8.400268,-8.0,1.0,1.0,0.0,33.0,0.0
75.0,182.06992,3.0,77.0,43.534233,0.0,0.0,95.0,27.480042,6.0,6.0,42.522194,1.0,32.0,1.0,1.0,1.0,24.825666,63.418137,3.0,3.0,0.0,50.0,0.0
75.0,196.60847,4.0,84.796036,26.932144,0.0,0.0,95.0,51.74602,6.0,5.0,26.929285,3.0,26.45578,0.0,2.0,2.0,26.950106,57.205387,7.948521,1.0,0.0,50.0,0.0
72.215675,190.63954,21.495756,76.8337,36.764084,0.0,0.0,100.0,-7.0,7.0,8.0,44.36478,0.0,19.0,-7.7918587,0.0,0.4945335,65.01737,-8.0,7.0,2.0,3.9285562,71.0,0.0
81.98135,158.64125,18.714201,114.80764,14.0,0.0,0.0,94.0,40.5486,6.0,5.0,15.0,0.0,0.0,5.0,0.0,0.0,3.0,-8.0,3.0,-1.5120409,0.0,38.94677,0.0
-9.0,-9.0,-9.0,-9.0,-9.0,-9.0,-9.0,-9.0,-9.0,-9.0,-9.0,-9.0,-9.0,-9.0,-9.0,-9.0,-9.0,-9.0,-9.0,-9.0,-9.0,-9.0,-9.0,0.0
68.0,132.72603,1.9646446,69.54094,29.398624,0.0,0.0,97.0,1.7642995,6.0,6.0,31.0,2.0,43.0,0.0,3.0,3.213852,35.04722,-8.0,4.0,3.0,0.0,58.0,0.0
67.27138,152.61365,3.0,47.972847,13.311915,0.0,0.0,100.0,-7.0,7.0,8.0,15.0,2.0,20.0,0.44002432,1.0,1.0,52.083237,-8.0,2.0,1.0,0.42465848,43.873856,0.0
74.0,106.578285,6.4308305,108.36142,17.0,0.0,0.0,100.0,-7.0,7.0,8.0,8.0,1.0,36.0,1.8476665,0.0,0.0,61.87941,-8.0,3.0,1.0,2.0,50.0,0.0
80.0,279.31107,15.0,110.51381,8.0,0.0,0.0,100.0,-7.0,7.0,8.0,11.0,0.0,45.123146,23.467558,0.0,0.0,64.788795,86.57122,2.9819317,2.0,0.0,78.0,0.0
85.0,247.98056,2.0,87.635956,25.53538,0.0,0.0,100.0,-7.0,7.0,8.0,23.0,1.0,30.872435,12.185902,0.0,0.0,17.0,-8.0,3.0,3.0,0.0,50.0,0.0
86.0,167.87173,4.72534,65.74857,21.0,0.0,0.0,92.93873,-7.0,3.0,5.0,20.023424,1.0,45.0,0.0,0.0,0.0,2.0,-8.0,1.0,1.0,0.0,64.33346,0.0
-9.0,-9.0,-9.0,-9.0,-9.0,-9.0,-9.0,-9.0,-9.0,-9.0,-9.0,-9.0,-9.0,-9.0,-9.0,-9.0,-9.0,-9.0,-9.0,-9.0,-9.0,-9.0,-9.0,0.0
68.20148,223.02371,2.0,90.0,39.0,0.0,0.0,100.0,-7.0,7.0,8.0,43.275852,2.0,80.57772,-7.0,2.0,2.0,94.5385,60.298195,2.0,2.0,2.0,88.579056,0.0
70.0,238.12955,7.0,73.14647,30.0,1.8526009,0.0,99.45497,26.001724,6.0,2.0,4.5856466,4.0,37.0,-8.0,0.0,0.0,28.579412,91.00112,5.7827115,2.0,0.0,67.0,0.0
63.93171,223.13002,-8.220872,92.0,25.0,1.0,0.0,100.0,-7.0,7.0,8.0,28.0,3.0,44.0,0.0,0.0,0.0,61.10249,98.84197,4.0,2.0,0.0,100.0,0.0
68.01011,192.76688,2.0,73.25932,51.18836,0.0,0.0,92.54085,-7.0,6.0,6.0,61.26549,5.0,44.0,1.9381483,0.0,0.0,2.0,66.04006,3.0,6.3560514,0.0,67.0,0.0
79.0,454.6319,10.0,150.74283,33.0,0.0,0.0,100.0,-7.0,7.0,8.0,26.0,0.0,14.800023,0.0,0.0,0.0,27.179098,-8.0,10.037286,-8.0,3.0,50.0,0.0
65.0,176.51941,8.0,83.94155,22.0,0.0,0.0,93.44729,6.0,4.0,6.0,25.104856,1.0,47.0,0.0,1.0,1.0,68.22977,-8.0,4.0,4.0,1.0,94.552895,0.0
56.290684,314.0978,5.0,86.49564,32.0,0.0,0.0,89.22878,-7.0,4.0,6.0,31.0,1.0,20.0,12.781918,0.0,0.0,66.01649,64.51205,6.0,3.0,3.9094136,70.0,0.0
68.15263,124.14304,2.0,66.57885,40.200325,0.0,0.0,100.0,8.934691,6.0,6.0,22.0,6.0,16.0,0.0,3.1716874,3.0,6.0,24.595171,10.965618,1.0,1.0,43.831623,0.0
65.0,66.85728,3.0,48.00352,9.0,1.0,1.0,76.78243,1.0,0.9779431,4.1021767,14.0,3.0,42.66735,0.0,0.0,0.0,19.655941,78.17713,3.0,2.0,0.0,63.340492,0.0
71.0,133.92775,7.0,71.98059,17.0,1.0,1.0,100.0,-7.0,7.0,8.0,18.0,1.0,25.0,1.0,2.0,2.0,15.06185,76.0,4.0,2.0,1.0,67.0,0.0
64.668106,181.47119,8.0,93.0,17.0,4.540972,3.8764756,83.80308,10.034007,4.0,3.0,21.139126,1.0,45.0,0.0,1.0,1.0,31.252392,58.302254,1.0,2.0,0.0,50.0,0.0
83.0,184.43071,16.0,100.0,28.0,0.0,0.0,96.0,24.455261,6.0,6.0,11.0,0.0,59.102818,0.0,0.0,0.0,16.117155,56.267155,2.0,2.0,0.0,67.0,0.0
82.0,227.27701,6.0,70.0,26.0,0.0,0.0,100.0,-7.0,7.0,8.0,27.0,2.0,50.0,23.26669,0.0,0.0,17.0,90.07452,3.0,4.0576673,0.0,80.0,0.0
73.0,138.89052,9.0,64.50952,21.0,0.0,0.0,93.0,11.653772,5.816827,6.0,20.0,1.0,38.0,5.0,1.0,0.0,0.0,88.14477,1.0,2.0,0.0,55.125576,0.0
81.0,79.70701,5.0,67.0,16.192932,0.0,0.0,100.0,-7.0,7.0,8.0,9.553021,2.0,25.0,0.0,0.0,0.0,14.0,-8.0,4.0,2.0,1.0,60.0,0.0
83.99507,117.76076,5.6890793,45.651955,6.0,0.0,0.0,100.0,-7.0,7.0,8.0,2.9379652,1.0,64.59972,4.0,0.0,0.0,9.0,91.0,1.0,2.0,0.0,100.0,0.0
84.33992,224.77704,9.0,149.53702,32.0,0.0,0.0,100.0,-7.0,7.0,8.0,34.0,2.0,14.0,7.835893,0.0,0.0,6.0,-8.0,7.0,1.0,0.0,58.0,0.0
76.80282,70.84374,3.0,47.39586,19.0,0.0,0.0,100.0,-7.0,7.0,8.0,18.0,1.0,57.524727,4.0,1.0,1.0,2.0,84.472916,1.0,2.0,0.0,100.0,0.0
80.2109,270.46213,2.0,75.503044,42.698555,1.0,0.0,88.0,27.427353,6.0,5.0,41.34444,1.0,18.0,2.0,1.0,1.0,4.1863074,96.11786,11.0,2.0,0.0,50.0,0.0
71.3176,215.2519,4.0,67.0,27.719511,0.0,0.0,100.0,-7.0,7.0,8.0,27.134604,3.0,43.377083,0.0,1.0,1.0,51.428295,-8.0,2.0,2.0,1.0,68.35115,0.0
78.0,220.51543,39.95177,81.0,5.2297463,0.0,0.0,100.0,-7.0,7.0,8.0,9.0,0.0,54.390453,0.0,1.0,1.0,22.553173,-8.0,1.2518638,1.0,0.0,100.0,0.0
79.0,25.511404,13.0,25.7636,9.060643,0.0,0.0,100.0,-7.0,7.0,8.0,7.976514,1.0,16.032164,21.257866,0.0,0.0,13.0,22.240929,2.0,1.0,0.0,40.71233,0.0
70.0,492.5031,7.0,142.60794,25.0,2.0,2.0,96.0,22.986546,4.0,4.714961,29.0,2.0,20.0,0.0,2.0,2.0,9.0,-8.0,7.0,1.0,1.0,64.0,0.0
91.96164,237.21965,27.522366,134.42749,11.58962,0.0,0.0,100.0,-7.0,7.0,8.0,9.879504,0.0,16.0,-8.0,0.0,0.0,1.0,-8.0,1.1003001,1.0,0.0,38.0,0.0
64.41193,173.68272,4.52614,83.50617,44.082565,1.0,1.0,89.0,17.272285,4.0,6.0,45.70945,2.0,35.0,-7.0,4.249387,5.0,42.79334,94.499466,9.0,2.0,0.0,75.64664,0.0
75.0,126.21932,13.7124605,73.678246,12.724756,0.0,0.0,91.0,49.070103,6.0,6.0,13.455923,0.0,59.034832,16.0,0.0,0.0,41.784363,-8.0,2.0,2.0,0.0,100.0,0.0
82.0,154.04538,42.89357,315.2312,9.778261,0.0,0.0,100.0,-7.0,7.0,8.0,-9.0,0.0,12.203428,-9.0,0.0,0.0,30.978762,-8.0,4.0,-8.0,1.0,75.0,0.0
67.0,402.46698,4.0,137.64565,27.0,2.0,1.0,89.0,30.380322,6.0,2.0,31.0,1.0,30.404232,1.0,0.0,0.0,62.86878,51.2915,5.0,1.0,0.0,57.0,0.0
65.0,125.1799,20.0,93.38361,20.879616,0.0,0.0,87.253555,25.717993,6.0,6.0,23.0,0.0,22.543417,0.0,1.0,1.0,38.051426,-8.0,4.0,1.0,0.0,64.0,0.0
85.0,365.7817,3.0,103.2824,13.01271,0.0,0.0,100.0,-7.0,7.0,8.0,12.0,1.0,17.463568,-8.0,0.0,0.0,12.0,33.86476,3.0,1.0,0.0,38.0,0.0
88.0,203.69612,22.425241,110.165955,11.0,0.0,0.0,100.0,-7.0,7.0,8.0,11.956755,0.0,73.14912,0.0,0.0,0.0,0.0,86.51524,1.0,2.0,0.0,100.0,0.0
87.0,358.4202,2.0,80.0,30.579554,0.0,0.0,100.0,-7.0,7.0,8.0,30.0,1.0,17.0,-7.0,1.0,1.0,4.0,-8.0,2.0,2.0,0.0,40.0,0.0
82.0,130.62158,5.661189,68.0,25.0,0.0,0.0,100.0,-7.0,7.0,8.0,26.924334,2.0,44.398865,0.0,4.0,4.448985,9.928978,83.12786,3.0,2.0,0.0,60.0,0.0
-9.0,-9.0,-9.0,8.18448,-9.0,-9.0,-9.0,-9.0,-9.0,-9.0,-9.0,-9.0,-9.0,-9.0,-9.0,-9.0,-9.0,-9.0,-9.0,-9.0,-9.0,-9.0,-9.0,0.0
73.0,137.83058,3.0649047,49.275566,28.392895,0.0,0.0,100.0,-7.0,7.0,8.0,28.0,3.0,47.0,-8.0,0.0,0.0,13.04319,91.112526,6.0,5.9113317,0.0,83.28282,0.0
67.0,165.98552,20.0,100.0,17.0,0.0,0.0,87.44618,8.865952,4.0,6.0,20.0,0.0,24.0,1.0,4.0,4.0,26.58543,-8.0,6.0,1.0,0.0,100.0,0.0
79.0,312.54434,5.0,105.56921,44.218246,0.0,0.0,100.0,-7.0,7.0,8.0,52.6737,6.0,22.0,-7.0,1.0,1.0,9.0,97.31424,4.0,2.0,0.0,36.042984,0.0
77.297646,124.72439,3.0,71.0,12.0,0.0,0.0,100.0,-7.0,7.0,8.0,12.0,1.0,20.0,19.615736,0.0,0.0,39.73125,40.765594,5.0,2.0,1.0,94.71388,0.0
-9.0,-9.0,-9.0,-9.0,-9.0,-9.0,-9.0,-9.0,-9.0,-9.0,-9.0,-9.0,-9.0,-9.0,-9.0,-9.0,-9.0,-9.0,-9.0,-9.0,-9.0,-9.0,-9.0,0.0
75.0,431.25894,6.0,119.8781,25.205336,0.0,0.0,100.0,-7.0,7.0,8.0,24.0,1.0,23.668827,14.275118,0.0,0.0,34.62639,33.84093,10.18977,3.0,8.294733,56.755566,0.0
74.010635,147.95633,7.1363406,73.51165,15.0,1.8018446,1.0,100.0,-7.0,6.0,6.0,23.0,0.0,57.55064,0.0,0.0,0.0,35.756607,20.022537,3.0,2.0,0.0,100.0,0.0
78.0,190.84444,3.006173,102.32149,41.131374,0.0,0.0,97.0,3.0,6.0,6.0,42.4013,2.4608335,49.359665,0.0,3.0,2.0,29.996418,-8.0,5.0,2.0,1.6462367,50.0,0.0
69.59085,214.20132,2.0,58.74298,14.0,0.0,0.0,95.135544,66.28776,6.0,6.0,15.880132,1.0,39.08488,0.0,2.0,2.0,86.47142,-8.0,2.0,2.0,3.0,69.393394,0.0
79.0,166.87578,7.0,75.0,32.0,0.0,0.0,100.0,-7.0,7.0,8.0,30.130882,0.90788996,24.0,3.0,1.0,1.0,30.018188,89.311165,5.0,2.09517,1.0,67.0,0.0
73.0,451.1022,4.0,144.2646,26.0,1.0,0.0,87.43676,43.449448,6.0,2.0,38.79525,2.0,46.904976,20.006788,0.0,0.0,43.35277,64.107445,8.041231,3.0,2.0,88.0,0.0
79.0,166.0769,2.0,44.480442,34.0,1.0,0.0,97.0,36.8793,6.0,3.0,36.226208,4.0,26.693497,0.0,4.1890817,4.0,12.5924225,-8.0,3.0,2.0,0.0,38.0,0.0
-9.0,-9.0,-9.0,-9.0,-9.0,-9.0,-9.0,-9.0,-9.0,-9.0,-9.0,-9.0,-9.0,-9.0,-9.0,-9.0,-9.0,-9.0,-9.0,-9.0,-9.0,-9.0,-9.0,0.0
75.0,263.99692,-5.8828363,75.0,25.0,0.0,0.0,100.0,-7.0,7.0,8.0,24.0,2.0,28.687975,1.0,2.0759823,2.0,32.208427,84.5483,6.0,2.0,2.0,80.90153,0.0
73.0,165.70372,2.0,72.33178,10.703089,0.0,0.0,100.0,-7.0,7.0,8.0,12.0,3.0,15.131544,-8.0,0.0,0.0,44.60559,-8.0,5.0,1.0,5.0373507,83.93684,0.0
65.76856,136.77377,10.0,4.352979,9.505829,0.0,0.0,89.94388,36.36134,6.0,6.0,9.297902,2.0,14.822863,0.0,2.0,2.0,73.5814,-8.0,4.0,-8.0,1.0,58.0,0.0
71.0,321.83093,2.0,99.82571,15.0,0.0,0.0,93.0,68.096725,6.0,6.0,15.0,4.0,35.0,-8.0,1.0,1.0,22.442884,90.37815,3.0,1.0,2.0,38.0,0.0
88.0,390.68024,21.793936,110.6436,16.0,0.0,0.0,100.0,-7.0,7.0,8.0,20.462873,0.0,21.864765,1.0,0.0,0.0,10.0,-8.0,2.0,-8.0,0.0,50.0,0.0
68.913246,227.8976,5.0,80.0,34.043526,0.0,0.0,96.93169,32.523518,6.0,6.0,40.13238,1.0,17.0,0.0,2.0,2.0,64.163635,-8.0,5.0,1.0,2.0,51.75011,0.0
85.62185,254.90059,16.0,91.510605,50.208157,0.0,0.0,100.0,-7.0,7.0,8.0,50.275433,0.0,52.12452,0.0,4.0,3.7781851,9.0,50.815144,4.0,7.2523484,0.0,67.0,0.0
74.0,408.41165,11.541987,125.07946,34.994747,2.0,0.0,88.67,11.793795,6.0,2.0,31.0,0.0,12.468931,-7.0,0.0,0.0,6.0,-8.0,9.17432,1.0,0.0,47.16618,0.0
91.0,154.27406,4.0,100.0,14.0,0.0,0.0,100.0,-7.0,7.0,8.0,17.0,2.0,31.0,1.5639032,0.0,0.0,3.0,93.83931,3.0,4.0,0.0,65.63364,0.0
90.0,638.10077,15.0,130.71849,12.0,0.0,0.0,100.0,-7.0,7.0,8.0,10.742483,1.0,36.0,-7.0,0.0,0.0,0.0,-8.0,1.0,1.0,0.0,43.0,0.0
79.2812,245.72737,2.0,78.6114,76.806625,0.0,0.0,100.0,-7.0,7.0,8.0,86.47981,6.0,4.7098036,0.0,1.0,1.0,9.0,100.0,26.175196,3.0,0.0,58.462757,0.0
-9.0,-9.0,-9.0,-9.0,-9.0,-9.0,-9.0,-9.0,-9.0,-9.0,-9.0,-9.0,-9.0,-9.0,-9.0,-9.0,-9.0,-9.0,-9.0,-9.0,-9.0,-9.0,-9.0,0.0
68.0,190.66586,8.0,93.0,23.484325,0.0,0.0,90.027374,3.471123,6.0,6.0,26.0,1.0,18.0,0.0,0.0,0.0,49.880417,31.056833,4.0,1.0,0.0,35.792423,0.0
82.54116,215.45354,7.0,81.0,43.587063,0.0,0.0,100.0,-7.0,7.0,8.0,48.94218,1.0,31.0,1.2555752,0.0,0.0,18.0,-8.0,4.0,3.0,0.0,57.150177,0.0
81.0,147.32043,1.0,63.166904,18.500372,0.0,0.0,100.0,-7.0,7.0,8.0,18.128181,5.0,43.0,0.0,1.0,1.0,0.0,-8.0,1.0,1.0,0.0,44.0,0.0
92.25944,211.72533,21.650406,128.38254,14.401386,0.0,0.0,100.0,-7.0,7.0,8.0,19.0,0.0,12.305566,0.0,0.0,0.0,1.0,-8.0,2.0,-8.0,0.0,46.33234,0.0
77.0,466.5808,11.0,134.96704,27.0,1.0,0.0,97.0,52.02309,6.0,5.0,30.0,1.0,38.554436,7.4022565,0.0,0.0,7.0,76.0,4.0,4.0,0.0,70.0,0.0
79.0,191.0643,4.0,49.617565,23.0,0.0,0.0,100.0,-7.0,7.0,8.0,21.0,5.0,18.0,7.0,3.0,2.0,15.0,-8.0,3.0,1.0,0.0,57.821884,0.0
81.0,171.97957,4.0,97.79732,30.0,0.0,0.0,100.0,-7.0,7.0,8.0,32.0,2.0,30.090696,0.0,4.762068,4.0,14.778397,57.235123,3.0,3.2129903,0.0,60.0,0.0
77.14675,206.43097,4.0,79.868774,14.0,0.0,0.0,100.0,-7.0,7.0,8.0,15.0,1.0,14.0,-7.0,1.0,1.0,45.868412,-8.0,3.0,1.0,1.0,50.0,0.0
81.0,290.9459,7.0,71.45746,24.0,0.0,0.0,94.0,29.750912,6.0,6.0,27.0,1.0,5.984006,-7.0,0.0,0.0,3.0,-8.0,5.0,1.0,0.0,50.0,0.0
68.0,202.17464,3.0,66.9483,17.0,0.0,0.0,90.997604,5.9236946,4.0,6.0,15.0,3.0,21.77449,7.0,0.0,0.0,8.754911,-8.0,1.0,1.0,0.0,25.0,0.0
73.0,270.763,-9.0,95.19668,20.0,0.0,0.0,95.1112,52.009155,6.0,6.0,23.0,4.098466,42.0,0.0,3.0,2.0,31.055761,91.85123,3.0,3.0,1.0,56.664505,0.0
77.00039,417.0172,4.0,115.99404,28.0,0.0,0.0,100.0,-7.0,7.0,8.0,26.0,2.0,32.50044,0.0,0.0,0.0,45.28988,-8.0,9.0,1.0,2.9831803,71.71856,0.0
86.087,199.32848,11.0,100.05184,27.0,0.0,0.0,100.0,-7.0,7.0,8.0,33.013145,1.0,44.410175,0.0,1.0,1.0,33.901115,-8.0,3.0,3.0,0.0,80.0,0.0
75.0,185.85193,2.0,78.72719,56.90028,0.0,0.0,100.0,-7.0,7.0,8.0,51.033325,3.9887745,22.0,5.983187,0.0,0.0,25.0,39.81712,7.381227,4.0,2.0,43.5974,0.0
71.0,167.82178,20.0,58.0,22.0,0.0,0.0,100.0,-7.0,7.0,8.0,27.0,0.0,18.0,1.0,1.0,1.0,69.400475,-8.0,3.0,1.0,3.0,50.0,0.0
72.0,124.920586,10.003614,81.0,10.715637,0.0,0.0,92.0,45.322865,6.0,6.0,9.0,1.0,16.57965,9.0,0.0,0.0,53.906483,-8.0,4.0,-8.0,1.0,100.0,0.0
-9.0,212.81384,2.0,79.0,17.0,3.0,1.0,70.661705,3.0,4.0,5.0,24.0,2.0,33.597157,0.0,2.0,2.0,41.685238,-8.0,4.0,1.0,1.0,54.00311,0.0
-9.0,-9.0,-9.0,-9.0,-9.0,-9.0,-9.0,-9.0,-9.0,-9.0,-9.0,-9.0,-9.0,-9.0,-9.0,-9.0,-9.0,-9.0,-9.0,-9.0,-9.0,-9.0,-9.0,0.0
85.0,282.6655,4.0,72.0,23.0,0.0,0.0,100.0,-7.0,7.0,8.0,19.386349,2.0,36.0,0.0,0.0,0.0,15.871352,77.884445,3.0,2.0,0.0,64.0,0.0
64.0,185.0366,10.0,78.32737,18.47025,0.0,0.0,96.0,-7.0,0.8398461,6.0,24.0,1.0,82.902626,22.371096,0.0,0.0,0.0,73.23522,1.0,2.0,0.0,50.0,0.0
81.953445,272.51068,16.0,129.1762,21.0,0.0,0.0,98.0,18.029594,6.0,6.0,18.0,0.0,15.6038685,-7.0,0.0,0.0,14.5443945,31.32795,4.0,2.0,1.0,47.844784,0.0
77.0,188.95723,5.0,69.76595,23.81312,0.0,0.0,100.0,-7.0,7.0,8.0,24.0,1.0,76.627975,21.698229,0.0,0.0,71.45763,91.07415,3.0,4.0,1.0,100.0,0.0
81.0,428.29407,4.0,115.62053,27.0,0.0,0.0,96.0,32.104267,6.0,6.0,35.232265,1.0,38.76365,21.365349,0.0,0.0,35.70124,65.5378,7.0,2.0,1.0,60.0,0.0
86.0,586.87976,3.0,107.1827,27.0,0.0,0.0,94.0,53.38986,6.0,6.0,28.13221,1.0,47.0,7.0,1.0,1.0,11.0,-8.0,3.0,4.0,0.0,60.0,0.0
64.0,141.4708,13.398775,95.58592,16.0,0.0,0.0,82.87433,5.0627594,6.0,5.9265947,19.0,0.0,11.0,0.0,2.0,2.0,66.1033,-8.0,3.0,-8.0,1.0,35.924385,0.0
83.700424,418.67963,1.0,80.72137,28.0,0.0,0.0,100.0,-7.0,7.0,8.0,32.870552,3.0,11.712944,2.0,2.0,1.0,11.0,42.824184,3.0,1.0,0.0,43.0,0.0
72.0,176.01872,4.0,84.0,39.0,1.0,1.0,94.0,9.496433,4.0,3.0,40.112114,2.0,68.65953,9.532225,0.0,0.0,4.732022,76.0,2.7267609,2.0,0.0,62.545944,0.0
-9.0,-9.0,-9.0,-9.0,-9.0,-9.0,-9.0,-9.0,-9.0,-9.0,-9.0,-9.0,-9.0,-9.0,-9.0,-9.0,-9.0,-9.0,-9.0,-9.0,-9.0,-9.0,-9.0,0.0
-9.0,-9.0,-9.0,-9.0,-9.0,-9.0,-9.0,-9.0,-9.0,-9.0,-9.0,-9.0,-9.0,-9.0,-9.0,-9.0,-9.0,-9.0,-9.0,-9.0,-9.0,-9.0,-9.0,0.0
79.0,212.98773,18.694675,94.0,36.0,0.0,0.0,100.0,-7.0,7.0,8.0,39.813713,0.0,67.22499,13.311603,0.0,0.0,0.0,66.5228,1.0,6.0,0.0,85.555,0.0
83.0,318.2381,8.509084,105.15368,27.0,0.0,0.0,100.0,-7.0,7.0,8.0,29.96201,0.0,10.695062,-7.0,0.0,0.0,18.0649,-8.0,6.0,1.0,0.0,60.0,0.0
73.0,432.1471,27.20028,116.999664,17.0,0.0,0.0,100.0,-7.0,7.0,8.0,29.024904,0.0,33.0,-8.0,0.0,0.0,65.77236,-8.0,1.0,2.0,0.0,41.258392,0.0
84.0,208.1245,7.0,91.86112,28.13293,0.0,0.0,100.0,-7.0,7.0,8.0,36.01676,2.774997,11.19696,9.0,0.0,0.0,10.0,45.74645,8.0,1.0,0.0,50.0,0.0
73.79289,140.29343,3.0,61.0,36.570858,0.0,0.0,100.0,-7.0,7.0,8.0,38.0,4.0,20.328493,-3.3281715,1.0,1.0,31.721498,65.63347,4.0,2.0,1.0,40.0,0.0
88.0,269.9447,31.887161,128.21028,21.0,0.0,0.0,100.0,-7.0,7.0,8.0,23.0,0.0,28.0,0.0,0.0,0.0,1.0,-8.0,1.0,2.0,0.0,40.0,0.0
85.0,290.35226,2.0,93.0,16.0,0.0,0.0,100.0,-7.0,7.0,8.0,18.0,2.0,33.0,0.0,1.0,1.0,9.0,93.80714,4.0,2.0,1.0,67.0,0.0
61.914326,191.43822,5.0,59.611706,22.0,0.0,0.0,83.073654,-7.0,4.0,6.0,24.0,5.0,21.0,0.05039753,0.0,0.0,21.0,80.18749,5.0,3.0,3.0,50.0,0.0
-9.0,-9.0,-9.0,-9.0,-9.0,-9.0,-9.0,-9.0,-9.0,-9.0,-9.0,-9.0,-9.0,-9.0,-9.0,-9.0,-9.0,-9.0,-9.0,-9.0,-9.0,-9.0,-9.0,0.0
75.0,148.77972,7.0,84.330765,36.0,0.0,0.0,100.0,-7.0,7.0,8.0,47.69982,3.0,32.0,0.0,4.0,3.5767388,33.8138,-8.0,5.9744997,-8.0,0.0,41.399117,0.0
74.0,234.12411,3.0,89.430984,37.13088,0.0,0.0,100.0,-7.0,7.0,8.0,40.43572,2.0,34.642166,-4.4743757,0.0,0.0,32.81446,109.06685,9.0,4.0,1.0,100.0,0.0
85.0,194.02206,22.26903,87.668976,14.0,0.0,0.0,100.0,-7.0,7.0,8.0,14.0,0.0,16.453144,2.0,0.0,0.0,10.0,-8.0,1.0,2.0,0.0,56.0,0.0
83.61147,341.2434,3.0,128.352,37.017586,0.0,0.0,100.0,-7.0,7.0,8.0,26.0,1.0,32.49783,9.982899,0.0,0.0,3.0,15.56179,3.0,2.0,0.0,30.544416,0.0
73.0,411.47263,3.0,98.6412,25.624386,1.0,1.0,91.0,7.108255,6.0,2.0,29.0,2.0,20.0,5.0,1.0,1.0,56.04898,39.53618,4.0,2.0,3.0,55.344772,0.0
72.0,174.44026,8.0,187.14438,13.0,2.0,1.0,79.3692,60.321438,6.0,2.0,15.516713,1.0,13.0,0.0,2.0,2.0,36.0,-8.0,2.0,-8.0,0.0,88.41578,0.0
75.0,124.804184,4.0,73.15868,19.153187,0.0,0.0,100.0,-7.0,7.0,8.0,16.0,2.0,41.0,6.271136,2.0,1.0,43.616318,83.164474,5.0,3.0,1.0,96.496864,0.0
83.0,197.7031,16.0,90.0,27.0,0.0,0.0,100.0,-7.0,7.0,8.0,29.0,0.0,33.0,17.074867,0.0,0.0,17.064423,-8.0,4.0,2.0,0.9831369,57.0,0.0
72.0,176.42928,3.0,64.45274,12.115157,0.0,0.0,89.0,22.657272,6.0,6.0,15.0,1.2295936,20.0,0.0,1.0,1.0,17.0,-8.0,3.0,1.0,0.0,50.0,0.0
85.0,193.76987,4.0,75.0,25.0,0.0,0.0,100.0,-7.0,7.0,8.0,26.0,1.0,68.91788,0.0,1.0,1.0,0.0,46.481853,1.0,2.0,0.0,67.0,0.0
70.0,229.67625,8.0,76.052086,21.0,1.0,1.0,95.0,4.6244707,4.0,4.0,11.0,0.0,35.668545,0.0,0.0,0.0,26.81115,-8.0,7.6773067,2.0,0.0,94.41289,0.0
79.0,209.4306,1.0,70.29668,15.0,0.0,0.0,90.0,1.0340855,4.0,6.0,18.0,1.0,41.0,2.0,0.0,0.0,12.331752,-8.0,3.0,2.0,0.0,50.96785,0.0
83.0,101.266464,2.0,52.123314,27.0,0.0,0.0,100.0,-7.0,7.0,8.0,30.0,1.0,18.0,0.0,0.0,0.0,2.0,98.93766,2.0,2.0,0.0,48.10114,0.0
-9.0,-9.0,-9.0,-9.0,-9.0,-9.0,-9.0,-9.0,-9.0,-9.0,-9.0,-9.0,-9.0,-9.0,-9.0,-9.0,-9.0,-9.0,-9.0,-9.0,-9.0,-9.0,-9.0,0.0
74.70832,225.0605,2.5466254,85.68563,40.57252,0.0,0.0,100.0,-7.0,7.0,8.0,37.351265,5.0,18.679155,0.0,2.0,1.0,27.789057,-8.0,7.0,2.0,0.0,44.8002,0.0
87.0,307.84064,5.0,89.49172,20.0,0.0,0.0,100.0,-7.0,7.0,8.0,21.0,2.0,41.0,8.0,0.0,0.0,0.0,-8.0,1.0,1.0,0.0,41.36928,0.0
77.0,184.56201,0.44418153,91.039116,18.0,0.0,0.0,93.0,23.26207,6.0,6.0,27.0,2.0,21.0,1.0,1.0,1.0,13.0,-8.0,3.0,1.0,0.0,43.0,0.0
85.0,449.07498,4.0,91.09304,43.56953,0.0,0.0,100.0,-7.0,7.0,8.0,54.013725,3.0,30.0,-7.396244,2.0,2.0,4.0,33.716873,3.0,2.0,0.0,33.46545,0.0
79.0,243.41876,12.0,88.67461,28.0,0.0,0.0,100.0,-7.0,7.0,8.0,34.0,0.0,41.0,0.0,0.0,0.0,53.842686,93.43003,3.0,2.0,0.0,57.88192,0.0
65.0,122.61179,12.0,86.22395,12.0,0.0,0.0,75.785324,1.1766688,6.0,6.0,-7.3811703,0.0,22.0,-7.0,0.0,0.0,-9.0,-8.0,-9.0,1.0,-9.0,50.0,0.0
82.0,286.6001,2.0,68.81937,44.22814,0.0,0.0,94.09038,36.85295,6.0,6.0,54.07801,3.0,23.461803,-7.0,2.0,1.0,4.0,78.93621,7.0,3.0,0.0,50.0,0.0
91.0,122.03555,21.690802,108.22771,4.3108697,0.0,0.0,100.0,-7.0,7.0,8.0,9.235643,0.0,3.2440286,-7.0,0.0,0.0,0.0,-8.0,1.0,2.0,0.0,50.0,0.0
86.0,247.34305,4.0,65.0,15.0,0.0,0.0,100.0,-7.0,7.0,8.0,17.0,3.0,27.08502,1.0,3.309696,3.0,1.0,-8.0,3.2193274,2.0,0.0,56.0,0.0
90.450226,340.45743,4.0,107.9065,18.0,0.0,0.0,100.0,-7.0,7.0,8.0,19.0,1.0,27.891163,0.0,1.0,1.0,0.0,46.52231,4.0,2.0,0.0,65.180786,0.0
82.97356,173.38849,3.2997842,47.042812,19.0,0.0,0.0,100.0,-7.0,7.0,8.0,26.0,2.690986,20.0,2.0,1.0,1.0,10.19621,-8.0,2.0,1.0,0.0,33.0,0.0
72.0,432.96277,5.0,121.47465,19.0,1.0,1.0,93.0,24.343315,5.0,5.0,20.0,1.0,24.56035,9.0,0.0,0.0,12.0,34.0454,4.0,1.0,0.0,53.21513,0.0
71.41824,320.94473,1.0118471,97.0,42.5655,0.0,0.0,96.0,11.575119,6.0,6.0,53.1302,3.0,27.0,0.0,2.0,2.0,24.11444,-8.0,5.0,1.0,2.0,51.364235,0.0
91.0,395.7285,4.0,91.072945,14.0,0.0,0.0,100.0,-7.0,7.0,8.0,15.0,1.0,7.65171,0.0,2.0,2.0,3.0,-8.0,3.0,-8.0,0.0,44.0,0.0
71.0,164.81137,9.0,66.253365,26.0,0.0,0.0,100.0,-7.0,7.0,8.0,27.0,2.0,14.886468,0.0,1.0,1.0,46.76362,93.51426,5.362428,2.0,3.5786169,50.0,0.0
70.18806,209.54448,3.0,46.32624,17.0,0.0,0.0,100.0,-7.0,7.0,8.0,21.54088,3.0,52.015476,13.287095,0.0,0.0,18.110807,94.24203,2.0,2.0,1.0,50.76341,0.0
-9.0,-9.0,-9.0,-9.0,-9.0,-9.0,-9.0,-9.0,-9.0,-9.0,-9.0,-9.0,-9.0,-9.0,-9.0,-9.0,-9.0,-9.0,-9.0,-9.0,-9.0,-9.0,-9.0,0.0
69.81591,125.51689,2.0,46.544327,22.0,1.0,0.40896803,92.0,51.021008,6.0,5.7977085,30.0,10.752658,8.371077,1.0,2.0,2.0,1.0,9.012501,4.0,2.0,2.0,29.66531,0.0
79.0,134.87163,2.0,67.0,32.32999,0.0,0.0,96.0,31.843859,6.0,6.0,33.806274,2.0,16.303448,2.0,1.0,1.0,3.0,-8.0,3.0,2.0,0.0,25.500975,0.0
78.0,353.6965,5.0,71.35733,18.0,0.0,0.0,93.15563,22.902296,6.0,6.0,27.0,4.0,18.12813,2.0,0.76331204,0.0,5.0,-8.0,4.0,-8.0,0.0,31.98771,0.0
80.0,130.45543,2.0,72.88448,31.0,0.0,0.0,100.0,-7.0,7.0,8.0,-3.402426,3.0,26.001526,11.548409,0.0,0.0,14.822918,64.459305,7.0,2.0,0.0,73.0,0.0
83.0,99.47325,4.0,61.194633,21.168472,0.0,0.0,100.0,-7.0,7.0,8.0,24.0,2.0,36.03877,0.0,1.0,1.0,1.7055553,60.2256,2.0,3.0,0.0,64.2459,0.0
79.0,116.89649,7.0,63.0,18.0,0.0,0.0,100.0,-7.0,7.0,8.0,20.0,1.0,77.34065,0.0,0.0,0.0,21.0,80.0,1.0,5.8844166,0.0,83.0,0.0
89.0,368.80402,20.0,204.98328,14.0,0.0,0.0,91.0,43.347237,6.0,6.0,7.1629963,0.0,35.0,0.0,0.0,0.0,1.0,-8.0,2.0,2.0,0.0,64.191956,0.0
79.0,119.671486,20.0,55.57989,13.0,0.0,0.0,100.0,-7.0,7.0,8.0,14.0,0.0,55.139923,-7.0,0.0,0.0,11.164697,81.18329,2.0,3.0,0.0,100.0,0.0
82.93469,84.914185,6.0,81.429756,27.016743,0.0,0.0,100.0,-7.0,7.0,8.0,13.0,3.0,42.0,0.0,3.0,3.0,7.7529507,96.3372,2.0,3.0,0.0,40.0,0.0
-9.0,-9.0,-9.0,-9.0,-9.0,-9.0,-9.0,-9.0,-9.0,-9.0,-9.0,-9.0,-9.0,-9.0,-9.0,-9.0,-9.0,-9.0,-9.0,-9.0,-9.0,-9.0,-9.0,0.0
73.0,226.32541,7.7303696,83.0,29.9305,1.0,0.0,100.0,4.0,0.0,6.0,32.88718,2.0,41.83896,-8.0,0.0,0.0,55.882526,92.67352,2.0,5.0,0.0,75.0,0.0
73.71845,108.95196,4.0,70.0,44.13789,0.0,0.0,100.0,-7.0,7.0,8.0,43.19143,5.0,67.890045,1.0,2.0,1.0,10.0,85.27902,6.0,6.5930786,0.0,89.27794,0.0
86.0,202.5575,17.194107,107.955246,32.0,0.0,0.0,100.0,-7.0,7.0,8.0,42.301544,0.0,18.0,-7.0,1.0,1.0,6.227111,-8.0,3.0,1.0,0.0,43.73106,0.0
76.0,181.18575,2.0,81.0,33.0,0.0,0.0,100.0,-7.0,7.0,8.0,34.0,1.130297,33.0,0.0,1.0,1.0,26.82392,69.85598,2.0,2.0,2.0,56.479225,0.0
79.0,357.01102,2.0,94.0,24.0,0.0,0.0,100.0,-7.0,7.0,8.0,26.0,1.0,25.136938,0.0,4.0,3.0,21.0,48.571297,8.0,2.0,2.0,75.0,0.0
66.0,231.0138,6.0,72.564316,18.0,2.0,0.0,88.0,1.4371829,0.64165294,4.0,17.0,1.0,14.0,14.662232,0.0,0.0,52.90775,-8.0,4.0,1.0,1.0,89.3495,0.0
63.0,232.73863,16.0,84.02132,25.0,1.0,1.0,92.97333,-7.0,-9.0,2.0,23.0,0.0,30.511883,11.021706,0.0,0.0,2.0,48.974983,2.0,2.0,0.0,55.761024,0.0
73.0,131.0364,8.0,59.461136,19.248865,0.0,0.0,100.0,-7.0,7.0,8.0,17.708189,1.0,50.0,0.0,1.0,1.0,41.754997,99.8497,4.0,2.0,0.0,86.0,0.0
85.0,235.1033,2.0,107.493416,48.35208,0.0,0.0,97.0,31.56,6.0,6.0,47.55847,2.0,24.0,2.044833,1.0,1.0,2.0,80.0,4.0,3.0,0.0,33.815514,0.0
87.0,280.46002,4.0,81.6971,12.0,0.0,0.0,100.0,-7.0,7.0,8.0,12.0,1.0,28.71707,-8.0,0.0,0.0,0.0,-8.0,1.0,1.0,0.0,35.793472,0.0
70.22617,353.35202,4.0,74.65625,41.621407,0.0,0.0,99.47394,30.01195,6.0,6.0,44.041164,3.0,27.0,0.0,2.0,2.0,30.934923,89.80877,8.0,4.0,2.0,80.0,0.0
57.817745,220.02162,3.0,83.27938,20.0,0.0,0.0,85.799484,4.0882554,6.0,5.0,25.0,2.0,29.0,0.0,1.0,0.0,65.78744,127.00704,8.0,4.829845,3.8021712,78.0,0.0
85.0,399.2023,8.0,126.7207,12.0,0.0,0.0,100.0,-7.0,7.0,8.0,13.303146,2.0,25.905483,-7.0,0.0,0.0,13.807971,-8.0,4.0,2.0,0.0,100.0,0.0
68.0,-9.0,5.0,29.026154,17.0,0.0,0.0,94.0,65.880356,6.0,6.0,21.0,4.0,50.0,0.0,3.0,3.0,26.790062,-8.0,2.0,3.0,0.0,100.0,0.0
74.0,443.7894,9.0,114.56669,33.0,1.0,0.0,96.0,58.75925,6.0,5.0,37.576653,1.0,77.51523,0.0,2.0,2.0,22.94117,70.48226,2.0,6.1666927,0.0,78.82631,0.0
86.0,75.96993,51.86976,141.2066,11.0,0.0,0.0,100.0,-7.0,7.0,8.0,12.29393,0.0,31.0,0.0,0.0,0.0,13.07844,-8.0,3.0,1.0,0.0,83.0,0.0
69.675865,139.97083,1.0,56.980904,27.344591,0.0,0.0,91.232895,2.1423497,6.0,6.0,28.0,3.0,38.0,4.0,0.0,0.0,30.347988,79.86711,5.0,4.078413,0.0,64.0,0.0
71.0,277.1331,5.0,144.1524,7.0,0.0,0.0,69.9119,9.881093,6.0,5.5795074,11.78693,1.0,19.0,0.0,1.0,1.0,9.0,-8.0,3.0,1.0,0.0,73.0,0.0
84.0,261.66476,24.897305,106.70093,16.0,0.0,0.0,93.0,38.149334,6.0,6.0,22.0,0.0,38.0,0.0,1.0,0.0,1.0,18.869251,1.0,3.0,0.0,50.0,0.0
67.08183,170.08554,8.066636,58.0,39.0,0.0,0.0,100.0,-7.0,7.0,8.0,34.70407,0.0,24.0,0.0,2.0,1.8361713,59.447117,80.0,5.0,4.0,2.0,52.589657,0.0
78.13231,82.35966,23.631704,43.7396,6.0,0.0,0.0,100.0,-7.0,7.0,8.0,5.8782253,0.0,30.0,-7.0,0.0,0.0,66.1396,-8.0,1.0,1.0,1.0,71.0,0.0
84.0,342.209,15.407552,86.286385,21.0,0.0,0.0,100.0,-7.0,7.0,8.0,20.623909,0.0,35.603203,0.0,1.0,1.0,14.0,50.195095,4.0,1.0,0.0,54.681915,0.0
80.0,229.4098,15.998667,93.139404,30.0,0.0,0.0,100.0,-7.0,7.0,8.0,30.0,0.0,22.0,6.7401457,1.0,1.0,29.600098,24.226606,2.0,2.0,1.0,38.0,0.0
68.0,83.84464,6.0,67.96067,27.478071,0.0,0.0,94.0,18.73958,6.0,5.0,26.056278,3.0,25.323168,2.0,0.0,0.0,64.35029,98.60228,4.0,7.4336867,2.0,74.483574,0.0
88.0,-8.085955,3.0,80.3048,18.610321,0.0,0.0,100.0,-7.0,7.0,8.0,6.3312273,2.0,57.42614,0.0,2.0,2.0,5.0,82.0,2.0,3.0,0.0,88.0,0.0
91.0,212.47762,5.0,121.41413,15.0,0.0,0.0,100.0,-7.0,7.0,8.0,16.911827,2.0,39.62053,0.0,0.0,0.0,1.0,100.0,1.0,2.0,0.0,43.283905,0.0
73.0,154.61215,1.0,104.46644,30.0,0.0,0.0,100.0,-7.0,7.0,8.0,18.0,2.0,39.0,0.0,0.0,0.0,46.82344,86.24086,9.0,4.0,4.731712,75.0,0.0
75.0,169.82198,7.0,76.0,11.0,0.0,0.0,82.30843,23.475845,6.0,6.0,15.0,1.8647349,27.361143,0.0,1.0,1.0,35.511856,62.573074,3.0,2.0,0.0,63.0,0.0
-9.0,-9.0,-9.0,-9.0,-9.0,-9.0,-9.0,-9.0,-9.0,-9.0,-9.0,-9.0,-9.0,-9.0,-9.0,-9.0,-9.0,-9.0,-9.0,-9.0,-9.0,-9.0,-9.0,0.0
68.384254,173.38722,7.0,61.0,16.096983,1.0,0.0,76.94283,1.8513262,4.0,6.0,18.0,2.0,59.85787,0.0,0.0,0.0,14.35869,93.0,3.0,4.0,0.0,60.0,0.0
82.0,-4.0445447,1.0,51.549995,23.0,0.0,0.0,100.0,-7.0,7.0,8.0,27.178736,3.0,33.0,-7.0,2.0,2.0,3.0,86.84789,2.0,2.0,0.0,50.0,0.0
73.0,176.83342,6.0,84.0,15.0,0.0,0.0,100.0,-7.0,7.0,8.0,17.0,2.0,47.0,3.0,0.0,0.0,60.33546,-8.0,4.0,1.0,2.0,88.0,0.0
83.503784,216.259,4.0,98.91971,15.0,0.0,0.0,100.0,-7.0,7.0,8.0,14.600051,2.0,33.0,0.0,0.0,0.0,7.0,81.434654,4.0,3.0,1.0,82.5,0.0
87.0,106.73545,2.0,63.0,17.0,0.0,0.0,100.0,-7.0,7.0,8.0,5.5042276,2.0,24.0,1.0,1.0,1.0,6.0,99.747604,1.0,2.0,0.0,63.0,0.0
82.292114,404.10764,10.0,297.55057,24.0,0.0,0.0,95.0,-8.920438,6.0,6.0,29.0,1.0,21.122114,13.404844,0.0,0.0,2.9974194,98.426025,6.0,2.0,0.0,55.918213,0.0
72.0,152.38774,9.0,81.85278,13.043483,0.0,0.0,85.27394,53.756355,6.0,6.0,9.0,2.0,98.63918,0.0,1.0,1.0,-2.2704773,96.059845,-9.0,6.0,0.0,67.0,0.0
-9.0,296.43234,2.0,79.144844,25.0,2.0,0.0,61.498356,-7.0,-8.449896,5.0,30.874176,5.0,-9.0,21.61915,0.0,0.0,36.93731,-8.0,4.0,1.0,1.0,65.79124,0.0
65.0,199.59946,2.0,75.076126,45.33378,0.0,0.0,95.320724,12.658141,6.0,6.0,46.905308,4.0,59.37866,12.683276,1.0,1.0,43.223045,91.0,7.0,2.0,0.0,100.0,0.0
89.0,160.98608,4.0,107.93659,13.0,0.0,0.0,94.0,40.858055,6.0,6.0,12.0,1.0,14.155635,0.0,1.0,1.0,0.0,-8.0,2.0,-8.0,0.0,34.293846,0.0
60.20972,220.86646,1.0,54.097675,30.0,0.0,0.0,100.0,-7.0,7.0,8.0,30.0,10.834326,40.0,0.0,3.9712799,3.0,80.304146,72.20191,11.0,3.0,2.0,84.07137,0.0
64.71999,170.96657,19.561588,70.44755,36.92266,0.0,0.0,95.0,2.1191924,4.0,6.0,35.466797,0.0,44.0,0.0,3.0,3.0,54.210022,19.741022,5.0,2.0,3.0,50.0,0.0
-9.0,-9.0,-9.0,-9.0,-9.0,-9.0,-9.0,-9.0,-9.0,-9.0,-9.0,-9.0,-9.0,-9.0,-9.0,-9.0,-9.0,-9.0,-9.0,-9.0,-9.0,-9.0,-9.0,0.0
76.96925,85.49275,1.0,54.52964,15.0,1.0,0.0,84.76841,49.500427,6.0,5.0,17.041294,2.0,-9.0,0.0,3.0,2.7497113,1.0,49.92566,1.0,1.0,0.0,41.965313,0.0
87.8499,326.1609,2.8267362,122.14228,18.0,0.0,0.0,100.0,-7.0,7.0,8.0,23.599669,1.0,38.975098,4.0,0.0,0.0,0.0,98.89081,1.0,2.0,0.0,50.0,0.0
81.0,149.32187,4.0,67.0,39.0,0.0,0.0,95.0,64.77938,6.0,6.0,51.194317,3.0,50.92718,2.0,2.0,2.0,4.0,28.219805,1.0,2.0,0.0,50.0,0.0
89.71598,258.3694,25.700333,94.71685,5.577764,0.0,0.0,100.0,-7.0,7.0,8.0,7.0,0.0,20.0,1.0,0.0,0.0,0.0,-8.0,1.0,1.0,0.0,39.155663,0.0
72.0,124.686005,4.0,45.568054,23.0,0.0,0.0,100.0,-7.0,7.0,8.0,30.0,1.0,61.936947,18.001017,0.0,0.0,76.78288,79.555435,3.0,4.0,0.0,78.0,0.0
92.97008,240.24223,48.87211,120.877914,15.0,0.0,0.0,100.0,-7.0,7.0,8.0,18.0,0.0,11.576139,-8.762869,0.0,0.0,2.0,-8.0,2.0,1.0,0.0,50.0,0.0
85.0,380.92978,7.0,82.0,21.0,0.0,0.0,100.0,-7.0,7.0,8.0,20.0,2.0,19.0,-8.0,0.0,0.0,9.142529,-8.0,4.0,-8.0,0.0,49.25885,0.0
81.0,196.18932,13.0,119.04904,28.0,0.0,0.0,94.0,47.636135,6.0,6.0,27.653814,0.0,37.26803,0.0,0.0,0.0,0.0,-8.0,2.0,1.0,0.0,60.0,0.0
83.0,187.98145,3.0098329,76.0,14.0,0.0,0.0,100.0,-7.0,7.0,8.0,14.0,1.0,26.0,6.0,1.0,1.0,36.0,67.25159,2.0,3.0,0.0,74.02483,0.0
65.990524,309.20755,1.0,65.0,43.657703,0.0,0.0,100.0,-7.0,7.0,8.0,49.38825,5.897987,17.609095,-7.0,0.0,1.0,63.57574,79.456314,9.0,3.0,4.1525707,80.0,0.0
87.0,215.07574,29.494862,111.72683,16.0,0.0,0.0,98.0,0.28603414,6.0,6.0,16.0,0.0,36.0,0.0,1.0,1.0,0.0,7.229061,2.0,1.0,0.0,88.0,0.0
78.0,187.80923,6.0,65.04077,21.0,0.0,0.0,93.0,3.0,4.0,6.0,20.65863,2.0,22.0,1.0,1.0,1.0,2.0,23.062086,2.0,2.415732,0.0,38.0,0.0
85.0,251.62247,9.0,94.187775,22.0,0.0,0.0,100.0,-7.0,7.0,8.0,20.778532,1.0,58.206596,0.0,1.0,1.0,11.0,31.774738,3.0,2.0,0.0,57.01671,0.0
85.22246,178.98322,4.0,84.52154,29.0,0.0,0.0,100.0,-7.0,6.0,8.0,42.847607,1.0,89.77517,-7.0,0.0,0.0,28.372866,70.89605,2.0,7.618969,0.0,100.0,0.0
85.68937,192.0144,7.0,84.254,14.0,0.0,0.0,100.0,-7.0,7.0,8.0,16.0,1.0,12.020072,18.436201,0.0,0.0,20.302559,66.683495,1.0,1.0,0.0,47.854774,0.0
64.0,102.27845,2.0,48.188442,25.0,1.0,1.0,100.0,-7.0,7.0,8.0,26.0,6.0,41.318336,0.0,5.0,5.0,61.688007,96.59228,6.0,3.2631798,2.0,87.70358,0.0
92.46633,487.66116,25.756565,194.94652,3.874664,0.0,0.0,100.0,-7.0,7.0,8.0,5.602951,0.0,-9.0,0.0,0.0,0.0,2.0,-8.0,1.0,-8.0,0.0,20.335005,0.0
89.0,415.60828,11.0,311.3403,12.0,0.0,0.0,100.0,-7.0,7.0,8.0,19.0,0.0,27.0,16.731888,0.0,0.0,5.0,-8.0,2.0,1.0,0.0,56.152313,0.0
61.501892,282.46362,2.0,61.0,27.0,1.0,0.54685843,86.06835,1.0,-9.0,5.0,34.0,2.0,27.0,0.0,3.0,3.0,52.19394,-8.0,4.0,3.0,0.0,63.058258,0.0
83.0,162.53519,14.907136,70.0,25.0,0.0,0.0,98.0,7.453218,6.0,6.0,24.0,0.0,54.399136,-8.0,1.0,0.0,0.0,88.36666,1.0,2.0,0.0,36.578083,0.0
63.0,107.89386,6.0,-9.0,12.0,2.0,0.0,83.649124,62.205124,6.0,3.0,16.0,2.0,73.84576,0.0,1.0,1.0,50.69258,70.965614,1.0,2.0,1.0,67.0,0.0
81.0,134.57642,11.3440275,68.381386,24.199293,0.0,0.0,100.0,-7.0,7.0,8.0,22.33241,1.0,17.287483,21.434381,0.0,0.0,13.034093,73.292175,4.0,2.0,0.0,60.0,0.0
86.649635,420.07266,8.0,114.84708,22.0,0.0,0.0,97.0,37.86655,6.0,6.0,25.508743,1.0,55.3616,-7.0,0.0,0.0,20.982424,68.2209,4.0,3.0,0.0,71.0,0.0
62.336582,-8.0,10.0,70.40394,32.0,1.0,1.0,96.0,10.330882,5.0,2.0,6.171353,2.0,27.826479,0.0,1.0,1.0,37.300972,35.022316,19.365417,4.0,4.0,91.24631,0.0
76.0,180.07811,4.0,80.0,35.08204,0.0,0.0,100.0,-7.0,7.0,8.0,29.0,2.0,30.0,6.0483866,1.0,0.23762085,32.050232,9.671858,8.048543,1.0,0.0,54.014397,0.0
-9.0,-9.0,-9.0,-9.0,-9.0,-9.0,-9.0,-9.0,-9.0,-9.0,-9.0,-9.0,-9.0,-9.0,-9.0,-9.0,-9.0,-9.0,-9.0,-9.0,-9.0,-9.0,-9.0,0.0
81.3621,334.3777,8.0,105.81827,44.00224,0.0,0.0,100.0,-7.0,7.0,8.0,43.25313,2.0,22.0,-7.0,0.0,0.0,1.0,-8.0,5.0,1.0,0.0,29.901999,0.0
84.0,185.3376,16.0,94.742645,13.0,0.0,0.0,100.0,-7.0,7.0,8.0,13.0,0.0,35.0,-7.0,2.0,1.0,1.0,71.69813,2.0,2.0,0.0,80.0,0.0
81.0,306.3742,2.0,74.086624,17.258228,0.0,0.0,100.0,-7.0,7.0,8.0,16.0,1.6932884,41.0,0.0,1.0,1.0,47.69107,88.0,2.0,3.0,0.0,50.0,0.0
67.0,60.144627,4.0,-9.0,12.0,0.0,0.0,89.11887,27.413198,4.0,6.0,10.0,2.0,46.75461,0.0,0.0,0.0,21.0,93.0,3.0,4.0,0.0,67.0,0.0
73.49708,53.80785,-3.2215338,40.814377,30.131947,0.0,0.0,100.0,-7.0,7.0,8.0,32.38079,3.0,35.0,0.0,5.412272,5.8303156,18.31721,94.42548,4.0,4.0,0.0,67.765144,0.0
87.0,233.70766,1.0,79.0,24.0,0.0,0.0,100.0,-7.0,7.0,8.0,24.0,1.0,8.193572,0.0,0.0,0.0,1.0,59.84961,3.0,2.0,0.0,20.102074,0.0
68.878044,280.72592,-9.0,77.66115,36.95639,1.0,0.0,96.08496,4.773489,6.0,5.0,35.01916,4.0,12.083124,1.0,1.0,1.0,25.552967,82.0,5.0,2.0,1.0,43.0,0.0
65.97938,187.22917,3.0,58.0,18.0,0.0,0.0,100.0,-7.0,7.0,8.0,19.0,1.0,24.0,0.0,1.0,1.0,61.17181,-8.0,5.0,3.0,3.0,72.9693,0.0
82.0,101.442375,10.564273,82.0,18.0,0.0,0.0,100.0,-7.0,7.0,8.0,20.0,0.0,54.949596,0.0,0.0,0.0,21.0,-8.0,1.0,1.0,0.0,83.0,0.0
-9.0,-9.0,-9.0,-9.0,-9.0,-9.0,-9.0,-9.0,-9.0,-9.0,-9.0,-9.0,-9.0,-9.0,-9.0,-9.0,-9.0,-9.0,-9.0,-9.0,-9.0,-9.0,-9.0,0.0
77.0,182.10622,4.0,21.18397,10.0,0.0,0.0,100.0,-7.0,7.0,8.0,11.526372,2.0,24.0,0.0,3.0,3.041259,16.0,93.0,3.0,2.0,1.0,60.0,0.0
77.38687,131.1559,23.857067,94.009155,21.0,0.0,0.0,100.0,-7.0,7.0,8.0,21.0,0.0,43.0,-8.0,1.0,1.0,19.0,81.71713,3.0,5.0,1.0,75.0,0.0
89.0,168.63983,8.0,99.39965,14.0,0.0,0.0,100.0,-7.0,7.0,8.0,9.0,2.0,17.0,0.0,2.0,1.8819509,5.136147,-8.0,2.0,-8.0,0.0,50.0,0.0
70.0,320.72766,4.0,98.641815,32.70225,0.0,0.0,97.0,-7.0,5.6370773,6.0,34.0,2.0,30.0,0.0,0.0,0.0,32.0,91.0,9.170773,3.0,1.0,67.0,0.0
74.0,299.5175,5.0,65.0,21.511389,0.0,0.0,100.0,-7.0,7.0,8.0,22.0,3.0,24.0,0.0,6.2026525,5.8133597,11.0,71.17355,5.0,4.0,0.0,50.292843,0.0
73.0,164.94937,3.0,58.0,15.0,0.0,0.0,77.37137,16.802841,6.0,6.0,16.0,2.0,24.0,2.0,2.0,2.0,24.637539,-8.0,6.0,1.0,0.0,77.00763,0.0
78.0,218.15004,22.890396,118.80557,20.0,2.0,0.0,88.0,75.04603,6.0,2.0,22.924458,0.0,29.0,-7.0,0.0,0.0,46.024727,48.023197,1.0,1.0,1.0,50.0,0.0
86.0,97.60293,22.793379,80.0,13.0,0.0,0.0,100.0,-7.0,7.0,8.0,10.0,0.0,46.382526,0.0,0.0,0.0,17.0,-8.0,1.0,-8.0,0.0,38.428913,0.0
76.379944,352.0507,32.8183,116.16684,11.0,1.0,1.0,83.63527,33.111675,6.0,5.0,11.827359,0.0,80.06771,-7.0,0.0,0.0,0.0,78.49862,-9.0,3.0,0.0,50.0,0.0
66.97322,188.07025,3.0,75.55854,27.0,4.807907,0.0,70.54131,19.241877,5.0,5.0,47.96256,2.0,58.213913,4.0,2.0,2.0,1.0,5.5192695,1.0,5.0,0.0,50.0,0.0
71.0,187.61159,3.0,61.661705,39.78727,0.0,0.0,93.0,4.855866,6.0,6.0,39.325146,1.0,31.0,-7.0,0.0,0.0,25.0,-8.0,1.0,1.0,0.0,41.4009,0.0
80.0,152.44525,2.0,67.0,15.0,0.0,0.0,100.0,-7.0,7.0,8.0,21.704418,2.0,35.0,19.174799,0.0,0.0,36.0,7.647903,2.0,2.0,1.0,91.366325,0.0
78.63557,213.08376,4.0,68.0,32.782246,0.0,0.0,92.92058,3.9521203,6.0,6.0,30.0,1.0,18.0,0.0,2.0,2.0,0.0,93.0,2.0,2.0,0.0,20.186172,0.0
76.21746,128.74062,2.0,27.95985,6.1622396,0.0,0.0,100.0,-7.0,7.0,8.0,8.407246,2.0,59.00175,0.0,1.0,1.0,59.917347,80.0,1.0,2.0,0.0,60.0,0.0
83.0,153.76303,3.0,49.576252,12.8000965,0.0,0.0,100.0,-7.0,7.0,8.0,14.0,1.2754935,27.0,8.66394,0.0,0.0,14.578862,-8.0,3.0,1.0,0.0,56.0,0.0
80.0,159.07256,1.0,124.53616,27.07072,0.0,0.0,100.0,-7.0,7.0,8.0,3.990738,1.0,11.808408,-8.0,0.0,0.0,51.372047,85.72352,6.0,2.0,0.0,67.0,0.0
-9.0,-9.0,-9.0,-9.0,-9.0,-9.0,-9.0,-9.0,-9.0,-9.0,-9.0,-9.0,-9.0,-9.0,-9.0,-9.0,-9.0,-9.0,-9.0,-9.0,-9.0,-9.0,-9.0,0.0
87.0,255.12585,6.0,113.68592,19.0,0.0,0.0,100.0,-7.0,7.0,8.0,19.0,1.0,22.352587,-8.0,1.0,1.0,6.0,-8.0,2.0,2.0,0.0,41.788082,0.0
75.0,343.8378,10.0,94.0,24.0,0.0,0.0,95.33556,4.0,6.0,6.0,17.624844,1.0,29.403332,23.14642,0.0,0.0,10.0,-8.0,1.0,1.0,0.0,33.0,0.0
62.0,245.40614,20.716272,81.54535,15.0,0.0,0.0,70.54196,-7.0,4.0,6.0,13.0,0.0,10.036776,8.982042,0.0,0.0,41.399704,-8.0,3.0,2.0,2.0,50.40527,0.0
75.865326,308.83365,17.0,139.39601,24.0,0.0,0.0,100.0,-7.0,7.0,8.0,14.431467,0.0,20.0,0.0,0.0,0.0,61.930824,22.288486,8.0,1.0,3.0,72.2379,0.0
61.93429,219.69063,6.0,76.0,27.0,3.6120615,0.0,66.30106,23.403118,4.0,3.9827244,30.297997,3.0,74.50827,-7.0,0.0,0.0,37.62319,49.44845,5.0,12.513923,0.0,90.433334,0.0
88.0,242.97928,11.0,90.0,14.0,0.0,0.0,100.0,-7.0,7.0,8.0,11.0,1.0,13.82445,-8.0,0.0,0.0,0.30347213,-8.0,4.0,-8.0,0.0,42.76276,0.0
90.0,364.89026,11.0,274.31628,21.0,0.0,0.0,100.0,-7.0,7.0,8.0,18.0,0.0,23.765724,0.0,1.0,1.0,0.0,-8.0,2.0,1.0,0.0,35.86731,0.0
84.0,211.646,6.0,81.0,17.0,0.0,0.0,95.0,23.952387,6.0,6.0,14.0,2.599613,42.0,3.0,1.0808046,1.0,1.0,45.974445,2.0,1.0,0.0,25.0,0.0
80.0,292.57907,188.5168,294.1117,-9.0,0.0,0.0,94.0,-7.0,6.0,6.0,-2.0980055,0.0,33.0,-7.0,0.0,0.0,11.0,-8.0,0.0,-8.0,0.0,100.0,0.0
54.89078,409.0386,4.0,83.36037,23.0,1.0,1.0,89.41234,-7.0,0.0,4.0,24.0,3.0,68.29414,0.0,2.0,2.0,47.23178,86.09677,2.0,4.0,1.0,82.5274,0.0
75.0,170.15417,3.9304981,75.0,15.6644745,0.0,0.0,100.0,-7.0,7.0,8.0,17.371357,2.0,16.400694,0.0,0.0,0.0,16.0,86.5862,5.7738037,1.0,0.0,61.013264,0.0
76.546646,207.19261,10.0,64.721214,25.0,0.0,0.0,100.0,-7.0,7.0,8.0,32.0,3.0,56.335224,0.0,0.0,0.0,37.304234,83.8998,1.0,5.0,0.6099415,67.0,0.0
-9.0,-9.0,-9.0,-9.0,-9.0,-9.0,-9.0,-9.0,-9.0,-9.0,-9.0,-9.0,-9.0,-9.0,-9.0,-9.0,-9.0,-9.0,-9.0,-9.0,-9.0,-9.0,-9.0,0.0
72.0,159.85088,13.006874,70.0,43.361855,0.0,0.0,100.0,-7.0,7.0,8.0,42.601883,0.0,44.83626,1.0,2.0,2.0,36.08897,83.58883,5.0,3.0,3.0,67.0,0.0
81.87834,221.7036,1.0,70.52199,20.0,0.0,0.0,100.0,-7.0,7.0,8.0,23.0,2.0,33.0,-7.0,0.0,0.0,12.0,-8.0,3.0,2.0,0.07636855,33.0,0.0
-9.0,-9.0,-9.0,-9.0,-9.0,-9.0,-9.0,-9.0,-9.0,-9.0,-9.0,-9.0,-9.0,-9.0,-9.0,-9.0,-9.0,-9.0,-9.0,-9.0,-9.0,-9.0,-9.0,0.0
71.0,162.31453,1.0,80.0,48.427727,0.0,0.0,100.0,-7.0,7.0,8.0,37.0,10.734697,33.0,0.0,2.0,1.0,36.0,65.21005,4.0,6.0,2.0,50.0,0.0
82.0,199.90594,6.0,63.0,21.0,0.0,0.0,100.0,-7.0,6.0,8.0,28.129606,1.0,59.67866,1.0,1.0,1.0,32.191307,79.02755,2.0,4.0,0.0,69.51232,0.0
72.6261,170.52327,2.0,110.67365,4.113223,1.0,1.0,100.0,-7.0,7.0,8.0,8.0,2.0,11.607972,3.0,0.0,0.0,28.091927,24.36972,1.0,1.0,0.0,67.0,0.0
83.0,81.67485,3.0,85.06784,12.0,0.0,0.0,100.0,-7.0,7.0,8.0,6.699536,2.0,62.884186,0.0,2.0,2.0,46.086468,94.87399,3.0,1.0,0.0,80.0,0.0
78.0,154.92833,6.0,69.10222,14.0,0.0,0.0,100.0,-7.0,7.0,8.0,11.0,1.0,14.793741,5.5479107,0.0,0.0,32.016983,-8.0,3.0,1.0,1.0,51.371956,0.0
70.0,215.57932,7.0,125.60408,16.0,1.0,1.0,92.0,4.3351083,4.0,-1.7200264,20.0,1.0,43.0,7.0,0.0,0.0,19.186094,82.603584,2.0,2.0,0.0,67.0,0.0
74.0,266.05313,19.517635,96.48341,44.64717,0.0,0.0,100.0,-7.0,7.0,8.0,54.331642,1.0,55.261066,4.0,0.0,0.0,22.990778,85.142654,8.0,4.0,1.0,78.0,0.0
81.0,117.31468,5.0,60.070816,17.0,0.0,0.0,100.0,-7.0,7.0,8.0,19.68929,1.0,33.0,0.0,2.0,2.0,16.654114,-8.0,2.0,-8.0,1.8453752,43.0,0.0
66.0,196.66342,3.0,85.300415,28.0,1.0,1.0,88.59599,10.9098625,6.0,5.0,35.515846,3.0,55.819035,0.0,2.0,2.0,49.2226,80.22499,7.0,3.0,2.0,80.0,0.0
84.0,274.62076,9.0,115.76934,19.0,0.0,0.0,100.0,-7.0,7.0,8.0,21.0,0.0,20.0,0.0,2.0,2.0,13.0,-8.0,4.0,1.0,0.0,56.0,0.0
80.0,132.55093,17.866398,71.15923,28.0,0.0,0.0,100.0,-7.0,7.0,8.0,32.0,0.0,29.0,3.194063,4.0,3.0,13.1557255,-8.0,4.0,1.0,0.0,40.0,0.0
77.0,188.0231,2.6794732,74.71205,48.376793,0.0,0.0,100.0,-7.0,7.0,8.0,49.654823,3.0,43.761734,0.0,4.0,4.0,13.342949,96.7886,6.0,5.164292,0.0,75.0,0.0
80.0,71.41546,24.640657,72.32515,15.0,0.0,0.0,100.0,-7.0,6.0,6.0,16.684963,0.0,53.81659,-7.0,1.0,0.0,4.140334,38.139244,2.0,1.0,0.0,50.0,0.0
89.0,221.74419,35.45724,118.57333,25.0,0.0,0.0,100.0,-7.0,7.0,8.0,26.537283,0.0,35.0,-4.762051,1.0,0.0,0.0,-8.0,2.0,1.0,0.0,20.586414,0.0
86.0,230.93448,1.0,84.0,41.194374,0.0,0.0,100.0,-7.0,7.0,8.0,43.51593,3.0,50.0,0.0,1.0,1.0,6.0,67.549614,3.0,1.0,0.0,50.0,0.0
84.08282,8.188154,10.133534,42.91664,8.532678,1.0,0.0,78.06991,60.791874,6.0,5.0,11.0,1.0,33.0,19.300072,0.0,0.0,0.0,-8.0,-3.4999304,1.0,0.0,43.0,0.0
82.0,170.55644,2.0,56.595608,28.327435,0.0,0.0,100.0,-7.0,7.0,8.0,30.072113,4.0,32.531654,0.0,1.0,1.0,9.0,32.26518,3.0,3.0,1.0,50.0,0.0
74.0,152.09106,3.0,58.0,30.0,0.0,0.0,100.0,-7.0,7.0,8.0,31.918615,5.0,8.244263,8.0,0.0,0.0,32.080517,-8.0,5.0,-8.0,2.0,44.0,0.0
85.0,207.39635,3.0,97.310555,19.0,0.0,0.0,92.0,-7.0,6.0,6.0,20.0,4.9581,29.0,1.0,2.0,1.0,20.91269,93.118416,4.0,4.488007,0.0,63.0,0.0
84.84153,99.28008,57.259083,111.95338,10.770988,0.0,0.0,100.0,-7.0,7.0,8.0,7.0,0.0,76.82784,-8.0,0.0,0.0,0.0,-8.0,1.0,1.0,0.0,82.75692,0.0
75.0,120.33327,22.237505,67.0,17.0,0.0,0.0,100.0,-7.0,7.0,8.0,18.531832,0.0,7.2656407,0.0,0.0,0.0,44.666588,-8.0,6.0,1.0,1.0,70.48342,0.0
81.0,189.39687,26.743782,88.8495,17.0,1.0,0.0,88.26357,71.68431,6.0,5.0,19.0,0.0,69.2605,0.0,2.0,1.0,1.0,60.17114,1.0,6.504616,0.0,63.0,0.0
84.24132,125.96127,5.0,45.941666,24.0,0.0,0.0,100.0,-7.0,7.0,8.0,21.798487,3.0,-9.0,2.0,0.0,0.0,16.37457,-8.0,3.0,1.0,0.0,30.1921,0.0
74.0,197.16035,3.0,76.67168,14.0,0.0,0.0,100.0,-7.0,7.0,8.0,14.0,2.0,56.041656,2.0,2.0,2.0,62.024014,-8.0,4.0,2.0,2.0,83.0,0.0
87.79418,188.9988,27.89206,74.19568,5.472647,0.0,0.0,100.0,-7.0,7.0,8.0,10.0,0.0,42.0,0.0,0.0,0.0,13.0,28.324526,2.0,1.0,0.0,89.659935,0.0
76.990974,280.0542,10.0,75.0,10.0,0.0,0.0,100.0,-7.0,7.0,8.0,12.32132,1.0,94.63423,0.0,0.0,0.0,0.0,89.16758,-9.0,3.0,-8.0,75.0,0.0
89.0,282.88196,36.78194,165.6558,16.0,0.0,0.0,100.0,-7.0,7.0,8.0,29.658382,0.0,11.720539,-6.576744,0.0,0.0,6.0,-8.0,4.0,-2.5842264,0.0,50.0,0.0
85.0,265.18628,6.0,102.830666,46.18945,0.0,0.0,100.0,-7.0,7.0,8.0,62.97104,1.358118,21.352459,-8.0,1.0,0.0,12.0,69.3299,3.0,2.0,0.5021367,45.46051,0.0
79.0,173.75926,3.0,83.0,21.0,0.0,0.0,93.06755,2.0,6.0,6.0,26.0,1.0,24.0,0.0,1.0,1.0,21.266508,-8.0,2.0,2.0,0.0,50.0,0.0
78.0,152.54248,6.0,58.0,12.0,0.0,0.0,100.0,-7.0,7.0,8.0,10.289141,1.0,35.0,0.0,0.0,0.0,47.188995,58.937046,2.0,2.0,0.0,64.67255,0.0
86.0,198.35782,2.0,110.92657,29.0,0.0,0.0,100.0,-7.0,7.0,8.0,33.0,2.0,25.0,18.129124,0.0,0.0,1.0,95.82873,3.0,4.0,0.0,44.0,0.0
72.0,126.426704,27.454014,72.0,9.0,1.0,1.0,89.0,16.718267,4.0,5.0,6.0943117,0.0,76.506165,0.0,0.0,0.0,-7.6241884,-8.0,-0.058260426,1.0,0.0,100.0,0.0
-9.0,-9.0,-9.0,-9.0,-9.0,-9.0,-9.0,-9.0,-9.0,-9.0,-9.0,-9.0,-9.0,-9.0,-9.0,-9.0,-9.0,-9.0,-9.0,-9.0,-9.0,-9.0,-9.0,0.0
81.40406,415.6375,27.32067,134.93633,5.5092487,0.0,0.0,90.0,32.91197,6.0,6.0,9.0,0.0,10.29163,2.0,1.0,1.0,5.0,-8.0,0.0,1.0,0.0,50.0,0.0
78.0,187.96977,8.0,80.0,18.0,0.0,0.0,100.0,-7.0,7.0,8.0,27.077972,0.0,24.490734,-8.0,0.0,0.0,48.551235,90.942474,4.0,2.0,1.0,81.771,0.0
73.0,118.26552,5.0,71.0,44.046116,0.0,0.0,100.0,-7.0,7.0,8.0,58.9922,6.0,32.0,0.0,4.269521,3.8687575,17.0,-8.0,3.0,2.87809,0.0,44.37652,0.0
73.01611,139.7084,2.0,63.0,31.161884,0.0,0.0,100.0,-7.0,7.0,8.0,37.0,5.0,36.0,0.0,1.0,1.0,47.297726,40.501972,6.0,3.0,2.0,86.0,0.0
71.720665,98.40327,2.0,64.51807,39.960945,0.0,0.0,100.0,-7.0,7.0,8.0,33.0,3.0,35.39531,-7.0,0.0,0.0,43.9991,84.96972,11.0,2.0,2.0,64.0,0.0
69.0,305.37903,3.0,73.36502,39.0,0.0,0.0,100.0,-7.0,7.0,8.0,37.0,4.184469,38.0,0.0,5.6169305,5.0,42.480255,52.200153,7.0,3.0,3.0,67.0,0.0
85.0,136.14554,18.104147,108.423195,18.542337,1.0,0.0,91.0,58.476444,6.0,5.1941752,14.008647,0.0,21.0,-7.0,0.0,0.0,8.000246,-8.0,1.0,1.0,0.0,30.625792,0.0
87.0,222.35867,2.0,88.27081,42.975742,0.0,0.0,100.0,-7.0,7.0,8.0,48.127773,4.0,41.99208,0.0,5.470486,6.177483,0.0,-8.0,4.0,1.0,0.0,42.976173,0.0
72.0,162.74957,0.6704275,77.95578,28.0,0.0,0.0,100.0,-7.0,7.0,8.0,41.389576,2.0,23.0,0.0,0.0,0.0,27.8977,60.957005,7.0,3.0,2.0,50.0,0.0
72.0,288.77057,2.8293886,118.95891,36.31446,3.1059525,3.6527426,97.0,60.066326,6.0,4.0,17.0,4.0,39.0,0.0,4.0,4.0,25.0,94.35666,3.0,3.0,0.0,44.0,0.0
77.0,130.15598,2.0,72.80235,19.0,0.0,0.0,89.0,35.33752,6.0,6.0,19.86558,4.0,31.773191,2.0,0.0,0.0,20.039085,64.569916,5.0,2.0,0.0,58.0,0.0
85.0,125.736465,20.653393,82.17403,12.0,0.0,0.0,100.0,-7.0,7.0,8.0,11.0,0.0,45.329407,-7.0,0.0,0.0,40.295326,-8.0,1.0,1.0,0.0,56.0,0.0
77.0,194.63907,8.0,68.0,29.257946,0.0,0.0,100.0,-7.0,7.0,8.0,28.992535,1.0,56.053223,0.0,1.0,1.0,14.0,47.265762,5.0,3.0,0.0,81.27291,0.0
87.0,324.24033,28.87368,118.50086,14.500778,0.0,0.0,100.0,-7.0,7.0,8.0,14.0,0.0,38.0,-8.0,0.0,0.0,1.0,86.73531,1.0,2.0,0.0,32.529507,0.0
90.20342,167.48508,4.0,137.99495,11.0,0.0,0.0,100.0,-7.0,7.0,8.0,6.361867,1.0,14.0,0.0,0.0,0.0,1.0,-8.0,1.0,1.0,0.0,44.3699,0.0
78.13971,280.573,7.0,109.347916,48.12688,0.0,0.0,100.0,-7.0,7.0,8.0,46.708893,1.0,26.823849,0.0,0.0,0.0,48.383724,-8.0,5.0,3.0,1.0,82.56912,0.0
89.0,157.35498,3.0,94.0,14.0,0.0,0.0,100.0,-7.0,7.0,8.0,16.0,0.0,12.481153,-8.0,0.0,0.0,3.0,-8.0,2.0,1.0,0.0,50.0,0.0
86.0,205.52318,3.0,76.93293,41.052124,0.0,0.0,100.0,-7.0,7.0,8.0,35.0,3.0,50.73046,3.0,0.0,0.0,6.0,86.93656,3.0,1.0,0.0,77.26274,0.0
84.0,259.39255,2.0,75.203835,23.0,0.0,0.0,100.0,-7.0,7.0,8.0,27.0,2.0,45.0,-7.0,2.0,2.0,6.0,56.30718,3.0,2.0,0.0,60.0,0.0
81.0,3.1800444,10.0,19.874432,-2.105199,0.0,0.0,100.0,-7.0,7.0,8.0,9.305499,1.0,15.0,0.0,1.0,1.0,17.385084,-8.0,2.0,1.0,0.0,53.27738,0.0
69.14264,143.89491,15.88926,63.0,33.92634,0.0,0.0,100.0,-7.0,7.0,8.0,38.0,1.0,41.0,0.0,3.0,3.6287868,36.315487,63.018135,4.0,2.0,3.0,70.0,0.0
75.0,144.02068,3.0,62.799404,28.0,0.0,0.0,100.0,-7.0,7.0,8.0,31.168892,4.0,18.797192,0.0,1.0,1.0,16.06275,22.572887,5.221604,1.0,1.0,43.0,0.0
74.0,170.00314,8.0,68.155235,21.0,0.0,0.0,100.0,-7.0,7.0,8.0,20.0,0.0,50.0,0.0,1.0,1.0,61.959766,-0.8099341,4.0,2.0,0.0,70.0,0.0
86.0,153.11128,212.67526,166.78366,3.2487583,0.0,0.0,93.0,35.623413,6.0,6.0,5.043051,0.0,18.805069,-7.0,0.22421399,0.0,1.0,-8.0,1.0,1.0,0.0,88.32071,0.0
79.0,30.495972,5.0,66.5527,18.0,0.0,0.0,95.0,6.0,6.0,5.0,3.0290446,2.0,33.703907,1.0,1.0,1.0,1.0,88.28022,1.0,2.0,0.0,43.0,0.0
82.0,123.34713,14.0,72.99957,16.0,0.0,0.0,95.0,26.833862,6.0,6.0,7.4896464,0.0,16.0,12.0,0.0,0.0,4.289413,-8.0,2.0,2.0,0.0,33.0,0.0
78.0,115.312744,2.0,68.0,23.0,0.0,0.0,100.0,-7.0,7.0,8.0,22.0,2.0,36.0,0.0,0.0,1.0,36.23554,64.34549,5.0,1.0,0.0,75.03896,0.0
85.0,225.97038,14.7137985,86.0,21.0,0.0,0.0,100.0,-7.0,7.0,8.0,24.137844,0.0,54.79692,-7.0,4.0,3.0,0.13922064,-8.0,2.0,3.0,0.0,59.84789,0.0
86.614365,214.50385,6.0,71.0,17.0,0.0,0.0,100.0,-7.0,7.0,8.0,21.0,1.0,30.0,1.0,1.0,1.0,10.0,71.0,1.0,3.0,0.0,75.0,0.0
79.0,159.13234,12.0,65.24686,36.0,0.0,0.0,100.0,-7.0,7.0,8.0,35.371113,0.0,41.723248,-7.0,0.0,0.0,28.664934,79.36781,3.0,7.3091493,1.0,78.0,0.0
84.0,272.3519,13.717256,97.0,12.0,0.0,0.0,100.0,-7.0,7.0,8.0,15.816764,1.0,18.0,2.0,1.0,1.0,1.0,-8.0,1.0,1.0,1.0,29.1019,0.0
89.74639,260.3626,41.33507,158.45409,13.0,0.0,0.0,100.0,-7.0,7.0,8.0,18.0,0.0,17.0,0.0,0.0,0.0,2.0,-8.0,2.0,1.0,0.0,25.0,0.0
72.0,157.10234,8.0,77.0,56.798378,1.0,0.17086075,100.0,31.076738,6.0,5.9248595,48.74397,1.0,42.0,0.0,2.0,3.0,22.987198,42.285202,2.0,5.0,0.0,50.0,0.0
66.0,411.27695,2.0,115.281265,30.285854,0.0,0.0,89.0,3.0,4.0,5.0,43.621613,2.0,44.0,-7.0,0.0,0.0,10.337186,85.42291,6.733525,2.0,0.0,75.0,0.0
87.0,115.33007,11.977868,81.03345,14.0,0.0,0.0,100.0,-7.0,7.0,8.0,15.0,0.0,22.0,-8.0,0.0,0.0,31.465994,-8.0,2.0,1.0,0.0,52.20617,0.0
86.542885,182.23311,5.0,99.147125,12.0,0.0,0.0,100.0,-7.0,7.0,8.0,10.0,1.0,21.95156,2.0,2.0,2.0,4.4908104,-8.0,2.0,1.0,0.0,100.0,0.0
89.44376,183.39029,29.129631,107.09061,14.0,0.0,0.0,100.0,-7.0,7.0,8.0,9.0,0.0,30.0,-7.0,0.0,0.0,0.0,-8.0,3.0,2.0,0.0,83.0,0.0
76.0,234.13666,5.0,85.352684,9.0,2.2032316,2.953808,88.385796,47.48324,6.0,-9.0,11.0,1.0,42.0,-7.0,0.0,0.0,53.10003,76.0,3.0,2.0,0.0,78.006874,0.0
78.0,178.06947,3.0,63.906452,17.0,0.0,0.0,97.0,58.64782,6.0,6.0,17.0,2.0,35.0,0.0,0.0,0.0,42.837208,84.77277,4.0,2.0,0.0,57.049248,0.0
80.0,436.5078,8.0,147.07771,25.343788,0.0,0.0,97.0,59.446457,6.0,6.0,25.0,1.0,46.527504,13.336993,0.0,0.0,4.486834,64.633804,4.0,1.0,0.0,83.0,0.0
80.0,199.89728,15.0,71.15917,21.468168,0.0,0.0,100.0,-7.0,7.0,8.0,21.0,0.0,48.762886,0.0,0.0,0.0,12.692475,98.416466,2.0,4.0,0.0,78.587975,0.0
85.0,217.54735,12.0,106.00618,13.0,0.0,0.0,100.0,-7.0,7.0,8.0,5.39414,0.0,23.670126,3.7136958,1.0,1.0,13.0,-8.0,1.0,1.0,0.0,36.58957,0.0
73.0,177.49107,5.0,61.081795,7.0,0.0,0.0,77.99755,47.257713,6.0,5.892078,7.0279346,1.0,0.0,4.0,0.0,0.0,9.466597,-8.0,1.0,1.0,0.0,72.1104,0.0
68.0,140.53467,4.0,75.0,41.211685,2.0,2.5779433,100.0,-7.0,6.0,8.0,41.07298,3.0,18.0,0.0,3.0,3.0237641,34.981865,70.55402,4.941058,6.3813243,2.0,50.0,0.0
88.470085,168.26077,10.667931,67.7093,3.6823843,0.0,0.0,100.0,-7.0,7.0,8.0,8.0,0.0,30.65591,0.0,0.0,0.0,8.0,37.164352,1.0,1.0,0.0,89.95598,0.0
83.0,386.65674,22.073666,129.79063,20.0,0.0,0.0,93.0,44.618313,6.0,5.0,27.540644,0.0,25.480175,0.0,0.0,0.0,1.0,-8.0,2.0,1.0,0.0,50.0,0.0
72.90219,156.44139,3.3653412,92.0,56.737446,0.0,0.0,100.0,-7.0,7.0,8.0,97.6382,3.0,22.373232,3.0,3.0,2.0,17.0,-8.0,7.0,3.0,1.0,50.0,0.0
84.0,207.0984,3.0,91.93468,24.84971,0.0,0.0,100.0,-7.0,7.0,8.0,24.14364,1.3090831,21.0,0.0,2.0,2.0,0.291914,24.539,2.0,2.0,0.0,43.836864,0.0
70.0,164.86188,2.0,38.767326,15.0,0.0,0.0,100.0,-7.0,7.0,8.0,21.968376,2.0,43.243164,0.0,1.0,1.0,1.0,61.88963,2.0,2.2311344,0.0,46.541218,0.0
84.0,236.75404,4.0,81.0,18.304241,0.0,0.0,95.0,51.276966,6.0,6.0,18.0,2.0,42.0,4.0,0.0,0.0,0.0,-8.0,0.0,2.0,0.0,30.052343,0.0
73.47814,178.21523,2.4118366,71.179115,36.0,0.0,0.0,100.0,-7.0,7.0,8.0,38.67366,2.0,25.014418,0.0,5.3268237,5.0,29.177576,27.920485,6.0,2.0,3.0,56.0,0.0
80.0,168.30127,5.0,84.0,47.157337,0.0,0.0,100.0,-7.0,7.0,8.0,46.307533,2.0,11.759224,1.239786,1.0,1.0,1.0,62.088158,5.0,1.0,0.0,31.249523,0.0
62.0,216.83913,8.0,80.41496,22.0,0.0,0.0,72.75334,26.417696,6.0,6.0,20.541286,1.0,44.0,2.0,0.0,0.0,55.220497,53.149593,9.0,2.0,2.0,80.0,0.0
69.57687,152.42155,15.0,64.50107,24.0,0.0,0.0,100.0,-7.0,7.0,8.0,28.0,0.0,49.33269,-7.0,0.0,0.0,51.688335,38.453014,6.0,4.0,2.0,91.172356,0.0
81.0,287.37756,26.775143,108.89694,16.0,0.0,0.0,100.0,-7.0,7.0,8.0,12.796255,0.0,22.0,-7.0,4.0,4.0,18.896517,-8.0,4.0,1.0,0.0,71.0,0.0
75.28748,85.36362,5.0,39.98436,10.0,0.0,0.0,100.0,-7.0,7.0,8.0,11.0,2.0,31.331196,1.0,1.0,1.0,39.351135,48.623863,2.0,1.439184,0.0,38.246773,0.0
-9.0,-9.0,-9.0,-9.0,-9.0,-9.0,-9.0,-9.0,-9.0,-9.0,-9.0,-9.0,-9.0,-9.0,-9.0,-9.0,-9.0,-9.0,-9.0,-9.0,-9.0,-9.0,-9.0,0.0
82.0,173.57771,3.0,103.12276,20.116264,0.0,0.0,100.0,-7.0,7.0,8.0,29.897396,2.0,54.381317,0.0,2.0,2.0,51.89975,84.01133,2.0,3.0,0.0,85.16667,0.0
70.0,124.82923,7.523606,62.741074,19.0,1.0,1.0,98.95044,20.266985,4.0,2.3931887,22.305696,2.0,21.0,21.531004,0.0,0.0,44.551483,52.531555,3.0,2.0,0.0,56.0,0.0
67.0,209.04488,8.354547,68.0,13.0,0.0,0.0,87.83491,16.088125,6.0,4.0,15.0,3.0,43.81341,3.0,3.0,3.0,66.50655,-8.0,5.0,2.0,2.0,87.80634,0.0
87.0,355.8135,4.0,92.68576,21.0,0.0,0.0,100.0,-7.0,7.0,8.0,19.0,3.0,17.0,1.0,0.0,0.0,7.4903655,-8.0,4.0,1.0,0.0,33.0,0.0
74.0,96.3066,3.0,79.34424,35.830677,0.0,0.0,100.0,-7.0,7.0,8.0,34.290134,1.0,40.0,0.0,2.0,1.0,56.758484,87.44026,5.0,2.0,1.0,75.20574,0.0
74.9653,174.57407,6.550594,67.77284,16.0,0.0,0.0,100.0,-7.0,7.0,8.0,15.0,1.0,31.82709,1.0,2.0,2.0,11.0,-8.0,1.0,1.0,0.0,33.0,0.0
73.0,19.583155,4.3820167,73.6849,15.0,0.0,0.0,93.0,37.118103,6.0,6.0,8.804198,2.0,28.497477,-8.0,0.0,0.0,52.8395,76.0,4.0,2.0,1.0,76.68024,0.0
-9.0,-9.0,-9.0,-9.0,-9.0,-9.0,-9.0,-9.0,-9.0,-9.0,-9.0,-9.0,-9.0,-9.0,-9.0,-9.0,-9.0,-9.0,-9.0,-9.0,-9.0,-9.0,-9.0,0.0
85.58283,238.09671,13.584161,76.0,31.044186,0.0,0.0,100.0,-7.0,7.0,8.0,19.447107,0.0,17.41051,3.0,2.0,1.5457292,2.0,-8.0,1.0,-8.0,0.0,21.400274,0.0
80.0,187.73886,5.0,67.62799,37.072826,0.0,0.0,100.0,-7.0,7.0,8.0,36.717216,3.0,26.0,0.0,0.0,0.0,10.0,86.18161,3.0,4.0,0.0,51.07971,0.0
81.0,424.3779,3.2088075,115.913216,32.237846,0.0,0.0,95.0,12.309252,6.0,6.0,39.18669,2.0,31.80826,9.0,0.0,0.0,13.03858,46.098946,7.0,2.0,0.0,49.802063,0.0
86.0,246.0785,31.554953,196.44542,22.132132,0.0,0.0,100.0,-7.0,7.0,8.0,12.460419,0.0,22.0,23.064625,0.0,0.0,11.0,-8.0,2.0,2.0,0.0,50.0,0.0
-9.0,-9.0,-9.0,-9.0,-9.0,-9.0,-9.0,-9.0,-9.0,-9.0,-9.0,-9.0,-9.0,-9.0,-9.0,-9.0,-9.0,-9.0,-9.0,-9.0,-9.0,-9.0,-9.0,0.0
75.0,138.14487,2.0,71.07585,15.0,1.0,1.0,96.0,18.343489,6.0,4.498372,16.0,1.0,14.0,0.0,1.0,1.0,5.0,76.0,3.0,1.0,0.0,39.215996,0.0
73.93354,173.46394,3.0,62.91926,13.0,0.0,0.0,100.0,-7.0,7.0,8.0,14.0,3.0,72.06339,1.0,0.0,0.0,77.18445,81.0149,2.0,4.0,2.0,80.0,0.0
70.0,253.63553,27.145372,104.97619,18.0,1.0,0.0,84.51345,17.552317,6.0,5.0,23.0,0.0,30.0,-7.0,0.0,0.0,25.0,-8.0,6.0,2.0,1.0,83.126625,0.0
86.0,137.10335,21.10595,94.0,26.0,0.0,0.0,100.0,-7.0,7.0,8.0,19.0,0.0,15.0,-8.0,0.0,0.0,1.0,-8.0,4.0,1.0,0.0,80.0,0.0
63.170025,206.38728,6.0,76.12754,39.0,0.0,0.0,96.0,9.715922,6.0,6.0,38.0,2.0,25.0,0.0,1.0,1.0,32.443745,-8.0,11.0,2.0,4.0,60.0,0.0
87.0,281.96622,22.216883,99.522896,22.0,0.0,0.0,100.0,-7.0,7.0,8.0,19.0,0.0,20.02815,0.0,0.0,0.0,9.0,51.942142,3.0,2.0,0.0,42.48115,0.0
73.0,77.833954,3.0,42.407955,42.586082,0.0,0.0,100.0,-7.0,7.0,8.0,41.807808,1.65122,17.644958,0.0,3.0,3.0,17.522623,58.64287,5.0,2.0,4.4200625,39.87157,0.0
85.84677,205.90395,13.297778,204.71104,5.0066905,0.0,0.0,100.0,-7.0,7.0,8.0,8.10633,0.0,14.0,0.0,1.0,0.63087505,26.155954,-8.0,2.0,1.0,0.0,60.0,0.0
88.52896,463.4222,31.917658,158.22705,13.0,0.0,0.0,100.0,-7.0,7.0,8.0,15.0,0.0,44.72447,-7.0,0.0,0.0,0.0,60.257748,1.0,2.0,0.0,50.0,0.0
82.0,290.3661,5.0,72.75038,41.83192,0.0,0.0,100.0,-7.0,7.0,8.0,43.426014,4.4895444,21.160728,0.0,0.0,0.0,5.0,-8.0,5.0,1.0,0.0,43.323715,0.0
82.107155,234.44435,1.0,66.27578,16.0,0.0,0.0,94.09406,33.619503,6.0,6.0,20.0,4.0,21.0,0.0,2.0,2.0,2.3289769,-8.0,1.0,2.0,0.0,42.53427,0.0
63.0,222.63695,5.0,95.84941,23.0,0.0,0.0,73.99067,5.70436,2.383186,6.0,26.0,1.0,50.0,-7.0,0.0,0.0,60.770565,38.22075,5.0,3.0,1.0,100.0,0.0
76.0,386.10242,4.0,178.77698,27.0,0.0,0.0,94.0,21.223518,6.0,6.0,24.650978,2.0,40.0,-7.0,0.0,0.0,2.0,100.0,4.0,1.0,0.0,50.0,0.0
58.786858,6.8371754,1.0,18.81988,30.164766,0.0,0.0,100.0,-7.0,7.0,8.0,34.0,5.0,-9.0,0.0,1.0,1.0,36.0,66.36969,8.468491,2.0,3.119809,58.74188,0.0
92.87511,433.10837,50.16587,281.0868,9.0,0.0,0.0,100.0,-7.0,7.0,8.0,11.0,0.0,38.0,0.0,1.0,1.0,1.0,-8.0,1.0,1.0,0.0,50.0,0.0
84.0,389.7802,12.0,119.094696,14.0,1.0,1.0,100.0,-7.0,6.0,8.0,15.0,1.0,47.0,1.0,0.0,0.0,4.9406304,35.630566,2.0,2.0,0.0,88.68641,0.0
80.0,196.86061,3.0,67.62706,36.882668,0.0,0.0,100.0,-7.0,7.0,8.0,36.374676,3.0,28.0,0.0,3.0,3.0,4.0,-8.0,3.0,4.0,0.0,41.079494,0.0
65.0,232.6571,2.0,62.11626,28.0,1.0,2.0,95.0,15.93226,4.5806756,5.0,32.44331,8.591564,24.0,1.0,3.0,2.0,51.334183,-8.0,8.0,2.0,2.0,67.0,0.0
79.0,137.78021,4.0,55.648685,24.0,0.0,0.0,100.0,-7.0,7.0,8.0,26.0,2.0,14.0,9.495358,0.0,0.0,10.950434,83.223526,5.0,2.0,0.0,34.198105,0.0
76.0,291.55255,6.0,100.69324,32.306503,0.0,0.0,100.0,-7.0,7.0,8.0,49.161125,2.0,23.0,0.0,3.0,3.0,37.053047,39.962498,7.0,3.0,0.0,79.42288,0.0
74.0,28.925806,3.0,33.99535,13.0,0.0,0.0,95.0,71.08342,6.0,6.0,14.0,4.0,30.0,-8.0,1.0,1.0,20.380795,-8.0,6.0,2.0,0.0,83.0,0.0
76.0,130.88141,7.0,78.68245,21.854004,0.0,0.0,96.0,7.4836955,6.0,6.0,24.0,1.0,14.0,-7.0,3.0,3.1432889,7.0,-8.0,5.0,1.0,1.0,43.05872,0.0
78.0,221.61964,3.0,81.10471,34.607567,0.0,0.0,97.0,18.51633,6.0,6.0,38.0,2.0,24.0,12.0,0.0,0.0,8.52332,39.44192,4.0,3.0,0.0,56.0,0.0
-9.0,-9.0,-9.0,-9.0,-9.0,-9.0,-9.0,-9.0,-9.0,-9.0,-9.0,-9.0,-9.0,-9.0,-9.0,-9.0,-9.0,-9.0,-9.0,-9.0,-9.0,-9.0,-9.0,0.0
73.0,162.24759,-9.0,55.48448,27.0,1.0,1.0,100.0,-7.0,7.0,8.0,27.0,8.757336,38.8829,0.0,1.0,1.0,14.760234,84.001755,4.0,2.0,0.0,52.397263,0.0
82.0,318.52423,1.0,110.52239,69.915276,0.0,0.0,100.0,-7.0,7.0,8.0,86.2993,8.974969,36.99009,7.0,2.6368325,2.0,6.0,82.0,6.0,2.0,0.0,50.0,0.0
61.500175,148.9033,15.0,71.228325,16.0,0.0,0.0,84.155655,10.790591,5.0,6.0,16.0,0.0,50.0,0.0,0.0,0.0,77.599846,53.350685,4.0,6.3686976,2.0,100.0,0.0
85.0,290.09335,34.83959,127.325645,11.238706,0.0,0.0,92.114784,25.515783,4.2931404,6.0,12.696943,0.0,41.0,-8.0,0.0,0.0,5.0,-8.0,6.0,1.0,0.0,75.0,0.0
69.00112,36.604656,2.0,48.205185,14.0,1.0,0.0,89.0,48.78957,6.0,5.9940305,15.0,2.0,13.674982,0.0,2.0,2.0,72.2733,-8.0,2.0,1.0,1.0,57.0,0.0
80.0,171.49356,5.0,74.0,31.0,0.0,0.0,97.0,-9.0,6.0,6.0,33.519436,2.0,21.0,1.0,2.0,2.0,19.812422,37.84967,5.7516418,3.0,0.0,50.0,0.0
74.15559,283.17618,2.0,114.03175,22.0,0.0,0.0,93.0,11.791033,4.7703953,6.0,15.0,2.0,31.507496,0.0,0.0,0.0,32.653137,76.0,6.4203973,2.0,1.0,73.96116,0.0
90.09785,323.2559,6.0,86.29138,30.0,0.0,0.0,100.0,-7.0,7.0,8.0,44.296047,3.0,18.0,-8.0,0.0,0.0,0.0,-8.0,2.0,2.0,0.0,11.981758,0.0
75.0,150.6166,6.0,81.0,39.0,0.0,0.0,97.0,-8.0,6.0,6.0,40.405037,1.0,26.0,12.86866,0.0,0.0,18.065449,100.0,3.2631953,4.0,0.0,46.83067,0.0
76.0,162.65707,11.0,82.0,7.0,0.0,0.0,100.0,-7.0,7.0,8.0,7.2697244,0.0,33.26513,0.0,0.0,0.0,43.54356,-8.0,1.0,2.0,0.0,80.643036,0.0
71.0,97.40792,4.0,68.672455,12.367097,0.0,0.0,100.0,-7.0,7.0,8.0,12.0,4.0,44.726852,2.0,2.0,2.0,55.20029,50.68595,5.45434,2.0,1.0,100.0,0.0
84.0,139.35283,2.0,120.53823,21.0,0.0,0.0,91.943726,-9.0,6.0,6.0,24.0,2.0,37.0,0.0,1.0,1.0,6.8277965,111.77542,2.0,2.0,0.0,60.0,0.0
77.0,230.4471,2.2442508,83.0,33.0,0.0,0.0,100.0,-7.0,7.0,8.0,33.0,4.0,31.0,7.0,0.0,0.0,54.475395,71.49849,4.0,2.0,3.0,44.106045,0.0
76.986626,152.10806,3.0,66.475624,17.0,0.0,0.0,100.0,-7.0,7.0,8.0,17.789087,1.2946844,40.339405,0.0,2.0,2.0,41.569084,-8.0,4.0,2.0,2.0,57.0,0.0
84.0,423.00806,20.796547,94.0,28.0,0.0,0.0,100.0,-7.0,7.0,8.0,30.535072,0.0,32.0,0.0,0.0,0.0,4.0,-8.0,2.0,3.0,1.0,25.0,0.0
66.21854,290.76718,16.0,105.47063,37.39684,0.0,0.0,96.0,22.424314,6.0,6.0,46.21515,0.0,22.547186,-7.0,2.0,2.0,82.54554,48.14085,9.0,3.0,2.0,87.51371,0.0
70.0,366.47073,8.0,123.52235,57.436268,0.0,0.0,94.1898,63.862003,6.0,6.0,54.861496,2.0,35.0,-7.0,0.0,0.0,36.0,-8.0,6.881648,1.0,3.4224262,60.0,0.0
75.0,310.42218,4.0,91.982445,22.0,0.0,0.0,100.0,-7.0,7.0,8.0,20.939827,1.0,19.430197,0.0,3.0,2.0,40.644596,56.366707,7.0,2.0,1.0,74.51689,0.0
74.0,364.61575,6.964716,144.68077,24.0,0.0,0.0,94.0,56.133556,6.0,6.0,38.135063,1.0,36.0,0.0,0.5992695,0.0,2.0,-8.0,3.0,1.0,1.0,40.492874,0.0
75.0,114.5224,11.0,81.5242,14.0,0.0,0.0,100.0,-7.0,7.0,8.0,13.0,1.0,38.0,-8.0,0.0,0.0,67.60364,-6.5379558,3.0,2.0,1.0,75.0,0.0
67.0,290.02194,4.0,76.0,30.0,1.0,1.0207914,96.0,2.0685654,4.0,3.0,48.77947,1.0,18.0,16.171627,0.0,0.0,19.535975,48.647583,4.0,2.0,1.0,34.34526,0.0
83.0,185.4105,11.83341,99.25768,22.0,0.0,0.0,89.512215,39.442226,6.0,6.0,24.0,0.0,38.249096,0.0,0.0,0.0,0.0,51.285046,-1.4483454,2.0,0.0,15.284918,0.0
68.51502,176.20584,11.282148,58.0,18.0,0.0,0.0,100.0,-7.0,7.0,8.0,27.22573,0.0,16.594341,0.0,2.0,1.0,46.710205,73.27327,4.0,2.0,0.0,70.0,0.0
86.0,485.6038,21.03738,103.165405,20.0,0.0,0.0,100.0,-7.0,7.0,8.0,21.295832,0.0,12.262317,0.0,0.0,0.0,7.0,-8.0,5.0,1.0,0.0,41.562527,0.0
70.0,123.87484,4.0,-9.0,8.0,0.0,0.0,100.0,-7.0,7.0,8.0,12.0,3.0,11.2640705,0.0,0.0,0.0,83.79149,36.26047,7.0,1.0,3.2341182,83.0,0.0
89.0,290.41217,54.313564,166.99165,13.0,0.0,0.0,100.0,-7.0,7.0,8.0,7.0,0.0,13.0,0.0,0.0,0.0,0.017434696,-8.0,1.0,1.0,0.0,44.867363,0.0
59.32511,153.55473,8.0,96.565796,16.40093,0.0,0.0,87.02844,22.625908,4.4824467,6.0,18.0,4.0,19.0,-7.0,0.0,0.0,41.983883,52.93534,5.0,2.0,2.0,57.0,0.0
73.0,152.76155,2.0,58.0,35.6208,0.0,0.0,100.0,-7.0,7.0,8.0,38.0,5.0,38.718597,2.0,1.0656848,1.0,25.957132,65.04958,7.0,4.0,0.0,82.08488,0.0
86.0,260.4352,8.0,133.13832,11.00244,0.0,0.0,100.0,-7.0,7.0,8.0,22.0,1.7232686,9.37935,0.0,0.0,0.0,15.862185,-8.0,3.0,-8.0,0.0,64.0,0.0
88.0,139.54291,22.776434,96.98216,14.0,0.0,0.0,100.0,-7.0,7.0,8.0,7.0,0.0,28.0,1.0,0.0,0.0,6.484871,-8.0,3.0,1.0,0.0,86.0,0.0
69.97411,182.94409,8.0,105.15208,38.811695,0.0,0.0,95.0,51.41244,6.0,6.0,38.0,3.0,20.0,0.0,3.1767945,3.0,30.25647,-8.0,8.0,-8.0,3.784229,85.92242,0.0
69.0,196.41017,12.0,89.30997,17.0,1.0,0.0,94.0,13.090375,4.6931605,5.0,18.0,0.0,41.400696,0.0,1.0,1.0,43.399044,67.5382,3.054959,2.0,1.0,75.0,0.0
55.161808,310.61526,3.0,82.0,22.0,2.1062682,1.0,80.71213,-7.0,-9.0,5.0,29.252478,1.1128821,38.0,0.0,0.0,0.0,4.0,93.0687,2.0,3.0,0.0,46.093937,0.0
86.0,185.8994,3.0,120.25766,15.0,0.0,0.0,96.0,23.914482,6.0,6.0,8.73035,1.0,35.0,16.0,0.0,0.0,4.0,-8.0,2.0,1.0,0.0,50.0,0.0
90.17241,315.0459,6.0,151.71176,19.0,0.0,0.0,100.0,-7.0,7.0,8.0,39.286713,2.0,11.06154,10.248252,0.0,0.0,1.0,-8.0,3.0,-8.0,0.0,44.0,0.0
67.27179,256.00308,10.0,113.18632,21.305767,2.0,3.1458144,85.1493,42.596275,6.0,5.0,19.0,0.0,17.0,2.0,2.0,1.0,52.211823,49.38883,1.0,1.0,0.0,25.0,0.0
78.47402,13.7268715,2.0,39.61951,18.074783,0.0,0.0,100.0,-7.0,7.0,8.0,8.379592,3.0,20.0,0.0,0.0,0.0,5.0,38.022655,2.0,6.563564,0.0,57.0,0.0
-9.0,-9.0,-9.0,-9.0,-9.0,-9.0,-9.0,-9.0,-9.0,-9.0,-9.0,-9.0,-9.0,-9.0,-9.0,-9.0,-9.0,-9.0,-9.0,-9.0,-9.0,-9.0,-9.0,0.0
58.36279,66.1289,5.0,55.513367,36.0,0.0,0.0,94.0,5.5056715,0.0,3.1013138,38.0,3.0,33.80775,0.0,1.0,1.0,73.55338,66.374596,3.0,4.6594825,4.4633017,87.96326,0.0
81.0,403.17178,18.811087,123.04529,18.0,0.0,0.0,100.0,-7.0,7.0,8.0,24.453266,0.0,50.0,0.0,2.0,2.0,18.048725,-8.0,2.0,2.0,0.0,50.0,0.0
75.0,190.84633,-9.0,60.446754,43.600193,0.0,0.0,100.0,31.948357,6.0,6.0,52.605038,10.595156,33.0,0.0,17.89426,17.548546,8.0,93.31448,4.0,6.0,1.0,43.127956,0.0
70.0,202.43048,7.0,72.32607,32.742912,0.0,0.0,90.0,1.9837432,4.0,6.0,31.0,2.0,22.0,-7.0,0.0,0.0,21.820051,-8.0,7.0,-8.0,1.0,50.0,0.0
70.0,231.42932,2.0,92.0,25.0,0.0,0.0,100.0,-7.0,7.0,8.0,27.0,1.0,19.0,0.0,0.0,0.0,61.642902,84.55982,8.0,3.0,5.73092,75.0,0.0
81.0,162.79886,8.0,84.0,27.786652,0.0,0.0,100.0,-7.0,7.0,8.0,26.0,1.0,47.599754,0.0,1.0,1.0,13.390053,53.203518,5.0,2.0,0.0,91.10126,0.0
65.82622,209.08876,4.0,83.442345,37.376156,0.0,0.0,92.0,62.2933,6.0,6.0,33.624714,5.0,23.0,0.0,4.0,3.630549,76.97863,88.722435,8.0,3.0,3.0,88.0,0.0
82.0,147.2942,8.529786,69.00638,25.0,0.0,0.0,100.0,-7.0,7.0,8.0,30.0,1.0,50.0,18.840586,0.0,0.0,26.018707,48.02316,3.0,2.0,0.0,67.0,0.0
68.0,292.17242,4.519502,65.69438,44.35771,1.0,0.0,91.0,31.421616,6.0,4.692722,43.28882,5.0,49.113857,16.0,0.0,0.0,28.0,51.025604,8.0,3.0,0.0,80.0,0.0
78.0,139.66609,3.0,58.0,15.0,0.0,0.0,100.0,-7.0,7.0,8.0,16.0,5.0,42.0,0.0,6.409455,6.7564225,17.880766,28.075048,3.0,5.0,0.0,80.0,0.0
89.0,243.96423,15.612004,109.943344,23.0,0.0,0.0,100.0,-7.0,7.0,8.0,25.0,0.0,33.782845,0.0,6.237793,6.247753,6.0,-8.0,1.0,2.0,0.0,40.518944,0.0
-9.0,-9.0,-9.0,-9.0,-9.0,-9.0,-9.0,-9.0,-9.0,-9.0,-9.0,-9.0,-9.0,-9.0,-9.0,-9.0,-9.0,-9.0,-9.0,-9.0,-9.0,-9.0,-9.0,0.0
-9.0,-9.0,-9.0,-9.0,-9.0,-9.0,-9.0,-9.0,-9.0,-9.0,-9.0,-9.0,-9.0,-9.0,-9.0,-9.0,-9.0,-9.0,-9.0,-9.0,-9.0,-9.0,-9.0,0.0
81.0,304.50366,4.0,92.0,46.59223,0.0,0.0,97.37834,25.227285,6.0,6.0,47.724926,1.0,39.924065,1.0,3.0,3.0,1.0,82.0,4.0,6.000841,0.0,50.0,0.0
77.0,273.53506,3.0,98.10911,22.0,0.0,0.0,100.0,-7.0,7.0,8.0,28.16366,3.0,44.0,0.0,0.29068112,0.0,32.0,-8.0,4.0,1.3330475,0.0,85.83362,0.0
82.0,422.8474,7.724049,162.16507,24.953602,0.0,0.0,96.0,39.293007,6.0,6.0,29.0,0.0,20.0,0.0,0.0,0.0,10.500462,69.8614,6.0,2.0,0.0,50.0,0.0
80.0,278.00104,9.0,98.80868,27.0,2.0,0.0,92.0,55.044697,6.0,6.0,27.0,0.0,42.0,0.0,1.0,1.0,10.0,80.0,4.0,4.0,0.0,60.0,0.0
69.0,320.75177,2.0,92.0,20.0,0.0,0.0,92.0,45.450462,6.0,6.0,23.0,2.0,33.0,0.0,3.7712111,3.1825428,36.0,-8.0,7.136862,2.0,1.0,77.41539,0.0
81.0,210.85231,4.0,65.99847,27.0,0.0,0.0,100.0,-7.0,7.0,8.0,26.0,6.0,35.0,0.0,0.0,0.0,32.0,78.1099,4.0,2.0,0.0,80.0,0.0
74.0,190.34473,2.0,86.0,26.038113,1.0,0.0,94.25669,45.83107,5.8294473,4.0,28.0,3.0,47.14916,0.0,0.0,0.0,6.253523,79.76869,5.0,2.0,0.0,80.0,0.0
78.0,219.37775,5.56046,93.37376,26.0,0.0,0.0,100.0,-7.0,7.0,8.0,23.01455,2.0,36.241783,0.0,0.0,0.0,28.503984,-8.0,6.0,1.4369916,2.0,88.0,0.0
81.0,217.28178,3.539588,90.0,22.0,0.0,0.0,97.0,-7.0,6.0,6.0,24.777992,1.5261223,44.0,0.0,1.0,1.0,13.0,99.17224,5.0,2.1183083,0.0,60.0,0.0
88.754,126.25541,17.0,91.053345,16.0,0.0,0.0,100.0,-7.0,7.0,8.0,16.0,0.0,29.0,11.503416,0.0,0.0,3.0,-8.0,1.0,1.0,0.0,57.0,0.0
80.0,160.86696,4.0,70.646675,36.706024,0.0,0.0,96.0,23.532001,6.0,6.0,46.485252,3.0,40.61348,1.0,0.0,0.0,1.0,47.258015,1.0,2.0,0.0,50.0,0.0
-9.0,-9.0,-9.0,-9.0,-9.0,-9.0,-9.0,-9.0,-9.0,-9.0,-9.0,-9.0,-9.0,-9.0,-9.0,-9.0,-9.0,-9.0,-9.0,-9.0,-9.0,-9.0,-9.0,0.0
81.0,152.0267,4.0,65.0,24.0,0.0,0.0,100.0,-7.0,7.0,8.0,29.0,5.0,22.53008,-7.0,2.0,1.0,8.652822,-8.0,3.0,2.0,1.0,35.70874,0.0
83.0,178.71495,3.0,72.0,25.579645,0.0,0.0,100.0,-7.0,7.0,8.0,29.0,3.0,37.0,0.0,1.0,1.0,24.859518,97.827705,5.0,4.0,0.0,67.0,0.0
76.0,114.60233,4.0,55.324165,18.38671,0.0,0.0,100.0,-7.0,7.0,8.0,19.0,1.0,25.0,0.0,0.0,0.0,29.732725,98.33974,2.0,2.0,1.0,73.39607,0.0
90.52522,393.74304,4.0,103.842735,4.25658,0.0,0.0,100.0,-7.0,7.0,8.0,12.0,1.0,37.0,-7.0,0.0,0.0,6.3698444,-8.0,2.0,1.0,0.0,75.0,0.0
73.0,205.7002,3.0,71.0,31.0,0.0,0.0,100.0,-7.0,7.0,8.0,32.0,2.0,46.385254,0.0,0.0,0.0,61.210945,63.16048,6.0,4.0,2.0,85.646614,0.0
64.47005,241.4329,6.0,92.0,12.176703,0.0,0.0,94.0,4.028382,5.283553,6.0,13.0,1.0,30.0,0.0,0.0,0.0,71.6171,-8.0,5.0,1.0,4.762382,100.0,0.0
66.0,118.60625,3.0,67.0,8.0,2.1768763,2.7888262,87.24101,22.516462,4.0,-9.0,10.669469,1.0,63.598858,0.0,0.0,0.0,2.0,-8.0,0.0,1.0,0.0,21.69104,0.0
79.0,240.7479,6.0,68.0,22.0,3.0,2.7716076,91.43703,60.836304,6.0,5.0,28.0,2.0,24.0,0.0,2.0,2.0,0.0,85.01031,1.0,3.0,0.0,56.0,0.0
80.0,79.21156,4.0,47.759266,41.236546,0.0,0.0,100.0,-7.0,7.0,8.0,44.495625,1.0,14.562668,0.0,0.0,0.0,25.59867,-8.0,3.0,1.0,0.0,33.0,0.0
72.0,208.5618,8.0,85.21705,29.0,0.0,0.0,96.0,-8.940112,6.0,6.0,28.0,1.0,46.0,-7.0,0.0,0.0,66.89876,-8.0,6.0,1.0,1.0,88.59497,0.0
69.578,334.7292,5.0,92.0,32.49075,1.0,0.0,94.0,6.0,4.0,6.0,38.28106,2.11789,23.0,0.0,0.0,0.0,18.0,56.858067,5.9551334,2.0,1.0,71.0,0.0
90.558975,284.16916,13.59826,125.29083,15.0,0.0,0.0,100.0,-7.0,7.0,8.0,19.0,0.0,21.483786,0.0,0.0,0.0,0.45207757,-8.0,1.0,-8.0,0.0,-9.0,0.0
63.90838,164.29495,1.0,70.0,12.48503,1.0,0.0,78.20403,-7.0,-9.0,6.0,16.10613,1.0,23.0,0.0,3.0,2.0,1.0,48.58359,2.0,1.0,0.0,30.741833,0.0
90.67006,90.95973,13.0,82.92973,-9.0,0.0,0.0,100.0,-7.0,7.0,8.0,4.6376166,1.0,99.806755,-8.0,0.0,0.0,0.0,-2.9629786,-6.7517214,1.0,0.0,100.0,0.0
77.00242,131.48222,41.631683,101.864265,3.3192718,0.0,0.0,89.0,-7.0,1.3596488,6.0,3.984527,0.0,39.0,0.0,0.0,0.0,16.317322,-8.0,2.196887,1.0,0.0,100.0,0.0
87.51944,132.40323,27.355383,72.0,17.0,0.0,0.0,100.0,-7.0,7.0,8.0,20.0,0.0,68.43404,1.0,0.0,0.0,0.0,-8.0,1.0,1.8120983,0.0,42.892456,0.0
89.0,308.30692,2.0,96.366425,30.0,0.0,0.0,100.0,16.684196,6.0,6.0,31.0,1.0,41.0,3.7164855,0.0,0.0,3.939121,-8.0,4.0,2.0,0.0,62.644558,0.0
80.0,56.764927,20.22175,63.95291,10.283426,0.0,0.0,100.0,-7.0,7.0,8.0,9.0,0.0,39.10145,13.578955,0.0,0.0,28.79275,-8.0,2.0,2.0,0.0,66.56101,0.0
90.66218,393.35678,6.0,119.71651,20.0,0.0,0.0,100.0,-7.0,7.0,8.0,16.0,1.0,18.0,20.882345,0.0,0.0,1.0,-8.0,1.0,1.0,0.0,25.210297,0.0
75.0,210.87433,7.0,116.87541,22.0,0.0,0.0,100.0,-7.0,7.0,8.0,21.0,1.0,45.635555,0.0,1.0,1.0,28.0,-8.0,3.0,2.0,1.0,56.0,0.0
84.0,295.15613,8.0,272.1704,22.0,0.0,0.0,100.0,-7.0,7.0,8.0,29.0,1.0,39.0,2.0,1.0,1.0,5.0,-8.0,3.0,2.0,1.0,50.0,0.0
75.0,147.70825,3.0,81.0,32.0,0.0,0.0,100.0,-7.0,7.0,8.0,30.05437,2.0,28.0,0.0,0.0,0.0,31.786455,-8.0,4.0,-9.0,2.0,33.0,0.0
83.0,337.22284,5.0,75.0,22.134825,0.0,0.0,100.0,-7.0,7.0,8.0,19.0,4.0,40.0,0.0,2.0,2.0,16.562025,67.81509,2.0,2.0,0.0,100.0,0.0
87.0,194.4259,6.36219,117.622375,26.0,0.0,0.0,100.0,-7.0,7.0,8.0,27.0,2.0,0.0,0.0,1.0,1.0,11.0,-8.0,9.0,-8.0,0.0,44.0,0.0
86.0,186.12286,3.0,94.96866,22.0,0.0,0.0,95.0,34.490623,6.0,6.0,14.0,1.0,32.7545,-7.0,0.0,0.0,6.0,91.11959,2.0,2.0,0.0,43.0,0.0
86.0,145.623,4.0,56.65929,15.0,0.0,0.0,100.0,-7.0,7.0,8.0,16.0,2.0,23.0,1.0,0.0,0.0,10.0,76.77287,3.0,2.0,0.0,38.0,0.0
57.781826,155.37805,31.115158,111.65129,19.0,2.0,1.0,66.96678,1.5032047,-8.539126,1.6184466,29.460495,0.0,33.0,-7.0,0.0,0.0,37.969627,90.33663,4.0,2.9123604,0.0,86.913605,0.0
-9.0,-9.0,-9.0,-9.0,-9.0,-9.0,-9.0,-9.0,-9.0,-9.0,-9.0,-9.0,-9.0,-9.0,-9.0,-9.0,-9.0,-9.0,-9.0,-9.0,-9.0,-9.0,-9.0,0.0
66.84524,166.10315,3.591588,70.669754,35.53382,0.0,0.0,100.0,-7.0,4.0,6.0,39.285133,2.0,35.46248,0.0,1.0,1.0,17.0,82.0,7.0814447,5.0,2.7210546,64.0,0.0
78.0,336.50803,1.0,86.573685,32.884697,1.0,0.0,94.0,9.892774,6.0,4.0,31.0,1.7767208,22.456095,16.0,1.0,1.0,1.1185409,-8.0,1.0,1.0,0.0,21.193113,0.0
75.0,147.90207,10.0,75.253456,18.0,0.0,0.0,91.0,-7.0,4.0,6.0,19.282896,1.0,47.77962,0.0,3.0,3.0,5.0,78.24623,2.0,3.0,0.0,64.0,0.0
82.85783,201.66034,8.0,85.09381,22.0,0.0,0.0,100.0,-7.0,7.0,8.0,21.0,0.0,21.59412,0.0,0.0,0.0,25.0,8.195094,3.0,2.0,0.0,40.009422,0.0
68.0,159.1322,9.0,63.0,32.884884,0.0,0.0,96.0,28.530184,6.0,6.0,27.0,0.0,17.171854,7.0,0.0,0.0,32.68009,-8.0,7.906948,1.0,3.6561468,75.0,0.0
85.0,405.46848,15.23093,164.58989,29.0,0.0,0.0,100.0,-7.0,7.0,8.0,36.179913,0.0,18.0,-8.0,1.0,1.0,2.0,91.0,3.0,1.0,0.0,33.0,0.0
67.72852,164.36342,7.0,60.652153,20.0,1.0,1.0,90.0,22.13252,6.0,2.0,20.507486,3.0,18.67655,0.0,0.0,0.0,40.946983,-8.0,3.0,1.0,0.0,50.0,0.0
74.0,176.1682,5.0,65.0,20.0,0.0,0.0,100.0,-7.0,7.0,8.0,18.0,1.1579407,37.849007,15.0560055,0.0,0.0,81.40948,-8.0,3.0,3.0,2.0,67.0,0.0
74.22377,159.28952,18.115435,116.54875,11.0,2.3658173,1.0,77.01192,21.686588,4.0,-3.0601707,3.1537836,0.0,14.0,0.0,0.0,0.0,1.0,-8.0,1.0,1.0,0.0,31.693312,0.0
74.96901,164.13567,6.0,61.19187,41.26181,0.0,0.0,97.0,1.4866416,6.0,6.0,45.378304,1.0,21.0,2.0,3.0,3.0,20.003777,83.231964,2.0,2.487192,0.0,39.141968,0.0
76.0,209.25905,9.0,80.0,33.0,0.0,0.0,100.0,-7.0,7.0,8.0,33.0,1.0,29.0,0.0,0.0,0.0,58.57202,73.78609,2.0,2.0,1.0,29.82567,0.0
73.9592,107.018524,6.0,53.90847,33.998146,0.0,0.0,100.0,-7.0,7.0,8.0,32.00073,2.0,38.388355,-8.0,0.0,0.0,46.156372,88.0,3.0,4.0,1.0,70.0,0.0
80.0,214.03012,4.0,91.63289,20.949673,0.0,0.0,100.0,-7.0,7.0,8.0,24.0,1.0,45.0,-7.0,0.0,0.0,35.732204,92.33437,3.0,2.0,0.0,75.0,0.0
84.0,212.73288,36.141617,117.91138,41.62124,0.0,0.0,100.0,-7.0,7.0,8.0,62.106953,0.0,33.33585,0.0,2.0,1.7311624,6.0,-8.0,4.0,1.0,0.0,71.0,0.0
85.5978,514.18976,9.0,86.1661,30.059055,0.0,0.0,100.0,-7.0,7.0,8.0,43.177547,3.0,28.0,4.7497253,1.0,1.0,1.0,-8.0,2.0,1.0,0.0,33.0,0.0
91.0,386.10345,38.574677,189.54698,14.0,0.0,0.0,100.0,-7.0,7.0,8.0,12.899339,0.0,27.88235,-7.0,0.0,0.0,0.0,-8.0,2.0,1.0,0.0,25.168434,0.0
-9.0,-9.0,-9.0,-9.0,-9.0,-9.0,-9.0,-9.0,-9.0,-9.0,-9.0,-9.0,-9.0,-9.0,-9.0,-9.0,-9.0,-9.0,-9.0,-9.0,-9.0,-9.0,-9.0,0.0
-9.0,-9.0,-9.0,-9.0,-9.0,-9.0,-9.0,-9.0,-9.0,-9.0,-9.0,-9.0,-9.0,-9.0,-9.0,-9.0,-9.0,-9.0,-9.0,-9.0,-9.0,-9.0,-9.0,0.0
76.49948,71.23404,3.0,96.74575,21.0,0.0,0.0,92.0,12.128442,6.0,6.0,16.0,2.0,15.685066,0.0,0.0,0.0,1.0,-8.0,9.0,1.0,0.0,71.0,0.0
70.0,60.128822,3.0,35.47296,12.0,3.0,0.0,76.69427,40.814537,6.0,4.0,15.835456,3.0,67.577194,0.0,3.0,3.0,3.0,76.0,1.0,2.0,0.0,56.0,0.0
84.126816,134.57521,3.1161141,88.09977,14.0,0.0,0.0,100.0,-7.0,7.0,8.0,19.205786,1.0,30.442476,0.0,2.0,2.0,18.0,71.0,2.0,2.0,0.0,67.0,0.0
71.0,144.63905,2.0,67.0,23.0,0.0,0.0,100.0,-7.0,7.0,8.0,28.0,3.0,28.975971,0.0,3.0,3.0,21.0,86.450905,7.0,3.0,3.0,64.0,0.0
75.0,209.58426,3.0,67.02311,53.125214,0.0,0.0,100.0,-7.0,7.0,8.0,84.16614,9.512057,47.890785,0.0,2.0,1.2999727,5.0,71.835,5.0,18.404192,0.0,57.0,0.0
72.0,139.323,1.0,58.0,41.431046,0.0,0.0,98.0,45.594677,6.0,6.0,47.51957,5.0,36.0,0.0,4.0,4.0,24.821455,98.93214,5.0,6.0,1.0,69.42426,0.0
71.0,171.57748,6.0,71.0,36.593887,0.0,0.0,100.0,-7.0,7.0,8.0,30.0,4.83443,44.886078,0.0,2.0,2.0,55.430946,91.9344,6.0,2.0,3.0,73.397285,0.0
83.0,86.72194,6.0,59.57701,22.0,0.0,0.0,100.0,-7.0,7.0,8.0,25.0,1.0,33.0,11.408407,0.0,0.0,1.5262277,55.63802,1.0,2.0,0.0,15.917347,0.0
71.0,126.57105,2.0,33.65251,18.0,0.0,0.0,100.0,-7.0,7.0,8.0,21.0,7.198849,28.0,0.0,4.0,4.327544,45.927303,71.84356,4.0,3.0,0.0,71.0,0.0
69.0,124.77853,11.0,58.0,7.1846,1.0,1.0,85.19337,48.781532,6.0,2.9307866,7.829219,2.0,37.0,0.0,0.0,0.0,0.0,68.513504,1.0,1.0,0.0,60.0,0.0
-9.0,-9.0,-9.0,-9.0,-9.0,-9.0,-9.0,-9.0,-9.0,-9.0,-9.0,-9.0,-9.0,-9.0,-9.0,-9.0,-9.0,-9.0,-9.0,-9.0,-9.0,-9.0,-9.0,0.0
88.0,276.92532,7.0,94.0,21.0,0.0,0.0,100.0,-7.0,7.0,8.0,23.0,0.08746652,28.0,0.0,0.0,0.0,16.0,49.20784,3.0,2.0,0.0,67.0,0.0
-9.0,-9.0,-9.0,-9.0,-9.0,-9.0,-9.0,-9.0,-9.0,-9.0,-9.0,-9.0,-9.0,-9.0,-9.0,-9.0,-9.0,-9.0,-9.0,-9.0,-9.0,-9.0,-9.0,0.0
-9.0,-9.0,-9.0,-9.0,-9.0,-9.0,-9.0,-9.0,-9.0,-9.0,-9.0,-9.0,-9.0,-9.0,-9.0,-9.0,-9.0,-9.0,-9.0,-9.0,-9.0,-9.0,-9.0,0.0
62.05931,177.30011,16.736975,73.00687,25.0,1.0,1.0,77.593376,4.0,4.9840517,3.9531677,31.0,0.0,52.67832,19.79687,0.0,0.0,97.13908,42.688183,3.0,2.0,1.0,71.0,0.0
78.92278,169.42278,2.0,71.7743,41.860786,0.0,0.0,100.0,-7.0,7.0,8.0,47.467678,10.239987,41.92204,17.859348,0.0,0.0,20.211967,76.0,5.0026827,3.0,0.0,60.0,0.0
77.0,157.67136,3.0,69.542305,17.0,1.0,1.0,100.0,-7.0,6.0,8.0,15.0,1.0,41.047504,0.0,0.0,0.0,9.664963,15.3685255,3.0,1.0,0.0,50.298756,0.0
67.219,150.24077,2.0,43.33532,3.0123346,1.0,1.0,77.37223,19.13142,6.0,5.0,7.0,2.0,44.0,0.0,0.38628757,1.0,7.0,96.69833,2.0,1.0,0.0,80.118996,0.0
77.48802,162.60158,5.0,71.18894,27.497503,0.0,0.0,100.0,-7.0,7.0,8.0,26.071806,2.0,46.0,1.0,0.0,0.0,51.24146,50.347282,4.0,3.0,0.0,80.662865,0.0
74.0,169.93822,6.0,70.51727,14.0,1.0,1.0,93.0,5.1326456,0.0,2.0,13.0,2.0,26.941435,0.0,1.0,1.0,8.0,100.0,6.0,2.0,0.0,71.0,0.0
73.07057,230.12262,4.0,86.0,28.0,0.0,0.0,100.0,-7.0,7.0,8.0,34.0,3.0,41.008286,7.0,1.0,1.0,32.0,100.0,4.0,2.0,1.0,80.0,0.0
73.0,96.525955,3.0,51.32843,21.960312,0.0,0.0,100.0,-7.0,7.0,8.0,27.0,2.0,21.0,0.0,4.0,4.0,38.427166,-8.0,4.0,1.527148,1.0,50.0,0.0
74.0,159.87982,2.0,59.084633,16.0,0.0,0.0,100.0,-7.0,7.0,8.0,18.0,2.0,18.0,10.117311,0.0,0.0,69.56459,-8.0,3.0,1.0,2.0,76.569145,0.0
85.0,322.88806,22.199383,113.91558,14.379178,0.0,0.0,100.0,-7.0,7.0,8.0,15.0,0.0,33.0,-9.0,0.0,0.0,11.0,54.881996,2.0,2.0,0.0,57.67012,0.0
73.0,161.04527,2.0,89.123955,49.25639,2.0,2.34765,99.87429,36.121563,6.0,2.0,54.209503,1.1537528,50.0,-7.0,3.0,2.0,10.677641,83.293274,5.0,7.2270765,2.0,64.0,0.0
73.0,234.64272,6.0,63.490414,14.0,0.0,0.0,83.48582,6.2502327,6.0,6.0,13.0,2.0,24.808336,6.068428,1.0,1.0,10.0,71.0,3.0,2.0,0.0,44.0,0.0
89.728836,425.7145,17.496096,174.2489,17.442154,0.0,0.0,100.0,-7.0,7.0,8.0,19.0,0.0,35.0,2.0,0.0,0.0,1.0,-8.0,2.0,1.0,0.0,33.0,0.0
91.0,481.9456,19.867798,169.67667,19.38136,0.0,0.0,100.0,-7.0,7.0,8.0,18.0,0.0,18.0,21.502522,0.0,0.0,8.0,-8.0,6.0,1.0,0.0,56.0,0.0
87.0,267.9265,17.571404,181.65169,28.0,0.0,0.0,100.0,-7.0,7.0,8.0,29.0,1.0,46.0,-8.0,0.0,0.0,0.0,-8.0,2.0,1.0,0.0,40.2227,0.0
57.387142,689.56885,43.042187,169.04384,8.0,3.5375228,4.7650943,85.48336,2.0,-9.0,6.0,9.506114,0.0,33.0,5.619471,0.0,0.0,31.777515,-8.0,4.5523744,1.0,0.0,80.9367,0.0
84.0,261.37955,6.9705625,93.14699,28.933447,0.0,0.0,100.0,-7.0,7.0,8.0,30.0,1.0,34.28744,0.0,4.3175116,4.0,11.0,62.651226,4.0,2.0,0.0,74.32368,0.0
86.0,356.18372,20.560192,123.8622,20.0,0.0,0.0,100.0,-7.0,7.0,8.0,25.0,0.0,40.0,2.0,0.0,0.0,12.4796,55.82043,1.0,2.0,0.0,39.21897,0.0
77.0,278.32532,2.0,59.888367,13.0,0.0,0.0,86.19938,36.464,6.0,6.0,12.0,2.0,50.0,1.0,0.0,0.0,22.97374,52.04255,4.0,3.0,1.0,86.0,0.0
66.0,289.21902,4.0,97.0,16.0,0.0,0.0,76.168686,3.0,4.0,6.0,13.368162,2.0,20.0,0.0,1.0,1.0,47.699745,-8.0,3.0,1.0,1.0,67.0,0.0
75.0,157.14629,6.0,71.0,25.0,0.0,0.0,95.0,61.851532,6.0,6.0,26.0,1.0,46.156155,-7.0,1.0,1.0,28.939106,-8.0,2.0,2.0,1.0,57.0,0.0
66.0,171.6711,8.0,8.020107,14.379488,0.0,0.0,97.0,-7.0,4.0,6.0,15.0,2.0,45.692204,3.0,0.0,0.0,28.0,49.052517,3.0,4.0,0.0,75.0,0.0
76.99014,344.59192,14.0,136.14226,17.0,0.0,0.0,100.0,-7.0,7.0,8.0,19.0,0.0,25.0,8.141742,1.0,1.0,30.762457,-8.0,3.0,4.0,0.0,77.421745,0.0
83.0,293.58582,23.055843,174.4434,27.0,0.0,0.0,97.0,61.895203,6.0,6.0,32.730312,0.0,36.0,17.525204,0.0,0.0,2.0,78.010254,1.0,2.0,0.0,36.327744,0.0
87.24269,293.9402,2.0,81.76731,9.0,0.0,0.0,100.0,-7.0,7.0,8.0,11.0,3.0,33.0,18.623095,0.0,0.0,5.939713,91.26951,4.0,1.0,0.0,100.0,0.0
87.0,205.52994,2.0,98.774704,15.0,0.0,0.0,100.0,-7.0,7.0,8.0,16.0,2.0,33.0,-7.0,0.0,0.0,0.5162706,107.47213,1.0,2.8488314,0.0,38.704296,0.0
83.0,163.10442,3.0,68.0,32.0,0.0,0.0,100.0,-7.0,7.0,8.0,28.6924,2.0,8.579299,12.572972,0.0,0.0,3.0,-8.0,1.0,2.0,0.0,30.9024,0.0
59.135155,146.11923,9.0,69.689835,31.991423,0.0,0.0,92.0,2.7335012,6.0,6.0,30.0,1.0,55.600365,5.0,1.0,1.0,26.9065,-8.0,3.0,5.0,2.0,50.0,0.0
84.0,142.03355,2.0,71.65445,23.0,0.0,0.0,93.0,37.79143,6.0,6.0,11.647369,1.1107558,29.0,9.454621,0.0,0.0,6.0,74.52063,1.0,2.0,0.0,30.638376,0.0
91.5418,157.6694,17.0,88.75611,10.0,0.0,0.0,100.0,-7.0,7.0,8.0,15.0,0.0,20.0,-8.0,0.0,0.0,2.0,-8.0,1.0,1.0,0.0,28.870852,0.0
71.0,191.62727,5.0,74.0,21.0,0.0,0.0,100.0,-7.0,7.0,8.0,24.0,2.0,76.7603,1.0,0.0,0.0,107.37684,77.55393,2.0,7.1914816,2.0,89.037025,0.0
67.52253,208.67766,1.0,71.814804,66.42833,0.0,0.0,93.0,8.995429,6.0,6.0,69.17755,2.0,11.752463,1.0,2.0,2.0,52.359737,99.83075,25.15668,3.0,5.6660385,56.0,0.0
-9.0,-9.0,-9.0,-9.0,-9.0,-9.0,-9.0,-9.0,-9.0,-9.0,-9.0,-9.0,-9.0,-9.0,-9.0,-9.0,-9.0,-9.0,-9.0,-9.0,-9.0,-9.0,-9.0,0.0
71.0,76.95674,8.0,34.20782,14.0,0.0,0.0,92.0,3.6863432,6.0,6.0,14.617311,1.0,21.0,2.0,0.0,0.0,8.0,-8.0,2.0,1.0,0.0,63.0,0.0
88.0,108.51875,6.0,51.900074,21.0,0.0,0.0,100.0,-7.0,7.0,8.0,23.534052,2.0,23.0,-7.0,0.0,0.0,0.0,67.66844,2.0,2.8290715,0.0,37.19455,0.0
77.0,279.2893,3.0,77.82238,16.0,0.0,0.0,93.0,21.174208,6.0,6.0,14.200969,3.9114232,50.0,4.0,1.0,1.0,13.25399,78.7276,1.0,2.0,0.0,37.04957,0.0
87.0,275.62506,16.0,137.7553,13.60001,0.0,0.0,100.0,-7.0,7.0,8.0,14.0,0.0,13.0,-8.0,0.0,0.0,10.0,-8.0,3.0,1.0,0.0,50.0,0.0
89.0,74.572716,6.0,59.144936,15.0,0.0,0.0,100.0,-7.0,7.0,8.0,13.0,2.3723035,62.885708,-7.0,1.0,0.0,9.0,88.11417,2.0,2.0,0.0,60.0,0.0
85.0,276.54645,5.0,81.0,20.0,0.0,0.0,100.0,-7.0,7.0,8.0,24.0,1.0,83.04836,3.7161517,0.0,0.0,13.773497,64.07364,1.0,5.4065657,0.0,83.0,0.0
66.0,165.79472,2.0,62.875637,14.0,0.0,0.0,100.0,-7.0,7.0,8.0,17.0,2.0,26.907902,3.0,0.0,0.0,18.0,61.65785,4.0,2.0,0.0,50.0,0.0
81.0,164.71234,4.0,75.414085,32.0,0.0,0.0,95.0,32.25362,6.0,6.0,31.232985,2.0,21.0,-7.0,3.0,3.0,0.0,79.78859,2.0,2.0,0.0,24.287897,0.0
84.0,177.50362,1.0,66.63695,16.0,0.0,0.0,100.0,-7.0,7.0,8.0,19.0,2.0,20.0,0.0,1.6780714,1.0,9.0,-8.0,3.0,-8.0,0.0,38.232048,0.0
77.81613,176.59576,8.0,71.67478,29.0,0.0,0.0,100.0,-7.0,7.0,8.0,32.0,1.0,54.47747,0.0,2.0,2.0,52.039803,-8.0,3.0,2.0,0.0,56.0,0.0
62.266582,149.32379,7.0,72.0,21.0,2.8725448,1.9572364,73.509636,-7.0,-9.0,4.0,24.0,3.0,60.47896,1.1346023,0.0,0.0,12.0,-8.0,4.0,2.0,0.0,57.50521,0.0
77.998375,182.83864,11.0,115.80458,28.0,0.0,0.0,97.0,10.048778,4.0,6.0,34.0,2.0,25.0,0.0,2.0,2.0,19.0,92.514984,5.0,1.0,0.0,67.0,0.0
72.0,63.347225,4.0,63.293343,17.0,0.0,0.0,88.0,38.38354,6.0,6.0,19.0,1.0,20.588888,0.0,3.0,3.0,28.313046,-8.0,3.0,1.0,1.0,67.0,0.0
59.72129,104.34707,8.0,43.21182,15.0,2.0,0.0,76.05823,0.8381842,4.0,5.0,19.0,1.0,21.0,0.0,0.0,0.0,11.0,-8.0,2.0,1.0,0.0,50.0,0.0
89.0,366.99316,6.2625356,108.02127,13.0,0.0,0.0,100.0,-7.0,7.0,8.0,15.0,1.0,28.0,0.0,0.0,0.0,1.0,-8.0,3.0,1.0,0.0,74.44716,0.0
79.50614,158.29503,5.0,48.443924,15.491179,0.0,0.0,100.0,-7.0,7.0,8.0,18.0,2.0,24.754272,10.18047,0.0,0.0,27.617579,91.0,3.0,3.0,0.0,60.0,0.0
77.0,281.3713,2.0,100.0,23.0,0.0,0.0,100.0,-7.0,7.0,8.0,22.0,1.0,27.0,0.0,2.0,1.7734084,47.1289,-8.0,2.0,1.0,3.450868,47.702705,0.0
-9.0,-9.0,-9.0,-9.0,-9.0,-9.0,-9.0,-9.0,-9.0,-9.0,-9.0,-9.0,-9.0,-9.0,-9.0,-9.0,-9.0,-9.0,-9.0,-9.0,-9.0,-9.0,-9.0,0.0
75.0,392.89224,6.0,100.77772,17.0,0.0,0.0,100.0,-7.0,7.0,8.0,20.0,2.0,43.886265,0.0,1.0,1.0,43.789955,-8.0,5.0,1.0,1.0,100.0,0.0
80.0,162.9201,4.0,55.054802,21.0,0.0,0.0,100.0,-7.0,7.0,8.0,15.0,3.0,16.604227,-7.0,1.0,0.0,15.624033,75.285934,3.0,2.0,2.0,41.487602,0.0
78.14815,139.33931,10.0,74.87443,19.0,0.0,0.0,100.0,-7.0,7.0,8.0,24.35713,1.0,42.0,0.0,1.0,1.0,12.703488,98.32679,3.0,2.0,0.0,64.0,0.0
89.0,166.68907,12.0,93.0,22.0,0.0,0.0,100.0,-7.0,7.0,8.0,13.0,0.0,38.0,0.0,2.0,2.0,1.0,-8.0,1.0,1.0,0.0,20.163786,0.0
78.210594,191.24269,3.0,71.0,17.916761,0.0,0.0,100.0,-7.0,7.0,8.0,20.552933,3.0,23.688501,0.0,0.0,0.0,21.0,82.0,8.0,2.0,0.0,83.0,0.0
80.0,160.92259,12.0,70.0,15.0,0.0,0.0,100.0,-7.0,7.0,8.0,16.0,0.0,23.0,-7.0,1.0,1.0,22.537605,-8.0,2.0,2.0,1.0,50.0,0.0
73.452896,241.18484,1.0,77.0,32.0,0.0,0.0,100.0,-7.0,7.0,8.0,41.68035,4.333368,41.728683,15.380974,1.0,1.0,33.174187,56.922493,3.4680886,1.0,1.0,84.251564,0.0
88.0,364.16113,20.0,199.359,11.0,0.0,0.0,100.0,-7.0,7.0,8.0,13.0,0.0,58.94532,-7.0,0.0,0.0,1.0,-8.0,2.0,1.0,0.0,75.0,0.0
74.0,440.53903,23.00302,127.71624,14.0,1.0,1.0,94.0,22.87221,4.0,3.488183,20.0,0.0,40.000267,-7.0,0.0,0.0,9.0,-8.0,3.0,1.0,0.0,68.89384,0.0
89.0,161.91014,9.0,134.54936,12.0,0.0,0.0,100.0,-7.0,7.0,8.0,8.834568,1.0,26.0,14.996669,1.0,0.0,1.0,32.37633,2.0,1.0,0.0,20.60349,0.0
63.0,367.97522,8.0,112.24823,41.28427,0.0,0.0,93.0,16.95574,6.0,6.0,35.227554,1.0,27.0,2.0,1.0,1.0,62.255703,-8.0,5.0,-7.9640517,5.3385296,48.01813,0.0
60.96284,125.88618,16.777437,64.20582,14.0,1.8406285,1.5196997,78.0142,2.0,3.1366336,3.0,17.0,0.0,64.089836,0.0,0.0,0.0,11.043131,81.5415,2.0,3.0,0.0,83.0,0.0
90.01817,693.24207,4.0,86.0,14.0,0.0,0.0,100.0,-7.0,7.0,8.0,11.0,1.0,38.0,0.0,0.0,0.0,1.0,-8.0,2.0,2.0,0.0,44.0,0.0
90.94869,221.91876,32.51346,127.645775,8.0,0.0,0.0,100.0,-7.0,7.0,8.0,10.760073,0.0,18.0,18.149876,0.0,0.0,3.0,-8.0,2.0,-8.0,0.0,35.640728,0.0
67.90411,168.37628,5.0,59.159584,29.062511,0.0,0.0,100.0,-7.0,7.0,8.0,27.950214,3.0,14.484985,-7.0,0.0,0.0,53.63286,59.658936,3.0,1.0,3.0,40.0,0.0
72.0,169.90732,2.0,70.3567,13.0,1.0,1.0,82.4158,29.943384,6.0,2.0,11.029153,1.0,28.991999,0.0,0.0,0.0,29.007963,92.177124,4.0,1.0,2.0,67.0,0.0
87.0,242.61917,7.0,100.62371,25.0,0.0,0.0,100.0,-7.0,7.0,8.0,26.0,1.0,27.754084,0.0,0.0,0.0,4.0,74.95893,3.0,2.1749613,0.0,44.929813,0.0
84.0,179.71365,15.129116,76.471695,24.180622,0.0,0.0,100.0,-7.0,7.0,8.0,26.189518,1.0,60.089005,0.0,1.0,1.8798048,14.575557,89.55702,2.0,2.0,0.0,100.0,0.0
65.0,121.09578,6.129711,67.53257,12.0,2.0,2.0,88.69293,28.866356,6.0,3.0,7.0,3.0,31.302496,0.0,0.0,0.0,41.62957,-8.0,3.0,2.0,1.0,67.68032,0.0
82.46345,185.35495,2.0,75.99048,27.0,0.0,0.0,97.0,53.846912,6.0,6.0,28.55496,2.0,14.607341,7.0,2.0,2.0,5.0,100.0,2.0,3.0,0.0,44.65795,0.0
66.0,165.18239,6.0,86.72673,34.86275,0.0,0.0,93.0,77.01694,6.0,6.0,34.0,4.0,11.574169,7.0,0.0,0.0,66.873566,89.948944,9.0,4.0,2.0,71.0,0.0
71.0,154.33847,2.0120387,25.10544,17.0,1.0,1.0,100.0,-7.0,7.0,8.0,20.0,6.0,29.0,0.0,4.0,4.1978188,10.849822,-8.0,4.0,3.0,0.0,57.0,0.0
89.0,244.89258,20.0,121.1123,7.805826,0.0,0.0,100.0,-7.0,7.0,8.0,10.619084,0.0,24.0,0.0,0.0,0.0,0.0,73.08278,1.0,2.0,0.0,51.204277,0.0
82.0,129.8363,6.0,88.723694,27.0,0.0,0.0,100.0,-7.0,7.0,8.0,28.0,2.0,42.0,0.0,0.0,0.0,8.0,85.95019,3.0,3.0,0.0,83.0,0.0
82.0,409.42053,27.568697,145.93222,18.0,0.0,0.0,94.0,44.253254,6.0,6.0,25.486443,0.0,22.178423,23.984707,0.0,0.0,11.0,16.28914,4.0,2.0,0.0,64.5485,0.0
73.0,217.83218,3.0,70.677315,53.446907,1.0,1.0,100.0,81.50787,6.0,5.0,59.6027,4.5877566,20.042147,0.0,2.0,2.0,20.539469,-8.0,23.322803,1.0,2.0,77.08959,0.0
90.77965,430.03357,12.019934,190.88843,28.0,0.0,0.0,100.0,-7.0,7.0,8.0,40.384914,0.0,30.052406,10.774223,0.0,0.0,6.0,-8.0,2.0,2.0,0.0,30.24516,0.0
83.0,199.29668,5.0,92.0,30.0,0.0,0.0,100.0,-7.0,7.0,8.0,26.0,1.0,39.215355,0.0,1.0,1.0,34.167473,86.743324,2.0,4.0,1.0,44.845573,0.0
85.0,75.48469,17.0,90.0,26.0,0.0,0.0,100.0,-7.0,7.0,8.0,3.9985175,0.0,23.879978,0.0,0.0,0.0,13.9154825,-8.0,3.0,2.0,0.0,42.470654,0.0
81.0,240.75365,3.0,86.76943,32.0,0.0,0.0,100.0,-7.0,7.0,8.0,38.0,2.0,57.063854,-7.0,3.2604406,3.0,34.047832,68.87962,3.0,4.0,0.0,88.0,0.0
73.0,306.73514,4.0,94.0,30.60205,0.0,0.0,100.0,-7.0,7.0,8.0,34.0,2.0,59.834793,3.0,0.0,0.0,56.984165,91.83196,5.0,4.0,1.0,80.0,0.0
89.0,388.83557,9.0,74.0,13.0,0.0,0.0,100.0,-7.0,7.0,8.0,15.523774,1.0,17.0,-7.0,0.0,0.0,3.0,-8.0,3.0,1.0,0.0,33.0,0.0
85.0,253.29015,11.0,78.05428,41.53857,0.0,0.0,100.0,-7.0,7.0,8.0,47.952156,3.0,77.654755,0.0,0.0,0.0,8.055519,91.0,1.0,4.0,0.0,83.0,0.0
76.0,75.692924,1.0,52.844227,17.0,0.0,0.0,100.0,-7.0,7.0,8.0,18.0,3.0,29.0,18.47608,0.0,0.0,27.004091,95.035,2.0,2.0,0.0,94.00183,0.0
79.0,153.40294,9.0,90.26338,38.06601,0.0,0.0,100.0,-7.0,7.0,8.0,32.443356,1.0,26.741238,0.0,1.0,1.0,15.0,68.786674,5.0,3.0,0.0,66.924545,0.0
71.0,159.49028,5.0,85.08317,20.0,0.0,0.0,100.0,-7.0,7.0,8.0,20.0,2.0,11.0,0.0,1.0,1.0,43.88848,99.183136,6.0,1.0,2.0,60.0,0.0
86.0,241.61304,23.194695,119.17684,10.0,0.0,0.0,100.0,-7.0,7.0,8.0,14.840625,0.0,56.09154,0.0,2.0,2.0,5.0,-8.0,3.0,1.0,0.0,71.22668,0.0
76.938515,269.67587,9.0,86.35672,30.0,0.0,0.0,96.172104,10.5681305,3.0,5.0,23.0,0.0,18.0,0.0,3.0,3.0,4.8180995,-8.0,4.0,2.0,0.0,46.89035,0.0
-9.0,-9.0,-9.0,-9.0,-9.0,-9.0,-9.0,-9.0,-9.0,-9.0,-9.0,-9.0,-9.0,-9.0,-9.0,-9.0,-9.0,-9.0,-9.0,-9.0,-9.0,-9.0,-9.0,0.0
87.20599,306.55518,2.0,109.07374,27.0,0.0,0.0,100.0,-7.0,7.0,8.0,39.95587,1.0530651,27.496952,-7.0,0.0,0.0,12.760993,-8.0,3.0,2.0,0.0,52.425346,0.0
73.85137,199.44327,7.0,100.0,30.0,1.0,0.0,88.0,15.8196125,6.0,4.9183598,29.828869,2.0,19.725334,-7.0,0.0,0.0,17.453972,64.35496,11.0,3.0,0.0,70.86669,0.0
67.89362,271.2013,4.0,161.49149,40.05551,0.0,0.0,96.12056,17.193169,4.0,6.0,44.255463,1.0,15.880728,-7.03729,3.0,3.0,43.090267,-8.0,22.107306,2.0,3.9010577,60.0,0.0
70.64475,265.0355,17.257696,88.728615,40.138847,0.0,0.0,88.588005,-7.0,4.0,6.0,37.0,0.0,26.03684,1.0,2.234143,2.0,43.8522,41.78701,6.0,3.0,2.0,100.0,0.0
71.0,226.45856,6.0,46.69665,8.725484,1.0,0.0,77.478004,10.344576,4.043179,5.0,11.0,2.0,22.0,9.838274,0.0,0.0,11.62643,37.414246,1.0,2.0,0.0,50.0,0.0
84.0,262.15082,1.0,80.08039,16.0,0.0,0.0,100.0,-7.0,7.0,8.0,10.472095,5.0,33.0,5.878512,1.0,1.0,24.882294,88.0,2.0,2.0,0.0,57.03941,0.0
72.760544,32.028526,4.0,56.370266,71.61571,0.0,0.0,97.11861,81.725975,6.0,6.0,90.2275,2.0,19.0,5.0,0.0,0.0,17.376738,81.19133,3.0,2.0,3.2386653,35.61567,0.0
81.0,159.06932,1.0,77.0,26.0,0.0,0.0,100.0,-7.0,7.0,8.0,31.0,5.0,25.0,2.0,1.0,1.0,14.336049,-8.0,6.138234,1.0,0.0,91.19815,0.0
84.0,271.2298,26.020613,171.7683,29.0,0.0,0.0,100.0,-7.0,7.0,8.0,33.80065,0.0,31.0,0.0,0.0,0.0,8.0,85.10426,2.0,2.0,0.0,35.7387,0.0
73.0,277.01178,27.16745,108.220116,27.39891,0.0,0.0,95.0,39.220432,6.0,6.0,35.0,0.0,46.0,4.251791,3.0,3.0,43.56799,-8.0,6.0,1.0,0.0,66.573395,0.0
62.8826,132.74443,3.0,48.0827,24.0,0.0,0.0,94.0,1.469902,6.0,6.0,29.0,4.0,37.0,0.0,1.0,0.0,35.191696,56.839157,9.47243,3.0,0.0,80.0,0.0
77.0,191.4441,35.99554,83.13678,28.0,0.0,0.0,100.0,-7.0,7.0,8.0,27.0,0.0,54.320217,1.0,1.0,1.0,43.60155,82.097466,3.0,3.0,2.0,69.54187,0.0
72.0,-8.301886,6.0,18.837378,15.0,0.0,0.0,100.0,-7.0,7.0,8.0,18.0,2.0,12.145705,0.0,0.0,0.0,22.95668,-8.0,4.0,-9.0,1.0,50.0,0.0
87.0,458.3318,136.14578,319.37482,9.0,0.0,0.0,100.0,-7.0,7.0,8.0,9.499282,0.0,12.34801,0.0,0.0,0.0,12.322153,-8.0,2.0,-8.0,0.0,64.94325,0.0
86.67544,311.1372,8.0,93.24072,33.070183,0.0,0.0,100.0,-7.0,7.0,8.0,39.090702,2.0,15.356638,9.365468,0.0,0.0,6.0,-8.0,6.0,1.0,0.0,50.0,0.0
75.0,-9.0,-9.0,-9.0,12.0,0.0,0.0,100.0,-7.0,7.0,8.0,12.306265,10.596592,17.0,4.0,2.0,1.0,21.0,33.919674,3.0,3.0,0.0,64.0,0.0
69.18329,190.14716,1.0,56.602085,28.0,0.0,0.0,100.0,-7.0,7.0,8.0,40.393597,6.0,31.39065,0.0,3.823999,3.193685,36.0,112.52059,3.1920657,3.0,1.0,47.996914,0.0
77.0,303.6544,17.0,81.18894,26.0,0.0,0.0,91.51068,13.35341,6.0,6.0,26.0,0.0,31.0,7.0,0.0,0.0,22.95051,47.601635,3.0,6.0,0.0,58.0,0.0
84.0,221.25642,4.0,116.52143,12.982606,0.0,0.0,100.0,-7.0,7.0,8.0,20.0,2.0,22.0,-7.0,2.0,1.0,6.0,-8.0,2.0,-8.0,0.0,50.0,0.0
76.92009,344.08136,4.0,96.886345,34.561737,0.0,0.0,100.0,-7.0,7.0,8.0,54.270054,1.0,32.01086,0.0,1.0,1.0,24.993513,82.185585,8.592924,4.0,0.0,83.0,0.0
90.97083,228.67389,17.0,254.52086,9.0,0.0,0.0,100.0,-7.0,7.0,8.0,12.0,0.0,24.0,-8.0,0.0,0.0,6.33343,-8.0,5.0,1.0,0.0,100.0,0.0
-9.0,-9.0,-9.0,-9.0,-9.0,-9.0,-9.0,-9.0,-9.0,-9.0,-9.0,-9.0,-9.0,-9.0,-9.0,-9.0,-9.0,-9.0,-9.0,-9.0,-9.0,-9.0,-9.0,0.0
75.0,309.8648,2.0,94.25173,24.0,0.0,0.0,100.0,-7.0,7.0,8.0,27.0,2.0,42.0,-8.0,0.0,0.0,54.29047,86.046555,5.0,4.0,0.0,81.39973,0.0
75.0,207.68263,3.0,78.85592,39.0,0.0,0.0,100.0,-7.0,7.0,8.0,33.0,2.0,33.0,16.0,0.0,0.0,63.65363,73.09433,4.0,5.0,1.0,67.0,0.0
78.47498,177.05853,3.0,71.792984,10.0,0.0,0.0,100.0,-7.0,7.0,8.0,13.67928,1.0,44.0,0.0,5.0,4.6869936,50.30198,-8.0,2.0,2.0,1.0,80.0,0.0
66.84112,208.75644,3.0,84.0,71.4879,0.0,0.0,100.0,30.39568,6.0,6.0,63.62455,3.0,28.0,1.0,4.0,4.0,49.090134,82.80284,20.29307,5.0,2.0,78.0,0.0
69.0,204.88339,23.282217,75.567604,20.0,1.0,0.0,90.071304,3.94941,-9.0,3.0,23.0,0.0,15.636032,5.0,0.0,0.0,30.45806,-8.0,3.0,2.0,1.0,40.0,0.0
81.0,205.16437,7.0,126.43272,14.940711,0.0,0.0,100.0,-7.0,7.0,8.0,17.0,2.0,21.0,4.4710155,1.0,1.0,59.382103,53.715015,3.0,3.0,0.0,72.305695,0.0
82.0,221.44049,31.807865,98.58022,7.736115,0.0,0.0,100.0,-7.0,7.0,8.0,13.0464735,0.0,19.276453,6.0,1.0,1.0,33.40458,-8.0,2.0,1.0,0.0,44.0,0.0
87.0,-8.0,4.0,65.0,6.0,0.0,0.0,100.0,-7.0,7.0,8.0,-9.0,2.0,69.31568,12.0,0.0,0.0,0.0,69.46177,0.0,2.0,-8.935572,47.595467,0.0
84.0,301.54037,4.011341,85.95603,43.881477,0.0,0.0,100.0,69.00101,6.0,6.0,43.014694,3.0,20.0,0.91928947,0.0,0.0,6.0,80.0,4.0,2.0,0.0,33.0,0.0
84.0,219.41452,9.0,77.0,21.0,0.0,0.0,100.0,-7.0,7.0,8.0,19.0,1.1625531,11.0,0.0,2.0,2.0,0.0,-8.0,1.0,1.0,0.0,-9.0,0.0
85.0,181.79387,5.0,70.0,47.305656,0.0,0.0,100.0,-7.0,7.0,8.0,57.18803,2.0,56.635986,0.0,0.0,0.0,6.625752,85.30353,2.0,3.0,0.0,67.0,0.0
88.0,172.99097,2.0,84.0,32.0,0.0,0.0,100.0,-7.0,7.0,8.0,38.0,1.0,40.93597,0.0,4.0,3.0,6.0,45.572697,5.0,5.0,0.0,90.012726,0.0
75.0,348.256,6.0,89.95227,39.517433,0.0,0.0,95.0,36.113304,6.0,6.0,40.323425,1.0,18.0,18.124043,0.0,0.0,30.849144,-8.0,5.0,1.0,1.0,50.0,0.0
87.0,261.96185,6.0,79.0,25.0,0.0,0.0,100.0,-7.0,7.0,8.0,27.787846,2.0,39.0,0.0,1.0,1.0,1.0,79.06578,3.0,4.0,0.0,67.07367,0.0
85.0562,158.49626,10.0,77.0,41.504215,0.0,0.0,100.0,-7.0,7.0,8.0,33.417904,0.0,20.0,3.0,3.0,2.0,4.0,-8.0,4.0,1.0,0.0,30.01359,0.0
73.57781,210.55562,16.0,61.57237,21.0,0.0,0.0,100.0,-7.0,7.0,8.0,26.0,0.0,15.288136,0.0,4.0,4.0,25.0,96.29675,5.0,2.0,2.0,60.0,0.0
79.0,223.05724,4.9570737,126.155235,27.0,0.0,0.0,100.0,-7.0,7.0,8.0,29.0,1.0,33.0,0.0,0.0,0.0,43.266865,70.326324,2.0,1.0,2.0,43.0,0.0
68.0,149.40999,7.0,68.213486,44.957634,0.0,0.0,94.0,59.313763,6.0,6.0,52.475758,2.0,16.0,0.0,3.6214137,3.0,37.084927,88.96039,7.0,3.0,4.0,63.0,0.0
84.0,218.53564,4.0,81.617546,30.20905,0.0,0.0,100.0,-7.0,7.0,8.0,31.0,1.0,22.0,0.0,0.0,0.0,0.0,71.0,5.0,3.0,0.0,48.78558,0.0
83.36105,127.79105,4.0,67.0,13.0,1.0,0.0,93.0,45.81211,6.0,5.0,19.0,2.0,69.368706,0.0,0.0,0.0,1.0,94.80729,1.0,5.0,0.0,100.0,0.0
84.97831,444.00388,6.0,114.7198,39.0,0.0,0.0,100.0,-7.0,7.0,8.0,34.554443,1.9156051,21.995625,0.0,3.4883237,3.0,14.245741,-8.0,2.0,1.0,0.0,22.217915,0.0
82.0,144.39038,0.16374125,56.98202,9.0,0.0,0.0,100.0,-7.0,7.0,8.0,14.2982235,2.0,38.16721,0.0,2.0,2.0,20.637201,-8.0,2.0,1.0,0.0,60.0,0.0
71.0,131.93353,2.60501,60.85259,39.93905,0.0,0.0,100.0,-7.0,7.0,8.0,34.0,3.0,35.753254,0.0,4.0,3.0,3.0,-8.0,8.849319,1.0,1.0,40.0,0.0
91.0,323.68063,3.0,106.24907,24.658255,0.0,0.0,100.0,-7.0,7.0,8.0,23.0,1.0,21.53751,-9.0,0.0,0.0,3.0,-8.0,1.0,1.0,0.0,33.0,0.0
77.031006,152.74461,2.0,63.0,40.799335,0.0,0.0,100.0,-7.0,7.0,8.0,44.36611,2.0,77.128235,0.0,10.549618,8.432647,8.0,30.530533,2.0,22.945227,0.0,80.0,0.0
78.0,190.94728,21.619898,91.59141,21.0,0.0,0.0,100.0,-7.0,7.0,8.0,21.564575,0.0,60.164135,-7.0,0.0,0.0,48.43511,61.35906,3.0,2.0,0.0,75.0,0.0
45.626205,145.41129,16.0,45.661877,15.0,0.0,0.0,78.14611,-7.0,4.0,6.0,19.0,0.0,32.581142,16.839138,0.0,0.0,40.042007,-8.0,2.0,2.0,1.0,43.0,0.0
81.0,186.0886,15.0,85.67396,30.0,0.0,0.0,100.0,-7.0,7.0,8.0,17.0,0.0,51.726555,-9.0,0.0,0.0,23.93648,91.79386,3.0,2.0,2.0,100.0,0.0
62.183414,143.55472,5.0,69.40687,33.0,2.0,0.0,96.0,22.421806,4.0,6.0,44.295647,1.2056241,18.165873,6.0,0.0,0.0,42.121483,-8.0,8.0,1.0,1.0,69.04807,0.0
67.0,232.24187,14.70424,82.59095,14.0,1.0,1.0,89.0,1.0,4.0,5.0,15.110256,0.0,40.0,-7.0,0.0,0.0,0.81017697,71.0,1.0,2.0,0.0,48.67374,0.0
85.0,186.9087,2.0,88.18439,39.099255,0.0,0.0,100.0,-7.0,7.0,8.0,44.60985,1.0,68.495674,2.1950626,1.0,1.0,2.0,-8.0,3.0,4.0,0.0,61.43072,0.0
64.0,282.83,7.0,110.95044,11.773603,3.6053963,4.1600423,100.0,-7.0,4.0,8.0,12.0,2.0,42.70104,-8.0,0.0,0.0,70.56226,-8.0,2.0,-8.0,0.0,70.127495,0.0
84.0,191.69713,6.0,68.0,27.0,0.0,0.0,100.0,-7.0,7.0,8.0,48.326656,2.0,24.0,4.0,0.0,0.0,16.202324,100.0,3.0,3.0,0.0,63.0,0.0
91.94344,394.29486,19.316723,168.70692,16.0,0.0,0.0,100.0,-7.0,7.0,8.0,14.0,0.0,30.0,0.0,0.0,0.0,2.1624038,-8.0,4.786658,-8.0,0.0,67.0,0.0
81.0,192.37881,2.0,72.97652,23.0,0.0,0.0,100.0,-7.0,7.0,8.0,26.0,3.0,13.754916,9.0,0.0,0.0,33.37249,-8.0,4.0,2.0,0.0,60.0,0.0
89.0,205.73727,7.0,111.09744,26.0,0.0,0.0,100.0,-7.0,7.0,8.0,24.273058,1.0,46.0,4.357449,1.0,1.0,8.427651,80.0,3.0,2.0,0.0,55.721592,0.0
-9.0,349.22192,2.0,111.4121,18.171982,2.0,2.0,80.455666,-7.0,4.0,5.0,24.0,4.0,33.0,2.0,2.0,2.0,40.88831,24.699427,4.0,2.0,2.0,77.7616,0.0
-9.0,-9.0,-9.0,-9.0,-9.0,-9.0,-9.0,-9.0,-9.0,-9.0,-9.0,-9.0,-9.0,-9.0,-9.0,-9.0,-9.0,-9.0,-9.0,-9.0,-9.0,-9.0,-9.0,0.0
-9.0,-9.0,-9.0,-9.0,-9.0,-9.0,-9.0,-9.0,-9.0,-9.0,-9.0,-9.0,-9.0,-9.0,-9.0,-9.0,-9.0,-9.0,-9.0,-9.0,-9.0,-9.0,-9.0,0.0
70.0,117.34221,10.0,71.58303,22.0,0.0,0.0,100.0,-7.0,7.0,8.0,24.0,2.0,38.0,-7.0,0.0,0.0,69.16757,86.87895,4.0,3.0,2.0,68.76937,0.0
85.07161,276.80322,7.0,129.15654,29.314411,0.0,0.0,100.0,-7.0,7.0,8.0,30.0,1.0,30.0,0.0,3.0,2.0,0.9549772,-8.0,4.0,1.0,0.0,37.87935,0.0
87.0,181.90018,22.661667,95.483864,15.0,0.0,0.0,100.0,-7.0,7.0,8.0,15.0,0.0,42.0,1.5302098,1.0,1.0,15.133106,-8.0,1.0,2.0,0.0,44.0,0.0
79.0,7.599844,21.137722,104.64189,11.4689,0.0,0.0,100.0,-7.0,7.0,8.0,-9.0,0.0,68.1979,0.0,1.0,1.0,33.760098,17.70266,1.0,2.0,0.0,100.0,0.0
70.0,-9.0,5.0,-9.0,12.0,0.0,0.0,92.0,57.953766,6.0,6.0,13.0,3.0,29.0,0.0,2.0,2.0,25.305765,94.15735,2.0,3.0,0.0,69.786545,0.0
89.6674,325.53326,17.70348,181.89711,14.980865,0.0,0.0,100.0,-7.0,7.0,8.0,16.0,0.0,50.509743,-7.0,1.0,0.0,0.0,-8.0,-9.0,1.0,0.0,28.850409,0.0
-9.0,-9.0,-9.0,-9.0,-9.0,-9.0,-9.0,-9.0,-9.0,-9.0,-9.0,-9.0,-9.0,-9.0,-9.0,-9.0,-9.0,-9.0,-9.0,-9.0,-9.0,-9.0,-9.0,0.0
68.0,139.02942,17.431454,85.66656,12.0,1.0,0.0,67.94867,7.591591,6.0,5.0,16.106709,0.0,39.0,0.9006645,3.0,3.0,12.0,14.93468,6.0,2.0,0.0,86.0,0.0
68.0,133.78336,7.0,37.851055,23.563494,0.0,0.0,100.0,-7.0,7.0,8.0,32.449,2.0,31.0,0.0,4.0,4.0,53.61186,96.48837,10.646747,1.0518016,2.0,81.93299,0.0
70.0,31.96115,6.501475,56.032494,19.0,0.0,0.0,100.0,-7.0,7.0,8.0,18.0,1.0,35.0,-7.0,0.0,0.0,69.19717,48.129948,3.0,1.0,2.0,94.60584,0.0
79.0,180.68083,6.5534506,78.45525,36.855156,0.0,0.0,100.0,-7.0,7.0,8.0,34.0,2.0,40.0,-7.0,0.0,0.0,27.154274,78.08214,9.0,1.0,1.0,80.0,0.0
79.87138,151.79124,12.0,139.12709,20.0,0.0,0.0,97.0,16.642488,6.0,6.0,20.0,0.0,24.0,-7.0,0.0,0.0,47.185547,79.19034,4.0,2.0,0.0,88.0,0.0
-9.0,-9.0,-9.0,-9.0,-9.0,-9.0,-9.0,-9.0,-9.0,-9.0,-9.0,-9.0,-9.0,-9.0,-9.0,-9.0,-9.0,-9.0,-9.0,-9.0,-9.0,-9.0,-9.0,0.0
79.0,230.28636,7.0,68.0,16.0,0.0,0.0,100.0,-7.0,7.0,8.0,17.0,3.0,39.0,0.0,2.0,2.0,3.0,-8.0,3.0,3.0,0.0,56.30544,0.0
82.0,233.12474,50.110374,124.66995,20.459324,0.0,0.0,91.0,17.894709,6.0,6.0,23.0,0.0,44.0,-7.0,0.0,0.0,18.126568,-8.0,5.0,1.0,0.21445712,72.90851,0.0
66.0,134.85391,1.0,50.398895,49.59533,0.0,0.0,90.0,9.805932,6.0,6.0,55.47293,4.0,29.0,0.0,1.0,1.0,9.0,88.0,6.0,5.439805,0.0,50.0,0.0
87.0,270.93115,17.0,125.67968,14.0,0.0,0.0,100.0,-7.0,7.0,8.0,24.0,0.0,24.0,0.0,1.0,1.0,0.0,-8.0,1.4831076,1.0,0.0,35.80921,0.0
88.0,230.17786,5.0,77.0,28.0,0.0,0.0,100.0,-7.0,7.0,8.0,24.0,3.0,25.0,21.142054,0.0,0.0,2.0,-8.0,3.0,1.0,0.0,43.0,0.0
84.0,193.61646,8.475879,80.832306,29.273354,0.0,0.0,100.0,-7.0,7.0,8.0,27.0,0.0,35.840656,-8.0,0.0,0.0,17.190374,-8.0,2.0,2.0,0.0,40.0,0.0
88.0,159.39392,4.0,90.0,18.0,0.0,0.0,100.0,-7.0,7.0,8.0,18.0,1.0,24.0,6.218181,0.0,0.0,9.0,-8.0,1.0,1.0,0.0,27.772373,0.0
73.65619,189.38792,3.0,109.87622,28.0,0.0,0.0,93.0,18.91756,6.0,6.0,28.0,1.0,28.721222,0.0,5.952964,5.312194,16.467672,-8.0,3.0,1.0,1.0,42.711636,0.0
85.0,253.14124,6.0,77.18706,34.0,0.0,0.0,100.0,-7.0,7.0,8.0,31.533133,1.0,45.87559,0.0,2.0,2.0,0.0,-8.0,2.0,1.0,0.0,25.491177,0.0
69.992096,199.48204,1.0,63.5266,30.181822,1.0,1.0,100.0,31.172493,6.0,2.0,33.386047,3.0,31.132772,1.0,1.0,1.0,25.0,-8.0,7.0,2.0,1.0,70.97303,0.0
81.0,161.45724,27.84107,74.0,19.0,0.0,0.0,93.93375,46.535965,6.0,6.0,3.9941685,0.0,16.0,0.0,3.519828,3.0,11.0,-8.0,3.0,1.0,0.0,31.341278,0.0
62.79473,152.3607,8.0,71.0,27.0,2.0,2.0,89.0,29.25099,6.0,3.0,26.0,2.0,33.0,0.0,1.0,1.0,17.0,-8.0,2.0,1.0,0.0,40.0,0.0
75.82085,209.30304,1.0,114.07782,50.715473,0.0,0.0,100.0,-7.0,7.0,8.0,26.0,2.7718518,20.698322,-8.0,3.0,3.0,8.0,86.62062,5.0,3.0,1.0,44.18095,0.0
83.0,195.25246,20.553411,89.36698,19.0,0.0,0.0,97.0,21.858631,6.0,6.0,18.0,0.0,33.0,12.0,0.0,0.0,10.0,-8.0,3.0,1.0,0.0,43.0,0.0
82.0,170.57199,2.0,90.3665,28.0,2.0,1.0,92.0,17.975752,6.0,5.4880557,34.0,1.0,33.310616,-7.0,0.0,0.0,1.7389119,95.16652,1.0,2.0,0.0,25.481503,0.0
73.0,150.31113,2.0,85.138336,20.0,1.0,0.0,88.0,34.20766,6.0,5.0513754,21.0,2.0,11.0,-7.0,2.0,1.8996067,15.080874,-8.0,5.0,1.0,0.0,72.187675,0.0
65.0,24.949362,2.0,37.095493,25.0,0.0,0.0,96.0,40.163353,6.0,6.0,33.0,3.0,24.930191,0.0,2.0,2.0,36.0,91.2903,8.535424,2.0,1.0,62.908073,0.0
80.8919,165.22122,3.0,107.36936,26.0,0.0,0.0,100.0,-7.0,7.0,8.0,27.26074,2.0,25.85813,6.6949677,0.0,0.0,16.0,-8.0,5.0,1.0,0.0,56.05879,0.0
84.0,367.97552,11.0,167.23293,18.0,0.0,0.0,100.0,-7.0,7.0,8.0,16.0,0.0,23.0,6.6164,1.0,1.0,0.75775445,-8.0,2.0,2.0,0.0,44.0,0.0
-9.0,-9.0,-9.0,-9.0,-9.0,-9.0,-9.0,-9.0,-9.0,-9.0,-9.0,-9.0,-9.0,-9.0,-9.0,-9.0,-9.0,-9.0,-9.0,-9.0,-9.0,-9.0,-9.0,0.0
75.0,138.7481,18.009253,92.46004,28.0,1.0,1.0,100.0,-7.0,7.0,8.0,48.97632,0.0,20.0,4.0,0.0,0.0,1.0,-8.0,1.0,1.0,0.0,50.0,0.0
82.22713,175.23895,2.0,63.0,21.0,0.0,0.0,100.0,-7.0,7.0,8.0,21.867077,1.0,17.0,0.0,4.0,4.3242207,0.0,-8.0,2.0,-8.0,0.0,47.933865,0.0
62.41723,196.1297,5.0,76.0,72.6854,0.0,0.0,100.0,6.0,5.0,6.0,78.164154,1.0,11.516818,0.0,1.0,1.0,36.0,37.660027,10.494382,2.0,2.0,42.532055,0.0
82.0,216.74548,4.0,94.28057,14.0,0.0,0.0,100.0,-7.0,7.0,8.0,14.895239,1.0,40.736843,0.0,2.0,2.0,2.0,22.350283,4.0,3.0,0.0,82.25048,0.0
85.0,314.36044,9.303832,108.96755,27.0,0.0,0.0,100.0,-7.0,7.0,8.0,27.0,1.0,14.0,21.059525,0.0,0.0,4.2861853,-8.0,4.0,-8.0,0.0,33.0,0.0
86.0,365.94684,12.773349,116.525665,26.0,0.0,0.0,100.0,-7.0,7.0,8.0,40.31056,0.0,26.68081,-7.0,2.0,1.0,12.667951,64.45188,4.0,2.0,0.0,60.0,0.0
65.0,147.37813,4.0,67.0,38.385464,2.0995228,0.0,78.99949,6.066786,6.0,5.9816914,44.354485,3.0,20.0,0.0,0.0,0.0,10.0,-8.0,5.0,2.0,0.0,44.39508,0.0
72.0,190.18242,16.0,63.16527,10.035241,0.0,0.0,100.0,-7.0,7.0,8.0,9.261166,0.0,29.187477,0.0,1.0,1.0,93.20725,84.69871,3.0,2.0,2.0,75.0,0.0
84.0,75.57427,13.557812,61.574883,13.184038,0.0,0.0,100.0,-7.0,7.0,8.0,21.0,0.0,61.933216,23.950396,0.0,0.0,0.0,80.0,1.0,2.0,0.0,50.94409,0.0
67.0,178.57799,31.322466,100.99029,8.478933,0.0,0.0,77.6105,1.0,0.0,6.0,5.102097,0.0,18.220215,0.0,0.0,0.0,52.352158,-8.0,2.0,1.0,0.0,100.0,0.0
72.0,97.59433,2.3707628,59.177357,17.0,0.0,0.0,88.0,48.13434,6.0,6.0,21.0,6.52731,50.0,-7.0,3.0,3.0,7.0,91.0,4.0,3.0,0.0,91.29108,0.0
69.0,167.29645,5.8133264,95.14203,13.0,0.0,0.0,77.36919,3.1217651,6.0,6.0,17.0,1.0,44.492195,8.242099,0.0,0.0,16.310514,89.31534,2.0,2.0,0.0,41.337833,0.0
85.0,99.008675,3.0,52.147564,17.0,0.0,0.0,100.0,-7.0,7.0,8.0,20.28801,3.0,45.667843,12.0,0.0,0.0,6.0202913,96.02579,2.0,2.0,0.0,80.0,0.0
71.0,161.3576,7.0,77.17509,41.926003,0.0,0.0,100.0,-7.0,7.0,8.0,41.453945,3.0,14.099217,0.0,5.577121,5.0,2.9379094,-8.0,7.0,2.0,0.0,38.77678,0.0
68.18235,133.06688,3.0,58.0,50.453938,0.0,0.0,100.0,-7.0,7.0,8.0,57.0565,3.0,24.0,0.0,6.0455995,5.298691,50.1929,84.6759,6.0,2.0,3.0,50.0,0.0
75.34326,131.58148,1.0,52.935944,21.181879,0.0,0.0,100.0,-7.0,7.0,8.0,9.010955,6.593079,55.399982,1.0,2.0,2.0,7.0,23.836462,4.0,3.0,1.0,63.0,0.0
61.47848,263.19717,8.0,145.57217,46.660572,0.0,0.0,95.541214,6.7056456,6.0,6.0,59.75855,2.0,18.065329,6.0,0.0,0.0,52.232395,44.047985,8.0,2.0,4.0,58.0,0.0
28.261618,158.0929,3.0,65.0,21.0,4.328259,1.0,87.586494,-7.0,-9.0,4.0,24.841526,2.0,58.708786,0.0,0.0,0.0,42.000298,76.0,3.0,4.0,0.0,75.0,0.0
79.0,357.34244,20.0,105.38336,21.0,0.0,0.0,83.74983,5.349552,5.1444564,6.0,25.0,0.0,19.0,0.0,0.0,0.0,8.0,-8.0,2.0,1.0,0.0,22.853111,0.0
-9.0,-9.0,-9.0,-9.0,-9.0,-9.0,-9.0,-9.0,-9.0,-9.0,-9.0,-9.0,-9.0,-9.0,-9.0,-9.0,-9.0,-9.0,-9.0,-9.0,-9.0,-9.0,-9.0,0.0
78.0,386.71582,5.0,91.86794,36.0,0.0,0.0,100.0,-7.0,7.0,8.0,34.0,7.2039447,42.0,2.0,3.0,3.0,21.866991,100.0,3.0,6.0,0.0,50.0,0.0
75.0,352.7337,17.600039,105.24985,38.665966,0.0,0.0,100.0,-7.0,7.0,8.0,33.577065,0.0,27.0,-7.0,0.0,0.0,18.0,34.754665,9.689032,4.2986073,1.0,67.0,0.0
68.0,292.92365,1.0,89.20159,21.921085,0.0,0.0,85.21916,-7.0,3.2370303,6.0,20.0,2.0,33.0,0.0,0.0,0.0,0.0,91.96166,2.0,3.0,0.0,41.104256,0.0
72.0,166.5156,9.0,63.0,17.861963,0.0,0.0,100.0,-7.0,7.0,8.0,10.711003,1.0,57.617966,-7.0,0.0,0.0,40.612637,-8.0,2.0,1.0,0.0,100.0,0.0
82.0,207.0031,2.0,76.54223,37.735138,0.0,0.0,100.0,-7.0,7.0,8.0,44.02357,5.0,31.327036,0.0,0.0,0.0,10.525067,88.0,3.0,5.0,0.0,47.020157,0.0
76.0,477.44513,3.0,99.99136,19.0,0.0,0.0,100.0,-7.0,7.0,8.0,23.0,6.0,18.0,0.0,2.0,1.0,1.0,-8.0,3.0,1.0,1.0,33.0,0.0
84.0,137.3914,4.0,57.840927,17.0,0.0,0.0,100.0,-7.0,7.0,8.0,20.0,3.0,24.51827,-7.0,0.0,0.0,4.0,92.60347,4.0,2.0,0.0,60.0,0.0
80.39747,286.38815,11.0,84.0,16.375687,0.0,0.0,100.0,-7.0,7.0,8.0,18.0,0.59355587,43.0,4.0,0.0,0.0,15.353115,-8.0,5.0,-0.57843155,0.0,67.0,0.0
86.0,237.60988,5.0,72.78072,20.88891,0.0,0.0,100.0,-7.0,7.0,8.0,19.0,2.0,47.0,16.0,0.0,0.0,24.227568,93.88988,1.0,2.0,0.0,53.05287,0.0
92.23983,255.38603,8.0,131.89772,10.0,0.0,0.0,100.0,-7.0,7.0,8.0,3.8610775,1.0,16.0,-7.0,0.0,0.0,1.0,-8.0,2.0,-8.0,0.0,48.15374,0.0
86.0,216.09421,19.964935,91.417145,7.179813,0.0,0.0,100.0,-7.0,7.0,8.0,12.0,0.0,36.271854,7.0,0.0,0.0,10.0,-8.0,1.0,1.0,0.0,77.846405,0.0
-9.0,375.25317,4.0,107.81105,20.0,3.6047995,0.0,83.70924,4.8074512,-9.0,5.0,27.0,2.0,40.0,0.0,1.0,1.2367287,46.48826,87.48806,5.0,4.0,1.0,83.63777,0.0
74.396034,162.10612,13.230842,84.0,21.853516,1.0,1.0,95.0,52.190372,6.0,4.0,32.0,0.0,24.0,3.2108366,2.0,2.0,43.830036,-8.0,1.0,1.0,0.0,41.30362,0.0
15.528014,-9.0,-9.0,42.555878,-9.0,-9.0,-9.0,-9.0,-9.0,-9.0,-8.842427,-9.0,-9.0,-9.0,-9.0,0.0,-9.0,-9.0,-9.0,-9.0,-9.0,-9.0,-9.0,0.0
88.0,357.36813,27.021687,140.8778,18.0,0.0,0.0,100.0,-7.0,7.0,8.0,24.0,0.0,36.0,2.0,1.0,1.0,18.0,26.91252,3.0,2.0,0.0,58.0,0.0
88.27643,170.46498,13.0,120.02674,14.0,0.0,0.0,100.0,-7.0,7.0,8.0,-9.0,0.0,14.0,16.0,0.0,0.0,3.0,-8.0,2.0,1.0,0.0,27.996983,0.0
73.0,196.67834,7.9623523,67.0,15.0,0.0,0.0,100.0,-7.0,7.0,8.0,21.000427,2.0,23.962416,0.0,0.0,0.0,28.0,47.76175,7.0,2.0,0.0,75.0,0.0
77.0,134.47464,18.754972,64.206825,14.0,0.0,0.0,94.0,26.792763,6.0,6.0,15.0,0.0,25.0,1.0,0.0,0.0,0.991578,74.34816,1.0,2.0,0.0,24.753605,0.0
80.0,160.67384,12.415194,94.94729,25.940407,0.0,0.0,100.0,-7.0,7.0,8.0,24.0,0.0,26.0,0.0,0.0,0.0,48.46159,-8.0,3.0,3.0,0.0,60.0,0.0
60.24497,143.70259,1.0,38.469616,18.0,0.0,0.0,100.0,-7.0,6.0,8.0,22.0,4.0,26.0,0.0,4.0,4.0,45.284065,91.0,9.0,2.0,1.0,75.0,0.0
-9.0,-9.0,-9.0,-9.0,-9.0,-9.0,-9.0,-9.0,-9.0,-9.0,-9.0,-9.0,-9.0,-9.0,-9.0,-9.0,-9.0,-9.0,-9.0,-9.0,-9.0,-9.0,-9.0,0.0
65.44833,286.21768,4.0,73.37081,26.0,0.0,0.0,88.0,24.175592,6.0,6.0,28.559404,2.0,30.0,-7.0,0.0,0.0,47.811264,45.428837,7.0,5.0,2.0,88.0,0.0
78.0,397.97855,6.0,117.21632,18.64524,1.0,1.0,100.0,-7.0,7.0,8.0,19.781557,2.0,23.14773,1.0,0.0,0.0,8.048468,73.34523,5.0,2.0,0.0,88.0,0.0
77.0,399.3852,4.0,88.01047,27.945261,0.0,0.0,100.0,-7.0,7.0,8.0,24.0,2.0,21.0,2.0,2.0,2.0,8.0,-8.0,4.0,-8.0,0.0,33.205273,0.0
87.0,367.52127,15.233864,87.98453,14.0,0.0,0.0,100.0,-7.0,7.0,8.0,17.0,0.0,11.253993,0.0,1.0,0.0,7.0,86.66286,4.0,1.0201576,0.0,54.479496,0.0
-9.0,-9.0,-9.0,-9.0,-9.0,-9.0,-9.0,-9.0,-9.0,-9.0,-9.0,-9.0,-9.0,-9.0,-9.0,-6.4532585,-9.0,-9.0,-9.0,-9.0,-9.0,-9.0,-9.0,0.0
79.0,176.96292,21.791807,100.2112,15.0,0.0,0.0,77.83068,29.338991,6.0,6.0,16.602055,0.0,44.20384,0.0,0.0,0.0,18.93559,-8.0,2.0,1.0,0.0,78.0,0.0
77.0,294.91452,7.241829,115.707825,35.30331,1.0,1.0,91.0,-7.0,2.185257,4.0,25.0,2.0,13.142621,0.0,0.0,0.0,6.0,-8.0,8.271871,1.0,0.0,44.706993,0.0
73.0,173.40761,2.0,58.009064,19.34763,0.0,0.0,100.0,-7.0,7.0,8.0,24.83653,3.0,36.672684,-7.0,2.0,2.0,0.07357047,22.63779,4.0,2.0,0.0,100.0,0.0
80.0,226.44603,6.0,71.0,22.471645,0.0,0.0,100.0,-7.0,7.0,8.0,28.0,2.0,40.0,-7.0,0.0,0.0,0.4023516,88.993256,2.0,3.0,0.0,71.0,0.0
80.853714,94.20148,7.0,73.73948,33.0,0.0,0.0,100.0,-7.0,7.0,8.0,3.9807322,1.0,24.0,16.920008,0.0,0.0,6.0,88.3676,3.8356898,2.0,0.0,11.064689,0.0
68.0,199.02226,3.0,70.0,33.0,3.0519614,3.1564822,100.0,-7.0,4.7346196,8.0,44.342148,7.044631,25.0,0.0,1.0,1.0,47.417725,61.7572,3.0,2.0,1.0,80.0,0.0
75.0,204.75206,6.0,102.54431,31.0,0.0,0.0,100.0,-7.0,6.0,8.0,0.35773143,1.0,44.499508,2.0,0.0,0.0,20.60653,49.795918,5.0,6.3127975,0.0,71.0,0.0
87.0,254.7424,11.0,144.90707,12.0,0.0,0.0,100.0,-7.0,7.0,8.0,14.37047,0.0,10.764982,-7.0,0.0,0.0,6.0,-8.0,3.0,-8.0,0.0,47.22969,0.0
79.0,340.4825,4.0,93.93234,25.742945,0.0,0.0,97.0,17.399214,6.0,6.0,29.0,4.0,55.27778,0.0,3.0,3.0,2.0,18.487339,2.8374743,6.857304,0.0,67.0,0.0
65.0,115.48416,2.0,58.358913,41.29324,0.0,0.0,93.0,-7.0,4.0,6.0,35.0,5.926412,33.0,-7.0,0.0,0.0,9.0,-8.0,5.708518,3.0,0.0,57.0,0.0
76.0,174.2223,5.0,72.0,16.0,0.0,0.0,100.0,-7.0,7.0,8.0,15.0,2.0,45.0,1.0,3.0,3.0,39.54887,-8.0,2.0,2.0,0.0,67.0,0.0
90.404175,218.98212,30.561344,119.60217,10.0,0.0,0.0,100.0,-7.0,7.0,8.0,12.0,0.0,17.0,0.0,0.0,0.0,6.7531896,-8.0,2.0,1.0,0.0,57.0,0.0
-9.0,180.23514,11.943274,111.695366,17.0,8.62556,2.0,-9.0,-7.0,-9.0,2.0,25.0,0.0,35.99656,0.0,1.0,1.0,22.058239,-8.0,3.0,2.0,0.0,64.0,0.0
-9.0,-9.0,-9.0,-9.0,-9.0,-9.0,-9.0,-9.0,-9.0,-9.0,-9.0,-9.0,-9.0,-9.0,-9.0,-9.0,-9.0,-9.0,-9.0,-9.0,-9.0,-9.0,-9.0,0.0
82.0,429.642,7.0,119.850204,12.0,0.0,0.0,100.0,-7.0,7.0,8.0,13.0,3.0,21.0,-3.623015,0.0,0.0,47.419895,65.087555,4.0,1.8660983,0.0,72.38485,0.0
84.0,381.0196,65.165924,204.92572,25.0,0.0,0.0,100.0,-7.0,7.0,8.0,22.13406,0.0,41.0,-7.0,0.0,0.0,1.0,-8.0,3.0,1.0,0.0,63.0,0.0
80.0,496.14243,6.7840037,126.99357,14.0669155,0.0,0.0,100.0,-7.0,7.0,8.0,19.0,1.0,51.254696,-7.0,0.0,0.0,72.64325,23.231964,2.0,2.0,0.0,100.0,0.0
72.79389,217.25873,24.561314,93.04487,19.0,1.0,1.0,80.15622,4.0,0.6751332,2.0,8.0,0.0,23.0,-8.0,0.0,0.0,4.820444,-8.0,2.0,1.0,0.0,41.946037,0.0
68.9035,139.0244,6.0,79.0,13.0,2.0,1.0017426,83.27923,10.288786,4.0,4.0,11.0,1.0,43.0,0.0,0.0,0.0,1.0,-8.0,1.0,2.0,0.0,38.0,0.0
89.0,191.93405,10.0,88.427826,24.625416,0.0,0.0,100.0,-7.0,7.0,8.0,32.0,1.010071,45.1655,0.0,1.0,1.0,6.0,-8.0,1.0,1.0,0.0,36.19919,0.0
77.0,246.4373,8.60242,85.17595,19.0,0.0,0.0,95.0,59.36506,6.0,6.0,24.448591,1.0,65.7109,-7.0,0.0,0.0,35.263706,90.9522,3.0,2.0,0.0,85.84546,0.0
75.0,253.49481,7.0,120.69754,51.720985,2.0,2.633577,100.0,-7.0,7.0,8.0,54.393486,2.0,27.0,0.0,0.55865383,0.0,15.612902,50.810127,7.0,4.0,3.0,60.0,0.0
66.15364,255.79857,6.0,67.22925,20.0,0.0,0.0,92.37345,-7.0,4.0,6.0,23.0,2.0,18.777498,1.0,2.5180917,2.0,49.4338,-8.0,10.217949,1.0,1.0,83.0,0.0
75.0,65.13604,5.141172,56.232944,36.0,1.0,1.0,100.0,-7.0,6.0,8.0,30.0,1.0,22.871374,7.0,1.0,1.0,13.549198,21.134455,3.0,1.0,1.0,45.687836,0.0
66.579,324.20422,-5.665563,91.31,44.401417,1.0,1.0,82.77761,22.889017,6.0,3.6544478,60.693043,3.0,42.0,2.0,1.0,1.726665,30.599129,62.940784,10.37653,7.9747066,0.0,81.23251,0.0
75.0,395.02774,7.0,122.88165,39.708355,1.0,1.338513,93.0,51.661613,6.0,6.0,33.0,1.0,19.0,10.200332,0.0,0.0,19.607006,-8.0,5.0332394,2.0,0.0,43.0,0.0
89.0,286.7799,7.0,103.92363,16.0,0.0,0.0,100.0,-7.0,7.0,8.0,20.0,0.0,33.0,-7.0,1.0,1.0,3.0,-8.0,2.0,1.0,0.0,22.31093,0.0
83.0,169.65852,5.0,73.27834,34.0,0.0,0.0,100.0,-7.0,7.0,8.0,37.535027,2.0,38.48554,6.0,0.0,0.0,5.0,-8.0,4.0,-4.326403,0.0,30.542383,0.0
72.0,-8.0,2.0,9.054109,23.0,0.0,0.0,100.0,-7.0,6.0,6.0,30.0,4.0,40.924164,0.0,2.0,2.0,22.899158,64.187096,6.0,3.0,0.0,60.0,0.0
-9.0,-9.0,-9.0,-9.0,-9.0,-9.0,-9.0,-9.0,-9.0,-9.0,-9.0,-9.0,-9.0,-9.0,-9.0,-9.0,-9.0,-9.0,-9.0,-9.0,-9.0,-9.0,-9.0,0.0
77.0,186.39343,9.521909,68.0,21.0,0.0,0.0,100.0,-7.0,7.0,8.0,31.0,0.0,55.78592,0.0,0.0,0.0,61.19702,100.0,4.0,2.0,1.0,100.0,0.0
85.0,215.63144,5.0,65.32793,20.0,0.0,0.0,100.0,-7.0,7.0,8.0,24.0,3.0,22.0,1.0,1.0,1.0,2.0,-8.0,1.0,2.0,0.0,55.41028,0.0
81.0,309.54672,6.0,106.746025,18.0,0.93523353,0.0,96.0,24.825203,6.0,3.6329257,19.0,1.0,30.0,17.66597,0.0,0.0,4.0,-8.0,3.0,2.0,0.0,70.597145,0.0
79.0,163.21927,15.0,79.92004,42.582394,0.0,0.0,100.0,-7.0,7.0,8.0,43.807217,0.0,40.0,5.0,2.0,1.0,11.0,-8.0,3.0,2.0,0.0,53.893055,0.0
70.0,172.35951,-9.0,63.0,30.49135,0.0,0.0,94.0,31.417976,6.0,6.0,32.0,3.0,29.0,16.0,0.0,0.0,34.40063,90.60013,16.53928,3.7515996,3.0,100.0,0.0
78.0,185.70384,7.0,62.53876,31.253613,0.0,0.0,100.0,-7.0,7.0,8.0,30.054466,2.0,16.0,6.50462,0.0,0.0,19.0,-8.0,3.0,1.0,0.0,43.0,0.0
79.0,230.42793,3.0,84.0,27.0,0.0,0.0,100.0,-7.0,7.0,8.0,31.0,4.2943697,27.003891,12.0,0.0,0.0,18.42188,89.52784,4.0,2.0,0.0,44.0,0.0
76.0,45.665596,18.58196,76.44322,5.569063,0.0,0.0,100.0,-7.0,7.0,8.0,5.546034,0.0,15.0,0.0,1.0,1.0,71.693886,-8.0,2.0,1.0,0.0,69.95356,0.0
79.0,186.40611,6.0,107.43102,11.0,0.0,0.0,100.0,-7.0,7.0,8.0,11.0,3.0,61.123566,0.0,0.0,0.0,42.58031,5.597142,1.0,3.0,1.0,100.0,0.0
82.0,328.48303,3.0,84.0,32.0,0.0,0.0,100.0,-7.0,7.0,8.0,39.770638,2.0,25.0,0.0,1.0,1.0,11.735335,35.98875,6.711708,5.0,0.0,71.0,0.0
82.15274,85.88443,4.0,47.61874,24.0,0.0,0.0,100.0,-7.0,7.0,8.0,26.285309,3.0,35.0,-8.0,2.0,1.0,1.0,36.19973,3.0,4.0,0.0,52.871716,0.0
81.0,30.60719,30.348202,72.21912,13.335681,0.0,0.0,100.0,-7.0,7.0,8.0,14.10048,0.0,53.428078,2.0,1.0,0.8942164,0.0,65.370544,-9.0,2.0,0.0,80.0,0.0
69.0,139.34016,4.0,36.11432,27.0,1.0,1.0,88.67152,6.2076755,3.5021794,4.0,33.0,2.0,28.0,21.897928,0.0,0.0,18.383997,90.94733,1.0,3.0,0.0,44.0,0.0
75.53218,325.338,28.267235,165.52528,36.0,3.4785545,3.4585004,84.63852,54.214176,6.0,2.0,32.787975,0.0,24.0,0.0,3.0,3.0,8.0,24.958597,8.0,2.0,0.68020374,54.736206,0.0
82.0,181.13707,11.801402,91.20981,53.357864,0.0,0.0,100.0,-7.0,7.0,8.0,54.40087,0.0,38.0,0.0,3.0,3.6857765,11.0,-8.0,9.0,3.0,0.0,64.760445,0.0
76.0,294.8755,23.469767,123.10719,17.0,0.0,0.0,97.0,1.8602109,5.414326,6.0,22.0,0.0,17.0,10.098545,0.0,0.0,10.0,19.996346,2.0,1.0,0.0,33.0,0.0
57.91211,485.68466,8.0,136.1109,12.0,0.0,0.0,13.208404,3.834714,4.0,6.0,14.0,2.0,36.915443,-7.0,0.0,0.0,65.35127,59.136013,5.0,4.0,0.0,83.0,0.0
70.0,122.777,2.0,86.0,22.958128,0.0,0.0,95.0,35.3334,6.0,6.0,8.0,1.4503639,26.932125,-7.0,2.0,1.0,21.470257,96.887924,4.0,2.0,1.0,63.0,0.0
88.0,248.36871,6.0,86.16572,18.0,0.0,0.0,100.0,-7.0,7.0,8.0,19.0,2.0,23.0,8.0,0.0,0.0,6.0,57.509632,2.0,2.0,0.0,43.0,0.0
71.0,55.522438,1.0,-9.0,16.0,0.0,0.0,100.0,-7.0,7.0,8.0,14.0,4.0,38.0,0.0,0.0,0.0,56.770267,85.53967,3.0,6.3036427,0.0,74.664,0.0
71.0,298.30597,20.37412,114.35334,28.0,1.0,1.0,83.73678,40.57708,6.0,5.0,45.18141,0.0,14.0,0.0,1.0,1.0,21.410778,-8.0,6.0527983,1.0,0.0,63.44696,0.0
72.0,247.00822,5.0,149.78334,35.134285,0.0,0.0,100.0,-7.0,7.0,8.0,32.0,2.0,30.0,0.045561444,2.0,2.0,31.539719,61.60693,7.0,2.0,2.5765107,60.0,0.0
78.0,-5.883354,5.0,35.28312,9.199377,0.0,0.0,100.0,-7.0,7.0,8.0,11.0,1.0,21.283794,-7.0,0.0,0.0,40.97907,-8.0,3.0,1.0,1.0,60.0,0.0
64.0,203.79196,20.741009,82.0,22.0,2.0,2.0,96.0,1.0,4.0,6.0,30.0,0.0,52.27095,-7.0,0.0,0.0,50.434464,27.755909,7.0,2.0,2.0,87.11079,0.0
83.0,215.35847,3.0,77.33051,27.702396,0.0,0.0,100.0,-7.0,7.0,8.0,25.934864,3.0005267,20.32878,-7.0,0.0,0.0,11.074831,77.735,4.0,3.5929804,0.0,44.60276,0.0
79.0,200.35173,3.0,71.256584,31.0,0.0,0.0,100.0,-7.0,7.0,8.0,35.523804,2.0,9.224315,2.0,2.0,2.0,1.016144,-8.0,3.0,-7.6446896,0.0,40.0,0.0
-9.0,143.58578,3.0,61.755154,40.510757,0.0,0.0,94.0,-7.0,3.911388,6.0,42.430225,6.0,35.0,0.0,1.0,1.0,17.444294,84.031364,7.0,3.0,1.0,57.0,0.0
68.0,383.96127,4.0,128.76035,18.0,0.0,0.0,88.0,4.674425,4.9739275,6.0,19.506533,1.0,22.0,0.0,4.0,4.0,19.708614,-8.0,4.0,1.0,0.0,64.0,0.0
69.0,202.9377,7.7264447,94.0,32.0,3.5677843,0.0,91.38626,44.32281,6.0,2.0,44.7203,1.0,27.0,7.0,3.0,3.0,56.201515,93.356926,9.0,3.0,2.0,70.523865,0.0
88.74431,556.7899,11.8149395,109.12332,18.0,0.0,0.0,100.0,-7.0,7.0,8.0,22.643106,0.0,25.0,3.0,1.0,1.0,1.0,13.896759,4.0,2.0,0.0,50.0,0.0
87.0,137.3611,3.0,55.467068,20.0,0.0,0.0,100.0,-7.0,7.0,8.0,24.0,1.0,33.0,12.0,0.0,0.0,17.372013,-8.0,1.0,1.0,0.0,40.0,0.0
85.0,229.14664,13.240462,89.293686,18.792246,0.0,0.0,96.0,22.456469,6.0,6.0,20.0,0.0,0.0,-7.0,0.0,0.0,11.0,-8.0,2.0,-8.0,0.0,40.0,0.0
86.0,168.2056,4.0,114.77538,10.675874,0.0,0.0,100.0,-7.0,7.0,8.0,8.9895,1.0,0.75646645,-7.4352303,0.0,0.0,5.0,-8.0,4.0,-8.0,1.0,78.0,0.0
91.5926,408.8985,4.0,107.66553,14.0,0.0,0.0,100.0,-7.0,7.0,8.0,17.0,1.0,36.0,-7.0,0.0,0.0,4.0,-8.0,2.0,1.0,0.0,37.02457,0.0
75.80073,207.89723,5.0,88.144394,21.640472,0.0,0.0,100.0,-7.0,7.0,8.0,26.0,4.0,32.154762,0.0,0.0,0.0,45.63516,98.64243,12.130838,2.0,1.0,75.0,0.0
73.0,37.806488,3.0,58.0,13.0,0.0,0.0,100.0,-7.0,7.0,8.0,11.217384,1.2599045,45.535862,0.0,4.0,4.0,34.875202,92.97877,2.0,2.0,0.0,55.49814,0.0
87.0,294.53778,10.0,98.1496,37.72142,0.0,0.0,100.0,-7.0,7.0,8.0,31.0,0.0,18.0,4.0,0.0,0.0,6.0,86.826744,6.0,3.0,0.0,50.0,0.0
71.89272,125.30522,3.0,67.67682,18.0,0.0,0.0,100.0,-7.0,7.0,8.0,15.272142,5.0,16.92942,0.0,4.0,3.9518545,36.59761,35.91908,6.0,2.0,0.0,63.20358,0.0
89.0,238.88318,6.0,92.809784,29.0,0.0,0.0,100.0,-7.0,7.0,8.0,34.394604,1.8710642,16.0,20.223022,0.0,0.0,2.0,-8.0,4.0,1.0,0.0,36.666588,0.0
70.0,182.53406,23.756872,94.0,8.0,1.0,0.0,68.674515,12.072005,6.0,4.0,9.0,0.0,38.89637,0.0,0.0,0.0,4.0,-8.0,1.0,1.0,0.0,67.0,0.0
70.0,305.09726,5.0,90.81011,26.0,1.0,0.0,84.27282,4.4256897,4.0,3.0,30.201948,3.1593754,33.0,2.0,1.0,1.0,46.996178,83.30296,5.0,3.0,1.0,57.0,0.0
79.0,295.4854,19.250679,100.0,11.0,0.0,0.0,100.0,-7.0,7.0,8.0,14.0,0.0,29.641327,-7.442367,0.0,0.0,51.690876,-8.0,3.0,1.0,2.0,63.0,0.0
76.0,126.42017,9.762827,60.785713,16.0,0.0,0.0,100.0,-7.0,7.0,8.0,22.0,2.0,7.1790776,0.0,0.0,0.0,32.0,71.45416,5.0,1.0,0.0,80.0,0.0
75.13689,141.28853,2.0,65.0,30.0,1.0,0.0,91.346375,24.739182,6.0,5.0,38.679375,3.0,39.0,8.560832,1.0,1.0,8.0,32.72419,2.0,5.0,0.0,50.0,0.0
76.0,330.05264,5.0,117.12972,20.0,0.0,0.0,96.0,22.892954,6.0,6.0,24.0,1.0,25.168701,18.007467,0.0,0.0,15.715907,48.41887,3.0,3.0,1.0,44.0,0.0
65.0,64.07912,4.0,51.103252,11.0,2.139888,2.0,83.5067,5.0917225,4.0,2.4373486,11.0,1.0,49.226448,11.886946,0.0,0.0,0.0,87.01453,1.0,2.0,0.0,33.0,0.0
59.42129,232.78389,4.0,86.60343,16.0,3.3485687,1.0,84.67645,32.102898,6.0,6.0,26.0,1.0,47.95069,-7.0,1.0,0.6675232,88.78627,86.423645,5.0,2.0,2.0,100.0,0.0
76.0,254.5232,19.722204,110.273506,40.737904,1.0,1.0,100.0,5.087196,0.0,6.0,35.0,0.0,39.0,0.0,2.0,2.0,0.0,-8.0,1.0,2.0,0.0,28.051249,0.0
76.809525,228.24245,5.0,72.22058,39.75449,0.0,0.0,100.0,-7.0,7.0,8.0,42.089756,1.0,-9.0,0.0,2.0,1.9922415,12.438726,-8.0,11.0,1.0,1.0,57.0,0.0
65.0,173.79477,3.0,56.036476,26.0,0.0,0.0,100.0,-7.0,7.0,8.0,24.982014,2.0,25.417349,-7.0,0.0,0.0,57.85695,64.342766,20.433687,3.0,2.0,70.67764,0.0
54.103115,167.78441,3.0,64.91143,15.0,4.491823,6.2261,84.661095,8.569178,3.0,2.0,18.0,2.0,40.0,4.3188114,0.0,0.0,51.351234,-8.0,2.0,1.0,3.0,54.79046,0.0
78.98209,118.29525,-2.5204968,37.756268,28.0,0.0,0.0,100.0,-7.0,2.3665788,6.0,31.0,4.0,41.0,0.0,5.0578303,5.0,5.0,-8.0,2.0,4.0,0.0,52.25964,0.0
84.0,194.64139,15.0,68.44547,49.48705,0.0,0.0,100.0,-7.0,7.0,8.0,44.79259,0.0,42.647198,-7.0,3.0607991,3.0,2.0,-8.0,1.9950935,2.0,0.0,14.384746,0.0
89.0,186.43561,9.0,79.87604,21.0,0.0,0.0,100.0,-7.0,7.0,8.0,19.0,1.0,33.0,-7.0,0.0,0.0,3.0,-8.0,4.0,1.0,0.0,50.0,0.0
71.61221,158.10965,1.0,32.38908,8.304831,0.0,0.0,100.0,-7.0,7.0,8.0,11.0,4.0,26.0,0.0,4.0,4.0,45.450783,87.341324,3.0,4.0,0.0,70.580795,0.0
85.0,32.79839,19.430595,46.45857,13.0,0.0,0.0,100.0,-7.0,7.0,8.0,11.881791,0.0,33.0,0.0,1.0,1.0,0.0,24.286043,1.0,2.0,0.0,40.104866,0.0
84.0,265.99255,25.072536,97.0,17.0,0.0,0.0,100.0,-7.0,7.0,8.0,19.805197,0.0,37.0,-8.0,0.0,0.0,25.394127,37.62201,2.0,2.0,0.0,80.0,0.0
91.0,383.51355,28.440384,304.91415,17.0,0.0,0.0,100.0,-7.0,7.0,8.0,16.0,0.0,12.686386,-7.0,0.0,0.0,1.0,-8.0,2.0,1.0,0.0,35.987507,0.0
82.0,365.61288,5.0,101.21696,26.0,0.0,0.0,100.0,-7.0,7.0,8.0,21.0,2.0,40.342113,-8.0,0.0,0.0,4.030929,41.29984,3.0,4.0,0.0,44.0,0.0
77.58974,175.2436,1.0,62.84366,24.347696,0.0,0.0,100.0,-7.0,7.0,8.0,22.0,3.0,31.925814,0.0,2.0,2.0,34.224075,98.001,2.0,3.0,0.0,65.05688,0.0
84.81638,334.58786,7.0,71.0,8.0,0.0,0.0,100.0,-7.0,7.0,8.0,10.0,3.0,40.57725,0.0,0.0,0.0,1.0,100.0,2.0,2.0,0.0,100.0,0.0
68.0,299.81836,8.0,70.07608,22.0,1.0,2.0,97.0,67.52096,6.0,4.0,26.513815,1.0,35.0,19.132107,0.0,0.0,10.0,-8.0,2.0,1.0,0.0,41.9103,0.0
75.0,277.09348,3.0,95.067566,25.302248,1.0,1.1305236,96.0,29.710087,6.0,2.0,24.054089,3.0,30.0,3.1019044,0.0,0.0,20.84385,55.677605,4.0,1.0,0.0,40.21354,0.0
76.0,46.754154,6.0,50.648724,14.0,0.0,0.0,100.0,-7.0,7.0,8.0,9.492329,2.0,-9.0,-7.0,0.0,0.0,2.0,-8.0,3.0,1.0,0.0,52.439484,0.0
79.98939,291.87305,6.0,86.66184,25.0,0.0,0.0,100.0,-7.0,7.0,8.0,26.248114,1.0,32.45482,1.0,0.0,0.0,16.0,85.45503,7.0,4.0,1.0,64.47598,0.0
79.0,182.42444,12.0,106.493835,29.0,0.0,0.0,100.0,-7.0,7.0,8.0,30.358751,0.0,35.491665,8.0,1.0,1.0,21.42382,-8.0,4.0,2.0,0.0,67.0,0.0
82.0,107.46224,14.57102,79.548004,24.0,0.0,0.0,100.0,-7.0,7.0,8.0,13.633082,0.0,17.0,1.0,0.0,0.0,2.091791,19.94539,3.0,2.0,0.0,67.0,0.0
62.0,352.27975,3.1562457,87.8304,31.0,2.0,1.0,78.207054,13.606467,4.0,6.0,35.73396,3.0,20.0,0.0,3.389313,3.564294,2.0,53.54901,4.0,4.0,0.0,24.824371,0.0
71.0,220.65042,4.0257187,79.0,23.749437,3.0,0.0,84.4903,4.0,4.0,2.0,30.0,2.0,22.0,0.0,1.0,1.0,1.0,47.953323,4.0,3.0,0.0,75.0,0.0
91.0,284.20087,5.0,110.1014,30.0,0.0,0.0,100.0,-7.0,7.0,8.0,34.0,2.0,26.695906,0.30428877,0.0,0.0,0.0,93.0,3.0,2.0,0.0,40.709507,0.0
77.0,171.59245,6.0,72.0,25.0,0.0,0.0,90.0,3.0,6.0,6.0,28.0,2.0,65.33181,0.0,0.0,0.0,11.161358,80.34093,2.0,5.0,0.0,75.614334,0.0
70.0,85.60383,6.0,58.0,8.0,1.0,2.0,95.0,24.38851,0.0,2.0,9.0,2.0,31.0,0.0,2.0,2.0,1.0,-8.0,1.0,1.0,0.0,33.0,0.0
79.713875,160.41171,9.7865925,75.0,29.874968,0.0,0.0,100.0,-7.0,7.0,8.0,22.0,3.0,-8.4705925,5.0,0.0,0.0,13.0,84.75103,10.858453,2.0,0.0,60.0,0.0
84.0,199.31667,10.140526,70.0,19.0,0.0,0.0,100.0,-7.0,7.0,8.0,15.215389,1.0,20.0,8.0,0.0,0.0,6.851922,-8.0,4.0,2.0,0.0,52.15435,0.0
70.0,225.94449,30.779509,82.0,23.0,0.0,0.0,86.09126,22.87579,6.0,6.0,19.897858,0.0,56.52635,0.0,1.0,1.0,63.443317,-8.0,2.0,1.0,1.0,51.40847,0.0
66.0,245.76352,6.0,81.0,29.0,0.0,0.0,86.15078,28.674849,6.0,6.0,31.0,3.0,27.164171,5.0,1.0,1.0,27.60326,-8.0,5.0,-8.0,1.0,33.0,0.0
80.0,267.9093,5.0,139.08485,29.80173,0.0,0.0,100.0,-7.0,7.0,8.0,33.0,2.0,42.050896,12.463905,0.0,0.0,43.10969,91.84287,5.0,5.0,1.0,80.0,0.0
67.69045,198.43591,8.831977,72.196304,37.423973,0.0,0.0,100.0,-7.0,7.0,8.0,12.970207,2.8003948,33.22112,-8.0,2.0,2.0,32.0,67.83134,8.0,5.0,2.0,75.0,0.0
91.0,445.50363,57.7776,179.63374,12.0,0.0,0.0,100.0,-7.0,7.0,8.0,13.0,0.0,36.513836,-8.0,0.0,0.0,6.0,-8.0,2.0,-8.0,0.0,39.248528,0.0
78.0,392.63055,2.0,100.0,22.0,0.0,0.0,93.462036,20.930452,5.0,6.0,31.025278,2.0,66.78387,5.0,0.0,0.0,34.77864,71.0,3.0,3.0,0.0,83.0,0.0
87.0,203.84886,19.616581,77.0,23.0,0.0,0.0,100.0,-7.0,7.0,8.0,16.0,0.0,32.40194,1.8904697,1.0,1.0,1.0,4.21384,1.0,2.0,0.0,47.39239,0.0
-9.0,-9.0,-9.0,-9.0,-9.0,-9.0,-9.0,-9.0,-9.0,-9.0,-9.0,-9.0,-9.0,-9.0,-9.0,-9.0,-9.0,-9.0,-9.0,-9.0,-9.0,-9.0,-9.0,0.0
85.22618,194.02872,18.086773,118.88847,15.888019,0.0,0.0,100.0,-7.0,7.0,8.0,15.0,0.0,22.0,-8.0,1.0,1.0,36.055294,-8.0,8.635114,-8.0,1.0,83.0,0.0
81.60087,235.94487,5.0,86.712524,14.3908615,0.0,0.0,100.0,-7.0,7.0,8.0,19.0,3.0,39.0,-8.0,0.0,0.0,46.24598,-8.0,2.0,1.0,0.0,45.110134,0.0
81.142876,155.3998,4.0,36.975494,12.0,0.0,0.0,100.0,-7.0,7.0,8.0,13.0,2.0,44.463398,0.0,0.0,0.0,13.202998,-8.0,3.0,4.0,0.0,75.62584,0.0
78.0,177.01936,3.0,92.87739,33.0,0.0,0.0,95.0,20.603258,6.0,6.0,37.0,2.0,22.707043,1.0,1.0,1.0,15.0,-8.0,2.0,2.0,1.0,44.0,0.0
80.0,279.93338,5.0,99.511284,44.7842,0.0,0.0,89.0,23.974089,6.0,6.0,46.78381,1.0,20.0,0.0,1.0,1.0,20.440609,54.596165,4.0,1.0,0.0,63.66284,0.0
73.0,132.30048,9.0,50.889263,29.0,0.0,0.0,100.0,-7.0,7.0,8.0,24.0,1.0,18.0,0.0,0.0,0.0,28.0,-8.0,7.0,3.0,0.0,71.0,0.0
74.0,176.60933,2.0,88.68013,19.0,0.0,0.0,87.27461,3.0,5.0,6.0,18.0,1.0,26.0,0.0,1.0,1.0,18.0,-8.0,4.0,1.0,1.0,50.0,0.0
79.0,138.42825,8.0,53.861946,17.0,0.0,0.0,100.0,-7.0,7.0,8.0,20.0,1.0,29.0,0.0,1.0,1.0,13.0,-8.0,2.0,-8.0,0.0,43.660057,0.0
71.0,341.08212,8.0,77.0,30.0,0.9432745,0.0,90.053955,12.677513,4.0,5.0,35.892483,2.9396975,16.0,21.106173,0.0,0.0,7.723657,-8.0,11.0,1.0,0.0,80.0,0.0
70.0,195.40486,6.0,75.118385,28.0,0.0,0.0,94.0,-2.7466938,4.0,6.0,27.0,2.0,18.0,-7.0,0.0,0.0,8.165082,59.993828,4.617326,2.0,0.0,50.0,0.0
75.0,190.57256,6.0,55.210285,23.0,0.0,0.0,100.0,-7.0,7.0,8.0,25.796732,2.0,27.968483,23.36232,0.0,0.0,12.061657,66.64703,4.0,4.0,0.0,58.181236,0.0
86.0,287.2106,-9.0,92.0,21.0,0.0,0.0,100.0,-7.0,7.0,8.0,16.0,2.0,24.0,7.0,1.0,1.0,28.0,-8.0,4.0,1.0,0.0,46.02154,0.0
88.0,11.526556,11.0,89.30427,9.025808,0.0,0.0,100.0,-7.0,7.0,8.0,11.946684,1.0,53.07324,0.0,0.0,0.0,0.0,-8.0,1.0,2.0,0.0,56.0,0.0
62.0,194.48755,11.860147,61.39224,15.0,1.0,1.0,100.0,-7.0,6.0,8.0,16.068018,3.0,39.068386,5.0,1.0,1.0,14.526088,58.24637,5.0,4.0,0.0,75.0,0.0
90.0,76.67064,7.0,131.8904,16.0,0.0,0.0,100.0,-7.0,7.0,8.0,-9.0,1.0,25.0,-7.0,1.0,1.0,0.0,52.725716,2.0,1.0,0.0,69.72719,0.0
65.93208,97.8924,4.0,36.361454,10.0,1.0,0.0,81.18084,20.258463,6.0,4.0,13.0,2.0,-9.0,0.0,1.0,1.0,46.341064,-8.0,4.0,-9.0,2.0,43.119675,0.0
74.0,197.2028,4.0,88.93222,20.0,0.0,0.0,69.07493,-8.0,4.0,2.0,23.0,1.0,50.0,0.0,1.0,1.0,1.0,88.0,3.0,2.0,0.0,56.0,0.0
90.0,-8.32601,16.0,88.41325,18.0,0.0,0.0,100.0,-7.0,7.0,8.0,-9.0,0.0,22.851482,12.0,1.0,1.0,0.0,-8.0,1.0,1.0,0.0,30.728817,0.0
61.63643,128.19926,20.48758,103.24696,10.0,2.163607,0.18349378,56.238716,7.209476,6.0,4.812311,5.7131205,0.0,19.0,0.0,2.0,2.0,73.92882,-8.0,2.0,1.0,1.0,100.0,0.0
85.0,390.2183,15.417662,148.19557,38.44028,0.0,0.0,96.0,31.667862,6.0,6.0,29.0,0.0,20.0,-8.0,0.0,0.0,9.823176,41.188538,7.0,2.0,0.0,48.249596,0.0
83.7289,258.25748,8.0,114.511604,11.0,0.0,0.0,100.0,-7.0,7.0,8.0,15.0,1.0,68.989716,0.0,1.0,1.0,24.725473,88.10535,2.0,3.0,0.0,80.72383,0.0
83.51529,210.04797,9.0,105.48405,37.794308,0.0,0.0,100.0,-7.0,7.0,8.0,44.908997,1.0,28.0,4.0,1.0,1.0,25.481995,71.0,8.0,2.0,0.0,83.32061,0.0
73.0,232.55632,7.0,120.65902,14.0,1.0,0.0,88.361115,46.55668,6.0,5.0,4.076469,2.0,32.0,0.0,1.0,1.0,26.876966,76.0,6.0,-1.6190608,0.0,67.0,0.0
66.567986,136.91571,2.0,40.267166,25.977226,0.0,0.0,100.0,-7.0,7.0,8.0,34.71749,6.0,20.0,0.0,2.0,2.0,38.91019,93.0,11.0,4.0,4.0,79.77285,0.0
92.849525,280.82117,15.0,190.62242,-8.197352,0.0,0.0,100.0,-7.0,7.0,8.0,-3.5648942,0.0,17.0,-7.0,0.0,0.0,2.0,-8.0,1.0,-8.0,0.0,50.0,0.0
79.27776,182.5543,10.0,93.0,24.0,3.0,1.0,91.0,47.078423,6.0,4.0,30.892115,1.0,42.462517,5.0,2.0,1.0,1.0,83.50818,1.0,2.0,0.0,41.0734,0.0
85.0,144.54852,5.0,56.179802,22.0,0.0,0.0,100.0,-7.0,7.0,8.0,20.0,1.0,17.647343,0.0,1.0,1.0,1.0,-8.0,2.0,-8.0,0.0,22.952276,0.0
89.0,418.0743,25.097685,158.95447,12.0,0.0,0.0,100.0,-7.0,7.0,8.0,10.0,0.0,35.18728,-7.0,0.0,0.0,3.0,7.4663324,1.0,2.0,0.0,47.33143,0.0
79.0,457.65802,12.0,103.82499,27.525074,0.0,0.0,100.0,-7.0,7.0,8.0,25.0,0.0,11.755157,0.0,1.1152507,1.0,29.157135,-8.0,4.523782,2.0,2.0,42.42665,0.0
77.0,336.24368,2.0,61.0,14.0,0.0,0.0,100.0,-7.0,7.0,8.0,19.0,2.0,28.32215,0.0,0.0,0.0,51.896465,-8.0,4.0,1.0,2.0,60.0,0.0
68.0,-9.0,7.0,37.735043,29.0,0.0,0.0,100.0,-7.0,7.0,8.0,30.38024,2.0,22.10577,0.0,0.0,0.0,67.946945,100.0,3.0,3.0,2.3693943,75.0,0.0
75.0,90.370415,12.055415,178.75536,13.259878,1.0,1.0,100.0,-7.0,7.0,8.0,8.181997,1.0,13.47549,8.0,0.0,0.0,27.341316,-8.0,3.0,-8.0,1.0,44.041065,0.0
82.0,185.90466,21.94694,72.58837,22.103916,0.0,0.0,100.0,-7.0,7.0,8.0,22.0,0.0,53.709995,0.0,0.0,0.0,2.0,66.27499,3.0,2.0,0.0,57.221107,0.0
79.18168,121.36368,3.0,33.0758,16.0,0.0,0.0,100.0,-7.0,7.0,8.0,21.0,2.0,42.0,-7.0,0.0,0.0,1.0,-8.0,2.0,1.0,0.0,43.80327,0.0
63.0,265.54166,2.0,65.0,31.0,1.0,0.0,88.0,22.197754,6.0,4.0,31.0,3.0,45.61625,0.0,4.0,4.0,59.794384,75.246025,8.550471,4.995981,2.0468254,100.0,0.0
76.23197,375.068,5.0,109.082855,32.0,0.0,0.0,86.65089,12.627639,6.0,6.0,34.0,2.0,7.8963795,0.0,1.0,1.0,4.0,89.12364,5.0,2.0,0.0,50.0,0.0
67.74064,147.26936,1.0,49.01543,25.0,0.0,0.0,100.0,-7.0,7.0,8.0,30.0,3.0,21.0,4.0,0.0,0.0,34.39969,-8.0,5.0,2.0,0.0,41.190548,0.0
87.0,448.36755,13.0,150.48067,26.0,0.0,0.0,100.0,-7.0,7.0,8.0,22.736334,1.0,19.0,22.609982,0.0,0.0,1.0,-8.0,2.0,2.0,0.0,33.0,0.0
69.77213,272.80893,18.827393,118.72594,22.0,0.0,0.0,85.11962,2.0,4.0,6.0,22.0,0.0,18.0,0.0,2.0,2.0,48.92218,-8.0,6.0,2.0,0.0,80.0,0.0
76.991196,188.37358,3.0,86.91476,18.520376,0.0,0.0,100.0,-7.0,7.0,8.0,4.1068506,2.0,21.0,0.0,0.0,1.0,27.031185,82.05019,3.0,1.0,2.0,37.11994,0.0
80.4735,106.29787,1.0,60.092712,23.0,0.0,0.0,100.0,-7.0,7.0,8.0,26.0,3.0,36.148975,0.0,1.0,1.0,25.926666,-8.0,3.2960687,2.0,0.0,69.38363,0.0
70.0,438.90518,4.0,95.47858,15.0,1.0,1.0,75.2719,4.3663883,4.0,6.0,20.0,1.0,57.603794,0.0,0.0,0.0,0.0,43.08734,1.0,2.0,0.0,54.224255,0.0
56.077602,192.49272,9.082098,84.44029,18.0,4.0284204,2.0,63.341393,22.522053,6.0,5.0,24.0,1.3801694,46.0,0.0,0.0,0.0,104.85731,43.29975,5.0,1.0,10.156683,80.0,0.0
73.0,208.5261,5.0,82.966675,49.459297,0.0,0.0,97.0,-7.7866282,6.0,6.0,49.975887,4.0,36.0,0.0,2.0,1.0,22.974281,100.0,9.097433,4.0,0.0,67.0,0.0
-9.0,-9.0,-9.0,-9.0,-9.0,-9.0,-9.0,-9.0,-9.0,-9.0,-9.0,-9.0,-9.0,-9.0,-9.0,-9.0,-9.0,-9.0,-9.0,-9.0,-9.0,-9.0,-9.0,0.0
74.0,261.03934,11.0,88.95953,28.0,0.0,0.0,95.0,3.0,6.0,6.0,34.0,0.0,65.39062,2.0,0.0,0.0,33.77922,62.5505,3.0,3.0,0.0,62.88226,0.0
-9.0,-9.0,-9.0,-9.0,-9.0,-9.0,-9.0,-9.0,-9.0,-9.0,-9.0,-9.0,-9.0,-9.0,-9.0,-9.0,-9.0,-9.0,-9.0,-9.0,-9.0,-9.0,-9.0,0.0
77.0,353.9294,1.0,84.0,29.966387,0.0,0.0,100.0,-7.0,7.0,8.0,37.0,3.0,17.0,-7.0,3.0,2.7046509,19.72917,80.0,5.0,2.0,0.0,45.94065,0.0
74.0,180.85263,7.0,61.165768,21.0,0.0,0.0,100.0,-7.0,7.0,8.0,21.0,6.920347,50.0,0.0,0.0,0.0,1.0,93.837364,2.0,3.0,0.0,50.0,0.0
86.0,188.83125,10.0,102.19113,45.05195,0.0,0.0,100.0,-7.0,7.0,8.0,61.30974,4.0,52.8579,1.0,2.0,1.850254,5.0,71.89051,4.0,2.0,0.0,57.0,0.0
89.0,188.804,21.75851,97.0,14.5622425,0.0,0.0,100.0,-7.0,7.0,8.0,19.0,0.0,20.023323,22.70193,0.0,0.0,13.0,-8.0,1.0,1.0,0.0,33.0,0.0
87.0867,215.9983,-9.0,71.0,4.2144337,0.0,0.0,100.0,-7.0,7.0,8.0,9.0,2.0,25.0,0.0,3.0,3.0,7.948531,-8.0,2.0,1.0,0.0,57.0,0.0
87.0,231.35918,9.0,115.24878,7.0,0.0,0.0,100.0,-7.0,7.0,8.0,10.0,0.0,33.0,-7.0,1.0,1.0,24.618608,-8.0,2.0,1.0,0.0,53.909966,0.0
58.379807,244.61646,10.0,77.729294,19.0,3.0,1.0,82.4306,37.395153,6.0,2.0,23.0,0.0,31.24592,-6.5269694,0.0,0.0,79.91253,11.971757,4.0,1.0,1.0,100.0,0.0
78.0,176.93933,16.0,62.440784,15.0,0.0,0.0,100.0,-7.0,7.0,8.0,15.0,0.0,25.671032,1.0,0.0,0.0,18.0,80.22278,8.0,2.0,0.0,69.16466,0.0
78.0,217.7504,1.0,67.0,26.0,0.0,0.0,100.0,-7.0,7.0,8.0,29.0,1.0,14.0,0.0,1.1287358,1.0,21.65891,82.0,9.0,2.0,1.0,63.0,0.0
-9.0,-9.0,-9.0,-9.0,-9.0,-9.0,-9.0,-9.0,-9.0,-9.0,-9.0,-9.0,-9.0,-9.0,-9.0,-9.0,-9.0,-9.0,-9.0,-9.0,-9.0,-9.0,-9.0,0.0
-9.0,-9.0,-9.0,-9.0,-9.0,-9.0,-9.0,-9.0,-9.0,-9.0,-9.0,-9.0,-9.0,-9.0,-9.0,0.0,0.0,-9.0,-9.0,-9.0,-9.0,-9.0,-9.0,0.0
85.0,261.26785,18.401749,83.0,17.0,0.0,0.0,84.94621,9.721876,6.0,6.0,22.0,0.0,43.513508,12.156093,0.0,0.0,11.0,96.89586,4.0,3.0,0.020525483,63.0,0.0
76.0,179.43655,8.0,82.0,17.0,0.0,0.0,100.0,-7.0,7.0,8.0,18.0,2.0,54.03696,-7.0,0.0,0.0,0.0,80.0,1.0,2.0,0.0,81.2962,0.0
90.0,647.3864,17.109707,189.49564,14.0,0.0,0.0,100.0,-7.0,7.0,8.0,14.232665,0.0,44.222263,0.0,0.0,0.0,9.0,-8.0,1.0,1.0,0.0,29.379614,0.0
88.0,82.020164,20.0,106.35545,17.646374,0.0,0.0,100.0,-7.0,7.0,8.0,-9.0,0.0,18.0,0.0,1.0,1.4350394,7.7015667,-8.0,2.0,1.0,0.0,48.47922,0.0
84.0,310.28506,-9.0,91.2455,45.5927,0.0,0.0,100.0,-7.0,7.0,8.0,60.20739,6.0,42.0,0.0,4.995639,4.0,1.0,98.70921,3.0,2.0,0.0,32.173546,0.0
80.11798,80.39764,3.0,77.0,17.438744,0.0,0.0,100.0,-7.0,7.0,8.0,15.0,1.0,18.165491,16.626738,0.0,0.0,47.9363,-8.0,3.0,1.0,0.0,57.63437,0.0
78.2816,64.10903,3.0,48.983143,10.0,0.0,0.0,100.0,-7.0,7.0,8.0,14.0,1.4242526,38.28037,0.0,3.0,3.0,40.88782,83.53861,2.0,2.0,0.0,100.0,0.0
70.17184,127.091515,9.0,58.0,25.0,1.0,1.0,100.0,-7.0,6.0,8.0,22.0,2.0,49.659065,7.0,0.0,0.0,0.0,93.209984,-9.0,3.1761363,0.0,33.0,0.0
84.93074,56.23501,4.0,32.730892,14.0,0.0,0.0,100.0,-7.0,7.0,8.0,20.0,1.0,40.0,0.0,3.4436796,3.7768738,13.957038,98.38099,1.0,4.0,0.0,50.0,0.0
85.0,229.85884,6.0,83.0,22.789803,0.0,0.0,100.0,-7.0,7.0,8.0,22.0,1.0,23.5862,11.280559,0.0,0.0,1.0,-8.0,1.6095234,1.0,0.0,32.886402,0.0
77.0,193.6249,4.0,62.059242,9.355805,0.0,0.0,100.0,-7.0,7.0,8.0,8.0,2.0,50.46847,0.0,0.0,0.0,50.15964,95.26276,2.0,4.0,1.0,100.0,0.0
87.0,149.54068,24.543182,70.0,5.2160354,0.0,0.0,100.0,-7.0,7.0,8.0,13.0,0.0,0.0,1.0,1.0,1.0,0.02485652,-8.0,2.0,-9.0,0.0,35.774666,0.0
79.0,365.63464,2.0,171.5482,55.310055,0.0,0.0,100.0,60.325344,6.0,6.0,52.37104,2.0,17.0,1.0,3.0,2.0,1.0,14.240425,4.0,2.0,1.0,36.111782,0.0
78.0,194.08316,17.25736,109.89668,12.0,0.0,0.0,100.0,-7.0,7.0,8.0,16.822319,0.0,44.0,-7.0,0.0,0.0,54.756325,71.0,1.0,1.0,-5.329351,73.0,0.0
81.0,253.02461,12.04476,79.0,25.0,0.0,0.0,100.0,-7.0,7.0,8.0,27.0,0.0,23.0,8.091635,0.0,0.0,40.95307,-8.0,4.0,2.0,0.0,51.768433,0.0
69.0,115.12008,3.0,70.0,23.986132,0.0,0.0,100.0,-7.0,7.0,8.0,23.0,1.0,39.0,0.0,0.0,0.0,35.476955,87.66041,1.0,2.0,0.0,79.11276,0.0
84.0,82.76447,6.0,30.851425,16.0,0.0,0.0,100.0,-7.0,7.0,8.0,16.0,3.0,40.0,4.0,3.0283566,3.621681,19.0,96.001854,1.0,4.0,0.0,50.0,0.0
87.47864,302.87073,4.0,103.35316,29.963898,0.0,0.0,100.0,-7.0,7.0,8.0,35.0,1.0,16.790691,1.0,1.0,1.0,2.0,-8.0,2.0,1.0,0.0,-9.0,0.0
78.0,240.78711,2.0,76.828354,18.0,0.0,0.0,96.0,33.443718,6.0,6.0,18.0,2.4283714,35.0,-7.0,0.0,0.0,0.0,-8.0,1.0,1.0,0.0,25.766798,0.0
79.0,211.62091,3.0,75.0,25.0,0.0,0.0,95.0,45.748684,6.0,6.0,32.267235,1.0,38.0,0.0,3.0,3.0,12.0,-8.0,1.0,1.0,0.0,38.0,0.0
87.0,-8.406483,8.0,40.15521,6.004358,0.0,0.0,100.0,-7.0,7.0,8.0,3.7448545,1.0,69.55754,0.0,0.0,0.0,1.0,-8.0,1.0,1.4145678,0.0,67.335625,0.0
84.0,125.42638,15.0,83.0,34.0,0.0,0.0,97.89565,32.48706,6.0,6.0,31.0,0.0,49.817505,0.0,0.0,0.0,3.0,98.02257,1.0,2.0,0.0,43.0,0.0
82.0,266.5602,19.45268,88.1158,11.0,0.0,0.0,100.0,-7.0,7.0,8.0,15.0,0.0,33.0,0.0,2.0,2.0,23.521555,-8.0,4.0,1.0,1.0,67.0,0.0
71.0,216.27893,2.0,156.50308,15.0,1.0,0.0,89.80013,54.842506,6.0,5.0,15.25169,1.0,14.0849,0.0,2.851557,2.0,59.78302,92.16246,3.0,1.0,2.0,41.839947,0.0
59.748173,104.01614,5.94765,56.678932,-9.0,3.0,2.0,71.11241,19.824661,6.0,6.0,2.7923603,1.0,93.95416,0.0,1.0,1.0,0.0,44.96096,-9.0,1.0,-9.0,44.0,0.0
78.03998,179.09874,53.11634,106.23528,13.992326,0.0,0.0,86.44034,20.42278,6.0,5.0,26.0,0.0,19.184168,-7.0,2.0,1.8880404,0.0,-8.0,1.0,-8.0,0.0,-9.0,0.0
79.445435,187.24686,1.0,88.59989,44.918926,0.0,0.0,100.0,-7.0,7.0,8.0,59.77906,3.0,29.0,-7.0,3.0,3.0,8.0,99.22351,8.0,5.0,0.0,64.0,0.0
82.0,312.3081,3.0,85.08754,38.98413,0.0,0.0,100.0,-7.0,7.0,8.0,39.085648,5.0,52.863304,0.0,6.935752,6.654723,10.0,-8.0,3.0,6.6403255,0.0,40.93478,0.0
86.0,122.312416,2.0,70.0,15.0,0.0,0.0,100.0,-7.0,7.0,8.0,14.0,2.0,44.582355,-7.0,0.0,0.0,6.0,53.29787,2.830791,5.538062,0.0,67.0,0.0
71.0,199.38792,2.0,76.0,21.0,0.0,0.0,100.0,-7.0,7.0,8.0,24.629997,1.0,25.0,0.0,2.0,2.0,72.98125,-8.0,5.0,1.0,8.2932625,57.0,0.0
85.0,105.03317,11.220775,90.0,13.0,0.0,0.0,100.0,-7.0,7.0,8.0,-9.0,1.0,29.0,-7.320961,0.0,0.0,8.70927,46.943535,2.0,1.0,0.0,35.967655,0.0
83.85297,169.56854,7.0,91.31847,20.0,0.0,0.0,93.33877,14.200225,6.0,6.0,24.0,1.0,54.206497,0.0,1.0,1.0,3.8262112,4.5641255,3.0,3.0,0.0,82.77257,0.0
64.0,242.32947,2.0,74.739746,19.0,4.04891,0.0,74.15222,29.394379,6.0,5.0,27.0,3.0,36.0,0.0,1.0,1.0,61.07638,100.0,10.385329,2.0,2.0,100.0,0.0
77.0,204.3555,11.0,67.0,20.0,0.0,0.0,100.0,-7.0,7.0,8.0,19.09746,0.0,23.0,23.23418,0.0,0.0,31.144627,59.20169,3.0,2.0,1.0,67.0,0.0
76.0,241.97942,5.080581,67.0,25.0,0.0,0.0,100.0,-7.0,7.0,8.0,37.025875,1.0,50.0,12.0,0.0,0.0,41.43451,64.74208,5.0,2.0,1.0,67.44261,0.0
67.0,348.69745,5.0,85.36065,28.0,3.5822728,0.0,83.03684,6.0,4.0,5.0,41.712276,2.0,13.0,4.0,1.0,1.0,9.0,58.081566,6.0,1.0,0.0,45.345627,0.0
70.780785,148.6537,20.745975,56.85387,10.0,0.0,0.0,100.0,-7.0,7.0,8.0,7.0,0.0,50.97422,0.0,4.0,4.0470757,53.867207,83.20433,1.0,2.0,0.0,73.0,0.0
85.0,354.77515,7.0,100.0,31.075434,0.0,0.0,100.0,-7.0,7.0,8.0,27.0,1.0,15.0,-7.0,0.0,0.0,17.113615,70.69035,10.95437,2.0,0.0,50.0,0.0
92.09912,217.38295,112.56652,125.225685,9.0347185,0.0,0.0,100.0,-7.0,7.0,8.0,5.2856417,0.0,46.340992,-7.0,1.0,1.0,1.0,-8.0,2.0,1.0,0.0,40.53334,0.0
70.0694,168.47208,8.0,70.70435,25.0,2.930627,0.0,86.174034,32.725456,6.0,2.0,21.0,3.0,23.747274,0.0,0.0,0.0,17.418158,-8.0,3.0,1.3022971,2.0,38.211143,0.0
78.0,81.078735,15.0,55.34032,19.0,0.0,0.0,100.0,-7.0,7.0,8.0,20.884201,0.0,42.735863,4.0,1.0,1.0,27.767801,50.97858,2.0,3.0,0.0,63.139946,0.0
-9.0,-9.0,-9.0,-9.0,-9.0,-9.0,-9.0,-9.0,-9.0,-9.0,-9.0,-9.0,-9.0,-9.0,-9.0,-9.0,-9.0,-9.0,-9.0,-9.0,-9.0,-9.0,-9.0,0.0
71.0,343.31006,12.0,64.64863,18.0,0.0,0.0,100.0,-7.0,7.0,8.0,19.0,0.0,62.495266,0.0,0.0,0.0,48.80165,87.65057,3.0,3.0,2.0,56.0,0.0
85.0,113.757545,4.0,63.56487,12.0,0.0,0.0,100.0,-7.0,7.0,8.0,7.2662816,4.1553745,6.5458636,6.8811584,1.0,1.0,2.0,52.032803,1.4812217,1.0,0.0,-9.0,0.0
66.0,159.34857,6.0,90.0,19.0,0.0,0.0,93.0,5.9082828,4.0,6.0,19.31217,1.0166589,53.647568,-7.0,1.0,0.0,85.6083,89.329216,3.0,3.0,1.3193915,83.0,0.0
89.42158,380.25073,16.0,83.0,27.506718,0.0,0.0,100.0,-7.0,7.0,8.0,40.508858,0.0,26.0,13.254138,1.0,1.0,0.6423015,-8.0,4.0,1.0,0.0,28.233751,0.0
80.0,159.06807,-9.0,70.97676,18.0,0.0,0.0,100.0,-7.0,7.0,8.0,21.0,3.0,24.0,-7.0,1.4037656,1.0,0.0,91.632,2.0,3.0,0.0,60.0,0.0
82.0,376.558,5.0,100.661964,47.446804,0.0,0.0,100.0,-7.0,7.0,8.0,63.101444,2.0,21.0,0.0,0.0,0.0,12.866516,-8.0,5.0,1.0,0.0,36.88262,0.0
74.0,314.14014,4.0,100.53952,53.998985,0.0,0.0,95.0,28.69937,6.0,6.0,58.061752,2.0,20.0,0.0,6.0809355,5.58377,14.0,-8.0,5.0,1.0,0.92916423,41.375137,0.0
71.0,396.2953,12.0,94.63603,18.0,0.0,0.0,76.66629,23.028873,6.0,6.0,24.0,1.0,13.0,0.0,1.0,1.0,15.896079,-8.0,1.0,1.0,0.0,29.924843,0.0
67.94674,181.68166,2.0,61.33929,44.14745,0.0,0.0,100.0,-7.0,7.0,8.0,49.28782,5.0,43.436405,0.0,2.0,2.0,29.364191,44.09325,6.0,21.615705,2.0,70.22744,0.0
-9.0,45.06459,4.0,39.62858,16.0,2.0,2.0,80.08351,21.705173,6.0,2.0,23.0,1.0,25.0,0.0,2.0,2.0,71.94923,68.66199,7.0,2.0,4.0,70.264435,0.0
86.0,178.20738,20.0,124.5757,13.0,0.0,0.0,100.0,-7.0,7.0,8.0,15.0,0.0,44.84179,2.0,2.0,1.0,41.944004,-8.0,1.0,2.0,0.0,100.0,0.0
92.81183,235.77255,42.375805,119.55847,25.0,0.0,0.0,100.0,-7.0,7.0,8.0,43.332718,0.0,47.0,0.0,0.0,0.0,0.0,-8.0,1.0,1.0,0.0,43.84922,0.0
75.78221,162.2414,16.0,66.543106,14.0,0.76215255,0.0,89.1769,41.652546,6.0,5.0,10.0,1.0,21.0,-8.0,0.0,0.0,13.0,-8.0,2.0,1.0,0.0,60.0,0.0
71.0,146.70166,3.0,76.0,19.0,0.0,0.0,100.0,-7.0,7.0,8.0,22.6463,2.0,28.67999,0.0,6.3407445,6.2620316,71.89382,14.726114,4.0,2.0,2.0,100.0,0.0
85.24224,133.32208,8.0,63.0,13.53068,0.0,0.0,100.0,-7.0,7.0,8.0,13.0,0.0,14.0,13.139372,0.0,0.0,7.2131286,7.0118523,0.0,1.0,0.0,30.177252,0.0
-9.0,109.99114,40.20167,77.0,-9.0,4.27377,3.4368422,-9.0,23.43711,6.0,2.0,3.2424974,0.0,25.539387,-7.0,1.0,1.0,89.797386,-8.0,1.0,-8.0,0.0,100.0,0.0
83.732346,313.38217,30.149427,118.28835,16.460382,0.0,0.0,100.0,-7.0,7.0,8.0,20.0,0.0,39.0,0.0,0.0,0.0,16.887348,-8.0,2.0,1.0,0.0,79.87511,0.0
87.0,330.23376,50.57855,119.14534,12.0,0.0,0.0,100.0,-7.0,7.0,8.0,7.0,0.0,22.060219,-8.0,0.0,0.0,4.3669076,-8.0,1.0,1.0,0.0,42.328037,0.0
80.0,179.31029,10.0,78.63212,7.8853583,0.0,0.0,100.0,-7.0,7.0,8.0,8.0,1.0,13.155363,5.5806713,0.0,0.0,46.8419,-8.0,4.0,-8.0,0.0,65.15468,0.0
91.0,199.65852,33.1246,147.77127,11.0,0.0,0.0,100.0,-7.0,7.0,8.0,13.0,0.0,72.21322,3.0,2.0,1.0,2.0,31.264896,1.0,2.0,0.0,85.689644,0.0
69.340294,118.852425,2.0,-9.0,19.0,0.0,0.0,100.0,-7.0,6.0,6.0,25.097784,6.0,30.0,0.0,4.0,4.0,20.962465,74.8575,6.0,2.0,0.0,56.0,0.0
79.05517,74.54235,14.582604,48.22268,11.306954,0.0,0.0,100.0,-7.0,7.0,8.0,9.0,0.0,63.969406,0.0,2.0,2.0,3.1547306,69.88719,2.0,3.0,0.0,84.87825,0.0
87.0,273.29086,2.5500388,88.470184,15.0,0.0,0.0,96.0,14.510003,6.0,6.0,18.0,1.0,50.024353,-8.0,0.0,0.0,9.0,-8.0,1.0,1.0,0.0,40.0,0.0
74.0,160.66617,23.720741,67.55254,22.0,0.0,0.0,88.54796,31.056677,6.0,6.0,23.37326,0.0,40.0,-7.0,2.0,1.0,0.30590856,52.657116,1.0,2.0,0.0,44.681725,0.0
89.0,182.77727,15.093936,89.95109,17.0,0.0,0.0,100.0,-7.0,7.0,8.0,14.0,0.0,33.0,12.688734,0.0,0.0,1.0,-8.0,2.0,1.0,0.0,33.0,0.0
85.0,292.15027,41.155594,129.15837,22.0,0.0,0.0,97.0,67.8939,6.0,6.0,29.0,0.0,9.446804,16.0,0.0,0.0,0.46115988,-8.0,1.0,1.0,0.0,33.0,0.0
88.0,221.69867,8.0,85.60444,37.9757,0.0,0.0,100.0,-7.0,7.0,8.0,31.429213,0.0,24.304169,-7.0,0.0,0.0,4.0,-8.0,3.0,3.0,1.0,44.72452,0.0
74.0,183.60765,6.0,94.781136,36.296516,0.0,0.0,96.0,32.708076,5.630583,6.0,35.0,3.0,42.900448,0.0,0.0,0.0,16.0,-8.0,7.0,1.0,0.0,75.70361,0.0
74.0,208.35971,2.0,67.0,52.704605,0.0,0.0,97.0,30.732615,6.0,6.0,50.481037,6.0,17.0,0.0,1.0,1.0,7.395092,74.14515,7.0,3.0,0.0,42.384846,0.0
78.35626,162.83589,27.648106,101.77661,9.0,0.0,0.0,82.90372,16.261257,6.0,6.0,12.0,0.0,50.0,5.8277993,0.0,0.0,0.0,-8.0,0.0,1.0,0.0,32.392,0.0
89.0,226.92467,21.01196,84.95228,13.0,0.0,0.0,100.0,-7.0,7.0,8.0,13.0,0.0,17.0,0.0,0.0,0.0,1.0,-8.0,1.0,1.0,0.0,55.301594,0.0
73.0,237.6463,3.0,69.44853,29.0,0.0,0.0,100.0,-7.0,4.7480435,6.0,35.374348,3.0,54.786472,1.0,2.0,2.0,31.356544,91.0,2.0,3.0,0.0,47.569023,0.0
81.0,344.28302,12.0,119.857796,21.384033,0.0,0.0,100.0,-7.0,7.0,8.0,28.0,0.0,33.0,4.9800825,0.0,0.0,13.0,-8.0,3.0,1.0,1.0,88.51464,0.0
86.0,192.90482,4.0,88.81968,16.0,0.0,0.0,100.0,-7.0,7.0,8.0,14.0,1.0,17.0,0.0,1.0,1.0,10.366751,75.963005,2.0,1.0,0.0,33.0,0.0
-9.0,-9.0,-9.0,-9.0,-9.0,-9.0,-9.0,-9.0,-9.0,-9.0,-9.0,-9.0,-9.0,-9.0,-9.0,-9.0,-9.0,-9.0,-9.0,-9.0,-9.0,-9.0,-9.0,0.0
82.0,238.51247,2.0,81.0,18.0,0.0,0.0,95.9846,25.356361,6.0,6.0,16.24623,2.0,36.0,16.0,0.0,0.0,12.0,-8.0,3.0,1.0,0.0,50.0,0.0
86.0,274.83234,6.0,110.92269,22.0,0.0,0.0,100.0,-7.0,7.0,8.0,26.845325,1.348992,39.0,4.0,2.0,1.0,7.009633,-8.0,1.0,2.0,0.0,57.0,0.0
74.29043,226.48064,5.0,119.05263,31.300941,1.0,1.0,98.0,39.163544,4.0,5.5581574,27.0,3.0,31.0,-8.0,2.0,2.0,27.088505,-8.0,5.0,1.0,0.0,69.38354,0.0
87.0,220.45401,2.0,65.781395,28.0,0.0,0.0,100.0,-7.0,7.0,8.0,32.0,3.3677568,35.02415,-8.0,1.0,1.0,9.0,67.29724,3.550532,2.0,0.0,57.0,0.0
84.0,153.13028,1.0,76.0,34.95116,0.0,0.0,100.0,-7.0,7.0,8.0,47.28095,5.0,28.0,9.7341585,0.0,0.0,15.0,49.17808,3.0,1.0,0.0,40.04749,0.0
73.0,280.5086,1.8236927,85.06675,47.335197,0.0,0.0,97.0,30.740433,6.0,6.0,56.808197,3.0,56.13458,0.0,6.133685,6.803596,36.0,58.27598,6.0,3.0,0.0,76.01424,0.0
79.0,125.980446,10.0,94.46194,21.0,0.0,0.0,93.0,13.92826,6.0,6.0,23.0,1.0,33.0,0.0,1.0,1.0,6.0,77.415855,4.0,5.8896036,0.0,83.0,0.0
89.0,339.33408,9.0,140.8574,28.0,0.0,0.0,100.0,-7.0,7.0,8.0,24.0,1.0,35.0,0.0,1.0,1.0,0.0,59.492046,3.0,2.0,0.0,35.642548,0.0
84.0,373.69107,4.0,86.79179,21.0,0.0,0.0,100.0,-7.0,7.0,8.0,20.0,3.0,28.0,2.2569149,0.0,0.0,2.0,-8.0,1.0,-8.0,0.0,-9.0,0.0
81.0,139.6599,6.0,58.111256,25.0,0.0,0.0,95.0,34.838654,6.0,6.0,25.0,2.0,52.123302,1.0,1.0,1.0,0.0,91.60245,0.0,2.0,0.0,33.0,0.0
79.0,195.78287,4.0,61.5802,27.0,0.0,0.0,95.0,20.485481,6.0,6.0,25.0,3.0,31.0,9.387202,0.0,0.0,1.0,69.92677,2.0,3.0,0.0,33.0,0.0
84.0,228.69061,2.0,72.40155,47.764572,0.0,0.0,100.0,-7.0,7.0,8.0,34.0,1.0,18.0,2.0,3.0,3.0,6.0,86.80243,4.0,2.0,0.0,50.0,0.0
67.0,-9.0,9.0,41.07626,9.324088,3.6178586,3.8926287,92.0,17.671062,-1.1034213,4.0,-9.0,3.0,44.0,0.0,0.0,0.0,11.0,8.653609,2.0,4.0,0.0,80.0,0.0
73.0,196.38724,2.0,101.75164,25.0,0.0,0.0,94.0,4.0,4.0,6.0,31.0,1.0,17.0,0.0,0.0,0.0,25.394735,-8.0,6.0,1.0,2.0,50.0,0.0
84.0,159.45667,8.0,70.0,23.0,0.0,0.0,100.0,-7.0,7.0,8.0,26.094028,1.0,42.26395,0.0,1.0,1.0,12.891987,75.70471,4.0,3.0,0.0,60.0,0.0
91.07395,230.215,27.187986,120.036674,13.0,0.0,0.0,100.0,-7.0,7.0,8.0,11.0,0.0,57.53825,19.896124,0.0,0.0,0.0,84.99409,-6.4412355,3.0,0.0,67.0,0.0
79.0,149.19249,7.0,94.0,33.513596,0.0,0.0,100.0,-7.0,7.0,8.0,45.997185,3.0,25.0,0.0,3.0,2.0,25.0,-8.0,1.0,1.0,0.0,44.0,0.0
65.0,196.10909,4.0,51.34129,15.0,0.0,0.0,85.76948,6.0,6.0,6.0,23.842949,2.0,33.0,5.0,0.0,0.0,42.16305,98.01503,5.0,3.0,0.0,81.2519,0.0
86.0,339.6889,3.0,138.3604,20.0,0.0,0.0,100.0,-7.0,7.0,8.0,23.0,2.0,33.0,0.0,2.0,2.0,7.0,45.17418,5.0,2.0,0.0,50.0,0.0
64.75373,143.09726,3.0,61.3316,13.405925,4.3939853,0.0,71.19305,26.41756,6.0,2.0,23.0,1.4770828,54.196808,0.0,3.0,2.0,34.047443,16.369005,5.0,2.0,0.0,100.0,0.0
76.0,219.26196,3.0,69.32113,45.31858,0.0,0.0,100.0,-7.0,7.0,8.0,39.93782,3.0,33.0,0.0,2.0,2.0,17.43415,92.21477,7.0,5.0,1.0,67.0,0.0
69.0,-9.0,6.0,16.115314,-9.0,0.0,0.0,88.21058,8.317373,4.0,6.0,3.0198002,2.0,54.130962,0.0,1.0,1.0,2.0,82.413864,1.0,2.0,0.0,80.0,0.0
73.0,161.14114,3.0,84.0,34.451443,0.0,0.0,97.0,51.90639,6.0,6.0,31.0,1.0,64.2549,0.0,6.672009,6.4443464,66.16071,59.840748,2.0,2.0,1.0,100.0,0.0
66.0,376.44107,7.0,92.0,26.337868,1.0,0.0,73.46382,32.80044,6.0,3.0436325,26.0,2.0,19.0,0.0,2.0,2.0,46.438324,-8.0,5.0,2.0,2.0,67.0,0.0
77.0,122.56874,5.0,70.0,31.0,0.0,0.0,94.0,12.156609,6.0,6.0,30.769352,4.0,33.0,0.0,1.0,1.0,4.347426,85.52819,4.0,2.0,0.0,44.72669,0.0
75.0,228.98727,5.0,134.15356,10.522297,1.0,1.0,90.85693,50.433804,6.0,4.0,9.234143,1.0,18.0,-7.0,0.0,0.0,0.25165164,85.23258,0.6728739,2.0,0.0,40.0,0.0
66.0,171.81802,18.408045,84.0,20.617014,2.0,1.8320665,77.49902,22.368155,6.0,3.0,28.0,0.0,19.459934,-8.0,0.0,0.0,52.68852,23.412226,3.0,1.0,0.9164396,75.0,0.0
74.0,145.9582,20.0,63.05539,33.0,0.0,0.0,100.0,-7.0,7.0,8.0,28.0,0.0,34.108086,11.899287,0.0,0.0,52.582367,81.323166,4.0,3.0,1.0,50.0,0.0
77.0,223.45195,8.0,65.191925,25.885078,0.0,0.0,100.0,-7.0,7.0,8.0,22.0,1.0,18.0,22.072699,0.0,0.0,22.98474,-8.0,4.0,1.0,0.0,44.77857,0.0
-9.0,-9.0,-9.0,-9.0,-9.0,-9.0,-9.0,-9.0,-9.0,-9.0,-9.0,-9.0,-9.0,-9.0,-9.0,-9.0,-9.0,-9.0,-9.0,-9.0,-9.0,-9.0,-9.0,0.0
80.0,270.34964,7.0,68.0,26.0,0.0,0.0,100.0,-7.0,7.0,8.0,23.0,1.0,38.906467,2.0,1.0,1.0,18.0,72.52845,6.0,3.0,0.0,55.459263,0.0
78.0,165.86023,12.808605,70.0,13.0,0.0,0.0,100.0,-7.0,7.0,8.0,9.143709,1.0,48.755203,-8.0,1.0,1.0,38.28386,33.861496,2.0,3.0,0.0,78.0,0.0
-9.0,-9.0,-9.0,20.032255,-9.0,-9.0,-9.0,-9.0,-9.0,-9.0,-9.0,-9.0,-9.0,-9.0,-9.0,-9.0,-9.0,-9.0,-9.0,-9.0,-9.0,-9.0,-9.0,0.0
78.35134,269.71524,1.0,166.75325,18.0,0.0,0.0,95.0,6.0,6.0,6.0,22.0,1.0,21.595667,0.0,2.0,2.0,2.0,17.349646,1.0,2.0,0.0,33.0,0.0
62.27574,282.0744,7.0,75.0,50.72708,2.330956,1.0,86.74845,1.0,3.325372,4.0,53.657227,2.0,21.0,7.162073,1.0,1.0,17.0,82.0,6.552033,5.0,1.4534968,58.868828,0.0
66.85272,162.54837,10.0,62.260773,13.0,0.0,0.0,83.48899,36.81587,6.0,6.0,11.0,1.0,25.873215,0.0,1.0,1.0,59.06445,56.40104,3.0,2.0,0.0,83.89027,0.0
73.0,-9.0,13.0,26.079746,14.0,0.0,0.0,82.228714,23.249878,6.0,6.0,11.32116,0.0,35.7852,0.0,0.0,0.0,1.0,17.053213,2.0,1.0,0.0,52.763206,0.0
78.0,167.50378,3.0,45.371395,11.572158,0.0,0.0,100.0,-7.0,7.0,8.0,13.0,1.0,38.674896,0.0,0.0,0.0,46.067646,88.00414,3.0,3.0,0.0,76.219154,0.0
-9.0,108.40277,6.0,32.43848,56.79919,0.0,0.0,96.0,27.551964,6.0,6.0,67.171646,4.0,27.784895,4.6080165,1.0,1.0,51.190643,-8.0,11.0,5.0,3.8144,80.0,0.0
80.0,146.67534,0.32837194,79.0,36.0,0.0,0.0,100.0,-7.0,7.0,8.0,47.161766,4.466853,45.054886,4.0,3.0,3.0,14.0,81.60528,3.7762442,6.2320776,0.0,82.15341,0.0
77.0,387.0089,21.547302,106.736,22.0,0.0,0.0,94.0,15.743066,6.0,6.0,19.476433,0.0,36.94664,0.0,0.0,0.0,0.0,-8.0,2.0,2.0,0.0,27.26734,0.0
91.0,270.59973,2.0,96.54679,14.0,0.0,0.0,100.0,-7.0,7.0,8.0,15.0,1.0,10.44704,0.0,0.0,0.0,0.0,-8.0,0.0,-5.1295285,0.0,-9.0,0.0
76.801735,173.04854,6.0,106.336296,13.0,0.0,0.0,97.0,-7.0,4.0,6.0,15.0,1.0,40.0,-8.0,0.0,0.0,2.0,78.53924,2.0,3.0,0.0,56.0,0.0
79.0,94.92969,3.0,52.225792,11.046008,0.0,0.0,100.0,-7.0,7.0,8.0,-9.0,3.0,10.989173,2.0,2.0,1.1539572,46.58555,-8.0,2.0,1.0,0.0,43.853706,0.0
80.0,77.51661,3.0,63.996864,14.0,0.0,0.0,95.0,49.38115,6.0,6.0,17.0,2.0,20.0,0.0,5.0,4.3369827,2.0,-8.0,2.0,1.0,0.0,50.0,0.0
77.0,325.21576,23.569294,129.60963,21.0,0.0,0.0,100.0,-7.0,7.0,8.0,21.0,0.0,-9.0,-7.0,0.0,0.0,17.85876,-8.0,3.0,-8.0,0.0,77.81669,0.0
55.169224,79.21196,3.0,27.210346,20.0,1.5756619,1.0,91.0,10.85495,4.0,4.0,24.0,5.0,40.0,0.0,0.0,0.0,40.85375,83.001236,4.1321287,4.0,1.9385655,88.62561,0.0
-9.0,-9.0,-9.0,-9.0,-9.0,-9.0,-9.0,-9.0,-9.0,-9.0,-9.0,-9.0,-9.0,-9.0,-9.0,-9.0,-9.0,-9.0,-9.0,-9.0,-9.0,-9.0,-9.0,0.0
81.0,333.012,35.312454,101.81386,13.0,0.0,0.0,100.0,-7.0,7.0,8.0,16.0,0.0,37.0,0.0,2.0,1.0,22.976822,-8.0,1.0,-9.0,0.0,33.0,0.0
86.0,271.6652,3.0,95.83732,13.0,0.0,0.0,100.0,-7.0,7.0,8.0,13.564071,1.0,42.461018,0.0,0.0,0.0,48.970398,93.49372,2.0,2.0,1.0,71.0,0.0
84.0,134.95491,11.0,74.69217,23.0,0.0,0.0,100.0,-7.0,7.0,8.0,28.0,0.0,21.0,0.0,0.1550868,1.0,28.0,-8.0,2.0,1.0,0.0,78.0,0.0
74.0,98.801414,15.0,52.947224,9.8352585,0.0,0.0,100.0,-7.0,7.0,8.0,6.782701,0.0,33.0,0.0,1.0,1.0,53.786037,-8.0,2.0,2.0,1.0,100.0,0.0
78.0,296.36615,2.0,86.0,13.0,0.0,0.0,100.0,-7.0,7.0,8.0,14.0,3.0,34.16451,1.0,2.0,2.0,26.763216,58.96978,2.0,1.0,0.0,43.0,0.0
90.36845,73.40671,34.824787,107.039085,17.0,0.0,0.0,100.0,-7.0,7.0,8.0,8.0,0.0,20.0,0.0,0.0,0.0,1.0,-8.0,2.0,1.0,0.0,50.0,0.0
76.0,370.3283,15.112214,120.15995,26.999327,1.3852092,1.0,87.34012,10.370952,6.0,5.0,29.0,0.0,20.0,1.0,0.0,0.0,1.0,-8.0,3.0,2.0,0.0,25.956247,0.0
81.0,240.93774,5.0,78.13978,33.0,0.0,0.0,95.55062,12.619565,5.7057576,6.0,25.644691,2.0,22.0,10.189561,0.0,0.0,7.0,-8.0,4.0,3.0,0.0,100.0,0.0
84.0,134.90063,3.0,55.867992,7.0,0.0,0.0,100.0,-7.0,7.0,8.0,10.0,2.0,31.0,3.0,1.0,0.77233267,9.0,10.259193,2.0,1.0,0.0,100.0,0.0
74.45093,411.7026,17.938894,107.891754,32.0,0.0,0.0,100.0,-7.0,7.0,8.0,39.18213,0.0,28.0,0.0,2.0,2.0,42.342625,74.654274,4.0,2.0,1.0,67.0,0.0
79.0,366.60843,8.167932,107.83774,12.0,0.0,0.0,84.090065,44.26929,6.0,6.0,15.0,1.0,18.74993,5.0,0.0,0.0,2.0,-8.0,2.0,1.0,1.0,42.06393,0.0
80.0,191.13354,7.0,74.19122,28.229883,0.0,0.0,100.0,-7.0,7.0,8.0,27.0,2.0,21.0,2.0,1.0,1.0,32.486866,92.24087,2.0,2.0,0.7301064,24.887762,0.0
88.0,282.076,3.0,128.87695,13.0,0.0,0.0,100.0,-7.0,7.0,8.0,17.0,1.0,23.693129,0.0,0.0,0.4019471,11.0,52.35725,3.0,1.0,0.0,60.0,0.0
76.0,138.0211,2.0,38.18692,17.0,0.0,0.0,100.0,-7.0,7.0,8.0,19.0,1.0,44.0,0.0,2.0,2.0,24.22342,-8.0,3.0,3.0,0.0,72.79336,0.0
67.87563,342.65637,7.0,101.59573,20.0,2.0,1.0,75.33192,-7.0,-9.0,5.0,19.0,3.0,19.0,3.0,1.0,1.0,1.0,-8.0,3.0,1.0,0.0,32.9844,0.0
69.0,355.5348,22.393852,98.57433,26.0,0.0,0.0,100.0,-7.0,6.0,7.0,45.832226,0.0,27.0,20.281973,0.0,0.0,57.97256,53.075203,8.0,3.0,2.0,80.0,0.0
66.0,137.68275,2.6392226,58.105694,17.0,1.4025058,1.0,89.81099,27.086256,6.0,5.0,20.404156,3.0,46.74564,0.0,0.0,0.0,58.463047,-8.0,5.0,2.0,3.0,94.37707,0.0
87.0,329.8993,2.0,93.0,27.0,0.0,0.0,100.0,-7.0,7.0,8.0,24.0,2.0,34.56447,-7.0,1.0,1.0,0.0,48.83818,3.0,2.0,0.0,42.348568,0.0
64.0845,169.8134,1.177122,54.72231,15.0,0.0,0.0,84.466156,12.870193,5.0,6.0,19.0,3.0,40.0,0.0,2.0,2.0,41.59325,57.008087,6.0,3.0,1.0,80.0,0.0
75.0,168.47745,15.0,68.0,15.180238,0.0,0.0,97.0,1.0714798,6.0,6.0,15.0,0.0,18.31536,0.0,0.0,0.0,38.025597,96.1794,3.0303428,2.0,1.0,56.0,0.0
70.0,137.2801,7.0,46.801685,13.0,0.0,0.0,100.0,-7.0,7.0,8.0,5.4379625,1.0,17.0,1.5372939,2.0,2.0,29.232803,89.346,1.0,1.0,0.0,54.54807,0.0
87.957855,176.23567,6.0,101.97265,15.0,0.0,0.0,100.0,-7.0,7.0,8.0,14.36888,2.0,43.0,8.064548,4.0,3.6693873,2.0,84.001816,1.0,2.0,0.0,50.0,0.0
81.0,75.43475,1.0,19.71094,12.326302,0.0,0.0,100.0,-7.0,7.0,8.0,15.0,2.0,38.789997,4.0,1.0,1.0,6.0,38.747192,3.0,1.0,0.0,50.0,0.0
69.0,320.37955,10.0,108.6582,35.986973,0.0,0.0,89.0,3.0,4.0,6.0,41.488033,0.0,13.243305,9.0,0.0,0.0,35.08043,-8.0,9.0,1.0,1.0,51.708363,0.0
83.0,215.05234,16.764084,79.0,21.0,0.0,0.0,100.0,-7.0,7.0,8.0,19.0,0.0,64.03493,3.0,1.0,1.0,12.444941,80.683365,2.0,4.0,0.0,74.89672,0.0
75.0,380.12964,29.996126,151.8557,23.0,1.0,0.0,88.44473,10.076421,6.0,5.0,7.0,0.0,20.0,-7.0,0.0,0.0,15.050423,-8.0,6.0,1.0,1.0,50.0,0.0
-9.0,-9.0,-9.0,-9.0,-9.0,-9.0,-9.0,-9.0,-9.0,-9.0,-9.0,-9.0,-9.0,-9.0,-9.0,-9.0,-9.0,-9.0,-9.0,-9.0,-9.0,-9.0,-9.0,0.0
75.541855,-4.1697335,11.0,-9.0,4.5636353,0.0,0.0,100.0,-7.0,7.0,8.0,7.27766,0.0,43.30428,3.7892666,0.0,0.0,21.0,-8.0,1.0,1.0,0.0,48.507034,0.0
81.0,162.27634,9.0,69.62324,34.0,0.0,0.0,100.0,-7.0,7.0,8.0,41.146645,0.0,40.0,4.0,1.0,0.0,20.608395,71.0,2.0,2.0,0.0,26.117844,0.0
70.69306,165.02184,18.55719,114.15476,20.0,0.0,0.0,100.0,-7.0,7.0,8.0,21.0,0.0,19.0,0.0,0.0,0.0,72.678,-8.0,2.0,1.0,3.0,43.0,0.0
64.0,43.92989,3.0,53.218204,13.0,2.0,1.0,84.3772,24.670387,6.0,5.0,8.018704,2.0,14.0,0.0,1.0,1.0,54.499264,-8.0,3.0,-8.0,1.0,50.861057,0.0
91.388374,165.25618,17.12113,81.0,35.021027,0.0,0.0,100.0,-7.0,7.0,8.0,34.0,0.0,5.1661425,2.0,0.0,0.0,1.0,-8.0,3.0,1.0,0.0,35.419304,0.0
68.39228,77.74766,1.0,-0.8521788,30.0,0.0,0.0,100.0,-7.0,7.0,8.0,37.100346,5.0,48.41292,1.0,2.0,2.0,32.274,95.34046,2.0,5.0,0.0,67.0,0.0
83.0,301.98425,3.0,103.78637,16.0,0.0,0.0,94.0,-7.0,6.0,6.0,26.0,1.0,19.0,11.011122,1.0,1.0,20.169983,-8.0,4.0,-9.0,0.0,52.970383,0.0
87.0,410.3449,8.0,94.0,15.0,0.0,0.0,100.0,-7.0,7.0,8.0,22.638489,3.0,36.0,0.0,2.0,1.0,1.0,-8.0,3.0,1.0,0.0,57.0,0.0
89.0,230.12056,6.0,93.0,29.0,0.0,0.0,100.0,-7.0,7.0,8.0,24.0,2.0,-9.0,0.0,0.0,0.0,0.0,20.974445,1.8759395,2.0,0.0,20.600061,0.0
80.0,206.75493,2.0,92.0,28.0,0.0,0.0,100.0,-7.0,7.0,8.0,27.0,2.0,33.0,0.0,4.0,4.0,15.059054,22.397215,3.0,3.0,0.0,67.0,0.0
72.0,407.7006,9.557038,93.95219,30.0,0.0,0.0,95.0,6.893829,6.0,6.0,29.0,1.0,23.90971,14.70066,0.0,0.0,20.48883,80.87946,4.0,2.0,0.0,50.0,0.0
61.031563,215.56705,3.0,86.304115,12.412741,10.733485,9.873205,57.40566,21.155228,4.7797837,2.0,18.0,4.03947,60.0712,-7.0,1.0,1.0,47.43552,89.95398,2.0,2.0,0.0,83.0,0.0
85.45442,191.5307,8.0,65.0,23.0,0.0,0.0,100.0,-7.0,7.0,8.0,24.0,1.0,18.0,-8.0,1.0,1.0,10.840145,-8.0,1.0,2.0,0.0,25.402586,0.0
69.840836,304.52902,17.0,110.0033,20.29529,0.0,0.0,95.0,25.592377,6.0,6.0,23.0,0.0,31.023037,9.25189,0.0,0.0,47.2814,-8.0,6.0,2.0,3.0,57.0,0.0
69.0,297.61456,9.0,120.07443,11.721792,4.459416,3.9773517,66.14757,9.732804,6.0,-9.0,15.0,1.0,27.0,0.7879327,1.0,1.0,62.874683,-8.0,2.0,2.0,1.4234037,60.0,0.0
84.0,327.67996,28.077919,137.71638,10.0,0.0,0.0,100.0,-7.0,7.0,8.0,16.0,0.0,7.4678392,-7.0,1.0,1.0,20.146494,-8.0,1.0,1.0,0.0,58.18114,0.0
89.32611,162.30005,12.078213,80.212585,13.902292,0.0,0.0,100.0,-7.0,7.0,8.0,15.0,0.0,29.0,-7.0,0.0,0.0,9.0,-8.0,2.0,1.0,0.0,50.0,0.0
62.0,107.87334,3.0,41.966045,14.0,0.0,0.0,83.32506,27.549713,6.0,6.0,17.0,2.0,46.0,-7.0,3.0,3.0,88.69993,73.80256,6.0,4.0,3.8632896,100.0,0.0
82.0,480.5732,21.285107,162.21239,15.0,0.0,0.0,100.0,-7.0,7.0,8.0,19.0,0.0,15.0,8.791929,0.0,0.0,47.361904,60.74105,8.0,1.0,0.0,77.34341,0.0
73.0,309.65137,2.0,79.0,24.0,0.0,0.0,100.0,-7.0,7.0,8.0,29.0,2.0,33.50607,0.0,1.0,1.0,56.228786,-8.0,4.0,2.0,3.0,69.03515,0.0
-9.0,-9.0,-9.0,-9.0,-9.0,-9.0,-9.0,-9.0,-9.0,-9.0,-9.0,-9.0,-9.0,-9.0,-9.0,-9.0,-9.0,-9.0,-9.0,-9.0,-9.0,-9.0,-9.0,0.0
66.0,278.5024,5.0,90.292305,39.83468,1.0,1.0,96.41243,3.0,0.88344634,6.0,31.0,2.0,33.0,-7.0,0.0,0.0,6.0,76.62561,3.0,5.0,0.0,73.95284,0.0
68.0,234.06071,2.0,64.06417,26.0,0.0,0.0,100.0,-7.0,7.0,8.0,37.11001,2.0,20.287693,0.0,3.0,2.0,78.67825,-8.0,5.0,1.0,2.0,72.845345,0.0
78.0,302.89154,5.0,76.11602,47.791527,0.0,0.0,100.0,-7.0,7.0,8.0,52.390972,3.0,43.694664,9.0,0.0,0.0,16.160305,92.380356,4.0,3.0,0.0,50.0,0.0
68.0,176.26292,7.0,126.01745,17.0,3.085592,0.0,69.25837,23.919437,6.0,5.0,22.0,3.0,31.0,0.864419,0.0,0.0,40.73076,82.0,6.0,1.0,0.0,52.69898,0.0
74.0,170.82068,2.0,59.3963,73.769196,0.0,0.0,100.0,-7.0,7.0,8.0,61.42686,10.843131,50.0,1.0,1.0,1.0,3.8115876,78.31577,3.0,7.9727273,0.0,56.74458,0.0
88.0,330.39737,3.0,106.64975,28.0,0.0,0.0,100.0,-7.0,7.0,8.0,14.913151,6.0,33.0,11.484207,1.0,0.0,8.591385,86.921036,4.0,2.0,0.0,53.000584,0.0
73.0,241.61104,20.097828,113.49709,21.374825,0.0,0.0,93.0,60.38023,6.0,6.0,22.0,0.0,40.28939,0.0,0.0,0.0,61.485916,-8.0,6.9088893,1.0,0.0,83.0,0.0
73.0,227.21846,25.686625,104.563286,36.0,0.0,0.0,95.0,24.839962,6.0,6.0,33.72582,0.0,26.930222,0.0,0.0,0.0,33.739716,81.39738,2.0,2.0,0.0,27.782833,0.0
59.255943,246.7699,8.0,73.78716,28.216845,0.0,0.0,91.64115,24.609592,6.0,6.0,37.0,1.0,18.0,0.0,1.0,1.0,102.33756,-8.0,8.0,1.0,3.0,100.0,0.0
71.0,304.51514,5.0,75.57752,34.0,0.0,0.0,100.0,-7.0,7.0,8.0,39.75064,4.0,24.0,-8.0,2.0,2.0,43.49602,56.106,5.0,2.0,2.0,71.0,0.0
67.0,7.42853,4.0,22.015142,13.0,0.0,0.0,87.7031,55.27226,6.0,6.0,15.0,2.0,38.98266,0.0,3.0,3.5314364,32.109943,-8.0,2.0,1.0,0.0,80.0,0.0
75.0,226.03564,1.4783593,126.23351,39.888832,0.0,0.0,97.0,45.644165,6.0,6.0,44.377743,1.0,29.0,0.0,6.069431,6.517304,1.0,-8.0,6.0,1.0,0.0,67.0,0.0
92.15853,259.33917,8.0,160.45964,-9.0,0.0,0.0,100.0,-7.0,7.0,8.0,7.0,1.0,10.8832245,16.48538,0.0,0.0,9.0,-8.0,2.0,-8.0,0.0,57.86308,0.0
89.0,214.39828,8.0,91.696075,28.0,0.0,0.0,100.0,-7.0,7.0,8.0,35.0,1.0,21.0,-8.0,0.0,0.0,4.0,88.0,5.0,2.0,0.0,61.69919,0.0
-9.0,-9.0,-9.0,-9.0,-9.0,-9.0,-9.0,-9.0,-9.0,-9.0,-9.0,-9.0,-9.0,-9.0,-9.0,-9.0,-9.0,-9.0,-9.0,-9.0,-9.0,-9.0,-9.0,0.0
67.61237,174.31012,2.0,66.11333,36.0,0.0,0.0,97.0,4.41776,6.0,6.0,32.01801,4.0,28.0,5.593128,0.0,0.0,61.682045,99.93356,6.0,4.0,3.6974967,71.0,0.0
75.0,271.86295,13.04724,139.36653,20.0,0.0,0.0,79.40061,8.14963,6.0,6.0,23.0,1.0,29.24085,0.0,0.0,0.0,22.411377,45.648663,5.0,1.0,0.0,77.36343,0.0
86.711754,190.5011,2.0,113.421555,30.0,0.0,0.0,100.0,-7.0,7.0,8.0,33.0,2.0,17.0,4.0,2.0,1.0,1.0,-8.0,6.0,1.0,0.0,48.81444,0.0
61.277718,158.41618,4.0,28.243402,18.0,4.35692,6.13247,100.0,-7.0,6.0,8.0,23.0,6.0,19.0,0.0,1.0,1.0,12.0,96.82658,2.0,2.0,0.0,44.0,0.0
90.52897,394.81296,102.5382,228.84888,7.0,0.0,0.0,100.0,-7.0,7.0,8.0,10.0,0.0,41.0,21.53163,0.0,0.0,12.534026,-8.0,1.0,1.0,0.0,82.151215,0.0
88.0,135.64252,2.0,65.0,15.0,0.0,0.0,100.0,-7.0,7.0,8.0,15.0,1.0,26.792818,-8.0,0.0,0.0,0.0,11.8263,1.0,2.0,0.0,50.905746,0.0
-9.0,-9.0,-4.8638835,-9.0,-9.0,-9.0,-9.0,-9.0,-9.0,-9.0,-9.0,-9.0,-9.0,-9.0,-9.0,-9.0,-9.0,-9.0,-9.0,-9.0,-9.0,-9.0,-9.0,0.0
-9.0,-9.0,-9.0,-9.0,-9.0,-9.0,-9.0,-9.0,-9.0,-9.0,-9.0,-9.0,-9.0,-9.0,-9.0,-9.0,-9.0,-9.0,-9.0,-9.0,-9.0,-9.0,-9.0,0.0
89.0,260.80197,8.0,124.91025,19.0,0.0,0.0,100.0,-7.0,7.0,8.0,23.0,1.0,35.0,0.0,2.0,2.0,0.0,-8.0,2.0,1.0,0.0,49.7391,0.0
77.0,216.73988,6.0,114.400276,28.0,0.0,0.0,100.0,-7.0,7.0,8.0,32.0,1.0,41.0,0.0,1.0,1.0,22.981348,50.53657,6.0,2.0,2.0,57.0,0.0
78.0,173.90071,5.0,91.8249,19.843342,0.0,0.0,100.0,-7.0,7.0,8.0,20.0,1.0,35.0,3.0,1.0,1.0,32.75743,89.398796,2.0,2.0,1.0,65.09315,0.0
70.01717,184.08391,5.0,86.0,13.783396,3.0,2.0225194,57.834377,37.204536,6.0,-9.0,16.0,3.0,45.359894,0.0,2.0,3.0,4.7403097,-8.0,1.0,1.0,0.0,67.0,0.0
77.0,139.92296,4.0,58.0,26.0,0.0,0.0,100.0,-7.0,7.0,8.0,34.0,3.0,50.0,2.0,0.0,0.0,68.78597,88.12942,2.241956,3.0,0.0,75.07111,0.0
78.0,212.27818,2.0,92.9464,14.0,0.0,0.0,95.0,70.371056,6.0,6.0,16.0,2.0,52.989544,0.0,1.0,1.0,45.743355,44.07113,2.0,2.0,0.0,67.68571,0.0
80.0,256.79053,3.0,90.0,21.0,0.0,0.0,90.35858,9.626029,6.0,6.0,12.0,2.0,37.50191,10.136106,1.0,1.0,11.107129,-8.0,3.0,1.0,0.0,74.800644,0.0
90.39825,207.90225,8.0,103.95292,17.276392,0.0,0.0,100.0,-7.0,7.0,8.0,19.365152,2.0,35.0,7.2880807,0.0,0.0,1.0,-8.0,1.0,2.0,0.0,47.988106,0.0
81.94649,197.00992,5.0,88.41656,15.878629,0.0,0.0,100.0,-7.0,7.0,8.0,18.0,3.0,22.0,-8.0,0.0,0.0,28.0,34.308132,4.0,1.0,0.0,56.0,0.0
87.0,-6.552893,10.055364,62.607853,11.69225,0.0,0.0,100.0,-7.0,7.0,8.0,0.745134,1.0,33.14346,0.0,0.0,0.0,0.0,-8.0,1.0,1.0,0.0,87.35716,0.0
56.395786,422.8561,11.787715,104.83434,36.0,0.0,0.0,92.0,0.277519,4.0,6.0,40.332626,0.0,61.708668,0.0,1.0,1.0,62.57766,57.417126,7.3715625,4.0692368,3.0,88.54673,0.0
80.002525,185.20139,5.0,72.0,22.0,0.0,0.0,100.0,-7.0,7.0,8.0,27.0,3.9337497,31.314268,0.0,2.0,2.0,0.0,71.006775,1.0,2.0,0.0,33.0,0.0
64.97076,125.57588,6.0,58.0,13.0,2.0,2.0,77.31599,5.8676953,4.0,3.934118,14.0,2.0,85.09213,4.0,0.0,0.0,0.0,53.158268,1.0,3.0,0.0,83.0,0.0
80.0,393.64252,1.0,104.33178,34.55503,0.0,0.0,100.0,-7.0,7.0,8.0,44.934296,3.0,16.236217,0.0,1.0,1.0,11.0,50.070663,9.0,2.0,1.0,64.0,0.0
75.0,215.00783,17.0,67.32423,7.153744,0.0,0.0,100.0,-7.0,7.0,8.0,11.0,0.0,43.552013,0.0,2.0,2.0,1.0,-8.0,1.0,1.0,0.0,71.0,0.0
-9.0,-9.0,-9.0,-9.0,-9.0,-9.0,-9.0,-9.0,-9.0,-9.0,-9.0,-9.0,-9.0,-9.0,-9.0,-9.0,-9.0,-9.0,-9.0,-9.0,-9.0,-9.0,-9.0,0.0
63.477383,208.86523,7.0,68.0,10.0,3.0,2.0,58.04012,22.808853,6.0,5.0,11.000025,2.0,43.0,0.0,0.0,0.0,10.0,80.091995,2.0,2.0,0.0,75.0,0.0
-9.0,-9.0,-9.0,-9.0,-9.0,-9.0,-9.0,-9.0,-9.0,-9.0,-9.0,-9.0,-9.0,-9.0,-9.0,-9.0,-9.0,-9.0,-9.0,-9.0,-9.0,-9.0,-9.0,0.0
77.0,232.04897,2.0,88.00042,36.0,0.0,0.0,92.0,4.522816,6.0,6.0,49.075912,3.0,29.0,0.0,0.0,0.0,10.0407915,91.0,3.0,3.174454,0.0,41.325836,0.0
79.0,185.83917,8.0,86.0,17.0,0.0,0.0,100.0,-7.0,7.0,8.0,18.0,2.0,56.15515,0.0,1.0,0.0,47.81239,95.32713,2.0,2.0,0.0,85.57163,0.0
62.0,62.163734,7.0,38.457806,26.896244,0.0,0.0,93.0,6.8954535,4.0,6.0,29.0,2.0,59.008816,-7.0,0.0,0.0,42.912804,74.69986,4.4077945,4.0,1.0,82.21981,0.0
84.0,177.77603,5.8523145,65.0,19.0,0.0,0.0,100.0,-7.0,7.0,8.0,22.33848,4.0,15.0,0.0,0.0,0.0,3.0,-8.0,2.0,2.0,0.0,42.092712,0.0
79.0,271.087,4.647343,107.22668,13.0,0.0,0.0,100.0,-7.0,7.0,8.0,12.0,2.0,63.090027,-7.0,0.0,0.0,68.17895,90.66764,3.0,6.698006,0.0,100.0,0.0
82.0,112.14887,8.0,43.5301,7.0,0.0,0.0,100.0,-7.0,7.0,8.0,4.8436003,1.0,68.16742,-7.0,0.0,0.0,0.0,93.42985,-9.0,2.0,0.0,50.0,0.0
67.0,189.23347,5.0,83.29215,23.0,0.0,0.0,92.0,9.836779,6.0,6.0,26.0,1.0,23.0,5.0,2.0,1.0,7.0,80.0,7.0,2.0,2.0,91.24001,0.0
74.270775,114.71029,31.653568,78.8212,15.0,0.0,0.0,100.0,-7.0,7.0,8.0,13.246286,0.0,24.0,-8.262078,0.0,0.0,113.09535,-8.0,4.0,1.0,1.0,95.13577,0.0
80.0,102.87154,5.0,93.9545,10.741029,0.0,0.0,100.0,-7.0,7.0,8.0,0.95069355,2.0,45.0,0.0,0.0,0.0,43.74373,-8.0,4.0,2.0,1.0,100.0,0.0
79.0,279.39606,12.124114,108.931885,11.0,0.0,0.0,91.0,79.53299,6.0,6.0,11.0,0.0,46.0,0.0,0.0,0.0,52.196556,-8.0,1.0,1.0,-9.0,98.34705,0.0
-9.0,-9.0,-9.0,-9.0,-9.0,-9.0,-9.0,-9.0,-9.0,-9.0,-9.0,-9.0,-9.0,-9.0,-9.0,-9.0,-9.0,-9.0,-9.0,-9.0,-9.0,-9.0,-9.0,0.0
73.0,217.61642,-9.0,69.45789,27.0,0.0,0.0,97.44669,-7.0,4.0,6.0,28.0,6.0,25.0,3.8161633,2.0,2.0,5.0,125.73983,5.0,2.0,0.0,42.10478,0.0
68.12337,230.40433,13.0,110.399254,12.0,2.0,1.0,69.99712,39.554844,6.0,2.0,16.0,1.0,73.154434,-7.0,0.0,0.0,38.343506,6.676205,2.0,1.0,0.0,91.93909,0.0
80.24965,394.5195,32.731297,155.04669,27.854656,0.0,0.0,100.0,-7.0,7.0,8.0,36.546196,0.0,24.0,0.0,0.0,0.0,36.57145,-8.0,7.0,1.0,1.0,45.78792,0.0
70.0,186.73132,24.3502,133.73677,18.0,0.0,0.0,96.0,2.0,4.0,6.0,19.0,0.0,30.0,16.0,0.0,0.0,28.337374,-8.0,3.760231,1.0,1.0,40.0,0.0
70.712524,191.10727,5.0,78.58945,10.121067,4.21877,5.8988295,100.0,-7.0,6.0,8.0,11.0,2.0,57.503426,1.0,1.0,1.0,5.2773905,92.573296,1.0,2.0,0.0,82.30204,0.0
87.0,226.86737,9.0,119.27495,32.0,0.0,0.0,100.0,-7.0,7.0,8.0,31.87826,1.0,23.0,-8.0,0.0,0.0,2.0,-8.0,2.0,2.0,0.0,33.0,0.0
72.0,271.94354,5.0,126.02548,42.103283,0.0,0.0,97.0,31.358122,6.0,6.0,41.57594,1.0,29.0,0.0,0.0,0.0,24.046518,93.0,7.8357277,3.0,2.0,63.0,0.0
76.0,225.2857,26.244268,133.06511,20.0,0.0,0.0,97.0,-7.0,4.0,6.0,23.0,0.0,45.277626,2.3781598,2.0,2.0,5.211598,3.9959128,4.0,1.0,0.0,75.0,0.0
85.0,152.04236,17.653513,74.95055,14.0,0.0,0.0,95.0,53.956142,6.0,6.0,15.0,0.0,13.074776,19.421331,2.0,1.0,0.0,-8.0,1.0,1.0,0.0,26.011229,0.0
75.0,324.53604,2.0,86.020744,29.0,0.0,0.0,100.0,-7.0,7.0,8.0,28.0,2.0,15.403363,0.0,1.0,1.0,18.675047,59.97697,9.0,3.0,0.0,60.0,0.0
81.0,162.82745,10.0,86.0,25.907639,0.0,0.0,92.32662,52.372158,6.0,6.0,16.812534,1.0,37.829384,0.0,0.0,0.0,0.524797,-8.0,5.0,4.0,0.0,75.088745,0.0
78.0,444.2118,22.408768,172.07867,14.0,0.0,0.0,100.0,-7.0,7.0,8.0,15.0,0.0,21.0,23.010302,0.0,0.0,54.716812,-8.0,6.0,-8.0,2.0,80.0,0.0
83.55389,260.7659,1.0,124.87686,16.0,0.0,0.0,100.0,-7.0,7.0,8.0,20.0,1.0,35.0,-7.0,0.0,0.0,40.183,84.99555,5.0,3.0,0.0,60.0,0.0
72.23477,161.39934,3.0,47.335148,26.0,0.0,0.0,95.0,77.451035,6.0,6.0,30.05224,3.0,24.655905,-7.0,4.0,4.0,36.35205,53.33355,3.0,1.0,2.0,50.0,0.0
85.0,321.23474,6.2742853,90.16526,39.0,0.0,0.0,100.0,-7.0,7.0,8.0,31.646646,2.0,24.0,0.0,2.0,2.0,7.9280562,-8.0,6.0,-8.0,0.0,50.060253,0.0
92.237854,208.62222,7.0,78.35474,20.0,0.0,0.0,100.0,-7.0,7.0,8.0,26.0,0.0,20.0,-9.0,0.0,0.0,1.7795138,16.482635,2.0,1.0,0.0,19.724316,0.0
68.0,210.51274,17.0,104.6772,31.655241,1.0,1.0,92.0,12.579864,6.0,5.0,38.0,0.0,31.389875,0.0,0.0,0.0,21.445063,82.0,2.0,3.0,1.0,33.519497,0.0
74.36852,185.43642,6.0,84.13441,36.921898,0.0,0.0,100.0,-7.0,7.0,8.0,28.0,2.0,22.0,0.0,0.0,0.0,51.6789,-8.0,7.0,1.0,1.0,80.0,0.0
83.94046,470.0197,21.608501,123.92576,25.275846,0.0,0.0,96.0,21.460001,6.0,6.0,27.0,0.0,25.760828,0.0,2.0,1.0,1.0,-8.0,1.0,1.0,0.0,20.159214,0.0
70.0,166.64435,8.0,79.0,24.350311,0.0,0.0,97.0,81.712845,6.0,6.0,26.0,2.0,16.42691,0.0,0.0,0.0,64.33073,-8.0,8.844296,1.0,1.0,74.1583,0.0
-9.0,-9.0,-9.0,-9.0,-9.0,-9.0,-9.0,-9.0,-9.0,-9.0,-9.0,-9.0,-9.0,-9.0,-9.0,-9.0,-9.0,-9.0,-9.0,-9.0,-9.0,-9.0,-9.0,0.0
81.0,335.84464,-9.0,73.23728,20.0,0.0,0.0,79.67806,9.941195,6.0,6.0,21.0,2.0,22.203463,-8.0,1.0,1.0,4.358343,-8.0,2.0,2.0,0.0,44.0,0.0
88.0,289.1531,16.947533,118.48941,16.0,0.0,0.0,100.0,-7.0,7.0,8.0,14.0,0.0,22.0,-7.0,0.0,0.0,1.0,-8.0,2.0,1.0,0.0,44.0,0.0
77.0,190.3621,1.0,64.18585,32.964405,0.0,0.0,100.0,-7.0,7.0,8.0,40.304916,6.0,23.0,0.0,4.0,3.0540302,2.0,80.87623,6.0,2.0,0.0,50.0,0.0
89.862854,222.36208,2.0,94.64755,26.0,0.0,0.0,100.0,-7.0,7.0,8.0,28.0,2.0,57.71308,0.0,0.0,0.0,7.737444,59.151573,3.0,4.0,0.0,60.0,0.0
77.0,170.17865,3.0,53.12316,19.82889,0.0,0.0,100.0,-7.0,7.0,8.0,22.0,1.0,32.0,1.0,2.0,2.0,45.53914,94.07762,5.0,3.0,0.0,63.0,0.0
88.28838,253.92609,10.0,91.91842,11.640293,0.0,0.0,100.0,-7.0,7.0,8.0,12.878181,0.0,18.0,-7.0,0.0,0.0,1.0,-8.0,1.0,1.7449625,0.0,87.67865,0.0
71.0,147.28026,9.0,76.0,19.0,1.0,1.0,85.723915,18.391008,6.0,3.8297355,21.0,3.0,32.379253,22.959312,0.0,0.0,16.0,96.87132,4.0,4.0,0.0,100.0,0.0
83.0,176.74876,4.0,61.0,15.0,0.0,0.0,100.0,-7.0,7.0,8.0,18.232685,2.0,23.864758,1.0,0.0,0.0,14.182512,92.62374,5.0,2.0,0.0,75.0,0.0
75.0,115.519844,16.24308,64.61162,7.051886,0.0,0.0,95.0,36.71156,4.0,6.0,9.3808775,0.0,6.5969067,15.792276,0.0,0.0,43.94358,-8.0,3.0,1.0,0.0,100.0,0.0
-9.0,-9.0,-9.0,-9.0,-9.0,-9.0,-9.0,-9.0,-9.0,-9.0,-9.0,-9.0,-9.0,-9.0,-9.0,-9.0,-9.0,-9.0,-9.0,-9.0,-9.0,-9.0,-9.0,0.0
-9.0,-9.0,-9.0,-9.0,-9.0,-9.0,-9.0,-9.0,-9.0,-9.0,-9.0,-9.0,-9.0,-9.0,-9.0,-9.0,-9.0,-9.0,-9.0,-9.0,-9.0,-9.0,-9.0,0.0
84.0,343.1756,6.154717,157.15057,26.0,0.0,0.0,100.0,-7.0,7.0,8.0,20.365772,1.0,22.93459,23.21982,0.0,0.0,2.0,100.0,6.0,2.0,0.0,67.0,0.0
86.0,106.68996,5.0,59.259502,14.0,0.0,0.0,100.0,-7.0,7.0,8.0,15.0,3.0,39.909306,2.690663,0.0,0.0,4.2722597,93.0,2.0,2.0,0.0,75.0,0.0
76.0,93.16828,5.6793885,7.6659307,12.0,0.0,0.0,100.0,-7.0,7.0,8.0,9.850231,2.0,54.688816,1.0,1.0,1.0,27.204075,76.82666,2.0,4.0,-8.0,100.0,0.0
-9.0,149.82448,18.066618,70.226776,18.0,3.0,3.2051556,69.1061,4.0,-9.0,3.0,34.97056,0.0,63.11149,2.0,3.0,3.0,52.749454,80.0,3.0,2.0,2.0,82.47128,0.0
91.0,198.14076,6.809685,107.13107,15.0,0.0,0.0,100.0,-7.0,7.0,8.0,14.285328,1.0,33.0,0.0,0.0,0.0,9.0,-8.0,2.0,1.0,0.0,60.0,0.0
59.95558,59.711517,3.0,11.4068985,15.0,0.0,0.0,94.0,24.486729,4.0,5.0,13.0,5.0,48.93193,0.0,3.0,2.0,46.71186,97.4617,4.0,2.0,3.8942313,70.0,0.0
66.0,350.64917,6.0,124.98431,44.911377,2.6560705,0.0,86.49032,20.069494,6.0,5.0,47.483536,1.0,0.0,-7.0,0.0,0.0,30.051613,-8.0,14.081061,2.0,4.0,71.0,0.0
74.0,78.14307,-9.0,48.575653,8.0,1.0,0.0,76.01594,54.97236,6.0,5.0,10.0,3.0,14.0,0.0,2.6826954,2.7190285,2.0,-8.0,2.0,-8.0,0.0,52.68741,0.0
84.49895,249.4366,15.141829,114.39823,40.578682,0.0,0.0,100.0,-7.0,7.0,8.0,41.21048,0.0,22.0,1.0,10.470338,6.688635,12.71617,100.0,2.0,2.0,0.0,43.750435,0.0
79.211784,118.716324,2.0,61.0,13.0,0.0,0.0,100.0,-7.0,7.0,8.0,17.0,2.0,67.55076,2.0,2.0,2.0,42.645523,8.341794,3.0,3.0,0.0,83.0,0.0
87.0,382.30307,3.0,109.725136,29.0,0.0,0.0,100.0,-7.0,7.0,8.0,24.0,2.0,25.0,0.0,0.0,0.0,1.1906303,-8.0,1.0,2.0,0.0,30.474127,0.0
73.0,156.70255,4.0,65.06294,25.0,0.0,0.0,100.0,-7.0,7.0,8.0,27.477875,2.0,24.0,3.2608614,0.34233144,0.0,19.421585,57.515694,3.0,4.0,0.0,50.0,0.0
67.427475,257.52194,7.0,78.68091,51.14418,1.0,1.0,97.0,13.935379,6.0,4.0804477,55.240562,0.0,25.40326,1.0,3.0,3.0,9.339183,74.05178,4.0,3.0,0.0,33.0,0.0
72.0,242.15868,2.0,98.624596,30.84491,2.0,0.0,86.097595,37.627937,6.0,2.0,34.899796,3.0,20.0,1.0,2.0,1.0,9.0,41.991035,2.0,2.0,0.0,25.0,0.0
82.0,197.60123,6.0,81.91445,24.083395,0.0,0.0,100.0,-7.0,7.0,8.0,33.0,3.0,30.0,0.0,0.0,0.0,15.328694,93.0,1.0,2.0,0.0,86.021515,0.0
72.0,297.24,3.0,121.844154,40.14297,0.0,0.0,96.0,32.433056,6.0,6.0,46.440544,3.0,23.440437,0.0,3.0,3.0,42.591705,94.242645,3.0,4.0,3.0,44.0,0.0
88.0,370.71933,17.59601,173.63449,15.0,0.0,0.0,100.0,-7.0,7.0,8.0,12.063381,0.0,16.232346,12.835992,0.0,0.0,6.119104,-8.0,4.0,1.0,0.0,57.0,0.0
87.53915,324.92532,15.0,97.0,37.578724,0.0,0.0,100.0,-7.0,7.0,8.0,34.569523,0.0,46.03522,21.252758,0.0,0.0,4.0,86.42043,3.0,7.770646,0.0,75.0,0.0
72.0,190.2221,4.0,43.714085,39.0,0.0,0.0,100.0,-7.0,6.0,6.0,35.0,5.1970344,24.766123,-8.0,4.0,3.70255,9.127964,89.15654,4.0,2.0,0.0,47.978394,0.0
74.0,217.80951,4.0,58.0,17.0,0.0,0.0,97.0,4.0,5.0,6.0,21.0,3.0,51.2613,0.0,0.0,0.0,54.00252,80.22741,3.0,3.0,0.0,83.0,0.0
85.22379,195.71313,5.0,99.99372,12.858197,0.0,0.0,100.0,-7.0,7.0,8.0,9.0,2.0,31.0,2.9026973,0.0,0.0,18.0,-8.0,2.0,2.0,0.0,100.0,0.0
67.20001,317.30685,-1.2366904,107.306015,29.0,1.0,0.0,97.0,36.48777,6.0,5.0,37.326744,2.0,33.0,0.0,0.0,0.0,28.0,90.40962,5.0,3.0,2.0,64.0,0.0
67.85858,406.22986,17.454128,103.26775,28.0,0.0,0.0,90.151764,18.289026,6.0,6.0,30.0,0.0,47.0,-7.0,0.0,0.0,56.176697,-8.0,3.0,3.0,2.0,50.0,0.0
71.0,128.91248,4.0,110.7651,18.0,1.0,0.0,77.63112,13.403027,4.0,4.9629316,7.0,1.0,22.067577,4.0,1.0,1.0,3.0,79.61739,1.0,1.0,0.0,-6.841098,0.0
87.0,313.27484,24.704659,148.08789,12.0,0.0,0.0,100.0,-7.0,7.0,8.0,16.0,0.0,12.270862,0.0,0.0,0.0,0.0,-8.0,3.0,1.0,0.0,60.0,0.0
73.0,166.03711,2.0,61.0,14.0,0.0,0.0,90.42101,19.605738,6.0,6.0,20.0,2.0849383,24.0,2.0,0.0,0.0,44.361336,79.10952,4.0,2.0,0.0,100.0,0.0
85.0,455.6221,7.0,93.0,20.0,0.0,0.0,100.0,-7.0,7.0,8.0,26.0,2.0,21.94935,3.0,0.0,0.0,11.0,-8.0,1.0,1.0,1.0,29.211405,0.0
63.0,389.0521,6.0,245.5033,25.0,0.0,0.0,77.82231,-7.0,6.0,6.0,28.275146,2.0,29.0,-7.0,0.0,0.0,66.03116,22.359226,9.0,2.0,0.0,75.34902,0.0
69.0,170.7039,25.519407,86.0,28.0,2.0,0.0,83.136444,12.981642,6.0,3.0,22.0,0.0,25.0,0.0,2.1805642,2.0,14.345038,35.334297,7.534352,3.0,0.0,75.0,0.0
77.0,143.73647,2.0,62.012474,23.0,0.0,0.0,100.0,-7.0,7.0,8.0,30.0,1.0,0.0,0.0,2.0,2.0,28.0,-8.0,5.7346783,1.0,2.0,57.0,0.0
80.0,271.05292,5.0,115.50208,29.0,0.0,0.0,100.0,-7.0,7.0,8.0,31.0,2.0,39.438107,-7.0,0.0,0.0,23.118776,85.598015,7.0,2.0,3.0,71.0,0.0
-9.0,-9.0,-9.0,-9.0,-9.0,-9.0,-9.0,-9.0,-9.0,-9.0,-9.0,-9.0,-9.0,-9.0,-9.0,-9.0,-9.0,-9.0,-9.0,-9.0,-9.0,-9.0,-9.0,0.0
82.0,106.8365,3.0,28.59525,18.0,0.0,0.0,100.0,-7.0,7.0,8.0,16.001982,3.0,44.0,0.0,3.0,3.0,9.8158655,63.036343,3.0,3.0,0.0,60.65754,0.0
60.928356,397.18652,15.877651,87.04955,16.0,3.0608585,3.5703871,85.727455,11.161688,4.0,3.0,19.0,0.0,13.0,0.0,3.0,3.0,18.0,-8.0,3.0,-8.0,0.0,33.0,0.0
69.0,240.77904,5.0,95.96928,58.702026,0.0,0.0,96.567505,4.8332067,6.0,6.0,58.638428,2.0,22.169716,0.0,2.0,2.0,40.93552,-8.0,13.676972,3.0,2.0,71.0,0.0
85.0,12.772597,6.0,53.25617,8.246535,0.0,0.0,100.0,-7.0,7.0,8.0,11.0,1.0,26.625885,-8.0,0.0,0.0,9.0,72.9454,1.0,2.0,0.0,41.703297,0.0
90.021095,138.17427,11.0,100.02381,36.495487,0.0,0.0,100.0,-7.0,7.0,8.0,4.24757,0.0,18.0,7.0,0.0,0.0,1.0,76.0,5.0,1.0,0.0,32.398476,0.0
88.0,202.70091,8.0,101.70021,13.0,0.0,0.0,100.0,-7.0,7.0,8.0,13.0,1.0,33.60749,0.0,0.0,0.0,14.0,70.990234,2.0,2.0,0.0,60.0,0.0
85.0,190.03847,2.0,121.29032,24.0,0.0,0.0,89.0,58.037563,6.0,6.0,28.0,1.0,23.301197,0.0,2.0,2.0,11.0,-8.0,3.0,1.0,0.0,43.0,0.0
86.0,166.66052,5.0,91.514275,29.0,0.0,0.0,100.0,-7.0,7.0,8.0,22.0,2.0,16.348713,0.0,0.0,0.0,12.0,-8.0,3.0,1.0,0.0,24.906916,0.0
79.0,220.16006,15.0,108.88433,38.27895,0.0,0.0,100.0,-7.0,7.0,8.0,24.0,0.0,27.0,11.862323,1.0,1.0,30.686209,81.90338,3.0,4.0,0.0,43.06714,0.0
81.321304,257.74222,3.0,88.61734,39.0,0.0,0.0,100.0,2.793901,6.0,6.0,34.89777,3.0,11.590022,0.0,0.0,0.0,4.0,-8.0,0.0,1.0,0.0,26.238014,0.0
88.0,214.16977,5.0,81.62362,18.0,0.0,0.0,100.0,-7.0,7.0,8.0,19.0,2.0,25.126871,0.0,4.0,4.0,12.0,-8.0,2.0,1.0,0.0,36.73527,0.0
78.64327,192.54315,8.0,69.95323,25.0,0.0,0.0,100.0,-7.0,7.0,8.0,22.0,3.0,34.466053,0.0,1.0,1.0,22.964266,-8.0,5.0,2.0,1.0,58.17364,0.0
-9.0,-9.0,-9.0,-9.0,-9.0,-9.0,-9.0,-9.0,-9.0,-9.0,-9.0,-9.0,-9.0,-9.0,-9.0,-9.0,-9.0,-9.0,-9.0,-9.0,-9.0,-9.0,-9.0,0.0
64.78601,272.29895,14.160914,82.0,27.0,1.9566071,1.0,90.86911,4.0,4.0,6.0,21.561539,0.0,57.298576,0.0,1.0,1.0,44.604492,21.784779,5.0,6.4102435,1.0,90.95739,0.0
72.0,277.44962,-9.0,103.270294,50.181652,0.0,0.0,100.0,-7.0,7.0,8.0,47.2901,8.106835,25.0,9.018113,2.0,2.0,31.065113,-8.0,7.0,2.0,1.0,63.0,0.0
74.0,147.6141,4.8736806,72.854,38.90723,0.0,0.0,95.0,47.31249,6.0,6.0,40.521202,3.0,38.0,11.033804,0.0,0.0,28.0,51.454376,5.0,4.0,0.0,64.66539,0.0
80.0,316.51273,1.0,115.696625,31.0,0.0,0.0,100.0,-7.0,7.0,8.0,39.03795,3.0,61.946033,0.0,2.0,3.0,14.500161,98.933815,4.0,3.0,0.0,91.266495,0.0
79.0,155.11873,9.0,75.0,11.0,0.0,0.0,100.0,-7.0,7.0,8.0,15.0,1.0,33.41191,3.0,0.0,0.0,26.869326,36.917545,1.0,2.0,0.0,44.884438,0.0
73.672554,115.90588,16.0,25.797384,7.0,0.0,0.0,100.0,-7.0,7.0,8.0,6.3703976,0.0,15.0,0.0,0.0,0.0,39.666508,-8.0,6.0,1.0,0.0,80.0,0.0
68.8728,206.59883,4.0,90.0,23.301647,1.0,1.0,97.0,73.18043,6.0,5.0,22.0,5.0,39.11716,2.0,2.0,2.0,52.657692,82.0,8.661335,3.0,1.0,91.844795,0.0
-9.0,-9.0,-9.0,-9.0,-9.0,-9.0,-9.0,-9.0,-9.0,-9.0,-9.0,-9.0,-9.0,-9.0,-9.0,-9.0,-9.0,-9.0,-9.0,-9.0,-9.0,-9.0,-9.0,0.0
84.0,243.91478,12.0,105.29678,22.0,0.0,0.0,100.0,-7.0,7.0,8.0,23.996876,0.8699029,13.727334,20.974665,0.0,0.0,27.381582,-8.0,3.0,-8.0,0.0,25.0,0.0
73.0,161.50983,5.583549,55.66584,20.0,0.0,0.0,100.0,-7.0,7.0,8.0,19.0,2.0,49.654804,4.0,2.0,2.0,32.0,80.0,4.0,2.0,0.0,52.993046,0.0
69.0,154.40564,10.0,91.67219,12.070413,1.0,0.0,95.10426,-7.0,2.2745817,2.0,11.0,1.0,16.0,-7.0,1.0,1.0,53.582714,-8.0,4.0,-8.0,0.0,80.0,0.0
85.0,249.71667,9.7707405,82.2571,23.0,0.0,0.0,100.0,-7.0,7.0,8.0,24.0,1.0,20.216715,0.0,0.0,0.0,7.0,-8.0,1.0,1.0,0.0,41.22904,0.0
80.0,397.01324,2.0,97.11034,27.0,0.0,0.0,100.0,-7.0,7.0,8.0,37.0,2.0,11.786616,7.0,0.0,0.0,40.998425,-8.0,2.0,1.0,1.0,33.0,0.0
86.41948,123.02875,23.82329,100.4028,22.0,0.0,0.0,100.0,-7.0,7.0,8.0,26.0,0.0,42.0,-7.0,0.0,0.0,-8.309521,-8.0,-6.5146747,1.0,0.0,25.0,0.0
89.46642,391.90845,7.0,84.18926,16.61821,0.0,0.0,100.0,-7.0,7.0,8.0,19.602083,1.0,29.0,0.0,3.0,3.0,7.0,-8.0,2.0,1.0,0.0,50.0,0.0
72.0,136.39442,14.830461,60.908634,21.0,0.0,0.0,95.82727,4.0,6.0,6.0,21.0,0.0,38.93008,22.666302,0.0,0.0,11.0,65.17329,5.607326,5.0,0.0,82.39642,0.0
69.0,-9.0,22.442026,65.0,3.4647415,0.0,0.0,86.13779,25.60371,6.0,6.0,-0.745808,0.0,35.047844,1.0,0.0,0.0,-9.0,-8.0,1.0,1.0,0.0,50.0,0.0
71.0,302.70728,4.0,77.33733,32.0,0.0,0.0,100.0,-7.0,7.0,8.0,29.975197,6.0,33.448513,1.0,1.0,1.0,44.713,64.32895,4.0,2.0,1.0,71.0,0.0
79.0,129.99023,23.349443,91.32423,26.858059,0.0,0.0,100.0,-7.0,7.0,8.0,6.7712817,0.0,23.0,10.364221,0.0,0.0,14.070975,-8.0,5.0,2.0,1.0,54.530518,0.0
74.0,144.61964,4.0,60.892212,9.0,0.0,0.0,91.0,50.419724,6.0,6.0,13.025909,2.0,29.0,0.0,3.0,3.873788,48.052925,-8.0,2.0,1.0,0.0,80.0,0.0
77.670135,-8.0,4.0,45.931133,14.0,0.0,0.0,100.0,-7.0,7.0,8.0,18.0,3.0,25.0,0.0,4.0,3.7065945,15.0,-8.0,3.0,2.0,0.0,82.131165,0.0
85.40741,124.78823,8.0,64.87121,18.345348,0.0,0.0,100.0,-7.0,7.0,8.0,16.0,1.0,21.0,9.0,0.0,0.0,1.0,-8.0,-9.0,1.0,0.0,20.587809,0.0
86.0,441.935,7.0,102.29368,36.682663,0.0,0.0,100.0,-7.0,7.0,8.0,34.0,3.0,24.0,-7.0,0.0,0.0,0.0,-8.0,6.0,2.0,0.0,43.0,0.0
80.0,186.80016,2.0,83.20581,22.0,0.0,0.0,97.835945,69.16692,6.0,6.0,24.0,3.0,17.631117,1.0,2.466039,3.0,13.066313,71.0,7.0,4.0,0.0,57.0,0.0
72.0,162.6066,9.0,57.275166,19.540615,0.0,0.0,100.0,-7.0,7.0,8.0,23.0,1.0,29.917221,1.0,0.0,0.0,55.66294,79.32021,4.0,2.0,0.0,73.5105,0.0
-9.0,-9.0,-9.0,-9.0,-9.0,-9.0,-9.0,-9.0,-9.0,-9.0,-9.0,-9.0,-9.0,-9.0,-9.0,-9.0,-9.0,-9.0,-9.0,-9.0,-9.0,-9.0,-9.0,0.0
64.0,287.39084,2.654813,93.0,13.0,1.0,1.0,88.0,41.872837,6.0,5.005053,18.0,2.0,54.769978,-7.0,3.0,3.0,55.6582,-8.0,4.0,-8.0,2.0,82.28303,0.0
75.0,229.0407,7.0,84.0,41.57398,0.0,0.0,100.0,-7.0,7.0,8.0,44.10786,4.0,44.0,0.0,1.0,1.405672,26.368538,88.0,7.055678,3.0,1.0,80.0,0.0
58.139076,301.73816,8.0,116.024086,30.0,0.0,0.0,94.0,-7.0,-9.0,6.0,32.90057,1.0,20.0,1.0,3.0,2.0194197,38.71773,-8.0,9.0,2.0,3.0,57.0,0.0
71.0,281.12506,2.0,67.75671,16.0,0.0,0.0,89.0,23.638264,6.0,5.0,19.124891,2.0,61.338367,3.3352926,1.0,0.0,66.66232,82.21776,4.0,2.0,2.0,78.0,0.0
70.0,313.1566,-9.0,99.45516,6.0,2.0,1.200856,69.745316,61.461155,6.0,2.0,8.246799,1.0,9.313124,0.0,4.0,4.0,77.86614,-8.0,2.0,-8.0,2.0,70.0,0.0
81.0,156.47037,6.0,97.30953,44.728584,0.0,0.0,100.0,-7.0,4.0,6.0,33.00622,2.0,40.956886,-7.0,2.0,2.0,0.0,82.0,2.0,2.0361798,0.0,50.0,0.0
70.0,235.1101,2.0,82.42062,28.0,0.0,0.0,94.0,24.039797,6.0,6.0,36.323357,5.0,20.0,5.657682,0.0,0.0,1.0,91.0,4.566775,3.0,0.0,48.55933,0.0
76.0,151.30147,2.0,48.12647,33.0,0.0,0.0,100.0,-7.0,7.0,8.0,39.078144,6.0,39.6623,12.867493,1.0,1.0,19.0,88.042786,6.1074367,2.0,0.0,67.0,0.0
83.32805,206.8091,36.412235,147.1974,11.0,0.0,0.0,100.0,-7.0,7.0,8.0,11.026389,0.0,14.973903,-8.0,0.0,0.0,41.87803,-8.0,3.0,-8.0,1.0,67.0,0.0
79.800835,227.68698,5.0,88.97605,42.95157,0.0,0.0,100.0,-7.0,7.0,8.0,41.284286,4.989882,22.04866,11.059965,0.0,0.0,14.255935,-8.0,6.0,1.0,0.0,50.0,0.0
63.331432,186.56848,5.0,66.115395,26.0,0.0,0.0,95.0,21.207584,4.0,6.0,29.0,3.0,26.0,4.0,1.0,1.0,66.27939,71.95297,3.0,2.0,4.0,50.0,0.0
88.65986,270.22992,23.714912,154.13356,20.0,0.0,0.0,100.0,-7.0,7.0,8.0,16.72507,0.0,24.0,-9.0,0.0,0.0,9.0,75.097374,1.0,2.0,0.0,40.0,0.0
81.956215,216.92798,7.490742,93.71777,21.0,0.0,0.0,100.0,-7.0,7.0,8.0,23.0,1.0,51.461655,8.0,0.0,0.0,27.782223,39.496277,4.0,6.0,0.0,80.0,0.0
77.0,165.1473,3.0,71.13882,41.119083,0.0,0.0,100.0,-7.0,7.0,8.0,36.5088,1.0,38.167187,-8.0,0.0,0.0,39.95103,96.60232,3.0,3.0,2.0,86.0,0.0
71.0,229.39313,13.0,90.0,32.0,0.0,0.0,100.0,36.1797,6.0,6.0,42.393837,0.0,23.200235,0.0,0.0,0.0,44.49609,94.0769,5.0,2.0,1.0,60.70503,0.0
68.0,118.10439,18.32817,61.0,16.606138,0.0,0.0,100.0,-7.0,7.0,8.0,19.0,0.0,24.0,12.753682,2.0,1.3526026,91.596214,39.509117,5.0,3.0,3.0,91.5576,0.0
-9.0,-9.0,-9.0,-9.0,-9.0,-9.0,-9.0,-9.0,-9.0,-9.0,-9.0,-9.0,-9.0,-9.0,-9.0,-9.0,-9.0,-9.0,-9.0,-9.0,-9.0,-9.0,-9.0,0.0
83.0,139.71268,19.625181,96.082535,26.416368,0.0,0.0,100.0,-7.0,7.0,8.0,8.0,0.0,25.0,8.905724,0.0,0.0,21.47987,-8.0,6.0,1.0,0.0,51.925514,0.0
74.0,140.33934,1.0,99.065765,36.951153,0.0,0.0,100.0,-7.0,7.0,8.0,3.9780407,4.0,20.0,4.0,5.0,5.0,68.88552,-2.0254354,11.0,2.0,2.0,84.23802,0.0
76.96311,205.5586,3.0,103.978615,28.37584,1.0,0.0,93.0,40.64909,6.0,4.0,29.16393,3.0,29.0,3.0,0.0,0.0,2.0,-8.0,4.0,1.0,0.0,43.0,0.0
85.0,235.25453,30.343206,88.47307,10.0,0.0,0.0,100.0,-7.0,7.0,8.0,9.0,0.0,13.0,0.0,0.0,0.0,5.0,-8.0,3.0,1.0,0.0,100.0,0.0
73.0,307.11636,1.0,90.0,64.34351,0.0,0.0,100.0,-7.0,7.0,8.0,65.27887,9.987808,42.0,2.0,2.0,2.0,32.33714,80.0,11.0,7.550259,2.0,89.03374,0.0
86.0,44.947014,13.0,29.508953,7.561693,0.0,0.0,100.0,-7.0,7.0,8.0,0.8919945,0.0,16.0,-7.0,0.0,0.0,5.0,-8.0,2.0,1.0,0.0,39.44717,0.0
72.0,233.84103,2.0939698,82.0,18.378752,1.0,1.0,91.65922,30.776371,6.0,5.0,21.0,3.0,30.0,12.0,0.0,0.0,5.8273144,-8.0,5.0,-8.0,0.0,75.0,0.0
77.0,74.86335,7.0,54.718227,11.0,0.0,0.0,100.0,-7.0,7.0,8.0,11.0,1.59795,35.0,0.0,2.0,2.0,38.60121,-8.0,4.0,1.0,0.0,90.5674,0.0
68.5033,174.71329,7.0,62.93095,28.0,0.0,0.0,91.0,0.18071632,4.0,6.0,31.2086,5.4127727,33.0,-7.0,2.0,2.0,21.0,-8.0,5.0,2.0,0.0,67.0,0.0
73.0,315.40448,4.0,96.21214,21.0,3.0,2.0,84.25883,31.31799,6.0,5.0,21.482023,1.0,28.0,8.926831,0.0,0.0,11.0,76.28234,4.0,2.0,0.0,53.040833,0.0
80.0,68.07125,16.0,74.75111,17.0,0.0,0.0,100.0,-7.0,7.0,8.0,16.638964,1.0,46.80471,-7.0,0.0,0.0,0.0,-8.0,0.0,1.0,0.0,24.244854,0.0
71.0,234.68716,10.0,86.80962,36.0,0.0,0.0,100.0,-7.0,7.0,8.0,41.439217,1.0,24.0,1.0,0.0,0.0,44.186317,58.94346,7.6058846,3.0,1.0,67.0,0.0
86.0,440.14993,9.276065,115.830025,39.447235,0.0,0.0,100.0,-7.0,7.0,8.0,52.0461,1.0,29.0,9.109453,0.0,0.0,0.0,26.3814,0.14354788,1.0708829,0.0,25.04973,0.0
80.0,214.69786,40.96423,94.49981,14.0,0.0,0.0,90.0,36.770725,6.0,6.0,8.0,0.0,25.0,10.685428,0.0,0.0,0.0,-8.0,-9.0,1.0,0.0,-9.0,0.0
77.42322,96.991844,11.0,73.73307,12.0,2.0,2.0,100.0,-7.0,7.0,8.0,9.0,0.0,39.355736,-7.0,0.0,0.0,32.736897,22.145342,3.0,3.0,-8.585333,100.0,0.0
87.0,172.36966,56.725937,114.7056,21.0,0.0,0.0,100.0,-7.0,7.0,8.0,26.0,0.0,68.38652,-7.0,0.0,0.0,4.4717326,78.36638,1.0,3.0,0.0,73.0,0.0
88.21314,139.97849,20.379953,100.27627,14.0,0.0,0.0,100.0,-7.0,7.0,8.0,12.0,0.0,64.61078,2.7239358,2.0,2.0,12.9156685,34.613476,1.0,2.0,0.0,40.0,0.0
78.0,165.47655,6.0,79.02236,19.0,0.0,0.0,100.0,-7.0,7.0,8.0,22.0,1.0,43.30516,9.896499,0.0,0.0,11.0,-8.0,3.7742805,1.0,1.0,75.0,0.0
80.32963,179.13684,6.0,75.709175,21.0,0.0,0.0,100.0,-7.0,7.0,8.0,28.0,1.0,24.0,0.0,2.0,2.0,8.0,52.68347,3.0,2.0,0.0,88.25335,0.0
89.0,239.29016,15.0,103.2674,21.0,0.0,0.0,100.0,-7.0,7.0,8.0,24.0,0.0,22.0,-7.0,2.0,2.0,0.0,-8.0,1.0,1.0,0.0,35.971516,0.0
71.44325,309.1617,25.256073,107.813194,32.0,0.0,0.0,100.0,-7.0,7.0,8.0,33.964825,0.0,33.0,0.0,2.0,2.0,26.832481,23.346107,7.2583737,2.0,3.0,50.0,0.0
75.0,-9.0,5.11317,-9.0,15.0,0.0,0.0,100.0,-7.0,7.0,8.0,11.958533,3.0,28.992107,0.0,1.0,1.0,17.0,-8.0,3.0,2.0,0.0,60.0,0.0
77.0,255.44743,14.119442,111.51826,41.61889,1.0,0.0,98.0,-7.0,4.0,5.0,47.467033,1.0,38.0,0.0,0.0,0.0,6.0,86.81313,1.0,3.0,0.0,52.39866,0.0
67.0,178.9809,3.0,69.49897,15.0,0.0,0.0,96.0,50.549084,6.0,6.0,13.0,1.0,57.29868,0.0,3.0,2.0,51.72847,73.84875,5.0,2.0,0.0,86.50388,0.0
83.0,191.74986,8.0,130.68639,20.18187,0.0,0.0,100.0,-7.0,6.0,8.0,24.0,1.0,16.5376,16.255318,0.0,0.0,13.897695,-8.0,3.0,-8.0,0.0,44.0,0.0
72.0,118.441505,9.0,58.081837,18.0,0.0,0.0,93.454506,21.519938,6.0,6.0,20.0,2.0,21.574186,14.964762,0.0,0.0,23.489513,-8.0,4.7963333,2.0,0.0,91.66438,0.0
74.60102,205.86678,5.0,106.48287,24.986368,1.0,0.0,83.790955,32.3728,6.0,5.0,25.362276,1.0,76.61322,-7.0,1.0,0.0,4.454845,58.663364,1.0,5.0,0.0,80.0,0.0
90.0,287.2735,12.0,140.15013,37.308277,0.0,0.0,100.0,-7.0,7.0,8.0,44.443928,0.0,45.398758,2.4549596,0.0,0.0,2.0,21.070265,3.0,2.0,0.0,54.62551,0.0
79.0,261.39786,10.0,127.49544,17.0,0.0,0.0,100.0,-7.0,7.0,8.0,26.0,0.0,31.0,0.0,3.0,3.0,12.0,68.628685,4.0,2.0,0.0,82.43305,0.0
73.0,170.32211,6.0,61.76158,14.611663,3.8198395,0.0,82.04423,45.769524,6.0,4.1330037,15.0833235,1.0502552,60.022106,0.0,0.0,0.0,22.966927,-8.0,2.0,6.0,0.0,73.0,0.0
73.0,255.08653,7.0,89.080826,33.09179,0.0,0.0,100.0,-7.0,7.0,8.0,41.56143,1.0,16.692547,-7.0,1.0,1.0,30.656506,-8.0,5.0,1.0,1.0,67.0,0.0
88.0,236.242,1.3450465,67.08468,20.52774,0.0,0.0,100.0,-7.0,7.0,8.0,45.8266,2.0,22.41365,13.692271,1.0,1.0,5.0,-8.0,3.0,-8.546011,0.0,27.448006,0.0
70.72212,187.357,5.384191,86.39198,33.0,0.0,0.0,94.041245,33.67835,6.0,6.0,37.0,2.0,40.38743,0.0,1.0,1.0,69.83348,76.569305,5.0,3.0,2.0,71.0,0.0
65.646225,294.17468,13.359674,100.96886,25.0,0.0,0.0,100.0,-7.0,7.0,8.0,28.0,0.0,20.0,0.0,0.0,0.0,94.62533,65.81462,7.0,5.0,6.359983,80.0,0.0
72.0,419.471,27.688467,178.22253,20.0,0.0,0.0,100.0,-7.0,7.0,8.0,25.0,0.0,7.0487905,-8.0,0.0,0.0,36.0,-8.0,9.0,-8.0,4.0,100.0,0.0
89.0,389.53848,7.0,260.7175,13.0,0.0,0.0,88.592354,33.143784,6.0,6.0,8.332821,2.0,11.0,0.0,1.0,1.0,2.0,-8.0,2.0,1.0,0.0,39.480934,0.0
72.0,177.74597,7.0,61.759243,24.0,1.0,0.0,94.0,5.1325345,0.0,5.0,28.923069,4.0,24.0,11.883664,1.0,1.0,8.0,84.039734,1.1541514,1.8284589,0.0,29.8341,0.0
85.0,344.3072,17.0,119.83364,18.0,0.0,0.0,97.0,0.33730286,4.9616814,6.0,23.0,0.0,7.222797,7.0,0.0,0.0,6.0,-8.0,5.0,1.0,0.0,44.232594,0.0
72.0,262.69736,3.0,90.11437,38.34191,2.0,0.0,83.718506,9.797785,6.0,4.0,46.31236,4.0,35.0,-7.0,1.0,1.0,0.08285853,100.0,2.0,3.0,0.0,38.0,0.0
87.0,281.25275,6.0,103.80238,19.0,0.0,0.0,100.0,-7.0,7.0,8.0,22.0,2.0,21.974342,1.0,0.61947477,0.0,8.0,-8.0,2.0,-8.0,0.0,37.816277,0.0
86.0,334.14868,6.0,100.0,28.938362,0.0,0.0,100.0,-7.0,7.0,8.0,24.0,2.0,15.0,0.0,0.0,0.0,3.0,61.761745,2.206944,2.0,0.0,24.12971,0.0
68.5272,182.5549,22.687666,78.816315,23.0,0.0,0.0,100.0,-7.0,7.0,8.0,23.0,0.0,15.699568,0.0,0.0,0.0,83.26774,-8.0,11.342339,1.0126287,3.5640297,100.0,0.0
83.0,33.357605,8.0,44.46864,25.0,0.0,0.0,100.0,-7.0,7.0,8.0,27.0,2.0,63.872997,12.656635,0.0,0.0,0.0,77.38146,1.0,3.0,0.0,67.0,0.0
74.17084,182.41463,11.0,113.77699,36.491188,0.0,0.0,96.0,33.375126,6.0,6.0,38.541515,0.0,28.511919,0.0,3.0,2.0,36.0,71.0,9.495008,6.0,2.0,91.95552,0.0
64.393456,177.03003,11.0,75.67427,23.0,2.544965,2.0,89.61848,21.374945,6.0,6.0,28.0,0.0,13.038316,0.0,2.0,2.0,30.014906,-8.0,7.0,-8.0,1.0,64.62759,0.0
90.0,271.07114,3.0,100.0,19.0062,0.0,0.0,100.0,-7.0,7.0,8.0,20.364822,1.0,27.723515,-8.0,0.0,0.0,1.0,45.31383,3.0,2.0,0.0,56.745724,0.0
80.0,132.57918,11.0,76.12819,19.0,0.0,0.0,100.0,-7.0,7.0,8.0,16.930521,3.0,27.0,0.0,0.0,0.0,27.092615,-8.0,4.0,-8.0,1.0,56.0,0.0
82.0,682.50616,1.0,140.22534,41.082096,0.0,0.0,96.0,17.259727,6.0,6.0,41.701225,3.0,18.0,0.0,1.0,1.0,11.0,99.80125,4.0,3.0,0.0,43.0,0.0
70.0,259.55878,7.0,86.89032,32.0,0.0,0.0,100.0,-7.0,7.0,8.0,32.0,1.0,11.431571,2.0,1.0,1.0,21.0,95.48711,6.0,2.0,2.0,40.0,0.0
87.0,130.86961,4.0,105.23157,36.0,0.0,0.0,100.0,-7.0,7.0,8.0,36.412285,2.2029705,37.0,-8.0,2.0,2.0,20.722204,-8.0,4.0,-9.0,0.0,56.28888,0.0
74.0,217.92549,5.0,96.890625,19.0,0.0,0.0,100.0,-7.0,7.0,8.0,18.0,2.613303,27.0,4.0,2.0,1.0,49.995617,93.54449,3.0,2.0,2.0,33.0,0.0
67.0,158.57924,3.5082955,75.52518,6.7663536,1.0,0.0,91.0,21.28951,4.0,2.0,8.88529,1.0,35.0,0.0,4.0,5.0,51.776825,37.51355,3.0,2.0,1.0,100.0,0.0
78.0,305.03363,5.0,76.50447,12.0,0.0,0.0,100.0,-7.0,7.0,8.0,3.9970987,2.0,35.0,-8.0,0.0,0.0,38.488926,87.0417,5.0,1.0,3.5493982,83.0,0.0
-9.0,115.44269,2.0,17.837767,8.0,2.0,2.001694,78.10518,2.4950442,-3.4006553,4.5572624,10.0,3.6532643,29.06254,0.0,3.0,3.0,68.39745,53.441216,2.0,2.0,0.0,89.58425,0.0
69.0,162.79916,6.0,49.434315,20.0,1.263944,2.0,97.0,60.02561,6.0,2.0,17.0,4.0,11.88977,0.0,2.0,2.0,18.740894,-8.0,7.517162,1.0,0.0,62.711372,0.0
72.80959,294.52258,5.0,78.60074,28.0,0.0,0.0,96.91931,30.024078,6.0,6.0,38.0,2.0,62.088062,0.0,6.6666675,5.0443225,56.099026,40.537945,4.0,2.0,0.0,100.0,0.0
82.0,165.29187,2.0,74.70102,25.0,0.0,0.0,100.0,-7.0,7.0,8.0,15.0,2.0,25.0,8.0,0.0,0.0,16.0,-8.0,4.0,2.0,0.0,43.0,0.0
89.88956,344.11118,5.0,176.6274,16.0,0.0,0.0,100.0,-7.0,7.0,8.0,17.0,1.0,12.227123,0.0,0.0,0.0,0.11643851,-8.0,3.0,1.0,0.0,55.779682,0.0
74.177155,170.81512,3.0,64.07237,23.007587,0.0,0.0,100.0,-7.0,7.0,8.0,15.0,2.0,5.241566,1.0,1.0,1.0,24.922321,71.0,1.0,1.0,0.0,30.94169,0.0
-9.0,-9.0,-9.0,-9.0,-9.0,-9.0,-9.0,-9.0,-9.0,-9.0,-9.0,-9.0,-9.0,-9.0,-9.0,-9.0,-9.0,-9.0,-9.0,-9.0,-9.0,-9.0,-9.0,0.0
71.0,151.71509,8.0,59.174774,24.156845,1.0,0.0,88.0,16.234024,6.0,4.857071,30.525652,3.0,27.43105,0.0,0.0,0.0,41.795063,83.30792,2.0,5.0,0.0,64.0,0.0
87.87075,161.62799,8.0,107.82459,15.0,0.0,0.0,100.0,-7.0,7.0,8.0,11.0,1.0,68.43491,-8.0,0.0,0.0,1.0,50.76736,2.0,7.9198837,0.0,83.0,0.0
86.0,262.2411,18.530426,117.4348,28.0,0.0,0.0,100.0,-7.0,7.0,8.0,37.0,0.0,20.0,-8.0,0.0,0.0,8.0,-8.0,8.0,1.0,0.0,73.50028,0.0
-9.0,-9.0,-9.0,-9.0,-9.0,-9.0,-9.0,-9.0,-9.0,-9.0,-9.0,-9.0,-9.0,-9.0,-9.0,-9.0,-9.0,-9.0,-9.0,-9.0,-9.0,-9.0,-9.0,0.0
69.0,209.24648,17.0,97.75501,44.280594,1.0,0.0,94.0,23.222002,6.0,6.0,43.1051,0.0,29.631233,1.0,2.0,1.3966844,57.075916,94.195274,5.0,2.5908904,1.0,67.0,0.0
88.0,376.35135,5.0,127.170586,14.0,0.0,0.0,100.0,-7.0,7.0,8.0,14.0,3.0,20.0,0.0,5.0,5.0,4.780224,-8.0,0.0,1.0,0.0,29.689016,0.0
76.963425,271.04968,10.0,120.886024,27.0,0.0,0.0,95.0,45.611748,6.0,6.0,27.0,2.0,40.16567,0.0,0.0,0.0,44.68125,31.855337,5.968414,3.0,0.0,83.0,0.0
56.282055,331.5108,13.972244,102.54998,32.414505,2.0,1.8088266,92.0,23.946283,6.0,5.0,34.0,0.0,31.882608,-7.0,0.0,0.0,94.45079,63.908466,9.417232,6.0,9.607374,70.66433,0.0
82.0,139.64207,3.0,76.0,17.842579,0.0,0.0,100.0,-7.0,7.0,8.0,11.0,2.0,35.0,2.0,2.0,2.0,9.0,85.15241,4.0,1.0,0.0,72.19138,0.0
70.81423,70.97474,7.0,61.845375,22.0,0.0,0.0,95.5847,33.94703,6.0,6.0,30.378733,2.0,27.0,-7.0,0.0,0.0,40.935745,-8.0,7.0,3.0,0.0,80.0,0.0
73.0,313.49957,2.0,92.0,47.343586,0.0,0.0,100.0,-7.0,7.0,8.0,50.272804,5.0,41.0,8.0,0.9203166,0.0,42.241817,74.69837,3.0,4.0,1.0,46.969265,0.0
76.12117,199.43352,7.0,86.77197,21.0,0.0,0.0,88.67235,61.41875,6.0,6.0,15.0,2.0,22.0,0.0,0.0,0.0,27.132631,13.101361,4.0,1.1224263,0.0,80.0,0.0
82.0,205.50218,17.921745,80.0,27.623983,0.0,0.0,100.0,-7.0,7.0,8.0,29.0,0.0,50.0,17.089642,0.0,0.0,19.779177,15.09941,3.0,4.0,0.0,67.0,0.0
62.255753,244.5268,3.0,129.7584,44.441113,0.0,0.0,92.53853,5.5224094,6.0,6.0,54.217754,3.0,46.7278,0.0,1.0,1.0,48.145462,50.709736,5.0,5.0,3.0,60.0,0.0
87.0,138.93285,29.75496,105.3831,9.0,0.0,0.0,100.0,-7.0,7.0,8.0,5.555647,0.0,-9.0,-8.0,0.0,0.0,19.785227,-8.0,3.0,-8.0,0.0,88.29479,0.0
82.0,213.25835,20.304228,151.79248,26.0,0.0,0.0,100.0,-7.0,7.0,8.0,14.816706,0.0,42.0,23.470442,0.0,0.0,47.65316,-8.0,5.0,1.0,1.0,47.65171,0.0
75.0,263.32758,3.0,65.0,19.0,0.0,0.0,100.0,-7.0,7.0,8.0,18.0,3.0,29.0,0.0,1.0,1.0,15.0,52.18357,5.0,3.0,0.0,50.0,0.0
87.0,262.09805,36.18559,100.95768,25.0,0.0,0.0,95.8574,35.30885,6.0,6.0,25.0,0.0,16.0,10.1830435,0.0,0.0,6.0,-8.0,2.0,1.0,0.0,25.266777,0.0
85.0,272.62485,1.0,75.0,38.545258,0.0,0.0,100.0,-7.0,7.0,8.0,39.26764,3.4286413,34.66272,0.0,3.2630672,3.6412084,4.1735444,96.26696,2.0,2.0,0.0,43.562252,0.0
70.0,171.74333,3.0,71.0,31.352934,0.0,0.0,94.0,25.647083,6.0,6.0,37.0,3.0,40.0,0.0,3.0,3.0,22.944683,61.419807,6.0,4.0,1.0,54.018593,0.0
82.0,225.39372,2.0,103.13055,28.0,0.0,0.0,100.0,-7.0,7.0,8.0,39.922367,3.297671,54.679268,0.0,3.0,3.0,27.768547,92.15293,3.0,4.0,0.0,71.0,0.0
75.0,152.86496,4.1060505,63.0,20.765903,0.0,0.0,100.0,-7.0,7.0,8.0,12.0,2.0,47.80648,0.0,3.0,3.0,28.818336,93.46977,6.0,3.0,0.0,88.0,0.0
73.0,119.35681,28.225174,57.03797,30.0,0.0,0.0,100.0,-7.0,7.0,8.0,30.0,0.0,46.116154,-7.0,1.0,2.0,30.18593,-8.0,2.0,3.0,0.0,46.45876,0.0
91.0,320.26132,14.0,167.33228,10.0,0.0,0.0,100.0,-7.0,7.0,8.0,15.0,1.0,24.0,-7.0,0.0,0.0,6.698511,-8.0,1.0,1.0,0.0,50.0,0.0
82.0,153.10672,4.0,44.243126,19.819773,0.0,0.0,100.0,-7.0,7.0,8.0,19.0,2.0,19.0,2.0,1.0,1.0,0.0,50.643684,2.0,2.0,0.0,33.0,0.0
79.44488,352.18097,11.0,108.40081,34.0,0.0,0.0,100.0,-7.0,7.0,8.0,26.0,4.0,33.507496,0.0,0.0,0.0,11.297569,82.0,6.0,3.0,2.0584579,57.0,0.0
76.0,234.62614,2.0,82.407776,28.821182,0.0,0.0,100.0,-7.0,7.0,8.0,34.24384,2.0,37.0,0.0,3.0,4.0,16.0,52.612534,6.8226485,5.0,0.0,77.44219,0.0
86.0,261.42987,6.0,92.941025,16.0,0.0,0.0,94.66412,1.0,6.0,6.0,18.21553,1.0,17.300335,-8.0,0.0,0.0,27.86476,-8.0,2.0,1.0,0.0,33.0,0.0
78.0,117.151,2.0,64.3867,16.0,0.0,0.0,97.0,57.379536,6.0,6.0,17.0,1.0,17.0,0.0,4.0,4.0,59.95498,-8.0,3.0,1.0,0.0,82.37933,0.0
78.0,159.78831,18.427902,123.4624,14.0,0.0,0.0,100.0,-7.0,7.0,8.0,14.0,0.0,18.0,5.0,0.0,0.0,30.95167,-8.0,3.0,1.0,0.0,78.0,0.0
-9.0,-9.0,-9.0,-9.0,-9.0,-9.0,-9.0,-9.0,-9.0,-9.0,-9.0,-9.0,-9.0,-9.0,-9.0,-9.0,-9.0,-9.0,-9.0,-9.0,-9.0,-9.0,-9.0,0.0
83.0,159.9613,3.0,74.381004,9.0,0.0,0.0,100.0,-7.0,7.0,8.0,4.9095283,1.0,27.0,5.0,0.0,0.0,20.708717,-8.0,2.0,2.0,1.0,50.0,0.0
85.0,231.9198,4.0,97.0,28.128023,0.0,0.0,100.0,-7.0,7.0,8.0,45.298157,2.0,17.562784,0.0,1.0,1.0,4.0,-8.0,6.0,1.0,0.0,29.855734,0.0
79.4787,211.9297,4.0,100.0,19.0,0.0,0.0,100.0,-7.0,7.0,8.0,21.0,3.0,50.58218,0.0,1.0,1.0,45.20204,82.0,1.0,3.0,1.0,56.0,0.0
87.0,168.56374,7.0,75.915215,23.0,0.0,0.0,100.0,-7.0,7.0,8.0,23.0,2.0,42.0,2.0,0.0,0.0,4.0,53.129795,2.0,3.0,0.0,50.0,0.0
68.673325,214.30621,16.616728,102.59424,29.288517,2.0,1.1646091,95.0,36.758022,4.0,5.0,28.574926,0.0,23.0,0.0,0.0,0.0,22.954569,76.53372,2.0,3.0,0.0,50.0,0.0
84.0,147.15852,2.0,107.98737,14.0,0.0,0.0,93.0,13.985645,5.978375,6.0,13.0,1.0,28.0,-7.0,0.0,0.0,1.0,-8.0,1.0,2.0,0.0,44.0,0.0
87.0,266.30072,3.0,88.44334,12.0,0.0,0.0,100.0,-7.0,7.0,8.0,8.99043,1.0,37.0,4.0,0.0,0.0,2.0,61.188183,1.055142,2.0,0.0,60.0,0.0
73.0,271.97052,2.0,77.71622,37.637466,1.0,0.0,96.0,77.281685,6.0,3.0,38.90611,2.0,20.0,-7.0,4.390285,5.0,28.0,73.83333,6.0,3.0,1.0,60.0,0.0
78.53554,139.26312,20.0,61.0,10.0,0.0,0.0,100.0,-7.0,7.0,8.0,13.0,0.0,42.477726,-8.569081,0.0,0.0,66.26215,-8.0,2.0,1.0,0.0,79.897415,0.0
84.86975,131.5684,9.0,52.529274,9.0,0.0,0.0,100.0,-7.0,7.0,8.0,9.0,1.0,40.0,5.0,0.0,0.0,0.0,97.37722,1.0,2.0,0.0,56.0,0.0
73.332375,202.31781,2.0,54.047295,33.0,0.0,0.0,97.0,-7.0,6.0,8.0,34.0,2.5476587,47.797817,0.0,1.0,1.0,20.5844,86.74471,4.0,5.0,0.0,67.0,0.0
78.0,324.0041,17.498724,110.37952,21.0,0.0,0.0,86.13703,17.55037,6.0,6.0,21.926668,0.0,48.466663,5.0,0.0,0.0,14.465334,45.43077,2.0,5.8182473,0.0,79.10793,0.0
78.0,177.10222,20.0,65.93664,12.0,0.0,0.0,100.0,-7.0,7.0,8.0,12.595866,0.0,45.0,-7.0,0.0,0.0,54.298267,60.592648,2.0,2.0,0.0,100.0,0.0
85.0,156.63864,8.0,78.79223,27.417904,0.0,0.0,96.0,78.83272,6.0,6.0,28.0,1.0,56.211285,9.173947,1.0,1.0,0.0,93.50099,1.0,3.0,0.0,53.424904,0.0
70.89015,113.99228,13.0,52.161804,26.0,0.0,0.0,100.0,-7.0,7.0,8.0,30.0,0.0,63.168324,0.0,1.0,1.0,68.318565,99.1608,2.0,3.0,0.0,88.0,0.0
72.0,307.82846,2.0,120.60954,19.265907,0.0,0.0,100.0,-7.0,7.0,8.0,6.1300535,2.0,40.0,-7.0,2.0,2.0,38.286343,78.058685,4.0,2.0,1.0,67.52289,0.0
83.0,203.92455,6.0,86.16865,22.0,0.0,0.0,100.0,-7.0,7.0,8.0,24.0,2.0,28.0,0.0,2.0,2.0,12.0,76.0,2.0,2.0,0.0,49.080112,0.0
63.191372,132.75679,2.0,58.0,24.0,0.0,0.0,94.0,-7.0,-9.0,6.0,29.0,3.0,45.0,0.0,1.0,1.0,40.928974,45.493797,5.0,3.0,0.0,73.0,0.0
-9.0,-9.0,-9.0,-9.0,-9.0,-9.0,-9.0,-9.0,-9.0,-9.0,-9.0,-9.0,-9.0,-9.0,-9.0,-9.0,-9.0,-9.0,-9.0,-9.0,-9.0,-9.0,-9.0,0.0
86.0,466.58633,5.0,88.4944,7.0,0.0,0.0,100.0,-7.0,7.0,8.0,13.0,1.0,19.0,0.0,0.0,0.0,15.0,-8.0,3.0,1.0,0.0,75.0,0.0
82.0,266.92667,12.124779,90.66663,19.0,0.0,0.0,100.0,-7.0,7.0,8.0,21.0,1.0,36.513737,-8.0,1.0,1.0,44.176826,59.89332,5.0,2.0,0.0,80.0,0.0
-9.0,128.2246,16.933493,75.31131,19.0,4.6347766,3.8136067,84.96096,3.0,0.0,5.0,23.0,0.0,36.0,11.626627,0.0,0.0,32.453213,13.690995,2.0,3.0,0.0,57.81301,0.0
79.00105,201.82147,3.0,115.829865,38.66389,0.0,0.0,100.0,-7.0,7.0,8.0,39.437042,3.0,41.0,0.0,1.0,1.0,10.0,91.37716,5.0,4.0,1.0,73.0,0.0
88.0,178.5084,2.0,111.966095,32.0,0.0,0.0,100.0,-7.0,7.0,8.0,43.088818,1.0,21.0,-7.0,2.0,2.0,1.8016012,76.70776,5.0,2.0,0.0,59.08189,0.0
85.0,-8.681035,3.0,95.87686,15.0,0.0,0.0,88.472946,56.44081,6.0,6.0,8.0,1.0,16.0,0.0,0.0,0.0,9.0,-8.0,3.0,1.0,0.0,47.343533,0.0
84.0,174.56808,2.0,99.13124,15.0,0.0,0.0,100.0,-7.0,7.0,8.0,11.0,1.0,18.0,0.0,0.0,0.0,12.450531,-8.0,5.0,2.0,0.0,80.0,0.0
73.0,213.35718,2.0,61.157284,28.560865,0.0,0.0,100.0,-7.0,7.0,8.0,34.90528,3.0,21.772886,-8.0,1.0,0.0,55.768303,49.05993,5.0,1.9551562,3.0,50.0,0.0
91.07957,268.98346,53.508408,157.1137,12.0,0.0,0.0,100.0,-7.0,7.0,8.0,10.848903,0.0,23.0,-7.0,0.0,0.0,0.0,-8.0,1.0,-9.0,0.0,16.020613,0.0
89.0,364.53714,8.0,112.49482,28.0,0.0,0.0,100.0,-7.0,7.0,8.0,30.0,2.0,52.87697,3.7311811,0.0,0.0,8.0,78.01225,1.0,2.0,0.0,46.83329,0.0
86.0,404.4234,3.0,102.73545,21.0,0.0,0.0,100.0,-7.0,7.0,8.0,15.0,2.0,25.767403,13.593648,0.0,0.0,13.0,68.622314,2.0,2.0,0.0,30.427498,0.0
68.0,105.846985,20.277605,37.2014,14.0,0.27299914,0.30492157,100.0,-7.0,7.0,8.0,16.602793,0.0,46.297565,2.0,1.0,1.0,51.33817,53.40889,3.0,2.0,2.0,57.0,0.0
85.0,435.1118,27.360817,162.96574,18.0,0.0,0.0,100.0,-7.0,7.0,8.0,16.0,0.0,20.150623,-7.0,0.0,0.0,6.0,-8.0,6.0,1.0,0.0,80.0,0.0
69.0,121.463104,16.0,73.75088,6.9959764,1.0,0.0,90.25378,30.477308,6.0,6.0,8.0,0.0,24.0,20.430044,0.0,0.0,46.622993,-8.0,3.0,1.0,0.0,83.0,0.0
83.0,169.50203,2.0,103.66967,22.0,0.0,0.0,100.0,-7.0,7.0,8.0,25.0,1.0,19.035772,0.0,1.0,1.0,14.0,-8.0,3.0,1.0,0.0,50.0,0.0
72.0,190.54541,10.960918,86.80229,17.0,0.0,0.0,100.0,-7.0,7.0,8.0,25.0,1.0,46.180607,0.0,0.0,0.0,75.96389,48.162354,4.0,1.0,1.0,80.0,0.0
71.0,196.50516,3.3262901,57.76091,21.076588,0.0,0.0,92.62024,0.64551556,4.0,6.0,23.0,2.0,30.0,0.0,0.0,0.0,4.0,-8.0,2.0,2.0,0.0,42.256645,0.0
73.0,142.27823,7.0,68.0,16.0,0.0,0.0,100.0,-7.0,7.0,8.0,16.0,3.0,14.0,-7.0,0.0,0.0,49.6518,-8.0,5.0,1.0,2.0,67.0,0.0
73.0,-9.0,3.3571055,8.222908,11.0,0.0,0.0,100.0,-7.0,7.0,8.0,10.309196,3.0,40.0,0.0,1.0,1.0,21.77019,106.92984,4.0,2.0,1.0,80.0,0.0
81.03646,253.97035,9.0,76.0,21.0,0.0,0.0,100.0,-7.0,7.0,8.0,22.0,1.0,29.0,-7.0,0.0,0.0,17.0,90.297806,4.0,2.0,0.0,60.0,0.0
78.0,162.55673,6.0,67.0,26.0,0.0,0.0,100.0,-7.0,7.0,8.0,22.159082,2.0,16.295652,3.0,0.0,0.0,32.600704,-8.0,6.3901258,-8.0,0.0,56.0,0.0
84.45869,165.59116,6.0,100.0,28.0,0.0,0.0,100.0,-7.0,7.0,8.0,28.937365,1.0,74.23674,-8.0,0.0,0.0,1.0,80.477516,3.0,4.0,0.0,100.0,0.0
64.235115,329.36285,6.243543,93.0,46.94348,0.0,0.0,96.72583,18.018038,6.0,6.0,49.834335,2.0,8.998373,0.0,1.0,1.0,28.324509,-8.0,7.0,1.0,5.0523086,42.37349,0.0
70.0,196.80937,6.0,81.0,15.050419,0.0,0.0,92.43782,0.27253222,2.1800847,6.0,13.050421,2.0,26.548496,19.713757,0.0,0.0,14.535262,24.923603,3.0,2.0,0.0,53.290386,0.0
72.0,100.29745,2.0,41.84061,9.0,0.0,0.0,100.0,-7.0,7.0,8.0,13.0,2.0,29.0,0.0,1.0,1.0,73.675575,60.47224,3.0,2.0,1.0,89.38534,0.0
88.49698,402.30273,15.0,114.58931,21.0,0.0,0.0,100.0,-7.0,7.0,8.0,21.0,0.0,27.0,11.461805,0.0,0.0,6.0,89.61519,2.0,2.0,0.0,31.870985,0.0
64.0,191.40533,4.0,95.83331,10.0,0.0,0.0,83.215164,2.0,4.0,6.0,10.602072,2.0,31.773205,0.0,0.0,0.0,85.14391,-8.0,2.0,2.0,3.0,88.24312,0.0
-9.0,-9.0,-9.0,-9.0,-9.0,-9.0,-9.0,-9.0,-9.0,-9.0,-9.0,-9.0,-9.0,-9.0,-9.0,-9.0,-9.0,-9.0,-9.0,-9.0,-9.0,-9.0,-9.0,0.0
-9.0,-8.25935,-9.0,-9.0,-9.0,-9.0,-9.0,-9.0,-9.0,-9.0,-9.0,-9.0,-9.0,-9.0,-9.0,-9.0,-9.0,-9.0,-9.0,-9.0,-9.0,-9.0,-9.0,0.0
81.0,58.487663,4.0,63.990166,9.810472,0.0,0.0,100.0,-7.0,7.0,8.0,9.0,1.1473775,36.0,0.0,1.1956077,1.0,22.668983,48.05216,2.550748,1.0,1.0,53.966286,0.0
64.91478,253.14758,24.813738,107.278786,10.0,0.0,1.0,75.87561,15.945673,6.0,5.9606714,12.798833,0.0,56.51087,-7.0,1.0,1.0,74.82333,-8.0,5.0,2.0,2.0,100.0,0.0
85.0,176.41138,34.21825,119.5208,37.709606,0.0,0.0,100.0,-7.0,7.0,8.0,53.91786,0.0,38.529034,12.0,0.0,0.0,20.545767,-8.0,2.0,2.0,0.0,50.0,0.0
78.0,274.6816,2.0,79.77344,23.0,0.0,0.0,90.02755,4.854416,6.0,6.0,25.0,1.0,63.089966,-8.0,0.0,0.0,1.0,60.81731,3.0,5.0,0.0,73.0,0.0
73.0,166.19797,5.0,68.0,39.0,0.0,0.0,100.0,-7.0,7.0,8.0,43.69885,3.0,45.536346,0.0,1.0,1.0,65.37345,99.717316,2.0,6.0,1.0,75.0,0.0
78.0,272.44925,3.0,113.04566,47.120296,0.0,0.0,97.0,46.62066,6.0,6.0,53.93003,1.0,78.09504,2.0,2.0,1.0,19.0,67.496155,5.0,3.0,-9.0,100.0,0.0
-9.0,-9.0,-9.0,-9.0,-9.0,-9.0,-9.0,-9.0,-9.0,-9.0,-9.0,-9.0,-9.0,-9.0,-9.0,-9.0,-9.0,-9.0,-9.0,-9.0,-9.0,-9.0,-9.0,0.0
80.907394,-8.0,3.0,-9.0,12.859795,0.0,0.0,100.0,-7.0,7.0,8.0,13.092406,4.0,15.685052,3.0,0.0,0.0,10.7362795,-8.0,3.0,1.0,0.0,41.306725,0.0
86.0,329.1608,8.835597,100.01006,25.712513,0.0,0.0,100.0,-7.0,7.0,8.0,29.0,3.0,35.0,-7.0,0.0,0.0,4.69945,-8.0,1.0,2.0,0.63207346,41.005447,0.0
87.0,347.0653,4.464689,102.81631,14.0,0.0,0.0,100.0,-7.0,7.0,8.0,15.906642,3.0,42.0,16.0,0.0,0.0,9.0,95.47036,2.0,2.0,0.0,60.0,0.0
83.0,144.83978,2.0,71.3069,5.5590057,0.0,0.0,100.0,-7.0,7.0,8.0,11.0,1.0,42.0,-7.0,0.0,0.0,30.807793,68.83505,2.0,2.0,0.0,53.470825,0.0
86.0,216.72275,5.0,93.65983,11.922785,0.0,0.0,100.0,-7.0,7.0,8.0,9.0,1.0,7.0691,10.528359,0.0,0.0,3.0,-8.0,3.0,-8.0,0.0,57.0,0.0
81.0,302.1421,13.037988,86.0,35.64283,0.0,0.0,100.0,-7.0,7.0,8.0,38.550232,0.0,29.0,0.0,0.0,0.0,34.66962,17.774956,4.0,2.0,0.0,83.0,0.0
67.0,104.64471,2.0,63.777554,28.0,0.0,0.0,97.0,42.18776,6.0,6.0,30.0,2.0,33.0,1.0,2.0,2.0,81.00805,76.2279,6.901264,2.0,5.4406395,80.0,0.0
91.05154,243.36702,22.596785,112.23095,10.0,0.0,0.0,100.0,-7.0,7.0,8.0,10.0,0.0,22.0,0.0,1.0,0.0,0.0,-8.0,-9.0,1.0,0.0,20.616936,0.0
62.0,300.7494,6.184463,102.68537,23.0,2.2665548,1.0,66.88534,24.476278,6.0,2.0,32.8918,2.0,62.933105,0.0,0.0,0.0,36.551636,58.0133,2.0,3.386795,1.0,100.0,0.0
65.0,135.84213,4.0,58.91035,26.0,0.0,0.0,100.0,-7.0,6.0,8.0,31.0,3.0,58.002827,1.0,1.0,1.0,69.84463,90.56243,7.0,2.0,2.0,95.3749,0.0
64.0,176.71066,27.997522,103.029396,12.0,2.0,0.0,67.9616,6.0,6.0,3.0,26.0,0.0,35.0,-7.0,3.0,2.0,14.0,-8.0,3.0,-8.0,0.0,100.0,0.0
57.79016,264.74353,2.0,60.97569,12.0,0.0,0.0,89.0,27.894356,6.0,6.0,14.513723,2.0,38.05193,0.0,1.0,1.0,119.05231,-8.0,4.782581,1.0,8.818892,100.0,0.0
85.64603,203.14029,13.0,81.00356,20.0,0.0,0.0,100.0,-7.0,7.0,8.0,21.0,1.0,17.274452,1.0,1.0,1.0,0.0,67.258125,2.467658,1.0,0.0,30.417486,0.0
89.0,386.40155,6.0,77.644806,20.902649,0.0,0.0,100.0,-7.0,7.0,8.0,16.0,1.0,24.0,3.0,0.0,0.0,11.0,-8.0,1.0,-8.0,0.0,33.0,0.0
80.0,196.87231,2.0,59.33566,15.0,0.0,0.0,100.0,-7.0,7.0,8.0,24.0,5.6142097,-9.0,5.0,0.0,0.0,46.749664,-8.0,3.0,-8.0,0.0,36.0073,0.0
65.0,100.42791,22.556852,66.00343,7.414479,2.0,2.2000406,69.33679,4.0,2.274299,2.0,7.8093553,0.0,50.0,-7.0,0.0,0.0,20.368753,-8.0,2.0,1.0,0.0,83.0,0.0
73.0,216.25528,3.0,135.91348,27.527874,0.0,0.0,95.0,72.94594,6.0,6.0,27.0,2.0,43.662292,0.0,2.0,2.0,62.129826,100.0,8.0,2.0,0.0,88.0,0.0
77.0,172.18016,2.0,75.456375,15.0,0.0,0.0,100.0,-7.0,7.0,8.0,17.40949,2.0,40.0,-7.0,0.0,0.0,37.12901,80.0,6.0,3.0,0.0,75.27818,0.0
86.0,171.79453,21.399807,71.96115,20.0,0.0,0.0,100.0,-7.0,7.0,8.0,23.0,0.0,21.0,18.624136,0.0,0.0,3.0,-8.0,2.0,1.0,0.0,43.0,0.0
83.0,342.10526,147.48177,275.82236,9.132105,0.0,0.0,100.0,-7.0,7.0,8.0,10.972606,0.0,35.0,-8.0,0.0,0.0,32.05386,21.287134,1.0,2.0,0.0,74.9092,0.0
73.58147,104.58909,6.476341,44.742764,20.0,0.0,0.0,95.0,39.738674,6.0,6.0,22.0,2.0,33.0,1.0,2.0,1.7782859,3.0,95.99959,1.0,4.0,0.0,37.81002,0.0
80.0,243.59184,20.185791,93.65419,24.0,0.0,0.0,100.0,-7.0,7.0,8.0,27.0,0.0,24.0,1.0,2.0,2.0,28.178862,15.521631,3.0,2.0,2.8565316,50.0,0.0
70.0,191.21706,1.0,70.98034,45.138206,1.0,1.0,88.0,25.380266,6.0,2.0,42.530766,3.0,39.0,-7.0,18.153282,17.375652,21.791122,82.0,4.0,1.0,0.0,35.739162,0.0
71.642845,47.5831,25.250341,60.629845,15.847375,0.0,0.0,90.0,18.871994,6.0,6.0,28.0,0.0,25.54448,-8.0,0.0,0.0,49.626034,50.14008,3.0,2.0,0.0,90.64106,0.0
79.0,181.47162,7.0,94.558105,20.0,0.0,0.0,88.0,8.705655,6.0,4.0,21.418556,4.0,46.0,11.216943,1.0,1.0,1.0,-8.0,0.0,2.0,0.0,33.0,0.0
69.0,284.4328,5.0,137.13464,6.3119874,1.0764102,1.0,100.0,-7.0,4.0,8.0,9.0,1.0,20.0,8.0,0.0,0.0,64.9013,-8.0,1.0,1.0,0.0,84.88372,0.0
73.0,229.31038,2.0,78.79359,44.936172,0.0,0.0,100.0,-7.0,7.0,8.0,41.62543,8.612409,68.58459,1.0,2.0,3.0,28.016136,91.49821,7.0,21.07497,2.0,83.0,0.0
76.0,196.05788,3.0,77.0,21.0,0.0,0.0,95.0,24.312685,6.0,6.0,20.0,2.0,50.0,8.292089,3.0,3.0,44.629158,91.735466,3.0,3.0,0.0,71.0,0.0
74.0,287.51486,6.0,103.49593,38.450516,0.0,0.0,93.0,8.850358,4.0,6.0,38.406834,2.0,-9.0,-7.0,0.0,0.0,10.664956,-8.0,7.0,1.0,0.0,39.5449,0.0
71.0,173.13174,11.0,79.95111,21.87906,1.0,0.0,91.34768,13.278618,6.0,2.0,22.0,0.0,43.23364,-8.0,0.0,0.0,25.0,50.32184,2.0,2.0,0.0,86.0,0.0
65.0,223.41174,4.0,71.35573,16.0,1.0,0.0,86.01018,23.635393,6.0,5.0,16.0,1.0,28.0,-7.0,0.0,0.0,37.134094,75.83669,7.0,1.0,1.0,100.0,0.0
72.0,447.4942,1.0,82.849434,30.207989,0.0,0.0,95.0,13.635764,6.0,5.0,30.737751,3.0,33.0,0.0,0.0,1.0,14.41831,-8.0,8.0,4.0,1.0,63.0,0.0
77.0,243.85422,23.386278,75.0,14.0,0.0,0.0,86.46045,12.291031,6.0,6.0,13.814064,0.0,22.0,4.0,0.0,0.0,2.0,-8.0,2.0,2.0,0.0,69.78369,0.0
89.0,382.394,18.254848,130.49332,8.0,0.0,0.0,100.0,-7.0,7.0,8.0,9.0,0.0,11.106037,-7.0,0.0,0.0,2.0,-8.0,4.0,-8.0,0.0,83.0,0.0
-9.0,-9.0,-9.0,13.546535,-9.0,-9.0,-9.0,-9.0,-9.0,-9.0,-9.0,-9.0,-9.0,-9.0,-9.0,-9.0,-9.0,-9.0,-9.0,-9.0,-9.0,-9.0,-9.0,0.0
65.07426,277.46014,3.0,103.0465,45.47361,2.0,1.0,93.0,3.0,3.5648496,6.0,46.786686,1.0,35.0,-7.0,2.2770364,2.0,1.0,49.702206,3.0,6.0,0.0,38.0,0.0
76.0,356.3181,27.990086,260.31485,14.0,0.0,0.0,92.05992,3.1167488,5.053917,6.0,10.636763,0.0,40.0,0.0,0.0,0.0,10.516139,-8.0,2.0,1.0,0.0,70.06291,0.0
87.0,287.5055,3.0,90.0,21.0,0.0,0.0,100.0,-7.0,7.0,8.0,22.0,3.0,55.72026,0.0,0.0,0.0,5.0,81.50941,3.0,4.0,0.0,71.0,0.0
80.0,196.86455,2.0,44.44171,16.0,0.0,0.0,100.0,-7.0,7.0,8.0,15.451227,2.0,42.451416,6.0,0.0,0.0,3.0,84.82112,2.0,2.0,0.0,53.622604,0.0
73.0,154.2957,2.0,58.0,16.0,0.0,0.0,94.0,30.526005,6.0,6.0,22.0,2.0,25.0,0.0,2.0,2.0,87.32242,-8.0,2.0,2.0,1.0,57.71632,0.0
82.0,358.49094,21.716003,139.11151,16.0,0.0,0.0,90.0,8.99734,6.0,6.0,18.0,0.0,43.0,21.453787,0.0,0.0,0.0,64.305565,2.0,3.0,0.0,80.0,0.0
86.82589,276.60107,7.0,99.22792,25.0,0.0,0.0,100.0,-7.0,7.0,8.0,25.0,1.7103392,25.0,0.0,2.0,1.0,3.0,53.955532,1.0,2.0,0.0,23.008478,0.0
72.0,366.10056,49.905693,139.53534,16.252308,0.0,0.0,100.0,-7.0,7.0,8.0,18.0,0.0,41.684,8.0,1.0,1.0,47.335083,-8.0,5.0,1.387772,2.0390842,83.0,0.0
-9.0,-9.0,-9.0,-9.0,-9.0,-9.0,-9.0,-9.0,-9.0,-9.0,-9.0,-9.0,-9.0,-9.0,-9.0,-9.0,-9.0,-9.0,-9.0,-9.0,-9.0,-9.0,-9.0,0.0
74.0,267.5465,3.0,88.26765,12.0,1.0,1.0,77.72187,51.609978,6.0,3.5322552,15.0,1.0,24.0,-7.0,1.0,1.0,29.200018,-8.0,2.6131055,1.0,0.0,60.0,0.0
81.0,106.097916,20.631754,63.048786,25.57231,0.0,0.0,100.0,-7.0,7.0,8.0,33.0,0.0,20.284271,-7.0,0.0,0.0,12.502225,57.08853,4.0,1.0,0.0,43.0,0.0
65.613716,394.03745,22.684967,111.63446,17.0,0.0,0.0,86.139366,7.1628213,1.0439781,6.0,19.0,0.0,28.0,16.0,0.0,0.0,40.96665,71.54905,4.0,2.0,2.0,64.0,0.0
64.0,190.58745,5.6998463,61.0,22.413729,0.0,0.0,85.08018,18.325457,6.0,6.0,21.0,1.6470113,50.0,0.0,0.0,0.0,66.44112,54.95722,5.0,2.0,2.0,85.109795,0.0
60.303288,173.13994,4.0,84.0,24.0,2.0,0.0,57.622803,24.553263,6.0,4.060127,27.0,9.170136,42.0,0.0,1.0,1.0,37.231163,95.06661,4.0,5.0,1.0,83.0,0.0
90.0,176.32623,7.0,92.64755,9.004714,0.0,0.0,100.0,-7.0,7.0,8.0,10.359187,1.0,39.221447,20.133738,0.0,0.0,1.0,51.05934,1.0,2.0,0.0,67.0,0.0
81.0,155.03242,-9.0,60.123283,18.0,0.0,0.0,100.0,-7.0,7.0,8.0,21.0,4.0,59.603153,-7.0,2.0,1.0,19.0,84.0174,4.0,3.0,0.0,64.52657,0.0
70.0,101.112526,3.0,54.655056,35.77734,0.0,0.0,100.0,-7.0,7.0,8.0,33.952007,2.0,28.0,0.0,1.0,1.0,40.982635,-8.0,6.0,3.0,3.613989,71.0,0.0
83.146866,80.59405,13.0,68.0,11.767125,0.0,0.0,100.0,-7.0,7.0,8.0,12.0,0.0,50.0,0.0,1.0,1.0,10.04703,45.49237,1.0,2.0,0.0,60.0,0.0
72.0,126.00085,1.0264492,56.52234,43.785263,0.0,0.0,100.0,-7.0,7.0,8.0,36.089928,4.0,30.873026,8.989603,0.17806678,0.0,45.441998,77.43123,8.148797,4.0,0.0,84.98872,0.0
76.0,234.60457,27.360666,110.74612,13.0,1.0,0.0,89.0,11.301851,4.0,5.0,11.183407,0.0,13.109922,0.0,0.0,0.0,15.904764,-8.0,2.0,1.0,0.0,31.710962,0.0
85.21813,372.15625,0.17677115,114.520096,23.0,0.0,0.0,100.0,-7.0,7.0,8.0,34.45904,2.0,-4.0372663,-8.0,1.0,1.0,2.0,-8.0,3.0,1.0,0.0,53.182404,0.0
81.0,129.61835,1.2004246,67.33431,6.0,0.0,0.0,100.0,-7.0,7.0,8.0,5.988245,1.0,40.59212,0.0,1.0,1.0,32.609398,85.580284,4.0,3.0,1.6409465,100.0,0.0
72.0,94.189735,3.0,81.09526,16.546324,0.0,0.0,100.0,-7.0,7.0,8.0,9.055153,2.0,21.367203,0.0,4.0,4.0,19.0,43.790325,5.0,2.0,2.0,73.0,0.0
79.0,149.43625,3.8069775,72.0,31.0,0.0,0.0,100.0,-7.0,7.0,8.0,25.0,1.0,37.624672,0.0,1.0,1.0,17.1811,55.329914,5.0,3.0,3.0,55.875935,0.0
72.0,304.80054,1.0,96.2383,25.0,0.0,0.0,100.0,-7.0,7.0,8.0,24.0,1.0,24.882792,0.0,1.0,1.0,28.0,56.224766,6.0,2.0,1.0,56.0,0.0
81.0,291.0998,4.0,96.615685,32.0,0.0,0.0,100.0,-7.0,7.0,8.0,29.0,1.0,28.0,0.0,1.0,1.0,16.38578,-8.0,3.0,2.0,1.0,31.41337,0.0
67.0,147.19524,14.772192,69.50834,13.0,1.0,1.0,86.49618,5.753428,6.0,6.0,12.0,0.0,58.114006,-7.0,0.0,0.0,0.0,96.23657,1.0,3.0,0.0,72.63112,0.0
72.0,319.08722,1.0,293.30344,9.299826,0.0,0.0,86.66808,32.880463,6.0,6.0,15.0,1.0,19.0,1.0,2.0,2.0,60.119827,46.73321,4.0,1.0,1.0,75.0,0.0
70.0,462.08762,2.0,166.64807,19.0,0.0,0.0,87.098366,3.620836,4.0,6.0,15.0,1.0,35.687214,1.0,4.0,4.0,12.0,-8.0,4.0,2.0,0.0,64.0,0.0
71.0,177.82693,8.0,90.0,29.149632,0.0,0.0,92.0,9.898104,6.0,6.0,30.420412,2.0,46.0,-8.0,0.0,0.0,45.98626,85.59422,4.8400426,3.0,1.0,80.0,0.0
87.0,204.8815,3.0,52.69719,21.0,0.0,0.0,100.0,-7.0,7.0,8.0,28.0,1.0,15.061235,0.0,0.0,0.0,4.0,-8.0,2.0,1.0,0.0,33.0,0.0
76.0,402.38812,11.0,155.51646,16.0,0.0,0.0,100.0,-7.0,7.0,8.0,17.0,0.0,46.12971,21.984245,0.0,0.0,0.0,-8.0,2.0,1.0,0.0,58.0,0.0
88.0,379.91602,7.0,136.49307,27.959915,0.0,0.0,100.0,-7.0,7.0,8.0,25.987806,1.0,27.961414,18.415178,0.0,0.0,18.0,-8.0,1.0,1.0,0.0,46.152885,0.0
82.01578,285.00748,5.0,114.3307,12.0,0.0,0.0,84.69438,14.715709,6.0,6.0,13.862097,1.0,18.611572,13.1378765,0.0,0.0,32.82589,-8.0,1.0,1.0,0.0,33.0,0.0
83.0,147.20573,7.0,61.0,21.0,0.0,0.0,100.0,-7.0,7.0,8.0,22.0,1.0,16.0,1.0,1.0,1.0,5.0,63.64648,3.0,1.0,0.0,34.1028,0.0
82.91833,193.22926,1.0,95.1618,13.0,0.0,0.0,100.0,-7.0,7.0,8.0,13.0,2.0,20.470522,5.0,0.0,0.0,16.62864,29.379381,4.2043405,2.0,2.0,67.0,0.0
66.0,237.21716,15.0,86.995285,20.547358,0.0,0.0,91.0,36.667786,6.0,6.0,30.549276,0.0,37.668835,0.0,2.0,1.0,56.467484,58.44893,6.0,2.0,3.6562927,80.0,0.0
82.0,181.91211,8.0,72.04209,60.765175,0.0,0.0,97.0,74.22489,6.0,6.0,83.14994,1.0,20.0,0.0,3.0,3.0,8.0,-8.0,2.0,2.0,0.0,40.868393,0.0
66.74081,141.39738,8.0,65.6065,9.0,3.728569,4.1840205,85.65253,63.728783,6.0,2.0,10.0,1.0,64.82494,0.0,0.0,0.0,18.0,52.577797,2.0,1.0,0.0,100.0,0.0
81.0,307.11462,2.0,110.01376,15.0,0.0,0.0,94.0,63.557148,6.0,6.0,14.745453,4.0,20.0,0.0,1.0,1.0,12.0,27.610989,6.0,2.0,0.0,71.0,0.0
79.0,244.69139,-9.0,77.0,20.0,0.0,0.0,100.0,-7.0,7.0,8.0,13.691197,7.6449256,22.0,0.0,3.0,2.0,9.955595,59.948845,3.0197096,2.0,1.0,25.042196,0.0
85.0,176.31146,16.052155,97.0,24.0,0.0,0.0,100.0,-7.0,6.0,8.0,22.739002,0.0,46.110252,-7.0,0.0,0.0,9.0,66.64526,4.0,2.0,1.0,75.0,0.0
87.0,94.66438,41.15513,125.1775,10.0,0.0,0.0,100.0,-7.0,7.0,8.0,5.224655,0.0,22.0,-7.0,0.0,0.0,1.0,-8.0,2.0,2.0,0.0,50.0,0.0
69.0,184.0546,5.0,70.93584,16.0,0.0,0.0,97.0,-7.0,6.0,6.083545,10.971077,1.0,42.0,2.0,0.0,0.0,43.62034,80.0,4.0,3.0,3.296863,69.63444,0.0
65.882,177.48518,17.0,88.713234,18.0,2.0,0.0,75.99319,9.740975,6.0,4.9829016,20.301283,0.0,45.39721,0.0,2.0,2.0,25.338173,66.44846,1.0,2.0,0.0,36.51464,0.0
73.0,145.97269,3.0,141.71092,30.0,0.0,0.0,100.0,-7.0,7.0,8.0,28.0,1.9723276,24.0,0.0,3.0,3.0,33.09878,95.89478,6.0,3.0,0.0,75.0,0.0
76.0,179.3015,3.0,75.20341,25.0,0.0,0.0,97.0,55.223392,6.0,6.0,25.293692,3.0,37.0,0.47561204,3.0,3.0,1.0,47.359386,3.0,6.0772085,0.0,51.835953,0.0
67.0,343.9231,3.0,81.90707,24.433588,0.0,0.0,96.0,26.422083,6.0,6.0,29.888416,3.0,28.10291,1.0,2.0,3.0,47.315933,96.068436,9.039798,3.0,4.9645276,67.04081,0.0
86.0,117.70636,8.0,67.09131,16.406328,0.0,0.0,100.0,-7.0,7.0,8.0,17.0,1.0,51.504196,0.0,0.0,0.0,8.0,-8.0,2.0,2.0,0.0,57.0,0.0
78.0,194.87936,2.0,67.51068,36.0,0.0,0.0,100.0,-7.0,7.0,8.0,32.0,9.662854,34.953304,-7.0,1.0,1.0,6.689207,88.0,6.0,3.0,0.0,67.0,0.0
62.0,389.37436,27.242832,104.51503,12.0,3.0,3.5859065,69.69921,17.393677,4.0,3.0,17.0,0.0,51.442867,-7.0,0.0,0.0,25.0,67.88657,2.0,1.0,0.0,77.36097,0.0
82.0,155.10173,1.0,68.008194,35.862827,0.0,0.0,100.0,-7.0,7.0,8.0,37.0,3.0,20.0,1.0,6.4609656,5.8859468,6.0,84.55709,3.0,2.0,0.0,30.084589,0.0
87.0,214.26067,7.9131746,87.28026,17.0,0.0,0.0,100.0,-7.0,7.0,8.0,18.0,2.0,15.0,16.0,0.0,0.0,3.0,-8.0,2.0,2.0,0.0,40.63107,0.0
88.0,131.42485,11.434699,77.64478,13.0,0.0,0.0,100.0,-7.0,7.0,8.0,14.0,0.0,14.602908,-7.0,0.0,0.0,10.664884,-8.0,1.0,-8.0,0.0,33.0,0.0
90.10949,353.87457,5.0,164.06145,12.0,0.0,0.0,100.0,-7.0,7.0,8.0,17.0,1.0,-9.0,-8.0,0.0,0.0,0.0,-8.0,2.0,-8.0,0.0,33.0,0.0
88.0,349.32864,9.0,101.036934,25.09789,0.0,0.0,100.0,-7.0,7.0,8.0,39.97504,1.0,24.0,0.0,1.0,1.0,3.0,-8.0,2.0,-8.0,0.0,30.712988,0.0
63.0,132.34785,28.780964,83.0,10.0,5.2621927,6.508741,65.44209,5.1031184,4.0,-9.0,12.0,0.0,40.0,0.0,3.0,3.0,25.0,-8.0,2.0,2.0,0.0,67.0,0.0
73.0,93.38316,4.0,53.131046,15.503787,2.0,0.0,70.19586,19.276735,6.0,2.687639,19.0,2.0,72.00952,0.0,1.0,1.0,0.0,78.74232,1.0,3.0,0.0,71.0,0.0
77.0,125.11155,2.0,58.0,20.0,0.0,0.0,100.0,-7.0,7.0,8.0,24.0,2.0,-9.0,1.8572054,2.0,1.0,4.7981305,-8.0,2.0,-8.0,1.0,36.31074,0.0
90.0,124.35816,8.0,71.04823,8.079852,0.0,0.0,100.0,-7.0,7.0,8.0,-9.0,1.0,47.261303,17.67521,0.0,0.0,5.0,98.24796,1.0,1.0,0.0,43.0,0.0
80.0,165.50694,4.0,58.056118,37.190105,0.0,0.0,100.0,-7.0,7.0,8.0,34.0,1.0,44.698082,1.0,1.0,1.0,17.0,40.43266,5.0,3.0,1.0,75.0,0.0
75.0,268.71533,-9.0,88.69011,45.668076,0.0,0.0,100.0,57.427216,6.0,6.0,53.15525,4.0,19.0,4.0,0.0,0.0,22.99015,93.0,11.0,5.0,1.0,60.0,0.0
79.0,130.61955,4.0,65.0,16.0,1.0,1.0,97.0,76.42889,6.0,5.0,23.0,3.0,22.0,0.0,3.0,2.0,3.0,88.0,1.0,2.0,0.0,44.0,0.0
73.0,60.335464,11.170591,68.82363,22.0,0.0,0.0,95.0,58.64319,6.0,6.0,8.708856,0.0,26.0,-7.0,0.0,0.0,32.341877,91.64431,8.0,3.0,1.0,63.43725,0.0
83.0,182.74849,2.0,83.0,42.939575,0.0,0.0,100.0,-7.0,7.0,8.0,27.788406,2.0,2.7789419,2.0,0.0,0.0,1.0,-8.0,2.0,1.0,0.0,26.523092,0.0
82.0,173.2146,3.0,72.83342,20.071129,0.0,0.0,100.0,-7.0,7.0,8.0,33.0,3.0,55.79752,0.0,3.0,3.458376,5.0,87.42087,2.0,2.0,0.0,80.0,0.0
83.0,205.26279,6.0,69.155624,38.80068,0.0,0.0,97.0,50.738785,6.0,6.0,34.0,2.0,36.0,3.0,0.0,0.0,1.0,88.67066,2.0,3.0,0.0,29.702347,0.0
81.0,319.2165,7.0,114.726166,26.408619,0.0,0.0,100.0,-7.0,7.0,8.0,26.0,1.0,8.071263,0.0,0.0,0.0,12.0,-8.0,4.502556,1.0,1.5438796,46.153976,0.0
92.2031,434.56302,27.119184,146.70456,20.0,0.0,0.0,100.0,-7.0,7.0,8.0,22.0,0.0,50.0,-8.0,0.0,0.0,3.0,-8.0,1.2790314,-8.0,0.0,50.0,0.0
75.93041,130.28456,1.0,94.40607,29.0,0.0,0.0,90.0,12.377237,6.0,6.0,28.0,1.0,18.0,-7.0,5.0,5.1226926,12.838712,-8.0,3.0,1.0,0.0,46.525127,0.0
76.0,-9.0,10.0,62.32406,12.0,0.0,0.0,100.0,-7.0,7.0,8.0,-9.0,1.0,38.0,1.0,1.0,1.0,11.0,93.16267,2.0,2.0,0.0,90.484184,0.0
87.0,237.76999,17.0,114.892426,12.466633,0.0,0.0,100.0,-7.0,7.0,8.0,12.0,0.0,42.57893,-0.50392264,0.0,0.0,0.0,30.072794,1.0,2.0,0.0,80.0,0.0
77.0,176.82599,1.0,59.294502,29.0,0.0,0.0,100.0,-7.0,7.0,8.0,33.0,3.0,17.0,0.0,4.0,4.0,16.0,59.59162,8.0,3.0,0.0,71.0,0.0
87.0,365.6792,52.007286,126.00675,11.0,0.0,0.0,100.0,-7.0,7.0,8.0,16.396206,0.0,53.8054,0.0,0.0,0.0,9.481128,-8.0,3.0,-8.0,0.0,56.0,0.0
63.1976,274.9821,9.0,109.381004,38.18216,0.0,0.0,88.0,-4.2327986,1.6006829,6.0,34.0,1.0,30.0,-7.0,0.0,0.0,25.0,32.023956,8.387975,3.0,0.0,70.67462,0.0
71.0,186.58229,2.0,134.48415,32.432728,0.0,0.0,100.0,-7.0,7.0,8.0,32.0,1.0,1.9428974,0.0,3.1829464,3.0,28.059837,-8.0,11.0,1.0,3.0,50.0,0.0
72.0,343.4366,3.0,84.0,42.025986,0.0,0.0,100.0,-7.0,7.0,8.0,40.033974,3.0,16.0,7.0,0.0,0.0,30.069805,49.437614,8.0,3.0,0.0,70.0,0.0
78.0,159.24191,2.0,77.85794,16.0,0.0,0.0,97.0,46.424763,6.0,6.0,16.0,2.0,29.0,0.0,3.0,3.0,16.0,86.0581,4.0,2.0,0.0,50.0,0.0
85.0,319.03445,20.77994,100.0,11.174785,1.0,1.0,100.0,-7.0,7.0,8.0,13.385308,0.0,19.0,0.0,0.0,0.0,1.0,-8.0,2.0,1.0,0.0,41.421947,0.0
74.0,318.6957,7.0,74.66835,31.075344,0.0,0.0,100.0,-7.0,7.0,8.0,30.42528,5.0,25.0,0.0,1.0,1.0,40.08608,42.67423,6.0,3.2887433,1.0,60.0,0.0
79.0,433.76923,2.571604,100.37697,29.0,0.0,0.0,100.0,-7.0,7.0,8.0,28.0,4.0,29.0,8.0,1.0,1.0,51.609276,22.881876,7.0,3.0,1.0,75.0,0.0
79.0,155.99861,20.65398,100.0,30.361492,1.0,0.0,98.0,67.30384,6.0,4.0,27.0,0.0,17.01678,10.386681,0.0,0.0,2.0,-8.0,6.0,1.0,0.0,43.0,0.0
77.0,162.20546,15.0,79.75441,29.0,0.0,0.0,100.0,-7.0,7.0,8.0,28.0,0.0,18.216211,0.0,0.0,0.0,35.083958,-8.0,5.3145967,1.0,3.0,50.0,0.0
75.754745,243.08047,3.0,103.74101,24.0,0.0,0.0,97.0,38.150208,6.0,6.0,22.0,2.0,25.0,0.0,2.0,2.0,30.530699,84.029106,6.0,2.0,0.0,78.68107,0.0
81.0,319.5842,8.0,81.73193,24.129084,0.0,0.0,100.0,-7.0,7.0,8.0,29.096071,2.0,55.21819,1.0,0.0,0.0,18.0,90.89866,3.0,4.0,0.0,64.0,0.0
78.0,137.43958,8.0,39.794853,17.0,0.0,0.0,100.0,-7.0,7.0,8.0,13.826363,1.0,43.601685,0.0,2.0,1.0,2.0,-8.0,5.0,1.0,0.0,50.0,0.0
87.0,145.092,8.0,79.33859,22.0,0.0,0.0,100.0,-7.0,7.0,8.0,22.0,3.0,45.77697,0.0,2.0,1.0,6.387065,91.37585,2.0,5.0,0.0,58.0,0.0
90.0759,100.95521,36.648865,174.76985,17.653221,0.0,0.0,100.0,-7.0,7.0,8.0,-9.0,0.0,0.0,19.649273,0.0,0.0,0.0,-8.0,-9.0,-8.0,0.0,-9.0,0.0
86.0,404.9656,7.0,115.48656,16.0,0.0,0.0,100.0,-7.0,7.0,8.0,19.0,1.0,45.0,0.0,0.0,0.0,14.338662,82.54104,4.0,1.0,0.0,77.823105,0.0
66.0,147.8676,8.0,92.0,16.0,0.0,0.0,88.0,7.416197,4.0,6.0,14.0,2.0,36.0,-7.0,1.0,1.0,68.61582,-8.0,5.0,1.0,3.0,80.0,0.0
77.0,219.95848,5.0,146.75537,27.056595,0.0,0.0,100.0,-7.0,7.0,8.0,27.733969,2.0,19.62389,1.0,0.0,0.0,36.0,-8.0,6.0,1.0,4.127015,50.0,0.0
76.10151,431.05704,2.0,103.22062,17.0,0.0,0.0,100.0,-7.0,7.0,8.0,18.0,2.1152794,22.0,5.0,0.0,0.0,54.897575,-8.0,3.0,1.0,3.0,50.0,0.0
74.0,398.132,8.0,98.725555,35.263725,0.0,0.0,90.0,67.777954,6.0,5.0,37.31557,2.0,30.0,0.0,0.0,0.0,28.0,63.684113,7.639844,3.0,1.0,60.0,0.0
75.0,205.36177,6.0,69.95681,27.0,1.0,0.0,89.08108,40.641563,6.0,5.0,28.0,2.0,50.0,1.5417833,1.0,0.0,0.0,13.905531,3.0,4.0,0.0,71.0,0.0
88.0,250.7199,54.59273,148.77374,10.968303,0.0,0.0,100.0,-7.0,7.0,8.0,17.0,0.0,29.0,16.584955,0.0,0.0,8.0,73.55603,2.0,1.2177447,0.0,88.0,0.0
82.098465,166.63168,2.0,70.71283,40.978436,0.0,0.0,100.0,-7.0,7.0,8.0,38.0,4.0,13.865368,2.0,2.0,2.0,9.0,-8.0,5.0,3.0,0.0,62.03689,0.0
84.0,192.39023,5.3913646,100.0,27.482233,0.0,0.0,100.0,-7.0,7.0,8.0,26.0,2.0,21.568823,0.0,0.0,0.0,10.2928705,-8.0,2.0,-8.0,0.6724307,25.0,0.0
68.0,165.09566,3.0,52.1084,36.0,0.0,0.0,100.0,1.3132606,6.0,6.0,40.53122,3.0,58.402702,0.0,2.0,2.0,69.871895,100.0,4.0,4.420345,2.0,91.38238,0.0
77.0,219.13303,13.752991,98.49086,12.0,0.0,0.0,82.8421,30.793257,6.0,6.0,14.0,0.0,31.796646,0.0,1.5654348,2.0,40.96938,-8.0,2.0,1.0,0.0,60.0,0.0
82.229744,376.28104,7.0,88.402596,35.677795,0.0,0.0,100.0,-7.0,7.0,8.0,38.0,1.0,36.0,9.068501,0.0,0.0,12.02788,38.585537,4.0,2.0,0.0,40.29424,0.0
85.0,159.73688,25.436224,110.94565,18.0,0.0,0.0,100.0,-7.0,7.0,8.0,19.0,0.0,21.420013,4.710038,0.0,0.0,0.0,-8.0,1.0,1.0,0.0,16.85594,0.0
75.0,161.63913,2.0,57.324383,12.0,0.0,0.0,100.0,-7.0,7.0,8.0,13.0,2.0,18.0,1.5004624,0.0,0.0,45.49869,87.81014,5.0,2.0,1.0,67.0,0.0
-9.0,-9.0,-9.0,-9.0,-9.0,-9.0,-9.0,-9.0,-9.0,-9.0,-9.0,-9.0,-9.0,-9.0,-9.0,-9.0,-9.0,-9.0,-9.0,-9.0,-9.0,-9.0,-9.0,0.0
88.63423,406.9175,35.30301,159.75938,11.449192,0.0,0.0,100.0,-7.0,7.0,8.0,10.0,0.0,29.0,0.0,0.0,0.0,3.0,-8.0,1.0,2.0,0.0,60.0,0.0
83.0,152.66382,5.0,61.0,20.0,0.0,0.0,100.0,-7.0,7.0,8.0,23.0,2.0,11.0,21.609388,0.0,0.0,12.0,86.6276,3.0,1.0,0.0,44.245827,0.0
68.0,262.25528,5.0,83.0,29.0,0.0,0.0,100.0,-7.0,7.0,8.0,28.0,2.0,22.0,0.0,4.0,5.0,13.0,-8.0,5.0,1.0,1.0,36.343216,0.0
79.0,266.59866,7.0,99.86458,10.0,0.0,0.0,100.0,-7.0,7.0,8.0,11.523341,1.0,24.458069,-7.0,4.0,3.374655,46.681,84.00954,4.0,1.0,1.0,100.0,0.0
86.0,154.56139,27.619436,103.96996,22.0,0.0,0.0,100.0,-7.0,7.0,8.0,22.7696,0.0,18.0,-7.0,0.0,0.0,26.37372,32.961575,3.0,2.0,0.0,78.0,0.0
68.0,187.88794,19.757925,71.01446,13.777574,0.0,0.0,77.83819,-7.0,4.0,6.0,16.0,0.0,19.506268,-7.0,2.0,2.0,9.0,97.66933,3.0,2.0,0.0,71.0,0.0
71.0,264.3115,2.0,94.0,32.0,1.0,0.0,94.37859,7.1423144,4.0,5.0,28.0,3.0,22.0,2.0,0.0,0.0,3.0,16.43792,6.319455,3.944412,1.0,56.0,0.0
85.0,183.9123,6.0,65.07568,28.0,0.0,0.0,100.0,-7.0,7.0,8.0,43.915543,1.0,21.0,1.0,2.0,1.0,6.0,75.14595,3.0,1.0,0.0,33.0,0.0
69.0,208.58458,16.237934,72.0,29.0,0.0,0.0,94.0,20.357666,6.0,5.9659758,24.0,0.0,-7.8480144,-7.0,1.0,1.0,36.0,36.542835,6.0,2.0,1.0,67.0,0.0
68.0,304.3401,3.7937102,100.28107,50.32431,0.0,0.0,100.0,-7.0,7.0,8.0,44.47511,6.0,41.87393,-7.0,0.0,0.0,24.219795,86.19512,3.0,2.0,0.0,40.0,0.0
75.0,275.5121,12.0,143.58505,11.934947,1.0,1.0,89.0,29.5358,6.0,5.0,12.679294,1.0,19.144325,0.0,1.0,1.0,3.0,-8.0,2.0,1.0,0.0,70.0,0.0
67.0,99.218216,16.49497,74.0,23.0,0.0,0.0,100.0,-7.0,7.0,8.0,11.0,1.0,40.0,0.0,2.0,2.0,84.42364,57.8363,3.0,4.50662,1.0,74.48951,0.0
76.0,230.62773,11.0,103.65801,19.0,0.0,0.0,94.90736,25.462584,5.0,6.0,21.0,1.0,26.586233,0.0,3.0,3.0,29.053207,-8.0,4.0,3.0,0.0,57.0,0.0
68.0,299.66382,2.1561444,82.0,48.188145,0.0,0.0,100.0,-7.0,7.0,8.0,46.977215,3.0,19.0,0.0,3.0,3.0,28.741446,-8.0,9.0,2.0,2.0,71.0,0.0
82.0,218.20201,38.990376,137.27803,14.0,0.697565,0.0,89.0,60.89937,6.0,5.0,11.831415,0.0,9.030903,-8.0,0.0,0.0,26.081375,-8.0,3.0,1.0,0.0,67.0,0.0
84.0,144.93158,9.0,83.50133,19.398163,0.0,0.0,100.0,-7.0,7.0,8.0,19.0,2.0,24.0,-7.0,0.0,0.0,6.0,-8.0,2.0,1.0,0.0,33.0,0.0
70.69766,199.33655,6.0,72.923004,6.0,4.498549,4.386919,70.009056,42.3124,6.0,2.0338695,12.0,2.0,43.0,0.0,1.0,1.0,2.0,90.69463,1.0,2.0,0.0,78.0,0.0
77.0,160.75185,3.0,83.0,8.0,0.0,0.0,97.0,-7.0,6.0,6.0,9.601408,1.3225273,20.0,0.0,2.0,2.0,60.614067,-8.0,4.0,1.0,0.0,100.0,0.0
70.0,126.4231,3.0,37.21458,10.0,0.0,0.0,77.41239,18.406805,6.0,6.0,11.0,1.0,25.0,0.0,3.0,3.0,3.0,-8.0,2.0,1.0,0.0,43.0,0.0
84.0,216.19766,6.0,76.0,12.0,0.0,0.0,100.0,-7.0,7.0,8.0,14.047144,0.0,35.544582,3.0,1.0,1.0,23.78404,82.0,2.0,3.0,2.0,67.0,0.0
60.054832,177.75697,1.0,75.823105,27.363487,0.0,0.0,96.0,4.0,6.0,6.0,34.0,2.0,25.0,11.032321,0.0,0.0,72.67463,76.0,10.6832905,2.0,6.830561,74.28475,0.0
85.0,355.84082,15.0,107.33332,22.0,0.0,0.0,100.0,-7.0,7.0,8.0,25.0,0.0,36.53799,0.0,0.0,0.0,23.457584,78.12591,4.0,1.0,0.0,63.0,0.0
74.0,314.51575,3.0,94.0,28.0,0.0,0.0,83.938545,-9.0,6.0,4.489367,34.370903,3.4670224,19.789742,0.0,0.0,0.0,4.0,-8.0,4.0,2.0,0.0,44.0,0.0
-9.0,138.92242,-1.3764902,95.56796,30.0,5.276864,7.5355678,83.48008,2.02996,3.1527693,3.0,37.73175,1.0,58.391148,0.0,1.0,1.0,117.109406,91.0,2.0,2.0,2.0,100.0,0.0
59.96515,164.96167,6.0,63.016064,25.0,0.0,0.0,88.13259,36.684948,6.0,5.0,30.986269,3.0,28.716051,-8.0,1.0,1.0,59.7327,-8.0,13.4377775,2.0,5.719495,80.0,0.0
73.0,191.108,2.0,73.61887,40.717163,0.0,0.0,96.0,5.783069,6.0,6.0,43.38356,5.0,17.0,7.033118,1.0,1.0,14.551535,-8.0,6.0,1.0,1.0,35.727543,0.0
62.0,400.7052,12.011536,118.77351,28.492874,0.0,0.0,87.573654,3.0,4.0,6.0,22.0,0.0,26.0,0.0,0.0,0.0,57.13176,-8.0,3.0,1.0,2.0,44.82836,0.0
71.0,299.60538,11.0,87.079216,42.42023,0.0,0.0,95.88906,3.0,4.0,6.0,49.915478,2.5377712,38.0,0.0,1.0,1.0,17.276407,-8.0,5.0,1.0,1.0,69.68102,0.0
67.28406,-9.0,4.0,52.54624,11.178288,0.0,0.0,92.00629,15.224866,6.0,6.0,13.0,1.0,25.0,-7.0,1.0,1.0,59.45728,23.420677,6.0,1.0,0.0,80.0,0.0
89.0,230.30724,9.0,97.0,15.0,0.0,0.0,100.0,-7.0,7.0,8.0,14.339366,1.0,35.0,-8.0,0.0,0.0,14.072775,-8.0,1.4460003,1.0,0.0,52.06903,0.0
88.0,167.87746,4.0,85.05244,13.0,0.0,0.0,100.0,-7.0,7.0,8.0,15.175968,1.0,42.0,-7.0,1.0,1.0,1.0,-8.0,2.0,1.0,0.0,40.27202,0.0
80.0,271.50418,7.0,95.82475,29.0,0.0,0.0,100.0,-7.0,7.0,8.0,27.0,1.0,22.0,23.253393,0.0,0.0,20.986864,79.012535,9.745302,2.0,1.4468087,73.0,0.0
84.0,237.20255,6.0,79.0,14.837676,0.0,0.0,100.0,-7.0,7.0,8.0,18.0,2.0,6.8768244,0.0,0.0,0.0,29.118847,-8.0,4.0,-8.0,0.0,50.0,0.0
73.18043,176.1109,16.0,86.96302,28.0,0.0,0.0,100.0,-7.0,7.0,8.0,27.0,0.0,12.591852,0.0,1.0,1.0,40.796677,-8.0,9.008064,1.0,1.0,75.0,0.0
69.0,56.62277,2.0,-9.0,36.0,0.0,0.0,100.0,-7.0,7.0,8.0,45.402046,2.0,33.54487,0.0,0.0,0.0,36.388145,79.192406,5.0,4.0,0.0,52.52875,0.0
-9.0,233.95567,9.0,130.47372,18.0,4.3571687,7.2252793,85.09272,1.0,-9.0,5.0,23.032055,1.0,24.0,0.0,0.0,0.0,48.823517,-8.0,4.0,-6.275606,0.0,60.0,0.0
67.622375,140.72237,12.799395,55.031475,16.0,2.0,1.8662273,97.0,-7.0,6.0,6.0,17.132687,0.0,52.500126,0.0,2.0,2.0,33.42343,95.4143,1.0,5.656302,0.0,86.0,0.0
75.0,219.16669,9.0,100.0,27.0,0.0,0.0,100.0,-7.0,7.0,8.0,29.0,1.0,40.0,-7.0,0.0,0.0,46.48942,94.5992,5.197115,2.0,2.0,89.556755,0.0
73.0,159.59149,6.9768853,62.628643,12.0,0.0,0.0,100.0,-7.0,7.0,8.0,13.0,2.0,55.60042,-8.0,0.0,0.0,68.40094,69.83081,2.7875152,2.0,1.0,82.2213,0.0
59.646664,103.1739,4.0,69.33291,15.0,1.7850952,2.0,80.74779,23.839937,4.0,-9.0,18.80232,3.0,30.0,1.0,1.0,1.0,61.245728,81.37658,5.0,2.0,2.0,100.0,0.0
78.19082,148.96234,15.0,80.36087,18.0,0.0,0.0,100.0,-7.0,7.0,8.0,16.0,0.0,8.709539,-7.0,1.650881,1.1346681,37.895996,-8.0,11.0,1.0,1.0,100.0,0.0
88.0,251.55817,31.187307,138.52428,18.0,0.0,0.0,100.0,-7.0,7.0,8.0,20.0,0.0,22.0,0.0,1.0,1.0,3.0,-8.0,2.0,1.0,0.0,43.0,0.0
70.72055,239.60544,14.0,61.0,19.0,0.0,0.0,100.0,-7.0,6.0,8.0,20.0,0.0,53.65445,1.0,2.0,2.0,87.972626,70.834145,2.0,4.0,1.0,71.0,0.0
82.0,305.49625,4.0,154.33852,32.5704,0.0,0.0,96.0,38.356422,6.0,6.0,24.0,1.0,25.854763,0.0,1.0,1.0,1.0,-8.0,3.9449677,2.0,0.0,45.825596,0.0
77.0,173.95863,4.228009,56.277313,19.0,0.0,0.0,100.0,-7.0,7.0,8.0,19.0,1.0,29.723711,16.0,0.0,0.0,2.3251717,87.183586,2.0,2.0,0.0,70.0,0.0
79.0,293.42053,14.045744,161.07349,12.345831,0.0,0.0,80.983345,3.9984248,6.0,6.0,12.0,0.0,24.0,-8.0,0.0,0.0,20.651478,-8.0,3.0,2.0,0.0,71.0,0.0
69.0,392.99823,7.0,85.22255,16.824232,0.0,0.0,90.45384,38.780212,6.0,6.0,18.0,2.0,68.65375,0.0,0.0,0.0,50.567722,13.349167,5.0,2.0,2.0,100.0,0.0
59.588142,335.90335,2.0,81.0,31.0,1.0,0.0,94.0,-7.0,-9.0,5.0,41.482964,1.0,20.0,0.0,0.0,0.0,25.0,76.882126,5.0,1.0,0.0,50.0,0.0
72.0,152.41144,6.0,66.22672,24.0,0.0,0.0,100.0,-7.0,7.0,8.0,24.0,2.0,30.702118,0.0,0.0,0.0,56.808018,57.809036,6.0,1.0,2.0,84.929306,0.0
79.0,192.48695,11.0,87.04868,14.0,0.0,0.0,78.57527,1.0,4.0,6.0,13.0,0.0,39.974136,1.0,0.0,0.0,21.011356,53.47522,3.0,5.0,0.0,100.0,0.0
80.0,276.04636,21.123371,163.15587,14.0,0.0,0.0,93.0,71.43727,6.0,6.0,6.9972377,0.0,15.498864,0.0,0.0,0.0,46.897327,-8.0,2.0,-8.0,1.0,38.0,0.0
78.775116,305.38956,14.0,112.7089,24.0,0.0,0.0,94.344955,32.22899,6.0,6.0,26.0,0.0,16.064188,-8.0,0.0,0.0,3.874786,32.17924,5.0,2.0,1.0,67.1131,0.0
78.0,279.91882,6.0,100.18163,49.000694,0.0,0.0,100.0,-7.0,7.0,8.0,43.3032,3.0,22.0,3.0,2.0,2.0,36.0,72.753494,6.0,2.0,0.0,60.111046,0.0
74.0,218.85274,4.0,66.21054,18.619627,0.0,0.0,92.0,7.0117216,6.0,6.0,26.0,2.0,29.929653,0.0,3.0,3.0,6.0,55.091625,4.0,3.0,0.0,65.77066,0.0
66.61343,362.37677,7.0,91.03501,17.0,1.0,2.0,94.61951,58.142105,6.0,5.0,25.0,1.0,42.0,-7.0,0.0,0.0,54.570316,88.0,2.0,2.0,2.0,57.0,0.0
73.0,221.86807,2.0,67.147415,23.0,0.0,0.0,96.0,52.67878,6.0,6.0,19.260782,4.0,46.717827,-7.0,0.0,0.0,25.152494,61.590275,8.0,3.0,1.0,71.0,0.0
79.0,362.19202,3.0,107.47298,36.0,0.0,0.0,100.0,-7.0,7.0,8.0,46.24016,3.2104983,33.0,0.0,4.0,3.0385437,4.0,81.2192,6.0,4.0,1.0,60.0,0.0
69.0,355.3591,3.0,77.0,33.699905,0.0,0.0,91.21334,28.902483,6.0,5.0,35.2192,4.0,15.0,0.0,4.0,4.0,26.491035,71.0,9.168651,2.0,1.0,37.535328,0.0
86.0,188.44313,3.0,84.0,25.0,0.0,0.0,100.0,-7.0,7.0,8.0,27.871752,2.0,53.988617,0.0,0.0,0.0,0.0,88.19343,2.0,2.0,0.0,56.0,0.0
76.10342,253.37762,8.584584,77.44242,28.934196,0.0,0.0,96.0,46.143295,6.0,6.0,31.317812,2.0,33.780087,2.0,1.0,0.0,3.0,71.0,3.0,4.833488,1.0,60.0,0.0
63.460766,163.19768,7.0,76.0,27.0,0.0,0.0,93.0,-7.0,4.0,6.0,30.0,1.0,42.0,2.0,0.0,0.0,31.998245,80.38236,5.0,6.431743,1.0,75.0,0.0
-9.0,-9.0,-9.0,-9.0,-9.0,-9.0,-9.0,-9.0,-9.0,-9.0,-9.0,-9.0,-9.0,-9.0,-9.0,-9.0,-9.0,-9.0,-9.0,-9.0,-9.0,-9.0,-9.0,0.0
85.0,72.37722,1.0,53.928486,16.0,0.0,0.0,95.0,59.040787,6.0,6.0,19.0,1.0,46.9879,7.0,0.0,0.0,9.0,88.0,1.0,2.0,0.0,50.496887,0.0
64.0,165.81075,13.226681,74.54124,38.35843,2.066117,2.8265007,92.0,1.0,0.0,6.0,37.0,0.0,50.0,5.0,0.0,0.0,8.0,48.492886,4.0,3.0,0.0,44.0,0.0
-9.0,-9.0,-9.0,-9.0,-9.0,-9.0,-9.0,-9.0,-9.0,-9.0,-9.0,-9.0,-9.0,-9.0,-9.0,-9.0,-9.0,-9.0,-9.0,-9.0,-9.0,-9.0,-9.0,0.0
80.0,33.039257,6.0,59.107967,12.0,0.0,0.0,100.0,-7.0,7.0,8.0,10.517794,2.0,21.0,0.0,0.0,0.0,1.6227825,-8.0,2.0,1.0,0.0,37.746655,0.0
72.27981,161.19997,8.0,64.84366,21.0,0.0,0.0,100.0,-7.0,7.0,8.0,19.536016,1.0,20.0,15.436643,0.0,0.0,36.8912,-8.0,4.0,1.0,4.298254,45.51102,0.0
72.83427,464.5598,26.225918,103.005684,16.0,0.0,0.0,85.213135,-4.630138,0.6130889,6.0,17.004093,0.0,25.0,0.0,0.0,0.0,2.0,-8.0,2.0,1.0,0.0,33.0,0.0
86.92602,244.26486,7.0,104.350975,28.0,0.0,0.0,100.0,-7.0,7.0,8.0,28.0,2.0,45.655285,0.0,0.0,0.0,3.0,87.757805,2.0,2.0,0.0,45.74851,0.0
72.38092,147.11652,2.0,64.252754,57.921093,0.0,0.0,100.0,-7.0,7.0,8.0,72.99917,9.958166,55.54272,0.0,0.0,0.0,36.746567,81.781654,5.0,3.0,3.0,83.0,0.0
73.0,319.3132,8.0,86.64885,36.93963,0.0,0.0,100.0,-7.0,7.0,8.0,38.0,1.0,20.0,8.0,0.0,0.0,41.74322,53.796616,6.0,3.0,3.0,70.27407,0.0
80.0,123.62566,2.0,84.0,32.0,0.0,0.0,100.0,-7.0,7.0,8.0,35.392662,1.0,32.0,0.0,3.0,3.0,2.438982,36.308426,3.0,5.0,0.0,52.1661,0.0
89.0,99.54837,36.329636,93.16254,16.0,0.0,0.0,100.0,-7.0,7.0,8.0,16.048542,0.0,45.0,-8.0,0.0,0.0,2.1172557,-8.0,1.0,2.0,0.0,100.0,0.0
70.0,125.39583,5.0,51.5763,30.0,0.0,0.0,100.0,-7.0,7.0,8.0,32.0,2.0,41.0,0.0,2.0,2.0,51.811302,88.77991,2.0,6.0,2.0,59.43713,0.0
68.0,217.56825,4.0,75.0,12.0,0.0,0.0,100.0,-7.0,7.0,8.0,17.0,5.0,16.0,0.0,1.0,1.0,75.454636,83.793365,3.0,2.0,3.0,67.0,0.0
89.0,176.93105,18.884457,90.0,11.447346,0.0,0.0,100.0,-7.0,7.0,8.0,12.116036,0.0,33.0,-7.0,0.0,0.0,0.0,85.8679,1.0,2.0,0.0,53.303635,0.0
88.0,264.75064,4.0,105.44211,25.0,0.0,0.0,100.0,-7.0,7.0,8.0,23.0,1.0,-7.816812,5.0,1.0,1.0,2.0,-8.0,5.0,-8.0,0.0,36.071865,0.0
86.0,192.62419,2.0,104.60991,26.0,0.0,0.0,100.0,-7.0,7.0,8.0,25.154509,2.0,44.0,-7.0,0.0,0.0,4.0,87.34447,3.0,3.0,0.0,50.0,0.0
73.0,365.02637,4.0,92.0,30.0,0.0,0.0,87.23504,43.581905,6.0,6.0,32.0,2.0,25.0,3.0,0.0,0.0,24.948914,80.0,3.0,3.0,3.0,38.876488,0.0
87.0,203.75034,8.0,114.93984,28.0,0.0,0.0,100.0,-7.0,7.0,8.0,7.0,1.0,47.0,2.0,0.0,0.0,12.0,50.85282,2.0,2.0,0.0,49.931923,0.0
83.0,154.30742,10.0,82.02352,30.0,0.0,0.0,100.0,-7.0,7.0,8.0,26.0,1.0,19.0,0.0,0.0,0.0,14.124814,-8.0,3.0,1.0,0.0,35.22543,0.0
72.328545,261.8789,26.064943,104.607956,9.333292,0.0,0.0,83.07832,23.959148,6.0,5.696906,7.77254,0.0,42.741882,5.0,0.0,0.0,63.044525,44.57218,2.0,1.0,0.0,100.0,0.0
80.0,215.87317,4.0,174.64594,26.0,1.0,0.0,94.0,23.13771,6.0,4.0,3.8865287,1.0,28.0,1.0,1.0,1.0,14.911689,-8.0,6.0,1.0,0.0,60.0,0.0
90.92292,176.87776,17.648746,128.39122,12.904647,0.0,0.0,100.0,-7.0,7.0,8.0,14.0,0.0,6.6105056,-8.899323,0.0,0.0,4.929304,-8.0,3.0,1.0,0.0,50.0,0.0
61.723263,243.09073,8.0,93.29659,40.10597,0.0,0.5883167,99.451805,6.4107203,6.0,5.0,37.175117,1.0,37.0,-7.0,1.0,1.0,104.030876,65.891426,5.649292,3.0,5.13392,91.40505,0.0
80.0,242.33548,3.171239,82.40183,39.0,0.0,0.0,96.23809,31.340824,6.0,6.0,35.418663,1.0,25.0,4.0,1.0,1.0,5.8903823,42.921234,4.0,3.0,0.0,43.0,0.0
65.0,231.40031,2.0,57.22274,21.0,0.0,0.0,88.0,26.128838,6.0,6.0,24.0,5.030198,28.518656,0.0,6.688827,6.7709246,25.984911,-8.0,5.0,1.0,0.0,60.0,0.0
88.0,323.3248,4.0,100.0,19.0,0.0,0.0,100.0,-7.0,7.0,8.0,20.0,1.0,25.240574,13.210313,0.0,0.0,1.0,119.63404,2.0,-4.241963,0.0,75.0,0.0
76.0,5.755728,2.0,39.3367,12.0,0.0,0.0,83.72446,8.462603,5.617939,6.0,10.0,2.0,-5.846897,7.0,1.0,1.0,10.0,-8.0,2.0,-8.0,0.0,25.250397,0.0
79.0,276.8456,7.0,84.0,26.0,0.0,0.0,93.0,52.60194,6.0,6.0,25.02255,2.0,10.426832,-7.0,1.5750155,1.9150326,13.102505,-8.0,2.0,-8.0,0.0,30.137417,0.0
87.0,182.98833,20.429611,69.63201,10.767708,0.0,0.0,100.0,-7.0,7.0,8.0,8.0,0.0,33.0,11.173654,0.0,0.0,17.985687,-8.0,1.0,1.0,0.0,85.95066,0.0
66.28603,293.06985,5.0,120.55787,27.0,2.0,3.2789476,89.0,6.728668,4.0,2.66108,33.0,1.0,17.679491,0.0,1.0,1.0,6.0,-8.0,4.0,1.0,0.0,33.0,0.0
88.0,287.23303,4.0,107.330284,20.0,0.0,0.0,100.0,-7.0,7.0,8.0,24.0,1.0,32.0,0.0,2.754871,2.0,8.916957,-8.0,2.0,2.0,0.0,42.061436,0.0
84.0,151.7712,12.312638,64.71771,10.565168,0.0,0.0,100.0,-7.0,7.0,8.0,13.0,0.0,35.0,0.0,3.0,2.0,0.0,77.20081,1.0,2.0,0.0,33.0,0.0
66.0,221.44408,2.0,76.0,30.0,0.0,0.0,100.0,-7.0,7.0,8.0,31.0,4.0,10.2963295,0.0,4.0,4.0,49.107212,88.0,9.038099,1.0,9.562063,45.4313,0.0
73.0,165.29086,13.0,103.8639,23.557777,1.0,0.0,88.0,38.47759,6.0,5.0,28.0,1.0,56.465122,-7.0,0.0,0.0,14.205535,65.94593,1.0,2.0,0.0,41.922794,0.0
62.0,149.00043,5.2973366,53.032436,35.12176,0.0,0.0,96.0,20.018803,6.0,6.0,31.0,3.0,27.0,0.0,2.0,3.0,26.031015,-8.0,9.065886,1.0,3.0,60.0,0.0
76.802895,191.91554,3.617111,82.0,41.639606,0.0,0.0,100.0,-7.0,7.0,8.0,43.57591,2.0,21.0,0.0,1.0,1.0,32.42478,96.24191,8.340895,2.0,0.0,71.0,0.0
84.0,179.70517,2.6498432,75.0,19.0,0.0,0.0,100.0,-7.0,7.0,8.0,20.0,2.3864658,33.0,13.146026,0.0,0.0,2.0,-8.0,4.0,2.0,0.0,67.0,0.0
75.86052,162.8433,6.0,70.24866,40.7774,2.0,0.0,91.46008,37.481426,6.0,3.0649707,42.634346,3.0,31.0,12.6041975,0.0,0.0,21.0,49.401123,3.0,3.0,1.0,44.0,0.0
74.0,185.70192,11.246299,71.0,28.0,0.0,0.0,100.0,-7.0,7.0,8.0,23.0,0.0,26.928389,-7.0,0.0,0.0,37.92891,86.78606,4.0,2.0,2.669473,69.98133,0.0
68.0,177.0499,11.0,75.0,27.0,0.0,0.0,87.702286,28.569803,6.0,6.0,28.0,0.0,19.467384,0.0,0.0,0.0,63.93053,88.0,5.0,3.0,2.2713952,67.0,0.0
79.0,160.63928,4.0,74.0,9.604281,0.0,0.0,100.0,-7.0,7.0,8.0,14.0,2.0,17.429161,0.0,4.0,4.0,24.945127,-8.0,4.0,1.0,0.0,75.58928,0.0
78.0,160.80891,11.0,75.21863,25.0,0.0,0.0,95.0,30.828588,6.0,6.0,27.109167,0.0,39.975685,-7.0,0.0,0.0,38.997494,45.25582,4.0,2.0,1.0,77.112015,0.0
81.401436,187.328,7.0,69.56502,15.0,0.0,0.0,95.0,11.162491,4.7054224,6.0,15.0,1.0,23.31333,-6.274067,0.0,0.0,14.313731,-8.0,2.0,-8.0,0.0,33.0,0.0
77.0,267.17197,17.0,131.43138,27.0,0.0,0.0,100.0,-7.0,7.0,8.0,26.0,0.0,31.0,11.269319,0.0,0.0,56.694267,59.765045,13.205037,2.0,0.0,82.4649,0.0
84.0,189.7436,6.0,103.3433,16.0,0.0,0.0,100.0,-7.0,7.0,8.0,19.417212,1.0,60.32099,3.0,3.0,3.0,0.87154007,55.487305,1.0,1.0,0.0,37.590862,0.0
88.0,496.34686,4.755421,103.69626,27.0,0.0,0.0,100.0,-7.0,7.0,8.0,19.0,2.0,13.928372,0.0,0.0,0.0,3.0,76.0,7.0,1.0,0.0,61.64583,0.0
-9.0,-9.0,-9.0,-9.0,-9.0,-9.0,-9.0,-9.0,-9.0,-9.0,-9.0,-9.0,-9.0,-9.0,-9.0,-9.0,-9.0,-9.0,-9.0,-9.0,-9.0,-9.0,-9.0,0.0
86.0,104.346375,3.0,72.32818,52.88213,0.0,0.0,100.0,-7.0,7.0,8.0,61.611885,1.2555292,45.983463,2.0,2.0,2.0,2.0,88.26343,2.0,2.0,0.0,30.79358,0.0
69.0,139.31133,4.0,75.63495,8.500287,0.0,0.0,77.05803,34.68158,6.0,6.0,6.892217,2.0,20.0,-7.0,2.0,2.0,52.243332,73.11417,2.0,1.0,1.0,50.47122,0.0
90.99377,276.01254,3.0,77.0,43.32133,0.0,0.0,100.0,37.29504,6.0,6.0,43.26437,1.0,22.0,1.0,5.0,4.0,1.0,-8.0,0.35330465,1.0,0.0,0.2434908,0.0
70.0,183.75667,6.0,60.520706,20.0,0.0,0.0,100.0,-7.0,7.0,8.0,14.0,2.0,28.0,-8.0,0.0,0.0,27.501217,50.976543,2.0,2.0,1.0,48.867294,0.0
85.73415,171.98105,7.0,84.0,21.0,0.0,0.0,100.0,-7.0,7.0,8.0,4.498053,2.0,52.98931,0.0,1.0,1.0,1.0,-8.0,2.0,1.0,0.0,82.75439,0.0
84.764885,227.44008,48.793476,144.70634,14.0,0.0,0.0,100.0,-7.0,7.0,8.0,15.0,0.0,18.0,-8.0,0.0,0.0,37.48542,-8.0,4.0,1.0,0.0,60.0,0.0
86.3368,373.44385,5.0,104.38876,22.0,0.0,0.0,100.0,-7.0,7.0,8.0,29.448858,1.0,61.128433,17.566051,0.0,0.0,0.0,84.01601,1.0,2.0,0.0,50.0,0.0
69.64111,254.93428,5.0127215,81.22107,12.0,2.4664056,3.9772384,80.531136,16.953072,6.0,-9.0,10.0,2.0,31.0,0.0,2.0,2.0,0.0,-8.0,1.0,1.0,0.0,50.0,0.0
79.0,153.36624,6.0,60.374596,25.0,0.0,0.0,100.0,-7.0,7.0,8.0,24.0,2.0,22.0,0.0,0.0,0.0,14.517646,45.14452,2.0,1.0,0.0,44.309223,0.0
72.45915,137.04568,1.8954426,76.59471,36.0,0.0,0.0,95.026955,36.08382,6.0,6.0,33.310932,2.0,43.93382,0.0,2.0,2.0,37.675583,72.37857,5.0,4.0,3.0,70.48928,0.0
79.775375,141.61563,13.494637,73.97702,21.76366,0.0,0.0,100.0,-7.0,7.0,8.0,21.0,0.0,60.513443,0.0,0.0,0.0,2.1304588,76.541695,2.0,6.0,0.0,86.0,0.0
83.0,195.31285,11.0,80.0,20.0,0.0,0.0,100.0,-7.0,7.0,8.0,19.0,1.0,34.947918,12.0,1.0,0.9284875,0.9124881,-8.0,0.91800207,1.0,0.0,33.0,0.0
69.0,187.32431,3.0,74.23201,17.0,0.0,0.0,88.0,3.8056567,4.0,6.0,24.0,1.0,55.42595,0.0,4.0,4.0,68.372406,61.738018,3.0,3.0,0.0,83.0,0.0
71.0,177.36592,5.0,85.82265,29.0,2.0,1.7819306,100.0,-7.0,4.934704,8.0,34.94378,1.0,62.930737,1.0,2.0,2.0,12.245525,84.02523,2.0,6.0,0.0,67.23796,0.0
79.0,153.22844,20.0,59.823536,5.413159,0.0,0.0,100.0,-7.0,7.0,8.0,11.0,0.0,29.0,0.0,0.0,0.0,0.0,-8.0,0.0,1.0,0.0,63.0,0.0
78.0,137.75229,7.0,43.919624,27.584175,0.0,0.0,100.0,-7.0,7.0,8.0,22.425467,2.0,24.0,12.0,0.0,0.0,14.0,72.40007,2.0,2.0,0.0,40.027367,0.0
82.0,399.17093,35.225388,121.43245,17.0,0.0,0.0,100.0,-7.0,7.0,8.0,23.0,0.0,31.0,0.0,0.0,0.0,14.0,64.82164,6.0,1.0,1.0,80.0,0.0
77.0,-9.0,18.02234,34.223637,16.0,0.0,0.0,100.0,-7.0,7.0,8.0,20.277325,0.0,71.5779,-8.0,0.0,0.0,77.74162,87.70738,1.0,2.0,0.0,100.0,0.0
71.91594,196.87851,8.616622,88.16377,18.0,1.9067017,1.0,86.05887,28.926527,6.0,3.0,19.0,1.0,59.117496,0.0,2.0,2.0,16.0,-8.0,1.0,3.0,0.0,90.069405,0.0
88.0,261.94296,36.11303,124.30879,5.4132843,0.0,0.0,100.0,-7.0,7.0,8.0,6.261262,0.0,21.568813,-7.0,0.0,0.0,1.0,-8.0,3.0,1.0,0.0,100.0,0.0
86.0,309.8229,4.679011,141.03825,25.0,0.0,0.0,100.0,-7.0,7.0,8.0,26.0,3.0,30.0,0.0,17.972641,17.073517,2.0,87.5203,4.0,6.0,0.0,50.0,0.0
77.01803,405.1337,4.0,269.7357,32.315598,1.0,0.0,100.0,47.51068,6.0,5.0,3.9824173,2.0,33.0,4.0,2.9445024,2.0,17.517729,40.958187,6.0,2.0,0.0,50.0,0.0
70.0,170.6542,5.0,66.0174,24.0,0.0,0.0,100.0,-7.0,7.0,8.0,24.02883,1.0,14.0,-7.0,2.0,2.0,38.59393,-8.0,6.0,1.0,2.0,50.003757,0.0
82.489296,127.979706,3.0,86.24579,16.0,0.0,0.0,100.0,-7.0,7.0,8.0,22.29046,2.0,22.0,3.0,2.0,2.0,6.0,81.75696,7.463874,3.0,0.0,67.0,0.0
77.0,191.63861,10.0,65.603386,19.0,0.0,0.0,100.0,-7.0,7.0,8.0,21.0,2.0,11.82314,-7.0,1.0,1.0,25.15128,12.062793,6.0,1.0,0.0,52.043644,0.0
69.0,231.10472,-2.6659899,84.74121,12.0,0.0,0.0,88.672775,11.574028,1.5680586,6.0,15.0,2.0,68.00638,2.0,4.0,3.0,42.28876,80.0,2.0,6.0,1.0,100.0,0.0
-9.0,-9.0,-9.0,-9.0,-9.0,-9.0,-9.0,-9.0,-9.0,-9.0,-9.0,-9.0,-9.0,-9.0,-9.0,-9.0,-9.0,-9.0,-9.0,-9.0,-9.0,-9.0,-9.0,0.0
82.0,200.90532,36.97008,105.59222,22.0,0.0,0.0,100.0,-7.0,7.0,8.0,23.0,0.0,13.555781,-8.0,0.0,0.0,10.4677,-8.0,2.0,1.0,0.0,30.732695,0.0
82.0,198.92944,28.13442,204.46649,13.0,0.0,0.0,100.0,-7.0,7.0,8.0,15.0,0.0,46.0,0.0,1.0,1.0,52.46743,-8.0,2.0,1.0,0.0,75.70769,0.0
90.0,258.63156,7.9753456,111.17137,12.325385,0.0,0.0,100.0,-7.0,7.0,8.0,15.0,1.0,13.962843,-7.0,0.0,0.0,0.6953482,-8.0,2.0,1.0,0.0,38.0,0.0
82.0,269.29312,5.0,147.45952,13.0,0.0,0.0,92.0,35.153603,6.0,6.0,19.0,1.0,22.0,16.0,1.0,1.0,8.0,-8.0,3.0,2.0,0.0,67.0,0.0
68.0,221.23874,3.0,95.77388,20.0,1.0,0.0,77.449776,16.879433,6.0,5.0,21.0,1.0,18.0,16.0,0.0,0.0,31.72241,75.4627,7.494389,2.0,0.0,88.0,0.0
81.0,208.43059,7.0,97.0,32.0,0.0,0.0,100.0,-7.0,7.0,8.0,34.0,2.0,50.0,0.0,3.0,2.9969115,36.0,56.2974,3.0,2.0,1.0,56.127144,0.0
69.0,281.43134,7.0,73.313286,23.0,1.0,1.0,100.0,-7.0,7.0,8.0,21.0,1.2842541,50.0,0.0,0.0,0.0,8.0,77.01922,5.0,4.0,0.0,71.80839,0.0
83.0,373.81122,12.0,190.95044,7.5280213,0.0,0.0,100.0,-7.0,7.0,8.0,10.87255,1.0,24.193943,-8.0,0.0,0.0,40.907463,39.34667,3.0,2.0,0.0,97.30399,0.0
62.0,339.16934,2.0,101.91688,14.0,1.0,0.0,84.43035,-7.0,1.2919148,5.0,15.0,3.0,20.0,5.459412,1.0,1.0,40.95119,87.50532,5.0,2.0,2.0,67.0,0.0
89.0,347.68564,7.2998853,103.03651,19.0,0.0,0.0,100.0,-7.0,7.0,8.0,19.0,1.0,64.671524,0.0,0.0,0.0,0.0,82.85572,1.0,2.0,0.0,41.838345,0.0
75.712425,232.64236,8.188138,83.36298,23.0,0.0,0.0,100.0,-7.0,7.0,8.0,24.0,2.0,21.0,0.0,0.0,0.0,18.92289,21.436958,4.0,2.0,1.1652405,50.0,0.0
85.0,266.1141,1.1005095,89.91041,19.0,0.0,0.0,100.0,-7.0,7.0,8.0,22.0,1.0,55.173313,1.0,0.0,0.0,21.110273,-8.0,2.0,1.0,0.0,83.940475,0.0
78.0,320.37863,8.0,69.74224,19.0,0.0,0.0,85.97946,49.898914,6.0,6.0,25.0,2.0,33.0,5.3004985,0.0,0.0,28.0,-8.0,3.0,2.0,0.0,60.0,0.0
78.0,245.46758,3.0,73.58111,24.783758,0.0,0.0,97.0,69.75043,6.0,6.0,24.201113,4.0,43.626957,1.0,1.0,1.0,12.463769,82.9379,6.0,3.0,0.0,63.0,0.0
71.0,356.5704,6.9303503,108.813225,45.78785,0.0,0.0,97.0,63.436546,6.0,6.0,42.59796,1.0,28.0,0.0,0.0,0.0,58.506737,91.0,7.0,6.3299503,3.0,67.0,0.0
82.0,56.958866,2.0,63.40508,14.0,0.0,0.0,100.0,-7.0,7.0,8.0,-9.0,1.0,26.0,1.0,4.0,4.0,13.0,-8.0,1.0,-0.47685355,0.0,50.0,0.0
69.0,315.25754,11.526955,145.48569,28.0,1.0,1.0,96.0,-7.0,3.1216106,6.0,30.0,0.0,25.0,-7.0,0.0,0.0,28.514883,50.376755,3.0,1.0,1.0,37.514908,0.0
72.0,174.3972,5.0,81.50911,26.0,1.0174699,1.0,91.21795,2.0,1.3380493,4.0,26.0,4.0,26.538057,0.0,1.0,1.0,1.0,-8.0,4.0,1.0,0.0,33.0,0.0
74.0,186.30278,5.0,95.286545,25.0,0.0,0.0,100.0,-7.0,7.0,8.0,31.0,2.0,33.0,0.0,2.0,1.9409012,25.83388,43.226677,4.0,6.274332,1.0,60.0,0.0
82.76455,341.67557,5.0,129.67975,22.0,0.0,0.0,92.063805,36.280666,6.0,6.0,25.0,2.0,32.0,5.0,0.0,0.0,9.0,-8.0,7.0,1.0,0.0,58.0,0.0
62.139713,389.26245,14.497657,106.10986,15.0,2.0,2.0,77.50572,-7.0,4.0,2.5338671,13.0,0.0,22.730806,0.0,2.0,2.0,59.44359,61.647263,6.927664,2.0,2.0,67.0,0.0
62.0,158.15599,0.52964675,61.0,30.924507,1.0,0.0,88.0,21.11562,6.0,5.0,19.0,10.9656515,-9.0,0.0,3.0,3.0,28.668028,99.20394,7.0,2.0,0.0,47.87367,0.0
70.0,190.2273,5.0,77.80281,13.0,1.2112483,2.0,96.0,78.742035,6.0,3.0,15.897256,2.0,23.663614,2.0,2.0,2.0,80.7095,-8.0,6.2392774,1.0,1.0,100.0,0.0
88.0,292.2129,20.01415,103.58501,22.0,0.0,0.0,100.0,-7.0,7.0,8.0,32.0,0.0,10.785576,-7.0,1.0,0.3302554,1.0,-8.0,3.0,1.0,0.0,49.71235,0.0
78.596535,228.02203,2.0,90.0,30.0,0.0,0.0,100.0,-7.0,7.0,8.0,26.0,2.0,25.0,2.0,0.0,0.0,31.286322,-8.0,2.0,1.0,0.19341636,41.451344,0.0
75.0,154.56407,6.0,70.91662,28.279625,0.0,0.0,96.0,25.301044,6.0,6.0,29.0,1.0,21.0,9.774769,0.0,0.0,5.165656,97.810036,5.0,3.0,0.0,47.95909,0.0
90.0,388.41684,9.0,200.25626,25.0,0.0,0.0,96.0,54.75975,6.0,6.0,35.016163,1.0,29.0,1.0,0.0,0.0,4.0,-8.0,2.0,3.0,0.0,26.357716,0.0
86.0,364.98175,5.920019,119.745346,24.348574,0.0,0.0,100.0,-7.0,7.0,8.0,27.397345,2.0,38.26504,0.0,1.0,1.0,5.8292556,96.80905,2.0,3.0,0.0,44.0,0.0
64.48708,234.1689,15.0,77.21551,35.200344,0.0,0.0,96.0,3.006042,-9.0,6.0,32.0,0.0,25.317652,22.952885,0.0,0.0,16.0,55.197987,1.0,3.0,0.0,50.41737,0.0
77.0,274.7191,10.0,99.86163,25.4264,1.0,1.0,94.43691,34.13062,6.0,3.0,27.0,1.0,38.0,-7.0,0.0,0.0,9.0,-8.0,4.0,2.0,0.0,80.0,0.0
66.70125,86.42987,2.0,18.543922,15.0,0.0,0.0,89.0,1.0,4.0,6.0,15.0,7.962208,26.014618,0.0,2.0,2.0,29.23689,71.509476,2.0,2.0,1.0,30.594847,0.0
70.0,140.66328,3.0,59.240765,38.39291,0.0,0.0,95.0,23.31758,6.0,6.0,38.311733,1.0,45.191677,0.0,1.0,1.0,26.58878,-8.0,7.0,4.0,0.0,71.0,0.0
73.0,172.0245,1.0,67.46367,13.0,1.0,1.0,100.0,-7.0,7.0,8.0,17.0,3.0,44.0,-4.904906,2.0,2.0,2.893058,1.7976965,2.0,2.0,0.0,60.0,0.0
-9.0,90.75059,0.03707285,54.691475,37.976276,2.0,3.3642216,86.6708,1.1210392,-2.3842027,2.0,32.0,3.0,19.0,-6.821575,2.0,2.0,32.45125,86.778595,6.0,2.0,0.0,55.293,0.0
75.0,261.87793,5.0,77.0,42.00875,0.0,0.0,96.0,39.70689,6.0,6.0,47.814625,4.0,28.0,12.703921,0.0,0.0,26.515985,32.941246,4.0,3.0,0.0,79.22017,0.0
77.0,414.46976,11.724481,184.0898,32.0,1.0,1.0,100.0,-7.0,6.0,8.0,31.883781,0.0,2.3053815,0.0,0.0,0.0,3.0,-8.0,7.0,1.0,3.0,57.0,0.0
83.0,192.42955,6.0,76.0,20.0,0.0,0.0,100.0,-7.0,7.0,8.0,15.0,2.0,44.0,0.0,4.0,4.0,29.375418,-8.0,2.0,2.0,2.0,43.0,0.0
65.0,153.74466,2.0,84.0,48.79462,1.9401046,0.0,88.0,18.879282,6.0,4.9098825,50.281395,4.0,22.384705,1.0,2.0,2.0,61.067844,46.375927,5.0,3.0,1.0,67.0,0.0
86.0,85.5487,17.939943,55.123993,9.0,0.0,0.0,100.0,-7.0,7.0,8.0,9.0,0.0,58.13946,-7.0,1.0,0.0,6.09043,56.015347,2.0,6.0,0.0,80.32731,0.0
68.0,365.30988,10.0,111.22174,32.0,0.0,0.0,91.12588,47.122272,6.0,6.0,31.713943,1.0,29.0,-7.0,0.577779,0.0,53.163162,90.97981,9.0,2.0,2.0,75.46622,0.0
81.0,216.08557,24.604069,114.74962,16.06328,0.0,0.0,100.0,-7.0,7.0,8.0,18.0,1.0,25.0,-8.0,2.0,1.0,4.906139,-8.0,5.0,-8.0,0.0,80.0,0.0
84.0,318.39444,30.27668,123.77716,12.0,0.0,0.0,100.0,-7.0,7.0,8.0,12.554943,0.0,19.0,-7.0,0.0,0.0,13.072475,-8.0,1.0,1.0,0.0,36.501865,0.0
75.0,173.23009,3.0,65.254906,14.0,0.0,0.0,100.0,-7.0,7.0,8.0,19.0,1.366959,33.8257,0.0,0.0,0.0,64.474754,-8.0,4.0,1.0,2.0,80.0,0.0
84.4901,186.06952,3.0,70.0,9.0,0.0,0.0,100.0,-7.0,7.0,8.0,11.0,1.8876183,27.0,0.0,3.602579,4.0,22.93408,35.710182,4.0,2.0,0.0,64.0,0.0
91.14208,437.2714,21.345266,145.0251,20.0,0.0,0.0,100.0,-7.0,7.0,8.0,10.249278,0.0,2.8028476,-8.0,0.0,0.0,0.0,-8.0,3.0,-8.09565,0.0,27.503727,0.0
78.60885,410.01776,6.0,115.64047,21.0,0.0,0.0,92.66456,31.939287,6.0,6.0,22.0,1.0,55.26157,5.0,0.0,0.0,5.0,-8.0,4.0,2.0,1.0,67.0,0.0
84.0,385.21045,32.81172,119.32055,18.0,0.0,0.0,100.0,-7.0,7.0,8.0,19.172403,0.0,54.1671,0.0,0.0,0.0,9.831801,-8.0,3.0,2.0,0.0,77.31232,0.0
83.0,184.10048,6.0,92.0,18.0,0.0,0.0,100.0,-7.0,7.0,8.0,18.0,1.0,46.443485,4.0,0.0,0.0,27.182371,-8.0,1.0,-5.3225265,1.0,40.0,0.0
69.0,293.23074,13.0,257.9557,15.0,4.4530625,4.136116,77.35339,6.9288354,4.0,3.0,19.0,0.0,20.0,3.0,0.0,0.0,3.0,-8.0,2.0,1.0,0.0,73.0,0.0
76.0,153.7997,4.0,71.207596,14.277545,1.0,2.0,100.0,-7.0,7.0,8.0,17.0,2.0,65.14031,-7.0,3.5117435,3.6679597,1.0,85.896,1.0,4.8319106,0.0,88.0,0.0
85.0,122.06166,36.840687,75.83246,16.0,0.0,0.0,100.0,-7.0,7.0,8.0,19.0,0.0,20.0,0.0,2.0,2.0,1.0,-8.0,1.0,2.0,0.0,40.0,0.0
87.0,111.214294,5.0,71.0,48.68648,0.0,0.0,100.0,-7.0,7.0,8.0,63.47098,1.0,17.0,18.004766,0.0,0.0,2.0,31.169945,1.0,2.0,0.0,21.416286,0.0
84.89892,195.28175,3.0,103.9984,33.106033,0.0,0.0,100.0,-7.0,7.0,8.0,38.012512,1.0,33.626225,2.0,2.0,2.0,10.0,81.59844,2.0,3.0,0.0,58.933163,0.0
92.07558,187.73967,22.338259,135.34581,16.0,0.0,0.0,100.0,-7.0,7.0,8.0,18.824385,0.0,16.0,5.1833334,0.0,0.0,0.33639762,-8.0,1.0,-8.0,0.0,25.0,0.0
65.0,125.92491,7.263049,76.0,22.0,0.0,0.0,100.0,-7.0,7.0,8.0,4.7654676,2.0,28.0,3.0,1.0,1.0,19.05599,-8.0,5.0,2.0,1.0,82.64037,0.0
90.0,290.6641,36.835903,307.82443,12.284076,0.0,0.0,100.0,-7.0,7.0,8.0,20.34735,0.0,-9.0,-7.0,0.0,0.0,1.0,-8.0,5.0,-8.0,0.0,55.261177,0.0
79.0,193.86555,2.0,79.0,18.0,0.0,0.0,100.0,-7.0,7.0,8.0,19.53337,2.0,23.0,-8.0,0.0,0.0,16.0,68.68976,4.0,3.0,1.0,60.0,0.0
79.0,134.25877,2.0,52.839718,12.0,0.0,0.0,100.0,-7.0,7.0,8.0,14.0,2.0,19.646614,16.918093,0.0,0.0,0.0,94.182045,1.0,2.0,0.0,43.0,0.0
-9.0,124.678276,7.0,51.825764,14.927236,3.0,2.0,72.856125,4.757,5.327007,6.0,19.388449,3.0,39.0,0.0,5.401759,5.4516363,11.0,70.97658,2.0,1.0,0.0,38.0,0.0
89.0,17.941902,13.320573,119.08511,16.0,0.0,0.0,100.0,-7.0,7.0,8.0,-9.0,1.0,7.402415,0.0,2.0,1.9737085,0.0,-8.0,2.0,1.0,0.0,14.531669,0.0
67.0,121.712006,3.0,63.00902,15.0,2.5654142,2.0,74.183556,22.147419,6.0,-2.7954853,17.164886,1.0,8.0335245,0.0,3.0,3.0,38.110073,-8.0,3.0,1.0,0.0,47.258682,0.0
76.0,447.10684,2.0,83.86049,30.0,0.0,0.0,97.0,3.119849,5.8718085,6.0,31.0,2.0,20.0,0.0,4.0,4.0,1.7742591,-8.0,1.0,2.0,0.0,36.931534,0.0
88.84528,203.26009,2.367714,98.06494,12.328854,0.0,0.0,100.0,-7.0,7.0,8.0,13.0,2.0,62.61709,-7.0,0.0,0.0,3.0,77.0472,2.0,3.0,0.0,60.0,0.0
87.0,211.94914,16.0,142.2911,14.0,0.0,0.0,100.0,-7.0,7.0,8.0,4.6485233,0.0,-9.0,-7.8190994,1.0,1.0,12.0628195,-8.0,4.0,-9.0,0.0,40.957355,0.0
71.0,225.54475,4.2128935,42.67054,34.0,0.0,0.0,100.0,-7.0,7.0,8.0,34.0,8.825197,36.0,0.0,4.8028316,5.0,21.0,99.42164,8.0,5.0266013,1.0,75.0,0.0
79.0,214.7265,2.0,107.56101,39.02061,0.0,0.0,97.0,57.158398,6.0,6.0,43.96052,3.0,34.038197,0.0,5.175379,5.8272953,7.426274,87.54554,7.0,5.0,0.0,60.0,0.0
90.0,159.80014,3.0,81.10614,13.96214,0.0,0.0,100.0,-7.0,7.0,8.0,4.61116,2.0,55.998253,1.0,1.0,1.0,2.0,-8.0,1.0,1.0,0.0,60.517452,0.0
62.0,336.25772,6.0,68.0,27.0,4.634163,3.8909914,68.43496,6.61328,6.0,2.0,27.869612,2.0,24.286139,0.0,1.0,1.0,27.463018,28.522255,3.6447654,2.0,3.0,40.0,0.0
77.0,216.9425,4.0,79.183395,51.021484,0.0,0.0,100.0,-7.0,7.0,8.0,41.018993,2.0,14.672499,-7.0,0.0,0.0,13.0,76.2769,3.0,2.0,2.0,25.0,0.0
74.0,190.86041,21.409256,75.09157,21.0,0.0,0.0,100.0,-7.0,7.0,8.0,26.0,0.0,49.368458,23.17444,0.0,0.0,51.0467,91.0,3.0,5.5236306,1.0,70.43979,0.0
79.699844,115.865326,1.0,64.99543,26.534794,0.0,0.0,100.0,-7.0,7.0,8.0,35.376335,2.0,20.0,7.5221076,1.0,1.0,17.0,-8.0,2.0,1.0,1.0,35.789627,0.0
82.0,264.67636,1.0,84.0,38.5601,0.0,0.0,100.0,-7.0,7.0,8.0,37.246113,5.0,61.167328,-7.0,5.382242,5.014999,23.356709,85.02801,4.0,7.2966948,0.0,85.011536,0.0
72.0,75.40242,2.0,37.611076,17.47503,0.0,0.0,100.0,-7.0,7.0,8.0,17.0,3.0,21.40814,0.0,3.0,3.0,30.178331,-8.0,2.0,1.0,2.0,33.0,0.0
80.124855,126.61062,11.0,79.0,15.0,0.0,0.0,100.0,-7.0,7.0,8.0,12.0,0.0,33.0,0.0,1.0,1.0,29.134832,76.0,3.0,1.0,1.0,59.743687,0.0
65.0,191.12114,22.181475,84.0,30.0,1.0,0.0,92.0,12.723637,5.0,3.0,39.721855,0.0,20.392176,0.0,0.0,0.0,64.27373,-8.0,4.0,1.0,3.571993,36.420315,0.0
68.0,173.58012,15.0,111.479836,-9.0,1.0,2.0777059,84.73099,33.45257,6.0,-9.0,2.5823443,0.0,8.112558,0.0,3.0,2.4333382,87.96015,-8.0,2.0,-9.0,2.0,100.0,0.0
78.0,48.93218,17.434822,50.70704,-9.0,0.0,0.0,100.0,-7.0,7.0,8.0,8.0,0.0,20.48214,0.0,0.0,0.0,76.931,-8.0,2.0,1.0,0.0,83.2132,0.0
89.0,188.5863,2.0,77.0,11.0,0.0,0.0,100.0,-7.0,7.0,8.0,10.0,1.0,25.173332,0.0,1.0,1.0,2.0,70.361786,1.0,1.0,0.0,33.0,0.0
71.0,139.95651,4.0,17.849955,26.0,0.0,0.0,100.0,-7.0,7.0,8.0,33.0,3.0,31.202887,0.0,4.0,4.0,22.72351,75.564316,3.0,3.0,1.4917284,59.717766,0.0
72.150505,225.41667,15.0,93.7066,42.467255,0.0,0.0,100.0,-7.0,7.0,8.0,49.344078,0.0,19.0,8.803083,1.3001654,1.0,16.593323,-8.0,9.446341,2.0,2.0,56.0,0.0
-9.0,-9.0,-9.0,-9.0,-9.0,-9.0,-9.0,-9.0,-9.0,-9.0,-9.0,-9.0,-9.0,-9.0,-9.0,-9.0,-9.0,-9.0,-9.0,-9.0,-9.0,-9.0,-9.0,0.0
69.0,102.16703,3.0,50.834843,17.27942,0.0,0.0,85.24422,40.064762,6.0,6.0,17.673061,3.0,38.0,0.0,0.0,0.0,66.76752,74.667435,4.0,2.0,1.0,66.313484,0.0
81.689354,178.72845,4.0,73.14094,25.0,0.0,0.0,100.0,-7.0,7.0,8.0,24.0,1.0,23.881079,1.084465,1.0,1.0,5.93428,21.473543,4.0,4.0,0.0,56.0,0.0
86.0,176.92917,24.354967,83.19572,20.0,0.0,0.0,100.0,-7.0,7.0,8.0,19.0,0.0,55.283226,10.570762,0.0,0.0,22.53897,-8.0,1.0,2.0,0.0,53.030834,0.0
73.29263,378.16226,-9.0,137.75946,41.72138,0.0,0.0,100.0,-7.0,7.0,8.0,51.668945,1.0,22.0,-7.0,2.0,1.0,14.226984,-8.0,9.815883,3.0,2.0,53.722485,0.0
87.157166,186.39569,8.0,107.8077,14.0,0.0,0.0,100.0,-7.0,7.0,8.0,9.0,2.1612604,24.548443,3.0,0.0,0.0,4.9780626,-8.0,3.0,-9.0,0.0,33.0,0.0
85.63164,170.7377,3.2220712,74.0,23.244394,0.0,0.0,100.0,-7.0,7.0,8.0,28.0,1.7801417,55.522255,0.0,0.0,0.0,9.0,100.0,2.0,2.0,0.0,80.39941,0.0
83.0,228.79976,13.178274,115.61398,27.0,0.0,0.0,98.0,38.545452,6.0,6.0,41.48632,0.0,31.0,0.0,1.0,1.0,8.0,51.888477,3.0,3.0,0.0,53.101532,0.0
73.0,211.20268,7.0,91.40064,25.0,0.0,0.0,88.810234,24.491783,6.0,6.0,21.091618,1.0,28.0,0.0,0.0,0.0,58.059437,54.56832,3.0,1.0,0.0,58.0,0.0
46.188072,182.76799,3.0,49.103092,22.0,0.0,0.0,89.0,-7.0,4.0,6.0,26.0,2.0,48.960377,1.0,2.0,2.0,69.42905,43.919746,7.0,3.0,2.0,100.0,0.0
86.0,199.05011,35.05284,111.641396,13.0,0.0,0.0,100.0,-7.0,7.0,8.0,17.0,0.0,14.897668,-7.7622824,0.0,0.0,12.913746,-8.0,2.0,1.0,0.0,60.0,0.0
65.0,165.50343,2.0,81.929634,28.0,1.0,1.0,92.0,5.3569784,6.0,3.0,40.38029,1.0,33.0,0.0,3.0,2.4547231,66.32457,39.564976,9.0,2.0,3.0315964,80.0,0.0
75.0,139.92282,4.0,50.56387,34.754124,0.0,0.0,98.0,41.4385,6.0,6.0,41.802814,5.0,36.0,1.0,3.0,3.0,33.34904,87.72858,4.0,4.0,2.0,63.565,0.0
82.0,211.96718,8.0,87.06167,42.264614,0.0,0.0,97.0,68.144745,6.0,6.0,45.026726,1.0,25.0,-7.0,0.0,0.0,11.0,91.66454,3.0758808,2.0,0.0,33.0,0.0
73.0,313.97913,15.0,116.65893,4.201446,0.0,0.0,83.01105,6.7880516,6.0,6.0,4.6743827,0.0,41.0,0.0,0.0,0.0,33.19333,-8.0,1.0,1.0,-9.0,75.0,0.0
76.0,279.14203,2.0,80.54103,21.511728,0.0,0.0,89.58041,51.08576,6.0,6.0,21.442312,3.0,26.0,0.0,3.1299295,3.6702383,23.769964,77.22865,3.0,1.0,0.0,56.370434,0.0
88.48584,313.08627,10.0,134.71365,33.78624,0.0,0.0,100.0,-7.0,6.0,8.0,29.380146,2.0,34.532505,0.0,0.0,0.0,6.142445,91.394745,2.0,3.0,0.0,45.792156,0.0
76.0,435.98077,3.0,120.98042,18.0,1.0,1.0,96.0,42.702694,6.0,4.0,19.0,2.0,60.293285,3.0,1.0,1.0,28.890095,77.68115,4.0,4.0,0.0,75.32643,0.0
69.0,374.014,5.0,126.19549,23.0,0.0,0.0,89.220215,1.8876368,4.0,6.0,24.0,2.0,26.421207,0.0,1.0,1.0,13.744314,57.31006,7.098231,2.0,1.0,69.41905,0.0
-9.0,-9.0,-9.0,-9.0,-9.0,-9.0,-9.0,-9.0,-9.0,-9.0,-9.0,-9.0,-9.0,-9.0,-9.0,-9.0,-9.0,-9.0,-9.0,-9.0,-9.0,-9.0,-9.0,0.0
80.0,153.27925,6.0,122.08327,39.307785,0.0,0.0,94.56802,36.660854,6.0,6.0,36.767803,1.0,19.0,-7.0,0.0,0.0,16.0,75.04034,5.0,2.0,0.0,47.894333,0.0
85.50677,347.60886,23.466343,305.31754,23.0,0.0,0.0,96.03389,56.5205,6.0,6.0,24.0,0.0,20.0,7.0,0.0,0.0,0.0,-8.0,1.0,1.0,0.0,14.405624,0.0
84.3488,197.5637,11.8236265,86.760475,28.0,0.0,0.0,95.01773,26.218147,6.0,6.0,31.0,1.0,60.539013,0.0,1.0,1.5158492,4.0,24.399178,1.0,3.0,0.0,50.0,0.0
83.0,198.02393,1.9923592,80.0,25.358154,0.0,0.0,97.542,60.91389,6.0,6.0,30.0,4.333471,42.0,7.0,3.0,2.0,1.0,96.97705,2.0,3.0,0.0,50.0,0.0
75.0,50.627224,6.0,109.9884,12.0,1.0,0.0,91.69634,78.230995,6.0,2.0,0.6240427,1.0,38.0,10.611169,0.0,0.0,39.163002,63.016315,5.0,1.0,0.0,100.0,0.0
69.0,82.807144,4.0,47.225388,17.0,2.4060352,0.0,87.38529,10.772792,6.0,2.0,24.0,3.0,36.0,0.0,0.0,0.0,9.0,70.7516,2.0,2.0,0.0,43.0,0.0
87.9622,367.65997,11.0,136.59108,20.0,0.0,0.0,100.0,-7.0,7.0,8.0,0.6171043,0.0,27.0,18.090431,1.0,0.0,11.0,94.17602,2.0,2.0,0.0,45.29208,0.0
87.0,129.14682,2.0,55.15836,12.0,0.0,0.0,94.0,21.82389,6.0,6.0,14.866729,2.0,25.0,0.0,1.0,1.0,1.0,-8.0,3.0,1.0,0.0,56.0,0.0
84.18012,263.8705,17.273417,98.613594,30.80464,0.0,0.0,100.0,-7.0,7.0,8.0,28.0,0.0,40.831028,0.0,2.0,2.0,28.177322,-8.0,5.0,-8.0,0.0,50.0,0.0
83.0,439.10925,2.0,135.70743,39.0,0.0,0.0,100.0,-7.0,7.0,8.0,36.58995,1.0,14.0,-7.0,0.0,0.0,2.0,45.65603,2.0,2.0,0.0,24.169312,0.0
85.0,206.6935,6.537094,90.0,42.798927,0.0,0.0,100.0,-7.0,7.0,8.0,44.83115,2.0,41.677887,0.0,5.7265754,5.768097,4.0,-8.0,3.0,-8.0,0.0,40.972675,0.0
82.0,143.20345,15.0,81.012085,18.0,0.0,0.0,100.0,-7.0,7.0,8.0,24.0,0.0,32.63231,-7.0,0.0,0.0,33.21749,-8.0,3.0,1.0,1.0,50.0,0.0
78.0,362.9249,3.0,126.09292,25.0,0.0,0.0,100.0,-7.0,7.0,8.0,30.0,1.0,8.188156,2.0,0.0,0.0,36.0,58.203255,6.0,1.1767312,2.0,45.541817,0.0
86.0,367.5269,6.0,164.96254,12.790501,0.0,0.0,83.42679,24.551968,6.0,6.0,14.0,1.0,63.447323,12.995408,0.0,0.0,1.0,17.392815,1.0,2.0,0.0,66.95934,0.0
74.0,182.39131,8.0,58.47519,18.0,0.0,0.0,100.0,-7.0,7.0,8.0,24.0,0.0,25.0,15.685805,0.0,0.0,45.31238,97.566765,3.0,2.0,1.0,90.581116,0.0
83.78084,131.21272,2.0,58.0,27.0,0.0,0.0,100.0,-7.0,7.0,8.0,28.0,2.0,15.0,0.0,0.0,0.0,10.0,98.45967,6.0,1.0,0.0,60.0,0.0
64.7689,140.63005,1.0,54.660168,20.0,0.0,0.0,100.0,-7.0,7.0,8.0,23.0,5.0,42.98637,-7.8737073,10.199618,7.905637,83.97888,-8.0,9.206559,4.0,5.141304,81.8598,0.0
83.0,177.40677,2.0,81.38984,32.761875,0.0,0.0,100.0,-7.0,7.0,8.0,44.490185,3.1752322,68.409874,-7.0,2.0,2.0,17.966208,100.0,2.0,4.0,0.0,83.0,0.0
83.423965,265.66318,7.0,65.0,22.0,0.0,0.0,100.0,-7.0,7.0,8.0,29.0,1.0,14.0,0.0,2.0,2.0,5.1024065,91.220764,6.0,2.0,0.0,66.91632,0.0
80.0,190.26065,3.0,75.0,24.69824,0.0,0.0,100.0,-7.0,7.0,8.0,25.0,3.0,33.0,6.9696183,2.0,1.0,22.9417,-8.0,4.385723,1.0,0.0,88.0,0.0
86.0,329.48477,-9.0,78.370346,32.774277,0.0,0.0,100.0,-7.0,7.0,8.0,31.347103,3.0,18.0,2.0,1.0,1.0,0.0,71.0,5.0,2.0,0.0,45.935966,0.0
87.0,177.18971,7.0,80.73623,21.0,0.0,0.0,100.0,-7.0,7.0,8.0,25.0,1.0,14.861044,8.0,0.0,0.0,6.0,-8.0,2.0,1.0,0.0,33.0,0.0
62.0,226.11266,2.0,52.205536,47.7193,1.0,0.0,94.0,23.7861,6.0,5.0,62.70555,7.7024355,33.0,0.0,5.0,4.0,43.591396,66.22869,11.0,4.0,2.0,80.0,0.0
86.0,219.24915,12.507015,142.41513,22.0,0.0,0.0,100.0,-7.0,7.0,8.0,27.0,0.0,31.0,-8.0,0.0,0.0,9.929062,46.274715,3.0,2.0,0.0,60.0,0.0
87.0,213.16948,7.618386,93.0,41.228725,0.0,0.0,100.0,-7.0,7.0,8.0,55.59081,2.0,22.0,0.0,0.0,0.0,1.0,50.813675,2.0,3.0,0.0,44.049763,0.0
72.0,234.31778,4.0,66.85044,19.0,0.0,0.0,93.16759,-7.0,-8.816104,6.0,22.0,3.0,41.3322,0.0,0.0,0.0,1.3177817,22.919935,3.0,3.0,1.0,70.0,0.0
-9.0,-9.0,-9.0,-9.0,-9.0,-9.0,-9.0,-9.0,-9.0,-9.0,-9.0,-9.0,-9.0,-9.0,-9.0,-9.0,-9.0,-9.0,-9.0,-9.0,-9.0,-9.0,-9.0,0.0
88.43719,170.09789,2.0,58.0,15.0,0.0,0.0,100.0,-7.0,7.0,8.0,18.0,2.0,38.0,0.0,1.0,1.0,12.422574,21.958107,2.0,2.0,0.0,75.0,0.0
73.0,98.87647,6.0,57.28686,13.0,0.0,0.0,100.0,-7.0,7.0,8.0,15.0,1.0,28.0,1.0,2.0,2.0,39.097954,85.10686,5.0,2.0,0.0,75.0,0.0
71.0,191.22528,6.0,73.15961,42.312744,0.0,0.0,100.0,-7.0,7.0,8.0,46.69268,2.0,24.0,22.52535,0.0,0.0,59.437916,-8.0,7.4779487,2.0,3.0,53.318233,0.0
-9.0,-9.0,-9.0,-9.0,-9.0,-9.0,-9.0,-9.0,-9.0,-9.0,-9.0,-9.0,-9.0,-9.0,-9.0,-9.0,-9.0,-9.0,-9.0,-9.0,-9.0,-9.0,-9.0,0.0
84.0,276.0046,1.0,98.009964,23.014616,0.0,0.0,94.0,30.725142,6.0,5.0,22.0,3.0,24.0,1.0,1.0,1.3856623,3.0632482,-8.0,4.0,1.0,0.0,28.296242,0.0
-9.0,-9.0,-9.0,-9.0,-9.0,-9.0,-9.0,-9.0,-9.0,-9.0,-9.0,-9.0,-9.0,-9.0,-9.0,-9.0,-9.0,-9.0,-9.0,-9.0,-9.0,-9.0,-9.0,0.0
89.0,193.525,15.708443,94.07362,6.042424,0.0,0.0,100.0,-7.0,7.0,8.0,5.8294635,1.0,50.0,-8.478608,0.0,0.0,0.0,-8.0,2.0,2.0,0.0,82.463036,0.0
62.47993,322.2779,7.0,100.046295,40.019005,0.0,0.0,87.460304,24.376844,6.0,6.0,37.0,1.0,30.0,0.0,0.0,0.0,88.829544,-8.0,4.0,2.0,3.0,75.0,0.0
87.0,202.84653,3.0,80.610596,6.0,0.0,0.0,100.0,-7.0,7.0,8.0,9.0,2.0,24.0,1.0,1.0,1.0,21.416922,-8.0,0.0,1.0,0.0,46.747383,0.0
87.0,153.85616,15.134341,69.50765,17.060886,0.0,0.0,100.0,-7.0,7.0,8.0,17.894184,0.0,35.0,-7.0,0.0,0.0,8.852584,-8.0,2.0,2.0,0.0,65.590416,0.0
72.0,139.76237,14.482035,83.77344,27.0,0.0,0.0,100.0,46.36748,6.0,6.0,24.0,0.0,46.0,-8.0,0.0,0.0,46.198296,-8.0,4.754546,2.0,2.0,67.0,0.0
62.0,-7.9370036,2.0,53.417274,6.377162,0.0,0.0,70.211784,24.908777,6.0,6.0,-4.564935,4.0,35.98434,-7.0,2.0,2.0,62.39439,-8.0,3.0,1.0,4.0,99.79164,0.0
76.68982,73.554535,6.0,67.97647,22.0,0.0,0.0,100.0,-7.0,7.0,8.0,16.0,2.0,21.0,-7.0,0.0,0.0,24.46108,84.00492,5.0,2.0,1.0,57.487583,0.0
64.68657,204.29768,8.0,131.94113,28.211788,4.0701485,2.2400918,85.34491,6.4323583,5.7432504,3.2117672,9.0,2.0,23.62075,2.2231576,4.0,3.0,32.570183,-8.0,22.618109,3.0,3.0,91.01682,0.0
71.15514,268.98077,3.0,88.4503,14.0,3.7395117,2.0101106,84.306694,25.372095,4.462367,2.0,16.0,2.0,50.0,0.0,0.0,0.0,38.764534,58.04343,3.0,1.414206,0.0,85.84273,0.0
79.0,181.6222,2.0,86.0,34.570427,0.0,0.0,100.0,-7.0,7.0,8.0,44.34507,4.0,27.0,1.0,2.0,2.0,8.0,-8.0,3.0,2.0,1.0,33.0,0.0
78.88604,181.45374,7.9371195,81.0,34.89766,0.0,0.0,100.0,-7.0,7.0,8.0,42.31845,2.0,41.0,21.454332,1.0,0.0,15.496944,89.58796,4.0,2.0,0.0,40.0,0.0
67.142654,195.23549,15.0,86.06655,13.0,2.0,1.1960913,67.65698,28.42897,6.0,5.0,17.0,0.0,26.458084,0.0,3.0,2.0,47.861687,86.93818,0.0,2.0,-9.0,47.344242,0.0
74.95102,71.58173,12.699699,64.57703,7.6855946,0.0,0.0,100.0,-7.0,7.0,8.0,10.772737,0.0,46.0,2.1805098,3.0,3.0,2.0,-8.0,-3.9025679,3.0,-9.0,80.0,0.0
85.86202,178.05853,4.0,80.0,24.0,0.0,0.0,100.0,-7.0,7.0,8.0,31.050562,1.0,33.0,1.0,2.0,2.0,11.227324,-8.0,3.0,1.0,0.0,50.0,0.0
78.0,190.60583,3.0,95.16073,36.104824,0.0,0.0,100.0,-7.0,7.0,8.0,34.685688,2.0,36.479366,-7.0,2.0,1.9542675,14.600202,45.442913,6.899459,4.0,0.0,71.0,0.0
83.37774,159.28827,1.654915,65.42157,-9.0,0.0,0.0,100.0,-7.0,7.0,8.0,7.6227646,2.0,44.442665,-7.0,1.0,0.0,39.776794,47.90149,3.0,2.0,0.0,100.0,0.0
73.0,90.23002,5.0,40.279705,20.0,0.0,0.0,100.0,-7.0,7.0,8.0,8.8161125,2.0,14.618811,8.982565,3.0,3.0,30.700123,-8.0,3.0,1.0,0.0,82.00469,0.0
83.0,191.66142,7.0,110.74533,31.0,0.0,0.0,100.0,-7.0,7.0,8.0,29.0,1.0,31.0,7.0,0.0,0.0,21.0,41.351444,2.782969,3.0,0.0,75.0,0.0
76.0,169.93933,15.0,113.0773,10.0,0.0,0.0,85.75447,44.615658,6.0,6.0,9.113927,0.0,42.04255,-7.0,0.0,0.0,60.361115,82.0,2.0,3.0,0.0,71.641525,0.0
81.0,243.13687,20.043896,103.105995,15.75688,0.0,0.0,100.0,-7.0,7.0,8.0,16.0,0.0,29.796736,0.0,4.5963154,5.0,21.0,-8.0,3.0,1.0,0.0,56.825268,0.0
80.0,346.05853,7.0,166.78961,22.0,0.0,0.0,92.0,24.674091,6.0,6.0,23.0,1.0,47.0,0.0,1.0,1.0,1.0,97.03513,1.0,3.0,0.0,49.686073,0.0
89.0,310.5857,11.0,90.0,27.986107,0.0,0.0,100.0,-7.0,7.0,8.0,29.0,0.0,26.169615,0.0,0.0,0.0,0.0,49.264923,3.0,3.0,0.0,45.25804,0.0
88.0,412.04883,35.635418,154.56718,17.959175,0.0,0.0,100.0,-7.0,7.0,8.0,23.120071,0.0,36.01584,7.0,0.0,0.0,6.0,-8.0,2.0,2.0,0.0,73.809746,0.0
76.31552,330.3355,14.0,151.28448,17.0,0.0,0.0,100.0,-7.0,7.0,8.0,20.0,0.0,33.0,4.0,0.0,0.0,32.0,-8.0,5.0,1.0,1.0,75.0,0.0
-9.0,-9.0,-9.0,-9.0,-9.0,-9.0,-9.0,-9.0,-9.0,-9.0,-9.0,-9.0,-9.0,-9.0,-9.0,-9.0,-9.0,-9.0,-9.0,-9.0,-9.0,-9.0,-9.0,0.0
78.34975,3.1012218,1.0,65.92568,10.0,0.0,0.0,100.0,-7.0,7.0,8.0,3.9786952,3.0,47.896957,-7.0,0.0,0.0,28.831648,57.95277,2.0,2.0,2.0,83.592125,0.0
64.0,162.33183,15.001232,109.25196,17.0,3.0,1.0,83.46022,18.309864,6.0,6.0,13.0,1.0,-9.0,1.0,1.0,1.0,37.88023,-8.0,7.0,1.0,1.0,50.0,0.0
85.0,178.18596,10.0,100.68925,19.0,0.0,0.0,96.0,56.522636,6.0,6.0,21.923866,2.0,27.408842,0.0,1.0,1.0,11.0,98.18266,6.0,2.0,0.0,68.77032,0.0
65.90945,66.26723,2.1142983,61.0,15.783256,1.0,1.0,66.17437,23.932081,6.0,3.0,21.0,1.0,19.580229,7.460276,1.0,1.0,42.78537,-8.0,5.0,1.0,0.0,69.60676,0.0
80.86012,372.49683,13.0,109.926414,33.0,0.0,0.0,100.0,-7.0,7.0,8.0,38.76148,2.0,36.0,3.0,0.0,0.0,17.538315,73.57501,5.0,2.0,1.0,45.377083,0.0
75.0,262.40213,3.0,124.8015,57.212437,0.0,0.0,91.0,18.577385,6.0,6.0,79.379974,2.0,27.919853,0.0,3.0,3.0,4.0,-8.0,11.592817,1.0,0.0,67.0,0.0
56.08721,158.27902,5.0,29.533901,25.0,0.0,0.0,85.14522,1.0,4.0,6.0,26.0,4.0,44.0,-7.0,0.0,0.0,50.774776,43.15811,4.0,4.0,2.0,68.39867,0.0
78.37049,301.53186,9.0,70.68027,22.503752,0.0,0.0,100.0,-7.0,7.0,8.0,28.0,3.0,12.820976,3.0,1.0,1.0,32.96844,73.184364,5.0,1.0,1.0,43.0,0.0
87.0,301.72775,13.718732,91.19797,13.0,0.0,0.0,100.0,-7.0,7.0,8.0,13.0,0.0,55.714085,2.0,1.0,1.0,13.667694,84.03128,3.0,2.0,0.0,67.0,0.0
85.0,129.9262,28.337646,77.991165,13.0,0.0,0.0,100.0,-7.0,7.0,8.0,8.13574,0.0,45.0,8.0,0.0,0.0,27.299343,-8.0,3.0,2.0,0.0,78.0,0.0
81.0,132.47128,8.0,49.547302,22.0,0.0,0.0,100.0,-7.0,7.0,8.0,31.0,4.0,14.634792,0.0,1.0,1.0,23.419,37.100185,2.0,2.0,0.0,40.0,0.0
77.0,299.28638,1.0,94.496086,22.0,0.0,0.0,97.0,37.679436,6.0,6.0,21.0,2.0,26.928003,2.0,3.0,3.0,19.0,100.0,2.0,2.0,0.0,68.108864,0.0
86.0,243.72592,3.0,99.75832,5.7498426,0.0,0.0,100.0,-7.0,7.0,8.0,9.0,0.0,33.152332,0.0,0.0,0.0,0.0,97.96522,-9.0,2.0,0.0,25.0,0.0
87.0,154.91795,1.0,67.0,12.0,0.0,0.0,100.0,-7.0,7.0,8.0,8.0,2.0,35.0,-7.0,1.0,1.0,7.14429,73.18401,1.0484071,2.0,0.0,50.0,0.0
69.0,322.92554,11.0,106.53741,20.0,0.0,0.0,100.0,-7.0,7.0,8.0,21.0,2.0,62.11554,16.0,0.0,0.0,87.89141,-7.364424,4.0,4.0,4.0,80.0,0.0
84.0,304.69635,3.0,91.842415,33.0,0.0,0.0,100.0,-7.0,7.0,8.0,26.0,4.0,-9.0,0.0,2.0,2.0,2.0,-8.0,3.3258824,1.0,0.0,12.3242235,0.0
77.78524,64.84541,15.451122,44.34815,12.33628,0.0,0.0,100.0,-7.0,7.0,8.0,15.0,0.0,75.91666,-8.0,0.0,0.0,3.2632623,86.892746,1.0,4.0,0.0,86.0,0.0
-9.0,-9.0,-9.0,-9.0,-9.0,-9.0,-9.0,-9.0,-9.0,-9.0,-9.0,-9.0,-9.0,-9.0,-9.0,-9.0,-9.0,-9.0,-9.0,-9.0,-9.0,-9.0,-9.0,0.0
73.0,248.95883,4.0,102.26131,36.95282,0.0,0.0,93.42917,74.95611,6.0,6.0,32.972015,2.0,35.0,0.0,0.0,0.0,14.0,71.0,5.0,2.0,0.0,70.0,0.0
60.251316,196.53629,17.525156,88.14282,22.0,1.0,0.0,88.0,5.1089287,4.0,5.0,26.0,0.0,36.58208,-7.0,2.0,2.0,60.467262,93.0,6.0,4.0,4.0,71.0,0.0
76.0,125.123024,11.0,70.0,8.0,0.0,0.0,100.0,-7.0,6.0,8.0,6.3025265,1.0,58.02402,-8.0,0.0,0.0,74.73396,97.638954,2.0,3.0,2.0,100.0,0.0
69.0,199.7102,7.0,65.927246,11.0,2.0,1.0,88.0,42.61615,6.0,2.0,11.0,2.0,44.15291,-8.019312,0.0,0.0,17.0,76.0,3.0,3.0,0.0,82.790184,0.0
71.0,50.49994,5.0,78.10908,39.0,1.0,1.0,100.0,-7.0,7.0,8.0,16.0,2.0,22.0,4.0,1.0,1.0,25.0,42.66755,10.871477,2.0,2.0,58.20739,0.0
90.0,191.8772,15.343667,97.0,3.5846126,0.0,0.0,100.0,-7.0,7.0,8.0,9.0,0.0,20.0,-8.0,0.0,0.0,1.0,-8.0,1.0,1.0,0.0,44.0,0.0
66.0,125.460106,7.0,67.69676,22.0,3.7125428,0.0,90.0,34.270245,6.0,5.0,21.0,3.0,30.451088,0.0,0.0,0.0,26.999624,76.0,3.0,7.019403,0.0,67.0,0.0
71.32627,328.2545,6.0,78.82988,28.866777,1.0,0.0,89.18733,4.0,4.0,5.0,25.0,2.0,41.414883,6.4329014,0.0,0.0,10.62008,-8.0,3.0,1.0,0.0,50.0,0.0
79.0,187.43802,16.0,94.0,19.0,0.0,0.0,92.0,-9.0,6.0,4.1945825,24.0,0.0,42.0,1.6370909,1.1427397,1.0,5.058697,-8.0,2.0,2.0,0.0,56.0,0.0
66.0,173.13689,8.0,137.00728,25.0,1.0,0.0,78.21512,3.6409569,3.0,5.116564,20.0,1.0,15.07752,0.0,0.0,0.0,55.115574,-8.0,6.0,1.0,1.0,50.0,0.0
66.0,180.39099,4.0,51.212334,20.0,0.0,0.0,100.0,-7.0,7.0,8.0,21.0,2.0,50.0,1.0,1.0,1.0,74.85882,90.63647,4.0,2.0,1.0,100.0,0.0
87.35822,204.93492,11.0,92.0,19.0,0.0,0.0,100.0,-7.0,7.0,8.0,20.0,0.0,37.0,-7.0,0.0,0.0,1.0,53.560154,3.0,4.0,0.0,43.423065,0.0
68.0,205.82854,9.862135,86.0,19.0,0.0,0.0,93.0,10.755064,6.0,6.0,19.724403,1.0,45.0,1.0,0.0,0.0,79.818436,-8.0,3.0,2.0,3.0,80.509926,0.0
54.30847,131.95923,13.108306,56.68938,25.0,0.0,0.0,90.38743,23.035688,5.01271,6.0,25.0,0.0,42.0,1.0,4.9642825,4.6824093,119.16665,78.62108,6.92294,2.0,5.9427648,88.0,0.0
67.0,132.91786,-9.0,67.0,27.0,0.0,0.0,100.0,-7.0,7.0,8.0,34.0,3.0,36.0,3.0,0.0,0.0,72.6344,84.04026,4.0,1.0,4.2862663,56.0,0.0
65.45723,163.677,16.0,97.179306,28.0,0.0,0.0,88.95222,4.0,6.0,6.0,26.971804,0.0,40.81301,0.0,1.0,1.0,59.90091,83.836365,2.0,4.0,2.0,100.0,0.0
70.0,162.83652,4.0,97.50911,28.0,0.0,0.0,94.68938,10.987576,6.0,6.0,25.0,1.0,38.0,0.0,0.0,0.0,27.30479,82.01097,4.0,3.0,2.0,70.27826,0.0
74.130394,189.79796,3.0,104.27923,21.0,2.0,1.612298,100.0,-7.0,6.0,8.0,23.0,2.0,45.376156,-7.0,0.0,0.0,0.0,66.484795,3.0,2.0,0.0,67.0,0.0
78.0,264.0585,8.0,113.41726,38.356785,0.0,0.0,100.0,-7.0,7.0,8.0,48.62205,1.0,19.360687,0.0,3.0,3.0,13.166599,-8.0,9.0,2.0,1.0,39.84163,0.0
89.0,325.55652,6.0,101.04185,17.170355,0.0,0.0,100.0,-7.0,7.0,8.0,26.0,1.0,16.911322,1.0,2.0,2.0,5.707877,81.58382,2.0,1.0,0.0,50.0,0.0
-2.1779296,119.5829,7.0,67.266914,18.0,2.0,1.0,76.262634,6.0,4.0,5.0,18.0,2.0439773,14.238467,0.0,3.0,3.0,44.25538,-8.0,9.0,1.0,2.0,67.62774,0.0
80.0,142.53389,9.0,40.428905,13.0,0.0,0.0,100.0,-7.0,7.0,8.0,14.707002,2.0,7.2218723,7.384623,0.0,0.0,8.0,82.41186,2.0,1.0,0.0,50.0,0.0
82.0,138.4847,35.32566,85.14256,32.0,0.0,0.0,97.0,-7.0,6.0,6.0,28.27766,0.0,76.41622,1.6722512,2.0,1.0,2.0,59.93597,1.0,7.1645794,0.0,85.92752,0.0
85.0,382.5227,28.11235,105.17668,15.0,0.0,0.0,100.0,-7.0,7.0,8.0,18.0,0.0,22.0,-8.0,0.0,0.0,10.0,-8.0,2.0,1.0,0.0,62.81439,0.0
81.0,395.6442,14.81158,126.22236,24.0,0.0,0.0,100.0,-7.0,7.0,8.0,24.0,0.0,28.892756,1.0,0.0,0.0,34.58557,77.63322,3.0,2.0,1.0,43.0,0.0
87.0,152.0961,20.772758,76.0,17.0,0.0,0.0,100.0,-7.0,7.0,8.0,5.9251614,0.0,4.791275,2.0,1.0,1.0,0.0,46.128834,1.0,1.0,0.0,13.010144,0.0
82.0,341.4352,3.9312778,94.0,15.0,0.0,0.0,100.0,-7.0,7.0,8.0,14.0,2.0,53.57367,2.620129,0.0,0.0,54.296104,87.338394,1.0,3.0,1.0,95.161575,0.0
74.41222,191.48788,4.0,71.58738,37.776936,0.0,0.0,97.0,-7.0,4.0,6.0,53.541786,4.0,26.0,0.0,1.0,1.0,13.0,-8.0,6.0,2.0,0.0,41.26659,0.0
81.0,220.14241,3.0,125.76154,30.0,0.0,0.0,91.06479,26.14717,6.0,6.0,34.33649,2.0,41.0,0.0,2.0,2.0,5.0,100.0,4.0,2.0,0.0,67.0,0.0
73.0,289.89426,6.0,106.699936,25.965475,0.0,0.0,96.0,22.768698,6.0,6.0,21.319935,1.0,23.249607,0.0,1.0,1.0,15.0,35.823257,6.0,3.0,1.0,75.0,0.0
90.0,139.44441,10.0,192.74251,28.960981,0.0,0.0,100.0,-7.0,7.0,8.0,-2.409545,0.0,16.0,-7.0,0.0,0.0,1.0,-8.0,4.0,1.0,0.0,31.823387,0.0
89.48672,161.12842,16.416082,116.53322,12.0,0.0,0.0,100.0,-7.0,7.0,8.0,4.486228,0.0,33.0,-8.0,1.0,1.0,6.0,-8.0,2.0,2.0,0.0,58.0,0.0
77.0,152.45938,4.0,46.317665,13.0,0.0,0.0,100.0,-7.0,7.0,8.0,14.200732,1.0,36.0,-7.0,0.0,0.0,52.514343,50.726814,2.0,2.0,1.7375768,75.0,0.0
68.0,116.1058,6.0,97.64948,17.0,2.0,1.6714003,90.0,16.639933,6.0,5.0,5.0234923,1.0,25.0,1.0,3.0,3.0,21.016283,59.96308,6.0,2.0,0.0,67.0,0.0
84.76427,344.93176,6.0,111.28798,32.87125,0.0,0.0,100.0,-7.0,7.0,8.0,30.638363,2.0,25.0,0.0,1.0,1.0,12.743664,65.72994,2.0,1.0,0.0,44.0,0.0
76.0,140.02277,15.0,113.94492,22.0,0.0,0.0,100.0,-7.0,7.0,8.0,17.0,0.0,33.0,-7.0,4.0,3.0,17.661587,-8.0,3.0,2.0,2.0,41.759537,0.0
71.8822,386.3192,6.0,86.0,30.513098,0.0,0.0,100.0,-7.0,7.0,8.0,27.0,3.0,17.0,0.0,0.0,0.0,25.0,-8.0,4.0,1.0,3.0,30.691914,0.0
89.62886,794.133,54.08337,298.10782,15.621536,0.0,0.0,100.0,-7.0,7.0,8.0,14.0,0.0,28.96112,0.0,0.0,0.0,0.0,-8.0,0.0,1.0,0.0,11.347974,0.0
78.0,146.23906,4.0,69.74832,18.0,1.0,1.0,84.03364,37.03241,6.0,4.3786144,19.0,2.0,35.0,6.0,0.0,0.0,11.0,100.0,3.0,2.0,0.0,60.0,0.0
74.0,229.49739,3.0,86.0,23.0,0.0,0.0,95.0,22.47685,6.0,6.0,18.661608,3.0,22.0,-7.0,1.0,1.0,21.0,82.0,5.0,2.0,1.0,53.142006,0.0
85.12918,163.49829,3.4458191,75.66815,15.0,0.0,0.0,100.0,-7.0,7.0,8.0,15.0,2.0,35.0,0.0,0.0,0.0,15.0,92.821236,2.0,3.0,1.0,52.59528,0.0
66.296684,141.02676,9.0,90.0,56.520763,0.0,0.0,100.0,10.485184,6.0,6.0,56.37284,3.0,46.0,0.0,0.0,0.0,32.340145,-8.0,5.0,7.348861,2.0,67.0,0.0
82.0,271.8343,-4.6460414,102.59914,30.0,0.0,0.0,100.0,-7.0,7.0,8.0,26.0,1.0,9.738636,0.0,3.0,3.6896875,8.0,-8.0,4.0,-9.0,0.0,38.0,0.0
69.0,173.54613,9.0,62.61957,21.0,0.0,0.0,100.0,-7.0,7.0,8.0,22.0,0.0,33.0,15.667496,0.0,0.0,58.099747,-8.0,5.0,3.0,2.0,88.43764,0.0
77.0,164.10402,15.0,65.0,28.0,0.0,0.0,100.0,-7.0,7.0,8.0,33.50718,0.16595222,29.0,0.0,1.0,1.0,38.147377,32.93428,7.0,3.0,0.0,70.1798,0.0
84.0,227.32135,3.0,72.0,27.0,0.0,0.0,100.0,-7.0,7.0,8.0,25.0,2.0,31.483166,0.0,1.0,1.0,18.91588,84.01398,3.0,1.0,0.0,50.0,0.0
69.0,186.93748,23.141026,95.19429,10.0,1.0,0.0,59.57138,5.4171615,4.8817253,5.913623,10.0,0.0,68.77147,-8.0,0.0,0.0,11.778718,-8.0,3.0,5.0,0.0,80.0,0.0
74.0,-9.0,6.023463,-9.0,13.0,0.0,0.0,100.0,-7.0,7.0,8.0,7.1642313,3.0,33.0,0.0,1.0,1.0,0.0,95.87078,2.0,4.516197,0.0,50.0,0.0
-9.0,-9.0,-9.0,-9.0,-9.0,-9.0,-9.0,-9.0,-9.0,-9.0,-9.0,-9.0,-9.0,-9.0,-9.0,-9.0,-9.0,-9.0,-9.0,-9.0,-9.0,-9.0,-9.0,0.0
60.04197,288.58844,20.0,106.74829,41.708363,0.0,0.0,93.0,39.665092,6.0,6.0,43.894165,0.0,24.0,0.0,1.0,0.58656275,94.81638,81.79618,6.0,7.567551,10.693364,80.0,0.0
79.0,159.60822,8.0,54.00418,8.0,0.0,0.0,100.0,-7.0,7.0,8.0,9.0,2.0,39.0,22.494635,0.0,0.0,15.511457,91.01529,3.0,2.0,1.0,100.0,0.0
78.0,207.3226,3.0,71.0,38.235203,0.0,0.0,100.0,-7.0,7.0,8.0,38.0,3.0,19.475958,7.2751517,0.0,0.0,20.334408,-8.0,5.0,6.0,0.0,52.207207,0.0
85.0,158.86018,1.326857,61.82826,25.0,0.0,0.0,100.0,-7.0,7.0,8.0,23.0,2.0,24.0,3.0,1.0,1.0,3.0,48.747215,2.0,2.0,0.0,50.0,0.0
64.0,277.51306,1.0,74.660194,38.394974,0.0,0.0,93.0,-7.0,4.0,6.0,40.38619,2.0,37.0,0.0,0.0,0.0,73.16146,78.58732,5.0,3.9983342,4.992839,64.0,0.0
-9.0,-9.0,-9.0,-9.0,-9.0,-9.0,-9.0,-9.0,-9.0,-9.0,-9.0,-9.0,-9.0,-9.0,-9.0,-9.0,-9.0,-9.0,-9.0,-9.0,-9.0,-9.0,-9.0,0.0
84.0,197.28102,28.480017,106.54504,20.0,0.0,0.0,91.0,-7.0,2.2175245,5.0,27.0,0.0,57.179176,0.0,0.0,0.0,1.0,-8.0,1.0,2.0,0.0,67.0,0.0
91.0,426.06296,26.783167,201.06853,15.0,0.0,0.0,100.0,-7.0,7.0,8.0,12.0,0.0,16.0,0.0,0.0,1.0,0.0,-8.0,1.0,-9.0,0.0,8.643471,0.0
72.0,220.6903,9.0,100.743004,31.0,2.7987397,1.0,89.0,63.615616,6.0,3.0,41.617134,2.0,50.0,1.0,0.0,0.0,43.493515,91.14711,6.0,6.856995,2.0,77.357506,0.0
73.0,181.78876,6.0,65.577896,25.0,1.0,1.0,88.0,35.75278,6.0,5.0,32.0,4.0,33.147167,-7.0,1.0,1.0,28.0,15.365185,3.0,2.0,0.0,52.670887,0.0
69.0,237.59932,3.0,71.0,9.0,1.0,0.0,71.25827,2.9511998,5.0,5.0,9.426156,4.0,24.0,0.0,2.0,2.0,2.0,80.38802,2.0,2.0,0.0,80.0,0.0
84.790405,162.25674,11.0,70.0,12.0,0.0,0.0,100.0,-7.0,7.0,8.0,9.3633175,1.0,18.175667,0.0,1.0,1.0,20.179564,-8.0,3.0,1.0,0.0,57.0,0.0
86.0,-9.0,4.0,73.14264,23.0,0.0,0.0,100.0,-7.0,7.0,8.0,-2.6058822,2.0,20.65561,3.0,2.0,2.0,11.952917,42.049675,3.0,1.0,0.0,45.44842,0.0
77.0,152.94528,8.0,56.203068,14.0,0.0,0.0,100.0,-7.0,7.0,8.0,14.537815,1.0,20.0,2.0,1.0,1.0,21.957659,-8.0,4.0,-8.0,0.0,59.171783,0.0
82.0,211.05597,5.0,81.0,33.0,0.0,0.0,100.0,-7.0,7.0,8.0,58.59813,1.0,38.0,-7.0,2.0,2.0,2.0,-8.0,3.0,1.0,0.0,37.443684,0.0
78.0,165.81349,8.0,86.13005,16.0,0.0,0.0,95.0,-7.0,6.0,6.0,7.0,3.0,24.0,-7.0,0.0,0.0,3.0,82.90515,1.0,2.0,0.0,57.0,0.0
69.0,399.56024,15.0,110.7056,31.768919,0.0,0.0,92.0,-9.0,6.0,6.0,40.939983,0.0,38.0,-7.0,2.0,2.0,87.74754,55.771797,8.0,4.0,2.0,78.0,0.0
80.0,132.7969,5.0,108.62314,27.0,0.0,0.0,100.0,10.890292,6.0,6.0,27.0,1.0,50.0,0.0,3.6441433,3.8739018,0.0,91.79975,1.0,5.9189296,0.0,80.0,0.0
81.0,393.55283,20.713459,192.08446,26.0,0.0,0.0,91.28954,66.03587,6.0,6.0,20.320507,0.0,20.0,5.0,1.0,1.0,40.908287,-8.0,3.0,1.0,0.0,55.32625,0.0
-9.0,-9.0,-9.0,-9.0,-9.0,-9.0,-9.0,-9.0,-9.0,-9.0,-9.0,-9.0,-9.0,-9.0,-9.0,-9.0,-9.0,-9.0,-9.0,-9.0,-9.0,-9.0,-9.0,0.0
74.0,120.84166,6.0,81.581314,39.0,0.0,0.0,100.0,-7.0,7.0,8.0,15.0,2.0,31.0,1.0,3.0,3.0,39.526325,61.363422,6.0,3.0,2.0,75.01992,0.0
71.32792,146.82005,1.0,84.751305,33.057327,0.0,0.0,95.41402,-7.0,4.0,6.0,38.290417,3.0,29.0,0.0,1.0,1.0,15.0,-8.0,5.0,1.0,0.0,50.0,0.0
75.43467,301.6358,2.0,81.0,21.0,0.0,0.0,85.41106,28.043451,6.0,6.0,21.0,2.0,60.885025,-7.0,0.0,0.0,38.992493,72.05467,3.0,3.0,0.0,80.0,0.0
59.92834,220.02847,20.0,134.58347,16.0,1.0,1.0,93.0,22.123129,3.0,5.9004636,17.806551,0.0,25.0,20.939556,0.0,0.0,58.33541,36.97458,4.0,2.0,1.0,91.36232,0.0
79.77161,144.76685,2.0,75.008675,22.757166,0.0,0.0,100.0,-7.0,7.0,8.0,24.0,3.0,36.0,0.0,2.0,2.0,12.0,61.98483,2.0,4.0,0.0,57.96885,0.0
75.0,221.53596,12.0,116.857315,28.0,0.0,0.0,96.0,78.71076,6.0,5.0,34.151886,0.0,41.41524,8.0,0.0,0.0,55.854588,-8.0,6.75997,1.0,0.0,97.40095,0.0
75.86131,135.27948,2.0,130.63176,32.438538,2.0,0.0,97.602745,4.0,-9.0,5.0,7.8845196,2.0,17.0,0.0,2.0,1.9315759,0.0,-8.0,2.0,1.0,0.0,21.317347,0.0
82.0,129.06418,2.0,55.837505,11.183116,0.0,0.0,100.0,-7.0,7.0,8.0,10.0,1.0,36.0,0.0,1.0,1.0,20.906622,100.0,2.0,2.0,0.0,67.0,0.0
-9.0,-9.0,-9.0,-9.0,-9.0,-9.0,-9.0,-9.0,-9.0,-9.0,-9.0,-9.0,-9.0,-9.0,-9.0,-9.0,-9.0,-9.0,-9.0,-9.0,-9.0,-9.0,-9.0,0.0
59.365086,101.39039,1.0,56.37352,20.0,6.191643,7.373401,89.0,13.327879,6.0,6.0,23.205324,4.0,41.0,0.0,2.0,2.0,52.46465,84.029724,3.0,3.0,1.0,50.0,0.0
76.82422,133.7714,2.0,57.47256,15.951325,0.0,0.0,100.0,-7.0,7.0,8.0,18.0,6.01885,17.0,0.0,3.0,2.0173004,27.669138,132.98181,2.0,2.0,1.0,64.0,0.0
70.0,231.11842,3.0,75.0,24.57214,0.0,0.0,100.0,-7.0,7.0,8.0,21.0,2.0,37.0,4.0,1.0,1.0,62.323444,30.611254,5.0,6.3335047,1.0,88.66074,0.0
67.0,190.0748,2.0,67.0,21.0,1.0,1.0,100.0,-7.0,7.0,8.0,23.5998,4.0,45.521355,0.0,1.0,1.9892285,60.444935,-8.0,3.0,6.0,2.0,100.0,0.0
67.0,169.46454,3.0,81.0,9.0,0.0,0.0,70.019226,5.636743,0.0,6.0,15.0,1.0,42.0,0.27597013,1.0,1.0,33.396355,70.95607,3.0,3.0,0.0,100.0,0.0
77.0,189.42747,2.0,84.27556,25.0,0.0,0.0,100.0,-7.0,7.0,8.0,26.0,2.0,25.0,0.0,3.0,2.0,38.05631,45.391163,7.0,2.0,1.0,67.0,0.0
85.0,212.5771,1.0,76.71721,17.0,0.0,0.0,100.0,-7.0,7.0,8.0,20.0,2.0,22.140673,0.0,2.2060988,2.0,7.0,60.789555,2.0,2.0,0.0,52.105022,0.0
60.64954,264.75943,2.0,91.324036,21.583244,2.0,1.0,79.39904,4.495074,0.0,5.0,28.0,1.0,36.0,0.0,2.0,2.0,28.157663,54.347065,2.0,2.0,1.0,44.0,0.0
-9.0,-9.0,-9.0,-9.0,-9.0,-9.0,-9.0,-9.0,-9.0,-9.0,-9.0,-9.0,-9.0,-9.0,-9.0,-9.0,-9.0,-9.0,-9.0,-9.0,-9.0,-9.0,-9.0,0.0
85.83225,347.4029,30.167515,162.77507,13.0,0.0,0.0,100.0,-7.0,7.0,8.0,12.756103,0.0,33.0,0.0,0.0,0.0,19.0,-8.0,3.0,1.0,0.0,100.0,0.0
82.0,258.95996,3.729877,83.7556,27.0,0.0,0.0,100.0,-7.0,7.0,8.0,35.0,2.0,63.837452,0.0,2.0,2.0,21.0,73.06738,1.0,4.0,1.0,100.0,0.0
89.45345,173.39305,6.0,103.29731,23.067879,0.0,0.0,100.0,-7.0,7.0,8.0,28.0,1.0,33.0,2.0,2.0,2.0,7.0,70.84291,2.0,1.0,0.0,78.0,0.0
80.0,165.53358,3.3775277,87.08169,47.003498,0.0,0.0,100.0,-7.0,7.0,8.0,41.308372,1.0,25.845453,0.0,0.0,0.0,11.922221,-8.0,5.0,3.0,0.0,43.0,0.0
77.0,223.07944,3.0,105.78301,48.24105,0.0,0.0,100.0,-7.0,7.0,8.0,57.684708,2.0,31.0,0.0,1.0,1.0,38.435314,56.193737,6.0,2.4500065,2.0,67.0,0.0
80.0,114.48887,18.119658,71.98822,6.0,1.0,1.0,75.40538,57.15431,6.0,2.0,6.3878818,0.0,74.81525,-7.990363,0.0,0.0,0.0,-8.0,1.0,1.0,0.0,80.0,0.0
-9.0,-9.0,-9.0,-9.0,-9.0,-9.0,-9.0,-9.0,-9.0,-9.0,-9.0,-9.0,-9.0,-9.0,-9.0,-9.0,-9.0,-9.0,-9.0,-9.0,-9.0,-9.0,-9.0,0.0
72.0,161.0144,4.0,83.0,46.383446,0.0,0.0,97.0,32.43688,6.0,6.0,50.17671,2.0,19.0,-8.0,0.0,0.0,27.90853,45.996933,13.273152,1.0,1.0,63.09112,0.0
66.0,340.8448,10.0,120.386536,9.0,2.0,1.0,59.309715,10.457832,6.0,-9.0,8.0,1.0,24.0,1.644054,1.0,1.0,25.302755,28.417974,1.0,1.0,0.0,55.42492,0.0
86.0,320.7845,10.0,117.64337,17.0,0.0,0.0,100.0,-7.0,7.0,8.0,16.0,2.0,24.0,0.0,0.0,0.0,10.141481,77.80929,2.0,3.0,0.0,42.74533,0.0
-9.0,-9.0,-9.0,-9.0,-9.0,-9.0,-9.0,-9.0,-9.0,-9.0,-9.0,-9.0,-9.0,-9.0,-9.0,-9.0,-9.0,-9.0,-9.0,-9.0,-9.0,-9.0,-9.0,0.0
88.0,161.29749,29.457872,86.15612,7.886409,0.0,0.0,100.0,-7.0,7.0,8.0,11.5279455,0.0,19.0,4.862846,0.0,0.0,10.0,-8.0,1.0,1.0,0.0,50.0,0.0
89.0,291.91693,16.0,139.85265,9.0,0.0,0.0,100.0,-7.0,7.0,8.0,11.0,0.0,11.0,14.974648,0.0,0.0,11.0,-8.0,1.0,1.0,0.0,33.0,0.0
72.0,203.43945,6.2594585,65.13834,23.0,0.0,0.0,100.0,-7.0,7.0,8.0,26.0,1.0,42.0,0.0,3.0,3.0,47.90611,-8.0,2.0,2.0,2.0,47.083183,0.0
68.50528,268.3101,3.0,76.35279,17.435844,0.0,0.0,88.0,55.20571,6.0,6.0,21.0,2.0,35.563564,-8.0,0.0,0.0,84.35894,-8.0,4.0,2.0,5.0144353,88.0,0.0
81.0,288.5344,4.0,77.58739,16.0,0.0,0.0,92.0,59.560753,6.0,6.0,17.0,1.0,24.864248,1.0,3.0,3.0,1.0,93.0,1.0,2.0,0.0,31.388298,0.0
79.0,240.60658,13.553922,113.34722,8.057306,1.0,1.0,100.0,-7.0,7.0,8.0,10.179759,0.0,8.900854,0.0,1.0,1.0,1.0,-8.0,2.0,1.0,0.0,43.0,0.0
85.0,155.39796,13.0,55.560772,30.478037,0.0,0.0,100.0,-7.0,7.0,8.0,34.0,0.0,22.0,0.0,3.0,2.0,1.0,88.0,1.0,2.0,0.0,40.194477,0.0
88.44058,445.81723,16.866999,146.72562,19.92631,0.0,0.0,100.0,-7.0,7.0,8.0,21.814787,0.0,25.0,-8.0,0.0,0.0,3.0,-8.0,2.0,2.0,0.0,50.0,0.0
73.0,165.60835,4.0,67.0,39.0,0.0,0.0,95.0,12.331305,4.0,6.0,40.121925,4.0,25.879417,0.0,5.8145027,5.162111,7.0,100.0,5.0,1.0,0.0,37.393734,0.0
82.4457,182.66983,8.0,100.0,30.945244,0.0,0.0,100.0,-7.0,7.0,8.0,30.202803,1.0,14.0,-7.0,0.0,0.0,19.63835,118.681816,4.0,1.0086478,1.0,22.270313,0.0
82.5008,275.49478,5.0,74.84144,34.0,0.0,0.0,100.0,-7.0,7.0,8.0,40.747555,2.0,29.0,0.0,0.0,0.0,18.0,77.72879,5.0,1.0,0.0,53.575172,0.0
79.0,152.33914,4.0,61.956234,27.0,0.0,0.0,100.0,-7.0,7.0,8.0,31.245531,2.0,52.488167,1.8718463,3.0,3.0,10.802402,81.57868,2.0,4.0,0.0,44.721222,0.0
69.0,141.42996,10.0,36.336407,6.0,0.0,0.0,100.0,-7.0,7.0,8.0,8.315734,2.0,15.153033,8.296356,0.0,0.0,59.591747,-8.0,4.0,2.0,1.0,80.0,0.0
74.773346,169.36685,6.0,61.0,31.0,0.0,0.0,90.0,37.387554,6.0,6.0,34.15633,3.0,29.0,1.0,0.0,0.0,23.827293,-8.0,3.0,2.0,0.0,50.0,0.0
77.0,191.25642,36.972084,97.0,20.0,0.0,0.0,100.0,-7.0,7.0,8.0,21.0,0.0,57.78455,-7.0,0.0,0.0,51.837685,73.008835,8.0,3.0,1.0,86.0,0.0
84.0,136.99753,5.0,59.961643,17.0,0.0,0.0,100.0,-7.0,7.0,8.0,16.0,2.8306458,29.0,-8.0,0.0,0.0,15.0,32.651474,3.0,2.0,0.0,60.0,0.0
92.9397,326.3972,41.39355,290.9526,12.0,0.0,0.0,100.0,-7.0,7.0,8.0,12.177086,0.0,15.0,0.0,0.0,0.0,4.8898664,-8.0,3.0,-8.0,0.0,50.0,0.0
77.0,93.62389,7.0,45.077293,13.0,1.0,0.0,94.0,73.35735,6.0,5.0,14.03466,2.0,18.0,11.708041,0.0,0.0,4.0,-8.0,1.0,1.0,0.0,71.0,0.0
-9.0,-9.0,-9.0,-9.0,-9.0,-9.0,-9.0,-9.0,-9.0,-9.0,-9.0,-9.0,-9.0,-9.0,-9.0,-9.0,-9.0,-9.0,-9.0,-9.0,-9.0,-9.0,-9.0,0.0
81.0,254.60686,14.186624,120.47402,14.0,0.0,0.0,100.0,-7.0,7.0,8.0,18.0,0.0,14.0,-7.0,0.0,0.0,48.596684,63.87668,4.0,2.0,0.0,71.0,0.0
-9.0,-9.0,-9.0,-9.0,-9.0,-9.0,-9.0,-9.0,-9.0,-9.0,-9.0,-9.0,-9.0,-9.0,-9.0,-9.0,-9.0,-9.0,-9.0,-9.0,-9.0,-9.0,-9.0,0.0
80.0,221.79869,19.41653,78.943085,23.0,0.0,0.0,100.0,-7.0,7.0,8.0,31.0,0.0,48.544044,0.0,3.0,3.6764624,16.446598,-8.0,6.0,1.0,0.0,64.0,0.0
89.0,396.42197,34.594215,107.34978,15.0,0.0,0.0,100.0,-7.0,7.0,8.0,19.0,0.0,5.385518,8.0,0.0,0.0,4.704565,-8.0,3.0,-7.340707,0.0,32.654804,0.0
70.0,212.01488,1.0,92.133896,30.369234,0.0,0.0,82.971756,61.02438,6.0,6.0,30.717999,3.0,25.0,0.0,0.0,0.0,40.95003,98.17078,4.0,2.0,2.9247959,48.293507,0.0
81.0,170.93668,-6.4853163,67.08537,18.0,0.0,0.0,88.0,33.5185,6.0,6.0,20.0,3.0,61.524506,2.7589493,2.0,2.0,9.0,97.227684,4.0,2.0,0.0,75.0,0.0
-9.0,-9.0,-9.0,-9.0,-9.0,-9.0,-9.0,-9.0,-9.0,-9.0,-9.0,-9.0,-9.0,-9.0,-9.0,-9.0,-9.0,-9.0,-9.0,-9.0,-9.0,-9.0,-9.0,0.0
86.45675,308.5331,32.365017,119.361565,10.528725,0.0,0.0,90.0,44.031616,6.0,6.0,9.0,0.0,66.181755,-8.0,0.0,0.0,-9.0,-8.0,-9.0,1.0,0.0,51.74796,0.0
87.18665,441.0161,5.0,116.497314,39.753067,0.0,0.0,100.0,-7.0,7.0,8.0,30.123085,1.0,17.0,12.0,0.0,0.0,8.0,-8.0,4.0,1.0,0.0,18.326574,0.0
87.0,230.49289,11.0,159.96783,13.0,0.0,0.0,95.0,4.0,6.0,6.0,15.0,1.0,30.0,-8.0,0.0,0.0,8.34539,-8.0,1.0,1.0,0.0,73.739746,0.0
84.0,209.49423,17.0,97.52091,21.0,0.0,0.0,100.0,-7.0,7.0,8.0,21.0,0.0,32.59106,0.0,1.0,1.0,23.242754,25.845474,3.0,2.0,0.0,57.862892,0.0
72.0,412.79208,16.0,282.55826,22.10163,0.0,0.0,100.0,-7.0,7.0,8.0,26.0,0.0,46.866833,4.0,1.0,1.0,51.072002,40.765747,5.0,3.0,2.0,74.138115,0.0
81.0,164.61395,9.0,81.049225,15.410734,0.0,0.0,100.0,-7.0,7.0,8.0,14.0,3.5559216,31.0,0.0,3.2684245,3.0,32.0,59.685932,4.0,2.545749,0.0,89.3988,0.0
85.0,261.8072,7.0,94.3372,22.0,0.0,0.0,100.0,-7.0,7.0,8.0,32.0,1.0,50.0,0.0,1.0,1.0,5.0,-8.0,5.0,3.0,0.0,82.643745,0.0
68.986595,110.76204,3.3222394,38.978996,27.243366,0.0,0.0,100.0,-7.0,7.0,8.0,23.0,3.0,42.500378,3.0,0.0,0.0,33.79852,65.45858,4.0,3.0,2.0,83.0,0.0
85.0,296.4173,4.0,82.0,36.0,0.0,0.0,100.0,-7.0,7.0,8.0,35.795765,2.0,17.217096,4.0,0.0,0.0,1.0,93.0,3.0,4.0,0.0,42.144325,0.0
83.0,143.65053,2.0,71.0,26.993286,0.0,0.0,100.0,-7.0,7.0,8.0,21.0,3.0,31.805643,12.1057415,0.0,0.0,9.726123,-8.0,1.6931643,4.0,0.0,50.0,0.0
76.0,4.4039364,1.0,17.369612,27.0,0.0,0.0,100.0,-7.0,7.0,8.0,31.0,3.0,29.0,0.0,2.0,2.0,6.0,58.436733,6.0,3.0,0.0,54.300877,0.0
79.66951,400.97968,3.0,74.3439,28.0,0.0,0.0,100.0,-7.0,7.0,8.0,26.0,4.5706224,29.0,7.0,1.0,1.0,11.0,78.6238,4.0,1.0,0.0,44.0,0.0
71.7652,187.90271,2.0,71.0,29.700045,0.0,0.0,100.0,-7.0,7.0,8.0,34.40993,3.0,44.0,0.0,0.0,0.0,37.331955,92.749664,5.0,4.0,0.0,67.0,0.0
90.419876,324.32462,23.25161,162.96318,21.0,0.0,0.0,100.0,-7.0,7.0,8.0,33.639233,0.0,37.283886,18.264627,0.0,0.0,2.3592312,-8.0,2.0,2.0,0.0,33.223816,0.0
90.0,273.8902,8.0,96.64712,8.0,0.0,0.0,100.0,-7.0,7.0,8.0,12.0,2.0,23.0,0.0,4.0,3.0,0.0,-8.0,-5.750042,1.0,0.0,18.022974,0.0
66.91589,231.06763,5.0,68.801025,23.489319,0.0,0.0,100.0,-7.0,7.0,8.0,21.0,1.0,50.918488,3.3516524,1.0,1.0,102.953606,4.314874,3.0,2.0,3.0,99.21451,0.0
84.0,210.70934,3.0,130.94528,17.167559,0.0,0.0,100.0,-7.0,7.0,8.0,22.0,2.0,30.0,0.0,2.26937,2.3206139,2.0,89.62544,3.0,2.0,0.0,58.0,0.0
58.835346,168.6208,4.0,58.0,29.0,1.0,0.0,79.11392,13.130615,6.0,6.0,31.529972,4.0,46.0,2.0,1.0,1.0,34.664505,84.52914,7.7216434,6.0,2.0,75.0,0.0
80.82313,179.4039,15.0,68.0,31.82938,0.0,0.0,100.0,-7.0,7.0,8.0,31.800488,0.0,35.619724,-8.0,0.0,0.0,17.80887,79.233635,4.0,1.0,1.0,50.0,0.0
76.0,315.17038,15.0,95.70154,34.0,0.0,0.0,97.0,39.915157,6.0,6.0,29.88901,0.0,29.0,-8.0,0.0,0.0,28.0,-8.0,6.1803484,2.0,1.0,60.0,0.0
84.0,81.74041,3.0,32.0736,13.0,0.0,0.0,100.0,-7.0,7.0,8.0,14.0,4.0,29.194042,0.0,2.0,2.0,0.0,88.0,1.0,4.0,0.0,57.0,0.0
74.0,462.99948,31.965658,188.30472,16.0,0.0,0.0,75.7128,19.144451,6.0,6.0,15.0,0.0,25.0,-7.0,0.0,0.0,15.0,26.56135,2.0,2.0,0.0,60.0,0.0
76.0,168.75565,7.0,54.04971,29.0,0.0,0.0,100.0,-7.0,7.0,8.0,28.220625,2.0,28.922478,0.0,2.0,2.0,9.0,96.016815,3.0,2.0,0.0,40.116776,0.0
81.0,282.49744,9.0,76.0,28.0,0.0,0.0,100.0,-7.0,7.0,8.0,38.0,1.0,25.97061,1.9130945,1.0,1.0,2.0,62.192547,6.0,2.0,0.0,67.0,0.0
-9.0,-9.0,-9.0,-9.0,-9.0,-9.0,-9.0,-9.0,-9.0,-9.0,-9.0,-9.0,-9.0,-9.0,-9.0,-9.0,-9.0,-9.0,-9.0,-9.0,-9.0,-9.0,-9.0,0.0
69.85594,257.49127,25.505844,100.94777,22.819862,0.0,0.0,84.23097,17.489134,6.0,6.0,25.0,0.0,29.0,0.0,1.0,1.0,46.440514,69.51826,5.0,2.0,1.0359473,90.85465,0.0
-9.0,-9.0,-9.0,-9.0,-9.0,-9.0,-9.0,-9.0,-9.0,-9.0,-9.0,-9.0,-9.0,-9.0,-9.0,-9.0,-9.0,-9.0,-9.0,-9.0,-9.0,-9.0,-9.0,0.0
85.0,450.60196,4.0,126.07761,19.925343,0.0,0.0,100.0,-7.0,7.0,8.0,21.0,1.0,40.0,2.0,0.0,0.0,5.0,-8.0,2.1543007,-9.0,1.0,50.85208,0.0
74.0,190.2375,5.0,58.80313,25.0,0.0,0.0,100.0,-7.0,7.0,8.0,20.0,2.0,35.08179,21.245918,0.0,0.0,17.52209,82.644196,4.0408483,3.0,0.0,69.54522,0.0
79.0,141.56915,2.0,77.0,29.972265,0.0,0.0,100.0,-7.0,7.0,8.0,29.294493,4.826932,37.800003,0.0,1.0,1.0,18.735739,100.0,5.0,5.6153164,0.0,69.83103,0.0
75.0,212.93536,7.0,66.51132,29.210608,0.0,0.0,97.0,24.309706,6.0,6.0,30.0,2.0,22.213953,2.0,0.0,0.0,6.0,-8.0,3.0,-8.0,0.0,26.604816,0.0
80.0,209.07549,2.0,73.77664,18.636232,0.0,0.0,100.0,-7.0,7.0,8.0,25.0,3.0,25.0,0.0,1.0,1.0,5.0366793,67.503395,1.0,2.0,0.0,49.788128,0.0
77.0,336.88855,5.0,106.392914,43.82383,0.0,0.0,100.0,56.900333,6.0,6.0,40.91466,1.0,32.185745,9.321234,0.0,0.0,35.107693,84.03991,4.0,4.468527,0.0,71.0,0.0
77.0,392.25,6.0,85.785805,37.39739,0.0,0.0,100.0,-7.0,7.0,8.0,42.676613,2.0,-9.0,0.0,3.0,2.0,1.1993126,-8.0,6.0,1.0,0.0,38.0,0.0
69.55361,261.50235,31.624989,80.0,28.0,1.0,0.0,87.32497,11.403178,6.0,4.0,46.60589,0.0,24.0,2.0,3.0,3.0,1.0,-8.0,0.0,3.0,0.0,23.664707,0.0
82.0,338.9924,5.0,105.284325,45.543903,0.0,0.0,100.0,-7.0,7.0,8.0,83.0069,2.0,24.0,-7.0,1.0,1.0,1.0,98.125656,5.0,4.0,0.0,54.964516,0.0
87.0,383.72345,16.588823,162.11159,14.165076,0.0,0.0,100.0,-7.0,7.0,8.0,14.0,0.0,37.0,11.872848,0.0,0.0,6.0,95.46124,2.0,2.0,0.0,80.0,0.0
71.0,-9.0,11.685582,63.11199,17.0,0.0,0.0,77.50928,-9.0,4.0,2.0,5.694741,0.0,15.0,-7.0,2.0,1.0,21.117554,-8.0,5.0,1.0,0.0,62.73518,0.0
68.0,161.2482,6.0,72.0,19.0,0.0,0.0,80.1279,57.365635,6.0,6.0,22.0,4.0,21.0,0.0,1.0,1.0,8.0,92.43823,6.3347325,2.0,0.0,63.0,0.0
78.0,125.80245,8.0,63.6687,17.208233,0.0,0.0,100.0,-7.0,7.0,8.0,19.0,1.0,50.577774,0.0,6.140342,6.2459517,49.17564,82.48198,1.0,5.0,0.0,100.0,0.0
79.0,173.74043,2.0,56.8928,40.060356,0.0,0.0,100.0,-7.0,7.0,8.0,37.66915,2.0,25.0,0.8653311,0.0,0.0,15.0,54.13432,6.0,2.0,0.0,50.0,0.0
-9.0,-9.0,-9.0,-9.0,-9.0,-9.0,-9.0,-9.0,-9.0,-9.0,-9.0,-9.0,-9.0,-9.0,-9.0,-9.0,-9.0,-9.0,-9.0,-9.0,-9.0,-9.0,-9.0,0.0
82.0,365.94803,6.8037777,135.64568,10.0,0.0,0.0,100.0,-7.0,7.0,8.0,9.0,0.0,46.0,-8.0,0.0,0.0,55.63174,47.954548,2.0,2.0,1.0,75.004196,0.0
88.40581,216.8953,23.336025,137.6732,14.0,0.0,0.0,100.0,-7.0,7.0,8.0,16.0,0.0,16.0,-7.0,1.0,1.0,5.0,44.87691,5.0,-8.0,0.0,100.0,0.0
85.0,176.93416,6.0,79.0,12.0,0.0,0.0,100.0,-7.0,7.0,8.0,2.6661603,1.0,2.0301635,5.8518248,0.0,0.0,1.0,-8.0,3.0,1.0,0.0,78.0,0.0
84.0,324.0935,2.0,83.94998,17.0,0.0,0.0,96.0,30.375355,6.0,6.0,19.0,2.0,22.0,1.0,2.0,1.6504527,14.564405,-8.0,2.0,1.0,0.0,38.2215,0.0
65.31792,147.51031,3.0,68.0,17.0,2.0,2.142636,79.54452,22.243078,6.0,-5.3274946,22.683254,1.0534688,45.52697,0.0,3.2491589,3.0,19.0,-8.0,1.0,1.0,0.0,31.416464,0.0
84.0,332.91714,3.0,150.21332,32.0,0.0,0.0,100.0,-7.0,7.0,8.0,40.506508,1.0,27.0,-7.0,0.0,0.0,24.964994,-8.0,6.0,-9.0,1.0,48.060814,0.0
80.0,206.20537,9.0,76.636215,18.0,0.0,0.0,100.0,-7.0,7.0,8.0,24.0,1.6707815,50.586765,0.0,0.0,0.0,52.158585,-8.0,2.0,1.0,0.974943,94.20073,0.0
68.0,207.90819,6.0,90.036644,25.0,0.0,0.0,92.19205,14.6730175,6.0,6.0,26.076036,1.0,52.638245,0.42863864,1.0,1.0,51.56248,60.500336,3.0,7.621335,2.849501,84.58342,0.0
73.586914,142.15794,10.0,60.534386,16.0,0.0,0.0,92.0,14.656775,4.0,6.0,15.0,0.0,45.0,0.0,1.0,1.0,11.882186,88.59403,5.0,1.0,0.0,82.96325,0.0
-9.0,-9.0,-9.0,-9.0,-6.642131,-9.0,-9.0,-9.0,-9.0,-9.0,-9.0,-9.0,-9.0,-9.0,-9.0,-9.0,-9.0,-9.0,-9.0,-9.0,-9.0,-9.0,-9.0,0.0
75.0,185.51826,10.0,75.0,28.0,0.0,0.0,100.0,-7.0,7.0,8.0,27.0,1.0,36.79977,5.0,2.0,2.0,47.169773,80.31659,1.0,2.0,0.0,64.200905,0.0
85.0,183.68347,15.172903,103.23818,25.699005,0.0,0.0,100.0,-7.0,7.0,8.0,26.0,0.0,28.523317,0.0,1.0,1.0,2.0,-8.0,2.0,1.0,0.0,36.667805,0.0
78.0,312.50705,141.83827,148.51825,6.3373346,0.0,0.0,100.0,-7.0,7.0,8.0,7.0,0.0,11.978643,-7.0,0.0,0.0,51.91828,-8.0,2.6769857,1.0,0.0,100.0,0.0
73.13232,179.23563,22.82243,118.771965,22.278103,0.56183255,0.0,89.58344,6.0,6.0,6.0,22.02362,0.0,33.0,-8.0,0.0,0.0,19.416712,-8.0,5.0,1.0,0.0,50.0,0.0
83.0,292.631,7.0,120.259155,32.0,0.0,0.0,100.0,-7.0,7.0,8.0,34.0,1.0,22.688652,9.0,0.0,0.0,21.0,-8.0,3.0,1.0,2.0,59.90531,0.0
77.0,181.08011,5.0,83.62404,25.0,0.0,0.0,100.0,-7.0,7.0,8.0,9.0,1.9838196,13.634173,0.0,0.0,0.0,34.019566,-8.0,6.0,1.0,0.0,67.0,0.0
87.0,285.9986,4.0,79.71908,22.0,0.0,0.0,100.0,-7.0,7.0,8.0,29.0,2.0,36.0,-7.0,0.0,0.0,5.0,91.77069,3.0,2.0,0.0,44.47231,0.0
77.37923,242.47493,6.0,86.673386,33.0,0.0,0.0,95.0,21.525852,6.0,6.0,32.0,3.0,25.0,-7.0,0.0,0.0,24.008434,-8.0,6.7418337,2.0,0.0,69.010635,0.0
86.0,268.59903,17.0,120.303535,23.0,0.0,0.0,100.0,-7.0,7.0,8.0,48.45337,0.0,49.574142,0.0,2.0,2.0,2.0,94.84881,3.0,2.0,0.0,100.0,0.0
83.0,249.32635,6.0,73.011444,43.086407,0.0,0.0,100.0,-7.0,7.0,8.0,58.602005,3.0,38.08778,0.0,3.0,2.3364604,12.0,52.06842,5.0,2.0,1.0,53.825672,0.0
79.0,191.01779,10.654357,75.0,21.0,0.0,0.0,100.0,-7.0,6.0,8.0,21.0,1.0,67.5482,0.83672607,1.0,1.0,10.4907,94.49709,1.6715382,5.0,0.0,71.0,0.0
62.0,185.90099,2.0,99.56671,14.0,0.0,0.0,72.5265,-7.0,-9.0,2.0,18.0,1.0,23.003689,0.0,2.0,2.0,36.34334,-8.0,4.0,1.0,0.0,44.0,0.0
78.0,310.22107,14.765302,97.0,27.0,0.0,0.0,96.0,2.0,6.0,6.0,30.0,0.0,20.0,15.084099,0.0,0.0,9.0,52.921616,5.0,2.0,0.0,47.18764,0.0
62.0,214.92961,7.0,65.0,28.0,0.0,0.0,88.0,5.36344,6.0,6.0,34.0,3.0,25.0,0.0,3.0,2.9697905,54.8792,88.0,6.0,3.0,4.656907,50.0,0.0
70.046234,297.96646,6.0,76.39569,22.0,0.0,0.0,79.23895,-5.4602594,6.0,5.0,26.663204,1.0,28.0,3.0,0.0,0.0,18.0,88.0,4.0,1.0,0.0,50.0,0.0
80.0,141.77887,5.0,115.44002,16.0,0.0,0.0,100.0,-7.0,7.0,8.0,19.0,1.0,74.87174,-7.0,1.0,1.0,6.0,68.549484,1.0,3.0,0.0,86.22879,0.0
74.0,240.24287,3.0,72.0,40.355103,0.0,0.0,97.0,70.24903,6.0,6.0,37.0,3.0,49.062527,1.0,3.0,3.0,42.64871,99.560646,7.0,2.0,1.0,71.0,0.0
-9.0,-9.0,-9.0,-9.0,-9.0,-9.0,-9.0,-9.0,-9.0,-9.0,-9.0,-9.0,-9.0,-9.0,-9.0,-9.0,-9.0,-9.0,-9.0,-9.0,-9.0,-9.0,-9.0,0.0
-9.0,-9.0,-9.0,-9.0,-9.0,-9.0,-9.0,-9.0,-9.0,-9.0,-9.0,-9.0,-9.0,-9.0,-9.0,-9.0,-9.0,-9.0,-9.0,-9.0,-9.0,-9.0,-9.0,0.0
-9.0,-9.0,-9.0,-9.0,-9.0,-9.0,-9.0,-9.0,-9.0,-9.0,-9.0,-9.0,-9.0,-9.0,-9.0,-9.0,-9.0,-9.0,-9.0,-9.0,-9.0,-9.0,-9.0,0.0
76.0,151.63191,7.1967006,59.87506,45.464382,0.0,0.0,100.0,-7.0,7.0,8.0,50.380245,5.0,61.282074,0.0,0.0,0.0,3.0,43.269783,1.0,6.0,0.0,60.0,0.0
88.0,306.10233,20.0,109.102615,8.0,0.0,0.0,100.0,-7.0,7.0,8.0,10.0,0.0,46.537785,3.0,1.0,1.0,7.0,-8.0,2.0,1.0,0.0,70.0,0.0
83.0,185.09692,7.0,79.0,19.0,0.0,0.0,100.0,-7.0,7.0,8.0,31.0,1.0,65.91287,11.503981,0.0,0.0,14.909272,94.040985,2.0,3.1164575,0.0,88.0,0.0
-9.0,297.84238,-9.0,108.09682,51.41154,0.0,0.0,96.0,6.9967084,4.0,5.0,76.75168,9.266598,24.503922,0.0,2.0,3.0,48.108074,-8.0,11.0,3.0,5.6478367,78.0,0.0
84.0,175.14058,2.0,105.409454,21.20542,0.0,0.0,100.0,-7.0,7.0,8.0,7.8508053,1.0,47.0,8.0,0.0,0.0,8.376208,50.501297,6.0,2.0,0.0,83.0,0.0
79.0,136.40007,3.0,30.427277,7.0527754,0.0,0.0,100.0,-7.0,7.0,8.0,11.0,3.0,27.0,0.0,1.0,1.0,18.186613,37.62278,4.0,2.0,0.0,72.173935,0.0
58.419807,286.26154,2.0,116.16318,15.0,1.0,0.0,71.07694,3.8094258,4.0,6.0,14.0,0.0,32.939144,0.0,1.0,1.0,21.0,79.19849,6.0,2.0,1.2381916,89.020096,0.0
75.0,184.65833,6.0,64.05583,45.92867,0.0,0.0,100.0,-7.0,7.0,8.0,52.127857,1.0,7.4701886,0.0,2.0,2.0,1.0,-8.0,3.0,1.0,0.0,22.327785,0.0
85.0,345.02402,9.0,169.14014,39.0,0.0,0.0,96.0,28.638025,6.0,6.0,32.332333,1.0,21.0,0.0,0.0,0.0,0.0,-8.0,1.0,1.0,-9.0,35.922756,0.0
75.0,160.55843,2.697753,75.76879,18.0,0.0,0.0,100.0,-7.0,7.0,8.0,38.159878,2.0,14.0,0.0,0.0,0.0,13.081717,-8.0,2.0,-8.376056,0.0,50.0,0.0
59.420654,229.18279,10.0,153.10709,27.0,2.0,1.0,90.0,6.023966,5.0,2.0,31.0,1.0,18.0,15.835325,0.0,0.0,23.808327,57.185963,7.0,2.0,3.0,46.207424,0.0
66.0,191.68906,3.0,54.81637,30.668436,2.0,1.0,96.0,21.164476,4.0,6.0,34.0,2.0,50.0,2.0,0.0,0.0,42.890045,96.9368,5.6703525,4.0,1.0,70.78445,0.0
84.63822,92.998436,6.0,71.04305,19.0,0.0,0.0,100.0,-7.0,7.0,8.0,19.975872,2.0,60.600723,16.0,0.0,0.0,0.9951737,91.0,1.0,3.0,0.0,67.0,0.0
72.0,132.88785,37.826466,52.155174,14.0,0.0,0.0,88.0,25.724155,6.0,6.0,21.051117,0.0,40.0,2.0,1.0,1.0,21.0,-8.0,4.0,1.0,0.0,50.0,0.0
77.0,36.83694,7.0,61.107582,11.647688,1.0,1.0,90.49203,57.629814,6.0,2.0,6.393205,2.0,44.148216,1.6514274,2.0,2.0,6.0,-8.0,1.0,2.0,0.0,50.0,0.0
85.0,197.84612,22.453829,94.0,26.0,0.0,0.0,100.0,-7.0,7.0,8.0,28.0,0.0,38.160923,1.6178259,1.0,1.0,0.8609564,-8.0,2.0,1.0,0.0,25.225231,0.0
73.0,256.5088,12.0,93.315384,13.0,1.0,0.0,89.0,32.19517,6.0,3.926023,19.0,0.0,67.20623,0.0,0.0,0.0,2.0,-8.0,1.0,1.0,0.0,44.89232,0.0
78.0,303.27484,2.0,100.892,20.0,0.0,0.0,94.0,16.869768,6.0,6.0,19.0,2.0,33.0,4.0,0.0,0.0,28.0,-8.0,3.0,1.0,0.0,41.641,0.0
78.69625,371.27548,1.0,70.0,32.0,0.0,0.0,96.0,3.0,6.0,6.0,31.624865,4.0,24.0,1.0,3.0,3.0,4.189106,98.043945,2.0,3.0,0.0,29.57867,0.0
86.0,66.86698,2.0,107.98694,28.0,0.0,0.0,100.0,-7.0,7.0,8.0,-9.0,2.0,19.229143,-7.0,1.0,1.0,9.0,-8.0,6.0,2.0,0.0,71.0,0.0
70.0,178.65604,2.0,60.691658,23.0,0.0,0.0,100.0,-7.0,7.0,8.0,30.0,5.0,45.401237,0.0,3.7580984,3.3184156,40.952095,40.15907,5.0,3.0,1.0,83.0,0.0
80.0,316.52606,2.0,102.67533,35.58359,0.0,0.0,100.0,-7.0,7.0,8.0,34.0,1.0,36.186897,9.058451,0.0,0.0,2.0,93.0,1.0,4.0,0.0,60.0,0.0
75.0,260.3191,3.0,81.944954,27.0,0.0,0.0,100.0,-7.0,7.0,8.0,23.0,7.1882043,28.0,0.0,2.0,3.0,18.448835,88.41223,4.0,2.0,0.0,48.10868,0.0
86.0,137.01834,7.0,84.0,38.339756,0.0,0.0,100.0,-7.0,7.0,8.0,46.0719,0.0,41.45018,0.0,4.0,3.0,5.0,-8.0,4.0,1.0,0.0,55.638645,0.0
80.0,208.09271,45.44641,116.33452,6.2915382,0.0,0.0,100.0,-7.0,7.0,8.0,8.0,0.0,33.0,-8.0,0.0,0.0,45.90825,-8.0,3.2881756,1.0,1.0,83.714066,0.0
80.0,384.056,6.0,89.00566,55.96883,0.0,0.0,100.0,-7.0,7.0,8.0,56.05358,3.0,38.083828,0.0,2.0,2.0,1.0,96.84467,3.0,12.845465,0.0,56.0,0.0
76.0,78.74049,3.0,30.796206,27.0,0.0,0.0,100.0,-7.0,7.0,8.0,26.638771,4.0,46.0,6.7899814,1.0,1.0,8.0,111.39783,3.0,4.0,0.0,60.0,0.0
90.785324,242.07309,19.891485,109.88777,46.78181,0.0,0.0,100.0,-7.0,7.0,8.0,39.95228,0.0,36.0,-7.0,0.0,0.0,0.0,-8.0,0.0,2.0,0.0,18.137804,0.0
74.594154,85.69602,1.0,49.59701,35.471725,0.0,0.0,100.0,-7.0,7.0,8.0,42.61514,4.0,33.0,1.0,1.0,1.0,16.994658,53.859642,1.0,3.0,1.0,19.700243,0.0
84.0,243.9199,3.0,70.0,21.47523,0.0,0.0,100.0,-7.0,7.0,8.0,26.212816,2.0,41.58399,1.0,1.0,1.0,12.301818,60.17296,2.0,4.0,0.0,43.0,0.0
75.0,222.42227,7.0,61.0,28.0,0.0,0.0,100.0,-7.0,7.0,8.0,35.0,3.0,24.0,-7.0,0.0,0.0,35.222435,-8.0,4.0,1.0,1.0,60.0,0.0
89.357056,781.98267,3.0,129.00073,9.0,0.0,0.0,100.0,-7.0,7.0,8.0,15.0,2.0,32.53645,-7.0,1.0,1.0,3.4939446,-8.0,2.0,-8.0,0.0,85.93024,0.0
59.01564,251.53735,3.0,99.17863,27.0,3.0,2.0,87.78992,5.328941,4.0,5.0,32.0,3.0,34.108482,5.0,1.0,1.0,3.0,60.08813,2.2250729,2.0,1.0,45.884663,0.0
91.511444,314.0124,50.990196,131.05618,5.036834,0.0,0.0,100.0,-7.0,7.0,8.0,7.5953183,0.0,50.0,-8.0,0.0,0.0,0.33110917,-8.0,1.0,2.0,0.0,63.0,0.0
63.952274,270.88278,9.0,82.0,29.0,0.0,0.0,83.93049,6.9166145,6.0,6.0,28.625042,1.9579903,31.0,0.0,0.0,0.0,45.137024,82.0,7.0,3.0,3.0,68.340385,0.0
90.298676,394.81113,3.0,86.13305,19.0,0.0,0.0,100.0,-7.0,7.0,8.0,17.47831,2.0,18.0,-7.0,0.0,0.0,3.8146787,-8.0,2.0,1.8877928,0.0,30.618797,0.0
73.0,99.76775,3.0,41.81343,14.0,0.0,0.0,92.0,13.887471,6.0,5.9203086,16.0,3.0,42.0,0.0,2.0,2.0,0.0,85.77498,-1.9275882,2.0,0.0,55.60467,0.0
85.0,327.70316,1.0,86.93969,34.0,0.0,0.0,100.0,-7.0,7.0,8.0,37.85618,3.0,20.0,-8.0,3.0,3.0,4.2460556,93.0,5.0,2.0,0.0,50.0,0.0
-9.0,305.35687,10.0,93.0,7.0,3.0,0.0,42.985664,2.887529,3.0,5.0,13.837385,3.0,24.0,-7.0,1.0,1.0,32.305305,60.429237,2.0,2.0,1.0,80.0,0.0
72.0,380.31387,17.127766,104.11942,20.0,0.0,0.0,94.72422,6.0,6.0,6.0,24.0,0.0,38.0,0.0,1.0,1.0,20.124397,54.359493,3.0,2.0,0.0,61.655315,0.0
85.0,249.11813,6.0,73.88532,14.0,0.0,0.0,94.0,45.68379,6.0,6.0,14.0,1.0,44.59092,0.0,1.0,1.0,1.0,-8.0,1.0,1.0,0.0,43.50003,0.0
74.0,147.04968,6.0,70.1844,19.107002,0.0,0.0,100.0,-7.0,7.0,8.0,22.372614,2.0,49.888985,0.0,0.0,0.0,56.74982,75.22549,2.0,4.0,1.0,67.0,0.0
83.0,151.66502,3.0,59.379005,21.0,0.0,0.0,100.0,-7.0,7.0,8.0,26.0,2.0,22.0,0.0,2.0,2.0,0.43619642,-8.0,2.0,2.0,0.0,60.0,0.0
84.0,269.35748,9.0,94.72567,29.0,0.0,0.0,100.0,-7.0,7.0,8.0,29.0,1.0,51.94229,11.358318,0.0,0.0,14.725152,51.58421,2.0,1.0,0.0,78.06526,0.0
-9.0,-9.0,-9.0,-9.0,-9.0,-9.0,-9.0,-9.0,-9.0,-9.0,-9.0,-9.0,-9.0,-9.0,-9.0,-9.0,-9.0,-9.0,-9.0,-9.0,-9.0,-9.0,-9.0,0.0
69.0,172.48605,1.0,66.252014,33.243347,1.2055991,0.0,92.0,23.249718,6.0,2.0,34.0,5.372846,22.0,0.0,3.0,2.1229794,24.637018,92.263626,10.7965355,2.0,1.0,52.45677,0.0
72.0,209.56364,3.0,86.14958,19.0,0.0,0.0,83.96344,28.771358,6.0,6.0,15.0,1.0,47.702114,21.602251,0.0,0.0,53.842453,75.40248,3.0,4.0,1.0,91.91994,0.0
89.00439,327.1202,11.0,89.32962,25.0,0.0,0.0,96.97004,32.452026,6.0,6.0,24.686293,0.0,33.0,-7.561513,0.0,0.0,1.0,66.229744,3.0,4.0,0.0,56.0,0.0
66.0,97.33769,2.0,34.39406,21.0,0.0,0.0,100.0,-7.0,7.0,8.0,24.0,5.0,34.555866,-7.0,3.0,3.0,53.24792,88.95091,4.0,4.0,2.0,63.0,0.0
73.0,118.7083,3.0,33.50389,16.0,0.0,0.0,100.0,-7.0,7.0,8.0,21.0,2.0,70.5993,0.0,2.0,2.0,59.838215,93.0,2.0,7.505148,2.0,78.0,0.0
70.0,229.09613,5.817799,98.18253,32.0,0.0,0.0,100.0,-7.0,7.0,8.0,30.39131,1.430284,46.193966,0.0,2.0,2.0,54.695133,56.44442,4.0,2.0,1.8934351,43.0,0.0
90.0,357.3736,20.957966,101.749565,14.0,0.0,0.0,100.0,-7.0,7.0,8.0,11.0,0.0,45.831463,0.0,0.0,0.0,5.0,-8.0,2.0,-8.0,0.0,36.928467,0.0
84.0,101.69629,3.0,23.922623,11.0,0.0,0.0,100.0,-7.0,7.0,8.0,7.242373,2.0,28.0,22.251177,0.0,0.0,1.0,49.531403,1.0,2.0,0.0,30.17229,0.0
81.0,362.53906,9.0,117.076385,20.0,0.0,0.0,100.0,-7.0,7.0,8.0,24.0,1.0,33.0,0.0,1.0,1.0,9.0,-8.0,6.0,1.0,0.0,50.0,0.0
67.979034,205.9925,4.0,104.40188,28.0,0.0,0.0,97.0,-7.0,-9.0,6.0,34.0,1.0,39.0,0.0,0.0,0.0,39.15697,56.550312,4.0,3.0,2.0,60.0,0.0
80.1543,139.08406,10.0,67.0,23.0,0.0,0.0,100.0,-7.0,7.0,8.0,15.0,1.0,60.580563,0.0,2.0,2.0,3.0,60.501022,2.0,2.0,0.0,67.0,0.0
69.0,196.00978,37.550358,138.8354,17.0,1.0,1.0,96.0,3.6039076,-9.0,6.0,16.769838,0.0,36.0,21.97208,0.0,0.0,1.0,-8.0,1.0,1.0,0.0,12.012134,0.0
80.0,167.92252,7.0,89.75001,25.0,0.0,0.0,100.0,-7.0,7.0,8.0,26.0,1.0,25.0,0.0,2.0,2.0,13.164218,72.18204,3.0,1.0,1.0,45.773834,0.0
-9.0,196.76714,6.0,75.6773,33.0,0.0,0.0,87.44202,-7.0,-9.0,6.0,40.33795,4.0,30.0,0.0,1.0,1.0,45.53835,96.921745,4.0,3.0,4.0,50.0,0.0
82.0,413.7819,13.0,170.89197,13.0,0.0,0.0,100.0,-7.0,7.0,8.0,7.0,0.0,8.854447,-7.0,0.0,0.0,36.0,-8.0,5.0,-8.119534,1.0,73.21695,0.0
78.0,172.16113,6.0,84.74153,20.501715,0.0,0.0,100.0,-7.0,7.0,8.0,24.986303,1.914829,33.0,0.0,4.0,4.0,45.975605,54.845947,5.0,1.0,0.0,87.55549,0.0
79.0,380.98416,6.0,100.0,13.642353,0.0,0.0,100.0,-7.0,7.0,8.0,13.0,1.065775,19.0,0.0,1.0,1.0,36.806595,-8.0,2.0,-8.0,1.0,33.0,0.0
54.890347,231.129,16.786852,92.0,15.0,2.1884446,2.7137172,69.41601,5.7370954,4.0,3.0,18.0,0.0,40.0,0.0,1.0,1.5501891,57.23459,-8.0,4.0,2.0,2.0,100.0,0.0
88.0,223.35176,29.988089,72.178825,20.0,0.0,0.0,100.0,-7.0,7.0,8.0,23.0,0.0,44.581482,0.0,1.0,1.0,5.0,-8.0,1.0,1.0,0.0,33.0,0.0
87.975006,220.9846,23.503666,101.915016,25.0,0.0,0.0,100.0,-7.0,7.0,8.0,28.0,0.0,50.0,-8.0,0.0,0.0,4.0,-8.0,2.0,2.0,0.0,45.03525,0.0
66.617325,139.76007,3.0,65.0,33.69465,2.0,1.0,94.0,6.0317917,4.0,6.0,39.430855,2.0,34.698334,0.0,4.0,3.0,0.0,81.22309,-9.0,4.0,-8.0,33.0,0.0
73.0,193.72688,11.255481,68.0,18.0,1.0,1.0,94.0,55.72453,6.0,5.314359,28.0,2.0,28.0,3.360287,0.0,0.0,44.041668,-8.0,3.0,1.0,0.0,64.821686,0.0
82.94142,196.71306,38.99839,120.92507,3.6992655,0.0,0.0,100.0,-7.0,7.0,8.0,5.4925294,0.0,14.44102,23.919796,0.0,0.0,41.84505,-8.0,4.0,1.0,1.0,86.91432,0.0
89.0,179.51248,51.971664,103.27074,24.0,0.0,0.0,100.0,-7.0,7.0,8.0,32.0,0.0,14.0,-9.0,0.0,0.0,1.0,-8.0,1.0,-8.0,0.0,28.965551,0.0
87.0,407.42297,1.0,220.2467,13.0,0.0,0.0,100.0,-7.0,7.0,8.0,19.979122,1.0,40.000202,0.0,0.0,0.0,9.0,-8.0,4.0,-8.0,0.0,100.0,0.0
89.0,333.68747,11.0,111.95677,9.0,0.0,0.0,100.0,-7.0,7.0,8.0,12.0,1.0,40.0,-7.0,0.0,0.0,6.0,-8.0,2.0,1.0,-8.627871,70.0,0.0
87.0,177.01944,4.0,90.0,41.452686,0.0,0.0,100.0,-7.0,7.0,8.0,46.982418,2.0,33.900246,0.0,0.0,0.0,0.0,79.27508,1.0,3.0,0.0,20.701395,0.0
69.0,255.26205,3.0,74.9893,22.0,0.0,0.0,93.54618,51.928642,6.0,6.0,22.0,3.0,18.0,0.03430054,4.0,4.0,32.97025,-8.0,3.0,1.0,1.9503884,47.97505,0.0
68.0,165.58708,5.0,70.0,45.750824,0.0,0.0,96.0,22.532572,6.0,6.0,44.187363,1.2036716,40.0,-7.0,1.0,1.0,36.0,-8.0,6.0,5.9243627,8.832162,80.0,0.0
84.0,236.66547,7.0,80.89564,23.428417,0.0,0.0,100.0,-7.0,7.0,8.0,20.109636,2.0,31.0,12.0,0.0,0.0,7.404032,-8.0,3.0,1.0,0.0,33.0,0.0
-9.0,-9.0,-9.0,-9.0,-9.0,-9.0,-9.0,-9.0,-9.0,-9.0,-9.0,-9.0,-9.0,-9.0,-9.0,-9.0,-9.0,-9.0,-9.0,-9.0,-9.0,-9.0,-9.0,0.0
82.0,270.02698,8.0,89.074356,20.0,0.0,0.0,95.0,55.714115,6.0,6.0,22.0,1.0,23.0,-7.0,0.0,0.0,18.049015,22.699844,4.0,2.0,0.0,50.0,0.0
71.63109,241.91039,3.0,63.0,23.0,0.0,0.0,100.0,-7.0,7.0,8.0,27.0,2.0,38.0,0.0,0.0,0.0,32.577835,98.02291,2.0,2.0,2.0,35.99287,0.0
75.0,266.5754,19.605888,103.39477,12.0,0.0,0.0,82.20057,36.219784,6.0,6.0,9.455948,0.0,46.0,0.0,2.0,1.0,0.0,-8.0,1.0,2.0,-8.0,80.0,0.0
88.0,86.668205,6.0,80.0,21.0,0.0,0.0,100.0,-7.0,7.0,8.0,14.0,1.0,62.358494,2.0,0.0,0.0,9.0,91.99429,2.0,7.2003045,0.0,60.0,0.0
82.0,165.23668,4.0,65.08263,34.0,0.0,0.0,100.0,-7.0,6.0,6.0,34.0,0.0,21.93209,1.0,1.0,1.0,1.0,-8.0,3.254091,1.0,0.0,33.0,0.0
85.58919,175.10402,3.7331934,97.0,28.0,0.0,0.0,98.0,18.059612,6.0,6.0,28.05576,2.0,42.0,0.0,0.0,0.0,11.294879,26.532238,5.0,5.0,0.0,70.81411,0.0
78.0,228.20866,2.0,81.0,27.0,0.0,0.0,94.0,42.580956,6.0,6.0,23.0,1.0,28.647621,0.0,1.0,1.0,32.342793,-8.0,1.0,2.0,0.0,43.0,0.0
77.0,146.13522,5.0,53.170506,20.0,1.0,1.0,100.0,0.5352563,6.0,6.0,21.563763,2.0,47.0,5.406345,1.0,0.0,10.0,-8.0,1.0,3.0,0.0,49.461327,0.0
84.0,289.58487,3.0,104.71156,22.26847,0.0,0.0,100.0,-7.0,7.0,8.0,28.0,1.0,27.0,0.0,3.0,3.0,13.287764,50.90469,3.0,2.0,0.0,44.0,0.0
80.0,125.15655,20.0,54.616173,3.3640385,0.0,0.0,100.0,-7.0,7.0,8.0,6.0338383,0.0,29.0,0.0,0.0,0.0,2.0,-8.0,-9.0,1.0,0.0,21.244303,0.0
71.0,223.2385,6.0,89.69727,28.0,0.0,0.0,92.465385,4.5647144,4.0,6.0,35.306225,4.0,21.0,0.0,2.0,2.0,8.563413,-8.0,4.0,1.0,0.0,35.91904,0.0
80.0,212.05498,5.0,108.15036,22.0,0.0,0.0,100.0,-7.0,7.0,8.0,26.0,4.0,43.128696,0.0,3.0,3.2175677,14.0,-8.0,2.0,3.0,0.0,50.0,0.0
73.05146,187.46349,15.0,78.85874,9.5293255,0.0,0.0,74.56024,46.031742,6.0,6.0,11.0,0.0,39.18472,7.0,0.0,0.0,36.42432,83.52953,2.0,1.0,0.0,50.0,0.0
74.120834,468.03534,59.569557,273.06226,13.0,0.0,0.0,100.0,-7.0,7.0,8.0,19.0,0.0,23.0,0.0,2.0,2.0,39.009106,-8.0,2.0,1.0,2.0,81.16069,0.0
79.0,-8.943658,7.0,66.61757,17.0,0.0,0.0,100.0,-7.0,7.0,8.0,10.0,3.0,72.58,-8.0,1.0,0.0,39.40645,74.32457,1.0,4.0,1.0,71.0,0.0
80.0,170.61552,3.0,65.0,36.0,0.0,0.0,100.0,-7.0,7.0,8.0,37.0,2.0,41.0,4.0,1.0,1.0,9.0,96.72874,7.0,3.0,0.0,71.0,0.0
71.0,290.70218,8.0,128.1738,22.317484,0.0,0.0,82.82026,13.023904,6.0,6.0,21.0,1.0,36.0,7.0,0.0,0.0,36.0,88.045685,4.0,2.0,0.0,80.0,0.0
71.0,374.6601,5.0,126.20761,22.0,1.0,1.0,91.66883,36.177517,6.0,6.0,24.0,2.0,57.44101,3.0,1.0,1.0,22.973867,65.71739,4.0,2.0,0.0,71.0,0.0
85.0,263.05447,6.8860936,81.38872,23.918394,0.0,0.0,100.0,-7.0,7.0,8.0,28.0,1.0,20.921293,3.0,0.0,0.0,1.1970857,-8.0,6.461448,2.0,0.0,60.0,0.0
83.0,418.90695,2.0,126.26416,31.665586,0.0,0.0,100.0,-7.0,7.0,8.0,33.64306,3.0,22.05471,0.0,1.0,1.0,1.0,98.30962,9.0,2.0,1.0,50.0,0.0
74.0,225.82721,5.0,90.0,43.329044,0.0,0.0,100.0,-7.0,7.0,8.0,39.53039,2.0,21.0,0.0,3.0,3.0,17.601063,72.37238,5.0,3.0,2.0,43.0,0.0
74.0,228.95125,3.0,41.89138,28.0,0.0,0.0,100.0,-7.0,7.0,8.0,30.522396,5.0,39.47146,1.7427639,0.0,0.0,18.0,85.32311,4.0,5.826997,0.0,64.0,0.0
83.0,200.49672,3.0,67.0,23.723516,1.0,0.0,96.86839,40.772938,6.0,5.0,26.6241,2.0,24.0,0.0,4.0,4.0,5.0,74.9087,3.0,2.0,0.0,40.672264,0.0
70.0,130.00464,15.0,88.347595,9.980656,0.0,0.0,86.35871,34.069824,6.0,5.0,5.332121,0.0,31.0,0.0,2.0,2.0,76.07637,-8.0,1.0,-8.0,0.0,44.0,0.0
61.818184,152.92941,9.0,65.0,28.09007,0.68894404,0.0,100.0,0.122142926,3.0,5.1627398,32.0,0.0,33.863564,0.0,2.0,2.0,29.79262,84.04042,4.0,2.0,1.0,53.897675,0.0
84.704735,234.57965,7.3275948,83.65453,15.0,0.0,0.0,100.0,-7.0,7.0,8.0,16.1009,2.0,30.84943,0.0,0.0,0.0,11.0,99.79943,4.0,2.0,0.0,44.295612,0.0
92.95865,228.31572,30.770731,195.89626,14.0,0.0,0.0,100.0,-7.0,7.0,8.0,0.5683755,0.0,20.0,-7.0,0.0,0.0,0.0,-8.0,1.0,1.0,0.0,31.727531,0.0
82.0,245.22583,2.0,71.24306,21.0,0.0,0.0,95.0,41.89309,6.0,6.0,23.0,1.0,12.35762,0.0,1.0,1.0,13.132524,-8.0,4.0,1.0,0.0,50.0,0.0
67.247765,310.12784,2.0,135.79707,41.73878,1.0,0.0,91.44605,22.75174,6.0,6.0,43.416878,1.0,27.203266,1.0,3.0,3.0,13.241336,-8.0,1.0,2.0,0.0,30.788965,0.0
84.333855,82.18212,7.0,67.61517,14.0,0.0,0.0,100.0,-7.0,7.0,8.0,15.0,1.0,56.17174,0.0,0.0,0.0,2.0,-8.0,2.0,1.0,0.0,60.0,0.0
-9.0,-9.0,-9.0,-9.0,-9.0,-9.0,-9.0,-9.0,-9.0,-9.0,-9.0,-9.0,-9.0,-9.0,-9.0,-9.0,-9.0,-9.0,-9.0,-9.0,-9.0,-9.0,-9.0,0.0
77.0,109.337395,8.0,44.192917,12.0,0.0,0.0,100.0,-7.0,7.0,8.0,10.0,1.0,53.05593,0.0,2.0,2.0,8.119221,-8.0,2.0,1.5082694,0.0,50.0,0.0
81.0,125.397285,3.5561268,57.32531,19.532047,0.0,0.0,100.0,-7.0,7.0,8.0,29.848763,3.0,19.0,0.0,1.0,1.0,13.444533,57.402294,2.0,2.0,0.0,42.566948,0.0
81.0,191.5998,3.0,60.558155,34.0,0.0,0.0,100.0,-7.0,7.0,8.0,34.0,2.6647036,48.964615,0.0,1.0,1.0,18.0,93.0,6.0,4.0,0.0,100.0,0.0
78.0,320.52426,23.42342,115.846306,23.0,0.0,0.0,95.65815,52.917236,6.0,6.0,24.0,0.0,8.068092,0.0,0.0,0.0,36.340576,-8.0,6.0,1.0,2.0,56.0,0.0
80.0,305.97928,9.0,107.01499,18.0,0.0,0.0,95.0,27.556923,6.0,6.0,19.0,0.0,30.0,0.0,2.0,1.0,14.352015,-8.0,3.0,1.0,1.0,84.06009,0.0
77.0,150.40886,10.0,103.03246,20.0,0.0,0.0,100.0,-7.0,7.0,8.0,23.0,0.0,20.0,-7.0,0.0,0.0,37.076595,-8.0,4.0,1.0,1.0,65.24169,0.0
71.0,220.47502,7.0,77.64959,17.0,0.0,0.0,92.0,35.203743,6.0,6.0,19.0,1.0,24.0,0.0,0.0,0.0,52.148785,-8.0,6.0,2.0,2.0,81.80531,0.0
76.28128,352.69696,6.0,130.75385,21.0,0.0,0.0,90.82977,13.07749,6.0,6.0,23.0,2.0,31.0,2.0,0.0,0.0,18.46224,50.431904,2.0,3.0,0.0,67.0,0.0
68.0,240.58482,5.0,105.14902,22.0,0.0,0.0,90.16027,5.245327,6.0,6.0,24.655235,2.0,33.0,-8.0,0.0,0.0,47.053032,67.29509,6.0,3.0,0.0,75.0,0.0
