ExternalRiskEstimate,MSinceOldestTradeOpen,MSinceMostRecentTradeOpen,AverageMInFile,NumSatisfactoryTrades,NumTrades60Ever2DerogPubRec,NumTrades90Ever2DerogPubRec,PercentTradesNeverDelq,MSinceMostRecentDelq,MaxDelq2PublicRecLast12M,MaxDelqEver,NumTotalTrades,NumTradesOpeninLast12M,PercentInstallTrades,MSinceMostRecentInqexcl7days,NumInqLast6M,NumInqLast6Mexcl7days,NetFractionRevolvingBurden,NetFractionInstallBurden,NumRevolvingTradesWBalance,NumInstallTradesWBalance,NumBank2NatlTradesWHighUtilization,PercentTradesWBalance,cond
71.0,162.38237,3.0,48.09556,22.786983,1.0,0.0,87.861725,45.054176,6.0,5.0,28.0,6.0,39.0,0.0,3.0,3.0,1.0,25.541048,2.0,2.0,0.0,56.0,0.0
78.0,171.07315,22.437449,80.739235,15.58822,0.0,0.0,85.21513,39.098278,6.0,6.0,16.670042,0.0,27.0,-8.0,0.0,0.0,11.0,48.363842,4.0,2.0,0.0,75.0,0.0
66.15913,239.42825,2.0,52.19919,23.0,2.584611,1.0,95.60812,21.011948,4.0,2.0,31.0,6.0,17.0,4.0,1.8450541,1.0,38.73871,93.0,9.0,3.0,0.0,71.0,0.0
67.31393,130.17604,10.383569,63.393547,8.800273,3.0,3.221217,100.0,-7.0,3.0,8.0,9.0,0.0,95.22929,0.0,3.0,3.0,0.0,-8.0,1.0,2.0,0.0,100.0,0.0
85.0,165.60164,9.0,115.20288,15.689944,0.0,0.0,100.0,-7.0,7.0,8.0,19.0,1.0,60.669323,0.0,0.0,0.0,0.0,95.9587,0.11576012,2.0,0.0,67.0,0.0
78.31569,96.22878,2.0,56.214573,21.898525,0.0,0.0,100.0,-7.0,7.0,8.0,21.56459,3.0,38.0,3.0,0.0,0.0,32.0,67.43483,4.0,2.0,0.22695166,63.0,0.0
-9.0,-9.0,-9.0,-9.0,-9.0,-9.0,-9.0,-9.0,-9.0,-9.0,-9.0,-9.0,-9.0,-9.0,-9.0,-9.0,-9.0,-9.0,-9.0,-9.0,-9.0,-9.0,-9.0,0.0
92.30989,230.50601,51.31745,148.92123,11.0,0.0,0.0,100.0,-7.0,7.0,8.0,10.837814,0.0,24.98567,-8.0,0.0,0.0,1.0,-8.0,2.2845454,1.0,0.0,58.47377,0.0
78.0,320.56152,4.0,89.08736,29.0,0.0,0.0,97.0,63.282574,6.0,6.0,30.547342,3.0,33.0,-7.0,2.3700273,2.0,31.80951,94.11252,5.9905014,2.0,0.0,75.0,0.0
86.0,367.59253,6.5765576,116.17253,25.0,0.0,0.0,100.0,-7.0,7.0,8.0,24.973368,2.0,8.122463,1.0,1.0,1.0,9.0,-8.0,2.0,1.0,0.0,49.11442,0.0
83.302925,166.66006,7.0,89.99965,30.0,0.0,0.0,100.0,-7.0,7.0,8.0,41.93566,1.0,36.0,-7.0,0.0,0.0,4.777922,-8.0,4.0,1.0,0.0,53.615356,0.0
74.0,397.97144,4.0,180.184,25.0,0.0,0.0,90.0,2.3515487,3.7714632,6.0,27.625969,1.0,45.503143,0.0,0.0,0.0,1.0,91.252106,6.0,1.0,0.0,60.572735,0.0
85.0,181.33911,7.0,76.048004,16.0,0.0,0.0,94.0,27.67694,6.0,6.0,19.0,0.1270909,37.152645,-8.0,2.0,1.0,4.0,100.0,2.0,4.0,0.0,57.0,0.0
72.5211,150.11455,1.0,77.0,39.44102,0.0,0.0,100.0,32.307644,6.0,6.0,43.80386,4.0,41.639374,0.0,2.0,2.0,30.626558,-8.0,4.0,1.0,2.0,64.0,0.0
67.83769,344.32104,3.0,116.501724,43.071114,0.0,0.0,94.0,20.848066,6.0,6.0,28.775381,5.0,37.0,16.0,0.0,0.0,37.01975,-8.0,4.0,4.0,0.0,51.139038,0.0
80.64708,414.64435,4.0,117.36462,18.0,1.0,1.0,94.83726,21.832787,6.0,2.0,20.0,1.0,18.716297,-7.0,0.0,0.0,1.0,-8.0,2.0,1.0,0.0,27.851328,0.0
90.0,268.60352,11.0,126.64333,39.0,0.0,0.0,100.0,-7.0,7.0,8.0,36.91771,0.0,21.0,-7.093763,0.0,0.0,8.323954,-8.0,3.0,1.0,0.0,47.569847,0.0
85.0,122.005554,7.484618,58.0,9.199295,0.0,0.0,100.0,-7.0,7.0,8.0,12.146754,0.0,2.0321162,0.0,0.0,0.0,22.380701,-8.0,2.0,1.0,0.0,64.0,0.0
89.99572,205.8116,33.830048,129.52069,12.0,0.0,0.0,100.0,-7.0,7.0,8.0,12.0,0.0,12.35422,9.898606,0.0,0.0,4.0,-8.0,1.0,1.0,-8.0,83.0,0.0
81.0,230.33011,2.0,100.0,22.0,0.0,0.0,100.0,-7.0,7.0,8.0,22.0,2.0,17.0,1.0,1.0,0.0,3.0,-8.0,2.0,-8.0,0.0,24.842146,0.0
75.87834,391.21484,21.855108,155.32526,14.0,4.023065,0.0,67.4095,16.26892,6.0,3.0,19.0,0.0,14.939312,5.0,0.0,0.0,3.0,-8.0,2.0,1.0,0.0,43.0,0.0
77.3643,172.7705,5.815528,42.759357,17.0,0.0,0.0,100.0,-7.0,7.0,8.0,16.0,2.0,20.846075,-7.0,0.0,0.0,16.0,-8.0,2.0,1.0,0.0,32.79847,0.0
70.0,265.63803,47.393723,120.27037,18.0,1.0,1.0,100.0,-7.0,7.0,8.0,19.0,0.0,50.0,0.0,0.0,0.0,18.491001,-8.0,3.0,1.0,0.0,91.80063,0.0
72.0,104.2026,5.0,40.475346,22.0,0.0,0.0,94.0,21.52663,6.0,6.0,26.0,2.0,45.56745,0.30785766,1.0,1.0,22.499289,68.126915,3.0,3.0,0.0,58.0,0.0
63.869972,157.75996,6.0,72.0,25.0,0.0,0.0,83.80118,26.724136,6.0,6.0,23.953266,2.0,19.0,18.478249,0.0,0.0,47.939877,73.70467,6.0,4.0,0.0,80.0,0.0
80.672264,299.42908,-9.0,68.0,26.0,0.0,0.0,100.0,-7.0,7.0,8.0,34.750614,2.0,52.73466,0.0,3.0,3.0,16.206131,57.887047,2.0,4.0,0.0,58.421535,0.0
73.51541,173.5937,1.0,81.0,65.23095,0.0,0.0,100.0,-7.0,7.0,8.0,34.09829,8.712927,17.0,1.0,1.0,1.0,27.671398,93.00292,5.0,4.0,0.0,44.0,0.0
-9.0,-9.0,-9.0,-9.0,-9.0,-9.0,-9.0,-9.0,-9.0,-9.0,-9.0,-9.0,-9.0,-9.0,-9.0,-9.0,-9.0,-9.0,-9.0,-9.0,-9.0,-9.0,-9.0,0.0
75.56228,479.62115,28.146471,144.7413,20.754913,0.0,0.0,100.0,-7.0,7.0,8.0,17.84737,0.0,20.0,-8.0,0.0,0.0,40.96787,-8.0,11.0,-8.0,4.4343696,88.0,0.0
87.0,159.9322,10.0,86.0,22.194628,0.0,0.0,100.0,-7.0,7.0,8.0,22.586964,1.0,44.0,0.0,0.0,0.0,16.0,75.864525,2.0,4.0,0.0,56.0,0.0
85.0,314.40472,9.0,116.77182,11.961032,0.0,0.0,100.0,-7.0,7.0,8.0,12.0,0.0,45.0,2.0,1.0,1.0,4.0,100.0,1.0,2.0,0.0,55.39642,0.0
81.09184,297.16098,2.0,90.20538,38.03774,0.0,0.0,100.0,-7.0,7.0,8.0,50.9827,5.0,19.0,2.0,0.105564624,0.0,9.473508,72.07622,7.5186934,3.0,0.0,50.0,0.0
82.801216,308.32455,4.0,70.83088,36.0,0.0,0.0,100.0,-7.0,7.0,8.0,40.239895,3.0,17.0,0.0,2.0,1.9224283,7.397918,-8.0,3.0,1.0,0.0,28.730202,0.0
90.59363,282.51163,11.3245125,123.51104,17.850306,0.0,0.0,100.0,-7.0,7.0,8.0,18.541018,0.0,45.646,5.0,0.0,0.0,3.0,-8.0,2.0,2.0,0.0,40.0,0.0
89.0,404.40134,23.040722,85.15558,16.726128,0.0,0.0,100.0,-7.0,7.0,8.0,12.231809,0.0,17.0,-8.0,0.0,0.0,3.0,-8.0,2.0,-8.0,0.0,29.875801,0.0
78.80948,177.50104,21.600092,118.159424,20.0,0.0,0.0,91.91682,3.280216,6.0,6.0,20.688902,0.0,17.064354,-7.0,0.0,0.0,0.0,-8.0,2.0,1.0,0.0,39.731518,0.0
88.0,196.55191,26.174341,77.0,14.044407,0.0,0.0,100.0,-7.0,7.0,8.0,16.0,0.0,22.01064,8.361849,0.0,0.0,2.3994608,23.392925,3.0,2.0,0.0,57.930077,0.0
72.92091,80.57497,1.0,55.35834,47.007633,0.0,0.0,98.0,30.043762,6.0,6.0,59.941116,3.0,57.40347,0.0,4.968651,4.7972455,9.0,63.59976,2.0,4.0,0.0,60.0,0.0
85.0,327.18045,15.0,139.92467,22.0,0.0,0.0,100.0,-7.0,7.0,8.0,29.0,0.0,13.0,8.0,0.0,0.0,19.21104,-8.0,7.0,1.0,0.0,66.27667,0.0
77.0,328.89865,16.0,141.77396,30.546741,0.0,0.0,100.0,-7.0,7.0,8.0,47.936176,0.0,11.591182,0.0,2.0,1.9578822,6.0,-8.0,6.0,1.0,1.0,46.868046,0.0
85.0,150.43979,6.0,65.2017,21.0,0.0,0.0,100.0,-7.0,7.0,8.0,23.0,1.0,40.167984,-7.0,0.0,0.0,0.0,98.911514,1.0,1.0,0.0,41.988323,0.0
77.0,375.09805,8.0,81.21807,33.0,0.0,0.0,100.0,-7.0,7.0,8.0,27.573273,2.1923714,42.0,4.6813364,3.0,3.0,17.0,51.522686,3.0,2.0,1.0,50.0,0.0
-9.0,-9.0,-9.0,-9.0,-9.0,-9.0,-9.0,-9.0,-9.0,-9.0,-9.0,-9.0,-9.0,-9.0,-9.0,-9.0,-9.0,-9.0,-9.0,-9.0,-9.0,-9.0,-9.0,0.0
-9.0,-9.0,-9.0,-9.0,-9.0,-9.0,-9.0,-9.0,-9.0,-9.0,-9.0,-9.0,-9.0,-9.0,-9.0,-9.0,-9.0,-9.0,-9.0,-9.0,-9.0,-9.0,-9.0,0.0
74.21488,207.80634,10.0,81.4852,25.0,0.0,0.0,92.0,35.8794,6.0,6.0,27.0,1.0,28.0,0.0,1.0,1.0,19.094564,-8.0,5.0,2.0,0.0,79.31926,0.0
77.0,271.29352,2.0,83.72627,57.282898,0.0,0.0,100.0,-7.0,7.0,8.0,60.41973,6.0,22.0,0.0,4.0,3.0,22.933798,15.442112,7.0,3.0,0.0,50.0,0.0
77.0,370.02896,37.165226,142.0274,21.0,0.0,0.0,95.291084,52.13492,6.0,6.0,15.0,0.0,8.965613,0.0,2.0,2.0,21.35026,-8.0,5.0,1.0,0.0,57.0,0.0
68.0,170.276,5.0,81.0,24.0,0.0,0.0,87.72655,9.276003,6.0,6.0,34.0,2.0,17.0,0.0,0.0,0.0,34.823254,50.848923,7.885912,2.0,1.0,80.0,0.0
71.50872,179.20772,5.0,67.0,26.0,1.0,0.0,93.847206,6.0,4.0,5.0,23.673582,3.0,20.0,15.7753525,0.0,0.0,1.0,53.357834,4.117368,2.0,0.0,69.83438,0.0
86.75075,413.38083,-9.0,125.66147,38.597893,0.0,0.0,100.0,-7.0,7.0,8.0,47.885303,3.0,20.560648,0.0,2.0,2.0,2.111196,92.3274,4.0,2.0,0.0,27.814524,0.0
85.52101,159.18602,22.615488,86.0,28.0,0.0,0.0,100.0,-7.0,7.0,8.0,35.0,0.0,42.0,0.0,0.0,0.0,2.0,52.958576,1.0,3.0,0.0,54.067,0.0
77.0,122.241104,3.0,47.845844,23.0,0.0,1.0,92.0,16.231693,6.0,2.0,24.0,2.0,19.0,1.0,2.0,1.0,1.0,-8.0,1.0,1.0,0.0,27.704708,0.0
72.0,128.42094,8.0,77.25214,17.0,0.0,0.0,78.475784,6.5244193,4.1624303,6.0,21.0,2.0,39.060783,0.0,0.0,0.0,1.0,-8.0,1.0,2.0,0.0,75.0,0.0
85.0,266.6156,5.0,85.86551,27.478727,0.0,0.0,100.0,-7.0,7.0,8.0,22.0,2.0,14.0,0.0,1.0,1.0,0.0,-8.0,2.0,-5.3887386,0.0,20.641367,0.0
79.0,148.08856,-7.581256,58.51855,29.0,0.0,0.0,100.0,-7.0,7.0,8.0,38.0,4.0,24.0,0.0,2.0,2.0,2.709432,-8.0,5.0,1.0,0.0,36.65507,0.0
75.0,214.3854,9.0,92.17134,23.0,0.0,0.0,100.0,-7.0,7.0,8.0,19.97703,1.0,23.0,13.321606,0.0,0.0,40.768276,94.258965,8.602928,2.0,0.0,80.0,0.0
76.0,176.41957,6.0,97.07951,17.0,0.0,0.0,100.0,-7.0,7.0,8.0,19.111885,1.0,40.0,-7.0,0.0,0.0,58.557842,50.20895,4.0,2.0,1.0,73.0,0.0
82.0,154.27933,8.0,61.556305,22.0,0.0,0.0,100.0,3.0,6.0,6.0,32.0,1.0,41.960194,1.4814109,2.0,2.0,1.0,72.84482,1.6998378,1.0,0.0,35.512085,0.0
84.0,206.3047,31.842813,88.32578,10.0,0.0,0.0,100.0,-7.0,7.0,8.0,10.0,0.0,24.0,5.0,1.0,1.0,19.0,-8.0,4.0,1.0,0.0,83.0,0.0
84.0,181.01857,9.0,65.11388,40.07423,0.0,0.0,100.0,49.82694,6.0,6.0,16.891752,3.0,33.0,-7.0,3.0,2.0,10.0,67.62374,4.0,3.0,0.0,42.280537,0.0
89.0,332.47272,5.6156554,90.954254,13.0,0.0,0.0,100.0,-7.0,7.0,8.0,17.0,1.0,19.678755,1.0,3.0,3.0,2.0,-8.0,2.0,1.0,0.0,80.0,0.0
77.0,216.75737,1.440553,93.0,15.0,0.0,0.0,93.729256,77.069595,6.0,6.0,17.0,1.0,40.0,0.0,2.0,2.0,38.041485,94.19894,3.0,2.0,1.0,75.0,0.0
92.83973,170.45609,7.0,75.89014,20.0,0.0,0.0,100.0,-7.0,7.0,8.0,19.719654,1.0,25.887547,0.0,0.0,0.0,5.0,-8.0,2.0,1.0,0.0,38.0,0.0
73.0,194.69743,3.0,75.0,34.0,0.0,0.0,100.0,-7.0,7.0,8.0,34.689335,3.0,45.0,0.7689664,2.0,2.0,51.72545,48.829617,1.0,2.0,0.0,64.0,0.0
64.0,225.40297,5.0,70.65344,30.0,0.0,0.0,86.765816,3.0,5.992568,6.0,26.273918,3.0,41.179585,4.9996824,1.0,0.0,12.478743,88.0,6.0,3.0,0.0,67.0,0.0
67.0,270.72733,13.232298,77.0,41.937416,1.0,0.0,95.0,-7.0,-9.0,6.0,41.154823,1.0,18.292501,3.2893364,0.0,0.0,29.344938,54.102074,6.0,2.0,0.0,50.0,0.0
70.0,286.26495,7.0,65.0,30.0,1.0,1.0,89.10865,15.073799,6.0,6.0,34.0,2.0,24.089575,0.0,0.0,0.0,1.0,72.40476,4.0,2.0,0.0,46.166157,0.0
87.0,208.54385,15.001983,65.02937,20.0,0.0,0.0,100.0,-7.0,7.0,8.0,24.866327,0.0,19.0,-7.0,0.0,0.0,6.0,-8.0,2.0,1.0,0.0,28.914055,0.0
69.50265,122.33304,4.0,48.102413,31.699999,0.0,0.0,96.0,39.37664,6.0,6.0,37.248585,4.0,46.05016,-8.0,0.0,0.0,41.14376,93.0,2.0,4.0,1.0,57.0,0.0
80.0,261.7293,1.0,103.45955,44.488026,0.0,0.0,100.0,-7.0,7.0,8.0,51.57379,2.0,30.0,1.0,0.0,0.0,25.937273,80.57959,6.391437,3.0,1.0,57.0,0.0
78.0,46.97885,6.0,70.535385,16.0,0.0,0.0,100.0,-7.0,7.0,8.0,15.0,0.0,20.0,0.0,1.0,1.0,41.977707,52.8275,1.0,2.0,0.9075063,33.0,0.0
86.436035,77.89151,3.0,48.77352,19.0,0.0,0.0,100.0,-7.0,7.0,8.0,18.0,1.0,26.598547,-8.0,0.0,0.0,0.0,19.575518,1.0,1.0,0.0,29.948423,0.0
68.0,-9.0,9.0,42.441383,23.0,0.0,0.0,100.0,-7.0,7.0,8.0,6.2729735,2.0,42.0,0.0,3.0,3.0,28.849287,46.119392,7.0,2.0,0.0,80.0,0.0
76.0,167.96674,3.0,67.0,44.891644,0.0,0.0,100.0,-7.0,7.0,8.0,44.329292,4.792007,25.283674,0.7745812,4.0,4.0,17.755869,93.0,10.124257,4.0,0.0,60.0,0.0
85.0,328.64587,24.814104,99.93247,28.0,0.0,0.0,100.0,-7.0,7.0,8.0,25.73419,0.0,28.0,-7.0,4.0,3.0,0.0,62.12044,1.0,2.0,0.0,15.848625,0.0
83.0,255.10901,18.562809,107.20585,24.0,0.0,0.0,97.0,3.0,6.0,6.0,25.847795,0.0,24.0,0.0,2.0,2.0,8.157984,86.79791,4.0,4.0,0.0,64.0,0.0
75.79363,253.06267,28.725735,128.84618,25.0,0.0,0.0,94.0,43.748478,6.0,6.0,27.0,0.0,-9.0,0.0,1.0,1.0,11.0,-8.0,7.0,-8.0,0.0,82.62019,0.0
-9.0,-9.0,-9.0,-9.0,-9.0,-9.0,-9.0,-9.0,-9.0,-9.0,-9.0,-9.0,-9.0,-9.0,-9.0,-9.0,-9.0,-9.0,-9.0,-9.0,-9.0,-9.0,-9.0,0.0
69.0,78.62888,13.43936,60.907272,26.276909,0.0,0.0,100.0,-7.0,7.0,8.0,26.388708,0.0,57.17117,4.099777,0.0,0.0,43.338326,22.888783,5.0,6.2762127,2.0,100.0,0.0
68.0,132.48346,6.0,61.0,15.0,1.0,1.0,91.0,17.801733,4.0,3.0,18.0,2.0,39.097645,0.0,2.0,2.0,37.901463,82.42054,2.0,2.0,0.0,42.927322,0.0
66.0,295.31226,5.0,77.0,16.020061,0.0,0.0,81.78466,29.424387,6.0,6.0,19.0,2.0,45.0,0.0,4.0,4.0,83.1452,-8.0,3.0,-8.0,1.0,60.0,0.0
-9.0,-9.0,-9.0,-9.0,-9.0,-9.0,-9.0,-9.0,-9.0,-9.0,-9.0,-9.0,-9.0,-9.0,-9.0,-9.0,-9.0,-9.0,-9.0,-9.0,-9.0,-9.0,-9.0,0.0
76.79523,260.52017,2.0,61.161873,32.55387,0.0,0.0,95.39748,14.209256,6.0,6.0,32.11792,1.5930873,27.0,0.0,2.0,2.0,1.2499561,93.0,2.0,4.0,0.0,55.92933,0.0
89.0,221.66441,21.028076,123.811874,22.0,0.0,0.0,100.0,-7.0,7.0,8.0,29.0,0.0,9.13318,0.0,0.0,0.0,0.0,-8.0,1.0,1.0,0.0,30.726128,0.0
89.0,279.37262,27.179821,100.0,22.0,0.0,0.0,100.0,-7.0,7.0,8.0,20.5981,0.0,-4.9249587,-8.0,0.0,0.0,6.0,-8.0,5.0,-8.0,0.0,56.0,0.0
60.599354,159.03836,10.0,48.849785,18.0,1.0,0.0,88.46044,4.9313574,4.0,5.0,21.17949,2.0,33.78908,0.0,1.0,1.0,36.76954,-8.0,3.0,1.0,3.0,33.0,0.0
65.37361,170.83179,4.0,62.50014,30.0,0.0,0.0,94.0,3.0,4.0,6.0,31.70456,2.0,20.757723,0.0,3.0,3.0,21.54666,82.60234,6.0,2.0,0.0,51.53906,0.0
66.08874,191.31389,11.832458,81.39129,12.0,1.0,0.0,92.0,1.8399187,4.0,5.941516,15.0,0.0,43.0,5.0,0.0,0.0,2.0,-8.0,2.0,2.0,0.0,83.0,0.0
69.0,271.37338,8.0,93.23654,45.217064,1.0,1.0,95.0,31.391117,6.0,5.8355675,44.18654,2.0,33.0,1.0,1.0,1.0,37.070522,90.98977,9.021901,5.0,2.0,64.77293,0.0
69.0,312.02963,33.99473,109.53559,25.0,1.0,0.0,79.57438,4.0,4.0,3.2773318,28.0,0.0,14.0,4.5243917,0.0,0.0,29.439949,-8.0,5.0,2.0,0.0,44.0,0.0
72.97777,157.43283,22.040518,72.0,15.364985,0.0,0.0,89.67248,21.364937,6.0,6.0,17.057365,0.0,53.404644,-7.0,0.0,0.0,31.298391,24.06752,4.0,2.0,0.0,67.0,0.0
78.0,240.21017,6.0,94.12568,35.321644,0.0,0.0,100.0,-7.0,6.0,6.0,32.0,3.0,20.97276,2.0,1.0,1.0,25.131363,-8.0,5.0,1.0,2.0,37.35177,0.0
83.82529,290.19495,2.0,109.71899,33.583664,0.0,0.0,100.0,-7.0,7.0,8.0,32.882236,2.0,17.57508,0.0,1.0,1.0,12.0,-4.6929774,2.0,1.0,0.0,50.0,0.0
84.41371,61.973732,7.1064105,57.6333,2.3898497,0.0,0.0,100.0,-7.0,7.0,8.0,-5.7506638,1.0,45.322105,-7.0,0.0,0.0,0.6105146,-8.0,1.0,1.0,0.0,100.0,0.0
67.0,205.20122,9.0,109.55714,14.0,8.49387,1.0,67.924095,20.946539,6.0,-9.0,20.947851,0.0,29.0,0.0,3.0,3.0,1.0,-8.0,2.0,3.0,0.0,56.017426,0.0
87.0,268.6878,8.0,126.174675,25.0,0.0,0.0,100.0,-7.0,7.0,8.0,35.49067,1.0,33.0,4.0,1.0,1.0,0.0,80.85642,1.0,2.0,0.0,52.883987,0.0
85.0,196.52885,24.998287,128.46037,16.0,0.0,0.0,100.0,-7.0,4.0,8.0,16.0,0.0,33.0,-8.0,0.0,0.0,16.895422,-8.0,2.0,1.0,0.0,57.0,0.0
77.769844,250.24472,16.241842,120.96631,13.0,2.0,0.0,86.34411,45.002975,6.0,5.0,14.671963,0.0,67.20467,0.81399155,3.0,3.0,7.930965,56.748737,2.0,2.0,0.0,83.09368,0.0
81.0,163.22217,6.0,83.0,31.572275,0.0,0.0,96.15515,46.131855,6.0,6.0,29.190273,1.0,23.0,0.0,1.0,1.0,17.0,93.78623,2.0,1.0,0.0,33.0,0.0
77.0,267.83902,5.0,87.23618,10.0,1.0,1.0,100.0,-7.0,6.0,8.0,9.729831,1.0,39.685055,21.72443,0.0,0.0,0.0,71.0,2.0,2.0,0.0,64.0,0.0
57.20108,460.5899,4.0,122.4196,9.0,2.0,0.0,58.52402,2.2523186,3.8766882,5.0,9.0,2.0,23.053003,-8.0,1.0,1.0,33.090424,76.0,6.0,1.0,3.0,84.50393,0.0
75.16111,403.66965,24.230726,146.271,10.0,0.0,0.0,100.0,-7.0,7.0,8.0,9.0,0.0,43.11904,-7.0,0.0,0.0,32.030807,61.52514,2.0,2.0,1.0,56.31756,0.0
72.0,165.93124,5.0,43.489082,25.0,0.0,0.0,100.0,-7.0,7.0,8.0,29.0,2.0,45.0,0.0,11.6824875,11.280126,5.0,28.733585,3.0,4.0,0.0,64.69134,0.0
70.0,202.36987,8.0,63.21848,19.0,0.0,0.0,100.0,-7.0,7.0,8.0,22.0,3.0,13.0,3.0,2.0,2.0,74.51817,-8.0,8.2651415,-8.040909,1.0,100.0,0.0
69.0,84.4051,2.0,18.42703,16.0,0.0,0.0,94.0,3.7057323,4.0,6.0,20.0,2.0,37.983723,0.0,4.420448,4.3412337,22.952301,84.94497,4.0,2.0,0.0,60.0,0.0
80.0,303.3949,17.926357,81.51347,17.0,0.0,0.0,100.0,-7.0,7.0,8.0,21.076117,0.0,44.725483,-7.0,1.0,1.0,59.54587,-8.0,4.0,1.0,0.0,80.0,0.0
-9.0,-9.0,-9.0,-9.0,-9.0,-9.0,-9.0,-9.0,-9.0,-9.0,-9.0,-9.0,-9.0,-9.0,-9.0,-9.0,-9.0,-9.0,-9.0,-9.0,-9.0,-9.0,-9.0,0.0
84.0,281.6793,15.492142,105.4322,13.0,0.0,0.0,96.0,-7.0,6.0,6.0,16.646734,0.0,32.0,-7.0,0.0,0.0,2.0,-8.0,3.0,1.0,0.0,56.0,0.0
-9.0,-9.0,-9.0,-9.0,-9.0,-9.0,-9.0,-9.0,-9.0,-9.0,-9.0,-9.0,-9.0,-9.0,-9.0,-9.0,-9.0,-9.0,-9.0,-9.0,-9.0,-9.0,-9.0,0.0
-9.0,-9.0,-9.0,-9.0,-9.0,-9.0,-9.0,-9.0,-9.0,-9.0,-9.0,-9.0,-9.0,-9.0,-9.0,-9.0,-9.0,-9.0,-9.0,-9.0,-9.0,-9.0,-9.0,0.0
77.0,252.08778,3.0,93.0,29.0,0.0,0.0,98.568405,51.642033,5.5837955,6.0,31.0,1.0,48.82086,1.0,2.0,2.0,20.524416,-8.0,2.0,1.0,0.0,56.513634,0.0
88.0,165.0739,17.712597,108.84689,12.0,0.0,0.0,100.0,-7.0,7.0,8.0,7.867726,0.0,21.056314,0.0,0.0,0.0,0.0,-8.0,1.0,1.0,0.0,35.918777,0.0
78.0,219.34224,1.0,92.0,17.12299,1.8560551,2.0,95.34316,71.29497,6.0,2.0,23.0,2.0,56.32279,1.0,2.0,2.0,0.8032423,-8.0,1.0,1.0,0.0,1.1710409,0.0
82.0,191.0357,20.0,87.71781,43.35615,0.0,0.0,100.0,-7.0,7.0,8.0,47.164703,0.0,46.69056,0.0,0.0,0.0,16.0,83.36943,3.0,3.0,0.0,67.0,0.0
-9.0,-9.0,-9.0,-9.0,-9.0,-9.0,-9.0,-9.0,-9.0,-9.0,-9.0,-9.0,-9.0,-9.0,-9.0,-9.0,-9.0,-9.0,-9.0,-9.0,-9.0,-9.0,-9.0,0.0
72.37346,438.24152,2.0,82.0,24.0,0.0,0.0,100.0,-7.0,7.0,8.0,23.0,6.0,39.0,5.0,1.0,1.0,40.939873,12.398389,5.0,1.0,1.0,74.03967,0.0
77.0,159.70508,3.0,56.94908,32.0,0.0,1.0,94.0,6.0,3.0,5.0,36.384827,5.0,41.0,0.0,0.0,0.0,5.0,92.18905,4.0,5.0,0.0,71.0,0.0
62.0,135.62521,10.0,61.0,-1.5308839,4.889248,8.793902,77.274895,10.814976,4.0,2.0,10.861434,1.0,36.0,-0.58726,2.0,2.0,62.776745,-8.0,3.0,-8.0,0.0,100.0,0.0
64.34252,211.79626,8.0,69.00505,19.35028,0.0,0.0,100.0,-7.0,7.0,8.0,21.0,4.0,39.0,2.0,2.0,2.0,104.25232,81.94989,7.5588555,1.0,1.0,80.0,0.0
62.0,213.19693,10.0,106.2843,28.0,0.0,0.0,100.0,-7.0,7.0,8.0,30.845858,3.0,18.746273,0.0,0.0,0.0,93.98793,-8.0,11.0,2.0,4.4928713,67.0,0.0
87.0,269.53302,48.785297,158.7235,18.0,0.0,0.0,100.0,-7.0,7.0,8.0,18.0,0.0,33.0,0.0,0.0,0.0,11.355307,-8.0,2.0,-8.0,0.0,44.746075,0.0
-9.0,153.09799,5.0,73.245346,6.6004295,4.514898,2.0,-9.0,18.519243,4.0,2.0,13.0,0.0,26.0,0.0,2.0,2.0,84.904,-8.0,2.0,1.0,3.0,75.893295,0.0
82.0,422.1105,10.105294,116.95233,34.06325,0.0,0.0,90.0,31.268572,6.0,6.0,26.0,0.0,19.0,-8.0,0.0,0.0,0.0,40.21907,1.0,3.0,0.0,33.0,0.0
73.0,513.7427,62.097004,125.71681,9.179734,1.0,1.0,87.60598,34.45944,6.0,5.0,7.041178,0.0,33.0,-7.0,0.0,0.0,7.0,52.895485,2.0,2.0,0.0,71.0,0.0
88.2234,164.25519,18.999382,82.0,29.0,0.0,0.0,100.0,-7.0,7.0,8.0,30.0,0.0,33.309544,15.303211,0.0,0.0,0.8849259,49.663948,4.0,2.0,0.0,42.30766,0.0
69.0,180.33241,2.0,70.90148,27.0,0.0,0.0,97.0,36.577515,6.0,6.0,30.476568,4.0,26.0,0.0,2.0,2.0,57.952625,69.51097,13.812147,3.0,4.539989,80.0,0.0
68.6499,158.76065,6.0,80.577866,26.324865,1.0,1.0,92.0,2.1777844,3.4488184,3.0,24.0,1.0,50.0,0.0,0.0,0.0,14.0,15.815898,2.0,2.0,0.0,50.0,0.0
-9.0,-9.0,-9.0,-9.0,-9.0,-9.0,-9.0,-9.0,-9.0,-9.0,-9.0,-9.0,-9.0,-9.0,-9.0,-9.0,-9.0,-9.0,-9.0,-9.0,-9.0,-9.0,-9.0,0.0
73.0,271.52267,6.0,68.0,12.0,0.0,0.0,100.0,-7.0,7.0,8.0,9.8544855,1.0,31.0,0.0,0.0,0.0,112.54391,-8.0,2.0,1.0,3.0,80.0,0.0
72.0,189.15222,14.297363,58.229843,13.0,0.0,0.0,100.0,-7.0,7.0,8.0,11.0,0.0,34.004932,8.0,0.0,0.0,54.078285,79.90359,4.0,2.0,3.2331803,50.0,0.0
81.0,417.69504,15.0,130.06746,32.0,0.0,0.0,97.01245,34.76135,6.0,6.0,27.63263,0.0,21.0,22.117641,0.0,0.0,5.082656,-8.0,6.0,2.0,1.0,60.0,0.0
81.32374,139.03194,2.0,79.0,11.383909,0.0,0.0,100.0,-7.0,7.0,8.0,13.0,1.0,18.0,3.4554818,1.0,1.0,0.0,-8.0,1.2979305,1.0,0.0,50.0,0.0
70.43393,125.665535,5.0,58.11863,14.0,0.0,0.0,100.0,-7.0,6.0,8.0,14.0,1.0,0.0,10.70169,0.0,0.0,6.0,-8.0,4.0,1.0,0.0,52.026905,0.0
77.0,151.38835,2.0,114.054955,6.754371,0.0,0.0,100.0,-7.0,7.0,8.0,6.0222054,3.0,11.720099,4.0,1.0,1.0,77.34025,130.9395,4.0,-8.0,0.0,99.19457,0.0
-9.0,-9.0,-9.0,-9.0,-9.0,-9.0,-9.0,-9.0,-9.0,-9.0,-9.0,-9.0,-9.0,-9.0,-9.0,-9.0,-9.0,-9.0,-9.0,-9.0,-9.0,-9.0,-9.0,0.0
86.0,-8.191622,9.0,49.50628,8.0,0.0,0.0,100.0,-7.0,7.0,8.0,3.9882686,0.0,17.0,21.271662,0.0,0.0,2.7647965,-8.0,2.0,2.0,0.0,73.0,0.0
78.0,115.23873,5.0,88.11228,13.0,1.0,1.0,83.51355,37.230057,6.0,5.0,3.3804955,2.0,24.303041,-8.0,1.0,1.0,2.0,-8.0,2.0,-9.0,0.0,30.522457,0.0
76.82133,85.33463,14.0,84.0,15.0,0.0,0.0,91.0,10.415554,6.0,6.0,22.0,0.0,7.032404,1.8270195,0.0,0.0,18.317831,-8.0,2.0,1.0,0.0,49.99581,0.0
80.0,193.55902,8.0,63.80141,14.0,0.0,0.0,100.0,-7.0,7.0,8.0,14.0,1.0,55.91701,0.0,2.0,2.0,1.0,-8.0,1.0,2.0,0.0,44.50096,0.0
89.0,369.5322,20.0,157.16702,20.749231,0.0,0.0,97.0,67.3671,6.0,6.0,19.0,0.0,20.0,0.0,0.0,0.0,2.0,-8.0,2.0,1.0,0.0,33.0,0.0
80.66041,166.21878,18.738548,77.0,13.0,0.0,0.0,100.0,-7.0,7.0,8.0,14.0,0.0,55.13416,-8.0,0.0,0.0,41.587326,74.1182,2.0,2.0,0.0,78.0,0.0
75.0,82.072365,5.0,111.11791,15.0,0.0,0.0,87.47832,47.781673,6.0,6.0,-9.0,2.0,96.23641,-9.0,0.0,0.0,2.0,95.952065,2.0,4.0,0.0,100.0,0.0
82.0,133.52917,2.0,71.0,8.0,0.0,0.0,100.0,-7.0,7.0,8.0,11.7830515,1.0,22.0,0.0,0.0,0.0,16.0,-8.0,2.0,2.0,0.0,60.0,0.0
79.0,187.97995,3.0,72.26723,41.34279,0.0,0.0,100.0,31.769682,6.0,6.0,41.269753,1.0,48.021862,4.0,2.0,2.0,32.0,-8.0,2.0,5.0,0.0,57.584705,0.0
67.0,125.46827,18.897966,64.49998,19.0,2.0,1.2449048,96.0,5.5090146,0.0,5.0,25.0,0.0,30.637293,0.0,0.0,0.0,25.0,-8.0,5.0,1.0,0.0,100.0,0.0
87.0,352.22433,7.0,143.42856,24.0,0.0,0.0,100.0,-7.0,7.0,8.0,34.0,2.0,25.0,-7.0,0.0,0.0,6.0,-8.0,3.9932458,1.0,0.0,35.59471,0.0
87.0,256.87634,12.0,98.118225,23.0,0.0,0.0,100.0,-7.0,7.0,8.0,32.0,0.0,18.559242,7.0,1.0,1.0,6.0,-8.0,2.0,1.0,0.0,45.5946,0.0
81.0,295.0538,9.988725,174.5666,13.406812,0.0,0.0,100.0,-7.0,7.0,8.0,13.0,2.0,15.110832,7.0,0.0,0.0,54.05424,-8.0,4.946889,1.0,0.0,57.0,0.0
63.851067,130.33765,1.0,43.230682,9.0,1.0,0.0,76.77812,24.253473,6.0,6.0,11.293424,1.1782802,35.449257,0.0,1.628758,1.1833252,46.26578,81.32769,1.0,2.0,0.46821365,75.0,0.0
72.0,186.64998,28.127476,65.0,7.0,0.0,0.0,88.0,4.0,4.0,6.0,12.0,0.0,41.293613,-7.0,1.0,0.0,52.65154,-8.0,2.0,1.0,0.0,83.0,0.0
-9.0,-9.0,-9.0,-9.0,-9.0,-9.0,-9.0,-9.0,-9.0,-9.0,-9.0,-9.0,-9.0,-9.0,-9.0,-9.0,-9.0,-9.0,-9.0,-9.0,-9.0,-9.0,-9.0,0.0
87.0,118.66093,2.0,60.769787,14.10258,0.0,0.0,100.0,-7.0,7.0,8.0,19.34543,2.0,36.0,0.0,2.0,1.8228437,2.0,64.04018,1.0,1.0,0.0,57.0,0.0
83.0,224.41743,40.46425,90.93674,10.0,0.0,0.0,100.0,-7.0,7.0,8.0,11.0,0.0,27.0,13.740865,0.0,0.0,7.217873,-8.0,1.0,1.0,0.0,40.0,0.0
75.0,29.47733,5.0,-9.0,5.2162547,0.0,0.0,100.0,-7.0,7.0,8.0,6.2164826,2.0,25.0,1.0,0.0,0.0,40.238686,82.0,2.0,2.0,0.0,56.0,0.0
63.900345,335.02716,38.921253,137.00201,13.0,1.0,2.0,83.026024,2.0,4.0,2.0,7.0,0.0,31.0,11.21133,0.0,0.0,71.61952,-8.0,3.0,1.0,0.0,75.0,0.0
71.0,147.19875,4.0,70.87271,16.0,0.0,0.0,100.0,-7.0,7.0,8.0,20.0,2.0,38.0,0.0,0.0,0.0,66.36051,87.89353,4.0,3.0,3.0,80.0,0.0
80.0,159.9624,3.0,80.14364,10.0,0.0,0.0,95.0,15.375055,4.6324425,6.0,9.0,1.0,21.357176,0.0,0.0,0.0,0.9973044,8.435736,1.0,1.0,0.0,33.0,0.0
72.55879,166.36505,5.0,62.095665,13.654393,0.0,0.0,100.0,-7.0,7.0,8.0,16.0,2.0,37.463284,-7.0,0.0,0.0,93.4901,9.768361,2.0,2.0,1.0,83.0,0.0
87.0,465.0139,7.0,84.80976,17.0,0.0,0.0,100.0,-7.0,7.0,8.0,16.0,2.0,17.292389,15.889221,0.0,0.0,11.199607,-8.0,1.0,-8.0,0.0,27.316341,0.0
83.0,356.3545,3.0,82.0,22.0,0.0,0.0,100.0,-7.0,7.0,8.0,23.952389,1.0,36.495895,1.0,0.0,0.0,23.51103,50.47332,3.0,4.0,0.0,67.0,0.0
70.0,213.05162,15.0,100.0,21.0,1.0,0.0,96.0,9.437943,6.0,6.0,22.405342,0.0,48.007156,0.0,0.0,0.0,27.14742,33.763996,6.0,6.0,0.0,83.24434,0.0
86.0,156.09361,24.521017,113.91131,9.269633,0.0,0.0,100.0,-7.0,7.0,8.0,14.0,0.0,16.0,22.559216,0.0,0.0,5.0,-8.0,4.0,1.0,0.0,50.0,0.0
77.0,272.48862,19.336704,91.22547,27.0,0.0,0.0,100.0,-7.0,7.0,8.0,33.12251,0.0,31.579594,0.0,1.0,1.0,50.397064,61.239086,3.0,2.0,1.0,69.37828,0.0
-9.0,-9.0,-9.0,-9.0,-9.0,-9.0,-9.0,-9.0,-9.0,-9.0,-9.0,-9.0,-9.0,-9.0,-9.0,-9.0,-9.0,-9.0,-9.0,-9.0,-9.0,-9.0,-9.0,0.0
86.0,-8.0,8.0,91.79168,9.468485,0.0,0.0,100.0,-7.0,7.0,8.0,-9.0,0.0,20.689075,-8.0,0.0,0.0,2.0,-8.0,1.0,1.0,0.0,67.0,0.0
68.0,205.38014,2.0,90.83157,23.392513,0.0,0.0,92.63247,-3.5046637,4.0,6.0,25.0,3.0,41.0,9.0,2.0,1.0,10.368829,-8.0,5.0,6.3217916,0.0,71.61593,0.0
74.59246,317.1264,5.0,104.19358,47.44745,0.0,0.0,100.0,-7.0,7.0,8.0,47.165756,3.0,34.995243,9.016861,0.0,0.0,9.946376,79.91849,6.0,2.0,1.0,40.0,0.0
75.0,227.11621,3.0,75.33139,40.44018,0.0,0.0,100.0,-7.0,7.0,8.0,38.0,2.0,20.0,3.0,1.0,1.0,28.148314,-8.0,5.9120965,-8.462595,3.8469555,43.0,0.0
84.0,225.17445,2.0,88.67665,42.692966,0.0,0.0,100.0,-7.0,7.0,8.0,43.70763,3.0,13.723357,0.0,3.0,3.0,8.631789,99.21988,5.0,4.0,0.0,44.0,0.0
66.0,139.06366,8.0,62.112064,24.0,0.0,0.0,100.0,-7.0,7.0,8.0,25.0,2.0,48.6576,0.8119555,1.0,1.0,92.85489,69.735016,5.0,2.0,3.0,100.0,0.0
68.73742,67.21966,1.2354674,20.855656,17.0,1.0,1.0,88.46625,28.332546,6.0,5.0,23.0,2.0,38.083984,0.0,3.0,3.0,4.207308,91.72999,3.0,2.0,0.0,38.18106,0.0
82.0,239.34027,2.0,83.0,29.0,0.0,0.0,100.0,-7.0,7.0,8.0,31.0,2.0,21.0,12.0,1.0,1.0,9.0,-8.0,2.0,1.0,0.0,21.951372,0.0
68.0,130.03712,3.0,78.1953,26.0,1.0,0.0,96.0,-7.0,6.0,6.0,34.0,1.0,14.0,4.0,0.0,0.0,1.0,-8.0,1.0,1.0,0.0,-9.0,0.0
70.0,353.58606,3.0,103.29105,32.0,0.0,0.0,100.0,-7.0,7.0,8.0,27.0,3.0,24.274408,5.7787285,0.0,0.0,47.174976,72.845436,7.0,3.0,2.0,71.84032,0.0
74.0,147.86534,1.0,67.02472,50.0771,0.0,0.0,94.0,27.46466,6.0,6.0,63.36705,2.0,33.0,6.723565,1.0,1.0,42.645596,88.0,5.0,3.0,0.0,57.0,0.0
77.0,217.9929,3.0,100.11659,26.91394,0.0,1.0,97.0,65.3899,6.0,5.0,41.01955,3.0,20.0,5.0,2.0,1.0,4.117451,-8.0,3.0,-2.7068992,0.0,44.0,0.0
80.0,172.63402,6.0,62.712948,16.0,0.0,0.0,100.0,-7.0,7.0,8.0,23.629568,4.0,18.256536,0.0,1.0,1.0,9.0,-8.0,2.0,-3.3701932,0.0,41.52872,0.0
79.596115,285.5504,3.0,93.0,52.48407,0.0,0.0,100.0,-7.0,7.0,8.0,60.1424,6.3851233,22.0,0.0,1.0,1.0,13.510506,36.242264,4.7318773,3.0,2.0,40.0,0.0
76.0,404.22357,1.0,110.58941,30.0,0.0,0.0,100.0,-7.0,7.0,8.0,31.859434,3.0,19.660236,2.4762464,0.0,0.0,22.58133,93.0,7.8751655,3.0,3.0,53.86415,0.0
81.0,203.58202,24.977436,75.0,14.0,0.0,0.0,95.0,46.166508,6.0,6.0,18.0,0.0,48.615646,-7.0,0.0,0.0,31.262384,-8.0,3.0,1.0,0.0,100.0,0.0
86.0,304.93674,5.0,101.240524,15.0,0.0,0.0,100.0,-7.0,7.0,8.0,12.0,1.0,6.3648105,0.0,1.0,1.0,4.4654946,-8.0,3.0,-8.0,0.0,40.0,0.0
58.844414,278.09946,5.0,94.0,18.0,1.0,0.0,88.0,4.0,4.0,5.0,17.0,2.0,16.53603,3.0,2.0,2.0,25.0,-8.0,5.0,1.0,1.0,80.0,0.0
90.0,468.30374,4.0,175.60432,8.100034,0.0,0.0,100.0,-7.0,7.0,8.0,12.0,1.0,64.205734,19.139254,0.0,0.0,1.0,-8.0,1.0,1.0,-9.0,53.84787,0.0
-9.0,-9.0,-9.0,-9.0,-9.0,-9.0,-9.0,-9.0,-9.0,-9.0,-9.0,-9.0,-9.0,-9.0,-9.0,-9.0,-9.0,-9.0,-9.0,-9.0,-9.0,-9.0,-9.0,0.0
67.0,198.10863,6.0,80.0,15.414564,0.0,0.0,83.490265,14.729063,6.0,6.0,18.0,2.0,53.621586,0.0,1.0,1.0,28.0,98.22383,2.0,2.0,0.0,80.0,0.0
72.0,118.33037,3.0,48.058212,16.0,0.0,0.0,100.0,-7.0,7.0,8.0,21.0,4.0,33.0,0.0,3.5273702,3.8770487,9.597912,97.493164,2.0,2.0,0.0,88.0,0.0
81.4572,371.94418,2.0,88.80871,32.0,0.0,0.0,100.0,-7.0,7.0,8.0,48.335476,3.0,17.496326,2.0,1.0,1.0,2.0,61.56009,2.0,4.0,0.0,33.0,0.0
81.62796,357.43845,3.8140707,110.52726,39.0,0.0,0.0,96.93738,16.17964,6.0,6.0,37.0,3.0,32.0,-7.0,3.0,2.0,1.0,50.076553,3.0,5.0,0.0,54.180943,0.0
-9.0,-9.0,-9.0,-9.0,-9.0,-9.0,-9.0,-9.0,-9.0,-9.0,-9.0,-9.0,-9.0,-9.0,-9.0,-9.0,-9.0,-9.0,-9.0,-9.0,-9.0,-9.0,-9.0,0.0
71.15901,351.70047,4.0,71.0,21.0,0.0,0.0,100.0,-7.0,7.0,8.0,23.0,3.0,13.0,6.0,1.0,0.21490298,53.533684,57.692776,6.0,3.0,3.0,63.675465,0.0
82.0,216.10924,6.3725595,146.8814,17.22888,0.0,0.0,93.0,23.070759,6.0,5.0,22.0,0.0,33.0,23.887598,0.0,0.0,0.0,-8.0,1.0,2.0,0.0,67.0,0.0
72.74101,181.52188,10.0,101.02932,24.0,0.0,0.0,100.0,-7.0,7.0,8.0,23.0,1.0,29.0,10.496784,0.0,0.0,57.999557,-8.0,5.0,1.0,1.0,67.0,0.0
74.64734,119.799126,-9.0,34.275116,27.0,0.0,0.0,100.0,-7.0,7.0,8.0,33.974873,2.0,25.0,0.0,3.6206858,3.4129014,13.0,-8.0,3.0,1.0,0.0,50.0,0.0
74.0,449.20508,1.0,119.29071,21.34378,0.0,0.0,100.0,-7.0,6.0,8.0,22.57839,2.0,33.21103,0.0,1.0,1.0,22.954853,63.135616,5.0,2.0,1.0,67.0,0.0
88.0,147.73618,36.282074,77.54979,18.0,0.0,0.0,100.0,-7.0,7.0,8.0,20.0,0.0,43.0,0.0,0.0,0.0,0.0,-8.0,0.0,0.0660097,0.0,12.983769,0.0
81.0,190.76479,4.274923,109.79596,39.0,0.0,0.0,100.0,-7.0,7.0,8.0,43.677914,1.0,7.667313,0.0,1.0,1.0,1.0,-8.0,7.7600875,1.0,1.0,35.56347,0.0
78.0,134.09503,5.0,67.894394,36.0,0.0,0.0,96.48158,-2.7720048,4.0,5.0,26.0,2.0,29.0,-7.0,0.0,0.0,1.0,-8.0,1.0,1.0,0.0,3.2734365,0.0
-9.0,-9.0,-9.0,-9.0,-9.0,-9.0,-9.0,-9.0,-9.0,-9.0,-9.0,-9.0,-9.0,-9.0,-9.0,-9.0,-9.0,-9.0,-9.0,-9.0,-9.0,-9.0,-9.0,0.0
71.0,-9.0,2.0,50.35463,17.0,0.0,0.0,95.0,16.560423,6.0,6.0,19.0,4.2457366,33.0,0.0,4.936181,5.0,9.57476,-8.0,4.0,1.0,0.0,58.0,0.0
86.0,151.63594,15.016292,87.80169,23.0,0.0,0.0,100.0,-7.0,7.0,8.0,10.0,0.0,27.838093,-7.0,0.0,0.0,0.0,-8.0,1.0,3.0,0.0,33.0,0.0
75.19509,118.6948,7.0,65.0,26.0,0.0,0.0,100.0,-7.0,7.0,8.0,22.0,2.0,24.0,0.0,1.0,1.0,28.0,45.289818,3.0,2.0,2.0,48.97269,0.0
66.789474,122.616425,10.0,59.571648,26.0,0.0,0.0,86.39301,6.23121,6.0,6.0,24.880644,0.0,43.33333,4.7460804,1.0,1.0,46.591255,76.0,2.0,2.0,1.0,60.0,0.0
89.0,300.85828,11.0,130.2941,20.0,0.0,0.0,100.0,-7.0,7.0,8.0,16.0,0.0,55.887054,-8.0,0.0,0.0,4.0,-8.0,3.0,3.0,0.0,100.0,0.0
-9.0,-9.0,-9.0,-9.0,-9.0,-9.0,-9.0,-9.0,-9.0,-9.0,-9.0,-9.0,-9.0,-9.0,-9.0,-9.0,-9.0,-9.0,-9.0,-9.0,-9.0,-9.0,-9.0,0.0
74.0,209.38809,2.0,56.84411,19.0,0.0,0.0,100.0,-7.0,7.0,8.0,26.0,2.0,21.0,0.0,1.0,1.0,48.337223,-8.0,2.0,-8.0,3.0,48.941998,0.0
70.0,289.25958,3.0,96.93162,23.0,0.0,0.0,94.0,43.840115,6.0,5.0,26.0,1.0,25.20498,-7.0,2.0,2.0,45.345078,-8.0,7.0,2.0,1.0,75.0,0.0
82.0,197.05142,7.0,110.84475,41.48243,0.0,0.0,100.0,-7.0,7.0,8.0,46.354984,0.26243484,30.0,0.0,1.0,1.0,28.194052,45.25097,3.0,3.0,0.0,60.0,0.0
80.0,212.25284,9.0,82.0,13.0,0.0,0.0,77.896034,37.27008,6.0,6.0,13.0,0.0,26.0,4.756697,2.0,2.0,16.0,-8.0,2.0,-8.0,0.0,63.467335,0.0
72.0,184.97531,2.0,58.51015,28.0,0.0,0.0,96.0,-7.0,4.0,6.0,28.0,4.0,38.0,0.0,3.0,2.0,18.0,83.9516,3.0,2.0,0.0,38.0,0.0
74.0,267.56424,4.0,83.0,19.312744,0.0,0.0,100.0,-7.0,7.0,8.0,23.0,2.0,57.938427,1.0,2.0,2.0,51.49466,45.531292,3.0,2.0,0.0,57.0,0.0
72.11355,242.39526,1.0,86.05665,25.0,0.0,0.0,100.0,-7.0,7.0,8.0,28.761084,3.0,38.0,0.0,2.9277549,2.485743,39.00626,100.0,7.0,3.0,5.2114916,62.211246,0.0
54.440388,197.49802,12.0,88.044525,13.834718,2.0,2.0,71.742775,-2.3844197,-9.0,-6.226287,19.0,0.0,31.0,0.0,6.3551364,6.4533844,3.0,-8.0,1.0,1.0,0.0,58.575275,0.0
79.0,40.679882,7.0,60.51189,14.0,0.0,0.0,100.0,-7.0,7.0,8.0,16.919788,1.0,32.59673,-7.0,0.0,0.0,48.754517,67.58666,2.0,2.0,0.0,80.0,0.0
75.22536,162.44136,4.0,94.0,22.0,0.0,0.0,100.0,-7.0,7.0,8.0,18.0,1.2658305,55.167854,0.0,0.0,0.0,40.69674,-8.0,4.0,3.0,1.0,100.0,0.0
76.0,176.18817,16.0,67.0,15.0,0.0,0.0,94.0,51.08931,6.0,6.0,17.0,0.0,20.473358,0.0,0.0,0.0,27.090303,77.51521,3.0,1.0,0.0,44.0,0.0
72.0,290.5108,2.0,103.26068,20.0,0.0,0.0,92.0,32.063503,6.0,6.0,24.0,1.0,22.0,0.0,5.0,4.9167843,45.169434,-8.0,5.0,1.0,2.0,67.0,0.0
65.0,151.51788,2.0,82.0,40.960857,1.0,0.0,92.0,27.693316,6.0,6.0,32.0,2.0,29.0,4.4819098,2.0,1.0,21.827007,76.818665,8.241793,1.0,1.0,57.0,0.0
89.54533,313.26218,2.0,100.41054,41.031948,0.0,0.0,100.0,-7.0,7.0,8.0,37.713978,2.0,40.0,0.0,1.0,1.0,1.0,97.01966,3.0,1.0,0.0,25.0,0.0
66.0,124.31724,5.0,67.0,30.0,1.0,0.0,93.0,6.2032485,6.0,4.0958004,30.0,1.0,20.472338,0.0,1.0,1.0,42.9047,65.38208,11.61455,3.0,3.0,82.302826,0.0
10.207637,262.5578,23.020306,166.88269,17.0,3.750862,2.3294048,57.542656,2.8252652,4.0,2.0,26.169558,0.0,20.0,13.315421,0.0,0.0,27.029242,68.31185,4.0,2.0,1.0,60.0,0.0
78.172516,59.687054,3.0,37.92168,25.0,0.0,0.0,100.0,-7.0,7.0,8.0,25.0,6.0,50.0,0.0,4.0,4.0,24.967941,93.0,2.0,4.0,0.0,67.0,0.0
89.0,191.38963,17.64844,144.7775,19.383953,0.0,0.0,100.0,-7.0,7.0,8.0,22.0,0.0,15.82068,9.0325985,0.0,0.0,7.0,-8.0,3.0,-8.0,0.0,43.0,0.0
81.0,182.09607,4.0798764,108.36833,27.81957,0.0,0.0,92.30023,-7.0,6.0,6.0,31.0,1.0,20.0,3.8126674,1.0,1.0,9.412718,-8.0,4.0,-0.9086108,0.0,44.0,0.0
74.568665,151.95085,5.0,54.704147,11.419463,0.0,0.0,100.0,-7.0,7.0,8.0,14.0,2.0,45.0,0.0,1.0,1.0,53.54204,62.32618,2.0,2.0,4.0,100.0,0.0
80.0,182.26413,27.737278,78.90007,19.0,0.0,0.0,100.0,-7.0,7.0,8.0,24.0,0.0,52.659023,1.0,2.0,1.6055871,11.75228,89.171776,2.0,2.0,0.0,51.048546,0.0
-9.0,336.30072,4.0,151.3291,20.0,2.0,0.0,-4.089943,15.776859,6.0,3.7178555,23.0,1.0,36.0,0.0,0.0,0.0,96.369286,25.943693,7.0,1.0,3.0,100.0,0.0
86.0,50.687077,6.7202654,63.0,17.0,0.0,0.0,100.0,-7.0,7.0,8.0,12.0,1.0,31.0,0.0,0.0,0.0,11.528605,-8.0,2.0,1.1126127,0.0,44.77942,0.0
-9.0,-9.0,-9.0,-9.0,-9.0,-9.0,-9.0,-9.0,-9.0,-9.0,-9.0,-9.0,-9.0,-9.0,-9.0,-9.0,-9.0,-9.0,-9.0,-9.0,-9.0,-9.0,-9.0,0.0
78.0,288.63898,2.0,68.64976,31.0,0.0,0.0,100.0,-7.0,7.0,8.0,31.385538,3.0,36.0,1.0,1.0,1.0,32.0,-8.0,5.0,3.0,0.0,63.0,0.0
82.0,225.24913,6.0,60.429615,33.83612,0.0,0.0,100.0,-7.0,7.0,8.0,31.0,2.0,25.662636,3.0,0.0,0.0,11.0,-8.0,2.936029,1.0,0.0,28.273647,0.0
58.874107,153.99345,6.0,83.0,20.0,3.0,1.0,73.36916,3.0,4.0,6.0,23.646338,1.0,22.0,-7.0,0.0,0.0,67.229385,-8.0,5.0,2.0,1.0,100.0,0.0
-9.0,-9.0,-9.0,-9.0,-9.0,-9.0,-9.0,-9.0,-9.0,-9.0,-9.0,-9.0,-9.0,-9.0,-9.0,-9.0,-9.0,-9.0,-9.0,-9.0,-9.0,-9.0,-9.0,0.0
78.0,173.69098,4.0,72.0,28.0,0.0,0.0,92.0,27.066133,6.0,5.0,28.0,2.5673025,14.0,1.0,0.0,0.0,17.0,98.80351,4.0,2.0,0.0,33.0,0.0
87.93589,160.71179,21.699463,80.28224,13.0,0.0,0.0,100.0,-7.0,7.0,8.0,13.961978,0.0,30.305462,0.0,2.0,2.0,1.0,-8.0,2.0,1.0,0.0,53.422756,0.0
73.0,61.459236,6.0,62.96007,9.0,0.0,0.0,100.0,-7.0,7.0,8.0,9.796373,0.0,35.0,0.0,4.0,3.9536867,52.90318,72.03075,1.0,2.0,0.0,71.0,0.0
69.0,231.53,11.557684,81.673645,23.0,0.0,0.0,100.0,-7.0,7.0,8.0,21.956846,0.0,39.0,-7.0,0.0,0.0,38.083595,68.41857,5.0,4.9159203,3.0,84.4123,0.0
77.0,209.1798,22.006062,74.0,28.0,0.0,0.0,100.0,-7.0,7.0,8.0,52.57195,0.0,20.0,4.0,1.0,1.0,31.081635,51.565826,8.0,2.0,1.0,70.0,0.0
84.0,220.28133,27.666908,94.0,14.731083,2.5221438,3.1792386,85.26134,16.89803,6.0,2.0,15.091242,0.0,50.0,-7.0,0.0,0.0,0.0,-8.0,2.0,2.6006353,0.0,56.0,0.0
72.61876,166.97858,9.0,74.114235,23.156206,0.0,0.0,100.0,-7.0,7.0,8.0,27.0,2.0,50.0,0.0,2.0,2.0,40.902866,91.0,3.0,3.0,0.41407308,83.94542,0.0
71.0,321.51923,33.88443,95.77579,20.0,0.0,0.0,89.80824,6.0,6.0,6.0,18.0,0.0,36.0,0.0,1.0,0.0,28.40706,-8.0,4.0,2.0,1.0,62.543915,0.0
66.0,173.29208,10.0,75.0,17.122717,3.0,0.0,70.32423,24.0849,6.0,4.5458503,23.0,0.0,52.34096,0.0,1.0,0.0,23.739634,84.03654,3.0,4.0,0.0,80.0,0.0
75.0,264.0609,21.808054,172.17729,12.0,0.0,0.0,100.0,-7.0,7.0,8.0,13.0,0.0,30.0,-7.0,0.0,0.0,41.02513,-8.0,3.0,1.0,0.0,100.0,0.0
66.0,195.69565,7.0,86.58354,24.0,0.0,0.0,97.0,18.25219,4.0,6.0,35.0,1.0,16.0,5.0,1.0,1.0,43.684963,-8.0,7.0,1.0,2.0,80.0,0.0
81.0,176.7189,5.0,64.63259,22.0,0.0,0.0,100.0,-7.0,7.0,8.0,21.0,2.0,42.30918,0.0,0.0,0.0,32.65621,88.095825,1.0,2.0,0.0,83.0,0.0
74.21229,376.88892,9.0,82.0,18.0,0.0,0.0,97.0,47.291595,6.0,6.0,21.17647,2.0,3.2451227,0.0,0.0,0.0,13.0,-8.0,2.0,-7.0990224,0.0,25.065357,0.0
83.43691,405.25427,16.991148,130.26337,16.937557,1.0,0.0,100.0,52.48619,6.0,3.0,20.0,0.0,31.57947,12.181813,0.0,0.0,5.0,-8.0,3.0,1.0,0.0,75.0,0.0
86.0,459.84253,7.0,99.306725,34.447323,0.0,0.0,100.0,-7.0,7.0,8.0,34.0,2.0,37.0,2.0,1.0,1.0,4.0,-8.0,2.2106273,2.0,0.0,33.0,0.0
70.0,208.34006,6.0,92.09403,15.0,1.0,1.0,63.95761,4.0,6.0,6.0,16.96079,2.0,24.0,0.0,0.0,0.0,5.0,91.0,3.0,2.0,0.0,57.0,0.0
74.0,111.691444,10.0,38.80118,12.0,0.0,0.0,100.0,-7.0,7.0,8.0,14.0,0.0,72.890564,0.0,4.0,3.0,44.112988,91.0108,2.0,3.0,0.0,83.98532,0.0
76.0,290.7774,8.0,79.54398,27.105034,0.0,0.0,88.84736,-9.0,6.0,5.0,30.0,3.0,19.0,0.0,2.4705908,2.238132,3.062202,-8.0,4.0,2.0,0.0,50.0,0.0
68.0,231.61147,28.337929,165.1685,6.0,2.0,2.0,66.22998,40.45163,6.0,2.0,10.0,0.0,68.05896,0.0,0.0,0.0,53.64236,-8.0,1.0,1.0,0.0,100.0,0.0
-9.0,-9.0,-9.0,-9.0,-9.0,-9.0,-9.0,-9.0,-9.0,-9.0,-9.0,-9.0,-9.0,-9.0,-9.0,-9.0,-9.0,-9.0,-9.0,-9.0,-9.0,-9.0,-9.0,0.0
68.0,143.77461,2.0,64.85453,44.32124,0.0,0.0,100.0,-7.0,7.0,8.0,46.90663,3.0,40.0,-7.0,2.0,2.5476592,40.921223,80.7575,11.0,6.616142,5.128926,80.0,0.0
68.5073,181.64517,4.0,46.163982,18.0,0.0,0.0,100.0,-7.0,-9.0,6.0,22.0,4.0,57.48135,0.0,1.0,1.0,56.400463,99.98567,2.0,3.0,1.0,100.0,0.0
68.23509,196.66664,2.0,69.72014,39.306335,2.0,0.0,95.142044,5.050954,4.0,5.0,47.10654,4.918471,33.0,17.839054,0.0,0.0,11.604214,80.0,4.0,6.2642083,0.0,44.232494,0.0
74.0,314.10394,6.0,130.79855,28.874748,0.0,0.0,93.0,5.492482,4.0,6.0,28.0,2.0,25.426441,0.0,0.0,0.0,32.800133,13.916454,9.0,2.0,0.0,56.0,0.0
83.0,196.11023,7.6360703,64.1653,11.0,0.0,0.0,100.0,-7.0,7.0,8.0,13.0,2.0,17.0,19.4879,0.0,0.0,25.908232,-8.0,2.0,1.0,0.0,50.0,0.0
75.0,-4.122174,32.862114,67.0,6.678436,0.0,0.0,95.0,6.4209523,6.0,6.0,4.935089,0.0,50.0,1.0,1.0,1.0,8.0,-8.0,1.0,1.0,0.0,58.0,0.0
80.0,334.66684,23.94746,127.32773,20.0,0.0,0.0,96.0,71.004944,6.0,6.0,19.0,0.0,23.0,0.0,2.0,2.0,0.30002257,-8.0,1.0,2.0,0.0,25.532835,0.0
77.0,-8.0,2.625745,31.805887,18.0,0.0,0.0,100.0,-7.0,7.0,8.0,19.0,3.0,33.0,2.338039,0.0,0.0,18.0,92.12337,2.0,1.0,0.0,58.0,0.0
65.0,169.28609,4.0,63.301582,13.932882,0.0,0.0,70.58346,3.7791207,4.0,6.0,24.0,1.0,63.1391,-7.0,0.0,0.0,37.639843,-8.0,2.0,2.0,0.0,86.0,0.0
74.0,187.94759,4.0,73.67152,30.0,0.0,0.0,100.0,-7.0,7.0,8.0,28.697891,1.0,23.095678,-7.0,2.0,2.0,45.945805,95.40826,5.0,1.0,0.0,75.0,0.0
68.0,374.7324,16.181128,128.03502,17.0,2.0,1.0,84.18058,1.0,0.0,4.0,11.0,0.0,26.0,-8.552048,0.0,0.0,16.417587,91.0,6.356661,2.0,0.0,80.0,0.0
73.0,151.81064,4.0,100.60633,20.0,0.0,0.0,100.0,-7.0,7.0,8.0,13.761668,1.0,22.0,-8.0,1.0,1.0,53.974907,47.943565,8.0,2.0,4.0,60.954052,0.0
68.0,152.34927,5.0,65.0,31.2342,0.0,0.0,95.0,36.98513,6.0,6.0,30.426367,1.0,40.0,0.0,1.0,1.0,32.08076,2.4787717,5.0,5.4020114,0.0,85.97487,0.0
68.0,147.99036,1.0,44.105995,27.0,0.0,0.0,100.0,-7.0,7.0,8.0,30.0,3.0,37.0,0.0,2.0,2.0,61.764294,100.0,7.0,3.0,3.0,77.03501,0.0
-9.0,-9.0,-9.0,-9.0,-9.0,-9.0,-9.0,-9.0,-9.0,-9.0,-9.0,-9.0,-9.0,-9.0,-9.0,-9.0,-9.0,-9.0,-9.0,-9.0,-9.0,-9.0,-9.0,0.0
87.0,83.57214,27.459604,80.0,9.0,0.0,0.0,100.0,-7.0,7.0,8.0,9.081459,0.0,19.0,-8.0,0.0,0.0,8.36227,-8.0,3.0,1.0,0.0,67.0,0.0
76.0,195.47926,16.139112,77.54982,27.0,0.0,0.0,82.891945,31.704182,6.0,6.0,31.477844,0.0,77.812546,0.0,1.0,1.0,1.0,45.96787,1.0,4.0,0.0,78.0,0.0
85.0,373.67538,11.147921,139.03519,16.0,0.0,0.0,100.0,-7.0,7.0,8.0,16.0,1.0,44.439644,0.0,0.0,0.0,1.0,80.0,2.0,4.0,0.0,50.0,0.0
75.0,325.33618,9.0,136.4619,14.0,0.0,0.0,100.0,-7.0,7.0,8.0,9.328918,0.0,45.0,0.0,10.303562,6.9960766,34.45561,93.854485,3.0,2.0,0.0,85.59606,0.0
85.0,221.97821,7.0,77.0,23.0,0.0,0.0,100.0,-7.0,7.0,8.0,20.0,2.0,20.0,1.0,1.0,1.0,-1.3193933,-5.586807,0.0,2.0,0.0,15.864157,0.0
85.43838,137.5942,25.228504,89.37499,23.0,0.0,0.0,93.42668,32.697628,6.0,6.0,16.0,0.0,22.0,-7.0,0.0,0.0,1.0,-8.0,2.0,1.0,0.0,33.0,0.0
66.0,132.00621,7.0,65.0,23.0,0.0,0.0,100.0,-7.0,7.0,8.0,22.0,1.0,28.0,-7.0,0.0,0.0,42.48945,83.45675,4.0,2.0,0.0,67.0,0.0
78.0,143.53139,4.512819,75.54995,43.125977,0.0,0.0,100.0,-7.0,7.0,8.0,54.843555,2.0,40.0,12.392359,0.0,0.0,42.594654,62.090538,6.0,3.0,2.8224852,83.0,0.0
76.31409,224.5287,13.0,94.0,38.52402,0.0,0.0,100.0,-7.0,7.0,8.0,41.327816,0.0,22.781578,4.0,0.0,0.0,19.249931,-8.0,9.756857,2.0,0.0,57.0,0.0
70.0,152.53659,4.0,83.0,18.0,0.0,0.0,92.0,32.820667,6.0,6.0,20.0,6.0,19.0,9.234857,1.0,1.0,30.374077,-8.0,9.086502,1.0,0.0,71.0,0.0
88.0,195.23965,3.0,71.0,19.951622,0.0,0.0,100.0,-7.0,7.0,8.0,18.668617,1.0,21.0,16.984127,0.0,0.0,9.0,86.36008,3.0,3.0,0.0,47.535004,0.0
74.0,108.39965,30.808971,103.33932,15.0,0.0,0.0,84.05027,2.0,6.0,6.0,17.00573,0.0,31.691086,-4.148447,1.0,1.0,23.401804,-8.0,4.0,2.0,0.0,63.0,0.0
66.0,141.3311,5.0,52.096375,17.0,3.6918452,3.392525,73.068825,6.540675,4.0,2.0,23.0,7.9914265,53.226254,0.0,0.0,0.0,31.179863,82.0,3.0,4.0,0.0,71.0,0.0
64.77206,144.09389,8.586286,51.806057,13.0,1.0,0.0,79.120926,4.0,4.0,3.489043,14.0,1.0,31.0,-7.0,0.0,0.0,27.894194,-8.0,1.0,2.0,0.0,49.280243,0.0
84.0,101.42578,4.0,101.17338,25.107016,0.0,0.0,100.0,-7.0,7.0,8.0,30.0,2.0,36.10758,0.0,4.0,4.0,10.349991,60.711014,3.0,2.0,0.0,58.0,0.0
76.488464,100.25891,4.0,50.116627,34.0,0.0,0.0,100.0,-7.0,7.0,8.0,34.0,1.0,58.377724,0.0,0.0,0.0,10.003786,60.544178,3.0,10.812104,0.0,75.0,0.0
83.0,193.43634,9.0,84.59329,24.411972,0.0,0.0,100.0,-7.0,7.0,8.0,25.0,1.0,45.0,9.667989,0.0,0.0,9.0,42.612446,4.290794,2.0,0.0,63.42219,0.0
87.57171,454.28998,4.0,125.29492,18.0,0.0,0.0,100.0,-7.0,7.0,8.0,27.407219,1.560709,22.0,-7.0,0.0,0.0,6.0,-8.0,3.0,1.0,0.0,33.0,0.0
62.0,297.52048,4.0,99.57733,14.0,0.0,0.0,64.14481,7.5391045,6.0,6.0,18.0,1.0,46.0,-8.0,0.0,0.0,90.69831,98.582565,5.0,3.0,3.0,75.0,0.0
86.0,199.27829,2.0,97.0,22.0,0.0,0.0,100.0,-7.0,7.0,8.0,19.0,2.0,37.0,2.968066,1.0,1.0,10.0,76.15996,4.0,3.0,0.0,50.0,0.0
73.748955,80.76213,2.0,53.633656,5.556016,0.0,0.0,100.0,-7.0,7.0,8.0,4.2025356,3.0,48.50728,0.0,3.0,3.0,100.949486,139.14453,2.0,1.0,0.0,91.00101,0.0
84.0,298.07382,5.0,87.44272,33.0,0.0,0.0,100.0,-7.0,7.0,8.0,30.0,1.0,22.0,0.0,4.67611,5.0,8.0,93.70164,3.0,1.0,0.0,51.81256,0.0
84.0,211.87749,16.0,79.0,16.0,0.0,0.0,100.0,-7.0,7.0,8.0,18.0,0.0,20.0,-7.0,0.0,0.0,19.0,86.40406,3.0,1.0,0.0,50.0,0.0
75.73819,186.01663,6.0,86.67349,23.0,0.0,0.0,91.98232,6.0,6.0,6.0,24.0,0.0,21.0,0.0,2.0,2.0,9.0,-8.0,5.0,1.0,1.0,51.876236,0.0
83.46418,293.84375,3.0,100.0,32.0,0.0,0.0,96.0,67.95232,6.0,6.0,31.0,4.0,31.0,7.173217,2.0,2.0,8.55728,91.0,1.0,2.0,0.0,50.0,0.0
76.032486,489.92386,5.0,88.368034,48.334637,0.0,0.0,100.0,-7.0,7.0,8.0,36.839684,2.0,13.151543,0.0,1.0,0.0,13.0,-8.0,5.0,1.0,1.0,33.0,0.0
69.0,180.90977,17.003672,155.7788,18.0,0.0,0.0,85.494705,18.043066,4.0,6.0,21.485003,0.0,20.0,0.0,0.0,0.0,49.13855,-8.0,8.0,1.0,2.0,71.0,0.0
72.0,181.38663,10.0,139.66655,22.0,0.0,0.0,92.0,34.511482,6.0,6.0,19.0,0.0,19.0,12.689264,0.0,0.0,40.91583,45.42124,5.0,2.0,1.0,68.54605,0.0
75.0,151.61295,5.0,67.0,48.71782,0.0,0.0,100.0,-7.0,7.0,8.0,44.72538,2.0,11.334644,0.0,2.0,2.0,17.610937,90.87702,6.0,1.0,0.0,33.0,0.0
78.0,133.58562,3.0,69.037994,47.122494,0.0,0.0,100.0,-7.0,7.0,8.0,42.696415,8.655939,21.0,0.0,2.0,2.0,3.9655843,88.136154,5.0,2.0,0.0,40.0,0.0
75.0,160.75168,5.0,86.0,40.367054,0.0,0.0,100.0,-7.0,7.0,8.0,36.806767,2.0,46.566998,0.0,5.0,4.4633217,44.808224,53.658314,5.0,3.0,1.0,80.0,0.0
71.48372,199.87099,8.0,77.78117,17.0,0.0,0.0,79.35559,36.57444,6.0,6.0,24.0,1.0,23.102186,0.0,2.0,1.995345,36.843258,87.332924,4.0,1.0,0.0,73.0,0.0
84.0,202.57834,12.832924,75.0396,18.0,0.0,0.0,93.0,21.870369,6.0,6.0,21.0,1.0,28.0,-8.0,0.0,0.0,3.5822933,-8.0,2.787828,1.0,0.0,42.559742,0.0
85.17344,144.24173,13.328735,61.366657,19.0,0.0,0.0,100.0,-7.0,7.0,8.0,19.0,0.0,42.62504,-7.1681,0.0,0.0,11.0,-8.0,0.0,2.0,0.0,50.0,0.0
-9.0,-9.0,-9.0,-9.0,-9.0,-9.0,-9.0,-9.0,-9.0,-9.0,-9.0,-9.0,-9.0,-9.0,-9.0,-9.0,-9.0,-9.0,-9.0,-9.0,-9.0,-9.0,-9.0,0.0
84.0,157.3357,4.0,70.0,35.336174,0.0,0.0,100.0,-7.0,7.0,8.0,30.0,1.2554154,10.2981,0.0,4.0,4.0,13.0,42.912346,1.0,2.0,0.0,30.100983,0.0
83.25041,211.44893,5.0,61.0,33.15187,0.0,0.0,97.0,45.281757,6.0,6.0,41.877632,4.0,17.0,0.0,4.0,3.5788865,8.0,-8.0,4.0,1.0,0.0,33.0,0.0
76.219154,155.39659,5.0,53.662437,34.515038,0.0,0.0,100.0,-7.0,7.0,8.0,35.0,4.0,35.0,-8.0,0.0,0.0,23.518217,61.431328,3.0,3.0,0.0,56.91207,0.0
78.0,437.51694,2.0,138.78787,39.51276,0.0,0.0,98.486,36.102135,6.0,6.0,50.98325,4.0,29.0,0.0,3.0,3.0,10.634183,41.57813,5.0,2.0,0.0,50.0,0.0
87.0,345.3305,31.559095,199.02434,28.262054,0.0,0.0,100.0,-7.0,7.0,8.0,28.0,0.0,33.0,0.0,1.0,1.0,4.0,-8.0,2.0,2.0,0.0,50.0,0.0
74.637764,81.52594,28.727346,81.112114,18.703089,1.5721006,1.0,92.0,37.18631,6.0,2.0,20.0,0.0,61.09975,-7.0,4.0,3.0,4.0,42.283623,1.0,2.0,0.0,57.0,0.0
-9.0,-9.0,-9.0,-9.0,-9.0,-9.0,-9.0,-9.0,-9.0,-9.0,-9.0,-9.0,-9.0,-9.0,-9.0,-9.0,-9.0,-9.0,-9.0,-9.0,-9.0,-9.0,-9.0,0.0
63.401554,188.67311,5.5792427,42.80407,27.0,0.0,0.0,96.0,32.7895,6.0,6.0,29.0,2.0,38.0,8.949614,0.0,0.0,44.14818,78.28011,7.0,3.0,1.0,67.0,0.0
64.0,82.57438,21.099014,63.0,16.711384,3.3200448,1.0,43.89669,19.914059,6.0,2.0,23.0,0.0,62.214684,0.0,3.0,2.0,58.692062,26.367455,1.0,2.0,0.0,75.0,0.0
-9.0,-9.0,-9.0,-9.0,-9.0,-9.0,-9.0,-9.0,-9.0,-9.0,-9.0,-9.0,-9.0,-9.0,-9.0,-9.0,-9.0,-9.0,-9.0,-9.0,-9.0,-9.0,-9.0,0.0
84.0,188.21982,8.0,78.15988,15.073578,0.0,0.0,100.0,-7.0,7.0,8.0,14.183809,1.0,36.0,0.0,2.0,1.0,26.312418,100.0,1.0,2.0,0.0,87.53516,0.0
86.0,281.00632,4.0,89.9963,28.0,0.0,0.0,100.0,-7.0,7.0,8.0,25.614603,1.0,42.0,0.0,1.0,1.0,6.0,82.12846,1.0,4.0,0.0,80.0,0.0
87.912865,553.0246,34.76956,118.10026,23.0,0.0,0.0,100.0,-7.0,7.0,8.0,23.0,0.0,24.0,0.0,0.0,0.0,6.160732,63.083347,5.0,2.0,0.0,53.604954,0.0
77.0,204.54553,2.0,62.88901,15.0,0.0,0.0,100.0,-7.0,7.0,8.0,19.736462,3.934657,20.0,0.0,2.0,1.0,27.966572,99.76128,7.534764,2.0,0.0,83.0,0.0
65.36399,186.10463,5.2075047,67.56452,32.053425,3.5025382,3.891475,89.324066,11.78871,4.0,-5.4901786,35.423958,1.0,22.722723,16.846598,0.0,0.0,18.496578,-8.0,7.0,1.0,0.0,71.0,0.0
69.45452,182.5312,9.0,93.43872,27.0,0.0,0.0,93.9275,14.461987,6.0,5.611317,24.0,0.0,38.0,7.0,0.0,0.0,30.630674,27.437494,5.787633,5.0,1.0,75.0,0.0
82.0,345.1808,6.0,119.16309,15.612939,0.0,0.0,100.0,-7.0,7.0,8.0,16.0,3.0,23.0,1.0,1.0,1.0,8.0,-8.0,4.0,2.0,0.0,64.0,0.0
87.0,224.82895,6.0,65.08382,21.59114,0.0,0.0,100.0,-7.0,7.0,8.0,21.0,2.0,30.932213,0.0,1.0,0.0,0.0,46.71086,1.0,2.0,0.0,12.171278,0.0
77.0,140.12914,3.0,62.93029,16.956087,0.0,0.0,91.0,36.947556,6.0,6.0,30.0,3.0,13.025608,-7.0,1.0,1.0,6.0,-8.0,1.0,-8.0,0.0,20.629978,0.0
74.0,157.0356,10.0,107.51578,22.0,0.0,0.0,100.0,-7.0,7.0,8.0,21.148716,0.0,33.0,-8.0,0.0,0.0,67.03038,39.52363,8.0,2.0,2.0,100.0,0.0
-9.0,-9.0,-9.0,-9.0,-9.0,-9.0,-9.0,-9.0,-9.0,-9.0,-9.0,-9.0,-9.0,-9.0,-9.0,-9.0,-9.0,-9.0,-9.0,-9.0,-9.0,-9.0,-9.0,0.0
75.0,341.05267,12.0,103.27377,28.0,0.0,0.0,94.0,11.954476,6.0,6.0,34.0,0.0,29.0,12.0,0.0,0.0,28.0,42.600803,2.0,3.0,1.0,50.0,0.0
87.0,147.14647,7.0,96.06361,15.5792675,0.0,0.0,90.55951,36.567463,6.0,6.0,18.0,0.0,40.0,-8.0,0.0,0.0,1.0,-8.0,1.0,1.0,0.0,43.0,0.0
81.0,298.12637,2.70173,107.26175,18.0,0.0,0.0,96.0,46.347046,6.0,6.0,20.80317,1.0,49.044117,12.0,0.0,0.0,6.0,-8.0,1.0,2.0,0.0,80.0,0.0
86.0,98.93633,4.0,121.83113,24.0,0.0,0.0,100.0,-7.0,7.0,8.0,17.0,2.0,36.0,0.0,1.0,1.0,7.0,87.153465,4.0,2.0,0.0,60.0,0.0
77.556725,404.668,1.0,136.10036,32.219204,0.0,0.0,95.349144,6.2808976,6.0,6.0,35.040585,1.0,20.0,0.0,0.0,0.0,1.0,84.55889,2.0,2.0,0.0,43.0,0.0
81.0,392.06302,28.358671,89.008316,14.0,0.0,0.0,97.0,-7.0,6.0,7.0,15.0,0.0,23.624815,-8.0,0.0,0.0,0.0,-8.0,0.0,1.0,0.0,52.292416,0.0
68.0,-6.415957,1.0,44.956203,20.0,0.0,0.0,100.0,-7.0,7.0,8.0,21.0,3.0,36.0,-7.0,1.0,1.0,72.21579,-8.0,6.0,2.0,2.0,80.0,0.0
81.0,115.53248,2.0,57.0063,15.0,0.0,0.0,100.0,-7.0,7.0,8.0,16.0,6.0,40.844986,1.0,1.0,1.0,22.727983,93.21079,3.0,2.0,0.0,58.0,0.0
79.60611,317.93393,6.0,223.70627,19.0,0.0,0.0,100.0,-7.0,7.0,8.0,21.0,1.0,16.0,-7.0,0.0,0.0,38.815907,87.69889,5.0,2.0,2.760399,67.0,0.0
83.0,164.70906,46.0305,79.0,10.689231,0.0,0.0,100.0,-7.0,7.0,8.0,10.39394,0.0,64.27363,0.0,0.0,0.0,51.335377,-8.0,0.47976884,1.0,0.0,100.0,0.0
79.09135,224.76488,8.0,90.313736,39.0,0.0,0.0,98.149994,69.36067,6.0,6.0,44.301376,6.202177,26.0,0.0,2.0,1.0,11.0,22.155592,5.0,2.0,0.0,60.0,0.0
80.0,192.49065,6.652352,67.85846,31.0,0.0,0.0,100.0,36.414383,6.0,6.0,34.0,1.0,30.854275,0.0,0.0,0.0,12.0,-8.0,4.0,1.0,0.0,40.0,0.0
77.39313,-9.0,4.0,36.011147,18.0,0.0,0.0,100.0,-7.0,7.0,8.0,15.0,2.0,18.0,0.0,1.0,1.0,26.973581,93.84128,2.0,2.0,1.0,44.0,0.0
86.34745,185.57932,34.144497,103.63213,12.0,0.0,0.0,100.0,-7.0,7.0,8.0,15.0,0.0,13.0,0.0,2.0,2.0,3.0,-8.0,1.0,-9.0,0.0,-9.0,0.0
88.0,213.53009,6.0,92.00505,36.265724,0.0,0.0,100.0,-7.0,7.0,8.0,48.31002,1.0,25.652767,-7.0,0.0,0.0,17.826479,-8.0,1.0,2.0,0.0,30.465921,0.0
-9.0,-9.0,-9.0,-9.0,-9.0,-9.0,-9.0,-9.0,-9.0,-9.0,-9.0,-9.0,-9.0,-9.0,-9.0,-9.0,-9.0,-9.0,-9.0,-9.0,-9.0,-9.0,-9.0,0.0
86.01773,248.96794,4.0,97.0,37.06543,0.0,0.0,100.0,-7.0,7.0,8.0,37.664913,3.0,49.396755,0.0,5.0,5.069268,8.695513,67.70936,2.0,2.0,0.0,38.0,0.0
82.0,180.92035,16.014257,98.41287,28.0,0.0,0.0,94.0,72.52639,6.0,6.0,29.0,0.0,25.54509,0.0,0.0,0.0,13.293649,-8.0,5.0,1.0,0.0,38.0,0.0
69.27944,128.83191,13.818477,96.495995,19.0,1.0,1.0,85.96952,16.791807,5.0,2.0,18.179813,0.0,30.0,0.0,3.4291887,3.0,21.303373,-8.0,3.0,-8.0,0.0,60.0,0.0
68.72647,196.35829,6.0,72.0,28.0,0.0,0.0,100.0,-7.0,7.0,8.0,28.0,4.0,-9.0,18.139282,0.0,0.0,17.141092,-8.0,8.0,-8.0,0.0,33.0,0.0
74.84091,162.844,2.0,62.897606,16.295013,0.0,0.0,100.0,-7.0,7.0,8.0,19.0,3.0,23.321724,-7.0,1.0,1.0,71.00365,-8.0,3.0,1.0,1.0,62.329082,0.0
74.859276,166.89096,4.0,59.61073,23.0,0.0,0.0,100.0,-7.0,7.0,8.0,24.0,1.0,21.0,16.207104,0.0,0.0,45.40523,58.574585,4.0,2.0,1.0,60.0,0.0
86.2519,146.86482,7.63259,71.0,20.0,0.0,0.0,100.0,-7.0,7.0,8.0,26.0,2.0,28.0,0.0,2.0,2.0,2.0,77.56123,3.0,2.0,0.0,70.0,0.0
-9.0,-9.0,-9.0,-9.0,-9.0,-9.0,-9.0,-9.0,-9.0,-9.0,-9.0,-9.0,-9.0,-9.0,-9.0,-9.0,-9.0,-9.0,-9.0,-9.0,-9.0,-9.0,-9.0,0.0
77.0,162.95651,4.0,88.545525,18.729534,0.0,0.0,97.0,23.130005,6.0,6.0,21.0,1.0,55.09402,-7.0,3.0,3.0,66.91186,65.56899,3.0,2.0,0.0,78.0,0.0
73.0,239.7023,3.0,71.68432,28.0,0.0,0.0,96.11635,30.53582,6.0,6.0,30.093422,5.0,22.200897,2.0,1.0,1.0,25.0,-8.0,3.0,-8.0,0.0,40.81397,0.0
86.0,313.0006,7.0,91.28694,19.636786,0.0,0.0,100.0,-7.0,7.0,8.0,21.813137,1.0,27.0,10.189372,1.0,1.0,1.0,-8.0,4.0,4.0,0.0,67.0,0.0
82.0,271.2166,7.0,110.99792,19.0,0.0,0.0,100.0,-7.0,7.0,8.0,19.0,2.0,28.0,0.0,2.0,1.0,1.0,11.66575,1.0,3.0,0.0,33.0,0.0
73.806656,158.5386,2.0,59.968155,18.0,0.0,0.0,95.0,16.736572,6.0,6.0,18.932283,2.0,17.0,-7.0,0.0,0.0,0.97668695,-8.0,2.0,-8.0,0.0,3.7501757,0.0
82.0,167.21004,3.0,82.0,32.0,0.0,0.0,100.0,-7.0,7.0,8.0,25.710066,2.0,18.0,2.0,6.2428474,5.8543596,15.0,-8.0,3.0,2.0,0.0,71.0,0.0
69.0,114.45539,1.0,76.59967,26.286894,0.0,0.0,100.0,-7.0,7.0,8.0,28.0,3.0,22.0,0.0,5.752889,5.8594317,47.826183,79.141754,5.0,1.0,1.0,70.0,0.0
81.0,190.75583,10.0,92.427795,29.972937,0.0,0.0,100.0,-7.0,7.0,8.0,31.0,2.0,34.28616,0.0,0.0,0.0,15.85794,-8.0,5.0,2.0,0.0,70.0,0.0
76.0,163.66356,3.0,90.0,16.0,0.0,0.0,82.67039,13.640763,6.0,6.0,19.136372,1.0,54.279785,0.0,0.0,0.0,37.461662,50.742638,1.0,2.0,-9.0,100.0,0.0
87.0,332.87802,2.0,102.36175,39.786514,0.0,0.0,96.0,-9.0,4.0,5.0,44.902565,2.0,44.0,0.0,2.0,1.0,3.0,86.18427,3.0,5.0,0.0,75.0,0.0
86.0,146.78581,3.0,73.207245,23.0,0.0,0.0,100.0,-7.0,7.0,8.0,35.689156,1.0,40.0,7.0,0.0,0.0,6.0,78.827736,2.0,3.0,0.0,82.070114,0.0
74.0,304.448,6.0,62.55247,27.0,0.0,0.0,100.0,-7.0,7.0,8.0,33.0,2.8260744,13.720342,2.0,2.0,2.0,17.190784,48.70649,6.0,3.0,1.0070128,56.0,0.0
88.0,321.76572,18.397413,120.50798,-9.0,0.0,0.0,100.0,-7.0,7.0,8.0,3.6769736,0.0,21.0,0.0,1.0,1.0,5.0,-8.0,1.0,1.0,0.0,20.866793,0.0
70.0,112.3892,5.0,51.877937,24.0,0.0,0.0,100.0,-7.0,7.0,8.0,25.0,3.0,16.934649,0.0,0.0,0.0,70.32147,-8.0,6.0,1.0,4.0,87.72082,0.0
69.758026,292.09955,70.059,154.63988,18.0,0.0,0.0,96.0,40.3407,6.0,6.0,29.0,0.0,-4.4944544,6.0,1.0,1.0,50.672646,-8.0,4.0,1.0,1.0,87.93132,0.0
78.965675,138.43156,4.0,47.99376,27.055834,0.0,0.0,100.0,-7.0,7.0,8.0,24.297508,5.0,13.0,1.0,2.0,1.9157976,6.0,-8.0,4.0,2.0,0.0,39.07919,0.0
-9.0,-9.0,-9.0,-9.0,-9.0,-9.0,-9.0,-9.0,-9.0,-9.0,-9.0,-9.0,-9.0,-9.0,-9.0,-9.0,-9.0,-9.0,-9.0,-9.0,-9.0,-9.0,-9.0,0.0
58.82094,173.52603,5.0,86.961815,29.664478,0.0,0.0,78.46912,-5.8589664,4.0,6.0,25.79882,2.0,20.0,0.0,0.0,0.0,24.036469,64.33831,3.0,2.0,1.0,43.75329,0.0
68.0,334.53165,5.0,139.0694,16.0,2.0,4.412544,95.0,13.34317,-9.0,3.0,16.0,1.0,38.0,9.249673,0.0,0.0,11.0,90.73973,5.0,3.0,0.0,91.08649,0.0
68.0,293.84286,7.0,106.17836,14.499747,2.0,2.0,80.776566,20.48867,6.0,2.5251782,24.0,1.0,67.70024,3.0,0.0,0.0,19.0,84.424286,2.0,3.0,0.0,100.0,0.0
85.0,133.34122,3.0,97.0,14.0,0.0,0.0,100.0,-7.0,7.0,8.0,15.0,1.0,33.011566,12.0,0.0,0.0,26.657764,98.33149,1.0,2.0,0.0,64.0,0.0
68.0,244.91777,4.0,105.96042,32.0,0.0,0.0,88.0,-8.050612,6.0,5.0,43.49127,2.0,20.0,0.0,1.0,1.0,67.04543,76.0,3.0,3.0,2.0,50.0,0.0
72.0,114.684555,3.0,66.43658,45.39358,0.0,0.0,100.0,-7.0,7.0,8.0,42.535557,4.0,22.387377,0.0,3.0,3.053446,33.797256,60.871647,9.135603,4.0,2.0,50.0,0.0
81.0,134.51659,2.0,51.8163,18.0,0.0,0.0,100.0,-7.0,7.0,8.0,17.327974,3.0,87.60129,10.687299,0.0,0.0,25.906849,90.43743,1.0,16.856567,0.0,80.64326,0.0
83.0,221.87805,7.0,96.98211,23.0,0.0,0.0,100.0,-7.0,7.0,8.0,15.058435,2.0,68.08178,0.0,3.0,3.0,37.67724,98.58587,2.0,2.0,0.0,67.0,0.0
63.0,13.522595,2.0,32.711094,22.0,0.0,0.0,100.0,-7.0,7.0,8.0,26.0,6.169437,27.0,-7.0,4.0,4.355423,57.174076,79.083244,7.0,3.0,3.0,67.0,0.0
-9.0,-9.0,-9.0,-9.0,-9.0,-9.0,-9.0,-9.0,-9.0,-9.0,-9.0,-9.0,-9.0,-9.0,-9.0,-9.0,-9.0,-9.0,-9.0,-9.0,-9.0,-9.0,-9.0,0.0
65.0,184.95067,3.0,65.0,21.917461,1.0,0.0,85.14087,6.0,6.0,5.0,25.0,3.0,20.787891,0.0,1.0,1.0,9.0,36.35403,4.0,1.0,0.0,43.371475,0.0
87.0,198.64621,6.0,76.0,28.490307,0.0,0.0,100.0,-7.0,7.0,8.0,32.0,2.0,24.0,0.0,2.0,2.0,1.0,77.81825,1.0,3.0,0.0,42.2329,0.0
70.38448,196.43408,3.0,77.14333,21.602192,0.0,0.0,93.47296,27.51565,6.0,6.0,26.0,1.0,31.0,1.0,2.0,2.0,43.5326,91.50992,5.0,3.0,1.0,88.581024,0.0
74.0,157.67029,6.0,58.35801,18.968796,0.0,0.0,100.0,-7.0,7.0,8.0,20.0,3.0,17.353178,14.474021,0.0,0.0,33.04091,99.500656,4.0,2.0,1.0,38.0,0.0
82.0,147.44896,5.0,79.0,34.0,0.0,0.0,100.0,-7.0,7.0,8.0,38.0,3.0,-6.7830334,0.0,2.0,2.0,1.0,-8.0,3.0,1.0,0.0,41.70632,0.0
73.0,73.787415,4.0,8.674357,11.681643,0.0,0.0,100.0,-7.0,7.0,8.0,7.4793096,4.0,47.0,18.03496,0.0,0.0,9.0,61.23579,4.0,2.0,0.0,78.0,0.0
85.0,260.45215,8.0,75.0,24.0,0.0,0.0,100.0,-7.0,6.0,8.0,22.0,2.413712,18.735245,0.0,0.0,0.0,1.0,-8.0,2.0,1.0,0.0,27.192934,0.0
69.0,128.21068,8.654779,166.78662,36.0,0.0,0.0,96.0,3.0,4.0,6.0,4.866151,0.0,26.227419,0.0,0.0,0.0,70.876915,21.361217,8.0,4.0,3.0,80.0,0.0
71.0,253.51616,90.41478,155.52599,3.0596378,0.0,0.0,77.93406,13.203306,6.0,4.3782268,4.7994304,0.0,24.0,0.0,1.0,1.0,13.046107,-8.0,2.0,1.0,0.0,77.60139,0.0
87.0,221.04732,0.90088433,99.569214,12.0,0.0,0.0,100.0,-7.0,7.0,8.0,20.0,1.0,43.0,16.0,0.0,0.0,29.701763,-8.0,2.0,1.0,0.0,63.0,0.0
78.0,232.52081,11.0,113.18297,36.63235,0.0,0.0,100.0,-7.0,7.0,8.0,35.0,1.0,33.0,0.0,3.0,3.73051,21.934692,86.276665,6.0,4.0,1.0,82.802505,0.0
72.98107,240.94243,19.664528,81.0,24.183846,0.0,0.0,100.0,-7.0,7.0,8.0,24.0,0.0,20.0,0.0,0.0,0.0,72.345894,-8.0,5.0,2.0,2.0,58.6718,0.0
86.0,422.72302,6.490181,273.15823,16.0,0.0,0.0,95.125114,39.92381,6.0,6.0,19.0,1.0,31.0,12.994594,0.0,0.0,14.0,41.049236,3.0,3.0,0.0,60.0,0.0
78.0,267.82513,8.0,88.967995,21.0,0.0,0.0,95.0,65.28557,6.0,6.0,20.0,2.0,14.0,0.0,1.0,1.0,6.371544,-8.0,5.0,-9.0,0.0,41.223167,0.0
85.0,230.92458,2.0,77.52295,28.0,0.0,0.0,100.0,-7.0,7.0,8.0,32.0,2.0,80.3104,1.0,1.0,1.0,0.0,97.767845,-9.0,21.573887,0.0,76.510956,0.0
69.03178,194.5563,7.0,69.09374,16.258268,0.0,0.0,89.4568,30.034836,5.0,6.0,16.0,1.0,47.590218,0.0,0.0,0.0,70.27736,-8.0,3.0,2.0,0.0,80.0,0.0
73.974434,205.59712,15.558573,79.112946,32.0,0.0,0.0,100.0,-7.0,7.0,8.0,28.358023,0.0,30.0,-7.0,1.0,1.0,78.80582,81.18294,6.0,4.0,2.0,85.81175,0.0
81.0,126.73308,2.0,70.0,24.0,0.0,0.0,100.0,-7.0,7.0,8.0,21.0,1.0,14.0,0.0,1.0,1.0,1.0,25.907082,3.0,2.0,1.0,33.0,0.0
80.0,116.318665,2.0,69.249756,22.0,0.0,0.0,100.0,-7.0,7.0,8.0,23.0,1.0,14.0,0.0,2.0,2.0,25.0,-8.0,2.0,1.0,1.0,30.714636,0.0
88.0,278.19412,14.0,104.258514,7.2618737,0.0,0.0,98.0,-7.0,7.0,8.0,10.802582,0.0,24.0,-7.0,0.0,0.0,4.8558836,-8.0,3.0,1.0,0.0,56.0,0.0
80.161446,114.17792,2.0,48.17103,15.0,0.0,0.0,100.0,-7.0,7.0,8.0,22.0,1.0,28.0,0.0,2.1893995,2.0,1.0,93.0,1.0,3.0,0.0,44.0,0.0
69.0,131.68678,10.0,61.0,21.0,0.0,0.0,96.24009,69.56258,6.0,6.0,24.0,1.0,35.728264,1.0,1.0,1.0,85.65243,84.021706,3.0,2.0,2.0,62.972137,0.0
89.0,373.73172,8.0,112.04238,26.0,0.0,0.0,100.0,-7.0,7.0,8.0,24.0,1.0,29.226582,0.0,0.0,0.0,11.0,-8.0,3.0,1.0,0.0,71.0,0.0
70.0,147.21033,4.0,37.983566,23.0,0.0,0.0,100.0,-7.0,7.0,8.0,26.0,5.8646846,35.0,-7.0,2.0,2.0,42.420002,73.58071,6.0,3.0,0.0,86.0,0.0
76.0,418.31778,1.0,80.47545,30.0,0.0,0.0,100.0,-7.0,7.0,8.0,34.0,2.0,13.225997,-7.0,2.0,2.0,13.198456,99.320816,7.0,2.0,0.0,50.0,0.0
80.7592,488.19617,3.0,97.183235,31.123684,0.0,0.0,100.0,-7.0,7.0,8.0,32.0,3.0,22.887081,1.1606766,1.0,1.0,0.31585145,4.2352395,8.0,2.0,1.0,67.0,0.0
63.0,298.71216,15.0,120.286224,34.0,6.794633,6.11385,87.84001,43.519207,6.0,6.0,47.048565,0.0,66.63801,3.0,3.0,2.0,3.0,31.890644,0.75630754,2.0,0.0,44.0,0.0
-9.0,120.79887,4.0,52.064445,25.0,2.0,0.0,89.28932,3.293792,-2.3576589,4.0,31.53823,1.0,53.164433,0.0,2.0,2.0,79.759476,52.791523,7.0,2.0,3.0,80.0,0.0
80.0,231.25012,3.0,96.68626,14.0,0.0,0.0,100.0,-7.0,7.0,8.0,15.710249,2.0,35.597607,0.0,1.0,1.0,25.812407,-8.0,5.0,-8.0,0.0,70.0,0.0
74.0,158.13818,3.0,75.27521,17.062563,0.0,0.0,100.0,-7.0,7.0,8.0,20.0,3.0,30.186329,2.0,2.0,2.0,30.998236,-8.0,5.0,1.0,0.0,67.0,0.0
-9.0,-9.0,-9.0,-9.0,-9.0,-9.0,-9.0,-9.0,-9.0,-9.0,-9.0,-9.0,-9.0,-9.0,-9.0,-9.0,-9.0,-9.0,-9.0,-9.0,-9.0,-9.0,-9.0,0.0
81.80023,319.07104,3.0,91.26203,20.488382,0.0,0.0,97.0,17.424042,6.0,6.0,23.0,2.0,25.0,9.811587,0.0,0.0,23.997082,80.0,4.0,2.0,0.0,67.0,0.0
83.0,157.29617,6.346661,47.210777,10.050579,0.0,0.0,100.0,-7.0,7.0,8.0,13.0,2.0,12.974196,0.75279415,3.0,3.0,6.0,-8.0,1.0,1.0,0.0,40.0,0.0
75.0,386.43954,20.0,142.70708,27.0,0.0,0.0,100.0,-7.0,7.0,8.0,24.0,0.0,27.0,0.0,1.0,1.0,35.987637,88.0156,7.0,7.2712135,0.0,75.0,0.0
80.0,259.02777,12.0,81.0,21.0,0.0,0.0,100.0,-7.0,7.0,8.0,26.0,0.0,25.0,2.7951515,0.0,0.0,25.0,55.41452,4.0,2.0,0.0,70.0,0.0
70.0,156.30627,4.0,71.0,28.0,2.0,2.275705,100.0,-7.0,6.0,8.0,25.0,1.0,21.0,3.3094597,0.0,0.0,1.0,-8.0,2.0,-8.0,0.0,-9.0,0.0
86.48034,170.61676,3.0,77.11931,14.0,0.0,0.0,100.0,-7.0,7.0,8.0,11.976149,1.0,19.0,4.0,0.0,0.0,24.383884,-8.0,2.0,1.0,0.0,33.0,0.0
84.0,114.38477,7.144904,68.0,29.0,0.0,0.0,100.0,-7.0,7.0,8.0,29.0,2.0,7.600272,1.0,1.0,1.0,5.664455,-8.0,1.0,1.0,0.0,20.130795,0.0
71.0,277.67932,6.0,73.007225,18.0,1.0,0.0,94.0,14.321359,6.0,5.9528723,19.0,2.0,9.069858,-7.0,1.0,1.0,24.544334,-8.0,2.0,-8.0,0.0,37.02821,0.0
83.0,332.03708,1.0,128.91533,39.0,0.0,0.0,100.0,9.74203,6.0,6.0,49.79248,3.0,20.0,7.2112417,0.0,0.0,4.0,104.88166,2.0,2.0,0.0,14.336439,0.0
80.0,266.98575,6.0,100.29172,50.504223,0.0,0.0,100.0,-7.0,7.0,8.0,42.773106,1.0,18.069439,0.0,0.0,0.0,21.0,-8.0,9.157464,2.0,0.0,63.538723,0.0
67.19804,155.46667,1.0,42.428894,23.0,0.0,0.0,100.0,-7.0,7.0,8.0,31.0,4.0,30.0,-8.0,0.0,0.0,61.530293,-8.0,5.0,4.0,2.0,80.0,0.0
78.0,389.40274,24.931763,228.17868,29.0,0.0,0.0,100.0,-7.0,7.0,8.0,23.0,0.0,14.054756,7.0,0.0,0.0,42.020546,31.352585,11.154352,2.0,2.0,75.0,0.0
62.996845,163.7822,11.0,63.0,19.0,1.3038772,0.0,92.0,54.458218,6.0,5.0,23.20716,1.0,52.386166,0.0,0.0,0.0,101.794304,-8.0,1.0,1.0,2.0,100.0,0.0
85.0,413.1672,4.0,100.22761,23.389065,0.0,0.0,100.0,-7.0,7.0,8.0,26.759096,2.0,24.0,21.134789,0.0,0.0,4.978104,46.177868,2.0,2.0,0.0,40.70374,0.0
75.0,129.4036,12.042651,98.502686,12.0,1.0,0.0,78.24804,21.111582,6.0,3.0,13.926341,0.0,25.0,-7.0,0.0,0.0,23.492327,77.85419,3.0,2.0,0.0,67.0,0.0
85.0,272.47958,22.994843,200.30962,15.0,0.0,0.0,92.59645,37.256477,6.0,6.0,15.310907,0.0,27.0,-7.0,0.0,0.0,1.0,-8.0,2.0,1.0,0.0,33.0,0.0
78.396385,148.21753,8.0,79.0,36.0,0.0,0.0,100.0,-7.0,6.0,8.0,26.0,1.0,35.045002,1.0,0.0,0.0,0.0,-8.0,2.0,2.0,0.0,27.44762,0.0
84.77951,257.3569,1.0,114.79908,33.86045,0.0,0.0,100.0,-7.0,7.0,8.0,43.871716,1.0,12.905316,18.635118,1.0,1.0,2.8286414,-8.0,3.0,1.0,1.0,40.0,0.0
86.0,205.90707,28.153646,116.796555,28.0,0.0,0.0,100.0,-7.0,7.0,8.0,28.0,0.0,24.0,0.0,0.0,0.0,8.182214,-8.0,3.0,1.0,0.0,50.0,0.0
66.0,184.74904,3.0,56.47738,43.737404,1.0,0.0,89.0,1.0,4.0,3.0,40.473347,9.523022,18.0,0.0,1.0,1.0,12.0,95.32236,4.081877,4.0,0.0,34.68794,0.0
65.80085,125.19138,2.0,42.01938,13.0,0.0,0.0,100.0,-7.0,6.0,8.0,4.1231337,2.0,23.0,1.0,3.0,3.0,56.20418,-8.0,5.6338716,4.0,3.0,75.0,0.0
60.439316,193.6292,5.0,60.62039,3.0847418,1.0,0.0,70.01693,4.0,6.0,2.951988,9.0,1.0,43.0,-7.0,0.0,0.0,7.0,-8.0,1.0,2.0,-9.0,100.0,0.0
64.0,147.03627,6.0,77.0,21.0,2.0,1.0,77.977196,18.119116,6.0,2.0,34.0,2.0,43.717033,0.0,0.0,0.0,84.92404,51.072685,5.0,3.0,2.0,100.0,0.0
89.0,214.52824,23.41514,166.5106,21.0,0.0,0.0,100.0,-7.0,7.0,8.0,22.0,0.0,15.242546,6.9749327,0.0,0.0,1.0,-8.0,3.0,-8.0,0.0,40.960636,0.0
77.0,148.63055,7.0,83.873344,42.00901,0.0,0.0,100.0,-7.0,7.0,8.0,44.44418,3.0,25.0,0.0,0.0,0.0,44.668224,68.49618,10.084612,3.0,1.0,87.935684,0.0
78.0,439.1272,3.0,110.6221,29.0,0.0,0.0,100.0,-7.0,7.0,8.0,32.0,2.0,33.0,2.0,1.0,0.0,35.84975,-8.0,4.0,2.0,1.0,47.21745,0.0
-9.0,-9.0,-9.0,-9.0,-9.0,-9.0,-9.0,-9.0,-9.0,-9.0,-9.0,-9.0,-9.0,-9.0,-9.0,-9.0,-9.0,-9.0,-9.0,-9.0,-9.0,-9.0,-9.0,0.0
76.27184,170.3284,2.0,60.392628,20.0,0.0,0.0,94.858604,47.67966,6.0,6.0,23.0,2.0,24.0,0.0,0.0,0.0,16.45656,53.09777,2.0,4.3694463,0.0,78.09252,0.0
67.958,160.99307,10.395659,68.94667,13.0,1.0,1.0,92.0,23.109211,4.0,3.0,15.0,2.0,16.0,7.0,0.0,0.0,42.10691,43.087578,9.23384,2.0,0.0,80.0,0.0
-9.0,-9.0,-9.0,-9.0,-9.0,-9.0,-9.0,-9.0,-9.0,-9.0,-9.0,-9.0,-9.0,-9.0,-9.0,-9.0,-9.0,-9.0,-9.0,-9.0,-9.0,-9.0,-9.0,0.0
76.0,270.33612,5.457004,93.05317,31.0,0.0,0.0,94.0,27.092978,6.0,6.0,43.03252,2.0,6.600487,12.0,1.0,0.0,4.0,-8.0,9.077804,1.0,0.0,42.4064,0.0
72.0,164.96725,27.97935,88.7811,12.0,0.0,0.0,96.0,-7.0,6.0,6.0,15.0,0.0,99.857445,4.0,0.0,0.0,-8.430133,74.80247,-9.0,2.0,-9.0,88.0,0.0
75.0,151.88432,2.0,74.0,18.984318,0.0,0.0,100.0,-7.0,6.0,6.0,14.0,3.0,36.0,4.0,0.0,0.0,48.8811,82.51493,6.0,3.0,0.0,100.0,0.0
57.731686,305.2067,8.0,86.62397,42.561226,1.0,1.0,89.0,4.0,4.0,5.0,43.924946,3.0,27.363258,0.0,0.0,0.0,33.082367,61.722454,7.0,3.0,2.0,71.0,0.0
91.0,125.05784,19.671696,83.25153,12.0,0.0,0.0,100.0,-7.0,7.0,8.0,14.0,0.0,37.0,8.0,0.0,0.0,2.5568714,-8.0,2.0,1.0,0.0,57.0,0.0
82.0,190.4703,7.0,74.90719,12.015204,0.0,0.0,100.0,-7.0,7.0,8.0,13.0,3.0,42.0,-7.0,0.0,0.0,12.0,82.01126,2.0,1.7661057,0.0,75.0,0.0
65.21047,231.84961,4.0,64.06337,42.191113,0.0,0.0,100.0,-7.0,7.0,8.0,45.54632,8.817545,19.0,0.0,3.0,2.0,59.765923,89.15884,12.2671795,2.0,3.0,67.0,0.0
-9.0,-9.0,-9.0,-9.0,-9.0,-9.0,-9.0,-9.0,-9.0,-9.0,-9.0,-9.0,-9.0,-9.0,-9.0,-9.0,-9.0,-9.0,-9.0,-9.0,-9.0,-9.0,-9.0,0.0
-9.0,-9.0,-9.0,-9.0,-9.0,-9.0,-9.0,-9.0,-9.0,-9.0,-9.0,-9.0,-9.0,-9.0,-9.0,0.0,-9.0,-9.0,-9.0,-9.0,-9.0,-9.0,-9.0,0.0
58.12038,283.61478,2.0,66.997795,30.371593,1.0,0.0,92.0,3.0,4.0,6.0,24.305965,5.1477213,39.0,0.0,12.217963,11.843253,13.138504,87.73428,6.0,5.703002,0.0,57.86896,0.0
-9.0,-9.0,-9.0,-9.0,-9.0,-9.0,-9.0,-9.0,-9.0,-9.0,-9.0,-9.0,-9.0,-9.0,-9.0,-9.0,-9.0,-9.0,-9.0,-9.0,-9.0,-9.0,-9.0,0.0
84.495964,220.62236,21.847054,75.0,21.0,0.0,0.0,100.0,-7.0,7.0,8.0,22.0,0.0,46.0,0.0,1.0,1.0,2.0,72.201515,1.0,3.0,0.0,44.0,0.0
89.51634,196.46048,7.0,113.960045,27.0,0.0,0.0,100.0,-7.0,7.0,8.0,29.0,1.0,33.0,16.0,0.0,0.0,9.0,57.201878,2.0,2.0,0.0,39.572514,0.0
87.0,72.40313,3.0,86.8397,16.0,0.0,0.0,100.0,-7.0,7.0,8.0,3.991927,2.0,50.0,0.0,2.0,1.0,5.0,88.82146,3.0,3.0,0.0,80.0,0.0
87.0,143.41743,25.908726,75.0,10.0,0.0,0.0,100.0,-7.0,7.0,8.0,16.169588,0.0,63.20043,4.0,0.0,0.0,0.0,-8.0,1.0,-8.0,0.0,100.0,0.0
87.0,182.00406,4.0,84.893265,28.0,0.0,0.0,100.0,-7.0,7.0,8.0,36.10898,1.0,21.0,0.0,0.0,0.0,1.0,-8.0,3.0,1.0,0.0,32.496765,0.0
91.0,173.76346,24.521551,106.291664,9.0,0.0,0.0,100.0,-7.0,7.0,8.0,12.0,0.0,16.445913,5.0,1.0,1.0,1.0,-8.0,1.0,1.0,0.0,93.34321,0.0
79.0,188.07413,3.0,76.0,28.0,0.0,0.0,96.0,65.27297,6.0,6.0,21.0,3.0,18.0,5.0,2.0,1.8586166,6.25324,82.77974,4.358252,2.0,0.0,67.0,0.0
-9.0,-9.0,-9.0,-9.0,-9.0,-9.0,-9.0,-9.0,-9.0,-9.0,-9.0,-9.0,-9.0,-9.0,-9.0,-9.0,-9.0,-9.0,-9.0,-9.0,-9.0,-9.0,-9.0,0.0
80.0,196.7183,-9.0,52.19075,39.0,0.0,0.0,100.0,-7.0,7.0,8.0,38.0,6.0,46.0,0.0,1.0,1.0,19.0,75.86393,2.0,6.0,0.0,56.0,0.0
66.60902,439.83115,9.0,141.16994,25.0,1.0,1.0,94.97048,23.547256,6.0,5.0,23.606424,2.4305084,33.0,0.0,0.0,0.0,51.44607,82.0,11.0,4.0,2.0,71.0,0.0
79.0,170.77423,13.114679,110.47883,14.777615,0.0,0.0,68.837746,2.0,5.5479093,6.0,21.0,0.0,20.0,0.0,0.0,0.0,3.0,41.72916,2.0,1.0,0.0,50.0,0.0
85.0,262.85422,1.0,90.7943,33.453835,0.0,0.0,100.0,-7.0,7.0,8.0,36.525967,3.0,42.0,0.0,0.88990945,1.0,31.870241,62.05219,4.0,3.0,0.0,71.0,0.0
-9.0,345.8718,3.0,138.78682,23.508062,1.0,0.0,88.0,-7.0,-9.0,6.0,26.277384,1.0,33.0,-8.0,2.0,2.0,20.238924,96.02994,0.0,5.0,0.0,43.0,0.0
84.0,214.362,15.0,76.61956,12.550699,0.0,0.0,100.0,-7.0,7.0,8.0,18.071344,0.0,19.0,6.0308766,0.0,0.0,16.0,14.361171,2.0,2.0,0.0,50.0,0.0
85.0,175.86339,25.380922,80.29696,15.0,0.0,0.0,100.0,-7.0,7.0,8.0,19.0,0.0,36.0,12.0,0.0,0.0,1.0,87.35764,1.0,2.0,0.0,38.0,0.0
83.0,35.367577,8.286756,65.0,16.0,0.0,0.0,100.0,-7.0,7.0,8.0,3.999419,3.0,19.0,0.0,2.0,3.0,1.0,-8.0,3.0,1.0,0.0,42.48082,0.0
68.12593,277.9766,2.0,85.94454,52.26193,2.0,0.0,92.47479,80.86248,5.874935,5.0,54.410484,5.0,13.0,7.0,0.0,0.0,25.0,41.68417,25.44229,2.0,1.7445084,67.0,0.0
69.0,185.112,5.0,98.90406,25.0,1.0,1.6463209,93.0,69.60106,6.0,5.5183945,24.0,2.0,66.44504,0.0,2.0,2.0,38.2964,95.16875,3.0,3.0,0.0,63.965023,0.0
82.0,117.60535,33.9785,58.0,-9.0,0.0,0.0,100.0,-7.0,7.0,8.0,-9.0,0.0,29.0,0.0,0.0,0.0,1.0,61.087875,0.61205024,1.0,0.0,63.11708,0.0
82.05162,232.63269,4.0,46.694332,12.0,0.0,0.0,100.0,-7.0,7.0,8.0,8.0,3.0,30.0,0.0,2.0,2.0,6.0,63.65668,2.0,2.1972044,0.0,100.0,0.0
72.0,162.09497,2.0,53.788265,33.0,0.0,0.0,100.0,-7.0,7.0,8.0,34.0,6.0,39.36649,0.0,2.0,2.0,34.512558,35.08206,6.0,7.1071515,2.0,74.44289,0.0
80.0,154.5803,4.0,83.0,12.0,0.0,0.0,88.83062,20.775064,6.0,6.0,15.0,2.0,33.0,-7.0,0.0,0.0,0.29395682,53.89602,2.0,2.0,0.0,83.536964,0.0
83.0,164.76874,35.704144,116.910126,10.0,0.0,0.0,100.0,-7.0,7.0,8.0,8.025768,0.0,21.0,-8.0,0.0,0.0,55.50254,8.491047,2.0,2.0,1.0,80.0,0.0
83.0,296.20218,5.0,76.0,32.0,0.0,0.0,100.0,-7.0,6.0,8.0,34.0,2.0,45.5212,0.0,1.0,1.0,13.273621,-8.0,3.0,2.0,0.0,60.0,0.0
85.0,149.39798,7.0,77.98629,33.7873,0.0,0.0,100.0,-7.0,7.0,8.0,28.0,1.0,19.835629,0.0,1.0,1.0,17.0,72.78848,3.8853662,2.0,0.0,60.0,0.0
77.96657,196.69322,27.892832,83.0,27.0,0.0,0.0,92.0,32.618553,6.0,6.0,31.08032,0.0,54.65416,0.0,4.0,3.6227672,4.0,71.0,2.0,4.0,0.0,71.0,0.0
86.0,253.5742,22.368673,86.0,25.0,0.0,0.0,94.0,36.513035,6.0,6.0,24.0,0.0,32.0,-7.0,0.0,0.0,0.0,71.05909,-8.007758,2.0,0.0,32.121483,0.0
80.0,100.1747,8.552386,68.0,15.0,1.0,0.0,90.0,9.939644,6.0,5.0,17.0,1.0,45.0,9.6468725,0.0,0.0,3.0,90.08105,1.0,2.0,0.0,43.0,0.0
88.0,315.2102,9.0,118.21749,12.0,0.0,0.0,100.0,-7.0,7.0,8.0,11.15678,0.0,49.358517,2.0,0.0,0.0,10.416572,-8.0,1.0,1.0,0.0,50.0,0.0
-9.0,-9.0,-9.0,-9.0,-9.0,-9.0,-9.0,-9.0,-9.0,-9.0,-9.0,-9.0,-9.0,-9.0,-9.0,-9.0,-9.0,-9.0,-9.0,-9.0,-9.0,-9.0,-9.0,0.0
70.0,256.76767,3.0,112.79262,27.0,0.0,0.0,91.0,4.153503,4.0,6.0,14.0,4.0,49.137383,1.0891018,1.0,1.0,26.980766,75.41307,4.0,7.1299777,0.0,80.0,0.0
66.0,164.26509,4.9181414,49.14241,22.0,0.0,0.0,91.240616,43.34991,6.0,6.0,24.0,1.0,24.0,18.6447,0.0,0.0,40.894485,74.84223,3.0,3.0,1.8530265,65.36965,0.0
-9.0,127.81653,3.0,30.187946,14.0,0.0,0.0,65.507645,1.7310437,4.0,6.0,19.0,5.0,49.008526,2.3413353,0.0,0.0,72.04774,64.24476,5.0,3.0,1.0,80.0,0.0
75.0,381.67148,20.0,162.94048,14.0,1.0,0.0,85.429474,26.577293,6.0,5.956118,17.0,0.0,24.739378,-8.0,2.0,1.0,50.476223,-8.0,3.0,1.0,0.0,67.57868,0.0
79.906784,267.35764,7.0,99.91008,24.0,0.0,0.0,100.0,-7.0,7.0,8.0,23.0,2.0,40.706516,-7.0,0.0,0.0,31.272697,-8.0,5.0,1.0,4.779036,67.924,0.0
72.81764,67.77574,15.0,83.0,21.0,0.0,0.0,100.0,-7.0,7.0,8.0,8.0,0.0,62.346195,-7.0,0.0,0.0,59.467693,82.0,2.0,2.0,3.0,57.0,0.0
59.460594,-8.024248,13.056501,71.234146,7.0,1.0,1.0,77.06847,1.0,4.0,5.0,6.110446,0.0,20.0,7.0,0.0,0.0,56.059986,-8.0,3.0,-8.0,1.0,54.420982,0.0
62.0,195.15463,4.0,71.25865,34.0,1.0,1.0,84.362724,24.486553,6.0,4.4261003,44.848015,3.0,46.0,-7.0,2.0,1.2811254,62.20527,15.937999,7.374113,3.0,1.0,85.51687,0.0
78.0,223.58559,3.0,58.459152,39.0,0.0,0.0,100.0,-7.0,7.0,8.0,47.275013,5.0,21.0,0.0,0.0,0.0,11.0,88.0,5.0,3.3904533,0.0,32.98499,0.0
80.42452,230.26114,5.0,93.0,43.285484,0.0,0.0,100.0,-7.0,7.0,8.0,47.183968,1.0,33.0,0.0,2.0,2.0,14.0,-8.0,9.0,2.0,0.0,57.0,0.0
77.0,183.11229,5.0,71.789665,29.075813,1.0,0.9749078,96.0,64.359856,6.0,3.0,41.507305,1.0,11.0,0.0,3.0,2.0,12.0,-8.0,5.0,1.0,0.0,57.317528,0.0
81.0,147.6807,3.0,54.433884,47.80842,0.0,0.0,100.0,-7.0,7.0,8.0,53.56693,5.0,43.968227,-7.0,1.0,1.0,14.0,90.69645,2.0,4.0,0.0,62.350994,0.0
76.0,248.97668,10.472441,140.33194,33.0,0.0,0.0,100.0,-7.0,6.0,6.0,31.650698,0.0,34.69422,-7.0,0.0,0.0,66.2083,65.05776,6.0,5.0,0.0,75.0,0.0
59.297626,383.20688,7.645083,114.529816,33.087646,1.9706893,1.0,89.14837,8.825956,4.0,5.83334,42.484936,1.0,47.0,9.0,0.0,0.0,54.48617,43.55903,6.0,2.0,3.4690485,57.0,0.0
80.738716,380.74658,7.0,150.58884,9.0,0.0,0.0,92.0,46.132187,6.0,5.0,7.0,1.0,21.0,1.0,0.0,0.0,16.0,-8.0,3.0,1.0,0.0,78.0,0.0
84.0,188.06023,22.377493,75.810036,10.857939,0.0,0.0,100.0,-7.0,7.0,8.0,7.0,0.0,11.976487,-7.0,1.0,1.0,25.0,-8.0,2.0,1.0,0.0,58.0,0.0
77.0,161.75658,12.0,56.992096,40.719746,0.0,0.0,100.0,-7.0,7.0,8.0,29.192362,1.0,33.0,14.71066,0.0,0.0,28.203112,76.02843,2.0,3.0,0.0,50.0,0.0
57.67556,168.52243,3.0,38.526314,20.0,1.0,0.0,87.40459,11.756242,6.0,3.2304668,28.0,5.0,23.892061,0.0,2.0,2.0,27.685915,77.87439,4.0,3.0,0.0,50.0,0.0
75.732216,421.5411,2.0,59.531006,59.053783,0.0,0.0,100.0,-7.0,7.0,8.0,56.301052,10.915223,16.454603,0.0,3.0,3.0,4.465201,-8.0,7.2410445,1.0,0.0,39.972317,0.0
77.0,139.42122,7.0,72.42421,40.0355,0.0,0.0,95.0,51.809483,6.0,6.0,40.52842,2.0,13.330259,0.0,0.0,0.0,29.22345,77.467834,5.0,2.0,2.0,46.05388,0.0
89.0,116.45927,6.0,72.38681,15.0,0.0,0.0,100.0,-7.0,7.0,8.0,16.0,2.0,47.0,-7.0,0.0,0.0,6.0,93.0,1.0,2.1897316,0.0,37.006283,0.0
88.0,309.79407,7.0,110.703674,22.0,0.0,0.0,100.0,-7.0,7.0,8.0,34.42046,2.0,6.12592,0.0,0.0,0.0,1.0,12.211901,2.0,1.0,0.0,12.214401,0.0
91.385056,261.311,38.072533,181.73274,7.0,0.0,0.0,100.0,-7.0,7.0,8.0,7.7857647,0.0,11.431399,-7.0,0.0,0.0,2.0,-8.0,2.0,1.0,0.0,43.0,0.0
87.181526,187.17303,3.0,97.0,28.075459,0.0,0.0,100.0,-7.0,7.0,8.0,45.949543,2.0,63.94091,10.293182,0.0,0.0,12.0,37.56078,2.0,2.0,0.0,67.0,0.0
87.32977,172.04866,6.0,67.22656,32.87705,0.0,0.0,100.0,-7.0,7.0,8.0,36.080563,3.0,28.0,8.484985,1.0,1.0,5.3901052,68.90015,2.0,2.0,0.0,88.0,0.0
81.37694,199.07973,10.0,91.18596,37.769318,0.0,0.0,100.0,-9.0,6.0,6.0,43.291298,0.0,57.786743,5.302417,3.0,3.2285743,24.41706,97.03451,3.0,2.0,0.0,75.0,0.0
86.88951,186.64804,2.0,97.89688,45.393997,0.0,0.0,100.0,-7.0,7.0,8.0,55.865303,4.0,73.33262,-8.0,1.0,1.0,2.0,91.132164,3.0,19.949287,0.0,83.0,0.0
82.0,290.20532,10.13789,104.70806,22.0,0.0,0.0,100.0,-7.0,7.0,8.0,23.0,0.0,42.17763,2.0,1.0,1.0,36.0,89.699295,2.0,3.0,0.0,73.734726,0.0
79.87496,225.18777,2.0,101.28495,21.0,0.0,0.0,100.0,-7.0,7.0,8.0,21.113766,4.0,27.0,-7.0,0.0,0.0,24.812187,60.70113,6.0,2.0,1.0,46.43389,0.0
72.0,289.08365,30.865873,114.44946,24.0,0.0,0.0,94.85961,3.0,4.0,6.0,14.0,0.0,32.0,0.0,6.9457874,6.220916,12.383897,-8.0,4.0,2.0,0.0,50.0,0.0
88.0,166.75949,11.0,88.40834,11.502635,0.0,0.0,100.0,-7.0,7.0,8.0,14.0,0.0,28.0,-7.0,0.0,0.0,1.0,45.16693,2.0,1.0,0.0,47.004486,0.0
86.0,214.76387,6.0,94.94048,14.0,0.0,0.0,100.0,-7.0,7.0,8.0,16.0,2.0,20.0,0.0,0.0,0.0,4.0,-8.0,2.0,1.0,0.0,67.0,0.0
89.37598,265.86612,9.0,97.76306,18.0,0.0,0.0,100.0,-7.0,7.0,8.0,20.0,0.0,20.0,-7.0,0.0,0.0,0.0,-8.0,2.0,1.0,0.0,38.0,0.0
85.0,187.24991,2.0,72.0,20.0,0.0,0.0,100.0,-7.0,7.0,8.0,22.0,3.0,33.0,1.8910269,1.0,1.0,6.0,48.43148,4.0,1.0,0.0,63.0,0.0
69.52566,362.25302,10.820643,138.98996,28.0,0.0,0.0,96.0,4.0,4.0,6.0,29.0,1.0,6.2347217,5.3714986,0.0,0.0,16.791857,-8.0,11.0,1.0962305,0.0,72.38099,0.0
60.36264,180.92029,10.0,74.87152,40.525974,0.0,0.0,100.0,-7.0,7.0,8.0,39.900978,0.0,41.0,0.0,0.0,0.0,82.597824,77.22704,8.0,2.0,5.5281906,80.0,0.0
-9.0,-9.0,-9.0,-9.0,-9.0,-9.0,-9.0,-9.0,-9.0,-9.0,-9.0,-9.0,-9.0,-9.0,-9.0,-9.0,-9.0,-9.0,-9.0,-9.0,-9.0,-9.0,-9.0,0.0
65.0,277.16083,55.48801,121.97945,13.481507,0.0,0.0,81.19341,8.488444,6.0,6.0,16.0,0.0,26.254969,-7.0,0.0,0.0,92.52726,-8.0,3.0,1.0,5.7080803,60.98767,0.0
81.0,276.21652,3.0,79.8054,13.0,0.0,0.0,94.13731,12.294526,6.0,5.0,19.0,2.0,19.0,0.7870944,4.0,4.0,11.0,-8.0,1.6495374,1.0,0.0,50.0,0.0
71.0,82.15962,17.0,64.40242,3.5604863,1.0,0.0,88.257904,33.88831,6.0,4.0,7.0,0.0,64.62982,0.0,0.0,0.0,0.0,-8.0,1.0,1.0,0.0,75.0,0.0
81.0,216.24399,5.0,81.0,8.0,0.0,0.0,93.80994,66.95882,6.0,6.0,10.0,1.0,45.0,-8.0,0.0,0.0,27.533154,-8.0,2.0,1.0,1.0,55.319424,0.0
67.15697,202.29613,4.0,80.59655,37.078373,0.0,0.0,96.95911,25.036884,6.0,6.0,37.0,2.0,39.0,0.0,2.0,1.0,49.19231,75.70345,6.0,4.0,3.0,77.62912,0.0
85.655495,151.97626,4.0,81.904366,21.0,0.0,0.0,100.0,-7.0,7.0,8.0,18.0,1.4978433,55.86179,0.0,0.0,0.0,17.0,-8.0,3.687028,1.0,1.0,67.0,0.0
81.0,429.28262,5.0,66.36982,34.010815,0.0,0.0,100.0,-7.0,7.0,8.0,38.257435,3.0,26.0,0.0,1.0,1.0,1.0,-8.0,2.0,2.0,0.0,43.0,0.0
67.528946,169.7744,1.8276488,70.0,52.32165,0.0,0.0,91.51645,31.41864,6.0,6.0,54.971375,10.358599,66.1386,0.0,2.0,2.2411556,33.044426,82.90178,4.0,22.764523,1.0,80.19451,0.0
69.0,79.68324,28.425081,75.0,12.0,0.6219618,0.0,94.0,76.57893,6.0,6.0,10.0,0.0,28.0,0.0,1.0,1.0,41.950886,-8.0,4.0,-8.0,1.0,83.0,0.0
68.546104,133.41061,8.0,88.20487,27.0,0.0,0.0,94.32204,30.40986,5.8895755,6.0,26.47892,0.0,27.0,-7.0,2.0,1.0,23.55617,65.50584,4.0,2.0,0.0,50.0,0.0
86.0,218.04411,7.0,110.167625,23.0,0.0,0.0,100.0,-7.0,7.0,8.0,28.0,2.0,53.07675,9.999035,0.0,0.0,5.723439,-8.0,4.0,1.0,0.0,75.0,0.0
-9.0,-9.0,-9.0,-9.0,-9.0,-9.0,-9.0,-9.0,-9.0,-9.0,-9.0,-9.0,-9.0,-9.0,-9.0,-9.0,-9.0,-9.0,-9.0,-9.0,-9.0,-9.0,-9.0,0.0
75.0,202.75159,2.0,58.0,39.630062,0.0,0.0,96.0,6.0,6.0,6.0,41.54677,3.0,31.0,0.0,6.0541887,6.10094,22.95438,-8.0,2.0,2.0,0.0,38.907856,0.0
85.0,-9.0,2.0,63.063698,13.0,0.0,0.0,100.0,-7.0,7.0,8.0,0.5963252,1.0,39.0,-7.0,0.0,0.0,6.0,49.709007,3.0,3.0,0.0,75.0,0.0
81.0,470.40457,20.233545,108.090805,20.0,1.0,0.0,91.84398,35.788807,6.0,2.151241,20.859533,0.0,9.264585,-8.21579,0.0,0.0,9.0,-8.0,4.0,1.0,0.0,43.50563,0.0
72.0,154.83957,3.0,76.0,18.220371,1.0,1.0,100.0,-7.0,0.0,7.0,25.0,3.0,50.0,-9.0,0.0,0.0,17.33286,45.199074,5.0,4.0,0.0,88.0,0.0
62.49023,-9.0,4.5266237,-9.0,10.4392395,0.0,0.0,97.0,28.570234,4.5454445,6.0,9.0,2.0,29.000526,0.0,6.77774,6.8505335,85.398705,-5.2330675,3.0,3.0,0.0,78.0,0.0
77.0,264.3101,1.0,97.0,24.0,2.0,2.0,100.0,-7.0,7.0,8.0,24.708315,4.0,21.513617,0.0,2.6710057,3.0,7.8711133,-8.0,9.84479,1.0,0.0,70.85447,0.0
70.0,153.74054,4.0,74.0,27.276245,0.0,0.0,100.0,-7.0,7.0,8.0,44.315834,2.0,36.0,0.0,2.0,2.0,70.90573,50.86833,4.0,2.0,2.0,80.0,0.0
64.88976,171.32173,10.0,80.605286,27.051054,0.0,0.0,83.738434,16.047966,6.0,6.0,34.0,0.0,30.0,4.4453444,1.0,1.0,41.25445,90.08976,6.0,2.0,2.3621275,84.72055,0.0
77.0,246.30763,4.0,101.478004,17.0,1.0,0.0,90.88241,53.29212,6.0,4.0,20.0,1.0,33.419727,-7.0,0.0,0.0,13.0,78.43851,2.0,1.0,0.0,33.0,0.0
84.0,132.88371,6.0,134.98969,25.0,0.0,0.0,84.10655,68.70817,6.0,6.0,26.0,0.0,51.482006,-7.0,0.0,0.0,16.818443,92.881905,2.0,1.0,0.0,40.521854,0.0
81.0,122.36117,4.0,59.191467,37.522633,0.0,0.0,97.0,45.482292,6.0,6.0,36.455307,1.0,41.004715,2.0,1.0,1.0,2.0,99.739265,2.0,3.0,0.0,46.715736,0.0
65.0,70.0715,6.0,62.945396,20.0,1.0,0.0,83.88962,22.333866,4.0,5.098758,22.0,2.0,43.118786,-7.0,0.0,0.0,48.251877,-8.0,4.0,2.0,1.0,88.31006,0.0
84.0,206.46791,13.0,92.2685,40.91555,0.0,0.0,100.0,-7.0,7.0,8.0,24.0,0.0,18.53223,16.0,0.0,0.0,15.0,49.31329,1.0,3.0,0.0,13.926498,0.0
86.0,214.87816,37.17109,103.00245,10.0,0.0,0.0,100.0,-7.0,7.0,8.0,15.0,0.0,27.76057,0.0,2.0,2.0,5.0,-8.0,1.0,1.0,0.0,100.0,0.0
86.0,243.92056,8.652546,93.0,16.0,0.0,0.0,100.0,-7.0,7.0,8.0,12.0,1.0,72.76476,0.0,0.0,0.0,1.0,84.10834,1.0,2.0,0.0,71.0,0.0
81.0,278.41666,5.0,67.0,21.0,0.0,0.0,100.0,-7.0,7.0,8.0,23.0,3.232794,43.426174,18.019953,0.0,0.0,20.925964,83.467674,2.0,2.0,0.0,63.0,0.0
89.0,174.65036,10.0,82.0,27.0,0.0,0.0,100.0,-7.0,6.0,8.0,30.0,1.0,70.04525,1.0,0.0,0.0,7.0,90.25074,1.0,3.0,0.0,59.392906,0.0
84.16501,359.67877,7.0,120.404335,27.0,0.0,0.0,100.0,-7.0,7.0,8.0,23.0,2.0,53.59728,11.1719265,0.0,0.0,0.33003077,85.190674,2.0,2.0,0.0,85.564415,0.0
74.0,150.75737,2.0,54.855373,9.0,0.0,0.0,90.0,3.0,4.0,6.0,14.0,0.0,21.0,3.0,0.0,0.0,25.0,-8.0,2.0,1.0,0.0,50.0,0.0
72.0,158.89136,5.0,73.39778,46.658073,0.0,0.0,100.0,-7.0,7.0,8.0,46.721794,5.7057714,20.0,0.0,0.0,0.0,32.77641,80.0,4.0,4.0,0.0,67.0,0.0
79.0,300.28714,2.0,70.0,51.203014,0.0,0.0,94.0,22.172796,6.0,6.0,57.69387,7.2297864,50.0,0.0,4.0,4.0,5.0,65.97531,3.0,7.880909,0.0,50.0,0.0
84.0,225.2798,17.0,106.247826,20.0,0.0,0.0,100.0,-7.0,7.0,8.0,23.0,0.0,77.63215,1.0,0.0,0.0,10.759887,-8.0,2.0,2.0,0.0,71.0,0.0
87.0,156.71396,2.0,141.36182,37.701927,0.0,0.0,100.0,-7.0,7.0,8.0,-0.43837628,3.0,26.0,-7.0,15.634959,14.692858,3.0,71.23291,3.0,3.0,0.0,33.0,0.0
75.0,344.52838,10.0,174.58006,28.480112,0.0,0.0,97.0,73.15571,6.0,6.0,27.0,0.0,36.0,0.0,1.0,1.0,40.928406,44.83958,5.0,2.0,0.0,59.580734,0.0
67.0,231.92397,1.600593,75.0,30.620012,2.0,2.0,89.0,6.0,0.94887334,-2.965705,33.717197,4.0,16.008833,4.0,2.0,1.0,7.5034866,52.680737,4.0,1.0,0.0,47.266613,0.0
84.376335,232.41777,3.0,79.0,28.989008,0.0,0.0,100.0,-7.0,7.0,8.0,35.236565,6.0,22.971306,12.044845,0.0,0.0,1.0,85.18772,1.7205751,3.0,0.0,40.0,0.0
73.0,226.17297,17.0,69.679344,20.0,0.0,0.0,100.0,-7.0,7.0,8.0,24.0,0.0,19.707905,1.0,3.0,3.0,17.0,31.19374,7.0,2.0,1.0,75.0,0.0
72.0,178.66916,6.0,58.0,28.0,0.0,0.0,100.0,-7.0,7.0,8.0,31.0,2.0,33.0,1.0,0.0,0.0,53.768055,80.0,2.0,2.0,1.0,45.258373,0.0
78.07484,153.2117,2.0,68.0,42.60534,0.0,0.0,100.0,-7.0,7.0,8.0,37.0,4.0,20.0,12.964995,0.0,0.0,3.0,65.01305,3.0,2.1505404,0.0,47.495358,0.0
79.775314,311.2576,11.577721,146.48605,17.0,0.0,0.0,92.0,-7.0,6.0,6.0,19.0,1.0,27.980091,-8.0,0.0,0.0,0.0,-8.0,2.0,1.0,0.0,43.0,0.0
92.71597,321.06693,8.0,114.11465,14.0,0.0,0.0,100.0,-7.0,7.0,8.0,14.0,1.0,28.0,-8.388031,0.0,0.0,7.0,-8.0,1.0,2.0,0.0,37.77476,0.0
87.22606,403.86786,14.0,114.89436,23.0,0.0,0.0,100.0,-7.0,7.0,8.0,30.5332,0.0,52.849915,-8.0,0.0,0.0,5.664019,93.0,2.0,2.0,0.0,71.0,0.0
81.0,147.59576,15.0,68.0,33.0,0.0,0.0,100.0,-7.0,7.0,8.0,39.843285,1.0,60.398754,-7.0,1.0,0.0,35.658386,90.90416,3.0,2.0,0.0,63.0,0.0
83.0,64.75385,8.0,73.38692,22.0,0.0,0.0,100.0,-7.0,7.0,8.0,7.0,1.0,30.0,14.331833,0.0,0.0,1.0,-8.0,2.0,2.0,0.0,71.0,0.0
73.0,244.76685,2.0,90.920044,16.0,0.0,0.0,100.0,-7.0,7.0,8.0,19.0,3.0,20.0,0.0,1.0,0.0,53.80037,60.24629,4.0,3.0,2.0,56.0,0.0
82.0,145.91429,2.0,75.845276,30.435146,0.0,0.0,97.0,29.903908,6.0,6.0,28.626451,4.0,43.0,1.0,2.2006898,2.0,0.0,68.44497,3.0,3.0,0.0,50.0,0.0
68.00834,-8.333826,10.0,36.641922,8.0,0.0,0.0,79.06051,4.0,4.0,6.0,10.0,1.0,36.0,-7.0,1.0,1.0,12.0,-8.0,2.0,1.0,0.0,71.0,0.0
66.0,125.41172,-6.238513,38.84845,25.541351,1.0,0.0,95.0,43.401363,6.0,6.0,26.0,6.0,46.0,2.0,3.0,3.0,42.919094,-8.0,5.0,22.679472,1.0,71.34694,0.0
86.0,-8.429635,16.245039,47.403633,7.0,0.0,0.0,100.0,-7.0,7.0,8.0,9.0,0.0,36.63607,12.0,0.0,0.0,2.0,-8.0,1.0,1.0,0.0,50.0,0.0
91.774475,258.66458,17.651459,81.0,17.698317,0.0,0.0,100.0,-7.0,7.0,8.0,23.0,0.0,31.0,-7.0,0.0,0.0,0.0,-8.0,-8.863553,1.0,0.0,-9.0,0.0
62.38437,28.114973,8.0,55.114033,32.0,0.0,0.0,100.0,-7.0,7.0,8.0,35.0,2.0,19.62026,-7.0,4.0,4.0,41.338634,91.0,5.0,2.0,3.3656247,50.0,0.0
66.13068,139.62874,3.0,63.501923,34.376076,2.0,2.0,95.361565,39.663425,6.0,5.0,39.8026,6.0,28.341715,1.0,5.7464395,5.0572867,40.903732,81.35382,6.0,3.0,0.0,80.896996,0.0
77.25179,274.05228,10.0,101.681015,42.394444,0.0,0.0,100.0,-7.0,7.0,8.0,43.989395,0.0,31.209578,0.0,1.0,1.0,41.312866,-8.0,4.0,1.0,1.0,53.760254,0.0
67.07766,193.8873,2.0,81.0,27.0,0.0,0.0,96.0,26.067179,6.0,5.0,28.0,2.0,30.007132,0.0,2.0,2.0,22.558817,93.92179,10.052948,5.0,4.0,75.0,0.0
75.07871,170.83502,28.267515,80.0,4.1819453,2.0,0.0,63.235577,23.540503,4.9669724,2.0,7.0,0.0,62.38161,0.0,2.0,1.0,1.0,-8.0,1.0,1.0,0.0,100.0,0.0
76.0,204.74312,11.0,80.0,18.0,0.0,0.0,100.0,-7.0,7.0,8.0,27.33986,0.0,35.0,0.0,0.0,0.7139532,30.607662,93.19325,2.0,2.0,0.0,100.0,0.0
86.0,154.39188,18.686464,78.189575,10.0,0.0,0.0,100.0,-7.0,7.0,8.0,11.953909,0.0,75.05454,0.0,0.0,0.0,1.0,48.621655,1.0,1.0,0.0,96.02415,0.0
65.0,192.3795,15.0,94.751465,15.0,1.0,1.0,89.0,6.8482013,-2.0416079,-9.0,24.102085,0.0,41.0,-8.0,0.0,0.0,64.61479,-8.0,3.0,1.0,3.0,82.19912,0.0
77.0,155.44826,3.0,65.004196,39.0,0.0,0.0,100.0,-7.0,7.0,8.0,45.375343,4.0,24.0,0.0,4.870891,5.258332,0.0,-8.0,2.0,1.0,0.0,-9.0,0.0
71.33187,196.63979,3.0,71.095726,31.6994,0.0,0.0,94.0,35.010807,4.0,6.0,38.0,3.0,27.0,3.0,0.0,0.0,38.401474,84.01194,4.0,2.0,0.0,91.36416,0.0
70.0,147.25279,25.564217,79.80054,14.0,2.9382038,0.0,82.20682,18.988123,6.0,2.0,16.0,0.0,66.716736,0.0,2.0,1.0,1.0,70.0811,0.0,3.0,0.0,100.0,0.0
85.0,150.45744,5.0,93.1398,34.0,0.0,0.0,100.0,-7.0,7.0,8.0,12.0,2.0,36.0,17.046963,0.0,0.0,3.101142,74.21931,5.0,2.0,0.0,64.0,0.0
89.82768,123.44616,10.0,67.0,11.0,0.0,0.0,100.0,-7.0,7.0,8.0,12.0,1.0,25.424484,-7.0,0.0,0.0,3.5049496,93.0,2.0,1.0,0.0,75.0,0.0
75.0,144.77432,16.310913,67.46806,14.0,0.0,0.0,100.0,-7.0,7.0,8.0,13.0,0.0,32.0,-7.0,0.0,0.0,72.19912,-8.0,2.0,1.0,1.0,80.0,0.0
78.0,187.02997,2.0,83.70981,48.3011,0.0,0.0,97.0,53.37683,6.0,6.0,75.24647,1.080338,32.75541,1.0,1.0,1.0,12.0,93.0,7.0,2.0,1.0,59.44579,0.0
82.19871,191.54689,4.0,41.06369,15.0,0.0,0.0,100.0,-7.0,7.0,8.0,15.0,3.0,16.06315,0.0,0.0,0.0,16.562801,-8.0,2.0,1.0,0.0,50.0,0.0
84.0,271.8298,5.0,100.0,28.0,0.0,0.0,100.0,-7.0,7.0,8.0,26.0,1.0,27.793447,5.4491467,0.0,0.0,1.0,-8.0,2.0,1.0,0.0,29.090286,0.0
82.902565,136.05276,3.0,54.692398,20.0,0.0,0.0,100.0,-7.0,7.0,8.0,21.0,4.0,25.0,4.0,1.0,1.0,13.0,-8.0,2.0,1.0,0.0,40.0,0.0
68.0,141.14835,3.0,61.0,21.236858,3.0,2.5776699,100.0,-7.0,7.0,8.0,21.0,1.8336043,16.745224,0.0,4.182364,5.0,1.0,59.387028,3.0,2.1608477,0.0,50.0,0.0
77.0,105.54341,20.0,107.34112,17.0,0.0,0.0,100.0,-7.0,7.0,8.0,4.294603,0.0,31.0,-9.0,0.0,0.0,29.449705,92.462814,4.0,2.0,2.0,86.76518,0.0
73.0,312.4314,4.0,91.52004,31.289923,0.0,0.0,96.0,31.078508,6.0,6.0,35.33968,3.0,26.10474,1.0,1.0,1.0,41.43202,23.659477,11.0,3.0,1.0,66.11481,0.0
74.0,60.6206,4.0,44.64301,34.433292,0.0,0.0,100.0,-7.0,7.0,8.0,30.157803,2.0,22.404444,0.0,0.0,0.0,10.4149,49.152058,5.0,3.0,1.0,72.47224,0.0
67.0,387.70526,4.0,120.41667,15.0,0.0,0.0,82.87588,17.900064,6.0,6.0,13.564898,1.0,18.0,-7.0,0.0,0.0,46.12267,-8.0,5.0,-8.0,3.0,52.749287,0.0
87.0,53.085728,16.34693,151.48636,9.0,0.0,0.0,100.0,-7.0,7.0,8.0,-9.0,0.0,18.0,12.0,0.0,0.0,1.0,-8.0,1.0,-8.0,0.0,100.0,0.0
77.0,110.46632,4.0,65.73407,8.347949,1.0,1.0,100.0,-7.0,7.0,8.0,10.0,1.0,31.61179,-8.0,0.0,0.0,1.0,78.13504,1.0,2.0,0.0,79.9181,0.0
82.0,138.54665,2.0,66.86141,22.40637,0.0,0.0,100.0,-7.0,7.0,8.0,23.0,1.0,42.0,0.0,1.0,1.8704871,9.0,-8.0,2.0,2.0,0.0,38.0,0.0
80.0,134.6545,6.0,72.10786,28.0,0.0,0.0,100.0,-7.0,7.0,8.0,31.0,3.0,39.225773,12.290474,0.0,0.0,11.444459,94.26159,5.0,3.0,0.0,70.72824,0.0
66.586136,93.13496,2.0,41.120594,24.0,3.6202521,5.167793,97.0,69.682434,6.0,6.0,35.638298,7.806688,23.0,-7.0,16.744053,14.855107,16.282597,73.79955,3.0,4.0,0.0,57.148205,0.0
-9.0,-9.0,-9.0,-9.0,-9.0,-9.0,-9.0,-9.0,-9.0,-9.0,-9.0,-9.0,-9.0,-9.0,-9.0,-9.0,-9.0,-9.0,-9.0,-9.0,-9.0,-9.0,-9.0,0.0
80.0,-8.0,5.0,-9.0,14.0,0.0,0.0,100.0,-7.0,7.0,8.0,19.414932,3.0,29.0,6.1336927,0.0,0.0,11.623853,-8.0,1.0,2.0,0.0,70.0,0.0
72.0,286.5092,4.0,121.454956,27.0,2.0,1.0,93.20395,31.203863,6.0,6.0,30.0,2.0,36.29801,5.0,1.0,1.0,12.59328,80.17215,3.0,3.0,0.0,44.0,0.0
81.15587,304.15405,33.32209,107.69209,17.258806,0.0,0.0,100.0,-7.0,7.0,8.0,21.0,0.0,54.229076,4.9967885,0.0,0.0,34.049652,-8.0,3.0,2.0,1.0,71.0,0.0
89.0,163.28307,34.268303,116.32054,17.0,0.0,0.0,100.0,-7.0,7.0,8.0,3.6922724,0.0,45.0,-8.0,0.0,0.0,6.0,-8.0,3.0,2.0,0.0,89.13862,0.0
85.0,152.50381,42.63536,84.97283,7.4621043,0.0,0.0,100.0,-7.0,7.0,8.0,8.830112,0.0,54.897118,6.0,0.0,0.0,0.0,-8.0,0.7991611,1.0,0.0,56.0,0.0
78.0,387.44592,5.6571894,127.00808,24.0132,0.0,0.0,100.0,-7.0,7.0,8.0,23.0,2.0,39.400818,1.0,2.0,2.0,40.938858,68.101524,5.0,3.0,1.0,75.0,0.0
83.588615,203.6101,15.2478895,76.331055,14.0,0.0,0.0,100.0,-7.0,7.0,8.0,23.0,0.0,36.02455,21.32035,1.0,1.0,0.0,62.469334,0.0,2.0,0.0,80.0,0.0
65.0,144.38715,6.0,35.24542,21.0,0.0,0.0,91.44021,4.8655696,6.0,6.0,22.0,3.0,38.0,0.0,3.0,3.0,59.923492,93.21101,4.0,2.0,0.0,50.0,0.0
85.0,164.41986,10.131767,79.61231,26.029978,0.0,0.0,100.0,-7.0,7.0,8.0,30.0,0.0,28.0,-6.8832097,0.0,0.0,8.01371,-8.0,2.0,2.0,0.0,43.0,0.0
82.0,165.16177,9.0,75.9893,27.0,0.0,0.0,100.0,-7.0,7.0,8.0,26.0,4.965168,36.0,0.0,0.0,0.0,18.0,84.98884,4.0,4.0,0.0,60.0,0.0
80.0,316.5159,8.0,139.94281,15.0,0.0,0.0,93.0,68.01702,6.0,6.0,18.0,2.0,15.044606,-7.0,0.0,0.0,16.0,61.477795,7.0,1.0,1.0,75.0,0.0
82.0,185.1404,3.0,74.0,22.884956,0.0,0.0,100.0,-7.0,7.0,8.0,21.0,2.909374,12.760002,0.0,0.0,0.0,11.264428,47.22128,4.0,1.0,0.0,33.0,0.0
87.0,187.27708,20.0,162.94511,11.104607,0.0,0.0,100.0,-7.0,7.0,8.0,14.0,0.0,11.0,7.0,0.0,0.0,8.0,-8.0,1.0,-8.0,0.0,46.659985,0.0
88.0,240.37444,26.434685,128.03926,14.242671,0.0,0.0,100.0,-7.0,7.0,8.0,15.0,0.0,30.0,5.0,0.0,0.0,18.0,45.943287,2.0,2.0,0.0,75.0,0.0
68.0,398.74258,20.0,97.74266,24.0,0.0,0.0,89.98511,3.2006292,4.542539,6.0,27.0,0.0,24.757738,1.0,1.0,1.0,22.55844,-8.0,5.0,1.0,1.0,45.54156,0.0
72.0,263.24268,4.0,75.417816,36.0,0.0,0.0,100.0,-7.0,6.0,8.0,38.0,4.0,15.488763,0.0,1.0,1.0,12.758976,-8.0,6.0,1.0,1.0,47.3617,0.0
79.0,365.83817,26.11646,120.87125,30.0,0.0,0.0,95.15923,32.26087,6.0,6.0,30.0,0.0,15.0,-7.0,0.0,0.0,3.0,-8.0,3.0,1.0,0.0,27.07001,0.0
77.686325,-1.0935045,4.0,45.971844,18.0,0.0,0.0,100.0,-7.0,7.0,8.0,19.0,3.0,25.0,0.0,0.0,0.0,5.224997,92.956184,1.0,2.0,0.0,50.0,0.0
88.0,226.12663,6.0939,108.72223,16.0,0.0,0.0,100.0,-7.0,7.0,8.0,29.0,2.0,56.6544,0.0,1.0,1.0,2.0,89.22234,2.0,2.0,0.0,47.86906,0.0
63.0,173.8606,8.0,53.159775,28.0,0.0,0.0,100.0,-7.0,7.0,8.0,34.0,2.0,15.0,0.0,0.0,0.0,37.719078,-8.0,8.0,1.0,3.300382,80.0,0.0
77.0,347.1678,29.587852,119.471146,9.770261,0.0,0.0,84.2835,16.887896,6.0,5.0,9.0,0.0,40.12281,-8.0,0.0,0.0,2.0,-8.0,1.9696552,1.0,0.0,50.0,0.0
23.765661,348.63034,4.0,98.38445,48.50567,0.0,0.0,96.32923,-7.0,-9.0,6.0,100.537834,1.0,65.55103,0.0,2.0,2.0,18.0,50.219288,5.570186,5.0,2.0,68.268524,0.0
73.293816,184.15263,5.0,82.53382,30.875187,0.0,0.0,88.65747,31.912786,6.0,6.0,25.0,9.567256,15.0,1.0,3.0,2.0,2.4625187,88.0,4.0,2.0,0.0,40.0,0.0
64.0,257.32202,4.0,82.675446,39.80041,0.0,0.0,95.38826,62.758026,6.0,5.4306736,32.0,8.798909,45.0,0.0,1.0,1.0,66.03034,-8.0,6.0,3.0,1.0,77.66448,0.0
78.0,261.54565,7.0,96.645805,14.0,0.0,0.0,100.0,-7.0,7.0,8.0,11.0,1.0,13.0,-8.0,0.0,0.0,51.20848,-8.0,4.0,1.0,1.0,88.0,0.0
80.0,282.64096,17.0,92.0,28.0,0.0,0.0,95.47928,22.240889,6.0,6.0,29.0,0.0,32.0,-8.0,0.0,0.0,0.0,72.956314,2.0,5.0,0.0,56.0,0.0
66.0,472.82928,26.910698,141.10635,24.0,0.0,0.0,89.83415,12.849527,4.0,6.0,23.385798,0.0,13.0,1.6965877,0.0,0.0,56.98873,-8.0,10.323621,1.0,2.8622408,67.0,0.0
79.0,305.93494,18.613274,120.2869,22.0,0.0,0.0,97.0,33.35823,6.0,4.0,30.072367,0.0,14.0,-7.0,0.0,0.0,1.0,-8.0,1.0,1.0,0.0,25.718552,0.0
77.0,266.46307,23.950603,100.0,12.0,0.0,0.0,100.0,-7.0,7.0,8.0,9.0,0.0,55.604195,7.1224604,0.0,0.0,53.81269,-8.0,1.0,1.0,1.0,84.01648,0.0
63.281395,-8.172081,2.0,44.456852,27.0,3.0,1.0,78.46606,20.931591,6.0,5.0,32.80778,3.0,28.85647,0.0,1.0,1.0,15.0,80.49772,9.0,2.0,2.0,60.0,0.0
73.0,205.04013,8.0,95.30285,24.0,0.0,0.0,100.0,-7.0,7.0,8.0,38.0,2.0,22.0,0.0,6.0859747,6.284771,60.992355,88.84923,4.0,3.0,1.0,86.27738,0.0
89.0,717.6005,15.0,108.887146,18.0,0.0,0.0,100.0,-7.0,7.0,8.0,16.35048,0.0,20.4285,-8.0,0.0,0.0,4.3266587,70.162094,4.0,2.0,0.0,50.328514,0.0
14.703673,83.409744,2.0,61.90885,25.0,4.242757,3.7403617,87.03165,5.6843853,-9.0,2.0,28.774027,3.0,33.0,0.0,3.0,3.0,9.0,72.77227,4.0,2.0,0.0,51.379208,0.0
65.0,125.899704,4.0,62.9556,22.0,0.0,0.0,95.0,31.194067,6.0,5.0,24.0,3.0,24.0,0.0,12.834898,9.923741,28.393328,85.580505,4.0,3.0,2.0,50.0,0.0
77.0,173.36908,9.0,86.0,24.0,0.0,0.0,100.0,-7.0,7.0,8.0,27.0,1.0,35.936832,16.0,0.0,0.0,34.093193,79.884056,5.0,3.0,0.0,89.805885,0.0
69.935585,162.2429,10.0,93.0,17.0,2.9436784,3.4527578,100.0,-7.0,4.9861603,8.0,24.0,1.4896281,25.0,12.0,0.0,0.0,45.857838,97.613335,3.0,3.0,1.0,83.0,0.0
72.0,158.61726,2.0,35.520054,22.0,1.0,1.0,96.0,40.002674,6.0,2.0,24.167498,3.0,15.0,0.0,1.0,1.0,1.0,80.0,7.0,2.0,0.0,75.0,0.0
72.0,170.15984,8.0,79.0,17.150503,2.8760273,1.0,84.274704,7.6744633,4.0,-8.393867,15.669772,2.0,54.003483,0.0,0.0,0.0,1.0,49.55569,2.0,7.1938353,0.0,100.0,0.0
87.59179,214.51778,34.564278,152.5549,15.0,0.0,0.0,100.0,-7.0,7.0,8.0,11.0,0.0,20.643564,22.402592,0.0,0.0,11.0,20.456923,2.0,1.0,0.0,57.196533,0.0
69.0,79.20208,5.4692154,50.0503,17.0,0.0,0.0,100.0,-7.0,7.0,8.0,19.0,1.0,33.0,0.0,1.0,1.0,63.098473,29.150396,6.0,2.0,4.0,88.0,0.0
77.0,344.34015,16.367254,100.0,29.0,0.0,0.0,100.0,-7.0,7.0,8.0,26.0,1.0,50.032925,-7.0,0.0,0.0,40.986065,77.20603,4.0,4.8483124,0.0,71.40588,0.0
56.738674,150.47101,3.0,49.03272,31.114248,0.0,0.0,96.0,-7.0,6.0,6.0,31.954222,3.0,38.0,0.0,2.0,2.0,91.68202,86.73193,6.0,4.0,5.137065,64.0,0.0
77.0,354.85223,27.541332,106.30607,18.0,0.0,0.0,100.0,-7.0,7.0,8.0,19.0,0.0,7.696936,0.0,1.0,1.0,51.1574,-8.0,1.0,-8.0,1.0,-5.553707,0.0
66.43789,298.06027,7.0,95.950264,33.348263,0.0,0.0,95.0,25.015013,4.0,6.0,32.0,3.0,44.0,1.0,3.0,2.0,93.24202,-8.0,4.0,3.0,4.0319433,75.0,0.0
-9.0,-9.0,-9.0,-9.0,-9.0,-9.0,-9.0,-9.0,-9.0,-9.0,-9.0,-9.0,-9.0,-9.0,-9.0,-9.0,-9.0,-9.0,-9.0,-9.0,-9.0,-9.0,-9.0,0.0
91.32905,281.9905,20.568819,115.32615,14.0,0.0,0.0,100.0,-7.0,7.0,8.0,11.0,0.0,0.9201331,0.0,1.0,0.0,1.0,-8.0,2.0,1.0,0.0,17.766485,0.0
86.77143,383.62885,2.0,80.0,20.0,0.0,0.0,93.0,45.081524,6.0,6.0,22.0,2.0,25.652615,22.440567,0.0,0.0,9.858076,9.831118,3.0,2.0,0.0,45.36929,0.0
86.0,190.88408,3.0,72.0,17.0,0.0,0.0,100.0,-7.0,7.0,8.0,21.43456,2.0,40.666286,1.0,1.0,1.0,1.0,42.991283,1.0,2.0,0.0,29.54501,0.0
87.0,290.36627,14.079022,104.89707,33.0,0.0,0.0,100.0,-7.0,7.0,8.0,32.0,0.0,17.238117,-7.0,0.0,0.0,1.2861948,76.28524,5.0,3.0,0.0,64.58732,0.0
89.0,233.43549,17.0,99.3095,22.0,0.0,0.0,100.0,-7.0,7.0,8.0,31.0,0.0,14.0,0.0,0.0,0.0,1.0,-8.0,2.0,1.0,0.0,16.965807,0.0
82.0,182.9535,2.0,74.0,21.0,0.0,0.0,100.0,-7.0,7.0,8.0,21.0,2.0,20.0,2.0,4.0,3.6879385,9.7654295,81.52763,2.0,2.0,0.0,67.0,0.0
79.0,191.74194,7.0,80.88176,24.0,0.0,0.0,100.0,-7.0,7.0,8.0,31.0,2.0,52.90165,5.0302653,0.0,0.0,23.275564,82.0,3.0,3.0,3.0,60.0,0.0
83.0,299.78104,8.0,104.16473,27.328474,0.0,0.0,100.0,-7.0,7.0,8.0,24.0,1.0,34.072746,16.341084,0.0,0.0,0.0,-8.0,0.0,2.0,0.0,15.691536,0.0
69.0,139.40851,8.0,66.94703,34.016644,0.0,0.0,100.0,-7.0,7.0,8.0,33.820324,1.0,27.0,0.0,0.0,0.0,73.00731,88.0,5.0,3.0,3.0,80.0458,0.0
73.17618,212.46176,7.0,83.91078,27.0,0.0,0.0,94.0,51.853737,6.0,6.0,25.032991,2.0,20.330559,4.0,0.0,0.0,30.216845,-8.0,8.897926,1.0,2.0,60.0,0.0
77.08072,219.42989,3.0,93.0,38.630344,0.0,0.0,94.0,58.73936,6.0,6.0,34.751347,1.0,17.0,0.0,2.0,2.0,41.252617,68.51949,4.0,4.0,0.0,67.0,0.0
79.0,112.82095,8.37542,53.989353,-9.0,0.0,0.0,100.0,-7.0,7.0,8.0,0.058128487,1.0,23.356228,0.0,2.0,2.0,3.0,-8.0,2.0,1.0,0.0,91.52934,0.0
81.0,151.36984,2.558747,57.916794,52.290752,0.0,0.0,96.0,22.5817,6.0,6.0,79.202866,10.934838,29.0,18.41643,0.0,0.0,6.0,-8.0,2.0,1.0,0.0,-9.0,0.0
69.49326,163.66927,13.406344,78.28583,19.0,1.0,0.0,97.0,15.795992,6.0,5.0,20.0,0.0,46.07493,1.0,0.0,0.0,64.18411,85.139145,4.0,4.0,1.0,88.0,0.0
-9.0,152.3807,15.0,75.511375,7.0,4.7811356,3.5155556,83.78355,17.135176,0.0,4.0,10.910489,1.0,71.689644,0.0,6.8813524,5.92024,1.0,54.883766,0.0,2.0,0.0,86.0,0.0
70.0,152.95146,3.0,62.81575,33.388405,0.0,0.0,96.0,6.944619,4.0,5.0,36.71213,3.0,40.0,0.0,5.0,5.0,41.660187,98.13227,3.0,3.0,1.0,60.717514,0.0
77.0,342.70294,7.0,144.94295,42.85585,0.024971524,0.48819846,100.0,-7.0,7.0,8.0,48.063618,1.0,45.0,13.044757,0.0,0.0,3.0,-8.0,3.0,1.0,0.0,52.15194,0.0
68.00354,214.70532,5.0,83.0,46.063473,0.0,0.0,100.0,12.658271,5.635327,6.0,50.94535,4.0,37.0,1.0,2.0,1.0,24.985783,75.59011,4.0028906,2.0,1.0,29.305002,0.0
88.0,212.80658,3.3355684,89.79641,21.0,0.0,0.0,100.0,-7.0,7.0,8.0,24.0,1.0,24.0,-8.0,0.0,0.0,14.6879015,-8.0,2.2688935,1.0,0.0,47.85297,0.0
80.0,387.60883,11.0,63.0,28.0,0.0,0.0,100.0,-7.0,7.0,8.0,24.0,0.0,19.0,0.0,0.0,0.0,24.136219,-8.0,3.0,1.0,0.0,33.0,0.0
67.0,164.3245,15.643334,71.82218,15.0,1.0,1.0,95.0,5.528931,4.0,2.0,19.0,0.0,14.680446,-7.0,0.0,0.0,1.0193013,-8.0,2.0,1.0,0.0,47.423836,0.0
77.0,125.30827,7.0,68.12522,23.0,0.0,0.0,100.0,-7.0,7.0,8.0,19.0,1.0,22.0,-8.0,0.0,0.0,46.036594,-8.0,5.7594895,1.0,1.0,65.663765,0.0
80.41114,205.06491,3.0,126.7204,29.0,0.0,0.0,100.0,-7.0,7.0,8.0,29.507183,1.0,16.341757,0.0,1.0,1.0,9.0,-8.0,12.773938,1.0,1.0,71.0,0.0
-9.0,-9.0,-9.0,-9.0,-9.0,-9.0,-9.0,-9.0,-9.0,-9.0,-9.0,-9.0,-9.0,-9.0,-9.0,-9.0,-9.0,-9.0,-9.0,-9.0,-9.0,-9.0,-9.0,0.0
75.38996,155.876,5.0,40.914524,23.0,0.0,0.0,100.0,-7.0,7.0,8.0,22.0,3.0,43.912895,0.0,0.0,0.0,11.0,89.29447,3.0,1.0,0.0,50.0,0.0
84.0,431.3483,7.0,104.89172,36.050575,0.0,0.0,95.91648,54.01588,6.0,6.0,43.105724,1.0,23.0,2.0,1.0,1.0,3.0,-8.0,6.0,3.0,0.0,64.0,0.0
-9.0,-9.0,-9.0,-9.0,-9.0,-9.0,-9.0,-9.0,-9.0,-9.0,-9.0,-9.0,-9.0,-9.0,-9.0,-9.0,-9.0,-9.0,-9.0,-9.0,-9.0,-9.0,-9.0,0.0
59.632744,152.28903,5.0112166,74.0,28.0,1.0,0.0,83.81572,13.063391,4.0,5.0,32.0,1.0,31.0,4.1463,1.0,1.0,85.60222,65.81711,1.0,3.0,4.0,56.330296,0.0
74.72746,90.20073,10.0,71.0,30.4003,1.0,1.0,100.0,-7.0,6.0,8.0,26.0,0.0,24.0,5.0,0.0,0.0,6.0,85.3875,1.0565673,2.0,0.0,46.6208,0.0
-9.0,-9.0,-9.0,-9.0,-9.0,-9.0,-9.0,-9.0,-9.0,-9.0,-9.0,-9.0,-9.0,-9.0,-9.0,-9.0,-9.0,-9.0,-9.0,-9.0,-9.0,-9.0,-9.0,0.0
84.0,187.83803,6.0,103.211624,10.024214,0.0,0.0,100.0,-7.0,7.0,8.0,12.0,1.5264571,13.0,0.0,0.0,0.0,21.886948,-8.0,4.0,-8.0,0.0,100.0,0.0
89.0,192.9954,2.0,80.48642,13.0,0.0,0.0,100.0,-7.0,7.0,8.0,13.0,1.0,10.74147,-7.0,1.0,1.0,1.0,-8.0,3.0,-8.0,0.0,33.0,0.0
-9.0,-9.0,-9.0,-9.0,-9.0,-9.0,-9.0,-9.0,-9.0,-9.0,-9.0,-9.0,-9.0,-9.0,-9.0,-9.0,-9.0,-9.0,-9.0,-9.0,-9.0,-9.0,-9.0,0.0
78.99123,186.88268,5.0,101.37602,20.0,0.0,0.0,100.0,-7.0,7.0,8.0,21.0,2.0,47.0,1.0,2.0,2.0,40.89762,34.803516,4.0,3.0,0.0,75.0,0.0
78.0,179.59547,6.7711234,61.0,39.20434,0.0,0.0,100.0,-7.0,7.0,8.0,39.91402,3.0,30.0,-7.0,0.0,0.0,6.0,98.497086,9.155573,2.0,0.0,70.71918,0.0
62.0,93.080894,10.0,41.449806,30.71911,0.0,0.0,93.0,19.490295,6.0,6.0,30.039507,0.0,46.94142,2.9979496,1.0,1.0,46.751568,82.0,5.0,5.0,3.0,80.0,0.0
84.59067,275.66605,20.304619,171.15648,14.0,0.0,0.0,100.0,-7.0,7.0,8.0,15.0,0.0,15.0,-8.0,0.0,0.0,10.0,-8.0,2.0,1.0,0.0,33.0,0.0
76.0,145.67583,6.0,39.477512,23.706913,1.0,0.0,96.0,68.57258,6.0,6.0,24.0,1.0725148,18.0,1.0,0.0,0.0,24.01088,69.76143,8.0,2.0,0.0,97.38274,0.0
68.555885,177.26215,3.0,76.00041,37.83727,0.0,0.0,86.78646,1.2744725,4.0,5.0,38.0,3.0,33.0,0.0,1.0,1.0,9.738526,-8.0,5.0,2.0,0.0,48.06293,0.0
84.0,256.40915,3.0,77.0,17.0,0.0,0.0,100.0,-7.0,7.0,8.0,21.596493,2.0,40.0,16.100067,0.0,0.0,17.0,45.14757,4.0,2.0,0.0,63.139305,0.0
-9.0,-9.0,-9.0,-9.0,-9.0,-9.0,-9.0,-9.0,-9.0,-9.0,-9.0,-9.0,-9.0,-9.0,-9.0,-9.0,-9.0,-9.0,-9.0,-9.0,-9.0,-9.0,-9.0,0.0
78.0,63.51962,11.0,77.99342,18.0,0.0,0.0,100.0,-7.0,7.0,8.0,-9.0,0.0,49.389896,-8.0,0.0,0.0,37.710903,61.12212,2.0,2.0,1.0,43.0,0.0
76.0,324.7615,13.0,93.71859,29.0,1.0,1.0,97.0,51.871582,6.0,5.9413047,23.757374,1.0,0.0,12.0,0.0,0.0,10.835541,-8.0,5.0,1.0,0.0,23.486897,0.0
78.0,113.09802,6.9873276,55.788662,15.0,0.0,0.0,100.0,-7.0,7.0,8.0,17.0,2.0,24.0,3.0,0.0,0.0,0.26542595,-8.0,2.6427565,-8.0,0.0,50.0,0.0
83.0,188.4367,3.0,64.2315,21.0,0.0,0.0,100.0,-7.0,7.0,8.0,23.0,2.0,45.0,-7.0,0.0,0.0,0.16271785,45.07697,1.0,2.0,0.0,50.0,0.0
89.0,386.0931,20.23482,125.75317,18.0,0.0,0.0,100.0,-7.0,7.0,8.0,14.0,0.0,24.830986,0.0,0.0,0.0,1.0,11.957357,3.0,3.0,0.0,46.735485,0.0
73.0,135.55696,35.538845,75.0,-9.0,0.0,0.0,100.0,-7.0,7.0,8.0,0.9543804,0.0,30.0,-8.0,0.0,0.0,11.0,-8.0,1.0,-8.0,0.0,100.0,0.0
76.0,400.60025,3.0,134.68745,35.31338,0.0,0.0,97.0,0.8737257,4.2361183,6.0,39.460266,2.0,28.0,6.0,2.0,2.0,19.553244,39.187065,6.0,5.0,0.0,57.0,0.0
71.19483,227.4416,2.0,115.59001,54.289528,0.0,0.0,100.0,32.709396,6.0,6.0,46.704224,3.0,29.0,1.0,2.0,2.0,37.175182,62.785885,5.0,2.0,1.0,50.0,0.0
74.0,187.25717,17.62562,106.3797,38.776463,0.0,0.0,100.0,32.137928,6.0,6.0,38.0,0.0,20.0,1.0,2.0,2.0,31.073618,-8.0,7.0,2.0,3.0,64.57499,0.0
-6.7778172,169.00804,2.0,55.89834,3.7609277,5.8966155,8.029038,77.74893,1.888809,-9.0,2.213813,14.0,1.0,25.0,0.0,7.014994,6.385697,47.181152,-8.0,1.0,1.0,0.0,75.0,0.0
67.17234,213.93048,25.221151,86.116425,13.0,1.0,0.0,81.27776,14.149361,6.0,5.0,16.0,0.0,23.578903,5.0,0.0,0.0,96.44898,-8.0,6.0,1.0,4.0,100.0,0.0
86.0,63.937492,4.0,67.54993,16.0,0.0,0.0,100.0,-7.0,7.0,8.0,11.0,1.0,36.0,0.0,2.0,2.0,0.27553377,118.12018,1.0,2.0,0.0,50.0,0.0
78.0,109.36039,4.0,52.724964,35.024944,0.0,0.0,100.0,-7.0,7.0,8.0,29.863245,4.0,30.698263,0.0,1.0,2.0,16.7283,130.68964,5.0,2.0,0.0,50.0,0.0
89.5094,410.17828,16.911097,86.0,15.0,0.0,0.0,100.0,-7.0,7.0,8.0,16.0,0.0,20.978558,2.0,1.0,1.0,1.0,-8.0,2.0,1.0,0.0,50.0,0.0
80.62013,450.97342,10.0,112.30358,34.0,0.0,0.0,100.0,-7.0,7.0,8.0,35.0,1.0,21.674843,0.0,0.0,0.0,3.0,-8.0,7.0,2.0,0.0,44.47239,0.0
68.0,209.72897,5.644673,68.482216,28.0,0.0,0.0,100.0,-7.0,7.0,8.0,31.0,3.0,53.72312,-7.0,2.0,2.0,40.93453,59.613106,6.0,4.0,3.0,87.53426,0.0
79.0,152.73618,4.0,52.15882,22.0,0.0,0.0,100.0,-7.0,7.0,8.0,26.0,2.0,18.0,2.0,2.0,1.7407154,18.824228,93.677635,3.0,2.0,0.0,38.0,0.0
90.0,176.20128,16.575346,93.0,14.303169,0.0,0.0,100.0,-7.0,7.0,8.0,18.0,0.0,24.0,-7.0,0.0,0.0,0.0,-8.0,0.0,-8.0,0.0,-2.1641324,0.0
78.0,205.75299,2.0,76.18721,14.0,0.0,0.0,100.0,-7.0,7.0,8.0,17.1171,3.0,30.0,-7.0,0.0,0.0,43.027206,88.0,9.373952,2.0,1.0,100.0,0.0
90.0,262.65817,5.0,200.7355,26.0,0.0,0.0,100.0,12.662465,4.0,5.986797,16.0,1.0,15.672607,13.074211,0.0,0.0,0.0,-8.0,3.0,1.0,0.0,40.0,0.0
81.0,205.42726,12.0,81.0,25.0,0.0,0.0,100.0,-7.0,7.0,8.0,34.760677,0.0,34.829117,4.0,1.0,1.0,28.118748,72.74846,9.0,1.5760448,1.0,66.32386,0.0
78.0,309.45578,6.0,84.02581,25.29869,0.0,0.0,97.0,22.646963,6.0,6.0,28.0,1.0,23.594133,20.767473,0.0,0.0,33.648643,84.12981,3.0,2.0,0.0,60.0,0.0
73.0,207.68852,6.0,74.49277,20.0,1.0,1.0,100.0,-7.0,7.0,8.0,25.0,3.0,30.0,0.0,0.5445123,1.0,39.164673,76.0,3.0,2.0,1.0,48.059887,0.0
79.0,158.43155,2.0,96.50543,19.0,0.0,0.0,100.0,-7.0,7.0,8.0,7.778488,1.0,33.0,4.0176444,0.0,0.0,8.275565,96.25789,1.0,2.0,1.0,50.0,0.0
91.0,215.76201,19.116232,97.4023,12.366793,0.0,0.0,100.0,-7.0,7.0,8.0,12.0,0.0,17.089895,0.0,0.0,0.0,4.0,-8.0,3.0,1.0,0.0,52.258038,0.0
91.0,242.20636,2.0,111.53209,20.0,0.0,0.0,100.0,-7.0,7.0,8.0,16.0,1.0,35.0,0.0,1.0,1.0,6.0,-8.0,1.0,1.0,0.0,33.0,0.0
-9.0,-9.0,-9.0,-9.0,-9.0,-9.0,-9.0,-9.0,-9.0,-9.0,-9.0,-9.0,-9.0,-9.0,-9.0,-9.0,-9.0,-9.0,-9.0,-9.0,-9.0,-9.0,-9.0,0.0
84.0,296.53152,22.38527,146.64977,14.546595,0.0,0.0,95.0,18.857187,6.0,6.0,14.0,0.0,33.0,8.0,0.0,0.0,5.0,61.704964,3.0,1.2328458,0.0,38.0,0.0
62.0,175.62859,21.965614,88.77899,28.8162,0.0,0.0,93.31659,15.099867,6.0,5.0,31.0,0.0,14.0,18.223871,0.0,0.0,82.10861,70.75931,18.883696,3.0,9.971126,80.97823,0.0
68.27236,495.66452,35.877735,217.40932,11.457472,1.0,0.0,82.932915,17.898,6.0,5.8621755,13.0,0.0,87.04542,0.0,0.0,0.0,21.0,-8.0,1.0,2.0,0.0,69.54767,0.0
69.0,283.3418,7.0,100.01023,36.765507,0.0,0.0,97.0,50.907627,6.0,6.0,34.102894,1.0,22.343424,2.212953,0.0,0.0,65.574974,45.822205,8.0,2.0,3.0,75.62566,0.0
65.34323,213.97958,6.0,87.341934,17.57764,2.0,2.0,77.82962,15.381829,5.0,3.0,21.0,1.0,31.0,-7.0,0.0,0.0,48.827774,-8.0,5.0,3.7539814,2.0,77.55721,0.0
85.145195,170.01067,5.0,86.0,29.0,0.0,0.0,100.0,-7.0,7.0,8.0,41.93076,2.0,41.398624,9.276864,0.0,0.0,8.0,22.585266,5.0,2.0,0.0,67.0,0.0
-9.0,-9.0,-9.0,-9.0,-9.0,-9.0,-9.0,-9.0,-9.0,-9.0,-9.0,-9.0,-9.0,-9.0,-9.0,-9.0,-9.0,-9.0,-9.0,-9.0,-9.0,-9.0,-9.0,0.0
78.56056,212.50261,2.0,117.46177,34.0,0.0,0.0,100.0,-7.0,7.0,8.0,28.0,3.0,24.0,23.761158,0.0,0.0,21.3564,-8.0,7.0,2.0,0.0,63.0,0.0
87.0,184.33073,1.0,87.634445,28.693731,0.0,0.0,100.0,-7.0,7.0,8.0,31.0,3.0,9.959599,2.0,1.0,1.0,5.195129,-8.0,3.0,1.0,0.0,32.672756,0.0
85.0,147.01302,2.0,55.749393,22.0,0.0,0.0,100.0,-7.0,7.0,8.0,23.0,2.0,38.0,0.0,0.0,0.0,0.0,80.37576,1.0,2.0,0.0,42.18236,0.0
74.90947,86.585556,4.0,81.14354,14.0,0.0,0.0,100.0,-7.0,7.0,8.0,10.0,1.0,31.048672,-7.0,3.0,3.0,59.089287,96.06061,5.0,2.0,1.0,100.0,0.0
85.54992,175.67096,39.67224,77.0,15.0,0.0,0.0,100.0,-7.0,7.0,8.0,15.0,0.0,47.0,0.0,0.0,0.0,13.234045,-8.0,3.0,2.0,0.0,88.08262,0.0
85.0,388.52747,3.0,120.491806,25.0,0.0,0.0,100.0,-7.0,7.0,8.0,25.0,2.0,28.0,1.0,2.0,2.0,1.0,-8.0,4.0,2.0,0.0,50.0,0.0
73.287315,157.26056,3.0,71.43634,16.60462,0.0,0.0,100.0,-7.0,7.0,8.0,15.0,2.0,24.657372,-8.0,0.0,0.0,19.457035,125.539474,3.0,2.0,1.0,44.0,0.0
88.0,322.59247,7.0,109.64578,21.0,0.0,0.0,100.0,-7.0,7.0,8.0,22.0,2.0,22.007515,21.755432,0.0,0.0,9.366144,93.0,2.0,2.0,0.0,50.0,0.0
72.0,319.07584,1.0,94.6706,30.721388,0.0,0.0,97.0,28.115847,6.0,6.0,34.855145,4.0,24.053207,5.0,1.0,1.0,15.0,54.643772,5.0,3.0,0.0,54.56132,0.0
71.0,152.71146,-9.0,47.396545,51.925385,0.0,0.0,100.0,-7.0,7.0,8.0,54.840786,10.338006,29.0,0.0,2.0,1.0,17.0,82.80479,6.0,7.5549383,1.0,68.85512,0.0
78.0,159.25166,2.0,36.617058,17.0,0.0,0.0,92.30558,44.20862,6.0,6.0,18.0,7.7433996,46.592297,0.09321774,2.0,2.0,32.0,17.123865,0.19693805,2.0,0.0,33.0,0.0
87.0,152.92577,2.0,75.0,7.0,0.0,0.0,100.0,-7.0,7.0,8.0,6.978407,1.0,16.0,0.0,1.0,1.0,11.0,50.925,3.0,1.0,0.0,55.343204,0.0
79.76715,256.9325,5.0,129.1267,19.0,0.0,0.0,100.0,-7.0,7.0,8.0,29.0,2.0,16.990559,-9.0,0.0,0.0,36.667313,88.0,6.0,1.0,2.0,76.170334,0.0
73.53821,467.00076,1.5532761,134.11209,47.76922,0.0,0.0,88.0,4.9791617,6.0,6.0,30.644716,2.0,18.467371,0.0,1.0,1.0,1.0,80.07623,6.0,2.0,0.0,29.828142,0.0
78.42083,241.0466,2.0,68.0,14.0,0.0,0.0,82.38851,55.191788,6.0,6.0,14.0,1.0,42.0,0.0,0.0,0.0,49.07851,70.720634,2.0,3.0,0.0,88.80354,0.0
75.0,125.350975,1.0,61.83387,13.0,0.0,0.0,100.0,-7.0,7.0,8.0,16.863108,1.0,31.0,0.0,0.0,0.0,34.43713,50.990597,4.0,3.0,0.0,75.0,0.0
91.36082,265.86227,39.23606,191.99527,8.079958,0.0,0.0,100.0,-7.0,7.0,8.0,15.0,0.0,-9.0,-7.0,1.0,1.0,6.0,-8.0,1.0,-9.0,0.0,27.559975,0.0
68.0,223.09102,6.0,97.84613,14.0,3.0,3.9215066,87.0,70.78487,6.0,-3.9732134,18.0,0.0,47.0,0.0,2.0,1.0,85.3403,46.167183,4.0,2.0,1.0,86.0,0.0
86.0,415.09277,8.0,83.0,43.08679,0.0,0.0,100.0,-7.0,7.0,8.0,44.432728,1.0,51.45397,0.0,0.0,0.0,3.0,-8.0,3.0,1.0,0.0,47.510887,0.0
83.51483,253.34258,11.0,94.0,22.0,0.0,0.0,100.0,-7.0,7.0,8.0,24.0,0.0,32.356853,1.0,2.0,2.0,2.0,56.16529,4.0,2.0,0.0,88.0,0.0
66.88184,157.52016,11.6371565,79.0,24.0,1.0,1.0,90.555885,45.296673,6.0,3.5894873,23.0,1.0,43.88295,1.0,1.0,1.0,39.480434,52.459003,3.0,2.0,1.0,57.0,0.0
78.83918,419.12924,2.3283086,125.80398,20.0,1.0,0.0,89.0,59.443954,6.0,5.070325,22.978735,1.0,35.0,0.0,2.0,2.0,32.01573,43.02367,6.0,2.0,2.0,63.0,0.0
77.61022,155.07582,5.0,71.0,49.37691,0.0,0.0,100.0,-7.0,7.0,8.0,52.64007,1.0,45.855503,3.959138,1.0,1.0,36.0,76.0,8.0,3.0,1.0,75.0,0.0
79.0,295.37802,5.0,109.00198,40.477177,0.0,0.0,100.0,-7.0,7.0,8.0,44.23973,3.0,42.0,0.0,0.0,0.0,23.80779,38.39752,4.0,2.0,0.0,43.0,0.0
61.966946,113.76774,1.7467911,66.63034,-9.0,2.0,2.0,86.4935,3.0,0.3845692,3.0,8.0,2.0,24.0,3.0,1.0,0.0,0.0,98.99275,1.0,1.0,0.0,39.553726,0.0
83.36185,354.94006,3.0,75.04404,16.0,0.0,0.0,100.0,-7.0,7.0,8.0,20.0,3.0,33.0,0.0,5.096145,5.0,22.958761,46.400314,5.0,2.0,0.0,80.0,0.0
89.0,347.3128,4.0,124.91787,20.0,0.0,0.0,100.0,-7.0,7.0,8.0,32.0,1.0,24.74586,4.0,1.0,1.0,8.0,91.24584,3.0,2.0,0.0,71.0,0.0
71.0,186.70256,32.88745,92.0,18.51185,0.0,0.0,97.0,0.11123194,6.0,6.0,15.0,0.0,11.0,0.0,2.0,2.0,43.11613,-8.0,4.5470533,-8.0,0.0,83.0,0.0
83.0,207.11835,2.0,84.0,17.0,0.0,0.0,95.0,27.645975,6.0,6.0,23.2414,1.0,50.0,18.932568,0.0,0.0,9.0,90.43032,4.0,3.0,0.0,75.0,0.0
81.0,145.019,6.0,82.0,15.0,0.0,0.0,100.0,-7.0,7.0,8.0,9.3890505,1.0,45.57135,16.611355,0.0,0.0,13.50382,80.0,2.0,2.0,2.0,75.337,0.0
63.0,270.36496,15.0,100.61885,22.715462,0.0,0.0,93.0,6.542767,6.0,6.0,28.298212,0.0,25.0,13.329581,0.0,0.0,104.345276,41.364273,5.0,2.0,2.0,100.0,0.0
-9.0,-9.0,-9.0,-9.0,-9.0,-9.0,-9.0,-9.0,-9.0,-9.0,-9.0,-9.0,-9.0,-9.0,-9.0,-9.0,-9.0,-9.0,-9.0,-9.0,-9.0,-9.0,-9.0,0.0
71.0,387.28528,6.0,114.729675,40.24006,5.2115555,0.0,69.065346,7.2814703,4.8755593,3.0,32.429832,2.0,21.852043,0.0,0.0,0.0,9.0,-8.0,3.0,1.0,0.0,40.319534,0.0
83.0,41.34568,8.0,40.222828,25.0,0.0,0.0,100.0,-7.0,7.0,8.0,24.0,2.0,23.0,0.0,1.0,1.0,0.0,71.0,1.0,1.0,0.0,-9.0,0.0
91.0,409.74243,28.084251,153.50581,19.49393,0.0,0.0,100.0,-7.0,7.0,8.0,26.0,0.0,17.0,11.924207,0.0,0.0,4.0,-8.0,4.0,1.0,0.0,43.0,0.0
86.0,313.21848,-9.0,100.08251,22.0,0.0,0.0,97.98346,21.703756,6.0,6.0,30.151766,2.0,13.0,0.0,1.0,1.0,2.0,-8.0,2.0,1.0,0.0,36.321606,0.0
72.97988,228.84921,9.0,121.55715,29.488468,0.0,0.0,100.0,-7.0,7.0,8.0,28.0,1.0,29.0,-7.0,0.0,0.0,29.061499,-8.0,9.0,2.0,4.0,80.0,0.0
78.0,275.77304,11.0,82.0,25.0,0.0,0.0,100.0,-7.0,7.0,8.0,24.0,0.0,18.0,1.0,1.0,1.0,15.0,-8.0,3.0,1.0,1.0,45.25996,0.0
82.0,184.94556,2.0,90.52604,25.0,0.0,0.0,100.0,-7.0,7.0,8.0,24.0,2.0,45.42596,3.0,1.0,1.0,17.082428,80.0,6.0,2.0,1.0,100.0,0.0
67.73663,104.001945,27.682386,67.0,16.0,0.0,0.0,84.240524,4.720839,4.6903973,5.336866,17.26096,0.0,19.65497,4.0,0.0,0.0,21.547134,-8.0,3.0,1.0,0.0,60.0,0.0
69.0,264.25967,11.843468,93.73004,41.242664,0.0,0.0,100.0,9.926166,6.0,6.0,43.287365,0.0,36.0,10.539922,0.0,0.0,74.19481,66.026794,4.0,3.0,2.0,60.0,0.0
79.0,115.52676,3.0,79.51215,40.54759,0.0,0.0,98.0,21.116703,6.0,6.0,45.33951,2.0,42.222607,-7.0,4.870333,5.0,2.0,67.26954,5.0,2.61809,0.0,75.0,0.0
67.11245,204.56842,3.0,71.57563,40.70577,0.0,0.0,91.0,2.0,3.0,6.0,44.47668,3.0,45.0,8.07245,1.0,1.0,7.330442,45.905457,2.0,13.510763,0.0,67.0,0.0
61.196903,112.529724,6.0,70.77274,10.0,6.6479845,7.9587593,77.851204,63.811577,6.0,5.0,15.0,2.0,44.75709,-8.0,1.0,0.0,38.344612,62.73735,3.0,4.0,0.0,100.0,0.0
-9.0,-9.0,-9.0,-9.0,-9.0,-9.0,-9.0,-9.0,-9.0,-9.0,-9.0,-9.0,-9.0,-9.0,-9.0,-9.0,-9.0,-9.0,-9.0,-9.0,-9.0,-9.0,-9.0,0.0
79.0,197.65178,12.0,75.44395,22.0,0.0,0.0,100.0,-7.0,7.0,8.0,22.0,0.0,58.306557,0.0,2.0,2.0,28.279861,48.192413,3.0,2.0,1.0,67.0,0.0
75.0,116.428406,9.0,67.0,31.63373,0.0,0.0,100.0,-7.0,7.0,8.0,34.99995,1.0,63.66774,7.6149364,0.0,0.0,17.0,70.02915,3.0,7.9122725,0.0,75.0,0.0
68.0,205.13144,10.0,95.40537,10.0,3.0,1.0,68.76922,3.0,4.0,3.0,11.9250555,1.0,55.484634,0.0,2.0,1.0,32.088398,39.411404,6.0,2.0,0.0,100.0,0.0
86.0,107.36875,2.0,54.30414,13.0,0.0,0.0,100.0,-7.0,7.0,8.0,13.372336,2.0,42.0,0.0,2.0,2.0,6.0,94.28919,2.0,2.0,0.0,71.0,0.0
60.671543,238.89047,3.0,102.297066,48.229088,0.0,0.0,96.49999,10.4067955,6.0,6.0,50.24317,2.0,28.0,0.0,4.0,4.0,47.892654,55.19015,7.0,3.0,9.488769,50.0,0.0
79.0,102.94384,9.0,65.42189,25.0,0.0,0.0,100.0,-7.0,7.0,8.0,23.0,1.0,33.0,0.0,4.0,4.4805646,19.0,-8.0,2.0,1.0,0.0,66.067535,0.0
84.0,450.64737,9.0,139.33527,29.426065,0.0,0.0,95.0,13.689373,6.0,6.0,30.0,2.0,29.0,-8.0,3.0,2.0,0.0,-0.038396556,3.0,2.0,0.0,43.0,0.0
76.86952,321.2073,24.636278,114.48521,18.0,1.0,0.0,77.84319,21.509628,6.0,4.0,19.0,0.0,39.053593,-7.0,0.0,0.0,21.0,-8.0,9.0,2.0,0.0,73.68369,0.0
72.0,159.33904,3.0,50.480236,24.509684,1.0,0.62197995,96.0,15.381425,6.0,3.0,26.0,10.229779,14.0,0.0,1.0,0.0,13.0,-8.0,6.0,-8.0,0.0,25.0,0.0
80.0,80.68446,23.341309,67.0,15.41515,0.0,0.0,100.0,-7.0,7.0,8.0,15.0,0.0,19.0,-7.0,4.0,3.4199102,2.0,-8.0,2.0,1.0,0.0,41.369457,0.0
67.85002,76.460625,10.0,39.539967,21.429073,0.0,0.0,90.88936,13.166681,6.0,6.0,28.0,4.0,53.674538,1.0,1.0,1.0,40.89361,80.56118,3.0,4.0,1.0,80.47974,0.0
81.0,167.75166,6.0,114.64981,11.0,0.0,0.0,100.0,-7.0,7.0,8.0,15.0,1.0,11.0,-7.981577,1.0,1.0,87.30383,69.92112,1.0,1.0,1.0,63.0,0.0
78.14284,191.8447,15.511529,86.92266,24.0,0.0,0.0,100.0,-7.0,7.0,8.0,19.0,0.0,17.0,0.0,0.0,0.0,29.242365,47.087246,5.0,3.0,0.0,50.0,0.0
82.0,188.09512,2.0,79.0,33.0,0.0,0.0,100.0,-7.0,7.0,8.0,35.669987,4.0,36.305595,0.0,2.0,2.0,12.0,90.332825,6.0,2.0,0.0,50.0,0.0
73.0,441.0092,2.0,93.55159,25.0,1.0,1.0,100.0,-7.0,7.0,8.0,31.516544,2.3507385,25.0,8.0,0.0,0.0,26.772436,-8.0,3.0,1.0,1.0,50.0,0.0
73.0,227.26778,29.463964,107.251434,12.817961,1.0,1.0,100.0,-7.0,7.0,8.0,13.414101,0.0,29.0,2.0,0.0,0.0,52.467026,62.254898,3.0,2.0,2.0,82.492905,0.0
68.0,181.87901,6.0,80.10151,64.90063,0.0,0.0,92.0,2.3591714,4.0,6.0,38.029396,3.0,32.0,0.0,2.0,2.0,22.972593,66.99985,11.105733,3.0,0.0,53.442947,0.0
65.33047,149.86932,4.0,54.702225,30.0,1.0,0.0,96.10489,42.345722,6.0,2.0,39.321938,1.8919268,64.95331,0.0,2.3374383,3.0,78.00257,-8.0,4.0,3.0,2.0,90.65964,0.0
73.0,271.46527,5.057121,131.74132,35.885975,0.0,0.0,100.0,-7.0,7.0,8.0,35.0,1.0,24.0,0.0,1.0,1.0,38.969234,58.486855,9.353777,2.0,4.0,52.407307,0.0
68.0,260.301,16.0,84.0,19.0,0.0,0.0,84.47146,-0.33212268,4.0,6.0,22.131361,0.0,19.794817,4.0,2.0,2.0,11.848966,-8.0,3.0,1.0,0.0,56.0,0.0
81.0,196.4656,20.0,86.56954,12.0,0.0,0.0,100.0,-7.0,7.0,8.0,12.0,0.0,39.939613,22.002493,0.0,0.0,28.0,47.407875,1.0,1.5658077,0.0,37.354088,0.0
76.0,108.73795,1.803521,33.531197,6.0638833,0.0,0.0,100.0,-7.0,7.0,8.0,3.4161122,2.0,15.181541,0.0,0.0,0.0,24.79509,-8.0,6.0,-9.0,0.0,81.643,0.0
85.0,131.39934,14.045648,85.14471,10.0,0.0,0.0,100.0,-7.0,7.0,8.0,14.57323,0.0,35.0,-8.0,0.0,0.0,13.880253,34.743603,2.0,2.0,0.0,83.0,0.0
69.0,157.30864,3.0,74.78861,46.69322,0.0,0.0,100.0,-7.0,6.0,8.0,53.515812,3.0,57.126762,0.0,2.0,2.0,61.263023,-8.0,9.203985,3.0,3.4249692,100.0,0.0
90.0,191.24803,21.740248,100.65396,15.0,0.0,0.0,100.0,-7.0,7.0,8.0,22.0,0.0,23.0,-7.0,0.0,0.0,10.0,-8.0,2.0,1.0,0.0,45.240734,0.0
69.0,202.5209,17.0,90.997505,20.0,1.0,1.0,83.47559,16.56217,4.0962176,4.121518,22.0,0.0,31.0,2.0,0.0,0.0,52.06163,23.462795,3.0,2.0,0.0,86.0,0.0
79.0,207.20227,1.0,94.0,19.0,0.0,0.0,84.15934,-5.8359585,5.0,6.0,19.0,2.0,22.0,0.0,2.0,1.0,2.0,46.272495,2.0,2.0,0.0,44.0,0.0
76.0,205.4497,5.0,107.47477,32.0,2.0,2.0,89.85672,37.552467,6.0,2.0,38.0,2.0,44.580563,0.0,1.0,1.0,0.0,62.581474,3.0,4.0,0.0,58.0,0.0
77.0,287.97873,36.423042,115.41002,6.0771375,0.0,0.0,100.0,-7.0,7.0,8.0,9.534836,0.0,27.0,1.9018635,1.0,1.0,59.093628,-8.0,3.0,-8.0,0.0,100.0,0.0
82.78954,369.7834,6.0,90.0,18.0,0.0,0.0,100.0,-7.0,7.0,8.0,29.0,1.0,53.947723,-7.0,1.0,1.0,0.0,-8.0,3.0,2.0,0.0,63.39501,0.0
88.0,176.54466,19.605776,101.737045,10.0,0.0,0.0,100.0,-7.0,7.0,8.0,5.8508596,0.0,29.0,-9.0,0.0,0.0,4.0,8.469343,2.0,2.0,0.0,67.0,0.0
83.47909,126.09046,17.0,70.76721,27.0,0.0,0.0,100.0,-7.0,7.0,8.0,39.78837,0.0,44.0,12.0,0.0,0.0,19.880852,-8.0,1.0,2.0,0.0,50.0,0.0
83.0,196.44807,5.0,97.0,10.0,0.0,0.0,77.56632,38.269516,6.0,6.0,11.856185,1.0,42.32039,-8.0,0.0,0.0,30.698055,-8.0,2.0,1.0,0.0,52.253983,0.0
76.0,265.03528,9.0,86.98058,19.0,0.0,0.0,100.0,-7.0,7.0,8.0,21.0,1.0,23.0,-7.0,3.0,2.0,36.526672,-8.0,2.0,1.0,0.0,75.0,0.0
85.0,335.4916,5.0,160.84267,51.99666,0.0,0.0,100.0,-7.0,7.0,8.0,25.0,3.0,25.0,3.0,2.0,1.0,10.489953,-8.0,9.0,-8.0,0.0,45.591114,0.0
65.3179,348.7816,2.0,70.56621,19.0,0.0,0.0,92.311714,4.2663727,6.0,6.0,33.835407,3.0,30.0,3.0,1.0,1.0,66.57879,-8.0,5.0,2.0,4.0,60.0,0.0
71.0,211.82831,4.0,106.453896,8.492561,2.0,0.0,84.35949,36.845924,6.0,5.0,12.0,1.0,29.0,1.0,2.0,2.0,13.469722,58.6538,1.0,2.0,0.0,50.0,0.0
76.0,142.70187,2.0,118.8796,14.0,0.0,0.0,88.160385,7.819758,6.0,6.0,7.4948688,1.7149106,27.91678,0.0,0.0,0.0,16.547897,99.75334,3.0,2.0,1.0,50.0,0.0
65.0,280.06763,22.616508,142.53004,15.0,0.0,0.0,77.670494,7.701777,5.62965,6.0,16.825191,0.0,28.25261,9.29287,0.0,0.0,58.128857,67.52411,5.0,1.0,1.0281955,78.0,0.0
85.19841,443.8822,5.0,72.69894,17.0,0.0,0.0,100.0,-7.0,7.0,8.0,18.766953,3.0,45.0,1.0,0.0,0.0,25.0,59.85456,2.0,4.0,0.0,57.0,0.0
89.0,282.93814,69.69155,162.21735,3.592541,0.0,0.0,100.0,-7.0,7.0,8.0,10.82057,0.0,0.0,-8.0,0.0,0.0,7.2761264,-8.0,2.0,-8.0,0.0,50.0,0.0
76.0,199.05032,5.0,79.0,25.0,0.0,0.0,100.0,-7.0,7.0,8.0,20.0,3.0,23.339796,0.0,1.0,1.0,23.732288,-8.0,7.0,2.0,1.0,64.85666,0.0
70.0,297.40128,8.0,128.24115,25.0,1.0,1.8914628,97.0,33.152195,6.0,2.0,25.0236,1.0,53.25435,2.0,0.0,0.0,22.976797,11.870549,2.930276,2.0,0.0,48.127758,0.0
80.0,191.69844,14.0,78.97919,22.0,0.0,0.0,96.0,42.408924,6.0,6.0,26.0,0.0,72.06564,0.0,0.0,0.0,28.860723,76.0,3.0,2.0,1.0,91.87706,0.0
76.0,223.7178,1.0,87.95088,21.0,0.0,0.0,100.0,-7.0,7.0,8.0,23.0,1.0,35.0,-7.0,3.0,3.0,75.68821,-8.0,2.0,1.0,3.0,56.54327,0.0
62.08577,114.15459,5.0,61.89813,15.0,0.0,0.0,88.90636,-7.0,0.0,4.0,16.0,2.0,42.0,1.0,0.0,0.0,2.0,45.281788,1.0,4.0,0.0,75.0,0.0
83.0,188.06898,2.0,95.51659,38.001713,0.0,0.0,100.0,-7.0,6.0,8.0,43.82394,3.0,27.0,-7.250037,0.0,0.0,16.525494,97.94317,5.0,2.0,0.0,50.0,0.0
-9.0,-9.0,-9.0,-9.0,-9.0,-9.0,-9.0,-9.0,-9.0,-9.0,-9.0,-9.0,-9.0,-9.0,-9.0,-9.0,-9.0,-9.0,-9.0,-9.0,-9.0,-9.0,-9.0,0.0
78.0983,136.47627,2.0,109.50477,44.941093,0.0,0.0,100.0,-7.0,7.0,8.0,16.0,2.0,20.99085,3.1862044,1.0,1.0,16.24268,90.01608,11.456752,3.0,1.0,64.0,0.0
89.56786,221.58119,6.223058,93.0,25.0,0.0,0.0,100.0,-7.0,7.0,8.0,26.883104,1.0,34.26386,4.764634,1.0,1.0,0.0,94.83856,3.0,2.0,0.0,77.2035,0.0
89.0,188.18605,30.83316,87.92598,15.5656185,0.0,0.0,100.0,-7.0,7.0,8.0,7.8876247,0.0,19.489445,0.0,0.0,0.0,1.0112301,-8.0,3.0,1.0,0.0,49.026268,0.0
87.0,437.94345,2.0,84.53912,45.707897,0.0,0.0,100.0,-7.0,7.0,8.0,50.346348,3.0,17.0,16.0,0.0,0.0,0.0,89.76062,3.0,2.0,0.0,25.0,0.0
89.0,127.43409,12.655093,110.34093,12.0,0.0,0.0,100.0,-7.0,7.0,8.0,14.0,0.0,8.248506,0.0,0.0,0.0,3.0,-8.0,2.0,-8.0,0.0,43.0,0.0
71.0,-2.840766,6.0,45.899075,12.0,0.0,0.0,100.0,-7.0,7.0,8.0,11.923204,1.0,36.392647,0.0,0.0,0.0,73.82617,94.5303,3.0,4.0,1.0,100.0,0.0
89.0,170.04253,24.713697,100.01747,22.0,0.0,0.0,100.0,-7.0,7.0,8.0,21.0,0.0,61.262337,18.13939,0.0,0.0,0.0,-8.0,2.0,1.4311029,0.0,61.82269,0.0
84.0,301.4582,2.4520893,74.34848,17.0,0.0,0.0,100.0,-7.0,7.0,8.0,15.0,2.0,15.008011,7.0,0.0,0.0,10.93121,5.7114525,3.0,1.0,0.0,50.0,0.0
74.0,301.70462,8.69135,85.01308,41.19834,0.0,0.0,100.0,-7.0,7.0,8.0,51.89412,3.0,40.0,4.0,5.0,4.922184,38.63348,64.34766,3.0,2.0,1.0,36.567062,0.0
86.0,271.44284,21.901262,106.36957,18.70372,0.0,0.0,100.0,-7.0,7.0,8.0,27.038692,0.0,25.0,0.0,1.0,1.0,32.0,22.967606,3.0,1.0,0.0,67.0,0.0
74.23834,177.6483,15.0,93.0,28.0,0.0,0.0,100.0,-7.0,7.0,8.0,30.0,0.0,31.396828,0.0,0.0,0.0,49.32203,48.29309,2.0,2.0,2.0,63.0,0.0
-9.0,-9.0,-9.0,-9.0,-9.0,-9.0,-9.0,-9.0,-9.0,-9.0,-9.0,-9.0,-9.0,-9.0,-9.0,-9.0,-9.0,-9.0,-9.0,-9.0,-9.0,-9.0,-9.0,0.0
72.0,254.33612,3.0,54.488197,13.0,0.0,0.0,100.0,-7.0,7.0,8.0,12.0,3.0,38.092144,3.0,1.0,0.0,43.157574,74.828705,3.0,3.0,1.0,80.11288,0.0
78.0,190.80367,11.097054,57.250504,26.0,0.0,0.0,100.0,-7.0,7.0,8.0,25.52185,2.0,19.692324,-7.0,0.0,0.0,5.0,-8.0,7.0,2.0,0.0,64.268814,0.0
72.0,178.55246,4.1837997,93.64332,12.787159,1.4570405,2.0,75.241325,37.098248,6.0,-9.0,15.0,2.0,35.398304,0.0,3.0,3.0,8.0,-8.0,1.0,1.0,0.0,40.0,0.0
91.47959,222.54677,20.216915,100.0,14.0,0.0,0.0,100.0,-7.0,7.0,8.0,15.281965,0.0,21.0,12.847951,0.0,0.0,1.0,-8.0,2.0,1.0,0.0,33.0,0.0
85.0,497.22113,14.0,119.407326,12.0,0.0,0.0,90.0,32.985027,6.0,5.0,13.0,0.0,16.936384,-9.0,0.0,0.0,1.3511323,-8.0,1.0,-8.0,0.0,36.835865,0.0
68.32841,210.779,4.0,95.62918,34.489677,1.0,0.0,95.0,9.885325,4.0,2.1629791,42.68892,1.0,36.0,0.0,0.0,0.0,36.0,76.0,3.0,2.0,0.0,47.198586,0.0
88.0,253.39877,9.0,76.05973,19.7887,0.0,0.0,100.0,-7.0,7.0,8.0,20.85544,1.0,12.854375,0.0,0.0,0.0,1.0,59.591866,1.0,2.0,0.0,-9.0,0.0
74.0,150.17969,15.0,80.78966,13.0,0.0,0.0,90.52471,9.934505,6.0,6.0,9.0,0.0,33.0,0.0,2.0,2.0,21.14499,45.395313,1.7869161,2.0,1.0,33.0,0.0
83.794464,220.99397,9.0,100.0,21.0,0.0,0.0,100.0,-7.0,7.0,8.0,24.0,0.0,40.0,8.0,1.0,1.0,6.0,-8.0,4.0,1.0,1.0,50.0,0.0
74.0,301.00565,5.0,120.055336,42.612854,0.0,0.0,97.0,25.781502,6.0,6.0,62.392357,2.0,15.081746,10.148078,0.0,0.0,12.0,-8.0,5.0,3.0,0.0,43.0,0.0
77.0,181.358,4.0,59.548668,31.0,0.0,0.0,100.0,-7.0,7.0,8.0,35.0,2.0,27.0,21.360764,0.0,0.0,12.54591,81.01613,2.2250187,2.0,0.0,44.0,0.0
79.0,265.87857,20.364176,90.63341,10.0,0.0,0.0,100.0,-7.0,7.0,8.0,13.0,0.0,8.343165,1.0,1.0,1.0,13.0,-8.0,4.0,-8.0,0.0,62.826096,0.0
-9.0,-9.0,-9.0,-9.0,-9.0,-9.0,-9.0,-9.0,-9.0,-9.0,-9.0,-9.0,-9.0,-9.0,-9.0,-9.0,-9.0,-9.0,-9.0,-9.0,-9.0,-9.0,-9.0,0.0
87.0,178.10747,14.881416,126.4949,6.892807,0.0,0.0,100.0,-7.0,7.0,8.0,11.0,0.0,53.95831,-7.0,0.0,0.0,0.0,-4.9321265,0.13744503,1.0,-8.0,50.0,0.0
79.0,116.635506,8.0,55.10159,17.0,0.0,0.0,100.0,-7.0,7.0,8.0,16.061434,2.0,53.85015,0.0,0.0,0.0,27.452135,54.42875,3.0,2.0,0.0,60.0,0.0
75.0,55.98078,5.0,46.637478,22.0,1.0,1.0,95.0,66.16738,6.0,3.1283317,25.920385,4.0,25.0,4.071641,0.0,0.0,12.379885,-8.0,2.0,1.0,0.0,29.17158,0.0
68.0,118.430244,8.0,62.991028,26.0,0.0,0.0,97.0,30.478674,6.0,5.925742,24.998863,3.0,36.0,0.0,4.0,4.0,28.65294,-8.0,2.0,2.0,1.0,26.560993,0.0
66.223694,141.66867,1.0,63.0,11.585762,1.0,1.0,79.02856,4.0,4.737575,3.0,13.0,2.0,44.0,0.0,1.0,1.0,43.66734,76.79136,1.0,2.6946793,1.0,67.0,0.0
65.0,391.72604,8.0,107.3445,18.819132,1.0,0.0,82.19125,25.624113,5.0,6.0,22.0,3.586646,32.88534,-7.0,0.0,0.0,31.625555,-8.0,6.0,1.0,0.0,64.0,0.0
83.0,415.09158,4.0,146.64526,26.665379,0.0,0.0,100.0,-7.0,7.0,8.0,30.0,1.0,20.0,-7.0,0.0,0.0,12.0,-8.0,7.4539943,1.0,0.0,60.0,0.0
82.184166,143.04225,17.595404,82.0,22.377684,0.0,0.0,100.0,-7.0,7.0,8.0,28.0,0.0,52.04726,0.0,5.0,5.1044564,1.0,-7.7795057,0.0,2.0,0.0,22.696825,0.0
82.0,230.16167,2.0,95.98195,34.0,0.0,0.0,100.0,-7.0,7.0,8.0,32.0,1.0,18.0,0.0,0.0,0.0,18.63177,43.256832,3.0,2.0,0.0,43.0,0.0
72.13682,452.04358,4.0,162.23029,37.01838,0.0,0.0,92.0,58.662735,6.0,6.0,35.0,1.0,35.0,0.0,1.0,1.0,37.66028,-8.0,21.236204,3.0,2.0,75.0,0.0
72.17227,78.63286,2.0,51.000557,10.502836,0.0,0.0,100.0,-7.0,7.0,8.0,9.0,2.0,43.0,-7.0,3.0,3.0,0.0,43.166084,1.0,2.0,0.0,82.36446,0.0
68.12888,154.75256,6.0,72.31173,19.0,0.0,0.0,100.0,-7.0,7.0,8.0,18.367943,1.0,42.0,0.0,0.0,0.0,70.68627,39.647274,7.0,3.0,3.0,67.0,0.0
90.0,385.9241,11.0,128.64578,14.0,0.0,0.0,100.0,-7.0,7.0,8.0,12.0,0.0,21.0,1.0,1.0,1.0,0.5208872,-8.0,2.0,1.0,0.0,24.180492,0.0
66.0,196.74002,8.0,64.04575,17.0,0.0,0.0,78.2412,-7.0,-9.0,3.3999655,19.0,2.0,45.571518,-7.0,0.0,0.0,18.112734,94.754456,4.0,3.0,0.0,71.0,0.0
84.0,311.77203,6.0,86.48155,17.0,0.0,0.0,100.0,-7.0,7.0,8.0,17.0,3.0,39.04725,-9.0,0.0,0.0,0.0,-8.0,2.0,2.0,0.0,44.696987,0.0
77.58912,79.630775,1.5018191,52.3893,14.0,0.0,0.0,100.0,-7.0,7.0,8.0,15.0,2.0,46.0,0.0,2.0,2.0,38.23809,48.79317,4.0,4.0,0.0,100.0,0.0
92.92275,448.09863,25.258963,158.19214,23.792835,0.0,0.0,100.0,-7.0,7.0,8.0,29.0,0.0,-9.0,-8.0,0.0,0.0,-3.3885427,-8.0,1.0,-8.0,0.0,-9.0,0.0
75.0,145.66698,2.0,58.0,12.0,0.0,0.0,100.0,-7.0,7.0,8.0,12.0,1.0,25.0,1.0,0.0,0.0,43.081,-8.0,5.0,1.0,1.0,88.0,0.0
71.70481,163.39397,1.0,71.0,8.0,0.0,0.0,100.0,-7.0,7.0,8.0,16.969776,2.0,13.920531,0.0,1.0,1.0,34.318317,-8.0,6.0,-8.0,2.0,80.326904,0.0
75.0,247.76707,3.0,62.44782,29.232944,0.0,0.0,94.0,25.228714,6.0,6.0,32.469887,4.0,32.45019,0.0,2.0,2.0,7.0,-8.0,3.0,2.0,0.0,40.0,0.0
83.0,422.3641,7.0,91.782265,15.121918,0.0,0.0,100.0,-7.0,7.0,8.0,19.0,0.0,50.0,11.817158,1.0,1.0,9.0,-8.0,2.0,1.0,0.0,59.667824,0.0
57.537468,190.43202,10.0,62.036285,30.54668,1.0,0.0,96.0,1.4879875,4.73276,5.0,32.211544,0.0,54.986217,0.0,0.0,0.0,72.95943,64.48577,7.0,5.0,3.3168137,86.0,0.0
85.0,97.405075,9.0,47.084858,13.311583,0.0,0.0,100.0,-7.0,7.0,8.0,18.0,2.0,43.0,1.0,4.0,3.443603,1.0,-8.0,2.0,-8.0,0.0,39.632236,0.0
73.948616,328.25485,4.0,303.19244,37.839527,3.0,2.0768678,100.0,-7.0,7.0,8.0,20.0,1.0,6.147213,22.886799,0.0,0.0,1.0,-8.0,1.0,1.0,0.0,-9.0,0.0
82.0,263.71973,1.0,95.852806,40.298786,0.0,0.0,100.0,-7.0,7.0,8.0,48.437885,3.0,35.0,0.0,3.0,3.0,6.0,38.695004,3.0,2.0,1.0,46.148724,0.0
77.0,226.59372,12.134285,83.0,17.0,0.0,0.0,94.0,42.102753,6.0,6.0,17.189209,0.0,15.0,4.0,0.0,0.0,43.787983,-8.0,3.0,1.0,0.0,50.0,0.0
87.0,207.9838,9.0,79.0,18.0,0.0,0.0,100.0,-7.0,7.0,8.0,19.619267,2.0,14.0,-7.0,1.0,1.0,6.0,-8.0,3.020297,-8.0,0.0,27.799652,0.0
13.218524,-9.0,-9.0,1.3898883,-9.0,-9.0,-9.0,-9.0,-9.0,-9.0,-9.0,-9.0,-9.0,-9.0,-9.0,-9.0,-9.0,-9.0,-9.0,-9.0,-9.0,-9.0,-9.0,0.0
69.0,111.71533,4.0,66.62858,17.0,0.0,0.0,97.0,48.49017,6.0,6.0,19.229282,3.4787507,67.65237,0.0,4.0,4.0,25.074345,93.0,5.0,1.0,0.0,75.0,0.0
63.0,311.1087,1.0,76.37097,32.69892,0.0,0.0,100.0,-7.0,7.0,8.0,37.0,2.0,19.263891,0.0,2.0,2.0,32.0,80.34752,9.018237,4.0,2.0,56.0,0.0
75.05384,359.7085,5.0,91.631065,36.0,0.0,0.0,100.0,-7.0,7.0,8.0,38.405666,4.0,19.0,5.729954,1.0,1.0,33.433064,-8.0,6.181338,1.0,0.0,73.02696,0.0
64.0,125.073074,1.0,42.6097,19.0,1.0,1.0,99.54039,0.16291682,-3.5767915,5.0,22.0,8.696134,25.0,0.0,3.0,3.0,41.13992,-8.0,4.0,2.0,0.0,67.0,0.0
74.244026,55.440422,4.0,54.090054,19.0,0.0,0.0,94.60821,36.932835,6.0,6.0,19.0,3.0,13.543484,0.0,2.0,2.0,2.3841596,-8.0,1.0,1.0,0.0,47.36746,0.0
79.0,70.09332,6.0,72.925446,32.0,0.0,0.0,100.0,-7.0,7.0,8.0,-9.0,2.0,12.957053,3.0,2.0,1.0,12.0,87.356224,3.0,3.0,1.0,30.371897,0.0
83.0,334.7956,2.0,136.91135,40.041595,0.0,0.0,97.0,52.67405,6.0,6.0,52.711266,1.0,22.0,-7.0,1.0,1.0,16.081015,67.50732,6.0,3.0,0.0,55.53008,0.0
77.0,177.53453,3.0,61.44637,16.0,0.0,0.0,100.0,-7.0,7.0,8.0,21.0,2.0,63.87441,-7.0,0.0,0.0,29.016603,65.34428,3.0,3.0,0.0,71.0,0.0
73.0,324.97614,5.0,94.0,19.0,0.0,0.0,100.0,-7.0,7.0,8.0,18.0,1.346098,50.0,2.0,1.0,1.0,49.703484,71.0,4.0,2.0,2.0,80.0,0.0
75.0,183.05638,11.0,82.0,24.0,0.0,0.0,100.0,-7.0,7.0,8.0,23.0,1.0,38.75282,1.9763848,0.0,0.0,51.281258,75.73832,3.0,4.0,1.551321,67.56576,0.0
89.28968,488.16714,27.28282,151.89998,22.0,0.0,0.0,100.0,-7.0,7.0,8.0,23.975115,0.0,8.52422,-8.0,0.0,0.0,0.0,-8.0,1.0,1.0,0.0,15.920785,0.0
81.0,312.06696,7.0,126.26262,19.0,0.0,0.0,100.0,-7.0,7.0,8.0,24.960325,3.0,47.640675,1.0,1.0,1.0,24.759552,-8.0,5.0,3.0,0.0,100.0,0.0
77.0,186.68884,1.0,79.0,31.215265,0.0,0.0,100.0,-7.0,6.0,8.0,46.62925,3.0,23.0,0.0,1.0,1.0,10.0,-8.0,4.0,2.0,1.0,44.95609,0.0
62.430492,94.00698,3.0,104.68857,36.0,0.0,0.0,100.0,37.349174,6.0,6.0,24.0,5.644687,33.0,0.0,0.0,0.0,41.70437,49.982162,11.0,2.0,4.0,71.0,0.0
72.0,163.09183,23.590725,75.53756,15.0,3.9419687,3.100491,89.0,46.831497,6.0,3.0,15.0,0.0,52.435925,-8.0,0.0,0.0,21.0,-8.0,4.0,1.0,0.0,78.0,0.0
70.0,267.59964,11.0,75.0,27.48632,0.0,0.0,100.0,-7.0,7.0,8.0,32.0,1.0,72.86853,-9.0,0.0,0.0,44.09743,63.7085,5.0,3.0,2.0,100.0,0.0
70.0,116.05669,41.248466,62.57713,-9.0,0.0,0.0,100.0,-7.0,7.0,8.0,8.0,0.0,72.91715,0.0,1.0,1.0,74.50229,-8.0,2.0,1.0,0.0,100.0,0.0
89.0,483.1119,52.000835,137.83116,7.0,0.0,0.0,100.0,-7.0,7.0,8.0,6.823316,0.0,-9.0,0.0,0.0,0.0,2.0,-8.0,4.0,-1.2581065,0.0,67.0,0.0
87.616295,221.19974,14.203792,82.67088,16.0,0.0,0.0,100.0,-7.0,7.0,8.0,18.0,0.0,45.0,0.0,0.0,0.0,8.0,93.0,2.0,2.0,0.0,60.0,0.0
82.0,40.851585,21.01759,42.855278,5.735369,0.0,0.0,100.0,-7.0,7.0,8.0,3.05918,0.0,64.84165,-7.0,0.0,0.0,12.0,50.003967,2.0,2.0,0.0,87.77901,0.0
70.0,128.47765,3.0,74.0,43.357834,0.0,0.0,93.0,23.677914,6.0,5.0,14.0,4.0,28.0,4.0,1.0,1.0,6.0,51.703033,2.0,3.0,0.0,43.816776,0.0
72.0,112.95489,5.0,45.786083,38.4937,0.0,0.0,100.0,-7.0,7.0,8.0,40.14659,5.0,21.686638,0.0,0.0,0.0,13.441783,56.08035,6.0,1.0,1.0,40.0,0.0
92.79176,344.60834,17.293652,113.25552,12.0,0.0,0.0,100.0,-7.0,7.0,8.0,14.0,0.0,29.0,1.0,0.0,0.0,3.8384323,-8.0,1.0,1.0,0.0,44.0,0.0
72.0,182.32222,6.0,90.0,31.0,0.0,0.0,97.0,7.63995,6.0,6.0,34.172943,1.0,17.958536,9.76705,1.0,1.0,22.964054,48.14219,6.0,6.5361032,4.0,59.13871,0.0
76.0,191.245,3.0,65.0,28.0,0.0,0.0,97.0,44.29905,6.0,6.0,32.356262,2.0,29.0,0.0,2.0,2.0,17.0,-8.0,8.0,2.0,0.0,73.65685,0.0
86.0,177.95203,20.648651,100.78707,18.0,0.0,0.0,100.0,-7.0,7.0,8.0,22.0,0.0,35.643253,23.183228,0.0,0.0,25.063025,-8.0,3.0,1.0,0.0,61.53292,0.0
72.0,223.37708,9.0,92.58566,12.0,2.0,1.0,80.44094,56.101704,6.0,3.099999,11.0,1.0,34.536922,-7.0,0.0,0.0,28.0,76.0,3.0,2.0,1.0,67.0,0.0
65.0,173.61855,3.0,75.0,31.0,2.0,2.225548,100.0,-7.0,7.0,8.0,23.0,2.0,30.0,0.0,0.0,0.0,52.99333,39.975224,2.0,4.0,0.0,63.599342,0.0
84.357994,396.67633,17.839802,171.11615,26.0,0.0,0.0,100.0,-7.0,7.0,8.0,19.0,0.0,42.0,18.94314,0.0,0.0,2.0,64.164024,3.0,2.0,0.0,56.20065,0.0
-9.0,-9.0,-9.0,-9.0,-9.0,-9.0,-9.0,-9.0,-9.0,-9.0,-9.0,-9.0,-9.0,-9.0,-9.0,-9.0,-9.0,-9.0,-9.0,-9.0,-9.0,-9.0,-9.0,0.0
72.0,147.82481,1.0,56.017414,27.89225,0.0,0.0,100.0,-7.0,7.0,8.0,30.024944,3.0,30.30538,0.0,1.0,1.0,37.83554,77.81256,4.0,3.0,2.0,47.11615,0.0
89.0,478.57605,6.0,87.21887,19.0,0.0,0.0,100.0,-7.0,7.0,8.0,22.0,1.0,40.0,2.1193707,1.0,1.0,0.0,-8.0,1.0,2.0,0.0,33.0,0.0
67.551384,203.00522,7.0,67.353294,31.976675,0.0,0.0,100.0,-7.0,7.0,8.0,28.0,2.0,50.0,0.0,0.0,0.0,27.596542,77.7534,4.0,5.8534718,1.0,83.0,0.0
73.96717,203.68047,25.108677,82.0,7.0,0.0,0.0,86.532585,17.370962,6.0,6.0,7.0,0.0,94.97303,-8.0,0.0,0.0,0.0,53.473255,1.0,1.0,-9.0,100.0,0.0
69.0,209.7362,6.0,64.743034,21.0,0.0,0.0,100.0,-7.0,7.0,8.0,21.0,2.0,25.0,5.0,0.0,0.0,80.591225,-8.0,3.0,2.0,3.0,39.326378,0.0
82.33596,245.2739,8.0,103.280304,22.251705,0.0,0.0,100.0,-7.0,7.0,8.0,15.030737,0.0,37.0,0.0,0.0,0.0,7.0,38.42499,7.0,4.0,0.0,71.0,0.0
76.00295,305.73483,5.0,81.0,40.717648,0.0,0.0,100.0,-7.0,7.0,8.0,50.637745,5.0,50.0,0.0,2.0,2.0,37.164333,69.131744,4.0,3.0,1.0,67.60667,0.0
83.0,271.44446,9.0,110.81668,30.0,0.0,0.0,100.0,-7.0,7.0,8.0,32.102364,0.0,35.0,0.0,1.0,1.0,9.460703,51.294548,3.0,2.0,0.0,58.3654,0.0
86.0,264.21844,25.534374,258.42914,18.57547,0.0,0.0,95.0,47.836605,6.0,6.0,24.0,0.0,39.0,0.0,0.0,0.0,0.0,-8.0,0.0,2.0,0.0,35.842957,0.0
74.0,165.83865,5.0,40.31804,33.381386,0.0,0.0,100.0,-7.0,7.0,8.0,31.0,3.0,20.0,0.0,3.0,3.0,10.0,53.15673,1.0,2.0,0.0,22.549763,0.0
67.34477,106.09459,7.0,54.726284,27.466404,0.0,0.0,97.0,23.873346,6.0,6.0,31.0,1.0,54.02489,0.0,3.0,3.0,53.48907,82.0,6.0,3.0,1.0,100.0,0.0
79.0,141.13748,3.0,143.70595,25.0,0.0,0.0,100.0,-7.0,7.0,8.0,15.0,2.0,68.51824,8.276509,0.0,0.0,51.975933,135.16176,2.0,5.0,1.0,80.0,0.0
81.0,212.08324,3.0,134.77122,30.0,0.0,0.0,97.0,-4.1322856,6.0,6.0,32.0,2.0,24.0,-7.0,1.0,1.0,9.411414,-8.0,4.0,3.0,0.0,40.0,0.0
83.0,309.5313,16.605791,120.36242,34.530994,0.0,0.0,100.0,-7.0,7.0,8.0,34.0,0.0,38.0,0.0,0.0,0.0,13.0,11.777708,4.0,3.0,0.0,74.91646,0.0
63.65779,298.5764,8.0,79.07706,12.0,1.0,1.0,100.0,-7.0,6.0,8.0,15.0,1.0,35.0,0.0,3.7076998,3.0,0.0,79.0503,0.0,2.0,0.0,43.0,0.0
79.0,347.11133,4.0,101.16774,26.0,0.0,0.0,100.0,-7.0,7.0,8.0,28.516037,1.0,24.778439,0.0,2.0,2.0,28.494558,69.77765,3.0,2.0,0.0,63.0,0.0
64.0,151.68227,17.478348,94.27679,5.142845,2.0,2.38489,58.33431,24.493235,4.0,2.0,12.0,0.0,18.0,0.0,1.0,1.0,17.0,-8.0,3.0,-8.0,1.0,67.0,0.0
84.26693,147.03137,5.0,90.0,36.0,0.0,0.0,100.0,-7.0,7.0,8.0,38.18825,2.0,58.244427,0.0,0.0,0.0,32.85817,76.539116,3.0,1.0,0.0,100.0,0.0
69.270294,123.725624,6.0,58.62861,20.0,0.0,0.0,86.30884,20.14003,6.0,5.0,21.32535,2.0,44.200798,0.0,11.252742,7.976816,10.0,62.768158,2.0,1.0,0.0,33.344955,0.0
89.79039,295.47784,28.432058,156.75758,17.0,0.0,0.0,100.0,-7.0,7.0,8.0,20.0,0.0,44.77101,0.0,1.0,1.0,3.0,58.33552,1.0,1.0,0.0,10.158402,0.0
81.0,168.2508,10.0,102.6157,30.80095,0.0,0.0,100.0,-7.0,7.0,8.0,31.868229,1.0,33.0,0.0,0.0,0.0,11.0,-8.0,5.0,3.0,0.0,63.0,0.0
68.0,225.2232,14.124303,125.29936,24.0,1.0,1.0,83.65315,3.080052,5.5203547,5.7669764,31.0,0.0,42.0,2.7832232,0.0,0.0,1.0,63.593304,5.0,4.4347105,0.0,83.0,0.0
77.05701,180.4561,8.0,57.248566,15.0,0.0,0.0,100.0,-7.0,7.0,8.0,19.0,1.0,36.0,1.0335876,1.0,1.0,6.0,100.0,3.0,3.0,0.0,76.129005,0.0
85.0,190.20227,3.66333,57.312687,20.993162,0.0,0.0,100.0,-7.0,7.0,8.0,21.069681,2.0,56.048256,3.8021,1.0,1.0,0.0,29.238392,1.0,3.0,0.0,48.941036,0.0
59.46331,173.90475,14.0,70.81292,31.15023,0.0,0.0,83.77018,2.0,4.0,6.0,31.0,1.0,36.0,0.0,1.0,1.0,21.0,77.84206,7.0,6.800075,0.0,71.89597,0.0
77.0,258.95667,3.0,73.04287,32.0,0.0,0.0,100.0,-7.0,7.0,8.0,32.0,3.2210555,43.0,0.0,2.0,2.0,34.367455,141.92119,7.0,3.0,0.0,100.0,0.0
80.53898,188.41737,1.0,97.0,28.0,0.0,0.0,96.0,67.7367,6.0,6.0,41.234467,1.0,23.0,0.0,1.0,1.0,9.0,70.56791,4.0,2.0,0.0,40.762604,0.0
79.0,187.20413,8.0,86.0,30.670986,0.0,0.0,100.0,-7.0,7.0,8.0,37.275616,1.0,44.0,0.0,0.0,0.0,0.14988416,89.59306,2.0,2.0,0.0,63.0,0.0
-9.0,303.57678,3.0,94.48637,23.0,1.1210034,1.0,91.61011,-7.0,3.0,6.0,25.0,3.0,22.0,0.0,2.0,2.0,1.0,84.02533,3.0,2.0,0.0,44.487633,0.0
83.0,168.51979,2.0,72.0,20.0,0.0,0.0,100.0,-7.0,7.0,8.0,21.0,3.0,41.0,0.0,2.0,2.0,1.0,52.632286,4.0,1.0,0.0,60.0,0.0
74.0,226.24568,9.0,94.0274,18.0,0.0,0.0,87.20252,3.5794678,4.0,6.0,19.882307,1.0,29.0,-8.0,0.0,0.0,33.980064,-8.0,3.0,1.2912493,0.0,77.20451,0.0
-9.0,-9.0,-9.0,-9.0,-9.0,-9.0,-9.0,-9.0,-9.0,-9.0,-9.0,-9.0,-9.0,-9.0,-9.0,-9.0,-9.0,-9.0,-9.0,-9.0,-9.0,-9.0,-9.0,0.0
59.03631,147.55145,9.0,77.84822,30.0,0.0,0.0,96.1495,27.582317,6.0,6.0,30.0,1.0,20.096058,0.0,0.0,0.0,72.13122,88.0,9.0,2.0,6.8857827,63.0,0.0
-9.0,-9.0,-9.0,-9.0,-9.0,-9.0,-9.0,-9.0,-9.0,-9.0,-9.0,-9.0,-9.0,-9.0,-9.0,-9.0,-9.0,-9.0,-9.0,-9.0,-9.0,-9.0,-9.0,0.0
80.0,120.93448,1.3761584,62.030758,17.0,0.0,0.0,100.0,-7.0,7.0,8.0,14.0,1.0,18.0,3.0,2.0,2.0,13.86171,43.676968,2.0,1.0,0.0,53.139984,0.0
87.0,324.887,11.399318,153.31432,14.0,0.0,0.0,100.0,-7.0,7.0,8.0,17.0,1.0,59.804523,-8.0,0.0,0.0,0.03024265,71.0,1.0,2.0,0.0,54.25983,0.0
90.83201,191.11282,24.181427,109.36761,27.0,0.0,0.0,100.0,-7.0,7.0,8.0,15.0,0.0,29.439503,-8.0,0.0,0.0,0.0,-8.0,2.0,1.0,0.0,33.0,0.0
84.0,229.11458,1.9800016,96.8674,51.31992,0.0,0.0,100.0,-7.0,7.0,8.0,51.468086,2.0,42.685833,4.0,2.0,1.6407243,8.0,4.192375,4.0,3.0,0.0,50.0,0.0
62.69765,283.76572,3.0,83.08769,26.0,3.2678885,0.0,81.39658,9.807149,4.0,5.0,29.350245,4.0,52.63268,1.0,1.0,1.0,43.644844,64.54752,7.0,5.0,1.0,80.0,0.0
78.90249,338.63644,10.0,130.8294,12.0,0.0,0.0,100.0,-7.0,7.0,8.0,21.0,1.0,36.46984,9.0,0.0,0.0,60.042194,-8.0,2.2460356,-8.0,0.0,83.0,0.0
66.92804,196.70294,5.0,75.30021,14.918996,1.0,0.0,77.445366,4.0,4.0,2.0,19.0,1.0,35.0,12.73304,0.0,0.0,17.358816,88.0,4.0,2.0,0.0,86.0,0.0
83.0,218.73917,17.0,73.07717,18.17078,0.0,0.0,100.0,-7.0,7.0,8.0,22.0,0.0,51.152905,-8.0,0.0,0.0,14.0,60.4698,2.0,5.1284914,0.0,75.0,0.0
80.0,196.92273,1.6915629,56.537388,22.0,0.0,0.0,100.0,-7.0,7.0,8.0,20.0,6.0,24.0,0.0,3.0,3.0,1.0,-8.0,3.0,-0.5498569,0.0,33.0,0.0
70.0,156.51625,11.68511,68.143074,24.0,0.0,0.0,94.0,17.363546,6.0,6.0,21.0,0.0,54.42038,0.0,0.0,0.0,21.0,85.91321,4.0,7.8283668,0.0,78.0,0.0
86.0,160.3981,3.0,82.0,26.0,0.0,0.0,100.0,-7.0,7.0,8.0,24.055273,2.0,33.0,0.0,2.0,1.0,6.216695,91.0,2.0,2.0,0.0,47.598274,0.0
80.0,391.88443,4.0,102.961876,28.0,0.0,0.0,100.0,-7.0,7.0,8.0,46.041183,2.0,33.0,-7.0,1.0,1.0,10.945669,74.16611,2.0,3.0,0.0,71.0,0.0
81.0,194.57906,7.0,79.856186,45.59218,0.0,0.0,100.0,-7.0,7.0,8.0,54.92346,4.0,24.0,5.0,2.0,2.0,1.0,-8.0,2.2887616,-8.0,0.0,-9.0,0.0
85.0,350.04294,23.530617,202.7012,12.0,0.0,0.0,100.0,-7.0,7.0,8.0,13.0,0.0,40.0,1.0,1.0,1.0,0.0,55.006554,1.0,2.0,0.0,40.0,0.0
-9.0,-9.0,-9.0,-9.0,-9.0,-9.0,-9.0,-9.0,-9.0,-9.0,-9.0,-9.0,-9.0,-9.0,-9.0,-9.0,-9.0,-9.0,-9.0,-9.0,-9.0,-9.0,-9.0,0.0
85.0,184.75964,3.0,76.80784,13.0,0.0,0.0,100.0,-7.0,7.0,8.0,11.0,5.0,37.0,4.071319,0.0,0.0,19.0,-8.0,5.0,1.0,0.0,67.0,0.0
69.0,155.73697,15.0,86.0,20.0,2.9965045,3.496029,86.20422,29.796898,6.0,2.1776931,25.0,0.0,50.0,9.531349,0.0,0.0,67.44764,71.0,3.0,2.0,3.0,100.0,0.0
74.0,211.75151,14.049854,111.66311,30.0,0.0,0.0,94.0,-7.0,3.5163202,6.0,32.0,1.0,45.0,0.0,0.0,0.0,12.0,70.33954,4.0,3.0,0.0,58.0,0.0
63.0,205.81036,9.0,94.0,28.0,0.0,0.0,97.0,5.3654017,6.0,6.0,22.0,1.0,5.358874,-0.20940231,0.0,0.0,41.098118,-8.0,6.0,2.0,5.0323114,63.384712,0.0
77.0,180.85324,9.0,92.33978,11.983759,0.0,0.0,100.0,-7.0,7.0,8.0,12.122735,0.0,20.0,0.0,0.0,0.0,43.064697,76.0,6.0,1.0,2.3847072,86.0,0.0
78.0,242.27977,2.0,85.76459,19.155144,0.0,0.0,100.0,-7.0,7.0,8.0,21.091944,2.0,6.04759,0.0,0.0,0.0,8.0,-8.0,3.0,-8.0,0.0,43.480007,0.0
59.31134,81.752686,6.837358,69.98075,13.0,2.0,0.0,73.49154,9.043716,6.0,2.0,16.0,0.0,41.331917,0.0,3.0,3.0,54.47887,83.92272,8.0,2.0,2.0,100.0,0.0
69.0,98.52125,7.0,35.667564,23.0,0.0,0.0,95.0,20.056938,6.0,6.0,28.0,4.0,42.889618,9.105392,0.0,0.0,13.0,49.044785,4.0,3.0,0.0,67.0,0.0
71.0,59.10121,6.0,37.964043,5.165823,0.0,0.0,72.903404,18.450306,6.0,6.0,9.0,3.0,61.350014,-7.0,0.0,0.0,10.628263,90.01519,2.0,4.0,0.0,70.0,0.0
80.0,185.31503,3.0,83.65374,12.0,0.0,0.0,90.25162,23.84168,6.0,6.0,13.0,2.0,33.0,-7.8855762,0.0,0.0,13.250485,-8.0,4.0,1.0,0.0,60.0,0.0
66.0,-9.0,7.0,63.030117,12.0,0.0,0.0,78.13468,14.15755,2.2745628,6.0,3.169469,1.0,24.0,-7.0,0.0,0.0,3.0,32.617695,2.0,2.0,0.0,54.59106,2.0
84.0,167.60393,5.0,114.59731,19.0,0.0,0.0,93.0,81.16539,6.0,6.0,24.0,2.0,38.0,1.0,2.0,2.0,17.0,-8.0,2.0,2.0,0.0,60.0,0.0
91.564354,389.68658,15.0,189.82881,21.0,0.0,0.0,100.0,-7.0,7.0,8.0,21.0,0.0,20.0,17.86539,0.0,0.0,1.0,-8.0,2.0,-8.0,0.0,30.462824,0.0
75.0,177.28645,7.0,79.486626,21.0,0.0,0.0,100.0,-7.0,7.0,8.0,19.612324,1.0,24.0,18.505213,0.0,0.0,17.941896,21.650389,3.0,1.0,1.0,67.0,0.0
67.0,-9.0,6.0,58.90243,24.0,1.0,0.0,94.0,11.427713,6.0,4.0,24.0,2.0,16.909607,8.0,0.0,0.0,65.65444,51.02106,3.0,2.0,1.0,50.0,0.0
61.000423,75.75199,3.0,57.133232,15.0,0.0,0.0,100.0,-7.0,7.0,8.0,16.0,3.0,71.263374,0.0,2.0,2.0,29.869553,7.9833055,4.0,4.0,0.0,98.959564,0.0
83.1385,208.82771,4.0,101.59381,21.0,0.0,0.0,100.0,-7.0,7.0,8.0,19.0,1.0,22.0,-7.0,0.0,0.0,9.0,-8.0,4.0,1.0,0.0,43.0,0.0
83.0,375.00977,17.661863,141.44601,48.900593,0.0,0.0,100.0,12.371302,6.0,6.0,45.888878,0.0,18.0,2.9608483,0.0,0.0,8.0,-8.0,6.0,3.0,0.0,43.092037,0.0
86.0,178.34462,3.0,76.0,9.0,0.0,0.0,100.0,-7.0,7.0,8.0,9.0,1.0,43.7701,-8.0,0.0,0.0,0.0,-8.0,1.0,1.0,0.0,33.0,0.0
84.66014,208.6555,17.0,103.23694,25.0,0.0,0.0,100.0,-7.0,7.0,8.0,24.0,0.0,31.929478,0.0,2.0399878,3.0,4.0,-8.0,3.0,1.0,0.0,44.0,0.0
65.0,98.7328,8.70514,67.15648,11.902772,0.0,0.0,72.73999,23.438183,4.0,6.0,9.68953,1.0,48.47317,9.0,0.0,0.0,56.26824,98.94786,3.0,2.0,0.0,90.64089,0.0
-9.0,-9.0,-9.0,-9.0,-9.0,-9.0,-9.0,-9.0,-9.0,-9.0,-9.0,-9.0,-9.0,-9.0,-9.0,-9.0,-9.0,-9.0,-9.0,-9.0,-9.0,-9.0,-9.0,0.0
87.65642,211.60326,45.09507,111.58311,14.0,0.0,0.0,100.0,-7.0,7.0,8.0,32.0,0.0,24.0,-9.0,0.0,0.0,7.0,-8.0,2.0,1.0,0.0,50.0,0.0
71.0,155.98415,16.0,56.82036,33.78615,0.0,0.0,100.0,-7.0,7.0,8.0,30.0,0.0,21.0,0.0,1.0,1.0,64.368286,-8.0,9.0,1.0,2.0,86.0,0.0
84.0,6.6950827,21.675621,60.21274,10.157364,0.0,0.0,100.0,-7.0,7.0,8.0,0.053347025,0.0,38.0,0.0,1.0,1.0,1.0,5.238858,1.0,1.0,0.0,50.0,0.0
73.0,182.13388,52.90086,114.91835,6.7341185,0.0,0.0,78.08605,36.53125,6.0,6.0,9.0,0.0,13.0,-8.0,0.0,0.0,34.75914,-8.0,2.0,1.0,2.0,80.0,0.0
89.0,226.33347,20.0,77.07372,15.0,0.0,0.0,100.0,-7.0,7.0,8.0,17.0,0.0,8.609474,3.0,0.0,0.0,1.0,-8.0,4.0,-8.0,0.0,19.531033,0.0
82.0,459.34906,4.0,113.6938,20.478863,0.0,0.0,100.0,-7.0,7.0,8.0,23.0,4.0,40.0,-7.0,2.0,2.0,25.0,86.32257,4.0,2.0,2.0,64.289314,0.0
85.0689,187.09525,9.0,76.0,15.0,0.0,0.0,100.0,-7.0,7.0,8.0,11.379342,0.0,21.0,13.72856,0.0,0.0,11.365948,48.73623,2.0,2.0,0.0,44.9715,0.0
91.54743,416.18314,15.953056,122.23989,25.0,0.0,0.0,100.0,-7.0,7.0,8.0,22.0,0.0,47.879974,14.057698,0.0,0.0,0.0,-8.0,1.0,2.0,0.0,31.80583,0.0
72.0,212.9891,8.306699,89.723145,25.903326,1.4493209,0.0,91.00722,31.695133,6.0,5.0,34.0,1.0,18.0,0.0,0.0,0.0,5.4189053,-8.0,3.0,1.0,0.0,41.917686,0.0
82.0,199.8748,21.891096,72.0,21.0,0.0,0.0,100.0,-7.0,7.0,8.0,19.0,0.0,43.0,6.0,0.0,0.0,15.721828,70.06351,3.0,3.0,0.0,60.0,0.0
73.31491,-4.0608344,2.0,71.17994,43.706978,0.0,0.0,100.0,25.20404,6.0,6.0,44.67116,2.0,24.463142,0.0,6.675205,6.662051,12.0,94.38512,5.0,3.0,1.0,67.0,0.0
88.14804,153.02023,5.0,100.68667,22.0,0.0,0.0,100.0,-7.0,7.0,8.0,25.482813,0.0,2.8388264,0.0,1.0,0.0,3.0,-8.0,2.0,-8.0,0.0,-9.0,0.0
68.622826,213.36583,11.0,119.78499,21.0,3.2931905,3.4178193,86.675735,17.291838,6.0,3.0,28.0,0.0,27.0,0.0,1.0,1.0,1.0,-8.0,2.0,1.0,0.0,50.0,0.0
88.0,426.615,24.296991,123.78464,19.0,0.0,0.0,100.0,-7.0,7.0,8.0,15.0,0.0,30.0,0.0,0.0,0.0,9.0,-8.0,0.0,1.0,0.0,27.035517,0.0
78.3092,245.83372,1.0,75.0,51.731308,0.0,0.0,100.0,-7.0,7.0,8.0,63.04111,3.0,50.0,0.0,0.0,0.0,13.157466,-8.0,6.0,3.0,0.0,57.0,0.0
86.0,100.55501,22.659195,95.80283,14.0,0.0,0.0,100.0,-7.0,7.0,8.0,19.0,0.0,22.662333,4.0,1.0,1.0,0.1925843,-8.0,2.0,1.0,0.0,25.0,0.0
73.0,93.60325,5.0,83.0,21.0,1.3170917,1.0,96.0,3.0,6.0,6.0,21.0,1.0,55.362724,0.0,1.0,1.0,2.0,93.89988,3.0,2.0,0.0,60.0,0.0
75.0,185.67212,175.34157,139.19562,3.1161578,0.0,0.0,88.0,2.0,4.0,6.0,-8.761063,0.0,35.0,1.0,0.0,0.0,1.0,-8.0,1.0,1.0,0.0,67.0,0.0
83.0,154.90855,23.552462,63.76324,23.0,0.0,0.0,100.0,-7.0,7.0,8.0,21.0,0.0,35.0,1.0,0.0,0.0,13.41807,-8.0,2.0,1.0,0.0,44.27056,0.0
-9.0,-9.0,-9.0,-9.0,-9.0,-9.0,-9.0,-9.0,-9.0,-9.0,-9.0,-9.0,-9.0,-9.0,-9.0,-9.0,-9.0,-9.0,-9.0,-9.0,-9.0,-9.0,-9.0,0.0
59.80973,429.7728,9.0,201.9394,28.0,2.0,1.9939941,85.30384,5.807773,4.0,2.0,32.12568,1.0,27.0,0.0,0.0,0.0,61.031677,-8.0,8.0,1.0,5.006489,57.0,0.0
77.0,101.229256,5.0,71.0,5.0190206,0.0,0.0,100.0,-7.0,7.0,8.0,5.811271,1.0,33.0,0.0,0.0,0.0,51.897106,86.88327,3.0,2.0,2.0,90.5592,0.0
72.0,209.71849,-9.0,63.0,37.852108,0.0,0.0,97.0,52.716587,6.0,6.0,45.277344,5.0,43.41175,0.0,1.0,1.0,56.791092,90.90692,4.0,5.0,3.0,75.0,0.0
76.162224,79.362495,23.65163,58.0,18.0,0.0,0.0,95.0,74.652336,6.0,6.0,19.0,0.0,55.139965,1.0,2.0,2.0,6.211861,38.32662,3.2558093,1.0,0.0,71.0,0.0
75.0,150.96364,5.6986628,67.0,40.43502,0.0,0.0,100.0,2.0,6.0,6.0,41.005543,4.0,26.411982,21.157558,0.0,0.0,22.986797,80.894,5.0,2.0,1.0,58.0,0.0
63.809864,165.23938,7.0,86.376076,6.0,2.4647822,1.0,70.33487,13.014265,4.0,-9.0,10.0,1.0,36.0,0.0,0.0,0.0,37.94086,-8.0,1.0,1.0,0.0,100.0,0.0
70.0,74.38377,4.0,66.3629,8.0,1.0,1.0,82.10888,22.977,6.0,2.0,10.0,2.0,11.673425,-7.245467,0.0,0.0,1.0,-8.0,1.0,1.0,0.0,56.0,0.0
83.51296,358.42773,4.0,96.53941,42.927948,0.0,0.0,100.0,-7.0,7.0,8.0,43.23802,2.0,36.989403,0.0,4.868399,4.0,3.2165177,61.27264,3.0,4.0,0.0,33.604256,0.0
85.0,279.08704,2.0,105.33804,28.0,1.0,1.0,96.0,71.29242,6.0,5.0,32.0,1.0,30.0,21.762882,0.0,0.0,10.816005,58.74053,3.0,2.0,0.0,55.025772,0.0
77.15508,208.82054,2.0,89.525795,23.0,0.0,0.0,100.0,-7.0,7.0,8.0,23.787521,2.0,33.0,0.0,0.0,0.0,33.147552,79.58142,6.0,4.0,0.0,83.0,0.0
-9.0,-9.0,-9.0,-9.0,-9.0,-9.0,-9.0,-9.0,-9.0,-9.0,-9.0,-9.0,-9.0,-9.0,-9.0,-9.0,-9.0,-9.0,-9.0,-9.0,-9.0,-9.0,-9.0,0.0
71.0,160.56332,14.0,58.773106,10.834317,0.0,0.0,100.0,-7.0,7.0,8.0,6.266827,0.0,33.0,11.286931,0.0,0.0,83.602615,-8.0,1.0,1.0,2.0,100.0,0.0
71.51399,167.22882,9.0,58.0,28.0,0.0,0.0,100.0,-7.0,7.0,8.0,26.0,6.91888,33.0,0.0,0.0,0.0,31.323809,71.30597,2.0,3.0,0.0,85.76505,0.0
76.03477,181.4265,3.0,86.36906,22.0,0.0,0.0,96.0,36.063343,6.0,6.0,22.865595,1.0,63.88977,0.0,1.0,1.0,13.480144,58.726772,5.0,2.0,0.0,80.0,0.0
70.0,207.59302,4.0,87.73845,13.0,0.0,0.0,66.69364,12.003349,6.0,6.0,16.0,1.0,52.479603,2.3370805,3.0,3.4659371,0.9422435,-8.0,1.0,2.0,0.0,75.0,0.0
89.0,277.42538,16.0,110.093315,16.0,0.0,0.0,100.0,-7.0,7.0,8.0,20.0,0.0,31.259369,-8.0,0.0,0.0,7.0,-8.0,5.0,-7.5305943,0.0,50.0,0.0
86.06653,171.62383,-8.026924,92.0,19.563374,0.0,0.0,100.0,-7.0,7.0,8.0,23.0,2.0,60.259438,2.0,0.0,0.0,22.977583,76.0,1.0,3.0,0.0,100.0,0.0
85.355385,197.02539,9.0,81.91802,14.1864395,0.0,0.0,100.0,-7.0,7.0,8.0,17.0,1.0,21.0,8.0,0.0,0.0,4.0,52.26733,0.0,2.0,0.0,22.208231,0.0
81.0,116.69308,7.0,56.995464,13.0,0.0,0.0,89.628456,25.850103,6.0,6.0,13.0,0.0,20.413553,0.0,2.0,1.0,1.0,-8.0,2.0,1.0,0.0,67.0,0.0
85.0,305.03854,3.0,83.49814,15.334084,0.0,0.0,100.0,-7.0,7.0,8.0,19.751217,1.0,14.0,0.0,1.0,1.0,14.1469,-8.0,1.0,1.0,0.0,76.13978,0.0
82.0,-8.350017,9.0,27.8885,10.432287,0.0,0.0,100.0,-7.0,7.0,8.0,10.0,1.0,23.0,0.0,1.0,1.0,8.0,51.42387,1.0,1.0,0.0,36.48275,0.0
71.308235,144.60927,5.0,63.0,28.0,4.506474,0.0,75.816124,40.307243,6.0,2.0,29.0,1.0829647,66.370384,0.0,2.0,2.0,13.070741,48.62619,2.0,5.0,0.0,80.0,0.0
64.0,76.41482,4.0,29.906944,7.0,1.0,0.0,89.0,4.0,4.0,5.0,10.0,2.0,52.961594,0.25545487,1.0,1.0,1.0,97.15536,2.0,2.0,0.0,80.0,0.0
-9.0,155.38138,5.0,52.562565,15.0,0.0,0.0,83.23823,-7.0,0.0,6.0,15.0,3.0,13.0,-7.0,0.0,0.0,74.97504,-8.0,4.0,1.0,0.0,58.963104,0.0
73.0,227.88547,16.843052,79.0,21.0,0.0,0.0,100.0,-7.0,7.0,8.0,24.0,2.0,27.491482,7.0,0.0,0.0,46.935123,-8.0,2.0,4.719232,1.0,43.955303,0.0
85.0,339.51807,13.0,99.29195,24.0,0.0,0.0,100.0,-7.0,7.0,8.0,24.0,0.0,24.0,2.0,0.0,0.0,19.0,94.69801,9.0,2.0,0.0,80.0,0.0
74.0,240.35579,9.0,77.75036,76.17201,0.0,0.0,95.0,56.28551,6.0,6.0,92.00199,1.0,21.0,3.0,0.0,0.0,16.504734,73.860016,11.0,2.0,1.0,58.0,0.0
86.0,286.4413,10.0,71.13937,11.0,0.0,0.0,100.0,-7.0,7.0,8.0,13.0,0.0,52.682346,0.0,0.0,0.0,0.0,-8.0,-9.0,-8.193398,0.0,-9.0,0.0
73.0,43.046898,3.0,37.318626,17.0,0.0,0.0,100.0,-7.0,7.0,8.0,17.0,5.0,27.0,0.0,1.0,1.0,59.13507,36.110607,4.0,1.0,1.0,80.0,0.0
59.699455,350.9252,7.0,95.4986,20.0,1.0,0.0,80.44205,17.60932,1.2478937,3.0,20.197557,1.0,47.0,0.0,4.0,3.9557984,51.719456,71.0,15.5396,2.0,4.5323477,83.77204,0.0
88.0,139.88242,11.0,96.19291,27.258078,0.0,0.0,100.0,-7.0,7.0,8.0,1.4871819,1.0,24.0,-7.0,0.0,0.0,2.2284095,-8.0,2.0,1.0,0.0,24.496574,0.0
74.061134,139.17969,4.0,-9.0,13.0,0.0,0.0,100.0,-7.0,7.0,8.0,14.0,2.0,25.788921,0.0,1.0,1.0,42.46738,75.45152,1.0,2.0,0.0,62.71244,0.0
86.0,112.32924,17.247879,61.0,10.0,0.0,0.0,100.0,-7.0,7.0,8.0,9.0,0.0,13.0,4.0,1.0,1.0,20.811913,-8.0,2.0,-8.0,0.0,50.0,0.0
70.92236,137.8391,6.0,61.692745,22.93798,0.0,0.0,100.0,-7.0,7.0,8.0,27.0,2.0,17.067055,0.0,0.0,0.0,52.45389,83.85976,11.0,2.0,3.0,62.110794,0.0
87.0,194.23422,5.0,69.51006,20.576544,0.0,0.0,100.0,-7.0,7.0,8.0,22.0,0.0,36.37999,12.470751,0.0,0.0,9.0,76.0,2.0,4.0,0.0,63.0,0.0
65.0,188.45471,4.0,79.34937,17.0,2.0,1.0,70.334,71.50008,5.0,4.460845,21.6438,3.0,0.04436958,0.0,2.0,1.0,46.66226,-8.0,5.0,1.0,2.0,86.745926,0.0
86.0,401.22415,22.107756,121.232925,24.0,0.0,0.0,100.0,-7.0,7.0,8.0,30.62074,0.0,6.0671525,-7.0,0.0,0.0,20.172586,-8.0,3.0,1.0,0.0,41.45289,0.0
85.0,376.85104,66.6285,170.1445,12.117421,0.0,0.0,100.0,-7.0,7.0,8.0,18.0,0.0,17.0,12.0,1.0,1.0,0.0,-8.0,-0.3149297,1.0,0.0,15.152588,0.0
71.0,162.68341,3.0,83.0,17.0,2.4712167,1.0,92.0,57.75074,6.0,2.0,24.0,2.840804,54.439102,-8.0,2.0,2.0,53.91934,80.0,4.0,2.7649004,0.0,67.0,0.0
-9.0,-9.0,-9.0,-9.0,-9.0,-9.0,-9.0,-9.0,-9.0,-9.0,-9.0,-9.0,-9.0,-9.0,-9.0,-9.0,-9.0,-9.0,-9.0,-9.0,-9.0,-9.0,-9.0,0.0
83.0,343.33966,2.0,77.0,22.0,0.0,0.0,100.0,-7.0,7.0,8.0,27.262062,3.0,36.737507,16.0,2.0,2.0,4.0,93.98419,1.8616266,2.0,0.0,50.0,0.0
86.0,214.099,3.0,100.0,27.0,0.0,0.0,100.0,-7.0,7.0,8.0,24.481787,3.0,35.0,5.0,0.0,0.0,4.0,36.507763,3.0,2.0,0.0,75.0,0.0
84.0,45.70052,4.0,58.344185,15.0,0.0,0.0,100.0,-7.0,7.0,8.0,5.0389695,2.0,40.88123,0.0,5.3130627,6.172509,0.67097145,-8.0,2.0,2.0,0.0,80.0,0.0
69.81703,397.24203,2.0,77.992615,44.049347,1.0,0.0,97.0,35.21411,6.0,4.3400836,48.426697,6.0,14.0,4.0,1.0,1.0,40.974823,-8.0,7.2589126,1.0,5.178629,41.517136,0.0
77.0,111.31722,1.0,58.0,18.0,0.0,0.0,92.702354,57.360336,6.0,6.0,22.0,5.666974,22.0,3.0,3.0,2.0,9.269761,67.236145,3.0,2.0,0.0,50.0,0.0
54.853615,252.08543,3.0,116.37157,22.0,0.0,0.0,86.63776,58.667118,6.0,6.0,29.761965,1.0,25.0,0.0,3.0,3.0,92.105644,98.11746,11.0,2.0,7.074602,89.892784,0.0
90.34908,161.43724,8.0,134.24918,13.0,0.0,0.0,100.0,-7.0,7.0,8.0,15.0,1.0,17.485464,10.583512,1.0,1.0,0.0,-8.0,1.0,1.0,0.0,29.547495,0.0
74.0,118.134766,2.0,41.396374,40.473415,0.0,0.0,100.0,-7.0,7.0,8.0,37.329052,5.0,36.086823,-8.0,1.0,1.0,8.617749,99.9129,4.0,4.0,0.0,63.0,0.0
71.0,174.71027,4.0,63.0,39.08835,0.0,0.0,95.0,23.432276,6.0,6.0,48.880966,4.0,38.0,0.0,1.0,1.0,19.968569,85.928566,5.0,6.0,0.0,92.86332,0.0
72.0,71.29844,1.0,140.51685,39.0,0.0,0.0,96.262436,3.0,6.0,6.0,6.987007,2.0,33.936844,0.0,14.881613,13.552136,59.51213,76.61486,7.0,4.0,1.0,83.0,0.0
69.0,121.86802,4.0,47.228878,29.17148,0.0,0.0,100.0,-7.0,7.0,8.0,34.0,4.0,45.170437,-7.0,4.0,3.7044504,50.45542,27.282938,5.8489122,3.0,1.0,85.37602,0.0
89.0,298.88373,11.0,124.13794,14.0,0.0,0.0,100.0,-7.0,7.0,8.0,11.0,0.64709383,45.0,0.0,0.0,0.0,10.0,94.1481,1.0,1.0,0.0,33.0,0.0
80.0,387.7039,15.0,120.233894,34.0,0.0,0.0,100.0,-7.0,7.0,8.0,30.0,0.0,17.0,-8.269973,0.0,0.0,9.298326,78.77549,8.835036,2.0,0.0,67.0,0.0
82.415344,192.24902,51.299633,149.17906,10.277434,1.3432361,0.0,92.0,72.265,6.0,3.0,8.0,0.0,42.0,7.814603,0.0,0.0,1.0,-8.0,2.0,-8.0,0.0,33.0,0.0
69.0,234.94586,7.0,72.44689,32.0,0.0,0.0,100.0,-7.0,7.0,8.0,27.0,2.0,50.0,-6.828154,3.0,3.0,46.176052,40.485256,3.0,2.0,1.0,50.0,0.0
87.0,281.455,5.0,88.259544,21.0,0.0,0.0,96.0,-7.0,6.0,6.0,18.0,1.0,46.4309,0.0,0.0,0.0,8.0,85.40499,2.0,3.0,0.0,58.0,0.0
87.0,180.35901,35.319004,79.174416,10.0,0.0,0.0,100.0,-7.0,7.0,8.0,10.721037,0.0,48.924164,16.434671,0.0,0.0,2.0,-8.0,1.0,1.0,0.0,33.0,0.0
72.0,150.29758,10.0,75.0,21.0,0.0,0.0,100.0,-7.0,7.0,8.0,28.0,2.0,9.8780155,0.0,0.0,0.0,51.004307,-8.0,7.0,1.0,4.0,77.06397,0.0
77.0,280.91745,4.0,95.17449,28.91121,0.0,0.0,100.0,-7.0,7.0,8.0,30.0,1.0,12.554216,18.372255,0.0,0.0,18.0,-8.0,4.0,1.0,1.0,35.50348,0.0
68.0,375.8921,6.0,99.58124,14.0,2.1930852,2.0,94.0,13.472486,5.0,5.0,16.0,2.0,56.52369,1.0,1.0,1.0,59.334133,-8.0,1.0,1.0,1.0,69.59002,0.0
73.0,173.72559,2.0,67.73703,24.81962,0.0,0.0,76.39656,-7.0,-9.0,4.9075828,34.965,3.0,27.0,0.0,2.0,1.0,7.411134,89.647026,1.0,3.3846095,0.0,42.889793,0.0
82.0,372.47958,5.0,64.861565,23.0,0.0,0.0,100.0,-7.0,7.0,8.0,22.444542,9.09941,39.30775,0.0,0.0,0.0,5.7727513,84.0171,2.0,6.0,0.0,40.0,0.0
59.364723,89.613556,5.0,49.80024,24.0,2.0,2.0,88.0,-7.0,0.0,5.9439216,34.586956,2.6243422,27.0,0.0,1.0,1.0,22.320879,99.53354,6.0,2.0,0.0,67.0,0.0
62.260788,189.41615,4.0,61.0,17.0,0.0,0.0,88.0,12.7209635,6.0,5.0,20.516329,3.0,27.0,0.0,6.014428,6.0918837,20.084307,50.960743,3.0,2.9550734,1.0,38.0,0.0
91.3898,181.67674,27.207767,98.22729,15.0,0.0,0.0,100.0,-7.0,7.0,8.0,17.920645,0.0,36.0,-9.0,0.0,0.0,4.0,37.2289,2.0,2.0,0.0,50.0,0.0
86.0,139.57683,8.0,70.0,33.621933,0.0,0.0,100.0,-7.0,7.0,8.0,38.0,3.0,32.867443,2.0,1.0,1.0,3.0,-8.0,4.0,1.0,0.0,40.0,0.0
78.0,217.94998,19.871506,79.38207,15.0,0.0,0.0,94.0,4.0,6.0,6.0,17.0,0.0,30.121784,-8.0,0.0,0.0,46.453182,75.75211,1.0,1.0,0.0,88.0,0.0
77.0,125.79815,6.0,103.1896,50.11109,1.0,1.0,100.0,-7.0,7.0,8.0,51.580482,3.0,35.0,0.0,0.0,0.0,30.728895,60.118473,7.0,5.0,2.0,67.0,0.0
78.0,268.39517,11.0,108.25994,33.0,0.0,0.0,100.0,-7.0,7.0,8.0,42.41013,0.0,25.617514,0.0,0.0,0.0,20.07494,88.0,7.0,4.0,3.0,67.0,0.0
79.0,233.89546,8.0,89.95364,18.0,0.0,0.0,88.0,3.0,4.0,6.0,19.117882,1.0,33.0,0.0,0.0,0.0,0.0,50.94119,3.0,4.0,0.0,60.0,0.0
90.46157,218.14574,47.97338,131.3574,7.617398,0.0,0.0,100.0,-7.0,7.0,8.0,2.787618,0.0,22.0,-8.0,0.0,0.0,0.0,-8.0,0.0,2.0,0.0,36.498825,0.0
74.0,297.3736,2.0,65.88402,14.0,0.0,0.0,100.0,-7.0,7.0,8.0,16.0,1.0,19.0,0.0,1.0,1.0,40.998688,-8.0,5.0,1.0,1.0,80.0,0.0
73.0,285.91544,7.0,94.57578,20.0,0.0,0.0,92.0,32.424282,6.0,5.0,21.0,2.0,29.583982,0.0,2.0,3.0,42.117664,95.599174,4.0,3.0,0.0,58.0,0.0
68.0,303.05795,2.0,64.158295,24.0,0.0,0.0,97.0,15.884948,4.0,6.0,25.0,6.0,18.0,0.0,4.0,4.0,11.0,61.71707,3.9959269,2.0,1.0,50.0,0.0
86.0,147.05554,2.0,83.00756,25.097593,0.0,0.0,97.0,12.124556,6.0,6.0,29.33568,4.0,75.02132,2.0,3.0,2.9882107,5.0,57.070984,2.0,6.0,0.0,75.65911,0.0
-9.0,-9.0,-9.0,-9.0,-9.0,-9.0,-9.0,-9.0,-9.0,-9.0,-9.0,-9.0,-9.0,-9.0,-9.0,-9.0,-9.0,-9.0,-9.0,-9.0,-9.0,-9.0,-9.0,0.0
-9.0,-9.0,-9.0,-9.0,-9.0,-9.0,-9.0,-9.0,-9.0,-9.0,-9.0,-9.0,-9.0,-9.0,-9.0,-9.0,-9.0,-9.0,-9.0,-9.0,-9.0,-9.0,-9.0,0.0
76.0,172.74521,2.0,67.71226,52.491554,0.0,0.0,100.0,-7.0,7.0,8.0,62.914005,2.0,15.161686,1.0,3.0,3.0,1.0,60.386726,2.0,2.441867,0.0,67.0,0.0
89.78573,147.02827,1.0,108.483505,9.0,0.0,0.0,100.0,-7.0,7.0,8.0,12.0,1.0,10.44852,0.0,1.0,1.0,0.95536965,-8.0,1.0,1.0,0.0,33.0,0.0
65.0,298.2306,15.0,107.89824,23.0,0.0,0.0,79.063705,2.0,4.0,6.0,28.0,0.0,18.0,20.728216,0.0,0.0,25.0,88.0,9.0,4.0,2.9980023,67.97136,0.0
72.0,299.27985,2.0,79.0,63.179344,0.0,0.0,100.0,-7.0,7.0,8.0,68.231674,5.0,10.653278,0.0,5.0,4.0801163,11.0,-8.0,9.563663,2.0,1.0,35.778187,0.0
88.0,138.4006,11.0,100.80014,23.0,0.0,0.0,100.0,-7.0,7.0,8.0,30.138956,0.0,25.0,-7.0,1.0,1.0,8.0,46.65202,2.0,3.0392132,0.0,55.32733,0.0
85.0,307.45786,24.3459,111.51305,37.57643,0.0,0.0,100.0,-7.0,7.0,8.0,38.0,0.0,17.0,4.0,1.0,1.0,8.0,-8.0,3.0979564,1.0,0.0,36.896908,0.0
77.0,320.2794,6.862617,116.75467,14.0,0.0,0.0,96.0,0.48437983,6.0,6.0,16.0,2.0,9.634484,-7.0,0.0,0.0,19.0,-8.0,3.3001413,1.0,2.0,44.0,0.0
73.0,249.56062,12.0,94.5251,32.0,0.0,0.0,100.0,-7.0,7.0,8.0,32.0,0.0,14.0,0.0,0.0,0.0,51.898647,58.58715,9.0,3.0,2.0,71.0,0.0
72.0,147.01572,5.0,126.33029,16.0,1.3623767,0.6577186,82.38666,10.536878,4.0,3.0,10.07167,2.0,46.0,-7.0,0.0,0.0,1.0,94.61817,2.0,3.0,0.0,50.0,0.0
63.005127,-8.80458,3.0,-9.0,11.0,0.0,0.0,100.0,-7.0,7.0,8.0,13.1524935,4.0,24.0,0.0,4.0,3.9602606,35.80457,100.0,7.0,3.0,1.0,72.72333,0.0
77.0,199.54219,3.0,128.17107,28.0,0.0,0.0,100.0,-7.0,7.0,8.0,27.0,2.0,31.82144,0.0,0.0,0.0,21.0,88.0,6.0,3.0,1.0,56.008724,0.0
81.0,175.59178,13.362648,65.47337,29.0,0.0,0.0,100.0,-7.0,7.0,8.0,29.0,0.0,35.0,1.0,1.0,1.0,1.0,10.610283,4.0,2.0,0.0,50.0,0.0
73.0,141.44073,4.0,41.31391,28.0,0.0,0.0,97.0,29.35356,6.0,6.0,27.981794,6.0,33.0,0.3459483,0.0,0.0,28.0,51.5841,6.0,2.0,0.0,60.0,0.0
72.0,138.36946,8.0,54.735004,18.0,0.0,0.0,96.0,49.698315,6.0,6.0,19.777912,5.0,25.0,0.0,6.710053,6.5300007,44.253864,-8.0,5.0,2.0,0.0,63.0,0.0
83.00312,162.39357,2.0,129.25655,10.0,0.0,0.0,100.0,-7.0,7.0,8.0,9.0,0.0,21.415318,9.0,0.0,0.0,9.523343,-8.0,4.0,1.0,0.0,64.0,0.0
63.0,277.76254,8.0,97.1084,15.0,1.4562008,2.0,90.0,8.198337,0.0,3.0,16.0,2.0,50.0,0.0,0.0,0.0,42.061245,71.0,5.4295692,2.0,0.0,75.10839,0.0
66.65169,164.65996,12.0,71.00095,35.454132,1.0,1.0,100.0,-7.0,6.0,6.0,30.0,0.0,60.990036,0.0,0.0,1.0,18.124035,74.56815,2.0,2.0,0.0,54.59983,0.0
86.0,247.86287,5.0,86.0,13.0,0.0,0.0,100.0,-7.0,7.0,8.0,15.0,2.0,9.081182,4.831991,1.0,1.0,14.408924,48.22952,3.0,1.0,0.0,75.0,0.0
69.0,127.71571,1.0,52.870396,32.03844,0.0,0.0,95.0,-2.5266013,6.0,6.0,33.0,9.760495,23.32495,1.0,1.0,1.0,60.051926,138.37566,4.0,3.0,0.0,64.86773,0.0
79.0,133.08856,2.0,76.0,31.65326,0.0,0.0,100.0,-7.0,7.0,8.0,20.0,5.0,17.0,2.0,0.0,0.0,25.568316,100.0,4.0,2.0,0.0,50.0,0.0
74.03407,177.20474,9.0,79.0,32.0,0.0,0.0,97.0,35.97566,6.0,6.0,30.818707,1.0,14.0,0.0,0.0,0.0,22.48328,85.8313,6.0,2.9361649,0.0,57.0,0.0
-9.0,-9.0,-9.0,-9.0,-9.0,-9.0,-9.0,-9.0,-9.0,-9.0,-9.0,-9.0,-9.0,-9.0,-9.0,-9.0,-9.0,-9.0,-9.0,-9.0,-9.0,-9.0,-9.0,0.0
78.0,271.17453,2.0,93.0,19.0,0.0,0.0,100.0,-7.0,7.0,8.0,14.437169,2.0,16.0,0.0,0.0,0.0,16.488235,-8.0,1.0,1.0,0.0,17.061611,0.0
77.527054,135.94652,7.0,64.47815,-9.0,0.0,0.0,100.0,-7.0,7.0,8.0,0.44651493,2.0,75.17009,1.8734117,0.0,0.0,21.0,-8.0,1.0,1.0,0.0,91.946175,0.0
71.0,243.80463,8.0,112.616196,19.0,0.0,0.0,96.85358,47.87787,6.0,6.0,17.0,1.0,33.0,-7.0,0.0,0.0,62.245483,-8.0,12.6732025,3.0,9.727457,88.53825,0.0
92.86092,382.8082,21.276384,142.7758,22.0,0.0,0.0,100.0,-7.0,7.0,8.0,20.0,0.0,27.0,-7.0,0.0,0.0,0.0,-8.0,2.0,-8.0,0.0,-9.0,0.0
82.0,159.24338,5.0,98.20419,28.0,0.0,0.0,100.0,68.8716,6.0,6.0,15.0,1.0,37.0,3.809626,0.0,0.0,7.382108,80.13323,4.0,2.0,0.0,78.0,0.0
88.81507,180.60039,22.3996,93.30287,15.0,0.0,0.0,100.0,-7.0,7.0,8.0,15.322286,0.0,13.449747,0.0,0.0,0.0,9.61841,-8.0,2.0,1.0,0.0,59.07682,0.0
61.96074,234.03508,24.887665,158.41934,13.0,2.0448544,2.666292,86.73804,15.627928,4.0,5.0,11.876239,0.0,14.0,-7.0,0.0,0.0,61.951717,-8.0,3.0,1.0,1.0,75.0,0.0
-9.0,-9.0,-9.0,-9.0,-9.0,-9.0,-9.0,-9.0,-9.0,-9.0,-9.0,-9.0,-9.0,-9.0,-9.0,-9.0,-9.0,-9.0,-9.0,-9.0,-9.0,-9.0,-9.0,0.0
83.0,190.35222,5.0,83.05242,21.0,0.0,0.0,100.0,-7.0,7.0,8.0,24.0,1.0,15.0,-7.0,0.0,0.0,11.0,-8.0,3.0,2.0,0.0,50.0,0.0
-9.0,-9.0,-9.0,-9.0,-9.0,-9.0,-9.0,-9.0,-9.0,-9.0,-9.0,-9.0,-9.0,-9.0,-9.0,-9.0,-9.0,-9.0,-9.0,-9.0,-9.0,-9.0,-9.0,0.0
70.96347,141.40369,7.8726215,68.12155,21.0,0.0,0.0,100.0,-7.0,7.0,8.0,23.0,2.8992543,21.0,0.0,3.0,3.1072326,40.924118,22.07103,7.61005,1.0,1.0,69.63135,0.0
74.0,204.16618,6.0,88.43748,32.0,0.0,0.0,96.638,4.697407,4.0,6.0,27.712017,1.0,33.0,8.0,0.0,0.0,18.315266,51.09716,6.0,2.0,0.0,67.67532,0.0
-9.0,295.64523,4.0,176.58353,38.659115,1.0,0.0,73.63698,5.7120314,0.6863445,5.0,35.461098,2.0,21.0,0.0,2.0,1.0,81.57432,-8.0,10.848346,2.0,3.0,78.74633,0.0
81.0,236.77324,6.0,79.764404,36.0,1.0,1.0,86.68184,23.252703,6.0,3.0,40.5058,2.0,40.0,-7.0,0.0,0.0,0.0,60.153175,1.0,4.0,0.0,58.0,0.0
80.35927,143.04677,11.0,85.17013,28.0,0.0,0.0,100.0,-7.0,7.0,8.0,30.0,1.0,64.82148,-7.0,0.0,0.0,8.0,88.0,2.0,11.8190365,0.0,71.34099,0.0
76.0,206.507,9.0,91.505875,10.0,0.0,0.0,93.0,-7.0,5.0,6.0,10.869016,2.0,62.880333,7.0,0.0,0.0,29.035519,6.440579,2.0,2.0,0.0,91.43008,0.0
73.14758,134.22377,6.0,56.91631,27.0,0.0,0.0,100.0,-7.0,7.0,8.0,26.0,3.0,44.876846,0.0,1.0,0.0,33.719864,95.33308,4.0,3.0,1.0,76.68195,0.0
70.0,395.6765,2.0,136.80302,39.0,0.0,0.0,97.0,17.865639,5.04885,6.0,39.098473,2.0,-9.0,0.0,0.0,0.0,1.0,-8.0,2.0,-8.0,1.0,33.0,0.0
71.0,190.33795,2.0,75.618256,14.0,1.0,0.0,85.43203,64.501305,6.0,5.0,14.0,1.0,20.0,0.0,1.0,1.0,25.979412,-8.0,6.0,1.0,1.0,86.52225,0.0
86.35167,418.475,13.38203,118.987686,21.0,0.0,0.0,100.0,-7.0,7.0,8.0,19.318584,0.0,29.0,1.0,0.0,0.0,17.0,-8.0,2.0,1.0,1.0,36.150608,0.0
70.0,106.646416,6.0,61.97967,23.0,0.0,0.0,100.0,-7.0,7.0,8.0,24.0,0.0,-2.7003586,-7.150614,0.0,0.0,94.53417,-8.0,8.0,1.0,9.525652,80.0,0.0
80.0,421.05527,11.0,110.7308,31.0,0.0,0.0,100.0,-7.0,7.0,8.0,41.7573,1.0,36.0,0.0,1.0,1.0,35.52715,84.00307,4.0,4.0,0.0,68.20903,0.0
70.14409,259.91757,6.4466205,199.56677,12.0,2.5985212,3.2113876,85.357445,6.7495866,6.0,2.0,16.0,0.0,15.0,6.329526,2.0,2.0,35.83542,115.02926,3.0,1.0,0.0,87.55838,0.0
75.0,174.11043,6.0,62.44762,23.0,0.0,0.0,88.0,19.486126,6.0,6.0,29.0,2.0,34.602608,21.607569,0.0,0.0,7.0,51.058167,5.0,2.0,0.0,78.23953,0.0
66.167786,254.32967,5.0,67.25781,21.0,0.0,0.0,89.79349,-7.0,4.0,6.0,20.60959,3.0,27.756086,0.0,0.0,0.0,8.215033,-8.0,4.0,1.0,0.0,30.990953,0.0
73.0,177.12129,4.0,70.05218,18.162922,0.0,0.0,100.0,-7.0,7.0,8.0,17.0,1.0,23.0,-7.0,0.0,0.0,48.94965,78.3316,3.0,4.0,2.0,79.00849,0.0
62.0,172.32489,5.6478086,84.0,30.398989,0.0,0.0,93.0,28.829685,6.0,6.0,30.0,2.0,42.0,9.297586,1.0,1.0,85.00569,-8.0,5.0,2.0,2.0,75.0,0.0
77.0,50.1937,-9.0,46.088345,8.0,0.0,0.0,100.0,-7.0,7.0,8.0,4.411984,1.0,23.733149,7.0,2.0,2.0,45.46688,88.86942,1.0,2.0,0.0,70.4804,0.0
74.0,211.249,2.0,45.653526,38.550194,0.0,0.0,100.0,-7.0,7.0,8.0,30.952965,4.0,24.0,0.0,1.0,1.0,32.092155,-8.0,5.0,2.0,0.0,75.0,0.0
85.0,221.20605,3.0,119.13796,25.492628,0.0,0.0,100.0,-7.0,7.0,8.0,27.0,3.0,25.0,5.0,1.0,1.0,6.0,57.81271,6.0,2.0,0.0,50.0,0.0
82.0,182.17578,1.6467729,61.0,16.0,0.0,0.0,100.0,-7.0,7.0,8.0,18.0,2.0,19.45112,0.0,2.0,2.0,16.0,100.0,2.0,2.0,1.0,42.502422,0.0
75.0,241.22774,6.0,64.79862,14.0,0.0,0.0,100.0,-7.0,7.0,8.0,13.0,1.0,72.954735,6.994631,1.0,1.0,46.39705,97.03945,2.0,3.0,0.16334508,81.61584,0.0
77.0,192.0321,2.0,49.004997,34.0,0.0,0.0,100.0,-7.0,7.0,8.0,31.0,1.0,14.7138,4.0,2.0,2.0,2.0,100.0,2.0,2.0,0.0,33.0,0.0
-9.0,-9.0,-9.0,-9.0,-9.0,-9.0,-9.0,-9.0,-9.0,-9.0,-9.0,-9.0,-9.0,-9.0,-9.0,-9.0,-9.0,-9.0,-9.0,-9.0,-9.0,-9.0,-9.0,0.0
83.0,173.17767,12.0,74.0,13.0,0.0,0.0,100.0,-7.0,7.0,8.0,14.786282,0.0,30.0,1.0,1.0,1.0,0.0,57.32111,1.0,2.0,0.0,35.74068,0.0
84.0,178.146,14.005211,81.0,35.34487,0.0,0.0,100.0,-7.0,7.0,8.0,15.0,1.0,23.190224,0.0,1.5295838,1.0,8.0,43.422985,5.0,2.0,0.0,38.0,0.0
85.0,187.17029,1.0,69.59497,36.112167,0.0,0.0,100.0,-7.0,7.0,8.0,46.065956,6.0,40.0,-8.0,2.0,2.0,6.0,93.0,5.184877,2.0,0.0,69.02894,0.0
-9.0,-9.0,-9.0,-9.0,-9.0,-9.0,-9.0,-9.0,-9.0,-9.0,-9.0,-9.0,-9.0,-9.0,-9.0,-9.0,-9.0,-9.0,-9.0,-9.0,-9.0,-9.0,-9.0,0.0
74.0,234.26791,2.0,67.63972,40.752453,0.0,0.0,96.87616,26.79744,6.0,6.0,35.0,2.0,9.457017,9.0,0.0,0.0,35.134083,37.031223,5.0,3.0,1.0,47.115227,0.0
79.0,115.84841,6.0,38.985638,10.0,0.0,0.0,100.0,-7.0,7.0,8.0,9.0,1.0415393,48.465008,0.0,1.0,1.0,13.170554,90.590645,2.0,1.0,0.0,70.929756,0.0
85.0,303.16605,7.0,108.71643,36.21872,0.0,0.0,94.0,33.44786,6.0,6.0,35.688675,2.0,43.653473,-7.0,0.0,0.0,0.0,79.83809,5.0,3.0,0.0,62.489326,0.0
86.0,183.81657,6.0,76.320175,29.0,0.0,0.0,100.0,-7.0,7.0,8.0,28.0,2.0,68.713684,12.0,0.0,0.0,9.0,88.0,2.0,5.0,0.0,75.0,0.0
73.0,373.84875,4.0,132.97704,-9.0,0.0,0.0,70.20648,9.376568,4.0,6.0,6.3667455,1.0,24.834019,0.0,0.0,0.0,0.0,18.71029,0.0,1.0,-8.0,57.0,0.0
72.0,288.51035,3.0,103.20412,15.0,0.0,0.0,92.0,9.071991,4.0,5.0,18.0,4.0,33.0,0.0,0.0,0.0,56.257256,82.0,3.0,2.0,1.0,76.005974,0.0
63.3806,406.2479,29.804077,145.11993,29.000307,0.0,0.0,88.0,15.041533,6.0,6.0,29.0,0.0,38.0,0.0,0.0,0.0,52.335384,-8.0,11.0,2.0,3.293304,80.46093,0.0
87.0,232.62154,5.0,118.85255,20.0,0.0,0.0,94.0,60.23992,6.0,6.0,24.0,1.0,27.766926,2.0,1.0,1.0,0.7668504,76.3386,2.0,3.0,0.0,58.0,0.0
63.0,168.41782,7.0,70.952415,-9.0,0.0,0.0,100.0,-7.0,7.0,8.0,-3.5335152,1.0,54.980347,0.0,1.0,1.0,103.26575,59.52781,2.0,1.0,0.0,100.0,0.0
-9.0,-9.0,-9.0,-9.0,-9.0,-9.0,-9.0,-9.0,-9.0,-9.0,-9.0,-9.0,-9.0,-9.0,-9.0,-9.0,-9.0,-9.0,-9.0,-9.0,-9.0,-9.0,-9.0,0.0
-9.0,-9.0,-9.0,-9.0,-9.0,-9.0,-9.0,-9.0,-9.0,-9.0,-9.0,-9.0,-9.0,-9.0,-9.0,-9.0,-9.0,-9.0,-9.0,-9.0,-9.0,-9.0,-9.0,0.0
78.35522,152.42578,17.0,68.9827,5.275962,1.0,1.0,100.0,-7.0,6.0,8.0,3.979218,0.0,14.0,0.0,0.0,0.0,11.0,-8.0,3.0,-8.0,0.0,55.235626,0.0
73.0,149.56396,3.0,77.0,14.0,1.0,1.0,100.0,-7.0,7.0,8.0,18.0,2.780373,63.078842,-8.0,0.0,0.0,22.000858,82.883736,2.0,3.0,0.0,75.0,0.0
75.0,312.44717,17.425106,157.03955,40.007584,0.0,0.0,100.0,30.6872,6.0,6.0,35.0,0.0,33.46805,9.556866,0.0,0.0,52.12332,-8.0,6.729849,2.0,1.0,75.0,0.0
73.0,289.121,2.0,93.0,31.392864,2.0,0.0,89.0,13.040154,6.0,3.252127,38.582455,2.0,50.0,0.0,0.0,0.0,27.2331,93.0,3.0,2.0,0.0,56.0,0.0
86.0,172.40242,4.0,100.0,22.0,0.0,0.0,100.0,-7.0,7.0,8.0,28.0,2.0,14.200958,-7.0,1.0,1.0,3.9013662,-8.0,1.0,1.0,0.0,33.0,0.0
82.76799,199.5514,149.45303,188.18407,6.0,0.0,0.0,88.23179,71.363304,6.0,6.0,6.4665575,0.0,67.54512,1.0,1.0,1.0,0.0,-8.0,-9.0,-8.0,0.0,37.273693,0.0
82.61579,202.21309,35.61398,106.473206,15.0,0.0,0.0,100.0,-7.0,7.0,8.0,17.0,0.0,25.0,-8.0,0.0,0.0,1.0,-8.0,1.0,1.0,0.0,57.296764,0.0
69.69542,155.24988,9.0,62.982258,28.536337,0.0,0.0,100.0,-7.0,7.0,8.0,28.488968,1.0,29.0,0.0,2.0,1.0,26.620373,60.60663,3.0,3.0,2.0,33.0,0.0
75.0,171.44377,16.661001,61.44605,23.0,0.0,0.0,100.0,-7.0,7.0,8.0,24.889914,0.0,63.790977,3.0,0.0,0.0,89.652306,70.1903,1.0,3.0,0.0,87.78772,0.0
88.0,188.02988,22.120913,75.217125,23.0,0.0,0.0,100.0,-7.0,7.0,8.0,22.397,0.0,27.0,-7.0,0.0,0.0,1.0,-8.0,1.0,1.0,0.0,40.0,0.0
87.0,367.60077,4.0,109.23986,32.0,0.0,0.0,97.0,59.253586,6.0,6.0,33.602177,1.0,17.0,0.0,1.0,1.0,0.0,-8.0,2.0,3.0,0.0,33.0,0.0
81.0,242.5217,16.0,89.96816,26.0,0.0,0.0,100.0,-7.0,7.0,8.0,29.0,0.0,55.69471,20.445826,0.0,0.0,11.043948,88.0,2.0,3.0,0.0,100.0,0.0
66.0,160.8914,5.0,59.772457,25.0,2.0,0.0,84.17087,36.845184,6.0,4.2131076,25.0,3.0,40.71158,0.0,0.0,0.0,47.241077,73.6481,9.892377,4.0,2.0,100.0,0.0
80.0,130.10315,6.3701077,41.809074,8.0,0.0,0.0,100.0,-7.0,7.0,8.0,4.5759983,1.0,44.0,-7.0,1.0,1.0,9.0,-8.0,1.0,1.0,0.0,71.0,0.0
75.0,25.441092,4.0,42.975185,49.34756,0.0,0.0,100.0,-7.0,7.0,8.0,49.04775,6.3018208,33.0,0.0,2.0,2.0,26.456715,54.483204,2.0,7.4011145,0.0,64.0,0.0
69.0,151.72346,3.0,49.678787,27.0,0.0,0.0,100.0,-7.0,7.0,8.0,23.0,6.0,22.0,0.0,4.0,3.0,39.344074,23.242437,6.997685,2.0,1.0,83.0,0.0
92.42046,197.3625,50.52274,114.97457,5.7220297,0.0,0.0,100.0,-7.0,7.0,8.0,3.1889532,0.0,30.0,-7.0,0.0,0.0,0.0,-8.0,0.0,1.0,0.0,67.0,0.0
64.0,351.30783,9.0,198.70198,18.0,7.255493,0.0,57.720573,9.324267,4.8157125,4.0,16.0,1.7613276,38.0,0.0,0.0,0.0,17.300295,77.68499,4.0,3.0,0.0,56.0,0.0
78.0,139.06479,13.5809355,68.54163,14.0,0.0,0.0,88.0,24.365286,6.0,6.0,15.0,1.0,37.0,6.641442,0.0,0.0,13.0,79.113495,1.0,3.0,0.0,50.0,0.0
-9.0,-9.0,-9.0,-9.0,-9.0,-9.0,-9.0,-9.0,-9.0,-9.0,-9.0,-9.0,-9.0,-9.0,-9.0,-9.0,-9.0,-9.0,-9.0,-9.0,-9.0,-9.0,-9.0,0.0
85.611,255.59543,9.0,88.02829,28.0,0.0,0.0,100.0,-7.0,7.0,8.0,29.0,1.0,17.0,9.0,0.0,0.0,2.0,-8.0,4.0,4.0,0.0,65.61185,0.0
62.33417,284.73825,20.947294,225.33641,16.751223,3.6818478,0.0,66.988686,1.0,4.0,2.0,26.0,0.0,12.996225,0.0,1.0,1.0,16.0,-8.0,3.0,1.0,0.0,30.180103,0.0
77.0,150.7047,6.0,64.47838,22.0,0.0,0.0,100.0,-7.0,7.0,8.0,28.0,1.0,56.584846,0.0,2.0,1.8394592,36.0,75.940414,2.0,2.0,0.0,75.0,0.0
74.0,194.74883,3.0,70.70036,24.94565,0.0,0.0,100.0,-7.0,7.0,8.0,21.40268,2.0,28.24885,0.0,1.0,1.0,54.042194,81.621315,6.0,2.0,1.0,88.475204,0.0
85.0,212.73845,2.0,68.0,17.0,0.0,0.0,100.0,-7.0,7.0,8.0,14.0,1.5031246,-9.0,7.0,1.0,1.0,5.0,-8.0,2.0,1.0,0.0,20.677145,0.0
75.0,275.52704,18.332695,84.0,32.0,0.0,0.0,100.0,-7.0,7.0,8.0,28.0,0.0,13.662229,15.809287,0.0,0.0,41.766975,-8.0,8.0,1.0,2.0,48.60431,0.0
86.41504,367.57837,4.0183706,116.38709,30.284237,0.0,0.0,96.0,24.254879,6.0,6.0,34.0,2.0,8.15468,0.0,0.0,0.0,9.490155,-8.0,3.0,-8.0,0.0,21.327238,0.0
83.0,232.6652,11.0,80.0,28.10379,0.0,0.0,100.0,-7.0,7.0,8.0,30.0,2.0,52.913307,1.0,0.0,0.0,15.312814,92.13269,4.0,4.0,1.0,67.0,0.0
85.0,307.8449,8.0,105.97195,25.0,0.0,0.0,100.0,-7.0,7.0,8.0,24.761652,1.0,17.0,-8.0,0.0,0.0,22.04949,71.48831,7.0,2.0,1.0,62.595177,0.0
71.685326,244.43999,34.64688,165.51782,15.156387,0.0,0.0,100.0,0.32648936,4.0,6.0,20.0,0.0,18.0,-8.0,0.0,0.0,64.28237,-8.0,3.0,2.0,2.0,71.0,0.0
75.0,170.25035,5.0,85.633354,41.956013,0.0,0.0,96.0,40.04521,6.0,6.0,23.0,2.0,22.0,0.0,0.0,0.0,16.704527,51.83514,4.0,3.0,1.0,43.0,0.0
71.0,-9.0,2.0,32.417873,-9.0,0.0,0.0,89.0,21.103813,6.0,6.0,4.613167,1.0,61.102173,0.0,0.0,0.0,19.396564,66.01044,1.0,-8.0,1.0,44.351627,0.0
72.0,138.7801,2.0,58.0,14.454144,0.0,0.0,93.0,2.0,3.2461457,6.0,15.0,1.0,58.871304,0.0,0.0,0.0,0.0,62.611618,1.0,3.0,0.0,73.0,0.0
66.0,257.66614,13.0,79.98771,25.0,0.0,0.0,86.480354,24.013943,6.0,6.0,34.0,0.0,41.528046,0.0,1.0,2.0,59.914467,71.86796,4.0,5.0,0.0,91.128746,0.0
77.0,485.81052,2.4569566,201.41318,25.0,0.0,0.0,100.0,-7.0,6.0,8.0,24.528528,2.0,14.0,7.7357817,0.0,0.0,15.0,80.501755,9.703127,1.0,0.0,86.0,0.0
88.0,121.47647,7.0,66.12799,13.0,0.0,0.0,100.0,-7.0,7.0,8.0,13.0,2.0,14.0,0.0,0.0,0.0,12.0,-8.0,2.0,-1.0473182,0.0,43.0,0.0
62.0,140.49591,5.0,70.0,15.418618,2.0,2.0,88.0,25.723103,6.0,2.0,19.0,1.2287339,35.705276,0.0,1.0,1.0,17.0,-8.0,5.0,2.0,0.0,81.49569,0.0
62.0,402.06857,2.0,82.0,46.65389,0.0,0.0,82.081215,28.86124,6.0,6.0,52.823383,1.0,45.758404,3.9516718,1.0,1.0,82.78249,96.7039,8.0,4.0,2.0,99.11249,0.0
81.0,391.90274,29.319822,319.2913,10.0,0.0,0.0,100.0,-7.0,7.0,8.0,13.0,0.0,13.0,0.0,0.0,0.0,44.60051,-8.0,3.0,-8.0,1.0,33.0,0.0
88.0,317.54956,3.0,66.886894,24.746569,0.0,0.0,100.0,-7.0,7.0,8.0,32.214302,4.0,30.0,0.0,4.0,3.6785054,2.0,94.60225,2.0,2.0,0.0,50.0,0.0
60.711494,143.74588,4.0,77.0,15.0,2.0,1.0,68.93407,0.60085976,4.0,5.0,21.0,3.0,58.96052,0.0,0.0,0.0,45.01828,-8.0,2.0,1.0,0.0,63.0,0.0
64.0,138.89328,3.0,83.0,17.0,0.0,0.0,85.04959,4.871828,4.0,5.0,7.0,3.0,46.0,17.713408,0.0,0.0,28.0,88.0,4.0,2.0,1.0,75.0,0.0
75.0,797.9806,-9.0,167.86246,35.502907,0.0,0.0,100.0,-7.0,7.0,8.0,38.0,1.0,17.0,0.0,2.0,2.0,46.136982,67.017815,9.0,2.0,3.0,56.0,0.0
-9.0,219.81314,7.0,84.0,35.53769,1.0,0.0,87.743774,44.359104,6.0,5.3325324,36.68621,3.0,45.488262,0.0,2.0,2.0,48.296734,-8.0,5.0,3.0,4.0,72.77788,0.0
77.0,167.52805,5.0,93.0,24.009886,1.7348015,1.0,93.69277,4.0,6.0,5.841831,23.448671,2.0,36.92303,-5.76757,0.0,0.0,20.823832,62.33475,4.0,3.0,0.0,69.08522,0.0
86.0,177.59378,2.5537658,87.686554,20.0,0.0,0.0,100.0,-7.0,7.0,8.0,22.0,2.0,14.0,1.0,1.0,1.0,12.0,-8.0,3.0,1.0,0.0,67.0,0.0
75.0,170.36162,2.0,119.9668,21.727697,0.0,0.0,93.0,23.71122,6.0,6.0,8.0,3.0,12.3584,12.0,2.0,2.0,29.718653,-8.0,8.0,1.0,0.0,60.0,0.0
69.08025,74.97013,5.4869776,-9.0,17.97019,0.0,0.0,100.0,-7.0,7.0,8.0,20.786583,10.4977455,20.0,18.45389,0.0,0.0,31.414343,93.319115,4.0,3.0,0.0,50.0,0.0
66.0,203.28429,3.0,77.0,10.0,3.0,2.7584834,79.86015,5.6526756,6.0,2.0,9.4211035,2.0,33.0,-7.0,0.0,0.0,13.092853,91.89806,4.0,2.0,0.0,67.0,0.0
76.0,404.42587,2.0,74.0,33.0,0.0,0.0,100.0,-7.0,7.0,8.0,38.0,3.0,39.0,-8.0,0.0,0.0,22.800219,-8.0,7.3573046,4.0,0.0,69.639656,0.0
65.0,117.22112,6.0,62.52364,13.080851,0.0,0.0,100.0,-7.0,7.0,8.0,15.0,2.0,20.615341,-7.0,2.0,1.0,73.38949,49.473858,8.0,2.0,3.0,100.0,0.0
81.0,292.5223,23.186708,140.1085,14.0,1.0,1.0,93.8578,40.565346,6.0,4.0,15.0,0.0,42.0,0.0,1.0,1.0,0.09236638,19.135529,1.0,2.0,0.0,56.0,0.0
79.0,125.64008,3.0,58.0,21.478872,1.0,1.0,100.0,-7.0,7.0,8.0,22.0,3.0,56.709583,9.341414,0.0,0.0,6.5871034,59.410847,4.0,3.0,0.0,88.0,0.0
81.0,180.9797,4.0,82.074036,39.034145,0.0,0.0,95.0,52.16537,6.0,6.0,50.31886,3.0,20.0,0.0,2.0,2.0,8.890974,97.808945,3.0,2.0,0.0,38.436493,0.0
84.0,219.41232,23.035412,180.52086,29.0,0.0,0.0,100.0,-7.0,7.0,8.0,9.0,0.0,46.0,-8.69901,0.0,0.0,5.171632,49.305542,3.0,2.0,0.0,54.07081,0.0
88.72149,187.16597,35.922474,111.25916,9.575373,0.0,0.0,100.0,-7.0,7.0,8.0,9.0,0.0,42.0,-7.0,0.0,0.0,5.0,-8.0,1.0,1.0,0.0,40.0,0.0
73.0,175.87332,0.04792514,56.76551,20.274956,0.0,0.0,93.0,50.151268,6.0,6.0,24.0,3.0,45.0,7.0,1.4626718,2.0,20.845047,86.38308,5.0,3.0,1.0,85.56255,0.0
86.0,221.14326,23.359657,134.60768,-9.0,0.0,0.0,100.0,-7.0,7.0,8.0,6.5006547,0.0,35.0,0.0,0.0,0.0,0.0,-8.0,1.0,1.0,0.0,43.177376,0.0
69.97237,371.53854,1.0,136.24236,41.499092,0.0,0.0,96.56834,41.884445,6.0,6.0,47.56059,2.0,24.0,0.0,2.0,2.0,36.0,92.7841,13.275693,2.0,3.0,70.0,0.0
75.83396,422.17044,5.0,108.96051,40.231174,0.0,0.0,100.0,-7.0,7.0,8.0,49.506577,2.0,30.0,17.595633,0.0,0.0,13.0,31.58267,5.0,3.0,0.0,46.189697,0.0
77.0,230.86894,4.0,152.67647,40.310818,0.0,0.0,100.0,-7.0,7.0,8.0,39.449978,2.0,24.0,0.0,3.0,2.0,37.775635,68.124664,8.284057,2.0,0.0,71.0,0.0
79.0,650.6306,9.0,97.455536,28.217442,0.0,0.0,97.0,58.390984,6.0,6.0,52.49286,1.0,40.0,0.0,1.0,1.0,57.605564,-8.0,4.0,2.0,1.0,56.0,0.0
82.83458,140.5905,11.0,76.0,17.7421,0.0,0.0,100.0,-7.0,7.0,8.0,19.0,0.0,41.0,-7.0,0.0,0.0,10.669372,-8.0,3.0,2.0,0.0,63.0,0.0
74.99445,250.07004,5.0,73.9507,36.0,0.09988934,0.0,88.70954,13.666603,6.0,5.0,46.155323,2.0,46.69111,6.952236,1.0,1.0,37.189503,82.60284,5.0,6.4619856,0.0,80.0,0.0
-9.0,-9.0,-9.0,-9.0,-9.0,-9.0,-9.0,-9.0,-9.0,-9.0,-9.0,-9.0,-9.0,-9.0,-9.0,-9.0,-9.0,-9.0,-9.0,-9.0,-9.0,-9.0,-9.0,0.0
66.76442,216.81888,6.1091814,80.74709,22.0,3.7019916,4.329128,95.0,68.12795,6.0,2.0,27.895782,3.0,16.0,4.0,2.0,2.0,49.046173,71.139305,5.0,2.0,2.0,69.04568,0.0
74.0,295.34674,-9.0,78.188225,10.285036,2.9408057,2.0,88.0,49.308228,6.0,5.0,16.330212,4.0,40.831615,-7.0,0.0,0.0,22.468174,-8.0,3.0,2.0,0.0,75.0,0.0
88.0,162.22713,14.0,86.0,16.0,0.0,0.0,100.0,-7.0,7.0,8.0,16.0,0.0,68.008385,4.0,0.0,0.0,40.931015,71.580414,2.0,2.0,0.0,60.0,0.0
90.700455,371.6551,25.109713,262.3005,13.694884,0.0,0.0,100.0,-7.0,7.0,8.0,19.0,0.0,35.0,5.4540806,0.0,0.0,2.0,-8.0,1.0,1.0,0.0,43.0,0.0
82.0,9.857301,12.0,77.465904,16.542204,0.0,0.0,95.35954,-7.0,4.0,6.0,20.04077,0.0,16.0,1.0,0.0,0.0,13.027065,-8.0,1.0,1.0,0.0,64.0,0.0
85.0,162.33708,7.0,69.092766,36.480515,0.0,0.0,100.0,-7.0,7.0,8.0,37.48109,3.0,43.0,0.0,4.0,3.24614,2.0,-8.0,1.0,3.0,0.0,23.090694,0.0
65.0,333.21396,5.0,120.357735,33.58262,0.0,0.0,90.0,56.083897,6.0,6.0,35.0,2.0,41.0,3.0,2.0,1.0,97.21176,96.319565,6.3650208,4.0,2.0,82.722565,0.0
87.0,116.67822,20.0,68.43756,12.0,0.0,0.0,100.0,-7.0,7.0,8.0,11.0,0.0,10.419311,-8.0,0.0,0.0,1.0,-8.0,2.0,1.0,0.0,53.842407,0.0
-9.0,-9.0,-9.0,-9.0,-9.0,-9.0,-9.0,-9.0,-9.0,-9.0,-9.0,-9.0,-9.0,-9.0,-9.0,-9.0,-9.0,-9.0,-9.0,-9.0,-9.0,-9.0,-9.0,0.0
62.238163,267.12527,1.0,120.62321,21.0,0.0,0.0,93.0,45.735992,6.0,6.0,14.0,1.0,24.0,0.0,1.0,1.0,75.940155,-8.0,4.0,1.0,3.551229,55.905266,0.0
83.0,286.49368,5.9220695,94.0,18.477629,0.0,0.0,100.0,-7.0,7.0,8.0,25.0,1.0,54.723896,0.0,0.0,0.0,19.867212,22.766438,3.0,4.0,0.0,80.0,0.0
88.0,294.58475,7.0,104.92189,33.085854,0.0,0.0,100.0,-7.0,7.0,8.0,34.573135,1.0,44.0,21.012264,0.0,0.0,4.0,82.08431,4.0,4.0,0.0,53.433605,0.0
73.0,-8.0,2.0,40.41142,21.0,0.0,0.0,92.0,82.7665,6.0,6.0,21.0,2.0,14.973528,5.0,1.0,1.0,22.959593,92.039375,1.0,2.0,0.0,63.0,0.0
66.0,201.57445,8.0,78.56333,19.0,1.0,1.0,90.23914,51.84837,6.0,2.8479853,20.0,2.0,37.0,2.0,0.0,0.0,39.169853,-8.0,5.0,3.0,0.0,67.0,0.0
85.0,222.08893,5.0,67.87595,32.0,0.0,0.0,100.0,-7.0,7.0,8.0,32.71334,2.0,25.0,-7.0,3.0,3.0,6.0,-8.0,1.3461332,1.0,0.0,-9.0,0.0
-9.0,-9.0,-9.0,-9.0,-9.0,-9.0,-9.0,-9.0,-9.0,-9.0,-9.0,-9.0,-9.0,-9.0,-9.0,-9.0,-9.0,-9.0,-9.0,-9.0,-9.0,-9.0,-9.0,0.0
70.0,173.16162,7.0,65.0,45.934742,0.0,0.0,100.0,19.525085,6.0,6.0,53.133457,4.3181643,50.0,1.0,0.0,0.0,34.116596,-8.0,3.0,1.0,0.0,50.373943,0.0
80.0,275.93988,4.0,82.0,63.580853,0.0,0.0,97.0,48.197765,6.0,5.2049236,62.033836,3.0,8.441957,0.0,1.0,1.0,3.0,84.02462,4.0,2.0,0.0,-9.0,0.0
73.0,116.95622,6.0,84.780914,9.0,0.0,0.0,79.530556,22.904694,6.0,6.0,9.0,2.0,49.64743,0.0,1.0,1.0,18.0,100.0,2.0,2.0,0.0,67.0,0.0
84.0,292.98788,2.0,106.93618,12.0,0.0,0.0,96.0,54.888027,6.0,6.0,14.0,1.0,31.497904,-7.0,0.0,0.0,29.649942,-8.0,2.0,2.0,0.0,100.0,0.0
91.947105,224.80815,10.0,109.71189,16.0,0.0,0.0,100.0,-7.0,7.0,8.0,28.0,1.0,28.0,-8.0,0.0,0.0,9.0,-8.0,2.0,1.0,0.0,58.68648,0.0
88.0,399.71698,5.0,74.0,30.240154,0.0,0.0,100.0,-7.0,7.0,8.0,40.344852,3.0,14.162007,1.0,3.0,2.0,6.0,-8.0,4.0,-8.0,0.0,42.80127,0.0
85.0,288.27332,3.0,97.12544,28.0,0.0,0.0,96.0,21.733309,6.0,6.0,28.0,1.0,19.833864,2.0,1.0,1.0,3.0,71.0,8.365751,2.0,0.0,75.0,0.0
87.0,328.59943,4.0,157.92879,21.0,0.0,0.0,100.0,-7.0,7.0,8.0,23.0,2.0,41.0,22.341825,0.0,0.0,13.703804,30.700094,2.0,1.0,0.0,80.0,0.0
79.0,25.23917,13.003963,49.73693,9.0,0.0,0.0,100.0,-7.0,7.0,8.0,8.760695,0.0,56.089508,1.1885468,0.0,0.0,0.0,-8.0,0.5168165,1.0,-9.0,40.0,0.0
84.06118,268.76608,2.0,139.14766,5.01366,0.0,0.0,100.0,-7.0,7.0,8.0,8.497709,2.0,38.837906,0.0,2.0,1.0,2.0,67.4213,1.0,1.0,0.0,42.04121,0.0
69.210884,171.66539,23.396616,154.31923,14.0,3.0,2.0,93.19036,38.828583,6.0,6.0,7.03707,0.0,24.0,-8.0,0.0,0.0,44.532288,32.25186,4.0,2.0,1.0,80.0,0.0
66.06399,64.6645,2.0,66.31639,-3.593371,0.0,0.0,85.9102,30.901386,6.0,6.0,8.0,1.426226,25.0,0.0,1.0,2.0,62.03768,-8.0,2.0,1.0,0.0,100.0,0.0
68.903915,160.45154,4.0,46.30483,13.0,0.0,0.0,88.977776,3.5372243,4.5741496,6.0,16.0,3.0,36.0,2.0,4.0,4.0,26.035908,-8.0,1.0,2.0,0.0,50.0,0.0
73.0,313.42056,11.0,134.94547,17.0,2.0,1.0,95.0,32.42796,6.0,5.6060753,19.0,0.0,15.787871,0.0,0.0,0.0,16.974752,65.28024,4.4947367,2.0,0.0,71.0,0.0
79.0,149.29199,7.0,77.0,14.0,0.0,0.0,100.0,-7.0,7.0,8.0,13.748283,1.0,33.0,1.0,2.0,2.0,42.28403,65.208595,2.0,2.0,1.0,91.912025,0.0
84.0,258.66956,1.9856528,165.756,19.047544,0.0,0.0,100.0,-7.0,7.0,8.0,17.0,1.0,13.242381,1.0,1.0,0.0,21.644655,-8.0,2.0,1.0,0.0,30.506678,0.0
68.527534,105.64623,3.0,64.47663,25.0,0.0,0.0,97.0,79.42217,6.0,6.0,30.0,2.0,75.24573,-8.0,1.0,0.0,86.308655,87.05199,4.0,2.0,2.0,100.0,0.0
85.0,134.98314,6.0,50.996307,19.0,0.0,0.0,100.0,-7.0,7.0,8.0,20.0,1.5892568,41.170177,23.771507,0.0,0.0,8.442406,87.67601,3.0,2.0,0.0,60.0,0.0
80.0,661.0758,30.77075,153.9047,20.32328,1.0,1.0,100.0,-7.0,6.0,8.0,23.148773,0.0,20.0,-8.0,0.0,0.0,4.0,83.762115,3.0,1.0,0.0,43.534817,0.0
82.44383,308.66605,4.0,86.14758,21.436487,0.0,0.0,100.0,-7.0,7.0,6.0,21.524216,1.0,36.07173,0.0,0.0,0.0,1.0,82.35625,2.0,2.0,0.0,50.0,0.0
67.0,166.50562,6.0,72.0,26.200275,2.9539204,0.0,89.327736,2.643763,4.0,2.0,29.0,2.2173278,47.665913,6.0,2.0,1.0,21.302319,70.77178,4.0,3.0,0.0,67.0,0.0
76.0,342.42484,6.0,129.33383,72.91366,0.0,0.0,100.0,-7.0,7.0,8.0,53.5213,3.0,25.0,0.0,0.0,0.0,25.0,76.0,10.431356,3.0,7.1316447,57.506134,0.0
75.0,195.43451,5.0,68.0,18.0,0.0,0.0,100.0,-7.0,7.0,8.0,21.0,1.0,0.0,0.0,3.0,2.7520452,41.015873,-8.0,3.0,1.0,1.0,43.0,0.0
89.0,181.1545,15.089255,110.88984,15.0,0.0,0.0,100.0,-7.0,7.0,8.0,17.0,0.0,40.0,2.4929402,0.0,0.0,0.0,-8.0,1.0,1.0,0.0,20.279749,0.0
75.782295,196.7552,26.168068,93.71174,10.723836,1.0,0.0,71.223755,17.373981,6.0,4.1982284,11.0,0.0,39.940998,-7.0,0.0,0.0,4.0,-8.0,2.0,2.0,0.0,50.0,0.0
80.27903,151.041,2.0,47.437424,20.0,0.0,0.0,100.0,-7.0,7.0,8.0,20.0,2.0,2.9522562,0.0,0.0,0.0,8.0,96.714005,3.0,1.0,0.0,40.0,0.0
74.57052,262.5548,1.0,82.0,35.29447,0.0,0.0,97.0,23.337416,6.0,6.0,40.91054,2.0,45.0,0.0,1.0,0.0,38.624645,83.12406,6.0,3.0,1.0,71.0,0.0
79.872604,130.33905,22.924553,100.980034,12.0,0.0,0.0,100.0,-7.0,7.0,8.0,-1.482886,0.0,37.0,-8.0,0.0,0.0,55.000633,35.59945,3.0,1.0,1.0,84.84752,0.0
78.0,31.290424,3.0,49.326294,20.0,0.0,0.0,100.0,-7.0,7.0,8.0,25.0,1.0,34.060875,0.0,1.0,1.0,34.628597,95.8406,3.0,2.0,0.0,72.28736,0.0
76.170815,141.3724,10.0,57.716587,13.0,0.0,0.0,100.0,-7.0,7.0,8.0,14.0,0.0,50.0,3.0,1.0,1.0,0.0,-8.0,-2.116026,1.0,0.0,23.358809,0.0
81.0,105.76083,3.0,61.876987,41.07509,0.0,0.0,100.0,-7.0,7.0,8.0,39.238453,10.729988,33.0,1.0,3.0,2.0,9.0,60.014267,1.0,3.0,0.0,41.788467,0.0
76.0,160.99051,7.0,70.0,5.719069,0.0,0.0,91.44299,53.01827,6.0,6.0,8.0,1.0,29.0,0.19582771,2.0,2.0,0.32642975,100.0,2.0,2.0,0.0,68.31178,0.0
75.0,221.47592,7.8999567,83.69349,21.0,0.0,0.0,95.0,81.46536,6.0,6.0,22.0,2.0,35.0,-8.0,0.0,0.0,28.0,-8.0,5.0,3.3422596,1.0,67.0,0.0
86.0,289.56747,8.0,126.934654,26.0,0.0,0.0,100.0,-7.0,7.0,8.0,27.166231,2.0,13.866503,1.0,1.0,1.0,8.0,84.03368,2.0,2.0,0.0,16.79047,0.0
72.29671,117.60072,6.0,23.265879,7.0,0.0,0.0,100.0,-7.0,7.0,8.0,7.473942,3.0,50.0,1.0,1.5957632,1.0,8.0,99.35039,1.0,2.1160486,0.0,96.76523,0.0
81.0,265.20203,46.970165,138.43103,12.696108,0.0,0.0,100.0,-7.0,7.0,8.0,14.0,0.0,35.791542,-7.0,0.0,0.0,22.087114,-8.0,4.0,1.0,1.0,100.0,0.0
77.0,147.27747,3.0,56.905876,15.0,0.0,0.0,98.06893,-7.0,6.0,8.0,15.0,2.0,50.0,12.0,0.0,0.0,28.0,83.52718,2.0,3.0,0.0,59.384953,0.0
72.0,231.22997,15.0,105.99027,11.0,3.0,2.8314912,82.28652,25.272903,6.0,-9.0,13.667974,0.0,36.0,21.104942,0.0,0.0,28.942099,-8.0,2.0,2.0,0.0,91.435455,0.0
71.0,195.00371,6.0,81.0,12.798312,0.0,0.0,92.0,33.58841,6.0,6.0,15.0,3.0,4.6533804,2.5731788,0.0,0.0,79.15926,90.58371,5.0,1.3168911,2.0,96.33282,0.0
78.0,413.13724,2.0,98.89909,67.28532,0.0,0.0,100.0,-7.0,7.0,8.0,65.61648,4.0,14.451473,0.0,1.0,1.0,12.0,-8.0,6.0,2.0,2.0,26.713104,0.0
82.0,473.31482,2.0,56.86659,30.63983,0.0,0.0,100.0,-7.0,7.0,8.0,25.449635,6.0,19.0,-8.0,2.0,2.0,7.301754,-8.0,4.0,4.0,0.0,50.0,0.0
76.0,228.6085,5.0,82.74166,28.0,0.0,0.0,92.0,2.7263527,6.0,6.0,38.0,3.0,48.169273,8.61324,2.0,2.0,8.0,-8.0,3.0,5.142512,0.0,59.431652,0.0
66.0,196.17622,15.0,74.0,19.0,0.0,0.0,91.811775,2.0,4.0,6.0,17.462132,0.0,40.0,0.0,2.0,2.0,28.0,62.440254,3.0,4.0,1.0,57.0,0.0
74.0,250.0632,2.0,63.0,33.044285,0.0,0.0,100.0,-7.0,6.0,8.0,29.226505,6.1280756,24.80707,0.0,15.167994,12.27804,17.472605,-8.0,3.0,3.0,0.0,43.0,0.0
88.83942,162.30318,11.509339,115.544365,20.0,0.0,0.0,100.0,-7.0,7.0,8.0,24.0,0.0,89.03442,2.0,1.0,1.0,0.0,93.0,1.0,3.0,0.0,80.0,0.0
83.0,167.64462,2.0,112.23593,11.0,0.0,0.0,100.0,-7.0,7.0,8.0,3.9916275,2.0,13.074338,0.0,3.0,3.0,8.0,-8.0,3.0,-8.0,0.0,55.298504,0.0
74.0,155.41045,2.0,57.008396,35.735176,0.0,0.0,100.0,-7.0,7.0,8.0,36.493725,4.786105,21.0,1.0,1.0,1.0,14.267523,100.0,5.0,4.0,1.0,50.513233,0.0
85.0,171.8063,2.0,50.189278,12.365813,0.0,0.0,100.0,-7.0,7.0,8.0,15.6556,3.0,24.59676,0.0,1.0,1.0,10.821819,-8.0,1.0,1.0,0.0,57.262966,0.0
80.0,236.89455,1.0,107.25604,24.0,0.0,0.0,94.0,18.741817,6.0,6.0,41.31656,2.0,53.150845,0.0,4.359888,4.0,7.0,59.962326,1.0,3.0,0.0,75.60724,0.0
69.5665,51.951412,1.0,43.372128,8.669337,0.0,0.0,100.0,-7.0,7.0,8.0,11.349141,3.0,22.0,0.92337024,3.0,3.0,4.0,-8.0,3.0,2.0,0.0,76.18462,0.0
68.0,229.19234,8.0,72.069756,48.95246,0.0,0.0,97.32406,16.331224,6.0,6.0,83.6853,6.0,38.0,0.0,1.0,1.0,44.795525,71.41622,11.0,2.0,4.263683,71.0,0.0
66.77672,131.55814,4.0,68.14407,8.0,0.0,0.0,82.546364,12.7066555,6.0,6.0,4.256097,1.0,45.167034,1.0,4.0,3.2441201,56.270435,53.969475,2.0,2.0,1.0,77.05228,0.0
73.0,226.59181,5.0,84.58572,45.13464,0.0,0.0,88.0,41.895107,6.0,6.0,48.574974,6.0,20.0,0.0,0.0,0.0,8.931323,86.19626,6.390675,3.0,0.0,48.76325,0.0
89.0,340.04572,7.0,117.045105,42.589733,0.0,0.0,100.0,-7.0,7.0,8.0,34.924683,1.0,13.0,0.0,0.0,0.0,1.8892527,-8.0,6.0,-8.0,0.0,23.350172,0.0
80.00169,170.11095,2.0,41.475075,21.0,0.0,0.0,100.0,-7.0,7.0,8.0,21.0,3.3909936,59.052593,-8.0,3.0,3.0,11.0,87.97215,1.0,14.460377,0.0,83.0,0.0
60.081505,181.31494,6.0,70.0,39.338707,0.0,0.0,92.12759,24.189707,6.0,6.0,33.0,6.0,13.0,-8.0,4.0,3.930397,23.140005,-8.0,9.0,-8.0,2.0,47.94811,0.0
74.0,128.90453,-1.5537354,79.51168,3.6633475,0.0,0.0,96.0,-7.0,4.0,6.0,3.781692,1.0,57.121056,9.0,0.0,0.0,32.09378,64.93151,2.0,2.0,0.0,100.0,0.0
71.0,109.89133,6.0,74.46534,18.0,0.0,0.0,87.82486,33.683815,6.0,6.0,20.473797,3.0,33.0,-7.0,1.0,1.0,36.0,-8.0,3.0,4.0,1.0,71.0,0.0
91.0,370.28955,25.269585,175.8067,13.651587,0.0,0.0,100.0,-7.0,7.0,8.0,14.0,0.0,17.0,1.0,0.0,0.0,10.295833,-8.0,1.0,1.0,0.0,36.975266,0.0
77.0,190.60597,3.0,55.70893,20.0,0.0,0.0,100.0,-7.0,7.0,8.0,22.0,2.0,75.54187,0.0,3.0,2.0,12.0,56.43016,2.0,19.05384,0.0,88.21667,0.0
76.0,296.37967,4.0,72.0,53.787098,0.0,0.0,100.0,-7.0,7.0,8.0,53.379215,4.0,27.0,0.0,2.0,1.0,11.0,68.096,7.0,2.0,0.0,33.0,0.0
72.0,159.84857,1.0,68.0,33.525635,0.0,0.0,97.0,48.960106,6.0,6.0,46.581184,2.0,29.0,0.2003604,2.0,2.0,63.67738,95.477806,4.0,3.0,2.9138951,67.0,0.0
83.0,208.86081,3.0,79.0,25.0,0.0,0.0,100.0,-7.0,7.0,8.0,25.0,2.0,25.177479,0.0,6.016733,6.3889985,6.0,-8.0,4.0,2.0,0.0,50.0,0.0
87.0,419.16086,8.0,164.96068,10.0,0.0,0.0,100.0,-7.0,7.0,8.0,11.0,0.0,35.82704,2.0,2.0,2.0,25.652966,-8.0,2.0,-8.0,0.0,67.0,0.0
80.41181,321.21878,6.0,167.09239,20.0,0.0,0.0,100.0,-7.0,7.0,8.0,22.0,3.0,28.0,20.671759,0.0,0.0,55.019253,-8.0,4.0,2.0,1.0,60.0,0.0
83.0,230.51837,6.0,101.27806,17.0,0.0,0.0,100.0,-7.0,7.0,8.0,21.998646,1.0,14.0,0.0,0.0,0.0,0.0,100.0,1.0,2.0,0.0,33.0,0.0
68.0,402.2886,30.894135,242.64044,24.931267,0.0,0.0,100.0,-7.0,7.0,8.0,23.499931,0.0,35.0,7.5837355,0.0,0.0,94.47724,-8.0,7.0,1.0,5.206141,80.0,0.0
79.0,196.28963,1.0,86.76291,11.687326,1.0,1.0,95.0,80.39625,6.0,3.0982056,13.683196,2.0,47.0,0.0,2.0,1.1729107,29.560148,-8.0,2.0,2.0,1.0,40.0,0.0
78.0,151.97374,3.0,56.633762,32.0,0.0,0.0,100.0,-7.0,7.0,8.0,23.17224,2.0,24.0,16.0,0.0,0.0,11.636034,67.95664,3.0,3.0,0.0,33.0,0.0
79.0,264.92203,3.0,115.807335,21.0,0.0,0.0,92.441696,2.3686154,6.0,6.0,22.0,2.0,33.0,0.0,0.0,0.0,8.04373,68.71016,6.0,2.0,1.0,75.0,0.0
83.0,199.41902,5.0,98.49753,9.0,0.0,0.0,100.0,-7.0,7.0,8.0,8.0,2.0,19.0,-8.0,0.0,0.0,25.46617,-8.0,4.0,-8.0,0.0,100.0,0.0
75.0,137.40387,6.0,60.728916,17.0,0.0,0.0,88.328125,32.764565,6.0,6.0,19.0,4.0,38.0,-7.0,1.0,1.0,10.0,31.039803,2.0,2.0,0.0,50.0,0.0
74.0,324.9757,26.425127,104.65623,27.0,0.0,0.0,94.0,16.392225,6.0,6.0,35.0,0.0,29.0,20.880049,0.0,0.0,56.392616,34.19963,3.0,2.0,0.0,75.0,0.0
77.92864,165.29224,1.3299607,52.64206,26.559914,0.0,0.0,100.0,-7.0,7.0,8.0,38.0,8.497326,21.0,0.0,5.0,4.949764,4.8324866,93.0,6.0,1.0,0.0,56.0,0.0
85.46372,316.265,9.0,119.5884,24.0,0.0,0.0,100.0,-7.0,7.0,8.0,31.888493,2.0,45.0,-7.0,0.0,0.0,4.0,72.790085,3.0,5.297518,0.0,67.0,0.0
72.0,479.0332,23.429161,255.55516,11.787193,1.0,0.0,82.43552,-1.807433,-9.0,5.0,14.0,0.0,11.0,12.223877,0.0,0.0,6.5848756,-8.0,4.0,1.0,0.0,50.0,0.0
71.0,153.58856,4.0,63.697353,36.0,0.0,0.0,100.0,-7.0,7.0,8.0,42.4926,2.0,31.0,-7.0,1.0,1.0,34.51777,87.45737,7.0,4.0,3.0,63.346333,0.0
87.2212,220.85402,15.0,84.0,27.0,0.0,0.0,100.0,-7.0,7.0,8.0,26.655146,1.0,16.74464,0.0,1.0,1.0,1.0,-8.0,2.0,2.0,0.0,33.0,0.0
63.88945,297.64362,15.0,90.33124,19.0,1.0,1.0,77.62592,3.3748312,4.2204647,6.0,21.253332,0.0,30.0,-8.0,1.0,0.0,19.760838,49.39024,6.0,3.0,1.0,70.0,0.0
66.8969,326.9985,6.0,110.0412,33.0,0.0,0.0,95.0,10.438959,4.0,6.0,32.633766,1.0,19.0,0.0,4.0,3.0,17.0,14.674326,8.0,2.0,1.0,86.0,0.0
-9.0,-9.0,-9.0,-9.0,-9.0,-9.0,-9.0,-9.0,-9.0,-9.0,-9.0,-9.0,-9.0,-9.0,-9.0,-9.0,-9.0,-9.0,-9.0,-9.0,-9.0,-9.0,-9.0,0.0
83.0,151.30208,11.972612,79.35916,11.480095,0.0,0.0,100.0,-7.0,7.0,8.0,9.017425,0.0,37.0,0.4123729,1.0,1.0,1.4219472,51.609913,2.0,1.0,0.0,44.89671,0.0
63.43774,171.65114,3.0,58.0,33.0,0.0,0.0,100.0,-7.0,7.0,8.0,39.810444,1.0,22.0,5.0,1.0,1.0,74.12897,44.647,5.0,2.0,10.354469,52.61627,0.0
79.0,161.63547,3.0,69.77699,27.04639,0.0,0.0,100.0,-7.0,7.0,8.0,32.13739,3.0,45.0,18.248583,0.0,0.0,21.0,65.51775,2.6033294,7.4188356,0.0,67.0,0.0
76.0,233.9785,5.0,110.91199,36.0,0.0,0.0,97.0,23.224943,6.0,6.0,38.9002,1.0,25.0,2.0,4.0,4.0,23.973866,-8.0,5.0,3.0,0.0,53.142677,0.0
-9.0,-9.0,-9.0,-9.0,-9.0,-9.0,-9.0,-9.0,-9.0,-9.0,-9.0,-9.0,-9.0,-9.0,-9.0,-9.0,-9.0,-9.0,-9.0,-9.0,-9.0,-9.0,-9.0,0.0
75.0,190.62384,1.0,118.29277,17.0,0.0,0.0,100.0,-7.0,7.0,8.0,19.0,1.786442,25.144753,0.0,2.0,2.0,12.0,100.0,8.0,1.0,2.0,80.0,0.0
87.0,99.83639,6.455387,52.346207,15.0,0.0,0.0,100.0,-7.0,7.0,8.0,14.0,3.0,18.891867,0.0,1.0,1.0,7.0,-8.0,4.0,-8.386388,0.0,48.88168,0.0
78.0,247.95827,5.0,109.96427,22.0,0.0,0.0,100.0,-7.0,7.0,8.0,24.0,1.0,22.0,0.0,1.0,1.0,18.373411,39.84204,11.0,2.0,2.0,64.0,0.0
68.0,402.31967,6.0,104.63125,21.0,0.0,0.0,93.0,8.760968,4.0,6.0,22.0,1.0,45.0,1.0,1.0,1.0,72.815094,84.80907,5.0,3.0,3.0,80.0,0.0
90.85687,252.736,25.815748,138.82343,9.159266,0.0,0.0,100.0,-7.0,7.0,8.0,8.1813965,0.0,0.0,9.0,0.0,0.0,0.0,-8.0,1.0,-8.620934,0.0,-9.0,0.0
74.0,218.51007,18.949512,112.9805,17.0,0.0,0.0,100.0,-7.0,7.0,8.0,28.0,0.0,57.253635,0.0,0.0,0.0,56.22896,-8.0,3.0,1.0,-9.0,100.0,0.0
88.0,196.56339,7.0,111.04327,20.0,0.0,0.0,100.0,-7.0,7.0,8.0,20.41295,1.0,43.01331,-7.0,0.0,0.0,3.0,87.93566,1.0,2.0,0.0,50.0,0.0
85.0,198.26747,1.1812048,71.0,7.88033,0.0,0.0,100.0,-7.0,7.0,8.0,8.0,1.0,29.0,3.0,1.0,1.0,16.0,-8.0,3.0,1.0,0.0,100.0,0.0
69.0,216.49826,13.079769,100.32128,19.745535,0.4241364,0.0,95.0,6.4354405,4.0,5.0,21.92503,0.0,40.0,5.7905407,1.0,1.0,44.952595,84.520615,1.0,1.0,0.0,57.0,0.0
70.0,192.91539,0.15975453,72.33458,52.053,0.0,0.0,100.0,21.135267,6.0,6.0,51.125416,7.935539,21.0,0.0,2.0,2.0,18.0,51.870857,9.0,2.0,2.0,42.292255,0.0
70.64362,392.30295,5.0,86.779236,42.93612,0.0,0.0,100.0,-7.0,7.0,8.0,47.767365,4.0,33.0,-8.0,0.0,0.0,53.12746,-8.0,9.0,1.0,3.0,57.137337,0.0
65.0,162.78586,7.0,58.0,14.0,3.46712,1.7832417,83.6989,24.013168,6.0,6.0,20.0,1.0,50.100475,0.0,1.0,1.0,6.0,-4.870832,0.07702834,2.0,0.0,50.0,0.0
63.0,92.327484,16.0,44.918423,14.0,1.0,1.0,94.0,3.3526006,-9.0,6.0,14.0,0.0,24.0,4.0,1.0,1.0,8.703102,-8.0,2.0,1.0,0.0,60.99771,0.0
63.03062,94.27709,25.578047,151.33855,14.0,3.5800693,2.4166377,80.54667,10.218327,5.3852253,2.0,7.9518013,0.0,47.0,-8.0,0.0,0.0,46.15226,46.939877,2.0,2.0,0.0,50.0,0.0
86.0,179.6381,40.642933,75.0,-9.0,0.0,0.0,100.0,-7.0,7.0,8.0,-9.0,0.0,-9.0,-8.0,0.0,0.0,8.951461,-8.0,1.0,-9.0,0.0,57.0,0.0
68.0,193.72758,3.0,97.0,32.222637,0.0,0.0,95.0,14.897059,6.0,6.0,30.0,2.0,31.16226,0.0,2.0,2.5277445,20.068605,-8.0,9.0,2.0,2.0,88.785385,0.0
77.0,314.47208,5.0,121.013145,16.0,0.0,0.0,90.0,17.971012,6.0,6.0,14.790932,2.0,50.0,0.0,3.0,3.0,23.885565,94.515076,2.0,4.0,0.0,100.0,0.0
-9.0,-9.0,-9.0,-9.0,-9.0,-9.0,-9.0,-9.0,-9.0,-9.0,-9.0,-9.0,-9.0,-9.0,-9.0,-9.0,-9.0,-9.0,-9.0,-9.0,-9.0,-9.0,-9.0,0.0
-9.0,-9.0,-9.0,-9.0,-9.0,-9.0,-9.0,-9.0,-9.0,-9.0,-9.0,-9.0,-9.0,-9.0,-9.0,-9.0,-9.0,-9.0,-9.0,-9.0,-9.0,-9.0,-9.0,0.0
76.243004,220.07243,23.702375,130.14442,21.0,0.0,0.0,98.0,50.234985,6.0,6.0,21.0,0.0,35.0,12.0,0.0,0.0,16.00613,79.32217,2.0,2.0,0.0,67.25217,0.0
75.0,292.38727,15.362854,135.97406,42.14664,0.0,0.0,91.0,12.603913,6.0,6.0,38.188606,0.0,56.899822,-7.0,3.0,2.0,21.867893,-8.0,5.5440545,2.0,0.0,71.0,0.0
83.97782,177.60652,5.0,63.0,34.45246,0.0,0.0,100.0,-7.0,7.0,8.0,38.40707,2.0,25.092556,4.0,1.0,1.0,6.0,75.77754,4.0,1.4857,0.0,44.0,0.0
80.99312,221.68156,4.0,92.43986,37.40943,0.0,0.0,100.0,-7.0,7.0,8.0,39.203045,2.0,25.0,0.0,0.0,0.0,17.0,99.02713,6.0,3.0,0.0,67.0,0.0
87.0,367.3702,11.241139,135.8627,26.0,0.0,0.0,100.0,-7.0,7.0,8.0,19.0,1.0,25.0,-7.0,0.0,0.0,0.0,71.0,3.0,4.0,0.0,52.697952,0.0
82.0,187.00035,97.71711,153.35367,11.648172,0.0,0.0,87.08342,30.567228,6.0,6.0,14.0,0.0,14.0,-8.0,0.0,0.0,13.16729,-8.0,3.0,-5.920319,0.0,57.0,0.0
87.0,223.25002,27.450525,105.3821,8.683339,0.0,0.0,100.0,-7.0,7.0,8.0,12.0,0.0,-9.0,2.0,2.0,2.0,2.0,-8.0,3.635162,-8.0,0.0,49.864033,0.0
72.45385,172.1644,6.0,86.0,15.0,2.0,1.4445132,89.53873,23.382624,4.0,5.0,21.0,1.0,34.269753,3.51973,2.0,2.0,10.0,-8.0,3.0,1.0,0.0,36.125854,0.0
82.0,99.99055,2.0,149.92136,13.0,1.0,0.0,95.0,27.339878,6.0,4.2343035,4.2983694,1.0,15.0,-7.0,1.0,0.86313087,0.0,14.636476,1.0,1.0,0.0,33.0,0.0
73.0,216.45522,2.0,86.1645,20.0,0.0,0.0,77.85127,3.8247557,4.0,6.0,24.0,5.0,25.0,15.348251,1.0,1.0,19.0,67.64857,4.0,2.0,0.0,50.84705,0.0
88.195076,560.1534,19.122509,175.46907,18.0,0.0,0.0,100.0,-7.0,7.0,8.0,21.0,0.0,33.55824,18.025057,0.0,0.0,5.0,-8.0,2.0,1.0,0.0,37.69223,0.0
70.0,139.96223,9.0,64.94639,22.0,1.0,2.0,95.0,18.013105,6.0,2.0,24.0,0.0,24.14306,-7.0,0.0,0.0,2.0,-8.0,2.0,1.0,0.0,31.173676,0.0
73.0,147.39064,1.0,76.0,14.0,0.0,0.0,93.0,12.928327,6.0,6.0,12.0,3.0,56.80409,0.0,5.8710833,5.775851,-3.9151158,52.389828,0.0,2.0,0.0,40.30131,0.0
81.0,30.833466,6.0,63.0,12.0,0.0,0.0,100.0,-7.0,7.0,8.0,4.3965826,2.0,22.0,-8.0,0.0,0.0,14.244531,-8.0,4.0,1.0,0.0,80.0,0.0
88.0,304.79633,14.348221,153.12282,16.0,0.0,0.0,100.0,-7.0,7.0,8.0,18.0,0.0,24.0,9.0,0.0,0.0,4.0,-8.0,2.0,1.0,0.0,40.780796,0.0
84.0,160.07513,2.0,72.47944,1.3928447,0.0,0.0,100.0,-7.0,7.0,8.0,11.0,1.0,14.582617,3.0,3.0,2.0,11.0,-8.0,0.0,1.0,0.0,50.0,0.0
89.0,135.0289,18.611317,65.0,14.0,0.0,0.0,100.0,-7.0,7.0,8.0,16.0,0.0,45.67219,0.0,0.0,0.0,0.0,-8.0,0.0,1.0,0.0,-9.0,0.0
86.0,120.82172,27.36171,76.94378,11.2725725,0.0,0.0,100.0,-7.0,7.0,8.0,13.162352,0.0,20.0,11.03896,0.0,0.0,3.0,-8.0,3.0,1.0,0.0,100.0,0.0
75.0,117.136154,2.0,54.670265,8.0,0.0,0.0,100.0,-7.0,7.0,8.0,11.0,2.0,42.0,4.62595,0.0,0.0,89.99482,36.47297,2.0,2.0,3.0,100.0,0.0
71.0,105.30847,5.0,67.0,14.0,0.0,0.0,90.81019,17.032183,6.0,6.0,15.0,2.0,42.89323,0.0,4.0,4.0,2.0,-8.0,1.0,1.0,0.0,43.0,0.0
78.0,295.9218,3.7722366,85.67253,60.555023,0.0,0.0,97.0,11.395199,6.0,6.0,57.48394,4.0,29.0,0.0,2.0,2.0,10.375957,56.449223,3.0,10.249837,0.0,50.0,0.0
-9.0,190.40767,6.8301673,60.261326,21.0,2.0,2.0,100.0,-7.0,6.0,8.0,26.0,2.0,31.0,-7.0,3.0,3.0,48.181255,18.819832,5.0,3.0,2.0,86.0,0.0
-9.0,-9.0,-9.0,-9.0,-9.0,-9.0,-9.0,-9.0,-9.0,-9.0,-9.0,-9.0,-9.0,-9.0,-9.0,-9.0,-9.0,-9.0,-9.0,-9.0,-9.0,-9.0,-9.0,0.0
68.0,225.69391,2.0,94.0,42.10513,1.0,0.0,86.182045,6.0,6.0,2.2223945,47.47301,2.0,32.0,0.0,2.0,2.0,52.13234,88.0,8.0,2.0,5.115588,50.0,0.0
83.72015,704.6853,27.192104,155.30203,26.0,0.0,0.0,100.0,-7.0,7.0,8.0,30.0,0.0,14.0,0.0,1.0,1.0,13.0,-8.0,6.0,-8.0,0.0,20.507246,0.0
88.0,208.05809,3.0,103.01423,14.0,0.0,0.0,100.0,-7.0,7.0,8.0,15.0,2.0,50.0,0.0,1.0,1.0,2.0,-8.0,2.0,1.0,0.0,75.0,0.0
85.0,162.37311,8.0,69.29829,18.0,0.0,0.0,100.0,-7.0,7.0,8.0,18.0,0.0,19.0,0.8170931,0.0,0.0,5.552501,84.04392,4.0,1.0,0.0,65.02341,0.0
73.0,100.82411,6.059314,61.66061,20.0,0.0,0.0,82.40559,6.4623017,6.0,6.0,20.0,2.0,-9.0,0.0,0.0,0.0,22.225616,-8.0,2.0,-8.743051,0.0,27.190283,0.0
71.0,189.20518,3.0,57.375202,17.0,3.3046663,3.9073966,92.13293,64.056175,6.0,2.0,22.0,3.0,29.0,0.0,1.0,1.0,14.283974,58.05974,1.0,1.0,1.0,40.0,0.0
80.0,144.78107,2.0,63.52574,32.0,0.0,0.0,100.0,-7.0,7.0,8.0,6.661783,2.0,23.0,-7.0,1.0,1.0,13.318199,-8.0,3.0,1.0,0.0,29.326899,0.0
63.568363,-9.0,28.982523,58.0,8.0,1.0,1.0,88.80706,44.600925,6.0,2.0,8.0,0.0,24.0,-7.0,0.0,0.0,61.54619,-8.0,5.0,1.0,3.0,100.0,0.0
79.0,203.31383,8.0,120.84314,-9.0,1.0,1.0,82.73504,49.44689,6.0,5.0,6.0750413,1.0,14.0,-7.0,0.0,0.0,41.13771,-8.0,1.0,-8.0,0.0,35.737206,0.0
73.0,265.22885,3.0,84.0,22.93532,0.0,0.0,94.2118,2.0,6.0,6.0,25.0,2.0,29.0,0.0,0.0,0.0,40.918846,75.26707,4.6656327,2.0,0.0,100.0,0.0
74.751236,168.58453,2.3040946,77.0,24.0,0.0,0.0,88.0,46.76965,6.0,6.0,8.0,2.0,67.918526,-8.0,1.0,0.0,16.0,64.77436,4.54174,4.952077,1.0,100.0,0.0
86.0,162.29506,15.286065,110.92065,14.215336,0.0,0.0,100.0,-7.0,7.0,8.0,11.0,0.0,-0.55695033,0.0,1.0,1.0,26.510315,63.73543,3.0,1.0,0.0,60.0,0.0
78.23452,147.72893,10.65498,70.0,14.0,0.0,0.0,100.0,-7.0,7.0,8.0,3.9836218,1.0,76.65964,-8.0,0.0,0.0,40.95886,48.883686,1.0,3.0,0.0,100.0,0.0
83.116776,211.5627,1.0,80.30858,21.0,0.0,0.0,100.0,-7.0,7.0,8.0,28.0,10.151338,22.0,0.0,0.0,0.0,19.0,76.10771,4.0,4.0,0.0,50.0,0.0
71.9546,255.54533,7.0,134.7441,20.231625,1.0,1.0,78.54481,6.2380433,4.0801444,2.0,22.0,1.0,35.765114,0.0,2.0,2.0,2.0,93.27805,6.0,3.0,0.0,91.15371,0.0
75.0,269.71246,28.427322,128.37497,9.0,1.0,1.0,82.18611,49.44371,6.0,3.0,11.0,0.0,28.166613,-8.0,0.0,0.0,26.62793,-8.0,2.0,2.0,0.0,72.15149,0.0
92.73763,206.71664,19.112686,106.824615,18.177948,0.0,0.0,100.0,-7.0,7.0,8.0,20.0,0.0,10.046558,2.0,0.0,0.0,2.0,-8.0,4.0,-8.0,0.0,29.631714,0.0
73.0,217.23656,102.54728,128.1185,14.746923,2.7165077,0.0,93.0,58.83077,6.0,2.8242998,15.0,0.0,31.0,0.0,0.0,0.0,38.362556,-8.0,3.0,1.0,2.0,40.81176,0.0
75.83895,168.81323,10.0,68.09306,13.0,0.0,0.0,100.0,-7.0,7.0,8.0,17.961306,2.0,33.0,9.885721,0.0,0.0,56.331936,-8.0,4.0,1.0,3.0,83.0,0.0
77.37669,390.26337,2.8942714,87.82912,25.0,0.0,0.0,100.0,-7.0,7.0,8.0,22.0,3.0,56.17803,0.0,0.0,0.0,13.321527,87.50947,3.0,4.0,0.0,71.0,0.0
85.0,263.5789,6.0,90.0,32.0,0.0,0.0,100.0,-7.0,7.0,8.0,37.496952,1.0,24.0,-8.0,0.0,0.0,1.0,-8.0,3.0,1.0,0.0,-9.0,0.0
72.0,121.09512,5.0,-9.0,8.0,0.0,0.0,100.0,-7.0,7.0,8.0,11.0,3.0,27.0,2.0,2.0,2.0,57.830997,84.591125,2.0,2.0,0.0,56.0,0.0
61.777542,266.202,3.0,77.533134,23.0,1.0,1.0,89.567024,5.5702534,3.9996207,6.0,25.0,2.0,24.0,0.0,2.0,2.0,24.808409,100.0,9.0,2.0,1.0,71.0,0.0
78.0,137.4182,11.0,82.27558,12.0,0.0,0.0,94.0,14.690213,6.0,6.0,13.793023,1.0,55.866127,12.0,0.0,0.0,19.489225,-8.0,1.2312162,1.0,0.0,75.0,0.0
81.0,288.22018,17.0,99.33612,32.0,0.0,0.0,100.0,-7.0,7.0,8.0,34.0,0.0,20.0,-7.0,2.0,1.0580646,7.5403533,-8.0,5.59438,2.0,0.0,67.0,0.0
83.77789,125.45551,8.0,68.65488,12.0,0.0,0.0,100.0,-7.0,7.0,8.0,14.693901,2.0,56.231613,3.0,0.0,0.0,34.79102,80.352486,3.0,2.0,0.0,100.0,0.0
69.0,265.44073,4.0,90.0,7.9048576,2.0,1.0,76.99219,17.165504,4.0,3.0,10.0,2.0,31.0,3.0,0.0,0.0,6.0,91.10125,2.0,1.0,0.0,67.0,0.0
78.0,171.74323,5.550103,60.433346,13.0,0.0,0.0,100.0,-7.0,7.0,8.0,15.0,2.0,44.0,0.0,0.0,0.0,40.39556,-8.0,2.0,-8.0,0.0,67.0,0.0
80.0,193.81386,6.0,60.709892,24.114185,0.0,0.0,93.0,24.983223,6.0,6.0,20.345814,2.0,22.0,0.0,1.0,1.0,0.0,93.5027,0.0,2.0,0.0,33.0,0.0
77.0,228.62804,9.0,116.013664,13.416849,3.618594,0.0,71.52301,32.70469,6.0,5.0,18.0,2.0,-3.371497,0.0,0.0,0.0,12.184488,-8.0,3.0,-8.0,0.0,44.0,0.0
84.37073,166.30893,2.0,70.818756,32.0,0.0,0.0,100.0,-7.0,7.0,8.0,37.29542,2.0,40.0,4.0,1.0,1.0,2.2465787,94.49528,1.0,2.0,0.0,50.0,0.0
75.0,226.2508,15.0,74.0,33.0,0.0,0.0,92.0,18.912207,6.0,6.0,45.094925,0.0,57.452595,-7.0,1.0,0.0,19.0,-8.0,4.0,1.0,0.0,73.519226,0.0
82.0,177.91412,8.1289015,70.0,16.0,0.0,0.0,100.0,-7.0,7.0,8.0,14.092704,1.0,19.0,6.771233,0.0,0.0,26.318754,-8.0,5.0,1.0,0.0,88.0,0.0
89.0,364.17584,25.292398,120.408844,13.0,0.0,0.0,100.0,-7.0,7.0,8.0,14.0,0.0,20.729324,16.360647,0.0,0.0,1.0,76.0,2.0,1.0,0.0,50.0,0.0
78.0,126.64574,9.0,56.184784,15.0,0.0,0.0,100.0,-7.0,7.0,8.0,16.0,1.0,36.0,8.863168,0.0,0.0,9.635332,-8.0,3.8070407,2.0,0.0,52.337402,0.0
71.0,223.87877,8.0,104.568665,19.0,0.0,0.0,100.0,-7.0,7.0,8.0,18.37107,1.0026994,33.0,9.0,0.0,0.0,76.63909,99.95046,3.0,2.0,4.7486477,75.0,0.0
66.0,53.75044,6.1472034,50.016697,6.0,0.0,0.0,100.0,-7.0,7.0,8.0,6.5299554,2.0,76.168076,0.0,2.0,2.0,0.0,-8.0,0.62300354,2.0,-9.0,56.0,0.0
69.0,90.04345,16.0,60.547546,14.0,0.0,0.0,78.65659,35.21175,6.0,6.0,16.502365,0.0,14.0,0.0,3.0,2.8379195,23.913431,-8.0,2.0,1.0,1.0,36.660824,0.0
80.0,212.24997,38.70544,92.0,44.919846,1.0,1.0,100.0,-7.0,-9.0,6.0,49.40815,0.0,64.2971,7.0,1.0,1.0,31.753613,51.974934,4.0,2.0,0.0,71.0,0.0
72.0,499.60153,13.28015,142.27106,37.09037,2.0,1.0,83.345955,-3.571565,4.0,3.0,37.416035,0.0,38.0,0.0,1.0,1.0,10.820169,34.708435,10.896467,2.0,0.0,64.70996,0.0
90.0,184.6779,6.0,122.65252,13.957567,0.0,0.0,100.0,-7.0,7.0,8.0,15.0,1.0,25.21099,0.0,1.0,1.0,8.987712,-8.0,3.151144,2.0,0.0,50.0,0.0
82.0,113.37648,4.0,61.971172,20.0,0.0,0.0,100.0,-7.0,7.0,8.0,24.0,2.0,36.0,-7.0,0.0,0.0,23.193665,-8.0,4.0,2.0,0.0,75.0,0.0
71.0,176.86046,2.0,76.414856,57.54966,0.0,0.0,100.0,-7.0,7.0,8.0,42.526405,2.0,46.0,1.0,5.0,5.0,32.0,33.114784,4.0,6.0,0.0,75.0,0.0
62.940292,153.71516,5.0,46.225807,27.0,0.0,0.0,94.0,-7.0,6.0,5.994019,24.0,3.0,49.808624,0.0,4.0,4.0,73.28573,82.82455,6.0,3.0,1.0,71.0,0.0
86.0,425.08667,3.0,98.438095,30.0,0.0,0.0,97.0,78.75396,6.0,6.0,27.581133,1.0,35.0,0.0,1.0,1.0,6.7761483,98.04736,2.0,3.0,0.0,44.876926,0.0
62.0,224.39626,6.0,106.197876,24.802677,0.0,0.0,84.92505,3.0,4.0,6.0,21.478096,4.0,29.0,1.0,2.0,2.0,60.99299,62.96558,4.0340176,2.0,1.0,91.84122,0.0
-9.0,-9.0,-9.0,-9.0,-9.0,-9.0,-9.0,-9.0,-9.0,-9.0,-9.0,-9.0,-9.0,-9.0,-9.0,-9.0,-9.0,-9.0,-9.0,-9.0,-9.0,-9.0,-9.0,0.0
77.0,207.7196,5.0,93.0,43.04252,1.0,1.0,100.0,-7.0,7.0,8.0,52.153107,1.9198519,46.830364,0.0,1.0,1.0,9.0,-8.0,4.0,1.0,0.0,39.08736,0.0
75.0,149.34146,5.0,72.0,43.742275,0.0,0.0,100.0,-7.0,7.0,8.0,50.965427,3.0,40.809357,6.0,0.0,0.0,22.96203,78.306786,5.0,3.0,1.0,80.0,0.0
77.67118,276.8812,3.0,84.0,16.0,0.0,0.0,100.0,-7.0,7.0,8.0,15.0,4.1079335,47.0,0.0,1.0,1.0,53.349117,88.0,4.0,2.0,3.0,81.3289,0.0
88.65961,165.23207,2.0,58.108326,15.0,0.0,0.0,100.0,-7.0,7.0,8.0,17.0,7.1753936,33.0,0.0,0.0,0.0,0.04686647,51.989655,4.0,3.0,0.0,71.0,0.0
75.92788,69.242355,4.49396,39.366558,21.0,0.0,0.0,95.0,22.12291,6.0,6.0,21.30628,2.0,18.0,0.0,0.0,0.0,0.0,83.66761,2.0,2.0,0.0,40.0,0.0
70.0,322.02438,3.0,117.854454,42.700237,0.0,0.0,92.14895,34.49754,6.0,6.0,52.935635,3.0,27.0,7.0,0.0,0.0,30.325397,-8.0,9.0,-8.958476,4.7070107,79.22649,0.0
69.6804,318.1119,5.0,83.790764,32.730034,0.0,0.0,100.0,-7.0,7.0,8.0,29.0,3.0,24.0,0.0,8.604044,6.8223114,42.10027,-8.0,5.0,1.0,1.0,47.216545,0.0
68.0,135.80246,4.0,65.0,20.0,0.0,0.0,100.0,-7.0,7.0,8.0,19.0,3.0,27.0,-7.0,0.0,0.0,38.00759,94.83053,6.0,2.0,2.0,60.0,0.0
76.0,479.1466,1.0,120.39807,22.748781,1.0,0.0,96.0,25.16326,6.0,2.1660779,27.0,3.0,11.015719,-7.0,1.0,1.0,9.660786,-8.0,5.0,1.0,0.0,53.50268,0.0
80.0,176.51118,31.816477,153.4644,8.0,0.0,0.0,90.0,0.61857176,4.0,6.0,12.080228,0.0,14.0,-8.0,0.0,0.0,1.0,-8.0,3.0,-8.0,0.0,67.0,0.0
73.0,289.22192,6.7977247,83.0,37.469048,0.0,0.0,96.137764,49.867695,6.0,6.0,49.38441,2.0,40.0,21.591114,0.0,0.0,73.00831,54.1781,5.0,4.0,2.0,100.0,0.0
90.0,373.075,33.33227,128.78568,32.266033,0.0,0.0,100.0,-7.0,7.0,8.0,3.9981554,0.0,24.0,15.169457,0.0,0.0,1.0,-8.0,4.0,1.0,0.0,33.0,0.0
81.14737,353.3577,3.188416,76.0,36.849884,1.0,1.0,97.0,82.91597,6.0,-9.0,35.0,10.164604,30.164036,0.0,2.0,2.0,16.0,80.0,5.0,7.0752997,0.0,65.47115,0.0
75.883575,143.78854,10.0,92.099144,12.996266,0.0,0.0,86.29556,52.64791,6.0,6.0,14.0,2.0,55.22659,0.0,0.0,0.0,41.97138,82.870926,2.0,3.0,1.0,75.0,0.0
59.860355,215.33511,5.0,145.81656,28.0,2.0,0.0,90.0,5.0496545,4.0,3.0,36.196568,2.0,23.660225,-4.3624444,1.0,1.0,67.39147,98.98807,4.0,4.0,4.0,63.99436,0.0
84.0,157.03404,10.0,72.03726,25.0,0.0,0.0,100.0,-7.0,7.0,8.0,26.076813,0.0,20.480927,-7.9108076,0.0,0.0,27.556557,37.93262,6.0,2.0,1.0,56.0,0.0
89.21481,303.1939,13.580183,119.05186,16.0,0.0,0.0,100.0,-7.0,7.0,8.0,17.0,0.0,21.7599,-8.0,0.0,0.0,0.16261107,71.269485,4.0,2.0,0.0,60.0,0.0
80.0,143.95822,5.0,114.46404,20.0,0.0,0.0,100.0,-7.0,7.0,8.0,20.0,1.0,31.520151,-7.0,1.0,1.0,40.93997,98.002945,4.0,2.0,0.0,69.828964,0.0
1.9926077,221.36583,7.0,86.27461,29.215197,1.0,1.0,86.437355,-7.0,-9.0,5.0,29.791462,2.0,25.0,5.2721877,0.0,0.0,51.822365,80.80182,4.264799,2.0,1.0,57.649624,0.0
80.0,125.75022,2.0,54.1151,51.49548,0.0,0.0,100.0,-7.0,7.0,8.0,50.74026,1.0,23.0,2.0,4.0,4.0,19.0,75.939606,4.0,4.0,1.0,67.0,0.0
78.0,313.50385,2.0,104.00895,30.0,0.0,0.0,94.0,22.436287,6.0,6.0,31.0,3.0,20.0,0.0,2.0,1.0786474,14.420644,17.419724,1.0,2.0,0.0,44.0,0.0
76.0,267.08932,7.0,71.89164,15.0,0.0,0.0,100.0,-7.0,7.0,8.0,16.0,2.0,40.0,0.0,1.0,1.0,29.290268,-0.06095139,3.0,2.0,1.0,78.0,0.0
88.44107,343.3081,50.490196,217.55705,13.0,0.0,0.0,100.0,-7.0,7.0,8.0,11.491821,0.0,33.0,8.523291,0.0,0.0,14.0,-8.0,1.0,1.0,0.0,40.0,0.0
76.0,223.22372,6.0,74.31195,12.0,0.0,0.0,80.98842,9.892626,4.0,6.0,13.0,2.0,64.697556,0.0,0.0,0.0,10.9538555,99.77711,1.0,3.0,0.0,77.11112,0.0
83.0,387.78168,2.0,176.13725,16.0,0.0,0.0,90.0,34.605576,6.0,6.0,9.776939,1.1776,20.0,0.0,5.0,4.742302,0.0,-8.0,2.0,2.0,0.0,60.0,0.0
74.0,158.46178,5.0,68.357346,21.0,0.0,0.0,100.0,-7.0,7.0,8.0,21.0,1.0,43.0,1.0,0.0,0.0,29.634789,56.931297,5.0,2.0,2.0,65.78453,0.0
70.62343,160.16725,10.0,68.0,20.0,0.0,0.0,100.0,-7.0,6.0,8.0,20.668716,1.3204077,22.0,5.0,2.0,1.0,28.865732,-8.0,1.0,2.0,0.0,58.0,0.0
74.0,293.92624,5.0,102.99533,29.0,0.0,0.0,95.0,24.932764,6.0,6.0,27.0,2.0,26.0,0.0,1.0,1.0,54.2202,-8.0,1.0,-8.0,0.0,43.0,0.0
73.0,159.42067,11.0,77.0,23.910828,0.0,0.0,97.0,18.039928,4.0,5.0,23.0,0.0,22.0,-8.0,0.0,0.0,40.93254,-6.1818943,1.0,1.912309,1.0,33.0,0.0
83.0,41.32576,19.710682,63.0,18.0,0.0,0.0,100.0,-7.0,7.0,8.0,15.0,0.0,33.0,-7.0,0.0,0.0,25.4061,-8.0,3.0,2.0,0.0,84.78614,0.0
86.0,118.74218,18.390932,65.0,14.0,0.0,0.0,100.0,-7.0,7.0,8.0,17.0,0.0,52.183235,0.0,2.0,1.0,14.0,-8.0,2.0,1.0,0.0,100.0,0.0
-9.0,-9.0,-9.0,-9.0,-9.0,-9.0,-9.0,-9.0,-9.0,-9.0,-9.0,-9.0,-9.0,-9.0,-9.0,-9.0,-9.0,-9.0,-9.0,-9.0,-9.0,-9.0,-9.0,0.0
82.0,292.2157,7.319551,199.43874,33.54837,0.0,0.0,97.0,65.58784,6.0,6.0,39.548027,0.0,45.0,0.0,0.0,0.0,1.0,-8.0,4.0,3.0,0.0,63.0,0.0
87.0,218.09373,5.0,88.01028,24.880356,0.0,0.0,100.0,-7.0,7.0,8.0,25.0,2.0,12.067706,0.0,1.0,1.0,3.0,-8.0,3.0,-8.0,0.0,33.0,0.0
85.0,177.203,15.0,197.42627,15.0,0.0,0.0,100.0,-7.0,7.0,8.0,12.682948,0.0,32.0,17.248453,0.0,0.0,36.0,-8.0,1.0,2.0,0.0,40.857956,0.0
80.0,368.29395,6.0,95.64603,46.364017,0.0,0.0,86.34983,-7.0,2.755564,6.0,52.721252,2.0,46.0,0.0,2.0,2.0,16.420824,76.55297,4.0,4.0,0.0,75.0,0.0
75.0,374.00732,8.0,91.30585,37.42641,0.0,0.0,96.0,14.675083,6.0,6.0,31.66043,1.0,24.0,3.568466,0.0,0.0,18.738403,-8.0,2.0,2.0,0.0,44.379684,0.0
79.0,189.7176,6.2758164,146.65959,24.0,0.0,0.0,89.0,52.64499,6.0,6.0,24.0,1.0,26.248545,9.103739,2.0,1.0,4.860733,61.6201,4.0,3.0,0.0,63.0,0.0
-9.0,-9.0,-9.0,-9.0,-9.0,-9.0,-9.0,-9.0,-9.0,-9.0,-9.0,-9.0,-9.0,-9.0,-9.0,-9.0,-9.0,-9.0,-9.0,-9.0,-9.0,-9.0,-9.0,0.0
74.0,271.952,-9.0,95.31652,28.378042,0.0,0.0,100.0,-7.0,7.0,8.0,33.75492,2.0,16.0,0.0,1.0,1.0,48.808643,94.96919,2.0,3.0,2.0,44.0,0.0
86.0,228.08392,15.0,102.75015,15.0,0.0,0.0,100.0,-7.0,7.0,8.0,16.2803,1.0,63.018597,2.0,2.0,2.0,0.0,78.52713,-9.0,4.0,0.0,40.0,0.0
80.42694,179.92015,8.0,63.739243,11.305428,0.0,0.0,100.0,-7.0,7.0,8.0,12.0,2.0,24.0,5.0,0.0,0.0,14.136847,72.53967,4.0,1.0,0.0,81.896034,0.0
73.0,172.39117,1.0,62.4074,28.0,0.0,0.0,100.0,-7.0,7.0,8.0,30.0,3.0,24.0,0.0,5.422424,5.0,28.22828,67.795296,5.0,7.739469,1.0,70.0,0.0
65.60127,140.22244,25.90194,81.0,34.0,0.0,0.0,94.0,15.932864,6.0,6.0,31.0,0.0,28.0,0.0,1.0,1.0,72.584785,-8.0,7.0,2.0,3.9043925,67.0,0.0
91.41438,220.64195,45.45004,117.80926,25.0,0.0,0.0,100.0,-7.0,7.0,8.0,26.0,0.0,-9.0,-8.0,0.0,0.0,0.0,-8.0,1.0,-8.0,0.0,-9.0,0.0
68.0,239.37836,3.0,69.96422,38.49465,0.0,0.0,98.91569,26.981329,6.0,6.0,33.0,6.0,50.0,-7.0,1.0,1.0,71.30608,-8.0,8.459308,5.2845855,5.8169074,78.09924,0.0
89.0,187.7642,18.584051,93.0,27.875248,0.0,0.0,100.0,-7.0,7.0,8.0,32.61622,0.0,31.0,18.451244,0.0,0.0,0.0,34.246037,2.0,2.0,0.0,60.0,0.0
67.08896,290.63217,5.0,87.106026,31.6965,0.0,0.0,86.026276,64.773415,6.0,6.0,46.250725,1.0,36.0,-7.0,1.0,1.0,32.0,75.74964,6.0,3.0,3.4958088,58.0,0.0
83.0,125.34749,2.0,72.0,16.07779,0.0,0.0,100.0,-7.0,7.0,8.0,18.0,2.0,61.912098,0.0,1.0,1.0,53.405056,104.36584,1.0,2.0,0.0,83.0,0.0
65.79556,155.11806,10.0,73.56669,18.0,1.0,1.0,100.0,-7.0,6.0,8.0,19.082092,0.0,36.174797,0.0,3.0,3.0,71.80198,-8.0,3.0,1.0,0.0,91.094955,0.0
74.12437,161.07065,7.0,63.0,22.0,0.0,0.0,93.0,16.864252,6.0,6.0,20.0,1.0,29.0,-6.418761,1.0,1.0,28.0,93.27439,4.83575,2.0,0.0,57.496212,0.0
70.0,305.47754,5.0,110.37797,28.0,0.0,0.0,94.0,17.235792,6.0,6.0,31.0,3.0,43.0,0.0,3.0,3.0,43.328438,-8.0,6.301798,3.0,0.0,74.981026,0.0
80.0,323.9706,1.0,105.07626,20.692137,0.0,0.0,94.0,59.58389,6.0,6.0,24.0,1.0,28.0,0.0,1.0,0.0,21.0,-8.0,2.0,1.0,0.0,36.445583,0.0
92.98052,337.9002,14.122856,160.88454,12.0,0.0,0.0,100.0,-7.0,7.0,8.0,11.0,0.0,10.902908,-7.0,0.0,0.0,0.0,-8.0,1.0,1.0,0.0,12.608418,0.0
75.0,288.38068,5.21699,106.26348,48.885365,0.0,0.0,98.362366,57.97685,6.0,6.0,47.904877,5.0,33.0,0.0,4.2707725,4.0,14.907605,51.675167,7.0,4.0,1.0,64.82501,0.0
87.0,196.80005,2.0,91.38197,20.0,0.0,0.0,100.0,-7.0,7.0,8.0,25.737242,1.0,23.043837,3.7732875,2.0,2.0,0.0,-8.0,1.0,1.0,0.0,21.12556,0.0
89.0,170.26045,3.4982338,113.306946,12.0,0.0,0.0,100.0,-7.0,7.0,8.0,20.0,2.0,13.61921,-2.7985163,0.0,0.0,1.0,-8.0,2.0,-8.0,0.0,40.0,0.0
70.0,132.32405,3.0,60.54322,11.0,0.0,0.0,100.0,-7.0,7.0,8.0,13.028707,2.0,40.0,-7.0,1.0,1.0,75.25475,27.266068,4.0,2.0,9.304067,91.25224,0.0
81.0,116.255356,0.089700244,58.519917,17.538603,0.0,0.0,94.0,45.219524,6.0,6.0,15.849327,4.0,20.0,1.7679226,1.0,1.0,3.0,84.02146,3.0,1.0,0.0,38.0,0.0
80.0,394.38092,4.3696833,84.0,8.0,1.0,0.0,93.298706,46.539406,6.0,4.0,11.0,1.0,33.602966,0.0,0.0,0.0,3.5979192,62.347897,2.0,2.0,0.0,63.0,0.0
70.79203,196.72876,7.0,103.12258,22.0,0.0,0.0,100.0,-7.0,7.0,8.0,26.188053,1.0,37.959415,0.0,2.492206,2.3325148,62.667812,-8.0,2.0,1.0,2.0,60.0,0.0
76.0,204.85544,20.169498,85.705956,29.0,0.0,0.0,100.0,-7.0,7.0,8.0,30.901588,0.0,15.0,0.0,1.0,1.0,44.643585,43.859848,5.0,2.0,2.0,50.0,0.0
62.0507,190.32909,2.6188357,72.0,24.0,2.0,2.0,82.071335,13.329356,6.0,4.8042355,25.953909,1.0,59.258347,0.0,3.0,3.0,41.704277,76.055786,4.0,3.0,0.0,100.0,0.0
78.62447,239.17009,5.738503,71.74312,13.0,0.0,0.0,82.71634,34.439865,6.0,6.0,12.850804,2.0,50.54916,16.0,0.0,0.0,14.899946,76.60132,3.0,2.0,0.0,93.147545,0.0
79.0,207.11061,8.0,66.251335,23.0,0.0,0.0,96.0,74.37894,6.0,6.0,27.0,3.0,31.0,0.0,1.0,1.0,7.05614,78.83834,3.0,2.0,0.0,53.820667,0.0
73.10498,216.53235,2.0,76.66534,24.781296,0.0,0.0,100.0,-7.0,7.0,8.0,30.0,2.0,14.0,0.0,1.0,1.0,32.0,57.950695,6.0,2.0,4.0,67.0,0.0
70.0,142.56734,2.0,57.44756,14.0,1.0,1.0,88.0,32.88766,6.0,4.0,12.159075,1.0,85.15054,0.0,2.0,2.0,30.8181,64.63996,2.0,7.3826404,1.0,99.16981,0.0
79.0,186.2606,35.172283,115.27076,24.0,0.0,0.0,93.0,33.449535,6.0,6.0,23.0,0.0,48.739605,0.0,1.7799886,1.0,0.0,-8.0,1.0,3.0,0.0,74.77765,0.0
81.0,162.51675,7.0,68.0,24.0,0.0,0.0,91.09787,41.011726,6.0,6.0,22.0,2.0,24.0,1.0,2.0,2.0,22.961521,76.0,1.0,2.0,0.0,50.0,0.0
80.0,197.33188,2.119246,81.0,22.0,0.0,0.0,100.0,-7.0,7.0,8.0,25.33245,3.0,55.59954,-7.0,4.0,3.0,27.416265,9.358182,4.0,2.0,0.0,67.0,0.0
68.82111,-8.582677,4.0,53.09062,19.0,3.3587282,4.3233957,86.32771,16.503048,5.9505577,3.0,7.974524,2.0,47.0,0.0,1.0,1.0,2.0,-8.0,3.0,1.0,0.0,50.0,0.0
81.0,188.53157,2.0,81.0806,26.0,0.0,0.0,100.0,-7.0,7.0,8.0,31.0,3.0,18.0,0.0,0.0,0.0,11.569634,93.66127,2.0,2.0,0.0,46.59238,0.0
68.0,163.43092,-6.152177,68.0,37.213123,0.0,0.0,96.0,46.667606,6.0,6.0,47.393856,4.0,40.0,0.0,3.0,2.8483615,51.38406,50.19146,9.0,8.307006,3.0,88.658455,0.0
61.45485,162.5156,9.0,44.870182,26.0,0.0,0.0,100.0,-7.0,7.0,8.0,27.579645,0.0,19.0,0.0,1.0,1.0,70.43394,67.196526,7.0,2.0,8.807518,71.0,0.0
-9.0,-9.0,-9.0,-9.0,-9.0,-9.0,-9.0,-9.0,-9.0,-9.0,-9.0,-9.0,-9.0,-9.0,-9.0,-9.0,-9.0,-9.0,-9.0,-9.0,-9.0,-9.0,-9.0,0.0
-9.0,72.03658,8.0,10.654481,7.0,1.0,1.8685826,84.44493,6.296625,4.0,6.0,7.620885,2.0,99.997604,0.0,0.0,0.0,55.90263,74.42411,1.0,4.0,-8.0,100.0,0.0
81.0,145.09258,29.19836,107.31817,13.0,0.0,0.0,100.0,-7.0,7.0,8.0,9.0,0.0,27.773504,0.0,1.0,1.0,24.310078,-8.0,0.0,1.0,0.0,31.930288,0.0
78.0,293.49896,6.0,93.0,31.0,1.0,0.0,91.0,23.148243,6.0,3.5417762,34.59554,1.0,18.0,23.966375,0.0,0.0,1.0,-8.0,2.0,1.0,0.0,31.960377,0.0
82.0,267.1399,15.0,112.27071,28.0,0.0,0.0,100.0,-7.0,7.0,8.0,29.0,0.0,27.407415,0.0,2.0,2.0,36.0,-8.0,2.0,1.0,1.0,44.0,0.0
73.0,305.50272,19.566732,109.4945,10.0,3.6151721,8.333957,82.48706,39.012962,6.0,-9.0,15.0,0.0,30.816038,11.312485,0.0,0.0,34.364716,-8.0,2.0,2.0,0.0,100.0,0.0
63.586845,280.17877,-9.0,103.31568,25.0,1.0,0.0,80.65426,0.74129885,3.2780657,2.7006397,29.0,3.0,25.0,0.0,1.0,1.0,6.0,-8.0,4.0,1.0,0.0,60.0,0.0
90.0,218.52394,14.0,139.8016,10.0,0.0,0.0,100.0,-7.0,7.0,8.0,9.163345,0.0,19.0,0.0,2.0,2.0,4.0,-8.0,2.0,1.0,0.0,100.0,0.0
76.202034,-4.0824623,1.6181438,16.986788,5.1591053,0.0,0.0,91.837036,23.733593,6.0,6.0,7.0,2.0,18.0,0.0,1.0,1.9469322,0.0,97.02474,0.0,1.0,0.0,37.616585,0.0
65.36338,210.1741,3.0,58.0,14.0,0.0,0.0,82.37726,44.30943,6.0,6.0,17.59125,3.0,-3.0471318,0.0,1.0,1.0,53.388714,-8.0,5.0,1.0,3.241213,64.14581,0.0
73.0,51.026775,10.0,43.363834,17.0,0.0,0.0,100.0,-7.0,7.0,8.0,21.0,2.0,39.0,0.0,4.0,4.0,16.0,72.22209,2.0,3.0,1.0,50.0,0.0
88.14717,220.75703,-9.0,118.58053,22.58155,0.0,0.0,97.0,11.103075,6.0,6.0,26.0,1.0,24.0,6.0,1.0,1.0,1.0,-8.0,1.0,1.0,0.0,25.0,0.0
65.0,53.55564,1.0,56.63082,6.0,1.0,1.0,100.0,-7.0,7.0,8.0,13.0,1.0,59.82964,0.0,1.0,1.0,62.234314,94.97553,2.0,2.0,1.0,90.37826,0.0
84.0,368.09357,1.0,120.78951,42.148636,0.0,0.0,98.0,16.655205,6.0,6.0,42.60458,3.0,24.918118,0.0,1.0,1.0,6.0,76.0,6.0,3.0,1.0,57.422726,0.0
86.0,117.335686,12.0,58.0,13.0,0.0,0.0,100.0,-7.0,7.0,8.0,14.0,0.0,71.351555,-7.0,0.0,0.0,0.0,-8.0,1.0,2.0,0.0,60.941566,0.0
75.0,133.29034,4.0,62.356148,11.509998,2.1119363,3.088105,88.770584,80.901146,6.0,-2.943428,14.0,1.0,20.0,0.0,1.0,1.0,24.394156,-8.0,1.0,1.0,0.0,48.228138,0.0
56.434574,144.21541,2.0,-9.0,17.0,0.0,0.0,95.0,25.371351,6.0,6.0,20.0,7.3178773,41.549053,1.0,3.0,3.0,55.83466,95.73831,5.0,4.0,1.0,75.0,0.0
-9.0,-9.0,-9.0,-9.0,-9.0,-9.0,-9.0,-9.0,-9.0,-9.0,-9.0,-9.0,-9.0,-9.0,-9.0,-9.0,-9.0,-9.0,-9.0,-9.0,-9.0,-9.0,-9.0,0.0
68.79962,263.75034,3.0,123.832535,29.0,0.0,0.0,92.11471,50.787216,6.0,6.0,27.644148,0.0,22.0,9.380143,0.0,0.0,85.515656,-8.0,9.428348,-8.0,4.7705326,86.01785,0.0
77.0,292.16302,3.0,75.0,34.97133,0.0,0.0,100.0,-7.0,7.0,8.0,42.42236,1.7254288,49.63645,14.946017,0.0,0.0,38.67853,49.39964,5.0,5.0,3.5763817,85.44131,0.0
89.0,236.2649,14.0,70.89775,20.489285,0.0,0.0,100.0,-7.0,7.0,8.0,19.0,0.0,17.0,16.0,0.0,0.0,1.0,-8.0,2.0,2.0,0.0,27.230137,0.0
68.13091,159.75755,5.0,70.0,23.0,5.637838,0.0,72.71871,33.483593,6.0,2.0,25.896107,1.0,31.0,0.0,0.0,0.0,18.0,81.56748,3.0,1.0,1.0,52.081406,0.0
78.0,125.59619,4.0,57.050415,21.0,0.0,0.0,99.6013,28.00368,6.0,6.0,28.783367,3.0,27.0,-7.0,2.0,2.0,11.862022,-8.0,4.0,1.0,0.0,61.635876,0.0
86.0,315.65347,17.784546,213.09554,23.0,0.0,0.0,100.0,-7.0,7.0,8.0,20.0,0.0,12.046165,-8.0,0.0,0.0,32.0,-8.0,8.0,1.0,1.0,63.14776,0.0
80.0,124.827965,6.0,66.3191,41.28508,0.0,0.0,100.0,-7.0,7.0,8.0,39.867645,2.0,20.237942,-7.0,0.0,0.0,0.26633066,-8.0,6.0,1.0,2.1180847,60.0,0.0
73.0,182.29813,8.0,94.73045,20.0,0.0,0.0,100.0,-7.0,7.0,8.0,22.0,1.0,11.473497,0.0,3.0,2.0,36.0,-8.0,9.0,1.0,2.0,67.0,0.0
83.0,356.62762,8.0,112.251526,30.460262,0.0,0.0,100.0,-7.0,7.0,8.0,24.0,1.0,25.0,4.0,1.0,1.0,11.630979,56.004814,5.0,4.0,0.0,83.14436,0.0
75.0,191.21309,17.133772,94.01367,33.0,0.0,0.0,100.0,-7.0,7.0,8.0,34.0,0.0,23.22197,3.0994525,3.0,2.3708165,36.40261,31.359413,11.213481,3.0,3.950902,82.68304,0.0
73.68639,125.2735,2.0,59.920425,33.0,0.0,0.0,96.0,68.214226,6.0,6.0,42.63886,3.0,43.16163,1.0,3.0,3.0,21.39635,-8.0,4.0,2.0,1.0,47.218307,0.0
70.0,147.46281,2.0,68.71187,14.0,1.0,1.0,85.83055,32.00642,6.0,2.0,17.0,2.0,40.50603,2.0,11.72198,10.243095,0.0,-8.0,1.0,2.5899796,0.0,77.65727,0.0
75.0,97.68582,15.989871,29.12509,13.0,0.0,0.0,100.0,-7.0,7.0,8.0,17.0,0.0,28.051367,0.0,2.0,2.0,63.10102,37.573418,1.0,2.0,0.0,57.50809,0.0
89.85294,439.73413,5.0,138.49637,29.0,0.0,0.0,100.0,-7.0,7.0,8.0,38.16972,1.0685798,49.85543,-8.0,0.0,0.0,4.018565,43.081856,2.0,4.0,0.0,75.0,0.0
87.0,246.51889,1.0,77.0,28.0,0.0,0.0,100.0,-7.0,7.0,8.0,26.427301,1.0,30.10904,2.0,1.0,1.0,0.0,-8.0,1.0,1.0,0.0,22.5884,0.0
91.0,166.28958,6.749288,89.59111,15.710773,0.0,0.0,100.0,-7.0,7.0,8.0,5.1326256,1.0,-9.0,12.0,0.0,0.0,9.387089,-8.0,2.0,1.0,0.0,56.0,0.0
77.0,361.03436,3.0070825,92.407936,19.0,0.0,0.0,100.0,-7.0,7.0,8.0,20.0,2.0,33.0,0.0,1.0,1.0,27.166582,57.46056,3.0,5.0,1.0,56.0,0.0
92.501564,205.61208,22.04421,94.0,21.0,0.0,0.0,100.0,-7.0,7.0,8.0,29.0,0.0,42.0,16.010986,0.0,0.0,10.990418,-8.0,1.0,2.0,0.0,57.0,0.0
84.0,109.33432,7.0,54.30638,-3.4843612,0.0,0.0,100.0,-7.0,7.0,8.0,3.9988027,1.0,60.65587,7.0,0.0,0.0,-8.869476,91.0,-9.0,2.0,0.0,83.0,0.0
79.0,354.52725,3.528816,90.48407,39.0,0.0,0.0,100.0,-7.0,7.0,8.0,35.168167,4.0,47.76468,0.0,2.0,2.0,13.077842,39.847336,6.0,4.0,0.0,77.47783,0.0
81.0,185.95682,11.0,81.19679,20.0,0.0,0.0,100.0,-7.0,7.0,8.0,19.0,0.0,21.0,0.0,0.0,0.0,27.008638,39.173374,6.0,1.0,2.0,100.0,0.0
69.56586,264.32578,2.0,79.0,47.172993,0.0,0.0,100.0,43.11141,6.0,6.0,54.456245,4.0,41.210835,3.0,2.0,1.8836097,53.79343,82.12509,8.0,9.135887,4.8146844,88.71253,0.0
76.82287,141.67607,2.0,54.91916,14.0,0.0,0.0,92.0,35.2834,6.0,6.0,15.0,2.0,37.0,1.0,1.0,1.0,8.0,80.73797,1.0,2.0,0.0,75.0,0.0
86.0,276.13367,5.0,111.47496,17.0,0.0,0.0,87.410835,16.076126,6.0,6.0,19.0,1.0,33.68861,0.0,0.0,0.0,6.0,75.47256,2.0,2.0,0.0,43.0,0.0
78.0,175.32483,6.0,76.0,51.992035,0.0,0.0,100.0,-7.0,7.0,8.0,47.38573,3.0,51.893703,0.0,2.0,2.0,0.0,90.38764,1.0,4.655122,0.0,67.0,0.0
58.764168,276.598,14.398709,115.481285,15.0,4.1744127,2.3475182,-9.0,6.846279,4.712721,5.0,29.364523,0.0,60.80958,0.0,2.0,2.0,71.45132,65.471245,2.0,2.0,2.0,100.0,0.0
80.0,225.0076,3.0,84.86087,18.872616,0.0,0.0,100.0,-7.0,7.0,8.0,22.0,2.0,43.0,0.0,3.0,3.0,2.0,81.986206,2.0,3.0,0.0,60.0,0.0
76.31675,91.6543,12.0,65.0,18.0,0.0,0.0,100.0,-7.0,7.0,8.0,15.0,0.0,35.288868,0.0,1.0,1.0,52.076775,-8.0,1.0,3.0,0.0,67.361336,0.0
-3.38181,151.90881,11.010697,89.48716,24.126715,3.2393727,2.4655523,83.26323,2.2117908,-9.0,5.0,26.567017,0.0,26.0,0.0,1.0,1.0,67.06347,-8.0,6.3953238,1.0,2.0,45.663013,0.0
89.0,363.54645,24.744501,116.14648,13.0,0.0,0.0,96.0,39.02541,6.0,6.0,16.0,0.0,24.0,0.0,2.0,2.0,0.7212935,-8.0,4.0,-8.0,0.0,41.18238,0.0
75.0,133.63042,10.0,57.038486,30.84891,0.0,0.0,100.0,-7.0,7.0,8.0,28.0,2.0,17.0,0.0,0.0,0.0,17.0,-8.0,5.0,-8.0,0.0,40.0,0.0
59.110462,322.59058,6.0,152.42204,25.0,3.118744,2.0,76.13415,13.003991,2.2437835,5.972468,11.0,3.0,42.31246,0.0,4.0,4.0,56.1112,38.982212,7.0,7.267377,1.0,81.06309,0.0
72.0,181.43927,12.0,88.589096,39.571117,0.0,0.0,100.0,-7.0,7.0,8.0,44.571968,0.0,54.077618,0.0,1.0,1.0,77.627235,65.95284,3.0,4.0,4.0,75.0,0.0
81.05208,354.22818,6.0,90.0,53.633713,0.0,0.0,97.132286,70.712944,6.0,5.9292855,55.725346,2.0,33.0,0.0,4.0,3.0,0.0,63.186405,1.0,3.0,0.0,38.0,0.0
83.0,151.9632,144.68542,107.9549,6.0,0.0,0.0,100.0,-7.0,7.0,8.0,8.933471,0.0,15.0,0.0,6.1239667,6.429743,11.0,-8.0,3.0,-9.0,0.0,82.89631,0.0
73.0,129.1685,8.0,67.208374,17.059889,0.0,0.0,100.0,-7.0,7.0,8.0,18.0,1.0,33.728127,0.0,0.0,0.0,68.33393,93.0,4.0,1.0,0.0,100.0,0.0
76.27772,188.45511,5.0,50.815212,22.0,0.0,0.0,97.0,52.33641,6.0,6.0,24.0,3.0,62.785053,0.0,0.0,0.0,12.0,87.46091,1.0,3.6412752,0.0,100.0,0.0
83.0,193.16504,8.0,79.975494,27.0,0.0,0.0,100.0,-7.0,7.0,8.0,25.0,0.0,30.37266,2.0,1.0,1.0,13.699385,80.29882,2.0,4.0,1.0,50.0,0.0
90.97971,119.71784,6.0,81.0,21.327015,0.0,0.0,100.0,-7.0,7.0,8.0,23.225851,1.0,40.642826,-8.0,0.0,0.0,5.0,51.331585,3.0,1.0,0.0,85.43957,0.0
62.0,239.47223,3.0,70.0,37.778866,0.0,0.0,91.36161,11.177797,6.0,6.0,35.7811,3.0,25.0,0.0,0.0,0.0,54.65858,-8.0,6.0,3.0,1.0,67.0,0.0
60.164883,128.97202,3.0,58.193375,20.0,0.0,0.0,100.0,-7.0,7.0,8.0,11.0,3.0,35.0,0.0,0.0,0.0,91.6951,71.81304,6.0,3.0,3.0,100.0,0.0
79.0,116.16616,1.0,55.6683,12.0,0.0,0.0,97.0,-7.0,7.0,7.0,14.0,2.0,55.806126,-8.0,0.0,0.0,3.0,93.0,3.0,3.0,0.0,83.0,0.0
88.0,165.98445,13.940785,93.0,19.0,0.0,0.0,100.0,-7.0,7.0,8.0,22.0,0.0,42.56855,0.0,3.0,2.0,6.0,-8.0,2.0,1.0,0.0,50.0,0.0
89.0,333.22296,13.454461,103.08487,18.0,0.0,0.0,100.0,-7.0,7.0,8.0,17.0,0.0,11.0,1.0,0.0,0.0,9.0,-8.0,3.0,1.0,0.0,44.0,0.0
68.0,165.8616,2.0,54.636948,29.0,0.0,0.0,100.0,-7.0,7.0,8.0,41.93972,5.0,30.0,0.0,3.0,2.0,32.0,85.28107,4.0,1.0,3.0,44.0,0.0
88.0,141.35962,34.225876,100.0,12.0,0.0,0.0,100.0,-7.0,7.0,8.0,12.0,0.0,43.0,-8.0,0.0,0.0,12.294139,-8.0,2.0,-8.0,0.0,80.0,0.0
75.0,152.28896,5.0,60.051586,50.446774,0.0,0.0,100.0,-7.0,7.0,8.0,55.2794,2.0,23.0,3.0,0.0,0.0,17.446342,91.0,4.0,2.0,2.0,36.27921,0.0
-9.0,-9.0,-9.0,-9.0,-9.0,-9.0,-9.0,-9.0,-9.0,-9.0,-9.0,-9.0,-9.0,-9.0,-9.0,-9.0,-9.0,-9.0,-9.0,-9.0,-9.0,-9.0,-9.0,0.0
65.33202,242.54362,11.0,66.12818,18.28714,2.151506,1.0,78.46243,19.888481,6.0,4.0,19.0,0.0,34.042774,0.0,0.0,0.0,53.09361,-8.0,5.0,3.0,3.0,100.0,0.0
75.0,254.85602,3.0,86.0,24.0,0.0,0.0,96.0,8.947808,6.0,6.0,23.896666,3.0,18.529158,0.0,1.0,1.0,28.0,80.0,2.0,1.0,0.0,43.649353,0.0
82.0,312.42435,3.0,89.94902,34.128254,0.0,0.0,100.0,-7.0,7.0,8.0,38.881886,3.0,50.08956,-8.0,0.0,0.0,18.88605,90.56086,5.0,3.0,0.0,78.14931,0.0
66.260635,147.23196,28.758823,63.071404,3.5089445,3.6361806,2.6184387,64.7093,22.297268,6.0,-9.0,8.0,0.0,67.78879,-7.0,0.0,0.0,0.0,-8.0,-0.44400355,1.0,-9.0,83.0,0.0
84.0,154.22296,6.4166493,60.24558,33.58449,0.0,0.0,100.0,-7.0,7.0,8.0,31.0,2.0,50.0,-7.0,0.0,0.0,0.0,33.15148,1.0,5.0,0.0,50.0,0.0
72.3928,111.35667,2.0,49.53022,42.110218,0.0,0.0,100.0,-7.0,7.0,8.0,51.64991,4.0,8.114247,2.0,0.0,0.0,21.437166,-8.0,5.0,2.0,1.0,46.38475,0.0
68.0,255.66418,16.615026,121.44101,32.0,1.0,1.0153174,84.59614,12.417611,6.0,2.0,30.768955,0.0,0.0,0.0,0.0,0.0,24.306017,-8.0,4.0,2.0,0.0,46.05141,0.0
85.0,435.80063,4.49893,120.473206,14.0,0.0,0.0,100.0,-7.0,7.0,8.0,21.0,3.0,20.0,0.0,1.0,1.0,1.0,71.421776,1.0,1.0,0.0,40.29099,0.0
78.0,416.53836,4.19504,91.50335,34.0,0.0,0.0,100.0,-7.0,7.0,8.0,44.361675,2.0,20.0,4.0,0.0,0.0,20.215727,96.71292,7.0,4.0,0.0,50.0,0.0
78.0,170.96103,8.0,37.65404,7.27955,0.0,0.0,100.0,-7.0,7.0,8.0,7.9582667,2.0,79.010735,7.0,0.0,0.0,32.0,89.97848,2.0,5.0,0.0,71.0,0.0
87.0,194.85822,14.0,104.90167,21.0,0.0,0.0,93.0,33.09706,6.0,6.0,24.0,0.0,20.829987,-8.0,0.0,0.0,2.0,-8.0,3.0,2.0,0.0,44.0,0.0
83.0,108.08998,29.76185,79.62063,16.04896,0.0,0.0,100.0,-7.0,7.0,8.0,18.0,0.0,59.11884,-8.0,0.0,0.0,6.142214,37.029133,4.0,3.0,-8.0,85.35451,0.0
61.847836,116.2989,8.0,58.197517,23.0,0.0,0.0,100.0,-7.0,7.0,8.0,24.0,1.2564197,25.0,0.0,1.0,1.0,74.46912,68.30275,9.0,3.0,1.0,75.0,0.0
66.400795,149.91417,17.999313,103.2716,14.0,10.5617075,9.540225,-9.0,34.80249,6.0,2.0,19.0,0.0,74.13462,0.0,0.0,0.0,7.0,-8.0,1.0,2.0,0.0,100.0,0.0
85.0,296.24304,1.0,101.46023,20.426582,0.0,0.0,100.0,-7.0,7.0,8.0,22.0,2.0,39.0,0.0,0.0,0.0,3.0,71.0,1.0,2.2854593,0.0,35.760216,0.0
-9.0,-9.0,-9.0,-9.0,-9.0,-9.0,-9.0,-9.0,-9.0,-9.0,-9.0,-9.0,-9.0,-9.0,-9.0,-9.0,-9.0,-9.0,-9.0,-9.0,-9.0,-9.0,-9.0,0.0
78.0,371.349,7.0,98.670235,17.0,0.0,0.0,90.0,35.201057,6.0,6.0,24.0,1.0,12.4280205,2.0,1.0,1.0,11.0,-8.0,5.0,1.0,0.0,91.688866,0.0
76.0,425.16385,17.305483,154.81447,28.0,0.0,0.0,96.0,72.37498,6.0,6.0,27.0,0.0,52.199047,13.855747,0.0,0.0,31.792433,-8.0,4.0,2.0,1.0,69.04269,0.0
87.0,457.02994,16.25467,167.40889,9.754043,0.0,0.0,100.0,-7.0,7.0,8.0,12.0,0.0,42.0,0.0,0.0,0.0,0.0,17.98545,-2.2550416,1.0,0.0,40.0,0.0
-9.0,-9.0,-9.0,-9.0,-9.0,-9.0,-9.0,-9.0,-9.0,-9.0,-9.0,-9.0,-9.0,-9.0,-9.0,-9.0,-9.0,-9.0,-9.0,-9.0,-9.0,-9.0,-9.0,0.0
66.0,166.33504,17.394678,67.5572,26.0,2.6745253,3.1405208,94.0,22.997328,6.0,6.0,31.0,0.0,31.0,0.0,1.0,1.0,18.826977,79.67373,2.0,2.0,1.0,43.233093,0.0
75.0,-5.0819817,3.0,45.69906,23.0,0.0,0.0,95.0,53.353973,6.0,6.0,23.0,3.0,29.0,0.0,1.0,1.0,6.0,86.94558,6.0,3.0,0.0,50.0,0.0
82.80606,275.80548,11.0,83.78245,33.0,0.0,0.0,100.0,-7.0,7.0,8.0,41.467888,0.0,42.380444,-3.541843,1.0,1.0,16.0,71.0,9.0,3.0,0.0,69.87496,0.0
85.0,401.93738,6.0,139.38118,16.0,0.0,0.0,100.0,-7.0,7.0,8.0,22.0,1.0,27.0,-7.0,0.0,0.0,32.653454,-8.0,2.0,3.0,0.0,58.73133,0.0
71.0,147.98436,10.0,55.64129,25.0,0.0,0.0,93.0,78.28182,6.0,6.0,25.0,2.0,43.0,3.0,0.0,0.0,40.946102,81.09974,5.0,2.0,3.862307,60.0,0.0
81.050896,477.61496,4.0,87.92024,42.58766,0.0,0.0,97.50861,36.535435,6.0,6.0,60.01721,1.0,42.753426,0.0,0.0,0.0,7.0,-8.0,4.0,3.0,0.0,33.0,0.0
77.0,230.73477,19.93354,93.7339,15.0,1.0,0.0,86.70768,22.063917,6.0,5.0,19.0,1.0,17.0,-8.156965,0.0,0.0,19.543695,34.815845,3.0,2.0,0.0,60.0,0.0
76.61398,116.3051,2.0,57.076313,30.24654,0.0,0.0,100.0,-7.0,7.0,8.0,9.16224,4.0,39.0,0.0,12.09258,10.946027,1.0,94.93841,2.0,4.0,0.0,37.901196,0.0
80.0,95.883766,6.0,63.064426,29.231283,1.0,1.0,100.0,-7.0,7.0,8.0,12.0,1.0,18.0,2.0,1.0,1.0,1.0,-8.0,4.0,1.0,0.0,33.0,0.0
75.0,179.61911,13.0,84.0,15.0,0.0,0.0,100.0,-7.0,6.0,6.0,14.806378,0.0,50.087067,0.0,0.0,0.0,21.0,34.490852,2.0,4.0,0.0,67.0,0.0
72.0,225.84448,8.0,94.38232,40.377056,0.0,0.0,100.0,-7.0,7.0,8.0,17.0,3.0,29.0,0.0,3.0,3.0,45.156387,22.420265,10.177541,2.0,5.9346457,57.0,0.0
-9.0,-9.0,-9.0,-9.0,-9.0,-9.0,-9.0,-9.0,-9.0,-9.0,-9.0,-9.0,-9.0,-9.0,-9.0,-9.0,-9.0,-9.0,-9.0,-9.0,-9.0,-9.0,-9.0,0.0
82.0,239.11256,4.0,68.0,18.871857,0.0,0.0,100.0,-7.0,7.0,8.0,18.0,1.0,28.0,12.121521,0.0,0.0,13.0,55.322243,2.0,2.0,0.0,42.16393,0.0
75.0,252.0946,2.0,103.27267,28.0,0.0,0.0,97.0,0.4501139,6.0,6.0,23.0,1.0,30.324749,-8.0,0.0,0.0,54.254158,36.49906,7.0,5.0,2.0,71.0,0.0
82.0,189.16187,8.0,84.0,16.0,0.0,0.0,100.0,-7.0,7.0,8.0,14.343925,0.0,33.0,0.0,0.0,0.0,16.77117,-8.0,2.0,3.0,0.0,75.0,0.0
69.0,373.55994,3.0,81.8477,20.0,1.0,0.0,82.476555,21.763493,6.0,4.0,24.0,3.0,28.333864,1.0,0.0,0.0,2.0,53.133945,2.0,2.0,1.0,27.881104,0.0
-9.0,160.39372,6.0,104.54739,20.0,0.0,0.0,77.012596,4.0,4.0,6.0,23.0,1.0,35.199615,3.0,2.0,2.0,72.34942,75.38918,9.0,2.0,4.0,84.910034,0.0
88.069466,275.08774,15.861088,125.56808,14.0,0.0,0.0,100.0,-7.0,7.0,8.0,14.0,0.0,42.0,0.0,0.0,0.0,0.0,-8.0,1.0,-8.0,0.0,-9.0,0.0
77.0,115.60166,6.0,55.938896,14.0,1.4469478,1.0,88.0,25.643608,6.0,2.0,18.0,2.0,17.0,0.0,0.0,0.0,8.0,-8.0,1.0,-8.0,0.0,19.336267,0.0
71.0,62.852417,3.0,49.569878,14.717273,1.0,1.0,100.0,-7.0,7.0,8.0,17.0,4.0,36.6929,0.0,2.0,2.0,11.998592,69.27163,3.0,1.1041008,0.0,50.0,0.0
-9.0,165.04059,2.0,77.0,19.0,3.074018,2.0,70.40101,6.0,4.0,3.0,26.0,1.0,69.026726,-7.0,0.0,0.0,92.69044,-8.0,3.0,2.0,2.0,100.0,0.0
89.0,374.15256,4.0,94.94448,18.0,0.0,0.0,100.0,-7.0,7.0,8.0,19.0,1.0,31.0,0.0,0.0,0.0,7.3333774,-8.0,1.0,1.0,0.0,29.053806,0.0
73.0,176.85542,5.8589907,43.34937,20.0,0.0,0.0,100.0,-7.0,7.0,8.0,20.0,3.0,20.0,0.0,2.0,2.0,25.77383,76.56571,4.0,3.0,0.0,75.0,0.0
72.005104,242.56433,6.0,77.222404,23.0,2.0,0.0,87.65997,7.9546,6.0,-5.495652,26.0,3.0,38.0,0.0,0.0,0.0,13.0,64.608765,5.0,3.0,0.0,64.0,0.0
85.0,197.73387,3.0,42.69189,15.0,0.0,0.0,100.0,-7.0,7.0,8.0,17.0,3.0,16.049475,-8.0,0.0,0.0,11.0,-8.0,5.0,1.0,0.0,100.0,0.0
91.0,284.52826,12.0,104.67705,20.0,0.0,0.0,100.0,-7.0,7.0,8.0,23.0,0.0,30.0,7.0,0.0,0.0,1.0,-8.0,1.0,1.0,0.0,21.6409,0.0
72.99282,132.39854,20.643593,63.35275,12.0,0.0,0.0,85.72156,16.592644,6.0,6.0,12.0,0.0,53.17082,0.0,0.0,0.0,0.0,61.83781,1.0,3.0,0.0,75.0,0.0
78.0,147.8542,10.0,75.0,14.0,0.0,0.0,80.24153,32.869286,6.0,6.0,16.0,1.0,19.745548,-8.0,0.0,0.0,19.628407,-8.0,1.0,2.0,0.0011617042,54.50507,0.0
66.79192,147.1011,8.0,74.0,36.63847,1.0,0.0,96.0,24.858492,6.0,5.0,36.648876,3.0,41.0,0.0,2.346877,2.0,61.098526,45.250893,6.0,4.0,3.0,75.0,0.0
77.0,104.61519,11.0,41.892887,11.878566,0.0,0.0,100.0,-7.0,7.0,8.0,12.634474,1.0,33.0,0.0,0.0,0.0,67.503555,-8.0,2.0,2.0,0.0,85.25403,0.0
69.0,88.50474,15.851175,83.65339,19.0,2.0,0.0,78.80193,22.227505,6.0,3.0,17.0,0.0,89.21748,-7.0,0.0,0.0,5.0,12.058379,1.0,3.0,-9.0,81.416145,0.0
88.0,152.05469,17.388063,87.18982,21.0,0.0,0.0,100.0,-7.0,7.0,8.0,20.0,0.0,11.756592,-8.0,0.0,0.0,2.0,-8.0,1.0,1.0,0.0,43.0,0.0
70.0,228.89917,4.0,77.0,25.0,1.0,1.0,94.0,49.928406,6.0,6.0,23.0,1.0,18.0,3.0,1.0,0.0,32.327908,53.235058,7.0,2.0,1.0,56.30458,0.0
86.73399,288.11594,13.0,97.0,33.0,0.0,0.0,100.0,-7.0,7.0,8.0,34.679504,0.0,20.0,-8.0,0.0,0.0,8.216574,-8.0,2.0,1.0,0.0,33.0,0.0
74.0,172.13307,12.810294,68.90794,17.0,0.0,0.0,96.0,57.091797,6.0,6.0,18.0,0.0,19.099909,1.0,0.0,0.0,44.789787,-8.0,5.0,1.0,0.0,56.0,0.0
76.0,118.68813,8.0,51.84753,23.0,0.0,0.0,100.0,-7.0,7.0,8.0,28.933956,3.0,30.0,1.0,0.0,0.0,42.029526,94.02302,3.0,2.0,0.0,63.08378,0.0
82.0,343.0232,7.240272,78.513695,36.24693,0.0,0.0,100.0,-7.0,7.0,8.0,48.548183,1.0,25.0,0.0,3.0,3.0,8.0,-8.0,5.0,2.0,0.0,52.6016,0.0
75.0,175.75047,14.893871,100.97319,25.0,0.0,0.0,89.0,43.649307,6.0,6.0,33.0,0.0,49.126183,-8.0,0.0,0.0,28.0,-8.0,2.0,1.0,0.0,82.108116,0.0
79.0,107.45911,9.0,65.0,17.0,0.0,0.0,100.0,-7.0,7.0,8.0,19.0,1.0,68.909485,0.0,0.0,0.0,0.0,-8.0,0.0,2.0,0.0,38.0,0.0
87.0,301.9725,12.2937,149.17677,25.254627,0.0,0.0,100.0,-7.0,7.0,8.0,28.952871,0.0,43.031517,12.55767,0.0,0.0,15.0,75.37522,5.0,2.0,0.0,71.0,0.0
74.0,162.8057,4.0,53.488533,36.522236,0.0,0.0,95.0,29.42296,6.0,6.0,51.131287,5.455803,-9.0,-7.0,1.0,1.0,5.193122,-8.0,5.0,1.0,0.0,50.0,0.0
87.0,149.95485,8.0,69.2825,16.0,0.0,0.0,100.0,-7.0,7.0,8.0,16.747396,0.0,44.16649,0.0,1.0,1.0,7.298823,93.0,3.0,3.0,0.0,71.0,0.0
81.0,188.16008,4.0,79.76776,29.738113,0.0,0.0,100.0,-7.0,7.0,8.0,35.42029,2.0,24.0,8.0,0.0,0.0,13.358797,-8.0,3.0,2.0,0.0,38.0,0.0
74.0,139.63199,20.0,86.01887,15.0,1.0,1.0,95.0,12.794171,6.0,3.0,14.0,0.0,27.0,18.963577,0.0,0.0,46.32204,-8.0,2.0,-8.0,1.0,57.133396,0.0
91.0,392.88257,16.0,88.96557,12.0,0.0,0.0,100.0,-7.0,7.0,8.0,15.0,0.0,17.0,16.325035,0.0,0.0,4.0,-8.0,2.0,-8.0,0.0,47.785736,0.0
82.0,203.80815,18.638823,101.238686,22.0,0.0,0.0,100.0,-7.0,7.0,8.0,25.0,0.0,56.407543,7.0,0.0,0.0,11.701889,11.0557575,3.0,2.0,1.0,83.36116,0.0
72.0,162.04373,5.0,60.77845,27.672672,0.0,0.0,97.0,6.0,5.0,6.0,26.0,1.0,76.04076,2.404946,1.0,1.0,18.0,90.73141,4.0,3.0,0.0,85.8163,0.0
88.0,215.53365,19.071167,103.56124,15.0,0.0,0.0,100.0,-7.0,7.0,8.0,16.0,0.0,31.044874,0.0,0.0,0.0,17.818283,-8.0,3.0,2.0,0.0,60.0,0.0
88.0,314.29688,5.0,114.76304,11.0,0.0,0.0,100.0,-7.0,7.0,8.0,14.592782,2.0,0.0,-7.0,0.0,0.0,1.0,-8.0,2.0,1.0,0.0,29.806158,0.0
92.11453,178.6788,26.274279,97.52768,20.0,0.0,0.0,100.0,-7.0,7.0,8.0,9.0,0.0,21.352898,-7.0,0.0,0.0,3.0,-8.0,1.0,1.0,0.0,-9.0,0.0
72.086,191.90048,8.0,86.0,20.6543,0.0,0.0,88.0,36.284466,6.0,6.0,24.0,1.0,36.473167,16.0,0.0,0.0,82.23594,7.3140407,2.0,2.0,2.0,60.0,0.0
78.0,77.61214,1.2633408,90.78068,16.59682,0.0,0.0,100.0,-7.0,7.0,8.0,17.0,2.0,22.0,0.0,2.0,2.0,46.247707,53.80398,5.0,3.0,2.0,55.92233,0.0
76.0,218.93369,4.0,49.17336,28.0,0.0,0.0,100.0,6.0,6.0,6.0,37.0,4.0,33.074833,0.0,3.0,3.0,6.0,71.72917,3.0,2.0,0.0,56.572556,0.0
-9.0,-9.0,-9.0,-9.0,-9.0,-9.0,-9.0,-9.0,-9.0,-9.0,-9.0,-9.0,-9.0,-9.0,-9.0,-9.0,-9.0,-9.0,-9.0,-9.0,-9.0,-9.0,-9.0,0.0
83.0,79.90794,4.0,67.41949,35.10128,0.0,0.0,100.0,-7.0,7.0,8.0,45.177494,1.8552861,19.0,2.0,0.0,0.0,5.8832254,-8.0,5.0,1.0,0.0,57.0,0.0
65.0,131.38,21.524624,81.0,19.0,0.0,0.0,87.26315,-7.0,-9.0,6.0,21.0,0.0,35.0,18.461422,0.0,0.0,59.563362,61.096783,1.0,3.484596,1.0,60.0,0.0
70.0,276.4617,18.07849,83.0,17.0,1.0,0.0,88.98381,-7.0,2.4372516,2.0,20.0,0.0,17.0,-7.0,0.0,0.0,11.0,15.459582,3.0,2.0,0.0,62.349163,0.0
87.0,301.8015,24.84533,156.35265,8.0,0.0,0.0,100.0,-7.0,7.0,8.0,9.0,0.0,9.430672,0.0,0.0,0.0,25.0,-8.0,4.0,1.0,0.0,60.0,0.0
82.307396,504.8725,8.0,158.2804,16.466482,0.0,0.0,86.16008,48.0851,6.0,6.0,16.389256,1.0,18.0,-7.0,0.0,0.0,8.0,83.39413,2.0,2.0,0.0,57.0,0.0
79.375,191.57759,10.0,96.635254,12.209855,0.0,0.0,100.0,-7.0,7.0,8.0,11.410299,0.0,16.0,0.0,2.0,1.2459321,76.77834,-8.0,1.3781341,1.0,2.0,43.0,0.0
63.0,245.28255,2.0,86.26789,39.62865,1.0,0.0,88.97477,34.225937,6.0,5.0,44.422775,3.0,33.0,2.0,4.0,3.1197674,69.06821,52.360306,6.0,4.0,4.260157,56.152866,0.0
91.0,303.1997,12.347255,108.491035,34.976124,0.0,0.0,100.0,-7.0,7.0,8.0,33.828556,0.0,31.0,-7.0,0.0,0.0,4.783772,71.0,4.0,3.0,0.0,50.0,0.0
-9.0,-9.0,-9.0,-9.0,-9.0,-9.0,-9.0,-9.0,-9.0,-9.0,-9.0,-9.0,-9.0,-9.0,-9.0,-9.0,-9.0,-9.0,-9.0,-9.0,-9.0,-9.0,-9.0,0.0
65.52658,83.444855,8.330367,-9.0,13.0,0.0,0.0,96.0,7.7005596,6.0,6.0,15.0,2.0,40.0,0.0,0.0,0.0,59.821606,76.05381,3.0,2.0,1.0,67.96266,0.0
79.0,205.52682,24.270512,112.24171,13.0,0.0,0.0,90.57562,39.565292,6.0,6.0,14.0,0.0,8.822663,0.0,0.0,0.0,9.0,-8.0,2.0,-8.0,0.0,50.0,0.0
86.0,240.76836,6.0,83.66438,32.0,0.0,0.0,100.0,-7.0,7.0,8.0,24.0,1.0,25.0,1.2421279,0.0,0.0,0.0,16.8746,0.0,2.0,0.0,25.0,0.0
77.0,-7.350837,5.1971745,42.52507,15.0,0.0,0.0,100.0,-7.0,7.0,8.0,17.0,1.976409,40.0,0.0,0.0,0.0,0.0,73.82647,1.7089896,3.0,0.0,80.0,0.0
66.497154,233.04675,5.0,127.82219,18.0,2.3822265,3.321551,100.0,-7.0,3.0,8.0,28.0,1.0,33.0,0.0,3.0,2.0,53.138027,74.32795,3.0,4.0,0.0,70.62125,0.0
67.98826,394.3468,7.0,116.14864,28.0,3.0,2.5062206,91.0,17.072653,4.0,2.0,43.678547,2.0,56.74285,0.7615064,1.0179371,1.0,27.079153,11.582805,9.0,2.0,2.0,88.407364,0.0
91.0,147.13013,5.0,140.42224,18.0,0.0,0.0,100.0,-7.0,7.0,8.0,3.9995704,1.0,19.65723,-7.0,0.0,0.0,2.0,72.3485,2.0,1.0,0.0,24.576084,0.0
76.726585,334.10147,40.774086,168.32315,12.0,1.0,0.0,77.359024,5.25388,6.0,6.0,10.0,0.0,24.695833,-8.0,0.0,0.0,36.0,-8.0,4.0,1.0,0.0,80.0,0.0
83.0,230.86588,13.686901,100.0,27.513102,0.0,0.0,100.0,-7.0,7.0,8.0,28.117239,0.0,13.0,-8.0,0.0,0.0,39.426975,-8.0,3.0,1.0,0.0,33.506325,0.0
89.0,584.8217,7.0,138.28389,15.0,0.0,0.0,100.0,-7.0,7.0,8.0,18.0,2.0,7.3836594,-7.0,0.0,0.0,0.0,-8.0,2.0,-8.0,0.0,10.041206,0.0
63.0,245.17085,1.0,82.1797,37.690628,0.0,0.0,94.0,9.782289,6.0,6.0,50.21698,4.0,26.793774,1.0,12.310192,11.121447,35.845,-8.0,4.0,4.0,2.0,40.0,0.0
87.0,217.9623,10.0,94.0,18.0,0.0,0.0,100.0,-7.0,7.0,8.0,21.0,0.0,46.666187,2.0,0.0,0.0,1.2105731,60.37301,1.0,1.0,0.0,32.0812,0.0
59.719154,175.03838,3.0,65.91086,41.00376,1.0,1.0,77.093575,25.092958,4.0,2.842493,50.189056,4.7016006,57.626568,7.0,2.0,2.0,92.43061,72.57704,6.0,18.103237,5.369195,100.0,0.0
74.0,150.83633,14.887554,63.0,21.0,0.0,0.0,100.0,-7.0,7.0,8.0,25.126282,0.0,80.216225,0.0,1.0,1.0,6.0,72.571594,1.0,10.294335,0.0,100.0,0.0
70.34559,130.30951,10.0,55.17726,24.0,0.0,0.0,100.0,-7.0,7.0,8.0,20.410877,0.0,15.0,9.0,0.0,0.0,55.927273,30.75103,6.0,1.0,0.0,50.0,0.0
65.0,123.43329,1.0,57.589947,12.0,0.0,0.0,100.0,-7.0,7.0,8.0,19.0,5.0,34.527313,0.0,4.0,4.0,76.08063,-4.79029,4.0,2.0,1.0,87.54815,0.0
92.61151,317.60403,66.14221,162.75993,17.0,0.0,0.0,100.0,-7.0,7.0,8.0,16.238605,0.0,46.0,9.003044,1.0,0.0,4.8864193,-8.0,2.0,1.0,0.0,63.0,0.0
90.0,411.0291,1.0,85.49853,10.060672,0.0,0.0,100.0,-7.0,7.0,8.0,15.0,3.0,14.0,7.8220005,1.0,1.0,9.0,-8.0,5.0,1.0,0.0,67.0,0.0
74.0,347.87344,3.0,72.0,21.918554,0.0,0.0,90.93038,12.204146,6.0,6.0,22.0,2.0,68.620926,0.0,16.33122,14.987799,28.417053,5.527852,2.0,4.0,0.0,91.566864,0.0
82.0,235.5085,-9.0,97.0,24.014702,0.0,0.0,100.0,-7.0,7.0,8.0,31.0,2.0,34.176147,5.0,1.0,0.0,2.8801575,-8.0,3.0,1.5611595,0.0,46.58837,0.0
88.0,202.12596,6.0,101.453735,30.80995,0.0,0.0,100.0,-7.0,7.0,8.0,31.0,2.0,53.48757,0.0,0.0,0.0,10.216631,81.73084,1.0643165,5.8245063,0.0,80.30808,0.0
71.0,341.8363,3.632573,145.59096,41.784077,1.0,1.0,95.0,55.766598,6.0,5.0,37.0,2.0,54.020157,6.0,0.0,0.0,85.44531,-5.411856,19.305681,3.0,2.0,100.0,0.0
76.0,61.383614,2.0,40.947117,30.0,0.0,0.0,100.0,-7.0,7.0,8.0,41.85414,7.477714,28.0,1.0,3.2891495,3.3023777,13.090426,18.34655,4.0,2.0,0.0,41.87577,0.0
84.0,148.99739,27.791796,128.08142,9.0,0.0,0.0,100.0,-7.0,7.0,8.0,6.3481245,0.0,15.274653,-8.0,0.0,0.0,19.0,32.03881,5.0,-8.0,0.0,80.0,0.0
75.0,190.58333,14.0,101.37732,22.0,0.0,0.0,94.0,22.060225,6.0,6.0,23.919231,0.0,20.0,4.0,0.0,0.0,10.898516,-8.0,1.0,1.0,0.0,40.0,0.0
74.0,158.37999,2.0,88.12351,45.56147,0.0,0.0,96.0,35.99117,6.0,6.0,21.0,5.691657,20.0,2.0,1.0,1.0,0.33187848,76.0,4.0,2.0,0.0,37.65332,0.0
69.26395,208.57504,4.0,82.24179,11.0,1.0,0.0,80.19362,38.537292,6.0,5.0,13.872928,1.0,57.714054,-8.0,0.0,0.0,63.119892,-8.0,3.0,1.0,1.0,100.0,0.0
44.678535,207.91798,15.0,70.82768,13.0,4.218272,7.8104386,85.06767,12.97654,0.0,6.0,17.351898,0.0,21.0,1.0,0.0,0.0,32.32514,55.253895,4.0,2.0,1.5162444,80.0,0.0
80.0,173.02368,6.0,105.62143,23.0,0.0,0.0,100.0,-7.0,7.0,8.0,27.0,0.0,27.0,0.0,1.0,1.0,28.010302,-8.0,2.0,1.0,1.0,38.0,0.0
89.0,269.72482,8.0,102.0331,15.0,0.0,0.0,93.0,22.895758,6.0,6.0,18.49186,2.0,33.0,3.0,2.0,2.0,4.0,-8.0,1.0,-8.0,0.0,11.43502,0.0
80.0,365.7024,11.711997,158.57175,22.0,0.0,0.0,100.0,-7.0,7.0,8.0,19.0,1.0,44.0,0.0,0.0,0.0,48.252033,72.37712,4.0,3.0,1.0,77.44813,0.0
87.0,139.80325,6.088565,74.0,12.0,0.0,0.0,100.0,-7.0,7.0,8.0,11.0,1.0,34.564445,9.0,0.0,0.0,8.0,-8.0,2.0,1.0,0.0,88.0,0.0
72.0,378.5095,24.866135,113.826385,15.0,0.0,0.0,96.0,15.784422,6.0,6.0,17.213137,0.0,16.0,-7.0,0.0,0.0,50.92483,57.928356,3.0,1.0,2.0,36.382584,0.0
84.0,198.62317,3.0,81.11234,23.0,0.0,0.0,100.0,-7.0,7.0,8.0,24.0,2.0,27.686205,13.986629,0.0,0.0,11.0,31.393726,6.0,1.0,0.0,67.0,0.0
88.0,304.02176,16.040691,128.04564,22.0,0.0,0.0,100.0,-7.0,7.0,8.0,23.0,0.0,36.0,-7.0,0.0,0.0,0.0,23.198486,1.0125943,2.0,0.0,43.0,0.0
72.85736,416.32315,8.559213,100.0,65.8871,0.0,0.0,100.0,-7.0,7.0,8.0,58.75014,2.0,27.0,-7.0,0.0,0.0,21.654701,-8.0,7.0,2.0,9.130739,50.0,0.0
86.0,170.2069,150.03786,129.20311,7.8306966,0.0,0.0,100.0,-7.0,7.0,8.0,3.9843194,0.0,32.0,-8.0,0.0,0.0,21.146364,-8.0,2.0,1.0,0.0,67.0,0.0
89.0,424.17313,16.0,145.03546,27.8888,0.0,0.0,100.0,-7.0,7.0,8.0,42.48655,1.0,12.835206,8.0,0.0,0.0,3.0,-8.0,5.0,-8.0,0.0,33.0,0.0
79.6032,158.98444,10.0,82.0,13.0,0.0,0.0,100.0,-7.0,7.0,8.0,13.0,2.0,45.0,-7.0,0.0,0.0,44.26264,-8.0,1.0,1.0,0.0,50.0,0.0
79.0,219.29181,4.0,85.43813,40.918804,0.0,0.0,100.0,-7.0,6.0,6.0,37.550453,3.0,27.45757,0.0,2.0,2.868289,12.0,66.10446,9.0,2.4458156,0.0,63.0,0.0
78.07582,113.023544,31.199562,121.26666,14.0,0.0,0.0,100.0,-7.0,7.0,8.0,4.1321106,0.0,40.0,15.765399,0.0,0.0,40.012646,-8.0,4.0,3.0,0.0,83.0,0.0
-9.0,-9.0,-9.0,-9.0,-9.0,-9.0,-9.0,-9.0,-9.0,-9.0,-9.0,-9.0,-9.0,-9.0,-9.0,-9.0,-9.0,-9.0,-9.0,-9.0,-9.0,-9.0,-9.0,0.0
66.48888,299.90506,2.5868232,73.36865,44.543533,4.278712,3.6755002,89.25041,11.996462,6.0,2.0,43.123775,2.0,13.928613,0.0,5.0,4.42196,10.007092,99.35626,4.0,3.0,0.0,28.233707,0.0
80.0,195.78352,35.73392,134.60223,20.003773,0.0,0.0,100.0,-7.0,7.0,8.0,19.684826,0.0,17.0,-8.0,0.0,0.0,29.503605,-8.0,4.0,1.0,1.0,56.0,0.0
83.0,419.78857,2.0,93.26163,25.0,0.0,0.0,100.0,-7.0,7.0,8.0,31.634659,4.0,25.0,0.0,3.0,2.0,1.0,82.0,2.0,2.0,1.0,26.833414,0.0
80.0,49.410446,8.0,56.42959,28.0,0.0,0.0,100.0,-7.0,7.0,8.0,39.9059,2.0,37.0,0.0,1.0,1.0,1.0,-8.0,4.0,2.0,0.0,67.0,0.0
89.0,219.93391,2.0,88.410446,10.0,0.0,0.0,100.0,-7.0,7.0,8.0,14.0,1.0,26.869997,12.690554,2.0,2.0,6.0,92.99186,1.0,1.0,0.0,50.0,0.0
81.0,158.23746,4.1239967,86.814316,20.0,0.0,0.0,100.0,-7.0,7.0,8.0,28.136045,2.0,35.0,16.0,0.0,0.0,7.0,53.311653,4.0,1.0,0.0,76.37187,0.0
83.41038,-8.0,21.061525,73.861824,12.133128,2.0,0.0,77.74496,70.28342,6.0,3.0,8.987877,0.0,31.0,-7.0,0.0,0.0,11.0,-8.0,2.0,1.0,0.0,75.0,0.0
78.0,250.44997,10.023346,92.63478,14.0,0.0,0.0,100.0,-7.0,7.0,8.0,19.0,3.0,29.0,0.0,2.0,2.0,18.0,55.87185,9.0,2.0,1.0,88.0,0.0
77.0,117.78207,7.0,62.06403,28.264662,0.0,0.0,100.0,-7.0,7.0,8.0,32.0,2.0,33.0,7.0,0.0,0.0,23.01162,87.65424,6.0,4.0,0.0,83.557175,0.0
66.0,112.210175,14.0,37.866306,20.0,0.0,0.0,85.648994,2.1975932,4.0,6.0,19.0,0.0,49.4756,0.0,1.0,0.0,47.828068,84.01007,1.0,4.0,0.0,57.0,0.0
85.0,176.8914,6.0,100.0,36.0,0.0,0.0,100.0,-7.0,7.0,8.0,27.0,1.0,14.203179,4.0,1.0,0.0,0.0,-8.0,2.0,1.0,0.0,43.95676,0.0
75.0,162.63788,11.700839,98.38241,13.0,3.5560691,2.7352886,76.53168,23.401,6.0,2.0,15.290026,0.0,32.0,0.0,2.0,2.0,10.13176,-8.0,2.0,2.0,0.0,60.24884,0.0
85.0,174.11803,16.0,75.856384,16.0,0.0,0.0,100.0,-7.0,7.0,8.0,17.482565,0.0,47.10665,-8.0,0.0,0.0,18.16318,-8.0,3.0,2.0,0.0,100.0,0.0
78.5789,288.5335,22.193415,108.79118,23.668915,0.0,0.0,92.98585,54.764412,6.0,6.0,24.0,0.0,33.0,0.0,0.0,0.0,0.0,-8.0,2.0,1.0,0.0,61.099373,0.0
89.13022,799.0653,17.0,158.61841,13.0,0.0,0.0,100.0,-7.0,7.0,8.0,12.0,0.0,22.0,-7.0,0.0,0.0,0.0,-8.0,2.0,1.0,0.0,50.0,0.0
77.0,162.02304,2.0,76.11104,34.37609,0.0,0.0,100.0,43.371883,6.0,6.0,39.985954,6.0,24.0,0.0,2.0,2.0,32.911915,88.0,2.0,2.0,0.0,38.0,0.0
79.0,161.11339,4.0,61.0,28.0,0.0,0.0,100.0,-7.0,7.0,8.0,38.0,4.0,30.123102,11.843848,0.0,0.0,12.727396,91.0,8.0,1.0,0.0,67.0,0.0
76.0,370.98837,2.0,93.67291,44.349113,2.0,0.0,93.0,51.490856,6.0,5.0,48.919163,3.0,14.0,3.3435822,0.0,0.0,12.266401,79.67812,6.0,2.0,0.0,43.0,0.0
-9.0,-9.0,-9.0,-9.0,-9.0,-9.0,-9.0,-9.0,-9.0,-9.0,-9.0,-9.0,-9.0,-9.0,-9.0,-9.0,-9.0,-9.0,-9.0,-9.0,-9.0,-9.0,-9.0,0.0
73.0,316.08954,21.824654,90.0,19.0,0.0,0.0,84.6973,8.450181,6.0,6.0,22.0,0.0,36.48986,0.0,2.0,2.0,18.0,-2.8687422,2.189945,1.0,1.0,44.0,0.0
75.0,206.1331,49.500626,102.84548,20.0,0.0,0.0,100.0,-7.0,7.0,8.0,24.711733,0.0,43.760574,0.0,1.0,1.0,62.647404,42.171696,2.0,3.0,0.0,75.0,0.0
78.0,235.54922,2.0,89.91395,30.0,0.0,0.0,100.0,-7.0,6.0,8.0,42.430428,5.0,29.0,0.0,10.211352,9.776526,15.0,100.0,6.0,4.0,0.0,54.365612,0.0
87.0,472.89066,19.286503,161.71037,32.0,0.0,0.0,100.0,-7.0,7.0,8.0,34.0,0.0,23.0,-7.0,1.0,0.0,10.0,19.627707,3.0,2.0,0.0,33.0,0.0
77.0,311.6274,8.0,105.06228,24.0,0.0,0.0,100.0,-7.0,7.0,8.0,23.0,1.0,33.0,2.0,2.0,2.0,39.507145,30.425682,4.0,2.0,1.0,75.0,0.0
-9.0,-9.0,-9.0,-9.0,-9.0,-9.0,-9.0,-9.0,-9.0,-9.0,-9.0,-9.0,-9.0,-9.0,-9.0,-9.0,-9.0,-9.0,-9.0,-9.0,-9.0,-9.0,-9.0,0.0
71.961914,138.18176,1.0,18.447695,14.0,0.0,0.0,94.0,35.745235,6.0,6.0,16.999893,6.0,24.307636,2.0,1.0,1.0,17.0,-8.0,2.0,2.0,0.0,44.0,0.0
76.0,228.83504,11.0,115.16045,36.0,0.0,0.0,91.0,17.348982,6.0,6.0,30.0,1.894771,7.607087,11.815219,0.0,0.0,22.911177,-8.0,9.0,1.0,1.0,57.0,0.0
83.0,247.44098,1.8192405,88.47932,26.767067,0.0,0.0,100.0,-7.0,7.0,8.0,27.0,3.0,26.0,0.0,1.0,1.0,10.388421,54.24781,4.5112276,3.0,1.0,57.0,0.0
81.0,159.0641,1.0,114.584076,65.21851,0.0,0.0,100.0,-7.0,7.0,8.0,49.33869,2.0,32.0,-2.1681705,2.0,2.0,4.623633,49.61139,3.0,6.0,1.0,23.594358,0.0
84.0,-6.4865274,31.955112,74.0,9.141545,0.0,0.0,96.0,-7.0,-9.0,6.0,8.0,0.0,10.991042,0.0,0.0,0.0,5.0,-8.0,5.0,1.0,0.0,100.0,0.0
85.0,188.51189,6.0,74.39041,28.0,0.0,0.0,100.0,-7.0,7.0,8.0,26.72029,1.0,39.48343,0.0,4.0,4.0,3.5560977,23.65922,5.5559382,2.0,0.0,73.675285,0.0
55.910423,153.4647,23.533907,68.25165,3.1527843,1.0,0.0,81.13409,15.154821,4.0,3.0,6.0658903,0.0,6.664316,0.0,1.0,0.0,38.455368,-8.0,6.0,-8.0,1.0,83.0,0.0
63.103615,370.22467,19.743395,139.47969,28.0,0.0,0.0,89.0,12.197947,6.0,6.0,29.0,0.0,24.165077,18.135561,0.0,0.0,65.5943,96.70912,5.0,2.0,3.0,67.0,0.0
68.0,184.18185,3.0,71.0,36.2859,0.0,0.0,96.0,69.68917,6.0,6.0,12.0,2.0,16.04786,0.0,2.0,2.0,30.849152,87.03701,9.0,5.0,4.0,71.0,0.0
-9.0,-9.0,-9.0,-9.0,-9.0,-9.0,-9.0,-9.0,-9.0,-9.0,-9.0,-9.0,-9.0,-9.0,-9.0,-9.0,-9.0,-9.0,-9.0,-9.0,-9.0,-9.0,-9.0,0.0
74.96104,-9.0,2.916734,43.935986,16.0,0.0,0.0,100.0,-7.0,7.0,8.0,-1.1304408,6.0,55.690228,22.713606,0.0,0.0,25.632046,92.69402,3.0,3.1861212,0.0,71.0,0.0
65.0,217.53253,3.0,58.0,28.0,0.0,0.0,86.26088,4.0,4.0,6.0,39.71514,10.117368,40.233486,1.0,3.0,3.0,30.678074,90.17571,4.0,3.0,0.0,57.0,0.0
79.0,479.93753,6.0,109.9961,23.832691,1.0,0.0,97.0,69.21515,6.0,6.0,26.0,3.0,38.0,7.0,1.0,0.0,13.0,34.41039,2.0,1.3700126,0.0,67.0,0.0
77.0,275.09854,4.368476,87.23498,24.30796,0.0,0.0,100.0,-7.0,7.0,8.0,32.798435,2.0,55.257465,20.230982,0.0,0.0,54.498898,100.0,4.0,3.0,2.0,58.994072,0.0
87.0,205.35634,7.0,64.940674,12.0,0.0,0.0,100.0,-7.0,7.0,8.0,15.0,2.0,30.755365,11.493834,0.0,0.0,0.0,-8.0,1.0,1.0,0.0,38.14305,0.0
70.0,117.38736,1.0,68.0,15.0,0.0,0.0,100.0,-7.0,7.0,8.0,3.2146544,1.0,29.0,2.0,1.0,1.0,69.25404,-8.0,3.0,1.0,3.4436429,75.61749,0.0
81.0,264.91385,20.0,100.0,21.0,0.0,0.0,100.0,-7.0,7.0,8.0,19.0,0.0,27.0,0.0,1.0,1.0,18.731129,-8.0,2.0,1.0,0.0,51.584053,0.0
83.0,56.269295,1.0,81.85504,14.541641,0.0,0.0,100.0,-7.0,7.0,8.0,3.9964359,1.0,29.817608,12.245905,0.0,0.0,22.986471,59.737602,4.0,2.0,0.0,69.7613,0.0
82.0,230.38515,1.0,68.0,20.0,0.0,0.0,96.0,24.451674,6.0,6.0,18.0,3.0,45.12925,0.0,2.0,2.0,17.0,93.0,3.0,2.0,0.0,100.0,0.0
62.0,263.10394,1.0,86.992836,54.374985,3.0,0.0,95.72659,36.597435,6.0,5.0,66.064545,6.0,3.7492537,0.0,2.0,2.0,72.26391,72.8799,26.181171,2.0,10.924015,60.0,0.0
79.0,388.8774,5.0,79.0,40.130196,0.0,0.0,100.0,-7.0,7.0,8.0,44.755367,2.0,-9.0,1.0,2.0,2.0,20.760094,-8.0,6.0,1.0,0.0,49.414455,0.0
88.0,439.986,16.76587,117.48889,16.0,0.0,0.0,100.0,-7.0,7.0,8.0,19.0,0.0,46.0,12.169791,0.0,0.0,2.4783359,-8.0,2.0,2.0,0.0,63.0,0.0
65.0,191.94469,6.0,65.12368,36.0,0.0,0.0,100.0,-7.0,7.0,8.0,40.10018,2.0,24.0,12.098219,2.0,2.0,59.234028,33.628834,15.591032,2.0,8.626952,83.0,0.0
74.0,173.25261,3.0,66.232956,29.0,0.0,0.0,100.0,-7.0,6.0,8.0,34.0,4.9212036,57.258102,-5.3350377,0.0,0.0,38.301342,81.56349,9.0,2.0,1.0,100.0,0.0
87.0,218.74182,4.0,70.1902,42.049877,0.0,0.0,100.0,-7.0,7.0,8.0,54.241802,4.0,54.543613,17.64279,0.0,0.0,1.0,72.276306,2.0,2.0,0.0,29.93099,0.0
81.0,262.82578,3.0,94.0,25.0,0.0,0.0,100.0,-7.0,7.0,8.0,23.377878,2.0,25.0,7.0,0.0,0.0,32.0,82.0,6.0,2.0,1.0,93.213844,0.0
68.0,312.42102,5.0,61.99609,50.79712,0.0,0.0,100.0,-7.0,7.0,8.0,58.637207,1.5441141,24.0,0.0,2.0,2.0,36.0,-8.0,21.913067,3.0,3.0,71.0,0.0
80.943634,347.67444,9.0,173.00598,17.0,0.0,0.0,94.0,68.37185,6.0,5.368735,18.0,0.0,15.0,23.547451,0.0,0.0,18.697458,-8.0,4.0,1.0,1.0,54.434334,0.0
57.28306,280.4974,2.0,90.0,18.19893,1.0,1.0,73.60722,42.36863,5.6024017,6.0,24.0,2.0,14.193605,0.0,2.0,1.0,41.486786,104.486664,10.315946,1.0,2.0,91.08147,0.0
77.0,454.03857,22.5093,131.38835,20.0,0.0,0.0,87.75989,-7.0,4.3578067,6.0,24.959908,0.0,13.203968,-7.0,1.0,1.0,1.0,-8.0,2.0,1.0,0.0,33.0,0.0
-9.0,-9.0,-9.0,-2.6158628,-9.0,-9.0,-9.0,-9.0,-9.0,-9.0,-9.0,-9.0,-9.0,-9.0,-9.0,-9.0,-9.0,-9.0,-9.0,-9.0,-9.0,-9.0,-9.0,0.0
80.0,232.67181,1.0,68.99477,34.855095,0.0,0.0,100.0,-7.0,7.0,8.0,28.0,10.972701,29.099432,0.0,4.0,3.0,13.254079,-8.0,7.0,3.0,0.0,54.14978,0.0
-9.0,-9.0,-9.0,-9.0,-9.0,-9.0,-9.0,-9.0,-9.0,-9.0,-9.0,-9.0,-9.0,-9.0,-9.0,-9.0,-9.0,-9.0,-9.0,-9.0,-9.0,-9.0,-9.0,0.0
57.39372,189.62894,11.0,79.0,25.0,1.0,0.0,82.76603,11.52627,6.0,5.0,24.0,0.0,25.821405,0.0,0.0,0.0,57.97824,-8.0,5.0,1.5572922,4.6701803,78.0,0.0
81.0,242.1174,17.28024,84.0,22.0,0.0,0.0,92.0,22.905666,6.0,6.0,27.581223,0.0,-6.293353,-7.0,0.0,0.0,0.4892513,-8.0,3.0,-8.0,0.0,33.0,0.0
82.0,291.5186,2.0,109.01684,24.0,0.0,0.0,100.0,-7.0,7.0,8.0,24.961174,1.0,28.067268,-8.1216545,0.0,0.0,37.777443,68.79311,4.203388,6.005457,0.0,72.74662,0.0
87.0,285.1849,2.0,106.742294,44.487194,0.0,0.0,100.0,-7.0,7.0,8.0,47.01432,2.0,40.0,0.0,0.0,0.0,1.0,64.83475,6.0,2.0,0.0,70.282166,0.0
84.0,227.50703,3.0,100.0,41.53125,0.0,0.0,100.0,-7.0,7.0,8.0,49.380493,2.0,61.086826,0.0,2.0,2.0,14.0,67.31091,2.0,4.0,0.0,64.63623,0.0
67.0,-9.0,2.0,64.5808,13.0,1.0,0.0,93.88804,27.733437,4.0,3.0,14.0,1.4648303,39.53188,0.0,0.0,0.0,84.165596,84.2278,6.0,2.0,4.0330024,83.32797,0.0
69.0,115.997246,4.0,73.558365,15.0,0.0,0.0,71.796646,5.043241,6.0,6.0,13.547616,1.3192542,29.0,-7.0,0.0,0.0,28.810774,76.0,4.0,2.0,1.0,60.0,0.0
83.0,298.8108,11.349172,113.22041,43.087215,0.0,0.0,96.0,49.8879,6.0,6.0,51.766342,1.0,11.706187,2.0,1.0,1.0,1.0,-8.0,2.0,1.0,0.0,25.0,0.0
81.0,345.8865,3.0,82.0,72.446526,0.0,0.0,100.0,-7.0,7.0,8.0,51.546352,3.0,38.477394,-7.0,2.0,1.0,9.0,66.21174,6.0,4.0,0.0,50.0,0.0
75.0,101.175835,7.0,62.286415,23.0,0.0,0.0,100.0,-7.0,7.0,8.0,9.0,1.4094563,22.097242,1.1937948,1.0,1.0,47.78668,79.21173,4.0,2.0,3.0,56.58034,0.0
78.76441,163.84569,11.0,74.451324,24.729254,0.0,0.0,93.0,32.229977,6.0,6.0,23.0,0.0,49.560898,2.4939444,0.0,0.0,28.0,40.398617,3.0,4.0,0.0,80.0,0.0
70.0,203.1469,5.0,70.92113,19.331446,1.0,0.0,90.84636,52.64713,6.0,5.0,23.0,5.3771586,20.0,0.0,3.0,3.0,48.488155,-8.0,5.0,2.0,1.0,71.0,0.0
76.0,281.06534,7.0,92.845764,13.989744,0.0,0.0,93.0,16.660387,6.0,6.0,15.0,3.0,50.0,1.0,2.0,2.0,3.0,65.44922,0.0,2.0,0.0,55.903595,0.0
78.04541,152.78445,1.0,60.020775,23.825462,0.0,0.0,100.0,-7.0,7.0,8.0,27.398993,2.0,33.0,-7.0,0.0,0.0,40.969326,55.759766,6.0,1.0,0.0,80.0,0.0
80.0,182.68156,2.0,119.03109,20.0,1.0,0.0,90.34327,39.771187,6.0,5.7473803,24.231483,1.0,19.0,0.0,0.0,0.0,32.8021,-8.0,6.0,1.0,0.0,63.555737,0.0
-9.0,-9.0,-9.0,-9.0,-9.0,-9.0,-9.0,-9.0,-9.0,-9.0,-9.0,-9.0,-9.0,-9.0,-9.0,-9.0,-9.0,-9.0,-9.0,-9.0,-9.0,-9.0,-9.0,0.0
81.0,187.77097,20.0,101.2839,32.0,0.0,0.0,100.0,-7.0,7.0,8.0,42.76223,0.0,33.090355,-7.0,0.0,0.0,33.42147,-8.0,5.0,3.0,2.0,57.0,0.0
71.0,168.32896,2.0,67.44764,10.448639,0.0,0.0,100.0,-7.0,7.0,7.0,13.0,2.0,50.0,0.0,0.0,0.0,0.0,102.54675,1.0,2.0,0.0,80.0,0.0
83.0,155.57076,7.0,71.444214,17.0,0.0,0.0,100.0,-7.0,7.0,8.0,23.0,2.0,11.932633,8.0,0.0,0.0,23.660046,-8.0,1.0,1.0,0.0,35.63126,0.0
82.0,125.24578,20.04856,64.131454,14.135634,0.0,0.0,100.0,-7.0,7.0,8.0,17.0,0.0,76.70518,10.806307,0.0,0.0,1.0,84.97013,0.0,3.0,0.0,67.0,0.0
78.0,401.2469,3.0,154.84387,13.0,0.0,0.0,100.0,-7.0,7.0,8.0,15.0,2.0,26.421135,0.0,3.0,3.0,61.213425,78.54105,5.0,2.0,1.0,80.0,0.0
76.0,145.03908,26.309761,70.0846,22.0,0.0,0.0,100.0,-7.0,7.0,8.0,20.6901,0.0,37.0,5.0,1.0,1.0,0.0,36.819473,2.0,3.0,0.0,66.559204,0.0
75.0,205.15196,2.0,82.0,39.0,0.0,0.0,97.0,22.356966,6.0,6.0,47.880188,10.870594,25.0,2.0,2.0,2.0,5.0,93.83606,3.0,3.0,0.0,27.088242,0.0
80.0,158.9835,2.0,79.0,25.902666,0.0,0.0,100.0,-7.0,6.0,8.0,35.975456,2.0,37.0,1.0,2.0,2.0,1.0,67.81635,2.0,2.0,0.0,69.98487,0.0
70.0,204.34084,1.0,56.926785,9.0,2.0,1.0,95.0,10.440237,4.0,2.0,13.934602,3.0,21.0,0.0,1.0,1.0,13.013192,-8.0,2.0,-8.0,1.0,33.85956,0.0
64.86729,119.00604,28.659172,63.612083,7.0,0.0,0.0,83.07284,22.928179,6.0,6.0,11.0,0.0,66.6868,-7.0,2.0,1.0,12.252544,36.34747,2.0,2.0,0.0,100.0,0.0
75.0,146.1774,15.0,76.0,25.0,0.0,0.0,100.0,-7.0,6.0,6.762331,29.0,0.0,36.0,0.0,0.0,0.0,25.102062,-8.0,3.0,-8.0,0.0,100.0,0.0
79.30809,187.10497,1.0,111.166405,17.0,0.0,0.0,99.870415,29.892914,6.0,6.0,20.0,1.0360402,24.518166,1.0,1.0,1.0,25.0,-8.0,3.0,1.0,0.0,75.0,0.0
-9.0,-9.0,-9.0,-9.0,-9.0,-9.0,-9.0,-9.0,-9.0,-9.0,-9.0,-9.0,-9.0,-9.0,-9.0,-9.0,-9.0,-9.0,-9.0,-9.0,-9.0,-9.0,-9.0,0.0
89.0,123.44,2.0,104.896614,15.0,0.0,0.0,100.0,-7.0,7.0,8.0,9.0,1.0,19.0,-7.0640316,0.0,0.0,19.0,-8.0,1.0907068,1.0,0.0,42.523373,0.0
75.777504,233.41519,8.0,115.27805,15.0,2.0,0.0,69.19317,30.25261,6.0,4.455635,14.224814,2.0,11.0,0.0,0.0,0.0,0.0,-8.0,1.0,1.0,0.0,31.311285,0.0
63.0,303.70795,7.0,131.06258,-9.0,2.0571263,2.0,20.628624,22.416769,6.0,6.0,10.0,1.0,38.0,3.0,0.0,0.0,96.48048,76.0,3.0,1.0,2.9343789,100.0,0.0
70.0,192.78227,10.0,123.632126,15.278308,3.0,0.0,68.77555,17.788334,6.0,-7.190853,21.0,0.0,50.0,0.0,1.0,1.0,6.0,-8.0,3.0,2.0,0.0,84.378426,0.0
78.0,313.1182,2.0,74.31801,41.417515,0.0,0.0,100.0,-7.0,7.0,8.0,62.235954,3.0,24.0,0.0,1.0,1.0,19.447292,66.491974,5.0,6.4406834,1.0,55.45101,0.0
75.0,34.531567,4.0,33.38684,32.0,0.0,0.0,100.0,-7.0,7.0,8.0,36.52512,4.0,13.0,1.0,0.0,0.0,23.885828,82.0,5.0,1.8444598,2.0,28.396154,0.0
77.022385,270.7734,7.0,88.8542,22.0,0.0,0.0,96.0,-7.0,6.0,6.0,22.551369,1.0,33.0,6.708988,0.0,0.0,23.190567,77.02206,5.0,3.0,1.0,56.0,0.0
67.0,203.62,4.0,65.219215,36.944656,0.0,0.0,100.0,-7.0,7.0,8.0,33.0,3.0,23.0,0.0,4.0,4.0,71.97781,81.35616,8.8761215,2.0,1.0,71.0,0.0
79.0,206.73532,3.0,82.76157,32.0,0.0,0.0,100.0,-7.0,7.0,8.0,38.0,2.0,18.0,-7.0,1.0,1.0,28.477802,-8.0,2.0,2.0,0.0,57.0,0.0
73.68385,168.04779,13.192903,68.830765,18.0,0.0,0.0,93.583916,24.055151,6.0,6.0,15.0,0.0,33.626625,-8.0,0.0,0.0,14.0,-8.0,3.0,2.0,0.0,63.07888,0.0
73.54607,262.80847,14.0,86.64368,20.0,0.0,0.0,92.816505,46.485046,6.0,6.0,14.0,0.0,47.497063,10.019973,1.0,1.0,38.139454,-8.0,4.0,2.0,0.0,100.0,0.0
84.0,128.6562,22.083773,77.88925,7.0854764,0.0,0.0,100.0,-7.0,7.0,8.0,9.0,0.0,74.704285,0.0,0.0,1.0,14.0,60.302124,1.0,1.0,0.0,71.0,0.0
76.091156,147.36981,6.3380146,66.66146,18.0,0.0,0.0,100.0,-7.0,7.0,8.0,16.0,2.0,20.0,-7.0,0.0,0.0,56.969193,-8.0,2.0,2.0,1.0,53.01316,0.0
81.0,158.44356,21.394571,68.0,14.0,0.0,0.0,100.0,-7.0,7.0,8.0,18.0,0.0,52.13206,-8.0,0.0,0.0,19.0,-8.0,2.0,2.0,0.0,90.85503,0.0
81.27273,170.09924,23.023525,90.0,17.0,0.0,0.0,100.0,-7.0,7.0,8.0,24.0,0.0,17.0,-7.0,0.0,0.0,33.76168,-8.0,4.0,1.0,0.0,57.0,0.0
79.0,235.06917,2.0,100.03463,25.0,0.0,0.0,100.0,-7.0,7.0,8.0,23.0,3.0,36.140965,3.0,1.0,1.0,25.0,66.52108,6.0,4.0,0.0,80.0,0.0
77.0,240.04613,7.0,86.0,30.0,0.0,0.0,100.0,-7.0,7.0,8.0,46.224545,1.0,10.567809,0.0,2.0,1.0,3.0,98.48669,5.0,3.0,0.0,67.0,0.0
80.0,242.95087,2.0,93.0,27.0,0.0,0.0,97.0,29.546873,6.0,6.0,23.670595,4.0,31.0,4.0,1.0,1.0,17.0,-8.0,1.0,1.0,0.0,33.0,0.0
86.0,154.93294,3.441311,87.73807,34.306873,0.0,0.0,100.0,-7.0,7.0,8.0,43.08778,3.0,74.77487,1.5257581,1.0,1.0,1.0,-8.0,1.0,-8.0,0.0,42.407787,0.0
-9.0,-9.0,-9.0,-9.0,-9.0,-9.0,-9.0,-9.0,-9.0,-9.0,-9.0,-9.0,-9.0,-9.0,-9.0,-9.0,-9.0,-9.0,-9.0,-9.0,-9.0,-9.0,-9.0,0.0
60.88317,224.9777,3.0,65.0,10.0,1.0,1.0,77.90976,6.8004084,4.0,5.0,13.0,1.0,67.725075,9.0,1.0,1.0,18.931995,57.924072,1.0,9.088089,0.0,65.59892,0.0
79.0,-8.0,9.0,30.917091,17.0,0.0,0.0,96.0,36.09504,6.0,6.0,19.0,3.0,6.737728,0.0,0.0,0.0,11.950857,-8.0,6.0,1.0,0.0,44.0,0.0
75.0,138.53067,11.0,86.95567,21.0,0.0,0.0,100.0,-7.0,7.0,8.0,24.0,1.0,31.0,-7.0,2.0,2.0,73.27376,37.034626,5.1644306,2.0,1.0,83.0,0.0
82.0,252.22845,5.0,91.06791,31.762938,2.0,0.0,97.0,36.02291,6.0,2.0,31.0,1.0,25.0,0.0,0.0,0.0,0.0,13.530524,1.0,3.0,0.0,33.0,0.0
92.198006,185.51385,6.0,112.483086,17.876505,0.0,0.0,100.0,-7.0,7.0,8.0,17.0,0.0,10.526957,-7.0,0.0,0.0,0.3038614,-8.0,1.0,-8.0,0.0,31.809114,0.0
86.0,170.55936,2.0,62.20857,11.0,0.0,0.0,100.0,-7.0,7.0,8.0,14.827374,2.0,42.0,1.0,0.0,0.0,1.0,73.02666,3.0,3.0,0.0,74.129684,0.0
69.0,267.02188,3.0,57.477924,24.0,0.0,0.0,100.0,-7.0,7.0,8.0,28.0,3.0,46.1843,-7.0,0.0,0.0,44.77551,10.781578,5.0,6.0,3.0,100.0,0.0
86.0,250.29561,4.0,100.44775,20.0,0.0,0.0,100.0,-7.0,7.0,8.0,17.0,1.0,21.0,4.0,0.0,0.0,13.0,97.56189,5.0,1.0,0.0,75.0,0.0
67.11118,183.58669,54.36717,86.0,14.0,1.0,0.0,92.0,15.492762,6.0,2.3214426,12.928436,0.0,59.670124,-7.0,1.0,1.0,71.99218,-8.0,1.0,2.0,1.0,89.69599,0.0
15.063935,-9.0,-9.0,-9.0,-9.0,-9.0,-9.0,-9.0,-9.0,-9.0,-9.0,-9.0,-9.0,-9.0,-9.0,-9.0,-9.0,-9.0,-9.0,-9.0,-9.0,-9.0,-9.0,0.0
75.0,226.2423,6.0,70.44428,42.168655,0.0,0.0,100.0,-7.0,7.0,8.0,32.0,1.0381007,21.983831,0.0,1.0,1.0,1.0,90.351746,5.0,1.0,0.0,33.0,0.0
69.0,214.88217,2.0,72.48775,29.235231,1.0,0.0,92.683685,23.911934,6.0,5.085106,33.51121,4.0,27.0,0.0,1.0,1.0,9.0,50.600582,8.0,2.0,0.0,64.0,0.0
78.0,141.8699,2.0,89.40983,13.013535,2.194871,0.0,93.0,69.40031,6.0,4.304627,15.0,2.0,80.08753,5.0,1.0,1.0,5.0,68.211845,3.0,3.0,0.0,100.0,0.0
85.17081,187.11824,4.0,80.0,26.0,0.0,0.0,95.0,6.0,5.7657084,6.0,32.0,3.0,70.48252,-7.0,0.0,0.0,5.0,63.608757,1.0,6.0,0.0,57.0,0.0
71.0,151.47995,8.0,86.29692,34.0,1.0,1.0,94.0,45.7503,6.0,4.082098,40.724384,1.0,17.0,0.0,2.0,2.0,42.963173,-8.0,2.0,1.0,1.0,20.192734,0.0
79.0,259.75116,13.315583,133.23026,20.696909,0.0,0.0,92.0,24.369509,6.0,6.0,28.628407,0.0,30.0,23.35059,0.0,0.0,38.74141,13.101286,2.0,2.0,0.0,58.699303,0.0
64.0,304.98602,2.0,92.22674,35.998188,3.0,1.5016502,92.0,31.442814,6.0,2.0,40.715446,6.0,32.361935,2.0,1.0,1.0,52.398674,84.01689,8.97641,6.0,5.7172976,80.0,0.0
67.0,241.78294,8.076442,80.0,7.0,1.0,1.0,81.460014,6.2180524,3.7802436,2.2975953,12.0,1.0,29.0,0.0,3.0,3.0,12.15255,93.0,2.0,1.0,0.0,57.0,0.0
73.0,196.87134,4.0,96.82652,29.0,2.0,1.0,87.32603,18.031334,6.0,4.0,34.0,2.6888626,67.56076,1.0,1.0,1.0,27.413134,56.026524,3.0,6.0,0.0,100.0,0.0
90.0,164.57753,8.201788,99.7999,7.3428745,0.0,0.0,100.0,-7.0,7.0,8.0,10.525286,1.0,24.898453,0.0,0.0,0.0,1.0,-8.0,2.0,2.0,0.0,73.0,0.0
86.0,253.14316,2.0,98.17505,19.0,0.0,0.0,95.98756,30.092548,6.0,6.0,21.0,1.0,17.235428,0.0,2.0,1.0,4.472864,-8.0,3.0,1.0,0.0,47.279922,0.0
83.0,148.64873,2.0,61.523224,21.0,0.0,0.0,100.0,-7.0,7.0,8.0,22.855606,6.0,19.351397,12.545419,2.0,2.0,18.482327,-8.0,3.0,1.0,0.0,56.0,0.0
86.0,224.74174,25.481846,110.66556,17.809572,0.0,0.0,100.0,-7.0,7.0,8.0,14.737534,0.0,25.0,20.50169,0.0,0.0,3.0,-8.0,1.0,2.0,0.0,20.230642,0.0
91.0,295.80682,9.0,103.414566,22.0,0.0,0.0,100.0,-7.0,7.0,8.0,28.742065,1.0,19.0,21.373167,0.0,0.0,11.0,45.731823,2.0,-4.9265995,0.0,40.0,0.0
68.0,190.40994,2.0,90.0,50.5242,0.0,0.0,100.0,-7.0,7.0,8.0,47.728985,2.0,22.0,-5.609151,1.0,1.0,60.213642,-8.0,11.0,1.0,2.0,75.0,0.0
83.0,110.57774,22.683374,70.0,18.0,0.0,0.0,100.0,-7.0,7.0,8.0,28.0,0.0,18.876286,0.0,1.0,1.0,6.0,-8.0,2.0,1.0279545,0.0,71.0,0.0
82.0,187.60294,15.0,77.0,25.0,0.0,0.0,100.0,-7.0,7.0,8.0,26.548248,0.0,21.0,0.0,1.0,1.0,11.558421,96.12056,7.0,2.0,1.0,52.26566,0.0
79.0,108.55314,9.0,49.52209,26.729925,0.0,0.0,100.0,-7.0,7.0,8.0,26.0,1.0,32.2103,0.0,2.0,2.0,9.339485,67.60037,4.0,2.0,0.0,60.0,0.0
-9.0,-9.0,-9.0,-9.0,-9.0,-9.0,-9.0,-9.0,-9.0,-9.0,-9.0,-9.0,-9.0,-9.0,-9.0,-9.0,-9.0,-9.0,-9.0,-9.0,-9.0,-9.0,-9.0,0.0
73.0,469.795,4.0,117.81776,36.0,0.0,0.0,96.0,22.300879,5.149759,6.0,31.0,3.0,20.0,3.0,0.0,0.0,2.0,86.39407,5.0,2.0,1.0,44.0,0.0
75.0,226.07594,5.0,92.2874,22.0,0.0,0.0,100.0,-7.0,7.0,8.0,22.505587,1.0,16.927347,0.0,2.2901855,2.0,18.0,100.0,6.312112,2.0,1.0,63.615112,0.0
74.567764,205.26405,1.0,58.0,14.0,0.0,0.0,100.0,-7.0,7.0,8.0,15.0,2.0,33.0,0.0,1.0,1.0,62.689083,100.0,4.0,2.0,1.0,75.0,0.0
66.0,-8.993356,5.0,39.732834,14.871372,0.0,0.0,100.0,-7.0,7.0,8.0,-9.0,3.0,24.0,0.0,2.0,2.0,34.269657,-8.0,5.0,1.0,1.0,100.0,0.0
62.63081,164.244,3.0,52.781406,36.740463,0.0,0.0,97.0,38.642544,6.0,6.0,43.91585,4.0,12.24703,7.952894,0.0,0.0,86.446625,92.111626,9.0,2.0,5.9372635,60.0,0.0
71.0,301.59116,2.7648804,94.0,35.935886,0.0,0.0,95.0,37.42263,6.0,6.0,34.0,2.0,49.76574,5.390973,1.0,1.0,63.675777,54.56751,3.0,2.0,1.0,83.87474,0.0
-9.0,-9.0,-9.0,-9.0,-9.0,-9.0,-9.0,-9.0,-9.0,-9.0,-9.0,-9.0,-9.0,-9.0,-9.0,-9.0,-9.0,-9.0,-9.0,-9.0,-9.0,-9.0,-9.0,0.0
84.0,199.44435,58.810802,272.7172,19.0,1.0,0.0,86.17948,31.500479,6.0,4.0,-9.0,0.0,4.837398,-8.0,0.0,0.0,0.0,-8.0,2.0,1.0,0.0,26.302818,0.0
89.62068,260.25677,33.543945,131.66124,19.0,0.0,0.0,100.0,-7.0,7.0,8.0,19.0,0.0,45.0,-7.0,0.0,0.0,2.0,-8.0,1.0,1.0,0.0,49.773678,0.0
-9.0,-9.0,-9.0,-9.0,-9.0,-9.0,-9.0,-9.0,-9.0,-9.0,-9.0,-9.0,-9.0,-9.0,-9.0,-9.0,-9.0,-9.0,-9.0,-9.0,-9.0,-9.0,-9.0,0.0
72.0,87.040115,4.0,58.0,23.11573,0.0,0.0,86.29744,-9.0,6.0,5.0,29.0,4.0,57.56807,9.415091,0.0,0.0,1.0,-8.0,3.0,2.0,0.0,62.266308,0.0
81.0,-9.0,7.2523,43.18267,12.0,0.0,0.0,100.0,-7.0,7.0,8.0,10.0,1.0,37.0,1.0,1.0,1.0,22.03939,-8.0,2.0,1.0,0.0,50.0,0.0
78.20886,148.44292,35.66886,65.657715,12.259853,0.0,0.0,100.0,-7.0,7.0,8.0,10.0,0.0,69.739075,-7.0,0.0,0.0,63.89362,30.051199,1.0,2.0,0.0,83.0,0.0
84.0,161.0851,2.0,79.66833,27.0,0.0,0.0,90.68364,75.40056,6.0,6.0,30.591148,3.0,59.126553,-7.0,1.0,1.0,0.0,91.0,2.0,3.0,0.0,54.155018,0.0
-9.0,292.6236,9.0,122.274765,34.0,1.0,1.0,90.0,-7.0,-9.0,6.0,56.089546,1.0,49.346367,0.0,0.0,0.0,68.25925,75.912704,6.0,3.3312945,1.0,76.142365,0.0
67.0,184.38661,9.0,90.0,30.0,1.0,0.0,94.16769,9.334506,6.0,5.0,33.0,1.0,57.438763,12.945519,0.0,0.0,29.208872,81.65321,3.0,4.0,1.0,56.0,0.0
-9.0,-9.0,-9.0,-9.0,-9.0,-9.0,-9.0,-9.0,-9.0,-9.0,-9.0,-9.0,-9.0,-9.0,-9.0,-9.0,-9.0,-9.0,-9.0,-9.0,-9.0,-9.0,-9.0,0.0
80.0,329.78616,23.49531,141.56003,26.0,1.0,1.0,92.0,56.850433,6.0,3.0,24.0,0.0,44.599194,0.0,1.0,1.0,1.0,69.35181,2.0,3.322798,0.0,57.42788,0.0
89.0,372.76587,2.0,106.52118,18.0,0.0,0.0,100.0,-7.0,7.0,8.0,19.842318,4.0,43.0,3.0,1.0,1.0,9.491767,81.077126,3.0,2.0,0.0,79.0222,0.0
78.0,257.60928,3.0,92.655754,18.0,0.0,0.0,86.15508,64.928505,6.0,6.0,21.0,2.0,21.0,19.756649,2.0,1.8960848,10.282145,85.02263,2.0,2.0,0.0,53.118843,0.0
88.0,273.21237,9.0,82.0,22.0,0.0,0.0,100.0,-7.0,7.0,8.0,24.0,0.0,18.587563,16.0,0.0,0.0,9.0,76.0,1.0,1.0,0.0,28.77676,0.0
92.71364,340.0965,52.767227,195.86401,7.104411,0.0,0.0,100.0,-7.0,7.0,8.0,3.9881196,0.0,14.0,0.0,0.0,0.0,0.0,-8.0,1.0,1.0,0.0,33.0,0.0
-9.0,-9.0,-9.0,-9.0,-9.0,-9.0,-9.0,-9.0,-9.0,-9.0,-9.0,-9.0,-9.0,-9.0,-9.0,-9.0,-9.0,-9.0,-9.0,-9.0,-9.0,-9.0,-9.0,0.0
66.57455,190.66966,-9.0,92.0,27.82988,1.0,1.0,88.68211,4.7717314,6.0,5.0,42.767426,2.0,31.0,0.0,0.0,0.0,31.186321,50.858833,6.0,1.0,1.0,60.0,0.0
92.70448,368.42383,43.48149,272.4126,10.0,0.0,0.0,100.0,-7.0,7.0,8.0,9.232344,0.0,15.0,0.0,0.0,0.0,3.0225868,-8.0,1.0,1.0,0.0,47.700504,0.0
62.0,139.06447,5.477497,50.346382,17.0,2.0,0.0,80.97613,25.935366,6.0,3.444044,20.0,1.0,58.520706,0.0,2.0,2.0,48.8034,54.111465,6.0,2.0,2.0,100.0,0.0
80.19228,177.90678,5.0,67.0,25.0,0.0,0.0,100.0,-7.0,7.0,8.0,24.0,2.0,39.534336,0.0,1.0,1.0,1.0,79.47216,2.0,6.025381,0.0,92.05883,0.0
82.0,166.77086,8.0,77.0,28.0,0.0,0.0,96.0,36.739574,6.0,6.0,40.364834,2.0,34.638477,-7.0,2.0,1.0,8.0,91.39197,4.8467627,2.0,0.0,56.60262,0.0
69.0,214.26639,13.024612,70.754036,14.0,2.0,1.0,77.534546,23.301336,6.0,2.0,18.0,0.0,21.0,6.844184,1.0,1.0,34.267246,-8.0,2.0,1.0,2.0,57.0,0.0
73.0,130.61511,16.70072,54.08461,17.0,0.0,0.0,88.0,40.509483,6.0,6.0,19.0,0.0,6.041078,-7.0,0.0,0.0,28.0,-8.0,5.0,1.0,0.0,56.0,0.0
88.0,207.09628,9.0,86.0,14.0,0.0,0.0,100.0,-7.0,7.0,8.0,18.0,0.0,44.236015,22.465004,0.0,0.0,0.0,34.813667,1.0,2.0,0.0,56.0,0.0
77.0,96.04236,7.39792,61.0,12.0,0.0,0.0,100.0,-7.0,7.0,8.0,3.978253,2.0,36.0,0.0,2.0,2.0,2.89221,97.33631,4.0,2.0,0.0,100.0,0.0
84.0,117.63029,3.0,61.0,21.0,0.0,0.0,100.0,-7.0,7.0,8.0,20.0,1.8277574,22.0,0.0,0.0,0.0,17.0,-8.0,4.0,-8.0,0.0,75.0,0.0
-9.0,-9.0,-9.0,-9.0,-9.0,-9.0,-9.0,-9.0,-9.0,-9.0,-9.0,-9.0,-9.0,-9.0,-9.0,-9.0,-9.0,-9.0,-9.0,-9.0,-9.0,-9.0,-9.0,0.0
75.0,345.21396,7.0,79.95648,40.58071,0.0,0.0,100.0,-7.0,7.0,8.0,40.35226,3.0,18.0,0.0,1.0,1.0,17.0,85.88943,5.0,2.0,0.0,40.0,0.0
81.0,286.06342,-9.0,74.241714,35.017555,0.0,0.0,83.15995,27.183105,6.0,6.0,37.0,3.0,35.81432,0.0,1.0,1.0,4.0,100.0,3.0,2.0,0.0,69.86279,0.0
80.0,203.09366,5.0,72.322334,26.133415,0.0,0.0,100.0,-7.0,7.0,8.0,22.0,2.0,38.0,0.0,3.0,3.0,17.0,-8.0,4.0,3.0,0.0,67.0,0.0
91.76773,185.54588,7.0,71.0,22.0,0.0,0.0,100.0,-7.0,7.0,8.0,30.0,1.0,11.0,1.0,1.0,1.0,0.0,-8.0,-9.0,1.0,0.0,-9.0,0.0
68.536316,226.36674,6.0,78.20742,23.345118,1.0,1.0,88.47764,15.249566,4.0,5.0,28.0,1.0,22.0,0.0,1.0,1.0,17.0,22.169222,4.0,1.0,0.0,50.0,0.0
89.0,388.02307,9.0,113.36152,13.0,0.0,0.0,100.0,-7.0,7.0,8.0,21.837051,0.0,29.0,0.0,1.0,1.0,2.0,-8.0,1.0,2.0,0.0,44.0,0.0
81.0,256.1682,3.0,77.0,40.55065,0.0,0.0,100.0,-7.0,7.0,8.0,48.343197,3.0,27.0,0.0,2.0,2.0,53.831974,19.002033,1.0,2.0,0.0,54.668354,0.0
70.0,277.57394,20.0,164.11215,12.543054,1.0,0.0,79.72191,20.448893,6.0,5.0,10.431094,0.0,50.0,4.6633563,0.0,0.0,40.831062,-3.6012523,2.0,1.0,0.0,69.98141,0.0
73.0,273.24014,45.76358,98.74732,19.0,0.0,0.0,91.18102,4.0693035,4.0,6.0,22.0,0.0,36.0,-7.0,1.0,1.0,18.0,53.718884,3.858947,4.0,0.0,58.0,0.0
77.0,150.59276,5.566092,54.310337,20.0,0.0,0.0,100.0,-7.0,7.0,8.0,23.0,1.0,21.0,8.0,1.0,1.0,24.196764,66.15536,8.866604,3.0,3.0,64.0,0.0
67.30464,162.50345,1.1574386,46.550694,30.0,0.0,0.0,93.83669,2.8918571,6.0,6.0,40.862514,3.0,14.617102,-7.0,0.0,0.0,17.638807,60.109642,6.0,3.0,1.0,50.0,0.0
75.0,-2.280948,3.0,29.795378,15.0,0.0,0.0,100.0,-7.0,7.0,8.0,15.0,2.0,41.0,0.0,5.0,5.5773764,18.730597,65.0305,2.0,2.0,1.0,43.0,0.0
72.0,176.31381,2.0,94.48193,27.0,0.0,0.0,89.0,21.81802,6.0,6.0,28.0,1.0,19.0,0.0,1.0,1.0,45.00856,6.0646667,9.0,3.0,0.0,76.7193,0.0
77.0,242.20035,6.0,130.21138,37.78895,0.0,0.0,96.0,13.6334915,6.0,6.0,36.002064,1.0,15.0,-8.0,0.0,0.0,28.541523,-8.0,4.6055846,1.0,1.0,40.0,0.0
86.0,344.99332,12.0,106.018616,29.16547,0.0,0.0,100.0,-7.0,7.0,8.0,34.0,0.0,43.0,4.0,2.0,1.0,0.0,-8.0,3.0,2.0,0.0,64.0,0.0
80.0,375.7019,3.0,99.88514,33.0,0.0,0.0,100.0,-7.0,-9.0,6.0,42.34496,2.0,54.410168,0.0,3.0,3.0,11.714565,-8.0,1.0,4.0,0.0,60.0,0.0
83.0,148.2116,7.0,89.820694,23.0,0.0,0.0,97.0,29.668592,6.0,6.0,21.0,1.0,16.964415,0.0,0.0,0.0,5.571884,-8.0,2.0,-8.0,0.0,24.55342,0.0
75.0,268.25305,5.0,79.0,23.318863,0.0,0.0,100.0,-7.0,7.0,8.0,23.0,1.0,22.561144,-7.0,0.0,0.0,56.87954,-8.0,3.0,1.0,0.98215044,60.0,0.0
72.0,130.2446,4.568538,80.63932,16.0,0.0,0.0,90.0,22.746727,6.0,6.0,21.0,1.0,59.71319,3.0,1.0,1.0,16.939043,-8.0,1.0,1.0,0.0,33.0,0.0
79.0,125.05703,13.0,59.713963,41.150127,0.0,0.0,95.0,24.964931,6.0,6.0,40.873196,0.0,14.125841,9.0,0.0,0.0,3.0,86.20256,1.4253863,3.0,0.0,42.882877,0.0
82.0,144.71773,7.7785783,70.752495,8.301914,0.0,0.0,100.0,-7.0,7.0,8.0,9.0,2.0,18.0,0.0,2.0,1.4216579,13.0,81.90452,1.0,1.0,0.0,60.0,0.0
79.0,286.63235,3.0,86.0,36.168365,1.0,1.0,95.98941,72.73599,4.0,6.0,32.25291,1.0,23.245296,1.0,3.0,3.0,11.942694,46.173,7.0,2.0,0.0,64.0,0.0
83.0,290.38608,26.23199,90.89235,13.0,0.0,0.0,96.0,-9.0,6.0,6.0,17.190289,0.0,20.368341,21.774431,0.0,0.0,28.40114,35.363804,1.0,1.0,1.0,37.127354,0.0
68.0,322.19208,-9.0,74.434715,36.0,1.0,1.0,100.0,-7.0,7.0,8.0,72.560745,4.0,19.0,0.0,3.5186343,3.641699,1.0,-8.0,5.0,2.0,2.0,50.0,0.0
67.5774,157.64212,4.0,58.98665,25.241186,0.0,0.0,100.0,-7.0,7.0,8.0,26.0,2.0,48.66676,-7.2598643,1.0,1.0,99.25437,93.0,4.0,5.410176,7.348799,75.0,0.0
74.0,-8.378593,4.0,38.26237,27.0,0.0,0.0,100.0,-7.0,7.0,8.0,25.0,2.0,33.0,8.0,1.0,1.0,43.8424,100.0,4.7914433,4.0,1.0,100.0,0.0
55.706467,349.8113,5.0,112.93481,28.0,0.0,0.0,82.43235,0.41767514,-0.81929696,6.0,27.829514,1.0,28.0,0.0,0.0,0.0,48.099205,80.0,6.0,2.0,2.0,70.0,0.0
67.57708,210.9017,4.0,77.72093,20.613655,0.0,0.0,92.0,-7.0,6.0,6.0,20.0,1.0,27.0,0.0,2.0,2.0,53.61388,-8.0,4.0,1.0,1.0,57.0,0.0
71.0,264.98416,8.488415,81.188446,37.32243,0.0,0.0,97.58104,71.175705,6.0,6.0,36.03792,1.0,61.034477,0.0,3.0,2.0,67.020996,87.32251,3.0,6.913374,1.0,71.0,0.0
75.738976,199.38606,4.0,68.0,12.0,0.0,0.0,100.0,-7.0,7.0,8.0,16.308178,2.0,6.7978015,3.0,0.0,0.0,13.0,-8.0,6.0,1.0,2.0,83.0,0.0
92.88974,226.28984,24.617071,120.88211,22.790606,0.0,0.0,100.0,-7.0,7.0,8.0,30.0,0.0,10.128411,-8.0,0.0,0.0,3.0,-8.0,2.0,-8.0,0.0,21.389046,0.0
77.0,286.74222,9.0,76.687004,28.0,0.0,0.0,97.0,11.918565,5.9267797,6.0,25.137268,1.0,32.0,9.0,0.0,0.0,14.817312,-8.0,4.0,2.0,1.0,40.0,0.0
69.0,291.33627,4.0,84.55641,17.0,1.0,0.0,77.9607,5.523125,-0.6802224,3.0,18.0,2.0,30.0,12.330076,0.0,0.0,0.06782912,-8.0,1.0,1.0,0.0,24.489897,0.0
68.0,133.58594,8.0,70.58959,29.0,0.0,0.0,94.0,23.441034,6.0,6.0,34.754356,3.0,16.296589,0.0,1.0,2.0,23.200457,-8.0,5.0,2.0,3.3930175,50.0,0.0
76.0,108.12259,4.0,36.926865,22.0,0.0,0.0,100.0,-7.0,7.0,8.0,24.038744,2.64643,43.381454,18.123404,0.0,0.0,40.928616,96.5487,2.0,6.0,0.0,75.0,0.0
-9.0,237.20746,3.0,104.26785,35.002804,4.282539,0.0,65.656876,-7.0,-9.0,2.0,48.294796,1.0,36.0,0.0,3.0,3.0,27.337791,50.486935,9.0,4.0,1.0,80.0,0.0
77.0,290.0206,6.0,88.6383,28.0,0.0,0.0,89.0,31.24348,6.0,6.0,35.0,1.0,27.0,0.0,1.8094532,1.2799295,13.478646,80.0,7.0,2.0,0.0,43.0,0.0
71.0,269.10944,36.9385,121.76385,22.0,0.0,0.0,96.0,35.119106,6.0,6.0,22.0,0.0,38.0,4.0,0.0,0.0,47.277943,-8.0,4.0,1.0,1.0,56.0,0.0
84.0,317.55786,5.0,94.845795,50.873646,0.0,0.0,100.0,-7.0,7.0,8.0,40.44772,1.0,20.0,0.0,3.0,3.0,9.634593,-8.0,3.0,1.0,0.0,33.0,0.0
68.0,173.13123,3.0,75.928444,27.0,0.0,0.0,91.79534,-9.0,6.0,6.0,32.0,1.084216,19.0,0.0,1.0,1.151753,23.767836,14.498802,4.1736073,1.0,0.0,63.0,0.0
76.0,294.79205,2.0,61.97952,28.440672,0.0,0.0,100.0,-7.0,7.0,8.0,37.18845,9.900854,42.0,1.0,5.281711,5.0,11.0,91.0,4.0,4.0,0.0,69.58017,0.0
88.03938,435.63776,14.452802,97.0,21.0,0.0,0.0,100.0,-7.0,7.0,8.0,18.0,0.0,29.0,22.827456,0.0,0.0,3.0,-8.0,3.8074453,1.0,0.0,40.0,0.0
79.42228,103.42208,5.3619113,51.797054,19.0,0.0,0.0,96.0,47.44556,6.0,6.0,19.0,3.0,39.438015,0.0,2.0,2.0,0.0,79.8783,2.0,2.0,0.0,33.0,0.0
-9.0,-9.0,-9.0,-9.0,-9.0,-9.0,-9.0,-9.0,-9.0,-9.0,-9.0,-9.0,-9.0,-9.0,-9.0,-9.0,-9.0,-9.0,-9.0,-9.0,-9.0,-9.0,-9.0,0.0
64.4877,160.73685,26.453136,105.28296,17.0,0.0,0.0,85.97396,16.318428,6.0,6.0,13.0,0.0,25.0,-7.0,0.0,0.0,80.58423,51.845158,5.0,2.0,2.0,81.0488,0.0
87.62155,382.92886,6.0,109.58203,20.0,0.0,0.0,96.0,69.71075,6.0,6.0,19.0,2.0,30.128244,0.0,1.0,1.0,0.0,46.456894,1.0,1.0,0.0,43.0,0.0
66.29535,123.74646,13.14288,29.492237,15.0,0.0,0.0,100.0,-7.0,7.0,8.0,17.0,0.0,37.0,-7.0,1.0,1.0,55.685867,8.948045,3.0,4.0,2.0,56.543873,0.0
74.0,353.83844,1.0,72.325386,24.0,2.0,0.0,84.11209,11.319732,6.0,3.0,30.0,3.0,29.0,-8.0,3.0,3.0,6.0,-8.0,3.0,5.0,0.0,46.380844,0.0
90.0,232.6771,29.703617,86.50187,-6.121451,0.0,0.0,100.0,-7.0,7.0,8.0,0.6411313,0.0,14.0,7.0,2.0,1.0,1.0,-8.0,1.0,-8.0,0.0,100.0,0.0
82.992165,247.86069,15.0,136.83261,20.0,0.0,0.0,100.0,-7.0,7.0,8.0,28.0,0.0,35.0,-8.0,0.0,0.0,36.0,-8.0,4.0,1.0,0.0,70.0,0.0
72.0,204.3416,3.0,67.95991,48.13645,0.0,0.0,100.0,-7.0,7.0,8.0,66.63448,4.0,42.0,0.0,3.439826,4.0,26.069487,-8.0,6.0,4.0,2.0,60.0,0.0
72.0,174.48807,5.0,73.78162,37.709312,2.0,1.0,89.064095,26.477013,6.0,5.0,46.64534,2.0,46.38335,6.5022793,0.0,0.0,18.0,66.6518,5.0,6.0,0.0,50.0,0.0
87.0,280.95294,2.0,64.3705,10.0,0.0,0.0,100.0,-7.0,7.0,8.0,20.0,2.0,27.0,4.0,0.0,0.0,16.0,-8.0,2.0,-8.0,0.0,44.66939,0.0
80.0,207.11775,5.365057,81.72408,14.0,0.0,0.0,100.0,-7.0,7.0,8.0,15.0,0.86172456,38.627323,0.0,4.806375,5.0,4.3562803,-8.0,3.0,2.0,0.0,75.0,0.0
82.0,-1.4187167,2.0,55.231007,22.512657,0.0,0.0,100.0,-7.0,7.0,8.0,23.0,3.0,40.58841,3.0,2.0,2.0,19.993343,92.5068,3.0,2.0,0.0,67.0,0.0
72.0,261.92267,3.0,113.28914,22.0,1.0,1.0,100.0,-7.0,7.0,8.0,22.0,1.0,19.0,8.580722,0.0,0.0,34.85205,93.62108,5.0,2.0,1.0,83.0,0.0
73.686295,153.86935,3.2798917,83.848366,15.0,2.0,2.0,93.4965,22.412024,6.0,5.002666,14.0,1.0193172,16.0,0.0,3.0,3.0,10.0,-8.0,2.0,-8.0,0.0,-9.0,0.0
81.0,196.81639,5.0,93.90199,22.0,0.0,0.0,94.0,20.557226,6.0,5.0,22.457132,1.0,50.090023,-7.0,4.0,4.0,0.0,100.0,1.0,3.0,0.0,60.0,0.0
83.19097,187.5454,5.0,74.0,19.0,0.0,0.0,92.0,71.90343,6.0,6.0,23.0,2.0,50.2195,-8.0,0.0,0.0,0.20657331,84.10661,1.0,2.0,0.0,100.0,0.0
71.934814,107.78494,2.0,-9.0,14.0,0.0,0.0,100.0,-7.0,7.0,8.0,20.0,3.0,16.525515,0.65351576,3.0,3.0,28.0,-8.0,3.0,-1.8167253,2.0,64.0,0.0
-9.0,201.48172,8.100212,46.321106,42.749153,0.0,0.0,89.0,-7.0,3.0,5.0,56.086422,1.6611421,50.0,0.0,5.0,5.0,93.52513,71.99498,8.036287,5.0,1.0,86.0,0.0
66.0,396.5654,4.0,124.852844,22.941803,2.0,0.0,94.0,70.67809,6.0,3.0,23.0,1.0,24.0,0.0,2.0,1.0,90.7678,-8.0,3.0,2.0,6.7167706,72.31691,0.0
70.0,192.49567,9.0,61.0,25.0,0.0,0.0,100.0,-7.0,7.0,8.0,25.0,1.0,47.0,9.623305,0.0,0.0,69.19687,82.0,3.0,4.0,2.0,75.0,0.0
87.0,421.3502,13.684532,142.53264,25.0,0.0,0.0,97.0,22.248571,6.0,6.0,27.0,0.0,28.0,-8.0,0.0,0.0,0.0,-8.0,2.0,-4.385075,0.0,14.241357,0.0
85.0,483.34445,5.0,147.09055,15.0,0.0,0.0,95.0,41.433784,6.0,6.0,15.0,2.0,18.0,0.0,1.0,1.0,5.528491,-8.0,5.0,1.0,0.0,86.0,0.0
71.3055,206.9213,1.0,77.05649,67.57857,0.0,0.0,100.0,-7.0,7.0,8.0,83.64851,2.0,-9.0,0.0,3.9705334,3.0,17.0,97.26823,9.0,2.0,4.059248,40.066097,0.0
87.0,303.5563,8.0,168.98334,22.0,0.0,0.0,100.0,-7.0,7.0,8.0,30.0,2.0,26.0,12.0,0.0,0.0,0.0,-8.0,2.0,1.0,0.0,30.207716,0.0
84.753456,115.77897,1.0,68.0,22.0,0.0,0.0,100.0,-7.0,7.0,8.0,22.0,1.0,41.270084,9.0,2.0,2.0,2.0,121.9547,2.0,1.0,0.0,80.61369,0.0
91.0,176.3133,6.0,92.826965,19.0,0.0,0.0,100.0,-7.0,7.0,8.0,24.0,1.0,62.645508,0.0,0.26932907,0.73977435,0.0,60.650223,1.0,3.0,0.0,60.410835,0.0
68.24546,163.50362,4.0,78.82661,22.519775,0.0,0.0,100.0,-7.0,7.0,8.0,20.0,1.0,11.0,0.0,2.0,2.0,64.071236,-8.0,6.0,1.0,3.0,75.0,0.0
83.0,375.85797,3.0,92.0,24.0,0.0,0.0,100.0,-7.0,7.0,8.0,26.0,2.0,38.0,0.0,0.0,0.0,21.0141,-8.0,9.267436,-9.0,0.0,45.911327,0.0
81.0,467.523,14.788891,122.03906,30.0,0.0,0.0,100.0,20.863222,6.0,6.0,39.337353,2.0,29.0,0.0,0.0,0.0,15.0,-8.0,3.0,2.0,0.0,43.125282,0.0
62.004387,108.45198,6.217089,67.08415,20.07274,3.0,3.4933,88.0,13.115823,4.0,6.0,23.0,4.0,16.0,-7.0,0.0,0.0,32.0,69.9438,9.0,2.0,0.0,64.096695,0.0
65.391014,132.82501,1.0,57.10493,24.0,1.0,1.0,97.0,2.1725647,4.0,4.0,30.478102,4.0,50.0,0.0,5.4718275,5.9110265,0.0,-8.0,1.0,2.0,0.0,47.591618,0.0
80.0,190.82765,2.0,125.44122,55.3408,0.0,0.0,97.0,66.47342,6.0,6.0,54.0341,1.0,67.357056,0.0,4.0,4.0,21.0,77.452126,7.0,7.769639,1.0,82.003914,0.0
79.0,272.11298,25.216476,86.6685,13.0,1.0,0.0,90.89259,37.807503,6.0,5.0,14.0,0.0,24.0,-8.0,0.0,0.0,1.0213509,85.139824,2.0,2.0,0.0,67.0,0.0
83.0,167.4031,16.0,65.27091,21.0,0.0,0.0,100.0,-7.0,7.0,8.0,23.0,0.0,36.0,1.0,2.0,2.0,5.0,57.728035,3.0,6.0,1.0,91.3479,0.0
69.76801,180.31277,8.0,68.0,15.0,1.0,1.0,92.406494,27.310001,4.0,2.0,19.0,2.0,32.0,0.0,2.213637,2.0,72.75643,-8.0,2.0,2.0,1.0,66.04767,0.0
86.0,-9.0,2.0,56.93158,10.0,0.0,0.0,100.0,-7.0,7.0,8.0,6.2675476,2.0,52.215195,7.0,0.0,0.0,0.0,82.103424,0.0,3.0,0.0,56.0,0.0
81.0,271.90533,27.732855,82.1782,39.0,0.0,0.0,95.0,52.2083,6.0,6.0,50.088596,0.0,55.11871,1.0,2.0,1.0,1.0,64.85943,4.0,6.0,0.0,67.0,0.0
88.0,399.95624,10.0,180.04074,20.708647,0.0,0.0,100.0,-7.0,7.0,8.0,21.0,0.0,33.0,12.803591,0.0,0.0,5.0,-8.0,6.0,-8.0,0.0,56.59952,0.0
71.0,238.31575,3.0,54.377747,17.0,0.0,0.0,100.0,-7.0,7.0,8.0,19.817265,2.0,39.0,0.0,0.0,0.0,65.885605,69.32254,7.961885,2.0,2.0,75.0,0.0
85.0,180.31245,4.0,120.13859,20.0,0.0,0.0,100.0,-7.0,7.0,8.0,22.0,2.0,33.0,2.0,1.0,1.0,2.0,-8.0,2.0,1.8422416,0.0,48.42134,0.0
84.0,170.30376,3.127832,73.63314,31.0,0.0,0.0,100.0,-7.0,7.0,8.0,35.0,1.0,33.0,0.0,1.0,1.0,7.0,-8.0,6.0,2.0,0.0,46.245037,0.0
77.0,125.91829,10.0,69.83458,-1.169497,0.0,0.0,81.505905,9.248494,6.0,6.0,6.095806,0.0,43.0,20.23117,0.0,0.0,33.73374,-8.0,3.0,1.0,0.0,70.67076,0.0
-9.0,-9.0,-9.0,-9.0,-9.0,-9.0,-9.0,-9.0,-9.0,-9.0,-9.0,-9.0,-9.0,-9.0,-9.0,-9.0,-9.0,-9.0,-9.0,-9.0,-9.0,-9.0,-9.0,0.0
66.83842,226.5404,13.0,68.41265,16.0,2.0,0.0,89.00366,18.342997,2.7111962,4.0,20.0,0.0,21.03894,0.0,3.0,3.0,9.741792,-8.0,2.0,2.0,0.0,50.0,0.0
82.0,138.3191,11.0,114.83234,24.0,0.0,0.0,100.0,-7.0,7.0,8.0,17.924713,1.0,30.803083,0.0,0.0,0.0,26.017258,-8.0,5.0,5.0,0.0,63.0,0.0
64.0,449.14615,3.0,94.0,25.611965,0.0,0.0,100.0,-7.0,7.0,8.0,29.3409,2.945858,31.0,0.0,2.0,2.0,37.353992,45.752686,8.805624,3.0,2.0,71.0,0.0
67.0,196.68483,6.0,73.253815,21.0,1.0,0.0,86.349335,4.6321073,0.8351693,5.0,25.0,1.0,88.62434,1.0,3.0,2.0,22.975012,93.84941,3.0,3.0,0.0,100.0,0.0
77.29166,153.21268,2.0,84.0,41.16747,0.0,0.0,100.0,-7.0,4.0,8.0,43.135246,2.7096827,38.0,0.0,6.5615926,6.381534,28.0,-8.0,3.0,2.0,0.0,67.0,0.0
79.0,273.28857,13.118931,109.84809,25.705069,0.0,0.0,97.0,31.106972,6.0,6.0,27.0,0.0,43.0,9.0,0.0,0.0,36.0,-8.0,4.0,1.0,0.0,94.37067,0.0
72.06798,152.50761,2.0,71.48672,20.0,0.0,0.0,100.0,-7.0,6.0,8.0,20.743183,3.0,37.381252,0.0,3.0,3.0,13.538327,91.94733,4.0674415,3.0,1.0,81.38805,0.0
-9.0,-9.0,-9.0,-9.0,-9.0,-9.0,-9.0,-9.0,-9.0,-9.0,-9.0,-9.0,-9.0,-9.0,-9.0,-9.0,-9.0,-9.0,-9.0,-9.0,-9.0,-9.0,-9.0,0.0
71.61712,184.17001,14.714223,78.99274,14.0,1.0,1.0,100.0,-7.0,7.0,8.0,15.37132,0.0,50.0,20.99281,0.0,0.0,22.941107,85.71966,2.0,3.0,1.0,85.27165,0.0
83.0,183.35033,6.0,110.14248,16.0,0.0,0.0,91.0,35.67958,6.0,6.0,14.0,2.0,25.0,5.0,0.0,0.0,7.0,-8.0,3.6373632,1.0,0.0,64.0,0.0
75.0,177.6675,2.0,101.80887,32.0,3.3786626,0.0,94.0,24.560013,6.0,3.0,39.917156,1.0,35.011234,2.0,2.0,1.9121345,6.361343,24.709352,7.0,2.0,0.0,75.0,0.0
73.0,136.03139,3.0,53.154274,25.921457,0.0,0.0,100.0,-7.0,7.0,8.0,32.0,1.0,21.118958,0.0,1.0,1.0,36.792652,35.233673,2.0,3.0,1.0,50.0,0.0
58.190002,333.85068,1.0,117.38645,22.673164,2.0,1.0,91.12421,-7.0,3.0536678,5.0,24.0,1.0,43.0,0.0,1.0,1.0,36.0,70.57674,3.0,2.0,0.0,60.0,0.0
62.740334,199.38446,3.0,125.70476,31.056992,2.0,0.0,88.64051,3.0,-9.0,2.0,33.644638,2.0,21.0,0.0,4.0,4.048205,50.544006,94.184784,8.0,2.0,3.0,50.0,0.0
80.0,165.91696,2.0,88.638245,32.0,0.0,0.0,100.0,-7.0,7.0,8.0,25.424198,2.0,18.0,-7.0,1.0,1.0,16.020115,-8.0,5.0,1.0,1.0,30.630074,0.0
75.0,210.73567,1.0,75.51179,23.0,0.0,0.0,100.0,-7.0,7.0,8.0,28.0,2.0,50.0,-7.0,11.329584,7.2185974,1.8323398,71.10272,0.0,4.0,0.0,80.0,0.0
86.22075,361.5926,7.0,104.52803,10.0,0.0,0.0,100.0,-7.0,7.0,8.0,13.0,1.0,23.77863,-8.0,0.0,0.0,19.315609,-8.0,2.033411,2.0,0.0,44.0,0.0
74.0,235.80072,3.0,68.0,43.31769,0.0,0.0,100.0,-7.0,7.0,8.0,45.131683,6.2401404,22.1963,-0.8808079,3.0,3.0,19.0,92.428925,5.0,2.1402137,0.0,50.0,0.0
92.439026,636.6869,7.0,170.7377,9.0,0.0,0.0,100.0,-7.0,7.0,8.0,11.0,1.0,19.0,-7.0,0.0,0.0,1.0,-8.0,2.0,-8.0,0.0,21.054026,0.0
77.0,375.8398,6.0,93.07619,55.13818,0.0,0.0,95.0,33.086243,6.0,6.0,61.763245,1.0,40.0,1.0,2.0,2.0,1.0,97.38506,4.0,3.0,0.0,43.0,0.0
71.0,274.41772,9.379365,77.39263,6.0,3.903825,4.8373494,59.11767,29.771109,6.0,-9.0,7.0,1.0,47.357704,-7.0,0.0,0.0,4.0,-8.0,1.0,1.0,0.0,83.0,0.0
74.0,240.98132,22.22549,228.31844,17.0,0.0,0.0,95.0,4.8895173,4.0,6.0,12.0,0.0,46.0,-8.0,0.0,0.0,1.0,81.56958,5.0,5.0,0.0,80.0,0.0
-9.0,-9.0,-9.0,-9.0,-9.0,-9.0,-9.0,-9.0,-9.0,-9.0,-9.0,-9.0,-9.0,-9.0,-9.0,-9.0,-9.0,-9.0,-9.0,-9.0,-9.0,-9.0,-9.0,0.0
56.99905,237.69452,4.0,77.0,19.776567,0.0,0.0,83.234764,4.7352962,6.0,6.0,21.298521,2.0,45.337788,-7.0,0.0,0.0,34.143272,88.0,4.0,4.4519434,1.0,70.87796,0.0
86.0,186.44421,14.580482,116.14957,21.0,0.0,0.0,100.0,-7.0,7.0,8.0,10.0,0.0,14.167781,-7.0,0.0,0.0,8.176187,97.18135,6.0,2.0,0.0,41.981422,0.0
84.0,481.0574,8.0,76.0,14.0,0.0,0.0,100.0,-7.0,7.0,8.0,13.0,2.0,19.0,-9.0,0.0,0.0,1.7882788,88.82567,2.0,2.0,0.0,41.75149,0.0
69.0,200.93088,5.0,66.97585,30.205969,0.0,0.0,100.0,-7.0,7.0,8.0,32.448784,2.0,29.0,-7.0,0.0,0.0,47.159283,82.595276,6.0,4.0,1.0,67.0,0.0
70.0,139.25188,18.554285,58.911613,17.619104,0.0,0.0,96.0,-7.0,4.0,6.0,4.816981,0.0,32.86886,8.631183,0.0,0.0,0.0,-8.0,1.0,2.0,0.0,43.0,0.0
57.312183,413.7198,3.0,94.0,47.84748,1.0,1.0,86.77319,6.0,4.0,6.0,55.011124,3.0,14.805418,0.0,3.6641407,3.8577182,24.107885,-8.0,11.374309,1.0,3.0,47.562965,0.0
74.0,137.02019,7.0,98.69847,32.0,1.3533646,1.0,88.04782,39.685024,6.0,2.0,33.0,1.0,22.0,0.0,3.0,3.0,14.0,-5.5717077,2.0,2.0,1.0,50.0,0.0
71.0,165.9035,-9.0,49.81961,13.0,0.0,0.0,100.0,-7.0,7.0,8.0,12.0,3.0,25.0,0.0,1.0,1.0,11.890304,84.04188,4.0,1.0,0.0,64.139336,0.0
87.0,275.80038,22.1899,107.84599,17.0,0.0,0.0,100.0,-7.0,7.0,8.0,22.0,0.0,40.0,4.0,2.0,1.0,1.0,-8.0,2.0,-8.0,0.0,65.94481,0.0
75.0,258.8275,8.0,102.68163,11.0,1.0,1.0,90.145905,45.324562,6.0,5.0,9.0,1.2863755,22.0,0.0,1.0,1.0,2.0,91.85257,2.0,2.0,-8.0,80.0,0.0
85.0,243.92018,1.0,80.0,27.0,0.0,0.0,100.0,-7.0,7.0,8.0,26.0,5.0,21.0,3.8772643,3.0,2.0,11.0,82.005196,1.0,2.0,0.0,75.0,0.0
82.0,196.06499,7.0,73.537094,17.0,0.0,0.0,100.0,-7.0,7.0,8.0,20.0,4.0,31.314259,0.0,4.0,4.0,1.0,44.15971,1.0,2.0,0.0,40.0,0.0
67.0,172.25497,13.53199,68.12961,7.028067,1.5513879,1.5125678,79.6964,4.0,4.0,2.0,12.0,0.0,28.739927,7.0,0.0,0.0,53.44004,58.817142,3.0,1.0,0.0,74.8022,0.0
66.83212,226.13826,7.0,84.61491,22.0,0.0,0.0,95.0,4.0,4.0,6.0,19.0,2.0,23.0,3.0,0.0,0.0,23.16954,93.9384,4.0,2.7262995,1.4482678,44.0,0.0
88.57773,58.251575,3.0,51.35322,7.406914,0.0,0.0,100.0,-7.0,7.0,8.0,10.351419,1.0,39.0,0.0,4.315799,4.0,0.0,84.02218,-9.0,2.0,0.0,39.727985,0.0
68.0,169.82904,2.0,73.8271,15.080908,3.4934392,3.8466823,84.11933,16.262531,6.0,3.0,22.0,1.0,24.0,0.0,4.0,4.0,7.8922973,-8.0,2.0,1.0,0.0,30.937048,0.0
72.0,-1.4771442,4.0,45.0344,27.0,0.0,0.0,97.01758,56.46487,6.0,6.0,28.0,3.0,57.823784,2.0,0.0,0.0,49.380207,110.12967,3.0,3.0,1.0,70.96641,0.0
78.0,110.30362,5.0,50.862457,27.0,0.0,0.0,100.0,-7.0,7.0,8.0,26.0,3.0,42.0,0.0,1.0,1.0,27.439379,95.20509,4.0,3.0,0.0,67.0,0.0
81.0,283.46454,5.0,69.73645,20.0,0.0,0.0,100.0,-7.0,7.0,8.0,28.0,3.0,39.0,1.0,3.0,3.0,19.262798,71.0,2.0,2.0,0.0,63.0,0.0
70.68747,176.62933,7.0,64.56198,47.711876,2.0,1.1669618,93.47252,54.21215,6.0,2.010912,69.4305,1.0,20.0,3.0,1.0,1.9211833,44.11428,63.045452,3.0,3.0,0.0,53.746292,0.0
70.0,191.9894,4.0,121.43859,10.0,0.0,0.0,63.143883,14.484434,6.0,6.0,19.704744,1.0,27.0,1.0,1.0,1.0,6.6418357,-8.0,1.0,2.0,1.0,50.0,0.0
75.0,157.59416,15.238325,116.39758,12.0,0.0,0.0,88.0,72.34285,6.0,5.0,9.314796,0.0,22.979095,0.0,0.0,0.0,71.51942,-8.0,2.0,1.0,0.0,63.0,0.0
67.0,339.08182,8.411938,124.98169,26.036518,2.0,1.0,93.0,24.138397,6.0,2.0,24.0,2.0,25.0,0.0,2.0,2.0,12.507174,52.958637,4.0,2.0,0.0,50.0,0.0
88.0,325.86743,5.0,79.969124,51.295105,0.0,0.0,100.0,-7.0,7.0,8.0,52.67329,4.0,9.02061,0.0,6.853623,5.507174,1.0,-8.0,3.0,1.0,0.0,-9.0,0.0
67.62705,194.71669,4.0,63.111378,33.0,0.0,0.0,97.0,0.712349,6.0,6.0,41.17108,3.0,26.0,-6.790718,0.0,0.0,50.687965,100.0,10.012793,2.0,4.0,100.0,0.0
76.0,167.61212,3.0,83.0,25.0,0.0,0.0,89.0,19.499622,6.0,6.0,9.617895,3.0,26.0,10.274972,0.5878938,1.0,10.068103,-8.0,4.0,2.0,0.0,63.0,0.0
-9.0,-9.0,-9.0,-9.0,-9.0,-9.0,-9.0,-9.0,-9.0,-9.0,-9.0,-9.0,-9.0,-9.0,-9.0,-9.0,-9.0,-9.0,-9.0,-9.0,-9.0,-9.0,-9.0,0.0
81.0,180.37772,17.0,76.677246,20.336485,0.0,0.0,100.0,-7.0,7.0,8.0,20.0,0.0,23.0,0.0,0.0,0.0,11.0,59.139935,2.0,2.0,0.0,40.726048,0.0
-9.0,-9.0,-9.0,-9.0,-9.0,-9.0,-9.0,-9.0,-9.0,-9.0,-9.0,-9.0,-9.0,-9.0,-9.0,-9.0,-9.0,-9.0,-9.0,-9.0,-9.0,-9.0,-9.0,0.0
72.0,125.72747,23.201708,69.84824,9.0,0.0,0.0,77.17204,22.97451,4.0,5.9982967,15.0,0.0,14.0,0.0,0.0,0.0,1.0,-8.0,1.0,1.0,0.0,57.121143,0.0
73.24774,105.30643,4.0,71.44033,27.0,0.0,0.0,96.0,37.158447,6.0,6.0,16.851103,6.0,33.0,0.0,3.0,3.0,28.0,99.79391,4.0,2.0,0.0,50.0,0.0
74.69872,100.93608,5.0,22.608435,4.6205792,0.0,0.0,100.0,-7.0,7.0,8.0,2.3433387,1.0,79.17334,0.0,1.0,0.0,0.0,94.27286,0.0,1.76543,-8.0,67.0,0.0
79.0,186.0247,24.327522,110.85315,9.0,0.0,0.0,100.0,-7.0,7.0,8.0,7.526833,0.0,31.0,1.0,2.0,2.0,51.95775,-8.0,2.0,1.0,1.0,60.0,0.0
83.0,180.38766,19.746258,86.31587,14.0,0.0,0.0,100.0,-7.0,7.0,8.0,16.0,0.0,64.343155,0.0,1.0,1.0,3.0,-8.0,2.0,3.0,0.0,64.0,0.0
73.0,180.55919,-9.0,59.308846,36.94356,0.0,0.0,95.0,22.744373,4.0,6.0,39.39215,4.853066,28.148457,0.0,1.0,1.0,32.0,71.30135,6.0,2.0,0.0,57.0,0.0
85.0,162.75552,-9.0,63.281147,36.0,0.0,0.0,100.0,-7.0,7.0,8.0,60.387558,3.0,12.318195,0.0,3.0,3.0,0.8013738,-8.0,4.0,1.0,0.0,27.5677,0.0
90.0,281.25644,9.802115,132.46791,7.0,0.0,0.0,100.0,-7.0,7.0,8.0,11.0,1.0,46.028576,-7.0,0.0,0.0,9.0,73.81708,2.0,1.0,0.0,57.0,0.0
79.0,751.68774,4.0,120.13178,59.10754,0.0,0.0,100.0,-7.0,7.0,8.0,57.216995,3.0,11.0,12.242171,0.0,0.0,16.0,-8.0,5.0,2.0,0.0,37.48561,0.0
-9.0,-9.0,-9.0,-9.0,-9.0,-9.0,-9.0,-9.0,-9.0,-9.0,-9.0,-9.0,-9.0,-9.0,-9.0,-9.0,-9.0,-9.0,-9.0,-9.0,-9.0,-9.0,-9.0,0.0
83.0,114.491646,12.499587,40.00663,9.0,0.0,0.0,100.0,-7.0,7.0,8.0,10.0,0.0,24.0,8.0,1.0,1.0,1.0,95.88344,0.0,2.0,0.0,6.061701,0.0
84.0,226.5837,31.285465,129.61893,9.0,0.0,0.0,91.0,4.0,6.0,6.0,11.70025,0.0,50.0,3.0,0.0,0.0,0.15570803,-8.0,1.0,1.0,0.0,35.46371,0.0
84.0,338.19354,25.135418,134.92374,26.05956,0.0,0.0,91.0,49.387863,6.0,6.0,32.347687,0.0,63.309235,11.184089,0.0,0.0,4.0,78.2211,2.0,5.0,0.0,57.0,0.0
76.0,385.44446,9.719549,121.10273,23.0,0.0,0.0,82.32641,-7.0,5.0,6.0,27.0,2.0,20.0,-7.0,0.0,0.0,6.0,91.76305,4.0,3.0,0.0,60.0,0.0
92.94605,171.52682,27.67682,90.0,7.0,0.0,0.0,100.0,-7.0,7.0,8.0,8.0,0.0,26.893341,-9.0,0.0,0.0,0.0,20.624884,1.0,2.0,0.0,41.14279,0.0
74.0,263.52206,5.0,111.14703,13.0,0.0,0.0,100.0,-7.0,7.0,8.0,14.0,2.0,44.475445,0.0,3.0,3.0,76.45538,-8.0,3.0,2.0,3.0,73.36234,0.0
83.0,346.65887,3.0,97.0,27.0,0.0,0.0,97.0,21.522774,6.0,6.0,24.0,1.0,24.188334,0.0,2.0,1.0,0.0,-8.0,0.80431,1.0,0.0,17.764935,0.0
71.212616,360.53262,5.0,120.439415,37.801994,0.0,0.0,97.41811,-7.0,6.0,6.0,50.669464,1.0,28.252356,13.86811,0.0,0.0,52.26249,-8.0,11.0,1.0,4.0,68.93648,0.0
72.0,136.00354,4.0,65.6143,12.38518,0.0,0.0,100.0,-7.0,7.0,8.0,14.0,1.0,67.69818,-7.0,0.0,0.0,58.15833,84.00694,2.0,1.0,2.0,86.43355,0.0
81.0,243.62755,4.0,83.13785,34.0,0.0,0.0,100.0,-7.0,7.0,8.0,38.604706,1.0,-9.0,-8.0,1.0,1.0,2.0,-8.0,6.0,1.0,0.0,41.28433,0.0
77.46189,173.33376,14.0,84.0,24.0,1.84865,1.0,100.0,-7.0,7.0,8.0,26.325739,0.0,44.506912,4.1293573,0.19247977,0.0,25.0,31.888845,5.0,3.0,0.0,67.0,0.0
83.02306,-8.045201,2.0,56.14522,11.028237,0.0,0.0,100.0,-7.0,7.0,8.0,15.0,2.0,39.0,-7.0,0.0,0.0,12.0,-8.0,2.0,1.0,0.0,44.0,0.0
67.0,125.81937,7.0,91.27828,16.555868,0.0,0.0,91.06218,46.089607,6.0,6.0,19.0,1.0,73.39762,5.0,1.0,1.0,102.34373,-8.0,3.0,2.0,1.0,100.0,0.0
81.0,171.25226,2.0,67.0,13.0,0.0,0.0,100.0,-7.0,7.0,8.0,14.622582,2.0,31.0,2.0,2.0,2.0,21.0,21.854803,2.0,2.0,0.0,50.0,0.0
82.0,241.7537,8.0,120.351814,14.0,0.0,0.0,100.0,-7.0,7.0,8.0,11.0,1.0,14.0,12.202179,0.0,0.0,25.557362,-8.0,3.0,1.0,0.0,60.0,0.0
63.660355,160.60854,7.0,106.14148,21.798931,1.0,0.0,95.0,36.572666,6.0,5.0,17.0,2.0,28.0,0.0,4.0,4.0,23.979742,98.08757,6.0,2.0,1.0,80.0,0.0
72.0,130.31885,1.0,63.0,10.0,0.0,0.0,82.68128,38.43129,6.0,6.0,15.0,3.0,51.5529,0.0,4.0,4.0,10.0,97.85028,2.0,3.0,0.0,57.0,0.0
78.0,189.17337,6.0,88.17895,14.0,0.0,0.0,100.0,-7.0,7.0,8.0,17.0,2.0,25.0,0.0,2.0,2.0,21.51992,-8.0,3.0,1.0,0.0,43.0,0.0
71.0,122.04751,18.241726,69.35527,10.167746,0.0,0.0,84.414,29.255398,4.0,6.0,8.0,0.0,-9.0,-8.0,0.0,0.0,45.088177,-8.0,3.0,-9.0,0.0,50.0,0.0
69.0,343.33362,4.0,82.128265,41.918613,0.0,0.0,93.0,6.0,6.0,6.0,43.857815,2.0,17.0,0.0,4.0,4.0,10.0,93.0,4.0,2.0,1.0,33.0,0.0
70.28329,180.97406,1.5160446,93.9668,29.175205,0.0,0.0,95.0,26.703732,4.0,6.0,14.205717,4.0,50.0,11.860277,3.0,3.0,18.625896,93.976204,2.0,3.0,1.0,67.0,0.0
88.0,53.55243,3.0,107.77057,24.0,0.0,0.0,100.0,-7.0,7.0,8.0,9.0,1.0,37.0,-7.0,0.0,0.0,18.0,-8.0,3.0,1.0,0.0,60.0,0.0
84.40001,157.55957,7.0582213,67.62462,12.0,0.0,0.0,100.0,-7.0,7.0,8.0,17.0,1.0,38.408176,2.0,0.0,0.0,14.0,88.0251,3.0,1.0,0.0,67.0,0.0
77.0,177.35828,4.0,71.0,32.0,0.0,0.0,97.0,34.44266,6.0,6.0,31.0,2.0,62.397038,21.747234,0.0,0.0,32.93798,11.146849,6.0,3.0,0.0,78.748276,0.0
80.0,177.30367,2.0,86.0,30.0,0.0,0.0,95.0,40.644543,6.0,6.0,31.0,3.0,39.765392,0.0,0.0,0.0,30.551174,90.438675,5.0,3.0,0.0,67.0,0.0
69.0,143.26611,2.0,103.66907,14.0,1.0,0.0,88.0,8.975904,6.0,4.035063,18.292439,1.0,38.0,9.0,0.0,0.0,55.257553,86.20894,4.0,4.3480597,0.0,80.0,0.0
63.73369,163.5729,-9.0,61.0,31.0,0.0,0.0,100.0,-7.0,7.0,8.0,30.0,9.709691,28.0,0.0,10.338727,6.509624,52.04578,79.293365,9.934499,4.0,2.0,80.0,0.0
65.53427,96.8039,8.0,78.391,20.0,1.0,0.0,83.92238,20.472391,6.0,5.0,5.8243256,2.0,36.0,1.0,1.0,1.0,2.2872458,61.298424,1.0,2.0,0.0,15.058683,0.0
87.0,261.31458,38.704338,162.96922,14.0,0.0,0.0,100.0,-7.0,7.0,8.0,21.0,0.0,5.461492,12.0,0.0,0.0,43.20915,-8.0,2.0,-8.0,0.0,46.20441,0.0
78.0,176.08305,8.0,92.0,22.0,1.0,1.0,94.0,50.488926,6.0,2.0,25.0,4.0,21.73571,16.0,0.0,0.0,8.0,-8.0,2.0,2.0,0.0,40.826027,0.0
71.63828,231.86908,2.0,96.32224,12.0,1.0,1.0,100.0,-7.0,6.0,8.0,15.959612,2.0,22.956663,0.0,3.0,3.0,13.508204,124.06871,8.0,1.0,0.0,80.0,0.0
83.0,230.90622,19.47332,123.00956,12.0,0.0,0.0,82.398094,37.412586,6.0,6.0,17.0,0.0,22.0,-7.0,0.0,0.0,3.0,-8.0,2.0,1.0,0.0,54.45317,0.0
83.382355,115.44803,2.0,70.889694,27.0,0.0,0.0,100.0,-7.0,7.0,8.0,38.0,2.0,59.859127,0.0,1.0,1.0439894,11.0,57.56839,2.0,6.0,0.0,67.0,0.0
72.0,280.48758,3.0,118.03201,24.0,0.0,0.0,100.0,-7.0,7.0,8.0,24.0,1.0,49.69699,-8.0,0.0,0.0,72.36571,-8.0,9.939847,2.0,4.067178,88.0,0.0
80.0318,423.52994,7.0,145.88913,20.0,0.0,0.0,100.0,-7.0,7.0,8.0,23.646475,1.0,33.0,4.0,0.0,0.0,21.803797,78.44026,9.0,1.0,1.0,100.0,0.0
71.0,182.79729,2.0,62.75848,47.057606,1.0,0.0,96.0,21.968966,5.0,5.0,54.197517,9.705289,6.2242093,0.0,11.744397,8.175732,2.6016998,67.94416,3.0,2.3528514,0.0,31.539284,0.0
70.0,383.86697,54.76243,168.18474,-9.0,2.0,2.0,74.37241,38.28062,6.0,2.0,3.9955392,0.0,-9.0,0.0,0.0,0.0,27.21378,-8.0,4.0,-9.0,1.0,80.0,0.0
81.0,383.2057,6.064595,110.76895,42.389107,0.0,0.0,100.0,-7.0,7.0,8.0,37.09035,3.0,18.0,0.0,0.0,0.0,3.0,-8.0,4.0,2.0,0.0,44.3408,0.0
85.0,280.16992,9.0,83.0,18.0,0.0,0.0,100.0,-7.0,7.0,8.0,19.437925,2.0,54.761223,0.0,0.0,0.0,11.043566,71.0,2.0,3.0,0.0,72.307945,0.0
70.0,176.43463,2.0,47.570957,27.0,0.0,0.0,100.0,-7.0,7.0,8.0,27.0,4.1992974,27.0,3.0,2.0,2.0,32.0,92.627945,6.0,4.0,1.0,63.0,0.0
64.72352,217.0219,5.0,149.58676,7.2868257,4.3889875,4.9253483,79.44087,31.185461,6.0,3.0,12.0,1.0,62.73898,-7.0,1.0,1.0,0.037479118,100.0,1.0,1.0,0.0,57.0,0.0
84.0,281.7509,2.0,77.40019,29.0,0.0,0.0,100.0,-7.0,7.0,8.0,32.0,1.0,34.48637,4.0,2.0,1.9574003,8.0,-8.0,2.0,3.0,0.0,38.0,0.0
89.0,272.83917,12.0,104.13929,12.801399,0.0,0.0,100.0,-7.0,7.0,8.0,14.0,1.0,32.977047,-8.0,0.0,0.0,25.0,-8.0,3.0,1.0,0.0,100.0,0.0
89.92001,158.74333,-5.464759,90.0,3.4472928,0.0,0.0,100.0,-7.0,7.0,8.0,11.0,0.0,24.0,1.0,1.0,1.0,3.0709128,-8.0,1.0,-8.0,0.0,40.969875,0.0
82.0,182.36511,5.0,133.29576,20.0,0.0,0.0,92.56193,38.729347,6.0,6.0,11.447726,1.0,9.596257,-7.0,0.0,0.0,25.908554,-8.0,3.0,-8.0,0.0,25.0,0.0
71.78608,25.971596,2.0,50.09002,12.862191,0.0,0.0,100.0,-7.0,7.0,8.0,7.0663347,3.0,12.191689,0.0,3.0,3.0,42.372616,-8.0,4.0,1.0,3.0,60.0,0.0
90.0,159.7046,0.9389055,115.87338,8.0,0.0,0.0,100.0,-7.0,7.0,8.0,12.0,1.0,17.0,0.0,2.0,2.0,1.0,-8.0,1.0,1.0,0.0,28.441525,0.0
66.968506,-1.2799985,16.0,98.99101,15.023835,0.0,0.0,89.0,6.0,4.0,5.0,9.0,0.0,39.0,0.0,1.0,1.0,43.99737,61.595028,5.0,2.0,2.0,91.61815,0.0
84.744095,315.8098,25.093903,103.624146,13.0,0.0,0.0,100.0,-7.0,7.0,8.0,16.0,0.0,50.0,-8.0,0.0,0.0,55.855537,-8.0,3.0,1.0,0.0,67.0,0.0
82.0,434.26038,16.621576,129.61555,27.0,0.0,0.0,100.0,-7.0,7.0,8.0,24.0,0.0,31.0,-8.0,0.0,0.0,39.38015,27.944094,4.0,4.0,2.9037683,70.51276,0.0
88.0,212.6902,8.0,89.34857,11.30077,0.0,0.0,100.0,-7.0,7.0,8.0,17.0,1.0,22.0,-7.0,0.0,0.0,10.796159,75.975945,4.0,2.0,0.0,73.75964,0.0
83.0,281.34366,3.0,100.64454,18.0,0.0,0.0,100.0,-7.0,7.0,8.0,19.0,2.0,27.0,6.0,0.0,0.0,27.61793,67.69996,3.0,3.0,0.0,71.0,0.0
74.87631,181.42932,4.0,68.0,24.460299,0.0,0.0,95.0,4.0,4.0,6.0,26.144146,4.4383764,26.0,3.0,2.0,2.0,5.0,-8.0,5.0,-8.0,0.0,52.127144,0.0
78.0,262.17053,4.0,106.232285,32.0,0.0,0.0,97.0,36.767296,6.0,6.0,30.18147,2.0,19.063679,0.0,3.0,2.0,37.308815,93.0,11.0,2.0,1.0,67.0,0.0
77.0,187.75731,17.164106,94.0,19.0,3.0,2.3526297,86.1083,51.316902,6.0,-9.0,21.0,0.0,50.0,8.873327,0.0,0.0,1.0,-8.0,0.0,-6.217017,0.0,33.0,0.0
73.0,124.80964,4.0,32.479168,5.0021133,0.0,0.0,100.0,-7.0,7.0,8.0,9.475568,1.0,0.0,0.0,13.056588,11.460192,0.0,-8.0,-9.0,-0.26091933,-3.0033565,10.62772,0.0
65.0,415.90262,1.0,92.0,33.0,0.0,0.0,95.0,7.529306,6.0,6.0,31.0,3.0,14.0,4.7689834,0.0,0.0,53.384544,80.22414,6.0,2.0,4.0,47.969074,0.0
70.0,172.78635,2.0,55.95738,13.0,1.0,0.0,92.0,55.31793,6.0,5.956479,17.0,3.0,52.03883,1.0,1.0,1.0,59.57899,69.78469,1.0,2.0,2.0,65.65665,0.0
86.72275,375.83893,6.0,68.73851,15.0,0.0,0.0,100.0,-7.0,7.0,8.0,15.0,2.0,28.0,21.660566,0.0,0.0,2.0,46.02338,2.0,1.0,0.0,60.0,0.0
80.0,334.40778,36.268867,148.6504,18.0,0.0,0.0,95.0,31.533087,6.0,6.0,19.183783,0.0,16.50652,-8.0,0.0,0.0,2.9241395,-8.0,2.0,1.0,0.0,25.0,0.0
75.0,172.64209,2.9268606,72.84695,20.0,0.0,0.0,100.0,-7.0,7.0,8.0,22.0,3.0,38.22528,8.0,0.0,0.0,55.35507,58.833332,5.9386387,5.0,3.3983233,78.0,0.0
68.0,197.33423,7.1840997,83.27869,22.0,0.0,0.0,100.0,-7.0,4.0,8.0,29.0,1.0,29.0,0.0,1.0,1.0,62.400333,-8.0,9.0,1.0,1.0,100.0,0.0
66.0,141.02939,5.0,42.25192,45.454433,0.0,0.0,100.0,-7.0,7.0,8.0,47.077946,3.0,25.0,0.0,0.0,0.0,53.56277,63.612564,9.0,4.0,3.0,100.0,0.0
60.67394,356.19138,2.0,103.58522,29.0,0.0,0.0,90.51708,4.9290943,4.640378,6.0,28.069746,3.0,19.0,0.0,1.0,1.0,51.05726,91.719475,9.730866,3.0,6.1746445,67.0,0.0
85.0,155.89449,8.005342,86.19122,23.0,0.0,0.0,100.0,-7.0,7.0,8.0,23.0,0.0,10.389236,0.0,0.0,0.0,4.0,-8.0,4.6583214,1.0,1.0,37.586918,0.0
79.0,194.08551,7.0,92.93905,52.247356,0.0,0.0,98.0,60.292473,6.0,6.0,57.84418,1.0,67.325935,3.0,2.0,2.0,21.0,73.31163,3.0,3.0,0.0,67.0,0.0
88.0,126.510735,2.1653764,121.266846,20.0,0.0,0.0,100.0,-7.0,7.0,8.0,28.0,1.0,23.211397,-8.0,0.0,0.0,4.0,-8.0,4.0,2.0,0.0,56.89742,0.0
91.0,167.1365,4.0,77.20395,21.0,0.0,0.0,100.0,-7.0,7.0,8.0,3.9815059,1.0,24.0,9.843475,0.0,0.0,1.0,-8.0,2.0,1.0,0.0,29.259336,0.0
76.005905,371.73248,4.0,119.46376,28.0,0.0,0.0,100.0,-7.0,7.0,8.0,34.0,1.0,15.0,2.0,2.0,2.0,42.496346,-8.0,3.0,1.0,3.0,50.0,0.0
89.0,283.27432,2.0,168.21524,21.0,0.0,0.0,100.0,-7.0,7.0,8.0,16.0,4.0,23.352589,-7.0,1.0,1.0,2.0,-8.0,4.0,1.0,0.0,53.996456,0.0
77.0,298.31482,18.189608,86.67025,33.26057,0.0,0.0,92.0,29.306269,6.0,6.0,34.6127,0.0,36.0,0.0,1.0,1.8541929,17.497656,83.879234,2.0,3.0,1.0,53.415287,0.0
74.0,225.72067,15.0,79.18142,25.0,0.0,0.0,96.0,9.830248,6.0,6.0,26.219881,0.0,25.52738,-8.0,0.0,0.0,16.0,66.681076,4.0,3.0,0.0,50.0,0.0
-9.0,-9.0,-9.0,-9.0,-9.0,-9.0,-9.0,-9.0,-9.0,-9.0,-9.0,-9.0,-9.0,-9.0,-9.0,-9.0,-9.0,-9.0,-9.0,-9.0,-9.0,-9.0,-9.0,0.0
89.0,142.94878,62.096344,102.19373,9.680356,0.0,0.0,100.0,-7.0,7.0,8.0,12.0,0.0,9.5356655,-8.0,0.0,0.0,4.8345575,-8.0,2.0,-8.0,0.0,43.33631,0.0
65.0,226.65643,2.0,113.105576,13.96455,1.0,0.0,84.36031,14.489039,5.410417,6.0,16.0,1.4168158,40.290176,0.0,6.9076586,6.260075,36.967846,-8.0,3.0,2.0,0.0,100.0,0.0
80.55514,218.19838,13.0,97.59377,48.877556,0.0,0.0,97.0,13.126719,6.0,6.0,47.906963,0.0,-5.9236,0.0,2.0,2.0,3.8502605,-8.0,7.758517,-8.0,1.0,50.0,0.0
70.0,205.12592,18.942104,90.23967,21.734734,0.0,0.0,89.0,47.60339,6.0,6.0,21.0,0.0,44.0,4.170864,4.0,4.0,35.79707,76.175156,4.0,3.0,1.0,82.294205,0.0
71.24149,230.61182,8.0,81.002495,37.97534,1.0,0.0,95.408554,12.091259,6.0,6.0,45.62905,2.0,70.42694,-8.0,0.0,0.0,28.602962,93.673485,1.0,6.281312,0.0,100.0,0.0
83.03159,159.59271,11.0,87.32066,15.0,0.0,0.0,100.0,-7.0,7.0,8.0,13.52503,0.0,47.0,0.0,1.0,1.0,9.0,89.868576,1.0,2.0,0.0,50.0,0.0
79.0,155.2706,12.0,67.0,28.0,0.0,0.0,100.0,-7.0,7.0,8.0,26.0,0.0,31.301907,10.219143,0.0,0.0,27.927282,-8.0,9.0,1.0,1.0,70.0,0.0
88.77925,323.36584,6.0,116.30311,39.0,0.0,0.0,100.0,-7.0,7.0,8.0,38.0,2.0,29.217173,0.0,1.0,1.0,6.0,-8.0,1.0,1.0,0.0,30.263271,0.0
76.0,182.95139,6.0,88.31191,43.900867,0.0,0.0,100.0,-7.0,7.0,8.0,47.153587,2.0,21.0,9.0,0.0,0.0,26.578428,38.68989,3.0,4.0,0.0,41.5251,0.0
88.09129,225.80894,7.0,74.0,16.0,0.0,0.0,100.0,-7.0,7.0,8.0,16.0,1.0,29.0,16.0,0.0,0.0,4.4046445,71.23356,3.0,4.0,0.0,67.0,0.0
62.0,280.1095,8.0,77.0,45.307877,1.0,0.0,88.0,-7.0,6.0,4.7883368,43.47577,1.0,36.0,0.0,4.0,4.0,10.0,76.82937,8.0,17.153736,1.0,67.0,0.0
69.0,347.19446,23.818336,153.91225,32.0,0.0,0.0,92.08338,-7.0,0.0689752,5.0,31.854118,0.0,18.0,1.0,1.0,1.0,35.84211,-8.0,11.0,1.0,0.0,88.0,0.0
89.0,315.23322,27.004099,117.29231,17.0,0.0,0.0,100.0,-7.0,7.0,8.0,17.0,0.0,17.0,0.0,0.0,0.0,1.3110842,-8.0,2.0,-8.0,0.0,58.0,0.0
74.585785,203.97215,3.0,58.712246,26.349104,1.0,1.0,95.0,60.40982,6.0,6.0,29.0,6.2061987,30.510187,1.0,2.0,2.0,32.0,76.0,5.0,3.0,2.0,58.0,0.0
69.0,152.61574,8.0,63.291126,10.0,0.0,0.0,86.63973,23.066618,6.0,6.0,13.0,0.0,50.0,0.0,6.6597786,6.5516825,13.190622,-8.0,1.0,2.0,0.0,71.0,0.0
73.0,169.03275,7.0,62.470543,19.881018,0.0,0.0,100.0,-7.0,7.0,8.0,19.0,2.0,47.0,0.0,0.0,0.0,72.76789,91.08106,2.0,3.0,2.0,75.0,0.0
76.31892,130.17366,3.0,92.74518,41.599808,0.0,0.0,96.0,19.819382,6.0,6.0,39.44107,2.0,41.0,-8.0,1.0,1.0,19.0,79.3494,6.0,5.0,1.0,67.0,0.0
66.0,187.54227,10.897606,84.184555,19.344978,3.012808,3.9920275,84.77817,24.023283,6.0,5.0,31.596352,2.0,31.0,-8.0,0.0,0.0,62.88494,93.0,4.0,1.0,1.0,63.0,0.0
85.656845,260.169,16.0,92.5833,18.0,0.0,0.0,100.0,-7.0,7.0,8.0,20.0,0.0,24.0,3.463876,0.0,0.0,1.4414616,-8.0,2.0,1.0,0.0,32.246307,0.0
-9.0,212.003,1.0,88.95547,14.79777,3.8514166,5.4136686,84.08111,-7.0,-1.9338237,6.0,20.022549,1.7898812,20.492146,0.0,2.0,1.0,30.143896,85.159996,3.0,2.0,1.0,35.72186,0.0
70.0,160.06625,9.0,61.0,16.0,0.0,0.0,91.94888,11.022824,6.0,6.0,19.0,1.0,33.398674,1.0,1.0,1.0,27.356745,71.54609,2.0,3.0,0.0,56.63432,0.0
92.88631,228.44342,3.0,115.02522,11.0,0.0,0.0,100.0,-7.0,7.0,8.0,13.0,1.0,23.904129,-7.0,0.0,0.0,0.0,-8.0,1.0,1.0,0.0,21.782461,0.0
59.18132,368.2686,10.0,125.47696,25.0,1.0,1.0,64.63176,6.857717,4.0,6.0,34.0,1.2670768,11.602031,9.694939,0.0,0.0,56.9266,33.94672,11.279295,1.9779803,3.0,83.0,0.0
91.0,252.47733,62.081173,205.30652,17.0,0.0,0.0,100.0,-7.0,7.0,8.0,6.0915284,0.0,18.304823,0.0,0.0,0.0,5.0,-8.0,6.0,1.0,0.0,77.68128,0.0
85.0,199.65083,5.0,94.0,40.274334,0.0,0.0,100.0,-7.0,7.0,8.0,33.10972,2.0,14.415429,4.1282926,1.0,1.0,3.0,-8.0,6.0,1.0,0.0,60.0,0.0
83.0,278.79178,10.69658,86.0,21.0,0.0,0.0,100.0,-7.0,7.0,8.0,28.0,0.0,68.42751,22.514036,0.0,0.0,2.8649209,-0.36925122,5.0,3.0,0.0,100.0,0.0
82.0,152.74557,11.0,80.14057,8.0,0.0,0.0,100.0,-7.0,7.0,8.0,10.0,1.0,46.482456,-7.0,0.0,0.0,22.94118,-8.0,1.0,2.0,0.0,100.0,0.0
89.0,214.05165,5.0,81.21571,15.0,0.0,0.0,100.0,-7.0,7.0,8.0,16.317192,2.0,73.9644,0.0,1.0,1.0,0.0,98.86285,2.0,2.0,0.0,87.03906,0.0
86.0,431.59155,26.899515,94.271614,17.0,0.0,0.0,94.0,43.02397,6.0,6.0,18.0,0.0,31.0,2.0,1.0,1.0,1.0,-8.0,4.779622,2.0,0.0,84.119446,0.0
72.77905,242.12076,5.0,111.46348,20.0,1.0,1.0,100.0,-7.0,7.0,8.0,22.0,1.0,17.0,0.0,1.0,1.0,66.172424,-8.0,1.0,2.0,2.0,67.0,0.0
84.582184,226.05493,4.0,123.43985,33.05253,0.0,0.0,100.0,-7.0,7.0,8.0,44.27381,1.0,26.865818,-8.0,0.0,0.0,5.0,45.29204,2.0,1.0,1.0,36.81449,0.0
85.0,303.67667,3.0,91.50717,33.527855,0.0,0.0,100.0,-7.0,7.0,8.0,34.0,1.0,14.344773,4.1028533,4.0,4.0,4.0,-8.0,2.0,1.0,0.0,-9.0,0.0
89.0,240.99744,17.841124,97.62899,16.0,0.0,0.0,100.0,-7.0,7.0,8.0,24.0,0.0,8.183071,5.0,0.0,0.0,1.0,-8.0,1.0,-8.0,0.0,33.0,0.0
84.0,316.3782,5.0,100.79937,28.541048,0.0,0.0,100.0,-7.0,7.0,8.0,32.699993,1.0,22.0,22.62119,0.0,0.0,18.619812,69.48592,5.0,2.0,1.0,57.0,0.0
81.0,212.54239,3.0,65.0,17.0,0.0,0.0,100.0,-7.0,7.0,8.0,17.827963,4.0,36.0,0.0,1.487115,1.0,11.0,-8.0,2.0,1.0,0.0,43.0,0.0
73.0,300.12057,3.0,74.0,17.0,0.0,0.0,94.68283,39.046818,6.0,6.0,19.0,2.0,37.749752,-7.0,0.0,0.0,50.261658,65.30703,3.0,2.0,3.006304,38.573147,0.0
70.0,319.1102,4.0,86.049065,29.937183,0.0,0.0,91.0,-7.0,5.0,6.0,35.304737,2.0,33.0,3.0,1.0,1.0,13.735325,61.128105,4.0,4.0,0.0,63.0,0.0
85.0,285.2501,4.0,84.0,27.0,0.0,0.0,100.0,-7.0,7.0,8.0,26.96122,3.0,42.47752,0.0,1.0,1.0,1.0,96.07785,2.0,2.0,1.0,33.0,0.0
73.0,193.0431,11.0,81.0,27.0,0.0,0.0,100.0,-7.0,7.0,8.0,29.1746,1.5534132,39.665054,9.0,0.0,0.0,71.69491,93.0,5.0,3.0,2.0,73.0,0.0
86.0,246.0898,67.52199,144.42383,10.397864,0.0,0.0,100.0,-7.0,7.0,8.0,10.0,0.0,20.0,-8.0,0.0,0.0,7.0,-8.0,3.0,1.0,0.0,62.39573,0.0
76.013664,145.87643,1.7747699,66.52281,34.0,0.0,0.0,94.0,64.62831,6.0,6.0,40.988537,3.364656,26.0,1.0,0.0,0.0,29.545685,-8.0,4.0,2.0,0.0,50.0,0.0
75.0,708.6094,24.532063,110.06539,20.768206,0.0,0.0,100.0,-7.0,7.0,8.0,20.965708,0.0,30.0,21.322107,0.0,0.0,37.7154,-8.0,7.2415557,3.0,3.0,80.0,0.0
88.51211,457.6004,11.0,130.84375,10.224989,0.0,0.0,91.509636,59.95503,6.0,6.0,9.942538,1.0,45.79196,-7.0,0.0,0.0,0.0,-8.0,-9.0,-8.0,0.0,4.4527655,0.0
66.70746,162.0972,11.552461,71.23915,20.0,2.0,1.0,78.18876,41.152626,6.0,3.0,27.0,0.0,21.545551,0.0,0.0,0.0,52.65387,98.105194,5.0,1.0,1.0,86.24773,0.0
68.0,161.2002,3.8934898,61.0,21.0,3.2998838,1.9985341,82.60347,7.0789723,4.726112,2.0,26.0,2.0,37.024864,2.4771698,0.0,0.0,17.906038,45.73953,4.0,4.0,0.0,65.980354,0.0
73.0,164.60858,14.0,45.54094,21.0,0.0,0.0,100.0,-7.0,7.0,8.0,24.0,0.0,41.0,-7.0,2.0,1.0,1.4673742,53.873337,2.0,4.0,0.0,36.87147,0.0
73.0,177.0115,3.0,61.0,26.0,0.0,0.0,93.70561,47.825737,6.0,6.0,35.38845,3.0,33.87384,3.062037,2.0,2.0,70.886665,58.85087,3.0,2.0,0.0,57.0,0.0
78.59742,96.27323,17.20987,59.087357,13.0,0.0,0.0,92.44021,5.9634776,0.0,6.0,16.0,0.0,33.0,-7.0,1.0,1.0,0.0,-8.0,1.0,1.0,0.0,100.0,0.0
75.0,230.7844,-9.0,87.5292,36.0,0.0,0.0,97.0,41.87466,6.0,6.0,30.053808,4.0,38.0,16.26755,0.0,0.0,8.0,50.555107,6.0,4.0,0.0,75.0,0.0
69.0,318.2119,8.0,79.880066,29.0,2.0,2.0,96.0,3.4759972,4.1602044,5.0,32.990192,1.0,30.729063,0.0,0.0,0.0,44.9837,40.644867,6.0,2.0,0.0,100.0,0.0
76.0,165.6769,7.683409,64.54405,30.0,0.0,0.0,100.0,-7.0,7.0,8.0,34.0,2.0,25.742609,-7.0,1.0,0.7607633,29.41779,61.01187,3.0,3.0,1.0,54.13074,0.0
79.0,78.98004,2.0,58.0,11.207192,0.0,0.0,93.0,27.146402,6.0,6.0,12.002004,3.0,19.0,-7.0,5.0,5.219214,20.4827,-8.0,3.0,1.0,0.0,70.53209,0.0
61.359398,128.67006,4.0,55.18696,13.0,3.115105,3.838568,80.39209,27.826632,4.0,2.0,21.960564,2.0,43.0,0.0,2.0,2.0,42.001797,82.0,1.0,2.0,0.0,71.0,0.0
70.0,269.6782,10.0,171.8327,25.0,0.0,0.0,95.0,7.868587,6.0,6.0,27.0,0.0,33.0,1.0,0.0,0.0,62.615902,98.31589,9.551345,7.0138254,3.794038,75.0,0.0
85.0,304.40067,2.0,136.01126,27.0,0.0,0.0,97.0,22.210293,6.0,6.0,29.0,1.0,25.0,9.0,1.0,1.0,0.0,-8.0,3.0,1.0,0.0,45.69069,0.0
78.89344,115.95388,5.534293,81.41081,16.0,0.0,0.0,100.0,-7.0,7.0,8.0,8.0,1.0,12.019853,0.0,3.0,3.0,39.309456,89.56791,6.0,1.0,0.0,57.0,0.0
73.0,199.8097,12.0,101.03622,36.0,1.9301339,1.0,100.0,73.3054,6.0,5.0,35.10551,0.0,43.73565,-8.0,0.0,0.0,32.0,89.5677,6.0,5.0,1.0,67.0,0.0
76.0,249.18524,6.0,91.8694,12.0,0.0,0.0,92.0,53.299965,6.0,6.0,10.0,1.0,19.0,0.0,1.0,1.0,51.179188,-8.0,3.0,-8.0,0.0,67.0,0.0
-9.0,-9.0,-9.0,-9.0,-9.0,-9.0,-9.0,-9.0,-9.0,-9.0,-9.0,-9.0,-9.0,-9.0,-9.0,-9.0,-9.0,-9.0,-9.0,-9.0,-9.0,-9.0,-9.0,0.0
74.0,116.401146,2.0,63.259106,30.0,0.0,0.0,100.0,-7.0,7.0,8.0,19.0,3.0,28.492323,0.0,3.0,3.0,31.219847,-8.0,4.0,1.0,0.0,44.0,0.0
88.0,131.21939,3.0,94.0,14.711358,0.0,0.0,100.0,-7.0,7.0,8.0,9.262284,1.0,10.585775,11.860796,0.0,0.0,1.0,-8.0,2.0,1.0,0.0,33.0,0.0
72.0,168.24619,18.727718,80.0,20.889889,0.0,0.0,95.67804,12.157379,3.0,6.0,19.0,0.0,24.0,13.576814,0.0,0.0,28.0,-8.0,3.0,3.0,0.0,45.57686,0.0
88.0,177.93655,41.848515,115.84139,17.0,0.0,0.0,100.0,-7.0,7.0,8.0,18.72148,0.0,33.297104,-7.0,0.0,0.0,6.0,-8.0,2.0,2.0,0.0,84.08147,0.0
80.0,339.39545,3.0,135.26959,32.0,1.0,0.0,100.0,12.53395,6.0,6.0,38.0,1.2433225,39.0,0.0,1.0,1.0,5.360206,-8.0,2.0,1.0,0.0,30.1485,0.0
70.804985,160.12996,15.0,103.989555,6.0,0.0,0.0,75.974396,36.380684,6.0,6.0,5.4116898,0.0,31.965021,0.0,0.0,0.0,80.70608,-8.0,2.0,1.0,0.0,100.0,0.0
84.0,292.00446,4.0,111.31525,24.0,0.0,0.0,100.0,-7.0,7.0,8.0,28.0,3.0,33.0,6.474985,0.0,0.0,0.0,-8.0,1.8215477,3.0,0.0,57.0,0.0
79.0,3.6155968,4.0,-9.0,7.904202,0.0,0.0,100.0,-7.0,7.0,8.0,10.110563,2.0,28.0,0.0,0.0,0.0,33.221584,-8.0,3.0,2.0,0.0,67.0,0.0
80.0,214.32014,3.0,97.0,31.0,0.0,0.0,93.246414,36.281975,6.0,5.0,34.0,2.0,33.97597,0.0,2.0,2.0,35.797966,53.104355,2.0,2.0,0.0,56.0,0.0
77.0,266.76102,5.0,81.86772,57.29254,0.0,0.0,97.0,30.346596,6.0,6.0,58.649265,2.0,27.282526,22.706821,0.0,0.0,36.344536,35.203,5.0,2.0,0.0,50.0,0.0
84.0,-8.0,13.0,60.39785,14.0,0.0,0.0,100.0,-7.0,7.0,8.0,5.755749,0.0,67.8994,0.0,2.0,1.8112649,1.0,88.15623,1.0,2.0,0.0,100.0,0.0
71.0,239.66151,1.0,98.479904,16.0,3.8012776,5.485734,92.0,64.87095,6.0,4.0,15.0,1.2285473,64.255066,2.0,0.0,0.0,40.351105,104.68264,1.0,4.0,1.0,87.21443,0.0
81.0,-2.6603887,4.0,58.0,18.0,0.0,0.0,100.0,-7.0,6.0,8.0,3.9980412,1.0,13.063981,6.0,2.0,2.0,0.6494209,-8.0,1.0,1.0,0.0,23.79179,0.0
85.0,309.29086,23.723732,102.529045,36.521656,0.0,0.0,100.0,-7.0,7.0,8.0,35.085518,0.0,60.357502,0.0,0.0,0.0,36.579018,91.540535,2.0,2.0,0.0,50.0,0.0
82.0,149.772,1.003733,66.78031,4.358233,0.0,0.0,100.0,-7.0,7.0,8.0,10.0,1.0,11.0,0.0,2.0,1.0,23.482662,-8.0,2.0,-8.0,0.0,67.0,0.0
71.441795,159.83755,20.0,61.0,11.000068,0.0,0.0,94.0,8.4707,5.7649198,6.0,14.0,0.0,50.0,16.35853,0.0,0.0,24.140663,78.18636,2.0,1.0,0.0,50.0,0.0
90.0,370.71036,13.108984,154.14662,27.0,0.0,0.0,100.0,-7.0,7.0,8.0,28.0,0.0,25.0,0.0,0.0,0.0,3.2637894,-8.0,5.0,-8.0,0.0,37.87196,0.0
79.4774,220.81783,20.0,134.0998,16.158127,0.0,0.0,90.33296,40.459583,6.0,6.0,15.0,0.0,23.0,0.0,0.0,0.0,3.0,-8.0,2.0,1.0,0.0,52.1785,0.0
74.67696,414.40103,2.0,158.18567,40.781643,0.0,0.0,100.0,-7.0,7.0,8.0,49.612865,2.0,31.081104,0.0,4.0,4.0,29.18233,34.45995,9.0,2.0,4.0,57.0,0.0
-9.0,-9.0,-9.0,-9.0,-9.0,-9.0,-9.0,-9.0,-9.0,-9.0,-9.0,-9.0,-9.0,-9.0,-9.0,-9.0,-9.0,-9.0,-9.0,-9.0,-9.0,-9.0,-9.0,0.0
-9.0,-9.0,-9.0,-9.0,-9.0,-9.0,-9.0,-9.0,-9.0,-9.0,-9.0,-9.0,-9.0,-9.0,-9.0,-9.0,-9.0,-9.0,-9.0,-9.0,-9.0,-9.0,-9.0,0.0
85.0,450.1724,4.556655,115.95158,24.0,0.0,0.0,100.0,-7.0,7.0,8.0,23.0,4.0,33.0,-7.0,1.0,1.0,0.0,99.08292,6.0,2.0,0.0,60.0,0.0
-9.0,-9.0,-9.0,-9.0,-9.0,-9.0,-9.0,-9.0,-9.0,-9.0,-9.0,-9.0,-9.0,-9.0,-9.0,-9.0,-9.0,-9.0,-9.0,-9.0,-9.0,-9.0,-9.0,0.0
81.0,118.21102,3.5242136,68.0,16.0,0.0,0.0,94.0,62.35839,6.0,6.0,17.0,4.0043664,39.0,-7.0,2.0,2.0,24.936457,87.51107,3.0,3.0,0.0,77.803734,0.0
69.01756,259.85144,23.529354,130.66225,45.21511,0.0,0.0,96.51599,31.981125,6.0,6.0,32.0,0.0,26.0,0.0,0.0,0.0,32.0,45.18286,8.0,6.2023506,1.0,67.0,0.0
23.640297,481.20047,8.939823,111.33301,13.724295,4.7148795,3.9746313,82.743004,12.956712,2.200338,3.0,20.0,1.0,50.532192,0.0,2.0,2.0,1.0,-8.0,1.0,1.0,0.0,33.0,0.0
81.0,62.978996,14.611325,70.0,14.0,0.0,0.0,91.0,23.900085,6.0,6.0,15.0,0.0,38.0,0.0,0.0,0.0,0.0,-8.0,2.0,1.0,0.0,38.0,0.0
79.583595,196.49127,6.0,65.0,15.0,0.0,0.0,89.95846,16.957031,6.0,6.0,15.0,3.0,24.0,0.0,0.0,0.0,3.0,-8.0,3.0,1.0,0.0,38.0,0.0
78.0,443.62018,5.0,118.19241,35.97949,0.0,0.0,100.0,-7.0,7.0,8.0,31.10823,3.0,27.625357,19.851406,0.0,0.0,9.487186,76.0,5.0,6.0,0.0,50.0,0.0
84.49608,162.99214,2.0,86.489555,23.0,0.0,0.0,100.0,-7.0,7.0,8.0,22.818504,2.0,16.540504,4.2532053,0.0,0.0,10.0,100.0,2.0,2.0,0.0,60.0,0.0
77.0,271.3574,14.754317,102.12868,22.0,0.0,0.0,100.0,-7.0,6.0,6.7630463,23.0,0.0,52.022076,3.0,0.0,0.0,1.0,-8.0,3.0,1.0,0.0,50.0,0.0
77.0,182.4996,25.928196,93.96117,14.0,0.0,0.0,100.0,-7.0,7.0,8.0,21.0,0.0,17.144272,-8.0,0.0,0.0,93.416756,-8.0,2.0,1.0,1.0,88.0,0.0
83.0,166.03261,5.0,76.729576,10.0,0.0,0.0,87.41611,49.138805,6.0,6.0,8.446448,2.0,55.05027,2.0,1.0,1.0,3.0,93.1898,1.0,2.0,0.0,70.37484,0.0
-9.0,-9.0,-9.0,-9.0,-9.0,-9.0,-9.0,-9.0,-9.0,-9.0,-9.0,-9.0,-9.0,-9.0,-9.0,-9.0,-9.0,-9.0,-9.0,-9.0,-9.0,-9.0,-9.0,0.0
85.0,278.2185,17.557093,114.88175,21.866152,0.0,0.0,100.0,-7.0,7.0,8.0,21.0,0.0,46.25919,0.0,2.0,2.0,2.0,33.94528,4.0,3.0,1.0,67.0,0.0
85.0,-4.4467883,8.0,43.39986,6.0,0.0,0.0,100.0,-7.0,7.0,8.0,7.0,1.0,45.0,3.5122907,0.0,0.0,1.0,-8.0,2.0,2.0,0.0,100.0,0.0
76.0,152.74385,7.0,92.0,13.0,0.0,0.0,85.06712,16.115936,6.0,6.0,15.0,1.0,21.0,15.028443,2.0,2.0,9.0,-8.0,2.0,1.0,0.0,49.164825,0.0
79.0,361.44724,3.0,105.4406,14.0,0.0,0.0,100.0,-7.0,7.0,8.0,15.0,2.2550614,20.0,1.0,1.0,1.0,13.0,-8.0,6.0,-8.0,0.0,63.0,0.0
80.0,150.71722,11.0,66.789116,19.0,0.0,0.0,100.0,-7.0,7.0,8.0,25.907963,0.0,77.68358,-7.0,0.0,0.0,30.145573,61.502396,1.0,3.0,0.0,100.0,0.0
72.18024,435.82693,38.24511,183.19142,11.135489,2.0,0.0,77.21517,31.362316,4.0,5.0,14.0,0.0,34.0937,0.0,0.0,0.0,1.0,-8.0,2.0,1.0,0.0,48.981,0.0
83.0,148.22685,17.985851,66.24763,26.403683,0.0,0.0,100.0,-7.0,7.0,8.0,24.508347,0.0,37.501232,0.0,1.0,1.0,9.0,60.58623,2.0,3.0,0.0,67.0,0.0
77.0,154.70233,9.0,107.404625,23.945805,0.0,0.0,100.0,-7.0,7.0,8.0,23.0,1.0,44.33019,2.0,1.0,1.0,40.970966,62.046326,5.0,5.0,1.0,71.0,0.0
-9.0,-9.0,-9.0,-9.0,-9.0,-9.0,-9.0,-9.0,-9.0,-9.0,-9.0,-9.0,-9.0,-9.0,-9.0,-9.0,-9.0,-9.0,-9.0,-9.0,-9.0,-9.0,-9.0,0.0
-9.0,-9.0,-9.0,-9.0,-9.0,-9.0,-9.0,-9.0,-9.0,-9.0,-9.0,-9.0,-9.0,-9.0,-9.0,-9.0,-9.0,-9.0,-9.0,-9.0,-9.0,-9.0,-9.0,0.0
74.0,96.36071,20.0,52.909813,10.308678,0.0,0.0,100.0,-7.0,7.0,8.0,11.0,0.0,55.599995,0.0,0.0,0.0,36.30953,54.347828,3.0,2.0,1.0,100.0,0.0
75.0,121.86294,6.0,56.25445,18.0,0.0,0.0,100.0,-7.0,7.0,8.0,22.0,1.0,35.0,12.0,0.0,0.0,37.77067,88.0,6.0,4.0,1.0,83.0,0.0
86.0,218.40247,19.810396,159.91435,22.34439,0.0,0.0,100.0,-7.0,7.0,8.0,8.67468,0.0,14.0,-8.0,0.0,0.0,7.0,-8.0,2.0,1.0,0.0,25.0,0.0
69.499565,127.36778,37.46391,75.764465,3.540128,0.0,0.0,97.0,-7.0,6.0,6.0,0.3870733,0.0,67.46868,0.0,1.0,1.0,42.07984,-8.0,-1.4153008,1.0,-8.0,100.0,0.0
73.0,80.111015,4.0,58.326405,38.693226,0.0,0.0,100.0,-7.0,7.0,8.0,34.0,7.021702,25.0,0.0,3.0,3.0,31.015598,-8.0,5.0,2.0,1.0,50.0,0.0
-9.0,-9.0,-9.0,-9.0,-9.0,-9.0,-9.0,-9.0,-9.0,-9.0,-9.0,-9.0,-9.0,-9.0,-9.0,-9.0,-9.0,-9.0,-9.0,-9.0,-9.0,-9.0,-9.0,0.0
78.0,180.20029,5.0,97.15468,20.030476,0.0,0.0,100.0,-7.0,7.0,8.0,22.0,1.0,21.0,-7.0,0.0,0.0,22.937147,39.416832,7.0,2.0,1.0,63.0,0.0
87.0,326.83087,19.548628,104.15233,23.0,0.0,0.0,94.0,73.19365,6.0,6.0,23.0,0.0,45.084698,8.0,0.0,0.0,1.6701589,16.322289,3.0,1.0,0.0,50.0,0.0
62.0,178.74715,7.0,61.85571,40.478165,0.0,0.0,100.0,-7.0,3.9610689,8.0,36.52637,5.0,46.668324,0.0,3.0,3.0,75.388855,88.210075,9.0,22.057388,1.0,87.62432,0.0
77.03404,254.3531,21.020563,99.76642,22.0,0.0,0.0,100.0,-7.0,7.0,8.0,32.0,0.0,29.0,-7.0,2.0,2.0,52.578228,-8.0,4.0,1.0,1.0,60.56681,0.0
69.19815,188.84703,1.0,56.576084,30.0,0.0,0.0,92.0,44.632175,6.0,6.0,32.0,2.0,45.266064,0.0,5.0,5.002732,22.764603,84.02252,7.0,3.0,1.0,100.0,0.0
73.65225,170.45097,14.973332,92.02556,12.649087,0.0,0.0,86.87669,64.43474,6.0,6.0,16.0,0.0,50.0,0.0,3.0,3.0,64.481606,-8.0,5.0,1.0,1.0,93.255196,0.0
79.0,170.5581,7.0,58.0,29.0,0.0,0.0,100.0,-7.0,7.0,8.0,31.333042,3.0,28.0,0.0,0.0,0.0,8.0,-8.0,6.3659053,1.0,0.0,50.0,0.0
71.0,387.66022,2.0,119.66577,16.0,0.0,0.0,100.0,-7.0,7.0,8.0,15.0,1.0,30.0,-7.0,0.0,0.0,49.613155,56.611935,4.0,2.0,1.0,70.0,0.0
84.41667,184.36378,30.33595,74.466805,30.418385,0.0,0.0,100.0,-7.0,7.0,8.0,26.0,0.0,20.93652,5.0,2.0,1.0,9.38507,-8.0,8.0,-8.0,0.0,50.0,0.0
84.0,95.88106,14.0,70.36352,13.0,0.0,0.0,100.0,-7.0,7.0,8.0,10.154478,0.0,67.824486,10.962559,0.0,0.0,9.0,-8.0,2.0,2.0,0.0,99.611916,0.0
85.0,304.4651,4.0,95.295135,25.004524,0.0,0.0,100.0,-7.0,6.0,6.0,25.059914,5.0,22.0,-7.0,0.0,0.0,0.0,-8.0,1.0,1.0,0.0,-9.0,0.0
62.0,232.06609,15.5024395,95.77247,9.0,10.155367,8.0309925,-9.0,6.0,5.3641124,2.0,8.0,0.0,75.7227,-7.0,0.0,0.0,4.0,-8.0,1.0,1.0,0.0,88.61156,0.0
83.0,88.6211,5.0,61.0,24.191835,0.0,0.0,100.0,-7.0,7.0,8.0,32.0,1.0,13.0,-7.0,2.0,1.370112,4.230848,-8.0,1.0,1.0,0.0,80.0,0.0
87.032875,215.15567,30.367292,157.43147,15.317048,0.0,0.0,100.0,-7.0,7.0,8.0,11.0,0.0,1.7916782,-7.0,1.0,1.0,2.0,-8.0,2.0,-8.0,0.0,35.669983,0.0
83.0,176.78297,20.246479,84.33892,15.0,0.0,0.0,100.0,-7.0,7.0,8.0,14.0,0.0,18.0,-7.0,0.0,0.0,23.537474,-8.0,3.0,1.0,1.0,57.0,0.0
73.0,182.18547,26.867222,70.0,30.0,0.0,0.0,100.0,-7.0,7.0,8.0,33.0,0.0,56.187775,-8.0,0.0,0.0,75.77314,84.58343,1.0,6.0,0.0,75.0,0.0
87.0,137.73143,141.04066,122.42279,15.155538,0.0,0.0,100.0,-7.0,7.0,8.0,15.0,0.0,22.0,-8.0,0.0,0.0,0.0,-8.0,2.0,1.0,0.0,100.0,0.0
-9.0,-9.0,-9.0,-9.0,-9.0,-9.0,-9.0,-9.0,-9.0,-9.0,-9.0,-9.0,-9.0,-9.0,-9.0,-9.0,-9.0,-9.0,-9.0,-9.0,-9.0,-9.0,-9.0,0.0
70.37512,416.5359,3.0,122.7747,45.414146,0.0,0.0,97.0,1.5435362,4.0,6.0,55.406578,3.0,23.0,4.049016,1.0,1.0,28.698267,68.58421,9.332701,2.0,2.0,50.0,0.0
83.0,286.87195,6.0,77.53957,18.0,0.0,0.0,100.0,-7.0,7.0,8.0,18.0,3.0618472,10.170921,4.0,0.0,0.0,13.758281,-8.0,5.0,1.0,1.0,40.0,0.0
77.0,205.45535,3.0,67.693886,14.112748,0.0,0.0,100.0,-7.0,7.0,8.0,13.0,1.0,38.0,4.0,0.0,0.0,56.806084,84.66901,6.0,3.0,0.0,83.0,0.0
71.94914,222.25226,4.0,94.0,19.0,0.0,0.0,100.0,-7.0,7.0,8.0,21.0,2.0,56.265842,-8.0,0.0,0.0,68.35349,94.41526,5.0,3.0,3.0,70.778175,0.0
85.28972,305.0969,2.0,86.0,25.0,0.0,0.0,100.0,-7.0,7.0,8.0,32.0,3.0,43.136204,0.0,4.0,3.9821935,11.0,80.0,4.0,2.0,0.0,50.0,0.0
71.0,167.5895,19.553556,88.30944,48.621468,0.0,0.0,100.0,-7.0,7.0,8.0,53.094143,0.0,29.0,-7.0,1.0,1.0,46.256622,60.524338,6.0,5.333138,4.0,80.0,0.0
64.0,329.16495,5.668767,174.17648,35.15775,0.0,0.0,87.79889,3.332242,3.59936,5.954706,31.0,1.0,17.0,-7.0,1.0,1.0,22.28526,-8.0,5.0,1.0,1.0,43.0,0.0
72.0,86.63352,2.0,71.55012,19.0,0.0,0.0,93.0,16.5777,6.0,6.0,17.0,2.0,62.67041,0.0,6.9143796,6.733677,55.447746,80.0,2.0,3.0,1.0,75.0,0.0
73.0,128.5881,4.0,67.234634,14.060739,0.0,0.0,100.0,-7.0,7.0,8.0,-9.0,2.0,72.83233,-7.0,2.0,1.0,54.314476,89.13876,4.0,3.0,2.0,100.0,0.0
81.0,378.25793,7.0,163.45903,29.0,0.0,0.0,100.0,-7.0,7.0,8.0,30.0,1.0,21.816875,-7.0,0.0,0.0,13.112508,70.157814,6.0,2.0,0.0,55.257267,0.0
89.39631,761.8109,6.0,219.00163,23.0,0.0,0.0,100.0,-7.0,7.0,8.0,23.0,1.0,46.0,0.0,0.0,0.0,3.0,-8.0,3.0,2.0,0.0,48.697086,0.0
77.0,176.88417,2.0,93.45617,23.0,0.0,0.0,100.0,-7.0,7.0,8.0,25.0,3.0,25.0,1.0,1.0,1.0,35.487816,89.68341,5.0,3.0,2.0,91.91509,0.0
87.0,213.69441,7.0,108.227,41.39751,0.0,0.0,100.0,-7.0,7.0,8.0,58.283157,3.0,21.0,0.0,0.0,1.0,6.0,31.133348,5.0,2.0,0.0,33.0,0.0
56.355076,186.44162,5.0,36.37116,8.0,1.8660046,2.0,77.9707,3.0,4.0,3.7209125,8.535322,2.0,59.242332,5.057688,0.0,0.0,32.12161,56.15746,2.0,2.0,0.0,83.0,0.0
75.0,158.98526,4.0,60.460415,29.175087,0.0,0.0,97.0,66.143394,6.0,6.0,32.0,3.0,35.0,18.313316,0.0,0.0,21.0,84.80256,4.0,3.0,0.0,45.383774,0.0
84.0,78.38169,8.0,71.90721,26.130333,0.0,0.0,100.0,-7.0,7.0,8.0,2.1624582,1.0,12.569626,0.0,1.0,1.0,4.054359,-8.0,1.0,2.0,0.0,20.844015,0.0
65.13948,203.5109,23.895739,65.919395,9.6593075,0.0,0.0,76.56913,4.167045,4.0,6.0,12.0,0.0,28.0,0.0,0.0,0.0,51.905384,28.56681,2.0,2.0,0.0,62.647533,0.0
74.0,189.71349,5.0,116.00114,15.0,0.0,0.0,89.849,16.461344,6.0,6.0,23.0,1.0,49.901268,2.0,1.0,1.0,7.0,38.56621,1.0,2.0,0.0,57.0,0.0
90.6419,166.73367,6.0,115.71371,15.0,0.0,0.0,100.0,-7.0,7.0,8.0,17.0,1.0,42.04681,23.879572,0.0,0.0,8.0,62.88234,4.0,2.0,0.0,56.0,0.0
74.0,358.8944,2.0,123.07361,29.65394,0.0,0.0,94.0,2.3687086,6.0,6.0,30.0,3.0,45.427025,0.0,1.0,1.0,3.3175414,84.0307,1.0,2.0,0.0,47.459946,0.0
-9.0,-9.0,-9.0,-9.0,-9.0,-9.0,-9.0,-9.0,-9.0,-9.0,-9.0,-9.0,-9.0,-9.0,-9.0,-9.0,-9.0,-9.0,-9.0,-9.0,-9.0,-9.0,-9.0,0.0
78.27763,143.75293,5.0,30.955,28.0,0.0,0.0,100.0,-7.0,7.0,8.0,26.0,3.0,14.565991,0.0,1.0,1.0,6.0,26.801224,2.0,2.0,0.0,50.0,0.0
74.0,232.43752,7.0,72.0,37.541985,0.0,0.0,100.0,36.24925,6.0,6.0,35.0,1.0,33.0,10.832969,1.0,1.0,13.0,52.71518,5.0,4.0,0.0,67.0,0.0
91.33534,164.78604,26.769053,111.344,9.0,0.0,0.0,100.0,-7.0,7.0,8.0,7.718861,0.0,-8.704859,-8.0,0.0,0.0,1.0,-8.0,1.0,-8.0,0.0,15.482056,0.0
88.16999,218.53548,23.218817,86.0,21.0,0.0,0.0,100.0,-7.0,7.0,8.0,33.0,0.0,33.0,0.0,1.0,1.0,4.0,-8.0,2.0,2.0,0.0,51.277218,0.0
75.0,132.87001,4.0,73.04113,31.0,0.0,0.0,100.0,-7.0,7.0,8.0,32.8715,2.0,13.0,0.0,0.30139557,0.0,10.9028845,-8.0,6.0,2.0,0.0,40.537376,0.0
86.099884,125.01624,2.0,70.27829,13.0,0.0,0.0,100.0,-7.0,7.0,8.0,15.0,2.0,18.0,-8.0,1.0,1.0,9.916364,-8.0,2.0,1.0,0.0,40.0,0.0
77.0,371.4688,6.0,86.0,16.0,1.0,0.0,79.6348,10.023294,6.0,5.0,20.383821,2.0,24.0,-7.0,0.0,0.0,0.0,62.862186,2.0,2.0,0.0,56.0,0.0
87.28379,181.60997,3.0,71.0,14.0,0.0,0.0,100.0,-7.0,7.0,8.0,18.0,1.0,41.0,-7.0,1.0,0.0,10.565936,82.20736,1.0,3.0,0.0,70.0,0.0
63.068127,118.130646,10.0,82.18663,17.030058,0.0,0.0,100.0,-7.0,7.0,8.0,5.614724,0.75672066,29.0,-8.0,0.0,0.0,80.86882,-8.0,7.528331,1.0,2.0,100.0,0.0
78.822075,196.52786,4.0,67.25862,41.03522,0.0,0.0,100.0,-7.0,7.0,8.0,42.527805,3.0,26.0,21.613653,0.0,0.0,14.411742,-8.0,3.0,1.0,0.0,22.877314,0.0
83.0,186.62236,17.890558,123.88746,6.344256,0.0,0.0,100.0,-7.0,7.0,8.0,8.949776,0.0,-3.048284,0.0,2.0,2.0,67.45258,-8.0,1.0,-9.0,0.0,53.217678,0.0
81.0,309.44162,13.94276,113.694305,9.0,0.0,0.0,82.89696,6.646183,6.0,6.0,10.071071,0.0,29.0,-7.0,0.0,0.0,9.0,-8.0,3.0,1.0,0.0,88.0,0.0
89.0,188.07988,12.0,95.2531,24.0,0.0,0.0,100.0,-7.0,7.0,8.0,30.0,1.0,23.0,-7.0,0.0,0.0,6.0,-8.0,2.0,1.0,0.0,60.0,0.0
65.94075,205.97253,20.71425,85.2203,39.382885,0.0,0.0,95.0,37.12782,6.0,6.0,38.852535,0.0,42.0,16.0,0.0,0.0,57.497112,20.741396,5.6555567,6.392669,1.0,83.03116,0.0
84.82305,280.47052,4.0,70.0,32.800224,0.0,0.0,100.0,-7.0,7.0,8.0,26.0,2.0,9.657176,0.0,0.0,0.0,16.700586,-8.0,4.0,1.0,0.0,35.817757,0.0
-9.0,-9.0,-9.0,-9.0,-9.0,-9.0,-9.0,-9.0,-9.0,-9.0,-9.0,-9.0,-9.0,-9.0,-9.0,-9.0,-9.0,-9.0,-9.0,-9.0,-9.0,-9.0,-9.0,0.0
67.85068,-9.0,3.0,-9.0,14.0,1.0,1.0,94.0,37.053276,6.0,5.0,16.0,3.0,17.512712,0.0,0.0,0.0,46.697437,-8.0,1.8222971,2.0,1.0,44.66209,0.0
71.0,176.79768,36.067844,97.0,12.0,1.0,1.0,89.0,2.2184098,4.0,5.0,9.876775,0.0,14.0,-7.0,0.0,0.0,6.0,-8.0,2.0,1.0,0.0,43.783203,0.0
68.336296,191.25533,3.0,67.0,40.95194,0.0,0.0,100.0,-7.0,7.0,8.0,46.350758,3.0,25.0,0.0,1.0,1.0,47.76328,92.77985,9.79552,18.06343,4.0,75.0,0.0
81.0,133.0595,20.073738,76.0,42.586613,0.0,0.0,100.0,-7.0,7.0,8.0,42.205593,0.0,58.423634,0.0,3.0,2.0,5.82187,-8.0,3.0,2.0,0.0,75.0,0.0
74.0,269.2759,4.0,89.75934,32.0,0.0,0.0,95.56763,58.420956,6.0,6.0,34.0,4.0,27.0,1.0,3.4216888,3.619844,25.881851,68.69207,5.0,4.0,2.0,50.0,0.0
73.15415,159.48802,5.0,77.40757,44.307804,0.0,0.0,100.0,-7.0,7.0,8.0,46.07526,2.0,44.44083,0.0,3.0,3.0,56.72924,80.48579,5.0,8.144615,3.0,74.17497,0.0
87.0,260.42154,15.0,94.0,16.0,0.0,0.0,100.0,-7.0,7.0,8.0,19.0,0.0,33.0,-7.0,0.0,0.0,9.0,-8.0,4.0,2.0,0.0,50.0,0.0
70.0,191.1115,10.0,66.32117,32.0,1.0,0.0,92.0,6.0,3.7201223,5.0,33.0,1.0,39.4885,5.0,1.0,1.0,15.456821,62.26857,7.0,4.0,0.0,60.0,0.0
78.26216,212.14659,8.0,72.0,26.0,0.0,0.0,95.0,47.581673,6.0,6.0,10.979672,2.0,24.0,0.0,1.0,1.0,0.0,92.218124,2.0,4.0,0.0,36.419827,0.0
87.0,247.35829,3.0,97.0,36.0,0.0,0.0,95.0,38.803314,6.0,6.0,10.463808,1.0,18.736864,-8.0,0.0,0.0,1.0,-8.0,6.521884,1.0,0.0,50.0,0.0
81.0,243.37764,5.0,88.544266,28.0,0.0,0.0,100.0,-7.0,7.0,8.0,30.0,3.0,19.131884,1.0,2.0,2.0,9.0,-8.0,3.0,2.0,0.0,40.0,0.0
79.0,254.9217,6.0,70.0,36.847893,0.0,0.0,97.0,21.459543,6.0,6.0,47.750397,3.0,33.0,4.403668,0.0,0.0,1.0,-8.0,3.0,1.0,0.0,49.366074,0.0
79.0,118.1635,7.0,67.0,24.0,0.0,0.0,100.0,-7.0,7.0,8.0,24.0,0.7549054,35.07949,0.0,0.0,0.0,8.0,97.673546,1.0,1.0,1.3291539,22.068832,0.0
80.0,387.86545,8.0,103.305176,30.0,0.0,0.0,97.0,16.536627,6.0,6.0,28.0,1.1762816,33.0,1.0,0.0,0.0,8.0,-8.0,4.0,-8.0,0.0,44.0,0.0
86.0,599.7995,28.67495,162.16191,17.0,0.0,0.0,100.0,-7.0,7.0,8.0,19.150763,0.0,14.0,2.0,0.0,0.0,1.8456318,-8.0,2.0,-8.0,0.0,33.0,0.0
82.0,308.37833,3.419279,140.17749,25.0,0.0,0.0,100.0,-7.0,7.0,8.0,28.278183,1.0,50.0,0.0,0.0,0.0,21.2802,77.852196,4.0,3.0,0.0,75.0,0.0
-9.0,-9.0,-9.0,-9.0,-9.0,-9.0,-9.0,-9.0,-9.0,-9.0,-9.0,-9.0,-9.0,-9.0,-9.0,-9.0,-9.0,-9.0,-9.0,-9.0,-9.0,-9.0,-9.0,0.0
66.0,288.19458,9.0,147.81589,26.0,1.0,0.0,83.93956,31.813198,4.0,3.0,32.0,1.0,13.77251,11.477226,0.0,0.0,14.0,-8.0,7.0,2.0,1.0,57.756187,0.0
75.0,272.69992,5.0,85.259514,25.0,0.0,0.0,100.0,-7.0,7.0,8.0,28.0,2.0,32.95676,0.0,2.0,2.0,13.108492,100.0,10.767065,2.0,1.0,83.0,0.0
80.0,320.3816,25.771006,151.53731,21.0,2.0,1.0,96.24534,77.711205,6.0,2.0,28.0,0.0,9.988748,23.940577,0.0,0.0,11.0,-8.0,2.0,-8.0,0.0,38.02666,0.0
88.81268,423.26462,34.77582,101.763695,22.553236,0.0,0.0,100.0,-7.0,7.0,8.0,21.0,0.0,9.007079,-7.0,0.0,0.0,1.0,-8.0,1.0,1.0,0.0,26.541105,0.0
75.0,80.85566,3.0,61.518806,12.675272,1.0,0.0,85.72312,16.273886,6.0,2.7345226,17.421297,2.0,54.078106,0.0,1.0,1.0,1.0,-8.0,1.0,2.0,0.0,57.0,0.0
81.578224,161.21632,4.0,65.82885,7.395887,0.0,0.0,92.0,78.43197,6.0,6.0,11.0,2.0,42.0,0.0,1.0,1.0,2.0,-8.0,1.0,1.0,0.0,50.734516,0.0
84.0,94.15571,7.0,103.29876,15.0,1.0,0.0,79.78316,31.920935,6.0,5.8667097,14.0,2.0,42.918083,15.963475,0.0,0.0,2.0,89.90166,2.0,3.0,0.0,50.0,0.0
88.0,177.22443,3.0,65.193825,17.0,0.0,0.0,100.0,-7.0,7.0,8.0,17.0,2.0,52.24058,4.4265714,3.0,3.0,1.0,64.40437,1.0,2.0,0.0,33.62448,0.0
78.0,451.254,21.40837,160.61954,25.0,0.0,0.0,95.0,38.15047,6.0,6.0,35.19865,0.0,40.0,1.0,1.0,1.0,19.288574,-8.0,2.0,2.0,0.0,53.01533,0.0
78.0,360.48688,15.839698,170.54161,16.0,0.0,0.0,88.0,79.18218,6.0,6.0,19.0,0.0,31.0,0.35863155,0.0,0.0,20.320202,31.866302,8.0,2.0,0.0,100.0,0.0
86.0,181.92264,32.06645,92.0,8.0,0.0,0.0,100.0,-7.0,7.0,8.0,12.0,0.0,32.0,5.0,1.0,1.0,0.6119209,-8.0,1.0,1.0,0.0,100.0,0.0
88.0,253.16092,17.0,80.0,17.0,0.0,0.0,100.0,-7.0,7.0,8.0,23.0,0.0,33.0,-8.0,0.0,0.0,9.0,-8.0,2.0,1.0,0.0,60.0,0.0
86.0,74.80092,5.0,60.578026,22.0,0.0,0.0,100.0,-7.0,7.0,8.0,22.0,2.0,7.8928537,-8.0,0.0,0.0,1.0,96.79946,4.0,1.0,0.0,56.176796,0.0
76.0,289.9478,5.206399,104.25276,33.33475,1.0,1.0,95.0,-9.0,6.0,6.0,37.0,1.0,64.54741,0.0,2.0,2.0,4.7270465,67.266174,3.0,4.0,0.0,75.0,0.0
68.0,176.66982,7.0,65.90482,29.0,0.0,0.0,94.85226,48.597878,6.0,6.0,26.0,4.0,29.0,-7.0,0.0,0.0,60.372856,81.71952,6.0,1.0,1.0,78.0,0.0
73.0,170.31026,2.0,52.893177,16.0,0.0,0.0,100.0,-7.0,7.0,8.0,17.0,2.0,22.458857,0.0,6.976347,6.791627,31.700323,95.95816,3.0,2.0,0.0,44.74361,0.0
84.3327,259.71362,21.928848,92.0,15.0,0.0,0.0,100.0,-7.0,7.0,8.0,18.0,0.0,11.987743,20.76766,0.0,0.0,13.294342,-8.0,3.0,1.0,0.0,33.0,0.0
89.0,261.7429,133.12344,243.66583,13.0,0.0,0.0,100.0,-7.0,7.0,8.0,21.0,0.0,15.0,0.0,0.0,0.0,1.0,65.03269,2.0,1.0,0.0,80.0,0.0
-9.0,-9.0,-9.0,-9.0,-9.0,-9.0,-9.0,-9.0,-9.0,-9.0,-9.0,-9.0,-9.0,-9.0,-9.0,-9.0,-9.0,-9.0,-9.0,-9.0,-9.0,-9.0,-9.0,0.0
83.0,244.21992,3.0,93.0,39.84375,0.0,0.0,100.0,-7.0,7.0,8.0,47.181046,2.0,12.861046,0.0,2.0,2.0,8.768614,77.5183,3.0,2.0,1.0,33.063095,0.0
84.0,218.98616,6.0,153.50706,9.727389,0.0,0.0,92.0,50.95733,6.0,6.0,10.0,1.0,21.11517,12.478445,0.0,0.0,62.340855,-8.0,1.0,1.0,0.0,80.0,0.0
72.0,139.1894,1.0,61.229633,14.0,0.0,0.0,100.0,-7.0,7.0,8.0,19.747757,2.0,55.94236,4.4967756,1.0,0.9906688,56.976406,68.563255,3.0,7.9163737,3.0,71.0,0.0
89.0,215.75119,12.622595,106.68495,40.464607,0.0,0.0,100.0,-7.0,7.0,8.0,40.228363,0.0,46.478,0.0,2.0,1.0,5.8517027,60.63574,2.0,2.0,0.0,50.0,0.0
-9.0,-9.0,-9.0,-9.0,-9.0,-9.0,-9.0,-9.0,-9.0,-9.0,-9.0,-9.0,-9.0,-9.0,-9.0,-9.0,-9.0,-9.0,-9.0,-9.0,-9.0,-9.0,-9.0,0.0
-9.0,-9.0,-9.0,-9.0,-9.0,-9.0,-9.0,-9.0,-9.0,-9.0,-9.0,-9.0,-9.0,-9.0,-9.0,-9.0,-9.0,-9.0,-9.0,-9.0,-9.0,-9.0,-9.0,0.0
-9.0,-9.0,-9.0,-9.0,-9.0,-9.0,-9.0,-9.0,-9.0,-9.0,-9.0,-9.0,-9.0,-9.0,-9.0,-9.0,-9.0,-9.0,-9.0,-9.0,-9.0,-9.0,-9.0,0.0
87.0,115.19864,19.829634,100.0,20.980965,0.0,0.0,100.0,-7.0,7.0,8.0,3.9811854,0.0,46.699554,-8.0,0.0,0.0,5.998681,86.17185,3.0,2.0,0.0,95.48784,0.0
-9.0,-9.0,-9.0,25.962233,-9.0,-9.0,-9.0,-9.0,-9.0,-9.0,-9.0,-9.0,-9.0,-9.0,-9.0,-9.0,-9.0,-9.0,-9.0,-9.0,-9.0,-9.0,-9.0,0.0
89.5564,333.0324,65.52224,176.51663,25.0,0.0,0.0,100.0,-7.0,7.0,8.0,22.0,0.0,13.0,0.0,2.0,1.0,1.0,53.314114,2.0,2.0,0.0,23.30028,0.0
87.994705,187.90508,13.56854,105.84496,20.317877,0.0,0.0,100.0,-7.0,7.0,8.0,21.0,0.0,50.0,21.987844,0.0,0.0,19.0,33.35127,2.3086166,1.0,0.0,62.44564,0.0
90.0,239.78746,9.0,83.0,14.0,0.0,0.0,100.0,-7.0,7.0,8.0,19.0,1.0,43.23334,-7.0,1.0,1.0,2.0,-8.0,2.0,1.0,0.0,60.0,0.0
74.184044,270.2998,7.0,91.81714,32.0,0.0,0.0,100.0,-7.0,7.0,8.0,31.0,1.0,24.0,1.0,1.0,1.0,32.0,57.65981,4.0,1.6421984,2.3186097,39.42645,0.0
90.0,332.5252,19.423878,103.516815,24.0,0.0,0.0,100.0,-7.0,7.0,8.0,32.03397,0.0,19.0,0.0,0.0,0.0,1.2469687,-8.0,3.0,1.0,0.0,40.0,0.0
81.0,246.56937,13.0,148.66447,12.0,0.0,0.0,100.0,-7.0,7.0,8.0,13.0,1.0,50.0,12.093087,0.0,0.0,35.84722,77.72323,1.0,2.0,0.0,75.0,0.0
89.553474,165.78275,17.0,91.745186,36.09188,0.0,0.0,100.0,-7.0,7.0,8.0,30.0,0.0,18.0,0.0,0.0,0.0,0.5387488,-8.0,2.0,1.0,0.0,15.113878,0.0
73.0,139.47656,14.754943,116.15902,23.0,0.0,0.0,100.0,-7.0,7.0,8.0,27.0,0.0,68.53024,5.0,0.0,0.0,50.194252,67.749756,1.0,2.0,0.0,78.0,0.0
75.0,386.73444,5.0,117.46451,16.0,0.0,0.0,100.0,-7.0,7.0,8.0,18.124521,1.0,41.120438,0.0,1.0,1.0,56.18592,-8.0,3.0,1.0,1.0,83.0,0.0
85.0,95.105194,7.0,57.623257,22.161642,0.0,0.0,100.0,-7.0,7.0,8.0,27.0,1.0,18.665363,-8.0,0.0,0.0,14.0,70.478165,3.0,1.0,0.0,66.88938,0.0
69.0,162.2836,9.0,81.12065,13.0,0.0,0.0,87.16774,16.019592,6.0,6.0,14.0,4.0,7.86168,4.0,0.0,0.0,56.826096,57.799812,3.0,2.0,3.0,50.0,0.0
86.0,129.09943,1.0,62.32725,8.0,0.0,0.0,100.0,-7.0,7.0,8.0,20.538147,1.0,23.0,0.0,0.0,0.0,6.0,-8.0,4.0,1.0,0.0,91.2481,0.0
75.97705,131.6799,7.0,75.756905,23.0,0.0,0.0,100.0,-7.0,7.0,8.0,27.525927,2.0,83.047005,5.080315,2.0,2.0,19.0,59.708588,2.0,2.0,0.0,100.0,0.0
73.0,81.16591,4.0,64.56186,15.0,0.0,0.0,100.0,-7.0,7.0,8.0,17.0,2.0,59.89483,0.0,3.0,3.0,54.290665,89.19125,2.0,4.0,1.0,51.60691,0.0
-9.0,-9.0,-9.0,-9.0,-9.0,-9.0,-9.0,-9.0,-9.0,-9.0,-9.0,-9.0,-9.0,-9.0,-9.0,-9.0,-9.0,-9.0,-9.0,-9.0,-9.0,-9.0,-9.0,0.0
-9.0,-9.0,-9.0,-9.0,-9.0,-9.0,-9.0,-9.0,-9.0,-9.0,-9.0,-9.0,-9.0,-9.0,-9.0,-9.0,-9.0,-9.0,-9.0,-9.0,-9.0,-9.0,-9.0,0.0
74.0,131.88173,4.0,71.0,8.0,0.0,0.0,100.0,-7.0,7.0,8.0,8.0,2.0,33.0,0.0,1.0,1.0,58.31555,-8.0,2.0,1.0,0.0,90.75045,0.0
77.435005,152.31288,6.0,79.0,25.0,2.0,1.0,82.92964,68.026245,6.0,4.0054693,29.297321,2.0,68.62888,0.0,1.0,1.0,18.270384,96.08363,3.0,4.0,0.0,77.903404,0.0
71.0,453.96182,11.0,87.5058,34.0,0.0,0.0,85.40335,3.9923673,-9.0,6.0,37.111958,3.0,39.902763,0.0,2.0,1.8131235,33.733162,86.9766,4.0,4.0,0.0,75.0,0.0
84.0,382.4248,9.0,118.245,19.0,0.0,0.0,100.0,-7.0,7.0,8.0,28.0,2.0,38.663166,0.0,2.0,2.0,4.487246,87.33089,4.0,2.0,0.0,80.0,0.0
-9.0,-9.0,-9.0,-9.0,-9.0,-9.0,-9.0,-9.0,-9.0,-9.0,-9.0,-9.0,-9.0,-9.0,-9.0,-9.0,-9.0,-9.0,-9.0,-9.0,-9.0,-9.0,-9.0,0.0
73.0,359.67545,-9.0,89.22453,17.0,0.0,0.0,83.59377,32.401627,6.0,6.0,20.0,2.0,39.751255,0.0,2.0,2.0637977,48.51678,66.01526,6.0,1.0,0.0,78.0,0.0
86.0,180.67873,2.0,78.32207,36.0,0.0,0.0,100.0,-7.0,7.0,8.0,44.11274,3.0,33.0,-7.0,0.0,0.0,0.0,85.7901,2.0,2.0,0.0,35.535637,0.0
81.0,218.05743,13.993368,83.273575,14.0,0.0,0.0,92.0,70.7244,6.0,6.0,18.0,0.0,26.0,19.361395,0.0,0.0,35.407173,64.82898,3.0,2.0,0.0,83.0,0.0
76.0,227.29549,3.0,149.65955,12.0,0.0,0.0,100.0,-7.0,7.0,8.0,15.0,3.0,15.567802,17.064325,0.0,0.0,62.976242,-8.0,6.0,1.0,2.0,100.0,0.0
81.0,288.19122,7.0,82.0,70.25926,0.0,0.0,100.0,-7.0,4.0,6.0,103.28271,2.0,19.801628,3.8218017,1.0,1.0,12.240403,81.753044,5.0,5.251822,1.0,50.0,0.0
55.958252,304.81747,2.0,95.91848,48.73389,0.0,0.0,94.0,19.617702,6.0,6.0,47.130974,4.0,44.0,0.0,3.0,2.7454615,44.36085,64.28208,8.0,10.198216,1.0,75.0,0.0
81.0,142.48184,6.0,78.60418,14.0,0.0,0.0,100.0,-7.0,7.0,8.0,16.0,1.0,20.0,3.0,3.0,3.0,1.0,37.10005,2.0,1.0,0.0,56.0,0.0
81.0,149.04445,3.0,70.0,34.0,0.0,0.0,97.0,20.911566,6.0,6.0,28.983536,4.0,15.285363,-8.0,4.0,4.0,2.0,-8.0,1.0,1.0,0.0,25.0,0.0
-9.0,226.66559,2.0,65.22659,20.177668,0.0,0.0,78.352325,-7.0,-9.0,6.0,26.0,2.0,41.747086,7.004781,2.6524503,2.0,41.86284,-8.0,4.0,3.878126,1.0,67.0,0.0
65.0,229.31973,3.0,109.30059,17.0,0.0,0.0,76.10275,24.927143,6.0,6.0,23.0,1.0,20.0,0.0,2.0,3.0,93.39068,-8.0,2.0,1.0,3.503454,50.0,0.0
74.42501,187.44052,7.0,138.01343,27.0,0.0,0.0,88.84639,-7.0,4.0,6.0,28.439346,1.0,47.981934,7.0,0.0,0.0,38.34992,33.386135,2.0,4.0,0.0,75.0,0.0
88.0,341.6661,8.0,143.82803,18.0,0.0,0.0,100.0,-7.0,7.0,8.0,20.0,0.0,10.150298,-7.0,0.0,0.0,11.0,-8.0,3.0,1.0,0.0,50.0,0.0
67.66789,396.57767,23.783024,102.222626,26.0,0.0,0.0,96.0,12.513741,6.0,6.0,23.53091,0.0,28.1842,9.0,0.0,0.0,80.933624,-8.0,5.0,2.0,5.8133144,72.44699,0.0
68.37885,205.58636,6.0,98.659386,39.0,1.0,0.0,100.0,16.094606,4.0,3.6862319,35.870754,2.0,64.354195,0.0,4.0,4.195013,43.32095,67.91784,2.0,4.0,1.0,67.0,0.0
85.0,202.15881,4.0,82.0,20.0,0.0,0.0,97.0,40.25566,6.0,6.0,22.95656,1.0,42.0,21.711811,0.0,0.0,17.0,58.21887,1.0,2.0,0.0,64.0,0.0
85.0,207.57466,3.0,86.0,13.0,0.0,0.0,100.0,-7.0,7.0,8.0,14.0,2.0,51.14627,0.0,1.0,1.0,0.0,84.52956,0.0,2.0,0.0,49.60585,0.0
86.0,325.09116,2.0,100.0,21.0,0.0,0.0,100.0,-7.0,7.0,8.0,21.0,1.7576537,14.0,4.0,1.0,1.0,19.0,-8.0,2.0,1.0,0.0,31.107872,0.0
75.0,193.74408,4.0,76.108284,37.342438,0.0,0.0,96.0,71.729866,6.0,6.0,32.0,1.0,32.43196,5.0,0.0,0.0,17.295113,100.0,5.0,2.0,1.8104438,46.14642,0.0
82.0,205.80595,7.0,71.162895,45.170135,0.0,0.0,100.0,-7.0,7.0,8.0,63.05321,3.0,54.48793,0.0,0.0,0.0,4.9065247,73.978264,4.0,4.872102,0.0,54.143906,0.0
-9.0,-9.0,-9.0,-9.0,-9.0,-9.0,-9.0,-9.0,-9.0,-9.0,-9.0,-9.0,-9.0,-9.0,-9.0,-9.0,-9.0,-9.0,-9.0,-9.0,-9.0,-9.0,-9.0,0.0
78.0,396.13324,8.357535,111.81469,22.060642,0.0,0.0,100.0,-7.0,7.0,8.0,24.867588,1.0,29.215631,0.0,6.1090155,5.6533613,12.0,99.08667,3.0,2.0,0.0,43.0,0.0
71.0,196.25285,12.308753,75.40006,18.0,0.0,0.0,100.0,-7.0,7.0,8.0,23.0,0.0,9.508316,1.0,2.0,2.0,59.953598,50.019665,6.0,1.0,3.0,50.0,0.0
-9.0,-9.0,-9.0,-9.0,-9.0,-9.0,-9.0,-9.0,-9.0,-9.0,-9.0,-9.0,-9.0,-9.0,-9.0,-9.0,-9.0,-9.0,-9.0,-9.0,-9.0,-9.0,-9.0,0.0
66.0,365.68048,3.0,150.11418,13.0,3.0,2.8182724,100.0,-7.0,6.0,8.0,19.285742,1.0,65.47143,0.0,2.0,2.0,1.0,83.67055,2.0,1.0,0.0,56.0,0.0
83.0,263.36804,22.005842,115.009796,14.0,0.0,0.0,100.0,-7.0,7.0,8.0,18.0,0.0,16.0,0.0,0.0,0.0,38.03789,-8.0,3.0,1.0,0.0,87.58789,0.0
83.0,264.5862,2.0,93.0,28.224636,0.0,0.0,100.0,-7.0,7.0,8.0,34.141304,3.0,29.213705,-7.0,0.0,0.0,11.0,80.0,4.0,2.0,0.0,44.0,0.0
60.358856,220.11293,7.0,60.74634,35.339428,1.0,1.0,88.0,4.0,0.9363183,6.0,43.83442,5.0,52.093655,1.0,0.0,0.0,60.456528,90.33797,3.0,5.0,0.0,77.80777,0.0
72.0,131.4041,6.0,60.212425,34.171158,0.0,0.0,100.0,-7.0,7.0,8.0,36.881645,2.0,30.674658,0.0,3.0,3.0,19.085945,77.63279,9.0,4.0,1.0,50.0,0.0
71.0,164.36295,5.0,75.0,41.54542,0.0,0.0,96.0,47.302418,6.0,6.0,49.027874,3.0,15.0,0.0,1.0,1.0,21.264828,-8.0,6.0,2.0,1.0,40.0,0.0
86.0,186.52101,2.0,83.0,13.0,0.0,0.0,100.0,-7.0,7.0,8.0,19.0,3.0,44.0,0.0,5.0,4.0,2.0,74.00603,1.0,1.3869274,0.0,100.0,0.0
73.0,292.16492,7.0,119.41805,25.0,3.0,2.0,94.0,43.322903,6.0,6.0,32.070477,1.0,26.800209,1.0,2.0,2.0,24.81844,76.25081,1.8929743,4.0,0.0,47.390244,0.0
86.0,175.67686,3.0,61.0,14.0,0.0,0.0,100.0,-7.0,7.0,8.0,17.888624,1.0411519,27.0,-7.0,0.0,0.0,8.0,-8.0,4.0,1.0,0.0,78.0,0.0
70.0,234.3809,3.0,105.615746,13.0,3.16044,2.0,85.902885,51.261604,6.0,2.1360524,15.0,3.0,48.019062,0.0,1.0,1.0,15.0,71.0,3.0,2.0,0.0,80.32652,0.0
75.74254,126.22661,20.0,69.856224,12.0,1.0,0.0,95.0,25.622223,6.0,4.8594666,16.0,0.0,44.90389,-7.4323378,3.0,2.2234488,0.0,50.269314,-9.0,3.0,0.0,45.31053,0.0
79.0,154.3567,1.0,63.0,16.599854,0.0,0.0,100.0,-7.0,7.0,8.0,18.0,1.0,20.91439,0.0,1.0,1.0,11.277932,-8.0,5.0,-8.0,0.0,80.0,0.0
70.0,56.318714,1.0,49.800117,28.0,1.0,1.0,95.0,56.408092,6.0,4.7864947,35.0,6.0,66.15919,0.0,4.0,5.0,19.0,88.0,3.0,3.0,0.0,68.391014,0.0
79.0,125.54987,27.563623,97.51915,10.0,0.0,0.0,93.0,37.007183,6.0,6.0,2.9829822,0.0,26.651943,16.497883,0.0,0.0,48.250893,33.086758,1.0,2.0,1.0,85.12431,0.0
-9.0,187.69434,3.0,65.0,36.0,5.5338793,2.0,77.590996,-7.0,-9.0,6.0,51.922512,3.0,52.458614,0.0,2.0,2.0,72.984314,77.51981,5.0,7.9064,5.860678,75.0,0.0
79.0,178.89578,24.13882,108.60189,14.0,0.0,0.0,100.0,-7.0,7.0,8.0,18.254986,0.0,11.0,13.348609,0.0,0.0,44.708916,-8.0,3.0,1.0,3.4359214,46.059597,0.0
78.0,94.61349,3.0,37.965836,24.0,0.0,0.0,100.0,-7.0,7.0,8.0,21.0,1.932926,69.06914,0.0,0.0,0.0,56.33892,10.498823,2.0,2.0,0.0,60.0,0.0
82.0,389.5275,5.0,94.0,46.023403,0.0,0.0,100.0,-7.0,7.0,8.0,41.70518,3.0,17.359133,6.0,1.6878083,1.0,16.142954,-8.0,3.0,2.0,0.0,28.59305,0.0
-9.0,-9.0,-9.0,-9.0,-9.0,-9.0,-9.0,-9.0,-9.0,-9.0,-9.0,-9.0,-9.0,-9.0,-9.0,-9.0,-9.0,-9.0,-9.0,-9.0,-9.0,-9.0,-9.0,0.0
73.0,106.61022,23.04898,69.52502,7.610079,1.0,1.0,82.75492,8.99649,6.0,5.0,9.0,0.0,68.35894,-8.0,0.0,0.0,71.9267,-8.0,3.0,2.0,0.0,100.0,0.0
59.078133,258.36874,9.0,98.61005,36.0,0.4903025,0.0,88.93725,1.0,4.0,6.0,44.10473,3.0,65.35858,9.0,0.0,0.0,9.0,76.0,6.0,6.889526,0.0,80.0,0.0
89.34256,166.001,26.589634,88.21728,18.382713,0.0,0.0,100.0,-7.0,7.0,8.0,8.0,0.0,16.0,0.0,0.0,0.0,4.0,-8.0,3.0,2.0,0.0,53.784508,0.0
-9.0,-9.0,-9.0,-9.0,-9.0,-9.0,-9.0,-9.0,-9.0,-9.0,-9.0,-9.0,-9.0,-9.0,-9.0,-9.0,-9.0,-9.0,-9.0,-9.0,-9.0,-9.0,-9.0,0.0
88.0,368.76324,14.562744,92.869446,36.0,0.0,0.0,100.0,-7.0,7.0,8.0,32.0,0.0,24.222246,0.0,0.0,0.0,4.0,-8.0,1.0,1.0,0.0,33.0,0.0
71.84749,287.3719,10.0,100.80318,45.80813,2.0,2.0,100.0,-7.0,6.0,8.0,48.23104,1.0,25.95386,8.272553,0.0,0.0,20.1716,-8.0,2.0,2.0,0.0,42.221172,0.0
85.0,120.9098,5.0,62.557392,25.0,0.0,0.0,100.0,-7.0,7.0,8.0,23.0,2.0,42.0,9.695009,0.0,0.0,0.0,88.0,0.0,2.0,0.0,45.755013,0.0
82.382065,139.51006,10.0,57.659393,15.0,0.0,0.0,100.0,-7.0,7.0,8.0,18.011564,2.0,66.226204,0.0,2.0,1.3152237,7.0,63.797997,2.0,3.0,0.0,100.0,0.0
82.0,282.4209,7.0,192.671,31.0,0.0,0.0,100.0,-7.0,7.0,8.0,44.109776,1.0,28.717007,21.622797,0.0,0.0,13.30467,82.0,6.0,2.0,0.0,80.0,0.0
-9.0,-9.0,-9.0,-9.0,-9.0,-9.0,-9.0,-9.0,-9.0,-9.0,-9.0,-9.0,-9.0,-9.0,-9.0,-9.0,-9.0,-9.0,-9.0,-9.0,-9.0,-9.0,-9.0,0.0
-9.0,-9.0,-9.0,-9.0,-9.0,-9.0,-9.0,-9.0,-9.0,-9.0,-9.0,-9.0,-9.0,-9.0,-9.0,-9.0,-9.0,-9.0,-9.0,-9.0,-9.0,-9.0,-9.0,0.0
73.75081,55.29559,3.0,41.97688,46.05515,0.0,0.0,100.0,-7.0,7.0,8.0,44.493847,5.0,17.0,7.0,0.0,0.0,6.0354753,-8.0,12.166427,3.0,1.0,54.625282,0.0
85.0,176.30406,9.0,110.32458,20.0,0.0,0.0,100.0,-7.0,7.0,8.0,23.0,1.0,49.876522,14.194494,0.0,0.0,3.1762314,56.67288,3.0,1.0,0.0,82.349205,0.0
80.0,429.09674,5.0,105.17209,43.91078,0.0,0.0,100.0,-7.0,7.0,8.0,45.973328,1.0,49.98661,0.0,2.0,2.0,25.0,-8.0,7.831759,20.661413,0.0,67.0,0.0
68.0,198.25424,3.0,52.915012,18.0,0.0,0.0,100.0,-7.0,7.0,8.0,23.0,1.0,38.0,0.0,2.0,2.0,72.91329,76.0,2.0,3.0,3.0,71.0,0.0
76.0,146.38174,4.0,75.26857,75.41269,0.0,0.0,100.0,80.87184,6.0,6.0,53.64283,3.0,14.643337,6.0,0.0,0.0,31.464277,-8.0,6.0,1.0,0.0,35.483753,0.0
80.0,152.95473,10.0,61.0,14.022496,0.0,0.0,100.0,-7.0,7.0,8.0,11.511299,1.0,33.0,1.0,2.0,1.0,26.998896,-8.0,1.0,1.0,1.0,33.0,0.0
84.0,113.70087,5.0,68.42656,16.0,0.0,0.0,100.0,-7.0,7.0,8.0,11.0,1.0,10.307038,0.0,0.0,0.0,22.422045,-8.0,4.0,-9.0,0.0,64.0,0.0
80.70977,342.56042,3.0,114.22408,37.56148,0.0,0.0,100.0,-7.0,7.0,8.0,45.633884,4.0,49.56147,5.0,4.0,4.0,13.908868,50.354797,3.0,2.0,0.0,33.9303,0.0
92.35558,354.01453,2.0,76.0,7.0,0.0,0.0,100.0,-7.0,7.0,8.0,7.5951424,1.0,37.952,5.380866,1.0,1.0,2.0,-8.0,1.0,1.0,0.0,75.0,0.0
73.0,158.28905,15.0,80.0,15.0,1.0,0.9431178,97.87111,23.889505,6.0,5.0,18.0,0.0,24.0,0.0,0.0,0.0,38.815353,-8.0,2.0,1.0,1.0,60.0,0.0
82.0,-9.0,6.0,30.302052,10.0,0.0,0.0,100.0,-7.0,7.0,8.0,12.0,1.0,12.019107,0.0,0.0,0.0,6.0,-8.0,1.0,1.0,0.0,52.20042,0.0
66.304825,176.56836,14.0,60.0699,15.0,3.1517262,3.2712028,90.0,6.0,4.0,5.0,21.0,0.0,20.0,-7.0,0.0,0.0,19.0,-8.0,2.0,1.0,0.0,56.049377,0.0
79.0,191.32484,37.260334,82.687775,13.845245,0.0,0.0,90.64779,71.295006,6.0,6.0,17.0,0.0,41.0,2.0,2.0,2.0,8.0,-8.0,3.0,3.0,0.0,69.94148,0.0
-9.0,214.55179,20.935312,108.36107,12.0,2.0,2.0,65.45887,-7.0,0.0,4.0,9.660217,0.0,31.403055,8.5279,0.0,0.0,55.374588,-8.0,4.0,-8.0,1.0,100.0,0.0
68.0,139.08716,2.0,59.41141,32.0,0.0,0.0,91.8056,30.36773,6.0,6.0,32.59726,3.0,25.0,4.0,0.0,0.0,41.54471,76.0,5.0,4.0,3.8355556,83.0,0.0
86.0,240.04457,3.0,93.0,18.0,0.0,0.0,100.0,-7.0,7.0,8.0,13.707971,3.0,27.099516,23.345118,0.0,0.0,4.0,62.38925,4.0,2.0,0.0,50.0,0.0
80.0,102.10312,1.0,61.0,17.298708,0.0,0.0,90.5813,59.237293,6.0,4.725166,22.0,1.0,19.0,0.0,1.0,1.0,4.8213882,76.77728,2.0,2.0,0.0,50.0,0.0
71.0,116.43476,11.127151,68.0,27.66225,1.5425204,1.6256673,94.0,4.0,4.0,2.0,29.583551,0.0,21.180004,9.36449,1.0,0.0,2.6806853,93.0435,4.0,1.0,0.0,43.0,0.0
83.617065,361.54437,20.72656,80.949776,15.0,0.0,0.0,100.0,-7.0,6.0,6.0,15.0,0.0,30.0,-8.0,0.0,0.0,20.288666,-8.0,4.0,2.0,0.0,59.268612,0.0
92.62976,190.0002,33.306713,165.405,18.0,0.0,0.0,100.0,-7.0,7.0,8.0,-9.0,0.0,0.0,-8.0,0.0,0.0,3.0,-8.0,4.0,1.0,0.0,50.0,0.0
84.0,396.86386,9.0,151.0791,28.0,0.0,0.0,95.84072,19.938065,6.0,6.0,34.31777,0.0,19.0,17.303537,0.0,0.0,6.0,-8.0,5.0,1.0,0.0,51.508747,0.0
87.0,212.75023,5.0,75.0,30.0,0.0,0.0,100.0,-7.0,7.0,8.0,28.0,3.0,23.0,9.324833,0.0,0.0,3.0,-8.0,4.0,1.0,0.0,20.293442,0.0
66.63177,156.91658,24.159937,137.35603,17.230688,1.6378936,1.0,86.56059,6.5042458,4.0,2.0,19.0,0.0,43.0,0.0,0.0,0.0,67.910194,77.4161,4.0,6.0324483,3.0,88.421684,0.0
75.0,269.2595,6.0,83.0,20.0,0.0,0.0,90.0,43.4277,6.0,5.0,19.0,2.0,31.0,5.877176,0.0,0.0,22.943687,-8.0,3.0,1.0,0.0,64.0,0.0
58.627132,79.31657,3.0,63.469448,15.0,1.0,0.0,64.84231,0.41770214,-0.3416414,4.0,12.0,4.0,28.0,0.0,2.0,2.0,4.0,99.52628,4.0,2.0,0.0,67.0,0.0
83.75635,280.46283,8.0,137.28131,31.09994,0.0,0.0,100.0,-7.0,7.0,8.0,30.0,1.0,46.0,0.0,2.0,2.0,3.0,-8.0,1.0,1.0,0.0,40.148785,0.0
79.0,177.72858,6.0,62.611774,12.0,0.0,0.0,100.0,-7.0,7.0,8.0,12.169039,2.0,42.0,0.0,0.0,0.0,50.991604,85.000435,2.0,2.0,0.0,100.0,0.0
86.0,318.9717,17.0,124.41982,26.12167,0.0,0.0,100.0,-7.0,7.0,8.0,29.123968,0.0,75.876656,-7.0,0.0,0.0,0.0,50.456898,1.0,3.0,0.0,75.0,0.0
80.0,148.97076,4.0,80.343864,11.120224,0.0,0.0,88.0,54.212612,6.0,6.0,7.958806,1.0,68.01405,13.346544,1.0,1.0,21.0,77.403465,2.0,2.0,0.0,67.0,0.0
79.0,130.68211,4.0,49.990242,19.0,0.0,0.0,100.0,-7.0,7.0,8.0,28.0,3.0,21.0,-7.0,2.497551,2.0,37.217747,-8.0,1.0,1.0,0.0,100.0,0.0
69.41087,193.72072,2.0,74.0,35.192867,0.0,0.0,79.75203,21.604874,6.0,6.0,20.0,3.0,30.0,3.0,0.0,0.0,47.190556,85.227036,1.0,4.0,0.0,43.0,0.0
74.0,125.873024,9.0,48.848465,14.287859,0.0,0.0,90.42902,29.719467,6.0,6.0,16.0,0.0,73.734695,0.0,1.0,1.0,7.9992423,93.22446,4.0,3.6031182,0.0,88.0,0.0
64.0,186.22523,2.0,59.589478,20.0,2.0,0.0,94.0,18.20265,4.0,5.0,26.0,2.0,46.71139,0.0,16.648891,14.374272,51.222496,67.45914,6.0,1.0,0.0,78.0,0.0
77.0,344.34766,3.0,61.0,24.0,0.0,0.0,100.0,-7.0,7.0,8.0,27.0,4.0,41.0,-1.2707623,0.0,0.0,37.160187,59.39901,4.0,2.0,0.0,88.56927,0.0
74.0,75.33498,2.0,63.0,34.0,0.0,0.0,100.0,-7.0,7.0,8.0,28.0,2.0,8.131175,-8.0,0.0,0.0,33.656612,-8.0,4.0,1.0,3.0,33.0,0.0
-9.0,-9.0,-9.0,-9.0,-9.0,-9.0,-9.0,-9.0,-9.0,-9.0,-9.0,-9.0,-9.0,-9.0,-9.0,-9.0,-9.0,-9.0,-9.0,-9.0,-9.0,-9.0,-9.0,0.0
74.0,182.02176,1.0,75.38692,25.0,0.0,0.0,100.0,-7.0,7.0,8.0,28.157806,1.0,24.0,0.0,2.0,1.0,44.201122,87.142494,6.0,3.0,2.9742732,67.0,0.0
86.0,198.77667,14.098571,141.30592,26.173843,0.0,0.0,100.0,-7.0,6.0,8.0,20.0,0.0,43.33932,0.0,0.0,0.0,4.4328465,57.05063,5.0,5.0,0.0,67.0,0.0
91.67422,261.45825,2.0,94.86198,31.0,0.0,0.0,100.0,-7.0,7.0,8.0,28.0,2.0,60.563007,1.0,2.020429,2.0,2.0,88.456055,3.0,2.0,0.0,100.0,0.0
87.0,472.53964,70.69971,161.90291,13.311997,0.0,0.0,100.0,-7.0,7.0,8.0,17.0,0.0,17.0,8.0,0.0,0.0,1.0,-8.0,2.0,1.0,0.0,20.445967,0.0
82.0,190.14275,2.0,78.9173,22.958542,0.0,0.0,97.0,-8.287739,6.0,6.0,24.0,3.0,38.549133,0.0,3.0,3.0,14.0,69.66021,5.0,1.0,0.0,60.0,0.0
70.0,131.74191,4.0,69.06077,42.844894,0.0,0.0,100.0,-7.0,7.0,8.0,32.744503,1.0,41.0,1.0,0.0,0.0,17.0,79.65001,6.0,4.0,0.1360455,78.147224,0.0
85.0,240.02042,4.0,63.943554,50.524406,0.0,0.0,100.0,-7.0,7.0,8.0,47.363895,4.0,9.143399,0.0,2.0,2.0,6.0,-8.0,5.0,1.0,0.0,25.800398,0.0
-9.0,-9.0,-9.0,-9.0,-9.0,-9.0,-9.0,-9.0,-9.0,-9.0,-9.0,-9.0,-9.0,-9.0,-9.0,-9.0,-9.0,-9.0,-9.0,-9.0,-9.0,-9.0,-9.0,0.0
89.0,290.44455,20.0,180.79137,17.080647,0.0,0.0,100.0,-7.0,7.0,8.0,28.69573,0.0,27.479624,-8.0,0.0,0.0,6.0,99.28158,3.0,1.0,0.0,50.0,0.0
73.0007,187.77846,6.0,62.30097,28.0,0.0,0.0,100.0,-7.0,7.0,8.0,32.0,6.0,26.433056,0.0,2.0,2.0,40.93224,93.0,5.0,2.0,0.0,69.78248,0.0
68.0,109.21083,13.346454,59.36916,16.0,1.0,1.0,100.0,-7.0,0.0,8.0,16.0,1.0,49.639668,0.0,0.0,0.0,10.556175,60.322205,1.0,2.0,0.0,54.950844,0.0
86.0,167.06726,7.0,60.719616,18.380049,0.0,0.0,100.0,-7.0,7.0,8.0,25.0,1.0,59.74552,0.0,1.0,1.0,4.5063624,99.235596,1.0,5.0,0.0,67.0,0.0
-9.0,-9.0,-9.0,-9.0,-9.0,-9.0,-9.0,-9.0,-9.0,-9.0,-9.0,-9.0,-9.0,-9.0,-9.0,-9.0,-9.0,-9.0,-9.0,-9.0,-9.0,-9.0,-9.0,0.0
85.0,324.19397,8.0,77.0,36.0,0.0,0.0,100.0,-7.0,7.0,8.0,38.0,1.0,22.0,9.078086,0.0,0.0,1.3420866,-8.0,2.0,1.0,0.0,20.001965,0.0
79.0,130.92091,7.0,63.738922,9.826113,0.0,0.0,100.0,-7.0,7.0,8.0,12.0,2.0,7.4429,0.0,2.0,2.0,3.0,-8.0,2.0,1.0,0.0,38.712406,0.0
66.0,107.22718,5.0,55.355152,31.91203,1.0,1.0,100.0,-7.0,7.0,8.0,39.726646,6.0,52.412437,-7.0,5.404314,5.0,34.093414,44.980705,6.0,4.599311,1.0,88.0,0.0
79.0,264.9804,20.0,75.0,27.846123,0.0,0.0,96.0,2.8713229,6.0,6.0,30.0,0.0,33.69067,0.0,0.0,0.0,5.0,23.466942,4.0,2.0,0.0,67.0,0.0
89.0,197.6563,31.51158,106.38144,15.0,0.0,0.0,100.0,-7.0,7.0,8.0,14.55177,0.0,17.821878,-8.0,0.0,0.0,3.0,-8.0,2.0,1.0,0.0,50.0,0.0
67.0,126.19558,3.0,48.428665,20.842377,1.0,0.0,89.0,22.062796,6.0,6.0,24.0,5.0,-9.0,1.0,1.0,1.0,5.0,-8.0,5.5826406,1.0,0.0,42.330185,0.0
82.0,76.32778,7.0,59.532856,29.244003,0.0,0.0,100.0,-7.0,7.0,8.0,28.163916,1.2172987,63.449806,0.0,0.0,0.0,16.43821,65.78954,2.0,6.8733134,0.0,99.19878,0.0
71.0,82.6512,3.0,63.019188,20.0,0.0,0.0,100.0,-7.0,7.0,8.0,18.0,3.0,33.0,-8.0,1.0,1.0,62.982033,93.0,4.0,3.0,1.0,86.39499,0.0
69.42293,209.38022,3.0,77.0,51.880333,1.0,1.0,100.0,-7.0,5.0,7.4034014,54.030235,5.7462735,31.0,0.0,2.0,1.8024955,14.115191,37.134155,6.081704,4.0,1.0,48.956997,0.0
70.0,138.37614,3.0,40.896976,16.0,0.0,0.0,100.0,-7.0,7.0,8.0,18.0,6.0,22.0,0.0,2.0,2.0,50.733994,99.36426,4.0,3.0,2.0,50.0,0.0
78.0,375.89084,3.0,162.80899,14.0,0.0,0.0,88.01465,12.913597,6.0,6.0,15.0,0.0,28.0,18.280575,0.0,0.0,21.405045,100.0,1.0,2.0,0.0,50.0,0.0
68.0,245.43253,9.0,67.75031,34.0,0.0,0.0,90.0,4.0,6.0,6.0,37.0,2.0,41.574852,0.0,0.0,0.0,53.98225,22.693085,6.0,3.0,0.0,70.949585,0.0
82.026024,280.63065,7.0,93.190674,39.0,0.0,0.0,100.0,-7.0,7.0,8.0,45.27417,1.0,26.0,0.0,0.0,0.0,16.107002,80.0,7.0,2.0,0.0,80.0,0.0
86.0,221.88568,26.418762,111.840065,5.8987374,0.0,0.0,84.20811,52.319397,6.0,6.0,9.0,0.0,29.06097,-8.0,0.0,0.0,14.306707,-8.0,3.0,1.0,0.0,50.0,0.0
70.0,151.08633,27.438105,75.0,19.0,0.0,0.0,95.0,60.115284,6.0,6.0,20.47994,0.0,42.0,0.0,3.0,2.0,69.27009,-8.0,4.0,1.0,4.0,80.96099,0.0
65.847946,192.69933,1.0,81.0,34.00997,1.0,1.0,89.65153,17.886105,6.0,5.0,34.0,2.0,29.0,0.0,4.0,4.0,43.671986,87.54654,6.892114,4.0,4.356148,67.0,0.0
70.0,145.96968,20.0,86.33774,11.0,1.0,0.0,75.800964,23.445137,6.0,5.0,14.0,0.0,23.0,0.0,0.0,0.0,25.0,-8.0,1.0,1.0,0.0,25.140795,0.0
90.49866,270.9884,20.0,121.71231,11.0,0.0,0.0,100.0,-7.0,7.0,8.0,14.0,0.0,22.762037,-8.0,0.0,0.0,7.0,-8.0,3.0,1.0,0.0,56.0,0.0
81.0,225.00238,2.5841281,79.16505,27.0,0.0,0.0,97.0,-7.0,6.0,6.0,29.969667,2.0,42.0,0.0,2.0,1.0,14.384203,93.0,2.0,3.5278347,0.0,50.0,0.0
77.96329,210.27644,9.0,99.22541,31.21474,0.0,0.0,100.0,-7.0,7.0,8.0,37.38244,1.0,46.534588,3.0,1.0,1.0,1.0,48.594727,1.0,5.561977,0.0,60.0,0.0
68.886154,190.04114,28.43782,87.87813,2.6534846,1.0,0.0,57.431606,16.554422,5.060008,3.1873255,8.213036,0.0,45.0,-7.2360306,0.0,0.0,75.74535,75.68028,2.0,2.0,-9.0,100.0,0.0
-7.3183947,164.87242,2.0,80.0,6.10818,2.0,1.0,-9.0,-7.0,4.0,2.0,10.0,2.0,41.964092,0.0,1.0,1.0,34.982647,-8.0,1.0,1.0,0.0,60.0,0.0
79.0,133.0964,5.0,62.508007,27.0,0.0,0.0,100.0,-7.0,7.0,8.0,26.0,3.0,23.046204,4.0574036,0.0,0.0,17.0,88.0,4.0,2.0,1.0,42.531677,0.0
73.0,457.43784,6.0,117.54304,19.0,2.0,1.0,77.67377,24.942007,6.0,3.0,22.23243,2.0,19.0,1.0,0.0,0.0,1.0,50.343464,4.0,1.0,0.0,40.509804,0.0
-9.0,-9.0,-9.0,-9.0,-9.0,-9.0,-9.0,-9.0,-9.0,-9.0,-9.0,-9.0,-9.0,-9.0,-9.0,-9.0,-9.0,-9.0,-9.0,-9.0,-9.0,-9.0,-9.0,0.0
80.0,109.54531,6.0,88.05776,34.0,0.0,0.0,100.0,-7.0,7.0,8.0,32.0,1.0,15.0,0.0,3.0,3.0,7.2710795,-8.0,3.0,1.0,1.0,23.015198,0.0
80.0,393.8821,7.0,130.67236,13.0,3.0,0.0,77.515114,23.857103,6.0,4.6658273,16.0,1.0,11.438088,-7.0,0.0,0.0,0.0,-8.0,2.0,-8.0,0.0,33.0,0.0
85.0,255.44583,6.0,88.71005,40.34659,0.0,0.0,100.0,-7.0,7.0,8.0,41.590805,0.07578197,30.0,15.647804,0.0,0.0,12.482972,73.6829,5.0,3.0,0.0,82.774025,0.0
80.0,230.93083,2.0,53.091663,25.0,0.0,0.0,100.0,-7.0,7.0,8.0,36.39601,3.0,32.653515,0.0,6.0495214,5.560988,8.0,73.375885,6.0,2.0,0.0,50.802643,0.0
73.0,176.15813,7.0,75.546074,29.0,0.0,0.0,96.0,58.819176,6.0,6.0,26.90253,1.0,37.0,14.692806,0.0,0.0,24.221964,71.0,9.0,2.0,1.0,67.0,0.0
73.0,122.2729,3.0,73.34868,32.9728,0.0,0.0,96.0,61.12828,6.0,6.0,37.413136,2.0,21.971619,2.0,2.0,2.0,46.63666,91.0,3.0,3.0,1.0,43.0,0.0
66.0,158.87973,2.0,59.853382,49.64027,0.0,0.0,93.0,4.0,2.1060061,6.0,57.683865,1.8612032,43.0,0.0,2.0,1.9742475,11.0,78.01997,7.52739,16.229168,1.0,62.802467,0.0
66.0,149.5448,1.0,55.896866,13.673892,1.0,0.0,91.44198,23.175238,6.0,4.0,17.0,2.0,35.11374,0.0,3.0,3.0,72.98029,-8.0,3.0,2.0,0.0,100.0,0.0
76.80209,143.5403,2.0,56.254147,24.0,0.0,0.0,100.0,-7.0,7.0,8.0,27.0,2.0,43.897625,1.0,5.0,5.0,6.0,-8.0,1.6791301,3.0,0.0,43.171967,0.0
60.249573,250.9108,19.034607,74.0,33.530235,0.0,0.0,84.267876,1.0,4.0,6.0,34.873352,0.0,12.507134,0.0,0.0,0.0,48.402187,81.36171,12.0679245,2.0,3.0,66.71633,0.0
82.0,138.49243,13.539243,95.7739,9.0,0.0,0.0,100.0,-7.0,7.0,8.0,11.0,0.0,25.0,21.486942,0.0,0.0,28.855656,79.7841,3.0,2.0,0.0,67.0,0.0
88.0,299.33408,4.0,106.4181,21.06492,0.0,0.0,100.0,-7.0,7.0,8.0,22.0,2.0,16.452034,0.0,0.0,0.0,14.0,-8.0,1.0,1.0,0.0,26.030409,0.0
81.0,131.17683,3.0,93.44267,26.0,0.0,0.0,88.0,31.106148,6.0,6.0,25.0,1.0,33.20928,0.0,1.0,1.0,0.5150218,-8.0,1.0,2.0,0.0,63.0,0.0
-9.0,-9.0,-9.0,-9.0,-9.0,-9.0,-9.0,-9.0,-9.0,-9.0,-9.0,-9.0,-9.0,-9.0,-9.0,-9.0,-9.0,-9.0,-9.0,-9.0,-9.0,-9.0,-9.0,0.0
86.0,235.17291,5.0,93.0,29.136635,0.0,0.0,100.0,-7.0,7.0,8.0,39.280083,3.0,36.823196,1.0,0.0,0.0,4.0,91.8632,5.541371,3.0,0.0,75.57749,0.0
89.0,142.80101,9.0,67.0,18.0,0.0,0.0,100.0,-7.0,7.0,8.0,23.0,1.0,34.43698,3.6768613,0.0,0.0,9.0,97.72875,2.0,2.0,0.0,70.0,0.0
-9.0,-9.0,-9.0,-9.0,-9.0,-9.0,-9.0,-9.0,-9.0,-9.0,-9.0,-9.0,-9.0,-9.0,-9.0,-9.0,-9.0,-9.0,-9.0,-9.0,-9.0,-9.0,-9.0,0.0
59.683475,213.48288,2.0,71.74108,44.67346,1.4727277,1.0,93.0,5.917823,2.073956,3.0,47.659283,3.0,24.0,2.7336078,0.0,0.0,36.89318,47.316257,6.8191557,1.0,2.0,50.0,0.0
65.61163,93.04817,9.0,69.797104,12.0,1.0,2.0,80.36979,42.35445,4.0,4.0,8.919394,0.0,61.122826,0.0,3.0,3.0,43.659477,33.880226,2.0,2.282457,1.0,100.0,0.0
76.0,162.06468,6.0,81.0,19.0,0.0,0.0,95.0,78.96864,6.0,6.0,21.0,1.0,35.0,0.0,0.0,0.0,28.0,80.084946,5.0,1.0,1.0,50.0,0.0
68.0,119.511246,2.0,68.0,24.091614,2.0,1.2376846,94.0,4.0,1.3165673,6.0,27.389996,4.0,37.050816,0.0,1.0,1.0,51.66253,95.76558,4.0,4.3929152,0.0,67.0,0.0
73.0,201.93489,5.0,75.0,37.904205,1.0,2.5996873,100.0,55.00081,6.0,-9.0,39.812107,3.0,20.0,21.100538,0.0,0.0,22.942013,-8.0,2.0,1.0,0.8016481,44.093555,0.0
81.0,-9.0,3.0,18.122774,7.0,0.0,0.0,100.0,-7.0,7.0,8.0,4.462939,1.0,10.486399,0.0,0.0,0.0,27.295055,-8.0,2.0,-8.0,0.0,75.73024,0.0
80.0,65.51074,11.158321,71.0,28.0,0.0,0.0,100.0,-7.0,7.0,8.0,22.0,1.0,25.0,0.0,2.0,2.0,9.973946,-8.0,2.0,2.0,0.0,64.0,0.0
65.63318,177.59375,10.0,82.0,13.0,1.0,1.0,100.0,-7.0,4.0,8.0,10.123988,1.0,50.0,0.0,0.0,0.0,74.54309,40.002724,4.0,2.0,3.0,90.18679,0.0
74.0,170.12628,9.0,72.0,18.0,1.125494,0.0,90.96429,51.287033,6.0,3.0,18.0,2.0,33.0,2.0,1.0,1.0,2.0,-8.0,1.0,1.0,0.0,27.164808,0.0
80.0,223.02489,4.0,109.98479,12.498945,2.0,2.0,92.0,78.67835,6.0,2.0,12.0,1.0,25.48964,3.0,0.0,0.0,1.0,66.936485,2.0,3.0,0.0,67.0,0.0
63.845924,399.667,5.0,123.83196,35.369392,3.0,2.8549323,94.65954,7.9572296,-9.0,2.061005,51.256973,2.0,19.0,4.0,0.0,0.0,27.623037,-8.0,6.0,-8.0,2.0,50.0,0.0
71.0,228.41869,2.0,75.50603,23.69971,0.0,0.0,89.79075,22.026827,6.0,6.0,28.875074,2.0,30.0,0.0,0.0,0.0,30.4276,93.69884,4.0,2.0,0.0,60.0,0.0
70.782394,357.94974,7.0,65.0,13.0,0.0,0.0,100.0,-7.0,6.0,8.0,20.0,3.0,11.0,0.0,0.0,0.0,37.20465,4.426151,7.0,1.0,0.0,84.08021,0.0
83.19351,214.13147,13.761891,79.99766,17.956745,0.0,0.0,88.6194,33.10288,6.0,6.0,21.0,0.108379215,57.282375,8.693684,0.0,0.0,0.0,57.402477,1.0,4.0,0.0,67.01639,0.0
84.0,207.04074,20.0,92.66152,16.0,0.0,0.0,100.0,-7.0,7.0,8.0,11.445473,0.0,36.0,-7.0,0.0,0.0,7.663013,-8.0,3.0,1.0,0.0,100.0,0.0
74.084305,304.9186,9.0,119.49636,29.0,1.0,1.0,94.0,6.9283123,4.0,6.0,30.0,1.0,67.4291,0.0,0.0,0.0,39.598217,48.12203,2.8069282,4.0,0.0,94.30324,0.0
59.518345,253.08405,3.0,83.0,14.0,0.0,0.0,80.57997,31.17614,6.0,5.9917955,18.0,3.0,26.0,1.0,1.0,1.0,118.8849,71.0,5.0,2.0,9.322007,100.0,0.0
89.0,391.75122,7.0,117.24711,26.0,0.0,0.0,100.0,-7.0,7.0,8.0,17.0,2.0,23.0,-8.0,0.0,0.0,4.126387,-8.0,6.0,2.0,0.0,60.0,0.0
84.0,335.7133,-9.0,103.61343,33.703255,0.0,0.0,100.0,-7.0,7.0,8.0,41.065544,6.0,24.692835,0.0,1.0,1.0,7.0,49.827305,6.0,4.0,0.0,74.028114,0.0
68.0,154.38557,3.8528345,59.103077,22.0,0.0,0.0,95.0,-7.0,-9.0,6.0,26.46807,1.0,25.28808,0.0,1.5474465,1.2388844,1.0,69.51834,2.0,2.0,0.0,38.0,0.0
76.0,154.60689,9.0,51.037624,32.619255,0.0,0.0,100.0,-7.0,7.0,8.0,38.822735,0.0,38.0,0.0,3.0,3.0,32.0,86.89165,4.0,3.0,0.0,75.49716,0.0
80.0,294.3969,10.0,103.79075,27.0,0.0,0.0,100.0,-7.0,7.0,8.0,43.87378,3.0,19.78038,4.0,0.0,0.0,18.0,85.42526,5.0,2.0,0.0,54.63811,0.0
83.0,332.6757,2.0,99.76775,41.535652,0.0,0.0,100.0,15.987239,6.0,6.0,48.066746,2.0,37.0,0.0,2.0,2.0,3.0,46.44958,2.0,2.0,0.0,40.747704,0.0
74.0,172.53203,9.465387,67.536896,23.0,0.0,0.0,100.0,-7.0,7.0,8.0,24.671125,5.0,22.76267,0.0,2.0,1.5425651,35.499996,46.81573,2.0,2.0,0.0,50.0,0.0
78.0,143.91995,16.12506,76.75304,9.0,0.0,0.0,100.0,-7.0,7.0,8.0,10.0,0.0,20.0,-7.0,0.0,0.0,52.5515,60.110485,4.0,2.0,0.0,68.18862,0.0
84.65888,308.18323,6.0,94.487854,11.0,0.0,0.0,100.0,-7.0,7.0,8.0,6.9931746,1.0,70.304504,-7.0,0.0,0.0,0.0,36.620167,0.0,2.0,0.0,84.51208,0.0
72.0,286.23984,28.622713,99.22229,31.935408,0.0,0.0,94.0,59.731564,6.0,6.0,29.0,0.0,23.0,0.0,1.0,0.0,72.5533,50.651592,4.0,2.0,2.0,100.0,0.0
70.0,369.92944,15.0,151.18024,10.693037,0.0,0.0,100.0,-7.0,7.0,8.0,8.93604,0.0,55.0849,16.097559,0.0,0.0,35.97002,-8.0,2.0,1.0,2.0,86.0,0.0
88.32731,141.94409,14.0,85.43714,6.0,0.0,0.0,100.0,-7.0,7.0,8.0,4.767744,0.0,41.11592,-7.0,0.0,0.0,3.0,-8.0,1.0,1.0,0.0,50.0,0.0
77.0,113.34016,2.0,63.0,11.832145,0.0,0.0,93.0,7.9078984,6.0,6.0,13.0,3.0,22.620533,0.0,0.0,0.0,25.0,-8.0,2.0,1.0,0.0,56.29166,0.0
79.0,130.93188,9.0,67.11164,18.0,0.0,0.0,100.0,-7.0,7.0,8.0,11.0,2.0,16.0,6.4371667,1.0,1.0,16.0,-8.0,3.0,1.0,0.0,40.0,0.0
73.0,169.60904,5.0,83.93218,36.0,0.0,0.0,100.0,-7.0,6.0,8.0,30.856348,0.0,30.0,0.0,2.0,2.0,38.22875,47.028915,5.0,2.0,1.0,60.0,0.0
72.0,179.47232,7.0,30.195652,12.0,0.0,0.0,85.3665,15.989102,6.0,6.0,11.0,1.2559369,44.0,0.0,0.0,0.0,4.0,86.028404,2.0,2.0,0.0,55.44225,0.0
88.0,434.30505,16.403934,121.747246,12.0,0.0,0.0,100.0,-7.0,7.0,8.0,6.0174174,0.0,7.621593,-7.0,0.0,0.0,11.0,35.249634,3.0,1.0,0.0,83.06785,0.0
84.0,135.98041,5.0,72.0,33.573193,0.0,0.0,100.0,-7.0,7.0,8.0,29.0,1.0,16.115383,10.266275,1.0,1.0,28.655478,-8.0,4.0,1.0,0.0,50.0,0.0
64.21033,63.229847,8.0,65.0,27.0,1.0,1.0,96.0,3.0,4.0,5.965521,29.0,1.0,17.0,1.0,4.0,4.0,0.0,-8.0,0.0,1.0,0.0,33.0,0.0
88.0,230.69243,4.0,93.69871,12.993049,0.0,0.0,100.0,-7.0,7.0,8.0,15.0,1.6654845,33.0,8.13921,0.0,0.0,13.0,99.14868,2.0,2.0,0.0,72.76856,0.0
82.0,215.00465,1.0,91.041374,33.0,0.0,0.0,100.0,-7.0,7.0,8.0,36.23086,3.0,31.946468,9.536056,0.0,0.0,11.0,82.0,2.0,4.0,0.0,67.0,0.0
80.0,124.388725,5.0,59.914482,18.0,0.0,0.0,100.0,-7.0,7.0,8.0,19.0,3.0,41.18207,0.0,3.0,3.0,15.0,-8.0,1.0,3.0,0.0,50.0,0.0
83.64439,304.03894,3.0,92.27239,9.0,0.0,0.0,100.0,-7.0,7.0,8.0,15.0,1.0,58.176987,-7.0,2.0,1.0,24.089586,-8.0,2.0,1.0,0.0,69.12024,0.0
64.54011,241.57852,1.0,82.0,31.0,2.0,1.0,97.0,16.529999,0.0,5.0,36.20743,3.0,25.122944,0.0,1.0,1.0,19.691338,67.223755,5.0,3.0,2.0,48.458935,0.0
85.0,370.6047,5.0,83.119576,42.32381,0.0,0.0,100.0,-7.0,7.0,8.0,42.222263,2.0,18.0,-8.0,0.0,0.0,9.0,-8.0,3.0,1.0,0.0,36.289337,0.0
75.0,212.34349,35.670155,79.0,11.0,0.0,0.0,100.0,-7.0,7.0,8.0,10.370966,0.0,99.33962,0.0,2.0,2.0,0.0,49.96102,-9.0,4.024519,-9.0,100.0,0.0
66.0,423.77414,4.2576385,141.42778,19.965952,0.0,0.0,94.0,-7.0,-9.0,6.0,23.0,1.0,6.2797527,0.0,1.0,1.0,42.2677,-8.0,6.0,1.0,1.0,48.454407,0.0
74.957855,198.97693,2.0,89.56934,29.0,0.0,0.0,93.0,60.461224,6.0,6.0,34.618256,2.0,22.0,7.0,2.0,1.0,22.936163,95.20375,4.0,2.0,0.0,50.0,0.0
-9.0,-9.0,-9.0,-9.0,-9.0,-9.0,-9.0,-9.0,-9.0,-9.0,-9.0,-9.0,-9.0,-9.0,-9.0,-9.0,-9.0,-9.0,-9.0,-9.0,-9.0,-9.0,-9.0,0.0
63.0,186.19992,2.0,63.0,41.05003,1.0,1.0,100.0,-7.0,7.0,8.0,47.52297,4.0,60.25106,1.0,4.0,4.0,42.29694,40.216446,6.0,20.741102,1.0,75.89272,0.0
86.0,188.02525,8.843908,115.67424,18.0,0.0,0.0,100.0,-7.0,7.0,8.0,7.5897384,1.0,18.0,0.0,2.0,2.0,6.0,84.01195,3.0,1.0,0.0,52.03062,0.0
76.0,314.4451,15.0,115.74731,13.959565,0.0,0.0,100.0,-7.0,7.0,8.0,14.0,0.0,16.85113,13.654622,0.0,0.0,26.361502,65.54069,7.0,1.0,1.0,100.0,0.0
-9.0,-9.0,-9.0,-9.0,-9.0,-9.0,-9.0,-9.0,-9.0,-9.0,-9.0,-9.0,-9.0,-9.0,-9.0,-9.0,-9.0,-9.0,-9.0,-9.0,-9.0,-9.0,-9.0,0.0
86.0,309.89752,18.668858,99.00105,12.0,0.0,0.0,100.0,-7.0,7.0,8.0,12.0,0.0,36.201527,21.241684,0.0,0.0,0.0,-8.0,-9.0,0.7112076,0.0,-9.0,0.0
81.0,264.35382,2.0,76.783455,17.0,0.0,0.0,100.0,-7.0,7.0,8.0,23.0,2.0,22.815113,5.0,1.0,1.0,9.0,-8.0,2.0,2.0,0.0,53.110043,0.0
85.0,289.2791,31.408192,120.51376,27.0,0.0,0.0,93.0,28.065014,6.0,6.0,30.0,0.0,-9.0,0.0,0.0,0.0,0.17312111,-8.0,1.0,-8.0,0.0,-9.0,0.0
84.029526,204.41873,4.0,67.46184,18.0,0.0,0.0,100.0,-7.0,7.0,8.0,16.0,3.0,33.0,0.0,2.0,2.0,2.0,-8.0,-9.0,5.0,-8.0,50.0,0.0
70.0,141.47441,8.0,45.754704,27.612698,0.0,0.0,100.0,-7.0,7.0,8.0,42.954,1.0,47.0,0.0,1.0,0.0,58.35311,91.838585,2.0,3.0,0.0,64.53143,0.0
70.0,302.05627,216.2668,190.04538,-4.509491,3.0,2.0,78.86601,6.0,6.0,5.0,-3.5300608,0.0,18.545118,-8.0,0.0,0.0,21.583454,-8.0,1.0,-8.0,0.0,100.0,0.0
65.0,159.82335,3.0,64.845505,40.791714,1.0,1.0,94.29706,-7.0,-9.0,5.0,38.327923,2.0,63.901573,1.0,1.837982,1.0,94.658165,60.588654,4.0,5.0,4.2282453,91.111694,0.0
-9.0,-9.0,-9.0,-9.0,-9.0,-9.0,-9.0,-9.0,-9.0,-9.0,-9.0,-9.0,-9.0,-9.0,-9.0,-9.0,-9.0,-9.0,-9.0,-9.0,-9.0,-9.0,-9.0,0.0
65.0,-7.809313,2.0,-9.0,9.0,1.0,1.0,100.0,-7.0,7.0,8.0,14.0,5.0,21.0,0.0,2.0,1.0,19.0,93.0,3.0,2.0,1.0,53.701,0.0
-9.0,-9.0,-9.0,-9.0,-9.0,-9.0,-9.0,-9.0,-9.0,-9.0,-9.0,-9.0,-9.0,-9.0,-9.0,-9.0,-9.0,-9.0,-9.0,-9.0,-9.0,-9.0,-9.0,0.0
79.0,123.75611,9.0,60.190735,18.0,0.0,0.0,100.0,-7.0,6.0,6.0,20.0,3.0,54.109264,5.235165,0.0,0.0,25.111965,-8.0,2.0,2.0,0.0,56.0,0.0
85.382385,403.16357,7.0,82.0,29.42017,0.0,0.0,100.0,-7.0,7.0,8.0,27.853771,2.0,28.0,17.128864,0.0,0.0,12.0,-8.0,4.0,1.0,1.0,40.63477,0.0
79.0,189.6248,2.3355708,77.0,14.0,0.0,0.0,100.0,-7.0,7.0,8.0,16.0,1.0,21.0,9.007859,0.0,0.0,50.536915,-8.0,4.0,-8.0,0.0,60.0,0.0
77.0,50.71143,3.0,61.0,33.0,0.0,0.0,100.0,-7.0,7.0,8.0,33.524464,1.0,53.210945,-7.0,1.0,0.03864648,32.0,91.32794,5.0,6.3016825,0.0,79.66068,0.0
64.82253,363.67017,20.17801,109.57784,17.930424,2.0,0.0,71.04036,26.042421,6.0,4.884557,20.512726,0.0,17.0,5.5263553,0.0,0.0,42.28494,32.27982,4.0,2.0,1.0,70.0,0.0
84.0,377.28586,4.0,197.0152,18.748016,0.0,0.0,100.0,-7.0,7.0,8.0,8.747756,3.0,23.50746,1.0,4.0,3.777915,19.446476,45.32214,3.0,2.0,1.0,50.0,0.0
79.0,174.40622,5.0,130.06952,12.0,0.0,0.0,92.940605,79.645355,6.0,6.0,10.844503,1.0,39.979473,-8.0,0.0,0.0,24.019892,93.0,4.0,2.0,0.0,86.0,0.0
77.0,227.04376,4.0,78.45102,22.0,0.0,0.0,100.0,-7.0,7.0,8.0,22.0,0.29026765,19.0,9.0,0.0,0.0,38.403038,48.461315,3.0,2.0,0.0,57.0,0.0
70.0,-4.7626953,9.639453,50.617344,13.0,0.0,0.0,92.60638,18.19222,6.0,6.0,14.0,0.0,52.533997,0.0,1.0,1.0,71.99887,55.142975,2.0,2.0,1.0,73.0,0.0
85.0,262.49622,16.0,99.175316,30.0,0.0,0.0,100.0,-7.0,7.0,8.0,35.92492,1.0,25.0,-7.0,0.0,0.0,5.0,-8.0,2.0,1.0,0.0,50.0,0.0
75.15108,308.52554,6.684239,103.18797,36.0,0.0,0.0,93.0,31.727354,6.0,6.0,45.18714,2.0,56.483597,18.45075,0.0,0.0,39.31024,90.54064,5.0,3.0,0.0,80.0,0.0
82.0,120.7138,6.0,74.0,9.0,0.0,0.0,100.0,-7.0,7.0,8.0,8.861258,1.0,50.0,0.0,0.0,0.0,5.0,-8.0,0.0,1.0,0.0,38.0,0.0
69.78204,304.18524,3.9611712,131.53622,44.964035,2.0,1.0,90.69429,-7.0,-9.0,5.0,46.793846,3.0,52.24293,2.0,3.0,2.287592,23.567633,85.88617,6.0,16.648634,2.0,75.0,0.0
-9.0,-9.0,-9.0,-9.0,-9.0,-9.0,-9.0,-9.0,-9.0,-9.0,-9.0,-9.0,-9.0,-9.0,-9.0,-9.0,-9.0,-9.0,-9.0,-9.0,-9.0,-9.0,-9.0,0.0
68.0,205.668,4.0,80.0,22.0,2.0,1.0,92.0,30.275152,4.0,2.0,28.0,2.0,67.39813,4.0,1.0,2.0,63.889362,-8.0,2.0,5.7843556,2.0,63.385307,0.0
68.0,47.332092,5.0,49.03491,14.0,1.0,1.0,100.0,-7.0,6.0,6.0,13.0,5.307085,48.153996,1.0,1.0,1.0,25.0,91.0,3.0,3.0,0.0,71.0,0.0
78.0,230.32697,4.0,85.14197,36.0,0.0,0.0,100.0,-7.0,7.0,8.0,34.0,2.0,33.0,0.0,0.0,0.0,16.0,88.0,10.798524,3.0,0.6923552,67.0,0.0
60.815758,177.68843,10.0,71.0,26.049522,0.0,0.0,85.9007,40.411392,6.0,6.0,31.119217,2.0,21.0,1.0,3.0,2.0711339,39.703434,19.992788,9.0,2.0,2.55522,70.09066,0.0
-9.0,-9.0,-9.0,-9.0,-9.0,-9.0,-9.0,-9.0,-9.0,-9.0,-9.0,-9.0,-9.0,-9.0,-9.0,-9.0,-9.0,-9.0,-9.0,-9.0,-9.0,-9.0,-9.0,0.0
87.0,203.00272,10.0,81.01409,38.93833,0.0,0.0,100.0,-7.0,7.0,8.0,28.176857,0.0,33.0,8.589721,0.0,0.0,6.0,87.43305,2.0,2.0,0.0,43.70575,0.0
70.0,108.44147,1.7579374,45.789936,20.06693,0.0,0.0,100.0,-7.0,7.0,8.0,22.324198,5.0,36.511333,0.0,4.0,3.6811204,48.758347,51.586548,9.079801,4.648795,1.0,82.504105,0.0
79.0,80.42646,2.0,63.261066,45.32003,0.0,0.0,96.22743,36.129105,6.0,6.0,26.0,5.0,41.0,0.0,3.0,3.0,10.0,-8.0,9.759005,3.0,0.0,68.78931,0.0
88.0,239.15804,3.0,100.0,24.0,0.0,0.0,100.0,-7.0,6.0,8.0,24.0,2.0,42.0,0.0,1.0,0.0,0.0,43.85076,1.0,3.0,0.0,43.367226,0.0
85.69059,431.69775,6.0,85.114204,25.0,0.0,0.0,100.0,-7.0,7.0,8.0,22.0,1.0,16.0,0.0,1.0,1.0,0.0,57.853226,2.0,1.0,0.0,41.214577,0.0
88.56497,410.66672,23.338932,172.81158,17.0,0.0,0.0,100.0,-7.0,7.0,8.0,22.0,0.0,0.0,18.943037,0.0,0.0,4.0,-8.0,3.0,1.0,0.0,17.005571,0.0
-9.0,-9.0,-9.0,-9.0,-9.0,-9.0,-9.0,-9.0,-9.0,-9.0,-9.0,-9.0,-9.0,-9.0,-9.0,-9.0,-9.0,-9.0,-9.0,-9.0,-9.0,-9.0,-9.0,0.0
70.0,379.4366,8.0,99.090614,16.0,0.0,0.0,92.0,6.381486,4.0,6.0,18.0,0.0,14.0,0.0,0.0,0.0,27.7128,-8.0,4.0,1.0,0.0,64.0,0.0
86.508545,205.6868,6.0,97.97861,39.64472,0.0,0.0,100.0,-7.0,7.0,8.0,45.07414,2.0,25.512451,6.0,0.0,0.0,6.068276,-8.0,3.0,2.0,0.0,43.863728,0.0
79.768585,196.27611,10.0,71.0,7.0,0.0,0.0,92.0,-7.0,6.0,6.0,7.0,0.0,67.12532,-7.0,0.0,0.0,48.502285,-8.0,2.0,1.0,0.0,88.0,0.0
78.76895,170.54047,5.0,86.985466,24.0,0.0,0.0,97.0,0.19671853,6.0,6.0,23.0,3.0,16.881332,0.0,0.0,0.0,25.178946,-8.0,3.0,1.0,1.0,38.601753,0.0
82.27446,215.16292,15.0689745,121.42626,22.0,0.0,0.0,100.0,-7.0,7.0,8.0,24.0,0.0,6.421456,-7.0,0.0,0.0,36.0,-8.0,5.0,-8.0,0.0,44.0,0.0
79.0,255.26743,4.0,81.76046,24.0,0.0,0.0,94.0,3.4978461,4.0,6.0,32.0,2.0,53.772034,0.0,2.0,2.0,17.275183,-8.0,2.0,2.0,0.0,48.658634,0.0
-9.0,-9.0,-9.0,-9.0,-9.0,-9.0,-9.0,-9.0,-9.0,-9.0,-9.0,-9.0,-9.0,-9.0,-9.0,-9.0,-9.0,-9.0,-9.0,-9.0,-9.0,-9.0,-9.0,0.0
-9.0,-9.0,-9.0,-9.0,-9.0,-9.0,-9.0,-9.0,-9.0,-9.0,-9.0,-9.0,-9.0,-9.0,-9.0,-9.0,-9.0,-9.0,-9.0,-9.0,-9.0,-9.0,-9.0,0.0
90.51053,220.79065,4.155573,191.98361,14.0,0.0,0.0,100.0,-7.0,7.0,8.0,18.0,1.0,13.0,4.0,0.0,0.0,2.0,75.53919,3.0,1.0,0.0,45.88278,0.0
77.0,300.87305,4.0,95.53054,24.0,0.0,0.0,100.0,-7.0,7.0,8.0,27.461771,2.0,22.0,0.0,4.9806495,4.0,31.742844,69.618,4.0,3.0,2.0,58.0,0.0
38.61089,177.39932,5.0,89.32917,29.21944,2.1557617,1.0,90.0,5.3990707,3.0,6.0,28.0,1.0,33.0,0.0,0.0,0.0,21.351303,-8.0,3.3494923,1.0,0.0,57.355152,0.0
65.0,180.22406,4.0,67.0,20.0,2.5063372,2.0,74.51468,3.0,0.0,3.491584,21.595953,3.0,39.002357,0.0,0.0,0.0,0.0,67.702576,0.0,3.0,0.0,44.0,0.0
82.0,162.00702,8.849078,81.0,33.0,0.0,0.0,100.0,33.81521,6.0,6.0,33.188576,1.0,45.0,18.747698,0.0,0.0,35.60261,59.160965,2.0,2.0,0.0,41.316597,0.0
84.0,291.09857,3.0,80.0,33.664936,0.0,0.0,100.0,-7.0,7.0,8.0,49.79752,2.0,33.0,-7.0,0.0,0.45266402,11.331418,-8.0,3.0,1.0,0.0,63.850746,0.0
90.0,348.06018,15.0,117.44617,22.0,0.0,0.0,100.0,-7.0,7.0,8.0,22.0,0.0,35.0,11.564766,0.0,0.0,6.1995916,58.660984,1.0,2.0,0.0,50.0,0.0
89.0,266.12686,13.261457,93.0,20.40075,0.0,0.0,100.0,-7.0,7.0,8.0,23.0,0.0,25.0,0.0,0.0,0.0,2.0,9.446942,0.89488816,2.0,0.0,30.199547,0.0
68.29056,114.18924,14.029046,50.993782,8.724471,1.0,1.3402687,76.4465,32.375046,6.0,5.0,8.261987,0.0,46.858776,-7.0,0.0,0.0,91.341515,29.502981,2.0,1.0,1.0,74.77285,0.0
84.0,388.97437,23.314392,84.0,17.0,0.0,0.0,94.0,35.376305,6.0,6.0,17.29391,0.0,18.0,0.0,0.0,0.0,0.0,-8.0,2.0,-8.0,0.0,29.634878,0.0
83.0,162.38458,18.394821,159.97873,11.0,0.0,0.0,100.0,-7.0,7.0,8.0,9.0,0.0,8.692154,-8.0,0.0,0.0,57.36487,80.0,6.0,1.0,0.0,80.0,0.0
70.49175,290.95575,27.034653,98.09992,28.0,0.0,0.0,100.0,-7.0,7.0,8.0,27.838284,0.0,11.537457,0.0,2.0,2.0,52.82073,-8.0,2.0,2.0,2.0,37.14411,0.0
83.0,127.17225,33.66803,107.692085,9.0,0.0,0.0,91.24788,4.0,6.0,6.0,9.0,0.0,40.0,-7.0,0.0,0.0,1.0,-8.0,1.0,1.0,0.0,44.0,0.0
87.0,343.71603,8.0,133.60915,14.0,0.0,0.0,100.0,-7.0,7.0,8.0,15.0,1.0,49.255096,0.0,1.9337182,1.0,6.0,-8.0,2.0,1.0,0.0,44.0,0.0
92.53328,267.2447,17.0,151.72075,20.282093,0.0,0.0,100.0,-7.0,7.0,8.0,24.0,1.0,14.0,21.512436,0.0,0.0,4.060676,-8.0,3.0,1.0,0.0,34.570446,0.0
81.0,404.90414,3.0,108.32837,28.288998,0.0,0.0,100.0,-7.0,7.0,8.0,19.0,2.0,25.0,0.0,2.0,2.0,4.0,60.071224,9.0,1.0,0.0,57.0,0.0
76.0,246.19989,4.0,68.0,25.0,0.0,0.0,88.28826,13.6492405,6.0,5.0,33.694878,3.0,29.0,2.0653546,1.1675237,1.0,10.0,79.68327,3.0,3.0,0.0,80.0,0.0
82.73342,142.52478,6.0,77.26952,26.0,0.0,0.0,100.0,-7.0,7.0,8.0,34.0,4.0,55.204384,6.0,0.0,0.0,10.0,59.21873,3.0,4.2366858,0.0,78.0,0.0
84.0,211.25494,24.701818,84.0,25.0,0.0,0.0,100.0,-7.0,7.0,8.0,24.0,0.0,15.0,-8.0,0.0,0.0,1.0,40.379898,0.0,2.0,0.0,24.146582,0.0
75.02423,61.894684,3.0,49.238857,4.1556387,0.0,0.0,100.0,-7.0,7.0,8.0,3.9970446,3.0,35.0,-8.0,0.0,0.0,35.993282,78.594604,4.0,2.0,0.0,88.35008,0.0
66.0,137.51025,8.979652,60.979786,20.0,1.0,1.0,88.0,11.23409,4.0,3.0,24.0,1.0,69.80784,1.0,1.0,1.0,22.984348,20.580278,1.0,4.0,0.0,100.0,0.0
85.247795,153.1211,8.0,71.0,39.0,0.0,0.0,100.0,-7.0,7.0,8.0,40.549976,1.0,36.0,3.0,2.0,2.0,1.9993342,92.469536,2.0,3.0,0.0,41.964058,0.0
75.0,269.47495,2.0,76.29014,17.0,0.0,0.0,100.0,-7.0,7.0,8.0,20.0,3.0,50.0,1.0,2.0,2.0,35.753918,79.71692,4.0,2.0,1.0,67.0,0.0
71.0,275.66373,5.0,75.89747,25.0,0.0,0.0,92.0,23.99078,6.0,6.0,28.0,3.0,22.0,-7.0,8.461041,6.981004,36.0,-8.0,1.0,2.0,1.0,57.461376,0.0
73.0,140.83473,2.0,37.339012,16.226845,0.0,0.0,100.0,-7.0,7.0,8.0,19.0,2.0,17.959034,3.6094773,2.0,1.0,34.881496,-8.0,3.0,2.0,1.0,58.0,0.0
71.0,147.64348,3.0,46.238613,32.53153,0.0,0.0,93.0,3.0,6.0,6.0,38.819416,3.0,34.691204,9.913869,0.0,0.0,53.0451,63.048767,4.0,2.0,0.38746837,80.0,0.0
68.0,186.78119,8.0,108.81869,12.043794,3.0090444,2.0,68.35539,51.105892,6.0,-2.636064,20.0,1.0,41.0,0.0,2.0,1.0140284,22.993404,69.502075,2.0,1.0,0.0,55.1329,0.0
69.50414,149.59615,8.0,65.0,15.423869,1.0,0.0,85.40582,8.092227,4.0,6.0,15.0,1.0,20.64521,0.0,1.0,1.0,26.963844,-8.0,8.0,1.0,0.0,60.0,0.0
87.0,138.53381,20.364838,116.05561,16.0,0.0,0.0,100.0,-7.0,7.0,8.0,20.0,0.0,31.342686,-7.0,0.0,0.0,5.255485,-8.0,2.0,2.0,0.0,82.61604,0.0
70.0,334.30875,7.0,82.16509,28.0,0.0,0.0,92.87255,13.584355,4.6128287,6.0,28.0,2.0,36.146206,7.0,0.0,0.0,38.77709,-8.0,4.0,4.0,0.0,79.808365,0.0
75.77748,179.36855,12.0,78.41408,15.0,0.0,0.0,100.0,-7.0,7.0,8.0,18.0,0.0,24.0,-7.0,0.0,0.0,48.572037,-6.084092,6.0,1.0,1.0,57.0,0.0
71.703514,106.20467,4.0,94.0,24.119038,0.0,0.0,95.0,12.379616,6.0,6.0,13.0,2.0,30.0,0.0,2.0,2.0,42.663704,-8.0,4.0,2.0,0.0,67.0,0.0
58.7999,305.5283,5.0,102.48969,16.0,10.30458,9.7450285,86.28383,4.0,4.0,5.3104787,18.0,1.0,51.378822,1.0,1.0,1.0,60.58802,45.266666,2.0,3.0,3.0,77.94097,0.0
83.0,177.88051,14.0,88.5565,18.0,0.0,0.0,100.0,-7.0,7.0,8.0,7.0,0.0,42.57381,0.0,2.0,1.0,26.539377,-8.0,3.0,1.0,0.0,57.903137,0.0
78.0,310.46854,18.40921,76.0,42.52809,0.0,0.0,96.0,4.501557,5.358031,6.0,38.372078,0.0,18.552786,1.0,1.0,1.0,5.0,-8.0,4.0,-8.0,0.0,35.835377,0.0
89.0,119.24722,12.0,122.31165,19.0,0.0,0.0,100.0,-7.0,7.0,8.0,-9.0,0.0,14.0,0.0,0.0,0.0,0.0,-8.0,4.0,1.0,0.0,42.983727,0.0
80.0,376.9523,11.0,131.7145,29.0,0.0,0.0,100.0,-7.0,7.0,8.0,30.0,1.0,30.0,0.0,0.0,0.0,19.878834,51.603584,4.8714542,2.0,0.0,57.0,0.0
79.0,107.329735,3.0,79.118355,18.0,0.0,0.0,100.0,-7.0,7.0,8.0,18.0,2.0,47.0,-7.0,0.0,0.0,38.810596,52.185688,5.0,3.0,1.0,83.0,0.0
65.0,182.20456,-1.5086863,74.250145,26.432348,2.3733935,0.0,87.12536,29.902021,6.0,4.831658,31.935411,3.0,40.0,-7.0,0.0,0.0,23.284513,59.808395,5.0,2.7124104,0.0,80.0,0.0
87.0,186.86385,15.23,115.93937,23.0,0.0,0.0,100.0,-7.0,7.0,8.0,21.0,0.0,44.878696,-7.0,1.0,1.0,0.0,-8.0,1.0,-8.0,0.0,29.427334,0.0
75.97668,266.26172,35.430767,110.00248,10.0,0.0,0.0,88.0,22.449736,6.0,6.0,5.8517566,0.0,-9.0,-7.0,0.0,0.0,15.0,15.60603,3.0,1.0,0.0,82.75673,0.0
87.0,376.46127,16.0,127.93607,18.0,0.0,0.0,100.0,-7.0,7.0,8.0,9.0,0.0,32.0,-7.1487384,1.0,1.0,11.942577,-8.0,5.0,1.0,1.0,50.0,0.0
85.0,158.20792,7.0,120.706024,23.306871,0.0,0.0,100.0,-7.0,7.0,8.0,26.0,0.0,22.409348,0.0,1.0,1.0,8.0,-8.0,4.3511615,1.0,0.0,60.0,0.0
59.528427,140.77324,2.0,48.583775,34.0,0.0,0.0,92.03109,1.3517846,4.0,6.0,31.781199,10.302377,28.062883,0.0,1.0,0.0,36.25767,100.0,8.0,3.0,0.0,83.0,0.0
86.0,287.68256,18.257864,159.69415,15.0,0.0,0.0,100.0,-7.0,7.0,8.0,16.385553,0.0,42.0,11.738862,0.0,0.0,5.988448,-8.0,4.0,1.0,0.0,100.0,0.0
79.0,151.96312,7.0,137.31905,13.0,0.0,0.0,100.0,-7.0,7.0,8.0,13.583373,2.0,36.0,15.4177265,0.0,0.0,35.555195,-8.0,5.0,1.0,0.0,100.0,0.0
80.0,140.80455,30.292048,75.41693,14.0,0.0,0.0,85.764755,34.58184,6.0,6.0,0.371859,0.0,14.0,-7.0,0.0,0.0,6.342634,-8.0,2.0,1.0,0.0,60.0,0.0
79.0,165.39589,11.170566,75.74716,19.0,0.0,0.0,100.0,-7.0,7.0,8.0,22.0,1.0,30.965569,0.0,2.0,2.0,30.063425,-8.0,4.0,2.0,0.0,83.0,0.0
85.0,162.87701,2.0,71.0,10.328112,0.0,0.0,100.0,-7.0,7.0,8.0,12.430094,2.0,58.86126,0.0,1.2119954,1.0,0.018691968,-8.0,1.0,-8.0,0.0,75.0,0.0
78.49013,193.6493,5.244467,86.30345,15.0,0.0,0.0,100.0,-7.0,7.0,8.0,24.0,1.0,23.703337,-7.0,1.0,1.0,33.919975,25.010296,3.0,-8.0,0.0,83.66918,0.0
75.0,157.66888,1.0,97.0,20.0,1.0,0.0,94.0,17.91728,6.0,5.0,24.0,3.0,84.26077,3.0,9.975115,7.305401,3.0,76.64647,1.0,5.0,0.0,75.0,0.0
82.0,336.4952,2.0,87.78174,35.216698,0.0,0.0,100.0,-7.0,7.0,8.0,34.352444,3.4727416,17.0,0.0,0.0,0.0,7.9806805,22.07929,6.0,1.0,0.0,40.0,0.0
80.0,139.627,22.672125,91.036674,14.0,1.0,1.0,94.0,33.913147,6.0,2.0,15.0,0.0,44.276947,0.0,0.0,0.0,0.0,-8.0,1.0,1.0,0.0,50.0,0.0
69.0,180.86678,5.0,51.000755,14.0,1.0,0.0,83.06694,32.239395,6.0,5.0,14.0,2.0,44.639744,8.85687,0.0,0.0,50.221188,97.78281,3.0,3.0,2.0,75.0,0.0
-9.0,-9.0,-9.0,-9.0,-9.0,-9.0,-9.0,-9.0,-9.0,-9.0,-9.0,-9.0,-9.0,-9.0,-9.0,-9.0,-9.0,-9.0,-9.0,-9.0,-9.0,-9.0,-9.0,0.0
68.77533,175.3914,4.0,103.0377,36.33109,0.0,0.0,93.0,29.2069,6.0,6.0,42.513725,3.9124012,27.0,-7.0,0.0,0.0,29.58608,62.92421,6.0,6.0,1.0,63.0,0.0
83.33495,144.83052,3.0,67.0,9.0,0.0,0.0,90.1901,30.744226,6.0,6.0,9.0,2.0,38.579166,-7.0,2.0,1.0,8.0,-8.0,1.0,1.0,0.0,60.0,0.0
69.0,203.79773,3.0,68.820145,36.65828,0.0,0.0,100.0,-7.0,7.0,8.0,40.320488,3.0,8.946445,4.0,3.0,3.0,43.847527,86.839745,10.341173,2.0,1.0,50.0,0.0
74.74788,284.09286,2.0,101.717636,25.427624,0.0,0.0,97.0,27.119955,6.0,6.0,26.517626,1.0,27.0,-7.0,4.0,3.0,47.239773,38.279594,5.0,3.0,0.0,56.0,0.0
68.0,174.72752,4.0,83.14555,12.187069,2.0,1.0,79.03053,15.927835,6.0,3.9800878,17.0,1.0,53.712864,-8.0,1.0,0.34473664,85.3625,73.25514,3.0,2.0,2.0,83.0,0.0
83.0,195.661,9.0,99.04035,12.0,0.0,0.0,100.0,-7.0,7.0,8.0,3.6017518,1.0,38.0,21.967293,0.0,0.0,0.0,-8.0,0.0,1.0,0.0,26.60185,0.0
-9.0,-9.0,-9.0,-9.0,-9.0,-9.0,-9.0,-9.0,-9.0,-9.0,-9.0,-9.0,-9.0,-9.0,-9.0,-9.0,-9.0,-9.0,-9.0,-9.0,-9.0,-9.0,-9.0,0.0
79.0,212.81017,3.0,93.0,29.0,0.0,0.0,100.0,-7.0,7.0,8.0,28.0,2.0,28.0,0.0,3.0,3.0,24.293575,42.702232,6.0,2.0,0.0,50.0,0.0
80.688095,392.18307,33.35954,178.59192,14.0,0.0,0.0,88.34429,36.62345,6.0,6.0,14.006807,0.0,28.213858,0.0,3.0,3.0,3.0,-8.0,1.0,1.0,0.0,43.0,0.0
68.75361,223.00963,3.0,69.44316,29.612583,0.0,0.0,100.0,-7.0,7.0,8.0,37.0,3.0,47.0,0.0,0.0,1.0,91.48216,86.074646,6.0,2.0,2.0,100.0,0.0
78.38468,307.82318,5.0,150.69626,47.609985,1.0,0.0,97.0,58.645042,6.0,5.0,45.546425,1.0,13.0,11.654394,0.0,0.0,6.0,100.0,4.0,2.4232883,0.0,34.666164,0.0
68.6578,445.48087,3.0844035,115.63057,27.0,0.0,0.0,88.51113,22.523348,6.0,6.0,28.0,1.0,30.0,0.0,0.0,0.0,37.91631,87.55877,5.0,4.0,1.0,71.0,0.0
63.213203,89.13593,5.258137,53.859257,13.0,2.0,2.0,83.866585,23.05553,6.0,4.0,6.468941,1.0,21.0,0.0,1.0,1.0,41.356297,-8.0,5.0,-8.477265,0.0,78.774185,0.0
74.0,237.30597,5.0,97.57452,22.0,0.0,0.0,100.0,-7.0,7.0,8.0,23.0,1.0,41.0,-7.0,0.0,0.0,44.894722,71.0,4.0,3.0,1.0,91.42932,0.0
59.08075,252.79518,10.0,75.39013,25.0,0.0,0.0,88.13051,2.0,6.0,6.0,28.0,1.0,44.49151,0.0,1.0,1.0,59.739662,69.24142,8.0,6.961969,3.0,75.79975,0.0
-9.0,-9.0,-9.0,-9.0,-9.0,-9.0,-9.0,-9.0,-9.0,-9.0,-9.0,-9.0,-9.0,-9.0,-9.0,-9.0,-9.0,-9.0,-9.0,-9.0,-9.0,-9.0,-9.0,0.0
68.0,346.11978,9.0,77.97027,23.0,0.0,0.0,100.0,-7.0,7.0,8.0,34.0,0.0,27.0,-7.0,1.0,1.0,42.914192,-8.0,6.0,2.0,4.1731763,67.0,0.0
86.0,53.51722,9.0,92.00592,18.0,0.0,0.0,100.0,-7.0,7.0,8.0,19.0,1.0,49.499416,-8.0,1.0,1.0,13.219546,-8.0,2.0,1.0,0.0,50.0,0.0
-9.0,-9.0,-9.0,-9.0,-9.0,-9.0,-9.0,-9.0,-9.0,-9.0,-9.0,-9.0,-9.0,-9.0,-9.0,-9.0,-9.0,-9.0,-9.0,-9.0,-9.0,-9.0,-9.0,0.0
75.0325,304.7422,1.0,95.51675,35.298298,0.0,0.0,100.0,-7.0,7.0,8.0,34.264053,2.0,33.0,0.0,1.0,1.8183174,45.837112,91.48518,5.0,3.0,1.0,66.126465,0.0
71.0,280.61533,8.0,135.49074,25.0,0.0,0.0,90.0,0.907934,4.0,6.0,22.0,1.0,14.0,-7.0,0.0,0.0,16.0,-8.0,4.0,1.0,1.0,37.445065,0.0
80.0,77.46972,2.0,63.28271,38.077038,0.0,0.0,100.0,-7.0,7.0,8.0,39.168053,3.0,41.63398,2.0,0.0,0.0,17.0,61.64587,2.0,2.0,1.0,33.0,0.0
48.302498,205.03,5.284917,74.0,23.0,0.0,0.0,85.5187,4.4169755,4.0,6.0,23.0,3.0,30.0,0.0,1.0,1.0,73.96534,-8.0,6.0,2.0,1.0,75.0,0.0
89.42889,759.1311,7.0,177.0298,17.0,0.0,0.0,100.0,-7.0,7.0,8.0,28.749926,1.0,20.0,1.0,1.0,1.0,7.911336,78.09765,4.0,1.0,0.0,33.0,0.0
66.0,155.51047,5.0,41.130707,21.0,1.0,0.0,76.34794,30.813442,6.0,5.8620534,25.0,2.0,54.127636,0.0,2.0,2.0,22.108967,52.62448,3.0,5.0,0.0,75.0,0.0
87.0,404.7717,11.0,176.82594,7.0,0.0,0.0,100.0,-7.0,7.0,8.0,13.0,1.0,14.751659,0.0,1.0,1.0,18.0,-8.0,4.0,-8.0,0.0,75.0,0.0
85.0,238.9085,5.0,65.82847,5.7899537,0.0,0.0,100.0,-7.0,7.0,8.0,14.0,0.0,10.4659,1.0,1.0,1.0,1.0,-8.0,4.0,1.0,0.0,62.898846,0.0
60.891396,215.7222,18.490622,88.273094,25.0,1.0,0.0,78.90853,17.975964,6.0,5.0,28.0,0.0,20.0,0.0,0.0,0.0,92.90986,-8.0,19.621885,2.0,8.776582,80.95496,0.0
73.81206,199.94408,3.0,67.31665,16.0,0.0,0.0,78.03136,14.401201,6.0,6.0,23.533266,2.6329994,17.0,16.455402,0.0,0.0,10.0,76.0,4.0,2.0,0.0,51.779613,0.0
77.0,181.68385,2.0,74.0,26.687714,0.0,0.0,95.0,33.418163,6.0,6.0,30.0,1.0446732,39.575047,3.6924233,1.0,1.0,1.0,96.99488,3.0,1.0,0.0,67.0,0.0
86.0,126.943146,6.0,110.590416,24.6728,0.0,0.0,100.0,-7.0,7.0,8.0,27.949238,1.0,25.0,0.0,5.6620307,6.264599,3.8559353,-8.0,2.0,1.0,0.0,33.0,0.0
78.0,147.78873,20.0,74.84068,12.0,0.0,0.0,94.0,80.97474,6.0,6.0,14.0,0.0,27.0,0.0,0.0,0.0,2.0,38.39804,1.0,1.0,0.0,50.0,0.0
86.0,213.48885,6.0,61.738617,16.691872,0.0,0.0,100.0,-7.0,7.0,8.0,16.0,2.0,46.0,0.0,0.0,0.0,9.0,60.53724,2.0,6.0,0.0,71.0,0.0
75.0,317.55447,16.354498,185.48001,32.0,0.0,0.0,100.0,-7.0,7.0,8.0,28.0,0.0,13.0,5.0,1.0,0.0,33.487995,91.70513,6.0,2.0,1.0,63.50636,0.0
69.989975,158.15236,11.0,75.278885,11.532818,2.168848,1.8382765,75.67679,23.384739,6.0,4.295165,16.0,0.0,47.127922,2.0,0.0,0.0,48.502827,46.476055,1.0,2.0,0.0,75.0,0.0
76.0,251.44681,18.34119,114.79906,11.0,0.0,0.0,100.0,-7.0,7.0,8.0,6.9843473,0.0,37.0,0.0,0.0,0.0,89.9697,39.439034,2.0,2.0,3.5461798,82.78167,0.0
88.0,354.2876,14.725061,84.15802,12.0,0.0,0.0,100.0,-7.0,7.0,8.0,11.0,1.0,55.559284,14.2933035,0.0,0.0,0.5208262,73.20145,0.24444202,2.0,0.0,73.80218,0.0
72.0,158.00572,20.0,71.667305,17.0,0.0,0.0,87.425,4.1046977,4.0,6.0,14.0,0.0,23.77431,3.0,0.0,0.0,13.37496,49.969254,4.0,2.0,0.0,53.252712,0.0
-9.0,-9.0,-9.0,-9.0,-9.0,-9.0,-9.0,-9.0,-9.0,-9.0,-9.0,-9.0,-9.0,-9.0,-9.0,-9.0,-9.0,-9.0,-9.0,-9.0,-9.0,-9.0,-9.0,0.0
85.0,194.26001,7.0,138.08371,18.0,0.0,0.0,96.0,32.427742,6.0,6.0,20.0,1.0,27.703068,0.0,1.0,1.0,0.0,-8.0,1.0,1.0,0.0,18.220673,0.0
65.0,218.98157,5.0,74.6527,45.38789,0.0,0.0,86.079185,26.583418,6.0,6.0,51.08055,2.0,37.82477,9.0,0.0,0.0,42.89553,52.059105,9.0,2.0,1.0,100.0,0.0
81.0,172.57704,-9.0,88.86281,43.33502,0.0,0.0,96.0,71.721245,6.0,6.0,49.8659,10.97791,26.0,18.657759,1.0,1.0,13.0,100.0,4.0,2.0,1.0,50.0,0.0
74.0,172.04442,8.0,71.0,21.0,0.0,0.0,100.0,-7.0,7.0,8.0,26.0,3.0,55.613983,-7.0,0.0,0.0,0.0,88.0,2.0,2.0,0.0,86.0,0.0
79.0,194.03542,3.0,88.581406,20.505917,0.0,0.0,97.0,6.116124,6.0,6.0,23.0,2.0,52.215057,0.0,0.0,0.0,21.0,66.06583,1.0,3.0,0.0,65.75678,0.0
82.0,152.78343,7.728377,77.0,28.0,0.0,0.0,96.0,35.55581,6.0,6.0,27.478024,1.0,40.0,0.0,0.0,0.0,1.0,-8.0,1.0,1.0,0.0,42.07306,0.0
-9.0,-9.0,-9.0,1.7329795,-5.327808,-9.0,-9.0,-9.0,-9.0,-9.0,-9.0,-9.0,-9.0,-9.0,-9.0,-9.0,-9.0,-9.0,-9.0,-9.0,-9.0,-9.0,-9.0,0.0
66.0358,162.16803,5.0,81.0,34.201057,0.0,0.0,100.0,-7.0,7.0,8.0,17.0,2.0,25.0,0.0,6.849117,6.6371636,30.119215,93.76782,3.0,4.0,2.0,43.0,0.0
90.64489,221.19539,28.182217,219.81271,5.9315424,0.0,0.0,100.0,-7.0,7.0,8.0,11.0,0.0,11.0,20.808205,0.0,0.0,11.0,-8.0,2.0,1.0,0.0,88.0,0.0
87.0,218.91557,16.792076,93.45802,26.0,0.0,0.0,100.0,-7.0,7.0,8.0,24.0,0.0,49.440105,14.480019,0.0,0.0,9.067098,-8.0,3.0,2.0,0.0,60.0,0.0
85.0,243.66974,17.0,103.09772,24.0,0.0,0.0,100.0,-7.0,4.0,8.0,26.0,0.0,26.0,-8.0,0.0,0.0,1.0,56.299618,1.0,1.0,0.0,35.38739,0.0
89.09658,173.41077,18.29289,110.17602,12.050941,0.0,0.0,100.0,-7.0,7.0,8.0,12.0,0.0,24.407938,0.0,0.0,0.0,7.834545,-8.0,2.0,1.0,0.0,100.0,0.0
68.0,86.797714,2.0767329,31.16338,32.0,1.0,0.0,90.33677,8.973017,6.0,4.7384133,31.0,3.0,29.92375,0.0,0.0,0.0,22.958788,-8.0,4.0,3.0,1.0,38.0,0.0
71.0,418.27042,2.0,90.0,32.0,0.0,0.0,90.0,17.56207,6.0,6.0,34.0,1.0,23.0,-7.0,0.0,0.0,55.50433,84.042145,5.0,2.0,2.0,82.25259,0.0
87.0,390.08868,60.860256,122.4151,39.963722,0.0,0.0,100.0,-7.0,7.0,8.0,38.3338,0.0,11.0,-8.0,0.0,0.0,15.09033,-8.0,2.0,1.0,0.0,38.0,0.0
91.13774,304.41446,5.0,116.41956,25.0,0.0,0.0,100.0,-7.0,7.0,8.0,29.0,1.3275771,4.048429,-8.0,0.0,0.0,5.0,76.04534,4.0,1.0,0.0,44.0,0.0
76.0,138.7997,7.0,77.42225,22.0,0.0,0.0,100.0,-7.0,7.0,8.0,21.723972,2.0,61.023254,-7.0,1.0,1.0,65.9459,86.80784,4.0,3.0,0.0,90.4159,0.0
-9.0,-9.0,-9.0,-9.0,-9.0,-9.0,-9.0,-9.0,-9.0,-9.0,-9.0,-9.0,-9.0,-9.0,-9.0,-9.0,-9.0,-9.0,-9.0,-9.0,-9.0,-9.0,-9.0,0.0
83.0,380.13898,27.864817,159.56125,15.0,0.0,0.0,100.0,-7.0,7.0,8.0,17.371603,0.0,57.967747,3.4714546,0.0,0.0,51.289955,24.529696,1.0,2.0,0.0,64.0,0.0
67.802,320.82883,31.739857,138.04665,12.281213,1.0,0.0,94.0,6.189506,6.0,3.0,14.0,0.0,64.07783,2.0,0.0,0.0,13.868041,-8.0,1.0,2.0,0.0,71.0,0.0
79.0,235.64915,3.0,73.83692,21.0,0.0,0.0,100.0,-7.0,7.0,8.0,23.0,2.0,54.69162,0.0,2.0,1.9677168,13.0,88.0,3.0,6.9032035,0.0,82.321175,0.0
76.0,138.46579,10.14913,55.640297,32.679855,0.0,0.0,100.0,-7.0,7.0,8.0,26.0,1.0,42.982353,1.0,1.0,1.0,3.0,45.809624,3.0,2.0,0.0,48.67076,0.0
70.0,236.18166,6.0,76.02094,26.0,2.1970458,1.0,88.0,12.632829,4.0,2.0,29.0,10.4747,20.0,0.0,1.0,0.3987328,11.0,73.512115,6.0,2.0,0.0,50.0,0.0
84.0,202.09193,3.0,88.161385,15.417106,0.0,0.0,100.0,-7.0,7.0,8.0,16.0,1.0,40.0,1.0,2.0,2.0,0.12892492,-8.0,2.0,1.0,-9.0,78.22675,0.0
74.0,322.28662,15.752217,120.602516,23.430786,0.0,0.0,93.0,9.615932,4.0,6.0,24.30172,0.0,40.0,1.0,1.0,1.0,15.0,62.749866,3.0,4.0,1.0,64.25949,0.0
70.0,244.86513,7.0,77.0,11.864749,1.0,1.0,74.763756,49.169292,6.0,2.0,14.0,1.0,22.0,0.0,4.0,4.0,48.57525,82.22762,4.0,1.0,0.0,89.42107,0.0
70.0,282.91833,6.0,136.61365,27.0,0.0,0.0,92.0,16.42335,6.0,6.0,29.0,3.0,50.0,1.6808898,2.0,2.0,32.408157,93.0,2.0,5.125514,0.0,71.0,0.0
85.0,231.8023,9.491168,136.72385,15.0,0.0,0.0,100.0,-7.0,7.0,8.0,15.281742,0.0,35.0,16.0,0.0,0.0,19.987415,76.0,2.0,2.0,0.0,75.0,0.0
86.0,104.49436,5.0,69.79365,25.0,0.0,0.0,100.0,-7.0,7.0,8.0,34.0,2.0,30.0,0.0,0.0,0.0,10.0,97.28857,2.0,2.0,0.0,57.0,0.0
-9.0,-9.0,-9.0,-9.0,-9.0,-9.0,-9.0,-9.0,-9.0,-9.0,-9.0,-9.0,-9.0,-9.0,-9.0,-9.0,-9.0,-9.0,-9.0,-9.0,-9.0,-9.0,-9.0,0.0
78.0,181.4586,3.0,65.0,36.33303,0.0,0.0,100.0,-7.0,7.0,8.0,44.044563,3.0,25.0,1.0,2.0,2.0,11.877991,83.234604,3.0,2.0,1.0,41.657627,0.0
82.0,266.43933,6.0,127.32688,54.246456,0.0,0.0,97.86736,73.04607,6.0,6.0,63.141357,1.0,14.0,-8.0,0.0,0.0,15.0,98.898,8.0,2.0,2.0,48.9157,0.0
72.0,170.9447,7.0,101.24406,21.0,1.0,1.0,100.0,-7.0,6.0,8.0,21.0,2.0,16.775503,0.0,0.0,0.0,36.78634,-8.0,2.0,1.0,0.0,43.0,0.0
87.0,125.67099,6.0,87.00317,29.0,0.0,0.0,100.0,-7.0,7.0,8.0,28.762827,2.0,35.093567,-7.0,0.0,0.0,9.0,-8.0,3.0,1.0,0.0,47.53758,0.0
77.0,131.23663,2.0,66.388664,18.0,0.0,0.0,85.816505,48.782207,6.0,6.0,22.0,2.0,43.0,0.0,0.0,0.0,1.0,100.0,1.0,2.930031,0.0,47.3505,0.0
75.0,165.41663,3.0,39.706036,20.0,0.0,0.0,100.0,-7.0,7.0,8.0,32.0,3.0,30.0,-8.0,1.0,1.0,24.320662,100.0,2.0,3.082604,0.0,86.0,0.0
71.0,198.50163,23.846333,79.0,22.0,0.0,0.0,100.0,-7.0,7.0,8.0,24.0,0.0,35.0,-7.0,0.0,0.0,106.75032,49.926125,3.0,2.0,4.813423,71.0,0.0
75.0,-8.912961,5.0,53.2743,20.0,0.0,0.0,91.44868,26.597185,6.0,6.0,20.0,1.0,66.60289,-7.0,0.0,0.0,0.0,81.48609,0.0,2.0,0.0,40.108776,0.0
78.12663,294.45508,3.0,132.06369,16.0,0.0,0.0,100.0,-7.0,7.0,8.0,21.0,2.0,44.0,0.0,3.0,3.0,38.73063,76.97858,3.0,3.0,1.0,67.0,0.0
71.0,151.1923,4.0,64.952354,24.117163,0.0,0.0,100.0,-7.0,7.0,8.0,8.143446,3.0,12.706328,0.0,1.0,1.0,37.679096,89.19335,9.0,2.0,1.0,60.0,0.0
75.0,152.54079,4.0,12.85942,23.862053,0.0,0.0,100.0,-7.0,7.0,8.0,30.751024,2.0,8.436238,0.0,2.0,2.0,13.0,18.618725,4.0,2.0,1.0,28.238642,0.0
72.67839,347.3078,7.0,154.22363,31.345684,0.0,0.0,95.0,-7.0,6.0,6.0,41.489334,1.0,25.199776,9.88949,0.0,0.0,66.02242,15.2182,5.0,1.0,1.0,83.60887,0.0
75.0,304.98795,5.0,117.04743,10.845584,0.0,0.0,96.0,7.625468,-9.0,5.944997,15.870633,2.0,38.0,0.0,1.0,1.0,22.32314,-8.0,5.0,2.0,0.0,100.0,0.0
80.0,452.5985,36.795563,259.17484,20.0,0.0,0.0,96.0,54.83332,6.0,6.0,22.0,0.0,33.0,13.525113,0.0,0.0,12.14999,-8.0,2.0,2.0,0.0,43.0,0.0
75.0,220.57135,13.266192,115.0127,22.0,0.0,0.0,90.0,11.083617,6.0,6.0,26.0,1.0,34.31576,11.678808,0.0,0.0,15.0,82.420876,1.0,2.0,0.0,29.201284,0.0
61.304802,301.15872,5.0,93.771095,75.819244,0.0,0.0,98.0,8.595129,6.0,6.0,99.56497,3.0,33.0,2.0,3.0,3.0,76.98365,93.0,25.127472,3.0,7.836851,75.0,0.0
71.807236,204.38716,2.0,67.14351,23.0,0.0,0.0,100.0,-7.0,7.0,8.0,27.692297,4.7494645,37.0,0.0,6.991011,6.871851,36.852375,99.5889,5.0,5.1326494,2.0,67.907005,0.0
68.0,87.29321,4.0,60.96334,44.54857,0.0,0.0,100.0,-7.0,7.0,8.0,26.0,10.75813,31.0,6.039021,0.0,0.0,52.302013,77.64727,2.0,5.2754073,3.0,44.201897,0.0
80.09164,176.8109,0.27001855,77.0,38.671337,0.0,0.0,100.0,-7.0,7.0,8.0,37.698204,2.0,46.818813,0.0,3.1591833,3.0,4.0,91.39905,4.0,5.0,0.0,56.81675,0.0
76.0,317.8622,3.0,73.31749,25.0,0.0,0.0,90.0,-5.7275834,6.0,6.0,35.34003,3.0,22.608156,0.0,0.0,0.0,5.0,98.761475,4.0,2.0,0.0,50.0,0.0
76.0,137.44492,4.0,64.95714,22.0,1.0,1.1416107,95.62285,68.14305,6.0,3.1603246,24.562258,2.0,28.0,4.0,1.0,1.0,39.098145,-8.0,3.0,1.0,0.0,54.03967,0.0
71.0,197.89735,5.0,88.1457,39.0,0.0,0.0,100.0,-7.0,7.0,8.0,34.0,2.0,14.329248,-7.0,0.0,0.0,34.45567,60.501156,7.0,1.6796038,3.0,45.35269,0.0
84.46468,158.54361,15.401698,74.03906,17.0,0.0,0.0,94.0,40.38676,6.0,6.0,18.0,2.0,60.897106,0.0,1.0,0.0,1.0,-8.0,1.0,1.0,0.0,33.0,0.0
89.952995,325.51315,24.861982,110.67164,7.3030486,0.0,0.0,100.0,-7.0,7.0,8.0,8.667545,0.0,42.161823,-7.0,0.0,0.0,2.0,49.106205,2.0,2.0,0.0,78.90746,0.0
71.0,241.72867,4.0,86.07752,55.998455,3.270438,0.0,88.0,33.5737,6.0,-5.138203,78.13607,4.0,45.99709,1.0,2.462039,2.0,16.046593,-8.0,6.0,2.0,0.0,67.0,0.0
86.0,183.31615,1.0,86.074715,14.0,0.0,0.0,100.0,-7.0,7.0,8.0,17.0,2.0,18.0,-7.0,2.0,1.0,1.0,-8.0,1.0,2.0,0.0,43.0,0.0
81.0,64.68282,5.0,61.605522,15.0,0.0,0.0,100.0,-7.0,7.0,8.0,9.260495,4.0,24.095236,0.0,1.0,1.0,8.0,-8.0,4.0,1.0,0.0,47.17644,0.0
68.0,133.04842,20.0,65.0,18.0,0.86923766,0.0,88.0,18.391535,4.0,5.0,23.695158,0.0,57.479412,-8.0,0.0,0.0,30.46514,79.5511,4.0,3.0,0.0,80.0,0.0
65.17591,445.92285,20.0,102.96259,13.0,1.0,1.0,94.0,20.134405,6.0,5.045626,17.0,0.0,61.207836,-7.0,0.0,0.0,0.0,-8.0,1.0,-8.0,0.0,84.01501,0.0
89.0,410.98044,11.0,184.8963,9.0,0.0,0.0,100.0,-7.0,7.0,8.0,3.9853237,1.0,16.0,0.0,1.0,1.0,9.0,-8.0,3.0,1.0,0.0,50.0,0.0
80.0,159.63472,3.0,88.750305,29.0,0.0,0.0,100.0,-7.0,7.0,8.0,14.0,3.0,20.0,4.0,2.0,2.0,13.295329,99.223595,5.0,1.0,1.0,56.0,0.0
90.0,339.32092,8.0,104.96095,19.0,0.0,0.0,100.0,-7.0,7.0,8.0,20.0,1.0,28.0,-8.0,0.0,0.0,5.254059,-8.0,2.0,3.0,0.0,57.0,0.0
40.79966,-9.0,-9.0,-9.0,-9.0,-9.0,-9.0,-9.0,-9.0,-9.0,-9.0,-9.0,-9.0,-9.0,-9.0,-9.0,-9.0,-9.0,-9.0,-9.0,-9.0,-9.0,-9.0,0.0
78.0,322.44708,6.0,77.59864,23.254417,0.0,0.0,100.0,-7.0,7.0,8.0,23.0,3.0,35.921303,2.0,2.0,2.0,32.726048,16.040155,4.0,2.5787008,1.0,60.0,0.0
75.0,287.90662,3.0,72.57518,21.0,0.0,0.0,100.0,-7.0,7.0,8.0,21.0,3.0,50.0,4.716278,0.0,0.0,37.727997,80.701744,7.2292237,3.0,2.0,88.0,0.0
83.0,47.772736,8.0,65.99035,19.0,2.0,0.0,85.69609,56.19083,6.0,5.0,0.0032329904,3.0,24.390125,0.0,0.0,0.0,0.0,73.00281,2.0,4.0,0.0,47.407154,0.0
90.40082,191.58797,17.635956,106.198555,14.0,0.0,0.0,100.0,-7.0,7.0,8.0,14.0,0.0,30.049189,0.0,0.0,0.0,5.0,-8.0,1.0,2.0,0.0,56.0,0.0
84.0,310.13193,3.0,84.0,12.0,0.0,0.0,100.0,-7.0,7.0,8.0,15.0,1.0,11.061428,-7.0,0.0,0.0,0.0462919,-8.0,6.0,1.0,0.0,67.0,0.0
87.14844,247.03763,3.0,111.98376,49.001953,0.0,0.0,100.0,-7.0,7.0,8.0,46.96588,2.0,21.219248,3.6268342,0.0,0.0,8.0,71.80649,5.0,3.0,0.0,42.17739,0.0
89.0,596.3256,21.229733,219.52907,7.0,0.0,0.0,100.0,-7.0,7.0,8.0,9.0,0.0,58.134212,4.0,0.0,0.0,2.0,-8.0,1.0,-8.0,0.0,100.0,0.0
89.0,344.4682,19.27655,95.09002,28.0,0.0,0.0,100.0,-7.0,7.0,8.0,35.0,0.0,8.229468,0.0,1.0,1.0,7.0811768,-8.0,4.0,-8.0,0.0,50.0,0.0
84.0,63.291767,1.0,75.01146,8.111116,0.0,0.0,100.0,-7.0,7.0,8.0,3.9796782,1.0,29.0,-7.0,2.0,2.0,1.0,-8.0,1.0,1.0,0.0,44.0,0.0
76.74956,162.27112,6.0,70.0,33.10715,1.0,0.0,96.0,16.660597,6.0,3.9172304,30.0,2.0,27.462458,-7.0,0.0,0.0,0.0,30.05733,1.0,3.0,0.0,39.506996,0.0
72.0,139.86324,3.0,53.56991,31.0,0.0,0.0,100.0,-7.0,7.0,8.0,37.0,1.0,40.0,0.0,1.0,1.0,43.64539,-8.0,3.0,2.0,2.0,56.96426,0.0
-9.0,-9.0,-9.0,-9.0,-9.0,-9.0,-9.0,-9.0,-9.0,-9.0,-9.0,-9.0,-9.0,-9.0,-9.0,-9.0,-9.0,-9.0,-9.0,-9.0,-9.0,-9.0,-9.0,0.0
76.0,199.88434,7.0,95.05965,50.1903,0.0,0.0,100.0,-7.0,7.0,8.0,53.034424,2.0,28.143553,0.0,1.0,0.0,9.0,73.338165,9.0,3.0,2.0,57.0,0.0
88.0,334.76254,17.0,99.17755,26.0,0.0,0.0,100.0,-7.0,7.0,8.0,19.0,0.0,54.06569,17.7102,0.0,0.0,9.0,42.78813,2.0,2.0,0.0,38.11463,0.0
85.0,170.09006,8.0,81.36184,12.0,0.0,0.0,100.0,-7.0,7.0,8.0,12.0,2.0,37.0,0.0,0.0,0.0,0.0,-8.0,3.0,1.0,0.0,66.45002,0.0
71.0,178.20073,8.0,77.0,35.2313,0.0,0.0,92.0,-8.406276,6.0,6.0,34.0,2.0,31.0,0.0,0.0,0.0,17.946651,88.93569,6.0,4.0,1.0,67.0,0.0
72.0,165.84245,11.2913265,52.762367,14.0,0.0,0.0,100.0,-7.0,7.0,8.0,14.401008,0.0,30.0,0.0,0.0,0.0,62.17766,40.823788,3.0,3.0,0.0,75.0,0.0
83.0,158.49545,16.599335,34.014404,7.8952065,0.0,0.0,100.0,-7.0,7.0,8.0,9.0,0.0,38.0,-7.0,0.0,0.0,1.0,-8.0,2.0,1.0,0.0,71.0,0.0
73.0,232.49768,21.284025,76.0,46.37738,0.0,0.0,97.0,29.238256,6.0,6.0,44.233227,0.0,33.0,7.0,0.0,0.0,26.973776,-8.0,3.033202,3.0,1.0,50.0,0.0
67.0,217.2632,3.0,100.0,10.404048,3.5725963,3.6150043,78.72802,25.027227,6.0,-9.0,12.0,2.0,26.428846,0.0,3.0,3.0,36.097572,66.89257,4.0,2.0,0.0,93.25836,0.0
84.0,289.7504,29.083958,130.8525,22.0,0.0,0.0,100.0,7.265877,6.0,6.0,24.0,0.0,20.0,-8.0,0.0,0.0,14.0,-8.0,4.0,2.0,0.0,50.0,0.0
85.0,129.1626,7.0,49.784985,46.75844,0.0,0.0,100.0,-7.0,7.0,8.0,47.997612,1.0,11.953376,-7.634674,0.0,0.0,1.0,-8.0,3.0,1.0,0.0,12.093141,0.0
83.20441,181.01688,1.0,45.53517,27.0,0.0,0.0,100.0,-7.0,7.0,8.0,27.0,2.2894208,18.856737,1.0,3.0,3.0,0.0,-8.0,1.0,1.0,0.0,12.008371,0.0
80.067825,177.5956,1.0,41.698185,22.0,0.0,0.0,100.0,-7.0,7.0,8.0,26.0,2.0,20.0,0.0,3.0,3.0,5.0,93.59647,3.0,2.0,0.0,46.479225,0.0
78.0,-8.0,15.0,65.0,24.0,0.0,0.0,100.0,-7.0,7.0,8.0,20.0,1.0,52.695827,0.0,0.0,0.0,27.058477,54.312588,3.0,2.0,0.0,100.0,0.0
78.0,182.61707,3.0,81.0,14.0,0.0,0.0,98.0,-7.0,4.0,6.0,16.930283,2.0,23.0,16.608078,0.0,0.0,30.503038,83.17679,3.0,2.0,0.0,67.0,0.0
79.0,199.47382,12.0,77.0,13.0,0.0,0.0,100.0,-7.0,7.0,8.0,11.0,0.0,49.745323,10.25185,0.0,0.0,50.58679,78.49751,2.0,1.0,0.0,100.0,0.0
70.0,53.11299,17.0,70.52539,30.943623,0.0,0.0,100.0,-7.0,7.0,8.0,20.0,0.0,6.2068024,0.0,1.0,1.0,63.99709,-8.0,6.0,1.0,3.2003958,47.40576,0.0
69.0,263.09363,3.0,81.0,21.0,1.4052707,1.0,68.46193,23.313711,6.0,2.0,24.0,2.215491,17.379833,0.0,0.0,0.0,6.272151,-8.0,2.0,1.0,0.0,25.0,0.0
82.0,277.00522,20.0,103.15296,15.0,0.0,0.0,100.0,-7.0,7.0,8.0,17.5646,0.0,12.130901,-8.0,0.0,0.0,4.0,-8.0,3.0,-8.0,0.0,27.672684,0.0
78.0,370.2764,6.0,131.54668,33.0,0.0,0.0,90.0,4.445904,6.0,6.0,34.0,1.0,19.978235,0.0,1.0,1.0,19.071297,-8.0,7.0,1.0,0.0,47.41493,0.0
76.0,166.21742,4.0,91.15462,30.498268,0.0,0.0,89.00667,38.592598,6.0,6.0,26.0,2.0,17.0,7.0,0.0,0.0,22.875044,79.862404,4.0,4.0,0.0,80.0,0.0
72.0,127.81507,3.0,59.15869,27.161867,0.0,0.0,100.0,-7.0,7.0,8.0,23.0,4.0,13.0,5.0,1.0,1.0,38.76112,56.800884,4.0,3.0,0.0,53.86265,0.0
80.0,188.63243,5.0,97.62608,24.594114,0.0,0.0,100.0,-7.0,7.0,8.0,28.0,2.0,50.0,-8.0,1.0,0.0,38.471943,100.0,2.0,3.0,2.0,56.0,0.0
82.0,231.45885,5.0,67.0,27.0,0.0,0.0,100.0,-7.0,7.0,8.0,34.0,4.0,7.568417,3.8432193,3.983035,3.0,18.0,47.6595,1.0,2.0,0.0,37.827614,0.0
79.0,311.5158,6.0,117.46402,30.0,0.0,0.0,100.0,-7.0,7.0,8.0,36.14024,1.0,41.001743,8.334991,0.0,0.0,40.99584,-8.0,4.0,5.0,1.0,70.15161,0.0
81.0,131.86201,4.0,54.700485,20.0,0.0,0.0,100.0,-7.0,7.0,8.0,21.0,3.0,37.381756,0.0,1.0,1.0,6.0,79.015236,5.950073,3.0,0.0,60.0,0.0
84.0,160.22508,17.0,94.0,27.0,0.0,0.0,100.0,-7.0,7.0,8.0,28.821867,0.0,18.0,7.8471355,0.0,0.0,8.0,60.345028,3.0,2.0,0.0,70.0,0.0
84.25161,218.71883,7.0,120.2373,30.97057,0.0,0.0,100.0,-7.0,7.0,8.0,30.569796,1.0,21.0,0.0,2.0,2.0,7.575133,-8.0,2.0,1.0,0.0,-0.24311498,0.0
75.0,177.58286,3.0,69.000824,13.0,0.0,0.0,85.76628,2.6998892,6.0,6.0,16.0,3.0,57.848156,20.615868,0.0,0.0,10.72307,83.226234,1.0,3.0,0.0,49.476585,0.0
79.0,125.644585,4.0,56.66363,14.0,0.0,0.0,100.0,-7.0,7.0,8.0,7.0180407,6.0,18.0,7.0,3.0,3.0,15.090362,-8.0,3.0,1.0,0.0,100.0,0.0
73.0,187.14832,1.0,93.026985,25.0,1.0,1.0,88.0,24.583897,6.0,5.0,29.0,3.0,54.318054,2.0583875,3.0,3.0,10.898836,-8.0,2.0,2.0,0.0,63.0,0.0
77.842255,-4.5149302,10.0,49.99731,9.0,0.0,0.0,85.695595,20.370386,6.0,6.0,9.0,1.0,38.830677,-7.0,0.0,0.0,1.0,67.568306,1.0,2.0,0.0,75.0,0.0
64.67194,193.12544,3.0,89.0991,44.60158,0.0,0.0,87.42413,31.589748,6.0,6.0,55.48951,2.0,46.0,-7.0,2.0,2.0,91.07685,93.90789,4.0,7.7308435,3.0,85.20668,0.0
80.0,402.91907,3.0,80.0,20.0,0.0,0.0,100.0,-7.0,4.0,6.0,28.0,1.0,14.0,0.0,3.0,3.0,4.891036,-8.0,2.0,1.0,0.0,44.22633,0.0
79.0,167.60709,4.0,71.20772,27.837852,0.0,0.0,100.0,-7.0,7.0,8.0,32.0,2.0,42.0,1.0,2.0,2.0,2.0,81.926735,3.0,3.0,0.0,45.83503,0.0
71.0,112.42856,13.189747,114.08192,27.0,1.0,0.0,88.14018,32.543934,6.0,6.0,7.0,0.0,30.0,0.0,4.0,3.7118883,9.0,61.557476,4.0,2.0,1.0,37.538364,0.0
76.74253,309.9546,16.346888,83.49725,28.0,0.0,0.0,100.0,-7.0,7.0,8.0,31.0,0.0,22.770864,0.0,1.0,1.0,7.0,69.39031,6.0,1.0,1.0,67.0,0.0
70.63938,248.80942,5.0,100.0,20.0,0.0,0.0,74.88405,22.699434,6.0,6.0,22.0,3.0,26.511806,0.0,1.0,1.0,27.559008,67.32096,6.0,2.0,0.0,62.61854,0.0
77.0,142.10391,2.0,64.86052,13.0,0.0,0.0,100.0,-7.0,7.0,8.0,15.0,3.0,19.0,0.0,1.1399841,1.0,34.370796,-8.0,3.0,1.0,0.0,50.471966,0.0
80.0,218.88698,3.0,59.001354,29.613087,0.0,0.0,100.0,-7.0,7.0,8.0,32.0,4.0,31.0,16.946445,0.0,0.0,19.56256,71.20719,4.0,3.0,0.0,67.0,0.0
59.962814,141.00636,2.0,63.0,34.0,1.0,0.0,93.02382,57.753403,6.0,5.0,37.011253,2.0,23.0,4.0,1.0,1.0,69.229706,74.23467,6.0,2.0,4.0,71.0,0.0
63.909477,105.324745,12.0,58.0,26.0,0.0,0.0,100.0,-7.0,7.0,8.0,32.0,1.0,6.408823,6.253004,1.0,1.0,82.43431,-8.0,10.361989,2.0,8.575216,80.0,0.0
70.0,288.86737,5.0,106.42991,23.484213,0.0,0.0,100.0,-7.0,7.0,8.0,23.402668,1.0,36.0,-7.0,2.0,2.0,107.48626,-8.0,5.0,2.0,5.7889237,82.017685,0.0
84.0,233.1054,15.0,107.45931,22.0,0.0,0.0,97.0,12.489582,6.0,6.0,29.150667,0.0,19.176538,-8.0,0.0,0.0,31.20952,-8.0,2.608438,1.0,0.0,50.0,0.0
73.0,436.57224,1.0,110.00368,77.928925,1.0,0.0,96.0,31.270102,6.0,4.0,88.70032,10.976582,41.0,0.0,5.0,4.0426373,12.0,43.441303,8.0,5.40428,1.0,57.0,0.0
83.0,126.15937,2.0,68.0,13.0,0.0,0.0,100.0,-7.0,7.0,8.0,16.456453,2.0,28.46553,-7.0,1.0,1.0,0.39794186,20.287014,1.0,2.0,0.0,64.479164,0.0
65.0,182.79944,15.0,83.3668,40.28175,0.0,0.0,94.0,44.17059,6.0,6.0,42.1037,0.0,27.0,6.132638,0.0,0.0,58.936558,79.43755,5.0,4.0,2.0,73.796104,0.0
85.0,242.30464,35.31163,94.0,21.0,0.0,0.0,100.0,-7.0,7.0,8.0,21.0,0.0,32.47649,-7.0,1.0,1.0,15.0,93.0,1.0,2.0,-8.532083,67.0,0.0
72.0,171.61751,68.11303,137.26889,4.9352174,0.0,0.0,100.0,-7.0,7.0,8.0,17.0,0.0,18.0,-8.0,4.0,3.0,68.090416,-8.0,2.0,1.0,0.0,86.67947,0.0
-9.0,-8.871095,-9.0,-9.0,-9.0,-9.0,-9.0,-9.0,-9.0,-9.0,-9.0,-9.0,-9.0,-9.0,-9.0,-9.0,-9.0,-9.0,-9.0,-9.0,-9.0,-9.0,-9.0,0.0
65.0,243.11093,1.0,102.74992,32.0,0.0,0.0,92.91485,10.994839,4.0,6.0,34.0,1.0,57.596508,0.0,6.2372174,6.6185675,35.131027,81.84897,6.30097,7.8568587,2.0,83.0,0.0
73.0,173.9136,9.828524,67.656624,15.0,2.8940833,0.0,93.0,63.07257,6.0,5.0,19.0,1.0,42.56927,-7.0,0.0,0.0,97.504395,85.278076,3.0,2.0,0.0,98.3034,0.0
64.81762,239.71574,19.615328,93.993935,39.0,0.0,0.0,96.0,9.099551,5.0,6.0,27.0,0.0,31.0,2.0,4.0,4.0,74.59348,54.720364,9.0,2.0,2.0,56.0,0.0
71.805534,300.02527,34.115776,129.42705,16.71273,0.0,0.0,77.7096,4.0,1.7748815,6.0,19.0,0.0,17.0,0.0,0.0,0.0,39.042965,29.922638,3.0,2.0,0.0,57.0,0.0
57.99916,415.6276,5.0,101.509796,28.408205,0.0,0.0,86.64921,5.7897468,4.0,6.0,22.565899,5.0,-1.0651497,2.0,1.0,1.0,29.420095,15.08494,11.31222,2.0,2.0,75.0,0.0
87.0,393.35303,2.0,159.12143,23.42657,0.0,0.0,100.0,-7.0,7.0,8.0,6.3287954,1.0,22.0,0.0,0.058884982,0.0,4.642538,-8.0,4.53781,1.0,0.0,36.1229,0.0
86.0,170.20952,3.0,45.446167,2.291509,0.0,0.0,100.0,-7.0,7.0,8.0,9.0,2.0,43.0,21.335346,0.0,0.0,1.0,-8.0,0.0,2.0,0.0,44.0,0.0
82.0,243.30197,2.0,86.33131,33.02717,0.0,0.0,95.0,61.99023,6.0,6.0,31.0,3.0,40.727024,8.541999,2.0,1.0,9.861985,42.947052,3.0,2.0,0.0,57.0,0.0
79.84037,172.6505,2.2066886,55.45719,20.0,0.0,0.0,100.0,-7.0,7.0,8.0,20.0,2.0,40.0,-7.0,1.0,1.0,28.886568,73.57189,4.0,3.0,0.0,64.81444,0.0
77.0,121.23746,6.0,71.0,13.648847,0.0,0.0,100.0,-7.0,7.0,8.0,12.0,1.0,22.0,0.0,1.0,1.0535593,25.0,72.17981,6.0,1.0,1.0,75.0,0.0
79.0,214.28719,1.0,82.0,10.156799,0.0,0.0,100.0,-7.0,7.0,8.0,11.0,2.0,62.862507,11.092076,0.0,0.0,28.0,74.530235,1.0,3.0,0.0,100.0,0.0
85.0,199.84267,6.0,67.52754,27.0,0.0,0.0,100.0,-7.0,7.0,8.0,29.0,2.0,40.0,1.2238344,2.6310744,2.0,0.0,-8.0,1.0,3.0,0.0,50.0,0.0
74.0,182.96312,15.897082,107.602615,8.0,0.0,0.0,82.369385,32.658485,6.0,6.0,7.214522,0.0,42.0,-7.0,0.0,0.0,32.0,91.24065,1.0,2.0,0.0,54.591267,0.0
86.0,254.57692,6.3001766,83.39866,29.0,0.0,0.0,100.0,-7.0,7.0,8.0,28.390514,1.0,21.0,7.0,0.0,0.0,0.0,86.17562,1.0,2.0,0.0,39.5072,0.0
-9.0,-9.0,-9.0,-9.0,-9.0,-9.0,-9.0,-9.0,-9.0,-9.0,-9.0,-9.0,-9.0,-9.0,-9.0,-9.0,-9.0,-9.0,-9.0,-9.0,-9.0,-9.0,-9.0,0.0
69.0,170.8469,0.34068358,84.794464,45.966812,1.0,0.0,93.71319,19.127705,6.0,4.8144526,42.181293,3.0,23.931208,3.0,2.0,2.0,6.0,82.060425,6.0,2.0,0.0,56.0,0.0
66.63481,192.53807,5.0,77.0,18.0,2.0,0.0,88.0,32.731243,6.0,3.1345472,21.0,3.0,46.953827,2.5502012,1.1870277,1.0,59.900673,31.693153,6.0,2.0,0.0,85.41009,0.0
67.24597,93.48206,2.0,52.46408,20.519218,0.0,0.0,93.0,58.961052,6.0,6.0,28.0,2.0,26.78289,16.0,0.0,0.0,73.48482,68.47203,4.0,3.0,2.0,86.42646,0.0
74.0,158.45328,5.0,70.74958,18.0,0.0,0.0,100.0,-7.0,7.0,8.0,19.882193,1.0,0.0,1.0,3.1994803,3.0,35.452873,78.15014,5.0,2.0,1.0,73.186775,0.0
86.0,177.97124,5.0,66.811714,21.0,0.0,0.0,100.0,-7.0,7.0,8.0,24.0,2.0,33.0,4.0,0.0,0.0,5.0,56.74758,3.1624494,3.0,0.0,60.0,0.0
74.0,83.016495,3.0,68.0,13.970945,0.0,0.0,100.0,-7.0,7.0,8.0,5.423082,4.0,19.0,1.0,2.0,1.7033986,83.57873,-8.0,4.0,1.0,2.0,100.0,0.0
80.0,191.96512,-2.551363,70.46609,20.0,0.0,0.0,100.0,-7.0,7.0,8.0,27.0,4.0,28.0,0.0,3.0,3.0,38.30565,-8.0,3.0,2.0,0.0,55.31509,0.0
67.6838,262.6074,10.0,95.8889,36.0,0.0,0.0,93.0,2.2346373,6.0,6.0,34.0,0.0,35.0,0.0,2.0,1.0,30.687262,15.577797,9.355322,5.0,1.0,58.0,0.0
80.0,244.82245,11.483089,113.073265,26.0,0.0,0.0,100.0,-7.0,7.0,8.0,21.0,1.0,33.0,0.0,0.0,0.0,32.389973,54.930317,9.889237,2.0,1.0,67.0,0.0
69.64614,98.84135,2.0,58.0,15.0,0.0,0.0,100.0,-7.0,7.0,8.0,18.0,1.0,23.0,-7.0,0.0,0.0,90.58435,38.50724,4.0,2.0,4.1343083,75.0,0.0
-9.0,-9.0,-9.0,-9.0,-9.0,-9.0,-9.0,-9.0,-9.0,-9.0,-9.0,-9.0,-9.0,-9.0,-9.0,-9.0,-9.0,-9.0,-9.0,-9.0,-9.0,-9.0,-9.0,0.0
63.04952,266.31537,17.0,93.0,22.0,1.0,1.0,85.62544,23.096855,6.0,2.0,20.0,0.0,41.0,0.0,2.0,2.0,72.50862,71.88048,8.0,3.0,2.0,86.62951,0.0
72.0,330.6052,3.6033108,84.56039,49.982037,0.0,0.0,100.0,-7.0,7.0,8.0,52.34507,2.0,39.0,7.1815786,1.0,1.0,25.79751,58.75363,7.0,22.556355,4.4346375,75.0,0.0
87.0,170.64311,36.53038,90.0,17.0,0.0,0.0,100.0,-7.0,7.0,8.0,22.501081,0.0,28.0,0.0,0.0,0.0,18.808947,-8.0,2.0,1.0,0.0,50.0,0.0
86.0,135.38785,35.680683,140.69354,13.964911,0.0,0.0,100.0,-7.0,7.0,8.0,-4.629878,0.0,17.0,0.0,1.0,1.0,52.845043,-8.0,4.0,-8.0,0.0,91.89163,0.0
77.545525,215.0807,21.8371,91.80497,19.0,0.0,0.0,100.0,-7.0,7.0,8.0,19.0,0.0,42.0,0.0,2.0,2.0,83.98814,-8.0,2.0,1.0,-8.0,77.55333,0.0
73.0,208.09293,23.160467,116.222,24.0,0.0,0.0,82.814095,-8.0,0.28152987,2.0,21.0,0.0,50.0,-7.0,0.0,0.0,1.0,66.01038,2.0,3.0,0.0,67.05541,0.0
77.0,156.21964,9.0,68.45962,22.763945,0.0,0.0,100.0,-7.0,7.0,8.0,22.0,1.0,47.96861,1.0,1.0,1.0,19.589788,76.0,3.0,3.0,0.0,100.0,0.0
61.570538,199.877,22.383568,66.75525,7.0,0.0,0.0,89.876076,24.103096,6.0,6.0,7.773821,0.0,48.57601,-7.0,0.0,0.0,99.44136,22.169847,2.0,2.0,0.14175346,100.0,0.0
68.0,33.898018,9.128814,106.79976,36.0,0.0,0.0,92.0,52.257412,6.0,6.0,-9.0,2.0,33.0,2.0,1.0,1.0,32.01879,77.29518,7.7538147,2.0,3.3155022,71.0,0.0
64.0,445.73044,57.076115,164.4398,14.0,2.0,2.4053724,75.13742,36.47884,6.0,6.0,15.0,0.0,62.123962,-8.0,2.0,2.0,0.0,-8.0,-9.0,2.0,0.0,24.75854,0.0
76.0,215.00226,4.0,97.0,27.569115,0.16063748,0.0,94.876724,42.499947,6.0,6.0,34.0,3.0,24.0,2.7080088,0.0,0.0,1.5089781,-8.0,1.0,2.0,0.0,41.945515,0.0
-9.0,-9.0,-9.0,-9.0,-9.0,-9.0,-9.0,-9.0,-9.0,-9.0,-9.0,-9.0,-9.0,-9.0,-9.0,-9.0,-9.0,-9.0,-9.0,-9.0,-9.0,-9.0,-9.0,0.0
85.0,164.25267,8.0,76.057434,8.300739,0.0,0.0,100.0,-7.0,7.0,8.0,8.0,1.0,48.98368,3.0,0.0,0.0,0.0,89.12655,1.0,3.0,0.0,43.0,0.0
85.0,106.73291,5.5551662,41.07632,13.0,0.0,0.0,100.0,-7.0,7.0,8.0,10.0,1.0,21.0,6.0,0.0,0.0,16.662905,-8.0,2.0,1.0,0.0,29.46724,0.0
66.009705,156.70035,10.61059,94.76181,14.0,1.0,1.0,75.61922,23.925909,6.0,2.0,17.0,0.0,13.405423,0.0,2.0724642,2.8037772,67.40779,-8.0,5.0,1.0,2.9857845,82.54555,0.0
77.0,131.0689,1.0,-8.9256315,14.0,0.0,0.0,100.0,-7.0,7.0,8.0,20.0,3.0,47.736298,0.0,1.0,1.0,36.0,86.97448,2.0,4.0,0.0,54.739895,0.0
78.0,231.02788,6.5157185,93.0,36.0,0.0,0.0,95.0,27.473938,6.0,6.0,43.40186,1.0,16.846054,-7.0,0.0,0.0,12.513888,100.0,4.0,3.0,0.70959985,50.0,0.0
69.0,337.85065,3.0,100.0,32.0,0.0,0.0,94.0,4.4667397,4.0,6.0,37.0,3.0,39.0,0.0,0.0,0.0,21.0,-8.0,5.0,3.0,3.0,57.0,0.0
67.94795,280.9924,-9.0,107.97922,38.84243,0.0,0.0,97.0,21.124317,6.0,6.0,45.815426,3.0,61.1597,1.0,3.0,3.0,35.14782,87.68904,3.818095,3.0,0.0,63.545948,0.0
74.79132,343.47037,3.0,180.73291,50.42468,0.0,0.0,100.0,0.15661606,7.0,7.6001096,3.987571,1.0,11.0,0.0,1.0,1.0,3.0,-8.0,12.211075,1.0,1.0,52.798847,0.0
81.0,191.63036,6.0,97.0,28.0,0.0,0.0,100.0,-7.0,7.0,8.0,32.0,1.0,31.0,0.0,1.0,1.0,11.0,62.743813,2.0,2.0,0.0,58.0,0.0
81.0,283.71585,7.0,93.391464,19.0,0.0,0.0,100.0,-7.0,7.0,8.0,17.0,1.0,40.0,0.0,3.1270595,3.0,4.0,80.0,3.0,7.9328666,0.0,75.20979,0.0
67.863075,210.91608,2.0,89.9255,39.0,0.0,0.0,97.0,36.842598,6.0,6.0,42.919895,1.0,10.584984,7.5023947,1.0,1.0,54.542866,-8.0,6.6413536,1.0,2.0,50.0,0.0
77.0442,215.15324,62.02693,165.4583,9.28627,0.0,0.0,88.304794,24.271025,6.0,6.0,5.358436,0.0,20.0,0.0,0.0,1.0,3.0,-8.0,2.0,1.0,0.0,50.0,0.0
81.0,312.70932,11.0,113.43612,28.0,0.0,0.0,100.0,-7.0,7.0,8.0,24.0,0.0,36.0,0.0,0.0,0.0,45.921986,25.257706,5.337191,2.0,1.0,77.745026,0.0
78.56991,295.38342,0.7458906,69.68358,42.13356,0.0,0.0,100.0,-7.0,7.0,8.0,41.15831,8.106938,25.0,0.0,3.0,2.0,3.0,16.21421,4.0,3.0,1.0,20.902992,0.0
81.43273,154.48412,2.0,74.7804,32.0,0.0,0.0,100.0,-7.0,7.0,8.0,39.224262,2.0,40.0,-7.0,2.0,1.0,5.0,91.022316,3.0,4.864113,0.0,45.352016,0.0
92.89084,454.6422,51.76369,176.71242,7.2053385,0.0,0.0,100.0,-7.0,7.0,8.0,6.184673,0.0,12.805406,-8.0,0.0,0.0,0.0,-8.0,1.0,-6.824845,0.0,29.039787,0.0
71.0,21.547546,2.0,55.94752,18.0,0.0,0.0,100.0,-7.0,7.0,8.0,2.8866484,6.0,26.0,0.0,2.0,2.0,3.0,69.18033,4.0,2.0,0.0,60.0,0.0
69.423065,290.4422,3.0,100.0,33.0,0.0,0.0,94.948494,11.538701,6.0,6.0,40.89431,2.0,26.0,-7.0,2.0,2.0,68.717155,-8.0,5.0,2.0,2.0,80.0,0.0
73.0,140.43083,14.0,107.933586,10.532468,0.0,0.0,100.0,-7.0,7.0,8.0,15.0,0.0,73.33589,-7.0,0.0,0.0,13.0,-8.0,1.0,1.0,0.0,100.0,0.0
67.0,238.27666,25.107319,89.510956,21.0,0.0,0.0,95.0,4.3900714,4.0,6.0,19.0,0.0,28.0,13.7589,0.0,0.0,65.85234,-8.0,9.0,1.0,1.0,88.15818,0.0
-9.0,-9.0,-9.0,-9.0,-9.0,-9.0,-9.0,-9.0,-9.0,-9.0,-9.0,-9.0,-9.0,-9.0,-9.0,-9.0,-9.0,-9.0,-9.0,-9.0,-9.0,-9.0,-9.0,0.0
69.0,57.61694,2.0,20.169752,9.0,1.0,1.0,100.0,-7.0,7.0,8.0,10.649148,4.0,24.0,-7.0,1.0365427,1.0,12.734065,85.19357,4.0,2.0,0.0,67.0,0.0
86.0,52.906807,16.113369,58.21788,-9.0,0.0,0.0,100.0,-7.0,7.0,8.0,-6.695465,0.0,21.0,-8.0,0.0,0.0,1.0,-8.0,0.0,1.0,0.0,53.31253,0.0
63.724567,115.773186,3.0,61.048954,15.0,0.0,0.0,83.578514,-4.463596,-9.0,6.0,6.6866736,1.0,23.482916,0.0,2.0,2.0,21.25801,-8.0,2.0,1.0,0.0,53.66786,0.0
72.0,277.33878,10.0,98.95759,28.0,0.0,0.0,100.0,34.041958,6.0,6.0,27.0,1.0,43.08262,0.0,2.0,2.0,35.684483,80.0,5.0,4.0,0.0,67.0,0.0
75.0,165.32321,4.0,63.18414,30.0,0.0,0.0,93.0,55.497433,6.0,6.0,28.0,6.2259417,22.0,0.0,1.0,1.0,7.7089586,85.32888,5.5631533,2.0,0.0,44.0,0.0
77.0,370.98996,15.810206,94.42643,36.0,0.0,0.0,100.0,-7.0,7.0,8.0,30.0,0.0,17.205334,10.442551,0.0,0.0,29.885807,70.51913,6.0,2.0,2.0106323,43.0,0.0
74.0,385.1518,22.603655,86.439835,36.052006,1.0,0.0,90.07713,46.508312,6.0,5.7291784,39.04276,0.0,36.0,0.0,0.0,0.0,10.0,-8.0,2.0,1.0,1.0,28.1844,0.0
69.0,186.24902,8.0,97.0,27.0,1.0,0.0,82.71142,8.296295,6.0,5.0,31.0,0.0,50.45279,4.157545,0.0,0.0,32.0,74.10692,2.0,3.0,0.0,80.0,0.0
74.0,248.43195,6.0,86.0,14.0,0.0,0.0,92.0,35.40843,6.0,6.0,13.0,1.0,15.0,0.0,0.0,0.0,53.17078,-8.0,2.0,-8.0,0.0,67.0,0.0
89.0,291.53848,9.0,116.57918,18.50653,0.0,0.0,100.0,-7.0,7.0,8.0,19.49877,2.0,34.053795,-8.0,0.0,0.0,2.9685009,-8.0,2.0,2.0,0.0,75.0,0.0
61.587543,192.94447,6.0,69.65145,21.0,0.0,0.0,88.0,3.4343083,4.0,6.0,20.0,1.0,37.0,0.0,3.0,3.0,48.969032,-8.0,7.0,1.0,4.1991425,67.0,0.0
77.0,180.17586,3.0,74.33089,21.927168,0.0,0.0,95.0,-7.0,6.0,6.0,15.0,4.0,35.0,0.0,3.0,3.0,5.286771,91.58415,2.0,4.0,0.0,65.16593,0.0
81.0,69.35382,2.0,45.591843,12.0,0.0,0.0,100.0,-7.0,7.0,8.0,21.447798,3.0,50.0,6.0,0.0,0.0,12.15516,96.17145,3.0,2.0,0.0,100.0,0.0
-9.0,-9.0,-9.0,-9.0,-9.0,-9.0,-9.0,-9.0,-9.0,-9.0,-9.0,-9.0,-9.0,-9.0,-9.0,-9.0,-9.0,-9.0,-9.0,-9.0,-9.0,-9.0,-9.0,0.0
70.0,229.13438,8.0,124.67525,23.0,1.8167949,0.0,77.38962,13.818741,6.0,3.0,25.341303,1.0,27.299149,0.0,0.0,0.0,22.964054,-8.0,3.9552479,1.0,0.0,42.93547,0.0
89.9655,244.9103,37.398006,119.37859,11.905712,0.0,0.0,100.0,-7.0,7.0,8.0,10.0,0.0,43.101368,-9.0,0.0,0.0,3.0,80.376526,0.0,2.911091,0.0,50.0,0.0
91.0,162.39784,2.0,118.9906,20.0,0.0,0.0,100.0,-7.0,7.0,8.0,24.0,1.0,28.489231,-8.0,0.0,0.0,0.6349053,86.17216,3.0,1.0,0.0,43.0,0.0
83.0,348.13806,8.0,118.38241,12.0,0.0,0.0,93.0,67.47076,6.0,5.2934623,14.840153,1.0,31.0,1.0,4.0,4.0,0.0,-8.0,1.0,1.0,0.0,55.043045,0.0
75.0,349.82172,4.0,76.945915,14.0,0.0,0.0,96.0,37.788486,6.0,6.0,18.0,2.0,27.0,0.0,0.0,0.0,11.082534,-8.0,4.0,1.0,2.0,60.47388,0.0
69.59061,289.2833,12.0,97.0,34.363983,0.0,0.0,97.0,4.0,2.486899,6.0,28.0,0.0,32.0,1.0,0.0,0.0,65.65867,90.23742,6.0,3.0,1.0,79.990204,0.0
81.0,147.18456,4.0,75.0,7.2813168,0.0,0.0,100.0,-7.0,7.0,8.0,7.0223174,1.0,75.97278,0.0,1.0,1.0,7.0,76.27231,1.0,1.0,0.0,100.0,0.0
83.49304,97.22093,5.0,90.12908,20.0,0.0,0.0,100.0,-7.0,7.0,8.0,-9.0,2.0,17.0,1.0,1.0,1.0,12.0,-8.0,6.0,1.0,0.0,70.97592,0.0
86.0,457.95312,3.0,116.373924,38.100983,0.0,0.0,95.0,21.065237,6.0,6.0,45.279644,4.0,16.0,0.0,1.0,1.0,1.0,-8.0,5.0,1.0,0.0,38.130337,0.0
88.0,262.74402,12.0,103.500275,30.650057,0.0,0.0,100.0,-7.0,7.0,8.0,24.345152,0.0,21.0,0.0,0.0,0.0,4.414947,-8.0,4.0,1.0,0.0,50.0,0.0
69.872086,139.92047,9.0,60.187588,19.0,1.0,1.0,97.0,51.404797,6.0,2.0,17.0,0.0,49.56915,21.436132,0.0,0.0,88.793564,-1.5725298,5.0,2.4285078,1.0,100.0,0.0
92.36181,729.8074,70.93412,321.28412,12.0,0.0,0.0,100.0,-7.0,7.0,8.0,12.0,0.0,18.0,-8.0,0.0,0.0,4.709732,-8.0,3.0,-8.0,0.0,67.0,0.0
56.360886,343.15277,5.681778,105.50514,15.187067,3.0,0.0,78.64392,24.35305,5.1648746,3.4115288,18.0,4.0,50.089245,-7.0,0.0,0.0,107.95038,71.0,4.0,2.0,2.9853528,80.0,0.0
68.0,153.33986,1.9619701,81.0,50.675858,0.0,0.0,96.67872,35.00344,6.0,6.0,59.787926,4.0,35.0,-7.0,2.0,2.0,21.0,99.84623,2.0,4.0,1.0,33.0,0.0
74.0,319.05765,17.0,84.0,30.0,0.0,0.0,96.0,25.929815,6.0,6.0,38.97715,0.0,38.0,5.0,0.0,0.0,55.950127,-8.0,3.0,1.0,1.0,88.58927,0.0
77.0,219.12904,2.0,100.494385,37.690117,0.0,0.0,100.0,-7.0,7.0,8.0,33.0,3.0,38.861824,16.82498,0.0,0.0,27.68222,68.7704,5.0,5.376736,0.0,70.0,0.0
72.0,157.15695,5.0,105.63998,47.33053,1.0,0.0,95.0,64.1462,6.0,3.0,56.800728,6.0,19.0,5.0,0.0,0.0,17.0,97.48171,5.0,2.0,0.0,55.75673,0.0
72.0,153.17635,3.0,109.22596,48.299587,0.0,0.0,97.0,44.718674,6.0,6.0,64.728294,2.0,23.502213,0.0,2.0,2.0,27.816133,-8.0,6.0,1.0,2.0,38.87042,0.0
89.0,264.6038,4.768177,106.62014,20.0,0.0,0.0,100.0,-7.0,7.0,8.0,22.0,1.0747097,38.696854,0.0,0.0,0.0,1.0,-8.0,2.0,2.8320858,0.0,63.258736,0.0
79.0,156.06001,1.0,74.91201,31.074005,0.0,0.0,94.0,75.201935,6.0,6.0,49.887196,5.0,77.05347,8.0,4.0,4.0,20.878529,93.0,3.0,5.0,0.0,100.0,0.0
70.358894,149.4431,16.947243,84.0,22.0,1.0,0.0,93.777725,42.74513,6.0,6.0,26.0,0.0,57.10571,9.0,0.0,0.0,18.0,59.783375,1.0,2.0,0.0,88.94747,0.0
85.73632,165.59514,2.4388926,70.46441,34.0,0.0,0.0,100.0,-7.0,7.0,8.0,32.0,3.0,38.0,2.8057864,0.0,0.0,6.0,84.02919,6.689355,2.0,0.0,64.0,0.0
79.0,90.32809,4.0,63.0,23.0,0.0,0.0,100.0,-7.0,7.0,8.0,25.0,2.9647422,51.688564,0.0,3.0,3.0,15.56899,81.03591,2.807839,4.0,0.0,78.0,0.0
84.0,290.38904,1.0,88.229866,20.624956,0.0,0.0,100.0,-7.0,7.0,8.0,21.0,3.0,24.0,-7.0,0.0,0.0,2.0,-8.0,3.0,2.0,0.0,73.0,0.0
84.0,186.91838,-9.0,66.73426,12.0,0.0,0.0,100.0,-7.0,7.0,8.0,15.0,3.0,36.059376,2.0,2.0,2.0,18.0,79.17856,1.0,2.0,0.38740236,36.744022,0.0
80.0,187.67166,8.0,91.4258,39.168613,0.0,0.0,97.26384,46.443935,6.0,6.0,48.044582,2.0580716,23.0,0.0,0.0,0.0,13.0,83.54164,7.4388285,2.0,0.0,67.0,0.0
74.962845,128.5484,6.0,72.06527,9.0,0.0,0.0,91.043,21.913347,6.0,4.0,8.780342,1.0,18.0,0.8810166,1.0,1.0,36.0,-8.0,1.0,1.0,0.0,34.922092,0.0
70.0,180.9342,2.0,54.0116,26.0,1.0,1.0,97.205284,46.887978,6.0,2.0,18.0,8.287281,56.18848,0.0,3.0,3.0,47.372562,93.0,5.0,7.264588,0.0,100.0,0.0
66.0,100.80191,3.0,42.17501,28.686934,0.0,0.0,95.0,6.0,6.0,6.0,31.0,3.0,32.0,0.0,2.0,2.0,32.45194,88.0,4.0,3.0,0.0,47.50933,0.0
85.0,315.25754,22.640858,145.93024,22.14185,0.0,0.0,100.0,-7.0,7.0,8.0,23.0,0.0,37.854286,-7.0,0.0,0.0,25.21281,-8.0,3.9952612,3.0,0.0,58.0,0.0
86.0,269.7258,3.0,86.411026,43.613346,0.0,0.0,100.0,-7.0,7.0,8.0,45.43033,4.0,45.044006,4.0,3.6690314,3.0,4.0,39.28041,2.0,3.0,0.0,35.733612,0.0
81.0,115.787224,13.0,76.0,23.0,0.0,0.0,100.0,-7.0,7.0,8.0,24.0,0.0,18.711897,0.0,4.0,4.575772,0.9817864,-8.0,2.0,1.0,0.0,38.0,0.0
67.0,184.45673,8.0,71.97024,15.0,3.0,3.2259698,73.9275,2.908307,4.0,2.0,21.0,1.0,29.0,0.0,2.0,2.0,28.0,-8.0,6.0,1.0,1.0,71.0,0.0
76.21434,139.24033,11.388358,70.63113,16.0,1.0,1.0,100.0,-7.0,6.0,8.0,7.1306643,0.0,22.0,13.309286,0.0,0.0,4.0,84.12508,3.0,1.0,0.0,66.17363,0.0
71.0,173.3411,5.4494057,83.0,24.0,0.0,0.0,90.0,-7.0,-9.0,6.0,23.0,1.0,33.023335,0.0,3.0,3.0,30.392107,88.0,3.0,2.406044,0.0,57.25458,0.0
58.64366,133.94772,18.637062,51.379498,31.35658,0.0,0.0,96.0,-7.0,4.0,6.0,35.48127,0.0,32.29721,16.072563,0.0,0.0,68.33477,81.71648,4.0,2.0,2.9959464,100.0,0.0
78.0,204.35925,13.374106,102.33168,41.634205,0.0,0.0,95.45076,31.020172,6.0,6.0,31.70747,0.0,20.824358,5.0,2.0,2.0,49.99294,61.611996,4.0,1.0,2.0,48.048473,0.0
68.0,181.45267,3.0,65.912056,44.39927,0.0,0.0,100.0,-7.0,7.0,8.0,45.978203,3.0,22.0,-8.0,2.0,2.0,62.151794,65.89101,8.0,2.0,3.5711572,88.94247,0.0
56.041103,138.03418,22.85169,73.50733,10.0,3.0,2.6835556,90.0,-0.7932898,0.69308573,2.0,9.521847,0.0,75.658554,20.136633,0.0,0.0,33.75302,47.75999,0.0,3.0,0.0,71.40327,0.0
84.07398,212.64795,8.0,76.93422,25.0,0.0,0.0,100.0,-7.0,7.0,8.0,33.0,1.0,25.0,7.0,0.0,0.0,10.0,76.797646,2.0,2.0,0.0,53.706535,0.0
58.15348,167.91246,5.0,51.346226,21.0,1.0,2.0,100.0,3.7106557,-9.0,6.0,21.612045,3.0,20.965076,0.0,7.6124716,8.007284,41.160923,-8.0,6.0,1.0,2.0,50.0,0.0
77.33274,414.19095,11.68501,100.0,12.0,0.0,0.0,91.0,23.707527,5.3919644,6.0,14.0,2.0,26.0,0.0,2.0,2.0,-1.5735846,-8.0,1.0,1.0,0.0,3.8625815,0.0
69.288574,-8.0,1.0,-2.7204976,14.0,2.0,2.0,93.0,36.524933,4.0,2.0,13.383065,3.0,18.966381,0.0,1.0,1.0,12.0,80.0,5.0,2.0,0.0,52.236427,0.0
80.0,256.96194,7.775932,101.1853,18.0,0.0,0.0,100.0,-7.0,7.0,8.0,21.0,1.0,67.647354,0.0,0.0,0.0,9.111952,82.0,2.0,5.0,0.0,67.530495,0.0
77.0,215.09845,5.0,103.63085,10.0,0.0,0.0,84.58486,33.867374,6.0,6.0,12.678508,1.276606,22.0,3.0,1.0,1.0,2.0,-8.0,1.0,1.0,0.0,37.776176,0.0
87.0,191.43967,5.0,105.34082,15.108122,0.0,0.0,94.0,51.04028,6.0,6.0,18.0,1.0,46.276436,0.0,0.0,0.0,0.0,31.508358,0.0,2.0,0.0,40.0,0.0
71.0,64.58505,2.0,55.775433,24.0,0.0,0.0,100.0,-7.0,7.0,8.0,22.02313,6.0,37.0,3.0,1.0,1.0,65.22144,91.0,4.0,3.0,2.6463442,75.0,0.0
-9.0,-9.0,-9.0,-9.0,-9.0,-9.0,-9.0,-9.0,-9.0,-9.0,-9.0,-9.0,-9.0,-9.0,-9.0,-9.0,-9.0,-9.0,-9.0,-9.0,-9.0,-9.0,-9.0,0.0
80.0,210.20027,7.0,118.022125,23.0,0.0,0.0,92.5644,3.654199,4.0,6.0,24.0,2.0,47.0,0.0,0.0,0.0,1.0,89.03348,3.0,5.6944094,0.0,71.0,0.0
70.85737,353.7677,5.0,73.58577,33.0,0.0,0.0,97.0,12.795422,6.0,6.0,34.83601,2.0,17.0,-8.0,1.0,0.0,51.31918,83.22616,6.0,3.0,2.0,71.0,0.0
75.396645,155.35814,6.0,80.05274,28.0,1.0,0.0,91.0,12.124027,4.0,-9.0,31.069458,1.0,44.0,0.0,1.0,1.0,2.0,53.894978,4.0,6.5372944,0.0,69.806725,0.0
65.0,157.16884,7.0,61.78205,30.858429,0.0,0.0,100.0,-7.0,7.0,8.0,28.0,2.0,33.0,0.0,0.0,0.0,69.79344,80.04791,7.0617733,2.0,7.5203614,75.0,0.0
-9.0,-9.0,-9.0,-9.0,-9.0,-9.0,-9.0,-9.0,-9.0,-9.0,-9.0,-9.0,-9.0,-9.0,-9.0,-9.0,-9.0,-9.0,-9.0,-9.0,-9.0,-9.0,-9.0,0.0
75.0,275.141,9.379532,58.091045,6.0,0.0,0.0,100.0,-7.0,7.0,8.0,3.9935002,1.0,38.0,0.0,1.3422974,1.8824983,43.774807,93.0,1.0,2.0,0.0,100.0,0.0
76.0,242.36798,12.0,97.0,39.0,0.0,0.0,100.0,-7.0,7.0,8.0,38.0,0.0,18.10562,1.0,2.0,2.0,43.919415,-8.0,4.0,1.0,0.0,50.0,0.0
85.0,461.84756,1.0,78.76782,22.87915,0.0,0.0,100.0,-7.0,7.0,8.0,20.675035,3.0,28.0,0.0,3.0,3.0,18.043446,86.54742,6.0,2.0,0.0,64.0,0.0
82.0,281.89783,16.0,93.0,18.0,0.0,0.0,100.0,-7.0,7.0,8.0,18.0,0.0,14.0,6.371525,0.0,0.0,34.168884,79.0139,3.0,1.0,1.0,46.053123,0.0
85.0,191.61032,2.0,102.98479,24.0,0.0,0.0,100.0,-7.0,7.0,8.0,29.0,3.0,49.53508,0.0,2.0,2.0,6.0,76.0,2.0,2.0,0.0,40.715866,0.0
81.0,139.81053,6.0,77.0,10.0,0.0,0.0,100.0,-7.0,7.0,8.0,12.0,2.0,35.0,-7.0,3.0,3.0,31.396467,-8.0,3.0,1.0,0.0,85.51053,0.0
71.0,174.44232,8.0,63.387493,21.0391,0.0,0.0,93.0,9.491786,6.0,6.0,24.0,2.0,40.121918,0.0,1.0,1.0,9.902133,61.04658,3.0,3.0,1.0,52.827763,0.0
68.0,416.60788,3.0,121.859764,26.0,0.0,0.0,85.599724,57.0568,6.0,6.0,24.0,2.0,20.0,0.0,1.0,1.0,56.494137,-8.0,7.801732,-8.0,4.0821385,95.14712,0.0
86.0,343.33276,2.0,76.09682,22.0,0.0,0.0,100.0,-7.0,7.0,8.0,19.0,1.0,58.908264,5.0,0.0,0.0,14.882286,63.8039,1.0,3.0,0.0,39.83335,0.0
-9.0,-9.0,-9.0,-9.0,-9.0,-9.0,-9.0,-9.0,-9.0,-9.0,-9.0,-9.0,-9.0,-9.0,-9.0,-9.0,-9.0,-9.0,-9.0,-9.0,-9.0,-9.0,-9.0,0.0
-9.0,-9.0,-9.0,-9.0,-9.0,-9.0,-9.0,-9.0,-9.0,-9.0,-9.0,-9.0,-9.0,-9.0,-9.0,-9.0,-9.0,-9.0,-9.0,-9.0,-9.0,-9.0,-9.0,0.0
76.0,562.36346,4.0,83.0,24.0,2.5088859,2.1189346,91.0,78.0415,6.0,5.308843,34.0,2.0,32.207115,18.764433,0.0,0.0,17.514584,56.611603,3.7585151,2.0,0.0,68.134026,0.0
83.0,305.6088,10.0,100.568275,13.553813,0.0,0.0,94.0,31.06294,6.0,6.0,15.383243,0.0,40.172672,2.0,0.0,0.0,18.381813,41.91501,4.0,2.0,0.0,80.0,0.0
78.0,163.8245,2.0,61.0,39.0,0.0,0.0,95.0,40.049038,6.0,6.0,41.57984,9.510214,29.753613,0.0,0.0,0.0,0.24744248,73.72556,6.0,2.0,0.0,41.96668,0.0
74.69854,72.82085,1.0,41.03867,44.24952,0.0,0.0,100.0,-7.0,7.0,8.0,55.10571,4.0,25.148533,8.724888,1.0,1.0,49.435863,100.0,4.0,4.4130616,1.0,64.80897,0.0
-9.0,-9.0,-9.0,-9.0,-9.0,-9.0,-9.0,-9.0,-9.0,-9.0,-9.0,-9.0,-9.0,-9.0,-9.0,-9.0,-9.0,-9.0,-9.0,-9.0,-9.0,-9.0,-9.0,0.0
-9.0,-9.0,-9.0,-9.0,-9.0,-9.0,-9.0,-9.0,-9.0,-9.0,-9.0,-9.0,-9.0,-9.0,-9.0,-9.0,-9.0,-9.0,-9.0,-9.0,-9.0,-9.0,-9.0,0.0
72.677216,180.22057,8.0,101.99448,28.0,0.0,0.0,100.0,-7.0,7.0,8.0,11.0,3.0,31.0,0.0,3.0,2.4854689,41.483555,-8.0,2.0,2.0,1.0,35.776394,0.0
-9.0,48.19977,8.0,58.0,10.291059,2.0,2.0,55.289608,6.0,4.0,6.0,18.752882,2.0,20.647717,4.0,0.0,0.0,63.243816,-8.0,2.0,1.0,0.0,80.0,0.0
58.60656,193.55627,3.0,67.67021,17.0,0.0,0.0,82.052055,41.930096,6.0,6.0,19.0,2.0,16.0,-6.888079,4.524176,4.0,70.0141,50.958405,13.957332,2.0,4.0,100.0,0.0
80.0,227.12617,17.0,139.00444,17.0,0.0,0.0,97.0,25.238728,6.0,6.0,21.0,0.0,24.0,10.484229,0.0,0.0,19.0,-8.0,4.0,1.0,0.0,100.0,0.0
81.489685,187.65898,9.0,100.0,15.0,0.0,0.0,92.0,30.04047,4.0,5.0,13.0,1.0,63.089798,1.0,5.0,4.0,2.0,97.07133,1.0,2.0,0.0,100.0,0.0
78.0,157.54497,20.0,75.0,28.0,0.0,0.0,97.0,37.091717,6.0,6.0,27.481775,0.0,33.0,0.0,2.0,2.0,26.621828,-8.0,5.0,2.0,1.0,82.354805,0.0
83.0,253.95723,2.0,107.56173,27.0,0.0,0.0,96.0,41.6246,6.0,6.0,28.440725,2.0,45.451763,0.0,2.0,2.0,0.0,-8.0,1.0,2.0,0.0,41.407143,0.0
92.20682,159.90515,28.025286,175.41292,13.0,0.0,0.0,100.0,-7.0,7.0,8.0,20.0,0.0,18.0,-8.0,0.0,0.0,0.0,-8.0,0.0,1.0,0.0,25.0,0.0
77.0,161.61493,51.98287,116.06754,0.7724798,0.0,0.0,85.35347,33.479507,6.0,6.0,4.722907,0.0,51.14761,2.0,1.0,1.0,5.0,-8.0,1.0,1.0,0.0,46.513058,0.0
79.0,184.4427,5.0,71.0,33.0,0.0,0.0,96.0,6.9482107,4.0,6.0,31.796392,1.0,29.0,13.078032,0.0,0.0,8.0,70.77246,4.0,3.0,0.0,64.0,0.0
88.0,92.240005,6.0,74.0,13.0,0.0,0.0,100.0,-7.0,7.0,8.0,14.0,1.0,53.905525,1.0,1.0,1.0,3.0,39.521618,2.0,3.0,0.0,60.0,0.0
78.0,326.64005,22.51077,141.68033,24.0,0.0,0.0,88.0,24.383144,6.0,6.0,29.0,0.0,17.0,0.0,1.0,1.0,2.0,-8.0,5.0,1.0,0.0,60.0,0.0
78.0,415.08606,9.97413,93.80784,31.0,0.0,0.0,93.61188,31.687788,6.0,6.0,30.0,1.0,21.0,0.0,1.0,1.0,0.0,74.16157,3.0,2.0,0.0,25.0,0.0
78.0,287.40756,20.374714,108.4913,20.0,0.0,0.0,88.970604,18.785225,6.0,6.0,22.678988,0.0,17.0,-8.0,0.0,0.0,18.0,-8.0,6.2371902,1.0,0.0,70.66599,0.0
75.0,262.82016,4.0,96.94531,37.991154,0.0,0.0,100.0,-7.0,7.0,8.0,47.94489,1.0,22.269583,-7.0,0.012713061,1.0,34.07566,87.282,3.0,2.5181925,2.0,41.077995,0.0
82.0,271.8963,20.527822,71.37128,19.0,0.0,0.0,100.0,-7.0,7.0,8.0,39.87813,0.0,30.0,-8.189643,0.0,0.0,20.63736,-8.0,3.0,1.0,0.0,63.51931,0.0
75.0,90.22773,4.945484,46.769394,20.0,0.0,0.0,100.0,-7.0,7.0,8.0,20.453196,4.0,39.0,-8.0,0.0,0.0,18.237053,-8.0,4.0,3.0,1.0,67.0,0.0
89.60673,138.18092,20.0,70.936935,11.080293,0.0,0.0,100.0,-7.0,7.0,8.0,15.0,0.0,31.852919,-0.41000357,2.0,2.0,5.0,50.48728,3.0,2.0,0.0,67.0,0.0
76.0,366.96164,27.540522,188.8699,25.0,0.0,0.0,100.0,-7.0,7.0,8.0,32.623535,0.0,39.0,2.0,2.0,1.0,11.0,-8.0,7.0,1.0,1.0,64.0,0.0
74.0,157.0373,20.0,127.07133,12.628915,0.0,0.0,79.83243,34.349632,6.0,6.0,12.0,0.0,19.217796,-8.0,0.0,0.0,30.01477,-8.0,4.0,1.0,0.0,75.0,0.0
88.0,199.17584,8.0,120.53463,17.0,0.0,0.0,100.0,-7.0,7.0,8.0,17.071201,1.0,23.349045,-8.0,0.0,0.0,0.0,-8.0,1.0,1.0,0.0,41.54492,0.0
86.0,353.12686,7.0,166.2852,20.0,0.0,0.0,100.0,-7.0,7.0,8.0,23.0,1.0,29.086536,0.0,3.0,2.4130418,2.0,71.0,3.0,1.0,0.0,47.301632,0.0
56.934948,-9.0,3.0,-9.0,36.0,2.0,0.0,97.0,3.0,4.0,2.0,37.303696,4.1276784,36.0,0.0,1.0,1.0,25.0,91.0,5.0,3.0,1.0,74.97888,0.0
77.811775,301.46854,11.0,88.4623,30.0,1.0,1.0,100.0,-7.0,7.0,8.0,24.552784,0.0,25.0,0.0,1.0,1.0,2.0,-8.0,2.0,1.233195,0.0,20.918335,0.0
86.0,272.05362,3.908766,86.38502,23.0,0.0,0.0,100.0,-7.0,7.0,8.0,23.105032,2.0,56.893997,-7.0,0.0,0.0,0.0,97.63841,1.0,3.0,0.0,81.54696,0.0
82.0,203.24861,14.0,81.495735,10.26738,0.0,0.0,100.0,-7.0,7.0,8.0,13.044584,1.0,17.35056,0.0,0.0,0.0,19.366312,-8.0,2.355371,1.0,0.0,43.0,0.0
75.0,321.1147,15.655234,94.0,46.68227,0.0,0.0,100.0,-7.0,7.0,8.0,48.24686,0.0,23.0,0.0,2.0,2.0,32.0,-8.0,7.0,2.0,1.0,56.410316,0.0
86.172035,212.7527,4.0,85.66259,25.0,0.0,0.0,96.0,51.981075,6.0,6.0,24.0,1.0,24.0,3.0,2.0,1.5191475,5.2502294,78.11448,1.0,2.0,0.0,35.553394,0.0
75.0,304.24664,3.0,84.0,22.0,0.0,0.0,93.22225,47.484924,6.0,6.0,27.0,3.0,61.002316,0.0,4.810882,5.0,1.4320571,-8.0,0.62075686,5.553805,0.0,73.68253,0.0
73.0,341.03436,10.816009,97.15315,17.0,0.0,0.0,86.54933,29.810852,6.0,6.0,27.0,1.0,27.942217,-5.638164,3.0,2.0,22.444378,-8.0,3.0,2.0,0.0,67.0,0.0
73.0,337.16827,4.0,115.52028,17.0,0.0,0.0,82.81754,31.561127,6.0,5.0,13.0,2.0,18.0,0.0,2.0,2.0,26.741623,-8.0,9.28196,1.0,1.0,83.390274,0.0
72.0,322.51404,2.0,116.15849,30.0,0.0,0.0,100.0,-7.0,7.0,8.0,19.0,1.0,38.0,0.0,1.0,1.0,35.724926,52.181725,4.0,6.0,1.0,75.0,0.0
73.0,85.86848,8.0,42.975754,8.692283,0.0,0.0,90.0,9.543263,6.0,6.0,7.2971497,3.0,35.0,-7.0,0.0,0.0,1.0,-8.0,2.0,1.0,0.0,67.11351,0.0
77.0,400.74182,6.0,135.44667,7.0,0.0,0.0,100.0,-7.0,7.0,8.0,11.0,1.0,51.978542,-8.0,0.0,0.0,74.39241,96.4832,3.0,2.0,2.0,86.3128,0.0
85.0,209.58194,37.55495,115.824066,15.0,0.0,0.0,100.0,-7.0,7.0,8.0,10.185471,0.0,25.627523,6.1037,0.0,0.0,0.0,-8.0,1.0,1.0,0.0,40.0,0.0
57.60482,83.788475,2.0,75.794685,18.0,2.9649632,2.0,77.901024,4.596821,3.4456143,5.0,21.0,1.0,52.50497,9.7690115,0.0,0.0,40.899643,-8.0,3.0,1.0,1.0,86.71842,0.0
72.02923,139.47285,4.0,57.78286,31.601967,0.0,0.0,92.0,18.505959,6.0,6.0,40.24185,6.0,71.06802,0.0,2.0,1.4700919,57.758972,91.0,5.0,4.0,1.0,75.0,0.0
81.0,147.83774,6.0,65.77602,21.0,0.0,0.0,93.002525,22.637924,6.0,6.0,20.0,1.0,61.566216,0.0,2.0,2.0,5.0,69.93125,1.7495831,2.0,0.0,42.578907,0.0
86.0,315.55246,2.0,100.62945,23.0,0.0,0.0,100.0,-7.0,7.0,8.0,30.0,2.0,17.579775,3.0,1.0,1.0,0.4972783,42.840187,2.0,-8.0,0.0,20.158585,0.0
72.0,164.57178,-1.6968881,78.98574,43.11577,0.0,0.0,100.0,-7.0,7.0,8.0,42.629776,2.0,19.0,6.5603476,0.0,0.0,41.24796,89.162674,8.151555,3.0,3.0,53.252155,0.0
88.0,302.99594,15.0,95.79849,11.0,0.0,0.0,100.0,-7.0,7.0,8.0,10.281672,0.0,15.0,-8.0,0.0,0.0,1.0,-8.0,2.0,1.0,0.0,50.0,0.0
85.0,304.27136,20.0,158.15732,18.0,0.0,0.0,100.0,-7.0,7.0,8.0,21.0,0.0,18.0,23.13597,0.0,0.0,28.062103,-8.0,3.0,1.0,0.0,38.0,0.0
73.0,244.20807,2.0,106.319305,25.372353,0.0,0.0,89.41281,6.0,6.0,6.0,29.0,2.0,15.366538,7.0,2.0,2.0,16.806026,77.26627,3.0,2.0,0.0,43.0,0.0
86.0,217.44409,2.0,72.0,20.0,0.0,0.0,100.0,-7.0,7.0,8.0,23.314932,4.0,39.0,7.0,0.0,0.0,8.250985,49.939938,1.0,3.0,0.0,33.0,0.0
80.0,139.85106,4.0,72.94325,36.77167,0.0,0.0,100.0,-7.0,7.0,8.0,35.0,2.0,56.908043,-7.0,3.0144043,3.0,18.51803,81.02743,5.0,3.0,0.0,85.029755,0.0
65.0,162.34703,5.0,84.0,31.376366,0.0,0.0,91.85097,30.26803,6.0,6.0,32.0,4.0,29.0,-7.0,1.0,1.0,52.391697,73.93625,5.4833646,2.0,3.0,60.0,0.0
83.0,181.13347,2.0,77.0,22.0,0.0,0.0,95.0,46.082695,6.0,6.0,23.0,3.0,36.0,-7.0,0.0,0.0,6.0,78.91114,1.0,3.0,0.0,50.0,0.0
81.0,184.31653,9.0,75.402176,32.024326,0.0,0.0,95.0,23.590136,6.0,6.0,32.0,2.0,14.818812,0.0,0.0,0.0,11.398276,58.67765,2.0,1.0,0.0,47.197357,0.0
78.0,165.02956,12.648858,97.37065,4.721486,0.0,0.0,92.0,30.926222,6.0,5.0,7.0,1.0,19.0,-7.0,0.0,0.0,18.749126,-8.0,3.0,2.0,1.0,80.0,0.0
-9.0,-9.0,-9.0,-9.0,-9.0,-9.0,-9.0,-9.0,-9.0,-9.0,-9.0,-9.0,-9.0,-9.0,-9.0,-9.0,-9.0,-9.0,-9.0,-9.0,-9.0,-9.0,-9.0,0.0
78.0,117.84339,13.728587,66.03108,14.0,0.0,0.0,100.0,-7.0,7.0,8.0,4.1347036,0.0,43.04777,-7.0,0.0,0.0,29.15955,88.136955,2.2244208,2.0,0.0,75.397995,0.0
89.85149,193.92384,2.0,92.0,12.0,0.0,0.0,100.0,-7.0,7.0,8.0,12.044205,1.0,18.276886,0.0,0.0,0.0,13.0,-8.0,2.0,-8.0,0.0,56.2304,0.0
76.0,194.4851,4.0,98.48903,22.536728,1.0,1.0,91.39669,50.90592,6.0,5.902061,23.0,2.0,46.31292,1.7780694,1.0,1.0,1.0,-8.0,1.0,3.0,0.0,43.0,0.0
79.0,179.53143,38.706547,150.34657,20.0,0.0,0.0,100.0,-7.0,7.0,8.0,43.051884,0.0,30.0,-7.0,0.0,0.0,58.928352,58.21583,2.0,1.0,0.0,100.0,0.0
91.9639,155.00192,8.0,110.41575,14.0,0.0,0.0,100.0,-7.0,7.0,8.0,10.0,1.0,26.0,4.0,1.0,1.0,6.0,-8.0,2.0,1.0,0.0,39.782005,0.0
76.0,168.58765,9.0,77.0,4.93699,0.0,0.0,100.0,-7.0,7.0,8.0,2.9176173,1.0,20.0,2.0,1.0,1.0,94.16705,-8.0,2.0,1.0,0.0,100.0,0.0
88.81139,319.78702,15.0,277.2896,20.0,0.0,0.0,100.0,-7.0,7.0,8.0,29.454351,1.0,13.0,-8.0,0.0,0.0,3.0,-8.0,5.0,1.0,0.0,57.0,0.0
87.0,392.30725,7.762385,93.36027,15.0,0.0,0.0,100.0,-7.0,7.0,8.0,15.237529,1.0,27.378227,0.0,0.0,0.0,0.0,68.12562,1.0,2.0,0.0,30.078432,0.0
88.0,424.15826,8.0,124.26351,21.992357,0.0,0.0,100.0,-7.0,7.0,8.0,16.0,2.0,39.32888,0.0,0.0,0.0,0.0,85.56741,2.0,1.0,0.0,30.911808,0.0
68.0,173.85538,6.2280545,39.725822,37.433887,0.0,0.0,100.0,-7.0,7.0,8.0,31.846487,2.0,20.0,0.0,1.0,1.0,15.2509165,67.09991,6.0,2.0,0.0,43.81195,0.0
84.0,173.97675,16.858097,115.0915,26.0,0.0,0.0,100.0,-7.0,7.0,8.0,23.868582,0.0,-9.0,0.669433,1.0,1.0,13.0,-8.0,2.0,-8.0,0.0,21.934402,0.0
79.0,389.42883,6.0,146.70053,26.0,1.0,0.72172254,100.0,77.28487,6.0,6.0,24.0,2.0,11.903851,0.0,2.0,2.0,8.0,25.61178,5.0,1.0,0.0,50.0,0.0
90.17426,369.60672,3.0,113.05399,10.0,0.0,0.0,100.0,-7.0,7.0,8.0,11.226432,1.0,25.0,0.0,0.0,0.0,5.3932824,-8.0,2.0,2.0,0.0,44.029675,0.0
67.309425,194.54332,2.0,71.0,36.173557,0.0,0.0,100.0,-7.0,7.0,8.0,49.94606,2.0,43.0,0.0,4.0,4.0,72.147545,37.80796,6.0,3.0,4.0,80.0,0.0
84.0,170.82965,33.573277,106.50565,32.0,0.0,0.0,100.0,-7.0,7.0,8.0,24.0,0.0,54.33598,3.0,3.0,3.0,8.0,-8.0,2.0,1.0,0.0,63.0,0.0
71.0,253.06166,-9.0,83.40196,43.41317,3.0,1.0,100.0,36.75332,6.0,5.0,51.140873,5.550188,34.225792,3.16564,2.0,2.0,14.802543,56.9614,3.0,3.0,0.0,40.0,0.0
88.0,130.16138,11.0,68.09666,12.0,0.0,0.0,100.0,-7.0,7.0,8.0,15.0,0.0,50.0,8.0,2.0,1.0,6.810193,-8.0,1.6026539,-8.0,0.0,43.0,0.0
83.0,259.37918,11.0,78.86978,10.0,0.0,0.0,100.0,-7.0,7.0,8.0,10.0,1.0,20.0,0.0,0.0,0.0,46.137413,-8.0,1.0,1.0,1.0,64.0,0.0
-9.0,247.63292,3.0,124.62079,16.57955,2.8551733,2.0,85.848305,1.5369709,-7.124331,6.0,20.546865,2.0,27.0,1.0,3.0,3.0,93.02559,87.189865,6.0,2.0,1.0,100.0,0.0
68.0,171.73232,9.0,60.448986,22.755602,0.0,0.0,91.0,28.912525,6.0,6.0,19.0,1.0,40.30638,2.0,0.0,0.0,58.55422,86.9688,6.0,4.0,0.0,100.0,0.0
71.0,365.9012,3.0,86.39447,22.0,0.0,0.0,89.27929,36.19126,6.0,6.0,26.0,4.0,44.0,0.0,1.0,1.0,21.689575,99.50199,7.0,5.3625183,0.0,73.0,0.0
83.0,213.50777,2.0,68.93618,26.087484,0.0,0.0,100.0,-7.0,7.0,8.0,28.0,2.0,46.41788,5.0,1.0,1.0,0.7821109,98.05261,1.0,3.8119764,0.0,50.0,0.0
83.0,289.1873,2.0,104.40325,14.0,0.0,0.0,100.0,-7.0,7.0,8.0,11.0,1.0,56.50909,0.0,0.0,0.0,54.10635,91.0,1.0,2.0,0.0,100.0,0.0
70.0,226.29704,7.0,99.30742,29.0,0.0,0.0,97.0,29.29525,6.0,6.0,29.587069,1.0,-9.0,0.0,1.0,1.0,40.98525,-8.0,9.0,-6.5952797,4.9190946,36.56351,0.0
75.0,178.0701,9.0,56.01716,21.0,0.0,0.0,100.0,-7.0,7.0,8.0,16.581772,2.0,38.0,-7.0,0.0,0.0,22.975946,-8.0,3.0,1.0,2.0,67.0,0.0
-9.0,-9.0,-9.0,-9.0,-9.0,-9.0,-9.0,-9.0,-9.0,-9.0,-9.0,-9.0,-9.0,-9.0,-9.0,-9.0,-9.0,-9.0,-9.0,-9.0,-9.0,-9.0,-9.0,0.0
68.0,192.85504,3.0,83.0,28.0,1.0,1.0,95.0,36.48126,6.0,5.0,30.156404,2.0,30.0,0.0,3.0,3.0,81.7305,-8.0,5.0,1.0,4.4384227,86.0,0.0
82.733765,355.5011,19.3781,155.27223,23.388441,0.0,0.0,94.77638,45.507553,6.0,6.0,23.0,0.0,36.70035,7.2382026,1.0,0.0,19.0,55.815193,1.0,2.0,0.0,49.206276,0.0
81.0,303.47064,7.0,90.051865,46.942455,0.0,0.0,100.0,-7.0,7.0,8.0,35.0,2.0,16.0,8.895867,0.0,0.0,12.0,-8.0,5.0,2.113796,0.0,44.0,0.0
67.54551,372.91083,7.466828,130.0743,25.0,0.0,0.0,86.793625,82.44395,6.0,5.0,32.0,2.0,17.0,1.0,1.0,1.0,22.99987,95.88177,6.0,2.0,2.0,100.0,0.0
71.0,214.20279,2.0,55.62793,48.479393,0.0,0.0,100.0,-7.0,7.0,8.0,57.082703,4.0,48.52044,0.0,3.0452323,3.0,46.62297,97.96872,5.0,4.2528133,1.0,62.342545,0.0
81.0,200.73347,1.0,76.0,26.0,0.0,0.0,95.0,64.44588,6.0,6.0,18.0,4.0,18.0,0.0,0.0,0.0,6.1567945,-8.0,2.0,4.0,0.0,44.311813,0.0
67.07612,196.13864,-8.864935,82.717674,42.994137,0.0,0.0,100.0,-7.0,7.0,8.0,56.185143,4.238195,33.0,0.0,2.0,1.0,37.109135,100.0,8.0,2.0,1.0,73.0,0.0
85.837105,122.00846,30.711336,88.72729,8.0,0.0,0.0,100.0,-7.0,7.0,8.0,7.0,0.0,15.0,1.0,0.0,0.0,21.0,-8.0,3.0,1.0,0.0,60.0,0.0
87.81225,192.95055,41.08474,110.77995,11.0,0.0,0.0,100.0,-7.0,7.0,8.0,9.0,0.0,50.0,2.0689883,0.0,0.0,11.0,-8.0,3.0,1.0,0.0,88.62334,0.0
89.0,163.80176,15.0,92.0,14.0,0.0,0.0,100.0,-7.0,7.0,8.0,14.0,0.0,35.30072,12.0,0.0,0.0,4.430882,29.179537,2.0,1.0,0.0,44.0,0.0
74.0,131.09448,1.0,63.45107,7.0,2.0,1.9574326,77.58384,32.194553,6.0,-8.286702,11.0,2.0,68.83609,0.0,4.0,4.0,0.0,13.821483,0.018259492,6.160013,0.0,78.0,0.0
89.0,223.77612,30.876003,101.40701,19.47894,0.0,0.0,95.0,36.80433,6.0,6.0,26.0,0.0,57.662045,16.0,0.0,0.0,9.0,-8.0,3.0,-8.0,0.0,80.0,0.0
81.0,296.97977,2.0,74.40015,37.853333,0.0,0.0,98.49834,21.960478,6.0,6.0,39.11473,1.0,35.205822,15.924754,1.0,1.0,4.0,48.32413,4.0,1.0,0.0,60.0,0.0
82.0,263.45242,21.99459,122.525635,7.0,0.0,0.0,100.0,-7.0,7.0,8.0,11.467341,0.0,24.0,1.0,1.0,1.0,44.486008,-8.0,4.0,2.0,0.0,75.0,0.0
79.54624,245.10133,12.340883,65.55451,16.3092,1.0,0.0,88.0,15.687645,6.0,5.0,18.0,0.0,25.0,-7.0,0.0,0.0,7.0,54.304497,1.0,2.0,0.0,20.183937,0.0
90.0,241.11346,13.0,128.9387,13.0,0.0,0.0,94.0,72.46959,6.0,6.0,22.0,0.0,19.083035,-8.0,0.0,0.0,1.0,56.62223,2.0,1.0,0.0,50.0,0.0
83.0,159.48283,32.44774,100.0,25.0,0.0,0.0,100.0,-7.0,7.0,8.0,24.0,0.0,26.575716,0.0,0.0,0.0,20.798534,-8.0,5.0,2.0,1.0,52.34438,0.0
88.95333,231.03015,15.0,116.4935,14.0,0.0,0.0,100.0,-7.0,7.0,8.0,13.0,1.0,2.2653923,19.13127,0.0,0.0,3.196466,-8.0,3.0,1.0,0.0,29.318151,0.0
87.0,165.68437,3.0,102.802605,47.51225,0.0,0.0,100.0,-7.0,7.0,8.0,69.86353,2.0,38.0,6.0,1.0,1.0,2.0,71.99897,2.0,3.0,0.0,29.776651,0.0
76.0,304.18646,8.0,95.366,13.0,0.0,0.0,71.98924,24.565308,4.0,6.0,15.0,1.0,28.810242,0.0,0.0,0.0,18.0,64.84552,3.0,1.6579905,0.0,57.0,0.0
73.60709,-8.0,7.0,57.752148,23.0,2.0,2.6894958,97.0,60.37121,6.0,2.0,32.0,2.0,42.0,-8.0,0.0,0.0,0.0061453595,91.0,2.0,4.0,0.0,67.0,0.0
86.0,152.31775,4.0,72.0,36.0,0.0,0.0,100.0,-7.0,7.0,8.0,30.127886,5.0,0.0,0.0,0.0,0.0,12.0,-8.0,3.0,-8.0,0.0,46.057186,0.0
82.0,147.87627,25.233034,69.16755,15.0,0.0,0.0,96.0,38.264503,6.0,6.0,14.165633,0.0,52.396805,0.0,2.0,1.0,1.0,71.0,-2.7144563,2.0,0.0,42.790184,0.0
66.78487,185.13477,7.0,87.36072,21.0,0.0,0.0,100.0,-7.0,7.0,8.0,24.844976,2.0,31.0,4.0,1.0,1.0,55.666523,43.229557,4.0,3.0,0.0,73.93736,0.0
-9.0,210.96996,-9.0,74.34369,16.777046,3.0,3.2781904,65.738594,2.0,-9.0,2.0,21.0,3.0,17.928078,0.0,1.0,1.0,18.696459,48.944263,4.0,1.0,0.0,60.0,0.0
83.0,261.1687,2.0,64.409454,43.62019,1.0,0.0,100.0,36.60678,6.0,4.0,43.37661,3.0,18.0,2.0,1.0,1.0,8.0,-8.0,3.0,2.0,0.0,33.0,0.0
70.94079,359.1231,6.0,107.978386,38.08508,0.0,0.0,92.0,12.296305,6.0,6.0,40.817703,2.0,76.63024,-8.0,0.0,1.0,53.017075,75.75244,4.0,2.0,1.0,100.0,0.0
84.487076,170.66008,5.0,84.28215,18.0,0.0,0.0,100.0,-7.0,7.0,8.0,18.914713,2.0,18.624796,1.0,2.0,2.0,14.116492,-8.0,3.0,1.0,0.0,39.02732,0.0
65.0,170.00662,6.0,72.0,28.0,1.0,0.4288834,85.01391,38.30755,6.0,4.5308857,31.0,2.0,42.807915,1.0,1.0,1.0,62.02988,81.1057,5.0,6.733995,2.8613803,88.0,0.0
72.0,344.15802,1.0,116.65809,35.6118,0.0,0.0,97.0,71.74783,6.0,6.0,42.29427,6.0,35.0,8.471077,1.0,1.0,43.733162,80.42735,22.332373,2.0,2.3870616,86.0,0.0
86.0,200.68094,5.0,119.473076,17.0,0.0,0.0,100.0,-7.0,7.0,8.0,21.753384,2.0,-5.059154,0.0,0.0,0.0,0.0,-8.0,2.0,-8.0,0.0,13.691687,0.0
75.0,316.08636,4.0,106.277405,28.0,0.0,0.0,94.0,4.0,6.0,6.0,30.0,2.0,21.0,-7.5994744,0.0,0.0,20.325256,-8.0,5.0,1.0,0.13349654,98.51429,0.0
87.0,152.1099,4.0,63.0,27.0,0.0,0.0,100.0,-7.0,7.0,8.0,22.0,6.0,28.0,0.0,1.0,1.0,9.0,20.703611,2.2239053,2.0,0.0,71.66639,0.0
87.0,253.80588,4.0,126.99633,32.56793,0.0,0.0,100.0,-7.0,7.0,8.0,6.7374187,3.0,14.0,-7.0,2.0,1.9002402,7.0,-8.0,4.0,-8.467902,0.0,43.0,0.0
82.0,36.10772,7.0,39.63292,11.337184,0.0,0.0,100.0,-7.0,7.0,8.0,8.491474,1.0,31.38652,9.0,0.0,0.0,11.93759,81.49612,2.0,2.0,0.0,60.0,0.0
82.097694,199.43085,27.347952,71.0,-9.0,0.0,0.0,100.0,-7.0,7.0,8.0,5.296944,0.0,13.0,-8.0,0.0,0.0,0.9997215,-8.0,1.0,1.0,0.0,50.0,0.0
66.0,330.03558,3.0,176.62775,25.0,0.0,0.0,95.0,2.8312957,-6.1633687,6.0,34.263134,2.0,8.295535,11.164147,2.0,2.0,40.981026,31.40575,9.114393,2.0,0.0,80.82478,0.0
85.0,-8.932382,8.0,77.478004,21.0,0.0,0.0,100.0,-7.0,7.0,8.0,3.983062,3.0,25.082058,0.0,0.0,0.0,11.0,82.0,2.0,3.0,0.0,50.0,0.0
71.0,153.06805,9.0,84.04837,20.0,0.0,0.0,89.84244,-7.0,4.0,6.0,23.914995,1.0,66.1478,-7.0,0.0,0.0,16.0,89.248505,2.0,3.0,0.0,57.0,0.0
61.326283,196.12569,6.0,74.0,25.0,1.0,0.0,89.0,37.80228,4.1415176,5.0,26.0,1.0,50.0,3.0,1.0,1.0,75.12661,86.77869,6.0,3.0,5.2095923,89.91245,0.0
77.0,101.93412,4.0,56.12485,40.826782,0.0,0.0,100.0,-7.0,7.0,8.0,15.0,4.0,16.0,0.0,1.0,1.8025804,4.0,66.81339,4.0,2.0,0.0,38.59599,0.0
87.0,167.98764,6.590599,89.60081,20.859299,0.0,0.0,100.0,-7.0,7.0,8.0,23.0,2.0,2.0391545,1.0,2.0,1.456378,18.196394,-8.0,1.0,-8.0,0.0,31.948988,0.0
82.0,231.20091,4.0,77.80751,20.0,0.0,0.0,100.0,-7.0,7.0,8.0,17.347044,2.0,19.0,1.0,1.0,1.0,20.956835,-8.0,1.0,-8.0,0.0,43.0,0.0
84.0,237.38249,3.0,108.45154,30.0,0.0,0.0,100.0,-7.0,7.0,8.0,31.260366,1.0,46.060055,0.0,1.0,1.0,14.623884,91.26116,2.0,3.0,1.0,50.0,0.0
78.0,176.49942,20.0,93.0,15.0,0.0,0.0,100.0,-7.0,7.0,8.0,16.841003,0.0,32.739952,0.0,2.0,2.0,50.39911,-8.0,3.0,2.0,1.0,68.53209,0.0
70.0,32.620342,2.0,25.044846,11.744695,1.0,0.0,85.99327,34.46573,6.0,5.0,13.0,2.0,20.0,-7.0,0.0,0.0,33.77221,30.8105,4.0,2.0,0.0,68.29109,0.0
70.0,32.530083,3.0,62.71691,28.0,0.0,0.0,100.0,-7.0,7.0,8.0,10.0,3.0,39.0,0.0,4.9635377,4.6903224,34.376484,83.68535,8.023078,3.913054,1.0,67.0,0.0
68.0,149.99095,12.0,61.0,22.0,0.0,0.0,90.6663,63.360153,6.0,6.0,32.0,0.0,27.0,2.0,2.6177425,2.0,93.01481,84.11443,1.0,3.0,1.0,57.0,0.0
74.0,167.82298,3.0,81.7635,45.721798,0.0,0.0,100.0,-7.0,7.0,8.0,25.37713,5.0,29.0,0.0,2.0,2.0,13.203683,36.04056,7.0,2.0,0.0,53.087765,0.0
77.0,250.45447,6.0,81.44312,14.0,0.0,0.0,100.0,-7.0,7.0,8.0,14.87731,3.0,47.0,0.0,2.5723295,2.0,44.03352,46.082325,2.0,2.0,1.0,59.824406,0.0
75.0,35.453526,13.424044,63.99285,13.60705,0.0,0.0,83.5921,28.485432,6.0,6.0,14.0,0.0,35.0,9.266062,0.0,0.0,12.571859,54.285637,4.0,2.0,0.0,57.0,0.0
80.0,389.78897,21.85409,125.55444,27.0,0.0,0.0,83.135864,47.71298,6.0,6.0,35.0,0.0,46.0,-8.0,0.0,0.0,13.0,62.02786,4.0,3.0,0.0,80.0,0.0
86.9806,240.15877,8.0,99.82355,27.0,0.0,0.0,100.0,-7.0,4.008873,6.0,25.0,2.0,46.169945,13.079272,0.0,0.0,3.0,88.0,2.0,2.0,0.0,54.68048,0.0
78.0,90.45362,1.0,73.99958,15.610083,0.0,0.0,97.59168,12.723934,6.0,6.0,16.0,3.0,35.986187,7.0,0.0,0.0,26.213728,82.7265,1.0,2.0,0.0,81.04949,0.0
74.0,152.71364,22.040663,84.79431,-9.0,0.0,0.0,85.60329,37.371437,6.0,6.0,3.996367,0.0,59.73725,0.0,2.0,1.0,64.19448,-8.0,1.0,1.0,0.0,100.0,0.0
88.0,209.54227,2.5617695,86.29418,21.0,0.0,0.0,100.0,-7.0,7.0,8.0,25.0,1.0,16.956223,-7.0,1.0,1.0,3.0,-8.0,4.0,1.0,0.0,40.977657,0.0
74.0,149.31819,0.72078985,45.801342,29.0,0.0,0.0,94.0,31.374176,6.0,6.0,33.0,4.0,50.216858,0.0,1.0,1.0,4.000542,93.0,3.0,2.4565403,2.0,46.119507,0.0
87.0,199.63702,2.0,82.28117,25.364481,0.0,0.0,100.0,-7.0,7.0,8.0,34.0,4.0,29.01651,8.890582,1.0,1.0,1.0,-8.0,1.0,1.0,0.0,22.037935,0.0
77.495964,259.6747,7.0,76.045944,31.073698,0.0,0.0,100.0,-7.0,7.0,8.0,21.464094,1.0,24.0,16.15334,0.0,0.0,4.0,89.245056,2.0,4.0,0.0,44.0,0.0
76.08881,243.28201,2.0,71.0,15.0,2.0,0.0,75.67279,50.192905,6.0,5.0,19.0,3.0,24.0,0.90530133,3.9249754,3.7552972,4.0705028,59.76175,2.0,2.0,0.0,51.689724,0.0
75.0,464.85825,6.0,96.26642,24.0,0.0,0.0,100.0,-7.0,7.0,8.0,28.0,2.0,23.0,0.0,1.0,0.0,45.57614,99.4692,4.0,2.0,1.0,41.95298,0.0
89.0,196.31073,5.0,118.500626,21.0,0.0,0.0,100.0,-7.0,7.0,8.0,19.51958,1.0,20.0,4.0,2.0,1.9761511,1.5933192,-8.0,4.0,1.0,0.0,43.0,0.0
75.0,186.73308,6.0,72.0,21.0,0.0,0.0,100.0,-7.0,7.0,8.0,21.0,1.0,49.606503,0.0,0.0,0.0,48.757023,99.55134,5.0,2.0,1.0,83.0,0.0
80.708725,343.2411,2.0,91.67827,37.74697,0.0,0.0,100.0,-7.0,7.0,8.0,33.0,3.0,36.530876,2.0,0.0,0.0,8.0,59.936314,9.295632,4.0,0.0,82.879814,0.0
87.0,241.31439,20.415037,115.43174,-5.0315437,0.0,0.0,100.0,-7.0,7.0,8.0,9.0,0.0,32.221268,7.0,0.0,0.0,8.914695,-8.0,3.0,-8.0,0.0,100.0,0.0
87.04391,78.83784,4.0,81.0,17.0,0.0,0.0,100.0,-7.0,7.0,8.0,-9.0,2.0,26.585758,0.0,0.0,0.0,2.0,74.08514,2.0,2.0,0.0,56.0,0.0
63.826756,45.119522,2.0,54.453575,17.0,1.0,1.0,89.0,13.27932,6.0,5.0,18.0,4.0,9.842585,0.0,2.0,1.4928325,14.0,100.0,5.0,1.3605504,0.0,50.0,0.0
81.0,308.94916,13.0,88.473976,28.0,0.0,0.0,100.0,-7.0,7.0,8.0,28.339476,0.0,45.872536,0.0,0.0,0.0,40.986214,77.50225,5.0,4.0,1.0253068,73.11862,0.0
72.309975,184.73694,2.0,81.20991,26.0,0.0,0.0,90.42677,8.63882,6.0,6.0,29.41362,2.0,20.0,1.0,1.0,1.079403,26.3751,-8.0,5.8464565,1.0,1.0,47.837105,0.0
76.0,191.74156,8.0,59.89801,8.0,0.0,0.0,100.0,-7.0,7.0,8.0,8.932814,0.0,46.0,9.110155,1.6445616,1.0,43.299896,36.018124,2.0,2.0,1.0,45.997906,0.0
87.0,219.97516,9.0,76.59288,20.0,0.0,0.0,100.0,-7.0,7.0,8.0,23.0,2.0,33.0,-7.247588,0.0,0.0,8.0,-8.0,2.0,1.0,0.0,46.289516,0.0
73.0,317.1554,5.0,102.92759,33.0,3.0,1.0,86.320984,46.794094,6.0,2.1173122,44.20456,1.0,29.0,-7.0,4.9903026,4.0627546,11.35532,88.329414,4.5627117,3.0,1.0,40.473328,0.0
81.0,370.90076,3.0,77.291885,20.0,0.0,0.0,100.0,-7.0,7.0,8.0,18.0,2.0,44.0,0.0,0.0,0.0,12.702748,95.36135,4.0,4.0,1.0,67.0,0.0
72.0,269.8411,33.26538,130.14505,17.0,0.0,0.0,100.0,-7.0,7.0,8.0,18.907667,0.0,22.0,-7.0,0.0,0.0,84.749886,-8.0,3.079616,1.0,3.0,90.90024,0.0
84.0,418.61148,1.0,157.56174,45.203964,0.0,0.0,100.0,-7.0,7.0,8.0,47.196796,2.0,27.274258,-7.0,5.0,4.0,4.0,7.8142295,5.82881,21.323282,0.0,56.0,0.0
77.0,140.24254,2.0,70.0,34.0,0.0,0.0,100.0,-7.0,7.0,8.0,42.758278,2.0,26.000303,3.0,3.0,2.0,28.0,72.57966,5.0,2.0,1.0,50.0,0.0
81.0,140.0472,4.0,42.59645,27.484684,0.0,0.0,100.0,-7.0,7.0,8.0,33.0,3.0,20.0,1.0,1.0,1.0,38.672993,76.0,3.0,2.0,1.0,75.0,0.0
65.0,197.56151,29.40277,108.83141,17.0,2.0,0.0,60.92726,12.482326,6.0,5.9281597,15.499584,0.0,51.39884,0.0,3.0,3.0,36.0,-8.0,2.0,1.0,2.2164614,43.647736,0.0
90.0,208.66312,10.0,100.09707,19.0,0.0,0.0,100.0,-7.0,7.0,8.0,19.398611,1.0,0.0,9.3659935,0.0,0.0,1.0,15.619852,1.0,2.0,0.0,-9.0,0.0
71.0,182.95895,13.0,74.0,21.0,0.0,0.0,89.73436,13.492235,6.0,6.0,23.0,0.0,67.412766,0.0,0.0,0.0,23.03911,82.0,1.0,3.0,0.0,89.18007,0.0
75.0,156.43079,7.0,63.0,17.797058,0.0,0.0,88.0,37.23805,6.0,6.0,20.0,2.0,43.0,-7.0,1.0,1.0,21.060888,88.45714,4.0,2.0,0.0,64.0,0.0
82.0,340.4203,4.0,110.63584,10.0,1.0,0.0,90.26319,28.278116,6.0,3.0,12.451599,1.0,41.0,-7.0,1.0,1.0,0.0,57.782528,2.0,1.0,0.0,56.0,0.0
69.0,313.9977,23.43029,93.50802,14.0,1.0,0.0,89.0,7.6935887,5.4829884,5.0,19.604431,0.0,37.46824,0.0,1.0,1.0,42.755875,-8.0,5.0,2.0,0.0,80.0,0.0
85.0,235.57735,3.0,132.15163,30.130285,0.0,0.0,100.0,-7.0,6.0,8.0,36.646725,1.0,23.254187,1.0,2.0,3.0,10.0,111.789215,4.0,2.0,0.0,38.0,0.0
74.236496,226.35771,3.0,72.812675,50.80158,0.0,0.0,100.0,-7.0,7.0,8.0,63.25994,4.0,26.0,-7.0,2.0,2.0,26.017052,-8.0,10.98044,3.0,2.0,56.225216,0.0
84.0,254.02933,8.0,154.24217,22.0,0.0,0.0,97.0,27.74538,6.0,6.0,22.0,1.0,25.0,0.0,0.0,0.0,0.08898931,-8.0,2.0,1.0,0.0,57.0,0.0
76.12093,108.42747,4.0,41.368427,-4.8168087,0.0,0.0,100.0,-7.0,7.0,8.0,8.0,2.0,70.50889,-7.0,0.0,0.0,28.272224,49.689625,1.0,2.0,0.0,75.0,0.0
73.0,205.46083,11.0,70.01906,34.140995,0.0,0.0,100.0,-7.0,7.0,8.0,42.58096,0.0,41.0,0.0,0.0,0.0,54.23323,-8.0,2.0,2.0,0.0,50.0,0.0
70.0,333.61868,6.0,71.0,22.429161,1.0,1.0,100.0,-7.0,7.0,8.0,35.0,3.0,14.0,0.0,0.0,0.0,0.0,-8.0,2.0,-8.0,0.0,10.240623,0.0
83.0,180.16089,7.738182,72.608185,29.422522,0.0,0.0,100.0,-7.0,7.0,8.0,21.0,1.0,-9.0,9.0,0.0,0.0,2.0,-8.0,3.0,1.0,0.0,30.25189,0.0
74.0,219.76831,12.072776,76.0,24.263168,0.0,0.0,100.0,-7.0,7.0,8.0,26.72164,2.0,31.9282,0.0,0.0,0.0,45.719513,76.0,3.0,4.0,2.0,64.0,0.0
84.0,220.83224,11.0,109.30995,39.0,0.0,0.0,100.0,-7.0,7.0,8.0,42.478867,0.0,22.0,-7.0,0.0,0.0,19.290663,48.20904,3.0,2.0,0.0,33.0,0.0
65.0,105.280876,2.0,57.999783,16.0,3.0,3.3507984,100.0,-7.0,6.0,8.0,17.180264,3.0,33.0,0.0,3.0,3.0,26.104282,-8.0,5.0,2.0,0.0,72.57483,0.0
-9.0,-9.0,-9.0,1.4595187,-9.0,-9.0,-9.0,-9.0,-9.0,-9.0,-9.0,-9.0,-9.0,-9.0,-9.0,-9.0,-9.0,-9.0,-9.0,-9.0,-9.0,-9.0,-9.0,0.0
80.23616,341.88385,6.0,98.121086,23.0,0.0,0.0,95.0,-0.22335845,4.0,6.0,27.27567,2.0,22.0,23.8676,0.0,0.0,2.0,39.714993,1.0,2.0,0.0,17.700857,0.0
57.095383,219.53015,4.0,64.45584,25.0,0.0,0.0,86.62107,22.458302,6.0,6.0,33.0,3.0,45.41369,0.0,0.0,0.0,28.0,-8.0,5.0,3.0,0.0,75.0,0.0
88.0,216.49545,21.617914,107.59125,24.0,0.0,0.0,100.0,-7.0,7.0,8.0,23.0,0.0,29.0,0.0,4.0,3.4591386,3.0,-8.0,2.0,1.0,0.0,30.014235,0.0
89.59913,371.15488,34.847477,96.953064,24.016043,0.0,0.0,100.0,-7.0,7.0,8.0,29.0,0.0,20.397472,0.0,1.0,0.0,4.0,-8.0,4.0,2.0,0.0,40.0,0.0
72.54276,159.19101,4.0,103.00184,18.211693,0.0,0.0,100.0,-7.0,7.0,8.0,13.0,3.0,33.0,0.0,1.0,1.0,43.036346,71.0,5.0499144,4.0,3.0,100.0,0.0
91.0,283.1244,13.429456,97.35754,16.0,0.0,0.0,100.0,-7.0,7.0,8.0,20.295698,0.0,20.0,9.416167,0.0,0.0,5.208849,-8.0,3.0,-8.0,0.0,43.595886,0.0
73.71487,116.14394,9.0,61.8147,14.0,0.0,0.0,100.0,-7.0,7.0,8.0,12.0,1.0,50.0,0.0,0.0,0.0,68.881256,76.0,2.0,5.0,0.0,80.0,0.0
62.0,176.56956,6.0,80.8813,26.0,0.0,0.0,88.0,3.0,5.0,6.0,25.0,1.0,37.0,0.0,1.0,1.0,67.64676,-8.0,4.0,2.0,1.0,83.0,0.0
59.965412,303.11087,2.0,93.0,43.725933,1.0,0.0,92.0,6.0,0.63760585,5.9768643,73.89925,3.0,25.026793,7.3420424,3.0,3.0,61.88485,75.077675,20.592234,4.0,4.079092,83.0,0.0
77.0,81.61733,1.0,31.095955,18.019464,0.0,0.0,100.0,-7.0,7.0,8.0,21.0,5.0,37.0,1.0,2.0,2.0,13.0,82.70355,2.0,3.0,0.0,50.0,0.0
66.0,419.8918,10.945536,101.39782,25.471283,1.0,1.0,84.814064,6.0,4.0,3.0,28.0,0.0,20.0,4.0,0.0,0.0,13.407545,-8.0,9.0,1.0,1.0,64.92469,0.0
56.115055,170.68065,3.5248747,73.75931,14.0,3.0,2.713373,78.48926,4.9349127,-9.0,6.0,18.0,1.0,74.50379,11.316642,1.0,0.0,1.0,56.86055,1.0,4.0,0.93136513,99.49004,0.0
-9.0,-9.0,-9.0,-9.0,-9.0,-9.0,-9.0,-9.0,-9.0,-9.0,-9.0,-9.0,-9.0,-9.0,-9.0,-9.0,-9.0,-9.0,-9.0,-9.0,-9.0,-9.0,-9.0,0.0
79.101234,68.89233,5.0,63.341255,20.0,0.0,0.0,100.0,-7.0,7.0,8.0,2.2151227,1.0,24.0,12.732659,0.0,0.0,14.70542,-8.0,3.0,2.0,1.0,61.100464,0.0
85.33166,268.6811,3.0,74.27461,28.0,0.0,0.0,100.0,-7.0,7.0,8.0,28.0,3.0,23.0,0.0,2.0,2.0,2.5207489,66.775734,5.0,2.0,0.0,43.0,0.0
71.0,76.675896,10.450833,49.583427,6.0,0.0,0.0,100.0,-7.0,6.0,8.0,11.0,2.0,22.30518,3.0,0.0,0.0,21.179644,-8.0,1.0,1.0,0.22941801,38.0,0.0
86.0,170.25171,4.0,79.0,27.0,0.0,0.0,100.0,-7.0,7.0,8.0,27.0,2.0,37.0,10.891256,1.0,0.0,1.0,-8.0,3.0,2.0,0.0,57.0,0.0
80.44424,375.29886,3.0,105.30638,20.0,0.0,0.0,94.0,26.132797,6.0,6.0,24.0,3.0,46.0,0.0,3.0,3.2403865,17.337875,51.04365,3.0,2.0,0.0,75.0,0.0
88.0,376.05093,41.30375,278.9001,18.0,0.0,0.0,100.0,-7.0,7.0,8.0,19.0,0.0,29.0,-7.0,3.0,3.843546,1.0,-8.0,3.0,-8.0,0.0,50.0,0.0
79.0,176.6956,3.0,80.0,26.505033,0.0,0.0,95.0,59.929344,6.0,6.0,41.950714,3.0,36.0,0.0,0.0,0.0,25.0,-8.0,5.0,1.0,0.0,100.0,0.0
-9.0,-9.0,-9.0,-9.0,-9.0,-9.0,-9.0,-9.0,-9.0,-9.0,-9.0,-9.0,-9.0,-9.0,-9.0,-9.0,-9.0,-9.0,-9.0,-9.0,-9.0,-9.0,-9.0,0.0
74.66502,297.59586,4.0,81.0,28.33058,2.0,0.0,95.0,26.479952,6.0,4.0,28.0,2.0,52.614616,0.0,2.0,2.0,8.070843,48.486702,4.0,2.0,0.0,50.0,0.0
83.0,165.89157,20.0,71.0,13.940612,0.0,0.0,100.0,-7.0,7.0,8.0,11.184913,0.0,6.7384324,3.4553545,0.0,0.0,6.7372227,-8.0,4.0,1.0,0.0,91.8794,0.0
63.0,322.8292,22.3172,190.21013,20.0,0.0,0.0,84.60286,11.317059,5.3885074,6.0,18.0,0.0,27.0,14.208554,0.0,0.0,42.172695,48.85236,9.0,2.0,4.5587964,80.0,0.0
75.3123,179.11264,3.0,96.33889,45.221798,0.0,0.0,100.0,-7.0,7.0,8.0,47.35384,6.0,36.36903,0.0,0.0,0.0,23.606417,-3.0129857,7.0,5.0,0.0,75.09169,0.0
-9.0,-9.0,-9.0,-9.0,-9.0,-9.0,-9.0,-9.0,-9.0,-9.0,-9.0,-9.0,-9.0,-9.0,-9.0,-9.0,-9.0,-9.0,-9.0,-9.0,-9.0,-9.0,-9.0,0.0
66.5386,188.47684,5.0,67.0,18.0,2.0,2.0,100.0,-7.0,0.0,8.0,17.377054,4.0,18.0,8.0,0.0,0.0,23.757538,45.126137,4.0,2.0,1.0,70.314766,0.0
-9.0,-9.0,-9.0,-9.0,-9.0,-9.0,-9.0,-9.0,-9.0,-9.0,-9.0,-9.0,-9.0,-9.0,-9.0,-9.0,-9.0,-9.0,-9.0,-9.0,-9.0,-9.0,-9.0,0.0
77.0,208.53902,1.0,74.0,16.0,0.0,0.0,100.0,-7.0,7.0,8.0,20.0,2.0,38.0,0.0,6.78457,6.7225356,27.498936,88.0,4.0,2.0,1.0,50.0,0.0
74.0,62.98165,5.0,86.862755,12.0,2.0,2.0,88.669846,71.594,6.0,5.0,7.0,2.0,46.0,-7.0,0.0,0.0,11.0,-8.0,1.0,1.0,0.0,100.0,0.0
68.0,264.31247,3.0,120.1664,21.0,0.0,0.0,100.0,-7.0,7.0,8.0,25.0,1.0,22.0,4.0,3.077881,3.0,55.329575,37.913357,8.0,3.0,4.0,81.242294,0.0
72.15892,161.82104,16.65439,80.0,16.604662,0.0,0.0,89.775475,-7.0,0.9861214,6.0,13.878228,0.0,24.0,-7.0,0.0,0.0,43.641697,-8.0,4.0,1.0,0.0,71.0,0.0
55.243023,143.63252,13.0,81.11289,25.0,3.0,3.1990402,86.60809,10.732904,4.0,2.0,27.0,0.0,31.675333,0.0,1.0,1.0,75.84965,78.13121,9.929148,2.0,4.0,91.05872,0.0
76.0,95.32532,2.0,63.0,22.0,1.0,0.8746334,100.0,-7.0,7.0,8.0,27.0,1.0,27.263025,0.0,0.0,0.0,6.0,68.556404,3.0,2.0,0.0,50.0,0.0
85.383125,286.6527,38.45857,109.29339,24.0,0.0,0.0,100.0,-7.0,7.0,8.0,31.0,0.0,44.958527,0.0,0.0,0.0,28.0,-8.0,4.0,1.0,0.0,60.0,0.0
70.0,150.36646,11.0,66.51984,13.0,0.0,0.0,94.0,46.501404,6.0,6.0,23.0,1.040373,32.0,0.0,3.0,3.0,46.650185,-8.0,3.0,-8.0,2.0,96.61845,0.0
68.0,182.99522,2.0,61.230885,20.550356,0.0,0.0,100.0,-7.0,7.0,8.0,23.794998,3.0,40.0,0.0,4.0,3.9803596,72.63861,-8.0,5.0,4.0,4.911892,100.0,0.0
75.0,166.04977,3.0,69.90554,19.0,0.0,0.0,100.0,-7.0,7.0,8.0,25.0,5.744566,26.0,0.0,5.0,4.0,27.4865,80.0,5.0,4.0,1.0,57.0,0.0
92.0087,372.1478,29.82532,107.07394,26.0,0.0,0.0,100.0,-7.0,7.0,8.0,26.0,0.0,20.0,-8.0,0.0,0.0,2.0,-8.0,1.0,1.0,0.0,29.90898,0.0
70.0,166.49449,3.0,63.0,16.466307,1.0,1.0,100.0,-7.0,7.0,8.0,20.130562,3.0,22.0,0.0,2.0,2.0,20.228828,-8.0,4.624301,1.0,0.0,56.0,0.0
62.0,153.66101,7.0,83.0,20.203457,0.0,0.0,79.60681,-7.0,-0.82603157,5.0,9.0,1.0,57.113667,0.0,0.0,0.0,28.273855,73.261925,4.0,5.0,0.0,75.0,0.0
75.50861,214.12221,50.835052,176.67651,9.0,0.0,0.0,100.0,-7.0,7.0,8.0,10.523545,0.0,-3.753192,0.0,2.0,2.0,37.566044,-8.0,2.0,-8.0,0.0,50.0,0.0
75.0,157.7822,5.0,91.887634,15.101608,0.0,0.0,100.0,-7.0,7.0,8.0,19.0,0.0,21.0,0.0,0.0,0.0,67.20598,78.85439,4.0,1.0,0.0,80.0,0.0
69.63017,299.87827,3.0,111.29881,16.0,1.0,1.0,89.88003,11.326042,6.0,2.9626162,18.0,2.0,19.0,0.0,2.0,2.0,64.541855,-8.0,2.0,1.0,2.426305,37.171524,0.0
76.02213,143.55,28.21149,94.58374,8.997973,0.0,0.0,100.0,-7.0,7.0,8.0,11.0,0.0,28.0,1.0,1.0,0.0,74.109924,-8.0,1.0,2.0,1.0,100.0,0.0
82.0,500.42215,3.0,136.10757,25.0,2.0,0.0,90.48547,39.648945,6.0,2.0,25.140665,2.0,22.458529,0.0,3.0,3.0,1.5424706,71.87343,3.0,2.2008843,0.0,38.0,0.0
69.0,268.15802,18.925053,86.0,18.071,0.0,0.0,88.0,6.0,6.0,6.0,18.0,0.0,22.14229,-7.0,0.0,0.0,53.374767,-8.0,4.0,-8.0,4.0,50.0,0.0
72.0,281.18195,26.29623,95.81635,9.0,1.0,1.0,76.11221,34.68197,6.0,5.0,10.0,0.0,54.617268,0.0,0.0,0.0,11.962926,-8.0,2.0,1.0,-8.0,83.0,0.0
70.0,117.98368,4.0,49.018627,22.0,0.0,0.0,100.0,-7.0,7.0,8.0,22.0,2.0,33.0,-8.0,0.0,0.0,68.69648,81.80054,4.0,2.0,3.0,88.44389,0.0
72.569756,146.85088,54.04533,103.28275,11.0,1.0,0.0,92.0,49.187115,6.0,5.0,10.0,0.0,37.0,-7.0,0.0,0.0,48.173264,-8.0,2.0,1.0,1.0,100.0,0.0
67.0,192.13863,9.0,77.310616,43.334488,0.0,0.0,100.0,-7.0,7.0,8.0,44.4532,3.0,20.61687,0.0,2.0,2.0,45.383785,78.64256,9.254737,1.0,3.0,67.0,0.0
89.51464,168.12013,3.0,77.0,22.73418,0.0,0.0,100.0,-7.0,7.0,8.0,30.637796,2.0,52.67233,0.0,0.0,0.0,5.0,-8.0,4.0,2.0,0.0,80.19643,0.0
62.0,264.5928,1.0,77.0,26.042452,1.0,0.0,84.8492,30.660904,6.0,5.0,27.0,3.0,22.0,0.0,4.0698085,4.397924,29.008734,-8.0,4.0,2.0,2.0,56.0,0.0
74.0,431.67892,3.0,127.356674,18.0,0.0,0.0,96.0,-7.0,6.0,6.0,14.985486,1.0,0.0,4.0,0.0,0.0,18.636862,-8.0,7.717994,1.0,1.0,57.805733,0.0
89.7659,140.0628,8.0,103.021416,12.0,0.0,0.0,100.0,-7.0,7.0,8.0,15.0,1.0,14.0,1.0,0.0,0.0,4.298544,-8.0,2.0,-8.0,0.0,52.10255,0.0
83.0,182.30746,17.043089,79.0545,20.0,0.0,0.0,100.0,-7.0,7.0,8.0,20.0,0.0,29.0,0.0,0.0,0.0,0.0,80.0,2.0,1.0,0.0,67.0,0.0
71.0,201.57948,0.5592336,68.14172,33.128048,0.0,0.0,91.371475,14.555918,6.0,6.0,36.431904,4.0,18.89388,0.0,0.0,0.0,13.123936,-8.0,3.0,1.0,1.0,43.0,0.0
78.0,304.3276,3.0,90.74056,25.0,0.0,0.0,94.0,27.735304,6.0,6.0,32.0,2.0,35.946003,0.0,0.46908367,1.0,43.117706,49.247295,4.0,1.0,1.0,69.53275,0.0
77.794464,228.64755,2.0,164.41762,19.040054,1.0,0.0,83.11378,45.82413,6.0,4.0,26.469114,1.0,35.562927,0.0,3.0,3.0,8.0,-8.0,3.0,1.0,0.0,47.58115,0.0
69.25186,313.41867,8.0,74.522736,26.0,0.0,0.0,95.0,74.02098,6.0,6.0,27.0,4.0,68.34277,0.0,0.0,0.0,45.602356,93.0,5.0,4.0,3.702596,71.0,0.0
85.0,227.46661,9.0,93.96799,27.600178,0.0,0.0,100.0,-7.0,7.0,8.0,28.0,1.0,21.208157,1.5699401,0.0,0.0,0.0,-8.0,1.0,1.0,1.0,-9.0,0.0
77.0,147.09763,9.0,54.425293,16.0,0.0,0.0,100.0,-7.0,7.0,8.0,15.0,2.0,36.0,2.2783413,0.0,0.0,57.2492,47.541405,2.0,3.0,0.0,63.77311,0.0
74.0,46.91968,6.0,46.133224,13.0,0.0,0.0,100.0,-7.0,7.0,8.0,14.0,2.0,17.0,2.0,2.0,2.0,33.32492,-8.0,2.0,1.0,0.0,64.0,0.0
83.0,156.07367,3.0,63.992344,21.0,0.0,0.0,100.0,-7.0,7.0,8.0,24.0,2.0,11.0,-7.0,3.0,2.0,1.0,-8.0,2.0,-0.085998915,0.0,26.752525,0.0
69.0,291.6257,10.0,90.0,18.0,1.0,1.0,100.0,-7.0,7.0,8.0,23.0,1.0,19.0,11.185928,0.0,0.0,66.69433,47.170017,6.0,1.0,1.1057467,100.0,0.0
61.003204,269.5778,11.0,65.0,19.0,0.0,0.0,74.71519,42.49051,6.0,6.0,17.0,3.0,19.0,0.94667363,2.0,2.0,46.88228,95.51425,5.0,2.0,2.0,67.0,0.0
78.0,191.31267,6.078164,92.0,44.216595,1.0,0.0,95.0,40.487408,6.0,5.0,40.237526,2.0,38.0,21.746164,0.0,0.0,13.216736,71.0,5.0,2.0,0.0,55.598198,0.0
62.0,150.43004,11.0,43.33738,10.0,2.0,1.0,81.84493,30.830622,6.0,4.0,15.0,2.0,25.0,-7.0,0.0,0.0,61.58569,98.52402,4.0,2.0,3.0,63.14469,0.0
-9.0,271.41376,4.0,97.67977,24.0,3.0,0.0,76.76056,-7.0,4.0,5.0,29.0,2.0,50.0,2.0,2.0,1.0,72.5832,51.475628,7.141616,6.883358,1.0,83.0,0.0
83.0,193.52534,33.33694,99.99372,39.0,0.0,0.0,97.0,25.993681,6.0,6.0,38.0,0.0,36.82922,1.0,1.0,1.0,4.0,-8.0,1.0,2.0,0.0,35.634678,0.0
-9.0,-9.0,-9.0,-9.0,-9.0,-9.0,-9.0,-9.0,-9.0,-9.0,-9.0,-9.0,-9.0,-9.0,-9.0,-9.0,-9.0,-9.0,-9.0,-9.0,-9.0,-9.0,-9.0,0.0
83.0,365.8064,4.0,77.0,26.0,0.0,0.0,100.0,-7.0,7.0,8.0,26.0,4.0,29.497475,3.0,2.0,2.0,4.0684395,94.58011,3.0,3.0,0.0,54.388348,0.0
77.0,380.1896,6.0,77.0,32.179295,0.0,0.0,95.10426,36.570877,6.0,6.0,29.372478,1.0,62.041367,0.0,1.0,1.0,18.0,-8.0,1.0,3.0,0.0,44.0,0.0
65.0,170.19653,2.0,76.0,14.0,3.0,3.9410806,88.0,47.533825,6.0,5.0,12.0,1.0,21.0,0.0,2.0,2.0,69.46013,53.047558,5.0,2.0,0.0,100.0,0.0
74.0,202.10336,11.0,102.14735,17.0,1.0,0.0,77.988846,16.682404,6.0,5.0,20.0,1.0,38.183067,-8.0,0.0,0.0,15.0,-8.0,2.0,1.0,0.0,57.0,0.0
-9.0,-9.0,-9.0,-9.0,-9.0,-9.0,-9.0,-9.0,-9.0,-9.0,-9.0,-9.0,-9.0,-9.0,-9.0,-9.0,-9.0,-9.0,-9.0,-9.0,-9.0,-9.0,-9.0,0.0
79.0,168.6255,8.0,108.33925,24.275808,0.0,0.0,100.0,-7.0,7.0,8.0,23.0,1.0,43.0,1.3495078,2.0,2.0,32.611908,59.048813,4.0,2.0,0.0,90.36383,0.0
87.0,168.2492,28.449705,117.0472,13.0,0.0,0.0,100.0,-7.0,7.0,8.0,19.481676,0.0,24.0,21.250095,0.0,0.0,6.9877267,-8.0,1.0,2.0,0.0,80.0,0.0
86.31673,268.86313,3.0,77.600006,32.675297,0.0,0.0,100.0,-7.0,7.0,8.0,30.0,2.0,31.994486,0.0,3.6853638,3.9984622,2.0783896,99.74734,1.0,2.0,0.0,33.0,0.0
75.85081,241.00446,4.0,75.072136,39.0,0.0,0.0,96.0,53.35688,6.0,6.0,44.79605,2.0,31.0,-7.0,2.0,2.0,4.147099,-8.0,1.0,2.0,0.0,50.0,0.0
79.123276,332.9603,20.513405,116.421814,29.0,0.0,0.0,93.12638,18.850685,6.0,6.0,36.7849,0.0,33.723644,3.0,0.0,0.0,7.6822042,53.461655,3.0,4.0,0.0,75.0,0.0
89.0,168.3728,13.486911,80.0,21.0,0.0,0.0,100.0,-7.0,7.0,8.0,23.0,0.0,25.0,20.244383,0.0,0.0,4.1227083,-8.0,1.0,1.0,0.0,33.43406,0.0
82.76193,153.96896,10.0,60.69378,21.825333,0.0,0.0,95.53117,61.41749,6.0,6.0,19.503645,0.0,28.0,-7.0,0.0,0.0,13.014326,62.077488,6.0,5.0,0.0,71.0,0.0
89.0,395.30457,15.242862,116.632484,20.0,0.0,0.0,100.0,-7.0,7.0,8.0,18.0,0.0,18.0,-8.0,0.0,0.0,0.0,-8.0,0.0,1.0,0.0,-9.0,0.0
73.0,85.495995,7.0,60.390873,28.0,0.0,0.0,100.0,-7.0,7.0,8.0,24.0,1.0,30.909992,0.0,0.0,0.0,37.746365,82.95197,5.0,2.0,0.0,80.0,0.0
73.0,177.28084,11.648978,58.479313,13.0,0.0,0.0,86.53758,3.0,4.902612,6.0,9.68606,0.0,33.0,2.0,0.0,0.0,15.0,78.260185,4.0,2.0,0.0,66.43399,0.0
75.0,208.22333,8.0,79.096725,9.0,2.0,1.0,84.03598,65.25806,6.0,2.0,11.0,1.0,21.150759,0.0,5.346115,5.675368,7.0,-8.0,1.0,1.0,0.0,57.43988,0.0
67.11204,233.16335,1.0,80.45274,38.243473,1.0,0.0,90.0,-7.0,4.0,5.988385,41.2205,2.0,10.491687,-7.0,0.0,0.0,22.772978,36.808514,6.0,2.0,0.0,45.309765,0.0
69.0,266.2938,4.0,71.0,31.856077,0.0,0.0,96.0,53.059845,6.0,6.0,33.72572,2.0,5.2857585,2.0,4.0,3.9405954,46.064354,-8.0,11.0,2.0,2.0,83.84122,0.0
91.96108,276.2425,13.0,116.34261,19.0,0.0,0.0,100.0,-7.0,7.0,8.0,16.0,0.0,-9.0,-7.224642,0.0,0.0,3.0,-8.0,4.0,1.0,0.0,30.410244,0.0
75.090904,140.25087,2.0,67.0,10.0,0.0,0.0,100.0,-7.0,7.0,8.0,9.0,2.0,48.705135,0.0,4.0,4.0,38.33662,-8.0,3.0,2.0,0.0,99.935165,0.0
85.0,286.10516,4.1168866,98.97906,6.7770553,0.0,0.0,100.0,-7.0,7.0,8.0,8.017586,1.0,0.0,0.0,0.0,0.0,2.0,-8.0,3.0,-8.0,0.0,43.0,0.0
69.41368,108.22363,6.0,37.970345,24.0,0.0,0.0,100.0,-7.0,7.0,8.0,26.0,3.0,71.91826,3.0,1.0,1.0,59.20807,83.99307,5.0,4.0,0.0,100.0,0.0
85.0,412.1878,4.0,86.943016,36.693996,0.0,0.0,100.0,-7.0,7.0,8.0,33.473133,2.0,50.0,0.0,1.9529219,1.5646317,1.0,86.50196,2.0,4.0,0.0,63.550804,0.0
75.0,61.006775,4.0,67.0,25.0,0.0,0.0,100.0,-7.0,7.0,8.0,14.0,4.0,17.566122,0.0,1.0,1.0,12.0,28.520294,6.0,2.0,0.0,75.0,0.0
69.0,376.85657,3.0,97.70996,28.0,1.0,0.0,85.1629,46.185936,6.0,5.0,27.0,4.0,36.0,0.0,0.0,0.0,51.49951,-8.0,6.0,2.0,1.0,71.0,0.0
83.0,154.67554,20.912937,76.0,18.0,0.0,0.0,100.0,-7.0,7.0,8.0,19.0,0.0,50.0,-7.0118585,0.0,0.0,19.398611,-8.0,3.0,2.0,0.0,63.0,0.0
70.0,72.41678,3.0,41.356663,17.231277,0.0,0.0,100.0,-7.0,7.0,8.0,19.0,2.0,23.0,0.0,3.0,3.0,59.05656,-8.0,3.0,1.0,2.0,86.0,0.0
81.0,144.04599,11.0,66.56809,39.0,0.0,0.0,100.0,-7.0,7.0,8.0,40.005974,1.0,40.0,-8.0,0.0,0.0,1.0,-8.0,1.0,1.0,0.0,28.022276,0.0
82.0,458.6235,2.7261276,90.0,43.752003,0.0,0.0,100.0,-7.0,7.0,8.0,44.982315,4.0,33.0,0.0,3.0,2.0,5.0,65.46093,5.0,5.0,0.0,56.0,0.0
72.0,-8.345261,5.0,45.201836,37.41226,0.0,0.0,94.0,11.742774,6.0,5.8576713,42.985767,2.0,43.0,11.306732,0.0,0.0,19.560709,71.0,3.0,3.0,1.0,37.340107,0.0
91.18842,203.5647,17.25848,116.0567,12.0,0.0,0.0,100.0,-7.0,7.0,8.0,15.0,0.0,24.0,-7.0,0.0,0.0,5.0,-8.0,2.0,-8.0,0.0,60.0,0.0
82.0,323.5375,3.0,101.67279,47.866985,0.0,0.0,100.0,58.155624,6.0,6.0,51.430695,1.0,23.96335,3.477161,2.0,1.0,12.984591,64.95323,6.0,2.409382,0.0,53.892925,0.0
-9.0,-9.0,-9.0,-9.0,-9.0,-9.0,-9.0,-9.0,-9.0,-9.0,-9.0,-9.0,-9.0,-9.0,-9.0,-9.0,-9.0,-9.0,-9.0,-9.0,-9.0,-9.0,-9.0,0.0
76.0,259.39255,7.0,71.53955,41.489075,0.0,0.0,100.0,-7.0,6.0,8.0,38.568897,1.0,11.0,-7.0,0.0,0.0,13.0,-8.0,3.0,-8.0,0.0,24.16079,0.0
85.39689,226.48288,2.0,86.0,23.0,0.0,0.0,93.0,2.0,6.0,6.0,32.0,0.0,24.0,23.562204,0.0,0.0,2.0,-8.0,1.0,1.0,0.0,12.164493,0.0
63.032867,254.80974,8.907102,72.0,21.688368,6.993308,8.034245,75.88715,31.574795,6.0,2.0,28.0,1.0,47.0,0.0,1.0,1.0,61.404358,22.320877,11.0,3.0,0.0,100.0,0.0
90.0,351.7164,28.133116,180.00871,16.0,0.0,0.0,100.0,-7.0,7.0,8.0,21.0,0.0,20.0,0.0,0.0,0.0,1.0,15.059826,1.0,1.0,0.0,21.41711,0.0
83.0,182.19312,-9.0,74.0,10.0,0.0,0.0,100.0,-7.0,7.0,8.0,12.0,3.0,23.0,0.0,6.451363,6.1628623,14.0,70.64115,2.0,3.0,0.0,80.0,0.0
87.0,371.05106,2.0,142.45793,15.0,0.0,0.0,100.0,-7.0,7.0,8.0,17.0,1.0,33.0,4.0,1.0,1.0,10.352888,95.89268,2.112289,2.0,0.0,57.0,0.0
77.0,187.50026,7.0,76.0,28.0,0.0,0.0,96.0,36.44803,6.0,6.0,41.03081,2.0,50.0,7.0,2.0,2.0,26.982424,95.67926,2.3000422,3.0,2.0,56.236404,0.0
86.51476,162.87546,6.0,94.0,21.0,0.0,0.0,100.0,-7.0,7.0,8.0,26.659485,3.0,28.0,2.0,2.0,1.0,8.0,61.985317,1.0,2.0,0.0,24.655178,0.0
74.0,131.91524,9.0,55.078197,12.982674,0.0,0.0,100.0,-7.0,7.0,8.0,14.0,2.0,29.0,6.0,0.0,0.0,36.82663,82.52368,2.0,3.0,1.0,63.0,0.0
79.0,173.04202,6.0,65.276474,25.0,0.0,0.0,100.0,-7.0,7.0,8.0,26.0,3.0,42.0,0.0,0.0,0.0,0.0,76.189095,1.0,4.0,0.0,36.42045,0.0
82.40445,218.76617,12.0,90.23469,24.0,0.0,0.0,100.0,-7.0,7.0,8.0,31.0,0.0,55.67489,-8.0,0.0,0.0,36.41579,-8.0,4.0,2.0,0.0,67.0,0.0
81.0,293.42184,169.85548,202.13942,10.0,0.0,0.0,96.0,-7.0,4.0,6.0,19.0,0.0,13.0,23.83992,0.0,0.0,14.137094,-8.0,6.0,-8.0,0.0,98.62961,0.0
85.0,170.11641,10.0,119.44127,20.0,0.0,0.0,100.0,-7.0,7.0,8.0,24.0,1.0,42.703316,-8.0,0.0,0.0,29.273518,80.0,3.0,3.0,0.0,75.103455,0.0
73.3451,414.31006,9.0,186.58394,16.0,0.0,0.0,91.31525,25.022083,6.0,6.0,20.0,1.0,31.228918,2.0,0.0,0.0,58.67072,82.0,2.0,2.0,0.0,57.0,0.0
85.0,344.56412,9.0,101.216225,17.0,0.0,0.0,87.92337,24.639315,6.0,6.0,16.0,1.0,37.675484,-3.0600421,1.0,1.0,6.0,-8.0,1.0,1.0,0.0,46.506187,0.0
84.0,257.63028,6.0,102.77236,40.799793,0.0,0.0,100.0,-7.0,6.0,6.0,34.0,1.0,27.931993,0.0,0.0,0.0,2.0,63.292328,5.0,3.0,1.0,44.0,0.0
69.43051,162.76505,3.0,47.39535,15.0,0.0,0.0,94.0,-7.0,0.8203553,6.0,14.0,7.382201,33.415516,8.436387,0.0,0.0,14.0,45.292717,5.0,2.0,0.0,60.0,0.0
83.0,150.5989,16.678572,104.54567,28.787285,0.0,0.0,100.0,-7.0,7.0,8.0,34.0,0.0,45.0,0.0,1.0,1.0,17.0,-8.0,3.0,2.0,0.0,100.0,0.0
61.533295,380.75778,3.0,82.13573,41.75566,0.0,0.0,91.38588,23.137892,6.0,6.0,46.674484,4.0,24.0,0.0,2.0,2.1388652,45.666294,32.7951,12.600558,5.0,5.247536,75.0,0.0
73.0,139.26169,12.0,85.75134,6.0,0.0,0.0,76.33923,28.97852,6.0,6.0,7.0,0.0,28.0,0.0,1.0,1.0,11.01849,97.673935,2.0,2.0,0.0,71.0,0.0
85.0,286.8837,17.989876,120.70431,63.746265,0.0,0.0,100.0,-7.0,7.0,8.0,46.471073,0.0,16.0,1.0,0.0,0.0,5.0,-8.0,6.0,2.0,0.0,50.0,0.0
79.0,145.64355,16.0,61.570114,12.0,0.0,0.0,100.0,-7.0,7.0,8.0,8.516409,0.0,76.97151,0.0,1.0,0.02844055,28.0,59.939587,2.0,2.0,0.0,85.623665,0.0
81.0,155.96796,3.6131146,83.0,36.269463,0.0,0.0,100.0,-7.0,7.0,8.0,37.950714,3.0,26.0,0.0,5.0,4.7958655,10.433968,94.99241,2.0,5.9522123,0.0,50.0,0.0
80.0,79.89561,6.0,86.85805,30.0,0.0,0.0,100.0,-7.0,7.0,8.0,4.1909018,2.0,33.0,0.0,0.0,0.0,13.652126,-4.235533,2.0,3.0,0.0,50.0,0.0
64.0,241.67525,9.0,133.49147,20.169474,1.0,1.0,100.0,-7.0,-9.0,6.0,13.0,2.0,46.0,1.0,1.0,1.0,15.0,-8.0,5.0,1.0,2.0,57.0,0.0
76.0,116.66098,6.0,48.623383,15.0,0.0,0.0,94.0,-7.0,6.0,6.0,15.625036,1.0,67.447845,-7.0,1.0,1.0,23.550764,88.81595,4.0,2.0,0.0,92.05322,0.0
85.0,557.78986,3.0,164.78874,30.983194,0.0,0.0,100.0,-7.0,7.0,8.0,41.368057,1.0,16.0,8.0,1.0,1.0,11.0,34.811375,6.0,2.0,0.0,50.0,0.0
84.180855,197.19206,39.20861,86.14551,15.0,0.0,0.0,100.0,-7.0,7.0,8.0,12.576688,0.0,15.565898,-8.0,0.0,0.0,19.0,-8.0,1.0,-8.0,0.0,22.085466,0.0
83.0,-8.415915,8.0,52.232056,18.851429,0.0,0.0,100.0,-7.0,7.0,8.0,16.0,1.0,43.0,0.0,1.0,1.0,4.0,85.77325,2.0,2.0,0.0,67.0,0.0
69.0,184.29066,11.0,68.71641,27.0,0.0,0.0,100.0,-7.0,6.2697716,8.0,26.0,0.0,47.0,-7.0,0.0,0.0,21.0,-8.0,6.0,2.0,0.0,64.0,0.0
73.47254,205.7926,25.976084,80.762665,15.0,2.0,1.0,78.595764,19.207262,6.0,5.0,21.0,0.0,27.0,0.0,0.0,0.0,14.747608,-8.0,1.0,1.0,0.0,35.910778,0.0
70.0,146.46262,2.0,67.0,36.0,0.0,0.0,95.0,15.1714,4.0,6.0,41.780678,3.0,21.0,0.0,1.0,1.0,19.425514,97.38146,7.0,2.0,1.3373355,68.08498,0.0
79.0,378.16245,7.557788,94.15992,30.0,0.0,0.0,94.0,3.7901187,6.0,6.0,29.0,2.0571473,54.246387,4.0,0.0,0.0,12.771969,76.692276,3.0,2.0,0.0,35.20974,0.0
92.77746,282.0974,37.0403,149.22247,6.019981,0.0,0.0,100.0,-7.0,7.0,8.0,5.339459,0.0,14.0,0.0,0.0,0.0,3.0,-8.0,2.0,1.0,0.0,44.0,0.0
77.0,290.22476,8.0,70.0,25.0,0.0,0.0,100.0,-7.0,7.0,8.0,30.786211,1.0,42.0,0.0,2.0,1.0,6.0,88.0,2.0,2.0,0.0,35.62913,0.0
80.0,426.46588,17.1475,280.95065,18.0,0.0,0.0,100.0,-7.0,7.0,8.0,21.0,0.0,23.563538,0.0,1.0,0.0,59.906334,64.31943,2.0,2.0,0.0,41.64844,0.0
73.0,173.22957,0.95681214,96.240234,14.0,1.0,1.0,93.0,17.24009,4.0,4.0,18.0,3.0,40.0,6.0,5.2162523,5.0,10.2937565,99.673294,4.0,2.0,0.0,71.0,0.0
76.43118,176.62462,3.0,71.661545,19.144026,0.0,0.0,100.0,-7.0,7.0,8.0,22.0,2.0,36.027767,9.9587555,2.0,1.0,23.122099,53.73651,3.0,4.0,3.0,60.0,0.0
74.0,256.61127,27.638153,111.473724,13.0,0.0,0.0,100.0,-7.0,7.0,8.0,17.0,0.0,20.0,-7.0,0.0,0.0,84.84615,-8.0,3.0,1.0,2.0,95.9132,0.0
75.0,80.58154,1.0,54.701782,21.0,0.0,0.0,100.0,-7.0,7.0,8.0,21.0,3.0,47.607666,-7.0,0.0,0.0,43.968014,17.904562,4.0,4.0,0.0,89.27836,0.0
68.255325,104.658905,8.0,52.53177,3.3596623,0.0,0.0,100.0,-7.0,7.0,8.0,3.980347,1.0,59.656006,-7.0,0.0,0.0,60.371716,-8.0,2.0,1.1446372,1.0,100.0,0.0
76.0,227.62563,17.0,145.05281,17.0,0.0,0.0,100.0,-7.0,7.0,8.0,15.0,0.0,27.0,-8.0,0.0,0.0,70.95311,93.34744,5.0,2.0,3.0,100.0,0.0
69.5211,352.81116,21.37755,94.0,16.0,0.0,0.0,94.0,9.240057,6.0,6.0,15.0,0.0,29.66659,0.0,1.0,1.711632,21.0,45.51043,3.0,3.0,1.0,67.0,0.0
71.0,176.73369,2.0,89.57609,20.0,1.0,1.0,92.0,61.91706,6.0,4.7060795,26.0,1.0,33.0,-8.0,1.0,0.0,43.117363,-8.0,4.0,1.0,1.0,56.0,0.0
-9.0,-9.0,-9.0,-9.0,-9.0,-9.0,-9.0,-9.0,-9.0,-9.0,-9.0,-9.0,-9.0,-9.0,-9.0,-9.0,-9.0,-9.0,-9.0,-9.0,-9.0,-9.0,-9.0,0.0
86.0,343.2259,33.592937,277.14026,13.0,0.0,0.0,95.0,52.16497,6.0,6.0,7.7392373,0.0,14.0,7.0,0.0,0.0,0.0,18.767103,2.0,1.0,0.0,46.549286,0.0
87.0,212.70753,9.0,89.25796,73.142654,0.0,0.0,100.0,-7.0,7.0,8.0,93.23677,1.0,24.0,4.0,2.0,2.0,3.0,87.03377,3.0,5.0,0.0,26.35634,0.0
80.0,187.04875,4.0,65.0,25.0,0.0,0.0,100.0,-7.0,7.0,8.0,48.037983,2.0,28.0,0.0,5.617972,5.505251,2.0,-8.0,3.0,2.0,0.0,39.1631,0.0
79.0,159.20418,27.940178,80.0,13.325563,0.0,0.0,90.295364,12.994554,6.0,6.0,24.859331,0.0,56.90636,-7.0,1.0,1.0,18.0,86.2976,1.0,2.0,0.0,78.0,0.0
69.0,172.01135,5.393834,77.0,22.0,0.0,0.0,87.74699,9.912058,6.0,6.0,19.609688,3.0,25.0,0.0,1.0,1.0,25.0,-8.0,5.0,1.0,1.0,50.0,0.0
67.0,441.1455,41.75055,154.12181,37.641205,0.0,0.0,95.0,6.7285924,0.40035444,6.0,37.0,0.0,10.332628,-7.0,0.0,0.0,17.15668,11.788329,9.504391,2.0,0.0,58.0,0.0
85.0,183.83588,8.0,61.105713,15.0,0.0,0.0,100.0,-7.0,7.0,8.0,14.0,1.0,25.0,5.0,0.0,0.0,8.82051,48.60884,1.4075869,2.0,0.0,33.0,0.0
82.0,189.54889,3.0,86.56051,28.0,0.0,0.0,100.0,-7.0,7.0,8.0,30.0,2.0,29.0,4.2561145,2.9107788,2.0,6.0,76.0,4.0,4.0,0.0,77.458336,0.0
82.0,139.81566,3.0,67.07936,13.0,0.0,0.0,100.0,-7.0,7.0,8.0,11.0,2.0,38.0,-8.0,0.0,0.0,24.355438,66.39205,2.0,3.0,0.0,88.0,0.0
90.0,133.10902,2.0,59.72831,5.8932734,0.0,0.0,100.0,-7.0,7.0,8.0,10.0,0.0,10.743659,-7.0,0.0,0.0,1.0,-8.0,1.0,-8.0,0.0,30.619894,0.0
83.0,-8.942005,2.0,45.10057,13.0,0.0,0.0,100.0,-7.0,7.0,8.0,16.648422,2.0,2.202735,0.0,1.0,1.4340146,1.0,-8.0,2.0,-8.0,0.0,38.0,0.0
74.0,286.9247,17.0,91.82551,48.402016,0.0,0.0,100.0,-7.0,7.0,8.0,47.315685,0.0,54.235256,2.0,4.073724,4.0,46.521904,80.0,11.0,3.0,3.0904067,75.0,0.0
72.0,343.43906,8.0,123.83856,25.0,1.0,1.0,97.0,50.368607,6.0,4.0,28.0,1.0,18.0,-7.0,0.0,0.0,67.31616,-8.0,4.0,1.0,1.0,60.0,0.0
77.0,180.28825,8.0,111.25351,21.0,2.0,0.0,89.0,27.113451,6.0,5.0,25.207579,1.0,47.0,0.0,0.0,0.0,14.842772,82.0,4.0,3.7308435,0.0,67.0,0.0
84.0,164.92152,1.0,76.89727,25.0,0.0,0.0,100.0,-7.0,7.0,8.0,24.0,3.0,33.0,0.0,1.0,0.09422331,8.222721,87.23159,5.0,2.0,0.9886222,71.0,0.0
-9.0,-9.0,-9.0,18.567638,-9.0,-9.0,-9.0,-9.0,-9.0,-9.0,-9.0,-9.0,-9.0,-9.0,-9.0,-9.0,-9.0,-9.0,-9.0,-9.0,-9.0,-9.0,-9.0,0.0
75.0,-9.0,5.0,82.0,39.0,0.0,0.0,96.0,23.286213,6.0,6.0,-2.5729165,3.0,39.0,4.0,1.0,0.0,47.069504,16.544464,5.0,2.0,0.0,70.214386,0.0
-9.0,-8.49119,-9.0,-9.0,-9.0,-9.0,-9.0,-9.0,-9.0,-9.0,-9.0,-9.0,-9.0,-9.0,-9.0,-3.0484488,-9.0,-9.0,-9.0,-9.0,-9.0,-9.0,-9.0,0.0
68.0,428.59106,25.567614,118.491615,27.0,2.0,1.0,94.0,51.58588,6.0,5.0359197,31.645302,0.0,60.116077,10.181578,0.0,0.0,78.36259,64.50898,5.0,3.0,2.0,80.0,0.0
-9.0,115.49882,5.0,61.942894,26.0,3.1984527,3.861323,89.0,3.0,0.0,2.0,28.0,2.0,27.0,0.0,2.0,2.0,41.20966,80.190414,10.312007,2.0,4.0,80.0,0.0
66.0,265.4163,7.0,93.589294,14.0,4.591913,5.5287256,88.0,35.067013,6.0,3.0,17.792574,1.0,68.05426,0.0,3.0,2.0,62.30844,84.11641,2.0,2.0,-8.0,97.977165,0.0
75.546486,139.14052,5.0,69.9484,36.595547,0.0,0.0,100.0,-7.0,7.0,8.0,23.0,1.0,61.672523,7.9952435,0.0,0.0,34.46857,51.670837,7.0,4.0,2.0,100.0,0.0
89.0,241.17976,5.0,74.67408,14.74471,0.0,0.0,100.0,-7.0,7.0,8.0,14.0,2.0,28.714928,-8.0,0.0,0.0,2.0,70.18467,2.0,3.0,0.0,50.0,0.0
79.0,307.79492,12.435257,79.32498,32.0,1.0,1.0,100.0,-7.0,7.0,8.0,35.0,0.0,38.0,1.0,0.0,0.0,18.517803,-8.0,2.0,3.0,0.0,38.0,0.0
-9.0,-9.0,-9.0,-9.0,-9.0,-9.0,-9.0,-9.0,-9.0,-9.0,-9.0,-9.0,-9.0,-9.0,-9.0,-9.0,-9.0,-9.0,-9.0,-9.0,-9.0,-9.0,-9.0,0.0
70.0,352.84354,5.0,94.542694,38.72401,1.0,0.0,90.0,10.25886,4.0,5.0,41.078506,3.0,74.87882,1.0,1.0,1.0,17.467682,73.855034,5.0,6.5846357,1.0,91.21238,0.0
84.0,177.06377,4.8388166,57.74403,14.0,0.0,0.0,100.0,-7.0,7.0,8.0,19.0,2.0,65.04519,2.0,0.0,0.0,0.4936939,43.68382,1.0,2.0,0.0,73.0,0.0
66.0,152.10028,36.539364,74.81547,13.0,0.0,0.0,87.05304,17.873287,6.0,6.0,15.0,0.0,38.88182,0.0,1.0,1.0,72.468666,-8.0,4.0,1.0,3.683192,96.32901,0.0
75.110695,108.95598,6.412449,112.95774,12.956434,1.0,1.0,100.0,-7.0,7.0,8.0,4.6660986,1.0,22.42067,0.0,0.0,0.0,10.0,84.03393,4.0,1.0,0.0,86.0,0.0
88.0,199.42839,1.0,90.0,26.0,0.0,0.0,100.0,-7.0,7.0,8.0,26.0,1.0,50.0,0.0,0.0,0.0,7.8542323,78.39892,3.0,2.0,0.0,88.0,0.0
89.69627,241.21489,29.70752,112.93155,10.0,0.0,0.0,100.0,-7.0,7.0,8.0,9.0,0.0,66.03222,21.757444,0.0,0.0,8.0,-8.0,1.0,1.0,0.0,75.0,0.0
59.5297,162.11761,-8.599837,39.772755,36.216145,1.0,0.0,89.0,2.9504776,3.8756285,6.0,49.275253,6.0,52.842136,7.0,0.0,0.0,15.0,71.0,3.0,4.0,1.0,54.275906,0.0
65.80502,199.86633,3.0,56.201725,15.907699,1.0,1.0,97.0,-7.0,-9.0,3.0,20.0,3.0,26.38585,0.0,2.0,1.0,71.83399,-8.0,4.0,1.0,1.0,57.0,0.0
80.0,137.57474,12.0,74.0,24.0,0.0,0.0,100.0,-7.0,7.0,8.0,24.0,0.0,39.0,0.0,14.082341,11.7194,26.054499,-8.0,2.0,1.0,0.0,50.0,0.0
92.372154,226.61508,2.0,162.52403,10.35156,0.0,0.0,100.0,-7.0,7.0,8.0,14.0,1.0,31.0,0.0,0.0,0.0,5.0,-8.0,1.7696629,-8.0,0.0,50.0,0.0
68.0,171.83546,14.140519,69.45415,28.0,1.4146483,1.0,100.0,-7.0,6.0,8.0,27.439955,1.0,14.0,3.8354414,0.0,0.0,41.188747,-8.0,4.0,1.0,1.0,53.789955,0.0
83.0,172.6914,12.0,74.0,30.0,0.0,0.0,100.0,-7.0,7.0,8.0,28.0,0.0,40.0,0.0,1.0,1.0,11.0,-8.0,9.0,2.0,0.0,71.0,0.0
86.55617,132.63861,2.0,62.38357,19.0,0.0,0.0,100.0,-7.0,7.0,8.0,22.77544,3.0,21.0,0.0,1.0,1.0,1.0,30.875238,0.0,2.0,0.0,1.1978004,0.0
83.0,211.31226,3.0,59.0389,29.901834,0.0,0.0,100.0,-7.0,7.0,8.0,28.0,2.0,13.0,0.0,3.0,2.0,6.0,-8.0,5.0,1.0,0.0,50.0,0.0
82.0,89.08577,15.0,68.995636,12.0,0.0,0.0,100.0,-7.0,7.0,8.0,11.183763,0.0,39.0,0.0,1.0,1.0,22.784626,24.435093,3.0,1.0,0.0,75.0,0.0
75.0,374.4341,28.352135,153.40463,16.26156,0.0,0.0,91.167366,12.9791765,6.0,6.0,15.0,0.0,11.128411,-7.0,0.0,0.0,55.87316,-8.0,4.0,1.0,1.0,57.0,0.0
70.39217,137.17822,-6.368285,36.877266,32.0,0.0,0.0,100.0,-7.0,7.0,8.0,37.0,2.0,24.0,4.0,1.0,1.0,41.903206,51.160114,4.0,2.0,1.0,50.0,0.0
68.0,301.50623,7.0,88.98914,13.0,1.0,1.9559807,87.68484,22.069445,5.1364803,4.0,19.0,1.0,44.0,0.0,3.9486754,3.6889565,8.26128,-8.0,1.0,2.0,0.0,42.410545,0.0
89.0,371.2546,33.345234,122.50828,15.0,0.0,0.0,100.0,-7.0,7.0,8.0,15.0,0.0,24.0,0.0,0.0,0.0,1.0,-8.0,3.0,-8.0,0.0,44.126915,0.0
60.14664,234.5618,1.1468742,74.44669,41.818882,2.0,2.0884755,85.631035,18.386425,6.0,2.0,33.188934,3.0,14.8068,0.0,2.0,3.0,59.555984,84.1558,8.839159,3.0,1.0,74.856155,0.0
85.0,173.53778,3.0,92.68509,23.60801,0.0,0.0,100.0,-7.0,7.0,8.0,21.450176,2.0,78.68044,0.0,2.2640586,3.0,17.0,84.041565,4.0,3.0,0.0,83.0,0.0
-9.0,-9.0,-9.0,-9.0,-9.0,-9.0,-9.0,-9.0,-9.0,-9.0,-9.0,-9.0,-9.0,-9.0,-9.0,-0.9106361,-9.0,-9.0,-9.0,-9.0,-9.0,-9.0,-9.0,0.0
73.0,304.1416,16.214235,96.20042,46.504883,0.0,0.0,100.0,-7.0,7.0,8.0,91.56813,0.0,20.0,0.0,4.0,3.9878497,62.04163,81.116936,9.298951,3.0,4.0,73.38127,0.0
75.0036,115.02034,2.0,46.378757,13.206289,0.0,0.0,100.0,-7.0,7.0,8.0,12.846607,2.0,49.365376,1.0,2.0,2.0,73.903946,90.63967,2.0,3.0,1.0,86.0,0.0
65.0,130.63654,8.0,68.720894,17.0,1.0,0.0,85.39961,19.31443,6.0,4.0,5.25879,2.0,29.0,16.0,0.0,0.0,5.0,76.0,3.0,2.0,1.0,43.913486,0.0
-9.0,-9.0,-9.0,-9.0,-9.0,-9.0,-9.0,-9.0,-9.0,-9.0,-9.0,-9.0,-9.0,-9.0,-9.0,-9.0,-9.0,-9.0,-9.0,-9.0,-9.0,-9.0,-9.0,0.0
70.0,162.03185,5.0,58.0,21.754906,0.0,0.0,100.0,-7.0,7.0,8.0,24.0,3.0,47.41569,0.0,3.0,3.126256,52.072834,6.683257,5.0,2.0,1.0,83.0,0.0
-9.0,-9.0,-9.0,-9.0,-9.0,-9.0,-9.0,-9.0,-9.0,-9.0,-9.0,-9.0,-9.0,-9.0,-9.0,-9.0,-9.0,-9.0,-9.0,-9.0,-9.0,-9.0,-9.0,0.0
-9.0,-9.0,-9.0,-9.0,-9.0,-9.0,-9.0,-9.0,-9.0,-9.0,-9.0,-9.0,-9.0,-9.0,-9.0,-9.0,-9.0,-9.0,-9.0,-9.0,-9.0,-9.0,-9.0,0.0
73.0,154.99522,1.0,95.87166,28.0,0.0,0.0,100.0,-7.0,7.0,8.0,16.0,2.0,42.0,0.0,6.770538,5.99029,36.535667,61.940037,4.0,5.0,1.0,63.578888,0.0
82.0,289.2117,8.0,90.0,33.0,0.0,0.0,100.0,-7.0,7.0,8.0,29.922579,1.0,24.406431,12.0,0.0,0.0,3.0,97.020935,7.0,2.0,0.0,67.0,0.0
72.0,240.90103,6.2222605,67.0,37.10918,0.0,0.0,100.0,-7.0,6.0,8.0,41.6721,2.0,41.0,0.0,4.9114375,4.9490952,67.33873,-8.0,6.0,4.0,3.0,78.0,0.0
78.0,107.1568,2.0,67.0,34.81829,0.0,0.0,100.0,-7.0,7.0,8.0,38.0,2.0,30.0,9.839004,0.0,0.0,19.04924,94.882286,7.0,4.0,1.0,50.0,0.0
84.0,172.35411,23.256859,102.787674,9.532092,0.51724046,0.0,89.3511,59.0283,6.0,5.809188,15.0,0.0,36.0,-8.0,0.0,0.0,1.0,-8.0,1.0,1.0,0.0,33.0,0.0
78.0,170.4607,1.8011833,133.47662,17.0,1.0,0.0,94.0,66.28672,6.0,5.0,21.393757,2.0,43.433918,0.0,6.246778,6.7373548,1.0,-8.0,1.0,1.0,0.0,40.0,0.0
89.766205,264.7912,18.784464,143.45006,18.0,0.0,0.0,100.0,-7.0,7.0,8.0,28.0,0.0,50.0,5.0,1.0,0.0,4.650644,-8.0,2.0,1.0,0.0,46.119926,0.0
66.26432,411.3668,11.0,152.24063,32.0,0.0,0.0,94.0,49.596947,6.0,6.0,40.057217,0.0,23.858812,-7.0,0.0,0.0,115.650665,51.53782,8.0,2.0,3.943358,93.63987,0.0
-9.0,-9.0,-9.0,-9.0,-9.0,-9.0,-9.0,-9.0,-9.0,-9.0,-9.0,-9.0,-9.0,-9.0,-9.0,-9.0,-9.0,-9.0,-9.0,-9.0,-9.0,-9.0,-9.0,0.0
76.0,262.6853,10.0,119.115074,27.0,2.855653,3.7009215,95.0,44.018936,6.0,3.0,27.683271,0.0,13.34281,12.956422,0.0,0.0,12.0,48.14501,1.0,2.0,0.0,22.74686,0.0
82.99672,163.10777,15.448711,86.85664,19.0,0.0,0.0,94.0,23.38085,6.0,6.0,21.0,0.0,10.875903,0.0,0.0,0.0,16.39993,-8.0,4.0,-8.0,1.0,44.0,0.0
84.0,278.84888,26.71235,97.0,26.0,0.0,0.0,96.0,8.880495,6.0,6.0,26.153263,0.0,18.0,-8.0,0.0,0.0,16.158459,-8.0,2.0,1.0,0.0,44.657635,0.0
64.86536,276.2865,32.9729,157.85313,11.134647,2.0,2.0,85.339516,2.9224787,4.0,3.0,10.206257,0.0,55.505177,8.059285,1.0,1.0,50.62884,-8.0,2.0,1.0,0.0,100.0,0.0
73.39398,117.92779,3.1574428,64.25057,37.851967,0.0,0.0,100.0,-7.0,7.0,8.0,28.57468,2.0,29.0,-7.0,0.0,0.0,38.131176,100.0,6.0,3.0,1.0,77.47364,0.0
-9.0,-9.0,-9.0,-9.0,-9.0,-9.0,-9.0,-9.0,-9.0,-9.0,-9.0,-9.0,-9.0,-9.0,-9.0,-9.0,-9.0,-9.0,-9.0,-9.0,-9.0,-9.0,-9.0,0.0
80.0,258.14087,2.0,83.05315,48.51539,0.0,0.0,100.0,-7.0,7.0,8.0,63.888756,3.0,20.0,0.0,4.0,3.0,4.0,79.028,4.0,3.0,0.0,53.832287,0.0
91.0,99.6882,10.995447,105.64016,14.908245,0.0,0.0,100.0,-7.0,7.0,8.0,0.013960447,0.0,24.948967,0.0,1.0,1.9804596,1.0,-8.0,0.0,1.0,0.0,33.728245,0.0
-9.0,-9.0,-9.0,-9.0,-9.0,-9.0,-9.0,-9.0,-9.0,-9.0,-9.0,-9.0,-9.0,-9.0,-9.0,-9.0,-9.0,-9.0,-9.0,-9.0,-9.0,-9.0,-9.0,0.0
76.0,280.71445,7.0,86.72714,32.0,0.0,0.0,96.51493,-7.0,-8.764568,6.0,34.0,2.0,7.729141,-7.0,0.0,0.0,6.4796104,-8.0,4.0,2.0,0.0,36.356045,0.0
86.94278,163.66197,2.0,72.0,18.0,0.0,0.0,100.0,-7.0,7.0,8.0,23.0,1.0,38.0,7.0,1.0,1.0,6.0,93.369446,2.0,1.0,0.0,68.6338,0.0
72.0,110.56129,6.0,72.0,22.0,0.0,0.0,100.0,-7.0,7.0,8.0,22.0,4.0,29.0,-8.0,0.0,0.0,66.15728,70.31825,6.0,3.0,1.0,70.37868,0.0
72.60805,115.629776,1.0,61.0,20.0,0.0,0.0,100.0,-7.0,7.0,8.0,29.0,2.0,44.265877,-8.0,0.0,0.0,26.029203,99.827034,5.0,2.0,1.0,75.0,0.0
59.370247,353.84003,6.6220155,89.90801,22.53255,4.573545,1.4141057,73.24077,9.104776,6.0,4.0,37.0,1.0,58.326683,-7.384998,5.0,4.47099,40.95792,69.791084,5.0,3.0,0.0,83.0,0.0
84.0,168.5317,3.5550323,79.0,17.0,0.0,0.0,100.0,-7.0,7.0,8.0,16.0,2.0,25.0,-7.0,0.0,0.0,25.0,51.435566,4.0,2.0,0.0,50.0,0.0
-9.0,114.4345,2.0,32.032646,1.6090049,6.807499,8.564621,100.0,-7.0,7.0,8.0,10.178987,2.0,32.431843,0.0,1.0,1.0,59.305466,83.59582,2.898933,-9.0,0.0,98.23459,0.0
-9.0,-9.0,-9.0,-9.0,-9.0,-9.0,-9.0,-9.0,-9.0,-9.0,-9.0,-9.0,-9.0,-9.0,-9.0,-9.0,-9.0,-9.0,-9.0,-9.0,-9.0,-9.0,-9.0,0.0
82.0,141.34415,2.0,85.76751,17.0,0.0,0.0,100.0,-7.0,7.0,8.0,22.0,1.0,50.0,-8.0,0.0,0.0,38.436405,-8.0,2.0,1.0,2.0,61.18529,0.0
78.0,176.85938,20.0,94.420364,25.287004,0.0,0.0,100.0,-7.0,7.0,8.0,29.0,0.0,8.302006,0.0,1.0,1.0,34.412468,-8.0,6.0,1.0,1.0,67.0,0.0
81.0,162.8642,2.0,64.178154,50.392433,0.0,0.0,100.0,-7.0,7.0,8.0,38.94689,5.0,15.642447,1.0,5.8518977,5.500082,6.0,-8.0,4.0,1.0,0.0,33.0,0.0
-9.0,-9.0,-9.0,-9.0,-9.0,-9.0,-9.0,-9.0,-9.0,-9.0,-9.0,-9.0,-9.0,-9.0,-9.0,-9.0,-9.0,-9.0,-9.0,-9.0,-9.0,-9.0,-9.0,0.0
63.0,234.08469,4.0,64.73159,44.596283,0.0,0.0,89.0,45.83122,6.0,6.0,61.78056,8.972245,40.0,0.0,3.0,3.0,44.220512,67.08033,7.0,2.0,2.0,57.0,0.0
75.95715,342.89502,4.0,72.86347,13.178426,0.0,0.0,77.20155,22.398514,6.0,6.0,15.0,2.0,24.0,0.0,0.0,0.0,21.0,68.11939,2.0,2.0,0.0,86.0,0.0
70.0,226.67514,5.0,78.147606,36.759274,0.0,0.0,100.0,-7.0,7.0,8.0,47.93666,2.0,35.865932,0.0,2.0,2.0,71.41611,75.479324,6.0,3.0,3.0,94.7414,0.0
82.779366,263.35977,24.416878,81.65367,20.0,0.0,0.0,100.0,-7.0,7.0,8.0,24.0,0.0,44.876705,9.0,0.0,0.0,18.0,77.91513,2.0,4.0,0.0,56.828705,0.0
69.0,125.77333,13.3708515,86.0,20.0,3.0,3.4407995,73.71496,54.051884,6.0,-9.0,22.0,0.0,18.0,-7.0,0.0,0.0,58.89772,-8.0,7.0,1.0,0.0,85.340866,0.0
69.0,221.01227,5.0,93.48818,34.0,0.0,0.0,96.45662,5.573389,5.3151045,6.0,50.54729,2.0,9.826856,0.0,1.0,1.0,11.289703,-8.0,9.0,1.0,3.249569,40.707314,0.0
70.0,294.80963,10.0,106.21632,14.0,1.0,0.0,83.8658,17.341011,6.0,5.0,16.0,1.0,65.40638,12.0,0.0,0.0,22.572397,35.73029,1.0,2.0,0.0,75.0,0.0
86.0,236.23233,37.098312,160.83414,12.0,0.0,0.0,100.0,-7.0,7.0,8.0,21.25284,0.0,14.556636,3.0,0.0,0.0,25.129333,-8.0,2.0,1.0,0.0,75.0,0.0
75.0,177.38669,34.652607,115.63568,14.720152,0.0,0.0,84.65041,3.0,6.0,3.0,14.0,0.0,38.0,0.0,0.0,0.0,0.0,71.0,-9.0,2.0,0.0,54.348797,0.0
87.0,231.46786,3.0,78.26344,22.0,0.0,0.0,100.0,-7.0,7.0,8.0,36.238514,3.0,45.28601,7.0,1.9812671,1.0,22.159414,49.249855,2.0,3.0,0.0,41.471264,0.0
70.0,107.35777,6.0,52.37654,9.0,0.0,0.0,88.0,75.08086,6.0,6.0,4.7923436,2.0,47.312378,0.0,1.0,1.0,57.91752,58.40697,4.0,2.0,1.3095541,100.0,0.0
86.0,296.3036,13.2600355,65.0,14.0,0.0,0.0,100.0,-7.0,7.0,8.0,20.0,1.0,19.0,-7.0,0.0,0.0,10.0,-8.0,2.0,0.39587012,0.0,33.0,0.0
87.0,201.00946,2.0,81.0,21.781017,0.0,0.0,100.0,-7.0,7.0,8.0,24.60692,1.0,44.0,0.0,0.0,0.0,3.0,-8.0,3.0,2.0,0.0,40.0,0.0
57.253284,257.34726,7.0,88.02077,27.54388,7.314741,5.300333,75.109634,7.46792,4.0,2.0,44.33165,2.5849247,39.976715,0.0,3.0,3.0,63.893208,-8.0,5.0,2.0,1.0,86.0,0.0
86.70236,165.80363,8.0,86.0,16.0,0.0,0.0,96.0,68.203064,6.0,6.0,15.0,2.0,14.460019,9.0,0.0,0.0,8.0,-8.0,3.0,1.0,0.0,44.0,0.0
86.0,163.31097,21.695871,80.71629,21.0,0.0,0.0,100.0,-7.0,7.0,8.0,20.0,0.0,22.636833,-8.0,0.0,0.0,12.0,-8.0,1.0,1.0,0.0,50.0,0.0
65.81881,270.05212,3.0,154.44934,36.0,1.0,1.0,95.0,10.27253,6.0,5.0,35.0,0.0,21.111301,9.142271,0.0,0.0,31.191265,-8.0,2.0,1.0,3.0,20.069607,0.0
90.00735,400.49466,17.0,126.58645,16.0,0.0,0.0,100.0,-7.0,7.0,8.0,23.0,0.0,42.0,0.0,0.0,0.0,1.0,-8.0,1.0,2.0,0.0,42.93416,0.0
88.227104,349.596,5.0,96.77903,26.0,0.0,0.0,100.0,-7.0,7.0,8.0,41.598488,1.0,19.49335,3.0,3.0,2.0,0.0,-8.0,1.0,1.0,0.0,-9.0,0.0
81.0,147.76187,13.969526,68.19977,28.0,0.0,0.0,100.0,-7.0,7.0,8.0,28.0,0.0,24.487574,0.0,1.0,1.0,9.0,46.01304,5.0,2.0,0.0,71.0,0.0
86.0,449.09402,7.4896502,107.4255,28.271156,0.0,0.0,100.0,-7.0,7.0,8.0,29.29996,2.0,31.0,11.60144,0.0,0.0,16.347742,30.710934,1.0,2.0,0.0,50.0,0.0
80.84526,169.3568,2.0,63.0,10.0,0.0,0.0,97.0,-7.0,3.0495534,6.0,13.0,1.0,18.0,0.0,0.0,0.0,5.5473,89.11574,2.0,2.0,0.0,50.0,0.0
-9.0,-9.0,-9.0,-9.0,-9.0,-9.0,-9.0,-9.0,-9.0,-9.0,-9.0,-9.0,-9.0,-9.0,-9.0,-9.0,-9.0,-9.0,-9.0,-9.0,-9.0,-9.0,-9.0,0.0
85.0,381.88467,3.0,98.94822,21.0,0.0,0.0,100.0,-7.0,7.0,8.0,27.0,2.0,11.0,-7.0,0.0,0.0,16.0,-8.0,4.0,1.0,0.0,44.0,0.0
85.0,46.800354,7.0,34.03335,8.021017,0.0,0.0,100.0,-7.0,7.0,8.0,8.247312,1.0,56.339,6.611479,1.0,1.0,0.0,12.980948,1.0,2.0,0.0,60.0,0.0
73.38303,154.93091,9.0,65.0,13.0,0.0,0.0,100.0,-7.0,7.0,8.0,14.0,0.0,11.5987835,0.0,2.0,2.0,45.418156,-8.0,11.0,-9.0,2.0,100.0,0.0
87.0,220.07722,9.0,112.064964,22.0,0.0,0.0,100.0,-7.0,7.0,8.0,28.0,0.0,21.343744,-7.0,0.0,0.0,2.0,13.996431,2.0,2.0,0.0,40.734673,0.0
83.0,283.71964,17.455044,125.89359,18.197441,0.0,0.0,100.0,-7.0,7.0,8.0,24.0,0.0,35.0,0.0,1.0,1.0,46.39068,21.892849,3.0,2.0,0.0,55.42229,0.0
87.0,276.39786,152.55678,122.58906,7.5311627,0.0,0.0,100.0,-7.0,7.0,8.0,10.0,0.0,2.8502734,16.0,0.0,0.0,13.0,-8.0,2.0,0.5364071,0.0,80.0,0.0
65.13566,157.2167,26.236708,71.0,25.0,1.0,0.0,86.102875,4.3891406,0.7976902,3.574143,24.0,0.0,47.0,2.0,2.0,2.0,40.308434,51.41174,4.0,3.0,0.0,71.0,0.0
66.0,113.18754,7.9932494,109.791176,25.0,1.4125081,1.0,85.23412,4.0,6.0,3.0,25.0,1.0,23.882368,-7.0,0.0,0.0,10.78913,-8.0,4.0,1.0,0.0,45.22679,0.0
72.0,169.75972,9.760313,68.0,22.0,0.0,0.0,88.0,51.636158,6.0,6.0,24.0,1.2816707,40.0,-7.0,0.0,0.0,54.605392,38.29246,1.0,1.0,2.0,33.0,0.0
82.0,49.735226,8.0,72.80951,8.0,0.0,0.0,100.0,-7.0,7.0,8.0,7.92874,0.0,49.118195,0.0,0.0,0.0,39.97069,62.931267,2.0,2.0,0.0,100.0,0.0
79.0,87.53793,1.0,54.69015,15.0,0.0,0.0,100.0,-7.0,7.0,8.0,9.979632,2.0,32.0,0.0,3.0,3.0,18.0,33.109074,4.0,3.0,0.0,67.0,0.0
73.0,253.05833,4.0,61.705425,24.0,0.0,0.0,96.31847,45.29914,6.0,6.0,32.0,4.0,50.0,0.0,0.0,0.0,23.096716,89.696724,2.0,6.0,0.0,64.0,0.0
75.0,176.60759,14.0,73.633514,28.0,0.0,0.0,100.0,-7.0,7.0,8.0,23.0,0.0,41.76024,0.0,2.0,1.8716592,27.55796,91.0,2.0,2.0,0.0,44.0,0.0
65.0,165.71133,3.0,55.297894,33.0,2.0,2.0,100.0,-7.0,6.0,8.0,40.06427,3.0,20.0,0.0,2.0,2.0,23.256166,90.53149,5.0,2.0,1.0,42.53696,0.0
80.0,123.37545,8.0,81.04626,19.262878,0.0,0.0,97.0,44.333755,6.0,6.0,22.736212,1.0,29.632244,0.0,0.0,0.0,12.749552,-8.0,3.0,1.0,0.0,74.60682,0.0
71.0,187.19197,20.0,79.46606,27.0,0.0,0.0,100.0,-7.0,7.0,8.0,26.0,0.0,33.0,0.0,1.0,1.0,66.10423,-8.0,4.0,3.0,3.0,67.0,0.0
82.0,187.10661,17.0,77.254,29.0,0.0,0.0,96.0,20.634848,6.0,6.0,31.0,0.0,30.0,-8.0,0.0,0.0,6.0,-8.0,3.0,1.0,0.0,38.0,0.0
68.0,213.0075,5.237318,64.43053,38.398064,0.0,0.0,100.0,-7.0,7.0,8.0,36.997334,4.0,31.0,3.0,0.0,0.0,63.08892,-8.0,7.140448,4.0,3.0,61.177063,0.0
-9.0,-9.0,-9.0,-9.0,-9.0,-9.0,-9.0,-9.0,-9.0,-9.0,-9.0,-9.0,-9.0,-9.0,-9.0,-9.0,-9.0,-9.0,-9.0,-9.0,-9.0,-9.0,-9.0,0.0
76.0,194.61775,3.0,49.689896,25.0,0.0,0.0,88.0,9.137574,5.7848034,5.0,26.0,5.0,24.0,3.469118,1.0,0.0,6.0,76.13182,3.0,2.0,0.0,2.4668913,0.0
72.0,156.83435,7.0,66.2034,32.0,0.0,0.0,100.0,-7.0,7.0,8.0,34.014236,4.0,10.614109,4.0,1.0,1.0,32.059265,40.75355,9.0,3.0,2.0,50.0,0.0
70.0,293.0674,30.644526,180.71272,27.0,3.0,0.0,75.76237,5.8714924,6.0,2.6608188,28.0,0.0,9.386768,0.0,0.0,0.0,10.0,-8.0,4.0,1.0,0.0,41.237335,0.0
69.74701,186.74965,5.0,88.69043,25.0,0.0,0.0,97.0,23.397598,6.0,6.0,28.15934,0.0,32.30023,4.0,3.0,3.0,54.671375,83.18376,8.0,2.0,3.0,78.0,0.0
82.0,115.60268,9.0,78.25885,14.0,0.0,0.0,100.0,-7.0,7.0,8.0,12.0,1.0,19.0,0.0,2.5253236,2.0,16.85918,-8.0,2.0,1.0,0.0,27.4939,0.0
77.0,238.75449,5.0,58.0,15.0,0.0,0.0,100.0,-7.0,7.0,8.0,18.386497,3.0195885,31.0,-7.0,1.0,1.0,22.972237,-8.0,3.0,1.0,0.0,54.244354,0.0
78.0,170.59952,9.621368,113.45657,10.0,0.0,0.0,100.0,-7.0,7.0,8.0,9.125972,1.0,14.0,-7.0,0.0,0.0,62.191948,-8.0,3.2616901,-8.0,1.0,88.7196,0.0
66.0,281.83075,10.0,142.59543,37.31153,0.0,0.0,100.0,-7.0,7.0,8.0,33.742207,0.0,28.269234,0.0,0.0,0.0,63.5518,51.72559,8.406599,2.0,3.3080223,60.0,0.0
64.08741,116.41322,18.778042,54.69089,12.0,0.0,0.0,73.91844,29.048727,6.0,6.0,15.0,0.0,50.0,0.0,0.0,0.0,36.543056,52.2968,7.514384,2.0,0.0,100.0,0.0
71.0,155.0399,4.0,38.042984,15.0,3.8946438,2.085252,85.46739,26.748234,6.0,5.0,18.740889,2.0,41.0,0.0,0.0,0.0,6.409131,18.87684,2.0,3.0,0.0,100.0,0.0
67.8039,173.80894,10.0,83.0,13.0,1.0,0.0,80.34251,2.0,4.0,6.0,14.0,0.0,38.904377,0.0,1.0,0.0,72.30098,22.70337,5.0,2.0,1.0,88.23193,0.0
83.0,114.04556,4.0,58.0,21.0,0.0,0.0,100.0,-7.0,7.0,8.0,28.0,2.0,73.93247,4.0,0.0,0.0,4.0,50.774662,2.0,3.0,0.0,70.0,0.0
70.0,159.99141,23.330362,78.75762,16.0,0.0,0.0,86.012924,60.87131,6.0,6.0,18.34996,0.0,54.706093,0.0,2.0,1.0,1.0,73.36001,1.0,2.0,0.0,63.0,0.0
66.134705,168.94183,4.0,63.0,17.0,1.0,1.0,85.13232,15.327771,6.0,6.0,17.0,3.0,42.0,0.0,0.0,0.0,49.85606,69.62151,6.0,2.0,0.0,75.0,0.0
88.0,272.91165,7.0,94.0,23.0,0.0,0.0,100.0,-7.0,7.0,8.0,23.0,0.0,25.0,0.0,0.0,0.0,21.0,90.983635,2.0,3.0,0.0,62.393715,0.0
-9.0,-9.0,-9.0,-1.6555457,-9.0,-9.0,-9.0,-9.0,-9.0,-9.0,-9.0,-9.0,-9.0,-9.0,-9.0,-9.0,-9.0,-9.0,-9.0,-9.0,-9.0,-9.0,-9.0,0.0
87.58598,264.1556,24.17689,130.85542,15.0,0.0,0.0,88.0,59.17151,6.0,6.0,21.0,0.0,14.0,-7.0,0.0,0.0,2.0,-8.0,6.0,1.0,0.0,89.22097,0.0
84.341835,189.8386,7.0,96.729065,24.0,0.0,0.0,96.288605,57.635643,6.0,6.0,26.0,2.0,31.0,6.0846457,0.0,0.0,6.0,23.665007,3.0,2.0,0.0,50.0,0.0
83.0,398.13705,14.0,82.0,23.781378,0.0,0.0,100.0,-7.0,7.0,8.0,19.0,0.0,37.0,3.0,0.0,0.0,6.2734957,47.558308,4.0,4.0,0.0,58.28284,0.0
81.0,154.64633,4.0818343,75.20591,31.0,0.0,0.0,100.0,-7.0,7.0,8.0,32.0,2.0,24.85899,0.0,2.0,2.0,11.606239,70.35763,6.0,3.0,0.0,67.0,0.0
73.0,68.23913,6.0,-9.0,17.0,0.0,0.0,93.432976,61.244396,6.0,6.0,15.97753,7.1560287,17.0,1.0,3.0,2.0,9.130812,89.007545,3.0,3.0,0.0,41.393246,0.0
74.0,768.72314,5.0,99.46966,36.924023,0.0,0.0,94.0,21.257338,6.0,6.0,31.0,3.0,16.09791,-7.560028,0.0,0.0,0.0,89.184746,3.0,2.0,0.0,40.0,0.0
87.0,392.35416,20.0,124.672264,31.136292,0.0,0.0,100.0,-7.0,7.0,8.0,48.784798,0.0,-9.0,23.333199,0.0,0.0,9.0,-8.0,3.0,1.0,0.0,31.445108,0.0
88.0,424.77722,21.36636,93.0,21.0,0.0,0.0,100.0,-7.0,7.0,8.0,19.0,0.0,21.0,7.0,1.0,1.0,3.0,-8.0,1.0,1.0,0.0,29.806984,0.0
87.0,152.14117,5.0,67.87991,15.0,0.0,0.0,100.0,-7.0,7.0,8.0,18.0,2.0,50.0,7.0,2.0,2.0,1.0,76.348755,0.0,2.0,0.0,64.0,0.0
85.0,333.4114,15.1741085,179.74219,28.0,0.0,0.0,100.0,-7.0,6.0,8.0,30.0,0.0,36.0,0.0,1.0,1.0,6.0,51.26642,6.0,2.0,0.0,63.0,0.0
74.0,209.25972,3.0,63.6171,20.0,0.0,0.0,100.0,-7.0,7.0,8.0,20.0,8.490826,29.0,1.0,2.0,1.8832576,16.41251,18.003036,4.0,3.0,0.0,67.0,0.0
85.0,219.07045,5.0,88.91479,47.657486,0.0,0.0,100.0,-7.0,7.0,8.0,63.3543,3.0,58.053413,1.0,0.0,0.0,10.0,76.0,1.0,6.7206616,0.0,80.0,0.0
89.0,366.24634,5.0,140.87984,15.740946,0.0,0.0,100.0,-7.0,7.0,8.0,16.0,1.0,52.189533,0.0,2.0,2.0,4.423828,95.22736,2.0,2.0,0.0,63.0,0.0
80.0,111.47875,3.0,59.23626,26.110535,0.0,0.0,100.0,-7.0,7.0,8.0,27.0,1.0,33.0,11.115234,0.0,0.0,17.0,98.066,6.0,2.0,0.0,63.0,0.0
78.170456,55.76996,6.0,43.730316,20.0,0.0,0.0,100.0,-7.0,7.0,8.0,25.0,1.0,67.87021,3.0,3.0,3.0,7.0,52.775295,2.0,5.0,0.0,75.0,0.0
83.0,132.03986,35.113552,92.0,8.0,0.0,0.0,80.77778,61.679554,6.0,6.0,6.6142936,0.0,0.0,2.5832374,0.0,0.0,0.0,-8.0,1.0,-8.0,0.0,33.304398,0.0
90.0,221.05907,13.0,92.0,24.826319,0.0,0.0,100.0,-7.0,7.0,8.0,26.0,1.0,30.0,0.0,0.0,0.0,0.29045492,-8.0,1.0,1.0,0.0,12.1374235,0.0
78.0,-8.0,3.0,44.855453,18.0,0.0,0.0,100.0,-7.0,7.0,8.0,17.896017,2.0,20.0,-7.0,1.0,1.0,30.28054,85.8007,3.0,2.0,0.0,63.0,0.0
79.0,147.18117,2.0,65.0,23.0,0.0,0.0,100.0,-7.0,7.0,8.0,24.992971,5.0,63.250675,0.0,4.0,3.9353669,17.077513,66.18482,3.0,1.0,0.0,52.79605,0.0
76.0,196.95433,-9.0,87.45007,66.44216,0.0,0.0,98.0,21.07712,6.0,6.0,75.52012,4.0,47.786533,0.0,2.0,2.0,1.0,-8.0,2.0,4.0,0.0,43.375416,0.0
72.0,147.25221,10.0,81.0,42.921932,0.0,0.0,100.0,-7.0,7.0,8.0,52.205627,1.0,19.0,0.0,3.0188375,3.0,46.94418,82.74298,12.1430435,3.0,3.0,73.0,0.0
71.0,138.12149,2.0,38.22816,24.0,0.0,0.0,100.0,-7.0,7.0,8.0,30.0,4.0,27.0,0.0,14.725759,12.971196,40.925053,-8.0,5.2377744,1.0,0.0,67.0,0.0
72.0,241.87125,28.951769,99.260895,13.0,1.0,1.0,93.0,28.310858,6.0,2.0,15.0,0.0,26.0,0.0,1.0,0.18008992,20.391241,-8.0,3.0,-8.0,0.0,99.42488,0.0
69.0,123.34832,1.0,56.222095,41.044277,0.0,0.0,100.0,-7.0,7.0,8.0,42.6328,2.1113737,18.364176,0.0,0.0,0.0,26.617987,-8.0,4.0,1.0,2.0,34.62016,0.0
73.0,118.62464,2.0,31.080004,12.0,0.0,0.0,100.0,-7.0,7.0,8.0,17.0,5.0,29.0,1.5209223,0.0,0.0,34.76116,-8.0,6.0,1.0,1.0,82.80728,0.0
74.0,228.5786,5.0,84.0,22.829771,0.0,0.0,91.0,4.0,6.0,5.13448,25.0,2.0,42.58214,0.0,5.344886,5.901832,18.705734,-8.0,2.0,2.0,0.0,56.0,0.0
88.0,186.09084,13.718697,155.17845,12.0,0.0,0.0,100.0,-7.0,7.0,8.0,12.0,1.0,25.761229,0.0,2.909104,3.0,0.7574709,-8.0,1.0,1.0,0.0,43.0,0.0
82.0,216.49811,15.515983,72.28308,29.0,0.0,0.0,100.0,-7.0,7.0,8.0,27.0,0.0,45.68282,3.0,0.0,0.0,32.0,-8.0,2.0,2.0,0.0,41.915768,0.0
92.70505,233.65047,17.644958,110.908195,19.0,0.0,0.0,100.0,-7.0,7.0,8.0,-9.0,0.0,14.0,-8.0,0.0,0.0,6.0,-8.0,1.0,1.0,0.0,33.0,0.0
73.0,374.47433,8.930597,131.81024,21.0,3.7313244,5.3764157,92.0,21.934826,6.0,2.4395158,22.0,0.0,44.0,13.13065,1.0,1.0,1.0,60.344624,1.0,1.0,0.0,43.0,0.0
75.0,123.13669,7.0,62.879242,48.79885,0.0,0.0,100.0,-7.0,7.0,8.0,46.19419,1.0,20.0,0.0,1.0,1.0,46.625607,-8.0,4.0,1.0,0.0,80.37788,0.0
76.0,227.119,10.0,104.29236,27.0,0.0,0.0,100.0,-7.0,7.0,8.0,23.0,1.0,20.883759,-7.0,0.0,0.0,45.07086,59.24808,5.0,3.0,1.0,80.0,0.0
59.76045,157.4799,4.0,103.57564,48.565067,2.0,1.0,85.57863,10.302146,3.0,2.0,63.118443,2.0,35.0,0.0,6.3866506,6.3228045,43.527756,80.0,6.0,4.0,2.0,80.0,0.0
79.0,160.87328,10.0,103.33987,38.619324,0.0,0.0,100.0,-7.0,7.0,8.0,30.0,0.0,18.867752,0.0,1.0,1.0,6.0,-8.0,9.488364,2.0,1.0,70.006004,0.0
74.05461,556.3644,2.0,127.34587,66.25384,0.0,0.0,97.0,53.15575,6.0,6.0,63.588787,2.0,24.0,-7.0,2.007159,2.0,21.0,58.25298,7.0,2.0,3.0,50.0,0.0
67.62415,404.38068,23.350304,150.03497,13.3580885,1.851532,1.0,81.842834,21.753712,6.0,3.768987,23.0,0.0,30.93057,0.0,3.0,3.0,87.48544,59.86263,2.0,3.0,1.0,99.992584,0.0
43.803738,205.97481,4.6029687,86.0,14.0,1.0,1.0,71.91813,34.643837,6.0,5.0,22.0,0.0,24.0,-7.0,2.0,2.0,91.76056,39.37376,5.0,1.0,3.0,84.6655,0.0
80.0,176.04752,13.314218,90.0,-9.0,0.0,0.0,100.0,-7.0,7.0,8.0,4.1024837,1.0,36.0,0.0,1.0,0.0,25.464308,-8.0,1.0,1.0,0.0,67.0,0.0
-9.0,-9.0,-9.0,-9.0,-9.0,-9.0,-9.0,-9.0,-9.0,-9.0,-9.0,-9.0,-9.0,-9.0,-9.0,-9.0,-9.0,-9.0,-9.0,-9.0,-9.0,-9.0,-9.0,0.0
87.0,204.77678,4.0,93.0,16.0,0.0,0.0,100.0,-7.0,7.0,8.0,17.0,1.0,16.0,0.0,0.0,0.0,22.940939,-8.0,4.0,1.0,0.0,48.856552,0.0
89.0,265.58975,17.159538,119.17979,27.0,0.0,0.0,100.0,-7.0,7.0,8.0,42.906,0.0,43.270386,21.529009,0.0,0.0,3.0,-8.0,2.0,1.0,0.0,50.0,0.0
84.87023,176.83842,22.970694,99.381516,26.16341,0.0,0.0,100.0,-7.0,7.0,8.0,24.965017,0.0,22.0,-7.0,0.0,0.0,13.313759,63.46388,3.0,2.0,0.0,53.468098,0.0
59.224277,157.12871,1.6823548,90.0,32.0,0.0,0.0,65.171394,5.6200676,6.0,6.0,14.0,2.0,27.0,4.0,1.0,1.0,59.94068,58.742455,8.0,2.0,2.0,75.0,0.0
80.0,354.43103,10.0,80.57706,30.332457,0.0,0.0,100.0,-7.0,7.0,8.0,41.858856,2.0,33.0,9.0,1.0,1.0,9.978315,95.01817,4.0,2.0,0.0,57.38188,0.0
75.0,334.12463,6.0,77.44834,21.380177,0.0,0.0,92.5355,34.95607,6.0,5.0,20.237183,1.0,17.83264,0.0,0.0,0.0,10.953226,100.12522,2.0,1.0,2.0,33.0,0.0
-9.0,-9.0,-9.0,-9.0,-9.0,-9.0,-9.0,-9.0,-9.0,-9.0,-9.0,-9.0,-9.0,-9.0,-9.0,0.0,-9.0,-9.0,-9.0,-9.0,-9.0,-9.0,-9.0,0.0
71.0,189.6265,2.0,79.36128,27.0,0.0,0.0,100.0,-7.0,7.0,8.0,31.0,2.2130165,50.937828,1.0,2.0,2.0,56.00275,46.942795,5.6045475,4.0,2.0,75.0,0.0
-9.0,-9.0,-9.0,-9.0,-9.0,-9.0,-9.0,-9.0,-9.0,-9.0,-9.0,-9.0,-9.0,-9.0,-9.0,-9.0,-9.0,-9.0,-9.0,-9.0,-9.0,-9.0,-9.0,0.0
68.0,155.4281,10.0,81.433846,24.0,0.0,0.0,87.87872,47.199833,6.0,6.0,23.0,0.0,29.0,0.0,1.0,1.0,55.67883,35.785328,8.478796,4.0,9.351207,67.0,0.0
74.0,283.28168,4.0,109.50771,20.028446,0.0,0.0,100.0,-7.0,7.0,8.0,19.0,1.0,43.0,0.0,1.0,1.0,48.756786,32.080814,8.0,2.0,2.0,86.49562,0.0
87.0,177.50298,5.0,61.857887,24.0,0.0,0.0,100.0,-7.0,7.0,8.0,28.875374,2.0,27.0,9.159134,0.0,0.0,4.6753144,89.456604,3.0,2.0,0.0,54.114956,0.0
76.0,175.08023,2.0,82.0,42.79395,0.0,0.0,100.0,-7.0,7.0,8.0,28.0,4.0,15.477237,0.0,1.0,1.0,29.3052,93.0,8.687108,2.0,1.0,50.0,0.0
83.0,278.82806,10.0,140.15169,22.0,0.0,0.0,100.0,-7.0,7.0,8.0,20.0,2.0,32.589104,0.0,1.0,1.0,42.224632,59.617348,3.0,3.0,0.0,71.0,0.0
92.80954,223.65306,14.0,94.02096,18.0,0.0,0.0,100.0,-7.0,7.0,8.0,17.0,0.0,46.03155,-7.0,0.0,0.0,5.0,-8.0,1.0,1.3805068,0.0,41.05312,0.0
73.0,321.64053,28.833824,116.88271,33.0,0.0,0.0,95.0,24.37609,6.0,6.0,29.47536,0.0,14.863862,0.0,2.0,1.0,13.076503,-8.0,8.121819,1.0,2.0,43.514282,0.0
86.0,263.18295,11.0,92.0,28.0,0.0,0.0,100.0,-7.0,7.0,8.0,27.623898,0.0,8.431313,0.0,2.0,2.0,1.0,-8.0,6.0,2.0,0.0,60.0,0.0
-9.0,-9.0,-9.0,-9.0,-9.0,-9.0,-9.0,-9.0,-9.0,-9.0,-9.0,-9.0,-9.0,-9.0,-9.0,-9.0,-9.0,-9.0,-9.0,-9.0,-9.0,-9.0,-9.0,0.0
-9.0,-9.0,-9.0,18.079706,-9.0,-9.0,-9.0,-9.0,-9.0,-9.0,-9.0,-9.0,-9.0,-9.0,-9.0,-9.0,-9.0,-9.0,-9.0,-9.0,-9.0,-9.0,-9.0,0.0
65.0,172.15894,9.0,68.0,15.0,1.0,1.0,86.05331,20.902914,6.0,5.0,17.0,0.0,14.524487,-0.19218418,0.0,0.0,36.0,98.29103,5.0,1.0,0.0,50.0,0.0
69.0,173.05133,4.0,108.75824,44.966022,1.0,0.55839306,93.0,4.0,4.0,2.0,61.68293,2.0,50.0,-7.0,0.0,0.0,32.207916,57.642162,4.0,6.882831,1.0,74.35219,0.0
79.0,147.98915,6.0,57.6159,24.612555,0.0,0.0,100.0,-7.0,7.0,8.0,23.873898,6.0,42.0,21.921932,0.0,0.0,40.290882,61.83899,4.0,3.0,0.0,100.0,0.0
83.0,411.4818,40.13108,118.958694,31.120144,0.0,0.0,100.0,-7.0,7.0,8.0,35.641,0.0,33.8122,-7.0,3.9909081,3.5582478,11.0,-8.0,6.130531,-8.0,0.45827013,75.0,0.0
81.0,162.38142,4.0,141.95921,23.0,0.0,0.0,100.0,-7.0,7.0,8.0,27.0,1.0,19.492744,0.0,3.0,3.0,16.0,-8.0,3.074504,1.0,1.0,50.0,0.0
69.0,126.63682,4.0,36.518963,6.911195,1.0,1.0,97.0,-7.0,6.0,6.0933375,8.964929,1.0,50.0,0.0,0.0,0.0,35.08688,53.85701,1.0,4.0,1.0,90.11049,0.0
76.81173,355.79507,6.0,126.370514,25.0,0.0,0.0,100.0,-7.0,7.0,8.0,26.0,1.0,42.989574,-7.0,0.0,0.0,51.01349,-8.0,2.0,2.0,2.0,80.0,0.0
80.0,67.5641,2.0,58.21382,25.97328,0.0,0.0,100.0,-7.0,7.0,8.0,25.0,2.0,59.59413,2.0,1.0,1.0,27.234917,-8.0,5.0,2.0,0.0,100.0,0.0
70.34719,267.6901,9.03815,74.97161,27.0,6.2302465,7.86735,100.0,-7.0,7.0,8.0,24.0,1.0,21.0,-8.0,0.0,0.0,30.542381,-8.0,3.0,-8.0,0.0,50.0,0.0
73.0,228.71574,7.0,86.795074,19.0,1.0,1.0,94.23439,74.81359,6.0,3.637448,22.0,2.0,19.0,0.0,0.0,0.0,58.589924,-8.0,2.0,-8.0,1.0,37.622383,0.0
77.0,127.28214,6.0,59.727634,14.0,0.0,0.0,100.0,-7.0,7.0,8.0,11.608222,1.0,15.0,0.0,0.0,0.0,41.747467,67.58875,2.0,1.0,0.0,50.952232,0.0
71.8987,394.031,5.0,128.45396,14.878582,0.0,0.0,85.23431,8.406914,4.0,6.0,18.0,1.0,26.647945,-8.0,0.0,0.0,47.095093,-8.0,2.0,2.0,3.1730385,50.0,0.0
81.0,173.60265,14.420568,84.95603,15.0,0.0,0.0,100.0,-7.0,7.0,8.0,16.0,1.0,52.44789,0.0,0.0,0.0,28.587503,50.591423,4.0,2.0,1.0,74.832535,0.0
85.0,176.63986,4.0,70.0,24.0,0.0,0.0,100.0,-7.0,7.0,8.0,24.543991,3.0,12.540073,-7.0,0.0,0.0,6.0,55.503418,2.0,2.0,0.0,20.736757,0.0
84.0,111.703766,3.0,62.92376,17.0,0.0,0.0,100.0,-7.0,7.0,8.0,21.0,1.0,7.386886,-7.0,0.0,0.0,1.0,-8.0,3.0,1.0,1.0,-3.5997667,0.0
92.88217,342.16632,17.0,106.25921,16.0,0.0,0.0,100.0,-7.0,7.0,8.0,10.0,0.0,52.01404,6.0,0.0,0.0,3.0,-8.0,2.0,1.0,0.0,95.900185,0.0
88.0,271.69516,12.0,80.84619,8.364284,0.0,0.0,100.0,-7.0,7.0,8.0,29.0,1.0,11.0,0.0,0.0,0.0,8.0,-8.0,3.0,-8.0,0.0,71.0,0.0
84.62494,418.77563,8.0,119.14125,24.0,0.0,0.0,100.0,-7.0,7.0,8.0,21.57852,1.0,7.4503484,0.0,0.0,0.0,3.0,-8.0,6.0,1.0,0.0,35.509193,0.0
84.962,217.13144,7.786078,86.0,37.290688,0.0,0.0,100.0,-7.0,7.0,8.0,49.408646,2.0,29.081322,-7.0,2.0,1.0,3.0,77.8903,2.0,3.0,0.0,50.0,0.0
84.0,141.99052,7.0,68.0,28.0,0.0,0.0,100.0,-7.0,7.0,8.0,32.647842,1.0,22.0,0.0,14.862202,13.143439,7.2310247,41.99442,2.0,2.0,0.0,66.75573,0.0
-9.0,-9.0,-9.0,-9.0,-9.0,-9.0,-9.0,-9.0,-9.0,-9.0,-9.0,-9.0,-9.0,-9.0,-9.0,-9.0,-9.0,-9.0,-9.0,-9.0,-9.0,-9.0,-9.0,0.0
-9.0,-9.0,-9.0,-9.0,-9.0,-9.0,-9.0,-9.0,-9.0,-9.0,-9.0,-9.0,-9.0,-9.0,-9.0,-9.0,-9.0,-9.0,-9.0,-9.0,-9.0,-9.0,-9.0,0.0
84.0,162.20905,5.680204,80.0,13.0,0.0,0.0,100.0,-7.0,7.0,8.0,15.0,1.0,27.0,-7.0,1.0,1.0,17.321302,-8.0,2.0,1.0,0.0,85.439316,0.0
85.0,181.3789,1.0,68.0,20.0,0.0,0.0,100.0,-7.0,7.0,8.0,20.0,6.0,20.0,-8.0,0.0,0.0,19.0,-8.0,3.0,1.9896544,0.0,53.42517,0.0
-9.0,-9.0,-9.0,-9.0,-9.0,-9.0,-9.0,-9.0,-9.0,-9.0,-9.0,-9.0,-9.0,-9.0,-9.0,-9.0,-9.0,-9.0,-9.0,-9.0,-9.0,-9.0,-9.0,0.0
91.00704,271.94794,19.293707,97.666176,7.0744095,0.0,0.0,100.0,-7.0,7.0,8.0,6.99498,0.0,22.105034,8.498703,0.0,0.0,0.0,-8.0,-9.0,1.0,0.0,21.628035,0.0
73.0,211.99565,2.0,90.0,27.0,1.0,0.0,84.32394,71.956055,6.0,5.0,30.0,3.0,28.0,0.0,6.0381546,6.159627,40.99581,88.0,5.0,5.0,3.0,83.0,0.0
75.0,147.39197,10.0,90.0,20.0,0.0,0.0,90.92345,16.149422,6.0,6.0,22.0,1.0,23.0,-7.0,1.0,1.0,18.0,-8.0,5.756678,2.0,1.0,100.0,0.0
82.0,412.64114,4.0,84.22934,27.810242,0.0,0.0,100.0,-7.0,7.0,8.0,25.94981,3.0,41.361565,3.0,0.0,0.0,28.0,56.925766,4.0,2.0,1.0,56.087605,0.0
-9.0,-9.0,-9.0,-9.0,-9.0,-9.0,-9.0,-9.0,-9.0,-9.0,-9.0,-9.0,-9.0,-9.0,-9.0,-9.0,-9.0,-9.0,-9.0,-9.0,-9.0,-9.0,-9.0,0.0
72.0,53.884148,7.0,60.84416,30.281963,0.0,0.0,100.0,-7.0,7.0,8.0,28.0,3.0,46.291103,-7.0,2.0,2.0,25.95607,76.0,5.0,2.0,0.0,67.0,0.0
69.0,373.47443,6.0,118.62231,11.0042305,0.0,0.0,86.14042,57.6964,6.0,6.0,12.610032,2.0,22.0,-8.64074,0.0,0.0,113.92296,-8.0,2.0,1.0,3.6955628,83.0,0.0
91.0,311.41266,33.991364,104.84333,21.0286,0.0,0.0,100.0,-7.0,7.0,8.0,21.0,0.0,23.0,-9.0,0.0,0.0,6.0,-8.0,3.0,2.0,0.0,50.0,0.0
90.9848,187.83376,30.773733,103.6076,12.0,0.0,0.0,100.0,-7.0,7.0,8.0,10.0,0.0,23.335855,-7.0,0.0,0.0,1.8689039,-8.0,1.0,1.0,0.0,58.0,0.0
84.0,368.39227,3.0,68.357994,10.053643,0.0,0.0,93.0,20.719915,6.0,6.0,9.702543,1.0,36.0,0.0,4.0,3.0,1.0,-8.0,1.0,1.0,0.0,36.976906,0.0
79.0,130.38268,6.0,94.206375,16.0,0.0,0.0,81.677086,39.9155,6.0,6.0,14.0,1.0,40.961395,19.867285,0.0,0.0,24.071138,58.863407,2.0,3.0,0.0,75.0,0.0
77.0,156.21521,16.347649,117.7864,19.0,0.0,0.0,100.0,-7.0,7.0,8.0,7.6945415,0.0,50.0,-7.0,1.0,1.0,30.502493,-8.0,3.0,1.0,1.0,44.831024,0.0
84.0,170.20692,2.0,62.248558,18.353256,0.0,0.0,100.0,-7.0,7.0,8.0,20.746702,5.5747967,39.0,6.2397175,0.0,0.0,7.0,96.62675,2.0,3.0,0.0,79.75833,0.0
87.0,273.12796,6.715818,87.304855,13.0,0.0,0.0,100.0,-7.0,7.0,8.0,17.0,1.0,55.967255,0.0,3.0,3.0,11.0,41.333115,2.0,4.0,0.0,64.11517,0.0
72.0,230.4648,2.0,67.0,26.0,1.0,0.0,92.0,0.43036494,4.0,5.0,28.509514,3.0,54.44202,7.0,2.0,2.0,1.0,45.736618,1.0,6.0,0.0,57.792816,0.0
73.0,254.55087,1.0,71.54679,14.0,0.0,0.0,100.0,-7.0,7.0,8.0,9.0,3.0,27.022861,2.0,0.0,0.0,58.302753,48.631477,7.0,2.0,1.0,100.0,0.0
74.0,229.18117,3.0,78.460884,22.0,1.0,1.0,97.0,51.15431,6.0,4.0,26.0,2.0,44.782764,0.0,4.367171,4.0,62.49694,95.00654,3.0,3.0,3.7206647,63.0,0.0
71.0,114.382935,6.0,39.267303,7.0,0.0,0.0,80.23691,12.342082,0.82398397,6.0,7.7320566,2.0,40.0,0.0,0.0,0.0,13.042912,86.46096,2.0,2.0,0.0,100.0,0.0
76.0,269.0704,6.0,120.93494,43.663494,0.0,0.0,100.0,-7.0,6.0,6.0,47.170776,3.0,52.85477,1.0,0.0,0.0,51.20995,69.24863,6.0,3.0,1.0,75.0,0.0
73.0,323.28558,5.0,115.63365,25.0,0.0,0.0,96.0,16.889992,6.0,6.0,31.0,1.0,20.0,0.0,1.0,1.0,15.0,-8.0,3.3713448,1.0,0.0,44.0,0.0
75.358765,246.68758,5.0,76.82856,44.910076,0.0,0.0,100.0,-7.0,7.0,8.0,46.422314,2.0,47.523518,0.0,1.0,1.0,12.0,54.246662,7.0,4.0,0.0,65.75665,0.0
-9.0,-9.0,-9.0,-9.0,-9.0,-9.0,-9.0,-9.0,-9.0,-9.0,-9.0,-9.0,-9.0,-9.0,-9.0,-9.0,-9.0,-9.0,-9.0,-9.0,-9.0,-9.0,-9.0,0.0
75.0,356.15524,2.0,70.0,44.517902,0.0,0.0,100.0,-7.0,7.0,8.0,35.0,3.0,25.198536,6.9942446,0.0,0.0,45.379063,-8.0,8.0,2.0,1.0,71.0,0.0
-9.0,-9.0,-9.0,-9.0,-9.0,-9.0,-9.0,-9.0,-9.0,-9.0,-9.0,-9.0,-9.0,-9.0,-9.0,-9.0,-9.0,-9.0,-9.0,-9.0,-9.0,-9.0,-9.0,0.0
-9.0,178.20636,7.0,68.0,20.0,0.0,0.0,65.82057,-7.0,0.0,6.0,24.096535,1.0,31.241787,0.0,0.0,0.0,72.077286,46.60083,7.0,2.0,2.0,62.761234,0.0
90.45538,232.63759,66.6175,158.06609,10.0,0.0,0.0,100.0,-7.0,7.0,8.0,14.0,0.0,43.68687,-8.0,0.0,0.0,6.3587365,-8.0,3.0,-8.0,0.0,60.0,0.0
75.76727,61.99153,2.0,59.31701,16.0,1.0,0.0,92.0,61.966408,6.0,5.0,22.0,5.327263,37.0,0.0,0.0,0.0,36.0,93.11998,4.0,2.7119067,0.0,60.0,0.0
73.0,241.35068,6.0,103.014755,28.0,0.0,0.0,94.0,15.907268,6.0,6.0,30.0,1.0,41.739513,3.0,2.0,1.0,19.494862,-8.0,4.81623,3.0,1.0,60.0,0.0
68.29397,371.63696,1.0,83.47386,14.0,2.0,2.0,90.0,29.495878,6.0,-2.5452318,15.4277115,2.0,35.0,0.0,2.0,2.0,8.443329,-8.0,1.0,1.0,0.0,35.65517,0.0
81.008255,257.35123,20.0,145.90575,26.0,0.0,0.0,100.0,-7.0,7.0,8.0,41.045113,0.0,13.131235,0.0,0.0,0.0,23.099321,-8.0,3.0,2.0,1.0,36.775166,0.0
85.58948,219.36609,2.0,90.58726,27.027454,0.0,0.0,97.0,-7.0,6.0,6.0,31.0,2.0,22.0,0.0,1.0,1.0,1.8357271,91.0,3.8709648,2.0,0.0,41.009277,0.0
88.0,209.01012,13.759403,79.08001,26.749418,0.0,0.0,100.0,-7.0,7.0,8.0,28.07246,0.187215,36.0,7.0,0.0,0.0,6.0,-8.0,2.0,1.0,0.0,59.02692,0.0
74.0,226.66687,4.0,74.0,39.14204,0.0,0.0,100.0,-7.0,7.0,8.0,28.0,3.0,38.0,14.532046,0.0,0.0,18.48659,44.85075,4.0,5.0,1.0,50.0,0.0
59.999195,112.309494,2.0,68.21468,42.207924,1.0,0.0,92.0,-7.0,-9.0,5.0,44.058933,3.0,50.0,0.0,5.9530187,5.7661,38.27981,76.0,7.0,6.0,0.0,75.0,0.0
75.0,261.9328,8.0,85.17501,41.08337,0.0,0.0,100.0,-7.0,7.0,8.0,44.37184,1.0,50.0,0.0,0.0,0.0,36.13351,85.69581,6.0,14.86902,1.0,80.650375,0.0
84.0,645.84955,14.0,101.89328,20.0,0.0,0.0,100.0,-7.0,7.0,8.0,30.841791,0.0,35.0,0.0,2.0,1.6647823,24.061552,-8.0,3.0,1.0,0.0,52.117924,0.0
83.0,149.62393,8.0,47.879124,10.0,0.0,0.0,100.0,-7.0,7.0,8.0,8.583153,1.0,33.561512,-7.0,0.0,0.0,4.0978312,-8.0,3.0,1.0,0.0,100.0,0.0
90.87761,340.29788,3.0,74.0,18.0,0.0,0.0,100.0,-7.0,7.0,8.0,17.380533,1.0,28.0,12.0,0.0,0.0,1.0,24.12017,1.0,2.0,0.0,33.0,0.0
86.0,-8.641011,7.0,78.38069,11.0,0.0,0.0,100.0,-7.0,7.0,8.0,4.7303753,1.0,50.0,4.0,1.0,1.0,6.0,86.23808,3.0,3.0,0.0,75.0,0.0
-9.0,-9.0,-9.0,-9.0,-9.0,-9.0,-9.0,-9.0,-9.0,-9.0,-9.0,-9.0,-9.0,-9.0,-9.0,-9.0,-9.0,-9.0,-9.0,-9.0,-9.0,-9.0,-9.0,0.0
70.0,206.78793,2.0,101.389,31.063158,2.0,1.0,91.0,17.811163,6.0,3.0,38.0,2.0,1.5739475,2.0,2.0,2.0,1.0,-8.0,2.0,-8.0,0.0,-9.0,0.0
83.0,197.61732,3.0,96.39976,23.0,0.0,0.0,100.0,-7.0,7.0,8.0,30.0,1.0,28.0,3.0,1.0,1.0,18.0,-8.0,9.0,1.0,1.0,70.32393,0.0
71.0,195.66266,10.0,99.06432,13.0,0.0,0.0,92.0,12.965355,5.64631,6.0,15.0,1.0,28.0,0.0,2.0,2.0,54.257385,67.51091,2.0,2.0,1.0,86.0,0.0
63.933353,181.73691,2.0,47.95514,16.0,0.0,0.0,100.0,-7.0,7.0,8.0,20.0,3.0,27.0,0.0,2.0,2.0,56.000957,87.52226,3.8234787,1.0,1.0,89.022316,0.0
77.0,155.55975,17.0,71.0,13.413014,0.0,0.0,100.0,-7.0,7.0,8.0,18.0,0.0,36.208237,0.0,0.0,0.0,49.749893,61.049316,3.0,3.0,1.0,83.0,0.0
67.019264,187.7509,2.0,96.03141,20.0,0.5376305,0.0,88.7635,65.12608,6.0,5.097279,27.0,2.5948527,40.0,0.0,1.0,1.0,50.661316,51.110477,4.0,2.0,0.0,81.46594,0.0
89.0,174.15248,7.0,76.32199,12.35106,0.0,0.0,100.0,-7.0,7.0,8.0,3.3199685,2.0,23.351254,0.0,1.0,1.0,3.7326427,-8.0,2.0,-8.0,0.0,50.0,0.0
85.0,266.7791,2.0,77.30813,15.0,0.0,0.0,100.0,-7.0,7.0,8.0,18.0,1.0,43.85017,8.351452,0.0,0.0,1.0,88.0,1.0,3.0,0.0,42.607853,0.0
56.94408,130.79034,11.0,56.527218,12.0,4.7011666,6.233986,78.493256,4.0,5.0,2.0,9.0,2.0,37.673096,0.0,0.0,0.0,47.978477,-8.0,2.0,2.0,0.0,84.86644,0.0
70.0,171.01468,4.0,108.91532,12.0,1.0,0.0,86.66821,3.2645528,4.0,5.0,4.633243,1.0,14.782311,10.197231,0.0,0.0,22.066498,68.71238,7.0,2.0,0.0,100.0,0.0
71.0,213.23183,2.0,86.634575,41.564526,0.0,0.0,94.0,6.318502,6.0,6.0,51.772007,2.0,22.371725,5.023252,1.0,1.0,13.0,100.0,3.0417004,2.0,0.0,45.674736,0.0
80.0,113.62368,2.0,50.155582,12.0,0.0,0.0,100.0,-7.0,7.0,8.0,15.0,1.0,5.7810946,0.0,0.0,0.0,40.953903,28.437687,4.0,1.0,1.0,100.0,0.0
78.2265,152.72238,1.0,42.235275,27.0,0.0,0.0,100.0,-7.0,7.0,8.0,28.842567,4.0,17.0,0.0,0.0,0.0,32.0,67.82575,2.0,2.0,0.0,13.496479,0.0
73.430786,159.51097,1.1209553,63.0,26.0,0.0,0.0,93.0,77.46688,6.0,6.0,31.0,2.0,50.0,4.0,1.0,1.0,50.018238,59.94511,2.0,3.0,0.0,58.0,0.0
85.95502,438.3693,6.0,171.3782,23.0,0.0,0.0,100.0,-7.0,7.0,8.0,29.0,1.0,14.0,0.0,2.0,2.0,0.0,-8.0,0.8224324,2.0,0.0,25.0,0.0
87.0,402.22278,19.482857,151.36574,15.0,0.0,0.0,100.0,-7.0,7.0,8.0,14.0,0.0,36.0,0.0,0.0,0.0,9.418115,-8.0,3.0,-8.0,0.0,66.42376,0.0
87.0,191.35869,11.22665,79.0,22.0,0.0,0.0,100.0,-7.0,7.0,8.0,30.5325,1.0,22.0,1.0,0.0,0.0,4.1801834,100.0,2.0,2.0,0.0,55.89567,0.0
79.0,363.98428,1.0,75.386734,30.188343,0.0,0.0,100.0,-7.0,7.0,8.0,49.685776,4.5495358,29.0,-7.0,1.0,1.0,30.859571,86.40828,5.827536,4.0,0.0,67.0,0.0
70.0,268.21338,9.0,106.63263,18.0,0.0,0.0,91.0,2.9476612,4.0,6.0,16.0,1.0,56.41267,0.0,1.0,1.0,46.777046,74.21998,2.0,1.0,1.0,50.0,0.0
68.0,389.80005,3.0,108.48705,38.40502,0.0,0.0,88.0,2.0,5.0673785,6.0,30.0,4.1772194,18.0,2.0,1.0,0.0,8.3703785,84.02379,7.0,3.0,0.0,57.0,0.0
73.0,141.70819,2.0,97.0,20.606264,0.0,0.0,100.0,-7.0,7.0,8.0,8.766776,2.0,25.0,6.2068534,0.0,0.0,21.191292,28.725586,8.0,2.0,1.0,78.0,0.0
86.0,171.04414,2.0,51.911636,12.892985,0.0,0.0,100.0,-7.0,7.0,8.0,11.128036,1.8044807,30.0,-7.0,1.0,1.0,9.742674,65.15947,1.0,4.0,0.0,50.0,0.0
60.54355,183.91223,4.0,79.0,17.568668,0.0,0.0,68.92087,3.0,3.0,6.0,20.0,2.0,41.235466,-7.0,3.0,3.0,45.436127,71.5593,4.0,3.0,0.0,100.0,0.0
73.96454,333.94928,8.0,152.1841,16.014729,0.0,0.0,100.0,-7.0,7.0,8.0,17.0,0.0,-3.3844867,0.0,1.0,1.0,59.59848,-8.0,4.546607,-8.0,3.0536716,47.993076,0.0
62.54197,89.13574,12.425584,93.0,30.0,3.0,2.8350089,100.0,-7.0,6.0,8.0,45.934193,1.0,68.59296,-7.0,0.0,0.0,3.7877917,-8.0,1.8842033,2.0,0.0,49.016033,0.0
86.0,612.3765,29.800243,285.3216,16.0,0.0,0.0,100.0,-7.0,7.0,8.0,24.978693,0.0,4.6207547,9.826593,1.0,1.0,2.0,-8.0,2.0,1.0,0.0,30.476658,0.0
75.160736,136.96841,9.628347,61.385094,24.0,0.0,0.0,100.0,-7.0,7.0,8.0,28.0,2.0,24.0,1.0,1.0,1.0,51.580605,3.5004766,5.0,2.0,1.0,85.780945,0.0
75.0,324.70474,-5.4257574,116.615204,50.528954,0.0,0.0,100.0,-7.0,7.0,8.0,86.42176,4.2018857,50.0,0.0,3.62893,4.0,36.0,81.82039,5.0,2.0512161,2.0,56.0,0.0
84.0,320.49152,3.0,92.0,24.0,0.0,0.0,100.0,-7.0,7.0,8.0,37.0,5.0,37.527363,0.0,3.0,2.0,16.0,-8.0,4.0,2.0,0.0,57.0,0.0
-9.0,-9.0,-9.0,-9.0,-9.0,-9.0,-9.0,-9.0,-9.0,-9.0,-9.0,-9.0,-9.0,-9.0,-9.0,-9.0,-9.0,-9.0,-9.0,-9.0,-9.0,-9.0,-9.0,0.0
89.0,174.33507,10.0,94.0,32.0,0.0,0.0,100.0,-7.0,7.0,8.0,44.22809,2.0,24.0,0.0,0.0,0.0,13.0,-8.0,3.0,-8.0,0.0,35.860794,0.0
91.0,166.64897,24.744576,94.83475,19.0,0.0,0.0,100.0,-7.0,7.0,8.0,24.388035,0.0,15.031476,-8.0,0.0,0.0,1.0,-8.0,3.0,1.0,0.0,60.0,0.0
87.0,139.92245,4.0,44.099392,8.0,0.0,0.0,100.0,-7.0,7.0,8.0,11.0,2.0,36.233044,0.0,2.0,2.0,0.0,88.49836,1.0,2.0,0.0,73.96984,0.0
78.0,131.97066,2.0,29.36433,12.0,0.0,0.0,100.0,-7.0,7.0,8.0,14.238755,2.0,11.0,-7.0,2.0,2.0,5.1836596,97.06094,1.0043409,2.4629729,0.0,76.91906,0.0
-9.0,-9.0,-9.0,-9.0,-9.0,-9.0,-9.0,-9.0,-9.0,-9.0,-9.0,-9.0,-9.0,-9.0,-9.0,-9.0,-9.0,-9.0,-9.0,-9.0,-9.0,-9.0,-9.0,0.0
76.0,213.43277,8.0,63.0,24.0,0.0,0.0,100.0,-7.0,7.0,8.0,29.2318,2.0,25.0,-7.0,0.0,0.0,34.20039,-8.0,1.0,1.0,0.0,20.893177,0.0
85.0,242.55942,4.5609374,81.02768,28.0,0.0,0.0,100.0,-7.0,7.0,8.0,39.98009,2.2363853,31.0,-9.0,0.0,0.0,8.0,60.703167,1.0,2.0,0.0,33.0,0.0
86.0,270.81894,20.714848,114.765366,14.0,0.0,0.0,95.86151,58.54774,6.0,6.0,18.0,0.0,21.0,1.0,0.0,0.0,7.0,-8.0,5.0,1.0,0.0,70.0,0.0
79.0,170.0721,11.791194,74.0,14.0,0.0,0.0,100.0,-7.0,7.0,8.0,16.0,0.0,32.0,0.0,1.0,1.0,16.213913,-8.0,2.0,3.0,0.0,57.0,0.0
89.0,197.32533,10.654678,79.59469,19.0,0.0,0.0,100.0,-7.0,7.0,8.0,24.0,1.0,19.0,0.0,1.0,1.0,1.0,-8.0,2.0,1.0,0.0,39.954296,0.0
54.295483,196.81854,4.0,74.73572,21.0,2.0,1.0,67.93951,0.54310226,2.6970809,6.0,23.866741,1.0,25.13664,0.0,4.0,4.0,44.808525,-8.0,6.0,2.0,2.0,62.15721,0.0
73.0,92.039116,5.0,60.264927,18.0,0.0,0.0,95.0,55.575005,6.0,5.0,21.0,2.0,23.0,16.891838,0.0,0.0,31.43257,52.245533,2.0,2.0,0.0,25.0,0.0
84.0,295.75284,14.0,106.212234,16.0,0.0,0.0,100.0,-7.0,7.0,8.0,14.0,0.0,32.0,8.0,0.0,0.0,9.0,-8.0,5.0,1.0,1.0,70.72971,0.0
76.0,176.51865,20.694262,71.0,15.0,0.0,0.0,100.0,-7.0,7.0,8.0,11.0,0.0,21.709349,0.0,0.0,0.0,36.386692,-8.0,2.0,1.0,1.0,71.0,0.0
73.0,132.75137,5.0,37.208183,17.0,0.0,0.0,100.0,-7.0,7.0,8.0,15.0,4.0,12.05868,-7.0,2.0,2.0,9.012889,-8.0,6.0,1.0,1.0,43.295208,0.0
80.0,217.8601,3.0,72.0,45.682545,0.0,0.0,100.0,-7.0,7.0,8.0,43.187172,3.0,23.210392,1.3616964,0.0,0.0,8.424469,15.714424,2.0,2.0,1.0,18.407417,0.0
79.0,190.74196,9.151353,92.26852,13.908496,0.0,0.0,100.0,-7.0,7.0,8.0,11.041671,1.0,23.0,-7.0,0.0,0.0,67.385445,-8.0,3.0,-2.0189404,0.0,55.887215,0.0
80.0,93.38076,3.0,58.631836,18.0,0.0,0.0,100.0,-7.0,7.0,8.0,15.0,2.0,16.0,18.677355,0.0,0.0,7.0,-8.0,5.0,1.0,0.0,75.0,0.0
75.0,268.3944,3.0,117.994095,13.0,0.0,0.0,72.24515,10.856168,6.0,6.0,12.0,1.0,46.0,-7.0,2.0,1.0,62.1494,-8.0,3.0,1.0,0.0,83.0,0.0
-9.0,-9.0,-9.0,-9.0,-9.0,-9.0,-9.0,-9.0,-9.0,-9.0,-9.0,-9.0,-9.0,-9.0,-9.0,-9.0,-9.0,-9.0,-9.0,-9.0,-9.0,-9.0,-9.0,0.0
77.0,305.85367,6.0,98.89459,54.789074,0.0,0.0,96.0,35.060444,6.0,6.0,65.37289,1.390633,32.0,0.0,3.0,3.0,4.0,-8.0,5.0,-8.0,1.0,26.387346,0.0
84.0,151.37794,17.0,88.89911,1.3990972,0.0,0.0,100.0,-7.0,7.0,8.0,3.62539,0.0,54.719727,3.9331439,0.0,0.0,3.193884,76.210594,1.0,2.0,0.0,100.0,0.0
82.0,165.61362,2.0,86.0,13.0,0.0,0.0,88.0,27.845102,6.0,6.0,13.0,2.0,-9.0,0.0,0.0,0.0,9.0,-8.0,4.0,1.0,0.0,60.0,0.0
72.0,156.39159,2.0,61.997337,15.0,0.0,0.0,88.20975,54.571976,6.0,6.0,14.0,1.1997453,33.0,0.0,3.0,3.0,35.631435,77.48841,2.0,4.0,0.0,75.0,0.0
89.0,350.04358,10.0,116.72149,22.0,0.0,0.0,100.0,-7.0,7.0,8.0,34.610065,0.0,30.0,1.0,1.0,1.0,10.0,-8.0,2.0,1.0,0.0,50.0,0.0
86.0,465.89697,6.0,154.47374,15.715551,0.0,0.0,100.0,-7.0,7.0,8.0,9.1294775,1.0,10.442009,-7.0,5.0,4.8695335,5.7257504,99.13315,3.0,1.0,0.0,44.75435,0.0
91.97248,337.35367,87.637566,156.3815,7.237336,0.0,0.0,100.0,-7.0,7.0,8.0,13.0,0.0,20.730736,-8.0,0.0,0.0,0.18824483,-8.0,1.0,1.0,0.0,31.888844,0.0
56.53457,298.3432,4.0,137.84392,12.0,2.0,1.0,56.46588,10.569234,6.0,3.0,17.532316,1.0,45.0,3.0,0.0,0.0,63.340107,91.0,2.0,2.0,2.0,71.0,0.0
88.173676,220.72304,23.271568,86.0,19.0,0.0,0.0,97.0,74.05505,6.0,6.0,18.0,0.0,35.0,8.872089,0.0,0.0,0.0,-8.0,1.5296217,-8.0,0.0,44.0,0.0
75.0,71.80581,-0.5815775,51.71206,42.2142,0.0,0.0,94.0,32.755608,6.0,6.0,47.45038,2.0,50.0,0.0,0.0,0.0,2.0,37.750946,4.0,7.657673,0.0,80.0,0.0
88.0,388.05383,6.0,155.80861,16.0,0.0,0.0,100.0,-7.0,7.0,8.0,22.0,0.0,16.85277,6.6300564,1.0,1.0,1.0,-8.0,3.0,1.0,0.0,46.62273,0.0
68.0,419.46875,5.0,108.278175,36.0,0.0,0.0,92.0,30.619747,3.410011,6.0,40.282234,2.0,28.0,0.0,1.0,1.0,12.0,51.236855,2.0,2.9926362,0.0,50.0,0.0
83.0,147.70064,24.817326,69.97118,14.0,0.0,0.0,100.0,-7.0,7.0,8.0,12.0,0.0,19.0,0.0,0.0,0.0,15.0,-8.0,2.0,1.0,0.0,32.475563,0.0
82.54423,102.41548,2.0,40.157425,26.54843,0.0,0.0,100.0,-7.0,7.0,8.0,30.0,4.0,33.0,0.0,1.0,1.0,3.0,76.0,2.0,2.0,0.0,26.953642,0.0
78.0,306.75833,4.0,120.72504,29.0,0.0,0.0,100.0,-7.0,7.0,8.0,44.1182,2.0,33.0,0.0,2.0,2.0,16.0,-8.0,4.0,1.0,2.0,50.0,0.0
78.0,216.02365,13.347932,75.82718,17.0,0.0,0.0,100.0,-7.0,7.0,8.0,32.0,1.819533,99.37742,0.0,3.0,3.0,1.1971489,99.20803,1.0,4.0,-9.0,100.0,0.0
81.0,126.93358,27.195602,61.0,7.7687783,0.0,0.0,100.0,-7.0,7.0,8.0,8.721593,0.0,25.0,-7.0,0.0,0.0,58.339676,-8.0,4.0,2.0,0.0,79.01874,0.0
64.48665,165.18362,2.0,81.010796,47.40304,0.0,0.0,96.0,6.0,6.0,6.0,56.30817,2.0,14.0,0.0,7.496392,7.4016685,46.609535,-6.8299847,25.10807,2.0,3.0,88.28683,0.0
78.0,211.86131,7.0,58.51011,21.0,0.0,0.0,100.0,-7.0,7.0,8.0,22.0,2.0,32.856873,0.0,1.0,1.0,13.0,84.04391,3.0,2.0,1.0,50.0,0.0
75.0,234.84206,5.0,67.0,20.0,1.0,0.0,95.804436,61.581635,6.0,4.597117,23.0,7.1528664,33.0,0.0,0.0,0.0,30.241941,56.02603,2.0,3.0,1.0,51.75499,0.0
85.0,73.41599,3.0,58.0,21.0,0.0,0.0,95.280075,-7.0,6.0,6.0,22.0,1.0,46.738968,0.0,0.0,0.0,10.0,-8.0,2.0,1.0,0.0,40.0,0.0
91.0,255.931,10.0,114.83968,29.0,0.0,0.0,100.0,-7.0,7.0,8.0,30.26695,0.0,38.25445,-8.0,0.0,0.0,0.0,48.69373,1.0,2.0,0.0,20.693148,0.0
82.0,309.46765,11.500323,117.20003,8.682531,0.0,0.0,100.0,-7.0,7.0,8.0,8.62807,0.0,24.231855,0.0,0.0,0.0,2.138909,-8.0,1.0,1.0,0.0,91.20338,0.0
65.0,184.37192,15.0,77.24527,20.06754,0.0,0.0,76.390495,-7.0,4.0,6.0,30.0,0.0,58.340714,0.0,1.0,1.0,50.591095,82.0,4.0,3.8883572,1.0,80.0,0.0
61.92859,356.96637,28.32658,127.040276,27.0,0.0,0.0,83.850716,10.020921,6.0,6.0,25.523548,0.0,33.0,15.441149,1.0,0.0,78.62896,65.83797,8.0,2.0,7.6751304,88.0,0.0
81.0,208.74327,9.0,115.25656,22.0,0.0,0.0,100.0,-7.0,7.0,8.0,20.754179,2.0,57.771297,0.0,0.0,0.0,59.672318,49.05901,5.0,2.0,0.0,90.07349,0.0
77.15348,149.91698,1.0,63.051872,33.0,0.0,0.0,100.0,-7.0,7.0,8.0,35.0,4.0,28.0,0.0,2.0,1.0,19.0,85.22715,6.0,14.493369,0.0,60.0,0.0
86.959496,228.34984,6.0,82.0,24.0,0.0,0.0,100.0,-7.0,7.0,8.0,19.569862,1.0,21.919613,0.0,0.0,0.0,0.0,67.81191,-9.0,3.0,0.0,23.95736,0.0
56.27728,170.07333,8.0,94.0,22.0,0.0,0.0,-9.0,3.2974548,4.0,6.0,25.635382,2.0,21.362585,6.0262895,1.0,1.0,56.40908,60.841633,13.994314,2.0,4.8791227,80.0,0.0
92.43543,319.45096,27.035875,129.96951,18.064602,0.0,0.0,100.0,-7.0,7.0,8.0,20.0,0.0,29.0,12.6364355,0.0,0.0,8.0,-8.0,4.0,3.0,0.0,60.50733,0.0
88.0,244.95628,27.63006,119.594574,22.0,0.0,0.0,100.0,-7.0,7.0,8.0,16.0,0.0,41.431732,-8.747232,0.0,0.0,1.0,-8.0,2.0,3.0,0.0,52.90273,0.0
73.0,206.58434,39.22408,125.92962,7.2239194,0.0,0.0,87.2767,9.295581,6.0,6.0,8.321269,0.0,6.8173223,-7.435644,0.0,0.0,57.19283,-8.0,5.0,-8.0,0.0,90.10404,0.0
68.33782,277.6299,3.9175572,88.69007,44.58243,3.0,1.0,89.0,12.221014,6.0,2.0,44.425774,1.0269376,26.0,0.0,2.0,1.1965444,46.53997,47.985622,12.337033,4.345861,3.0,83.78365,0.0
83.0,254.3188,4.0,108.74655,12.0,0.0,0.0,81.671974,23.825394,6.0,6.0,13.201134,1.0,46.0,0.0,0.0,0.0,10.0,19.179874,1.0,2.0,0.0,62.037807,0.0
70.0,273.27695,3.0,89.0239,10.0,1.0,0.0,88.0,24.333338,6.0,5.0,6.0457187,3.0,32.010666,0.0,1.0,1.0,17.239563,91.0,2.0,2.0,0.0,88.38479,0.0
81.0,360.92142,8.0,112.18243,32.0,0.0,0.0,100.0,-7.0,7.0,8.0,45.328194,0.0,23.0,1.0,0.0,0.0,4.6257977,-8.0,3.0,2.0,1.0,50.0,0.0
85.37595,195.31659,4.4043164,85.96899,21.0,0.0,0.0,100.0,-7.0,7.0,8.0,19.172392,2.0,21.462524,-7.0,0.0,0.0,3.0,79.50068,3.0,3.0,0.0,57.0,0.0
71.0,179.2655,7.0,92.0,10.658547,2.562647,2.0,73.05469,20.411125,4.0,2.0,13.0,1.0,57.544483,0.0,0.0,0.0,1.0,-8.0,1.0,2.0,0.0,62.748093,0.0
73.0,248.7982,3.0,84.340935,32.0,0.0,0.0,100.0,-7.0,7.0,8.0,32.26203,2.0,59.507835,0.0,1.0,1.0,34.35926,87.09513,4.0,3.0,1.0,80.0,0.0
84.0,148.89474,15.0,77.0,29.0,0.0,0.0,100.0,-7.0,7.0,8.0,37.891235,0.0,32.38284,9.0,0.0,0.0,47.07847,67.426414,3.0,2.0,0.0,83.15275,0.0
81.0,191.95679,6.0,66.43575,20.0,0.0,0.0,100.0,-7.0,7.0,8.0,23.0,2.0,25.403353,0.7676968,1.0,1.0,2.0,100.0,1.0,3.0,0.0,50.0,0.0
69.0,155.28398,4.0,70.980896,51.863857,3.0,3.121959,93.12761,15.856272,6.0,6.0,60.049847,4.0,36.48834,-7.0,2.0,1.8812059,51.683453,88.781685,14.837494,6.4819756,4.0,86.0,0.0
83.0,231.8582,29.079155,127.49213,4.18005,0.0,0.0,84.467316,49.313572,6.0,6.0,8.0,0.0,71.28877,8.0,2.0,2.0,0.0,-8.0,-7.478431,-8.0,0.0,88.0,0.0
70.0,35.579315,4.0,38.649014,17.0,0.0,0.0,100.0,-7.0,7.0,8.0,24.0,1.0,38.0,0.0,2.0,2.0,89.77925,85.00617,3.0,3.0,3.0,100.0,0.0
82.0,187.96902,8.0,65.10922,29.509165,0.0,0.0,100.0,-7.0,7.0,8.0,30.0,1.8862152,29.0,21.68064,0.0,0.0,12.0,-8.0,1.0,2.0,0.0,43.0,0.0
83.0,64.98111,31.589415,65.296715,11.0,0.0,0.0,100.0,-7.0,7.0,8.0,8.408016,0.0,67.15573,-8.0,0.0,0.0,6.0,-8.0,1.0,1.0,0.0,57.442974,0.0
89.11188,156.68628,1.0,107.82906,18.0,0.0,0.0,100.0,-7.0,7.0,8.0,20.0,2.0,42.101425,-7.0,13.693499,11.997269,6.0,99.136505,2.0,1.0,0.0,53.186535,0.0
82.0,188.09782,11.0,71.0,20.327496,0.0,0.0,95.0,67.43333,6.0,6.0,25.0,0.0,21.0,2.0,2.0,2.0,7.0,25.208214,3.0,2.0,0.0,63.0,0.0
72.50901,268.42755,5.0,68.62499,14.0,2.0,0.0,78.46194,53.15997,6.0,2.5883076,10.621291,5.0,44.0,7.2242055,0.0,0.0,13.920636,82.10721,2.0,3.0,0.0,67.0,0.0
73.0,158.01172,15.015411,67.0,19.628786,0.0,0.0,100.0,-7.0,7.0,8.0,23.0,0.0,30.0,1.0,2.0,2.0,43.74575,80.0,2.710142,5.0,1.0,71.0,0.0
79.29449,197.88098,3.0,66.346,42.79386,0.0,0.0,100.0,-7.0,7.0,8.0,44.346237,3.0,32.0,0.0,0.0,0.0,8.719585,52.358456,4.0,5.465285,0.0,77.79326,0.0
54.338608,174.5577,6.0,81.0,22.0,0.0,0.0,83.5575,-7.0,0.0,6.0,22.346666,4.0,21.0,0.0,0.0,0.0,73.99812,91.245735,8.0,2.0,1.0,80.0,0.0
68.90368,170.93643,24.562922,90.0,11.333531,0.0,0.0,100.0,-7.0,7.0,8.0,12.462467,0.0,17.0,23.317493,0.0,0.0,108.66595,32.737213,4.0,2.0,8.314674,91.59936,0.0
73.0,253.07385,1.0,88.46971,36.504204,0.0,0.0,100.0,-7.0,7.0,8.0,45.150734,4.0,20.0,1.0,4.0,4.0,50.955734,94.57428,7.0,2.0,2.0692925,77.157036,0.0
69.77468,385.61774,10.0,102.65039,25.0,0.0,0.0,100.0,-7.0,7.0,8.0,27.296816,1.0,40.0,22.009123,0.0,0.0,26.349964,81.84717,8.0,3.0,1.0,88.82659,0.0
75.0,253.45518,16.4661,76.0,23.0,0.0,0.0,100.0,-7.0,7.0,8.0,36.08091,0.0,17.0,-7.0,1.7159221,1.0,10.272009,-8.0,3.0,1.0,0.0,75.0,0.0
68.0,146.35577,8.035639,80.39526,19.208805,1.0,1.0,100.0,-7.0,6.4919014,8.0,23.0,0.0,40.0,0.0,3.0,3.0,70.562004,-8.0,5.941606,1.0,2.0,80.0,0.0
66.84484,176.97403,4.0,67.85694,24.0,0.0,0.0,93.0,29.744059,6.0,6.0,25.88178,3.0,57.945164,0.0,1.0,1.0,59.59205,92.935776,6.0,2.0,2.0,85.0649,0.0
80.55388,312.64597,7.0,106.38945,23.0,0.0,0.0,100.0,-7.0,7.0,8.0,21.0,1.0,25.0,0.0,0.0,0.0,25.0,-8.0,6.0,2.0,1.0,53.857944,0.0
68.0,165.21733,-9.0,74.57807,30.0,2.0,2.0,100.0,-7.0,6.0,8.0,44.22314,2.0,45.0,0.0,6.279714,6.030544,32.13474,77.40394,5.0,4.0,2.0,80.0,0.0
62.0,313.4432,2.8947518,81.0,56.76726,0.0,0.0,100.0,16.065613,6.0,6.0,62.236504,2.0,21.0,0.0,6.2109504,6.174002,29.00461,-8.0,12.742907,1.0,4.862225,54.636265,0.0
77.0,-6.62937,3.0,45.884384,4.361371,0.0,0.0,100.0,-7.0,7.0,8.0,11.0,1.0,31.0,0.0,3.0,2.0,22.956593,49.386906,1.0,1.0,0.0,100.0,0.0
65.0,224.27191,19.353535,168.22003,15.0,0.0,0.0,82.48445,-7.0,1.3359084,6.0,16.0,0.0,31.479532,0.0,0.0,0.0,45.07246,-8.0,9.0,1.0,2.0,80.89694,0.0
-9.0,-9.0,-9.0,-9.0,-9.0,-9.0,-9.0,-9.0,-9.0,-9.0,-9.0,-9.0,-9.0,-9.0,-9.0,-9.0,-9.0,-9.0,-9.0,-9.0,-9.0,-9.0,-9.0,0.0
80.0,285.54974,11.0,147.99074,27.0,0.0,0.0,100.0,-7.0,7.0,8.0,23.0,0.0,21.193203,7.0,0.0,0.0,38.64563,-8.0,9.0,2.0,1.0,58.90629,0.0
74.0,135.91566,3.0,61.0,12.0,0.0,0.0,95.0,70.4501,6.0,6.0,15.217214,4.0,38.0,-8.0,1.0,1.0,46.752987,-8.0,3.0,2.0,2.0,83.0,0.0
86.397575,153.98193,29.23603,120.2147,13.0,0.0,0.0,100.0,-7.0,7.0,8.0,15.0,0.0,-9.0,5.2307587,0.0,0.0,7.0,-8.0,3.0,1.0,0.0,49.39203,0.0
84.0,226.95834,2.0,83.0,27.0,0.0,0.0,100.0,-7.0,7.0,8.0,29.645004,2.0,36.0,0.0,3.9689364,4.0,1.0,-8.0,1.0,1.0,0.0,33.0,0.0
75.0,349.4668,9.0,130.46324,25.239624,0.0,0.0,100.0,-7.0,7.0,8.0,34.0,1.0,41.0,-8.0,0.0,0.0,47.73003,29.968206,7.0,2.0,2.0,82.25907,0.0
68.0,166.25444,5.0,70.0,28.0,0.0,0.0,100.0,-7.0,7.0,8.0,34.36318,2.0,23.161177,9.279821,0.0,0.0,45.50688,-8.0,5.0,2.0,1.0,70.0,0.0
-9.0,-9.0,-9.0,-9.0,-9.0,-9.0,-9.0,-9.0,-9.0,-9.0,-9.0,-9.0,-9.0,-9.0,-9.0,-9.0,-9.0,-9.0,-9.0,-9.0,-9.0,-9.0,-9.0,0.0
73.0,55.026253,2.0,63.0,35.821842,0.0,0.0,100.0,-7.0,7.0,8.0,40.651432,3.0,22.61485,0.0,2.0,2.0,16.536608,95.83028,6.0,3.0,1.0,57.0,0.0
70.0,147.98987,2.0,74.0,20.0,1.0,0.9214322,95.0,4.993741,6.0,6.0,8.0,5.0,43.769592,0.0,2.0,2.0,33.1513,92.45466,5.0,5.0,1.0,71.15965,0.0
-9.0,-9.0,-9.0,-9.0,-9.0,-9.0,-9.0,-9.0,-9.0,-9.0,-9.0,-9.0,-9.0,-9.0,-9.0,-9.0,-9.0,-9.0,-9.0,-9.0,-9.0,-9.0,-9.0,0.0
87.874756,216.77202,36.79893,103.99979,15.0,0.0,0.0,100.0,-7.0,7.0,8.0,14.0,0.0,28.0,-8.0,0.0,0.0,20.557493,-8.0,2.357369,1.0,0.0,60.0,0.0
-9.0,-9.0,-9.0,-9.0,-9.0,-9.0,-9.0,-9.0,-9.0,-9.0,-9.0,-9.0,-9.0,-9.0,-9.0,-9.0,-9.0,-9.0,-9.0,-9.0,-9.0,-9.0,-9.0,0.0
79.38414,376.9887,4.0,98.42157,20.0,0.0,0.0,100.0,-7.0,7.0,8.0,22.0,2.0,42.031006,-8.0,0.0,0.0,43.11239,83.88364,5.0,3.9327235,0.0,75.0,0.0
87.0,187.72934,20.263744,71.0,19.0,0.0,0.0,100.0,-7.0,7.0,8.0,23.0,0.0,22.0,-7.0,0.0,0.0,5.1253157,-8.0,4.0,2.0,0.0,50.0,0.0
63.0,144.42688,3.0,40.39579,22.0,1.0,1.0,100.0,-7.0,6.0,8.0,25.290598,3.0,40.0,0.0,2.0,2.0,10.266685,84.43164,3.0,2.0,1.0,60.0,0.0
78.89185,126.95392,21.973577,62.273613,13.0,0.0,0.0,100.0,-7.0,7.0,8.0,14.0,0.0,22.131332,-8.0,0.0,0.0,51.42791,-8.0,5.0,1.0,0.0,95.12508,0.0
81.0,165.0562,2.0,77.0,19.581432,0.0,0.0,100.0,-7.0,7.0,8.0,23.737558,2.0,25.0,-8.0,5.8626304,5.2642303,28.0,84.0129,2.0,2.0,0.0,31.4237,0.0
82.03071,155.67232,4.0,66.120605,34.729126,0.0,0.0,100.0,-7.0,7.0,8.0,31.0,3.0,25.251839,0.0,2.0,2.0,11.0,63.796448,2.0,3.0,0.0,45.12398,0.0
62.68522,138.04163,2.0,70.0,36.586506,2.0,2.0,93.0,22.180809,4.0,2.0,49.297108,6.643034,39.476448,1.0,5.7841406,5.0,43.889248,80.0,6.0,3.0,2.0,67.0,0.0
79.0,170.02985,4.0,58.869926,39.822186,0.0,0.0,100.0,-7.0,7.0,8.0,44.448612,2.0,23.761658,0.0,2.0,2.0,12.0,61.411297,4.0,3.0,1.0,50.0,0.0
77.0,217.6697,2.0,63.0,6.0,0.0,0.0,100.0,-7.0,7.0,8.0,6.8096123,2.0,43.0,0.0,1.0,1.0,42.8149,64.84545,2.0,1.0,0.0,75.0,0.0
72.916794,312.6662,6.0,108.306404,30.98301,0.0,0.0,100.0,-7.0,7.0,8.0,30.418694,1.0,30.0,-7.0,0.0,0.0,72.47469,77.12426,6.704342,3.0,1.0,75.0,0.0
81.0,150.69153,16.0,67.224174,12.2113695,0.0,0.0,100.0,-7.0,7.0,8.0,12.0,0.0,25.294981,18.398092,0.0,0.0,11.721406,86.38396,1.0,2.0,0.0,43.286484,0.0
81.0,320.4857,10.0,116.22744,15.0,0.0,0.0,100.0,-7.0,7.0,8.0,18.0,1.0,27.0,7.0,0.0,0.0,38.370388,53.37418,4.0,2.0,2.0,88.0,0.0
65.29332,139.68227,6.0,45.702114,25.0,2.0,1.9572666,100.0,-7.0,7.0,8.0,37.0,2.0,33.0,5.0,0.0,0.0,59.95727,82.0,8.0,2.0,1.0,98.54452,0.0
70.0,249.29514,4.0,72.0,17.0,0.0,0.0,88.0,31.088854,6.0,6.0,12.0,4.0,35.0,0.0,1.0,1.0,30.360815,-8.0,4.0,5.6926284,1.0,67.387505,0.0
-9.0,-9.0,-9.0,-9.0,-9.0,-9.0,-9.0,-9.0,-9.0,-9.0,-9.0,-9.0,-9.0,-9.0,-9.0,-9.0,-9.0,-9.0,-9.0,-9.0,-9.0,-9.0,-9.0,0.0
77.31612,185.48854,7.0,66.13594,29.0,0.0,0.0,100.0,-7.0,7.0,8.0,29.0,2.0,59.324665,0.0,0.0,0.0,17.0,100.0,5.0,2.0,0.0,71.0,0.0
72.0,134.16026,5.0,60.60007,23.0,0.0,0.0,94.0,75.63254,6.0,6.0,19.0,3.0,45.0,9.988411,0.0,0.0,19.0,73.50335,1.9865901,5.76427,0.0,88.7853,0.0
78.0,196.98491,27.054934,114.83217,16.0,0.0,0.0,95.0,6.0,4.0,6.0,21.0,0.0,44.4951,0.0,2.0,2.0,16.552711,-8.0,3.0,2.0,0.0,86.0,0.0
79.0,156.80615,3.0,112.21667,6.481155,0.0,0.0,100.0,-7.0,7.0,8.0,6.0503254,1.0,0.0,20.783451,0.0,0.0,32.0,-8.0,6.0,-8.0,1.0,56.08059,0.0
64.0,81.30462,9.0,68.90462,18.0,0.0,0.0,83.5537,23.493996,6.0,6.0,19.0,1.0,30.0,-8.0,0.0,0.0,49.168797,79.64678,5.0,2.0,4.0,67.0,0.0
87.0,161.26614,4.0,83.0,17.0,0.0,0.0,100.0,-7.0,7.0,8.0,19.0,2.0,33.5125,0.0,2.0,2.0,4.0,67.65986,2.0,2.0,0.0,44.0,0.0
77.30528,264.57507,22.455986,116.0117,19.0,0.0,0.0,100.0,-7.0,7.0,8.0,25.0,0.0,28.0,-8.153918,0.0,0.0,54.92043,-8.0,4.0,1.0,1.0,75.0,0.0
90.01138,273.82248,30.814425,116.04399,9.0,0.0,0.0,100.0,-7.0,7.0,8.0,11.0,0.0,33.157917,0.0,1.0,1.0,2.0,-8.0,1.0,1.0,0.0,33.0,0.0
79.0,376.90234,15.0,160.92534,20.0,2.0,2.4245682,94.0,80.02944,6.0,2.0,23.0,0.0,13.0,0.0,1.0,1.0,6.807838,-8.0,3.0,1.0,0.0,46.599983,0.0
66.0,112.16384,9.0,58.200035,17.0,0.0,0.0,88.0,17.209251,6.0,6.0,15.0,1.0,55.48073,8.0,0.0,0.0,40.96079,-8.0,4.0,2.0,1.0,80.0,0.0
88.349815,173.66356,1.0394437,96.81062,27.0,0.0,0.0,100.0,-7.0,7.0,8.0,51.605915,2.0,21.451189,3.0,0.0,0.0,0.0,-8.0,2.0,-8.0,0.0,43.0,0.0
85.0,228.70842,4.0,86.0,12.93686,0.0,0.0,89.0,-8.766612,5.0,6.0,15.0,1.0,47.0,-7.0,0.0,0.0,1.7974334,94.62859,4.0,2.0,0.0,80.0,0.0
63.43635,244.38011,1.0,103.168655,35.89242,0.0,0.0,100.0,-7.0,7.0,8.0,54.589714,2.0,28.0,0.0,2.0,2.0,64.68182,-8.0,23.619541,1.0,9.901148,80.0,0.0
68.0,165.09297,3.0,87.47695,63.965225,0.0,0.0,97.0,4.186645,3.615311,6.0,86.84655,7.672708,69.04487,-7.0,0.0,0.0,34.333355,73.95905,6.0,4.392108,1.0,84.93028,0.0
65.0,495.2166,13.9738455,130.778,45.660572,1.0,1.0,95.0,-7.0,-9.0,6.0,61.979336,0.0,29.0,0.0,0.0,0.0,25.0,45.98743,11.0,4.0,0.0,57.0,0.0
74.0,132.6427,2.0,64.11189,12.0,2.52573,2.276333,100.0,-7.0,4.0,8.0,18.0,2.0,32.24739,2.0,1.0,1.0,3.0,81.11271,2.0,2.0,0.0,49.205753,0.0
80.0,140.6337,53.06017,103.176865,13.0,0.0,0.0,95.0,-7.0,4.005618,6.0,17.0,0.0,56.58938,0.0,0.0,0.0,33.91367,50.955593,2.0,2.0,1.0,70.0,0.0
89.72961,361.075,-9.0,162.09325,39.75584,0.0,0.0,100.0,-7.0,7.0,8.0,50.615623,3.0,8.202561,3.486858,1.0,1.0,1.0,45.48142,8.0,2.0,0.0,33.0,0.0
57.98749,165.85193,17.0,93.0,16.0,2.0,1.0,94.0,7.2561493,4.0,2.0,19.0,0.0,53.673634,9.6061735,0.0,0.0,48.99134,82.3069,2.0,2.0,0.0,86.7465,0.0
75.0,224.07455,3.0,82.2156,24.948513,0.0,0.0,100.0,-7.0,7.0,8.0,28.0,2.0,42.0,0.0,0.0,0.0,45.769966,91.217926,4.0,2.0,1.0,82.55033,0.0
85.0,187.54268,10.130965,81.0,19.073708,0.0,0.0,100.0,-7.0,7.0,8.0,21.967411,0.0,46.0,0.0,2.0,1.0,4.5283327,61.81779,1.0,2.0,0.0,33.0,0.0
-9.0,-9.0,-9.0,-9.0,-9.0,-9.0,-9.0,-9.0,-9.0,-9.0,-9.0,-9.0,-9.0,-9.0,-9.0,-9.0,-9.0,-9.0,-9.0,-9.0,-9.0,-9.0,-9.0,0.0
90.68366,191.9781,5.0,94.0,31.0,0.0,0.0,100.0,-7.0,7.0,8.0,37.569775,1.0,61.43209,0.0,0.0,0.0,5.0,69.37055,3.0,3.0,0.0,46.321587,0.0
86.0,233.64569,4.3999305,91.458176,15.0,0.0,0.0,87.14308,21.965754,6.0,6.0,17.0,1.0,20.107908,0.0,0.0,0.0,6.3591824,-8.0,2.0,-8.0,0.0,36.786728,0.0
82.0,234.22276,15.0,86.70215,8.12261,0.0,0.0,100.0,-7.0,7.0,8.0,9.0,0.0,50.0,0.0,0.0,0.0,54.858326,11.323504,3.0,2.0,0.0,78.0,0.0
73.0,149.28569,5.0,41.0063,24.0,0.0,0.0,100.0,-7.0,7.0,8.0,20.0,2.466019,36.95801,1.0,2.0,2.0,20.585875,30.910938,4.0,3.0,0.0,50.0,0.0
71.0,205.74509,5.1717176,83.0,32.45374,0.0,0.0,100.0,-7.0,7.0,8.0,45.49422,2.0,23.0,5.0,0.0,0.0,35.02017,71.0,4.0,2.0,2.0,50.0,0.0
91.61748,214.06659,4.0,109.1656,16.0,0.0,0.0,100.0,-7.0,7.0,8.0,23.0,1.0,17.0,13.14063,0.0,0.0,0.0,15.806229,2.0,-3.934906,0.0,11.737808,0.0
86.0,232.31207,4.0,100.0,26.0,0.0,0.0,100.0,-7.0,7.0,8.0,31.0,2.0,37.0,0.0,4.8584743,4.856657,0.0,-8.0,3.0,-8.0,0.0,40.0,0.0
86.50591,308.17834,12.0,82.13703,27.639885,0.0,0.0,100.0,-7.0,7.0,8.0,25.0,0.0,34.97921,-0.54637426,0.0,0.0,3.0,-8.0,4.0,2.0,0.0,50.0,0.0
78.0,139.55151,4.0,115.01542,23.0,0.0,0.0,100.0,-7.0,7.0,8.0,10.0,2.0,22.380861,1.0,1.0,1.0,56.774307,45.458904,6.0,1.0,1.0,68.69016,0.0
67.0,257.85986,13.0,88.36196,27.707869,0.0,0.0,94.0,3.0,4.0,6.0,35.0,0.0,47.0,6.0,1.0,1.0,30.89349,-8.0,9.0,3.0,1.0,80.0,0.0
80.0,176.11263,2.0,48.08481,25.0,0.0,0.0,100.0,-7.0,7.0,8.0,27.0,4.0,19.187447,3.0,0.0,0.0,9.889936,27.78389,7.347994,2.0,0.0,69.82055,0.0
63.0,42.19444,1.0,18.576365,9.503579,1.0,1.0,77.05862,21.746893,6.0,2.0,14.0,1.0,36.0,0.0,1.0,0.0,22.49932,64.889015,5.0,1.0,0.0,100.0,0.0
80.03313,214.10349,-9.0,85.630905,28.0,0.0,0.0,100.0,-7.0,7.0,8.0,26.0,1.0,13.425613,-8.0,0.0,0.0,13.0,33.266167,6.0,3.0,1.0,50.0,0.0
86.23887,311.47983,10.0,88.69967,24.971472,0.0,0.0,100.0,-7.0,7.0,8.0,25.0,0.0,20.0,18.723671,0.0,0.0,7.0,26.916348,3.0,2.0,0.0,45.903633,0.0
65.0,207.68369,5.0,86.786156,25.0,0.0,0.0,86.00263,18.322138,4.0,5.0,28.0,2.0,34.053425,-7.0,0.0,0.0,64.57616,73.81425,8.0,3.0,3.8548057,70.0,0.0
87.0,377.68027,2.0,119.08857,20.0,0.0,0.0,100.0,-7.0,7.0,8.0,22.0,2.0,17.0,5.143029,0.0,0.0,0.0,-8.0,4.0,1.0,0.0,50.0,0.0
65.0,158.67732,5.9523063,-9.0,11.529031,0.0,0.0,84.25003,24.547022,6.0,6.0,15.0,2.0,19.605799,-7.0,3.0,3.0,42.512897,-8.0,5.0,1.0,1.0,83.0,0.0
79.13322,270.82858,12.740918,110.22076,20.0,0.0,0.0,95.0,19.244253,6.0,6.0,19.0,0.0,33.0,0.0,0.0,0.0,18.0,-8.0,4.0,-8.0,1.0,60.0,0.0
90.12469,286.32407,4.0,120.102165,22.0,0.0,0.0,91.0,-9.0,6.0,5.0,31.84581,1.0,21.0,-7.0,0.0,0.0,0.0,33.970497,1.1904633,1.0,0.0,40.70049,0.0
88.35422,222.88312,35.60313,158.31635,10.0,0.0,0.0,100.0,-7.0,7.0,8.0,13.0,0.0,29.786312,-8.0,0.0,0.0,28.0,80.34038,2.0,2.0,0.0,70.67258,0.0
76.0,134.97386,6.0,62.318935,28.0,0.0,0.0,95.0,-7.0,-9.0,6.0,26.508541,1.0,39.0,0.0,2.0,2.0,2.5350122,98.69587,2.0,3.0,0.0,60.0,0.0
75.0,275.29504,1.0,68.0,24.0,0.0,0.0,97.0,31.39129,6.0,6.0,29.110813,5.0,41.592514,0.0,4.0,4.0,19.504982,88.0,5.0,3.0,1.0,90.11979,0.0
88.91644,311.5208,21.485529,118.456116,8.0,0.0,0.0,100.0,-7.0,7.0,8.0,6.2846484,0.0,38.0,-7.0,0.0,0.0,15.065045,-8.0,4.0,1.0,0.0,79.16227,0.0
8.86927,125.40588,6.0,70.0,17.561249,3.770406,3.633802,83.95774,3.2237055,-7.478915,2.141491,22.0,2.0,17.78153,-7.0,0.0,0.0,29.481857,-8.0,4.0,1.0,0.0,50.0,0.0
66.599945,122.01706,14.0,63.0,21.0,1.0,0.0,93.0,45.307808,6.0,2.0,22.0,0.0,33.0,0.0,3.0,3.0,80.8002,45.260612,5.0,5.0,3.0,80.0,0.0
73.0,166.73514,20.0,111.877235,24.560204,0.0,0.0,100.0,-7.0,7.0,8.0,23.61905,0.0,22.0,18.46091,0.0,0.0,72.637535,-8.0,4.7493954,1.0,1.0,75.0,0.0
85.0,179.32404,2.0,67.30607,40.63413,0.0,0.0,100.0,-7.0,7.0,8.0,42.348114,3.0,27.324333,0.0,2.0,2.0,12.039191,82.0,3.0,5.6567082,0.0,46.18642,0.0
75.0,339.52377,-9.0,74.0,46.758633,0.0,0.0,100.0,-7.0,7.0,8.0,50.73821,3.0,24.0,10.967157,0.0,0.0,38.94168,100.0,3.0,4.0,2.0,43.0,0.0
77.0,184.97127,2.0,75.36642,36.734318,0.0,0.0,100.0,-7.0,7.0,8.0,51.49046,2.0,30.800722,0.0,6.635182,6.3325515,11.0,72.26505,7.0,3.8660507,1.0,60.0,0.0
82.0,252.19688,4.0,78.82604,15.0,0.0,0.0,100.0,-7.0,7.0,8.0,16.0,2.0,15.160384,-7.0,0.0,0.0,17.0,-8.0,5.0,-8.0,0.0,80.0,0.0
79.58473,187.06479,17.002577,128.76352,14.0,0.0,0.0,80.709854,37.319183,6.0,6.0,17.0,0.0,11.0,-7.0,1.0,1.0,13.580279,-8.0,9.944979,1.0,1.0,82.89343,0.0
66.0,187.06297,3.0,74.0,41.376205,0.0,0.0,98.02559,23.733442,6.0,6.0,38.15695,2.0,22.0,0.0,3.0,3.0,31.187298,-8.0,19.745953,1.0,0.0,74.456154,0.0
81.0,138.33257,2.0,65.300064,39.620552,0.0,0.0,100.0,-7.0,7.0,8.0,39.391453,3.0,34.019753,-8.0,0.0,0.0,25.303398,98.27791,5.0,1.0,0.0,50.0,0.0
78.0,391.47546,23.06177,118.59001,31.974804,0.0,0.0,100.0,-7.0,7.0,8.0,25.13046,0.0,25.0,-7.0,2.0,2.0,33.700886,38.793003,7.0,3.0,1.0,63.0,0.0
88.79934,230.59097,2.0,95.95959,-9.0,0.0,0.0,100.0,-7.0,7.0,8.0,10.0,1.0,17.0,12.0,0.0,0.0,1.0,-8.0,2.0,-9.0,0.0,40.0,0.0
79.47054,230.33203,1.0,83.0,28.0,0.0,0.0,100.0,-7.0,7.0,8.0,15.0,6.0,25.0,0.0,1.0,1.0,17.539127,82.0,4.0,1.0,2.0,43.350235,0.0
72.0,168.75948,4.0,68.0,25.0,0.0,0.0,100.0,-7.0,7.0,8.0,13.0,2.0,11.0,0.0,1.0,1.0,32.0,-8.0,3.0,1.0,4.0,-2.9514604,0.0
66.0,182.92981,6.0,84.0,28.0,0.0,0.0,95.0,31.393661,6.0,6.0,31.0,3.0,21.0,0.0,3.0,2.0,29.358541,64.06678,4.0,2.0,3.0,56.0,0.0
82.0,220.18588,26.881521,69.07671,20.0,0.0,0.0,100.0,-7.0,7.0,8.0,24.0,0.0,49.748882,-8.0,0.0,0.0,11.0,45.010773,1.0,6.038836,0.0,67.0,0.0
81.0,193.1786,-9.0,63.0,6.1162944,0.0,0.0,100.0,-7.0,7.0,8.0,9.0,5.0,32.0,0.0,2.0,2.0,9.0,98.03159,2.0,2.0,0.0,63.413853,0.0
79.48172,208.40291,4.0,58.94196,11.0,0.0,0.0,100.0,-7.0,7.0,8.0,8.333634,1.0,20.0,5.0,1.6761789,1.0,7.0,-8.0,2.0,1.0,0.0,63.0,0.0
69.19762,166.43436,11.0,63.11519,15.0,0.0,0.0,100.0,-7.0,7.0,8.0,14.0,2.0,38.74248,0.0,1.0,1.0,80.06427,-8.0,5.0,2.0,0.0,83.0,0.0
81.0,133.1143,23.631224,90.0,19.716402,0.0,0.0,100.0,-7.0,7.0,8.0,19.158773,0.0,32.694817,9.0,0.0,0.0,35.131058,49.68843,4.0,3.0,1.0,100.0,0.0
-9.0,-9.0,-9.0,-9.0,-9.0,-9.0,-9.0,-9.0,-9.0,-9.0,-9.0,-9.0,-9.0,-9.0,-9.0,-9.0,-9.0,-9.0,-9.0,-9.0,-9.0,-9.0,-9.0,0.0
72.0,137.97595,9.0,43.998302,27.673817,0.0,0.0,100.0,-7.0,7.0,8.0,27.0,2.0,33.0,-2.4466388,0.0,0.0,53.464092,-8.0,3.0,4.0,0.0,69.53648,0.0
68.0,211.73756,1.0,81.0,36.098587,1.0,0.0,86.469154,31.6712,6.0,6.0,44.4501,3.0,34.900043,0.0,2.6755614,3.0,51.54013,66.73673,7.0,4.0,0.0,69.14592,0.0
66.050285,212.59299,4.0,74.0,46.22144,0.0,0.0,100.0,-7.0,7.0,8.0,43.02106,2.0,33.0,0.0,4.0,3.7565465,49.370556,88.391365,5.0,3.0,1.0,56.572437,0.0
-9.0,-9.0,-9.0,-9.0,-9.0,-9.0,-9.0,-9.0,-9.0,-9.0,-9.0,-9.0,-9.0,-9.0,-9.0,-9.0,-9.0,-9.0,-9.0,-9.0,-9.0,-9.0,-9.0,0.0
70.0,274.01767,6.0,105.8304,20.0,1.0,0.0,88.0,6.2385054,3.0,6.0,21.051857,1.0,50.0,-7.0,0.0,0.0,13.646175,89.29941,1.0,3.0,0.0,86.0,0.0
69.0,96.18312,8.0,16.93104,8.0,0.0,0.0,100.0,-7.0,7.0,8.0,14.0,2.0,45.299984,-7.0,4.30992,4.089764,59.972103,56.340664,3.0,1.0,0.0,53.3774,0.0
88.42049,335.04703,21.1238,94.0,29.0,0.0,0.0,100.0,-7.0,7.0,8.0,34.44692,0.0,40.0,-7.0,0.0,0.0,0.6440327,-8.0,1.0,-9.0,0.0,11.157775,0.0
67.59074,159.34709,5.0,79.160675,21.0,2.0,2.0,93.0,-7.0,-9.0,6.0,22.0,1.0,41.814262,1.0,3.0,3.0,9.0,-8.0,1.0,-8.0,0.0,31.748594,0.0
68.0,138.72252,6.0,60.18501,14.0,1.0,0.0,82.96705,35.79116,6.0,3.8392408,19.0,2.0,49.8461,1.0,0.0,0.0,75.05827,89.96108,1.3361126,2.0,2.0,63.995697,0.0
84.0,170.56947,5.0,75.0,25.0,0.0,0.0,100.0,-7.0,7.0,8.0,26.377821,2.0,46.0,0.0,0.0,0.0,0.0,80.0,0.0,2.0,0.0,57.0,0.0
86.0,353.29373,17.0,98.67495,16.0,0.0,0.0,100.0,-7.0,7.0,8.0,13.0,0.0,16.046574,-8.0,0.0,0.0,11.16863,-8.0,2.0,1.0,0.0,36.169426,0.0
70.0,188.45128,2.0,62.00818,42.75817,0.0,0.0,94.68844,14.143657,6.0,6.0,36.835407,5.0,23.0,0.0,3.0,3.0,18.0,73.00499,6.0,3.0,0.0,44.0,0.0
85.0,161.26273,32.51478,106.34838,-9.0,0.0,0.0,100.0,-7.0,7.0,8.0,3.5924885,0.0,32.347515,-7.0,0.0,0.0,17.0,-8.0,1.0,1.0,0.0,100.0,0.0
87.0,185.38567,15.46342,85.30251,13.0,0.0,0.0,100.0,-7.0,7.0,8.0,3.9084353,1.0,42.62846,-7.0,2.0,2.0,1.1184778,41.049496,1.0,2.0,0.0,75.0,0.0
76.0,323.43433,15.0,125.014915,27.0,0.0,0.0,96.0,36.305676,6.0,6.0,28.0,0.0,44.060825,1.0,1.0,1.0,36.704758,36.402435,7.0,3.0,0.0,75.0,0.0
87.0,115.557594,38.831505,91.45267,14.0,0.0,0.0,100.0,-7.0,7.0,8.0,-9.0,0.0,17.0,0.0,0.0,0.0,23.930387,-8.0,4.0,1.0,0.0,86.066,0.0
76.0,346.75592,2.0,77.15767,23.0,0.0,0.0,100.0,-7.0,7.0,8.0,22.0,4.0,50.0,6.0,0.0,0.0,59.71597,45.689556,5.0,2.0,3.0,63.0,0.0
80.0,259.38715,10.0,98.14987,22.0,0.0,0.0,100.0,-7.0,7.0,8.0,24.0,0.0,38.181934,0.0,0.0,0.0,18.0,60.327003,4.0,2.0,2.0,66.097176,0.0
82.0,209.01874,19.687624,72.78005,27.0,0.0,0.0,100.0,-7.0,7.0,8.0,29.0,0.0,51.289185,4.0,1.0,1.0,14.0,99.59557,3.0,3.0,0.0,67.0,0.0
78.0,163.70554,1.2721196,61.0,68.40882,0.0,0.0,100.0,-7.0,7.0,8.0,56.69709,10.983143,20.171267,1.0,4.983084,4.0,4.0,-8.0,2.0,3.0,0.0,36.108585,0.0
66.29622,148.29877,8.338928,86.0,29.0,1.0,1.0,100.0,-7.0,7.0,8.0,39.46548,2.0,42.0,0.0,0.0,0.0,15.464122,-8.0,4.0,2.0,0.0,33.0,0.0
76.0,187.25143,2.0,88.238716,27.0,0.0,0.0,96.0,23.361704,6.0,6.0,27.0,1.0,37.0,0.0,0.0,0.0,0.9706068,17.682016,3.0,2.0,0.0,47.658485,0.0
80.0,281.7617,2.1254094,111.52178,41.947205,0.0,0.0,100.0,-7.0,7.0,8.0,55.011425,1.4887011,51.687847,7.0,1.0,1.0,8.0,-8.0,4.0,7.0305734,0.0,59.997643,0.0
80.0,-8.0,1.0,108.10523,42.95278,0.0,0.0,100.0,-7.0,7.0,8.0,-9.0,3.0,28.0,4.439805,0.0,0.0,21.0,-8.0,6.0,3.0,0.0,64.0,0.0
73.0,205.36064,4.5530906,88.123024,27.481718,0.0,0.0,94.0,53.784924,6.0,6.0,21.0,2.0,22.074371,0.0,1.0,1.0,39.062496,86.81436,4.0,4.0,3.0,50.0,0.0
80.0,305.87274,4.0,65.0,42.58239,0.0,0.0,100.0,-7.0168276,7.0,6.0,44.14476,5.0,52.835693,0.0,2.0,2.0,18.54713,67.537766,5.0,7.5700326,0.0,57.0,0.0
85.0,359.36398,13.552084,113.136765,27.0,0.0,0.0,100.0,-7.0,7.0,8.0,38.44294,0.0,18.417723,10.662025,0.0,0.0,2.0,-8.0,2.018241,2.0,0.0,46.246582,0.0
89.0,389.0055,41.960197,179.80414,14.986061,0.0,0.0,100.0,-7.0,7.0,8.0,15.0,0.0,27.0,-7.0,0.0,0.0,0.0,93.0,1.3782756,2.0,0.0,67.0,0.0
68.0,152.75534,20.969275,111.21245,12.0,0.0,0.0,77.86526,18.288034,6.0,6.0,15.0,0.0,33.0,0.0,0.0,0.0,27.301737,-8.0,2.0,1.0,1.0,50.0,0.0
85.53842,233.6348,3.3596945,83.46439,31.210482,0.0,0.0,100.0,-7.0,7.0,8.0,28.0,1.0,36.0,-7.0,1.0,1.0,8.0,-8.0,5.0,1.0,0.0,52.611126,0.0
84.0,241.22269,2.0,98.9523,15.0,0.0,0.0,100.0,-7.0,7.0,8.0,12.0,2.0,24.764912,1.0,3.5977194,3.845747,10.0,-8.0,3.0,1.0,1.0,67.0,0.0
77.0,221.91696,3.0,88.0092,47.60546,0.0,0.0,92.0,17.495234,6.0,6.0,46.423702,2.0,39.612915,7.7301407,2.0,1.8565878,25.351467,-8.0,5.523333,2.0,0.0,60.0,0.0
83.0,147.15407,8.0,65.0,17.0,0.0,0.0,100.0,-7.0,7.0,8.0,32.0,1.0,17.0,-7.0,3.0,3.0,14.0,-8.0,1.0,1.0,0.0,60.0,0.0
77.0,370.90732,23.764542,105.2873,43.593254,0.0,0.0,100.0,-7.0,7.0,8.0,52.351425,0.0,38.0,18.849016,0.0,0.0,22.939432,62.53543,5.0,4.0,0.0,60.0,0.0
84.0,442.56866,1.6838074,151.29503,29.0,0.0,0.0,97.0,68.34791,6.0,6.0,31.0,9.792771,16.688934,0.0,1.0,1.0,11.0,-8.0,5.0,2.0,0.0,46.770596,0.0
77.0,308.32605,6.0,106.8373,22.0,0.0,0.0,100.0,-7.0,7.0,8.0,20.459158,2.0,73.421425,12.038976,0.0,0.0,58.56582,50.967342,2.0,4.0,0.0,77.63954,0.0
85.235825,177.45633,15.0,99.62528,27.320187,0.0,0.0,96.0,-6.4350953,4.0,6.0,8.284079,0.0,45.537823,-7.0,0.0,0.0,12.0,-8.0,4.0,2.0,0.0,60.0,0.0
67.0,167.59389,29.448475,72.0,13.0,0.0,0.0,86.02423,21.922573,6.0,6.0,13.0,0.0,55.745285,1.0,2.0,1.0868195,0.0,40.104298,0.0,3.0,-9.0,86.0,0.0
80.34431,226.81694,16.55825,89.61399,30.426453,0.0,0.0,97.0,60.897144,6.0,6.0,38.0,0.0,46.0,0.0,1.0,1.0,6.0,82.0,3.0,3.0,0.0,50.0,0.0
-9.0,-9.0,-9.0,-6.086438,-9.0,-9.0,-9.0,-9.0,-9.0,-9.0,-9.0,-9.0,-9.0,-9.0,-9.0,-9.0,-9.0,-9.0,-9.0,-9.0,-9.0,-9.0,-9.0,0.0
89.0,180.42319,6.0,86.243416,15.915473,0.0,0.0,100.0,-7.0,7.0,8.0,15.0,1.0,9.965029,1.0,2.0,1.0,0.0,67.804146,3.0,1.0,0.0,36.954803,0.0
65.369576,56.48183,6.0,88.722824,14.0,0.0,0.0,77.88731,22.130552,6.0,6.0,4.0054393,2.0,46.0,0.0,0.0,0.0,75.95905,88.0,5.0,2.0,1.0,100.0,0.0
83.0,661.41736,27.648521,144.27148,17.0,0.0,0.0,100.0,-7.0,7.0,8.0,19.0,0.0,20.0,0.0,0.0,0.0,5.0,-8.0,2.0,1.0,0.0,25.0,0.0
61.749535,82.7698,11.602024,46.025265,23.0,0.0,0.0,85.56668,7.3458176,3.0,6.0,25.0,0.0,53.972,0.0,0.0,0.0,52.7748,71.66095,6.0,3.0,4.0,80.0,0.0
80.0,165.07768,16.070717,75.0,15.0,0.0,0.0,94.0,46.690113,6.0,6.0,14.0,0.0,61.9683,0.0,0.0,0.0,0.8696082,93.0,1.0,1.0,0.0,35.803722,0.0
63.855976,166.3092,8.0,75.0,15.0,4.0192285,6.4595575,100.0,-7.0,6.0,8.0,18.0,0.0,46.0,3.0,2.0,2.0,7.8413734,-8.0,2.0,1.0,0.0,80.0,0.0
-9.0,264.8703,3.0,86.6897,12.0,3.0,3.0855947,85.49386,3.20479,0.0,4.0,17.0,2.0,29.0,0.0,4.0,3.0,23.535007,33.075768,1.0,3.0,0.0,44.62459,0.0
-9.0,-9.0,-9.0,-9.0,-9.0,-9.0,-9.0,-9.0,-9.0,-9.0,-9.0,-9.0,-9.0,-9.0,-9.0,-9.0,-9.0,-9.0,-9.0,-9.0,-9.0,-9.0,-9.0,0.0
68.14825,423.30228,2.0,137.53522,42.910507,0.0,0.0,100.0,32.299103,6.0,6.0,50.124474,3.0,24.330616,3.0,4.0,3.0,42.904797,81.39347,9.025953,2.6153362,2.0,71.0,0.0
78.948326,126.25809,7.0,41.04001,12.525702,0.0,0.0,100.0,-7.0,7.0,8.0,9.755678,1.0,56.77406,-4.4092546,1.0,1.0,55.45324,95.03369,1.0,3.0,0.0,88.0,0.0
84.0,222.10356,-9.0,49.779552,18.0,0.0,0.0,100.0,-7.0,7.0,8.0,20.0,7.448165,41.89906,4.0,3.0,3.0,0.0,95.06461,2.0,4.0,0.0,57.72815,0.0
69.0,200.91255,3.0,72.47179,29.0,0.0,0.0,100.0,-7.0,6.0,8.0,22.0,1.0,19.933285,0.0,1.0,1.0,39.962708,-8.0,11.0,2.0,3.0,54.291714,0.0
83.0,173.09027,30.875221,110.78755,10.0,0.0,0.0,100.0,-7.0,7.0,8.0,14.693642,0.0,40.204346,12.0,0.0,0.0,36.16219,47.5345,2.0,1.0,0.0,55.584026,0.0
86.0,175.63538,7.0,63.555702,25.0,0.0,0.0,100.0,-7.0,7.0,8.0,25.292809,0.0,14.0,0.0,1.0,1.0,1.0,-8.0,0.0,-8.0,0.0,-9.0,0.0
88.0,378.03915,3.0,122.130516,17.0,0.0,0.0,100.0,-7.0,7.0,8.0,21.0,2.0,33.0,-8.0,0.0,0.0,0.07231038,80.0,0.0,3.0,0.0,80.0,0.0
81.0,342.70236,2.0,143.38158,27.133715,0.0,0.0,100.0,-7.0,7.0,8.0,32.0,1.0,18.0,8.914843,0.0,0.0,10.388454,-8.0,3.0,1.0,1.0,40.270844,0.0
67.15769,-8.605566,1.0,-9.0,13.0,3.8114636,3.6087081,88.0,66.37576,6.0,2.0,11.890493,2.0,30.0,0.0,2.0,2.0,18.0,91.14512,5.0,2.0,0.0,71.353325,0.0
81.0,346.71396,4.0,104.071495,15.0,0.0,0.0,100.0,-7.0,7.0,8.0,32.0,2.0,25.0,0.0,2.0,2.0,9.0,-8.0,4.0,-8.0,2.0,44.214115,0.0
70.0,73.844215,29.178598,68.18064,13.0,0.0,0.0,88.0,31.051292,6.0,6.0,11.009986,0.0,68.52021,-7.0,0.0,0.0,63.578888,-8.0,1.0,1.0,0.0,100.0,0.0
80.0,288.92,8.0,101.41782,27.0,0.0,0.0,100.0,-7.0,7.0,8.0,26.0,0.0,32.46747,12.0,0.0,0.0,19.977741,-8.0,8.953865,2.0,1.0,82.95535,0.0
79.0,133.07167,29.757895,104.52879,10.0,1.0,0.0,89.060165,72.670586,6.0,4.0,11.0,0.0,39.0,-7.308322,0.0,0.0,30.070341,-8.0,3.0,-8.0,0.0,53.611927,0.0
73.938194,147.22144,5.0,49.26972,18.0,0.0,0.0,100.0,-7.0,7.0,8.0,18.0,4.0,91.34223,4.0,0.0,0.0,11.779498,83.86523,2.0,8.9250555,0.0,96.338356,0.0
77.36672,159.6871,5.0,65.0,25.0,0.0,0.0,100.0,-7.0,7.0,8.0,20.129944,1.273773,39.0,0.0,1.0,1.0,0.0,-8.0,3.0,1.0,0.0,35.610317,0.0
85.58996,186.5944,3.0,83.807076,37.96877,0.0,0.0,100.0,-7.0,7.0,8.0,46.263638,2.0,41.0,4.0,0.0,0.0,3.1995392,58.045322,6.0,3.0,0.0,50.0,0.0
68.62737,159.90982,4.0,52.477135,17.0,0.0,0.0,100.0,-7.0,7.0,8.0,16.0,4.0,21.495771,-7.0,1.0,0.25277287,62.712425,99.69076,2.0,3.0,0.0,75.0,0.0
80.0,272.1054,5.0,97.0,27.0,0.0,0.0,100.0,-7.0,7.0,8.0,27.0,1.0,39.0,3.0,0.0,0.0,12.0,59.8423,6.0,2.0,0.0,78.0,0.0
68.0,107.790665,1.0,68.0,42.173405,0.0,0.0,100.0,-7.0,7.0,8.0,30.0,4.0,22.0,0.0,3.0,3.0,67.477104,45.827206,7.0994573,2.0,4.0,75.0,0.0
85.0,150.516,27.79159,70.0,32.0,0.0,0.0,100.0,-7.0,7.0,8.0,35.0,0.0,14.674448,-7.0,1.0,1.0,1.2343028,-8.0,1.0881789,1.0,0.0,36.24232,0.0
82.20584,266.80273,7.0,88.44688,17.692822,0.0,0.0,95.0,9.738298,4.0,6.0,26.0,1.0,27.0,-7.0,0.0,0.0,2.0,92.98233,4.0,2.0,0.0,57.91754,0.0
87.29224,260.47308,5.0,85.54792,28.0,0.0,0.0,100.0,-7.0,7.0,8.0,34.64332,3.0,41.0,2.0,3.0,3.0,1.0,36.319984,3.7039044,2.0,0.0,55.485256,0.0
81.91573,232.75287,2.0,94.301,36.0,0.0,0.0,100.0,-7.0,7.0,8.0,41.88984,3.0,30.0,0.0,3.0,3.0,6.0,-8.0,2.0,-8.0,0.0,21.05915,0.0
78.0,259.4261,2.0,106.63407,30.0,0.0,0.0,96.0,30.878435,6.0,6.0,34.0,2.0,28.0,0.0,2.0,2.0,1.0,53.890842,6.0,3.0,0.0,44.94969,0.0
82.97339,229.1227,2.0,84.0,17.0,0.0,0.0,100.0,-7.0,7.0,8.0,19.0,3.0,31.0,-7.0,0.0,0.0,22.423147,78.16841,4.0,1.0,2.0,70.0,0.0
69.0,283.6554,11.308048,147.11009,12.0,1.0,0.0,88.0,16.669413,6.0,6.0,11.0,0.0,36.0,1.0,2.0,1.9987875,63.00709,-8.0,3.0,1.0,1.0,71.0,0.0
72.0,173.1653,3.0,66.845314,10.074308,1.0,0.0,92.0,10.394536,4.931986,6.0,13.0,3.0,41.222443,0.0,4.8203273,4.4395127,21.0,81.32597,4.0,2.0,0.0,89.275024,0.0
86.0,182.75693,17.0,97.98214,8.61371,0.0,0.0,100.0,-7.0,7.0,8.0,7.1048183,0.0,13.0,3.0,0.0,0.0,28.0,-8.0,5.0,1.0,0.0,75.0,0.0
92.99997,416.1526,9.0,236.48457,-9.0,0.0,0.0,100.0,-7.0,7.0,8.0,10.585945,1.0,13.0,-8.0,0.0,0.0,0.12409019,-8.0,1.0,-8.0,0.0,35.011044,0.0
90.366104,138.97272,17.0,81.826096,14.0,0.0,0.0,100.0,-7.0,7.0,8.0,15.0,0.0,50.0,8.0,0.0,0.0,4.0,50.876907,2.0,2.0,0.0,50.0,0.0
76.0,445.67496,15.788924,109.18336,25.0,0.0,0.0,100.0,-7.0,7.0,8.0,27.781563,0.0,64.439514,0.0,0.0,0.0,49.146797,84.02546,3.0,5.0,0.0,75.0,0.0
82.0,239.05049,5.0,97.115906,14.0,0.0,0.0,100.0,-7.0,7.0,8.0,13.0,1.0,33.0,-7.0,0.0,0.0,22.969818,81.55733,2.0,2.0,2.0,34.768494,0.0
71.0,176.47134,2.0,63.697277,6.3219757,0.0,0.0,100.0,-7.0,7.0,8.0,6.399406,2.0,68.89535,0.0,0.0,0.0,33.80184,100.0,2.0,2.0,0.0,91.15805,0.0
87.0,185.23355,4.6227236,89.56173,9.0,0.0,0.0,100.0,-7.0,7.0,8.0,12.0,1.0,28.0,-8.0,0.0,0.0,13.0,-8.0,4.0,1.0,0.0,98.881454,0.0
-9.0,-9.0,-9.0,-9.0,-9.0,-9.0,-9.0,-9.0,-9.0,-9.0,-9.0,-9.0,-9.0,-9.0,-9.0,-9.0,-9.0,-9.0,-9.0,-9.0,-9.0,-9.0,-9.0,0.0
69.0,161.72661,3.0,38.99998,15.0,0.0,0.0,79.633865,34.017384,4.0,6.0,22.0,4.0,31.640673,-5.081985,0.0,0.0,63.632057,91.0,3.0,2.0,0.0,57.0,0.0
72.0,170.84727,7.0,97.51963,36.0,0.0,0.0,94.0,11.518791,6.0,6.0,43.6652,2.0,28.899666,0.07679528,2.0,2.0,33.432354,51.19256,8.0,2.0,4.601666,51.24718,0.0
88.0,181.52464,4.0,83.0,13.0,0.0,0.0,100.0,-7.0,7.0,8.0,13.0,1.6069437,49.794323,4.0,0.0,0.0,10.0,99.93086,2.0,3.0,0.0,80.0,0.0
67.903755,321.23087,32.26017,83.059814,6.6730046,4.9865575,6.565054,71.46803,44.201756,6.0,2.0,15.755885,0.0,29.0,-7.0,0.0,0.0,84.988235,70.40172,3.0,2.0,1.0,78.352234,0.0
84.0,134.67668,11.0,71.0,32.0,0.0,0.0,100.0,-7.0,7.0,8.0,14.0,1.0,29.0,-7.0,1.0,1.0,0.0,41.875927,1.0,2.0,0.0,41.08655,0.0
70.06502,333.01898,2.5253754,102.137535,19.89218,0.0,0.0,96.0,47.330654,6.0,6.0,21.0,3.0,33.24018,0.0,2.0,2.0,39.812477,85.68406,5.0,2.0,3.0,55.264774,0.0
77.0,238.5806,1.6544118,72.0,33.0,0.0,0.0,100.0,-7.0,7.0,8.0,36.132637,3.0,36.0,0.0,0.0,0.0,3.0,-8.0,5.0,3.0,0.0,50.0,0.0
80.0,344.27283,3.0,82.08129,16.035803,0.0,0.0,100.0,-7.0,7.0,8.0,19.0,3.0,25.0,0.0,2.0,2.0,29.892479,91.0,2.0,2.0,0.0,50.0,0.0
68.0,163.23418,4.0,99.05372,13.0,2.0,0.0,73.57293,35.902733,6.0,5.0,8.615933,1.0,62.086594,0.0,0.0,0.0,54.72145,80.176025,2.0,1.0,2.0,70.49549,0.0
84.0,190.09105,1.0,75.1205,21.0,0.0,0.0,100.0,-7.0,7.0,8.0,22.0,4.0,33.0,0.0,3.0,3.0,5.0,93.98986,2.0,3.0,0.0,57.0,0.0
70.908936,164.80945,5.0,60.721817,13.888201,1.0,1.0,91.0,78.38584,6.0,2.0,15.0,6.0,28.072886,0.0,2.0,2.0,15.72189,-8.0,1.0,1.0,0.0,29.992876,0.0
86.0,238.82205,2.0,97.0,20.0,0.0,0.0,100.0,-7.0,7.0,8.0,23.500423,1.0,17.96088,0.0,2.0,2.0,12.0,84.00387,2.0,1.0,0.0,37.405262,0.0
78.0,412.7341,19.326735,84.96063,26.0,0.0,0.0,100.0,-7.0,7.0,8.0,37.0,0.0,28.69893,21.080172,0.0,0.0,25.0,45.101925,5.0,3.0,1.0,67.0,0.0
89.0,452.9734,39.32164,196.22002,6.0,0.0,0.0,100.0,-7.0,7.0,8.0,9.0,0.0,30.0,-8.0,0.0,0.0,21.0,-8.0,3.0,1.0,0.0,71.0,0.0
84.0,174.65614,31.196522,83.0,8.0,0.0,0.0,100.0,-7.0,7.0,8.0,11.0,0.0,-5.5572267,0.0,0.0,0.0,11.424225,-8.0,2.0,0.84229904,0.0,39.37644,0.0
75.0,212.7398,6.751071,90.01643,21.0,0.0,0.0,96.0,39.708385,6.0,6.0,16.0,1.0,14.0,-7.0,0.0,0.0,36.41228,-8.0,6.0,1.0,2.0,67.0,0.0
63.0,160.49158,3.0,37.074158,24.38984,1.0,0.0,95.0,12.950891,-9.0,5.8566027,26.0,2.0,41.0,0.0,0.0,0.0,60.814583,91.0,1.0,3.0,0.0,56.302616,0.0
75.0,165.38286,4.0,77.1334,39.866837,1.0775391,0.0,96.0,10.253218,6.0,5.0,48.69885,2.0,50.275795,3.0,3.0,3.0,2.092687,61.461334,5.0,3.0,0.0,67.0,0.0
75.0,173.41322,16.987188,103.17457,17.0,0.0,0.0,91.12923,26.906277,6.0,6.0,18.576689,0.0,18.0,-8.0,0.0,0.0,22.99949,-8.0,2.0,1.0,2.8870366,24.322405,0.0
77.0,106.84217,3.0,33.78421,13.0,0.0,0.0,100.0,-7.0,7.0,8.0,20.399666,1.1407233,31.0,22.534288,0.0,0.0,12.0,37.86714,2.0,1.0,1.0,44.0,0.0
56.138264,294.96625,8.0,136.43547,20.0,0.0,0.0,73.26828,2.8400798,4.0,6.0,26.0,1.0,28.0,0.0,0.0,0.0,59.525406,-8.0,6.0,1.1452818,1.0,77.20335,0.0
65.12725,217.6436,10.0,138.48282,32.0,3.0,2.0,89.30194,78.71058,6.0,5.0,38.0,0.0,42.0,8.0,0.0,0.0,56.24275,94.13,5.0,2.0,1.0,63.14661,0.0
74.58482,158.8137,6.92103,55.894997,21.0,0.0,0.0,100.0,-7.0,7.0,8.0,24.0,3.0,8.428331,1.0,1.0,1.0,19.0,-8.0,6.0,1.0,0.0,71.0,0.0
65.02687,168.35362,8.0,48.821568,8.9996805,1.0,0.0,55.745064,9.724609,6.0,3.0,18.0,3.0,30.980299,0.0,0.0,0.0,49.093742,-2.8377624,4.0,2.0,0.0,78.0,0.0
73.0,148.4054,1.0,53.69284,32.344234,0.0,0.0,96.29037,24.861801,6.0,6.0,33.079967,3.0,19.0,0.0,3.0,2.1481864,14.448515,39.95786,10.708595,2.0,1.0,56.0,0.0
77.0,166.33018,2.0,63.223522,32.0,0.0,0.0,100.0,-7.0,7.0,8.0,28.0,10.233949,53.487827,0.0,2.0,2.0,12.216522,88.78579,4.0,3.0,0.0,93.37859,0.0
68.0,261.2788,9.0,120.21107,22.0,0.0,0.0,100.0,-7.0,7.0,8.0,16.0,1.0,24.0,0.0,0.0,0.0,92.71853,64.974945,9.645034,2.0,4.0,85.25173,0.0
85.0,130.85419,14.0,58.0,9.0,0.0,0.0,100.0,-7.0,7.0,8.0,-9.0,2.0,41.23651,5.0,0.0,0.0,0.0,-8.0,1.0,1.0,0.0,20.353464,0.0
75.0,166.63809,14.0,84.03797,32.96015,1.0,1.0,90.415054,37.8119,6.0,3.305127,30.0,0.0,29.0,0.0,5.0784388,4.9237566,6.0,-8.0,2.0,2.0,0.0,33.0,0.0
-9.0,-9.0,-9.0,-9.0,-9.0,-9.0,-9.0,-9.0,-9.0,-9.0,-9.0,-9.0,-9.0,-9.0,-9.0,-9.0,-9.0,-9.0,-9.0,-9.0,-9.0,-9.0,-9.0,0.0
88.0,204.62296,13.370083,90.496735,14.0,0.0,0.0,100.0,-7.0,7.0,8.0,16.0,0.0,40.0,0.0,0.0,0.0,0.0,-8.0,1.0,1.0,0.0,27.306734,0.0
82.0,474.83536,1.0,120.73282,45.111492,1.0,0.0,91.83319,50.3699,6.0,4.0,52.191875,4.753753,33.845245,-8.0,0.0,0.0,3.0,84.97549,4.0,4.0,0.0,50.706367,0.0
82.0,63.318027,8.0,10.492337,8.941531,0.0,0.0,100.0,-7.0,7.0,8.0,7.240758,3.0,25.0,0.0,2.0,2.0,1.0,-8.0,1.0,2.0,0.0,50.0,0.0
81.0,313.1575,3.0,76.0,33.997143,0.0,0.0,100.0,-7.0,7.0,8.0,32.0,4.0,22.772238,0.0,1.0,1.0,5.0,98.61272,4.0,2.0,0.0,40.0,0.0
85.0,306.222,4.0,88.93235,14.0,0.0,0.0,96.0,-7.0,6.0,6.0,12.839561,3.0,33.0,-7.0,0.0,0.0,18.0,-8.0,4.0,2.0,0.0,55.818615,0.0
83.465546,288.74765,27.554028,199.12122,0.62910086,0.0,0.0,100.0,-7.0,7.0,8.0,9.555298,0.0,27.916492,0.0,0.0,0.0,43.244007,-8.0,2.0,-8.0,0.0,56.0,0.0
56.99909,149.5802,5.0,89.3864,12.0,2.5661383,3.5424395,57.504055,42.30501,6.0,2.0,19.0,0.0,41.0,4.0,1.0,1.0,96.16496,-8.0,4.0,-8.0,3.0,100.0,0.0
85.0,158.82626,3.0,67.173325,35.32227,0.0,0.0,97.0,66.494225,6.0,6.0,37.248363,1.0,28.0,0.0,1.0,1.0,6.0,43.575516,3.0,4.0,0.0,50.0,0.0
71.0,96.4047,3.0,47.067204,28.0,0.0,0.0,100.0,-7.0,7.0,8.0,31.577244,1.0,50.0,2.0,3.0,3.0,28.466324,62.441406,6.0,3.0,1.0,67.0,0.0
81.0,196.34608,4.0,67.0,12.509303,0.0,0.0,100.0,-7.0,7.0,8.0,9.0,1.0,20.0,20.74802,0.0,0.0,13.981668,-8.0,3.0,1.0,0.0,81.555244,0.0
87.3662,269.20703,17.0,122.16386,23.0,0.0,0.0,100.0,-7.0,7.0,8.0,33.864998,1.0,50.0,2.0,0.0,0.0,0.0,-8.0,1.0,1.0,0.0,30.770487,0.0
85.0,244.90639,2.0,75.0,22.0,0.0,0.0,100.0,-7.0,7.0,8.0,21.0,3.0,17.73807,9.218838,0.0,0.0,19.122215,-8.0,4.0,2.0,0.0,87.897766,0.0
64.0,141.19054,3.0,75.53325,30.0,3.1047764,2.787463,84.86758,6.0413613,4.0,3.1553497,35.24688,1.0,63.06458,1.0,1.6808215,1.179782,31.253374,76.0,3.0,3.0,0.0,80.0,0.0
82.0,180.32596,0.12142417,83.0,35.562996,0.0,0.0,92.0,15.243892,6.0,6.0,8.0,2.0,23.0,-7.0,2.0,1.9750886,1.0,70.62018,2.0,3.0,0.0,46.77376,0.0
69.56408,250.67276,4.0,86.74018,19.717413,0.0,0.0,79.72503,7.418279,6.0,6.0,22.0,1.0,50.0,6.735954,1.0,1.0,42.32069,65.152664,5.0,2.0,2.0,71.0,0.0
85.58477,181.23769,6.0,66.32091,25.0,0.0,0.0,100.0,-7.0,7.0,8.0,34.109276,2.0,40.333668,0.0,2.0,2.0,5.0,67.06069,2.0,1.0,0.0,57.0,0.0
81.0,147.6268,1.3206702,59.63866,27.0,0.0,0.0,100.0,-7.0,7.0,8.0,29.317802,3.0,30.0,6.0,1.0,0.0,13.010434,97.04151,2.0,3.0,0.0,57.0,0.0
-9.0,-9.0,-9.0,-9.0,-9.0,-9.0,-9.0,-9.0,-9.0,-9.0,-9.0,-9.0,-9.0,-9.0,-9.0,-9.0,-9.0,-9.0,-9.0,-9.0,-9.0,-9.0,-9.0,0.0
72.0,267.52875,44.9957,253.86238,13.0,0.0,0.0,90.27454,-7.0,4.0,6.0,19.0,0.0,27.90986,0.0,1.0,1.0,21.0,-8.0,1.4510639,1.0,0.0,60.0,0.0
80.341774,244.43163,3.0,84.0,22.0,0.0,0.0,100.0,-7.0,7.0,8.0,22.0,1.0,31.0,0.0,2.0,2.222683,12.107743,73.81079,-9.0,3.0,0.0,44.0,0.0
75.0,308.70764,4.0,123.55426,49.239082,0.0,0.0,100.0,-7.0,7.0,8.0,47.303333,1.0,17.0,0.0,2.0,2.0,4.0,-8.0,6.0,1.0,8.383605,33.0,0.0
77.0,209.06926,10.0,97.0,31.131203,0.0,0.0,100.0,-7.0,6.0,8.0,30.0,1.5617273,33.0,0.0,0.0,0.0,23.260164,32.845592,4.0,2.0,1.0,43.370956,0.0
89.0,404.65454,18.000427,165.43878,21.0,0.0,0.0,100.0,-7.0,7.0,8.0,24.0,0.0,24.0,21.658497,0.0,0.0,7.5238724,-8.0,2.0,1.0,0.0,30.771116,0.0
72.0,-9.0,2.0,-9.0,9.614777,0.0,0.0,100.0,-7.0,7.0,8.0,11.0,2.0,55.79707,1.0,0.0,0.0,44.51195,32.84173,2.0,1.0,0.0,59.000458,0.0
82.0,371.0446,13.0,106.67374,13.0,0.0,0.0,100.0,-7.0,7.0,8.0,12.0,0.0,25.0,11.997524,0.0,0.0,35.029728,-8.0,5.0,1.0,0.0,100.0,0.0
73.0,150.02054,3.0,65.0,37.439064,0.0,0.0,100.0,-7.0,6.0,6.0,38.38871,4.0,25.389,0.0,2.0,2.0,19.361506,132.19116,4.0,3.0,0.0,57.05689,0.0
70.0,237.9248,3.0,112.49908,26.0,0.0,0.0,92.0,47.615864,6.0,6.0,34.622246,1.0,22.0,0.0,5.7467303,5.3001933,32.6825,58.724285,11.0,2.0,0.0,80.0,0.0
82.52862,417.55704,14.0,138.41872,20.0,0.0,0.0,100.0,-7.0,7.0,8.0,34.0,0.0,37.86904,3.7316136,2.0,2.0,9.93745,53.788734,3.0,2.0,0.0,63.0,0.0
77.0,48.135063,3.0,42.86916,28.0,0.0,0.0,100.0,-7.0,7.0,8.0,26.0,2.0,31.0,0.0,4.0,4.0,13.948406,93.923256,6.0,4.0,0.0,71.0,0.0
89.0,206.3881,47.25619,118.78253,2.3599145,0.0,0.0,100.0,-7.0,7.0,8.0,8.158765,0.0,50.0,-7.0,0.0,0.0,1.0,-8.0,1.0,1.0,0.0,50.0,0.0
72.729385,275.5741,3.0,61.0,28.0,0.0,0.0,100.0,-7.0,7.0,8.0,34.0,5.0,60.107033,2.0,3.3164685,3.0,22.84625,51.45419,3.0,7.9676185,0.0,57.188972,0.0
71.83312,241.38277,5.0,72.04775,44.369442,0.0,0.0,97.0,61.89954,6.0,6.0,39.59605,9.270027,31.0,0.0,1.0,1.1420501,4.0,-8.0,11.0,5.0,0.0,56.0,0.0
73.0,226.74548,2.0,74.41477,43.628838,0.0,0.0,100.0,-7.0,6.0,8.0,44.49995,6.0,38.0,0.0,2.0,2.0,20.95368,71.0,8.927576,4.0,0.0,70.0,0.0
-9.0,-9.0,-9.0,-9.0,-9.0,-9.0,-9.0,-9.0,-9.0,-9.0,-9.0,-9.0,-9.0,-9.0,-9.0,-9.0,-9.0,-9.0,-9.0,-9.0,-9.0,-9.0,-9.0,0.0
83.0,160.75108,9.0,77.779076,30.0,0.0,0.0,100.0,-7.0,7.0,8.0,32.0,0.0,56.90099,8.0,0.0,0.0,16.499136,67.16337,2.0,3.0,0.0,64.0,0.0
85.09944,194.33882,0.3245608,67.0,19.0,0.0,0.0,97.0,35.678562,6.0,6.0,14.0,3.0,50.0,12.0,0.0,0.0,0.0,49.491142,2.0,3.0,0.0,50.0,0.0
83.0,185.94992,10.253015,65.0,12.537935,0.0,0.0,100.0,-7.0,7.0,8.0,13.0,1.0,28.0,6.921242,0.0,0.0,37.334328,-8.0,1.0,1.0,1.0,52.41427,0.0
78.0,164.95377,3.0,82.8982,42.236187,0.0,0.0,100.0,-7.0,6.0,8.0,44.01518,3.0,25.0,-8.0,1.0,1.0,17.68867,77.48715,5.0,2.0,1.0,50.0,0.0
82.0,224.63748,17.0,158.01639,11.0,0.0,0.0,82.31572,25.409042,6.0,6.0,12.046394,0.0,50.148087,0.0,0.0,0.0,0.0,42.039318,1.0,4.0,0.0,50.0,0.0
88.16571,104.38835,13.979847,62.785313,13.0,0.0,0.0,100.0,-7.0,7.0,8.0,16.0,0.0,14.0,10.003429,0.0,0.0,1.0,-8.0,1.0,1.0,0.0,33.28044,0.0
85.0,380.7316,15.31414,100.13827,27.335161,0.0,0.0,100.0,-7.0,7.0,8.0,24.0,0.0,39.0,0.0,0.0,0.0,1.0,-8.0,4.0,1.8585078,0.0,50.0,0.0
85.0,187.99228,20.0,145.52188,31.839169,0.0,0.0,100.0,-7.0,7.0,8.0,15.130793,0.0,40.0,0.0,1.0,1.0,8.0,36.063965,3.4876432,2.0,0.0,71.0,0.0
88.612114,-9.0,10.0,82.88855,10.0,0.0,0.0,100.0,-7.0,7.0,8.0,5.968786,0.0,20.0,0.0,0.0,0.0,15.0,-8.0,3.0,1.0,0.0,100.0,0.0
75.41913,255.74176,11.093004,82.0,24.0,0.0,0.0,100.0,-7.0,7.0,8.0,23.0,1.0,31.0,0.0,0.0,0.0,60.231163,50.25385,4.0,2.0,2.0,70.0,0.0
79.0,238.03342,28.99027,110.55746,22.945454,0.0,0.0,77.89755,-9.0,4.0,3.4199107,26.0,0.0,19.434793,-7.0,0.0,0.0,4.739507,80.22771,5.0,2.4207158,0.0,75.0,0.0
-9.0,-9.0,-9.0,-9.0,-9.0,-9.0,-9.0,-9.0,-9.0,-9.0,-9.0,-9.0,-9.0,-9.0,-9.0,-9.0,-9.0,-9.0,-9.0,-9.0,-9.0,-9.0,-9.0,0.0
69.39421,253.94576,14.882938,70.25513,25.0,1.0,0.0,96.2285,59.96776,6.0,5.0,26.0,0.0,21.0,0.0,5.0,5.0,60.022404,-8.0,2.0,1.5365503,0.0,100.0,0.0
86.0,288.28625,6.0,114.77662,24.0,0.0,0.0,95.0,31.605656,6.0,6.0,23.0,1.0,22.0,0.0,2.0,1.0,2.0,-8.0,2.0,1.0,0.0,43.941387,0.0
83.0,189.64594,8.0,118.46476,25.0,0.0,0.0,100.0,-7.0,7.0,8.0,29.39478,2.0,60.731045,-7.0,2.0,1.0,38.606583,93.24893,2.0,5.801369,0.0,78.0,0.0
72.05824,291.5081,5.7139134,88.3984,71.98426,0.0,0.0,97.0,46.94093,6.0,6.0,59.3761,3.0,19.87983,9.0,0.0,0.0,28.445597,48.947273,7.0,3.0,0.0,50.0,0.0
90.0,398.0486,35.168434,147.65251,14.0,0.0,0.0,100.0,-7.0,7.0,8.0,15.0,0.0,22.8161,0.0,0.0,0.0,13.027001,-8.0,2.0,1.0,0.0,44.0,0.0
72.0,225.68568,31.751616,114.155396,-1.3329213,0.0,0.0,95.0,18.041029,6.0,6.0,7.0,0.0,38.74925,-7.0,0.0,0.0,95.728165,13.547382,1.0,2.0,0.0,100.0,0.0
70.0,145.32468,5.0,57.06334,30.88446,0.0,0.0,100.0,-7.0,7.0,8.0,34.972984,2.0,35.0,2.0,2.0,2.0,45.02047,80.0,5.0,5.533655,1.0,63.0,0.0
89.0,149.74025,10.0,61.863598,23.0,0.0,0.0,100.0,-7.0,6.0,8.0,19.0,0.0,24.0,0.0,1.0,1.0,1.0,39.767147,1.0,4.0,0.0,50.0,0.0
58.338806,289.11606,6.0,72.6302,30.0,0.0,0.0,88.0,-7.0,1.1424655,6.0,32.0,2.0,50.0,0.0,4.0,3.637437,89.40786,25.706112,5.0,4.0,1.0,81.484184,0.0
80.0,-8.234793,11.058046,59.717464,12.0,0.0,0.0,94.0,69.60228,6.0,6.0,17.0,1.0,40.0,-7.0,0.0,0.0,6.6153355,64.304825,1.0,1.0,0.0,43.0,0.0
90.93723,303.03757,15.639869,105.82026,15.0,0.0,0.0,100.0,-7.0,7.0,8.0,18.0,0.0,35.0,0.0,0.0,0.0,4.024133,-8.0,1.0,1.0,0.0,36.408615,0.0
81.0,160.82079,5.0,43.087856,-9.0,0.0,0.0,100.0,-7.0,7.0,8.0,5.0309334,2.0,43.0,-7.0,0.0,0.0,21.0018,-8.0,2.0,1.0,0.0,86.0,0.0
87.0,477.4207,10.204058,153.09541,31.685757,0.0,0.0,100.0,-7.0,7.0,8.0,35.0,1.0,19.39141,6.0,0.0,0.0,6.0,93.75837,9.0,2.0,0.0,67.0,0.0
75.0,286.06726,3.0,80.69142,10.0,1.0,1.0,84.96872,46.744957,6.0,4.674726,15.0,3.0,35.74901,0.0,2.0,2.0,41.22853,100.0,3.0,2.0,0.0,78.0,0.0
92.35417,329.68918,11.508899,112.61355,20.0,0.0,0.0,100.0,-7.0,7.0,8.0,26.0,1.0,0.0,-8.0,0.0,0.0,0.0,-8.0,1.0,-8.0,0.0,-9.0,0.0
69.049164,232.28485,7.0,83.65477,29.0,0.0,0.0,95.0,49.91545,6.0,6.0,34.9742,1.0,52.67514,0.0,2.0,2.0,79.00391,88.0,2.0,2.0,1.0,69.90776,0.0
73.0,168.63342,5.0,65.0,32.765934,0.0,0.0,100.0,-7.0,7.0,8.0,32.0,3.0,28.0,0.0,4.0,3.0,16.588507,97.40187,4.0,2.0,0.0,64.0,0.0
89.0,310.87762,19.990376,119.05324,19.0,0.0,0.0,100.0,-7.0,7.0,8.0,20.43388,0.0,-9.0,-7.0,0.0,0.0,0.21198253,-8.0,1.0,-8.0,0.0,23.16847,0.0
78.0,123.60549,4.0,68.0,19.0,0.0,0.0,92.0,64.00069,6.0,6.0,21.0,2.0,59.29128,0.0,2.0,1.0,4.9696608,80.0,1.0,4.0,0.0,63.0,0.0
89.0,280.97226,20.0,99.179596,33.175144,0.0,0.0,100.0,-7.0,7.0,8.0,31.0,0.0,29.0,0.0,0.0,0.0,0.72066236,-8.0,1.0,1.0,0.0,24.093472,0.0
64.034584,202.90732,4.6804843,81.0,13.0,1.3219876,1.0,88.837746,60.49538,6.0,2.8648157,16.0,1.0,50.0,6.363252,0.0,0.0,63.83614,76.0,3.0,2.0,1.0,100.0,0.0
71.285034,343.72217,3.0,91.980774,43.569687,0.0,0.0,94.0,33.49581,6.0,6.0,42.227356,3.0,23.0,0.0,0.0,0.0,21.35552,-8.0,4.0,1.0,2.0,33.0,0.0
72.0,115.568665,10.0,66.01893,7.450627,0.1163807,0.47423097,100.0,-7.0,7.0,8.0,3.9843698,1.0,17.0,-7.0,0.0,0.0,79.1312,25.520103,3.0,1.0,0.0,78.0,0.0
86.0,225.88947,15.0,125.55786,24.872972,0.0,0.0,100.0,-7.0,7.0,8.0,26.541534,0.0,26.5274,7.5612864,2.0,1.0,2.0,-8.0,1.0,2.0,0.0,30.641428,0.0
87.0,131.36926,29.526468,154.17491,13.0,0.0,0.0,100.0,-7.0,7.0,8.0,15.0,0.0,44.99509,-7.0,4.0,4.0,5.0,77.472496,1.0,3.0,0.0,58.0,0.0
84.0,209.65671,19.088493,110.9493,-9.0,0.0,0.0,100.0,-7.0,7.0,8.0,6.73127,0.0,-9.0,1.0,1.0,1.0,47.591003,-8.0,4.0,-9.0,0.0,100.0,0.0
74.0,393.1362,18.612183,101.26431,18.0,1.0,1.0,95.0,28.041073,6.0,2.3491764,22.801865,0.0,30.986143,0.0,0.0,0.0,1.0,-8.0,2.0,1.0,0.0,42.54467,0.0
70.65467,181.28181,2.0,86.76599,17.0,0.0,0.0,100.0,-7.0,7.0,8.0,19.0,2.0,22.90858,2.0,3.0,3.0,32.489403,82.0,6.0,1.0,2.0,100.0,0.0
-9.0,-9.0,-9.0,-9.0,-9.0,-9.0,-9.0,-9.0,-9.0,-9.0,-9.0,-9.0,-9.0,-9.0,-9.0,-9.0,-9.0,-9.0,-9.0,-9.0,-9.0,-9.0,-9.0,0.0
74.8923,254.9869,5.0,79.9183,37.617302,0.0,0.0,97.24764,63.278316,6.0,6.0,38.0,4.0,24.18285,1.7832161,1.0,1.0,29.194153,70.361336,1.0,2.0,1.0,42.41156,0.0
73.0,196.53854,7.0,91.54798,44.66403,0.0,0.0,100.0,-7.0,7.0,8.0,50.530163,3.0,33.0,0.0,4.7671685,5.0,22.971283,49.495396,2.0,3.0,0.0,43.0,0.0
81.96615,328.9689,3.0,81.45246,42.05995,0.0,0.0,100.0,-7.0,7.0,8.0,43.167294,2.0,31.420414,0.0,1.0,1.0,6.0,47.160088,3.0,4.0,0.0,45.25695,0.0
88.0,412.42593,1.0,115.03445,22.0,0.0,0.0,100.0,-7.0,7.0,8.0,23.0,2.0,25.0,-1.3325442,1.0,1.0,9.299387,79.98297,5.0,1.0,0.0,34.977497,0.0
-9.0,-9.0,-9.0,-9.0,-9.0,-9.0,-9.0,-9.0,-9.0,-9.0,-9.0,-9.0,-9.0,-9.0,-9.0,-9.0,-9.0,-9.0,-9.0,-9.0,-9.0,-9.0,-9.0,0.0
63.0,147.21642,2.0,66.973564,29.0,0.0,0.0,93.0,-7.0,5.242206,6.0,26.0,2.0,36.0,18.726261,0.0,0.0,59.698586,77.15546,7.0,3.0,4.0,100.0,0.0
69.881096,87.07704,2.0,58.0,9.115264,0.0,0.0,94.0,11.453033,5.208748,5.0,12.0,5.0,24.0,2.0,2.0,2.0,61.698895,-8.0,2.0,1.0,1.0,67.34224,0.0
74.0,92.66697,2.0,47.439888,21.0,1.0,0.0,93.0,14.189424,6.0,3.5938513,19.0,1.0,24.0,0.0,2.0,2.0,3.0,87.91157,2.0,6.0,0.0,50.0,0.0
70.40176,230.72708,5.166598,115.22815,48.936035,0.0,0.0,100.0,-7.0,7.0,8.0,58.40738,3.0,15.0,9.0,1.0,1.0,28.1042,78.966225,7.0,1.0,2.0,46.382008,0.0
-9.0,-9.0,-9.0,-9.0,-9.0,-9.0,-9.0,-9.0,-9.0,-9.0,-9.0,-9.0,-9.0,-9.0,-9.0,-9.0,-9.0,-9.0,-9.0,-9.0,-9.0,-9.0,-9.0,0.0
83.0,156.1751,1.0,87.62728,32.0,0.0,0.0,100.0,-7.0,7.0,8.0,33.98524,7.6139727,25.67966,21.289858,0.0,0.0,15.343384,92.159004,4.0,4.0,0.0,50.0,0.0
-9.0,-9.0,-9.0,-9.0,-9.0,-9.0,-9.0,-9.0,-9.0,-9.0,-9.0,-9.0,-9.0,-9.0,-9.0,-9.0,-9.0,-9.0,-9.0,-9.0,-9.0,-9.0,-9.0,0.0
63.0,-7.72085,-9.0,21.13512,7.777923,0.0,0.0,100.0,-7.0,7.0,8.0,6.606335,3.0,15.2276,0.0,1.0,1.0,67.54331,-8.0,5.0,1.0,2.0,100.0,0.0
79.0,140.02896,2.0,67.85777,12.0,0.0,0.0,78.92852,44.339485,6.0,6.0,14.0,1.0,20.0,1.4097965,0.0,0.0,1.0,-8.0,1.0,2.0,0.0,44.0,0.0
90.27271,351.4534,161.34018,192.41249,14.0,0.0,0.0,100.0,-7.0,7.0,8.0,10.459801,0.0,33.0,5.0,1.0,1.0,1.0,-8.0,1.0,1.0,0.0,6.2884955,0.0
88.0,192.51419,10.0,123.72859,13.0,0.0,0.0,100.0,-7.0,7.0,8.0,1.6687577,1.0,18.893831,0.0,3.0,3.0,4.0,-8.0,2.0,-8.0,0.0,60.0,0.0
72.0,181.68001,4.0,68.0,20.0,1.0,0.0,87.034706,3.7003775,4.0,5.0,24.874765,1.0,49.47049,0.0,1.0,1.0,5.0,66.19259,4.0,3.0,0.0,67.43334,0.0
90.06086,138.77803,4.0,76.44744,15.0,0.0,0.0,100.0,-7.0,7.0,8.0,19.0,1.0,30.674658,10.0464325,0.0,0.0,5.0,-8.0,2.0,-8.0,0.0,48.417492,0.0
69.74126,341.24915,9.425679,83.0,23.0,0.0,0.0,90.67003,-7.0,-9.0,5.0,32.0,2.0,49.73854,0.0,2.0,1.0,66.34369,68.111404,2.0,2.0,0.0,90.49535,0.0
-9.0,-9.0,-9.0,-9.0,-9.0,-9.0,-9.0,-9.0,-9.0,-9.0,-9.0,-9.0,-9.0,-9.0,-9.0,-9.0,-9.0,-9.0,-9.0,-9.0,-9.0,-9.0,-9.0,0.0
71.0,83.887314,5.0,30.597704,18.0,0.0,0.0,100.0,-7.0,7.0,8.0,17.0,2.0,44.851894,2.0,0.0,0.0,40.961708,89.34256,2.0,3.0,2.0,44.0,0.0
73.0,245.32195,2.0,68.65832,30.0,0.0,0.0,100.0,-7.0,7.0,8.0,29.0,2.0,41.213863,0.0,2.0,2.0,50.350105,40.011658,5.0,5.0,0.0,67.0,0.0
-9.0,-9.0,-9.0,-9.0,-9.0,-9.0,-9.0,-9.0,-9.0,-9.0,-9.0,-9.0,-9.0,-9.0,-9.0,-9.0,-9.0,-9.0,-9.0,-9.0,-9.0,-9.0,-9.0,0.0
75.0,286.009,9.0,64.503746,26.0,0.0,0.0,100.0,-7.0,7.0,8.0,39.476013,1.0,35.0,0.0,2.0,2.0,20.920734,-8.0,4.0,1.0,0.0,44.57773,0.0
84.88198,135.66232,1.0,49.7158,19.446438,0.0,0.0,100.0,-7.0,7.0,8.0,23.0,2.0,35.572437,0.0,0.0,0.0,11.0,-8.0,4.0,-8.0,0.0,62.587513,0.0
80.0,170.61755,20.0,97.0,26.0,0.0,0.0,100.0,-7.0,7.0,8.0,23.0,0.0,57.293423,0.0,1.0,1.0,5.0,-8.0,2.0,4.0,0.0,67.0,0.0
84.0,137.87245,16.591503,110.50027,27.0,0.0,0.0,94.80011,32.03536,6.0,6.0,23.0,0.0,31.0,0.0,2.0,2.0,2.6781557,88.0,2.0,2.0,0.0,57.0,0.0
89.93084,88.439,8.0,102.74605,16.691975,0.0,0.0,100.0,-7.0,7.0,8.0,22.0,1.0,14.0,-8.0,0.0,0.0,7.0,-8.0,2.0,1.0,0.0,55.01577,0.0
65.0,159.5063,6.0,55.592068,25.0,1.0,0.0,96.0,41.137177,6.0,2.7293847,25.0,5.0,46.0,0.0,2.0,2.0,49.045998,81.53837,8.0,3.0,3.0,96.11085,0.0
72.05916,177.03644,4.0,68.0,46.40942,0.0,0.0,97.0,49.639503,6.0,6.0,43.031254,9.442894,19.139256,0.0,4.0,4.395959,3.7639682,41.349384,3.0,7.4538364,0.0,44.628094,0.0
73.0,166.78471,5.1448445,76.0,18.0,0.0,0.0,79.29368,6.386471,6.0,6.0,20.0,3.3344724,42.0,7.0,0.0,0.0,10.717657,87.64284,1.0,3.0,0.0,60.0,0.0
81.0,206.85762,2.0,82.4612,31.0,0.0,0.0,100.0,-7.0,7.0,8.0,34.48296,6.0,50.0,9.0,0.0,0.0,16.835718,95.81482,4.0,4.0,1.0,80.0,0.0
68.0,145.96718,5.0,30.170822,16.0,0.0,0.0,100.0,-7.0,7.0,8.0,20.0,2.0,43.955803,0.0,1.0,0.0,93.10347,-8.0,3.7894042,1.0,2.0,68.04946,0.0
89.0,319.77036,2.0,120.73755,21.0,0.0,0.0,100.0,-7.0,7.0,8.0,18.0,3.0,19.0,4.0,2.0,2.0,0.0,97.42045,1.0,3.0,0.0,33.0,0.0
88.0,212.48177,5.187503,101.48515,19.0,0.0,0.0,100.0,-7.0,7.0,8.0,27.857647,2.0,38.40228,0.0,0.0,0.0,10.0,-8.0,2.0,1.0,0.0,41.629864,0.0
89.0,421.56915,14.36903,150.00734,28.080126,0.0,0.0,100.0,-7.0,7.0,8.0,25.0,0.0,14.483458,0.0,0.0,0.0,1.6725093,-8.0,5.0,-8.0,0.0,44.0,0.0
71.2077,247.38689,22.920235,135.65457,17.0,0.0,0.0,91.0,39.929787,6.0,6.0,24.0,0.0,8.9665165,0.0,0.0,0.0,63.24657,-8.0,5.0,1.0,3.0,58.0,0.0
87.0,167.1074,7.0,78.92578,74.431656,0.0,0.0,100.0,-7.0,7.0,8.0,46.791897,6.0,16.295467,3.0,1.0,0.0,2.0,81.19493,3.0,4.0,0.0,-9.0,0.0
74.0,87.345024,17.20146,62.732666,16.0,0.0,0.0,100.0,-7.0,7.0,8.0,16.0,1.0,50.0,-7.0,2.0,2.0,23.950903,22.448996,3.0,1.0,0.0,70.04304,0.0
72.11578,203.7621,4.0,74.0,25.0,0.0,0.0,100.0,-7.0,7.0,8.0,24.0,3.0,45.0,9.0,0.0,0.0,57.033913,80.0,5.0,3.0,1.0,83.0,0.0
65.200615,129.22208,3.0,41.53383,14.921948,1.0,0.0,85.14446,23.257755,6.0,5.0,18.0,1.0,58.02377,0.0,3.0,3.0,67.45245,92.685776,2.0,2.0,0.0,83.7352,0.0
80.0,162.05972,1.0,56.889233,20.0,0.0,0.0,100.0,-7.0,7.0,8.0,27.0,2.0,46.87637,0.0,4.0,4.0,19.0,-8.0,1.0,3.0,0.0,49.72199,0.0
86.0,277.20758,8.0,85.234024,24.572508,0.0,0.0,100.0,-7.0,7.0,8.0,25.0,1.0,18.333525,0.0,4.0,3.5754442,6.294339,-8.0,3.0,1.0,0.0,33.0,0.0
75.0,205.8671,5.0,82.0,31.951433,0.0,0.0,94.0,-9.0,6.0,6.0,40.498283,3.0,61.029327,1.0,1.0,0.46752098,32.55031,91.402725,4.0,3.0,0.0,67.75263,0.0
85.0,274.11234,2.0,66.58141,13.709599,0.0,0.0,100.0,-7.0,7.0,8.0,21.0,3.0,49.93413,-7.0,0.0,0.0,7.5402327,-8.0,2.0,4.0,0.0,75.0,0.0
72.0,191.24646,9.0,81.598,22.0,1.0,1.0,92.0,60.489014,6.0,4.0,20.0,0.0,67.23056,0.0,0.0,0.0,36.118935,-8.0,2.0,2.0,1.0,100.0,0.0
73.5835,170.77965,8.0,66.09852,32.878498,0.0,0.0,100.0,-7.0,7.0,8.0,36.14884,0.0,41.0,1.0,2.0,1.9670427,10.810228,67.86256,4.0,5.0,1.0,57.624943,0.0
65.52303,181.99548,1.0,75.0,54.984688,1.8430521,1.0,100.0,-7.0,4.0,8.0,60.421703,2.0,23.0,0.0,0.0,0.0,1.0,75.96321,8.0,2.0,0.0,36.310898,0.0
89.0,168.70218,19.825104,81.0,33.0,0.0,0.0,100.0,-7.0,7.0,8.0,34.788994,0.0,20.0,-7.0,0.0,0.0,0.0,51.87809,1.0,2.0,0.0,33.0,0.0
-9.0,-9.0,-9.0,-9.0,-9.0,-9.0,-9.0,-9.0,-9.0,-9.0,-9.0,-9.0,-9.0,-9.0,-9.0,-9.0,-9.0,-9.0,-9.0,-9.0,-9.0,-9.0,-9.0,0.0
87.86677,40.515972,15.046316,62.485176,13.0,0.0,0.0,100.0,-7.0,7.0,8.0,12.408521,0.0,19.0,-8.0,0.0,0.0,1.0,-8.0,1.0,1.0,0.0,15.975447,0.0
69.0,158.92815,3.6671286,77.0,13.815183,0.0,0.0,69.91502,4.0,6.0,6.0,15.0,2.0,43.89769,-7.0,0.0,0.0,48.77122,-8.0,3.0,3.0,2.0,75.0,0.0
-9.0,-9.0,-9.0,-9.0,-9.0,-9.0,-9.0,-9.0,-9.0,-9.0,-9.0,-9.0,-9.0,-9.0,-9.0,-9.0,-9.0,-9.0,-9.0,-9.0,-9.0,-9.0,-9.0,0.0
73.619354,142.8311,2.0,75.01426,13.0,0.0,0.0,100.0,-7.0,7.0,8.0,15.743025,1.0,26.0,0.0,2.0,1.0986584,55.80643,91.0,3.0,2.0,2.0,57.0,0.0
74.0,150.22528,6.0,55.87198,20.0,0.0,0.0,100.0,-7.0,7.0,8.0,22.0,4.0,33.729893,-7.0,0.0,0.0,42.870274,71.0,4.1798496,5.0,1.0,67.0,0.0
73.0,199.11006,5.0,100.28742,14.0,1.0,1.0,68.37339,23.86524,4.0,4.0612454,19.0,1.0,19.510979,0.0,0.0,0.0,29.006628,-8.0,2.0,2.0,0.0,47.216263,0.0
71.482864,359.35992,8.0,126.19463,22.0,0.0,0.0,75.40846,36.571266,6.0,6.0,23.0,1.0,74.854454,1.0,3.0,3.0,0.0,84.02284,2.0,5.0,0.0,71.0,0.0
85.0,177.6129,13.0,103.91229,12.62948,0.0,0.0,91.183266,9.211074,6.0,6.0,12.0,0.0,47.0,6.0,0.0,0.0,5.870841,84.02251,2.0,3.0,0.0,64.0,0.0
73.75908,97.146614,7.0,72.0,41.605347,0.0,0.0,97.245,39.463844,6.0,6.0,35.0,3.0,20.0,-7.0,0.0,0.0,29.601648,56.618526,7.0634146,2.0,3.5489235,60.0,0.0
82.0,75.89476,20.127766,53.37546,9.345823,0.0,0.0,100.0,-7.0,7.0,8.0,11.796916,0.0,26.0,0.0,0.0,0.0,21.0,-8.0,2.0,2.0,0.0,67.0,0.0
74.0,170.56241,7.955796,68.16066,25.0,0.0,0.0,88.37191,31.395725,6.0,6.0,17.0,2.0,37.982662,-7.0,0.0,0.0,11.0,56.24321,3.0,5.222265,2.0,70.21944,0.0
85.0,196.08261,4.0,88.368935,20.0,0.0,0.0,97.0,78.1671,6.0,6.0,21.0,2.0,21.0,16.0,0.0,0.0,6.0,-8.0,2.0,1.0,0.0,50.068607,0.0
-9.0,-9.0,-9.0,-9.0,-9.0,-9.0,-9.0,-9.0,-9.0,-9.0,-9.0,-9.0,-9.0,-9.0,-9.0,-9.0,-9.0,-9.0,-9.0,-9.0,-9.0,-9.0,-9.0,0.0
62.924637,147.86568,3.0,73.901474,48.31607,1.0,2.0,96.0,22.233217,6.0,-9.0,54.076992,4.0,28.0,-7.0,11.256588,6.0108137,38.41348,97.84511,9.0,1.0,4.0,46.481007,0.0
67.0,-8.075101,2.0,22.73349,34.0,0.0,0.0,100.0,-7.0,7.0,8.0,32.0,6.0,58.32303,0.0,3.6303315,3.965389,21.0,77.08264,3.0,6.212085,0.0,78.1625,0.0
69.0,166.44135,13.808387,77.61987,30.0,0.0,0.0,86.83365,-7.0,4.0,6.0,31.0,0.0,32.411465,0.0,1.0,1.0,19.0,72.94277,7.0,6.54018,0.0,70.89697,0.0
65.0,33.21332,6.0,-9.0,33.0,0.0,0.0,100.0,-7.0,7.0,8.0,35.0,6.0,45.098583,4.8631597,2.1345057,2.0,54.404793,69.26876,5.0,5.0,1.0,64.0,0.0
84.0,131.96252,8.0,98.34187,32.136677,0.0,0.0,100.0,-7.0,7.0,8.0,24.19955,0.0,9.145816,0.0,4.0,4.0,2.0,50.12688,3.0,2.0,0.0,29.21956,0.0
74.0,129.21233,3.0,58.60418,27.0,0.0,0.0,100.0,-7.0,7.0,8.0,28.575258,4.0,42.0,1.0,1.0,1.0,32.0,89.77733,3.2452025,2.0,0.0,75.0,0.0
73.7993,-3.2879305,2.0,-9.0,14.0,0.0,0.0,100.0,-7.0,7.0,8.0,15.980141,4.666452,60.99892,-7.6331806,0.0,0.0,25.0,79.505646,3.0,4.0,1.0,77.5893,0.0
88.0,186.9426,37.409145,123.72603,22.0,0.0,0.0,100.0,-7.0,7.0,8.0,22.0,0.0,34.43285,-7.0,1.0,1.0,1.0,54.93926,1.0,2.0,0.0,35.921303,0.0
87.0,262.2248,5.0,106.94964,45.318916,0.0,0.0,97.0,81.571075,6.0,6.0,60.526554,3.0,31.0,16.0,0.0,0.0,1.0,-8.0,2.0,2.0,0.0,35.713177,0.0
81.30465,183.59035,0.83435005,82.06198,32.0,0.0,0.0,100.0,-7.0,7.0,8.0,29.0,3.0,61.54466,0.0,4.79252,4.5806985,11.0,54.5686,3.8201525,4.0,0.0,57.0,0.0
60.579334,241.98898,3.0,75.49108,32.0,0.0,0.0,88.0,8.003774,6.0,6.0,43.32873,2.0,24.277363,1.0,1.0,1.0,42.459938,50.15511,15.9570465,2.7167354,1.0,75.0,0.0
86.0,162.32101,15.0,76.0,10.285948,0.0,0.0,100.0,-7.0,7.0,8.0,9.0,0.0,9.685565,-7.0,0.0,0.0,15.0,78.63824,2.0,1.0,0.0,48.798473,0.0
75.0,109.69491,15.0,45.162823,22.0,0.0,0.0,100.0,-7.0,7.0,8.0,21.0,0.0,18.880823,-7.0,0.0,0.0,36.505264,-8.0,2.0,1.0,1.0,28.452013,0.0
81.0,237.71867,3.0,72.32411,23.0,0.0,0.0,100.0,-7.0,7.0,8.0,22.0,2.0,50.0,3.2420688,2.0,2.0,11.653322,-8.0,3.0,2.0,0.0,91.552826,0.0
65.0,182.47844,-0.46188313,46.8626,30.591663,0.0,0.0,97.0,18.793003,6.0,6.0,29.571678,10.434451,13.497669,-7.0,3.0,3.0,22.938375,57.329285,6.0,1.0,1.0,43.0,0.0
84.0,133.54947,2.0,92.55941,19.0,0.0,0.0,100.0,-7.0,7.0,8.0,22.021936,2.0,24.0,0.0,2.0,2.0,11.0,-8.0,1.0,1.0,0.0,57.0,0.0
76.0,231.73688,6.0,66.607704,13.0,0.0,1.0,100.0,-7.0,7.0,8.0,18.5425,3.0,30.0,0.0,5.0,5.0,51.3573,-8.0,2.0,2.0,0.0,100.0,0.0
74.0,147.43515,13.227364,91.08243,8.0,0.0,0.0,85.284386,17.4832,6.0,6.0,9.174838,0.0,9.385309,0.0,0.0,0.0,32.07654,-8.0,2.0,1.0,1.0,43.68378,0.0
66.0,380.44455,29.569319,147.79054,4.565411,1.0,0.0,58.384254,15.434128,6.0,5.9712253,10.066957,0.0,28.0,-8.0,0.0,0.0,38.27038,-8.0,6.0,1.0,0.0,83.0,0.0
79.0,206.90295,3.0,61.0,26.0,0.0,0.0,100.0,-7.0,7.0,8.0,29.018171,2.0,24.0,1.0,2.0,2.0,8.370225,-8.0,4.0,2.0,1.0,50.0,0.0
88.0,149.12155,9.350092,92.0,9.0,0.0,0.0,100.0,-7.0,7.0,8.0,14.216056,1.0,48.398273,16.0,0.0,0.0,1.0,78.222916,1.0,2.0,0.0,60.0,0.0
77.0,81.277855,35.216568,87.16796,16.0,0.0,0.0,100.0,-7.0,7.0,8.0,20.0,0.0,21.0,0.68947315,0.0,0.0,77.593666,-8.0,3.0,-2.7570486,1.0,88.032265,0.0
72.0,198.44804,6.5780864,70.0,34.0,0.0,0.0,100.0,-7.0,7.0,8.0,43.95782,2.0,26.0,-7.0,0.0,0.0,58.51103,77.334435,5.0,4.0,0.0,71.0,0.0
71.80838,147.47333,4.0,58.615475,28.0,0.0,0.0,100.0,-7.0,7.0,8.0,26.405796,6.0,53.439816,1.0,2.0,1.7969563,11.333648,15.351318,3.0,2.0,0.0,75.0,0.0
88.0,201.09229,38.327206,86.74451,11.0,0.0,0.0,100.0,-7.0,7.0,8.0,9.0,0.0,48.65185,-8.0,0.0,0.0,0.0,58.428497,1.0,2.0,0.0,77.75856,0.0
85.0,152.37515,3.0,43.51912,7.469042,0.0,0.0,100.0,-7.0,7.0,8.0,12.492715,2.0,18.0,0.0,2.0,2.0,2.0,-8.0,2.0,-8.0,0.0,35.813717,0.0
79.0,128.014,7.0,44.440174,18.312483,0.0,0.0,100.0,-7.0,7.0,8.0,19.0,1.0,44.730774,1.0,0.0,0.0,10.0,78.565575,2.0,5.0,0.0,60.0,0.0
77.0,485.7103,1.0283674,102.01657,34.0,0.0,0.0,100.0,-7.0,7.0,8.0,37.708836,2.0,33.0,-7.0,2.0,1.0,17.0,60.094894,4.0,4.0,2.0,56.788994,0.0
79.8779,170.65999,36.187195,85.14771,21.0,0.0,0.0,95.02123,33.083824,6.0,6.0,20.0,0.0,20.319538,0.0,6.615826,6.5272274,1.0,77.428764,1.0,2.0,0.0,41.5015,0.0
72.71049,182.75235,8.0,72.0,15.0,2.7318826,0.0,79.114456,4.7196093,6.0,4.0,16.0,2.0,35.0,-8.0,0.0,0.0,0.0,21.93415,0.0,1.0,0.0,33.0,0.0
80.0,177.14816,4.0,97.88702,39.566586,0.0,0.0,100.0,-7.0,7.0,8.0,50.811047,1.0,50.0,1.0,1.0,1.0,55.691723,83.29186,3.0,5.0,0.0,75.0,0.0
59.506805,136.28671,5.0,78.74073,17.780212,1.0,1.0,76.20411,-4.9568834,4.0,5.0,17.382837,1.0,53.895542,0.0,0.0,0.0,69.221756,-8.0,5.0,2.0,3.7176929,100.0,0.0
73.0,73.96137,13.946027,59.32022,25.0,0.0,0.0,83.543076,23.560053,6.0,6.0,31.719135,0.0,31.86512,3.0,2.0,2.0,18.41695,93.65801,0.0,4.0,0.0,50.0,0.0
62.83854,204.94868,3.0,55.81665,28.0,0.0,0.0,96.0,2.0,6.0,6.0,26.0,2.0,49.075394,0.0,2.0,2.0,32.45162,-8.0,10.220764,4.0,2.0,86.0,0.0
80.0,287.7535,9.0,115.5912,21.894392,0.0,0.0,86.44946,78.24874,6.0,6.0,19.410896,2.0,24.642996,0.0,0.0,0.0,9.814135,81.74803,6.0,3.0,0.0,67.14123,0.0
74.0,190.74355,7.0,63.811554,39.0,0.0,0.0,100.0,-7.0,7.0,8.0,34.010803,3.0,30.15509,0.0,1.0,1.0,8.0,42.606255,8.422478,2.0,2.6181142,40.490433,0.0
75.0,176.46716,2.0,54.002373,23.0,0.0,0.0,100.0,-7.0,7.0,8.0,31.0,3.0,55.89844,0.0,4.0,4.0,18.649836,26.238014,3.0,6.0943108,0.0,64.0,0.0
92.91238,303.9497,15.501747,145.4325,11.4065695,0.0,0.0,100.0,-7.0,7.0,8.0,16.644999,0.0,28.0,0.0,0.0,0.0,1.0,-8.0,3.0,1.0,0.0,64.0,0.0
78.0,231.91788,26.420015,83.0,11.0,0.0,0.0,88.0,18.957245,6.0,6.0,15.0,0.0,28.751442,20.76528,0.0,0.0,8.0,-8.0,2.0,2.0,0.0,57.166412,0.0
87.0,244.84615,9.857385,101.72651,25.0,0.0,0.0,100.0,-7.0,7.0,8.0,25.0,1.0,47.0,0.0,3.0,3.0,10.0,40.71828,1.0,3.0,0.0,33.0,0.0
71.0,245.1492,4.0,78.76219,36.0,0.0,0.0,97.0,36.41482,6.0,6.0,44.72861,3.0,22.899002,1.3423092,1.0,1.0,29.893518,21.25565,5.0,4.0,1.0,60.0,0.0
91.0,257.63242,27.657562,149.67618,7.0,0.0,0.0,100.0,-7.0,7.0,8.0,8.1760845,0.0,37.0,-8.0,0.0,0.0,1.0,-8.0,1.0,1.0,0.0,42.627613,0.0
75.92269,203.7812,2.0,77.471695,28.0,0.0,0.0,91.0,18.740671,6.0,6.0,27.778442,3.0,28.123447,-8.0,0.0,0.0,10.0,-8.0,2.0,2.0,0.0,35.842632,0.0
-9.0,-9.0,-9.0,-9.0,-9.0,-9.0,-9.0,-9.0,-9.0,-9.0,-9.0,-9.0,-9.0,-9.0,-9.0,-9.0,-9.0,-9.0,-9.0,-9.0,-9.0,-9.0,-9.0,0.0
77.0,170.81593,4.0,78.25151,20.0,0.0,0.0,91.636406,24.468138,4.0,5.0,22.537228,1.0,22.0,0.0,3.0,3.0,16.820103,98.57647,4.0,3.0,0.0,80.0,0.0
82.482414,99.363335,6.0,48.622005,15.0,0.0,0.0,100.0,-7.0,7.0,8.0,11.0,3.0,19.0,13.888033,1.0,1.0,0.43020225,97.74518,1.0,2.0,0.0,28.082924,0.0
74.0,120.209145,20.0,78.667366,16.972338,1.0,0.0,84.66266,19.657938,6.0,5.0,15.0,0.0,76.00479,8.587833,1.0,0.70139945,0.0,65.95171,0.0,2.0,0.0,75.86071,0.0
84.0,134.98769,7.0,94.0,18.605669,0.0,0.0,100.0,-7.0,7.0,8.0,18.0,2.0,43.043365,0.0,0.0,0.0,11.0,70.85878,3.0,2.0,0.0,67.0,0.0
85.0,325.7279,27.53325,147.48993,24.0,0.0,0.0,100.0,-7.0,7.0,8.0,30.298481,0.0,32.0,-7.0,0.0,0.0,8.0,-8.0,1.7479608,2.0,0.0,54.06156,0.0
81.69088,164.46225,36.464684,89.95161,13.0,0.0,0.0,100.0,-7.0,7.0,8.0,18.0,0.0,29.0,-7.761101,0.0,0.0,60.589798,-8.0,2.0,-8.0,0.0,73.0,0.0
75.0,299.3316,4.0,91.35166,41.093155,0.0,0.0,97.0,36.04089,6.0,6.0,50.718746,3.0,43.347393,17.136549,0.0,0.0,68.41032,-8.0,4.0,2.0,1.0,64.0,0.0
66.267456,191.0727,3.0,60.327625,11.0,1.0,1.0,89.0,10.855049,6.0,4.0,26.0,3.0,26.098057,-7.0,1.0,1.0,50.118496,-8.0,5.7117696,2.0,0.0,100.0,0.0
70.0,414.1048,1.0,103.421326,27.0,0.0,0.0,100.0,-7.0,7.0,8.0,26.0,4.0,17.0,0.0,0.0,0.0,38.55499,-8.0,11.821147,2.0,3.0,57.0,0.0
83.0,479.67456,11.0,75.89769,22.0,0.0,0.0,100.0,-7.0,7.0,8.0,21.0,2.0,44.0,7.6365204,0.0,0.0,11.453232,60.680782,4.0,1.0,0.0,57.0,0.0
82.0,165.7833,12.715356,68.0451,19.0,0.0,0.0,100.0,-7.0,7.0,8.0,15.0,1.0,43.0,0.0,0.0,0.0,26.753263,-1.8682656,3.0,2.0,0.0,53.538963,0.0
90.0,265.29068,20.0,187.42874,6.0,0.0,0.0,100.0,-7.0,7.0,8.0,15.0,0.0,14.0,0.0,0.0,0.0,12.0,-8.0,2.0,1.0,0.0,77.59584,0.0
70.0,176.32547,-9.0,71.542755,7.104896,4.4867435,5.1170487,83.637375,47.88554,6.0,3.0947087,10.972914,1.0,67.37677,-7.0,2.0,1.0,62.769253,76.69378,1.0,4.0,1.0,80.0,0.0
80.64522,207.38414,2.0,115.969284,37.022804,1.0,0.0,100.0,44.676147,6.0,3.0,45.771515,5.0,45.0,-7.0,1.0,1.0,32.0,50.06124,3.0,4.0,0.0,50.32988,0.0
71.0,236.28377,47.836693,100.14851,13.0,0.0,0.0,87.76393,7.874092,6.0,6.0,12.0,0.0,47.204662,0.0,0.0,0.0,0.0,-8.0,3.0,1.0,0.0,56.0,0.0
88.08022,161.20245,2.0,89.222145,28.0,0.0,0.0,97.0,33.431004,6.0,6.0,29.0,2.0,47.71035,19.760448,0.0,0.0,8.0,97.05304,2.0,3.0,0.0,60.0,0.0
80.0,151.72177,32.729042,58.745922,10.0,0.0,0.0,100.0,-7.0,7.0,8.0,9.0,0.0,98.64369,0.0,0.0,0.0,0.0,58.92265,-9.0,2.0,-9.0,75.0,0.0
61.092026,155.13008,31.13361,65.41406,22.0,1.0,1.0,89.60307,14.127624,6.0,-1.0107079,25.0,0.0,40.0,-7.0,3.0,3.0,72.98021,-8.0,2.0,2.0,0.0,58.4909,0.0
80.0,244.59029,4.0,116.491875,50.15683,0.0,0.0,100.0,-7.0,7.0,8.0,46.599773,2.0,24.0,0.0,0.0,0.0,14.372338,95.243645,5.0,4.0,1.0,50.0,0.0
84.0,125.16169,20.814564,97.0,19.0,0.0,0.0,100.0,-7.0,7.0,8.0,20.0,0.0,46.682533,0.0,0.0,0.0,25.0,-8.0,1.0,2.0,0.0,49.631386,0.0
88.87455,231.52455,3.0,104.09633,27.0,0.0,0.0,100.0,-7.0,7.0,8.0,32.04125,1.0,33.0,0.0,2.0,2.0,7.0,39.63269,1.0,2.0,0.0,25.0,0.0
57.456562,244.59724,10.0,86.88878,33.0,0.0,0.0,80.9068,10.900944,4.0,6.0,30.0,1.0,36.0,0.0,7.1643414,6.8910356,42.997906,93.46524,5.0,4.0,4.665608,67.0,0.0
70.0,138.66924,7.781499,48.35676,22.0,0.0,0.0,86.5541,24.483046,6.0,6.0,21.198599,1.0,38.0,-7.0,0.0,0.0,28.79398,91.18364,3.0,4.0,0.0,51.747936,0.0
73.0,65.43692,2.0,31.161083,8.0,1.0,1.0,100.0,-7.0,7.0,8.0,7.0,1.0,32.556244,0.0,0.0,1.0,59.946873,76.904045,2.0,2.0,0.0,79.36243,0.0
73.46546,104.59343,5.0,56.024826,15.0,0.0,0.0,86.54466,44.41327,6.0,5.321937,18.0,1.0,32.49505,-7.0,0.0,0.0,0.96831983,69.07086,-1.0443071,2.0,0.0,21.68463,0.0
-9.0,-9.0,-9.0,-9.0,-9.0,-9.0,-9.0,-9.0,-9.0,-9.0,-9.0,-9.0,-9.0,-9.0,-9.0,-9.0,-9.0,-9.0,-9.0,-9.0,-9.0,-9.0,-9.0,0.0
69.0,294.81488,4.9240427,133.59473,29.0,0.0,0.0,100.0,-7.0,7.0,8.0,34.0,1.0,27.0,19.451557,0.0,0.0,68.27972,92.97069,4.954224,2.0,2.0,75.0,0.0
69.0,282.63913,7.0,88.483215,39.11105,0.0,0.0,100.0,-7.0,7.0,8.0,42.047028,1.0,46.0,0.0,3.0,3.0,32.78008,78.31379,10.311659,5.0,4.421488,74.63814,0.0
70.0,149.1321,2.0,54.139885,43.708096,0.0,0.0,100.0,-7.0,4.2558384,8.0,43.289513,9.910595,35.0,0.0,5.0,4.0,16.0,46.967655,3.0,2.0,0.0,45.804047,0.0
79.0,390.2116,14.0,86.20778,34.0,0.0,0.0,96.0,23.64597,6.0,6.0,27.66708,1.0,49.651974,12.608064,2.4606316,2.0,1.0,-8.0,0.0,2.0,0.0,25.0,0.0
66.33467,148.74068,11.0,62.289207,23.0,0.0,0.0,100.0,-7.0,7.0,8.0,22.0,0.0,28.164286,1.0,0.0,0.0,79.22532,-8.0,8.0,1.0,2.6866457,68.75522,0.0
79.0,106.33051,6.0,61.328773,20.152208,0.0,0.0,100.0,-7.0,7.0,8.0,24.0,2.0,41.0,0.0,0.0,0.0,22.973652,24.265678,3.5904672,3.0,0.0,69.3071,0.0
87.0,170.83522,38.67196,87.670166,9.0,0.0,0.0,100.0,-7.0,7.0,8.0,0.33840033,0.0,44.0,-9.0,0.0,0.0,6.29836,50.143795,2.0,3.0,0.0,83.0,0.0
80.0,205.5909,21.433025,155.88747,17.0,0.0,0.0,82.2242,10.297545,6.0,6.0,20.58236,0.0,25.692564,23.275826,0.0,0.0,1.0,-8.0,1.0,2.0,0.0,50.0,0.0
71.0,259.9841,5.0,65.70832,36.38076,0.0,0.0,100.0,-7.0,7.0,8.0,39.92967,4.0,40.0,0.0,2.4465857,2.096051,44.58156,27.073477,4.0,2.0,3.0,71.0,0.0
75.91767,170.43578,9.0,82.15136,29.0,0.0,0.0,97.0,3.4084969,6.0,6.0,31.0,4.0,24.0,0.0,1.0887315,2.0,16.0,-8.0,4.0,2.0,0.0,46.22833,0.0
88.0,229.82274,13.571322,95.014206,25.039738,0.0,0.0,100.0,-7.0,7.0,8.0,26.0,1.0,33.0,0.0,0.0,0.0,2.0,-8.0,2.0,1.0,0.0,46.32902,0.0
87.0,299.97778,17.252907,113.71209,14.0,0.0,0.0,100.0,-7.0,7.0,8.0,16.0,0.0,42.0,16.815298,0.0,0.0,2.5068147,-8.0,3.0,3.0,0.0,83.0,0.0
92.16743,348.8445,32.31248,144.74852,15.0,0.0,0.0,100.0,-7.0,7.0,8.0,13.0,0.0,17.0,-7.0,0.0,0.0,0.0,-8.0,2.0,1.0,0.0,16.135324,0.0
85.0,215.14876,2.0,59.92256,21.0,0.0,0.0,100.0,-7.0,7.0,8.0,26.0,4.0,14.2928095,1.0,1.0,1.0,2.9655693,97.040764,3.0,1.0,0.0,50.0,0.0
73.0,275.03882,2.0,81.0,26.0,0.0,0.0,97.0,2.0,4.0,6.0,25.162052,2.0,33.0,6.0,0.0,0.0,26.495543,61.886574,6.0,3.0,0.0,72.86406,0.0
87.22083,364.99783,17.385164,129.14897,16.0,0.0,0.0,100.0,-7.0,7.0,8.0,14.273631,0.0,17.644121,-7.0,0.0,0.0,17.434198,-8.0,3.0,-8.0,0.0,41.067234,0.0
-9.0,-9.0,-9.0,-9.0,-9.0,-9.0,-9.0,-9.0,-9.0,-9.0,-9.0,-9.0,-9.0,-9.0,-9.0,-9.0,-9.0,-9.0,-9.0,-9.0,-9.0,-9.0,-9.0,0.0
82.0,142.30359,-9.0,65.0,24.0,0.0,0.0,100.0,-7.0,7.0,8.0,28.372896,3.0,20.0,-7.0,0.0,0.0,32.799675,63.762363,5.0,2.0,0.0,50.0,0.0
78.0,414.6887,13.796693,103.50287,35.757217,0.0,0.0,95.0,31.079882,6.0,6.0,44.47703,0.49546045,67.95679,0.0,1.774709,1.8648242,0.4232586,86.55884,3.0,4.424139,0.0,64.0,0.0
84.0,156.82553,4.0,58.0,18.0,0.0,0.0,100.0,-7.0,7.0,8.0,27.926455,2.0,33.0,5.0,0.0,0.0,10.927318,86.373055,1.0,2.0,0.0,56.99044,0.0
-9.0,-9.0,-9.0,-9.0,-9.0,-9.0,-9.0,-9.0,-9.0,-9.0,-9.0,-9.0,-9.0,-9.0,-9.0,-9.0,-9.0,-9.0,-9.0,-9.0,-9.0,-9.0,-9.0,0.0
70.0,145.67053,2.0,76.66734,41.074066,0.0,0.0,95.0,75.09152,6.0,6.0,52.215004,2.371756,50.0,0.0,2.0,2.0,23.777672,75.510155,4.0,4.0,0.0,60.0,0.0
82.0,199.62329,8.0,75.60569,27.0,0.0,0.0,100.0,-7.0,7.0,8.0,26.0,3.0,20.0,0.0,0.0,0.0,1.0,78.67952,2.0,2.0,0.0,57.680202,0.0
82.0,93.597115,3.0,67.0,25.0,0.0,0.0,100.0,-7.0,7.0,8.0,28.0,1.0,39.383312,-9.0,0.0,0.0,29.263666,67.79171,2.0,2.0,1.0,60.0,0.0
73.0,226.4612,9.82298,57.24082,29.0,0.0,0.0,100.0,-7.0,7.0,8.0,34.0,0.0,34.294476,0.0,0.0,0.0,41.202873,-8.0,4.0,3.0,0.0,91.70322,0.0
83.0,201.90843,16.0,123.71007,20.0,0.0,0.0,100.0,-7.0,7.0,8.0,18.0,0.0,27.942135,0.0,3.0,3.4861798,37.985878,-8.0,3.0,1.0,0.0,57.0,0.0
77.88652,147.66472,5.0,58.534782,11.799837,0.0,0.0,100.0,-7.0,7.0,8.0,12.0,2.0,54.65048,5.0,0.0,0.038221132,40.882145,94.4579,3.0,2.0,1.0,100.0,0.0
73.0,280.01764,13.280787,69.19582,21.0,0.0,0.0,100.0,-7.0,7.0,8.0,20.0,0.0,22.917454,0.0,0.0,0.0,28.328512,53.790676,5.0,2.0,1.0,84.05352,0.0
72.0,192.47984,22.519897,73.75134,21.0,0.0,0.0,95.0,-7.0,0.28912693,6.0,24.0,0.0,33.000698,0.0,1.0,1.0,13.3198595,65.95994,3.0,3.0,0.0,56.0,0.0
82.0,153.92245,10.090288,77.85886,26.0,0.0,0.0,100.0,-7.0,7.0,8.0,22.61653,1.0,58.63161,6.0,0.0,0.0,25.941563,86.81898,2.0,4.0,1.0,87.32904,0.0
87.0,705.0483,7.0,158.19798,15.0,0.0,0.0,100.0,-7.0,7.0,8.0,15.468646,1.0,49.78158,16.136953,0.0,0.0,30.536642,31.430147,1.0,2.0,0.0,63.0,0.0
77.0,384.45166,8.0,110.44542,22.169218,0.0,0.0,100.0,-7.0,7.0,8.0,19.0,0.0,27.0,0.0,3.0,3.0,39.979527,94.92343,6.0,1.0,2.0,67.0,0.0
80.0,144.44739,3.0,67.5488,18.0,0.0,0.0,100.0,-7.0,7.0,8.0,28.0,3.0,23.0,1.353089,1.0,1.0,19.0,-8.0,6.0,1.0,0.0,97.466194,0.0
66.0,317.40292,10.355005,72.0,19.000084,0.0,0.0,88.0,-7.0,-9.0,6.0,21.0,0.0,52.049202,20.434149,0.0,0.0,56.01751,-8.0,3.0,1.0,1.0,67.0,0.0
86.392296,359.38846,14.101213,179.26491,19.678621,0.0,0.0,94.708244,48.908363,6.0,6.0,23.0,0.0,32.676373,-7.0,1.0,1.0,1.0,22.584017,2.0,1.0,0.0,33.0,0.0
69.8817,283.8237,6.0,95.66945,62.566765,0.0,0.0,100.0,-7.0,7.0,8.0,82.33152,1.0,17.468872,2.0,0.73218584,0.0,34.924095,-6.6438975,14.637229,1.0,10.011582,50.0,0.0
81.0,263.01562,4.0,100.77135,47.318913,0.0,0.0,100.0,-7.0,7.0,8.0,49.54923,2.0,20.0,0.0,2.0,2.0,13.6280775,-8.0,5.0,2.0,0.0,48.684574,0.0
64.612404,117.70991,6.0,50.458584,31.0,0.0,0.0,87.57635,3.0,4.0,6.0,3.5717294,2.0,24.0,8.267631,0.0,0.0,22.438122,63.15856,5.0,3.0,0.0,57.0,0.0
84.31865,439.4264,7.0,83.321884,24.0,0.0,0.0,100.0,-7.0,7.0,8.0,28.0,2.0,44.496193,21.739555,0.0,0.0,9.0,21.023335,3.0,3.0,0.0,60.0,0.0
76.0,221.40413,2.0,93.0,21.0,1.0,1.0,100.0,-7.0,7.0,8.0,17.0,4.0,25.0,0.0,5.660257,5.7674427,2.0,-8.0,3.0,1.0,0.0,37.24104,0.0
-9.0,-9.0,-9.0,-9.0,-9.0,-9.0,-9.0,-9.0,-9.0,-9.0,-9.0,-9.0,-9.0,-9.0,-9.0,-9.0,-9.0,-9.0,-9.0,-9.0,-9.0,-9.0,-9.0,0.0
72.0,271.03656,5.0,110.97679,24.0,1.0,1.0,97.613235,35.62397,6.0,3.614643,25.0,1.0,66.82533,0.0,0.0,0.0,1.0,88.0,1.0,2.0305223,0.0,43.0,0.0
62.0,147.67319,4.0,68.35838,27.0,0.0,0.0,86.4048,-7.0,6.0,6.0,24.0,5.0,27.0,4.0,0.0,0.0,40.701443,-8.0,6.0,2.0,0.0,80.0,0.0
82.0,102.9662,9.0,56.110104,12.140581,0.0,0.0,100.0,-7.0,7.0,8.0,13.0,0.0,22.275255,-8.0,0.0,0.0,2.2399006,77.65182,3.0,2.0,0.0,71.42952,0.0
71.72136,204.51408,4.506768,64.916405,20.0,0.0,0.0,100.0,-7.0,7.0,8.0,24.53736,2.0,25.0,0.0,1.0,1.0,35.468872,-8.0,3.0,3.0,2.0,56.76717,0.0
