ExternalRiskEstimate,MSinceOldestTradeOpen,MSinceMostRecentTradeOpen,AverageMInFile,NumSatisfactoryTrades,NumTrades60Ever2DerogPubRec,NumTrades90Ever2DerogPubRec,PercentTradesNeverDelq,MSinceMostRecentDelq,MaxDelq2PublicRecLast12M,MaxDelqEver,NumTotalTrades,NumTradesOpeninLast12M,PercentInstallTrades,MSinceMostRecentInqexcl7days,NumInqLast6M,NumInqLast6Mexcl7days,NetFractionRevolvingBurden,NetFractionInstallBurden,NumRevolvingTradesWBalance,NumInstallTradesWBalance,NumBank2NatlTradesWHighUtilization,PercentTradesWBalance,cond
54.451244,193.82211,4.0,74.0,14.652833,4.03159,3.790083,81.560165,3.0,-9.0,6.0,15.0,1.0,62.34094,0.0,0.0,0.0,83.37168,133.69676,2.0,2.0,0.0,100.0,1.0
57.505756,107.04055,3.175696,43.665157,21.0,0.0,0.0,100.0,-7.0,7.0,8.0,21.0,2.0,10.92449,1.0,2.0,3.0,67.15611,-8.0,3.0,1.0,4.8423123,42.3501,1.0
72.0,82.931305,1.8545517,12.5654955,12.155491,0.0,0.0,100.0,-7.0,7.0,8.0,16.0,2.0,68.036934,0.0,1.740586,2.0,36.0,-8.0,1.0,2.0,0.0,60.0,1.0
75.0,100.51864,12.0,61.0,6.499941,0.0,0.0,100.0,-7.0,7.0,8.0,7.0,1.0,68.838326,0.0,3.0,2.0,13.194502,65.9152,1.0,2.0,0.0,77.949234,1.0
-6.5559435,159.61339,7.0,-2.1941683,5.6277523,1.0,1.0,100.0,-7.0,7.0,8.0,9.092833,2.0,87.92102,0.0,0.0,0.0,92.98816,58.44051,2.0,2.0,0.0,74.96656,1.0
64.0,165.97127,4.0,58.6838,16.160131,2.2357767,2.0,81.366455,69.36612,6.0,5.0,23.964523,2.0,99.98359,4.0,1.1495205,2.0,78.608765,49.8233,1.0,4.0,-8.0,100.0,1.0
-9.0,-9.0,-9.0,-9.0,-9.0,-9.0,-9.0,-9.0,-9.0,-9.0,-9.0,-9.0,-9.0,-9.0,-9.0,-9.0,-9.0,-9.0,-9.0,-9.0,-9.0,-9.0,-9.0,1.0
75.0,260.43146,15.0,91.600624,45.761856,2.9401162,3.8905942,91.0408,30.865725,6.0,-6.434351,58.046078,1.0,18.0,1.0,11.152372,8.617159,11.303941,59.5921,10.372971,3.0,0.0,60.0,1.0
68.0,69.882675,1.0,50.925354,31.364637,0.0,0.0,100.0,-7.0,7.0,8.0,41.800358,9.313123,46.869167,0.0,3.0,2.0,36.560078,90.114815,5.0,4.0,0.0,71.0,1.0
74.0,72.507164,28.263996,65.576965,-9.0,0.0,0.0,100.0,-7.0,7.0,8.0,3.981336,0.0,75.14296,-7.0,0.0,0.0,1.0,-8.0,-9.0,1.0,-5.327868,56.0,1.0
56.721046,75.8022,1.0,48.217407,26.852713,0.0,0.0,86.753494,26.116512,6.0,6.0,30.109936,6.7000213,57.250965,0.0,2.0,3.0,42.06566,75.34469,3.0,19.135859,0.0,88.0,1.0
65.83894,155.50545,20.581991,86.369995,7.2423596,2.4698272,1.5210725,84.58087,35.265675,6.3110046,4.0,7.0,0.0,98.16796,-7.0,3.0,2.0,0.0,-8.0,-6.1416984,-3.6528077,-9.0,62.28826,1.0
58.31079,190.49136,23.816048,50.651245,13.0,2.0,1.0,82.08895,-7.0,-9.0,6.0,17.0,0.0,16.887873,0.0,2.0,2.0,87.68986,-8.0,2.0,1.0,0.0,75.0,1.0
68.0,156.16426,10.0,61.0,9.027659,1.0,0.0,77.84024,42.5631,6.0,6.0,11.0,1.0,66.8809,0.0,2.0,1.0,0.0,80.0,1.0,2.0,-8.0,59.974064,1.0
58.172806,57.248726,4.0,37.526306,30.194199,0.0,0.0,100.0,-7.0,6.0,6.0,37.566162,3.0,23.0,0.0,3.0,3.0,82.41527,87.26449,13.837845,5.0,7.1778235,81.95012,1.0
-9.0,-9.0,1.0,-9.0,8.0,0.0,0.0,100.0,-7.0,7.0,8.0,11.0,4.0,25.0,0.0,3.3680503,3.7040784,53.56812,8.854804,6.436602,2.0,1.0,80.0,1.0
59.969414,360.77707,30.12029,134.83908,20.0,0.0,0.0,83.17537,3.085363,5.353703,6.0,23.0,0.0,20.0,1.0,3.0,2.2147737,70.87172,-8.0,12.634543,2.0,3.0,75.0,1.0
64.0,200.68857,5.0,67.88953,24.0,1.0,0.0,81.85741,79.94142,6.0,5.0,23.0,4.0,50.0,0.0,1.0,1.0,102.09178,43.015434,4.0,3.0,0.0,100.0,1.0
63.0,-0.09243881,7.0,-9.0,-9.0,0.0,0.0,100.0,-7.0,7.0,8.0,0.99876225,2.0,74.739174,-7.0,0.0,0.0,109.56002,50.820137,2.0565214,2.0,2.0,100.0,1.0
-9.0,-8.0,4.0,-9.0,7.0,2.0,2.0,88.91454,22.960068,6.0,-9.0,8.0,6.0,60.12966,0.0,0.0,0.0,113.82426,71.0,3.0,4.0,3.0,100.0,1.0
63.0,116.31212,4.8425384,25.196695,15.558364,1.0,1.0,92.0,1.2384841,4.0,6.0,16.986727,3.0,34.381363,0.0,0.0,0.0,44.72695,-8.0,5.0,1.0,1.0,87.25836,1.0
62.64003,253.04175,33.584667,100.8398,12.694672,1.0,1.0,63.48946,-3.144981,4.0,2.0,20.0,0.0,40.056744,1.0,2.0,1.0,57.83253,34.291023,4.0,2.0,0.0,100.0,1.0
75.0,118.81823,8.0,41.536625,14.705646,0.0,0.0,91.253334,36.23039,6.0,3.0,12.0,2.0,76.68439,0.0,2.0,1.0,11.565206,84.26683,1.0,4.0,0.0,67.0,1.0
65.63322,104.668655,7.0,-9.0,-9.0,3.0,0.0,80.668846,54.696896,7.0,4.0,-3.5371332,1.0,99.97922,0.0,4.7354755,3.5502543,-6.4419484,77.44709,1.0,2.0,-8.750347,56.0643,1.0
61.45482,80.31386,2.0,-9.0,26.0,1.0,1.0,88.0,73.97561,6.0,5.0,27.0,10.917287,25.0,2.0,3.0,3.1784968,64.72682,-8.0,5.0,2.0,1.0,88.0,1.0
67.0,104.21268,14.164523,43.917656,9.520584,1.4102348,1.0,100.0,-7.0,7.0,8.0,10.0,0.0,17.0,0.0,5.8136,5.235468,59.065113,-8.0,2.0,1.0,0.0,67.0,1.0
69.76905,30.858084,2.0,8.941028,26.0,2.0,1.1816595,93.149124,69.03547,6.0,5.0,29.0,5.0,35.91401,-7.0,3.0,3.0,45.323524,80.0,3.0,4.0,1.0,63.0,1.0
54.768574,144.08075,5.0,-9.0,11.067822,1.0,1.0,100.0,-7.0,7.0,8.0,17.0,5.179121,17.183678,0.0,3.0,2.0,85.52104,-8.0,4.0,1.0,3.6996,80.0,1.0
73.0,130.41779,9.0,58.0,-9.0,3.1539073,0.0,68.76844,32.11239,6.0,5.0,3.988385,0.0,74.91889,0.0,5.0,4.755927,0.0,-8.0,1.0,1.0,0.0,75.0,1.0
65.542244,146.34686,9.0,14.06368,4.161554,0.0,0.0,100.0,-7.0,7.0,8.0,3.2048059,0.0,20.0,0.8674659,4.000001,4.0,73.90322,-8.0,4.0,-8.0,1.0,100.0,1.0
66.0,81.00034,7.0,21.598513,32.0,0.0,0.0,100.0,16.553066,6.0,6.0,39.771473,1.0,54.07914,-7.0,0.0,0.0,83.163475,89.91565,6.0,3.0,1.6416135,80.0,1.0
66.0,91.5737,4.0,42.036667,-9.0,0.0,0.0,100.0,-7.0,7.0,8.0,-9.0,2.0,63.764603,-7.998619,0.0,0.0,109.21074,67.85427,2.0,1.0,0.0,90.077446,1.0
61.05929,139.70125,1.0,42.055912,17.0,0.0,0.0,88.97365,31.93122,6.0,6.0,23.0,6.0,33.0,0.0,5.0,4.5970025,71.02655,85.33475,6.0,14.222624,2.0,80.0,1.0
56.106304,108.91558,9.290803,54.446587,11.0,0.0,0.0,100.0,-7.0,7.0,8.0,10.8794775,1.0,22.688444,0.0,2.0,2.0,94.883354,-8.0,4.0,-8.0,4.4416075,70.407234,1.0
65.0,170.73384,2.0,57.599213,33.481373,0.0,0.0,90.684364,61.953926,6.0,6.0,32.0,5.0,29.501963,0.0,4.0,4.0,59.04671,37.762817,6.264522,3.0,1.0,100.0,1.0
56.872932,179.46416,2.0,57.214375,24.0,0.0,0.0,96.0,15.485303,5.2498565,6.0,22.810472,3.0,56.21911,1.6652166,2.0,2.0,84.17174,64.82625,5.206879,18.990654,3.0,83.0,1.0
66.0,291.44937,30.737677,79.02893,9.0,3.1104362,1.0407442,64.39759,48.778572,6.0,2.0,9.0,0.0,81.858894,0.0,4.0,3.99682,4.0,-8.0,1.0,-8.0,0.0,50.0,1.0
68.0,125.0688,3.0,19.14103,19.0,0.0,0.0,100.0,-7.0,7.0,8.0,20.259222,3.0,51.546124,0.0,2.0,2.0,78.45855,74.8457,4.0,6.5641866,1.0,100.0,1.0
70.29314,154.59863,2.0,45.376026,21.0,0.0,0.0,100.0,-7.0,7.0,8.0,23.0,6.0,21.0,0.0,4.0,4.0,26.89832,85.19851,8.707995,2.0,3.0,69.543785,1.0
58.282314,156.78604,2.0,18.699604,27.0,0.0,0.0,96.0,-7.0,-9.0,5.0,32.199165,8.0946865,47.96711,0.0,0.0,0.0,41.74119,95.70286,4.865707,4.4847074,0.4952813,75.0,1.0
59.7761,47.404163,6.2256627,44.724922,10.0,0.0,0.0,81.96532,35.68179,6.0,6.0,14.0,3.0,99.224174,0.0,3.0,3.0,54.152046,-8.0,1.5543238,2.0,0.0,100.0,1.0
57.987556,98.85221,3.0,44.6458,19.0,0.0,0.0,91.31683,22.06722,4.0,6.0,21.0,4.0,57.49974,0.0,5.721565,5.8283005,71.627396,78.79723,3.0,2.0,1.0467561,75.0,1.0
-9.0,-9.0,7.0,-9.0,-9.0,1.0,0.0,70.06573,49.13895,6.0,5.0,-6.911892,1.0,99.96688,-7.0,0.0,0.0,67.761154,115.421005,1.0,2.0,-9.0,100.0,1.0
72.0,267.25397,1.0,92.627396,14.0,0.0,0.0,100.0,-7.0,7.0,8.0,17.0,3.0,50.0,0.0,0.0,0.0,5.0,84.42401,1.0,3.0,0.0,92.98423,1.0
66.0,75.78775,1.0,-9.0,9.0,0.0,0.0,100.0,-7.0,7.0,8.0,11.0,3.0,35.0,4.0,0.0,0.0,67.77384,88.0,2.0,3.0,1.0,67.0,1.0
65.0,64.045074,5.0,42.5999,9.0,0.0,0.0,84.83347,8.461011,4.0,6.0,14.0,3.0,20.008287,2.0,12.269755,11.176375,27.242971,-8.0,3.0,2.0,0.0,86.0,1.0
76.0,139.54797,4.0,24.919985,17.661308,0.0,0.0,100.0,-7.0,7.0,8.0,26.0,5.0,76.91458,-8.0,0.0,0.0,2.0,62.840862,2.0,3.1007738,0.0,70.1047,1.0
-9.0,201.2211,5.0,38.587673,15.0,4.58732,1.0886263,78.59888,6.0,1.1683781,5.0,26.0,2.0,37.0,0.0,4.3017945,4.0,104.07158,98.64579,5.0,2.0,0.0,89.499,1.0
63.32723,126.45038,3.0,58.0,10.0,1.0,0.0,90.0,55.662857,6.0,6.0,9.592024,4.0,62.833027,0.0,6.2582,6.4070854,28.0,-8.0,1.0,2.0,1.0,50.0,1.0
70.0,194.4443,17.0,53.81206,10.0,0.0,0.0,100.0,-7.0,7.0,8.0,13.0,0.0,33.0,1.0,4.0,4.0,69.77795,-8.0,3.0,1.0,1.0,75.0,1.0
59.103752,201.1788,7.0,103.71668,37.537857,0.0,0.0,95.0,3.630726,6.0,6.0,43.512756,1.0,50.0,0.0,2.0,1.0,65.64315,82.64411,8.869954,4.0,5.175179,88.0,1.0
68.26025,177.878,44.038662,70.86547,-9.0,0.0,0.0,100.0,-7.0,7.0,8.0,0.99048483,0.0,100.0,-7.0,3.0,2.0,0.0,-8.0,0.0,1.0,-9.0,100.0,1.0
54.287403,49.40836,4.0,24.033136,14.0,3.761718,5.574999,83.140816,8.355197,4.0,-9.0,11.0,6.0,33.0,0.0,2.0,2.0,40.92225,97.205925,5.0,3.0,0.0,67.0,1.0
66.0,406.5591,10.0,103.31095,3.7015262,0.0,0.0,75.51791,23.926521,6.0,6.0,1.9536833,1.0,19.0,4.0,2.0,2.0,69.066475,-8.0,4.0,-8.0,0.0,100.0,1.0
65.0,301.21643,4.0,88.43978,27.708357,9.924105,9.609019,76.1229,39.512,4.0,2.0,50.625607,4.0,33.0,0.0,2.0,2.0,28.0,-8.0,4.4170623,3.0,0.0,87.08519,1.0
77.0,43.413013,16.0,34.012394,7.0,0.0,0.0,100.0,-7.0,7.0,8.0,7.0,0.0,72.2056,0.0,1.0,1.0,0.0,68.505,0.411247,2.0,0.0,68.60181,1.0
66.82254,46.04822,0.81174767,0.16183399,18.0,0.0,0.0,100.0,-7.0,7.0,8.0,21.472477,10.031699,58.84579,1.0,1.0,1.0,23.79513,97.87257,3.0,5.7011333,1.0,71.0,1.0
59.714138,119.7285,6.0,46.82826,42.480736,0.0,0.0,100.0,-7.0,7.0,8.0,38.0,3.0,27.784737,0.0,3.0,3.0,74.53975,97.97132,11.0,2.0,9.39954,80.0,1.0
66.9643,140.96976,4.0,49.223385,19.0,0.0,0.0,100.0,-7.0,7.0,8.0,18.0,2.0,45.578094,-7.0,1.0,1.0,80.82647,-8.0,5.9961634,1.0,2.0,79.11647,1.0
66.0,167.09099,12.159906,71.33911,7.0,0.0,0.0,100.0,-7.0,7.0,8.0,6.5433393,0.0,33.0,0.0,6.0143495,6.2212114,88.28711,-8.0,4.0,-1.271859,1.0,100.0,1.0
59.057663,116.08963,5.0,-9.0,32.822334,0.0,0.0,100.0,-7.0,7.0,8.0,46.912704,3.0,53.44709,0.0,1.0,1.0,70.355064,96.91833,7.0,4.0251045,1.0,75.0,1.0
71.0,188.4562,4.643963,34.967487,15.0,0.0,0.0,94.0,35.727352,4.0,6.0,17.0,6.0,47.0,0.0,4.0,3.3982506,21.910393,91.0,7.5110354,3.0,0.0,91.67162,1.0
-9.0,-9.0,-9.0,-9.0,-9.0,-9.0,-9.0,-9.0,-9.0,-9.0,-9.0,-9.0,-9.0,-9.0,-9.0,-9.0,-9.0,-9.0,-9.0,-9.0,-9.0,-9.0,-9.0,1.0
-9.0,62.142597,8.0,49.749985,15.0,0.0,0.0,81.54239,5.2369204,5.0,6.0,16.0,4.406869,-9.0,0.0,2.0,2.0,45.086704,-8.0,10.480803,1.0,3.0,86.0,1.0
-9.0,-8.0,1.7847068,-9.0,9.0,1.0,0.0,73.450836,4.158057,4.0,5.0,7.0,3.0,12.278282,0.0,1.0,1.0,45.169014,97.31897,8.0,2.0,3.0,100.0,1.0
70.86096,47.35925,1.0,-9.0,22.0,0.0,0.0,100.0,-7.0,7.0,8.0,24.0,6.0,15.585523,0.0,1.0,1.0,25.632034,98.05061,5.0,3.0,0.0,56.0,1.0
65.0,96.91643,9.0,45.276566,12.0,0.0,0.0,100.0,-7.0,7.0,8.0,7.8388786,1.0,51.757526,0.0,2.0,1.0,78.945366,68.246635,2.0,2.0,2.0,82.97711,1.0
70.0,125.022285,5.0,57.731274,22.0,0.0,0.0,97.0,30.959854,6.0,6.0,20.0,4.0,19.487658,3.5924141,0.0,0.0,25.784435,-8.0,6.0,1.0,0.0,64.6374,1.0
65.0,169.33919,3.0,56.369762,19.0,0.0,0.0,100.0,-7.0,7.0,8.0,16.0,3.0,13.615786,-7.0,2.0,1.6585499,52.469456,68.71994,14.184382,2.0,1.0,100.0,1.0
-9.0,195.92397,2.0,88.700195,30.0,0.0,0.0,100.0,-7.0,6.0,6.0,34.0,3.0,29.0,4.0,1.0,1.0,70.10328,80.0,21.745548,5.598706,2.0,75.0,1.0
61.26404,191.00421,7.0,60.676605,19.0,0.0,0.0,100.0,-7.0,7.0,8.0,20.0,0.0,41.727303,0.0,3.0,2.0,103.398964,70.43749,6.0,3.0,2.0,100.0,1.0
73.0,245.63104,5.0,87.001625,16.835747,4.961142,2.0,83.232895,44.150402,6.0,2.0,22.792,2.0,56.63331,0.0,5.467678,4.0,4.0,98.24734,1.0,2.0,0.0,40.0,1.0
57.794357,174.24586,15.0,41.122704,-9.0,4.8422027,2.3453302,48.462734,31.567677,6.0,-9.0,4.813293,0.0,99.998184,0.0,2.0,1.7283025,-3.073961,-8.0,-9.0,1.0,0.0,83.0,1.0
63.0,112.32201,2.0,59.498802,19.0,1.0,1.0,100.0,-7.0,7.0,8.0,21.0,4.0,49.03003,0.0,2.0,2.0,23.208574,77.28014,4.0,4.0,0.0,60.0,1.0
56.184757,104.025826,18.77287,-9.0,14.0,0.0,0.0,100.0,-7.0,7.0,8.0,16.0,0.0,20.0,0.0,2.0,2.0,119.76086,-8.0,3.0,1.0,3.0,80.0,1.0
-9.0,87.799194,4.0,35.984467,9.0,4.553879,6.067393,69.2682,7.084835,6.0,2.0,12.699465,3.5325482,74.248146,0.0,0.0,0.0,95.11079,77.040245,3.0,2.0,0.0,100.0,1.0
59.738857,166.02547,10.901969,60.73404,19.0,1.8384336,0.0,83.41671,17.649858,6.0,5.0,22.79373,1.0,64.53732,12.0,0.0,0.0,95.23548,49.726643,6.0,4.0,4.0,100.0,1.0
61.941998,148.66898,2.0,46.17738,17.307331,0.0,0.0,100.0,-7.0,7.0,8.0,20.0,3.0,22.734808,0.0,2.679792,3.0,109.25955,-8.0,7.0,1.0,1.0,100.0,1.0
58.45379,-8.0,5.0,36.93259,17.0,0.0,0.0,94.0,18.195097,6.0,6.0,19.0,2.0,21.0,-7.0,13.776762,10.332901,60.84081,-8.0,10.82236,2.0,5.6039667,83.0,1.0
54.827816,120.065926,7.483027,36.56224,10.0,0.0,0.0,100.0,-7.0,7.0,8.0,8.768202,3.0,53.04492,-8.0,0.0,0.0,79.21886,82.0,4.0,3.0,1.0,100.0,1.0
65.0,114.49622,5.0,32.631176,3.0590115,0.0,0.0,100.0,-7.0,7.0,8.0,3.981619,3.0,99.49604,0.0,2.0,2.0,2.0,61.39076,1.0,6.0,0.0,100.0,1.0
60.59952,77.17785,13.856868,-9.0,-9.0,1.0,1.0,100.0,-7.0,7.0,8.0,3.9946775,1.0,26.800333,-8.0,0.0,0.0,67.46483,-8.0,2.0,2.0,0.0,100.0,1.0
56.66184,183.29117,7.0,71.29021,32.72417,0.0,0.0,80.683685,-7.0,5.6700706,6.0,34.0,7.010831,9.968691,1.0,1.0,1.0,95.28931,-8.0,23.477776,2.0,9.812754,88.0,1.0
57.0409,-9.0,3.0,-9.0,7.8109927,0.0,0.0,100.0,-7.0,7.0,8.0,3.981505,3.0,18.224117,0.0,0.0,0.0,49.518284,-8.0,6.0,2.0,5.521096,64.09683,1.0
73.0,262.54285,17.05639,136.60004,18.0,0.0,0.0,94.0,16.166798,6.0,6.0,22.0,0.0,13.0,0.0,0.0,0.0,45.83372,73.2589,6.0,2.0,0.0,80.0,1.0
63.56894,107.52469,40.325424,68.356224,-0.39930066,2.0,2.0,77.869225,17.787565,4.0,2.958163,4.96564,0.0,74.82237,0.0,0.0,0.0,105.68832,-8.0,1.0,1.0,0.0,100.0,1.0
71.0,93.08707,8.0,-9.0,-9.0,0.0,0.0,100.0,-7.0,7.0,8.0,-3.3037293,1.0,96.0668,0.0,2.0,2.0,0.0,82.69577,0.0,2.0,0.0,74.27592,1.0
69.0,-8.0,2.2632203,-9.0,18.0,0.0,0.0,100.0,-7.0,7.0,8.0,12.0,3.0,30.95195,0.0,2.0,2.0,32.440987,50.8112,7.0,1.0,0.91167843,71.0,1.0
14.685442,187.38518,12.0,74.0,15.0,0.0,0.0,81.06254,-7.0,4.0,6.0,17.0,0.13153857,27.84375,0.0,0.0,0.0,92.57864,-8.0,6.0,1.0,3.0,81.24715,1.0
65.0,190.01677,51.550922,93.0,6.0,1.0,1.0,77.51358,23.303291,6.0,4.1559134,9.0,0.0,50.0,-7.837706,0.0,0.0,91.920746,-8.0,1.8057771,-8.0,-8.0,91.57831,1.0
57.308605,104.96063,6.0,46.438652,20.0,1.0,0.0,91.86684,25.976885,6.0,4.0,21.0,7.1526384,36.0,0.0,1.0,1.0,67.30708,95.84463,13.473062,6.120667,2.0,100.0,1.0
58.838306,168.32222,4.0,68.0,42.867615,0.0,0.0,96.020515,-7.0,-9.0,6.0,48.665092,2.0,36.0,0.0,4.0,4.0,65.35923,88.0,25.78402,4.0,3.0,80.0,1.0
58.766735,119.44597,11.037318,79.00119,3.6616018,2.0,2.9547505,88.15732,-6.800204,-9.0,5.0,7.0,0.0,35.577423,4.0,0.0,0.0,68.50137,41.074085,3.0,1.0,0.0,80.0,1.0
71.0,179.71579,1.0,34.918594,26.0,1.0,0.0,97.0,23.72009,6.0,4.0,29.759398,8.339855,39.294895,1.0,1.0,1.0,9.784594,77.771805,8.496593,3.0,0.0,67.0,1.0
66.0,324.21542,15.0,110.89341,19.0,0.0,0.0,100.0,-7.0,7.0,8.0,17.0,0.0,29.0,0.0,2.8361766,2.0,65.4234,-8.0,8.0,2.0,2.0,80.0,1.0
-9.0,-9.0,5.0,-9.0,22.0,0.0,0.0,100.0,-7.0,7.0,8.0,32.302395,7.1578984,57.24201,0.0,4.0,3.2582006,98.42653,-8.0,4.0,4.0,1.0,88.0,1.0
66.39014,198.39153,17.331614,92.0,15.0,0.0,0.0,92.0,14.190766,6.0,6.0,14.0,0.0,19.53009,8.360904,1.0,1.0,81.98394,38.915073,3.0,1.0,1.0,88.0,1.0
72.74556,40.98802,22.706053,22.205095,3.1953986,0.0,0.0,100.0,-7.0,7.0,8.0,4.649577,0.0,99.92289,-8.0,1.0074254,1.0,92.885124,-8.0,1.0,-8.0,0.0,100.0,1.0
57.720203,239.50772,6.0,87.98681,4.460557,1.0,0.0,69.79384,39.164577,6.0,2.0,9.0,2.0,28.0,0.0,3.376161,3.4292667,105.577736,-8.0,4.0,1.0,2.0,100.0,1.0
54.14653,128.95555,5.0,63.0,7.7234545,3.0,0.0,69.44304,-4.676307,-9.0,4.0,8.0,4.0,0.0,0.0,4.0,4.0,34.830894,-8.0,3.0,1.0,0.0,60.0,1.0
63.0,151.25603,3.0,50.160046,21.0,0.0,0.0,100.0,-7.0,7.0,8.0,21.0,2.0,10.402307,0.0,2.0,2.0,59.959988,-8.0,9.809557,1.0,3.0,67.0,1.0
59.22331,129.35269,8.0,52.63917,23.0,3.0798798,0.0,90.0,-7.0,3.0,6.0,23.0,3.0,73.83534,4.0,0.0,0.0,32.0,76.0,3.0,4.0,0.0,83.0,1.0
55.047665,105.77344,24.60476,51.54368,11.588112,0.0,0.0,86.96961,-7.0,3.2304885,6.0,8.0,0.0,49.145866,0.0,2.0,1.0,49.180283,-8.0,3.0,1.0,3.0,100.0,1.0
-9.0,190.64497,3.0,65.64289,23.488829,2.537138,1.0,91.186356,-7.0,-4.612903,6.0,26.0,3.0,66.242485,0.0,6.0831456,6.1548357,12.0,71.47285,2.0,6.4520197,0.0,70.0,1.0
-9.0,107.27251,6.0,-9.0,11.0,3.0,1.0,86.57409,6.93496,4.0,4.506572,10.004447,2.0,39.353027,0.0,2.0,2.0,117.271706,83.89613,2.0,2.0,0.0,81.881065,1.0
66.0,77.60357,47.091644,54.85638,7.0,1.0,0.0,62.404324,16.585361,6.0,3.2520049,8.0,0.0,76.56794,0.0,6.4440346,5.0,5.0,45.501118,1.0,1.0,0.0,100.0,1.0
69.0,173.39763,26.572428,64.3528,8.0,0.0,0.0,100.0,-7.0,7.0,8.0,11.636207,0.0,-9.0,0.0,1.0,1.0,94.06209,-8.0,5.0,-8.0,2.0,71.0,1.0
70.0,99.15508,2.0,39.023235,17.0,0.0,0.0,100.0,-7.0,7.0,8.0,20.0,4.0,27.0,0.0,1.0,1.0,25.755117,27.989542,3.0,4.0,0.0,82.57469,1.0
64.0,326.04355,13.881764,71.1851,23.0,0.0,0.0,78.3453,12.848016,6.0,6.0,24.0,1.0,20.0,0.0,2.9009955,2.0,56.546833,52.799362,5.0,2.0,2.0,63.506237,1.0
70.0,177.15353,26.92581,67.0,10.0,0.0,0.0,100.0,-7.0,7.0,8.0,9.0,0.0,57.954227,-7.0,1.0,1.0,112.13049,-8.0,2.0,2.0,2.0,100.0,1.0
69.0,95.90868,18.723257,46.22567,4.226651,1.0,1.0,100.0,-7.0,6.6901937,8.0,-8.750975,0.0,75.25011,0.0,2.0,2.0,0.0,-8.0,1.0,1.0,0.0,75.0,1.0
-9.0,82.09009,4.0,58.3925,16.0,0.0,0.0,76.39798,6.0615993,6.0,6.0,16.0,3.0,-7.706574,0.0,0.0,0.0,41.46081,66.020515,5.0,1.0,3.7163155,50.0,1.0
32.04141,141.12735,17.787746,54.2057,-9.0,1.0,0.0,69.44848,53.566654,6.0,5.0,7.0,0.0,69.09259,0.0,2.0,1.0,119.9987,-8.0,1.0,2.0,1.0,100.0,1.0
70.488174,141.4998,4.0,11.813486,9.062106,0.0,0.0,100.0,-7.0,7.0,8.0,9.918026,2.0,27.0,0.0,0.0,0.0,65.67446,-8.0,3.0,1.0,0.0,73.0,1.0
69.0,107.52757,5.0,29.379406,3.1594605,0.0,0.0,79.62812,58.848164,6.0,6.0,6.601494,1.0,92.53336,-7.0,3.0,3.0,0.0,126.2275,0.0,1.0,0.0,40.02288,1.0
65.45899,-8.493271,7.014379,-9.0,-9.0,0.0,0.0,100.0,-7.0,7.0,8.0,3.9803119,1.0,59.60582,-7.0,2.0,1.0,58.594162,40.953274,2.0,1.0,0.0,75.0,1.0
1.8103384,98.20882,5.0,17.231226,21.0,0.0,0.0,91.0,30.552261,6.0,6.0,21.0,4.0,35.318336,0.0,12.162997,12.380251,88.89692,-8.0,7.0,2.0,2.0,100.0,1.0
72.0,143.59892,1.0,39.657215,15.0,0.0,0.0,100.0,-7.0,7.0,8.0,18.0,2.0,-9.0,2.0,2.0,2.0,20.97726,-8.0,7.0,1.0,1.0,75.0,1.0
54.402573,204.06827,44.348995,102.751236,6.0,0.0,0.0,67.10365,12.899869,4.0,6.0,7.0,0.0,66.23995,0.0,1.0,0.0,119.55075,-2.0645103,3.0,2.0,4.934131,100.0,1.0
66.201164,144.7514,4.0,71.837265,27.0,1.20109,0.0,85.1813,52.335983,6.0,2.0,28.66107,3.0,39.219025,0.0,7.4947786,6.855869,56.569553,-8.0,8.0,6.191795,1.0,100.0,1.0
82.86401,173.30917,19.457355,63.0,-9.0,0.0,0.0,100.0,-7.0,7.0,8.0,3.379043,0.0,99.99487,-7.0,0.0,0.0,4.0,71.0,-9.0,2.0,0.0,100.0,1.0
68.0,197.14235,32.50065,89.30304,13.919535,3.417081,0.0,68.843994,21.812487,4.0,5.0,22.0,0.0,76.011986,0.0,3.0,2.0,0.9702762,46.344433,1.0,1.0,0.0,42.375008,1.0
62.0,115.57361,7.0,54.393806,-9.0,2.0,1.0,69.325714,12.950745,5.517302,6.0,-3.1877792,1.0,53.546207,0.0,2.0,1.8663906,116.22674,-8.0,2.0,-8.0,0.0,88.0,1.0
59.71002,233.62236,7.0,58.48872,22.767353,1.0,0.0,78.735954,17.647997,6.0,3.531088,26.0,4.0,57.95311,0.0,2.0,2.0,65.155876,93.03684,6.0,3.0,1.0,85.85719,1.0
70.0,193.01918,1.3351828,69.197784,15.0,0.0,0.0,100.0,-7.0,7.0,8.0,14.0,2.0,14.551955,0.0,0.0,0.0,55.560646,-8.0,3.0,1.0,4.0,57.0,1.0
63.0,116.26688,9.0,41.83011,15.0,2.0,1.0,84.589485,26.385597,6.0,5.0,17.0,0.0,20.0,0.0,0.0,0.0,55.0319,22.673878,6.0949616,2.0,0.0,80.0,1.0
52.322994,109.55668,22.289852,46.412388,-9.0,9.373105,8.964805,-9.0,81.2261,6.0,2.0,2.3861582,0.0,99.999626,-7.0,0.0,0.0,0.0,69.36626,0.0,2.0,-9.0,100.0,1.0
66.0,58.26818,2.4972801,66.802505,20.0,1.2502992,2.0,100.0,-7.0,6.0,8.0,20.0,2.0,26.41724,0.0,0.0,0.0,75.983215,94.26354,5.0,3.0,2.0,78.236435,1.0
62.0,108.745094,3.0,-9.0,21.0,0.0,0.0,89.0,25.75211,6.0,5.0,28.204609,10.997937,19.0,0.0,11.40283,6.894915,22.474134,100.0,6.0,2.0,0.0,74.73237,1.0
62.0,196.9626,20.0,70.0,6.0,3.4843454,0.0,-9.0,8.120268,4.0,2.0,3.9812012,0.0,84.45301,-5.6939383,1.0,1.0,0.0,-8.0,1.0,-8.0,-9.0,88.0,1.0
57.02698,120.7807,10.874857,76.398125,12.0,1.0,1.0,88.4548,-7.0,-9.0,6.0,9.0,2.0,62.59747,9.327524,0.0,0.0,59.044735,-8.0,2.0,2.0,0.0,80.0,1.0
83.0,249.21875,20.222353,64.81437,12.0,0.0,0.0,100.0,-7.0,7.0,8.0,9.5918,0.0,7.37868,-7.0,0.0,0.0,0.0,-8.0,2.0,-8.71133,0.0,24.646957,1.0
66.0,273.13657,5.0,57.880024,22.0,1.0,0.0,100.0,-7.0,4.0,6.0,22.0,4.97635,20.0,4.9674044,0.0,0.0,41.366634,82.0,4.0,2.0,0.31727988,63.834747,1.0
65.0,-8.079203,11.0,-9.0,16.0,0.0,0.0,100.0,-7.0,7.0,8.0,18.0,0.0,19.0,0.0,2.8694584,3.0,92.537895,73.881966,6.0,3.0,1.0,75.0,1.0
59.9652,-9.0,5.0,-9.0,8.844098,0.0,0.0,86.569305,5.711395,4.0,6.0,12.0,1.0,40.0,0.0,0.0,0.0,67.16261,86.3552,2.0,4.0,1.0,60.0,1.0
62.0,53.59086,14.91829,-9.0,9.28974,0.0,0.0,100.0,-7.0,7.0,8.0,7.9985633,0.0,76.63855,0.0,5.0,5.0,0.0,82.0,0.0,2.0,-9.0,60.0,1.0
62.0,162.46649,2.0,73.708694,44.9503,1.0,0.0,90.08351,4.0,6.0,5.0,50.969624,2.0,24.0,-8.0,3.0,3.0,32.0,100.0,4.0,6.5425496,3.0,56.776917,1.0
71.5123,137.2079,10.0,88.75187,14.0,0.0,0.0,100.0,-7.0,7.0,8.0,18.0,0.0,0.59723055,-7.0,2.0,2.0,54.532333,-8.0,4.0,1.0,1.0,55.932697,1.0
71.861046,87.325516,4.0,29.12959,21.0,0.0,0.0,100.0,-7.0,7.0,8.0,21.0,3.0,50.0,0.0,2.0,2.8260343,2.0,97.547646,4.0,3.0,0.0,75.0,1.0
59.636642,165.8478,19.81582,63.219345,-9.0,0.0,0.0,63.402588,-7.0,4.0,6.0,3.9926243,0.0,79.07318,0.0,0.0,0.0,93.754,59.362877,1.0,2.0,0.0,100.0,1.0
68.0,139.9528,31.523575,79.0,-9.0,0.0,0.0,100.0,-7.0,7.0,8.0,-9.0,0.0,100.0,-7.0,0.0,0.0,0.0,22.161491,-9.0,2.0,-9.0,100.0,1.0
66.38997,78.597595,3.0,1.23697,14.0,0.0,0.0,100.0,-7.0,7.0,8.0,9.0,2.0,25.0,0.0,1.0,0.0,53.748848,99.08152,4.0,2.0,2.0,60.0,1.0
56.59475,152.85628,49.641636,92.58995,12.687268,0.0,0.0,76.86291,1.7626938,-9.0,5.053143,16.0,0.0,31.0,0.0,1.0,0.0,42.15721,25.61015,6.0,3.0,4.0,90.5636,1.0
61.73094,-4.5098596,9.0,47.752182,14.0,0.23680061,0.0,91.0,-0.030269222,-9.0,6.0,16.0,2.0,46.792854,-7.0,0.0,0.0,84.111305,62.818554,4.0,4.0,1.0,85.56723,1.0
74.0,165.52097,37.032276,119.53553,-9.0,2.0,0.0,82.567924,28.015648,6.0,3.0,9.6373415,0.0,50.0,0.0,1.0,1.0,92.87893,-8.0,2.3025048,1.0,0.0,83.0,1.0
62.0,177.69171,10.0,56.04296,8.0,2.6808405,2.0,97.175766,6.839708,-8.64489,6.0,7.318525,1.0,56.9291,7.0,0.0,0.0,59.06042,77.65614,4.0,2.0,1.0,88.64214,1.0
65.0,71.246666,24.585794,53.163612,17.0,0.0,0.0,82.9231,16.488434,4.0,6.0,17.0,0.0,72.12157,8.642254,0.0,0.0,54.773438,73.815865,4.0,7.7929416,1.0,100.0,1.0
70.0,114.16516,14.0,27.688084,8.0,0.0,0.0,100.0,-7.0,7.0,8.0,11.0,0.0,15.0,0.0,1.0,1.0,80.98663,-8.0,3.0,1.0,0.0,70.0,1.0
64.50722,1.2680569,5.0,-9.0,-9.0,0.0,0.0,100.0,-7.0,7.0,8.0,3.2903616,1.2274879,22.937094,0.0,2.0,2.0,57.12195,8.683624,4.0,1.0,1.0,100.0,1.0
65.0,186.37383,7.0,63.0,-9.0,2.6368582,0.0,55.0025,39.36142,6.0,4.0,1.6781024,1.0,73.63365,0.0,3.0,3.0,22.877941,86.34026,1.0,4.0,0.0,85.409645,1.0
64.0,127.20258,10.0,45.119877,18.0,0.0,0.0,100.0,-7.0,7.0,8.0,18.0,0.0,54.509907,-7.0,0.0,0.0,108.33023,58.89734,4.0,1.0,2.0,84.41905,1.0
77.0,180.21991,7.0,81.0,5.5289245,0.0,0.0,100.0,-7.0,7.0,8.0,8.760118,1.0,50.0,0.0,1.0,1.0,0.49901322,-8.0,2.0,1.0,0.0,50.0,1.0
-9.0,202.29446,2.0,76.0,25.0,1.0,0.0,87.83071,4.466542,-4.0419865,6.0,24.0,2.0,53.508385,0.0,8.932506,7.558114,93.260376,40.42099,3.0,5.0,6.297773,69.62073,1.0
58.255302,84.571075,2.0,54.042973,14.0,1.0,1.0,75.923256,27.155865,6.0,3.0,15.407427,6.0,41.570335,0.0,3.0,3.0,56.547848,100.0,8.5226145,2.0,3.3378356,92.62203,1.0
62.65978,264.15967,43.39273,77.0,-4.3821306,2.3543835,0.0,29.034416,22.523481,6.0,4.0773587,15.0,0.0,99.642395,1.0,2.0,1.0,1.0,-8.0,0.0,1.0,0.0,83.0,1.0
63.0,365.1613,18.873928,107.34917,25.0,3.4584577,1.0,79.80074,30.98648,4.0,5.9694343,31.0,0.0,39.56035,0.0,2.0,1.3840407,76.817566,-8.0,10.178379,3.0,3.8463054,88.33289,1.0
65.0,94.01631,2.0,-9.0,3.2205446,0.0,0.0,100.0,-7.0,7.0,8.0,5.3359065,3.0,56.6118,0.0,2.0,2.0,31.956198,86.668755,2.0,2.0,0.0,83.0,1.0
74.0,346.1094,6.0,102.811,8.416459,2.0,0.0,82.132614,15.631813,4.0,2.0,10.0,3.0,20.321016,0.0,2.0,2.0,24.025913,-8.0,4.0,-8.0,0.0,72.27014,1.0
61.356136,140.35597,9.0,64.01448,20.0,0.0,0.0,79.75823,5.723384,3.0704002,6.0,18.0,2.0,54.055847,2.7632537,2.0,1.6641856,46.985214,56.14736,4.0,6.0,0.6975741,75.0,1.0
60.427677,227.81335,14.0,68.0,16.26111,0.0,0.0,94.0,11.5363865,6.0,6.0,14.0,0.0,6.610558,5.0,0.0,0.0,67.73061,-8.0,7.0,-8.0,3.0,54.3352,1.0
65.64383,-9.0,10.683626,24.143757,10.0,0.0,0.0,100.0,-7.0,7.0,8.0,7.941349,0.0,58.331375,0.0,2.6920044,2.0,0.0,-8.0,1.0,1.0,0.0,39.82089,1.0
60.05959,208.39809,4.0,68.14449,43.775246,0.0,0.0,96.46574,9.461967,3.0,6.0,35.0,9.270782,30.0,0.0,5.0929823,4.0,28.02304,83.28358,10.930187,4.0,1.0,70.05758,1.0
65.0,94.56436,3.0,-9.0,15.0,0.0,0.0,100.0,-7.0,7.0,8.0,17.0,6.0,67.7541,-7.0,0.0,0.0,56.204094,89.07527,4.0,3.0,0.0,80.774956,1.0
59.517128,111.13574,5.0,65.0,32.730904,3.920979,1.0,86.17744,23.56891,4.0,5.0,38.0,1.0,21.0,-7.0,0.0,0.0,60.24844,78.29785,10.627022,2.0,1.0,100.0,1.0
55.821198,159.12782,1.0,58.537422,43.73964,3.059353,0.0,86.151855,35.381065,6.0,3.0,50.942066,4.0,46.76688,0.0,0.0,0.0,102.78518,82.0,6.0,12.3884325,2.0,71.0,1.0
-9.0,139.43922,5.0,89.81252,9.0,3.6196053,1.0,75.092964,4.0,3.7482255,5.0,9.416445,2.0,58.43294,1.0,0.0,0.0,111.78384,98.03829,2.0,2.0,3.0,100.0,1.0
73.0,107.83593,11.0,61.0,11.991211,0.0,0.0,100.0,-7.0,7.0,8.0,14.294993,1.0,12.079835,-7.0,1.0,2.0,30.29323,-8.0,5.0,-8.0,1.0,85.99643,1.0
75.0,81.79569,2.0,39.31771,15.0,1.0,0.0,95.0,50.62301,6.0,4.0,13.0,4.0,16.7268,0.0,1.0,1.0,16.0,-8.0,4.0,1.0,0.0,41.919914,1.0
67.677246,-9.0,16.0,-9.0,3.6057904,0.0,0.0,100.0,-7.0,7.0,8.0,2.8436165,0.0,14.0,2.0,1.0,1.0,74.590164,-8.0,2.0,1.0,1.0,80.0,1.0
75.0,280.77542,31.702324,104.645836,14.0,0.0,0.0,77.84114,45.469467,6.0,6.0,14.36324,0.0,72.290016,-7.0,0.0,0.0,4.636694,-8.0,2.0,2.0,0.0,67.0,1.0
59.964252,120.01449,24.839756,61.259956,11.259025,3.0,1.0,22.707022,6.019965,4.0,3.112946,17.23869,0.0,73.478775,0.0,0.0,0.0,52.73376,62.5053,2.0,2.0,-8.0,86.0,1.0
64.65887,87.86222,20.294268,57.79591,6.0,1.0,0.0,89.0,25.722874,6.0,5.0,5.186445,0.0,48.67777,0.0,1.0,1.0,92.70567,88.0,2.0,2.0,0.0,67.0,1.0
-9.0,206.90009,3.0,96.94176,25.911472,2.7735481,0.0,54.33642,5.585061,4.0,4.0,37.0,4.9296613,19.0,2.0,3.0,3.0,22.99063,72.9755,6.0,2.0,2.0,56.0,1.0
65.0,223.11276,3.0,92.0,22.850994,2.0,1.0,81.80963,23.086937,6.0,5.0,37.0,2.0,68.78867,2.0223277,2.0,2.0,114.35703,84.25287,3.0,6.8131166,0.0,91.51011,1.0
29.129147,155.44841,4.0,67.0,49.791843,0.0,0.0,100.0,-7.0,7.0,8.0,63.577843,3.0,28.0,9.517733,0.0,0.0,70.89233,96.99526,11.0,5.0,9.425185,71.0,1.0
73.0,90.45171,19.18095,57.00666,7.242541,0.0,0.0,100.0,-7.0,7.0,8.0,12.0,0.0,37.0,0.0,1.0,1.0,51.229042,-8.0,2.0,1.0,2.0,87.380585,1.0
68.0,140.77159,8.679517,50.03064,32.0,0.0,0.0,100.0,-7.0,7.0,8.0,45.207436,1.0,58.097553,-7.0,2.0,2.0,69.462524,32.334106,6.0,6.2068644,3.0704405,100.0,1.0
74.0,87.14906,4.2507744,32.308697,13.222477,0.0,0.0,100.0,-7.0,7.0,8.0,14.0,2.0,75.22445,0.0,3.0,3.0,2.0,42.51816,1.0,4.0,0.0,63.0,1.0
62.5243,179.36696,5.0,51.620026,18.0,0.0,0.0,92.0,6.0,4.0,6.0,18.0,2.0,-9.0,0.0,2.0,1.0129297,28.0,-8.0,11.0,1.0,2.0,64.0,1.0
-9.0,59.956875,4.0,-9.0,-9.0,1.0,0.0,-9.0,11.938023,2.1379619,4.0,-5.1046743,5.0,41.65027,0.0,1.0,1.0,89.62072,-8.0,2.0,1.0,1.0,100.0,1.0
65.0,139.00224,4.0,62.808727,49.84753,0.0,0.0,100.0,-7.0,6.0,8.0,47.01286,6.0,44.0,1.0,4.7972083,4.0,67.895164,58.60617,9.453785,5.0,1.0,100.0,1.0
-9.0,199.94629,27.40789,73.513954,12.0,0.0,0.0,71.392815,3.0,3.0,6.0,13.0,0.0,52.486202,0.0,5.0,5.0,110.87062,77.145355,3.0,2.0,1.0,80.08605,1.0
69.233665,147.04227,7.0,57.114426,14.0,2.0,1.0,83.515434,31.833296,6.0,5.0,17.0,2.0,22.0,4.0,0.0,0.0,69.04343,80.34256,4.0,2.0,0.0,71.0,1.0
63.0,5.139563,10.0,48.392586,14.0,0.0,0.0,92.393654,27.301842,6.0,6.0,7.0,2.0,54.920002,0.0,3.0,3.0358803,56.911915,91.0,4.817206,4.0,1.0,100.0,1.0
73.0,155.46703,17.0,36.22452,9.0,0.0,0.0,100.0,-7.0,7.0,8.0,11.0,0.0,72.52673,0.0,0.0,0.0,52.02913,-8.0,2.0,2.0,1.0,73.0,1.0
73.0,147.13461,15.337871,67.505554,18.0,0.0,0.0,100.0,-7.0,7.0,8.0,29.0,0.0,67.930565,-7.0,2.0,2.0,42.74927,52.132854,3.0,2.0,1.0,82.13212,1.0
78.0,160.53845,12.0,49.624733,12.0,2.0,0.0,91.65185,35.58779,6.0,2.0,9.105127,1.0,69.64839,4.6487746,0.0,0.0,1.0,8.858422,1.0,1.0,0.0,57.0,1.0
65.0,73.29504,12.358503,-9.0,3.814233,0.0,0.0,100.0,-7.0,7.0,8.0,4.301196,0.0,76.19265,11.996582,0.0,0.0,25.654524,92.56226,1.0,2.0,0.0,82.21081,1.0
65.0,36.90366,4.0,49.01481,9.0,0.0,0.0,100.0,-7.0,7.0,8.0,3.9797325,2.0,38.11839,0.0,1.0,1.0,84.022644,68.43073,2.0,2.0,3.0,67.0,1.0
60.454308,-9.0,22.243109,-9.0,-9.0,0.0,0.0,100.0,-7.0,7.0,8.0,-4.430786,0.0,99.99581,0.0,2.0,2.0,0.0,17.306463,0.0,1.0,0.0,63.0,1.0
54.73192,64.13409,1.0,-4.1133213,25.0,0.0,0.0,92.0,8.743722,6.0,6.0,27.0,6.118908,20.0,0.0,4.125697,4.37505,30.484076,98.680176,7.0,5.0,1.0,56.0,1.0
63.0,104.41802,6.0,27.564226,5.452405,0.0,0.0,100.0,-7.0,7.0,8.0,6.788204,1.0,41.0,0.0,0.0,0.0,88.71811,76.0,2.0,1.0,2.0,67.0,1.0
68.0,419.3294,5.0,83.0,57.14761,0.0,0.0,97.0,35.351234,6.0,6.0,57.646137,6.0,28.0,1.0,6.318735,6.207313,52.47918,-8.0,21.954285,2.0,2.0,67.0,1.0
-5.98388,199.7511,6.0,38.998116,3.483173,1.0,0.0,57.978275,8.602951,4.0,5.0,9.0,1.0,97.32504,1.0,0.0,0.0,-8.602047,87.21975,-9.0,1.0,-9.0,71.24522,1.0
3.3638964,118.918076,6.0,33.040295,11.0,0.0,0.0,92.702095,2.0,6.0,6.0,10.0,2.0173817,20.0,0.0,1.0,1.0,94.54161,-8.0,4.0,2.0,3.0,83.0,1.0
57.360825,124.76877,3.0,34.833477,12.0,1.0,0.0,88.42043,11.410311,6.0,4.0,12.0,10.644594,25.0,0.0,2.0,2.0,25.193964,95.92754,5.0,2.0,0.0,64.0,1.0
63.0,133.33676,3.0,48.71456,15.0,0.0,0.0,92.5519,28.541885,4.0,5.0,18.0,4.0,8.921201,1.0,1.0,1.0,75.97242,-8.0,6.0,2.0,3.0,84.24517,1.0
54.58076,121.715454,3.0,41.470547,20.0,0.0,0.0,96.56509,8.000496,5.0,6.0,21.194117,7.769377,28.242744,0.0,1.0,1.0,79.06363,-8.0,9.0,7.1845098,3.036235,83.0,1.0
52.12088,122.35031,8.0,60.02256,22.0,2.3580856,1.0,92.03495,4.0,3.0,6.0,27.800537,0.0,42.66917,0.0,2.0,2.0,77.87443,79.11589,6.0,2.0,2.0,100.0,1.0
71.0,83.97671,23.10196,48.121567,18.0,0.0,0.0,100.0,-7.0,4.0,6.0,20.292799,0.0,48.86007,0.0,0.0,0.0,103.88597,-8.0,2.0,-5.5625615,0.0,100.0,1.0
74.08741,190.86777,17.0,86.82736,13.0,2.0,0.0,88.0,42.056698,6.0,3.5497556,11.882573,0.0,71.986145,7.0,1.0,1.0,4.0,-8.0,2.0,2.0,0.0,75.0,1.0
66.0,110.42539,6.0,58.0,15.0,0.0,0.0,93.0,57.286877,6.0,6.0,21.0,2.0,50.0,0.0,3.0,3.161586,80.03092,-8.0,3.0,1.0,1.456113,56.0,1.0
63.0,152.73097,2.0,76.0,17.0,1.0,0.0,86.275375,13.647752,0.0,3.112036,6.545925,2.0,20.575203,0.0,3.0,3.0,17.0,88.0,5.0,2.0,0.0,67.0,1.0
64.70639,79.857735,2.0,-9.0,12.0,0.0,0.0,100.0,-7.0,7.0,8.0,8.184004,5.0,19.0,0.0,2.0,2.0,62.817585,99.1369,3.0,3.0,1.0,67.0,1.0
79.0,154.70377,71.323975,94.0,13.0,0.0,0.0,100.0,-7.0,7.0,8.0,16.269966,0.0,99.94854,0.0,1.0,1.0,0.0,-8.0,0.5837058,-8.0,0.0,100.0,1.0
58.144863,178.15175,23.659378,90.0,8.039192,0.0,0.0,59.180134,2.0,-9.0,6.0,12.0,0.0,38.859505,0.0,0.0,0.0,70.58036,-8.0,2.0,-8.0,1.0,58.0,1.0
56.64162,155.8783,2.0,13.006136,21.0,3.0,0.0,77.98884,10.678328,6.0,3.0,28.0,8.40615,21.3807,0.0,1.0,1.0,32.464024,94.38909,4.0,4.0,0.17684737,60.0,1.0
56.378765,149.94023,5.0,63.908405,28.0,0.0,0.0,89.48903,4.3472586,4.0,6.0,26.0,2.0,31.0,-7.0,0.0,0.0,69.87613,67.951416,10.406988,3.0,5.3614736,80.0,1.0
71.042175,169.3715,2.0,69.90236,15.0,0.0,0.0,100.0,-7.0,7.0,8.0,19.0,2.0,55.328728,-7.0,6.1039476,6.0492373,61.460503,32.26764,2.0,3.3183436,0.0,80.0,1.0
-9.0,-9.0,1.0,-9.0,8.0,0.0,0.0,84.88316,44.059998,6.0,6.0,9.0,2.0,15.0,-7.0,5.671232,5.0,94.38233,59.21141,7.0,1.0,2.0,92.73366,1.0
62.0,125.97872,2.0,12.153164,6.123365,4.3800035,1.0,62.711674,21.953636,6.0,0.035384055,8.621403,2.0,25.644918,0.0,2.0,2.0,6.0,27.300163,1.0,1.0,0.0,38.0,1.0
64.0,340.55573,36.672382,101.94529,21.0,0.0,0.0,84.93399,9.7126875,6.0,6.0,29.0,0.0,20.0,0.0,2.0,1.0,75.33379,-8.0,11.0,1.0,3.90272,100.0,1.0
66.0,98.621925,5.0,42.22285,14.0,0.0,0.0,100.0,-7.0,7.0,8.0,13.0,1.0,26.0,-7.0,0.0,0.0,73.057045,-8.0,6.0,1.0,1.0,100.0,1.0
58.389847,145.44756,26.21382,61.0,25.0,1.0,0.0,85.24245,5.226974,4.0,3.0,24.0,0.0,45.324497,0.0,4.0,4.0,96.37165,11.435029,2.0,2.0,2.0,80.108406,1.0
58.998337,-2.0713878,28.591413,16.774345,3.465485,0.0,0.0,100.0,-7.0,7.0,8.0,4.2751327,0.0,19.0,0.0,4.0,3.8770318,110.775345,-8.0,5.0,1.0,1.0,100.0,1.0
62.0,108.62274,4.0,60.192966,7.0,0.0,0.0,89.0,6.100553,6.0,6.0,8.0,2.0,67.89568,0.0,1.0,1.5543711,98.93992,21.921524,1.0,2.0,0.0,67.0,1.0
54.110794,-9.0,8.0,61.612022,8.0,1.0,0.0,81.538795,-7.0,3.0,5.0,3.9983323,1.0,43.0,9.219205,0.0,0.0,119.18918,51.600533,3.0,2.0,4.0,100.0,1.0
72.0,166.59927,10.0,49.299217,-9.0,0.0,0.0,100.0,-7.0,7.0,8.0,0.65732837,1.0,96.6311,0.17177393,1.0,1.0,36.0,60.551735,1.0,1.0,1.0,83.0,1.0
70.0,205.58849,7.0,31.541065,13.0,0.0,0.0,94.50616,40.99807,6.0,6.0,9.116221,5.0,45.0,0.0,1.0,1.0,79.906715,2.3435218,4.0,1.0,0.0,81.91804,1.0
56.24821,122.926636,26.549805,94.0,8.0,2.0,0.0,60.173756,17.096882,6.0,5.0,9.0,0.0,33.252407,2.0,4.0,4.0,89.418976,-8.0,3.0,1.0,3.0,91.4695,1.0
65.07272,300.22534,3.0,72.0,44.574875,5.4920526,0.0,81.37519,6.0,0.0,2.0,56.273674,4.0,90.76947,0.0,4.0,4.0,52.404297,88.0,3.0,19.521196,0.0,91.70218,1.0
71.97017,119.81717,15.468905,53.794865,12.151667,0.0,0.0,94.0,26.718866,6.0,6.0,15.0,0.0,37.547935,-8.0,0.0,0.0,68.23456,58.11157,3.0,3.0,0.0,75.0,1.0
71.0,-1.9284046,3.0,51.939037,6.0,2.0,0.0,84.63785,79.01957,6.0,3.0,4.620585,4.0,98.70052,0.0,3.9610817,3.0,19.031296,23.956232,1.0,2.0,0.0,100.0,1.0
62.320766,169.05809,2.0,59.220093,21.0,1.0,0.0,86.92813,14.434331,4.0,5.0,22.0,3.0,38.83791,0.0,3.0,2.0,31.941706,81.22311,2.0,6.3941283,2.0354764,50.096027,1.0
57.065174,136.69539,6.0,85.16518,13.0,0.0,0.0,100.0,-7.0,7.0,8.0,10.0,1.0,52.77118,0.0,3.0,3.0,118.27074,35.484562,4.0,2.0,2.0,100.0,1.0
62.0,82.90164,4.0,61.828335,45.986015,4.395587,0.0,93.0,53.845657,6.0,2.0,46.896152,4.0,42.696987,0.0,2.0,3.0,58.484226,88.87722,17.337704,4.0,4.1231685,83.0,1.0
63.67865,164.37161,16.0,68.0,14.0,0.0,0.0,93.923645,-7.0,-9.0,6.0,20.0,0.0,25.542221,0.0,1.0,1.0,19.244967,82.92503,1.0,3.0,0.0,78.84516,1.0
65.09897,92.08383,1.0,59.129498,12.912747,0.0,0.0,100.0,-7.0,7.0,8.0,15.0,3.0,38.0,0.0,3.0,3.0,69.18747,-8.0,4.0,1.4693153,1.0,73.0,1.0
-9.0,145.8759,7.0,-9.0,5.214744,1.0,0.0,69.40206,18.133062,4.0,5.9842625,9.475358,2.0,72.75161,-7.0,1.0,0.0,1.0,88.88298,2.0,4.0,0.0,100.0,1.0
61.441406,147.39851,8.0,61.0,28.0,0.0,0.0,100.0,-7.0,7.0,8.0,29.95416,1.0,17.17193,0.0,1.0,1.0,84.41498,75.45374,11.612391,4.0,10.404887,78.06615,1.0
68.72246,93.41007,5.0,49.148476,14.752774,0.0,0.0,100.0,-7.0,7.0,8.0,15.0,2.0,56.23645,13.569481,0.0,0.0,87.24893,76.803345,2.0,2.3340828,2.0,54.167076,1.0
57.462246,-0.8239005,2.0,43.936275,10.0,4.2985296,2.0,77.76607,6.0,6.0,2.0,11.538292,3.0,33.0,0.0,3.596087,3.0,32.10897,88.0,1.0,2.0,0.0,50.0,1.0
60.901493,111.877106,5.0,10.86943,9.8303175,1.0,0.0,65.0241,27.369322,6.0,4.0,16.0,4.0,96.81748,0.0,3.0,2.0,17.016726,86.15862,1.0,2.0,0.0,71.0,1.0
60.384346,34.552185,14.385467,28.4312,5.5263057,0.0,0.0,69.09161,40.7369,6.0,5.0,7.0,1.0,66.73185,0.0,0.0,0.0,46.926144,97.23913,3.0,1.0,1.0,75.0,1.0
57.807022,122.8022,10.984566,-4.34635,11.0,1.0,0.0,73.49568,28.049942,6.0,3.0,9.0,1.0,11.931665,1.0,2.0,2.0,89.24416,-8.0,4.0,1.0,2.0,69.27829,1.0
75.0,132.8774,22.915428,58.626316,7.0,0.0,0.0,90.0,15.777523,6.0,6.0,7.0,0.0,73.20047,-7.0,1.0,0.790743,44.060535,52.575405,2.0,1.0,0.0,100.0,1.0
63.0,125.06005,24.008938,54.148327,14.0,0.0,0.0,100.0,-7.0,7.0,8.0,16.0,0.0,24.0,2.0,1.0,1.0,112.48247,28.640297,7.2191405,3.0,10.411665,100.0,1.0
71.0,110.44182,3.3733337,24.438889,29.808523,0.0,0.0,100.0,-7.0,7.0,8.0,34.432953,3.0,41.629894,0.0,0.0,0.0,12.673828,63.172638,4.0,5.0,0.0,57.0,1.0
12.189003,105.44529,14.891713,48.380875,8.0,0.0,0.0,73.9281,32.413784,6.0,6.0,4.0737195,0.0,44.748024,0.0,1.0,1.0,118.222824,52.17402,2.0,2.0,2.0,100.0,1.0
61.185177,121.744,12.0,46.482937,14.0,2.0,1.0,85.042694,12.131367,5.0,3.0,17.396435,1.0,35.93126,0.0,3.0,3.0,88.544464,71.60686,4.0,3.0,1.0,83.0,1.0
-9.0,254.78812,6.0,87.16345,10.0,2.0,0.0,-9.0,-7.0,-9.0,3.9313016,15.0,2.0,25.0,0.0,0.0,0.0,119.26557,-8.0,2.0,1.0,1.0,100.0,1.0
62.0,75.570244,6.0,22.705626,22.0,0.0,0.0,100.0,-7.0,7.0,8.0,22.607597,4.0,36.0,-7.0,4.6227336,5.0,84.46157,90.99426,5.0,3.4262264,1.0,100.0,1.0
64.71585,147.15974,35.374474,109.07444,7.6278076,9.591527,8.477003,-6.3026166,20.81238,6.0,2.0,12.820442,0.0,72.09285,-7.0,2.0,2.0,94.93596,-8.0,1.0,1.0,-9.0,100.0,1.0
73.0,-8.64917,10.0,4.17022,13.0,0.0,0.0,100.0,-7.0,7.0,8.0,13.0,0.0,15.0,-8.0,0.0,0.0,52.645107,-8.0,3.0,1.0,1.0,65.63778,1.0
63.35431,50.90077,21.193974,31.9787,8.0,0.0,0.0,100.0,-7.0,7.0,8.0,6.335393,0.0,27.0,1.0,2.0,2.0,66.88947,-8.0,3.0,-8.0,2.0,71.0,1.0
-9.0,132.36804,19.604404,80.0,7.0,2.0815084,0.0,56.712196,5.511945,6.0,2.0,8.435966,0.0,82.335396,0.0,4.25786,3.764176,39.631157,-8.0,1.0,1.0,-9.0,100.0,1.0
55.17997,79.673584,-7.7505255,21.824224,27.0,3.5760982,3.300643,100.0,-7.0,6.0,8.0,35.0,10.630205,66.36367,2.1251457,0.0,0.0,2.0,95.89861,2.0,6.0,0.0,60.0,1.0
68.0,-8.0,3.0,-9.0,16.0,0.0,0.0,100.0,-7.0,7.0,8.0,19.0,6.0,15.0,0.0,7.1331353,9.431147,36.17421,58.172,5.0,1.0,1.0,50.0,1.0
71.55886,122.07513,20.0,49.550636,15.946514,1.0,0.0,92.0,21.997992,6.0,5.0,15.0,0.0,51.336037,0.0,2.0,2.0,26.98878,75.58574,2.0,3.0,1.0,50.0,1.0
68.0,-8.105067,5.0,-9.0,18.0,0.0,0.0,94.0,63.105064,6.0,4.3072453,22.0,6.04139,28.260607,0.0,3.0,3.0,19.023401,-8.0,5.0,2.0,0.0,70.0,1.0
-9.0,108.48133,22.630478,54.10315,5.390707,1.0,0.0,79.44727,20.814161,6.0,6.0,7.0,0.0,99.99959,0.0,3.0,3.0,0.0,51.185425,-0.6797828,2.0,-8.0,91.39114,1.0
57.883095,-9.0,4.0,-9.0,-9.0,0.0,0.0,100.0,-7.0,7.0,8.0,-9.0,2.0,99.5596,-7.0,2.0,2.0,-9.0,67.9864,-9.0,1.0,-9.0,50.0,1.0
63.0,129.98785,2.0,29.504362,17.0,0.0,0.0,100.0,-7.0,6.0,8.0,21.151493,7.8779936,37.0,3.0,1.0,1.0,53.85604,37.10707,6.0,2.0,1.0,62.167725,1.0
65.0,182.53302,6.0,67.0,30.0,0.0,0.0,88.0,24.130295,6.0,6.0,24.0,2.0,68.59188,0.0,1.0,1.0,63.607437,48.271187,5.0,5.4508953,2.0,88.69841,1.0
55.08712,-9.0,2.396107,-9.0,5.705612,0.0,0.0,100.0,-7.0,7.0,8.0,3.3868327,7.576728,25.0,0.0,2.0,2.0,55.555424,100.0,5.0,3.0,1.0,100.0,1.0
60.010838,158.6245,2.0,46.09059,10.0,1.0,1.0,100.0,-7.0,7.0,8.0,13.0,5.0,46.0,0.0,2.0,2.0,65.96737,-3.4442518,4.0,1.2854491,1.0,100.0,1.0
59.26289,189.98116,6.0,65.81343,16.078154,3.6641922,1.0,90.18225,4.0,5.3873057,2.0,15.0,1.0,65.46198,0.0,1.0,1.0,99.56137,84.46867,1.0,3.0,0.0,77.27004,1.0
56.062473,133.8674,4.0,59.234665,32.763664,1.0,0.0,88.0,21.130222,6.0,5.0,40.015903,3.1936672,40.0,0.0,3.0,3.0,59.95901,-8.0,9.153241,8.933556,5.8476644,80.0,1.0
63.0,170.39883,2.0,52.799953,26.0,0.0,0.0,100.0,-7.0,7.0,8.0,25.694342,8.923599,28.0,0.0,5.988812,6.235583,23.509697,-8.0,7.0,3.0,3.0,60.0,1.0
65.0,124.29239,1.123201,50.815853,23.72646,3.9280915,2.0,77.64788,17.450262,5.0,2.0,24.0,9.336144,-9.0,5.367857,0.0,0.0,12.199049,-8.0,7.0,1.0,0.0,55.267414,1.0
-9.0,-9.0,-9.0,-9.0,-9.0,-9.0,-9.0,-9.0,-9.0,-9.0,-9.0,-9.0,-9.0,-9.0,-9.0,-9.0,-9.0,-9.0,-9.0,-9.0,-9.0,-9.0,-9.0,1.0
-9.0,-9.0,-9.0,-9.0,-9.0,-9.0,-9.0,-9.0,-9.0,-9.0,-9.0,-9.0,-9.0,-9.0,-9.0,-9.0,-9.0,-9.0,-9.0,-9.0,-9.0,-9.0,-9.0,1.0
-9.0,-9.0,3.0,-9.0,9.7163105,0.0,0.0,82.28379,-7.0,0.0,5.0,12.0,4.0,62.11608,-7.0,0.0,0.0,49.183483,31.991016,2.0,15.469009,3.0,69.18388,1.0
59.815395,116.40714,-9.0,42.112926,40.80864,0.0,0.0,100.0,51.16832,6.0,6.0,44.29723,10.953258,68.214645,0.0,6.1120844,5.6541533,78.663376,53.823933,3.0,7.776377,2.0,83.0,1.0
-9.0,156.27567,4.0,26.032541,22.0,0.0,0.0,83.94963,-7.0,4.0,6.0,23.870548,4.2681155,32.825455,0.0,2.0,2.0,59.961334,100.0,10.832586,3.0,5.670896,79.822655,1.0
66.0,79.1053,4.0,49.66888,16.051893,0.0,0.0,100.0,-7.0,6.0,8.0,17.0,3.0,37.25358,-7.0,0.0,0.0,76.8949,100.0,4.0,2.0,0.94143623,69.65846,1.0
67.36783,136.73058,2.0,33.899185,22.841967,2.0,2.0,88.0,44.450714,6.0,2.0,25.0,4.0,55.387005,0.0,3.3065212,4.0,45.528538,56.674557,3.7716386,5.0,0.0,75.0,1.0
62.645393,156.28323,32.400906,57.327682,-9.0,1.6469915,0.5739325,84.39617,29.455973,6.0,5.0,2.0133996,0.0,72.55652,0.0,2.0,2.0,59.795403,-8.0,1.0,-8.0,0.0,85.37181,1.0
66.26702,151.44186,9.0,61.712597,12.0,0.0,0.0,88.0,6.02405,6.0,6.0,14.0,2.0,22.0,0.0,1.0,1.0,31.88134,-8.0,4.0,1.0,0.0,75.0,1.0
62.967663,203.14636,17.0,98.4328,12.0,3.0,0.0,71.21147,5.35749,3.159288,5.0,8.0,0.0,66.46228,-7.0,2.0,2.0,69.06434,-8.0,1.0,4.0,0.0,100.0,1.0
67.0,279.06158,22.863146,109.4001,23.0,0.0,0.0,86.1801,16.935503,6.0,6.0,21.0,0.0,37.0,0.0,0.0,0.0,41.401398,65.799774,5.0,2.0,1.7751251,57.072716,1.0
20.678394,246.13211,24.67481,74.0,15.0,0.0,0.0,82.03393,-7.0,-9.0,5.0,17.0,0.0,36.63751,0.0,1.0,1.0,79.76357,14.97736,6.0,2.0,2.0,94.230064,1.0
59.365967,160.71686,7.0,26.326612,25.0,0.0,0.0,100.0,-7.0,7.0,8.0,27.0,6.0,46.0,0.0,0.0,0.0,60.19496,90.28387,9.0,5.6844378,2.0,84.08019,1.0
74.0,169.1726,13.395484,76.937584,14.0,0.0,0.0,69.09882,11.537971,6.0,6.0,20.0,1.0,73.84148,0.0,0.0,0.0,21.0,-8.0,2.0,1.0,0.0,91.96083,1.0
63.0,141.84724,4.0,44.077286,7.0,3.0,2.2493944,100.0,-7.0,7.0,8.0,5.7018566,2.0,97.50466,0.0,4.0,4.0,0.0,76.47468,-3.8939924,3.0,-8.0,77.874405,1.0
71.0,124.79787,17.385015,36.894474,4.781584,0.0,0.0,75.03536,42.618626,6.0,6.0,6.1014004,0.0,99.98678,-7.0,0.0,0.0,0.0,100.0,0.0,2.0,0.0,100.0,1.0
58.595543,-8.0,4.0,-9.0,12.0,0.0,0.0,100.0,-7.0,7.0,8.0,13.0,2.0,20.0,1.0,2.0,3.0,62.13736,-8.0,4.0,1.0,2.0,60.0,1.0
59.14458,159.05536,5.2278786,35.865795,13.406158,0.0,0.5881352,93.0,30.090242,6.0,5.0,13.0,6.0,33.0,0.0,2.0,2.0,46.796593,89.20366,4.0,2.0,1.0,63.352985,1.0
61.821945,218.80627,25.54359,112.66152,14.0,1.0,1.0,81.41544,11.553312,6.0,3.7389061,23.0,0.0,11.66732,14.238014,0.0,0.0,118.93206,-8.0,4.0,1.0,3.0,100.0,1.0
63.7969,221.65521,4.0,89.94075,17.061172,2.0,1.7262884,100.0,-7.0,6.0,8.0,20.0,4.0,29.0,2.0,3.0,2.0,58.573154,-8.0,5.0,3.0,2.0,78.0,1.0
78.0,129.00684,11.0,38.48169,8.0,0.0,0.0,100.0,-7.0,7.0,8.0,10.85661,0.0,20.0,0.0,4.0,4.0,15.066771,-8.0,3.0,1.0,1.0,56.0,1.0
63.0,109.93514,2.0,-9.0,15.0,2.0,2.0,100.0,-7.0,6.0,8.0,20.0,10.495766,22.0,-7.845416,6.8875895,7.5633,42.245354,-8.0,4.0,2.0,0.0,70.0,1.0
65.61323,56.623894,30.710827,74.05659,14.558997,1.0754846,0.0,75.19766,16.852312,6.0,5.0,16.0,0.0,17.0,-7.959553,0.0,0.0,69.18078,-8.0,5.9736514,1.0,3.0,77.45811,1.0
60.175377,146.06262,22.212225,74.340546,9.0,2.0,1.8249848,75.77207,8.291986,6.0,2.7922993,9.0,0.0,15.400978,0.0,2.0,2.0,91.87748,-8.0,4.0,1.0,1.0,96.09445,1.0
-9.0,217.95079,12.0,64.08166,12.793692,9.653258,2.6226113,-9.0,6.4104815,5.0,2.0,16.656662,1.0,58.763992,-7.0,1.0,1.0,32.0,21.295866,1.0,4.0,0.0,75.0,1.0
62.02561,131.23811,2.0,37.749546,29.649307,0.0,0.0,89.959465,22.063257,5.568492,5.0,30.0,6.9743667,30.0,0.28465155,2.0,2.0,18.0,99.22774,6.0,5.0,2.0,64.0,1.0
-9.0,176.419,6.0,22.98624,5.190877,0.0,0.0,88.11141,43.84638,6.0,6.0,6.657782,3.0,67.68157,6.188068,0.0,0.0,112.91025,84.85065,2.0,1.0,4.539894,86.59732,1.0
64.57095,70.88328,7.0,-9.0,8.0,0.0,0.0,100.0,-7.0,7.0,8.0,9.0,1.0,44.103455,2.2349885,2.0,1.0,33.993347,-8.0,1.0,1.0,0.0,44.0,1.0
68.980644,111.50559,2.0,49.627865,13.0,2.0,1.4582672,96.0,11.273397,5.0,6.0,16.062666,2.0,58.972446,0.0,2.0,1.5976368,9.176959,83.50796,1.0,2.0,0.0,50.0,1.0
59.183052,282.2015,8.0,118.06249,18.0,1.0096685,1.0,74.10861,-1.0089895,-9.0,3.630967,19.0,3.0,17.106045,-7.0,0.0,0.0,59.688286,-8.0,7.6868196,1.0,3.0,71.0,1.0
73.0,412.33667,15.0,80.0,14.0,0.0,0.0,88.0,59.58234,6.0,6.0,19.0,2.0,76.12413,-7.0,3.0,2.0,4.062976,72.358696,1.0,1.0,0.0,75.0,1.0
63.0,195.87566,4.0,79.0,12.0,0.0,0.0,100.0,-7.0,7.0,8.0,14.0,1.0,-9.0,0.0,1.0,1.0,117.580124,-8.0,7.9393797,1.0,9.788586,100.0,1.0
72.0,85.63621,1.0,49.94652,16.142776,0.0,0.0,100.0,-7.0,7.0,8.0,19.0,4.0,43.929672,1.0,3.2650323,3.405739,23.82917,100.0,2.0,3.0,0.0,50.0,1.0
64.97894,195.56665,5.0,73.96717,16.0,0.0,0.0,97.0,-7.0,4.0,6.0,18.0,1.0,48.628353,0.0,1.0,1.0,65.08842,71.0,5.0,4.0,1.0,87.73607,1.0
59.9446,-4.8614764,5.0,-9.0,-9.0,0.0,0.0,100.0,-7.0,7.0,8.0,3.9886267,3.0,45.16012,0.0,0.0,0.0,106.75264,93.0,3.0,3.0,1.0,98.71115,1.0
65.98532,162.78401,23.022247,63.0,22.0,1.0,0.0,77.74184,3.992444,6.0,4.3172865,23.814686,0.0,58.7344,-7.0,2.0,1.8039137,2.0,35.21792,2.0,2.0,0.0,67.0,1.0
72.0,122.09105,2.0,24.731918,10.0,0.0,0.0,100.0,-7.0,7.0,8.0,11.0,3.190357,41.0,0.0,0.0,0.0,58.012554,-8.0,3.0,1.0,1.0,56.372902,1.0
65.0,159.14629,14.0,42.66627,20.0,0.0,0.0,100.0,-7.0,7.0,8.0,29.0,0.0,57.71569,0.0,0.0,0.0,107.817276,62.8439,7.0,2.0,2.0,100.0,1.0
58.833473,128.5661,5.0,46.233162,23.0,1.0,0.0,91.0,23.733158,5.4245863,5.0,20.90201,4.1255207,53.49597,0.0,2.0,2.0,87.36324,77.478004,8.0,3.0,4.0,91.71961,1.0
66.0,-8.180489,3.0,66.95267,16.0,0.0,0.0,100.0,-7.0,7.0,8.0,0.37532222,3.620652,50.0,16.165152,2.0,2.0,52.729874,57.8398,5.0,2.0,0.0,80.0,1.0
63.0,117.33006,9.250329,40.29032,24.0,0.0,0.0,100.0,-7.0,7.0,8.0,26.0,3.0,20.0,0.0,3.0,3.922514,56.712814,72.275955,7.6721063,2.0,3.0,64.0,1.0
72.0,204.7659,2.0,52.82901,15.0,1.0,0.0,80.409195,17.911512,6.0,2.0,20.0,3.0,38.0,0.0,2.0,2.0,11.0,88.78323,2.0,3.0,0.0,67.0,1.0
75.0,133.26752,7.702653,63.0,15.325055,1.0,1.0,87.37417,10.69691,6.0,2.0,16.0,1.0,75.2026,1.6610101,1.0,1.0,0.0,71.57013,1.0,2.0,0.0,67.0,1.0
58.332607,100.587555,3.0,41.61473,16.0,0.0,0.0,88.706825,10.499976,4.0,6.0,19.0,3.0,70.246735,0.0,15.224208,13.208263,53.03876,54.014404,2.0,12.392211,2.0,82.56539,1.0
63.288815,183.31116,22.014109,118.55024,-7.9852057,2.0,2.0,86.238396,36.850933,6.0,6.0,9.0,0.0,6.4603233,0.0,0.0,0.0,116.61021,-8.0,2.0,1.0,2.3258643,88.38015,1.0
68.0,166.85863,27.237934,55.27909,8.562821,0.0,0.0,83.92713,2.9283912,4.0,6.0,9.0,0.0,69.9635,0.0,1.0,0.0,0.0,42.24231,1.0,1.0,0.0,70.739296,1.0
68.0,81.0398,2.0,37.82317,36.0,0.0,0.0,100.0,-7.0,7.0,8.0,38.305008,10.320652,30.0,0.0,2.0,2.0,22.958952,94.59514,6.0,3.0,0.0,60.0,1.0
68.0,116.44443,2.0,53.577442,6.8078356,0.0,0.0,93.34454,45.58351,6.0,6.0,7.0,3.0,21.605751,0.0,1.0,1.0,94.99203,-8.0,3.0,1.0,4.0,100.0,1.0
68.0,170.28754,3.0,55.058052,19.0,0.0,0.0,88.0,26.715816,6.0,6.0,23.109245,3.0,40.0,1.0,3.0,3.0016105,23.812347,60.748165,4.112037,2.0,1.0,55.902298,1.0
70.0,132.68806,8.0,49.79047,23.0,0.0,0.0,89.0,22.768858,3.0,6.0,27.21899,3.0,50.0,1.0,1.0,1.0,26.231903,97.73088,5.0,4.0,0.0,71.0,1.0
65.0,200.32648,4.0,70.05395,38.67925,1.5450001,0.0,94.0,50.295742,6.0,4.4872856,49.56832,6.0,13.0,7.0,1.2064216,1.0,75.56118,93.0,18.993935,6.6543355,10.605191,88.42358,1.0
65.0,144.91396,11.134212,54.979908,12.0,0.0,0.0,95.0,2.0,6.0,6.0,9.376191,0.0,54.87095,0.0,0.0,0.0,101.9029,74.08898,2.0,3.0,1.0,100.0,1.0
60.097935,196.1077,2.0,71.38801,33.0,0.0,0.0,92.0,21.927687,4.2761164,6.0,44.340923,4.0,29.659008,0.0,3.2302244,3.1731932,108.721565,-8.0,10.164108,5.0,10.609516,100.0,1.0
70.0,-9.0,6.0,-9.0,6.0,0.0,0.0,100.0,-7.0,7.0,8.0,6.66956,1.0,50.0,0.0,0.0,0.0,51.797523,-7.5170484,2.0,1.0,0.0,67.0,1.0
54.55842,95.89275,5.0,-9.0,-9.0,0.0,0.0,100.0,-7.0,7.0,8.0,3.8718133,4.0,37.0,0.0,15.199225,14.377822,42.73497,-8.0,2.0,1.0,0.0,69.61892,1.0
74.0,108.52389,2.0,26.24366,14.0,0.0,0.0,100.0,-7.0,7.0,8.0,17.0,6.412245,17.782173,0.0,2.0,2.0,0.06723744,-8.0,2.0,1.0,0.0,50.0,1.0
64.0,189.7004,4.0,33.464176,38.092937,1.0,0.0,96.162224,17.8146,6.0,4.0,51.676292,2.874578,40.0,2.0,3.0,2.0098388,21.0,87.55881,5.0,7.12524,2.0,63.823,1.0
68.713234,-9.0,5.0,70.87264,16.0,0.0,0.0,100.0,-7.0,7.0,8.0,0.23448706,3.0,5.37992,-7.0,5.0,5.2078853,40.18701,-8.0,7.0,1.0,1.0,88.0,1.0
65.0,-9.0,5.0,-9.0,2.9945083,0.0,0.0,100.0,-7.0,7.0,8.0,3.994734,3.0,53.73028,0.0,0.0,0.0,13.2662,-8.0,2.0,2.0,0.0,69.64616,1.0
68.449875,27.2813,9.0,44.104057,9.609623,0.0,0.0,100.0,-7.0,6.0,8.0,4.153918,2.0,32.83863,4.3112507,0.0,0.0,23.623255,-8.0,4.0,1.0,1.0,60.0,1.0
74.0,140.07933,2.0,70.16898,11.0,0.0,0.0,88.0,28.146465,6.0,6.0,9.074685,2.0,33.67108,11.407961,2.0,2.0,3.0,9.345335,2.0,2.0,0.0,54.43523,1.0
62.0,156.51492,8.1948,65.0,8.0,5.980748,6.0930367,68.25929,28.512949,0.0,3.0,10.0,2.0,89.751625,0.0,1.0,1.0,6.0,78.462555,1.0,3.0,-9.0,100.0,1.0
72.252,152.4789,25.331331,57.516384,12.0,1.0,0.0,75.79769,37.728283,6.0,5.9912767,13.0,0.0,99.17282,-8.0,1.0,0.0,43.26099,52.4206,1.0,3.0,0.0,75.0,1.0
63.0,218.08487,9.288279,73.12087,15.0,0.0,0.0,100.0,-7.0,7.0,8.0,16.0,1.0,25.0,19.618526,0.0,0.0,73.04765,-8.0,5.0,1.0,1.0,55.632103,1.0
67.0,241.42345,5.0,64.2606,28.0,0.0,0.0,94.96921,-7.0,-9.0,6.0,34.418907,6.0,19.917894,11.912063,1.0,1.0,33.57461,57.552784,11.0,5.4026785,2.0,72.73653,1.0
66.11658,242.01157,6.0787044,92.0,21.0,0.0,0.0,89.8762,10.745869,5.5032597,6.0,25.584124,2.0,4.928743,-7.0,2.0,2.0,28.460201,11.569599,11.0,1.0,2.8672926,75.946754,1.0
59.53149,215.97035,13.225897,100.151855,23.0,0.0,0.0,93.91975,-7.0,-9.0,6.0,13.808854,1.0,25.0,0.0,4.0,4.0,45.350418,-8.0,5.0,3.0,1.0,62.327095,1.0
64.33047,118.34173,4.0,63.353825,22.0,0.0,0.0,100.0,-7.0,7.0,8.0,24.0,3.0,36.0,0.0,3.0,3.0,60.40046,72.35699,8.174282,4.0,1.0,100.0,1.0
63.998047,139.3406,8.0,20.367962,14.0,0.0,0.0,90.0,12.205119,6.0,6.0,16.0,1.0,53.054314,0.0,1.0,2.0,30.709393,94.33727,5.0,3.0,2.0,72.14073,1.0
61.350517,137.5662,66.667206,-9.0,5.2369733,3.5757067,2.0,68.96469,21.52735,6.0,2.0,4.902201,0.0,99.99959,0.0,5.0,5.071666,2.0,-8.0,-3.4572713,-8.0,-9.0,88.0,1.0
56.98465,160.44794,10.0,65.0,10.0,0.0,0.0,82.72271,-7.0,-9.0,6.0,13.0,1.0,43.0,0.0,1.0,1.0,51.200825,-8.0,2.0,1.5538353,0.0,63.0,1.0
-9.0,-9.0,-9.0,-9.0,-9.0,-9.0,-9.0,-9.0,-9.0,-9.0,-9.0,-9.0,-9.0,-9.0,-9.0,-9.0,-9.0,-9.0,-9.0,-9.0,-9.0,-9.0,-9.0,1.0
55.800404,147.5371,5.0,45.951954,46.719128,2.0,0.0,88.0,12.953973,4.0,2.0,59.420677,9.186152,38.0,0.0,4.0,5.0,62.21272,77.30778,11.022688,5.0,3.0,75.0,1.0
57.174583,123.46211,11.473719,59.21019,13.0,0.0,0.0,91.53022,23.60674,6.0,6.0,13.65709,0.0,13.0,0.0,2.0,2.0,81.05016,-8.0,2.0,1.0,2.0,100.0,1.0
57.694576,139.22968,2.0,18.550053,13.0,0.0,0.0,100.0,-7.0,7.0,8.0,16.0,4.0,16.715694,0.0,3.0,2.0,80.680504,-8.0,9.0,1.0,5.213245,85.68378,1.0
-9.0,79.421745,6.0,11.935335,20.002378,0.0,0.0,100.0,-7.0,7.0,8.0,22.0,2.0,29.0,0.0,4.874782,4.443805,92.17894,67.802734,7.605702,2.0,4.4211082,88.0,1.0
62.0,-8.145284,15.0,20.577015,5.2673764,1.0,1.0,100.0,-7.0,7.0,8.0,3.3025506,1.0,99.488235,-7.0,0.0,0.0,18.0,56.305656,1.0,3.0,-8.0,100.0,1.0
54.886925,130.86124,4.0,65.0,8.61879,1.0,0.0,72.018555,2.6763415,2.0412369,6.0,9.946728,1.0,40.0,0.0,3.0,3.0,31.560728,25.00833,3.0,2.0,0.0,80.0,1.0
74.0,159.79134,27.39461,67.0,8.0,0.0,0.0,89.0,41.28623,6.0,6.0,7.0,0.0,47.292564,0.0,2.0,2.0,33.991783,-8.0,3.0,1.0,0.0,67.0,1.0
47.360493,-8.155772,2.0,-3.3436804,13.0,0.0,0.0,100.0,-7.0,7.0,8.0,12.633684,5.0,14.0,0.0,14.4829855,15.689655,66.658966,-8.0,4.0,2.0,2.0,50.0,1.0
63.0,152.56468,23.543695,80.501625,20.510345,0.0,0.0,88.0,20.98227,6.0,6.0,26.0,0.0,10.492306,15.882991,3.0,2.582301,99.27722,-8.0,10.3564825,1.0,4.0,100.0,1.0
54.293484,212.63959,3.0,31.483017,9.149471,3.0,0.0,69.64239,3.5875883,3.0241134,2.0,14.746959,4.0,21.457716,5.0,0.0,0.0,35.18294,-8.0,5.5945463,1.0,0.0,83.0,1.0
68.0,-9.0,11.0,36.091003,15.0,0.0,0.0,93.0,20.573261,5.316024,6.0,14.0,1.0,36.1235,0.0,2.0,2.0,32.0,49.350803,4.0,3.0,1.0,81.83155,1.0
61.08818,140.27681,13.85532,17.56208,8.0,0.0,0.0,100.0,-7.0,7.0,8.0,6.009299,1.0,8.911799,5.9076815,0.0,0.0,92.02749,-8.0,7.0,1.0,5.186755,100.0,1.0
67.50126,-9.0,9.92414,-9.0,-9.0,0.0,0.0,100.0,-7.0,7.0,8.0,1.6048496,1.0,42.328293,0.0,0.0,0.0,76.63797,74.92465,2.0,2.0,0.0,76.364845,1.0
55.70126,308.66306,2.0,65.84636,20.0,0.0,0.0,86.55338,6.6581907,6.0,6.0,20.0,3.0,57.189255,0.0,3.0,2.0,59.436764,62.09976,9.71972,3.0,1.0,89.289055,1.0
68.0,39.143303,2.0,19.014032,24.0,0.0,0.0,100.0,-7.0,7.0,8.0,26.0,3.0,40.0,-4.0048275,2.0,2.0,38.822792,51.574203,3.0,2.0,1.0,44.10016,1.0
70.0,33.17227,1.0,3.0232725,28.344137,0.0,0.0,100.0,-7.0,7.0,8.0,46.280846,6.0,30.0,0.0,2.0,2.0,25.0,34.542202,4.0,5.0,1.0,60.0,1.0
65.0,-8.0,3.078554,-9.0,5.8738685,0.0,0.0,100.0,-7.0,7.0,8.0,7.51893,3.0,19.0,0.0,0.0,0.0,95.784615,85.51549,2.0,2.0,1.0,71.0,1.0
71.27937,167.5245,23.264046,63.0,18.0,0.0,0.0,100.0,-7.0,7.0,8.0,19.909096,0.0,67.80695,11.008979,0.0,0.0,91.94603,28.44659,3.0,1.0,0.0,78.0,1.0
61.708717,124.59896,3.0,71.0,36.0,2.1340036,0.0,88.0,5.9996724,3.0,3.0,33.53399,4.0,29.0,3.0,0.0,0.0,78.47758,-8.0,4.0,3.0,1.0,58.0,1.0
-9.0,-9.0,-9.0,-9.0,-9.0,-9.0,-9.0,-9.0,-9.0,-9.0,-9.0,-9.0,-9.0,-9.0,-9.0,-9.0,-9.0,-9.0,-9.0,-9.0,-9.0,-9.0,-9.0,1.0
69.0,-8.005957,3.0,-9.0,8.056242,0.0,0.0,100.0,-7.0,7.0,8.0,12.624748,3.0,16.0,0.0,1.0,1.0,3.0,-8.0,1.0,1.0,0.0,37.15445,1.0
74.0,125.16375,19.57555,30.24315,10.991318,0.0,0.0,100.0,-7.0,7.0,8.0,12.0,0.0,98.78753,0.0,2.0,1.0,0.0,51.359283,0.0,1.0,-8.986734,100.0,1.0
67.492004,0.9506189,10.0,63.0,15.0,0.0,0.0,90.0,6.0,4.0,5.0,15.0,1.0,26.604599,0.0,0.0,0.0,59.52729,35.779423,4.0,2.0,1.0,67.0,1.0
60.936626,134.7616,5.0,58.0,20.0,0.0,0.0,88.903076,57.556866,6.0,6.0,26.0,2.0,95.81843,0.0,1.0,1.0,104.411095,76.0,3.0,2.0,2.0,99.977066,1.0
65.0,96.369354,-9.0,17.245079,20.0,1.0,2.0552056,92.56136,32.586975,6.0,2.7579281,25.47621,4.0,33.0,0.0,3.2558846,3.4536629,59.03742,95.55117,7.0,3.0,1.0,75.0,1.0
60.268036,70.477005,2.0,-9.0,15.0,0.0,0.0,100.0,-7.0,7.0,8.0,18.0,4.0,38.0,0.0,3.0,3.0058753,17.452164,76.0,4.0,6.774536,0.36816466,63.11352,1.0
66.0,32.403496,5.0,-9.0,-9.0,0.0,0.0,100.0,-7.0,7.0,8.0,-1.0501833,4.0,14.252508,0.0,3.0,3.848354,32.0,-8.0,1.0335912,-8.0,0.0,56.0,1.0
63.0,83.694336,1.0,-9.0,7.0,0.0,0.0,91.91084,21.798782,6.0,6.0,13.462519,10.841931,34.58879,0.0,0.0,0.0,13.468119,100.0,3.0,2.0,0.0,50.0,1.0
67.30774,154.37813,31.620144,52.575256,10.0,0.0,0.0,100.0,-7.0,7.0,8.0,10.936707,0.0,86.35641,0.0,3.0,2.3517494,116.284386,48.705544,2.0,2.0,1.0,85.14729,1.0
65.0,67.025925,6.0,46.91403,12.0,4.5770626,3.879785,88.0,39.06598,6.0,-5.4869566,3.3279512,3.0,61.599705,0.0,0.0,0.0,78.35539,85.14196,4.0,2.0,0.0,100.0,1.0
65.0,-9.0,8.076741,16.349838,3.2177594,0.0,0.0,100.0,-7.0,6.0,8.0,2.881544,1.0,68.308556,-7.7247376,1.0,0.0,117.7447,93.64585,2.0,2.0,0.0,100.0,1.0
63.0,101.23673,2.0,-9.0,11.0,0.0,0.0,100.0,-7.0,7.0,8.0,8.020244,6.0,26.837082,1.0,2.0,2.0,42.415478,88.10078,3.0,3.0,1.0,70.01894,1.0
60.332916,4.4755373,29.749836,42.276077,4.928587,0.0,0.0,100.0,-7.0,7.0,8.0,-9.0,0.0,100.0,-5.3618183,0.0,0.0,-9.0,-8.0,-4.8569193,-6.806505,0.0,97.50209,1.0
60.17066,141.27167,7.0,70.60339,36.552265,0.0,0.0,83.48842,46.674282,6.0,6.0,32.360962,5.0,34.28252,0.0,3.0,3.0,71.799675,-8.0,11.0,2.0,2.0,71.0,1.0
59.49445,214.28854,4.0,59.714836,21.0,2.0,2.0,100.0,-7.0,6.0,6.0,26.0,4.0,71.86716,3.0,1.0,1.0,12.547926,31.127182,2.9323559,2.0,0.0,83.0,1.0
64.0,162.5239,5.0,31.679596,16.62433,0.0,0.0,100.0,-7.0,7.0,8.0,14.0,3.0,30.576069,0.0,1.0,1.0,82.604706,-8.0,5.0,1.0,1.0,75.0,1.0
61.88135,163.15247,6.0,90.60165,31.0,0.0,0.0,93.73836,48.60208,4.0,6.0,30.0,4.0,28.612492,0.0,3.0,2.0,88.879875,134.1102,10.607403,2.0,4.1275606,93.573395,1.0
62.0,125.764435,3.0,44.449257,12.0,2.0,1.8474003,88.50666,22.122408,6.0,5.0,11.0,1.0,56.338867,0.0,0.0,0.0,114.192955,32.499496,2.0,3.0,0.0,84.03853,1.0
51.61041,190.81726,5.0,68.535164,28.0,1.0,0.0,88.0,18.225407,6.0,4.0,30.0,1.0,36.0,4.800787,1.0,1.0,71.94349,66.51018,3.0,5.0,3.3539994,53.85825,1.0
-9.0,-9.0,-9.0,-9.0,-9.0,-9.0,-9.0,-9.0,-9.0,-9.0,-9.0,-9.0,-9.0,-9.0,-9.0,-9.0,-9.0,-9.0,-9.0,-9.0,-9.0,-9.0,-9.0,1.0
11.140167,231.25531,15.0,63.793457,12.0,3.5765693,2.0,85.897964,5.441285,0.34884337,5.2265534,14.2598095,0.0,31.36009,0.0,0.0,0.0,111.657326,-8.0,3.0,1.0,1.0,60.0,1.0
64.0,146.60132,15.0,31.246214,7.0,0.0,0.0,100.0,-7.0,7.0,8.0,5.5507154,0.0,77.35381,3.0,1.0,1.0,115.56254,27.7169,1.1657814,2.0,1.0,88.0,1.0
69.46474,76.40994,3.0,37.002068,-5.884946,0.0,0.0,88.86064,5.003662,6.0,6.0,4.382544,1.0,57.983086,0.0,4.0,4.0,0.0,-8.0,1.0,1.0,0.0,31.86727,1.0
63.256916,-9.0,8.0,-9.0,13.0,0.0,0.0,97.0,41.58216,6.0,6.0,3.462858,2.5343487,19.0,0.0,1.0,1.1734986,55.034687,-8.0,6.835392,1.0,2.0,100.0,1.0
68.0,-8.0,14.0,25.392876,17.0,0.0,0.0,100.0,-7.0,7.0,8.0,15.0,0.0,18.0,0.0,0.0,0.0,43.6576,-8.0,10.653805,1.0,3.0,59.066536,1.0
70.0,125.32529,13.983623,81.0,5.6766167,2.0,1.0,78.23076,36.09319,6.0,-8.3790655,-1.712817,0.0,73.964005,3.0,1.0,1.0,67.73513,-8.0,1.0,2.0,0.0,100.0,1.0
79.0,207.81755,7.0,82.0,20.0,0.0,0.0,100.0,-7.0,7.0,8.0,23.0,1.0,33.0,0.0,0.0,0.0,2.0,54.11561,2.0,2.0,0.0,40.0,1.0
68.0,167.46574,1.0,70.797646,17.0,0.0,0.0,97.0,10.554864,4.0,5.1636844,20.0,2.0,33.0,12.456508,0.0,0.0,12.0,-8.0,3.0,1.0,1.0,35.752922,1.0
56.277447,-9.0,1.0,-9.0,7.0,0.0,0.0,100.0,-7.0,7.0,8.0,11.413321,8.832051,24.971472,0.0,4.0,4.0,56.071815,-8.0,4.0,2.0,2.0,80.0,1.0
59.02005,-8.0,4.0,46.486374,12.025068,0.0,0.0,95.0,71.37742,6.0,6.0,6.394776,2.4269333,49.535885,0.0,13.731376,10.162676,60.668888,95.44161,4.0,2.0,3.0,78.522316,1.0
60.36033,27.17549,4.0,4.839453,12.13124,0.0,0.0,100.0,-7.0,7.0,8.0,14.0,2.0,7.9959826,0.0,2.0,2.0,36.054092,86.58558,12.474686,1.0,5.042837,75.0,1.0
56.023384,246.06474,8.0,86.574974,26.0,8.128775,8.0515585,75.77152,-5.119487,-9.0,-9.0,34.0,0.0,47.0,0.0,4.0,3.0,119.84677,50.981388,3.0,3.0,1.0,83.0,1.0
71.0,-2.8989244,2.0,50.86824,11.797297,0.0,0.0,100.0,-7.0,7.0,8.0,10.0,3.0,33.0,0.0,3.0,3.2211032,31.343966,-8.0,2.0,2.0,2.0,50.57156,1.0
62.0,135.79869,7.0,75.07764,-9.0,1.0,1.4228104,100.0,-7.0,6.0,8.0,-5.0035505,1.421281,57.719357,-7.0,0.0,0.0,-6.847713,-8.0,1.0,1.0,0.0,73.0,1.0
58.664886,60.485516,2.0,33.913086,14.0,0.0,0.0,100.0,-7.0,7.0,8.0,13.0,2.0,38.0,0.0,1.0,1.0,88.12305,71.0,5.0,2.0,7.41964,82.19404,1.0
76.0,163.01079,11.285909,51.49089,17.0,0.0,0.0,100.0,-7.0,7.0,8.0,5.5574584,3.0,-9.0,8.5468025,0.0,0.0,28.367228,-8.0,5.262283,-8.0,0.0,40.0,1.0
61.54931,170.94487,2.0,59.913208,32.0,4.911322,3.4558103,86.06975,4.2249737,-9.0,5.0,44.35669,6.0,48.41746,0.0,18.117558,18.438211,43.89578,92.04729,4.0,13.188168,0.0,79.95291,1.0
72.0,46.3348,3.0579648,-9.0,9.0,0.0,0.0,100.0,-7.0,7.0,8.0,10.6668625,2.0,18.315754,3.0163813,2.0,2.0,40.94006,-8.0,3.0,-8.0,0.0,69.366425,1.0
68.0,235.43875,16.872456,64.16146,7.0,1.0,0.0,72.69446,22.516893,4.0,5.0,8.0,0.0,90.346634,0.0,1.0,1.0,65.752495,46.433666,1.0,2.0,0.0,85.60438,1.0
57.43323,77.57052,5.0,42.124054,12.503759,0.0,0.0,100.0,-7.0,7.0,8.0,15.816461,0.0,67.96597,0.0,5.5343895,5.496773,0.0,51.751873,1.0,2.0,0.0,50.0,1.0
62.0,157.3014,3.0,44.389915,21.0,3.0,0.0,83.82161,22.594528,6.0,2.0,24.0,5.0,47.0,2.0,1.0,1.0,63.337006,73.831406,2.0,5.0,0.0,71.0,1.0
-9.0,162.98328,8.153389,82.0,24.52432,1.0,1.0,87.01085,2.3443058,6.0,5.8880515,22.145683,0.0,47.0,3.0,1.0,1.0,113.216286,92.11858,3.0,5.0,4.0,80.0,1.0
65.0,95.15519,9.0,63.0,10.61679,2.0,0.0,83.65044,23.164316,6.0,4.0,10.0,1.0,16.795155,2.0,0.0,0.0,74.71385,81.42464,5.0,2.0,1.0,67.0,1.0
61.636852,-8.0,2.0,-9.0,-9.0,0.0,0.0,100.0,-7.0,7.0,8.0,3.9981399,6.4354286,53.392696,0.0,0.0,0.0,35.198612,140.22478,2.0,3.8461983,0.0,87.7804,1.0
68.0,135.39374,5.0,75.491,32.008835,9.761469,2.0,85.89786,19.605654,4.0,2.0,37.131,6.0,56.826748,0.0,3.0,2.0,54.325474,80.594284,4.0,5.8351398,2.0,67.0,1.0
65.16883,230.226,30.989105,97.0,25.0,0.0,0.0,78.99614,17.899088,6.0,6.0,26.0,0.0,45.25642,0.0,2.0,1.0981522,44.03598,45.40761,5.0,1.0,1.0,71.0,1.0
63.05091,101.69043,6.0,58.0,16.0,0.0,0.0,100.0,-7.0,7.0,8.0,18.0,2.0,24.0,0.0,0.0,0.0,85.78478,68.800934,8.807963,3.0,1.0,88.04213,1.0
66.56361,190.3982,21.93325,60.795887,21.0,0.0,0.0,96.0,13.046118,6.0,6.0,20.0,0.0,20.694155,1.0,1.0,1.0,69.27226,71.321556,7.0,1.6864964,1.0,100.0,1.0
65.0,112.275604,7.0,60.90762,15.0,2.0,1.3289695,100.0,-7.0,6.0,8.0,15.0,1.099135,43.0,0.0,1.0,1.0,39.44305,93.2395,4.0,3.0,2.0,78.0,1.0
-9.0,-9.0,-9.0,-9.0,-9.0,-9.0,-9.0,-9.0,-9.0,-9.0,-9.0,-9.0,-9.0,-9.0,-9.0,-9.0,-9.0,-9.0,-9.0,-9.0,-9.0,-9.0,-9.0,1.0
-9.0,-9.0,10.0,-9.0,12.0,0.0,0.0,100.0,-7.0,7.0,8.0,12.777934,2.0,50.0,0.0,12.874544,10.821147,93.82248,9.925254,4.0,2.0,4.0,80.0,1.0
-9.0,241.61789,16.618835,93.235115,13.906436,3.0,1.0,18.602365,3.9506292,6.0,2.0,16.0,0.0,29.0,1.0,1.0,1.0,101.000565,90.60844,5.0,3.0,2.0,100.0,1.0
69.0,160.48795,6.0,58.360523,32.790417,0.24994871,0.0,94.0,80.27398,6.0,5.0,37.285824,1.0,55.963604,-7.0,2.0,2.0,72.267685,72.88926,6.0,4.0,3.863522,80.0,1.0
63.0,147.08105,2.0,45.998474,27.0,0.0,0.0,100.0,-7.0,7.0,8.0,28.349455,5.0,19.882252,0.0,2.0,1.0,73.44274,-8.0,9.66192,1.0,4.0,83.0,1.0
64.0,7.1347694,14.585404,-9.0,-9.0,0.0,0.0,100.0,-7.0,7.0,8.0,3.4031847,0.0,99.89101,-7.0,0.0,0.0,-1.9021956,16.064219,0.0,-8.0,-8.505465,62.461525,1.0
57.46836,152.70389,4.0,55.75596,10.784,0.0,0.0,75.299644,12.625694,4.0,6.0,13.0,5.0,13.365754,0.0,1.0,1.0,58.022804,85.41711,8.0,2.0,2.0,100.0,1.0
58.715237,146.94272,8.0,52.073883,30.0,0.0,0.0,96.69565,4.0,4.0,6.0,31.0,2.0,42.0,4.0,2.7353563,2.0,77.65244,80.0,5.6317644,4.0,1.0,80.0,1.0
66.55655,165.91466,5.0,39.927578,3.9725468,2.0,1.0,72.75737,5.8101125,3.0,2.0,4.11533,1.0,95.773964,0.0,0.0,0.0,0.0,79.96394,-5.416453,1.0,0.0,75.0,1.0
59.735966,293.2857,31.67953,75.33014,9.0,1.0,0.0,62.797077,1.1867198,1.0553777,5.0,14.0,0.0,10.119475,0.0,2.3091028,2.0,45.807423,-8.0,6.0,1.0,1.0,68.298035,1.0
63.569065,-9.0,4.0,28.814043,4.345399,0.0,0.0,100.0,-7.0,7.0,8.0,6.433079,3.0,12.540812,-7.0,2.0,3.0,73.66182,-8.0,4.3576484,1.0,2.0,88.0,1.0
-9.0,-9.0,3.0,-9.0,7.0,1.0,1.0,100.0,-7.0,7.0,8.0,7.7086763,5.0155697,54.171432,0.0,1.0,1.0,44.94867,99.94574,3.0,3.0,0.0,75.0,1.0
66.25033,-7.1054177,-9.0,-9.0,6.5889683,0.0,0.0,100.0,-7.0,7.0,8.0,8.029397,5.0,56.284534,-7.0,2.0,2.0,93.63868,88.670235,2.0,3.0,1.0,67.75377,1.0
63.0,86.33821,2.0,-9.0,24.0,0.0,0.0,100.0,-7.0,7.0,8.0,24.0,10.470463,27.0,2.0,0.0,0.0,38.486843,-8.0,9.601868,1.0,1.0,75.25704,1.0
65.0,158.14832,13.690493,80.48506,29.0,0.0,0.0,92.75405,4.0,6.0,6.0,37.63608,0.0,35.0,14.041195,0.0,0.0,73.24479,83.92341,9.0,2.0,5.3789005,71.0,1.0
65.0,191.85884,34.8482,103.14544,14.0,3.021359,1.0,68.441666,16.068293,6.0,2.0,20.0,0.0,99.17695,0.0,0.0,0.0,1.0,-8.0,0.0,1.0,-9.0,100.0,1.0
66.0,240.9174,17.88138,75.18226,-0.91906315,0.0,0.0,100.0,-7.0,7.0,8.0,2.368195,0.0,99.91675,0.0,0.0,0.0,40.973476,-8.0,0.80325,1.0,-8.0,94.564285,1.0
68.0,138.82448,4.0,79.19867,18.0,0.0,0.0,92.064186,2.0,5.0,6.0,0.35901996,0.0,24.0,4.0,0.0,0.0,42.715374,86.499794,3.0,2.0,2.0,50.0,1.0
75.0,242.91121,20.897388,56.47464,13.0,0.0,0.0,90.70864,22.405153,5.009717,5.0,14.154892,0.0,92.26278,-7.0,0.0,0.0,13.317484,89.826164,2.0,2.0,0.0,85.583855,1.0
-9.0,-9.0,-9.0,-9.0,-9.0,-9.0,-9.0,-9.0,-9.0,-9.0,-9.0,-9.0,-9.0,-9.0,-9.0,-9.0,-9.0,-9.0,-9.0,-9.0,-9.0,-9.0,-9.0,1.0
71.0,139.74368,38.21535,61.790756,5.7658434,0.0,0.0,77.045456,55.867157,6.0,6.0,7.3855224,0.0,85.79892,0.0,2.0,1.0,6.0,-8.0,1.0,1.0,0.0,72.278694,1.0
67.94346,182.8889,2.0,59.813725,18.0,0.0,0.0,100.0,-7.0,7.0,8.0,19.795498,3.0,31.138735,0.0,4.0,4.0,51.44921,92.39405,4.0,2.0,1.0,80.0,1.0
71.0,152.27275,4.0,43.849907,13.0,0.0,0.0,100.0,-7.0,7.0,8.0,17.0,3.0,37.54484,0.0,0.0,0.0,19.643597,-8.0,3.0,1.0,0.0,63.578495,1.0
72.0,255.41422,19.999111,89.08406,17.0,0.0,0.0,91.0,20.23447,6.0,6.0,15.0,0.0,13.8183975,22.873447,0.0,0.0,57.031693,-8.0,5.7405033,1.0,3.0,83.0,1.0
57.882355,82.973694,1.0,-9.0,13.468831,0.0,0.0,100.0,-7.0,7.0,8.0,16.790806,4.0,-3.5160284,0.0,3.2998574,3.0,64.19343,-8.0,9.0,1.0,3.0,75.0,1.0
65.0,137.02605,3.0,49.761517,20.616861,0.0,0.0,96.0,42.91528,6.0,6.0,20.0,4.0,45.0,0.0,1.0,1.0,59.41367,82.19299,3.0,3.0,1.0,71.0,1.0
-9.0,125.16181,6.0,58.094563,14.0,4.924713,3.5500534,77.09918,-7.0,-9.0,6.0,17.899502,2.0,61.72438,-7.0,1.0,1.0,110.88004,-8.0,3.0,2.0,1.0,87.26449,1.0
-9.0,78.58009,6.0,55.814613,9.615906,1.0,1.0,85.157036,32.75576,6.0,6.0,8.2075815,1.0,44.0,-7.0,1.571225,1.0,88.14792,-8.0,3.0,2.0,1.0,85.51023,1.0
54.33109,-7.311073,4.0,17.176987,21.0,0.0,0.0,93.51466,33.214523,6.0,6.0,25.0,6.0,13.848033,1.0,4.0,4.0708833,48.75326,83.19372,9.0,2.0,2.0,71.66816,1.0
65.0,-8.916852,2.0,41.41153,14.0,0.0,0.0,96.0,2.0,2.006222,6.0,6.477257,6.5382895,16.0,1.0,3.1796913,3.6926332,20.889725,-8.0,5.0,1.0,0.0,60.0,1.0
66.0,137.10966,10.0,59.286537,-3.1872227,1.0,1.0,100.0,-7.0,7.0,8.0,2.2629814,0.0,99.26632,0.0,2.0,1.0,16.0,46.754642,0.0,3.0,-8.758382,88.0,1.0
80.32397,279.72128,21.876081,86.59156,18.0,0.0,0.0,100.0,-7.0,7.0,8.0,21.865973,0.0,62.912586,22.786844,0.0,0.0,9.0,-8.0,2.0,2.0,0.0,76.21821,1.0
65.834724,112.17806,1.0,40.108376,22.0,3.3038075,3.2729788,91.426704,52.60675,6.0,2.0,24.0,5.894822,20.0,0.0,1.0,1.0,32.0,143.62602,9.180405,2.0,1.0,75.0,1.0
-9.0,-9.0,3.0,55.603046,16.0,0.0,0.0,93.56845,21.59997,6.0,6.0,11.0,2.0,9.40919,0.0,4.0,4.108009,83.31554,-8.0,9.0,1.0,2.0,67.0,1.0
69.0,135.35191,2.0,60.2745,14.0,3.25433,2.6525056,86.18828,28.25976,6.0,4.0,14.0,2.0,-3.3383253,1.0,5.0,5.0,0.0,67.40214,1.0,-8.0,0.0,-9.0,1.0
75.0,153.98805,0.2262543,3.9885466,13.0,0.0,0.0,100.0,-7.0,7.0,8.0,15.0,4.0,12.949508,0.0,2.0,2.0,19.0,32.89793,7.0,1.0,0.0,67.0,1.0
-9.0,147.0147,16.837141,48.33181,11.0,3.6255374,1.9808478,9.518859,15.954924,4.0,2.0,12.0,0.0,57.81514,2.0,1.0,0.0,25.0,-8.0,2.0,-8.016146,0.0,75.0,1.0
70.0,223.81421,22.719492,78.54291,-9.0,0.0,0.0,100.0,-7.0,7.0,8.0,3.9884856,0.0,38.95366,0.0,1.0,1.0,11.302177,-8.0,1.0,-8.0,0.0,80.0,1.0
69.0,178.33173,16.448702,72.0,4.489531,4.521021,0.0,37.322426,21.854815,6.0,0.5962507,7.0,0.0,93.245514,0.0,0.0,0.0,4.0,89.90412,1.0,3.0,0.0,91.50549,1.0
67.0,119.1557,3.0,48.85241,38.26768,0.0,0.0,100.0,-7.0,7.0,8.0,37.0,6.5853167,9.774308,15.1463375,0.0,0.0,34.440334,46.54084,17.292341,2.0,2.0,64.075615,1.0
-9.0,68.36542,14.0,49.743725,16.0,0.0,0.0,85.29795,31.265545,4.0,6.0,18.0,1.0,31.0,4.0,0.0,0.0,98.711586,39.479225,9.46273,3.0,5.2422986,100.0,1.0
-9.0,-9.0,-9.0,-9.0,-9.0,-9.0,-9.0,-9.0,-9.0,-9.0,-9.0,-9.0,-9.0,-9.0,-9.0,-9.0,-9.0,-9.0,-9.0,-9.0,-9.0,-9.0,-9.0,1.0
66.0,172.6624,3.0,48.897186,26.0,0.0,0.0,100.0,-7.0,7.0,8.0,26.21667,6.974926,54.006702,0.0,4.0,4.702163,41.982117,89.61233,3.0,4.0,1.0,62.85214,1.0
42.72468,132.87756,3.0854244,22.25213,28.0,0.0,0.0,91.0,10.094123,6.0,6.0,28.0,7.2203317,42.0,0.0,2.0,2.0,4.0,72.35695,2.0,4.0,0.0,50.0,1.0
65.0,154.4799,2.0,-9.0,13.0,0.0,0.0,100.0,-7.0,7.0,8.0,16.0,7.9453206,21.90864,0.0,2.0,2.0,44.36908,94.46062,4.0,4.0,2.0,60.0,1.0
-9.0,137.03107,2.9521267,72.59375,14.0,4.8815036,3.3104181,68.872894,-7.0,-9.0,2.0,14.0,4.0,24.0,0.0,2.0,2.0,38.229534,82.0,5.0,2.0,3.0,71.0,1.0
-9.0,-9.0,3.0,5.5120564,12.0,1.0,0.0,89.0,1.0,-9.0,5.0,9.0,6.0,38.923748,0.0,1.0,1.0,69.255684,77.880905,5.0,4.0,3.792318,100.0,1.0
59.618523,-5.879611,9.0,21.72592,13.0,1.0,1.0,100.0,-7.0,6.0,8.0,15.298277,1.0,13.0,-7.0,0.0,0.0,34.44616,-8.0,3.0,1.0,1.0,25.0,1.0
-9.0,151.41231,6.0,45.348366,15.0,0.0,0.0,100.0,-7.0,7.0,8.0,22.490587,2.0,99.99305,1.0,2.0,2.0,101.55676,51.99574,2.0,4.0,1.0,88.88109,1.0
35.117043,118.59615,1.0,47.36487,7.0,0.0,0.0,72.15438,6.0,6.0,4.6292505,7.976706,3.0,49.661087,0.0,2.0,3.0,74.78998,-8.0,4.0,-8.0,1.0,87.80799,1.0
56.472313,126.35834,7.0,52.542637,-7.8200383,3.2199328,2.0,55.815308,24.052872,6.0,4.0,8.811823,2.0,54.383293,0.0,4.0,4.0,53.759026,-8.0,1.0,1.0,0.0,57.0,1.0
71.0,128.60608,6.0,63.932835,28.0,0.0,0.0,100.0,-7.0,7.0,8.0,26.054712,1.0,40.0,-8.0,0.0,0.0,1.0,-8.0,4.0,1.0,2.0,37.26807,1.0
62.906544,157.28427,3.0,41.682304,21.0,0.0,0.0,95.0,26.35247,6.0,6.0,34.672256,4.0,25.0,0.0,5.0,5.6371207,63.875244,83.25046,6.0,4.0,1.0,75.0,1.0
30.487476,142.3319,5.0,-6.9211807,13.0,0.0,0.0,73.23677,30.456451,6.0,5.0,15.0,9.08423,36.0,0.0,2.0561202,3.0,30.624228,68.22078,9.0,2.0,1.0,86.0,1.0
-9.0,370.64105,5.0,92.0,8.0,0.0,0.0,74.19234,17.715496,6.0,6.0,9.0,2.0,9.255584,2.0,4.5792556,4.0,117.98185,98.48455,5.0,1.0,4.0,95.11126,1.0
68.0,82.9475,21.161121,29.329325,9.0,0.0,0.0,100.0,-7.0,7.0,8.0,9.0,0.0,78.90474,0.0,1.0,1.0,78.97541,94.58412,1.0421661,3.0,2.0367522,100.0,1.0
62.0,64.60323,1.0,-9.0,23.0,0.0,0.0,95.0,60.897038,6.0,6.0,27.84712,10.634684,26.0,1.0,2.0,2.0,48.197796,77.24608,6.0,3.0,2.0,51.172215,1.0
68.76563,165.69786,15.0,61.048626,15.0,0.0,0.0,91.33256,24.562084,6.0,6.0,16.0,0.0,50.0,0.0,1.0,1.0,68.994934,58.854836,3.0,3.0,0.0,88.8378,1.0
59.510006,58.1264,35.826714,30.694176,-9.0,1.177775,1.0,100.0,-7.0,7.0,8.0,5.2960653,0.0,50.0,-8.0,0.0,0.0,74.21424,-8.0,1.0,1.0,0.0,100.0,1.0
72.0,139.90317,2.0,41.523483,19.0,0.0,0.0,100.0,-7.0,7.0,8.0,18.0,6.0,91.56578,2.0,1.0,1.0,36.687977,55.235214,2.0,5.0,0.0,100.0,1.0
31.407055,137.24953,5.0,44.719967,16.0,9.669247,8.671608,81.67227,22.887852,6.0,3.3990602,22.0,3.0,31.547888,0.0,4.0,4.0,98.99983,80.855934,4.0,5.957803,0.0,100.0,1.0
62.0,158.00964,1.0,34.770782,21.0,0.0,0.0,100.0,-7.0,6.0,8.0,23.324806,8.0698395,41.0,0.0,13.96908,14.502381,47.532883,82.0,8.0,4.0,0.0,73.0,1.0
68.0,239.8151,3.0,62.578297,24.0,0.09028956,0.0,83.32134,2.0,-9.0,2.0,29.0,10.369681,25.81818,0.0,1.057244,1.8312842,13.328576,94.236946,7.0,4.0,0.0,75.0,1.0
59.75772,152.59383,4.0,72.0,16.0,0.0,0.0,100.0,-7.0,7.0,8.0,15.0,2.0,30.868881,1.0,2.0,1.1980423,69.901825,80.52978,6.0,6.0,3.0,80.0,1.0
59.31447,125.216064,6.0,28.670546,13.0,0.0,0.0,87.96829,12.420891,4.0,6.0,14.0,2.0,77.98996,0.0,4.0,4.0,78.40233,100.0,2.0,3.0,0.0,78.69393,1.0
69.0,162.87692,39.285976,77.7014,-9.0,1.0,0.0,67.398155,11.245862,6.0,3.0,3.2255971,0.0,67.93665,0.0,0.0,0.0,74.483246,-8.0,1.0,1.0,0.0,100.0,1.0
65.0,94.458336,7.0,46.632523,22.0,0.0,0.0,100.0,-7.0,7.0,8.0,25.0,1.0,27.63279,0.0,1.0,1.0,45.263508,-8.0,9.0,1.0,1.0,64.04314,1.0
76.296486,162.44362,2.0,56.32363,6.0,0.0,0.0,100.0,-7.0,7.0,8.0,9.166448,2.0,21.868097,0.0,1.0,1.0,19.0,-8.0,3.0,1.0,1.0,50.0,1.0
75.0,97.34969,19.296347,45.940353,9.0,0.0,0.0,100.0,-7.0,7.0,8.0,10.0,0.0,62.87415,0.0,0.0,0.0,0.0,-8.0,1.0,1.0,0.0,27.944956,1.0
77.0,100.8707,31.331768,57.686695,12.745563,0.0,0.0,100.0,-7.0,7.0,8.0,13.0,0.0,99.93179,0.0,2.0,2.0,1.0,-8.0,1.0,2.0,0.0,80.60031,1.0
58.345886,293.07193,20.0,90.0,14.0,4.089274,0.0,60.56806,17.69894,6.0,3.0,22.93255,0.0,50.814056,0.0,1.0,1.0,81.5719,85.49751,3.0,2.0,2.0,100.0,1.0
62.39584,283.19955,4.3928843,79.38445,26.0,0.0,0.0,92.0,38.06382,6.0,6.0,26.0,1.0,28.0,0.0,3.0,2.3745995,67.495834,88.0,6.0,2.0,5.088965,80.0,1.0
68.0,117.17329,2.0,49.385773,7.1228967,0.0,0.0,100.0,-7.0,7.0,8.0,6.776641,2.0,33.0,0.0,3.0,2.0,61.91115,82.64351,3.0,2.0,-8.0,65.798256,1.0
66.0,125.06753,3.0,27.518534,19.0,1.0,0.0,80.15186,5.1121893,0.59784514,3.416918,22.0,4.0,11.15702,19.940401,0.0,0.0,24.893051,-8.0,4.0,1.0,0.0,60.0,1.0
64.61859,99.5643,2.0,-9.0,3.828842,0.0,0.0,100.0,-7.0,7.0,8.0,5.0296807,2.0,17.0,0.0,2.0,2.0,48.72598,74.7634,2.0,2.0,0.0,50.0,1.0
-9.0,121.96931,3.0,20.088566,18.0,0.0,0.0,88.0,19.573809,6.0,6.0,22.0,4.0,33.0,0.0,0.0,0.0,117.65488,-8.0,5.972065,1.0,4.0,85.18196,1.0
58.898506,118.452034,3.0,56.00155,33.927753,0.0,0.0,95.0,4.0,6.0,6.0,35.365917,4.0,24.0,6.9869113,0.0,0.0,37.371944,9.713112,6.0,1.0,2.0,53.33629,1.0
73.0,152.50034,34.819622,71.0,3.2523677,0.0,0.0,86.31062,29.303705,6.0,6.0,10.0,0.0,39.296593,-7.0,1.0,1.5436021,19.594767,-8.0,3.0,1.0,0.0,91.77591,1.0
58.163216,-8.866985,2.0,-9.0,12.0,0.0,0.0,92.0,17.308056,6.0,6.0,15.0,10.77376,8.804655,0.0,3.0,2.333662,45.4832,-8.0,5.3176265,1.0,2.0,57.0,1.0
55.26997,118.02172,5.0,40.336937,17.0,1.8904556,0.0,71.290405,-7.0,4.0,5.0,19.0,0.0,15.0,12.503846,0.0,0.0,35.97632,-8.0,6.0,2.0,2.7483253,56.793488,1.0
66.0,112.164055,-2.1237123,40.98724,21.0,0.0,0.0,96.0,4.929767,6.0,6.0,26.0,9.366404,55.75955,5.9879127,2.0,1.0,39.76068,78.603676,3.0211678,6.0,2.0,71.0,1.0
68.0,162.97133,20.0,69.7171,11.0,4.5726957,2.5192418,70.70623,3.0402572,4.0,2.0,13.0,0.0,61.908386,1.0,2.0,1.8709733,4.0,-8.0,1.0,-8.0,0.0,7.7440658,1.0
65.049515,130.8273,9.0,53.282497,20.0,0.0,0.0,100.0,-7.0,7.0,8.0,18.0,2.0,-9.0,2.0,0.0,0.0,54.086533,-8.0,10.764113,2.0,3.0,80.0,1.0
61.156067,282.39075,2.0,79.34988,21.0,0.0,0.0,100.0,-7.0,7.0,8.0,28.0,5.3764534,28.0,3.0,5.628353,5.0,59.40834,76.03498,19.213072,3.0,4.0,80.0,1.0
75.0,147.06218,29.86696,72.0,-9.0,0.0,0.0,100.0,-7.0,7.0,8.0,5.8203993,0.0,14.3552475,-7.0,0.0,0.0,52.670357,-8.0,3.0,-8.0,1.0,67.0,1.0
61.243942,161.3424,3.0,-9.0,3.9988017,1.0,1.0,100.0,-7.0,6.0,8.0,9.112456,4.0,56.488464,0.0,0.0,0.0,115.39012,62.36596,2.0,2.0,1.0,100.0,1.0
54.401474,147.18016,11.0,-9.0,-9.0,0.0,0.0,100.0,-7.0,7.0,8.0,2.1641254,1.0,63.992573,-2.9598212,4.0,4.0,89.81948,-8.0,2.8228762,-8.0,0.0,85.31102,1.0
59.6211,203.80557,17.0,106.82849,24.058641,0.0,0.0,87.56664,17.164606,6.0,6.0,25.864347,0.0,11.0,0.0,2.0,2.0,70.42218,-8.0,23.336578,2.0,4.0,86.0,1.0
62.852207,206.12286,5.0,63.0,25.0,1.0,0.0,90.280334,16.874117,6.0,5.0,40.20674,4.0,41.319496,0.0,2.0,1.0,4.0,-8.0,4.0,1.0,0.0,47.085506,1.0
71.47647,-8.132538,27.459509,-9.0,-9.0,0.0,0.0,100.0,-7.0,7.0,8.0,3.7856069,0.0,99.57132,0.0,0.0,0.0,0.0,66.568184,0.0,1.0,0.0,67.0,1.0
69.64855,187.10362,10.0,63.0,34.0,0.0,0.0,100.0,-7.0,7.0,8.0,44.902447,0.0,18.0,0.0,2.0,1.0,69.285,-8.0,4.0,2.0,2.2097373,67.44017,1.0
69.0,143.73843,3.0,92.0,12.0,0.0,0.0,85.57894,7.2855434,6.0,5.968303,15.0,2.0,41.57883,0.0,5.7004375,6.1318808,0.0,-8.0,1.0,1.0,0.0,44.0,1.0
60.856133,89.4977,-9.0,-9.0,7.0,1.0,1.0,100.0,-7.0,6.0,8.0,15.0,3.0,16.0,-7.0,0.0,0.0,67.91039,-8.0,3.0,1.0,1.0,80.0,1.0
66.0,191.1881,5.0,51.505356,21.0,0.0,0.0,100.0,-7.0,7.0,8.0,27.0,4.206264,27.0,0.0,1.0,1.0,95.80105,-8.0,3.0,3.0,1.5378163,83.0,1.0
-9.0,41.43391,7.0,-9.0,4.0961733,0.0,0.0,90.0,3.8144772,-9.0,6.0,7.0,1.0,68.18785,0.0,0.0,0.0,119.83552,100.0,3.0,2.0,3.0,100.0,1.0
57.963024,111.230576,5.0,71.0,26.0,0.0,0.0,92.08022,18.593966,6.0,6.0,27.0,1.0,25.974031,0.0,4.6295877,4.823862,93.09179,80.0,4.0,5.406869,3.1859176,73.38921,1.0
64.0,170.4593,139.7768,75.0,8.0,2.0,0.0,73.82156,68.76878,7.0,6.0,11.59204,0.0,99.99805,-7.0,6.4952435,5.0534368,0.0,-8.0,0.5926605,-8.0,0.0,60.0,1.0
78.0,120.50728,7.0,63.55321,14.0,2.0,0.0,84.54796,58.81327,6.0,2.395524,11.0,3.0,13.0,1.0,1.0,1.0,13.0003395,-8.0,4.0,1.0,0.0,50.0,1.0
57.577137,80.50647,-9.0,37.824562,29.556358,0.0,0.0,93.0,50.003334,6.0,6.0,32.0,3.0,65.1074,0.0,1.0,1.0,115.17875,81.11011,3.0,6.290034,3.0,100.0,1.0
68.0,102.52465,8.0,46.866474,12.0,0.0,0.0,100.0,-7.0,7.0,8.0,11.363984,2.0,38.0175,1.0,2.0,2.0,90.41108,63.309063,3.0,4.0,1.0,70.741486,1.0
57.818237,155.86865,4.0,17.732855,14.0,1.7696971,0.0,79.41546,21.132753,5.411663,3.0,12.0,3.0,79.432846,-7.0,4.0,3.0,75.2878,74.283966,3.0,5.0,0.0,83.0,1.0
71.0,157.51834,5.0,49.382816,20.0,0.0,0.0,100.0,-7.0,7.0,8.0,21.0,2.0955472,38.0,0.0,2.0,2.0,63.684578,16.155321,2.0,1.7113434,0.0,75.29764,1.0
65.244576,158.61299,20.786922,58.36064,19.418503,1.0,0.0,88.0,15.038816,4.0,3.0,22.0,0.0,22.27875,0.0,2.0,1.9660325,61.108845,69.41579,11.0,2.0,3.0,86.0,1.0
63.143646,-8.547468,9.0,-9.0,5.126412,2.5341856,2.0,85.54539,16.952705,4.0,5.0,9.0,2.0,57.104702,0.0,1.0,1.0,15.644643,-8.0,1.6421857,1.0,0.0,68.605354,1.0
63.060238,-8.0,3.0,32.69188,14.0,0.0,0.0,92.0,21.19353,4.0,6.0,11.128575,2.0,30.0,-7.0,2.0,2.0,70.095764,95.84316,3.0,2.0,3.0,78.0,1.0
62.0,18.550272,2.0,36.849277,20.0,0.0,0.0,94.93487,40.11406,6.0,6.0,20.05303,4.0,44.0,0.0,4.0,4.0,44.514816,-8.0,5.0,3.0,2.0,68.06202,1.0
76.0,79.6316,4.0,32.159912,10.0,0.0,0.0,100.0,-7.0,7.0,8.0,10.161913,6.0,83.33532,0.0,1.0,1.0,0.0,95.35851,1.0,2.0,0.0,85.171745,1.0
63.591377,170.77658,1.0,53.23236,17.0,0.0,0.0,100.0,-7.0,7.0,8.0,19.0,6.551218,20.0,9.0,0.0,0.0,62.805702,71.88978,9.17275,2.1947525,6.9931498,82.791214,1.0
73.0,152.21307,7.0,37.333603,8.062489,0.0,0.0,100.0,-7.0,7.0,8.0,7.1735106,3.0,28.0,4.0,3.0,3.0,30.708197,-8.0,4.0,2.0,0.0,76.08941,1.0
64.0,198.1647,2.0,53.967373,20.0,0.0,0.0,100.0,-7.0,7.0,8.0,24.0,5.0,40.0,1.6497978,4.547216,4.0,0.0,81.87664,1.0,3.0,-9.0,57.0,1.0
65.004105,130.93478,26.301407,36.454582,13.0,0.0,0.0,85.484085,2.0,4.0,6.0,15.0,0.0,86.493805,-7.0,1.0,1.0,67.238884,80.79073,1.0,3.0,0.0,88.865074,1.0
60.211452,129.12779,4.856211,53.252663,23.0,2.0,1.0,92.0,-7.0,-9.0,4.809831,30.01679,3.0,20.0,3.0,2.0,1.7003378,4.9937315,-8.0,3.0,1.0,0.0,43.168476,1.0
57.29821,199.31076,10.0,59.10032,24.0,2.0,0.0,73.99359,4.0,6.0,5.0,26.668282,2.0,55.22221,7.508147,1.0,1.0,19.03597,87.800865,6.0,3.0,0.0,75.0,1.0
72.0,145.5144,6.0,71.58915,52.24713,0.0,0.0,100.0,-7.0,7.0,8.0,56.04129,3.0,13.0,7.0,0.0,0.0,30.536577,-8.0,12.343888,3.0,2.0,67.0,1.0
71.231636,141.90247,35.154217,62.147274,7.0,1.0,0.0,100.0,-7.0,7.0,8.0,9.0,0.0,67.79262,-7.0,0.0,0.0,0.0,-8.0,1.0,4.0,-8.0,76.76566,1.0
-9.0,272.26758,7.0,97.0,21.0,1.0,0.0,76.90302,1.5926384,4.0,5.0,22.81077,1.0,20.0,1.0,2.0,1.8467869,74.394135,83.6161,9.698036,2.0,2.0,75.0,1.0
58.380375,173.77362,1.0,49.991375,23.007133,1.0,0.0,86.01536,31.520264,6.0,5.0,24.0,10.257387,35.0,2.0,2.0,1.0,54.983948,75.548615,9.305076,4.0,0.0,83.0,1.0
-9.0,-4.0349784,2.0,-9.0,12.307639,0.0,0.0,100.0,-7.0,7.0,8.0,17.0,2.0,25.0,-7.0,4.423585,4.0,65.44519,-8.0,4.0,-8.0,1.0,56.0,1.0
71.0,134.00127,6.0,57.64872,20.0,0.0,0.0,100.0,-7.0,7.0,8.0,19.0,1.0,22.203493,0.0,4.0,4.912507,45.843502,90.02535,3.0,3.0,0.29514185,50.0,1.0
67.119026,230.42406,7.0,51.22003,13.0,1.0,0.0,85.67476,22.048672,6.0,5.0,16.0,1.0,29.0,0.0,1.0,1.0,56.29927,-8.0,5.0,1.0,3.0,63.0,1.0
73.12432,244.47107,12.0,98.62789,18.0,2.0,2.0,89.0,70.016205,6.0,2.472175,20.0,0.0,-5.8936186,11.504818,0.0,0.0,48.20578,-8.0,4.0,1.0,0.0,50.0,1.0
69.0,135.50528,64.255264,67.46708,5.538403,0.0,0.0,77.88965,3.9290416,4.0,5.0,7.0,0.0,72.59546,-7.0,1.0,0.0,1.0,-8.0,1.0,2.0,-8.0,83.0,1.0
70.0,46.847073,2.0,46.564583,38.625866,0.0,0.0,100.0,-7.0,7.0,8.0,33.0,4.6073294,8.625793,-7.0,3.3854318,3.9053357,31.386013,-8.0,3.0,2.0,5.8937116,29.417841,1.0
71.0,87.06959,0.80556726,26.976152,14.0,0.0,0.0,100.0,-7.0,7.0,8.0,15.0,6.0,-9.0,0.0,2.0,2.0,19.688911,-8.0,11.0,-9.0,1.0,60.0,1.0
72.0,93.461006,5.0,41.492073,15.517722,0.0,0.0,100.0,-7.0,7.0,8.0,16.0,2.0,65.782906,0.0,3.0,2.0,22.452665,88.086815,1.0,2.0,0.0,67.0,1.0
57.172237,138.62134,-9.0,49.562225,6.965258,1.0288705,1.2129241,86.33071,11.741474,6.0,2.3891366,7.2133675,5.0,16.0,1.0,6.924972,6.656772,55.15295,34.35854,2.0,1.0,0.0,50.0,1.0
56.538467,204.8137,36.790768,90.0,7.0,0.0,0.0,65.26054,1.0,4.0,6.0,15.0,0.0,36.0,0.0,1.0,2.0,66.12793,-8.0,2.0,2.48098,0.0,80.0,1.0
63.8073,141.85922,5.0,47.67215,26.814102,1.0,0.51768154,100.0,-7.0,1.1522883,8.0,34.0,3.0,72.390495,3.0,0.0,0.0,49.820984,61.607063,4.0,4.0,1.0,91.25337,1.0
55.620705,78.5168,-9.0,31.23785,13.676707,1.0,0.0,82.47652,12.603148,6.0,6.0,20.0,3.0,57.531708,-7.0,3.0,3.0,0.0,67.18914,-9.0,4.0,-9.0,57.0,1.0
72.79511,199.2318,20.0,65.18591,6.793063,0.0,0.0,100.0,-7.0,7.0,8.0,7.0,0.0,66.76401,0.0,1.226786,1.0,44.57193,-2.6429257,1.0,2.0,0.0,100.0,1.0
83.0,191.1172,52.712414,79.77222,-9.0,0.0,0.0,100.0,-7.0,7.0,8.0,7.0,0.0,8.841791,0.0,1.0,1.0,48.03722,-8.0,2.0,-8.901744,0.0,50.0,1.0
69.0,158.8989,7.0,86.5872,8.946869,0.0,0.0,51.280624,13.978389,6.0,6.0,9.0,2.0,4.3331347,-7.0,1.0,0.0,1.0,-8.0,2.0,-9.0,0.0,58.0,1.0
66.334045,177.40851,4.0,60.657547,41.830727,0.0,0.0,100.0,-7.0,7.0,8.0,47.022076,8.155543,64.06401,0.0,2.7995665,2.0,42.46841,94.86706,6.0,13.094898,1.0,99.49994,1.0
73.0,185.49297,31.543558,79.0,21.0,1.0,0.0,82.564224,13.80547,6.0,5.0,25.0,0.0,49.587105,0.0,0.0,0.0,8.147764,66.56022,2.0,3.0,0.0,60.985283,1.0
59.250683,65.29517,7.0,18.505848,20.210081,0.0,0.0,94.75063,47.592514,6.0,6.0,20.272762,3.0,49.26175,2.0,1.0,1.0,68.292305,75.14228,4.0,4.0,4.0,67.0,1.0
63.0,133.82407,3.0,65.54302,53.246807,0.0,0.0,100.0,0.11455086,6.0,6.0,52.506245,3.0,19.0,7.6203246,0.0,0.0,24.6316,-8.0,9.0,4.0,3.0,45.353966,1.0
69.00877,55.59543,19.901325,49.164608,9.0,0.0,0.0,78.622765,32.86159,6.0,6.0,10.591652,0.0,93.94592,0.0,0.0,0.0,35.41527,-8.0,1.0,2.0,0.0,64.0,1.0
68.0,40.95263,5.0,38.01677,18.0,0.0,0.0,100.0,-7.0,7.0,8.0,22.0,1.0,63.9547,5.0,0.0,0.0,38.63606,93.852196,5.954914,3.0,1.0,78.835014,1.0
68.06151,232.47684,7.0,98.45924,16.0,1.0,1.0,83.25627,57.824684,6.0,5.0,17.0,2.0,40.0,7.0,0.0,0.0,51.39137,-8.0,3.0,1.0,1.0,64.21402,1.0
56.86935,91.851,4.0,-9.0,10.0,1.0,1.0,77.79488,41.34508,6.0,-9.0,11.745375,3.0,40.481773,0.0,12.50099,11.763986,61.771313,88.80383,4.0,3.0,1.0,85.99303,1.0
67.011086,152.65167,11.0,74.05487,20.0,1.4478772,0.0,80.5018,58.9057,6.0,3.8895516,24.950964,1.0,95.57772,-7.0,2.0,1.0,81.57743,46.2358,2.0,10.048487,0.0,100.0,1.0
71.77949,186.12378,27.211859,42.741444,13.0,2.0,0.0,67.70621,63.043957,6.0,3.0,19.0,0.0,99.267006,-7.0,3.350074,3.0,38.38864,60.05215,1.0,3.0,-5.9837646,99.9193,1.0
62.815353,-9.0,16.0,-6.183189,-9.0,0.0,0.0,100.0,-7.0,7.0,8.0,-2.7956092,0.0,72.57058,12.0,0.0,0.0,112.16163,59.803635,2.0,1.0,2.0,100.0,1.0
61.400745,125.133354,2.0,20.614513,-9.0,0.0,0.0,100.0,-7.0,7.0,8.0,3.150252,4.0,39.82389,-7.0,3.0,3.0,85.16085,96.348854,4.0,2.0,3.0,100.0,1.0
-9.0,124.508896,7.0,50.747684,17.0,0.0,0.0,93.11927,21.566656,6.0,6.0,16.923971,2.0,40.0,0.0,3.0,3.0,110.75942,52.718723,9.0,2.0,4.599447,100.0,1.0
-9.0,-1.614824,10.0,57.478607,6.445225,4.0990286,1.0,20.14282,2.9894404,0.0,2.0,7.0,2.0,49.23632,8.327184,0.0,0.0,78.71975,-8.0,3.0,1.0,0.0,86.37783,1.0
-9.0,33.00666,3.0,14.730313,13.627252,1.8258344,0.0,81.52914,10.073563,6.0,5.0,17.0,7.1426797,46.0,2.2510195,1.0,1.0,51.021656,-8.0,5.0,4.0,0.0,100.0,1.0
69.0,115.03587,3.0,65.0,8.140793,0.0,0.0,100.0,-7.0,7.0,8.0,3.4526036,3.0,39.0,-8.0,1.0,1.0,67.98929,53.51319,5.0,1.0,2.0,100.0,1.0
56.93552,-8.754419,4.0,16.712162,30.0,0.0,0.0,100.0,-7.0,7.0,8.0,20.0,3.0,83.727394,-8.0,1.1498557,1.4538915,71.270035,89.35561,7.0,5.0,1.0,82.23939,1.0
66.0,141.02325,1.0,50.342316,23.0,0.0,0.0,95.0,9.466484,6.0,6.0,28.761568,1.0,46.0,0.0,2.0,2.0,105.49984,81.28697,5.0,2.0,0.0,81.10839,1.0
-9.0,180.14368,9.0,53.532307,16.5526,3.9434853,0.0,75.44932,0.84454244,0.0,2.0,20.0,2.0,69.848625,0.0,2.0,2.0,21.370268,74.83618,6.7534127,4.0,0.0,91.66445,1.0
58.626232,99.828415,9.209512,61.0,46.153515,0.0,0.0,100.0,-7.0,7.0,8.0,49.235516,1.0,54.87986,0.0,6.4797664,6.780831,67.58938,93.65613,3.0,21.837595,4.745242,72.29416,1.0
57.889885,192.4039,10.0,61.039444,12.0,1.0,1.5442821,94.0,23.155724,6.0,5.0,11.795748,1.0,24.0,1.0,2.0,2.0,46.484318,-8.0,3.0,1.0,2.0,51.096767,1.0
74.0,78.73111,23.026487,52.184322,-9.0,0.0,0.0,100.0,-7.0,7.0,8.0,3.9954832,0.0,99.97713,0.0,2.0,1.0,0.0,77.47387,-9.0,2.0,0.0,73.87501,1.0
68.0,84.78645,11.690056,24.273642,7.0,0.0,0.0,100.0,-7.0,7.0,8.0,8.0,3.0,11.165192,4.0,0.0,0.0,38.209377,23.288425,6.0,1.0,1.0,75.0,1.0
-9.0,152.45633,3.0,-7.5200357,20.0,1.0,0.0,68.973114,14.205821,5.85577,5.0,19.527496,5.0,42.0,1.0,2.0,2.0,82.972084,76.715065,12.000095,4.0,3.0,100.0,1.0
63.0,126.37644,4.0,37.482265,15.0,0.0,0.0,100.0,-7.0,7.0,8.0,19.0,2.0,38.0,0.0,2.0,2.0,93.3376,62.759235,2.0,3.0,3.237084,60.0,1.0
58.525143,130.28113,8.0,95.753136,9.0,1.0,0.0,82.30246,-7.0,-9.0,5.0,9.0,1.0,-9.0,2.4855032,0.0,0.0,56.944756,-8.0,5.0,1.0,0.7239799,70.89009,1.0
71.0,126.91048,27.316502,53.796204,12.0,5.5052285,7.822296,59.065536,32.14932,6.0,2.0,18.449657,0.0,98.20845,-7.0,0.0,0.0,0.0,-8.0,0.51653385,1.0,0.0,91.60582,1.0
-9.0,-9.0,-9.0,-9.0,13.0,0.0,0.0,92.0,32.095333,6.0,6.0,15.366768,10.900216,50.0,0.0,2.0,2.0,69.13566,74.88036,4.0,7.8124766,3.8973298,80.0,1.0
59.4784,125.37276,11.0,64.424515,8.0805,0.0,0.0,77.4063,22.450497,6.0,6.0,14.472539,0.0,30.0,0.0,1.0,1.0,70.20385,-8.0,4.0,4.0,0.0,79.10539,1.0
71.002335,102.419395,17.973452,58.964184,9.741937,0.0,0.0,100.0,-7.0,7.0,8.0,11.0,0.0,19.0,0.0,1.6797298,1.0,94.748116,-8.0,4.0,1.0,3.0,72.8809,1.0
71.0,134.31941,5.0,29.441248,11.636998,0.0,0.0,100.0,-7.0,7.0,8.0,12.0,2.0,80.45929,-8.0,0.0,0.0,0.0,52.53966,1.0,3.0,0.0,84.57725,1.0
65.0,149.24419,2.0,37.454887,10.0,1.0,0.0,91.318054,33.199722,4.0,5.0,14.0,4.0,66.02261,1.0,0.0,0.0,36.0,94.07432,4.0,4.0,0.0,100.0,1.0
-9.0,99.67174,7.503377,45.116756,6.0,0.0,0.0,89.0,20.555788,0.0,6.0,5.4086328,1.7722542,50.0,0.0,2.0,2.0,90.41562,95.59449,3.0,3.0,2.0,75.0,1.0
54.37111,99.20862,1.0,-9.0,18.0,1.0,2.0,90.7963,5.391592,4.0,3.0,19.0,10.728465,25.0,0.0,4.0,4.0,32.0,85.06853,6.0,5.8312607,2.0,67.0,1.0
75.0,-8.0,3.0,-9.0,14.0,0.0,0.0,95.0,46.302006,6.0,6.0,15.0,7.128866,23.0,-7.0,0.0,0.0,47.626892,51.31093,1.0,2.0,0.0,47.43843,1.0
67.69686,78.51961,0.72860503,29.089172,14.0,0.0,0.0,100.0,-7.0,7.0,8.0,15.0,7.564979,25.0,0.0,3.0,3.0,47.140163,67.13676,3.0,2.0,1.0,46.41881,1.0
71.0,143.1224,14.0,61.94333,9.3432665,0.0,0.0,84.48163,27.829546,6.0,6.0,10.935028,0.0,47.708702,4.0,0.0,0.0,45.72013,77.68234,2.0,2.0,0.0,56.344135,1.0
56.349197,120.759735,3.0,33.65284,12.561316,0.0,0.0,88.82639,49.636353,6.0,6.0,14.0,3.0,24.0,10.57218,0.0,0.0,70.55832,100.0,9.0,2.0,3.0,100.0,1.0
62.0,47.667145,6.0,3.147714,13.0,0.0,0.0,100.0,-7.0,7.0,8.0,11.6375,3.0,33.138767,1.0,1.0,1.0,58.033207,94.48501,4.0,2.0,1.0,75.0,1.0
37.421013,186.94519,6.0,72.0,27.0,0.0,0.0,90.8542,4.726925,3.9811134,6.0,28.0,2.0,16.93027,0.0,0.0,0.0,55.449787,-8.0,6.267769,2.0,3.513523,71.0,1.0
60.49921,39.433037,2.0,-9.0,9.0,0.0,0.0,91.9617,20.67531,6.0,5.0,12.0,2.0,35.387688,0.0,1.0,1.0,56.81483,92.069534,3.0,1.0,0.0,63.0,1.0
56.799793,216.52547,4.0,74.0,30.720423,4.028493,0.0,77.61582,5.3470006,-9.0,3.0,36.790276,4.2488627,52.494953,1.0,2.0,2.0,47.3143,87.06603,8.0,9.487285,3.70968,80.0,1.0
-9.0,62.44293,4.0,60.94051,14.0,10.602832,9.661616,-9.0,2.0450013,4.0,-9.0,15.050724,2.0,33.0,0.0,1.0,1.0,67.554565,1.3526995,1.9575765,2.0,2.0,56.0,1.0
64.82033,97.35429,2.0,51.316982,20.0,0.0,0.0,100.0,-7.0,7.0,8.0,24.0,3.0,24.0,4.0,3.0,3.0,62.890533,48.41866,5.0,3.0,2.0,75.0,1.0
66.0,215.49059,19.630585,77.4363,8.501328,0.0,0.0,88.0,29.408415,6.0,6.0,7.5218706,0.0,67.552795,3.6862216,0.0,0.0,119.87322,59.807568,2.0,2.0,1.0,100.0,1.0
63.79036,170.11496,4.0,58.0,22.0,0.0,0.0,94.0,31.931404,6.0,6.0,24.0,3.0,28.613178,0.0,2.0,2.0,87.559456,-8.0,6.0,2.0,2.0,75.0,1.0
63.0,140.3513,1.0,37.607277,16.0,3.0,4.341567,94.0,24.027248,6.0,5.0,17.0,4.0,74.13307,0.0,3.1989067,4.0,59.02692,65.14682,2.0,4.0,0.0,86.0,1.0
68.0,111.62273,14.022248,60.309002,-9.0,1.0,1.0,100.0,-7.0,7.0,8.0,-9.0,1.0,99.97978,-7.0,0.0,0.0,0.0,91.0,1.0,2.0,0.0,100.0,1.0
63.741432,190.31903,7.0,88.98308,28.0,0.0,0.0,90.0,34.108974,6.0,6.0,25.0,2.0,18.603476,1.0,4.0,3.0,80.25186,48.701397,18.445883,2.0,6.2204394,83.0,1.0
63.670254,127.13989,3.0629349,62.02672,26.07807,2.0,1.3316137,100.0,-7.0,3.4461522,8.0,26.0,3.0,50.0,-7.0,3.0,3.0,34.04839,76.30902,4.0,2.0,0.0,84.24662,1.0
72.0,155.65327,5.0,50.411045,26.0,0.0,0.0,93.0,76.88899,6.0,6.0,28.552267,7.9650497,16.0,3.0,0.0,0.0,62.661427,-8.0,6.199825,1.0,0.0,75.0,1.0
77.0,198.19691,29.567083,48.185783,-0.8764402,0.0,0.0,100.0,-7.0,7.0,8.0,8.0,0.0,99.6545,0.0,1.0,1.0,0.0,-8.0,2.0,-8.0,0.0,87.728386,1.0
67.809494,139.04022,2.5600085,37.711254,7.876757,1.0,1.0,100.0,-7.0,6.0,8.0,10.0,3.0,80.575516,-7.0,1.0,1.0,59.41165,93.0,2.0,2.0,0.0,100.0,1.0
48.812218,170.95035,-7.2721725,37.67006,21.0,0.0,0.0,100.0,-7.0,7.0,8.0,22.614594,3.459256,22.0,0.0,2.0,2.0,77.96476,66.18991,6.0,2.0,7.506153,75.043915,1.0
64.329994,165.48604,4.0,61.833305,51.92472,0.0,0.0,96.0,21.98871,6.0,6.0,64.500755,9.484256,36.458065,0.0,5.8258595,6.1748443,40.89469,88.16248,17.226824,3.0,0.0,75.0,1.0
62.0,51.869564,1.0,36.0926,6.0,0.0,0.0,100.0,-7.0,7.0,8.0,4.8227663,2.0,33.53658,-7.0,3.19463,4.0,58.26941,-8.0,5.0,1.0,2.0,100.0,1.0
62.44855,123.773285,10.0,29.009342,25.095171,0.0,0.0,100.0,-7.0,7.0,8.0,27.880447,1.0,27.0,2.0,5.730115,5.0,80.11215,-8.0,6.0,2.0,4.258472,76.55795,1.0
64.90702,195.4462,6.0,57.710625,23.024475,0.0,0.0,92.0,-7.0,6.0,5.9932327,21.0,6.9598045,70.494286,1.0,5.8637385,5.7371716,1.0,-8.0,1.0,20.352272,0.0,62.34282,1.0
-9.0,206.5022,6.0,87.5488,32.842705,2.0,1.0,83.37768,-7.0,-9.0,6.0,34.0,3.0,7.1386795,0.0,2.0,2.0,22.930983,-8.0,8.0,1.0,0.0,56.0,1.0
65.0,221.037,3.0,72.0,28.09368,0.0,0.0,88.15243,27.107517,6.0,6.0,39.26853,3.0,32.0,0.0,3.0,3.0,32.0,102.0311,9.0,3.0,0.0,79.2367,1.0
59.857822,345.92972,3.0,85.79557,34.0,5.1360345,2.0,58.52489,43.548847,4.0,2.0,35.0,4.0,40.829887,-7.0,17.938673,17.773129,53.04286,-8.0,9.0,3.0,2.0,80.61657,1.0
60.75826,-9.0,3.3621955,-9.0,-9.0,0.029170005,1.0,100.0,-7.0,7.0,8.0,-5.872085,2.0,50.0,-7.0,2.0,2.0,108.9442,71.56435,2.0,1.0,0.0,80.0,1.0
66.79069,75.80746,2.0,33.576473,25.0,0.0,0.0,93.12598,55.08894,6.0,6.0,26.0,5.0,53.29387,-7.0,0.0,0.0,39.6263,50.59239,4.0,2.0,0.0,54.19635,1.0
54.929184,299.06204,5.0,85.76483,12.0,3.5908198,3.9958386,71.11621,22.269232,4.0,2.0,15.018874,2.0,25.0,20.63263,0.0,0.0,14.951942,-8.0,3.0,1.0,0.0,67.0,1.0
62.0,136.2468,32.420963,40.936153,-0.4765392,0.0,0.0,100.0,-7.0,7.0,8.0,7.1154814,0.0,100.0,-8.0,0.0,0.0,0.0,-8.0,0.0,1.0,-9.0,100.0,1.0
72.0,141.68756,4.0,61.77209,16.0,0.0,0.0,88.81647,47.82307,6.0,6.0,18.56994,4.0,69.269745,0.0,1.0,1.0,38.293777,9.081601,3.0,4.0,1.0,79.84653,1.0
63.0,199.26892,11.0,57.13233,16.0,0.0,0.0,100.0,-7.0,6.0,8.0,14.0,1.0,17.845886,0.0,3.329648,3.0,69.10683,-8.0,7.0,1.0,3.0,67.866035,1.0
77.08832,95.68506,29.014948,56.017944,9.69274,1.0,0.0,91.0,31.933418,6.0,3.0,5.989971,0.0,37.0,11.694382,0.0,0.0,0.0,-8.0,0.0,1.0,0.0,17.23869,1.0
58.858303,119.73464,2.0,21.554968,6.0,1.0,1.0,75.09469,28.729982,4.0,3.0,8.0,5.0,24.0,0.0,6.7430286,6.992234,16.0,-8.0,2.0,2.0,0.0,45.929424,1.0
75.0,212.50998,2.0,70.87035,18.0,0.0,0.0,100.0,-7.0,7.0,8.0,19.0,4.0,49.872494,0.0,2.0,2.0,59.71462,84.00882,2.0,3.335974,0.0,71.0,1.0
54.228283,81.984344,4.0,-9.0,20.0,2.8972945,3.020689,100.0,-7.0,7.0,8.0,19.0,7.513321,99.914276,-7.0,4.0,4.0,78.63747,80.85667,2.0,6.1888037,0.0,100.0,1.0
68.241035,176.21564,70.622215,67.0,-9.0,0.0,0.0,100.0,-7.0,7.0,8.0,1.1290315,0.0,100.0,-8.0,0.0,0.0,-6.048705,-8.0,-9.0,-9.0,-9.0,79.405235,1.0
66.920784,86.00885,4.44848,-9.0,21.0,0.0,0.0,100.0,-7.0,7.0,8.0,24.0,4.0,35.360435,0.0,0.0,0.0,32.0,-8.0,5.0,4.0,0.0,58.523525,1.0
64.85668,73.5,2.0,23.85819,30.536747,0.0,0.0,100.0,-7.0,7.0,8.0,35.0,9.508056,21.0,8.0,0.0,0.0,42.710766,71.82256,10.987379,5.0,5.389925,74.2917,1.0
61.48242,152.81828,13.0,49.824997,33.0,0.0,0.0,100.0,-7.0,7.0,8.0,37.597103,1.0,13.999819,0.0,6.894551,6.47615,66.04793,-8.0,18.092941,2.0,2.0,75.0,1.0
65.0,150.47897,38.88402,49.572216,13.0,0.0,0.0,88.0,16.738504,6.0,6.0,11.898983,0.0,42.0,0.0,0.0,0.0,60.93124,-8.0,2.0,1.0,2.0,95.65379,1.0
58.43106,-9.0,7.0,-9.0,3.385326,0.0,0.0,89.922424,66.83376,6.0,6.0,5.162902,3.0,6.7520986,3.0,2.0,2.0,61.219616,75.208595,3.0,1.0,2.0,69.562355,1.0
63.19482,101.34469,10.0,46.24375,5.089988,0.0,0.0,100.0,-7.0,7.0,8.0,2.7776725,1.0,57.07444,0.0,3.0,3.0,76.925026,43.22582,1.0,2.0,0.0,82.9798,1.0
61.014214,112.488495,1.0,41.149204,34.0,1.0,0.0,84.68191,51.416637,6.0,4.0,34.07769,10.899217,17.0,0.0,4.0,4.0,40.883125,38.715736,7.0,2.0,1.0,64.72589,1.0
59.21001,-6.7417974,8.0,53.495975,19.0,0.0,0.0,88.0,36.622982,6.0,6.0,9.58457,3.0,33.0,0.0,4.0,4.0,47.524414,97.32447,6.9192715,2.0,1.0,67.0,1.0
60.03621,136.37968,2.0,56.666973,32.0,0.0,0.0,100.0,-7.0,4.0,6.0,23.0,6.8104353,60.18411,4.0,0.0,0.0,54.21986,50.68346,5.0,18.296297,1.0,83.0,1.0
63.096386,157.87395,3.0,52.046257,13.0,1.0,1.0,82.71748,15.240167,-9.0,2.740636,16.0,4.0,22.221691,3.0,0.0,0.0,32.0,-8.0,5.0,1.0,1.0,75.0,1.0
68.0,211.0717,21.520195,68.99152,-2.5904617,0.0,0.0,64.89361,-4.6185083,3.0,6.0,8.0,0.0,29.276344,0.0,0.0,0.0,0.0,75.75005,1.0,1.0,0.0,64.68238,1.0
-9.0,208.52644,17.0,52.97393,6.0,0.0,0.0,78.67812,9.61012,4.0,6.0,15.36683,0.0,46.14163,0.0,3.0,2.0,119.83844,37.884502,2.0,2.0,2.0,100.0,1.0
66.39488,83.49965,31.966673,60.040245,19.0,0.0,0.0,90.0,18.052877,5.9019904,6.0,21.818823,0.0,58.713287,21.144777,0.0,0.0,48.95585,11.988791,4.0,4.0,1.0,67.0,1.0
63.0,-8.337129,2.0,-9.0,5.9270515,0.0,0.0,100.0,-7.0,7.0,8.0,6.6055613,3.5532825,33.0,0.9455556,1.0,1.0,71.90476,-8.0,4.0,3.0,2.0,88.52755,1.0
66.40087,122.39907,15.248781,76.0,14.600057,0.0,0.0,100.0,-7.0,7.0,8.0,10.0,0.0,40.0,0.0,6.685916,6.588214,114.46907,-8.0,4.0,1.0,2.0,100.0,1.0
69.0,185.57857,41.603943,63.0,4.340033,2.7409017,0.0,-3.2589371,20.067038,6.0,3.0,7.062804,0.0,98.038185,0.0,1.0,1.0,0.0,-8.0,-9.0,2.0,-9.0,50.0,1.0
60.624805,90.523964,24.054049,46.511017,6.9679866,0.0,0.0,100.0,-7.0,7.0,8.0,5.934937,0.0,77.98896,0.0,2.0,1.0,115.27996,-8.0,1.0,2.0,2.0,100.0,1.0
62.0,125.51952,11.0,41.2143,7.0,0.0,0.0,100.0,-7.0,7.0,8.0,11.069854,1.0,75.802704,5.0,0.0,0.0,90.0534,71.64449,4.0,2.0,0.0,83.47784,1.0
69.0,-8.340659,5.0,-9.0,8.222858,0.0,0.0,94.27696,52.971092,6.0,6.0,7.5330386,5.0,-9.0,8.320688,0.0,0.0,32.0,58.072853,3.0,1.0,1.0,44.0,1.0
65.0,215.86215,4.0,67.95767,68.04214,6.6284995,6.1930733,88.0,31.909624,4.0,2.0,90.235146,10.956259,45.34696,-7.0,4.0,3.0,29.277994,57.796528,16.165834,7.5381317,0.0,78.0,1.0
57.505543,89.25567,23.25731,36.48278,16.0,1.0,0.0,78.01287,14.603583,6.0,4.0,18.430567,0.0,76.72431,0.0,4.0,4.0,35.1508,71.0,2.0,5.0,0.0,95.29881,1.0
73.0,183.23633,3.0,38.187317,14.0,0.0,0.0,100.0,-7.0,7.0,8.0,18.0,1.0,16.0,4.0,1.0,1.0,56.110706,-8.0,3.0,2.0,1.0,61.618645,1.0
57.954254,-9.0,13.556118,30.866995,-6.684786,0.0,0.0,69.21668,21.628683,6.0,6.0,1.369886,0.0,99.31741,0.0,2.0,1.0,0.0,73.19267,0.0,2.0,0.0,80.0,1.0
-9.0,38.372097,-9.0,48.103745,20.0,4.2709746,2.3229852,67.15827,2.0,4.0,5.0,26.0,3.0,50.0,0.0,1.0,1.0,37.15226,92.25757,4.0,3.0,1.0,73.0,1.0
75.0,106.09587,22.782148,64.318275,14.0,0.0,0.0,71.08232,66.80875,6.0,6.0,3.9814308,0.0,99.8602,0.0,0.0,0.0,-8.1726055,73.34604,1.0,4.0,-9.0,82.138695,1.0
70.0,181.59875,6.0,37.400936,12.0,0.0,0.0,100.0,-7.0,7.0,8.0,13.0,1.0,62.412323,0.0,0.0,0.0,66.102425,-8.0,3.0,4.0,0.0,92.61767,1.0
-9.0,147.56284,3.0,54.160725,48.59787,0.0,0.0,92.01455,6.0,6.0,6.0,67.305145,9.166476,28.201168,-8.0,8.826318,6.9547257,45.69759,50.693108,6.0,5.716342,3.0,57.0,1.0
57.308475,194.24547,2.0,80.0,14.0,1.0,1.0,77.36372,6.0,-3.0607293,5.94364,17.0,3.0,38.0,-8.0,3.0,2.0,52.657978,93.555984,6.0,4.0,2.0,79.42367,1.0
61.587875,125.28344,-5.688155,-9.0,16.0,0.0,0.0,100.0,-7.0,7.0,8.0,18.0,5.2689986,-9.0,0.0,1.0,1.0,43.82082,53.312386,7.0,2.0,2.0,60.0,1.0
69.0,74.417885,21.93588,59.820152,18.0,0.0,0.0,100.0,-7.0,7.0,8.0,12.0,0.0,46.194904,0.0,1.0,1.0,79.855965,-8.0,5.0,1.0,4.4506664,86.032745,1.0
63.0,210.0517,8.0,93.94521,39.25895,10.701911,8.291714,74.81648,4.0,0.5407163,2.0,45.670216,1.0,42.0,0.0,6.483652,6.1570063,8.939194,82.56183,3.0,5.0,0.0,59.212116,1.0
-9.0,37.116753,5.0,-9.0,-9.0,0.0,0.0,100.0,-7.0,7.0,8.0,4.3576345,2.0,33.0,0.0,5.0,4.5594354,113.412796,108.20101,2.0,2.0,0.0,74.996765,1.0
62.029892,-0.8945118,5.0,-9.0,19.0,0.0,0.0,100.0,-7.0,7.0,8.0,19.0,3.0,42.0,0.0,1.0,1.0,45.987965,88.0,5.0,4.0,2.0,80.0,1.0
-9.0,57.914406,3.0,44.802334,7.0,0.0,0.0,100.0,-7.0,7.0,8.0,7.6425004,4.0,22.20696,0.0,3.0,3.0,91.27053,48.50938,8.173173,3.0,10.38729,91.8732,1.0
69.89761,131.6434,6.0,66.90318,19.0,0.0,0.0,100.0,-7.0,6.0,8.0,20.0,2.0,46.940414,18.201925,0.0,0.0,59.808384,76.564964,7.0,5.0,1.0,88.25022,1.0
24.481321,183.5014,14.963169,56.820396,25.59095,1.0,0.0,88.565544,-7.0,4.0,5.0,26.0,0.0,25.0,0.0,4.105108,4.0,45.711983,32.133,9.0,1.0,5.434478,70.0,1.0
61.77037,94.2617,8.0,58.0,20.480196,0.0,0.0,94.0,2.0,-9.0,6.0,20.0,3.0,60.213837,4.812961,2.0,2.0,64.70173,84.42377,8.0,2.8308113,2.0,100.0,1.0
61.83445,-9.0,3.0,-9.0,4.8867764,0.0,0.0,100.0,-7.0,7.0,8.0,9.0,2.0,31.0,0.0,1.5348352,2.0,60.482006,-8.0,4.0,-8.0,1.0,75.10309,1.0
64.0,139.49026,3.0,37.201817,26.0,1.0,0.038669623,97.0,22.098497,6.0,6.0,26.0,7.1060276,42.0,0.0,1.0,1.0,43.545105,-8.0,6.0,5.0,0.0,75.0,1.0
55.27075,288.8891,5.0,63.04468,12.0,2.0,0.0,80.758125,28.443531,6.0,2.1928282,7.9863153,3.0,21.0,0.0,2.0,2.0,81.400276,87.14222,8.0,2.0,2.0,100.0,1.0
61.634167,144.25085,5.0,56.993507,34.0,0.0,0.0,88.0,36.899796,6.0,6.0,34.0,3.0,7.4160404,3.0,0.0,0.0,76.74392,82.72519,11.330108,3.0,4.113501,83.37141,1.0
54.797367,134.53711,1.0,61.914856,25.0,1.8820435,0.0,90.80709,42.629078,6.0,2.5048747,26.0,6.0,50.0,0.0,15.2565155,15.040102,112.5059,71.0,8.421464,6.2233896,4.0,100.0,1.0
69.0,154.44556,36.625183,69.078224,20.0,0.0,0.0,100.0,-7.0,7.0,8.0,22.0,0.0,54.869415,0.0,0.0,0.0,94.86878,-8.0,6.0,2.0,2.0,100.0,1.0
69.59301,139.84201,45.61047,71.95587,13.0,2.5068145,0.0,75.79538,24.067986,6.0,2.0,21.0,0.0,25.0,0.0,2.0,2.0,55.97592,-8.0,4.0,1.0,1.0,100.0,1.0
60.73692,203.7003,1.4296,64.61417,30.350882,0.0,0.0,89.66652,2.0,3.0,6.0,38.0,8.281272,8.376692,0.0,16.70311,15.623276,2.0,-8.0,5.0,2.0,0.0,40.0,1.0
70.0,94.27379,2.0,56.524197,18.639893,0.0,0.0,100.0,-7.0,7.0,8.0,19.727953,4.0,17.905594,1.3263186,2.0,1.8710834,30.35612,30.403576,5.0,1.0,3.0,56.341675,1.0
-9.0,-9.0,7.0,-9.0,3.105899,1.0,1.0,100.0,-7.0,7.0,8.0,3.5541136,4.710702,45.0,9.090393,0.0,0.0,68.50148,78.30927,3.0,1.0,1.0,67.0,1.0
71.0,165.04457,8.710909,54.628654,17.794605,0.0,0.0,100.0,-7.0,6.0,8.0,15.0,1.0,24.0,0.0,1.0,1.0,36.0,-8.0,3.200849,1.0,0.062349476,58.0,1.0
68.0,82.927704,1.0,49.667572,22.0,0.0,0.0,100.0,-7.0,7.0,8.0,24.0,4.0,33.0,0.0,1.0,1.0,76.09812,17.610062,4.0,2.0,2.0,75.0,1.0
85.0,182.1454,4.0,48.209824,18.0,0.0,0.0,100.0,-7.0,7.0,8.0,19.0,2.0,32.772495,1.0,0.0,0.0,0.0,32.375954,1.0,2.0,0.0,29.278103,1.0
58.89396,157.73602,2.0,61.672024,28.0,1.0,0.0,97.0,3.5572867,6.0,6.0,41.17087,5.0,45.0,0.0,1.0,1.0,90.78795,100.0,5.0,3.0,3.0,77.08681,1.0
64.0,206.60521,9.0,69.91404,31.0,0.0,0.0,95.0,5.9331036,3.5614607,6.0,42.99681,1.0,50.0,0.0,2.0,2.0,79.54702,1.0496725,5.0,2.0,0.0,80.0,1.0
65.169044,136.80962,2.0,34.20368,10.0,1.0,1.0,94.705666,14.951148,4.0,5.0,12.0,3.0,62.22054,0.0,0.0,0.0,37.17457,96.97775,1.0,3.0,0.0,100.0,1.0
62.0,144.6708,3.0,39.67585,16.240828,0.0,0.0,87.88757,3.0,1.0989354,6.0,18.0,8.302115,30.0,2.0,2.0,2.0,27.8523,59.747932,2.0,4.0,0.0,63.054085,1.0
67.95595,150.26456,42.039505,107.482086,-9.0,0.0,0.0,95.0,-7.0,6.0,8.0,4.581436,0.0,37.42654,-7.0,0.0,0.0,114.86468,-8.0,2.0,1.0,1.0,84.81118,1.0
-9.0,107.77694,6.701906,51.06735,7.8843985,0.0,0.0,83.950066,14.703013,0.9416272,6.0,7.0,2.0,38.0,-7.0,3.0,3.6148453,85.161835,84.04493,2.0,2.0,2.0,67.0,1.0
61.824448,118.65026,1.0,17.729206,10.0,2.0,1.0,81.90154,38.10231,6.0,2.0,12.0,3.0,27.0,0.0,5.0,5.182347,111.368614,94.983185,7.0,2.0,1.0,100.0,1.0
57.750652,30.22017,8.0,10.443743,12.0,0.0,0.0,100.0,-7.0,7.0,8.0,12.314548,2.0,20.356047,0.0,2.0,1.8251328,91.17219,-8.0,6.0,1.0,8.21461,100.0,1.0
63.0,167.0344,2.0,-9.0,17.0,0.0,0.0,100.0,-7.0,7.0,8.0,21.0,6.0,14.0,16.0,1.0,0.0,65.62027,82.01461,11.0,3.0,3.0,89.51052,1.0
67.0,-9.0,2.0,-9.0,12.0,0.0,0.0,100.0,-7.0,7.0,8.0,11.0,2.0,7.542838,0.0,0.0,0.24623804,52.71478,64.97391,7.0,2.0,2.0,75.0,1.0
61.898945,124.20644,4.0,55.471428,29.873505,1.0,1.0,90.148445,4.0,4.0,4.8826942,30.115234,4.0,76.2637,0.0,0.0,0.0,76.36865,91.857864,7.0,7.10533,2.0,100.0,1.0
58.786396,48.84899,1.0,-0.80471814,19.0,0.0,0.0,100.0,-7.0,7.0,8.0,24.0,4.0,19.0,-7.0,0.0,0.0,45.427452,97.06546,11.0,3.0,2.0,88.9174,1.0
62.0,147.21054,12.0,88.81328,9.0,2.0,0.0,78.70472,52.489563,6.0,5.9697404,9.0,0.0,99.71202,0.0,2.0,2.0,0.0,-8.0,-9.0,1.0,-9.0,40.662907,1.0
-9.0,59.769146,6.0,-9.0,12.0,0.0,0.0,92.36489,11.015473,4.0,6.0,15.0,2.0,23.910013,0.0,0.0,0.0,86.75586,96.95098,9.551197,2.0,3.0,80.0,1.0
60.93392,169.05827,4.9923635,63.784977,4.485857,1.0,0.0,-9.0,-7.0,4.0,5.0,8.0,3.0,35.0,3.0,1.0,1.0,17.02614,-8.0,1.0,1.0,0.0,50.0,1.0
62.0,98.47097,4.0,-9.0,12.0,0.0,0.0,100.0,-7.0,7.0,8.0,13.138024,8.740983,29.628515,2.0,2.0,2.0,52.854248,83.55782,4.0,4.124351,3.0,67.0,1.0
62.751694,133.30107,31.229488,48.0726,-9.0,1.0,0.0,47.024593,41.488667,7.0,5.6695714,7.0,0.0,99.90745,0.0,0.0,0.0,0.0,24.052614,-8.309059,1.0,-9.0,69.19638,1.0
56.945374,-9.0,6.0,-9.0,6.51094,0.0,0.0,100.0,-7.0,7.0,8.0,9.659889,1.0,47.0,0.0,1.0,1.0,60.083427,31.751614,2.0,3.0,0.0,100.0,1.0
60.679825,137.72131,4.339906,50.0086,28.0,3.0,1.0,90.45358,11.5731735,4.0,6.0,28.0,2.0,54.970657,0.45962718,0.0,0.0,91.84268,95.148445,5.0,4.0,4.0112324,83.0,1.0
64.42892,-8.05779,10.0,52.17739,17.0,0.0,0.0,90.0,56.40896,6.0,6.0,25.0,1.0,22.0,0.0,2.0,1.0,79.96334,-8.0,6.0,1.0,1.0,85.3649,1.0
55.141884,125.76902,1.0,32.734886,20.152012,2.9440567,0.0,79.85421,19.741669,6.0,3.0,26.0,6.0,50.0,9.17327,0.0,0.0,38.25268,61.716072,2.0,2.0,0.0,63.0,1.0
-9.0,-9.0,-9.0,-9.0,-9.0,-9.0,-9.0,-9.0,-9.0,-9.0,-9.0,-9.0,-9.0,-9.0,-9.0,-9.0,-9.0,-9.0,-9.0,-9.0,-9.0,-9.0,-9.0,1.0
62.0,142.86679,3.092284,59.61692,13.648408,0.0,0.0,85.82356,10.179725,4.0,6.0,12.0,3.0,45.6098,0.0,2.0,2.0,2.0,-8.0,0.8614805,2.0,1.0,33.0,1.0
73.0,32.312458,5.0,18.061186,11.3832,0.0,0.0,100.0,-7.0,7.0,8.0,8.372898,1.0,34.906963,0.0,6.12987,5.5811415,15.0,93.0,1.0,3.0,0.0,34.36976,1.0
66.758224,-9.0,2.0,40.916668,-9.0,0.0,0.0,100.0,-7.0,7.0,8.0,5.7925277,2.0,33.288456,0.0,4.0,5.0,62.510494,-8.0,2.0,1.0,1.0,70.0,1.0
-9.0,279.02686,17.803545,92.0,15.0,1.0,0.0,70.88482,3.0,-3.8961608,5.0,23.0,0.0,11.989781,1.0,5.0,4.0,119.28379,15.683803,17.115152,2.0,10.466557,100.0,1.0
56.183228,190.85027,4.0,69.6756,21.0,2.0,1.0,76.53406,9.336327,4.0,5.0,24.0,2.0,11.286698,0.0,2.0,1.0,74.20793,34.410973,24.82529,1.0,9.180473,100.0,1.0
-9.0,187.92259,8.0,81.0,8.512543,2.0,0.0,73.15714,-7.0,-9.0,2.0,11.0,1.0,63.08224,1.0,1.0,1.0,74.20778,-8.0,2.0,1.0,0.0,57.0,1.0
59.507454,152.63176,4.0,61.0,8.157128,2.0,0.0,63.887405,7.360609,4.0,4.3775306,9.0,2.0,36.0,-7.0,1.0,1.818676,64.95901,-8.0,3.0,2.0,3.0,90.44803,1.0
-9.0,-9.0,-9.0,-9.0,-9.0,-9.0,-9.0,-9.0,-9.0,-9.0,-9.0,-9.0,-9.0,-9.0,-9.0,-9.0,-9.0,-9.0,-9.0,-9.0,-9.0,-9.0,-9.0,1.0
71.0,137.9859,2.0,-9.0,39.94956,0.0,0.0,100.0,3.3347733,6.0,6.0,59.09847,10.889759,87.404686,-7.0,1.0,1.0,44.310055,105.43258,3.0,6.2699137,0.0,75.0,1.0
63.076694,122.55453,4.26036,56.97471,44.341587,0.0,0.0,94.0,35.44825,6.0,6.0,47.491993,2.0195093,36.0,-7.0,0.0,0.0,86.24649,88.15144,7.5141506,2.0,3.0,69.825645,1.0
71.0,300.164,6.0,70.128624,34.0,0.0,0.0,100.0,-7.0,7.0,8.0,42.51196,3.0,59.325504,-7.0,0.0,0.0,68.38648,68.878456,3.0,6.6040874,1.0,80.0,1.0
67.77856,102.57505,9.0,54.39915,39.0,0.0,0.0,100.0,-7.0,7.0,8.0,50.125866,5.0,17.280893,6.0,2.0,2.0,49.098206,-8.0,20.750664,-8.0,3.3248625,67.0,1.0
63.0,31.58412,12.0,41.23091,15.0,0.0,0.0,100.0,-7.0,7.0,8.0,12.0,0.0,45.96632,1.0,2.0,2.0,74.64158,56.2616,5.0,6.5799317,1.0,80.0,1.0
69.0,134.1976,1.0,54.693535,17.0,0.0,0.0,100.0,-7.0,7.0,8.0,18.0,4.495014,42.0,-7.0,1.0,1.9274542,28.0,-8.0,6.870755,2.0,1.0,100.0,1.0
9.020004,-9.0,15.0,-9.0,8.0,0.0,0.0,100.0,-7.0,7.0,8.0,9.0,0.0,32.0,0.0,0.0,0.0,119.88511,88.77237,5.0,2.0,10.122639,100.0,1.0
66.0,100.294266,7.0,14.080066,12.0,1.0,0.0,79.870636,49.733593,6.0,5.0,14.117654,3.0,33.0,0.0,2.0,2.0,77.99887,-8.0,1.0,-8.0,0.0,39.38007,1.0
62.0,262.59552,2.0,58.22504,18.0,3.4287434,1.0,90.0,9.764052,0.0,5.0,21.0,5.0,7.97545,16.120623,0.0,0.0,46.559822,98.16547,13.726883,2.0,0.0,88.0,1.0
79.0,-8.487955,4.0,-4.4326367,15.0,0.0,0.0,100.0,-7.0,7.0,8.0,21.0,4.0,80.940506,-7.0,1.3646336,1.0,1.0,59.846344,1.0,4.0,1.0,56.7265,1.0
56.088856,187.6517,7.0,69.13097,15.0,0.0,0.0,74.23127,18.747711,6.0,6.0,18.691965,0.3339094,28.0,0.0,4.0,4.0,114.28018,96.98095,4.0,2.0,3.0,94.23813,1.0
74.228905,74.47912,6.0,13.476076,19.0,0.0,0.0,100.0,-7.0,7.0,8.0,26.0,1.0,77.659805,0.0,3.4719648,3.0,3.0,79.94255,1.0,6.0,0.0,83.853264,1.0
-9.0,32.25143,3.0,37.08431,12.0,0.0,0.0,89.0,-7.0,3.0,6.0,13.230196,2.0,20.0,2.0,0.0,0.0,94.05179,58.31282,5.0,2.0,1.0,92.60742,1.0
65.0,131.98969,9.0,57.290302,29.0,3.0,1.0,83.40637,16.893646,4.0,3.0,33.664085,0.0,45.0,0.0,0.0,0.0,84.54987,65.34075,6.0,5.0,1.0,100.0,1.0
65.714554,97.373695,20.181757,-9.0,8.0,0.0,0.0,100.0,-7.0,7.0,8.0,4.3766737,0.0,66.214836,0.0,15.940944,14.395668,86.5434,-8.0,1.0,2.0,0.0,85.48874,1.0
68.0,139.3244,15.0,53.765907,12.0,0.0,0.0,100.0,-7.0,7.0,8.0,12.0,0.0,50.0,2.0,2.0,2.0,96.357254,88.0,2.0,2.0,1.0,64.61955,1.0
65.1363,112.758995,11.0,28.006714,4.6314907,0.0,0.0,100.0,-7.0,7.0,8.0,6.0998845,0.0,72.713425,-8.0,1.0,0.0,72.54658,83.731285,1.0,2.0,1.0,82.11126,1.0
62.82362,142.53058,-9.0,45.131245,22.0,2.0,1.0,87.16947,25.192623,6.0,2.0,30.0,3.0,26.924913,0.0,3.0,3.0,66.99229,61.97623,3.0,2.0,1.0,63.0,1.0
65.69175,40.908802,-9.0,36.558746,37.24158,0.0,0.0,100.0,-7.0,7.0,8.0,50.661224,8.905011,20.0,0.0,3.0,3.0,69.239555,95.87418,11.0,4.0,3.0,83.0,1.0
62.915413,133.92943,2.8003829,42.82136,30.0,0.0,0.0,96.0,35.39825,6.0,6.0,31.0,3.0,16.93542,0.0,1.3355323,2.0,24.52113,81.616325,6.0,2.0,1.0,50.0,1.0
59.582413,217.02954,7.9918847,77.32981,10.887289,1.0,1.0,69.615,7.7565527,4.0,4.060657,14.0,2.0,42.53355,0.0,1.0,1.0,56.256203,84.21675,4.0,2.0,0.0,100.0,1.0
-9.0,142.19029,10.0,51.954544,26.0,1.0,0.0,81.644554,2.0,4.0,5.1726403,28.297993,2.0,39.0,-7.0,0.0,0.0,59.986473,22.550898,6.0,4.0,3.0,100.0,1.0
59.892597,68.08286,16.0,41.72508,10.138874,3.4156537,3.0017533,70.55247,19.515299,6.0,2.487781,15.0,1.0,46.0,0.0,3.0,2.3452408,20.869492,-8.0,3.0,1.0,0.0,79.71123,1.0
70.0,141.9649,16.14461,61.0,14.83659,0.0,0.0,100.0,-7.0,7.0,8.0,20.0,0.0,77.41011,-7.0,0.0,0.0,119.58477,57.538284,3.0,3.0,0.0,100.0,1.0
64.0,223.561,4.0,68.0,47.86441,0.0,0.0,94.0,43.817657,6.0,6.0,62.368134,9.826572,28.947697,0.0,5.7482333,5.0,43.77595,-8.0,7.0,7.889464,1.0,60.0,1.0
-9.0,156.26367,13.0,46.2506,-9.0,4.3014855,3.981883,55.79149,33.17069,6.0,-9.0,-1.6792511,1.0,99.97449,0.0,0.0,0.0,0.0,-8.0,-9.0,1.0,-9.0,100.0,1.0
66.05579,172.15533,12.0,72.0,18.0,0.0,0.0,94.15085,65.29782,6.0,6.0,19.896902,1.0,33.0,2.0,0.0,0.0,82.8854,90.112656,6.0,3.0,1.1857744,86.0,1.0
63.0,182.81374,19.219732,67.0,14.629269,1.0,0.0,80.65168,2.6298444,-9.0,3.0,18.0,1.0,18.0,0.0,2.0,2.0,58.49628,80.319824,5.0,3.0,2.0,78.61476,1.0
60.622158,77.41481,2.0,24.213966,24.543793,0.0,0.0,100.0,-7.0,7.0,8.0,23.261162,7.742438,28.0,0.0,1.0,1.969992,65.58352,58.649162,9.0,3.0,5.313909,70.0,1.0
62.788986,302.04654,6.0,92.0,20.0,4.6716537,3.4166355,81.62552,54.874386,6.0,3.685427,23.0,2.0,72.8871,0.0,2.0,2.0,53.106842,76.92384,4.0,2.0,0.0,80.0,1.0
54.524662,147.66772,24.962069,59.214905,14.0,4.4475546,3.8267932,92.0,-7.0,1.4771374,5.0,17.0,0.0,72.06764,0.0,1.0,0.0,92.19679,72.122345,2.0,3.0,0.0,100.0,1.0
75.0,147.41649,30.29517,66.37542,12.0,0.0,0.0,75.639984,5.11266,4.0,6.0,9.921884,0.0,28.740568,-7.0,0.0,0.0,0.0,-8.0,1.0,1.0,0.0,40.932003,1.0
64.01854,82.77779,7.9504905,-9.0,6.0,1.0,1.0,100.0,-7.0,7.0,8.0,7.5423126,2.0,53.42557,0.0,0.0,0.0,23.04385,48.999626,2.0,2.0,1.0,71.0,1.0
70.0,-9.0,5.3156023,30.586395,8.6243305,0.0,0.0,100.0,-7.0,7.0,8.0,8.0,1.0,24.825665,1.0,0.0,0.0,50.32219,-8.0,2.0,1.0,2.0,50.0,1.0
66.580795,238.37173,3.0,56.70843,27.019562,0.0,0.0,94.0,36.165848,6.0,6.0,31.351175,2.307521,49.027016,-7.0,9.383643,8.746722,48.75396,77.869354,7.0,7.7060103,1.0,80.0,1.0
-9.0,245.25684,2.0,91.85189,19.0,0.0,0.0,92.0,38.94042,6.0,6.0,16.0,3.0,19.0,0.0,5.1115656,5.0,92.184746,-8.0,12.425289,1.0,4.0,100.0,1.0
58.885475,101.334175,7.725253,46.889725,26.0,0.0,0.0,92.0,6.0,4.0,6.0,27.0,3.0,0.0,0.0,0.0,0.0,47.37091,-8.0,11.215867,1.0,3.342127,78.0,1.0
7.438203,227.96347,6.0,90.21858,21.0,4.047318,1.0,60.390038,3.1595128,-9.0,5.363384,27.0,0.0,58.194073,0.0,0.0,0.0,81.07558,-8.0,4.0,1.0,2.0,100.0,1.0
30.766811,113.11679,21.478003,51.81299,12.0,0.0,0.0,82.9423,19.920765,6.0,6.0,16.0,0.0,50.0,0.0,2.9509635,2.0,119.87559,-8.0,3.0112128,1.0,1.0,100.0,1.0
66.0,95.21072,0.054161217,36.3561,44.455025,1.0,0.0,100.0,7.319669,2.4397166,4.0,47.567287,5.8085165,13.93915,7.0,0.0,0.0,48.69179,90.19535,13.474614,3.0,4.0,70.0,1.0
22.060966,113.56526,6.0,33.806526,32.0,0.0,0.0,100.0,-7.0,7.0,8.0,51.444313,4.0,66.57096,0.0,0.0,0.0,75.34615,89.91086,6.0,7.2578382,2.0,75.0,1.0
69.0,203.02303,14.0,71.88336,21.806698,1.0,1.0,100.0,-7.0,7.0,8.0,18.00767,0.0,38.83522,0.0,0.0,0.0,46.00214,67.07482,4.0,4.0,0.0,72.96353,1.0
60.589134,124.507225,14.225502,-9.0,-9.0,0.0,0.0,100.0,-7.0,7.0,8.0,-9.0,1.0,100.0,-7.0,1.0,0.0,-9.0,87.64382,-9.0,2.0,-4.0320864,100.0,1.0
63.01969,66.31353,4.6160893,37.143585,13.0,0.0,0.0,87.359,23.093792,6.0,6.0,14.465555,3.0,52.761173,0.0,0.0,0.0,41.351864,-8.0,2.0,3.0,3.0,56.0,1.0
62.913177,-8.0,3.0,-9.0,12.608077,0.0,0.0,100.0,-7.0,7.0,8.0,16.0,3.0,11.0,0.0,2.0,2.2416441,59.484203,-8.0,6.0,2.0,0.0,75.53972,1.0
66.0,170.633,2.0,38.57473,14.0,0.0,0.0,100.0,-7.0,7.0,8.0,12.870452,5.0,62.536823,0.0,1.0,0.88348234,118.39328,89.85266,2.0,4.0,2.0,80.54097,1.0
-9.0,-9.0,-9.0,-9.0,-9.0,-9.0,-9.0,-9.0,-9.0,-9.0,-9.0,-9.0,-9.0,-9.0,-9.0,-9.0,-9.0,-9.0,-9.0,-9.0,-9.0,-9.0,-9.0,1.0
61.883125,173.23955,3.0,57.462753,15.0,0.0,0.0,100.0,-7.0,7.0,8.0,16.0,3.0,26.928673,0.0,1.0,1.0,86.50162,-8.0,6.0,1.0,5.837781,80.0,1.0
-9.0,45.918953,1.0,19.260044,46.38153,4.494176,2.5334105,80.09496,-7.0,4.0,5.0,51.547485,9.5650625,46.85497,0.0,3.0,3.0,46.61533,58.387924,8.314813,20.38045,2.0,83.0,1.0
65.0,120.44591,2.0,41.511852,21.0,2.0,2.0,96.0,21.320633,4.0,3.9473784,24.0,10.256201,26.0,0.0,5.1795087,5.0,53.76525,100.0,6.0,2.0,1.0,70.71441,1.0
70.76198,132.69893,18.305494,47.824024,15.125406,0.0,0.0,100.0,-7.0,7.0,8.0,13.0,0.0,33.0,-1.5402017,0.0,0.0,58.123093,-8.0,3.0,1.0,1.0,75.0,1.0
-9.0,77.10075,6.0,-9.0,-9.0,2.0,1.0,69.56566,45.088696,6.0,3.2061303,-0.5554607,4.0,45.80406,0.0,1.0,1.0,103.299286,89.67472,1.0,2.0,1.0,84.02981,1.0
63.452316,150.02974,3.0,25.05609,28.0,0.0,0.0,100.0,-7.0,7.0,8.0,34.0,10.24395,33.0,0.0,4.0,4.0,32.94824,-8.0,9.0,2.0,1.0,63.0,1.0
77.0,52.33266,35.7756,66.64476,-9.0,0.0,0.0,100.0,-7.0,7.0,8.0,1.8162799,0.0,100.0,0.0,0.0,0.0,-9.0,-8.0,-4.6749177,-9.0,0.0,67.0,1.0
71.0,154.80775,6.031741,57.661205,22.0,0.0,0.0,100.0,-7.0,7.0,8.0,32.20003,3.0,41.114132,0.0,5.0,5.0,34.037308,26.349855,10.257152,2.0,1.0,67.27533,1.0
76.0,96.812164,24.30139,68.0,6.0,0.0,0.0,100.0,-7.0,7.0,8.0,3.5888484,0.0,76.33785,5.2134743,0.0,0.0,1.0,50.318283,1.0,1.0,0.0,86.0,1.0
70.0,214.4878,6.0,45.055176,15.938427,2.0,1.0,83.44604,42.23166,6.0,2.0,15.037607,6.0,21.0,1.0,1.0,2.0,21.029675,82.18934,4.0,2.0,0.0,46.311752,1.0
73.0,151.44414,16.853544,50.404404,21.0,0.0,0.0,93.0,36.27689,6.0,6.0,20.0,0.0,31.0,0.0,1.6892533,1.734012,21.491306,-8.0,6.0,2.0,1.0,77.741035,1.0
62.0,102.58045,2.0,-9.0,8.0,0.0,0.0,100.0,-7.0,7.0,8.0,10.0,6.0,18.413538,0.0,5.191282,6.585314,64.34074,-8.0,5.154588,2.0,1.0,70.0,1.0
69.0,406.51755,28.530437,110.0012,7.465682,4.7632484,3.9505167,-9.0,6.0,1.6828005,2.6062746,9.860965,0.0,47.0,0.0,1.0,1.0,9.0,-8.0,2.0,1.0,0.0,83.0,1.0
59.456287,167.73358,2.0,31.65818,16.156513,3.0,1.0,89.0,30.877516,6.0,2.2583318,24.0,4.0,11.0,0.0,0.0,0.0,48.26478,96.33502,9.0,2.0,2.0,75.0,1.0
70.0,72.06623,11.0,-9.0,11.876199,0.0,0.0,100.0,-7.0,7.0,8.0,13.0,0.0,69.28,0.0,0.0,0.0,8.710465,85.69692,1.0,2.0,0.0,33.0,1.0
65.0,124.5641,2.0,39.847107,17.0,0.0,0.0,87.7713,23.045527,6.0,6.0,17.324188,4.0,14.197893,0.0,2.0,2.0,20.173613,99.07443,4.0,2.0,1.0,50.0,1.0
-9.0,53.87973,3.0,45.363228,7.8691463,2.4538052,0.0,63.755165,1.2366009,-9.0,3.303588,9.0,2.0,18.0,0.0,0.0,0.0,57.998417,91.18753,3.0,2.0,1.0,92.98175,1.0
59.35438,142.54784,30.643837,79.0,10.0,2.0,1.0,82.57753,-7.0,-9.0,6.0,11.0,0.0,59.02088,1.0,0.0,0.0,53.14164,15.901907,1.0,1.0,0.0,57.0,1.0
-9.0,12.623532,7.0,32.986645,13.0,3.0,2.325565,66.47747,-7.0,-9.0,2.0,18.0,1.0,11.0,0.0,0.0,0.0,43.934258,-8.0,4.0,2.0,0.0,55.00736,1.0
70.54025,215.98845,16.761555,76.0,17.0,0.81731945,0.09633753,100.0,-7.0,6.0,8.0,28.86081,0.0,31.253536,0.0,2.0,2.0,1.0,-8.0,2.0,1.0,0.0,70.802475,1.0
73.0,108.754486,5.0,-9.0,14.0,0.0,0.0,100.0,-7.0,7.0,8.0,18.0,3.0,50.0,0.0,1.0,1.0,22.300941,-8.0,2.0,1.0,0.0,71.0,1.0
77.0,125.994026,2.0,61.0,15.0,1.0,0.0,88.412476,38.901237,6.0,5.0,12.17392,2.7208712,6.3393598,0.0,2.0,2.0,0.0,27.855171,1.0,1.0,0.0,25.0,1.0
75.0,150.62718,15.939644,66.046486,8.0,0.0,0.0,97.0,-7.0,6.0,6.0,9.339305,0.0,33.0,1.2235289,1.0,1.0,1.0,-8.0,2.0,-8.0,0.0,43.0,1.0
63.0,78.625824,7.0,14.306153,6.4717245,0.0,0.0,100.0,-7.0,7.0,8.0,8.0,2.0,52.950092,2.0,0.0,0.0,77.60644,54.185917,3.0,4.0,1.0,79.86742,1.0
63.252853,214.23967,7.0,61.0,23.0,0.0,0.0,100.0,-7.0,7.0,8.0,22.0,2.0,28.0,2.0,1.0,1.0,62.86822,86.674034,9.0,4.0,6.9631534,96.55949,1.0
63.17,149.92783,2.0,60.420715,42.090454,0.0,0.0,100.0,-7.0,7.0,8.0,42.273094,6.0,38.297485,4.0,2.0,2.0,74.50892,50.41419,10.826489,7.9782004,6.7816615,80.0,1.0
65.0,155.05615,7.0,38.83622,12.568524,0.0,0.0,82.512695,5.985576,6.0,6.0,17.0,2.0,11.728031,0.0,2.0,2.0,17.0,-8.0,5.0,-8.0,0.0,57.0,1.0
70.0,125.94011,1.0,-9.0,6.0,0.0,0.0,100.0,-7.0,7.0,8.0,10.056719,9.97649,23.0,0.0,2.0,2.7720337,18.0,90.594925,3.0,1.0,0.0,60.0,1.0
9.378555,101.004745,3.0,20.07148,17.460123,4.653473,3.9999998,88.0,1.0,-9.0,3.0549202,24.0,10.068487,11.572273,-7.0,1.0,1.0,10.439061,91.0,5.0,2.0,0.0,48.43128,1.0
73.0,181.62556,2.0,82.33942,21.0,0.0,0.0,88.0,17.17015,5.872005,6.0,19.0,3.0,-8.594938,0.0,2.0,3.0,1.0,-8.0,6.0,1.0,0.0,54.94231,1.0
75.0,156.65987,13.316215,63.0,8.0,0.0,0.0,100.0,-7.0,7.0,8.0,7.5103273,0.0,47.0,0.0,0.0,0.0,68.5389,87.82114,2.0,2.0,2.0,75.0,1.0
67.0,-8.0,2.0,6.3709803,33.0,0.0,0.0,100.0,-7.0,7.0,8.0,41.206062,10.776383,38.74339,0.0,4.2818646,5.0,56.30635,10.376828,7.3109927,5.4035196,4.0,78.0,1.0
67.146965,124.14175,6.0,47.158585,22.0,2.2312849,0.0,88.0,49.73494,6.0,5.0,26.0,3.0,13.0,8.0,0.0,0.0,34.27178,91.0,6.0,2.0,0.0,57.0,1.0
68.0,301.92453,24.163538,119.98439,26.0,0.0,0.0,100.0,-7.0,6.0,8.0,29.0,0.0,33.0,0.0,3.0,3.0,49.969673,40.91477,11.0,2.0,3.0,94.76319,1.0
65.0,173.60435,1.0,90.0,13.0,0.0,0.0,89.72849,16.157183,1.9534519,2.3126862,15.0,1.0,17.0,0.0,1.0,1.0,43.876617,91.41014,7.0475326,1.0,1.0,75.75279,1.0
60.2497,358.55994,4.0,75.0,27.579592,0.0,0.0,100.0,-7.0,7.0,8.0,36.64617,3.0,30.0,0.0,1.0,1.0,85.4691,64.16894,6.0,4.0,1.0,69.5951,1.0
63.0,161.14705,2.0,51.437725,27.028675,0.0,0.0,100.0,-7.0,7.0,8.0,30.163269,2.0,24.0,8.430229,0.0,0.0,55.679516,82.0,22.421453,6.0,8.663626,78.0,1.0
66.0,231.67923,7.0,52.296173,12.0,0.0,0.0,100.0,-7.0,7.0,8.0,11.795018,2.0,19.113861,3.0,0.0,0.0,71.08176,-8.0,3.0,-8.0,0.0,71.0,1.0
62.0,136.13332,1.0427127,20.619247,25.04526,0.0,0.0,100.0,-7.0,7.0,8.0,31.0,6.0,42.805664,-7.0,17.357027,17.339512,48.683098,50.018085,9.87913,6.659,3.0,77.4016,1.0
80.0,325.23865,7.0,89.32522,-3.5162113,0.0,0.0,100.0,-7.0,7.0,8.0,3.9786456,1.0,45.0,-7.0,0.0,0.0,18.176565,-8.0,3.0,1.0,0.0,100.0,1.0
70.0,182.82248,14.482669,-9.0,-9.0,0.0,0.0,100.0,-7.0,7.0,8.0,1.111033,0.13594593,99.280426,-7.0,0.0,0.0,51.54035,-8.0,1.0,1.0,0.0,100.0,1.0
57.415417,172.13675,3.0,63.82777,17.0,0.0,0.0,100.0,-7.0,7.0,8.0,17.0,2.0,46.0,0.0,3.0,2.0,72.123985,88.50522,3.0,2.0,2.9222531,64.0,1.0
60.892395,142.10081,14.0,57.794205,4.959472,4.3574944,0.0,10.865096,31.268595,6.0,5.0,11.0,0.0,66.59829,0.0,0.0,0.0,45.873985,48.80405,1.0,1.1945823,1.0,67.0,1.0
68.0,374.2943,21.30147,88.3383,17.0,1.0,1.0,88.0,9.770373,4.0,6.0,16.676176,0.0,27.0,-7.0,3.0,2.0,75.442535,-8.0,7.0,1.0,1.0,80.0,1.0
78.0,134.52402,5.0,38.021297,9.791455,0.0,0.0,100.0,-7.0,7.0,8.0,12.0,2.0,57.46798,0.0,2.0,2.0,20.21761,-8.0,1.0,-8.0,0.0,-9.0,1.0
58.400345,132.41893,3.0,-9.0,7.5455837,0.0,0.0,100.0,-7.0,7.0,8.0,13.0,3.0,26.0,0.0,2.0,2.0,71.30725,79.10848,4.0,2.0,1.0,64.76834,1.0
-9.0,168.00174,1.3138893,57.16736,6.0,6.498466,6.6383166,70.16046,16.08483,3.0942833,4.0,12.0,4.0,66.404655,2.0,1.0,1.0,21.0,72.86917,1.0,2.0,0.0,91.65772,1.0
62.0,106.71439,11.0,34.707123,19.0,0.0,0.0,88.16764,23.400814,6.0,6.0,21.0,1.0,73.289314,0.0,2.0,2.0,17.0,84.73608,1.0,2.0,-6.9897366,63.0,1.0
65.0,180.55594,29.03765,120.95921,9.0,0.0,0.0,86.33586,10.773283,6.0,5.0,18.0,0.0,47.0,0.0,0.0,0.0,102.53973,-8.0,3.0,-8.0,3.4603748,100.0,1.0
57.08173,164.95494,3.0,56.49242,24.0,1.0,1.0,94.0,2.0,6.0,6.0,32.0,2.0,50.0,-7.0,4.0,3.0,86.81017,-8.0,3.0,3.0,0.0,80.0,1.0
61.69948,139.01962,17.767328,35.5544,21.0,0.0,0.0,96.0,5.5594783,6.0,6.0,25.0,0.0,68.9969,0.0,3.0,2.0,90.88886,59.468315,3.0,3.0,1.0,75.0,1.0
60.16063,139.46758,8.0,46.87787,24.0,0.0,0.0,82.66519,25.463726,5.0,6.0,24.0,2.0,24.98439,18.1959,0.0,0.0,53.97289,60.122005,9.066156,5.0,0.0,74.657265,1.0
63.24933,-9.0,4.0,-9.0,21.0,0.0,0.0,100.0,-7.0,7.0,8.0,23.073437,3.0,9.519821,0.0,1.0,1.0,30.803762,71.17621,9.0,2.0,4.8879023,65.71382,1.0
64.246056,122.1769,5.0,55.627174,19.0,0.0,0.0,82.683014,7.560128,4.0,6.0,20.0,3.0,50.0,0.0,3.0,2.0,41.20769,-8.0,2.0,4.0,1.0,100.0,1.0
39.960217,47.88173,11.0,-9.0,6.0,4.778151,4.300015,41.50402,31.673037,6.0,3.3376877,9.0,0.0,56.028214,0.0,0.0,0.0,55.829533,96.77799,3.0,2.0,0.0,83.0,1.0
63.192043,-8.0,8.0,1.156986,9.0,0.0,0.0,100.0,-7.0,7.0,8.0,8.874667,2.0,32.61245,5.457176,0.0,0.0,89.23723,50.093067,5.0,1.0,1.0,86.0268,1.0
54.29457,-9.0,2.0,-9.0,10.762501,0.0,0.0,100.0,-7.0,7.0,8.0,10.0,3.0,33.0,0.0,1.0,2.0,77.81997,100.0,4.0,6.0,3.0,83.0,1.0
77.0,106.712296,12.0,32.338627,14.0,0.0,0.0,100.0,-7.0,7.0,8.0,13.0,0.0,21.0,0.0,2.0,2.0,6.5360556,78.385315,3.0,2.0,0.0,50.0,1.0
58.636276,71.72281,3.0021122,66.15485,15.0,0.0,0.0,92.0,-7.0,-9.0,6.0,19.0,3.0,43.10923,0.0,1.0,1.0,63.37118,71.0,5.0,4.0,4.314493,82.29014,1.0
54.844517,49.796043,4.0,24.881351,9.0,0.0,0.0,100.0,-7.0,7.0,8.0,7.0,2.0,47.0,0.0,0.0,0.0,87.51224,93.556076,5.0,2.0,7.960088,100.0,1.0
7.4052854,98.5404,2.0,-9.0,11.934635,0.0,0.0,83.100876,62.186916,6.0,5.873179,13.0,6.0,44.0,-7.0,1.0,1.0,112.815735,81.51268,6.0,2.0,2.0,88.0,1.0
57.287926,125.80434,17.54433,50.11504,17.0,2.0,0.0,84.45879,1.921188,-3.6192446,3.0,23.0,0.0,93.92186,-7.0,17.530968,17.442982,0.0,-8.0,1.0,-8.0,0.0,50.694164,1.0
67.43834,125.68402,0.807782,33.67494,28.264328,2.0,0.0,93.0,60.82612,6.0,3.14172,29.428173,10.347914,63.69673,0.0,11.10296,10.781067,5.0,93.92615,3.0,7.8237143,0.0,70.73191,1.0
58.688824,139.60017,13.246596,37.53692,13.222075,0.0,0.0,91.0,11.626632,-8.1674185,6.0,13.0,1.0,42.0,0.0,3.0,2.0,71.897354,92.05348,6.0,4.0,2.8077464,100.0,1.0
64.39629,-8.0,2.0,28.103497,4.72043,1.595879,1.0,86.16763,61.196606,6.0,3.0,5.278036,4.0,69.239395,0.0,3.0,3.0,45.272076,98.48896,2.0,4.0,0.0,90.35343,1.0
59.035965,236.87898,2.0,77.99733,30.0,0.0,0.0,100.0,-7.0,7.0,8.0,37.54012,6.0,16.612988,0.0,4.0,3.2890182,73.89271,60.627193,26.877687,5.0,6.959739,100.0,1.0
77.0,132.43192,3.0,72.0,18.0,0.0,0.0,91.0,25.935814,6.0,6.0,20.953785,2.0,33.0,0.0,2.0,2.0,9.405884,22.738329,4.0,2.0,1.0,67.0,1.0
64.0,7.4579177,3.0,-9.0,-9.0,0.0,0.0,100.0,-7.0,7.0,8.0,7.1484857,3.0,87.74969,-7.0,0.0,0.0,0.0,79.968704,1.0,1.0,0.0,57.0,1.0
59.435486,156.47499,2.0,1.5126692,10.0,0.0,0.0,100.0,-7.0,7.0,8.0,11.341526,9.963292,49.967873,0.0,2.0,2.0,112.51417,93.942825,3.0,3.0,2.0,100.0,1.0
63.90848,160.21191,15.73213,93.85664,6.0,3.0199664,2.0,62.60816,21.035076,6.0,4.6432924,3.543245,1.0,85.87541,0.0,1.0,1.0,6.0,49.010742,1.0,2.0,0.0,89.90167,1.0
67.0,122.783554,5.0,32.85365,15.5940695,0.0,0.0,100.0,-7.0,7.0,8.0,18.0,4.0,13.378596,1.0,0.0,0.0,59.01439,-8.0,5.0,2.0,1.0,75.0,1.0
60.922985,241.54375,13.461286,78.48509,36.0,2.0,0.0,77.9066,8.265099,4.0,2.0,37.0,0.0,21.0,0.0,3.0,2.0,59.292427,-8.0,10.877933,2.0,0.0,83.49788,1.0
63.0,142.72531,5.0,23.569298,15.0,0.0,0.0,100.0,-7.0,7.0,8.0,15.116724,2.0,45.785866,16.645367,0.0,0.0,70.038666,95.74948,4.0,6.0435047,1.0,71.0,1.0
62.677334,143.42934,9.0,25.001102,9.0,0.0,0.0,86.01954,44.768894,6.0,6.0,12.0,0.0,57.84137,0.0,0.0,0.0,92.782394,66.70013,1.0,2.0,1.0,75.0,1.0
-9.0,-9.0,-9.0,-9.0,-9.0,-9.0,-9.0,-9.0,-9.0,-9.0,-9.0,-9.0,-9.0,-9.0,-9.0,-9.0,-9.0,-9.0,-9.0,-9.0,-9.0,-9.0,-9.0,1.0
66.0,213.78726,9.76138,52.173386,20.6307,0.0,0.0,100.0,-7.0,7.0,8.0,26.359438,2.0,47.0,0.0,1.0,1.0,46.255463,-8.0,3.0,1.0,0.0,75.0,1.0
71.9351,170.42615,11.706002,62.03209,16.0,0.0,0.0,95.0,59.61601,6.0,6.0,18.0,0.0,-9.0,0.0,1.0,1.0,80.64844,-8.0,3.0,1.0,2.0,50.0,1.0
45.1422,165.29523,7.0,79.29007,25.0,1.0,0.0,86.33353,2.0608017,4.0,5.903633,25.0,5.0,27.0,0.0,2.0,2.0,81.944046,67.10718,10.860434,3.0,3.0,100.0,1.0
65.0,126.917114,3.0,-9.0,12.0,0.0,0.0,90.58226,28.96138,6.0,4.0,15.0,6.0,18.0,0.0,1.0,1.0,14.390702,92.81775,4.0,3.0,0.0,57.77884,1.0
62.0,186.80705,8.0,52.84333,29.0,0.0,0.0,88.64913,3.3435268,6.0,6.0,35.520752,1.0,82.087585,0.0,3.0,2.0,2.0,23.650782,4.0,2.0,0.0,75.0,1.0
-9.0,104.91649,3.0,38.419064,28.0,2.7217824,2.0,65.67142,0.5646728,4.0,5.0,33.44811,4.0,18.0,0.0,1.0,1.0,61.135914,79.68587,5.0,2.7792292,1.0,75.0,1.0
67.0,-9.0,4.0,-9.0,6.0,0.0,0.0,100.0,-7.0,7.0,8.0,9.677744,10.088866,24.0,0.0,1.0,1.0,17.88918,79.38653,3.0,2.0,0.0,50.0,1.0
63.091084,139.5276,5.0,43.7071,5.6930647,3.0112936,2.0,88.0,46.855362,6.0,4.0,4.837111,2.0,83.67473,1.0,2.0,1.0,31.874107,124.35757,1.0,2.0,0.0,73.0,1.0
69.0,80.67671,1.0,-9.0,-6.7178836,0.0,0.0,100.0,-7.0,7.0,8.0,3.8896463,6.0,24.0,4.143127,2.0,2.0,21.57764,-8.0,3.0,1.0,0.0,73.49268,1.0
66.0,157.11148,11.0,63.421368,16.728542,2.0,2.0,89.04748,26.534376,6.0,4.183414,24.69282,1.0,24.0,18.401468,0.0,0.0,59.96584,93.0,3.0,3.0,1.0,100.0,1.0
58.63944,165.29565,3.0,66.03206,31.018936,0.0,0.0,84.44686,17.028484,6.0,6.0,34.420425,4.0,35.0,-7.0,18.007122,18.131418,60.966625,75.199776,10.444035,6.9550033,4.0,89.39119,1.0
72.0,118.311584,6.0,41.984238,9.0,0.0,0.0,100.0,-7.0,7.0,8.0,8.115059,1.0,35.75327,6.505792,0.0,0.0,0.0,-8.0,1.0,1.0,0.0,20.75091,1.0
62.788944,125.566345,3.0,38.7823,12.0,1.0,1.0,94.0,6.0,3.0,6.0,11.620008,3.0,33.0,0.0,1.0,1.0,6.5620885,-8.0,5.0,-9.0,0.0,62.96743,1.0
71.0,167.63522,10.0,52.858143,10.0,0.0,0.0,100.0,-7.0,7.0,8.0,14.542341,1.0,18.0,0.0,0.0,0.0,70.79973,80.222084,5.0,2.0,1.0,89.76014,1.0
59.54667,-9.0,5.0,-9.0,21.0,0.0,0.0,100.0,-7.0,7.0,8.0,22.0,4.0,25.0,0.0,0.0,0.0,33.094273,91.45576,6.0,3.0,1.0,80.0,1.0
72.0,127.171875,28.819998,86.783066,9.0,3.8403914,0.0,77.45583,24.39113,5.0,2.0,3.6642492,0.0,57.238483,-7.0,0.0,0.0,9.437524,-8.0,1.0,1.0,0.0,56.77269,1.0
72.0,159.96259,3.0,61.599663,6.2902465,2.9997327,1.024306,57.8064,80.64639,6.0,2.0,8.506725,2.0,77.26052,0.0,3.0,3.0,0.0,82.733215,1.0,2.0,-9.0,83.0,1.0
62.204994,244.66498,2.0,86.40529,25.0,7.5246263,3.9347851,73.7665,6.0,6.0,4.0,20.594923,3.0,38.265522,0.0,4.393738,4.530957,13.0,71.667694,2.0,2.0,0.0,33.0,1.0
63.0,80.6085,6.0,-9.0,17.0,1.0,1.0,100.0,-7.0,7.0,8.0,16.831066,3.0,5.941834,-7.0,0.0,1.0,43.35409,-8.0,10.914459,1.0,1.0,67.0,1.0
62.0,-9.0,2.6998103,-9.0,9.0,0.0,0.0,100.0,-7.0,7.0,8.0,8.0,2.0,19.0,0.0,0.0,0.0,77.988144,88.0,3.0,2.0,4.776304,100.0,1.0
30.125977,244.4632,3.0,62.83384,23.0,0.0,0.0,83.12192,69.89358,6.0,6.0,26.596855,2.0,36.0,0.0,2.0,1.8438901,83.18844,96.75554,8.0,2.0,5.90899,87.126724,1.0
-9.0,142.71138,2.0,63.0,22.560316,2.0,2.0,59.015625,4.0,5.733005,5.0,32.0,3.0,42.82867,-7.0,3.5305755,3.0,88.217316,59.406803,6.0,3.0,1.0,100.0,1.0
63.0,85.645226,2.0,70.41436,12.0,0.0,0.0,88.0,31.172262,6.0,5.441717,3.9820902,1.0,18.0,0.0,0.0,0.0,73.999886,68.86237,7.0,1.0,5.824367,100.0,1.0
82.0,224.49738,10.0,64.70809,18.0,0.0,0.0,100.0,-7.0,7.0,8.0,19.0,1.0,63.843067,1.0,1.0,1.0,5.0,-8.0,1.0,2.0,0.0,39.114765,1.0
70.0,132.02206,3.0,31.67019,20.0,0.0,0.0,100.0,-7.0,7.0,8.0,20.0,6.0,61.86857,-7.0,0.0,0.0,6.0,82.84168,3.0,2.0,0.0,81.8562,1.0
59.288387,312.83603,16.389029,108.644035,14.0,3.821438,3.0034182,77.739265,0.8294841,4.0,2.0,19.288858,0.0,29.0,0.0,2.0,1.0,61.477985,90.519905,3.801597,3.0,1.0,87.62755,1.0
64.16603,139.61896,22.397549,47.249928,27.0,2.0,1.2086533,100.0,-7.0,7.0,8.0,28.0,0.0,38.0,0.0,4.6947484,4.0,45.68818,66.78166,7.0,4.0,2.0,67.0,1.0
72.0,114.44574,10.0,-9.0,1.8211673,0.0,0.0,100.0,-7.0,7.0,8.0,3.1567867,0.0,96.42218,1.0,2.0,1.0,0.0,69.63572,0.0,2.0,-8.0,69.22227,1.0
-9.0,114.1469,1.0,21.90831,11.0,1.0,1.0,100.0,-7.0,6.0,8.0,12.0,5.0,46.87149,0.0,3.0,3.0,67.14927,-8.0,3.0,1.0,1.0,80.0,1.0
59.60349,86.580666,2.213575,43.614883,7.422474,0.0,0.0,90.0,24.636028,6.0,6.0,11.0,2.0,11.0,0.0,1.0,2.0,72.44407,-8.0,6.0,1.0,0.0,83.0,1.0
61.168926,360.48773,2.0,104.72748,22.860313,0.0,0.0,93.0,13.305063,6.0,6.0,34.0,3.0,25.0,8.0,3.0,2.0,86.322,-8.0,8.0,4.32844,2.0,72.50274,1.0
70.0,171.18861,2.0,51.569454,21.513968,0.0,0.0,94.0,65.35597,6.0,6.0,23.0,2.0,42.0,0.07727028,4.0,4.0,38.09633,96.757774,4.0,3.0,0.0,80.0,1.0
57.383087,147.69931,1.0,42.25855,21.0,3.0,2.790342,88.062065,12.553551,6.0,4.2095757,28.0,5.0,86.79971,-7.0,1.0,1.0,19.0,85.597,4.0,5.4341736,0.0,82.26609,1.0
57.095737,154.07861,14.836543,100.0,9.0,0.0,0.0,82.56698,-7.0,4.0,6.0,13.471626,0.0,17.428888,9.990045,0.0,0.0,83.47916,-8.0,5.0,2.0,2.0,71.0,1.0
56.10049,104.40563,4.0,-9.0,-9.0,1.0,0.64850193,100.0,-7.0,6.0,8.0,7.0,5.0,15.0,0.0,0.0,0.0,63.210373,-8.0,3.0,-8.0,1.0,80.0,1.0
61.447422,138.27437,7.0,31.413506,8.0,0.0,0.0,100.0,-7.0,7.0,8.0,11.014791,3.0,99.76886,1.0,3.0,3.0,73.51531,70.485146,2.0,3.0,0.0,100.0,1.0
34.378384,84.434975,4.528185,58.0,14.0,3.0,1.0,68.486435,-7.0,-9.0,2.0,17.0,2.0,46.0,1.0,1.0,2.0,13.656731,111.466034,6.0,3.0,0.0,80.0,1.0
74.0,154.94136,2.0,68.0,12.0,0.0,0.0,100.0,-7.0,7.0,8.0,10.0,4.0,69.279076,0.0,1.0,1.0,45.264793,100.0,2.0,4.0,1.0,88.0,1.0
70.60586,142.32147,1.3331647,35.250294,26.0,0.0,0.0,100.0,36.700302,6.0,6.0,28.0,10.899575,20.0,3.0,1.4119749,2.0,19.0,100.0,16.707003,4.0,0.0,75.0,1.0
60.64928,216.69624,6.0,71.54129,21.0,0.0,0.0,91.0,4.367145,4.0,6.0,24.0,3.0,17.692307,-7.0,0.0,0.0,57.505264,-8.0,9.0,1.0,4.0,73.1075,1.0
-9.0,162.08136,6.0,52.069897,15.0,0.0,0.0,87.53273,-7.0,-9.0,5.1747704,18.874615,4.0,18.0,0.0,1.0,1.0,91.6988,98.07508,6.0,2.0,3.0,67.0,1.0
69.39638,334.54532,-9.0,39.29468,15.0,0.0,0.0,100.0,-7.0,7.0,8.0,18.0,6.0,50.0,0.0,3.0,2.094656,47.44152,32.04065,3.0,4.0,0.0,70.0,1.0
73.0,141.62708,23.49466,61.0,9.567077,1.0,0.0,84.01748,24.583107,6.0,5.0,11.173001,0.0,50.0,9.0,0.0,0.0,46.00947,41.246223,2.0,3.0,0.0,75.0,1.0
68.0,165.03993,9.643524,44.99812,19.471037,0.0,0.0,96.0,52.984932,6.0,6.0,25.0,2.0,18.0,2.0,0.0,0.0,41.14077,15.938511,11.0,1.0,1.0,71.0,1.0
71.0,138.31699,4.0,24.855968,8.443789,0.0,0.0,100.0,-7.0,7.0,8.0,3.9986904,2.0,76.055885,0.22788784,1.0,1.0,-0.52703834,-8.0,1.0,1.0,0.0,38.0,1.0
62.0,84.69193,31.810574,27.886759,14.0,0.0,0.0,100.0,-7.0,7.0,8.0,14.506144,0.0,83.46818,-8.0,0.0,0.0,111.56533,89.272064,2.0,4.0,4.0,100.0,1.0
65.0,123.54062,16.0,55.872337,10.565733,1.0,0.0,76.117744,17.534634,4.0,5.0,11.0,1.0,71.4462,-5.934354,2.0,1.9734201,0.0,10.839267,1.0,2.0,0.0,71.0,1.0
61.713974,147.61223,16.733992,91.00077,16.289227,2.0,0.0,79.374725,43.902016,6.0,3.8504596,16.0,0.0,19.0,6.320377,0.0,0.0,92.72531,29.78839,8.0,2.0,7.7555513,100.0,1.0
63.227642,117.191734,13.0,58.049675,3.9911914,0.0,0.0,75.150085,12.870208,6.0,6.0,3.9834883,0.0,99.864914,0.0,0.0,0.0,0.0,48.712376,0.046006933,2.0,-9.0,100.0,1.0
55.80316,326.52304,10.0,95.03943,22.34908,1.0,0.0,77.952095,4.0,4.0,2.7506797,23.0,0.0,28.0,0.0,2.0,1.0,92.22244,-8.0,8.0,1.0,5.493057,83.0,1.0
65.0,101.055016,5.0,33.407337,38.150055,0.0,0.0,96.0,22.1844,4.0,6.0,37.255207,6.5977077,22.0,0.0,0.0,0.0,41.350544,51.49153,5.0,3.0,1.0,55.218113,1.0
60.034954,101.97696,5.0,37.988026,15.0,0.0,0.0,88.14058,4.0,4.0,6.0,17.0,4.0,15.042259,0.0,0.0,0.0,25.012377,-8.0,4.0,1.0,1.0,67.0,1.0
57.530933,155.37271,2.0,44.868813,24.0,0.0,0.0,100.0,-7.0,7.0,8.0,27.0,6.0,31.0,0.0,1.0,1.0,56.249695,84.02627,10.186061,5.0,2.0,79.01534,1.0
62.0,143.95898,-9.0,-9.0,-9.0,0.0,0.0,89.0,6.0,4.706967,6.0,4.636108,4.5798264,30.24497,0.0,2.0,2.0,80.04829,-8.0,3.0,1.0,1.0,65.413086,1.0
72.0,121.96083,2.0,13.21699,22.0,0.0,0.0,100.0,-7.0,7.0,8.0,29.0,10.640315,56.88686,0.0,2.0,2.0,24.58027,97.17209,6.0,5.0,0.0,73.0,1.0
66.313774,419.64896,7.0,82.0,18.0,0.0,0.0,93.0,36.96976,6.0,6.0,27.0,5.0,32.875652,0.0,6.1265235,5.9880085,41.93743,91.20021,19.152678,2.0,0.0,81.21314,1.0
65.0,53.048973,5.342196,-9.0,5.467436,0.0,0.0,100.0,-7.0,7.0,8.0,4.038478,3.0,69.71798,-7.0,1.0,1.0,26.00503,94.5143,2.0,2.0,0.0,83.05714,1.0
62.195526,206.92438,8.585932,69.8461,15.0,0.0,0.0,100.0,-7.0,7.0,8.0,19.812521,2.0,42.0,0.0,1.91082,1.0,63.718838,83.24077,5.0,4.0,3.828593,100.0,1.0
57.111515,172.64835,21.09918,98.12107,14.0,0.0,0.0,86.03557,-7.0,-9.0,6.0,11.0,0.0,34.65017,0.0,0.0,0.0,117.68172,59.65697,6.0,2.0,5.949099,100.0,1.0
69.91592,139.65193,5.0,58.46327,17.0,3.0,1.0,98.0,36.2925,6.0,4.0,18.0,6.0,35.897644,0.0,1.0,1.0,46.39222,81.79197,4.0,3.0,0.0,67.0,1.0
68.0,20.379473,11.0,29.814108,8.842053,0.0,0.0,100.0,-7.0,7.0,8.0,9.0,0.0,69.60743,0.0,1.0,1.0,60.831352,21.691336,2.0,2.0,0.0,63.0,1.0
56.012802,127.72847,10.0,35.11784,3.8737984,0.0,0.0,74.89026,26.614933,6.0,6.0,7.0,1.0,31.0,-7.0,0.0,0.0,88.65004,24.84941,4.0,1.0,2.0,95.960434,1.0
64.82482,-9.0,5.0,-9.0,6.0,0.0,0.0,100.0,-7.0,7.0,8.0,3.1852715,2.0,81.75563,0.0,0.53203,0.0,0.0,84.321884,0.9642528,3.0,0.0,75.0,1.0
65.0,132.85815,4.0,45.82219,21.0,0.0,0.0,82.08566,4.0,4.0,6.0,26.391394,6.0,35.0,0.0,3.0,2.1170516,19.0,96.78482,3.0,2.0,1.0,50.0,1.0
57.171726,165.93286,19.849493,74.0,10.0,1.0,1.0,80.44808,16.334396,6.0,4.0,15.0,0.0,57.0756,0.0,1.0,1.0,55.489563,59.43165,3.0,2.0,0.0,80.0,1.0
11.547973,65.52221,3.352412,56.924927,3.2040994,1.0,0.0,70.80576,43.55163,6.0,5.0,1.1575396,4.0,57.141117,0.0,2.0,2.0,115.843796,88.0,3.0,2.0,0.0,100.0,1.0
63.532276,-9.0,5.0,-9.0,9.535383,0.0,0.0,100.0,-7.0,7.0,8.0,9.0,3.0,50.0,0.0,1.0,1.0,49.682407,-8.0,3.0,2.0,1.0,70.0,1.0
54.56528,42.60571,3.0,-9.0,13.0,0.0,0.0,100.0,-7.0,7.0,8.0,14.0,4.0,41.069195,0.0,1.0,1.0,96.61962,98.38375,8.0,3.0,5.6850595,75.865074,1.0
64.0,114.37427,2.0,-6.059903,18.0,1.0,1.0,100.0,-7.0,6.0,8.0,23.709444,5.0560865,40.0,0.0,4.0,3.0,35.867035,71.41919,3.0,4.0,0.0,53.304195,1.0
-9.0,94.39016,7.0,-9.0,6.0,1.0,1.0,100.0,-7.0,7.0,8.0,0.34292233,2.0,98.71446,0.0,1.0,1.0,3.0,55.382492,1.0,1.0,-8.0,100.0,1.0
68.0,223.1218,-9.0,79.0,13.4171095,1.0,0.0,80.03186,59.83624,6.0,5.0,13.0,3.0,42.0,0.0,3.0,2.0,21.960546,74.539024,3.0,3.0,0.0,100.0,1.0
68.0,31.914366,7.0,22.437353,13.0,2.0,2.0,91.426506,34.13064,6.0,4.0,15.0,2.0,28.0,16.0,0.0,0.0,84.81249,64.32445,2.0,3.0,2.0,70.0,1.0
57.915924,113.65904,9.559136,40.769207,18.0,2.0,0.52563417,78.2146,27.299345,6.0,3.0,21.0,3.0,81.735535,0.0,0.0,0.0,70.4864,92.31355,2.0,7.3337755,0.0,80.0,1.0
-9.0,119.136856,2.0,33.18459,11.0,1.0,1.0,100.0,-7.0,6.0,8.0,12.0,2.0,31.0,0.0,5.0,4.9258404,81.1836,49.771088,7.0,2.0,2.0,79.39895,1.0
56.03021,90.74136,3.0,-9.0,15.0,0.0,0.0,100.0,-7.0,7.0,8.0,19.113783,6.0,14.563165,0.0,2.0,2.0,44.49033,-8.0,7.077329,2.0,3.0,67.0,1.0
63.0,135.20396,3.0,44.17555,8.0,4.5373974,0.0,76.21127,34.33717,6.0,2.0,12.881478,1.2680607,33.0,0.0,5.0,5.0,113.06372,84.87863,1.0,2.0,0.0,91.66757,1.0
74.0,134.39178,19.595522,-8.698473,-9.0,0.0,0.0,100.0,-7.0,7.0,8.0,7.0,0.0,97.062874,7.0,1.0,0.0,0.756914,-8.0,-9.0,2.0,0.0,38.0,1.0
76.0,76.94452,2.0,36.08382,33.0218,0.0,0.0,100.0,-7.0,7.0,8.0,34.0,4.0,18.474659,0.0,2.0,2.0,6.0,-8.0,7.0,2.0,0.0,57.0,1.0
66.643616,62.062267,3.0,-9.0,15.0,2.0,2.0,88.40845,17.880896,0.5163236,2.0,15.762553,7.2208285,56.881866,0.0,0.0,0.0,6.0,93.0,2.0,2.0,0.0,63.295586,1.0
61.05582,224.8973,15.0,137.12558,-0.09276127,2.0,1.0,75.09492,5.303222,6.0,2.0,8.523621,0.0,16.944208,0.0,0.0,0.0,36.0,-8.0,1.0,1.0,1.0,41.50443,1.0
59.830532,159.22331,-9.0,34.804188,10.0,2.0,0.0,78.098434,-7.0,0.0,5.0,16.0,7.6105614,19.0,0.0,4.0,4.0,3.0,45.913696,2.0,1.8834125,0.0,43.320496,1.0
65.0,101.63659,5.0,30.851645,10.75081,0.0,0.0,100.0,-7.0,7.0,8.0,13.0,2.0,56.797215,0.0,1.0,1.0,100.17787,81.78709,4.0,3.0,5.0800314,92.72371,1.0
73.0,155.37788,12.0,52.825916,6.0,0.0,0.0,100.0,-7.0,7.0,8.0,7.3315563,1.0,99.963455,2.0,1.0,1.0,0.0,-8.0,-9.0,3.0,0.0,100.0,1.0
31.847683,77.48194,6.0,37.533543,20.0,3.4698005,3.2394972,87.83517,1.0,4.0,3.677016,21.0,2.0,41.0,1.0,0.0,0.0,97.02393,25.736303,6.0,3.0,4.1532845,80.0,1.0
56.56443,162.30363,8.0,41.76189,22.0,2.0,0.0,88.0,36.066723,6.0,4.0,18.0,2.0,56.941143,1.0,1.0,1.0,75.31364,78.14158,4.0,6.0,0.0,73.0,1.0
74.0,211.51688,35.933537,88.72323,13.0,0.0,0.0,100.0,-7.0,7.0,8.0,15.0,0.0,15.886782,0.0,3.6711104,3.0,84.96964,-8.0,4.0,-8.0,2.0,50.0,1.0
63.0,101.90234,16.0,33.47578,8.658696,0.0,0.0,100.0,-7.0,7.0,8.0,9.0,0.0,21.852324,7.0,0.0,0.0,117.4213,64.06866,3.0,1.0,2.0,100.0,1.0
59.475994,152.69609,15.414524,42.30051,15.0,1.0,1.0,100.0,-7.0,7.0,8.0,16.0,0.0,38.44794,0.0,3.0,3.0,119.75169,-8.0,4.0,1.0,2.0,100.0,1.0
56.18524,173.63377,4.0,64.52837,22.0,3.8716419,0.0,12.345021,30.704342,4.0,2.0,25.0,4.0,48.333958,0.0,16.61012,17.26494,68.6944,35.976437,5.0,3.0,1.0,80.0,1.0
81.0,211.64032,7.0,56.21369,15.0,0.0,0.0,100.0,-7.0,6.0,8.0,18.855946,2.0,46.735218,-7.0,1.8655088,1.0,1.980857,70.140976,2.0,3.0,0.0,50.0,1.0
-9.0,99.975815,19.435642,62.84919,13.0,3.0,1.0,69.324455,-7.0,-9.0,2.0,15.0,0.0,21.0,-7.0,0.0,0.0,104.095795,-8.0,4.0,2.0,2.0,100.0,1.0
60.45869,193.06032,10.0,74.0,16.943327,2.0,2.0,71.87164,24.684029,6.0,2.0,26.0,1.0,35.0,-7.0,2.0,2.0,80.38705,57.12922,7.0,4.0,2.0,100.0,1.0
68.0,133.2054,3.0,-9.0,19.0,0.0,0.0,94.0,76.48604,6.0,6.0,25.03065,8.465687,30.0,0.0,1.0,1.0,40.99062,97.86155,5.0,3.0,0.0,91.033356,1.0
69.296745,147.39308,2.0,37.173897,28.0,0.0,0.0,100.0,-7.0,7.0,8.0,35.0,2.0,58.27016,0.0,3.0,2.4179044,30.731852,56.7377,7.0,6.0,0.0,75.0,1.0
65.0,-9.0,3.0,-9.0,19.619255,0.0,0.0,100.0,-7.0,7.0,8.0,25.275623,8.389712,58.584564,0.0,17.193691,16.672081,40.971237,100.0,3.0,4.0,0.0,80.0,1.0
71.0,245.52164,5.0,65.81847,20.0,1.0,1.0,94.0,20.082106,4.0,5.0,21.0,3.0,17.0,0.0,2.0,2.0,31.823523,-8.0,4.0,-8.0,0.0,50.0,1.0
65.71816,78.69483,6.0,53.957283,22.0,0.0,0.0,91.518745,34.306335,6.0,6.0,21.0,2.0,46.0,0.0,1.0,1.0,81.94589,-8.0,4.0,2.0,1.0,73.0,1.0
64.0,120.93124,2.0,43.13546,28.0,0.0,0.0,100.0,-7.0,7.0,8.0,28.52528,9.923141,24.057499,4.0,2.0,1.0,45.67048,93.0,9.0,9.909541,4.0,75.0,1.0
62.07526,-1.5612354,7.0,45.91642,27.0,2.0,0.0,90.47572,9.520049,4.0,2.0,31.0,2.0,38.0,0.0,15.030374,14.000315,59.856037,22.826576,6.0,7.3029933,3.0,77.93935,1.0
79.0,74.55964,1.0,63.0,22.0,0.0,0.0,100.0,-7.0,7.0,8.0,11.0,2.2842493,28.918701,3.0,1.0,1.0,1.0,95.3889,2.0,3.0,0.0,60.0,1.0
63.0,32.917007,3.0,-9.0,14.0,0.0,0.0,100.0,-7.0,7.0,8.0,14.0,6.0,29.0,2.0,0.0,0.0,44.391224,-8.0,5.0,2.0,1.0,83.0,1.0
71.0,119.41026,17.0,35.0202,3.2040513,0.0,0.0,100.0,-7.0,7.0,8.0,6.4178267,0.0,64.97698,-8.0,0.0,0.0,119.78241,54.214043,2.0,1.0,0.0,86.0,1.0
73.0,263.27332,1.0,84.0,21.0,1.0,0.51092404,96.0,28.447948,6.0,3.7916734,23.0,2.0,24.0,1.084804,0.0,0.0,16.114307,98.28173,3.0,2.0,1.0,50.647034,1.0
66.26391,-3.2521813,2.0,-9.0,3.2929428,0.0,0.0,100.0,-7.0,7.0,8.0,4.8520427,2.0,33.0,-8.0,3.0,3.0,75.531784,50.626644,2.0,1.0,0.0,91.77256,1.0
76.0,192.1354,11.494466,87.53112,8.764285,1.0,0.0,95.0,51.095123,6.0,5.0,10.361711,0.0,58.090096,0.0,4.0,3.4069629,0.0,-8.0,1.0,1.0,0.0,33.582108,1.0
66.67753,-9.0,13.051588,29.945433,-0.18170162,0.0,0.0,100.0,-7.0,7.0,8.0,1.4909507,0.0,45.0,0.0,1.0,1.0,43.08448,38.56103,1.0,2.0,0.0,67.0,1.0
73.0,159.4662,30.017117,114.58701,6.0,0.0,0.0,100.0,-7.0,4.0,8.0,10.0,0.0,37.06594,-7.0,2.0,2.0,7.1649337,-8.0,2.0,3.0,0.0,80.0,1.0
56.82639,164.67094,4.0,35.416153,8.8779125,0.0,0.0,100.0,-7.0,7.0,8.0,9.0,3.3685727,55.422108,0.0,3.0,3.0,59.447895,32.729267,4.0,2.7512686,1.0,100.0,1.0
68.87316,168.31354,2.0,53.345207,18.0,0.0,0.0,95.0,67.72313,6.0,6.0,20.0,5.0,34.69068,2.0,3.0,3.0,57.62268,47.889664,4.0,3.0,1.0,70.0,1.0
73.0,76.53327,-9.0,33.54394,-9.0,0.0,0.0,100.0,-7.0,7.0,8.0,7.6759267,2.0,14.0,-7.0,0.0,0.0,27.51035,-8.0,2.0,-8.0,0.0,80.0,1.0
58.85086,163.60938,19.322487,65.28453,15.0,2.0,1.0,84.84064,3.0,4.0,-6.097005,20.216227,0.0,22.131277,0.0,3.0,2.0,115.13242,28.95426,5.0,2.0,5.204512,87.36074,1.0
12.368448,79.09714,2.0,71.22842,9.0,2.0,2.0,82.00014,27.784492,6.0,5.0,8.0,2.0,33.0,-7.0,2.0,2.0,71.27785,-8.0,4.0,3.0,1.0,100.0,1.0
62.60062,104.06648,10.0,51.846546,21.0,0.0,0.0,100.0,-7.0,7.0,8.0,23.0,3.0,7.6553745,9.756947,0.71072924,0.0,49.976105,58.279243,22.76529,1.0,1.0,57.0,1.0
64.581345,246.94554,6.0,102.162285,38.84221,0.0,0.0,90.0,19.944748,6.0,6.0,40.128067,4.0,35.63792,0.0,17.400112,17.72773,28.147123,-8.0,7.290004,3.0,1.0,63.0,1.0
69.0,88.29723,4.0,26.632074,20.0,0.0,0.0,100.0,-7.0,7.0,8.0,28.0,2.0,13.0,2.0,0.0,0.0,46.298496,-8.0,6.0,2.0,0.0,70.05499,1.0
62.0,82.384254,1.0,28.278444,28.0,0.0,0.0,96.0,36.69893,6.0,6.0,26.0,10.9227295,-2.3302271,-7.0,3.0,3.0,31.134056,-8.0,8.0,1.0,1.0,50.0,1.0
58.255413,123.20784,5.0,48.00524,44.897762,0.0,0.0,100.0,-7.0,7.0,8.0,47.46173,8.109856,27.169142,8.0,0.0,0.0,79.34802,-8.0,11.593217,3.0,4.9045043,93.921906,1.0
56.5432,75.42095,3.0,49.918434,39.216663,2.978577,2.0,81.51399,15.479017,6.0,2.0,35.0,9.539716,9.647145,-7.0,17.906599,18.127556,18.0,93.0,11.796102,2.0,2.0,50.0,1.0
65.0,205.41881,4.0,86.0,24.0,0.0,0.0,97.0,-7.0,-9.0,6.0,24.501095,4.0,50.0,0.0,4.0,4.0,11.0,100.0,5.0,2.0,0.0,75.285416,1.0
67.0,227.3766,6.0,76.0,28.0,0.0,0.0,92.0,13.481526,6.0,6.0,30.306242,6.0,12.568931,-7.0,0.0,0.0,17.0,-8.0,8.865879,1.0,0.0,50.0,1.0
63.678688,81.74478,5.493539,56.16811,27.0,0.0,0.0,100.0,-7.0,6.0,8.0,25.0,3.0,27.0,0.0,1.0,1.0,75.219765,100.0,8.0,1.0,3.8522577,80.0,1.0
56.24037,41.29666,5.0,-9.0,15.0,1.0,1.632648,92.0,16.574821,-9.0,6.0,20.36032,3.0,27.0,8.803547,0.0,0.0,94.4075,32.99013,4.0,2.0,2.0,100.0,1.0
69.0,187.01256,3.0,76.69596,25.0,0.0,0.0,100.0,-7.0,7.0,8.0,26.0,5.4456553,42.382713,0.0,2.0,2.0,55.02548,93.0,3.1744246,2.0,1.0,56.0,1.0
-9.0,176.90889,15.0,92.0,20.539427,0.0,0.0,79.52976,3.9392462,6.0,6.0,21.639801,0.0,47.0,0.0,2.0,2.0,88.152336,-8.0,5.0,2.0,6.903502,75.0,1.0
75.0,84.90226,17.0,43.568775,8.800023,0.0,0.0,100.0,-7.0,7.0,8.0,8.733195,0.0,43.0,0.23035888,0.0,0.0,2.0,97.750786,1.0,1.0,0.0,31.120583,1.0
69.0,142.39177,16.658283,66.97765,22.0,0.0,0.0,100.0,-7.0,7.0,8.0,22.0,0.0,56.673603,1.0,0.0,0.0,53.683174,-8.0,4.0,3.386075,2.0,100.0,1.0
63.0,97.07822,8.0,52.964233,10.0,1.0,1.0,56.766228,14.051034,6.0,2.0,8.345014,4.0,28.0,11.55252,0.0,0.0,41.724686,63.333534,4.0,2.0,0.0,71.0,1.0
61.83207,87.981766,2.0,-9.0,19.0,2.0,0.0,88.0,23.404993,6.0,2.1569684,23.0,10.8202,30.0,0.0,0.0,0.0,9.0,98.25815,4.0,4.076211,0.0,60.22036,1.0
67.55275,180.73143,2.0,111.32621,17.0,2.0,0.0,93.0,31.041708,6.0,2.0,18.0,2.0,29.0,3.3849416,2.0,3.0,44.321644,99.564606,3.0,2.0,1.0,80.0,1.0
-9.0,-9.0,-9.0,-9.0,-9.0,-9.0,-9.0,-9.0,-9.0,-9.0,-9.0,-9.0,-9.0,-9.0,-9.0,-9.0,-9.0,-9.0,-9.0,-9.0,-9.0,-9.0,-9.0,1.0
60.990143,97.88894,5.0,43.86152,13.130599,3.0,1.0,67.72453,8.388195,6.0,3.0,16.0,4.232847,36.0,0.0,0.0,0.0,46.41619,-8.0,6.0,2.0,1.0,83.0,1.0
62.568428,-9.0,3.0,16.692192,12.0,0.0,0.0,100.0,-7.0,7.0,8.0,9.0,5.6344533,20.0,5.0,0.0,0.0,43.98518,-8.0,3.0,1.0,4.0,59.12811,1.0
69.0,87.77623,9.0,41.85106,13.0,0.0,0.0,100.0,-7.0,7.0,8.0,7.6900215,0.5565923,32.0,-8.0,0.0,0.0,68.01826,-8.0,4.0,1.0,0.0,72.642685,1.0
68.83668,135.73016,4.0,29.964376,30.0,0.0,0.0,100.0,-7.0,7.0,8.0,26.0,2.0,-9.0,0.0,3.0,3.0,28.20137,-8.0,6.7436614,-8.0,2.5088098,57.0,1.0
65.0,114.796814,4.0,58.0,27.642399,0.0,0.0,100.0,-7.0,7.0,8.0,29.0,8.267936,27.698112,0.0,2.0,2.0,54.870125,60.67901,7.0,2.0,3.0,60.0,1.0
58.332047,132.5288,13.0,47.22233,12.0,3.0,2.0,76.3103,6.0,4.0,-5.9804034,14.0,2.0,37.975876,0.0,1.0,1.0,32.0,-8.0,2.0,1.0,0.0,37.849792,1.0
64.0,52.022816,1.0,-2.1910083,13.0,0.0,0.0,95.0,36.45562,6.0,6.0,16.0,4.537157,42.0,0.0,1.903734,2.0,66.58995,73.70892,5.0,4.0,2.0,100.0,1.0
62.0,286.6171,170.31052,144.60051,-9.0,1.0,1.0,-9.0,8.81935,6.0,3.0,3.5779753,0.0,41.0,-7.0,0.0,0.0,75.15166,-8.0,2.0,-8.0,0.0,75.0,1.0
66.0,131.80907,2.0,17.053736,-9.0,0.0,0.0,100.0,-7.0,7.0,8.0,0.5608455,2.0,77.72006,0.0,2.0,2.0,115.563805,-8.0,1.0,1.0,-4.3233414,91.677765,1.0
4.0718045,216.7087,8.0,74.18873,29.0,2.0,0.0,77.02522,12.545355,4.0,3.0,38.076103,1.0,54.52278,-7.0,2.0,2.0,59.61395,97.8227,4.0,15.19834,1.0,75.90584,1.0
67.93937,125.1259,3.0,-9.0,6.747071,0.0,0.0,95.02241,-7.0,6.0,6.0,8.0,2.0,35.284565,0.0,4.0,4.0,25.0,-8.0,2.0,1.0,0.0,77.87014,1.0
66.364235,-7.500813,6.0,49.183815,28.0,0.0,0.0,91.878136,30.920431,6.0,6.0,31.922035,2.0,46.60629,12.0,0.0,0.0,32.0,96.37331,3.0,3.0,0.0,57.0,1.0
69.0,93.65082,6.0,49.523495,15.0,1.0,1.0,91.0,23.600954,6.0,5.0,12.138844,2.0,68.55396,0.0,1.0,1.0,45.67273,96.980576,3.0,6.5708714,0.0,78.96053,1.0
65.0,43.583614,-9.0,52.731796,6.0,0.0,0.0,100.0,-7.0,7.0,8.0,9.0,4.0,65.38434,-8.202997,4.0,4.0,68.01886,86.273506,3.0,3.0,1.0,96.87829,1.0
61.43195,290.63342,4.0,92.18246,21.148167,0.0,0.0,87.876045,23.624842,6.0,4.0,25.661348,3.0,35.0,1.0,2.0,2.0262482,68.72495,-8.0,5.0,4.0,3.0,67.99233,1.0
60.793858,102.80337,7.0,44.504696,20.0,0.0,0.0,100.0,-7.0,7.0,8.0,23.244328,1.2700932,67.68549,0.0,0.0,0.0,81.424934,55.267437,2.0,3.0,0.0,86.0,1.0
66.0,160.93547,19.058277,83.56043,7.0,0.0,0.0,100.0,-7.0,7.0,8.0,9.0,0.0,11.5042515,0.0,2.0,1.9451659,105.19081,-8.0,4.0,1.0,3.6411636,88.0,1.0
62.314564,191.06143,5.0,75.0,12.0,0.0,0.0,79.659874,34.514034,6.0,6.0,14.0,1.0,43.14676,0.0,0.0,0.0,103.295815,57.97066,6.0,2.0,3.5297818,95.79184,1.0
63.0,128.04863,1.0,13.408821,19.0,0.0,0.0,100.0,-7.0,7.0,8.0,19.48332,6.0,40.989456,0.0,6.986519,6.9411125,32.580837,77.63379,4.0,7.865087,1.0,70.0,1.0
68.46725,140.77759,2.0,1.6225309,15.0,0.0,0.0,100.0,-7.0,7.0,8.0,17.0,4.0,33.0,0.0,3.0,3.0,22.92117,96.33791,4.0,2.0,0.0,81.817795,1.0
64.0,-9.0,-9.0,42.140892,8.0,0.0,0.0,100.0,-7.0,7.0,8.0,8.0,4.0,50.0,0.0,6.8446813,6.632343,84.448364,69.61474,2.0,5.757714,3.0,91.556244,1.0
65.0,17.776632,5.0,-9.0,12.0,0.0,0.0,100.0,-7.0,7.0,8.0,12.0,3.0,50.0,-7.0,3.0,3.4137363,48.587856,99.99412,3.0,2.0,0.0,80.0,1.0
66.0,125.54125,6.8800726,-1.8261272,10.0,0.0,0.0,100.0,-7.0,7.0,8.0,9.0,2.0,99.99009,-7.0,0.0,0.0,118.86256,82.0,2.0,3.0,0.0,100.0,1.0
55.372734,145.32828,7.0,61.154522,27.634556,0.0,0.0,93.0,3.2086394,6.0,6.0,32.64033,3.0,47.0,0.0,1.0,1.0,87.1605,64.856735,5.0,6.0,4.9340053,67.0,1.0
23.975906,-9.0,6.0,-9.0,8.0,0.0,0.0,64.85782,-7.0,-9.0,6.0,9.0,2.0,59.22899,0.0,3.0,3.0,1.8199563,88.04782,1.0,2.0,0.0,67.0,1.0
68.0,140.8563,2.0,40.007076,28.0,0.0,0.0,100.0,-7.0,7.0,8.0,31.0,8.59379,36.0,5.9393,0.0,0.0,56.524086,59.492966,8.0,5.0,2.0,80.0,1.0
66.0,115.79147,6.0,-9.0,12.0,0.0,0.0,86.11803,32.99903,6.0,6.0,11.0,2.0,43.140327,0.0,0.0,0.0,30.677181,67.681816,1.0,4.0,0.0,52.04948,1.0
64.0,129.94972,3.0,60.13325,14.475707,1.0,1.0,92.65014,44.10481,4.0,6.0,14.0,2.0,55.804,0.0,0.0,0.0,93.57817,44.239292,2.0,2.0,3.2104168,83.0,1.0
72.0,195.5375,17.0,50.580875,34.00644,2.0,0.0,92.0,63.49605,6.0,4.0,35.0,1.0,-9.0,16.0,0.0,0.0,36.0,-8.0,7.0,1.0,2.6922555,55.444996,1.0
62.21997,100.637024,12.0,45.41847,11.0,0.0,0.0,75.14416,11.088726,4.535627,5.0,15.0,1.0,19.0,11.623634,0.0,0.0,37.50037,39.86773,4.0,2.0,1.0,60.0,1.0
-9.0,459.9094,8.0,101.19374,15.0,0.0,0.0,85.97342,25.8151,6.0,6.0,17.0,1.0,13.389609,0.0,2.0,2.0,89.52055,84.04285,8.0,1.0,9.024751,71.0,1.0
68.0,97.57692,15.0,41.99566,15.0,0.0,0.0,100.0,-7.0,7.0,8.0,17.0,0.0,20.0,5.0,2.0,1.562381,64.86931,-0.25848955,4.0,2.0,3.097432,56.445347,1.0
68.66433,-5.377114,2.0,-9.0,14.0,1.0,1.0,92.0,47.347713,6.0,4.0253143,14.337716,4.0,53.32253,0.0,2.0,2.0,1.0,93.0,1.0,2.0,0.0,41.825085,1.0
66.0,121.626854,20.225605,47.46993,13.0,0.0,0.0,100.0,-7.0,7.0,8.0,14.0,0.0,79.46221,0.0,3.0,3.0,110.96442,-8.0,1.0,4.0,1.0,100.0,1.0
54.74969,-9.0,2.0,-9.0,14.0,0.0,0.0,100.0,-7.0,7.0,8.0,13.0,3.0,48.92533,0.0,16.393871,16.338234,83.87705,-8.0,4.0,3.0,2.0,86.52952,1.0
73.0,253.1005,17.0,59.25916,8.656915,0.0,0.0,100.0,-7.0,7.0,8.0,9.0,0.0,55.846706,-7.0,0.0,0.0,24.169424,-8.0,1.0,-8.0,0.0,69.67685,1.0
60.79124,136.09088,2.0,72.0,25.0,1.0,1.0,100.0,-7.0,7.0,8.0,25.561134,4.0,52.459892,-7.0,3.0,3.9324684,76.92059,79.47305,10.117056,2.4599257,5.879125,100.0,1.0
-9.0,110.68231,6.0,72.0,9.0,0.0,0.0,76.84138,3.0004642,4.0,6.0,14.0,3.0,39.0,0.0,2.0,2.0,118.40683,-8.0,4.0,1.0,3.004853,99.96546,1.0
60.36715,179.63496,6.0,37.93796,27.0,0.0,0.0,94.0,50.11875,6.0,6.0,26.0,1.0,36.0,0.0,0.0,0.0,117.138435,22.496788,11.239822,2.0,8.770605,88.396805,1.0
72.52789,94.42083,4.0,-9.0,7.9025764,0.0,0.0,100.0,-7.0,7.0,8.0,4.533067,3.0,11.0,0.0,4.792486,5.0,15.925706,67.64277,4.0,2.0,0.0,75.0,1.0
64.517426,91.65948,9.0,54.260933,20.0,1.0,0.0,87.84891,7.1654162,4.0,4.0,26.0,1.0,44.0,0.0,4.2871366,4.0,70.477356,96.61688,3.0,4.0,0.0,89.98633,1.0
63.0,201.34491,3.0,79.24931,16.112099,1.0,0.0,90.0,12.134416,4.485961,5.0,17.36045,2.0,30.453304,0.0,0.0,0.0,56.474697,100.0,8.0,3.0,2.0,86.55612,1.0
56.19476,260.64798,5.0,85.11192,21.0,0.0,0.0,89.0,6.0,4.0,6.0,20.0,1.0,50.0,0.0,2.0,2.0,119.966034,58.462967,8.0,6.946501,9.911815,100.0,1.0
63.0,275.90405,6.0,59.205025,21.0,1.4897779,0.0,76.88562,17.402225,6.0,5.0,26.0,1.2334346,16.0,0.0,2.0,2.0,42.184383,-8.0,9.0,1.0,1.0,67.0,1.0
67.84383,114.67453,1.0,31.718987,13.0,0.0,0.0,100.0,-7.0,7.0,8.0,16.0,5.0,20.683775,0.0,2.0,2.0,53.728825,-8.0,6.192814,1.0,1.0,100.0,1.0
68.0,324.6424,3.0,87.47328,12.0,1.0,0.0,90.71071,16.050571,4.0,3.0,15.0,2.0,64.40383,0.0,1.0,1.0,92.3724,49.41092,3.0,5.0,0.0,100.0,1.0
59.00321,34.38807,1.0619949,-9.0,19.752104,0.0,0.0,100.0,-7.0,7.0,8.0,23.726501,4.0,18.0,5.7309813,0.0,0.0,39.76661,-8.0,4.0,2.0,2.0,69.85222,1.0
71.0,118.64531,8.0,51.704613,9.998383,0.0,0.0,100.0,-7.0,7.0,8.0,10.876284,0.0,33.0,0.0,4.65777,5.2713075,52.20983,57.826458,3.0,2.0,0.0,75.0,1.0
54.241318,120.84994,4.0,65.56094,17.0,0.0,0.0,88.0,7.8953843,6.0,6.0,22.0,2.0,60.54576,-7.0,1.0,1.0,98.42939,57.144047,8.0,3.0,2.0,100.0,1.0
64.684425,142.5881,6.0,56.74556,15.506507,1.0,0.0,82.71317,68.674385,6.0,5.0,12.0,4.0,42.0,2.0,2.0,2.0,45.42506,14.304129,5.0,2.0,1.0,84.5389,1.0
69.0,67.169914,3.0,31.804451,22.0,0.0,0.0,100.0,-7.0,7.0,8.0,25.0,4.0268984,44.0,1.0,1.0,1.0,59.09577,100.0,5.0,4.0,2.0,80.0,1.0
62.0,232.15216,20.214518,79.32529,5.1695347,2.0,1.0,69.04408,9.409113,6.0,2.0,10.154637,0.0,32.294605,0.0,1.0,1.0,98.66813,-8.0,2.0,1.0,2.0,75.0,1.0
71.230225,156.70828,7.0,67.93301,22.817705,0.0,0.0,95.0,10.430717,6.0,6.0,20.88143,2.0,5.180742,0.0,1.0,1.0,26.48374,-8.0,7.563853,1.0,1.0,54.073257,1.0
75.88196,90.7831,24.875265,44.53754,10.0,2.8538303,0.0,84.98002,49.564003,6.0,2.0,7.0240574,0.0,60.44203,-7.0,3.0,2.0,1.6094244,76.0,1.0,2.0,0.0,70.0,1.0
-9.0,-8.753776,5.0,-9.0,-9.0,0.0,0.0,100.0,-7.0,7.0,8.0,-9.0,3.0,31.0,-7.0,4.257666,4.0,119.198044,-8.0,2.0,1.0,2.0,91.11207,1.0
66.0,167.25923,6.0,54.70772,35.959404,3.0,2.7131908,89.0,51.107918,6.0,3.0,39.954563,4.0,63.105236,-8.0,1.0,1.0,34.58644,93.72602,9.0,19.104277,1.0,90.85195,1.0
73.0,124.61178,3.0,58.7151,12.0,0.0,0.0,92.0,2.6925611,6.0,6.0,15.0,2.0,86.38308,-7.0,3.0,3.0,2.0,58.476772,1.0,5.0,0.0,62.006165,1.0
-9.0,77.23398,4.0,41.94945,15.0,0.0,0.0,90.0,-7.0,-9.0,6.0,18.0,3.0,-3.081961,0.0,2.9553957,2.0,60.611828,-8.0,7.0,2.0,3.0,71.0,1.0
63.07735,118.878555,27.06873,74.0,9.0,0.0,0.0,100.0,-7.0,7.0,8.0,8.332476,0.0,15.0,-7.0,0.0,0.0,117.664536,-8.0,4.0,1.0,3.6913674,83.109955,1.0
74.0245,-9.0,15.390169,-9.0,-9.0,0.0,0.0,100.0,-7.0,7.0,8.0,-9.0,0.0,43.974716,5.0,1.0,1.0,8.004147,-8.0,1.0,-8.0,0.0,63.0,1.0
58.856865,104.27975,4.0,24.81848,24.0,1.0,0.0,100.0,-7.0,7.0,8.0,24.0,3.0,19.0,0.0,3.0,3.0,51.087303,63.32517,18.332531,2.0,1.0,78.0,1.0
72.0,177.87163,3.0,51.5341,12.0,4.248667,2.1576445,76.38231,71.290375,6.0,2.0,11.829185,2.0,77.97322,0.0,0.0,0.0,0.0,62.83913,1.0,3.0,-9.0,100.0,1.0
75.36423,252.958,15.0,69.142555,25.0,0.0,0.0,100.0,-7.0,7.0,8.0,28.0,0.0,49.32178,0.0,1.0,1.0,64.811035,91.0,6.0,2.0,1.0,85.89998,1.0
-9.0,138.64326,2.0,24.25773,16.0,0.0,0.0,100.0,-7.0,7.0,8.0,19.0,5.424075,45.0,-8.0,2.0,2.0,89.84935,61.418278,10.65581,3.0,2.1081603,100.0,1.0
59.43208,113.52901,2.0,70.0,17.0,4.32802,3.6026015,67.83674,4.5483646,6.0,4.0,18.0,4.0,40.15019,0.0,1.0,1.0,66.65492,91.00215,2.0,3.0,0.0,75.0,1.0
-9.0,76.38912,3.0,32.270145,8.0,2.0,1.0,68.83607,2.889617,4.0,2.0,8.0,4.0,3.615276,0.0,1.0,1.0,86.47323,-8.0,6.0,1.0,2.0,92.71147,1.0
54.028683,221.56444,1.0,86.33667,16.0,2.0,2.0,85.41916,6.5663667,6.0,5.0,18.29149,3.0,28.0,0.0,1.0,1.0,68.25694,96.60314,4.0,2.0,0.0,83.0,1.0
57.46132,110.739944,2.0,-9.0,17.0,3.0,2.0,93.0,24.141085,5.0,3.0,20.0,5.0,59.615604,0.0,5.683598,5.6579847,85.90445,54.218605,4.0,17.509113,1.0,88.36814,1.0
70.0,-9.0,10.0,-9.0,-9.0,0.0,0.0,100.0,-7.0,7.0,8.0,1.5931939,0.0,96.503235,-7.4532456,0.0,0.0,59.98125,-8.0,1.0,-8.0,-8.0,85.270096,1.0
68.0,132.57811,2.0,44.88808,30.0,0.0,0.0,100.0,-7.0,7.0,8.0,37.459984,6.952169,11.0,3.0,4.1548657,4.535644,29.04459,97.41272,8.585599,2.0,1.0,60.0,1.0
-1.8749008,130.7909,8.141859,36.53572,25.40921,2.5135646,1.0,77.47461,-7.0,0.0,6.0,29.965435,1.0,46.0,0.0,2.0,2.0,40.50461,51.444347,5.0,3.0,1.0,75.0,1.0
67.58958,131.15681,3.0,47.53576,36.0,0.0,0.0,100.0,-7.0,4.0,8.0,46.200573,6.2675953,32.893494,0.0,3.0,3.058184,52.190273,-8.0,7.8016934,15.282933,4.0,80.1205,1.0
-9.0,38.72763,7.0,40.53702,27.0,0.0,0.0,88.0,24.816141,6.0,6.0,29.0,3.0,47.0,-8.0,0.0,0.5611092,45.405895,65.20893,8.306383,4.0,4.3499603,78.0,1.0
66.232925,139.8705,31.547794,40.050964,7.0,0.0,0.0,100.0,-7.0,7.0,8.0,7.0,0.0,76.16369,0.0,0.0,0.0,0.0,59.326912,1.0,2.0,-9.0,77.95469,1.0
78.0,80.8691,14.628096,70.0,13.0,0.0,0.0,100.0,-7.0,7.0,8.0,6.23831,0.0,23.267845,0.0,0.0,0.0,7.5097218,-8.0,3.0,1.0,1.0,40.0,1.0
57.04509,53.555176,2.0,51.33532,14.0,2.0,2.0,85.6421,10.705028,4.0,3.0,19.0,2.0,16.0,4.0,1.0,1.0,59.46641,-8.0,5.0,1.0,4.0,63.0,1.0
58.77391,66.21064,11.258905,59.682632,21.0,0.0,0.0,100.0,-7.0,6.0,8.0,19.0,0.0,28.314238,0.0,6.592764,6.3323603,75.082436,25.70085,12.27815,3.0,8.981401,100.0,1.0
64.0,128.52599,2.0,17.814758,37.20805,1.0,1.7677621,95.0,51.726303,6.0,2.0,37.83556,10.485825,47.0,0.0,2.0,2.0,53.004932,96.85349,6.8192844,18.774193,1.0,85.08589,1.0
66.0,151.80602,4.0,70.64025,25.0,5.27212,3.3518548,84.862366,38.913002,-9.0,4.0,30.0,2.0,43.527847,1.0,1.0,1.0,34.58711,75.46363,4.0,5.0,0.0,73.0,1.0
57.4637,272.92917,1.0,55.56004,16.0,0.0,0.0,100.0,-7.0,7.0,8.0,17.411701,2.0,63.183777,0.0,3.0,3.0,75.3069,57.362537,6.0,4.0,3.0,100.0,1.0
68.0,-9.0,2.0,-9.0,17.0,0.0,0.0,100.0,-7.0,7.0,8.0,20.668125,4.918135,32.0,0.0,4.0,3.8109574,26.08705,90.82646,6.0,2.0,1.0,70.18277,1.0
69.867455,125.44709,8.0,53.25767,7.529982,0.0,0.0,100.0,-7.0,7.0,8.0,6.0260196,3.0,56.6004,0.0,1.0,1.0,30.1924,52.619625,3.0,2.0,0.0,85.76442,1.0
65.0,148.41876,10.0,55.747875,15.0,2.0,1.0,84.58909,16.62479,5.7703466,2.0,16.214401,1.0,33.0,0.0,3.0,3.0,30.067265,-8.0,2.0,1.0,0.0,41.153046,1.0
-9.0,142.6982,2.0,49.333538,16.176842,0.0,0.0,87.61071,16.460224,6.0,6.0,18.0,6.0,36.0,0.0,4.0,3.373927,52.817173,-8.0,9.0,1.0,1.0,80.0,1.0
57.377876,222.06425,11.922855,90.952225,12.0,3.0021205,2.3556912,77.460075,36.573563,4.5309505,4.0,17.0,0.0,50.0,0.0,4.0,3.0,91.08046,6.608903,2.0,1.0,0.0,100.0,1.0
-9.0,181.49799,26.869574,118.67034,21.0,0.0,0.0,64.61399,4.0,4.0,6.0,24.0,0.0,17.560038,0.0,1.0,1.0,92.35433,-8.0,13.914271,1.0,3.0,100.0,1.0
64.44221,140.10658,7.0,60.228924,15.0,0.0,0.0,92.0,58.216797,6.0,6.0,14.0,3.0,44.97762,0.0,3.0,3.0,69.17131,89.383835,7.0,2.0,5.9332957,86.133896,1.0
70.0,237.14885,6.0,71.0,33.0,2.0,0.0,75.88671,8.411303,6.0,3.0,57.17025,3.0,52.263557,-7.0,1.0,1.0,1.0,94.515854,2.0,5.803619,0.0,75.0,1.0
23.435162,196.19379,6.0,74.0,25.0,3.7447808,3.3926673,61.156296,6.0,4.0,-5.089013,25.0,3.0,21.0,0.0,4.0,3.4167092,32.0,-8.0,8.0,3.0,0.0,71.0,1.0
65.63236,181.02933,2.0,55.778137,28.0,1.0,0.0,96.0,18.572422,6.0,5.0,25.067106,10.385355,7.9252563,0.0,1.0,1.0,27.017076,-8.0,4.0,-8.0,0.0,33.0,1.0
56.705296,42.88755,2.0,-9.0,8.0,1.0,1.0,100.0,-7.0,6.0,8.0,14.0,9.170298,31.0,-7.0,1.0,1.0,84.21072,23.648083,3.0,2.0,0.0,80.0,1.0
67.0,93.4623,8.800298,-9.0,-9.0,0.0,0.0,100.0,-7.0,7.0,8.0,0.69029176,1.0,97.79229,-7.0,0.0,0.0,-9.0,-8.0,-9.0,-8.0,-9.0,55.73542,1.0
66.54415,153.73291,2.0,17.995197,10.0,2.0,2.0,100.0,-7.0,7.0,8.0,12.0,7.51335,36.392994,-7.0,2.0,2.0,25.0,79.90871,3.0,2.0,0.0,78.0,1.0
70.0,149.62823,2.0,42.418858,8.388964,0.0,0.0,100.0,-7.0,7.0,8.0,4.873384,1.1874708,44.0,0.0,0.0,0.0,78.56077,56.983704,5.0,2.0,3.0,100.0,1.0
-9.0,-8.0,2.0,23.075613,13.132305,0.0,0.0,88.0,20.269714,6.0,5.474115,15.0,3.0,46.10685,0.0,4.0,4.597879,70.096275,93.0,5.0,14.339101,5.5593295,89.11683,1.0
-9.0,132.68912,5.0,-9.0,-9.0,1.0,0.0,81.276276,2.0,4.0,5.0,0.75731874,2.0,56.447327,0.0,1.0,0.0,5.114655,82.936615,1.0,3.0,0.0,80.0,1.0
64.29976,219.57004,34.977383,65.10311,15.0,0.0,0.0,92.0,2.4658718,3.90906,6.0,18.153482,0.0,36.803726,0.0,3.0,2.0,58.511463,-8.0,8.0,1.0,0.0,78.99292,1.0
63.0,181.95412,3.0,44.99193,11.0,1.0,0.0,88.0,33.717945,6.0,5.0,13.0,3.0,56.523994,-7.0,4.0,3.0,35.758587,-8.0,2.0,3.0,-9.0,100.0,1.0
68.13096,147.22028,4.4003224,64.392075,12.814968,0.0,0.0,86.08594,32.900433,6.0,6.0,11.0,4.0,11.0,7.8512006,0.0,0.0,1.0,-8.0,4.0,1.0,0.0,64.11515,1.0
68.0,119.57047,7.0,23.106089,6.0,1.0,1.0,100.0,-7.0,7.0,8.0,2.571226,1.0,99.757355,10.873161,0.0,0.0,32.882626,92.65498,0.7412908,5.0,0.0,100.0,1.0
-9.0,305.8016,4.0,103.1646,34.0,4.7287717,2.087272,77.67282,-7.0,-9.0,2.0,60.84811,5.0,54.051907,0.0,2.8491955,2.0,34.384804,7.0461116,3.0,5.9613514,0.0,80.0,1.0
70.0,72.67636,6.0,37.397575,12.0,0.0,0.0,100.0,-7.0,7.0,8.0,12.0,2.1955302,13.703714,2.0,1.0,0.0,38.505806,-8.0,4.0,1.0,0.0,60.0,1.0
71.0,84.32831,4.0,-9.0,5.435353,0.0,0.0,100.0,-7.0,7.0,8.0,9.504651,6.0,-9.0,1.0,1.0,1.0,43.974194,-8.0,2.0,-8.0,0.0,57.0,1.0
55.561516,134.72646,0.9748003,13.343597,7.4731827,1.0,1.0,79.09345,23.656105,4.0,2.0,11.124215,5.0,42.27256,0.0,1.683031,2.0,63.61584,65.52459,3.0,4.0,0.0,84.13357,1.0
60.99539,132.77673,3.0,-9.0,14.0,0.0,0.0,100.0,-7.0,7.0,8.0,18.086391,5.978113,33.0,0.0,5.0,5.0,26.951237,67.866875,5.482195,4.0,1.0,73.0,1.0
-9.0,154.37033,31.049246,54.166557,3.150595,1.0,0.0,-9.0,0.3389194,-4.406657,5.0,7.0,0.0,99.947815,2.0,0.0,0.0,0.0,45.30863,0.128304,2.0,0.0,100.0,1.0
63.0,98.040375,6.0,52.42908,28.805685,0.0,0.0,100.0,-7.0,6.0,8.0,30.190544,6.6951904,31.8586,2.0,1.0,1.0,17.0,92.81183,5.0,3.8237975,2.0,50.0,1.0
61.79018,30.497698,5.0,-9.0,13.0,0.0,0.0,100.0,-7.0,7.0,8.0,14.0,3.0,32.72115,8.815668,0.0,0.0,68.434204,71.87319,5.0,3.0,2.0,80.0,1.0
65.0,156.33076,20.0,74.88742,-1.1753305,1.0,0.21606007,59.61184,22.941586,6.0,3.0,9.0,0.0,27.749615,-7.0,0.0,0.0,116.39121,45.574482,4.278129,1.8545475,0.0,100.0,1.0
65.67927,130.47296,4.0,36.47573,17.0,0.0,0.0,100.0,-7.0,7.0,8.0,19.0,4.0,61.69485,-7.0,2.0,2.0,49.11101,19.071682,4.03397,2.0,1.0,80.0,1.0
58.927113,150.2436,7.0,41.163548,13.0,1.3849996,2.3105297,89.0,1.546311,-4.527849,5.0,10.039611,1.0,21.857754,0.0,0.0,0.0,11.0,83.9124,3.0,2.0,0.0,44.0,1.0
-9.0,138.24063,21.130606,71.0,15.0,1.0,0.0,84.20327,-7.0,-9.0,5.0,13.057161,0.0,74.08014,0.0,4.0,3.0,24.293528,73.34605,1.0,2.0,0.0,88.0,1.0
75.0,169.0588,1.0,70.05649,33.64795,0.0,0.0,96.0,39.53068,5.0,6.0,30.0,4.758101,24.294243,0.0,3.0,3.727217,25.0,-8.0,5.0,-8.0,0.0,68.7888,1.0
58.065582,141.25037,3.0,72.950966,33.0,0.0,0.0,88.68103,29.102993,4.0,6.0,29.0,3.0,53.44672,0.0,2.0,2.0,94.28218,88.213394,4.0,6.0341945,3.0,83.0,1.0
-9.0,103.637825,1.0,31.653303,20.0,0.0,1.0,83.0563,-7.0,4.0,5.9315615,31.0,5.0,18.219723,0.0,3.0,3.0,25.0,-8.0,6.0,2.0,0.0,73.331245,1.0
41.7581,124.85014,12.0,69.15883,8.385565,2.0,0.0,70.28852,4.0,3.0,4.0,9.892285,0.0,27.0,6.0,1.0,1.0,61.283855,-8.0,4.0,1.0,2.0,70.0,1.0
60.480442,75.99905,3.0,29.218039,28.0,0.0,0.0,100.0,-7.0,7.0,8.0,32.0,3.0,50.02499,0.0,3.0,2.0,74.04999,84.14287,9.0,22.211864,5.8856997,85.35919,1.0
62.0,178.57831,7.312964,97.31846,7.8019567,3.522299,3.0957592,77.08093,47.873917,6.0,3.291299,14.0,0.0,70.084885,0.0,2.0,2.0,21.620705,15.150425,1.0,2.0,0.0,82.93855,1.0
65.0,118.73796,2.0,39.971207,44.276936,1.5086002,0.0,89.62326,36.778576,6.0,4.0,55.282345,8.457329,30.152742,0.0,2.0,2.0,23.838701,91.0,6.0,6.0,1.7586766,64.3064,1.0
65.0,65.16815,0.53860486,38.436905,26.0,0.0,0.0,100.0,-7.0,7.0,8.0,26.0,3.0,53.259518,-7.0,3.960907,4.0,70.39486,96.43009,6.0,4.0,3.0,80.0,1.0
64.380226,8.381264,3.0,-9.0,10.0,1.0,0.0,86.31951,13.694241,6.0,4.56056,15.0,4.0,30.836582,0.0,0.0,0.0,25.778053,-8.0,1.0,-4.555433,0.0,33.575996,1.0
60.59868,171.77002,11.0,55.848927,25.0,3.9247148,0.0,73.28103,6.0,6.0,4.0,34.92395,1.0,64.86898,0.0,3.0,3.0,44.991245,-8.0,3.0,1.0,0.0,80.0,1.0
70.0,277.95645,6.5661073,62.366528,8.0,0.0,0.0,100.0,-7.0,7.0,8.0,12.037883,2.0,42.0,1.0,2.679537,2.0,52.390903,-8.0,1.0,2.0,1.0,64.0,1.0
-9.0,153.30244,4.0,29.24166,14.803323,4.5753307,1.0,56.446484,45.079433,6.0,-9.0,19.0,10.817088,50.0,0.0,4.0,3.877046,81.499794,76.0,3.0,3.0,1.0,75.092224,1.0
60.836746,213.59875,11.0,74.97894,18.0,0.0,0.0,85.9233,26.458092,6.0,6.0,21.0,0.0,16.0,22.713652,0.0,0.0,96.99409,84.03231,5.0,1.0,3.0,100.0,1.0
62.0,156.10333,15.0,68.0,6.0,0.0,0.0,70.276886,29.176212,6.0,6.0,7.4724245,0.97348243,42.745007,0.0,1.0,1.0,85.999535,32.745956,2.0,2.0,0.0,100.0,1.0
71.68054,141.50069,2.0,57.09727,6.63499,0.0,0.0,100.0,-7.0,7.0,8.0,6.8003697,3.0,13.0,0.0,4.0,4.0,27.62408,-0.98781615,4.0,1.0,1.0,70.0,1.0
54.627384,119.33144,4.0,53.569458,22.0,2.0,2.0,73.92754,8.758649,4.0,-1.5627141,38.465786,3.0,47.0,0.0,6.3580804,5.694841,112.09988,-8.0,4.0,4.0,3.431544,100.0,1.0
62.053524,139.933,20.148994,46.99958,15.0,0.0,0.0,90.0,30.956724,5.6482296,6.0,19.0,0.0,37.0,7.0,0.0,0.0,48.486935,-8.0,2.0,2.0,2.0,50.0,1.0
70.0,267.22867,30.760593,86.00459,-9.0,0.0,0.0,75.95326,21.647078,6.0,6.0,-3.3227522,0.0,37.0,0.0,0.0,0.0,47.331,-8.0,2.0,-8.0,-9.0,90.107285,1.0
73.0,202.80656,11.0,58.0,12.91654,0.0,0.0,88.0,41.55704,6.0,6.0,14.0,2.0,24.0,0.0,0.0,0.0,42.29218,68.673515,3.0,2.0,0.0,67.0,1.0
68.0,165.34172,36.706223,66.44355,20.286392,0.0,0.0,91.43482,7.1433635,4.0,6.0,27.0608,0.0,52.293293,-7.0,0.0,0.0,53.89436,-8.0,2.0,2.0,1.0,75.0,1.0
65.714775,161.29926,5.0,70.903656,21.0,0.0,0.0,100.0,-7.0,6.0,7.6130304,19.724272,2.0,37.293358,8.7465315,0.0,0.0,87.04158,64.55353,4.0,2.0,2.7470138,80.0,1.0
74.0,233.10919,17.410292,67.175385,15.0,0.0,0.0,94.0,53.359695,6.0,6.0,19.0,0.0,50.0,0.0,0.0,1.0,77.972015,98.17373,5.0,2.0,1.0,89.86561,1.0
63.07833,165.25282,2.0,65.0,8.169596,2.4136539,1.0,79.01744,41.421204,4.0,6.0,15.0,3.0,89.1182,0.0,3.0,3.0,0.0,15.884465,-2.4046361,3.0,-8.0,80.0,1.0
62.0,139.67543,7.0,54.88304,27.0,0.0,0.0,100.0,-7.0,4.0,6.0,30.0,3.7206144,31.0,0.0,2.0,1.0,68.225525,78.01829,7.0,3.0,3.0,73.0,1.0
16.810522,168.28621,2.0,58.0,29.072275,0.0,0.0,100.0,-7.0,7.0,8.0,28.0,5.0,54.02579,-7.0,2.0,2.0,113.52092,58.46381,9.0,4.0,3.0,100.0,1.0
56.043064,165.53189,7.4194527,72.0,11.0,1.0,0.0,81.84591,31.051203,4.0,6.0,13.0,4.0,36.0,0.0,5.1390047,5.0,111.8948,23.816792,4.0,2.0,1.0,100.0,1.0
-9.0,95.51544,11.0,54.652164,10.0,1.0,0.0,73.06868,28.220068,6.0,5.0,13.0,1.0,18.0,1.0,1.0,0.0,65.68563,32.838108,11.977461,2.0,4.0,100.0,1.0
54.24594,182.22302,9.0,69.85782,14.0,5.986998,2.1392152,66.38574,3.0,4.0,2.586937,15.0,2.0,57.787506,0.0,1.0,1.0,91.3257,91.03332,2.0,2.0,1.0,71.0,1.0
-9.0,100.514824,6.0,41.719517,11.943574,1.0,0.0,3.235988,16.672787,6.0,5.0,13.672414,3.0,66.81693,2.0,0.0,0.0,75.50861,99.48385,4.0,2.0,2.0,100.0,1.0
63.0,214.86638,3.0,49.16256,10.0,0.0,0.0,100.0,-7.0,7.0,8.0,11.0,4.0,11.657297,1.0,1.0,1.0,66.69201,100.0,3.0,2.0,1.0,58.0,1.0
76.0,148.87589,2.0,71.0,20.0,0.0,0.0,100.0,-7.0,7.0,8.0,20.0,3.0,40.0,0.4544753,1.0,1.0,4.0,96.773705,3.0,2.0,1.0,47.991844,1.0
70.0,153.75645,4.0,14.076169,9.0,0.0,0.0,100.0,-7.0,7.0,8.0,15.0,1.0,12.988072,-7.0,1.0,1.0,51.54641,-8.0,5.0,1.0,0.0,100.0,1.0
-9.0,191.76915,19.427488,97.0,21.0,1.0,0.0,61.018986,-7.0,-9.0,5.0,26.789621,1.0,47.0,3.0,1.0,1.0,112.2351,60.742573,5.0,5.0,3.0,100.0,1.0
73.0,107.222984,17.035915,62.91626,18.192924,0.0,0.0,92.0,13.589703,6.0,6.0,14.962919,0.0,92.240685,0.0,4.838753,4.53413,53.953743,20.014664,1.0,3.0,0.0,81.47837,1.0
56.85045,122.54651,3.0,-9.0,14.0,0.0,0.0,92.68006,31.598408,6.0,6.0,16.0,5.0,33.0,0.0,2.0,2.0,75.88331,88.78226,7.302423,3.0,3.1230998,80.0,1.0
-9.0,222.23892,-6.650975,83.56416,32.0,0.0,0.0,84.93234,16.323853,3.0,4.0,28.325495,6.0,11.624325,5.0,1.0,1.0,30.965582,-8.0,12.647839,-8.0,1.0,67.0,1.0
59.976864,89.083954,2.0,57.332493,14.0,0.0,0.0,93.0,17.197643,4.0,6.0,15.0,3.3721013,-9.0,0.0,2.0,2.0,63.407906,-8.0,9.846822,1.0,3.0,100.0,1.0
66.0,2.0148423,16.668234,38.65135,10.0,0.0,0.0,100.0,-7.0,7.0,8.0,1.8197395,0.0,37.0,-8.0,0.0,0.0,92.4718,-8.0,4.0,-8.0,2.0,100.0,1.0
59.45271,223.23784,2.0,72.0,15.0,0.0,0.0,100.0,-7.0,7.0,8.0,16.414171,3.0,25.0,0.0,16.208939,14.821124,90.458694,79.66197,8.85127,3.5873585,10.680003,85.249886,1.0
65.0,39.08751,5.0,39.551956,22.0,1.0,0.0,88.0,2.3949525,4.8391256,5.0,27.0,3.0,20.0,0.0,1.0,1.0,6.0,-8.0,5.0,2.0,0.0,47.4206,1.0
66.0,234.30412,20.358246,88.21098,16.0,5.6302195,2.9422932,76.6674,5.751643,2.2002814,5.0,17.0,0.0,71.04981,0.0,4.0,3.873,80.48798,-8.0,2.0,4.155297,0.0,100.0,1.0
-9.0,60.531185,10.0,53.55792,12.0,1.0437442,0.0,80.1938,1.4741617,6.0,5.0,11.63893,1.0,38.73911,1.0,0.0,0.0,91.59219,-8.0,3.0,3.0,3.2711496,100.0,1.0
71.0,125.18709,3.0,65.54911,15.090159,0.0,0.0,84.93384,23.45096,6.0,6.0,15.0,3.0,33.69843,9.60815,0.0,0.0,41.38028,69.046036,4.0,2.0,0.0,85.35314,1.0
67.193474,162.36955,2.0,18.415707,16.0,0.0,0.0,94.0,7.6494055,4.0,6.0,26.273283,9.999633,49.95573,0.0,1.1265404,2.0,15.0,100.0,4.0,7.862478,1.0,80.0,1.0
66.0,203.15787,10.0,62.97484,18.735264,0.0,0.0,100.0,-7.0,6.0,8.0,22.0,1.4007436,81.2621,0.0,4.0,4.0,28.0,79.93316,2.0,4.0,0.0,71.0,1.0
56.767227,-9.0,4.0,-9.0,10.0,0.0,0.0,100.0,-7.0,7.0,8.0,11.0,3.0,27.753891,0.0,1.0,1.0,94.50714,-8.0,4.0,2.0,3.0,100.0,1.0
62.47298,96.65251,4.0,-9.0,9.264148,0.0,0.0,100.0,-7.0,7.0,8.0,10.370615,5.0,57.28962,0.0,1.0,1.0,85.83516,90.681854,5.0,2.0,1.0,100.0,1.0
64.0,148.61015,2.0,33.273224,18.0,0.0,0.0,96.0,3.6170328,4.0,6.0,18.0,2.0,25.86053,0.0,1.0,2.0,73.9494,91.83422,4.0,3.0,1.0,75.0,1.0
63.707478,126.57165,-9.0,68.0,18.0,1.0,0.0,84.24544,12.140454,4.0,5.0,22.0,3.0,29.635336,0.0,2.0,2.0,33.787243,106.97263,5.0,2.7898145,3.0,67.0,1.0
70.0,196.0098,7.0,58.0,24.289032,0.0,0.0,100.0,-7.0,7.0,8.0,23.0,2.0,56.202225,0.0,1.0,1.0,50.797253,-8.0,4.0,5.100918,0.0,71.0,1.0
70.0,67.55557,12.0,26.50656,21.0,0.0,0.0,89.0,7.729912,6.0,6.0,22.0,0.0,57.17582,0.0,1.0,1.0,3.8497648,14.959902,2.0,6.0,0.0,60.0,1.0
71.95151,125.55177,2.0,55.83855,34.0,1.0,1.4664494,100.0,-7.0,7.0,8.0,31.465559,2.0,38.58983,0.0,6.6973944,8.8741865,35.585327,75.57574,7.0,4.0,1.0,100.0,1.0
56.092564,130.37396,15.636413,57.60841,25.0,1.0,0.0,77.74486,11.800725,6.0,5.0,25.54141,0.0,55.86494,0.0,3.0,3.234227,76.88521,30.746738,7.0,2.0,2.0,100.0,1.0
65.96134,141.5996,2.0,19.296297,14.0,0.0,0.0,100.0,-7.0,7.0,8.0,17.0,4.0,40.931293,0.0,2.0,2.0,-5.607194,50.948624,1.0,3.0,0.0,22.518377,1.0
73.02832,180.89026,6.1426215,48.961315,14.0,2.0,1.0,66.24805,31.56249,6.0,4.0,20.0,4.0,24.0,1.0,2.0,2.0,11.701744,-8.0,6.0,1.0,0.0,71.0,1.0
62.0,137.9616,10.0,75.0,9.0,1.0,0.0,72.27077,16.576326,4.0,5.0,8.146012,2.0,94.45117,0.0,5.0,4.9379663,0.0,33.651104,1.0,2.0,0.0,80.0,1.0
-9.0,-9.0,16.0,-9.0,-9.0,0.0,0.0,100.0,-7.0,7.0,8.0,-9.0,1.0,47.57891,2.5520105,0.0,0.0,118.374,86.88809,2.0,2.0,2.0,86.44752,1.0
65.35202,83.38325,3.0,42.731857,22.0,0.0,0.0,100.0,-7.0,7.0,8.0,24.432114,5.0,68.57305,-7.0,2.0,2.0,112.907974,53.204712,3.0,3.0,2.0,99.036835,1.0
-9.0,-9.0,11.790018,-9.0,-9.0,0.0,0.0,100.0,-7.0,7.0,8.0,-9.0,1.0,100.0,0.0,0.0,0.0,-8.485432,-5.665285,0.0,-8.0,-8.0,58.0,1.0
63.465557,233.60938,3.0,85.54143,31.479668,0.0,0.0,100.0,-7.0,7.0,8.0,31.0,2.0,24.0,4.0,1.0,1.0,68.29774,91.0,11.0,1.0,3.0,73.0,1.0
-9.0,132.99458,12.630348,55.00734,-9.0,8.760156,3.32066,-9.0,5.406998,6.0,2.0,4.852656,0.0,73.81496,-8.0,0.0,0.0,26.964132,35.38869,0.8495449,2.0,-8.0,100.0,1.0
-9.0,130.3308,6.679403,45.27991,3.856522,0.0,0.0,90.0,29.197006,6.0,6.0,3.9912217,3.0,24.511654,0.0,4.0,4.0,117.19963,47.578396,5.0,1.0,3.0,100.0,1.0
69.0,117.673775,13.338331,26.271114,7.0,0.0,0.0,100.0,-7.0,7.0,8.0,7.0,0.0,20.0,0.0,2.0,2.0,44.010902,-8.0,3.0,-8.0,0.0,58.644573,1.0
62.0,82.50358,2.4721014,36.77096,11.931845,1.0,0.0,63.861115,16.703777,6.0,5.0,14.0,6.0,74.48787,0.0,1.0,1.0,36.0,87.60936,2.0,5.0,0.0,78.07723,1.0
-9.0,-2.2394066,5.0,58.0,28.0,0.0,0.0,87.190544,1.7712995,4.0,6.0,34.543655,3.0,26.0,-7.0,0.0,0.0,87.34701,51.8923,11.337954,2.0,4.4102974,100.0,1.0
61.80381,119.02028,1.4341029,-9.0,12.0,0.0,0.0,100.0,-7.0,7.0,8.0,13.400851,6.770511,38.0,0.0,2.0,2.0,48.303055,84.16197,3.0,3.0,0.0,84.48278,1.0
83.0,152.08076,17.0,67.0,7.0,0.0,0.0,100.0,-7.0,7.0,8.0,12.0,0.0,22.0,2.0,1.0,1.0,0.0,-8.0,2.0,-9.0,0.0,43.0,1.0
-9.0,98.99819,18.268667,63.0,12.0,3.2355838,0.0,-9.0,2.0,4.0,3.0,19.0,0.0,93.16696,0.0,1.0,0.0,20.066587,39.4174,2.0,3.0,0.0,100.0,1.0
-9.0,-8.0,9.230306,-9.0,8.418727,0.0,0.0,91.0,35.991543,6.0,6.0,6.9504895,6.0,47.0,0.0,0.0,0.0,71.00521,91.098595,4.0,6.317691,0.0,100.0,1.0
72.0,156.48311,23.302101,58.0,-9.0,0.0,0.0,100.0,-7.0,7.0,8.0,3.4185195,0.0,77.61436,0.0,2.0,2.0,4.0,-8.0,1.0,-8.923056,0.0,72.67154,1.0
56.226826,17.382992,4.0,-9.0,3.7523592,0.0,0.0,100.0,-7.0,7.0,8.0,7.0613894,1.0,57.112396,0.0,7.806191,8.418506,2.0,85.85553,0.0,3.0,-9.0,75.0,1.0
68.0,-6.356495,2.0,16.952164,12.0,0.0,0.0,100.0,-7.0,7.0,8.0,17.0,3.0,43.0,-7.0,0.0,0.0,69.75181,57.893353,4.0,3.0,1.0,75.675766,1.0
70.0,191.81204,5.0,61.954807,14.056178,1.0,0.0,81.27555,2.2523112,2.1905007,5.0,23.164797,1.0,33.50238,0.0,0.0,0.0,26.500032,88.14228,3.0,2.0,0.0,71.0,1.0
-9.0,-8.885906,3.0,-9.0,12.0,1.0,1.3036612,89.0,10.464568,5.0,4.0,14.0,10.700048,-9.0,0.0,2.0,1.3091898,89.38207,-8.0,8.0,2.0,2.8826091,86.0,1.0
59.320206,230.11711,30.799572,88.02787,12.0,4.0611234,1.0,53.36825,15.580079,6.0,-9.0,20.33441,0.0,52.13152,1.0,1.0,1.0,81.71943,-8.0,4.0,1.0,0.9033012,100.0,1.0
58.13046,10.138541,8.978487,-9.0,-3.295872,2.4329915,2.0,77.66417,30.011543,6.0,6.0,2.3045747,4.0,77.042305,2.0,0.0,0.0,100.3581,86.705345,2.0,2.0,0.0,100.0,1.0
70.02305,179.64963,3.0,55.798042,16.0,4.1765895,0.0,86.38281,28.167265,6.0,4.1863055,21.0,5.0,53.716286,0.0,4.0,4.0,6.212854,33.861702,2.0,1.0,0.0,53.832863,1.0
-9.0,122.41674,16.50634,70.69812,20.0,3.2598767,2.5868893,83.29201,-7.0,-9.0,6.0,23.0,0.0,32.0,-7.0,4.0,4.0,40.99538,-8.0,3.0,1.0,2.0,42.963062,1.0
-9.0,-8.980921,2.0,-9.0,15.0,0.0,0.0,89.92907,47.887405,6.0,6.0,8.0,4.0,31.0,0.0,4.0,4.096912,114.17435,-8.0,5.0,1.0,4.644284,100.0,1.0
60.35264,182.06601,6.0,53.244484,31.0,0.0,0.0,100.0,-7.0,7.0,8.0,37.547756,2.0,59.12706,0.0,3.0,3.0,90.53776,88.0,19.211237,22.532875,2.0,95.121796,1.0
79.0,54.416298,18.193592,57.474842,3.0206878,0.0,0.0,100.0,-7.0,7.0,8.0,7.659899,0.0,89.553116,-7.0,0.0,0.0,1.0,57.32931,1.0,1.0,0.0,100.0,1.0
70.0,133.09306,7.0,48.105442,11.9018345,0.0,0.0,100.0,-7.0,7.0,8.0,15.0,0.0,99.77088,-7.0,0.0,0.0,4.552041,90.81234,-9.0,4.0,0.0,75.0,1.0
80.0,175.38477,17.021069,101.50881,-4.5336847,0.0,0.0,100.0,-7.0,7.0,8.0,6.5464535,0.0,56.880913,13.350735,0.0,0.0,0.0,90.70825,1.0,1.0,0.0,75.0,1.0
65.25249,149.6237,14.901348,46.65556,7.0,0.0,0.0,83.15409,32.711056,6.0,6.0,12.268921,3.0,35.611927,-7.0,0.0,0.0,78.68498,-8.0,1.0,1.0,0.0,90.26536,1.0
67.0,159.14146,1.0,65.74472,37.684742,4.1856966,4.888597,100.0,10.517542,4.0,3.0,37.643894,4.0,44.370255,0.0,2.0,2.0,65.01785,62.619545,18.681938,6.8540373,3.0,82.41447,1.0
63.0,31.310453,7.0,24.425785,-3.4565442,0.0,0.0,75.07067,12.359756,1.3448052,6.0,4.960714,3.6069958,60.813168,0.0,1.0,1.0,42.16319,78.97413,1.0,2.0,0.0,73.598335,1.0
60.453194,80.59262,11.0,29.426933,13.60257,0.0,0.0,97.0,-7.0,6.0,6.0,17.0,1.0,45.0,0.0,0.0,0.0,65.233025,-8.0,4.0,1.0,1.0,100.0,1.0
68.0,143.59715,36.365562,72.2346,13.0,0.0,0.0,100.0,-7.0,7.0,8.0,10.0,0.0,28.0,0.0,2.0612004,2.0,106.47877,19.653032,5.0,2.0,7.981397,100.0,1.0
73.96945,166.50885,-9.0,61.0,-9.0,0.0,0.0,100.0,-7.0,7.0,8.0,2.1754713,3.0,21.0,0.0,5.0,5.256031,0.0,100.0,1.0,2.0,0.0,43.647747,1.0
67.66767,88.44658,6.0,63.0,14.0,1.0,0.0,100.0,-7.0,4.0,8.0,14.0,1.0,17.0,-7.0,0.0,0.0,55.536762,-8.0,4.0,1.0,0.0,70.436104,1.0
71.0,199.74596,5.0,45.61572,-9.0,0.0,0.0,100.0,-7.0,7.0,8.0,2.3652463,2.0,57.12692,3.0,0.0,0.0,57.828342,-8.0,2.0,1.0,0.0,100.0,1.0
67.50392,183.0386,15.0,70.5875,33.0,0.0,0.0,95.30406,17.468914,6.0,6.0,32.0,0.0,20.599224,-7.0,0.0,0.0,58.865982,-8.0,8.0,3.0,3.0,67.0,1.0
65.01048,-8.0,18.505238,-9.0,7.6961737,0.0,0.0,89.98594,36.31372,6.0,6.0,6.2122016,0.0,93.90051,0.0,0.0,0.0,59.41708,-8.0,2.0,1.0,0.0,80.0,1.0
67.7565,118.77485,8.503104,40.81591,17.0,0.0,0.0,100.0,-7.0,7.0,8.0,16.0,0.0,38.0,9.0,0.0,0.0,73.49109,84.3943,3.0,2.0,2.0,78.532135,1.0
75.0,137.8102,2.0,-9.0,4.4744787,0.0,0.0,91.75743,25.043098,6.0,6.0,7.0,2.0,-9.0,0.0,0.0,0.0,1.9366902,-8.0,2.0,-8.0,0.0,42.80446,1.0
66.0,176.98212,9.0,50.875797,-9.0,0.0,0.0,100.0,-7.0,7.0,8.0,3.9966226,1.0,53.845688,0.0,2.0,2.0,88.387825,-8.0,1.0,-8.0,0.0,100.0,1.0
70.868805,158.63428,-9.0,31.404493,25.0,0.0,0.0,100.0,-7.0,7.0,8.0,24.0,10.728182,29.592253,-7.0,0.0,0.0,43.85062,55.190212,6.0,2.0,1.0,77.33307,1.0
64.0,108.06968,23.719372,63.0,18.0,0.0,0.0,80.95586,1.0,4.0,6.0,25.0,0.0,77.97607,-7.0,1.0,1.0,97.32849,64.976364,2.0,3.0,1.0,89.58887,1.0
71.0,163.08707,27.49862,68.33809,21.0,0.0,0.0,100.0,-7.0,7.0,8.0,30.0,0.0,13.444917,0.0,3.0,3.0,44.740593,-8.0,9.0,1.0,1.0,73.0,1.0
76.400375,177.96664,13.041829,61.836105,12.0,1.0,1.0,100.0,-7.0,7.0,8.0,11.0,1.0,10.5800905,0.0,0.0,0.0,2.0,-8.0,2.0,-8.0,0.0,33.05996,1.0
62.663563,230.77483,5.0,47.189716,25.964817,0.0,0.0,94.0,25.699759,4.0,6.0,29.622385,3.3443117,60.140022,-8.0,4.0,4.0,60.09608,97.46717,5.0,5.0,1.0,88.0,1.0
69.0,138.08131,13.783852,-9.0,-9.0,0.0,0.0,100.0,-7.0,7.0,8.0,5.532709,0.0,21.0,-7.0,0.0,0.0,93.525055,-8.0,1.0,2.0,0.0,74.36443,1.0
54.2639,99.34744,0.9310995,40.473778,21.0,0.0,0.0,100.0,-7.0,7.0,8.0,23.2519,5.0,11.0,8.0,0.0,0.0,87.069145,80.0,22.847729,3.0,10.879343,90.20234,1.0
-9.0,87.03529,6.0,44.121033,19.0,9.121583,0.0,-9.0,23.729227,6.0,2.0,21.686756,3.0,41.6619,-5.38316,1.0,0.0,93.0811,-8.0,5.0,2.0,1.0,72.644104,1.0
56.84674,-8.0,3.0,43.620968,17.0,0.0,0.0,100.0,-7.0,7.0,8.0,18.0,6.0,11.0,0.0,3.0,3.0,46.052917,87.04602,22.987894,3.0,10.789556,75.0,1.0
54.399586,-4.3889484,3.4082835,-9.0,15.0,0.0,0.0,94.72901,24.395557,4.76233,6.0,14.0,3.3449686,43.0,3.0,4.0,3.0,25.0,93.0,3.0,4.0,0.0,64.0,1.0
65.0,74.85913,11.0,-9.0,5.817907,0.0,0.0,100.0,-7.0,7.0,8.0,6.885527,0.0,42.0,22.276405,0.0,0.0,71.637596,-8.0,3.0,1.0,0.031678822,71.0,1.0
67.90474,162.67436,5.0,-6.361268,7.0,0.0,0.0,100.0,-7.0,7.0,8.0,7.438477,2.0,33.272083,7.9899073,1.0,1.0,114.24449,56.160038,1.250761,2.0,0.0,70.0,1.0
73.0,99.81167,5.0,56.814114,12.0,0.0,0.0,100.0,-7.0,7.0,8.0,3.3376663,3.0,21.359661,0.0,2.4943674,3.0,23.7061,-8.0,3.0,1.0,1.0,50.0,1.0
-9.0,165.89554,7.0,46.349895,31.60649,2.0,0.0,80.26897,0.9260153,4.0,5.0,28.794687,4.0,58.120003,0.0,3.0,2.0,92.25509,64.31717,8.0,5.0,4.7300234,100.0,1.0
57.680874,72.48722,11.0,-9.0,-5.6438627,0.0,0.0,100.0,-7.0,7.0,8.0,4.8938594,0.0,25.0,0.0,1.0,1.0,98.33846,-8.0,4.0,1.0,2.0,100.0,1.0
58.957275,125.53351,17.029854,57.84007,6.0,0.0,0.0,85.20361,37.48194,6.0,4.0063496,6.604808,0.0,38.0,0.0,4.0,3.34897,119.88927,-8.0,3.0,1.0,4.0,100.0,1.0
57.675594,162.11359,13.584909,51.039696,15.630449,0.0,0.0,92.0,22.202457,6.0,6.0,17.0,0.0,33.0,4.0,1.0,1.0,91.44093,68.85934,3.0,3.6067855,2.0,67.35715,1.0
62.0,395.38745,5.0,83.79567,7.7668633,1.0,0.0,86.3865,38.32419,6.0,5.0,10.099338,3.0,44.0,0.0,0.0,0.0,104.716446,84.01297,4.0,2.0,1.0,100.0,1.0
69.0,97.62919,4.0,48.356667,16.873419,0.0,0.0,100.0,-7.0,7.0,8.0,18.0,2.0,11.0,1.0,0.0,0.0,57.806217,-8.0,7.0,2.0,2.0,73.0,1.0
59.616417,35.984352,3.0,25.389877,20.0,0.0,0.0,100.0,-7.0,7.0,8.0,16.0,3.0,18.0,1.0,1.0,1.0,42.57782,-8.0,9.0,1.0,2.0,62.83464,1.0
57.72108,59.668198,3.0,30.373926,16.472979,0.0,0.0,100.0,-7.0,7.0,8.0,19.0,3.0,61.951073,0.0,4.0,4.0,46.39538,93.75891,4.7840996,2.484464,3.0,83.915054,1.0
60.375797,150.31107,5.3141503,73.61337,13.0,1.0,1.0,88.0,24.607954,6.0,4.0,14.0,2.0,21.0,5.0,3.0,3.0,42.070904,-8.0,2.0,1.0,3.0,45.857193,1.0
70.0,160.36118,27.302223,49.48803,14.0,0.0,0.0,81.83071,63.252575,7.0,6.0,18.0,0.0,99.99945,0.0,2.0,1.7263639,0.0,-8.0,1.0,1.0,-8.0,60.0,1.0
66.0,172.72606,12.0,55.617645,18.469458,1.0,0.0,83.08725,7.071634,6.0,5.0,24.0,0.0,15.281107,16.0,0.0,0.0,63.501675,-8.0,5.0,1.0,0.0,70.0,1.0
63.0,159.6302,16.306717,65.578224,12.0,0.0,0.0,75.65999,35.70439,6.0,6.0,17.0,0.0,20.019442,19.635368,0.0,0.0,102.82575,44.77981,2.0,2.0,4.0,71.0,1.0
69.282104,141.17004,1.0,8.435332,17.0,4.623947,0.0,96.0,60.542072,6.0,2.0,21.56137,4.0,63.52625,0.0,4.0,4.0,10.737639,80.0,3.0,3.0,0.0,67.0,1.0
-9.0,-9.0,1.0,-9.0,17.0,0.0,0.0,100.0,-7.0,7.0,8.0,16.0,10.726035,16.01885,0.0,1.0,1.0,93.93857,91.0,11.0,1.0,2.0,88.02936,1.0
77.0,78.05193,10.0,37.3817,13.0,0.0,0.0,100.0,-7.0,7.0,8.0,14.0,1.0,56.87745,8.0,1.0,0.0,0.0,93.22593,0.88432837,4.0,0.0,57.72826,1.0
67.76069,-4.955952,5.0,-9.0,15.797326,2.0,0.0,88.0,50.58685,6.0,3.760934,15.0,2.0,43.0,0.0,0.0,0.0,57.128242,76.42082,2.0,2.0,0.0,50.105423,1.0
59.487675,52.068085,3.0,32.88528,19.0,0.0,0.0,100.0,-7.0,7.0,8.0,23.805164,1.0,44.0,0.0,1.0,1.0,1.0,-8.0,1.0,1.0,0.0,20.64116,1.0
-9.0,-9.0,-9.0,-9.0,-9.0,-9.0,-9.0,-9.0,-9.0,-9.0,-9.0,-9.0,-9.0,-9.0,-9.0,-9.0,-9.0,-9.0,-9.0,-9.0,-9.0,-9.0,-9.0,1.0
67.0,-8.0,10.4658575,-9.0,-9.0,0.0,0.0,100.0,-7.0,7.0,8.0,-7.047585,1.0,99.999245,0.0,2.0,2.0,-4.1559772,45.810253,-9.0,2.0,0.0,100.0,1.0
57.783794,-9.0,3.0,-9.0,17.0,0.0,1.0,100.0,-7.0,7.0,8.0,17.0,7.9034657,28.0,0.0,3.0,3.0,43.560696,97.8208,5.0,5.0,3.0,62.30712,1.0
70.40329,196.43877,3.0,61.0,25.0,0.0,0.0,100.0,-7.0,7.0,8.0,28.0,3.0,13.0,0.0,6.899277,6.79464,62.838818,60.77815,7.0,2.0,3.0,68.709816,1.0
-9.0,-9.0,1.0,-9.0,-1.9988341,0.0,0.0,100.0,-7.0,7.0,8.0,6.720735,6.0,18.0,1.0,3.0,3.0,56.174015,-8.0,5.0,1.0,2.0,67.81656,1.0
62.090126,125.31152,13.0,32.677765,9.0,0.0,0.0,100.0,-7.0,7.0,8.0,9.0,0.0,75.15833,1.0,1.0,1.0,65.3466,56.939377,2.0,3.0,2.0,80.0,1.0
67.103516,317.9138,5.0,76.0,55.31276,0.0,0.0,100.0,-7.0,7.0,8.0,52.01466,4.0,18.0,15.024856,0.0,0.0,56.60893,45.114212,17.129976,2.0,3.0,71.0,1.0
63.777164,119.85611,6.0,47.5073,22.0,0.0,0.0,100.0,-7.0,7.0,8.0,24.0,2.0,5.5464287,1.0,1.0,1.0,88.955925,-8.0,10.281272,-8.0,3.4821448,100.0,1.0
67.0,165.77856,66.3742,80.0,8.508779,1.0,0.0,86.05605,18.520226,4.0,5.922255,11.0,0.0,62.433983,-7.0,0.0,0.0,60.21007,-8.0,2.0,1.0,0.0,92.70027,1.0
62.0,78.28318,3.0,27.128588,8.0,0.0,0.0,90.09793,11.053776,3.586224,5.0,12.506208,3.0,25.0,0.0,5.9979935,5.646191,15.244762,95.688385,4.0,4.0,0.0,68.64018,1.0
77.33537,74.51906,6.014231,29.826475,3.594644,0.0,0.0,100.0,-7.0,7.0,8.0,9.0,2.0,68.78059,0.0,1.0,1.0,0.0,-8.0,1.0,1.0,0.0,49.44149,1.0
65.0,50.058693,6.0,46.602192,15.0,2.0,0.0,86.736145,21.678835,5.415586,4.0,16.0,2.0,58.874893,0.0,0.0,0.0,28.0,20.63557,2.0,2.0,0.0,64.0,1.0
41.025055,191.38847,2.0,74.0,19.0,0.0,0.0,88.534584,8.081556,4.0,6.0,22.0,3.7978957,32.0,2.0,0.0,0.0,76.46696,-8.0,9.094266,2.0,7.0995555,88.0,1.0
63.01155,263.06448,14.0,45.575905,22.0,0.0,0.0,82.313805,28.69215,4.0,6.0,32.0,1.0,69.338875,8.0,0.0,0.0,69.28654,80.884865,4.5829225,5.0,1.8434286,88.0,1.0
66.0,189.79286,11.182642,44.71501,-9.0,0.0,0.0,100.0,-7.0,6.0,8.0,2.8748295,0.0,42.0,0.0,0.0,0.0,91.05732,-8.0,3.0,1.0,1.0,100.0,1.0
-9.0,92.087204,1.1936146,22.814955,22.090996,0.0,0.0,88.158615,0.4463251,4.0,6.0,28.0,4.0,21.315117,0.0,13.020312,14.543441,54.41659,99.25867,12.269929,5.515013,4.864732,75.0,1.0
55.3868,154.99193,4.0,76.0,38.62785,0.0,0.0,91.78852,-7.0,0.21213199,6.0,27.0,3.0,54.3619,0.0,9.280623,6.1887174,51.336205,47.249332,8.0,6.0,3.0,82.488594,1.0
-5.845764,124.02181,2.0,77.036766,8.0,1.0,1.0,100.0,-7.0,7.0,8.0,8.675939,1.8393968,27.0,0.0,2.0,3.0,91.820694,71.0,4.0,2.0,5.884832,88.0,1.0
77.0,102.80271,53.19675,67.0,10.0,0.0,0.0,100.0,-7.0,7.0,8.0,11.0,0.0,36.0,2.0,0.0,0.0,67.0512,-8.0,2.0,-8.0,1.0,46.1731,1.0
78.00105,198.54074,9.0,67.34559,16.0,0.0,0.0,100.0,-7.0,7.0,8.0,19.0,1.0,24.0,4.0,0.0,0.0,32.065533,-8.0,4.0,1.0,1.0,50.0,1.0
62.433697,347.84503,10.0,79.39818,20.0,1.0,0.0,83.61976,6.6846375,-9.0,6.0,25.0,3.0,29.0,4.0,2.0,2.0,15.0,59.74816,2.0,3.0,0.0,54.67247,1.0
73.0,50.570957,14.0,9.290744,-0.37574387,0.0,0.0,100.0,-7.0,7.0,8.0,7.0,0.0,99.83715,-8.0,0.0,0.0,6.0,83.7625,0.2910987,2.0,0.0,80.0,1.0
56.70681,46.246414,13.655764,-9.0,12.0,4.0001006,3.2854571,100.0,-7.0,6.0,8.0,14.009757,0.0,75.68615,1.2262648,1.0,1.0,88.74103,76.0,1.0,4.0,2.0,83.65925,1.0
51.456852,56.06241,24.2819,61.0,2.2596793,2.0,0.0,-9.0,1.6462696,-0.7824248,4.233546,5.7181854,0.0,32.0,0.0,0.0,0.0,43.79557,-8.0,3.0,1.0,1.0,82.86696,1.0
72.40657,111.1385,2.060846,42.217564,26.0,0.0,0.0,100.0,-7.0,7.0,8.0,29.0,10.32829,49.326675,2.0,3.0,2.6025634,28.0,57.91602,4.0,4.0,1.0,70.48302,1.0
54.87292,161.78868,8.0576105,64.290245,34.20992,0.0,0.0,88.0,2.4413195,5.6717644,6.0,34.0,1.0,50.0,3.0,2.0,1.0,82.65124,84.130745,5.0,7.5969863,1.0,87.202,1.0
69.0,148.0484,8.314254,75.97055,19.0,0.0,0.0,100.0,-7.0,6.0,8.0,21.007479,1.0,22.675531,0.0,2.0,2.0,83.40084,-8.0,4.0,2.0,1.0,64.93621,1.0
70.68117,206.09122,2.0,92.0,10.511177,3.9204228,1.0,79.26848,30.859062,6.0,2.0,13.0,2.0,60.58117,-8.0,0.0,0.0,15.868487,-8.0,1.0,2.0,0.0,50.0,1.0
57.800903,259.5585,4.0,65.3303,12.0,5.333091,6.6382504,90.0,31.200447,6.0,5.0,15.0,4.0,62.494965,0.0,3.727618,3.0,28.416937,-8.0,2.0,2.0,0.0,77.01786,1.0
62.19072,18.214966,5.8892345,6.12734,-9.0,0.0,0.0,100.0,-7.0,7.0,8.0,2.0467017,2.0,59.921215,3.0,0.0,0.0,119.90435,55.161194,1.0,2.0,0.0,85.380196,1.0
63.77314,187.13235,5.0,77.0,17.0,4.665219,1.0,77.900185,6.0,2.0817392,2.0,20.955233,2.0,63.552364,0.0,0.0,0.0,50.943623,66.92851,3.0,3.0,1.0,78.0,1.0
79.0,184.83914,12.0,64.20383,25.0,0.0,0.0,100.0,-7.0,7.0,8.0,26.0,0.0,82.502235,0.0,2.0,2.0,1.5207574,53.49953,3.0,2.0,0.0,83.0,1.0
67.89049,211.50342,18.257963,136.68652,27.0,0.0,0.0,93.0,47.026737,6.0,6.0,26.0,0.0,19.0,0.0,4.3525767,4.3968925,45.177017,-8.0,11.324318,1.0,1.0,70.0,1.0
82.0,132.42516,17.892742,71.54556,14.0,0.0,0.0,100.0,-7.0,7.0,8.0,11.0,0.0,15.623412,23.927652,0.0,0.0,35.241074,-8.0,2.0,1.0,0.0,29.837482,1.0
-9.0,83.86503,16.580803,57.111042,23.0,0.0,0.0,100.0,-7.0,7.0,8.0,24.0,0.0,42.0,0.0,2.0,2.0,94.21984,-8.0,4.0,2.0,4.00592,100.0,1.0
54.024208,137.92322,11.488969,77.0,7.0,2.0,2.0,63.43093,21.941446,5.0,5.0,6.504746,1.0,47.643925,0.0,3.0,3.1729307,119.7561,53.516804,3.0,1.0,1.0,83.92156,1.0
65.29577,131.76599,6.0,65.0,11.343701,1.0,1.0,84.4504,24.220362,6.0,4.0,11.0,2.0,33.0,0.0,0.0,0.0,28.955517,-8.0,3.0,2.0,0.0,40.992466,1.0
-1.5022211,124.85205,1.4112864,-9.0,11.626442,1.0,1.0,93.0,41.318535,6.0,4.0,14.0,10.869338,34.91839,0.0,1.0,2.0,47.78991,92.12291,4.0,2.0,1.0,71.0,1.0
59.8797,197.14856,26.801819,69.69251,21.0,2.0,1.0,79.72506,-0.24778129,6.0,6.0,22.0,0.0,17.0,8.363191,2.0,2.0,81.449005,-8.0,3.0,-8.95305,4.0,48.4713,1.0
46.022625,138.53128,2.0,55.729694,16.0,0.0,0.0,64.28025,5.331654,4.0,6.0,15.453891,1.0,31.84882,0.0,0.0,0.0,91.093124,-8.0,7.0,2.0,4.693895,100.0,1.0
-9.0,126.610825,20.629108,70.0,3.3181052,3.0,3.0923276,70.829605,5.061973,6.0,5.0,7.0,0.0,57.32937,-3.8726282,0.0,0.0,9.0,-8.0,1.0,2.0,-8.14447,83.0,1.0
70.0,123.56357,1.0,19.09888,23.0,0.0,0.0,100.0,-7.0,7.0,8.0,28.0,3.0,23.0,1.0,1.0,1.0,40.916767,100.0,8.952611,3.0,1.0,83.0,1.0
78.0,65.18813,6.0,57.81955,8.0,0.0,0.0,100.0,-7.0,7.0,8.0,11.0,2.0,22.0,0.0,2.5987828,3.0,8.0,58.05971,2.0,1.0,0.0,50.0,1.0
60.839096,-8.424729,1.0,-9.0,-6.9926944,0.0,0.0,100.0,-7.0,7.0,8.0,3.9840536,3.0,10.627262,0.0,0.0,1.0,83.46883,-8.0,3.0,1.0,0.0,80.0,1.0
78.0,160.54726,35.193817,92.47526,-3.7407348,0.0,0.0,100.0,-7.0,7.0,8.0,4.684044,0.0,44.480347,-7.0,0.0,0.0,3.0,-8.0,1.0,1.0,0.0,100.0,1.0
-9.0,321.15634,25.348978,135.4675,18.0,4.750797,1.0,-9.0,-7.0,-9.0,4.0,26.0,0.0,47.07347,1.0,4.0,3.8570812,53.5253,51.948776,2.0,3.0,0.0,56.0,1.0
64.0,140.65253,2.0,52.91413,14.0,0.0,0.0,82.77642,12.420472,6.0,6.0,16.442686,2.0,31.0,0.0,3.0,3.0,58.661846,7.3922157,4.0,3.0,1.0,75.0,1.0
75.36688,360.93518,2.0,82.0,30.43194,1.0,0.0,94.83839,52.75962,6.0,3.3721929,35.0,5.0,63.88718,14.757123,0.0,0.0,22.017479,71.59517,5.0,5.0,0.0,75.0,1.0
71.38298,-9.0,44.158478,17.107277,-9.0,1.0,1.0,100.0,-7.0,7.0,8.0,3.9848452,0.0,99.34143,0.0,0.0,0.0,-8.125801,-8.0,-9.0,1.0,0.0,64.0,1.0
-9.0,216.98958,7.0,81.0,14.0,0.0,0.0,77.27436,25.693377,6.0,6.0,15.0,2.0,29.0,0.0,1.0,1.0,115.31806,-8.0,5.0,2.0,10.199739,100.0,1.0
66.76884,137.37933,10.0,72.0,20.0,2.293377,0.0,90.0,36.294292,-9.0,5.0,28.0,2.0,42.0,0.0,0.0,0.0,19.0,-8.0,3.0,1.0,0.0,65.49586,1.0
-9.0,159.004,31.156372,17.10378,7.0,2.0,0.0,-9.0,10.302102,6.0,3.0,12.0,0.0,99.99828,0.0,0.0,0.0,0.0,71.0,-9.0,2.0,-9.0,100.0,1.0
63.0,231.8656,8.0,52.975933,12.58536,0.0,0.0,85.66994,-7.0,-1.5621732,6.0,15.0,1.0,22.352789,0.0,2.0,1.0,14.23719,60.655567,2.0,1.6762224,0.0,58.0,1.0
63.059456,102.23483,3.0,-9.0,15.334669,0.0,0.0,92.3218,31.646793,6.0,6.0,14.443702,7.279691,14.0,0.0,1.0,1.0,60.59646,-8.0,6.0973253,1.0,0.0,69.99312,1.0
67.32455,-9.0,6.0,-9.0,6.0503244,0.0,0.0,100.0,-7.0,7.0,8.0,8.0,2.0,14.0,0.0,2.0,1.0,63.666344,-8.0,3.0,1.0,0.0,46.163757,1.0
70.0,139.40038,2.0,58.0,22.0,0.0,0.0,100.0,-7.0,7.0,8.0,18.0,6.5200267,75.80199,0.67973155,3.0,3.0,42.701355,97.45704,5.0,3.0,4.004734,81.24384,1.0
73.68901,278.93683,32.931644,111.840485,4.2070823,0.0,0.0,76.37567,10.880311,4.0,5.0,8.0,0.0,54.43412,0.0,1.0,0.0,0.0,65.910065,1.0,2.0,-8.0,82.20109,1.0
68.0,104.93338,3.0,-9.0,27.43676,2.0,2.0,100.0,-7.0,6.0,8.0,24.0,5.0,17.381697,-7.0,0.0,0.0,14.535995,57.36932,6.154668,2.0,0.0,50.250057,1.0
70.8765,116.42946,17.498005,67.0,16.0,1.0,0.0,79.280975,10.373646,4.5459704,5.0,18.0,0.0,77.600784,0.0,3.0,2.0,0.0,45.07282,2.0,5.0,0.0,100.0,1.0
66.0,191.74605,5.0,56.054916,30.917831,0.0,0.0,100.0,-7.0,7.0,8.0,33.0,3.0,44.0,0.0,0.0,1.0,63.85711,99.29182,9.02724,2.0,2.0,77.44136,1.0
63.0,130.9991,6.0,65.0,17.0,3.8056884,1.0,73.83989,1.0,-6.004702,2.0,26.0,1.0,45.0,2.0,2.0,2.0,82.11369,96.854034,4.0,3.0,1.0,86.94004,1.0
59.806854,6.0726433,25.36076,44.127117,9.331265,0.0,0.0,96.0,-7.0,6.0,7.492909,7.0,0.0,78.3809,0.0,0.0,0.0,57.020824,-8.0,1.0,-3.3575063,1.0,83.0,1.0
68.0,172.46506,12.970547,77.59811,27.0,0.0,0.0,88.0,39.03788,6.0,6.0,26.0,1.0,41.0,3.4372816,2.0,2.0,86.892235,78.68803,2.4792988,3.0,2.0,88.0,1.0
67.0,138.13757,3.0,45.267838,22.0,1.0,0.0,94.0,24.82917,6.0,5.0,25.0,4.0,52.418728,0.0,4.0,4.0,36.76738,96.314255,2.0,3.0,0.0,60.0,1.0
82.0,108.156555,13.003776,66.368614,8.945156,0.0,0.0,100.0,-7.0,7.0,8.0,7.005551,0.0,24.0,0.0,0.0,0.0,11.0,-8.0,2.0,-8.0,0.0,54.22267,1.0
65.0,173.47292,4.0,53.624565,34.0,0.0,0.0,93.34867,60.1833,6.0,6.0,42.132786,3.0,43.0,1.0,1.0,0.0,64.696556,50.174244,4.0,5.0,2.0,80.0,1.0
61.296932,-9.0,4.0,-9.0,10.0,0.0,0.0,88.0,48.335857,6.0,6.0,8.0,3.0,33.0,0.0,2.0,2.9080994,80.344376,81.778595,3.0,2.0,1.0,83.734184,1.0
70.0,290.78784,4.0,71.0,20.0,0.0,0.0,88.0,38.92447,6.0,6.0,22.0,2.0,46.931965,0.0,3.212673,3.0,65.05074,45.143425,3.0,3.0,0.0,75.507576,1.0
74.0,242.88327,2.0,70.0,19.02176,0.0,0.0,86.63074,51.520527,6.0,6.0,23.0,4.0,48.50995,5.214489,3.0,3.0,52.55411,53.996845,3.0,4.0,0.0,73.821014,1.0
-9.0,157.89279,5.0,78.92901,20.0,1.3297992,0.0,68.23902,1.0,4.0,3.0,20.484781,2.0,20.539673,-7.0,1.0,1.0,51.502357,67.535126,5.0,2.0,3.6434264,60.0,1.0
64.0,58.653954,2.0,-9.0,26.47382,1.0,1.0,97.0,46.449738,5.0,5.0,26.0,10.979675,33.0,1.0,3.0,3.0,69.99901,40.615498,8.0,4.688011,1.0,78.0,1.0
61.55132,-2.5767767,11.0,41.025265,9.079813,1.0,0.0,93.0,-0.56970924,-9.0,4.0,8.463783,0.0,33.0,3.0,1.0,1.0,51.982613,27.917316,2.0,1.0,0.0,50.0,1.0
58.47175,137.57518,2.0,49.365585,23.0,0.0,0.0,100.0,-7.0,7.0,8.0,25.0,2.0,14.0,0.0,8.837719,6.8756566,65.49506,55.39854,6.845908,2.0,2.0,50.0,1.0
70.01965,-9.0,1.0,-9.0,11.205911,0.0,0.0,100.0,-7.0,7.0,8.0,10.227018,2.3382926,57.696472,0.0,3.0,2.1355689,1.0,100.0,1.0,2.0,0.0,67.0,1.0
61.957096,173.13463,4.0,61.0,21.0,1.0,1.0,100.0,-7.0,6.0,8.0,23.0,3.0,36.0,0.0,0.0,1.0,71.86756,79.417244,4.0,4.0,2.0,79.313644,1.0
69.459946,53.189354,2.0,39.87712,31.0,0.0,0.0,100.0,-7.0,7.0,8.0,36.023018,4.216636,5.4160905,0.0,3.0,3.0,12.0,81.82111,8.0,2.0,1.0,57.275177,1.0
-9.0,-0.6815275,13.0,-9.0,14.505719,0.0,0.0,100.0,-7.0,7.0,8.0,14.0,0.0,36.404053,-7.0,4.0,3.0,119.95576,18.134111,6.0,1.0,8.409309,85.695465,1.0
68.00364,77.55592,4.0,58.0,35.374615,0.0,0.0,100.0,-7.0,7.0,8.0,35.0,4.0,20.0,0.0,1.0,1.0,43.164997,42.711994,9.614103,4.0,2.0,70.0,1.0
63.0,184.34526,8.0,90.17878,19.0,4.3980107,3.6654377,63.738625,22.277178,6.0,2.0,25.0,1.0,26.89223,3.0,4.762618,5.0,30.169273,-8.0,9.65959,1.0,3.0,76.923645,1.0
66.294586,148.05025,7.0,61.72577,28.0,3.860118,1.0,88.0,6.0,4.0,4.0,34.0,2.0,64.538795,0.0,0.0,0.0,0.0,81.8446,1.0,4.0,0.0,50.0,1.0
69.0,173.50824,7.0,46.394268,20.20999,0.0,0.0,88.0,23.1607,6.0,6.0,27.0,6.961073,0.4060856,5.5130405,2.0,1.0,9.0,-8.0,4.0,-8.0,0.0,31.41006,1.0
63.569553,245.07741,12.866329,114.09881,22.0,0.0,0.0,88.0,-7.0,-9.0,6.0,28.0,0.0,30.0,-7.0,3.0,3.1148322,64.79698,-8.0,6.8238235,1.0,1.0,86.7229,1.0
55.546337,53.695816,15.0,-9.0,12.0,0.0,0.0,92.0,15.129358,6.0,6.0,17.580154,0.0,57.145477,2.0,0.0,0.0,96.75537,-8.0,4.0,1.0,1.0,94.90265,1.0
-9.0,-9.0,-9.0,-9.0,-9.0,-9.0,-9.0,-9.0,-9.0,-9.0,-9.0,-9.0,-9.0,-9.0,-9.0,-9.0,-9.0,-9.0,-9.0,-9.0,-9.0,-9.0,-9.0,1.0
71.0,148.25186,12.0,43.744064,12.0,0.0,0.0,100.0,-7.0,7.0,8.0,12.499098,0.0,47.0,-8.0,0.0,0.0,94.85088,65.770386,3.0,2.0,1.0,91.995674,1.0
65.674,87.40491,4.0,42.352238,15.0,2.5944445,2.3436224,100.0,-7.0,6.0,8.0,22.0,2.0,47.0,0.0,1.8884091,1.711862,68.89535,-8.0,5.3177347,2.0,1.0,100.0,1.0
56.3466,156.92273,1.0,66.90578,18.0,2.0,1.8034779,87.26909,24.795324,5.0,6.0,19.177366,2.0,19.0,1.0,12.890707,12.891392,87.030136,-8.0,9.0,2.0,2.3111973,78.0,1.0
63.076454,130.48427,2.0,-9.0,6.0,0.0,0.0,91.0,37.451355,6.0,6.0,3.9970324,10.14545,41.91567,0.0,0.0,0.0,59.38872,82.0,3.0,1.0,2.0693574,75.0,1.0
59.808334,134.0266,28.148241,58.0,12.380264,0.0,0.0,100.0,-7.0,7.0,8.0,14.0,0.0,21.0,0.0,2.0,2.0,119.621796,-8.0,3.0,1.0,2.0,100.0,1.0
54.000866,72.684906,6.0,-9.0,14.783376,0.0,0.0,100.0,-7.0,7.0,8.0,15.0,5.0,-9.0,6.0,0.0,0.0,49.84501,-8.0,11.0,1.0,1.0,100.0,1.0
71.0,164.11263,6.0,49.576138,14.661893,0.0,0.0,100.0,-7.0,6.0,8.0,14.0,2.0,38.795757,0.0,2.0,2.0,59.448936,62.5716,2.0,2.0,0.0,71.0,1.0
70.696236,110.255394,10.0,47.42384,16.0,0.0,0.0,100.0,-7.0,7.0,8.0,18.0,1.0,66.219955,2.2431302,4.0,4.0,0.0,51.720455,1.0,2.0,0.0,28.338974,1.0
75.0,213.58972,8.339489,63.0,12.697968,2.0,1.0,70.607216,72.22775,6.0,2.9063318,12.256072,1.0,87.21324,8.713459,0.0,0.0,17.688805,70.12687,1.0,3.0,0.0,100.0,1.0
65.0,20.13737,9.0,-9.0,-2.6902428,1.0,0.0,84.50698,13.888574,4.0,5.0,3.9920006,2.0,20.0,1.0,4.0,4.0,21.0,-8.0,1.0,1.0,0.0,57.0,1.0
65.226234,139.59706,16.0,-9.0,-6.2318797,0.0,0.0,100.0,-7.0,7.0,8.0,4.5522842,0.0,47.372913,-7.0,0.0,0.0,99.38398,-8.0,4.0,1.0,0.0,86.81959,1.0
70.44521,101.42178,1.0,1.9111007,17.0,0.0,0.0,100.0,-7.0,7.0,8.0,15.0,3.0,15.0,5.564429,0.0,0.0,31.645506,91.0,6.0,2.0,1.0,63.0,1.0
56.905983,129.61325,-9.0,18.599747,12.0,0.0,0.0,100.0,-7.0,7.0,8.0,15.0,4.7584243,49.162727,0.0,4.0,4.0,85.74933,82.0,3.0,4.0,2.0,77.81097,1.0
59.70107,-9.0,1.0,-9.0,-9.0,0.0,0.0,100.0,-7.0,7.0,8.0,0.28942636,3.0,24.0,4.0,0.0,0.0,94.18195,96.94362,2.9333742,1.0,0.0,100.0,1.0
62.722313,98.24366,4.0,72.0,10.0,2.0,1.0,67.63269,9.079462,0.5378142,2.0,14.0,4.0,55.99705,0.0,0.0,0.0,94.400795,76.184204,1.0,3.0,1.0,75.65746,1.0
58.668747,-8.0,10.0,43.89161,22.0,0.0,0.0,94.0,7.6587315,4.0,6.0,24.0,2.0,43.0,0.0,2.0,2.0,56.367832,89.40394,6.0,4.0,2.0,74.97322,1.0
16.778307,125.44002,17.0,57.7573,3.6643019,0.0,0.0,82.219444,23.13774,6.0,6.0,7.0,1.0,92.14315,0.0,1.0,1.0,75.5038,-8.0,1.0,1.0,0.0,86.62536,1.0
-9.0,-9.0,4.0,57.822582,18.0,0.0,0.0,94.0,20.172205,4.7470493,6.0,-9.0,3.0,39.0,-8.0,3.0,2.0,59.595848,-8.0,1.0,2.0,3.0,67.0,1.0
54.491474,83.62031,4.0,41.93782,23.964302,0.0,0.0,100.0,-7.0,7.0,8.0,24.492699,5.0,30.0,0.16742995,5.0,4.0,69.23713,59.51833,6.58547,3.0,4.953219,67.0,1.0
-9.0,159.97754,2.0,52.19014,27.0,0.0,0.0,100.0,-7.0,7.0,8.0,30.0,5.0,-9.0,3.0,1.0,0.9329696,70.65229,99.56381,22.608019,2.0,10.942834,67.0,1.0
60.113983,-9.0,5.0,33.533604,-9.0,0.0,0.0,86.65657,61.60711,6.0,6.0,1.2408156,2.0,93.532036,0.0,0.05504466,1.0,73.14079,97.66893,1.0,1.0,0.0,100.0,1.0
-9.0,163.43747,5.0,16.349892,5.908637,0.0,0.0,87.75949,12.848051,6.0,6.0,12.0,3.0,14.0,0.0,0.0,0.0,114.30232,50.055393,6.0,1.0,1.0,100.0,1.0
-9.0,241.82695,4.0,90.152725,24.0,0.0,0.0,86.985054,44.024864,6.0,6.0,22.0,1.0,19.0,3.0,2.0,1.8374846,118.409935,51.654488,11.407017,2.0,8.558128,100.0,1.0
68.0,255.02109,2.0,56.929085,14.0,0.0,0.0,100.0,-7.0,7.0,8.0,15.0,3.0,50.0,0.0,3.5993624,4.0,47.92671,49.347343,2.0,3.0,0.0,83.0,1.0
59.654675,177.46126,27.318632,75.94534,-9.0,3.0,3.2732968,-9.0,6.0931673,3.3345861,-9.0,-1.2924383,0.0,80.9881,-7.0,2.0,2.0,0.0,-8.0,0.0,1.0,0.0,77.79736,1.0
82.0,198.85841,25.581766,62.776306,7.099092,0.0,0.0,96.0,-7.0,4.0,6.0,8.59908,0.0,21.579466,-7.0,0.0,0.0,18.433617,-8.0,2.0,-8.0,0.0,43.173985,1.0
65.0,80.63819,2.0,49.127018,6.458626,2.6388824,2.0,89.0,49.99523,6.0,5.856287,5.0978236,4.0,90.875755,0.0,0.0,0.0,13.291287,88.15761,2.0,2.0,0.0,100.0,1.0
62.0,142.08559,12.0,62.59856,18.0,0.0,0.0,100.0,-7.0,7.0,8.0,18.128256,0.0,20.0,0.0,2.297244,2.0,107.35045,-8.0,8.0,2.0,3.0,80.0,1.0
68.0,109.18043,16.0,63.0,8.946992,0.0,0.0,84.20713,13.063761,6.0,5.0,11.28133,0.0,14.281874,1.0,2.0,2.0,32.0,62.392815,2.0,2.0,1.0,60.0,1.0
66.0,-8.094037,1.0,20.341042,16.0,0.0,0.0,100.0,-7.0,7.0,8.0,15.0,2.0,-9.0,-7.0,0.0,0.0,63.904797,-8.0,9.0,-8.0,2.0,83.0,1.0
62.753532,131.94261,31.265785,53.5295,8.532109,0.0,0.0,100.0,-7.0,7.0,8.0,12.0,0.0,99.79761,0.0,4.0,4.0,1.0,-8.0,-6.1940155,1.0,-9.0,91.3657,1.0
66.095184,446.5439,41.38584,111.168175,5.7797284,0.0,0.0,75.63442,-7.0,0.8028804,6.0,15.0,0.0,57.35929,0.0,1.6633362,2.0,62.956326,-8.0,2.0,-8.0,0.0,100.0,1.0
71.0,82.66779,11.434468,44.27138,11.981238,1.0,1.0,100.0,-7.0,6.0,8.0,7.638408,0.0,22.0,0.0,1.0,1.0,12.0,26.578938,3.0,1.0,0.0,56.497864,1.0
78.0,117.64553,5.0,62.314663,12.0,0.0,0.0,100.0,-7.0,7.0,8.0,15.0,2.0,72.1381,9.0,0.0,0.0,2.0,-8.0,2.0,1.0,0.0,75.0,1.0
67.37031,-9.0,2.0,48.841854,24.0,1.0,0.0,88.0,42.86458,6.0,5.0,27.0,4.0,11.924509,8.847516,0.0,0.0,74.227165,-8.0,5.0,1.0,2.790484,49.560936,1.0
68.0,148.2399,23.78339,71.23916,5.8243933,0.0,0.0,100.0,-7.0,7.0,8.0,0.6791473,0.0,67.649055,0.0,2.0,1.0,36.0,-8.0,2.0,1.0,-9.0,100.0,1.0
34.03676,150.9326,8.0,26.99554,13.0,1.0,1.0,88.0,4.0,4.0,5.0,16.0,3.0,21.0,1.0,0.0,0.0,36.0,-8.0,3.0,2.0,0.0,63.696228,1.0
62.59608,121.47223,-9.0,45.63306,16.862276,0.0,0.0,100.0,-7.0,7.0,8.0,16.760056,4.0,12.288949,0.0,1.0,1.0,55.525986,-8.0,11.0,1.0,3.0,75.0,1.0
65.33738,104.0639,25.59543,37.07375,3.3094213,2.4102871,0.0,78.53378,27.124407,4.0,2.4253678,3.7017164,0.0,81.6492,-7.0,4.0,3.0,66.631294,79.76191,1.0,2.0,0.0,87.7301,1.0
65.0,-4.830865,14.0,2.6269493,5.724567,0.0,0.0,86.64122,8.251607,4.0,6.0,6.099673,1.0,14.539977,0.0,0.0,0.0,64.08007,-8.0,2.0,-8.0,0.0,83.0,1.0
57.484142,125.50975,28.497355,37.444904,5.8611536,0.6570073,0.0,77.16449,32.07371,6.0,5.0,4.6271405,0.0,99.99628,0.0,0.0,0.0,0.0,36.63648,1.0,1.0,0.0,100.0,1.0
56.578648,165.17001,23.894243,72.0,24.0,4.731158,0.0,6.518547,6.5709667,4.0,2.0,28.465168,0.0,11.0,1.0,2.0,2.0,93.80073,-8.0,5.0,1.0,4.0,89.349625,1.0
61.655354,94.86856,2.0,-9.0,16.0,0.0,0.0,100.0,-7.0,7.0,8.0,19.0,10.950759,46.85286,0.0,1.0,1.0,64.68502,76.93783,2.0,4.0,0.0,71.0,1.0
68.0,121.25263,3.0,39.63668,27.389708,4.4632125,1.0,88.25138,10.908958,4.0,0.8094528,29.0,7.1969743,18.0,0.0,10.794156,8.588126,8.0,-8.0,2.4546592,2.0,0.0,29.767828,1.0
-9.0,136.79527,1.0,-9.0,27.0,0.0,0.0,100.0,-7.0,6.0,8.0,31.0,6.0,49.44922,3.0,3.0,3.0,92.94911,81.260414,11.0,4.0,0.0,90.65267,1.0
68.080185,-5.3915687,5.0,-9.0,10.0,0.0,0.0,100.0,-7.0,7.0,8.0,8.081399,3.0,99.99679,-7.0,1.0,1.0,0.0,63.66009,1.0,2.0,0.0,80.0,1.0
-9.0,116.08878,4.0,62.249016,22.0,1.0,0.0,77.227135,-7.0,-3.016192,6.0,23.222048,1.0,46.520367,0.0,4.0,4.0,61.140217,45.658077,4.0,4.0,2.0,64.59816,1.0
68.0,91.95994,10.0,58.110294,13.041293,0.0,0.0,100.0,-7.0,7.0,8.0,15.405674,0.0,30.120178,0.0,1.0,1.0,88.179,-8.0,5.0,1.0,2.0,100.0,1.0
72.307205,199.36388,18.657839,46.561485,-9.0,0.0,0.0,96.0,-7.0,6.0,8.0,9.0,0.0,77.39525,0.0,3.569622,3.0,13.0,100.0,0.0,1.0,0.0,86.0,1.0
74.0,53.461998,10.0,-9.0,10.0,0.0,0.0,100.0,-7.0,7.0,8.0,12.0,1.0,96.68134,0.0,1.0,1.0,0.0,-8.0,1.0,1.0,0.0,54.378716,1.0
62.0,-9.0,6.0,27.843346,21.0,0.0,0.0,96.0,36.67526,6.0,6.0,20.0,3.0,19.0,0.0,5.7551026,6.150783,5.0,-8.0,3.4528017,1.0,1.0,42.404392,1.0
62.0,191.56047,2.0,62.21334,21.0,3.0,5.189149,88.0,-7.0,-9.0,2.7075844,22.0,4.0,30.430767,1.9992976,4.0,3.7199085,94.27152,78.25911,5.1139255,3.0,2.0,100.0,1.0
78.0,194.51027,18.52843,70.77892,14.0,0.0,0.0,100.0,-7.0,7.0,8.0,13.758934,0.0,47.53745,0.0,1.0,1.0,26.719597,-8.0,2.0,1.0,0.0,63.0,1.0
65.0,42.73448,1.5092849,-0.15107019,22.0,0.0,0.0,100.0,-7.0,7.0,8.0,24.0,9.461642,42.440266,0.0,1.0,1.0,48.598946,40.163883,5.0,4.0,2.0,70.0,1.0
63.0,130.87808,7.0,-1.7265377,5.082392,1.3971941,1.0,100.0,-7.0,4.0,8.0,1.1497695,3.0,37.528244,0.0,1.0,1.0,30.53234,-8.0,3.0,1.0,0.0,100.0,1.0
-9.0,-9.0,-9.0,-9.0,-9.0,-9.0,-9.0,-9.0,-9.0,-9.0,-9.0,-9.0,-9.0,-9.0,-9.0,-9.0,-9.0,-9.0,-9.0,-9.0,-9.0,-9.0,-9.0,1.0
66.0,239.32533,19.663282,61.0,12.0,0.0,0.0,79.015625,2.2613668,4.0,6.0,21.0,0.0,23.144464,0.0,2.0,2.0,70.67127,58.191788,1.0,2.0,0.0,67.0,1.0
60.346516,208.06012,9.0,90.192764,-9.0,0.0,0.0,77.69602,7.0805063,4.0,6.0,3.5321014,1.0,29.0,0.0,0.0,0.0,98.13103,-8.0,2.0,1.0,4.0,85.35481,1.0
63.0,130.89565,8.0,58.94923,14.511915,1.0,1.0,91.17978,10.348821,4.0,6.0,11.830629,1.0,52.81365,0.0,1.0,0.0,92.70182,72.92846,1.0,2.0,0.0,57.0,1.0
59.8137,177.05345,9.0,87.09252,16.0,3.0,3.6864512,82.43148,47.37428,6.0,2.0,19.7827,1.0,40.0,-7.0,1.0,1.0,113.54242,76.0,4.0,4.546885,4.0,100.0,1.0
54.235588,-7.977583,5.0,-7.4744625,9.0,4.452923,1.0,83.555756,-7.0,-9.0,2.0,11.340225,2.0,72.58677,-7.0,3.0,2.0,44.550045,90.02305,1.0,4.0,1.0,75.0,1.0
79.0,213.97534,22.30997,74.29044,5.089812,0.0,0.0,100.0,-7.0,7.0,8.0,7.0,0.0,55.445564,-7.0,0.0,0.0,0.0,-8.0,1.0,1.0,0.0,64.0,1.0
72.0,141.06572,21.380249,76.0,5.855632,1.0,0.0,74.64857,61.478806,6.0,4.0,12.836305,0.0,94.70289,0.0,1.0,1.0,8.951476,-8.0,1.0,1.0,-8.0,100.0,1.0
57.42552,74.18499,4.4809194,-9.0,10.0,1.0,0.0,84.339966,30.128666,6.0,5.64775,12.451708,3.0,16.0,0.0,1.0,1.0,63.752758,96.44645,4.0,2.0,1.0,60.0,1.0
65.592896,163.67123,15.0,71.12718,5.3406,1.0,0.0,69.81017,0.5798068,4.644491,5.0,4.1625624,0.0,50.0,0.0,0.0,0.0,0.0,-8.0,1.0,1.0,-5.8679047,70.0,1.0
57.50918,115.832436,2.0,45.439785,17.0,0.0,0.0,100.0,-7.0,7.0,8.0,14.0,3.3235667,10.460236,2.0,2.0,1.0,81.369385,87.45117,9.0,2.0,3.0,75.0,1.0
61.571865,95.64844,1.0,30.284916,21.0,0.0,0.0,100.0,-7.0,7.0,8.0,28.0,2.0,26.279612,0.0,6.9496465,6.8414483,57.393784,7.8444643,10.00152,3.7100363,3.075864,70.4256,1.0
72.72218,175.19353,3.0,58.442924,42.550117,2.0,1.8208716,95.677055,76.81277,6.0,3.0,44.4086,6.0,22.0,0.0,3.0,2.0,19.0,-8.0,11.0,2.0,0.0,70.84273,1.0
85.0,173.30232,8.372204,65.663994,4.9851937,0.0,0.0,100.0,-7.0,7.0,8.0,10.0,2.0,-9.0,6.8401794,0.0,0.0,0.5108428,-8.0,2.0,-9.0,0.0,40.0,1.0
69.0,149.00102,23.611435,66.94055,13.0,0.0,0.0,85.46062,35.343178,6.0,6.0,15.0,0.0,24.514755,0.0,0.0,0.0,63.20885,-8.0,4.0,1.0,1.0,63.4447,1.0
68.0,30.446787,2.0,-9.0,4.1600294,0.0,0.0,100.0,-7.0,7.0,8.0,5.1280303,2.0,63.189957,0.0,0.0,0.0,18.226006,-8.0,1.0,1.0,0.0,67.0,1.0
74.16374,193.65169,1.0,80.0,44.121178,0.0,0.0,100.0,4.97605,5.0,6.0,49.803764,3.0,24.0,-7.0,3.0,3.0,7.0,-8.0,7.0,1.0,0.0,55.175407,1.0
72.02702,272.24182,22.250332,97.0,13.0,0.0,0.0,90.35905,8.808849,6.0,6.0,22.35541,0.0,37.0,0.0,2.0,2.0,0.16418946,-8.0,2.0,1.0,0.0,43.0,1.0
-9.0,-0.15321195,28.73486,53.85031,13.375964,3.7707136,2.7084255,63.67869,-7.0,-9.0,5.0,15.0034275,0.0,31.0,2.0,0.0,0.0,87.243286,50.86168,6.0,3.0,1.0611267,88.0,1.0
70.0,192.06789,5.0,58.16296,17.0,0.0,0.0,100.0,-7.0,7.0,8.0,17.0,1.0,41.482327,0.0,5.099335,5.6945434,58.173615,64.90986,3.0,4.0,0.0,67.0,1.0
68.0,265.1587,5.0,55.712456,20.0,0.0,0.0,100.0,-7.0,7.0,8.0,17.0,2.0,45.0,0.0,4.0,4.0,84.330345,94.73561,6.0,4.0,4.0,85.091446,1.0
68.0,120.925964,15.0,58.79721,4.8190713,2.0,1.0,77.06941,23.279097,6.0,2.0,5.573687,1.0,7.5881786,0.0,4.0,4.0,72.21486,-8.0,2.0,-8.0,1.0,67.0,1.0
-9.0,163.76321,14.825419,67.0,13.0,1.0,0.0,79.296814,-6.516967,4.0,4.0,15.0,1.0,50.0,0.0,0.0,0.0,119.521255,-8.0,5.0,2.0,3.0,100.0,1.0
-9.0,185.32106,2.0,47.294613,16.298304,0.0,0.0,100.0,-7.0,7.0,8.0,19.0,5.321632,35.75974,0.0,2.0,3.0,82.944725,-8.0,5.0,2.0,3.0,75.0,1.0
67.523476,82.973656,1.0,-5.567467,11.0,3.0,2.8618531,85.79285,76.151306,6.0,5.0,8.0,4.0,75.857086,0.0,5.923245,6.11053,55.701435,57.008137,1.0,6.0,0.0,100.0,1.0
68.17831,397.43185,3.0,97.0,28.0,1.0,0.0,90.0,22.520138,6.0,4.5692954,26.0,6.0,26.759533,2.0,5.3501334,5.0,46.343506,98.87641,18.707556,3.0,1.0,83.0,1.0
66.339905,226.76668,37.628765,97.0,7.954789,4.2955995,0.0,50.734497,18.06137,6.0,3.0,9.0,0.0,75.92596,-7.0,3.0,2.0,4.0,-8.0,1.0,1.0,-9.0,100.0,1.0
-9.0,169.8047,7.0,60.29723,17.0,3.0,0.0,56.711918,20.464586,6.0,3.0,21.0,2.0,36.0,0.0,2.0,2.0,94.25786,57.41143,7.0,1.0,2.198763,80.0,1.0
63.0,140.44283,8.0,59.552876,25.0,0.0,0.0,91.0,6.0,5.0,6.0,26.376661,0.0,41.698925,0.0,0.0,0.0,93.0206,80.03601,7.0,2.0,8.077648,99.98188,1.0
61.51306,118.938095,11.0,62.00661,34.0,0.0,0.0,100.0,-7.0,7.0,8.0,32.0,1.0,40.559933,0.0,2.0,2.0,83.87356,53.798862,7.0,3.0,7.0628667,88.26813,1.0
70.0,3.784008,2.0,-9.0,-9.0,0.0,0.0,100.0,-7.0,7.0,8.0,3.9848022,5.0,99.2937,0.0,1.0,1.0,-8.582064,-8.0,-9.0,-8.0,0.0,29.418322,1.0
-9.0,95.08572,4.0,4.7432365,19.44161,1.0,1.0,85.56441,7.219365,4.0,6.0,18.0,3.0,24.950771,-8.0,3.0,3.0,93.987495,86.132545,4.0,4.0,0.0,69.73299,1.0
66.84127,191.47195,2.0,42.37525,21.0,0.0,0.0,100.0,-7.0,7.0,8.0,30.893751,9.127636,35.84642,0.0,3.0,3.0,53.750317,100.0,4.0,2.0,1.0,82.23365,1.0
52.0435,296.44565,3.0,74.0,27.0,2.9437144,1.0,66.10913,13.865617,4.0,3.0,40.135235,2.0,44.0,2.4383492,1.0,1.0,79.27268,40.427383,7.0,2.0,2.0,80.95015,1.0
57.51361,112.372185,3.0,37.46869,12.647786,1.9184655,1.0,83.23218,23.932838,6.0,3.0,15.0,2.0,71.01924,0.0,1.0,2.0,58.048485,-8.0,2.0,1.0,0.0,75.0,1.0
65.0,85.44296,-9.0,50.81871,12.0,1.0,0.0,92.0,23.666157,6.0,2.1137702,13.0,1.0,25.12292,5.0,0.0,0.0,111.98831,94.88458,4.0,1.0,2.0,88.0,1.0
65.0,69.364914,1.0,-9.0,17.0,0.0,0.0,95.80062,44.19505,6.0,6.0,26.0,10.168585,17.0,-7.0,6.712005,10.411807,38.60925,49.625443,6.124506,2.0,1.0,78.0,1.0
59.609184,77.89635,15.0,56.82618,10.803314,0.0,0.0,86.76729,22.021662,6.0,6.0,3.9820116,0.0,25.0,0.0,4.0,3.0289483,117.88233,-8.0,1.0,1.0,2.0,80.0,1.0
59.621243,70.008255,9.0,33.192806,18.0,0.0,0.0,100.0,-7.0,7.0,8.0,21.070343,0.0,76.09025,-7.0,4.0,3.278688,91.66693,11.544227,2.0,6.8128777,1.0,100.0,1.0
64.0,254.31104,2.0,68.0,17.0,0.0,0.0,100.0,-7.0,7.0,8.0,17.0,3.0,25.0,0.0,0.0,0.0,91.473015,86.81834,7.0562897,4.0,4.0,100.0,1.0
56.009724,40.75182,9.636968,-4.4209456,3.347675,2.0,2.0,68.24066,15.302707,4.0,4.4646845,3.5487034,1.0,45.0,0.0,0.0,0.0,37.98094,-8.0,3.0,1.0,0.0,100.0,1.0
56.299854,166.35333,8.0,63.0,23.0,3.0,2.0,83.13889,-7.0,-9.0,6.0,28.0,2.0,46.0,2.0,0.0,0.0,50.466698,57.069992,6.0,5.3322773,1.0,91.34634,1.0
-9.0,-8.146641,-9.0,-9.0,-9.0,-9.0,-9.0,-9.0,-9.0,-9.0,-9.0,-9.0,-9.0,-9.0,-9.0,-9.0,-9.0,-9.0,-9.0,-9.0,-9.0,-9.0,-9.0,1.0
64.0,118.53966,6.0,-9.0,11.0,0.0,0.0,100.0,-7.0,7.0,8.0,14.0,3.0,42.229843,0.0,1.6825216,1.0,40.901016,-8.0,2.0,2.0,0.0,56.474464,1.0
56.989536,-3.9530914,3.0,-9.0,17.0,0.0,0.0,100.0,-7.0,7.0,8.0,16.0,6.351143,5.8288274,0.0,5.6965027,5.0,25.0,51.44199,4.0,2.0,1.0,60.0,1.0
-9.0,79.553894,3.8009024,50.497093,27.0,0.0,0.0,73.85664,-3.114657,4.0,5.0,35.0,5.0,31.0,0.0,2.0,2.0,72.35955,55.242046,7.0,5.0,3.1096714,80.0,1.0
66.0,190.23355,13.544478,77.0,12.0,3.0,1.0,82.22832,31.118673,5.0,5.0,14.455353,0.0,27.0,0.0,0.0,0.0,116.059235,51.16127,4.0,3.0,0.0,83.0,1.0
61.67661,147.45053,2.0,51.951756,32.916874,0.28420624,0.0,95.0,34.78227,6.0,4.0,34.0,9.210374,30.0,0.0,1.0,0.0,62.669582,92.542244,18.847744,4.712949,2.0,100.0,1.0
73.0,80.58472,20.0,58.0,4.650147,0.0,0.0,100.0,-7.0,7.0,8.0,4.5249662,0.0,56.729733,0.0,4.0,3.5679708,47.625866,79.55567,1.0,2.0,0.0,88.0,1.0
65.0,97.196686,5.0,21.380627,13.0,0.0,0.0,100.0,-7.0,7.0,8.0,15.0,1.0,67.80469,0.0,0.0,0.0,117.8516,-8.0,2.0,3.0,1.0,88.04041,1.0
55.04137,344.5967,1.0,97.0,18.0,0.0,0.0,86.81197,22.120682,6.0,6.0,25.0,5.0,52.069046,0.0,3.0,3.0,72.31772,51.041603,5.0,3.0,3.0,80.0,1.0
71.535774,145.37343,1.0,59.455803,8.262579,0.0,0.0,100.0,-7.0,7.0,8.0,3.799523,4.0,27.0,8.0,2.0,1.0,46.884857,76.0,2.0,2.0,0.0,50.0,1.0
62.413147,118.46088,14.0,57.05401,-9.0,0.0,0.0,79.526054,29.921818,6.0,6.0,0.9063841,1.0,71.31425,0.0,1.0,1.0,114.98761,58.5953,1.0,2.0,1.0,100.0,1.0
65.34651,161.96931,10.167422,67.0,5.5671844,0.0,0.0,92.0,28.554913,6.0,6.0,6.014816,0.0,38.0,4.269055,0.0,0.0,69.66107,-8.0,2.0,1.0,0.0,68.741066,1.0
66.0,85.74045,7.0,42.851505,-2.3315535,0.0,0.0,100.0,-7.0,7.0,8.0,5.164164,2.0,50.0,-8.0,0.0,0.0,89.04889,-8.0,2.0,-8.0,2.0,89.97294,1.0
68.37128,170.47289,6.0,53.85573,16.0,1.0026582,0.0,86.62186,25.80862,6.0,5.3484006,17.0,5.0,38.0,0.0,0.0,0.0,19.0,93.80834,5.0,2.0,0.0,82.26953,1.0
71.919975,7.2043595,17.0,54.42516,-9.0,0.0,0.0,86.58432,35.515137,6.0,6.0,5.261214,0.0,0.0,0.0,0.0,0.0,43.73755,-8.0,3.0,-8.0,0.0,83.0,1.0
85.0,149.60045,16.0,84.0,9.820802,0.0,0.0,100.0,-7.0,7.0,8.0,4.7352586,0.0,53.633587,0.0,2.0,2.0,0.0,-8.0,1.0,1.0,0.0,43.0,1.0
60.380375,130.89594,67.82856,102.68489,9.0,3.831477,1.0,75.82493,3.0,0.0,0.6165409,17.0,0.0,13.0,0.0,2.0,2.0,90.873344,-8.0,1.0,-8.0,0.0,50.0,1.0
68.0,165.58472,2.0,56.39652,15.0,0.0,0.0,100.0,-7.0,7.0,8.0,18.0,3.0,31.0,-2.0460575,5.0,5.7786846,0.0,82.76135,1.0,2.0,0.0,31.88864,1.0
72.0,135.56241,1.0,49.785423,27.826437,2.2640676,1.0,95.0,11.444845,4.0,3.2868075,35.0,6.0,41.0,3.0,3.0,3.0,1.0,95.38444,3.0,10.50938,0.0,50.0,1.0
65.0,195.8116,3.0,44.109924,9.388674,0.0,0.0,84.42905,30.674868,6.0,6.0,17.0,2.0,82.649315,0.0,2.0,2.0,0.0,45.12614,1.0,2.0,-9.0,100.0,1.0
68.0,147.25514,16.196243,64.12999,-9.0,0.0,0.0,100.0,-7.0,7.0,8.0,11.0,0.0,-9.0,-7.0,0.0,0.0,116.883415,-8.0,3.2639148,-8.0,3.0,100.0,1.0
70.0,93.01149,2.0,23.298487,4.387279,0.0,0.0,100.0,-7.0,7.0,8.0,9.0,2.0,31.0,0.0,2.0,2.0,7.797059,-8.0,2.0,1.0,1.0,60.0,1.0
57.011047,104.68113,16.945692,-9.0,-9.0,0.0,0.0,97.0,-7.0,6.0,8.0,5.2425704,0.0,71.65451,-7.0,1.0,1.0,39.747765,-8.0,1.0,1.0,-8.0,100.0,1.0
56.19985,266.54626,2.0,74.112495,42.380093,4.440981,1.0,63.87042,29.022957,6.0,2.0,52.571198,4.0,26.923458,0.0,4.0,3.536876,77.51378,-8.0,19.29231,2.0,3.0,83.0,1.0
59.485752,222.00952,28.909573,102.79665,5.413027,2.0,1.0,-9.0,1.7309655,4.0,3.2851992,5.020312,0.0,50.0,7.0,0.0,0.0,16.0,-8.0,1.0,2.0,-8.0,83.0,1.0
71.0,132.45596,9.0,37.477596,13.0,1.0,0.0,70.77106,20.141565,6.0,5.999896,15.0,1.0,57.97635,-7.0,2.0,1.0,1.0,79.66214,1.0,4.0,0.0,57.0,1.0
-9.0,67.741005,1.0,58.311596,20.0,0.0,0.0,95.0,5.0007606,4.0,6.0,14.0,4.0,21.526213,-7.0,2.0,2.0,49.109432,57.17733,9.84493,3.0,4.310035,61.35357,1.0
66.0,107.438934,7.0,8.274047,-9.0,0.0,0.0,100.0,-7.0,7.0,8.0,-1.8008845,1.0,99.91916,0.0,0.0,0.0,-9.0,-2.9975183,-9.0,1.0,-9.0,67.0,1.0
7.8762503,140.31256,6.0,42.588097,16.0,0.0,0.0,78.41779,6.0,5.5543694,6.0,24.0,4.0,70.89607,-8.0,2.0,1.0,72.97324,99.49836,5.0,5.0,2.0,100.0,1.0
75.0,146.74698,9.0,29.81092,7.0,0.0,0.0,100.0,-7.0,7.0,8.0,8.890486,2.0,65.481705,0.0,4.1723986,4.0,0.6479717,96.48578,1.0,2.0,0.0,52.25015,1.0
-9.0,226.09511,9.0,51.067783,8.752037,8.34352,7.69655,77.77787,1.0,-9.0,6.0,11.0,3.0,89.703384,0.0,1.0,1.0,28.879131,68.24691,1.0,3.0,-9.0,100.0,1.0
-9.0,118.17397,2.0,49.545105,31.0,0.0,0.0,90.66285,14.248222,6.0,6.0,29.0,6.985452,44.0,0.0,4.0,3.0056105,42.69039,80.54396,11.0,7.956548,2.0,78.0,1.0
56.50346,113.18572,2.0,34.73803,14.0,0.0,0.0,100.0,-7.0,7.0,8.0,12.821026,7.53289,30.0,-7.0,0.0,0.0,73.683044,92.35294,4.0,1.0,3.0,81.404594,1.0
63.404984,141.91748,1.0,62.721817,12.0,6.259444,0.0,79.89877,7.99164,3.0027173,5.0,16.539991,4.0,46.0,0.0,1.0,1.0,8.0784445,80.0,2.0,2.0,0.0,56.0,1.0
74.0,21.655544,15.133156,27.370718,13.0,0.0,0.0,100.0,-7.0,7.0,8.0,13.933504,0.0,22.0,0.0,1.9402883,2.0,36.552227,-8.0,8.0,1.0,1.0,100.0,1.0
63.0,140.07803,19.945423,38.972874,3.1858804,0.0,0.0,100.0,-7.0,7.0,8.0,6.106508,0.0,62.463867,0.0,2.0,1.0,104.783775,34.32075,2.0,2.0,0.0,100.0,1.0
67.244675,83.45605,2.0,29.277641,32.712643,0.0,0.0,100.0,-7.0,6.0,6.0,43.580345,4.0,29.0,8.28007,0.0,0.0,34.83644,93.0,19.425142,5.0,2.0,75.50839,1.0
59.789604,142.85754,4.0,60.71944,23.0,0.0,0.0,100.0,-7.0,7.0,8.0,15.0,4.0,11.0,0.0,0.0,0.0,109.588326,-8.0,9.8885765,1.0,2.0,80.0,1.0
74.0,141.1326,3.0,67.935104,9.677879,1.0,1.2805222,81.836296,41.533333,6.0,-4.0991035,11.0,3.0,28.0,0.0,6.478588,6.706209,14.0,97.307205,3.0,4.0,0.0,75.0,1.0
64.0,100.18227,2.0,56.424385,7.0,2.0833025,2.0,80.99404,45.94881,6.0,3.0,15.0,3.0,75.711296,0.0,1.0,1.0,1.0,99.87287,0.23363654,2.0,-8.0,77.76966,1.0
82.0,286.53326,5.0,97.67627,14.614969,0.0,0.0,90.0,64.85306,6.0,5.0,15.66781,1.0,18.802834,3.0,1.0,1.0,4.0,-8.0,3.0,-8.0,0.0,43.202076,1.0
-9.0,149.21588,5.414713,64.16469,24.0,0.0,0.0,93.0,8.061979,4.0269117,6.0,24.249956,2.0,44.561813,0.0,1.8750224,1.0,94.86375,82.68929,4.0,11.139317,2.0,85.437386,1.0
61.831272,76.3012,5.0,54.983234,10.0,2.0,1.0,81.24981,13.20035,4.0,2.0,5.057414,4.619585,43.0,0.0,0.0,0.0,0.0,93.0,3.0,2.0,0.0,88.35364,1.0
72.58305,304.97745,24.454342,74.0,9.0,0.0,0.0,76.561035,35.730446,6.0,6.0,7.46652,0.0,88.71596,0.0,11.543098,11.280958,0.0,-8.0,0.9151049,1.0,0.0,44.0,1.0
67.80521,73.26721,7.0,-9.0,6.0416894,0.0,0.0,100.0,-7.0,7.0,8.0,12.0,3.0,69.28549,0.0,2.0,2.0,53.71427,43.80489,1.0,2.0,0.0,80.0,1.0
70.63537,125.50251,17.0,69.811646,17.061388,0.0,0.0,100.0,-7.0,7.0,8.0,16.290594,0.0,10.562038,1.0,1.0,1.0,90.23526,-8.0,7.0,1.0,1.0867019,88.84169,1.0
71.0,129.80656,4.0,62.112206,26.0,0.0,0.0,100.0,-7.0,7.0,8.0,29.991547,2.0,62.335964,0.0,2.0,2.0,33.227116,94.56313,4.0,4.0,1.0,83.0,1.0
66.69724,214.99797,7.2164693,97.0,13.0,4.996838,2.0,60.132458,23.279379,6.0,2.0,15.621956,1.0,35.0,7.0,0.0,0.0,40.89277,100.0,4.0,2.0,0.0,87.41599,1.0
69.0,179.06337,18.193544,84.909515,17.823013,0.0,0.0,100.0,-7.0,7.0,8.0,19.0,0.0,29.516102,0.0,1.0,1.0,90.49407,-8.0,5.0,1.0,4.4463716,67.0,1.0
68.0,131.1518,1.0,31.334488,11.192131,0.0,0.0,92.0,-7.0,0.0,6.0,12.8394,3.0,1.505529,0.0,3.0,3.0,20.16492,-8.0,3.2883081,1.0,0.0,33.0,1.0
65.0,205.48769,3.0,58.562386,28.155375,0.0,0.0,100.0,-7.0,7.0,8.0,34.0,3.9134824,55.110836,0.0,3.0,2.0,59.0834,93.0,6.0,18.164377,4.7103615,77.665596,1.0
64.0,326.3174,3.0,80.0,22.0,0.0,0.0,90.0,78.82395,6.0,6.0,23.0,2.0,50.0,1.0,14.345051,13.525994,104.22262,71.19443,7.0,3.6676924,4.0,80.0,1.0
60.448433,140.71977,3.0,58.04098,22.0,0.0,0.0,92.0,3.0,3.0,6.0,23.0,2.0,7.8528214,8.570245,0.0,0.0,61.86098,21.100842,11.0,1.0,4.0,75.0,1.0
65.0,91.21509,3.0,23.834866,14.180647,0.0,0.0,100.0,-7.0,7.0,8.0,14.0,3.0,87.035515,0.0,0.0,0.0,44.016006,96.3958,2.0,5.522241,0.0,68.16193,1.0
-9.0,-8.0,4.0,-9.0,7.905978,0.0,0.0,100.0,-7.0,7.0,8.0,11.0,3.0,33.0,0.0,3.0,3.0,80.57163,85.85828,5.0,3.0,1.0,100.0,1.0
-9.0,-9.0,-9.0,-9.0,-9.0,-9.0,-9.0,-9.0,-9.0,-9.0,-9.0,-9.0,-9.0,-9.0,-9.0,-9.0,-9.0,-9.0,-9.0,-9.0,-9.0,-9.0,-9.0,1.0
-9.0,130.85603,4.0,81.0,10.05397,2.0,1.0,64.14698,11.189591,6.0,2.0,8.0,2.0,11.024958,0.0,4.0,3.692515,89.55028,-8.0,2.0,-8.0,1.0,52.51835,1.0
-9.0,108.37455,8.0,84.89669,15.0,0.0,0.0,96.0,24.470476,6.0,6.0,16.0,2.0,25.0,0.0,2.0,2.0,117.788666,-8.0,22.276617,2.0,10.823226,100.0,1.0
68.966835,87.74218,4.0,-9.0,15.059806,0.0,0.0,100.0,-7.0,7.0,8.0,16.0,3.0,75.13149,0.0,0.0,0.0,35.621185,82.0,3.0,9.658168,0.0,100.0,1.0
59.334988,161.0564,6.0,36.748955,12.0,0.0,0.0,90.0,24.302004,4.0,6.0,17.0,2.0,28.0,0.0,2.0,2.0,77.42271,-8.0,5.0,1.0,3.0,76.86412,1.0
-9.0,-9.0,-9.0,-9.0,-9.0,-9.0,-9.0,-9.0,-9.0,-9.0,-9.0,-9.0,-9.0,-9.0,-9.0,-9.0,-9.0,-9.0,-9.0,-9.0,-9.0,-9.0,-9.0,1.0
57.70742,184.61168,11.2034025,55.153618,13.674857,1.0,0.0,90.53997,6.3094206,4.0,5.0,16.94186,1.0,12.6418085,12.814967,0.0,0.0,111.343765,90.14906,5.0,2.0,2.0,100.0,1.0
-9.0,132.88716,5.0,19.252512,16.0,0.0,0.0,100.0,-7.0,7.0,8.0,19.0,4.0,15.65712,13.232536,1.0,1.0,61.56781,-8.0,7.0,2.0,2.0,69.51184,1.0
56.533947,129.62665,15.0,63.240936,22.0,0.0,0.0,94.0,-7.0,4.0,6.0,32.476547,0.0,50.672337,0.0,4.0,3.7595038,80.41175,-8.0,8.0,2.0,3.0,84.56789,1.0
64.0,-9.0,4.0,-9.0,3.5662136,2.0,2.0,67.01169,29.302063,6.0,2.0,3.991288,4.0,21.0,12.109577,1.0,1.1538483,45.716324,-8.0,2.0,1.0,0.0,80.0,1.0
73.0,-8.0,13.365794,-9.0,12.0,0.0,0.0,100.0,-7.0,7.0,8.0,13.0,0.0,21.0,7.0,0.0,0.0,18.811726,-8.0,3.0,1.0,0.0,38.0,1.0
57.892498,44.738327,17.0,37.826153,6.2199593,0.0,0.0,100.0,-7.0,7.0,8.0,8.416358,0.0,75.616,0.0,2.0,2.0,51.660168,-8.0,2.0,2.0,0.0,83.0,1.0
60.69978,245.41931,18.602829,111.14217,18.0,0.0,0.0,89.872925,23.490116,6.0,6.0,9.0,1.0,-5.9104495,1.0,3.0,2.0,66.111374,-8.0,10.032709,1.0,6.5960946,69.77762,1.0
66.018585,148.19011,7.6016693,65.0,32.0,0.0,0.0,96.0,6.2183213,3.6195993,6.0,36.58598,5.0,33.0,0.0,2.0,2.0,28.0,87.93153,4.0,7.9614205,0.0,64.0,1.0
68.0,59.214394,-9.0,16.343794,9.0,0.0,0.0,100.0,-7.0,7.0,8.0,7.3450465,6.0,40.0,0.0,1.4403849,2.0,56.65953,73.421104,3.0,2.0,0.0,70.0,1.0
63.273277,154.21835,4.0,-9.0,16.0,0.0,0.0,100.0,-7.0,7.0,8.0,18.100893,7.8786354,43.0,0.0,1.0,1.0,53.964184,99.91661,3.0,3.8975146,1.0,75.0,1.0
63.17135,147.91606,3.0,29.134138,10.0,0.0,0.0,89.76914,33.853127,6.0,6.0,15.247941,2.0,82.11904,0.0,2.0,3.0,111.10858,95.1152,2.0,3.0,2.0,100.0,1.0
66.4975,173.77771,4.0,58.740894,26.0,0.0,0.0,91.0,36.25249,6.0,6.0,35.0,3.0,36.0,0.0,0.0,0.0,31.16443,94.88586,11.0,4.0,0.0,87.45607,1.0
59.45267,285.0469,1.0,46.538292,9.080724,0.0,0.0,97.0,-7.0,4.0,6.0,11.894814,6.0,33.79623,0.0,3.0,3.0,81.313515,60.494358,4.0,4.0,2.0,75.0,1.0
54.870125,51.914883,2.0,50.604725,25.23579,0.0,0.0,89.00296,17.629444,6.0,6.0,27.0,3.0,40.106636,0.0,1.0,1.0,43.176163,82.0,12.129499,5.0,2.0,75.0,1.0
54.30473,54.05091,7.0,1.1135762,6.0,0.0,0.0,100.0,-7.0,7.0,8.0,5.5603194,2.0,63.765606,0.0,0.0,0.0,93.51925,54.859833,2.0,2.0,3.0,89.41017,1.0
67.59615,139.8717,2.0,54.96318,50.408188,2.0,1.0,92.730225,6.0018373,4.0,6.0,55.492287,6.0,60.973827,0.0,3.0,3.0,43.364357,-8.0,4.0,4.0,0.0,100.0,1.0
62.992954,79.85281,4.805133,-9.0,8.0,0.0,0.0,100.0,-7.0,7.0,8.0,8.0,4.0,28.210333,-8.0,0.0,0.0,72.56769,71.01338,3.0,1.0,0.0,75.0,1.0
-9.0,-9.0,-9.0,-9.0,-9.0,-9.0,-9.0,-9.0,-9.0,-9.0,-9.0,-9.0,-9.0,-9.0,-9.0,-9.0,-9.0,-9.0,-9.0,-9.0,-9.0,-9.0,-9.0,1.0
67.0,170.29736,-9.0,72.91584,24.0,3.0,2.0,89.0,16.698982,6.0,4.6448474,29.0,6.8703504,75.51808,1.0,1.0,1.0,12.0,82.13105,3.0,5.0,0.0,82.524315,1.0
65.0,44.286934,14.0,37.41772,11.195496,0.0,0.0,100.0,-7.0,7.0,8.0,10.258469,1.0,40.9159,0.0,1.0,1.0,91.33435,-8.0,5.0,-8.0,2.0,80.0,1.0
62.0,130.50986,2.0,-9.0,7.0,1.0,1.0,90.0,4.0,4.0,4.0,17.0,6.0,26.793402,1.0,2.0,2.5363207,49.39278,51.24863,5.0,2.0,0.0,80.0,1.0
71.0,113.21601,1.0,37.75129,22.30575,0.0,0.0,88.42653,51.082806,6.0,6.0,32.0,10.350118,41.0,1.0,6.801248,6.1785293,19.03852,60.94264,3.0,3.0,0.0,67.0,1.0
62.0,87.60553,3.0,34.955074,18.0,0.0,0.0,100.0,-7.0,7.0,8.0,23.0,4.0,29.0,-7.0,5.453282,6.099487,0.0,100.0,2.0,2.0,0.0,13.511438,1.0
54.105072,78.420296,3.0,63.0,24.0,0.0,0.0,96.0,-7.0,4.0,6.0,29.0,2.0,22.645548,0.0,2.0,2.0,93.69283,90.288246,23.07908,3.0,7.188628,100.0,1.0
66.22116,83.18105,7.119751,52.14089,21.0,0.0,0.0,95.0,25.195124,4.0,6.0,21.465782,3.0,50.0,2.0,1.0,1.0,46.369545,76.66671,6.0,3.0,0.0,90.36933,1.0
53.536896,143.54648,5.0,47.205368,16.0,8.77778,8.572263,100.0,-7.0,6.0,8.0,34.34418,2.0,73.72281,2.0,1.0,1.0,92.46203,71.0,1.0,4.0,0.0,83.0,1.0
63.0,112.022484,5.0,61.72637,39.355896,1.0,1.0,100.0,-7.0,6.0,8.0,36.92046,2.0,64.383,0.0,3.884909,4.0,89.31502,67.69964,6.0,3.0,8.267067,94.639694,1.0
59.838512,51.631973,6.0,65.0,13.0,0.0,0.0,90.85572,12.726602,6.0,6.0,-0.8855245,1.0,33.0,2.0,3.0,3.0,115.37265,-3.2139492,3.0,2.0,2.0,100.0,1.0
69.0,202.91484,13.012556,63.0,6.0,0.0,0.0,91.0,17.216969,6.0,6.0,3.431789,1.0,95.71667,0.0,0.0,0.0,-9.0,76.0,-9.0,1.0,0.0,36.910213,1.0
63.0,150.01382,10.0,58.45873,13.0,0.0,0.0,74.59751,24.617842,4.0,5.0,13.609872,2.0,77.82121,0.0,4.7179,4.0,5.0,64.18513,2.0,2.0,0.0,83.699066,1.0
65.0,110.820465,-9.0,38.44311,17.0,0.0,0.0,100.0,-7.0,7.0,8.0,23.274052,10.979087,56.276043,0.0,4.0,3.629159,48.428093,87.104546,4.0,3.0,1.0,70.58558,1.0
70.83368,210.56375,22.844288,68.0,17.0,1.0,1.0,100.0,-7.0,7.0,8.0,26.0,0.0,68.28622,-7.0,1.0,1.0,91.88566,-8.0,2.0,2.0,2.0,100.0,1.0
62.0,115.34703,19.319426,31.930235,-9.0,1.0,1.0,100.0,-7.0,7.0,8.0,0.028229993,0.0,99.860466,0.0,0.0,0.0,-9.0,-8.0,-9.0,1.0,-8.912295,50.0,1.0
-9.0,176.8267,1.0,68.59721,24.0,4.6690564,3.0718052,89.88199,1.297877,-9.0,5.0,34.0,3.0,53.77968,0.0,1.0,1.0,92.00946,100.0,9.0,2.0,1.0,80.0,1.0
59.297386,-8.009119,2.0,-9.0,-9.0,0.0,0.0,100.0,-7.0,7.0,8.0,3.9977753,3.0,33.0,0.0,1.0,1.0,104.336365,77.12705,2.0,3.0,2.0,84.25831,1.0
-9.0,239.08179,9.0,86.0,20.0,10.281952,1.0,67.63127,-7.0,-9.0,5.0,26.0,2.0,11.0,0.0,0.0,0.0,62.06571,88.0,13.713773,3.0,4.125271,71.0,1.0
68.0,-6.177769,5.0,20.233662,29.0,1.0,0.0,95.895805,70.73168,6.0,6.0,30.0,10.967521,-9.0,1.0,2.0,1.0880897,26.714808,-8.0,5.9830217,4.0,1.0,50.0,1.0
62.12438,52.95357,4.0,-9.0,9.0,1.0,1.0,81.88596,52.21051,6.0,4.0,14.0,3.0,33.0,0.0,0.0,0.0,86.97188,95.62604,3.0,2.2285905,2.0,100.0,1.0
57.48473,172.90286,24.955486,80.0,17.0,0.0,0.0,75.89834,2.404238,3.0,6.0,18.0,0.0,38.0,-7.0,0.0,0.0,70.00092,-8.0,6.0,2.0,1.0,85.112755,1.0
62.0,45.604904,1.0,55.995575,30.169678,9.19206,7.985429,100.0,-7.0,6.0,8.0,38.73777,4.0,56.911934,-7.0,13.5148945,12.276213,52.61716,41.720192,6.0,2.0,0.0,88.98443,1.0
57.65754,36.509125,5.0,-9.0,8.0,0.0,0.0,91.0,23.248886,6.0,6.0,9.0,3.0,23.0,1.0,0.0,0.0,61.540928,76.0,4.0,2.0,1.0,73.69037,1.0
73.0,138.63477,15.0,43.409546,11.863946,0.0,0.0,88.89296,45.292713,6.0,6.0,11.532665,1.0,55.976395,-7.0,0.0,0.0,116.20601,47.439114,1.0,2.0,0.0,91.29859,1.0
59.17949,155.1837,13.486143,101.83032,5.0353956,2.0,1.0,70.48136,8.606105,6.0,2.0,10.071412,0.0,11.0,0.0,0.0,0.0,94.41307,-8.0,4.0,1.0,1.0,88.98597,1.0
67.0,148.7842,7.0,39.17778,22.0,0.0,0.0,92.0,17.184792,6.0,6.0,28.980448,1.0,42.746162,-7.0,0.0,0.0,80.94183,73.90308,7.0,7.6909366,1.3671564,86.0,1.0
68.0,3.5449886,5.0,-9.0,10.566512,2.0,0.0,77.90656,12.558478,6.0,3.0,10.43914,3.0,31.0,5.0,0.0,0.0,1.0,83.52496,2.0,1.0,0.0,45.859455,1.0
57.015026,-6.3505,1.0,-9.0,10.839324,0.0,0.0,100.0,-7.0,7.0,8.0,9.0,6.0,25.0,0.0,1.0,1.9586303,57.559967,81.97927,8.0,2.0,1.0,75.0,1.0
65.38402,135.80676,1.0,24.08217,31.1177,0.0,0.0,100.0,-7.0,7.0,8.0,34.023857,6.0,67.646286,0.0,3.6521091,3.0,57.45615,93.0,7.0,4.1550574,2.0,77.30278,1.0
81.0,158.21619,30.867931,63.0,10.245105,0.0,0.0,100.0,-7.0,7.0,8.0,9.0,0.0,54.717823,-8.0,2.0,1.0,0.0,60.548637,1.0,1.0,0.0,67.62843,1.0
63.16379,182.08978,5.0,51.80553,-9.0,2.0,0.0,72.97544,24.064173,6.0,5.0,4.3984456,1.0,74.13608,2.0,2.0,2.0,81.21128,93.0,1.0,3.0,0.0,98.74849,1.0
68.0,90.901855,20.239754,80.0,11.530332,0.0,0.0,100.0,-7.0,6.0,8.0,9.0,0.40076283,22.0,0.0,10.798538,11.091516,41.43626,-8.0,4.0,-6.7015243,0.0,80.0,1.0
75.0,123.18933,36.22096,57.789627,5.1661506,0.0,0.0,100.0,-7.0,7.0,8.0,0.20425381,0.0,68.88129,0.0,0.0,0.0,18.231834,-8.0,2.0,1.0,0.0,100.0,1.0
62.0,377.57217,30.65643,115.27204,18.0,0.0,0.0,88.20654,31.7797,6.0,6.0,17.0,0.0,39.58627,0.0,2.0,2.0,90.77134,20.895311,5.0,2.0,3.0,87.79721,1.0
69.0,-9.0,5.0,60.42715,15.0,0.0,0.0,95.0,4.974942,4.0,6.0,4.031615,3.0,36.0,5.995594,0.0,0.0,1.0,85.62966,3.0,3.0,0.0,56.0,1.0
-9.0,-9.0,-9.0,-9.0,-9.0,-9.0,-9.0,-9.0,-9.0,-9.0,-9.0,-9.0,-9.0,-9.0,-9.0,0.0,-9.0,-9.0,-9.0,-9.0,-9.0,-9.0,-9.0,1.0
55.750313,147.69994,-7.8151007,48.156467,23.0,0.0,0.0,100.0,-7.0,7.0,8.0,21.0,3.0,38.0,0.0,11.21273,11.13824,47.85123,71.0,6.0,3.0,2.0,62.889565,1.0
62.933083,105.97677,3.0,61.0,26.0,4.7754216,7.1645923,86.54739,4.0,5.0,-9.0,37.0,2.0,18.0,1.0,4.9295774,4.371367,4.9041533,-8.0,3.0,1.0,0.0,44.0,1.0
61.626984,-4.6916986,1.0,-9.0,14.0,0.0,0.0,100.0,-7.0,7.0,8.0,17.0,6.0,29.0,0.0,4.0,3.0,49.939526,-8.0,5.0,2.0,0.16299197,93.62207,1.0
66.0,191.44566,1.0,62.61567,16.595247,1.0,1.0,86.84429,52.89428,6.0,4.0,16.0,4.0,21.212772,0.0,3.9377613,4.0,53.622242,93.76747,4.0,3.0,0.0,67.0,1.0
70.0,205.29706,5.410739,72.172585,21.0,0.0,0.0,85.88919,11.610889,6.0,6.0,17.0,2.0,17.322264,16.688868,0.0,0.0,27.215683,35.016792,6.0,1.0,2.0,57.0,1.0
54.1399,-9.0,-9.0,-9.0,-9.0,-9.0,-9.0,-9.0,-9.0,-9.0,-9.0,-9.0,-9.0,-9.0,-9.0,-9.0,-9.0,-9.0,-9.0,-9.0,-9.0,-9.0,-9.0,1.0
71.0,122.690475,7.0,22.95858,8.0,0.0,0.0,77.43345,60.72288,6.0,6.0,7.0,2.0,96.985115,0.0,0.0,0.0,2.0540712,94.41558,1.0,2.0,0.0,100.0,1.0
-9.0,-9.0,1.8647788,-9.0,23.0,0.0,0.0,100.0,-7.0,7.0,8.0,29.0,10.993055,14.007925,1.0,0.0,0.0,86.74615,83.61717,11.0,2.9066272,5.7271967,83.0,1.0
57.6077,242.8445,16.555698,86.0,38.75245,0.0,0.0,88.0,0.14262211,0.0,6.0,32.0,0.0,20.0,7.316572,1.0,1.0,24.258541,57.91651,5.0,2.0,2.0,49.55236,1.0
69.0,214.02168,23.437935,72.98414,20.0,1.0,1.0,100.0,-7.0,7.0,8.0,19.0,0.0,45.086754,0.0,0.0,0.0,36.0,13.79858,2.0,2.0,1.0,55.011063,1.0
70.0,148.03561,16.0,83.0,31.0,0.0,0.0,97.0,36.34848,6.0,6.0,32.0,0.0,38.0,0.0,2.0,2.0,67.921364,36.461525,3.0,3.0,1.0,67.0,1.0
62.39294,95.980606,3.0,60.960632,22.725327,2.0,2.0,100.0,-7.0,7.0,8.0,24.51985,5.0,50.0,0.0,4.3012214,5.0,14.067135,80.0,4.0,3.0,0.0,90.00025,1.0
75.0,61.950237,3.0,55.386868,13.0,0.0,0.0,100.0,-7.0,7.0,8.0,7.4033246,2.0,17.0,0.0,1.0,1.0,5.0,-8.0,3.0,1.0,1.0,50.0,1.0
69.0,166.22661,7.0,40.07786,15.0,0.0,0.0,94.0,16.34865,4.0,6.0,21.0,2.0,99.74366,-7.0,5.680655,5.0,-7.9227066,80.82599,0.7844599,2.0,0.0,84.51136,1.0
62.0,79.87061,2.0,-9.0,28.0,0.0,0.0,100.0,-7.0,7.0,8.0,29.0,4.0,41.075893,0.0,3.0,3.0,40.91699,77.862816,9.0,7.161856,0.0,79.73714,1.0
66.25373,76.43969,4.0,26.993832,15.12334,1.631292,0.0,84.18851,17.081964,4.0,5.0,19.0,3.0,46.73111,2.0,4.0,4.0,26.933704,54.67889,3.0,15.083392,1.0,80.0,1.0
69.0,67.221,13.0,-9.0,-9.0,0.0,0.0,100.0,-7.0,7.0,8.0,1.4655592,0.0,33.0,0.0,1.0,1.0,35.290073,-8.0,1.0,1.0,0.0,75.0,1.0
70.0,108.71488,10.0,-9.0,5.3417625,0.0,0.0,100.0,-7.0,7.0,8.0,6.138275,2.0,41.0,0.0,1.0,1.0,8.0,47.89526,3.0,1.0,0.0,69.68809,1.0
66.08728,197.50233,11.0,45.33697,12.0,1.0,1.0,94.40528,4.6123834,-9.0,5.9329624,12.478518,1.0,35.0,3.0,1.0,1.0,108.835464,60.784817,3.0,2.0,0.0,83.28807,1.0
80.767845,185.5274,23.871391,49.609512,7.0,0.0,0.0,100.0,-7.0,7.0,8.0,12.0,0.0,50.0,1.584625,1.0,1.0,0.0,-8.0,1.0,-6.104238,0.0,47.610622,1.0
78.956535,152.42111,9.0,39.450302,11.0,0.0,0.0,100.0,-7.0,7.0,8.0,7.8779616,2.0,77.01905,3.0,0.0,0.0,0.0,90.38694,1.0,2.0,0.0,63.0,1.0
-9.0,107.469826,3.0,54.388462,42.03081,0.0,0.0,94.681145,21.777529,6.0,6.0,42.74389,5.0,33.0,0.0,2.0,2.0,69.00182,-8.0,11.0,3.0,9.829776,80.0,1.0
54.020485,-9.0,4.0,-7.300443,13.990189,2.2594485,2.3995492,100.0,-7.0,7.0,8.0,13.694367,4.0,47.296463,0.0,2.0,2.0,35.878353,64.71929,4.576358,3.0,2.0,100.0,1.0
-9.0,151.8645,10.0,60.156364,19.157879,0.0,0.0,78.455055,31.10411,4.0,6.0,22.0,1.0,47.800835,-7.0,0.0,0.0,111.53,81.161354,6.0,4.0,2.0,85.44928,1.0
63.54414,108.51373,17.513597,63.0,21.0,0.0,0.0,100.0,-7.0,7.0,8.0,26.0,0.0,33.0,-7.0,0.0,0.0,84.178566,-8.0,5.0,2.0,3.0,57.0,1.0
72.65951,76.822525,14.0,-9.0,-2.7282226,0.0,0.0,100.0,-7.0,7.0,8.0,2.1489213,0.0,99.59037,0.0,2.0,1.0,0.0,78.137634,0.0,1.0,-8.355414,75.0,1.0
71.0,444.19086,5.0,91.98237,21.0,1.0,0.0,84.29818,24.22802,4.0,5.0,26.079248,2.0,54.787685,-7.0,2.0,2.0,22.861687,82.573875,4.0,4.0,0.0,73.39706,1.0
65.13436,153.91537,4.769152,37.032486,17.0,1.0,1.0,84.16865,-7.0,-9.0,2.0,17.0,3.0,24.0,2.0,0.0,0.0,34.007946,88.0,6.2072086,2.0,0.0,75.0,1.0
-9.0,93.20009,5.0,30.610878,31.0,1.0,0.0,97.0,16.288357,4.0,5.265768,43.957294,9.183253,50.0,0.0,9.198913,6.5618415,53.55708,56.08709,8.823217,8.916654,0.0,71.78683,1.0
67.661476,98.11687,1.0,5.616884,8.473034,0.0,0.0,100.0,-7.0,7.0,8.0,9.0,2.0,40.0,0.0,4.0,4.0,47.068115,115.46937,3.0,2.0,0.0,86.0,1.0
69.0,273.31323,34.727165,118.30759,8.661668,0.0,0.0,84.98223,48.716053,6.0,6.0,7.853705,0.0,11.0,1.0,2.0,2.0,73.85619,-8.0,7.0,-8.0,1.0,88.0,1.0
66.64733,163.24112,10.0,60.167343,22.0,2.0,1.0300014,88.0,0.7635479,1.4694327,3.1114645,21.11479,1.0,28.0,1.0,0.0,0.0,25.057413,70.50327,4.0,5.0,0.0,71.263985,1.0
63.36261,34.788483,2.0,37.70328,3.942731,2.0,1.0,81.56913,64.68627,6.0,2.6655407,3.901506,4.0,53.84035,0.0,7.5917544,5.668248,0.0,64.53327,1.0,2.0,0.0,70.151855,1.0
62.0,243.65303,2.0,46.629482,9.034418,3.8800542,0.0,75.695,31.236671,6.0,2.0190268,8.516275,4.0,30.0,1.7021637,1.0,1.0,42.856018,-8.0,4.0,-7.3441615,0.0,67.0,1.0
54.54294,179.97685,7.0,80.0,6.5650525,4.192771,0.38269037,-9.0,-7.0,-9.0,1.9410465,18.0,4.0,12.956082,-7.0,1.0,1.0,57.578217,-3.271648,4.0,1.0,0.0,83.0,1.0
64.25479,59.916798,6.0,63.0,20.0,8.573329,1.0,75.38161,28.08255,6.0,2.0,22.0,2.908615,31.0,0.0,2.0,2.0,46.038094,-8.0,8.0,2.0,3.8953776,100.0,1.0
68.23263,122.0774,3.0,41.288914,15.0,0.0,0.0,85.79118,28.407242,6.0,6.0,18.931532,2.0,24.167688,3.0,0.0,0.0,83.249954,9.550009,3.0,3.0,0.0,77.65483,1.0
64.11865,159.20407,5.0,68.0,12.0,3.51991,0.0,77.62981,50.972202,6.0,3.0,13.846644,4.0,68.62635,0.0,1.5433471,1.0,32.96365,88.74995,3.0,4.0,0.0,94.32642,1.0
71.0,46.405598,2.0,0.16484898,6.3307247,0.0,0.0,100.0,-7.0,7.0,8.0,7.224283,1.8050851,40.0,3.0,2.0,1.9579257,56.108223,-8.0,2.0,1.0,0.0,67.0,1.0
33.755005,45.808,6.0,53.470306,16.0,2.0,0.0,66.36125,23.130972,5.7854633,4.0,20.0,1.0,58.57404,0.0,16.373497,15.583601,56.759323,72.54415,2.0,3.0,1.194328,100.0,1.0
66.44747,119.02366,6.0,-1.8833551,18.0,0.0,0.0,100.0,-7.0,7.0,8.0,21.798407,2.0,17.0,1.0,0.0,0.0,56.269615,98.385605,5.9061804,2.0,2.0,75.0,1.0
63.278015,112.275314,4.0,30.457731,16.0,0.0,0.0,94.0,23.162743,4.651715,6.0,19.387228,4.0,21.491873,0.0,4.744045,5.0,46.05628,73.819534,6.0,5.0,1.0,80.0,1.0
63.0,147.91943,24.005238,71.0,10.52375,0.0,0.0,100.0,-7.0,7.0,8.0,7.1917434,0.0,17.0,0.0,2.0,2.0,119.144585,-8.0,6.0,-8.0,7.1112337,100.0,1.0
65.0,123.98786,7.0,0.4756913,13.0,0.0,0.0,100.0,-7.0,7.0,8.0,11.0,4.0,0.0,-7.0,0.0,1.0,50.756603,-8.0,6.0,1.0,0.0,80.0,1.0
-9.0,165.13211,2.0,46.725777,17.0,1.6213197,0.0,83.42354,2.0,2.4103954,5.0,24.0,3.0,71.240395,-8.0,1.0,1.0,1.0,77.906395,3.0,7.329772,0.0,77.451096,1.0
69.0,195.43166,1.0,60.46928,14.0,0.0,0.0,98.0,-7.0,-9.0,6.0,23.578558,4.0,31.868532,0.0,10.98228,11.153342,36.62701,93.24706,5.0,3.0,0.0,76.52873,1.0
69.0,164.77216,7.0,45.610394,8.0,1.0,1.0,100.0,-7.0,4.0,8.0,6.76958,2.0,64.360954,1.0,1.4123142,1.0,15.0,-8.0,2.0,2.0,0.0,86.0,1.0
55.874996,117.31213,2.0,34.39621,5.826213,1.0,1.0,100.0,-7.0,7.0,8.0,4.9541597,2.0,57.340534,0.0,1.9021456,1.0,104.600914,48.84564,5.0,2.0,3.0,100.0,1.0
59.06014,130.93472,6.0,-9.0,-9.0,0.0,0.0,100.0,-7.0,7.0,8.0,2.633535,5.265962,43.0,0.0,3.0,3.3808403,25.0,96.6803,2.0,2.0,0.0,100.0,1.0
62.0,164.25766,5.0,39.88446,11.0,0.0,0.0,85.93344,24.70382,6.0,6.0,9.498982,4.5578394,99.632675,0.0,4.0,3.648902,0.0,58.444023,1.0,3.0,0.0,85.819305,1.0
69.726135,-9.0,3.0,-9.0,10.0,0.0,0.0,100.0,-7.0,7.0,8.0,15.0,3.0,91.54934,0.0,3.0,3.0,9.070212,86.57672,1.0,6.335104,0.0,88.28402,1.0
67.0,78.93559,8.0,-9.0,7.0,0.0,0.0,100.0,-7.0,7.0,8.0,6.037852,1.0,81.09891,0.0,4.0,3.6976411,0.0,14.269202,0.0,3.0,0.0,67.0,1.0
64.0,-8.0,10.0,-9.0,7.9449883,0.0,0.0,100.0,-7.0,7.0,8.0,5.6729264,2.0,98.841,0.0,1.0,1.0,1.2736706,82.0,2.0,4.0,0.0,92.61305,1.0
-9.0,173.51477,5.0,62.33956,21.0,0.0,0.0,80.62696,27.771694,6.0,6.0,17.0,4.0,14.0,0.0,1.0,1.0,72.847916,73.84396,11.0,3.0,4.0,70.0,1.0
-3.7157714,158.21608,5.0,49.100525,10.0,8.462704,1.0,82.08341,22.068901,5.0,-4.5560203,13.0,5.0,36.590477,0.0,2.0,2.0,63.66836,16.65809,5.0,3.0,1.0,100.0,1.0
59.189716,-9.0,8.053663,22.091635,16.0,1.0,1.0,100.0,-7.0,7.0,8.0,17.0,2.0,9.811474,0.0,3.0,3.0,43.54126,-8.0,5.0,1.0,1.0,40.0,1.0
75.0,40.804592,14.077775,35.471214,19.0,0.0,0.0,100.0,-7.0,7.0,8.0,24.0,0.0,-9.0,20.900124,0.0,0.0,44.313343,-8.0,5.0,1.0,1.0,67.0,1.0
68.0,137.32365,9.0,54.99794,22.150946,4.1748195,0.0,79.07381,34.141495,7.0,2.0,28.0,3.0,74.90503,2.0,2.0,1.0,0.0,76.0,2.0,2.0,0.0,44.0,1.0
62.0,36.683525,2.0,-9.0,9.0,0.0,0.0,100.0,-7.0,7.0,8.0,7.478152,10.3416605,52.690243,7.372271,0.0,0.0,59.43037,100.0,5.0,3.0,0.0,99.94936,1.0
59.77211,-9.0,-9.0,-9.0,6.794943,0.0,0.0,100.0,-7.0,7.0,8.0,12.0,7.488691,28.050644,11.288838,2.0,1.0,43.359825,79.11879,2.0,2.0,1.0,56.0,1.0
-9.0,94.254326,15.0,62.196754,3.4528978,0.0,0.0,68.23977,-7.0,-9.0,6.0,3.9815025,0.0,32.0,-7.0,0.0,0.0,50.829407,-8.0,4.0,1.0,1.0,83.0,1.0
66.66215,197.11871,10.0,79.0,12.0,1.0,0.0,66.048485,8.714055,-9.0,5.0,18.054258,1.0,14.0,0.0,1.0,1.0,64.7785,87.42368,4.0,2.0,0.0,80.0,1.0
57.82228,-8.0,2.0,-9.0,12.307996,0.0,0.0,100.0,-7.0,7.0,8.0,15.0,6.0,0.0,0.0,2.1360545,3.0,32.35314,47.39455,9.614896,-8.0,1.0,72.16175,1.0
70.0,56.348225,16.0,39.356316,-9.0,0.0,0.0,100.0,-7.0,7.0,8.0,3.9965916,0.0,64.705864,-7.0,0.0,0.0,94.352455,62.18583,2.0,2.0,1.0,80.0,1.0
55.75994,120.443985,4.522549,41.582123,12.0,0.0,0.0,100.0,-7.0,7.0,8.0,10.0,2.0,38.850792,0.0,0.0,0.0,99.39527,21.139189,4.0,2.0,4.8182487,90.191666,1.0
36.924046,164.43863,4.0,74.0,-9.0,8.427698,4.926428,-9.0,17.21294,5.0,-9.0,5.4524794,3.0,36.0,0.0,4.0,4.0,87.316986,-8.0,1.0,1.0,1.0,100.0,1.0
63.0,17.445194,17.0,18.745243,-9.0,0.0,0.0,100.0,-7.0,7.0,8.0,1.9170882,0.0,98.79959,-7.0,5.0,4.1656303,0.0,83.84678,-5.0666323,1.9415983,-8.0,67.0,1.0
62.605083,118.53185,15.608653,64.842224,38.98124,0.0,0.0,100.0,-7.0,7.0,8.0,30.0,1.0,20.0,0.0,4.0,3.0,117.641846,-8.0,6.0,3.0,7.9260216,75.0,1.0
65.0,-5.099217,3.0,-9.0,4.637654,0.0,0.0,100.0,-7.0,7.0,8.0,3.9880524,4.0,91.767456,0.0,2.0,2.0,37.68223,97.3328,1.0,4.0,0.0,80.0,1.0
64.0,131.57985,9.0,49.55012,19.0,0.0,0.0,95.0,4.0,6.0,6.0,20.0,3.0,42.536556,0.0,1.0,1.0,6.0,76.0,5.0,4.0,0.0,50.0,1.0
-9.0,138.90482,3.0,58.093723,29.781878,7.9593897,0.0,67.12634,18.408245,6.0,2.5413647,38.237373,3.0,44.25886,0.0,2.258253,2.0,37.111885,71.0,7.0,3.0,2.0,71.0,1.0
-9.0,101.3936,14.0,48.15536,15.606764,0.0,0.0,89.0,-7.0,-9.0,6.0,16.185616,0.0,18.0,0.0,0.0,0.0,100.27652,61.40896,11.0,3.0,8.376052,100.0,1.0
63.818794,41.791622,3.0,36.721943,6.0,0.0,0.0,100.0,-7.0,7.0,8.0,5.6408353,3.0,19.0,0.0,3.0,3.0,58.563213,-8.0,3.0,1.0,3.0,77.85722,1.0
-9.0,-5.029466,2.0,-9.0,10.0,2.0,2.5790546,100.0,-7.0,4.0,8.0,10.404676,3.0,26.0,0.0,1.0,1.0,106.5782,95.12298,7.121861,2.0,0.0,83.0,1.0
58.194283,98.28758,5.0,42.92743,8.0,2.3033087,2.0,71.77003,38.14749,6.0,5.0,10.0,1.0,50.0,0.0,1.0,1.0,95.083664,94.540794,2.0,2.0,0.0,100.0,1.0
64.41975,300.13776,6.0,102.48331,10.0,2.0,0.0,64.599754,73.105,5.936835,2.0,13.527874,1.0,41.0,-7.0,4.0,4.1599703,89.00133,74.63856,3.0,2.0,1.0,100.0,1.0
62.464245,129.8092,8.0,61.0,12.0,0.0,0.0,92.0,36.27261,6.0,6.0,9.0,1.0,61.637894,6.3785777,0.0,0.0,118.06428,69.641235,2.0,4.0,1.0,88.0,1.0
65.0,114.5284,12.0,42.0267,9.0,0.0,0.0,86.70996,4.868886,6.0,6.0,10.0,0.0,99.979706,2.0,0.0,0.0,17.0,117.35709,1.0,3.0,0.0,100.0,1.0
80.0,183.99667,2.5642555,61.0,32.0,0.0,0.0,100.0,-7.0,7.0,8.0,52.50283,5.0,25.0,-8.0,2.0,2.0,16.03208,78.090866,9.0,3.0,0.0,74.51526,1.0
-9.0,267.40378,8.0,81.0,14.0,1.0,0.0,82.97562,-7.0,4.0,4.0,21.0,1.0,19.503328,11.04853,1.0,1.0,109.61092,-8.0,8.0,-8.0,4.0839214,88.0,1.0
64.0,173.18489,7.0,67.06701,21.0,0.0,0.0,95.0,32.889877,6.0,6.0,13.0,2.0,8.8421,2.0,1.6697111,1.0,56.589848,-8.0,3.0,1.0,0.0,67.40335,1.0
79.0,135.93907,22.744755,66.80093,7.773188,0.0,0.0,100.0,-7.0,7.0,8.0,12.0,0.0,54.089573,-7.0,0.0,0.0,1.0,-8.0,1.0,1.0,0.0,43.0,1.0
47.72931,34.404594,2.0,-9.0,10.0,2.0,1.0,88.89047,52.97628,6.0,3.5350838,11.0,3.0,16.0,0.0,2.9976542,2.0466578,43.25587,-8.0,2.0,1.0,1.0,67.0,1.0
-9.0,79.04511,1.0,29.927065,28.0,0.0,0.0,100.0,-7.0,7.0,8.0,30.0,4.0,48.60389,0.0,3.0,2.0,73.03,83.24826,6.111405,6.6209,2.0,80.481705,1.0
58.265907,140.21361,4.0,86.0,12.616651,4.401405,1.0,73.55382,6.5468154,4.0,3.0,15.0,3.0,47.0,-8.0,0.0,0.0,52.501568,62.912518,3.0,2.0,0.0,79.04342,1.0
56.82052,152.55402,2.0,54.530304,39.0,0.0,0.0,94.0,20.327682,6.0,6.0,46.71678,8.425624,39.0,1.0,2.2157636,2.0,72.07573,80.0,9.0,6.926723,2.0,80.0,1.0
60.093822,176.31935,26.641825,57.62257,15.0,1.6909932,0.0,80.2649,6.0,3.1500432,6.0,13.0,0.0,49.997543,0.0,3.0,3.0,81.70473,94.722855,3.0,5.0,2.0,100.0,1.0
58.521687,278.51846,2.0,71.54251,33.0,9.568182,2.7206843,73.91537,36.230736,6.0,2.0,43.12065,3.0,75.96505,0.0,2.0,2.0,53.279152,72.353645,3.0,9.257269,1.0,80.0,1.0
69.0,59.36435,5.0,-9.0,13.0,0.0,0.0,100.0,-7.0,7.0,8.0,18.568249,2.0,76.290474,-8.0,5.9372253,5.036515,1.0,89.227745,1.0,2.0,0.0,60.0,1.0
68.0,210.58089,10.0,67.0,25.0,2.3554473,1.0,90.43967,15.325805,6.0,3.026341,31.389345,2.0,-9.0,9.736549,1.0,1.0,36.513184,-8.0,6.0,-8.0,1.0,59.473106,1.0
-9.0,73.39016,9.989391,37.508026,2.8293993,0.0,0.0,81.04333,34.23533,5.087174,5.0,3.9814708,1.0,60.582283,1.0,5.5932674,5.1258397,111.11766,83.96352,1.0,2.0,2.0,75.0,1.0
59.37847,159.4577,17.508045,44.938007,11.604078,0.0,0.0,100.0,-7.0,7.0,8.0,10.0,0.0,28.0,2.0,2.0,1.0,111.330894,-8.0,6.0,-8.0,4.0,80.0,1.0
62.65153,180.85316,2.891936,15.106761,12.0,0.0,0.0,95.0,39.073822,6.0,6.0,11.254822,3.0,40.0,0.0,2.0,2.0,65.30713,98.34924,3.0,3.0,2.0,80.0,1.0
69.0,170.7931,2.0,60.091717,28.0,0.0,0.0,97.0,6.0,0.0,5.0,26.0,4.0,5.001622,13.703188,0.0,0.0,41.61931,67.636734,5.0,2.0,2.6178594,50.0,1.0
64.0,145.06871,4.0,47.511856,27.0,3.8127997,3.9776149,89.0,13.086635,6.0,5.0,30.0,5.545628,69.80267,0.0,2.0,2.0,31.047523,63.215164,4.0,7.8122945,0.0,88.0,1.0
-2.3884006,101.51844,3.0,18.427729,21.0,7.201518,7.7617555,83.91936,-7.0,-9.0,2.0,29.0,8.730544,38.0,1.0,4.0,3.100822,23.436361,70.95196,4.0,6.0,0.0,71.0,1.0
56.215458,193.04878,5.579219,39.019604,17.954565,1.0,1.0,100.0,-7.0,7.0,8.0,21.0,3.0,99.67615,-7.0,0.0,0.0,91.84159,78.90581,1.0,5.0,1.0,83.0,1.0
65.0,-8.0,14.930142,32.271328,17.0,1.0,1.0,85.05759,31.95163,6.0,2.0,17.068213,1.0,56.880787,-7.0,1.0,1.0,118.90821,100.0,1.0,3.0,0.0,80.0,1.0
64.93604,40.863136,4.0,-1.8462596,15.0,3.0,1.0,90.0,2.5075622,-9.0,2.0,18.0,2.0,37.393253,0.0,2.0,2.0,39.71388,93.0,5.0,4.103515,1.0,71.0,1.0
76.0,127.18348,12.0,41.523525,23.665127,0.0,0.0,100.0,-7.0,7.0,8.0,20.451893,0.0,30.0,0.0,3.0,3.0,28.59544,-8.0,6.0,2.0,0.0,58.214817,1.0
63.405415,186.50401,6.0,62.604065,20.69712,0.0,0.0,90.68832,17.884802,2.2490382,6.0,21.0,3.0,57.075226,0.0,1.0,1.0,91.484535,82.09904,5.021944,3.0,2.0,80.0,1.0
58.03873,41.711792,4.0,-9.0,7.5345035,0.0,0.0,100.0,-7.0,7.0,8.0,7.0,4.0,57.10677,0.0,1.0,1.0,111.520325,65.713684,1.0,4.0,2.0,90.64442,1.0
71.0,159.66902,11.0,64.28953,12.0,0.0,0.0,86.16897,23.022057,6.0,6.0,16.0,0.0,42.569237,4.0,0.0,0.0,76.468925,70.84797,3.0,2.0,1.0,73.0,1.0
-9.0,-9.0,5.0,29.554663,12.797261,2.0,1.0,73.883354,4.0,1.3346332,2.0,5.10027,4.0,40.0,5.4926276,0.0,0.0,56.945526,91.89053,4.0,2.0,1.0,80.027855,1.0
68.0,147.71812,5.0,55.172287,27.13492,0.0,0.0,95.0,52.743324,6.0,6.0,27.0,5.0,22.0,0.0,3.0,3.0,22.97047,-8.0,3.032975,1.129004,3.7618241,50.0,1.0
-9.0,159.86101,5.0,40.33518,28.0,0.0,0.0,100.0,4.0,6.0,6.0,29.0,4.0,18.922104,0.0,3.0,2.0,100.394646,78.580505,9.702548,2.0,3.0,70.20394,1.0
61.403835,93.52087,3.0,61.269016,9.092007,2.745245,2.562083,78.43114,25.426935,3.547994,5.0,10.0,2.0,44.283817,-8.0,11.66157,9.876275,29.086554,74.78415,4.0,2.0,1.0,80.0,1.0
63.980183,79.82494,3.0,-9.0,13.0,0.0,0.0,88.0,5.289912,4.0,6.0,18.67145,4.0,13.119585,1.0,3.0,3.0,31.935747,-8.0,3.0,2.0,0.0,43.0,1.0
63.490707,-9.0,5.0315943,-9.0,5.1120515,0.0,0.0,100.0,-7.0,7.0,8.0,3.4869816,3.0,80.967445,-7.0,3.0,3.0,0.0,98.08108,1.0,2.0,0.0,70.0,1.0
68.0,-8.806658,2.0,61.0,15.0,0.0,0.0,96.31239,2.0,6.0,6.0,12.0,3.0,35.54014,0.0,1.0,1.0,7.0,74.98098,4.0,4.0,1.0,50.0,1.0
67.0,-9.0,5.0,21.91212,9.0,0.0,0.0,100.0,-7.0,7.0,8.0,9.0,4.0,98.56225,0.0,2.0,2.0,92.34233,88.74486,1.0,2.0,1.0,100.0,1.0
-9.0,-9.0,2.0,-9.0,12.0,0.94100094,1.0,100.0,-7.0,6.0,8.0,14.0,7.3536534,75.76761,-8.0,0.0,0.0,41.545692,93.0,4.0,3.0,1.0,88.0,1.0
70.0,115.61806,8.0,6.3149614,18.0,1.0,0.0,93.68643,7.7223563,6.0,5.0,19.567316,1.0,56.326195,0.0,2.0,1.0,0.0,-8.0,1.0,-8.0,0.0,21.956333,1.0
74.0,125.130974,5.0,50.816242,-9.0,1.0,0.0,86.51392,81.5805,6.0,5.0,0.678984,1.0,63.419094,0.0,1.0,1.0,25.22235,100.0,1.0,2.0,0.0,100.0,1.0
68.82118,99.34286,29.943216,41.494347,13.0,0.0,0.0,100.0,-7.0,7.0,8.0,16.0,0.0,29.0,-7.0,0.0,0.0,70.785545,-8.0,3.0,2.0,2.0,73.0,1.0
-9.0,125.639435,36.93889,76.0,5.2617292,1.0,0.0,-9.0,7.7370367,6.0,5.0,1.7790917,0.0,-9.0,0.0,3.0,2.1231134,93.152824,-8.0,4.0,1.0,3.0,88.0,1.0
-9.0,194.3408,10.043905,62.18464,11.630298,1.0,1.0,85.39524,-3.184344,-7.029978,5.0,13.0,2.0,56.475616,-7.0,1.0,1.0,92.62918,55.077953,4.0,2.0,2.0,100.0,1.0
-9.0,-9.0,15.0,-9.0,9.0,0.0,0.0,82.93217,16.43646,4.0,6.0,12.0,0.0,55.50091,-7.0,3.0,3.0,80.28691,93.85577,4.0,4.0,4.0,100.0,1.0
59.417656,52.437786,13.010229,49.247498,14.0,1.0,0.0,76.17159,18.893366,6.0,5.0,17.0,0.0,42.0,0.0,2.0,2.0,58.07742,56.934643,2.0,2.0,1.0,88.42998,1.0
65.0,187.24292,8.0,61.005035,30.0,1.0,0.0,93.0,23.905657,5.5372033,3.0,27.0,2.0,40.0,6.88863,0.0,0.0,83.49575,76.84132,8.387789,3.0,1.0,81.746,1.0
75.0,173.31018,19.744831,64.06418,9.261548,0.0,0.0,100.0,-7.0,7.0,8.0,9.0,0.0,55.769875,0.0,3.5077834,3.0,21.0,-8.0,2.0,1.0,0.0,83.0,1.0
68.0,128.79546,3.0,48.46418,16.0,1.0,1.0,88.15167,30.892296,6.0,4.0,23.0,3.0,65.86359,0.0,2.0,2.0,76.61748,46.23948,2.0,13.343911,0.0,100.0,1.0
56.30161,160.63304,12.7492485,61.0,19.0,0.0,0.0,88.0,-7.0,4.0,5.0,20.0,0.0,68.23527,16.0,0.0,0.0,73.172424,-8.0,4.0,3.0,0.0,100.0,1.0
-9.0,78.186226,4.9208446,-9.0,13.0,0.0,0.0,83.621506,14.228202,6.0,6.0,17.47301,2.0,76.85858,0.0,2.0,1.844833,28.929928,49.129192,2.0,4.0,0.0,70.3243,1.0
62.0,130.39687,6.0,66.201035,2.182307,2.5131986,2.0,68.82388,37.2142,6.0,5.0,10.461579,2.0,38.883705,0.0,0.0,0.0,16.0,-8.0,1.0,1.0,0.0,52.722237,1.0
59.568657,118.68058,1.0,37.21237,23.0,3.0,0.0,90.0,27.251816,6.0,3.0,29.0,7.407263,17.0,0.0,0.0,0.0,24.728579,80.0,8.447039,3.0,1.0,67.0,1.0
58.45952,279.6298,4.0,82.0,29.934746,3.097683,0.0,88.0,4.0,4.0,4.6098647,32.0,3.0,35.0,0.0,4.0,3.579342,64.09479,73.44302,9.0,3.0,1.0,81.158554,1.0
69.58082,165.45132,24.47469,65.10545,7.0,0.0,0.0,78.03212,1.0,0.92156684,6.0,15.0,0.0,68.344025,-8.0,0.0,0.0,109.84274,-8.0,1.0,1.0,0.0,89.24134,1.0
59.124634,25.167053,2.0,-9.0,13.273803,3.2643812,3.4315915,90.04269,59.615955,6.0,2.0,16.0,1.0,25.0,0.0,6.3837605,6.275936,25.0,100.0,2.0,3.0,1.0,58.9074,1.0
68.0,98.5436,-9.0,36.56006,13.0,0.0,0.0,100.0,-7.0,7.0,8.0,14.0,4.0,14.0,0.0,2.0,2.0,8.111917,17.917404,4.0,1.0,2.0,50.0,1.0
56.14255,82.51108,2.0,54.11548,27.0,0.0,0.0,100.0,-7.0,7.0,8.0,29.0,6.122502,54.10423,-8.0,9.175025,6.8312216,57.209763,98.42107,9.0,3.0,4.0,83.0,1.0
68.0,31.64506,-9.0,-9.0,6.6848097,0.0,0.0,100.0,-7.0,7.0,8.0,8.0,6.401338,17.0,-7.0,2.0,2.0,26.751131,-8.0,3.0,2.0,1.205083,54.67421,1.0
57.906715,119.76685,6.0,-9.0,7.820701,0.0,0.0,100.0,-7.0,7.0,8.0,8.975646,3.0,52.080963,0.0,1.0,1.5752698,81.5514,-8.0,2.0,2.0,1.0,80.0,1.0
64.5719,113.61721,3.0,46.655148,24.0,2.0,0.0,96.0,46.823547,6.0,3.0,22.0,4.0,18.0,0.0,1.0,1.0,45.81751,-8.0,7.369386,1.0,1.0,60.0,1.0
73.0,50.265427,1.0,64.450775,18.0,0.0,0.0,100.0,-7.0,7.0,8.0,8.0,4.0,60.988365,-7.0,2.0686245,2.303735,47.914993,89.258156,2.0,3.0,1.0,67.0,1.0
79.0,143.5625,14.0,62.191643,14.0,0.0,0.0,100.0,-7.0,7.0,8.0,16.0,0.0,71.26286,2.0,0.0,0.0,23.102371,-8.0,2.0,1.0,0.0,100.0,1.0
66.96868,164.42564,7.0,58.25108,17.0,0.0,0.0,86.170135,10.732597,4.0,6.0,15.0,2.0,17.0,16.30002,0.0,0.0,33.914574,92.55281,4.0,1.0,1.0,52.350483,1.0
65.0,98.92466,13.0,44.05693,21.0,0.0,0.0,100.0,-7.0,7.0,8.0,20.0,0.0,43.0,0.0,1.0,1.0,57.51465,73.49185,9.278439,5.188777,3.0,100.0,1.0
-9.0,39.791317,9.0,-9.0,-4.3863955,0.0,0.0,100.0,-7.0,7.0,8.0,1.491154,1.0,97.58222,0.0,2.0,2.0,0.0,81.54539,1.0,2.0,0.0,63.0,1.0
60.17696,134.04887,5.0,71.33749,25.0,1.5714558,0.0,88.0,13.216646,6.0,5.0,12.166403,3.0,33.0,5.0,1.0,0.0,32.22237,89.17981,5.0,7.933581,1.0,70.57147,1.0
58.03797,55.858826,10.0,-4.295476,5.919108,0.0,0.0,100.0,-7.0,7.0,8.0,5.672313,0.0,49.768158,0.0,0.0,0.0,118.31429,-8.0,4.0,1.0,2.0,100.0,1.0
70.0,69.623245,3.0,30.918724,19.0,0.0,0.0,100.0,-7.0,4.0,8.0,18.707357,4.0,-9.0,0.0,1.0,1.0,8.83233,-8.0,3.0,1.0,0.0,40.0,1.0
59.06896,60.941433,3.0,28.008165,12.845743,2.0,2.0,84.77591,30.229143,6.0,5.0,14.0,4.0,15.0,0.0,2.0,2.0,106.260704,62.04049,4.0,2.0,2.0,87.44998,1.0
64.22241,43.91444,17.0,-9.0,-9.0,0.0,0.0,100.0,-7.0,7.0,8.0,1.5807617,0.0,72.83989,0.0,2.0851183,2.0,62.30708,7.5693336,2.0,2.0,0.0,100.0,1.0
76.0,147.0461,23.03576,61.0,22.0,0.0,0.0,100.0,-7.0,7.0,8.0,26.0,0.0,53.817955,-7.0,1.9833893,2.0,9.445383,79.18337,2.0,3.0,0.0,64.0,1.0
68.22673,176.38454,22.120043,70.64417,4.8827467,0.0,0.0,96.0,-7.0,6.0,6.0,8.0,0.0,16.240425,0.0,0.0,0.0,102.37848,-8.0,3.0,1.0,1.6873469,100.0,1.0
72.0,83.68989,2.0,57.284294,23.0,0.0,0.0,100.0,-7.0,6.0,8.0,13.0,4.0,72.679276,0.0,3.0,3.0,45.156788,93.90051,3.0,5.0,0.0,99.42162,1.0
67.0,219.18666,11.0,42.135082,6.941628,0.0,0.0,79.9721,58.914738,6.0,6.0,9.0,0.0,44.284065,1.0,1.0,1.0,78.50849,-8.0,1.0,1.0,0.0,73.0,1.0
66.0,170.9843,2.0,48.648975,28.0,0.0,0.0,100.0,-7.0,7.0,8.0,31.0,3.0,11.662919,0.0,0.0,0.0,72.74148,100.0,7.0,2.0,0.0,88.42532,1.0
67.24527,36.342846,7.4253407,37.35485,4.0195575,0.0,0.0,100.0,-7.0,7.0,8.0,4.6530375,0.0,22.0,3.9269226,0.0,0.0,40.90927,-8.0,3.0,-9.0,2.7594995,60.0,1.0
59.907467,153.49292,3.0,55.53723,21.0,2.0,0.0,85.162476,3.4506352,3.0,6.0,29.0,10.65234,39.0,0.0,0.0,0.0,23.705881,82.0,4.0,4.0,0.0,80.0,1.0
65.0,100.7983,8.0,44.571213,14.0,0.0,0.0,100.0,-7.0,7.0,8.0,13.427829,1.0,45.409283,-7.0,1.0,1.0,76.99869,81.99437,6.0,5.0,2.7047873,100.0,1.0
65.0,162.1069,7.0,15.2168665,12.0,2.9537623,0.0,86.66109,27.369246,6.0,2.0,13.0,2.0,18.0,-7.0,1.0,1.0,74.09107,-8.0,3.571231,2.0,0.0,88.0,1.0
63.54533,120.38759,12.0,21.039762,3.0045524,1.0,1.0,100.0,-7.0,6.0,8.0,7.0,1.0,89.77705,0.0,2.0,2.0,32.0,84.02357,2.0,2.0,0.0,100.0,1.0
-9.0,-9.0,9.0,-9.0,-9.0,1.0,1.7414131,100.0,-7.0,-9.0,8.0,3.9854443,3.0,55.45059,-7.0,4.0,3.443141,82.22401,53.75368,2.0950365,2.0,0.0,100.0,1.0
72.0,44.844517,1.0,-9.0,8.0,0.0,0.0,100.0,-7.0,7.0,8.0,15.0,5.4303846,88.2184,-7.0,1.0,1.0,0.0,98.6471,2.0,3.0,0.0,93.79338,1.0
59.40423,256.2238,2.0,72.449326,17.237844,9.729272,3.9682274,77.20168,14.212618,-9.0,2.0,17.0,3.0,46.0,0.0,6.581955,6.2461786,28.0,-8.0,3.0,2.0,1.0,56.0,1.0
57.213924,75.31197,2.0,-9.0,8.938661,0.0,0.0,100.0,-7.0,7.0,8.0,11.182573,2.0,20.0,0.0,2.0,2.0,71.43697,-8.0,4.0,2.0,1.0,83.0,1.0
57.706722,123.20448,3.0,53.76727,14.0,0.0,0.0,100.0,-7.0,7.0,8.0,16.0,3.4228206,23.522509,0.0,7.276898,6.959562,85.04854,-8.0,3.0,1.857603,1.5452816,50.0,1.0
-9.0,32.613785,3.952501,19.733837,10.0,0.0,0.0,100.0,-7.0,7.0,8.0,9.915029,6.0,15.0,-7.0,2.0,2.0,114.7206,-8.0,11.0,1.0,9.935093,100.0,1.0
66.0,135.0396,3.0,62.333035,9.0,0.0,0.0,83.298744,22.646584,6.0,6.0,12.0,3.0,21.0,-7.0,1.0,1.0,45.761974,95.011055,6.0,2.0,1.0,100.0,1.0
62.0,297.22305,34.70001,78.58708,14.0,6.0069695,1.0,86.86289,1.1005591,-9.0,5.0,16.0,0.0,98.39525,0.0,0.0,0.0,0.0,-8.0,1.0,2.0,0.0,91.01575,1.0
68.17783,150.82376,2.0,56.95811,27.0,0.0,0.0,100.0,-7.0,7.0,8.0,31.0,4.405318,9.122323,0.0,2.0,2.0,35.938396,-8.0,4.0,1.0,1.0,49.483757,1.0
-9.0,-5.57709,2.0,-9.0,5.5126653,1.0,1.0,77.70979,17.489159,6.0,2.0,4.131887,3.0,47.0,0.0,1.0,1.0,55.755768,51.934513,1.0,2.0,0.0,80.0,1.0
67.084015,99.83208,7.0,-9.0,13.0,2.0,0.0,89.33738,8.5639925,4.0,4.382052,14.0,4.0,56.141907,0.0,3.0,2.1250558,17.882635,98.7494,2.0,5.0,0.0,60.0,1.0
-9.0,-9.0,-9.0,-9.0,-9.0,-9.0,-9.0,-9.0,-9.0,-9.0,-9.0,-9.0,-9.0,-9.0,-9.0,-8.060822,-9.0,-9.0,-9.0,-9.0,-9.0,-9.0,-9.0,1.0
38.367058,123.668915,3.0,54.612083,33.0,2.0,0.0,88.018555,4.0,5.0,3.0,35.0,10.420704,39.0,0.0,2.0,2.0,28.0,40.168976,8.230961,4.0,0.0,71.0,1.0
71.0,121.94095,7.0,16.944633,10.065145,0.0,0.0,86.58594,9.376553,4.0,5.0,9.0,2.0,68.192665,1.0,0.0,0.0,3.0,81.62112,1.0,2.0,0.0,67.0,1.0
-9.0,-9.0,3.0,-9.0,17.0,0.0,0.0,91.222305,34.00571,6.0,6.0,17.812782,4.0,32.0,0.0,3.0,3.0,84.18223,87.42543,6.0,3.0,4.254177,77.05903,1.0
56.736385,170.89421,2.0,63.0,65.45827,0.0,0.0,97.0,4.0,3.2840068,6.0,58.010765,10.0492935,48.448895,0.0,18.268242,18.523027,48.761917,91.46956,9.0,19.542215,5.308858,75.33245,1.0
66.0,152.25618,32.78866,53.330315,7.0,0.0,0.0,100.0,-7.0,7.0,8.0,8.591471,0.0,75.074394,-7.0,7.644136,6.8718967,28.0,-8.0,1.0,2.0,0.0,72.216034,1.0
60.521664,150.31023,2.0,49.58609,9.49826,0.0,0.0,18.858091,19.291803,6.0,6.0,12.0,3.0,44.87577,0.0,0.0,0.0,84.945076,57.728367,3.0,2.0,2.0,78.07307,1.0
-9.0,120.58448,11.0,48.391598,32.167374,2.3113322,1.0,83.11453,4.0,4.0,2.0,36.138454,2.0,42.0,1.5582908,3.9441187,3.0,116.945404,50.033695,11.0,4.0,10.602226,96.864586,1.0
62.0,69.04957,17.998243,-9.0,14.0,1.0,1.0,100.0,-7.0,6.0,8.0,15.0,0.0,32.0,0.0,2.0,2.0,74.10388,-8.0,7.0,1.0,2.0,83.0,1.0
75.0,52.23043,21.300568,-9.0,3.116979,0.0,0.0,100.0,-7.0,7.0,8.0,4.1219873,0.0,99.99952,11.508503,0.0,0.0,1.0,51.78648,-9.0,1.0,0.0,71.0,1.0
-9.0,131.84286,16.803923,64.90411,9.07539,1.4919113,1.0,44.579323,15.701128,4.0,5.0,17.0,1.0,97.071045,0.0,1.0,1.0,107.88234,71.93726,1.0,2.0,0.0,99.32696,1.0
63.0,230.63133,2.0,70.76213,13.0,0.0,0.0,94.0,16.617916,2.1740491,5.0,12.0,2.0,40.0,11.406368,1.0,1.0,83.91904,79.55775,3.0,3.0,1.0,87.481735,1.0
-9.0,216.23918,6.0,92.22204,17.0,1.0,2.0,84.9478,1.3077607,-9.0,5.0,28.0,2.0,55.776897,0.0,3.0,2.0,34.1806,-8.0,2.0,4.0,0.0,50.0,1.0
74.0,-8.000891,22.472904,-9.0,12.0,0.0,0.0,100.0,-7.0,7.0,8.0,7.2383885,0.0,46.0,0.0,2.0,2.0,35.240356,-8.0,4.0,2.0,0.0,64.0,1.0
18.490345,120.62071,25.239004,64.87891,8.448372,9.806481,8.900645,66.39325,-7.0,-9.0,3.0,14.0,0.0,67.94114,0.0,0.0,0.0,13.248663,-8.0,1.0,2.0,0.0,70.0,1.0
58.57056,54.91018,6.0,29.519285,8.72221,2.9973342,2.863974,100.0,-7.0,7.0,8.0,3.680739,1.0,64.980415,-8.0,2.0,2.0,72.23376,37.992363,1.0,2.0,0.0,83.0,1.0
60.49572,94.44582,5.0,23.73776,10.0,0.0,0.0,100.0,-7.0,7.0,8.0,7.0,3.0,30.167105,3.0,3.0,3.0,66.29257,-8.0,3.0,2.0,4.0,80.44971,1.0
68.82918,-8.0,4.0,-9.0,4.187088,0.0,0.0,100.0,-7.0,7.0,8.0,3.9840732,2.0,35.07812,0.0,1.0,1.0,0.0,-8.0,1.0,1.0,0.0,50.0,1.0
74.63692,69.36285,2.0,42.74298,7.0578265,0.0,0.0,100.0,-7.0,7.0,8.0,5.8140683,2.0,74.64285,-7.0,1.0,0.0,1.0,73.50644,1.0,3.0,0.0,88.62224,1.0
70.0,137.07114,16.490305,37.42759,21.0,0.0,0.0,100.0,-7.0,7.0,8.0,30.267052,0.0,75.87644,-8.0,0.0,0.0,73.33738,71.19467,4.0,4.0,2.0,88.28816,1.0
75.0,299.2764,2.0,84.63956,34.0,0.0,0.0,100.0,-7.0,-9.0,6.0,47.631115,6.0,41.0,0.0,2.0,2.0,26.453709,56.244812,6.0,6.0,1.0,78.0,1.0
70.0,120.018814,5.0,29.247034,20.0,0.0,0.0,100.0,-7.0,7.0,8.0,22.0,4.0,99.982346,0.0,2.0,1.0,0.0,99.093376,1.0,4.3173375,0.0,100.0,1.0
-9.0,-9.0,-9.0,-9.0,-9.0,-9.0,-9.0,-9.0,-9.0,-9.0,-9.0,-9.0,-9.0,-9.0,-9.0,-9.0,-9.0,-9.0,-9.0,-9.0,-9.0,-9.0,-9.0,1.0
56.59906,119.36843,3.0,-9.0,-9.0,2.0,2.0,100.0,-7.0,7.0,8.0,0.0738089,3.0,33.0,-8.0,2.0,1.0,24.841925,-8.0,2.0,1.0,-9.0,90.19221,1.0
62.0,89.88401,11.0,-9.0,8.0,1.0,0.0,77.79858,7.3909135,6.0,5.0,8.0,0.0,44.887974,0.0,1.0,1.0,0.6079128,-8.0,1.0,1.0,0.0,25.0,1.0
59.782803,82.07082,1.0,43.97196,12.0,2.0,2.167904,100.0,-7.0,6.0,8.0,11.0,10.650583,56.991795,1.0,3.0,3.0,24.441916,14.11379,2.0,2.0,0.0,50.0,1.0
56.36977,148.95914,2.4779146,-4.0356207,19.0,2.0,2.0,91.38248,33.818176,4.0,5.0,18.0,8.278055,46.0,0.0,3.0,4.0,49.408863,88.92811,4.0,4.0,0.0,71.23696,1.0
66.0,167.80241,11.0,37.411644,-7.8998866,1.0,1.0,86.01414,4.0,1.0662141,2.0,3.7743964,0.0,56.620415,7.0,0.0,0.0,53.34912,4.668305,1.0,1.0,0.0,84.90511,1.0
66.55636,69.0886,4.0,28.35718,9.0,0.0,0.0,92.17381,-7.0,-9.0,6.0,7.158229,2.0,46.712368,0.0,1.0,1.0,0.0,9.545734,2.0,1.0,0.0,81.389145,1.0
68.447014,-8.0,3.0,-9.0,12.507509,0.0,0.0,100.0,-7.0,7.0,8.0,13.290641,2.0,20.0,0.0,1.0,1.0,44.388695,58.903553,2.0,3.0,2.0,67.0,1.0
72.0,199.27612,24.389496,42.8551,-9.0,0.0,0.0,100.0,-7.0,7.0,8.0,4.5430117,0.0,28.0,1.0,0.0,0.0,54.78944,-8.0,4.0,1.0,0.0,100.0,1.0
-9.0,219.6469,15.0,75.0,12.061704,1.0,1.0,60.06319,-7.0,4.0,5.0,18.0,0.0,40.490417,0.0,2.0,2.0,118.47721,18.672646,3.0,2.0,1.0,71.06639,1.0
64.0,174.65614,6.0,72.0,11.458604,1.0,0.0,82.46159,47.002743,6.0,4.274004,9.0,2.0,33.0,0.0,4.6448703,4.0,94.14602,-8.0,2.0,1.0,2.0,68.572014,1.0
65.02435,31.879232,10.0,53.860683,-9.0,1.0,1.0,100.0,-7.0,7.0,8.0,-6.5941763,1.0,15.309594,-8.0,0.0,0.0,119.980034,-8.0,2.0,-8.0,-9.0,100.0,1.0
63.0,182.81227,4.0,56.178417,14.290025,2.0,0.0,77.81577,9.123444,6.0,5.0,19.0,3.0,19.882847,2.0,0.0,0.0,73.61215,83.95375,4.0,2.0,2.0,73.0,1.0
61.779377,152.83664,2.0,60.20752,6.0,0.0,1.0,88.0,16.272938,6.0,5.1047277,15.0,5.82761,24.013868,0.0,3.0,3.0,69.05773,-8.0,3.0,1.0,1.0,75.0,1.0
62.0,200.06131,13.75599,71.7589,24.0,1.0,0.0,82.4719,13.252374,4.197988,4.0460653,24.0,0.0,38.0,8.769474,0.0,0.0,61.163303,67.10807,7.0,3.0,3.0,80.0,1.0
64.54927,75.16921,15.0,33.471897,10.97041,0.0,0.0,77.69435,4.9159236,6.0,6.0,9.258487,0.0,57.801956,2.6433892,0.0,0.0,19.0,44.491814,2.238038,2.0,0.0,80.723694,1.0
64.01902,183.93977,4.0,46.579376,34.0,0.0,0.0,100.0,-7.0,7.0,8.0,35.679024,5.0,39.0,0.0,3.0,3.0,56.86506,66.527725,8.0,6.9357753,3.0,70.5263,1.0
59.353836,232.53566,7.0,64.61986,43.786037,0.0,0.0,92.03409,8.660691,6.0,6.0,47.724747,3.0,40.0,0.0,4.0,3.0,51.321453,71.0,9.0,5.0,2.0,77.52951,1.0
-9.0,-9.0,-9.0,-9.0,-9.0,-9.0,-9.0,-9.0,-9.0,-9.0,-5.617309,-9.0,-9.0,-9.0,-9.0,0.0,0.0,-9.0,-9.0,-9.0,-9.0,-9.0,-9.0,1.0
58.020386,158.3783,2.0,28.252823,22.0,0.0,0.0,79.54462,11.529677,6.0,6.0,25.372131,4.996133,50.0,0.0,1.0,1.0,43.063084,91.0,4.0,5.0,0.0,67.0,1.0
65.0,26.54131,22.616873,62.318787,-9.0,1.7368014,1.0,69.87469,10.90245,4.0,3.3581963,3.4723227,0.0,83.9435,2.0,0.0,0.0,5.0,51.36937,1.0,2.0,0.0,97.44631,1.0
65.78293,147.1196,2.0,59.313515,8.815164,2.0,1.0,70.78007,45.294025,6.0,2.0,8.0,3.0,44.0,0.0,3.0,2.0,21.723486,-8.0,2.0,1.0,0.0,64.0,1.0
79.0,149.41628,28.474073,95.237366,-9.0,0.0,0.0,100.0,-7.0,7.0,8.0,3.9883785,0.0,42.0,9.57519,0.0,0.0,0.0,-8.0,1.0,-8.0,0.0,30.786814,1.0
59.535122,128.8674,4.0,58.0,36.0,0.0,0.0,100.0,-7.0,7.0,8.0,35.0,2.0,20.872175,0.0,4.7378073,4.0,80.127235,94.63003,7.96428,2.0,3.0,83.0,1.0
65.54242,63.555737,7.0,29.201384,18.0,0.0,0.0,100.0,-7.0,7.0,8.0,18.0,2.0,50.0,0.0,3.0,2.0,68.29936,93.03935,4.0,6.0,0.0,98.28779,1.0
74.0,158.49144,12.748184,48.23407,13.848837,0.0,0.0,100.0,-7.0,7.0,8.0,11.0,1.0,15.30599,0.0,2.0,2.0,36.284058,-8.0,5.0,-8.0,1.0,100.0,1.0
70.0,52.027912,4.0,41.18745,26.0,2.0,1.3804047,89.0,26.588924,6.0,6.0,28.0,4.0,86.364105,7.0,1.0,1.0,41.05981,67.649864,2.0,3.0,0.0,100.0,1.0
60.760586,-8.0,-9.0,-9.0,16.0,0.0,0.0,100.0,-7.0,7.0,8.0,16.0,9.378569,50.0,0.0,1.0,1.0,84.322464,51.50277,2.0,5.0,1.0,83.0,1.0
59.684887,100.16795,17.0,41.43627,4.3259006,1.0,1.0,76.911606,14.891885,6.0,5.0,7.7593093,0.0,42.0,-7.0,0.0,0.0,112.67834,-8.0,2.0,1.0,1.0,75.0,1.0
85.0,62.08038,19.056515,52.44162,8.0,0.0,0.0,100.0,-7.0,7.0,8.0,7.3164372,0.0,33.0,0.0,0.0,0.0,-0.078624435,-8.0,-1.6540182,-8.0,0.0,1.3514006,1.0
40.78775,325.732,8.0,118.815384,15.0,5.1494184,6.298944,74.80283,-7.0,-9.0,5.6398106,19.0,1.0,52.98706,-7.0,5.4650383,4.0,71.28492,-8.0,2.0,3.0,1.0,74.45866,1.0
68.0,95.57632,8.0,-9.0,7.204352,0.0,0.0,100.0,-7.0,7.0,8.0,11.129535,2.0,76.89044,-7.0,0.0,0.0,0.0,52.03642,0.0,2.0,0.0,50.0,1.0
-9.0,160.708,2.0,33.74053,17.0,0.0,0.0,92.0,31.664135,6.0,6.0,15.0,6.0,69.650856,0.4213517,0.0,0.0,114.12505,65.50058,6.0,7.9547243,2.0,100.0,1.0
64.0,196.14027,11.0,55.359707,11.0,1.0,0.0,82.94137,35.76547,6.0,6.0,12.411499,0.0,18.860332,0.0,0.0,0.0,92.05713,-8.0,3.0,1.0,1.0,71.30014,1.0
71.0,218.36359,4.0,44.632687,17.0,0.0,0.0,100.0,-7.0,7.0,8.0,23.0,3.0,75.9177,-7.0,1.0,1.0,32.71821,70.92505,4.0,4.151523,1.0,83.28393,1.0
-9.0,71.11491,5.0,-9.0,13.0,1.0,0.0,77.57665,7.3248696,6.0,6.0,17.25506,3.0,94.06513,-7.0,0.0,0.0,-1.8766937,39.38577,1.0,2.0,0.0,71.0,1.0
61.905895,-8.566047,7.0,27.340643,15.0,0.0,0.0,85.80187,11.872288,4.0,6.0,19.0,1.0,33.0,-7.0,2.0,2.0,32.0,37.706554,3.0,3.0,1.0,50.0,1.0
72.61853,275.78937,16.0,65.0,21.0,3.0,0.0,80.4106,16.930729,4.7216206,3.0,26.713833,0.0,40.0,21.767546,0.0,0.0,1.0,91.0,2.0,2.0,0.0,50.0,1.0
-9.0,78.009995,4.6350145,-9.0,12.096718,1.0,1.0,91.0,6.8949056,-9.0,5.0,12.0,6.0,23.0,0.0,2.0,2.0,54.459488,45.740067,5.0,3.0,2.0,76.464874,1.0
28.565002,243.94252,10.0,115.432915,17.0,1.0,0.0,76.004585,1.0,4.0,6.0,19.0,1.0,30.0,0.0,5.767821,5.0708294,92.55127,65.524124,8.834285,2.0,9.013657,83.99641,1.0
61.088623,123.54475,2.637128,61.952564,25.177029,0.0,0.0,93.0,31.694752,6.0,6.0,25.0,1.0,20.0,0.0,5.0,5.0,90.05866,11.84499,7.8291078,2.0,4.0,80.0,1.0
65.0,120.28588,25.36128,55.90321,-9.0,0.0,0.0,100.0,-7.0,7.0,8.0,2.3008893,0.0,96.08583,0.0,2.0,1.0,0.0,58.196236,0.0,1.0,-9.0,83.93545,1.0
63.94247,106.567444,3.0,37.03647,13.334909,0.0,0.0,100.0,-7.0,7.0,8.0,15.0,2.0,31.849918,0.0,2.0,2.0,93.99117,93.52488,2.0,2.0,1.0,83.0,1.0
63.0,237.50305,22.61335,75.0,24.85539,1.0,0.0,85.5549,1.9179685,4.0,5.0,31.521263,0.0,57.06645,0.0,4.0,3.3089817,36.07707,-8.0,5.0,1.0,1.0,80.0,1.0
68.0,168.89145,11.696202,72.0,10.175087,0.0,0.0,100.0,-7.0,7.0,8.0,9.0,0.0,57.524063,0.0,1.0,1.0,119.612305,-8.0,2.0,1.0,4.0352044,100.0,1.0
71.0,103.0362,12.410317,46.657913,8.0,0.0,0.0,100.0,-7.0,7.0,8.0,8.464552,0.0,93.63286,0.0,0.0,0.0,0.0,40.55377,1.0,1.0,0.0,56.972233,1.0
71.010506,78.71828,16.0,56.22778,-9.0,0.0,0.0,100.0,-7.0,7.0,8.0,3.7803056,0.0,71.88263,-8.0,0.0,0.0,0.0,68.67564,-2.152322,1.8432647,-9.0,65.431854,1.0
67.46714,119.62446,17.575836,45.265926,7.0,0.0,0.0,100.0,-7.0,7.0,8.0,4.3528295,0.0,20.410086,1.0,2.0,2.0,63.683685,-8.0,2.0,1.0,0.0,45.048298,1.0
58.47998,177.15204,6.0,93.256096,9.0,3.462937,0.0,88.0,25.64509,4.0,2.0,13.0,2.0,50.942528,0.0,6.9899945,6.88642,94.75107,80.119,2.0,3.0,2.7371025,89.59406,1.0
-9.0,-9.0,-9.0,-9.0,-9.0,-9.0,-9.0,-9.0,-9.0,-9.0,-9.0,-9.0,-9.0,-9.0,-9.0,-9.0,-9.0,-9.0,-9.0,-9.0,-9.0,-9.0,-9.0,1.0
68.0,283.69955,20.0,92.788025,13.0,0.0,0.0,100.0,-7.0,7.0,8.0,14.0,0.0,37.92993,0.0,2.0,1.0,48.018414,-8.0,6.0,2.0,3.0,88.0,1.0
68.0,-8.0,-9.0,-9.0,11.0,0.0,0.0,100.0,-7.0,7.0,8.0,11.0,5.0,38.573254,-7.0,3.0,3.0,21.775904,100.0,3.0,1.0,1.0,67.90674,1.0
68.0,292.0161,3.0,66.08292,36.0,3.0,3.2761447,85.576355,31.37903,6.0,2.0,46.97225,3.0,21.0,0.0,2.0,2.0,52.56619,77.99873,4.0,4.0,2.0,56.0,1.0
-9.0,-9.0,-9.0,-9.0,-9.0,-9.0,-9.0,-9.0,-8.927235,-9.0,1.4843453,-9.0,-8.257056,-9.0,-9.0,0.0,0.0,-9.0,-8.0,-9.0,-8.0,-8.3275795,-9.0,1.0
67.0,10.941728,4.0,21.019663,13.0,0.0,0.0,100.0,-7.0,7.0,8.0,15.0,2.0,63.009647,0.0,2.0,2.0,6.3542423,93.0,2.0,3.0,0.0,57.0,1.0
63.991245,225.76773,1.0,62.080666,40.798084,0.0,0.0,96.0,68.99291,6.0,6.0,42.89316,10.933925,29.715397,0.0,1.0,1.0,33.13035,82.1103,6.0,4.0,2.0,71.0,1.0
55.686817,145.65938,7.0,42.378082,10.347983,0.0,0.0,100.0,-7.0,7.0,8.0,12.869749,1.0,-9.0,-1.5267961,0.0,0.0,99.363464,-8.0,6.0,2.0,8.033848,99.813675,1.0
68.0,118.54026,30.95958,23.290014,5.4454927,0.0,0.0,100.0,-7.0,7.0,8.0,9.0,0.0,99.55878,0.0,1.0,0.0,1.0,-8.0,1.0,2.0,0.0,75.0,1.0
57.878773,231.07559,8.0,61.0,15.0,3.0,2.0,71.58077,17.181643,6.0,2.312508,22.0,3.0,59.97498,0.0,3.0,3.0,28.0,-4.8224745,4.0,2.0,1.0,83.791405,1.0
66.0,-9.0,6.0,-9.0,-9.0,0.0,0.0,100.0,-7.0,7.0,8.0,2.817567,2.0,38.0,0.0,0.0,0.0,0.0,69.251976,1.0,1.0,-8.0,63.0,1.0
56.89036,142.42284,13.27531,52.343204,10.783912,1.0,0.0,78.361305,29.362886,6.0,5.0,13.0,0.0,55.13865,0.20883587,0.0,0.0,117.173874,53.4453,3.0,2.0,3.0,86.0,1.0
62.596706,84.2895,23.32147,29.75037,3.9767582,1.0,0.0,68.92445,6.0,4.0,5.0,8.97259,0.0,57.937794,0.0,0.0,0.0,119.89353,78.216225,0.0,4.0,0.0,100.0,1.0
64.0,50.02818,2.0,-9.0,7.0,0.0,0.0,100.0,-7.0,7.0,8.0,9.0,4.0,57.04559,-7.0,1.0,1.0,17.604258,-8.0,3.0,2.0,0.0,70.614044,1.0
66.607544,65.921234,9.0,42.907265,19.0,0.0,0.0,90.0,5.755055,4.0,6.0,19.0,2.0,12.151742,3.0,0.0,0.0,1.9450464,-8.0,2.0,-8.0,0.0,16.757307,1.0
61.94292,289.28122,23.026556,105.73863,12.622073,0.0,0.0,58.77261,-7.0,-9.0,5.0,18.85558,0.0,29.13223,0.0,3.5367272,4.0,27.79685,-8.0,5.0,1.0,0.0,100.0,1.0
63.0,70.06276,2.173238,22.444128,13.113098,0.0,0.0,100.0,-7.0,7.0,8.0,12.971627,5.164416,32.0,-8.0,1.0,1.0,73.20827,99.21629,4.0,2.0,2.0,91.37625,1.0
54.658253,95.57431,7.0,42.065323,9.0,0.0,0.0,100.0,-7.0,7.0,8.0,7.0,1.0,64.734146,0.49237564,2.0,2.0,89.02188,84.25205,2.0,3.0,2.0,75.0,1.0
54.881428,133.68605,4.0,61.0,16.0,2.0,1.0278579,82.59976,2.221249,1.472724,6.0,16.0,2.0,24.0,0.0,4.414501,4.0,77.6311,33.55121,5.0,4.0,2.0,75.71178,1.0
57.166878,254.14114,10.0,90.0,13.0,9.682536,9.528534,38.208233,10.20334,3.3634906,-9.0,17.0,0.0,49.35852,0.0,3.0,3.0,104.50635,62.105713,4.0,2.0,1.0,100.0,1.0
-9.0,-9.0,3.0,-9.0,14.0,0.0,0.0,100.0,-7.0,7.0,8.0,18.0,10.829333,-9.0,21.79512,0.0,0.0,32.0,-8.0,6.808332,1.0,3.0,75.0,1.0
65.0,159.01973,16.0,32.116558,3.4109051,4.503855,4.519328,75.272125,69.78652,6.0,3.0,9.0,0.0,96.78935,0.0,1.0,1.0,13.175982,-8.0,1.0,1.0,-8.0,75.63099,1.0
70.0,158.78426,2.0,72.7305,26.0,3.5904713,0.0,79.58859,79.21327,6.0,2.0,28.792904,3.0,33.20779,1.0,3.0,2.0,59.42617,84.04483,3.0,3.0,0.0,84.26437,1.0
73.0,66.6915,1.5111167,28.626556,9.88137,0.0,0.0,93.490166,23.41163,6.0,6.0,13.0,3.0,60.233078,0.0,3.0,3.0,-8.34648,68.57804,1.0,2.0,0.0,56.0,1.0
68.0,304.555,4.6419554,100.34584,23.365063,1.0,2.0,90.0,45.0975,4.0,-6.8250976,24.0,3.0,33.0,4.0,2.0,3.0,25.6304,72.91661,2.0,2.0,0.0,63.0,1.0
70.0,99.84917,0.8914644,36.161034,11.313081,0.0,0.0,100.0,-7.0,7.0,8.0,14.0,2.0,18.0,1.0,3.0,3.0,55.2753,-8.0,3.0,-8.0,0.0,60.0,1.0
63.0,258.58304,4.0,58.347794,6.0,4.7950034,7.194514,100.0,-7.0,6.0,8.0,17.554352,1.0,19.468925,0.0,1.0,1.0,32.0,-8.0,2.0,-8.0,0.0,54.22763,1.0
66.37924,58.165184,12.0,81.0,22.0,0.0,0.0,100.0,-7.0,7.0,8.0,21.0,0.0,19.0,0.0,0.0,0.0,72.6303,71.0,11.0,2.0,4.325593,80.0,1.0
71.0,133.21715,4.0,81.22898,17.0,0.0,0.0,100.0,-7.0,4.0,8.0,17.0,2.0,14.0,0.0,0.0,0.0,86.92839,-8.0,5.0,-8.0,0.0,76.405136,1.0
69.0,206.16185,2.0,62.565,26.0,0.0,0.0,100.0,-7.0,7.0,8.0,26.0,5.0,57.181232,2.0,0.0,0.0,64.40001,-8.0,4.0,3.0,1.0,80.0,1.0
56.4887,30.479057,23.437937,50.941063,13.0,0.0,0.0,100.0,-7.0,7.0,8.0,14.0,0.0,11.130057,1.0,5.0,4.0,103.84609,-8.0,9.223152,2.0,7.3765807,90.069954,1.0
63.576893,181.39984,19.356209,56.752316,7.478698,1.0,1.0,100.0,-7.0,7.0,8.0,12.0,0.0,67.87911,-7.0,0.0,0.0,63.690487,84.933525,1.0,2.0,2.0,80.0,1.0
-9.0,231.55635,39.72599,79.46303,9.0,1.0,1.0,80.86232,-7.0,-9.0,6.0,11.0,0.0,50.0,12.0,0.0,0.0,93.79096,-8.0,3.0,1.0,3.0,69.133446,1.0
56.429058,133.01427,5.0,38.608448,13.0,1.0,1.0,100.0,-7.0,6.0,8.0,20.828688,2.0,48.037937,8.1286,0.0,0.0,94.72807,-8.0,2.0,2.0,1.0,67.0,1.0
66.0,-1.1221998,3.0,-9.0,12.0,0.3184706,0.0,100.0,-7.0,7.0,8.0,13.645385,8.9583845,15.117879,0.0,3.0,3.0,13.0,37.22289,4.0,2.0,0.0,56.19305,1.0
61.792778,135.1492,1.0,-9.0,6.897499,0.0,0.0,100.0,-7.0,7.0,8.0,12.206132,3.0,44.0,0.0,2.0,2.0,94.966866,80.0,3.0,2.0,0.0,100.0,1.0
66.0,347.03015,22.498661,82.60329,17.0,1.6495612,1.0,87.72539,17.669882,4.0,6.0,24.0,0.0,57.989506,3.0,2.0,1.0,63.57937,82.0,3.0,7.7628393,-6.4444814,100.0,1.0
59.51561,155.13309,3.0,-9.0,19.49215,0.0,0.0,100.0,-7.0,7.0,8.0,24.0,10.423069,50.0,-7.0,0.0,0.0,8.0,91.0,2.0,2.0,0.0,50.0,1.0
62.9489,38.254753,15.0,34.344715,-9.0,0.0,0.0,100.0,-7.0,7.0,8.0,3.2115488,0.0,64.6405,-8.0,1.0,0.0,103.2601,46.748478,3.0,2.0,3.0,91.491615,1.0
63.0,103.460075,9.988282,51.46061,31.95442,0.0,0.0,100.0,-7.0,7.0,8.0,37.445747,3.0,42.0,20.056652,0.0,0.0,59.965626,93.82216,9.0,3.0,5.952846,69.122795,1.0
66.0,232.24196,11.357063,74.350204,19.0,0.0,0.0,93.0,23.11376,4.0,6.0,20.0,1.0,23.0,3.0,1.0,1.0,31.407051,76.0,6.215002,2.0,2.0,60.0,1.0
60.20374,214.8792,3.0,92.03419,25.0,1.0,1.0,90.0,12.4188175,4.0,5.0,27.03051,2.0,19.476912,0.0,1.0,1.0,40.883785,100.0,10.3779,3.0,7.2330475,75.0,1.0
79.0,-9.0,4.0,41.65129,21.0,0.0,0.0,100.0,-7.0,7.0,8.0,20.851036,2.0,96.583466,-7.0,3.0,3.0,14.4440775,90.12533,2.0,15.224184,0.0,100.0,1.0
78.81332,176.36613,5.0,29.81096,7.0,0.0,0.0,100.0,-7.0,7.0,8.0,14.0,3.0,8.834614,0.0,2.7982843,2.0,0.0,-8.0,1.9197311,-8.0,0.0,41.499283,1.0
64.0,123.57614,17.0,66.199165,12.69439,0.0,0.0,75.249,23.348381,6.0,6.0,14.0,0.0,46.61253,0.0,3.0,2.0,26.269716,15.794118,2.0,2.0,0.0,63.0,1.0
78.055595,78.27688,16.0,28.842247,12.707822,0.0,0.0,100.0,-7.0,7.0,8.0,14.106837,0.0,83.38352,0.0,0.0,0.0,0.0,36.416286,2.0,3.0,0.0,80.0,1.0
69.0,170.9405,2.6653628,61.598206,7.909952,0.0,0.0,61.24451,16.626839,6.0,6.0,9.0860405,2.0,22.01885,1.0,1.0,1.0,46.61713,92.15187,2.0,1.0,1.0,60.0,1.0
55.839836,65.36447,16.0,29.747223,-6.6810055,0.0,0.0,100.0,-7.0,7.0,8.0,4.1234145,0.0,99.97857,0.0,0.0,0.0,-8.755731,88.50047,0.0,2.0,-9.0,89.210205,1.0
-9.0,129.5565,18.426256,74.023026,28.310513,0.0,0.0,92.64496,15.491557,6.0,6.0,29.0,0.0,21.788208,0.09817773,5.0,4.0,83.72625,-8.0,19.991907,2.0,10.402298,100.0,1.0
70.0,27.919209,17.0,48.193302,6.2706056,0.0,0.0,100.0,-7.0,7.0,8.0,1.4122312,0.0,37.0,0.0,1.0,1.0,21.0,7.0689287,1.0,1.0,0.0,60.0,1.0
56.975582,77.0194,2.0,8.501529,32.0,0.0,0.0,100.0,16.925901,5.0,6.0,40.062557,8.583272,22.0,16.115778,0.0,0.0,64.674095,82.93969,9.0,4.0,4.2615123,75.0,1.0
61.544617,139.1383,21.263355,79.0,30.0,3.6419334,0.0,74.745316,4.8049264,5.505793,2.0,43.06192,0.0,25.0,0.0,4.0,3.0,53.442955,-8.0,9.0,2.0,8.223484,75.0,1.0
71.0,80.37314,41.410473,24.931108,6.565885,0.0,0.0,100.0,-7.0,7.0,8.0,7.0,0.0,100.0,-7.0,0.0,0.0,-8.660523,48.169117,0.0,2.0,-9.0,100.0,1.0
70.374344,48.307404,28.285059,54.569206,10.0,0.0,0.0,100.0,-7.0,7.0,8.0,12.0,1.0,13.0,0.0,0.0,0.0,60.942776,-8.0,4.0,1.0,1.0,61.360016,1.0
61.77047,71.490746,4.0,38.763866,22.135403,0.0,0.0,97.0,47.17193,6.0,6.0,26.0,4.0,27.937773,1.0,5.589014,5.121204,61.213177,88.0,4.0,2.0,0.0,64.0,1.0
69.0,116.287445,18.236649,20.636019,5.3409276,0.0,0.0,100.0,-7.0,7.0,8.0,11.0,0.9291863,24.571695,-7.0,4.0,4.0,56.80307,-8.0,3.0,1.0,0.0,71.5742,1.0
62.92867,35.84417,-9.0,55.335354,21.548378,2.5130286,2.1876159,87.927086,1.0,2.6038294,4.0,24.098267,4.0,43.133038,1.0,1.0,1.0,23.427288,77.160385,2.0,2.0,0.0,55.16578,1.0
67.0,174.78613,3.0,39.031105,14.0,0.0,0.0,100.0,-7.0,7.0,8.0,21.0,7.2994637,21.0,2.564124,2.0,2.0,93.29901,-8.0,6.3125224,2.0,3.0,88.83203,1.0
61.860523,121.95101,3.0,6.1857715,9.0,2.0,2.0,89.11428,46.36274,1.589816,6.0,10.0,2.0,44.0,0.0,4.575241,4.8069034,84.05745,82.0,2.0,2.0,0.0,78.0,1.0
59.498474,81.354614,7.0,11.198771,7.3714805,0.0,0.0,100.0,-7.0,7.0,8.0,6.2924595,5.0,38.0,0.0,3.147154,3.0,93.88383,69.89771,4.0,2.0,1.0,80.0,1.0
67.5536,145.81001,7.0,65.0,17.0,1.0,0.0,88.0,1.3277051,-9.0,5.0,24.079767,2.0,85.43178,18.780184,0.0,0.0,55.929832,63.81756,2.0,2.0,0.0,70.0,1.0
-9.0,-9.0,6.0,-9.0,7.0,0.0,0.0,100.0,-7.0,7.0,8.0,8.737047,6.0,91.709915,-7.0,0.0,0.0,72.04372,74.21758,3.0,5.0,1.0,91.96943,1.0
57.767506,140.34027,8.0,24.438,-1.2339561,0.0,0.0,91.63311,13.216648,6.0,6.0,8.0,1.0,47.0,0.0,0.0,0.0,97.19475,-8.0,2.0,1.0,0.0,100.0,1.0
-9.0,136.88547,1.0,32.93252,22.0,0.0,0.0,92.0,36.677876,6.0,6.0,25.0,5.0,62.87675,0.0,17.261307,17.587513,70.36595,97.56565,4.0,6.6642265,5.7536273,80.0,1.0
63.0,119.07787,1.0,56.542618,14.0,0.0,0.0,100.0,-7.0,7.0,8.0,15.0,6.7915897,41.061653,0.0,10.442086,8.575913,60.51315,93.64317,3.0,6.4388847,2.0,75.0,1.0
62.0,56.345413,21.797592,-9.0,-9.0,0.0,0.0,100.0,-7.0,7.0,8.0,2.1224165,0.0,38.0,0.0,0.0,0.0,102.68265,-8.0,3.0,1.0,1.0,100.0,1.0
68.601555,153.37349,10.0,57.95056,23.0,1.0,0.0,92.0,22.591621,6.0,6.0,23.0,2.0,43.0,-7.0,0.0,0.0,45.341496,67.83932,3.0,6.5083447,0.0,82.787865,1.0
65.0,108.6327,5.0,20.480886,21.0,0.0,0.0,100.0,-7.0,7.0,8.0,20.614832,3.0,29.097292,1.0,1.0,1.0,42.13027,-8.0,6.0,1.0,3.0,67.0,1.0
-9.0,108.5933,9.0,37.16815,-6.3106623,4.772579,1.0,65.666534,50.672153,6.0,2.0,1.1521325,1.0,100.0,0.0,0.0,0.0,0.0,100.0,-6.8036394,2.0,-9.0,77.92901,1.0
57.58207,134.05544,17.0,64.207115,30.0,1.0,0.0,94.0,8.581257,4.0,6.0,30.040054,0.0,42.821243,0.0,2.996537,2.0,54.59246,-8.0,6.0,6.3195057,1.0,80.0,1.0
59.80679,244.87854,3.0,67.56553,18.0,0.0,0.0,82.542625,4.391641,4.0,6.0,21.271461,4.0,14.0,3.252221,2.6542947,2.0,46.367985,-8.0,3.0,1.0,2.0,60.0,1.0
58.07348,7.9109154,4.0,-9.0,3.2752635,0.0,0.0,100.0,-7.0,7.0,8.0,3.4886718,1.0,44.0,0.0,4.0,3.4520502,25.0,-8.0,2.0,-8.0,-2.6260042,50.0,1.0
-9.0,198.2287,3.0,57.66288,39.0,4.9381633,0.0,84.65062,23.781094,6.0,2.9513512,46.905876,6.4453526,20.0,0.0,0.0,0.0,62.54904,69.80253,8.000696,3.0,4.745649,78.0,1.0
62.0,38.601315,5.0,-9.0,10.2381735,0.0,0.0,100.0,-7.0,7.0,8.0,7.0,2.0,8.328058,0.0,2.0,2.0,68.63178,58.273296,4.0,1.0,2.0,63.665234,1.0
62.348248,106.096825,3.0,6.398198,9.0,0.0,0.0,85.01825,50.465454,6.0,6.0,8.08525,3.0,30.0,0.0,3.0,3.0,38.707584,-8.0,1.0,1.0,0.0,64.30081,1.0
68.0,174.28412,27.666624,77.0,39.0,2.0,1.0,89.15255,-7.0,-9.0,2.0,45.951195,0.0,55.71275,1.0,2.6108887,2.0,9.248106,-8.0,3.0,2.0,0.0,56.437164,1.0
66.17442,69.41606,3.0,52.57245,14.7492285,1.3185287,0.0,90.0,6.0,3.5111983,5.0,15.0,4.0,6.8448606,0.0,1.0,1.0,11.0,98.72247,4.0,2.0,0.0,50.0,1.0
64.8027,-8.53949,9.0,-9.0,17.0,1.0,0.0,89.60794,26.988358,6.0,4.0,20.0,1.0,15.0,0.0,1.0,1.0,50.09394,71.04871,5.0,1.0,1.0,44.0,1.0
75.21616,120.49292,3.0,36.19083,15.0,0.0,0.0,95.0,73.71888,6.0,6.0,15.0,3.0,18.0,0.0,2.0,2.0,4.7314177,69.16292,2.0,2.0,0.0,46.55608,1.0
82.0,223.8995,2.0,72.513306,-6.8776956,0.0,0.0,100.0,-7.0,7.0,8.0,5.6104226,1.0,33.59849,0.0,0.0,0.0,16.0,38.53377,2.0,1.0,0.0,60.0,1.0
-9.0,167.93086,15.0,57.655987,24.0,0.0,0.0,86.54404,7.396094,6.0,6.0,32.126606,0.3711779,75.018364,-7.0,0.0,0.0,119.87851,65.79095,3.0,7.0469155,7.0848255,100.0,1.0
76.0,128.87315,18.948418,43.508682,5.559217,0.0,0.0,100.0,-7.0,7.0,8.0,6.365118,0.0,38.0,0.0,1.0,1.0,0.0,-8.0,1.0,1.0,0.0,14.640957,1.0
42.676548,-9.0,4.0,-9.0,33.301098,0.0,0.0,100.0,-7.0,7.0,8.0,36.012512,10.855343,15.0,0.0,2.0,1.0,59.697487,40.846107,22.469032,5.0,9.56653,67.0,1.0
64.53648,-8.218729,3.314831,39.228985,26.0,0.0,0.0,100.0,-7.0,7.0,8.0,26.0,8.83295,57.755116,-8.0,0.0,0.0,37.10407,100.0,3.0,2.0,1.0,80.0,1.0
73.0,185.48065,9.0,56.35317,18.0,0.0,0.0,90.0,17.989576,6.0,6.0,24.0,6.0,97.17584,1.0,0.0,0.0,6.0,28.131899,1.0,3.0,0.0,100.0,1.0
56.728054,132.23608,3.0,46.95283,33.056107,0.0,0.0,93.6575,-7.0,-9.0,6.0,38.973083,6.0,36.0,2.0,2.0,2.0,70.89421,92.88867,5.0,7.3270144,2.1779392,76.34173,1.0
65.0,-8.301775,3.0,-9.0,15.197445,2.0,2.0,82.51405,4.18658,6.0,2.0,14.0,6.0,27.650276,8.830433,2.0,2.0,8.0,93.746956,1.2303889,4.0,0.0,50.0,1.0
61.93835,50.678795,7.0,49.214996,28.0,1.0,0.0,86.38699,3.4396436,6.0,4.0,25.0,10.41511,18.0,1.0,2.0,2.0,63.342712,60.931267,6.0,4.0,0.0,76.46897,1.0
69.0,84.39644,4.0,20.884733,12.1519575,0.0,0.0,100.0,-7.0,7.0,8.0,10.342115,1.0,99.42299,0.0,2.0,1.0,0.0,92.73388,-1.4408691,2.0,0.0,50.0,1.0
61.58457,31.608273,2.0,31.590996,17.0,0.0,0.0,100.0,-7.0,7.0,8.0,21.506294,4.8797398,45.0,0.0,3.0,4.0,52.909763,-8.0,3.0,1.0,2.0,71.0,1.0
37.804604,127.07392,9.0,-9.0,6.8159003,0.0,0.0,94.0,6.38406,4.0,6.0,-9.0,3.0,60.028774,0.0,2.0,1.0,11.0,-8.0,1.0,2.0,0.0,86.0,1.0
-4.2352824,280.61606,18.24743,80.0,12.0,0.0,0.0,70.21747,6.0,4.0,6.0,13.0,0.0,46.0,0.0,0.0,0.0,94.325165,75.90955,6.0,4.948494,5.0927896,91.54753,1.0
64.0,170.30211,2.0,61.0,9.0,4.376719,2.0,77.376236,13.116114,6.0,3.0,12.0,2.0,17.0,1.0,1.0,1.0,59.31936,78.21974,3.0,2.0,1.0,80.0,1.0
66.0,-8.0,15.0,33.980278,-9.0,0.0,0.0,100.0,-7.0,7.0,8.0,-9.0,0.0,40.11408,1.0,1.0,1.0,66.48173,-8.0,1.0,-1.406059,0.0,75.0,1.0
55.06544,-9.0,17.0,-9.0,8.559944,0.0,0.0,88.0,9.117831,6.0,6.0,8.639565,0.0,33.0,2.0,2.0,1.0,99.98741,-8.0,2.0,1.0,3.4963968,60.0,1.0
69.47658,184.49112,16.0,123.05354,13.0,2.0,1.0,78.04231,8.365903,4.0,6.0,15.0,0.0,44.38344,0.0,2.0,2.0,45.977177,-8.0,3.0,1.0,0.0,64.23873,1.0
61.119553,162.06276,14.21552,77.0,12.802036,2.0,2.0,84.04611,23.169613,6.0,6.0,13.917956,1.0,63.206703,-7.0,2.0,2.0,68.14621,48.716503,1.0,3.0,-9.0,100.0,1.0
65.0,157.95549,4.0,61.0,18.0,2.0,1.0,95.360306,36.65136,4.0,4.0,19.0,1.0,80.844,0.0,3.0,3.0,44.305515,83.706154,2.0,3.0,0.0,56.69286,1.0
68.0,182.96605,1.0,55.02378,39.0,0.68318087,0.0,96.0,36.81396,6.0,5.0,47.48962,5.0,40.0,0.0,2.0,1.044146,70.989746,88.33594,5.0,6.178279,0.0,75.0,1.0
54.09266,140.17249,5.0,40.918514,12.0,0.0,0.0,100.0,-7.0,7.0,8.0,10.0,2.0,52.044758,0.0,0.0,0.0,110.81208,18.743393,4.0,2.0,2.0,100.0,1.0
-9.0,190.24928,13.851776,57.310028,10.0,0.0,0.0,79.7543,0.7933455,3.0,6.0,13.977589,1.0,16.961355,16.0,0.0,0.0,73.793846,17.40369,6.0,2.0,4.0,71.0,1.0
-9.0,109.980736,3.0,29.20613,10.0,1.0,1.0,-9.0,2.9179194,1.1485931,4.0,16.0,3.569329,17.0,0.0,5.412035,5.285381,55.553303,81.86832,4.0,1.0,1.8039297,80.0,1.0
62.755318,68.09705,3.0,16.079035,-9.0,0.0,0.0,100.0,-7.0,7.0,8.0,-1.2429909,2.0,64.19028,2.0,0.0,0.0,93.30093,-8.0,1.0,2.0,2.0,100.0,1.0
67.0,-8.875455,8.0,-9.0,18.0,0.0,0.0,100.0,-7.0,7.0,8.0,19.244627,0.0,18.0,0.0,3.0,3.0,35.137295,-8.0,4.0,1.0,3.0,47.202168,1.0
67.61389,220.7849,40.62936,86.0,10.0,0.0,0.0,100.0,-7.0,7.0,8.0,9.10537,0.0,55.29507,0.0,0.0,0.0,119.957405,8.784778,3.0,2.0,1.0,100.0,1.0
77.0,154.05147,17.0,42.290028,13.595892,0.0,0.0,100.0,-7.0,7.0,8.0,16.0,0.0,97.81479,0.0,0.0,0.0,0.0,-8.0,1.0,2.0,-8.869961,69.008484,1.0
62.0,119.18551,14.756129,68.037674,17.0,0.0,0.0,100.0,-7.0,7.0,8.0,17.273142,0.0,50.0,-8.0,1.0,1.0,103.738785,50.90019,3.0,2.0,5.649671,79.92015,1.0
80.0,-1.7904716,11.0,-9.0,7.428574,0.0,0.0,100.0,-7.0,7.0,8.0,12.0,0.0,9.45404,-7.0,0.0,0.0,18.654984,-8.0,1.0,-8.0,0.0,52.342705,1.0
66.19605,144.81764,5.0,29.83959,16.85573,1.0,0.0,86.11256,25.519468,4.0,4.5834475,17.0,3.0,77.502335,0.0,3.0,3.0,54.818718,88.60249,3.0,4.0,0.0,93.539635,1.0
53.923126,82.95162,17.0,15.858402,-3.798216,0.0,0.0,82.857155,17.570396,6.0,6.0,9.918277,0.0,15.993223,0.0,2.0,2.0,118.039536,-8.0,2.0,1.0,2.0,100.0,1.0
84.13465,223.5711,8.573642,84.529274,3.5762904,0.0,0.0,100.0,-7.0,7.0,8.0,4.496041,0.0,27.0,0.0,0.0,0.0,0.0,-8.0,0.43859354,-8.0,0.0,29.157665,1.0
60.398952,-9.0,3.0,-9.0,16.0,0.0,0.0,100.0,-7.0,7.0,8.0,19.0,4.2530932,2.537631,0.0,2.0,2.0,52.27763,97.13429,4.0,2.0,1.0,56.0,1.0
66.0,13.724062,10.0,40.265858,15.0,0.0,0.0,100.0,-7.0,7.0,8.0,12.0,2.0,6.894457,1.0,3.0,3.0,42.752476,82.0,7.0,2.0,1.0,83.0,1.0
65.03273,104.907776,7.0,37.67884,-9.0,0.0,0.0,100.0,-7.0,7.0,8.0,1.8766274,2.0,52.190506,2.0294821,2.0,2.0,117.39814,32.734642,1.0,2.0,2.0,100.0,1.0
64.0,165.92702,3.0,37.432774,10.0,0.0,0.0,85.16448,54.063255,6.0,6.0,12.565314,1.107971,43.722843,0.0,6.9673944,7.2798223,79.446655,45.85,1.0,2.0,-9.0,64.0,1.0
-9.0,130.90405,9.0,53.9172,-9.0,2.0,2.0,-9.0,31.979156,4.0,2.0,4.195898,3.0,33.0,0.0,0.0,0.0,119.71846,47.308666,3.0,2.0,5.3464723,95.89281,1.0
65.0,324.1965,8.0,46.37939,12.0,0.0,0.0,100.0,-7.0,7.0,8.0,11.0,4.0,27.0,0.0,1.0,1.0,71.372635,-8.0,6.0,1.0,2.0,80.0,1.0
64.0,117.74178,5.0,37.669136,10.67695,1.0,0.0,85.82262,1.0,0.0,3.0,11.0,1.0,14.558533,23.470823,0.0,0.0,55.23322,90.25657,3.0,2.0,2.0,100.0,1.0
1.8870244,152.41794,-9.0,45.703163,30.0,2.0,2.4444506,89.62817,-7.0,2.2264676,4.0,47.557705,9.463438,32.0,11.205129,0.0,0.0,69.49017,70.53911,12.712063,3.0,2.9832468,69.46812,1.0
60.063618,130.64206,4.0,43.98929,26.0,0.0,0.0,100.0,-7.0,7.0,8.0,28.0,6.5582585,28.104822,0.0,3.0,3.0258038,25.035883,95.464745,2.0,2.0,1.0,32.95087,1.0
67.0,162.48668,15.0,44.83372,8.0,0.0,0.0,87.308975,73.221504,6.0,5.0,9.0,0.0,64.125114,2.0,1.0,0.0,113.257484,57.028236,1.5141679,2.0,0.0,100.0,1.0
75.61756,196.61322,17.0,90.0,7.0,0.0,0.0,100.0,-7.0,7.0,8.0,3.9902766,0.0,83.339325,-8.0,1.0,1.0,47.81451,39.118134,1.0,2.0,0.0,75.0,1.0
74.0,-8.0,3.0,38.260216,20.0,0.0,0.0,100.0,-7.0,7.0,8.0,19.84636,6.0,75.99576,16.0,0.0,0.0,73.451485,89.69873,1.0,4.0,0.0,80.0,1.0
62.0,147.43777,2.0,74.0,-3.3114154,0.0,0.0,80.15153,3.0,0.29336092,6.0,8.561872,2.0,24.0,0.0,0.0,0.0,56.9344,91.0,3.0,2.0,2.0,76.423676,1.0
62.0,165.41125,28.647276,97.0,6.203985,0.0,0.0,86.27248,42.405464,6.0,6.0,10.0,0.0,20.28347,5.0,1.0,1.0,69.506,-8.0,4.0,1.0,1.0,85.77476,1.0
64.0,188.70198,2.0,74.84882,14.0,1.3057812,1.0,77.7282,2.0,1.1233774,5.0,21.61951,3.0,45.0,7.1504893,0.0,0.0,70.81734,96.99389,4.0,2.0,2.0,100.0,1.0
62.549435,-8.0,3.0,18.20986,18.853338,0.0,0.0,100.0,-7.0,7.0,8.0,17.0,5.0,-9.0,-7.0,5.0,5.0,79.297,-8.0,9.212707,1.0,1.0,80.74826,1.0
74.0,119.62678,1.0,-9.0,18.0,0.0,0.0,100.0,-7.0,7.0,8.0,22.0,5.264551,15.691846,0.0,0.0,0.0,15.0,25.55263,4.0,1.0,0.0,36.53211,1.0
69.0,166.10645,3.0,30.992065,28.0,2.0,2.0,100.0,57.90642,6.0,2.0,31.0,5.0,30.0,2.0,1.0,1.0,43.336227,94.68668,10.067091,4.0,1.0,82.263306,1.0
72.0,-3.6356125,18.447994,45.846653,6.7919545,0.0,0.0,100.0,-7.0,7.0,8.0,7.0,0.0,59.307243,7.0,0.0,0.0,92.49706,-8.0,2.0,1.0,1.0,100.0,1.0
61.634247,187.70285,9.0,60.393078,43.14932,0.0,0.0,95.0,22.848703,6.0,5.0,45.682945,2.0,46.022858,0.0,3.0,3.0,65.0897,80.51132,8.0,6.0,6.2514405,100.0,1.0
71.270454,-9.0,2.0,-9.0,17.0,1.0,0.0,100.0,-7.0,7.0,8.0,18.0,5.445553,45.833954,1.0,0.0,0.0,3.0,76.0,1.0,3.0,0.0,50.0,1.0
68.625565,111.45932,20.0,39.221138,-9.0,0.0,0.0,100.0,-7.0,7.0,8.0,0.37629512,0.0,70.79334,0.0,3.0,2.0,0.0,-8.0,0.0,1.0,-8.0,75.0,1.0
76.656525,148.106,17.0,70.852844,6.2208405,0.0,0.0,100.0,-7.0,7.0,8.0,11.856942,0.0,63.117657,0.0,2.0,2.0,70.66902,-8.0,1.0,1.0,0.0,80.0,1.0
63.27277,125.88556,9.0,74.58838,5.2709265,0.0,0.0,88.0,42.579563,6.0,6.0,4.203076,1.0,86.37296,0.0,3.0,3.0,93.56765,-8.0,2.0,-8.0,0.0,91.53875,1.0
56.35998,152.90686,4.0,70.0,17.0,0.0,0.0,100.0,-7.0,7.0,8.0,19.0,3.0,45.0,0.0,1.0,1.0,90.9211,88.868774,3.0,5.0,2.0,75.0,1.0
69.0,147.03316,4.0,49.113052,9.294214,0.0,0.0,86.521194,2.7226954,4.0,6.0,13.0,2.0,55.864468,0.0,2.0,1.0,-1.6177095,57.519802,0.0,2.0,-8.0,60.0,1.0
-9.0,-8.421571,-8.963382,-9.0,-9.0,-9.0,-9.0,-9.0,-9.0,-9.0,-9.0,-9.0,-9.0,0.0,-9.0,-9.0,-5.2881165,-9.0,-8.081011,-9.0,-9.0,-8.905474,-9.0,1.0
57.15162,322.39197,3.0,55.85087,7.0,1.0,0.0,85.681206,9.63504,4.0,5.0,14.542884,2.0,24.0,-7.0,1.0,0.0,69.73164,-8.0,3.0,1.0,2.0,71.89463,1.0
69.0,-9.0,4.0,-9.0,13.0,0.0,0.0,100.0,-7.0,7.0,8.0,14.113464,6.266511,12.623464,1.0,0.0,0.0,18.0,83.89262,4.0,2.0,0.0,58.0,1.0
-9.0,125.69206,34.65127,47.06555,-9.0,1.0,0.9701307,82.31015,5.754759,0.0,6.0,-4.2344136,0.0,39.0,-7.0,2.0,2.0,44.105198,-8.0,1.0,1.0,-8.626683,86.646805,1.0
65.0,-9.0,3.0,-9.0,15.0,0.0,0.0,100.0,-7.0,7.0,8.0,18.636932,4.0,0.0,0.0,2.0,2.0,29.268915,-8.0,4.0,1.0,2.0,44.0383,1.0
-9.0,30.788626,9.0,-9.0,7.2021165,0.0,0.0,100.0,-7.0,7.0,8.0,3.0810647,2.0,99.99787,0.0,2.0,2.0,0.0,84.5963,0.0,1.0,0.0,67.0,1.0
68.12534,189.79948,0.038655035,26.923994,6.3191767,0.0,0.0,100.0,-7.0,7.0,8.0,12.023225,4.0,26.0,-7.0,1.0,1.0,81.45106,95.14793,2.0,2.0,0.0,75.0,1.0
74.70024,153.54842,14.612352,47.36033,16.0,0.0,0.0,87.92983,4.0,6.0,6.0,16.0,0.0,25.0,4.0,2.0,2.0,1.0,-8.0,1.0,1.0,0.0,33.0,1.0
56.72629,-9.0,13.0,39.328403,8.175982,0.0,0.0,75.369705,13.779181,3.0,6.0,3.95506,2.0,72.953575,-8.0,0.0,0.0,119.71451,100.0,2.0,4.0,4.2759666,100.0,1.0
66.19538,152.19318,2.0,34.53138,23.0,0.0,0.0,96.0,0.7520473,4.0,6.0,32.0,4.690793,62.446922,0.0,3.0,3.0,27.805597,22.809214,4.0,6.0,0.0,70.88136,1.0
65.0,139.31487,4.0,71.0,34.0,0.0,0.0,97.85704,2.0,4.0,6.0,24.0,4.0,40.798527,5.0,1.0,1.0,26.680641,39.657326,12.022006,2.0,1.0,83.804634,1.0
77.0,270.503,6.0,80.0,12.0,0.0,0.0,95.0,30.9157,6.0,6.0,17.0,1.0,71.7217,0.0,1.0,1.0,0.0,88.7618,0.0,2.0,0.0,50.0,1.0
-9.0,169.36855,3.0,77.0,11.611915,0.0,0.0,9.603401,3.0,5.0,6.0,16.0,2.0,17.0,1.0,4.0,4.0,64.84938,-8.0,4.0,1.0,5.1505885,86.74118,1.0
74.0,387.86246,36.101963,109.857414,15.0,0.0,0.0,88.92276,28.64257,6.0,6.0,16.320242,0.0,30.315807,1.0,1.0,0.0,77.717384,91.84496,3.0,2.0,1.0,83.0,1.0
65.69357,181.96658,5.0,63.0,22.29897,1.0,0.0,94.0,53.077065,6.0,6.0,20.0,3.0,50.0,1.0,0.0,0.0,42.90216,95.22293,5.2229705,2.0,0.0,75.0,1.0
-9.0,122.88897,3.0,53.773514,12.0,0.0,0.0,100.0,-7.0,7.0,8.0,9.910035,4.0,34.935017,0.0,2.0,2.0,115.58362,31.502676,4.0,2.0,3.0,89.49563,1.0
68.225555,215.90253,5.6619983,53.50477,24.0,1.515549,1.0,85.88757,7.488023,4.0,5.0,26.0,2.0,33.063572,0.0,1.0,1.0,16.382889,93.676445,4.0,2.0,0.0,56.0,1.0
60.82203,-9.0,6.0,27.744577,9.0,1.0,1.0,100.0,-7.0,7.0,8.0,7.0,3.0,75.03569,0.0,4.0,3.3334532,0.0,40.42358,1.0,1.0,0.0,41.70231,1.0
47.629677,116.12176,1.0,35.11084,32.0,0.0,0.0,95.0,-7.0,4.0,6.0,38.820198,6.9950256,13.651749,0.0,2.0,2.0,32.0,77.988655,8.0,3.7404454,0.0,64.0,1.0
67.0,184.43393,11.0,90.0,8.0,0.0,0.0,84.559265,24.266636,6.0,6.0,9.0,0.0,24.0,0.0,2.0,2.0,74.28907,53.788692,5.40125,2.0,3.0,87.50197,1.0
64.49638,170.77962,1.0,68.0,24.0,0.0,0.0,89.15788,31.78727,4.0,4.0,25.100967,2.0,39.0,0.0,17.491417,17.413307,109.21505,96.499825,11.0,2.0,3.0,100.0,1.0
65.0,143.78452,7.0,60.495937,19.0,0.0,0.0,100.0,-7.0,7.0,8.0,14.0,4.0,45.213337,0.0,2.0,2.680791,50.95775,45.53443,6.0,2.0,1.0,70.277054,1.0
59.868053,-9.0,4.0,-9.0,12.0,0.0,0.0,100.0,-7.0,7.0,8.0,4.5499644,9.768192,45.687847,-7.0,0.0,0.0,56.801178,89.43468,6.0,2.0,1.0,88.95227,1.0
54.083027,133.23807,10.0,67.17739,-9.0,1.0,0.95758235,85.86517,4.0,-9.0,5.0,4.327706,0.0,57.27785,0.0,6.307267,5.0,108.104866,77.83615,2.0,3.0,0.0,100.0,1.0
62.0,147.82314,4.0,29.703661,15.0,0.0,0.0,94.45831,15.091233,-9.0,6.0,18.45982,2.0,58.26682,0.0,0.0,0.0,90.53799,77.21949,6.0,5.0,2.0,100.0,1.0
71.0,133.31349,109.412224,59.80787,3.2575283,4.40458,0.0,4.138517,28.914913,6.0,3.0,3.3723276,0.0,99.8443,1.0,0.0,0.0,12.0,-8.0,1.0,2.0,-8.0,100.0,1.0
70.0,-9.0,3.0,31.476633,-9.0,3.0,0.0,82.79862,31.357527,6.0,2.4460413,5.268545,2.0,16.0,0.0,0.0,0.0,36.0,-8.0,2.0,0.106047526,0.0,64.0,1.0
77.98696,103.452446,19.567678,59.78862,9.0,0.0,0.0,100.0,-7.0,7.0,8.0,8.0,0.0,59.5161,0.0,1.0,1.0,-0.41055846,-8.0,1.0,1.0,0.0,80.0,1.0
57.74528,151.84354,4.0,61.03141,27.0,0.0,0.0,81.79084,1.0,6.0,6.0,30.919304,3.0,33.0,0.0,5.3727674,5.0,24.892742,-8.0,7.0,5.0,4.0,71.25728,1.0
59.824398,108.07042,4.0,56.832874,23.0,0.0,0.0,100.0,-7.0,7.0,8.0,21.785753,4.0,20.0,12.0,0.0,0.0,103.470436,6.5050135,5.7724376,2.0,4.081539,80.0,1.0
62.0,77.45464,16.0,46.181526,10.0,0.0,0.0,100.0,-7.0,7.0,8.0,7.425104,0.0,57.037144,0.0,3.1114335,3.0,94.77613,66.02262,2.0,2.0,1.0,78.0,1.0
58.329754,219.262,3.0,70.91292,16.0,1.0,0.0,100.0,-7.0,5.0,8.0,19.0,5.0,-9.0,1.0,0.0,0.0,33.428993,-8.0,13.346718,1.0,2.408351,60.0,1.0
64.75511,129.8635,3.0,29.40839,21.0,0.0,0.0,91.0,63.021957,6.0,6.0,23.0,10.495429,43.0,1.0,2.0,2.0,43.939953,12.346687,8.0,3.0,1.0,100.0,1.0
62.475594,-9.0,5.0,43.136208,18.0,0.0,0.0,100.0,-7.0,7.0,8.0,6.905374,2.0,36.0,6.1295156,0.0,0.0,41.90532,89.16022,4.0,5.0,3.5457368,70.480995,1.0
66.0,177.05583,2.0,68.12903,22.0,0.0,0.0,90.0,13.237253,6.0,6.0,20.0,2.0,13.0,16.0,0.0,0.0,51.574024,94.005104,20.42154,2.0,5.013294,67.0,1.0
67.55966,167.47748,13.0,61.031006,24.0,0.0,0.0,94.0,29.224245,5.786867,5.0,24.0,0.0,50.14659,0.0,2.0,1.0,61.899704,97.85362,7.0,2.0,3.0,100.0,1.0
-9.0,189.04918,3.0,71.72555,14.154294,1.0,1.0,70.32565,-7.0,-9.0,6.0,20.0,4.0,62.86779,0.0,4.0,3.3372135,84.87519,61.794796,3.0,4.0,2.0,71.0,1.0
63.0,117.5315,20.840876,60.025093,10.563369,7.155008,1.0,75.06339,54.326088,6.0,2.0,9.0,0.0,73.83196,0.0,2.0,1.0,0.0,-8.0,0.0,2.0,-9.0,63.0,1.0
65.002525,135.26047,16.0,40.69378,15.0,0.0,0.0,100.0,-7.0,7.0,8.0,11.3403,0.0,42.2425,0.0,15.1749525,14.2287245,109.31218,50.31918,5.0,3.0,2.0,83.0,1.0
61.919983,154.22939,1.0,44.350876,50.227234,0.0,0.0,100.0,-7.0,6.1666846,8.0,59.15846,10.847692,34.357788,-7.0,5.0,4.0,47.172604,83.95612,11.0,3.0,2.0,57.0,1.0
65.95244,77.179634,25.300905,64.63942,6.0,0.0,0.0,88.0,31.398373,6.0,6.0,6.5995173,0.0,53.693863,-8.0,2.0,1.0,51.72796,52.10947,3.0,2.0,1.0,100.0,1.0
62.39904,93.00231,8.0,47.143024,7.0,0.0,0.0,100.0,-7.0,7.0,8.0,3.9867914,3.0,38.704296,0.0,0.0,0.0,73.48312,99.81785,5.5788183,2.0,1.0,100.0,1.0
60.06195,-2.804215,3.0,-9.0,19.0,0.0,0.0,100.0,-7.0,7.0,8.0,15.0,6.5393476,44.11336,-7.0,2.0,1.0,76.876854,83.06923,5.0,2.0,1.0,100.0,1.0
64.90387,10.668679,7.0,33.128742,11.0,0.0,0.0,100.0,-7.0,7.0,8.0,7.0,1.0,61.46064,-7.0,0.0,0.2664844,61.251926,31.674496,3.0,2.0,2.0,100.0,1.0
63.913372,136.37389,5.0,63.422195,25.0,0.0,0.0,100.0,-7.0,7.0,8.0,24.0,1.0,43.087467,-7.0,1.0,1.0,112.03736,87.54728,7.0,2.0,4.0,93.34932,1.0
73.0,175.01662,8.0,82.303986,22.032858,2.5991178,3.6260247,88.475876,45.71287,5.0,2.0,22.0,2.0,36.0,0.0,4.5514627,4.0,15.060191,71.0,4.0,3.0,0.0,60.0,1.0
65.0,378.543,3.0,97.48468,24.0,3.0,2.233075,88.26413,42.120434,6.0,3.0,23.0,3.0,56.195774,2.2649064,3.0,2.0,64.644714,78.22979,6.0,6.0,2.958832,100.0,1.0
62.068356,-9.0,7.607547,-9.0,13.310806,0.0,0.0,100.0,-7.0,7.0,8.0,14.0,3.0,42.0,-8.0,0.0,0.0,67.42929,71.23374,5.0,2.0,2.0,75.0,1.0
62.686424,117.29384,20.862041,74.0,11.990377,4.962942,1.0,78.8243,27.8312,6.0,2.0,9.0,0.0,75.37248,0.0,4.0,3.6475244,0.0,-8.0,0.26991567,1.0,0.0,47.057594,1.0
58.752346,179.56067,15.525128,58.0,13.0,0.0,0.0,100.0,-7.0,7.0,8.0,13.31346,0.0,48.10997,0.0,3.0,2.0,1.0,-8.0,-6.482786,1.0,0.0,45.98397,1.0
76.0,-8.0,11.0,33.341515,5.8992176,0.0,0.0,100.0,-7.0,7.0,8.0,4.782784,0.0,55.308697,-8.0,0.0,0.0,44.53646,84.01234,1.0,2.0,0.0,88.0,1.0
66.0,163.24866,11.050059,67.0,3.794789,0.0,0.0,100.0,-7.0,7.0,8.0,8.0,1.0,58.306828,5.0,0.0,0.0,107.67559,-8.0,2.0,2.0,0.0,100.0,1.0
63.0,113.06416,3.0,47.749916,8.0,1.0,1.0,100.0,-7.0,6.0,8.0,10.0,3.0,36.0,1.0,0.0,0.0,59.580124,92.22477,4.0,3.0,2.0,75.0,1.0
71.0,221.2588,12.0,65.0,14.0,0.0,0.0,84.70954,57.54554,6.0,6.0,15.0,1.0,62.27094,-7.0,1.0,1.0,68.9825,58.907005,4.0,2.0,0.0,100.0,1.0
-9.0,-9.0,-9.0,-9.0,-9.0,-9.0,-9.0,-9.0,-9.0,-9.0,-9.0,-9.0,-9.0,-9.0,-9.0,-9.0,-9.0,-9.0,-9.0,-9.0,-9.0,-9.0,-9.0,1.0
63.0,226.03369,5.0,85.13954,37.719353,0.0,0.0,93.0,6.241731,4.0,6.0,44.297577,4.3657274,-9.0,8.0,0.0,0.0,55.51534,70.24947,19.628496,2.0,7.202031,57.0,1.0
68.0,138.12259,29.222336,71.60529,13.0,5.2170696,0.0,83.87282,39.138523,6.0,2.7474387,14.0,0.0,98.67851,0.0,1.0,0.0,32.0,-8.0,2.0,2.0,0.0,100.0,1.0
-9.0,31.126938,26.204296,60.14578,-9.0,10.822687,7.8363814,-9.0,53.74036,6.0,-9.0,0.015569399,0.0,99.3789,-7.0,2.0,2.0,91.95403,70.43559,1.0,2.0,0.0,100.0,1.0
61.185642,156.62862,10.0,54.088078,5.231462,1.0,0.0,61.730343,11.479918,6.0,5.0,8.07258,1.0,98.78733,9.0,0.0,0.0,36.43797,-8.0,1.0,6.0,0.0,100.0,1.0
-9.0,189.7339,7.0,39.30385,15.0,0.50632906,0.0,88.0,8.627657,4.2766557,5.0,18.0,3.0,14.0,3.0,1.0,0.0,57.359554,36.870064,8.0,2.0,0.0,75.0,1.0
55.00258,135.78404,5.0,53.35941,39.552956,3.7264383,3.0926847,85.41298,7.1184044,5.0,2.5355864,38.0,3.0,63.2639,1.0,3.0,3.0,91.25541,11.814098,5.0,3.0,3.0,71.0,1.0
72.0,91.495056,11.0,39.3557,9.0,0.0,0.0,100.0,-7.0,7.0,8.0,9.631745,0.0,63.286133,0.0,0.0,0.0,3.0,-8.0,3.0,1.0,0.0,63.02557,1.0
61.336437,111.077995,2.0,-9.0,12.0,0.0,0.0,86.74263,32.064682,6.0,6.0,14.0,3.0,17.0,0.0,0.0,0.0,41.127483,23.081894,5.0,2.0,1.0,80.0,1.0
64.941,262.8214,7.0,84.95178,-8.910045,2.1806211,1.0,81.15625,56.223248,6.0,3.0,3.8197293,1.0,22.0,0.0,2.0,2.0,101.0619,-8.0,4.0,-8.0,2.0,100.0,1.0
63.0,141.9619,6.0,41.510635,30.0,2.0,0.0,80.117775,36.986385,6.0,4.8635244,31.0,4.0,13.0,0.0,0.0,0.0,40.88926,48.384293,7.0,2.0,2.0,67.0,1.0
73.0,161.1025,13.0,63.0,10.421054,0.0,0.0,85.296455,59.67151,6.0,6.0,14.0,0.0,99.81087,12.0,0.0,0.0,-8.269787,73.517525,0.0,2.2235136,0.0,65.128006,1.0
63.0,184.9857,36.21493,70.063065,7.207808,0.0,0.0,75.1058,17.285458,6.0,6.0,11.0,0.0,77.903,-7.0,0.0,0.0,83.08258,-8.0,1.0,1.0,0.0,100.0,1.0
59.332527,93.659,0.037027266,42.53087,39.510685,0.0,0.0,92.0,27.921068,6.0,3.1746855,44.860786,6.0,27.024172,0.0,4.0,3.8004234,46.20135,62.011265,7.5186396,8.4403305,2.0,80.0,1.0
56.03107,139.24712,0.77795756,-9.0,4.6545506,0.0,0.0,96.0,-7.0,3.0,6.0,9.0,3.0,13.614677,4.92077,0.0,0.0,78.41496,-8.0,4.0,1.0,1.0,77.21435,1.0
63.08736,155.471,21.422785,56.20324,6.2217636,0.0,0.0,94.0,2.8572917,3.6966765,6.0,8.0,0.0,11.691366,-7.0,2.0,1.1787276,65.35266,-8.0,3.0,-8.0,1.0,83.0,1.0
76.0,116.07837,16.632553,44.276333,10.0,0.0,0.0,100.0,-7.0,7.0,8.0,12.138324,0.0,20.0,0.0,1.0,1.9938917,38.893745,-8.0,2.0,-8.0,0.0,69.55031,1.0
65.23756,44.027905,4.0,-9.0,5.652332,0.0,0.0,100.0,-7.0,7.0,8.0,6.2026124,2.0,70.61203,0.0,3.0,3.0,96.863945,82.0,2.0,3.0,1.0,100.0,1.0
70.0,94.35385,1.0,49.338905,30.0,0.0,0.0,100.0,-7.0,7.0,8.0,30.0,10.163982,29.0,-7.0,11.587956,12.419667,22.951256,99.42916,4.0,4.0,2.0,75.0,1.0
76.08333,135.53206,10.0,-9.0,3.871864,0.0,0.0,100.0,-7.0,7.0,8.0,9.0,1.0,84.146965,0.0,0.0,0.0,0.0,93.06025,0.0,2.0,0.0,71.0,1.0
59.227905,-2.107577,5.3822985,-9.0,14.0,2.0,2.0,100.0,-7.0,7.0,8.0,14.0,3.0,66.90766,3.0,0.0,0.0,66.65627,70.0246,4.0,4.1973405,0.0,100.0,1.0
65.0,262.98843,6.104446,67.0,15.0,1.532469,1.0,69.01581,-7.0,1.7102375,2.0,21.0,5.0,67.078766,0.0,1.0,1.0,33.934353,69.02499,2.0,3.0,0.0,90.93152,1.0
-9.0,113.5696,2.0,-9.0,14.0,0.0,0.0,100.0,-7.0,7.0,8.0,21.0,8.888733,24.0,0.0,2.0,2.0,52.707355,66.46943,6.0,1.0,3.0,80.0,1.0
70.0,173.65228,8.0,95.4964,10.0,2.0,0.0,86.041626,34.985504,6.0,5.0,12.0,3.0,74.18345,19.706652,0.0,0.0,25.0,100.0,3.0,2.0,0.0,82.98861,1.0
59.98054,106.87963,3.0,44.181206,12.0,0.0,0.0,100.0,-7.0,7.0,8.0,11.0,3.0,15.492586,3.0,0.0,0.0,72.18518,-8.0,6.0,1.0,2.0,75.37912,1.0
65.0,-9.0,4.2452526,38.78375,12.0,0.0,0.0,88.28399,50.80305,6.0,6.0,13.0,4.0,24.0,8.0,0.0,0.0,73.07888,91.63796,7.0,3.0,1.0,100.0,1.0
76.0,127.47154,2.0982187,-9.0,17.0,0.0,0.0,95.70229,27.04446,6.0,6.0,21.0,7.2740774,36.0,0.0,2.0,1.5089598,7.0,95.9943,3.0,3.0,0.0,63.0,1.0
-6.387135,73.07708,2.0,-8.116771,10.0,0.0,0.0,91.0,2.0,4.0,6.0,13.0,3.0,5.613942,-7.0,3.0,3.0,56.844826,48.036682,10.688658,1.0,2.0,80.0,1.0
64.0,119.630905,13.243333,65.30535,19.0,1.0,0.0,83.29921,1.0,3.0,4.0,14.0,0.0,24.0,21.870434,0.0,0.0,10.0,36.93522,5.0,2.0,0.0,57.926342,1.0
62.99296,98.10776,5.0,-9.0,11.0,0.0,0.0,93.0,54.828136,6.0,6.0,10.0,5.0,31.0,0.0,2.0,2.0,37.95972,117.79653,6.0,2.0,0.0,67.0,1.0
-9.0,34.896862,11.71513,20.134874,9.0,0.0,0.0,77.38148,-7.0,4.0,5.0,7.0,0.0,9.992512,13.050558,0.0,0.0,94.233635,-8.0,5.4603486,-8.0,0.0,67.0,1.0
70.0,196.55229,7.0,58.0,17.0,0.0,0.0,90.00593,55.141296,6.0,6.0,25.60683,2.0,24.0,-7.8129144,0.0,0.0,51.677376,92.535164,3.0,2.0,0.0,75.0,1.0
63.0,102.83492,2.0,30.182749,39.311436,0.0,0.0,94.0,53.86861,6.0,5.0,40.98158,10.483655,46.10972,1.0,3.0,2.0,71.257126,62.427803,9.0,7.772266,5.0677714,85.47457,1.0
74.0,85.699615,3.0,23.96535,9.0,0.0,0.0,100.0,-7.0,7.0,8.0,11.77716,3.0,9.7361,0.0,0.0,0.0,1.0,-8.0,1.0,1.0,0.0,27.749516,1.0
69.0,-9.0,11.0,-9.0,-9.0,0.0,0.0,100.0,-7.0,7.0,8.0,0.65519124,1.0,21.0,0.0,3.0,3.0,77.41022,-8.0,4.0,1.0,1.0,90.06702,1.0
70.0,150.56813,21.505604,75.0,6.0,1.97711,0.0,83.848045,21.755077,6.0,4.0,5.1151056,0.0,57.682896,0.0,1.0,1.0,81.09519,-8.0,1.0,1.0,0.0,100.0,1.0
68.0,101.315895,9.0,36.153866,14.611116,0.0,0.0,100.0,-7.0,7.0,8.0,18.0,2.0,26.647873,10.59579,0.0,0.0,56.509705,-8.0,6.0,1.0,1.0,66.73723,1.0
13.281897,127.88924,3.0,-9.0,9.423566,1.0,0.0,83.44421,-7.0,0.9108202,5.9258265,17.0,2.0,77.45932,3.0,0.0,0.0,90.79036,88.0,2.0,2.0,0.0,83.64048,1.0
64.0,86.183464,13.0,19.823313,15.931806,1.0,1.0,92.0,5.073643,6.0,6.0,26.0,1.0,99.31813,4.0,0.0,0.0,0.0,99.56377,1.0,2.0,-8.0,52.321163,1.0
-9.0,90.609276,5.168282,23.88098,13.0,0.0,0.0,86.20591,6.058402,6.0,6.0,15.0,3.0,80.9336,0.0,0.0,0.0,104.99823,96.35302,3.0,3.0,2.0,100.0,1.0
54.224174,74.605225,16.360044,39.016014,6.0,2.0,2.0,87.37563,11.283316,4.0,3.6290996,12.0,0.0,21.737839,-8.0,0.0,0.0,59.85424,13.894028,6.0,1.0,1.0782108,100.0,1.0
70.0,147.0566,1.0,57.462536,14.0,1.7276944,1.0,100.0,-7.0,7.0,8.0,18.0,4.0,70.79774,0.3657994,4.0,4.0,0.0,100.0,1.0,3.0,0.0,55.803226,1.0
-9.0,113.84187,4.0,14.861684,-9.0,3.4517472,2.9206991,100.0,-7.0,5.0,8.0,-9.0,2.0,55.02195,-7.0,0.0,0.0,62.907055,-8.0,1.0,-8.0,0.0,100.0,1.0
-9.0,163.08925,8.0,43.321415,13.0,1.0,0.0,90.0,0.0777337,4.0,6.0,15.0,1.0,46.0,5.0,0.0,0.0,92.33388,100.402176,4.0,3.0,3.0,57.0,1.0
69.0,35.141792,15.63571,-9.0,-9.0,0.0,0.0,100.0,-7.0,7.0,8.0,3.9800851,0.0,97.63719,0.0,0.0,0.0,1.0,82.32862,-2.332086,3.0,-9.0,69.69902,1.0
62.0,202.9821,3.0,82.0,25.0,2.0,1.0,78.2236,2.7975821,4.0,4.449351,26.0,4.605278,45.67832,1.0337917,3.0,3.0,42.07,85.48419,4.0,3.0,0.0,79.94289,1.0
61.139053,135.7699,11.705065,72.0,20.646248,1.0,0.0,85.6431,6.4000936,6.0,6.0,24.0,0.0,39.55854,0.0,5.2887044,5.123887,40.958538,-8.0,5.0,1.0,2.0,67.0,1.0
65.0,264.93948,1.0,53.77136,24.0,0.0,0.0,100.0,-7.0,7.0,8.0,25.0,10.024569,21.0,0.0,2.0,2.0,27.072495,-8.0,3.0,4.0,3.0,57.0,1.0
65.0,162.3715,6.0,58.371704,26.547981,0.0,0.0,93.0,49.191025,6.0,6.0,29.0,2.0,36.611134,7.0,0.0,0.0,76.622,92.63685,5.0,4.0,3.0,71.0,1.0
68.0,-6.99134,20.418434,-9.0,9.0,0.0,0.0,100.0,-7.0,7.0,8.0,11.811153,0.0,77.54732,0.0,0.0,0.0,90.03445,42.061565,2.0,2.0,1.0,100.0,1.0
55.275448,135.29933,2.0,30.256552,25.0,0.0,0.0,95.0,73.77845,6.0,6.0,26.0,9.277203,25.0,0.0,0.0,0.0,53.439415,93.056145,8.439665,5.316965,3.0,73.65809,1.0
73.0,108.69948,3.0,-6.794602,11.026098,0.0,0.0,100.0,-7.0,6.0,8.0,4.6176825,4.0,0.2469794,0.0,4.0,3.8681629,36.0,-8.0,6.0,1.0,0.0,80.0,1.0
71.0,155.96854,22.312807,89.04882,9.0,0.0,0.0,100.0,-7.0,7.0,8.0,3.9962866,0.0,55.90324,-7.0,2.0,2.0,44.07803,-8.0,2.0,2.0,0.0,100.0,1.0
62.914436,100.963104,15.901123,44.800655,9.0002165,0.0,0.0,100.0,-7.0,7.0,8.0,7.0,0.0,53.360584,0.0,0.0,0.0,116.07734,-8.0,3.0,1.0,3.0,100.0,1.0
80.5489,115.00646,13.394238,58.0,8.0,0.0,0.0,100.0,-7.0,7.0,8.0,7.357625,1.0,77.99058,2.0,0.0,1.0,0.0,55.20546,1.0,1.0,0.0,73.885056,1.0
-9.0,135.91971,10.0,58.743195,3.1023147,1.0,1.480013,73.13643,3.0,3.5864298,2.0,7.020486,3.0,50.0,0.0,2.0,2.0,115.84808,61.853745,2.0,5.0,2.0,100.0,1.0
68.14107,62.870728,14.0,23.937262,8.26777,0.0,0.0,83.388214,36.47995,6.0,6.0,6.35327,0.0,67.0991,-7.0,2.0,1.0,0.0,73.74181,1.0,2.0,0.0,100.0,1.0
-9.0,57.250416,4.0,-9.0,12.0,0.0,0.0,100.0,-7.0,7.0,8.0,8.016865,5.0,15.0,0.0,4.937268,4.0,75.42772,-8.0,8.914471,1.0,2.0,89.50331,1.0
-9.0,101.88401,4.0,31.50476,-9.0,0.0,0.0,77.20151,46.055973,6.0,6.0,1.2070172,3.0,71.13457,-7.0,2.0,2.0,72.999954,-8.0,2.0,1.0,0.0,91.200195,1.0
77.0,128.14333,4.0,12.653721,17.0,0.0,0.0,100.0,-7.0,7.0,8.0,24.0,6.300808,31.0,0.0,2.0,2.0,18.564003,82.171906,4.0,3.0,0.0,67.0,1.0
68.0,269.01196,4.0,60.86699,24.602276,0.0,0.0,100.0,-7.0,7.0,8.0,25.0,3.0,34.41007,0.0,2.0,2.8961315,56.596714,-8.0,9.0,1.0,0.0,84.32113,1.0
55.874535,-9.0,14.0,-9.0,4.4989276,0.0,0.0,100.0,-7.0,6.0,8.0,5.13712,1.0,99.99693,-7.0,2.0,2.0,0.0,65.28172,-9.0,3.0,0.0,63.566742,1.0
68.0,132.0556,1.0,-9.0,27.0,0.0,0.0,95.0,43.637554,6.0,6.0,29.190048,6.0,17.8358,1.0,0.0,0.0,36.0,-8.0,17.93958,2.0,5.66084,78.0,1.0
77.0,92.07886,17.522957,19.489464,8.248851,0.0,0.0,100.0,-7.0,7.0,8.0,10.0,0.0,94.73416,0.5200252,1.0,1.0,0.0,56.00541,-0.7216646,2.0,0.0,40.0,1.0
68.49145,147.1266,3.0,48.890038,48.319923,1.0,2.0,100.0,-7.0,6.0,8.0,47.2068,3.0,24.0,0.0,4.0,3.0,30.16478,45.993458,5.0,2.0,0.0,44.0,1.0
59.42853,253.60779,3.0,61.51749,9.0,7.1097074,8.080651,78.48653,3.0,-2.6244943,6.0,13.369423,3.0,42.0,0.0,1.0,1.0,58.679737,58.99027,2.0,4.0,0.0,71.0,1.0
63.565662,152.2978,1.0,49.878006,23.0,0.0,0.0,88.0,3.0,6.0,6.0,25.895233,3.4856076,26.936134,0.0,2.0,3.0,25.985714,85.196754,6.0,2.0,2.0,57.0,1.0
63.0,73.023254,2.0,53.580788,33.76487,0.0,0.0,100.0,30.302715,6.0,6.0,41.420277,7.2275176,14.0,1.0,2.0,2.0,48.8034,-8.0,21.0906,2.0,4.085899,71.0,1.0
66.0,175.7052,4.0,55.436172,15.0,0.0,0.0,100.0,-7.0,7.0,8.0,13.0,3.0,72.90136,0.0,3.0,3.0,59.956722,76.81246,4.0,1.0,0.0,100.0,1.0
67.71231,145.08708,1.0,-9.0,18.0,0.0,0.0,100.0,-7.0,7.0,8.0,23.0,10.307921,52.383667,0.0,0.0,0.0,32.95493,93.91803,8.0,3.5582042,0.0,83.0,1.0
18.478075,62.475273,-9.0,39.563023,20.0,3.0,2.0,100.0,-7.0,7.0,8.0,26.415228,10.93438,83.412056,0.0,12.694602,15.614458,11.0,148.85815,2.0,4.0,0.0,67.0,1.0
71.860115,95.965164,59.486397,116.502655,6.997388,1.0,1.0,63.984997,6.0,4.0,2.0,3.5060086,0.0,21.0,0.0,2.0,2.0,36.505898,-8.0,2.0,-0.69807047,0.0,60.0,1.0
-9.0,-9.0,-9.0,-9.0,-9.0,-9.0,-9.0,-9.0,-9.0,-9.0,-9.0,-9.0,-9.0,-9.0,-9.0,-9.0,-9.0,-9.0,-9.0,-9.0,-9.0,-9.0,-9.0,1.0
54.836395,44.483,6.0,57.37429,20.0,1.0,0.0,73.71734,1.0,1.8741063,6.0,22.899767,2.0,29.96533,0.0,0.0,0.0,40.511517,83.349174,7.0,4.0,1.0,90.41954,1.0
77.0,133.07959,3.0,44.22334,20.0,0.0,0.0,100.0,-7.0,7.0,8.0,18.188538,5.0,13.0,3.0,0.0,0.0,5.1123705,82.0,2.0,1.0,0.0,3.687147,1.0
64.80889,177.37791,8.0,36.020607,21.0,0.0,0.0,90.0,53.018547,6.0,6.0,19.0,4.0,12.487446,1.0,0.0,0.0,101.114044,95.0758,11.0,2.0,4.8677483,78.80214,1.0
55.254356,18.00142,8.0,35.67857,27.0,0.0,0.0,100.0,-7.0,7.0,8.0,23.124975,4.0,17.815325,0.0,1.0,1.0,81.56096,-8.0,9.0,1.0,9.617377,67.0,1.0
71.55327,38.632034,5.0,38.488525,12.0,0.0,0.0,93.0,47.002033,6.0,6.0,19.0,5.0,19.0,0.0,1.0,1.0,19.737833,90.95025,9.0,2.0,1.0,75.0,1.0
62.383945,146.25569,5.0,65.20718,23.0,0.0,0.0,87.11298,24.160269,6.0,6.0,25.0,2.0,71.66799,0.0,2.0,2.0,62.355244,53.748478,4.0,6.0,2.0,100.0,1.0
62.915306,125.43034,5.0,71.49996,37.815323,0.0,0.0,100.0,-7.0,7.0,8.0,41.554806,3.0,41.82702,0.0,1.0,1.0,89.08441,95.36025,8.0,5.0,5.026583,84.65861,1.0
74.0,182.80598,11.0,81.576324,13.0,1.0,1.0,80.78783,46.95515,6.0,2.713365,9.0,0.0,45.707348,0.0,3.0,3.0,12.9082575,85.456,4.0,3.1546016,0.0,88.0,1.0
-9.0,139.28542,24.360064,40.700966,3.775163,4.1100683,0.0,-9.0,1.3305643,6.0,2.0,5.219491,0.0,52.575466,0.0,0.0,0.0,94.87346,-8.0,2.0,1.0,1.0,78.0,1.0
57.603367,-9.0,9.0,52.49373,12.0,0.0,0.0,84.653465,7.7000628,4.5922112,6.0,13.582479,2.0,50.0,0.0,1.0,1.0,115.713715,-8.0,2.0,2.0,3.0,86.0,1.0
64.96961,152.6412,2.0,65.07705,13.332105,0.0,0.0,100.0,-7.0,7.0,8.0,18.98689,1.0,40.0,-8.0,4.0,4.12101,92.61991,58.554077,4.0,2.0,9.186237,87.45674,1.0
73.0,-9.0,12.0,-9.0,9.0,0.0,0.0,100.0,-7.0,7.0,8.0,3.9857984,0.0,100.0,4.0,0.0,0.0,0.0,-8.0,-9.0,2.0,0.0,57.0,1.0
73.2161,121.23069,50.800293,36.008045,-9.0,0.0,0.0,100.0,-7.0,7.0,8.0,8.396765,0.0,99.34365,0.0,1.0,1.0,0.0,-8.0,-7.6704855,1.0,0.0,80.0,1.0
54.151447,191.16602,1.0,61.0,22.0,8.719623,4.636107,87.887596,-7.0,-9.0,6.0,28.0,5.0,29.0,0.0,6.553488,6.9505634,44.533092,54.47353,9.0,6.0,1.0,67.0,1.0
72.0,156.90338,3.0,57.171974,15.0,0.0,0.0,100.0,-7.0,7.0,8.0,15.444981,4.0,0.0,10.877139,0.0,0.0,22.990637,-8.0,6.0,1.0,0.0,50.0,1.0
71.64811,134.06354,2.0,-9.0,33.0,0.0,0.0,100.0,-7.0,7.0,8.0,31.0,9.40272,17.0,1.0,0.0,0.0,25.633394,85.1722,8.0,2.0,0.0,60.0,1.0
75.0,86.49543,41.883656,86.0,-1.2761202,0.0,0.0,93.0,69.412,6.0,6.0,4.7839384,0.0,6.3615575,1.5646873,1.0,1.8880538,38.056595,-8.0,3.0,-8.0,0.0,72.11861,1.0
71.60208,170.616,21.620192,52.069023,12.0,0.0,0.0,82.047745,-7.0,-9.0,6.0,14.019467,0.0,77.27087,0.0,4.0,3.5202985,-9.0,-8.0,1.0,1.0,-9.0,69.665695,1.0
-9.0,-9.0,-9.0,-9.0,-9.0,-9.0,-9.0,-9.0,-9.0,-9.0,-9.0,-9.0,-9.0,-9.0,-9.0,-9.0,-9.0,-9.0,-9.0,-9.0,-9.0,-9.0,-9.0,1.0
71.0,30.08225,4.0,41.955,12.834984,0.0,0.0,100.0,-7.0,7.0,8.0,13.337908,2.2941456,40.0,-7.0,1.0,1.0,56.460293,-8.0,2.0,1.0,0.0,57.0,1.0
60.02756,139.0577,6.351931,45.43472,28.0,0.0,0.0,100.0,-7.0,7.0,8.0,28.0,3.0,35.681164,-7.0,3.0,3.0,60.257404,84.20457,9.641087,7.203548,2.8137865,82.34344,1.0
63.46591,152.1728,15.0,64.23323,14.610807,2.3063698,2.2694414,89.0,8.523319,4.0,2.8311353,12.0,0.0,77.22323,0.0,2.0,2.0,16.330095,78.14425,2.0,2.0,0.0,86.0,1.0
69.0,78.601364,4.0,-9.0,18.0,0.0,0.0,100.0,-7.0,7.0,8.0,21.0,4.0,28.0,0.0,1.0,1.0,14.436307,59.077324,5.0,4.0,0.0,57.0,1.0
60.982178,113.919754,21.512087,66.509705,11.0,0.0,0.0,100.0,-7.0,7.0,8.0,10.0,0.0,40.0,0.0,4.0,3.0,118.25707,-8.0,6.0,2.0,4.0,100.0,1.0
70.0,159.44656,5.0,67.0,20.544535,0.0,0.0,91.0,18.871836,6.0,6.0,23.0,2.0,33.0,0.0,2.0,2.0,55.59845,-8.0,4.0,2.0,0.6562693,75.0,1.0
56.297394,-9.0,4.0,-9.0,-9.0,0.0,0.0,100.0,-7.0,7.0,8.0,3.9798248,3.0,43.99362,2.0,1.0,1.0,116.22819,-8.0,4.0,1.0,0.0,100.0,1.0
69.822,206.69691,7.0,54.724335,17.0,3.0,0.0,83.513435,24.07124,6.0,3.0,19.0,3.0,55.80882,0.6633275,0.0,0.0,23.556852,46.378387,3.0,2.0,0.0,70.74427,1.0
67.0,118.47579,11.0,54.248615,14.0,1.0300214,2.0,100.0,-7.0,7.0,8.0,16.0,0.0,52.74666,0.0,0.0,0.0,44.494408,-8.0,3.0,1.0,1.0,73.63585,1.0
65.0,68.11704,2.0,56.771152,9.0,1.0,0.0,82.074524,58.54089,6.0,5.0,14.0,5.0,-9.0,0.0,3.0,3.0,34.602795,-8.0,9.0,-8.0,1.4738805,81.088455,1.0
69.0,7.588269,19.577824,54.51774,18.0,0.0,0.0,100.0,-7.0,7.0,8.0,0.33504477,0.0,28.0,21.334635,0.0,0.0,59.127335,-8.0,7.0,2.0,1.0,71.0,1.0
6.846526,103.47348,22.326775,61.14195,7.971392,2.0,2.0,77.655266,9.658203,6.0,2.9665887,8.0,0.0,43.0,0.0,0.0,0.0,86.785545,-8.0,2.0,2.0,4.976141,89.82027,1.0
68.08599,-7.772178,35.200397,45.919697,3.1038535,0.0,0.0,100.0,-7.0,4.0,8.0,4.168084,0.0,0.0,0.0,1.0,1.0,62.277447,-8.0,6.0,-1.2808888,0.0,100.0,1.0
69.0,-9.0,3.0,35.70266,28.830006,0.0,0.0,100.0,-7.0,7.0,8.0,33.0,2.0,62.6297,0.0,0.0,0.0,85.7794,88.13853,3.0,17.824371,1.0,86.62262,1.0
68.0,104.264496,3.0,31.597395,6.0,0.0,0.0,100.0,-7.0,7.0,8.0,4.5465837,4.0,76.115234,0.0,1.0,1.0,48.673325,82.08171,2.0,6.0,-9.0,100.0,1.0
75.0,122.979675,3.601216,35.777615,10.0,0.0,0.0,100.0,-7.0,7.0,8.0,8.043367,2.0,55.674488,10.501758,0.0,0.0,48.75759,100.0,1.0,1.8953013,0.0,54.247753,1.0
56.707397,194.88264,5.0,46.95895,13.0,0.0,0.0,83.01951,27.77029,6.0,6.0,19.0,1.0,44.85317,-7.0,0.0,0.0,118.4443,93.0,4.0,1.0,3.6854482,75.0,1.0
15.813808,152.89876,16.0,49.214252,17.0,0.0,0.0,80.58557,-7.0,4.0,6.0,19.0,0.0,-6.4641247,3.0,2.0,2.0,36.656403,-8.0,6.0,1.0,0.0,50.0,1.0
74.0,-9.0,5.0,8.841516,19.0,0.0,0.0,100.0,-7.0,7.0,8.0,17.0,6.162275,57.947056,0.0,1.0,1.0,18.0,46.74553,4.0,6.2385755,0.0,71.0,1.0
80.0,118.30799,11.7067,55.550114,4.4461923,0.0,0.0,100.0,-7.0,7.0,8.0,9.681153,0.0,40.0,0.0,0.0,0.0,0.0,71.0,1.0,-8.0,0.0,30.209349,1.0
64.812454,-8.0,8.0,-9.0,6.463451,0.0,0.0,100.0,-7.0,7.0,8.0,9.274301,1.0,44.35725,0.0,0.0,0.0,109.49276,81.67191,3.0,3.0,1.722259,92.41969,1.0
56.0412,-8.726439,10.0,-9.0,3.9042962,0.0,0.0,85.54199,37.106907,6.0,6.0,3.4061632,1.0,99.99662,-1.0283198,2.0,2.0,0.0,82.0,0.0,2.0,-8.797391,100.0,1.0
61.482655,108.313934,6.0,28.248,3.0972147,0.0,0.0,100.0,-7.0,7.0,8.0,3.6883512,1.7804117,13.393512,4.0,2.0,2.0,112.5881,-8.0,2.0,1.0,1.0,60.0,1.0
76.0,221.1898,20.0,76.0,12.0,0.0,0.0,100.0,-7.0,7.0,8.0,10.800254,0.0,49.165043,0.0,0.0,0.0,2.735394,-8.0,1.0,2.0,0.0,44.0,1.0
69.0,73.97583,6.0,-9.0,20.0,0.0,0.0,100.0,-7.0,7.0,8.0,26.0,3.0,29.93739,4.0,0.0,0.0,32.0,67.44659,3.0,7.812337,1.0,74.50199,1.0
62.0,-8.358294,3.8422096,36.00598,15.0,0.0,0.0,100.0,-7.0,7.0,8.0,14.0,4.0,-9.0,0.0,0.0,0.0,63.059418,94.84084,9.0,2.0,2.0,67.0,1.0
67.434875,200.24457,6.0,63.0,8.0,1.0,0.0,74.091286,37.654537,6.0,5.0507565,9.0,1.25647,56.936394,-7.0,2.0,1.0,73.40886,90.38425,3.0324981,2.0,1.0,83.85981,1.0
64.0,-8.0,2.0,-9.0,3.7766008,0.0,0.0,100.0,-7.0,7.0,8.0,4.0168614,2.0,70.31287,0.0,2.0,2.0,58.987648,54.706745,2.0,1.0,0.0,81.18008,1.0
-9.0,123.06361,6.0,56.683197,9.0,4.1914353,3.5404427,62.108246,2.0,1.0346503,6.0,10.0,3.0,25.504915,0.0,1.0,1.0,77.782036,82.73726,4.0,2.0,1.5861177,80.0,1.0
60.49358,130.08545,2.0,45.934025,39.708736,0.0,0.0,100.0,0.65765035,7.0,6.0,48.234447,10.810047,46.113598,0.0,2.0,2.0,44.06922,77.54704,9.833139,8.971523,5.2972665,79.86699,1.0
57.69031,167.36154,4.0,65.10815,13.615791,2.9823337,1.0,71.39508,10.323595,4.0,3.9943938,18.0,2.0,54.156326,0.0,4.0,3.0,30.020721,66.40401,2.0,2.0,0.0,47.54428,1.0
72.0,114.210625,35.546253,47.16685,4.052083,0.0,0.0,88.0,24.39677,6.0,6.0,12.0,0.0,70.05633,0.0,2.0,1.9529428,4.0,42.034832,1.0,1.0,0.0,88.0,1.0
55.041164,189.57323,7.0,84.07547,23.0,0.0,0.0,88.0,29.150293,6.0,6.0,21.735231,0.0,17.0,0.0,1.0,1.0,96.144684,60.46465,9.400777,1.0,2.0,77.66724,1.0
62.877174,118.78198,36.620316,61.0,-9.0,1.3737981,0.0,40.64663,41.535957,6.0,5.0,5.252819,0.0,99.397255,0.0,1.0,0.0,63.820152,-8.0,0.0,1.0,-9.0,100.0,1.0
-9.0,-9.0,-9.0,-9.0,-9.0,-9.0,-9.0,-9.0,-9.0,-9.0,-9.0,-9.0,-9.0,-9.0,-9.0,-9.0,-9.0,-9.0,-9.0,-9.0,-9.0,-9.0,-9.0,1.0
66.35671,-8.0,6.0,33.781063,12.0,0.0,0.0,100.0,-7.0,7.0,8.0,11.497458,2.0,-9.0,0.0,0.0,0.0,36.07439,-8.0,4.0,-8.0,2.0,62.880306,1.0
73.59381,144.57843,3.0,49.632343,23.0,0.0,0.0,100.0,-7.0,7.0,8.0,25.935066,3.0,66.04294,0.0,4.648802,5.038133,40.98163,65.54951,3.0,5.5980096,2.0,85.79101,1.0
66.48585,168.73228,2.0,83.63172,20.0,3.0,3.3106918,92.0,22.660467,4.0,3.0,14.0,3.0,40.62773,3.0,0.0,0.0,36.318886,88.09276,5.0,2.0,0.0,87.291855,1.0
68.0,12.581712,-9.0,-9.0,3.2435572,0.0,0.0,100.0,-7.0,7.0,8.0,7.388828,3.0,16.0,0.0,4.0,4.174897,61.317684,-8.0,2.0,1.0,0.0,67.0,1.0
62.964626,150.0459,15.423809,75.759514,14.0,0.0,0.0,80.001724,-2.4762015,4.0,6.0,15.0,0.0,17.0,0.0,0.0,0.0,74.30878,-8.0,7.0,1.0,2.0,88.0,1.0
67.0,104.176636,17.079596,47.695217,21.0,0.0,0.0,100.0,-7.0,7.0,8.0,20.0,0.0,43.55541,9.0,0.0,0.0,88.760284,-8.0,5.0,2.0,1.0,100.0,1.0
71.0,98.252754,23.332455,58.0,13.0,0.0,0.0,92.503876,35.065716,6.0,6.0,11.987466,0.0,45.0,0.0,0.0,0.0,1.3328608,-8.0,2.0,1.0,0.0,75.0,1.0
-9.0,73.91749,1.0,25.641165,18.0,1.0,2.2644017,79.05265,-7.0,-9.0,2.2514427,27.0,4.0,34.852463,0.0,3.0,3.0,100.08663,88.0,4.0,4.0,1.4490746,100.0,1.0
65.22998,166.39706,4.0,45.307793,10.0,2.0,1.0,86.78675,60.45222,6.0,5.0,17.0,4.0,32.0,10.838825,0.0,0.0,54.310085,93.0,3.0,2.0,0.0,54.30724,1.0
-9.0,256.25894,5.0,65.071754,25.0,0.0,0.0,88.0,17.876745,4.966633,6.0,38.695713,3.0,20.0,0.0,6.8096547,7.3879423,86.37079,-8.0,12.295702,1.0,5.5025268,88.691376,1.0
57.72019,151.15056,16.777147,63.57911,25.0,0.0,0.0,94.0,2.2290509,4.0,6.0,21.0,0.0,50.02507,0.0,4.0,4.0,94.465225,-8.0,5.0,3.0,4.0,100.0,1.0
64.334724,-9.0,12.0,-9.0,10.847738,0.0,0.0,100.0,-7.0,7.0,8.0,6.68381,0.0,-9.0,0.0,4.0,3.4493392,84.18928,-8.0,3.0,-8.0,0.0,56.0,1.0
-9.0,-9.0,3.243084,-9.0,-9.0,0.0,0.0,100.0,-7.0,7.0,8.0,-9.0,3.0,67.97376,0.0,0.0,0.8325475,99.320854,99.547424,1.0,2.0,0.0,87.588684,1.0
65.0,115.72203,2.0,54.492558,27.0,0.0,0.0,100.0,-7.0,7.0,8.0,26.0,6.0,45.88649,0.0,4.0,4.0,59.395344,64.97017,10.997902,3.0,1.0,100.0,1.0
-9.0,203.61606,4.0,50.228745,14.0,0.0,0.0,81.880455,8.883387,4.0,6.0,15.386124,3.0,33.0,-7.948832,1.0,1.0,69.05592,95.550964,4.0,4.0,6.449865,88.68283,1.0
75.0,154.94588,10.0,52.88766,8.255844,0.0,0.0,100.0,-7.0,7.0,8.0,14.0,0.0,63.68386,0.0,2.0,2.0,47.890717,60.01784,3.0,2.0,0.0,100.0,1.0
-9.0,70.23722,2.0,-9.0,12.258779,2.0,0.0,91.0,31.827023,6.0,3.700372,17.0,6.3686056,62.132717,1.0,2.0,2.0,42.896606,100.0,4.0,4.0,0.0,70.0,1.0
58.994946,-2.410837,5.0,-9.0,34.701256,0.0,0.0,100.0,-7.0,7.0,8.0,42.50935,4.0,26.0,2.0,2.0,2.0,41.978844,94.10491,7.0,2.0,2.0,56.0,1.0
-9.0,158.82089,11.0,60.38208,23.0,0.0,0.0,100.0,-7.0,7.0,8.0,23.0,1.0,36.0,-7.0,4.5156026,5.2330575,100.76914,91.0,21.40007,4.0,9.930634,100.0,1.0
64.0,-9.0,7.0,-9.0,-9.0,0.0,0.0,100.0,-7.0,7.0,8.0,5.13854,2.0,50.0,-8.0,0.0,0.0,90.98128,-8.0,1.0,1.0,0.0,76.30304,1.0
71.946625,104.46538,3.0,44.850323,15.0,3.0,0.0,77.8287,10.770101,6.0,3.0,19.752676,2.0,67.726875,9.0,0.0,0.0,13.153072,85.825386,3.0,2.5358303,0.0,84.4446,1.0
66.0,-9.0,2.0,-9.0,7.585861,0.0,0.0,100.0,-7.0,7.0,8.0,7.504803,2.0,31.546268,-7.0,2.0,2.0,63.708675,-8.0,3.0,1.0,2.0,84.43881,1.0
68.0,153.57156,2.0,59.149937,32.0,3.0,3.4635403,100.0,-7.0,6.0,8.0,26.0,6.417219,50.0,0.0,3.0,2.0,42.08617,97.510124,4.0,7.583523,0.0,79.36029,1.0
59.343334,-5.3034406,1.0,27.43704,10.0,0.0,0.0,91.576485,34.413906,6.0,6.0,7.777194,2.0,14.0,0.0,0.0,0.0,72.58693,-8.0,4.0,2.0,1.0,78.0,1.0
68.0,50.288578,2.0,-9.0,7.0,0.0,0.0,100.0,-7.0,7.0,8.0,7.0,7.2146797,88.65539,-7.0,4.0,4.288505,0.0,-8.0,1.0,1.0,0.0,57.0,1.0
64.31403,-9.0,11.0,18.770962,14.0,3.118936,0.0,77.99313,47.090775,6.0,4.0,15.0,1.0,50.0,0.0,1.0,1.0,32.61218,-8.0,3.0,1.0,0.0,66.7616,1.0
68.0,-9.0,2.0,-9.0,11.09891,0.0,0.0,100.0,-7.0,7.0,8.0,14.0,6.0,24.088211,0.0,3.0,3.2445345,6.0,91.0,4.0,2.0,0.0,52.788616,1.0
60.33902,113.93495,9.412892,60.89055,13.0,0.0,0.0,89.34111,13.030285,4.523582,6.0,11.294905,2.0,68.04043,-1.2088802,2.0,2.0,43.387623,49.525547,4.0,3.0,2.0,86.0,1.0
56.606976,169.33908,4.685259,69.70617,21.0,3.0,2.997379,86.154396,6.0,-9.0,6.0,24.641237,2.0,25.0,-7.0,5.3899326,5.0,67.41221,-8.0,8.0,3.0,1.0,74.7541,1.0
57.722607,188.10039,4.0,79.0,14.0,1.4580797,0.0,75.334206,6.0,4.0,4.0,15.0,2.0,33.0,0.0,2.0,2.0,90.79346,76.0,3.0,2.0,3.575678,67.0,1.0
67.76609,230.8918,4.0,86.96215,11.663273,0.0,0.0,80.842705,30.437126,4.0,5.8925576,13.137744,1.1207317,19.430742,0.0,4.0,5.0,11.0,-8.0,3.0,2.0,1.0,60.0,1.0
75.0,139.84201,4.0,49.736923,27.0,0.0,0.0,100.0,-7.0,7.0,8.0,20.0,2.0,31.0,0.0,1.0,1.0,1.0,-8.0,3.0,2.0,0.0,70.0,1.0
55.00586,123.44115,20.0,56.494633,12.0,0.0,0.0,72.2137,50.365524,6.0,6.0,13.555008,0.0,20.317202,0.0,0.0,0.0,118.493675,-8.0,8.0,2.0,5.9924335,99.540215,1.0
-9.0,159.82729,5.0,71.0,17.0,8.448788,4.870697,4.783782,4.0,-9.0,5.0,25.643276,2.739917,55.722984,2.0,0.0,0.0,69.14608,81.76815,5.0,4.0,1.2897638,100.0,1.0
68.0,345.00284,166.3118,132.01077,12.0,0.0,0.0,81.74953,1.3751018,3.2896428,6.0,11.9373865,0.0,28.192406,0.0,0.0,0.0,38.573387,-8.0,7.0,1.0,1.0,90.299164,1.0
66.0,122.220024,4.0,53.46099,14.0,0.0,0.0,89.64449,29.441738,6.0,6.0,14.0,1.2511945,22.0,0.0,1.0,1.0,21.0,-8.0,4.0,1.0,1.0,56.0,1.0
69.32464,154.83563,5.0,61.0,8.0,0.0,0.0,100.0,-7.0,7.0,8.0,9.0,2.0,85.15884,7.0,0.0,0.0,81.644875,100.0,1.0,1.0,0.0,100.0,1.0
71.0,114.69361,1.5185008,46.1466,27.584957,0.0,0.0,96.44204,42.843708,6.0,6.0,29.0,4.664359,25.0,9.0,0.0,1.0,10.186739,88.2305,3.0,3.0,0.0,67.0,1.0
59.692272,77.35227,10.0,37.15655,32.0,2.0,1.0,86.23559,4.0,6.0,4.8795,33.0,1.0,13.424175,-7.0,1.0,0.0,67.86161,19.235048,9.0,3.0,2.0,67.0,1.0
70.93336,170.4911,3.0,81.0,17.0,8.709836,3.5735297,79.57665,57.907887,6.0,5.0,19.0,2.0,55.14266,0.0,5.0,5.0,10.697712,92.45105,2.0,3.0,0.0,60.0,1.0
63.0,-4.0591917,7.0,32.48684,7.0,0.0,0.0,100.0,-7.0,7.0,8.0,8.0,2.0,59.720516,-8.0,0.0,0.0,70.997635,26.483437,2.0,2.0,0.0,88.0,1.0
-9.0,75.9422,3.0,-9.0,7.9586725,0.0,0.0,91.84864,3.6301348,3.0,6.0,9.0,3.0,44.191124,0.0,3.0,3.0,43.442795,78.30594,1.0,5.0,0.0,91.45253,1.0
-9.0,67.89988,-9.0,31.949503,6.0,3.7641408,3.2701485,80.614044,3.0,4.0,5.0,9.0,4.0,36.0,0.0,12.302535,9.76939,41.029167,-8.0,3.0,1.0,0.0,72.94158,1.0
62.0,191.52388,21.14164,68.0,15.0,0.0,0.0,100.0,-7.0,7.0,8.0,16.0,0.0,44.0,-7.0,2.0,1.7898803,103.58792,-8.0,5.0,2.0,3.0,100.0,1.0
66.0,-9.0,2.0,-9.0,11.2427225,0.0,0.0,88.0,6.258728,4.0,6.0,14.522171,3.0,31.0,0.0,0.0,0.0,1.0,-8.0,1.0,-8.0,0.0,-9.0,1.0
71.60837,93.43908,12.0,61.323868,21.0,0.0,0.0,100.0,-7.0,7.0,8.0,24.0,0.0,77.11198,-7.0,0.0,0.0,73.72033,69.735794,3.0,2.0,0.0,69.16533,1.0
55.53736,207.16685,5.0,86.0,17.0,1.0,2.0,86.575645,-7.0,0.24794663,3.820731,16.0,4.0,35.249928,2.0,4.0,3.5187347,74.296906,45.80753,5.0,2.0,3.4507742,85.07239,1.0
68.0,97.26717,11.640704,-9.0,-9.0,0.0,0.0,83.27834,58.449043,6.0,6.0,3.9838328,1.0,99.97508,0.0,4.0,3.8426414,0.0,100.0,-9.0,2.0,-8.7552595,80.0,1.0
57.419525,41.078,1.0,54.469425,-9.0,0.0,0.0,100.0,-7.0,7.0,8.0,2.438558,3.0,45.0,0.0,8.99562,9.93579,68.609695,144.59744,2.0,2.0,0.0,100.0,1.0
77.0,404.53128,6.217397,88.335976,9.497568,0.0,0.0,100.0,-7.0,7.0,8.0,12.228428,4.0,24.0,0.0,1.0,1.0,31.90055,-8.0,4.0,1.0,0.0,64.00509,1.0
73.36095,125.953415,15.0,63.50537,19.0,0.0,0.0,100.0,-7.0,7.0,8.0,18.0,0.0,61.047646,0.0,0.0,0.0,29.641655,77.228745,2.0,2.0,0.0,79.88631,1.0
57.77587,-9.0,8.0,-9.0,7.3767705,0.0,0.0,100.0,-7.0,7.0,8.0,3.5032592,2.0,0.075126424,0.0,2.0,2.0,45.160107,93.0,3.4543111,1.0,2.0,50.0,1.0
66.0,217.57574,1.0,39.693867,16.0,0.0,0.0,100.0,-7.0,7.0,8.0,20.0,5.9829607,38.0,0.0,2.0,2.0,63.157345,84.89407,3.0,3.0,1.0,73.25546,1.0
-9.0,143.75858,4.93681,74.730484,32.0,3.7164986,0.69445807,58.89098,-7.0,-9.0,5.0,47.423622,1.0,0.0,2.0,1.0,1.0,41.735584,-8.0,4.0,1.0,1.0,47.438362,1.0
62.0,181.46724,5.1634526,67.79637,27.0,1.0,0.0,86.48437,21.585997,6.0,5.0,31.0,3.0,54.080654,0.0,1.0,1.0,79.468796,80.10422,9.0,13.14683,5.5567226,100.0,1.0
-9.0,-9.0,9.0,-9.0,16.0,9.238086,5.615676,78.122154,7.6672897,0.0,3.0,16.0,2.0,40.20089,0.0,2.0,2.0,46.42524,80.5665,4.0,3.0,0.0,67.0,1.0
69.253075,213.98602,6.0,62.469345,10.0,0.0,0.0,71.47394,45.71574,6.0,6.0,13.0,2.0,71.33012,0.0,1.0,1.0,119.64478,78.31627,1.0,3.0,0.0,89.74414,1.0
6.901594,323.39648,-9.0,58.410114,32.0,0.0,0.0,92.0,11.646235,6.0,6.0,57.940784,8.293156,18.577768,-7.0,0.0,0.0,79.02383,92.604965,11.0,4.0,1.0,70.0,1.0
57.239822,174.82378,16.0,100.0,28.0,0.0,0.0,84.24228,-7.0,4.0,6.0,33.0,0.0,50.0,0.0,1.0,0.0,113.6786,30.158237,9.0,2.0,10.363126,100.0,1.0
71.0,161.95084,-2.9451158,62.18245,10.0,1.0,0.0,71.60302,4.0,6.0,4.9422617,15.0,4.0,42.0,-7.0,6.9745607,10.16844,1.0,-8.0,2.0,1.0,0.0,50.0,1.0
63.855225,193.98854,2.0,71.16907,12.489741,0.0,0.0,93.0,39.360226,6.0,6.0,15.0,3.0,22.0,0.0,1.0,1.0,95.98859,100.0,6.0,3.0,5.7672505,80.0,1.0
59.11013,112.62516,27.697102,111.83465,6.065336,2.0,0.0,60.07148,9.820391,6.0,2.0,10.822237,0.0,9.109942,11.432131,0.0,0.0,96.73861,-8.0,4.0,-8.0,2.1749601,75.0,1.0
62.0,136.45674,4.1821566,-9.0,20.0,0.0,0.0,100.0,-7.0,7.0,8.0,21.0,2.0,38.0,12.0,0.0,0.0,69.257324,79.3731,10.671891,5.790951,1.0,100.0,1.0
63.0,127.41344,20.0,55.38475,13.0,0.0,0.0,83.98194,5.230709,6.0,6.0,16.516405,0.0,86.51243,0.0,3.0,2.0,88.525444,66.48269,1.0,2.0,0.0,83.0,1.0
71.0,202.39182,4.0,26.378815,25.0,0.0,0.0,100.0,-7.0,7.0,8.0,29.413057,3.0,25.849516,-8.0,2.0,2.0,6.0,75.76889,4.0,4.0,0.0,67.0,1.0
64.0,139.42926,4.0,8.56361,18.0,0.0,0.0,90.0,22.66538,6.0,6.0,19.0,3.0,33.0,0.0,3.0,2.0,66.87502,-8.0,8.0,3.0,0.0,80.0,1.0
57.09331,48.768913,2.0,-9.0,-9.0,0.0,0.0,83.21773,45.809814,6.0,6.0,3.6921566,10.274254,33.0,0.0,2.0,2.0,0.0,93.0,1.0,2.0,0.0,71.0,1.0
68.512886,137.45784,6.0,38.873077,11.882214,0.0,0.0,100.0,-7.0,7.0,8.0,13.115742,0.0,24.0,0.0,1.0,1.0,57.791676,39.31347,3.0,1.0,3.4315672,55.37551,1.0
67.0,318.14487,15.265712,94.0,4.241127,1.0,0.0,81.342,79.988335,6.0,5.0,7.0,0.0,25.0,5.0,3.0,2.0,112.344925,49.88721,2.0,1.0,2.0,88.0,1.0
65.498856,203.43184,9.0,71.23734,15.0,1.0,1.0,92.0,7.5978727,-9.0,6.0,17.099588,2.0,16.0,0.0,1.0,1.8671472,66.327896,91.0,8.0,4.0,1.0,100.0,1.0
73.0,278.26587,4.0,77.228096,10.0,0.0,0.0,100.0,-7.0,7.0,8.0,15.0,2.0,52.195023,0.0,1.0,1.0,0.0,59.53133,1.0,3.0,0.0,55.39242,1.0
73.72316,73.14938,13.36324,-9.0,-9.0,0.0,0.0,100.0,-7.0,7.0,8.0,5.942771,0.0,33.0,0.0,0.0,0.0,92.35223,76.55577,2.0,2.0,0.0,88.0,1.0
80.0,78.66375,17.807945,72.0,-9.0,0.0,0.0,100.0,-7.0,7.0,8.0,4.5567865,0.0,95.29816,10.683378,0.0,0.0,0.0,-8.0,0.44326353,-8.0,0.0,75.09022,1.0
73.0,90.00861,9.693167,49.83076,4.36843,0.0,0.0,100.0,-7.0,7.0,8.0,3.995834,1.0,85.19056,-7.0,3.9485378,3.0287802,0.0,48.128864,1.0,-8.0,0.0,64.0,1.0
66.0,60.500298,4.0,25.04514,6.008879,0.0,0.0,88.0,69.20182,6.0,6.0,9.0,2.0,45.0,0.0,0.0,0.0,59.099182,79.26347,4.0,2.0,0.0,92.40552,1.0
62.473694,-8.0,26.812021,56.470306,7.748933,2.0,0.0,77.43007,20.593304,6.0,3.0,7.0,0.0,67.27923,0.0,2.0,2.0,1.0,98.3107,0.0,2.0,0.0,64.0,1.0
64.82781,220.30904,9.0,65.0,18.0,0.0,0.0,100.0,-7.0,7.0,8.0,15.8330765,0.0,33.0,0.0,0.0,0.0,94.80039,89.9988,3.0,2.0,3.0,83.0,1.0
-9.0,-8.98719,9.0,-9.0,-9.0,0.0,0.0,82.64074,14.998342,6.0,6.0,-9.0,2.0,99.99655,0.0,0.0,0.0,0.0,84.784096,0.0,3.0,-8.0,100.0,1.0
69.284935,-8.388424,32.4944,65.56554,11.0,0.0,0.0,100.0,-7.0,7.0,8.0,8.0,0.0,13.0,1.0,4.0,3.0,72.70888,-8.0,3.0,-8.0,3.0,52.842087,1.0
73.0,119.21093,3.0,37.682568,12.005525,0.0,0.0,100.0,-7.0,7.0,8.0,11.0,3.0,44.40792,0.0,0.0,0.0,37.727264,60.552277,2.0,2.0,0.0,50.0,1.0
-9.0,109.31854,62.576744,93.741554,8.0,6.4754534,7.82598,85.43306,-7.0,-9.0,6.0,16.0,0.0,26.41754,0.0,2.0,2.0,80.43015,-8.0,2.0,1.0,1.0,100.0,1.0
71.0,49.783398,-9.0,30.15994,-9.0,0.0,0.0,100.0,-7.0,7.0,8.0,1.0474175,2.0,28.0,-8.0,4.4460535,4.0,66.99249,-8.0,2.0,1.0,0.0,75.0,1.0
65.0,196.31572,2.0,56.478745,10.0,0.0,0.0,100.0,-7.0,7.0,8.0,10.0,2.0,0.0,0.0,0.0,0.0,87.84454,-8.0,6.0,-8.0,3.0,89.90446,1.0
57.576393,189.43893,2.0,72.0,16.40538,2.0,0.0,86.66111,27.385706,6.0,5.0,18.0,3.0,46.867397,-7.0,0.0,0.0,102.171524,96.11315,5.0,3.0,3.737038,81.50957,1.0
60.095703,170.93156,4.0,68.47974,11.0,0.0,0.0,70.38412,7.746539,6.0,6.0,11.743954,2.0,57.505802,2.0,3.0,3.0,45.457672,88.35352,3.0,2.0,0.0,87.84859,1.0
70.36796,-7.794899,28.954575,83.0,6.0,0.0,0.0,100.0,-7.0,7.0,8.0,5.831078,0.0,76.25163,0.0,1.0,1.0,89.22991,-8.0,2.0,1.0,1.0,100.0,1.0
62.0,72.74643,7.0,30.78798,7.210403,2.479725,2.8182607,88.0,31.67136,6.0,5.0,11.0,3.0,73.53326,-7.0,0.0,0.0,51.137054,80.0,1.0,5.0,1.0,100.0,1.0
63.0,144.14662,2.0,-9.0,20.0,1.0,0.0,94.0,66.87777,6.0,5.884848,19.0,10.443442,12.582071,0.0,2.0,2.0,63.785435,70.221535,11.119706,2.0,3.0,70.83239,1.0
64.0,-8.366607,12.0,45.824543,10.0,0.0,0.0,100.0,-7.0,7.0,8.0,9.0,0.0,25.0,-7.0,1.0,1.0,63.08419,63.495407,4.0,2.0,4.8979816,89.062935,1.0
60.607304,43.86527,14.499206,30.94895,21.0,0.0,0.0,100.0,-7.0,7.0,8.0,22.0,0.0,36.0,5.757901,0.0,0.0,76.922104,64.41853,8.0,4.13465,2.0,71.01647,1.0
70.0,161.104,35.14726,109.49698,4.3820996,2.0,0.0,77.11309,52.69285,6.0,5.0,9.0,0.0,99.88681,-7.0,2.0,1.0,4.0,-8.0,1.0,1.0,-9.0,100.0,1.0
74.0,167.77177,7.0,58.0,28.0,0.0,0.0,90.38932,3.5367053,6.0,6.0,34.0,2.0,77.39197,2.0,1.0,1.0,0.0,70.3408,1.0,15.853948,0.0,86.53916,1.0
64.32569,177.51033,35.743404,56.80722,8.0,0.0,0.0,86.09224,5.319649,4.0,6.0,9.0,0.0,75.32401,-7.427468,2.0,2.0,118.17005,-8.0,2.0,1.0,0.37917635,100.0,1.0
55.92239,116.46912,23.485157,70.17279,-9.0,0.0,0.0,72.477776,11.464073,6.0,6.0,7.0,0.0,27.0,1.0,1.0,1.0,57.503662,71.0,2.0,2.0,1.0,75.0,1.0
72.0,124.917885,11.0,-9.0,-9.0,0.0,0.0,100.0,-7.0,7.0,8.0,0.88678914,1.0,36.0,0.0,2.0,2.0,6.0,-8.0,1.0,2.0,0.0,73.0,1.0
71.0,133.74828,10.0,26.571539,-9.0,0.0,0.0,100.0,-7.0,7.0,8.0,4.271518,1.0,15.737685,0.0,4.0,4.0,1.0,-8.0,1.0,1.0,1.0,57.0,1.0
68.28468,146.15327,1.0,39.441498,13.0,0.0,0.0,100.0,-7.0,7.0,8.0,17.0,4.0,40.0,-7.0,2.0,2.0,52.735275,-8.0,3.6749573,1.0,0.0,86.0,1.0
54.957203,201.40686,32.668518,89.88515,4.417004,1.0,0.0,83.10993,2.181143,3.2981226,5.0,3.986159,0.0,89.755196,0.0,1.0,0.0,0.0,66.676,1.0,2.0,-9.0,91.25187,1.0
56.394073,209.72906,25.11013,86.0,23.0,0.0,0.0,95.0,-7.0,6.0,6.0,32.33464,0.0,0.51728135,15.898133,0.0,0.0,116.31178,-8.0,7.414685,2.0,4.184358,67.0,1.0
58.95117,361.79858,11.0,106.81123,22.0,3.899781,0.0,60.06621,37.487125,6.0,4.0,24.399302,0.0,50.40663,1.0,0.0,0.0,82.92157,51.987076,5.0,2.0,3.0,80.0,1.0
69.0,144.17358,2.0,17.682652,4.6979723,0.0,0.0,100.0,-7.0,7.0,8.0,5.929466,6.0,66.85555,0.0,2.0,2.0,38.33335,53.858097,1.7930454,1.0,0.0,73.0,1.0
-9.0,64.76882,6.0,-9.0,20.0,0.0,0.0,100.0,-7.0,7.0,8.0,18.0,2.0,44.0,0.0,2.0,2.0,90.592865,79.26479,5.0,7.7019353,2.0,87.713585,1.0
67.0,66.676025,4.0,25.386263,20.087328,0.0,0.0,96.0,38.15494,6.0,6.0,22.0,7.1493926,20.0,-7.0,4.0,4.0,12.0,-8.0,5.0,1.0,1.0,78.26966,1.0
71.0,121.752174,2.0,26.201086,-9.0,0.0,0.0,100.0,-7.0,7.0,8.0,7.214089,3.0,33.28219,1.0,1.0,1.0,36.0,98.42572,2.0,2.0,0.0,63.12335,1.0
65.42692,154.24248,7.0,58.16704,14.0,0.0,0.0,90.0,6.0,4.0,6.0,14.0,3.0,11.0,0.0,0.0,0.0,17.0,-8.0,4.0,-8.0,0.0,37.26809,1.0
-9.0,119.971565,5.0,47.650475,28.0,0.9841635,0.0,95.0,15.32791,4.29461,6.0,30.0,3.0,45.82223,0.0,0.0,0.0,98.46109,77.342804,8.0,6.80964,3.9076314,88.14849,1.0
64.69349,31.455149,3.0,47.815514,7.0,0.0,0.0,92.38555,26.916008,6.0,6.0,10.0,4.0,43.0,-7.0,3.0,3.046233,73.45989,76.74659,3.0,2.0,0.0,99.34642,1.0
61.258705,157.05681,16.0,65.0,-9.0,0.0,0.0,100.0,-7.0,7.0,8.0,2.3344145,0.0,45.56999,0.0,3.0,2.0,63.613407,-8.0,1.0,1.0,1.0,67.0,1.0
22.140808,178.75085,11.0,81.99694,31.0,0.0,0.0,95.0,60.678295,6.0,6.0,30.593472,1.0,50.0,3.0,2.0,1.0,92.98939,84.008705,6.0,3.0,9.160267,88.22569,1.0
73.0,183.21532,23.290186,71.053635,12.0,0.0,0.0,86.396835,14.410201,6.0,6.0,15.912201,0.0,76.222755,0.0,0.0,0.0,18.0,77.39449,1.0,4.0,-9.0,100.0,1.0
69.0,161.43523,11.0,74.84183,15.0,0.0,0.0,100.0,-7.0,7.0,8.0,2.1134055,2.0,46.98743,23.714973,0.0,0.0,72.520004,-8.0,4.0,1.0,1.0,70.997925,1.0
70.0,143.56543,5.0,16.458473,13.0,0.0,0.0,100.0,-7.0,7.0,8.0,15.0,3.0,77.9098,1.0,0.0,0.0,0.0,73.15791,1.0,4.0,0.0,74.62538,1.0
73.0,272.86835,9.0,84.34155,15.0,0.0,0.0,88.0,37.119587,6.0,6.0,14.0,0.0,47.0,1.0,0.0,0.0,32.0,-8.0,3.0,3.0,0.0,83.0,1.0
-9.0,144.88654,2.0,31.450176,25.0,3.0,0.0,85.81521,23.566393,6.0,4.0,28.0,10.872094,44.0,0.0,4.8446856,4.0,32.0,83.37865,6.0,7.295981,2.0,70.0,1.0
69.0,125.73168,1.0,63.676144,13.0,1.0,1.0,90.0,21.043413,0.0,4.9168496,14.0,2.0,44.0,0.0,4.0,4.0,21.0,98.08556,1.0,3.0,0.0,52.35204,1.0
66.47388,137.73166,12.0,92.0,23.887085,0.0,0.0,100.0,-7.0,7.0,8.0,19.0,1.0,26.839031,2.2794883,1.0,0.06261361,95.26834,-8.0,4.0,3.0,4.2733397,100.0,1.0
70.0,-8.226799,3.0,1.9101627,8.614101,0.0,0.0,100.0,-7.0,7.0,8.0,7.560709,2.0,-0.8697186,0.0,4.988024,5.0,38.558907,-8.0,4.0,1.0,1.0,57.0,1.0
70.0,176.79094,9.0,77.0,27.0,0.0,0.0,100.0,-7.0,7.0,8.0,25.0,1.0,60.269024,0.0,0.0,0.0,3.8454924,98.88439,4.0,3.0,0.0,82.04753,1.0
57.74612,185.71797,17.0,84.30718,13.0,0.0,0.0,100.0,-7.0,7.0,8.0,12.0,0.0,0.0,2.0,2.0,1.0,118.17137,-8.0,5.0,-8.0,8.749119,100.0,1.0
59.649246,111.6668,3.0,77.75986,17.0,1.0,0.0,77.84044,35.168934,6.0,5.0,19.848385,6.0,-2.5054903,0.0,5.920758,5.5569706,27.388607,-8.0,5.0,1.0,3.0,51.235035,1.0
56.084534,139.50365,6.0,67.0,-9.0,0.0,0.0,100.0,-7.0,7.0,8.0,-6.303464,1.0,53.564655,0.0,0.0,0.0,119.9947,28.414341,2.0,2.0,4.0,100.0,1.0
55.742085,109.6647,1.5437179,26.636183,36.0,0.0,0.0,100.0,-7.0,7.0,8.0,35.0,10.932067,22.0,0.0,4.0092177,4.0,37.020462,84.93932,25.321917,3.0,4.2937794,80.0,1.0
70.26405,176.72887,7.0,58.0,16.0,0.0,0.0,100.0,-7.0,7.0,8.0,15.071288,1.0,42.0,0.0,0.0,0.0,67.936844,77.05387,8.0,3.0,4.0,88.0,1.0
68.0,182.63216,9.0,80.579506,20.0,2.0,0.0,88.0,3.0003407,4.0,4.309408,22.0,2.0,68.866776,0.0,2.0,2.0,26.916742,-8.0,3.2231214,4.0,0.0,80.0,1.0
76.0,217.70479,7.0,59.420845,15.0,0.0,0.0,100.0,-7.0,7.0,8.0,16.934109,2.0,61.406235,-7.0,0.0,0.0,89.88343,73.18338,3.0,4.0,0.0,98.74916,1.0
55.112064,-9.0,6.0,-9.0,-9.0,0.0,0.0,79.67321,8.436348,6.0,6.0,4.9759507,2.0,33.0,2.0,1.0,1.0,73.32534,85.416855,3.0,2.0,0.0,91.88876,1.0
60.83184,156.40904,5.0,20.322243,9.0,0.0,0.0,100.0,-7.0,7.0,8.0,4.8275943,2.0,33.0,0.0,0.0,0.0,118.63093,-8.0,3.0,2.0,1.0,100.0,1.0
63.58411,133.2148,12.0,55.362087,15.0,1.0,0.0,82.68861,9.231249,6.0,4.0,14.0,0.0,68.66647,3.4174027,1.0,0.47754073,109.87187,70.74011,3.0,5.0,0.0,87.46856,1.0
69.0,95.3692,5.0,25.03537,20.0,3.4391882,3.0303228,93.0,28.959877,4.4783564,3.5438838,25.762928,7.515962,77.01943,-7.0,3.1258123,3.0,2.0,98.34549,3.0,5.0,0.0,83.0,1.0
66.247185,72.58908,1.0,38.360733,26.19145,0.0,0.0,100.0,0.6802157,6.0,6.0,28.0,6.0,52.305977,0.0,3.0,3.0,33.45825,68.91933,7.0,2.0,2.0,75.0,1.0
86.0,244.82468,137.77542,116.12872,-9.0,0.0,0.0,100.0,-7.0,7.0,8.0,5.901038,0.0,82.21948,0.0,0.0,0.0,0.0,-8.0,-9.0,-9.0,-9.0,44.0,1.0
62.210316,147.12762,10.0,86.86702,34.64981,0.0,0.0,95.0,-7.0,-9.0,6.0,34.0,2.0,37.305405,5.97145,0.0,0.0,54.162487,-8.0,6.0,2.0,1.0,50.0,1.0
20.335932,97.238525,3.0,31.858587,32.81861,0.0,0.0,90.46893,24.681248,6.0,5.031912,31.0,6.0,29.315428,0.0,4.0,4.0,69.51162,74.371,10.685779,7.6143246,5.9350486,85.98564,1.0
69.0,99.570786,5.0,48.966328,23.328306,0.0,0.0,84.08169,12.143478,4.0,6.0,27.0,4.0,59.14424,5.0,0.0,0.0,23.637096,86.156425,1.0,3.0,0.0,56.81692,1.0
-9.0,158.46255,1.0,46.430397,24.0,1.0,1.0,100.0,-7.0,6.0,8.0,29.0,3.0,45.0,0.0,5.2115464,4.6142073,109.35665,53.936596,11.0,4.0,5.2731304,100.0,1.0
68.0,-8.405271,19.407015,67.0,6.9870462,3.954981,3.93291,100.0,-7.0,6.0,8.0,2.810543,0.0,53.870235,0.0,0.0,0.0,69.87483,-8.0,3.0,2.0,1.0,100.0,1.0
62.247368,112.85437,4.0,-9.0,12.0,0.0,0.0,100.0,-7.0,7.0,8.0,15.0,3.0,32.0,1.2253234,1.0,1.0,91.43404,98.27321,3.898962,3.0,2.0,77.84616,1.0
65.0,224.6092,15.736146,78.48884,20.66175,0.0,0.0,93.19644,54.50374,6.0,6.0,23.0,0.0,14.544656,-5.6034217,1.0,1.0,72.97677,25.490452,9.883596,1.0035472,5.1024475,91.37208,1.0
-9.0,123.67893,-4.339647,47.23386,18.0,1.0,0.0,89.91012,4.0,2.6622665,5.0,19.0,6.0,21.0,1.0,5.6410975,5.6667356,76.242836,74.716415,9.0,2.0,2.0,80.0,1.0
-9.0,135.15733,1.0,71.74474,36.0,0.0,0.0,89.6945,6.33087,-9.0,6.0,36.874607,3.0,47.0,0.0,3.0,3.0,72.68051,81.383965,4.0,4.0,3.0,86.99664,1.0
54.686554,-9.0,20.377565,-9.0,19.0,0.0,0.0,100.0,-7.0,7.0,8.0,1.768877,0.0,22.0,0.0,1.613518,1.0,109.76935,42.71685,9.314778,2.0,2.0,98.64868,1.0
-9.0,103.97771,11.0,-9.0,-9.0,0.0,0.0,74.2621,3.6768138,6.0,6.0,0.8469932,2.0,90.50436,0.0,0.0,0.0,1.0,-8.0,1.0,1.0,-9.0,100.0,1.0
61.802456,143.82544,6.0,59.76152,17.39756,0.0,0.0,96.0,22.020016,6.0,6.0,19.0,3.0,20.702185,0.0,0.0,0.0,108.3398,-8.0,6.0,1.0,3.0,78.230644,1.0
69.0,-9.0,7.6559467,50.222065,3.6329753,0.0,0.0,100.0,-7.0,7.0,8.0,-0.42344198,2.0,74.82578,0.0,1.0,1.0,28.058464,88.0,1.0,2.0,0.0,78.0,1.0
60.852028,256.57657,3.0,61.0,28.506536,0.0,0.0,100.0,-7.0,7.0,8.0,29.0,3.9530206,11.0,5.0,0.0,0.0,65.01448,87.101616,11.0,2.0,5.8847227,70.58783,1.0
72.61424,-9.0,2.0,28.649683,7.0,0.0,0.0,100.0,-7.0,7.0,8.0,6.967786,4.0,64.04084,-7.0,1.0,1.0,5.0,60.62058,1.0,2.0,0.0,60.356888,1.0
74.0,125.42038,-5.111908,60.353504,29.0,0.0,0.0,95.0,76.6526,6.0,6.0,31.0,7.010255,14.0,2.0,2.0,2.0,18.443335,6.7356124,3.0,2.0,3.0,37.25931,1.0
-9.0,-9.0,17.183514,44.139565,18.0,0.0,0.0,100.0,-7.0,7.0,8.0,15.787231,0.0,37.487404,0.0,2.0,1.8111728,119.930885,80.911644,9.0,2.0,10.808266,82.00666,1.0
54.25814,171.33806,2.0,69.04832,32.0,0.0,0.0,94.0,15.814131,4.0,6.0,30.0,3.0,24.446877,0.0,2.281687,2.0,71.520676,91.48779,13.738278,6.0,3.0,75.0,1.0
63.0,156.48831,10.0,65.74277,19.0,0.0,0.0,94.0,-7.0,4.0,6.0,20.786453,3.0,13.0,3.0,1.0,1.0,79.68092,68.97028,10.640336,2.0,2.0,83.0,1.0
70.0,160.94254,3.0,46.477856,6.8637066,3.0,0.0,67.48231,42.84598,6.0,3.0,11.0,2.0,33.0,0.31731564,2.0,2.0,8.124313,68.10646,1.0,2.0,1.0,43.0,1.0
78.0,64.346405,15.0,28.846004,6.974639,0.0,0.0,100.0,-7.0,7.0,8.0,9.0,0.0,99.94147,0.0,1.0,1.0,0.0,-8.0,1.0,1.9763801,0.0,75.0,1.0
56.14091,153.83327,2.0,-9.0,-9.0,0.0,0.0,100.0,-7.0,7.0,8.0,4.8625145,3.0,40.0,1.0,3.0,2.1027496,115.073074,80.0,3.0,2.0,2.0,83.0,1.0
71.0,379.8271,3.0,39.589348,6.0,0.0,0.0,85.61419,23.153471,6.0,6.0,15.0,3.0,97.89077,0.0,0.0,1.0,1.0,76.73417,0.65724,3.0,-8.0,80.0,1.0
70.0,95.3948,6.0,28.869316,12.0,0.0,0.0,96.0,56.479465,6.0,6.0,8.105606,2.0,19.396107,12.454691,0.0,0.0,15.0,-8.0,2.2427063,2.0,0.0,33.0,1.0
63.0,124.98655,10.0,50.58392,8.0,0.0,0.0,5.021109,44.541374,5.2955923,6.0,9.0,1.0,59.880905,0.0,0.0,0.0,89.61273,88.0,2.0,3.0,1.0,81.6798,1.0
67.2501,267.60086,3.0,49.117268,12.0,0.0,0.0,100.0,-7.0,7.0,8.0,14.0789385,6.848038,57.611748,3.0,4.0,3.7826545,42.843918,91.0,4.0,4.0,1.0,88.02157,1.0
68.0,119.071724,2.0,36.204567,20.0,10.103462,2.0,85.508224,38.44798,6.0,2.0,23.068462,6.0,76.05729,0.0,2.143053,2.094663,62.616486,48.986614,2.0,7.5042467,0.0,79.327995,1.0
64.0,-9.0,1.0,-9.0,14.0,0.0,0.0,100.0,-7.0,7.0,8.0,11.637408,10.624291,42.0,0.0,2.0,2.0,65.7024,44.03626,5.0,3.0,2.0,85.807236,1.0
68.0,-5.2808566,7.8779917,44.12687,8.129287,0.0,0.0,100.0,-7.0,7.0,8.0,7.0,1.0,58.23861,-8.0,0.0,0.0,89.324394,68.04236,3.0,2.0,2.0,100.0,1.0
88.0,171.70969,31.512903,62.00972,6.0046263,0.0,0.0,100.0,-7.0,7.0,8.0,8.192645,0.0,68.550835,-7.0,1.0,1.0,0.0,-8.0,0.9310573,-9.0,0.0,26.683912,1.0
71.0,90.10745,4.589304,44.37712,13.0,0.0,0.0,100.0,-7.0,7.0,8.0,8.0,2.0,50.0,-7.0,3.0,3.0,10.0,45.63194,4.0,1.0,0.0,92.14014,1.0
65.0,103.60572,2.0,24.76273,9.0,0.0,0.0,89.0,24.632647,4.0,6.0,8.951897,5.0,75.0158,0.0,1.0,1.0,52.67345,91.0,2.0,6.831394,1.0,100.0,1.0
56.48243,119.528046,28.798103,50.735466,3.4978144,0.0,0.0,95.778336,-3.824544,4.0,6.0,8.0,0.0,42.0,1.0,1.0,1.0,96.93384,-8.0,4.0,-8.0,1.0,69.53291,1.0
60.641747,156.00235,12.0,47.525658,20.953045,0.0,0.0,100.0,-7.0,7.0,8.0,19.0,0.0,50.0,0.0,0.0,0.0,92.78903,80.0,3.0,4.0,3.0,71.0,1.0
64.39918,-8.820314,3.0,-9.0,7.0,0.0,0.0,100.0,-7.0,7.0,8.0,9.0,1.1928046,19.0,0.0,1.0,1.0,78.08814,-8.0,2.0,1.0,0.0,78.0,1.0
70.90008,157.75279,15.0,57.546,10.703054,0.0,0.0,100.0,-7.0,7.0,8.0,11.135567,0.0,5.064708,0.0,4.0,4.9012685,28.642216,-8.0,5.0,1.0,0.0,80.77128,1.0
62.54277,75.10695,6.0,19.367235,12.0,0.0,0.0,100.0,-7.0,7.0,8.0,12.0,4.0,79.904884,0.0,3.0,3.0,86.93876,78.360275,3.0,2.0,0.0,75.0,1.0
-9.0,186.4743,1.0,90.0,25.0,1.0,0.0,83.66669,4.469562,0.6429104,5.876368,26.0,2.0,22.0,0.0,1.0,1.0,82.73196,80.91907,14.026034,2.0,7.7990704,100.0,1.0
85.58334,21.857964,20.0,50.28827,7.0,0.0,0.0,100.0,-7.0,7.0,8.0,4.6588917,0.0,50.0,-7.6153703,0.0,0.0,0.0,-8.0,1.0,-8.0,0.0,43.297455,1.0
73.0,100.57087,3.1614661,-9.0,12.0,0.0,0.0,100.0,-7.0,7.0,8.0,12.977382,2.0,52.98853,0.0,0.0,0.0,30.259117,84.86617,2.0,2.0,0.0,67.0,1.0
73.0,78.95022,4.0,28.265411,8.987204,0.0,0.0,100.0,-7.0,7.0,8.0,7.253987,3.0,33.0,-7.0,1.0,1.0,10.0,84.00604,3.0,3.0,0.0,52.644974,1.0
72.0,-9.0,2.0,39.365044,12.0,0.0,0.0,100.0,-7.0,7.0,8.0,9.0,2.0,18.46527,-7.0,1.0,1.0,21.0,73.93587,3.0,1.0,2.0,47.04182,1.0
59.557724,186.10008,5.0,70.0,37.654705,0.0,0.0,95.0,16.442553,6.0,6.0,38.0,3.1252549,38.00305,-4.359545,0.0,0.0,117.254616,65.58706,14.963291,6.0,9.78588,100.0,1.0
68.0,91.52622,6.0,42.099472,15.410221,0.0,0.0,93.0,1.4479619,4.0,6.0,19.0,2.0,12.898851,0.0,0.0,0.0,9.0,-8.0,2.0061417,1.0,0.0,38.0,1.0
58.88219,127.01735,20.215034,42.53573,-7.541065,0.0,0.0,57.914078,-7.0,-9.0,5.9994555,4.108746,0.0,15.0,0.0,0.0,0.0,6.0,-8.0,2.0,-8.0,0.0,50.0,1.0
62.0,149.97847,3.0,64.060776,28.0,0.0,0.0,93.0,58.7301,6.0,6.0,26.0,2.0,50.0,0.0,4.0,4.0,66.95531,96.13005,8.0426855,6.8047476,2.0,85.45067,1.0
61.344604,177.89067,10.0,69.62608,-9.0,0.0,0.0,88.0,4.6761694,4.0,6.0,0.95637614,1.0,-9.0,0.0,4.0,4.0,119.643036,-8.0,1.0,-9.0,1.0,93.1826,1.0
58.35149,131.4142,3.0,36.393963,3.0947182,1.6167308,1.0,82.299644,8.022,0.0,5.0,8.038602,2.0,77.59877,-5.662626,3.0,3.0,65.53809,67.99801,2.0,2.0,0.0,81.9641,1.0
-9.0,143.59015,6.0,55.01466,9.0,2.0,0.0,72.23584,9.985305,4.0,4.0,13.0,2.0,48.721706,-7.0,2.0,2.0,118.33414,98.76383,3.0,2.0,1.0,100.0,1.0
55.246025,177.32448,10.820707,78.00525,9.350006,0.0,0.0,72.46748,13.185752,6.0,6.0,11.0,1.0,-9.0,21.637838,0.0,0.0,113.689964,-8.0,4.0,-8.0,1.0,100.0,1.0
64.03716,116.40475,1.0,-9.0,-9.0,1.0,1.0,100.0,-7.0,7.0,8.0,4.2612724,3.0,21.0,-7.0,1.0,1.0,56.652832,-8.0,2.0,1.0,-9.0,100.0,1.0
59.88668,-9.0,7.0,37.457195,25.462719,6.232106,7.310657,100.0,-7.0,7.0,8.0,25.0,5.0137787,55.078526,-8.0,3.0,3.0,68.14552,87.724754,7.0,3.0,3.0,90.67766,1.0
75.47515,163.01912,4.0,43.30189,19.856344,0.0,0.0,100.0,-7.0,7.0,8.0,20.801613,4.0,22.296751,0.0,1.0,1.0,4.7906504,100.0,4.0,2.0,0.0,47.225212,1.0
62.09293,69.29885,2.0,12.961304,13.0,0.0,0.0,100.0,-7.0,7.0,8.0,14.0,4.0,16.0,0.0,5.0,5.0608234,100.967514,-8.0,2.4661567,1.0,1.0,63.62686,1.0
71.81261,147.57712,22.200777,63.0,7.4182515,0.0,0.0,77.265884,60.253563,6.0,6.0,12.0,0.0,54.446842,0.0,2.0,2.0,0.0,59.016163,0.0,2.0,0.0,70.00345,1.0
63.0,93.11777,13.825261,65.37925,16.0,0.0,0.0,100.0,-7.0,7.0,8.0,17.0,0.0,28.0,0.0,0.0,0.0,117.85266,-8.0,4.0,1.019137,5.210104,100.0,1.0
64.0,121.36757,11.099866,29.595503,36.708744,0.0,0.0,100.0,-7.0,7.0,8.0,32.0,0.0,12.383394,12.532264,0.0,0.0,69.65952,74.26664,17.950787,3.0,1.4765966,75.0,1.0
59.51285,109.85787,8.0,58.50904,32.454315,1.0,0.0,88.63776,16.91742,6.0,5.0,33.0,2.0,47.0,7.586514,0.0,0.0,79.94561,-8.0,11.0,5.0,8.76267,84.122925,1.0
-9.0,-9.0,-9.0,-9.0,-9.0,-9.0,-9.0,-9.0,-9.0,-9.0,-9.0,-9.0,-9.0,-9.0,-9.0,-9.0,-9.0,-9.0,-9.0,-9.0,-9.0,-9.0,-9.0,1.0
78.0,142.85457,8.40849,63.41995,9.0,0.0,0.0,94.0,26.520243,6.0,6.0,9.0,1.0,74.677635,0.0,3.0,3.0,0.0,-8.0,0.0,1.0,0.0,55.47741,1.0
67.804886,101.286766,-9.0,34.963783,13.0,0.0,0.0,100.0,-7.0,7.0,8.0,11.6747675,4.0,52.79849,2.0,2.0,2.0,68.71763,90.54301,3.0,3.0,0.0,75.0,1.0
60.23857,158.56284,17.0,42.57071,20.818962,1.0,0.0,92.0,7.3253555,1.8855516,6.0,27.459074,0.0,40.603317,0.0,0.0,0.0,47.684288,-8.0,6.0,1.0,3.0,74.45946,1.0
57.10845,270.15558,2.0,41.369915,28.21292,1.9056146,0.0,89.610405,10.984374,-7.017473,3.867337,42.524998,8.865086,47.92825,0.0,4.999176,5.225774,48.304337,95.96075,5.0,6.0,0.0,81.60702,1.0
58.455814,98.924095,8.0,-9.0,-9.0,0.0,0.0,100.0,-7.0,7.0,8.0,1.6685785,2.0,40.0,0.0,3.0,3.0,4.0,38.557816,1.0,1.0,-8.0,67.0,1.0
67.128334,129.76529,3.0,67.66552,25.278728,0.0,0.0,94.0,47.117065,6.0,6.0,23.0,3.7782023,33.0,0.0,5.0,5.0,37.093834,-8.0,9.2305565,3.0,2.0,82.9953,1.0
64.625,181.48506,8.0,68.0,31.0,0.0,0.0,100.0,-7.0,7.0,8.0,28.0,2.0,38.0,0.0,3.0,3.110021,54.943966,82.17284,9.0,7.1605825,5.1367707,83.0,1.0
58.19202,-8.557001,11.0,49.908543,15.0,4.7451777,2.8706987,78.08579,44.13635,6.0,5.0,18.166395,3.0,97.619995,0.0,4.0,3.0,0.0,-8.0,0.0,1.0,0.0,43.0,1.0
69.84537,203.50735,30.627346,75.0,7.0,0.0,0.0,97.0,-7.0,4.0,6.0,10.974954,0.0,54.235554,0.0,2.0,2.0,69.09356,-8.0,1.0,1.0,0.0,67.0,1.0
-9.0,187.26334,7.0,46.775093,21.0,0.0,0.0,75.060844,4.0,4.0,6.0,24.0,2.0,22.0,0.0,0.0,0.0,94.93887,94.43668,18.789219,2.0,9.799711,83.0,1.0
63.0,-8.570494,4.0,20.42335,-9.0,0.0,0.0,100.0,-7.0,7.0,8.0,4.024806,2.0,59.72012,0.0,3.0,3.0,0.0,87.56145,1.0,1.0,0.0,46.212097,1.0
62.0,66.4363,4.0,-1.291446,13.763103,0.0,0.0,100.0,-7.0,7.0,8.0,12.4611845,5.0,17.0,0.0,1.0,1.0,66.746445,-8.0,7.0,1.0,3.0,100.0,1.0
63.0,151.22093,27.25473,52.026398,25.0,0.0,0.0,91.334206,-7.0,4.0,6.0,26.053024,0.0,77.00249,0.0,4.0,3.8263385,8.0,54.400536,2.0,4.0,0.0,79.4905,1.0
65.0,217.47278,20.0,79.0,16.0,1.0,1.0,77.13053,9.056856,4.0,2.0,20.886341,0.0,67.916824,-8.0,3.0,2.0,107.02715,52.75247,1.6772279,4.0,1.0,100.0,1.0
77.0,130.17664,39.23705,70.0,8.172935,0.0,0.0,100.0,-7.0,7.0,8.0,9.0,0.0,68.15539,0.0,1.0,1.0,71.56642,-8.0,2.0,2.0,0.0,100.0,1.0
71.55721,217.48209,3.0,71.0,25.0,0.9839911,1.0,96.0,45.040226,4.0,4.0,24.0,4.0,38.0,4.2482953,0.0,0.0,35.2209,85.25763,8.691383,4.0,2.0,80.0,1.0
59.648773,-8.073991,12.108745,-9.0,-9.0,0.0,0.0,100.0,-7.0,7.0,8.0,2.1122458,1.0,87.859,-7.0,2.0,1.0,85.26783,24.441639,1.0,2.0,-8.0,100.0,1.0
58.202408,148.69048,23.692568,71.927216,19.0,2.9098442,2.0,76.45078,-7.0,-4.241965,6.0,21.0,1.0,47.0,0.0,3.884071,4.0,46.734547,62.230118,3.0,3.0,0.0,80.0,1.0
39.209946,134.21355,12.0,64.08988,6.0,0.0,0.0,77.64844,18.964363,6.0,6.0,7.50642,0.0,11.531703,12.0,0.0,0.0,114.945526,91.96261,3.0,1.0,7.4219093,64.0,1.0
69.0,133.80942,-9.0,1.504687,6.0,0.0,0.0,100.0,-7.0,7.0,8.0,5.303642,5.0,64.491035,0.0,3.0,2.210984,32.903023,96.82731,2.0,4.0,0.0,91.781006,1.0
57.33361,44.317616,17.331884,59.906296,11.0,0.0,0.0,78.238884,0.9624106,-8.995966,6.0,15.0,0.0,67.52131,0.0,0.0,0.0,111.67476,-8.0,1.0,2.8997164,0.0,96.534424,1.0
68.0,45.12716,5.0,36.67259,19.0,0.0,0.0,100.0,-7.0,7.0,8.0,18.0,2.0,33.0,0.0,3.0,3.0,47.60239,66.904305,6.0,1.2863239,1.0,53.10858,1.0
65.0,215.42181,11.0,72.08257,17.0,0.0,0.0,82.28466,45.962406,6.0,6.0,14.0,0.0,43.111393,0.0,0.0,0.0,70.742424,-8.0,4.0,1.0,3.0,82.18211,1.0
-9.0,170.55766,6.0,47.85031,8.094689,0.0,0.0,78.25506,-7.0,3.0,6.0,13.0,2.0,41.610123,0.0,0.0,0.0,84.97684,18.245785,4.0,1.0,1.0,73.0,1.0
70.0,264.68933,31.388376,88.826225,5.060636,0.0,0.0,79.71453,16.087465,6.0,6.0,7.2628846,0.0,50.146713,22.384716,0.0,0.0,78.65833,6.4251294,3.0,2.0,1.0,83.0,1.0
57.582798,176.9211,23.298761,58.0,4.6702185,2.0,0.0,33.059025,9.387534,4.0,3.0,5.3861365,0.0,61.28885,0.009455403,3.0,2.0,92.49217,-8.0,2.0,1.0,1.0,100.0,1.0
58.334465,41.16544,6.0,37.58461,9.0,0.0,0.0,90.0,36.939224,6.0,6.0,12.0,4.0,53.660404,0.0,3.0,2.9972298,63.978615,-8.0,1.0,2.0,-8.0,91.9293,1.0
-9.0,58.419727,9.0,-9.0,-9.0,0.0,0.0,81.14963,8.920087,6.0,6.0,-7.04658,1.0,69.29525,0.0,2.0,1.0,92.51648,66.27107,1.0,2.0,0.0,100.0,1.0
63.0,116.79555,4.0,65.0,28.0,2.0,1.0,82.97711,17.16642,6.0,2.0,31.613718,3.0,47.0,3.0,0.0,0.0,106.58689,64.12404,6.0,2.0,3.0,100.0,1.0
65.0,96.63682,1.0,41.657665,31.0,1.0,0.0,92.0,42.575527,6.0,3.0,33.449745,6.0,21.0,0.0,3.182277,3.0,48.202576,-8.0,4.0,3.0,1.0,67.0,1.0
76.9191,66.33233,11.0,54.780937,19.0,0.0,0.0,100.0,-7.0,7.0,8.0,16.0,1.0,67.32668,0.0,0.0,0.0,0.0,81.45678,1.0,1.0,0.0,41.454517,1.0
65.0,205.50348,36.59938,128.39265,26.863066,0.0,0.0,91.0,4.7373567,4.0,6.0,25.0,0.0,28.0,0.0,11.546035,11.082974,79.4972,-8.0,9.0,2.0,1.7769456,86.58221,1.0
62.0,228.55656,10.0,86.0,13.0,9.765882,3.1601882,-9.0,2.4799988,-9.0,2.0,20.100412,1.0467873,40.34698,0.0,0.0,0.0,59.02566,-8.0,2.0,2.1460407,0.0,80.0,1.0
61.381172,99.44078,3.0,113.40015,14.0,2.0,0.0,71.51054,19.424875,6.0,2.0,3.9924061,3.0,-9.0,13.939507,1.0,1.0,34.58139,60.984543,6.0,1.0,0.0,75.0,1.0
-9.0,170.23648,4.0,71.0,12.0,0.0,0.0,81.16774,3.0,0.0,6.0,8.615901,2.0,39.482674,0.0,15.315307,15.784189,102.97408,-8.0,3.0,2.0,5.706645,100.0,1.0
55.25432,184.95418,1.0,63.0,26.0,1.0,0.0,89.0,17.152151,6.0,6.0,30.69677,5.0,37.810574,0.0,3.0,2.522183,70.72541,91.34519,9.0,5.9315534,3.2364721,100.0,1.0
70.13305,152.9448,2.0,58.0,17.0,0.0,0.0,100.0,-7.0,7.0,8.0,19.0,3.0,81.706696,-7.0,3.0,2.0,36.12875,61.475864,3.0,6.0,0.0,91.05463,1.0
55.441605,199.27605,2.0,60.036774,23.0,4.7861366,5.914559,91.76557,47.73688,3.0,5.0,28.0,10.9385805,42.0,0.0,4.7312036,4.8459873,65.4851,97.96321,17.889738,4.0,2.0,83.0,1.0
57.350216,160.16058,3.0,49.921017,31.0,3.6263387,2.0,77.61373,3.7072768,-9.0,2.0,48.50347,5.0,56.02519,-8.0,10.348428,6.8139424,48.757706,80.0,5.0,16.139486,0.0,75.93587,1.0
59.03825,119.8095,20.0,39.751442,5.0784965,0.0,0.0,100.0,-7.0,7.0,8.0,0.59306926,0.0,100.0,0.0,0.0,0.0,0.0,-8.0,1.0,1.0,-9.0,80.0,1.0
67.0,88.687874,2.0,20.227787,10.213007,0.0,0.0,87.24268,10.601017,6.0,5.0,6.9864125,4.0,23.0,0.0,1.0,1.0,26.554996,81.291115,2.0,2.0,0.0,50.0,1.0
75.0,137.27856,8.0,22.561392,16.0,0.0,0.0,100.0,-7.0,7.0,8.0,22.0,3.0,55.897182,0.0,2.0,2.0,8.0,40.447243,2.0,3.0,0.0,67.0,1.0
68.967896,48.27829,16.548958,54.30633,18.057268,0.0,0.0,100.0,-7.0,7.0,8.0,14.0,0.0,47.0,3.0,0.0,0.0,33.3636,-8.0,5.0,1.0,0.0,67.0,1.0
58.008076,103.38841,8.0,55.9508,22.480206,0.0,0.0,91.28341,10.2653675,6.0,6.0,24.0,2.0,50.0,0.0,6.497413,11.750839,59.89883,25.264807,4.0,4.0,2.0,57.0,1.0
68.0,95.89191,2.0,24.165577,22.0,0.0,0.0,93.0,42.52142,6.0,6.0,24.0,10.93623,47.834667,0.0,4.0,3.0736463,24.519423,-8.0,4.0,6.3814425,0.0,78.97281,1.0
70.0,58.96548,2.0,-9.0,4.3060975,0.0,0.0,100.0,-7.0,7.0,8.0,10.0,3.0,17.0,0.0,0.0,0.0,28.0,63.032467,2.0,2.0,1.0,43.0,1.0
66.32659,301.34756,6.0,100.66288,16.0,2.0,1.0,83.21057,13.845014,5.306433,5.0,20.0,2.0,50.19518,0.0,1.0,1.0,82.56993,-8.0,5.0,2.0,1.0,100.0,1.0
69.938805,81.38769,35.17746,53.179047,-1.1356089,0.0,0.0,100.0,-7.0,7.0,8.0,3.9779103,0.0,99.11441,1.0,1.0,1.0,31.35971,-8.0,1.0,1.0,0.0,89.52665,1.0
63.0,37.630836,1.0,20.29618,21.0,0.0,0.0,91.0,38.19268,6.0,6.0,21.0,9.582883,25.124924,0.0,4.0,4.0,40.92313,-8.0,3.0,1.0,0.0,56.0,1.0
69.15342,21.551949,12.0,17.556978,-4.3153667,0.0,0.0,100.0,-7.0,7.0,8.0,3.9271314,0.0,60.251755,0.0,2.0,1.0,0.0,85.592834,0.0,2.0,0.0,50.0,1.0
-9.0,-9.0,-9.0,-9.0,-9.0,-9.0,-9.0,-9.0,-9.0,-9.0,-9.0,-9.0,-9.0,-9.0,-9.0,-9.0,-9.0,-9.0,-9.0,-9.0,-9.0,-9.0,-9.0,1.0
65.0,291.36536,28.9913,105.02864,25.0,0.0,0.0,88.0,-7.0,-9.0,6.0,27.156855,0.0,49.233063,0.0,2.0,1.0,71.89425,-8.0,6.1257353,1.0,0.0,75.0,1.0
67.17789,98.31474,7.0,53.81869,15.0,2.9624908,6.0541553,85.17532,35.17072,6.0,2.0,18.446095,1.0,75.649956,0.0,1.0,1.0,80.23526,100.0,3.0,4.4566197,0.0,100.0,1.0
62.089138,163.26375,2.0,40.496845,14.0,0.0,0.0,100.0,-7.0,7.0,8.0,12.0,5.9274254,34.621826,1.0,2.0,1.7277737,48.561825,95.32486,6.0366297,3.0,1.0,87.44306,1.0
68.0,-9.0,6.0,13.1115885,7.0,0.0,0.0,97.0,-7.0,6.0,6.0,8.087031,3.0,0.0,0.0,2.402486,2.0,64.61218,57.410233,3.0,1.0,0.0,74.57878,1.0
56.534798,151.56767,11.0,66.42562,20.0,0.0,0.0,88.0,-7.0,-9.0,6.0,26.0,1.984973,63.753498,-7.0,2.0,2.0,86.91998,57.127117,4.0,3.0,1.0,81.37526,1.0
70.0,170.08698,3.0,-9.0,5.4875865,0.0,0.0,100.0,-7.0,7.0,8.0,10.0,3.0,25.0,7.9107146,0.0,0.0,67.7972,72.65092,3.0,2.0,0.0,88.07329,1.0
65.0,147.3116,11.23593,76.04629,5.481801,0.0,0.0,100.0,-7.0,7.0,8.0,9.0,0.0,10.529558,0.0,0.0,0.0,94.756134,57.27816,3.0,1.0,3.0,75.0,1.0
62.0,414.70743,4.0,98.008026,32.713882,1.6964668,0.0,87.82718,6.9546385,0.0,2.5314014,37.235725,2.3733246,39.0,2.0,1.0,1.0,61.519463,96.93809,10.475481,3.0,4.0,80.0,1.0
-9.0,86.2106,1.0,-9.0,28.0,0.0,0.0,95.0,-7.0,6.0,6.0,44.461544,10.99967,43.256447,0.0,4.0,4.0,55.17121,94.15164,4.0,20.127764,2.0,75.0,1.0
72.0,-1.9863036,2.0,-9.0,7.0,0.0,0.0,100.0,-7.0,7.0,8.0,8.0,3.0,0.0,0.0,1.0,1.0,23.71908,-8.0,4.610561,-8.0,0.0,75.0,1.0
61.626053,153.75784,39.902744,121.68122,14.0,0.0,0.0,83.53427,2.1452785,4.9910398,6.0,7.0,0.0,37.180115,0.0,0.0,0.0,80.02151,-8.0,4.0,1.0,7.55347,82.947044,1.0
-9.0,127.07566,4.0,61.049374,9.0,3.0615969,0.0,13.446314,2.0,3.4032319,4.147267,8.0,3.0,41.0,0.0,2.0,2.0,22.24131,56.841946,2.0,2.0,0.0,80.13713,1.0
61.808628,5.8272796,17.910166,-9.0,-9.0,0.0,0.0,100.0,-7.0,7.0,8.0,-8.189938,0.0,85.46022,0.0,3.0,1.0,0.0,60.12829,0.0,2.0,0.0,99.63307,1.0
71.18605,141.63322,2.0,40.272232,8.601695,0.0,0.0,100.0,-7.0,7.0,8.0,8.0,2.0,81.77868,0.0,2.0,2.0,57.149036,70.91072,2.0,3.0,0.0,100.0,1.0
69.0,196.32957,1.0,39.63325,23.0,2.376914,2.0,100.0,-7.0,7.0,8.0,9.0,10.80642,33.0,-7.0,1.0,1.9623839,37.148594,92.30007,5.0,6.0,0.0,67.0,1.0
-9.0,-6.633244,2.0,39.619717,17.0,0.0,0.0,88.0,15.246003,6.0,6.0,22.0,2.0,14.0,1.0,1.0,1.0,81.085526,71.71735,9.0,2.0,3.0,75.0,1.0
63.0,113.44087,2.0,50.96396,25.0,0.0,0.0,100.0,-7.0,7.0,8.0,28.0,4.0,56.76515,-8.0,3.350993,3.0,86.4422,74.30716,3.0,5.7715664,0.0,78.0,1.0
69.05859,154.64098,11.0,42.708626,11.558735,1.0,1.0,84.752556,17.19469,4.0,3.0,15.722069,1.0,99.26574,-8.70279,0.0,0.0,1.0,71.13898,1.0,5.2299976,0.0,73.0,1.0
67.0,119.14854,15.0,49.94022,11.725579,0.0,0.0,83.33891,27.084538,6.0,6.0,13.0,0.0,33.616898,0.0,0.0,0.0,83.49842,-8.0,2.0,2.0,0.0,67.32874,1.0
73.0,-9.0,17.929691,-9.0,10.0,0.0,0.0,88.0,42.249233,6.0,6.0,8.080424,0.0,53.52381,0.0,0.0,0.0,0.0,-8.0,1.0,1.0,0.0,28.059816,1.0
63.0,-9.0,4.0,-9.0,-9.0,0.0,0.0,100.0,-7.0,7.0,8.0,0.83895284,4.0,98.13122,0.0,1.0,1.0,0.7148158,93.91967,-3.8015654,3.0,-9.0,80.0,1.0
69.0,259.01953,1.0,79.0,11.0,3.6601014,1.0,82.21315,6.96622,6.0,3.0,11.347934,2.0,58.345295,0.0,5.912458,6.582978,0.0,-8.0,1.0,1.0,0.0,67.0,1.0
65.0,-8.0,7.0,-9.0,-9.0,0.0,0.0,100.0,-7.0,7.0,8.0,1.1853005,2.0,75.0818,0.0,2.0,2.0,59.554695,86.55708,1.0,2.0,0.0,86.0,1.0
72.0,243.87166,15.56068,74.0,21.254692,0.0,0.0,100.0,-7.0,7.0,8.0,22.378773,0.0,50.0,9.0,0.0,0.0,16.334375,61.866478,6.0,5.0,0.0,75.0,1.0
68.0,173.66678,29.643055,88.02414,9.0,0.0,0.0,100.0,-7.0,7.0,8.0,11.0,0.0,30.578657,0.0,2.5281913,3.0,63.524147,-8.0,4.1738677,-8.0,2.0,62.618618,1.0
60.16241,-9.0,14.0,36.499165,8.0,0.0,0.0,100.0,-7.0,6.0,8.0,8.436141,1.0,54.667847,21.697128,0.0,0.0,78.18174,-8.0,3.0,2.0,1.0,83.0,1.0
57.947342,194.52019,13.493835,87.79461,8.91332,3.5701308,1.0,66.17936,5.3197303,6.0,2.0,9.302266,1.0,63.079884,0.0,1.0,1.0,118.422966,93.609406,2.0,3.0,2.0,82.67942,1.0
66.88719,75.67096,15.0,1.154626,11.0,0.0,0.0,100.0,-7.0,7.0,8.0,13.0,1.0,71.39548,0.0,7.451903,6.830982,94.78708,1.8112885,2.0,2.0,0.0,100.0,1.0
70.756065,-8.119923,18.265842,-9.0,3.3915117,0.0,0.0,97.0,-7.0,6.0,6.0,6.4901114,0.0,99.78037,0.0,0.0,0.0,0.0,13.3591175,-0.09751864,1.0,-7.9790783,49.485966,1.0
62.0,108.95401,9.0,47.498333,21.7762,1.0,2.0,97.73683,-7.0,4.0,6.0,9.0,4.0,63.06469,5.0,0.0,0.0,82.50653,79.93771,3.0,7.6063623,0.0,100.0,1.0
67.14071,160.52235,13.0,14.445157,5.1353483,0.0,0.0,100.0,-7.0,7.0,8.0,8.0,0.0,12.026357,1.0,0.0,0.0,69.56752,-8.0,4.0,1.0,1.0,67.37872,1.0
66.14945,136.75934,2.0,27.059654,-9.0,1.0,0.0,84.67648,26.901035,6.0,5.0,2.1518316,2.0,56.196136,0.0,2.0,2.0,25.0,88.93055,2.0,1.0,0.0,64.0,1.0
54.69213,186.34868,10.0,52.874176,11.0,1.0,0.0,78.235374,-7.0,-9.0,6.0,15.0,0.24226557,24.0,1.0,1.0,1.0,14.088508,-8.0,2.0,1.0,0.0,44.0,1.0
64.908775,52.98428,3.0,10.453785,15.784773,0.0,0.0,96.0,15.40378,6.0,6.0,16.903755,5.0,18.0,0.0,2.0,2.0,32.64747,78.3694,5.0,2.0,1.0,58.0,1.0
56.08373,142.40712,21.193298,56.667736,9.0,0.0,0.0,51.97162,12.856551,6.0,6.0,15.0,0.0,89.09286,3.0,0.0,0.0,82.29014,64.748055,1.0,6.7091556,1.0,91.9233,1.0
65.0,197.12172,-4.0500913,42.70575,23.25493,0.0,0.0,100.0,-7.0,7.0,8.0,23.694761,10.754828,26.006662,7.6483088,0.0,0.0,32.0,100.0,6.0,3.0,2.0,58.0,1.0
70.0,169.99112,5.0,72.0,12.860374,0.0,0.0,88.0,54.787876,6.0,6.0,15.0,2.0,24.0,23.05764,0.0,0.0,91.73359,23.755447,4.246694,1.0,2.0,88.63035,1.0
67.78023,189.11449,8.0,28.055403,7.0,0.0,0.0,100.0,-7.0,7.0,8.0,5.4241576,1.0,63.26681,5.0,0.0,0.0,61.736614,94.39515,3.0,2.0,0.0,100.0,1.0
59.53035,155.55142,11.0,67.0,19.833311,1.0,0.0,88.38672,14.304062,5.2120824,5.0,23.0,0.0,84.85723,0.0,1.0,1.0,63.148777,63.488358,5.0,7.9452796,1.0,100.0,1.0
71.0,152.32516,5.0,30.823627,17.0,0.0,0.0,96.0,35.798527,6.0,6.0,15.0,3.0,9.243042,-7.0,1.0,1.0,26.395857,86.92719,7.0,1.0,0.0,70.37464,1.0
57.03402,141.12036,3.0,28.704744,12.0,2.677175,3.224693,90.0,25.362242,4.0,6.0,12.0,3.0,38.0,0.0,1.0,1.0,69.79563,13.57725,2.0,4.0,1.0,70.0,1.0
-9.0,-9.0,2.0,-9.0,14.270326,0.0,0.0,100.0,-7.0,7.0,8.0,15.0,10.9714985,24.0,0.0,2.6601176,2.0,56.026917,100.0,10.516718,4.0,2.0,75.0,1.0
66.0,139.30974,6.0,45.251995,24.76828,0.0,0.0,100.0,-7.0,7.0,8.0,28.0,2.0,32.753902,-7.0,0.0,0.0,66.99813,-8.0,4.884741,2.0,3.0,71.0,1.0
56.254654,173.92981,10.0,82.0,27.0,4.8441253,1.9992707,81.98223,4.0,0.0,3.0,36.377415,2.0,55.575756,0.0,2.5066748,2.0,72.24768,76.0,10.935008,16.954426,0.0,100.0,1.0
69.06945,81.33856,5.0,55.923473,7.3374524,0.0,0.0,100.0,-7.0,7.0,8.0,9.0,1.0,57.18595,0.0,2.0,2.0,47.74042,19.008665,1.0,2.0,0.0,78.0,1.0
-9.0,34.22225,2.0,23.941498,10.189431,0.0,0.0,86.99801,0.33850965,4.0,6.0,11.0,4.0,25.0,0.0,2.0,2.0,62.695557,-8.0,2.0,2.0,2.0,67.0,1.0
73.0,173.47066,2.0,65.39609,21.0,0.0,0.0,100.0,-7.0,7.0,8.0,24.0,1.0,40.210964,0.0,3.0,3.0,9.0,73.88557,3.0,3.0,0.0,67.0,1.0
58.497173,-8.0,3.0,-9.0,15.0,0.0,0.0,100.0,-7.0,7.0,8.0,20.0,4.0,50.0,2.562012,0.0,0.0,53.470516,100.0,4.0,3.0,2.0,100.0,1.0
69.0,95.34341,26.918642,70.48538,10.0,1.0,0.0,91.45166,13.091481,6.0,5.9850097,17.0,0.0,13.0,0.0,2.0,2.0,72.8157,65.72663,7.0,2.1365511,0.0,100.0,1.0
-9.0,-9.0,-9.0,-9.0,-9.0,-9.0,-9.0,-9.0,-9.0,-9.0,-9.0,-9.0,-9.0,-9.0,-9.0,-9.0,-9.0,-9.0,-9.0,-9.0,-9.0,-9.0,-9.0,1.0
45.63115,182.02545,6.0,61.22024,21.0,0.0,0.0,85.54777,12.237692,5.8793945,6.0,24.457066,5.0,34.748436,0.0,2.0,2.0,61.027832,23.38989,4.0,3.0,2.0,63.0,1.0
54.830746,112.343994,2.0,16.81103,-7.9486547,0.0,0.0,100.0,-7.0,7.0,8.0,0.39526424,4.0,52.879345,0.0,4.0,3.9328814,73.725296,100.0,3.0,1.0107148,1.0,100.0,1.0
70.0,142.32378,3.0,49.100384,10.771738,0.0,0.0,100.0,-7.0,7.0,8.0,11.448246,3.0,75.60943,0.0,1.0,1.0,21.0,85.11961,1.0,2.0,0.0,50.539383,1.0
-9.0,386.11655,5.0,67.0,8.405456,4.5900507,1.379092,56.584236,8.693954,4.0,3.0,15.0,1.0,98.099976,0.0,4.0,3.6835067,1.0,-4.5922217,1.0,2.0,0.0,100.0,1.0
-9.0,230.42964,3.0,69.303856,21.0,2.496156,1.0,70.86548,3.682161,0.24375612,5.0,27.0,4.0,33.0,0.0,4.0,4.337578,51.367657,86.23538,4.7380886,4.0,0.0,84.01128,1.0
66.0,-9.0,6.5158434,30.405262,3.5546625,0.0,0.0,82.48566,47.492317,6.0,6.0,3.9917202,2.0,75.98507,0.0,0.0,0.0,98.37441,93.0,1.0,2.0,0.0,88.153305,1.0
70.0,91.033394,10.679242,63.05329,20.0,0.0,0.0,100.0,-7.0,7.0,8.0,21.0,0.85084313,57.70093,-7.0,2.0,3.0,48.209824,56.594715,4.85785,3.0,1.0,80.0,1.0
56.30293,162.20544,5.7130885,58.0,22.0,1.0,1.0,89.31574,1.0,-9.0,2.4950294,25.08619,3.0,55.808594,5.0,0.0,0.0,71.00679,100.0,4.0,3.0,0.0,100.0,1.0
44.284958,93.76158,7.0,37.707283,30.920341,0.0,0.0,100.0,-7.0,7.0,8.0,32.0,1.0,14.0,0.0,2.0,1.7220289,86.6835,74.975204,21.473469,4.0,5.244683,88.0,1.0
54.982994,329.07117,6.0,70.0,21.0,3.0,0.97321045,87.185036,8.575302,5.3233323,2.0,32.356853,2.0,21.0,2.0,1.0,1.0,85.23618,62.98488,19.26818,1.0,2.0,80.0,1.0
63.0,150.06258,3.0,49.85275,9.118396,0.0,0.0,100.0,-7.0,7.0,8.0,15.0,1.0,60.542034,4.0,2.0,2.0,60.661167,-8.0,3.0,1.0,2.0,80.0,1.0
55.030533,125.51615,5.0,58.0,27.976606,0.0,0.0,96.0,23.136143,6.0,6.0,30.0,6.0,19.338778,0.0,6.756639,6.686095,18.0,45.051918,6.6609507,2.0,3.0,50.0,1.0
63.125523,108.3647,22.818853,49.23651,22.0,0.0,0.0,91.0,9.001392,4.257569,6.0,26.0,0.0,81.27364,0.0,8.6721735,7.9200654,59.298656,65.9186,2.0,5.047639,0.0,80.0,1.0
70.26757,100.82877,10.0,32.250023,12.753534,0.0,0.0,100.0,-7.0,7.0,8.0,15.652415,1.0,68.815636,0.0,1.0,1.0,28.650215,71.0,3.0,2.0,0.0,77.88986,1.0
59.502167,138.12535,7.6918087,44.394394,16.0,2.0,2.0,88.0,13.268056,2.8536177,2.0,19.491186,3.0,8.818644,0.0,5.0,5.0,68.62765,11.798167,9.936764,2.0,1.0,100.0,1.0
64.554245,-8.0,-9.0,-9.0,10.0,0.0,0.0,100.0,-7.0,7.0,8.0,10.125702,9.643119,14.0,0.0,3.0,3.0,30.628721,98.292336,7.0,3.0,1.0,100.0,1.0
70.0,189.11394,4.8770967,58.528774,20.0,3.0,0.0,79.906815,19.432861,6.0,2.0,22.0,2.0,23.0,0.0,0.0,0.0,36.225857,76.21133,4.0,3.0,1.0,67.0,1.0
-9.0,-8.028205,6.0,-9.0,9.0,0.0,0.0,100.0,-7.0,7.0,8.0,10.0,1.0,33.0,0.0,1.0,0.7385926,87.32046,58.01035,3.0,4.0,1.0,71.09162,1.0
75.0,255.19093,35.089005,108.09159,4.539968,0.0,0.0,100.0,-7.0,7.0,8.0,9.0,0.0,56.930294,15.26608,0.0,0.0,0.2500476,22.092999,0.0,-8.0,0.0,25.96831,1.0
63.54165,252.42691,25.777847,76.606705,17.0,0.0,0.0,88.17924,6.0570283,6.0,6.0,21.0,0.0,54.06422,0.0,2.0,1.9443713,72.35889,49.328445,5.0,3.0,3.0,94.80688,1.0
63.494156,94.489876,3.0,-9.0,16.752148,0.0,0.0,100.0,-7.0,7.0,8.0,16.880161,2.0,19.258043,2.0,0.0,0.0,78.562584,44.083107,7.2495465,3.0,3.0,100.0,1.0
63.0,-5.161696,12.0,39.06733,19.0,0.7315821,1.0,100.0,-7.0,7.0,8.0,14.654484,0.0,57.375828,0.0,0.0,0.0,88.30897,82.0,4.0,4.0,2.0,71.0,1.0
62.31162,158.18877,2.0,47.017406,19.0,0.0,0.0,96.0,43.759224,6.0,6.0,20.0,10.609894,58.46094,2.0,3.0,3.0,84.753365,63.354065,5.0,3.7190814,2.0,84.37018,1.0
63.0,114.35097,14.0,61.0,25.0,1.0,1.0,100.0,-7.0,7.0,8.0,24.0,0.0,68.01696,-7.0,4.0,3.9810045,94.780205,65.34312,3.0,3.0,5.7091293,78.0,1.0
71.0,118.21724,2.0,39.79921,44.33952,2.0,0.0,94.052895,68.04462,6.0,2.0,60.358013,10.1125555,21.330196,0.0,5.343162,5.0,13.276636,100.0,8.203565,6.0,0.0,70.0,1.0
63.116474,166.69768,1.0,34.876854,15.868144,0.0,0.0,100.0,-7.0,7.0,8.0,16.0,2.0,36.0,0.0,17.74306,17.464418,33.853775,96.40196,2.0,6.512578,0.0,57.0,1.0
-9.0,-9.0,-9.0,-9.0,-9.0,-9.0,-9.0,-9.0,-9.0,-9.0,-9.0,-9.0,-9.0,-9.0,-9.0,-9.0,-9.0,-9.0,-9.0,-9.0,-9.0,-9.0,-9.0,1.0
67.0,31.89567,8.0,25.413889,8.0,0.0,0.0,100.0,-7.0,7.0,8.0,10.0,0.0,40.0,0.0,1.0,1.0,68.41225,-8.0,3.0,1.0,0.0,83.0,1.0
21.160908,38.459198,5.0,32.878796,16.0,0.0,0.0,90.0,10.169698,6.0,6.0,19.0,5.0,16.428305,1.0,17.391909,17.332357,52.66711,-8.0,6.710625,2.0,3.0,88.0,1.0
63.0,159.89651,16.020433,76.0,17.0,0.0,0.0,91.84817,5.562082,4.3381586,6.0,16.596653,0.0,30.33703,0.0,1.0,1.0,46.643204,86.272545,5.1717005,2.0,4.0,77.329346,1.0
65.0,182.88013,10.0,80.0,27.187225,5.841228,3.9029036,65.59356,5.6558805,4.0,3.0,32.0,1.0,54.967823,0.0,2.0,2.0,2.0,80.0,1.0,5.431959,0.0,72.60454,1.0
61.396122,-5.8207507,3.0,-9.0,6.0,0.0,0.0,100.0,-7.0,7.0,8.0,5.7496963,4.0,19.0,1.0,1.0,1.0,73.13851,-8.0,3.0,1.0,1.0,100.0,1.0
63.0,152.82755,1.0,57.75145,40.460983,0.0,0.0,93.0,5.9138484,4.0,6.0,58.39407,4.365792,8.3670225,4.071626,2.0,1.0,25.712654,-8.0,6.0,1.0,1.0,50.0,1.0
58.323795,107.73649,2.0,31.826551,13.0,2.0,1.6629511,87.58366,26.835495,4.0,4.0,16.0,6.0,33.0,0.0,12.858518,9.656192,77.61103,71.15311,4.0,3.0,2.0,67.0,1.0
59.60161,117.02713,47.31417,83.12216,10.0,0.0,0.0,79.842354,21.883057,6.0,6.0,11.0,0.0,38.0,-7.0,2.0,2.0,85.21207,-8.0,3.0,1.0,4.0,80.0,1.0
57.878464,99.32083,1.0,39.13946,26.15648,2.6229699,2.6665967,97.0,7.1387367,3.3403761,5.0,27.0,5.0,43.76178,0.0,2.0,2.0,1.0,99.65256,2.0,2.0,0.0,25.0,1.0
59.056133,-7.5455275,9.0,-9.0,9.0,0.0,0.0,83.384895,5.171652,4.782853,6.0,9.0,2.0,97.11895,-8.0,2.0,2.0,76.09117,91.89833,2.0,3.4052317,0.0,100.0,1.0
-9.0,-9.0,1.0,-9.0,1.114542,0.0,0.0,100.0,-7.0,7.0,8.0,8.89828,6.0,22.0,1.0,2.0,1.0,93.87317,95.4604,4.0,2.0,3.0,85.26735,1.0
78.0,184.24112,6.0,65.0,6.2986665,0.0,0.0,69.04589,68.34591,6.0,6.0,9.0,2.0,69.91016,0.0,3.0,3.0,4.1251707,97.28715,2.0,1.0,0.0,91.151596,1.0
54.25805,-9.0,5.0,-8.953062,6.0,0.0,0.0,100.0,-7.0,7.0,8.0,7.0,2.0,18.0,1.7306346,1.0,1.0,93.02553,76.0,7.0,2.0,2.9191568,100.0,1.0
65.0,176.10524,2.780335,49.5669,18.0,0.49344078,0.0,89.27656,3.5968244,3.0,5.0,21.532324,2.0,62.22915,-7.0,4.0,3.6264808,90.43509,35.30046,3.0,6.803124,0.0,100.0,1.0
69.0,154.9707,23.229092,60.465614,9.123833,0.0,0.0,100.0,-7.0,7.0,8.0,7.0,0.0,52.835396,0.0,4.0,4.0,18.367884,-8.0,1.0,2.0,0.0,29.017714,1.0
68.0,138.82048,16.0,58.0,8.0,3.4218078,1.0,74.59183,36.938454,6.0,4.2517786,12.0,0.0,33.0,4.0,1.0,0.0,61.554653,46.61573,1.0,2.0,0.0,77.247604,1.0
70.16804,213.53416,2.0,75.0,30.886013,8.098405,7.3402214,90.0,51.283817,6.0,2.0,31.0,4.0,42.0,0.0,5.0,4.449792,21.555433,99.198784,8.0,2.0,0.0,67.0,1.0
-9.0,148.64629,1.5777712,-9.0,21.0,0.0,0.0,100.0,-7.0,7.0,8.0,28.0,10.988215,45.426815,0.0,4.0,3.0,63.72187,16.917034,9.580882,2.0,3.0,69.46435,1.0
68.0,48.909286,1.0,48.74786,6.0,0.0,0.0,100.0,-7.0,7.0,8.0,3.9790072,1.0,13.240811,0.0,3.0,3.0,94.617485,-8.0,2.0,1.0,1.0,67.0,1.0
59.805878,33.324753,2.56791,-9.0,-9.0,0.0,0.0,100.0,-7.0,7.0,8.0,7.4118037,6.0,14.182188,0.0,1.0,1.0,70.514275,-8.0,3.0,1.0,3.4847,67.0,1.0
62.0,155.9164,2.0,71.0,7.3727374,1.8174142,1.3073065,66.406654,15.13393,3.210255,3.0,9.0,3.0,49.291225,0.0,0.0,0.0,59.09022,46.51114,2.0,2.0,0.0,100.0,1.0
62.47151,102.07146,18.1867,58.0,14.0,0.0,0.0,78.00062,9.252945,6.0,6.0,14.84243,0.0,50.0,-7.0,1.0,0.0,93.01773,88.0,3.0,4.0,2.0,100.0,1.0
69.65,101.71378,18.050768,75.0,-9.0,0.0,0.0,100.0,-7.0,7.0,8.0,4.3115115,0.0,40.0,-7.0,5.0,5.298856,67.619606,-8.0,2.0,-4.572906,0.0,71.0,1.0
61.041054,372.44397,45.521324,111.980255,10.0,3.7102802,0.0,-9.0,1.0,6.0,3.0,13.0,0.0,36.0,0.0,2.0,2.712966,36.737423,-8.0,2.0,2.0,0.28946948,83.0,1.0
75.0,95.198586,11.017996,-9.0,-9.0,0.0,0.0,100.0,-7.0,7.0,8.0,1.2808617,0.0,62.1858,3.8088014,0.0,0.0,1.0,-2.8723142,1.0,1.0,0.0,33.0,1.0
7.697853,128.77013,5.0,23.200382,28.0,0.0,0.0,92.69942,20.808577,6.0,6.0,28.0,1.0,47.0,-7.0,17.353146,16.479109,79.34945,63.68947,3.0,3.0,3.254364,50.0,1.0
67.30662,168.50421,29.976267,89.04193,8.017026,1.0,0.0,75.089874,30.843609,4.0,5.0,9.0,0.0,23.0,-7.0,0.0,0.0,100.27621,-8.0,2.0,-8.0,0.0,92.221596,1.0
70.0,159.15443,1.0,74.0,13.0,0.0,0.0,92.0,21.23204,6.0,6.0,15.0,1.0,10.804864,0.0,3.0,3.0,74.639305,-8.0,5.0,-8.0,1.0,80.0,1.0
62.0,-8.0,1.0,19.887592,13.558171,1.0,0.0,92.73984,17.164051,0.116217926,6.0,7.0,6.0,35.0,0.0,4.0,4.0,9.555768,32.086575,3.0,2.0,1.0,54.10697,1.0
56.56722,201.09975,3.0,46.844566,6.0,3.2937515,6.038104,83.537994,11.131612,0.0,-9.0,9.898084,2.0,22.0,0.0,3.0,3.0,69.46521,79.36366,2.0,1.0,0.0,91.659904,1.0
71.0,128.15445,14.832057,43.142,4.95179,0.0,0.0,70.764534,43.0591,6.0,6.0,8.0,1.0,86.34498,0.0,0.0,0.0,1.0,-8.0,2.0,1.0,0.0,88.0,1.0
68.0,124.99665,35.43748,77.0,6.0,0.0,0.0,100.0,-7.0,7.0,8.0,3.9924705,0.0,45.0,0.0,3.0,3.0,93.560684,-8.0,1.0,1.0,1.0,68.38742,1.0
65.0,105.48724,3.0,59.42252,15.0,4.152525,4.262371,78.40213,24.694796,6.0,-9.0,21.0,3.0,50.0,0.0,5.9940143,5.0,55.374454,57.81969,3.0,2.0,0.0,70.0,1.0
59.58553,103.85858,11.0,-9.0,7.652508,0.0,0.0,100.0,-7.0,7.0,8.0,7.4764295,1.0,44.0,0.0,2.7052436,2.0,119.419624,76.0,3.0,2.0,2.0,100.0,1.0
-9.0,139.96222,14.183237,44.18433,14.0,1.0,0.0,75.68256,-7.0,-9.0,4.9587603,15.0,1.0,22.0,2.0,1.0,0.0,77.57705,70.488976,8.016769,2.0,3.0,100.0,1.0
58.34081,251.49747,2.0,98.61035,34.0,1.0,0.0,78.269196,32.96517,-7.0331354,5.936977,39.268234,6.188109,38.0,3.0,4.0,3.561955,87.895226,-8.0,3.0,2.0,0.0,88.0,1.0
68.0,48.74564,16.0,35.507397,-9.0,0.0,0.0,100.0,-7.0,7.0,8.0,4.255282,0.0,88.51187,0.0,2.0,2.0,75.30066,56.20942,2.0,2.0,0.0,100.0,1.0
62.0,111.00734,21.107597,31.395704,6.310852,0.0,0.0,100.0,-7.0,7.0,8.0,7.0,0.0,22.416872,0.0,1.0,1.0,102.79073,-8.0,4.0,1.0,4.0,100.0,1.0
65.61105,109.58399,3.0,54.238907,27.0,0.0,0.0,100.0,-7.0,7.0,8.0,26.0,4.0,46.0,0.0,1.0,1.8545927,47.90251,94.68635,7.0,2.116012,2.0,80.0,1.0
66.0,-9.0,10.0,-9.0,5.4537654,1.0,1.0,84.14396,42.34688,6.0,2.0,3.6920872,2.0,91.99334,0.0,0.0,0.0,2.0,-8.0,0.0,1.0,0.0,54.121037,1.0
63.0,103.39117,5.0,46.401344,10.0,3.2570226,0.0,70.835175,27.35748,4.0,3.0,11.0,2.0,76.84991,0.0,1.0,1.0,92.98894,93.790924,2.0,4.0,0.0,99.2853,1.0
65.8514,62.47721,7.0,-9.0,11.0,0.0,0.0,100.0,-7.0,7.0,8.0,12.0,1.2644024,43.860493,0.0,0.0,0.0,86.59426,-8.0,3.0,2.0,0.0,88.04757,1.0
60.27152,131.4586,4.0,65.0,20.0,4.1680493,2.0,73.352325,24.274103,6.0,2.0,27.397654,3.0,67.34063,0.0,4.0,4.0,89.50354,29.299892,3.0,3.0,3.0,89.401985,1.0
66.0,-8.0,1.0,-9.0,29.0,1.0,1.0,100.0,56.08997,6.0,5.0,41.41637,10.458385,15.860919,0.0,1.0,1.0,25.0,84.03246,9.0,3.0,1.0,67.0,1.0
61.334946,152.57965,-9.0,67.0,39.0,2.0,2.0,97.0,13.539579,6.0,5.0,38.0,5.0,40.0,0.0,1.0,1.0,82.44223,-8.0,11.0,3.0,5.075677,80.03313,1.0
69.0,280.30228,2.0,58.677914,32.493465,4.1753626,3.2403734,92.0,49.142414,4.0,5.0,35.567875,5.9834714,54.512363,0.0,1.5638517,2.0,43.90396,92.25142,4.0,3.0,0.0,77.4238,1.0
-9.0,170.99657,8.0,75.81421,7.0,0.0,0.0,73.6239,10.037048,6.0,6.0,8.0,1.0,19.413708,1.9896302,4.223257,4.0,103.88984,-8.0,7.0,1.0,5.684313,80.0,1.0
62.556393,159.58751,25.73727,88.559555,14.0,2.0,2.0,88.15808,-7.0,3.0,6.0,16.81449,0.0,63.38369,0.0,5.0,4.389953,22.952833,-8.0,2.0,2.0,1.0,95.59228,1.0
65.03898,138.80574,7.15869,82.24382,12.0,0.0,0.0,92.0,5.3965206,6.0,6.0,10.128101,1.0,17.0,3.0,0.0,0.0,83.266014,-8.0,3.0,-8.0,3.0,75.0,1.0
74.0,71.0099,35.884426,49.150986,3.7752686,0.0,0.0,100.0,-7.0,7.0,8.0,8.425992,0.0,25.0,0.0,2.0,2.0,24.605635,-8.0,2.0,1.0,0.0,64.941246,1.0
61.403496,83.82993,2.0,54.536835,6.3629603,0.0,0.0,100.0,-7.0,7.0,8.0,8.117141,2.0,33.0,0.0,2.0,2.0,119.11997,-8.0,4.0,1.0,9.4394655,100.0,1.0
56.111168,154.2445,8.0,62.28387,8.0,0.0,0.0,73.38768,6.0,4.0,6.0,11.0,2.0,17.0,0.0,3.0,3.0,37.842564,-8.0,4.0,2.0,2.0,75.972015,1.0
78.0,273.09796,51.744984,94.0,3.491088,1.0,0.0,63.65718,32.819744,6.0,5.0,8.0,0.0,87.050316,-7.0,0.0,0.0,13.42699,-8.0,1.0,1.0,0.0,71.0,1.0
57.057735,71.626335,10.0,40.029957,13.0,0.0,0.0,100.0,-7.0,7.0,8.0,15.7189865,0.0,63.80351,1.0,0.0,0.0,119.96349,98.3247,4.0,3.0,3.0,100.0,1.0
81.0,159.31372,1.0,57.249386,14.0,0.0,0.0,100.0,-7.0,7.0,8.0,15.0,5.0209236,46.459305,0.0,11.365204,11.061532,6.0,112.77409,1.9645995,2.0,0.0,63.0,1.0
77.0,319.97113,110.54955,119.89345,12.0,0.0,0.0,100.0,-7.0,6.0,8.0,12.0,0.0,33.0,0.0,0.0,0.0,37.027306,-8.0,1.0,1.0,0.0,86.557175,1.0
60.69695,-8.883094,3.0,-9.0,3.5907524,0.0,0.0,84.77141,32.574753,6.0,6.0,3.0787714,4.0,95.5248,0.0,3.0,3.440997,0.0,93.89705,1.0,1.0,-8.0,88.387405,1.0
60.109226,43.138428,7.0,-9.0,14.0,0.0,0.0,100.0,-7.0,7.0,8.0,11.060739,2.0,76.35526,-4.0935206,3.0,2.3772674,93.48737,93.034805,3.0,3.0,1.0,100.0,1.0
66.0,28.11944,17.96171,44.098316,3.2010002,2.6898634,1.0,57.19499,36.829082,6.0,-0.270932,1.9233682,0.0,99.26391,-7.0,0.0,0.0,0.0,96.51983,0.0,2.0,-9.0,100.0,1.0
65.0,59.475487,12.628248,19.767181,-9.0,0.0,0.0,100.0,-7.0,7.0,8.0,0.8743523,0.0,99.95206,-8.0,0.0,0.0,0.0,67.65401,0.0,1.0,0.0,80.0,1.0
66.0,97.87446,6.0,60.255745,21.0,0.0,0.0,100.0,-7.0,7.0,8.0,22.0,2.0,50.0,3.5764806,0.0,0.0,115.5488,81.976875,8.529428,5.0,2.0,100.0,1.0
71.0,147.32455,12.0,71.27458,9.0,0.0,0.0,100.0,-7.0,7.0,8.0,6.9716015,0.0,37.65487,-7.0,3.0,3.0,86.265,52.274784,1.0,2.0,0.0,83.0,1.0
-9.0,117.156136,2.0,49.76321,21.0,0.0,0.0,84.66581,6.0,6.0,6.0,20.0,2.0,18.0,0.0,1.0,1.0,88.57525,60.494263,10.087297,2.0,8.75436,80.31043,1.0
75.0,157.43297,10.0,34.85585,15.004358,0.0,0.0,100.0,-7.0,7.0,8.0,16.0,2.0,43.0,0.0,2.0,2.0,10.0,49.015476,4.0,2.0,0.0,71.0,1.0
63.862656,160.53395,2.0,53.010742,23.0,0.0,0.0,100.0,-7.0,7.0,8.0,27.0,5.508566,46.0,2.0,2.0,3.0,90.44512,96.555,6.0,4.0,4.0,82.4648,1.0
70.0,77.93346,1.0,32.1753,14.0,0.0,0.0,100.0,-7.0,7.0,8.0,16.0,3.0,47.0,1.0,0.0,0.0,38.460045,40.418964,1.0,2.0,1.0,52.942272,1.0
57.87875,138.89467,5.0,63.22727,-9.0,3.0,2.0270767,62.947655,2.0,2.0207067,2.0,3.8897262,1.0,50.0,-7.0,2.0,2.0,32.75709,-8.0,1.0,-8.0,0.9432094,58.0,1.0
57.440483,167.1188,9.7965765,79.0,7.998679,7.769979,7.604742,70.270935,51.644848,6.0,3.0,11.527861,1.0,65.5738,0.0,5.4208374,4.070189,87.83014,-3.1109092,2.0,2.0,0.0,100.0,1.0
46.54855,107.628815,8.0,67.0,15.0,3.4562354,3.1925406,77.186935,6.5031013,-9.0,5.0,17.0,1.0684255,52.56907,2.0,0.0,0.0,0.0,91.0,1.0,2.0,0.0,50.0,1.0
54.68105,118.75576,12.773728,23.09511,11.711666,3.7772422,1.6386205,81.651115,1.0,1.5377635,3.0,14.0,0.0,57.89302,0.0,0.0,0.0,59.57971,49.025013,3.6528754,3.0,0.0,87.79221,1.0
62.23842,113.072784,2.0,18.890966,7.0,3.4594042,2.0,100.0,-7.0,7.0,8.0,5.689534,3.0,50.0,0.0,0.0,0.0,45.97295,88.0,4.0,2.0,0.0,78.0,1.0
60.159058,111.93,5.705354,31.884478,15.0,0.0,0.0,100.0,-7.0,7.0,8.0,18.0,3.0,42.0,0.0,2.0,2.0,72.77785,70.22804,3.0,2.0,2.0,43.0,1.0
68.0,338.9367,13.240327,98.505356,21.0,0.0,0.0,90.3641,4.7294893,2.6614542,6.0,26.608747,1.0,35.0,0.0,0.0,0.0,43.00644,-8.0,4.0,3.0,0.0,73.0,1.0
60.167377,126.28031,5.0,-9.0,17.0,0.0,0.0,100.0,-7.0,7.0,8.0,17.0,4.0,50.0,1.0,3.0,2.0,65.52829,86.38587,4.0,3.0,2.0,73.0,1.0
-9.0,145.475,4.0,61.1103,21.0,0.0,0.0,92.271034,23.680264,6.0,6.0,19.0,2.0,43.0,3.0,2.0,2.0,117.122536,81.56028,6.0,2.0,1.0,100.0,1.0
66.18609,104.03902,3.0,27.502611,19.0,0.0,0.0,97.0,2.3934839,6.0,6.0,29.81377,4.0,13.0,0.0,2.0,2.9177701,34.260387,59.86162,9.554263,1.0,2.0,75.0,1.0
55.87151,154.12128,3.0,35.76071,13.0,0.0,0.0,89.0,10.092536,6.0,6.0,14.0,2.0,8.5222,0.0,2.0,2.0,58.23663,-8.0,3.0,1.0,1.0,34.813732,1.0
69.0,146.0722,2.0,43.215664,12.0,2.0,0.0,88.0,78.911095,6.0,2.0,13.767027,2.0,42.704796,0.0,4.0,5.0,82.917244,62.147766,4.0,3.0,0.0,83.0,1.0
73.0,134.13588,8.0,92.67212,9.0,0.0,0.0,89.0,67.94835,6.0,6.0,0.61542606,1.0,69.18114,0.0,3.0,3.0,3.0,96.71172,1.0,4.0,0.0,75.0,1.0
68.0,69.1112,5.0,61.78518,18.0,0.0,0.0,100.0,-7.0,7.0,8.0,18.0,1.0,22.0,0.0,1.0,0.46490675,34.19259,55.13168,6.0,1.0,1.0,41.63064,1.0
64.73086,141.88805,17.0,24.394064,13.0,0.0,0.0,100.0,-7.0,7.0,8.0,14.323468,0.0,45.0,0.0,2.0,2.0,51.1827,-8.0,3.0,1.0,2.0,57.819782,1.0
66.0,137.19194,6.0,52.775337,20.630869,0.0,0.0,100.0,-7.0,7.0,8.0,15.0,5.0,22.0,0.0,2.0,1.0,44.4522,-8.0,5.0,1.0,0.29110304,77.36991,1.0
63.0,52.56342,4.8904953,42.124565,12.0,1.0,1.9734371,100.0,-7.0,6.0,8.0,11.0,2.0,30.902992,0.0,2.0,2.0,57.869255,31.275438,6.0,2.0,2.0,71.0,1.0
39.76085,162.9901,3.0,76.0,11.032596,1.0,1.0,100.0,-7.0,6.0,8.0,11.0,3.1784005,46.946358,0.0,5.365643,5.817643,48.081406,44.857178,5.0,3.0,2.0,82.33145,1.0
59.817593,175.42337,211.06328,115.65311,-9.0,0.0,0.0,-2.7145865,-7.0,4.0,6.0,4.747109,0.0,14.234087,-7.0,0.0,0.0,115.0975,-8.0,2.0,-7.090299,1.0,100.0,1.0
65.18462,139.2949,2.0,41.38438,35.57686,0.0,0.0,96.0,28.032293,4.0,6.0,47.49809,3.0,24.99481,-7.0,3.0,3.0,45.64628,13.725207,10.503437,4.0,1.0,60.02232,1.0
58.78643,71.99087,4.0,38.56956,8.0,0.0,0.0,100.0,-7.0,7.0,8.0,9.0,7.26597,13.0,0.0,2.0,2.0,63.50546,-8.0,6.0,1.0,1.7709392,83.44943,1.0
54.20492,254.43204,2.0,58.0,27.382875,0.0,0.0,100.0,-7.0,7.0,8.0,28.0,5.0,29.0,0.0,4.0,4.0,108.12796,76.937454,11.0,3.0,9.095804,88.0,1.0
61.199833,49.522545,6.0,39.808857,16.0,0.0,0.0,100.0,-7.0,7.0,8.0,14.0,2.0,54.881958,0.0,2.3023195,3.0,42.00468,-8.0,1.0,2.0,0.0,56.0,1.0
68.0,143.89807,14.0,58.958282,18.0,0.0,0.0,100.0,-7.0,7.0,8.0,19.0,0.0,56.543762,15.737969,0.0,0.0,117.647095,58.21992,2.0,3.0,4.0,68.09897,1.0
-9.0,-4.076599,19.392904,19.271257,19.0,1.0,0.0,83.180336,-7.0,6.0,5.0,17.0,0.0,31.024761,2.0,1.0,1.0,89.64424,83.05607,8.0,5.0,7.558601,75.649155,1.0
-9.0,151.66228,5.0,63.490807,28.0,0.0,0.0,87.18247,4.4922366,4.0,6.0,39.04846,3.0,57.145023,5.0,2.0,1.1485058,94.51307,65.31392,8.0,14.77474,3.0,87.44371,1.0
71.0,270.76294,24.534292,81.51868,20.137304,0.0,0.0,100.0,-7.0,6.0,8.0,31.0,1.0,75.81235,0.0,3.0,3.0,72.91784,48.976963,3.0,3.0,0.0,80.0,1.0
57.709713,-9.0,3.0,-9.0,3.194307,0.0,0.0,100.0,-7.0,7.0,8.0,3.996655,9.7565155,-9.0,3.0,2.0,2.0,43.000893,-8.0,3.0,-8.0,0.0,50.0,1.0
63.0,-9.0,16.0,-9.0,9.0,0.0,0.0,100.0,-7.0,7.0,8.0,12.0,0.0,86.68588,-7.0,1.0,1.0,49.108406,73.25594,2.0,2.954892,0.0,85.22611,1.0
70.32712,103.54753,4.3219805,46.95903,14.0,0.0,0.0,100.0,-7.0,7.0,8.0,12.0,1.0,83.663124,1.0,2.0,2.0,8.743814,86.34535,3.0,2.0,0.0,80.0,1.0
64.19236,180.91014,6.0,44.47778,20.0,1.0,0.0,95.136086,0.34751377,0.0,6.0,23.0,2.0,41.62619,0.0,5.0,5.0,22.501417,88.0,2.0,3.0,0.0,71.0,1.0
68.0,218.46245,2.0,70.04231,38.814224,0.0,0.0,100.0,-7.0,7.0,8.0,45.487923,5.0,19.0,-7.0,1.5213672,1.0,33.892822,-8.0,18.06985,1.0,9.301799,61.766026,1.0
69.560394,98.865654,11.0,29.365337,9.252428,1.0,1.0,100.0,-7.0,7.0,8.0,14.0,1.0,77.36779,0.0,0.0,0.0,58.318382,93.35257,1.0,4.0,0.0,88.84339,1.0
66.0,54.104435,3.0,57.031345,13.0,0.0,0.0,100.0,-7.0,7.0,8.0,16.0,4.0,68.94867,0.0,2.0,2.0,89.98482,9.194725,3.0,3.0,1.0,82.838806,1.0
72.76063,112.6473,21.938942,48.195957,6.0,0.0,0.0,83.39793,25.526472,6.0,6.0,11.0,0.0,68.21578,-7.0,0.0,0.0,47.04075,-8.0,1.0,-8.0,1.0,70.0,1.0
56.423046,167.66173,9.0,65.62092,16.0,5.277932,5.7395954,83.724335,3.0,3.0,6.0,30.0,1.0,54.306248,0.0,0.0,0.0,87.708046,92.282524,4.0,2.0,2.0,100.0,1.0
69.0,181.7939,2.0,-9.0,11.772703,0.0,0.0,100.0,-7.0,7.0,8.0,13.272039,3.0,57.356823,-8.0,0.0,0.0,41.915806,88.04065,4.936895,3.0,1.0,83.0,1.0
69.0,104.61738,22.901674,59.994083,12.0,0.0,0.0,100.0,-7.0,7.0,8.0,5.72385,0.0,40.89947,1.0,1.0,1.0,99.92068,-8.0,2.0,1.0,1.0,100.0,1.0
73.69619,148.96272,15.987343,36.394115,6.14,0.0,0.0,100.0,-7.0,7.0,8.0,9.0,0.0,14.0,0.0,0.0,0.0,43.103256,-8.0,3.0,-8.0,1.0,50.0,1.0
62.0,45.91268,4.0,-9.0,-9.0,0.0,0.0,100.0,-7.0,7.0,8.0,-9.0,2.0,77.431274,0.0,2.0,2.0,63.44463,84.037186,1.0,2.0,0.0,75.0,1.0
65.0,186.95363,4.0,74.3785,28.0,4.102802,1.0,68.979454,66.69524,6.0,2.593223,41.940838,1.0,28.0,13.835492,0.0,0.0,70.72102,79.18624,6.0,3.0,2.0,80.0,1.0
60.43136,68.954315,8.0,38.957306,7.462586,2.0,2.8649468,100.0,-7.0,6.0,8.0,9.0,3.0,22.816065,-8.0,1.0,0.5584713,109.17423,-8.0,4.0,-9.0,1.0,100.0,1.0
57.34868,9.796192,9.0,3.8332648,24.0,0.0,0.0,100.0,-7.0,7.0,8.0,25.266846,1.0,75.08463,0.0,4.0,4.0,94.71917,90.185905,4.0,7.981363,2.0,100.0,1.0
60.828518,-4.2362833,9.0,-9.0,-9.0,0.0,0.0,100.0,-7.0,7.0,8.0,5.362526,2.0,74.64353,-7.0,2.0,1.4878058,0.0,74.21125,1.0,2.0,0.0,50.0,1.0
55.006733,108.49394,9.0,54.901447,26.0,1.0,0.0,86.62046,0.386385,4.0,6.0,26.0,3.0,21.781395,0.0,2.0,2.0,37.498394,-8.0,11.0,1.0,2.2900553,75.0,1.0
64.28901,-8.0,2.0,-9.0,12.0,0.0,0.0,93.0,28.516644,6.0,5.0,14.0,5.99778,25.0,0.0,3.0,3.0,28.0,97.7041,5.0,3.0,0.0,80.0,1.0
-9.0,-9.0,-9.0,-9.0,-9.0,-9.0,-9.0,-9.0,-9.0,-9.0,-9.0,-9.0,-9.0,-9.0,-9.0,-9.0,-9.0,-9.0,-9.0,-9.0,-9.0,-9.0,-9.0,1.0
61.003918,107.16838,3.0,42.842697,36.30869,0.0,0.0,100.0,-7.0,7.0,8.0,34.0,10.200027,23.870935,0.0,1.0,1.0,64.81288,50.26701,9.0,5.877974,8.4745455,65.658165,1.0
-5.3738623,1.1087129,3.0,68.117325,9.911119,2.0,2.0,78.964584,9.101139,4.0,5.0,14.0,3.0,41.0,0.0,0.0,0.0,107.291046,73.83408,4.0,1.0,0.0,83.0,1.0
62.303345,75.931435,0.30019134,51.15871,39.494102,0.0,0.0,97.0,4.0,4.0,5.0,39.48149,8.999571,37.95341,0.0,6.965194,6.685947,62.63469,69.98745,9.0,21.879177,3.2769198,85.73198,1.0
54.97642,142.52159,31.702269,68.0,9.0,2.0,0.0,74.04549,6.0,4.0,5.0,15.106594,0.0,65.371506,1.0,5.0,5.0,103.49641,70.26402,1.0,2.0,0.0,75.0,1.0
58.73378,104.99435,4.0,30.551144,25.0,0.0,0.0,100.0,-7.0,7.0,8.0,28.0,7.2973137,32.921345,0.0,4.0,5.0,44.934654,60.17671,9.0,4.0,5.494743,63.0,1.0
61.425583,133.10391,2.0,42.72497,26.0,4.6417155,0.0,84.61256,38.717358,6.0,2.4624114,28.0,9.76575,11.0,2.486963,3.0992215,3.0,13.0,64.81144,12.958792,3.0,0.0,78.03668,1.0
60.5868,44.71752,3.0,-9.0,10.335557,0.0,0.0,100.0,-7.0,7.0,8.0,11.0,6.2817426,20.882347,0.0,0.0,0.0,45.17296,-8.0,3.0,1.0,1.0,75.0,1.0
67.48947,256.99518,2.0,79.0,26.0,0.0,0.0,86.12051,25.036615,6.0,6.0,32.0,3.0,33.076595,0.0,4.0,4.0,55.40849,85.54043,6.0,2.0,2.0,75.0,1.0
63.0,-5.246304,8.0,-8.188669,17.534258,0.0,0.0,92.0,17.39151,6.0,6.0,19.0,3.0,14.0,0.0,1.0,1.0,44.080402,22.063034,5.0,2.6432512,1.0,75.0,1.0
-9.0,-8.0,7.0,56.33622,18.0,0.0,0.0,87.396614,6.180394,6.0,6.0,20.0,6.0,29.567049,1.0,3.0,3.0,92.40695,-8.0,2.0,2.0,3.1386225,56.722446,1.0
70.0,232.75833,-6.487198,84.0,3.9676154,1.0,1.0,88.0,33.320854,6.0,3.6239557,9.0,4.637962,42.0,1.0,6.772636,6.1623373,44.95565,-8.0,3.0,1.0,1.0,75.0,1.0
65.927025,186.54576,8.0,54.910477,39.762703,0.0,0.0,95.0,81.0318,6.0,6.0,59.150635,4.0,54.496643,0.0,1.0,1.0,88.30195,68.930855,7.4195557,6.0,0.0,80.0,1.0
68.0,73.56652,1.9011172,-9.0,6.0,0.0,0.0,100.0,-7.0,7.0,8.0,9.02517,3.0,49.147743,0.0,2.0,2.0,13.192019,93.43563,3.0,2.0,0.0,70.0,1.0
65.0,60.046932,3.0,36.770527,5.6023855,0.0,0.0,100.0,-7.0,7.0,8.0,7.946492,3.0,29.433084,1.0,1.0,1.0,47.56643,41.937576,4.0,1.0,1.0,80.0,1.0
64.937195,21.441776,4.0,32.105667,23.444372,0.0,0.0,100.0,-7.0,7.0,8.0,24.443237,10.223103,33.0,-7.0,3.0872703,4.0,35.50127,62.76243,7.0,3.0,3.0,67.0,1.0
65.0,96.84318,9.0,38.80539,19.0,0.0,0.0,100.0,-7.0,7.0,8.0,22.0,6.0,29.0,0.0,1.0,1.0,44.618763,-8.0,4.0,3.0,1.0,71.0,1.0
66.0,170.2656,3.0,62.788754,-9.0,2.715233,1.0,63.885216,45.361164,6.0,2.0,6.516367,3.0,7.348296,0.0,3.0,4.0,55.335552,-8.0,2.0,-6.0353746,0.0,75.0,1.0
62.0,139.92181,15.1991825,58.0,19.0,0.0,0.0,88.0,0.8632387,4.0,6.0,23.42146,0.0,53.98842,0.0,2.0,2.0,18.0,-8.0,1.0765182,1.0,1.0,50.0,1.0
-9.0,115.33914,9.0,40.11247,28.0,0.0,0.0,100.0,-7.0,7.0,8.0,28.0,3.0,38.706264,-7.0,4.0,3.0,112.89484,-8.0,7.0443425,4.0,6.0785117,100.0,1.0
63.0,-4.79193,4.0,-9.0,14.0,0.0,0.0,100.0,-7.0,7.0,8.0,17.0,4.0,17.0,0.0,4.769089,4.0548368,45.5314,-8.0,3.0,2.0,1.0,50.0,1.0
71.0,99.612114,4.0,34.39267,21.0,3.0,3.5407205,88.0,69.740616,6.0,3.0285614,23.0,5.642302,46.303562,0.0,1.0,1.0,56.53561,-8.0,2.0,3.0,0.0,75.0,1.0
59.70174,280.06824,7.0,94.74963,12.0,0.0,0.0,100.0,-7.0,6.0,8.0,9.0,4.0,-9.0,0.0,5.6147747,5.0,84.452354,-8.0,9.052356,-8.0,2.0,86.587456,1.0
64.0,77.03021,9.0,64.38627,19.0,0.0,0.0,92.63938,37.73661,6.0,6.0,20.0,1.0,45.0,0.0,3.0,3.0,77.73261,-8.0,5.0,2.0,1.0,66.45752,1.0
69.663086,194.10794,4.0,71.15503,13.0,2.0,0.0,69.40958,6.249134,4.0,5.0,11.0,1.0,42.0,0.0,5.0,5.0,0.0,143.15794,1.0,2.0,0.0,50.0,1.0
63.06844,12.249733,5.7569704,-9.0,-9.0,0.0,0.0,100.0,-7.0,7.0,8.0,2.808503,2.0,51.011517,0.0,0.0,0.0,53.460945,82.0,1.0,5.0,0.0,75.0,1.0
74.0,316.45856,3.0,79.0,13.613537,1.0,0.0,77.84995,38.057007,6.0,6.0,18.454952,1.4665078,77.36281,-7.0,1.0,1.9054611,19.078838,97.133736,2.0,4.0,0.0,100.0,1.0
69.0,164.58823,10.0,82.29998,7.7450023,0.0,0.0,89.0,18.296556,4.0,6.0,12.0,1.0,68.26951,7.0,0.0,0.0,1.4548705,-8.0,2.0,2.0,0.0,100.0,1.0
62.936718,150.1422,9.0,58.0,3.221948,0.0,0.0,100.0,-7.0,7.0,8.0,5.352871,1.0,68.775566,0.0,0.0,0.0,93.15274,19.161442,1.0,2.0,1.0,80.0,1.0
-9.0,34.32669,11.0,45.705715,13.0,0.0,0.0,75.48811,6.0,6.0,6.0,14.0,2.0,30.0,0.0,0.0,0.0,95.16865,-8.0,5.0,2.0,5.8327684,100.0,1.0
69.0,-9.0,1.0,21.735495,21.0,0.0,0.0,100.0,-7.0,7.0,8.0,8.0,2.0,26.0,0.0,1.0,1.0,46.941296,-8.0,2.8041506,2.0,1.0,43.98616,1.0
66.0,209.38374,3.0,60.06882,20.447536,2.00078,1.0,72.78546,31.444597,4.0,4.0,30.0,2.0,60.974957,0.0,6.059643,6.1743712,34.18142,73.95125,4.0,5.115805,0.0,91.1173,1.0
69.0,151.60068,7.0,58.0,27.0,2.1934462,2.00647,91.78176,3.5009785,-5.6113005,-9.0,34.0,2.0,11.530734,1.0,3.0,3.0,57.72888,-8.0,4.0,1.0,0.0,57.0,1.0
54.142136,122.58234,23.449915,44.220085,-9.0,1.0,0.0,33.219364,12.182371,4.0,4.0,7.873955,0.0,44.314857,-8.0,3.0,2.0,93.929245,-8.0,2.0,2.0,1.0,71.0,1.0
-9.0,181.23528,2.0,42.33671,12.0,1.0,0.0,71.029366,-7.0,-6.354603,5.0,15.0,2.0,61.897995,0.0,2.0,2.0,32.0,-8.0,3.0,3.0,0.0,80.0,1.0
62.0,98.058624,35.46271,81.2881,-9.0,0.0,0.0,70.8067,36.2334,6.0,6.0,-3.1205268,0.0,56.470886,0.0,0.0,0.0,119.990135,-8.0,1.0,1.0,0.0,100.0,1.0
-9.0,125.20147,8.0,65.56577,15.0,0.0,0.0,77.01396,13.3671,6.0,6.0,17.0,0.0,45.69124,4.0,0.0,0.0,119.90626,98.45533,4.0,4.0,4.6481647,97.61164,1.0
68.75963,139.92102,13.0,58.94446,13.0,0.0,0.0,100.0,-7.0,7.0,8.0,12.0,0.0,11.136522,0.0,1.0,1.0,79.902374,18.165497,6.0,1.0,2.0,100.0,1.0
65.0,141.05035,1.0753285,-9.0,11.56664,5.903061,0.0,77.24759,35.028236,6.0,2.0,15.0,5.0,42.997383,0.0,6.07866,6.428394,40.970787,76.0,1.0,6.4947715,0.0,55.69676,1.0
62.0,145.5692,5.0,49.529472,9.0,1.0,1.0,100.0,-7.0,7.0,8.0,9.0,1.0,21.0,0.0,0.0,0.0,92.31264,-8.0,4.0,1.0,2.5630674,92.084,1.0
68.88633,32.733974,1.0,-9.0,14.0,0.0,0.0,100.0,-7.0,7.0,8.0,18.770008,6.9882197,31.205406,0.0,3.0,3.0,26.327394,68.182594,4.1783557,2.0,0.0,63.0,1.0
60.755077,120.78502,5.0,32.43593,10.696856,0.0,0.0,100.0,-7.0,7.0,8.0,12.0,5.0,20.0,0.0,1.0,1.0,41.069515,-8.0,4.0,1.0,1.0,65.209854,1.0
62.0,213.04819,27.489153,88.93553,17.0,0.0,0.0,87.56426,9.176682,4.0,6.0,17.908442,0.0,30.0,0.0,2.0,1.0,55.588493,25.899752,5.0,2.0,4.5526695,80.0,1.0
56.636818,150.66212,8.0,105.537575,9.0,2.0,1.0,75.34544,3.0,-9.0,3.4447212,14.0,3.0,24.419445,-7.0,0.0,0.0,79.65006,-8.0,9.559329,1.0,2.0,85.57734,1.0
77.81746,177.4637,2.0,61.0,7.0,0.0,0.0,100.0,-7.0,7.0,8.0,7.0,2.0,37.0,2.0,2.0,2.0,29.977358,71.3632,1.0,1.0,0.0,35.6641,1.0
71.0,142.74709,11.0,34.807396,15.0,0.0,0.0,100.0,-7.0,7.0,8.0,20.0,0.0,27.0,0.0,0.0,0.0,32.122486,63.10659,4.0,2.0,2.0,67.0,1.0
63.028408,149.40875,1.0602651,65.94766,32.064045,0.0,0.0,96.0,3.0,5.0,6.0,38.907684,10.844979,32.0,0.0,2.0,1.0,60.56332,62.571136,7.143885,7.42098,3.0,80.0,1.0
67.30113,125.616714,7.0,41.07134,25.0,0.0,0.0,100.0,-7.0,7.0,8.0,26.0,3.0,57.912968,12.997271,1.0,1.0,84.94737,84.00088,4.0,4.0,0.0,80.0,1.0
-9.0,149.66617,4.0,97.81764,15.0,0.0,0.0,63.43721,4.0,2.7240067,5.0,19.0,2.0,25.0,0.0,2.0,2.0,86.45979,-8.0,6.197762,1.0,9.809453,70.0,1.0
63.40934,67.349236,2.0,5.28378,12.0,0.0,0.0,88.04806,3.0,4.0,5.0,10.0,3.0,34.803013,0.0,4.0,4.0,75.513245,75.231384,2.0,3.0,0.0,63.0,1.0
73.0,183.85748,7.960391,71.71341,29.0,0.0,0.0,100.0,-7.0,7.0,8.0,26.0,3.0,89.888725,2.0,0.0,0.0,64.99498,68.4672,4.0,2.0,0.0,91.93913,1.0
-9.0,70.02795,5.0,-9.0,6.695789,4.4679,2.0,76.11428,22.84219,-8.882101,3.0,6.4723754,5.0,47.0,-7.0,2.0,2.0,36.700214,137.11311,3.0,3.0,0.0,80.0,1.0
59.00626,167.95688,2.0,30.54155,8.0,0.0,0.0,88.0,21.209057,6.0,6.0,5.74246,2.0,33.0,0.0,0.0,0.0,51.216812,98.74183,4.0,2.0,0.0,78.0,1.0
65.0,139.59962,4.0,50.474464,26.0,0.0,0.0,95.0,6.0,6.0,6.0,27.0,3.0,63.405956,-8.0,1.0,1.0,52.410435,59.954426,4.0,4.0,2.0,69.33228,1.0
57.42855,-1.5731678,7.0,-9.0,17.946045,0.0,0.0,100.0,-7.0,7.0,8.0,19.0,5.986818,12.832822,0.0,1.0,1.0,58.439205,-8.0,7.267084,1.0,2.0,67.0,1.0
70.0,171.51505,12.0,89.469574,17.0,0.0,0.0,100.0,-7.0,7.0,8.0,14.0,1.0,19.0,3.0,0.0,0.0,51.568005,97.330086,4.0,1.0,2.0,56.767616,1.0
63.92345,125.82936,13.190926,63.849,3.331833,0.0,0.0,100.0,-7.0,7.0,8.0,2.2402327,0.0,40.35953,0.0,2.0,1.953677,115.577705,91.056046,1.0,1.0,0.0,100.0,1.0
66.0,143.74019,7.0,-9.0,10.0,0.0,0.0,87.90788,69.79385,6.0,6.0,9.0,3.0,46.0,6.704,0.0,0.0,69.3279,94.84867,1.0,2.0,1.0,60.4167,1.0
74.0,-3.5561805,20.3838,-1.3171322,9.904718,0.0,0.0,100.0,-7.0,7.0,8.0,10.0,0.0,57.930332,-7.0,0.0,0.0,6.0,26.486021,2.0,2.0,0.0,57.0,1.0
68.07953,129.84436,4.0,41.836136,-9.0,0.0,0.0,71.13231,44.366608,6.0,6.0,1.1407545,3.262418,99.54084,0.0,1.0,1.0,0.0,99.655426,0.0,2.0,0.0,100.0,1.0
57.812584,147.95578,1.6546372,49.163017,40.664253,2.3994093,1.0,92.0,19.819044,6.0,3.0,38.943157,10.135305,16.157015,0.0,2.0,2.0,56.485252,93.0,9.0,5.0,2.0,60.0,1.0
-9.0,-9.0,9.0,-9.0,-9.0,0.0,0.0,100.0,-7.0,7.0,8.0,-9.0,2.0,99.99757,-7.0,0.0,0.0,17.0,65.85378,1.0,2.0,0.0,66.0989,1.0
63.80694,232.42838,1.2738848,61.252666,19.0,1.0,1.0,91.541916,16.348566,5.0,5.0,21.0,4.0,45.0,3.7974794,0.0,0.0,61.72794,-8.0,5.0,2.0,2.0,76.01307,1.0
72.0,116.70763,6.0,55.84382,36.0,0.0,0.0,97.12179,17.840818,6.0,6.0,38.0,2.0,20.0,11.624106,1.0,1.0,5.0,34.457825,4.0,1.0,0.0,40.0,1.0
56.165222,109.40328,2.0,39.169407,12.0,0.0,0.0,95.0,12.27082,6.0,6.0,9.335702,6.0,47.33309,-7.0,1.0,1.0,69.41969,97.62713,5.0,2.0,3.0,83.0,1.0
66.0,136.81622,15.629801,55.30326,6.0,0.0,0.0,100.0,-7.0,7.0,8.0,4.6853123,0.0,20.0,0.0,4.0,4.0,111.691986,-8.0,3.0,-3.3787038,0.0,100.0,1.0
67.8252,79.31347,5.0,-9.0,32.0,0.0,0.0,97.0,79.95129,6.0,6.0,42.697952,10.787823,20.48481,0.0,2.0,1.0,47.74201,98.39455,13.6820755,2.0,1.0,71.0,1.0
70.0,132.17284,9.0,59.967854,16.0,0.0,0.0,100.0,-7.0,7.0,8.0,19.0,2.0,29.0,7.8498,1.0,1.0,40.121742,-8.0,3.0,1.0,1.0,55.537716,1.0
66.0,136.49649,5.0,31.068079,7.516743,0.0,0.0,100.0,-7.0,7.0,8.0,9.608853,2.0,65.602135,-8.0,2.0,2.0,30.728928,88.997246,1.0,6.3384485,0.0,80.55864,1.0
17.08099,229.45557,32.65222,115.59405,15.0,1.0,0.0,68.48347,14.803534,6.0,4.2066884,16.0,0.0,30.0,-7.0,1.0,0.0,114.86576,-8.0,6.9413033,1.0,5.4663315,100.0,1.0
65.598915,147.9375,2.0,-9.0,8.0,0.0,0.0,100.0,-7.0,7.0,8.0,8.0,4.0,64.01681,0.0,3.0,3.0,51.32005,120.28065,3.0,2.0,0.0,91.40417,1.0
77.0,102.71317,4.0,-9.0,10.022783,0.0,0.0,100.0,-7.0,7.0,8.0,10.687061,2.0,99.84608,-7.0,1.0,1.0,-0.17681073,91.56447,0.0,2.0,-9.0,100.0,1.0
69.0,177.34352,2.0,36.46065,24.0,0.0,0.0,100.0,-7.0,7.0,8.0,23.0,10.820466,21.609592,0.0,5.0,4.6655507,21.37858,13.840848,6.644761,2.0,0.0,62.988255,1.0
73.0,-9.0,5.0,29.133915,25.11631,0.0,0.0,100.0,-7.0,7.0,8.0,24.343334,2.6932526,14.453364,-7.0,1.0,1.0,28.91347,91.24385,7.0,2.0,1.0,43.0,1.0
57.80665,95.70453,1.1323036,48.00541,28.763699,0.0,0.0,100.0,-7.0,7.0,8.0,29.0,10.618508,50.0,0.99950397,2.0,1.0,74.93345,60.57565,5.0,5.0,2.4863975,75.0,1.0
60.069584,43.08737,13.194781,9.869572,-9.0,0.0,0.0,-3.7330182,22.86826,6.0,6.0,0.99341327,1.0,54.641563,0.0,0.0,0.0,64.21833,-8.0,1.0,1.0,0.0,80.0,1.0
62.57475,-9.0,1.0,-9.0,4.272316,0.0,0.0,100.0,-7.0,7.0,8.0,9.06057,3.0,79.62515,0.51065785,4.0,4.23346,55.07662,82.37717,3.0,3.0,0.0,77.34289,1.0
65.59484,144.92514,5.18498,45.744385,7.0,0.0,0.0,92.11575,32.671635,6.0,6.0,7.469457,2.0,57.7041,-2.5168443,2.0,2.0,82.734764,75.77566,3.0,3.0,1.0,90.5823,1.0
58.25415,136.91904,17.0,41.26324,12.0,2.0,2.0,73.15805,30.958464,6.0,2.1199236,15.366014,2.0,73.897736,5.957242,0.0,0.0,16.157993,-8.0,1.0,1.0,0.0,67.0,1.0
72.14361,160.88715,13.236049,73.2897,19.0,0.0,0.0,100.0,-7.0,7.0,8.0,20.0,0.0,56.49325,-7.0,0.0,0.0,73.04085,-8.0,4.0,3.0,1.0,100.0,1.0
63.0,141.36676,1.0,-5.1024237,16.0,0.0,0.0,100.0,-7.0,7.0,8.0,12.680704,10.816119,11.52357,0.0,10.633569,9.0221815,41.78711,90.19475,7.0,2.0,2.0,69.89853,1.0
-9.0,215.57382,13.0,76.05876,22.0,4.9392447,0.0,20.329279,-7.0,-9.0,2.955872,28.459648,1.0,46.80459,0.0,5.0,4.0,53.7451,94.887054,7.0,3.4731379,0.0,80.39291,1.0
68.0,218.93108,11.0,93.65559,24.0,0.0,0.0,100.0,-7.0,7.0,8.0,25.158197,1.0,21.0,5.209982,2.0,1.0,32.724586,-8.0,4.0,-8.0,2.0,34.67273,1.0
57.03441,170.70679,1.0,72.0,28.0,0.0,0.0,89.0682,7.177548,6.0,6.0,27.0,3.0,35.0,0.0,11.384985,6.931595,67.72737,87.1573,9.253676,3.0,3.0,77.47355,1.0
73.0,59.06758,13.706865,63.778908,15.0,0.0,0.0,100.0,-7.0,7.0,8.0,8.980129,0.0,50.0,3.5159655,1.0,1.0,40.92186,-8.0,4.0,2.0,0.0,80.0,1.0
54.193344,186.50931,2.0,31.519157,25.0,0.0,0.0,100.0,-7.0,7.0,8.0,28.0,7.894031,24.0,0.0,2.0,2.0,101.98969,-8.0,8.926834,1.0,5.3297133,80.28657,1.0
-0.713872,43.16147,6.0,18.616533,5.989335,1.0,0.0,67.898,49.19423,6.0,4.0,7.1694036,3.0,77.292755,0.6191119,2.0,2.0,45.439148,78.73391,0.15457647,2.0,-9.0,82.76017,1.0
-9.0,181.6412,7.8999186,45.69723,18.0,0.0,0.0,89.0,2.6202028,4.0,6.0,19.0,2.0,-9.0,19.34219,1.0,0.0,116.75098,-8.0,7.0,-8.0,3.0,100.0,1.0
38.436848,139.90636,3.0,43.437412,21.625414,1.0,1.0,88.38704,18.404133,6.0,6.0,17.0,7.571641,40.0,16.0,1.0,1.0,43.93543,33.30332,11.0,2.695365,0.0,78.10717,1.0
-9.0,320.24146,1.0,71.289696,12.551405,0.0,0.0,90.0,5.0461326,6.0,6.0,12.0,3.0,20.0,0.0,18.161566,18.444332,88.510254,-8.0,4.0,2.0,3.0,90.14829,1.0
65.0,154.44337,4.0,37.718304,13.0,3.0,2.0,77.14435,23.027512,6.0,2.0,16.63058,3.0,30.679075,0.0,2.0,2.0,27.184946,80.0,3.0,2.0,0.0,50.0,1.0
65.0,141.15436,4.0,16.164581,19.0,0.0,0.0,93.0,44.331413,6.0,6.0,18.0,4.6845517,68.265396,0.0,0.0,0.0,32.040848,19.115448,3.0,4.0,0.0,78.17881,1.0
70.0,83.57263,12.0,-9.0,-9.0,0.0,0.0,100.0,-7.0,7.0,8.0,-9.0,1.0,71.9128,5.0,1.0,1.0,84.24437,71.0,1.0,2.0,0.0,100.0,1.0
68.0,-9.0,4.0,41.778862,25.0,0.0,0.0,100.0,-7.0,7.0,8.0,27.07142,3.0,38.348877,-7.0,2.0,2.0,75.961586,91.0,7.0,3.0,4.0,80.0,1.0
59.60237,175.33868,36.907,84.98825,6.59486,3.8950121,0.0,59.065613,-7.0,0.27089018,5.0,12.0,0.0,-9.0,2.6804879,0.0,0.0,16.0,-8.0,3.0,-9.0,0.0,33.0,1.0
65.0,194.53929,13.0,81.0,33.14435,1.0,1.0,100.0,-7.0,7.0,8.0,27.168032,3.0,29.97409,-7.0,15.531099,14.878649,70.16903,-8.0,4.0,2.0,1.0,53.624653,1.0
62.218395,54.93153,2.0,-1.2186893,14.0,0.0,0.0,100.0,-7.0,7.0,8.0,19.183397,5.5693293,21.0,0.0,3.0,3.0,37.46453,17.457,2.0,3.0,1.0,40.0,1.0
62.61672,150.40927,2.0,38.356846,25.0,0.0,0.0,93.42109,18.574585,6.0,6.0,25.013102,8.757252,17.0,0.0,0.0,0.0,40.94394,-8.0,9.0,1.0,3.0,67.0,1.0
66.0,187.60046,16.085096,60.30222,5.712671,4.2198133,2.0,76.48604,51.87727,6.0,-9.0,8.0,0.0,88.224495,0.0,3.0,2.1950498,35.75195,61.852562,1.0,2.0,0.0,91.56777,1.0
73.0,115.13937,2.0,37.377693,17.0,1.0,2.0,88.0,33.063892,6.0,2.0,18.010384,5.0,20.674698,2.0,4.0,4.0,7.19658,97.64295,3.399726,1.0,0.0,56.147667,1.0
80.0,180.69371,18.470427,83.0,-8.699435,0.0,0.0,100.0,-7.0,7.0,8.0,16.251047,0.0,75.28335,-8.0,0.0,0.0,43.25213,-8.0,0.51257426,1.0,2.0,88.770134,1.0
75.0,-8.219728,23.18273,-9.0,-9.0,0.0,0.0,100.0,-7.0,7.0,8.0,3.930291,0.0,99.43971,-8.0,0.0,0.0,51.12518,-8.0,1.0,1.0,0.0,100.0,1.0
72.927826,162.73419,6.0,59.708225,30.0,0.0,0.0,100.0,-7.0,7.0,8.0,34.0,3.0,14.0,-7.0,2.0,1.0,0.0,76.28782,3.0,2.0,0.0,12.73863,1.0
67.0,126.237144,7.0,41.950386,27.0,0.0,0.0,100.0,-7.0,7.0,8.0,36.982353,6.956657,7.436125,0.0,5.673958,5.347875,31.948605,-8.0,6.0,1.0,1.0,67.0,1.0
60.974327,133.88345,13.742314,69.66014,9.0,6.6902895,6.059246,78.784935,44.348972,6.0,3.0,14.8327675,0.0,75.09699,-7.0,0.0,0.0,106.653786,69.219505,0.24090648,3.0,-9.0,75.0,1.0
62.0,23.465057,10.0,64.96695,-7.478243,0.0,0.0,79.05817,12.554655,5.255929,6.0,7.0,1.3838148,76.675804,0.0,0.0,0.0,94.85871,-8.0,1.0,4.0,0.0,100.0,1.0
66.260315,220.76324,27.682281,77.6594,10.0,0.0,0.0,100.0,-7.0,7.0,8.0,11.0,0.0,11.102865,4.450987,0.0,0.0,91.65353,-8.0,4.0,-8.0,3.0,70.0,1.0
76.0,216.99054,67.57,172.00073,-9.0,0.0,0.0,83.03145,34.829086,6.0,6.0,-8.85973,0.0,18.0,7.0,1.0,0.0,-9.0,-8.0,-9.0,-9.0,-8.0,-9.0,1.0
71.0,199.40428,21.121836,81.0,7.4484134,1.0,1.0,78.505264,22.443747,5.5466456,4.0,7.0,0.0,11.806642,21.138964,0.0,0.0,23.066673,-8.0,3.0,-9.0,0.0,57.0,1.0
-9.0,185.94733,11.0,65.859314,11.9881,0.0,0.0,85.00582,18.525723,6.0,6.0,10.0,0.0,19.0,1.0,5.301152,5.126527,89.40152,-8.0,7.002117,1.0,5.1590166,73.0,1.0
65.0,186.0444,6.0,61.0,13.0,1.0,0.0,89.35778,45.362736,6.0,4.9510107,13.780416,2.0,32.148357,3.0,1.43762,1.0,69.465904,66.00105,4.0,2.0,2.0,78.74474,1.0
68.0,187.87476,21.355312,63.269787,5.540853,0.0,0.0,87.67207,30.893427,6.0,6.0,5.5853996,0.0,50.0,0.0,3.0,2.0,63.48436,-8.0,2.0,-8.0,0.0,100.0,1.0
70.0,-9.0,9.0,-9.0,-9.0,0.0,0.0,100.0,-7.0,7.0,8.0,6.819196,1.0,56.82418,0.0,2.0,2.0,0.0,-8.0,1.0,1.0,0.0,71.0,1.0
65.0,190.85478,4.0,77.0,5.766207,2.0,2.0,83.99436,75.85776,6.0,3.0,0.6442064,3.0,56.138245,0.0,2.0,2.0,103.135086,82.0,1.0,2.0,1.0,100.0,1.0
-9.0,118.079,0.40767643,30.329763,24.0,4.1105976,2.130093,100.0,-7.0,2.0175261,8.0,33.84426,6.02293,50.0,0.0,3.0,3.0,116.98388,93.58572,7.0,6.255793,0.0,100.0,1.0
62.18393,177.91554,3.0,68.284225,8.077003,0.0,0.0,100.0,-7.0,7.0,8.0,8.0,3.0,42.877625,0.0,4.0,4.0,92.412506,79.165955,2.0,2.0,1.0,64.0,1.0
65.55661,125.23385,3.0,37.849255,6.861491,1.0,0.0,75.25735,50.694096,4.499092,5.0,9.0,3.0,92.988304,0.0,12.40054,13.10756,13.310205,79.63207,1.0,4.0,0.0,100.0,1.0
59.68482,46.63896,2.0,38.538685,21.0,0.0,0.0,95.51753,-7.0,6.0,6.0,24.0,8.4973545,14.0,0.0,2.0,1.9983418,25.87837,64.3144,6.0,3.0,3.0,57.0,1.0
64.0,173.26003,6.0,62.1852,12.0,4.8865023,2.0,82.033104,27.949013,4.0,2.0,14.830517,3.0,93.427704,0.0,3.0,3.0,4.0,-8.0,1.0,1.0,-9.0,100.0,1.0
-9.0,-9.0,-9.0,-9.0,-9.0,-9.0,-9.0,-9.0,-9.0,-9.0,-9.0,-9.0,-9.0,-9.0,-9.0,-9.0,-9.0,-9.0,-9.0,-9.0,-9.0,-9.0,-9.0,1.0
57.494442,177.46779,20.949457,68.07597,8.0,0.0,0.0,82.888275,2.0,4.0,6.0,12.0,0.0,45.0,0.0,0.0,0.0,72.42306,80.0,3.0,1.6656427,1.0,88.0,1.0
63.92245,141.69377,2.0,25.801098,17.0,0.0,0.0,82.3395,3.0,6.0,6.0,25.0,6.0,18.953577,-7.0,3.0,3.0,1.0,93.28176,3.0,3.0,0.0,43.0,1.0
72.0,51.018826,8.0,40.80706,7.4526243,0.0,0.0,87.21858,62.766777,6.0,6.0,8.437754,2.0,56.223343,0.0,2.0,2.0,0.5260226,34.531948,1.0,1.0,0.0,67.0,1.0
60.484344,84.89451,4.0,32.981583,12.0,1.0,1.0,75.806145,7.3718367,6.0,3.0,15.0,1.0,1.5885267,0.0,0.0,1.0,73.36399,-8.0,2.0,1.0,1.0,68.60769,1.0
65.628,106.13343,5.0,38.622345,12.0,0.0,0.0,100.0,-7.0,7.0,8.0,11.0,3.0,74.52096,-7.0,4.0,4.0,8.676699,84.03491,1.0,4.770374,0.0,60.0,1.0
62.0,121.77245,-9.0,56.019524,22.889385,5.3243585,6.565521,87.108955,37.27864,6.0,3.0379765,30.0,3.0,32.124798,0.0,4.4680357,4.7057195,8.0,48.146893,4.0,2.7476153,0.0,50.0,1.0
61.78265,95.14796,4.0,8.161188,20.0,0.0,0.0,95.0,66.84152,6.0,6.0,20.0,4.0,40.943577,0.0,3.0,3.0,70.48379,83.53147,4.0,6.0,1.0,87.0666,1.0
74.226555,119.086716,10.0,20.822731,13.0,0.0,0.0,100.0,-7.0,7.0,8.0,14.0,1.0,-9.0,0.0,0.0,0.0,10.0,-8.0,4.0,-9.0,0.0,43.936718,1.0
-9.0,170.53831,3.0,60.803825,23.0,0.0,0.0,79.55322,7.5216455,4.0,6.0,28.416828,3.0,45.999767,0.0,2.0,2.0,85.40262,78.8423,8.0,2.0,2.0,86.0,1.0
61.610645,68.14595,3.0,40.446003,24.0,0.0,0.0,91.61714,9.0082,6.0,6.0,28.0,5.2856054,45.01742,-8.0,2.0,2.0,44.38059,44.51137,3.0,5.0,2.0,68.28204,1.0
67.0,247.41553,4.0,97.0,9.0,2.0,2.0,77.0726,45.50985,6.0,4.0,8.84937,3.0,57.209835,0.0,2.0,2.0,59.61731,46.52854,2.0,1.0,1.0,88.984604,1.0
81.0,112.63125,35.186203,54.249706,-9.0,0.0,0.0,100.0,-7.0,7.0,8.0,0.44856843,0.0,65.79825,-8.0,0.0,0.0,4.0,-8.0,2.0,-8.0,0.0,82.68593,1.0
65.0,134.42181,0.8486142,-9.0,13.0,0.0,0.0,100.0,-7.0,7.0,8.0,15.446239,4.0,11.0,0.0,1.0,1.0,43.798897,82.59762,7.0,2.0,0.0,80.05608,1.0
71.0,100.101036,36.491837,89.375565,17.0,0.0,0.0,100.0,-7.0,7.0,8.0,15.0,0.0,11.54469,0.0,2.0,2.0,65.13636,-8.0,5.0,-8.0,3.2711608,67.0,1.0
67.58839,167.17209,2.0,65.33447,12.0,0.0,0.0,85.87974,8.967553,6.0,6.0,1.1273133,2.0,41.495686,5.796154,1.0,1.0,71.23617,-8.0,2.0,1.0,2.0,82.272865,1.0
64.0,115.28464,4.0,18.491674,13.0,0.0,0.0,100.0,-7.0,7.0,8.0,17.0,1.0,36.0,1.0,1.0,1.0,57.780968,-8.0,4.0,1.0,2.0,70.0,1.0
68.0041,183.19872,6.0,-9.0,11.0,0.0,0.0,91.0,9.295506,4.0,6.0,8.693834,2.0,38.09501,-4.505484,0.0,0.0,24.318693,57.29696,2.0,2.0,0.0,60.0,1.0
71.0,-9.0,-7.224703,32.200603,15.0,0.0,0.0,100.0,-7.0,7.0,8.0,6.5792494,4.0,14.0,2.0,2.0,2.0,19.0,121.9144,4.0,3.0,0.0,75.0,1.0
38.907085,101.24726,12.585134,55.114704,6.723707,1.0,1.0,80.89393,9.257433,4.0,6.0,6.8464055,1.0,50.0,0.0,2.0,2.0,66.08746,-8.0,2.0,-8.0,0.0,78.0,1.0
67.0,116.34729,22.899853,37.077324,-9.0,0.0,0.0,100.0,-7.0,7.0,8.0,3.9898474,0.0,54.750877,-7.0,0.0,0.0,32.017773,-8.0,2.0,1.0,0.0,83.0,1.0
38.527935,176.85835,9.0,111.63368,12.0,0.0,0.0,82.62166,21.263874,4.0,6.0,9.80257,1.0,42.0,0.0,0.0,0.0,102.249115,-8.0,4.0,1.0,3.0,83.0,1.0
62.0,159.73738,20.45978,61.533283,7.9052773,0.0,0.0,87.04772,13.867833,6.0,6.0,6.474153,0.0,18.0,-7.0,0.0,0.0,93.22646,-8.0,3.0,1.0,3.0,85.47356,1.0
62.83402,76.01997,10.0,47.36921,21.427876,0.0,0.0,100.0,-7.0,7.0,8.0,17.0,3.0,15.119519,0.0,2.0,2.0,73.54699,-8.0,7.0,2.0,2.0,78.82359,1.0
-9.0,152.65619,2.0,59.781887,27.0,4.394484,0.0,86.604836,-7.0,-9.0,6.0,33.701736,3.0,27.515686,1.0,1.0,1.0,44.96783,95.50428,9.0,4.0,3.0,60.0,1.0
68.59613,142.66206,5.0,41.156315,28.0,0.0,0.0,100.0,-7.0,7.0,8.0,25.0,4.0,16.311817,9.35274,0.0,0.0,22.964945,-8.0,7.0,1.0,2.0,60.0,1.0
57.26069,172.63788,2.0,64.67725,25.0,9.076971,1.0,45.184902,10.079324,4.0,-9.0,32.0,3.0,39.0,0.0,6.8814607,6.1331124,43.924744,71.0,4.988495,4.0,3.0,78.252686,1.0
69.03759,85.43666,13.837993,74.416504,3.9346647,0.0,0.0,100.0,-7.0,7.0,8.0,3.009236,0.0,91.56726,-8.0,0.0,0.0,75.19809,-8.0,1.2418368,1.0,2.0,83.0,1.0
83.0,199.17508,4.0,67.0,17.483522,0.0,0.0,100.0,-7.0,7.0,8.0,19.0,2.0,11.0,0.0,0.0,0.0,6.0,-8.0,5.0,1.0,0.0,63.233612,1.0
64.8844,-9.0,4.0,-9.0,19.026297,0.0,0.0,100.0,-7.0,7.0,8.0,26.0,6.0,35.751156,0.0,0.0,0.0,36.0,73.307816,4.0,3.6424272,0.0,45.030487,1.0
-9.0,125.26097,2.0,41.05453,6.0,4.1228333,3.6843798,75.225395,4.3722286,3.0,2.0,9.0,4.0,56.54358,0.0,3.0,3.0,116.08596,91.0,3.0,2.0,2.0,88.0,1.0
-9.0,175.02164,28.115,58.58335,12.0,2.0,1.0,58.230698,-7.0,-9.0,5.0,19.0,0.0,65.41959,0.0,0.0,0.0,75.417366,26.55839,6.0,3.0,2.0,100.0,1.0
59.712124,140.21397,4.0,59.193405,24.0,2.0,1.0,82.86511,2.2293775,5.0,3.0,24.959106,3.0,28.0,0.0,8.364996,6.725984,1.0,72.242584,3.0,2.0,0.0,41.863167,1.0
67.0,108.3907,16.0,52.57653,4.3585024,2.454854,2.0,78.998375,74.70555,6.0,6.0,2.9104452,0.0,99.793144,0.0,0.0,0.0,106.84128,62.314365,1.0,2.0,0.0,100.0,1.0
59.365273,90.04334,5.0,23.678446,21.0,0.0,0.0,100.0,-7.0,7.0,8.0,36.69559,6.0,97.29611,0.0,4.0,3.7403986,53.34794,88.0,3.0,21.441612,0.0,100.0,1.0
68.570076,164.84871,5.099313,61.50361,28.484081,0.0,0.0,100.0,-7.0,7.0,8.0,36.642704,1.0,60.62425,0.0,14.703961,13.488422,66.009094,70.95809,3.0,5.0,1.0,60.0,1.0
76.0,225.23476,27.68727,82.0,17.0,0.0,0.0,100.0,-7.0,7.0,8.0,12.0,0.0,47.0,-7.0,4.0,3.097403,44.45987,74.63031,1.0,2.0,2.0,63.0,1.0
70.0,-2.53281,5.4777184,-9.0,22.0,0.0,0.0,100.0,-7.0,7.0,8.0,26.0,4.0,71.99847,0.0,1.0,1.3879247,30.571676,77.05362,2.0,4.0,0.0,75.0,1.0
56.01723,290.82333,14.0,77.47472,17.0,2.0,1.0,74.24829,21.649366,6.0,5.886226,21.0,0.0,74.06958,0.0,2.0,2.0,85.126785,-8.0,3.0,2.0,0.0,90.57579,1.0
56.685566,288.05453,13.245207,68.0,17.551748,0.0,0.0,88.0,6.0,4.0,6.0,18.0,0.0,42.0,1.0,0.0,0.0,94.2535,84.02433,5.0,3.0,7.6237493,71.0,1.0
68.73428,98.704666,8.0,-9.0,7.0,0.0,0.0,100.0,-7.0,7.0,8.0,6.728409,0.0,32.297447,0.0,0.0,0.0,52.04352,90.27858,4.0,2.0,0.0,88.478424,1.0
65.0,135.432,8.0,32.15993,13.0,0.0,0.0,82.12935,51.183044,6.0,6.0,13.0,2.0,52.296818,0.0,1.0,1.0,22.354486,89.811615,2.0,3.0,0.0,100.0,1.0
-9.0,129.9424,9.0,49.031265,13.0,1.0,1.0,83.119255,-7.0,1.8141,2.0,15.8478775,1.0,38.0,0.0,1.0,1.0,94.54309,-8.0,7.0,1.0,2.0,86.0,1.0
68.0,261.1972,22.678234,77.0,9.453658,0.0,0.0,57.958263,24.132109,6.0,6.0,11.0,0.0,99.96876,0.0,1.0,1.0,0.0,-8.0,0.0,3.0,-9.0,74.9969,1.0
66.0,88.88454,48.619717,79.0,5.360572,2.0,3.286163,59.193115,36.807693,7.0,2.0,8.0,0.0,69.82649,0.0,0.0,0.0,74.71203,-8.0,1.0,-5.9243264,-9.0,86.0,1.0
64.0,124.66102,3.0,32.523106,7.0,3.0,1.0,82.40865,21.064247,4.0,3.0,11.0,4.0,85.05071,-7.0,2.0,2.0,91.92917,76.59881,1.0,6.8644657,0.0,100.0,1.0
71.0,264.50522,15.0,83.22277,6.2063723,1.0,0.0,66.2545,13.498781,4.0,5.0,8.0,0.0,48.190033,-8.0,0.0,0.0,10.94384,-8.0,2.0,1.0,0.0,60.0,1.0
59.268013,78.97403,2.0,53.027157,12.4304695,1.0,0.0,84.23222,-7.0,-9.0,6.0,17.0,3.0166113,38.0,0.0,5.0,5.559133,2.0,-8.0,1.0,1.0,0.0,33.0,1.0
63.623367,164.26054,8.0,66.77916,19.0,0.0,0.0,100.0,-7.0,7.0,8.0,17.404018,3.0,4.2257004,13.915819,0.0,0.0,92.78804,-8.0,13.936316,2.0,4.0,80.0,1.0
60.496063,65.46887,15.0,43.733707,17.0,0.0,0.0,100.0,-7.0,7.0,8.0,17.0,0.0,12.323212,4.2231236,4.724286,4.3371034,72.40999,-8.0,8.3165045,3.0,5.189089,91.23669,1.0
54.981117,139.79207,6.0,49.844627,13.613747,2.0,0.0,70.49886,35.08296,6.0,2.0,18.0,2.0,45.53004,-7.0,0.0,0.0,68.95532,84.03394,7.0,4.0,2.0,100.0,1.0
69.29721,136.19524,52.605167,79.0,11.215112,0.0,0.0,77.044556,1.2201449,4.0,5.0,16.0,0.0,17.500242,0.0,2.0,2.0,38.432228,-8.0,4.0,1.0,1.0,75.0,1.0
62.82555,149.27846,3.0,5.5128274,12.0,0.0,0.0,95.0,-7.0,1.8228723,6.0,10.0,3.0,85.43194,-7.0,0.0,0.0,1.0,84.70987,1.0,2.0,0.0,49.045593,1.0
62.614452,206.87717,9.0,54.163677,12.0,1.0,1.0,67.01686,65.446144,6.0,4.297103,16.0,2.0,99.35969,0.0,1.0,1.0,28.12233,69.95975,1.0,3.0,1.0,100.0,1.0
58.41953,131.04666,12.0,61.0,16.0,0.0,0.0,100.0,-7.0,7.0,8.0,18.0,0.0,5.62783,1.0,0.0,0.0,110.2982,51.5712,11.8649645,2.0,10.953227,83.0,1.0
68.0,89.78867,3.0,61.0,24.0,0.0,0.0,88.06774,16.618973,4.0,6.0,24.372643,4.0,30.0,10.061375,0.0,0.0,39.070145,85.23479,4.0,4.0,1.0,88.0,1.0
72.0,162.8069,2.0,75.0,42.450943,0.0,0.0,100.0,-7.0,6.0,8.0,51.151943,2.0,30.0,-7.0,2.0,2.0,35.603325,68.95156,16.051443,3.0,3.0,75.0,1.0
69.0,71.953316,8.0,61.0,23.0,0.0,0.0,91.75407,17.70884,6.0,6.0,16.0,1.0,29.783802,0.0,3.0,2.0,39.355846,77.800064,5.0,2.0,0.0,64.0,1.0
74.944145,221.95299,21.021532,71.0,21.681767,1.0,0.12514266,100.0,-7.0,7.0,8.0,24.0,0.0,82.672264,0.0,3.0,2.0,40.71737,40.6304,2.0,5.0,0.0,100.0,1.0
68.40321,53.092426,5.0,-9.0,8.06976,0.0,0.0,100.0,-7.0,7.0,8.0,11.0,4.0,6.613458,-7.0,1.0,1.0,27.761927,83.6484,3.0,1.0,0.0,50.0,1.0
64.0,76.42039,16.891216,55.481113,-9.0,1.0,1.0,42.389645,31.585487,6.0,5.0,-3.4242961,0.0,93.64832,-1.8566554,0.0,0.0,60.53951,-8.0,2.0,1.0,-9.0,100.0,1.0
-9.0,127.61569,4.0,45.038567,20.0,1.0,1.0,83.12426,4.010608,0.0,4.0,22.0,1.0,25.0,0.0,1.0,1.0,53.355812,52.246323,5.0,2.0,0.0,71.0,1.0
-9.0,259.7329,4.0,63.745785,19.0,7.4531374,1.0,64.02656,2.7942133,-9.0,2.0,29.0,2.0,80.243286,0.0,1.0,0.0,41.16155,71.0,4.0,2.0,1.0,100.0,1.0
56.675327,130.30487,8.0,5.0612874,13.0,0.0,0.0,100.0,-7.0,7.0,8.0,14.949687,1.0,35.0,0.0,0.0,0.0,102.47919,36.74151,6.0,2.0,5.9047256,100.0,1.0
62.119827,137.89156,6.0,40.23627,23.0,0.20105499,0.0,94.0,31.287228,6.0,4.0,19.0,3.0,13.277002,17.239508,0.0,0.0,46.59874,-8.0,6.0,1.0,3.0,67.0,1.0
55.799286,-9.0,5.0,-9.0,9.99508,0.0,0.0,100.0,-7.0,7.0,8.0,12.198498,4.0,33.0,0.0,3.0,3.0,59.318714,68.85046,2.0,3.0,0.0,57.617878,1.0
75.0,326.3313,29.186167,104.594604,18.0,0.0,0.0,100.0,-7.0,7.0,8.0,15.0,0.0,46.28859,1.0,3.0,3.0,14.0,23.955454,3.0,3.0,0.0,75.0,1.0
-9.0,190.44179,5.0,55.672615,9.337676,1.0,0.0,75.87914,0.49741203,4.0,5.0,14.0,2.0,31.48007,0.0,1.0,1.0,92.70133,-8.0,4.0,1.0,4.0,100.0,1.0
71.0,164.26726,7.0,70.44907,-9.0,0.0,0.0,100.0,-7.0,7.0,8.0,-9.0,1.0,45.311832,0.0,4.0,4.0,87.99988,-8.0,1.0,-8.0,0.0,96.92271,1.0
64.648415,116.78675,2.0,74.0,25.0,2.0,0.0,91.0,8.356658,0.0,2.3573754,26.0,4.0,47.0,3.0,0.0,0.0,62.92663,100.0,8.995483,2.0,2.332591,100.0,1.0
68.0,45.1004,6.0,-9.0,9.807322,0.0,0.0,100.0,-7.0,7.0,8.0,12.0,2.0,56.188198,-8.0,3.0,3.0,2.0,8.289784,1.7576542,2.0,0.0,67.0,1.0
62.0,79.147766,8.622298,47.42648,9.0,0.0,0.0,100.0,-7.0,7.0,8.0,7.0,1.0,50.0,3.0,0.0,0.0,119.17984,84.04177,3.0,2.0,4.0,100.0,1.0
40.810402,-8.199475,5.0,-9.0,8.547641,1.0,0.0,83.65461,3.8049862,3.4634666,3.4609962,12.0,3.0,74.48985,0.0,2.0,2.0,16.714977,-8.0,2.0,3.0,0.0,67.0,1.0
55.06684,100.82658,3.0,-9.0,21.0,0.0,0.0,100.0,-7.0,7.0,8.0,26.0,9.620907,37.0,2.0,3.446848,3.0,34.674023,96.3178,7.0,4.0,0.0,67.0,1.0
69.70893,-9.0,19.718945,49.204746,4.443551,0.0,0.0,100.0,-7.0,7.0,8.0,3.7689667,0.0,5.177767,0.0,2.0,2.0,94.180626,-8.0,2.0,-8.0,1.0,79.311485,1.0
74.59728,48.682697,13.0,62.264885,18.0,6.3111377,1.0,69.88748,81.819016,6.0,-6.5524454,24.0,3.0,98.31224,-7.0,2.0,2.0,40.499706,97.44419,1.0,6.9772863,0.0,89.04491,1.0
63.0465,137.7829,5.0,82.67388,21.0,0.0,0.0,90.16449,1.0,4.0,6.0,27.0,1.0,63.64368,-7.0,2.0,1.0,34.72978,72.85823,3.0,6.490258,0.0,73.448944,1.0
56.78653,242.66849,10.0,79.0,34.0,10.898256,7.6213756,42.83019,47.00297,6.0,3.0,49.587612,1.0,99.88699,0.0,13.89163,6.684991,64.040955,68.90606,3.0,4.0,3.383166,100.0,1.0
69.0,28.939306,18.121796,45.63105,5.2914968,0.0,0.0,100.0,-7.0,7.0,8.0,8.508268,0.0,64.583466,0.0,3.0,3.0,92.322395,-8.0,2.0,1.0,0.0,100.0,1.0
66.0,134.2878,12.0,70.0,10.909128,3.0,3.7405188,78.76933,10.752439,0.68609875,2.0,11.0,0.0,52.258934,0.0,2.0,2.0,28.512054,79.4106,2.0,3.0,0.0,67.0,1.0
64.0,80.211525,2.0,-9.0,12.349392,2.2959673,2.0,100.0,2.0,4.0,5.8997154,12.0,10.374985,1.6426674,0.0,1.0,1.0,15.0,96.85298,4.0,1.2013386,0.0,63.0,1.0
54.442356,80.244064,6.0,51.244576,21.0,3.3171942,1.865261,89.0,38.685604,6.0,2.0,21.0,3.0,52.277264,-7.0,1.0,1.3466488,94.08369,82.0,4.0,3.0,3.0,90.535614,1.0
-9.0,243.25468,19.68255,94.29248,7.47455,4.4392295,1.0,-4.623869,-7.0,-9.0,3.0,14.0,0.0,32.20896,0.31796584,2.0,1.0,47.574593,32.796257,2.0,2.0,1.0,83.838005,1.0
64.0,177.95605,4.0,61.085464,25.0,0.0,0.0,100.0,-7.0,7.0,8.0,26.0,2.0,43.0,0.0,3.0,2.2086546,81.384,88.70369,5.0,4.0,9.9168625,71.0,1.0
66.0,49.948265,1.0,22.139854,44.669544,1.0,0.0,97.0,36.883823,6.0,5.0,49.909565,3.0,9.625664,-7.0,0.0,0.0,63.00296,-8.0,7.0,1.0,3.0,60.0,1.0
-9.0,45.91064,2.0,-9.0,7.0,0.0,0.0,100.0,-7.0,7.0,8.0,9.0,1.0,26.73807,-7.0,3.0,3.0,118.74968,-8.0,6.9101143,2.0,4.0,88.972404,1.0
65.0,153.77263,4.0,43.991554,14.0,1.0,0.0,86.985916,57.480515,6.0,5.0,15.0,5.4396534,28.0,0.0,4.0,4.0,51.022552,78.11288,6.0573053,2.0,2.0,78.0,1.0
62.602356,140.53914,5.0,56.871975,22.451916,0.0,0.0,88.0,18.44791,6.0,6.0,26.0,3.0,46.0,0.404948,3.0,3.0,55.14887,45.002613,3.0,3.0,1.0,75.0,1.0
-9.0,141.64272,2.0,49.180145,20.0,1.0,0.0,78.81501,6.0,6.0,3.0,23.0,2.0,-9.0,17.968723,0.0,0.0,73.71217,-8.0,8.0,1.0,4.0,61.47135,1.0
69.0,117.92491,8.0,53.14024,2.0238352,0.0,0.0,100.0,-7.0,7.0,8.0,5.7167225,0.0,31.0,0.3913745,0.0,0.0,94.38231,-8.0,3.0,-2.0653815,0.0,82.04364,1.0
70.0,160.38916,2.0,44.070633,28.27615,0.0,0.0,100.0,-7.0,7.0,8.0,28.90848,6.0,-9.0,0.0,1.0,1.0,38.62628,-8.0,6.0,1.0,1.0,50.81983,1.0
-9.0,106.01498,-9.0,24.60104,28.0,6.1713495,2.0,80.50427,17.651312,6.0,6.0,37.82229,10.976796,42.0,0.0,4.0,3.0,51.11099,81.42271,4.0,5.0,1.0,64.2418,1.0
68.0,168.29076,5.0,49.328323,17.0,0.0,0.0,95.0,40.780907,6.0,6.0,19.883379,2.0,25.0,9.0,0.0,0.0,38.973034,91.0,6.2292094,2.178721,1.0,66.88664,1.0
71.38454,-9.0,5.0,43.60772,13.0,0.0,0.0,100.0,-7.0,7.0,8.0,4.4139147,4.0,22.643028,-7.0,4.0,4.0,25.0,-8.0,4.680111,-8.0,0.0,54.73462,1.0
-9.0,182.98302,17.0,41.59097,9.0,0.0,0.0,87.68106,4.2654476,6.0,6.0,8.0,0.0,24.0,1.0,0.0,0.0,119.842766,46.26986,9.278964,2.0,9.301606,88.0,1.0
68.288185,274.80402,18.970982,80.0,17.0,0.0,0.0,86.96881,28.344584,6.0,5.8928194,19.0,0.0,25.0,0.0,4.0,4.0,28.0,-8.0,4.0,4.0,2.0,67.0,1.0
65.0,161.94736,3.0,63.36212,16.356878,0.0,0.0,100.0,-7.0,7.0,8.0,19.0,3.0,30.0,0.0,4.0,3.0,42.004215,120.70253,5.0,2.0,2.0,71.49642,1.0
60.770405,80.499275,5.0,31.49874,14.0,0.0,0.0,100.0,-7.0,7.0,8.0,14.0,2.0,59.634403,0.0,2.0,2.0,118.961685,96.6218,3.322007,4.0,3.0,100.0,1.0
-9.0,-9.0,-9.0,-9.0,-9.0,-9.0,-9.0,-9.0,-9.0,-9.0,-9.0,-9.0,-9.0,-9.0,-9.0,-9.0,-9.0,-9.0,-9.0,-9.0,-9.0,-9.0,-9.0,1.0
67.0,75.34248,32.099663,74.55798,7.0,0.0,0.0,86.09628,-7.0,6.0,6.0,14.0,0.0,91.50575,0.0,0.0,0.0,0.0,35.220074,0.0,1.0,0.0,62.236576,1.0
70.0,143.29877,17.0,41.815964,18.0,0.0,0.0,100.0,-7.0,7.0,8.0,24.0,0.0,63.22292,0.0,0.0,0.0,110.96528,67.58342,2.0,2.0,4.0,100.0,1.0
72.879295,168.23933,34.893314,89.07006,10.610522,0.0,0.0,100.0,-7.0,7.0,8.0,11.692678,0.0,57.230846,0.0,0.0,0.0,69.776306,-8.0,2.0,1.0,2.0,85.35941,1.0
68.03254,166.74463,6.0,61.0,18.0,1.0,0.0,91.74168,4.753575,3.0,4.0,18.712816,2.0,32.61041,21.381805,0.0,0.0,3.0,57.511192,2.0,4.0,0.0,60.0,1.0
66.0,67.63434,8.0,37.68231,14.0,0.0,0.0,100.0,-7.0,7.0,8.0,15.0,1.0,62.472557,0.0,4.1076055,4.6350703,89.991905,69.27107,2.0,2.0,0.0,76.76072,1.0
75.77891,86.21826,3.0,25.64097,3.1364758,0.0,0.0,100.0,-7.0,7.0,8.0,1.6878861,1.0,74.71108,1.0877372,1.0,1.0,0.0,85.96099,1.0,1.0,0.0,50.0,1.0
59.709206,152.32812,13.745908,74.0,12.0,0.0,0.0,100.0,-7.0,7.0,8.0,11.0,0.0,32.0,0.0,4.0,4.111408,63.764893,-8.0,2.805241,1.0,1.0,50.0,1.0
61.720325,78.24326,7.0,11.315723,10.448443,1.0,1.0,71.75586,31.614258,5.0043025,2.5844417,9.843503,3.0,35.0,0.0,0.0,0.0,35.91704,67.431145,2.0,1.0,0.0,42.210167,1.0
68.0,165.55382,3.0,65.0,18.0,0.0,0.0,100.0,-7.0,7.0,8.0,22.0,2.0,59.416172,0.0,5.0,5.0,73.63151,93.0,3.0,6.093017,1.0,91.18795,1.0
59.462437,-8.0,2.0,46.108315,20.715237,1.0,0.0,75.89767,10.760915,6.0,3.0114307,24.0,3.0,50.0,0.0,0.0,0.0,30.96577,94.78134,4.0,3.0,1.0,93.12345,1.0
66.0,-8.0,6.0,26.366037,4.9829907,0.0,0.0,100.0,-7.0,7.0,8.0,3.2981331,2.0,75.13327,-4.578309,2.0,2.0,101.6692,96.6429,1.0,1.0,0.0,95.03746,1.0
70.0,-8.0,3.0,-9.0,5.910455,0.0,0.0,100.0,-7.0,7.0,8.0,7.0,3.0,66.76055,1.0,1.0,1.0,17.0,8.47746,1.0,3.0,0.0,74.649315,1.0
28.64033,161.04553,4.0,65.0,14.0,1.0,0.0,81.04787,4.0,4.0,5.0,18.156397,3.0,45.68849,3.0,4.1396203,4.0,94.19434,93.69326,7.0,6.4488115,3.0,88.0,1.0
67.80343,141.10432,2.0,37.018436,17.0,0.0,0.0,100.0,-7.0,7.0,8.0,19.0,6.0,20.0,0.0,1.0,1.0,56.334538,97.90694,6.464943,4.0,0.0,75.0,1.0
68.0,353.44946,36.148254,93.13213,12.0,0.0,0.0,100.0,-7.0,7.0,8.0,13.0,0.0,37.0,0.0,2.0,1.0,53.274006,48.012863,3.0,6.0,0.0,82.02957,1.0
64.0,128.87198,4.0,59.706314,18.0,2.339214,1.0,81.91286,40.329594,6.0,5.0,19.0,4.0,33.0,4.46184,0.0,0.0,56.40339,-8.0,12.065128,2.0,3.0,83.0,1.0
72.0,155.78108,5.0,66.59445,24.472197,0.0,0.0,100.0,-7.0,7.0,8.0,25.0,2.0,68.39991,0.0,4.0,3.201016,70.08654,78.28731,2.0,2.0,1.0,67.676796,1.0
-9.0,107.10822,36.30263,37.526886,7.639371,0.0,0.0,60.265568,-7.0,4.0,6.0,8.711415,0.0,73.358246,0.0,1.0,1.0,91.95986,-8.0,1.0,1.0,0.0,100.0,1.0
66.58721,277.05344,2.0,60.512512,24.607113,0.0,0.0,97.0,-7.0,-9.0,6.0,46.030827,3.0,14.0,0.0,1.0,1.0,25.051077,-8.0,2.0,2.0,0.0,33.0,1.0
64.872314,42.995827,26.800936,57.010677,14.0,0.0,0.0,100.0,-7.0,7.0,8.0,11.0,0.0,52.584145,0.0,3.0,3.0,97.54786,-8.0,6.4059253,1.0,2.0,100.0,1.0
68.0,139.5423,7.9047995,33.578876,17.0,0.0,0.0,100.0,5.911136,6.0,6.0,20.0,1.0,45.0,-7.0,0.0,0.0,84.6549,76.13242,3.0,3.0,1.0,71.0,1.0
67.18407,79.920944,2.0,54.388638,27.0,0.0,0.0,96.0,57.533566,6.0,6.0,31.61314,5.81289,35.0,0.0,3.0,3.0,36.0,75.82452,5.0,3.0,0.0,69.364914,1.0
74.95245,254.83585,35.76625,80.79203,18.0,0.0,0.0,87.21279,20.693518,6.0,6.0,21.0,0.0,25.0,0.0,1.0,0.0,54.024895,-8.0,5.0,1.0,1.0,100.0,1.0
65.67331,165.37401,6.0,54.17996,23.0,0.0,0.0,92.0,-7.0,-9.0,6.0,27.0,3.0,36.0,1.0,4.0,4.0,33.976097,71.376045,7.0,2.0,0.0,72.54135,1.0
71.0,162.94316,3.0,46.332813,24.0,1.0,1.0,97.0,21.584171,4.0,6.0,26.0,4.0,35.71941,4.0,0.0,0.0,33.726658,52.35449,4.0,3.0,0.0,73.0,1.0
73.0,180.93654,9.0,43.373795,17.0,0.0,0.0,100.0,-7.0,7.0,8.0,23.0,1.0,15.455623,9.0,0.0,0.0,22.221327,-8.0,4.51905,1.0,1.0,71.0,1.0
-9.0,96.646416,29.272324,37.84551,9.0,0.0,0.0,86.134026,0.12943855,4.0,6.0,5.8286705,0.0,33.0,0.0,2.0,2.0,94.70613,39.60377,2.0,1.0,5.837589,78.0,1.0
71.0,157.89035,5.0,85.98132,3.3497334,0.0,0.0,100.0,-7.0,7.0,8.0,8.099447,0.0,36.0,0.0,2.0,2.0,47.581165,-8.0,2.0,1.0,0.0,70.0,1.0
60.134163,97.938385,29.79462,86.08384,9.0,1.0,1.0,69.29208,17.524366,4.0,5.0,17.0,0.0,36.089546,-0.8647456,0.0,0.0,73.19244,-8.0,6.0,-8.0,2.0,87.41765,1.0
66.0,102.56716,4.0,-9.0,12.0,0.0,0.0,100.0,-7.0,7.0,8.0,10.515938,2.0,49.669125,0.0,2.0,1.2885039,118.39186,91.0,1.0,2.0,0.0,100.0,1.0
56.854206,241.58086,5.0,59.027546,20.0,1.0,0.0,82.84048,-7.0,4.11049,5.0,21.0,2.0,-1.3494102,3.0,1.0,1.0,64.34154,100.0,11.045251,2.0,2.0,100.0,1.0
80.0,185.41678,27.14513,100.77541,10.179382,0.0,0.0,100.0,-7.0,7.0,8.0,10.0,0.0,4.1870933,0.3132936,1.0,1.0,21.709114,-8.0,6.0,-9.0,0.0,56.0,1.0
55.919132,79.23077,3.0,-9.0,30.112465,0.0,0.0,100.0,-7.0,7.0,8.0,38.0,10.9301815,30.0,0.0,2.0,2.0,49.325623,6.0330844,12.224301,4.0,1.0,75.0,1.0
57.52357,41.218746,3.0,18.158705,16.0,0.0,0.0,100.0,-7.0,7.0,8.0,17.0,6.0,29.087214,0.0,2.0,1.4894794,32.0,83.29883,4.3650427,2.0,1.0,43.0,1.0
62.240616,110.55556,-9.0,64.05001,25.0,0.0,0.0,100.0,-7.0,7.0,8.0,17.0,8.515609,35.0,0.0,9.890539,7.342568,79.48592,92.04232,10.789506,3.0,5.992147,80.0,1.0
64.22675,162.83316,1.0,67.0,20.366585,0.0,0.0,100.0,-7.0,7.0,8.0,25.598587,2.0,33.0,0.0,17.57626,17.669655,59.53279,57.5575,6.0,2.0,3.0,71.0,1.0
58.02528,189.93211,8.0,44.11509,36.0,0.0,0.0,100.0,-7.0,7.0,8.0,38.40815,6.0,70.574974,0.0,3.0,3.3344066,44.07651,76.0,5.0,5.8683147,1.0,80.0,1.0
57.401676,150.50015,6.0,63.0,12.700358,0.0,0.0,95.0,-7.0,4.0,7.580507,12.0,2.0,43.083336,1.0,0.0,0.0,113.20117,56.94387,4.0,2.0,4.0,100.0,1.0
-9.0,140.65073,1.0,59.547085,28.0,0.0,0.0,91.0,-7.0,3.520174,6.0,28.0,6.0,24.0,3.1639225,0.0,0.0,82.391846,51.23865,10.233,4.0,4.357635,83.0,1.0
56.59504,144.3086,6.0,32.769463,15.0,1.0,0.0,93.0,19.28062,4.0,6.0,18.0,2.0,28.0,0.0,1.0,1.0,70.43074,93.0,8.212554,2.0,2.0,91.26744,1.0
59.496376,55.726788,3.0,-9.0,12.524458,0.0,0.0,100.0,-7.0,7.0,8.0,11.0,1.0,13.59235,4.0,0.0,0.8737275,76.043755,-8.0,7.0,1.0,2.0,100.0,1.0
75.29089,45.47521,3.0,42.990242,8.224248,0.0,0.0,100.0,-7.0,7.0,8.0,5.1452923,4.0,29.0,-7.63424,6.219997,6.378715,28.201773,88.0,3.0,1.0,0.0,100.0,1.0
59.516357,2.4882982,4.0,35.44046,14.0,4.3125553,3.849045,91.0,27.831938,4.0,5.0,17.865316,2.0,73.3699,-8.0,4.0,3.8007371,76.65039,74.65695,5.0,3.0,1.0,100.0,1.0
68.0,-8.0,3.0,-9.0,-9.0,0.0,0.0,100.0,-7.0,7.0,8.0,2.5412834,2.0,78.99752,-7.0,2.0,1.0,32.0,-8.0,1.0,-8.0,0.0,70.0,1.0
59.66161,93.62598,30.997484,62.68691,15.0,2.0,0.0,76.619644,4.2322536,6.0,5.0,13.0,0.0,30.0,0.0,1.0,1.0,76.18974,-8.0,10.249311,1.0,2.0,77.010925,1.0
68.78189,351.33676,4.0,58.71791,13.0,0.0,1.0,96.62605,51.963963,6.0,5.059452,10.913375,4.0,26.0,-7.0,3.6522436,3.3330054,63.731754,-8.0,6.0,2.0,0.0,100.0,1.0
66.0,103.95371,2.0,42.551678,16.0,0.0,0.0,94.05327,50.176632,6.0,6.0,19.39198,2.0,44.0,0.0,3.0,3.0,70.398735,63.76833,5.0,3.0,3.0,75.0,1.0
68.0,165.7268,27.253714,90.0,-2.2162476,0.0,0.0,68.66462,5.889641,4.0,6.0,8.0,0.0,46.0,-7.0,1.0,1.0,119.030334,-8.0,1.0,2.0,0.0,100.0,1.0
59.708176,107.06728,5.57024,19.919523,18.0,2.0,0.0,85.08415,5.4733715,4.0,5.0,20.0,3.0,82.6858,0.0,3.0,2.0,43.3436,95.016075,1.8570378,3.0,0.0,75.0,1.0
-9.0,147.10748,-9.0,71.0,9.0,3.0,2.9898539,66.52883,2.0,4.0,2.0,10.0,3.0,50.0,0.0,0.0,0.0,0.0,-8.0,1.0,1.0,0.0,25.0,1.0
64.86025,102.294106,9.705461,29.567547,-0.46945742,3.0,0.0,68.02394,19.424059,6.0,5.0,4.347214,1.0,94.516495,2.0,0.0,0.0,9.0,-8.0,2.0,1.0,0.0,100.0,1.0
70.0,159.04007,17.087294,45.393627,3.458577,0.0,0.0,100.0,-7.0,7.0,8.0,3.9794035,0.0,50.0,0.0,1.0,1.0,113.99663,31.783037,2.0,2.0,3.0,100.0,1.0
64.46013,120.68872,7.219347,58.0,17.0,3.0,2.0,63.167225,10.526538,4.0,4.0,21.0,2.0,57.918163,0.0,0.0,0.0,61.141968,97.04035,2.0,4.3506165,0.0,67.0,1.0
66.87436,-9.0,15.700963,27.530447,15.0,0.0,0.0,100.0,-7.0,7.0,8.0,11.0,0.0,88.18334,0.0,0.0,0.0,69.71849,-8.0,1.0,1.0,-9.0,50.0,1.0
89.0,83.91381,8.0,31.027802,16.0,0.0,0.0,100.0,-7.0,7.0,8.0,13.0,0.0,99.62504,0.0,0.0,1.0,0.5730207,-8.0,1.0,2.0,0.0,63.0,1.0
64.185715,120.24986,2.0,62.286865,28.98164,0.0,0.0,100.0,-7.0,7.0,8.0,35.0,2.0,24.0,0.0,5.0,4.2148533,63.97381,-8.0,7.3248296,2.0,4.011114,71.0,1.0
70.0,70.85572,17.662786,54.778328,6.6488237,0.0,0.0,88.21193,24.782557,6.0,6.0,7.299889,0.0,78.46807,0.0,3.0,2.0,-0.95543957,-8.0,0.0,-8.0,0.0,45.870636,1.0
65.0,52.640926,16.106592,58.409576,29.0,0.0,0.0,100.0,-7.0,7.0,8.0,33.581226,0.0,50.0,0.0,1.0,1.0,56.538223,98.859474,5.0,2.0,4.166798,66.04439,1.0
65.53261,78.37361,19.168924,36.164494,2.496615,0.0,0.0,100.0,-7.0,7.0,8.0,5.2338185,0.0,65.81189,0.0,0.0,0.0,119.97324,59.830753,2.0,2.0,0.0,100.0,1.0
64.07208,222.159,-7.153243,61.0,14.0,3.140918,0.0,76.17073,52.639286,6.0,3.0,18.0,6.0,45.693474,-7.0,1.0,1.0,43.638588,88.0,5.0,4.0,0.0,75.0,1.0
64.0,142.37506,1.0,68.0,22.0,2.0,0.0,85.65949,35.639526,6.0,2.9755807,24.238304,4.0,-8.471488,4.0,0.0,0.0,34.862534,-8.0,11.0,1.0,2.0,57.0,1.0
63.00081,118.08849,1.0,47.53473,43.86069,0.0,0.0,94.97624,28.748785,6.0,6.0,45.726868,5.0,16.301798,5.0,1.0,1.0,56.15214,71.45475,8.0,3.0,3.0,60.0,1.0
60.504635,112.311424,3.0,68.0,20.645185,0.0,0.0,100.0,-7.0,7.0,8.0,20.0,3.0,24.0,0.0,2.0,2.0,89.30542,34.030876,9.0,3.0,3.732162,89.384094,1.0
69.8896,114.57834,3.0,-9.0,14.711259,1.0,0.0,91.0,10.259394,6.0,5.0,17.84506,2.0,36.0,0.0,3.0,3.0,0.9612328,-8.0,1.0,1.0,0.0,57.0,1.0
65.33088,118.54622,3.0,68.0,28.984104,2.0,1.0,89.48423,8.00804,4.918743,5.0,35.0,3.0,59.325573,0.0,2.0,2.0,78.90543,85.28276,3.0,4.0,2.0,82.999855,1.0
66.15472,154.8074,9.0,47.735165,20.0,1.0,0.0,88.395,51.737164,6.0,3.0,23.0,4.0,35.0,0.0,0.0,0.0,58.41482,62.47176,15.981706,2.0,4.6397195,100.0,1.0
65.0,130.16396,10.0,42.44502,9.14539,0.0,0.0,100.0,-7.0,7.0,8.0,5.3995214,1.0,60.757545,2.0,0.0,0.0,119.332405,67.559296,3.0,3.0,2.0,100.0,1.0
72.0,147.18321,3.5860312,52.720768,8.459648,0.0,0.0,100.0,-7.0,7.0,8.0,19.0,2.0,0.0,1.0,0.0,0.0,70.57729,30.26276,4.0,1.0,1.0,57.0,1.0
68.0,137.14217,7.0,32.48255,-9.0,0.0,0.0,100.0,-7.0,7.0,8.0,-9.0,3.0,99.992775,0.0,1.4896095,1.7604809,-0.9585431,-8.0,-9.0,1.0,0.0,100.0,1.0
74.0,206.31458,20.0,93.047295,5.2131352,0.0,0.0,69.89204,22.334589,6.0,6.0,8.39267,0.0,57.521626,0.0,1.4883975,1.0,0.0,-8.0,1.0,-8.0,0.0,50.0,1.0
-9.0,132.08348,23.246187,57.25626,5.9026313,4.9041824,0.0,-9.0,42.4101,6.0,5.0,7.0,0.0,97.05827,0.0,2.0,1.0,58.144398,-8.0,1.0,3.0,-9.0,100.0,1.0
75.83685,157.31752,4.0,41.21678,10.0,0.0,0.0,100.0,-7.0,7.0,8.0,9.0,4.0,61.92764,0.0,1.0,1.0,19.289064,96.6565,3.0,3.0,0.0,81.698074,1.0
68.0,84.64543,-9.0,43.891716,23.354696,2.0,1.921977,100.0,-7.0,7.0,8.0,26.0,7.598961,55.80375,0.0,2.0,2.0,23.213207,47.373432,4.0,11.196709,0.0,78.0,1.0
63.0,159.52109,9.0,77.43683,26.544945,0.0,0.0,87.68487,8.217915,6.0,6.0,31.307735,2.0,50.432777,0.0,1.0,1.0,44.47151,9.181003,6.0,4.0,0.0,83.0,1.0
66.0,131.64864,5.0,-4.6156645,22.0,3.0,0.0,92.35374,9.418433,4.0,3.0,23.726263,8.66022,55.295925,0.0,0.0,0.0,30.12638,94.09344,4.0,6.0,0.0,80.0,1.0
59.8092,-6.429341,6.0,-9.0,18.0,0.0,0.0,100.0,-7.0,7.0,8.0,15.920384,3.0,30.0,1.0,1.0,1.0,84.93621,-8.0,4.0,2.0,1.0,60.0,1.0
61.970806,62.82689,9.0,-9.0,6.0,0.0,0.0,100.0,-7.0,7.0,8.0,3.534637,1.0,33.0,-8.0,0.0,0.0,108.5937,-8.0,2.0,-8.0,1.0,62.73202,1.0
63.0,-8.0,3.0,19.029545,24.0,2.0,2.0,100.0,-7.0,7.0,8.0,26.0,6.0,43.656277,-8.0,0.0,0.0,57.703804,37.939804,4.0,3.0,1.0,80.882645,1.0
66.0,117.705894,27.571913,61.638187,13.772097,0.0,0.0,86.3615,47.47011,6.0,6.0,14.0,0.0,42.0,9.0,1.0,0.0,92.89412,-8.0,3.0,2.0,2.0,85.105385,1.0
60.52228,136.93716,22.207653,53.11575,13.0,1.0,1.0,87.496666,36.037415,6.0,5.953661,13.226998,0.0,39.018814,0.0,2.0,1.0,75.1326,-8.0,6.0,1.0,1.0,80.0,1.0
57.232296,201.81044,17.918577,68.0,12.01181,2.0,1.0,83.41505,10.621762,6.0,4.0,18.0,0.0,49.129345,-7.0,0.0,0.0,82.28896,81.93324,4.0,2.0,0.0,86.0,1.0
58.623585,122.83996,7.9554334,27.601492,25.0,0.0,0.0,100.0,-7.0,7.0,8.0,26.0,3.0,33.0,0.0,2.0,2.0,76.05139,9.360399,11.0,3.0,4.0,75.0,1.0
-9.0,207.5498,9.503483,68.0,20.0,2.195116,0.0,7.079001,1.4958906,-9.0,5.0,29.089828,1.0,75.14092,0.0,0.0,0.0,63.722893,80.0,2.0,3.330672,0.0,84.73206,1.0
82.4164,213.36293,33.809402,100.0,6.0,0.0,0.0,100.0,-7.0,7.0,8.0,13.0,0.0,22.35791,0.0,3.0,3.0,5.0,-8.0,1.0,-8.0,0.0,32.239677,1.0
68.521355,139.4663,16.0,54.668888,-9.0,0.0,0.0,100.0,-7.0,6.0,8.0,6.193582,0.0,21.0,0.0,3.0,3.0,76.4995,-8.0,4.0,-8.0,1.0,100.0,1.0
68.06885,140.34569,2.0,21.640856,15.0,0.0,0.0,100.0,-7.0,7.0,8.0,16.0,4.0,20.0,0.0,5.0,6.1465416,18.721075,-8.0,3.0,1.0,1.0,40.0,1.0
66.0,161.05733,67.46891,77.65893,-9.0,1.0,0.0,-9.0,-7.0,3.0,4.663228,11.0,0.0,39.126606,2.0,0.0,0.0,102.67849,-8.0,2.0,1.0,1.0,100.0,1.0
54.078773,148.60146,7.0,57.96712,16.36493,3.0,0.0,70.81389,4.0,2.4301274,5.0,22.01924,2.0,77.92239,-7.0,1.0,1.0,40.98568,22.419405,2.0,5.0,0.0,91.1228,1.0
7.6862493,-9.0,-9.0,-9.0,-9.0,-9.0,-9.0,-9.0,-9.0,-9.0,-9.0,-9.0,-9.0,-9.0,-9.0,-9.0,-9.0,-9.0,-9.0,-9.0,-9.0,-9.0,-9.0,1.0
62.0,8.925649,13.0,-9.0,-1.0088305,0.0,0.0,100.0,-7.0,7.0,8.0,5.0455804,0.0,0.0,0.0,3.0,3.0,79.32896,-8.0,4.7419524,1.0,1.0,100.0,1.0
64.456085,96.205315,3.0,58.0,5.6331816,3.0,1.0,69.65588,63.554268,6.0,2.0,6.7577567,2.0,60.90206,0.0,3.0,3.0,104.194435,99.091866,2.0,2.0,0.0,91.937706,1.0
73.0,144.4268,17.4568,83.17942,5.833546,0.0,0.0,100.0,-7.0,7.0,8.0,3.9805837,0.0,42.491524,0.0,3.0,3.0,54.834957,-8.0,1.0,1.0,0.0,56.0,1.0
67.26402,115.95781,19.9587,38.70209,5.052533,4.890295,0.0,58.535103,61.994442,6.0,2.0,9.0,0.0,31.0,0.0,1.0,1.0,94.148964,41.124767,4.0,2.0,0.0,100.0,1.0
68.0,187.89828,3.0962389,2.21295,11.062891,0.0,0.0,100.0,-7.0,7.0,8.0,15.0,2.0,68.29272,0.0,1.0,1.0,53.35369,96.140366,3.0,5.924263,1.0,80.0,1.0
64.6895,23.470951,6.0,-9.0,11.174739,0.0,0.0,100.0,-7.0,7.0,8.0,13.0,2.0,22.0,0.0,1.0,1.0,33.14235,-8.0,4.0,-8.0,2.0,57.0,1.0
65.0,-9.0,3.0,-9.0,8.254912,0.0,0.0,93.0,79.04668,6.0,6.0,12.0,6.0,16.194853,-7.0,3.0,3.0,51.51756,-8.0,6.0,2.0,1.0,67.0,1.0
16.771797,173.96799,4.0,44.19647,9.132314,0.0,0.0,85.05529,32.805622,6.0,5.955354,11.0,6.0,96.8678,3.9079928,5.266858,5.51735,24.432667,98.71632,2.0,4.0,0.0,100.0,1.0
71.0,104.70251,40.56016,66.90303,-9.0,0.0,0.0,65.237045,44.3081,6.0,6.0,3.882433,0.0,99.970406,-8.0,0.0,0.0,0.0,-8.0,-9.0,-8.0,-8.049025,88.0,1.0
62.013214,148.60707,13.218267,56.204067,12.137952,0.0,0.0,100.0,-7.0,7.0,8.0,17.0,0.0,51.927635,2.0,2.0,1.0,58.86079,-8.0,3.0,1.0,1.0,75.10678,1.0
67.0,81.2352,6.0,44.33514,6.0,2.0,2.2812948,100.0,-7.0,4.0,8.0,10.0,2.0,20.0,0.0,2.0,2.0,14.636324,-8.0,3.0,1.0,0.0,54.019386,1.0
21.747026,151.33788,30.739029,65.35089,-6.1084347,3.0210903,0.0,12.736376,-7.0,0.0,3.0,4.8647575,0.0,44.0,0.0,2.0,2.0,69.20456,41.071632,3.0,2.0,2.0,100.0,1.0
-9.0,154.87843,3.0,62.33963,25.415115,1.1482234,0.0,88.0,1.0,4.0,5.0,37.69638,3.0,50.0,-7.0,2.0,2.0,97.19601,95.98818,5.0,7.7122297,1.1140437,100.0,1.0
-9.0,31.09557,2.0,-9.0,26.0,1.0,0.0,80.13317,0.42321533,-9.0,4.0,28.0,6.0,86.37586,0.0,0.0,0.0,72.40316,89.188995,4.0,19.044468,1.0,86.0,1.0
65.513565,46.896507,10.0,46.363644,12.0,0.0,0.0,90.85475,53.35812,6.0,6.0,9.842079,2.0,63.87782,0.0,0.0,1.0,108.932014,91.0,2.0,2.0,4.0,84.95095,1.0
65.670265,-8.0,1.0,27.085762,14.0,0.0,0.0,100.0,-7.0,7.0,8.0,16.99714,1.0,42.0,0.0,1.0,2.0,0.0,70.05934,-9.0,2.0,0.0,33.0,1.0
72.0,196.5497,4.0,76.935715,15.0,1.0,1.0,85.27663,14.393064,6.0,4.0,17.0,1.5696672,30.636,0.0,3.0,2.7293463,1.0,85.10237,4.0,2.0,0.0,50.0,1.0
35.58257,124.75303,1.0,42.485973,14.566224,0.0,0.0,75.81026,11.695285,6.0,4.819657,20.0,6.0,33.0,0.0,4.89658,5.0,68.52858,48.94845,4.0,3.0,1.0,75.0,1.0
63.0,199.09239,1.3445499,84.0,40.182854,0.0,0.0,100.0,-7.0,7.0,8.0,47.9574,3.0,37.905087,0.0,6.3083663,6.1600895,55.29418,99.54645,6.0,7.9327984,3.653643,66.73283,1.0
67.0,84.149994,2.631679,62.474586,14.081433,0.0,0.0,93.18014,52.372494,6.0,6.0,9.0,1.0,31.0,2.0,1.0,1.0,49.04274,-8.0,4.0,1.0,0.0,80.0,1.0
-9.0,82.25354,6.0,-9.0,14.0,2.0,0.0,76.21296,18.558147,5.0,3.0,18.0,4.0,36.0,-7.0,4.0,3.9609,114.625755,-8.0,5.0,3.2102733,1.0,100.0,1.0
59.154896,96.955444,-9.0,33.374344,10.406176,0.0,0.0,100.0,-7.0,7.0,8.0,7.8282313,4.6743965,14.0,2.1334717,3.0,3.0,76.190834,-8.0,4.0,2.0,6.8482504,57.0,1.0
70.0,120.99269,10.0,42.861614,14.0,0.0,0.0,100.0,-7.0,7.0,8.0,9.424871,2.0,27.0,0.0,0.0,0.0,57.476715,50.05486,7.0,2.0,0.0,64.0,1.0
65.0,215.32973,3.0,86.76852,15.0,4.6501865,0.0,71.63676,10.875787,4.0,3.0,24.0,3.0,60.029728,9.973936,0.0,0.0,59.346584,84.34472,2.0,2.0,1.0,88.0,1.0
57.497334,104.96257,5.0,41.71695,19.0,0.0,0.0,90.0,45.36078,6.0,6.0,19.0,2.0,81.78537,0.0,0.0,0.0,68.89263,64.38678,4.0,6.0,1.0,100.0,1.0
63.746147,386.59836,1.0,139.65573,28.0,1.0,0.0,85.211555,7.3044586,4.0,6.0,31.0,2.0,21.0,2.0,2.0,2.0,36.0,72.75869,10.083523,5.5384974,0.0,100.0,1.0
65.60398,111.21921,23.712103,51.229015,6.4048047,0.0,0.0,100.0,-7.0,6.0,8.0,9.0,0.0,45.0,0.0,1.0,1.0,53.307735,62.03173,2.0,2.0,1.0,71.0,1.0
74.0,139.93062,22.003283,52.666016,2.9943266,1.0,0.92179453,85.86785,67.76369,6.0,4.6817627,7.0,0.0,63.94574,0.0,0.0,0.0,0.0,-8.0,1.0,1.0,-9.0,75.0,1.0
-9.0,74.21684,6.0,44.303547,-9.0,4.045761,0.0,61.551258,10.465624,4.0,4.0,5.441703,0.7830162,35.0,0.0,2.0,1.219833,77.2776,-8.0,1.0,1.0,1.0,64.0,1.0
61.61831,-7.4517217,10.0,52.152004,26.0,0.0,0.0,100.0,-7.0,7.0,8.0,24.0,1.0,50.0,0.0,0.0,0.0,94.65499,99.71671,7.930797,3.0,6.8325562,86.0,1.0
69.0,281.93088,5.0,65.0,42.560257,0.0,0.0,100.0,-7.0,7.0,8.0,39.0744,3.0,33.0,0.0,2.0,2.0,26.427948,32.433548,11.171985,5.0,1.0,75.0,1.0
66.0,310.409,11.0,94.0,31.931114,0.0,0.0,100.0,-7.0,7.0,8.0,35.0,1.0,46.58132,-7.0,1.0,1.0,94.607445,39.069736,6.0,5.4940476,1.0,100.0,1.0
-9.0,241.73491,3.0,79.91709,20.0,1.0,0.0,86.703354,5.779725,6.0,5.0,23.0,2.0,53.82533,0.0,2.0,2.0,82.10413,38.733402,4.0,5.0,3.0,75.0,1.0
81.0,139.46582,33.83354,-9.0,9.0,0.0,0.0,100.0,-7.0,7.0,8.0,9.182732,0.0,99.797134,-8.0,0.0,0.0,-0.045679163,-8.0,1.0,-8.0,0.0,50.0,1.0
61.965805,135.28847,2.0,26.41494,13.0,3.4843338,3.6294389,90.26422,50.78008,6.0,5.0,19.0,4.650916,42.9886,-7.0,1.0,1.0,71.70669,90.15916,6.8561873,3.0,0.0,91.085526,1.0
-9.0,164.31425,8.0,27.586706,12.0,1.0,0.0,70.05788,1.6930366,0.0,5.0,14.531629,1.0,63.390144,0.0,0.0,0.0,18.19831,77.212746,2.0,2.0,0.0,57.0,1.0
60.714775,79.692,1.3032981,-9.0,7.0,0.0,0.0,92.0,49.877487,6.0,6.0,6.0296087,4.146245,55.207554,-7.0,7.871868,6.6327944,69.68771,92.2912,2.0,4.0,0.0,75.0,1.0
65.0,162.85558,3.0,71.0,9.826661,1.1169481,1.0,100.0,-7.0,7.0,8.0,7.5726805,4.0,21.253433,0.0,1.0,1.8698902,79.99366,-8.0,5.0,1.0,1.0,91.59652,1.0
61.67368,44.73958,15.0,17.750154,-9.0,0.0,0.0,100.0,-7.0,7.0,8.0,0.4883168,0.0,50.0,-8.0,1.0,1.0,89.08841,71.231735,2.0,2.0,0.0,83.0,1.0
65.0,112.93404,4.2750087,44.647266,15.0,0.0,0.0,97.0,24.7243,6.0,6.0,9.0,3.0,37.0,8.493876,1.331102,1.0,56.967255,66.872536,4.0,3.0,1.0,87.46329,1.0
56.29871,-4.6814556,7.0,-9.0,14.0,0.0,0.0,100.0,-7.0,7.0,8.0,15.07772,1.0,36.0,0.0,0.0,0.0,85.506805,52.502632,6.0,3.0,3.0,82.38604,1.0
63.255356,144.41301,4.0,63.0,13.0,4.434586,3.9412668,94.8494,1.4971032,6.0,8.0,17.0,2.0,99.653854,0.0,0.0,0.0,1.0,80.0,0.0,4.0,-9.0,83.0,1.0
56.68421,78.86985,3.0,65.0,14.0,2.0,1.0,67.81166,26.409784,6.0,5.0,21.88114,4.0,49.791042,2.0,3.9548187,3.0,58.717422,60.87523,5.0,3.0,1.0,74.75257,1.0
70.952,113.84766,1.0,24.098888,-9.0,0.0,0.0,100.0,-7.0,7.0,8.0,3.9778576,9.843011,36.0,1.5688133,1.0,1.6124599,35.566994,100.0,3.0937538,2.0,0.0,88.457466,1.0
70.0,334.04987,7.0,80.0,13.0,1.0,1.0,83.86209,15.089582,4.0,4.0,16.0,1.0,33.0,1.0,1.0,1.0,23.660006,83.95289,3.0,2.0,0.0,67.0,1.0
75.0,19.023373,1.0,-9.0,-9.0,0.0,0.0,100.0,-7.0,7.0,8.0,9.0,3.0,-9.0,0.0,1.0,1.0,9.0,35.42015,1.0,1.0,0.0,57.0,1.0
66.0,-8.517498,14.0,11.005149,12.0,0.0,0.0,100.0,-7.0,7.0,8.0,12.730253,0.0,50.0,0.0,0.0,0.0,98.91915,57.715084,3.0,2.0,1.0,83.0,1.0
65.0,141.85797,6.0,72.262634,39.0,1.0,0.0,94.0,33.07525,6.0,5.0,43.626545,3.4819155,35.0,2.0,3.0,3.0,33.838634,70.136284,11.0,5.0,4.0,75.0,1.0
70.0,133.43956,5.125286,23.97847,9.0,0.0,0.0,100.0,-7.0,7.0,8.0,8.170639,3.0,45.365696,0.0,1.0,1.0,17.418232,-8.0,3.0,1.0,0.0,90.16664,1.0
1.7365063,92.99915,10.0,34.92164,13.0,2.0,1.2148033,89.0,27.326029,4.0,4.0,5.64708,5.2362685,98.45817,0.0,2.0,2.0,18.62242,91.89645,1.0,6.0,0.0,77.01737,1.0
64.0,135.20049,22.125317,52.442078,3.4204712,1.0,1.0,100.0,-7.0,7.0,8.0,5.8818593,0.0,77.98301,10.391167,0.0,0.0,114.422424,-8.0,1.0,2.0,0.0,100.0,1.0
64.59531,-9.0,1.0,-9.0,-9.0,0.0,0.0,100.0,-7.0,7.0,8.0,1.0276543,5.0,53.653282,-8.0,1.0,1.0,6.5469613,83.64768,2.0,1.0,-8.0,83.0,1.0
65.0,169.0025,11.0,70.0,11.302587,1.0,0.0,86.164955,31.29921,6.0,5.8633895,7.228156,0.0,70.17204,0.0,3.0,3.0,116.83398,-8.0,3.0,1.0,0.0,100.0,1.0
35.34386,156.42618,4.0,53.175705,5.7687545,1.0,0.0,83.66082,8.874302,4.0,3.0,5.417043,2.0,33.0,-7.0,0.0,0.0,101.649536,59.38033,3.0,2.0,3.0,78.48259,1.0
68.917595,117.32948,3.0,5.1512017,13.0,0.0,0.0,77.416214,21.06647,4.0,6.0,14.0,5.0,24.269667,1.0,0.0,0.0,34.65724,95.92787,3.0,4.0,1.0,60.0,1.0
-9.0,118.04311,12.0,74.0,29.0,1.0,1.0,68.69835,8.469273,6.0,2.0,31.0,1.0,38.602787,2.0,1.0,1.0,72.056984,31.33406,22.957344,2.0,4.5388336,80.0,1.0
-9.0,53.324883,4.0,31.29395,19.0,0.0,0.0,100.0,-7.0,4.0,8.0,17.0,2.0,42.0,1.0,3.0,2.9058535,118.23699,73.61443,10.126758,3.0,5.643859,100.0,1.0
-9.0,99.22564,15.739352,39.603603,9.0,1.0,0.0,87.848145,9.406845,4.0,5.0,7.963724,0.0,41.0,9.0,0.0,0.0,73.94551,88.0,4.0,2.5089426,1.0,100.0,1.0
62.22414,151.69922,4.0,41.044426,25.0,0.0,0.0,94.0,22.714937,6.0,6.0,33.99797,4.672177,40.0,0.0,1.0,1.0,82.85722,72.11304,8.990286,4.0,1.0,100.0,1.0
63.0,268.8373,2.3672013,56.940887,26.841784,3.0,2.0,84.945694,0.4417802,4.6172056,4.0,27.433088,4.0,20.0,1.0,4.0,4.0,35.217052,84.56105,9.0,3.0,1.0,60.0,1.0
65.93785,119.78651,2.0,29.617756,15.0,0.0,0.0,100.0,-7.0,7.0,8.0,15.0,2.0,45.0,0.0,1.0,1.0,62.05167,63.75645,4.0,4.0,1.0,89.44722,1.0
57.549793,131.62138,5.0,72.0,18.0,1.0,1.0,81.9433,32.50777,4.0,5.0,23.3763,2.0,57.073074,0.0,4.0,3.0,45.75262,93.0,4.0,3.0,1.0,71.586044,1.0
-9.0,199.62157,8.063311,100.0,25.379086,1.0,0.0,76.58721,10.191638,4.0,4.239762,29.0,2.0,33.0,1.0,0.0,0.0,110.67123,87.67512,11.0,3.0,10.7928095,88.35586,1.0
-9.0,94.990616,3.0,-9.0,3.502616,3.0801306,2.776325,100.0,-7.0,7.0,8.0,7.0,4.424511,52.30378,0.0,3.0,2.6110134,64.69584,99.34328,2.0,4.0,0.0,78.99754,1.0
-9.0,91.39349,9.0,30.923002,18.0,0.0,0.0,95.0,2.0,6.0,6.0,19.783033,0.0,20.0,0.0,0.0,0.0,119.33285,-8.0,8.396171,2.0,4.0,100.0,1.0
65.03225,147.81073,3.0,63.384895,25.0,3.3515959,3.5614288,81.75615,11.490284,4.0,6.0,24.0,2.0,26.291515,0.0,2.0,2.0,23.86481,94.81889,6.0,4.0,1.0,86.0,1.0
56.172348,151.50735,5.0,42.76359,-9.0,3.6768324,2.2032797,62.077065,26.454258,4.0,4.0,5.0523276,3.0,40.398643,-5.970896,1.0,1.0,86.5744,-8.0,2.0,-8.0,1.0,83.0,1.0
66.40293,142.59546,10.0,67.0,28.0,0.0,0.0,85.61615,21.796364,6.0,6.0,30.263494,2.0,25.0,2.0,3.0,3.0,41.59816,62.959824,5.0,3.0,0.0,67.0,1.0
70.50342,249.42307,5.0,81.0,15.0,2.3266792,1.0,85.01135,24.45795,4.0,2.0,18.472813,4.0,72.144455,0.47780183,0.0,0.0,39.372795,100.0,4.0,5.0,1.0,80.0,1.0
71.0,169.63815,4.0,29.928328,26.0,0.0,0.0,100.0,-7.0,7.0,8.0,32.896362,5.0,28.0,0.0,2.0,2.0,64.47452,-8.0,7.0,3.0,1.0,78.1704,1.0
55.720154,158.82054,4.0,66.00651,38.379116,1.0,0.0,98.0,6.700572,0.052387048,6.0,38.0,4.0,21.499702,2.0,0.0,0.0,66.42546,-8.0,10.801817,2.0,8.243583,69.76256,1.0
65.0,33.437366,13.0,48.594208,13.0,1.0,1.0,83.95366,-7.0,4.0,4.0,15.976949,0.0,47.138096,3.0,0.0,0.0,51.821995,45.024284,4.0,3.0,0.0,100.0,1.0
54.655193,-8.250095,1.0,-9.0,10.9476795,0.0,0.0,100.0,-7.0,7.0,8.0,9.0,6.0,21.0,0.0,3.0,3.0,68.92958,74.63238,5.0,2.0,5.3117943,70.47194,1.0
68.05987,167.39272,4.0,57.37035,12.082992,0.0,0.0,91.456924,28.433067,6.0,6.0,12.928046,1.0,41.681923,0.0,4.4416227,5.0,62.627426,-8.0,2.0,2.0,0.0,67.0,1.0
-9.0,12.944152,4.448623,-9.0,13.92979,0.0,0.0,100.0,-7.0,7.0,8.0,13.579137,4.0,44.0,0.0,3.0,2.538678,118.64076,92.08388,4.0,3.0,4.0,80.000916,1.0
62.0,-7.7167616,21.815115,33.439716,7.2450004,2.0,2.0,88.13786,48.031162,6.0,2.0,3.6049147,0.0,98.31986,0.0,0.0,0.0,80.93978,49.66166,1.0,1.0,0.0,100.0,1.0
-9.0,142.05682,9.0,61.0,14.0,0.0,0.0,86.56695,4.0,4.0,6.0,14.0,2.0,55.22172,6.267147,0.0,0.0,119.49283,-8.0,5.0,2.0,3.9438674,100.0,1.0
59.048798,421.43863,22.58155,100.291176,25.0,1.0,1.0,80.587006,14.911727,3.0,2.0,29.0,0.0,1.4373579,0.0,0.0,0.0,93.87959,-8.0,9.877752,1.0,4.4788904,71.0,1.0
-9.0,81.17994,8.0,11.490673,6.1805882,2.1960628,0.0,-9.0,-7.0,3.0,3.0,7.894839,3.0,61.12004,3.979645,0.0,0.0,8.10397,73.518265,2.0,2.0,1.0,100.0,1.0
-9.0,175.89653,3.0373797,46.559235,17.0,0.0,0.0,88.0,1.0,4.0,6.0,11.23281,2.0,50.90869,0.0,0.0,0.0,62.02832,49.478245,5.0,4.0,3.0,83.0,1.0
77.0,153.9648,35.675056,55.649746,-5.718748,0.0,0.0,100.0,-7.0,7.0,8.0,1.2185571,0.0,99.99832,0.0,1.8428447,1.0,0.0,69.04936,-0.24166164,1.0,0.0,100.0,1.0
69.0,224.74335,5.0,56.03799,8.0,0.0,0.0,87.48536,2.0,0.0,6.0,12.0,3.0,22.0,0.0,0.0,0.0,60.40788,-8.0,2.0,1.0,0.0,50.0,1.0
62.94425,111.680824,2.280339,44.37331,33.0,0.0,0.0,100.0,-7.0,7.0,8.0,33.0,6.0,58.852325,1.0,2.0,3.0,41.63074,95.296776,8.0,2.0,3.0,78.547226,1.0
-9.0,301.15985,11.0,118.43189,30.0,3.0,0.0,68.28535,1.0,0.0,5.0,29.0,2.8542757,27.0,4.0,3.0,3.0,84.019264,76.0,9.0,2.4335177,4.6947675,99.075455,1.0
-6.094456,65.13023,4.0,26.690145,18.0,1.0,0.0,92.0,17.45352,6.0,5.0,19.0,3.0,50.0,0.0,4.0,4.0,113.49085,73.23075,6.0,4.9106474,1.0,100.0,1.0
63.0,79.248985,5.0,-4.011935,12.503856,0.0,0.0,100.0,-7.0,7.0,8.0,9.0,3.0,20.0,0.0,4.0,3.8303046,32.695786,-8.0,6.0,-8.0,4.0,70.0,1.0
72.0,117.67367,3.0,-9.0,12.0,1.0,0.0,96.0,73.38217,6.0,5.0,15.0,4.0,36.727936,0.0,0.0,0.0,47.363995,81.13888,3.0,2.0,0.0,69.99914,1.0
64.0,161.31787,2.0,45.554657,10.0,0.0,0.0,100.0,-7.0,7.0,8.0,9.449266,4.0,28.0,7.0,1.0,2.0,69.23974,-8.0,8.0,1.0,2.0,81.98645,1.0
-9.0,45.689194,19.012074,17.45664,5.8626237,1.0,1.0,100.0,-7.0,7.0,8.0,9.0,0.0,100.0,0.0,1.0,1.0,-4.364268,-6.4662123,-9.0,1.0,-9.0,83.0,1.0
58.785816,66.597404,6.0,-5.64741,8.0,1.0,1.0,100.0,-7.0,7.0,8.0,3.7462792,6.0,78.721054,0.0,2.0,2.0,80.82099,99.73813,2.0,7.63507,1.0,100.0,1.0
63.0,133.44539,14.0274725,41.55248,9.571978,1.0,0.0,76.23561,12.32796,4.0,5.0,9.853138,0.0,50.0,0.0,0.0,0.0,97.594505,-8.0,2.0,2.0,0.0,71.0,1.0
68.0,-9.0,6.0,44.32712,6.0,1.0,1.0,100.0,-7.0,7.0,8.0,5.994585,2.0,99.51919,-7.0,3.0,2.0,7.9215975,100.0,0.0,2.0,0.0,100.0,1.0
76.571396,103.043236,18.738855,62.350044,14.0,0.0,0.0,100.0,-7.0,7.0,8.0,15.6064205,0.0,58.15255,-7.0,1.0,0.0,0.0,76.0,-1.2752758,1.3553965,0.0,33.0,1.0
62.0,-9.0,1.0,-9.0,11.0,0.0,0.0,100.0,-7.0,7.0,8.0,8.243024,5.0,37.31168,1.0,1.0,1.0,44.973743,92.661354,2.8424454,2.0,1.0,83.991264,1.0
56.48168,154.43184,5.0,72.0,25.0,0.0,0.0,81.867966,29.763378,4.0,6.0,32.261295,1.0,11.0,0.0,5.0,4.0,115.70384,97.13532,11.0,3.0,3.0,100.0,1.0
64.44896,99.874344,8.0,75.53953,19.0,0.0,0.0,100.0,-7.0,6.0,8.0,20.0,2.0,50.0,-7.0,0.0,0.0,86.1491,67.86485,6.2957215,2.0,3.0,75.0,1.0
66.737495,168.2286,4.0,52.41233,8.0,0.0,0.0,85.89045,5.795527,6.0,6.0,7.0,3.0,49.022854,1.0,1.0,1.0,25.045563,-8.0,3.0,1.0,1.0,74.326454,1.0
56.539917,-8.880501,4.0,-8.8558035,19.0,1.0,1.299842,100.0,-7.0,7.0,8.0,20.0,2.874309,28.0,0.0,3.0,2.9163165,59.694042,76.48074,8.0,2.0,0.0,59.29083,1.0
-9.0,164.92093,4.0,39.897224,15.0,6.310788,2.529285,84.74166,54.34757,6.0,6.0,23.0,4.0,61.319817,-7.0,4.0,3.6978621,41.77051,100.0,3.0,4.0,0.0,71.0,1.0
-9.0,181.77837,4.322766,66.38657,4.649202,0.0,0.0,88.0,23.112692,6.0,6.0,6.5847397,3.0,-9.0,1.0,2.0,2.0,92.90866,-8.0,4.0,-8.0,3.8620124,70.0,1.0
56.646004,156.42636,1.0,75.0,15.0,7.490004,6.509808,82.380585,1.0,-9.0,6.0,14.0,4.0,43.0,1.0,5.0,5.1893425,32.0,97.102554,4.0,2.0,1.0,60.0,1.0
70.0,99.29907,6.0,63.61519,12.0,0.0,0.0,100.0,-7.0,7.0,8.0,16.0,3.8188925,62.255104,0.0,0.0,0.0,76.42332,70.07127,2.0,2.0,0.0,100.0,1.0
66.0,-7.1675067,20.0,-9.0,-9.0,0.0,0.0,100.0,-7.0,7.0,8.0,2.6460958,0.0,43.0,0.0,0.0,0.0,113.33749,53.862694,2.0,1.0,0.0,89.7888,1.0
63.71274,117.17577,5.0,53.561687,28.0,0.0,0.0,100.0,-7.0,7.0,8.0,37.152164,3.0,66.33213,1.0,2.0,1.8368388,66.78809,25.478018,3.0,4.0,0.0,73.0,1.0
-9.0,-9.0,2.0,-9.0,4.053981,0.0,0.0,100.0,-7.0,7.0,8.0,6.5033565,3.0,39.244465,0.0,1.0,1.0,76.9233,-8.0,2.0,1.0,0.0,83.295,1.0
63.80131,151.71211,2.0,48.0514,6.4867854,1.0,0.54844683,77.70278,21.998814,6.0,2.0,8.0,2.0,33.018158,0.0,2.0,2.0,85.84843,83.99833,2.0,2.0,0.0,75.40701,1.0
69.0,219.79753,4.0,76.0,14.0,0.0,0.0,100.0,-7.0,7.0,8.0,14.0,2.0,75.63198,0.0,1.0,1.0,88.498924,82.0,2.0,4.835534,2.0,100.0,1.0
65.049545,139.29568,4.0,44.759605,15.123704,3.0407586,1.0,77.104004,35.87102,6.0,5.0,21.147354,3.0,67.46093,0.0,3.0,3.3983955,69.35443,67.096855,4.0,2.0,0.0,100.0,1.0
-9.0,189.45358,19.896305,68.61001,33.0,0.0,0.0,84.259285,3.5021286,5.2182446,6.0,33.42272,0.0,37.512947,0.0,3.0,3.0,117.66488,-8.0,8.0,3.0,5.82513,83.0,1.0
60.53633,-1.3562655,6.0,-9.0,-9.0,0.0,0.0,100.0,-7.0,7.0,8.0,-3.6594212,7.549306,54.563145,0.0,1.0,1.0,75.74199,76.10245,3.374948,2.0,0.0,100.0,1.0
61.310116,191.5488,10.0,72.46737,27.0,0.0,0.0,87.06591,3.0,-0.11762623,6.0,23.44429,2.0,23.991344,13.337786,0.0,0.0,84.85967,80.0,6.0,2.0,3.0,100.0,1.0
68.0,107.63231,21.433449,25.609594,5.838288,0.0,0.0,100.0,-7.0,7.0,8.0,8.0,0.0,72.3812,-7.0,2.0,2.0,55.48547,88.32452,2.0,3.0,0.0,100.0,1.0
70.15361,-9.0,10.0,-9.0,9.0,0.0,0.0,100.0,-7.0,7.0,8.0,14.453578,0.0,-9.0,0.0,1.0,2.0,53.82333,51.356724,4.0,1.0,0.0,58.0,1.0
70.0,-9.0,10.289587,-9.0,-9.0,0.0,0.0,100.0,-7.0,7.0,8.0,-9.0,0.0,43.587036,-8.0,0.0,0.0,58.862434,-8.0,1.0,1.0,0.0,88.42686,1.0
70.100204,-8.058121,19.364815,-9.0,-9.0,0.0,0.0,100.0,-7.0,7.0,8.0,2.549675,0.0,99.99918,1.0,0.0,0.0,-9.0,69.808914,-9.0,1.0,0.0,56.0,1.0
74.0,122.28458,8.0,32.430153,8.0,0.0,0.0,100.0,-7.0,7.0,8.0,12.678603,1.0,36.0,-8.0,0.0,0.0,11.399725,-8.0,3.0,1.4995247,0.0,76.22607,1.0
-9.0,183.5024,7.0,80.0,21.0,0.0,0.0,63.270676,9.652218,6.0,6.0,21.349558,2.0,33.0,-7.0,2.0,2.0,119.393265,-8.0,10.886949,1.0,9.450443,100.0,1.0
71.0,182.4795,16.0,99.74579,9.285728,0.0,0.0,83.0339,4.0,4.0,5.0,14.0,0.0,43.533882,-8.0,0.0,0.0,74.77267,73.30721,4.935017,2.0,0.0,100.0,1.0
68.0,136.38644,6.0,52.5432,19.0,3.0,0.0,95.11962,56.823788,6.0,3.0,24.0,4.5608506,50.0,8.0,0.0,0.0,57.230793,82.0,4.0,4.0,0.0,73.63521,1.0
-9.0,106.38201,3.0,-9.0,20.0,0.0,0.0,100.0,-7.0,4.0,6.0,26.0,5.0,19.0,0.0,1.0,1.0,52.83561,88.0,8.0,3.0,1.0,50.2737,1.0
65.0,123.83787,4.2978563,21.875004,15.0,1.0,1.0,100.0,-7.0,7.0,8.0,15.0,3.0,40.577152,1.0,1.0,1.0,36.80881,24.06589,2.0,3.0,1.0,52.372658,1.0
63.77352,150.04854,5.0,75.66584,33.00305,1.0,0.0,94.0,17.666061,6.0,4.0,38.050613,1.0,20.0,1.0,0.0,0.0,69.29115,50.73806,6.0,3.0,8.435726,75.0,1.0
68.0,273.1695,43.80471,94.0,8.736519,1.0,1.0,79.073845,-7.0,0.0,6.0,8.942052,0.0,36.0,0.33067983,2.0,1.6336902,71.407425,-8.0,2.0,2.0,0.0,80.0,1.0
70.0,119.036896,33.148514,78.192184,-9.0,0.0,0.0,100.0,-7.0,7.0,8.0,-9.0,0.0,80.00557,0.0,0.0,0.0,36.970577,-8.0,0.0,1.0,-9.0,100.0,1.0
63.0,170.30157,11.0,93.0,4.02267,4.629316,2.7985454,77.66926,4.9200172,0.0,6.0,9.0,1.0,58.88758,0.0,4.0,4.0,105.5477,-8.0,2.0,2.0,1.0,80.0,1.0
75.0,94.44254,8.0,62.78411,14.0,0.0,0.0,85.68819,24.200476,6.0,5.886857,14.0,2.0,56.513275,0.0,3.0,3.0,20.246859,-8.0,2.0,-8.757745,0.0,44.0,1.0
69.0,76.66315,26.948309,48.406353,38.45821,0.0,0.0,100.0,-7.0,7.0,8.0,41.336193,0.0,13.0,0.0,1.0,1.0,51.853672,-8.0,6.0,2.0,1.6668942,57.0,1.0
64.50867,97.61222,14.556561,49.034786,15.0,0.0,0.0,100.0,-7.0,7.0,8.0,9.0,0.0,56.62822,-8.0,2.0,2.0,116.2624,17.970135,4.0,2.0,1.0,75.0,1.0
68.0,176.44888,3.0,42.756317,20.0,0.0,0.0,94.0,11.52365,6.0,6.0,24.0,4.0,60.295673,0.0,2.0,2.0,11.0,80.90919,2.0,4.0,0.0,75.0,1.0
64.02652,152.26895,6.0,-4.309,18.0,0.0,0.0,100.0,-7.0,7.0,8.0,16.935528,3.0,41.292645,0.0,1.0,1.0,55.20725,53.225643,5.297821,2.0,0.0,100.0,1.0
63.40584,-9.0,7.0,-9.0,15.0,0.0,0.0,96.0,36.6981,6.0,6.0,19.0,6.0,18.0,0.0,0.0,0.0,35.97236,-8.0,6.0,1.0,1.3008387,52.295986,1.0
58.88691,181.65834,2.0,46.176136,30.0,3.8251355,0.0,78.29587,3.0,6.0,2.0,31.0,2.0,18.006948,1.0,1.0,1.0,46.178143,81.38508,12.723677,2.0,0.0,67.0,1.0
-9.0,-9.0,2.0,-9.0,-9.0,0.0,0.0,100.0,-7.0,7.0,8.0,-9.0,3.0,98.88763,-7.0,2.0,2.0,40.165215,94.76451,2.0,1.0,-9.0,100.0,1.0
69.331696,162.42494,7.4002047,61.0,6.0,0.0,0.0,100.0,-7.0,7.0,8.0,11.0,0.0,72.561066,0.0,2.0,2.0,56.59463,87.08985,1.0,7.072201,0.0,83.0,1.0
64.88516,151.98187,9.0,71.0,15.0,2.0,1.0,95.0,16.868956,4.0,3.0,14.001033,2.0,61.798805,0.0,1.0,1.0,87.91501,79.82742,4.0,5.0,3.0,100.0,1.0
67.0,261.76117,6.6001363,80.20557,10.0,0.0,0.0,84.16209,44.94394,6.0,6.0,12.0,1.0,38.0,0.0,3.0,3.0,30.270596,56.683514,3.0,4.0,1.0,68.88253,1.0
-9.0,-9.0,2.0,-9.0,9.0,1.0,0.0,100.0,-7.0,7.0,8.0,9.0,6.0,42.0,0.0,4.0,4.0,45.285095,77.39868,2.0,2.0,0.0,66.97332,1.0
75.0,90.32542,31.707935,63.008774,-9.0,0.0,0.0,100.0,-7.0,7.0,8.0,7.0,0.0,22.62212,1.0,1.0,1.0,21.19738,-8.0,2.0,-8.0,0.0,63.45866,1.0
60.766075,156.21503,4.0,69.774124,28.0,0.0,0.0,95.0,26.015247,6.0,5.8921905,30.480608,1.0,27.0,-7.0,0.9088347,0.0,78.86116,59.686237,9.0,2.0,3.189278,75.0,1.0
67.48345,109.97045,10.0,58.0,17.0,0.0,0.0,100.0,-7.0,7.0,8.0,19.0,1.0,12.887024,0.0,2.0,2.0,47.53314,-8.0,10.448504,-4.8673983,2.0,85.185104,1.0
61.3313,40.657776,1.0,-9.0,24.0,0.0,0.0,100.0,-7.0,7.0,8.0,32.25795,10.892273,13.384249,0.0,6.989207,7.252706,23.834986,100.0,4.0,4.0,1.0,46.920944,1.0
-9.0,210.16455,2.0,63.926613,3.6189232,1.0,0.0,75.4944,5.978897,3.0,3.0,9.0,2.0,98.567184,0.0,5.639098,5.276687,108.26269,50.299084,2.0,2.0,0.0,100.0,1.0
65.0,139.4342,2.0,58.0,39.0,0.0,0.0,97.0,31.642033,6.0,6.0,47.894753,10.932381,46.20298,0.0,6.4337344,6.4154677,45.386852,92.16648,7.0,7.251475,2.0,71.0,1.0
53.30534,125.76548,1.0,45.938473,28.0,1.0,1.0,100.0,-7.0,6.0,8.0,36.0409,4.0,50.0,0.0,3.0,3.0,72.73478,89.866035,18.484623,12.059262,3.7055235,83.0,1.0
58.285866,75.818344,2.0,-4.9064317,9.783929,0.0,0.0,100.0,-7.0,7.0,8.0,11.0,3.0,19.0,0.0,0.0,0.0,111.7537,44.104115,4.0,1.0,6.370724,100.0,1.0
60.14074,100.224014,4.0,-9.0,18.0,0.0,0.0,100.0,-7.0,7.0,8.0,18.0,4.0,42.0,0.0,14.094713,14.5045595,71.73647,85.33995,9.0,2.0,0.0,88.67674,1.0
-9.0,152.84726,1.0,32.428722,4.3725805,4.857588,2.9601595,56.816395,6.0,-9.0,6.0,8.970707,3.0,77.157135,0.0,3.0982506,3.1277127,91.65111,76.92768,1.0,3.0,0.0,80.0,1.0
65.41591,148.72127,7.0,62.66492,7.196476,1.68665,0.0,84.30669,10.535399,4.0,5.950141,7.463006,2.0,90.93822,0.0,1.0,1.0,2.0,-8.0,1.0,2.0,0.0,100.0,1.0
65.0,162.9583,3.0,41.885708,5.7020936,0.0,0.0,88.0,51.442486,6.0,6.0,9.0,2.0,68.30865,0.0,1.0,1.0,84.12312,80.12973,2.0,1.0,0.0,100.0,1.0
-9.0,166.78467,14.0804405,88.10654,10.0,1.0,1.0,75.7695,-7.0,0.0,2.0,12.0,1.0,33.0,2.0,0.0,0.0,113.05022,-8.0,6.0,1.0,3.0,100.0,1.0
-9.0,26.54539,1.9345545,-9.0,14.0,0.0,0.0,95.0,21.73419,6.0,6.0,14.556091,4.0,33.78406,0.0,2.0,1.2464206,71.00849,100.0,11.804457,2.0,2.0,85.96031,1.0
63.0,102.236755,20.0,49.25342,10.0,0.0,0.0,100.0,-7.0,7.0,8.0,10.125555,0.0,46.0,0.0,1.0,1.0,115.00245,55.88093,3.0,2.0,2.0,71.745865,1.0
60.836914,140.74414,6.0,62.851505,23.0,2.0,2.7502508,77.36892,8.268468,0.0,2.0,21.108047,3.6613812,29.608788,0.0,2.0,1.0,59.27214,63.20634,5.0,2.0,2.0,76.285515,1.0
55.796547,231.89163,21.244726,81.05602,14.0,1.0,1.0,70.71773,4.51628,0.4836651,6.0,15.0,0.0,22.080536,0.0,0.0,0.0,108.226715,-8.0,4.0,2.0,2.0,83.0,1.0
68.0,226.83856,10.682674,71.0,19.923597,0.0,0.0,100.0,-7.0,7.0,8.0,18.0,0.0,35.0,3.008329,2.0,1.0,94.17496,84.02744,7.0,3.0,2.0,85.24035,1.0
76.0,130.1417,18.832436,55.3382,-9.0,0.0,0.0,100.0,-7.0,7.0,8.0,0.59980637,0.0,95.89537,0.0,2.849681,2.0,-9.0,-8.0,-2.015844,-9.0,-9.0,37.345215,1.0
71.00191,114.70148,20.06876,66.30735,6.586331,0.0,0.0,100.0,-7.0,7.0,8.0,7.0,0.0,43.0,0.0,0.0,0.0,119.736595,-8.0,3.0,1.0,2.0,86.437454,1.0
70.0,133.19322,5.770913,37.432926,17.0,0.0,0.0,100.0,-7.0,7.0,8.0,19.0,3.0,96.0771,0.0,1.0,1.0,0.0,82.36258,1.0,4.0,-8.0,67.0,1.0
61.95933,127.52371,6.0,50.5396,41.884357,3.0582314,1.0,92.64061,13.180089,6.0,5.0,43.057247,6.8811855,40.67002,0.0,2.0,2.0,63.114086,61.2168,5.0,3.0,0.0,73.0,1.0
66.12633,173.80463,14.0,63.307148,20.0,0.0,0.0,100.0,-7.0,7.0,8.0,19.0,0.0,30.0,0.0,3.0,3.0,74.84314,71.03003,7.4920707,2.0,3.0,69.507866,1.0
58.998375,151.4023,5.0,24.77338,3.143652,0.0,0.0,100.0,-7.0,7.0,8.0,7.0,2.0,24.0,-7.0,0.0,0.0,91.05683,86.999985,2.0,2.0,1.0,83.0,1.0
36.377506,134.21957,4.0,58.52392,46.282177,2.9433699,0.0,95.65248,-7.0,6.0,6.0,47.665173,5.0,37.057667,12.0,0.0,0.0,91.25561,93.0,22.749372,4.7330923,5.722609,100.0,1.0
69.0,119.10985,15.0,31.234472,3.518595,2.9357736,0.0,87.47743,31.778448,6.0,4.0,4.135299,0.0,31.0,2.0,0.0,0.0,22.963806,-8.0,2.0,1.0,0.0,56.298573,1.0
66.536995,147.06976,12.857638,42.68892,28.0,0.0,0.0,100.0,-7.0,7.0,8.0,42.449856,1.0,36.49938,0.0,2.0,2.0,53.249332,93.231964,8.604118,2.0,2.0,79.39735,1.0
71.220535,76.29332,6.0,-9.0,6.4398007,0.0,0.0,90.0,23.515162,6.0,6.0,9.25891,3.0,13.36075,1.0,2.0,2.0,6.0,-8.0,4.0,1.0,0.0,69.651054,1.0
76.0,150.71053,3.0,65.0,7.0,0.0,0.0,85.36543,31.705044,6.0,6.0,9.0,2.0,37.0,0.0,3.0,3.0,0.0,-8.0,1.0,-8.0,0.0,43.0,1.0
70.0,-9.0,7.0,5.5350504,8.920204,0.0,0.0,100.0,-7.0,7.0,8.0,9.033484,2.0,25.073265,0.0,1.0,1.0,40.989616,-8.0,2.0,1.0,0.0,46.35955,1.0
59.285408,39.614227,9.0,-9.0,7.0,0.0,0.0,100.0,-7.0,7.0,8.0,11.0,3.0,54.74368,0.0,0.0,0.0,73.68028,79.11273,3.0,2.0,1.0,88.49863,1.0
64.0,225.90204,3.0,28.15054,9.0,0.0,0.0,100.0,-7.0,7.0,8.0,8.0,10.494815,21.0,0.0,5.696781,6.1233892,58.45263,37.818672,5.0,2.0,1.0,71.0,1.0
56.57102,140.50528,5.0,67.0,39.998722,0.0,0.0,95.63949,16.57993,6.0,6.0,36.125435,3.0,33.0,-7.0,4.0,4.0,75.1973,-8.0,11.537519,2.0,5.4823585,75.0,1.0
60.811024,134.48224,21.081596,46.01031,12.0,3.6781237,1.0,82.32106,13.115214,4.0,2.0,15.214373,0.0,44.0,-7.0,8.4153385,6.2641983,74.75955,-8.0,6.0,3.0,3.0,100.0,1.0
-9.0,48.850697,-3.0214949,-9.0,8.266931,0.0,0.0,100.0,-7.0,7.0,8.0,9.0,9.6980095,57.04261,-7.0,4.0,3.851478,63.250248,91.0,2.0,3.0,1.0,70.0,1.0
60.768684,145.90201,3.0,50.23776,28.909386,0.0,0.0,100.0,-7.0,7.0,8.0,35.0,8.325727,31.0,0.0,4.55356,4.0,76.58071,84.456314,10.542023,4.0,4.0,75.0,1.0
76.35064,65.94546,3.0,-9.0,11.373265,0.0,0.0,100.0,-7.0,7.0,8.0,14.0,4.0,23.195162,0.0,3.0,3.0,12.0,-8.0,2.0,1.0,0.0,43.77348,1.0
69.0,125.7728,1.6449761,59.05058,17.85878,0.0,0.0,100.0,-7.0,7.0,8.0,23.0,3.0,43.56412,-7.0,12.121231,13.787927,33.42175,97.99515,4.0,3.0,0.0,75.0,1.0
76.74621,116.04663,17.0,90.0,11.618626,0.0,0.0,88.0,16.34081,6.0,6.0,14.352934,0.0,8.0574465,0.0,0.0,0.0,33.140987,66.40622,2.0,1.0,0.0,54.648,1.0
60.28421,39.00637,6.0,-9.0,-9.0,0.0,0.0,100.0,-7.0,7.0,8.0,7.0,2.0,67.53827,-4.0765224,1.0,1.0,4.0,-8.0,1.0,-8.0,0.0,75.0,1.0
63.0,141.30621,4.0,31.099094,9.0,1.0,1.0,100.0,-7.0,4.0,8.0,8.17888,2.0,64.87979,1.0,0.0,0.0,3.0,58.82245,2.0,1.0,0.0,50.0,1.0
56.177387,43.245434,25.745844,-9.0,-9.0,0.0,0.0,90.15509,-7.0,4.0,6.0,4.759631,0.0,61.807076,4.4360743,0.0,0.0,117.731125,-8.0,1.0,1.0,3.0,88.0,1.0
74.09563,203.35327,9.0,71.0,8.722118,0.0,0.0,100.0,-7.0,7.0,8.0,12.0,1.0,62.092274,0.0,3.0,2.0,67.82414,27.684158,2.0,1.0,0.0,100.0,1.0
75.0,134.38152,12.0,16.874945,19.0,0.0,0.0,100.0,-7.0,7.0,8.0,17.0,1.0,67.454895,0.0,0.0,0.0,0.0,-8.0,1.0,2.0,0.0,57.0,1.0
64.4929,99.428085,7.0,-9.0,9.0,0.0,0.0,79.97364,2.0,1.54995,6.0,10.0,2.0,38.69676,0.0,2.0115402,2.0,3.0,95.923256,1.2208153,2.0,0.0,60.0,1.0
55.53932,36.736263,10.0,68.0,9.0,0.0,0.0,100.0,-7.0,7.0,8.0,8.0,2.0,45.57462,0.0,1.8660195,1.0,118.28299,73.05456,4.0,4.0,3.0,100.0,1.0
72.0,-8.274194,2.0,-9.0,10.0,0.0,0.0,100.0,-7.0,7.0,8.0,9.0,2.0,25.055498,5.454804,2.0,2.0,15.0,38.395344,1.0,1.0,0.0,33.0,1.0
-9.0,156.61075,4.0,43.96499,10.731075,1.0,0.0,86.109085,6.9888067,4.0,5.0,16.412367,4.9149413,57.392174,0.0,4.0,4.0,81.02163,87.15902,3.0,2.0,1.0,99.66548,1.0
65.0,148.52687,2.0,52.366413,6.0,0.0,0.0,92.0,12.720314,4.0,4.0,3.3685224,3.800135,48.296402,9.0,0.0,0.0,78.05802,92.42137,2.0,1.0,0.0,64.82137,1.0
54.639687,195.31992,8.0,77.3569,22.0,4.1692386,2.0,77.95834,7.0157223,4.0,3.0,21.988234,3.0,13.132091,0.0,3.0,2.0,49.533573,-8.0,7.0,2.0,3.825728,53.42517,1.0
70.0,139.61089,2.0,44.427784,13.0,0.0,0.0,100.0,-7.0,7.0,8.0,13.0,2.0,42.0,-7.0,0.0,0.0,71.46528,72.219315,3.0,2.0,3.0,80.0,1.0
-1.313287,128.7797,13.174099,67.0,18.0,0.0,0.0,88.09393,4.544587,6.0,6.0,19.0,1.0,31.0,0.0,3.0,3.0,85.84604,45.919563,8.655884,2.0,4.8320613,100.0,1.0
65.0,148.78963,9.0,46.431072,12.096409,0.0,0.0,100.0,-7.0,7.0,8.0,12.0,2.0,40.0,-7.0,1.0,1.0,72.401535,69.866295,3.0,3.0,1.0,84.680595,1.0
80.0,127.44019,14.0,54.44553,6.0,0.0,0.0,100.0,-7.0,7.0,8.0,12.0,0.0,50.0,0.0,0.0,0.0,1.0,-8.0,2.0,1.0,0.0,58.0,1.0
67.0,88.04421,10.0,14.012509,-1.7368035,1.0,1.0,86.12029,6.0,2.344878,2.0,3.9793715,4.0,99.988106,0.0,0.0,0.0,0.0,93.0,-2.0759869,4.0,0.0,100.0,1.0
70.0,112.595894,20.0,-9.0,8.5347,0.0,0.0,100.0,-7.0,7.0,8.0,7.15329,0.0,99.81102,0.0,0.50606966,1.0,45.457684,45.465313,2.0,1.0,0.0,67.0,1.0
65.0,155.01974,5.0,38.02734,13.0,0.0,0.0,100.0,-7.0,7.0,8.0,11.495676,3.0,30.156729,0.0,3.0,3.0,70.06347,46.375946,4.0,2.0,5.6989512,67.0,1.0
63.23749,137.10112,28.735027,65.00989,7.9608564,0.0,0.0,61.474167,2.0,4.0,6.0,15.0,0.0,97.96685,-8.0,0.0,0.0,41.198658,-8.0,1.0,3.0,1.0,100.0,1.0
64.0,97.56553,2.0,-9.0,13.0,0.0,0.0,100.0,-7.0,7.0,8.0,17.632841,4.0,27.0,0.0,5.166607,5.267648,41.545715,100.0,5.0,2.0,0.0,83.0,1.0
57.637367,139.2369,3.0,36.99915,13.0,0.0,0.0,100.0,-7.0,6.407182,8.0,14.0,4.62638,11.546613,0.0,3.0,3.9549766,64.38712,52.339638,2.0,1.0,3.0,50.0,1.0
65.2802,188.4134,2.0,46.461407,14.038988,0.0,0.0,100.0,-7.0,7.0,8.0,13.0,3.0,61.30208,-8.0,1.0,1.0,73.59323,97.59028,5.0,3.0,1.0,88.0,1.0
-9.0,163.47179,2.0,13.157056,9.7703705,5.212676,1.0,-9.0,18.338388,6.0,2.0,13.0,4.0,89.79612,0.0,5.0,5.6589036,18.0,97.7624,1.0,3.0,0.0,80.0,1.0
64.0,218.74881,3.0,65.0,8.579882,0.0,0.0,87.79429,15.8432,6.0,6.0,9.0,3.0,40.98094,1.0,4.0,3.663502,67.596375,53.158943,5.0,3.0,3.0,89.95015,1.0
58.618557,76.33193,2.0,33.731003,-9.0,3.4429543,0.0,1.0330416,16.177425,4.2987456,3.0,4.0560412,2.0,70.27165,0.0,0.0,0.0,0.0,97.91097,-9.0,1.0,0.0,33.0,1.0
75.0,91.23353,11.0,47.53941,17.0,0.0,0.0,100.0,-7.0,7.0,8.0,16.0,0.0,57.279694,0.0,3.0,3.5524514,1.9437793,-4.668354,2.0,1.0,0.0,63.352383,1.0
75.99359,215.73943,25.958723,69.50392,6.0,0.0,0.0,72.76919,9.818925,6.0,5.0,8.708954,0.0,68.97475,0.0,0.0,0.0,1.0,-8.0,1.0,1.0,0.0,75.0,1.0
65.0,96.3235,12.991273,31.542622,3.5247817,0.0,0.0,100.0,-7.0,7.0,8.0,7.8735623,3.0,6.541909,3.0,1.0,1.0,48.237793,-8.0,3.0,1.0,2.0,79.84116,1.0
64.141365,133.91353,6.0,61.0,17.548008,0.0,0.0,100.0,-7.0,7.0,8.0,21.0,3.0,26.156815,6.0,1.0,1.0,84.04007,79.02392,2.0,2.0,0.0,83.0,1.0
69.0,125.83183,-9.0,27.224112,8.9986925,0.0,0.0,100.0,-7.0,7.0,8.0,12.567029,6.0,40.0,-8.0,3.0,2.0,75.281815,67.61351,3.0,4.0,0.0,77.88304,1.0
-9.0,247.66245,198.26247,138.60124,12.0,0.0,0.0,85.38273,6.0,4.0,6.0,15.0,0.0,77.75419,0.0,6.336044,5.963598,38.736897,-8.0,2.0,2.0,1.0,71.0,1.0
68.70063,209.78003,12.0,89.84437,20.118423,0.0,0.0,100.0,-7.0,7.0,8.0,24.0,1.0,44.1458,0.0,0.0,0.0,51.93775,-8.0,3.0,1.0,2.8634913,67.0,1.0
56.511955,176.03084,7.0,77.19019,28.0,0.0,0.0,84.60462,-7.0,4.0,5.0,34.252785,1.0,24.0,12.380471,0.0,0.0,72.485435,47.44355,15.378223,3.0,7.8185244,80.0,1.0
74.54455,49.768234,10.381325,57.63197,23.0,0.0,0.0,100.0,-7.0,7.0,8.0,23.0,1.0,15.445927,2.0,1.0,1.0,40.868496,-8.0,8.0,2.0,1.0,71.0,1.0
27.91287,70.045166,5.0,-9.0,-9.0,1.0,0.0,-9.0,-7.0,4.0,2.9004807,3.9874895,0.0,46.0,0.0,0.0,0.0,0.0,-8.0,0.0,-8.057869,-8.0,10.779038,1.0
69.0,125.24422,3.0,40.026054,17.0,1.0,1.0,86.69427,18.730055,6.0,6.0,17.0,3.0,47.0,0.0,2.0,2.0,38.564537,84.01081,4.0,4.0,1.0,79.141846,1.0
67.0,26.667894,4.0,29.425098,14.0,0.0,0.0,100.0,-7.0,7.0,8.0,11.0,2.0,77.96893,-7.0,4.0,4.0,19.796183,50.446804,1.0,4.0,1.0,57.0,1.0
62.0,-9.0,20.0,-9.0,6.0,0.0,0.0,100.0,-7.0,7.0,8.0,3.9918864,1.0,26.0,-7.0,0.0,0.0,59.434296,-8.0,4.0,2.0,1.4801034,71.0,1.0
-9.0,173.73514,3.0,68.0,27.0,1.0,0.0,85.14981,-3.3177857,-9.0,5.0,32.0,2.0,44.356964,0.0,4.0,3.9675667,81.09845,45.98161,12.795475,3.0,4.6342764,75.0,1.0
72.0,61.662716,5.0,33.594494,5.7420154,0.0,0.0,100.0,-7.0,7.0,8.0,3.8184748,1.0,99.94747,0.0,0.0,0.0,0.0,-8.0,0.0,1.0,0.0,60.0,1.0
74.0,62.71992,13.392268,48.281994,11.0,0.0,0.0,100.0,-7.0,7.0,8.0,8.0,0.0,50.0,-7.0,4.0,4.0,29.479027,68.67744,2.0,2.0,0.0,75.075066,1.0
71.0,187.83922,16.0,65.89708,10.0,3.7757452,0.0,76.538025,36.210052,6.0,3.0,12.0,0.0,14.0,0.0,2.0,1.0,34.0281,26.502972,2.0,1.0,1.0,54.18841,1.0
62.679462,-7.2096925,9.0,54.5517,17.0,0.0,0.0,100.0,-7.0,7.0,8.0,13.398364,1.0,38.0,0.0,0.0,0.0,77.47244,84.75476,6.0,4.0,3.9634376,73.0,1.0
65.86221,257.93137,20.38051,75.0,22.0,0.0,0.0,100.0,-7.0,7.0,8.0,26.385674,0.0,41.690117,0.0,2.6772962,2.0,75.351776,-8.0,4.0,2.0,5.762405,70.0,1.0
60.8022,30.126904,3.0,33.865414,9.0,0.20218049,0.0,100.0,-7.0,6.0,8.0,10.0,3.0,40.11299,0.0,3.0,3.0,54.954952,93.0,4.0,2.0,2.0,82.83544,1.0
66.0,143.25919,7.0,45.929214,11.0,3.2767186,1.7334595,67.86191,68.35017,6.0,3.0,13.0,2.0,53.395172,3.0,0.0,0.0,103.25913,89.1465,1.0,2.0,0.0,75.0,1.0
67.0,255.85602,5.0,68.39662,25.0,0.0,0.0,100.0,-7.0,7.0,8.0,24.0,1.0,53.327744,0.0,2.0,2.0,71.03255,76.70191,4.0,2.0,1.0,89.89693,1.0
62.816357,103.110504,8.673208,-9.0,4.6831584,0.0,0.0,100.0,-7.0,7.0,8.0,9.740927,3.0,46.0,0.0,1.0,1.0,73.9707,71.0,3.0,2.0,1.0,81.163315,1.0
57.79808,113.47483,2.0,-9.0,31.0,1.0,1.0,100.0,-7.0,7.0,8.0,30.0,9.1731615,47.0,0.0,1.0,1.0,59.02805,66.79054,3.0,6.0,0.0,75.0,1.0
59.934837,147.87767,13.0,78.71567,11.0,0.0,0.0,86.42119,40.904545,6.0,6.0,12.0,0.0,40.990604,0.0,2.0,2.0,98.464836,-8.0,5.0,1.0,3.0,88.853645,1.0
68.0,264.94012,4.0,68.0,12.0,1.0,1.0,100.0,-7.0,7.0,8.0,11.931381,1.0,33.0,0.0,1.0,1.0,56.42839,58.18842,3.0,2.0,2.0,83.0,1.0
68.0,180.18294,13.0,47.406532,-2.4114482,0.0,0.0,100.0,-7.0,7.0,8.0,6.1472363,0.0,14.0,-7.0,0.0,0.0,75.96547,-8.0,3.0,1.0,2.0,80.0,1.0
-5.5310993,178.84459,6.0,64.34063,6.035691,2.4907448,2.9063573,75.11285,8.19334,6.0,3.0,14.0,3.0,42.084003,0.0,3.0,2.0,117.79216,8.678801,4.0,2.0,1.0,100.0,1.0
82.0,159.58586,21.26663,61.940136,14.0,0.0,0.0,100.0,-7.0,7.0,8.0,24.0,0.0,76.63884,0.0,0.0,0.0,6.8295646,-8.0,1.0,-3.1570525,0.0,57.924427,1.0
73.0,154.6186,3.0,34.199215,14.0,0.0,0.0,100.0,-7.0,7.0,8.0,19.0,2.0,38.0,-7.0,1.0,1.0,51.535664,-8.0,2.0,3.0,0.0,67.0,1.0
-9.0,141.03654,33.192383,79.50118,-9.0,2.6609106,1.0,-9.0,18.803705,4.5547442,2.0,4.880194,0.0,99.61237,0.0,0.0,0.0,40.430595,42.3007,-9.0,2.0,-8.0,100.0,1.0
74.0,115.886505,2.0,56.0428,15.0,0.0,0.0,100.0,-7.0,7.0,8.0,15.0,3.0,50.0,-7.0,0.0,0.0,32.53259,57.494816,3.0,1.0,1.0,60.0,1.0
67.0,-8.056883,10.0,27.832552,12.087894,0.0,0.0,88.07663,10.083246,6.0,6.0,18.169296,1.0,99.43568,-8.0,0.0,0.0,33.514057,-8.0,1.0,2.0,0.0,100.0,1.0
68.0,94.696724,7.3124604,55.018536,22.0,0.0,0.0,95.0,39.468376,6.0,6.0,23.0,1.0,32.0,5.59276,0.0,0.0,75.332146,-8.0,4.0,1.0,3.0582225,57.0,1.0
-9.0,-9.0,-9.0,-9.0,-9.0,-9.0,-9.0,-9.0,-9.0,-9.0,-9.0,-9.0,-9.0,-9.0,-9.0,-9.0,-9.0,-9.0,-9.0,-9.0,-9.0,-9.0,-9.0,1.0
60.96624,84.11418,2.0,52.402542,7.5972133,1.9039335,0.0,72.28081,16.921906,6.0,5.0,9.752339,3.3526678,31.236834,0.0,3.0,3.0,53.781204,-8.0,2.0,2.0,2.646203,50.0,1.0
71.0,147.89061,-9.0,47.967228,12.0,0.0,0.0,100.0,-7.0,7.0,8.0,10.66184,4.359295,36.0,0.0,2.0,1.5574507,38.115524,100.0,2.0,1.0,2.0,50.0,1.0
77.0,98.8581,3.0,-9.0,8.0,0.0,0.0,100.0,-7.0,7.0,8.0,11.0,5.0,-9.0,1.0,1.0,1.0,4.0,-8.0,3.0,1.0,0.0,52.93183,1.0
-9.0,-8.6975,4.0,-9.0,12.0,1.0,0.0,81.78966,15.616046,6.0,2.0,14.0,2.0,21.81247,0.0,0.0,0.0,71.55259,88.0,5.0,2.0,4.0,71.0,1.0
59.541153,295.57635,23.284548,125.64034,8.0,1.0,0.0,75.50588,24.989323,6.0,5.0,10.0,0.0,27.338766,0.0,0.0,0.0,100.4956,-8.0,5.0,1.0,3.0,100.0,1.0
58.25052,173.05405,1.0,73.82594,18.0,2.0,1.0,87.3662,17.705128,6.0,6.0,17.0,3.0,8.646407,0.0,4.0,4.0,54.75824,93.0,9.869314,2.0,3.880077,67.0,1.0
63.0,176.87721,2.0,39.53819,25.058493,0.0,0.0,92.0,28.052454,6.0,6.0,24.0,5.355653,50.0,1.0,1.0,1.0,46.487827,99.69124,11.0,4.0,1.0,82.157135,1.0
62.0,105.64774,2.0,49.13659,23.0,0.0,0.0,100.0,-7.0,6.0,6.0,26.0,4.0,47.0,1.0,1.0,1.0,56.729656,91.330734,4.0,3.0,1.0,82.37341,1.0
56.529926,71.700096,8.0,43.943733,9.0,0.0,0.0,100.0,-7.0,7.0,8.0,6.324904,3.0,34.7472,-7.0,0.0,0.0,94.95305,-8.0,4.0,1.0,5.2814536,83.0,1.0
66.0,119.79545,31.903963,54.55363,9.942916,0.0,0.0,87.86694,3.456067,6.0,6.0,11.0,0.0,25.0,0.0,1.0,1.0,36.0,-8.0,3.0,1.0,1.0,86.0,1.0
65.0,182.39159,8.0,74.0,14.0,0.0,0.0,97.0,-7.0,6.0,6.592567,14.0,1.0,47.0,0.0,1.4118445,1.0,52.203953,82.0,2.0,2.0,1.0,67.0,1.0
64.0,94.10756,13.794317,43.895,3.1705995,1.0,0.0,90.0,42.57681,6.0,5.0,5.2026258,0.0,54.669506,0.0,0.0,0.0,93.734276,-8.0,3.0,1.0,0.0,100.0,1.0
-9.0,99.55529,15.0,68.27679,22.0,0.0,0.0,91.21064,-0.8516023,4.0,6.0,22.0,0.0,31.0,0.0,3.8262491,3.9584286,79.061516,74.268814,11.0,2.0,5.3158617,88.0,1.0
-9.0,86.079445,3.0,33.90086,21.0,1.0,0.0,92.0,8.67873,4.0,5.0,22.0,2.0,27.0,0.0,0.0,0.0,80.304375,95.74984,8.0,4.0,3.0297184,80.0,1.0
70.0,410.74796,7.0,92.647064,31.0,2.0,2.0,94.0,30.194237,4.0,5.9890823,30.0,2.0,36.0,2.0,2.0,2.0,61.375763,71.0,9.97922,4.0,2.0,79.20579,1.0
59.458546,142.18916,21.731005,65.12319,32.0,1.0,0.0,88.0,9.233617,4.0,5.0,44.003357,0.0,44.640392,0.0,4.0,3.0,56.16502,23.62402,10.075189,4.0,1.0,80.0,1.0
63.697426,-2.7453253,4.0,38.950798,26.0,0.0,0.0,100.0,-7.0,7.0,8.0,25.0,3.0,27.0,0.0,0.0,0.0,47.482258,90.73521,11.195669,2.0,3.0020008,71.81996,1.0
59.186245,-8.0,3.0,58.015537,19.0,0.0,0.0,100.0,-7.0,7.0,8.0,14.0,2.1057653,24.0,0.0,1.0,2.0,86.830864,61.088787,9.73944,3.0,9.309221,73.31729,1.0
56.9309,372.6888,6.0,88.9903,26.0,4.80639,1.6550122,1.0517911,6.0,5.0,0.54986656,26.0,3.0,62.861217,0.0,2.0,1.0,21.356287,53.18128,2.0,7.2912383,1.0,75.0,1.0
63.0,30.282991,2.0,25.534864,17.890276,0.0,0.0,100.0,-7.0,7.0,8.0,16.0,4.0,35.75272,0.0,3.0,3.0,62.058853,94.97044,8.0,5.0,1.0,88.46992,1.0
67.0,-8.326034,15.705763,-4.446805,-9.0,0.0,0.0,100.0,-7.0,7.0,8.0,0.97745156,0.0,12.358972,-2.3209572,0.0,0.0,84.047745,-8.0,1.0,1.0,0.0,75.0,1.0
67.98519,70.559395,1.0,-9.0,-9.0,0.0,0.0,100.0,-7.0,7.0,8.0,2.5404837,4.0,67.20321,-7.0,2.0,2.0,65.97229,80.60541,1.0,2.0,0.0,75.0,1.0
59.389423,-9.0,3.0,43.856953,20.0,0.0,0.0,100.0,-7.0,7.0,8.0,-9.0,4.0,33.0,-8.0,14.623151,12.173664,63.1607,93.0,2.0,3.0,0.0,73.0,1.0
72.0,111.539734,10.0,42.171684,13.0,0.0,0.0,100.0,-7.0,7.0,8.0,11.0,0.616241,50.200005,0.0,1.0,1.0,61.66721,63.378757,3.0,2.0,1.0,71.0,1.0
66.0,142.77339,13.510129,59.281788,18.0,0.0,0.0,93.0,6.506355,4.0,6.0,18.0,1.0,22.0,22.980553,0.0,0.0,50.15923,-8.0,5.0,1.0,2.0,55.60566,1.0
60.47994,76.28206,-3.0938582,20.268415,18.0,2.0,2.0,96.0,66.23476,6.0,5.0,21.0,9.715087,12.329063,-7.0,14.124056,12.563329,43.315636,-8.0,6.897034,1.0,1.0,59.061855,1.0
63.0,383.8735,17.0,128.29633,20.90829,0.0,0.0,86.090416,4.82586,4.0,6.0,21.0,0.0,50.0,-7.0,0.0,0.0,66.677605,80.78958,3.0,6.0,1.0,75.0,1.0
69.04912,230.02571,6.0,29.489532,15.0,0.0,0.0,100.0,-7.0,7.0,8.0,14.565679,4.0,39.0,0.0,0.0,0.0,33.358692,46.12078,4.7537274,4.0,1.0,67.0,1.0
72.0,-3.5490007,5.0,-9.0,13.0,0.0,0.0,100.0,-7.0,7.0,8.0,11.0,7.7958407,96.41226,0.0,0.0,1.0,0.0,93.91469,1.0,4.0,0.0,67.0,1.0
58.224728,138.83429,4.04426,-9.0,9.0,0.0,0.0,100.0,-7.0,7.0,8.0,12.010393,5.078197,32.0,0.0,2.0,2.0,93.38318,-8.0,4.0,3.0,3.0,86.24442,1.0
-9.0,74.47568,10.0,11.697138,20.0,1.0,0.0,82.25769,-3.8402011,0.2929889,4.3115635,19.0,2.3712263,14.0,0.0,3.0,3.0,63.04985,38.942135,6.0,2.0,1.0,60.0,1.0
66.889465,-1.9375696,-9.0,48.934452,15.0,0.0,0.0,100.0,-7.0,7.0,8.0,17.0,6.0,40.0,-7.0,17.405983,17.983438,0.0,-8.0,1.0,2.0,0.0,33.0,1.0
65.0,148.88742,9.843231,62.51705,10.629618,0.0,0.0,86.172134,3.1765497,6.0,6.0,11.0,0.0,42.0,0.0,2.0,2.0,49.542458,-8.0,2.0,2.0,2.0,54.734665,1.0
61.59747,147.0669,5.0,57.86339,28.451944,1.0,0.0,88.0,16.85407,6.0,5.0,30.490461,5.0,56.219437,0.0,4.0,4.0,36.0,-8.0,7.0,2.0,0.0,75.0,1.0
65.0,51.217793,-9.0,-9.0,21.060078,1.6733361,0.0,96.0,64.94244,6.0,5.0,24.0,8.761498,41.52099,0.0,2.0,2.0,24.487165,51.49302,5.0,1.0,0.0,46.246727,1.0
80.0,65.230194,3.0,42.188538,-9.0,0.0,0.0,100.0,-7.0,7.0,8.0,6.4737034,4.0,18.779085,0.0,1.0,1.0,11.0,-8.0,2.0,1.0,0.0,64.482414,1.0
71.0,41.76279,23.445747,43.775993,15.0,0.0,0.0,100.0,-7.0,7.0,8.0,22.0,0.0,0.0,0.0,1.0,1.0,80.84032,-8.0,7.216074,-8.0,0.0,80.0,1.0
60.16067,203.08617,6.0,96.23866,6.0,9.356998,8.574621,77.91826,45.63249,4.0,-9.0,10.0,1.0,95.22452,-7.0,2.0,1.0,43.360493,8.803947,1.0,1.0,0.0,80.0,1.0
63.0,188.98376,7.0,81.0,25.400356,1.9966497,0.0,88.0,3.4435575,4.0,3.0,36.83878,6.0,53.286297,0.0,1.0,1.0,59.54872,49.193005,5.0,4.0,1.0,94.566956,1.0
62.0,155.43134,2.0,47.39815,17.0,0.0,0.0,100.0,-7.0,7.0,8.0,18.0,5.73059,29.0,0.0,1.0,1.0,46.658237,-8.0,7.0,1.0,3.0,78.0,1.0
68.0,63.34129,6.0,-9.0,13.0,0.0,0.0,100.0,-7.0,7.0,8.0,12.0,1.0,8.27481,0.0,1.0,1.0,61.387234,87.56635,6.0,2.0,3.710994,67.04934,1.0
63.46249,155.81291,31.843012,80.0,11.0,3.0,4.5444326,83.3035,43.249794,6.0,2.0,14.148503,0.0,18.0,1.0,2.0,2.0,49.677734,-8.0,2.0,-8.0,1.0,49.02189,1.0
-9.0,-9.0,-9.0,-9.0,-9.0,-9.0,-9.0,-9.0,-9.0,-9.0,-9.0,-9.0,-9.0,-9.0,-9.0,-9.0,-9.0,-9.0,-9.0,-9.0,-9.0,-9.0,-9.0,1.0
65.713875,120.17731,6.0,28.964157,15.0,0.0,0.0,100.0,-7.0,7.0,8.0,18.02983,3.0,57.711666,0.0,0.0,0.0,105.856636,61.274193,3.0,4.0,0.0,98.93416,1.0
74.0,174.75087,22.513208,62.737682,17.0,0.0,0.0,100.0,-7.0,7.0,8.0,16.75296,0.0,73.54271,0.0,5.0,5.0,1.0,21.822283,1.0,2.0,0.0,72.4452,1.0
67.0,173.95978,9.22225,56.176033,17.0,0.0,0.0,100.0,-7.0,7.0,8.0,20.0,2.0,18.664368,0.0,0.0,0.0,64.700615,-8.0,5.0,2.0,2.0,75.0,1.0
50.55476,82.50996,5.0,-9.0,3.6220605,1.7521126,0.0,72.23728,12.039592,6.0,4.0,5.3405576,3.0,17.0,9.967969,0.0,0.0,59.324825,-8.0,4.0,-8.0,1.0,75.0,1.0
73.0,-7.494103,22.094742,51.763416,-9.0,0.0,0.0,100.0,-7.0,7.0,8.0,-2.5216892,0.0,62.950768,0.0,0.0,0.0,37.58597,70.254135,1.0,1.0,-8.0,86.457855,1.0
56.87183,110.20323,5.0,36.789787,30.0,2.0,0.0,92.360504,25.095385,6.0,4.4396667,30.0,4.0,42.511448,0.0,0.0,0.0,83.93524,49.274433,6.0,4.0,2.0,89.40799,1.0
61.139614,179.36992,3.0,92.0,16.0,0.0,0.0,81.50022,23.261126,6.0,6.0,19.0,2.0,53.858604,-7.0,2.0,2.0,90.2986,80.083664,4.0,3.0,2.0,89.7212,1.0
-9.0,165.38097,3.9944816,-8.511926,6.909093,0.0,0.0,100.0,-7.0,-3.377746,8.0,14.0,8.97301,68.73315,-7.0,5.963016,5.8980823,45.933846,84.67947,4.0,6.346489,1.0,80.0,1.0
61.67921,128.2937,3.0,42.449688,25.442657,3.2246919,3.2172947,82.93681,2.9350488,4.0,5.0,25.0,6.0,24.0,2.0,1.0,1.0,22.958931,51.084476,5.0,2.0,1.0,56.0,1.0
54.22182,-9.0,20.641602,7.181815,8.63685,0.0,0.0,100.0,-7.0,7.0,8.0,7.831467,0.0,15.0,-7.0,1.0,1.0,119.78927,36.275234,5.0,1.0,9.22361,100.0,1.0
70.00802,186.70583,30.638132,84.0,5.5812025,0.0,0.0,100.0,-7.0,7.0,8.0,3.9800441,0.0,17.0,-7.0,1.0,1.0,115.81685,-8.0,2.0,1.0,3.0,100.0,1.0
-9.0,5.454949,2.0,-8.483544,7.6084137,4.8156023,1.0,78.86001,40.295498,6.0,2.0,12.0,6.0,76.08082,0.0,3.0,3.0,35.259842,67.29858,1.0,3.0,0.0,88.00826,1.0
63.679863,182.85564,4.0,51.388664,26.0,0.0,0.0,100.0,-7.0,7.0,8.0,32.0,2.0,14.0,2.0,2.0,2.0,92.43247,-8.0,12.858924,1.0,6.3155804,80.0,1.0
67.0,149.60075,1.0,39.288723,30.0,1.0,1.0,100.0,-7.0,7.0,8.0,29.304161,4.0,20.0,0.0,2.0,2.0,13.135592,77.26392,7.0,4.0,1.0,67.0,1.0
59.986313,197.82869,11.0,100.27033,27.0,0.0,0.0,89.0,6.0,4.0,5.3647,24.0,0.0,20.0,5.9782586,3.0,2.0,55.04539,-8.0,8.0,1.0,2.0,69.66694,1.0
-9.0,142.56757,3.0,50.832283,12.0,4.789182,2.282374,-9.0,12.1244335,4.0,4.0,17.846666,3.0,42.820877,0.0,2.0,2.0,87.11362,49.40462,3.0,3.0,1.0,100.0,1.0
68.0,177.18512,6.0,-9.0,3.6005073,0.0,0.0,100.0,-7.0,7.0,8.0,5.862966,3.0,15.0,0.0,0.0,0.0,67.56065,-8.0,2.0,-8.0,0.0,56.361732,1.0
60.029175,160.40834,9.0,63.08431,13.0,0.0,0.0,84.60048,20.77072,6.0,6.0,11.115865,0.0,17.0,-5.4731264,0.0,0.0,118.661125,-8.0,6.0,1.0,3.9448583,100.0,1.0
73.0,139.8887,7.0,39.262295,-4.528233,0.0,0.0,100.0,-7.0,7.0,8.0,5.7929792,1.0,60.411095,0.0,1.0,1.0,16.57985,94.39226,1.0,2.0,0.0,66.6264,1.0
66.0,187.68045,4.0,61.69679,22.0,2.0,2.2899837,83.85863,4.0,0.25290135,2.0,28.0,6.0,54.576748,1.0,1.0,1.0,31.745188,83.05231,3.0,5.0,0.0,100.0,1.0
54.59534,191.74312,13.371623,75.0,22.309315,0.0,0.0,91.78341,36.471733,6.0,6.0,23.727842,0.0,29.0,0.0,2.0,1.0,100.43968,77.30728,6.3691716,6.0,5.519471,100.0,1.0
81.0,133.63446,13.949259,71.0,15.0,0.0,0.0,100.0,-7.0,7.0,8.0,13.512066,0.94691163,-9.0,0.0,1.0,1.0,-6.9152336,-8.0,0.0,-9.0,0.0,-9.0,1.0
66.0,170.99922,1.0,43.486263,54.69108,3.8969214,3.531364,92.0,11.147389,4.0,-7.8863654,67.430214,10.929472,16.411436,1.0,2.0,2.0,72.64707,63.161087,6.0,3.0,2.0,73.0,1.0
64.0,-8.985955,2.0,13.530559,7.0,2.0,0.0,77.86139,39.873524,6.0,3.0,2.0430672,2.0,61.95939,0.0,3.0,2.0,58.72877,88.0,1.0,3.0,0.0,78.24225,1.0
70.0,18.837934,21.437654,-9.0,5.952347,0.0,0.0,100.0,-7.0,7.0,8.0,9.190405,0.0,22.0,16.174007,0.0,0.0,65.316826,-8.0,4.0,-8.0,1.8669842,75.0,1.0
-9.0,86.27734,2.0,36.130016,16.74988,10.922271,9.949414,74.62861,44.53944,6.0,3.0,19.0,4.0,76.12044,0.0,6.388596,5.0,92.87017,91.4776,3.7551203,5.0,1.0,83.0,1.0
64.0,375.03217,3.0,89.5832,12.0,1.0,0.0,68.038185,3.0,0.85792065,4.7189255,11.7381315,3.0,38.0,0.0,4.0,4.0,17.0,53.87062,3.0,3.6753469,0.0,67.0,1.0
61.368416,125.30346,-9.0,43.642456,10.0,1.0,0.0,85.87979,3.0,0.26810867,5.0,12.0,3.0,37.0,1.0,1.0,1.0,40.94209,82.0,3.0,2.0,1.0,63.0,1.0
65.64716,118.3711,6.0,20.650282,17.0,1.0,1.0,77.20458,24.89642,6.0,4.0,17.0,5.0,14.0,0.0,3.0,3.1115897,40.202698,-8.0,4.0,-8.0,1.0,50.0,1.0
61.155293,167.36086,11.901009,49.893814,29.0,0.0,0.0,100.0,-7.0,7.0,8.0,24.978327,0.0,43.0,-8.0,0.0,0.0,87.3804,77.17595,3.0,5.0,2.0,67.0,1.0
65.0,126.642044,21.997814,49.35008,8.739457,0.0,0.0,100.0,-7.0,7.0,8.0,7.0,0.0,1.4692388,0.0,0.0,0.0,84.74304,-8.0,6.0,-8.0,7.0457997,100.0,1.0
70.0,150.61394,3.0,49.992096,30.0,0.0,0.0,100.0,-7.0,7.0,8.0,26.0,2.0,15.383467,0.0,1.0,1.0,58.296967,71.0,6.0,1.0,2.0,58.0,1.0
77.0,313.54297,18.935457,74.0,-8.653388,0.0,0.0,100.0,-7.0,7.0,8.0,8.494041,0.0,67.72263,1.0,1.0,1.0,0.0,-8.0,1.0,1.0,-9.0,67.0,1.0
-9.0,164.6143,3.0,46.860207,6.1265025,0.0,0.0,88.0,5.9445934,0.0,5.0558996,9.0,3.0,-1.8960376,0.0,3.0,3.0,66.91511,-8.0,3.0,1.0,2.0,80.0,1.0
-9.0,114.98225,6.0,55.22023,22.780334,0.0,0.0,94.60066,12.081831,4.673792,6.0,24.0,4.0,45.0,0.0,0.0,0.0,119.611855,68.55229,5.0,2.0,5.6103325,100.0,1.0
56.15455,135.72762,6.0,60.91077,18.0,0.0,0.0,95.0,4.0587616,4.0,6.0,20.0,1.0,2.0359142,0.0,2.0,2.0,100.01078,97.97819,9.0,2.0,4.1720605,76.627945,1.0
58.476696,96.453,5.0,33.3032,7.356467,0.0,0.0,86.044975,22.03872,6.0,6.0,9.026992,1.6769391,73.51034,0.0,0.0,0.0,119.56054,75.19664,1.0,3.0,2.0,84.008415,1.0
59.09332,-9.0,-1.3336349,-9.0,32.5894,0.0,0.0,100.0,-7.0,7.0,8.0,37.721916,10.999223,20.0,0.0,5.8522277,5.2852993,8.560468,100.0,5.0,2.0,0.0,33.0,1.0
60.46207,44.210205,9.0,-9.0,9.610245,0.0,0.0,93.0,24.47216,6.0,6.0,9.0,1.0,16.695662,0.0,4.0,4.0,73.166016,-8.0,5.0,1.0,3.2774456,80.0,1.0
65.04906,254.3042,3.0,55.53875,24.0,0.0,0.0,100.0,-7.0,7.0,8.0,27.0,4.0,14.0,-7.0,5.6731496,6.1631775,25.635784,84.02111,5.0,2.0,3.0123024,46.383217,1.0
-9.0,139.30943,4.0,87.22481,18.859154,0.0,0.0,88.425255,-7.0,0.62135196,6.0,17.0,4.0,51.95764,0.0,3.0,2.0614204,72.149605,53.681427,12.028686,1.0,5.0115705,100.0,1.0
66.0,-9.0,5.0,-9.0,9.0,0.0,0.0,100.0,-7.0,7.0,8.0,9.0,1.0,-9.0,-7.0,0.0,0.0,24.057865,-8.0,4.0,1.0,0.0,64.0,1.0
57.82647,140.34845,3.0,81.971565,14.0,0.0,0.0,97.0,-7.0,6.0,6.0,16.0,2.0,19.0,0.0,4.0,3.2633126,71.50258,25.699675,5.0,2.0,3.5797477,73.61613,1.0
57.63739,-9.0,4.0,-9.0,3.6244318,2.0,2.0,88.0,45.267185,6.0,3.9241064,7.0,3.0,66.908585,-7.0,2.0,2.0,116.37063,99.048195,1.0,3.0,-8.0,75.0,1.0
61.977158,121.7094,10.0,68.0,14.0,1.0,1.0,100.0,-7.0,6.0,8.0,16.0,1.0,56.94799,0.0,1.0,1.0,55.512142,-8.0,2.0,2.0,1.0,67.0,1.0
69.60138,147.03807,11.0,-9.0,6.6530266,0.0,0.0,100.0,-7.0,7.0,8.0,9.577942,2.0,73.89888,-7.0,6.229777,5.5482235,41.9167,69.235214,1.0,2.0,1.0,66.38692,1.0
55.62039,105.41675,19.585653,60.875,20.0,2.0,1.0,86.977776,-7.0,1.693654,3.0,23.0,0.0,38.0,0.0,6.045293,5.0842185,83.01212,91.0,6.0,7.0406165,1.0,97.762184,1.0
61.425007,119.73692,6.0,-9.0,0.08764773,0.0,0.0,100.0,-7.0,7.0,8.0,3.3951569,1.0,33.0,2.0,0.0,0.0,92.710655,-8.0,2.0,1.0,2.0,80.0,1.0
69.0,190.72856,3.0,82.0,34.54173,4.02704,3.33608,89.0,61.750793,6.0,2.0,40.071087,3.0,60.87592,-7.0,4.1656027,4.0,70.80047,95.231544,5.0,6.0,1.0,85.285675,1.0
64.67534,140.98853,61.025124,70.0,6.0,0.0,0.0,72.989174,5.690447,4.0,6.0,7.0,0.0,64.03139,0.0,0.0,0.0,27.102911,-8.0,2.0,-8.0,0.0,57.0,1.0
68.0,162.66843,5.0,64.165855,12.836246,0.0,0.0,78.13034,21.91754,5.0,6.0,12.0,2.0,37.0,0.0,3.0,3.0,52.133232,87.6373,3.0,3.559672,0.0,78.25398,1.0
62.1772,81.95466,3.0,7.1094933,14.0,1.0,0.0,89.0,36.707596,6.0,5.8927913,15.0,6.0,25.0,8.050156,0.0,0.0,61.78455,95.97821,5.0,3.0,3.0,64.0,1.0
-9.0,147.47998,1.0,55.492767,21.0,2.261557,2.0,80.46277,3.931711,4.0,5.0,26.0,6.0,20.329535,0.0,6.5883136,6.173087,47.755135,90.274605,11.229916,2.0,1.0,75.0,1.0
66.0,53.716652,3.0,47.1647,14.0,0.0,0.0,100.0,-7.0,7.0,8.0,9.267353,2.0,-9.0,0.0,0.0,0.0,70.11451,78.659706,7.0,1.0,3.0,74.195755,1.0
55.91958,126.065926,7.0,-8.561127,20.0,0.0,0.0,89.0,13.176686,6.0,6.0,26.0,3.0,77.41497,0.0,2.0,2.0,112.190796,92.58404,2.0,4.0,2.0,75.0,1.0
58.37347,171.21371,13.0291,81.0,14.0,3.7216427,1.0,77.002655,9.8254595,4.0,2.0,17.0,1.0,32.0,1.0,2.0,1.0,114.321526,-8.0,5.0,2.0,1.0242712,83.0,1.0
70.0,-8.0,22.29337,70.0,5.9370403,0.0,0.0,100.0,-7.0,7.0,8.0,7.0,0.0,84.212006,-8.0,2.0,2.0,18.225584,-8.0,2.0,1.0,0.0,83.0,1.0
-9.0,132.0172,1.0,58.32291,41.121033,0.0,0.0,92.0,24.45889,4.39376,6.0,35.90632,5.0,22.0,0.0,2.0,1.6395832,52.20732,82.0,6.0,6.373325,0.0,67.0,1.0
66.69661,132.95016,20.994293,114.44024,-9.0,3.0,0.0,70.136215,20.169483,6.0,2.0,5.0041966,0.0,74.085236,10.441377,0.0,0.0,8.066093,91.0,1.0,2.0,0.0,100.0,1.0
-9.0,83.21582,1.0,-9.0,7.0,0.0,0.0,100.0,-7.0,7.0,8.0,7.0,4.0,3.2877715,0.0,4.0,4.0,78.55668,74.82298,5.0,2.0,1.0,71.0,1.0
78.0,203.6012,25.239985,80.534836,13.0,0.0,0.0,91.9287,26.021147,6.0,6.0,12.0,0.0,5.758754,0.0,0.0,0.0,1.0,-8.0,1.0,1.0,0.0,15.165575,1.0
65.0,139.70113,8.937795,73.25509,38.950394,4.685226,1.0,88.37607,27.879017,6.0,5.0,38.0,1.0,57.850697,0.0,2.1723735,3.0,47.449074,32.683487,4.0,4.0,7.9074664,73.836525,1.0
68.0,-7.1798534,8.0,58.4007,6.0,0.0,0.0,78.84698,32.100132,6.0,6.0,5.044938,2.0,27.519863,0.0,0.0,1.0,58.53742,-8.0,2.0,-9.0,1.0,67.0,1.0
60.29677,65.86964,7.0,-9.0,15.0,2.0,1.2537888,100.0,-7.0,6.0,8.0,18.0,3.0,27.0,0.0,0.0,0.0,40.28158,-8.0,5.0,1.0,3.0,100.0,1.0
64.0,19.064949,3.0,-5.8725157,29.0,0.0,0.0,96.88766,26.187328,6.0,5.0,28.0,5.0,19.0,0.0,1.0,1.0,29.419817,42.36382,6.0,1.0,1.0,52.05737,1.0
69.0,138.76686,9.0,40.90802,12.0,0.0,0.0,100.0,-7.0,7.0,8.0,9.562427,0.0,32.0,0.0,2.0,1.0,1.0,50.785446,2.0,2.0,0.0,49.50908,1.0
68.10308,207.39,10.0,75.214676,32.0,0.0,0.0,92.0,62.633526,6.0,6.0,40.36485,3.0,19.0,7.0,1.0,1.0,51.174385,98.14496,11.583932,2.0,2.0,70.0,1.0
69.739624,-9.0,1.0,-9.0,27.0,0.0,0.0,100.0,-7.0,7.0,8.0,29.738865,10.863789,17.064558,1.0505913,2.0,2.0,14.0,94.70263,8.0,2.0,0.0,44.85141,1.0
66.03473,165.37122,5.0,40.862286,25.0,0.0,0.0,100.0,38.949547,6.0,6.0,27.0,3.0,61.49344,0.0,3.0,3.0,102.57163,84.02046,4.0,2.0,1.0,80.0,1.0
70.659065,94.30088,4.0,19.84916,3.3040133,0.0,0.0,100.0,-7.0,7.0,8.0,2.5064912,2.0,45.37387,0.0,0.0,0.0,109.98692,-8.0,1.0,1.0,0.0,78.0,1.0
69.0,78.00703,3.0,58.0,21.690657,0.0,0.0,90.0,7.4452443,4.0,6.0,21.0,2.0,53.837856,0.0,4.0,4.0,59.946392,-1.8862286,3.0,2.0,0.0,100.0,1.0
65.0,130.70605,8.0,81.69304,27.0,1.0,1.0,100.0,-7.0,4.815225,8.0,29.936327,1.0,15.452859,0.0,2.0,2.0,7.0,89.49816,6.0,3.0,0.0,50.0,1.0
65.0,-8.0,15.0,61.0,12.0,0.0,0.0,86.38284,31.571526,6.0,6.0,-9.0,0.0,14.0,4.057058,1.0,1.0,54.346783,-8.0,5.0,1.0,1.0,80.0,1.0
61.488106,37.881042,5.0,40.329025,22.0,1.0,0.76160926,93.0,35.55894,4.0,6.0,23.071413,3.0,39.620853,-7.0,5.0,4.5388026,84.9538,82.0,9.0,2.0,3.0,86.0,1.0
58.485756,-7.2395797,18.235271,28.541485,9.0,0.0,0.0,100.0,-7.0,7.0,8.0,9.0,0.0,-8.893492,0.0,4.0,4.0,118.514626,-8.0,4.205049,2.0,1.0,67.15282,1.0
-9.0,124.79359,2.0,-9.0,18.0,1.0,1.0,92.0,45.095825,6.0,6.0,27.0,6.0,42.75464,-7.0,4.0,3.0,55.861423,80.60454,7.0,3.0,0.0,80.0,1.0
65.49012,73.70553,12.0,17.947767,6.993336,0.0,0.0,100.0,-7.0,7.0,8.0,9.0,0.0,87.13724,-8.0,2.0,2.0,115.98136,58.901344,1.6002462,2.0,1.0,100.0,1.0
19.440948,200.51035,9.0,37.13895,12.440142,0.0,0.0,100.0,-7.0,7.0,8.0,13.874408,0.044567924,35.0,0.0,2.0,2.0,115.02863,-8.0,6.0,1.0,4.341906,80.0,1.0
74.0,199.23723,3.0,63.08159,10.0,1.0,1.0,90.0,-7.0,6.0,6.0,12.0,5.0,25.35483,4.1334963,1.0,1.0,5.0,94.36202,3.0,-8.0,0.0,60.0,1.0
62.0,125.907364,1.0,48.650055,43.632877,3.6423545,1.0,90.580086,23.39439,4.860779,2.0,51.40358,9.284936,13.0,3.0,1.0,1.0,36.0,100.0,23.924677,2.0,1.0,67.0,1.0
54.412525,130.15987,-7.3300233,19.538942,10.0,0.0,0.0,95.0,19.061548,6.0,6.0,14.0,3.0,25.0,0.0,1.0,2.0,109.4064,90.79026,7.4902678,3.0,3.0,91.6583,1.0
56.374546,120.088974,7.0,31.354107,7.0,0.0,0.0,100.0,-7.0,7.0,8.0,8.0,1.0,96.07926,0.0,2.0,1.0,96.53314,80.0,2.0,4.821783,0.0,100.0,1.0
81.0,140.47585,2.0,53.43952,18.0,0.0,0.0,96.0,71.11697,6.0,6.0,19.0,5.473967,43.942318,0.0,0.0,0.0,15.0,45.26714,4.0,2.0,0.0,53.87954,1.0
70.0,-5.911145,13.997308,-9.0,4.61149,0.0,0.0,100.0,-7.0,7.0,8.0,8.0,0.0,69.57431,1.0,0.0,0.0,53.87843,21.11496,1.0,3.0,0.0,69.42027,1.0
-9.0,176.78961,8.0,93.0772,36.68943,2.0,0.0,84.02644,7.6483417,6.0,2.0,53.467133,1.0,43.0,0.0,4.0,3.1143665,75.21802,71.0,13.166693,6.039927,4.0,89.77778,1.0
-9.0,32.441257,4.0,41.557316,7.0,0.0,0.0,77.557594,20.595024,6.0,6.0,9.527607,3.0,57.816166,-7.0,4.329799,4.0,73.056435,74.323555,3.0,3.0,0.0,80.0,1.0
68.0,96.43296,1.5804098,53.13206,25.0,1.0,1.0,100.0,-7.0,7.0,8.0,27.0,4.0,17.0,0.0,5.711456,6.270844,29.45805,-8.0,9.0,2.0,7.207119,67.0,1.0
-9.0,84.04299,3.0,44.26788,31.0,0.0,0.0,89.43139,12.214443,1.6775924,6.0,30.0,2.0,30.0,0.0,1.0,1.0,88.4684,-8.0,9.0,1.0,4.0,64.0,1.0
61.79005,177.95872,13.267772,80.0,15.0,0.0,0.0,93.0,36.588104,6.0,6.0,19.24296,1.0,19.0,10.638798,0.0,0.0,115.5633,-8.0,4.0,1.0,4.0,86.0,1.0
68.0,53.05739,17.0,-9.0,8.6714525,0.0,0.0,100.0,-7.0,7.0,8.0,7.940427,0.0,94.84429,0.0,2.0,2.0,0.0,45.966953,1.0,2.0,-8.197233,70.0,1.0
72.0,125.94527,1.0,31.496626,40.94401,2.0,1.0,90.39736,45.070316,6.0,2.0,42.14393,10.935776,52.967064,0.0,4.0,4.108629,14.229338,20.337643,5.0,11.500311,0.0,81.38891,1.0
61.999203,127.96868,1.0,28.823223,28.0,2.0,0.0,87.19099,43.505573,6.0,2.0,34.73951,10.308354,29.0,0.0,1.0,1.0,52.671867,84.50866,5.0,3.002984,1.0,60.0,1.0
-5.943096,22.091177,13.924117,-9.0,-9.0,0.0,0.0,100.0,-7.0,7.0,8.0,7.6536636,0.0,25.0,0.0,3.0,3.0,119.22216,-8.0,2.0,1.0,0.0,100.0,1.0
64.0,165.92139,8.0,64.14233,7.0,0.0,0.0,100.0,-7.0,7.0,8.0,8.6443405,1.0,49.254177,14.728803,0.0,0.0,107.00686,71.79703,2.0,3.9289365,1.0,88.0,1.0
64.53367,55.590523,3.0,27.351498,26.0,0.0,0.0,100.0,-7.0,7.0,8.0,22.0,9.196118,40.0,1.0,1.0,1.0,55.692772,83.124344,10.981484,2.0,2.0,80.0,1.0
76.0,189.07893,4.0,77.0,27.0,0.0,0.0,100.0,-7.0,7.0,8.0,21.38522,2.3576438,39.172043,0.0,1.0,1.0,4.0,-8.0,4.0,1.2771612,0.0,50.0,1.0
57.86602,123.66714,7.0,58.0,19.72551,0.0,0.0,100.0,-7.0,7.0,8.0,20.0,2.0,35.029003,5.0,0.0,0.0,73.80807,80.0,11.0,3.0,4.1998434,88.0,1.0
-9.0,158.485,7.0,68.332634,22.035122,0.0,0.0,96.0,-7.0,6.0,6.0,28.0,7.335128,27.366302,0.0,4.0,3.0,46.029564,-8.0,9.0,3.0,5.557366,67.0,1.0
63.0,146.11035,2.0,46.229263,9.0,0.0,0.0,100.0,-7.0,7.0,8.0,6.4133344,3.0,50.0,2.5851874,1.0,1.0,80.18075,84.613686,3.0,4.0,3.0,75.0,1.0
61.119896,50.02835,1.0,27.939098,36.0,0.0,0.0,100.0,-7.0,7.0,8.0,42.073814,10.765768,46.0,-7.0,3.0,3.0,40.96667,82.60946,6.0,6.0,3.0,75.0,1.0
68.0,128.2647,25.16943,54.621326,10.0,0.0,0.0,88.0,4.849097,6.0,6.0,8.0,0.0,32.0,0.0,2.0,2.0,101.46275,-8.0,1.0,-8.0,-9.0,100.0,1.0
59.870205,192.09163,9.0,70.0,12.0,4.290099,2.0,66.48868,2.0,-9.0,5.9130726,14.010918,1.0,77.108475,1.0,1.0,1.0,16.0,60.90928,1.0,2.0,0.0,67.0,1.0
58.933865,159.22156,6.0,-8.800573,17.038979,0.0,0.0,100.0,-7.0,7.0,8.0,18.0,6.0,63.25336,1.0,2.0,2.9674008,46.674664,89.78716,2.0,4.0,2.0,60.0,1.0
67.04666,78.440475,9.0,54.74405,10.0,0.0,0.0,78.89534,38.747444,6.0,6.0,12.643814,2.0,47.0,0.0,1.0,1.0,66.60704,45.81431,2.0,1.0,1.0,69.0404,1.0
64.0,60.53698,15.0,16.138258,-9.0,1.6255449,0.0,66.20984,22.85291,6.0,3.0,3.8867352,0.0,57.78443,0.0,1.0,1.0,5.0,71.0,0.0,2.0,0.0,86.884384,1.0
78.0,85.41649,36.61341,33.728973,-9.0,0.0,0.0,100.0,-7.0,7.0,8.0,3.9946227,0.0,38.631283,8.0,2.0,2.0,6.0,-8.0,1.0,-9.0,0.0,70.0,1.0
65.66815,-8.0,3.0,-9.0,7.5844183,0.0,0.0,73.03926,28.089737,6.0,6.0,11.545092,4.0,65.34105,7.0,0.0,0.0,6.0,117.86524,1.0,2.0,0.0,57.0,1.0
62.293297,101.64511,6.0,51.262558,22.0,0.0,0.0,100.0,-7.0,7.0,8.0,21.0,4.6405787,20.0,0.0,3.0,3.0392225,59.54548,63.44487,10.3095255,2.0,4.0,67.0,1.0
72.62921,209.69525,5.2145777,84.0,11.151981,3.7976475,2.0,85.21115,13.249565,4.0,5.0,15.0,2.0,25.932405,4.0,2.0,1.0,18.84845,80.641884,3.0,2.0,0.0,63.0,1.0
65.0,170.86746,12.0,65.0,40.964966,3.902484,1.0,91.0,21.411072,4.0,3.0,43.974247,2.0,39.537506,0.0,2.0,1.647839,60.579124,76.8084,11.0,5.7455077,3.0,73.931694,1.0
-9.0,138.41429,3.5691097,-9.0,13.0,0.0,0.0,100.0,-7.0,7.0,8.0,12.0,3.0,42.0,0.0,2.0,2.0,90.30862,86.31944,8.866498,10.932407,4.398838,100.0,1.0
63.59721,243.0876,3.0,45.17951,23.228542,0.0,0.0,100.0,-7.0,7.0,8.0,28.0,9.514643,35.0,0.0,3.0,3.0,50.986027,85.94524,4.0,3.0,1.2855382,63.0,1.0
63.0,198.97867,9.880776,44.5742,5.1417565,3.2648056,3.418464,60.695557,32.797325,6.0,-9.0,8.273711,1.0,40.0,0.0,0.0,0.0,14.478965,-8.0,1.0,-8.0,0.0,64.0,1.0
61.97725,-9.0,-9.0,-9.0,6.4233603,0.0,0.0,100.0,-7.0,7.0,8.0,8.0,10.230216,35.0,-7.0,4.0,3.0,35.873917,85.4502,4.0,3.0,0.0,76.37074,1.0
-9.0,122.1254,9.0,61.921345,39.497826,0.0,0.0,90.6639,-7.0,-9.0,6.0,37.281685,1.0,62.52369,1.0,5.0,4.8300467,110.709045,40.105553,9.9992485,5.0,4.2259126,100.0,1.0
69.24185,103.41129,8.939603,30.935966,5.8632555,0.0,0.0,100.0,-7.0,7.0,8.0,7.3837166,1.0,46.45698,0.0,0.0,0.0,0.0,-8.0,2.0,1.0,0.0,60.0,1.0
72.0,205.29538,-9.0,70.0,46.093796,1.0,0.0,98.0,49.03437,6.0,2.5145311,49.709877,10.504768,29.93462,0.0,4.0,4.7384486,15.0010395,74.8391,9.883552,15.807524,1.0,70.62809,1.0
56.618954,-7.379802,1.0,-9.0,-9.0,0.0,0.0,100.0,-7.0,7.0,8.0,0.91058576,4.0,65.40585,0.0,2.0,2.0,56.586037,71.06394,2.0,1.0,0.0,86.91254,1.0
68.0,101.23019,21.179016,61.92682,12.0,2.0,0.0,77.39692,8.808336,4.0,2.5205817,11.0,0.0,68.54455,0.0,3.0,2.4163232,24.866188,-1.6721073,1.0,2.0,0.0,73.701454,1.0
63.0,184.27715,27.289438,75.76281,12.0,0.0,0.0,88.15244,6.502619,4.0,6.0,9.0,0.0,21.0,4.0,0.0,0.0,91.08014,-8.0,3.0,1.0,2.0,69.85696,1.0
60.348515,128.53836,7.0,68.0,22.21361,2.0,1.0,75.31568,14.741654,5.0,5.0,24.0,5.421058,57.569912,0.0,3.0,2.0,36.18403,-8.0,3.0,3.0,0.46766174,81.44759,1.0
70.0,139.82544,3.0,45.971043,17.0,0.0,0.0,100.0,-7.0,7.0,8.0,17.0,2.0,42.0,0.0,1.0,1.0,38.958797,99.78515,3.0,2.0,2.0,60.0,1.0
71.0,123.72863,31.736204,46.857296,-9.0,0.0,0.0,100.0,-7.0,7.0,8.0,7.0,0.0,67.59753,0.0,2.0,1.0,13.30199,-8.0,1.0,-8.0,0.0,71.0,1.0
70.0,166.8375,5.0,42.83182,36.538788,2.0,1.1392365,88.305595,12.923301,4.0,6.0,54.501522,3.0,37.0,0.0,1.0,1.0,14.928955,53.77769,4.0,4.0,0.0,57.0,1.0
63.0,96.99342,4.0,38.942867,22.0,1.0,1.0,83.6071,4.0,4.0,6.0,32.07238,6.0,45.64099,1.0,0.0,0.0,16.0,90.684685,4.0,5.0,0.0,60.0,1.0
66.0,69.10848,10.0,-9.0,3.1696703,0.0,0.0,86.13684,23.751139,6.0,6.0,3.9921715,2.0,73.29105,0.0,1.0,1.0,0.0,78.014435,0.0,2.0,0.0,72.632614,1.0
77.0,125.24949,2.0,15.451382,7.0,0.0,0.0,100.0,-7.0,7.0,8.0,9.0,3.0,30.602995,0.0,8.467561,6.9208016,8.0,-8.0,2.0,-8.0,0.0,44.849117,1.0
72.0,83.31048,35.609272,71.23864,10.0,0.0,0.0,77.98946,5.3851414,6.0,4.0,9.0,0.0,13.0,-7.0,2.0,2.0,3.0,-8.0,2.0,-8.0,0.0,50.0,1.0
65.381325,176.09695,2.0,60.884483,21.0,0.0,0.0,85.18518,40.874485,6.0,6.0,28.0,3.6055005,36.438496,6.0,0.0,0.0,95.036415,85.59006,5.0,4.6946635,1.0,100.0,1.0
62.26211,138.95593,11.0,35.503384,15.0,4.9081597,2.1134567,61.901497,58.151276,6.0,2.6268137,22.0,0.0,92.06245,-7.0,0.0,0.0,94.60704,31.752205,2.0,1.2675823,0.0,100.0,1.0
67.95596,148.06548,4.0,52.70496,32.0,0.0,0.0,91.87993,38.927174,6.0,6.0,35.08116,3.0,35.0,0.0,1.0,0.0,30.437021,-8.0,7.0,2.0,1.0,75.0,1.0
16.752268,172.38441,12.456738,80.124176,15.154512,0.0,0.0,91.60563,-7.0,-9.0,6.0,18.0,0.0,0.53258866,0.0,0.0,0.0,73.49416,-8.0,7.0955462,-3.8391833,3.0,78.09087,1.0
63.920063,331.3251,32.35327,90.0,17.0,1.0,0.0,83.63261,12.688551,6.0,4.590053,18.0,0.0,29.78842,0.0,3.0,2.0,80.83488,-8.0,8.0,2.0,4.0,67.0,1.0
66.75195,259.76498,22.68828,81.0,10.0,1.4443614,1.0,88.00679,9.185444,4.0,5.0,10.0,0.0,19.0,3.6666374,2.0,1.0,92.70737,88.0,2.0,2.0,1.0,75.0,1.0
55.059044,190.07715,8.0,17.451977,8.0,0.0,0.0,84.17273,-7.0,4.0,6.0,10.0,3.0,99.969765,0.0,1.0,1.0,32.0,65.40558,1.0,3.0,0.0,100.0,1.0
17.457876,59.687187,5.0,36.197956,23.0,0.0,0.0,100.0,-7.0,7.0,8.0,26.0,2.1099486,38.0,-6.0358553,2.0,2.0,97.84888,-8.0,13.543727,3.0,5.508968,88.0,1.0
66.0,88.51721,11.0,42.1242,6.832115,1.0,1.0,100.0,-7.0,6.0,8.0,9.0,1.0,63.67766,0.0,2.0,2.0,38.755623,-3.7760687,2.0,2.0,0.0,64.0,1.0
70.99511,89.62604,6.0,68.91899,-9.0,0.0,0.0,100.0,-7.0,7.0,8.0,4.8063655,0.0,39.0,4.0,2.0,2.0,101.29087,-8.0,3.0,-8.0,4.0,91.23047,1.0
25.673285,148.74588,24.145731,58.0,17.0,1.0,1.0,77.6641,7.5093846,6.0,3.0,23.0,0.0,39.0,0.0,2.0,2.0,59.470505,9.732375,9.0,1.0,2.0,78.00763,1.0
65.0,228.40659,10.0,61.209084,24.0,1.0,1.0,88.0,6.0,4.970457,5.8819156,24.0,0.0,47.0,0.0,0.0,1.0,78.4839,90.94904,6.3666806,2.0,2.0,80.0,1.0
68.62017,156.37955,6.0,56.002388,20.0,0.0,0.0,95.0,4.518927,5.0,6.0,21.858788,5.0,72.99415,0.0,4.0,3.0,46.92739,87.4777,1.0,5.0,0.0,88.0,1.0
59.501114,147.581,12.731482,61.666176,39.106037,0.0,0.0,91.0,3.4253674,5.0,6.0,35.312065,0.0,51.84643,0.0,5.0,4.0,89.12274,90.1969,7.0,4.0,2.0,91.27151,1.0
64.0,176.66437,6.0,31.05233,24.0,0.0,0.0,82.51846,-7.0,-9.0,6.0,32.0,4.0,56.733624,0.0,1.0,1.0,18.0,126.486206,3.0,3.0,0.0,67.196,1.0
72.0,171.65996,32.328026,81.0,9.0,0.0,0.0,100.0,-7.0,7.0,8.0,9.0,0.0,47.83942,4.0,1.0,1.0,77.545265,29.686928,1.0,3.0,1.0,75.0,1.0
74.0,160.28033,14.253183,68.15272,12.0,0.0,0.0,100.0,-7.0,7.0,8.0,13.0,0.0,23.659962,0.0,4.0,4.0,52.597122,-8.0,2.0,1.0,0.0,50.0,1.0
76.0,120.09867,7.0,16.983793,9.0,0.0,0.0,100.0,-7.0,7.0,8.0,11.0,3.0,19.0,1.0,1.0,1.0,4.8979626,-8.0,2.0,1.0,0.0,67.93235,1.0
66.0,84.12473,3.0,44.432495,14.0584545,0.0,0.0,96.0,22.92731,4.0,6.0,15.0,2.0,68.43431,0.0,6.5422277,6.648972,59.67024,86.72922,2.0,2.0,2.0,77.83678,1.0
59.353947,126.59785,44.11139,53.212437,6.0,2.0,0.0,74.95897,53.360138,6.0,5.0,9.0,0.0,95.702835,3.0,2.0,2.0,112.073875,-8.0,0.0,1.0,0.0,100.0,1.0
-2.4990346,160.48355,27.29641,81.77669,15.1034565,0.0,0.0,84.1092,5.8125405,4.0,6.0,16.585976,0.0,30.0,8.862525,2.0,2.0,117.266136,7.171985,7.0,3.0,8.303239,100.0,1.0
71.0,156.02905,21.807869,67.703835,13.0,0.0,0.0,88.0,11.020248,6.0,6.0,10.0,0.0,70.903595,0.0,16.500193,13.768289,2.0,11.40307,1.0,2.0,0.0,50.57852,1.0
71.881004,198.39635,5.0,55.36485,28.0,0.0,0.0,100.0,-7.0,7.0,8.0,27.0,3.0,24.0,1.0,0.0,0.0,19.211761,77.82703,11.0,2.0,0.0,68.93225,1.0
74.05543,53.498276,2.0,-9.0,4.547762,0.0,0.0,100.0,-7.0,7.0,8.0,5.1240563,3.0,56.071472,0.0,2.0,2.0,4.0,63.770477,1.0,1.0,-8.778464,70.0,1.0
71.0,113.16138,3.0,54.3462,12.0,0.0,0.0,100.0,-7.0,7.0,8.0,15.0,2.0,24.0,1.0,6.1708016,6.6638613,15.109675,84.58815,2.0,1.0,0.0,63.0,1.0
58.888573,166.83058,23.2958,108.0644,-9.0,2.5664477,1.0,-9.0,34.595726,6.0,-9.0,3.3662076,0.0,18.794292,1.9852844,2.0,1.0,100.22146,-8.0,2.0,-9.0,1.0,100.0,1.0
71.21844,134.10707,2.0,22.996895,16.0,0.0,0.0,100.0,-7.0,7.0,8.0,15.0,3.0,23.301702,0.0,2.0,1.0,61.1079,94.22445,4.0,2.0,1.0,55.084156,1.0
66.02178,-8.819539,9.174862,-9.0,-9.0,0.0,0.0,100.0,-7.0,7.0,8.0,0.05421068,2.0,15.380109,0.0,0.0,0.0,9.0,89.5317,2.0,1.0,0.0,89.2552,1.0
-9.0,147.45676,17.900892,58.46897,8.0,1.0,0.0,71.90938,3.0,4.0,4.0,9.0,0.0,50.0,0.0,0.0,0.0,114.53726,77.919785,3.0,2.0,2.377111,100.0,1.0
64.81978,141.53166,2.0,36.074097,10.0,0.0,0.0,100.0,-7.0,7.0,8.0,11.474359,7.1686807,12.009677,0.0,1.856414,2.0,53.031055,42.53663,8.0,2.0,0.0,88.0,1.0
-9.0,162.85292,1.0,52.594006,14.0,8.579182,6.8192744,70.07218,5.903772,4.0,4.0,22.0,9.323408,33.0,0.0,6.9326596,6.781448,14.0,48.935524,6.0,3.0,0.0,70.0,1.0
59.009586,308.85663,8.790306,69.7093,23.102816,1.0,0.0,93.0,6.0,4.0,4.0,30.0,3.0,52.960842,0.0,3.5051665,3.0,73.742,96.51681,5.0,13.249448,2.0,82.794556,1.0
71.0,139.38512,8.0,46.72837,11.0,0.0,0.0,100.0,-7.0,7.0,8.0,10.860289,1.0,43.136414,-7.0,1.0,1.0,28.0,73.20489,4.0,2.0,0.0,100.0,1.0
70.0,183.00655,3.0,42.44409,9.093352,0.0,0.0,100.0,-7.0,7.0,8.0,9.0,2.0,19.0,0.0,2.0,2.0,44.776054,-8.0,5.0,1.0,0.0,58.0,1.0
63.51725,214.14333,1.0,46.556564,15.0,4.022717,3.8679488,100.0,-7.0,6.0,8.0,17.0,2.0,36.00359,1.0,2.0,2.0,1.0,70.91346,2.0,2.0,0.0,20.739323,1.0
73.0,-7.0349345,19.422718,-9.0,-1.0471683,0.0,0.0,100.0,-7.0,7.0,8.0,2.2606304,0.0,99.94274,-8.0,0.0,0.0,0.0,56.550106,1.0,2.0,-8.0,79.121124,1.0
65.77696,99.48308,1.0,33.017174,41.106228,1.0,0.0,100.0,72.683624,6.0,5.0,39.032234,10.770638,29.0,0.0,5.344038,5.0241942,63.14027,51.442574,9.0,4.0,3.381417,67.0,1.0
73.0,100.89193,29.54288,51.78506,15.0,0.0,0.0,100.0,-7.0,7.0,8.0,12.0,0.0,54.090202,0.0,2.0,1.0,31.219946,-8.0,1.0,2.0,1.0,55.00368,1.0
62.59352,-9.0,-6.0434513,-9.0,16.0,0.0,0.0,100.0,-7.0,7.0,8.0,21.434296,10.929317,40.0,-7.0,6.246285,6.5689735,22.99394,94.88493,4.0,5.0,0.0,71.0,1.0
65.0,64.44133,7.4361553,-9.0,11.290766,0.0,0.0,100.0,-7.0,7.0,8.0,12.0,3.0,88.176956,0.0,1.0,1.0,44.80108,92.72366,1.0,3.0,0.0,68.797844,1.0
-9.0,-9.0,3.1474757,-9.0,17.0,2.0,0.0,75.01435,19.592577,4.0,3.876834,23.0,4.0,-9.0,1.0,1.0,1.0,81.630035,-8.0,9.601522,1.0,1.0,70.69918,1.0
71.0,161.724,2.0,43.489567,18.0,0.0,0.0,94.0,48.946175,6.0,6.0,21.0,3.0,60.079796,-8.0,1.0,1.0,40.990356,91.1853,6.0,3.0,0.0,100.0,1.0
59.141827,190.8524,6.0,69.616875,12.949981,1.0,1.0,100.0,-7.0,5.2652645,7.9319,9.0,2.0,45.0,0.0,2.0,2.1299868,69.88116,48.546726,3.0,1.0,0.0,100.0,1.0
71.0,147.6738,5.0,-9.0,19.683836,1.0,0.0,92.0,44.90146,6.0,2.0,19.347708,2.0,20.898584,0.0,4.0,4.856047,26.924288,64.81475,8.0,2.0,0.0,60.0,1.0
72.0,180.22339,7.853423,66.94989,26.0,1.0,1.0,95.0,31.176027,6.0,5.0,27.376806,3.0,57.43084,0.0,0.0,0.0,37.076054,55.120636,3.0,6.0,0.0,86.0,1.0
81.0,150.91232,1.0,39.257286,27.0,0.0,0.0,100.0,74.214584,6.0,6.0,33.109463,10.186087,68.660835,0.0,1.0,1.0,30.200914,99.59749,3.0,7.326783,0.0,77.772,1.0
63.50264,131.14796,3.0,52.527924,-3.4260538,0.0,0.0,100.0,-7.0,7.0,8.0,4.975989,1.0,30.0,0.0,0.0,0.0,93.62301,-8.0,3.0,1.0,0.0,70.0,1.0
59.03171,133.33646,5.0,30.45892,10.146964,2.480042,2.1776962,100.0,-7.0,6.0,8.0,12.0,3.0,4.9968824,0.0,3.0,3.0,87.68853,-8.0,5.0,1.0,3.0,80.0,1.0
70.0,137.29591,23.911192,100.10285,18.0,0.0,0.0,100.0,-7.0,7.0,8.0,18.0,0.0,28.124187,-7.0,0.0,0.0,67.974525,-8.0,8.0,2.0,3.0,72.70044,1.0
79.0,162.40314,22.282457,68.0,4.201294,0.0,0.0,100.0,-7.0,7.0,8.0,5.0472236,0.0,86.81281,0.0,0.0,0.0,0.0,38.621708,0.8693128,1.0,-6.8676267,71.0,1.0
-9.0,134.63264,12.0,-9.0,6.0,0.0,0.0,100.0,-7.0,7.0,8.0,3.0813015,2.0,99.99919,0.0,1.0,2.0,4.0,50.8554,1.0,2.0,0.0,92.68656,1.0
64.55542,151.47086,4.0,58.0,20.0,1.5238943,0.0,86.59779,2.0,0.0,3.0,28.0,4.0,51.239597,0.0,3.1834342,3.0,31.204525,63.827602,4.0,5.0,0.0,88.988914,1.0
71.34224,173.38023,8.0,64.7532,12.0,1.0,1.0,84.49726,44.111702,6.0,4.5259514,9.0,2.0,6.5650992,2.0,0.0,0.0,50.48414,-8.0,3.0,1.0,0.0,53.16035,1.0
62.05186,1.7473017,2.0,-9.0,9.0,0.0,0.0,100.0,-7.0,7.0,8.0,4.8321853,9.311319,14.0,0.0,6.906354,8.521868,90.77125,96.58192,4.0,2.0,3.0,79.753746,1.0
69.0,181.16563,2.0,58.574562,13.0,0.0,0.0,100.0,-7.0,7.0,8.0,17.395004,1.0,14.0,0.0,0.0,0.0,87.49297,-8.0,3.0,-8.0,5.2851853,60.0,1.0
68.0,220.47359,20.544672,58.0,-9.0,0.0,0.0,100.0,-7.0,7.0,8.0,8.113802,0.0,75.59026,6.6442676,0.0,0.0,75.19518,100.0,1.0,2.0,0.0,67.0,1.0
77.0,92.59912,80.785255,76.27672,-5.621912,0.0,0.0,74.10289,17.10666,6.0,6.0,7.0,0.0,16.0,5.020236,0.0,0.0,34.639957,-8.0,4.0,-9.0,0.0,90.67433,1.0
64.0,39.603355,5.0,-9.0,28.0,0.0,0.0,100.0,-7.0,7.0,8.0,29.0,6.0,46.0,0.0,2.0,2.0,54.234497,93.0,11.0,5.0,3.7724245,88.19136,1.0
59.59666,80.64679,8.548425,-9.0,13.0,0.0,0.0,100.0,-7.0,7.0,8.0,7.768025,1.0,38.929764,5.0027256,0.0,0.0,54.135605,92.94584,9.772258,2.0,2.0,83.527336,1.0
56.064007,39.703476,3.0,-9.0,14.0,0.0,0.0,100.0,-7.0,7.0,8.0,16.0,3.0,40.101562,2.8472812,4.0,4.0,79.54389,89.858345,3.0,2.0,2.0,90.5216,1.0
63.280262,10.958048,3.0,16.11956,12.0,2.0,1.681594,67.03604,35.939354,6.0,6.0,12.2369375,5.2872257,95.613075,6.972143,2.0,2.0,12.0,-8.0,2.0,4.0,0.0,80.97973,1.0
68.007774,177.48932,2.0,47.717205,3.5106978,0.0,0.0,100.0,-7.0,7.0,8.0,7.0,6.0,39.0,0.0,1.0,1.0,16.0,-8.0,2.0,1.0,0.0,60.0,1.0
64.0,110.58521,1.1782715,-9.0,12.0,0.0,0.0,100.0,-7.0,7.0,8.0,17.0,6.0,23.68959,0.0,6.523524,6.41538,3.0,88.0,2.0,1.0,0.0,33.0,1.0
66.0,135.3241,7.0,31.253534,6.0,0.0,0.0,89.0,67.6497,6.0,6.0,3.2384942,3.0,68.3084,1.0,0.0,0.0,105.98485,96.04024,2.0,2.0,0.0,100.0,1.0
-9.0,130.03174,8.0,52.57956,13.0,10.424651,3.7345788,-9.0,8.004944,3.0,3.2757819,16.0,2.0,33.0,0.0,2.0,2.0,73.622986,93.79976,4.0,2.4110186,0.0,75.0,1.0
62.478863,137.40994,3.0,60.143402,18.0,8.695351,3.056241,82.003525,42.79503,6.0,2.0,15.0,2.0,61.573906,0.0,4.0,3.868032,63.381073,67.38375,2.0,4.0,0.0,88.0,1.0
65.0,138.24135,4.0,28.585022,8.0,0.0,0.0,75.23708,28.683372,4.0,6.0,10.0,2.0,24.88347,0.0,0.0,0.0,59.76264,17.276878,3.0,1.0,0.0,93.245705,1.0
64.93558,69.42582,2.0,6.6444354,9.0,0.0,0.0,100.0,-7.0,7.0,8.0,17.0,2.9903615,50.0,0.0,1.0,1.0,87.52555,-8.0,3.0,2.0,1.0,75.00836,1.0
76.94461,179.41449,24.60774,76.0,9.0,0.0,0.0,100.0,-7.0,7.0,8.0,7.620911,0.0,47.0,0.0,4.986261,5.0,22.941519,50.767757,2.0,2.0,1.0,58.77733,1.0
63.81897,166.72415,30.339499,67.400795,10.460844,0.0,0.0,86.33915,34.649174,6.0,6.0,6.3725963,0.0,99.944824,0.0,5.0,4.3731337,-9.0,65.80814,-9.0,2.0,-9.0,86.62783,1.0
63.0,99.981766,3.0,52.4766,11.272692,1.0,0.0,83.09532,15.17277,6.0,5.0,10.666838,3.0,14.111434,0.0,2.0,2.0,22.017933,-8.0,5.0,1.0,0.0,88.0,1.0
64.45992,205.9492,2.0,26.877016,10.665378,0.0,0.0,88.0,24.552502,4.0,6.0,15.0,5.564489,41.241985,0.0,3.0,3.0,78.895546,-8.0,3.0,1.0,2.0,67.0,1.0
65.77722,34.376255,6.0,-9.0,12.0,0.0,0.0,100.0,-7.0,7.0,8.0,11.0,3.2995527,50.0,0.0,1.0,1.0,56.310925,30.435331,1.0,4.0,1.0,71.0,1.0
65.0,114.16586,3.0,51.000965,43.095844,0.0,0.0,100.0,-7.0,7.0,8.0,46.487053,4.0,43.0,0.0,0.0,0.0,109.32888,93.0,9.312704,3.5652158,10.003226,100.0,1.0
29.556896,119.88745,4.0,55.98395,34.0,0.0,0.0,89.48875,3.104259,6.0,6.0,35.71234,5.0,15.0,3.0,0.0,0.0,64.76892,-8.0,13.261525,3.0,7.8130803,83.0,1.0
68.0,129.04645,2.0,36.251953,9.541818,0.0,0.0,100.0,-7.0,7.0,8.0,11.0,2.5168567,73.373535,0.0,0.0,0.0,58.25825,80.0,2.0,3.0,-8.0,100.0,1.0
-9.0,199.40471,23.31331,63.724796,-9.0,0.7579744,0.0,-9.0,-7.0,-9.0,5.0,8.529008,0.0,15.40222,0.0,1.0,1.0,53.13848,-8.0,4.0,1.0,2.0,100.0,1.0
65.0,93.636024,9.0,58.0,22.0,0.0,0.0,100.0,-7.0,7.0,8.0,25.589212,0.0,18.159039,0.0,2.0,2.0,82.15685,-8.0,5.0,1.0,2.0,64.39822,1.0
73.81153,172.48,13.388157,60.667095,7.889672,0.0,0.0,62.063774,4.0,6.0,6.0,4.5333524,0.0,67.271645,-7.0,0.0,0.0,-9.0,-8.0,-9.0,-9.0,-9.0,-9.0,1.0
-9.0,42.02255,2.0,-9.0,17.0,0.0,0.0,100.0,-7.0,7.0,8.0,22.0,6.0,25.274206,-7.0,0.0,0.0,72.951355,80.0,9.0,6.593768,10.069597,75.0,1.0
54.50511,392.6812,14.0,124.65884,10.0,1.0,0.0,-9.0,23.440304,6.0,4.0,15.0,1.0,32.531136,0.0,0.0,0.0,105.63724,-8.0,4.0,-8.0,2.0,100.0,1.0
70.0,-6.0318217,18.030895,39.061584,7.0,0.0,0.0,100.0,-7.0,7.0,8.0,11.0,0.0,-5.7538385,6.4065866,0.0,0.0,90.18373,-8.0,4.0,1.0,0.0,71.0,1.0
69.0,375.73035,36.127445,177.132,12.0,2.0,0.0,77.91538,7.3585706,6.0,2.0,15.0,0.0,14.0,0.0,1.0,0.0,0.986811,-8.0,2.0,-5.4365196,0.0,20.611923,1.0
68.0,118.934715,39.575768,49.14748,12.0,0.0,0.0,89.73039,24.373148,6.0,6.0,9.0,0.0,50.0,0.0,1.0,1.0,62.603394,-8.0,2.9554763,1.0,0.0,75.0,1.0
73.0,131.35944,7.0,12.774952,15.0,0.0,0.0,100.0,-7.0,7.0,8.0,18.6418,4.0,34.83787,-8.0,0.0,0.0,17.0,-8.0,3.0,3.0,1.0,75.0,1.0
76.0,130.51591,60.814053,62.22691,3.1844316,0.0,0.0,100.0,-7.0,7.0,8.0,8.0,0.0,100.0,0.0,1.0,1.0,20.525257,-5.4160423,1.0,1.0,-8.0,100.0,1.0
59.69842,149.33884,7.0,43.763287,19.0,1.0,1.0,88.71862,10.371353,6.0,6.0,22.0,1.0,56.267315,-7.0,0.0,0.0,76.59475,87.20461,4.0,4.0,2.6177459,75.0,1.0
64.0,162.32173,2.0,42.9503,20.0,0.0,0.0,92.0,4.0,4.0,6.0,26.0,3.2267237,64.78196,0.0,15.749659,16.73994,26.955812,55.076164,3.0,7.7048435,0.0,86.0,1.0
63.0,168.09239,2.0,61.481537,40.485657,0.0,0.0,93.0,23.911737,6.0,6.0,37.6329,5.0,42.83562,0.5310835,1.0,1.0,63.596947,76.75792,12.415347,4.0,4.0,100.0,1.0
63.0,140.55318,2.0,55.65011,23.0,0.0,0.0,86.63669,4.0,4.0,6.0,31.0,5.0,51.842686,1.0,2.0,2.0,22.457298,90.938995,5.0,3.0,1.0,77.99201,1.0
68.0,115.48069,3.0,46.074604,10.0,1.0,0.0,82.02878,37.43807,6.0,5.0,11.736446,3.0,87.012276,0.0,1.0,1.0,0.0,100.0,1.0,2.0,-2.7231154,67.0,1.0
63.0,109.2644,7.0,62.711304,5.1144485,0.0,0.0,89.0,3.0,0.0,5.0,7.292876,1.0,53.416256,1.0,0.0,0.0,78.77734,-8.0,1.0,1.0,0.0,100.0,1.0
63.0,149.28604,3.0,29.267384,12.0,2.0,1.7416879,82.76046,21.778353,4.0,2.0,12.721897,6.0,19.0,0.0,4.1879773,4.176895,76.62598,-8.0,6.0,1.0,2.0,80.56977,1.0
-0.22719106,-9.0,1.0,-9.0,4.8846965,0.0,0.0,100.0,-7.0,7.0,8.0,7.0,10.479093,13.0,0.0,2.0,2.0,94.70145,-8.0,7.3011374,-9.0,4.85166,100.0,1.0
66.0,137.57704,2.0,56.343945,19.0,0.0,0.0,100.0,-7.0,7.0,8.0,20.0,4.0,17.44392,1.0,4.0,3.0,50.877174,93.999115,10.660219,2.0,2.0,67.0,1.0
57.107098,172.13977,3.0,91.02789,2.348891,0.0,0.0,79.918816,29.02835,5.7412868,6.0,6.6352763,1.0,40.0,0.0,1.0,2.0,119.519936,93.5177,2.0,2.0,4.0,100.0,1.0
62.828327,-8.0,6.0,-9.0,7.0,0.0,0.0,100.0,-7.0,7.0,8.0,8.0,2.0,66.77507,0.0,0.0,0.0,11.0,61.042805,0.31709352,4.0,1.0,80.0,1.0
70.045975,142.07195,2.0,35.980907,3.6390474,0.0,0.0,100.0,-7.0,7.0,8.0,8.0,3.0,41.0,-7.0,4.0,4.0,52.51946,-8.0,1.9818771,2.0,0.0,63.0,1.0
63.229996,77.88782,3.0,37.012512,5.386883,0.0,0.0,100.0,-7.0,7.0,8.0,8.201639,2.719979,12.650543,7.0,1.0,1.0,92.72681,-8.0,4.0,1.0,0.0,98.745224,1.0
54.647556,155.10129,-9.0,62.24498,18.0,3.0,2.0,68.74175,-7.0,0.0,6.0,26.0,5.3415117,50.0,0.0,4.0,3.616964,32.0,76.37764,6.0,3.0,0.0,80.0,1.0
61.014153,12.896547,4.0,-9.0,6.798497,0.0,0.0,100.0,-7.0,7.0,8.0,8.0,3.0,88.37103,0.0,1.0,1.0,18.84905,51.657032,1.5182472,2.0,0.0,57.0,1.0
65.264175,32.66878,3.0,61.73937,45.84997,1.0,1.0,100.0,-7.0,6.0,8.0,46.88547,9.383452,67.04533,0.0,6.0531516,6.3498936,54.939804,80.96137,5.0,6.993312,3.0,100.0,1.0
77.0,148.14415,47.3177,94.0,-2.5451548,0.0,0.0,100.0,-7.0,7.0,8.0,2.8199744,0.0,39.0,0.0,1.0,1.0,53.04459,-8.0,2.0,1.0,1.0,100.0,1.0
73.0,162.11162,1.0,37.46434,15.0,0.0,0.0,100.0,-7.0,7.0,8.0,18.34525,3.0,35.0,0.0,2.0,1.9034837,23.747797,84.0354,2.0,2.0,0.0,50.0,1.0
58.944492,-8.0,4.0,-9.0,33.317383,0.0,0.0,100.0,-7.0,7.0,8.0,28.06749,9.6806965,12.354587,4.0,1.0,0.0,36.0,13.457175,6.9957542,1.0,4.24618,38.93653,1.0
62.13189,139.83897,7.0,45.248726,11.792472,1.0,0.0,90.0,45.45418,4.4778037,3.0,11.30265,4.0,67.68765,0.0,2.0,2.0,115.93798,94.967064,4.0,4.0,3.0,100.0,1.0
65.617256,138.5407,10.0,59.62361,25.056978,1.0,0.0,90.0,9.353199,6.0,6.0,27.680016,1.0,71.031525,2.0,1.0,0.0,62.47937,84.98883,3.0,19.84823,1.0,71.92119,1.0
71.42797,-9.0,42.32383,38.575443,10.0,0.0,0.0,100.0,-7.0,7.0,8.0,9.0,0.0,19.0,0.0,2.0,2.0824971,21.45393,-8.0,3.0,1.0,0.0,67.0,1.0
65.0,4.5278363,4.0,43.40364,25.0,1.0,0.0,94.0,30.311361,6.0,5.0,24.0,2.0,57.471127,0.0,4.0,4.0,24.877483,58.095985,4.0,4.0,1.0,64.0,1.0
70.0,159.71109,5.0,-9.0,-9.0,0.0,0.0,100.0,-7.0,7.0,8.0,3.854593,2.0,18.0,0.0,2.0,2.681449,54.95556,-8.0,2.0,-9.0,0.0,75.0,1.0
67.646965,123.226364,1.0,58.0,11.705982,1.0,0.0,88.0,23.738169,6.0,5.0,12.0,2.0,43.540104,7.0,0.0,0.0,51.362545,7.5674176,3.0,2.0,1.0,78.0,1.0
63.0,165.90594,2.0,-9.0,7.0,0.0,0.0,100.0,-7.0,7.0,8.0,11.843286,5.0567336,26.0,0.0,2.0,2.0,23.460419,93.0,4.0,3.0,0.0,56.0,1.0
63.253418,162.61241,4.0,54.004593,14.0,0.0,0.0,100.0,-7.0,7.0,8.0,10.0,1.0,69.16295,0.0,2.0,2.0,119.35759,70.61959,2.0,1.0,2.0,100.0,1.0
59.514454,-9.0,5.0,18.287287,7.0,2.0,2.0,69.31834,46.69239,6.0,4.0,8.9395275,2.0,18.018442,0.37222752,2.633347,2.0,93.74391,98.84507,3.0,2.0,0.004783755,85.30495,1.0
64.64142,179.72556,30.32926,72.855865,10.0,3.341694,1.0,-9.0,17.985044,4.0,2.7916906,18.0,0.0,88.39287,0.0,4.0,3.0,30.363972,62.492413,2.0,1.0,0.0,80.0,1.0
76.0,56.334114,5.0,47.985836,8.0,0.0,0.0,100.0,-7.0,6.0,8.0,6.5959244,4.9408245,74.413956,0.0,1.0,2.0,21.919348,91.0,1.0,4.0,0.0,69.521164,1.0
64.0,137.51855,31.08017,60.36947,3.1160297,1.0,0.0,-9.0,3.0,5.548162,5.0,6.600836,0.0,58.750175,1.0,2.0,1.682899,0.0,-8.0,0.0,2.0,-3.6975415,86.0,1.0
65.0,128.58188,3.0,61.811504,10.0,0.0,0.0,88.0,72.95147,6.0,6.0,9.0,2.0,15.0,0.0,1.8711445,2.0,60.847668,72.506905,5.0,1.0,3.0,82.69996,1.0
15.855608,159.53673,2.0,47.361904,28.0,2.396164,1.0,91.13308,6.499875,6.0,6.0,36.462727,9.005135,21.0,0.0,4.0,3.0,72.77062,-8.0,11.226623,2.0,3.0,100.0,1.0
62.0,133.84648,4.0,56.159657,17.0,0.0,0.0,100.0,-7.0,7.0,8.0,15.5992565,2.0,40.0,0.0,2.0,2.0,33.125492,83.547356,7.0,2.0,1.0,80.0,1.0
71.0,74.3755,4.0,45.402245,37.60534,0.0,0.0,96.0,35.954704,6.0,6.0,33.29355,4.0,16.193865,1.0,0.0,0.0,32.0,-8.0,4.0,1.0,0.0,44.0,1.0
58.758774,101.54069,2.7255235,42.130196,14.0,0.0,0.0,100.0,-7.0,7.0,8.0,15.0,3.0,19.708828,0.0,2.0,2.0,77.01035,-8.0,6.2212667,1.0,2.0,80.668594,1.0
-9.0,199.3316,15.477315,70.0,12.0,1.0,1.0,56.415726,1.7614422,4.0,5.0,9.0,0.0,46.716564,0.0,2.0,1.33585,93.64231,-8.0,4.0,2.0,9.18882,91.177826,1.0
71.0,62.68679,10.0,48.46893,14.0,0.0,0.0,93.89279,61.11912,6.0,6.0,12.0,0.0,43.0,0.0,4.0,4.0,50.192654,60.88729,4.0,3.0,1.0,80.0,1.0
58.260197,95.803955,10.0,27.603905,12.0,0.0,0.0,100.0,-7.0,7.0,8.0,13.991092,1.0,8.329567,0.0,1.0,1.0,117.673904,-8.0,6.0,1.0,3.3096485,100.0,1.0
-9.0,216.48196,8.0,63.024208,27.0,0.0,0.0,87.650215,4.0,4.0,6.0,27.0,1.0,27.0,0.0,2.0447495,2.0,117.19612,94.178215,11.0,2.0,10.9351225,86.0,1.0
55.155148,138.09119,3.6371233,-9.0,9.052972,0.0,0.0,100.0,-7.0,7.0,8.0,14.0,5.1628003,29.0,0.0,3.0,3.0,13.534188,93.0,2.0,3.0,2.0,43.447617,1.0
61.447437,-8.0,4.0,36.82678,14.0,0.0,0.0,96.0,21.626509,4.0,6.0,12.0,5.0,29.0,0.0,0.0,0.0,79.1546,96.34593,5.0,2.0,1.0,86.0,1.0
62.835266,166.20103,21.654848,36.1651,10.0,0.0,0.0,89.84398,50.433456,6.0,6.0,9.685406,0.0,77.058975,0.0,2.0,2.0,119.31148,-8.0,3.0,2.0,1.0,99.815384,1.0
65.62969,131.63368,5.0,44.72863,21.834297,0.0,0.0,95.0,9.590772,4.3574786,6.0,23.0,2.0,55.43759,-7.0,0.0,0.0,56.563766,93.138176,2.0,7.386345,1.0,80.0,1.0
60.200695,124.823425,10.853129,57.04314,8.39236,0.0,0.0,68.45723,-7.0,0.0,5.4851604,12.0,0.0,99.56976,0.0,0.0,0.0,0.0,-8.0,1.0,-8.0,0.0,76.03704,1.0
-9.0,35.935017,5.8364224,-9.0,3.0662808,0.0,0.0,100.0,-7.0,7.0,8.0,3.989451,1.0,55.051445,5.8653936,1.0,0.0,119.83352,52.27187,2.0,2.0,2.0,100.0,1.0
59.151115,-9.0,3.0,-9.0,-6.165736,0.0,0.0,100.0,-7.0,7.0,8.0,4.383896,3.0,53.471382,0.0,0.0,0.0,54.689247,61.044952,4.0,2.0,0.0,100.0,1.0
58.76834,68.40891,8.0,47.679787,13.500736,1.0,1.315699,88.870605,27.454304,0.0,6.0,4.9162107,2.0,57.31453,0.0,0.0,0.0,87.89125,7.945038,5.0,3.0,1.0,91.5671,1.0
72.0,102.41459,17.523302,66.98916,6.447952,2.0,2.0,82.34861,20.893774,6.0,2.8826342,3.9840198,0.0,19.0,0.0,4.876595,4.0,0.0,-8.0,1.0,-8.0,0.0,33.0,1.0
62.07621,223.7571,19.519762,86.44185,15.0,0.0,0.0,100.0,-7.0,7.0,8.0,16.0,0.0,28.0,-1.9804451,0.0,0.0,102.00238,76.0,6.0,4.0,6.854041,80.0,1.0
61.015602,151.7226,2.0,-9.0,-9.0,0.0,0.0,100.0,-7.0,7.0,8.0,1.5960264,3.0,35.0,0.0,3.0,3.0,45.081455,-8.0,1.0,-8.0,0.0,56.0,1.0
56.76705,-9.0,1.0,-9.0,12.0,0.0,0.0,100.0,-7.0,7.0,8.0,9.0,4.0,47.0,7.105198,0.0,0.0,91.301506,95.8632,4.0,2.0,4.4877963,71.0,1.0
59.90601,137.43826,21.53112,58.0,10.0,2.0,1.0,60.99694,23.90159,6.0,2.0,15.0,0.0,42.28738,-7.0,2.0,2.0,89.06063,-8.0,4.0,1.0,2.0,100.0,1.0
63.43119,86.70126,6.0,36.279663,23.406584,2.8517017,2.2391858,86.85575,16.219856,4.0,-9.0,26.0,3.0,26.0,0.0,0.0,0.0,94.23743,78.690605,4.0,3.0,3.0,82.40387,1.0
70.56175,66.005905,2.0,49.06661,15.0,0.0,0.0,100.0,-7.0,7.0,8.0,16.0,1.0,72.762535,-7.0,4.0757947,4.0,51.075684,63.033073,2.0,4.0,0.0,69.90082,1.0
-9.0,-9.0,-9.0,-9.0,-9.0,-9.0,-9.0,-9.0,-9.0,-9.0,-9.0,-9.0,-9.0,-9.0,-9.0,-9.0,-9.0,-9.0,-9.0,-9.0,-9.0,-9.0,-9.0,1.0
57.818905,87.55507,2.0,46.29299,23.146759,1.0,1.0,83.3188,32.0621,6.0,4.0,23.0,6.0,20.84094,1.0,4.279612,4.0,39.322308,61.257286,7.0,1.0,2.0,60.0,1.0
75.24733,150.42201,15.0,51.693684,20.0,0.0,0.0,100.0,-7.0,7.0,8.0,16.0,0.0,32.0,0.0,0.0,0.0,27.469652,45.130882,8.0,2.0,0.0,63.058018,1.0
66.01358,99.10615,12.0,45.11686,3.2873175,0.0,0.0,88.496796,47.220867,6.0,6.0,0.20163698,1.0,90.22532,0.0,2.0,1.0,0.0,94.67415,1.0,2.0,-9.0,63.0,1.0
66.0,138.66774,3.7344415,35.854633,18.0,0.0,0.0,100.0,-7.0,7.0,8.0,17.0,4.6657524,43.0,0.0,1.0,1.0,54.318356,-8.0,5.0,1.0,1.0,77.22722,1.0
67.665504,131.19702,3.0,44.433083,25.90568,0.0,0.0,100.0,-7.0,7.0,8.0,25.810461,8.84232,37.0,0.0,2.0,3.0,22.49647,47.738674,5.0,4.9251065,2.0,58.0,1.0
59.54219,130.00314,6.0,53.79532,31.0,3.0,1.0,89.0,9.404277,-9.0,6.0,34.0,5.0,42.388527,0.0,0.0,0.0,59.01039,81.95904,7.0,6.0,0.0,87.17211,1.0
59.364777,173.0777,1.0,70.0,24.0,3.0,0.0,82.378845,5.953597,6.0,2.198328,28.0,8.776587,21.287045,7.0,1.0,0.0,46.517143,54.338593,7.0,2.0,2.0,72.757965,1.0
65.0,125.53018,20.0,49.71615,21.0,2.0,2.244817,77.3024,17.034779,5.0,2.0,23.0,0.0,14.0,0.0,2.0,2.0,76.259384,-8.0,5.0,-8.0,2.0,57.59632,1.0
67.0,112.35181,4.0,-9.0,14.0,0.0,0.0,95.0,23.502783,6.0,6.0,16.0,3.0,22.0,-4.9206963,1.0,0.0,53.575653,86.670494,2.0,2.0,0.0,53.023026,1.0
63.89223,142.9485,5.0,65.0,29.0,3.9362006,0.0,84.024315,28.600853,6.0,3.970173,36.67926,3.0,39.40334,-7.0,3.0,3.0,48.86112,78.38445,5.0,9.339071,2.0,78.16235,1.0
75.0,120.35663,7.0,64.63689,5.6971536,0.0,0.0,100.0,-7.0,7.0,8.0,3.9941487,1.0760143,94.489685,12.0,0.0,0.0,0.0,98.25923,-9.0,1.0,0.0,36.40548,1.0
66.0,155.14395,1.0,58.0,9.879939,0.0,0.0,100.0,-7.0,7.0,8.0,9.522605,3.0,27.0,0.0,1.0,1.8054211,65.29331,81.461205,6.0,2.0,4.0,92.061615,1.0
65.0,118.963326,13.756921,48.801464,2.88125,1.0,0.0,71.48873,26.648664,6.0,5.0,8.858788,0.0,37.0,0.0,1.2416154,1.0,94.75848,67.74181,3.0,1.0,0.0,70.29133,1.0
-9.0,130.73392,6.0,43.056114,31.652517,4.7128925,3.1069138,69.107445,1.9954948,4.0,2.0,34.0,4.0,58.59234,-7.4587445,0.0,0.0,55.219666,79.82595,4.0,5.0,1.0,78.0,1.0
-9.0,-1.0969789,5.0,-9.0,4.9345393,0.0,0.0,100.0,-7.0,7.0,8.0,7.3098054,2.0,27.0,0.0,1.0,1.0,91.771774,90.21912,4.0,1.0,3.1633224,71.0,1.0
54.103928,159.41797,2.0,55.955383,26.0,0.0,0.0,100.0,-7.0,7.0,8.0,28.0,5.0,40.0,0.0,3.0,2.9781497,61.240658,61.943047,4.0,21.632174,2.0,63.906773,1.0
62.072296,67.065216,4.0,26.647697,-9.0,0.0,0.0,69.6538,7.6381326,4.0,6.0,3.246289,2.0,40.0,0.0,0.0,0.0,64.44565,52.917603,2.0,1.0,0.0,71.0,1.0
67.4013,110.54108,6.0,45.863377,34.0,0.0,0.0,97.0,15.959713,4.0,6.0,34.0,3.0,7.251373,3.3097613,1.0,1.0,24.233084,-8.0,6.0,1.0,2.0,50.0,1.0
67.824326,294.2797,6.0,119.861595,13.0,0.0,0.0,77.94226,19.204777,4.2701974,6.0,16.519333,2.0,19.964636,0.0,0.0,0.0,75.31369,31.4545,5.0,1.0,2.0,65.22134,1.0
15.903239,28.244164,4.0,-9.0,5.0296245,0.0,0.0,88.0,22.275064,6.0,6.0,6.877062,3.0,52.76071,0.0,4.0,4.0,46.643143,-8.0,3.0,2.0,0.0,78.0,1.0
59.528706,67.11922,1.0,-9.0,17.0,0.0,0.0,100.0,-7.0,7.0,8.0,19.0,5.0,26.0,1.8596452,1.0,1.0,40.97766,39.821354,6.0,17.656294,3.0,70.39255,1.0
67.35116,114.34683,10.0,61.857685,8.0,0.0,0.0,85.74804,21.415548,6.0,6.0,7.618059,2.0,50.0,0.0,1.0,1.0,82.34955,-8.0,1.6852256,1.0,1.0,100.0,1.0
63.357353,-7.6270514,5.0,33.606243,36.0,9.124264,8.900029,88.16115,15.751253,6.0,5.0,38.377834,6.4079294,57.466263,0.0,5.9510956,6.125598,14.474794,82.85138,4.0,22.560728,0.0,67.0,1.0
68.0,45.427956,4.0,-9.0,7.0986886,0.0,0.0,100.0,-7.0,7.0,8.0,10.0,2.0,8.198927,0.0,1.0,1.0,28.0,65.18602,5.0,1.0,1.0,67.0,1.0
57.599854,139.36852,2.0,-9.0,14.412464,6.379422,1.0,75.188736,60.004005,6.0,2.0,18.646894,10.546927,50.0,-7.0,0.0,0.0,57.649612,90.80487,3.0,5.0,1.0,75.0,1.0
54.28216,146.67526,3.0,58.0,20.0,0.0,0.0,86.45865,10.711031,4.0,6.0,20.016983,4.0,57.96698,0.0,6.230617,6.6521106,47.586586,72.147354,3.0,3.0,3.0,75.0,1.0
55.683723,-9.0,2.0,-9.0,3.7674413,0.0,0.0,100.0,-7.0,7.0,8.0,8.0,4.0,50.0,-8.0,3.0,3.0,118.57797,-8.0,1.0,3.0,0.0,86.0,1.0
59.102406,98.014595,5.0,29.381737,20.0,0.0,0.0,77.82881,10.713425,6.0,6.0,21.0,2.0,42.0,-7.0,13.832431,13.521688,58.522785,71.0,6.0,5.0,3.0,78.0,1.0
70.0,60.13679,2.0,29.919933,10.0,0.0,0.0,100.0,-7.0,6.0,8.0,8.0,2.0,52.524723,-7.0,2.0,2.0,48.559746,100.0,4.0,2.0,0.0,79.72447,1.0
76.0,125.57231,26.35854,68.47853,4.542172,0.0,0.0,100.0,-7.0,7.0,8.0,6.9083896,0.0,56.64161,-7.0,0.0,0.0,3.0,32.21149,1.0,1.0,-8.0,71.0,1.0
59.733677,-0.7728997,2.0,-9.0,7.4606614,0.0,0.0,100.0,-7.0,7.0,8.0,11.0,5.0,38.0,0.0,0.0,0.0,103.252625,87.631096,5.0,3.0,2.0,100.0,1.0
62.806038,179.44006,2.0,70.0,27.979887,0.0,0.0,93.0,50.578587,6.0,6.0,36.826397,4.0,35.0,0.0,1.0,1.0,58.462135,84.03916,8.121462,3.0,2.556113,75.0,1.0
-9.0,174.2145,10.0,85.139694,13.847363,0.0,0.0,66.46964,16.676483,6.0,6.0,14.0,1.0,51.108944,0.0,1.0,1.0,80.31423,-8.0,4.0,1.0,2.4486306,100.0,1.0
-9.0,79.66636,2.0,63.0,36.0,2.7607467,0.0,84.15507,11.813538,5.931631,2.0,34.0,9.721808,24.0,7.0,1.0,1.0,51.236404,83.540955,12.182416,6.245775,2.0,77.497635,1.0
61.988667,28.204918,6.0,52.640213,20.0,0.0,0.0,100.0,-7.0,7.0,8.0,20.45518,1.0,21.0,18.624254,0.0,0.0,104.452194,46.6479,6.0,2.0,6.8955092,88.77302,1.0
64.0,-9.0,5.0,-1.9305509,20.0,0.0,0.0,100.0,-7.0,7.0,8.0,22.0,4.0,37.018425,6.0,1.0,1.0,32.382313,89.21748,5.0,2.0,2.0,63.18946,1.0
64.0,190.89658,15.0,67.0,6.4393983,2.0,0.0,66.66803,16.362799,4.0,4.6542377,9.0,0.0,83.98907,1.0,0.0,0.0,2.0,67.17787,1.0,2.0,0.0,62.319458,1.0
54.708206,219.31128,15.0,77.38244,16.0,0.0,0.0,64.85015,1.2337961,-9.0,6.0,20.0,0.0,15.039602,12.786829,0.0,0.0,91.568474,72.09359,4.0,3.0,2.0,79.73307,1.0
-9.0,-9.0,-9.0,-9.0,-9.0,-9.0,-9.0,-9.0,-9.0,-9.0,-9.0,-9.0,-9.0,-9.0,-9.0,-9.0,-9.0,-9.0,-9.0,-9.0,-9.0,-9.0,-9.0,1.0
17.952967,155.90463,20.334446,21.587955,7.0,1.0,0.0,83.86416,26.017128,4.0,5.0,12.0,0.0,16.96868,1.0,2.0,2.0,92.0001,39.782192,4.0,1.0,2.0,85.16757,1.0
60.68066,203.92804,24.528862,79.41524,4.9103556,4.61198,3.357462,-9.0,37.353157,6.0,-9.0,3.9877648,0.0,99.53116,0.0,2.0,1.0,0.0,-8.0,1.0,2.0,-9.0,100.0,1.0
63.78651,244.9019,14.066844,79.992645,18.0,0.0,0.0,100.0,-7.0,7.0,8.0,17.288132,0.0,17.0,0.0,1.0645547,1.0,37.790115,-8.0,4.0,1.0,2.0,42.58607,1.0
62.558006,-9.0,-9.0,-9.0,16.502628,1.0,0.0,92.0,47.356045,6.0,5.0,16.0,10.316861,38.0,0.0,4.0,3.0,12.0,100.0,3.0,6.0,1.0,50.0,1.0
68.0,181.56958,3.0,46.133423,18.0,3.2630932,6.185907,100.0,-7.0,4.0,6.0,16.317602,6.0,25.0,2.0,1.0,0.92459816,58.626408,84.02402,3.0,3.0,1.0,58.79366,1.0
59.40867,67.8207,8.0,45.118027,9.0,1.0,1.0,64.874084,26.244387,6.0,3.0,13.0,3.0,19.0,-8.0,0.0,0.0,42.188,-8.0,5.0,1.0,2.0,90.60715,1.0
79.35147,109.95633,7.0,51.520397,11.815929,0.0,0.0,100.0,-7.0,7.0,8.0,13.577326,1.0,0.49526387,-7.0,2.0,2.0,1.0,-8.0,2.0,-8.0,0.0,40.0,1.0
78.0,315.09708,11.593072,90.31485,-9.0,0.0,0.0,100.0,-7.0,7.0,8.0,5.779978,0.0,50.418545,-7.0,0.0,0.0,3.130435,-8.0,2.0,1.0,0.0,100.0,1.0
65.97374,77.73307,43.740288,72.0,6.820583,0.0,0.0,75.788864,32.14682,6.0,6.0,6.52356,0.0,99.94376,-7.0,1.0,1.0,0.0,-8.0,0.0,1.0,0.0,69.31509,1.0
-9.0,96.090004,13.744004,64.581474,7.0,7.044936,2.935941,62.13209,3.7267237,4.0,3.366491,7.0,0.0,62.608124,0.0,1.0,1.0,119.65049,-8.0,3.0,1.0,-8.783222,100.0,1.0
61.87324,107.4169,6.0,36.54754,14.0,1.0,1.0,100.0,-7.0,6.0,8.0,13.0,3.0,33.0,0.0,0.0,0.0,64.020325,-8.0,4.0,1.0,3.0,71.0,1.0
64.0,166.643,26.97429,65.0,3.1218014,0.0,0.0,91.63207,16.13695,6.0,5.0,8.0,0.0,52.81967,5.0,0.0,0.0,73.33147,-8.0,2.0,1.0,1.0,100.0,1.0
63.008446,193.60443,24.426693,39.074093,6.9891,0.0,0.0,100.0,-7.0,6.0,8.0,10.491946,0.0,26.425432,0.49330655,2.0,2.0,91.90531,80.262794,5.0,2.0,1.0,86.0,1.0
59.819527,62.905518,2.0,49.92257,25.0,0.0,0.0,100.0,-7.0,7.0,8.0,27.74286,4.0,22.527369,1.0,0.0,0.0,92.83596,-8.0,5.0,4.0,9.704387,79.05167,1.0
71.0,63.55355,34.811794,58.02315,8.0,0.0,0.0,100.0,-7.0,7.0,8.0,11.0,0.0,15.319319,0.0,0.0,0.0,52.219856,-8.0,3.3370452,1.0,3.0,60.0,1.0
69.93299,196.09201,28.299545,59.11755,13.0,0.0,0.0,85.88442,26.651611,6.0,6.0,15.0,0.0,99.808105,0.0,8.340549,6.3934536,1.0,-8.0,1.0,3.0,0.0,85.312874,1.0
65.0,-9.0,4.0,60.12736,30.0,0.0,0.0,91.99597,13.184861,4.347029,3.0,7.2484202,2.0,28.0,10.76889,1.0,1.0,29.350525,73.66247,10.660878,4.3187695,2.0,72.14082,1.0
-9.0,289.1599,14.79378,94.36599,14.0,10.006548,7.747,66.22723,3.2134867,4.0,6.0,31.906467,1.0,45.344173,0.0,4.0,4.0,43.571884,55.46618,1.0,2.0,-8.137671,69.70817,1.0
75.41596,84.682724,12.0,52.250793,16.530134,0.0,0.0,86.29186,3.0,4.0,6.0,20.0,0.0,-9.0,0.0,1.0,1.0,4.0,-8.0,2.0,-8.0,0.0,70.0,1.0
79.801994,66.64239,8.0,66.99103,12.0,0.0,0.0,100.0,-7.0,7.0,8.0,8.0,1.0,39.03557,0.0,0.0,0.0,1.0,-8.0,1.0,2.0,0.0,25.14571,1.0
65.0,131.49495,6.0,51.051914,47.987103,6.812174,3.0946236,87.18095,23.354511,5.0,-1.437699,52.83712,3.0,50.21437,-8.0,17.457388,17.918133,14.082174,68.64331,6.0878263,3.0,0.0,75.0,1.0
74.0,157.81914,0.06724852,53.026577,23.0,0.0,0.0,100.0,-7.0,7.0,8.0,29.0,3.0,33.0,0.0,3.0,2.0,22.474768,75.384056,3.0,3.0,1.0,67.0,1.0
64.0,80.97041,1.0,41.51999,18.265503,0.0,0.0,93.37875,40.752335,6.0,6.0,17.0,3.0,14.0,1.0,2.0,2.0,34.331818,-8.0,4.0,-8.0,0.0,47.027943,1.0
-9.0,227.19826,16.769062,111.68635,28.0,0.0,0.0,91.23872,5.8082433,4.0,6.0,30.0,0.0,33.394188,10.370681,0.0,0.0,78.98767,-8.0,14.767246,1.0,5.8653207,81.44853,1.0
21.284395,166.12122,7.0,54.337326,7.0,1.0,0.0,70.89023,22.513426,6.0,5.0,10.0,2.0,24.0,-7.0,0.0,0.0,82.02073,60.577908,6.0,3.0,3.0,88.54908,1.0
59.416763,37.72757,7.0,-5.9771285,-9.0,3.2772887,1.0,64.2397,6.0,-9.0,2.0,8.0,2.0,24.0,0.0,0.0,0.0,63.241573,35.730022,3.0,1.0,1.0,100.0,1.0
66.0,44.502,1.0,52.3133,12.05947,0.0,0.0,100.0,-7.0,7.0,8.0,12.675899,3.0,24.0,0.0,1.0,1.0,70.25283,-8.0,4.0,2.0,2.0862494,60.0,1.0
75.0,150.63484,26.078646,102.16983,-9.0,0.0,0.0,65.525505,23.85181,6.0,6.0,7.0,0.0,56.4264,-7.0,0.0,0.0,44.207916,-8.0,1.0,1.0,-9.0,60.0,1.0
69.82142,100.830124,-6.0584407,29.736769,32.0,0.0,0.0,100.0,-7.0,7.0,8.0,30.280804,2.0,20.154295,0.0,0.0,0.0,56.760647,81.16428,7.0,3.0,1.0,69.31783,1.0
56.91497,148.80807,2.0,48.22467,11.0,0.0,0.0,77.72584,21.787256,6.0,6.0,11.0,3.0,40.0,-7.0,4.4141645,5.505267,71.178024,-8.0,3.0,1.0,0.0,82.84615,1.0
65.0,132.01859,-9.0,57.468864,22.82595,0.0,0.0,77.285835,10.900283,4.0,6.0,28.0,6.0,33.0,3.0,3.6847057,3.0,25.36103,75.277405,4.0,6.0,0.0,76.90741,1.0
72.40835,79.71107,9.0,-5.167067,9.0,0.0,0.0,100.0,-7.0,7.0,8.0,9.871225,0.0,57.62094,-7.0,0.0,0.0,47.103657,96.31694,2.0,2.0,0.0,67.0,1.0
60.0745,86.74037,8.0,55.404514,8.0,3.7363474,1.0,69.49296,43.796074,6.0,2.0,3.9930015,1.0,99.98288,0.0,16.277761,14.922388,-3.2832623,61.01294,-9.0,1.0,-9.0,80.0,1.0
60.949284,156.19417,2.0,60.371414,8.0,1.5919845,1.0,86.639175,2.6596048,3.1013002,5.0,10.365303,2.0,20.0,0.0,1.0,1.0,25.541183,95.31778,3.0,2.0,0.0,60.0,1.0
-8.481765,191.00645,9.0,34.474342,-9.0,1.2549034,1.0,39.749596,6.0,4.0,5.0,3.507032,1.8858864,36.0,0.0,2.0,2.0,51.53062,-8.0,1.0,1.0,0.0,50.0,1.0
66.99175,194.00737,21.660435,76.0,-5.5109334,2.0,1.0,63.84614,29.255638,6.0,2.0,3.9786646,0.0,50.0,3.0,1.0,1.0,116.62022,39.376865,2.0,1.0,0.0,100.0,1.0
68.0,188.2155,6.0,70.0,15.0,0.0,0.0,90.83625,8.253363,4.0,6.0,15.0,3.0,14.353571,12.0,0.0,0.0,43.382027,-8.0,4.0,1.0,1.0,50.0,1.0
63.80455,122.67394,5.0,30.012964,13.0,0.0,0.0,100.0,-7.0,7.0,8.0,12.0,1.0,48.751522,0.0,0.0,0.0,97.79266,97.45693,2.0,2.0,2.0,63.0,1.0
74.0,98.89052,7.0,35.50787,9.0,0.0,0.0,93.60524,61.51469,6.0,6.0,8.0,1.0786165,47.0,0.0,2.0,2.0,0.0,-8.0,-9.0,1.0,0.0,18.257488,1.0
-9.0,114.5081,7.0,53.43673,22.892796,0.0,0.0,87.09003,4.0,6.0,6.0,24.0,3.0,18.0,6.780176,0.98665214,0.0,63.46218,-8.0,7.0,2.0,1.0,79.06078,1.0
62.0,121.46462,35.401566,41.61178,19.033049,0.0,0.0,88.0,18.81692,4.0,6.0,28.0,0.0,99.58906,-7.0,0.0,0.0,59.158875,67.48506,1.0,5.0,1.0,100.0,1.0
61.74025,-8.0,-9.0,36.86077,12.0,0.0,0.0,100.0,-7.0,7.0,8.0,9.0,9.027098,13.995387,0.0,11.805598,10.945233,46.640366,-8.0,5.0,1.0,1.0,78.0,1.0
80.0,254.7309,5.0,65.07852,25.0,3.0,1.0,93.0,35.58252,6.0,2.0,28.0,4.0,28.022259,1.0,2.0,2.0,10.0,-7.38852,3.0,2.0,0.0,50.0,1.0
70.555756,155.27475,6.5168176,-9.0,22.0,0.0,0.0,100.0,-7.0,6.0,8.0,25.0,4.0,68.314926,0.0,4.7709155,5.0,13.191283,72.67459,2.0,4.0,0.0,67.0,1.0
67.0,24.472872,3.0,-9.0,9.929614,0.0,0.0,100.0,-7.0,7.0,8.0,9.0,3.0,20.0,0.0,2.0,2.0,91.87192,-8.0,3.0,2.0,0.0,75.0,1.0
-9.0,146.70985,6.0,63.139854,15.0,3.0,2.0,74.935455,13.290656,4.0,6.0,16.653524,6.0,55.308468,0.0,1.0,1.0,69.24341,74.99438,3.0,4.0,3.0,67.0,1.0
78.0,138.31197,5.0,58.36867,10.315349,0.0,0.0,100.0,-7.0,7.0,8.0,11.0,1.0,40.158455,1.00715,0.0,0.0,14.0,52.539097,4.0,4.0,0.0,80.0,1.0
63.55351,191.09332,67.07743,119.38479,6.0,0.0,0.0,58.62124,5.246916,4.0,6.0,9.891865,0.0,68.719765,0.0,4.0,3.6081052,63.334435,-8.0,1.0,2.0,0.0,85.713326,1.0
-9.0,198.66692,1.0,58.825996,20.355543,1.0,1.0,89.0,23.335243,4.217982,5.0,23.0,9.221137,66.30384,-7.0,2.6469262,3.0,74.83606,-8.0,4.0,1.0,1.0,100.0,1.0
68.0,70.1774,1.0,-9.0,-9.0,0.0,0.0,100.0,-7.0,7.0,8.0,1.7676991,2.0,33.0,-7.0,2.0,2.0,32.0,44.404243,2.0,2.0,0.0,78.28843,1.0
-9.0,283.88803,7.0,60.08933,9.080652,6.5453053,0.0,77.305664,-7.0,3.8362463,5.0,15.0,2.0,34.11184,1.1295297,0.0,0.0,85.37401,-8.0,4.0,1.0,4.0,86.0,1.0
69.50682,136.40149,2.0,50.978115,22.0,0.0,0.0,100.0,-7.0,7.0,8.0,22.0,5.0,20.490948,0.0,2.0,3.0,47.6851,-8.0,5.0,1.0,0.0,67.845474,1.0
72.0,221.83362,11.571373,59.073143,23.0,0.0,0.0,92.0,20.046768,6.0,6.0,25.410095,0.0,38.0,0.0,4.0,4.0,1.0,56.15928,2.0,4.0,1.0,50.0,1.0
65.87834,324.15765,8.0,74.41342,19.698298,1.0,0.0,81.70911,12.038645,4.0,2.0,22.0,3.0,25.21901,0.0,2.0,2.0,14.335181,91.0,3.0,2.0,0.0,75.0,1.0
66.0,104.463715,3.0,61.0,19.0,1.0,1.0,100.0,-7.0,3.677689,8.0,27.0,5.0,41.216625,2.0,0.0,0.0,25.0,93.62673,5.0,3.0,1.0,64.0,1.0
68.0,119.34888,2.0,90.721504,13.0,0.0,0.6887763,100.0,-7.0,7.0,8.0,5.943174,3.0,13.373351,0.0,1.0,1.0,58.720535,76.0,3.0,2.0,0.0,75.0,1.0
61.437183,-9.0,17.411356,-9.0,14.0,0.0,0.0,88.0,13.76536,6.0,6.0,9.0,0.0,25.0,0.0,3.0,3.0,43.28528,-8.0,3.0,2.0,0.0,67.0,1.0
62.20899,67.99735,9.0,47.36489,14.0,0.0,0.0,100.0,-7.0,7.0,8.0,17.0,2.0,8.8006315,2.0,1.0,1.0,97.13944,-8.0,7.0,1.0,4.756868,100.0,1.0
-9.0,73.24489,1.0,-9.0,15.0,0.0,0.0,95.0,0.82079405,4.0,6.0,17.0,8.458774,16.0,0.0,14.365324,14.482319,22.948006,53.032063,4.0,2.0,1.0,44.07756,1.0
56.812878,127.06703,2.0,-9.0,17.126308,0.0,0.0,91.0,38.610718,6.0,6.0,24.0,6.0,31.0,0.0,4.0,4.9603987,31.349419,-8.0,7.8075695,2.0,3.0,67.0,1.0
68.0,118.173744,10.899255,-9.0,-9.0,0.0,0.0,79.03185,22.495653,6.0,6.0,0.9897223,0.0,69.93298,0.0,2.5589862,2.0,0.0,-8.0,-0.4855025,-8.0,0.0,29.80791,1.0
66.300064,163.19684,4.0,60.196148,20.0,0.0,0.0,100.0,-7.0,7.0,8.0,23.0,1.0,14.145962,2.0,3.0,3.0,96.295815,-8.0,4.0,2.0,5.164213,63.0,1.0
-9.0,-9.0,6.8441563,-9.0,20.0,0.0,0.0,91.83506,44.448086,6.0,6.0,16.737947,10.998226,17.0,0.0,1.0,1.0,51.66679,-8.0,6.0,1.0,2.020858,51.60947,1.0
60.476067,139.58635,23.617489,70.0,14.0,1.0,0.0,85.740654,17.48202,6.0,5.0,16.0,0.0,29.0,0.0,0.0,0.0,106.72812,41.430756,4.0,2.0,4.0,92.23147,1.0
57.30062,149.08609,7.0,64.841156,32.524323,1.0,0.0,100.0,-7.0,0.0,6.0,30.482695,1.0,37.823288,3.0,0.0,0.0,51.445095,91.370544,5.0,3.0,3.0,75.0,1.0
66.0,120.102974,7.0450096,29.727768,26.0,0.0,0.0,92.0,51.514294,6.0,6.0,27.0,2.0,-9.0,0.0,1.0,1.0,18.736334,-8.0,13.702873,2.0,1.0,65.272675,1.0
71.95918,113.607796,13.342834,48.56826,14.0,0.0,0.0,100.0,-7.0,7.0,8.0,13.482149,0.0,43.0,5.0,0.0,0.0,60.802822,72.13951,5.0,2.0,1.0,75.0,1.0
70.0,153.76318,7.0,43.043755,15.221808,0.0,0.0,100.0,-7.0,7.0,8.0,18.0,2.0,55.758003,0.0,4.0,4.0,36.0,112.49734,2.0,3.0,0.0,85.35136,1.0
71.0,171.65918,3.0,63.254658,30.0,0.0,0.0,100.0,-7.0,7.0,8.0,37.0,3.0,21.0,1.0,1.6871741,2.0,32.283684,30.23251,9.0,2.0,4.0,64.0,1.0
25.189068,120.10476,7.0,28.86922,6.0,0.0,0.0,82.67766,5.338748,4.0,6.0,8.0,3.0,25.0,17.810476,0.0,0.0,94.062256,18.151138,5.0,2.0,3.491467,100.0,1.0
64.54643,195.85735,14.59422,74.0,13.0,9.531195,9.204708,69.940636,4.0,-9.0,4.0,16.0,0.0,10.2171135,20.656662,0.0,0.0,11.0,45.576916,3.0,1.0,0.0,33.0,1.0
59.16094,148.07953,34.29612,95.705795,4.1770663,7.9784083,4.6693926,-9.0,7.5155745,4.0,-9.0,8.648152,0.0,65.26921,-5.7865567,0.24861193,0.0,49.815376,-8.0,1.0,2.0,0.0,100.0,1.0
-9.0,97.5188,9.0,75.0765,5.7789574,2.0,0.0,71.91041,-7.0,-9.0,5.0,8.832658,2.0,63.71481,-7.0,2.0,1.0,94.57038,71.0,3.0,2.0,2.0,88.08442,1.0
59.426052,-9.0,3.0,-9.0,12.0,0.0,0.0,100.0,-7.0,7.0,8.0,13.0,8.778755,47.0,1.0,0.0,0.0,66.00223,6.1383533,5.0,4.0,3.0,75.13197,1.0
70.0,304.19904,2.0,83.0,27.550646,0.0,0.0,100.0,-7.0,7.0,8.0,47.09806,6.0,23.003828,2.0,2.0,2.0,53.08917,100.0,6.0,3.0,0.7574781,75.0,1.0
56.93208,140.25626,17.0,84.0,44.506435,1.0,2.0,95.0,-7.0,-9.0,5.5535765,41.015656,0.0,33.0,0.0,3.0,2.0,102.88097,-8.0,8.0,2.0,4.0,86.0,1.0
70.0,113.80967,5.0,30.786316,29.0,0.0,0.0,100.0,-7.0,7.0,8.0,33.61552,6.0,98.75034,-7.0,3.1534157,3.0,1.0,86.405,2.0,4.0,0.0,88.0,1.0
-9.0,-9.0,2.0,-9.0,-9.0,0.0,0.0,100.0,-7.0,7.0,8.0,0.5176332,2.0,33.0,0.0,4.0,3.9652252,93.47502,-8.0,3.0,3.0,4.0,91.45135,1.0
66.0,113.66975,9.0,31.696062,13.0,0.0,0.0,100.0,-7.0,7.0,8.0,13.0,0.0,13.977115,0.0,2.0,2.0,81.751144,-8.0,6.0,1.0,1.0,100.0,1.0
67.8236,60.922806,10.0,-9.0,13.0,0.0,0.0,95.0,30.740818,6.0,6.0,16.0,1.0,64.52706,14.828469,0.0,0.0,52.30281,92.74062,3.0,3.0,0.0,75.0,1.0
58.09362,102.68596,19.543953,109.21365,21.0,0.0,0.0,89.739235,12.995497,6.0,6.0,13.0,0.0,33.0,0.0,5.3622665,5.11066,81.781006,-8.0,11.050948,1.0,3.0,100.0,1.0
-9.0,-8.369911,1.0,36.815613,16.970694,0.0,0.0,100.0,-7.0,7.0,8.0,9.996677,6.0,15.892922,0.0,2.0,2.0,54.711514,77.436005,5.0,1.0,5.6485944,67.0,1.0
63.0,114.777435,6.0,45.452686,27.0,0.0,0.0,100.0,-7.0,7.0,8.0,21.0,3.0,33.0,1.0,2.7219892,2.0,68.477875,85.10278,11.0,4.0,4.313793,85.08369,1.0
76.686485,143.09814,16.790174,71.0,13.0,0.0,0.0,100.0,-7.0,7.0,8.0,11.711636,0.0,67.16264,1.0,2.0,2.0,1.0,-5.539076,1.0,1.0,0.0,80.0,1.0
69.0,250.72136,47.538612,98.5951,3.0150862,1.0,1.0,20.146374,21.802958,6.0,4.0,8.744406,0.0,77.37142,-7.0,1.0,1.0,0.0,-8.0,0.0,1.0,0.0,100.0,1.0
69.0,204.30356,2.0,-9.0,10.0,0.0,0.0,100.0,-7.0,7.0,8.0,11.0,3.0,29.0,0.0,0.0,0.0,36.96547,92.70393,3.2252154,2.0,0.0,50.0,1.0
-9.0,53.76476,5.3540554,-9.0,6.979274,1.9992821,1.0,84.339066,34.801846,6.0,5.0,7.9957395,5.0,47.0,-7.0,0.0,0.0,37.61567,-8.0,6.0,1.0,1.0,85.31737,1.0
57.326298,194.17174,7.3965015,51.2917,23.0,2.0,0.0,90.0,8.21967,-9.0,2.777074,22.733255,4.0,53.027775,0.0,5.0,5.0,43.119705,84.03097,7.0,3.0,0.0,81.45947,1.0
77.0,146.43552,11.788742,60.139374,10.0,0.0,0.0,100.0,-7.0,6.0,8.0,15.0,1.0302155,37.0,5.0,1.0,1.0,14.0,-8.0,1.0,-8.0,0.0,33.0,1.0
66.0,123.639755,13.0,21.778683,7.465827,0.0,0.0,100.0,-7.0,7.0,8.0,11.0,0.0,61.11343,0.0,2.0,2.0,69.80177,51.960846,2.0,2.0,0.0,78.0,1.0
44.45805,104.1156,18.160122,68.68101,23.0,0.0,0.0,86.8287,7.215673,6.0,6.0,25.0,0.0,29.0,0.0,1.0,1.0,85.54065,20.013124,7.451489,1.0,4.1514187,81.39076,1.0
64.0,159.44652,2.0,65.0,12.4274435,2.0,0.0,82.07644,19.852386,4.0,2.0,17.0,3.0,50.0,0.0,0.0,0.0,24.273226,91.580376,2.0,4.0,2.0,75.0,1.0
66.0,211.64955,5.0,78.44424,25.0,4.785651,5.471258,90.0,53.637165,6.0,5.0,26.0,1.0,39.458656,0.0,1.0,1.0,89.892746,99.89547,2.0,3.0,1.0,78.707245,1.0
63.0,142.99709,2.0,72.0,6.853576,3.8974028,1.6318043,68.94486,77.33994,6.0,2.0,10.0,6.0978765,40.0,-7.0,2.1359868,2.0,35.39581,61.361633,2.0,2.0,0.0,79.4371,1.0
-9.0,-9.0,3.0,-9.0,8.0,0.0,0.0,100.0,-7.0,7.0,8.0,4.8641872,6.3013144,44.419075,3.0,1.6917614,1.8931075,89.81716,80.0,5.219226,3.0,2.0,96.758224,1.0
70.84044,142.43643,5.0,-9.0,20.170614,0.0,0.0,100.0,-7.0,7.0,8.0,22.0,6.0,38.19157,1.0,0.0,0.0,11.0,49.708576,3.0,5.0,0.0,67.0,1.0
56.522923,140.23128,6.0,20.806797,8.0,3.0,0.0,73.474174,34.349144,4.0,5.0,10.0,2.0,93.39714,0.0,2.0,1.0,105.46777,93.0,2.0,5.9744816,1.0,100.0,1.0
60.694393,81.46168,-3.5904868,45.954727,12.0,1.0,1.0,81.45417,16.898172,6.0,3.1405308,12.829583,4.0,53.919838,0.0,3.0,2.916576,67.5692,81.02047,3.0,4.0,3.4915504,82.422066,1.0
-9.0,-9.0,3.0,-9.0,12.855503,0.0,0.0,88.0,36.534477,6.0,6.0,12.0,3.0,15.371378,0.0,1.0,1.0,56.445446,88.286674,8.0,2.043439,2.0,88.65678,1.0
68.0,92.90039,2.0,-4.0376673,9.0,3.0,3.5576725,88.0,59.558807,6.0,5.0,6.9949346,2.0,95.40812,-7.0,3.7746952,3.5157902,0.0,94.71786,0.14055838,3.0,0.0,80.0,1.0
68.0,177.11974,10.0,106.03844,9.539914,0.0,0.0,100.0,-7.0,7.0,8.0,16.0,0.0,63.542442,-8.0,0.0,0.0,86.64297,-8.0,4.0,2.0,4.349878,88.0,1.0
72.0,38.59375,19.490267,43.814777,5.753126,0.0,0.0,100.0,-7.0,7.0,8.0,3.7523928,0.0,99.30789,6.308165,0.0,0.0,1.0,16.124464,1.0,2.0,-9.0,89.27172,1.0
58.809273,199.14383,4.0,63.333744,19.0,0.0,0.0,95.0,2.0,-9.0,5.0,19.0,2.0,31.0,4.585311,0.0,0.0,21.975248,76.28714,5.0,3.0,2.0,71.0,1.0
67.49998,-7.5460286,8.0,38.573357,6.3067827,0.0,0.0,100.0,-7.0,7.0,8.0,8.0,1.0,50.0,0.0,4.0,4.0,62.5581,16.874142,2.0,1.0,0.0,71.0,1.0
63.624657,148.5762,1.0,-9.0,12.0,0.0,0.0,100.0,-7.0,7.0,8.0,9.0,10.550934,40.0,8.0,2.0,2.0,40.249058,86.24194,4.0,2.0,1.0,85.367325,1.0
63.903515,155.86105,6.0,-9.0,-9.0,0.0,0.0,66.608215,29.733217,6.0,6.0,5.7079086,3.0,90.1303,0.0,1.0,1.0,1.0,8.15095,1.0,2.0,0.0,100.0,1.0
63.0,61.158665,24.053658,105.385704,-3.0991333,1.0,1.0,100.0,-7.0,7.0,8.0,4.667876,0.0,52.12795,-7.0,0.0,0.0,79.89974,-8.0,2.0,1.0,0.0,100.0,1.0
67.0,173.22496,2.0,61.0,13.0,1.647299,1.8041588,88.17089,39.828224,5.768698,2.0,14.336424,3.0,35.554592,6.17586,1.0,1.0,31.400702,93.32236,4.0,6.0,1.0,67.0,1.0
-9.0,-9.0,-9.0,-9.0,-9.0,-9.0,-9.0,-9.0,-9.0,-9.0,-9.0,-9.0,-9.0,-9.0,-9.0,-9.0,-9.0,-9.0,-9.0,-9.0,-9.0,-9.0,-9.0,1.0
71.0,102.872345,7.0,-9.0,11.0,0.0,0.0,100.0,-7.0,7.0,8.0,14.0,2.0,97.30954,-3.7266207,4.0,3.0,36.66272,95.89249,1.0,3.0,0.0,100.0,1.0
56.559834,-8.0,16.646431,59.79101,3.4522142,8.401763,6.305638,19.69313,3.3618524,-9.0,2.0,9.0,1.0,45.0,0.0,3.0,3.0,29.745415,-8.0,2.0,2.0,0.0,90.56085,1.0
70.717995,217.78595,2.0,7.124604,14.0,0.0,0.0,100.0,-7.0,7.0,8.0,13.0,9.853525,36.0,0.0,2.0,2.0,53.803265,93.85823,4.0,4.0,0.0,71.0,1.0
55.28292,146.23325,7.9895515,-9.0,-9.0,0.0,0.0,100.0,-7.0,7.0,8.0,-9.0,2.0,99.99911,0.0,0.0,0.0,2.0,99.99406,-9.0,2.0,-9.0,100.0,1.0
58.465893,162.4796,3.0,38.57078,7.2824593,1.0,0.0,86.35693,2.412344,4.0,4.0,9.391385,1.0,75.71036,1.0,0.0,0.0,25.395199,75.392624,1.0,2.0,0.0,71.0,1.0
63.0,89.7999,13.20701,61.0,10.468885,0.0,0.0,88.0,36.63858,6.0,6.0,9.981892,0.0,22.0,0.0,1.0,1.0,76.79651,-8.0,4.0,2.0,1.0,80.0,1.0
56.9324,118.06297,10.0,64.84126,7.0,1.0,1.0,90.47481,4.0,-9.0,6.0,9.0,1.0,18.0,21.204342,0.0,0.0,98.768425,77.034744,4.0,2.0,1.0,75.0,1.0
54.137527,95.2566,4.0,37.017582,24.0,0.0,0.0,89.0,3.0,6.0,6.0,28.0,3.0,46.0,0.0,0.0,0.0,34.36616,88.05528,8.73405,5.0,3.0,91.15164,1.0
65.0,242.77339,9.127939,67.52852,25.0,8.149305,5.2587547,86.786514,52.701687,6.0,3.876834,34.0,0.0,39.0,-7.0,3.0,3.0,32.08883,65.743065,5.0,3.0,1.0,88.72667,1.0
58.34752,114.616295,19.661932,63.46073,8.056,4.7975736,0.8410179,75.953705,2.7031314,0.3252186,2.9071653,13.0,0.0,66.4616,-7.0,1.0,1.0,61.52719,22.5634,3.0,2.0,1.0,100.0,1.0
65.0,172.18336,14.506646,87.476456,25.0,0.0,0.0,92.0,10.904002,6.0,6.0,40.11569,0.0,19.769335,0.0,2.0,1.0,51.154392,-8.0,4.0,1.0,2.0,56.0,1.0
-9.0,35.404594,29.754688,44.247982,4.421251,1.0,0.0,63.206337,10.172168,6.0,5.0,8.573844,0.0,99.97565,0.0,1.0,1.0,-8.140766,14.477934,-9.0,2.0,-9.0,90.53077,1.0
-9.0,136.69054,21.00164,68.43874,22.946138,0.0,0.0,84.665634,5.659814,6.0,6.0,20.0,0.0,50.0,0.0,4.0,4.0,83.08004,50.092598,3.0,2.0,3.0,60.0,1.0
68.0,116.5674,4.0,33.64921,16.0,1.7768914,1.0,94.0,81.88959,6.0,4.0,19.0,3.0,37.689556,0.0,0.0,0.0,77.581116,97.82197,7.0,4.0,0.0,86.47324,1.0
72.0,171.9578,15.0,49.766537,22.0,0.0,0.0,100.0,-7.0,7.0,8.0,21.0,0.0,63.46389,0.0,2.0,2.0,48.355442,63.569122,3.0,2.0,0.0,71.80005,1.0
64.532234,135.21782,17.0,57.006123,3.8410575,0.0,0.0,68.75153,18.17479,6.0,6.0,7.2637424,0.0,43.0,0.0,0.0,0.0,119.39826,-8.0,1.0,2.0,1.0,100.0,1.0
72.958145,135.71912,27.867483,-9.0,10.0,0.0,0.0,100.0,-7.0,7.0,8.0,14.0,0.0,99.79073,0.0,1.0,1.0,0.0,63.576103,1.0,1.0,0.0,83.88381,1.0
73.0,66.90076,5.0,-9.0,6.499207,0.0,0.0,100.0,-7.0,7.0,8.0,7.205672,3.0,6.1319685,22.258842,0.0,0.0,28.0,-8.0,4.0,1.0,0.0,82.060776,1.0
66.0,28.836685,7.0,41.029266,9.0,0.0,0.0,89.0,22.296968,6.0,6.0,10.0,1.0,61.630524,0.0,0.0,0.0,83.44521,17.848892,1.0,3.0,0.0,86.0,1.0
62.978622,159.75545,2.0,50.01206,27.0,0.0,0.0,100.0,-7.0,7.0,8.0,31.0,3.0,28.829012,0.0,2.0,2.0,62.573006,100.0,8.0,4.0,1.0,63.0,1.0
68.0,151.7503,3.0,40.68426,14.0,0.0,0.0,100.0,-7.0,7.0,8.0,15.0,2.0,46.0,1.0,2.0,2.0,27.710905,97.493576,5.0,3.0,3.0,65.085846,1.0
62.0,46.13368,9.0,34.600723,11.0,0.0,0.0,100.0,-7.0,7.0,8.0,7.22746,3.0,36.657364,-7.0,5.0,5.036818,81.845406,-8.0,3.0,1.0,1.0,89.90897,1.0
59.322697,176.58351,65.74204,123.8635,12.0,2.5673587,1.0,62.882874,8.044903,6.0,5.0,15.0,0.0,37.790115,0.0,2.0,2.0,43.40392,-8.0,3.0,1.0,2.0,80.0,1.0
-9.0,187.69382,6.0,42.432957,14.411821,10.913851,9.85421,-9.0,-7.0,-9.0,2.0,24.90122,2.7088785,68.83329,0.0,0.0,0.0,9.679672,63.138245,1.0,3.0,-8.0,63.0,1.0
57.37679,157.89986,13.0,23.501978,12.0,0.0,0.0,100.0,-7.0,7.0,8.0,14.507973,1.0,50.0,3.0,1.0,1.0,117.4304,80.56182,5.0,4.0,3.0,100.0,1.0
62.010014,82.97408,6.0,-9.0,18.0,0.0,0.0,100.0,-7.0,7.0,8.0,20.0,2.0,50.0,0.0,2.0,2.0,89.36132,71.14289,5.0,6.6113863,1.0,90.45235,1.0
76.0,120.799324,2.0,-9.0,10.0,0.0,0.0,100.0,-7.0,7.0,8.0,12.0,4.0,76.93662,0.0,1.0,1.0,25.0,84.02494,1.0,2.0,1.0,78.0,1.0
73.0,300.7117,27.307518,69.94299,4.133404,0.0,0.0,86.268654,20.099983,5.0,6.0,8.0,0.0,83.76926,-7.0,0.0,0.0,36.0,-8.0,1.0,1.0,1.0,80.0,1.0
71.437355,-8.0,1.0,49.3028,13.0,1.0,1.0,88.0,55.592632,6.0,2.8930862,15.0,6.0,32.335903,2.0,3.0,3.0,10.7263565,96.72365,3.0,2.0,0.0,56.0,1.0
73.72397,-8.0,10.0,36.648075,-9.0,0.0,0.0,100.0,-7.0,7.0,8.0,2.6122508,2.0,86.46674,2.0,0.0,0.0,0.0,93.0,1.0,2.0,0.0,52.787445,1.0
61.59719,48.236927,2.0,24.90756,19.59031,0.0,0.0,100.0,-7.0,7.0,8.0,21.0,4.0,8.118084,0.0,2.0,2.0,86.71849,58.904327,6.0,3.0,4.7966514,86.0,1.0
60.929966,31.65832,27.256786,58.0,12.0,2.0,2.0,100.0,-7.0,-9.0,8.0,8.9763,0.0,31.0,0.0,2.0,2.7116177,84.046715,-8.0,4.0,-8.0,1.2687211,100.0,1.0
62.135166,78.495964,2.0,29.665333,21.0,0.0,0.0,100.0,-7.0,7.0,8.0,25.16345,4.141837,19.0,0.0,3.0,3.809325,97.296684,-8.0,11.0,1.0,5.5628614,80.0,1.0
-9.0,123.50962,7.0,37.587418,15.0,4.382552,0.0,69.41233,3.266915,2.9382625,5.0,20.677225,3.0,64.614105,0.0,1.0,0.0,68.878555,71.0,3.0,4.0,2.0,100.0,1.0
57.018528,107.67199,2.0,40.136475,2.1745477,0.0,0.0,100.0,-7.0,7.0,8.0,7.5820484,4.0,24.124191,0.0,1.0,1.0,98.089134,62.635387,3.2143896,2.0,3.0,100.0,1.0
67.79188,111.93343,2.0,40.890358,4.6000943,0.0,0.0,100.0,-7.0,7.0,8.0,7.0683327,2.0,38.0,-7.0,0.0,0.0,41.156147,98.33988,1.0,2.0,1.0,62.17844,1.0
58.715656,227.9355,2.0,70.0,27.0,9.896976,7.5974383,86.87306,21.033585,4.0,6.0,34.074722,4.0,75.60708,0.0,2.0,2.0,41.699863,-8.0,3.0,3.0,0.0,80.10338,1.0
65.188484,41.199924,18.303984,-9.0,4.280268,1.0,1.0,100.0,-7.0,7.0,8.0,7.0,0.0,64.51024,-8.0,2.0,1.0,0.0,-8.0,1.0,-8.487118,-8.0,41.944996,1.0
65.53554,161.52716,3.0,64.4551,6.85099,0.0,0.0,83.6298,31.424692,6.0,6.0,10.141148,3.7438772,14.713652,-2.049118,2.0,2.0,68.920616,-8.0,5.0,1.0,1.0,71.0,1.0
66.06995,228.97447,9.286123,85.94058,45.05994,0.0,0.0,97.0,30.940044,6.0,6.0,54.94152,4.0,66.9598,0.0,1.0,1.0,59.202988,84.18023,9.0,2.0,1.0,82.18524,1.0
66.165344,135.20761,6.0,54.28102,13.762668,0.0,0.0,100.0,-7.0,7.0,8.0,15.269953,3.0,13.023173,2.0,1.0,1.0,51.672268,-8.0,8.0,1.0,0.0,63.0,1.0
87.0,187.13896,33.594856,84.0,14.0,0.0,0.0,100.0,-7.0,7.0,8.0,15.0,0.0,68.080574,7.2036986,0.0,0.0,1.0,-8.0,1.0,1.0,0.0,16.600164,1.0
63.0,54.498764,1.0,26.420614,13.0,0.0,0.0,90.0,18.41244,6.0,6.0,13.856857,4.0,33.0,0.0,2.0,2.0,33.009876,130.11449,5.0,2.0,0.0,70.558205,1.0
65.0,137.50299,13.100088,22.479218,7.2727776,0.0,0.0,90.36597,4.467275,4.0,6.0,8.0,1.0,14.928555,3.0,0.0,0.0,27.241941,-8.0,3.0,1.0,0.0,64.22688,1.0
73.407364,123.72491,5.0,21.842253,13.0,0.0,0.0,100.0,-7.0,7.0,8.0,10.505449,2.0,41.0,0.0,1.0,1.0,44.407707,-8.0,3.0,-8.0,1.0,45.259903,1.0
59.759327,125.56983,4.0,36.268475,25.0,2.0,1.7948492,100.0,-7.0,7.0,8.0,30.0,3.0,33.0,0.0,2.0,2.0,51.363876,24.309292,8.0,2.0,2.0,88.0239,1.0
76.0,118.602455,15.0,41.7113,7.0,0.0,0.0,100.0,-7.0,7.0,8.0,6.4769464,0.0,50.0,-7.0,1.0,1.0,0.0,88.0,2.0,2.0,0.0,83.0,1.0
-9.0,135.41837,1.0,61.0,13.0,0.0,0.0,83.69066,3.0,6.0,6.0,18.90248,2.0,16.0,0.0,6.560334,6.906891,90.371185,-8.0,13.827282,1.0,3.0,89.51653,1.0
66.27563,493.55316,19.179693,98.72829,5.435971,0.0,0.0,79.34914,9.1586685,6.0,6.0,14.0,0.0,14.0,0.0,0.0,0.0,85.12359,-8.0,3.0,1.0,1.0,77.93454,1.0
64.51443,139.32925,4.0,39.90771,13.0,0.0,0.0,100.0,-7.0,7.0,8.0,14.470394,3.0,67.90483,3.0,5.910468,5.8975496,102.50461,71.29747,2.0,6.536965,1.0,100.0,1.0
65.49196,152.21367,3.0,52.57076,20.701548,0.0,0.0,94.0,2.0,4.0,6.0,23.0,4.0,45.318768,7.529797,1.0,1.0,51.059418,96.20297,6.0,4.0,1.0,75.57194,1.0
65.0,152.64865,17.0,80.30594,6.5882816,1.0,0.0,75.112274,12.08506,6.0,5.0,8.381075,0.0,25.0,-8.0,0.0,0.0,64.03262,-8.0,5.0,1.0,1.0,97.27962,1.0
58.011486,50.575264,7.0,-9.0,6.746316,2.0,0.0,78.58873,12.862402,6.0,4.0,11.0,2.0,12.791619,0.0,0.0,0.0,99.42757,-8.0,4.0,1.0,1.0,100.0,1.0
59.88235,328.85394,3.0,75.28948,18.009777,2.848384,0.0,92.3011,1.6822697,1.2032156,6.0,22.0,3.0,44.752457,-7.0,1.0,1.0,59.95114,100.0,6.0,5.0,2.0,91.84906,1.0
26.793299,138.16887,12.0,-4.32948,9.0,1.0,1.0,71.847176,23.5676,6.0,5.0,10.184957,1.0,99.99135,0.0,0.0,0.0,4.558566,-8.0,0.0,3.0,0.0,100.0,1.0
54.439163,-9.0,2.0,-9.0,13.0,0.0,0.0,97.0,23.504622,7.0,6.0,10.0,4.779038,21.0,0.0,6.6857724,6.3906865,47.717922,69.82872,8.0,2.0,2.0,75.0,1.0
73.86018,182.2765,5.0,46.841705,18.0,0.0,0.0,93.12483,57.213696,6.0,6.0,18.0,7.5884438,15.946737,7.0,0.0,0.0,36.0,-8.0,3.0,1.0,0.0,50.0,1.0
73.0,276.53677,4.0,63.998024,26.0,3.5785034,1.6719557,86.40576,27.69526,6.0,-9.0,26.0,6.78857,24.0,0.0,4.0,4.0,16.0,77.27633,10.423188,2.0,2.0,70.0,1.0
75.0,180.12459,7.0,103.57823,28.0,0.0,0.0,89.0,-7.0,6.0,6.0,28.0,2.0,36.0,0.0,0.0,0.0,0.0,-8.0,2.0,2.0,0.0,43.83747,1.0
71.0,170.70995,4.0,16.711494,10.137123,0.0,0.0,100.0,-7.0,7.0,8.0,12.0,2.0,86.590805,0.0,1.0,1.0,16.0,38.40392,1.0,2.0,0.0,76.68385,1.0
67.0,45.480404,4.0,17.759706,7.629939,0.0,0.0,100.0,-7.0,7.0,8.0,5.6927543,2.0,37.223156,5.2546153,0.0,0.0,34.715755,-8.0,2.0,2.0,1.0,59.038197,1.0
60.42698,93.951324,-9.0,-6.502648,12.0,1.0,1.3299134,88.329254,46.175804,6.0,5.186691,15.0,8.247981,40.0,0.0,3.0,3.7167451,45.790897,81.8985,4.0,10.57654,2.0,75.0,1.0
65.49591,95.29085,1.0,-9.0,13.446554,0.0,0.0,100.0,-7.0,7.0,8.0,17.122236,7.2001696,26.448854,0.0,4.0,4.1472483,5.0,99.51091,5.0,2.0,0.0,64.0,1.0
59.314423,-8.0,10.0,22.585827,3.20668,0.0,0.0,100.0,-7.0,7.0,8.0,8.0,1.0,38.0,-7.0,1.0,1.0,108.007835,-8.0,2.0,1.0,0.0,88.0,1.0
68.0,154.42845,3.0,29.334888,20.0,3.0074453,0.0,88.585266,25.30737,6.0,2.0,20.0,6.0,21.632242,2.0,1.0,1.0,17.0,88.28874,10.541449,4.0,0.0,71.0,1.0
74.0,-9.0,3.0,-9.0,12.0,0.0,0.0,100.0,-7.0,7.0,8.0,-0.9485855,3.0,65.01475,1.0,0.0,0.0,0.0,80.0,1.0,2.0,0.0,33.0,1.0
62.6491,93.689514,13.419894,-9.0,21.0,0.0,0.0,100.0,-7.0,7.0,8.0,22.0,1.0,100.0,2.0,1.0,1.0,1.0,17.588205,1.0,2.0,0.0,55.974976,1.0
62.0,176.15837,155.97484,126.70013,-9.0,1.0,0.0,-9.0,7.9654007,6.0,3.0516336,2.1972332,0.0,22.0,-7.0,0.0,0.0,84.652916,-8.0,2.0,-8.0,1.0,98.63181,1.0
65.46507,142.29547,11.755733,31.976223,23.0,1.0,1.0,100.0,-7.0,7.0,8.0,23.0,1.0,17.636223,22.779804,0.0,0.0,21.26143,51.084686,4.0,3.0,1.0,43.44141,1.0
60.2164,149.79124,6.0,49.212967,12.765287,1.0,1.0,100.0,-7.0,7.0,8.0,12.0,2.0,58.396076,0.0,3.0,3.0,85.60774,98.08436,3.0,3.0,2.0,71.78412,1.0
62.0,150.74355,9.0,82.22302,12.0,1.0,1.0,100.0,-7.0,7.0,8.0,16.0,1.0,20.0,0.0,0.0,0.0,88.559166,-8.0,4.0,1.0,1.0,85.58837,1.0
73.0,148.84775,5.0,30.88799,3.6709735,1.561043,1.0,92.0,23.878233,-4.610058,3.7245436,8.0,3.0,28.0,7.0,1.0,1.0,8.0,100.0,2.0,2.0,0.0,64.535385,1.0
64.07376,117.504395,4.0,7.1962,18.0,0.0,0.0,100.0,-7.0,7.0,8.0,22.0,4.0,38.08597,0.0,1.0,1.0,66.042145,31.787184,5.0,4.8511157,2.0,75.0,1.0
66.0,103.67421,2.0,29.67128,18.0,0.0,0.0,100.0,-7.0,7.0,8.0,24.0,2.0,22.451336,2.0,1.0,1.0,7.982714,-8.0,3.284601,2.0,0.0,45.766262,1.0
58.80348,119.81895,22.074743,37.84457,13.0,1.0,0.0,69.434555,8.319191,6.0,5.0,20.0,0.0,99.843,1.0,1.0,1.0,-8.893971,22.45152,-3.1868258,2.0,-9.0,71.0,1.0
58.25813,209.45778,-9.0,72.967674,42.919865,0.0,0.0,93.0,22.265694,4.0,6.0,57.317585,10.8635845,38.78226,0.0,2.0,2.0,68.85245,82.50199,11.0,5.6324553,2.0,80.0,1.0
67.91908,99.97843,18.271889,44.943478,9.41108,0.0,0.0,100.0,-7.0,7.0,8.0,8.401298,0.0,73.05494,0.0,2.0,1.4842358,1.4911609,75.31794,1.0,2.0,-9.0,57.73224,1.0
-9.0,-9.0,-9.0,-9.0,-9.0,-9.0,-9.0,-9.0,-9.0,-9.0,-9.0,-9.0,-9.0,-9.0,-9.0,-9.0,-9.0,-9.0,-9.0,-9.0,-9.0,-9.0,-9.0,1.0
65.0,138.5583,4.0,49.934044,27.947264,7.4565964,2.0,88.0,6.281482,4.0,5.0,30.0,6.841131,26.570477,0.0,2.0,1.0,34.606853,62.104088,1.9408951,7.611978,0.0,57.626022,1.0
67.0,84.89565,1.0,59.2201,47.797817,0.62833095,0.0,95.0,3.185085,4.0,6.0,59.75946,4.0,22.0,0.0,5.0568285,6.0319138,4.0,8.060724,4.0,4.0,0.0,43.0,1.0
48.364536,-3.197957,2.0,-9.0,13.0,0.0,0.0,100.0,-7.0,7.0,8.0,12.704895,8.50179,23.687195,0.0,3.0,3.0,67.895035,94.29292,9.956012,2.0,2.0,83.0,1.0
66.0,59.479813,20.757723,36.415226,5.0482965,1.0,1.0,97.0,2.0,6.0,6.0,3.7215288,0.0,59.989616,0.0,2.0,2.0,38.99394,-8.0,2.0,2.0,0.0,88.0,1.0
-9.0,-9.0,-9.0,-9.0,-9.0,-9.0,-9.0,-9.0,-9.0,-9.0,-9.0,-9.0,-9.0,-9.0,-9.0,-9.0,-9.0,-9.0,-9.0,-9.0,-9.0,-8.340562,-9.0,1.0
54.678703,114.05386,1.0,59.789364,32.96966,0.0,0.0,100.0,-7.0,6.0,8.0,32.0,4.0,42.14361,0.0,5.0,5.3216977,52.56711,54.125504,7.0,7.6469007,3.3333454,72.7854,1.0
64.13655,154.12851,6.0,68.157684,24.0,0.0,0.0,92.0,12.732933,6.0,6.0,23.163372,2.0,18.0,1.0,0.0,0.0,47.697403,67.298454,9.248776,2.0,1.0,60.316517,1.0
-9.0,-2.8249364,7.0,-9.0,4.368847,1.0,0.0,71.66576,4.185266,4.0,3.0,8.342673,6.0,27.0,6.0,3.0,2.0,67.25605,71.46043,5.0,2.0,1.0,86.408394,1.0
65.41037,61.138027,5.0,-9.0,3.0787697,0.0,0.0,100.0,-7.0,7.0,8.0,8.0,2.0,29.0,0.0,2.0,2.0,11.147446,-8.0,2.0,1.0,0.0,57.62653,1.0
75.11374,159.18721,18.531187,67.0,8.346717,0.0,0.0,82.873276,22.872925,6.0,6.0,9.0,1.0,57.94922,-7.0,3.0,2.0,29.79684,-8.0,2.0,1.0,0.0,75.0,1.0
78.0,275.23016,6.0,64.658295,3.3172567,1.0,0.0,85.92857,72.303566,6.0,5.0,6.774269,2.0,87.02759,-7.8194833,0.0,0.0,0.0,27.067608,1.0,1.0,0.0,100.0,1.0
71.0,144.85204,3.0,41.94887,25.932583,0.0,0.0,100.0,-7.0,7.0,8.0,26.0,4.0,33.93101,-7.0,2.0,1.0,0.0,-8.0,3.0,1.0,1.0,35.67686,1.0
59.961044,215.14018,5.0,46.952965,22.0,9.097471,1.0,4.561396,6.4448338,4.0,-9.0,29.0,7.8754463,33.0,2.0,2.0,2.0,21.720236,70.36651,6.0,3.0,0.0,69.17305,1.0
70.144905,125.55145,10.0,43.95816,7.2814837,0.0,0.0,100.0,-7.0,7.0,8.0,10.249609,0.0,11.978014,0.0,0.0,0.0,93.51691,-8.0,3.0,-3.8069096,1.0,64.0,1.0
65.0,134.83203,3.0,35.234802,22.0,2.0,2.0,84.24016,55.143845,6.0,2.0,24.262331,2.5997694,47.0,0.0,3.0,3.0,72.74856,85.49692,3.0,4.0,0.0,88.0,1.0
-9.0,176.23795,31.942009,63.0,22.916153,3.539449,2.0,76.21762,-7.0,-9.0,6.0,30.0,0.0,97.78135,0.0,12.070087,6.975257,0.0,39.19151,1.0,2.0,0.0,75.0,1.0
69.84557,79.17827,16.912615,40.175926,18.0,0.0,0.0,100.0,-7.0,7.0,8.0,20.0,0.0,47.97917,3.0,2.0,2.0,52.25437,85.016754,2.0,3.0,1.0,65.016815,1.0
71.0,150.58711,25.937634,93.0,13.0,0.0,0.0,100.0,-7.0,7.0,8.0,8.0,0.0,-2.3786623,0.0,3.0,2.0,94.7436,-8.0,3.0,1.0,2.0,50.0,1.0
64.0,121.652275,4.9073243,8.338503,23.710945,0.0,0.0,88.0,30.956385,6.0,6.0,24.0,5.0,50.0,2.0,2.0,2.0,36.469437,82.0,5.0,6.47227,1.0,80.0,1.0
59.81935,-2.528109,1.0,-9.0,12.0,2.0,0.0,90.78669,26.261374,6.0,5.0,16.0,3.0,34.841663,-7.0,1.9811325,2.0,36.0,-8.0,4.0,1.0,1.0,63.0,1.0
71.0,112.61992,-9.0,35.980785,21.0,0.0,0.0,100.0,-7.0,7.0,8.0,32.0,5.0,11.72069,2.0,2.0,3.0,5.6965246,9.675037,6.0,2.0,0.0,29.852875,1.0
66.0,100.32155,3.0,61.0,16.0,0.0,0.0,100.0,-7.0,7.0,8.0,16.0,2.0,59.505444,-8.0,2.0,1.7427205,34.780476,48.57449,3.0,2.0,0.0,67.0,1.0
25.868128,78.86419,8.0,38.061855,24.146324,0.0,0.0,100.0,-7.0,6.0,6.0,25.0,2.0,39.0,4.0,0.0,0.0,105.86095,89.27903,6.0,3.0,2.0,100.0,1.0
68.0,221.37512,5.0,65.34362,12.0,2.0,1.0,72.31156,35.56265,6.0,5.0,19.552193,3.0,45.0,0.0,2.0,2.0,8.0,-8.0,1.0,1.0,0.0,75.0,1.0
63.0,96.821075,6.0,53.96399,27.0,1.0,1.0,90.0,24.76071,4.0,5.0,25.0,2.0,15.0,0.0,0.0,0.0,51.8373,79.7387,6.0,2.0,2.0,67.0,1.0
68.0,144.50774,4.0,56.256428,28.0,0.0,0.0,93.89161,12.801492,6.0,6.0,34.0,3.0,25.0,0.0,5.7192154,5.107304,21.894642,87.908455,2.0,3.0,0.0,50.0,1.0
71.0,357.49777,34.479115,97.0,9.0,3.0,2.0,78.922485,35.04753,7.0,-2.298809,13.380909,0.0,95.85813,1.0,2.0,1.0,-7.1070614,-8.0,0.0,-8.0,-9.0,50.0,1.0
2.4006815,113.089836,1.0,46.899487,13.0,3.2390082,3.6956174,84.21858,13.031008,6.0,6.0,19.347757,4.0,54.95405,-7.0,1.0,1.0,93.659035,82.0,2.0,3.0,0.0,64.0,1.0
68.66597,-8.885085,5.0,22.310177,8.0,0.0,0.0,100.0,-7.0,7.0,8.0,12.0,1.0,35.0,0.0,5.0,6.006377,40.338116,61.007416,2.0,2.0,0.0,57.0,1.0
72.0,-7.2402306,-7.7449975,-9.0,38.748386,1.0,0.0,100.0,59.849136,6.0,3.774793,40.93452,9.18792,21.0,0.0,1.0,2.0,6.0,99.66389,7.0,3.0,1.0,67.0,1.0
72.21458,217.09123,13.0,87.79307,13.544476,0.0,0.0,100.0,-7.0,7.0,8.0,12.0,1.0,89.46287,2.0,0.0,0.0,82.30956,81.94266,2.0,2.0,0.8695331,100.0,1.0
82.0,101.44615,15.0,71.0,9.6954775,0.0,0.0,100.0,-7.0,7.0,8.0,11.491029,0.0,21.159624,0.0,0.0,0.0,21.0,-8.0,2.0,1.0,1.0,77.98831,1.0
55.483227,189.65224,40.04531,68.754,14.0,1.0,0.068221286,83.71332,10.973693,4.0,6.0,15.0,0.0,31.0,0.0,2.0,2.0,103.40424,-8.0,9.0,1.0,2.0,82.12922,1.0
65.0,151.2013,10.134622,69.81236,12.0,0.0,0.0,81.36933,23.335054,6.0,6.0,15.0,0.0,40.0,5.6234374,3.0,3.0,86.320175,51.36728,5.0,2.0,0.0,94.21442,1.0
60.273293,160.35724,36.070396,95.50598,7.0,2.0,1.0,56.199154,6.0,6.0,5.0,17.0,0.0,14.121376,0.0,2.0,1.0,72.76076,-8.0,5.0,1.0,0.0,100.0,1.0
72.019394,139.51445,25.34767,62.80637,6.5581174,0.0,0.0,86.482254,20.668049,6.0,6.0,8.0,0.0,17.854048,0.0,2.0,2.0,2.0,-8.0,1.0,-8.0,0.0,43.0,1.0
66.820465,165.06213,3.0,48.557938,15.0,1.5607677,1.3967642,82.253845,44.24088,6.0,3.0,16.028385,4.0,68.1605,1.0,1.0,1.0,40.588936,70.40045,2.828286,2.0,0.0,100.0,1.0
-9.0,136.71945,8.0,49.695602,27.0,4.230721,0.0,71.04905,18.90739,6.0,5.0,30.0,2.0,72.231575,0.0,0.0,0.0,108.88383,80.0037,4.0,5.9813647,3.0,100.0,1.0
-9.0,199.28554,34.96502,1.8068194,7.0,3.1026711,1.0,55.126057,65.225,6.0,4.0,9.314732,0.0,100.0,0.0,1.0,1.0,0.0,76.0,-9.0,1.0,-9.0,84.81643,1.0
68.0,216.94344,8.376712,65.72677,25.0,0.0,0.0,85.58426,38.840492,6.0,6.0,32.0,1.0,33.768246,0.0,2.0,2.0,58.464798,-8.0,9.755814,2.0,2.0,83.0,1.0
65.0,48.351196,3.0,-9.0,33.96145,0.0,0.0,100.0,-7.0,7.0,8.0,49.96511,3.0,33.0,-7.0,0.0,0.0,93.68067,95.46319,9.0,4.839081,2.0,85.44387,1.0
57.77452,129.17166,21.869207,59.180157,18.0,0.0,0.0,89.2339,-7.0,-3.4498644,6.0,18.0,0.0,39.772617,-7.0,0.0,0.0,90.22156,-8.0,7.0,1.7905588,1.0,100.0,1.0
60.653152,140.35475,3.0,51.790558,14.0,0.0,0.0,89.13112,39.463856,6.0,6.0,17.0,3.0,27.0,0.0,2.7018821,3.0,118.70676,-8.0,3.0,2.0,2.0,100.0,1.0
58.528038,119.693214,7.0,37.00329,7.7647777,0.0,0.0,100.0,-7.0,7.0,8.0,9.0,1.0,35.0,-7.0,4.0,3.0535908,76.250534,8.286888,4.0,1.0,1.0,85.802124,1.0
64.2269,161.42068,7.0,86.76786,18.0,0.0,0.0,80.28123,30.694899,6.0,4.496778,18.0,2.0,23.475391,0.0,4.6965127,4.294226,35.86378,68.9686,4.0,4.0,3.0,80.0,1.0
81.58411,99.01468,23.457191,59.686256,17.0,0.0,0.0,100.0,-7.0,7.0,8.0,20.0,0.0,68.38924,-8.0,0.0,0.0,0.0,-8.0,1.0,1.0,0.0,50.0,1.0
62.91344,159.80817,3.0,49.862686,17.0,2.0,0.0,81.155914,6.8229065,4.0,3.0,19.0,4.0,45.0,0.0,4.0,4.0,19.0,76.0,4.0,2.0,1.0,60.0,1.0
-9.0,116.86657,4.496511,58.316277,10.085451,0.0,0.0,97.0,6.909838,4.0,6.0,9.0,2.0,20.0,0.0,2.0,2.0,119.139244,-8.0,5.2288485,-8.0,3.7444246,90.78828,1.0
70.23782,77.4212,10.0,54.550186,15.389231,1.0,0.0,94.0,26.186329,6.0,2.0,10.940759,1.0,66.44882,2.0,1.0,0.0,49.683765,81.53148,2.0,3.0,0.0,100.0,1.0
66.927986,130.91974,3.0,36.343304,13.0,1.0,0.0,93.9713,44.975605,4.0,4.0,16.331358,4.1956153,57.879242,0.0,11.094817,9.2176075,73.26517,-8.0,4.0,2.0,0.0,86.136154,1.0
62.0,158.63997,3.0,55.731842,21.0,1.0,1.0,100.0,-7.0,7.0,8.0,14.0,6.0,44.96221,0.0,2.0,2.0,32.93773,100.0,2.0,3.0,0.0,59.49605,1.0
62.111107,116.68823,1.0,49.82683,35.67572,4.6962852,2.0,88.65049,22.627947,2.8122737,4.0,40.48395,7.3861403,56.45968,0.0,5.371243,5.3029766,59.63205,81.336655,7.0,6.325536,0.0,80.0,1.0
-9.0,-9.0,2.0,-9.0,-9.0,0.0,0.0,57.467293,-7.0,5.0,5.8672876,-4.823218,1.0,20.0,-7.0,0.0,0.0,0.0,-8.0,1.0,-8.0,-9.0,50.0,1.0
71.061516,162.56018,2.0,65.0,16.0,0.0,0.0,96.863304,53.929222,6.0,6.0,22.0,3.5219026,45.56348,0.0,3.0,3.0,40.880238,99.94417,4.0,2.0,0.0,80.0,1.0
66.0,199.50896,17.0,55.86895,8.104809,0.0,0.0,68.15902,4.0,4.0,6.0,11.622287,0.0,64.42926,0.0,0.0,0.0,6.0,-8.0,1.0,1.0,0.0,74.455124,1.0
68.0,-9.0,3.0,24.67259,6.0,0.0,0.0,100.0,-7.0,7.0,8.0,7.5317025,2.0,33.0,0.0,0.0,0.0,69.752754,-8.0,2.0,1.0,1.0,67.0,1.0
77.0,12.030663,4.861657,-9.0,10.0,0.0,0.0,100.0,-7.0,7.0,8.0,13.051073,3.0,27.500645,0.0,2.0,3.0,0.0,75.35472,1.5751166,2.0,0.0,33.0,1.0
69.0,104.72416,12.0,41.71299,28.27561,0.0,0.0,96.0,21.681273,6.0,6.0,35.0,1.0,97.35873,2.0,2.0,2.0,50.1208,96.6595,3.0,7.6756887,0.0,88.50731,1.0
61.315273,194.80057,7.035025,70.88965,20.0,0.0,0.0,92.321434,6.0,6.0,6.0,26.0,2.0,19.759274,0.0,1.0,1.0,101.92905,-8.0,3.0,2.0,4.0,86.0,1.0
63.0,-8.0,2.0,20.892864,-9.0,0.0,0.0,100.0,-7.0,7.0,8.0,4.751036,6.0,13.036187,0.0,0.0,0.0,68.36042,58.158363,6.0,1.0,6.245567,85.22166,1.0
65.0,58.727108,1.0,29.142086,13.0,0.0,1.0,86.4835,35.54373,6.0,4.173913,9.0,4.0,18.0,0.0,1.0,1.0,52.160095,-8.0,3.0,1.0,0.0,58.940735,1.0
57.53188,177.07753,3.0,37.94566,29.25867,4.6217794,3.5881758,86.63691,6.0,4.0,2.0,44.365246,4.0,19.0,0.0,1.0,1.0,29.633581,81.30408,12.445013,4.0,2.1281283,71.0,1.0
51.37219,163.39107,20.766052,48.467148,10.0,1.0,0.0,74.87981,3.5923042,2.308014,5.0,11.0,0.0,70.62617,0.0,3.0,2.0,113.61149,13.590844,1.0,2.0,1.0,86.0,1.0
71.0,83.88129,9.0,61.77069,17.535643,0.0,0.0,100.0,-7.0,7.0,8.0,16.0,1.0,59.18391,0.0,1.0,1.0,51.59764,54.302822,8.0,2.0,2.0,100.0,1.0
79.893,221.3338,14.0,89.55855,6.4760485,0.0,0.0,100.0,-7.0,7.0,8.0,10.0,0.0,13.0,0.0,1.0,0.0,4.9950533,-8.0,2.0,-8.0,0.0,26.241482,1.0
69.0,125.62162,-9.0,49.968433,23.0,0.0,0.0,100.0,-7.0,7.0,8.0,28.0,3.0,43.0,-7.0,8.478825,9.517304,51.27238,34.953167,6.0,3.0,1.0,75.0,1.0
2.0726013,199.02089,6.0,74.256134,45.016678,2.0,0.0,89.0,5.8761406,4.0,5.0,44.024857,3.0,20.0,16.341322,0.0,0.0,45.247746,-8.0,9.087941,2.0,3.0,75.0,1.0
59.55665,176.2299,9.0,10.400525,8.0,0.0,0.0,100.0,-7.0,7.0,8.0,13.0,1.0,50.0,0.0,1.0,1.0,82.500565,63.28299,4.0,3.0,0.0,88.0,1.0
64.2484,141.7931,8.0,39.718002,-9.0,0.0,0.0,100.0,-7.0,7.0,8.0,5.1579485,0.0,89.02199,0.0,3.0,3.0,0.0,94.1705,-9.0,1.0,-8.0,70.0,1.0
57.372993,147.47852,2.0,40.48204,43.203117,0.0,0.0,96.0,39.58499,6.0,6.0,48.81473,10.533856,46.75458,4.0,1.0,1.0,81.69429,81.48289,11.794093,6.5563917,4.0,80.0,1.0
75.0,122.38968,7.0,44.971138,9.0,0.0,0.0,100.0,-7.0,7.0,8.0,16.0,1.0,62.199024,2.0,3.0,2.0,28.0,-8.0,1.0,2.0,0.0,73.77072,1.0
63.0,190.60965,2.0,68.34849,17.384048,0.0,0.0,90.0,50.363808,6.0,6.0,24.0,3.0,31.0,-7.0,6.119787,5.565897,64.14397,91.0,8.0,3.0,2.0,82.53557,1.0
71.0,160.9916,-9.0,57.655224,15.0,0.0,0.0,100.0,-7.0,7.0,8.0,18.634954,3.0,45.191803,0.0,1.0,1.0,114.75715,73.58865,3.0,4.0,1.0,100.0,1.0
-9.0,158.03604,3.0,56.988342,16.337166,4.9665656,3.145439,-9.0,22.862703,4.0,3.0,22.0,5.0,62.343544,0.0,2.0,1.0,109.169815,-8.0,5.0,7.260742,3.8169563,100.0,1.0
-9.0,147.75867,5.0,52.40276,29.0,0.0,0.0,86.32709,16.308653,6.0,6.0,31.0,5.0,11.345001,1.0,2.0,2.0,62.70155,84.03088,24.480844,3.0,4.0,75.0,1.0
73.0,120.00042,8.0,33.59416,-9.0,0.0,0.0,100.0,-7.0,7.0,8.0,8.0,1.0,39.456593,0.0,1.0,1.0,73.04329,68.09102,2.0,1.0,0.0,100.0,1.0
18.651676,22.457548,1.0,23.723604,24.0,0.0,0.0,89.0,11.674942,6.0,6.0,25.0,9.335559,40.390537,3.0,2.0,2.0,59.844673,80.5301,10.265441,4.0,3.0,80.0,1.0
66.0,151.79533,14.525782,59.18873,5.6325665,0.0,0.0,100.0,-7.0,7.0,8.0,4.309824,0.0,42.001244,7.1658335,0.0,0.0,97.561325,-8.0,2.0,1.0,2.0,88.0,1.0
65.0,118.533485,7.0,34.0171,19.467894,3.8382375,1.0,95.0,33.462807,1.468801,5.0,23.0,4.0,38.0,-7.0,2.0,2.0,58.773304,60.78951,11.0,2.0,1.0,100.0,1.0
63.0,-4.346098,6.0,-9.0,7.0,0.0,0.0,100.0,-7.0,7.0,8.0,6.552078,8.320751,14.0,0.0,2.0,2.0,41.255375,-8.0,2.0,-8.0,0.0,38.678463,1.0
71.0,103.986465,5.791593,32.49703,17.35125,0.0,0.0,100.0,-7.0,7.0,8.0,23.0,2.0,60.136425,-7.0,0.0,0.0,46.57879,44.715015,3.0,6.0,1.0,77.66244,1.0
3.7607663,52.47683,3.0,68.50484,15.0,0.0,0.0,91.0,4.0971794,6.0,6.0,7.1747303,1.0,14.0,0.0,5.8457227,5.812492,81.8802,87.550705,8.382781,3.0,3.8841963,91.65845,1.0
-9.0,155.3087,4.0,65.635025,13.512593,0.0,0.0,92.0,4.6015935,4.0,5.0,12.0,2.0,26.0,16.946379,1.0,1.0,63.157486,59.253117,7.0,3.0,2.0,79.9803,1.0
63.0,186.53754,6.0,93.16343,26.0,0.0,0.0,85.557495,5.89247,6.0,6.0,27.0,3.0,32.138485,1.92828,4.8821535,4.0,77.444435,-8.0,8.0,2.0,2.0,86.0,1.0
70.0,225.03888,25.356672,22.143934,13.0,0.0,0.0,69.475105,21.380602,6.0,6.0,19.0,0.0,99.99947,0.0,2.0,1.0,0.0,71.59181,0.0,2.0,-9.0,75.0,1.0
55.380173,143.3091,1.0,49.173157,12.0,0.0,0.0,73.99187,14.983672,4.0,6.0,16.0,2.0,67.80971,0.0,3.0,2.0,56.828495,86.41624,3.0,5.0,0.0,100.0,1.0
61.652412,179.1943,16.409866,65.0,18.641645,3.0,2.0,64.43827,5.149087,6.0,5.0,28.0,0.0,68.36892,0.0,4.0,4.0,17.409752,-8.0,1.9639839,2.0,0.0,60.0,1.0
64.62157,171.93565,8.0,53.386158,3.4059827,0.0,0.0,77.16156,52.144608,6.0,6.0,4.727643,1.0,58.555317,-7.0,1.0,1.0,81.95641,9.110897,1.0,1.0093179,0.0,100.0,1.0
65.0,126.51312,10.0,71.61561,10.0,0.0,0.0,88.0,18.45238,6.0,6.0,10.900418,0.0,40.24144,10.370459,0.0,0.0,115.61944,91.0,2.0,2.0,0.0,88.0,1.0
65.0,193.78314,19.132742,103.84342,27.0,2.0,0.0,89.79105,58.991364,6.0,5.440536,24.0,0.0,62.64308,-7.0,2.0,1.8395603,70.05788,61.416367,9.0,2.0,2.0938869,83.0,1.0
54.435776,147.99535,31.01168,100.56679,6.0,0.0,0.0,75.47951,17.306873,6.0,6.0,7.0,0.0,46.0,0.0,3.0,3.0,119.99181,-8.0,2.0,-8.0,2.5711548,100.0,1.0
37.53832,166.07896,5.0,41.824932,21.89203,2.0,0.0,83.1447,7.9669867,0.97606885,-0.06361553,20.0,2.0,25.0,0.0,3.0,3.0,64.12311,89.4167,11.0,4.0,1.0,100.0,1.0
-9.0,-9.0,-9.0,-9.0,-9.0,-9.0,-9.0,-9.0,-9.0,-9.0,-9.0,-9.0,-9.0,-9.0,-9.0,-9.0,-9.0,-9.0,-9.0,-9.0,-9.0,-9.0,-9.0,1.0
74.0,245.49852,3.0,64.92356,28.189766,0.0,0.0,100.0,-7.0,7.0,8.0,38.8866,2.0,22.0,3.400247,1.0,1.0,12.782106,-8.0,7.0,1.0,0.0,60.0,1.0
63.23952,152.0884,14.532139,63.0,31.509611,0.0,0.0,84.631996,16.508177,4.0,6.0,47.026436,0.0,38.0,-7.0,5.0,4.6379523,47.52541,54.31981,9.577855,7.3446403,2.0,99.46138,1.0
70.0,197.33107,5.0,59.817932,4.8688016,0.0,0.0,100.0,-7.0,7.0,8.0,3.9912252,1.0,70.744385,0.0,2.0,2.0,89.688736,83.503136,1.0,3.0,0.0,86.0,1.0
58.284836,232.34215,9.0,82.0,14.0,9.094226,1.0,79.17943,26.408875,6.0,5.0,15.0,1.0,55.183598,0.0,1.0,1.0,38.454914,61.374413,2.0,4.0,0.0,74.302284,1.0
54.01824,171.16536,8.0,54.167274,12.0,1.0,1.0,73.475845,25.625866,6.0,5.0,16.0,2.0,58.133736,0.0,1.0,0.0,89.181206,60.966938,4.0,3.0,2.0,100.0,1.0
60.428238,288.95532,-9.0,91.31092,39.0,0.0,0.0,88.0,21.391857,6.0,6.0,38.0,4.0,13.114567,-7.4697213,1.0,1.0,69.93666,66.00152,14.476164,3.0,3.9465888,87.43726,1.0
55.909264,61.71571,28.857327,58.0,9.525813,0.0,0.0,89.0,0.21372858,0.12972939,6.0,9.801277,0.0,35.73421,0.0,0.0,0.0,29.053907,-8.0,1.0,1.0,1.0,33.0,1.0
55.10199,156.90445,12.0,55.62174,11.0,0.0,0.0,83.64956,2.0,4.0,6.0,9.169378,1.0,33.0,0.0,0.0,1.0,70.33525,42.532757,4.0,2.0,3.0,100.0,1.0
-9.0,152.653,15.0,62.395588,19.0,0.0,0.0,88.0,3.393133,4.0,6.0,16.0,0.0,20.673935,0.0,0.0,0.0,118.12763,-8.0,6.0,2.0,8.008585,86.0,1.0
62.0,-9.0,2.2391336,-9.0,16.153765,0.0,0.0,100.0,-7.0,7.0,8.0,20.0,8.265856,24.32524,0.0,2.0,2.0,25.9647,99.15004,5.0,5.652522,0.0,75.0,1.0
73.0,196.50056,24.081055,72.70042,7.8945727,0.0,0.0,94.0,18.408424,6.0,6.0,12.9241085,0.0,9.503831,0.0,2.0,2.0,54.885956,-8.0,5.0,1.0,0.0,84.6405,1.0
63.0,199.0629,4.0,63.0,27.0,0.0,0.0,100.0,-7.0,2.607916,6.0,34.0,2.0,16.0,1.0,3.0,2.0854292,44.972218,100.0,10.899038,4.0,3.7357216,80.0,1.0
67.87953,93.28794,2.0,-9.0,24.0,0.0,0.0,100.0,-7.0,7.0,8.0,24.0,9.524995,19.0,0.0,0.0,0.0,50.964558,77.232864,23.179941,2.0,1.0,80.8834,1.0
55.124557,119.416046,7.0,59.07753,25.0,0.0,0.0,78.99718,19.773535,6.0,6.0,28.0,2.0,24.0,-7.0,0.0,0.0,86.54721,84.02897,11.0,5.0,4.0,80.0,1.0
-7.9528503,32.007248,2.5912292,48.85258,22.0,3.0630548,0.0,88.0,-7.0,-9.0,2.0,26.811325,6.0,43.0,0.0,5.0,5.0,35.805946,-8.0,7.0,2.0,1.0,78.0,1.0
-9.0,184.94443,7.0,53.09522,24.0,0.0,0.0,100.0,-7.0,7.0,8.0,24.0,2.0,47.301476,0.0,2.0,1.0,93.03554,69.78604,13.475578,5.0,7.9040737,100.0,1.0
66.964676,155.11856,11.0,49.08861,19.0,3.0,2.0,76.53617,47.56475,6.0,2.0,31.0,1.0,26.523018,0.0,3.0,3.0,71.92505,91.43962,5.0,3.0,0.0,80.0,1.0
63.605347,131.33342,35.093994,65.0,3.950014,2.0,1.0,69.27775,4.0,4.0,4.280236,4.757391,0.0,22.0,7.0,0.0,0.0,4.0,-8.0,2.0,-8.0,0.0,60.0,1.0
68.848976,-9.0,6.0,36.405655,32.0,2.0,0.0,96.0,17.333632,4.0,4.0,23.83368,3.0,54.537827,0.0,2.0,2.0,12.0,67.92946,4.0,4.0,0.0,67.0,1.0
63.99622,139.53674,9.0,61.0,12.0,1.0,0.0,63.79664,13.891558,6.0,5.0,19.0,1.0,56.116657,-7.0,0.0,0.0,76.9116,94.66182,3.0,2.0,2.0,88.74486,1.0
65.0,268.25223,4.0,80.0,22.0,2.0,0.0,86.32181,9.039234,3.5171826,2.0,23.0,2.0,33.0,12.0,1.0,0.0,16.0,53.47714,11.130258,5.1026154,0.0,100.0,1.0
-9.0,-9.0,-9.0,-9.0,-9.0,-9.0,-9.0,-9.0,-9.0,-9.0,-9.0,-9.0,-9.0,-9.0,-9.0,-9.0,-9.0,-9.0,-9.0,-9.0,-9.0,-9.0,-9.0,1.0
69.0,124.29199,8.21709,48.956524,17.0,0.0,0.0,100.0,-7.0,7.0,8.0,16.0,4.0,-9.0,4.0,2.0,2.0,51.43342,-8.0,9.0,1.0,1.0,78.0,1.0
64.0,35.590557,25.749495,-9.0,3.4207706,0.0,0.0,100.0,-7.0,7.0,8.0,-9.0,0.0,99.99598,2.0,0.0,0.0,-8.066492,83.01785,-8.262704,1.0,-9.0,53.58479,1.0
-9.0,106.02004,3.0,63.0,41.044243,2.239912,0.0,78.51323,5.8181925,5.0,4.432147,49.740005,3.0641382,8.560905,7.0,1.0,0.0,36.606876,-8.0,11.0,1.0,2.0,87.15409,1.0
71.0,278.29,7.0,86.0,35.12061,1.0,0.0,89.389786,46.903183,6.0,5.0,44.48896,2.0,29.0,0.0,10.017571,7.632177,23.778326,88.43377,8.0,5.0,0.0,76.75467,1.0
56.87186,-8.0,7.0,-9.0,3.6034107,0.0,0.0,100.0,-7.0,6.0,8.0,7.0,2.0,72.50901,0.0,0.0,0.0,118.84416,18.776659,1.5311029,2.0,0.0,100.0,1.0
66.0,165.45236,5.0,66.90152,14.0,1.0,0.0,92.0,10.421155,-9.0,3.1987739,12.0,1.0,55.07677,6.2632236,1.0,1.0,70.45121,84.01483,4.0,2.0,3.0,73.0,1.0
62.0,102.0308,13.53652,46.71881,17.0,0.0,0.0,86.45533,6.6567674,6.0,6.0,18.0,1.1381061,14.710266,0.0,4.0,4.0,37.63783,-8.0,5.0,1.0,4.7949796,67.0,1.0
66.0,152.26187,5.0,18.567665,15.0,0.0,0.0,100.0,-7.0,7.0,8.0,16.0,4.0,66.654015,0.0,1.0,1.0,59.919174,91.0,3.0,4.0,1.0,67.58147,1.0
66.0,154.68246,2.0,-9.0,12.0,0.0,0.0,100.0,-7.0,7.0,8.0,14.0,6.0,19.0,-7.0,3.0,3.0,71.77043,-8.0,5.0,1.0,1.0,80.0,1.0
-0.6702,105.15003,4.2306566,26.727196,11.0,0.0,0.0,84.69472,23.979725,6.0,6.0,10.653379,3.0,33.0,0.0,1.0,1.0,62.273064,52.67526,4.0,2.0,2.0,88.792885,1.0
73.0,162.84483,15.0,59.935383,12.0,0.0,0.0,100.0,-7.0,7.0,8.0,15.0,0.0,19.0,-7.0,2.0,2.0,51.451683,96.6939,3.0,1.0,0.0,57.0,1.0
55.77084,203.4494,25.604958,81.0,20.0,0.0,0.0,83.31643,7.0795965,0.0,6.0,19.553076,0.0,41.0,0.0,4.0,3.8197174,68.46127,59.72244,7.640103,4.0,2.421269,73.882095,1.0
69.0,234.55414,22.844702,76.969444,12.0,1.0,0.0,72.339874,1.0,4.0,5.0,13.0,0.0,17.0,0.0,3.0,2.0,3.0,-8.0,2.0,1.0,0.0,27.081367,1.0
63.87522,54.236492,16.779814,56.73904,12.0,0.0,0.0,84.82428,9.839243,6.0,6.0,-9.0,0.0,21.871056,8.0,2.0,1.0,75.604034,84.0207,2.0,1.0,2.0,56.0,1.0
59.253834,139.90482,32.451405,65.0,12.0,2.0,0.0,70.30275,1.7022285,6.0,3.0,16.0,0.0,33.0,0.0,3.6675472,4.0,70.44702,-8.0,7.0,1.0,3.0,100.0,1.0
59.868774,82.92031,3.0,46.93387,73.04576,3.0,1.0,92.631195,10.127887,6.0,5.0,99.187744,10.037736,52.113457,0.0,3.0,3.0,103.485695,42.563984,7.0,18.16798,3.0,100.0,1.0
59.3436,70.0507,2.0,-9.0,26.213778,0.0,0.0,100.0,-7.0,7.0,8.0,28.228096,3.0,40.0,3.9430249,0.0,0.0,28.6373,99.396034,8.0,2.0,1.0,63.38894,1.0
58.016937,133.55383,0.5747301,34.97962,5.7656174,0.0,0.0,100.0,-7.0,7.0,8.0,7.0,10.830224,42.0,0.0,3.0,3.0,89.57688,97.28007,2.0,4.0,2.0,76.35999,1.0
63.0,63.97819,3.0,-9.0,5.9564333,0.0,0.0,100.0,-7.0,7.0,8.0,0.5886941,4.0,33.0,0.0,2.0,2.0,59.476967,-8.0,3.0,1.0,0.0,80.44409,1.0
68.0,166.83171,10.482552,36.23809,9.067011,0.0,0.0,88.0,33.28904,6.0,6.0,11.0,2.0,69.29408,-7.0,0.0,0.0,33.583794,-8.0,1.0,2.0,-9.0,95.526634,1.0
63.0,173.519,8.0,58.37565,19.0,0.0,0.0,100.0,-7.0,7.0,8.0,21.0,2.0,-9.0,8.894555,0.0,0.0,33.32566,75.44733,5.0,1.0,3.0,54.415054,1.0
73.0,198.99507,4.0,49.634815,12.0,1.0,1.0,100.0,-7.0,-4.892944,6.0,11.0,3.0,84.41082,2.0,2.0,1.0,1.08307,63.86986,1.0,2.0,0.0,77.054436,1.0
57.027294,203.18538,60.174103,99.35032,15.0,0.0,0.0,80.94598,6.0,3.0,6.0,16.0,0.0,20.757292,0.0,2.0,1.0,115.05695,31.58451,7.0,2.0,3.0,85.74922,1.0
65.0,176.98149,7.0,68.0,30.0,0.0,0.0,100.0,-7.0,7.0,8.0,33.924923,2.0,41.773643,1.0,1.0,1.0,56.30281,69.09782,10.04147,4.0,2.0,83.96233,1.0
54.033867,121.62471,4.0,61.144592,44.28436,1.0,0.0,88.0,-7.0,-5.849048,5.0,51.554623,3.9772239,31.0,0.0,2.0,2.0,66.36451,83.7494,17.89218,3.0,3.0,80.0,1.0
59.39922,208.67213,3.0,44.79315,24.976868,1.0,1.0,70.152916,32.565414,5.7725477,-3.799908,30.0,6.0,40.0,0.0,3.0,3.634444,87.509865,63.421986,7.0,4.0,2.0,100.0,1.0
73.0,159.75555,3.0,76.82062,25.0,3.0,2.0,73.66938,40.424812,6.0,2.0,30.0,4.0,63.26195,4.0,1.0,1.0,5.0,-8.0,3.0,1.0,1.0,67.0,1.0
-9.0,136.47821,3.0,47.11054,11.0,1.0,1.3781804,76.11111,3.0,-9.0,3.84203,15.0,2.0,71.30597,-8.0,0.0,0.0,72.72901,90.77596,3.0,3.0,0.0,100.0,1.0
72.0,184.47598,2.0,61.0,13.0,2.0,1.0,80.873436,45.797848,6.0,5.0,22.0,2.0,62.306416,0.0,5.248451,5.0,1.0,81.710754,2.0,3.0,0.0,67.0,1.0
55.835194,153.41498,13.769403,73.204315,12.0,4.583738,3.2214172,73.523285,4.0,4.0,4.0,9.765702,0.0,98.30643,3.0,1.0,1.0,80.54035,66.99477,1.0,2.0,2.0,100.0,1.0
58.91769,79.086235,31.622,56.67182,6.0,3.0259278,2.0,77.869736,12.576078,6.0,3.7668233,9.0,0.0,71.472015,1.0,0.0,0.0,85.49794,24.592136,1.0,2.0,0.0,80.0,1.0
70.0,69.65856,18.673712,24.371794,-9.0,0.0,0.0,100.0,-7.0,7.0,8.0,3.9900992,0.0,12.9294815,0.0,0.0,0.0,98.506294,56.278664,2.0,1.0,1.0,100.0,1.0
59.04443,158.74829,14.798853,56.609028,41.40634,0.0,0.0,100.0,6.571687,4.0,5.0,44.119877,0.0,33.0,6.0,2.0,1.0,92.69499,77.89191,13.42983,17.518885,9.586548,100.0,1.0
57.796352,-7.682293,2.0,-9.0,7.150394,0.0,0.0,100.0,-7.0,7.0,8.0,10.0,4.0,54.48354,0.0,2.0,2.0,64.36135,59.32924,1.0,6.0,1.0,70.88005,1.0
74.428215,54.99257,3.0,35.353252,10.0,0.0,0.0,100.0,-7.0,7.0,8.0,9.407282,1.0,45.29386,7.0,0.0,0.0,0.0,97.62113,2.0,1.0,0.0,50.0,1.0
-9.0,129.73038,2.0,41.825104,28.0,0.0,0.0,100.0,-7.0,6.0,6.0,31.0,2.0,52.189137,0.0,5.7507286,5.937091,88.44467,86.17764,5.0,4.0,5.8362427,74.33379,1.0
57.75204,80.41913,23.087536,72.0,5.6778126,1.2228905,1.7468692,81.35502,33.90758,6.0,2.0,6.5380855,0.0,62.239174,-7.0,0.0,0.0,106.715996,-8.0,2.0,2.0,1.0,100.0,1.0
70.0,114.12202,6.7262454,18.660173,6.0,0.0,0.0,100.0,-7.0,7.0,8.0,7.6504517,0.0,90.04926,0.0,0.0,0.0,0.0,53.39395,1.0,1.0,0.0,50.0,1.0
60.021458,159.82333,4.0,40.35739,12.0,1.0,1.0,100.0,-7.0,6.0,8.0,9.0,2.0,53.78914,-7.0,1.0,1.0,54.600338,90.612045,6.0,1.0,2.0,100.0,1.0
54.04149,172.29895,22.432583,61.596222,8.0,0.0,0.0,78.39578,11.4629545,6.0,6.0,13.61169,0.0,42.441166,-8.0,0.0,0.0,75.693886,-8.0,2.0,2.0,3.0,78.22071,1.0
72.0,41.28128,22.760094,59.57456,11.670184,0.0,0.0,100.0,-7.0,7.0,8.0,15.0,0.0,18.0,-7.0,0.0,0.0,30.066704,-8.0,3.0,1.0,0.0,70.0,1.0
70.0,125.45879,9.0,41.044617,10.0,0.0,0.0,100.0,-7.0,7.0,8.0,16.017483,2.0,76.953766,0.0,1.0,1.0,38.046093,42.285362,2.0,3.0,0.0,100.0,1.0
65.0,135.61241,21.87386,62.811512,13.0,2.0,0.0,88.988396,15.565158,4.0,2.0,16.0,0.0,6.7619834,-7.0,0.0,0.0,85.37492,-8.0,3.0,1.0,1.0,57.31244,1.0
70.0,162.64168,10.0,79.0,16.0,2.0,2.0,68.013176,10.451508,3.9886649,2.0,22.0,1.0,57.64847,0.0,0.0,0.0,51.57561,48.566982,1.0,2.0,0.35299492,100.0,1.0
65.70862,58.653687,5.0,37.976837,32.04307,2.0,2.1695614,87.95422,36.23509,5.401154,2.5545578,38.0,4.0,29.0,1.0,0.0,0.0,47.077168,78.977936,8.0,5.5196834,2.0,71.0,1.0
67.03931,159.43706,21.892511,73.048744,8.0,2.7484262,0.0,76.02643,12.656811,6.0,2.0,9.674925,0.0,13.718717,0.0,1.0,0.0,59.40115,-8.0,2.0,-8.0,0.0,60.0,1.0
66.0,120.91648,13.577348,43.115097,10.0,0.0,0.0,100.0,-7.0,7.0,8.0,7.4008255,0.0,20.0,1.0,3.0,3.0,84.50082,-8.0,6.0,1.0,4.0113544,85.26862,1.0
68.0,199.37456,2.0,49.68153,26.0,0.0,0.0,98.0,3.0,6.0,6.0,25.026894,5.0,47.0,0.0,1.0,1.0,49.9482,63.273266,7.979414,7.560116,1.0,83.0,1.0
32.993763,133.8249,10.0,15.618552,7.4526243,0.0,0.0,100.0,-7.0,7.0,8.0,9.646897,1.0,54.35457,2.0,1.0,1.0,115.95183,79.47269,4.0,2.0,4.0,100.0,1.0
71.1332,135.62845,21.123423,38.209,17.0,1.0,0.0,89.0,39.949093,6.0,6.0,24.0,0.0,78.00518,0.0,2.0,1.0,25.0,71.89049,2.0,3.0,0.0,80.0,1.0
73.0,109.445015,11.0,63.67209,19.0,3.0,0.0,88.0,62.139244,6.0,3.0,20.0,3.0,71.29522,-7.0,1.0,0.0,16.18463,93.94772,2.0,2.0,0.0,57.837772,1.0
65.55134,222.02904,11.0,65.84432,13.0,4.8790474,5.487327,82.20827,30.743988,4.0,4.0,14.088864,0.0,77.39324,3.0,2.0,1.8903135,0.0,-0.88374585,1.0,1.0,0.0,60.0,1.0
64.262314,163.48543,7.0,25.706427,9.0,1.0,0.0,77.06129,18.131273,6.0,3.0,14.015576,4.0,99.993126,0.0,2.0,2.0,5.0,94.25564,0.0,4.0,0.0,100.0,1.0
70.0,110.501976,10.0,25.249851,6.46526,0.0,0.0,100.0,-7.0,7.0,8.0,8.0,1.0,93.41329,1.0,2.0,2.0,10.713786,57.05859,1.0,2.0,-9.0,100.0,1.0
75.0,135.32292,30.504269,49.231873,11.0,0.0,0.0,88.0,55.898224,6.0,6.0,14.0,0.0,29.042362,0.0,0.0,0.0,41.503757,-8.0,4.0,1.0,0.0,60.0,1.0
65.394615,107.86944,22.499123,58.760693,25.0,0.0,0.0,88.0,28.99335,6.0,6.0,23.246887,0.0,63.75648,0.0,0.0,0.0,52.778286,5.9065757,4.0,3.0,0.0,75.0,1.0
70.0,150.4085,4.0,61.800236,17.0,0.0,0.0,95.0,48.329365,6.0,6.0,21.0,2.335506,26.487387,0.0,3.0,3.0,92.43217,-8.0,3.0,1.0,0.0,80.0,1.0
68.59208,167.48738,-9.0,58.0,14.0,1.0,1.0,93.0,21.791729,6.0,6.0,19.0,3.0,69.06943,0.0,2.0,2.0,59.06826,58.701035,1.0,3.0,0.0,80.0,1.0
66.0,70.187675,2.0,45.96688,12.0,2.0,1.0,80.90444,47.65777,6.0,2.0,14.7258835,2.0,92.32486,0.0,3.6557708,4.0,0.0,85.30465,0.0,3.0,-9.0,100.0,1.0
64.0,139.61308,3.0,50.340706,9.0,1.1457754,0.0,79.79391,42.924747,6.0,3.0188131,9.0,3.0,77.98009,0.0,2.0,2.0,49.863926,95.56599,1.0,4.0,0.0,91.99027,1.0
61.08166,159.4077,6.0,48.385582,-9.0,7.201149,6.194429,68.83552,44.773167,6.0,5.0,7.0,2.0,79.11442,-7.0,2.0,2.0,119.46439,57.26554,1.0,1.0,0.0,80.0,1.0
69.18224,241.90456,2.0,90.00106,19.0,0.0,0.0,91.495605,24.098179,6.0,6.0,24.200298,3.0,49.738586,-8.0,0.0,0.0,61.629547,49.369663,4.0,8.92232,1.0,83.0,1.0
56.62259,146.60191,17.0,59.52174,9.0,1.0,0.0,68.71647,3.0,6.0,5.0,15.0,2.0,82.87409,-7.0,0.0,0.0,101.0242,80.830505,2.0,1.0,2.0,100.0,1.0
81.0,-8.0,9.0,-9.0,13.0,0.0,0.0,100.0,-7.0,7.0,8.0,14.007316,1.0,50.44248,0.0,1.0,1.0,2.0,83.69809,1.0,4.0,0.0,67.0,1.0
68.0,96.70615,6.0,51.514015,3.6628299,3.264749,1.0,64.10415,29.416967,6.0,2.0,5.782642,2.0,24.0,13.101703,0.0,0.0,46.053673,-8.0,1.0,-8.0,0.0,56.0,1.0
62.11795,231.89508,13.735829,80.48716,17.0,0.0,0.0,79.91751,4.0,4.0,6.0,18.04772,0.0,19.138332,0.0,3.0,2.984267,72.47341,71.0,9.0,2.0,3.3304365,83.12113,1.0
66.94065,166.98973,21.544086,72.33304,24.0,0.0,0.0,100.0,-7.0,7.0,8.0,20.730402,0.0,43.0,3.0,1.0,1.0,80.29936,77.192444,4.0,4.0,3.0,75.0,1.0
71.0,247.87408,2.0,71.0,19.0,0.0,0.0,93.0,57.112232,6.0,6.0,23.208464,2.0,44.0,-2.319233,11.643081,7.049913,38.767128,100.0,4.0,4.0,0.0,71.0,1.0
66.78303,207.77052,6.0,68.0,27.0,0.0,0.0,83.34295,9.611145,6.0,6.0,29.0,2.0,38.04858,0.0,0.0,0.0,63.435776,-8.0,9.0,2.0,1.0,100.0,1.0
-9.0,168.4498,2.74698,22.42125,10.953441,0.0,0.0,100.0,-7.0,7.0,8.0,13.0,7.5459023,19.0,0.0,5.0,5.08639,59.234257,80.192566,5.0,4.0,2.0,80.0,1.0
64.0,92.08059,15.0,63.0,14.0,1.0,1.4442599,85.37901,20.979944,6.0,-9.0,9.0,0.0,22.125875,1.0,0.0,0.0,51.249184,-8.0,2.0,2.0,1.0,60.0,1.0
59.44205,100.86222,29.253311,78.03369,14.0,0.0,0.0,68.34781,2.0103803,-8.978641,6.0,20.0,0.0,39.305374,-7.0,0.0,0.0,55.730022,51.9702,3.0,2.0,0.0,100.0,1.0
-9.0,165.38322,25.19473,83.68567,15.0,0.0,0.0,75.440994,-7.0,3.0,6.0,15.0,0.0,19.0,8.0,0.0,0.0,102.278145,-8.0,6.228637,1.0,8.481598,73.33726,1.0
12.194794,78.40951,6.0,60.068195,11.0,0.0,0.0,85.197136,1.0,4.0,6.0,12.270482,2.0,53.087032,0.0,1.0,1.0,118.97044,58.002064,2.0,4.0,7.4714155,87.786514,1.0
64.0,191.38263,32.844006,95.80088,27.0,0.0,0.0,100.0,-7.0,7.0,8.0,23.0,0.0,32.0,0.0,3.0,2.0,94.41797,-8.0,14.792053,2.0,5.635188,100.0,1.0
66.0,112.88491,4.0,-9.0,15.0,0.0,0.0,100.0,-7.0,7.0,8.0,16.0,5.906058,51.209427,-7.0,3.0,3.0,17.732723,94.53095,5.0,1.0,0.0,80.0,1.0
76.38414,340.85178,22.939198,87.72263,-9.0,0.0,0.0,100.0,-7.0,7.0,8.0,3.9938312,0.0,99.44265,0.0,0.0,0.0,-9.0,-8.0,-1.5524461,-9.0,0.0,20.909182,1.0
67.0,-8.1630945,5.0,74.0,16.0,0.0,0.0,100.0,-7.0,7.0,8.0,14.0,2.0,39.835648,1.0,2.447427,2.0,91.40195,71.0,4.0,2.0,3.1972191,74.76109,1.0
65.92152,138.2813,4.0,29.702013,-9.0,1.0,1.0,100.0,-7.0,6.0,8.0,7.7920446,3.0,13.238549,0.0,1.0,1.0,59.8695,99.51411,3.0,1.0,2.0,74.09239,1.0
59.208385,156.48024,4.0,86.47138,25.0,2.0,1.0,87.763054,23.567575,4.183392,5.0,29.266178,3.0,21.0,1.0,2.0,2.0,40.968628,-8.0,8.0,1.0,1.0,71.0,1.0
-9.0,-8.585939,8.0,-9.0,9.0,0.0,0.0,84.1899,10.980929,6.0,6.0,12.0,7.164814,38.0,1.0,0.0,0.0,65.62519,-8.0,5.5778155,1.0,2.0,75.0,1.0
69.0,95.35225,8.0,-9.0,-9.0,0.0,0.0,100.0,-7.0,7.0,8.0,10.227833,2.0,29.0,6.1696386,0.0,0.0,55.619606,-8.0,3.0,1.0,0.0,86.0,1.0
61.693573,101.99809,-9.0,44.73047,19.0,3.96764,0.0,79.6249,38.068188,6.0,2.0,23.0,10.822914,44.0,0.0,3.0,3.0,11.0,88.85852,4.0,2.0,0.0,71.0508,1.0
65.0,52.446987,2.894461,21.106247,8.419745,1.0,1.0,94.0,22.30609,6.0,6.0,10.266334,5.0,33.0,-3.547595,3.007282,4.0,40.945835,-8.0,4.0,1.0,0.0,78.358604,1.0
65.0,155.32068,4.0,37.598995,19.0,0.0,0.0,90.0,53.32114,6.0,5.0,20.0,4.0,33.0,0.0,1.0,1.0,76.38494,89.56925,6.0,2.0,3.0901392,80.0,1.0
59.454002,78.88607,2.0,33.683243,34.627792,1.0,0.0,97.0,44.04194,6.0,5.0,36.57619,10.994652,9.282972,0.0,1.0,1.0,59.665333,66.080154,22.027208,2.9537866,2.0,63.0,1.0
71.0,148.96587,3.0,39.24962,9.460801,0.0,0.0,83.73683,26.663246,6.0,6.0,14.0,1.0,25.874903,0.0,1.0,1.4210503,6.0,-8.0,1.0,-8.0,0.0,29.396042,1.0
62.645576,-9.0,2.0,-9.0,6.0,0.0,0.0,77.10887,21.732677,6.0,6.0,6.6202254,5.0,40.0,0.0,5.910166,6.235842,24.798182,91.0,3.0,3.0,1.0462865,73.657326,1.0
72.0,82.76335,9.0,55.113266,14.0,0.0,0.0,100.0,-7.0,7.0,8.0,11.0,3.0,16.0,0.0,2.0,1.0,44.645645,82.02663,6.0,1.0,1.0,85.18134,1.0
65.0,152.35089,23.634136,46.791496,6.0,1.316236,0.0,86.31133,12.7469225,4.160652,2.9188588,8.0,0.0,75.22212,0.0,0.0,0.0,56.189373,45.976467,3.0,2.0,1.0,93.12731,1.0
65.0,44.925686,11.184983,43.24998,6.93049,2.0,1.0,81.388405,6.0,4.774014,2.0,8.69658,0.0,67.15278,0.0,4.0,3.0,4.7374377,-8.0,1.0,1.0,0.0,46.327183,1.0
68.0,251.48396,14.511615,90.0,14.0,1.0,0.0,69.85555,-7.0,-9.0,5.0,16.0,0.0,57.80303,2.0,0.0,0.0,3.0,-8.0,1.0,1.0,0.0,80.0,1.0
61.75569,163.06447,23.729122,73.444,11.430406,1.0,0.0,78.99634,4.0,4.0,6.0,11.978821,0.0,69.758766,8.0,0.0,0.0,100.16388,22.3977,2.0,3.0,1.0,83.0,1.0
60.35326,-9.0,5.0,16.494305,20.0,0.0,0.0,100.0,-7.0,7.0,8.0,15.0,4.0,38.27011,21.592642,0.0,0.0,42.247986,77.12632,11.3540325,6.6885257,2.0,79.97666,1.0
-9.0,46.038445,4.0,-9.0,18.0,0.0,0.0,100.0,-7.0,7.0,8.0,19.0,1.0,26.109869,1.0,0.0,0.0,90.769485,-8.0,8.0,3.0,3.4954965,80.0,1.0
59.568405,157.87183,2.0,60.57747,14.0,4.7812977,0.0,76.29152,15.897317,6.0,2.0,14.0,2.0,35.0,0.0,3.0,3.0,84.301285,61.24407,5.0,6.0,2.577224,88.0,1.0
60.553486,158.69223,34.171257,100.0,10.0,6.663012,3.603801,71.26897,1.8487982,4.0,5.0,9.0,0.0,40.0,-5.6548343,2.0,2.0,79.65495,-8.0,2.0,-1.9874448,2.0,60.0,1.0
69.5211,159.97128,7.0,37.49439,14.617061,2.0,0.0,93.302704,67.1378,6.0,6.0,14.0,3.0,97.15444,0.0,0.0,0.0,10.0,70.7688,1.0,2.0,0.0,71.0,1.0
68.0,140.81793,2.0,42.07456,25.0,8.300293,2.4710202,89.0,64.330185,5.026369,5.0,26.953392,6.3337727,47.0,0.0,4.0,4.0,24.025866,94.41749,6.0,6.42224,0.0,67.0,1.0
56.08676,52.082714,5.0,56.45993,20.0,0.0,0.0,100.0,-7.0,7.0,8.0,19.0,1.0,16.0,0.0,3.5152423,3.0,96.481865,-8.0,8.523068,1.0,5.7569547,77.331154,1.0
-9.0,-9.0,-9.0,-9.0,-9.0,-9.0,-9.0,-9.0,-9.0,-9.0,-9.0,-9.0,-9.0,-9.0,-9.0,-9.0,-9.0,-9.0,-9.0,-9.0,-9.0,-9.0,-9.0,1.0
62.57344,125.59417,9.0,61.083904,42.803387,9.9681635,8.990046,92.0,6.0,4.0,4.73591,40.540142,1.0,27.0,0.0,2.0,2.0,34.791264,67.93325,4.0,3.0,1.0,44.0,1.0
62.0,238.16924,1.0,65.0,16.0,1.2122482,0.0,74.2043,2.0073357,6.0,4.0,23.988686,5.0,23.26931,2.8135278,4.0,4.0,47.429867,83.07368,2.0,1.0,1.0,35.983986,1.0
58.762466,176.13547,2.0,71.68352,21.0,0.0,0.0,90.0,17.071823,6.0,6.0,19.0,3.0,40.0,0.0,4.0,3.8135505,52.337543,-8.0,6.0,1.0,3.18725,60.0,1.0
55.184574,130.33868,1.0,-6.3136907,14.0,0.0,0.0,100.0,-7.0,7.0,8.0,15.0,6.0,47.0,-7.0,2.0,2.0,78.476,97.68651,8.0,5.0,4.0,100.0,1.0
-9.0,184.37039,9.0,75.67394,24.0,0.0,0.0,85.426674,-7.0,-9.0,6.0,26.0,1.0,20.0,-7.0,1.0,1.0,105.950096,64.4953,10.84083,2.0,3.0,100.0,1.0
69.21997,110.99403,6.0,45.08754,18.0,0.0,0.0,100.0,-7.0,7.0,8.0,21.0,3.0,50.0,-7.0,1.0,1.0,61.161987,42.03679,2.0,4.0,0.0,71.0,1.0
-9.0,0.6550035,8.0,-9.0,7.6203237,0.0,0.0,100.0,-7.0,7.0,8.0,9.02594,1.0,27.0,0.0,4.0,3.0,118.38924,81.01841,4.0,3.0,3.0,100.0,1.0
70.3727,-8.0,4.0,14.897481,-9.0,0.0,0.0,100.0,-7.0,7.0,8.0,3.4887948,3.0,87.26842,1.0,5.0,4.737923,0.0,94.803375,0.0,3.0,0.0,75.0,1.0
73.0,167.86389,3.0,77.48079,18.0,1.0,0.0,94.0,82.79497,6.0,4.904467,24.0,3.0,22.0,0.0,4.167955,4.763325,53.358383,76.82852,8.0,3.0,0.0,86.78517,1.0
72.64934,260.41248,5.0,64.47742,14.0,1.0,0.0,83.66771,11.048789,4.0,4.0,15.0,2.0,25.028774,-7.0,0.0,0.0,22.96796,84.00655,4.0,4.0,0.0,75.0,1.0
-9.0,-8.0,5.0,21.132397,8.0,0.0,0.0,90.4924,47.404385,6.0,6.0,3.890036,3.0,63.263313,-8.0,1.0,1.0,73.699745,95.10522,2.0,2.0,2.0,82.76768,1.0
60.050385,139.19937,1.0,-9.0,18.0,0.0,0.0,100.0,-7.0,7.0,8.0,20.384634,10.994193,47.0,0.0,4.0,3.9742017,37.735176,78.043594,4.796844,4.9770517,1.0,75.0,1.0
62.0,388.66888,15.0,81.244995,7.5871167,1.1560465,1.0,76.70773,6.0,4.0,2.4556136,9.0,0.0,9.006154,9.23484,0.0,0.0,74.245865,-8.0,4.0,1.0,2.0,100.0,1.0
70.83917,137.23279,27.041002,68.0,3.634333,0.0,0.0,100.0,-7.0,7.0,8.0,0.6321138,0.0,76.59076,-7.0,0.0,0.0,52.20279,-8.0,1.0,1.0,0.0,100.0,1.0
-9.0,117.90964,6.0,63.5273,9.0,0.0,0.0,84.88953,1.0,4.0,6.0,13.0,2.0,24.753069,-7.0,0.0,0.0,85.422585,126.58203,3.0,3.0,2.0,86.0,1.0
-9.0,117.71948,6.0,33.75257,9.743112,0.0,0.0,100.0,-7.0,7.0,8.0,9.0,2.0,40.680946,0.0,4.0,4.0,111.59128,70.22627,6.0,2.0,3.3643281,91.1018,1.0
69.0,-4.807701,2.0,-9.0,9.359011,0.0,0.0,100.0,-7.0,7.0,8.0,10.0,4.0,77.50089,0.0,6.4252715,5.960528,42.441082,95.68435,2.0,5.0,1.0,88.0,1.0
74.0,138.61879,6.0,61.99881,10.489247,0.0,0.0,94.0,32.03021,6.0,6.0,12.293866,1.0,68.333374,0.0,0.0,0.0,38.827297,-8.0,1.0,1.9096323,0.0,82.55407,1.0
64.0,230.46567,1.0,65.0,39.0,7.820892,1.4698678,88.38451,51.44455,6.0,6.0,46.344456,6.9881124,67.705574,0.0,2.0,2.0,56.95805,85.71496,6.0,19.96645,0.3274095,75.0,1.0
68.0,143.03877,4.0,57.104034,6.8094106,3.0,2.0,86.91167,78.159676,4.0,5.9844446,9.0,3.0,61.406055,-7.0,2.0,2.0,64.83161,50.723648,3.0,2.0,1.0,85.62345,1.0
70.18846,-8.90246,28.026207,49.010887,14.0,0.0,0.0,100.0,-7.0,6.0,8.0,5.838314,0.0,97.78824,-7.0,0.0,0.0,16.0,87.30239,1.0,2.0,0.0,100.0,1.0
57.88869,162.76416,5.0,33.765705,25.0,0.0,0.0,100.0,-7.0,7.0,8.0,22.0,4.0,28.0,0.0,0.0,0.0,99.28668,88.0,12.669857,3.0,5.9268394,86.26063,1.0
-9.0,83.543365,8.0,-9.0,24.0,0.0,0.0,100.0,-7.0,7.0,8.0,32.0,5.0,45.0,1.0,7.263855,6.9879622,56.64073,-8.0,7.0,4.0,3.0,80.0,1.0
68.0,206.40294,12.0,62.696346,8.0,0.0,0.0,95.0,-7.0,6.0,6.0,3.6561282,1.0,99.07292,0.0,1.0,1.0,69.8942,14.949573,1.9406213,1.0,1.0,100.0,1.0
67.0,215.03584,4.0,90.48717,17.926779,1.0,0.0,88.0,7.6564817,4.0,4.0,21.67057,2.0,42.0,0.0,3.0,2.0,18.0,63.46358,3.0,7.966355,0.0,70.914406,1.0
63.0,235.00198,13.0,86.94229,17.0,0.0,0.0,85.29713,1.0,4.0,6.0,21.0,0.0,29.602158,0.0,2.0,2.0,65.21954,-8.0,3.0,4.0,2.0,91.91559,1.0
65.0,205.53871,24.292498,39.48605,-9.0,0.0,0.0,100.0,-7.0,7.0,8.0,3.984694,0.0,59.005974,0.0,0.0,0.0,118.66763,-8.0,3.0,1.0,0.0,100.0,1.0
56.16331,101.14395,1.0,-9.0,13.0,0.0,0.0,100.0,-7.0,7.0,8.0,16.383316,5.0,10.29708,12.0,0.0,0.0,68.06002,91.0,9.3029375,1.0,2.0,73.0,1.0
56.07541,147.08987,11.0,41.362442,6.1041455,0.0,0.0,86.1236,7.500231,3.0,6.0,4.391872,1.0,77.68536,-7.0,0.0,0.0,102.994446,-8.0,1.0,2.0,1.0,88.0,1.0
64.9167,117.12735,1.489942,56.741756,34.764366,3.0,2.907272,91.51659,8.559235,6.0,5.0,33.0,7.8977375,50.0,0.0,5.1778865,5.0,36.944317,66.946625,10.188042,7.496582,2.0,73.0,1.0
-9.0,182.11378,7.0,65.0,30.894081,0.0,0.0,86.7504,22.233175,6.0,6.0,33.017277,2.0,29.0,1.0402157,2.0,1.0,58.594242,80.0,11.0,4.0,4.0,71.0,1.0
59.37434,-8.0,10.0,31.331017,18.0,0.0,0.0,100.0,-7.0,7.0,8.0,18.030613,7.712591,-8.634233,0.0,2.0,2.0,43.743618,-8.0,25.163698,2.0,5.809314,100.0,1.0
63.0,56.213673,2.0,58.0,16.0,0.0,0.0,96.0,6.0,6.0,6.0,9.154665,2.0021186,40.0,2.0,0.0,0.0,92.36074,71.0,5.0,3.0,1.0,88.0925,1.0
66.0,75.62998,13.173661,-9.0,-6.553864,0.0,0.0,100.0,-7.0,7.0,8.0,0.8311879,0.0,100.0,0.0,0.0,0.0,0.0,66.45694,-9.0,3.0,-9.0,100.0,1.0
58.723434,-6.2164254,13.0,23.248867,9.270262,3.137404,0.0,79.7359,28.386103,6.0,2.0,10.143473,0.0,14.590011,0.0,1.0,1.0,104.153465,-8.0,5.0,1.0,1.0,100.0,1.0
68.95452,154.91708,6.0,39.692516,28.0,0.0,0.0,100.0,-7.0,7.0,8.0,27.244028,4.0,37.051365,0.0,0.0,0.0,16.079939,85.26243,3.0,3.0,0.0,45.14294,1.0
67.0,48.851437,12.0,-9.0,9.941785,1.0,0.0,76.96386,52.770725,6.0,6.0,19.0,1.0,63.29757,-7.0,0.0,0.0,73.17448,85.33306,4.0,2.0,0.0,100.0,1.0
86.0,375.58865,42.798725,131.27333,-7.4762316,0.0,0.0,100.0,-7.0,7.0,8.0,11.0,0.0,14.169169,0.0,0.0,0.0,74.96022,-8.0,2.0,-8.0,0.0,80.0,1.0
74.0,133.07056,2.0,-9.0,12.0,0.0,0.0,100.0,-7.0,7.0,8.0,12.994363,4.0,29.0,0.0,3.7714775,4.0,3.0,93.0,2.0,4.0,0.0,67.0,1.0
58.800087,83.345375,8.454135,51.38983,15.0,3.0,0.0,38.812492,6.197314,4.0,2.0,18.122892,1.0,33.0,0.0,4.0,4.0,36.0,25.450167,3.0,2.0,2.0,67.0,1.0
63.863068,104.83816,2.0,56.84013,25.0,0.0,0.0,100.0,-7.0,7.0,8.0,24.0,5.0,14.0,1.0,0.0,0.0,59.13974,100.0,10.11512,4.0,3.0,75.0,1.0
71.0,256.90796,4.0,55.383274,22.0,0.0,0.0,100.0,-7.0,7.0,8.0,24.0,3.0,30.0,0.0,2.0,2.0,45.73552,76.68117,2.0,2.0,1.0,38.64852,1.0
63.133865,108.363495,12.155077,54.496418,30.0,0.0,0.0,100.0,-7.0,7.0,8.0,29.069893,1.0,55.31432,3.0,3.0,3.0,46.170815,89.342804,8.0,4.0,5.9853096,71.0,1.0
54.032066,-9.0,7.0,-9.0,12.824101,0.0,0.0,88.0,35.273075,6.0,6.0,14.0,2.0,11.0,-7.0,0.0,0.0,99.44517,-8.0,4.191064,1.0,2.0,67.0,1.0
68.0,132.14369,34.09992,20.72479,9.0,0.0,0.0,83.82073,32.805054,6.0,6.0,15.0,0.0,99.68536,1.0,1.0,1.0,0.0,-8.0,1.0,2.0,0.0,50.0,1.0
57.667828,151.53918,4.0,3.7636528,6.052679,3.0,0.0,83.032875,21.093784,6.0,2.0,11.0,6.0,35.0,0.0,4.0,3.738665,66.52846,-6.139731,3.0,3.0,0.0,88.40022,1.0
38.804188,167.82034,41.247475,69.72351,3.6377156,7.949786,3.5323625,-9.0,13.612601,6.0,2.0,6.35312,0.0,99.99895,0.0,6.7959895,6.5754714,4.0,-8.0,0.0,1.0,0.0,74.08362,1.0
71.0,192.35754,20.0,58.7497,7.952188,0.0,0.0,91.0,2.501706,4.3839808,6.0,8.246918,0.0,56.61033,1.0,1.0,0.0,0.0,45.796562,1.0,7.0483656,0.0,80.0,1.0
62.0,140.22447,15.0,34.618053,13.0,2.0,0.0,60.138245,18.324108,6.0,4.839822,14.925045,1.0,55.551067,0.0,2.319913,2.0,109.61323,67.53767,3.0,3.0,2.0,83.62973,1.0
66.0,166.82455,4.0,53.658127,5.284576,0.0,0.0,100.0,-7.0,7.0,8.0,3.9821413,2.0,25.0,6.4662023,1.0,1.0,108.26281,87.43991,4.0,1.0,4.0,100.0,1.0
64.0,-9.0,3.0,-9.0,7.0,0.0,0.0,100.0,-7.0,7.0,8.0,7.0,5.5819206,64.287384,0.0,1.0,1.0,1.0,100.0306,2.0,2.3052855,0.0,77.11865,1.0
63.0,36.928596,13.0,17.90321,-9.0,0.0,0.0,100.0,-7.0,7.0,8.0,3.993338,0.0,42.0,0.0,1.0,1.0,69.204384,82.0,2.8893533,2.0,2.0,80.0,1.0
59.22628,14.200337,3.0,-9.0,20.0,0.0,0.0,100.0,-7.0,7.0,8.0,23.0,5.876026,49.660397,-7.0,2.0,2.0,40.979137,97.704994,5.0,4.0,1.8408751,74.568565,1.0
73.0,147.07321,20.3551,81.04644,16.0,0.0,0.0,100.0,-7.0,7.0,8.0,7.908702,0.0,28.0,0.0,0.0,0.0,77.90347,-8.0,3.0,1.0,0.0,59.791218,1.0
63.0,155.98047,4.0,67.14599,13.0,1.0,0.0,89.0,21.51728,4.0,5.0,17.0,5.0,14.0,0.0,4.6742015,4.4505205,42.16722,-8.0,5.0,-3.8205206,0.0,67.0,1.0
58.48317,187.65227,6.0,79.31253,19.452753,0.0,0.0,85.94039,-7.0,-9.0,5.0,23.0,2.0,52.15167,1.0,2.0,1.8022643,19.0,-8.0,2.0,2.0,0.0,62.77272,1.0
63.158894,3.9222918,1.0,-9.0,9.0,0.0,0.0,100.0,-7.0,7.0,8.0,12.0,3.0,-9.0,0.0,2.0,1.0,52.652603,68.40386,10.864499,1.0,4.9596305,92.23637,1.0
61.440685,260.5544,0.6500997,75.3393,16.0,0.0,0.0,85.24856,6.0,5.0,6.0,16.0,6.0,16.0,7.0,0.0,0.0,40.948185,-8.0,9.0,-8.0,2.7895443,68.638435,1.0
64.71339,103.46245,6.0,56.58572,29.062874,0.0,0.0,96.0,32.814407,5.180127,6.0,22.0,2.0,37.0,5.8602877,0.0,0.0,56.71445,86.11129,9.027792,5.0,0.0,100.0,1.0
71.201,104.30092,46.50064,57.020473,4.2041235,1.0,0.0,80.5884,10.500783,4.0,6.0,6.179236,0.0,59.73337,0.0,0.0,0.0,2.0,-8.0,1.8246274,1.0,0.0,70.9177,1.0
66.0,125.009254,3.0,0.8770342,9.0,0.0,0.0,100.0,-7.0,7.0,8.0,9.0,4.0,37.57901,0.0,2.0,2.0,0.0,73.24903,1.0,1.2728994,0.0,21.843729,1.0
64.25063,101.85004,5.0573735,59.387074,8.0,0.0,0.0,100.0,-7.0,7.0,8.0,5.441549,1.0,66.56892,0.0,5.0,5.0,0.0,-8.0,-7.253047,1.0,0.0,45.72964,1.0
62.0,214.00711,15.642399,80.22483,23.633642,0.0,0.0,88.617195,-7.0,4.0,6.0,34.49279,0.0,62.277462,0.0,2.0,2.0,90.94204,73.71657,4.0,6.0,1.0,100.0,1.0
67.30518,182.56166,4.0,52.029648,10.863504,2.0,1.0,75.11283,7.560289,5.303497,2.0,9.0,4.6348076,33.0,1.0,1.6488111,1.0,19.0,71.29888,3.0,2.0,0.0,50.0,1.0
59.465607,-5.3041368,3.0,-9.0,7.0,0.0,0.0,100.0,-7.0,7.0,8.0,8.752563,4.0,83.28947,0.0,0.0,0.0,0.0,66.82102,2.0,4.0,-9.0,100.0,1.0
57.5033,151.05022,9.0,65.778435,43.807865,0.0,0.0,100.0,-7.0,7.0,8.0,39.31005,0.0,40.0,0.0,13.04062,8.182738,110.288445,86.84836,11.052109,7.4935856,10.302739,79.78926,1.0
69.86131,-8.630969,17.142612,33.917957,-8.565686,0.0,0.0,100.0,-7.0,7.0,8.0,0.5751276,0.0,43.72693,-7.0,1.0,1.0,38.790264,-8.0,3.0,-2.1353445,0.0,83.27071,1.0
58.830025,281.4692,10.0,76.0,14.0,4.479538,2.0,58.047073,9.082954,6.0,5.0,18.0,3.0,23.0,0.0,2.0,1.0,59.989735,-8.0,4.0,1.0,3.0,100.0,1.0
66.0,183.57315,9.0,67.0,36.5512,0.0,0.0,91.0,35.762783,6.0,6.0,42.183044,2.0,68.9328,-7.0,0.0,0.0,61.928,88.05231,6.0,5.190149,3.0,100.0,1.0
66.0,122.01964,2.0,-9.0,22.0,2.0,2.0,98.0,24.098013,4.0,6.0,24.0,6.455587,40.910133,1.0,2.0,2.0,15.0,61.40809,3.0,4.0,0.0,33.0,1.0
77.0,69.00837,16.60628,-9.0,-9.0,0.0,0.0,100.0,-7.0,7.0,8.0,2.0320973,0.0,72.622246,0.0,0.0,0.0,-2.132248,24.454805,-5.71762,-7.1382713,0.0,-9.0,1.0
63.95053,-7.378872,24.935783,26.384787,-9.0,0.0,0.0,74.45611,0.76248366,6.0,6.0,5.75551,0.0,22.995754,-7.0,0.0,0.0,0.19316229,-8.0,1.0,1.0,0.0,44.0,1.0
62.850155,125.204865,16.0,-9.0,10.0,0.0,0.0,100.0,-7.0,7.0,8.0,13.0,0.0,24.0,0.0,2.0,2.0,100.67917,-8.0,3.0,1.0,1.0,86.0,1.0
-9.0,132.94041,7.0,-8.700135,3.6659312,0.0,0.0,100.0,-7.0,7.0,8.0,7.2876635,2.0,-9.0,0.0,6.80861,6.905953,94.473625,-8.0,7.7342887,1.0,2.0,83.0,1.0
54.51511,173.62488,7.0,49.056034,22.0,0.0,0.0,92.0,21.86597,5.0,6.0,21.846159,2.0,20.0,0.0,2.0,2.0,80.04675,-8.0,6.0,2.0,4.2543836,72.16891,1.0
55.661777,159.02989,6.0,56.948215,13.259306,0.0,0.0,100.0,-7.0,7.0,8.0,13.703084,2.0,98.01804,-8.0,3.0,3.0,50.94174,67.97693,3.0,4.0,2.0,100.0,1.0
65.0,57.80336,2.0,50.702576,20.0,1.0,0.0,100.0,-7.0,4.0,6.0,19.0,2.0,35.0,0.0,1.0,2.0,51.308796,77.44834,5.0,2.0,1.0,70.08368,1.0
64.0,82.76693,5.0,42.9473,18.0,2.0,2.0,100.0,-7.0,7.0,8.0,17.220562,2.5820403,55.34132,-7.0,1.0,1.0,102.14456,84.02088,3.0,3.0,3.0,75.0,1.0
72.0,160.22469,18.816792,72.69439,9.0,0.0,0.0,100.0,-7.0,7.0,8.0,9.0,0.0,64.40136,-7.0,0.0,0.0,82.86904,-8.0,2.0,2.0,0.0,80.0,1.0
62.0,173.03427,4.0,68.0,21.0,0.0,0.0,90.0,14.483386,6.0,6.0,24.0,4.0,25.0,5.0,0.0,1.0,90.51449,-8.0,3.0,2.0,2.5891643,80.0,1.0
66.0,139.89607,30.28415,121.78949,-7.4226027,1.0,0.0,69.550476,9.615875,4.0,6.0,5.7700324,0.0,66.84973,0.0,2.0,2.0,91.410446,-8.0,2.0,2.0,1.0,100.0,1.0
61.937923,-8.090286,2.0,-9.0,12.0,0.0,0.0,91.61121,2.784919,4.0,6.0,13.307562,4.0,42.0,-7.0,1.0,1.0,1.0,66.352936,2.0,2.0,0.0,50.0,1.0
62.0,99.67484,28.593956,40.981686,-9.0,0.0,0.0,77.67398,17.158447,4.598475,6.0,0.04013488,0.0,31.0,1.0,1.0,1.0,115.737885,18.312391,1.5133818,2.0,2.0,86.095894,1.0
65.0,125.68286,2.0,55.667946,12.0,0.0,0.0,86.08639,29.498386,6.0,6.0,11.0530205,5.0,18.0,1.0,2.0,1.265319,74.107735,-8.0,2.0,2.0,2.0,65.04502,1.0
59.656387,114.75064,1.0,-9.0,17.0,0.0,0.0,100.0,-7.0,7.0,8.0,17.0,4.0,33.0,0.0,0.0,0.0,48.950005,98.81174,5.0,4.0,2.0,70.0,1.0
66.50659,-9.0,3.0,-9.0,17.082914,0.0,0.0,100.0,-7.0,7.0,8.0,20.0,1.0,37.0,0.0,2.0,2.0,64.534164,48.935184,3.0,2.0,0.0,57.0,1.0
60.02322,232.7944,12.0,86.904625,33.0,0.0,0.0,90.0,11.752,6.0,6.0,29.0,1.0396665,33.0,4.0,0.0,0.0,93.29166,83.97005,12.781996,3.0,7.7881255,100.0,1.0
68.15264,231.50294,6.0,52.78363,32.0,0.0,0.0,100.0,-7.0,7.0,8.0,33.0,10.595947,53.057278,0.0,2.7303963,2.0,32.228317,82.39496,6.0,4.0,1.0,66.856766,1.0
65.0,171.87509,4.0,61.71029,28.940529,4.581836,0.0,69.94848,24.353945,6.0,2.0,34.31162,5.0,40.0,0.0,2.0,2.0,35.004692,88.523315,6.0,2.0,1.001388,64.0,1.0
70.0,191.98528,3.0,63.0,35.55187,0.0,0.0,100.0,-7.0,7.0,8.0,34.5777,2.0,39.69914,0.0,2.0,2.0,56.15113,-8.0,3.0,2.0,1.9133314,56.98511,1.0
34.335396,152.45221,7.0,54.658443,31.0,0.0,0.0,88.0,18.148926,4.0,6.0,28.94144,8.149879,50.0,0.0,3.0,3.0,80.14655,65.98078,9.676417,4.0,1.0,100.0,1.0
72.0,27.180393,4.0,47.94602,11.0,0.0,0.0,100.0,-7.0,7.0,8.0,11.0,2.0,55.078953,0.0,3.0,3.4752347,2.0,100.0,1.0,2.0,0.0,68.14014,1.0
70.0,-9.0,20.0,36.409607,6.9457006,0.0,0.0,91.109184,41.975765,6.0,6.0,0.5700627,0.0,46.79497,0.0,0.0,0.0,58.730297,-8.0,3.0,1.0,0.0,60.0,1.0
63.0,178.82051,18.967865,73.323204,9.0,0.0,0.0,92.0,21.080662,6.0,5.0,11.0,0.0,51.64777,0.0,1.0,1.0,86.85007,40.653786,6.0,2.0,2.0,100.0,1.0
65.95129,125.40888,4.0,10.567192,27.0,0.0,0.0,98.0,41.568058,6.0,6.0,26.0,4.0,33.27425,0.0,0.0,0.0,41.79314,-8.0,7.0,1.0,0.0,57.200886,1.0
69.0,100.22275,4.0,8.952527,15.0,0.0,0.0,100.0,-7.0,7.0,8.0,18.0,4.6106014,40.598877,3.0,4.0,3.6842272,31.006147,98.561005,5.0,2.0,0.0,77.20929,1.0
59.04022,191.04301,7.0,65.0,19.71217,1.0,0.0,95.0,9.931672,6.0,5.0,20.0,1.0,50.0,0.0,0.0,0.0,92.53485,21.265396,3.0,2.0,0.0,88.39948,1.0
59.966915,243.8971,14.908117,86.5504,30.649164,0.0,0.0,86.79558,9.265863,6.0,6.0,32.0,1.0,38.0,3.0,0.0,0.0,81.72438,86.112404,6.0,3.0,1.0,80.0,1.0
62.89506,140.7086,5.0,-9.0,15.0,3.0,2.0,88.0,30.613266,6.0,2.2622242,16.513746,1.0,57.25293,0.0,1.0,1.0,58.375324,76.0,6.0,6.0,1.0,100.0,1.0
70.52291,214.47508,17.168974,90.0,36.16419,1.0,1.0,81.860954,3.0,4.0,4.7696433,48.01371,0.0,60.323982,0.0,6.6988196,6.699618,1.0,-8.0,3.0,4.0,0.0,91.02754,1.0
78.0,123.366554,16.0,80.0,13.0,0.0,0.0,100.0,-7.0,7.0,8.0,9.507347,0.0,30.0,0.0,3.0,3.0,1.0,91.18652,2.0,2.0,0.0,56.0,1.0
58.220337,161.30397,4.0,58.923714,10.0,0.0,0.0,88.0,20.348131,6.0,6.0,9.0,2.0,14.262837,0.0,2.0,1.9828234,102.73448,-8.0,3.0,1.0,1.0,85.959785,1.0
67.11039,205.18153,9.0,78.58873,27.0,0.0,0.0,88.0,67.755135,6.0,6.0,23.0,0.0,27.0,0.0,3.0,2.0,94.41003,50.769703,6.0,2.0,4.0,100.0,1.0
54.26259,-9.0,2.0,-9.0,10.0,0.0,0.0,100.0,-7.0,7.0,8.0,8.0,4.0,33.0,0.36688322,11.255554,10.3220825,74.520386,93.89794,5.0,2.0,3.6136904,67.0,1.0
68.0,150.07869,44.718555,63.0,-9.0,4.5335407,3.157689,-4.9020643,39.449074,6.0,2.3922489,3.981425,0.0,62.111816,1.0,0.0,0.0,0.0,-8.0,1.0,-8.0,-9.0,60.0,1.0
73.0,209.82338,2.0,76.0,19.0,0.0,0.0,100.0,-7.0,7.0,8.0,24.478895,4.0,18.0,0.0,4.0,4.0,44.121376,-8.0,2.0,1.0,1.0,50.0,1.0
65.50471,179.97827,2.0,30.097256,17.0,0.0,0.0,100.0,-7.0,7.0,8.0,27.0,4.0,31.0,0.0,2.0,2.0,42.0769,100.0,4.0,3.0,1.0,71.0,1.0
-9.0,156.38956,15.0,62.64174,21.0,0.0,0.0,90.0,2.0,-2.7369943,6.0,21.0,0.5741348,66.68605,0.0,0.0,0.0,58.337097,25.925024,7.542101,2.0,1.675395,85.19943,1.0
55.233482,19.477638,1.0,-4.3354807,33.0,1.0,1.0,91.0,32.233135,6.0,5.7549024,50.98852,8.683336,24.0,0.0,2.0,2.0,59.312077,104.92834,6.0,2.0,3.0,56.9059,1.0
65.0,97.91829,2.0,58.908863,40.127945,0.0,0.0,100.0,-7.0,7.0,8.0,52.09654,4.0,54.556805,0.0,4.0,4.0,37.23855,-8.0,4.0,4.321766,1.0,54.8505,1.0
68.0,171.83516,15.884952,61.0,34.0,1.0,1.0,96.0,22.182886,6.0,6.0,39.731045,0.0,91.2417,0.0,0.0,0.0,-7.6712456,93.0,1.0,3.0,-9.0,50.0,1.0
57.69781,211.30212,5.0,44.36136,13.0,1.0,1.0,86.77919,19.101622,6.0,6.0,14.0,4.0,20.490208,0.0,2.0,2.0,60.70314,74.722984,6.0,2.0,2.0,100.0,1.0
59.752354,37.75335,9.0,-9.0,-3.6528804,1.0,1.0,100.0,-7.0,7.0,8.0,3.7884367,1.0,99.74911,0.0,0.0,0.0,52.261948,89.46525,1.0,3.0,-9.0,91.11184,1.0
56.457024,134.48367,20.206505,47.428734,23.0,3.0,1.0,86.56029,4.6800046,2.4924746,4.175843,30.0,0.0,66.576035,-7.0,0.5361399,0.0,89.56548,56.5389,2.0,5.0,0.0,75.0,1.0
59.52806,-6.700418,1.0,41.08306,14.0,0.0,0.0,93.0,17.728352,6.0,6.0,14.0,6.0,20.0,0.0,3.0,3.0,41.06591,-8.0,7.284493,2.0,3.0,83.0,1.0
66.800835,-9.0,1.0,-9.0,21.0,1.0,1.0,100.0,-7.0,7.0,8.0,8.698438,5.0,16.0,7.0,0.0,0.0,29.030674,75.02585,7.0,2.0,0.0,45.17333,1.0
68.0,118.58567,11.0,29.43762,13.0,0.0,0.0,100.0,-7.0,7.0,8.0,9.271662,1.0,22.0,0.0,2.0,2.0,70.91573,-8.0,2.0,0.0018277501,0.0,50.0,1.0
60.65059,68.98024,1.0,51.73038,19.0,0.0,0.0,100.0,-7.0,7.0,8.0,22.53125,7.5260954,13.505338,0.0,4.0,4.0,48.089832,24.238888,4.369392,2.0,4.0,50.0,1.0
65.0,175.88756,23.080359,70.0,15.0,2.0,0.0,69.86243,4.0,-9.0,5.917194,21.0,0.0,98.85038,0.0,2.0,1.0,1.0,80.49851,2.0,3.0,0.0,83.0,1.0
15.51771,125.89174,7.3405747,37.66025,-9.0,3.9915695,1.0,-2.848271,4.2677813,4.0,-9.0,-0.46667865,1.0,61.523727,0.0,0.0,0.0,0.0,-8.0,0.0,1.0,-9.0,64.0,1.0
-9.0,122.023544,2.0,23.053915,6.0,0.0,0.0,87.85005,1.0,-9.0,6.0,9.0,3.0,53.234962,2.4246595,1.0,1.0,44.202305,84.01657,4.0,2.0,3.0,77.95817,1.0
63.11634,149.97562,4.0,17.709362,14.0,0.0,0.0,100.0,-7.0,7.0,8.0,21.0,2.0,28.0,0.0,2.0,2.1673052,54.860294,-8.0,3.0,1.0,1.0,60.0,1.0
61.02322,30.28037,3.0,-9.0,3.3930125,0.0,0.0,100.0,-7.0,7.0,8.0,6.848382,3.0,6.2495513,7.3126326,0.0,0.0,83.63546,33.263073,5.724333,1.0,3.0,80.0,1.0
69.0,143.848,2.0,57.289814,11.936261,3.0126352,0.0,78.13225,71.62744,6.0,3.0,11.939346,2.0,21.0,0.0,0.0,0.0,51.961536,-8.0,4.0,1.0,1.0,60.0,1.0
56.219757,-9.0,5.0,52.996593,16.0,1.0,1.0,100.0,-7.0,6.0,8.0,14.0,2.0,20.98082,1.0,2.0,2.0,73.4853,-8.0,5.0,1.0,2.0,75.0,1.0
65.0,-8.111943,4.0,57.986794,21.0,0.0,0.0,98.0,55.083885,6.0,6.0,20.0,2.0,36.0,-8.0,2.0,2.0,40.99119,53.228584,6.0,7.7539654,1.0,69.66085,1.0
65.290344,-8.0,1.0,-9.0,7.0,0.0,0.0,100.0,-7.0,7.0,8.0,8.346243,3.0,20.0,0.0,1.0,1.0,56.1917,96.20836,4.0,1.0,2.0,60.0,1.0
61.219505,146.7614,3.0,48.82206,15.0,3.0,3.1469686,77.42707,1.8554987,4.0,2.4331775,19.0,4.0,12.870377,-7.0,2.0,2.0,80.22206,63.21556,8.0,1.4877717,4.0,80.0,1.0
80.0,124.638985,5.7197924,56.550488,28.0,0.0,0.0,100.0,-7.0,7.0,8.0,33.0,2.0,47.0,-7.0,1.0,1.0,0.0,-8.0,4.0,2.0,0.0,70.76345,1.0
63.0193,139.73001,6.8431983,21.619703,4.4133215,0.0,0.0,100.0,-7.0,6.0,8.0,3.6545212,2.0,44.0,0.0,1.0,1.0,62.41392,88.0,1.0,2.0,0.0,57.0,1.0
66.0,159.87282,3.0,68.0,23.0,2.0,1.0,92.0,22.792246,6.0,2.0,26.0,3.0,33.0,7.0,0.0,0.0,46.194447,66.34435,4.0,2.0,1.0,61.46746,1.0
70.0,-8.244906,2.0,0.45802173,3.9538453,0.0,0.0,100.0,-7.0,7.0,8.0,7.024658,4.0,42.358234,-7.0,3.0,2.0,69.70856,127.51139,2.0,3.0,0.0,100.0,1.0
66.0,323.2114,12.0,84.41238,27.0,0.0,0.0,87.852135,30.449085,6.0,6.0,31.0,1.0,62.937355,0.0,2.0,2.0,40.681587,60.704716,3.0,5.300135,2.0,79.61246,1.0
54.213535,43.785843,10.517244,-9.0,14.0,0.0,0.0,84.59451,19.009544,5.2399454,6.0,16.0,1.0,96.65114,-7.0,3.0,3.0,76.55975,99.83437,3.0,5.0,4.3328614,80.0,1.0
75.0,147.29114,3.0,50.614586,18.0,0.0,0.0,100.0,-7.0,7.0,8.0,18.0,2.0,28.0,0.0,2.0,2.0,17.630257,86.27066,4.0,3.0,0.0,54.033844,1.0
66.0,114.95658,4.0,44.878674,9.0,0.0,0.0,100.0,-7.0,7.0,8.0,10.41286,2.0,43.0,1.0,2.0,2.0,83.15996,-8.0,3.0,1.0084642,1.0,88.0,1.0
79.0,184.54791,6.0,68.25158,13.0,0.0,0.0,86.12977,44.438828,6.0,6.0,12.0,1.0,12.082004,0.0,0.0,0.0,0.0,-8.0,2.0,-4.441969,0.0,33.0,1.0
68.0,131.67862,23.384123,50.111782,18.0,0.0,0.0,100.0,-7.0,7.0,8.0,20.0,0.0,33.0,-7.0,5.8856034,6.114615,74.787605,85.05485,4.0,2.4844766,0.0,75.0,1.0
62.036777,101.08583,3.0,30.779789,15.0,1.0,0.0,94.0,36.34378,4.0,6.0,10.068025,3.0,57.824757,0.0,2.0,2.217855,44.376114,94.680565,2.0,3.0,0.0,82.31529,1.0
68.24866,187.36317,4.0,38.961803,-9.0,0.0,0.0,100.0,-7.0,7.0,8.0,-9.0,2.0,99.08394,0.0,2.0,2.0,1.0,81.376976,0.73946357,2.0,-9.0,100.0,1.0
58.218025,-8.0,11.0,-9.0,-9.0,0.0,0.0,100.0,-7.0,7.0,8.0,-9.0,1.0,99.99804,1.0,0.0,0.0,-9.0,68.30479,-9.0,1.0,-9.0,57.0,1.0
57.29861,-8.0,2.0,-9.0,41.376553,1.0,0.0,88.85469,28.53552,6.0,3.0,49.71916,6.0,17.0,1.0,2.0,2.0,70.5913,96.14534,24.317757,3.0,10.055356,100.0,1.0
55.77786,84.37686,3.0,40.859238,19.0,0.0,0.0,100.0,-7.0,6.0,8.0,15.0,8.598035,41.368782,0.0,5.0,4.7693987,89.116394,97.42839,11.0,4.0,4.603628,100.0,1.0
16.319077,42.738277,16.959633,22.37384,9.0,1.0,1.0,100.0,-7.0,7.0,8.0,11.0,0.0,68.24208,0.0,2.0,2.0,92.63425,15.417191,2.0,4.0,3.0,83.74514,1.0
9.012693,175.75984,12.0,70.0,19.861275,1.0,0.0,88.20486,-7.0,4.0,5.0,19.0,1.0,14.8436775,3.1557775,1.0,1.0,65.2269,67.19603,7.0,4.0,0.0,100.0,1.0
23.20298,-8.36854,9.0,17.381224,11.15663,5.680684,2.0,79.23012,24.71846,6.0,5.0,10.814756,1.0,97.56887,-7.0,0.0,0.0,2.0,70.0953,0.6590122,4.0,0.0,67.0,1.0
70.0,232.28238,32.631012,90.0,-9.0,0.0,0.0,100.0,-7.0,7.0,8.0,7.541685,0.0,99.997856,0.0,0.0,0.0,-9.0,-8.0,0.0,-8.0,-8.0,81.030975,1.0
58.835754,232.3862,5.0,77.47113,34.39833,3.0,0.0,87.23782,1.6290946,4.0,5.0,35.227146,5.0,36.0,0.0,1.4635218,1.0,42.904335,91.28257,8.498012,4.0,5.163421,60.0,1.0
57.573627,120.90612,2.0,-9.0,12.0,2.0,1.0,85.04396,47.139156,6.0,3.6911702,15.0,5.0,42.0,0.0,4.242711,4.1015515,61.0902,69.13244,3.0,3.0,0.0,67.0,1.0
63.0,184.71596,-9.0,86.286896,22.0,9.446706,5.923039,58.08743,39.983746,6.0,5.0,30.0,10.148008,62.860844,0.0,3.0,3.3539093,41.64759,63.512405,3.0,4.0,3.0,83.0,1.0
65.1459,107.28642,5.0,52.603603,38.842926,0.0,0.0,100.0,-7.0,7.0,8.0,34.0,2.0,40.450027,0.0,1.0,1.0,78.45923,82.79389,6.190993,5.7162757,5.521608,75.0,1.0
59.791565,180.22389,9.0,60.962982,44.33454,2.0,2.0,86.36254,11.721093,4.0,2.0,53.4476,1.0,42.0,2.0,0.0,0.0,93.930885,26.694323,7.0,4.0,3.0,85.13124,1.0
71.0,122.24362,21.496262,49.799038,-9.0,0.0,0.0,100.0,-7.0,7.0,8.0,0.68084735,0.0,68.44995,-7.0,0.0,0.0,87.1633,-8.0,0.0,2.0,-9.0,88.42251,1.0
73.0,194.42844,15.0,78.672,22.0,1.0,0.0,83.88776,36.46681,6.0,5.0,26.957302,0.0,39.0,17.271955,1.0,0.0,58.93144,-8.0,2.0,1.0,0.0,50.0,1.0
72.0,117.03482,4.0,52.1055,13.0,0.0,0.0,100.0,-7.0,7.0,8.0,16.0,2.0,68.22831,-7.0,1.0,1.0,-1.7488976,-8.0,0.0,-9.0,0.0,-9.0,1.0
57.804585,-9.0,7.0,58.483032,15.0,0.0,0.0,81.119415,-7.0,4.0,6.0,-9.0,2.0,47.0,-7.0,0.0,0.0,-8.065195,-8.0,0.0,2.0,-8.0,28.66532,1.0
-9.0,147.05692,20.0,70.170204,16.0,0.0,0.0,83.44122,2.0,5.4948983,6.0,19.0,0.0,38.0,0.0,0.0,0.0,102.16458,85.2374,11.0,2.0,10.361669,100.0,1.0
77.0,-8.460453,3.0,31.709644,9.993987,0.0,0.0,94.0,73.375404,6.0,6.0,4.6691995,2.0,6.513343,0.0,0.0,0.0,27.563833,97.769936,4.0,1.0,0.0,60.0,1.0
75.0,199.66928,27.214128,65.48619,-9.0,0.0,0.0,100.0,-7.0,7.0,8.0,2.0065172,0.0,62.794434,-7.0,0.0,0.0,0.0,-8.0,1.0,-4.0363655,-9.0,64.436905,1.0
66.16221,132.15321,38.169743,70.0,5.978012,0.0,0.0,89.0,2.0,6.0,6.0,3.0571597,0.0,71.711555,0.0,2.0,1.0,-2.6925924,-8.0,1.0,2.0,-8.0,100.0,1.0
-9.0,-9.0,-9.0,-9.0,-9.0,-9.0,-9.0,-9.0,-9.0,-9.0,-9.0,-9.0,-9.0,-9.0,-9.0,-9.0,-9.0,-9.0,-9.0,-9.0,-9.0,-9.0,-9.0,1.0
57.190147,286.4893,18.122135,111.94387,21.82196,0.0,0.0,72.927155,4.0,4.0,6.0,25.0,0.0,14.0,1.0,4.0,4.0,66.05477,-8.0,10.680767,2.0,3.0,75.0,1.0
22.323183,138.4073,8.06401,-9.0,-9.0,0.0,0.0,100.0,-7.0,7.0,8.0,0.21144184,2.0,100.0,-8.0,0.0,0.0,-9.0,87.089264,-9.0,1.0,-9.0,100.0,1.0
54.788593,99.15394,23.8551,62.348953,-9.0,4.8802953,1.0,-9.0,39.6833,6.0,2.0,10.580376,0.0,67.91083,0.0,2.0,2.0,119.121445,61.746464,1.0,1.0,0.0,100.0,1.0
60.93577,215.14325,41.21354,83.24224,0.28482777,7.647572,9.430168,-9.0,16.534042,6.0,-2.8827193,9.110016,0.0,50.0,0.0,2.0,2.0,119.91183,-8.0,4.5082817,1.0,2.0,100.0,1.0
56.739746,147.34906,2.0,64.54202,12.956054,0.0,0.0,100.0,-7.0,7.0,8.0,14.429252,3.0,15.0,3.0,1.0,1.0,92.470116,-8.0,7.0,1.0,8.879062,79.44167,1.0
65.0,80.03069,1.0,39.587677,26.070335,0.0,0.0,100.0,-7.0,7.0,8.0,29.0,3.0,11.9556265,4.0,0.0,0.0,38.037445,82.0,9.301683,2.0,1.0,55.606876,1.0
74.0,506.07758,36.504204,158.76805,14.808124,0.0,0.0,94.94281,30.686613,5.0,6.0,17.0,0.0,17.0,-7.0,0.0,0.0,56.781654,-8.0,9.914215,-8.0,1.0,92.07142,1.0
60.970146,66.50242,3.0,-2.6496367,14.063177,3.0,2.7253513,79.63434,35.996555,6.0,5.0,17.0,5.0840416,57.990936,0.0,4.0,4.0,22.080166,86.824974,1.0,5.163243,0.0,71.0,1.0
69.0,162.99919,2.0,-9.0,11.0,1.0,0.0,96.0,63.99104,6.0,5.0,10.0,4.0,37.826164,0.0,0.0,1.0,28.637796,122.21376,5.0,2.0,1.0,63.0,1.0
67.0,64.47475,2.0,35.55806,24.0,0.0,0.0,97.0,20.818443,6.0,6.0,30.760078,3.0,50.0,-7.0,1.0,1.0,42.423695,90.6563,4.0,6.0,1.0,75.0,1.0
62.46768,49.489838,2.0,23.832499,10.0,2.3184829,2.745893,83.50596,13.978392,0.22728981,-3.660597,14.0,4.0,44.0,-8.0,1.0,0.0,64.56041,75.02139,4.0,3.0,0.0,93.54495,1.0
62.06686,139.33784,3.0,27.7104,5.494081,0.0,0.0,100.0,-7.0,7.0,8.0,4.4608245,1.0,57.9506,0.0,2.0,2.0,112.221954,33.530464,3.0,2.0,0.0,100.0,1.0
63.0,101.71563,7.0,53.01046,13.0,0.0,0.0,81.873604,9.922871,6.0,6.0,12.0,1.0,13.00139,0.0,0.0,0.0,70.5865,-8.0,3.0,1.0,2.0,47.20706,1.0
65.0,123.05122,21.102964,57.330204,12.0,2.0,0.0,77.52262,6.510679,4.0695047,6.0,11.0,0.0,15.0,0.0,1.0,1.0,17.0,-8.0,2.0,1.0,0.0,20.645094,1.0
-9.0,205.61018,4.0,63.0,11.788916,4.545504,2.0,64.82319,10.919645,4.0,2.0,15.157919,2.0,94.674324,0.0,1.0,1.1974136,1.0,-8.0,0.0,2.0,-8.0,75.0,1.0
64.0,113.399635,17.185196,35.6928,10.0,2.0,1.0,89.0,9.949395,6.0,3.0,10.64776,0.0,33.0,0.0,6.8222804,6.703459,66.61095,-8.0,2.0,1.0,0.0,100.0,1.0
60.342857,184.17209,5.0,77.0,6.8270144,1.4876332,1.0,82.63634,24.097641,6.0,3.0,8.0,2.0,31.0,0.0,3.0,2.1543677,115.51252,-8.0,3.0,-8.0,3.925554,79.22968,1.0
68.172455,210.25554,2.0,71.49627,24.0,2.0,0.0,93.434586,42.07951,6.0,5.3825717,23.951187,6.0,52.25055,0.0,2.0,2.0,44.54224,99.764824,5.0,4.0,0.0,71.00506,1.0
58.844463,185.7462,7.0,72.0,27.0,0.0,0.0,100.0,-7.0,7.0,8.0,27.0,2.0,28.0,0.0,1.0,2.0,75.83454,40.569263,5.0,3.0,3.3977275,71.0,1.0
67.0,177.06775,7.0,47.843697,33.0,0.0,0.0,100.0,-7.0,7.0,8.0,40.90679,3.0,53.097954,2.0,1.0,1.0,36.0,79.82027,3.0,20.030594,1.0,63.0,1.0
67.0,75.85238,44.951057,61.873783,3.5727305,1.0,0.0,1.5981243,0.15602398,4.0,5.0,3.9805667,0.0,55.153294,0.0,2.0,2.0,0.0,-8.0,0.0,-8.0,0.0,-7.5531316,1.0
62.0,171.57498,4.0,84.488434,49.450787,2.7813299,1.0,88.0,-7.0,-9.0,3.0,58.757584,7.1203985,41.0,1.0,3.7422988,3.0,21.399567,89.515335,10.712845,4.0,2.0,51.0313,1.0
61.109623,144.69951,21.66884,61.0,8.39629,0.0,0.0,86.37302,21.775106,6.0,6.0,9.0,0.0,-9.0,0.0,0.0,0.0,96.48382,-8.0,6.0,2.0,1.0,88.0,1.0
62.0,129.93631,7.0,31.336914,20.0,0.0,0.0,92.273445,17.727581,6.0,6.0,21.465584,2.0,63.947987,0.0,9.94227,8.276426,50.0248,60.60301,2.0,6.0,0.0,64.0,1.0
55.95768,166.94241,11.0,73.452255,22.0,2.0,2.0,100.0,-7.0,6.0,8.0,20.0,2.0,54.94551,0.0,2.0,2.0,36.0,83.73039,6.0,6.0,0.0,88.720795,1.0
71.44096,75.198616,3.0,57.530563,36.34159,0.0,0.0,100.0,-7.0,7.0,8.0,38.0,4.0,67.26878,3.0,3.0,3.0,27.28247,65.9574,2.0,5.0,2.0,50.0,1.0
68.93764,82.424614,1.0,63.29109,15.0,0.0,0.0,100.0,-7.0,7.0,8.0,14.0,1.0,35.629963,0.0,3.0,3.0,82.78216,-8.0,3.0,1.0,2.0,86.0,1.0
64.12838,-8.755554,5.0,-9.0,7.0,1.0,0.0,100.0,-7.0,7.0,8.0,9.491832,2.0,33.0,-7.0,0.0,0.0,79.41243,53.805607,4.0,3.0,0.0,100.0,1.0
64.0,130.32806,18.049242,50.76445,9.369023,3.319252,2.4035873,67.23887,25.33334,5.0,2.0,12.450096,0.0,61.996315,3.0,0.0,0.0,84.57002,66.55621,2.0,2.0,0.0,91.74344,1.0
64.50215,15.650583,2.0,-9.0,12.0,0.0,0.0,100.0,-7.0,7.0,8.0,8.059956,3.0,16.0,0.0,3.0,3.0,32.279583,-8.0,2.0,-1.4448987,0.0,45.099625,1.0
58.441116,125.0024,8.0,47.41488,26.0,2.0,0.0,81.90098,0.92113334,4.0,2.0,32.0,4.0,29.0,8.0,0.0,0.0,52.5846,52.279594,6.0,4.9033813,2.0,78.0,1.0
65.18037,68.892586,15.220652,46.044415,-9.0,0.0,0.0,100.0,-7.0,7.0,8.0,3.3966064,1.0,42.0,0.0,0.0,0.0,23.528322,-8.0,1.0,1.0,0.0,75.0,1.0
66.0,216.93257,17.0,74.0,18.312334,0.0,0.0,88.203415,2.6541514,2.431464,5.0,16.814848,0.0,44.0,0.0,17.0517,16.060835,46.093616,73.35811,2.0,3.0,0.0,60.0,1.0
69.0,187.21155,15.0,54.176823,13.0,0.0,0.0,100.0,-7.0,7.0,8.0,15.0,0.0,50.0,2.0,1.0,1.0,52.45746,66.43654,3.0,2.0,1.0,56.771088,1.0
85.0,53.50753,20.92317,47.433247,-9.0,0.0,0.0,100.0,-7.0,7.0,8.0,5.7553988,0.0,-9.0,1.0,1.0,1.0,1.0,-8.0,3.0,-9.0,0.0,62.666622,1.0
62.0,226.53636,6.0,63.89422,25.0,0.0,0.0,100.0,-7.0,7.0,8.0,31.0,4.0,65.02911,4.0,1.0,1.0,64.63201,95.32907,9.0,7.283943,3.0,85.61472,1.0
67.0,123.76642,1.0,23.729185,29.0,2.0,1.4039408,84.42867,6.9623218,4.3924785,3.0,39.850597,9.950512,59.0,3.8878472,0.0,0.0,8.0,99.90206,6.0,6.450468,0.0,75.0,1.0
57.83538,159.04807,11.8136635,93.0,26.423536,0.0,0.0,84.11146,3.644018,0.18789072,6.0,26.86067,1.0,46.0,2.7279859,13.260332,11.631328,84.42037,83.951004,3.0,1.235941,1.0,67.0,1.0
59.255787,6.824346,10.0,-9.0,-0.4777084,1.0,1.0,100.0,-7.0,7.0,8.0,3.9977458,0.0,99.61159,-7.0,2.0,2.0,0.0,-8.0,1.0,2.0,0.0,100.0,1.0
62.26556,243.38708,29.848448,125.91524,9.0,0.0,0.0,68.05174,22.153841,6.0,5.527902,8.0,0.0,31.0,0.0,15.797467,15.812667,91.48249,61.959385,4.0,4.0,2.0,87.86147,1.0
-9.0,-8.721546,20.0,23.255262,-9.0,0.0,0.0,83.47821,6.0,4.0501776,6.0,0.30879754,0.0,48.225582,-7.0,0.0,0.0,119.96851,25.063303,1.0,2.0,2.0,100.0,1.0
67.60957,156.47394,14.0,56.688713,9.925982,0.0,0.0,100.0,-7.0,7.0,8.0,8.80741,0.0,46.705746,0.0,0.0,0.0,0.0,77.92471,-0.43354535,1.0,-9.0,41.894493,1.0
-9.0,208.84756,5.0,90.0044,29.0,1.0,0.0,89.0,23.588757,6.0,5.0,28.0,2.0,22.0,8.0,0.0,0.0,99.08263,82.0,23.954336,2.4858034,3.0,91.38621,1.0
65.0,167.84053,30.297213,62.430504,24.484928,2.6606562,0.0,60.93943,21.853506,4.0,5.0,26.0,0.0,62.91371,-7.0,0.0,0.0,20.647041,52.24762,2.0,5.250452,0.0,80.0,1.0
59.87984,71.71331,2.0,40.46977,14.0,2.360525,3.0688074,100.0,-7.0,7.0,8.0,13.0,7.224574,-9.0,0.0,11.614106,8.124376,39.937584,49.910732,10.37659,2.0,1.0,67.0,1.0
69.0,56.8035,8.0,-9.0,4.241017,0.0,0.0,100.0,-7.0,7.0,8.0,5.7148957,2.0,77.052704,0.0,0.0,0.0,0.0,-8.0,0.0,-9.0,0.0,-9.0,1.0
68.0,85.23804,6.0,56.193,20.0,0.0,0.0,100.0,-7.0,7.0,8.0,22.395226,2.0,-9.0,0.0,2.0,2.0,76.83969,-8.0,10.615997,1.0,2.0,88.0,1.0
67.04781,140.36678,20.11894,-9.0,3.2475605,0.0,0.0,88.0,11.017287,6.0,5.0,3.9848845,0.0,44.0,0.0,0.0,0.0,1.0,-8.0,1.0,1.0,-9.0,75.0,1.0
15.229485,58.811817,1.0,48.267868,3.6134934,3.6071465,0.0,64.05106,22.944473,6.0,5.0,6.503673,3.0,41.244125,-7.0,5.0,6.5439324,63.782974,-8.0,2.0,-9.0,0.0,78.0,1.0
71.0,91.80244,1.0,-9.0,17.830517,0.0,0.0,95.0,12.084161,6.0,6.0,24.285393,6.0,29.0,-7.613468,1.0,2.0,2.0,58.895252,3.0,2.0,0.0,50.0,1.0
66.0,182.34544,6.0,46.45705,28.0,0.0,0.0,100.0,-7.0,7.0,8.0,26.0,2.0,76.67081,-8.0,0.0,0.0,65.917366,-8.0,3.0,6.0,4.0,86.048035,1.0
70.0,-9.0,5.0,-9.0,7.888211,0.0,0.0,100.0,-7.0,7.0,8.0,9.0,2.0,12.26169,0.0,0.0,1.0,47.54607,-8.0,3.0,1.0,0.0,71.0,1.0
58.59232,97.70935,23.536076,51.191246,12.0,0.0,0.0,88.0,11.5169,4.0,6.0,11.396584,0.0,20.0,3.0,0.0,0.0,112.42478,-8.0,6.0,1.0,4.255681,100.0,1.0
58.29071,80.25331,-9.0,-9.0,-9.0,0.0,0.0,100.0,-7.0,7.0,8.0,1.052921,3.0,21.0,0.0,6.824759,6.7833433,100.88689,26.157764,2.0,1.0,2.0,75.0,1.0
66.0,109.69725,3.0,-9.0,5.024291,0.0,0.0,100.0,-7.0,7.0,8.0,11.0,6.0,24.0,0.0,3.0,2.0,39.671867,100.0,4.0,2.0,0.0,71.0,1.0
40.82955,179.65921,1.8208429,73.467384,26.0,3.733434,5.81881,83.65719,1.1668112,-9.0,3.0,31.6806,4.0,47.73918,0.11782936,3.0,2.4744174,78.94081,83.505264,9.0,3.0,6.8906274,100.0,1.0
64.32844,118.74859,5.0,21.507542,13.0,0.0,0.0,100.0,-7.0,7.0,8.0,14.0,2.0,20.896006,0.0,6.144074,5.6195636,56.923573,52.717266,4.0,3.0,1.0,73.0,1.0
55.06715,-9.0,9.0,-9.0,-9.0,0.0,0.0,100.0,-7.0,7.0,8.0,-9.0,2.0,74.44833,-7.0,2.0,2.0,5.0,90.325264,1.0,2.0,0.0,100.0,1.0
56.278633,188.82877,1.0,65.319885,34.0,0.0,0.0,90.45226,3.0,6.0,6.0,35.77798,2.0,-9.0,0.0,3.0,3.0,24.852173,-8.0,17.511961,-9.0,2.0,76.86931,1.0
68.78373,-8.0,5.0,47.58712,20.0,0.0,0.0,100.0,-7.0,7.0,8.0,6.4606967,3.0,8.895445,18.8645,0.0,0.0,46.42751,-8.0,10.325301,1.0,3.0,67.412384,1.0
65.0,138.55223,16.0,64.389946,19.0,2.331882,2.99385,93.0,5.886894,-9.0,5.0,21.0,0.0,18.378967,0.0,0.0,0.0,67.80125,58.414055,6.0,2.0,2.0,75.0,1.0
60.9852,87.10668,2.0,22.515661,15.052063,0.0,0.0,77.01437,9.440114,4.0,5.0,19.0,4.0,22.0,-7.0,0.0,0.0,46.721634,93.0,4.0,3.0,0.0,60.0,1.0
59.93007,12.885042,8.0,65.43765,17.0,0.0,0.0,100.0,-7.0,7.0,8.0,11.990128,2.0,59.98145,0.0,2.0,2.0,119.86037,69.99467,1.0,3.0,3.0,100.0,1.0
-9.0,161.76297,3.0,58.683136,-9.0,2.0,1.0,56.841095,9.12032,0.67700803,5.0,0.057344425,1.0,33.0,0.0,3.6655848,3.0,82.970795,89.44541,2.0,2.0,1.0,78.0,1.0
-9.0,-9.0,-9.0,-9.0,-9.0,-9.0,-9.0,-9.0,-9.0,-9.0,-9.0,-9.0,-9.0,-9.0,-9.0,-9.0,-9.0,-9.0,-9.0,-9.0,-9.0,-9.0,-9.0,1.0
71.0,88.61932,32.354122,65.88239,11.0,0.0,0.0,100.0,-7.0,7.0,8.0,10.0,0.0,35.0,0.0,3.0,3.0,84.51339,-8.0,3.0,1.0,0.0,78.0,1.0
74.0,129.28586,-9.0,48.64446,15.0,0.0,0.0,100.0,-7.0,7.0,8.0,13.0,5.9731417,54.881695,2.0,0.0,0.0,9.0,53.81539,5.0,2.0,0.0,63.025517,1.0
72.0,191.19055,6.0,60.903233,25.0,0.0,0.0,100.0,-7.0,7.0,8.0,26.0,6.0,22.0,-7.0,0.0,0.0,19.007565,85.27359,11.626935,3.0,1.0,70.0,1.0
67.581375,139.11797,16.0,52.988182,7.6813173,0.0,0.0,100.0,-7.0,7.0,8.0,11.0,0.0,76.39205,12.225801,0.0,0.0,0.0,74.28046,1.0,2.0,-9.0,80.0,1.0
66.0,140.14961,0.033134576,-9.0,11.0,0.0,0.0,100.0,-7.0,7.0,8.0,12.0,6.0,40.0,0.0,0.0,0.0,72.704765,92.81471,5.0,2.0,1.0,85.598076,1.0
65.0,188.70993,8.0,91.00037,12.0,2.0867903,1.0,78.20157,32.857784,6.0,2.0,10.572046,1.0,26.0,0.0,5.0,4.3166227,73.69663,67.38932,5.0,2.0,3.6479304,100.0,1.0
-9.0,203.19717,6.0,85.48839,15.0,0.0,0.0,73.45001,3.7475166,4.0,6.0,18.488424,1.0,31.559763,0.0,2.0,2.0,106.04459,89.25673,6.7362967,3.0,2.0,99.02277,1.0
-9.0,-9.0,-9.0,-9.0,-9.0,-9.0,-9.0,-9.0,-9.0,-9.0,-9.0,-9.0,-9.0,-9.0,-9.0,-9.0,-9.0,-9.0,-9.0,-9.0,-9.0,-9.0,-9.0,1.0
65.0,121.164566,4.0,64.820915,10.0,0.0,0.0,100.0,-7.0,7.0,8.0,9.6893,2.0,50.0,3.0,2.0,2.0,79.07394,71.0,4.0,3.0,2.0,83.62585,1.0
62.0,229.49922,7.0,70.51495,15.149221,1.0,0.0,60.17639,24.359516,6.0,5.0,15.0,2.0,33.0,1.0,0.0,0.0,60.796722,63.32927,6.0,3.0,1.0,75.0,1.0
27.8581,182.02039,14.0,72.05654,18.0,3.0,1.0,65.76095,5.6847897,0.5937686,4.6627154,21.406107,1.0,55.43144,0.0,0.0,0.0,47.66816,90.79754,6.0,4.0,3.6480985,100.0,1.0
66.24172,257.288,7.0,58.0,17.0,0.0,0.0,100.0,-7.0,7.0,8.0,24.0,1.0,30.4144,-7.0,4.0,4.0,62.916756,93.217606,13.128697,3.0,1.0,89.90453,1.0
70.0,177.3316,11.0,60.434135,3.726843,0.0,0.0,75.131,17.68439,6.0,5.0,3.996049,1.0,57.776043,1.0,0.0,0.0,0.0,-8.0,1.0,-8.0,0.0,56.0,1.0
56.725273,129.57472,7.0,74.749565,10.0,2.0,0.0,76.642296,6.0,0.077832356,6.0,15.0,4.0,21.619236,0.0,1.0,1.0,59.69288,-8.0,3.0,1.0,0.0,66.322014,1.0
68.0,115.19094,2.0,52.82474,49.881653,0.0,0.0,100.0,37.902508,6.0,6.0,39.56152,3.0,31.756304,5.0,0.0,0.0,56.144695,18.494955,11.0,7.0056825,2.0,71.0,1.0
61.461212,-9.0,17.0,40.125233,15.0,0.0,0.0,94.73377,-7.0,4.0,6.0,14.0,0.0,58.906555,0.0,14.245696,13.870092,108.26565,24.734554,3.0,4.0,1.0,100.0,1.0
73.0,205.94159,18.709356,79.0,13.0,1.0,1.0,100.0,-7.0,6.0,8.0,17.0,0.0,38.0,-7.0,0.0,0.0,37.326584,-8.0,4.0,1.0,0.0,91.85588,1.0
65.0,66.88378,8.0,40.994568,8.898502,0.0,0.0,77.45732,5.402315,4.0,6.0,6.54654,4.0,75.80513,7.0,0.0,0.0,45.984737,84.391205,2.0,3.0,1.0,91.3773,1.0
75.0,149.15045,5.0,26.150335,32.0,0.0,0.0,97.0,36.05125,6.0,6.0,38.0,3.0,21.0,-7.0,1.0,1.0,29.487734,84.209785,6.0,2.0,0.0,66.76986,1.0
62.0,181.63217,4.26844,86.3081,37.96832,1.8457947,0.0,88.0,34.69422,6.0,2.987642,33.513462,2.0,43.138046,0.0,5.0,4.0,74.904205,51.06471,7.419314,7.244555,2.0,87.01388,1.0
68.87795,148.35197,10.641415,-9.0,4.3666697,2.0,2.0932817,78.4506,4.7750163,5.720701,-9.0,3.2706327,1.0,46.34371,-7.0,1.0,1.0,1.659404,-8.0,2.0,1.0,0.0,67.0,1.0
62.0,182.54977,9.0,70.84252,14.0,10.407213,0.0,70.42284,6.0,4.0,2.0,19.0,2.0,27.367315,0.0,1.0,1.0,55.45151,93.895996,3.0,2.0,0.0,80.0,1.0
65.0,139.6482,6.092783,24.718851,7.3831043,1.0,1.0,76.928696,18.75066,4.0,5.0,8.0,2.0,99.85686,0.0,2.0,2.7499123,0.0,40.506134,0.0,4.0,-8.042271,100.0,1.0
60.11299,-5.465257,7.0,20.15028,8.0,1.0,1.0,83.705154,12.94989,4.0,2.0,6.6757827,1.0,94.597435,0.0,1.0,1.0,63.840076,95.0824,2.0,2.0,1.0,100.0,1.0
71.0,96.30671,19.38285,56.808876,10.314865,0.0,0.0,100.0,-7.0,7.0,8.0,9.0,0.0,60.77155,-8.0,2.0,1.0,86.05107,54.118855,1.5518196,2.0,0.0,82.215355,1.0
65.0,320.73447,10.0,94.98076,26.0,0.0,0.0,94.0,32.390648,6.0,6.0,31.0,0.0,24.0,0.0,0.0,0.0,91.49364,47.65756,10.271308,2.0,5.836365,100.0,1.0
66.43843,150.50104,3.0,44.065327,14.106224,0.0,0.0,93.0,23.132519,4.0,6.0,16.0,4.0,63.552834,0.0,2.0,2.0,25.209175,100.0,3.0,2.0,0.0,71.0,1.0
62.0,-8.0,10.0,-9.0,9.0,1.0,1.0,76.090744,5.6901727,4.0,5.0,10.0,1.0,14.0,0.0,0.0,0.0,46.980392,-8.0,3.0,1.0,1.0,53.13106,1.0
71.358505,157.02129,20.897203,77.0,13.0,0.0,0.0,78.36527,16.025822,4.0,6.0,14.0,0.0,14.220521,1.0,0.0,0.0,44.32649,-8.0,3.0,1.0,0.0,88.71928,1.0
58.55853,75.41562,5.0,39.134018,12.0,0.0,0.0,82.559235,31.86384,6.0,6.0,11.764263,2.0,15.0,0.0,1.0,1.0,54.381508,-8.0,3.0,1.0,2.0,65.73638,1.0
59.4802,187.54187,17.0,107.94015,28.0,0.0,0.0,90.0,30.422203,6.0,6.0,28.20372,0.0,8.289459,0.0,0.0,0.0,118.67311,75.50948,8.284104,3.0,8.3111315,100.0,1.0
72.16816,403.37122,3.0,105.98012,45.220776,0.0,0.0,95.07571,10.349366,5.0,6.0,50.401028,3.0,27.0,-7.0,3.0,3.0,5.0,92.89438,8.0,2.0,1.0,37.97466,1.0
64.0,132.76222,6.0,42.671204,6.0728173,1.7466664,0.0,67.17295,4.0,4.0,5.0,14.444404,2.0,1.7225014,0.0,1.0,1.0,4.0,-8.0,3.4609525,1.0,0.0,59.427765,1.0
55.5166,85.02781,5.0,18.254068,18.0,0.0,0.0,100.0,-7.0,7.0,8.0,21.0,10.870681,45.0,0.0,6.775988,8.006225,70.45557,100.0,5.0,5.0,1.0,94.54621,1.0
57.305603,171.82307,11.0,58.602768,36.0,1.0,0.0,100.0,-7.0,6.0,6.0,33.395668,1.0,42.0,1.0,0.0,0.0,65.35255,89.88455,9.0,3.0,1.0,76.04562,1.0
69.0,121.99914,2.0,70.9615,25.0,0.0,0.0,100.0,-7.0,7.0,8.0,32.0,3.0,54.855366,0.0,2.0,2.0,28.459583,82.344475,4.0,4.0,1.0,80.0,1.0
62.0,177.83575,4.0,53.01375,33.14004,0.0,0.0,100.0,-7.0,7.0,8.0,41.199207,4.0,42.871754,0.0,4.0,3.0,79.88516,49.143845,7.0,12.2414255,1.0,83.0,1.0
63.0,281.13315,46.238503,115.73126,12.0,0.0,0.0,82.73242,3.0,4.0,6.0,11.998286,0.0,24.0,0.0,0.0,0.0,86.51635,39.747807,5.0,2.0,2.0,100.0,1.0
-9.0,163.64365,2.0,37.79782,22.0,0.0,0.0,82.916275,3.0,0.7542626,6.0,30.0,3.0,34.29504,0.0,2.0,2.0,96.59542,86.135704,12.380961,5.0,4.7397323,86.0,1.0
69.72922,-1.0282928,12.181201,-9.0,9.0,0.0,0.0,100.0,-7.0,7.0,8.0,18.0,1.0,61.250633,0.0,2.0,1.7983829,61.379128,28.672916,3.0,2.0,0.0,100.0,1.0
57.30223,165.46753,2.0,59.090485,6.0,7.199956,6.818203,71.39974,3.801017,4.0,6.0,11.5369,2.0,47.0,-8.0,0.0,0.0,39.70973,-8.0,3.0,1.0,0.0,89.940475,1.0
-9.0,202.58562,3.0,100.0,25.0,4.396548,2.0,58.237617,-7.0,0.0,6.0,38.317097,1.0,43.360752,0.0,2.0,2.0,47.744183,64.536606,7.0,4.0,0.0,81.52805,1.0
61.058544,156.24571,8.0,70.97901,-9.0,4.7444854,1.0,-9.0,10.811474,6.0,2.0,3.9628367,2.0,31.00502,0.0,3.8321326,3.0,64.75502,47.156654,3.0,2.0,0.0,100.0,1.0
55.498375,167.81235,20.066122,104.0884,10.0,1.0,0.0,84.669044,-7.0,4.0,5.0,7.9556227,0.0,59.36835,0.0,3.0,3.3647833,74.818405,8.152734,1.0,2.0,0.0,100.0,1.0
59.877083,-8.0,13.313958,-9.0,17.0,0.0,0.0,100.0,-7.0,7.0,8.0,21.0,0.0,67.16825,0.0,0.0,0.0,109.21017,91.0,3.0,5.0,2.0,88.001274,1.0
66.0,107.80211,14.0,46.987625,6.0,1.0,1.0,100.0,-7.0,7.0,8.0,7.0,0.0,32.0,0.0,0.0,0.0,70.25772,-8.0,4.0,-8.0,0.0,100.0,1.0
65.0,-5.0880814,12.0,24.583326,13.0,0.0,0.0,100.0,-7.0,7.0,8.0,12.0,0.0,14.376567,-7.0,3.0,2.0,42.35288,-8.0,1.0,1.0,1.0,57.0,1.0
69.0,138.33412,29.363947,65.0,18.0,2.0,0.0,90.00113,22.640722,5.4396405,2.7067568,21.0,0.0,76.28571,0.0,13.387445,11.295279,12.0,55.401978,1.0,2.0,0.0,81.95413,1.0
