ExternalRiskEstimate,MSinceOldestTradeOpen,MSinceMostRecentTradeOpen,AverageMInFile,NumSatisfactoryTrades,NumTrades60Ever2DerogPubRec,NumTrades90Ever2DerogPubRec,PercentTradesNeverDelq,MSinceMostRecentDelq,MaxDelq2PublicRecLast12M,MaxDelqEver,NumTotalTrades,NumTradesOpeninLast12M,PercentInstallTrades,MSinceMostRecentInqexcl7days,NumInqLast6M,NumInqLast6Mexcl7days,NetFractionRevolvingBurden,NetFractionInstallBurden,NumRevolvingTradesWBalance,NumInstallTradesWBalance,NumBank2NatlTradesWHighUtilization,PercentTradesWBalance,cond
66.0,278.11133,202.55402,110.45949,12.0,0.0,0.0,63.23203,-7.0,-9.0,6.0,12.423144,0.0,22.02113,-7.0,0.0,0.0,63.490685,-8.0,6.8818283,1.0,1.0,90.75212,1.0
63.304646,156.03235,2.0,27.125126,7.4473677,0.0,0.0,100.0,-7.0,7.0,8.0,10.570164,4.0,52.868324,0.0,3.0,3.0,91.96461,93.0,3.0,3.0,1.0,77.59076,1.0
56.836933,84.75777,8.802642,53.205223,38.803936,0.0,0.0,100.0,-7.0,6.0,6.0,45.547085,2.0,42.0,0.0,4.0,3.0,57.293095,71.0,13.143263,3.0,2.0,75.0,1.0
-9.0,-9.0,2.6007502,32.918724,10.467997,8.767553,8.432807,100.0,-7.0,6.0,8.0,10.0,4.0,63.817787,-7.0,4.350725,5.1588573,37.044167,71.0,3.0,1.0,0.0,71.0,1.0
71.0,148.62045,28.984255,51.49999,-9.0,0.0,0.0,100.0,-7.0,7.0,8.0,3.9294667,0.0,99.9995,3.0,2.0,2.0,-9.0,-8.0,-9.0,-8.0,0.0,83.0,1.0
73.0,90.51554,3.0,2.5946467,10.0,0.0,0.0,100.0,-7.0,7.0,8.0,9.0,4.0,86.022285,-7.8230796,1.0,1.0,74.50569,91.0,1.8041531,4.0,0.0,100.0,1.0
63.0,112.35385,2.0,-9.0,22.0,0.0,0.0,100.0,-7.0,7.0,8.0,27.0,10.703899,35.0,7.37312,0.0,0.0,56.18748,82.0,6.0,3.0,0.0,76.58256,1.0
57.64526,201.26753,3.0,25.95868,13.0,0.0,0.47381556,100.0,-7.0,6.0,8.0,14.0,4.0,70.70935,0.0,2.922343,3.0,0.0,-8.0,1.0,2.0,-9.0,53.70502,1.0
54.19747,141.43982,3.0,-0.21694714,14.0,0.0,0.0,100.0,-7.0,7.0,8.0,16.0,3.0,37.0,7.0,1.0,1.0,75.06372,91.36616,5.2797313,2.0,4.0,100.0,1.0
68.044075,48.35804,6.0,-9.0,-9.0,0.0,0.0,100.0,-7.0,7.0,8.0,9.0,1.0,96.6651,-7.0,2.0,2.0,0.0,-8.0,-9.0,1.0,0.0,37.436504,1.0
62.80487,152.45998,2.0,56.588478,19.558918,0.0,0.0,100.0,-7.0,7.0,8.0,21.0,2.0,28.0,1.1531898,0.0,0.0,56.299595,98.303345,6.0,4.0,3.0,70.0,1.0
56.741802,143.64977,3.0,58.86991,19.0,1.0,0.0,90.0,6.0358186,4.0,5.0,20.0,5.0,26.0,1.0,4.0,5.0,61.872276,-8.0,6.0,2.0,2.0,70.0,1.0
74.0,139.11362,20.0,57.306602,6.0,0.0,0.0,88.0,30.31649,6.0,6.0,7.7497144,0.0,44.0,0.0,2.0,2.0,0.003071874,-8.0,1.0,1.0,0.0,60.093956,1.0
62.414307,65.19092,7.0,-9.0,-9.0,0.0,0.0,100.0,-7.0,7.0,8.0,3.929276,1.0,96.84572,0.0,2.0,2.0,0.0,88.63922,-2.9055986,1.0,-9.0,64.0,1.0
70.0,207.37692,46.174362,67.0,4.6065016,0.0,0.0,70.2196,17.198534,4.0,5.9884057,7.0,0.0,99.36415,-7.0,2.0,1.0,0.0,-8.0,0.072247446,1.0,-9.0,100.0,1.0
65.0,-9.0,2.0,26.247292,33.0,0.0,0.0,100.0,24.622591,6.0,6.0,34.82108,10.788816,8.21962,0.0,3.0,3.0,22.854998,-8.0,9.0,2.0,2.0,50.0,1.0
60.529217,101.909904,5.0,-9.0,12.0,2.0,0.0,84.73685,31.772709,6.0,4.0,11.127157,5.9788203,68.49909,0.0,1.0,1.0,29.203651,94.44595,3.0,5.4761515,1.0,86.4208,1.0
61.080666,135.37862,17.0,54.616924,10.77096,1.0,1.0,82.28318,36.09511,6.0,6.0,15.0,0.0,79.276886,-7.0,5.0,5.0,65.89582,-8.0,3.0,1.0,2.0,100.0,1.0
70.12663,124.17139,2.0,27.608185,25.278948,0.0,0.0,100.0,-7.0,7.0,8.0,29.767366,3.0,97.91966,0.0,6.57337,6.679214,65.44422,82.000435,3.0,7.6210313,2.0,100.0,1.0
57.51061,98.25476,4.0,43.97507,8.0,3.0,3.3701382,83.6743,36.072968,4.0,6.0,4.6693044,2.0305521,31.0,0.0,4.0,4.0,69.11103,-8.0,5.0,2.0,1.0,73.05968,1.0
65.0,-8.179927,5.0,-9.0,16.84526,1.0,0.0,95.962494,41.399487,6.0,5.0,19.0,4.0,19.0,1.4508039,1.0,2.0,78.54416,98.46051,6.0,3.0,2.0,80.0,1.0
60.938232,141.28996,2.0,40.6929,24.0,0.0,0.0,100.0,-7.0,7.0,8.0,24.0,3.0,18.867441,0.0,5.073559,5.353958,51.295147,63.042812,9.0,2.0,4.0,70.0,1.0
65.0,220.86624,7.0,45.440773,20.529224,0.0,0.0,88.60741,30.300419,6.0,6.0,24.858397,4.0,73.012245,0.0,5.7411513,5.9381485,63.850014,86.20723,3.7193043,6.0,1.0,100.0,1.0
60.039753,31.21109,3.0,58.856056,14.0,0.0,0.0,100.0,-7.0,7.0,8.0,12.0,3.0,44.648735,0.0,4.9071918,4.5682096,86.19743,98.60824,2.0,2.0,4.9752765,60.0,1.0
63.972263,216.03093,17.973803,97.0,27.0,0.0,0.0,82.6686,4.0,3.279013,5.0,34.179443,0.0,13.0,-3.3954275,0.0,0.0,54.975185,-8.0,13.054636,2.0,1.0,83.0,1.0
-8.451904,152.35864,9.0,65.0,28.0,4.985158,3.7442305,75.55853,5.6458077,4.0,2.0,35.0,1.0,37.0,-7.0,3.0,2.0,75.20872,92.51458,20.509914,2.0,1.0,100.0,1.0
59.533924,21.242334,2.0,-9.0,3.7710757,0.0,0.0,100.0,-7.0,7.0,8.0,12.0,6.0,23.0,-7.0,5.8089767,6.3266273,92.31082,20.59351,3.0557573,2.0,2.0,83.0,1.0
-9.0,91.20946,20.218735,66.503,15.895607,6.627628,1.0,81.71946,-7.0,-9.0,2.0,20.0,0.0,29.0,0.0,0.0,0.0,110.97188,79.72197,4.0,2.0,0.0,100.0,1.0
76.0,171.23303,4.0,76.00019,17.0,0.0,0.0,100.0,-7.0,7.0,8.0,20.0,1.0,41.478992,0.0,3.15262,4.0,4.0,37.865032,2.073639,3.0,1.0,82.20009,1.0
-9.0,91.41759,8.0,-9.0,10.236534,1.0,0.0,85.42207,-7.0,-9.0,5.709145,9.0,2.0,45.684956,0.80098575,2.8316274,2.0,86.034966,78.86949,5.0,2.0,1.0,91.28117,1.0
56.75769,193.16469,27.217825,84.0,18.0,0.0,0.0,91.0,-7.0,0.1594829,6.0,20.0,0.0,24.069717,1.0,0.0,0.0,71.29265,37.454296,7.5911746,2.0,6.548712,100.0,1.0
63.076866,197.36996,14.7458515,81.0,13.0,2.0,0.0,78.22278,4.0,-9.0,5.0,16.0,0.0,19.0,1.0,0.0,0.0,67.4218,-8.0,6.0,1.0,2.0,64.0,1.0
70.0,140.07834,5.0,-9.0,-9.0,0.0,0.0,100.0,-7.0,7.0,8.0,-1.9695274,2.0,97.52304,0.0,1.0,1.0,108.134285,88.250626,1.0,2.0,0.0,100.0,1.0
62.0,66.88516,-2.5508828,37.324154,29.0,0.0,0.0,100.0,-7.0,7.0,8.0,34.0,10.57033,14.0,1.0,1.0,1.0,32.575256,46.453922,8.0,3.0,5.0968847,44.0,1.0
63.43055,113.53109,5.0,41.716873,22.0,0.0,0.0,97.0,42.75551,6.0,6.0,23.0,3.0,11.0,0.0,4.0,3.5843742,59.12641,-8.0,8.0,1.0,3.3208764,64.0,1.0
63.888466,142.12302,5.0,48.13177,10.057876,0.0,0.0,84.59997,31.62599,6.0,6.0,10.0,3.0,11.18803,-5.8431435,2.0,2.0,59.503357,-8.0,8.0,-8.0,5.4925632,80.0,1.0
69.0,190.84647,2.0,65.0,17.975496,0.0,0.0,100.0,-7.0,7.0,8.0,20.0,2.0,73.595695,-7.0,0.0,0.0,81.469376,71.0,3.0,5.0,0.0,100.0,1.0
60.77833,172.28906,20.12688,76.95438,29.0,4.6660566,1.0,77.051765,13.996494,4.0,4.0,43.03282,0.0,62.970562,0.0,3.0,3.0,1.0,-8.0,1.0,1.0,0.0,24.857496,1.0
58.844757,66.94517,5.0,44.868313,29.345001,3.486674,4.2127376,89.05748,8.65069,4.0,5.0,34.0,4.396958,43.0,0.0,2.0,2.0,51.33261,90.39973,5.0,2.0,1.0,91.48359,1.0
68.639084,-8.0,3.0,-9.0,9.0,0.0,0.0,100.0,-7.0,7.0,8.0,9.360676,2.0,24.0,0.0,1.0,2.0,13.0,11.171584,3.0,1.0,0.0,60.0,1.0
-9.0,144.34145,4.1371017,52.390297,36.288296,0.0,0.0,93.87357,17.13113,5.0,6.0,38.295155,1.0,35.26543,0.0,0.0,0.0,84.15223,86.40538,12.286736,3.0,5.6493697,82.32548,1.0
62.0,221.12863,6.0,73.642845,-3.8372638,0.0,0.0,-9.0,20.556936,6.0,6.0,14.0,1.0,93.007774,0.0,2.0,2.0,45.266716,54.009438,1.0,4.0,-8.970984,100.0,1.0
-9.0,117.561134,6.0,48.16159,-7.62433,1.6103191,1.0,70.03342,9.091372,6.0,2.0,3.9853997,2.0,55.5952,0.0,2.0,1.0,0.0,-8.0,0.0,1.0,-9.0,56.01379,1.0
-9.0,196.90227,14.243618,65.0,10.0,4.0579066,3.8972557,71.57618,-7.0,-9.0,6.0,12.0,0.0,69.09423,0.0,1.6810867,1.0,1.8352666,54.126152,1.0,2.0,0.0,64.0,1.0
59.095364,89.44669,1.0,-9.0,18.0,0.0,0.0,100.0,-7.0,7.0,8.0,25.0,5.0,27.0,-1.9525616,2.0,2.0,39.711792,74.97351,6.0,4.0,1.0,89.07959,1.0
-5.120744,162.3645,3.8853085,72.41882,17.0,1.0,1.0,80.42487,0.46625048,2.8641818,5.0,18.853817,2.0,40.0,7.0,1.0,1.0,65.82878,86.05395,1.0,4.0,2.0,69.33992,1.0
68.0,121.12674,16.523136,-2.6546738,7.55855,0.0,0.0,89.13556,39.84532,6.0,6.0,6.879983,0.0,99.96197,0.0,4.0,3.0,0.0,91.0636,-9.0,4.0,0.0,67.0,1.0
57.355,231.8235,4.0,70.0,19.436012,2.4757712,2.5209572,86.602264,19.525023,5.5991726,5.0,21.0,4.0,50.0,2.0,3.0,2.8868752,94.79006,92.34567,3.0,3.0,1.0,100.0,1.0
68.56531,259.17844,32.888016,80.0,6.0,0.0,0.0,83.12637,13.797714,6.0,6.0,7.0646586,0.0,60.35062,-7.0,0.0,0.0,94.975494,-8.0,2.0,1.0,0.0,78.0,1.0
65.205345,130.53201,14.0,55.13617,31.195766,0.0,0.0,100.0,-7.0,7.0,8.0,35.0,0.0,47.0,0.0,3.0,3.0,70.924,81.88938,5.0,3.0,1.0,60.0,1.0
61.65093,119.0322,4.0,39.880833,12.0,0.0,0.0,89.74734,43.696552,6.0,6.0,14.0,3.0,25.0,0.0,1.0,1.2707586,83.72933,-8.0,3.0,2.0,2.0,82.18169,1.0
66.0,167.27565,4.0,-9.0,5.865521,0.0,0.0,100.0,-7.0,7.0,8.0,12.0,2.0,29.0,2.0,6.240072,6.1919484,17.0,-8.0,2.0,1.0,0.0,88.64413,1.0
65.0,153.47179,3.0,65.87317,34.0,1.0,0.0,85.710335,46.485363,6.0,5.0,34.0,2.0,23.968367,0.0,2.0,2.0,49.129147,87.84596,5.0,7.9406886,1.0,86.0,1.0
72.0,196.22708,6.0,75.0,26.821579,0.0,0.0,100.0,-7.0,7.0,8.0,32.0,2.0,40.0,0.0,6.224305,6.7369065,21.0,-8.0,6.0,2.0,0.0,75.0,1.0
55.982372,166.46487,20.727125,67.0,38.93968,0.0,0.0,100.0,-7.0,7.0,8.0,39.49394,0.0,25.0,0.0,3.0,2.693682,118.34428,68.77881,26.930973,4.990206,10.672792,100.0,1.0
58.137035,154.56119,7.0,69.17117,15.0,0.0,0.0,88.897736,28.80657,6.0,6.0,15.0,2.3525257,28.0,1.4690689,0.0,0.0,115.36039,-8.0,7.163419,1.0,2.0,98.25719,1.0
56.456627,53.636684,4.0,-2.4937794,26.761396,0.0,0.0,100.0,-7.0,6.4075804,8.0,32.0,4.0,57.752666,3.7157743,0.0,0.0,102.47892,87.769424,9.0,11.4544,3.0,100.0,1.0
63.0,47.712563,3.0,36.675724,16.0,0.0,0.0,100.0,-7.0,7.0,8.0,19.0,6.0,25.011936,1.0,3.0,3.0,47.97459,68.67062,4.7073126,4.0,2.0,60.890873,1.0
63.0,246.90273,1.0,59.595303,18.0,4.442538,3.4071565,82.43335,28.126116,3.0,6.0,18.425518,5.7542067,46.213196,0.0,2.0,2.0,31.931055,51.711384,4.0,7.0964856,0.0,75.0,1.0
-9.0,170.25201,3.0,62.516754,32.0602,0.0,0.0,100.0,-7.0,7.0,8.0,31.0,6.0,39.0,0.0,2.0,1.0,89.5772,96.26507,11.994735,6.0,4.0,87.098434,1.0
72.0,57.497444,3.0,-0.9366128,13.0,0.0,0.0,100.0,-7.0,7.0,8.0,12.0,2.0,89.91944,-8.0,0.0,0.0,72.45412,97.51969,3.0,3.0,0.0,100.0,1.0
72.0,209.35826,19.118315,61.0,10.0,0.0,0.0,100.0,-7.0,7.0,8.0,12.0,0.0,-9.0,1.0,0.0,0.0,61.474834,-8.0,6.0,1.0,1.0,78.380585,1.0
69.0,216.00874,4.0,79.0,20.0,4.067492,1.3338112,86.777145,32.4571,4.0,4.0,26.0,1.0,61.35493,0.0,2.0,3.0,13.153983,22.761889,2.0,2.0,0.0,94.637344,1.0
56.09705,131.9942,1.0,47.770805,9.431032,0.0,0.0,100.0,-7.0,7.0,8.0,7.8444147,4.0,45.0,0.0,3.0,3.0,88.99512,48.156555,4.0,4.0,4.826551,100.0,1.0
-9.0,247.61746,49.70495,142.524,5.824097,1.0,2.0,80.09616,-7.0,-9.0,6.0,8.0,0.0,-9.0,19.969572,0.0,0.0,78.25468,-8.0,4.0,-8.0,2.0,83.0,1.0
68.0,105.67655,36.782883,61.0,4.1713667,4.1933026,0.0,61.742107,23.830961,6.0,3.0,4.9908447,0.0,69.33152,0.0,0.0,0.0,22.975727,-8.0,1.0,1.0,0.0,53.767242,1.0
65.0,35.008045,5.3348727,-8.426684,5.057618,0.0,0.0,100.0,-7.0,7.0,8.0,2.4035234,2.0,64.745316,0.0,0.0,0.0,76.69057,21.889696,3.0,3.0,1.0,100.0,1.0
74.7538,174.0744,3.0,79.0,19.056604,0.0,0.0,90.786736,25.111938,6.0,5.0,22.0,3.0,19.689703,6.7779875,0.0,0.0,1.0,79.10308,2.0,2.0,0.0,56.450397,1.0
-9.0,196.21747,9.0,79.79377,20.0,5.1691356,3.7045832,72.3649,1.0,4.0,5.0,20.0,0.0,20.785381,0.0,6.8141236,6.4339285,111.94875,100.0,5.921223,2.0,3.7598438,83.0,1.0
66.0,215.42656,2.0,103.36325,43.53271,0.0,0.0,100.0,-7.0,7.0,8.0,45.782173,5.0,14.0,0.0,6.5595264,6.1705976,27.900179,86.32385,9.438756,7.95581,1.0,53.979176,1.0
56.937946,165.28375,9.514882,72.0,15.0,0.0,0.0,86.71321,1.0,3.9703166,6.0,17.627686,1.0,68.627815,1.0,0.0,0.0,86.48387,82.0,3.0,3.0,3.0,100.0,1.0
60.217823,143.87201,20.0,58.490635,21.0,2.0,0.0,71.86766,44.358406,6.0,4.0,22.0,1.0,28.083931,2.0,0.0,0.0,61.2869,74.90431,5.0,5.090509,2.0,83.0,1.0
66.0,88.46998,-9.0,34.97832,23.0,0.0,0.0,100.0,-7.0,7.0,8.0,21.557867,9.877897,21.0,0.0,5.988969,6.241089,59.02878,57.369812,7.0,3.0,1.1504833,77.6876,1.0
-9.0,117.73449,20.529728,-9.0,3.7771277,0.0,0.0,100.0,-7.0,7.0,8.0,4.180077,0.0,38.0,1.0,0.0,0.0,119.97787,-8.0,4.0,1.0,10.129692,100.0,1.0
62.0,144.45142,3.0,66.53443,21.0,0.0,0.0,100.0,-7.0,7.0,8.0,22.0,2.0,20.0,0.0,2.0,2.0,73.85279,54.550995,8.0,3.0,8.012482,75.0,1.0
59.2743,-2.2860217,4.8186407,26.198368,17.0,1.2066016,0.0,94.0,27.618427,6.0,2.0,16.0,4.0,26.0,0.0,16.305365,15.648841,42.9451,67.682274,4.0,4.0,4.0,57.0,1.0
61.066597,114.01459,3.0,40.993767,21.0,0.0,0.0,94.0,81.34845,6.0,6.0,20.760248,4.0,68.211235,0.0,4.88847,4.0,80.59284,69.52932,8.0,3.0,5.103142,100.0,1.0
73.0,114.86968,28.826813,122.132706,8.257184,0.0,0.0,100.0,-7.0,7.0,8.0,6.6238403,0.0,22.0,18.439472,0.0,0.0,28.683058,-8.0,3.0,-8.0,0.0,57.0,1.0
-9.0,41.501045,8.529023,37.00899,27.0,0.0,0.0,100.0,-7.0,7.0,8.0,24.0,2.0,36.956078,0.0,2.0,2.0,119.533,61.351967,21.31336,5.0,10.6394825,100.0,1.0
-9.0,100.49181,2.0,36.036232,17.0,3.0,1.9976337,82.46675,-7.0,-9.0,6.0,24.0,7.2262626,46.074257,0.0,18.344212,18.777431,0.0,-8.0,2.0,3.0,0.0,71.0,1.0
62.0,177.92056,12.0,76.009384,32.0,3.0,0.0,86.20621,8.9831295,6.0,2.0,38.83046,0.0,20.474667,3.5378048,1.0,0.0,77.568756,48.18223,11.693265,2.0,3.0,88.0,1.0
62.10374,-9.0,4.0,-9.0,6.2143235,0.0,0.0,100.0,-7.0,7.0,8.0,7.1821785,7.429126,11.68793,0.0,1.0,1.0,66.5027,-8.0,4.0,1.0,1.0,71.82358,1.0
57.521683,303.4189,6.0,67.0,-9.0,0.0,0.0,68.04219,3.0,6.0,6.0,4.3394256,1.0,19.0,0.0,14.077929,15.196625,91.12782,-8.0,2.0,-8.0,1.0,80.0,1.0
61.760075,309.70425,7.0,92.0,17.909048,1.0,1.0,77.4233,14.9418335,6.0,5.0,20.0,0.0,33.943096,16.0,0.0,0.0,78.59725,60.169483,7.0,2.0,3.0,80.0,1.0
55.77317,73.50149,20.521446,58.895817,4.897222,0.0,0.0,80.83791,4.2038774,6.0,6.0,5.907088,0.0,41.0,0.0,1.0,1.0,36.301586,85.49959,2.0,2.0,0.0,88.0,1.0
68.0,161.56677,3.0,31.593208,7.0,0.0,0.0,100.0,-7.0,7.0,8.0,8.0,3.0,94.497116,0.0,2.0,2.0,1.0,100.0,0.0,3.0,-9.0,88.0,1.0
65.98912,187.24178,8.0,70.0,27.0,0.0,0.0,100.0,-7.0,7.0,8.0,32.08328,1.0,0.0,0.0,0.0,0.0,86.36219,92.03709,10.807888,1.0,3.0,82.960075,1.0
65.0,109.951706,1.0,28.767338,29.0,0.0,0.0,100.0,-7.0,7.0,8.0,30.0,8.59468,33.201496,2.524568,0.0,0.0,52.390594,60.01551,8.410672,4.0,2.0,70.0,1.0
66.0,103.80071,-9.0,36.31827,23.560003,0.0,0.0,100.0,-7.0,7.0,8.0,21.0,4.0,15.162569,9.0,0.0,0.0,82.4314,100.0,5.0,2.0,4.0152864,86.0,1.0
-9.0,79.887596,27.444683,-9.0,-9.0,1.8047758,1.0,100.0,-7.0,7.0,8.0,3.5248635,0.0,98.18595,0.0,2.0,2.0,3.3767843,-8.0,1.0,1.0,0.0,100.0,1.0
64.0,149.5768,7.0,40.42804,12.0,1.0,0.0,89.0,30.009153,6.0,5.0,13.636294,2.0,35.0,18.226608,0.0,0.0,100.288475,83.57647,4.0,3.0,3.0,81.20114,1.0
59.950737,-9.0,2.0,-9.0,7.0,0.0,0.0,100.0,-7.0,7.0,8.0,5.729439,2.0,50.0,-7.0,4.0,4.7928996,65.5742,47.050327,2.0,1.789232,3.0,56.0,1.0
58.254665,125.70282,-9.0,36.93365,9.0,0.29003277,1.0,100.0,-7.0,7.0,8.0,8.180848,4.0,42.0,0.0,1.0,2.0,74.009575,-8.0,3.0,2.0,1.0,91.60467,1.0
65.47033,-7.844742,23.585684,71.0,4.317405,4.55306,0.0,18.62568,5.000063,4.0,4.0,5.083549,0.0,63.95644,0.0,0.0,0.0,84.80491,-8.0,1.0,1.0,0.0,100.0,1.0
73.0,147.69305,6.0667906,60.470642,5.485402,0.0,0.0,77.46132,69.046425,7.0,6.0,10.0,1.0,99.996826,-7.0,2.0,2.0,0.0,24.306875,1.0,1.0,0.0,100.0,1.0
59.211056,113.07076,5.0,49.927166,16.0,0.0,0.0,100.0,-7.0,7.0,8.0,17.0,2.0,67.73654,0.0,0.0,0.0,119.787346,76.0,3.0,6.0,6.106492,100.0,1.0
-9.0,93.16155,22.352379,61.0,13.274613,0.0,0.0,75.955956,1.0,5.204384,6.0,13.362508,0.0,34.426258,0.0,1.0,1.0,44.3203,-8.0,3.0,1.0,2.0,50.349728,1.0
66.0,159.99432,2.0,40.22635,24.0,3.624949,2.245141,100.0,-7.0,6.0,8.0,24.0,5.0,55.47863,0.0,4.0564017,4.0,85.94389,80.33335,2.0,5.4571757,0.0,82.770836,1.0
70.0,85.974495,16.70276,61.0,11.900389,0.0,0.0,100.0,-7.0,7.0,8.0,11.0,0.0,36.147614,0.0,2.0,2.0,72.33613,-8.0,3.0,1.0,3.0,48.286205,1.0
56.090332,159.25961,5.0,58.0,23.0,2.2616777,0.0,82.18405,36.374332,6.0,5.0,23.0,2.0,54.36183,0.0,4.0,4.0,78.36229,99.95677,7.0,2.0,2.0,82.33458,1.0
58.064785,358.81033,24.344273,82.0,12.0,3.008931,1.0,56.04474,3.9524508,-9.0,2.1041338,14.637718,0.0,28.0,0.0,3.0,3.0,63.848995,-8.0,2.0,4.0,0.0,79.21976,1.0
65.0,173.71445,4.0,50.753128,39.47054,2.0,0.0,87.91027,-7.0,-8.65105,2.0,50.589256,3.0,18.332586,0.0,6.0440145,6.7080746,2.0,69.94984,13.225896,3.0,0.0,60.0,1.0
65.19189,142.93205,10.0,-7.239674,12.0,0.0,0.0,100.0,-7.0,7.0,8.0,19.0,2.0,13.0,1.0,4.0,4.0,30.003294,96.70232,6.0,3.0,0.0,75.0,1.0
-9.0,-9.0,-9.0,-9.0,-9.0,-9.0,-9.0,-9.0,-9.0,-9.0,-9.0,-9.0,-9.0,-9.0,-9.0,-9.0,-9.0,-9.0,-9.0,-9.0,-9.0,-9.0,-9.0,1.0
55.37137,155.87607,1.0,8.751051,6.0,0.0,0.0,89.0,17.561388,6.0,6.0,12.0,4.0,56.384434,-7.0,2.0,2.0,72.32037,91.0,3.0,2.0,0.0,100.0,1.0
64.20756,125.2558,3.0,38.21079,-9.0,0.0,0.0,100.0,-7.0,7.0,8.0,3.7854693,2.0,42.60607,0.0,3.0,3.0,119.65439,74.529915,1.0,2.0,2.0,100.0,1.0
59.327526,128.9582,33.851124,82.75358,9.472496,2.0,0.0,76.22624,-7.0,-9.0,4.0,11.334593,0.0,38.0,-7.0,3.0,2.0,40.291286,-8.0,2.0,1.0,0.0,67.0,1.0
71.0,113.14433,2.0,32.172874,12.066402,0.0,0.0,100.0,-7.0,7.0,8.0,13.0,3.0,83.44983,-7.0,5.6502614,5.6929173,0.0,49.736313,1.0,2.0,0.0,67.0,1.0
14.912755,66.2901,8.0,61.294834,43.84588,0.0,0.0,100.0,-7.0,7.0,8.0,62.414234,3.6859112,19.0,0.0,2.0,1.0,105.62809,57.354057,24.027693,3.0,10.719411,100.0,1.0
-9.0,139.99571,5.0,68.0,22.0,3.7772963,2.0,69.55175,1.846099,-9.0,2.77108,28.0,3.0,50.0,0.0,13.972715,10.915809,101.71327,50.584972,4.0,3.0,1.0,100.0,1.0
66.0,187.45152,2.0,29.165829,12.381795,1.0,0.0,100.0,-7.0,7.0,8.0,14.0,5.0,0.42234582,0.0,2.0,2.0,31.40245,-8.0,6.0,-8.0,0.0,62.426334,1.0
63.0,173.70393,3.0,45.08274,19.036978,0.0,0.0,100.0,-7.0,7.0,8.0,20.0,3.0,57.517437,0.0,4.773831,5.0,61.262787,44.74878,4.0,3.0,3.0181837,80.0,1.0
62.609432,-4.5750833,2.0,-9.0,9.0,0.0,0.0,100.0,-7.0,7.0,8.0,11.576195,8.945303,12.623796,0.0,1.0,1.0,1.0,31.699705,3.0,1.0,0.0,43.0,1.0
70.81847,127.23048,5.0,43.51982,13.0,0.0,0.0,88.257576,36.823254,6.0,6.0,13.0,2.0,90.451416,0.0,3.0,3.0,15.033495,87.507904,1.0,3.0,-7.4975066,100.0,1.0
64.0,135.8319,2.0,62.049194,42.836597,0.0,0.0,95.0,11.738355,4.0,6.0,47.29804,6.0,16.111221,7.255072,1.0,1.0,32.922417,67.26137,21.905441,5.608,1.0,75.0,1.0
-9.0,101.956505,-9.0,46.567528,66.17847,10.108763,7.8317723,91.0,-7.0,-9.0,5.0,101.49936,10.418405,35.0,0.0,18.34091,18.511719,12.0,84.00642,6.0,18.145842,0.0,46.815628,1.0
-9.0,-5.405356,28.70118,-9.0,-9.0,0.0,0.0,88.0,12.868479,6.0,6.0,1.4351451,0.0,97.881424,0.0,1.0,1.0,-6.6838408,-8.0,-9.0,1.3795856,-9.0,40.141685,1.0
-9.0,173.97113,11.221923,72.0,14.0,1.0,1.1827171,88.0,4.0,6.0,6.0,16.531742,0.0,54.507736,0.0,1.0,1.0,119.95801,-8.0,5.0,-3.487446,5.7186294,100.0,1.0
67.0,-8.0,1.0,44.477814,21.0,0.0,0.0,100.0,-7.0,7.0,8.0,26.0,6.0,45.0,0.0,18.40038,18.042212,54.529747,89.17442,7.0,5.0,0.0,84.03226,1.0
65.620476,159.08685,41.60327,77.35648,-9.0,0.0,0.0,81.63213,32.04773,6.0,6.0,4.0414076,0.0,78.2547,-8.0,15.447721,13.097995,4.0,-8.0,0.28705192,1.0,-9.0,100.0,1.0
71.42249,-8.70523,6.0,29.263668,7.9727015,0.0,0.0,100.0,-7.0,7.0,8.0,5.4340577,1.0,20.479113,0.0,1.0,1.0,1.0,-8.0,2.0,1.0,0.0,75.0,1.0
-9.0,-9.0,2.0,-9.0,10.0,1.0,0.0,92.492546,23.508087,6.0,5.0,7.0,4.0,-7.392478,0.0,3.2536092,4.0,19.19743,71.67595,6.0,-3.9413137,0.0,49.92435,1.0
60.303364,67.45626,2.0,-9.0,13.0,0.0,0.0,100.0,-7.0,7.0,8.0,19.0,5.0,19.0,0.0,3.0,3.0,30.421026,91.0,2.0,2.0,0.0,57.849243,1.0
68.0,130.61491,10.0,24.465128,12.0,0.0,0.0,100.0,-7.0,7.0,8.0,9.368578,1.0,36.830753,0.0,2.0,2.0,66.0487,25.268118,4.0,2.0,0.0,80.115204,1.0
-9.0,262.9358,-9.0,94.0,32.0,4.5792813,3.845223,83.70853,16.74124,4.0,6.0,45.587337,6.355928,58.45405,-7.0,6.087379,5.0,37.44406,78.46202,3.0,9.43307,0.0,67.0,1.0
70.13065,127.24902,17.0,61.97738,11.559948,0.0,0.0,100.0,-7.0,7.0,8.0,9.0,0.0,9.153482,-7.0,0.0,0.0,84.83789,-8.0,6.0,-3.3932562,2.0,75.30089,1.0
62.0,-9.0,6.0,-9.0,6.0,0.0,0.0,100.0,-7.0,7.0,8.0,11.0,10.11404,14.0,0.0,2.0,2.0,32.197975,-8.0,6.0,1.0,0.0,67.0,1.0
-6.6681304,112.84934,3.0,54.02808,7.0,3.0,2.0,81.6551,49.948166,6.0,5.0,7.0,2.0,99.98595,0.0,1.0,1.0,0.0,59.15086,1.0,2.0,0.0,94.584885,1.0
70.0,124.1831,15.901131,72.8456,-2.565221,0.0,0.0,100.0,-7.0,7.0,8.0,3.8765485,0.0,93.10952,-7.0,2.0,2.0,44.73438,-8.0,1.0,1.0,0.0,100.0,1.0
57.66297,169.56635,11.0,59.571007,28.0,2.144431,1.5855076,71.88167,13.10879,6.0,4.0,31.0,0.0,65.44325,2.0,4.0,4.0,90.324844,45.61965,3.0,4.0,0.0,83.0,1.0
-9.0,31.553865,1.0,-9.0,16.0,0.0,0.0,88.0,-6.180802,4.0,6.0,27.0,8.689505,27.292114,-7.0,4.0,4.0,112.7334,99.52613,5.0,3.0,0.0,83.0,1.0
60.795074,156.85175,2.0,30.47323,3.0379674,1.0,0.0,77.59507,52.20765,6.0,4.0,6.9673767,2.0,74.00262,0.0,9.873076,6.6556177,118.020355,78.11539,1.0,4.0,0.0,100.0,1.0
64.18562,163.3882,25.237309,69.04984,18.0,2.602121,0.0,91.97983,3.0,4.0,3.0,24.0,0.0,69.50054,2.0,2.0,2.0,13.165936,-8.0,1.0,2.0,0.0,33.0,1.0
69.49932,89.681496,22.819649,51.30371,9.0,0.0,0.0,100.0,-7.0,7.0,8.0,3.995155,0.0,98.00422,0.0,2.0,2.0,-3.7300181,-8.0,0.0,2.0,-9.0,71.0,1.0
57.73743,131.26326,2.0,1.8819777,24.16123,0.0,0.0,100.0,-7.0,7.0,8.0,25.996511,3.0,33.0,0.0,2.0,2.0,68.252464,96.984474,7.6728783,4.0,3.0,70.915436,1.0
58.100765,182.98975,58.261913,72.0,7.0,1.0,0.0,82.69282,-7.0,-9.0,4.3512263,12.0,0.0,61.051075,0.0,2.0,2.0,105.467674,24.23263,1.0,3.0,2.0,82.51233,1.0
59.378872,139.37074,2.0,55.00119,16.0,4.5732474,3.7321637,86.29484,14.6249,4.0,2.0,30.0,5.3078384,52.20407,0.0,3.0,3.0,46.2395,94.56524,3.0,3.0,0.0,100.0,1.0
60.087444,125.73245,4.3093443,55.911846,13.0,0.0,0.0,100.0,-7.0,7.0,8.0,12.296307,2.0,45.0,3.0,1.0,1.0,119.808205,76.365105,3.0,2.0,2.0,76.397385,1.0
67.54429,178.74574,2.0,43.611183,3.0746343,0.0,0.0,100.0,-7.0,7.0,8.0,7.0,1.0,14.0,0.0,3.0,3.1636753,50.571133,-8.0,6.0,-8.0,1.0,100.0,1.0
71.0,74.49788,34.19347,76.0,9.200368,0.0,0.0,100.0,-7.0,7.0,8.0,5.9441905,0.0,95.05909,0.0,0.0,0.0,-8.564705,-8.0,1.0,-8.0,-8.467581,57.0,1.0
66.0,-9.0,1.0,-9.0,26.196896,0.0,0.0,100.0,-7.0,7.0,8.0,27.0,7.1047125,-0.69878244,0.0,1.0,1.0,32.0,-8.0,9.0,1.0,1.0,54.983593,1.0
-9.0,245.15753,25.50836,88.7514,11.0,4.631484,1.0,-9.0,4.9687467,3.0,2.0,17.0,0.0,27.95667,0.0,0.0,0.0,89.3633,-8.0,4.0,-8.0,2.0,77.47271,1.0
68.0,139.3894,3.0,63.0,8.237779,1.0,1.0,100.0,-7.0,4.0,8.0,8.0,2.0,24.0,6.0,0.0,0.0,71.5255,-8.0,2.0,1.0,0.0,75.0,1.0
57.24802,82.88614,3.4805923,21.728964,15.376032,0.0,0.0,88.0,31.356272,6.0,6.0,19.0,3.2344277,30.0,0.0,2.3809688,3.0,48.19031,98.615524,3.4135513,3.0,1.0,68.608185,1.0
64.0,-9.0,1.0,1.7034323,8.8713665,0.0,0.0,100.0,-7.0,7.0,8.0,0.6793106,5.0,46.3124,0.0,3.0,2.0,20.218775,98.5149,1.0,2.0,0.0,51.950985,1.0
56.903366,151.204,18.54007,74.0,14.0,0.0,0.0,83.86503,41.551983,6.0,6.0,13.0,0.0,17.0,0.0,0.0,0.0,65.82501,-8.0,6.0,1.0,6.187917,83.0,1.0
66.0,4.1068826,1.0,-9.0,4.3785415,0.0,0.0,100.0,-7.0,7.0,8.0,7.778327,1.0,76.29004,-7.0,3.0,2.0,118.40227,84.03599,1.0,2.0,0.0,78.0,1.0
63.541122,104.70532,-9.0,31.308083,4.6275625,0.0,0.0,88.33897,45.898357,6.0,6.0,9.0,4.0,85.90449,-7.0,1.68759,1.0,41.370598,76.0,1.0,3.0,0.0,83.0,1.0
-7.3716702,-9.0,8.0,-9.0,10.0,0.0,0.0,89.87571,22.526375,6.0,5.0,12.248416,3.0,-9.0,18.160736,0.0,0.0,66.1972,-8.0,4.0,-8.0,2.0,44.01204,1.0
70.0,69.09331,14.0,29.599844,17.0,2.0,1.0,92.0,16.590117,6.0,5.0,20.0,1.0,71.09271,-7.0,0.0,0.0,20.94931,48.594826,2.0,5.0,0.0,75.0,1.0
66.0,130.01752,6.0,58.78055,16.245497,1.0,1.0,84.71405,3.1225588,5.455171,5.0,16.0,2.0,43.0,0.0,0.0,0.0,0.0,79.60881,1.0,2.0,0.0,22.123985,1.0
55.832577,117.62822,15.0,61.50172,16.213001,1.0,0.0,81.311874,8.246045,6.0,5.0,14.0,0.0,-9.0,0.0,1.0,1.0,69.11076,-8.0,11.902409,1.0,9.132536,73.0,1.0
62.64619,170.48726,8.0,55.226303,33.0,0.0,0.0,100.0,-7.0,7.0,8.0,34.665165,1.0,27.0,0.0,1.0,1.0,86.416336,73.13772,4.0,5.8783674,4.3403463,70.0,1.0
72.0,145.72098,1.0,61.0,9.217999,0.0,0.0,89.84274,2.5127676,4.0,6.0,11.151398,2.0,33.0,-7.0,0.0,0.0,32.0,-8.0,1.0,1.0,0.0,57.822372,1.0
71.0,219.24033,5.0,55.935368,39.0,0.0,0.0,100.0,-7.0,6.0,8.0,57.070545,3.1215894,56.91994,0.0,4.7083983,4.0,20.416294,71.54941,8.46444,4.0,1.0,80.0,1.0
-9.0,104.97439,2.0,17.476809,16.0,0.0,0.0,89.202995,-2.5847285,4.468436,6.0,19.0,4.0,27.0,1.0,6.3799634,6.443296,46.47312,76.04537,8.0,2.0,2.0,80.0,1.0
62.0,100.13905,3.0,46.384224,6.2613063,6.1977153,5.089594,65.12989,17.56888,4.0,-4.273679,10.024046,3.0,40.212494,2.0,1.0,1.0,25.0,-8.0,5.0,1.0,1.0,88.0,1.0
71.0,-4.595654,24.727102,39.486645,-9.0,0.0,0.0,100.0,-7.0,7.0,8.0,1.872123,0.0,59.73963,-8.0,0.0,0.0,43.69242,-8.0,1.0,-8.0,0.0,88.0,1.0
64.75369,177.27441,5.0,-4.546433,-9.0,0.0,0.0,87.950066,31.591267,4.0,6.0,3.9833293,4.0,26.367777,0.0,0.0,0.0,91.51339,-8.0,3.0,1.0,1.0,87.98798,1.0
56.790554,77.25251,6.0,40.767,12.0,6.7318225,1.0,60.459007,31.087387,5.3858304,2.0,15.0,2.0,91.564476,-7.0,0.0,0.0,94.05337,73.93019,3.0,4.0,1.0,100.0,1.0
-9.0,108.45885,5.0,38.536373,-9.0,2.0,1.0,-9.0,5.180042,0.7667984,5.0,1.3719634,3.0,74.13934,1.0,3.0,3.0,1.0,-8.0,1.0,1.0,0.0,79.0885,1.0
65.0,237.81296,1.0,81.44694,28.848127,2.0,1.0,88.0,31.054543,6.0,5.0,33.0,6.1491675,45.0,0.0,17.624868,17.472382,11.910668,-8.0,2.0,2.0,0.0,44.0,1.0
63.71348,93.53593,1.0,44.12357,31.10229,0.0,0.0,100.0,-7.0,7.0,8.0,37.0,6.0,29.0,0.0,3.0,3.0,26.03711,100.0,5.0,14.172628,2.0,64.13528,1.0
65.0,207.39142,30.566277,93.03013,13.0,1.0,0.0,69.970604,19.755526,6.0,3.0,14.0,0.0,33.0,9.0,0.0,0.0,64.540146,0.16126664,3.0,2.0,1.0,75.0,1.0
63.0,147.88782,2.0,59.812332,10.229362,0.0,0.0,86.67228,-4.931123,-9.0,6.0,10.0,3.0,37.0,0.0,2.0,2.0,34.06666,-8.0,2.0,1.0,0.0,52.18211,1.0
58.465023,99.51521,2.0,48.180233,18.0,0.0,0.0,100.0,-7.0,7.0,8.0,18.0,9.401631,36.0,0.0,2.0,2.0,55.941315,64.64986,6.0,3.0,4.0,75.0,1.0
-9.0,135.91914,8.0,53.137356,-9.0,0.9129128,0.0,60.182762,17.11724,6.0,5.0,-9.0,2.0,61.08115,0.0,1.0,1.0,119.813416,-8.0,1.0,1.0,2.0,100.0,1.0
75.0,145.8152,35.556747,76.24366,5.946761,0.0,0.0,100.0,-7.0,7.0,8.0,8.0729475,0.0,56.59026,-7.0,0.0,0.0,86.64039,-8.0,2.0,-8.0,0.0,100.0,1.0
53.813705,-8.975508,15.0,-9.0,4.9048986,0.0,0.0,100.0,-7.0,7.0,8.0,4.4455056,0.0,62.47175,0.0,1.0,1.0,119.773705,82.0,2.0,2.0,2.0,89.22726,1.0
59.4682,162.29181,4.0,58.506775,31.750124,0.0,0.0,95.0,6.16171,4.0,6.0,34.18964,5.0,19.0,0.0,4.0,4.0,70.17864,-8.0,18.763159,5.0,7.896107,69.00563,1.0
-9.0,-9.0,-9.0,-9.0,-9.0,-9.0,-9.0,-9.0,-9.0,-9.0,-9.0,-9.0,-9.0,-9.0,-9.0,-9.0,-9.0,-9.0,-9.0,-9.0,-9.0,-9.0,-9.0,1.0
69.080246,58.551914,4.0,24.765816,13.0,0.0,0.0,89.0,40.06139,6.0,6.0,12.0,5.0,5.783271,0.0,1.0,1.0,43.22561,-8.0,6.4876027,1.0,0.0,67.0,1.0
69.0,125.452484,50.930332,80.9109,3.3286455,0.0,0.0,63.756447,36.84934,6.0,6.0,4.3524866,0.0,99.98235,-7.0,1.0,1.0,-8.470389,-8.0,-9.0,1.0,-8.063422,100.0,1.0
-9.0,302.871,11.539682,80.0,38.000195,0.0,0.0,89.922325,6.0,-9.0,6.0,43.46373,1.319538,44.147663,-7.0,14.451171,13.648948,98.69457,87.022804,6.0,11.61715,5.3214135,100.0,1.0
70.0,113.0441,25.224026,97.54721,6.871852,0.0,0.0,100.0,-7.0,7.0,8.0,3.990098,0.0,53.78482,0.0,0.0,0.0,98.114235,-8.0,3.0,1.0,1.0,91.51151,1.0
46.63092,180.4547,2.0,63.170795,15.0,1.0,0.0,77.390785,24.704697,5.0,5.0078645,11.906746,1.1525577,41.0,-7.0,11.150003,8.942423,91.33348,69.67144,3.0,4.0,2.0,88.0,1.0
72.0,261.59323,18.353178,109.90936,13.0,1.0,0.0,63.363926,2.6836283,6.0,4.1840515,15.740617,0.0,33.0,12.0,0.0,0.0,21.460173,94.13216,2.0,2.0,0.0,56.0,1.0
-9.0,257.6576,20.0,86.0,-9.0,9.604211,3.0589473,36.70182,44.998528,6.0,4.0,2.8966537,0.0,50.0,1.0,4.0,4.0,33.489822,-8.0,1.0,-8.0,0.0,75.0,1.0
65.0,146.11952,47.75324,85.651855,4.845971,0.0,0.0,80.45254,30.624866,6.0,6.0,4.7452884,0.0,59.81498,-7.832637,0.0,0.0,119.80432,-8.0,1.0,1.0,1.2000518,100.0,1.0
62.0,242.66028,8.0,69.99444,43.168354,6.2702613,1.0,82.83301,2.391581,-8.738872,3.0,57.104023,3.0,54.91955,1.5917267,2.0,2.0,33.498936,53.2904,7.0,20.456821,0.0,77.26887,1.0
61.95629,115.81833,3.0,45.283295,17.739084,1.422259,1.0,82.74607,7.503575,4.0,2.056176,15.661067,4.0,-9.0,0.0,2.0,2.0,28.0,-8.0,4.0,1.0,4.0,50.0,1.0
60.630398,-6.134554,5.0,-9.0,-9.0,1.0,1.0,100.0,-7.0,7.0,8.0,0.9165637,2.0,17.0,0.0,1.0,1.0,0.0,-8.0,2.0,-8.0,0.0,97.52243,1.0
71.0,443.191,10.0,93.0,25.0,0.0,0.0,97.0,-7.0,6.0,6.0,31.0,0.7106899,20.0,0.0,6.184459,5.8994837,67.17884,-8.0,11.0,2.0,3.0,86.64049,1.0
-9.0,109.70312,20.0,52.456444,9.0,1.0,1.0,75.735344,17.307928,4.0,3.0,13.0,0.0,63.30468,0.0,0.0,0.0,118.925224,82.0,4.0,2.0,3.0,100.0,1.0
54.71409,68.6463,3.0,2.1884856,22.461964,0.0,0.0,100.0,-7.0,7.0,8.0,23.0,8.228719,19.0,5.0,3.0,3.0,50.67387,82.024925,20.31764,3.0,7.843454,71.0,1.0
57.89131,133.29156,2.0,29.003237,14.0,0.0,0.0,96.0,13.924222,6.0,6.0,16.0,4.0,33.0,0.0,0.0,0.0,48.29053,87.33235,5.0,6.0,4.994697,67.0,1.0
58.89293,119.04559,2.0,-9.0,7.0813923,1.0,1.9051982,90.0,5.4755087,0.0,3.9478152,9.987187,2.0,42.0,-7.0,3.0,3.6660619,49.18243,98.70505,5.0,2.0,1.0,75.0,1.0
58.809147,142.88766,25.444359,70.0,7.0,1.0,0.0,97.0,-7.0,4.0,6.0,10.0,0.0,27.0,0.0,4.0,3.0,84.47802,-8.0,4.0,1.0,2.0,100.0,1.0
59.63398,70.03911,4.0,45.669605,12.808317,0.0,0.0,100.0,-7.0,7.0,8.0,14.0,3.0,19.104982,0.0,1.0,1.0,47.691242,30.989304,5.0,2.0,0.0,69.86753,1.0
67.0,302.4785,7.037214,80.0,12.0,0.0,0.0,79.00881,12.4095335,6.0,6.0,13.24192,2.0,30.283184,2.0,2.0,2.0,37.15884,-8.0,3.0,1.0,0.0,60.0,1.0
62.897854,-6.4276977,20.0,-9.0,-9.0,0.0,0.0,100.0,-7.0,7.0,8.0,3.23176,0.0,67.94682,-7.0,0.0,0.0,119.67925,77.07412,1.0,2.0,-9.0,81.103195,1.0
66.0,164.44952,13.0,55.69387,30.016699,3.0,2.0,89.0,7.292948,3.246075,6.0,34.0,1.0,57.534534,1.0,2.0,2.0,68.7464,71.0,3.0,4.0,0.0,57.0,1.0
9.650386,148.93173,2.0,56.44404,7.9369955,1.0,1.0,72.14039,1.0,1.262261,3.0,10.0,2.0,44.782063,0.0,2.0,1.8194095,100.741234,79.474014,2.0,2.0,1.0,100.0,1.0
71.0,190.44942,7.0,88.178566,4.8059835,0.0,0.0,82.6414,6.648562,5.0,6.0,7.0,1.0,63.396465,0.0,1.0,1.0,79.43014,-8.0,2.0,1.0,0.0,81.16199,1.0
65.0,153.87114,8.0,55.95347,31.457176,0.0,0.0,100.0,-7.0,7.0,8.0,30.0,2.0,54.857025,0.0,2.0,1.8444221,76.42343,93.0,7.0,5.0,3.0,86.0,1.0
21.670292,125.427795,7.0,-9.0,14.0,0.0,0.0,96.0,20.263039,4.0,6.0,23.0,4.0,33.053787,-7.0,2.0,2.0,118.02077,50.272243,8.622938,2.0,2.0,100.0,1.0
70.0,217.91956,2.0,44.299976,20.0,0.0,0.0,90.70465,11.712042,6.0,5.0,20.0,6.0,26.0,0.0,0.0,0.0,2.0,55.61252,1.0,3.0,0.0,60.0,1.0
62.0,178.2947,46.034718,68.0,9.0,0.0,0.0,83.3121,3.0,4.0,6.0,8.0,0.0,21.657732,0.0,1.0,1.0,66.97006,-8.0,4.0,1.0,2.0,100.0,1.0
-9.0,203.44644,5.0,44.743786,21.0,0.0,0.0,86.6602,4.222552,0.2580298,5.0,22.0,3.0,40.0,0.0,4.835001,5.0,82.621216,100.0,9.0,5.0,5.1573787,88.070076,1.0
69.45238,102.263145,10.0,-9.0,7.6705966,0.0,0.0,100.0,-7.0,7.0,8.0,9.0,0.0,10.550569,0.0,2.0,2.0,31.000866,-8.0,2.0,1.0,0.0,60.0,1.0
67.0,106.29613,7.0,44.082497,6.0,1.0,1.0,58.188904,18.095804,4.0,5.0,4.944132,2.0,99.99942,0.0,1.0,1.0,0.0,96.4884,0.0,3.0,0.0,100.0,1.0
-9.0,21.713076,9.0,38.79882,4.63094,5.7546597,0.0,64.23997,16.51194,6.0,3.0,7.321092,1.0,89.00318,1.0,0.0,0.0,64.21336,97.354774,1.0,2.0,0.0,73.0,1.0
60.285126,156.95482,3.0,48.8345,23.0,0.0,0.0,100.0,-7.0,7.0,8.0,24.0,4.0,42.0,0.0,3.0,3.0,91.47723,90.03937,5.0,7.1364436,1.0,80.0,1.0
62.24508,130.60675,3.0,-9.0,-9.0,0.0,0.0,100.0,-7.0,7.0,8.0,3.98516,1.0,46.65336,0.0,4.0,3.3837543,0.0,-8.0,-9.0,-8.0,-9.0,64.0,1.0
57.69348,97.44113,12.0,41.836357,5.0004196,0.0,0.0,76.635254,18.83142,6.0,6.0,6.1681886,0.33656085,61.048492,0.0,1.0,1.0,119.83291,91.0,1.0,2.0,0.0,81.01297,1.0
64.0,138.37163,14.0,46.85539,6.0,0.0,0.0,100.0,-7.0,7.0,8.0,4.4218836,1.0,81.04483,0.0,2.0,2.0,6.0,45.318672,0.74691087,1.0,-9.0,100.0,1.0
21.52534,14.295411,6.0,58.987003,24.0,0.0,0.0,100.0,-7.0,6.0,8.0,20.0,2.0,42.0,0.0,2.0,3.0,92.369026,93.0,10.88777,4.0,4.0,91.796684,1.0
49.963314,50.139484,2.0,43.505955,19.0,2.806707,1.0,71.37373,5.6530495,-3.4666274,2.3620095,20.22602,3.0,39.0,0.0,6.947441,6.4791284,65.78117,84.0427,4.0,4.0,3.4249897,67.0,1.0
67.0,105.92004,4.0,-9.0,28.0,0.0,0.0,96.0,10.926094,6.0,6.0,32.36953,3.0,38.176388,5.0,0.0,0.0,29.21861,59.385387,4.0,3.0,0.0,60.0,1.0
64.348915,153.2132,7.0,68.0,20.0,0.0,0.0,100.0,-7.0,7.0,8.0,20.356325,2.0,45.0,1.0,4.0,4.0,93.642494,64.849625,4.0,1.0,1.0,80.0,1.0
62.0,165.89369,8.0,84.0,14.0,3.818953,1.0,71.64031,9.1297655,5.0,5.0,16.0,0.0,46.51388,0.0,0.0,0.0,66.32628,52.985653,4.0,2.0,2.0,82.31844,1.0
73.64714,233.31638,13.0,56.343327,-9.0,0.0,0.0,70.9106,19.282835,4.0,6.0,4.216506,0.0,96.26596,4.0,0.0,0.0,1.0,87.065445,1.0,1.0,0.0,100.0,1.0
75.0,155.90283,8.559037,42.27563,12.855368,0.0,0.0,100.0,-7.0,7.0,8.0,14.633028,1.0,68.43651,0.0,1.0,1.0,-2.6904497,-8.0,1.0,1.0,0.0,25.728672,1.0
70.0,253.26003,-9.0,58.780914,31.086597,1.0,1.0,93.0,69.28021,6.0,4.0,39.612408,7.286908,42.0,0.0,14.591077,15.34143,43.810337,76.58446,3.0220532,4.0,0.0,80.0,1.0
67.0,259.69043,11.0,75.0,6.983948,2.0,2.4518878,83.69803,8.768707,6.0,2.0,8.0,1.0,47.0,3.0,0.0,0.0,89.084526,56.042526,1.0,2.0,-9.0,80.0,1.0
64.41939,126.704285,4.0,28.522789,21.0,0.0,0.0,100.0,-7.0,7.0,8.0,20.151052,1.0,24.0,4.0,1.0,1.0,59.555744,85.418846,6.0,3.0,4.0,60.0,1.0
57.897736,133.72974,4.7154007,61.627262,21.859053,4.9831433,6.735674,89.12059,3.7100792,0.49550563,4.0,23.0,3.8380497,47.523636,0.0,6.351229,5.9189715,70.4156,-8.0,4.0,2.0,0.0,75.0,1.0
56.901993,116.34752,11.997694,52.27701,23.0,0.0,0.0,88.542595,4.0,4.0,6.0,22.0,0.0,31.0,0.0,6.4764752,6.3115396,62.42426,67.735054,11.0,4.0,5.8596444,82.849144,1.0
56.254745,120.61807,5.0,39.86916,25.26301,0.0,0.0,100.0,-7.0,7.0,8.0,24.0,6.0,54.96131,0.0,1.0,0.9935772,38.106266,60.33738,3.0,2.0,1.0,64.0,1.0
66.0,74.37323,2.0,-9.0,14.574074,0.0,0.0,95.87384,11.695785,6.0,6.0,16.314138,3.0,65.30302,0.0,5.7162576,5.697805,70.267784,11.762035,4.0,2.0,1.0,80.0,1.0
68.0,172.39449,2.0,63.086662,14.0,0.0,0.0,100.0,-7.0,7.0,8.0,18.279177,2.0,10.54537,0.0,4.0,4.0,33.141296,96.00991,4.0,2.0,1.0,60.773205,1.0
18.815866,29.300007,3.0,21.696404,27.558084,0.0,0.0,95.0,71.33167,6.0,6.0,26.0,6.0,28.0,1.0,1.0,1.0,36.804134,95.65993,24.763412,5.0,1.7666371,100.0,1.0
-9.0,74.72796,1.0,66.593414,19.0,1.0,0.0,85.14822,1.0,4.0,5.0,22.0,3.0,15.68808,9.308944,0.0,0.0,116.879364,-8.0,4.0,1.0,7.8171134,64.491585,1.0
25.591036,147.33923,56.821285,107.143036,3.6388526,1.0,1.0,48.393196,1.0,-9.0,5.858461,3.996302,0.0,85.22019,1.0,0.0,0.0,118.87302,-8.0,1.0,1.0,1.0,100.0,1.0
64.86746,123.77183,2.0,36.07445,23.0,0.0,0.0,100.0,-7.0,7.0,8.0,23.0,10.839796,23.0,0.0,3.0,2.0,46.499653,81.103096,9.0,6.533802,4.8008833,80.0,1.0
70.0,116.87259,16.858496,54.34698,13.026136,2.0,0.0,71.69066,50.24432,6.0,3.0,6.27928,0.0,73.335266,0.0,1.0,1.0,3.0,89.31764,2.0,2.0,0.0,61.960045,1.0
57.823566,111.80347,13.0,28.394938,-9.0,0.381103,0.0,68.989105,37.696358,6.0,3.546808,1.8688065,1.0,59.3827,0.0,1.0,1.0,0.80588454,16.293781,-6.229996,1.0,0.0,38.0,1.0
-9.0,164.27785,8.0,58.287857,10.469909,0.0,0.0,77.673645,6.04589,6.0,6.0,10.0,2.0,20.0,0.0,0.0,0.0,117.36439,-8.0,2.0,1.0,2.0,75.0,1.0
-9.0,120.42713,3.0,18.933083,12.717023,0.0,0.0,84.295746,8.867721,6.0,6.0,12.0,3.0,29.0,0.0,4.0,4.0,81.91156,74.2441,4.0,4.0,2.0,71.24043,1.0
69.871086,141.37567,3.0,44.319183,24.0,0.0,0.0,94.62928,51.413513,6.0,6.0,24.0,6.0,24.0,1.0,0.0,0.0,27.732903,66.4789,6.0,2.0,1.0,63.0,1.0
59.571312,249.00519,10.0,118.46432,4.9227805,2.0,2.1176941,78.07989,16.012953,4.0,2.0,7.0,2.0,22.0,5.442168,1.0,1.0,30.29265,50.828884,3.0,1.0,0.0,77.58416,1.0
70.0,-9.0,8.0,8.377092,6.0,0.0,0.0,100.0,-7.0,7.0,8.0,3.996671,1.0,99.75147,-8.0,1.0,1.0,-9.0,82.981384,-1.2683226,2.0,-9.0,100.0,1.0
69.0,133.07036,20.583406,67.38072,13.537839,0.0,0.0,100.0,-7.0,7.0,8.0,13.0,0.0,75.39977,0.0,4.0,4.0,34.190453,-8.0,2.0,3.0,1.0,80.0,1.0
64.0,191.29877,1.6381991,69.1984,13.46599,2.0,1.0,91.91107,33.47801,6.0,2.0,9.756004,6.569567,38.0,-7.0,2.0,1.0,52.762547,99.88788,6.0,2.0,0.0,88.0,1.0
63.511845,139.77737,4.752141,65.0,16.0,0.0,0.0,100.0,-7.0,7.0,8.0,18.0,2.0,55.054714,0.0,3.0,3.0,69.86354,77.59495,9.0,2.0,4.0,95.42253,1.0
54.30719,26.96209,3.0,-9.0,14.0,0.0,0.0,100.0,-7.0,7.0,8.0,15.0,3.0,17.0,0.0,5.439398,5.987375,119.75345,-8.0,4.0,1.0,1.0,100.0,1.0
-9.0,7.7975135,1.0,-0.69616216,12.0,0.0,0.0,100.0,-7.0,7.0,8.0,12.0,6.034639,27.0,0.0,2.0,2.0,67.254074,88.0,6.966768,2.0,2.0,80.0,1.0
65.23524,159.431,2.0,43.2791,11.966771,0.0,0.0,100.0,-7.0,7.0,8.0,12.0,3.0,50.0,0.0,5.8001223,6.2062287,44.18525,100.0,4.0,2.0,0.0,70.094154,1.0
65.0,165.4515,5.0,61.954487,20.0,0.0,0.0,100.0,-7.0,7.0,8.0,18.0,3.7645917,71.93839,0.0,1.0,1.0,93.46128,-8.0,3.0,2.0,3.1595428,88.951996,1.0
73.90383,-9.0,2.0,-9.0,5.5016384,0.0,0.0,100.0,-7.0,7.0,8.0,7.0,3.0,42.0,0.0,0.0,1.0,6.0,96.74343,2.0,1.0,0.0,60.0,1.0
74.20405,168.84447,21.945814,66.70083,14.0,3.0,0.0,68.59313,30.038244,6.0,2.350951,12.0,0.0,99.83052,1.0,2.0,1.0,0.0,-8.0,1.0,3.0,-8.0,100.0,1.0
68.0,149.4417,1.0,49.184784,12.0,0.0,0.0,100.0,-7.0,7.0,8.0,13.436251,3.0,11.0,0.0,3.0,2.0,42.279785,50.309086,7.0,1.0,2.0,74.501175,1.0
58.960323,180.06104,2.0,77.61593,27.142872,0.0,0.0,100.0,-7.0,7.0,8.0,29.0,3.0,29.0,3.0,2.0,1.0,100.45045,76.0,22.226463,3.0,10.01997,82.41328,1.0
60.720455,190.69444,1.0,61.0,13.0,3.0,2.0,87.41939,12.356798,6.0,5.0,13.0,7.8504634,26.0,1.0,5.0,4.5733724,22.801668,77.316864,3.0,2.0,0.0,60.0,1.0
-9.0,-8.0,-9.0,-9.0,-9.0,1.0,1.0,100.0,-7.0,7.0,8.0,3.9805305,8.977705,15.9456,0.0,3.0,2.621487,65.514145,47.686928,3.0,1.0,1.4069816,83.0,1.0
69.42754,-9.0,3.0,-9.0,-9.0,0.0,0.0,100.0,-7.0,7.0,8.0,7.5777483,4.0,16.0,3.0,0.0,0.0,26.48339,69.45811,2.0,1.0,0.0,50.73905,1.0
63.0,131.2486,18.65123,80.77675,13.587009,2.0,0.0,89.84757,43.37991,6.0,4.0,13.0,0.0,56.20037,0.0,2.1157181,2.0,119.7522,7.40102,3.0,3.0,6.637891,100.0,1.0
-9.0,-4.5577435,6.0,20.010136,15.0,1.0,0.0,85.279144,25.845802,6.0,5.0,15.0,5.0,27.895485,-7.0,2.0,2.0,65.18773,60.071156,9.825031,3.0,4.7619963,100.0,1.0
65.0,155.04857,20.212831,54.37586,-9.0,0.0,0.0,100.0,-7.0,7.0,8.0,0.13718736,0.0,50.0,0.0,0.0,0.0,119.999306,-8.0,1.0,1.0,2.0,100.0,1.0
62.0,155.83214,15.64913,73.91629,25.0,0.0,0.0,88.86246,6.4654074,6.0,6.0,27.006187,0.0,38.0,-7.0,1.0,1.0,99.95277,41.158512,6.0,3.0,9.668443,100.0,1.0
67.61666,139.81268,4.0,-9.0,8.985763,0.0,0.0,100.0,-7.0,7.0,8.0,8.0,3.6935914,94.091896,0.0,2.0,2.0,0.0,11.243648,1.0,2.0,-4.8559456,50.0,1.0
79.56713,92.583206,18.401497,49.06138,-9.0,0.0,0.0,100.0,-7.0,7.0,8.0,7.0,0.0,11.0,0.0,0.0,0.0,0.0,-8.0,2.0,-8.0,0.0,44.626385,1.0
65.0,125.37276,2.2240434,-9.0,13.0,0.0,0.0,100.0,-7.0,7.0,8.0,13.474679,7.4084015,51.025017,3.0,1.0,1.0,5.552364,81.329346,2.6101856,4.0,2.0,69.51196,1.0
60.35621,119.11276,11.0,62.065777,-9.0,5.9449935,0.0,62.288177,1.3001533,3.692347,2.0,3.629669,0.0,60.113663,0.0,2.0,1.0,99.09551,18.85421,2.0,1.0,0.0,100.0,1.0
-9.0,23.9103,8.0,36.548046,9.0,2.0,1.0,64.963425,-7.0,4.0,5.0,12.039004,3.0,55.183754,-7.0,1.0,1.0,94.36155,82.51564,4.0,4.0,2.0,100.0,1.0
-9.0,170.64438,3.0,65.133736,28.5664,8.273308,6.92824,79.79944,2.0,3.0,6.0,33.0,5.0,50.0,-0.58923167,3.0,2.0,71.843254,60.389927,6.0,3.0,0.0,86.0,1.0
68.0,262.64383,2.0,60.78369,22.0,5.69447,6.0143414,76.2539,30.56004,4.0,2.0,32.0,5.519524,59.42012,0.0,5.0,5.0,40.891186,47.767555,3.0,4.0,0.0,100.0,1.0
-9.0,113.45818,5.0,42.409935,15.954877,1.0,1.0,83.19709,6.613361,4.0,6.0,18.0,3.0,59.48352,-5.609998,0.0,0.0,112.54408,88.81939,4.0,5.0,5.4290495,100.0,1.0
70.0,138.23666,10.0,58.0,25.0,2.0,1.0,91.96056,17.981588,4.0,5.8799825,27.0,2.0,76.87927,-7.0,0.0,0.0,16.336432,130.81332,2.0,6.0,0.0,78.0,1.0
73.0,224.489,13.660968,67.178215,18.0,0.0,0.0,100.0,-7.0,7.0,8.0,19.0,0.0,91.215385,0.0,3.4454517,3.0,1.0,-8.0,1.0,4.0,0.0,88.0,1.0
59.445877,117.41448,3.0,40.717163,15.851502,0.0,0.0,100.0,-7.0,7.0,8.0,16.0,4.0,46.734383,0.0,2.0,2.0,69.27583,93.83795,4.0,2.0,1.0,100.0,1.0
58.155567,166.49313,7.0,11.925559,23.0,0.0,0.0,100.0,-7.0,7.0,8.0,38.0,5.5327067,21.0,0.0,3.0,2.0,53.107048,12.33735,8.982816,3.0,3.9443061,64.0,1.0
59.350613,87.93625,18.564358,25.612408,17.0,1.0,0.0,87.57664,11.090905,6.0,5.0,19.0,0.0,11.936197,0.0,1.0,1.0,46.74491,-8.0,11.499523,1.0,4.452871,63.0,1.0
75.0,27.512472,16.0,45.309883,6.591473,0.0,0.0,100.0,-7.0,7.0,8.0,7.0,0.0,24.938751,9.0,0.0,0.0,32.049404,-8.0,2.0,1.0,1.0,50.0,1.0
68.0,174.44975,2.0,58.231125,48.71953,4.7987657,5.6567144,91.0,8.470184,4.0,5.0,48.73118,6.0,7.447925,0.0,9.448022,8.822228,20.069433,-8.0,4.0,2.0,0.0,41.969715,1.0
57.569435,189.75467,2.0,61.107094,27.0,0.0,0.0,83.462555,4.9156985,4.0,6.0,28.0,7.670289,45.23152,0.0,4.0,4.0,65.2596,72.4027,3.917377,3.0,1.0,75.0,1.0
59.32846,116.63831,2.0,-9.0,19.0,0.0,0.0,100.0,-7.0,7.0,8.0,23.0,5.0,9.396945,0.0,1.0,2.0,31.779402,95.66402,11.0,2.0,1.0,50.0,1.0
71.0,48.319096,14.0,-9.0,7.0,0.0,0.0,100.0,-7.0,7.0,8.0,3.9972472,0.0,74.089874,0.0,3.0,2.0,0.0,93.0,1.0,1.0,0.0,50.0,1.0
67.35715,88.65908,6.0,52.655434,16.208353,0.0,0.0,100.0,-7.0,7.0,8.0,17.824314,1.0,32.844585,-8.0,3.0,3.0,48.24279,-8.0,3.0,1.0,1.0,50.0,1.0
64.0,176.77753,6.0,86.19392,23.0,0.0,0.0,91.87756,32.34645,6.0,6.0,24.0,2.0,42.0,1.0,3.0,3.0,45.1535,-8.0,4.0,2.0,2.0,69.48285,1.0
-4.6193557,54.333454,4.76265,39.111366,33.19625,0.0,0.0,92.0,36.850986,6.0,3.878681,32.281033,6.0,30.0,0.0,3.0,3.0,107.69124,57.21367,20.952915,5.0,8.838779,100.0,1.0
-9.0,132.0879,19.378765,63.69229,11.0,0.0,0.0,70.79245,1.2648604,4.0,6.0,10.3742485,0.0,30.0,2.0,0.0,0.0,93.17939,-8.0,6.0,-5.959105,5.48943,83.0,1.0
54.10977,139.53955,5.0,46.484035,15.0,0.0,0.0,100.0,-7.0,7.0,8.0,18.0,3.0,30.160515,0.0,2.0,2.0,87.87108,71.39783,6.0,2.0,3.0,91.61487,1.0
-9.0,-8.346584,4.0,-9.0,12.0,0.0,0.0,100.0,-7.0,7.0,8.0,9.0,3.0,30.8965,0.0,0.0,0.0,58.220627,45.426147,9.0,2.0,5.1951485,100.0,1.0
81.0,131.44739,17.0,47.126747,10.496097,0.0,0.0,100.0,-7.0,7.0,8.0,9.0,0.0,56.749046,0.0,2.0,2.0,0.0,90.51921,2.0,1.0,0.0,57.0,1.0
-9.0,254.45906,4.0,59.640377,22.0,1.0,0.0,82.049164,-5.765118,-9.0,5.0,35.0,5.8935165,36.0,0.0,2.0,2.0,47.0422,93.0,10.515847,6.2020926,1.0,88.0,1.0
62.781418,-8.414105,2.0,-9.0,3.595779,0.0,0.0,100.0,-7.0,7.0,8.0,7.84424,4.0,43.0,-7.0,5.994243,6.214913,12.0,67.67479,2.0,3.0,0.0,75.604256,1.0
63.0,195.48303,1.0,41.307045,41.41084,2.4166837,0.0,95.51993,53.278133,6.0,3.0,41.979656,10.9742365,36.0,0.0,5.9658246,5.3344646,91.0655,-8.0,11.0,3.0,7.847363,100.0,1.0
-9.0,218.12367,11.6439295,84.0,18.0,1.0,0.0,68.56423,19.269823,4.0,4.0,19.0,0.0,46.90196,4.348495,0.0,0.0,84.6296,48.518097,4.0,3.0,3.0,78.51524,1.0
59.754055,227.50455,14.0,44.87823,-7.5000305,4.8305373,3.683313,60.62847,21.3219,6.0,4.014284,12.0,0.0,58.04923,0.0,2.0,2.0,89.88463,-8.0,1.0,2.0,0.0,88.14954,1.0
36.366955,232.33615,1.0,75.94734,25.0,6.8515954,5.0670695,82.24605,46.427223,6.0,3.0,26.475704,3.0,65.06496,-7.0,16.98043,17.067831,93.16132,41.70139,5.0,4.0,7.8672986,93.62581,1.0
-9.0,-9.0,4.0,-9.0,17.0,1.0,1.0,88.43474,12.437703,6.0,5.0,15.0,3.0,3.5465462,1.0,0.0,0.0,101.969635,75.826195,22.294508,1.0,6.4576774,94.31812,1.0
67.0,162.53285,5.0,57.623344,23.0,0.0,0.0,100.0,-7.0,7.0,8.0,23.593702,1.1552582,50.0,3.0,1.25714,1.0,40.95029,38.340534,3.0,2.0,1.0,81.39049,1.0
-9.0,130.40915,5.0,21.948423,34.225456,2.0,0.0,88.0,12.070126,6.0,3.120585,37.092297,9.526949,47.0,0.0,1.0,1.0,69.638916,80.62924,8.0,7.661682,2.0,88.014145,1.0
64.0,190.88043,2.0,42.27568,7.3080006,2.0,2.7420073,84.21287,4.0,4.0,5.0,10.105369,2.0,16.0,0.0,1.0,1.0,23.863153,-8.0,2.0,1.0,0.0,50.0,1.0
74.0,205.76984,2.0,66.93439,23.0,0.0,0.0,90.94559,11.022574,4.8981185,6.0,24.199173,4.0,55.190918,0.0,5.0,5.0,23.79227,41.3085,3.3590243,2.0,0.0,67.0,1.0
67.32015,104.99353,5.0,53.18145,24.0,2.0,1.6374888,88.0,51.33826,6.0,3.0,24.797527,2.0,53.184,0.0,0.0,0.0,68.19401,86.24286,4.1329813,4.0,2.0,88.0,1.0
0.5139268,134.06589,6.252394,38.251877,43.319546,0.0,0.0,91.40754,3.8196366,6.0,4.0,46.83606,1.8710958,35.0,11.0013275,0.0,0.0,69.81825,96.18855,20.531036,11.204926,10.8119755,100.0,1.0
59.56589,-8.0,1.0,-9.0,7.0485244,1.0,1.0,100.0,-7.0,7.0,8.0,9.0,9.392191,20.0,-7.0,2.0,2.0,42.053616,97.2413,4.0,1.2491226,1.0,80.0,1.0
63.95043,-9.0,4.2828703,-9.0,-9.0,0.0,0.0,100.0,-7.0,7.0,8.0,0.27981523,2.0,19.098269,6.0,0.0,0.0,76.592224,-8.0,3.0,1.0,0.0,84.06312,1.0
71.0,117.17854,1.0,2.9392707,6.1434245,0.0,0.0,100.0,-7.0,7.0,8.0,8.0,3.0,12.791992,1.0,2.0,2.0,33.75804,-8.0,4.0,-8.0,0.0,60.0,1.0
71.0,50.033966,3.0,40.66815,-9.0,0.0,0.0,88.0,20.436308,6.0,6.0,5.125098,1.0,68.578636,-3.3919308,2.0,2.0,-8.856649,89.731575,-9.0,1.0,0.0,42.309666,1.0
63.0,160.59247,9.0,50.666824,21.0,0.0,0.0,100.0,-7.0,7.0,8.0,22.0,1.0,32.728046,19.382584,0.0,0.0,94.71562,71.84487,4.0,3.0,3.597407,76.85752,1.0
62.0,120.48728,24.035866,62.806217,7.0,0.0,0.0,86.51348,2.0,6.0,6.0,6.1386995,0.0,28.0,2.0,3.0,3.0,94.892426,-8.0,3.0,1.0,2.0,72.86786,1.0
64.0,120.310196,11.0,65.08598,10.0,6.952179,2.0,56.571953,20.810095,6.0,2.0,10.0,1.0,91.9577,3.0,0.0,0.0,0.0,-8.0,1.0,3.0,-8.0,83.0,1.0
58.55995,79.91094,5.743576,31.634022,9.0,0.0,0.0,100.0,-7.0,7.0,8.0,10.0,1.0,44.0,0.0,3.0,2.0,79.400475,-8.0,2.0,1.0,2.0,75.0,1.0
57.93687,174.78859,11.0,55.743736,14.0,1.0,1.0,79.77547,4.0,6.0,5.0,15.0,0.0,32.761837,0.0,4.0,3.0,44.639503,-8.0,1.0,2.0,0.0,18.233706,1.0
61.56375,137.46626,35.466743,85.56505,10.0,0.0,0.0,70.685455,-7.0,4.0,6.0,11.663416,0.0,75.24489,0.0,3.37394,3.0,45.647694,62.898323,3.0,1.0,0.0,100.0,1.0
59.45851,159.99362,2.0,51.762768,15.0,0.0,0.0,100.0,-7.0,7.0,8.0,17.0,6.0,50.205975,1.0,1.0,1.0,61.47129,92.64673,5.0,5.0,1.0,88.46097,1.0
64.0,176.7803,7.0,49.026527,47.76128,4.377163,1.0,88.0,17.371094,6.0,2.3807306,59.139137,10.266451,57.252697,0.0,2.0,2.0,53.405006,75.75895,6.0,21.440962,0.0,75.0,1.0
72.0,123.99225,10.486933,36.66562,14.0,0.0,0.0,79.19902,53.90367,6.0,6.0,19.0,1.0,100.0,-7.0,2.0,2.0,-9.0,96.76655,-9.0,3.0,-9.0,100.0,1.0
79.0,170.9809,3.0,75.48332,12.245827,0.0,0.0,100.0,-7.0,7.0,8.0,13.0,2.0,46.94579,1.0,2.0,3.0,3.984685,34.90497,2.0,2.0,0.0,70.0,1.0
75.0,84.048454,35.00303,54.257538,6.2671657,0.0,0.0,100.0,-7.0,7.0,8.0,8.0,0.0,47.0,0.0,0.0,0.0,1.0,-8.0,2.0,1.0,0.0,55.465668,1.0
60.133076,132.65544,5.0,36.2083,36.2487,0.0,0.0,100.0,-7.0,7.0,8.0,35.0,6.7423353,19.0,0.8628071,1.0,1.0,68.06301,80.95862,18.429619,5.0,8.720483,75.0,1.0
62.48021,120.411514,20.063496,20.761879,4.2167106,0.0,0.0,100.0,-7.0,7.0,8.0,11.0,0.0,-9.0,3.0,1.0,1.0,105.09427,-8.0,5.0,-8.0,3.6284523,89.6377,1.0
70.0,107.01937,2.0,49.52168,36.0,0.0,0.0,100.0,49.31694,6.0,6.0,30.186111,4.0,1.3543661,0.0,1.0,1.0,27.326174,97.640785,8.0,2.0,2.0,57.70195,1.0
51.581547,154.00485,3.0,55.84041,16.0,0.0,0.0,100.0,-7.0,7.0,8.0,21.0,5.6248,37.0,0.0,2.0,2.0,22.963255,77.068054,5.0,5.936571,1.0,71.0,1.0
70.0,108.131165,2.0,-9.0,7.7673106,0.0,0.0,100.0,-7.0,7.0,8.0,11.0,5.0583305,77.8776,-7.0,2.0,2.0,0.0,80.0,1.0,2.0,0.0,83.0,1.0
72.0,331.00958,16.360844,62.539726,-7.8985853,1.0,0.0,66.39633,53.02127,6.0,6.0,7.773499,0.0,99.976036,0.0,7.876412,6.507279,-5.368181,68.131424,0.04400436,2.0,0.0,100.0,1.0
-9.0,4.873303,7.0,51.595383,20.874063,4.425035,2.8045518,73.03218,3.2296162,0.75983477,5.0,20.0,2.0,31.15021,1.0,3.0,3.0,61.78603,52.282673,7.0,3.0,2.0,80.0,1.0
60.702404,101.93333,0.53113496,6.7918787,19.0,0.0,0.0,100.0,-7.0,7.0,8.0,15.0,6.0,38.0,0.0,4.0,4.0,47.878696,80.17749,6.0,13.786508,3.0,91.747055,1.0
64.24241,44.398567,7.0,62.49873,25.0,0.0,0.0,100.0,-7.0,7.0,8.0,21.0,1.7565634,36.0,0.0,1.0,1.0,60.7269,94.66378,5.0,7.13914,5.7400036,88.040634,1.0
55.757008,114.25189,3.0,44.03843,-9.0,0.0,0.0,100.0,-7.0,7.0,8.0,0.3592961,1.0,44.0,0.0,4.0,3.0,68.98511,9.487237,1.0,1.0,0.0,80.0,1.0
-9.0,232.46848,4.0,40.247326,16.0,1.0,0.0,82.2483,10.700905,4.0,5.0,23.748314,3.0,13.326267,0.0,2.0,2.0,82.75554,71.0,10.542581,2.0252647,3.0,90.9168,1.0
63.0,149.31306,17.0,53.453285,-9.0,0.0,0.0,100.0,-7.0,7.0,8.0,0.73155844,0.0,87.76292,12.0,0.0,0.0,119.996254,-8.0,0.30268314,1.0,-9.0,91.96176,1.0
69.0,153.97867,2.0,50.988598,22.0,3.309023,0.0,91.0,18.18857,-1.231885,5.0,26.0,3.0,78.68209,8.589671,6.6585135,6.866022,23.891165,-8.0,2.0,4.0,0.0,90.86007,1.0
58.246803,149.01825,20.737207,70.63062,-7.6322803,0.0,0.0,2.1182964,18.0319,6.0,6.0,7.0,0.0,85.164116,0.0,2.0,3.0,71.339096,-8.0,1.0,-5.502387,0.0,76.1656,1.0
-9.0,130.89812,9.0,-9.0,-9.0,0.0,0.0,96.76865,-7.0,7.0,8.0,1.1051699,1.0,97.66516,-7.0,1.0,1.0,0.0,94.14817,1.0,1.0,-9.0,95.35098,1.0
61.442696,347.56113,-9.0,58.978085,7.5995708,0.0,0.0,100.0,-7.0,7.0,8.0,12.798592,6.0,33.0,0.0,2.0,2.0,94.81915,61.543262,3.0,2.0,1.0,88.0,1.0
69.0,187.10355,1.0,92.0,48.050636,1.0,2.0,91.0,31.419846,6.0,-0.7081952,44.428112,4.0,5.687618,0.0,4.0,3.329096,36.0,-8.0,9.169836,1.0,2.0,60.0,1.0
65.0,76.0861,2.5357056,-9.0,8.0,0.0,0.0,100.0,-7.0,7.0,8.0,15.0,6.0,22.0,-7.0,3.0,3.4686675,50.85399,49.160976,3.0,2.0,0.0,63.0,1.0
62.0,198.27376,1.0,57.15578,16.0,2.7709541,1.0,80.95291,64.8893,6.0,3.0,28.0,10.713232,63.89023,-7.0,4.0,4.0753675,79.81325,87.3117,3.0,4.6380773,0.0,100.0,1.0
-9.0,113.45593,5.0,57.58566,14.0,2.4522958,2.0,72.02393,-7.0,-9.0,4.0,22.0,4.0,81.13204,0.0,0.0,0.0,53.63908,99.777824,3.0,2.0,0.0,81.491135,1.0
65.30391,130.21875,12.0,49.79029,8.0,0.0,0.0,88.0,20.688673,6.0,6.0,9.0,1.0,30.0,0.0,0.0,0.0,6.0,-8.0,3.99848,1.0,0.0,80.0,1.0
68.0,99.646866,10.0,39.9677,22.0,1.0,0.0,92.0,44.45213,6.0,5.0,25.0,0.0,68.88323,0.8745712,1.0,1.0,21.0,43.704407,3.0,3.0,0.0,71.0,1.0
58.047073,68.74104,2.0,43.10808,19.0,2.0,1.3875256,100.0,-7.0,7.0,8.0,20.652803,3.0,55.15099,0.0,1.0,1.0,63.098576,48.46333,4.0,5.0,2.0,85.71775,1.0
63.0,165.77731,7.0,37.59268,16.0,3.7812338,1.7898339,88.0,11.2117815,4.0,3.0,17.0,6.0,29.0,2.0,2.0,2.0,29.46712,97.91425,3.0,4.0,0.0,50.0,1.0
64.08695,100.56792,2.0,37.17519,17.0,1.0,1.0,90.220695,41.01353,6.0,4.0,20.0,5.9162664,56.635185,0.0,1.0,1.0,86.53639,73.77455,3.0,2.0,2.0,73.0,1.0
59.725994,137.6975,18.752682,63.61287,26.0,0.0,0.0,100.0,-7.0,7.0,8.0,23.0,0.0,38.56296,1.0,3.0,3.0,115.58066,98.1904,9.0,4.0,8.754849,91.40725,1.0
73.0,244.1477,17.820906,81.0,16.0,0.0,0.0,100.0,-7.0,7.0,8.0,14.0,0.0,49.63299,-7.0,0.0,0.0,78.38788,70.367195,4.0,2.0,3.0,92.27215,1.0
-9.0,161.98763,3.6039596,-3.356868,9.671049,1.0,0.0,75.52475,3.0,6.0,5.0,13.0,3.0,24.659378,0.0,2.0,2.0,74.78649,-8.0,2.0,1.0,3.0,53.885944,1.0
-9.0,199.36015,26.708387,109.372,14.0,0.0,0.0,79.09261,9.82133,6.0,6.0,14.0,0.0,36.38677,0.0,5.0915136,5.9469857,106.634605,-8.0,3.0,2.0,1.0,78.0,1.0
55.360596,185.79883,5.0,61.0,14.0,6.7363276,5.271471,28.57035,5.9091444,4.0,2.0,15.0,3.0,33.0,0.0,6.0367064,5.767075,51.870724,79.07461,5.0,2.0,0.0,88.0,1.0
71.0,66.99195,2.0,36.75082,4.899027,0.0,0.0,100.0,-7.0,7.0,8.0,9.0,1.0,73.96293,2.0,1.0,1.0,31.035227,99.7052,1.0,2.0,1.0,65.2551,1.0
-9.0,76.85955,7.0,53.127846,9.0,2.0,3.6949668,88.0,-7.0,-9.0,5.4316006,12.0,2.0,47.089756,2.0,0.0,0.0,93.33929,100.0,4.0,1.0,1.0,100.0,1.0
66.0,90.334404,2.0,60.98739,20.0,1.0,1.0,94.0,48.246616,6.0,2.0,19.0,4.0,49.126324,2.8436568,0.0,0.0,76.82462,71.70877,3.3719614,2.0,0.0,100.0,1.0
26.258234,162.21805,26.000645,103.77557,12.0,0.0,0.0,87.67468,31.213343,6.0,6.0,11.0,0.0,14.0,0.0,9.445258,6.786441,119.97692,-8.0,7.0,1.0,10.284679,100.0,1.0
63.0,139.48486,21.001747,67.54997,8.923356,0.0,0.0,69.93115,3.6360216,3.0,6.0,11.0,0.0,25.433062,0.0,1.0,1.0,108.45378,-8.0,4.0,1.0,1.0854508,100.0,1.0
58.351284,163.90782,3.0,59.253815,9.21712,2.0,0.0,77.416695,52.07674,6.0,4.0,9.0,2.0,50.782322,0.0,1.6177953,1.0,118.893036,82.48118,4.0,3.0,1.0,100.0,1.0
71.0,105.37665,8.0,38.615505,19.0,0.0,0.0,88.0,8.093513,4.0,6.0,18.0,0.0,42.0,0.0,0.0,0.0,1.0,-8.0,1.2824086,1.0,0.0,57.0,1.0
9.655265,102.49269,6.0,36.738243,15.0,0.0,0.0,100.0,-7.0,7.0,8.0,15.0,3.0,19.0,10.826089,0.0,0.0,94.239746,57.13478,10.38694,2.0,9.38009,83.0,1.0
65.0,249.82195,16.693108,73.355774,7.8608537,1.0,0.0,72.97711,5.9360476,3.4178617,6.0,11.253401,0.0,88.29249,0.0,1.0,1.0,0.0,-8.0,0.0,2.0,0.0,50.0,1.0
58.49804,215.78221,7.0,59.705822,23.0,0.0,0.0,84.927475,23.08946,6.0,6.0,26.0,3.0,47.0,-7.0,2.0,2.0,88.98044,91.628624,5.0,5.0,3.0,90.53817,1.0
71.0,-8.0,4.0,-9.0,10.0,0.0,0.0,100.0,-7.0,7.0,8.0,6.2062783,3.0,-9.0,7.0,0.0,0.0,10.992723,64.64241,3.0,2.0,0.0,34.312523,1.0
69.0,125.5228,-9.0,-9.0,13.0,0.0,0.0,95.0,41.352592,6.0,6.0,15.0,6.0,58.55133,0.0,5.0,5.4975777,28.0,68.437454,2.0,4.775233,0.0,68.73791,1.0
62.122925,-8.0,1.7025067,12.417171,16.0,0.0,0.0,100.0,-7.0,7.0,8.0,15.0,4.0,-6.0666413,0.0,0.0,0.0,61.499065,-8.0,7.0,1.0,4.0,75.0,1.0
-9.0,208.8334,16.0,61.0,13.0,2.9081788,1.0,79.45325,2.1684148,-9.0,4.0,17.0,0.0,67.84405,5.0,3.0,3.0,71.89223,63.57981,2.0,2.0,1.0,80.0,1.0
56.700413,74.127396,35.016403,77.94929,6.198263,1.0,0.0,63.45625,1.0,4.02549,5.0,8.0,0.0,8.740596,1.0,2.0,1.0,116.03482,-8.0,5.343766,1.0,4.3738914,98.54162,1.0
71.0,79.92541,24.415468,71.32455,3.9322376,0.0,0.0,86.92745,16.004314,6.0,6.0,5.284121,0.0,36.0,3.0,0.0,0.0,87.85293,-8.0,2.0,1.0,1.0,100.0,1.0
59.81343,76.52191,13.371562,53.447758,3.3524692,0.0,0.0,100.0,-7.0,7.0,8.0,2.0087576,0.0,81.93762,0.0,0.0,0.0,-3.396502,-8.0,-9.0,1.0,-9.0,33.20031,1.0
65.56758,-9.0,2.0,-9.0,35.226433,0.0,0.0,100.0,-7.0,7.0,8.0,43.67146,9.693751,14.478565,2.0,0.0,0.0,36.259754,98.94997,7.0,2.0,1.0,67.0,1.0
-9.0,104.15256,4.0,56.229233,23.0,2.0,1.0,83.53139,-7.0,-9.0,3.0,24.0,3.0,50.0,0.0,14.490063,11.604507,73.75611,78.56073,5.0,6.3992705,0.0,76.90564,1.0
-9.0,8.67106,3.0,-9.0,7.7762146,0.0,0.0,84.641266,6.603313,4.0,6.0,6.7140045,7.935501,48.290203,0.0,3.0,3.0,56.75809,90.99193,4.0,2.0,0.0,87.21694,1.0
59.398598,119.10871,7.0,60.24672,18.0,1.0,1.0,100.0,-7.0,7.0,8.0,8.0,1.0,53.91734,-8.0,0.0,0.0,69.11679,-8.0,6.0,2.0,1.0,86.0,1.0
-9.0,103.70228,17.3813,31.777483,-9.0,2.0,1.0,76.66844,43.4009,6.0,2.0,-9.0,0.0,80.91205,0.0,0.0,0.0,119.703125,38.87156,1.0,1.0,0.0,100.0,1.0
70.0,139.6638,5.0,67.0,24.0,0.0,0.0,100.0,-7.0,7.0,8.0,21.011215,3.0,38.0,0.0,0.0,0.0,45.907684,-8.0,8.864531,1.0,3.0,83.0,1.0
71.518684,190.43094,1.0,65.0,24.0,0.0,0.0,96.0,71.51095,6.0,6.0,29.0,6.0,76.61704,-7.0,11.569302,12.056832,75.805595,-8.0,3.0,13.035902,1.0,90.88234,1.0
60.730194,-9.0,4.0,-9.0,11.439607,3.4143648,1.0,86.21306,24.327211,6.0,2.0,9.0,3.0,75.224045,0.0,1.0,1.0,0.0,-8.0,0.0,1.0,0.0,36.266365,1.0
-4.7874,150.61052,20.18776,59.034855,37.022053,8.639178,0.0,64.99062,11.133973,4.0,2.0,44.138237,1.0,75.32605,0.0,2.0,2.0,103.86865,98.935486,4.0,17.669039,4.7631106,88.77349,1.0
62.1394,165.55351,12.683645,37.367077,10.377543,0.0,0.0,100.0,-7.0,7.0,8.0,18.0,0.0,50.90435,-7.0,2.0,1.0,106.55782,28.576584,3.129868,4.0,2.0,100.0,1.0
58.94563,110.61291,25.153816,58.32475,19.0,2.0,1.0,75.149506,4.031685,6.0,5.0,15.0,0.0,45.84619,0.0,1.0,1.0,92.33264,64.04313,3.0,4.957847,0.0,73.0,1.0
59.88709,117.72115,1.0,32.01376,27.934437,3.0,0.0,85.958694,46.169865,6.0,5.0,32.0,10.768519,38.4358,0.0,4.7028184,4.055273,52.720585,95.82843,9.0,7.572262,1.0,100.0,1.0
68.0,283.7155,-9.0,75.0,20.0,0.0,0.0,100.0,-7.0,7.0,8.0,23.0,2.0,33.0,0.0,0.0,0.0,66.54651,61.69661,5.0,4.0,3.0,70.0,1.0
62.85697,171.00427,7.0,61.240334,25.158714,0.0,0.0,100.0,-7.0,7.0,8.0,26.0,2.0,56.83579,-7.0,2.0,2.0,93.95492,75.264725,6.0,7.3639617,4.450791,84.44455,1.0
68.0,-8.0,8.425695,-9.0,11.0,0.0,0.0,100.0,-7.0,7.0,8.0,13.0,0.0,77.593094,0.0,1.0,1.0,102.97644,67.72872,1.0,5.3988357,-8.787587,84.31902,1.0
64.0,125.8453,4.0,58.63712,26.0,0.0,0.0,94.0,35.72046,6.0,6.0,26.0,4.0,35.0,0.0,2.0,2.0,67.932465,98.02592,4.0,3.0,3.2384431,75.0,1.0
62.56291,162.76598,2.0,18.066582,18.686855,0.0,0.0,100.0,-7.0,7.0,8.0,22.739058,10.975469,56.225266,0.0,6.2338924,5.266324,40.897167,88.0,6.0,7.0505295,1.0,75.0,1.0
-9.0,-9.0,-9.0,-9.0,14.976207,0.0,0.0,100.0,-7.0,7.0,8.0,15.0,9.659809,30.0,0.0,15.619715,14.088055,30.399162,76.0,3.0,2.0,2.0,50.0,1.0
62.0,130.25256,2.0,-9.0,17.0,0.0,0.0,100.0,-7.0,7.0,8.0,19.944466,7.158395,17.0,3.0,1.0,0.0,40.886497,-8.0,9.0,1.0,3.380789,64.741165,1.0
63.0,132.02046,4.0,28.254171,30.0,0.0,0.0,100.0,-7.0,6.0,8.0,31.0,5.0,24.0,12.430923,0.0,0.0,61.267498,94.975136,11.0,4.0,2.0,75.0,1.0
54.97412,80.18699,10.0,26.72916,9.0,5.6063876,0.0,67.03305,21.655746,6.0,-9.0,13.0,1.0,29.0,0.0,0.0,0.0,70.17359,35.878616,5.0,2.0,1.0,100.0,1.0
64.12874,94.2427,8.0,6.6964293,7.111829,0.0,0.0,100.0,-7.0,7.0,8.0,4.349733,2.0,97.05004,0.0,5.0,5.150695,6.0,84.986374,0.47398502,3.0,0.0,100.0,1.0
61.46951,145.31062,15.423907,86.0,20.0,1.0,1.0,92.0,1.8105768,0.0,5.0,21.0,0.0,34.472614,0.0,4.0,4.0,70.32158,-8.0,7.0,2.0,1.0,88.56766,1.0
-9.0,165.68227,3.0,57.96268,15.0,0.0,0.0,90.0,7.6493173,6.0,6.0,17.322065,6.6343956,29.0,0.0,15.008778,15.376142,74.832405,-8.0,6.0,2.0,4.0,82.92805,1.0
55.05498,144.89955,21.430922,71.0,6.0,0.0,0.0,84.48244,5.0709224,4.0,6.0,7.0,0.0,61.884735,7.9587674,0.0,0.0,96.72544,78.89732,3.0,2.0,1.0,100.0,1.0
62.0,120.58674,2.0,16.437479,15.0,1.0,1.0,91.79489,2.0,4.0,4.0,20.0,9.06364,50.977818,0.0,3.0,2.0,3.0,75.12541,1.0,2.0,0.0,47.984554,1.0
66.66874,75.390205,10.0,-9.0,9.0,0.0,0.0,100.0,-7.0,7.0,8.0,8.653438,0.0,0.0,0.0,2.0,2.0,36.30891,-8.0,6.0,1.0,1.0,75.0,1.0
62.141785,95.212166,20.555279,31.648766,7.0737367,0.0,0.0,81.533356,4.0,6.0,6.0,4.6759405,0.0,52.99745,0.0,1.0,1.0,6.0,-8.0,1.0,1.0,0.0,50.0,1.0
73.935036,102.088295,8.0,69.68634,9.750977,0.0,0.0,100.0,-7.0,7.0,8.0,5.907292,0.0,69.67444,-7.0,0.0,0.0,77.5767,-8.0,3.0,2.0,1.0,100.0,1.0
62.0,100.352165,8.0,60.792065,16.0,1.0,1.0,79.32435,10.18528,4.0,5.0,15.0,1.0,30.0,9.607153,1.0,1.0,72.708595,76.0,6.0,2.0,2.0,80.85367,1.0
54.16741,128.77765,2.0,48.43324,18.0,3.0,1.0,31.839813,16.430384,4.0,4.891507,24.0,4.0,33.0,1.0,0.0,0.0,48.723454,94.658585,6.0,2.0,0.0,83.0,1.0
64.0,-9.0,3.731695,-9.0,15.0,0.0,0.0,100.0,-7.0,7.0,8.0,16.0,2.0,24.0,-7.0,1.0,1.0,55.239365,97.475204,6.0,2.0,1.0,73.0,1.0
63.0,72.077415,3.0,52.398552,25.820683,0.0,0.0,94.16419,21.088223,6.0,6.0,22.910177,3.0,15.545128,0.0,1.0,1.0,61.10056,99.55485,7.0,4.0,5.5935636,74.63383,1.0
40.920525,77.38743,26.129953,70.0,14.0,0.0,0.0,88.0,21.556242,6.0,6.0,13.210222,0.0,41.0,0.0,2.0,2.0,117.93806,58.8755,5.0,3.0,4.5398197,91.45952,1.0
-9.0,136.74213,16.415075,61.11165,15.0,0.0,0.0,85.795654,16.399784,6.0,6.0,16.601532,0.0,25.0,0.0,3.0,3.0,103.66301,-8.0,9.0,1.0,5.8529043,100.0,1.0
67.368675,151.51689,2.0,36.51136,11.637542,0.0,0.0,100.0,-7.0,7.0,8.0,11.0,4.0,33.0,3.5875452,2.0,2.0,43.278187,96.707306,5.0,2.0,1.0,71.0,1.0
62.0,-8.908393,5.0,-9.0,12.0,0.0,0.0,95.0,21.467827,6.0,6.0,10.412548,3.0,50.0,0.0,2.0,2.0,74.22214,95.41152,3.0,2.0,1.0,100.0,1.0
64.0,229.76117,34.67888,101.22761,13.0,0.0,0.0,89.0,4.5410223,6.0,6.0,14.274924,0.0,8.930411,-7.0,2.0,1.0,59.69762,-8.0,11.788759,1.0,4.4702287,100.0,1.0
56.154835,131.81511,-9.0,25.336079,5.4754796,1.2847182,1.0,83.074936,28.782894,6.0,5.6087976,10.0,3.0,42.0,0.0,6.509288,6.51711,65.043274,76.21761,3.0,2.0,1.0,67.0,1.0
56.935474,-8.0,5.0,-9.0,7.0,2.0,2.0,100.0,-7.0,6.0,8.0,9.0,1.9187843,58.09111,-7.0,1.0,1.0,59.10529,87.19567,2.0,3.0,1.0,85.45086,1.0
63.0,110.21572,33.21865,37.789444,-0.74647534,0.0,0.0,90.67934,-7.0,-9.0,6.0,3.9845352,0.0,98.53463,0.0,1.4700636,1.0,-4.628793,-8.0,0.0,1.0,-9.0,50.0,1.0
-9.0,67.25673,4.0,-9.0,6.0,1.0,0.0,91.0,7.3144703,4.0,6.0,3.9859312,3.0,25.357592,5.0,0.0,0.0,99.89523,91.58133,6.0,2.0,1.6865537,100.0,1.0
62.906853,95.486916,1.0,-9.0,-9.0,0.0,0.0,100.0,-7.0,7.0,8.0,0.22470133,5.0,55.40499,-8.0,4.0,4.0,36.0,-8.0,1.0,2.0,0.0,100.0,1.0
54.233345,52.622707,1.0,-9.0,8.0,0.0,0.0,100.0,-7.0,7.0,8.0,9.0,9.917029,39.0,0.0,2.0,2.0,86.02855,93.0,2.0,4.0,1.0,75.0,1.0
-9.0,133.012,6.0,15.753691,8.5866165,0.0,0.0,90.0,17.625336,4.0,6.0,10.053005,2.0,47.0,0.0,3.0,3.0,99.355835,69.01196,4.0,4.0,2.0,100.0,1.0
66.65185,86.04163,23.617453,55.08555,0.66206163,2.014068,0.0,76.02582,8.320261,3.0533857,2.0,3.9900825,0.0,57.440334,16.0,0.0,0.0,32.301888,-8.0,1.0,1.0,0.0,44.62718,1.0
51.55506,-8.0,9.6687765,23.035362,29.0,0.0,0.0,100.0,-7.0,7.0,8.0,32.0,1.0,60.34766,2.0,0.0,0.0,109.81426,9.990097,8.0,12.772741,4.565796,91.18769,1.0
65.0,144.16006,10.0,44.58841,9.0,3.0,3.4302106,71.95358,33.953033,6.0,-9.0,13.103044,2.0,42.0,0.0,2.0,2.0,69.29611,80.51658,2.0,3.0,0.0,80.0,1.0
66.0,131.51416,2.0,38.51945,12.0,3.115534,2.0,85.762726,13.649048,4.228971,3.6491315,15.0,4.0,19.0,0.0,1.0,1.0,6.0,84.02638,2.0,2.0,0.0,67.0,1.0
54.67787,169.97095,28.742193,84.0,10.0,1.0,0.0,12.453611,6.064949,5.454616,2.0,15.0,0.0,96.7427,0.0,1.0,1.0,82.86665,63.769936,2.0,2.0,0.0,100.0,1.0
64.0,156.48576,1.0,44.36488,8.0,0.0,0.0,100.0,-7.0,7.0,8.0,12.0,3.0,33.0,0.0,3.9637284,4.0,71.01578,-8.0,3.0,1.0,2.0,81.56444,1.0
60.54485,108.63115,4.0,10.328589,11.0,1.0,1.0,100.0,-7.0,7.0,8.0,9.0,3.0,-9.0,16.0,1.0,1.0,55.567436,-8.0,6.0,-9.0,0.0,78.0,1.0
65.0,-9.0,4.0,-9.0,4.736891,0.0,0.0,100.0,-7.0,6.0,8.0,3.2854295,3.0,50.0,0.0,3.0,3.0,29.395367,86.50242,2.0,2.0,0.0,80.0,1.0
-9.0,134.43678,4.0,54.325275,18.0,0.0,0.0,100.0,-7.0,7.0,8.0,19.0,4.0,30.0,2.0,1.0,1.8681374,87.22027,100.0,8.0,4.0,10.388729,75.0,1.0
68.0,-8.288553,10.210508,-9.0,-9.0,0.0,0.0,100.0,-7.0,7.0,8.0,-9.0,1.0,97.09813,1.0,0.0,0.0,35.692898,-8.0,1.0,2.0,0.0,100.0,1.0
82.0,271.96918,41.511055,89.56086,6.0,0.0,0.0,100.0,-7.0,7.0,8.0,6.5172415,0.0,50.0,0.0,2.0,2.0,24.411516,-8.0,2.0,-9.0,0.0,78.34728,1.0
-9.0,117.54461,21.957043,58.0,-6.009398,2.0,1.0,29.99655,31.999609,6.0,2.1170971,1.4509646,0.0,93.13448,5.3727107,0.0,0.0,119.9196,67.86498,1.0,2.0,1.0,100.0,1.0
64.0,73.60567,1.0,36.049362,22.0,0.0,0.0,96.0,41.048744,6.0,6.0,24.0,4.0,14.958598,7.0,0.0,0.0,83.61085,53.871216,6.0,2.0,2.0,67.0,1.0
60.02688,167.32884,3.0,55.02328,8.0,9.369222,8.817758,76.32437,36.652073,5.0,3.2196698,9.863808,3.0,35.0,0.0,4.0,3.879534,42.405148,97.35054,2.0,2.0,0.0,67.0,1.0
75.0,182.11812,13.333148,67.27609,10.071052,0.0,0.0,100.0,-7.0,7.0,8.0,11.0,0.0,84.97239,0.0,2.0,2.0,85.24641,-8.0,1.0,2.0,0.0,100.0,1.0
75.0,138.06548,-9.0,61.756176,16.178686,0.0,0.0,100.0,-7.0,7.0,8.0,24.0,6.0,23.694414,0.0,16.099804,15.92471,10.0,-8.0,6.0,2.0,0.0,71.0,1.0
60.863766,-8.0,8.801172,-9.0,4.3909473,0.0,0.0,100.0,-7.0,7.0,8.0,7.0,0.0,99.38708,0.0,0.0,0.0,0.0,98.13021,0.0,3.0,-9.0,58.0,1.0
66.844444,35.735104,4.0,-9.0,-9.0,0.0,0.0,100.0,-7.0,7.0,8.0,-6.8830523,2.0,35.95377,0.0,0.0,0.0,5.78788,93.34878,2.0,2.0,0.0,79.883705,1.0
-9.0,185.4593,4.0,57.6071,12.0,0.0,0.0,71.21423,1.6395438,3.0,6.0,8.018276,2.0,39.280476,1.0,0.0,0.0,29.729504,51.976044,4.0,2.0,0.0,83.0,1.0
70.0,-9.0,27.416037,17.041693,10.0,0.0,0.0,85.62318,15.201322,4.0,6.0,5.409204,0.0,77.48997,-8.0,0.0,0.0,0.0,81.61666,0.0,3.0,0.0,85.05135,1.0
61.180065,261.8949,6.0,72.71224,20.0,0.0,0.0,92.0,17.249529,6.0,6.0,21.0,3.0,41.876488,0.0,6.1971393,5.7632456,82.944664,81.88713,5.0,3.0,1.0,83.0,1.0
-9.0,37.140537,6.0,-9.0,12.0,0.0,0.0,100.0,-7.0,7.0,8.0,10.0,4.0,45.0,0.0,0.2831672,1.0,68.48798,-8.0,3.0,2.0,1.0,63.0,1.0
63.859142,-9.0,14.687033,24.32374,12.0,0.0,0.0,100.0,-7.0,7.0,8.0,10.333025,0.0,37.0,0.0,0.0,0.0,99.05061,45.15582,2.0,3.0,2.0,78.0,1.0
62.0,198.44287,5.0,83.030266,16.261555,3.096003,1.0,70.83206,26.731346,6.0,2.0,21.468767,2.0,31.0,-7.0,7.881035,6.6751256,46.392532,91.00979,5.0,2.0,0.0,50.0,1.0
33.54262,241.23903,3.0,50.086338,29.0,1.3043098,0.0,85.77467,18.475012,6.0,3.0,41.399952,4.0,38.0,0.0,2.0,1.8752756,44.874153,94.45255,5.0,17.55731,2.1530623,83.0,1.0
-9.0,131.87416,2.0,62.205967,23.0,0.0,0.0,92.0,27.34846,6.0,6.0,17.0,7.345667,44.048347,3.0,1.0,1.0,109.214676,98.50306,6.0,3.0,3.0,73.0,1.0
-9.0,-9.0,9.97547,-9.0,-9.0,0.0,0.0,100.0,-7.0,7.0,8.0,0.29262164,1.0,99.35567,0.0,1.0,1.0,93.706764,73.40003,2.0,1.0,2.0,100.0,1.0
63.0,159.98152,13.0,42.905994,8.890285,10.424237,8.885365,63.87469,46.73337,6.0,-2.733396,10.0,0.0,67.35264,-7.0,1.0,1.0,71.42766,-8.0,1.0,2.0,0.0,100.0,1.0
65.0,85.73635,3.0,18.020441,12.0,3.0,2.0,94.0,15.078269,0.0,6.0,16.0,4.0,85.1186,-7.0,0.0,0.0,79.47851,99.63717,2.0,3.0,0.0,100.0,1.0
-9.0,125.71182,15.0,39.31649,18.0,0.0,0.0,85.55313,-7.0,0.0,6.0,27.0,1.0,9.457336,0.0,1.0,1.0,72.78903,7.9665136,9.488926,1.0,1.0,100.0,1.0
66.0,130.78493,3.0,61.592598,21.0,0.0,0.0,100.0,-7.0,7.0,8.0,24.0,2.0,27.0,0.0,3.0,3.0,66.33416,69.3731,9.161297,3.0,3.0,80.0,1.0
67.0,216.72647,9.0,86.62233,20.35132,0.0,0.0,95.0,22.582508,6.0,6.0,19.0,1.0,33.0,0.0,2.0,2.0,73.256676,-8.0,5.0,2.0,4.0,80.0,1.0
-9.0,-2.7660291,3.0,-9.0,15.189064,5.172427,5.838247,100.0,-7.0,6.0,8.0,17.0,10.9730835,42.791214,0.0,4.0,4.207804,17.0,16.059278,3.0,4.167864,1.0,50.0,1.0
68.0,212.28665,3.0,16.44797,6.0,3.2193112,1.4923637,84.7359,30.921663,6.0,2.7032387,15.03899,4.0,27.0,0.0,2.0,2.0,64.583885,76.374275,3.0,3.0,0.0,100.0,1.0
66.0,212.87163,3.0,68.0,15.0,0.9625146,0.0,83.09365,24.406883,4.0,5.753699,16.192556,2.0,21.0,0.0,1.0,1.0,34.173073,-8.0,6.0,2.0,2.0,75.0,1.0
64.0,113.492744,7.0,54.119797,30.701317,0.0,0.0,94.90896,14.626903,6.0,5.8813386,31.0,2.0,71.16479,0.0,2.0,2.0,53.766644,90.01471,3.0,7.627258,1.0,76.35008,1.0
56.61822,173.44987,37.386055,83.0,-9.0,1.3174821,1.0,70.52045,26.79834,6.0,4.935307,6.969704,0.0,92.510925,-7.0,1.0,1.0,50.077972,76.33161,1.4131675,1.0,0.0,100.0,1.0
1.4545014,133.82368,3.0,-9.0,7.0,0.0,0.0,100.0,-7.0,7.0,8.0,9.0,3.0,29.0,3.5057726,1.0,1.0,114.210205,-8.0,5.0,-8.0,3.0,100.0,1.0
63.443943,-9.0,5.0,-9.0,10.88919,0.0,0.0,100.0,-7.0,7.0,8.0,11.518684,3.0,30.0,0.0,0.0,0.0,72.7938,83.13351,4.0,2.0,1.0,74.870865,1.0
62.285954,88.13676,2.0,-9.0,21.0,0.0,0.0,100.0,-7.0,7.0,8.0,23.653877,6.579895,50.0,-7.0,1.0,1.407733,65.2461,86.05548,5.0,10.970484,1.0,80.0,1.0
62.4026,223.65494,42.20721,89.68332,15.0,0.0,0.0,82.54145,4.472708,4.0,6.0,17.0,0.0,14.791163,0.0,3.0,3.0,90.28387,-8.0,3.0,-8.0,4.6329,91.40671,1.0
-4.5250387,240.39743,7.0,97.631996,21.0,0.0,0.0,70.57895,1.83027,0.0,5.0,24.0,2.0,17.0,0.0,5.0,4.665669,73.01456,72.3943,12.716815,2.0,10.707486,88.453926,1.0
62.0,104.50944,7.0,58.0,17.0,0.0,0.0,100.0,-7.0,7.0,8.0,16.096565,1.0,10.864336,2.0,1.0,1.0,94.85729,-8.0,5.0,1.0,3.0,67.7704,1.0
66.0,83.74529,5.0,-9.0,22.79704,2.0,1.6417147,95.0,4.0,4.0,4.0,26.0,10.576466,72.36136,2.0,0.0,0.0,19.0,97.52589,2.0,4.0,0.0,71.0,1.0
65.0,139.489,-9.0,45.03246,25.0,0.0,0.0,100.0,-7.0,7.0,8.0,28.0,5.0,48.683712,0.0,2.0,3.0,70.65972,84.011765,4.0,3.0,3.0,71.0,1.0
57.521732,200.16678,3.0221217,77.0,26.0,2.6425736,1.6838652,90.57728,-7.0,-4.388276,2.0,34.0,4.0,41.195282,0.0,4.0,4.0,48.741673,94.87015,6.0,2.0,1.0,70.0,1.0
67.0,281.8315,8.755861,70.556305,28.579607,1.0,0.0,82.77791,24.633532,6.0,5.0,43.30662,2.0,69.9404,0.0,5.0,4.4794297,34.77129,-8.0,4.0,4.0,0.0,80.0,1.0
65.38161,270.66714,6.0,78.410515,20.0,1.0,1.0,84.51059,20.441124,6.0,5.0,21.0,2.0,29.0,0.0,4.0,3.719095,40.62751,-8.0,4.0,1.0,0.0,75.0,1.0
-9.0,81.47095,6.0,64.25103,14.0,1.0,1.0,80.66711,6.828178,5.0,5.0,19.0,2.0,33.0,0.0,2.0,2.0,111.73193,-8.0,5.0,1.0,4.4846425,80.0,1.0
63.808064,99.45099,4.0,43.186832,31.0,0.0,0.0,100.0,-7.0,6.0,8.0,31.0,6.0073843,24.0,3.0,0.0,0.0,35.524395,97.0882,10.055137,4.0,1.0,78.0,1.0
59.478405,40.019043,4.0,-9.0,14.0,0.0,0.0,100.0,-7.0,7.0,8.0,12.0,5.4969764,40.0,0.0,2.0,2.0,79.779755,-8.0,4.036969,3.0,1.0,87.23924,1.0
62.525776,86.37661,11.997016,29.247055,17.0,0.0,0.0,100.0,-7.0,6.0,7.0,19.0,0.0,37.0,1.0,1.0,1.0,83.77661,52.748417,4.0,3.0,3.0,90.34397,1.0
67.0,139.83005,33.90165,66.01613,-8.700398,1.1685336,1.0,100.0,-7.0,7.0,8.0,4.98397,0.0,43.55477,-7.0,0.0,0.0,92.36123,-8.0,0.13776463,-8.0,0.0,100.0,1.0
68.276115,124.15818,13.0,63.0,10.0,0.0,0.0,100.0,-7.0,7.0,8.0,9.92689,0.11637491,35.033615,0.0,0.0,0.0,8.0,-8.0,2.0,1.0,0.0,75.0,1.0
68.0,111.786156,4.0,41.80815,24.0,1.0,0.0,93.0,47.408283,6.0,3.0,22.0,5.4921923,65.40299,0.0,0.0,0.0,41.45201,69.22257,5.0,2.0,0.0,80.0,1.0
69.18415,84.54154,5.0,-9.0,13.0,0.0,0.0,100.0,-7.0,7.0,8.0,9.0,1.0,29.0,0.0,1.2982314,1.0,1.0,70.915474,1.0,2.0,0.0,44.07894,1.0
65.0,157.8024,7.0,68.0,18.0,2.0,1.0,77.80603,26.115814,6.0,2.0,20.0,2.0,54.088287,0.0,2.0,2.0,36.8924,39.633636,3.0,3.0,0.0,78.0,1.0
64.0,265.68552,2.0,85.7767,47.6608,1.0,1.0,89.0,35.778725,6.0,2.0,63.60499,4.0,35.0,0.0,3.0,3.0,51.786545,65.12295,6.0,16.992601,5.9133863,64.0,1.0
-9.0,109.84672,6.0,7.8569894,6.0,0.0,0.0,92.0,11.152269,6.0,6.0,5.333743,6.0,92.11127,-8.0,2.0,2.0,-2.772409,74.068214,-9.0,2.0,-9.0,60.0,1.0
56.24536,211.61116,25.05815,84.765495,9.0,0.0,0.0,79.531364,4.0,4.0,5.0,8.80688,0.0,49.560566,0.0,3.0,3.0,94.55311,51.37108,3.5321083,2.0,0.0,92.78178,1.0
68.0,164.23895,11.0,77.98009,14.0,0.0,0.0,100.0,-7.0,7.0,8.0,17.161299,0.0,17.0,-7.0,1.7410743,1.9038507,61.740917,-8.0,5.0,1.0,2.0,70.0,1.0
73.0,148.75542,17.996641,53.328773,9.0,0.0,0.0,83.09058,36.964024,6.0,6.0,9.0,0.0,77.353714,0.0,0.0,0.0,54.390835,-8.0,2.0,1.0,0.0,100.0,1.0
24.848345,76.67653,30.366291,-9.0,-9.0,3.0,0.0,67.727425,-7.0,-9.0,4.0,3.0985165,0.0,99.64756,-7.0,2.0,1.0,0.0,60.236713,0.0,1.0,0.0,80.0,1.0
68.46701,94.24809,16.0,4.808658,6.0,0.0,0.0,100.0,-7.0,6.0,8.0,5.4806423,0.0,98.51032,0.0,1.0,0.7440632,0.0,48.27686,1.0,1.0,0.0,55.57807,1.0
69.86546,110.34443,11.0,17.8736,10.0,0.0,0.0,100.0,-7.0,7.0,8.0,9.0,1.0,71.12011,0.0,0.0,0.0,36.0,-8.0,2.0,-8.0,0.0,56.00589,1.0
69.0,125.700096,8.0,13.26463,9.734362,0.0,0.0,100.0,-7.0,7.0,8.0,5.868791,1.0,72.00495,0.0,0.0,0.0,79.6267,100.0,1.0,2.0,0.0,84.99893,1.0
65.70408,-2.2540548,13.0,-9.0,4.523141,0.0,0.0,100.0,-7.0,7.0,8.0,5.319409,0.0,68.29039,0.0,2.0,1.0,119.830826,71.669075,1.0,3.0,0.0,100.0,1.0
56.765274,214.2381,20.330536,61.0,19.901981,0.0,0.0,76.73381,3.0,4.0,5.0,24.0,0.0,33.0,0.0,3.0,3.0,62.723995,-8.0,8.835185,2.0,1.9376713,90.06377,1.0
61.464424,190.43282,2.0,57.92553,15.0,1.9530282,2.0,84.99938,6.8377934,6.0,-9.0,17.0,6.0,50.0,0.0,0.0,0.0,46.729504,76.0,2.0,1.0,0.0,50.0,1.0
-9.0,-9.0,-9.0,-9.0,-9.0,-9.0,-9.0,-9.0,-9.0,-9.0,-9.0,-9.0,-9.0,-9.0,-9.0,-9.0,-9.0,-9.0,-9.0,-9.0,-9.0,-9.0,-9.0,1.0
66.0,118.20761,8.0,49.95377,18.66487,4.9328136,3.8888905,77.79493,13.865008,3.965135,2.5049198,19.17975,2.0,44.0,0.0,0.0,0.0,56.78949,48.502014,3.0,3.0,0.0,70.0,1.0
64.38213,85.76758,2.0,34.87587,18.0,0.0,0.0,89.34824,81.52248,6.0,6.0,19.0,5.681521,37.022297,0.0,1.0,1.0,34.129154,11.265896,7.0,6.0,0.0,78.82313,1.0
69.24126,164.93056,20.457462,49.856167,5.5652056,1.0,1.0,87.72825,24.538416,4.3051167,5.975466,9.0,0.0,22.0,0.0,2.050496,2.0,70.75074,-8.0,2.0,2.0,0.0,100.0,1.0
65.23247,82.40647,3.0,29.625164,9.0,0.0,0.0,100.0,-7.0,7.0,8.0,7.0,3.0,47.0,0.0,4.0,4.0,56.045425,-8.0,2.0,2.0,1.0,75.0,1.0
62.91148,102.34351,11.0,-2.7885787,22.010738,0.0,0.0,97.0,24.44803,4.0,6.0,23.0,0.0,18.0,3.0,1.0,1.0,67.07596,84.67337,7.0,2.0,2.0,80.0,1.0
-9.0,254.0133,6.0,40.780514,12.0,10.639592,8.738814,-9.0,9.47162,4.0,5.0,34.0,1.0,99.86945,0.0,2.0,2.0,27.813124,70.765,1.0,7.8655047,-9.0,80.0,1.0
55.468376,118.54332,-9.0,30.510853,19.0,0.0,0.0,100.0,-7.0,7.0,8.0,20.0,10.940047,27.99441,0.0,1.0,1.0,101.29707,-8.0,6.0,4.0,4.0,88.0,1.0
65.882614,133.84175,1.6908822,34.29811,13.0,0.0,0.0,89.0,23.672882,6.0,6.0,16.0,4.0,27.0,0.0,2.076307,3.0,0.0,100.0,1.0,4.0,0.0,61.63407,1.0
59.529873,134.06934,32.02071,42.250195,-9.0,0.0,0.0,97.0,-7.0,6.0,8.0,-2.3310072,0.0,33.0,-8.0,0.0,0.0,78.09128,-8.0,1.0,-8.0,-9.0,100.0,1.0
-9.0,-9.0,6.0,-9.0,0.28678167,0.0,0.0,83.21593,12.796927,6.0,6.0,-9.0,1.0,29.0,0.0,2.0,2.0,111.85745,-8.0,3.0,1.0,0.0,84.32737,1.0
63.0,46.30289,4.0,28.343037,10.991165,0.0,0.0,100.0,-7.0,7.0,8.0,15.645444,1.2781447,13.370676,0.0,3.0,3.0,44.551968,78.86282,4.0,2.0,2.7535124,57.017452,1.0
73.0,-8.268488,15.0,-9.0,-9.0,0.0,0.0,100.0,-7.0,7.0,8.0,-9.0,0.0,99.99924,-7.0,1.0,1.0,-9.0,-8.0,-9.0,1.0,0.0,100.0,1.0
63.0,134.372,3.0,58.0,22.0,5.4815745,1.0,88.0,4.0,0.26246065,2.0,26.0,5.339578,74.10812,4.0,2.0,2.0,12.0,88.0,3.0,6.712813,1.0,75.0,1.0
60.591015,258.00073,13.0,76.71538,13.0,4.499487,0.0,60.697384,15.737907,4.0,3.0,16.912807,0.0,66.77795,0.0,1.0,1.0,119.67109,2.2946854,2.0,1.0,2.0,88.0,1.0
51.127052,197.88821,5.0,70.0,31.45452,2.0,1.0,82.07771,3.0719936,4.0,4.0,39.96571,4.0,24.0,1.0,2.0,2.0,38.367634,82.41694,9.968942,4.0,2.0,80.0,1.0
-9.0,152.65042,9.738937,65.17088,26.0,0.0,0.0,92.130646,-7.0,-8.168146,6.0,27.440538,2.0,67.30395,0.0,4.0,4.0,94.91982,82.41096,7.0,21.065157,10.497521,100.0,1.0
61.694515,125.39827,1.0,42.960255,21.0,0.0,0.0,89.0,17.774088,6.0,6.0,21.0,4.0,32.0,0.0,5.0290565,5.0,39.56892,92.08413,5.0,3.0,1.0,71.0,1.0
-9.0,147.29636,8.593517,77.39127,12.0,7.891831,7.0864553,-9.0,2.0,3.0,2.0,15.719613,0.0,35.0,4.0,1.0,0.0,108.68635,94.409035,3.0,3.0,2.0,86.0,1.0
65.0,142.20227,3.0,49.58155,22.333002,1.0,1.0,84.8354,17.060633,4.0,4.5646358,22.0,4.0,14.331186,-7.0,1.0,1.0,6.0,-8.0,4.0,2.0,0.0,46.273674,1.0
68.0,225.83543,3.0,83.687805,7.6072645,0.0,0.0,90.15875,35.94932,6.0,6.0,9.0,3.0,11.3303795,9.936637,0.0,0.0,71.76878,-8.0,4.0,1.0,1.0,71.0,1.0
64.0,231.36333,4.0,52.112335,5.2601423,1.0,0.0,72.17319,13.805553,6.0,4.0,8.48765,2.0,36.0,0.0,1.0,1.0,50.559124,58.963818,2.0,1.0,0.0,69.96932,1.0
64.0,125.981575,8.0,45.54957,10.0,0.0,0.0,100.0,-7.0,6.0,8.0,7.1636457,2.0,57.244648,0.0,1.0,1.0,34.7306,-8.0,2.0,1.0,0.0,50.0,1.0
59.71195,170.50555,2.0,44.461735,5.351593,1.0,1.0,84.38489,21.788773,6.0,5.0,7.0,3.0073774,47.63092,1.0,1.0,1.0,30.038391,-8.0,2.0,1.0,0.0,89.34339,1.0
65.08069,127.354965,3.0,41.88707,12.0,0.0,0.0,100.0,-7.0,7.0,8.0,12.0,3.0,36.0,0.0,0.0,0.0,93.38103,93.0,3.0,3.0,2.0,81.5627,1.0
68.0,173.84221,12.0,57.461346,14.356586,1.0,1.0,100.0,-7.0,6.0,8.0,14.843521,0.0,-1.672095,0.0,2.0,1.3364217,64.90008,-8.0,5.0,1.0,1.0,76.089325,1.0
70.0,76.17088,9.0,-9.0,6.4306664,0.0,0.0,100.0,-7.0,7.0,8.0,5.3969674,1.0,25.0,0.0,0.0,0.0,102.39804,-8.0,2.0,1.0,0.0,85.777664,1.0
62.541153,152.21126,16.0,62.686718,-2.9517124,0.0,0.0,100.0,-7.0,7.0,8.0,6.909541,0.0,77.84183,0.0,0.0,0.0,71.07127,-8.0,1.0,1.0,-9.0,100.0,1.0
72.27738,108.03493,11.0,33.918964,5.46471,0.0,0.0,86.899,28.982252,6.0,6.0,4.3900623,1.0,31.0,0.0,0.0,0.0,1.8760034,93.36142,2.0,2.0,0.0,35.511486,1.0
67.0,176.3964,2.9870625,61.176727,30.0,2.594284,0.0,88.12144,40.361744,6.0,4.0,34.0,3.0,63.32305,-7.0,5.325237,6.295506,71.405205,100.0,4.0,3.0,2.0,82.80221,1.0
56.636826,165.7537,6.0,63.0,34.442993,0.0,0.0,100.0,-7.0,7.0,8.0,38.0,2.0,19.0,0.0,2.0,2.0,74.664024,70.29377,12.686959,3.0,10.700589,75.0,1.0
65.0,176.81201,17.0,93.85732,24.033932,0.0,0.0,85.57631,-5.744208,6.0,6.0,38.0,0.0,71.80685,-7.203817,2.0,1.0,0.0,10.134428,2.0,4.0,0.0,100.0,1.0
56.93809,157.91985,1.0,45.410027,19.494276,1.0,0.0,74.14359,19.945572,6.0,5.0,22.804441,2.0,52.449936,4.6340103,1.0,1.0,109.47197,80.17869,4.695709,5.0,2.0,100.0,1.0
63.0,-8.0,5.0,-9.0,8.0,0.0,0.0,100.0,-7.0,7.0,8.0,7.38761,3.8455896,68.45933,0.0,0.0,0.0,28.0,91.0,2.0,2.0,0.0,76.54584,1.0
69.0,74.6773,15.667759,27.82301,10.623394,0.0,0.0,100.0,-7.0,7.0,8.0,9.0,0.0,20.0,0.0,0.0,0.0,60.302887,88.85611,6.0,2.0,0.0,85.64989,1.0
-9.0,115.44887,21.531002,30.759918,12.074872,0.0,0.0,90.552795,-7.0,3.0,6.0,11.0,1.0,69.02756,0.0,1.5714749,1.0,119.994156,61.70519,3.0,5.102992,0.0,100.0,1.0
60.153122,-9.0,2.0,-9.0,16.0,1.0,0.0,90.54622,63.771755,6.0,5.0,17.996479,6.0138106,27.0,-7.0,5.696133,5.4252806,30.555826,-8.0,10.710174,2.0,0.0,73.0,1.0
-9.0,129.60071,4.0,25.084974,-9.0,0.0,0.0,91.16282,5.794606,6.0,6.0,8.339467,2.0,14.978937,0.0,5.0,5.0,78.341545,-8.0,4.0,1.0,1.0,96.36857,1.0
62.34081,77.3649,7.0,32.513676,14.0,0.0,0.0,92.0,45.747063,6.0,6.0,15.0,1.0,55.091995,-7.0,0.0,0.0,94.33954,91.927536,3.0,3.0,1.0,77.71756,1.0
69.0,177.25464,7.0,55.93364,27.0,0.0,0.0,92.0,34.72754,6.0,6.0,29.0,1.0,30.0,0.0,1.0,0.050389316,46.06546,85.16053,6.0,3.0,1.0,67.66926,1.0
58.65078,159.72656,2.0,64.70291,12.0,3.0,2.0,91.08184,-7.0,-9.0,6.0,14.548473,3.0,61.09421,0.0,3.0,3.0,11.0,92.90858,1.0,5.0,0.0,75.0,1.0
54.9787,-9.0,2.0,-9.0,4.913907,0.0,0.0,91.0,25.669502,6.0,6.0,5.259467,5.0,32.0,4.0,0.0,0.0,66.96346,135.59966,4.0,3.0,1.4103527,89.83863,1.0
61.71987,68.17835,-9.0,-9.0,32.0,0.0,0.0,100.0,-7.0,6.0,8.0,41.31818,10.99881,39.0,0.0,5.071849,4.9379597,31.061047,71.0,8.0,7.0605373,0.0,78.0,1.0
46.42742,125.421875,8.0,71.872086,14.0,1.2881182,1.0,56.063663,10.6487055,4.0,5.0,14.0,2.0,50.0,0.0,6.359368,6.093574,100.29807,-8.0,4.0,2.0,2.6159384,100.0,1.0
70.0,169.76115,1.0,80.0,14.0,0.0,0.0,100.0,-7.0,7.0,8.0,11.0,3.0,49.611908,0.0,1.0,1.0,66.645966,-8.0,4.0,1.0,1.0,88.0,1.0
-9.0,164.7768,21.491665,74.862206,18.0,0.0,0.0,93.83268,24.880272,6.0,6.0,18.0,0.0,40.672398,-7.0,17.399063,17.660944,119.288376,68.95844,6.0,4.0,4.0,100.0,1.0
64.0,-8.0,9.0,43.27843,24.0,0.0,0.0,100.0,-7.0,7.0,8.0,20.0,1.0,28.0,12.790953,0.0,0.0,64.219765,-8.0,7.368543,2.0,1.0,98.80847,1.0
64.922134,20.189728,3.0,65.0,17.0,0.0,0.0,100.0,-7.0,7.0,8.0,3.1659822,4.0,31.0,0.0,5.0,5.0,59.030064,96.892845,4.0,2.0,1.0,57.0,1.0
68.0,254.31772,6.0,75.0,19.832668,1.0,0.0,96.0,5.7130556,2.7775025,5.0,18.0,3.0,22.0,2.0,1.0,1.0,40.195045,97.70413,9.0,2.0,0.0,75.0,1.0
70.0,92.18309,5.0,-9.0,4.3232746,0.0,0.0,100.0,-7.0,7.0,8.0,4.439369,1.0,85.8113,0.0,0.0,0.0,0.0,42.132698,0.0,1.0,-8.906385,80.71747,1.0
67.906815,-8.0,4.0,27.178885,29.0,0.0,0.0,100.0,-7.0,7.0,8.0,29.043541,3.0,57.240074,-7.0,5.0,5.578503,53.759552,97.3843,4.0,13.952088,0.0,83.0,1.0
72.4023,192.48622,4.0,63.02482,17.0,1.8665668,0.0,83.35838,13.562755,6.0,5.0,16.581291,2.0,37.0,1.0,2.0,1.232222,13.260929,93.06479,4.0,2.0,0.0,75.0,1.0
72.0,125.952774,13.663345,58.031033,33.0,0.0,0.0,100.0,-7.0,7.0,8.0,40.26112,1.0,20.870277,-7.0,4.0,3.5399132,29.730665,58.48193,8.314119,3.0,2.0,67.0,1.0
-9.0,190.10269,14.0,88.54879,10.0,0.0,0.0,67.04064,0.25879335,1.5232477,6.0,14.0,0.0,57.886513,0.0,3.0,3.0,75.66398,42.94448,3.0,2.0,1.0,82.03698,1.0
62.0,241.98705,4.0,49.473167,10.0,2.2833743,0.0,70.917206,3.3589997,4.0,3.865903,19.0,2.0,-9.0,0.0,1.0,1.0,32.0,-8.0,9.0,1.0,1.6532264,100.0,1.0
69.0,139.98917,17.551455,91.178696,6.0,0.0,0.0,100.0,-7.0,7.0,8.0,3.9843514,0.0,25.563316,-7.0,1.0,1.0,111.698875,-8.0,5.0,1.0,3.0,86.0,1.0
-9.0,60.357243,6.0,63.0,12.0,1.0,1.0,62.70258,8.706371,4.0,5.0,11.097301,3.0,0.0,2.0,4.0,4.0,106.95446,-8.0,2.0,-8.0,1.7831111,44.0,1.0
56.90483,171.42976,-4.22756,81.360146,36.895096,10.41535,8.518619,85.53497,26.30792,4.514222,3.0,56.130417,3.0,61.61649,-7.0,3.6070251,3.0,53.470768,85.52919,3.4393005,6.0,0.0,100.0,1.0
56.104794,-8.0,5.0977173,-9.0,6.649017,0.0,0.0,100.0,-7.0,7.0,8.0,8.0,6.0,16.47533,0.0,1.0,1.0,68.78862,-8.0,3.0,-8.738049,2.0,56.0,1.0
66.7264,-8.30813,4.0,-9.0,8.410141,0.0,0.0,100.0,-7.0,7.0,8.0,8.084267,3.0,62.222633,0.0,1.0,1.0,43.2012,82.0,1.0,3.0,1.0,64.21904,1.0
61.698307,105.00048,7.0,39.45844,15.4038925,0.0,0.0,94.0,36.695343,6.0,6.0,15.0,3.0,38.0,1.0,0.0,0.0,87.93627,96.05456,8.0,1.0,2.0,100.0,1.0
64.52993,147.45389,1.0,38.83257,13.0751295,0.0,0.0,100.0,-7.0,7.0,8.0,16.0,6.0,24.0,2.0,2.0,2.0,79.81711,10.22491,4.0,2.0,2.0,67.0,1.0
68.0,170.34505,12.0,55.591892,11.427136,1.0,1.0,79.41924,21.78167,6.0,2.0,12.0,1.0,28.0,0.0,1.0,1.0,49.188576,14.409919,4.0,1.0,0.0,67.0,1.0
64.0,162.3645,20.947357,67.0,6.2069654,2.0,1.0,65.34075,11.543196,6.0,3.0,8.253389,0.0,46.0,0.0,1.0,1.0,48.099155,-8.0,3.0,1.0,1.0,80.0,1.0
61.366352,-9.0,5.0,-9.0,-8.194304,0.0,0.0,100.0,-7.0,7.0,8.0,1.6164342,4.0,99.91659,-8.0,2.0,1.8196853,0.0,90.8151,1.0,4.0,0.0,100.0,1.0
-9.0,152.63412,3.0,39.159412,14.0,1.0517157,1.0,88.0,2.0,-9.0,3.0194173,13.614414,10.852071,31.0,-7.0,5.1658664,5.0,53.06062,91.9747,3.0,3.0,1.0,67.0,1.0
60.406483,225.46306,155.25934,115.600815,16.0,1.0,0.0,69.13306,5.4370146,4.0,3.0,19.0,0.0,16.205753,0.0,7.30337,5.7670565,108.79226,-8.0,9.0,1.0,4.0,100.0,1.0
62.0,-7.744761,17.777473,52.24147,-9.0,1.0,0.0,88.0,19.844322,6.0,5.0,1.1955959,0.0,48.115223,0.0,2.0,1.0,119.299446,84.097305,3.0,2.0,1.0,100.0,1.0
-9.0,186.593,15.0,80.60485,8.0,1.0,0.0,70.35761,3.5379076,0.7751911,5.8675227,10.0,0.0,58.433445,0.0,0.0,0.0,119.37722,-8.0,4.0,2.0,7.19487,91.126396,1.0
62.248592,176.58347,4.0,68.07697,9.494387,4.3788505,5.004404,93.0,29.058552,4.0,5.0,10.996309,1.1215862,62.65639,0.0,4.7304955,4.8494887,0.0,97.81626,1.0,3.0,0.0,52.745747,1.0
69.0,192.88611,6.0,64.30533,10.0,1.0,1.0,100.0,-7.0,6.0,8.0,10.0,1.0,55.964825,0.0,2.0,2.0,80.98514,35.34249,3.0,2.0,0.0,100.0,1.0
-9.0,84.28548,4.0,55.71018,23.0,4.086735,2.3681028,72.527374,6.3125296,4.0,5.0,29.0,3.0,40.0,0.0,4.0,4.0,56.134014,39.52369,6.0,3.0,2.0,74.914116,1.0
72.0,137.07408,46.01068,90.57598,3.7241867,0.0,0.0,100.0,-7.0,7.0,8.0,5.580585,0.0,27.0,0.0,1.0,1.0,118.780556,-8.0,1.0,1.0,1.0,83.0,1.0
62.610806,2.9093568,6.0,-9.0,6.0,0.0,0.0,85.25891,36.923214,6.0,6.0,8.0,3.0,55.78272,-7.0,0.0,0.0,48.189293,93.58644,3.0,4.0,2.0,100.0,1.0
67.412704,147.84756,-9.0,40.718685,31.202679,0.0,0.0,100.0,-7.0,7.0,8.0,37.957928,9.039288,12.691514,2.0,2.0,2.0,31.88304,50.75559,6.8291173,4.0,3.0,46.06564,1.0
59.736736,123.70982,4.0,54.62994,20.0,2.5344262,0.0,81.58422,19.183836,6.0,4.0,27.0,6.0,42.662933,1.0,0.0,0.0,38.138912,93.8121,5.0,4.0,1.0,75.0,1.0
68.0,131.76959,14.934426,45.699265,4.3586817,0.0,0.0,100.0,-7.0,7.0,8.0,11.0,0.0,73.84586,-7.0,0.0,0.0,60.08551,58.059803,1.0,2.0,0.0,100.0,1.0
57.318317,172.07677,17.63363,67.0,13.0,0.0,0.0,90.402725,23.472542,6.0,6.0,13.0,0.0,35.0,-7.0,0.0,0.0,94.946815,77.7572,6.0,3.0,3.0,100.0,1.0
71.57264,189.02,46.936634,55.598694,-9.0,1.0,1.0,40.16357,46.285244,6.0,3.0402203,2.6790748,0.0,99.75875,-7.0,2.0,1.0,0.0,-8.0,-7.338959,-8.0,-9.0,88.1749,1.0
68.14939,125.08011,13.541828,70.0,36.8445,0.0,0.0,100.0,-7.0,7.0,8.0,35.126118,0.0,24.0,0.0,9.191315,6.9076276,102.707726,-8.0,12.840067,2.0,5.3143234,86.959015,1.0
57.639454,129.77878,26.918974,65.0,13.0,0.0,0.0,87.60192,-5.1661196,0.0,6.0,9.0,0.0,50.0,0.0,4.0,4.0,119.7122,-8.0,4.0,1.0,3.534883,100.0,1.0
-9.0,6.111063,3.0,-9.0,14.0,0.0,0.0,100.0,-7.0,7.0,8.0,15.0,2.0,21.0,0.0,5.0,4.8694873,105.084236,84.01658,11.0,3.0,3.0815957,80.0,1.0
62.0,-7.618658,19.764471,-9.0,8.811493,0.0,0.0,100.0,-7.0,7.0,8.0,5.5883417,0.0,59.42488,9.771342,0.0,0.0,64.7605,-8.0,1.0,1.0,-9.0,56.0,1.0
69.0,69.574455,2.0,-9.0,-9.0,0.0,0.0,100.0,-7.0,7.0,8.0,3.9782746,3.0,29.0,-7.0,2.0,2.0,95.642456,92.259476,1.0,3.0,0.0,100.0,1.0
60.840275,126.18797,8.0,16.089725,10.0,0.0,0.0,100.0,-7.0,7.0,8.0,8.156451,1.0,45.0,0.0,0.0,0.0,119.644684,-8.0,2.0,1.0,1.0,100.0,1.0
70.0,119.55162,14.866078,46.36877,10.0,0.0,0.0,86.63573,52.003433,6.0,6.0,10.381047,0.0,46.69477,0.0,0.0,0.0,43.202988,-8.0,3.0,2.0,1.0,70.10585,1.0
65.39646,139.43135,4.0,51.75476,12.0,1.0,1.0399684,100.0,-7.0,3.0,8.0,11.106263,2.0,54.57303,0.0,5.991003,6.3487678,66.98145,82.0,2.0,3.0,0.0,83.0,1.0
-9.0,114.95227,16.957664,68.0,8.0,0.0,0.0,68.31454,2.0,4.0,6.0,14.0,0.0,56.327568,0.0,0.0,0.0,58.06096,37.81021,2.0,2.0,1.0,80.0,1.0
63.433823,291.31372,8.0,67.0,28.0,0.0,0.0,92.0,6.0,4.335538,6.0,29.22999,2.0,74.420975,0.0,3.0,3.0,94.10707,56.042007,9.693635,7.9649444,4.0,100.0,1.0
66.0,185.55144,15.144011,67.0,12.0,0.0,0.0,100.0,-7.0,7.0,8.0,15.0,0.0,60.741367,0.0,4.0,4.0,87.44166,-8.0,2.0,2.0,1.0,91.89928,1.0
16.269281,140.95625,6.0,52.81344,36.496243,0.0,0.0,91.0,2.155526,4.0,6.0,35.0,3.0,28.288885,7.0,0.0,0.0,76.13231,84.0403,25.287586,6.2016454,5.0894313,100.0,1.0
65.651436,162.95166,10.522925,58.0,6.162026,0.0,0.0,100.0,-7.0,7.0,8.0,6.1426415,0.0,68.34859,0.0,3.0,3.0667524,70.42228,-8.0,2.0,-8.0,2.0,100.0,1.0
65.0,-9.0,8.0,31.511091,-9.0,0.0,0.0,100.0,-7.0,7.0,8.0,-8.199306,1.0,95.860664,-8.0,0.0,0.0,76.06704,76.0,1.0,2.0,-8.58788,100.0,1.0
55.961246,56.32955,34.149563,54.788593,8.298498,0.0,0.0,85.22374,4.4866953,4.0,6.0,7.0643497,0.0,19.0,3.0,2.0,2.0,107.68024,-8.0,2.0,1.0,2.0,100.0,1.0
33.938244,179.69939,8.0,63.72423,16.719921,2.0,0.0,77.5205,13.666259,6.0,5.0,19.0,3.9009347,25.0,1.0,2.0,2.0,82.15171,88.0,9.136501,2.4872382,5.1203237,80.0,1.0
75.0,84.363754,20.873438,52.83939,7.0,0.0,0.0,100.0,-7.0,7.0,8.0,8.0,0.0,68.98097,-7.0,3.0,2.0,0.0,45.389977,1.0,2.0,0.0,100.0,1.0
66.0,-9.0,4.0,-9.0,6.0,0.0,0.0,100.0,-7.0,7.0,8.0,8.0,2.0,56.723293,0.0,0.0,0.0,89.427055,77.58635,2.0,2.0,1.0,100.0,1.0
64.0,150.39557,2.0,59.734367,48.443176,4.1459293,0.0,91.43404,4.0,0.0,-9.0,59.923817,4.0,54.63769,0.0,6.6872954,6.681208,59.395355,45.92277,9.830088,19.682898,3.7054892,100.0,1.0
58.25375,-8.36712,4.0,-9.0,32.0,0.0,0.0,100.0,-7.0,7.0,8.0,33.386982,5.0,43.0,0.0,0.0,0.0,68.136375,21.942865,9.0,4.0,2.0,91.27119,1.0
63.0,61.027233,7.0,-7.4724045,26.010576,0.0,0.0,100.0,-7.0,7.0,8.0,31.047697,3.0,57.035255,0.0,2.0,2.0,82.65241,-8.0,6.0,2.0,1.0,100.0,1.0
67.0,98.730774,6.0,56.4146,27.0,0.0,0.0,99.7871,22.866598,6.0,6.0,24.863894,2.0,18.0,3.7510338,0.0,0.0,64.31102,-8.0,6.0,1.0,3.0,67.0,1.0
65.99411,65.99735,3.0,28.220984,6.1124187,0.0,0.0,100.0,-7.0,7.0,8.0,7.922702,2.597229,64.46007,-7.0,0.0,0.0,52.293873,86.3757,3.0,2.0,0.0,80.0,1.0
55.047474,124.878944,3.0,-9.0,9.038591,3.0,1.0,78.71733,66.83431,7.0,3.0,9.0,6.0,99.97826,0.0,5.0,5.0,57.36319,86.355034,1.0,4.0,-8.0,91.85567,1.0
68.72257,76.99839,1.0,-9.0,4.744995,0.0,0.0,97.0,10.648352,6.0,6.0,6.731686,2.0,83.05455,0.0,2.0,2.0,0.0,84.29943,1.0,3.0,0.0,68.54089,1.0
54.270042,368.01285,6.0,73.314125,26.761482,0.0,0.0,100.0,-7.0,6.0,6.0,29.0,2.0,29.0,1.0,3.0,3.0,79.33405,67.4559,21.72075,5.0,4.0,91.78753,1.0
62.0,317.31067,10.398906,83.72088,24.0,0.0,0.0,84.28435,2.895946,3.0,6.0,24.0,3.0,42.0,0.71144533,2.0,1.0,68.61101,76.0,3.0605361,4.0,1.0,79.35292,1.0
64.912056,161.56644,6.0,47.070133,12.427245,0.0,0.0,100.0,-7.0,6.0,8.0,15.587046,1.0,17.0,6.046002,2.0,2.0,79.9508,79.96012,4.0,2.0,0.0,77.03641,1.0
-9.0,122.16292,6.3523717,44.176506,25.391232,0.0,0.0,94.0,39.37262,6.0,6.0,26.900305,6.0,33.0,0.0,2.0,2.0,71.57783,82.0,6.0,2.0,1.0,73.0,1.0
56.78083,82.57641,6.0,-9.0,11.0,0.0,0.0,100.0,-7.0,7.0,8.0,11.0,6.0,33.0,-7.0,2.0,2.0,76.28417,63.162724,4.0,2.0,2.0,80.0,1.0
67.012955,160.69765,3.0,44.712727,16.0,2.0476093,1.9331564,86.64386,26.467596,6.0,3.0,22.0,6.4686303,68.543045,0.0,4.2490544,4.47906,34.95255,42.673935,2.0,13.034864,0.0,86.0,1.0
75.0,135.2582,-9.0,31.498524,6.4443765,0.0,0.0,100.0,-7.0,7.0,8.0,10.146731,3.0,18.186867,0.0,2.0,2.0,32.720974,46.554012,2.0,2.0,0.0,58.0,1.0
58.130352,135.70937,1.0,49.29777,24.74832,0.0,0.0,97.0,0.6136888,4.0,6.0,21.0,3.0,13.0,6.0,1.0,1.0,5.0,52.11047,7.0,2.0,3.802412,40.0,1.0
63.361187,162.90036,5.0,54.539246,7.0,0.0,0.0,100.0,-7.0,7.0,8.0,9.0,2.0,33.0,0.0,3.0,3.0,86.756775,39.416977,1.0,1.0,1.0,83.0,1.0
69.0,132.85872,3.0,36.56417,11.794469,0.0,0.0,88.26929,3.377788,4.0,6.0,12.0,4.0,67.29272,5.0,1.0,1.0,0.0,-8.0,1.0,2.0,0.0,69.41507,1.0
65.0,156.5409,1.0,57.248608,20.0,0.0,0.0,100.0,-7.0,7.0,8.0,24.0,5.3359585,44.0,1.0,2.0,2.0,68.068436,-8.0,3.0,2.0,2.0,71.0,1.0
58.28546,14.171055,32.17609,-9.0,10.0,3.0,2.0816388,83.46719,11.991822,4.0,4.9674516,9.0,0.0,62.95674,0.0,0.0,0.0,115.294426,63.577637,2.0,3.0,1.0,92.960396,1.0
63.0,129.27684,12.0,87.39963,17.0,0.0,0.0,91.847115,13.684867,6.0,6.0,13.396799,0.0,8.561404,0.0,6.986919,6.71917,93.31075,-8.0,8.19633,-8.0,3.0,100.0,1.0
59.675888,134.02432,9.600426,52.262695,24.0,2.0,0.0,77.17641,1.7406405,0.882263,5.0,29.0,2.0,75.18214,15.343607,0.0,0.0,91.19901,58.034782,6.0,3.0,1.0,89.208275,1.0
65.94802,141.9314,4.0,57.50156,24.0,0.0,0.0,100.0,-7.0,7.0,8.0,27.689617,3.0,22.0,0.0,2.2467628,2.0198057,40.960266,74.16337,6.0,2.0,5.110806,71.0,1.0
57.857964,-4.270305,7.0,-9.0,11.0,0.0,0.0,100.0,-7.0,7.0,8.0,3.997437,1.0,68.277985,18.610487,0.0,0.0,118.30564,89.75836,3.0,2.0,0.0,100.0,1.0
67.24542,120.908424,2.0,58.0,16.869423,0.0,0.0,100.0,-7.0,7.0,8.0,19.0,3.0,31.244747,4.0,4.057947,4.0,42.075542,-8.0,5.0,-8.0,1.0,60.0,1.0
-9.0,162.7017,4.0,35.678875,6.0,0.0,0.0,78.84007,-7.0,-7.3619604,5.0,8.0,4.0,27.500175,0.0,3.0,3.0,93.34689,-8.0,4.0,2.0,0.0,100.0,1.0
60.909264,159.84192,19.812994,68.0,12.0,0.0,0.0,100.0,-7.0,7.0,8.0,13.0,0.0,23.0,0.0,4.0,4.0,113.72725,-8.0,4.0,1.0,4.0,80.0,1.0
81.0,147.82825,6.0,42.5386,14.0,0.0,0.0,100.0,-7.0,7.0,8.0,14.0,1.0,99.578255,4.0,0.0,0.0,0.0,90.79524,1.0,2.0,0.0,100.0,1.0
32.786137,181.54741,4.0,47.16726,13.0,0.0,0.0,90.82516,4.0,6.0,6.0,15.0,4.0,42.0,0.0,3.0,3.0,52.87846,-8.0,5.0,2.0,0.0,79.35654,1.0
-9.0,-9.0,3.0,2.4324834,21.419079,0.0,0.0,100.0,-7.0,7.0,8.0,23.0,5.1690135,22.0,0.0,1.0,1.0,61.29433,88.0,12.8045025,2.0,5.48157,71.0,1.0
63.48739,-8.0,4.0,10.191854,9.0,2.7854776,2.9074173,100.0,-7.0,6.0,8.0,9.911866,3.7642772,13.209644,0.0,1.0,1.0,52.35434,-8.0,2.0,1.0,1.0,100.0,1.0
62.328342,207.64198,8.0,65.0,12.0,1.0,1.0,100.0,-7.0,7.0,8.0,16.0,0.0,62.714817,-7.0,3.0,3.0,117.39874,89.74964,3.0,4.0,2.0,100.0,1.0
-9.0,162.50156,1.0,53.01555,13.0,9.964023,6.6402617,77.43072,19.62401,3.0,2.0,17.132,5.0,77.486206,-7.0,6.9584656,6.0194545,32.0,72.92514,1.0,7.8542137,-8.755799,100.0,1.0
64.923584,159.24182,6.0,49.778362,18.0,0.0,0.0,100.0,-7.0,7.0,8.0,21.0,1.0,46.0,-7.0,1.0,1.0,80.0834,62.029564,3.0,3.0,3.0,71.0,1.0
-9.0,126.18548,3.0,22.831367,10.0,1.0,1.0,100.0,-7.0,6.0,8.0,12.0,3.0,38.800385,0.0,3.0,2.7275534,92.82473,71.0,7.2717953,2.0,2.0,100.0,1.0
66.0,86.92455,7.0,45.329773,21.0,3.7320805,0.0,88.0,23.083788,4.0,-9.0,24.0,1.0,47.79405,-8.0,4.0,3.8235202,67.390594,46.362087,5.0,3.0,1.0,100.0,1.0
73.0,213.23834,6.0,74.0,14.0,0.0,0.0,96.0,63.835766,6.0,6.0,12.0,1.0,16.0,0.0,0.0,0.0,86.01151,-8.0,4.0,1.0,0.29765517,73.39011,1.0
58.429768,88.93165,7.0,52.48788,25.0,0.0,0.0,100.0,-7.0,7.0,8.0,22.174511,3.0,8.599887,4.0,1.0,1.0,86.11091,-8.0,10.838695,2.0,8.841796,75.0,1.0
59.708496,3.661597,6.0,-9.0,8.509577,0.0,0.0,100.0,-7.0,7.0,8.0,9.0,4.0,41.0,-7.0,0.0,0.0,43.911755,-8.0,3.0,2.0,0.0,57.0,1.0
-9.0,-8.0,-9.0,-9.0,9.0,0.0,0.0,100.0,-7.0,7.0,8.0,13.0,9.898456,16.063934,0.0,1.0,1.0,89.839134,100.0,9.0,2.0,8.203229,80.0,1.0
64.0,281.16644,7.0,73.68048,14.0,0.0,0.0,79.85455,31.128492,6.0,6.0,18.0,1.6807245,26.626064,-7.0,0.0,0.0,72.07413,-8.0,5.0,2.0,2.0,80.0,1.0
-9.0,-8.0,4.0,-9.0,22.0,0.0,0.0,100.0,-7.0,7.0,8.0,21.88224,10.892324,30.0,0.0,1.0,1.0,51.186443,82.23796,11.0,2.0,2.0,75.0,1.0
58.831062,-6.9641395,3.0,-9.0,25.964893,2.0,1.0,92.13731,28.27152,6.0,3.8107135,29.0,10.669189,59.987095,0.0,4.0,4.0,28.823019,97.85997,2.0,7.990414,0.0,80.0,1.0
-9.0,-9.0,-9.0,-9.0,-9.0,-9.0,-9.0,-9.0,-9.0,-9.0,-9.0,-9.0,-9.0,-9.0,-9.0,-9.0,-9.0,-9.0,-9.0,-9.0,-9.0,-9.0,-9.0,1.0
56.1055,155.33461,3.0,-9.0,15.0,0.0,0.0,91.717674,23.332262,6.0,6.0,18.0,10.9994335,56.835705,1.0,4.8987794,4.0,37.04657,56.104847,3.0,3.0,0.0,63.0,1.0
63.63863,231.10596,4.0,83.0,38.499043,3.0,1.0,69.89495,4.2815423,-6.2338347,3.0,46.316128,4.0,46.0,2.919321,15.995872,16.049507,100.16173,71.0,4.0,5.0507956,3.2401128,78.0,1.0
62.0,-9.0,3.0,-9.0,4.0134764,0.0,0.0,100.0,-7.0,7.0,8.0,2.7511814,2.0,36.0,0.0,0.0,0.0,67.800804,-8.0,2.0,1.0,2.0,73.7778,1.0
59.16241,145.39633,11.0,52.25751,15.0,0.0,0.0,100.0,-7.0,7.0,8.0,14.0,1.0,14.050548,10.63374,2.0,1.0,98.48491,56.968037,10.338961,1.0,3.5398839,88.24372,1.0
70.0,133.5262,27.263205,70.0,-9.0,0.0,0.0,100.0,-7.0,7.0,8.0,3.9938576,0.0,44.0,0.0,4.0,4.175052,0.0,-8.0,1.0,1.0,0.0,60.0,1.0
61.977142,145.39488,33.07435,72.329956,10.0,1.0,0.0,81.39381,4.0,4.0,5.688758,6.980111,0.0,19.0,0.0,3.0,2.0,118.30473,-8.0,4.0,1.0,2.0,100.0,1.0
66.0,124.49903,6.0,40.4136,22.0,0.0,0.0,94.0,72.323296,6.0,6.0,20.0,4.0,53.327877,0.0,2.0,2.0,90.460304,23.291252,3.0,5.0,1.0,75.0,1.0
68.0,160.1058,9.0,58.0,15.0,0.0,0.0,93.0,26.318172,6.0,6.0,15.0,1.0,12.069657,0.0,1.0,1.0,51.963528,77.2322,6.0,2.0,1.0,78.08089,1.0
-9.0,165.40965,9.514833,58.71444,6.3461785,1.0,0.0,77.75077,3.4242167,4.0,5.0,9.0,2.0,99.62264,0.0,2.0,2.0,44.38969,50.536083,1.0,1.0,0.0,100.0,1.0
74.0,54.22383,1.0,36.849064,14.0,0.0,0.0,95.0,3.0,6.0,6.0,16.0,3.0,63.609627,0.0,14.955198,12.863811,0.0,82.0,0.87360156,3.0,0.0,45.23207,1.0
-9.0,126.218636,10.0,83.7919,12.0,4.9235115,3.9421127,71.56565,4.0,-9.0,6.0,15.0,0.0,62.683704,-7.0,2.0,1.0,85.60483,6.17367,3.0,2.0,1.0,83.0,1.0
60.81439,131.61186,1.0,41.169514,14.90195,1.0,0.84791756,100.0,-7.0,7.0,8.0,15.0,6.0,60.04908,-7.0,5.2661037,5.1780124,23.924047,26.927542,2.0,4.0,1.0,63.0,1.0
68.76555,162.47978,23.49862,63.660263,6.526777,0.0,0.0,74.3383,10.44399,4.0,6.0,8.0,0.0,60.47624,0.0,0.0,0.0,49.70501,88.0,3.0,2.0,0.0,100.0,1.0
68.0,160.52795,10.080676,39.760223,10.626792,0.0,0.0,80.03949,4.4588413,4.0,6.0,15.0,2.0,56.746174,7.0,0.0,0.0,1.0,56.992977,1.0,2.0,0.0,50.0,1.0
64.0,63.48521,2.0,-9.0,-9.0,0.0,0.0,100.0,-7.0,7.0,8.0,2.6631327,4.0,15.215346,0.0,3.0,3.0,59.45629,-8.0,3.0,-8.0,1.0,71.0,1.0
59.26107,128.53896,6.0,40.001453,15.0,0.0,0.0,92.0,52.35342,6.0,6.0,23.0,4.0,23.82114,0.9210403,1.0,1.9683092,90.28386,-8.0,8.0,1.0,3.0,100.0,1.0
62.0,78.58663,19.590542,41.166004,17.889053,0.0,0.0,95.0,23.911266,6.0,6.0,19.0,0.0,22.0,0.0,0.0,0.0,79.518295,47.202927,6.0,2.0,2.0,82.68529,1.0
59.52166,87.14823,-9.0,40.286476,13.0,0.0,0.0,100.0,-7.0,7.0,8.0,12.663076,3.0,18.0,1.0,14.1767025,12.109053,81.58716,81.63939,9.0,2.0,1.0,83.0,1.0
60.393635,95.4436,2.0,37.482903,-9.0,1.0,1.0,74.725075,17.90946,6.0,4.0,3.431505,2.0,50.619957,-7.0,3.0,3.0,44.13157,86.06086,2.0,2.0,0.0,88.68587,1.0
62.994568,-4.0973334,2.0,54.215427,36.0,0.0,0.0,100.0,-7.0,7.0,8.0,40.372944,5.596944,14.0,0.0,6.463662,6.920001,50.543755,-8.0,15.911234,1.0,2.0,85.32361,1.0
63.320724,158.38245,15.906685,52.83611,13.0,0.0,0.0,100.0,-7.0,7.0,8.0,14.763427,0.921734,6.889429,-7.0,1.0,1.0,76.798294,-8.0,6.0,-8.0,4.6351643,56.0,1.0
65.069855,-8.0,2.8686805,-9.0,14.0,0.0,0.0,100.0,-7.0,7.0,8.0,15.573108,5.0,24.0,5.0,0.0,0.0,67.97597,-8.0,5.0,2.0,0.0,77.05305,1.0
58.768696,-9.0,5.0,-9.0,3.650721,0.0,0.0,100.0,-7.0,7.0,8.0,4.3309326,1.0,98.11149,-7.0,0.0,0.0,16.0,95.40342,1.0,2.0,-8.0,87.78871,1.0
22.573158,164.78534,29.73656,106.496704,14.0,3.0,0.0,77.39638,1.0,-9.0,2.0,10.0,0.0,37.0,0.0,2.0,2.0,83.65003,-8.0,6.0,1.0,1.0,100.0,1.0
68.171165,225.17839,15.0,75.869064,5.9443774,0.0,0.0,100.0,-7.0,7.0,8.0,8.0,0.0,50.0,-7.0,1.0,1.0,119.93359,81.98132,2.0,2.0,2.0,100.0,1.0
66.0,-8.52494,4.0,-9.0,4.625571,0.0,0.0,86.59693,48.788647,6.0,6.0,4.7603626,4.247196,36.0,0.0,0.0,0.0,2.0309072,100.0,1.0,2.0,0.0,67.0,1.0
66.866165,148.46846,15.787917,61.593475,29.51647,0.0,0.0,93.0,31.44741,6.0,6.0,30.0,0.0,53.3553,-7.0,0.0,0.0,73.70632,-8.0,6.0,4.0,1.0,100.0,1.0
64.0,211.32777,2.0,91.27211,18.0,3.0,0.0,88.432014,43.418736,6.0,2.5546255,28.0,3.0,86.55832,0.0,16.36596,15.565728,1.0,43.13275,1.0,4.0,-9.0,88.0,1.0
-9.0,76.51349,-9.0,18.582457,28.0,1.0,1.0,96.86742,14.059873,2.8971305,5.0,29.0,9.177372,37.294292,0.0,5.0,5.0,82.06968,77.47234,10.75479,4.0,4.0,83.0,1.0
61.778343,82.775055,-5.4115195,25.568027,14.0,0.0,0.0,100.0,-7.0,7.0,8.0,15.901205,3.0,18.0,0.0,4.0,3.4129598,63.775723,60.990376,13.978914,1.0,7.412131,86.909836,1.0
71.0,127.10254,7.0,29.880152,13.0,0.0,0.0,100.0,-7.0,7.0,8.0,12.0,2.0,92.42183,-2.359221,0.0,0.0,32.196735,94.87281,2.0,3.0,0.0,100.0,1.0
61.137627,126.9652,2.0,61.0,42.371548,4.7927885,3.7327878,82.47871,71.09222,6.0,3.0,46.789692,6.0,25.579435,0.0,1.0,1.0,84.597786,70.46084,14.695939,4.0,5.474653,85.677826,1.0
67.70843,181.22293,14.0,75.449265,16.0,0.0,0.0,100.0,-7.0,7.0,8.0,15.0,0.0,35.762486,0.0,3.0,3.0,22.932089,71.0,2.0,3.0,1.0,43.0,1.0
58.34706,-9.0,1.0,-9.0,12.0,0.0,0.0,100.0,-7.0,7.0,8.0,11.0,5.923131,44.0,0.0,1.0,1.0,88.15587,100.0,5.0,2.0,2.0,78.17401,1.0
66.62983,93.41068,1.0,-9.0,9.0,0.0,0.0,100.0,-7.0,7.0,8.0,9.0,4.0,22.853888,0.0,2.0,2.0,57.157856,76.0,4.0,2.0,0.0,86.0,1.0
69.26573,196.26003,2.0,52.424206,31.0,0.0,0.0,100.0,-7.0,7.0,8.0,25.358398,10.995804,-9.0,8.700984,0.0,0.0,25.0,59.77523,8.806446,4.0,1.0,51.987938,1.0
66.0,175.26924,26.60204,68.549995,8.0,2.0,1.0,77.77559,3.5647385,6.0,5.0,3.9918168,0.0,49.107277,0.0,5.602706,5.095495,2.0,-8.0,1.0,1.0,0.0,39.569508,1.0
65.51867,112.45314,15.0,61.0,7.5350227,0.0,0.0,91.46062,12.5212145,5.3252068,6.0,5.6558995,0.0,31.0,16.893295,0.0,0.0,8.0,-8.0,1.0,1.0,0.0,40.276558,1.0
64.0,152.39786,8.0,66.23273,28.0,0.0,0.0,89.0,25.138746,6.0,6.0,24.0,1.0,19.270323,3.0,1.0,1.0,78.80261,80.02063,9.155,2.0,3.0,100.0,1.0
65.0,158.3814,7.0,32.43767,10.0,0.0,1.0,100.0,-7.0,7.0,8.0,9.0,2.0,46.96828,0.0,0.0,0.0,44.386665,67.037,2.0,1.0,0.0,75.0,1.0
66.0,167.48781,4.0,61.913357,14.0,0.0,0.0,89.0,-7.0,0.08554502,6.0,16.0,2.0,55.009647,0.0,0.0,0.0,70.64007,65.53646,5.0,2.0,5.858111,80.0,1.0
56.28953,144.09676,3.0,25.785471,15.0,1.0,1.0,100.0,-7.0,7.0,8.0,18.0,3.0,78.171616,0.0,1.0,1.0,28.0,75.02441,3.0,3.0,0.0,91.82712,1.0
65.0,231.99464,16.0,81.39282,13.0,0.0,0.0,79.78588,1.0,3.4133036,6.0,17.0,0.0,47.64715,19.075598,0.0,0.0,44.04335,50.464466,2.0,2.0,0.0,50.0,1.0
70.0,226.58165,20.0,77.0,7.0,0.0,0.0,84.55192,46.582554,6.0,6.0,10.204723,0.0,37.0,0.0,3.0,3.0,116.12167,-8.0,1.0,1.0,-9.0,100.0,1.0
66.0,285.1136,2.4864213,79.0,44.13367,2.5036755,0.0,91.0,44.39373,6.0,3.0,53.38319,8.782796,43.0,0.0,1.0,1.0,28.0,81.46974,8.0,5.6330132,0.0,75.0,1.0
-9.0,167.53215,4.0,54.21435,15.0,1.0,0.0,80.75068,-7.0,-9.0,5.0,21.0,3.0,16.0,0.0,9.25299,8.8425665,102.08128,52.59596,9.0,3.0,4.0,100.0,1.0
56.3176,200.8654,3.0,55.456776,16.0,0.0,0.0,89.0,11.093364,4.0,5.685882,17.0,2.0,32.0,0.0,1.0,1.0,52.11863,99.304115,5.0,5.283179,1.0,80.0,1.0
56.236553,116.27057,12.0,50.868122,22.0,0.0,0.0,91.39862,30.449722,6.0,6.0,22.0,0.0,15.272655,12.56678,0.0,0.0,78.15708,28.72713,11.0,2.0,7.1385474,71.25164,1.0
55.780098,196.61252,5.0,82.181816,38.045914,7.2034607,0.0,84.61445,35.834538,6.0,3.0,34.580795,4.0,63.978718,0.0,4.0,3.4084952,62.78493,89.19864,5.0,4.0,2.7459884,83.0,1.0
65.0,102.69363,3.0,53.12164,14.0,0.0,0.0,90.0,13.061377,4.0,6.0,13.0,3.0,-9.0,0.0,5.7817917,5.592215,48.208977,-8.0,6.0,-8.0,0.0,62.4256,1.0
82.0,156.56291,3.0,63.32077,29.0,2.378517,2.202855,89.99695,63.03813,6.0,-6.3621383,28.0,5.0,56.477325,11.675114,0.0,0.0,10.0,52.394978,2.0,2.0,0.0,86.0,1.0
70.0,129.40704,2.0,59.118607,56.010254,3.302439,2.0,90.0,16.325634,6.0,2.3598375,56.447983,6.0,33.0,0.0,3.0,2.0,16.674616,90.76131,9.0,5.0,1.0,63.68856,1.0
66.0,-8.0,-9.0,-9.0,16.337631,0.0,0.0,100.0,-7.0,7.0,8.0,19.0,9.507034,41.64913,0.0,16.28774,16.206417,4.0,97.73954,4.0,3.0,0.0,60.0,1.0
70.0,112.951546,12.680618,33.36988,14.0,3.2549133,1.0,83.92212,10.332664,4.0,2.0,19.0,0.0,42.09061,-7.0,16.185377,14.502674,4.0,48.48636,2.0,4.0,0.0,100.0,1.0
65.2242,132.68195,3.0,49.49326,18.0,1.0,1.0,92.552055,11.039048,4.0,5.0,20.426517,4.0,43.913116,0.0,4.0,3.9959931,54.493675,52.587734,3.0,3.0,0.0,70.86519,1.0
60.150974,94.6385,2.0,-9.0,20.0,0.0,0.0,100.0,-7.0,7.0,8.0,23.0,10.58722,14.0,0.0,4.2224913,4.0,32.0,79.90876,5.5825777,3.0,3.0,51.438576,1.0
65.21059,65.19532,5.155323,14.042272,28.81319,0.0,0.0,96.0,9.316116,6.0,6.0,38.327072,3.6006703,84.40276,0.0,2.0,2.0,58.647633,85.35642,3.0,5.0,0.0,80.0,1.0
66.0,-8.645908,22.852562,41.4388,5.265633,0.0,0.0,100.0,-7.0,7.0,8.0,7.0,0.0,61.435783,-8.0,0.0,0.0,103.690834,-8.0,2.0,1.0,0.0,86.0,1.0
64.45745,-8.0,-9.0,-9.0,6.0,1.0,0.0,100.0,-7.0,7.0,8.0,8.0,3.0,-9.0,0.0,2.0,2.0,26.745129,-8.0,4.0,1.0,1.0,80.0,1.0
-9.0,60.619118,1.0,42.709743,19.0,0.0,0.0,94.0,26.110516,6.0,6.0,19.576437,3.0,0.0,-7.0,2.0,2.0,78.28146,46.595272,19.73539,2.0,4.0,100.0,1.0
57.83588,206.31195,17.060837,101.251465,9.365011,3.525343,1.0,55.213425,0.67869556,-9.0,2.0,12.0,0.0,26.0,0.0,11.919149,10.159,44.201565,-8.0,4.0,1.0,0.0,86.0,1.0
-7.511669,-9.0,6.0,-9.0,-8.180712,0.0,0.0,100.0,-7.0,7.0,8.0,4.2352533,2.6361465,90.546906,-7.0,0.0,0.0,78.39315,8.876223,2.0,1.0,0.0,84.796745,1.0
65.0,143.22101,2.0,30.137714,20.0,0.8042413,0.0,90.0,17.445253,6.0,5.0,23.0,4.0,32.0,0.0,2.0,2.0,48.8601,51.64773,6.0,5.0,2.0,100.0,1.0
73.0,113.720314,13.79326,65.472725,27.78785,0.0,0.0,100.0,-7.0,7.0,8.0,34.34199,1.0,47.0,4.36156,0.0,0.0,29.517715,58.709114,6.0,20.987305,0.0,85.85755,1.0
56.662426,144.84117,20.47016,80.0,17.0,5.1821494,6.285851,79.60419,32.651226,6.0,5.0,18.0,0.0,45.194332,-7.0,4.1252875,4.0,90.59857,-8.0,4.0,2.0,1.0,83.0,1.0
60.121826,-9.0,19.52466,-9.0,-9.0,0.0,0.0,100.0,-7.0,7.0,8.0,-9.0,0.0,100.0,0.0,1.0,1.0,0.0,6.4572263,0.0,1.0,-8.694553,75.0,1.0
73.0,55.984146,35.97534,45.38683,6.9408097,0.0,0.0,100.0,-7.0,7.0,8.0,7.0,0.0,87.00738,0.0,0.0,0.0,0.0,48.290993,0.0,1.0,0.0,50.0,1.0
65.005615,181.59344,1.0,52.732243,30.0,3.0,0.0,92.0,22.712376,6.0,2.1617393,34.0,10.179425,41.783604,0.0,4.0,4.0,43.099903,98.71903,5.0,6.0,1.0,67.0,1.0
68.0,125.253685,10.0,59.942257,20.0,0.0,0.0,95.44814,16.585558,4.0,6.0,22.0,0.0,44.27901,0.0,2.0,2.0,28.984432,-8.0,5.0,1.0,2.0,80.0,1.0
65.0,148.49698,16.0,75.0,-9.0,6.400009,3.2674377,-9.0,58.539886,6.0,3.0,4.164827,0.0,99.996025,0.0,2.0,2.0,0.0,83.758354,0.0,2.0,-9.0,100.0,1.0
65.0,92.4076,10.0,52.18161,13.0,0.0,0.0,100.0,-7.0,7.0,8.0,13.0,0.0,33.0,0.0,0.0,0.0,69.494225,33.75059,4.0,2.0,3.249002,80.0,1.0
63.0,58.166084,10.0,-9.0,8.0,0.0,0.0,100.0,-7.0,7.0,8.0,9.0,1.0,23.590927,22.288795,0.0,0.0,113.92589,72.114075,3.0,3.0,2.0,100.0,1.0
61.013393,132.24585,2.0,40.18939,-9.0,2.0,1.0,69.09944,20.113699,4.0,2.0,5.045015,2.0,37.12978,0.0,3.0,2.0,107.29566,84.00034,2.3454108,2.0,2.0,100.0,1.0
-9.0,241.11128,13.0,78.264626,6.0,1.0,0.0,-9.0,3.366411,4.438389,3.0,9.117101,0.0,19.0,0.0,0.0,0.0,105.63845,-8.0,6.0,-8.0,3.0,100.0,1.0
53.788914,118.719025,16.0,49.003807,20.0,4.8630595,1.0,76.825005,3.2888708,4.0,2.71773,23.0,0.0,54.012264,0.0,4.9688687,5.0,93.76439,25.750912,5.0,4.0,3.5011399,85.39138,1.0
57.7795,140.20035,17.967289,53.141777,7.0,1.0,0.0,87.68766,12.47606,4.0,5.0,10.0,0.0,72.32851,0.8249484,1.0,1.0,60.028236,28.603607,3.0,2.252473,1.0,83.0,1.0
66.07831,141.44167,3.0,62.925224,28.0,0.0,0.0,90.0,18.706347,6.0,6.0,27.90733,3.0,33.0,0.0,3.0,3.0,44.751133,-8.0,9.183716,1.0,2.0,75.0,1.0
67.0,189.9584,1.0,68.0,27.0,4.206966,2.0,92.85345,39.238945,6.0,2.0,27.0,3.0,60.111366,0.0,4.0,3.7060802,113.137184,11.150898,6.0,3.0,4.0801954,100.0,1.0
-9.0,139.1959,7.0,41.690166,22.917828,0.0,0.0,100.0,-7.0,7.0,8.0,26.0,3.0,40.0,-3.0816834,1.0,1.0,111.81383,71.0,4.0,3.0,3.5064573,80.0,1.0
-9.0,181.23184,34.899357,110.505104,16.0,0.0,0.0,76.625046,-7.0,-2.018576,6.0,15.0,0.0,20.0,0.5222262,4.4020405,4.0,90.69216,-8.0,11.969406,1.0,7.2443676,86.0,1.0
-9.0,-9.0,2.0,-9.0,-9.0,0.0,0.0,100.0,-7.0,7.0,8.0,2.5769858,5.3970294,31.232677,0.0,4.0,4.0,56.42632,-8.0,2.0,2.0,0.0,85.19633,1.0
67.88723,182.81212,12.501279,58.0,12.882132,0.0,0.0,100.0,-7.0,7.0,8.0,14.834562,0.0,19.937973,4.0,1.0,1.0,69.4394,-8.0,4.0,1.0,3.0,67.0,1.0
66.0,166.76564,4.0,70.0,25.0,3.1122456,2.350808,78.53045,9.411975,4.0,3.0,24.0,2.0,25.896051,0.0,14.088401,12.2000065,64.32599,-8.0,6.0,2.0,1.0,80.0,1.0
68.36516,130.05301,4.0,45.70654,26.0,0.0,0.0,96.0,51.14433,6.0,6.0,28.0,9.081125,31.84002,5.233613,1.0,1.0,17.889223,57.54983,5.0,2.0,0.0,58.081837,1.0
-9.0,-9.0,1.0,-9.0,12.0,0.0,0.0,100.0,-7.0,7.0,8.0,9.931057,3.0,41.008366,-8.0,1.0,2.0,74.84745,84.03607,5.0,5.0,4.2899446,91.331535,1.0
68.0,38.098125,19.57832,37.477676,8.0,0.0,0.0,100.0,-7.0,7.0,8.0,6.3940864,0.0,59.552765,0.0,0.0,0.0,71.58461,-8.0,2.7920861,1.0,2.0,100.0,1.0
-9.0,239.93906,3.0,82.14146,27.0,0.0,0.0,84.22375,4.497214,4.0,5.0,28.0,3.0,33.0,0.0,2.0,2.0,106.469696,86.25941,7.9773216,3.0,5.252347,93.793625,1.0
79.0,416.53857,20.0,79.0,12.0,0.0,0.0,93.0,8.972428,6.0,6.0,18.0,0.0,45.405037,0.0,0.0,0.0,0.0,-8.0,2.0,1.0,0.0,67.0,1.0
64.0,40.785732,-9.0,-9.0,5.998431,1.0,1.0,92.0,17.279398,4.0,4.0,7.277737,3.0,40.0,0.0,0.0,0.0,50.082214,97.311485,3.0,2.0,0.0,71.0,1.0
72.0,219.79463,17.672342,74.0,-9.0,0.0,0.0,100.0,-7.0,7.0,8.0,3.820332,0.0,19.40266,5.5570636,2.0,1.0,97.04164,-8.0,2.0,-8.0,0.9560827,100.0,1.0
62.68075,166.32153,6.0,64.37983,20.0,1.0,1.0,87.01456,-7.0,1.4532062,5.0,19.0,6.8207774,-9.0,2.577395,1.0,1.0,3.0,-8.0,5.0,1.0,0.0,50.0,1.0
59.116383,140.46808,1.0,54.48098,15.309537,1.0,0.0,79.547806,25.007208,4.0,2.0,18.0,4.0,25.0,0.0,11.498634,11.4670725,36.308712,50.054153,6.4464984,2.0,3.0,85.354095,1.0
82.0,267.58185,33.976337,115.0502,6.6339774,0.0,0.0,100.0,-7.0,7.0,8.0,7.8722134,0.0,15.0,0.0,1.0,0.0,0.0,-8.0,2.0,-8.0,0.0,64.935616,1.0
-9.0,70.18961,0.15573475,-9.0,-9.0,0.0,0.0,100.0,-7.0,7.0,8.0,-0.06855734,3.0,20.0,0.0,3.0,3.0,77.184746,61.23043,2.0,1.0,0.0,73.292114,1.0
-9.0,102.46002,41.096115,36.99699,-9.0,0.0,0.0,100.0,-7.0,8.955137,8.0,-9.0,0.0,100.0,0.0,0.0,0.0,1.0,27.078035,-9.0,-8.0,-9.0,100.0,1.0
54.490627,120.42199,1.0,57.708546,34.527676,0.0,0.0,92.0,2.0,-9.0,5.0,40.743958,4.0,43.0,0.0,4.0,3.9835365,76.30216,-8.0,5.0,6.0,1.0,77.15756,1.0
69.07092,171.66223,2.0,35.955433,14.0,0.0,0.0,100.0,-7.0,7.0,8.0,14.0,6.0,16.77993,7.0,0.0,0.0,27.035864,69.91014,5.0,2.0,0.0,67.0,1.0
62.0,81.74257,45.47338,52.417114,12.0,2.0,0.0,64.01663,27.081993,6.0,4.4951687,17.085577,0.0,97.4159,-7.0,1.0,0.0,112.02765,41.004406,1.0,4.0,3.0,100.0,1.0
54.38161,84.88029,10.0,47.20772,10.2548,0.0,0.0,83.1454,6.0,4.4319963,6.0,11.0,1.0,62.235596,0.0,0.0,0.0,83.39884,52.848503,2.0,3.0,1.0,75.0,1.0
62.0,82.511154,10.32616,27.699558,3.2512646,0.0,0.0,100.0,-7.0,7.0,8.0,5.861816,1.0,60.613674,0.0,0.0,0.0,91.13178,60.016113,2.0,3.0,2.0,100.0,1.0
64.56921,17.436983,3.0,52.81676,13.0,0.0,0.0,100.0,-7.0,7.0,8.0,10.686161,4.0,11.034365,0.0,2.0,1.0,59.24336,-8.0,4.0,-8.0,3.0,64.35377,1.0
60.27979,132.05234,5.0,76.0,18.0,1.0,0.0,85.94345,26.001253,4.0,5.034443,19.0,2.0,28.586136,-7.0,1.0,1.0,56.409184,17.661308,11.095004,2.0,2.0,83.14394,1.0
56.671883,164.75153,24.572472,53.015892,7.3436475,0.0,0.0,80.705414,6.0,4.0,6.0,7.0,0.0,50.0,0.0,0.0,0.0,93.962036,-8.0,5.0,1.0,3.0,100.0,1.0
63.757652,61.8119,25.113739,107.88932,7.261028,1.5709722,0.0,78.98505,6.0,6.0,5.0,5.083557,0.0,25.0,0.0,2.0,2.0,66.73604,-8.0,4.655998,1.0,3.0,76.73624,1.0
54.69585,240.04204,9.0,90.87958,13.0,1.0,0.0,69.87135,13.870838,4.0,6.0,15.0,0.0,48.013943,0.0,0.0,0.0,119.74166,93.82588,4.0,2.0,3.0,100.0,1.0
-9.0,119.06706,9.0,58.0,10.081913,6.0382905,4.212695,28.306454,4.6149316,0.91519594,2.0,7.4080877,1.0,91.60838,0.0,5.141215,5.0,104.1374,6.3746905,1.0,5.0,0.0,100.0,1.0
-9.0,116.150215,2.0,28.232166,17.0,0.0,0.0,78.632774,36.598385,6.0,6.0,24.0,5.0,55.34432,0.0,2.0,2.0,72.34597,64.28973,6.0,2.0,1.0,88.8693,1.0
60.24794,40.50491,2.6981235,31.178019,18.611713,1.3061808,1.0,88.0,7.4071174,4.0,4.0214186,19.0,7.990233,43.94432,0.0,4.9351964,4.3268857,17.339178,94.40559,8.3213825,6.0,0.0,79.28189,1.0
62.72468,152.89014,1.0,29.657467,25.0,0.0,0.0,90.74725,10.134591,6.0,6.0,29.0,7.9209514,20.0,0.0,8.457773,10.854269,1.0,100.0,6.0,3.0,0.0,71.0,1.0
65.0,-9.0,-9.0,35.575935,13.0,0.0,0.0,100.0,-7.0,7.0,8.0,15.0,3.0,9.734511,0.0,1.0,1.0,69.27567,-8.0,5.0,1.0,3.0,58.0,1.0
66.0,-8.368518,8.0,46.560444,12.926708,2.0,1.0,75.18061,6.2855,5.926572,2.0,11.0,3.0,88.47442,0.0,3.5061262,3.1485362,9.0,89.38432,1.0,3.0,0.0,100.0,1.0
-9.0,-6.563139,2.0,-9.0,-2.0757391,0.0,0.0,100.0,-7.0,7.0,8.0,9.0,3.0,60.43736,-7.0,0.0,0.0,119.99366,98.471054,3.0,3.0,4.9826427,100.0,1.0
69.0,163.6581,4.0,63.0,33.040337,0.0,0.0,99.907326,71.001976,6.0,6.0,32.0,6.0,13.0,1.0,2.0,2.0,48.199448,82.0,10.958446,2.974599,4.0,77.51536,1.0
-9.0,35.532936,7.0,-9.0,3.091008,0.0,0.0,100.0,-7.0,7.0,8.0,1.4614222,2.0,56.15876,0.0,0.0,0.0,118.451355,71.22269,3.0,3.0,3.0,100.0,1.0
64.84692,34.40375,17.773888,47.662563,28.0,0.0,0.0,100.0,-7.0,7.0,8.0,30.111406,0.42365602,32.228584,-7.0,2.0,2.0,80.52382,42.19087,15.312672,4.0,5.5451474,100.0,1.0
65.67522,44.074467,26.554842,76.0,5.8796396,2.0,0.0,71.49876,26.106466,6.0,5.0,3.9898088,0.0,99.926346,0.0,4.0,3.0,0.0,-8.0,0.0,2.0,0.0,88.88,1.0
62.0,90.99317,8.0,19.707514,16.51104,0.0,0.0,100.0,-7.0,7.0,8.0,17.0,4.0,35.0,0.0,0.0,0.0,72.27735,-8.0,8.472073,2.0,3.0,88.81903,1.0
63.0,72.88935,-2.9238675,25.082912,14.280591,0.0,0.0,89.0,24.859938,6.0,6.0,15.944978,3.0,9.546042,0.0,0.0,0.0,63.94225,99.17495,6.111547,1.0,3.271718,71.0,1.0
56.77408,205.43074,6.0,76.545044,24.688969,1.0,0.0,83.81532,3.2678208,4.0,5.0,31.0,2.0,29.0,0.0,1.0,1.0,52.38403,49.281544,23.33421,6.0,5.295055,80.0,1.0
-9.0,176.01021,8.0,58.34283,29.0,0.0,0.0,84.70768,8.245318,4.0,6.0,31.0,4.0,27.161673,0.0,0.0,0.0,66.080795,-8.0,17.957258,3.0,5.6086264,83.192635,1.0
65.0,84.23331,13.416754,67.749306,3.017408,0.0,0.0,100.0,-7.0,7.0,8.0,-9.0,0.0,99.99753,0.0,5.323652,6.874036,0.0,93.0,1.0,1.0,-1.804817,100.0,1.0
54.36157,113.72592,8.0,61.220913,31.0,0.0,0.0,100.0,-7.0,7.0,8.0,31.0,1.0,24.0,0.0,4.0,4.0,83.555504,91.0,22.88656,2.0,9.6809845,86.0,1.0
68.0,199.033,7.0,50.748043,14.091721,0.0,0.0,94.0,39.12191,6.0,6.0,15.0,1.0,24.0,0.0,1.0,1.0,75.283516,91.64313,4.0,2.0,4.0,83.0,1.0
69.672516,103.882996,17.20057,70.0,-9.0,0.0,0.0,100.0,-7.0,7.0,8.0,5.164092,0.0,96.73328,0.0,2.0,2.0,2.0,-8.0,1.0,1.0,0.0,100.0,1.0
74.0,173.2838,4.0,65.0,36.0,0.0,0.0,100.0,73.66959,6.0,6.0,38.0,2.0,54.112625,-7.0,2.0,2.0,18.0,89.05862,3.0,6.601001,0.0,72.20389,1.0
70.0,118.7687,2.0,16.104992,30.0,0.0,0.0,100.0,-7.0,7.0,8.0,37.721798,10.623962,33.0,1.0,2.0,2.436356,25.122576,88.0,6.0,6.0,1.0,71.0,1.0
66.42855,61.297913,8.0,38.40165,-9.0,0.0,0.0,100.0,-7.0,7.0,8.0,-6.704723,1.0,65.090614,0.0,0.0,0.0,118.94384,93.0,2.0,1.0,1.0,100.0,1.0
-9.0,-8.5854,6.3985686,-9.0,8.0,0.0,0.0,98.60668,-7.0,4.0,6.0,9.339705,1.0,15.0,-7.0,2.0,2.0,79.218956,63.50788,4.0,2.0,3.0,71.0,1.0
63.0,-9.0,2.0,-9.0,4.800721,0.0,0.0,100.0,-7.0,7.0,8.0,3.667172,4.0,11.757238,0.0,2.0,2.0,65.55578,88.0,2.0,1.0,3.0,57.286957,1.0
62.964966,124.43523,4.0,44.267456,26.0,1.0,1.0,82.09215,28.698313,5.8524933,3.0,26.0,5.0,35.0,1.0,2.0,2.0,21.14138,94.38655,4.0,2.0,1.0,58.73477,1.0
65.0,173.13791,2.0,53.634853,14.0,4.4139028,0.0,81.45115,64.682755,6.0,2.0,18.225296,5.0,16.745487,-7.0,0.0,0.0,63.663826,85.744995,12.235597,3.0,2.0,86.93726,1.0
62.0,139.40862,13.608585,80.0,7.2463284,0.0,0.0,70.18796,3.6257033,4.0,6.0,11.0,0.0,39.0,-0.15119345,0.0,0.0,0.0,-8.0,1.0,-8.0,0.0,38.630695,1.0
65.0,138.91545,2.0,55.738346,31.047115,0.0,0.0,96.0,42.266983,6.0,6.0,38.907383,9.528013,50.0,0.0,3.0,3.0,47.105427,96.34604,4.0,6.0,1.0,80.0,1.0
63.506004,118.362335,2.0,32.08718,12.736335,2.0,1.0,85.05036,22.085052,6.0,6.0,17.0,7.4857626,69.56595,-7.0,15.738659,15.366201,0.0,-8.0,1.0,7.9321117,0.0,71.0,1.0
58.974922,20.756573,17.875872,24.414726,19.0,0.0,0.0,100.0,-7.0,6.0,8.0,18.0,0.0,50.0,0.0,2.0,2.0,118.9523,31.886738,3.0,3.0,3.0,91.586754,1.0
59.847313,187.50183,7.0,56.219425,13.0,0.0,0.0,91.72658,9.976049,6.0,6.0,12.983596,3.0,11.0,0.0,1.3312588,2.0,63.1506,-8.0,7.649457,1.0,4.0235243,77.08818,1.0
62.972263,114.723404,-9.0,36.260315,22.0,2.0,2.0,100.0,-7.0,6.0,8.0,25.0,8.768731,22.537622,0.5491301,2.0,1.0,40.500916,93.77895,10.891787,4.0,1.0,78.0,1.0
62.0,123.239784,8.120216,-9.0,3.702124,0.0,0.0,77.85347,10.339481,6.0,6.0,4.853294,2.0,61.411476,0.0,1.0,1.0,4.0,68.885376,2.0,2.0,0.0,86.16066,1.0
60.699814,229.97913,2.0,72.25413,28.0,0.0,0.0,89.91592,34.732353,6.0,6.0,27.0,3.0,50.99834,1.0,4.0,4.0,69.90457,43.57848,7.0,6.0,3.0,100.0,1.0
56.890453,2.2114768,1.0,29.399858,11.47387,0.0,0.0,100.0,-7.0,7.0,8.0,12.310496,2.0,-9.0,0.0,1.0,2.0,74.98628,-8.0,8.053316,-8.0,7.779027,84.75571,1.0
-9.0,200.93785,6.0,69.1422,17.0,0.0,0.0,77.4447,-7.0,4.0,6.0,15.595958,1.0,54.313145,3.0,1.0,1.0,71.449844,-8.0,7.0,2.0,3.0,86.77451,1.0
70.92729,245.1199,2.0,83.465355,27.0,1.0,1.0,100.0,-7.0,6.0,8.0,31.0,6.0,41.0,0.0,2.0,2.0,22.957058,92.597755,3.0,4.0,0.0,58.0,1.0
69.0,125.506874,2.0,41.75913,27.0,2.6812377,3.0598445,100.0,-7.0,7.0,8.0,27.0,5.0,22.0,0.0,0.79914314,1.0,0.0,88.359955,2.0,2.0,0.0,22.80575,1.0
75.0,190.51384,17.0,90.82166,18.0,0.0,0.0,100.0,-7.0,7.0,8.0,19.0,0.0,31.762201,-8.0,0.0,0.0,62.49813,62.182106,2.0,2.0,1.0,60.0,1.0
70.18596,-8.0,14.0,-4.6088033,16.0,0.0,0.0,100.0,-7.0,7.0,8.0,15.0,0.0,94.62634,0.0,0.0,0.0,58.514328,78.04221,2.0,6.0,0.0,80.0,1.0
62.872665,156.82314,13.0,40.8463,13.0,0.0,0.0,90.0,11.195861,4.0,4.454101,12.0,0.0,50.0,0.0,1.0,1.0,109.53722,76.0,4.0,3.0,3.0,100.0,1.0
67.76533,148.42236,14.939779,71.76434,10.0,0.0,0.0,82.46059,18.028812,6.0,6.0,11.0,0.0,32.262375,-7.0,1.0,1.0,86.50648,86.69703,2.0,2.0,1.0,75.0,1.0
-9.0,162.57967,2.0,82.0,7.0,0.0,0.0,88.0,2.0,6.0,6.0,8.0,2.0,19.538624,5.0,5.0,5.0,94.29475,-8.0,9.0,-8.0,3.3694952,100.0,1.0
68.0,207.3818,7.0,71.28326,27.0,0.0,0.0,100.0,-7.0,7.0,8.0,26.0,2.0,16.488632,1.0,2.0,2.0,31.821283,-8.0,9.0,1.0,1.0,71.0,1.0
61.266495,-9.0,3.0,-9.0,12.0,1.0,1.0,100.0,-7.0,7.0,8.0,14.0,10.288112,20.0,-7.0,1.0,1.0,32.0,86.194725,4.0,2.0,2.0,60.0,1.0
19.431026,159.06584,7.0,66.75809,30.043098,0.0,0.0,85.47051,0.6580323,4.0,6.0,38.0,4.0,58.85452,0.0,4.0,3.0,38.615982,79.172104,4.0,9.572407,0.0,84.90031,1.0
59.94037,194.66019,52.88959,82.669914,11.0,0.0,0.0,79.07578,-7.0,0.8606278,6.0,11.0,0.0,-9.0,16.323261,0.0,0.0,102.4299,-8.0,4.0,-8.0,2.0,88.0,1.0
66.0,324.38907,10.3565235,69.66031,15.0,0.0,0.0,81.62614,9.356531,4.0,6.0,17.0,1.0,67.55797,0.0,2.0,1.0,19.309305,78.59233,2.0,7.045386,-9.0,91.23964,1.0
58.18094,161.93723,1.0,57.38888,23.0,0.0,0.0,94.0,17.66756,6.0,6.0,26.181053,4.0,41.737434,0.0,2.0,2.0,63.2018,91.0,10.979815,4.0,3.0,83.0,1.0
73.0,131.61235,16.09537,11.420046,6.0,0.0,0.0,100.0,-7.0,7.0,8.0,3.9805856,0.0,42.058228,2.547689,0.0,0.0,0.0,-8.0,1.0,-8.0,0.0,33.0,1.0
-9.0,-9.0,13.256042,-9.0,3.9507203,0.0,0.0,100.0,-7.0,7.0,8.0,2.6790793,0.0,100.0,0.0,1.0,1.0,0.7821588,-8.0,-9.0,1.0,-9.0,71.0,1.0
57.346382,79.926926,6.0,30.978098,6.0,0.0,0.0,86.10602,22.395771,6.0,6.0,2.2183595,0.0,24.0,1.0,1.0,1.0,116.75997,94.207726,3.0,1.0,3.0,80.0,1.0
65.74213,125.73007,4.0,63.0,21.31255,7.4122715,3.9461226,64.12689,27.464046,6.0,-1.0011063,26.0,2.0,50.0,7.0,0.0,0.0,88.3938,84.851166,2.0,6.501994,2.6013548,73.0,1.0
-9.0,55.422028,4.0,-9.0,13.0,8.357029,1.0,78.17133,4.7787147,4.0,2.0,16.0,5.0,71.98811,0.0,2.0,2.0,8.0,97.14567,2.0,4.0,0.0,67.0,1.0
62.0,103.860916,5.0,16.83221,13.0,1.0,1.0,100.0,-7.0,7.0,8.0,19.0,1.3722031,35.10264,0.0,4.0,4.662329,40.481373,10.0270405,2.0,2.0,0.0,50.0,1.0
69.0,-7.118574,20.0,-9.0,7.0,0.0,0.0,100.0,-7.0,7.0,8.0,6.6438694,0.0,93.16975,0.0,5.0,4.0,0.0,90.28891,1.0,2.0,0.0,72.838066,1.0
-9.0,148.51952,6.0,47.496326,14.0,2.0,0.0,81.44722,-7.0,-9.0,-9.0,15.0,3.0,66.46878,-7.0,5.3518987,4.579501,78.413284,89.71698,3.0,3.0,0.0,88.77312,1.0
63.0,154.9883,8.0,28.213411,6.0,0.0,0.0,88.0,47.077213,6.0,6.0,9.924461,2.0,54.493034,-7.0,3.0,2.0,72.279816,33.655434,2.0,1.0,0.0,70.68477,1.0
71.0,117.851715,1.0,-9.0,6.9205523,0.0,0.0,100.0,-7.0,7.0,8.0,9.0,5.0,40.0,0.0,2.0,2.0,0.0,-8.0,1.0,2.0,0.0,82.13471,1.0
63.229916,159.6607,3.0,3.0849013,15.0,3.0,2.3379462,77.215355,18.80801,5.0,2.0,15.0,5.5333734,33.0,0.0,2.0,1.918766,1.0,72.353905,2.0,2.0,0.0,60.109123,1.0
67.0,167.36383,3.0,52.54001,20.514109,0.0,0.0,91.0,57.697247,6.0,6.0,23.0,4.0,57.816788,0.0,3.0,3.0,28.25804,68.31813,5.499152,3.0123906,0.0,82.208786,1.0
64.0,74.241104,4.0,35.23461,11.363775,0.0,0.0,100.0,-7.0,7.0,8.0,12.0,2.0,86.84268,0.0,3.0,3.0,46.795895,68.61127,2.0,3.0,0.0,100.0,1.0
-9.0,101.17323,6.0,52.286884,41.512897,1.0,0.0,71.48528,2.0,-2.827188,3.0,43.500866,6.0,53.2022,1.0,2.0,1.0,81.05049,56.89759,8.0,15.634219,3.0,100.0,1.0
63.223408,126.25327,6.0,64.80417,16.111448,2.0,1.0,89.0,10.584949,5.0,6.0,21.0,3.0,54.860077,0.0,0.0,0.0,24.256693,94.40195,3.0,4.0,0.0,80.0,1.0
66.0,174.84682,35.313084,47.23149,-9.0,0.0,0.0,65.02198,35.999825,6.0,6.0,3.9776962,0.0,93.25514,7.3814125,0.0,0.0,0.10165156,-8.0,1.0,2.0,-8.954154,100.0,1.0
54.568382,192.38365,2.0,83.44296,21.49216,3.9122992,3.714366,69.72061,8.979628,3.968997,2.0,24.139696,4.0,24.542234,0.0,2.0,2.7823195,85.846344,-8.0,5.0,3.0,9.747786,68.609695,1.0
62.0,81.19469,17.0,39.66275,-2.569143,0.0,0.0,81.15571,3.102275,4.0,6.0,3.553096,0.0,98.241844,-7.0,1.0,1.0,0.0,-8.0,0.0,1.0,0.0,94.77963,1.0
-9.0,-9.0,5.0,16.236368,11.754982,0.0,0.0,100.0,-7.0,7.0,8.0,11.0,2.0,27.0,-7.0,3.0,3.0891538,103.013306,-8.0,7.0,1.7908368,8.08741,87.41769,1.0
71.0,67.39663,4.0,49.855442,16.0,0.0,0.0,100.0,-7.0,7.0,8.0,19.0,3.0,29.0,-7.0,5.0,6.1287656,38.21559,-8.0,9.0,-9.0,1.0,78.0,1.0
65.0,122.428986,13.806509,57.490448,14.3129635,0.0,0.0,90.0,13.359252,5.0,5.1807275,10.0,0.0,36.0,1.0,2.0,2.0,54.02559,54.851814,3.9326913,3.0,3.0,60.425762,1.0
57.57931,-8.942989,6.0,-9.0,5.0020366,0.0,0.0,100.0,-7.0,7.0,8.0,2.8257232,1.0,37.779358,-7.0,0.0,0.0,107.53854,-8.0,3.0,1.0,2.5062816,86.0,1.0
-9.0,50.14407,7.0,61.0,16.935041,1.0,1.0,100.0,-7.0,7.0,8.0,18.0,2.0,49.929966,0.0,0.0,0.0,94.19961,73.3245,8.0,3.0,8.9824915,88.43904,1.0
58.0483,83.429245,3.0,44.232025,10.974847,6.487545,4.6911035,79.20803,33.33719,4.0,5.0,10.0,2.0,66.3978,-7.0,4.0,3.0,58.122334,70.914795,2.0,4.0,0.0,86.0,1.0
62.609642,143.02034,18.856972,111.97131,-9.0,4.02834,2.0,-9.0,20.942299,6.0,-6.1392493,0.1634144,0.0,-9.0,0.0,2.0,2.0,111.78372,-8.0,1.0,-9.0,0.0,100.0,1.0
6.0481334,109.76515,3.0,-9.0,25.277834,0.0,0.0,88.2315,-2.2117023,4.0,6.0,28.0,9.954484,16.36323,0.0,3.0,3.0,15.0,93.0,8.0,2.0,0.0,53.00317,1.0
63.0,170.55917,2.0,45.887905,36.0,0.0,0.0,100.0,-7.0,7.0,8.0,35.273937,4.0,44.0,0.0,4.7446604,5.0,73.793884,78.66801,9.367076,20.870728,2.0,87.15921,1.0
62.0,-8.918987,13.159905,58.899994,14.4874935,0.0,0.0,100.0,-7.0,7.0,8.0,6.4333773,0.0,29.0,4.4731426,4.41492,4.0226746,82.37004,12.322017,4.9902244,2.0,3.0,67.0,1.0
58.897736,135.52803,1.0,71.0,17.0,2.443077,1.0,78.282776,-7.0,0.50215995,5.0,25.759037,2.0,66.31859,-7.0,0.0,0.0,31.611078,-8.0,4.0,2.0,1.0,100.0,1.0
66.0,165.15652,7.0,96.54634,25.0,0.0,0.0,100.0,-7.0,6.0,8.0,25.0,2.0,19.0,0.0,2.0,2.0,88.00291,64.922844,11.0,2.0,7.8685374,78.16174,1.0
60.07578,147.01396,2.0,43.133377,12.0,1.957142,1.0,77.16729,9.202564,4.0,4.0,11.0,6.0,64.939865,0.0,3.0,2.0,79.058174,62.487816,2.0,2.0,0.0,100.0,1.0
66.0,-6.8045573,9.0,-1.4534465,6.059326,0.0,0.0,100.0,-7.0,7.0,8.0,4.6484747,1.0,74.29889,0.0,1.0,1.0,-1.9707012,-8.0,1.0,2.0,-9.0,77.15534,1.0
63.271004,170.31282,14.0,70.0,20.767832,2.0,1.0,86.756454,2.0,-9.0,2.0,12.0,0.0,33.0,0.0,4.0,3.9302957,30.154287,56.680714,4.0,3.0,3.0,60.0,1.0
70.0,168.21791,23.667572,58.0,17.0,0.0,0.0,89.35323,38.947163,6.0,6.0,19.0,0.0,30.0,0.0,1.0,1.0,46.387936,36.11108,4.0,2.0,0.0,83.0,1.0
-9.0,71.46417,3.0,24.425709,16.0,0.0,0.0,87.76208,-7.0,4.0,6.0,24.0,10.502655,14.0,2.0,1.0,1.0,40.99605,-8.0,4.0,2.0,2.1242223,67.0,1.0
64.0,125.39868,6.0,24.622414,11.0,0.0,0.0,87.10458,58.608765,6.0,6.0,8.708604,2.0,97.95768,0.0,0.0,0.0,105.35443,89.72301,2.0,6.27081,2.0,100.0,1.0
-9.0,243.46713,15.934974,86.606064,23.0,3.8344743,1.0,69.63084,-7.0,-9.0,6.0,32.0,0.2772694,67.820175,0.0,2.0,2.0,49.862408,8.855145,2.0,12.926146,1.0,76.06619,1.0
66.51179,155.25711,3.0,56.46468,40.917492,4.795681,6.5759606,93.0,6.0,5.8964047,5.0,50.727867,7.47133,33.467842,-7.0,1.0,1.0,23.59771,95.402954,6.0,5.0,0.0,72.85371,1.0
73.0,78.91269,16.0,22.568554,-9.0,0.0,0.0,100.0,-7.0,7.0,8.0,3.9983253,0.0,46.0,-7.0,0.0,0.0,20.855703,76.33415,2.0,2.0,0.0,100.0,1.0
64.78131,199.35991,5.448846,74.0,15.0,0.0,0.0,88.0,10.330866,5.0,6.0,17.0,3.0,19.0,0.0,1.0,1.0,43.58005,-8.0,5.0,2.0,1.0,69.85936,1.0
70.0,151.56053,31.414843,86.0,-7.364132,0.0,0.0,85.24187,20.406713,6.0,6.0,7.242556,0.0,77.53749,0.51749355,1.0,1.0,2.0,-8.0,1.0,1.0,0.0,100.0,1.0
60.73487,-6.527505,2.0,-9.0,18.0,0.0,0.0,100.0,-7.0,7.0,8.0,22.0,10.932802,25.092258,4.633657,0.0,0.0,80.407486,96.09572,5.3594294,3.0,2.0,75.0,1.0
57.563854,43.962555,10.0,22.404085,12.0,0.0,0.0,100.0,-7.0,7.0,8.0,16.841097,0.0,25.170155,1.0,6.3639927,6.333763,117.388214,-8.0,4.0,-8.0,1.0,88.21238,1.0
62.2239,133.31267,14.403404,11.040494,7.4009533,1.0,0.0,73.08038,25.91897,6.0,5.0,9.0,1.0,99.990036,0.0,0.0,0.0,1.0,31.15346,1.0,3.0,-9.0,100.0,1.0
71.0,164.00397,21.866835,65.0,6.401445,0.0,0.0,100.0,-7.0,7.0,8.0,7.0,0.0,0.0,0.0,0.0,0.0,64.54903,-8.0,4.0,-8.0,2.0,75.757385,1.0
74.0,217.50493,44.09471,70.0,-3.7954726,0.0,0.0,57.959423,34.31864,6.0,6.0,8.0,0.0,83.744644,0.0,0.0,0.0,64.55656,42.437096,2.0,1.0,-9.0,100.0,1.0
76.0,70.99495,10.0,9.045688,8.765976,0.0,0.0,100.0,-7.0,7.0,8.0,9.0,1.0,20.0,-7.0,2.0,2.0,0.0,-8.0,1.0,1.0,0.0,25.323008,1.0
73.0,81.62642,24.536411,80.0,5.6895466,0.0,0.0,91.018005,30.89745,6.0,6.0,5.7739453,0.0,25.0,0.0,0.0,0.0,72.62391,-8.0,3.0,-8.0,1.0,100.0,1.0
62.334652,-9.0,6.0,63.255592,18.0,0.0,0.0,100.0,-7.0,7.0,8.0,3.9803708,1.4417455,22.0,0.0,2.0,2.0,78.45447,-8.0,5.0,2.0,2.0,80.0,1.0
61.944424,192.77931,27.689337,82.0,11.0,10.833125,9.426031,-9.0,20.096626,6.0,3.0,18.0,0.0,50.0,0.0,4.0,3.6115994,32.43506,-8.0,2.0,2.0,0.0,100.0,1.0
64.0,-8.0,5.0,31.037529,13.835854,0.0,0.0,94.0,40.009262,6.0,6.0,16.0,3.0,24.328876,0.0,1.0,1.0,89.69285,126.04132,5.0,2.0,1.0,80.0,1.0
54.98867,201.21454,10.0,61.787186,28.367605,0.0,0.0,92.0,21.055016,6.0,6.0,28.0,0.0,41.0,0.0,0.0,0.0,113.12465,59.235043,6.0,3.0,3.4934058,100.0,1.0
64.0,141.92767,14.0,62.46724,12.0,0.0,0.0,100.0,-7.0,7.0,8.0,12.0,0.0,25.0,0.0,2.0,2.0,80.70452,64.49547,6.0,2.0,2.9189813,84.009056,1.0
64.393234,90.3888,32.544075,38.059944,13.643319,1.0,1.0,100.0,-7.0,7.0,8.0,15.0,0.0,8.983139,0.0,2.0,2.0,89.91028,-8.0,7.0,1.0,0.0,91.08518,1.0
61.21143,187.453,31.405474,102.58087,9.0,0.0,0.0,84.09788,8.111025,6.0,6.0,9.0,0.0,31.051832,0.0,6.7608395,7.8984566,116.666405,-8.0,4.0,1.0,0.0,100.0,1.0
-9.0,-9.0,2.0,24.137043,10.7808275,0.0,0.0,100.0,-7.0,7.0,8.0,9.0,3.0,48.71094,-8.0,2.0,1.9387604,107.79999,82.0,2.0,2.0,3.0,63.67622,1.0
71.0,78.98184,10.0,31.841578,13.0,1.0,0.0,88.0,21.806908,6.0,5.0,15.0,1.0,8.672134,1.2343893,2.0,2.3891764,1.0,29.752127,3.0,1.0,0.0,43.0,1.0
56.221752,-9.0,2.0,-9.0,9.341955,0.0,0.0,100.0,-7.0,7.0,8.0,15.0,5.0,17.0,0.0,3.0,2.299246,84.616776,78.78175,4.422797,2.0,1.0,88.0,1.0
55.345646,71.244484,6.0,44.27533,14.0,0.0,0.0,90.0,23.2645,6.0,6.0,14.0,3.0,28.151598,8.904762,0.0,0.0,108.12396,80.11959,6.0,2.0,2.0,100.0,1.0
62.35215,131.74487,2.0,45.906433,22.985722,1.0,0.0,85.5508,20.66568,6.0,5.0,22.0,4.564759,57.434357,0.0,2.0,2.0,76.56496,36.45818,4.0,3.0,0.0,98.49814,1.0
57.697926,-8.250299,14.0,-2.873794,12.0,0.0,0.0,100.0,-7.0,7.0,8.0,9.0,0.0,41.0,0.0,0.0,0.0,83.604546,60.44254,7.0,3.0113468,1.0,100.0,1.0
-9.0,182.69191,14.0,63.741295,6.0,0.0,0.0,65.965324,1.6558651,1.8199232,6.0,20.0,1.0,55.341248,1.0,4.0,4.8087196,83.23229,55.02127,2.0,2.0,3.0,78.0,1.0
62.143974,-8.0,2.0,-9.0,13.0,0.0,0.0,100.0,-7.0,7.0,8.0,13.0,4.4916673,35.0,-7.0,6.722325,6.573341,55.43791,75.32474,3.0,3.0,1.7522224,60.0,1.0
61.605747,13.442094,4.0,8.329464,26.0,0.0,0.0,100.0,-7.0,7.0,8.0,26.0,4.0,62.118217,0.0,2.0,2.0,118.457794,100.0,2.0,4.0,3.0,90.227325,1.0
65.0,-9.0,3.0,20.834473,19.0,0.0,0.0,94.0,40.658802,6.0,6.0,20.0,2.0,-9.0,0.0,0.0,0.0,51.91665,47.647007,3.0,2.0,1.0,52.731773,1.0
40.15825,144.96825,5.0,62.37595,19.0,0.0,0.0,87.646774,2.4508154,6.0,6.0,21.0,2.0,16.0,0.0,1.0,2.0,61.781605,-8.0,6.0,1.0,4.7068944,57.0,1.0
64.0,254.36139,4.0,50.88135,26.511341,1.0,1.0,88.0,5.537871,3.444827,2.0,36.601456,3.0,74.23062,0.0,4.4711857,4.0,62.682167,71.95815,4.0,4.0,0.0,100.0,1.0
68.0,107.779816,5.0,-6.773269,-9.0,0.0,0.0,100.0,-7.0,7.0,8.0,4.352935,4.0,56.214252,0.0,0.0,0.0,49.51435,58.09958,3.0,2.0,1.0,100.0,1.0
72.9127,166.33841,10.0,60.98046,12.559335,0.0,0.0,85.3854,30.58179,6.0,6.0,12.0,1.0,76.13301,-8.0,0.0,0.0,43.51734,86.97645,2.0,3.0,0.0,100.0,1.0
67.39376,113.765396,40.39723,75.0,5.7052355,0.0,0.0,100.0,-7.0,7.0,8.0,9.0,0.0,11.0,0.0,0.0,0.0,96.9697,-8.0,4.0,1.0,2.1035655,87.11565,1.0
71.0,162.61208,7.0,65.60097,7.6642704,0.0,0.0,100.0,-7.0,7.0,8.0,6.4891224,2.0,64.661896,0.0,0.0,0.0,1.0,-8.0,1.0,1.0,0.0,50.0,1.0
68.0,125.353874,11.0,33.07282,7.0,0.0,0.0,100.0,-7.0,7.0,8.0,7.0,0.0,60.729877,4.0,0.0,0.0,94.95685,88.18956,3.0,2.0,1.6588889,98.41278,1.0
-9.0,207.46234,3.0,71.0,7.0,2.0,1.0,69.349464,-7.0,-9.0,2.0,14.750919,3.0,37.0,1.0,1.0,2.0,61.674656,100.0,3.9671264,3.0,1.0,100.0,1.0
56.400547,119.20809,1.0,51.339725,23.0,0.0,0.0,89.23057,2.3159192,4.0,5.0,29.0,4.0,12.070196,0.0,2.0,2.0,50.068146,-8.0,9.800188,2.0,3.0,100.0,1.0
-9.0,111.62233,1.0,-9.0,21.0,1.0,1.0,93.0,3.337691,6.0,4.4903936,24.0,10.381665,59.35847,0.0,0.0,0.0,115.57778,100.0,6.0,3.0,1.0,83.95332,1.0
62.27753,272.77853,9.0,62.739334,17.0,1.0,1.0,82.71767,46.606026,6.0,3.555157,16.0,2.0,35.0,0.0,2.0,2.0,78.06176,-8.0,13.354805,1.0,1.0,100.0,1.0
-9.0,30.878105,7.0,-9.0,-9.0,0.0,0.0,100.0,-7.0,7.0,8.0,5.04867,3.0,74.93206,1.0,1.0,1.0,47.11434,77.06841,2.0,1.0,0.0,77.29816,1.0
71.0,49.86361,2.0,-2.514555,13.0,0.0,0.0,100.0,-7.0,7.0,8.0,16.104,4.9571004,31.0,-9.0,0.0,0.0,36.429672,63.89203,3.0,2.0,0.0,75.36115,1.0
64.68074,104.509796,1.0,-9.0,13.0,0.0,0.0,100.0,-7.0,7.0,8.0,14.0,2.0,64.11871,-7.0,0.0,0.0,100.62612,19.321852,3.0,4.0,1.0,80.0,1.0
62.0,13.4321575,7.0,43.00136,24.0,4.6391993,4.2039185,82.56998,12.085794,6.0,2.0,23.0,2.0,33.0,0.0,6.9700637,10.2811985,66.777176,88.0,5.0,2.0,2.0,67.0,1.0
62.0,76.05602,5.4221535,-9.0,18.0,0.0,0.0,100.0,-7.0,7.0,8.0,22.172716,10.9882145,49.340725,0.0,2.0,1.0,51.13952,94.48501,3.0,5.0,0.0,64.0,1.0
63.0,14.888978,12.602721,31.456778,11.0,2.0,2.0,95.0,-7.0,4.0,6.99223,8.0,0.0,56.295387,0.0,1.0,1.0,0.98203796,-8.0,1.0,1.0,-9.0,56.800755,1.0
66.83175,233.56386,7.0,66.006165,22.398825,0.0,0.0,88.0,42.072105,6.0,6.0,18.0,1.0,26.285353,3.0,2.0,1.8240603,56.239548,95.53722,9.0,2.0,1.0,88.00602,1.0
57.37583,197.34477,3.0,74.0,50.10071,2.0,2.5385823,94.0,14.436614,6.283681,6.0,55.198483,7.883159,47.06936,0.0,4.0,4.0,73.92881,65.87496,9.0,21.326971,3.0,81.80161,1.0
61.02785,-5.743422,5.0,-9.0,-9.0,0.0,0.0,100.0,-7.0,7.0,8.0,4.211007,3.0,99.96703,-7.0,0.0,0.0,-9.0,64.04764,-4.06612,2.0,-9.0,100.0,1.0
77.0,171.49333,4.0,57.824257,-2.8284028,0.0,0.0,100.0,-7.0,7.0,8.0,5.865157,1.7549187,99.919586,0.0,1.0,1.0,-7.0992255,56.997517,0.0,2.0,-8.0,85.84991,1.0
68.0,216.34755,1.0,59.487812,25.9954,0.0,0.0,92.0,55.889843,6.0,6.0,28.071959,3.0,44.0,0.0,1.0,1.0,48.264137,-8.0,5.0,2.0,1.0,91.61271,1.0
61.250935,283.26263,16.128902,76.151825,20.435543,4.6777873,1.7107707,60.011784,-7.0,-9.0,5.0,33.36802,0.0,57.92704,0.0,3.8987153,3.0,43.903214,54.489685,4.0,5.7792306,0.0,84.1934,1.0
-9.0,127.040016,-9.0,51.546783,42.843952,0.0,0.0,95.15849,23.99888,6.0,6.0,47.167103,8.8564415,30.995975,2.5776298,2.0,2.0,94.2804,67.85863,16.65478,4.0,10.770625,86.0,1.0
-9.0,207.98296,20.66138,106.03089,6.1786556,10.01516,0.0,-9.0,22.263767,4.0,-9.0,12.0,0.0,23.0,0.0,3.0,3.0,116.45759,-8.0,4.0,1.0,2.6440558,100.0,1.0
-9.0,171.8092,4.710211,61.0,11.759279,0.0,0.0,8.760319,1.4412588,-0.7834549,5.544426,15.0,3.0,38.0,0.0,1.0,1.0,91.74082,77.72069,7.662041,3.0,5.755955,100.0,1.0
71.0,149.26038,32.04478,89.06386,6.0080276,8.88854,1.0,63.85541,56.09072,6.0,3.0,7.0,0.0,91.91447,1.0,1.0,0.0,0.0,57.046623,-9.0,3.0,-9.0,63.01656,1.0
64.84065,151.96954,2.025677,79.02863,24.0,0.0,0.0,100.0,-7.0,7.0,8.0,24.320808,4.0,55.11123,-7.0,4.0,4.7368307,62.850647,43.543587,6.0,3.0,1.0,86.0,1.0
62.0,123.566055,2.0,34.822773,13.0,0.0,0.0,100.0,-7.0,7.0,8.0,13.0,3.0,31.0,0.0,0.0,0.0,94.6509,-8.0,4.0,2.0,3.0,88.36661,1.0
56.408188,167.13484,3.0,55.329147,20.0,2.261592,2.0,88.0,-7.0,-9.0,5.0,22.330673,2.0,41.0,0.0,1.0,0.0,40.799946,88.0,5.0,3.0,0.0,75.0,1.0
65.957306,22.149353,6.0,30.837322,12.0,1.0,1.0,100.0,-7.0,6.0,8.0,10.0,2.3071609,38.0,0.0,2.0,2.0,38.60767,43.692833,3.0,2.0,0.0,70.26456,1.0
-7.3596163,125.2393,14.294924,75.01649,8.106389,2.0,1.0,75.83726,-7.0,1.4629015,3.2967958,9.0,0.0,29.0,-7.0,4.0,3.0,6.0,-8.0,1.0,-8.0,0.0,33.0,1.0
61.3571,53.20384,3.0,16.225616,13.0,0.0,0.0,100.0,-7.0,7.0,8.0,11.775075,2.0,50.0,0.0,3.0,3.0,77.58012,-8.0,3.0,1.0,2.0,80.0,1.0
63.90377,138.5325,7.2325153,63.0,17.0,2.0,2.1844597,88.434555,15.461235,6.0,5.0,18.0,1.0,24.0,-7.0,0.0,0.0,68.296974,-8.0,4.0,1.0,1.0,67.0,1.0
68.0,52.200542,4.0,33.70012,19.0,0.0,0.0,100.0,-7.0,7.0,8.0,21.0,6.545775,43.04094,-7.0,1.0,1.0,41.06918,-8.0,2.0,2.2764525,1.6794893,73.16179,1.0
45.386333,125.014984,19.468138,57.363766,-9.0,1.0,1.0,100.0,-7.0,7.0,8.0,-9.0,0.0,99.82937,-7.0,2.0,2.0,-8.151116,50.979332,-9.0,1.0,-9.0,70.19984,1.0
73.0,104.66032,19.613956,41.070366,12.0,0.0,0.0,100.0,-7.0,7.0,8.0,16.811079,0.0,77.4066,0.0,0.0,0.0,29.32554,53.81328,3.0,3.0,0.0,100.0,1.0
65.49921,-9.0,8.01444,-9.0,3.8188357,0.0,0.0,100.0,-7.0,7.0,8.0,3.9784365,0.0,7.4323,0.0,1.0,1.0,44.18831,-8.0,4.0,1.0,2.0,80.137856,1.0
61.613518,-8.722216,2.0,-9.0,-9.0,0.0,0.0,100.0,-7.0,7.0,8.0,4.4082475,6.0198035,15.0,0.0,1.8227957,2.0,53.29248,-8.0,3.0,1.0,0.0,88.94198,1.0
64.594,179.49475,7.0,72.63748,28.283255,1.0,0.0,81.13838,27.117764,6.0,2.458103,31.0,1.0,58.043247,0.0,4.0,4.0,80.42444,70.71704,6.0,7.831551,1.7018782,100.0,1.0
-9.0,178.49039,8.0,68.0,28.683966,4.991921,0.0,72.84867,-2.5308647,0.28143644,2.0,38.4734,1.0,56.04025,0.0,1.0,1.0,80.20152,51.04375,4.0,2.0,1.0,70.0,1.0
73.0,170.30054,4.0,60.36479,13.6046915,0.0,0.0,100.0,-7.0,7.0,8.0,18.0,3.0,40.06537,0.0,1.0,1.0,63.32503,38.193497,2.0,2.0,0.0,67.0,1.0
59.052475,46.279995,29.155922,58.0,-9.0,0.0,0.0,69.873795,12.188475,6.0,6.0,0.43473062,0.0,56.568634,1.0,1.0,1.0,70.73685,-8.0,1.0,1.0,0.0,75.0,1.0
70.0,139.04951,6.0,40.78116,12.0,2.5521047,0.0,82.8496,45.120438,6.0,2.0751517,14.0,1.0,98.01568,0.0,1.0,0.0,62.52149,88.0,2.0,4.0,0.0,100.0,1.0
54.38822,74.18736,4.0,38.524975,15.68815,0.0,0.0,100.0,-7.0,7.0,8.0,15.0,2.0,12.9530945,0.0,3.0,3.0,42.084282,-8.0,10.226958,2.0,1.0,69.54385,1.0
64.54107,187.83012,2.0,54.292114,28.898954,2.0,0.0,93.0,31.399755,6.0,4.1547623,37.97401,3.9807937,40.0,0.0,0.0,0.0,43.21077,97.993614,12.760661,7.6689167,1.0,83.0,1.0
60.532345,182.18175,7.0,47.749714,-9.0,2.0,2.0,63.83289,62.326824,6.0,3.0,8.0,2.0,74.16291,0.0,0.0,0.0,108.13838,-8.0,0.0,1.0,-2.991385,80.0,1.0
69.0,158.24817,12.108059,63.796856,11.715324,0.0,0.0,88.0,12.802509,6.0,6.0,10.0,0.0,42.0,0.0,2.0,2.0,8.0,81.89495,1.0,1.0,0.0,44.753944,1.0
65.812,147.57336,1.0,29.41995,7.0,0.0,0.0,100.0,-7.0,7.0,8.0,8.9493685,4.0,56.718437,4.0,4.0,3.2743795,75.683556,96.07995,4.0,2.0,1.0,100.0,1.0
55.80277,286.80264,18.486267,94.0,17.666233,1.0,0.0,69.097435,6.0,6.0,6.0,17.0,0.0,53.740627,0.0,1.0,1.0,56.982807,-8.0,3.0,3.0,3.0,80.10909,1.0
10.362603,88.236496,20.0,38.73996,6.407364,9.932242,6.1731844,66.329346,13.547202,4.0,4.0,11.369181,0.0,75.30514,0.0,0.0,0.0,74.71442,26.916698,2.0,4.0,0.0,100.0,1.0
65.0,114.75522,4.0,44.421833,34.0,1.0,0.0,97.0,36.38967,6.0,5.0,32.0,5.0,67.38762,3.0,0.0,0.0,64.584274,90.86839,4.0,5.0,3.0,86.0,1.0
57.680435,-9.0,1.0,-9.0,-9.0,0.0,0.0,100.0,-7.0,7.0,8.0,6.2073874,4.0,20.0,-7.0,0.0,0.0,94.426094,-8.0,2.0,1.0,0.0,88.0,1.0
65.0,95.94535,7.2606707,-9.0,3.889525,0.0,0.0,100.0,-7.0,7.0,8.0,5.4059124,2.0,19.0,5.0,0.0,0.0,71.18636,48.729023,3.0,1.0,0.0,65.85551,1.0
74.0,68.10806,1.0,19.054007,9.0,0.0,0.0,100.0,-7.0,7.0,8.0,13.0,4.0,24.0,-7.0,1.0,1.0,28.25047,36.591427,2.0,2.0,0.0,50.0,1.0
59.681976,10.650511,13.914716,56.15005,13.0,0.0,0.0,100.0,-7.0,7.0,8.0,14.0,0.0,29.749334,0.0,3.0,3.0,93.95506,-8.0,4.0,1.0,4.0,100.0,1.0
59.438793,105.090485,12.0,30.300386,13.0,0.0,0.0,88.97182,22.471685,4.0,5.0,15.0,0.0,36.0,-7.0,0.0,0.0,106.66782,33.27772,4.0,3.0,2.0,100.0,1.0
-9.0,140.24017,15.850124,70.08569,21.994993,0.0,0.0,91.0,21.554375,6.0,6.0,22.015009,0.0,50.0,0.0,6.2967596,5.159943,67.68575,93.0,2.0,4.0,2.0,100.0,1.0
58.318493,159.53926,3.0,57.78925,42.203884,0.0,0.0,90.99563,10.596075,6.0,6.0,54.521156,6.0,55.395782,-7.0,3.0,3.0,70.07044,70.306206,6.0,6.0,3.6457949,75.0,1.0
65.61058,71.25559,17.909735,26.229683,-4.212071,0.0,0.0,100.0,-7.0,7.0,8.0,0.2598778,0.0,99.46608,-7.0,0.0,0.0,0.0,100.0,-9.0,2.0,-9.0,100.0,1.0
57.92062,161.85089,5.0,64.60636,10.0,0.0,0.0,73.0417,44.70184,4.0,6.0,11.983729,2.0,33.0,0.0,2.0,2.0,107.73184,-8.0,3.0,1.0,0.0,80.0,1.0
71.0,280.73874,29.821981,93.0,9.0,0.0,0.0,84.208626,9.29533,6.0,6.0,12.0,0.0,46.29294,0.0,5.6334896,5.0,86.932434,-8.0,3.0,1.0,2.0,100.0,1.0
63.508858,143.895,3.0,57.4984,10.0,0.0,0.0,100.0,-7.0,7.0,8.0,10.0,2.0,61.20362,8.007502,1.0,1.0,105.60779,93.220024,3.0,6.0981126,3.0,100.0,1.0
73.0,173.17888,10.379831,79.21667,20.0,0.0,0.0,100.0,-7.0,7.0,8.0,19.0,1.0,45.01069,0.0,0.0,0.0,64.89406,88.0,6.0,3.0,1.0,78.0,1.0
63.047512,-9.0,3.0,-9.0,11.0,0.0,0.0,97.0,24.089024,6.0,6.0,12.0,4.30172,46.260487,0.0,2.4782608,2.0,39.858147,88.774864,2.0,2.0,0.0,56.0,1.0
5.0609355,144.67984,5.0,58.0,18.0,0.0,0.0,85.17208,3.9175422,3.5244656,6.0,17.0,4.0,27.0,0.0,2.0,2.0,55.032116,94.51324,10.409718,4.541692,1.0,83.0,1.0
55.080914,74.76491,-9.0,-9.0,-9.0,0.0,0.0,100.0,-7.0,7.0,8.0,4.2925286,6.0,32.833885,0.0,4.0,3.7676587,68.16097,59.825607,2.609427,2.0,0.0,69.71184,1.0
72.0,153.01772,1.0,79.0,32.0,1.0,0.0,95.0,31.268055,6.0,5.0,36.48219,4.0,33.527145,0.0,5.368231,5.275092,2.0,76.0,4.0,2.0,0.0,50.0,1.0
62.275738,164.1127,2.0,71.0,6.02493,0.0,0.0,100.0,-7.0,7.0,8.0,7.7727337,5.0,18.0,0.0,0.0,0.0,105.58596,-8.0,3.0,1.0,5.989717,75.0,1.0
62.0,78.65452,5.0,17.973173,13.0,0.0,0.0,100.0,-7.0,7.0,8.0,14.255588,1.0686476,22.0,16.473206,0.0,0.0,67.31115,-8.0,5.0,1.0,3.2126951,91.35395,1.0
65.71853,127.16612,2.0,22.840494,10.0,2.0,1.8471155,100.0,-7.0,7.0,8.0,7.572573,4.0,55.01961,-8.0,0.0,0.0,13.025077,82.4788,1.0,3.0,0.0,78.0,1.0
61.894257,174.03033,8.0,61.855354,9.0,0.0,0.0,91.81769,27.571032,6.0,6.0,8.0,0.0,24.0,0.0,2.0,2.0,84.11357,-8.0,4.0,1.0,2.0,80.0,1.0
57.81443,93.82056,3.0,-9.0,11.0,0.0,0.0,100.0,-7.0,7.0,8.0,13.0,10.045428,27.533628,0.0,1.0,1.0,59.004345,100.491295,8.0,2.0,1.0,83.0,1.0
75.19101,157.0355,3.0,44.798523,10.01302,0.0,0.0,100.0,-7.0,7.0,8.0,12.0,3.0,33.0,0.0,3.0,3.2781196,6.0,-8.0,1.0,1.0,0.0,56.044987,1.0
62.0,183.45897,2.0,42.765434,-9.0,1.0,1.0,100.0,-7.0,7.0,8.0,3.5533803,5.3656635,72.075,0.0,1.0,1.0,51.758663,84.97301,2.0,3.0,0.0,100.0,1.0
58.26579,-9.0,5.0,-9.0,3.628466,0.0,0.0,100.0,-7.0,7.0,8.0,5.2308273,2.0,1.6709557,0.73271084,0.0,0.0,94.53751,74.30303,3.0,1.0,0.0,55.834705,1.0
66.02863,101.52068,4.0,9.023005,-3.7984734,1.0,1.0,88.0,21.869965,6.0,6.0,1.2560158,3.0,43.72465,0.0,1.0,1.0,0.0,-8.0,1.0,1.0,0.0,48.00486,1.0
62.953484,130.53769,1.0,53.80122,15.0,0.0,0.0,93.0,25.928333,6.0,6.0,17.0,3.0,-9.0,0.0,5.248706,5.3841605,32.0,-8.0,6.0,1.0,1.0,57.0,1.0
60.22474,178.41197,4.0,68.67658,6.0,1.0,0.0,68.008575,26.595768,6.0,5.0,12.0,2.0,24.0,0.0,0.0,0.0,115.168175,-8.0,4.0,1.0,3.1671062,100.0,1.0
67.0,116.25629,8.0,26.331394,16.0,0.0,0.0,100.0,-7.0,7.0,8.0,14.474813,1.0,36.0,0.0,0.0,0.0,59.213593,87.52606,4.0,4.0,1.0,67.0,1.0
68.0,67.60928,11.0,36.43985,12.0,0.0,0.0,86.73322,2.8596747,0.0,6.0,14.761215,0.0,63.65519,-7.0,0.0,0.0,54.991905,65.73557,3.0,2.0,1.0,88.37963,1.0
69.0,125.35254,4.0,61.0,39.0,2.0,1.0,88.0,6.0,3.0,3.0,39.321648,3.0,24.0,0.0,2.0,2.0,22.703625,99.70148,7.0,4.0,1.0,60.0,1.0
75.84904,136.13487,14.0,52.8764,10.0,0.0,0.0,100.0,-7.0,7.0,8.0,16.0,0.0,42.494778,-7.0,1.0,0.0,0.0,-8.0,1.0,1.0,0.0,38.0,1.0
68.0,42.673298,4.0,29.958006,22.0,0.0,0.0,100.0,-7.0,7.0,8.0,23.0,7.144775,35.723904,0.0,1.0,1.0,32.0,99.33511,3.0,3.0,1.0,67.0,1.0
71.0,52.63953,14.0,31.304972,-9.0,0.0,0.0,100.0,-7.0,7.0,8.0,3.2777777,0.42266676,-3.7961628,1.0,0.0,0.0,1.0,-8.0,0.5710629,-9.0,0.0,20.774164,1.0
57.994766,130.92958,2.467629,-9.0,13.0,1.0,1.0,85.119644,22.683315,6.0,3.0,15.0,7.428248,15.527445,1.0,1.0,1.0,57.6433,-8.0,8.0,1.0,1.0,80.0,1.0
68.0,-8.861842,10.0,0.3738211,10.295973,0.0,0.0,100.0,-7.0,7.0,8.0,9.0,0.0,11.053515,0.0,0.0,0.0,58.97237,-8.0,4.0,1.0,2.0,71.29324,1.0
56.93743,163.17426,2.0,55.549644,22.869473,8.912605,1.0,78.88871,4.8063664,3.0,3.0,27.0,2.0,40.0,0.0,5.0,5.0,25.0,45.557663,2.0,5.0,0.0,50.0,1.0
62.0,175.80489,4.0,61.48519,24.0,1.0,0.0,93.0,63.222286,6.0,5.0,24.0,3.3176231,33.0,0.0,1.0,1.0,56.55974,90.13965,11.0,5.405498,4.0,100.0,1.0
62.0,120.57749,4.0,30.64738,30.393988,0.0,0.0,100.0,-7.0,7.0,8.0,32.0,3.0,56.694214,-7.0,6.482128,5.9864855,80.90977,61.951035,6.0,7.2712007,1.0,96.58322,1.0
65.0,106.411354,2.0,-1.2723666,9.614334,0.0,0.0,86.56078,8.641104,6.0,6.0,13.443378,6.0,14.0,7.0,1.0,1.0,24.187614,-8.0,4.0,1.0,0.0,67.0,1.0
-9.0,94.59001,14.0,-9.0,-9.0,1.7038921,2.0,38.718372,-7.0,3.6960847,-3.647636,3.2352107,1.0,34.94394,0.0,1.0,1.0,116.60982,-8.0,2.0,1.0,0.0,97.48654,1.0
64.0,151.67003,2.0,11.127207,14.678331,1.0,0.0,79.91384,22.340677,6.0,3.242129,19.0,3.0,36.0,0.9248359,0.0,0.0,47.645966,95.85477,5.0,3.0,0.0,90.08369,1.0
68.0,49.20057,2.0,-9.0,27.738604,2.6737273,0.0,92.0,70.54131,6.0,2.0,28.0,10.886261,15.0,0.0,2.0,2.0,12.0,100.0,13.36828,3.0,1.0,63.0,1.0
55.268803,127.70206,6.0,45.31833,20.0,0.0,0.0,95.0,-7.0,6.0,6.0,20.11167,3.0,26.0,1.0,14.25528,14.39187,67.80207,72.32074,7.0,2.0,10.172736,71.0,1.0
65.0,160.13306,17.246136,67.161865,9.0,0.0,0.0,100.0,-7.0,7.0,8.0,8.0,0.0,27.0,2.0,0.0,0.0,104.70912,80.0,5.0,2.0,5.836151,87.51271,1.0
65.0,152.74257,15.237215,62.671894,12.0,0.0,0.0,100.0,-7.0,7.0,8.0,12.42794,0.9232213,97.03935,-7.0,2.0,2.0,46.29703,-8.0,2.0,1.0,1.0,100.0,1.0
65.0,77.68495,4.0,26.324684,19.0,0.0,0.0,100.0,-7.0,7.0,8.0,19.0,3.0,50.0,0.0,4.0,4.0,94.81975,100.0,3.0,4.0,1.0,80.0,1.0
63.03074,197.40201,4.0,77.07925,30.0,1.0,0.0,90.0,8.593925,4.0,5.0,40.10707,3.0,19.0,1.0,3.0,3.0,44.76503,95.715706,21.313389,3.3908079,3.7923114,91.88134,1.0
57.40669,122.57584,8.0,51.389088,17.946882,0.0,0.0,84.28547,35.22371,6.0,6.0,22.0,2.0,50.0,-7.0,0.0,0.0,79.06773,93.0,6.0,2.513644,2.0,100.0,1.0
-9.0,-9.0,10.0,-9.0,10.0,0.0,0.0,100.0,-7.0,7.0,8.0,12.0,2.0,-9.0,8.0,0.0,0.0,119.46629,-8.0,5.0,1.0,1.0,75.0,1.0
68.0,215.61621,4.690777,63.0,16.0,0.0,0.0,85.75812,45.733604,6.0,6.0,18.0,2.0,16.0,0.0,2.0,2.0,67.61849,99.91509,8.0,2.0,2.0,80.0,1.0
-9.0,166.67337,3.0,62.736282,12.0,4.88541,1.0,1.8300443,4.1110616,0.15241517,2.6574826,18.0,3.0,73.92223,0.0,6.535768,6.5341067,59.27337,32.97843,2.0,3.0,0.0,100.0,1.0
-0.7961972,95.820366,21.648026,74.0,28.0,0.0,0.0,88.0,2.0,4.0,6.0,32.0,0.0,68.236855,-7.0,3.0,2.0458937,64.36561,57.619793,3.0,5.9499593,3.0,100.0,1.0
57.5621,213.7328,28.778414,83.0,15.0,2.0,0.0,30.766027,5.5994368,6.0,5.0,18.0,0.0,63.608883,-7.0,0.0,0.0,87.0103,54.399124,4.0,3.0,0.0,100.0,1.0
59.058674,107.96004,4.368664,-9.0,8.0,1.0,1.0,89.0,11.219576,6.0,6.0,5.629935,4.0,42.0,0.0,3.0,3.0,0.0,95.59597,1.0,2.0,0.0,35.629467,1.0
70.65804,149.78793,5.457241,41.20384,19.0,0.0,0.0,88.0,33.245693,4.0,5.931509,22.310911,3.0,56.344704,1.0,2.0,2.0,28.0,-8.0,3.0,6.0,0.0,67.0,1.0
57.898155,182.40855,11.236416,61.0,24.0,6.791723,0.0,69.433586,12.1717005,4.0,2.0,28.411373,1.0,67.22392,1.0,3.0,2.0,33.46113,7.428021,3.0,3.0,0.0,86.0,1.0
62.439156,207.98192,8.542012,58.0,22.0,7.4736915,6.9746704,86.40567,25.353823,6.0,-9.0,24.187624,3.0,37.72613,0.0,4.0,3.4484563,23.42341,-8.0,2.0,1.0,0.0,39.531387,1.0
68.0,-9.0,2.0,-9.0,-9.0,0.0,0.0,100.0,-7.0,7.0,8.0,6.64563,3.0,27.0,-7.0,2.0,2.0,0.0,-8.0,1.0,-8.0,0.0,31.963284,1.0
61.1793,7.85215,5.0,30.296352,25.0,2.0,1.0,97.0,4.0,-3.452339,6.0,27.0,2.0,22.981665,0.0,1.0,1.0,28.799541,53.142097,5.0,2.0,0.0,52.681374,1.0
-9.0,108.42993,6.0,-9.0,14.0,0.0,0.0,100.0,-7.0,7.0,8.0,15.0,2.0,-9.0,20.408009,0.0,0.0,113.2643,-8.0,8.174235,-8.0,10.028742,100.0,1.0
64.3217,115.43208,25.472223,58.315453,7.0,0.0,0.0,100.0,-7.0,6.0,8.0,8.0,0.0,29.122215,0.0,0.0,0.0,113.13187,-8.0,3.0,1.0,1.0,71.0,1.0
69.0,34.99796,4.107298,-9.0,11.569638,0.0,0.0,88.04462,55.294582,6.0,6.0,10.843436,2.0,46.970383,0.0,1.0,1.0,29.11392,49.24119,3.0,3.0,0.0,80.0,1.0
63.0,149.95302,2.234027,43.666443,9.0,1.0,1.0,100.0,-7.0,3.585075,8.0,8.0,2.0,62.13821,-7.0,6.2614803,6.103834,75.73833,86.27018,3.0,3.0,0.0,88.0,1.0
58.64191,157.54349,26.957693,82.0,14.0,2.0,1.0,60.379475,4.6484866,4.0,5.0,14.0,0.0,16.180567,6.0,0.0,0.0,80.05112,-8.0,9.0,2.0,6.410962,88.57057,1.0
70.51614,83.457146,2.8304763,31.588955,17.0,0.0,0.0,100.0,-7.0,7.0,8.0,19.0,2.0,57.632233,0.0,2.0,2.0,22.933378,76.0,4.0,5.0,2.0,85.5362,1.0
-9.0,119.24565,2.0,30.510803,18.77792,0.0,0.0,88.562675,7.5504155,6.0,5.859564,21.0,4.0,19.0,0.0,2.0,2.0,76.92438,95.78848,10.585039,3.0,3.0,91.108505,1.0
62.12174,139.70082,1.0,42.065388,11.0,0.0,0.0,77.232025,15.402364,6.0,6.0,10.00396,2.0,34.8172,0.0,2.0,2.0,13.0,59.373825,2.0,2.0,0.0,60.0,1.0
66.96635,103.87584,1.0,10.075662,13.0,0.0,0.0,100.0,-7.0,7.0,8.0,15.0,6.0,7.11768,0.0,1.0,1.0,48.61059,-8.0,2.0,1.0,0.87124425,50.0,1.0
59.89595,-9.0,4.0,-9.0,16.0,0.0,0.0,100.0,-7.0,7.0,8.0,22.0,2.0,37.0,0.0,0.0,0.0,119.60765,97.84509,3.0,3.0,1.0,97.83943,1.0
63.393265,25.67546,2.0,45.173534,18.0,0.0,0.0,100.0,-7.0,7.0,8.0,4.859132,4.0,21.51529,0.0,4.946365,4.2920995,44.54149,48.515934,9.0,3.0,3.0,75.0,1.0
57.366776,-9.0,22.976894,5.343004,3.7770543,0.0,0.0,100.0,-7.0,7.0,8.0,-9.0,0.0,100.0,0.0,1.0,1.0,-8.680998,67.40831,-9.0,2.0,-9.0,60.0,1.0
69.423584,156.40732,8.0,58.0,6.5157614,1.0,0.0,81.35791,59.93516,6.0,5.0,8.0,4.0,66.590164,0.0,1.0,1.7773226,102.53242,100.0,1.0,2.0,0.0,82.24305,1.0
54.85284,176.52258,4.0,71.0,34.1579,0.0,0.0,91.0,6.0,5.0,6.0,40.066257,2.0,44.0,16.0,0.0,0.0,71.2069,93.68119,18.913853,4.0,3.0,100.0,1.0
-9.0,82.5946,6.0,-9.0,16.0,1.0,0.0,88.491425,6.0,4.0,5.307225,19.47978,3.0,38.035908,0.0,2.0,2.0,45.063652,92.826645,7.0,3.0,0.0,71.0,1.0
63.98131,143.38644,2.9649205,68.950806,13.316031,1.0,0.0,89.0,10.848699,6.0,4.8579593,10.669862,3.0,49.309963,0.0,0.0,0.0,61.898575,86.790146,3.0,2.0,1.0,73.0,1.0
55.582653,86.54803,10.0,44.13205,24.0,8.375937,1.0,58.707745,6.5582933,4.980367,4.0,38.0,1.0,57.354897,2.0,1.0,1.0,89.08668,80.30206,5.0,4.0,3.0,88.4983,1.0
-1.8241447,186.57216,19.561352,94.0,15.0,0.0,0.0,-9.0,-7.0,3.1569202,6.0,19.0,0.0,9.618919,0.0,0.0,0.0,76.123215,-8.0,8.0,1.0,4.475801,100.0,1.0
57.52635,-8.450437,4.0,-9.0,10.0,0.0,0.0,88.0,11.90036,4.2856464,6.0,10.0,8.372154,9.771114,0.0,1.0,0.0,28.145208,75.48795,4.0,2.0,0.0,56.0,1.0
-9.0,180.64882,20.0,65.0,6.277363,0.0,0.0,60.58144,0.78416544,-9.0,5.0,9.818197,0.0,77.567535,-5.4233723,0.0,0.0,118.425186,80.342735,1.0,3.0,0.0,100.0,1.0
72.646324,74.229965,2.0,56.70789,-1.7655861,0.0,0.0,100.0,-7.0,7.0,8.0,8.527718,4.0,-9.0,9.431072,0.0,0.0,2.5506227,21.518381,3.0,1.0,0.0,56.0,1.0
-9.0,173.17128,11.023125,60.587494,24.90734,0.0,0.0,89.05464,51.733307,6.0,6.0,24.0,3.0,34.228268,0.0,3.0,2.4845755,85.6607,80.51082,11.727615,3.0,4.9299006,80.26898,1.0
57.596302,127.62388,0.7197536,60.32311,5.014592,4.1947346,3.7222319,100.0,-7.0,7.0,8.0,5.069302,2.0,60.13916,0.0,5.0,5.1772585,93.35663,100.0,2.0,2.0,0.0,83.0,1.0
67.080376,138.5959,5.0,54.60389,9.9033375,0.0,0.0,91.0,14.252598,6.0,6.0,8.0,2.0,26.531776,0.0,0.0,0.0,46.33766,91.91217,1.0,2.0,0.0,41.35787,1.0
-9.0,-8.0,5.952967,-9.0,5.4457927,0.0,0.0,100.0,-7.0,7.0,8.0,5.8647127,3.0,49.668713,1.0,4.0,3.0,107.290215,76.26905,3.0,4.0,1.0,88.5979,1.0
-9.0,41.72833,4.6430497,36.408485,27.0,0.0,0.0,88.0,6.0,6.0,6.0,27.0,3.0,29.0,0.0,0.0,0.0,65.7255,84.20435,11.97524,5.0,4.890092,86.0,1.0
66.0,-9.0,1.0,5.2195425,3.8541095,0.0,0.0,100.0,-7.0,7.0,8.0,2.531353,4.0,40.4384,0.0,7.967594,6.8752885,24.094217,97.9562,1.0,2.0,0.0,60.42022,1.0
64.84255,75.25918,-9.0,20.907076,15.0,0.0,0.0,91.9995,18.576576,6.0,6.0,19.374355,6.0,-9.0,-7.0,1.8960668,1.0,4.0,-8.0,6.0,2.0,1.0,55.60693,1.0
68.0,167.26778,29.726671,53.276474,-2.9028323,0.0,0.0,68.177795,21.75025,6.0,6.0,1.1058325,0.0,99.37083,0.0,1.0722055,1.0,0.0,-8.0,-9.0,1.0,-9.0,100.0,1.0
54.61895,159.72511,2.0,46.364834,29.114183,0.0,0.0,91.0,12.643974,6.0,6.0,30.319475,5.0630927,20.0,0.0,6.0341372,6.1507616,104.26075,-8.0,8.90312,3.0,6.7904325,89.0338,1.0
66.61354,207.60474,3.0,59.573177,21.0,0.0,0.0,100.0,-7.0,7.0,8.0,22.0,3.0,30.73766,0.0,2.818048,3.0,41.244663,92.868225,2.0,6.0,1.0,70.28501,1.0
55.018772,147.96652,3.9256277,35.37167,11.0,0.0,0.0,95.0,2.347208,6.0,6.0,9.356571,2.0,39.196968,0.0,1.0,1.0,67.71963,82.759346,5.9465218,1.0698469,2.0,78.0,1.0
65.0,125.26678,8.0,17.007149,9.0,0.0,0.0,100.0,-7.0,7.0,8.0,9.0,0.0,38.0,1.0,1.0,0.0,97.199234,52.76758,2.0,2.0,4.0,71.0,1.0
-9.0,161.81577,9.0,66.52821,33.0,0.0,0.0,88.0,3.0,4.0,6.0,32.0,1.0,21.0,0.0,5.0,4.671773,54.944885,-8.0,19.275219,2.0,4.74936,91.69469,1.0
66.44366,141.99187,-9.0,43.68667,7.0,0.0,0.0,100.0,-7.0,7.0,8.0,7.2072334,5.0,46.328766,-7.0,6.483965,6.50986,111.56231,15.427841,3.0,1.0,0.0,100.0,1.0
71.377335,140.96281,20.0,30.47419,3.7320547,0.0,0.0,100.0,-7.0,7.0,8.0,8.712091,0.0,97.57911,0.0,4.0,4.0,0.0,-8.0,1.0,1.0,-8.374919,48.89252,1.0
54.36986,113.27781,11.0,37.08629,20.0,2.0,0.0,88.72182,1.0,0.05105801,3.0,19.131554,2.0,35.0,0.0,1.7505219,1.0,60.49507,79.507095,7.1723304,4.0,2.0,89.5316,1.0
-9.0,134.73738,22.077204,36.592342,12.0,3.0186968,2.4083307,83.51063,40.59708,7.0,6.0,15.0,0.0,100.0,0.0,2.0,2.0,1.5800128,71.10548,1.0,4.0,0.0,100.0,1.0
69.0,19.343462,3.1535692,37.31737,25.0,0.0,0.0,100.0,-7.0,7.0,8.0,28.0,3.0,15.0,1.0,3.0,3.0,38.37188,-8.0,9.0,1.0,1.0,80.0,1.0
66.0,8.129563,11.307985,-9.0,10.0,1.5278771,0.0,76.07255,-7.0,6.0,4.0,9.183672,0.0,23.0,0.0,3.0,2.6746922,0.0,-8.0,1.1731427,2.0,0.0,45.18659,1.0
56.66002,173.10995,6.0,94.0,16.0,2.0,1.0,79.96981,7.9660525,-9.0,3.0,17.289877,4.0,14.0,2.0,1.0,1.0,48.53757,11.409713,5.0,3.0,1.0,100.0,1.0
-9.0,-2.839692,2.0,38.177822,8.0,0.0,0.0,87.80328,5.146527,6.0,6.0,8.0,4.0,16.778074,0.0,5.04618,6.3654556,51.193577,-8.0,5.0,-9.0,1.0,75.0,1.0
71.0,46.062935,1.0,-9.0,4.297856,0.0,0.0,100.0,-7.0,7.0,8.0,4.954165,2.0,50.0,0.0,3.0,3.0,1.0,91.60989,1.0,2.0,0.0,50.0,1.0
66.0,124.26849,28.15921,90.99066,12.0,0.0,0.0,84.41277,18.811152,6.0,6.0,11.0,0.0,27.463688,-8.0,0.0,0.0,93.2283,-8.0,3.0,-8.0,0.0,100.0,1.0
69.0,191.22319,3.0,55.866714,30.169865,0.0,0.0,100.0,-7.0,7.0,8.0,46.040752,4.0,42.0,0.0,3.0,2.0,38.93645,114.911674,6.0,3.0,1.0,67.0,1.0
66.0,98.386246,11.0,-9.0,15.140696,0.0,0.0,100.0,-7.0,7.0,8.0,18.0,0.0,20.0,0.0,1.0,1.0,71.80765,-8.0,9.0,-8.0,4.385828,88.414604,1.0
69.0,290.4284,3.0,53.98486,35.062134,4.4078326,1.0,88.0,40.60512,6.0,2.1367419,41.76802,10.890209,44.0,0.0,4.0,3.7501776,12.869311,81.48942,5.0,11.972083,0.0,80.0,1.0
65.0,140.9579,1.0,36.30502,39.0,3.6558442,3.678058,89.0,29.37159,4.0,2.1052954,42.079517,10.991579,22.0,0.0,4.0,3.2576892,13.0,-8.0,9.0,4.0,0.0,67.0,1.0
62.0,105.00157,-8.663673,17.020046,7.0,0.0,0.0,100.0,-7.0,7.0,8.0,8.26626,3.0112176,40.074444,0.0,1.0,1.0,98.39494,84.030754,5.0,3.0,4.0,100.0,1.0
68.0,43.38306,2.0,5.9031134,11.0,1.0,0.0,76.021515,52.39655,6.0,5.0,11.651729,4.0,35.22786,0.51985246,0.0,0.0,44.538136,94.32038,4.0,3.0,2.0,78.65847,1.0
59.38992,123.472466,20.888031,74.54858,-9.0,2.0,0.0,-9.0,6.428375,6.0,3.8476593,9.105822,0.0,24.0,-7.0,0.0,0.0,71.33134,-8.0,2.0,1.0,1.0,77.8888,1.0
55.02304,114.63473,25.849224,39.303703,6.871716,3.0,2.0,73.45996,20.056404,6.0,5.0,7.0,0.0,100.0,0.0,2.0,2.0,-5.085513,93.0,-9.0,2.0,0.0,100.0,1.0
73.0,137.46608,23.992622,36.058605,14.0,0.0,0.0,100.0,-7.0,7.0,8.0,14.0,0.0,99.426674,0.0,0.0,0.0,1.0,64.80836,1.0,3.0,0.0,75.0,1.0
73.604034,159.80383,6.0,47.799606,16.891916,0.0,0.0,100.0,-7.0,7.0,8.0,14.532403,2.0,54.335014,0.0,0.0,0.0,1.0,86.32356,1.0,2.0,0.0,70.80679,1.0
69.0,159.22614,-9.0,49.083324,7.409438,0.0,0.0,88.0,33.256832,6.0,6.0,9.0,5.0,80.300735,0.0,4.5675187,4.650124,1.6496223,81.02934,1.0,6.896615,0.0,88.0,1.0
62.0,77.07954,1.0,54.202053,32.47024,3.9937053,2.4565265,92.613785,28.335264,0.11189551,4.0,35.334892,4.2633514,50.0,2.0,2.0,2.0,25.0,88.76196,7.0,4.0,0.0,67.861885,1.0
28.58492,101.52806,2.0,-9.0,5.790702,0.0,0.0,100.0,-7.0,7.0,8.0,11.0,3.0,28.47994,0.0,1.0,1.0,80.813515,76.82153,4.0,3.0,2.0,83.53011,1.0
62.9403,230.81946,4.0,58.0,30.0,0.0,0.0,90.0,4.0,0.1222267,6.0,35.0,3.0,50.0,1.0,0.0,0.0,90.72488,69.23023,6.0,4.0,2.0,78.31959,1.0
79.56279,74.02159,6.0,43.250927,18.0,0.0,0.0,100.0,-7.0,7.0,8.0,16.0,2.0,77.50917,0.0,0.0,0.0,0.0,28.569313,1.0,4.0,0.0,67.0,1.0
60.464867,134.0179,7.0,52.270138,21.0,1.4873973,1.0,91.874306,1.0,-0.02242501,5.0,24.0,2.0,45.35676,0.0,2.0,2.0,62.6426,-8.0,4.0,4.0,1.0,100.0,1.0
-9.0,199.084,2.0,55.40361,14.0,0.0,0.0,88.35381,-7.0,-9.0,6.0,20.0,3.0,42.0,0.0,4.0,4.0,109.345085,82.0,4.0,3.0,2.0,100.0,1.0
54.60048,97.52329,17.44936,36.330612,4.4479423,4.5926805,3.8734643,78.60638,4.4706492,-0.08520014,2.3591564,8.456486,0.0,31.862831,-7.0,0.0,0.0,115.16822,18.682856,2.0,2.0,2.0,86.0,1.0
65.0,100.75324,10.0,-9.0,7.647748,0.0,0.0,89.0,25.111588,6.0,6.0,9.0,1.1359553,95.547424,0.0,0.0,0.0,0.0,66.6626,1.0,2.0,-9.0,100.0,1.0
61.669384,128.75757,6.0,-9.0,10.0,1.0,1.0,100.0,-7.0,7.0,8.0,8.512862,4.0,14.0,0.0,0.0,0.0,75.98265,-8.0,3.0,-8.0,0.0,77.14678,1.0
57.729008,33.559807,1.0,56.272884,22.0,0.0,0.0,100.0,-7.0,4.5937724,6.0,11.0,6.0,1.2609792,2.0,1.0,1.0,45.928543,-8.0,12.846883,1.0,4.2647223,72.70449,1.0
60.504333,-9.0,3.0,12.166817,32.788094,1.0,2.0,94.0,-7.0,0.0,2.7158916,28.0,1.0,0.0,0.0,4.0,4.5820603,58.295094,-8.0,11.0,1.0,5.18902,71.0,1.0
58.440033,170.48308,0.034148432,52.01951,12.0,0.0,0.0,100.0,-7.0,7.0,8.0,16.0,4.0,26.0,0.0,6.596912,7.1132646,101.24713,-8.0,7.0,3.0,9.124044,100.0,1.0
57.465775,83.82041,6.0,-9.0,16.0,0.0,0.0,100.0,-7.0,7.0,8.0,15.0,4.0,57.13624,0.0,1.0,1.0,40.988583,25.57577,5.0,2.0,0.0,67.0,1.0
64.0,-9.0,3.0,2.1957307,34.0,0.0,0.0,100.0,-7.0,7.0,8.0,44.001675,6.0,54.906384,-8.0,1.0,1.6054016,56.433376,73.95359,7.0,5.0,2.0,75.0,1.0
64.51199,126.6656,8.331114,44.716057,6.0,1.0,0.0,83.55527,36.24493,6.0,2.0,5.4312015,1.0,39.793095,0.0,2.0,2.0,81.99384,76.0,2.0,3.0,0.0,90.25177,1.0
62.0,-8.386162,3.0,50.12847,14.079784,0.0,0.0,100.0,-7.0,6.0,8.0,11.0,2.0,58.288563,0.0,2.0,2.0,84.33036,86.40343,4.0,4.0,1.0,88.26474,1.0
63.760838,190.05768,9.0,72.0,5.1108294,1.0,0.0,63.213238,18.672329,6.0,5.0,4.846945,1.0,55.305843,0.0,0.0,0.0,68.53464,88.0,1.0,2.0,0.0,100.0,1.0
66.82606,128.07367,2.0,34.89271,24.0,0.0,0.0,100.0,-7.0,7.0,8.0,25.0,5.8998914,56.287647,-7.0,1.0,1.0,54.366447,76.0,7.0,21.196634,1.0,100.0,1.0
-9.0,133.48341,1.0,46.033146,9.924598,0.0,0.0,79.39615,22.715542,4.734127,6.0,14.0,2.7458603,36.796352,0.0,4.0,4.0,115.46294,-8.0,5.0,2.0,2.0,88.0,1.0
62.0,-8.82074,2.0,-9.0,13.114987,2.669939,1.6504903,88.0,31.372929,6.0,3.0,12.104339,9.324994,25.723497,3.0,2.0,2.0,28.0,130.01031,4.0,1.0,0.0,60.0,1.0
83.0,131.67307,20.0,74.84614,6.0,0.0,0.0,100.0,-7.0,7.0,8.0,9.0,0.0,94.996796,16.0,0.0,0.0,-8.980612,-8.0,1.0,-8.0,0.0,54.075146,1.0
-9.0,198.79893,5.0,70.89347,12.0,0.0,0.0,4.891991,1.5508004,4.0,6.0,13.576019,2.0,19.749151,-7.0,2.0265021,2.9964275,84.13605,65.071106,8.981078,1.0,4.12943,83.72122,1.0
61.29839,-8.039589,17.0,37.48934,9.0,4.527277,2.0,84.7039,39.399254,6.0,6.0,8.0,1.0,29.0,-7.0,4.0,3.6975224,72.89715,69.87789,4.0,4.0,0.0,100.0,1.0
67.0,265.55502,24.008669,123.63456,18.0,9.961726,1.0,59.116966,28.291409,6.0,4.0,23.633774,0.0,46.0,0.0,1.0,1.0,89.5445,76.0,2.0,2.0,0.0,73.0,1.0
64.48947,348.39493,20.0,140.93321,11.25298,1.3543162,1.0,13.322816,1.9156231,4.0,4.0945945,9.89939,0.0,25.0,0.0,1.8940248,2.0,113.002,-8.0,6.0,-8.0,3.723235,100.0,1.0
55.592228,186.39334,8.0,77.08549,18.0,0.0,0.0,100.0,-7.0,7.0,8.0,20.0,0.0,15.0,14.962229,0.0,0.0,117.730736,57.504993,21.832262,1.0,10.957441,88.06896,1.0
68.0,149.87149,6.0,50.18905,6.0,0.0,0.0,100.0,-7.0,7.0,8.0,12.0,1.0,99.99909,-7.0,1.0,1.9300927,1.0,-8.0,1.0,1.0,-5.391626,100.0,1.0
71.0,206.76323,27.351736,67.0,7.0,0.0,0.0,100.0,-7.0,7.0,8.0,8.559566,0.0,69.87069,0.0,1.0,1.0,109.40494,-8.0,1.0,2.0,0.0,83.0,1.0
63.0,135.15855,1.0,35.081623,19.0,3.0169363,0.0,87.5147,29.948845,6.0,0.07921936,20.0,3.0,17.714994,0.0,2.0,2.0,69.661705,88.66585,4.0,5.0,1.0,88.0,1.0
68.0,136.43741,-9.0,32.175243,22.0,0.0,0.0,100.0,-7.0,7.0,8.0,29.0,6.0,30.0,0.0,6.854664,6.946843,29.854557,79.99965,9.0,4.0,3.0,77.60883,1.0
-9.0,190.11012,17.61989,64.82818,29.0,0.0,0.0,90.0,34.436775,5.0,6.0,27.0,0.0,50.0,0.0,4.781618,4.0,93.58532,91.951965,9.592763,4.0,5.8515515,100.0,1.0
68.40955,61.70751,3.0,-9.0,-9.0,0.0,0.0,100.0,-7.0,7.0,8.0,-9.0,3.0,99.87198,0.0,1.0,1.0,26.971664,98.590485,1.0,1.0,0.0,90.205055,1.0
72.91411,-9.0,6.0,-9.0,9.297963,0.0,0.0,100.0,-7.0,7.0,8.0,2.5516818,1.0,11.0,-7.0,1.0,1.0,25.0,48.295845,2.0,1.0,0.0,44.0,1.0
35.15858,147.00374,7.0,44.493294,22.0,2.1654952,2.9779325,88.0,9.240841,6.0,3.6763618,22.0,2.0,57.023235,0.0,1.0,1.0,55.966175,95.47975,5.0,4.0,0.0,71.0,1.0
65.0,64.51914,51.905167,64.468475,4.6071687,0.0,0.0,100.0,-7.0,7.0,8.0,3.3784888,0.0,39.0,13.976254,0.0,0.0,119.63065,-8.0,3.0,1.0,4.0184956,100.0,1.0
61.67002,120.32775,2.0,46.868565,43.001213,0.0,0.0,96.0,38.39706,6.0,6.0,42.01684,9.42368,30.0,10.509753,2.373176,2.0,82.240005,99.23711,7.0,4.0,2.0,91.71543,1.0
-9.0,-9.0,2.0,-9.0,14.0,0.0,0.0,100.0,-7.0,7.0,8.0,17.0,4.0,14.0,0.0,0.0,0.0,94.2024,-8.0,7.0,2.0,4.6239896,85.206955,1.0
59.987328,190.9688,2.0,76.0,34.0,0.0,0.0,96.0,26.81593,6.0,6.0,35.67925,2.0,36.0,0.0,2.0,2.0,70.53209,81.14425,13.826177,4.0,3.1155667,80.0,1.0
1.6571066,132.7615,3.0,61.0,36.373222,0.0,0.0,89.95524,26.452185,6.0,6.0,44.28164,6.0,37.512245,1.0,4.0,4.0,63.785904,100.0,11.0,16.09591,9.4777355,83.0,1.0
60.2766,77.41537,2.0,45.098465,8.512887,0.0,0.0,100.0,-7.0,7.0,8.0,7.017821,4.0,57.37768,-7.0,1.0,1.0,111.08512,88.45115,2.0835478,2.0,3.0,100.0,1.0
62.0,150.03752,3.0,58.516293,23.73844,3.06568,1.0,86.65105,18.524195,6.0,2.0,21.726246,3.0,38.0,0.0,4.0,4.527935,38.55084,-8.0,6.0,1.0,1.0,50.0,1.0
-2.102106,100.38867,34.24829,65.0,7.0647078,9.724154,7.4800663,60.445858,-7.0,1.5366988,2.0,9.462513,0.0,75.20266,-7.0,3.0,2.0,28.165924,-8.0,0.74241513,1.0,0.0,91.74452,1.0
62.0,45.2115,5.0,-9.0,-9.0,0.0,0.0,100.0,-7.0,7.0,8.0,2.5743313,3.0,71.934166,0.0,1.0,1.0,55.335995,64.59397,2.0,3.0,0.0,96.26101,1.0
-9.0,51.899025,8.0,46.254078,14.0,3.0,1.0,80.271194,-7.0,-9.0,4.632374,18.0,5.617083,62.284935,0.0,0.0,0.0,71.59071,84.02069,3.0,5.0,1.0,95.82832,1.0
-9.0,159.00674,17.660862,61.0,12.0,0.0,0.0,74.16791,3.9183543,6.0,6.0,16.0,0.0,61.723778,-7.0,1.0,1.0,113.52208,53.06799,2.0,2.0,3.0,100.0,1.0
72.0,46.83891,27.450598,-9.0,-9.0,0.0,0.0,100.0,-7.0,7.0,8.0,3.4075913,0.0,99.76905,-8.0,0.0,0.0,107.41439,84.03996,1.0,2.0,0.0,100.0,1.0
-9.0,-9.0,-9.0,-9.0,-9.0,-9.0,-9.0,-9.0,-9.0,-9.0,-9.0,-9.0,-9.0,-9.0,-9.0,-9.0,-9.0,-9.0,-9.0,-9.0,-9.0,-9.0,-9.0,1.0
64.0,125.27499,2.0,22.59016,17.0,0.0,0.0,100.0,-7.0,7.0,8.0,20.0,4.0,65.407646,-7.0,0.0,0.0,101.924614,-8.0,3.7416067,4.0,2.0,90.57816,1.0
-9.0,119.51858,3.0,-9.0,9.0,0.0,0.0,93.0,16.263662,6.0,6.0,10.47703,4.0,20.0,0.0,2.0,2.0,49.09723,-8.0,6.0,1.0,2.0,83.0,1.0
57.56488,93.01035,2.0,45.02397,16.0,0.0,0.0,92.0,13.433175,5.0,6.0,16.438295,5.275752,18.0,0.0,2.0,3.0,34.892,99.02975,11.902271,2.0,1.0,74.78023,1.0
62.0,135.45706,31.553406,53.151417,13.273312,0.0,0.0,100.0,-7.0,7.0,8.0,14.0,0.0,13.811848,0.0,0.0,0.0,113.505135,-8.0,9.134948,2.0,8.995409,97.785164,1.0
-9.0,104.38952,7.0,58.259842,33.391674,0.0,0.0,91.0,5.002856,5.0,6.0,33.0,6.0,16.0,0.0,1.0,1.0,54.39011,-8.0,25.02256,1.0,9.051122,83.61585,1.0
61.52316,109.14582,3.0,1.4424435,32.660294,1.0,1.0,95.0,82.603,6.0,6.0,35.250267,5.0,68.1506,0.0,1.0,1.0,116.74302,92.9978,4.0,6.7428885,1.0,88.615425,1.0
61.830578,138.16606,5.0,60.702507,9.0,2.0,2.0,100.0,-7.0,-9.0,8.0,14.0,2.0,28.0,0.0,1.0,1.0,53.093506,-8.0,2.0,1.0,0.0,96.0311,1.0
65.0,106.65708,3.0,37.561783,5.38281,0.0,0.0,85.807396,27.827267,6.0,6.0,6.5709867,4.0,38.0,0.0,3.5155532,3.113701,48.03573,71.0,3.0,1.0,1.0,100.0,1.0
-9.0,-9.0,5.0,-9.0,7.27817,1.0,1.0,100.0,-7.0,7.0,8.0,7.0,3.151783,35.156586,-8.0,3.8759584,3.0,110.27105,76.0,2.0,2.0,1.0,100.0,1.0
63.961403,94.36786,6.0,58.5483,22.0,1.0,1.0,91.0,25.345001,6.0,5.0,23.0,2.0,25.0,0.0,1.0,1.0,42.809284,92.54902,8.1917,4.0,1.0,71.0,1.0
-9.0,-8.0,4.0,-9.0,-9.0,3.0,1.3355135,44.086002,6.0,2.1410482,4.0,3.9853427,2.1644537,89.72936,0.0,1.0,2.0,41.256294,107.30581,1.0,2.0,0.0,79.58559,1.0
60.485825,133.38426,1.0,25.611052,19.0,0.0,0.0,100.0,-7.0,7.0,8.0,20.224674,3.0,20.515537,0.0,1.0,1.0,71.81134,83.59932,4.0,3.0,4.1512365,71.0,1.0
65.0,84.35139,21.702744,42.696316,-7.119117,0.0,0.0,100.0,-7.0,7.0,8.0,3.9986796,0.0,100.0,0.0,1.0,0.0,0.0,-8.0,-9.0,3.0,-8.0,100.0,1.0
-9.0,155.42679,17.0,67.0,2.2446477,2.0,0.0,-9.0,0.91186535,-9.0,5.0,7.3161473,0.0,79.5051,0.0,0.0,0.0,53.746567,-8.0,0.14214945,1.0,-9.0,86.52581,1.0
64.0,214.94917,17.0,58.374413,11.872598,0.0,0.0,100.0,-7.0,7.0,8.0,9.219951,0.0,37.0,9.0,0.0,0.0,87.993286,22.167786,4.0,3.0,4.18759,84.398964,1.0
63.155815,170.99359,26.769922,103.20197,15.0,0.0,0.0,79.681816,6.5012145,6.0,6.0,17.212866,0.0,58.669483,0.0,3.0,2.0,101.63933,-8.0,2.0,2.0,2.0,100.0,1.0
60.461464,102.38469,1.0,59.708363,-9.0,1.0,1.0,100.0,-7.0,7.0,8.0,3.5405774,3.3265326,51.90846,0.0,4.0,4.0,43.857693,31.96565,1.0,4.0,0.0,91.50593,1.0
70.0,39.090847,9.0,-9.0,12.0,0.0,0.0,100.0,-7.0,7.0,8.0,7.025444,2.0,99.917404,0.0,0.0,0.0,3.8899243,47.253296,1.0,3.0,0.0,67.0,1.0
61.12619,-8.039866,2.0,-9.0,-8.183389,0.0,0.0,100.0,-7.0,7.0,8.0,7.0,2.0,0.0,0.0,1.0,1.0,84.929886,-8.0,2.0,-8.0,1.0,60.0,1.0
63.0,-8.0,5.0,-9.0,7.0650268,0.0,0.0,100.0,-7.0,7.0,8.0,8.586529,2.0,50.54045,7.0,1.0,1.0,31.81832,98.38278,2.0,2.0,0.0,56.0,1.0
21.087076,141.25674,8.372454,64.82653,11.826637,1.0,0.0,89.0,2.3880928,6.0,5.8547435,7.7116966,1.0,45.0,0.0,2.0,2.0,73.34866,91.0,2.0,2.0,3.0,61.659462,1.0
67.4394,133.63313,23.149057,54.493587,14.0,0.0,0.0,81.54747,-7.0,-9.0,6.0,15.0,0.0,75.648636,0.0,1.0,1.0,2.0,-8.0,1.0,1.0,0.0,42.634113,1.0
58.26549,136.03044,8.0,39.20918,15.0,0.0,0.0,100.0,-7.0,7.0,8.0,21.834545,1.0,77.49696,0.0,1.4144276,1.0,119.30891,-8.0,3.0,3.0,1.0,100.0,1.0
59.589165,-9.0,4.0,-9.0,15.0,0.0,0.0,100.0,-7.0,7.0,8.0,21.0,6.0,14.0,-8.0,3.7059247,4.0,38.209805,-8.0,6.0,2.0,2.0,86.47843,1.0
69.0,194.07735,3.0,67.574875,17.0,0.0,0.0,100.0,-7.0,7.0,8.0,17.0,2.0,43.0,0.0,1.0,1.0,0.0,60.178417,1.0,4.0,0.0,29.15045,1.0
-9.0,173.09712,20.434753,46.38414,-9.0,0.0,0.0,57.10237,68.70385,7.0,6.0,8.0,1.0,100.0,-7.0,2.0,2.0,-9.0,-8.0,-9.0,1.0,-9.0,100.0,1.0
58.193718,-9.0,2.7103117,-9.0,25.0,0.0,0.0,100.0,-7.0,7.0,8.0,21.276207,4.8810687,54.094013,1.0,4.0,4.0,53.589443,92.48862,6.0,6.85444,3.0,75.0,1.0
-9.0,101.443306,15.0,48.132202,7.959811,0.0,0.0,61.71509,2.5335007,4.0,6.0,9.0,0.0,52.634956,-7.0,13.350681,10.707729,119.6356,21.44724,2.0,3.0,2.0,100.0,1.0
65.0,268.8839,9.0,105.42213,28.165644,2.0,2.0,93.0,-7.0,4.0,6.0,38.0,2.0,43.033688,0.0,5.0,5.0,53.315727,7.4950705,9.0,3.9369764,3.0,80.0,1.0
66.0,132.04947,3.0,72.928474,13.0,0.0,0.0,85.33388,8.037027,4.0,6.0,15.0,6.0,24.701986,-7.0,6.7271357,6.686323,37.167458,-8.0,3.0,1.0,1.0,52.298664,1.0
68.0,302.4338,31.90008,87.07108,12.0,0.0,0.0,73.94984,6.1348243,5.136032,6.0,18.99228,0.0,41.0,3.0,3.0,3.0,38.923637,84.01969,4.0,1.0,0.0,73.0,1.0
66.0,108.06511,2.0,30.380991,27.66863,2.0,2.1038742,100.0,-7.0,7.0,8.0,27.0,5.0,54.837883,0.0,2.4305458,3.0,34.837387,96.09937,4.0,5.0,1.0,75.0,1.0
63.0,-8.0,3.0,-9.0,7.0,0.0,0.0,100.0,-7.0,7.0,8.0,7.0,3.0,15.447661,-7.0,1.0,1.0,41.16078,80.19428,6.0,1.0,0.0,88.882866,1.0
62.15596,142.61273,2.0,53.717796,27.0,1.0,1.0,100.0,-7.0,0.0,8.0,28.0,3.0,36.0,0.0,2.0,3.0,65.27039,20.867975,9.0,3.0,0.0,87.367615,1.0
-9.0,164.45956,12.525543,54.09567,5.251601,1.0,0.0,68.33864,3.0,3.0804112,5.0,8.0,1.0,27.819696,0.0,0.0,0.0,79.04544,-8.0,4.0,1.0,0.0,100.0,1.0
70.88482,101.30143,28.341415,30.646902,8.197155,0.0,0.0,100.0,-7.0,7.0,8.0,7.0,0.0,61.060158,-7.0,0.0,0.0,0.0,25.174799,1.0,2.0,-9.0,75.0,1.0
68.0,117.2656,1.0,54.39944,22.0,0.0,0.0,98.0,80.65197,6.0,6.0,20.0,3.0,40.0,0.0,2.0539598,2.450064,67.449036,87.88358,9.0,3.0,0.060406793,100.0,1.0
69.0,243.53049,1.0,48.180565,24.077183,1.0,0.0,85.27852,9.2743845,6.0,3.0,26.0,6.0,28.0,0.0,3.0,3.0562992,9.306293,88.0,8.056798,3.0,1.0,80.0,1.0
59.688484,152.68767,8.42701,55.50993,-4.8879447,0.0,0.0,79.155876,17.663473,6.0,6.0,4.7772875,0.0,49.126476,5.083555,0.0,0.0,111.01871,-8.0,2.0,1.0,0.0,91.96213,1.0
55.84275,131.96808,2.0,56.984665,24.0,0.0,0.0,88.0,5.2065883,6.0,5.0,29.0,4.0,43.0,1.0,4.0,3.0,47.294964,89.12757,7.6530533,5.6232576,2.0,71.85745,1.0
65.0,143.02295,3.0,58.0,17.569225,1.0,1.0,100.0,-7.0,6.0,8.0,17.672422,4.0,59.142868,2.527885,0.0,0.0,14.0,-8.0,1.0,2.0,0.0,40.0,1.0
69.0,104.31129,5.0,31.54247,-9.0,0.0,0.0,100.0,-7.0,7.0,8.0,0.98284495,1.0,70.011696,-3.0236626,2.0,2.0,106.64367,87.60279,1.0,1.0,2.0,80.78817,1.0
-9.0,170.3921,5.1222754,52.47765,33.0,0.0,0.0,89.0,-7.0,-9.0,5.880656,39.572727,2.2611163,68.99003,0.0,1.0,1.0,100.426926,61.37319,6.0,3.0,3.0,89.07798,1.0
57.458076,176.48987,15.132343,86.13052,13.0,1.0,0.0,74.9884,3.0766861,4.0,5.0,13.0,0.0,74.390465,0.0,2.0,1.0,115.91926,-8.0,1.0,2.0,0.0,98.73201,1.0
63.0,3.5406287,2.0,-9.0,12.0,0.0,0.0,100.0,-7.0,7.0,8.0,14.0,6.0,42.0,0.0,3.0,3.0,62.577736,99.10411,4.0,4.0,0.0,75.0,1.0
60.509773,240.90688,11.0,79.19087,31.942348,0.0,0.0,89.0,3.0,4.0,6.0,42.958157,2.0,57.923416,0.0,4.0,4.0,17.760632,50.465187,5.0,3.0,0.0,75.0,1.0
-9.0,-8.897311,4.0,-9.0,3.6344514,0.0,0.0,100.0,-7.0,7.0,8.0,7.0,4.7710667,-9.0,0.0,2.0,1.0,94.27264,-8.0,8.166324,1.0,1.0,100.0,1.0
-9.0,-8.0,0.64036363,-9.0,11.381396,0.0,0.0,100.0,-7.0,7.0,8.0,13.0,5.0,17.444542,-7.0,1.0,1.0,78.205536,80.50874,6.0,2.0,3.3345053,71.0,1.0
-9.0,187.27164,19.43709,61.0,-6.0383306,2.0,2.0,-9.0,-7.0,-9.0,3.0,3.6933768,0.0,99.755936,0.0,0.0,0.0,0.0,-8.0,1.0,1.0,-9.0,83.0,1.0
58.31341,-8.0,4.0,-9.0,14.0,0.0,0.0,100.0,-7.0,7.0,8.0,5.749907,4.0,35.0,0.0,4.1930876,5.0,14.614176,96.87577,3.0,2.0,0.0,42.52574,1.0
64.35794,95.41693,153.60117,72.48557,-9.0,2.0,2.0,8.679606,1.0,0.0,-0.20628473,4.416713,0.0,63.09101,-8.0,0.0,0.0,103.5142,-8.0,1.0,-8.0,1.0,100.0,1.0
59.32815,234.10635,4.0,58.36738,10.0,0.0,0.0,89.39253,13.32451,4.0,6.0,10.0,3.0,11.6600065,8.221846,1.0,1.0,70.42094,-8.0,8.059007,-3.1639237,2.0,100.0,1.0
62.546757,186.32259,66.08897,60.616295,4.9856005,2.5590417,0.0,-9.0,27.617064,6.0,3.0,9.0,0.0,100.0,2.0,2.0,1.0,0.0,-8.0,-9.0,2.0,0.0,100.0,1.0
63.48708,118.78623,11.0,-9.0,3.795598,0.0,0.0,100.0,-7.0,7.0,8.0,9.0,0.0,48.886658,1.0,2.0,2.0,62.111404,65.01911,2.0,2.0,1.0,83.0,1.0
63.129894,104.023026,6.0,3.1905115,6.1977253,0.0,0.0,85.55708,6.753176,4.0,6.0,9.847555,2.0,42.0,-7.0,2.0,2.0,32.0,59.326824,2.0,2.0,0.0,80.0,1.0
60.039215,147.69797,9.0,61.83874,18.0,2.1035836,2.0,84.064995,1.0,4.0,5.0,20.0,1.0,51.40399,1.0,0.0,0.0,53.736164,80.042946,3.0,3.0,0.0,90.47499,1.0
-9.0,148.63683,24.41211,80.0,19.0,1.0,0.0,70.41457,2.0,3.0,5.0,21.0,0.0,33.8804,0.0,0.0,0.0,70.60016,38.393364,9.6373,4.0,8.0855665,100.0,1.0
63.0,50.114517,3.0,25.440483,26.0,1.0,1.0,88.0,23.330015,5.572114,2.0,28.897762,4.0,53.619556,0.0,2.0,2.0,55.69188,91.0,4.0,5.0,1.0,85.35466,1.0
63.385437,102.68234,15.080701,45.826736,8.0,1.0,0.0,62.790703,5.46269,4.0,6.0,7.014613,0.0,99.11353,0.0,2.0,2.0,0.0,50.69176,1.0,2.0,-4.886772,90.78052,1.0
66.79026,188.46008,19.943497,40.121296,7.0,0.0,0.0,80.021774,17.70964,6.0,5.0,7.246795,0.0,40.0,1.0,0.0,0.0,97.96056,-8.0,2.0,2.0,0.0,100.0,1.0
69.0,67.686874,25.197388,-9.0,-9.0,0.0,0.0,100.0,-7.0,7.0,8.0,-6.151145,0.0,56.26188,-8.0,0.0,0.0,47.595196,33.533245,2.0,2.0,0.0,100.0,1.0
62.44494,130.09734,4.0,-9.0,14.0,1.0,1.0,100.0,-7.0,6.0,8.0,16.0,6.0,42.507576,0.0,1.0,1.0,16.0,98.859634,3.0,2.0,0.0,64.0,1.0
65.0,131.5348,2.0,71.0,9.645041,2.0,1.0,72.29027,56.287285,6.0,-2.3525722,9.0,4.0,33.0,0.0,7.825785,7.2068505,82.31683,93.27028,4.0,2.0,1.0,83.0,1.0
62.06361,169.27434,1.0,-9.0,8.0,1.0,1.0,89.0,24.514889,5.605893,2.0,10.7916565,3.0,27.0,0.0,2.0,2.0,64.7748,89.26635,2.0,2.0,0.0,60.0,1.0
60.984703,31.34466,4.0,-1.4898568,10.474382,0.0,0.0,100.0,-7.0,7.0,8.0,13.11589,3.0,80.14543,-7.0,1.0,1.0,69.69902,99.844734,4.0,4.0,1.0,100.0,1.0
74.0,146.75229,3.0,52.078297,14.0,0.0,0.0,100.0,-7.0,7.0,8.0,16.573116,2.0,9.491905,1.0,2.0,2.0,25.0,-8.0,3.0,1.0,1.0,38.0,1.0
65.0,30.618309,2.0,-9.0,27.173523,0.0,0.0,100.0,-7.0,7.0,8.0,28.312563,10.49074,37.0,0.0,2.0,2.0,44.2039,68.52448,5.0,3.0,0.0,75.0,1.0
69.0,136.3241,9.0,20.976307,10.020726,0.0,0.0,100.0,-7.0,7.0,8.0,9.0,2.0,6.1783233,-7.0,1.0,1.0,55.10194,-8.0,7.5806293,-8.0,0.0,100.0,1.0
-9.0,117.08021,2.0,-9.0,19.0,3.687996,3.3358016,100.0,-7.0,6.0,8.0,21.0,7.969081,12.061621,0.0,3.0,3.6616096,42.07179,79.14177,6.2247367,2.0,1.0,63.0,1.0
59.81677,-8.0,12.0,-9.0,-9.0,0.0,0.0,100.0,-7.0,7.0,8.0,3.9871058,0.0,49.831924,0.0,1.0,1.0,116.726906,32.16882,2.0,1.0,1.0,80.0,1.0
56.957497,-8.0,2.0,-9.0,15.0,0.0,0.0,100.0,-7.0,7.0,8.0,18.0,6.427237,19.0,-7.0,2.0,2.0,63.55095,93.0,5.0,2.0,7.2640424,75.0,1.0
69.0,181.4731,13.0,120.99132,4.4771504,0.0,0.0,100.0,-7.0,7.0,8.0,4.772533,0.0,7.6091156,0.0,2.0,2.0,54.571564,-8.0,5.0,-8.0,1.0,90.57324,1.0
61.038174,104.16646,4.0,30.869171,4.0282273,0.0,0.0,100.0,-7.0,7.0,8.0,3.9846182,2.0,75.432594,0.0,3.0,3.0,2.0,32.636944,1.0,3.0,0.0,80.0,1.0
70.0,61.38517,7.5456457,-9.0,13.0,0.0,0.0,100.0,-7.0,7.0,8.0,14.0,2.0,32.430798,1.0,2.0,1.0,3.2085571,81.31206,2.0,3.0,0.0,57.0,1.0
-9.0,188.02263,-9.0,54.60313,21.409004,1.0,1.0,89.0,-7.0,4.0,5.0,24.0,6.177252,25.0,1.0,1.0,1.0,41.51152,94.07323,5.0,4.0,1.0,67.0,1.0
61.560593,108.888374,4.0,7.887763,30.0,0.0,0.0,95.0,44.462643,6.0,6.0,35.0,6.0,56.39398,1.196595,0.0,0.0,62.85459,40.574,8.0,5.0,3.0,79.0066,1.0
73.0,112.59691,9.0,45.453903,18.0,0.0,0.0,100.0,-7.0,7.0,8.0,22.0699,1.0,7.327796,0.0,3.0,3.3018975,27.138777,-8.0,3.0,1.0,0.0,44.700844,1.0
61.107197,168.58469,8.239019,55.71816,15.0,1.0,0.0,81.488335,8.130121,4.0,2.0029376,19.0,2.0,31.856413,3.0,0.0,0.0,59.30196,50.180046,4.3821473,1.0,3.0,78.0,1.0
65.0,103.98701,4.0,28.888767,17.284338,0.0,0.0,100.0,-7.0,7.0,8.0,20.0,5.5411944,31.9374,0.0,2.0,1.7957598,40.93674,13.154968,5.0,6.0,2.026741,71.0,1.0
57.212517,76.13477,16.511,-9.0,12.0,0.0,0.0,88.0,11.489647,4.0,6.0,13.0,0.0,3.5075564,3.0,0.0,0.0,40.7775,-8.0,6.0,1.0,1.0,67.0,1.0
75.0,258.32263,35.565197,87.60163,10.0,0.0,0.0,77.15723,21.909359,6.0,6.0,9.8552065,0.0,86.30527,-7.0,4.0,3.1535103,1.0,-8.0,1.0,2.0,-9.0,73.417206,1.0
55.871735,116.16529,2.9950197,-9.0,4.85217,0.0,0.0,100.0,-7.0,7.0,8.0,5.866551,6.0,41.0,0.0,5.0,5.0,104.661804,93.764,3.0,2.0,2.0,100.0,1.0
63.0,157.45569,2.0,52.56374,31.0,0.0,0.0,100.0,-7.0,7.0,8.0,35.0,8.537921,46.0,0.0,12.655878,14.143221,53.03282,79.54986,9.0,5.65374,2.0,83.0,1.0
62.0,126.57226,6.0,55.85075,19.747454,2.8203576,1.0,76.9531,30.103636,6.0,4.0,26.0,2.0,56.80433,10.343782,0.0,0.0,57.140297,-8.0,6.0,2.0,2.0,82.755295,1.0
80.0,125.961685,21.653158,34.35729,-8.453343,0.0,0.0,100.0,-7.0,7.0,8.0,4.5837817,0.0,9.152146,0.0,2.0,2.0,1.0,-8.0,1.0,-9.0,0.0,30.928955,1.0
67.0,166.49838,41.72872,75.484276,18.0,0.0,0.0,100.0,-7.0,7.0,8.0,18.0,0.0,33.0,-7.0,7.4691005,6.7827525,85.151566,-8.0,4.0,1.0,2.0,100.0,1.0
57.051533,125.74703,5.0,56.16627,-9.0,0.0,0.0,66.495415,18.911419,6.0,6.0,-0.19141836,3.0,55.661827,1.0,2.0,1.0,90.26645,84.0413,1.0,1.0,1.0,100.0,1.0
66.790436,-3.5314891,3.0,64.26577,19.0,0.0,0.0,92.0,23.06936,4.0,6.0,12.695265,5.0,31.0,0.0,4.0,4.0,35.302654,-8.0,6.0,2.0,1.0,67.0,1.0
65.0,-9.0,3.0,65.17683,13.0,0.0,0.0,100.0,-7.0,7.0,8.0,-9.0,2.0,47.0,-8.0,3.0,3.0,84.93429,90.5461,3.0,2.0,1.0,78.0,1.0
66.0,100.24904,3.0,39.408173,15.0,0.0,0.0,100.0,-7.0,6.0,8.0,14.0,3.0,53.906235,0.0,4.0,3.8241916,94.193924,101.934364,8.0,4.0,3.0,100.0,1.0
67.58299,10.238284,16.0,-9.0,9.0,0.0,0.0,100.0,-7.0,7.0,8.0,9.0,1.0,41.741394,-7.0,0.0,1.0,45.67702,-8.0,5.0,-8.0,1.0,89.77407,1.0
64.0,-8.0,14.0,-9.0,6.463026,0.0,0.0,100.0,-7.0,7.0,8.0,3.5308614,0.0,25.0,0.0,1.0,1.0,119.33519,38.686474,4.0,2.0,1.0,100.0,1.0
63.0,133.49031,2.0,58.0,27.0,0.0,0.0,100.0,-7.0,7.0,8.0,30.0,4.0,52.230267,0.0,9.620929,10.359082,78.6816,37.69107,3.0,3.0,1.0,75.0,1.0
81.0,233.55678,50.906612,120.42999,3.3279326,0.0,0.0,100.0,-7.0,7.0,8.0,7.634872,0.0,34.932644,-8.0,0.0,0.0,85.02572,-8.0,2.0,-8.0,0.0,100.0,1.0
-9.0,-9.0,-9.0,-9.0,-9.0,-9.0,-9.0,-9.0,-9.0,-9.0,-9.0,-9.0,-9.0,-9.0,-9.0,-9.0,-9.0,-9.0,-9.0,-9.0,-9.0,-9.0,-9.0,1.0
22.440113,158.97047,4.0,67.075745,14.793357,1.0,0.0,83.52517,2.0,3.0,5.0,12.0,2.0,62.277668,0.0,0.0,0.0,84.23946,48.954353,4.0,2.0,3.0,100.0,1.0
59.579094,125.435524,3.0,36.45469,13.0,1.0,0.0,84.23997,49.268578,6.0,3.0,17.0,3.0,33.23442,0.0,3.0,3.0,82.41093,-8.0,3.0,1.0,1.0,91.90608,1.0
65.0,98.334335,2.0,36.717773,17.967186,0.0,0.0,100.0,-7.0,7.0,8.0,16.88358,3.0,20.510782,-8.0,0.0,0.0,51.126625,71.072784,4.0,2.0,1.0,50.71991,1.0
-9.0,-8.055866,5.0,-8.005285,20.0,0.0,0.0,83.31876,5.343593,6.0,6.0,24.0,4.3359375,33.698013,-7.0,1.0,1.0,65.78386,63.71809,4.0,3.0,3.0,80.0,1.0
71.0,-8.0,16.0,-9.0,-9.0,0.0,0.0,100.0,-7.0,7.0,8.0,-4.0370545,0.0,65.21597,-0.7110326,0.0,0.0,0.0,16.5081,1.0,1.0,0.0,66.05198,1.0
62.0,128.9167,2.0,69.15616,19.0,0.0,0.0,94.0,28.496597,6.0,6.0,18.715893,3.0,35.0,0.0,2.0,2.0,86.07222,79.477104,9.0,4.0,4.0,86.0,1.0
63.963505,167.63747,4.0,41.623272,5.537055,0.0,0.0,100.0,-7.0,7.0,8.0,6.6145496,1.0,27.673264,0.0,4.0,3.8778965,90.19709,100.0,1.0,1.0,0.0,88.611084,1.0
60.034332,48.17992,1.0,-9.0,24.435427,0.0,0.0,100.0,-7.0,7.0,8.0,27.0,10.999845,18.620556,0.0,2.0,1.4306004,37.980217,100.0,5.206879,5.053571,1.0,55.81808,1.0
62.767567,76.395935,5.862983,38.839283,22.0,2.0,2.0,100.0,-7.0,0.0,6.0,21.0,2.0,46.906876,0.0,2.0,1.0,53.853764,92.89943,10.317249,3.0,1.0,100.0,1.0
58.603767,67.0967,5.0,41.071575,32.0,1.0,0.0,92.0,-7.0,-9.0,6.0,29.883965,2.0,35.0,0.0,0.0,0.0,29.776075,-8.0,6.0,4.0,0.0,67.90088,1.0
62.00577,138.46292,0.6361566,-9.0,13.429602,0.0,0.0,100.0,-7.0,7.0,8.0,15.0,8.812013,32.66657,0.0,2.0,2.0,67.26588,92.96343,4.0,2.0,4.0,75.0,1.0
-9.0,192.16095,16.0,78.170296,9.0,10.640494,9.261298,-9.0,4.7277827,0.19824609,2.0,14.0,0.0,70.88333,0.0,3.0,3.0,92.28207,56.827923,1.0,2.0,1.0,97.97045,1.0
-9.0,128.76343,12.350689,58.0,30.055212,0.0,0.0,75.89997,19.89064,4.0,5.124476,31.18603,0.0,8.922511,0.0,5.593775,5.0,111.69079,90.414276,24.89708,2.0,9.196998,83.0,1.0
58.10163,191.22884,6.0,41.8884,14.0,0.0,0.0,92.814674,53.03627,6.0,6.0,15.0,2.0,23.253124,0.0,1.0,1.0,111.33077,-8.0,6.0,3.0,8.868287,89.51825,1.0
57.936974,24.214264,2.0,49.61231,14.0,0.0,0.0,100.0,-7.0,7.0,8.0,17.0,2.0,65.56026,0.0,1.0,1.0,94.95334,-8.0,2.0,2.0,2.0,78.0,1.0
-9.0,148.8406,5.0,58.0,28.0,0.0,0.0,80.67549,3.1752687,4.7407217,6.0,30.0,3.0,28.0,0.0,0.0,0.0,90.76431,53.283325,9.0,2.0,4.461906,78.0,1.0
-9.0,20.30573,1.0,-9.0,-9.0,3.1177402,3.6377318,78.272285,57.655205,6.0,3.4287617,7.0,10.160923,13.0,-7.0,0.0,0.0,81.44487,86.399315,7.0,2.0,0.0,100.0,1.0
74.227715,91.83837,15.608492,17.900368,8.439646,1.0,1.0,100.0,-7.0,7.0,8.0,7.7533,0.0,68.3957,8.0,0.0,0.0,0.0,65.870285,1.0,3.0,0.0,54.069424,1.0
59.8584,-8.0,1.0,-9.0,16.0,0.0,0.0,100.0,-7.0,7.0,8.0,21.0,9.974109,20.28896,2.0,1.0,1.0,37.805622,100.0,7.0,2.0,1.0,63.896236,1.0
62.0,125.34456,2.0,45.883755,9.0835085,0.0,0.0,100.0,-7.0,7.0,8.0,9.0,2.0,42.0,0.0,2.0,2.0,91.519005,71.0,3.0,2.0,4.498815,75.0452,1.0
64.28951,195.83688,3.6054604,59.571724,15.0,2.4911888,1.0,77.98327,16.840687,6.0,5.0,17.0,4.0,62.958683,0.0,2.0,1.0,31.181864,93.16822,3.0,5.4540253,1.0,100.0,1.0
56.707306,-8.74124,2.0,10.071456,-0.21617565,0.0,0.0,84.91535,-7.0,-9.0,6.0,5.2051277,3.0,37.0,-7.0,2.581547,3.0,23.504744,16.453072,2.0,1.0,0.0,50.0,1.0
57.202274,17.231373,2.0,-9.0,20.238043,0.0,0.0,100.0,-7.0,7.0,8.0,23.0,6.821687,32.14623,5.5178246,0.0,0.0,59.913906,85.77873,11.647079,4.0,1.0,83.0,1.0
70.0,117.14675,2.0,55.44988,24.371073,0.0,0.0,100.0,-7.0,7.0,8.0,30.0,3.0,74.89507,0.0,1.0,0.3336342,55.39439,74.231636,2.0,5.0,1.0,80.0,1.0
57.36228,78.36378,5.0,-9.0,11.0,0.0,0.0,100.0,-7.0,7.0,8.0,14.0,1.0,0.9819933,0.0,0.0,0.0,107.52611,-8.0,5.0,1.0,2.0,82.35431,1.0
71.0,202.36475,6.0,82.378044,16.0,1.0,1.0,98.0,10.247657,6.0,6.0,20.0,4.2370534,46.042297,0.3165372,1.0,1.0,12.0,83.12604,3.0,2.0,0.0,82.33585,1.0
62.0,155.95572,3.0,16.192549,15.0,0.0,0.0,100.0,-7.0,7.0,8.0,16.0,6.7296853,40.07053,2.0,3.0,3.0,62.069008,56.094463,3.0,5.0,2.0,75.63392,1.0
58.614765,139.32365,1.0,50.40056,21.356688,1.0,0.0,88.0,2.0,0.7134739,5.0,24.034695,3.0,68.941505,0.0,2.0,3.0,48.389706,81.36291,3.0,7.560891,1.0,80.0,1.0
-9.0,76.85827,7.016986,-9.0,8.0,0.0,0.0,100.0,-7.0,7.0,8.0,3.989229,3.0,46.880535,0.0,3.4157999,3.0,119.96747,57.79794,4.0,2.0,2.0,100.0,1.0
59.60222,43.755768,6.0,-9.0,7.0,0.0,0.0,100.0,-7.0,7.0,8.0,7.4636803,1.0,65.39106,0.0,1.0,1.0,18.0,28.627375,2.0,1.0,-8.0,80.30536,1.0
67.54973,116.717896,1.0,-9.0,17.0,0.0,0.0,97.0,46.007473,6.0,6.0,14.0,10.875198,7.8615394,1.1731008,1.0,1.0,17.305775,82.0,3.0,2.0,0.0,47.09245,1.0
58.483353,425.05685,33.307922,100.13872,14.0,1.0,0.0,81.81428,-1.7271363,0.0,5.0,17.0,0.0,39.0,-7.0,0.0,0.0,71.09525,-8.0,5.0,1.0,2.169963,100.0,1.0
-9.0,73.071945,5.0,-9.0,11.0,0.0,0.0,100.0,-7.0,7.0,8.0,14.513805,7.1184783,50.02693,-7.0,2.0,2.0,93.50974,91.41889,4.0,3.0,6.8654227,70.03944,1.0
57.28862,93.348015,4.0,48.538193,0.40729824,1.0,1.0,88.0,13.186294,4.0,6.0,7.630092,3.0,42.0,0.0,4.0,4.0,117.09209,81.84854,1.0,1.0,0.0,89.88144,1.0
71.0,99.79957,9.0,44.20726,7.2970743,2.0,0.0,80.84974,23.63935,6.0,2.0,7.0,1.0,94.69995,0.0,1.5392371,2.0,0.0,77.05638,0.0,3.0,-8.0,80.0,1.0
62.833878,-4.9552684,1.0,-9.0,12.0,0.0,0.0,100.0,-7.0,7.0,8.0,12.0,9.158721,50.0,0.0,2.0,2.0,81.51606,67.239944,4.0,3.0,1.0,84.80312,1.0
-9.0,152.92618,4.0,46.54166,14.582209,2.6591167,0.0,64.99978,12.690514,4.0,2.9243844,18.0,4.780093,50.0,0.0,2.0,2.0,34.006393,44.13169,2.0,4.0,0.0,73.96296,1.0
68.0,162.94237,6.0,49.481567,23.0,0.0,0.0,96.357056,45.27608,6.0,6.0,23.0,4.0,17.0,0.0,1.0,1.0,25.0,49.75669,5.0,3.0,3.5688283,60.0,1.0
65.0,180.60162,2.0,56.640194,8.0,3.975279,0.0,74.23016,34.33041,6.0,3.3844337,9.0,2.0,77.87423,0.0,0.0,0.0,90.16638,91.516754,1.0,3.0,0.0,100.0,1.0
66.0,183.95161,1.0,70.0,38.508633,2.3564904,1.0,90.232925,33.73867,6.0,2.0,41.33715,8.652269,15.0,2.0,5.0,5.0,22.187176,94.44105,10.635416,2.0,1.0,67.0,1.0
69.0,129.24019,2.0,46.680157,16.932365,0.0,0.0,90.0,46.83926,6.0,6.0,17.0,4.0,38.0,6.7154355,0.0,0.0,42.299843,90.353546,5.0,4.0,0.0,75.0,1.0
63.0,137.05388,5.0,3.5358677,5.947898,0.0,0.0,100.0,-7.0,7.0,8.0,7.5277495,3.0,33.0,2.7819996,4.0,3.2437427,87.196075,84.65095,4.0,2.0,0.8935864,100.0,1.0
63.0,173.8772,4.0,52.788002,18.0,0.0,0.0,88.49492,6.0,5.0,6.0,24.0,3.0,11.0,0.0,3.0,2.9957678,25.0,100.0,11.0,2.0,2.0,67.0,1.0
58.002346,140.44328,4.0,51.37949,17.0,2.0,0.0,77.06126,8.946041,4.0,6.0,30.0,2.8135908,57.950237,-7.0,2.0,2.0,78.479095,7.4943905,4.0,4.0,3.0,83.0,1.0
70.96756,133.9702,3.0,39.703205,16.0,0.0,0.0,100.0,-7.0,7.0,8.0,16.0,4.0,11.0,0.0,1.0,1.0,52.256256,-8.0,7.4788885,1.0,2.0,83.0,1.0
63.0,94.65442,3.0,11.054735,15.0,1.0,1.0,87.3552,8.0446,4.0,2.0320792,18.0,4.0,33.0,0.0,0.0,0.0,59.46487,65.91392,4.0,2.0,1.0,80.0,1.0
59.177452,178.15208,11.0,75.65688,12.449951,0.0,0.0,88.0,23.183237,4.0,6.0,11.0,0.0,31.0,0.0,0.0,0.0,105.902016,59.666756,7.0,2.0,4.0,100.0,1.0
57.211834,114.844574,4.0,49.468403,5.668012,0.0,0.0,78.48276,27.467182,6.0,6.0,10.12038,2.0,17.554686,0.0,1.0,1.0,80.71343,-8.0,2.0,1.0,2.0,76.4894,1.0
-9.0,165.1299,3.0,51.71189,13.0,0.0,0.0,79.98593,38.07584,6.0,6.0,14.036167,1.0,35.72777,0.0,3.0,3.0,115.79871,78.69077,6.0,3.0,10.608521,82.45104,1.0
78.0,133.97107,23.409399,65.0,12.0,0.0,0.0,86.835045,36.296806,6.0,6.0,9.293309,0.0,74.34514,9.456573,0.0,0.0,0.0,10.460654,2.0,1.0,0.0,67.83018,1.0
62.0,-8.221988,1.0,-9.0,11.0,0.0,0.0,100.0,-7.0,7.0,8.0,15.0,6.0,17.0,-4.893303,2.0,2.0,51.615005,-8.0,3.0,1.0,1.0,75.0,1.0
67.0,80.63089,2.0,34.22739,32.456974,1.0,0.0,97.0,39.31304,6.0,3.0,32.0,10.661023,33.0,9.344972,0.0,0.0,25.665905,66.57634,4.0,5.0,1.0,62.089996,1.0
74.0,258.14462,1.0,72.0,12.0,0.0,0.0,100.0,-7.0,7.0,8.0,14.0,2.0,71.566826,-7.0,0.0,0.0,55.730644,78.756065,3.0,4.976067,0.0,100.0,1.0
-9.0,105.22999,1.0,35.509857,21.0,0.0,0.0,94.0,12.327778,6.0,6.0,24.92217,3.2899246,7.619286,0.0,0.0,0.0,111.80449,31.879725,18.21759,2.0,4.0,100.0,1.0
68.0,120.25153,2.0,33.45064,14.090101,0.0,0.0,100.0,-7.0,7.0,8.0,15.0,5.0,33.0,0.0,1.0,1.0,50.856472,63.997433,5.0,2.0,2.0,67.0,1.0
66.3001,100.05398,6.0,61.0,24.0,0.0,0.0,100.0,-7.0,7.0,8.0,22.0,2.0,32.0,7.0,1.0,1.0,72.96445,59.71288,6.0,2.0,4.026242,80.0,1.0
61.374718,123.10269,7.0,43.51658,11.691135,0.0,0.0,100.0,-7.0,7.0,8.0,7.579175,3.0,50.0,0.0,3.0,2.0,73.74068,82.0,3.0,2.0,0.0,100.0,1.0
68.0,170.99207,5.0,63.0,31.0,3.9865482,3.7653913,93.0,58.95866,6.0,2.0,33.916016,3.0,52.56111,0.0,4.0,3.2697031,95.984856,94.20224,3.0,4.0,1.0,80.0,1.0
-9.0,146.03638,16.0,70.538795,10.0,2.52938,2.0,100.0,-7.0,7.0,8.0,14.0,0.0,94.24727,-7.0,1.9583485,1.0,19.28262,6.025162,1.0,3.0,-9.0,83.0,1.0
-9.0,165.42854,15.275979,74.25867,14.62317,0.0,0.0,77.03075,15.685323,4.0,6.0,15.0,0.0,55.474545,-8.0,0.0,0.0,119.94945,68.27598,5.0,4.0,4.0,100.0,1.0
65.0,125.442345,14.0,42.866024,8.0,0.0,0.0,100.0,-7.0,7.0,8.0,8.506546,0.0,99.750656,12.756201,0.0,0.0,106.88554,73.256454,1.0,2.0,-8.0,100.0,1.0
56.684807,125.33917,2.0,63.93343,31.0,0.0,0.0,95.15921,37.27651,6.0,6.0,32.36825,4.0,40.076836,0.0,3.0,2.6356463,58.60368,57.6958,9.0,2.0,6.6766157,88.0,1.0
56.79116,-9.0,3.4446447,-9.0,5.9832478,0.0,0.0,100.0,-7.0,6.0,8.0,9.0,4.0,17.0,0.0,5.0,5.0,86.088776,-8.0,3.0,1.0,3.0,80.0,1.0
64.62116,153.40146,4.0,63.0,17.400564,0.0,0.0,100.0,-7.0,6.0,8.0,16.0,3.0,31.0,-5.480331,1.0,1.0,85.70996,92.2691,6.8936577,2.0,4.463043,86.0,1.0
73.0,56.839005,-9.0,17.67281,14.0,0.0,0.0,100.0,-7.0,7.0,8.0,9.1350155,8.428917,22.0,0.0,11.963654,10.210586,39.006836,97.1521,4.0,2.0,0.0,56.74298,1.0
61.587822,-8.148116,6.9528365,-9.0,10.0,0.0,0.0,100.0,-7.0,7.0,8.0,15.84236,3.0,-9.0,15.996194,0.0,0.0,70.816696,-8.0,7.60651,1.0,3.0,85.94582,1.0
58.971416,193.78183,17.0,75.86001,3.1906788,5.2201805,2.961612,56.459766,24.399181,6.0,3.0,9.0,0.0,99.09241,4.0,2.0,1.0,1.0,32.98502,1.0,1.0,0.0,100.0,1.0
58.593594,51.68932,7.0,-9.0,6.0,0.0,0.0,100.0,-7.0,7.0,8.0,9.0,3.0,29.322186,1.0,1.0,1.0,60.889835,-8.0,2.0,2.0,3.0,67.0,1.0
65.0,138.84642,0.659327,44.012,28.0,0.0,0.0,100.0,37.098763,5.0,6.0,37.72062,6.0,32.52861,-7.0,6.2420487,5.0,40.90467,60.447758,5.0,7.927251,0.38128617,68.528946,1.0
66.0,220.83826,-9.0,77.292595,43.108818,3.0876849,2.0,89.7914,21.533081,6.0,4.0,56.292286,10.066707,43.775505,-8.0,15.404478,15.178155,36.0,33.239296,6.0,3.2428946,1.0,71.0,1.0
56.038425,165.51405,9.0,56.37472,24.0,0.78143996,0.56493604,100.0,-7.0,7.0,8.0,27.74464,1.0,42.0,1.0,0.0,0.0,92.04109,84.03209,8.0,6.0,1.0,100.0,1.0
65.0,141.3328,7.0,57.190136,25.0,0.0,0.0,91.998505,11.47679,6.0,6.0,25.0,2.0,73.23167,1.4217103,1.0,1.0,1.0,8.998706,3.0,3.0,0.0,73.0,1.0
63.084778,-4.8252344,18.177845,12.436948,1.0920517,0.0,0.0,100.0,-7.0,7.0,8.0,3.9866102,0.0,98.528984,0.0,0.0,0.0,94.796906,60.72294,1.0,2.0,0.0,100.0,1.0
65.0,53.054214,4.0,-9.0,-9.0,0.0,0.0,100.0,-7.0,7.0,8.0,3.987789,2.0,69.962746,0.0,0.0,0.0,110.3258,92.30665,1.0,2.0,1.0,100.0,1.0
63.269855,137.48973,6.0,38.337585,7.0,1.0,1.0,70.75761,12.516592,6.0,5.0,10.0,1.1195248,73.575424,4.3215995,1.0,1.0,18.0,71.81474,1.0,2.0,0.0,69.73047,1.0
57.77389,-8.491728,10.0,-9.0,6.0,0.0,0.0,88.0,39.402664,6.0,4.3685956,3.713657,1.0,99.38755,-7.0,0.0,0.0,61.263668,93.0,1.0,4.0,0.0,100.0,1.0
22.373034,199.41493,0.05283343,72.0,37.814114,7.053643,6.917663,73.148026,7.2050953,-9.0,2.1147285,50.45204,5.579743,33.0,0.0,12.464989,12.159022,54.95873,88.226425,8.0,11.416365,2.0,71.0,1.0
66.0,191.75764,7.0,60.335625,17.0,0.0,0.0,100.0,-7.0,7.0,8.0,17.214144,2.0,19.0,23.033787,0.0,0.0,42.62686,63.97725,10.402871,1.0,2.0,60.0,1.0
61.884163,170.16786,5.0,72.0,43.238304,1.1571751,1.0,88.0,21.726913,6.0,3.0,49.307064,3.0,21.748384,-7.0,0.0,0.0,73.83236,66.1537,13.709563,5.0,3.5235226,80.0,1.0
26.683737,140.25761,3.0,29.87218,13.0,1.6303122,0.0,81.22527,19.943401,6.0,3.0,16.0,1.0,27.0,0.0,1.0,1.0,93.44944,67.15416,7.807832,2.0,4.0,100.0,1.0
65.0,262.7635,4.0,61.0,15.0,0.0,0.0,90.49957,41.453964,6.0,6.0,15.0,3.0,47.0,0.0,2.0,2.0,91.89474,64.47582,4.0,3.0,0.0,83.098526,1.0
64.0,262.55075,19.011581,71.116554,9.0,0.0,0.0,92.0,30.516043,6.0,6.0,15.0,0.0,33.0,0.0,1.0,1.0,82.603516,-8.0,5.0,1.0,1.0,84.591484,1.0
2.3822856,35.871994,20.0,-7.004939,8.0,0.6606373,1.0,100.0,-7.0,4.0,8.0,8.50044,0.0,33.0,-7.0,2.0,2.0,94.61667,67.73403,6.0,3.0,2.0,100.0,1.0
29.580975,-8.0,15.0,4.6096916,38.33513,0.0,0.0,97.0,0.33491927,5.5159154,6.0,41.136345,1.0,62.445576,0.0,18.032581,17.990236,48.590828,98.72445,6.0,7.148005,1.0,90.3168,1.0
-9.0,117.507225,6.0,-9.0,12.503782,2.0,0.0,73.208374,4.3181715,6.0,4.0,13.0,6.0,92.20784,0.0,1.0,1.0,2.0,77.73948,1.0,7.504579,1.0,62.45072,1.0
61.803856,42.691914,4.0,-9.0,-1.3125961,0.0,0.0,100.0,-7.0,7.0,8.0,5.9841614,3.0,-9.0,0.0,3.3745692,3.7233455,59.56335,-8.0,4.0,1.0,1.0,79.71756,1.0
54.67942,100.034164,17.0,44.0552,6.0,1.0,0.0,88.0,36.0958,6.0,5.0,4.258971,0.0,38.0,0.0,1.0,1.0,119.86602,22.14364,3.0,1.0,4.0,100.0,1.0
72.0,92.77624,23.216698,-9.0,15.0,1.0,0.0,97.0,68.69205,6.0,5.0,17.0,0.0,99.44728,0.0,0.0,0.0,56.520622,35.664173,2.0,5.0,0.0,100.0,1.0
64.771736,190.06755,22.637896,74.0,19.019667,0.0,0.0,100.0,-7.0,7.0,8.0,17.0,0.0,11.674586,1.0,2.0,2.0,73.43872,-8.0,11.0,1.0,5.4957175,78.0,1.0
56.647034,218.99666,11.0,61.905563,30.160826,0.0,0.0,90.0,4.0,6.0,6.0,30.324902,1.0,33.0,0.0,2.1955674,2.7716522,64.23449,26.920603,7.0,3.0,4.0,80.0,1.0
69.0,126.33675,3.0,47.09649,12.0,0.0,0.0,100.0,-7.0,7.0,8.0,12.0,2.0,58.768196,0.0,1.0,1.0,0.0,-8.0,1.0,2.0,-9.0,57.0,1.0
62.72864,173.6689,13.0,65.59687,7.0,0.0,0.0,83.5384,21.014717,6.0,5.0,6.7828093,0.0,43.014378,21.741917,0.0,0.0,95.84414,-2.7148366,3.0,1.0,1.0,83.0,1.0
-9.0,118.93788,3.0,-9.0,30.12903,0.0,0.0,92.0,50.075203,6.0,6.0,35.0,8.0046835,21.0,0.0,0.0,0.0,91.97291,92.30605,23.370926,4.0,10.169333,100.0,1.0
66.0,148.95033,20.0,56.51013,20.0,3.0,0.0,81.41248,5.307193,4.0,2.3195455,21.046587,0.0,75.86591,0.0,4.517709,4.0,43.374435,-8.0,2.0,1.0,0.0,82.24491,1.0
59.75522,419.9499,2.0,76.002525,26.0,0.0,0.0,93.813736,38.42816,6.0,6.0,31.070654,9.685059,35.0,0.0,2.0,2.0,40.925095,95.62364,6.0,3.5199227,2.0,71.0,1.0
65.0,118.827446,10.0,38.50909,19.0,0.0,0.0,100.0,-7.0,7.0,8.0,22.0,2.0,-3.241823,0.0,4.0,3.8811414,40.90232,-8.0,8.450243,1.0,2.0,70.22438,1.0
32.48157,45.523365,6.0,-9.0,-9.0,0.0,0.0,81.97939,45.357662,7.0,6.0,-3.42646,2.0,99.99956,0.0,0.0,0.0,-9.0,71.0,-9.0,1.0,-8.0,85.084656,1.0
65.5417,112.806076,9.0,36.199238,12.0,1.0,1.0,80.12915,42.422962,6.0,3.0,14.0,2.0,64.1675,0.0,2.0,1.0,90.9474,39.415432,2.0,2.0,0.0,73.0,1.0
54.96307,205.30379,17.249468,87.479225,19.0,0.0,0.0,89.37322,11.34275,4.0,6.0,22.0,0.0,20.044247,-7.0,0.0,0.0,78.79382,100.0,5.0,3.0,4.965237,71.0,1.0
68.0,166.3739,2.0,-9.0,3.7910452,0.0,0.0,100.0,-7.0,7.0,8.0,3.9800282,4.0,51.09017,0.0,2.0,2.0,51.55976,76.0,2.0,1.0,0.0,87.41521,1.0
63.985065,42.815987,21.634151,31.743063,-9.0,0.0,0.0,100.0,-7.0,7.0,8.0,-9.0,0.0,97.34674,0.0,0.0,0.0,0.0,-8.0,1.0,1.0,-9.0,100.0,1.0
27.244534,139.62355,1.0,34.63115,7.0,0.0,0.0,84.61668,26.269762,6.0,6.0,10.169765,3.732205,37.93815,2.0,1.0,1.0,98.07384,91.91881,3.0,2.0,4.0,91.99818,1.0
61.093193,107.13714,1.0,50.861885,12.0,0.0,0.0,88.0,10.934433,4.0,6.0,12.0,2.0,38.0,0.0,4.0,4.0,54.783363,76.54396,4.0,3.0,0.0,73.28052,1.0
72.0,145.6666,4.0,49.796238,20.0,0.0,0.0,92.0,64.22533,6.0,6.0,23.0,3.0,19.0,-7.0,2.0,2.0,1.0,-8.0,3.0,3.0,0.0,60.0,1.0
64.66272,123.05858,8.0,46.82661,36.0,3.0,1.0,95.0,-7.0,2.5553536,6.0,36.600643,2.0,50.42025,0.0,4.0,4.0,21.0,77.4064,6.0,6.8291645,0.0,85.08508,1.0
77.0,135.32053,25.781984,63.0,8.217745,1.1798798,0.0,51.902184,11.840497,6.0,5.0,6.1137404,0.0,95.08337,2.0,2.0,2.0,-1.8564692,-8.0,0.0,1.0,0.0,67.0,1.0
-1.1196104,-9.0,17.0,-9.0,11.350919,1.0,1.0,100.0,-7.0,6.0,8.0,16.0,0.0,73.798355,0.0,6.990274,10.43242,116.57165,43.27381,1.0,2.0,-9.0,88.659454,1.0
60.33655,136.02211,0.27524412,11.479148,16.242397,0.0,0.0,100.0,-7.0,7.0,8.0,19.0,10.977515,37.0,0.0,3.0,2.9222932,46.23143,49.26233,7.0,5.1840863,2.0,73.0,1.0
35.744465,140.73447,2.0,33.21025,18.925232,0.0,0.0,92.928185,37.11022,6.0,6.0,22.0,5.0,35.0,0.0,4.0,3.0,69.990845,96.18253,11.0,3.0,1.0,100.0,1.0
63.088753,147.59048,21.43262,61.0,9.551959,1.0,0.0,51.324703,9.082977,4.0,4.7246885,13.0,0.0,64.97837,0.0,3.0,2.0,116.21258,23.256668,2.0,1.0,1.9739498,100.0,1.0
67.0,94.99412,6.0,35.88953,24.58234,1.0,1.0,100.0,-7.0,6.0,8.0,32.0,3.9000027,56.708557,0.0,1.0,1.0,50.35078,95.441666,4.0,5.0,0.0,78.0,1.0
56.510773,214.89806,16.113209,67.69534,14.0,0.0,0.0,91.408646,8.193314,0.0,6.0,16.0,0.0,18.0,0.0,3.0793898,3.0,79.46272,98.09044,10.12332,2.0,4.821779,79.407104,1.0
62.0,159.34563,3.992142,74.938194,23.0,2.6546745,1.0,63.297707,23.132624,6.0,2.0,24.0,4.0,21.980541,0.0,5.9126673,6.459121,41.655174,-8.0,11.0,1.0,5.0873337,77.71052,1.0
77.0,159.08492,5.0,46.434658,14.0,0.0,0.0,100.0,-7.0,7.0,8.0,12.0,2.0,50.0,0.0,1.0,1.0,2.7408712,71.0,0.0,2.0,0.0,46.551105,1.0
73.0,108.55546,1.0,53.837276,13.0,0.0,0.0,100.0,-7.0,7.0,8.0,14.0,3.0,29.0,0.0,3.0513237,4.0,16.0,-8.0,3.0,3.0,1.0,50.0,1.0
57.95869,201.88283,17.623535,84.01382,12.352123,0.0,0.0,79.33018,31.272041,6.0,6.0,15.480379,0.0,20.0,0.0,5.0,5.0,84.18967,2.6084542,4.0,1.0,3.647041,80.0,1.0
56.13977,-4.541561,-9.0,-9.0,15.767233,0.0,0.0,100.0,-7.0,7.0,8.0,22.0,5.5471163,41.558495,0.0,2.0,2.0,62.720806,46.043022,4.448663,2.9158287,4.0,77.765976,1.0
64.26474,-9.0,3.0,-9.0,3.20161,0.0,0.0,100.0,-7.0,7.0,8.0,3.9892828,3.0,-2.8971555,0.0,0.0,0.0,34.993935,55.654465,1.0,1.0,0.0,33.0,1.0
54.986816,188.27695,2.0,75.0,47.915695,2.0,2.0,86.18469,3.0,6.0,4.3050175,56.495686,5.0,30.0,0.0,3.0,2.0,73.0216,-8.0,13.3426075,4.0,3.0,83.0,1.0
65.0,-9.0,14.0268955,-9.0,13.0,0.0,0.0,100.0,-7.0,7.0,8.0,13.0,1.0,17.788269,12.0,0.0,0.0,91.9206,88.0,6.0,2.0,3.0,78.0,1.0
-9.0,175.67023,21.900328,81.088486,8.0,0.0,0.0,66.19568,1.0,4.0,6.0,8.5133505,0.0,79.88163,0.0,2.0,2.0,66.78897,-8.0,2.0,2.0,0.0,100.0,1.0
-9.0,165.87976,3.0,47.152817,12.0,0.0,0.0,100.0,-7.0,7.0,8.0,15.0,2.0,45.0,0.0,0.0,0.0,119.87798,91.0,4.0,2.0,0.0,88.60319,1.0
75.0,119.48726,2.0,55.17064,25.0,0.0,0.0,100.0,-7.0,7.0,8.0,25.0,6.0,46.291553,0.0,3.0,3.0,1.0,80.87272,4.0,4.0,0.0,71.0,1.0
73.0,161.55194,11.0,60.151592,17.421303,2.6919374,0.0,85.41856,7.420421,6.0,2.0,13.0,0.0,72.59461,5.892833,1.0,1.0,1.0,88.62753,1.4428098,2.0,0.0,55.701077,1.0
70.0,-9.0,9.0,19.24083,3.4770374,0.0,0.0,100.0,-7.0,7.0,8.0,5.444002,0.0,14.0,0.0,0.0,0.0,78.85956,-8.0,3.0,1.0,0.0,86.0,1.0
61.509842,-9.0,2.0,-9.0,-9.0,0.0,0.0,100.0,-7.0,7.0,8.0,-3.507955,6.0,29.0,0.0,6.7990847,6.908251,16.261992,68.30941,1.0,2.0,0.0,64.102036,1.0
69.11652,100.44971,6.7838774,42.207817,19.062525,0.0,0.0,100.0,-7.0,7.0,8.0,22.0,2.0,56.353653,-7.0,1.0,1.0,59.71445,19.624737,2.0,7.7510376,0.96967846,86.0,1.0
66.0,81.2989,1.0,-9.0,10.176893,0.0,0.0,100.0,-7.0,7.0,8.0,11.030161,5.0,49.41252,3.0,0.0,0.0,78.04353,61.251133,4.0,3.0,3.0,100.0,1.0
66.46733,226.94836,28.424818,86.35408,15.0,0.0,0.0,89.0,39.188343,6.0,6.0,18.0,0.0,45.0,7.0,2.0,1.0,106.93255,-8.0,3.0,1.0,3.0,100.0,1.0
65.0,156.31587,5.0,59.66415,11.0,1.4908836,1.0,83.3451,8.568655,4.0,6.0,16.0,1.0,72.15128,0.0,2.0,1.0,70.99652,57.220196,2.0,3.0,0.0,80.0,1.0
-9.0,165.89203,7.6650767,52.63997,10.084086,1.8987614,1.0,68.79806,1.469692,0.83473194,4.0,11.450258,0.0,24.001534,0.0,3.0,3.0,115.54355,-8.0,3.0,1.0,2.0,86.0,1.0
56.625183,131.42767,20.205101,54.452534,21.0,0.0,0.0,88.0,8.177703,4.0,6.0,24.0,0.0,35.0,1.0,13.911538,14.551039,43.726936,49.06035,8.310269,2.0,1.0,71.0,1.0
58.014423,122.891525,6.0,56.0784,13.0,2.0,2.693986,85.89306,25.122215,4.0,2.0,11.172966,4.0,11.0,5.0,2.0,1.0,44.077694,62.3288,6.0,1.0,0.0,59.306087,1.0
68.0,191.13809,2.0,63.595325,21.0,3.3946083,0.0,86.57393,7.172767,0.0,5.0,30.0,3.0,40.255886,0.0,0.0,0.0,11.975213,89.74064,3.0,2.0,0.0,97.55326,1.0
73.034256,196.48846,13.021202,67.0,19.0,0.0,0.0,100.0,-7.0,7.0,8.0,23.0,0.0,67.06139,0.0,1.0,0.0,59.579025,38.787827,3.0,2.0,2.0,78.90069,1.0
57.172405,208.58833,4.0,74.99146,23.0,2.0,0.0,88.0,7.099183,6.0,4.3814173,22.0,2.0,18.0,0.0,4.1321855,4.985855,88.862015,100.0,8.0,3.0,7.177507,78.55571,1.0
61.233562,67.594345,9.443656,-9.0,10.022476,0.0,0.0,100.0,-7.0,7.0,8.0,3.9974566,0.0,99.29219,0.0,6.0978384,6.6104336,-1.6990707,88.998314,0.0,2.0,-9.0,58.0,1.0
68.0,141.89732,1.0,45.91443,9.0,0.0,0.0,88.05942,17.861158,6.0,6.0,9.0,3.0,47.243603,-7.0,3.0,3.0160184,21.0,-8.0,1.0,1.0,0.0,87.480644,1.0
67.03429,136.64282,-6.92943,36.081326,28.0,0.0,0.0,100.0,-7.0,7.0,8.0,37.411194,2.0,54.25099,0.0,4.0,3.3021576,53.59039,82.1832,6.0,14.529737,0.0,82.9782,1.0
61.669086,44.959602,27.290968,40.101902,-4.611258,3.0,2.8353078,100.0,-7.0,7.0,8.0,0.36777166,0.0,76.20145,-7.0,1.0,0.0,91.64641,-8.0,1.0,1.0,0.0,100.0,1.0
62.0,78.22281,4.0,37.597492,14.941731,0.0,0.0,100.0,-7.0,7.0,8.0,10.83248,5.0,49.95083,12.71717,0.0,0.0,72.81726,64.85136,3.0,2.0,3.4156687,50.0,1.0
-9.0,138.97601,24.55163,60.589207,11.535663,0.0,0.0,80.19942,4.5619535,6.0,6.0,8.0,0.0,29.0,0.0,1.0,1.0,68.732765,58.442944,5.0,3.0,8.127109,83.0,1.0
70.0,102.028786,7.0,-9.0,10.946674,0.0,0.0,86.618385,12.172374,4.0,6.0,11.0050955,3.0,66.63468,1.0,0.0,0.0,0.0,93.94641,1.0,2.0,0.0,50.0,1.0
58.32999,116.91359,37.950115,115.6477,6.791235,2.0,0.0,6.2604613,6.383248,6.0,2.0,15.0,0.0,10.713849,0.0,0.0,0.0,110.45847,-8.0,6.0,-8.0,5.2088547,91.234695,1.0
72.0,49.428005,32.251114,27.071707,-9.0,0.0,0.0,100.0,-7.0,7.0,8.0,0.09146237,0.0,83.215256,-8.0,2.0,2.0,4.0,-8.0,1.0,1.0,-9.0,84.04011,1.0
-9.0,-9.0,-9.0,-9.0,-9.0,-9.0,-9.0,-9.0,-9.0,-9.0,-9.0,-9.0,-9.0,-9.0,-9.0,-9.0,-9.0,-9.0,-9.0,-9.0,-9.0,-9.0,-9.0,1.0
57.45798,79.81663,12.956655,-9.0,8.435343,0.0,0.0,100.0,-7.0,7.0,8.0,9.0,0.0,58.330917,5.0,1.0,1.0,117.30166,87.57617,3.0,2.0,2.0,80.40229,1.0
66.0,70.308495,16.737234,58.0,18.761795,0.0,0.0,92.0,-7.0,4.0,6.0,18.0,0.0,40.570595,0.0,0.0,0.0,75.55232,-8.0,4.0,2.0,1.0,83.0,1.0
70.0,164.44044,8.0,67.93337,3.9763463,1.0,0.0,83.0324,60.221256,6.0,5.0,5.3588295,0.0,46.0,0.50692415,0.0,0.0,63.47691,99.326706,2.0,2.0,0.0,100.0,1.0
56.433506,46.285774,6.0,-9.0,8.0,0.0,0.0,100.0,-7.0,7.0,8.0,4.3152976,2.0,42.0,-8.0,3.0,3.0,118.75201,68.961136,2.0,2.0,0.0,80.0,1.0
-9.0,180.12772,4.0,72.206055,14.0,0.0,0.0,83.8052,0.44035524,4.0,6.0,17.0,3.0,24.038223,17.762901,0.0,0.0,93.41598,67.51928,20.897585,3.0,3.9279299,100.0,1.0
71.0,113.954475,5.0,58.0,30.0,0.0,0.0,100.0,-7.0,7.0,8.0,33.441235,1.0,67.81193,0.0,0.0,0.0,93.01412,87.26993,4.0,5.0,3.5709443,85.176254,1.0
59.210583,88.488655,3.0,-9.0,20.0,0.0,0.0,100.0,-7.0,7.0,8.0,20.0,8.337162,23.050262,0.0,3.0,3.0,67.19277,75.58203,10.407839,6.0,1.0,86.0,1.0
61.26301,116.267815,5.0,-9.0,1.4069414,0.0019922436,1.0,100.0,-7.0,7.0,8.0,9.0,4.0,13.0,0.0,2.0,2.0,44.952343,-8.0,3.0,-8.0,0.0,60.0,1.0
53.448147,-8.331798,4.0,-9.0,-5.379218,0.0,0.0,100.0,-7.0,7.0,8.0,3.9787607,3.0,44.69552,0.0,6.459344,5.7735505,59.35032,88.36622,3.0,2.0,1.0,74.21408,1.0
69.989494,131.04619,1.0,58.0,26.0,0.0,0.0,96.0,21.540857,6.0,6.0,28.0,4.0,31.0,0.0,0.0,0.0,24.379786,93.62597,5.1356153,2.0,0.0,52.56719,1.0
65.0,148.93036,14.241104,36.508934,22.0,0.0,0.0,95.0,3.2257216,4.0,6.0,19.0,0.0,1.8824418,0.0,2.0,2.0,44.073277,-8.0,9.0,1.0,2.0,55.930836,1.0
-9.0,210.6459,19.608309,81.0,24.0,0.0,0.0,100.0,-7.0,7.0,8.0,26.956896,0.0,27.0,-7.0,1.0,1.0,119.967766,-8.0,8.491937,2.0,9.282619,100.0,1.0
58.833805,111.992035,9.0,44.882954,19.0,0.0,0.0,100.0,-7.0,7.0,8.0,16.0,2.0,71.38589,0.0,5.0,5.0,88.65765,71.0,3.0,20.281494,3.7609973,100.0,1.0
54.638393,164.80304,8.0,70.05519,20.0,2.0,1.8139058,90.0,-7.0,-9.0,5.0,22.0,3.0,61.0835,0.0,2.0,2.0,82.24069,81.45894,4.0,3.0,1.0,79.06674,1.0
66.95725,80.54865,3.0,33.689785,18.0,1.0,1.0,92.0,43.272568,6.0,5.0,18.0,3.0,5.7556586,3.0,0.0,0.0,43.84405,-8.0,5.0,1.0,1.0,50.0,1.0
69.0,264.36472,63.647095,111.87109,10.0,2.0,1.0,69.02871,3.635283,6.0,2.0,12.0,0.0,30.538172,-7.0,6.486952,6.0026345,36.0,-8.0,4.0,1.0,0.0,100.0,1.0
-9.0,-8.0,2.0,58.0,8.90572,2.0,0.0,76.9085,3.4369001,6.0,4.0,9.0,2.0,9.907444,0.0,3.673754,3.83717,82.08256,-8.0,10.787433,-8.0,5.0567236,80.0,1.0
64.460754,111.420876,3.0,-9.0,13.0,1.0,1.0,93.0,45.12035,6.0,6.0,11.0,3.0,55.688,-7.0,0.0,0.0,46.379776,90.45533,5.0,4.0,3.0,80.0,1.0
67.0,221.17618,4.0,36.188454,8.0,0.0,0.0,89.52012,10.38121,4.0,6.0,9.0,2.0,29.0,0.0,1.0,1.0,13.848825,68.802925,3.0,1.0,0.0,56.472183,1.0
-2.327157,193.87502,8.0,63.0,13.858737,1.0,0.0,72.09761,3.9446886,4.101694,5.0,18.88285,2.0,0.0,0.0,1.0,1.0,77.11494,-8.0,8.0,-8.0,3.0,100.0,1.0
60.787457,119.563034,11.0,37.07097,17.0,4.2445745,6.655357,86.48796,35.520725,6.0,5.0,21.0,0.0,48.236656,4.0,1.0,1.0,94.76174,7.270299,2.0,3.0,1.0,56.0,1.0
73.0,172.09741,7.258352,63.10928,7.0703683,10.29636,9.277273,63.676197,67.016846,6.0,-7.5370135,3.635185,3.0,72.159195,2.0,1.0,1.0,15.0,-8.0,-8.477891,1.0,0.0,67.0,1.0
56.161644,-1.2440192,4.0,-9.0,3.5699868,0.0,0.0,85.080345,29.585726,6.0,6.0,4.7247767,2.0,90.22866,2.588102,0.0,0.0,59.416744,70.57782,1.0,3.840741,0.0,100.0,1.0
63.0,165.0154,15.513096,71.3207,18.172813,0.0,0.0,100.0,-7.0,7.0,8.0,18.993015,0.0,33.0,0.0,0.0,0.0,100.43983,31.034365,7.4681196,3.0,4.0,100.0,1.0
64.0,159.40695,2.0,36.98818,14.0,0.0,0.0,100.0,-7.0,7.0,8.0,16.0,5.0,29.0,0.9880531,3.0,3.0,85.22624,99.6052,5.0,3.0,2.0,100.0,1.0
65.0,-5.145474,8.0,6.602247,11.0,0.0,0.0,81.49777,14.665599,6.0,6.0,15.0,2.0,50.0,-7.0,0.0,0.0,69.602646,-8.0,4.0,1.0,1.0,88.020424,1.0
56.522316,141.90712,2.0,55.419434,21.0,0.0,0.0,100.0,-7.0,7.0,8.0,25.0,3.0,33.0,0.0,4.0,4.1963267,65.74162,48.712044,11.0,4.0,3.0578804,86.97273,1.0
-9.0,73.89163,2.6705353,-9.0,29.0,1.2673849,1.0,92.0,-6.3652463,0.0,6.0,37.0,5.5873704,50.0,0.0,2.0,2.0,75.09768,88.0,8.65897,7.544539,1.0,83.0,1.0
71.0,114.568344,14.0,64.72206,15.0,0.0,0.0,100.0,-7.0,7.0,8.0,16.0,0.0,65.519104,-8.0,0.0,0.0,67.15604,52.28588,3.0,3.0,2.0,83.0,1.0
55.695187,0.91093034,-2.7343342,-9.0,19.0,1.0,1.0,92.544846,47.292797,6.0,4.0,18.0,10.992901,46.100433,-4.46592,4.0,4.0,71.00572,64.393715,7.0,7.7801204,1.0,83.0,1.0
54.219097,47.407524,2.0,-1.5988772,16.810991,1.0,0.0,87.699455,59.325554,6.0,5.1524024,17.0,3.0,13.870425,2.0,1.0,0.0,70.0166,99.04143,11.0,2.0,6.1982727,75.0,1.0
66.0,94.29537,3.0,-9.0,6.827687,0.0,0.0,100.0,-7.0,7.0,8.0,6.5037146,2.0,14.0,0.0,2.5070014,2.0,42.393215,-8.0,3.0,-8.0,1.0,67.0,1.0
69.06037,71.32971,3.0,37.212994,17.0,2.1444476,1.0,90.36756,53.893547,6.0,2.0,17.578,4.0,31.0,1.0,4.0,3.0,32.347263,38.780098,2.0,2.0,0.0,70.29349,1.0
71.0,-9.0,9.0,-9.0,13.0,0.0,0.0,100.0,-7.0,7.0,8.0,15.0,2.0,85.666824,0.0,0.0,0.0,48.164093,85.177704,2.0,2.0,0.0,91.68363,1.0
-9.0,139.53587,12.236292,-9.0,3.9471626,3.0,1.0,84.74623,11.692844,4.0,5.8743057,9.954288,0.0,33.0,0.0,2.0,2.0,81.953094,-8.0,6.0,2.0,0.0,100.0,1.0
74.0,199.11407,1.0,59.042305,28.0,0.0,0.0,96.0,31.161617,6.0,6.0,29.0,3.0,36.603817,2.0,2.0,1.9379486,32.0,66.19319,4.0,3.0,0.0,75.0,1.0
-9.0,80.014854,6.0,-9.0,4.6290064,0.0,0.0,100.0,-7.0,7.0,8.0,3.7107868,1.1833367,99.978325,0.0,2.0,2.0,-9.0,95.249916,-9.0,3.8235095,-9.0,60.0,1.0
56.963543,109.3105,2.0,58.62898,6.2432184,0.0,0.0,77.171455,5.8968544,4.0,5.910385,3.9563527,3.0,8.136928,3.6367528,1.0,1.0,28.0,53.52688,4.0,1.0,1.0,74.26045,1.0
58.417294,35.74455,3.0,57.49523,7.0,0.0,0.0,100.0,-7.0,7.0,8.0,-9.0,3.0,40.0,-7.0,1.0,1.0,71.32909,79.76541,4.0,2.0,0.0,86.0,1.0
69.0,113.01715,16.34912,35.080147,-9.0,0.0,0.0,100.0,-7.0,7.0,8.0,2.907792,0.0,62.63598,0.0,2.0,2.0,86.08375,37.53736,1.0,1.0,0.0,88.46153,1.0
70.0,-8.0,3.0,14.358747,-3.4548028,0.0,0.0,100.0,-7.0,7.0,8.0,1.7499546,1.0,82.41854,3.0,1.0,1.0,1.2499357,89.437805,0.0,1.0,-9.0,80.0,1.0
66.0,77.166595,2.0,0.065862164,3.0065954,3.0,2.3989663,73.9526,35.26779,6.0,2.0,5.9070444,3.0,33.0,0.0,3.0,3.0941114,28.0,95.89837,2.0,2.0,0.0,100.0,1.0
70.71463,124.94618,3.0,-9.0,17.0,0.0,0.0,100.0,-7.0,7.0,8.0,19.0,9.006659,23.0,23.417086,0.0,0.0,26.417667,114.54121,4.0,4.0,0.0,63.0,1.0
-9.0,350.78674,14.05841,108.7167,12.0,0.0,0.0,84.26674,6.410913,6.0,6.0,12.0,0.0,30.82294,0.0,3.0,2.63169,86.15236,-8.0,11.0,-8.0,6.279149,100.0,1.0
-9.0,152.1132,2.0,43.429665,20.0,0.0,0.0,82.18305,6.0,6.0,6.0,21.0,2.0,33.0,0.0,1.0,2.0,67.77866,-8.0,6.0,1.0,2.0,88.43848,1.0
-9.0,134.86739,3.0,53.865833,16.0,0.0,0.0,80.78836,1.0,-6.231503,6.0,19.0,1.0,42.69717,0.0,0.0,0.0,84.484184,93.49077,10.930939,4.0,3.0,100.0,1.0
54.549553,151.20903,1.0,43.694206,18.0,1.0,1.0,100.0,-7.0,7.0,8.0,23.0,7.9931946,33.0,0.0,6.4537477,6.6467867,56.478542,77.26681,6.0,2.0,3.0,100.0,1.0
59.700676,81.71233,5.0,36.730392,11.0,0.0,0.0,78.9065,16.607332,4.0,5.0,9.0,2.0,72.075485,0.0,4.656664,5.0,22.98366,71.0,2.0,4.0,0.0,82.72365,1.0
69.0,112.326256,13.989184,36.635532,12.478421,0.0,0.0,100.0,-7.0,7.0,8.0,13.0,0.0,95.274216,0.0,0.0,0.0,46.840942,81.78671,2.0,2.0,0.0,100.0,1.0
69.0,210.87598,1.0,54.85737,27.0,0.0,0.0,100.0,-7.0,7.0,8.0,33.0,7.9747086,75.56428,0.0,6.2599525,6.0739536,6.0,85.18747,1.0,20.078318,0.0,100.0,1.0
67.46511,146.72986,24.667784,36.900257,15.0,0.0,0.0,100.0,-7.0,7.0,8.0,22.0,0.0,0.21065763,0.0,3.0,3.0,52.480125,-8.0,5.0,2.0,2.0,79.96754,1.0
54.837162,23.914576,2.0,30.020132,8.0,1.0,1.0,93.0,49.816124,6.0,4.0,7.0,3.5283053,60.731575,0.0,4.0,4.0,97.92183,48.576,1.0,2.0,0.0,80.87774,1.0
67.0,80.59989,2.0,39.27127,-9.0,0.0,0.0,100.0,-7.0,7.0,8.0,5.3099465,2.0,64.86771,0.0,3.0,3.0,77.455315,90.85623,1.0,2.0,0.0,100.0,1.0
56.72724,61.68889,-9.0,-9.0,4.0443983,7.5850987,7.9708376,90.24588,40.01076,4.0,2.0,7.0,8.566686,50.0,-7.0,16.227364,15.785755,43.324894,47.196827,3.0,2.0,0.0,88.0,1.0
66.63102,161.728,14.697767,92.0,22.0,0.0,0.0,100.0,-7.0,7.0,8.0,20.0,0.0,40.0,-7.0,0.0,0.0,93.27408,-8.0,7.0,2.0,4.5070157,89.871124,1.0
-1.3973743,94.63755,6.0,-9.0,12.0,0.0,0.0,94.0,26.603815,6.0,6.0,14.0,3.0,28.0,0.0,1.0,1.0,73.495384,98.24162,5.0,5.156002,2.0,81.40407,1.0
54.488834,134.85486,2.0,58.0,20.0,0.0,0.0,88.05122,5.659454,4.0,6.0,24.08306,4.0,35.0,0.0,1.0,1.0,60.8416,43.750874,8.0,5.0,3.0,100.0,1.0
62.0,143.71872,4.0,52.935673,14.0,0.0,0.0,86.97346,1.3727632,3.7941017,6.0,17.0,6.0,29.0,4.0,0.0,0.0,22.928291,97.91346,4.0,2.0,0.0,100.0,1.0
60.537903,87.6632,8.0,-9.0,17.0,0.0,0.0,88.78913,30.599194,6.0,6.0,17.0,1.0,23.0,7.0,1.0,1.0,74.50757,71.0,11.0,3.0,3.0,83.0,1.0
56.64716,161.47798,2.642757,58.155136,14.0,0.0,0.0,100.0,-7.0,7.0,8.0,14.0,3.0,42.0,-7.0,3.0,3.0,93.9506,-8.0,6.0671816,3.0,2.0,100.0,1.0
-9.0,208.76268,3.4676845,43.76422,24.0,9.128028,3.115609,81.315216,28.160793,6.0,2.0,31.0,9.115958,37.0,0.0,2.0,2.0,54.348885,100.0,6.0,4.8457117,0.0,80.0,1.0
57.480404,198.73044,3.5916328,71.15443,29.0,4.798149,1.0,78.85855,23.235731,6.0,4.0,34.0,5.0,66.102745,0.0,6.957526,10.288667,40.923573,81.00533,3.0,2.5497885,2.0,55.316395,1.0
63.99573,165.3221,14.0,92.0,27.0,0.07425288,0.0,88.0,69.411446,6.0,5.0,24.0,0.0,6.2228074,3.9778688,2.0,1.0,90.67131,-8.0,22.377394,1.0,9.960563,100.0,1.0
56.68584,-4.149952,6.0,-1.9781764,7.0,0.0,0.0,100.0,-7.0,7.0,8.0,9.0,1.0,25.0,0.0,2.0,2.0,117.97749,74.4589,5.0,2.0,2.0,100.0,1.0
66.781075,105.01048,4.0,26.048492,12.0,0.0,0.0,100.0,-7.0,7.0,8.0,11.0,3.0,16.90451,0.0,4.0,4.0,70.65945,-8.0,2.0,1.0,2.0,80.0,1.0
67.0,159.48892,16.0,82.0,25.503744,0.0,0.0,100.0,-7.0,7.0,8.0,24.420494,0.0,44.122078,0.0,2.0,2.0,81.25869,27.130219,3.0,2.0,2.0,60.0,1.0
70.0,-2.4150906,2.0,26.927067,6.0,0.0,0.0,100.0,-7.0,7.0,8.0,1.9928917,4.0,37.0,1.0,1.0,1.0,43.161396,65.80141,4.0,2.0,0.0,100.0,1.0
55.965008,100.43289,2.0,-9.0,8.0,0.0,0.0,100.0,-7.0,7.0,8.0,7.8701067,3.0,36.0,0.0,1.0,1.0,104.12479,-8.0,3.0,2.0,4.0,100.0,1.0
56.857372,37.090908,5.0,-9.0,-9.0,0.0,0.0,100.0,-7.0,7.0,8.0,5.502078,1.0,22.0,0.0,3.0,3.0,94.08838,-8.0,3.0,0.5998897,2.0,100.0,1.0
70.0,189.301,30.372164,58.0,15.0,0.0,0.0,90.0,1.0,4.0,6.0,19.0,0.0,57.91694,0.0,3.0,2.0,3.0,-8.0,2.0,1.0,0.0,43.0,1.0
-9.0,77.77979,2.0,52.934208,6.0,2.0,1.0,67.63001,4.0,3.9753795,5.0,9.0,2.0,20.0,0.0,0.0,1.0,50.813255,-8.0,4.0,1.0,0.0,80.0,1.0
-9.0,109.84489,2.0,-9.0,24.0,0.0,0.0,100.0,-7.0,7.0,8.0,27.0,7.8840594,33.0,0.0,7.7286677,6.5261464,110.447334,93.374535,9.354224,6.0,1.0,91.690445,1.0
56.543957,111.81353,8.0,36.636124,14.0,0.0,0.0,92.0,16.840185,6.0,6.0,11.0,1.0,12.054586,0.0,0.0,0.0,116.15068,-8.0,5.0,1.0,4.0,100.0,1.0
72.05711,133.74673,2.0,36.57951,25.0,0.0,0.0,88.0,17.446535,5.8101816,4.098773,29.0,3.0,18.42683,-7.0,3.0,4.0,13.0,83.449326,4.0,2.0,0.0,50.0,1.0
86.0,205.68756,16.0,89.49834,10.198944,0.0,0.0,100.0,-7.0,7.0,8.0,11.0,0.0,45.0,8.0,0.0,0.0,-0.80193937,8.135864,0.0,2.0,0.0,25.891764,1.0
65.0,221.67696,12.0,58.0,17.0,0.0,0.0,78.99508,27.237568,6.0,6.0,24.0,0.0,35.0,0.0,3.0,3.0,118.1046,82.0,2.0,2.0,1.0,100.0,1.0
54.322094,100.56199,-9.0,29.568655,11.0,0.0,0.0,88.90831,13.133319,6.0,6.0,13.0,3.0,42.0,0.0,4.0,4.0,93.674805,84.03566,2.5404954,4.943864,1.0,80.0,1.0
63.0,135.34752,10.0,44.128128,14.0,0.0,0.0,100.0,-7.0,7.0,8.0,14.0,2.0,61.230553,12.849668,0.0,0.0,69.0879,84.45989,5.0,2.0,2.8959181,75.0,1.0
47.30681,221.09892,31.832241,76.52599,33.0,1.0,0.0,90.536125,-7.0,4.0,6.0,34.0,0.0,57.088383,0.0,1.0,1.0,113.64079,49.96798,10.869269,3.0,8.095195,83.0,1.0
62.215973,76.62602,15.0,64.21707,11.0689745,0.0,0.0,100.0,-7.0,7.0,8.0,2.4055362,0.0,24.0,11.20631,0.0,0.0,119.06922,-8.0,5.0,1.0,9.211501,100.0,1.0
67.9881,276.82608,6.0,117.75287,17.929512,0.0,0.0,90.12287,31.938494,6.0,6.0,17.0,2.0,20.0,0.0,13.637905,11.649715,83.81763,88.64121,9.1099,2.8212087,4.0,82.67749,1.0
63.0,172.25919,3.0,43.81593,30.0,6.487063,5.511725,91.0,38.244694,6.0,5.0,28.650883,10.601352,55.181034,0.0,2.8012655,2.0,14.537403,63.97303,5.0,15.657483,0.0,71.0,1.0
-9.0,222.85266,36.39529,57.769714,4.3175263,7.686531,4.688739,-9.0,20.340693,6.0,-3.205758,9.0,0.0,99.81401,0.0,0.0,0.0,3.0,-8.0,1.0,1.0,-9.0,100.0,1.0
56.89528,325.45587,2.0,83.0,15.0,8.568742,2.8668923,59.563187,10.642281,4.0,3.064821,19.0,2.0,54.055347,1.0,2.0,2.0,45.44213,51.699028,2.0,8.634475,1.0,78.0,1.0
66.92078,136.01926,-0.9492429,49.63518,24.590866,3.0,3.3338053,89.0,15.5053625,6.0,2.0,28.092781,10.553578,39.0,3.1952631,4.0,3.0,41.94608,91.0,3.0,3.0,0.0,67.0,1.0
56.33666,193.67694,47.568714,83.428085,-9.0,8.860348,6.2823887,-9.0,6.0,1.7237678,5.0,3.9942522,0.0,67.54202,0.0,1.0,1.0,61.136623,-8.0,1.0,1.0,-8.0,100.0,1.0
69.0,94.94176,12.950182,-9.0,-9.0,0.0,0.0,100.0,-7.0,7.0,8.0,4.3012223,0.0,98.10833,0.0,0.0,0.0,7.0,81.45486,0.024456024,1.0,0.0,63.0,1.0
56.496925,113.10489,10.0,63.0,24.0,0.0,0.0,100.0,-7.0,7.0,8.0,26.0,1.0,65.20782,-7.035286,1.0,1.0,93.883736,56.394936,9.0,3.0,5.0893908,100.0,1.0
63.0,141.92441,5.0,20.606342,34.600086,1.0,1.0,92.0,60.51207,4.0,4.0,39.61799,4.5665455,46.37063,1.0,1.0,0.0,85.02029,88.0,10.391537,6.181989,2.0,83.0,1.0
59.219494,119.43164,4.0,45.147335,28.0,0.0,0.0,100.0,-7.0,7.0,8.0,28.0,7.9648104,29.62923,0.0,4.0,3.0,49.957912,99.08073,10.38676,6.441529,4.2216744,75.0,1.0
65.0,173.1565,18.291037,71.43681,13.0,0.0,0.0,91.20407,-7.0,6.0,6.0,15.410453,0.0,57.270004,9.565004,0.0,0.0,93.791855,36.84019,3.0,3.0,1.0,100.0,1.0
67.0,150.42116,25.70242,82.62382,9.090782,6.903808,0.0,59.732903,24.530853,6.0,2.0,11.0,0.0,92.37165,0.0,5.0,4.0,1.0,82.625046,0.0,2.0,0.0,50.0,1.0
64.0,257.67288,19.64974,78.67209,6.0,2.0,1.0,35.691677,10.194858,6.0,5.0,6.0646815,0.0,56.67414,0.0,0.0,0.0,63.30834,-8.0,2.0,1.0,1.0,83.0,1.0
62.779537,194.62149,2.0007923,49.77333,23.0,6.4722404,1.0,90.218056,48.4566,6.0,-3.376683,24.680262,10.9954,61.530087,-7.0,4.0,3.854313,34.94934,94.97696,9.0,3.0,0.0,91.13128,1.0
68.0,33.89507,1.0,-9.0,-9.0,0.0,0.0,100.0,-7.0,7.0,8.0,5.833171,3.4207308,6.548971,0.0,8.552413,8.17695,30.040182,-8.0,2.1565633,-8.0,0.0,60.0,1.0
58.973785,109.068695,15.0,19.093962,15.0,1.0,0.0,88.0,13.035065,4.0,4.0,11.0,1.0,22.448595,0.0,4.749902,4.0,75.97139,98.15863,9.0,3.0,1.036612,100.0,1.0
64.0,148.13895,2.0,29.556265,3.2260087,2.0,1.0,83.84972,13.797145,4.0,-4.1237516,7.870693,5.2988744,45.27822,0.0,4.0,4.733143,55.596592,80.0,3.0,3.0,0.0,90.64243,1.0
56.810585,-9.0,4.0,-9.0,-9.0,0.0,0.0,100.0,-7.0,7.0,8.0,-0.14221886,4.0,40.484173,-7.0,1.0,1.0,56.920937,11.202686,2.0,1.0,0.0,92.90194,1.0
62.0,124.2943,29.430855,90.0,14.209301,0.0,0.0,82.553,3.0,0.0,6.0,19.0,0.0,50.0,-7.0,2.0,2.0,71.376526,-8.0,4.0,1.519602,3.0,100.0,1.0
9.123026,185.73883,13.0,90.09621,20.64171,3.8112984,2.0,83.11344,2.0,4.0,5.0,20.45236,1.0,24.0,0.0,1.0,0.0,80.68355,91.09095,6.0,2.0,4.0,75.80005,1.0
65.960495,166.83282,1.0,56.753273,21.452934,1.3897362,1.0,92.0,65.46813,6.0,5.0,26.0,10.505288,24.345741,1.0,0.0,0.0,61.02521,75.999626,4.0,4.0,1.0,88.0,1.0
-9.0,16.400198,10.0,31.66426,11.0,0.0,0.0,100.0,-7.0,7.0,8.0,9.0,1.0,11.0,0.0,4.0,3.8466032,119.61914,-8.0,6.0,-8.0,4.3645844,100.0,1.0
63.181202,1.949762,15.8416815,39.192642,15.511511,0.0,0.0,92.0,34.09148,6.0,6.0,16.0,0.0,20.923819,3.0,0.0,0.0,53.711308,-8.0,5.29361,1.0,2.0,86.0,1.0
62.527264,105.40192,3.0,-2.9295366,5.199382,0.0,0.0,100.0,-7.0,7.0,8.0,4.770318,2.0,56.855698,7.986023,0.0,0.0,80.840935,-8.0,2.0,1.0,2.0,80.0,1.0
62.129536,93.32805,7.0,69.47931,20.0,0.0,0.0,89.0,34.431,6.0,6.0,21.0,3.0,40.21031,5.0,0.0,0.0,107.70884,8.022423,9.0,2.0,4.39951,100.0,1.0
77.0,182.47633,3.0,61.0,28.71593,0.0,0.0,96.0,63.133884,6.0,6.0,38.0,2.0,84.72104,1.0,4.0,4.1738977,49.71647,82.0,1.0,7.198655,-8.0,100.0,1.0
64.0,10.091249,2.0,46.994316,24.0,0.0,0.0,96.0,12.1406145,4.0,5.0,10.0,10.753015,32.639732,13.352571,0.0,0.0,19.0,93.0,9.24576,2.0,0.0,60.0,1.0
64.69518,110.5375,19.594015,56.90143,12.0,1.0,1.0,86.56804,15.627012,6.0,5.0,8.0,0.0,40.0,1.0,0.0,0.0,31.730879,98.02904,3.0,4.0,0.0,71.0,1.0
68.3323,44.766003,45.8868,43.387985,7.0,0.0,0.0,100.0,-7.0,7.0,8.0,9.0,0.0,26.0,0.0,2.0,2.0,86.452095,-8.0,2.0,1.0,0.0,83.0,1.0
73.0,180.0279,-9.0,92.0,15.0,0.0,0.0,100.0,-7.0,7.0,8.0,11.0,4.0,14.167866,-7.0,6.9930053,6.8920655,19.868233,86.61448,5.0,1.0,1.0,67.0,1.0
-9.0,147.8969,3.0,48.631435,30.653015,0.0,0.0,74.45546,-7.0,4.0,6.0,54.460835,5.0,50.0,1.0,4.0,4.0,51.55145,93.0,4.0,22.455008,2.0,80.0,1.0
66.0,113.701996,11.532756,52.423836,9.754494,0.0,0.0,100.0,-7.0,7.0,8.0,9.0,0.0,10.038581,0.0,1.0,1.0,86.11447,27.108118,5.0,2.0,5.179738,82.95518,1.0
65.0,125.186584,23.576118,52.44307,-4.1327043,0.0,0.0,83.10255,16.884876,6.0,6.0,3.169812,0.0,70.58403,0.0,4.0,4.0,0.0,58.063717,-9.0,1.0,0.0,43.0,1.0
60.99962,184.35089,7.0,80.8364,13.0,7.602857,3.6742938,60.986454,24.051723,4.0,4.0,13.0,1.1775023,65.18029,-7.0,4.0,3.092579,65.3802,69.994736,1.0,4.0,0.0,83.37153,1.0
75.0,203.64761,2.0,48.596207,23.0,0.0,0.0,100.0,-7.0,7.0,8.0,27.489168,5.0,8.950964,5.0,1.0,1.0,23.975548,61.673286,7.0,2.0,1.0,57.304016,1.0
65.348625,48.62373,4.520705,24.757359,21.0,2.0,2.329485,84.66476,17.625975,4.0,4.2682285,22.0,4.0,41.0,0.0,0.0,0.0,25.0,-8.0,6.0,5.373952,0.0,86.16406,1.0
70.0,199.01064,22.766523,73.25518,19.0,1.0,0.0,90.0,17.778606,6.0,5.0,23.16366,0.0,71.87251,0.0,1.0,1.0,51.488842,70.23507,3.0,2.0,0.0,100.0,1.0
56.04837,44.226997,5.0,63.912743,18.584703,4.5736456,5.7838964,100.0,-7.0,-3.0374343,8.0,13.0,2.0,31.563372,1.0,2.0,2.0,85.91305,83.32247,6.0,3.0,1.0,75.0,1.0
54.9025,100.76476,1.0,74.0,8.472888,3.2180564,2.7816257,100.0,-7.0,7.0,8.0,8.0,2.0,75.362335,0.0,1.0,1.0,66.27343,68.20067,1.0,2.0,-8.0,100.0,1.0
-9.0,115.02271,5.0,53.826817,29.0,0.0,0.0,97.0,-7.0,4.0,6.0,37.0,3.0,38.7338,0.0,1.0,1.0,49.038494,-8.0,3.0,2.0,1.0,30.827505,1.0
60.510246,170.9816,1.0,48.684517,13.0,7.4981985,5.7147913,70.908226,51.988865,6.0,2.0,17.0,1.0612122,56.787415,6.44969,0.0,0.0,74.40904,90.307846,2.0,3.0,0.0,67.0,1.0
55.403214,142.47435,13.854369,61.0,10.0,10.245527,6.2612553,46.08832,3.0,-9.0,2.2561555,12.0,1.0,23.0,-7.0,0.0,0.0,94.98699,-8.0,2.0,1.0,1.0,83.0,1.0
60.775818,-8.0,21.816685,32.817978,15.353684,0.0,0.0,100.0,-7.0,7.0,8.0,15.0,0.0,44.07275,-8.0,4.0,3.0,80.06927,57.277428,4.0,4.2449775,6.6866026,100.0,1.0
62.0,125.632095,18.837915,60.5014,8.563056,0.0,0.0,83.72663,16.100977,6.0,6.0,9.0,0.0,77.231384,0.0,3.0,3.4999359,115.27249,89.06224,2.0,3.0,1.0,83.145325,1.0
56.19649,104.71913,5.0,32.646683,14.422906,4.1072636,3.1995778,84.95697,-7.0,-9.0,4.0,15.097974,2.0,50.0,0.0,16.850458,16.122095,51.47464,-8.0,2.0,3.0,0.0,89.88539,1.0
57.574783,-6.672021,3.0,5.8160057,12.0,0.0,0.0,100.0,-7.0,7.0,8.0,11.0,3.0,26.0,2.0,2.0,2.0,66.703354,31.464422,5.0,1.0,5.1172843,75.0,1.0
68.0,14.458629,3.0,48.217422,37.69575,10.695709,6.6962743,86.21545,47.721134,6.0,4.010297,35.0,3.0,63.512936,0.0,4.0,3.287192,55.26906,80.0,3.0,6.037694,0.0,84.32878,1.0
63.0,213.77348,22.242722,126.628555,18.0,0.0,0.0,88.0,-7.0,-9.0,6.0,21.0,0.0,43.0,0.0,0.0,0.0,114.10625,43.100212,6.0,2.0,1.0,87.19339,1.0
60.893105,125.04372,5.4129763,54.211758,10.0,1.0,0.0,94.98056,-7.0,4.0,5.3986726,8.0,1.0,50.0,0.0,2.0,2.0,109.66186,90.11156,2.0,3.0,2.0,80.0,1.0
69.0,95.42496,3.0,28.379383,13.0,3.2154894,2.240583,88.0,57.270752,6.0,4.0,14.0,6.0,39.0,-7.0,2.0,2.0,53.495876,100.0,2.0,2.0,0.0,67.0,1.0
73.0,110.82752,7.0,-9.0,-8.587172,0.0,0.0,100.0,-7.0,7.0,8.0,6.0621724,1.0,49.051174,4.0,0.0,0.0,1.0,-8.0,0.85870343,1.0,0.0,25.0,1.0
70.0,20.676764,2.0,-9.0,3.432597,0.0,0.0,100.0,-7.0,7.0,8.0,7.9661736,2.0,98.791756,0.0,3.0,3.0,0.0,99.37107,0.0,1.0,-8.0,44.0,1.0
61.68934,-8.0,2.0,34.33828,29.0,0.0,0.0,100.0,-7.0,7.0,8.0,37.0,5.323033,75.11352,0.0,5.9067287,6.040387,53.45358,92.21673,3.0,7.601854,0.0,73.82934,1.0
70.1273,159.81642,6.7618213,58.0,14.0,0.0,0.0,100.0,-7.0,7.0,8.0,13.0,1.0,52.439724,14.554981,0.0,0.0,37.120773,100.0,1.0,2.0,0.0,52.70588,1.0
59.745464,252.42793,16.0,65.17215,23.0,2.0,0.0,79.4551,30.223595,6.0,4.0,26.0,0.0,77.670135,0.0,2.0,2.0,71.0596,62.984455,1.0,3.0,2.0,67.0,1.0
64.45181,48.860317,5.0,-9.0,6.0,0.0,0.0,100.0,-7.0,7.0,8.0,7.0,3.0,99.99589,0.0,1.0,2.0,27.47581,82.0,1.0,4.0,0.0,100.0,1.0
-9.0,69.05682,32.18232,49.654503,10.0,3.0,1.0,-9.0,-7.0,4.0,2.0,17.0,0.0,89.29232,1.0,0.0,0.0,1.0,-8.0,1.0,1.0,0.0,61.918053,1.0
-9.0,12.485223,2.0,37.586887,33.0,1.0,0.0,89.0,-7.0,-9.0,6.0,41.31801,7.8806505,33.0,0.0,4.0,4.0,21.741224,51.871128,7.0,3.0,1.0,50.0,1.0
80.0,125.18109,18.806551,55.90936,5.4301276,0.0,0.0,100.0,-7.0,7.0,8.0,8.0,0.0,16.091599,5.3351636,0.0,0.0,3.5356169,50.102837,2.0,2.0,0.0,56.0,1.0
59.429405,153.47748,2.0,62.762207,6.115398,2.4982433,1.0,80.33403,40.307278,6.0,3.90854,8.0,2.0,45.482964,0.0,1.0,1.0,93.27596,59.051014,2.0,2.0,1.0,90.60843,1.0
62.0,113.99093,8.0,68.88491,5.2996283,1.0,1.0717233,82.63915,9.514606,4.364204,2.0,6.616641,1.0,49.646313,-7.0,4.8416467,5.0,25.237837,82.0,2.0,2.0,0.0,80.0,1.0
71.41269,72.84884,6.0,55.957542,24.0,0.0,0.0,100.0,-7.0,7.0,8.0,26.66291,3.0,76.93117,-7.0,0.0,0.0,62.28055,95.51845,3.0,2.0,0.0,80.0,1.0
62.364162,14.782145,9.156548,44.548897,0.44219863,0.0,0.0,100.0,-7.0,7.0,8.0,6.1591654,1.0,43.71113,2.7839484,0.0,0.0,74.600494,-8.0,2.0,2.0,1.0,86.36145,1.0
64.0,117.56329,8.0,52.27742,10.0,0.0,0.0,100.0,-7.0,7.0,8.0,8.0,1.0,38.0,8.0,0.0,0.0,74.89032,95.83985,2.0,2.0,1.0,82.78584,1.0
61.957172,199.69893,30.902035,59.649822,5.828049,1.0,2.0,59.138714,12.046502,4.0,5.0,15.0,0.0,73.9318,0.0,0.0,0.0,94.09477,37.337288,1.0,2.0,2.0,100.0,1.0
68.81951,285.27426,41.163788,82.0,14.0,1.0,0.0,68.259995,13.79935,6.0,5.0,12.659141,0.0,36.0,0.0,0.0,0.0,0.0,-8.0,3.0,-8.0,0.0,44.0,1.0
-9.0,133.97652,2.0,64.439804,13.0,0.013112707,0.0,79.11356,10.751809,4.0,5.0,11.140894,4.0,19.0,0.0,4.0,3.8513596,119.102684,52.034184,7.0,1.0,6.312625,100.0,1.0
55.71663,72.97045,6.0,5.8268127,16.0,0.0,0.0,89.1679,11.409682,6.0,6.0,18.0,10.121614,50.0,0.0,5.602775,5.0,45.193596,84.019554,4.0,4.0,1.0,75.0,1.0
78.0,49.72204,2.0,-9.0,9.0,0.0,0.0,100.0,-7.0,7.0,8.0,9.0,2.0,27.0,0.0,2.0,1.2509016,-8.650305,-8.0,0.4925794,1.0,0.0,13.798865,1.0
57.44546,147.38087,16.0,53.247643,15.0,1.0,0.0,84.77139,-7.0,-9.0,4.0,22.0,0.0,35.639523,11.78774,0.0,0.0,37.03473,31.911974,1.0,2.0,0.0,75.0,1.0
65.0,15.309201,2.0,46.808857,22.0,0.0,0.0,100.0,-7.0,7.0,8.0,19.449709,4.0,36.525543,0.0,6.45904,6.3444405,43.515182,84.021805,5.0,2.0,3.563262,71.0,1.0
69.175095,37.140858,13.851535,-9.0,4.279844,0.0,0.0,100.0,-7.0,7.0,8.0,6.776515,0.0,91.965454,0.0,3.0,2.0,0.0,28.302034,1.0,1.0,0.0,67.06141,1.0
57.96135,1.7958943,-9.0,-9.0,7.891813,2.0,2.0,100.0,-7.0,7.0,8.0,12.0,6.0,38.0,-7.0,5.1768794,5.9878154,45.04345,-8.0,4.28834,2.0,0.0,85.14638,1.0
65.0,164.13904,2.0,30.981215,21.0,0.0,0.0,100.0,-7.0,7.0,8.0,25.0,8.091476,81.94562,0.0,2.0,2.0,59.786015,77.88017,3.0,7.664377,1.0,100.0,1.0
63.0,209.03427,15.997693,44.754787,6.9789567,0.0,0.0,82.570755,23.969248,6.0,6.0,12.0,0.0,29.616184,-6.486477,0.0,0.0,115.63911,-8.0,5.0,1.0,1.0,86.0,1.0
55.7495,136.52396,1.0,62.818817,8.0,4.716048,5.8684196,82.89145,-7.0,-9.0,6.0,9.0,3.0,38.0,0.0,16.768377,16.6535,76.078125,54.034695,2.0,3.0,2.0,80.0,1.0
69.53163,98.055916,6.970479,21.798504,-4.1188545,0.0,0.0,100.0,-7.0,7.0,8.0,0.30943108,2.0,83.041794,16.0,0.0,0.0,-7.7272987,86.62583,1.0,1.0,0.0,64.0,1.0
65.0,-9.0,4.0,-9.0,15.0,0.0,0.0,95.0,24.570107,6.0,6.0,14.0,3.0,23.0,0.0,0.0,1.0,28.0,-8.0,4.0,2.0,0.0,58.0,1.0
56.477444,135.15651,7.0,79.0,16.0,4.2631636,0.0,76.95053,23.14428,6.0,4.0,25.0,3.0,68.16224,0.0,2.0,2.0,78.71305,73.57378,3.0,4.0,0.0,100.0,1.0
66.0,241.28915,5.0,79.66469,11.0,1.0,1.0,77.47357,25.692808,6.0,3.0489686,16.0,2.0,45.0,-7.0,2.0,1.0,4.0,6.6870575,1.0,2.0,0.0,83.0,1.0
56.93153,156.58784,8.0,42.311523,13.0,4.4467034,0.0,76.33971,23.067957,6.0,-9.0,19.0,0.0,28.28846,0.0,0.0,0.0,118.06446,42.707596,3.0,2.0,0.0,100.0,1.0
0.71980065,83.81069,3.0,22.814665,7.0,2.0,0.0,88.0,8.256793,4.0,5.0,7.072919,4.0,45.0,-7.0,0.0,0.0,102.55463,91.08338,5.0,5.0,2.4010303,100.0,1.0
-9.0,132.33823,12.250854,67.5197,13.0,0.0,0.0,76.99701,9.224544,6.0,6.0,11.0,0.0,13.368534,0.0,3.0,2.0,74.66146,-8.0,3.0,1.0,8.756799,56.19847,1.0
67.0,-8.069756,-9.0,-9.0,14.0,1.0,1.0,100.0,-7.0,7.0,8.0,20.0,9.448016,31.853338,-7.0,1.0,1.0,26.172672,68.47487,3.0,4.0,0.0,60.0,1.0
66.99199,157.33813,11.0,54.21777,21.281975,0.0,0.0,92.0,58.234367,6.0,6.0,19.0,1.0,34.514305,0.0,1.0,1.0,78.63557,80.0,7.0,3.0,2.0,100.0,1.0
70.0,102.46081,1.0,-1.2644348,7.0,0.0,0.0,100.0,-7.0,6.0,8.0,11.0,5.0,81.562744,-7.0,16.970184,16.308805,0.0,93.24033,0.55901486,3.0,-8.0,78.0,1.0
55.03054,125.06701,4.0,30.390612,22.0,2.0,1.0,87.54487,21.981936,6.0,6.0,23.0,4.0,26.0,0.75727075,1.0,1.0,36.0,71.19911,5.0,2.0,0.0,78.5389,1.0
57.31389,95.34393,2.0,40.57327,8.01027,0.0,0.0,90.122795,13.759132,4.0,6.0,9.0,8.776383,25.0,0.0,2.0,3.0,38.21921,62.403744,4.0,1.0,2.880952,86.0,1.0
66.0,97.08248,2.0,42.854424,9.0,0.0,0.0,100.0,-7.0,7.0,8.0,10.0,2.0,50.0,0.0,1.0,1.0,87.11377,59.055065,2.0,2.0,2.0,75.0,1.0
62.0,69.76047,4.0,-9.0,12.0,0.0,0.0,100.0,-7.0,7.0,8.0,15.0,2.0,90.10539,-7.0,6.2884846,5.809696,63.45161,96.13144,2.0,2.0,2.0,88.0,1.0
68.0,-9.0,5.0,-9.0,-9.0,0.0,0.0,100.0,-7.0,7.0,8.0,3.9826117,2.0,37.819656,0.0,3.9932947,4.0,14.0,48.13906,3.0,1.0,0.0,80.05841,1.0
-9.0,140.29558,-9.0,-9.0,7.7377543,0.0,0.0,100.0,-7.0,7.0,8.0,10.0,9.91145,46.596123,-7.0,2.0,2.0,45.145332,100.0,4.0,3.0,0.0,80.0,1.0
63.19714,167.49771,2.0,51.073288,17.704098,3.0,3.2815626,82.486374,36.615547,6.0,5.0,30.0,9.9974575,25.495592,2.5678585,3.0,3.0,33.33789,73.30062,7.0,4.0,1.0,79.61298,1.0
70.0,372.78424,25.13577,88.78104,17.0,2.3470354,2.0,80.17913,16.423595,6.0,5.0,19.0,0.0,88.28867,0.0,4.0,3.3046615,0.56454253,-8.0,1.0,-8.241217,0.0,33.0,1.0
70.0,268.83923,26.500023,49.30763,-7.081376,0.0,0.0,100.0,-7.0,7.0,8.0,5.3864164,0.0,99.99784,2.8918226,4.0,3.0,0.0,53.612297,1.0,1.0,-8.0,100.0,1.0
63.0,95.591995,3.0,40.482426,23.0,0.0,0.0,94.0,39.33104,6.0,6.0,33.345974,4.0,55.752674,0.0,2.0,2.0,88.280815,100.0,5.0,3.0,2.0,83.0,1.0
62.0,137.10132,-9.0,48.911995,34.0,0.0,0.0,95.0,11.817914,6.0,6.0,45.606438,6.445257,23.920734,0.0,5.579219,5.0,53.38993,92.09789,8.0,4.0,2.0,60.0,1.0
62.0,70.28909,2.0,34.460384,12.0,0.0,0.0,100.0,-7.0,7.0,8.0,20.0,3.0,27.0,7.273067,0.0,0.0,52.449944,100.0,7.0,2.0,5.076309,73.0,1.0
72.0,64.450584,17.932388,74.58449,8.0,0.0,0.0,100.0,-7.0,7.0,8.0,5.441243,0.0,28.0,6.9724693,0.0,0.0,89.47269,-8.0,3.0,1.0,1.0,83.0,1.0
66.0,-8.0,5.0,15.474184,9.0,0.0,0.0,92.89044,49.545986,6.0,6.0,10.0,1.0,19.787584,0.0,0.0,0.0,33.7225,85.41877,2.0,2.0,0.0,69.77231,1.0
54.97941,178.03241,-9.0,61.08934,17.0,4.9046707,0.0,72.62728,36.46816,6.0,5.0,26.0,10.764291,48.33322,0.0,1.0,1.0,66.81889,52.45645,7.0,2.0,3.0,81.17877,1.0
69.0,125.73766,2.3099442,-9.0,5.6079464,0.0,0.0,100.0,-7.0,7.0,8.0,12.0,5.0,16.984589,-7.0,1.0,1.0,68.11254,76.42482,3.0,2.0,0.0,88.01011,1.0
57.830326,-9.0,8.0,-9.0,8.0,1.0,1.0,100.0,-7.0,7.0,8.0,7.53975,3.0,33.0,0.0,1.7903186,2.0,69.56832,84.03461,4.0,3.0,0.47026524,75.0,1.0
63.360146,100.77482,2.0,28.756819,21.0,1.0,0.0,92.335,3.0,-9.0,4.0,23.0,3.0,41.0,1.0,2.0,2.0,17.451462,74.97993,2.1618073,4.0,1.0,50.707756,1.0
61.50896,98.50075,1.0,67.0,20.056627,0.0,0.0,96.0,3.0,0.44513527,6.0,19.0,3.0,54.086502,1.0,4.0,4.0,100.53043,72.32966,4.0,6.2846994,2.0,83.0,1.0
68.79666,172.80038,19.134308,46.486607,14.0,0.0,0.0,100.0,-7.0,7.0,8.0,19.0,0.0,13.746379,22.456406,0.0,0.0,95.447266,57.883232,5.0,1.0,1.0,100.0,1.0
57.169994,126.801445,3.0,59.14746,21.0,9.730979,6.337815,75.528984,11.65321,4.0,2.0,32.0,6.0,21.613888,9.947696,0.0,0.0,22.970726,75.22741,2.0,3.0,0.0,50.0,1.0
-9.0,-8.0,19.81,29.504969,13.378661,0.0,0.0,90.0,7.66943,4.0,6.0,14.021743,0.0,57.465214,0.0,0.0,0.0,90.99938,84.03951,6.0,5.0,3.1183162,83.589165,1.0
75.34524,139.15984,4.0,58.49625,20.0,0.0,0.0,100.0,-7.0,7.0,8.0,19.567162,3.0,45.812557,7.37172,0.0,0.0,20.239498,68.309944,3.0,4.0,0.0,71.88926,1.0
60.50971,94.880646,-9.0,27.954792,11.313223,0.0,0.0,100.0,-7.0,7.0,8.0,15.916774,4.859126,46.560074,0.0,1.0,1.0,73.699135,90.95472,2.0,3.0,0.0,73.0,1.0
63.0,69.13293,7.0,-9.0,6.8551908,0.0,0.0,100.0,-7.0,7.0,8.0,7.017147,1.0,59.815514,0.0,3.0,2.0,0.0,90.42256,1.0,2.0,-9.0,75.0,1.0
63.0,56.385567,3.0,17.486462,4.1050024,0.0,0.0,82.99034,16.550081,6.0,6.0,8.0,3.0,50.0,0.0,2.0,2.0,4.0,-8.0,1.0,2.0,-9.0,80.0,1.0
65.0,109.81035,38.984303,69.4888,-9.0,3.7324398,1.0,-9.0,46.55833,6.0,-2.7531068,3.9800138,0.0,41.0,0.0,1.0,1.0,1.3755883,-8.0,0.0,-8.0,0.0,49.971413,1.0
59.49385,-8.0,5.0,-9.0,13.0,2.0,1.0,84.82896,16.532984,6.0,5.0,13.0,4.266683,35.0,0.0,1.0,1.0,40.907547,82.02748,9.0,2.0,1.0,93.22758,1.0
54.893322,113.50173,3.0,55.752907,32.0,0.0,0.0,96.496506,20.00806,6.0,6.0,34.01642,3.0,33.037224,0.0,2.0,2.0,83.27133,91.0,20.463732,3.0,5.755458,85.655785,1.0
74.0,167.44017,7.0,82.0,10.0,0.0,0.0,100.0,-7.0,7.0,8.0,11.878454,1.0,17.0,8.0,0.0,0.0,76.67515,-8.0,5.0,1.0,1.0,100.0,1.0
-9.0,-9.0,-9.0,-9.0,-9.0,-9.0,-9.0,-9.0,-9.0,-9.0,-9.0,-9.0,-9.0,-9.0,-9.0,-9.0,-9.0,-9.0,-9.0,-9.0,-9.0,-9.0,-9.0,1.0
73.0,66.04339,23.741865,45.800354,-9.0,0.0,0.0,100.0,-7.0,7.0,8.0,6.261675,0.0,97.78195,0.0,0.0,0.0,0.0,-8.0,0.29436255,-9.0,0.0,29.149822,1.0
65.0,50.12366,4.0,16.061798,20.0,2.0,2.0,100.0,-7.0,4.0,8.0,19.0,3.0,51.053688,0.0,3.0,3.3084545,35.29795,86.75798,6.7111607,4.0,2.0,88.0,1.0
58.78374,-9.0,7.0,-9.0,9.108195,0.0,0.0,100.0,-7.0,7.0,8.0,9.0,1.0,36.0,0.0,3.0,3.0,5.0,-8.0,1.0,1.0,-8.0,64.08443,1.0
62.247772,136.61017,13.0,45.408516,13.168974,0.0,0.0,100.0,-7.0,7.0,8.0,13.178164,0.0,49.596157,0.0,0.0,0.0,117.25749,-8.0,5.0,2.0,5.37033,100.0,1.0
64.0,49.284977,6.0,-9.0,9.0,0.0,0.0,100.0,-7.0,7.0,8.0,9.86784,3.0,49.916344,6.5087476,1.0,1.0,55.41383,66.34279,2.0,2.0,0.0,75.0,1.0
65.103,147.06386,25.479858,79.0,7.8252273,1.0,2.0,81.400894,3.0,4.269723,3.0,9.0,0.0,21.0,0.0,0.0,0.0,80.290565,-8.0,2.0,-8.0,0.97469485,100.0,1.0
71.0,120.02794,10.0,44.475628,13.5281,0.0,0.0,100.0,-7.0,7.0,8.0,13.796929,0.0,33.0,0.0,1.0,1.383881,41.90553,-8.0,4.0,1.0,0.0,58.538765,1.0
64.0,138.67508,4.0,49.266117,27.642279,2.0,0.0,90.393265,49.12368,6.0,5.255606,27.0,4.0,42.0,4.0,1.0,1.0,53.02226,84.04429,9.0,8.970127,0.0,86.0,1.0
63.50692,118.62673,2.0,37.752644,19.0,1.0,1.0,100.0,-7.0,6.0,8.0,22.0,6.0,50.0,0.0,0.0,1.0,44.07458,60.651676,4.0,2.0,0.0,80.0,1.0
63.927444,262.1284,3.0,53.47383,10.0,3.0320003,2.8426065,63.512802,36.38095,6.0,2.0,11.487559,4.0,35.861694,0.0,3.0,3.0,39.596275,41.98145,5.0,4.0,0.0,88.0,1.0
-9.0,-6.5669417,3.0,21.9446,14.0,1.0,0.0,77.85542,2.0,2.3734314,5.0,17.137817,5.0,24.0,5.0,0.0,0.0,79.49859,100.0,5.699037,5.0,3.0,89.9041,1.0
65.83273,162.5095,5.0,46.752842,21.067707,0.0,0.0,97.0,31.047522,4.0,6.0,24.0,3.0,30.0,-7.0,0.0,0.0,71.121376,97.34024,3.0,3.0,2.0,75.0,1.0
70.82829,110.683,10.110501,55.17494,7.274857,0.0,0.0,94.0,18.373905,6.0,6.0,9.543353,1.0,99.99935,-7.0,1.0,1.0,-9.0,-8.0,0.0,1.0,0.0,80.0,1.0
62.0,162.78204,-9.0,31.080685,12.0,0.0,0.0,78.112526,21.917051,4.354379,6.0,11.220012,6.1361217,20.0,0.0,3.298959,3.0,26.979765,82.0,3.0,2.0,0.0,60.0,1.0
54.522316,108.60665,17.625164,41.268524,7.0664783,0.0,0.0,100.0,-7.0,7.0,8.0,3.1556208,0.0,45.0,0.0,2.0,1.0,107.08012,-8.0,3.0,1.0,3.0,100.0,1.0
-9.0,152.19038,15.256183,58.0,18.703787,0.0,0.0,82.2654,11.598921,6.0,6.0,17.331322,0.0,-9.0,0.0,1.0,1.0,118.04096,71.17037,9.971488,2.0,9.726998,100.0,1.0
65.11574,144.29553,3.0,44.6755,16.0,0.0,0.0,100.0,-7.0,7.0,8.0,20.0,4.0,46.43366,11.521886,0.0,0.0,94.65666,-8.0,3.0,1.0,3.0,75.0,1.0
71.0,33.452663,3.0,-0.2796634,13.0,0.0,0.0,79.917816,26.838997,6.0,6.0,17.0,4.0,96.46155,-7.0,2.0,2.0,-0.06000607,88.54509,1.0,5.0,0.0,81.101265,1.0
-9.0,154.8355,12.584649,62.141296,20.0,4.5649886,3.7978745,69.79366,-7.0,-9.0,6.0,37.0,0.0,38.3646,0.0,2.0,1.1149954,25.0,75.89422,5.0,2.983643,0.0,76.74989,1.0
76.0,142.17766,6.0,27.791481,13.0,0.0,0.0,100.0,-7.0,7.0,8.0,11.48394,3.0,99.58842,0.7590786,4.0,3.9049134,0.22540373,98.68372,1.0,2.0,0.0,71.0,1.0
66.0,-9.0,5.0,42.626526,10.0,0.0,0.0,100.0,-7.0,7.0,8.0,-0.8192294,3.0,47.0,0.0,1.0,1.0,46.579857,95.1343,3.0,4.0,0.0,86.11637,1.0
65.90249,145.79268,1.0,37.197914,6.0,1.0,0.0,82.92429,12.500393,6.0,3.0,8.0,4.0,71.658394,0.0,1.0,1.0,0.0,-8.0,1.0,1.0,0.0,71.0,1.0
66.0,130.74782,2.0,46.84901,21.0,0.0,0.0,100.0,-7.0,7.0,8.0,21.845589,2.0,20.0,3.0,2.0,2.0,42.41675,-8.0,3.0,1.0,2.7474248,57.0,1.0
64.67293,263.2764,15.0,85.02783,6.0,2.2072597,1.0,82.4268,35.820595,6.0,5.0,4.0680275,0.0,68.34745,4.0,0.0,0.0,96.78699,-8.0,1.0,1.0,-1.6641446,75.0,1.0
58.802063,158.05371,10.052808,52.422062,8.698548,2.0,0.0,80.80557,1.0,1.8455579,3.0,8.448619,1.0,55.92701,0.0,2.0,2.0,47.231586,-8.0,3.0,1.0,0.0,83.0,1.0
66.0,-9.0,10.0,-9.0,-9.0,0.0,0.0,100.0,-7.0,7.0,8.0,-9.0,0.0,91.29009,0.0,0.0,0.0,0.0,82.85841,0.0,2.0,-9.0,100.0,1.0
59.618683,125.66915,36.96547,67.70937,-9.0,3.0,1.042053,-9.0,9.539881,5.079182,2.0,4.607411,0.0,-9.0,-7.0,0.0,0.0,116.91788,-8.0,3.0,-8.0,1.0,100.0,1.0
69.0,136.27487,3.0,59.6849,41.50266,2.8235662,0.0,97.0,24.944443,6.0,2.0,37.920017,10.528922,30.0,0.0,1.0,1.0,12.0,100.0,3.0,2.0,0.0,50.0,1.0
46.373703,53.72758,8.0,-9.0,16.0,0.0,0.0,100.0,-7.0,6.0,8.0,16.0,3.0,81.157684,0.0,1.0,1.0,67.382996,82.0,3.0,3.0,3.0,76.26054,1.0
-9.0,131.07057,12.0,63.54487,21.0,3.3189552,2.0,88.63347,-7.0,-9.0,5.230995,27.0,0.0,97.15878,0.0,2.0,1.0,0.0,63.114563,-9.0,3.0,0.0,53.894287,1.0
50.760532,-9.0,12.0,-9.0,-9.0,0.0,0.0,100.0,-7.0,7.0,8.0,0.0110066235,0.0,60.571568,0.0,1.0,1.0,116.23276,73.38029,1.0,2.0,-9.0,74.04225,1.0
65.0,73.594666,2.0,37.551727,19.0,0.0,0.0,100.0,-7.0,7.0,8.0,22.0,3.0,24.0,7.7416115,0.0,0.0,60.2931,93.0,6.0,3.0,1.0,74.38858,1.0
57.424393,140.19905,3.368132,39.29946,25.0,4.6709723,0.0,82.295815,13.475559,6.0,2.0,31.0,9.8080435,38.0,0.0,3.0,2.0,30.392445,97.2857,10.930998,4.0,0.0,78.010635,1.0
57.251553,136.32281,35.16135,59.346333,8.923647,2.0,0.0,27.543512,-7.0,4.0,6.0,11.0,0.0,83.6808,0.0,1.0,1.0,0.0,-8.0,0.0,3.0,0.0,88.37511,1.0
70.0,-4.236743,22.826033,45.756058,5.066104,0.0,0.0,86.06231,32.76271,6.0,6.0,4.5085087,0.0,58.59974,0.0,1.0,1.0,2.0,-8.0,1.0,1.0,-8.0,100.0,1.0
69.0,-9.0,11.0,-9.0,9.0,0.0,0.0,100.0,-7.0,7.0,8.0,7.0,0.0,39.956257,5.905,0.0,0.0,6.0,69.455505,3.0,2.0,0.0,64.0,1.0
56.536892,-9.0,6.0,-9.0,12.0,0.0,0.0,100.0,-7.0,6.0,8.0,15.0,5.8177514,22.0,-7.0,1.0,1.0,26.510628,18.774014,4.0,2.0,1.0,73.0,1.0
-9.0,100.258545,6.0,47.32915,18.344196,0.0,0.0,88.0,6.610491,6.0,6.0,14.0,2.0,40.0,0.0,5.944711,5.243135,113.146965,88.0,4.0,3.0,4.0,71.4386,1.0
60.133987,140.24554,20.0,56.105198,10.057923,5.2843823,3.6820903,62.178867,15.877653,6.0,2.0,14.0,0.0,56.480137,-7.0,0.0,0.0,0.0,-8.0,1.0,1.0,0.0,62.42694,1.0
57.733555,48.412945,3.0,-9.0,19.90529,0.0,0.0,100.0,-7.0,7.0,8.0,26.0,6.0,66.746704,3.0,0.0,0.0,53.388588,84.03247,1.0,4.6632376,1.0,67.0,1.0
62.0,119.15727,7.0,61.107277,23.0,8.016992,1.0,80.93907,1.0,0.41770637,2.0,24.0,4.0,-9.0,0.0,4.814372,4.0,25.800785,-8.0,5.0,2.0,0.0,54.06154,1.0
62.0,189.21078,2.0,63.0,47.91793,3.0,0.0,89.0,70.644806,6.0,3.0,55.089916,10.730933,32.0,0.0,3.0,3.0,19.392162,92.70255,7.0,3.0,1.0,67.57758,1.0
-9.0,-9.0,-9.0,-9.0,-9.0,-9.0,-9.0,-9.0,-9.0,-9.0,-9.0,-9.0,-9.0,-9.0,-9.0,-9.0,-9.0,-9.0,-9.0,-9.0,-9.0,-9.0,-9.0,1.0
57.001163,-9.0,3.0,-9.0,17.0,0.0,0.0,100.0,-7.0,7.0,8.0,15.0,4.0,34.96985,0.0,1.0,0.91775125,52.18338,90.321594,5.0,4.584619,2.0,64.0,1.0
-9.0,62.819405,2.0,-9.0,12.0,1.0,1.0,89.0,10.699812,4.8446517,2.9616764,12.03763,7.138415,55.01001,0.0,2.0,2.0,66.13996,68.19286,4.0,6.0,3.0,86.0,1.0
58.03591,159.6668,16.0,65.55674,7.0,0.0,0.0,100.0,-7.0,7.0,8.0,6.8726273,0.0,39.393837,7.0,0.0,0.0,119.98902,-8.0,2.0,-8.0,4.90122,87.47324,1.0
56.063297,93.82222,1.0,26.616953,7.9813724,3.0,5.311725,88.0,55.471336,4.0,6.0,8.0,6.0,50.0,0.0,0.0,0.0,92.627365,-8.0,4.0,3.0,1.0,100.0,1.0
59.573307,161.78096,4.0,58.0,15.0,0.0,0.0,85.9372,16.314611,4.0,6.0,18.0,3.0,54.456215,-8.0,0.0,0.0,77.53643,98.73887,5.0,5.0,1.0,87.14769,1.0
62.0,128.93935,8.0,56.13585,24.0,0.0,0.0,100.0,-7.0,7.0,8.0,22.0,2.0,24.0,0.0,4.860948,4.289323,72.47482,-8.0,5.378857,2.0,5.558912,63.0,1.0
57.023315,-9.0,4.0,-9.0,4.5980043,0.0,0.0,100.0,-7.0,7.0,8.0,9.498847,5.0,26.062128,-7.0,0.0,0.0,70.12012,97.85974,4.0,2.0,1.0,92.3327,1.0
73.38513,123.79669,39.434597,61.32233,3.2716384,0.0,0.0,100.0,-7.0,7.0,8.0,5.0341873,0.0,98.42286,-7.0,0.0,0.0,3.0,25.967485,1.0,1.0,-9.0,88.82498,1.0
61.250164,69.11274,-9.0,38.8852,18.0,0.0,0.0,100.0,-7.0,7.0,8.0,19.0,3.2096193,16.0,0.0,2.0,2.0,79.23752,-8.0,7.0,2.0,5.0208178,83.0,1.0
56.190487,137.16634,7.0,58.778248,28.0,0.0,0.0,96.573364,3.8548126,3.0510075,6.0,25.0,1.0,76.17531,-8.0,1.0,1.0,106.80189,97.38322,9.0,4.0,3.0,100.0,1.0
62.0,75.46554,35.769497,38.17285,5.6202016,0.0,0.0,67.957565,1.0504183,4.0,6.0,8.0,0.0,76.990616,0.0,1.0,1.0,3.0,-8.0,1.0,2.0,0.0,68.01977,1.0
68.554634,-6.1789374,6.0,-9.0,13.685071,0.0,0.0,100.0,-7.0,7.0,8.0,14.0,2.0,17.584908,0.0,0.0,0.0,63.60435,-8.0,4.0,1.0,1.0,70.0,1.0
39.83977,169.38383,-9.0,70.0,13.0,0.0,0.0,100.0,-7.0,7.0,8.0,12.0,3.0,43.921406,0.0,4.0,4.0,115.282585,99.81142,6.0,1.0,4.8918943,100.0,1.0
54.86825,187.30444,26.40227,62.23639,16.334131,3.9607065,2.0,69.07682,13.241274,4.0,3.634924,18.75021,0.0,99.88384,0.0,3.0,3.0,64.99595,88.17198,1.0,4.0,1.0,83.0,1.0
68.0,177.2154,7.0,72.0,15.0,0.0,0.0,100.0,-7.0,7.0,8.0,12.776974,1.0,40.13654,0.0,1.0,1.0,115.28561,-8.0,1.0,2.0,3.0,84.17937,1.0
73.0,267.20987,15.77515,80.48853,12.74247,0.0,0.0,92.0,32.209263,6.0,6.0,13.383115,0.0,60.42484,0.0,0.0,0.0,104.77252,85.77517,3.0,3.0,0.0,100.0,1.0
62.31768,-8.87465,2.0,-9.0,16.17519,0.0,0.0,100.0,-7.0,7.0,8.0,17.233936,6.2025156,36.0,0.0,4.0,4.0,37.597183,26.197828,6.0,2.0,1.0,67.0,1.0
57.293827,-8.831353,3.0,44.68792,39.0,1.0,1.0,100.0,-7.0,7.0,8.0,38.60717,10.5288,57.240303,-8.0,1.971952,1.0,40.918247,98.274666,6.0,6.112899,2.0,72.05516,1.0
62.40879,64.585945,9.0443945,55.92207,22.0,0.0,0.0,94.0,2.9995172,4.0,6.0,21.037577,2.0,20.79179,16.0,0.0,0.0,52.238037,63.56403,5.0,3.0,0.0,82.56499,1.0
59.0541,83.66612,5.0,37.787437,16.0,1.0,1.0,100.0,-7.0,7.0,8.0,15.892919,2.0,45.15017,0.0,2.0,2.0,69.65575,44.70854,3.0185895,3.0,1.0,64.0,1.0
58.417355,85.97039,24.459776,63.0,9.674763,0.0,0.0,87.112114,12.244997,6.0,6.0,10.0,0.0,-9.0,0.0,1.0,0.0,116.07316,-8.0,4.0,-8.0,3.0,89.07802,1.0
65.0,193.35245,5.0,88.84191,18.0,3.0,1.0,78.53146,20.37646,2.6755857,5.0,19.0,5.0,28.0,0.0,4.4009986,5.172953,49.18419,-8.0,8.0,1.0,1.0,78.0,1.0
57.862083,291.43384,9.704965,92.0,13.008571,1.0,1.0,92.0,1.0,2.4083257,6.0,12.0,1.0,38.428173,0.0,5.1816764,4.6217947,52.476044,87.11777,4.0,2.0,0.0,100.0,1.0
59.246853,144.965,3.0,82.847855,12.0,4.7124434,8.232086,80.654816,13.033197,-9.0,2.252847,12.431323,2.7908618,14.0,10.374866,1.0,0.0,81.31767,60.22098,6.0,2.0,1.0,88.0,1.0
62.94442,165.43709,6.0,54.530296,25.0,0.0,0.0,95.18433,2.0,4.0,6.0,29.0,4.0,46.0,-7.0,3.0,3.0,87.102325,78.8621,8.0,5.0,1.0,100.0,1.0
60.713554,121.17217,24.615784,61.0,23.0,0.0,0.0,69.359886,-7.0,-9.0,6.0,24.263882,0.0,75.20045,0.0,1.0,1.0,17.50588,76.0,2.0,4.0,0.0,71.74324,1.0
70.72008,125.5181,2.0,32.764427,25.816624,0.0,0.0,97.0,71.495514,6.0,6.0,26.0,3.0,37.0,2.0,1.0,1.0,45.06024,85.061104,7.0,5.0,1.0,67.0,1.0
63.021095,75.933334,19.879686,58.74879,13.0,2.0,0.0,70.02234,11.174879,6.0,3.427823,12.0,0.0,92.315094,0.0,4.0,3.0,6.0,58.360596,1.0,3.0,0.0,88.15905,1.0
68.0,137.92943,6.0,46.689594,14.0,0.0,0.0,100.0,-7.0,7.0,8.0,9.0,1.0,36.0,-8.0,0.0,0.0,44.51346,72.59253,7.0,4.0,3.0,91.36295,1.0
67.0,179.66168,2.0,59.524548,30.0,2.0,1.0,89.81332,7.653743,-3.4728858,2.0,43.432556,4.7249947,47.0,0.0,5.1166883,5.0,47.26002,68.15382,6.0,2.0,2.0,80.0,1.0
65.19775,118.67968,7.0,36.51276,10.0,1.0,1.0,89.0,50.88947,6.0,4.0,8.0,1.0,74.41587,-8.0,0.0,0.0,41.380123,89.986336,3.0,5.777672,-8.685494,83.0,1.0
64.0,95.87168,3.0,42.560738,17.0,0.0,0.0,100.0,-7.0,7.0,8.0,20.0,2.0,27.0,-2.974079,1.0,0.0,62.63762,50.39364,7.0,1.0,4.1828113,72.58901,1.0
61.988018,107.872154,2.0,37.769596,10.656454,0.0,0.0,89.20501,12.821188,4.0,6.0,14.0,5.0,36.0,0.0,0.0,0.0,30.929207,60.99673,3.0,3.0,0.0,70.0,1.0
-9.0,118.56574,7.0,25.48409,7.33948,2.0,1.0,57.240295,4.0274897,4.0,5.0,7.129105,3.0,30.0,-7.0,0.0,0.0,59.54241,51.79183,2.0,2.0,1.0,100.0,1.0
60.55725,170.79283,28.611,128.50143,18.0,1.0,1.0,88.0,-7.0,-9.0,5.0,20.0,0.0,30.0,0.0,3.6447053,3.0,41.418663,31.501484,10.655066,2.0,1.0,70.56839,1.0
56.566208,84.33779,3.0,23.658735,18.0,2.0,1.0,77.49739,31.0708,6.0,2.0,24.0,6.0,37.10839,-8.0,1.0,1.0,40.97942,68.26486,6.0,5.0318613,0.0,100.0,1.0
65.0,139.13863,2.0,44.58517,23.57633,2.0,0.0,92.8323,52.976994,6.0,3.9427216,27.324663,6.0,25.0,0.0,3.0,3.0,65.03755,90.499405,4.0,2.0,1.0,50.0,1.0
64.0,165.99736,24.14853,68.0,-1.321423,0.0,0.0,58.65206,4.0,5.0,6.0,4.814861,0.0,68.70677,0.0,0.0,0.0,17.0,-8.0,1.0,1.0,0.0,90.7164,1.0
66.0,-9.0,2.0,-9.0,9.246614,0.0,0.0,100.0,-7.0,7.0,8.0,4.9218082,3.0,69.9867,0.0,0.0,0.0,41.31326,55.488132,3.0,3.0,3.0,83.0,1.0
57.05299,206.38373,11.0,48.683655,17.559853,0.0,0.0,93.0,36.632767,6.0,6.0,16.0,0.0,8.228131,0.0,1.0,1.0,79.79245,-8.0,18.183935,2.0,8.726569,79.441605,1.0
-9.0,83.94197,6.0,41.834335,-9.0,1.0,1.0,70.51852,6.2900205,6.0,4.0,6.491142,2.0,33.0,0.0,5.0,5.0,69.504486,-8.0,2.0,1.0,1.0,80.0,1.0
36.95201,162.49986,2.7451887,69.56193,17.0,0.0,0.0,88.0,3.5385053,6.0,6.0,17.0,6.0,30.0,0.108254015,1.0,1.0,57.36748,-8.0,6.0,7.066147,3.0,78.0,1.0
55.666653,147.42293,11.0,56.784073,18.0,1.0,0.0,83.032616,4.999999,5.7010818,4.4939055,19.0,1.0,52.84875,0.0,3.0,3.0,58.084164,45.844822,4.0,5.0,2.0,100.0,1.0
60.54772,125.53073,7.0,36.628056,14.0,1.0,0.0,82.61645,4.0,6.0,4.2463975,11.081761,1.0,-4.657128,5.0,0.0,0.0,45.21639,-8.0,4.0,1.0,1.0,53.034943,1.0
68.0,65.9928,5.5390067,-9.0,4.543387,0.0,0.0,100.0,-7.0,7.0,8.0,10.0,3.0,76.662125,0.0,0.0,0.0,4.0,-8.0,2.0,2.0,0.0,80.0,1.0
62.144047,160.49472,13.599337,29.860565,7.1431103,0.0,0.0,76.25051,17.028831,6.0,6.0,11.0,0.0,13.875248,0.0,0.0,0.0,73.10338,-8.0,4.0,1.0,0.9088252,100.0,1.0
58.651295,-9.0,20.0,-9.0,4.105444,0.0,0.0,100.0,-7.0,7.0,8.0,5.9914637,0.0,20.0,-7.0,2.0,2.0,119.07091,-8.0,3.0,1.0,3.5086038,80.0,1.0
80.1572,604.3722,17.0,104.10144,4.6383643,0.0,0.0,83.19686,46.33065,6.0,6.0,13.243182,0.0,90.75223,1.0,1.0,1.0,0.0,57.133736,0.0,2.0,-8.0,67.0,1.0
64.0,79.86604,4.0,-9.0,-9.0,0.0,0.0,100.0,-7.0,7.0,8.0,4.0110264,2.0,66.56449,0.0,0.0,0.0,112.40061,85.84,2.2419298,4.0,2.0,100.0,1.0
73.0,164.06488,5.0939198,64.79987,19.351082,1.0,0.0,88.19681,22.096703,6.0,5.0,18.0,2.0,22.0,-7.0,4.0,4.0,11.188695,58.537483,2.0,2.0,0.0,50.0,1.0
54.518116,147.51305,7.0,-9.0,-9.0,1.0,0.0,83.86178,21.117441,6.0,5.0,1.0842797,4.0,68.75677,-7.0,0.97273827,0.0,119.82875,73.04729,2.0,2.0,1.0,100.0,1.0
54.97605,150.15543,2.0,7.411754,24.669382,1.0,0.0,92.0,40.139072,6.0,5.0,28.0,8.07133,39.43876,0.0,1.0,1.0,82.336105,100.0,4.0,4.0,2.0,87.663025,1.0
-9.0,270.47943,6.0,64.4175,37.24266,0.0,0.0,91.14068,13.307768,4.0,6.0,43.98973,4.0,50.467216,0.0,1.0,1.0,78.36897,144.86162,11.0,2.0,4.0,100.0,1.0
45.095173,87.122604,16.652407,40.13931,13.397858,0.0,0.0,86.21489,6.2246246,6.0,6.0,14.0,0.0,41.31124,21.638603,0.0,0.0,102.27592,75.172905,5.0,2.0,2.0,100.0,1.0
62.88273,73.68755,1.0,58.0,27.0,2.0,1.670578,100.0,-7.0,7.0,8.0,26.0,4.9874344,19.0,0.0,3.0,3.0,32.880577,100.0,11.0,2.98042,1.0,56.0,1.0
58.810772,-9.0,25.83931,24.061085,6.0,0.0,0.0,100.0,-7.0,7.0,8.0,8.416988,0.0,35.0,-7.0,2.0,2.0,89.15144,-8.0,4.0,3.0,4.1652493,91.73885,1.0
64.0,125.20861,9.0,68.08851,8.467246,0.0,0.0,82.10604,21.933975,6.0,6.0,8.236241,1.0,68.54832,0.97642756,0.0,0.0,1.0,-8.0,1.0,1.0,0.0,56.990143,1.0
71.0,217.90576,19.486982,75.0,10.0,0.0,0.0,74.71803,4.0,6.0,6.0,12.0,0.0,45.961147,0.0,5.0,5.0,0.0,-8.0,1.0,-8.0,0.0,32.722507,1.0
-9.0,-8.0,3.0,16.482195,35.444244,0.0,0.0,96.0,2.0893543,6.0,6.0,34.152103,3.5077431,18.0,0.0,2.0,2.0,33.631474,68.72493,11.0,4.0,6.999715,62.42362,1.0
73.0,190.17973,44.73703,65.12537,17.0,0.0,0.0,84.00174,20.11568,6.0,6.0,22.697945,0.0,73.80958,0.0,0.0,0.0,21.0,-8.0,1.0,1.0,0.0,44.0,1.0
66.0,224.40729,36.876984,110.13724,6.451257,0.0,0.0,100.0,-7.0,7.0,8.0,14.0,0.0,15.091761,-7.0,2.0,2.0,99.825806,-8.0,2.0,-8.0,1.0,80.0,1.0
70.85969,123.610565,36.91863,65.0,7.0,0.0,0.0,100.0,-7.0,7.0,8.0,8.0,0.0,99.89904,1.0,0.0,0.0,2.0,-8.0,1.0,1.0,-9.0,92.05081,1.0
64.0,-8.070812,4.0,27.20713,6.822458,1.0,1.0,100.0,-7.0,6.0,8.0,3.9948065,1.8143084,38.0,0.0,0.0,0.0,60.22569,52.559185,2.0,2.0,0.0,71.0,1.0
73.00391,71.79909,14.0,44.955116,12.0,0.0,0.0,100.0,-7.0,7.0,8.0,10.0,0.0,16.353786,0.0,3.0,3.0,70.3162,-8.0,3.0,1.0,0.0,67.124725,1.0
8.975145,327.05386,6.0,79.93226,28.0,6.602531,5.109717,60.918488,6.0,-9.0,4.0,47.682648,2.0,46.80901,-4.670447,6.7381034,6.999219,99.07297,68.67113,3.0,17.783567,1.0,87.86691,1.0
69.0,119.52758,18.690262,52.661877,8.185083,3.0,0.0,77.95715,20.725275,6.0,3.6026962,9.287826,0.0,83.31215,0.0,2.0,1.9122007,0.0,-8.0,-9.0,1.0,0.0,35.572315,1.0
65.0,119.219086,7.0,-9.0,7.3703094,1.0,0.0,74.919685,21.833357,6.0,5.0976143,11.0,1.0,17.0,-3.2193227,0.0,0.0,91.29491,-8.0,3.8741832,1.0,1.0,80.0,1.0
-9.0,76.67642,1.1665804,36.44701,3.3895438,1.0,0.0,80.9422,2.4747133,-9.0,5.906203,4.5286756,3.0,54.694294,0.0,0.0,0.0,67.333885,72.07525,3.0,2.0,0.0,100.0,1.0
59.96401,216.73723,4.0,56.5655,26.140465,3.3402712,0.0,90.6527,1.1949753,3.278635,5.0,31.0,10.635629,19.0,0.0,2.0,2.0,27.23552,-8.0,4.0,2.0,1.0,56.0,1.0
58.2365,149.15486,7.0,58.0,18.0,0.0,0.0,70.44807,12.329158,4.2263765,6.0,17.0,2.0,67.81363,0.0,1.0,1.0,114.231705,67.64961,3.0,3.0,3.797536,100.0,1.0
-9.0,75.343605,2.0,-9.0,16.0,0.0,0.0,100.0,-7.0,7.0,8.0,17.145872,7.613954,10.743608,0.0,4.0,4.0,38.299896,60.367535,20.028366,2.0,4.0,71.0,1.0
61.240128,146.94029,6.0,18.931126,40.256603,0.0,0.0,97.0,38.93878,6.0,6.0,59.959763,1.0,14.0,0.0,5.3707128,4.7869797,92.46683,72.92731,24.104084,2.0,4.3042626,99.0125,1.0
62.0,110.14729,4.350286,44.317646,25.0,0.0,0.0,100.0,-7.0,7.0,8.0,23.0,2.0,46.0,0.0,0.0,0.0,43.387638,59.073063,4.0,3.0,4.0,60.0,1.0
65.0,164.06085,5.0,70.0,29.0,0.0,0.0,100.0,-7.0,7.0,8.0,31.0,3.0,46.0,20.98946,0.0,0.0,61.25915,-8.0,11.0,3.0,3.0,83.0,1.0
67.0,264.09247,1.0,84.0,15.0,1.0,0.0,92.0,25.641562,6.0,5.0,16.0,4.0,19.0,0.0,5.0,4.6493163,48.052784,-8.0,6.0,2.0,2.0,75.968346,1.0
63.870495,-9.0,2.0,-9.0,23.0,0.0,0.0,100.0,-7.0,7.0,8.0,26.0,4.0,33.0,4.0,0.0,0.0,59.417305,60.81404,7.0,3.0,5.429778,67.0,1.0
66.0,45.116455,2.421616,-9.0,15.0,0.0,0.0,100.0,-7.0,7.0,8.0,19.280128,3.2161279,68.27353,-8.0,0.0,0.0,48.28862,97.846085,2.0,4.0,0.0,75.0,1.0
61.275375,221.05879,6.0,65.0,10.0,2.0,0.0,77.33327,13.85854,5.0,5.0,10.635995,1.0,22.0,-7.0,1.0,1.0,67.26696,-8.0,2.0,1.0,0.0,73.66443,1.0
-9.0,-9.0,3.0,-9.0,13.0,2.3284082,0.0,77.26399,21.729544,6.0,2.0,13.0,2.0,16.116545,0.0,3.791341,4.0,105.14954,82.0,7.8764777,2.0,2.0,86.52927,1.0
59.90684,62.913143,15.0,54.348125,9.634831,0.0,0.0,100.0,-7.0,7.0,8.0,8.996815,0.0,31.0,0.0,2.0,2.0,116.1143,76.70392,4.0,1.0,5.5130076,100.0,1.0
56.034847,176.7914,11.0,67.0,7.0,0.0,0.0,77.94066,-7.0,-9.0,6.0,9.0,2.0,31.0,0.0,0.0,0.0,83.231995,99.38258,4.0,2.0,1.0,85.75236,1.0
31.512524,131.92902,9.0,13.442165,-9.0,0.0,0.0,81.020744,6.0,4.0,6.0,5.8317137,1.0,44.2077,1.0,1.0,1.0,73.60848,48.184235,1.0,1.0,1.0,70.86875,1.0
65.59562,125.04584,2.0,44.600624,29.0,1.0,2.0,86.989975,46.960835,6.0,3.0,30.0,4.2911572,50.0,3.0,1.0,1.0,67.14901,93.85691,6.0,6.4138374,3.0,86.0,1.0
67.0,140.75377,15.0,61.0,8.0,0.0,0.0,85.01956,31.961985,6.0,6.0,7.2084966,1.0,72.90494,0.0,2.0,2.0,98.40171,78.5827,2.0,4.0,2.0,100.0,1.0
59.13627,-9.0,1.0,-9.0,14.0,1.0,1.0,100.0,-7.0,7.0,8.0,6.745671,6.0,25.942358,0.0,0.0,0.0,42.97488,99.39257,5.0,2.0,1.0,75.0,1.0
63.0,174.2601,9.0,44.248142,12.0,0.0,0.0,100.0,-7.0,7.0,8.0,12.0,1.0,5.2085094,0.0,3.0,3.0,69.74121,14.044694,10.345435,1.0,2.0,100.0,1.0
62.0,142.99849,4.0,62.59928,12.0,4.623241,2.904916,79.92159,58.7229,6.0,5.0,15.105997,1.0,89.9231,0.0,1.0,1.0,9.493528,77.73219,1.0,4.0,0.0,60.0,1.0
59.322887,128.05376,2.0,67.0,25.327024,0.0,0.0,85.54643,20.414074,6.0,6.0,27.0,2.0,35.24479,-7.0,4.8903136,4.8065205,18.0,72.82638,11.0,2.0,4.1202483,75.66812,1.0
74.0,183.04851,25.451277,65.5325,22.0,0.0,0.0,86.59968,23.211134,6.0,6.0,26.0,0.0,46.9131,-7.0,0.0,0.0,48.363777,-7.7292013,3.0,1.0,0.0,65.05693,1.0
63.79233,120.23824,3.0,60.062428,13.001226,0.0,0.0,100.0,-7.0,7.0,8.0,12.0,2.0,47.0,0.0,4.0,3.996051,73.11516,82.0,3.0,4.0,3.0,80.57668,1.0
-9.0,139.92206,10.0,58.7303,-4.304186,4.32337,2.0,27.631664,20.235115,6.0,-9.0,5.5772853,1.0,42.0,9.222796,0.0,0.0,118.983665,-8.0,1.0,1.0,-9.0,100.0,1.0
63.0,188.03694,3.0,44.990875,18.0,0.0,0.0,77.54843,5.800843,5.277814,6.0,21.0,4.6354365,14.545899,0.0,1.0,1.0,16.334003,93.0,4.0,2.0,0.0,58.0,1.0
63.0,-8.26642,2.0,12.003221,5.5166926,0.0,0.0,100.0,-7.0,7.0,8.0,2.3455396,4.0,89.32251,0.0,1.0,1.0,83.27622,79.86177,-9.0,2.0749984,0.0,74.22441,1.0
-9.0,175.8753,1.1933101,71.36377,30.709139,8.01367,2.0,32.738235,9.284815,6.0,4.8197155,47.99188,4.0,48.2127,0.0,11.990895,11.806782,67.74104,89.97379,5.0,11.723573,2.0,77.677704,1.0
59.58469,34.75263,11.0,43.565655,14.0,1.0,1.0,76.45709,35.757107,6.0,3.6997268,21.0,2.0,18.071121,0.0,3.0,3.0,64.230865,-8.0,4.0,-8.0,1.0,82.63971,1.0
70.0,99.10551,17.0,65.0,12.0,1.0,0.0,86.36152,23.507912,6.0,5.0,12.0,0.0,83.31425,0.0,2.0,1.0,2.0,-8.0,0.0,1.0,0.0,43.0,1.0
85.41226,258.10904,25.867174,109.62609,-9.0,0.0,0.0,100.0,-7.0,7.0,8.0,3.1698098,0.0,9.12644,0.0,2.5615592,2.0,1.0,-8.0,2.0,-9.0,0.0,56.069973,1.0
64.32131,171.46317,17.0,68.0,10.0,1.0,0.0,83.57685,8.429786,4.9246216,5.0,11.0,0.0,50.0,0.0,0.0,0.0,28.0,24.780725,1.0,1.0,0.0,80.0,1.0
34.2574,159.9377,-9.0,21.08243,12.0,0.0,0.0,100.0,-7.0,7.0,8.0,14.0,6.0,44.0,0.0,2.0,2.0,114.13709,89.51244,4.0,5.0,3.0,100.0,1.0
15.73963,1.3957027,5.0,33.712147,12.0,1.0,0.0,86.174736,2.0,-4.1706166,4.0,15.0,2.0,44.0,0.0,0.0,0.0,73.38492,95.87907,4.0,7.067775,1.0,100.0,1.0
62.436153,125.18618,6.0,58.0,12.937217,4.381385,1.0,75.1005,26.662977,6.0,4.792661,16.0,1.0,45.0,1.0,0.0,0.0,59.688625,93.0,3.0,3.0,0.0,80.0,1.0
68.0,170.22789,2.6461637,59.766136,3.8375294,2.3668134,1.0,76.18919,42.124413,6.0,2.0,8.0,1.0160036,24.0,0.0,0.0,0.0,63.027264,-8.0,3.0,1.0,0.0,88.9013,1.0
-9.0,132.57082,6.0,-9.0,7.521126,0.0,0.0,86.28683,13.289251,6.0,6.0,8.806958,3.0,38.0,0.0,1.0,1.0,115.27768,99.10437,1.0,2.0,3.1427226,75.0,1.0
70.28196,133.31384,2.0,55.498146,22.0,1.0,0.0,94.0,29.25151,4.0,5.0,25.197212,2.0,51.63298,0.0,2.0,2.0,65.29961,76.0,3.0,4.0,0.0,83.0,1.0
65.0,151.72102,1.0692058,49.92746,-6.623409,0.0,0.0,78.15309,46.116142,6.0,6.0,7.859373,2.0,71.200455,0.0,1.0,1.0,83.05332,57.6378,1.0,3.0,0.0,100.0,1.0
63.782722,75.92885,5.0,31.781883,7.0,0.0,0.0,100.0,-7.0,7.0,8.0,7.0,2.0,43.644196,0.0,2.0,1.0,118.47747,58.543682,2.0,1.0,1.0,88.62261,1.0
-9.0,182.80899,6.0,82.0,44.66915,9.987954,5.604618,87.04436,0.71824694,5.2686653,6.0,51.59005,3.0,81.47085,0.0,17.180466,16.86143,52.534775,-8.0,3.0,18.860312,2.0,88.61202,1.0
60.39973,191.09637,2.0,59.71166,16.0,2.0,2.0,70.48616,2.0,0.12113283,4.0,17.0,4.0,23.149473,0.0,3.0,3.0,48.81497,15.776272,4.0,2.0,0.0,50.0,1.0
62.045856,-8.0,5.0,50.602085,12.0,2.0,1.6136948,100.0,-7.0,6.0,8.0,9.0,4.0,20.0,0.0,4.0,4.301497,51.733196,-8.0,3.0,1.0,1.0,80.0,1.0
66.0,115.4918,6.0,43.963253,19.0,0.0,0.0,92.0,36.77938,6.0,6.0,22.756435,2.0,58.333054,0.0,3.0,2.8079636,43.95927,95.85579,3.0,2.0,0.0,80.0,1.0
64.0,59.459732,8.0,36.359413,12.0,0.0,0.0,100.0,-7.0,7.0,8.0,4.5817165,1.0,56.718132,0.0,2.0,1.5253067,96.08252,85.84523,2.0,3.0,1.0,74.16262,1.0
56.259636,102.19245,8.530717,47.068523,38.7233,0.0,0.0,100.0,-7.0,7.0,8.0,43.560074,3.0,42.0,9.0,0.0,0.0,88.368835,80.50953,9.0,4.3553977,2.0,82.01729,1.0
62.0,161.87018,3.0,58.460476,12.0,2.5220702,2.0,79.43754,39.615547,6.0,5.0,11.0,2.0,32.0,0.0,2.0,2.0,38.861202,-8.0,4.2077923,1.0,0.0,80.0,1.0
66.49213,245.99994,7.0,68.0,14.0,0.0,0.0,89.3064,34.873707,6.0,5.0,15.902245,2.0,44.0,0.0,0.0,0.0,90.58142,43.28362,4.0,2.0,1.0,100.0,1.0
67.27673,106.723724,1.0,52.10989,32.8457,2.4617825,2.0,94.257805,7.729183,4.0,2.8832314,44.353115,5.0,13.0,0.0,4.9586806,4.0,18.641708,63.347824,8.0,3.0,0.0,50.78709,1.0
23.576036,177.66505,13.128825,44.583206,13.0,0.0,0.0,85.47099,11.140713,6.0,6.0,12.583839,0.0,13.0,1.0,0.0,0.0,70.133995,79.92777,5.258828,2.0,2.0,71.0,1.0
67.63641,-8.11241,18.000792,51.42167,18.0,0.0,0.0,100.0,-7.0,7.0,8.0,0.3345211,1.0,83.036354,-7.0,1.0,1.0,68.96182,66.653824,3.0,3.0,0.0,100.0,1.0
68.0,83.29029,20.0,59.696724,13.0,0.0,0.0,89.0,24.743565,6.0,6.0,12.0,0.0,57.03014,0.0,2.0,1.0,1.0,-8.0,1.5928482,2.0,0.0,54.010704,1.0
67.40445,57.933376,4.8757405,-9.0,20.0,0.0,0.0,100.0,-7.0,7.0,8.0,26.266998,6.0,15.091353,0.0,3.0,3.0,18.396446,-8.0,9.0,1.0,1.0,57.0,1.0
68.0,224.24353,8.982339,53.354973,15.0,0.0,0.0,100.0,-7.0,7.0,8.0,17.0,1.0,71.2827,-7.0,2.0,1.3600122,119.87095,81.12933,2.0,4.0,0.0,100.0,1.0
62.89811,134.01868,3.0,65.0,14.0,6.1386957,5.8717985,78.89555,12.752504,4.0,-9.0,12.0,2.0,39.0,0.0,2.0,2.0,21.0,88.0,1.0,2.0,0.0,45.388912,1.0
63.0,140.20331,11.38685,61.361652,19.0,0.0,0.0,93.0,31.986443,6.0,6.0,23.0,1.0,68.75594,0.0,6.229093,6.046569,48.888927,76.15319,2.0,7.5963387,0.0,75.0,1.0
66.47634,130.80165,20.0,73.59811,5.4532585,1.0,0.0,66.65005,5.94202,4.0,5.0,5.123037,0.0,25.0,0.0,3.0,3.0,29.077255,-8.0,2.0,-8.0,0.0,78.0,1.0
57.43242,135.55228,13.205863,61.0,18.0,0.0,0.0,83.88094,8.160216,4.0,6.0,18.0,0.0,20.0,0.0,6.7719812,6.4045653,107.47563,-8.0,7.0,2.0,8.829632,80.0,1.0
59.011326,126.17158,14.0,52.458477,20.0,2.0,0.0,88.0,3.0,4.0,6.0,25.0,0.0,65.75258,1.0,2.0,1.0,8.0,22.100145,2.0,14.4262905,0.0,63.0,1.0
67.0,182.43427,29.551235,98.6311,21.0,1.6519724,1.0,88.0,-7.0,0.32830107,4.3249063,26.0,0.0,19.249037,0.0,0.0,0.0,26.290705,-8.0,8.0,2.0,1.0,83.0,1.0
66.0,138.78754,1.0,48.739227,14.0,0.0,0.0,100.0,-7.0,7.0,8.0,16.0,2.0,36.0,0.0,2.0,2.0,78.562355,100.0,5.0,1.7985953,1.0,75.0,1.0
59.78878,144.02087,42.47615,94.0,3.162484,0.0,0.0,72.804665,11.441506,6.0,6.0,3.9815521,0.0,76.88991,0.0,2.0,2.0,65.79057,-8.0,2.0,1.0,0.0,100.0,1.0
61.922184,348.22668,25.752348,134.99037,18.0,2.0,1.0,53.950455,2.9907422,3.8050098,5.0,22.0,0.0,15.685823,1.0,1.0,1.0,69.60528,88.0,9.0,2.0,3.658321,80.0,1.0
63.0,-6.422141,12.324973,-9.0,10.747745,0.0,0.0,100.0,-7.0,4.0,6.461486,11.0,0.0,22.0,0.0,0.0,0.0,91.4062,-8.0,5.0,1.0,2.0,79.84778,1.0
69.0,125.23324,33.034718,94.289734,-9.0,1.0,1.0,100.0,-7.0,7.0,8.0,4.9264593,0.0,70.83215,-7.0,1.0,1.0,91.34846,11.5492525,1.0,1.0,-8.0,100.0,1.0
69.0,131.15639,8.0,69.333466,17.0,0.0,0.0,100.0,-7.0,7.0,8.0,18.0,1.0,66.18912,0.62169385,0.0,0.0,61.93114,50.129585,1.0,2.0,1.0,56.0,1.0
54.799515,282.64044,33.19068,117.375465,-9.0,2.2895408,0.0,12.340497,7.1098423,6.0,3.0,-4.641872,0.0,67.1205,0.0,2.0,2.0,119.983246,-8.0,1.0,-8.0,1.0,100.0,1.0
59.363472,120.53534,1.0,31.33383,-9.0,1.0,0.0,78.23445,55.548805,6.0,4.0,3.9854789,4.0,88.48324,0.0,3.0,3.0,92.77065,84.00417,2.0,3.0,2.0,100.0,1.0
63.0,-9.0,2.0,-9.0,8.0,0.0,0.0,100.0,-7.0,7.0,8.0,9.0,4.0,36.0,0.0,4.0,5.0,44.83256,58.351074,2.0,3.0,0.0,66.79026,1.0
74.295044,-2.2877443,27.794123,31.94329,-9.0,0.0,0.0,100.0,-7.0,7.0,8.0,5.9540133,0.0,71.0847,0.0,0.0,0.0,0.0,-8.0,1.0,1.0,0.0,44.0,1.0
59.75776,-9.0,1.0,-9.0,5.977812,0.0,0.0,100.0,-7.0,7.0,8.0,10.756781,5.0,70.680504,0.0,2.0,2.0,83.12641,98.593346,2.0,2.0,0.0,80.0,1.0
-9.0,269.84464,16.0,90.0,6.686608,1.0,0.0,5.380802,-7.0,-9.0,5.0,7.0,0.0,59.61442,0.0,0.0,0.0,86.92981,76.53646,2.0,3.0,3.0,100.0,1.0
57.434547,143.18501,10.0,33.967102,12.765506,7.992841,3.4735575,-9.0,30.240847,6.0,2.0,16.03883,2.0,99.99956,0.0,2.0,2.0,1.0,-8.0,-9.0,6.481254,-9.0,88.33423,1.0
65.0,111.187004,20.592413,49.593334,-9.0,0.0,0.0,100.0,-7.0,7.0,8.0,-9.0,0.0,99.996895,0.0,0.0,0.0,-9.0,92.944214,-9.0,2.0,-9.0,100.0,1.0
73.0,134.08223,35.34949,123.91858,-9.0,0.0,0.0,100.0,-7.0,7.0,8.0,-1.6200453,0.0,93.45053,-7.0,1.0,1.0,0.0,-8.0,0.0,-9.0,0.0,25.0,1.0
-9.0,188.15213,8.0,51.64865,8.0,3.530914,2.0,73.2282,6.0,3.0,4.0,8.594157,2.0,43.99666,0.0,2.0,2.0,119.30435,-8.0,4.0,2.0,2.0,100.0,1.0
62.420563,-9.0,3.0,19.835209,13.0,0.0,0.0,100.0,-7.0,7.0,8.0,15.0,3.0,12.384259,0.0,1.0,1.0,32.526802,-8.0,6.2176423,1.0,3.0,80.0,1.0
71.0,147.5547,2.0,48.75462,14.0,0.0,0.0,100.0,-7.0,7.0,8.0,17.0,5.0,20.0,5.236232,2.0,2.4603198,18.557055,94.168465,8.987245,4.0,1.0,80.0,1.0
-9.0,140.44809,10.0,59.78282,22.0,9.229851,3.9612892,70.5333,-7.0,-9.0,2.0,22.0,1.0,76.065926,0.0,17.903719,17.470535,106.411865,68.39718,3.0,3.0,0.0,100.0,1.0
56.341984,-9.0,14.0,-9.0,8.0,0.0,0.0,100.0,-7.0,7.0,8.0,5.2230926,0.0,22.308908,-7.0,1.0,0.0,98.50598,-8.0,2.0,2.0,3.0,82.87824,1.0
63.0,-2.7921162,1.0,-9.0,10.0,0.0,0.0,100.0,-7.0,7.0,8.0,13.0,3.0,24.0,1.0,0.0,1.0,54.838963,110.522255,5.0,2.0,2.0,76.15562,1.0
66.0,191.46643,13.206379,52.579624,21.0,0.0,0.0,100.0,-7.0,7.0,8.0,19.0,0.0,42.060913,1.9280152,2.0,2.0,73.475945,58.545868,6.0,2.0,1.0,73.31492,1.0
65.0,130.74199,2.0,43.18999,16.0,0.018137913,1.0,100.0,-7.0,7.0,8.0,19.0,4.0,75.762245,0.0,2.0,2.0,57.995804,19.228516,2.0,5.0,1.0,75.337265,1.0
75.0,139.09006,14.0,68.399414,17.565935,0.0,0.0,100.0,-7.0,7.0,8.0,18.45559,0.0,55.71338,0.0,3.0,2.0,64.82277,2.5220602,3.0,1.0,1.0,83.0,1.0
41.566223,-2.9918869,3.0,-9.0,18.0,0.0,0.0,100.0,-7.0,7.0,8.0,18.0,10.739079,73.382904,0.0,1.0,1.0,42.260384,99.44761,3.0,2.0,1.6332006,80.0,1.0
31.114092,262.33633,3.0,81.0,18.0,4.4596505,2.0,74.76258,3.0,-9.0,2.0,23.0,2.5540018,36.639843,1.0,1.0450594,1.9770405,18.0,-8.0,2.0,1.0,1.0,50.0,1.0
64.73549,-8.0,1.0,35.78292,5.70279,0.0,0.0,100.0,-7.0,7.0,8.0,1.4932461,3.0,62.83105,0.0,0.0,0.0,59.80772,93.0,2.0,2.0,0.0,88.16172,1.0
71.06786,145.22812,38.32544,58.34102,-9.0,0.0,0.0,100.0,-7.0,7.0,8.0,3.676726,0.0,69.779976,0.0,0.0,0.0,118.484406,-8.0,1.0,1.0,0.0,100.0,1.0
67.0,109.98938,8.0,-9.0,11.206418,1.533405,1.6966388,93.0,22.527641,6.0,2.506186,8.0,2.0,18.0,9.0,0.0,0.0,11.077384,-8.0,4.0,1.0,0.0,56.963913,1.0
56.930916,115.347984,-7.9506516,17.722017,-6.2644854,1.0,0.0,71.77081,22.649717,6.0,5.0,3.4571586,4.0,33.0,0.0,3.0,3.0,37.794437,-8.0,3.0,1.0,1.0,78.0,1.0
72.0,199.67068,35.568207,78.81386,6.0,0.0,0.0,55.12498,4.0,4.0,6.0,8.0,0.0,8.548479,0.0,1.0,1.0,1.0,-8.0,1.0,-9.0,0.0,33.0,1.0
-9.0,52.224777,3.4615378,24.533148,15.0,0.0,0.0,77.66417,36.42391,6.0,6.0,18.0,10.481043,23.970621,0.0,1.0,0.0,76.43108,70.42368,5.0,2.0,2.0,73.12099,1.0
72.0,-8.0,15.683891,37.71492,-9.0,0.0,0.0,88.0,20.86452,6.0,6.0,3.9973855,0.0,55.661568,-7.0,1.0,1.0,89.40194,25.077402,1.0,1.0,0.0,71.0,1.0
66.00678,105.868034,2.0,37.24387,20.616064,0.0,0.0,100.0,-7.0,7.0,8.0,30.618248,4.0,22.739492,0.1193779,2.0,2.0,32.529243,93.0,3.0,2.0,1.0,44.463116,1.0
69.85009,99.19074,3.0,51.065758,22.0,0.0,0.0,100.0,-7.0,7.0,8.0,26.0,5.0,41.866196,0.0,0.0,0.0,58.123627,87.74688,6.0,2.6563537,3.0,93.5636,1.0
65.0,47.180904,4.0,30.982107,14.0,0.0,0.3267463,93.0,48.063618,6.0,5.8936863,13.863356,3.0,67.38547,-7.0,1.0,1.0,93.49826,95.64249,3.0,2.0,0.0,88.12572,1.0
68.51962,-7.1083813,4.0,-9.0,20.0,0.0,0.0,100.0,-7.0,7.0,8.0,20.580076,5.275831,17.0,0.0,2.0,1.0,31.56177,89.26082,3.0,2.0,1.0,60.0,1.0
-9.0,134.25296,5.0,76.75454,26.0,0.0,0.0,100.0,-7.0,-8.077075,7.440807,28.0,3.0,38.0,0.0,5.734895,6.1289577,66.59769,-8.0,13.023145,1.0,3.8820484,80.0,1.0
71.0,-9.0,3.0,-9.0,6.0,0.0,0.0,100.0,-7.0,7.0,8.0,3.9786584,3.0,36.0,0.0,11.303567,11.126059,26.376589,59.114407,2.0,3.0,0.0,78.0,1.0
-9.0,-9.0,7.0,38.185017,19.0,1.0,0.0,83.02325,-7.0,0.17053951,5.0,27.0,3.0,37.92588,-8.0,1.0,1.0,42.695618,70.26291,4.0,3.0,1.0,64.44025,1.0
64.950134,121.05975,2.0,-9.0,-9.0,0.0,0.0,100.0,-7.0,7.0,8.0,6.959766,1.0,55.72081,0.0,5.0,5.399394,53.331947,86.70143,2.0,1.0,1.0,82.54769,1.0
66.0,149.09088,7.0,29.267548,6.0597353,0.0,0.0,100.0,-7.0,7.0,8.0,11.0,1.0,52.5157,-7.0,1.0,1.9348853,46.920288,-8.0,1.0,2.0,0.0,100.0,1.0
68.65442,105.06263,13.655481,38.870586,12.0,0.0,0.0,96.0,-7.0,6.0,6.0,11.972287,0.0,64.97131,0.0,1.0,1.0,34.70516,82.75185,2.0,2.0,1.0,78.0,1.0
56.31691,154.8432,7.0,46.42993,24.226892,10.556505,9.132998,86.55835,3.0672276,-9.0,5.071651,28.0,4.0,67.36063,0.0,1.0,0.0,82.05271,74.150055,7.0,6.518793,1.4752141,100.0,1.0
65.0,116.00745,2.0,-9.0,26.0,0.0,0.0,97.0,13.924673,6.0,6.0,29.0,5.0,28.0,1.0,1.0,1.0,36.0,91.68519,6.0,3.0,2.0,73.30771,1.0
57.063778,540.77234,6.0,120.42474,27.0,2.0,0.0,73.29417,3.0875037,4.0,2.3492882,33.0,1.0,40.0,7.0,0.0,0.0,78.96978,83.92153,11.0,2.0,3.0,85.22586,1.0
62.253635,243.03207,15.0,76.59072,30.0,0.0,0.0,89.04328,8.845655,6.0,6.0,32.0,0.0,42.0,0.0,1.0,1.0,77.516,73.71973,12.125083,20.329859,3.0,88.0,1.0
62.0,180.04451,2.0,30.641556,21.0,1.0,1.0,87.798256,10.477094,6.0,4.6148643,30.0,9.625085,16.563036,-7.0,1.0,1.0,17.238848,-8.0,9.0,1.0,0.0,60.0,1.0
75.0,157.10574,19.396952,65.498024,10.767712,0.0,0.0,79.7209,40.961178,6.0,6.0,14.372291,0.0,66.729416,0.0,2.0,2.0,1.1037736,80.0,3.0,1.0,0.0,100.0,1.0
68.0,137.20728,6.0,74.23269,22.472057,0.0,0.0,100.0,-7.0,7.0,8.0,16.0,1.0,67.337494,0.0,2.0,1.0,39.898415,94.97994,2.0,3.0,2.0,78.052284,1.0
65.0,127.81145,6.0,33.22593,10.430249,2.0,1.0,78.71584,32.353306,6.0,5.0,12.0,1.0,18.0,-7.0,1.0,1.0,50.987705,25.867142,6.0,2.0,0.0,100.0,1.0
17.53924,188.55959,10.0,63.0,11.0,1.0,0.0,67.2338,11.054032,5.8327537,5.0,15.472918,0.0,60.125404,0.0,3.823883,3.0,96.90429,95.134186,4.0,4.0,1.0,100.0,1.0
63.0,88.3629,1.0750735,21.545713,6.0,0.0,0.0,100.0,-7.0,7.0,8.0,7.0,2.0,56.143265,0.0,1.0,1.0,119.17509,42.026398,2.0,1.0,4.0,73.0,1.0
65.0,200.96704,7.0,61.0,16.0,0.0,0.0,100.0,-7.0,7.0,8.0,16.044037,2.0,76.92804,0.0,2.0,2.0,94.188576,68.349106,3.0,3.0,1.0,100.0,1.0
66.0,104.098465,3.0,50.73362,8.571668,2.5660288,2.0,83.34839,41.546898,6.0,-9.0,8.144486,2.0,31.87745,-7.0,2.0,2.0,28.491596,-8.0,1.0,1.0,0.0,33.0,1.0
63.0,277.99576,3.0,57.89228,44.913193,4.384646,3.0355513,82.759766,22.467453,4.0,5.0,52.48666,4.0,22.468964,-7.0,0.0,0.0,30.15893,88.15914,9.0,4.084913,0.0,64.0,1.0
66.0,-9.0,20.554062,-9.0,-9.0,0.0,0.0,100.0,-7.0,7.0,8.0,4.3271008,0.0,8.49038,-7.0,0.0,0.0,92.14099,-8.0,2.0,0.5047843,1.0,100.0,1.0
57.429924,321.11664,8.0,90.336205,19.0,4.3853045,2.0,75.622986,19.360498,4.0,4.0,26.0,2.0,40.0,0.0,6.181411,6.353841,32.0,38.24444,4.0,5.0,0.0,80.0,1.0
55.114937,208.3992,8.0,71.0,13.0,0.0,0.0,100.0,-7.0,7.0,8.0,13.0,1.0,40.0,0.0,0.0,0.0,118.74986,84.02678,7.0,2.0,3.0,100.0,1.0
30.143076,166.08916,6.0,53.36417,47.127598,0.0,0.0,94.0,28.980038,6.0,6.0,61.60934,3.0,60.552296,-7.0,13.876989,14.688309,110.279045,50.094,9.0,13.716847,9.735584,91.59327,1.0
58.962925,78.89643,2.0,75.0,9.264086,1.0,0.0,75.48292,38.517994,6.0,5.013261,3.0250998,2.0,33.0,0.0,2.0,1.9640287,81.63366,-8.0,4.0,1.0,1.0,90.80302,1.0
-9.0,81.42923,1.0,17.301325,8.987697,1.8885065,1.7166685,76.0389,1.1681453,0.0,5.0,16.0,4.0,20.0,0.0,13.167633,11.9021225,38.21926,80.97734,4.0,2.0,0.0,78.0,1.0
57.2545,125.010155,30.807467,52.82152,-9.0,2.0,1.0,-9.0,32.62889,6.0,2.0,3.4530063,0.0,77.640366,0.0,1.0,1.0,93.62046,70.64844,1.0,1.0,1.0,88.90214,1.0
68.0,-1.4691021,6.0,30.058872,12.0,0.0,0.0,100.0,-7.0,7.0,8.0,10.0,1.0,0.0,0.0,0.0,0.0,30.092016,-8.0,2.0,1.0,1.0,33.0,1.0
56.892494,151.1091,17.0,61.212273,14.0,0.0,0.0,85.14096,14.880016,6.0,6.0,15.006798,0.0,35.0,0.0,2.0,1.8597131,57.160404,19.317192,2.0,1.0,5.793758,52.528847,1.0
66.0,170.74257,2.0,37.739674,6.0,0.0,0.0,100.0,-7.0,7.0,8.0,8.687511,1.0,11.715496,0.0,3.0,3.0,52.89043,-8.0,4.0,-8.0,1.0,76.061104,1.0
62.739178,100.92919,35.427837,86.0,8.0,3.7563035,2.6537297,69.025764,15.104936,6.0,2.0,3.9896464,0.0,73.73445,0.0,3.0,3.0,65.29353,20.213507,2.0,5.878016,0.0,100.0,1.0
62.350487,-8.0,6.0,-9.0,5.5604005,0.0,0.0,100.0,-7.0,7.0,8.0,7.0,4.0,98.96305,0.0,3.163454,3.0,10.0,100.0,1.0,3.0,-9.0,86.0,1.0
-9.0,155.83458,6.0,52.793346,-9.0,0.0,0.0,80.26227,14.0819025,6.0,6.0,5.851413,1.0,14.0,1.0,3.0,2.0,111.82785,-8.0,2.0,1.0,3.120238,60.87729,1.0
57.168747,103.49358,7.0,-9.0,13.0,1.0,1.0,88.55872,1.7387171,4.0,2.0,16.0,2.8162003,55.54767,0.0,4.0,4.0,15.0,100.0,1.0,4.0,0.0,67.0,1.0
60.749058,-8.0,3.0,-9.0,9.0,2.3765376,2.0,88.0,13.015834,4.0,5.0,9.0,4.0,68.779655,0.0,0.0,0.0,48.862827,71.303566,2.0,4.0,0.0,78.0,1.0
69.0,141.82004,4.0,58.0,14.0,0.0,0.0,100.0,-7.0,7.0,8.0,14.182002,2.0,62.773926,0.0,4.0,4.0,38.133904,14.461194,2.0,2.0,0.0,76.7345,1.0
71.0,-3.9241285,20.745314,-9.0,-9.0,0.0,0.0,69.51164,61.041477,6.0,6.0,0.581526,0.0,100.0,-2.1206195,0.0,0.0,-8.0113325,82.141624,-9.0,1.0,0.0,79.46622,1.0
-9.0,-8.0,6.0,43.274803,15.273632,0.0,0.0,88.0,3.0,4.0,2.983769,18.0,2.1291575,35.234592,1.0,4.0,4.0,106.83924,63.401283,4.0,2.0,3.0,75.55184,1.0
58.992294,64.35716,36.26726,46.875965,3.37985,1.0,1.0,75.11739,-7.0,4.0,6.0,8.345579,0.0,77.081726,1.0,2.0,2.0,119.409515,23.760801,2.0,2.0,0.0,100.0,1.0
61.129166,93.183754,4.0,43.204514,8.23651,2.5551758,1.0,83.53242,39.05425,6.0,2.0,6.9329863,2.0,29.0,0.0,3.0,3.0,111.23312,76.0,3.0,3.0,2.0,87.599396,1.0
71.62947,53.451286,2.0,10.607104,19.0,0.0,0.0,100.0,-7.0,7.0,8.0,17.614801,10.805256,47.0,5.13228,2.0,2.0,9.0,100.0,4.0,2.0,0.0,60.0,1.0
66.47861,-3.4190948,2.0,-9.0,6.5809875,0.0,0.0,100.0,-7.0,7.0,8.0,4.5725937,5.0,92.36928,-7.0,2.0,2.0,29.485874,88.0,2.0,4.0,2.0,91.692375,1.0
68.33219,180.57811,19.626406,70.0,18.0,0.0,0.0,100.0,-7.0,7.0,8.0,17.0,0.0,19.0,0.0,1.0,1.0,78.95602,-8.0,4.050658,2.0,1.0,75.0,1.0
71.0,187.17068,2.0,54.32716,18.0,0.0,0.0,100.0,-7.0,7.0,8.0,24.0,4.9998746,50.0,0.0,0.0,0.0,47.376656,-8.0,5.0,1.0,2.0,74.66042,1.0
54.964775,155.76277,4.0,63.52833,14.0,3.0,0.0,64.88806,16.751545,4.0,2.0,17.0,2.0,50.0,0.0,1.0,1.0,68.839836,85.99649,4.0,4.9197087,0.0,100.0,1.0
57.84915,240.56773,18.164852,114.403275,25.0,0.0,0.0,77.07979,2.016703,4.0,6.0,35.0,0.0,21.0,0.0,3.0,3.0,86.551346,-8.0,7.0,1.0,2.0,66.647675,1.0
63.0,281.51764,2.7083693,73.03917,13.0,1.0,1.0,77.04282,19.997364,6.0,5.88104,14.823558,3.0,57.820747,2.186465,0.0,0.0,35.9372,86.2586,3.0,4.0,0.0,86.0,1.0
65.97035,152.17,36.504673,57.053375,-9.0,0.0,0.0,41.921043,23.127771,6.0,6.0,3.9941394,0.0,76.50791,0.0,2.0,2.0,18.0,-8.0,1.0,1.0,0.0,100.0,1.0
-9.0,52.08428,2.0,67.915146,23.0,1.0,0.0,75.715775,32.570663,6.0,4.0247912,25.0,4.0,14.0,0.0,15.8330965,15.258486,104.577736,47.848797,9.38683,2.0,2.0,91.725555,1.0
-9.0,-7.5280747,5.0,-9.0,22.0,0.0,0.0,100.0,-7.0,7.0,8.0,22.0,3.0,40.783684,-7.0,2.0,2.0,69.477554,80.5216,12.659216,2.0,4.0,89.35917,1.0
60.076187,231.68472,3.0,61.0,50.757877,1.0,0.0,86.93982,10.249794,6.0,5.0,56.331078,3.0,30.0,2.0,2.0,2.0,41.31994,64.02727,26.737906,5.996578,3.0,81.766785,1.0
59.094795,51.074886,20.439001,-9.0,9.0,0.0,0.0,100.0,-7.0,6.0,8.0,12.0,0.0,82.70428,0.0,0.0,0.0,110.81134,95.01447,2.0,3.0,1.0,88.0,1.0
63.08868,50.323208,5.1376934,20.158531,11.600712,0.0,0.0,100.0,-7.0,7.0,8.0,17.0,2.0,15.0,2.0,0.0,0.0,87.22108,-8.0,3.0,1.0,2.0,50.0,1.0
67.0,204.0304,16.503365,99.84368,23.0,7.8494315,3.8486793,84.11871,21.823769,6.0,4.0,34.0,0.0,76.08776,0.0,1.0,1.0,0.0,-3.749339,1.0,2.0,-9.0,50.0,1.0
21.176512,125.005196,10.0,45.11527,5.1989846,2.0,0.0,61.822556,22.527832,6.0,2.0,-9.0,2.0,48.804043,0.0,2.0,1.1681355,48.293045,-8.0,2.0,1.0,1.0,97.961266,1.0
56.650265,187.73338,13.425996,97.010185,14.0,0.0,0.0,77.90306,20.718027,6.0,5.9606066,11.0,0.0,44.2547,1.0,3.0,2.3222213,65.08932,79.60497,5.0,2.0,2.0,83.06885,1.0
56.113514,197.3681,2.0,12.827694,39.0,1.3932171,0.0,97.0,9.221933,6.0,3.0,56.135723,10.774449,22.472551,0.0,12.855969,13.281684,18.0,88.0,6.0,5.0,0.0,50.0,1.0
57.666176,130.86787,19.311546,24.634546,6.520688,1.6015477,1.0,80.137985,4.0,4.0,2.9256387,4.8825207,0.0,64.10819,0.0,1.0,0.0,41.299633,-8.0,2.0,1.0,1.0,64.0,1.0
68.0,97.69589,4.1621966,-5.6165433,17.0,1.0,0.0,86.91368,52.8224,6.0,5.0,20.0,3.0,46.0,0.0,2.0,2.0,43.422157,71.0,3.0,4.0,0.0,75.0,1.0
57.725163,-8.0,5.0,39.263275,13.0,0.0,0.0,100.0,-7.0,7.0,8.0,13.0,4.0,25.0,0.0,1.0,1.0,96.60444,-8.0,5.0,1.0,3.9397385,83.0,1.0
62.0,67.52858,20.925808,50.4857,6.5003395,0.0,0.0,100.0,-7.0,7.0,8.0,14.0,0.0,0.7094694,0.0,0.0,0.0,114.19506,-8.0,6.0,1.0,5.658329,100.0,1.0
69.0203,353.66367,37.76269,99.2721,9.0,2.8857324,0.0,78.653755,28.571398,6.0,3.0,14.0,0.0,22.378658,0.0,1.0,1.0,62.74315,48.59258,3.0,2.0,1.0,100.0,1.0
56.70853,101.715,8.033068,54.580425,10.0,2.8306777,0.0,82.08809,7.764569,5.1069326,3.6587093,3.9793499,1.1664361,82.557236,-8.0,0.0,0.0,29.004683,94.47446,2.0,3.0,-8.217235,91.82665,1.0
55.97993,254.56564,13.0,74.0,9.0,10.726202,9.113606,-9.0,32.1219,4.0,5.0,14.0,0.0,82.32716,0.0,1.0,1.0,65.68957,58.935143,2.0,2.0,0.0,87.03594,1.0
57.91911,137.31079,5.0,29.302824,9.0,2.0,1.0,84.688774,41.800274,6.0,2.0,9.0,3.0,55.370083,0.0,4.0,4.0,66.311066,77.18047,4.0,2.0,0.0,88.0,1.0
14.6555805,395.8097,9.228879,73.09119,39.0,0.0,0.0,77.24162,7.0546527,6.0,6.0,54.494785,1.0,27.110596,4.452637,1.0,1.0,102.11827,66.22805,16.735228,3.0,5.356734,100.0,1.0
62.0,103.493256,22.667105,43.758617,6.0,0.0,0.0,64.01394,42.78129,6.0,6.0,8.082399,0.0,100.0,0.0,0.0,0.0,-2.6272464,72.004555,0.48863098,1.0,0.0,90.51645,1.0
57.819614,326.45718,32.238335,97.031624,27.0,0.0,0.0,87.07602,3.0,6.0,6.0,26.0,0.0,32.0,0.0,4.2245884,3.6226392,41.83622,49.5201,7.0,3.0,3.0,60.0,1.0
65.0,104.48082,5.0,35.729984,15.0,1.0,2.0,88.0,70.53289,6.0,6.0,20.0,3.0,43.0,7.1628504,0.0,0.0,86.5355,20.099304,4.0,3.0,1.0,100.0,1.0
-9.0,158.63464,16.362303,60.883404,11.402104,2.0,0.0,64.67751,3.0,3.0,5.0,13.824844,0.0,13.0,0.0,0.0,0.0,85.482346,-8.0,5.0,1.0,2.0,79.45933,1.0
75.0,130.09843,15.478335,61.999184,16.58685,0.0,0.0,100.0,-7.0,7.0,8.0,19.0,0.0,65.4835,-7.0,3.0,3.0,1.0,-8.0,3.0,1.0,1.0,96.955635,1.0
60.07187,252.31343,9.0,67.0,31.229048,2.0754561,1.0,90.82484,-7.0,-9.0,5.0,35.0,1.0,46.0,-7.0,15.595844,15.931181,113.9199,7.65294,19.770304,4.0,9.980463,100.0,1.0
65.142975,120.52479,9.0,61.805714,17.232729,0.0,0.0,88.46574,31.739944,4.0,6.0,19.0,1.0,64.4293,0.0,0.0,0.0,94.09799,88.0,4.0,2.0,1.0,100.0,1.0
64.64936,119.215164,4.0,25.322287,7.0,1.0,0.0,92.58646,24.043882,6.0,5.0,7.6603274,2.0,36.0,0.0,0.0,0.0,90.73713,93.233536,3.0,2.0,0.0,100.0,1.0
64.199814,125.33726,7.0,59.820465,21.0,3.0579906,2.3851488,76.27995,-7.0,-9.0,5.0,29.0,2.0,45.08943,7.0,0.0,0.0,45.708168,97.4233,4.0,3.0,0.0,100.0,1.0
-9.0,139.38771,5.0,37.501484,12.0,0.0,0.0,91.0,20.887102,6.0,6.0,10.0,4.0,48.001347,-8.0,2.0,2.0,84.13142,84.119385,4.0,4.0,1.0,100.0,1.0
66.0,0.38716474,8.0,-9.0,6.0,0.0,0.0,100.0,-7.0,7.0,8.0,7.0,0.0,45.859955,2.0,2.0,1.0,84.22177,-8.0,2.0,2.0,0.0,71.0,1.0
71.7527,100.26991,5.0,45.064552,27.0,0.0,0.0,100.0,-7.0,7.0,8.0,28.0,1.0,17.661272,0.0,1.0,1.0,15.0,-8.0,4.0,1.0,1.0,44.0,1.0
63.0,140.41177,7.0,47.98781,13.0,0.0,0.0,88.0,25.148512,6.0,6.0,6.1899977,3.0,77.66605,0.0,1.0,1.0,1.0,79.04488,3.0,3.0,-8.436447,100.0,1.0
56.425865,76.86,4.0,-9.0,16.0,0.0,0.0,100.0,-7.0,7.0,8.0,16.0,7.4708953,20.668543,4.0,0.0,0.0,46.853718,-8.0,8.0,1.0,1.0,77.08665,1.0
61.413826,-8.240746,7.0,-9.0,11.0,0.0,0.0,100.0,-7.0,7.0,8.0,9.0,1.0,40.0,0.0,5.0,4.6481586,56.109997,94.68942,1.0,2.0,1.0,36.505714,1.0
69.0,73.6206,6.0,34.467655,-5.3184195,0.0,0.0,100.0,-7.0,7.0,8.0,6.2488027,1.0,75.66953,0.0,1.0,1.0,-3.8386939,-8.0,1.0,-8.0,-8.0,50.0,1.0
68.0,139.26392,13.875345,67.99775,20.0,2.0,1.0,100.0,-7.0,7.0,8.0,24.0,0.0,66.99636,1.0,6.144468,6.0438643,44.784203,52.85595,2.0,6.620963,0.0,100.0,1.0
64.0,90.11156,5.0,30.965284,5.708565,0.0,0.0,100.0,-7.0,7.0,8.0,4.82708,2.0,22.0,7.0,0.0,0.0,64.38515,65.0922,3.0,1.0,2.0,67.56568,1.0
4.411472,-9.0,3.0,31.500618,24.05557,0.0,0.0,100.0,-7.0,7.0,8.0,15.0,6.68657,17.745491,5.0,0.0,0.0,63.788036,100.0,8.0,4.0,6.221258,60.0,1.0
62.0,185.04094,8.0,59.24909,7.0,3.0,3.3131995,77.02436,2.0,-1.1552491,-0.77666605,5.8836966,1.0,66.03125,0.0,0.0,0.0,83.789856,75.00272,1.1826026,2.0,0.0,100.0,1.0
68.0,88.28036,7.368017,53.663292,6.5429955,2.0,1.3384081,76.35308,49.976994,6.0,5.0,9.0,0.0,50.0,0.0,1.0,1.0,79.72918,61.066864,1.0,3.0,-8.0,83.0,1.0
2.618849,182.46347,6.0,66.78638,20.0,1.0,1.0,78.86598,-7.0,3.0,4.0,18.473902,2.0,53.21128,0.0,3.0,2.0,108.88434,95.6451,7.0,3.0,3.113168,100.0,1.0
70.0,96.236275,3.0,42.13634,17.0,1.0,1.0,100.0,-7.0,7.0,8.0,13.0,3.0,33.0,3.1028879,1.0,1.0,19.713434,-8.0,3.0,1.0,0.0,50.0,1.0
54.17907,199.1596,17.0,107.17178,4.8705134,2.0,1.0,59.331142,-7.0,0.5676436,-0.7437762,5.6327906,0.0,22.585402,19.281517,0.0,0.0,113.48541,-8.0,2.0,1.0,4.0,85.82498,1.0
-9.0,125.18662,14.0,18.446915,6.906256,1.0,0.0,75.67686,12.366122,6.0,5.0,8.128043,1.0,43.002796,0.0,1.0,1.0,119.92035,91.0,4.0,2.0,2.0,100.0,1.0
68.0,148.37997,26.93952,53.05169,-9.0,0.0,0.0,100.0,-7.0,7.0,8.0,3.4934032,0.0,93.72822,-7.0,0.0,0.0,0.0,-8.0,0.0,-8.0,-8.0,67.0,1.0
70.0,90.96039,4.0,-9.0,-8.765151,0.0,0.0,100.0,-7.0,7.0,8.0,6.1012144,3.0,60.649193,0.0,5.0,5.0728993,16.0,107.616264,2.0,2.0,0.0,86.0,1.0
55.85729,157.75749,10.0,49.07643,6.0,1.0,1.0,92.0,1.0,5.235763,6.0,8.0,3.0,22.0,0.0,1.0,1.863237,13.031088,-8.0,3.0,-8.0,0.0,46.745735,1.0
72.0,132.21071,4.0,27.009094,6.0,0.0,0.0,100.0,-7.0,7.0,8.0,4.133783,2.0,40.0,-7.0,4.5562677,4.0,54.118835,80.0,2.0,3.0,1.0,100.0,1.0
56.152466,71.058876,3.0,-9.0,9.255962,0.0,0.0,100.0,-7.0,7.0,8.0,9.0,5.3486834,37.946865,0.0,2.0,2.0,70.62313,100.0,2.0,1.0,0.0,78.67239,1.0
2.331919,148.1428,4.0,58.0,19.527864,1.0,0.0,74.5742,6.0,4.0,4.027706,27.0,4.0,44.0,-7.0,0.0,0.0,52.365025,99.001595,6.057128,6.1977963,3.0,80.0,1.0
64.20853,-9.0,15.0,-9.0,7.0,0.0,0.0,100.0,-7.0,7.0,8.0,0.6047488,0.0,33.113472,-7.0,2.0,2.0,61.054337,-8.0,4.0,1.0,0.0,100.0,1.0
57.74919,189.32292,6.0,75.68407,21.312237,0.0,0.0,86.287415,3.0,4.0,6.0,21.0,3.0,43.447323,0.0,0.0,0.0,60.27174,62.210133,4.0,5.0,3.4532812,70.43877,1.0
71.0,70.007454,22.060848,47.95585,10.0,0.0,0.0,100.0,-7.0,7.0,8.0,2.9746733,0.0,77.96752,0.0,0.0,0.0,0.0,48.57911,1.0,2.0,0.0,56.0,1.0
62.161514,-1.3360932,9.0,27.784813,9.0,0.0,0.0,95.84389,54.587067,6.0,6.0,3.9823608,2.0,68.65767,0.0,0.0,0.0,94.21825,87.48528,1.0,3.0,1.0,88.81415,1.0
67.0,35.521164,21.672512,53.150314,7.0,0.0,0.0,100.0,-7.0,7.0,8.0,4.1491714,0.0,43.946835,0.0,0.0,0.0,71.6305,30.415564,2.0,1.0,2.0,80.0,1.0
59.104782,137.7277,5.0,30.818047,15.0,1.0,0.0,85.34114,14.897421,6.0,4.0,16.0,3.0,11.36971,4.0,2.0,1.0,66.36027,30.406994,11.133715,1.0,1.0,100.0,1.0
70.0,121.13602,8.0,62.27373,20.0,0.0,0.0,100.0,-7.0,7.0,8.0,21.0,2.0,50.0,-8.0,0.0,0.0,30.48218,99.063194,5.0,2.0,1.0,76.81919,1.0
-9.0,-9.0,-9.0,-9.0,-9.0,-9.0,-9.0,-9.0,-9.0,-9.0,-9.0,-9.0,-9.0,-9.0,-9.0,-9.0,-9.0,-9.0,-9.0,-9.0,-9.0,-9.0,-9.0,1.0
-9.0,-9.0,2.0,-9.0,5.8893223,1.0,1.0,100.0,-7.0,6.0,8.0,7.974603,5.3180213,46.805237,0.0,3.0,2.0,57.29645,-8.0,2.0,1.0,2.0,77.824585,1.0
60.663906,212.43352,24.422543,94.09679,12.223954,2.0,2.4707642,77.499146,17.551222,4.0,2.0,9.983328,0.0,81.14345,12.98971,0.0,0.0,73.61959,47.399487,1.905896,3.0,1.0,100.0,1.0
75.0,343.11737,9.0,75.569695,8.0,0.0,0.0,100.0,-7.0,7.0,8.0,9.0,1.0,23.0,18.536228,0.0,0.0,40.92523,-8.0,4.0,1.0,0.0,91.969025,1.0
70.0,-2.8920493,6.0,34.94532,21.0,0.0,0.0,100.0,-7.0,7.0,8.0,20.0,2.0,20.0,0.0,3.0,3.0,19.0,89.219376,4.0,2.0,1.0,60.04065,1.0
55.01039,59.31356,5.0,-9.0,9.389195,3.0,2.4906132,82.13775,7.035863,4.0,-9.0,7.0630302,4.0,33.0,2.0,2.0,2.0,8.004612,-8.0,3.0,1.0,0.0,73.0,1.0
-9.0,135.44954,5.0,55.082314,18.0,0.0,0.0,91.0,21.817036,6.0,6.0,25.023813,3.0,43.22987,0.0,1.0,2.0,117.873215,44.28261,7.0,4.926033,9.372495,100.0,1.0
62.0,106.33565,13.7268,-9.0,-9.0,0.0,0.0,73.215294,21.747698,6.0,6.0,3.9961956,1.0,99.980705,1.0,0.0,0.0,0.14946394,97.49555,-9.0,2.0,0.0,80.0,1.0
71.0,165.45311,1.0,63.50086,22.0,1.0,0.0,96.0,37.87303,5.0,4.0,22.0,8.178307,42.296326,0.0,12.91821,12.370815,22.28603,129.6711,5.0,3.0,0.0,80.0,1.0
57.933117,115.83207,1.0,52.295696,7.0,1.0,1.0,82.01731,29.711525,6.0,5.0,10.905863,2.9096503,56.212982,0.0,5.21018,5.7483373,63.91688,96.41906,5.0,3.0,1.3038274,100.0,1.0
58.6013,140.3213,11.0,63.612362,26.301931,0.0,0.0,95.0,25.536203,6.0,6.0,24.0,0.0,17.0,0.0,1.0,1.0,102.02445,-8.0,9.0,1.0,4.0,78.0,1.0
58.595615,-9.0,4.0,-9.0,10.0,1.0,1.0,89.0,12.989129,3.4865413,5.973152,4.465114,7.082608,40.0,2.0,1.0,1.0,38.731632,-8.0,3.0,2.0,1.0,60.0,1.0
68.0,7.206133,35.499786,36.399963,4.232456,0.0,0.0,100.0,-7.0,7.0,8.0,8.640494,0.0,29.0,-7.0,0.0,0.0,106.61848,-8.0,1.0,1.0,1.0,80.0,1.0
58.026756,89.98034,4.0,65.0,14.0,1.0,0.0,85.27301,29.775795,6.0,4.0,14.0,6.0,25.0,0.0,2.0,2.0,92.77995,-8.0,7.0,3.0,3.6010945,100.0,1.0
65.0,68.17447,1.0,-9.0,-9.0,0.0,0.0,100.0,-7.0,7.0,8.0,7.1698546,2.0,27.088488,0.0,2.0,2.0,59.6054,-8.0,2.0,1.0,0.0,73.09342,1.0
-9.0,122.76838,6.0,47.751225,16.0,3.8747933,1.0,66.69823,4.0,5.0,5.0,22.0,3.0,75.69461,1.0,0.0,0.0,114.33388,-8.0,2.0,5.0,-9.0,100.0,1.0
74.09845,276.1656,29.856636,97.02072,9.0,0.0,0.0,74.33432,52.48068,6.0,6.0,13.663967,0.0,97.78547,-7.0,2.0,1.0,1.0,76.92426,1.0,3.0,0.0,85.32128,1.0
64.595894,109.83326,2.0,24.567627,8.158673,3.0,0.0,80.7931,12.093504,6.0,2.637797,9.366712,4.0,52.90303,3.0,2.0,2.0,0.0,-8.0,1.0,1.0,0.0,38.0,1.0
67.74967,-9.0,3.0,-9.0,-9.0,0.0,0.0,100.0,-7.0,7.0,8.0,0.11450252,2.0,32.766632,0.0,1.0,1.0,30.861584,30.24653,1.0,1.0,0.0,83.127525,1.0
68.0,136.11436,14.042999,83.30271,20.403292,3.329582,3.7627335,100.0,-7.0,7.0,8.0,19.0,0.74641615,69.35415,0.0,3.0,2.0,14.0,64.09262,1.0,3.0,1.0,70.0,1.0
-9.0,73.85524,3.0,-9.0,9.0,0.0,0.0,100.0,-7.0,7.0,8.0,14.0,3.0,35.369534,0.0,11.193236,9.416583,112.56202,55.11098,4.0,2.0,1.0,91.345375,1.0
65.0,96.54021,6.0,-9.0,9.0,0.0,0.0,100.0,-7.0,7.0,8.0,9.930805,2.0,93.42815,2.0,0.0,0.0,86.409424,88.0,2.0,4.0,0.0,82.27497,1.0
62.05498,-9.0,3.0,33.677742,13.0,0.0,0.0,100.0,-7.0,7.0,8.0,-9.0,3.0,45.0,-7.0,4.0,4.0,74.48841,22.007376,4.0,2.0,0.0,88.3132,1.0
66.0,128.89404,2.0,-3.8392708,16.0,0.0,0.0,100.0,-7.0,7.0,8.0,16.0,5.0,36.49356,0.0,4.5747604,4.4860644,32.71107,84.09977,4.0,2.0,0.0,56.095764,1.0
64.0,71.94793,8.0,52.38619,10.0,1.0,1.0,89.0,31.17308,6.0,5.0,7.820382,0.0,32.903286,0.0,4.3410435,4.0,59.13152,18.887688,3.0,1.0,0.0,40.87074,1.0
59.70595,75.70643,-9.0,-9.0,7.0,0.0,0.0,100.0,-7.0,7.0,8.0,11.0,6.9104486,33.0,0.0,5.8156385,5.143225,25.0,98.83885,4.0,2.0,0.0,74.86354,1.0
72.0,98.82181,17.0,-9.0,7.0,0.0,0.0,100.0,-7.0,7.0,8.0,9.0,0.0,97.62585,3.0,0.0,0.0,0.0,-8.0,1.0,1.0,-8.0,64.0,1.0
62.0,62.320454,8.0,29.864231,11.282582,1.0,1.0,100.0,-7.0,6.0,8.0,12.0,1.0,14.0,4.0,0.0,1.0,37.115192,81.31029,3.0,1.0,1.0,53.45191,1.0
65.0,132.11305,23.428638,-9.0,-8.107318,1.0,0.0,64.48453,19.680094,6.0,3.5008256,1.5507619,0.0,92.11507,-7.0,2.0,1.0,0.0,-8.0,0.0,1.0,-8.0,75.0,1.0
-9.0,335.59158,7.0,67.379654,18.0,2.0,0.0,58.745655,19.447592,6.0,4.0,20.0,3.0,23.0,0.0,1.0,1.0,94.071625,71.20914,7.0,2.0,5.167697,75.0,1.0
73.0,185.43378,53.597347,70.65243,4.150207,0.0,0.0,100.0,-7.0,7.0,8.0,7.6051126,0.0,98.560646,0.0,1.0,1.0,-9.0,-8.0,-9.0,-8.0,-9.0,38.0,1.0
69.0,165.11891,12.760657,66.16408,17.059439,0.0,0.0,100.0,-7.0,7.0,8.0,19.15437,0.0,64.58399,0.0,3.0,3.0,85.83423,38.990578,2.0,3.0,0.0,83.0,1.0
58.306454,208.7313,4.0,81.16525,22.12208,5.043215,6.394546,75.12183,-7.0,-9.0,2.0,31.0,3.2370932,34.890774,2.0,15.975469,14.518564,16.0,22.315039,3.0,4.0,0.0,73.0,1.0
58.86953,125.96384,7.0,62.765717,36.0,2.0,1.0,91.0,1.493906,1.1189815,6.0,52.675602,3.0,59.21199,0.0,4.0,4.0,30.883287,73.32731,5.857805,3.0,2.0,71.0,1.0
56.735065,152.37837,-9.0,49.84563,34.0,2.0,2.163053,89.0,-7.0,0.9599721,5.1473665,47.36215,10.991177,40.142925,0.59430647,3.0,2.0,31.42481,78.22069,17.78967,5.0,2.0,71.0,1.0
59.406967,120.55244,9.0,6.36338,13.0,0.0,0.0,73.927345,24.568745,6.0,5.0,18.006077,4.0,45.0,0.0,1.0,1.0,46.807674,19.912811,3.0,2.5438554,2.0,64.20536,1.0
-9.0,66.521576,16.779602,-9.0,-9.0,0.0,0.0,100.0,-7.0,7.0,8.0,3.989732,0.0,98.63262,0.0,3.0,2.0,105.82585,79.523094,1.9603729,2.0,-9.0,100.0,1.0
68.0,209.55005,1.0,68.0,19.0,0.0,0.0,93.0,31.924408,6.0,6.0,24.311218,3.0,92.12141,2.0,4.0,3.9529905,67.41356,87.8579,1.1851757,2.0,0.0,100.0,1.0
58.8295,131.0325,11.0,30.447206,5.586588,0.0,0.0,100.0,-7.0,7.0,8.0,8.566189,0.0,50.606266,0.0,0.0,0.0,119.95304,64.66418,4.0,1.0,9.012035,100.0,1.0
-9.0,29.333973,4.0,35.039265,22.0,1.0,0.0,94.0,0.7735539,3.2925835,6.0,23.0,4.0,29.0,0.0,2.0,2.0,56.741547,91.0,9.0,3.0,1.0,75.0,1.0
73.0,140.65723,2.0,20.0509,4.265646,0.0,0.0,100.0,-7.0,7.0,8.0,7.0,4.0,21.909994,0.0,0.0,0.0,26.915783,100.0,2.0,1.0,0.0,80.0,1.0
68.0,107.45068,2.0,-9.0,6.604875,0.0,0.0,100.0,-7.0,7.0,8.0,8.0,9.461288,62.88854,0.0,2.0,1.0,26.264055,98.366875,1.0,3.0,0.0,78.0,1.0
-9.0,142.07906,5.6767554,62.945873,44.168842,0.0,0.0,97.0,-7.0,4.0,6.0,46.8952,3.4506094,35.0,0.0,2.0,1.0,83.40749,94.22553,25.054813,5.038236,5.137316,90.267845,1.0
68.0,310.43735,41.374477,139.36548,14.0,0.0,0.0,100.0,-7.0,7.0,8.0,15.0,0.0,17.0,-8.0,1.0,1.0,101.765114,71.0,11.0,2.0,6.767361,88.86018,1.0
57.972004,-9.0,4.0,-9.0,8.0,0.0,0.0,100.0,-7.0,7.0,8.0,6.480299,3.0,20.069757,0.0,0.0,0.0,56.53642,84.36336,6.0,2.0,2.853145,80.22342,1.0
-9.0,36.022785,13.0,45.6383,-9.0,7.648947,4.5596714,61.950893,6.556326,4.0,2.0,7.0,0.0,91.938896,0.0,1.0,1.0,5.0,23.737797,1.0,2.0,0.0,64.0,1.0
67.0,157.91367,3.0,40.821247,39.0,2.0,0.0,94.0,29.365427,4.0,2.0,47.2717,7.259598,40.434742,0.0,4.0,3.7799945,35.322895,57.083313,5.0,7.172691,0.0,67.0,1.0
55.35415,142.89574,3.0,59.257877,20.0,0.0,0.0,77.2644,11.069276,6.0,6.0,29.37665,4.0,93.892204,0.0,3.0,3.0,89.8261,65.311646,2.0,6.8903246,3.0,100.0,1.0
66.0,122.58756,16.0,32.95034,6.550804,1.0,1.0,100.0,-7.0,6.0,8.0,8.0,0.0,46.0,0.0,1.0,1.0,54.25184,60.3407,2.0,2.0,0.0,86.722206,1.0
62.0,105.142494,7.0,26.27692,15.57016,0.0,0.0,96.0,5.598963,6.0,6.0,16.0,2.0,34.122143,4.0,0.0,0.0,62.674103,91.60412,8.213904,2.0,1.0,80.0,1.0
63.0,122.89181,1.0,38.07163,10.864955,2.0,2.0,74.56032,32.453747,6.0,2.0,12.67021,6.0,43.0,0.0,6.635826,6.762644,17.329828,99.68833,2.0,4.0,0.0,67.0,1.0
70.0,142.66948,35.537125,72.36024,-9.0,1.0,0.0,19.076294,36.870266,6.0,5.0,-7.031596,0.0,99.98141,-7.0,0.0,0.0,0.0,-8.0,-9.0,1.0,-9.0,100.0,1.0
68.0,76.97764,21.337496,71.81296,13.0,0.0,0.0,100.0,-7.0,7.0,8.0,10.0,0.0,42.0,0.0,1.0,1.0,64.68368,-8.0,2.0,-8.0,2.0,40.0,1.0
60.386818,135.96692,8.0,35.382195,11.0,2.0,1.0,80.800804,22.92517,6.0,5.0,10.0,9.143283,47.0,0.0,0.0,0.0,37.92539,74.356926,4.0,2.0,0.0,77.63332,1.0
54.85904,52.152313,4.0,53.15274,11.928145,1.0,1.0,100.0,-7.0,7.0,8.0,6.961944,1.0,70.17011,0.0,4.0,4.0,62.985462,76.0,3.0,2.0,1.0,83.355804,1.0
55.713512,76.21382,4.0,25.158888,6.0,2.0,2.0,100.0,-7.0,6.0,8.0,7.543848,3.0,68.80503,2.0,2.0,1.2508051,97.42417,96.54518,2.0,3.0,1.0,100.0,1.0
70.0,67.387634,11.0,-9.0,3.806597,1.9407821,0.0,92.0,60.88454,6.0,4.0,5.3626237,0.0,50.0,0.0,1.0,1.0,58.22312,70.33425,2.0,2.0,0.0,81.94012,1.0
54.37063,96.26743,2.987699,45.483315,22.0,0.0,0.0,88.0,7.277585,1.8659028,6.0,19.646494,3.0,54.370026,0.0,6.4555225,6.5546947,50.92038,84.033966,4.0,4.0,0.0,80.0,1.0
65.0,206.08096,0.00027658461,80.0,39.548313,0.0,0.0,96.06661,5.0825686,6.0,6.0,48.203026,4.0,52.184616,0.0,2.0,2.0,44.90418,78.79607,6.0,7.173491,2.0,71.0,1.0
-9.0,-8.0,8.0,-9.0,14.943877,0.0,0.0,100.0,-7.0,7.0,8.0,11.295021,4.0,59.347115,0.0,1.0,1.0,107.56362,82.01195,6.0,7.0354543,4.0,86.0,1.0
77.0,130.88617,8.0,50.442112,13.0,0.0,0.0,100.0,-7.0,7.0,8.0,15.0,2.0,19.476824,1.0,0.0,0.0,23.556515,-8.0,5.0,1.0,0.0,71.41323,1.0
56.3161,245.33287,10.0,61.68862,15.0,0.0,0.0,75.75832,3.0,6.0,6.0,18.20042,1.0,56.59942,0.0,1.0,1.0,56.926174,88.0,4.0,4.0,1.0,90.49778,1.0
68.589165,95.05857,10.0,52.739464,17.0,0.0,0.0,97.0,10.776549,6.0,6.0,20.0,2.0,85.0496,0.67262095,2.0,2.0,69.79459,67.66929,1.0,6.0,0.0,82.203125,1.0
59.52716,30.983297,5.0,-9.0,25.0,2.0,1.0,86.19073,15.075924,4.0,2.898033,28.0,2.0,18.78022,0.0,2.0,1.0,60.06248,96.29766,13.153473,2.0,3.0,100.0,1.0
66.0,129.03088,7.0,52.525513,14.0,1.0,0.0,86.02282,21.013037,6.0,5.0,16.0,2.0,50.0,0.0,2.0,1.0,31.967165,91.93456,3.0,2.0,1.0,71.0,1.0
69.0,111.657486,2.6121259,40.161896,13.0,0.0,0.0,100.0,-7.0,7.0,8.0,13.17312,7.3145146,74.17616,0.0,2.0,2.0,0.0,75.00219,1.0,2.0,0.0,56.0,1.0
68.0,341.74057,20.0,102.905495,20.0,2.0,1.0,82.368,4.292557,6.0,2.5794718,23.0,0.0,18.24872,2.0,1.0,1.0,16.0,7.793353,5.0,2.0,0.0,61.47092,1.0
62.0,133.00264,2.0,34.477093,7.3060727,0.0,0.0,100.0,-7.0,7.0,8.0,7.8202834,2.0,63.165947,0.0,0.0,0.0,34.730724,126.613235,1.0,3.0,0.0,67.0,1.0
62.140724,182.98526,1.0,55.44003,15.0,0.0,0.0,88.75727,45.38311,6.0,6.0,16.546839,4.0,24.0,0.0,17.618769,17.753298,84.11607,-8.0,6.0,2.0,2.0,71.07678,1.0
-9.0,97.46547,17.21788,43.2631,15.764114,0.0,0.0,86.95888,12.889664,5.5781293,5.043713,17.0,0.0,66.56416,0.0,3.0,2.0,115.89206,42.963253,4.0,5.0,5.3873754,100.0,1.0
67.0,196.94287,3.0,63.0,46.044594,1.0,0.0,94.578285,39.159172,6.0,2.0,47.58226,8.038021,20.0,0.0,3.990601,3.0,49.82725,82.76744,11.983138,2.0,2.0,71.0,1.0
57.086845,81.83255,6.0,-9.0,19.0,0.0,0.0,100.0,-7.0,7.0,8.0,18.710043,3.0,44.0,0.0,0.0,0.0,94.17298,64.676125,6.0,2.0,2.0,83.3792,1.0
58.323696,170.89845,-9.0,40.79039,19.797794,0.0,0.0,100.0,-7.0,7.0,8.0,20.0,6.0,25.040716,1.0,3.0,3.0,93.49967,50.935204,9.853193,3.494222,2.0,100.0,1.0
69.30686,104.62924,5.0,39.27811,23.0,0.0,0.0,100.0,-7.0,7.0,8.0,21.376053,5.0,21.966845,0.0,1.0,1.0,32.0,-8.0,7.0,2.0,2.0,80.0,1.0
70.0,-7.4025865,12.872717,48.236977,4.3986473,0.0,0.0,100.0,-7.0,7.0,8.0,7.0,0.0,66.239365,1.0641782,0.0,0.0,104.34139,-8.0,2.0,1.0,0.0,93.769844,1.0
71.0,116.50158,34.517982,55.39188,18.0,0.0,0.0,100.0,-7.0,7.0,8.0,18.0,0.0,14.0,-7.0,5.6671915,5.0,57.060883,-8.0,9.0,1.0,1.0,79.80367,1.0
70.0,-7.5447607,2.0,-9.0,11.0,0.0,0.0,100.0,-7.0,7.0,8.0,8.415616,6.0,44.805576,1.0,1.0,1.0,25.0,72.29886,3.0,2.0,0.0,67.0,1.0
71.0,187.86086,21.924343,63.477764,13.448389,0.0,0.0,92.27922,13.549823,4.0,6.0,17.0,0.0,21.0,3.0,0.0,0.0,55.744873,11.67077,5.0,1.0,1.0,67.0,1.0
54.317852,54.69794,5.0,-9.0,6.011114,0.0,0.0,91.43097,33.64216,6.0,5.0,3.9997437,2.0,76.66074,-7.0,2.0,2.0,95.07056,110.13722,2.0,2.0,1.0,100.0,1.0
54.10838,72.45807,3.0,4.5507836,15.0,0.0,0.0,93.0,5.965283,4.0,6.0,17.0,2.0,18.0,0.0,1.0,1.0,86.6949,-8.0,4.0,3.0,1.0,91.31038,1.0
57.753162,264.09955,17.68831,64.15001,6.0,2.0,2.2431002,77.9715,16.489891,4.0,4.0,14.0,0.0,20.0,1.0,0.0,0.0,91.961555,1.5346887,5.0,-8.0,1.0,100.0,1.0
62.44967,114.92944,9.0,62.44898,13.985641,1.0,0.0,90.0,12.296569,4.0,6.0,10.430848,2.0,14.91364,0.0,0.0,0.0,36.0,-8.0,5.0,2.0,1.0,73.0,1.0
68.0,370.39215,3.0,82.0,54.255905,0.0,0.0,93.606575,11.614954,6.0,6.0,60.432167,4.0,46.0,0.0,5.7689114,5.0,35.362373,98.681015,11.0,3.0,1.0,100.0,1.0
-9.0,170.55434,3.0,53.54012,14.0,0.0,0.0,75.001976,13.220877,6.0,6.0,16.0,6.0,25.0,4.329485,0.0,0.0,73.43034,92.6531,10.921164,3.0,4.8209953,99.68569,1.0
65.0,-8.0,3.0,16.639328,6.0,0.0,0.0,100.0,-7.0,7.0,8.0,4.314333,4.0,88.0642,0.0,0.0,0.0,94.65843,92.81333,2.0,4.0,1.0,100.0,1.0
-9.0,-9.0,6.0,36.74177,12.0,0.0,0.0,100.0,-7.0,7.0,8.0,3.9390295,2.0,22.617723,-7.0,4.0,4.0,114.483376,95.41242,8.0,2.0,2.0,100.0,1.0
71.0,60.325874,15.282954,61.0,8.0,0.0,0.0,100.0,-7.0,7.0,8.0,7.0,0.0,63.966427,-8.0,0.0,0.0,111.12681,67.342316,2.0,2.0,1.0,86.0,1.0
59.687023,125.40834,3.0,-9.0,18.464926,0.0,0.0,97.0,8.236938,4.274994,6.0,23.0,4.0,10.324886,0.0,3.0,3.900869,44.73075,96.442314,5.1110783,2.0,1.0,63.0,1.0
56.78584,59.512733,4.0,20.734852,15.0,0.0,0.0,100.0,-7.0,7.0,8.0,15.0,2.0,6.791845,-7.0,0.0,0.0,111.268745,31.555117,9.595759,1.0,10.165991,100.0,1.0
67.0,137.40878,-9.0,66.00985,8.155286,1.0,1.0,74.047905,19.66972,6.0,2.0,14.0,3.0,21.585905,4.0,1.0,1.0,18.079578,-8.0,1.0,1.0,0.0,44.191868,1.0
55.272522,71.5138,6.0,38.610283,30.768929,8.671787,0.0,81.659256,3.0,4.8007755,4.163408,32.0,2.0,56.904865,0.0,0.0,0.0,48.31648,90.02789,4.0,5.0,0.0,71.0,1.0
-9.0,195.39267,2.0,52.055687,22.0,0.0,0.0,89.69755,24.97844,6.0,6.0,23.0,4.0,21.0,0.0,3.0,3.0,81.87609,85.49618,7.0,3.0,9.540475,79.67846,1.0
64.058174,29.134768,2.0,-9.0,12.0,1.0,1.0,100.0,-7.0,7.0,8.0,14.0,3.0,0.0,0.0,5.0,5.426244,27.983389,-8.0,3.0,1.0,1.0,62.861366,1.0
55.89228,120.033295,1.866249,33.98151,-9.0,0.0,0.0,77.655945,9.653781,3.0,6.0,3.8583925,1.0,9.02026,0.0,3.3133965,4.0,74.785164,-8.0,1.0,-8.0,0.0,71.0,1.0
69.60824,137.28734,28.26007,53.29024,13.0,0.0,0.0,100.0,-7.0,7.0,8.0,11.0,0.0,22.0,1.0,4.0,3.0,52.606274,-8.0,6.0,1.0,3.0,68.77518,1.0
68.0,-8.0,3.0525222,21.875004,14.810895,0.0,0.0,100.0,-7.0,7.0,8.0,17.0,1.0,14.0,0.0,2.0,2.0,91.130035,49.322998,5.0,2.0,0.0,89.07814,1.0
56.26428,63.68722,5.0,-9.0,13.0,0.0,0.0,92.0,17.536772,6.0,6.0,11.0,3.0,72.900795,20.886433,0.0,0.0,72.98154,76.0,4.0,3.0,0.0,83.0,1.0
62.0,77.93018,2.0,46.88283,20.0,0.0,0.0,100.0,-7.0,7.0,8.0,20.0,5.0,24.0,-7.0,5.0,5.1602287,45.292675,-8.0,7.0,1.0,2.0,70.0,1.0
56.48689,-9.0,11.152732,-4.459364,9.993632,1.0,0.0,84.73077,3.0,4.0,5.0,11.0,0.0,30.0,-7.0,2.0,2.0,30.856129,-8.0,3.0,2.0,1.0,63.371384,1.0
70.0,125.989426,12.0,16.421528,-7.44969,0.0,0.0,100.0,-7.0,7.0,8.0,5.60331,1.0,84.814186,0.0,4.0,4.0,0.0,-8.0,1.0,1.0,0.0,80.0,1.0
65.0,186.9883,6.0,61.46767,14.0,1.0,0.0,83.62772,30.999733,6.0,4.217747,16.0,2.0,12.988265,2.0,4.4575047,5.0,38.47248,-8.0,4.0,-8.0,0.0,53.435383,1.0
65.0,137.04729,24.073624,55.9224,29.0,4.6445236,1.0,80.66863,-7.0,-9.0,2.7627826,34.0,0.0,76.48458,-7.9702883,16.759405,15.292529,2.0,53.611675,1.0,6.0,0.0,67.0,1.0
57.242268,110.82416,30.252123,61.0,9.0,3.0,0.0,65.77668,4.0,4.0,2.0,9.0,0.0,39.326435,0.0,2.0,2.0,117.43825,42.32709,5.0,1.0,4.0,89.38434,1.0
62.0,255.65059,4.0,71.0,24.0,0.0,0.0,84.83889,25.25725,6.0,6.0,26.0,3.0,60.62458,0.0,2.0,1.8860275,77.24984,66.269966,3.0,3.0,2.0,100.0,1.0
66.0,347.94543,2.0,66.71142,20.0,0.0,0.0,100.0,-7.0,3.5652099,8.0,28.0,3.0,45.0,-7.0,5.0,5.0,71.87018,84.02418,5.0,3.0,3.0,83.0,1.0
56.928383,63.669388,1.0,21.404448,13.435307,0.0,0.0,85.39632,29.141405,6.0,6.0,9.0,3.0,17.0,0.0,1.0,1.0,57.997086,79.44461,6.0,2.0,1.0,67.0,1.0
66.094406,-9.0,5.0,6.2765613,12.0,0.0,0.0,100.0,-7.0,7.0,8.0,-9.0,2.0,67.48224,0.0,1.0,1.0,0.0,53.498547,1.0,4.0,0.0,75.0,1.0
65.8985,164.27971,3.0,32.21406,13.0,2.0,0.0,86.99772,4.0,4.0,2.0,14.0,6.0,42.305367,1.0,1.0,1.0,9.0,92.69568,2.0,3.0,0.0,64.0,1.0
-9.0,39.58978,2.0,-9.0,8.0,0.0,0.0,100.0,-7.0,7.0,8.0,-7.7855663,5.6097445,47.0,11.024032,1.0,1.0,115.19777,80.29034,3.9558597,2.0,3.0,100.0,1.0
70.88983,188.58476,33.036278,59.357555,12.933406,0.0,0.0,73.38371,57.541527,6.0,6.0,17.0,0.0,100.0,4.0,0.0,0.0,-9.0,94.86549,-9.0,2.0,-9.0,100.0,1.0
-9.0,125.46965,23.210175,47.063915,10.0,0.0,0.0,91.66047,21.68787,4.506956,6.0,11.0,0.0,54.75222,0.0,3.0,2.0,119.07946,74.89238,4.0,3.0,5.0115695,100.0,1.0
73.4984,159.4527,0.3631667,54.177036,23.061972,0.0,0.0,94.29781,33.283913,6.0,6.0,28.0,5.6272025,31.0,0.0,2.0,2.0,1.1162599,49.178562,2.0,6.0,2.0,57.727882,1.0
62.0,223.1292,5.0,86.5642,25.0,1.6012839,0.0,70.25255,26.89443,6.0,5.3662376,25.038002,3.0,38.232155,2.0,0.0,0.0,105.18583,-8.0,4.0,1.0,3.0,81.94454,1.0
63.988567,163.8419,6.0,87.24488,69.68572,0.0,0.0,92.0,4.7940593,4.0,6.0,101.7403,5.0,47.0,10.716203,0.0,0.0,73.336334,92.913086,25.62499,7.851287,9.286607,100.0,1.0
63.0,147.3196,-9.0,58.584763,38.88992,9.817741,9.403649,78.47704,52.855667,6.0,-9.0,47.90424,6.0,46.453213,0.0,5.487919,5.4752326,50.951546,96.712135,9.0,5.0,1.0,100.0,1.0
56.358322,256.67398,4.0,70.215996,28.0,1.0,0.0,94.0,-7.0,-9.0,6.0,33.0,3.0,43.03591,0.0,3.0,3.0,44.2932,11.962958,7.0,5.864033,3.4667318,72.73711,1.0
-9.0,-9.0,5.0,-9.0,6.2017703,0.0,0.0,100.0,-7.0,7.0,8.0,9.0,2.0,41.81564,0.0,1.0,1.0,119.640945,61.732967,3.0,2.0,2.0,100.0,1.0
62.67883,111.13699,-9.0,38.22467,26.0,0.0,0.0,92.0,56.538265,6.0,6.0,25.20171,10.976448,34.15665,2.0,6.9192247,5.8972044,47.60641,65.12885,9.721707,5.1996107,2.0,85.598335,1.0
56.035957,184.88731,9.0,75.0,23.0,2.0,0.0,70.1837,24.914244,6.0,3.0,26.0,4.0,78.28727,0.0,3.0,3.0,85.098465,86.14273,2.35684,7.915,3.0,100.0,1.0
60.00217,-5.7955794,4.0,-9.0,13.0,0.0,0.0,87.3724,10.764184,5.0,5.0,12.0,6.0,39.0,-7.0,1.0,1.0,41.021553,76.0,4.0,6.7945266,0.0,82.77042,1.0
61.483772,122.849785,11.0,50.035034,10.0,1.0,0.0,79.55287,44.85602,6.0,6.0,10.0,0.0,31.706125,-7.0,0.0,0.0,92.36193,-8.0,4.0,1.0,2.0,83.0,1.0
-9.0,99.93025,33.15983,51.92088,8.0,0.0,0.0,78.41164,-7.0,4.0,5.8994203,9.0,0.0,47.056618,0.0,0.0,0.0,119.548965,7.300295,5.0,2.0,10.800855,100.0,1.0
65.658516,95.5441,17.870987,52.35275,4.4594946,1.0,1.0,58.674515,11.469878,6.0,3.2727852,2.3688664,0.0,54.040478,0.0,2.0,2.0,0.0,-8.0,0.25063062,-8.0,-9.0,97.08391,1.0
68.0,102.816216,1.0,35.770508,8.504007,0.0,0.0,100.0,-7.0,7.0,8.0,8.9092045,4.0,66.19854,0.0,2.0,2.0,44.700005,96.69454,1.0,5.7364078,0.0,83.64735,1.0
68.618805,177.97113,7.0,73.80755,13.0,1.0,2.0,86.82584,59.48415,6.0,5.0,9.55669,2.0,18.0,-7.0,0.0,0.0,54.887337,-8.0,5.0,1.0,2.0,76.5321,1.0
64.0,204.2906,11.0,100.335464,14.343721,1.0,1.3427938,79.65376,4.447039,4.0,2.0,15.0,0.0,24.0,1.0,2.0,1.9197174,115.92382,-8.0,2.0,1.0,3.0,100.0,1.0
63.0,347.821,0.71807,99.932434,14.0,0.0,0.0,86.18973,50.6317,6.0,6.0,15.0,2.0,43.093098,0.0,2.0,2.0,109.33659,97.96099,4.0,5.0,4.7843494,100.0,1.0
62.0,-9.0,5.0,-9.0,19.0,0.0,0.0,100.0,-7.0,7.0,8.0,5.1931024,5.0,41.0,1.0,2.0,2.0,11.267717,26.574488,3.0,4.0,1.0,58.0,1.0
60.945324,-8.0,-9.0,52.56427,38.754047,8.604519,8.677215,89.70041,58.763603,6.0,2.0,47.935844,6.0,63.229927,0.0,2.0,2.0,75.04451,92.9579,5.447933,22.461447,2.0,100.0,1.0
71.70784,158.3,5.0,32.598095,8.4257965,0.0,0.0,100.0,-7.0,7.0,8.0,7.007305,2.0,40.0,0.0,3.0,3.436671,61.080563,-8.0,4.0,-8.0,0.0,78.83091,1.0
-9.0,217.36621,31.668991,119.089066,8.999097,0.0,0.0,78.14093,4.0,5.476979,6.0,10.0,0.0,22.855062,0.0,1.0,1.0,119.28503,-8.0,4.0,1.0,3.0,90.41512,1.0
66.08817,155.70786,20.0,75.0,12.0,6.4944615,4.1235895,9.894383,31.032358,6.0,3.8290014,28.0,0.0,97.145645,0.0,0.0,0.0,1.0,-8.0,1.0,1.0,-9.0,67.0,1.0
71.0,170.29858,2.0,61.528244,18.29625,4.101415,1.0227538,83.96107,81.57377,6.0,2.0,20.0,4.0,50.0,0.0,5.964232,5.0,42.568073,83.14732,5.0,6.176655,0.0,93.14155,1.0
63.0,-8.0,5.0,58.383724,14.0,1.0,0.0,77.38957,1.5991892,0.7658289,5.0,13.843016,2.0,33.0,0.0,2.0,2.0,36.959606,80.0,3.0,1.0,1.0,57.811577,1.0
-9.0,125.82054,5.0,68.0,25.0,3.6967568,2.0,87.75705,-2.922933,2.9589398,5.0,24.94637,2.0,61.316784,0.0,4.0,3.0,79.83499,90.14693,6.0,5.0,3.0,86.0,1.0
62.0,-8.046961,5.8430133,-9.0,14.0,0.0,0.0,100.0,-7.0,7.0,8.0,15.058863,3.0,45.0,-7.0,2.0,2.0,52.24902,65.59334,7.0,2.0,1.0,88.7766,1.0
75.0,151.71716,15.0,44.561882,10.0,0.0,0.0,100.0,-7.0,7.0,8.0,11.0,0.0,14.993499,1.0,0.0,0.0,52.85913,-8.0,4.0,-3.964449,1.0,60.0,1.0
12.644462,60.832897,15.0,20.271824,7.0,0.0,0.0,64.97949,14.733408,4.0,6.0,11.0,0.0,38.711082,0.0,5.0,5.6071715,53.805676,93.0,3.0,2.0,2.0,86.0,1.0
79.0,32.538063,13.689066,44.20559,1.3040885,0.0,0.0,100.0,-7.0,7.0,8.0,6.007343,0.0,74.25974,0.0,1.0,1.0,-9.0,69.46728,0.0,1.0,0.0,36.03113,1.0
-9.0,107.52108,20.0,32.998146,7.0,4.2890654,1.0,85.236206,2.1199298,0.0,5.0,8.0,0.0,68.99301,0.0,3.0,2.0,8.0,89.092,1.0,2.0,0.0,57.0,1.0
65.20732,149.00792,7.361496,64.35978,4.360995,1.8455509,1.0,66.07939,47.650005,6.0,2.0,7.0,1.0,94.30741,-7.0,0.0,0.0,119.91491,25.9753,2.0,1.0,1.0,100.0,1.0
63.0,270.34872,3.0,19.150236,13.0,0.0,0.0,100.0,-7.0,7.0,8.0,8.790783,5.6107345,9.721447,6.8171334,1.0,1.0,74.390236,-8.0,5.0,-8.0,0.0,73.08285,1.0
66.0,153.38269,8.0,56.53138,13.0,0.0,0.0,100.0,-7.0,7.0,8.0,13.0,1.0,42.15515,2.0,1.0,1.0,108.69201,16.880445,4.0,2.0,1.0,92.39552,1.0
74.0,35.22797,2.0,-9.0,16.766455,0.0,0.0,100.0,-7.0,7.0,8.0,19.0,6.0,45.746605,-7.0,2.0,2.0,0.6437572,98.390594,3.0,4.0,0.0,57.013428,1.0
58.90633,-5.664727,7.0,39.042633,15.217661,0.0,0.0,100.0,-7.0,7.0,8.0,16.0,2.586627,20.493933,0.0,1.0,1.0,74.191154,76.288185,9.0,3.0,3.0,78.00209,1.0
69.0,187.2064,5.079428,64.57864,27.0,4.261703,3.411184,92.0,18.5705,4.0,5.0,31.138218,2.0,20.663694,16.0,0.0,0.0,36.0,-8.0,6.5548563,2.0,1.0,73.14354,1.0
-9.0,84.568924,3.0,-9.0,10.779285,1.0,1.0,82.092285,2.0,4.0,5.0,12.0,10.025533,44.0,0.0,1.9393483,1.8915855,56.19123,95.51727,7.5269685,4.0,3.8064978,100.0,1.0
73.0,100.782326,3.0,-9.0,23.0,0.0,0.0,97.0,36.968803,6.0,6.0,26.713228,1.0,20.0,3.0,3.0,3.0,22.055384,60.618244,7.0,3.0,0.0,67.0,1.0
66.23269,50.375698,7.0991673,58.053455,12.0,0.0,0.0,100.0,-7.0,7.0,8.0,14.06428,1.0,17.0,-8.0,0.0,0.0,92.44055,4.0041447,4.0,1.0,2.0,80.0,1.0
-9.0,-9.0,2.0,-9.0,8.215731,1.0,0.6674463,100.0,-7.0,7.0,8.0,9.0,9.965981,37.235683,0.0,2.0,2.0,45.592808,100.0,3.3880644,2.356524,0.0,67.90504,1.0
54.269367,63.715576,6.0,-9.0,6.4790277,0.0,0.0,92.67044,35.058277,6.0,5.870892,7.302606,6.0,38.30805,2.0,0.0,0.0,97.29351,88.22253,4.0,2.0,2.0,100.0,1.0
62.76479,162.60461,6.0,58.0,21.0,1.0,0.0,91.84741,23.04917,6.0,4.0460114,21.0,3.0,23.0,7.0,0.0,0.0,29.85406,-8.0,9.468443,1.0,1.0,56.0,1.0
60.984497,138.72356,10.0,60.421574,22.0,0.0,0.0,100.0,-7.0,7.0,8.0,23.0,0.0,28.0,0.0,1.0,1.0,114.61866,71.0,9.0,2.137217,3.0,82.61042,1.0
68.0,117.516556,1.0,46.292297,21.71663,2.0,1.0,93.412865,13.232455,6.0,5.0,24.0,5.0,30.65763,0.0,18.143873,18.512539,1.0,-8.0,3.0,3.0,0.0,58.0,1.0
-9.0,134.47047,36.13623,64.02444,-9.0,3.0,1.0,33.795284,4.458307,5.442199,2.771865,-8.262441,0.0,99.860886,7.0,0.0,0.0,2.0,44.977238,-0.18421179,1.0,-9.0,80.0,1.0
-9.0,-9.0,3.0,38.177197,20.0,0.0,0.0,89.790886,-7.0,-7.2599554,6.0,25.959032,2.0,27.341265,0.0,1.0,1.0,59.57037,91.37883,7.7458663,5.0,3.8071272,70.0,1.0
-9.0,46.220016,4.0,-9.0,6.0,0.0,0.0,100.0,-7.0,7.0,8.0,7.2183356,3.0,46.0,0.0,1.0,1.0,111.638275,92.91067,2.0,2.0,5.23003,89.07948,1.0
66.0,105.528595,2.0,42.116123,13.0,0.0,0.0,100.0,-7.0,7.0,8.0,14.0,3.0,9.661733,3.0,1.0,1.0,69.15131,-8.0,7.0,1.0,4.0,78.0,1.0
58.29482,122.38666,12.566255,77.0,8.307523,4.4773,4.0027423,68.4325,9.649747,5.0,3.0,9.68962,0.0,18.508541,0.0,0.0,0.0,89.18567,-8.0,1.0,-8.0,1.0,50.0,1.0
67.602875,-8.479075,3.0,-9.0,10.0,0.0,0.0,100.0,-7.0,7.0,8.0,3.9884136,3.3667266,41.946075,10.689786,0.0,0.0,42.156082,13.602691,3.0,2.0,0.0,67.96801,1.0
68.0,170.39337,10.0,75.0,9.880879,4.1537566,0.0,62.466198,14.690327,6.0,3.0,12.0,3.0,33.0,0.0,0.0,0.0,32.0,-8.0,3.0,1.0,0.0,75.0,1.0
-9.0,-8.0,6.0,43.777008,12.239717,2.0,2.3607466,100.0,-7.0,6.0,8.0,9.0,1.04632,56.33857,-7.0,0.0,0.0,111.2079,-8.0,3.0,1.0,3.0,100.0,1.0
68.0,15.7011,22.888132,1.2543865,6.255895,1.0,1.0,83.08394,26.717953,6.0,4.0,8.0,0.0,79.414116,0.0,1.0,0.0,0.0,40.483685,1.0,2.0,0.0,63.0,1.0
57.08333,112.27814,3.0,39.676945,8.888707,0.0,0.0,86.079056,6.0,4.0,6.0,8.816457,2.0,44.0,0.0,5.0,4.5703483,119.87025,14.628854,3.0,1.0,0.0,93.15217,1.0
59.480076,142.57979,-9.0,57.161354,14.0,0.0,0.0,87.67386,34.481873,6.0,6.0,15.0,6.3528814,33.26161,7.0,1.0,1.0,70.5046,52.00901,6.0,3.0,2.0,90.204735,1.0
59.774765,82.10025,8.0,29.658741,25.0,0.0,0.0,100.0,-7.0,7.0,8.0,21.0,2.0,38.0,0.0,5.0,5.398546,76.74285,56.48213,7.0,6.068755,1.0,83.0,1.0
36.57231,165.76082,20.503601,58.0,6.0,1.0,0.0,-9.0,21.122143,6.0,4.343328,12.0,0.0,90.14505,3.0,0.0,0.0,0.40511099,71.0,1.0,3.0,-9.0,100.0,1.0
62.0,101.27714,7.0,56.562733,17.0,0.0,0.0,95.44137,23.191174,6.0,6.0,18.0,2.0,29.0,0.0,1.0,1.0,93.13161,73.47628,5.0,2.0,4.2825756,88.0,1.0
-9.0,324.11227,12.0,98.29579,25.0,4.6602407,3.5658643,69.20611,-7.0,-4.539145,6.0,42.498093,0.0,49.49314,0.0,0.0,0.0,98.78419,50.94517,5.0,3.7343864,2.0,88.73151,1.0
56.91948,-9.0,1.0,-9.0,12.0,0.0,0.0,100.0,-7.0,7.0,8.0,12.0,6.0,25.455198,0.0,3.8115256,4.0,51.539818,-8.0,5.0,2.0,0.0,67.03447,1.0
72.39951,220.83342,12.0,69.420135,10.782109,0.0,0.0,100.0,-7.0,7.0,8.0,9.942039,0.0,64.56311,-7.0,0.0,0.0,43.41872,-8.0,2.0,2.0,0.0,88.0,1.0
2.640758,-8.739681,1.0,-9.0,15.0,0.0,0.0,91.0,31.311895,6.0,6.0,20.0,6.0,30.0,0.0,4.0,4.389771,37.480442,84.78406,7.0,3.0,1.0,83.17907,1.0
82.0,133.37636,36.518887,63.0,14.0,0.0,0.0,100.0,-7.0,7.0,8.0,17.333466,0.0,98.07967,0.0,0.0,0.0,-5.3794293,-8.0,0.0,1.0,0.0,32.301758,1.0
62.0,61.68388,4.0,29.689795,17.0,0.0,0.0,100.0,-7.0,7.0,8.0,17.0,2.0,46.851303,0.0,4.0,4.0,87.02364,79.507065,2.0,4.0,1.0,80.0,1.0
-9.0,9.204914,1.0,66.055084,30.0,0.0,0.0,100.0,-7.0,6.0,6.0,23.0,5.0,33.33133,-7.0,15.9654665,16.066854,100.79117,34.84932,13.376236,4.0,10.319718,100.0,1.0
59.36647,173.65385,12.0,37.665573,17.0,2.0,2.0,79.49821,8.752466,6.0,2.0,21.0,2.0,17.0,23.039528,0.0,0.0,36.0,75.78895,9.0,2.0,0.0,72.56545,1.0
80.35675,177.27228,19.324888,88.646706,-1.9785817,0.0,0.0,100.0,-7.0,7.0,8.0,7.0,0.0,30.0,0.0,2.5985446,2.0,40.963173,-8.0,1.1240234,-8.0,0.0,80.0,1.0
57.271362,199.72668,1.0,70.0,39.59664,10.716969,9.359771,-9.0,24.231167,6.0,3.0,69.44172,6.0,32.819084,0.0,3.0,2.0,59.15756,100.0,7.5080276,3.9053159,4.0,64.0,1.0
59.544544,140.97365,12.0,48.500122,27.804323,4.4866242,1.0,13.997952,9.623274,4.0,2.0,37.681423,3.0,97.04516,0.0,2.0,2.0,60.010635,86.40047,2.0,11.13776,1.0001489,100.0,1.0
-9.0,-9.0,-9.0,-9.0,-9.0,-9.0,-9.0,-9.0,-9.0,-9.0,-9.0,-9.0,-9.0,-9.0,-9.0,-9.0,-9.0,-9.0,-9.0,-9.0,-9.0,-9.0,-9.0,1.0
70.0,303.5553,3.0,68.0,22.099615,0.0,0.0,93.49249,50.728077,6.0,6.0,21.48373,4.0,31.757793,1.0,3.0,3.0,28.0,93.79654,7.0,4.0,0.0,73.76141,1.0
58.728542,163.05382,12.0,71.0,19.0,0.0,0.0,68.618034,9.233005,6.0,5.0,22.0,1.0,42.0,1.0,16.048306,13.2213545,44.177094,-8.0,5.0,3.0,1.426162,81.03405,1.0
61.039814,-8.0,18.326506,-9.0,3.4295688,0.0,0.0,100.0,-7.0,7.0,8.0,5.6065097,0.0,33.0,-7.0,2.0,2.0,115.81051,-8.0,2.0,-8.0,0.0,56.0,1.0
62.0,179.63148,3.0,57.42086,21.49229,3.6669278,2.0,87.77429,27.792938,6.0,2.0,21.0,6.7682195,14.0,0.0,3.0,3.0,59.30991,52.65282,8.0,2.0,1.0,64.0,1.0
70.0,155.59758,5.0,61.747272,35.891388,0.0,0.0,100.0,-7.0,7.0,8.0,37.0,4.0,60.445293,0.0,3.0,2.6448183,73.59176,72.58342,3.0,4.0,3.0,100.0,1.0
65.0,79.39842,8.663875,38.002285,20.0,0.0,0.0,100.0,-7.0,7.0,8.0,21.0,1.0,30.0,0.0,1.0,1.0,80.61571,-8.0,6.0,1.0,6.546894,80.0,1.0
63.544456,123.20844,8.0,42.95092,12.0,0.0,0.0,100.0,-7.0,7.0,8.0,10.0,1.0,16.0,0.0,2.0,2.7566588,74.03939,-8.0,4.0,1.0,4.0,75.0,1.0
55.560543,240.68707,22.728245,122.22834,15.790055,1.0,0.0,65.31709,4.0,-4.4150033,4.0,15.382623,0.0,15.0,0.0,5.851556,6.1914463,81.478676,-8.0,8.733358,1.0,5.647371,80.0,1.0
63.0,98.85644,3.0,43.24227,13.711871,3.9999788,3.9890592,68.732475,46.56114,6.0,4.0,18.486673,7.7896867,49.08069,0.0,5.0,4.896536,72.35772,72.73622,2.0,3.0,1.0,71.23888,1.0
9.668904,47.160686,5.0,38.737423,20.0,0.0,0.0,97.0,61.585556,6.0,6.0,16.0,6.0,23.0,0.0,1.0,1.0,65.33499,71.0,9.0,2.0,9.537366,72.3525,1.0
75.0,131.98975,8.0,-9.0,8.890597,0.0,0.0,100.0,-7.0,7.0,8.0,9.0,1.0,0.0,0.0,1.0,1.5087698,4.0,-8.0,4.0,-8.0,0.0,53.44673,1.0
59.076763,110.684296,9.0,3.443367,6.0,2.0,1.0,88.0,4.0,0.0,5.0,9.0,1.0,15.0,0.0,3.0,2.0469298,68.662575,-8.0,5.0,1.0,0.0,88.0,1.0
-9.0,-7.2505846,6.0,23.217743,12.0,0.0,0.0,81.752754,1.2329782,5.8957834,6.0,8.0,3.0,12.289573,-1.4933178,1.0,1.0,89.40653,67.29723,4.2995596,2.0,4.0,60.0,1.0
67.0,159.39139,3.0,42.450726,24.0,0.0,0.0,94.76713,18.279764,6.0,6.0,27.0,4.0,20.0,5.0,0.0,0.0,55.614662,60.74123,16.923513,2.0,1.0,71.0,1.0
57.093815,-1.15198,0.56255144,-9.0,13.816684,0.0,0.0,100.0,-7.0,7.0,8.0,14.0,10.522887,11.089927,0.0,3.0,2.0,18.696608,96.42043,10.014391,2.0,1.5802429,67.0,1.0
70.0,194.3906,4.0,53.76825,17.0,0.0,0.0,88.0,16.015896,6.0,6.0,21.0,1.0,45.0,0.0,4.0,4.0,28.0,78.81336,2.0,5.0,0.0,83.67882,1.0
59.96771,105.58698,2.0,76.0,34.626545,0.0,0.0,100.0,-7.0,7.0,8.0,13.0,3.0,29.0,0.0,14.976149,12.88615,48.588238,71.0,11.0,14.580427,2.0,73.0,1.0
76.0,199.53627,4.611249,49.23795,25.0,0.0,0.0,100.0,58.981304,6.0,6.0,34.009758,4.0,37.0,0.0,2.0,2.0,42.38313,88.63887,6.0,4.0,0.0,74.52607,1.0
57.076782,80.58784,3.0,50.55304,39.0,2.0,2.5276928,94.744064,5.039253,4.0,5.989764,39.072254,2.0,42.203327,0.0,3.0,2.920647,69.8045,81.54431,9.823692,5.6187034,1.0,80.402,1.0
62.0,132.49069,7.0,50.025734,11.375504,2.0,1.0,86.637955,45.68113,6.0,3.0,11.0,0.0,68.69126,-2.136532,0.0,0.0,91.995445,100.0,2.0,3.0,1.0,100.0,1.0
70.0,-9.0,17.60931,-9.0,-9.0,0.0,0.0,100.0,-7.0,7.0,8.0,-4.9123445,0.0,99.47519,1.0,1.0,1.0,-9.0,74.25665,-9.0,2.0,0.0,64.0,1.0
71.387764,-5.23964,23.252548,47.990795,7.0,3.832417,0.0,63.1067,32.477097,6.0,0.02836958,7.0,0.0,34.4201,5.0,1.0,1.0,13.0,-8.0,1.0,1.0,0.0,42.107986,1.0
55.745914,-9.0,5.0,-9.0,-9.0,0.0,0.0,100.0,-7.0,7.0,8.0,4.0874224,4.0,55.96057,0.0,2.0,2.0,12.0,89.401,1.0,4.0,0.0,70.0,1.0
56.804745,172.7284,3.9194982,76.0,38.973648,0.0,0.0,100.0,-7.0,7.0,8.0,39.044533,3.0,22.0,2.0,2.0,2.0,111.51152,61.196888,19.61095,4.0,8.432644,91.711105,1.0
65.0,125.10455,-9.0,42.950386,15.0,0.0,0.0,100.0,-7.0,7.0,8.0,17.0,6.0,33.53665,3.0,1.0,1.0,51.335644,90.2684,5.0,6.149785,2.0,83.68383,1.0
59.545715,283.7483,20.01901,83.0,10.0,0.0,0.0,75.04429,23.308952,4.0,6.0,15.0,0.0,51.003506,-7.0,2.0,1.0,117.49632,9.008894,4.0,4.0,4.5779533,100.0,1.0
63.0,217.72018,8.881432,69.87678,31.809532,1.0,0.0,94.0,-7.0,-9.0,6.0,46.772194,1.0,61.416702,0.0,3.0,3.0,52.525433,-8.0,4.0,5.0,0.98631746,69.90712,1.0
66.0,-8.0,15.537224,50.410576,-9.0,0.0,0.0,100.0,-7.0,7.0,8.0,-8.989787,0.0,99.88731,4.0,0.0,0.0,21.008171,88.84194,1.0,2.0,0.0,77.81576,1.0
32.62364,116.858696,10.0,46.48664,14.0,1.0,0.0,69.85581,52.260246,6.0,4.2835526,16.62046,1.0,62.54942,-7.0,1.0,1.0,71.73814,96.22167,3.0,5.0,3.0,75.0,1.0
68.97562,158.01309,-9.0,45.158638,29.630808,10.037087,7.7999864,88.0,44.030617,6.0,2.0,35.0,10.712501,37.0,0.0,4.0,3.0,1.0,56.269268,2.0,7.8237004,0.0,63.49377,1.0
63.0,111.40454,3.0,-9.0,6.0,0.0,0.0,100.0,-7.0,7.0,8.0,6.7347546,2.0,43.65749,0.0,1.0,1.0,110.74994,94.35306,1.0,3.0,1.0,80.0,1.0
-9.0,58.739506,3.0,-9.0,17.778286,1.0,1.0,100.0,-7.0,7.0,8.0,20.0,10.642882,27.185276,0.0,3.0,3.0,43.695988,86.284134,9.797247,3.0,1.0,81.022125,1.0
-9.0,93.97595,2.0,16.246363,11.0,0.4857464,0.0,93.0,15.960965,6.0,6.0,12.0,6.0,54.03132,0.0,3.6115577,3.0,62.457333,60.307037,4.0,3.0,1.6786922,79.41213,1.0
58.759953,-3.8266244,13.332773,20.989954,15.0,0.0,0.0,100.0,-7.0,7.0,8.0,15.0,0.0,54.29388,1.0,0.0,0.0,63.037052,75.535225,4.0,1.0,1.0,63.0,1.0
71.11584,12.3933525,9.309361,21.601665,14.0,0.0,0.0,100.0,-7.0,7.0,8.0,20.0,1.0,63.53154,-8.0,0.0,0.0,59.759315,19.07915,3.47534,5.0,0.0,100.0,1.0
64.7474,70.92068,6.0,37.748882,13.0,1.0,2.5058048,94.6256,4.9053063,4.0,6.0,14.0,3.0,33.0,0.0,0.0,0.0,72.9089,77.423615,6.0,3.0,2.0,75.0,1.0
19.559683,234.77676,1.0,70.07675,18.0,9.969809,0.0,71.20889,35.45189,6.0,2.0,28.746075,2.0,54.267445,0.0,5.3742223,6.0241013,118.59071,90.62824,5.0,3.0,2.0,88.60503,1.0
65.42596,208.74709,20.0,92.0,12.0,0.0,0.0,100.0,-7.0,7.0,8.0,14.0,0.0,18.006441,0.0,2.0,2.0,91.75064,-8.0,6.0,-4.1287937,4.8463755,71.0,1.0
75.0,180.87576,18.29701,53.796658,14.0,0.0,0.0,100.0,-7.0,6.0,8.0,17.0,0.0,63.921204,0.0,5.6281333,5.0,36.982395,-8.0,2.0,1.0,0.0,81.0513,1.0
62.0,61.211098,4.0,32.8541,9.221543,0.0,0.0,100.0,-7.0,7.0,8.0,0.5380872,4.0,14.0,-3.84736,1.0,1.0,59.07049,81.05689,4.0,2.0,2.0,71.0,1.0
57.39865,117.53049,2.0,-9.0,20.0,0.0,0.0,100.0,-7.0,7.0,8.0,21.0,6.8614755,37.0,0.0,3.0,3.0,80.131226,84.035286,7.0,4.0,1.0,88.0,1.0
69.0,55.01042,18.275434,0.7437397,-9.0,0.0,0.0,100.0,-7.0,7.0,8.0,5.2070403,0.0,56.715534,-7.0,0.0,0.0,92.91377,-8.0,1.0,1.0,0.0,80.0,1.0
62.199757,151.36748,6.801487,52.42964,12.0,0.0,0.0,85.8035,21.780571,4.0,5.0,14.0,1.0,69.27639,0.7694005,0.0,0.0,41.73137,83.34999,1.0,3.0,0.0,80.0,1.0
59.46978,144.81914,6.0,74.791145,23.734997,9.490367,7.1698437,-9.0,3.0,-4.539323,2.2653234,34.89298,3.0,45.0,1.0,1.0,0.0,41.097538,71.0,4.0,3.0,1.0,71.0,1.0
69.357376,161.51523,27.950615,100.98388,16.21428,1.0,0.0,84.80696,9.234249,5.0,3.3563826,19.0,0.0,34.826763,0.0,0.0,0.0,106.904564,-8.0,2.0,1.0,1.0,100.0,1.0
63.353725,162.68968,7.0,59.7082,28.0,0.0,0.0,93.0,13.96785,4.5421634,6.0,27.0,1.0,47.346928,0.0,1.0,1.0,73.69709,1.9853992,4.0,6.7093906,2.0,75.92739,1.0
54.9025,84.79499,11.0,31.334587,22.0,0.0,0.0,100.0,-7.0,7.0,8.0,24.0,0.0,26.103563,9.573458,0.0,0.0,94.89469,88.0,9.0,5.0,4.0,86.0,1.0
70.16211,115.40005,3.0,54.53272,17.0,0.0,0.0,100.0,-7.0,7.0,8.0,19.0,2.0,50.0,0.0,0.0,0.0,53.29452,75.317505,4.604326,1.9338038,0.0,75.0,1.0
69.0,111.15652,15.0,41.593315,14.0,1.7043471,1.0,100.0,-7.0,7.0,8.0,17.0,0.0,24.0,-7.0,0.0,0.0,59.043343,-8.0,7.0,1.0,1.0,87.83528,1.0
-9.0,11.3987055,5.0,40.843834,-9.0,0.0,0.0,100.0,-7.0,7.0,8.0,-8.455668,2.0,66.63621,-7.0,4.0,3.647653,119.99891,99.22499,2.0,2.0,5.558142,100.0,1.0
64.436295,233.49947,17.0,87.68984,11.539244,2.043757,1.0,79.79138,7.9431906,3.567572,4.0,11.0,0.0,47.198166,0.0,17.888624,17.470804,68.12154,-8.0,2.0,1.0,0.0,83.0,1.0
56.55678,78.83486,3.0,-9.0,6.0,0.0,0.0,100.0,-7.0,7.0,8.0,8.313574,2.0,33.0,-7.0,2.0,2.0,118.62827,79.33493,4.0,1.0,1.0,100.0,1.0
-9.0,-9.0,-9.0,-9.0,-9.0,-9.0,-9.0,-9.0,-9.0,-9.0,-9.0,-9.0,-9.0,-9.0,-9.0,-9.0,-9.0,-9.0,-9.0,-9.0,-9.0,-9.0,-9.0,1.0
-9.0,155.72597,9.0,45.27092,6.948284,2.0,1.0,69.698524,26.707277,6.0,3.0,7.0,3.0,99.72417,1.0,0.0,0.0,40.656837,84.81646,1.0,2.0,-9.0,100.0,1.0
67.175415,62.079227,32.83567,63.0,6.0,0.0,0.0,78.263466,-7.0,3.1449962,5.0,8.0,0.0,59.607914,1.3815216,0.0,0.0,0.0,-8.0,1.0,-7.5249968,0.0,42.110645,1.0
75.44384,175.9818,34.278103,81.00903,7.0,0.0,0.0,77.21222,9.049282,6.0,6.0,11.0,0.0,99.92977,1.0,1.0,1.0,4.650882,60.0264,1.0,2.0,0.0,100.0,1.0
38.02834,-9.0,6.0,-9.0,9.0,0.0,0.0,100.0,-7.0,7.0,8.0,8.0,1.0,31.625732,-7.612131,5.0,5.0,91.389145,88.06531,2.0,3.0,0.0,75.0,1.0
59.400173,123.25616,2.0,38.037434,22.0,4.090055,3.5440552,85.080444,11.148147,4.0,3.0,26.799171,7.9371667,52.513157,-7.0,1.0,1.0,38.10707,77.611176,3.0,4.0,0.0,70.55607,1.0
54.897022,170.9104,15.0,63.770657,21.0,0.0,0.0,86.677956,2.0,4.0,6.0,21.49167,0.0,35.0,0.0,3.0,2.0,73.42566,93.0,6.0,6.0,2.0,78.35739,1.0
64.902176,137.22781,9.0,81.0,10.0,0.0,0.0,89.0,3.0,4.0,6.0,9.314793,0.0,32.0,14.004339,0.0,0.0,68.152374,62.182716,5.0,2.0,3.0,78.874825,1.0
11.190641,203.15645,20.0,92.546715,14.0,4.2040973,0.0,55.373623,-6.0101247,1.701312,5.0,15.342431,0.0,37.285595,0.0,0.0,0.0,83.71218,-8.0,4.0,2.0,1.0,87.71997,1.0
62.0,137.81503,36.86721,51.948208,7.039423,1.0,1.0,88.98947,4.0,4.0,5.0,9.0,0.0,31.0,0.0,2.0,2.0,83.221466,-8.0,2.0,1.0,0.0,75.0,1.0
66.0,10.660954,4.0,43.501663,25.0,0.0,0.0,100.0,-7.0,7.0,8.0,23.0,5.0,33.0,0.0,1.0,1.0,47.740208,81.247765,5.0,1.0,3.0,58.0,1.0
23.619066,131.00607,4.0,55.067936,65.18825,0.0,0.0,94.0,4.892604,6.0,5.0,95.88704,3.0,31.0,0.0,2.0,2.0,58.62184,100.0,11.0,12.334623,2.0,77.62401,1.0
58.839905,93.58976,0.230218,24.48486,43.250603,1.0,0.0,100.0,-7.0,7.0,8.0,63.171318,6.0,15.953155,0.0,2.0,2.0,38.65041,62.567146,9.0,3.0,2.0,67.0,1.0
60.641422,119.24643,13.51661,42.90857,14.0,6.4237285,3.7321396,70.834206,4.0,3.6809132,2.0,21.0,0.0,40.0,0.0,1.0,1.0,5.8108697,-8.0,2.0,1.0,0.0,56.0,1.0
59.913647,119.445465,6.259748,-9.0,9.0,0.0,0.0,100.0,-7.0,7.0,8.0,11.0,1.0,25.0,3.0,0.0,0.0,112.37741,91.0,4.0,2.0,2.0,100.0,1.0
65.0,184.16263,5.0,61.0,24.56425,3.071907,1.0,88.47142,11.8373575,-9.0,3.725127,31.0,3.0,68.15573,0.0,6.3247538,5.740662,100.60643,82.0,1.0,4.0,0.0,80.0,1.0
69.0,80.83828,14.0,-9.0,10.910887,0.0,0.0,80.54859,22.014877,6.0,5.5341935,9.0,0.0,73.961754,0.0,0.0,0.0,1.0,15.851255,1.0,1.0,0.0,38.0,1.0
57.126984,112.887405,4.0,41.67075,14.0,3.5799205,1.0,83.50272,1.4402572,4.0,3.0,14.0,3.0,40.053112,0.0,1.0,1.0,103.77403,76.0,5.0,2.0,2.0,80.0,1.0
67.97372,81.01445,2.0,49.444813,23.264004,0.0,0.0,100.0,-7.0,7.0,8.0,24.0,9.621589,66.05919,0.0,18.44145,18.560186,41.281048,86.60741,6.0,21.424171,4.696419,100.0,1.0
66.0,-9.0,6.0,-9.0,5.219466,0.0,0.0,100.0,-7.0,7.0,8.0,3.480023,5.0,11.057443,12.05114,0.0,0.0,51.69595,60.744686,4.0,1.0,0.0,79.01744,1.0
22.339384,126.98792,1.0,16.935307,17.4319,0.0,0.0,100.0,-7.0,7.0,8.0,18.0,6.0,54.72773,0.0,1.0,1.0,91.442924,86.85793,6.5089536,6.0,5.450786,100.0,1.0
57.5271,125.45319,3.0,57.191097,44.82415,0.0,0.0,100.0,-7.0,7.0,8.0,48.507515,10.877937,52.99583,0.0,3.0,3.0,61.13737,85.262825,7.7225914,6.0,3.0,70.0,1.0
60.853806,-8.0,1.0,-9.0,5.6633487,0.0,0.0,100.0,-7.0,7.0,8.0,9.0,4.814345,31.0,-7.0,2.0,2.0,93.03572,93.0,2.0,2.0,0.0,100.0,1.0
77.0,174.78075,7.0,72.0,7.0,0.0,0.0,100.0,-7.0,7.0,8.0,7.497644,1.0,49.8268,0.0,0.0,0.0,0.0,79.43308,0.5292849,2.0,0.0,71.0,1.0
71.0,113.972404,13.147994,55.916187,20.0,0.0,0.0,90.13618,13.126814,4.053545,6.0,22.0,0.0,35.0,0.0,3.0,3.0,49.510365,59.042137,8.0,3.0,0.0,88.0,1.0
66.0,140.31033,-3.4022622,44.582634,22.265465,0.0,0.0,100.0,-7.0,7.0,8.0,29.0,3.0,45.0,0.0,11.582545,10.18989,82.0209,45.918823,10.224456,6.542878,2.0,100.0,1.0
55.676254,71.2968,5.0,14.564619,-9.0,8.305554,7.810297,79.1364,49.30115,6.0,5.0,5.6350794,1.0,49.216,0.0,1.0,1.0,70.47212,56.795918,3.0,2.0,0.0,82.02665,1.0
65.73656,137.7205,5.0,75.0,21.0,1.4833343,1.0,82.60878,40.87317,6.0,2.0,22.0,2.0,10.788547,0.0,5.8674774,6.0392575,55.07698,-8.0,8.0,2.0,3.0,84.785835,1.0
71.0,149.6648,2.0,31.499477,9.891691,0.0,0.0,100.0,-7.0,7.0,8.0,11.0,4.0,46.0,-7.0,1.0,1.0,59.438324,67.40295,4.0,2.0,0.0,100.0,1.0
66.0,241.9839,36.296883,61.0,-9.0,0.0,0.0,78.37647,34.21792,6.0,6.0,7.0,0.0,76.97359,0.0,2.7467499,2.0,17.580406,-8.0,1.0,-8.0,0.0,100.0,1.0
57.76363,284.12985,17.0,95.835396,15.0,0.0,0.0,80.78965,1.2370232,1.9190643,6.0,18.0,0.0,52.43096,-7.0,3.0,2.0,98.57231,-8.0,5.8685412,1.0,4.931561,86.183304,1.0
55.838375,222.58995,3.0,56.450428,20.0,1.0,0.0,90.0,-7.0,-9.0,5.246861,21.0,3.0,15.94097,0.0,2.0,2.0,12.104203,62.07361,9.0,2.0,0.0,74.25496,1.0
57.380394,200.78395,3.0,91.60816,8.0,0.0,0.0,77.472244,21.254124,6.0,6.0,12.214555,2.0,33.0,0.0,2.0,2.0,55.686386,-8.0,4.0,2.0,3.0,80.4199,1.0
12.912243,163.13634,5.1184444,54.049946,20.0,0.0,0.0,93.0,35.46693,6.0,6.0,21.0,1.0,21.0,0.0,3.0,3.0,59.521362,35.477234,6.0,2.0,7.67654,75.0,1.0
65.87933,236.85631,17.07903,54.03674,15.0,0.0,0.0,100.0,-7.0,7.0,8.0,17.0,0.0,52.03419,3.6706805,0.0,0.0,87.7807,64.45997,7.0,2.0,2.0,83.21295,1.0
62.897236,141.3149,2.0,46.74248,17.0,0.0,0.0,100.0,-7.0,7.0,8.0,16.0,3.0,44.18488,0.0,3.0,3.0,65.43464,21.539192,4.0,5.0,2.0,84.00739,1.0
69.0,117.18425,3.0,40.34498,8.021074,0.0,0.0,100.0,-7.0,7.0,8.0,8.0,2.0,56.510464,0.0,2.0,2.3830917,43.898884,99.942566,2.0,2.0,0.0,75.0,1.0
67.0,62.6872,8.47838,-9.0,17.0,0.0,0.0,100.0,-7.0,7.0,8.0,16.0,2.0,77.5122,1.0,1.0,1.0,35.17788,69.16749,3.0,2.0,0.0,67.0,1.0
57.347324,143.89818,12.0,64.644646,7.726743,0.0,0.0,83.32837,12.50004,6.0,6.0,0.22791968,1.7791364,77.91281,0.0,3.0,3.0,13.0,28.466335,2.0,4.0,0.0,89.47248,1.0
71.0,213.1707,34.429554,62.76118,9.0,0.0,0.0,100.0,-7.0,7.0,8.0,3.1582148,0.0,99.99419,4.39764,0.0,0.0,-9.0,-8.0,-9.0,-8.534081,-8.0,75.0,1.0
64.12533,-8.366129,3.0,-9.0,-9.0,0.0,0.0,100.0,-7.0,7.0,8.0,3.16767,4.0,54.848892,3.456574,0.0,0.0,47.40453,85.93463,3.0,1.0,0.0,91.205605,1.0
68.0,10.583781,0.0913459,23.113667,27.581259,1.0,1.0,98.0,22.203033,6.0,5.0,32.53113,10.910525,27.0,0.0,2.0,1.0,35.0793,89.09589,9.0,6.2900915,2.0,71.0,1.0
63.0,152.32697,4.0,51.155624,16.0,1.806705,1.0,93.0,46.555332,6.0,2.0,17.0,3.0,21.0,0.0,0.0,0.0,55.880714,-8.0,6.0,2.0,2.0,69.951416,1.0
74.0,101.73318,14.047522,35.114918,12.173261,0.0,0.0,100.0,-7.0,7.0,8.0,0.22832204,0.0,43.0,13.97801,0.0,0.0,21.0,-8.0,2.0,1.0,0.0,44.78672,1.0
56.13886,151.67728,20.357817,71.608894,16.0,0.0,0.0,80.7378,23.231249,6.0,6.0,9.0,0.0,42.553326,0.0,3.0,2.0,93.16273,-8.0,7.657167,3.0,5.9358816,100.0,1.0
66.0,100.86049,2.0,47.332912,32.0,1.0,0.0,88.0,28.946276,6.0,5.0,36.010666,3.0,26.0,0.0,1.4483293,1.0,13.666983,66.773415,9.0,4.0,2.0,70.0,1.0
54.211338,99.986176,2.0,34.438004,8.509197,1.0,1.0,100.0,-7.0,7.0,8.0,9.0,1.0,51.137726,0.0,2.0,2.0,0.0,82.0,1.0,2.0,-8.0,89.866776,1.0
65.0,111.76077,9.0,75.0,16.0,2.0,2.0,65.533585,-7.0,3.0,5.0,12.0,3.0,22.0,5.0,0.0,0.0,36.300694,-8.0,4.0,2.0,0.0,60.0,1.0
69.80041,302.17313,44.119663,98.68656,3.9221327,0.0,0.0,100.0,-7.0,7.0,8.0,8.0,0.0,47.0,0.0,2.0,2.0,91.27075,-8.0,1.0,-8.0,1.0,83.576836,1.0
69.49491,97.137726,40.947952,44.079628,-9.0,0.0,0.0,100.0,-7.0,7.0,8.0,4.8965497,0.0,98.29173,0.0,1.0,1.0,93.83209,24.531311,1.0,1.0,0.0,100.0,1.0
56.36261,14.477393,13.0,47.95204,19.0,0.0,0.0,88.0,3.9841297,6.0,6.0,19.0,1.0,54.987362,0.0,2.0,2.0,72.14443,-8.0,4.0,3.0,1.0,100.0,1.0
58.386936,139.5661,4.7759733,-9.0,3.1060157,1.0,1.0,100.0,-7.0,6.0,8.0,5.443927,2.0,52.67572,0.0,2.0,1.0,0.0,49.602985,1.0,1.0,0.0,80.0,1.0
69.93615,173.65172,57.678154,76.1748,-9.0,0.0,0.0,100.0,-7.0,7.0,8.0,0.17857312,0.0,99.995705,0.0,0.0,0.0,-9.0,-8.0,-9.0,-9.0,-9.0,62.975666,1.0
62.2215,139.66898,4.0,34.456406,6.129331,2.0,0.0,72.84868,17.360922,6.0,4.0,4.697943,2.0,95.0919,-7.0,1.0,1.0,65.99021,84.83834,1.0,2.0,1.0,100.0,1.0
69.06893,162.9002,2.0,37.230457,24.0,2.364421,1.4855841,92.61036,24.161486,6.0,5.0,26.0,6.0,19.0,0.0,2.0,2.0,25.781765,98.37911,4.7212505,3.0,0.0,63.0,1.0
61.002098,-9.0,2.0,-9.0,13.0,0.0,0.0,91.20984,54.709824,6.0,6.0,11.0,10.181346,29.0,0.0,2.0,2.0,28.985292,100.0,6.0,4.0,0.0,100.0,1.0
62.0,139.78954,3.0,57.80092,13.430123,0.0,0.0,100.0,-7.0,7.0,8.0,17.0,2.0,50.0,-6.9562836,3.0,3.0,92.4559,98.972244,3.0,5.77014,2.0,91.239845,1.0
65.0,200.17688,3.0,63.0,40.382717,5.2261806,1.0,85.15071,5.663276,2.8952422,-9.0,51.222076,4.0,28.0,0.0,12.549906,14.438672,21.990105,-8.0,6.918659,4.0,1.0,50.0,1.0
56.0484,177.61195,5.1947746,55.84845,21.0,0.0,0.0,89.0,10.416372,4.0,6.0,22.318295,3.0,33.0,0.0,3.0,3.0,74.776054,-8.0,5.0,1.0,2.0,75.0,1.0
56.954792,-8.782814,-9.0,-9.0,15.0,0.0,0.0,97.90734,1.0,6.0,6.0,15.0,7.538642,61.78656,12.0,0.08508697,1.0,28.056946,80.27202,4.0,4.8652515,0.0,82.8669,1.0
66.0,164.79869,28.46116,62.318245,12.5430975,0.0,0.0,92.0,2.0,6.0,6.0,23.0,0.0,68.1503,1.0,3.0,3.0,22.709175,30.355928,1.0,2.0,0.0,89.083954,1.0
61.77663,190.1125,1.0611252,42.16474,10.0,0.0,0.0,90.0,13.813254,6.0,5.0,11.0,2.0,42.0,0.0,2.0,2.0,87.30795,59.44618,3.0,2.0,2.0,80.0,1.0
58.1609,-2.1438775,2.0,33.29221,10.457095,2.0,2.0,88.30759,0.8269107,-9.0,5.8059907,10.638329,2.0,14.377135,0.0,4.0,4.0,50.70204,56.21901,2.0,3.0,1.0,44.0,1.0
63.0,139.26575,24.008966,63.0,13.795473,3.2184486,2.0629947,76.58108,13.469294,5.0,6.0,19.0,0.0,95.17901,7.0,0.0,0.0,52.876152,39.1011,1.0,2.0,0.0,100.0,1.0
56.611275,-4.6502924,3.0,-9.0,13.0,0.0,0.0,100.0,-7.0,7.0,8.0,14.0,3.0,-9.0,0.0,4.0,5.0,56.96145,39.13701,9.289422,1.0,1.5164589,77.41817,1.0
62.0,136.40878,2.0,62.569553,17.0,6.3829284,2.3307478,58.353798,21.449423,6.0,5.0,21.0,3.0,50.0,0.0,4.0,3.3174999,72.99587,94.60148,2.0,3.0,1.0,83.0,1.0
79.0,94.665886,23.648577,39.60129,4.4406676,0.0,0.0,100.0,-7.0,7.0,8.0,3.661895,0.0,98.16814,0.0,3.0,3.0,-0.860658,-8.0,0.0,2.0,0.0,67.0,1.0
62.0,88.360016,3.0,-9.0,13.0,0.0,0.0,100.0,-7.0,7.0,8.0,14.4420595,3.2871692,-8.349052,22.756058,0.0,0.0,67.074844,-8.0,9.592692,1.0,2.0,80.92188,1.0
67.0,-2.3389046,7.0,-9.0,3.0161588,0.0,0.0,100.0,-7.0,7.0,8.0,2.7878323,2.0,70.73201,-7.0,0.0,0.0,74.45893,20.715553,2.0,2.0,0.0,100.0,1.0
72.7168,107.40352,1.0,39.97778,5.7601132,0.0,0.0,100.0,-7.0,7.0,8.0,6.250596,3.0,33.0,2.0,1.0,1.0,-8.233391,-8.0,1.0,-8.0,0.0,25.0,1.0
-9.0,127.93384,2.0,41.415432,36.0,0.0,0.0,92.0,35.95361,6.0,6.0,35.292667,7.8119273,20.0,0.0,2.0,1.0,91.97085,75.48583,25.802557,4.0,10.689217,100.0,1.0
72.0,141.58264,11.579348,65.0,15.0,0.0,0.0,100.0,-7.0,7.0,8.0,13.0,0.0,18.0,0.0,0.0,0.0,47.758675,-8.0,7.583805,1.0,0.94910276,100.0,1.0
72.0,47.205696,2.0,8.063917,26.0,0.0,0.0,100.0,-7.0,7.0,8.0,27.820957,9.954261,35.0,1.0,0.0,0.0,13.521164,96.956055,6.0,3.0,2.0,55.109673,1.0
61.66752,176.55,19.229883,81.0,19.0,1.0,0.0,76.82526,31.250658,6.0,5.0,23.0,0.0,59.947304,15.190623,0.0,0.0,91.988815,121.73893,4.0,2.0,1.0,83.33747,1.0
-9.0,59.025658,3.0,-9.0,7.6217184,0.0,0.0,100.0,-7.0,7.0,8.0,6.5650926,3.0,71.16296,0.0,3.0,3.0,109.26751,94.83813,3.0,4.0,1.0,100.0,1.0
66.68378,126.88943,4.0,23.784706,28.0,0.0,0.0,100.0,-7.0,7.0,8.0,32.0,7.0243697,52.542286,0.0,3.0,3.0,93.24697,93.962395,6.0,3.0,0.0,100.0,1.0
65.55687,82.19234,5.0,-9.0,6.0,0.0,0.0,100.0,-7.0,7.0,8.0,7.877058,4.0,67.01784,0.0,5.0,5.726023,40.3704,93.29175,2.0,2.0,2.0,83.0,1.0
-9.0,-9.0,-9.0,-9.0,-9.0,-9.0,-9.0,-9.0,-9.0,-9.0,-9.0,-9.0,-9.0,-9.0,-9.0,-9.0,-9.0,-9.0,-9.0,-9.0,-9.0,-9.0,-9.0,1.0
62.818336,-9.0,12.0,-9.0,-9.0,0.0,0.0,100.0,-7.0,7.0,8.0,3.9878223,0.0,99.50719,-8.0,0.0,0.0,0.0,96.39425,-9.0,2.0,0.0,50.0,1.0
69.0,222.02805,30.207394,80.0,9.0,0.0,0.0,88.49401,10.276228,5.3471727,6.0,10.382449,0.0,28.0,0.0,3.0,3.0,19.0,-8.0,3.0,1.0,0.0,80.0,1.0
66.0,165.8413,30.497694,85.59937,-9.0,4.062843,2.6554291,38.428905,46.074158,6.0,-0.891986,7.0,0.0,53.49333,0.0,5.0,4.768368,27.116032,-8.0,1.0,2.0,0.0,100.0,1.0
68.0,117.51009,10.0,43.643673,13.0,2.0,0.0,83.88049,16.842123,6.0,3.0,14.0,1.0,14.0,2.0,0.0,0.0,18.0,-8.0,2.0,1.0,0.0,43.0,1.0
66.0,125.57265,15.0,43.968018,7.0,0.0,0.0,100.0,-7.0,7.0,8.0,7.0,0.0,63.70301,0.0,0.0,0.0,119.995995,76.0,1.0,5.0,1.0,100.0,1.0
57.54808,162.50899,3.0,48.487167,23.0,3.0709593,2.259031,77.16364,21.447302,4.0,3.0195954,28.0,9.232723,40.0,0.0,2.0,2.0,89.29741,84.60678,5.0,7.547176,0.0,100.0,1.0
60.74006,212.65562,60.603592,113.00407,-5.9033103,4.202533,1.0,-9.0,1.7355565,0.8720877,2.0,12.350102,0.0,21.0,0.0,3.0,3.0,82.429985,34.342197,2.0,2.0,2.0,52.779854,1.0
62.0,126.63404,17.0,49.10241,23.0,0.0,0.0,100.0,-7.0,7.0,8.0,23.941202,1.0,76.73907,0.0,1.3877562,2.0,43.923782,84.02619,4.0,6.0,0.0,80.0,1.0
68.0,-9.0,11.4489,-9.0,6.0,0.0,0.0,100.0,-7.0,7.0,8.0,4.633608,1.0,53.743244,-7.0,3.0,3.0,52.205193,96.38936,2.0,4.0,0.0,87.64853,1.0
63.45385,-8.621679,5.0,24.0906,6.303435,3.0,2.0,79.073006,49.319405,6.0,5.9979124,7.4396787,2.0,81.739006,1.0,0.0,0.0,30.86614,76.0,1.0,2.0,0.0,89.692024,1.0
54.799236,109.879196,14.99,66.12707,13.0,0.0,0.0,79.95761,14.1059265,5.0,6.0,12.10659,0.0,24.0,0.0,0.0,0.0,93.21268,-8.0,6.0,1.0,2.682478,82.460655,1.0
-9.0,178.51064,8.0,81.37579,19.0,1.3921202,1.0,77.46763,-7.0,0.0,5.0,18.0,2.7065947,52.126522,8.0,0.0,0.0,89.35038,81.13054,6.0,3.0,1.0,100.0,1.0
62.802162,153.30788,3.0,34.582546,16.0,0.0,0.0,100.0,-7.0,7.0,8.0,16.0,2.0,55.98016,0.0,1.0,1.0,92.72865,91.78761,3.0,4.684509,1.0,100.0,1.0
62.0,-9.0,13.0,27.394238,15.0,0.0,0.0,100.0,-7.0,7.0,8.0,16.528114,0.0,35.0,0.0,4.0,4.0,68.77038,56.471283,6.0,2.0,2.0,67.0,1.0
0.104365624,-9.0,4.1085076,-9.0,-9.0,1.0,1.0,100.0,-7.0,7.0,8.0,3.4232173,3.0,50.0,-7.0,2.0,2.0,98.95362,-8.0,1.0,1.0,-9.0,80.0,1.0
60.404972,147.43538,7.0,37.19335,18.98823,3.7429566,0.0,85.54763,15.752042,4.0,5.0,23.0,3.0,52.9763,0.0,8.344106,8.948665,54.130238,-8.0,4.0,3.0,1.0,82.55999,1.0
56.375397,-0.8304404,11.402677,49.942863,23.885695,3.0,0.0,84.213,12.727814,4.0,4.6541862,23.0,0.0,65.50731,0.0,6.6500077,6.090655,29.114674,80.0,1.0,4.0,0.0,75.0,1.0
63.676006,139.13588,12.800415,86.099335,13.0,3.023595,3.2731209,92.0,-7.0,-9.0,6.0,13.0,1.0,19.638353,0.0,1.0,1.0,68.352745,-8.0,7.1394906,1.0,0.0,100.0,1.0
68.0,308.61,2.0,65.24699,20.0,0.0,0.0,88.88613,38.213585,6.0,6.0,28.0,4.0,29.0,13.7536125,0.0,0.0,58.223965,81.97989,5.0,2.0,0.0,80.0,1.0
61.602608,145.62508,2.0,57.946636,21.0,1.0,1.0,91.0,8.458018,-9.0,3.0,16.484634,2.0,36.0,0.0,13.167887,13.928932,54.23802,69.67264,5.0,4.0,3.0,78.408295,1.0
57.26165,11.430808,2.0,-9.0,15.0,0.0,0.0,100.0,-7.0,7.0,8.0,19.0,4.0,44.47919,1.0,1.0,1.0,40.991833,99.246506,4.0,2.0,1.0,60.0,1.0
-9.0,79.163284,3.0,36.387608,24.0,1.0,1.0,84.057304,-7.0,4.0,5.0,24.0,3.0,34.516552,0.0,2.0,1.1953075,91.48897,-8.0,8.0,2.0,2.0,80.0,1.0
57.73138,133.69574,7.0,54.389446,16.0,1.0,0.0,79.22477,24.637127,6.0,5.0,18.875088,2.0,33.0,0.0,2.0,2.0,40.90562,82.0,4.0,2.0,1.0,70.36892,1.0
66.0,151.35617,19.133167,66.14111,12.0,0.0,0.0,85.758896,10.931646,4.0,6.0,13.569487,0.0,72.65851,0.0,0.0,0.0,80.11338,-8.0,1.5845485,2.0,0.0,100.0,1.0
72.230125,132.6846,35.34126,64.39481,-9.0,0.0,0.0,70.85451,40.933277,6.0,6.0,-2.5904102,0.0,98.685905,0.0,4.0,3.4820547,1.8814986,-8.0,1.0,1.0,0.0,100.0,1.0
64.58444,78.36632,4.0,-6.3613544,8.269622,0.0,0.0,100.0,-7.0,7.0,8.0,9.37375,3.0,57.64557,4.0,0.0,0.0,59.787983,84.8238,4.0,4.0,0.0,80.0,1.0
61.388382,115.3759,8.0,23.015757,18.0,0.0,0.0,91.0,50.10092,6.0,6.0,18.148506,3.0,77.01638,0.0,3.0,3.0,75.507996,82.88328,4.0,4.0,7.024499,91.99899,1.0
-9.0,107.74954,9.0,20.045921,18.0,0.0,0.0,92.0,6.7519054,4.0,6.0,17.0,2.0,32.951633,0.0,6.477222,6.495851,82.78175,48.322628,6.0,4.0,4.590783,78.524536,1.0
77.0,118.79539,11.909113,36.481537,10.0,0.0,0.0,82.62079,16.79862,6.0,6.0,10.0,0.0,77.90551,1.0,0.0,0.0,-0.58057386,-8.0,0.0,2.0,0.0,70.0,1.0
-9.0,-9.0,13.777811,-9.0,4.076275,0.0,0.0,100.0,-7.0,7.0,8.0,4.9833302,1.0,50.0,0.0,0.0,0.0,96.86862,71.0,3.0,1.0,7.2670927,77.19035,1.0
63.730427,-9.0,2.0,-9.0,-3.057285,0.0,0.0,100.0,-7.0,7.0,8.0,-0.7798243,6.0,37.0,0.0,1.0,1.0,20.880411,100.0,4.0,2.0,0.0,80.0,1.0
61.181282,160.53531,31.67833,83.0,2.6016402,1.0,0.0,76.88318,5.329619,6.0,5.0,5.8713417,0.0,32.639565,2.0,4.0,4.0,118.11147,-8.0,3.0,1.0,2.0,100.0,1.0
65.17495,156.97066,8.0,52.08548,9.0,2.0,2.0,100.0,-7.0,7.0,8.0,7.79613,1.0,33.0,2.0,1.0,1.0,18.672474,-8.0,2.0,1.0,0.0,50.0,1.0
54.303787,147.96646,6.0,51.260273,7.5441227,1.0,0.0,65.848816,5.8854966,3.0,4.7893,7.971504,5.0,13.174813,5.9458513,0.0,0.0,71.917946,-8.0,4.0,1.0,1.0,83.0,1.0
69.0,158.69395,7.241825,55.05204,21.0,0.0,0.0,100.0,-7.0,7.0,8.0,29.0,4.0062904,19.960241,0.0,6.651132,6.3909855,34.212788,57.18215,5.0,2.0,1.0,61.90857,1.0
58.07535,153.76323,-9.0,42.156925,27.0,1.0,1.0,100.0,-7.0,7.0,8.0,31.0,10.588514,31.0,0.0,1.0,1.0,68.77832,53.86473,7.5061126,6.730375,1.0,83.0,1.0
66.64942,144.11514,19.953209,62.85756,6.2094917,0.0,0.0,92.0,22.22584,6.0,6.0,7.0,0.0,43.03132,0.0,0.0,0.0,99.7185,-8.0,2.0,1.0,0.0,100.0,1.0
60.97284,79.56386,1.0,12.548041,14.284877,0.0,0.0,100.0,-7.0,7.0,8.0,16.0,4.0,50.0,0.0,2.0,2.941945,64.15463,65.832306,3.0,5.0,2.0,78.0,1.0
71.0,99.98851,4.0,58.72696,25.0,0.0,0.0,100.0,-7.0,7.0,8.0,24.100769,2.0,31.0,0.0,4.0,4.0,13.922791,62.593815,4.0,4.0,1.0,56.0,1.0
61.27016,257.55957,8.0,77.16385,36.05441,1.0,1.0,82.48198,6.0,3.0,3.0,44.370594,2.0,50.0,1.0,4.0,4.0,56.69264,80.11249,6.0,5.2996154,2.0,86.0,1.0
60.40443,172.61908,10.635954,48.683918,20.0,0.0,0.0,100.0,-7.0,7.0,8.0,19.0,0.0,10.931749,2.2613423,0.0,0.0,109.61147,89.712204,8.0,2.0,7.5532784,91.76999,1.0
69.0,96.55906,20.269146,60.068314,13.0,1.256244,0.0,77.944046,29.63082,6.0,5.0,13.0,0.0,33.0,0.0,0.0,0.0,19.0,88.615265,2.0,4.0,0.5366699,60.0,1.0
-9.0,124.18228,21.121342,51.24996,3.0557117,4.360387,0.0,-9.0,6.4793158,6.0,2.3919358,4.0818086,0.0,67.57362,0.0,1.0,0.40102297,79.302505,10.933038,2.0,1.0,0.0,82.39652,1.0
-9.0,157.453,6.0,58.0,13.0,3.6721723,1.0,69.97917,36.350197,6.0,2.0,14.0,2.0,83.21932,0.0,0.0,0.0,44.805443,58.6459,3.0,4.0,-8.0,100.0,1.0
63.749416,-8.0,4.0,6.4254646,21.0,0.0,0.0,100.0,-7.0,7.0,8.0,24.0,4.5043077,68.25748,0.0,0.0,0.0,69.71272,96.51026,4.0,5.8104014,1.0,83.0,1.0
-9.0,-9.0,-9.0,-9.0,-9.0,-9.0,-9.0,-9.0,-9.0,-9.0,-9.0,-9.0,-9.0,-9.0,-9.0,-9.0,-9.0,-9.0,-9.0,-9.0,-9.0,-9.0,-9.0,1.0
45.030983,139.40681,3.840002,6.968655,3.5373745,1.0,0.0,84.024124,23.142021,4.0,5.0,7.0,3.0,63.19591,0.0,1.0,1.1752211,79.09425,69.00514,1.2752763,3.0,0.0,100.0,1.0
62.94552,139.64719,2.0,23.66827,34.0,0.0,0.0,98.0,44.84424,5.980889,6.0,40.110973,10.547231,29.752382,1.0,1.0,1.0,36.0,96.29509,9.827738,3.0,1.0,66.33929,1.0
68.0,125.314896,13.0,33.59639,8.478486,1.0,1.0,89.745674,24.528429,6.0,3.0,9.809018,0.0,17.594423,0.0,0.0,0.0,66.238365,63.39001,4.0,1.0,2.0,83.07494,1.0
61.907055,135.50204,16.363628,76.0,14.0,1.0,0.0,79.48043,17.146984,4.0,5.0,15.0,0.0,42.0,-3.0517666,3.0,2.832183,119.751785,62.780365,3.0,3.0,2.0,83.0,1.0
75.0,131.37804,2.0,-9.0,9.523951,0.0,0.0,100.0,-7.0,7.0,8.0,11.0,5.0,75.5031,0.0,3.0,3.0,0.0,90.1419,1.0,3.0,0.0,56.0,1.0
69.640495,125.246376,21.532497,53.294403,-9.0,0.0,0.0,63.49884,41.992813,6.0,6.0,3.9851778,0.0,70.8077,0.0,1.0,1.0,25.0,-8.0,1.0,1.0,0.0,88.790276,1.0
62.0,219.28214,8.0,72.67867,9.872634,0.0,0.0,89.0,29.014893,6.0,6.0,9.0,1.0,56.72571,0.0,0.0,0.0,117.08258,84.038,2.0,2.0,2.1414943,70.0,1.0
59.957977,204.66742,2.0,83.09105,27.0,1.0,0.0,96.0,32.246933,5.0,2.0,34.221756,4.0,6.462344,1.0,1.0,1.0,51.90258,-8.0,21.64655,1.0,9.358919,70.0,1.0
68.0,23.059275,4.0,-9.0,-9.0,0.0,0.0,100.0,-7.0,7.0,8.0,3.9921482,2.0,30.0,-7.0,0.0,0.0,67.80135,80.87111,3.0,2.0,0.0,70.0,1.0
63.0,151.74748,66.439095,108.18852,6.9036436,2.0,0.0,69.03125,2.1597772,3.7898371,6.0,11.275214,0.0,46.107594,-7.0,0.0,0.0,69.60069,-8.0,2.0,2.0,2.5349724,100.0,1.0
62.0,333.5521,18.88072,75.0,18.0,1.0,0.0,83.49229,15.382369,6.0,5.0,21.67348,0.0,66.959946,0.0,2.0,2.0,113.93278,-8.0,2.0,4.0,2.0326102,85.52139,1.0
-9.0,-9.0,-9.0,-9.0,-9.0,-9.0,-9.0,-9.0,-9.0,-9.0,-9.0,-9.0,-9.0,-9.0,-9.0,-9.0,-9.0,-9.0,-9.0,-9.0,-9.0,-9.0,-9.0,1.0
76.46682,175.60924,15.0,88.03129,11.0,0.0,0.0,100.0,-7.0,7.0,8.0,10.925946,0.0,26.15128,-7.0,1.0,1.0,36.411495,-8.0,2.0,1.0,0.0,50.0,1.0
74.0,147.1553,3.0,19.009161,6.3726335,0.0,0.0,100.0,-7.0,7.0,8.0,8.0,2.0,76.46363,0.0,3.0,3.7399328,0.0,72.82365,0.0,3.0,0.0,60.0,1.0
65.0,89.30126,2.0,0.19313864,39.578217,0.0,0.0,100.0,-7.0,7.0,8.0,53.695866,10.520436,77.46565,-8.0,2.0,2.0,30.8092,49.243347,4.0,4.0,0.0,83.0,1.0
55.63664,-9.0,16.40442,35.885258,-9.0,0.0,0.0,74.16305,47.0857,7.0,6.0,4.614706,0.0,99.98605,-7.0,2.0,1.0,1.0,59.46197,0.21180376,1.0,0.0,72.408844,1.0
62.475773,120.10045,6.0,44.451313,19.0,0.0,0.0,100.0,-7.0,7.0,8.0,20.0,3.0,50.0,0.0,4.0,4.0,70.997734,98.563416,5.0,2.0,1.0,100.0,1.0
56.512955,125.50762,4.0,45.240997,12.0,0.0,0.0,95.0,66.24924,6.0,5.25983,13.0,5.8594856,31.0,0.0,5.7313876,5.641724,85.735535,-8.0,6.0,1.0,4.583494,91.778076,1.0
-9.0,170.27606,15.929664,61.0,22.0,0.0,0.0,83.836006,6.421308,4.0,6.0,23.0,0.0,-9.0,3.1098998,0.0,0.0,81.03075,41.42167,25.68754,3.0,8.173064,83.0,1.0
63.0,204.69077,10.0,87.47834,23.0,0.0,0.0,89.02348,5.1534934,6.0,6.0,27.0,1.0,51.65119,3.0,0.0,0.0,81.22882,77.72051,2.0,3.0,1.0,80.0,1.0
61.54306,211.26465,7.0,74.0,14.0,0.0,0.0,84.634796,38.026627,6.0,5.0,18.0,3.0,24.0,3.231145,0.0,0.0,85.186386,75.440834,7.0,2.0,2.0,80.0,1.0
-9.0,105.21413,6.0,-9.0,9.111862,2.0,0.0,81.98785,26.351496,6.0,4.0,8.0,3.0,96.24834,-8.0,1.0,1.0,51.843792,95.14631,2.0,6.0,0.0,87.17563,1.0
41.81213,99.56253,8.0,24.78189,27.0,0.0,0.0,96.0,2.0,5.948856,6.0,25.662777,3.0,37.0,0.0,3.7962458,3.0,1.0,35.673374,2.0,2.4744,0.0,33.0,1.0
56.507843,174.65912,19.59817,91.56188,5.4913664,0.0,0.0,75.08984,23.867733,6.0,6.0,7.0,0.0,43.0,0.0,4.0,4.0,119.036255,-8.0,2.0,0.38565582,3.0,100.0,1.0
-9.0,-9.0,1.0,-9.0,10.0,0.0,0.0,100.0,-7.0,7.0,8.0,9.0,9.60545,91.66396,0.0,5.2414603,5.183823,73.55761,93.0,3.0,6.372655,1.0,88.0,1.0
73.0,113.541794,15.192619,52.31062,29.27261,0.0,0.0,100.0,-7.0,7.0,8.0,47.187096,0.0,44.34029,0.0,2.0,2.0,55.946434,18.21161,4.0,3.0,0.0,87.44567,1.0
76.82522,173.96007,13.0,78.820595,6.0,0.0,0.0,100.0,-7.0,7.0,8.0,10.0,0.0,36.0,0.0,1.0,1.0,5.217682,62.73619,1.0,2.0,0.0,67.0,1.0
68.9388,126.31368,12.004176,65.5441,13.0,1.0,0.0,86.74356,36.960476,6.0,5.0,9.0,1.0,68.46715,-7.0,0.0,0.0,0.0,85.2781,1.0,2.0,0.0,56.0,1.0
31.956797,150.65971,-9.0,75.335846,9.0,0.0,0.0,100.0,-7.0,7.0,8.0,9.711172,1.0,25.0,-7.0,6.0748363,6.587639,118.765816,68.25766,4.0,2.0,9.855595,80.0,1.0
62.634953,125.301956,3.93911,41.289494,9.916986,2.0,0.0,68.98502,27.650307,6.0,2.0,9.0,7.9760485,62.019608,2.0,1.0,1.0,59.66706,100.0,2.0,3.0,0.0,78.0,1.0
70.0,155.0936,19.39329,69.88247,6.361724,0.0,0.0,86.48887,-7.0,0.0,6.0,9.0,0.0,54.704666,0.0,3.0,2.0,1.0,-8.0,1.0,1.0,0.0,80.68075,1.0
68.0,191.61426,17.0,81.0,8.80532,2.0,1.0,80.98024,35.12462,6.0,5.0,11.0,0.0,92.59192,-7.0,0.0,0.0,47.287434,73.24257,-8.016434,2.0,0.0,64.0,1.0
56.93884,108.31768,6.0,32.787987,18.0,0.8488392,0.0,80.91008,24.175064,6.0,5.0,20.0,2.7157524,29.0,-7.0,1.0,1.0,100.52182,-8.0,9.216391,1.0,2.0,100.0,1.0
-9.0,1.6918545,4.0,-9.0,-9.0,2.0,2.0,83.766594,-7.0,-9.0,6.0,1.4507532,2.0,75.22092,0.0,1.0,1.0,1.1341834,145.5643,1.0,2.0,0.0,85.158516,1.0
61.13651,114.85965,3.0,43.72429,13.686769,0.0,0.0,100.0,-7.0,7.0,8.0,13.0,3.0,54.945198,0.0,1.0,2.0,88.29635,98.65689,5.0,3.0,5.0472116,100.0,1.0
58.359898,-9.0,1.0,-9.0,3.7794325,1.0,1.0,100.0,-7.0,4.0,8.0,7.1827354,9.8244095,29.0,-7.0,5.860688,6.2739086,70.568794,77.17232,4.0,2.0,0.0,91.5542,1.0
63.0,-9.0,6.0,36.82563,21.0,0.0,0.0,96.66946,6.0,4.0,6.0,19.30319,4.0,46.0,2.440782,0.0,0.0,42.21395,96.2679,4.2794566,3.0,0.0,75.0,1.0
-9.0,143.62393,12.0,62.978573,23.360939,3.5508611,2.9982464,80.88501,-7.0,-9.0,4.0,26.0,1.0,37.0,0.0,3.0,3.0,93.93074,39.30376,4.0,3.0,1.0,83.0,1.0
66.0,158.31319,3.0,79.76436,33.0,8.646482,8.935465,90.15094,21.506063,2.1031578,4.010887,39.88017,3.0,44.0,1.0,1.0,1.0,13.0,-8.0,9.195788,1.0,0.0,60.0,1.0
62.03783,83.53711,3.0,-1.5585673,13.166526,0.0,0.0,100.0,-7.0,7.0,8.0,16.0,5.0,36.955475,0.0,4.982236,5.0,8.0,-8.0,2.0,3.0,0.0,67.0,1.0
67.0,96.41269,-9.0,38.069706,22.927937,0.0,0.0,100.0,-7.0,7.0,8.0,26.0,4.0,61.847393,0.0,4.0,4.587642,53.701546,100.0,3.0,4.0,1.0,71.0,1.0
74.0,196.2941,6.0,55.93859,-9.0,0.0,0.0,100.0,-7.0,7.0,8.0,3.1201348,2.0,74.57853,6.0,0.0,0.0,85.54042,-8.0,1.0,1.0,1.0,80.0,1.0
59.640873,109.163536,4.0,28.440886,25.0,0.0,0.0,100.0,-7.0,7.0,8.0,22.010254,9.80283,-9.0,7.0,0.0,0.0,72.11695,-8.0,5.0,2.0,4.0052056,35.396088,1.0
67.0,80.4072,10.0,49.29607,14.198334,1.0,1.0,89.0,46.98889,6.0,2.596715,14.0,0.0,36.67796,0.0,0.0,0.0,113.95471,68.67388,2.0,2.0,0.0,100.0,1.0
70.0,152.94751,8.0,37.26777,6.0,0.0,0.0,100.0,-7.0,7.0,8.0,7.0,2.0,30.89128,0.0,1.0,1.0,62.775772,-8.0,2.0,1.0,1.0,75.0,1.0
55.955444,-9.0,5.0,-9.0,-9.0,0.0,0.0,100.0,-7.0,7.0,8.0,0.79877675,5.0,75.809265,0.0,1.0,1.0,91.58314,31.879612,1.0,3.0,0.0,100.0,1.0
55.88582,94.108864,8.0,51.737297,-0.70883167,1.0,1.0,77.52076,8.651958,6.0,4.0,7.0,0.0,33.0,0.0,2.0,1.5074625,92.13269,38.27683,2.0,1.0,1.0,64.36138,1.0
60.74031,135.79851,9.256366,58.0,13.0,0.0,0.0,80.95572,3.6828952,6.0,6.0,14.0,0.0,40.61012,4.0,0.0,0.0,72.82801,-8.0,3.0,2.0,2.0,80.0,1.0
-9.0,-9.0,0.48465678,-9.0,-9.0,-9.0,-9.0,-9.0,-9.0,-9.0,-5.2388077,-9.0,-9.0,18.716452,-9.0,0.0,0.0,-9.0,-8.0,-9.0,-9.0,-9.0,-9.0,1.0
57.98437,-9.0,5.872356,-9.0,5.2503734,2.4726646,2.2734592,100.0,-7.0,7.0,8.0,3.497173,1.0,73.880844,0.0,0.0,0.0,91.29145,-8.0,1.3714017,1.0,0.0,90.436935,1.0
71.0,10.328259,10.0,42.712112,27.0,0.0,0.0,100.0,-7.0,7.0,8.0,24.0,2.0,67.496826,-8.0,1.0,1.0,68.87297,22.944841,3.0,5.0,1.0,91.83475,1.0
58.68586,-8.83017,3.8748994,-9.0,16.805294,0.0,0.0,100.0,-7.0,7.0,8.0,19.0,2.0,12.523599,0.0,1.0,1.0,53.338043,-8.0,9.0,1.0,2.0,63.0,1.0
63.98281,-8.0,20.696499,-9.0,6.5162296,0.0,0.0,100.0,-7.0,7.0,8.0,7.365429,0.0,47.188362,-8.0,0.0,0.0,94.33288,71.0,4.0,2.0,3.0706663,100.0,1.0
66.0,95.700714,2.0,50.288372,29.018122,3.0,0.0,89.0,0.76404935,0.99584675,5.0,33.72443,4.0,62.825043,2.0,0.0,0.0,43.894432,92.20705,5.0,7.9043365,1.0,100.0,1.0
60.63335,191.42947,20.308758,65.52357,32.0,1.0,0.0,85.330444,8.558912,6.0,4.0,39.814182,0.0,38.0,0.0,2.0,2.0,93.02974,-8.0,11.660461,4.0,9.18153,89.81324,1.0
71.0,165.16924,30.99523,53.117744,3.5849745,0.0,0.0,100.0,-7.0,7.0,8.0,4.093479,0.0,98.948616,0.0,4.0,4.1996346,-8.953399,-8.0,0.0,-9.0,0.0,29.01445,1.0
69.0,360.61932,14.278169,114.67763,20.843376,2.0,1.0,86.15294,3.2917328,-9.0,6.0,32.28417,0.0,80.64999,2.5945573,1.0,0.0,15.0,-8.0,3.0,3.0,0.0,90.091156,1.0
63.05343,212.69861,40.08852,87.48668,7.686121,0.0,0.0,87.90223,2.0,-9.0,6.0,8.563931,0.0,47.0,2.0,2.0,1.0166136,78.29475,-8.0,2.0,1.0,2.0,100.0,1.0
54.24237,81.27623,27.578398,33.224174,4.981127,1.7919468,0.0,46.713985,5.669278,4.445234,4.520573,9.0,0.0,90.81344,0.0,0.0,0.0,59.063053,-8.0,1.0,1.1625545,-6.971032,91.26059,1.0
64.95403,126.22273,2.0,41.45992,11.0,1.0,0.0,94.0,45.855785,4.0,5.0,11.0,7.2151356,19.0,0.0,1.0,1.0,34.381905,69.35015,3.0,1.0,1.0,67.0,1.0
64.2448,189.37161,2.0,47.136982,35.681503,2.0,0.0,100.0,38.85254,6.0,3.0,43.53985,6.0,63.241238,0.0,1.0,1.0,76.376945,52.130543,9.0,4.2506404,4.382577,90.29439,1.0
55.37302,185.10402,5.0,71.82732,22.49495,0.0,0.0,88.56174,5.576625,4.0,5.0481935,23.0,2.0,36.0,0.0,2.0,2.0,61.778515,-8.0,6.0,2.0,2.0,80.40396,1.0
54.960537,253.90707,4.0,69.15291,17.0,2.0,1.0,72.85325,-7.0,4.0,4.0,18.0,2.0,71.503494,-7.0,0.0,0.0,84.254845,-4.9282,3.0,5.0,1.0,100.0,1.0
62.0,-9.0,7.0,-9.0,5.1408815,0.0,0.0,100.0,-7.0,7.0,8.0,3.993567,2.0,65.573555,-8.0,4.0,4.0,31.74191,99.9613,2.0,2.0,0.0,75.0,1.0
66.0,139.85468,22.385101,72.0,6.8311286,1.0,1.0,68.72116,4.0892487,4.0,4.4380794,7.555915,0.0,33.0,0.0,0.0,0.0,73.72225,-8.0,3.0,2.0,0.0,80.0,1.0
73.0,89.81635,2.0,42.684513,20.18735,0.0,0.0,100.0,-7.0,7.0,8.0,24.0,3.0,33.0,0.0,4.0,3.7403166,6.0,100.0,2.0,2.0,0.0,25.0,1.0
66.0,159.72534,3.0,61.777817,30.0,2.0,0.0,93.0,22.298536,6.0,2.0,32.0,9.561676,36.0,0.0,5.0,5.0,34.790043,66.82333,11.289309,6.0,1.0,83.0,1.0
69.623375,167.86125,13.567186,53.92057,21.0,0.0,0.0,88.482704,24.366167,6.0,6.0,31.0,0.0,75.85703,-8.0,2.0,1.0,69.83026,66.922874,3.0,5.0767503,0.0,80.0,1.0
56.636784,93.30695,5.408759,56.54994,25.053894,0.0,0.0,86.523964,2.9289017,6.0,6.0,26.590181,0.0,14.252356,0.0,2.0,2.0,85.87925,-8.0,8.0,2.0,4.0,100.0,1.0
68.0,182.973,24.937923,73.043236,12.062755,0.0,0.0,82.02804,8.776563,4.499516,6.0,11.580007,0.0,43.0,0.0,11.374661,10.945617,10.930801,-8.0,2.0,2.0,0.0,75.0,1.0
68.68948,73.858154,1.0,-9.0,-9.0,0.0,0.0,100.0,-7.0,7.0,8.0,9.755811,2.0,26.0,-7.0,0.0,0.0,64.08454,-8.0,2.0,1.0,0.0,57.0,1.0
69.0,53.23753,9.0,29.538057,10.0,0.0,0.0,100.0,-7.0,7.0,8.0,8.0,1.0,61.333927,-2.2010865,0.0,0.0,78.29762,-8.0,3.0,1.0,1.0,100.0,1.0
66.0,100.90847,2.0,49.677635,19.0,3.0,1.0,83.61793,21.246147,6.0,5.0,21.0,2.0,53.482956,1.0,2.0,1.878294,21.0,84.65255,2.0,3.0,0.0,70.0,1.0
-9.0,134.5089,3.0,-9.0,-9.0,0.0,0.0,100.0,-7.0,7.0,8.0,3.0014567,3.0,71.22274,0.0,1.0,1.0,119.06019,95.32235,1.0,2.0,0.0,85.81551,1.0
67.0,73.57264,3.0,-9.0,11.64619,0.0,0.0,100.0,-7.0,7.0,8.0,14.529765,4.0,25.4146,0.0,1.0,1.0,47.82766,-8.0,5.0,1.0,1.0,75.0,1.0
58.027786,100.69058,10.0,32.581554,15.0,0.0,0.0,94.0,-7.0,2.4687457,4.0,18.996172,2.0,25.0,1.0,1.0,1.0,91.42596,48.910885,5.0,2.0,2.0,100.0,1.0
59.68517,89.253685,1.0,-9.0,9.627064,0.0,0.0,100.0,-7.0,7.0,8.0,12.69904,6.0,18.0,0.0,2.0,2.0,56.615112,120.50258,8.434338,3.0,0.0,100.0,1.0
59.89572,152.10562,2.9498658,68.84541,22.0,3.0,0.0,83.257416,6.0,4.0,2.0,23.0,5.560418,24.0,2.2062585,0.0,0.0,22.967876,65.093735,9.165242,1.0,1.0,63.0,1.0
58.53157,126.87694,8.0,61.0,19.0,1.0,0.0,88.0,5.67035,4.0,5.0,20.42763,1.0,38.79626,2.0,1.0,1.0,66.61344,-8.0,6.0,5.0,1.3450762,85.805466,1.0
70.70977,205.1968,20.0,58.004147,13.0,0.0,0.0,100.0,-7.0,7.0,8.0,15.0,0.0,96.4464,0.0,0.0,0.0,76.69614,66.811325,1.0,2.0,-9.0,88.0,1.0
66.0,29.519524,6.6692524,-9.0,-4.309883,0.0,0.0,100.0,-7.0,7.0,8.0,6.4370856,3.0,7.099335,1.0,0.0,0.0,86.75349,-8.0,3.0,1.0,2.0,67.0,1.0
71.0,171.6064,74.30374,110.61391,7.7443604,0.0,0.0,88.24775,2.551332,4.0,6.0,10.0,0.0,13.0,-7.0,0.0,0.0,59.738438,-8.0,3.4960825,1.0,0.0,83.0,1.0
68.0,152.39427,13.127186,62.121334,-9.0,1.0,0.0,75.06649,28.038448,6.0,4.0,0.12598625,1.0,17.0,4.3956976,0.0,0.0,97.47809,53.339615,3.0,1.0,0.0,100.0,1.0
64.6532,81.397835,2.0,31.754194,26.0,0.0,0.0,100.0,-7.0,7.0,8.0,31.0,6.0,25.0,0.0,2.0,2.0,45.799583,84.00167,5.239916,7.864816,3.0,70.0,1.0
65.0,-9.0,3.0,-9.0,-9.0,0.0,0.0,100.0,-7.0,7.0,8.0,1.6439499,2.0,66.56011,0.0,2.0,1.0,93.66493,81.077446,1.0,2.0,0.0,61.320045,1.0
35.901188,233.57085,31.164824,126.05155,4.312884,0.0,0.0,11.879442,5.2961054,1.6555756,6.0,10.0,0.0,-9.0,-7.0,0.0,0.0,92.25132,-8.0,4.0,1.0,4.0,100.0,1.0
58.334053,77.49941,16.904436,68.242966,6.1875095,2.0,1.0,73.77588,16.28963,6.0,2.750503,8.608648,0.0,12.640723,0.0,1.0,1.0,75.33872,-8.0,5.8547955,-9.0,2.0,78.0,1.0
57.807957,167.2984,31.051636,81.0,-9.0,0.0,0.0,71.474266,6.0,4.0,6.0,-9.0,0.0,42.0,0.0,3.2543259,3.0,117.52727,-8.0,2.0,1.0,4.9968166,100.0,1.0
56.263123,76.914276,3.0,25.296106,37.37611,0.0,0.0,100.0,-7.0,7.0,8.0,45.173862,7.1985416,54.927017,0.0,2.0,2.0,83.8478,94.007805,7.0,7.973995,2.7540038,78.0,1.0
59.350388,125.93538,8.0,60.705696,21.130022,1.0,0.0,89.65995,7.5574045,4.0,6.0,15.0,3.0,21.0,1.0,5.0,4.842881,47.173885,99.05956,3.0,2.0,1.0,57.0,1.0
63.0,67.46247,4.0,26.208424,21.722425,1.0,0.0,89.22103,24.485998,6.0,5.0,21.0,5.0,46.421524,7.0,0.0,0.0,49.800117,79.84309,5.9004884,6.0,1.0,100.0,1.0
72.0,182.3838,7.4284086,73.0442,15.0,0.0,0.0,100.0,-7.0,6.0,8.0,15.129316,1.0,66.55962,0.0,1.0,1.0,56.63121,52.854527,2.0,2.0,0.0,80.0,1.0
-9.0,-9.0,8.0,28.581198,6.312621,3.5025222,3.2366087,68.498085,3.0,4.0,2.0,9.0,0.0,97.4881,-7.0,0.0,0.0,101.93816,91.0,1.0,3.0,0.0,100.0,1.0
63.0,-8.318997,2.0,-9.0,14.0,0.0,0.0,100.0,-7.0,7.0,8.0,13.543771,6.0718393,27.0,0.73671675,1.0,1.0,28.0,5.6633844,6.0,3.0,1.0,74.93188,1.0
66.0,-8.0,14.0,79.0,6.0,0.0,0.0,100.0,-7.0,7.0,8.0,4.9189177,0.0,17.0,6.507885,0.0,0.0,119.85719,-8.0,5.0,1.0,3.0,100.0,1.0
73.0,107.18204,8.0,45.68127,18.0,1.0,0.0,89.0,15.693833,6.0,6.0,15.0,2.0,46.237545,7.8805523,0.0,0.0,0.0,58.165092,2.0,2.0,0.0,37.261517,1.0
68.0,152.10663,41.850765,60.09385,4.395965,0.0,0.0,93.0,4.0,6.0,6.0,7.6147933,0.0,38.0,0.0,8.633502,10.661424,55.912224,-8.0,1.0,1.0,1.0,88.0,1.0
67.0,229.49098,5.0,61.0,20.0,3.4083712,2.0,70.764366,17.485434,6.0,2.0,26.0,4.0,64.01916,0.0,1.0,0.0,6.0,71.0879,2.0,3.0,0.0,50.0,1.0
59.437675,47.784195,24.187843,58.0,16.0,0.0,0.0,92.48661,4.0,4.0,5.9736614,15.0,0.0,21.0,0.0,0.0,0.0,80.247444,-8.0,9.0,1.0,5.476408,75.0,1.0
22.085882,150.76346,1.0,39.741817,20.0,0.0,0.0,100.0,-7.0,7.0,8.0,19.0,8.633545,40.0,0.0,2.0,2.0,82.195915,80.08313,4.0,5.0,4.737379,80.0,1.0
68.0,173.10503,9.0,53.269352,24.365343,0.0,0.0,100.0,-7.0,7.0,8.0,36.2761,1.0,13.709248,0.0,1.0,1.0,26.09156,-8.0,4.0,2.0,0.0,58.70201,1.0
63.478348,19.459898,2.0,50.065,16.0,1.4502826,0.0,79.13741,25.19207,6.0,4.0,18.0,1.0,33.0,0.0,3.0,3.0,59.973335,-8.0,6.0,3.0,0.0,75.0,1.0
62.0,132.18562,35.28669,67.80427,3.3658159,0.0,0.0,67.13651,6.36257,4.0,6.0,8.484598,0.0,62.94476,0.0,2.0,1.0,107.07675,-8.0,1.0,1.0,2.0,100.0,1.0
64.42366,108.24829,3.0106664,39.782127,6.0,0.0,0.0,100.0,-7.0,7.0,8.0,5.0315776,3.0,38.0,-6.72194,3.0,2.8338983,69.94511,59.049763,2.0,3.0,1.0,75.0,1.0
64.0,131.2787,5.0,61.0,9.0,1.0,1.0,88.0,3.0,6.0,2.0,9.0,0.0,20.0,1.0,1.0,1.0,77.6152,-8.0,2.0,1.0,1.0,55.19799,1.0
66.0,54.894917,2.0,-9.0,-9.0,0.0,0.0,100.0,-7.0,7.0,8.0,7.418481,4.0,-9.0,0.0,0.0,0.0,65.03381,25.227016,3.0,1.0,0.0,69.11217,1.0
56.162807,-8.0,7.0,-9.0,12.083241,0.0,0.0,90.0,5.8054724,4.0,6.0,15.0,6.0,39.96325,0.0,1.0,1.0,33.176464,96.203415,5.0,2.0,0.0,73.83606,1.0
60.113968,160.749,4.0,55.046776,29.499155,0.0,0.0,100.0,-7.0,7.0,8.0,30.534412,5.0698614,34.21029,0.0,2.0,2.0,91.666695,98.84139,11.0,3.0,3.5406432,87.8927,1.0
61.136284,167.74088,8.0,49.30583,33.0,1.048797,0.0,84.889046,18.601883,6.0,4.0,40.64669,2.0,24.0,-7.0,0.0,0.0,76.62073,42.524166,9.0,2.0,1.0,100.0,1.0
57.212147,102.11969,35.046516,66.04137,-9.0,0.0,0.0,65.861595,7.6903195,6.0,6.0,2.8356962,0.0,99.99496,0.0,1.0,0.0,0.0,-8.0,-9.0,-8.547897,0.0,67.83693,1.0
65.0,-8.0,6.0,28.807947,8.0,1.0,1.0,100.0,-7.0,7.0,8.0,9.0,2.0,51.737583,-7.0,2.0,2.0,44.83738,74.54023,2.0,3.0,0.0,75.0,1.0
67.743065,155.16638,4.0,55.11604,21.0,0.0,0.0,95.0,42.63133,6.0,6.0,21.394361,2.0,27.0,0.0,3.0,2.0,28.12334,109.50986,6.0,6.055206,2.6189065,67.0,1.0
66.0,97.79322,2.0,27.5742,43.81428,9.078399,4.341676,88.06425,42.390175,6.0,5.0,47.603153,8.893342,49.229656,0.0,6.4132476,6.439235,50.898758,85.12188,3.0,15.263498,0.0,72.6818,1.0
62.989338,159.38712,2.0,46.044872,19.0,0.0,0.0,78.99947,8.732112,6.0,5.9936547,21.237219,3.0,33.0,0.0,1.0,1.6504507,32.0,95.34664,8.294014,3.0,0.0,78.53964,1.0
57.5714,-3.8759592,2.0,-9.0,-9.0,0.0,0.0,100.0,-7.0,7.0,8.0,8.393044,5.0,46.0,-7.823747,5.015967,5.0,0.007833122,86.96134,1.0,2.0,0.0,67.0,1.0
70.0,107.15563,3.0,42.063267,9.950068,2.0,2.0,78.92929,14.042473,6.0,3.0,11.0,4.0,54.586315,0.0,4.0,4.0,15.241085,-8.0,2.0,2.0,0.0,85.27263,1.0
75.0,189.37648,7.0,74.0,26.0,0.0,0.0,93.229996,48.750786,6.0,6.0,28.0,3.0,17.0,0.0,2.0,2.0,15.0,49.60652,6.0,4.0,1.0,57.0,1.0
60.930573,77.13931,5.0,11.924115,12.0,0.0,0.0,93.631065,-7.0,-4.7787566,6.0,10.0,3.1003382,95.8389,0.0,1.0,1.0,42.740025,90.17829,2.0,7.304909,0.0,100.0,1.0
56.89108,133.1635,22.624567,73.68006,3.3137321,1.0,1.0,81.61488,4.0,0.38970226,5.0,5.4677067,0.0,40.0,-7.0,3.0,3.0,48.58539,-8.0,1.0,1.0,-9.0,80.0,1.0
60.55568,204.78192,15.0,74.00925,14.0,3.0,0.0,68.093956,2.0,4.0,3.0,19.0,0.0,21.0,0.0,3.0,3.0,61.105812,-8.0,5.0,2.0,1.0,78.0,1.0
-9.0,142.6081,9.0,62.78591,16.0,0.0,0.0,83.41312,-7.0,-9.0,6.0,16.0,1.0,29.955265,0.0,1.0,1.0,111.692116,-8.0,7.0,1.8728609,8.809834,100.0,1.0
72.0,177.25443,16.931828,75.34308,20.0,0.0,0.0,90.88449,35.26227,6.0,6.0,24.0,0.0,68.40604,-7.0,1.0,1.0,46.574528,-8.0,4.0,2.0,0.0,100.0,1.0
59.701866,146.65236,11.0,58.0,6.0,1.362169,0.0,68.72415,7.154127,4.0,4.603671,4.722667,1.0,59.980385,0.0,5.931954,5.5328403,65.337036,-8.0,1.0,1.0,0.0,80.0,1.0
-9.0,77.26789,14.5243225,43.197853,29.0,0.0,0.0,91.0,51.892788,6.0,6.0,32.0,0.0,73.94476,0.0,4.1372223,4.0,119.386635,60.569763,5.7559485,3.0,9.807943,100.0,1.0
69.46827,156.7139,1.0,71.0,18.0,0.0,0.0,100.0,-7.0,7.0,8.0,21.575699,5.0,35.0,4.0,0.0,0.0,68.99724,91.0,4.0,2.0,1.0,68.78959,1.0
69.426605,140.76907,7.0,65.863304,7.0,0.0,0.0,100.0,-7.0,7.0,8.0,8.186786,1.0,65.82152,0.0,1.0,1.0,0.0,88.0,1.0,3.0,0.0,60.0,1.0
54.62849,168.27461,7.0,49.631943,28.43819,0.0,0.0,93.0,21.52044,4.0,6.0,27.0,3.0,29.0,0.0,0.0,0.0,84.60228,62.1921,6.0,6.367596,1.0,90.88366,1.0
67.0,126.09652,13.495048,38.722572,9.0,0.0,0.0,100.0,-7.0,7.0,8.0,5.379227,0.0,20.0,0.0,6.266691,5.8845677,89.06104,50.230927,2.0,1.0,0.0,100.0,1.0
66.0,46.32784,30.274893,68.0,6.2274017,0.0,0.0,89.0,27.8953,6.0,6.0,3.9799752,0.0,67.228195,-8.0,2.0,2.0,44.86114,-8.0,2.0,1.0,1.0,100.0,1.0
58.89283,136.4814,27.390234,67.0,5.299902,3.0,2.0,58.693398,2.697372,-9.0,5.0,7.0,0.0,99.756805,0.0,1.0,1.0,1.0,-8.0,1.0,1.0,0.0,100.0,1.0
-9.0,97.629005,-2.6000247,53.520115,27.0,8.149485,6.4658976,100.0,-7.0,6.0,8.0,32.98184,10.934222,33.0,-7.0,4.0,3.0674987,30.36392,84.91603,5.0,3.0,1.0,43.0,1.0
62.0,112.63937,3.0,0.95274085,35.21967,0.09600079,0.0,96.0,6.27303,4.0,6.0,34.893696,7.760069,14.0,1.0,1.0,1.0,28.32457,40.544964,10.220524,2.0,1.0,64.0,1.0
54.044765,52.42754,1.0,-9.0,14.0,0.0,0.0,100.0,-7.0,7.0,8.0,13.0,8.615398,13.0,0.0,2.0,2.0,49.501766,88.0,11.0,2.0,3.0,100.0,1.0
-9.0,224.74245,24.02587,80.54424,17.237932,0.0,0.0,65.62562,6.813546,1.1847585,6.0,20.0,0.0,30.0,-8.0,3.0,3.0,119.50217,89.54694,9.0,4.0,7.076717,100.0,1.0
60.972992,155.97786,15.0,61.610462,7.0,3.4710348,3.4265137,48.859962,13.253369,6.0,-9.0,8.4764385,0.0,24.0,0.0,2.0,2.0,107.39571,-8.0,3.0,1.0,1.0,100.0,1.0
54.373653,162.2228,2.0,23.24607,20.155464,2.0,0.0,78.42047,21.46564,6.0,5.0,21.708271,6.0,46.0,0.0,0.0,0.0,65.04018,58.434544,5.0,4.802823,2.7871459,77.22279,1.0
59.589165,262.19293,14.242889,90.00575,9.0,0.0,0.0,63.210396,3.3283484,-9.0,6.0,14.857926,0.0,77.06669,-7.0,0.0,0.0,109.83785,6.629989,1.0,1.0,1.0,100.0,1.0
59.334732,132.66312,3.0,39.801228,9.0,1.0,1.0,100.0,-7.0,7.0,8.0,9.562238,3.3667607,17.755674,0.0,5.0,4.245591,76.207664,85.60101,6.0,1.0,2.0,82.12531,1.0
63.677586,155.33987,3.7672744,56.33413,-9.0,0.0,0.0,73.6547,25.633749,6.0,6.0,0.7383675,1.0,38.0,0.0,2.0,2.0,119.694786,75.800766,1.0,2.0,-9.0,100.0,1.0
58.87062,39.80202,9.0,-9.0,7.0,0.0,0.0,100.0,-7.0,7.0,8.0,7.0,0.25574157,14.877773,2.0,2.0,2.0,117.046906,59.21863,5.0,2.0,9.019427,100.0,1.0
71.93303,131.93124,10.492746,-9.0,8.331105,0.0,0.0,76.17135,10.253287,6.0,6.0,14.398938,1.0,98.77382,0.0,2.0,1.0,0.0,18.642923,0.0,2.0,-8.0,48.033077,1.0
63.01887,177.3033,2.0,54.824303,7.6178207,0.0,0.0,93.0,17.89851,-1.911831,6.0,8.0,3.0,16.0,0.0,1.0,2.0,84.99396,72.898384,4.0,-8.0,1.0,100.0,1.0
-4.0517,146.28627,5.0,-9.0,17.0,0.0,0.0,96.0,-5.1625447,6.0,6.0,18.138079,7.104168,97.92422,3.0,0.0,0.0,87.502396,85.78597,2.0,5.0,1.0,97.704155,1.0
67.0,98.99356,22.61959,46.062714,17.0,0.0,0.0,91.738266,58.62936,6.0,6.0,20.0,0.0,33.0,0.0,1.0,1.0,56.800335,-8.0,7.0,2.0,2.0,99.923676,1.0
63.0,167.46877,3.0,85.37712,25.0,0.0,0.0,90.3596,11.411995,4.0,4.0,24.0,2.0,40.0,-7.0,1.0,1.3810616,119.75442,98.95705,4.0,7.2464557,4.0,100.0,1.0
67.94293,168.5238,5.0,23.869263,12.0,1.0,0.0,88.0,27.411093,6.0,5.0,9.97524,2.0,44.0,0.0,2.0,1.1369492,18.798632,71.98244,4.0,2.0,0.0,82.07136,1.0
54.425606,-8.474178,8.0,54.069485,8.0,2.7884207,3.1866026,90.43093,6.9056463,-9.0,6.0,9.845759,2.0,15.340782,0.0,1.8326808,1.6315973,66.59428,-8.0,4.0,-8.0,0.0,88.34991,1.0
65.0,214.09927,4.0,68.0,26.0,2.0,1.0,85.88224,34.05172,6.0,2.0,27.0,4.0,50.0,0.0,6.344502,6.749529,69.989,90.67748,3.0,12.801328,0.0,91.0974,1.0
66.0,85.336784,7.0,45.26568,15.0,0.0,0.0,90.0,32.70006,6.0,6.0,16.0,2.0,68.17632,0.0,1.0,1.0,25.0,31.919172,5.0,2.0,0.0,89.70632,1.0
-9.0,-9.0,-9.0,-9.0,-9.0,-9.0,-9.0,-9.0,-9.0,-9.0,-9.0,-9.0,-9.0,-9.0,-9.0,-9.0,-9.0,-9.0,-9.0,-9.0,-9.0,-9.0,-9.0,1.0
58.33344,184.94029,10.0,88.56621,12.0,0.0,0.0,89.829544,25.56239,6.0,6.0,15.0,2.0,28.0,2.1783035,2.0,2.0,76.82523,50.299805,4.0,2.0,1.0,86.0,1.0
-9.0,-9.0,-9.0,-9.0,-9.0,-9.0,-9.0,-9.0,-9.0,-9.0,-9.0,-9.0,-9.0,-9.0,-9.0,-9.0,-9.0,-9.0,-9.0,-9.0,-9.0,-9.0,-9.0,1.0
70.0,145.24734,4.0,48.37599,22.272917,0.0,0.0,100.0,-7.0,7.0,8.0,29.0,3.0,57.832623,0.0,1.8611068,1.0,46.260727,22.424885,3.0,3.0,1.0,54.010082,1.0
57.884247,91.502884,2.0,-9.0,12.0,0.0,0.0,100.0,-7.0,7.0,8.0,16.0,4.124583,21.0,1.146909,1.0,1.0,1.0,-8.0,3.0,1.0,1.0,57.0,1.0
66.0,167.22029,1.0,24.013731,7.0,0.0,0.0,100.0,-7.0,7.0,8.0,9.0,4.0,-7.327253,1.0,2.0,2.0,63.58901,-8.0,4.5260878,-8.0,1.0,67.0,1.0
66.81416,97.31485,1.0,65.66958,14.0,3.6772592,3.101253,81.45563,37.61791,6.0,4.0,15.0,3.0,14.0,1.0,2.0,2.0,47.63546,27.477955,2.0,2.0,1.1002499,50.0,1.0
63.77877,93.54766,3.0,38.194195,28.0,0.0,0.0,95.565796,14.924161,6.0,6.0,31.0,4.0,26.030651,-7.0,2.0,2.0,42.718983,49.97716,6.0,3.0,2.0,86.0,1.0
64.582985,104.560715,1.0,16.243624,14.0,1.0,0.0,83.98848,4.177784,6.0,4.0,17.0,5.0,42.0,0.0,1.0,1.7613183,16.0,100.0,3.0,4.0,0.0,67.0,1.0
59.01234,177.143,3.0,54.518745,12.0,3.0,2.2633102,69.04957,20.147772,5.9870067,5.0,12.0,4.0,85.33138,-7.0,1.0,1.0,51.040657,81.27534,1.0,7.442334,0.0,88.84747,1.0
62.957077,122.829895,30.598904,-2.2965388,5.1308694,0.0,0.0,100.0,-7.0,7.0,8.0,5.4234686,0.0,99.9986,-8.0,1.0,1.0,0.0,20.987057,0.0,2.0,-8.0,100.0,1.0
66.0,119.978546,15.0,45.779427,10.615586,0.0,0.0,100.0,-7.0,7.0,8.0,8.0,0.0,15.271293,3.0,1.0,1.0,56.790318,-8.0,4.0,1.0,1.0,80.0,1.0
68.0,89.88483,23.171362,58.0,-9.0,1.0,0.0,67.73626,21.717173,6.0,5.858887,8.169462,0.0,15.386245,-7.0,0.0,0.0,71.21724,-8.0,1.0,-8.0,0.0,51.773834,1.0
-9.0,205.84506,3.0,86.29331,21.0,2.0,1.2170885,61.2722,6.0,4.0,3.0,24.0,1.0,29.0,0.0,4.0,3.0,81.07324,78.36908,8.825729,2.0,6.380078,83.0,1.0
57.62986,173.64781,21.407604,114.43501,-9.0,4.582667,1.6892115,-9.0,21.243528,6.0,2.0,6.0156484,0.0,44.131035,0.0,2.0,1.8521582,17.0,5.716292,0.52562994,1.0,-3.6083083,37.61084,1.0
71.20499,59.860607,6.0,68.79538,16.0,1.0,1.0,93.0,29.357626,4.0,3.0,19.0,2.0,46.1253,7.0,0.0,0.0,19.0,-8.0,2.3378708,2.0,0.0,57.0,1.0
54.905964,108.184074,3.0,21.322754,35.728012,0.0,0.0,100.0,-7.0,7.0,8.0,41.02533,6.0,36.318317,2.0,5.0,4.0,94.83396,74.63314,10.58746,3.0,4.283257,100.0,1.0
63.63428,200.64124,17.39474,61.0,19.0,2.0,1.0,89.949394,12.234426,6.0,6.0,20.0,0.0,38.0,0.0,1.0,1.0,56.717926,-8.0,6.6432548,3.0,1.0,100.0,1.0
57.487545,-8.0,9.0,-9.0,5.909115,0.0,0.0,100.0,-7.0,7.0,8.0,5.714873,1.0,44.0,0.0,0.0,0.0,119.74323,-8.0,1.0,1.0,1.0,91.887825,1.0
70.0,156.05457,12.0,58.0,4.9135675,0.0,0.0,100.0,-7.0,7.0,8.0,4.707615,0.0,72.960724,-7.0,0.0,0.0,108.21876,76.009,1.0,2.0,0.0,83.0,1.0
64.435555,154.9481,28.443316,58.0,1.2065369,0.0,0.0,63.634052,22.999054,6.0,6.0,9.0,0.0,76.52655,-7.0,0.0,0.0,21.425077,-8.0,1.0,1.0,-9.0,100.0,1.0
64.70022,78.44375,-9.0,68.0,33.16588,0.0,0.0,97.0,23.114983,6.0,6.0,31.920189,3.0,63.03095,0.0,1.0,1.0,36.308304,67.55373,6.0,13.349134,2.0,89.56484,1.0
62.38683,97.46447,4.0,53.247456,23.0,0.0,0.0,100.0,-7.0,7.0,8.0,20.107088,3.0,29.792486,0.0,2.0,2.0,90.97717,71.8981,17.816072,5.0,9.153004,100.0,1.0
58.75238,132.3966,23.615541,57.303173,-9.0,0.0,0.0,78.852005,1.0,3.0,6.0,3.9866095,0.0,54.639423,8.384435,0.0,0.0,34.11171,66.72758,3.0,2.0,1.0,100.0,1.0
67.0,113.37281,2.0,-9.0,18.0,0.0,0.0,100.0,-7.0,7.0,8.0,25.909992,7.5515866,43.792305,-7.0,6.0675106,6.290287,43.83898,69.10525,9.0,4.0,1.0,80.0,1.0
61.287655,306.11108,145.75775,136.89273,12.0,1.0,0.0,75.39186,-7.0,3.0,5.3874893,13.0,0.0,13.243688,0.0,1.0,1.0,37.25118,-8.0,6.0,-8.0,0.0,80.0,1.0
60.908623,120.77607,3.0,51.746647,10.592172,1.0,1.0,90.0,67.88244,6.0,6.0,9.0,1.0,97.53742,0.0,3.0,3.0,68.83816,69.42409,1.0,13.95282,0.0,100.0,1.0
23.074785,142.90268,4.0355844,52.892414,9.340185,0.0,0.0,85.041695,19.343185,2.469201,6.0,9.0,1.0,65.683044,0.0,1.0,1.0,100.20568,40.111454,2.0,2.0,1.0,100.0,1.0
64.854996,62.219864,33.1395,62.9518,-9.0,0.0,0.0,69.2755,50.312103,6.0,5.0,0.48412186,0.0,71.787674,0.0,2.0,1.9104075,119.34965,-8.0,1.0,1.0,0.0,100.0,1.0
64.26274,210.19495,10.0,45.48727,12.0,4.148602,0.0,79.4139,9.028775,5.038788,3.0,15.0,1.0,95.45717,0.0,0.0,0.0,44.68438,63.90618,2.0,4.0,0.0,100.0,1.0
-9.0,70.78232,5.0,-1.329688,10.084133,1.0,0.0,76.02465,16.873709,5.0,5.0,15.0,3.0,57.387665,-7.0,2.5249233,2.0,118.82305,79.539185,5.0,3.0,3.0,100.0,1.0
62.909767,-9.0,1.0133827,-9.0,6.4089904,2.807869,1.8064516,83.59646,45.586082,6.0,2.1135883,3.9882028,3.0,54.647972,0.0,0.98011935,1.0,66.010704,50.307102,2.0,2.0,0.0,100.0,1.0
73.0,81.31522,24.606283,60.709953,17.0,0.0,0.0,93.0,70.022255,6.0,6.0,15.0,0.0,55.74221,0.0,1.0,1.0,24.034266,-8.0,2.0,1.0,0.0,43.0,1.0
44.99431,96.38539,11.382014,43.962795,4.2583604,2.0,0.0,23.668036,4.215295,6.0,2.0,5.3931327,0.0,92.29048,0.0,0.0,0.0,1.0,91.63164,1.0,2.0,0.0,100.0,1.0
74.0,166.4442,51.89813,61.0,-9.0,0.0,0.0,100.0,-7.0,7.0,8.0,5.8879943,0.0,100.0,0.0,1.5501211,1.0,-9.0,-8.0,-9.0,1.0,-9.0,88.0,1.0
-9.0,-4.557988,21.496443,38.11366,-0.12757102,9.428745,2.6296701,-9.0,29.618893,6.0,-0.97936803,4.154467,0.0,77.62963,0.0,2.0,2.0,13.964589,89.24233,1.0,2.0,-8.0,84.58533,1.0
57.413383,10.44785,11.0,46.392124,-4.6997924,0.0,0.0,100.0,-7.0,7.0,8.0,1.8896033,1.0,68.2923,-7.0,1.0,1.0,89.9972,-8.0,2.0,1.0,0.0,100.0,1.0
61.73805,141.96455,1.0,30.050306,19.0,7.0310397,0.0,85.243835,29.707066,4.0,2.0,24.0,5.367243,41.575798,0.0,2.0,2.0,43.71689,91.58253,7.0,5.0,2.0,100.0,1.0
-9.0,125.15392,4.0,38.856598,25.0,0.0,0.0,100.0,-7.0,7.0,8.0,24.0,1.0,29.0,0.0,2.0,1.0,110.92322,80.56365,9.9084215,4.0,9.773658,100.0,1.0
68.0,532.2253,13.0,86.77657,14.0,1.0,1.0,75.32372,20.991552,6.0,5.0,14.0,3.0,8.179634,-4.3224998,0.0,0.0,17.508516,-8.0,6.0,1.0,0.0,84.91567,1.0
62.0,-9.0,16.375208,-9.0,-9.0,0.0,0.0,100.0,-7.0,7.0,8.0,7.1871686,2.0,33.0,0.0,2.0,2.0,28.0,-8.0,3.0,1.0,0.0,87.69063,1.0
66.0,124.577866,1.569548,54.41218,-5.127922,1.0,0.0,70.095436,12.640275,6.0,4.02424,8.79192,2.0,54.073353,0.0,5.573954,6.3174167,0.0,74.541565,1.0,2.0,0.0,67.0,1.0
71.0,41.801876,5.0,-9.0,-9.0,0.0,0.0,100.0,-7.0,7.0,8.0,4.407507,1.0,9.925527,0.0,1.0,1.0,28.35753,-8.0,3.0,1.0,0.0,47.982983,1.0
61.69035,68.15147,1.0,58.0,5.840329,0.0,0.0,88.0,51.29476,6.0,6.0,7.4542165,3.9603198,36.0,-7.0,3.0,3.0,92.54376,93.0,3.0,2.0,3.0,91.973206,1.0
66.092896,135.40921,13.769342,53.131924,14.197256,1.0,0.0,91.48284,21.526867,6.0,6.0,13.0,1.0,63.11656,0.0,3.0,3.0,52.789894,69.5196,3.0,3.0,1.0,75.0,1.0
70.0,152.265,2.0,53.138596,39.170082,3.0,2.141724,96.0,76.797745,6.0,3.0,43.623444,4.0,39.737957,0.0,1.924951,2.0,30.729961,-8.0,3.0,1.0,0.0,50.0,1.0
65.46515,132.74194,2.0,46.28162,8.0,1.0,1.0,100.0,-7.0,7.0,8.0,6.5112267,2.0,56.592377,0.0,5.9767747,5.1870155,0.0,-8.0,0.1622234,1.0,0.0,29.704508,1.0
26.06144,152.19824,6.0,49.03472,16.9952,1.0,0.0,79.96156,3.0,3.0314207,5.9384212,21.0,1.0,20.99393,0.0,2.0,2.0,68.84775,-8.0,3.0,2.0,3.0,68.20898,1.0
63.0,112.37118,3.0,-9.0,8.0,0.0,0.0,100.0,-7.0,7.0,8.0,11.0,6.0,64.80868,0.0,0.0,0.0,61.755604,46.56882,3.0,2.0,0.0,90.83429,1.0
59.454388,149.8582,11.0,58.762775,23.0,0.0,0.0,90.18643,7.958811,6.0,5.17608,21.0,1.0,44.399326,1.0,2.0,1.5847106,69.941185,91.772736,5.3634744,5.963443,3.0,80.0,1.0
65.0,227.83823,17.0,60.257202,28.0,3.0,1.0,77.555916,5.088824,4.0,4.0,28.0,0.0,75.4897,0.0,18.388298,18.422483,53.116257,31.525167,4.0,4.0,1.0,80.0,1.0
66.0,173.03854,2.8853621,58.0,16.0,0.0,0.0,93.9821,44.99339,6.0,6.0,17.0,3.0,29.480902,0.0,3.2056565,4.0,42.096287,98.55291,3.0,4.0,3.0,50.0,1.0
-9.0,36.786526,5.0,-9.0,9.0,0.0,0.0,88.824066,17.345573,6.0,5.930023,10.713133,6.0,22.496422,0.0,2.0,1.650905,55.158253,1.3050255,6.0,2.0,1.0,73.02264,1.0
68.63466,157.40678,6.0,58.551235,25.0,0.0,0.0,94.0,20.544249,6.0,6.0,28.0,2.0,50.0,2.0,1.0,1.0,6.0,100.0,6.0,19.28004,1.0,75.0,1.0
61.053284,144.97046,3.0,55.65742,34.528095,0.0,0.0,94.0,5.3683333,4.0,6.0,39.171688,5.8996267,52.158493,0.0,0.0,0.0,56.056263,64.11078,10.460883,3.0,1.0,100.0,1.0
64.27373,98.06852,10.0,-9.0,5.1144147,0.0,0.0,100.0,-7.0,7.0,8.0,4.5901313,0.0,99.16234,0.0,2.0,2.0,0.0,47.6724,0.4309469,1.0,-9.0,80.0,1.0
69.0,126.42679,1.0,36.258133,32.0,0.0,0.0,97.0,2.7430756,6.0,6.0,43.039738,5.0,13.171375,11.0383005,0.0,0.0,25.0,97.35236,9.870354,2.0,1.6266787,62.601223,1.0
61.36126,258.57935,10.0,57.822197,18.0,0.0,0.0,90.63914,-7.0,-9.0,6.0,20.0,2.0,20.0,0.0,2.0,1.8078147,59.161636,32.809746,4.0,3.0,0.0,77.19173,1.0
-9.0,170.17415,2.0,61.185417,12.0,2.0,1.0,75.86157,22.215008,6.0,5.0,11.217477,6.0,30.0,0.0,16.605452,17.497517,83.38832,-8.0,6.0,1.0,1.0,100.0,1.0
69.056175,120.71212,10.0,54.74314,35.63226,0.0,0.0,92.0,67.782364,6.0,6.0,38.72227,3.0,64.680954,0.0,2.0,2.0,81.5708,91.0,5.0,3.0,3.0,75.16362,1.0
59.90826,10.401025,3.0,-9.0,-9.0,0.0,0.0,86.326004,24.617857,4.0,6.0,5.8557205,2.0,44.60861,2.0,1.0,1.0,101.68228,75.60254,1.0,2.0,0.0,100.0,1.0
60.176388,111.90062,7.0,42.80808,25.0,0.0,0.0,94.0,23.074272,6.0,6.0,25.0,2.0,62.57214,0.0,4.0,4.0,52.779377,51.347305,3.0,6.092161,0.0,80.0,1.0
0.4745289,62.120205,9.0,-9.0,9.141506,0.0,0.0,100.0,-7.0,7.0,8.0,15.0,1.0,-9.0,0.0,4.6907053,5.0,109.83619,-8.0,6.0,1.0,8.06111,83.0,1.0
62.0,148.30136,19.515512,49.02542,14.0,1.0,0.0,77.7218,4.3752584,4.0,5.0,13.800765,0.0,77.736565,0.0,0.0,0.0,0.0,62.134876,0.0,2.0,-8.0,57.463062,1.0
62.0,200.05179,2.0,51.032177,43.800854,3.0,0.0,88.0,5.519388,1.6629463,4.0,58.1935,6.29817,85.11437,0.0,6.2627916,6.370765,28.0,67.18445,4.0,7.6165724,0.0,80.0,1.0
64.54871,112.52657,2.0,29.22141,20.0,0.0,0.0,100.0,-7.0,7.0,8.0,23.834332,6.0,52.476547,0.0,1.0,1.0,52.64692,93.874954,4.0,10.395853,0.0,74.77735,1.0
64.325745,117.58465,14.0,58.4257,7.0,0.0,0.0,88.0,21.212072,6.0,6.0,9.0,0.0,96.503334,4.410898,0.0,0.0,-0.6309144,-8.0,0.0,1.0,0.0,33.0,1.0
-9.0,-8.0,8.7081375,-9.0,13.0,0.0,0.0,88.0,4.0,3.0,6.0,11.0,2.0,59.728752,0.0,1.0,0.0,73.24817,93.0,8.0,4.0,3.0,80.0,1.0
61.396793,216.53146,9.0,91.12081,12.0,8.757772,2.0,76.081505,8.797094,-9.0,4.0,15.0,3.0,41.52211,-8.0,2.0,1.0,59.18291,74.62897,5.0,2.0,0.0,100.0,1.0
58.986404,163.08904,12.91697,58.0,9.0,0.0,0.0,81.42121,16.254822,6.0,6.0,12.0,0.0,69.8527,16.0,0.0,0.0,119.99855,82.99242,2.0,2.0,4.8765917,88.4226,1.0
65.0,107.558365,3.0,4.516277,16.138765,0.0,0.0,100.0,-7.0,7.0,8.0,18.45141,2.0,57.80981,0.0,0.0,0.0,94.977394,21.478329,4.0,2.558785,1.0,83.0,1.0
75.0,93.73093,22.85946,57.45598,-9.0,0.0,0.0,100.0,-7.0,7.0,8.0,1.9955374,0.0,74.345436,0.0,0.0,0.0,0.0,-2.578678,0.24923193,3.0,0.0,86.0,1.0
62.0,136.79153,2.0,-9.0,28.0,0.0,0.0,100.0,-7.0,7.0,8.0,38.0,7.312088,50.376617,-7.0,1.0,1.0,56.46936,99.415825,5.0,6.5298934,1.0,75.0,1.0
76.0,121.50342,35.90207,71.0,-8.276817,0.0,0.0,100.0,-7.0,7.0,8.0,0.50834274,0.0,76.39043,0.0,0.0,0.0,0.0,-8.0,0.0,-8.0,0.0,-9.0,1.0
-9.0,88.429504,12.0,71.01557,18.0,0.0,0.0,87.43514,-7.0,4.0,6.0,19.0,0.0,25.0,-7.0,0.0,0.0,109.13028,-8.0,7.0,1.0,8.451748,85.57241,1.0
62.0,221.80368,8.0,87.48279,8.115846,0.0,0.0,80.57666,4.0,5.01931,5.0,11.0,1.0,31.358006,9.0,0.0,0.0,55.58865,-8.0,3.0,1.0,0.0,80.0,1.0
68.0,152.63313,9.0,45.94828,4.9836416,0.0,0.0,100.0,-7.0,7.0,8.0,3.9894412,1.0,38.0,0.0,2.0,1.8125337,89.08285,88.0,3.0,2.0,1.0,91.41126,1.0
62.47993,182.35345,17.122345,63.0,6.0,0.0,0.0,89.80495,22.659828,6.0,6.0,6.5250163,0.0,13.0,0.0,0.0,0.0,112.95994,-8.0,4.0,-8.0,1.0,100.0,1.0
62.22383,-9.0,7.8253756,-9.0,5.4522095,0.0,0.0,91.0,51.048637,6.0,6.0,3.9879022,1.0,57.29582,0.0,0.0,0.0,66.19185,99.77646,3.0,2.0,0.0,62.713726,1.0
61.70097,394.03192,7.0,102.45373,13.0,7.8331914,3.9396996,74.911156,43.26535,4.977118,2.0,12.0,1.0,63.77619,0.0,3.0,3.0,66.930176,-8.0,3.0,2.0,1.0,86.145546,1.0
23.96943,113.764336,5.0,43.080597,9.0,0.0,0.0,63.50131,13.567126,6.0,6.0,17.0,3.0,33.0,0.0,3.0,3.7728412,118.592834,-8.0,2.0,1.0,2.0,100.0,1.0
66.0,182.56981,3.0,57.78237,36.724075,0.0,0.0,92.0,7.43138,6.0,6.0,48.975178,6.7950897,38.0,1.2329693,10.05166,8.23997,34.942307,119.21435,1.0,6.0,0.0,50.0,1.0
60.8951,124.0721,4.0,-9.0,10.0,0.0,0.0,100.0,-7.0,7.0,8.0,13.943493,3.0,22.0,0.0,5.0,5.275644,52.398277,-8.0,5.0,1.0,2.0,77.196686,1.0
55.68963,162.91422,5.0,58.644634,9.430821,0.0,0.0,77.18387,-7.0,0.6254222,6.0,8.0,2.0,14.264234,0.0,3.0,3.0,47.96075,22.391142,5.0,2.0,1.0,83.0,1.0
57.64619,142.51372,7.0,44.43247,7.0,0.0,0.0,77.94847,32.236828,6.0,6.0,9.0,2.0,45.0,6.0,0.0,0.0,95.9703,7.2142267,3.331359,2.0,3.0,83.288086,1.0
57.835175,202.63226,11.0,75.268265,7.9779854,2.0,1.0,-9.0,23.547153,6.0,3.0,9.535279,0.0,73.81577,0.0,2.0,2.0,115.94107,84.61813,2.0,3.0,3.0,100.0,1.0
54.922062,-8.0,1.0,-9.0,7.4987884,0.0,0.0,100.0,-7.0,7.0,8.0,7.0,5.0,43.0,0.0,2.0,2.0,72.05677,82.47986,3.0426877,3.0,2.0,88.0,1.0
70.0,478.9962,114.38658,108.353874,3.1086965,0.0,0.0,85.698425,5.4887247,6.0,6.0,9.0,0.0,58.980663,0.0,0.0,0.0,81.41505,-8.0,2.0,-0.5325121,1.0,84.73723,1.0
66.43737,159.01247,18.483395,65.223526,17.0,1.0,0.0,84.18137,3.6335118,4.0,5.7783284,14.0,0.0,62.962765,0.0,2.0,1.5275692,43.69998,80.28504,3.0,2.0,0.0,67.0,1.0
8.369062,139.59627,10.0,72.49704,22.0,0.0,0.0,90.0,5.9592705,4.0,6.0,19.0,1.0,39.0,0.0,2.0,1.0,94.7327,78.2155,10.059701,2.0,4.478593,100.0,1.0
66.91011,-8.679552,3.4078882,-9.0,7.0,0.0,0.0,100.0,-7.0,7.0,8.0,9.60675,1.0,-9.0,0.0,0.41310763,1.0,26.232191,-8.0,3.0,-8.0,0.0,54.299572,1.0
56.794937,113.26851,4.0,47.81947,19.0,1.0,0.0,75.43652,6.0,4.0,4.0,24.0,2.0,46.0,2.0,2.0,2.0,40.924507,89.21378,6.0,3.0,0.0,73.911865,1.0
73.0,179.35313,2.3855088,52.364548,25.0,0.0,0.0,91.0,71.85421,6.0,5.0,27.0,6.0,12.851303,0.0,6.2933974,6.200725,19.0,68.415504,16.054699,2.0,0.0,67.0,1.0
64.0,164.91893,2.0,52.027966,25.0,4.3778853,3.9666116,93.0,-7.0,-9.0,2.0,29.0,5.0,82.170876,0.0,6.914588,6.258052,19.448332,100.0,4.0,19.209604,0.0,100.0,1.0
54.595135,97.46168,8.0,-9.0,12.0,0.0,0.0,100.0,-7.0,7.0,8.0,13.0,1.0,42.0,0.0,3.9196057,3.084541,112.07434,88.0,4.0,4.0,1.0,91.24196,1.0
60.44148,207.6929,4.0,41.712887,21.0,0.0,0.0,100.0,-7.0,7.0,8.0,23.0,10.45942,32.387165,0.0,2.0,2.0,44.604713,49.073494,6.0,2.0,5.648642,77.182724,1.0
-9.0,142.37569,36.757076,58.0,14.0,0.0,0.0,90.0,-7.0,-9.0,6.0,14.0,0.0,23.0,12.0,0.0,0.0,107.26309,-8.0,6.0,1.0,5.5325694,83.0,1.0
63.0,133.09822,-9.0,61.571182,21.0,1.0,1.0,88.937126,16.201641,6.0,5.0,21.864563,3.0,27.0,1.0,4.3012586,5.0,29.62977,-8.0,3.0,2.0,1.0,51.951073,1.0
63.14232,133.9634,26.028349,64.575836,9.0,0.0,0.0,83.06614,33.91638,6.0,6.0,9.0,0.0,18.0,0.0,0.0,0.0,71.4006,-8.0,3.0,1.0,7.9869347,80.0,1.0
-9.0,-8.0,10.0,-9.0,6.0586996,0.0,0.0,100.0,-7.0,7.0,8.0,8.39303,1.0,29.771023,0.0,1.0,1.0,114.63262,95.15667,6.0,3.0,4.0,100.0,1.0
69.0,203.47182,8.778068,70.0,-9.0,0.0,0.0,100.0,-7.0,6.0,8.0,-0.0045957295,1.0,66.74609,0.0,1.0,1.0,59.823223,-8.0,1.0,-8.0,0.0,82.15523,1.0
-9.0,121.65236,45.065414,66.91436,-3.69245,1.9652095,1.9329765,72.78955,7.0592084,4.0,2.0,5.05653,0.0,51.961163,-8.0,0.0,0.0,119.89946,-8.0,1.0,1.0,-9.0,100.0,1.0
34.157234,-7.202115,4.0,35.58797,8.0,0.0,0.0,84.01084,40.76074,6.0,6.0,9.845917,2.0,56.98305,-8.0,4.0,4.0,91.51113,12.658565,2.0,2.0,2.0,83.0,1.0
59.895927,125.829605,1.0,17.271215,16.0,8.726946,3.6980326,75.064476,10.191594,6.0,5.0,18.0,4.0,99.43633,0.0,4.0,4.0,7.975271,87.519066,1.0,7.383086,0.0,80.207596,1.0
62.0,197.98152,4.0,62.946365,28.0,0.0,0.0,100.0,-7.0,7.0,8.0,29.23066,4.0,29.0,2.0,3.0,3.0,52.282528,70.202614,6.0,2.0,5.9303885,56.737812,1.0
77.0,135.54517,5.0,48.661354,16.0,0.0,0.0,100.0,-7.0,7.0,8.0,17.91153,1.0,50.0,1.0,1.0,1.0,18.549593,100.0,2.0,3.0,0.0,50.0,1.0
62.90033,160.42168,2.0,36.443848,15.0,2.0,1.9770379,95.0,52.325867,6.0,5.0,18.0,6.0,20.0,0.0,2.0,2.0,59.131138,-8.0,6.0,2.0,0.0,91.346664,1.0
64.0,15.12383,5.0,35.11031,28.0,1.0,1.0,92.0,24.378729,6.0,3.0,35.0,5.0,36.0,-7.0,1.0,1.0,71.69117,65.565155,8.0,2.0,2.0,80.0,1.0
57.557503,192.09608,1.7046384,58.0,48.753006,3.4102914,0.0,90.05876,30.871962,6.0,2.0,62.181686,10.8795395,38.0,0.0,5.0,4.0,35.75721,75.89534,23.672808,15.145967,2.0,75.30594,1.0
71.0,84.384865,11.0,-9.0,7.0,0.0,0.0,100.0,-7.0,7.0,8.0,9.0,0.0,44.013268,9.9125185,1.0,0.0,2.0,80.0,1.0,3.0,0.0,53.823414,1.0
63.0,50.053246,7.0,-9.0,7.154257,0.0,0.0,100.0,-7.0,7.0,8.0,7.6088333,3.0,9.504926,1.0,4.0,5.0,67.03,-8.0,6.687901,1.0,0.0,78.0,1.0
57.877342,81.64998,20.480621,34.695843,-9.0,0.0,0.0,100.0,-7.0,7.0,8.0,-3.127271,0.0,97.50018,-7.0,1.0,1.0,119.991905,59.793316,1.0,1.0,1.0,82.21908,1.0
67.0,83.992584,1.0,-9.0,7.1882653,0.0,0.0,100.0,-7.0,7.0,8.0,12.361308,3.0,25.0,-7.0,2.0,2.0,58.725822,-8.0,1.0,1.0,0.0,40.65517,1.0
55.505806,64.56262,3.6614928,13.258546,24.0,0.0,0.0,94.0,6.0,4.0,6.0,26.0,4.0,52.85121,0.0,0.0,0.0,78.04911,94.12802,6.0,6.0,2.0,100.0,1.0
63.0,104.75636,2.0,43.475124,24.0,0.0,0.0,93.88549,38.53709,6.0,6.0,25.625147,3.0,41.018417,0.0,1.0,1.0,39.45271,79.54207,4.0,4.0,1.0,67.0,1.0
62.0,255.36934,15.0,97.0,37.602146,0.0,0.0,72.10404,18.19229,0.0,6.0,49.467262,0.0,30.382658,0.0,6.686041,7.5406313,76.02905,73.922195,5.0,2.0,3.0,83.0,1.0
-9.0,110.8912,2.0,50.027794,14.0,0.0,0.0,100.0,-7.0,7.0,8.0,-2.5542436,3.0,26.0,0.0,5.0,4.7940187,103.99945,81.31543,4.0,2.0,4.508786,61.769196,1.0
66.51052,166.1468,1.0450652,42.815426,8.268477,0.0,0.0,100.0,-7.0,7.0,8.0,11.0,4.0,41.0,0.0,3.9662473,4.0,94.77699,86.10562,3.0,3.0,1.0,100.0,1.0
59.815216,131.10463,15.546029,62.32003,30.0,0.0,0.0,90.437035,14.579923,6.0,6.0,31.0,0.0,29.0,-7.0,1.0,1.0,103.53818,96.82359,16.290785,3.0,8.461129,100.0,1.0
67.05725,168.72406,10.112702,86.65382,5.6155725,0.0,0.0,76.14139,51.515827,6.0,6.0,9.0,0.0,45.0,-8.0,0.0,0.0,57.80829,88.84109,3.0,2.0,0.0,75.0,1.0
71.0,159.42169,9.4769,80.0,16.0,0.0,0.0,100.0,-7.0,7.0,8.0,16.0,1.0,38.125412,0.0,1.0,1.0,52.81826,49.21149,4.0,2.0,0.0,80.0,1.0
66.0,164.76698,8.0,43.4388,27.0,4.4198246,0.0,82.929855,42.172646,6.0,2.7948108,31.0,2.0,74.31985,0.0,0.0,0.0,112.97521,88.92938,3.3581088,3.0,2.0,96.74824,1.0
56.024536,147.3591,3.0,55.943703,14.519208,0.0,0.0,100.0,-7.0,7.0,8.0,18.902239,2.0,27.0,0.0,2.0,2.0,112.62175,91.0,7.0,6.3084445,6.214753,100.0,1.0
66.0,199.07243,5.3110805,70.48831,23.956036,1.0,0.0,79.88364,14.458963,6.0,5.0,30.0,2.0,50.257565,0.0,1.0,1.0,28.430422,-8.0,2.0,2.0,0.0,67.0,1.0
69.80451,199.19987,6.0,66.11393,26.0,0.0,0.0,90.0,1.0,6.0,6.0,35.45632,2.0,42.606586,6.0,1.7855223,1.0,25.0,-8.0,6.0,1.0,0.0,67.0,1.0
57.892525,130.33954,4.0,38.89219,22.0,0.0,0.0,100.0,-7.0,7.0,8.0,26.0,6.0,33.0,-7.0,1.0,1.0,68.658936,78.89974,6.0,3.0,1.0,64.0,1.0
59.084854,101.71725,3.0,49.817497,34.252552,0.0,0.0,100.0,-7.0,7.0,8.0,31.0,9.9275255,65.601425,2.0,2.0,2.0,104.28366,34.35169,4.0,4.102282,4.0,100.0,1.0
62.892105,182.62924,136.84413,74.3337,-0.20001236,4.0694704,2.0,-9.0,2.6891136,6.0,2.0,0.010089766,0.0,81.715836,-0.5724537,4.0,3.8226058,47.888474,-8.0,0.63351333,-8.0,0.0,88.0,1.0
59.648605,131.07875,1.134333,115.08105,21.0,1.0,0.0,83.73901,22.821217,6.0,4.231865,22.0,3.0,50.0,20.500664,0.0,0.0,93.41426,69.7241,4.0,2.0,3.0,80.0,1.0
-9.0,162.50499,7.0,42.864845,-9.0,0.0,0.0,52.7815,34.848827,6.0,6.0,5.9998264,2.0,42.14778,0.0,2.0,2.0,82.455284,94.92323,2.0,1.0,1.0,100.0,1.0
57.13482,150.73242,8.0,49.393322,26.0,0.0,0.0,88.0,3.0,6.0,6.0,37.888195,2.0,76.405785,5.3455615,0.0,0.0,62.08342,56.06224,5.0,5.0,2.0,100.0,1.0
74.104546,100.67837,24.011099,32.839214,15.0,0.0,0.0,100.0,-7.0,7.0,8.0,14.0,0.0,61.4257,0.0,2.0,1.8079864,0.0,-8.0,1.0,2.0,0.0,40.0,1.0
62.49277,158.60046,24.531073,46.57995,2.3025496,3.7386882,1.0,-9.0,39.817318,6.0,2.0,10.0,0.0,99.99927,-7.0,2.855659,1.943738,0.0,60.664116,-6.182193,2.0,-8.0,99.047,1.0
62.88689,159.34717,2.0,67.59815,11.883391,0.0,0.0,81.693695,54.46772,6.0,6.0,12.0,4.0,39.972797,0.0,6.394708,6.4888906,69.211655,6.7583795,5.0,1.0,2.0,100.0,1.0
-9.0,117.188446,40.86173,58.0,13.0,1.0,0.0,-9.0,-7.0,4.9981894,3.0,14.0,0.0,76.33665,0.0,2.0,2.0,117.93495,93.0,1.0,5.687189,4.0,100.0,1.0
64.0,141.8653,29.60916,83.091805,25.0,2.0,0.0,86.43085,9.247226,4.0,5.0,24.0,0.0,42.846714,0.0,4.0,3.620682,56.831184,-8.0,2.008674,3.0,1.1827898,63.0,1.0
71.0,197.79399,16.88156,83.0,6.52879,3.0,0.0,77.79182,71.184,6.0,5.0,7.8972216,0.0,71.63623,-7.0,4.0,4.0,76.70138,93.47458,1.0,1.0,1.0,75.0,1.0
68.0,46.496365,2.0,-9.0,16.0,0.0,0.0,100.0,-7.0,7.0,8.0,17.0,2.0,-1.4706701,10.382454,0.0,0.0,49.28531,-8.0,8.578851,1.0,2.0,60.0,1.0
73.0,176.77408,15.0,37.832455,-9.0,0.0,0.0,100.0,-7.0,7.0,8.0,6.9820943,0.0,29.0,0.0,0.0,0.0,42.233894,-8.0,1.0,-8.0,0.0,75.0,1.0
54.768154,69.8318,20.650217,66.56455,15.0,0.0,0.0,84.75072,1.0,-9.0,6.0,7.0,0.0,50.0,0.0,2.0,2.0,74.995674,-8.0,4.0,1.0,2.0,71.0,1.0
-9.0,488.34662,24.392645,177.62395,14.0,1.0,0.0,4.3643117,4.0,6.0,4.0,13.0,0.0,27.0,3.0,1.0,0.0,111.45347,82.86382,4.0,2.0,2.0,98.48079,1.0
-9.0,24.13995,-9.0,-9.0,17.0,1.8754553,1.0,100.0,-7.0,6.0,8.0,22.0,10.696831,17.21611,0.0,2.0,2.0,26.351183,115.68876,6.0,4.0,1.0,63.0,1.0
-9.0,-9.0,3.0,-9.0,5.575063,0.0,0.0,100.0,-7.0,7.0,8.0,5.663787,5.0,42.765804,0.0,2.0,2.0,97.71369,70.510216,3.0,2.0,1.0,88.0,1.0
64.0,138.01054,-9.0,58.396656,11.0,0.0,0.0,88.620056,60.661205,6.0,6.0,15.0,2.0,47.0,1.0,2.0,2.0,1.0,100.0,1.1457781,3.0,-8.0,78.0,1.0
65.0,103.805855,2.0,60.724224,37.285,0.0,0.0,100.0,-7.0,7.0,8.0,38.912678,10.696494,46.0,1.0,4.3452926,4.216416,71.30279,100.0,4.0,4.0,2.0,67.0,1.0
78.0,-8.974542,5.0,37.8416,-9.0,0.0,0.0,100.0,-7.0,7.0,8.0,-9.0,1.2134951,72.120316,-7.0,0.0,0.0,4.0,-8.0,2.0,-8.0,0.0,100.0,1.0
56.618,156.74503,9.0,65.0,14.818489,2.918096,2.0,70.83726,4.569517,0.0,5.0,18.0,1.0,49.195816,0.0,2.0,2.0,60.499664,77.37663,6.0,2.0,1.0,100.0,1.0
57.22276,211.62627,55.205402,84.0,-9.0,1.0,0.0,-9.0,7.4278154,4.0,6.0,7.0,0.0,67.75955,-7.0,0.0,0.0,116.99742,41.455544,2.0,1.0,2.0,100.0,1.0
61.678375,-8.299061,14.889309,39.764027,10.0,0.0,0.0,100.0,-7.0,7.0,8.0,9.0,1.0,50.0,0.0,2.0,2.0,112.00508,-8.0,4.032079,1.0,1.0,84.70609,1.0
56.560917,80.6542,19.005022,8.392327,-6.3741207,4.949835,0.0,45.35002,17.129553,4.0,2.0,3.1228063,0.0,86.513374,0.0,2.0,1.0,4.6027684,-8.0,0.0,1.0,-9.0,50.0,1.0
60.13185,138.67207,0.35498253,58.0,22.0,9.54638,8.559426,85.386024,29.980082,4.0,4.0,25.0,6.0,57.666336,0.0,6.925045,6.5116386,18.0,91.0,1.0,4.0,0.0,64.0,1.0
70.0,152.27376,20.0,48.201706,12.0,0.0,0.0,78.61721,8.269581,4.111284,6.0,15.0,0.0,51.887207,-8.0,1.0,1.0,2.0,-8.0,1.0,1.3052204,0.0,50.0,1.0
-9.0,240.25879,20.0,67.858284,19.6862,0.0,0.0,80.34195,6.694903,6.0,6.0,19.343477,0.0,36.0,21.60978,0.0,0.0,91.04169,64.08013,11.582616,2.0,4.751329,86.0,1.0
64.0,148.09128,0.921113,29.115562,22.184008,0.0,0.0,100.0,-7.0,7.0,8.0,26.0,3.0,61.22605,-7.0,0.0,0.0,80.724304,79.27868,4.0,7.156974,2.0,80.0,1.0
61.51086,61.724174,4.0,-9.0,-9.0,0.0,0.0,100.0,-7.0,7.0,8.0,3.196558,3.0,20.0,-7.0,6.2986593,6.375832,89.96201,-8.0,3.0,1.0,1.0,100.0,1.0
71.0,242.94528,14.0,108.390945,9.0,3.0815475,2.0126352,72.49882,15.34801,4.0,4.5010953,15.0,0.0,-0.435732,0.0,2.0,1.8937285,4.976007,47.953518,4.0,1.0,0.0,67.0,1.0
-9.0,135.15579,4.0,18.611002,-9.0,6.2575645,6.91834,39.027233,5.392695,-0.92867714,-9.0,-6.169591,2.0,27.0,0.0,1.0,1.0,22.951311,90.55316,1.0,1.0,0.0,91.6444,1.0
65.47422,102.32515,2.0,-9.0,12.0,0.0,0.0,76.076706,65.07301,6.0,6.0,14.0,3.0,58.897797,-7.0,0.0,0.0,51.865,82.0,3.0,4.0,1.0,71.0,1.0
68.88425,151.77327,3.0,57.469486,18.0,0.0,0.0,100.0,-7.0,7.0,8.0,16.0,1.0,9.459324,0.0,0.0,0.0,76.387665,78.49057,6.0,1.0,3.0,69.53511,1.0
-9.0,128.03497,2.0,43.551792,26.223392,3.0381565,1.0,64.45693,5.2718825,0.52670676,2.0,34.0,3.8481314,33.12282,0.0,6.0929008,5.621534,34.680294,78.52844,6.5974584,4.0,0.0,83.0,1.0
54.867634,128.16101,2.0,62.42223,7.5464563,7.4785304,5.939144,84.44779,10.633036,-9.0,5.0,8.370194,2.0,40.64749,0.0,3.0,3.0,110.05046,53.182804,3.0,2.0,0.053550087,88.25913,1.0
57.53587,259.48618,36.996105,81.0,5.617674,0.0,0.0,77.13768,4.0,4.0,6.0,9.0,0.0,77.320724,3.0,2.0,2.0,102.14812,-8.0,1.0,2.0,2.0,80.0,1.0
50.741554,-0.02621921,3.800927,16.294178,3.0174706,0.0,0.0,100.0,-7.0,7.0,8.0,-1.7155077,2.0,80.43527,5.0,0.0,0.0,0.0,76.91553,0.0,3.0,-9.0,75.0,1.0
-9.0,14.850113,5.0,-9.0,5.457669,0.0,0.0,85.30393,32.644417,6.0,6.0,5.510807,3.0,35.862396,0.0,1.9450297,2.0,71.93852,99.23146,7.0,2.0,8.944926,100.0,1.0
65.0,148.09229,28.221079,68.0,21.0,0.0,0.0,86.431595,22.445509,6.0,6.0,19.0,0.0,38.603363,-8.0,0.0,0.0,91.292274,-8.0,4.0,2.0,2.0,83.0,1.0
-9.0,137.18634,11.0,42.815453,8.877605,1.0,0.0,77.59512,-7.0,-9.0,5.0,8.0,0.0,33.0,0.0,5.0,4.980037,88.803375,57.04106,4.0,2.0,1.0,100.0,1.0
70.0,186.559,7.69303,46.36601,7.3396125,0.0,0.0,75.730316,7.761511,6.0,6.0,10.0,1.0,70.03784,12.295974,0.0,0.0,-1.1339098,42.2715,1.0,3.0,0.0,78.0,1.0
65.93768,-8.77658,4.0,-9.0,15.0,0.0,0.0,100.0,-7.0,7.0,8.0,17.0,3.0,44.298317,-7.0,13.936611,14.018615,43.171528,100.0,2.0,3.0,1.0,67.0,1.0
72.0,42.048683,2.0,22.599493,5.109623,0.0,0.0,100.0,-7.0,7.0,8.0,8.0,3.0,66.15138,0.0,4.0,4.0,6.0,38.73435,1.0,1.0,0.0,50.0,1.0
-9.0,40.522514,10.0,33.41021,3.0122173,1.2395362,1.0,71.371124,16.947523,6.0,6.0,3.9918091,1.0,69.65788,-8.0,0.0,0.0,47.673367,79.1621,2.0,2.0,0.0,80.0,1.0
59.94408,85.718994,5.0,-9.0,43.211308,0.0,0.0,100.0,-7.0,7.0,8.0,46.528675,8.181291,28.0,7.0,1.0,1.0,43.09669,71.221466,24.621685,4.0,1.0,71.0,1.0
69.0,-9.0,2.0,-9.0,-9.0,0.0,0.0,100.0,-7.0,7.0,8.0,5.532844,2.0,13.0,0.0,1.0,1.0,4.0,-8.0,2.0,1.0,0.0,48.726727,1.0
65.0,94.12946,0.3207627,41.135487,-9.0,0.0,0.0,100.0,-7.0,7.0,8.0,5.2376003,2.0,70.848434,0.0,4.0,5.0,89.113556,81.09198,2.0,2.0,0.0,86.0,1.0
56.053177,238.90793,15.925524,115.246056,6.023279,3.3808877,3.551333,100.0,-7.0,6.0,8.0,5.175695,0.0,32.76033,0.0,2.0,2.0,119.22698,-8.0,1.0,-8.0,0.0,100.0,1.0
61.334976,50.554436,20.0,38.1163,28.0,1.0,0.13187508,92.024445,18.111372,4.903015,5.0,30.0,0.0,52.74463,4.0,0.0,0.0,71.98398,70.690475,6.0,7.9902263,3.0,88.0,1.0
59.470196,151.6408,4.0,39.452717,11.0,0.0,0.0,97.0,18.45564,6.0,6.0,10.069386,3.0,-9.0,-7.0,0.0,0.0,91.18055,-8.0,9.0,-8.494003,3.0,100.0,1.0
59.780994,173.61404,28.555458,108.52732,9.0,4.6877556,5.719822,82.65483,-7.0,-9.0,5.0,9.5463295,0.0,27.0,1.0,1.0,0.0,81.70977,-8.0,3.0,1.0,0.0,90.08126,1.0
70.0,218.10439,20.81235,74.0,10.0,0.0,0.0,100.0,-7.0,7.0,8.0,14.0,0.0,50.0,0.0,1.0,1.0,73.68664,89.8871,2.0,2.0,1.0,83.0,1.0
59.860237,65.349434,-9.0,57.759537,19.0,3.0,2.0,81.4153,22.295307,6.0,6.0,21.0,5.0,37.73645,1.0,0.0,0.0,36.0,45.41885,7.0,1.0,1.0,75.0,1.0
-9.0,213.30528,7.0,94.0,20.0,8.250676,3.5896325,70.91976,18.283535,-9.0,4.0,27.0,5.3385434,53.628735,0.0,5.8656025,5.727389,81.20638,74.464226,4.0,3.0,0.0,86.28071,1.0
46.376884,176.2611,4.0,75.1121,68.99275,10.064993,2.0,76.49147,4.0,-9.0,2.0,80.91695,2.0,75.328384,0.0,15.899061,17.453419,116.94733,84.00063,4.0,19.584486,2.0,80.0,1.0
56.97936,84.96375,2.0,44.67152,-3.761471,2.0,2.0,100.0,-7.0,7.0,8.0,4.5057454,2.0,55.061275,0.0,0.0,0.0,57.87495,82.03727,1.0,2.0,0.0,83.66799,1.0
-9.0,125.95611,3.8042178,57.699768,6.0,1.0,1.0,80.73304,5.1205707,3.0,6.0,8.0,4.0,33.0,0.0,3.0,3.0,60.03164,99.98437,6.0,2.0,3.7495449,100.0,1.0
66.0,252.57484,4.0,60.0144,23.0,0.0,0.0,100.0,-7.0,7.0,8.0,27.13191,3.0,12.881795,2.0,3.0,3.0,56.642467,-8.0,11.0,1.0,2.0,75.0,1.0
62.0,127.73873,6.0,39.316666,27.0,1.0,0.0,89.69597,11.479735,6.0,6.0,29.182413,2.0,67.885956,-7.0,0.0,0.0,84.32725,68.84645,4.0,4.0,1.0,100.0,1.0
-9.0,-9.0,-9.0,-9.0,-9.0,-9.0,-9.0,-9.0,-9.0,-9.0,-9.0,-9.0,-9.0,-9.0,-9.0,-9.0,-9.0,-9.0,-9.0,-9.0,-9.0,-9.0,-9.0,1.0
63.0,169.38379,5.0,56.228798,32.0,0.0,0.0,100.0,-7.0,7.0,8.0,34.487972,5.0,60.158688,0.0,2.0,2.0,67.67119,94.531364,9.988066,4.0,2.0,75.0,1.0
-9.0,-9.0,7.158892,-9.0,-9.0,0.0,0.0,100.0,-7.0,7.0,8.0,-9.0,2.0,100.0,0.0,0.0,0.0,1.0,92.51828,0.0,2.0,0.0,83.0,1.0
61.465424,129.77036,6.5624065,32.776573,4.6326423,0.0,0.0,100.0,-7.0,7.0,8.0,4.552775,3.0,56.87357,-7.0,6.589646,5.7408643,93.53499,-8.0,2.0,2.0,0.0,100.0,1.0
74.0,-9.0,0.8818633,-9.0,4.168829,0.0,0.0,100.0,-7.0,7.0,8.0,7.0,6.121998,8.428543,2.1620893,0.0,0.0,1.0,144.90428,2.0,1.0,0.0,25.0,1.0
68.0,177.16377,1.0,46.74015,30.065706,0.0,0.0,90.0,35.8205,6.0,6.0,36.942837,8.390758,20.0,5.0,2.0,2.0,27.790573,83.05975,10.234298,4.0,4.0,71.0,1.0
63.276783,101.91902,3.0,3.9648898,22.450533,0.0,0.0,94.0,23.33963,6.0,6.0,25.0,3.0,-1.3042418,1.0,2.0,2.0,52.697712,-8.0,8.741857,-8.849148,2.0,71.0,1.0
70.0,171.49515,2.8225338,9.132302,4.5811443,0.0,0.0,100.0,-7.0,7.0,8.0,8.0,8.716523,38.0,0.0,2.0,2.0,36.90531,79.556984,3.0,2.0,1.0,82.52826,1.0
65.0,113.125305,13.380054,49.845165,21.0,0.0,0.0,100.0,-7.0,7.0,8.0,20.832872,0.0,34.183216,-8.0,0.0,0.0,54.29693,78.2393,6.0,2.0,3.1720247,91.068214,1.0
-9.0,115.12917,7.0,25.244123,16.623213,0.0,0.0,92.0,33.2032,6.0,6.0,10.0,4.0,22.0,4.0,3.0,3.0,92.71919,-8.0,6.0,1.0,2.0,85.25887,1.0
-9.0,159.64514,6.0,74.77285,16.0,3.0,0.0,55.513382,2.2358656,4.0,5.0,21.0,3.0,38.0,0.0,1.0,1.0,110.173904,74.69753,8.0,3.0,8.004232,100.0,1.0
-9.0,176.08379,5.9640408,26.215292,22.0,0.0,0.0,84.375694,24.79817,6.0,6.0,28.35659,5.0,23.0,1.0,3.0,3.0,64.20476,76.06624,10.568415,4.0,9.275378,82.80076,1.0
60.386665,113.36874,5.7343545,54.90872,14.0,1.0,1.0,75.7034,7.2995033,6.0,3.0,15.0,2.0,40.0,0.0,0.0,0.0,89.87398,68.002945,4.0,3.0,3.0,82.26804,1.0
65.0,-9.0,15.0,37.755405,12.0,3.7504666,3.748832,87.37199,24.595463,4.0,4.0,11.0,0.0,34.940647,0.0,2.0,2.0,79.00182,-8.0,2.0,2.0,0.0,82.75213,1.0
63.0,131.52362,7.374922,31.59593,13.0,1.0,0.0,76.81997,12.56038,4.0,5.0,15.0,1.0,8.077707,0.0,0.0,0.0,70.502426,48.924328,5.0153823,2.0,0.0,67.0,1.0
57.05323,143.64006,3.0,49.243908,15.0,3.7671478,1.3742673,68.87123,17.45683,6.0,5.0,18.03643,2.0,99.260284,0.0,1.0,1.0,28.0,70.58017,1.0,4.0,0.0,86.0,1.0
71.0,42.164757,11.0,49.837467,6.202635,0.0,0.0,100.0,-7.0,7.0,8.0,0.82667613,1.0,93.531075,-7.0,1.0,1.0,1.1055797,68.85152,0.0,1.0,0.0,84.92207,1.0
60.4925,75.56884,2.0,43.331482,22.0,0.0,0.0,90.0,3.8301213,5.0,6.0,26.0,4.0,33.0,3.0,0.0,0.0,46.236362,86.063705,5.0,4.0,1.0,69.77634,1.0
-9.0,48.337772,8.0,-9.0,15.0,0.0,0.0,100.0,-7.0,7.0,8.0,18.0,0.0,22.610727,0.0,2.0,2.0,117.77066,75.2883,6.0,3.0,5.893473,100.0,1.0
-9.0,-3.5072699,5.3913994,-9.0,9.635856,0.0,0.0,100.0,-7.0,7.0,8.0,8.086128,5.0,7.5453644,0.0,2.6143212,3.0,80.06585,-8.0,7.4807816,1.0,1.0,78.89453,1.0
65.0,38.50914,14.0,-9.0,-9.0,0.0,0.0,100.0,-7.0,7.0,8.0,5.326126,0.0,2.4294899,-8.0,0.0,0.0,89.187996,-8.0,3.0,1.0,0.0,100.0,1.0
61.66474,-9.0,2.0,-9.0,14.0,1.0,0.0,92.42128,31.737627,6.0,5.0,16.0,3.0,20.0,0.0,3.0,3.0,44.026855,-8.0,4.0,2.0,0.0,71.0,1.0
-9.0,147.35814,12.0,38.181656,7.0,1.0,0.0,69.263885,-5.1912823,3.0,6.0,12.388708,1.0,29.0,12.0,0.0,0.0,80.69536,-8.0,4.0,1.0,3.0,84.73895,1.0
68.81901,67.856384,7.0,25.55806,11.0,0.0,0.0,88.80048,35.64463,6.0,5.0,8.0,3.0,42.801716,0.0,1.0,1.0,2.0,81.00096,2.0,2.0,0.0,48.86848,1.0
69.0,197.3643,59.578014,72.0,10.572497,3.0,0.0,79.88457,2.0,0.91390026,5.0,12.0,0.0,73.63772,0.0,3.881348,2.0,0.0,45.408325,0.0,2.0,0.0,50.0,1.0
62.01985,106.97231,1.0,-9.0,6.281713,1.0,0.0,88.0,21.955462,6.0,6.0,7.5367517,7.8534713,20.853876,1.0,1.0,1.0,13.102792,100.0,4.0,2.0,1.0,75.0,1.0
58.968273,125.77985,2.0,32.36914,39.467754,10.461662,9.498999,86.412964,22.368084,4.0,-9.0,51.32668,10.975238,21.0,0.0,3.0,2.1623023,12.0,100.0,4.0,5.068871,0.0,50.41626,1.0
56.87828,196.7707,2.0,66.89376,10.0,3.0,1.0,74.24334,5.8726144,-9.0,4.0,13.0,2.0,58.56011,0.0,10.477668,11.731205,72.55509,49.55923,2.0,4.0,0.8589306,100.0,1.0
-9.0,-8.797276,5.7487726,-9.0,20.249062,2.6537251,0.0,78.019554,9.039501,4.0,3.0,17.0,6.2519245,30.0,1.0,0.0,0.0,32.0,91.0,7.0,3.0,1.0,75.0,1.0
-9.0,118.78396,2.0,39.74902,3.42475,1.0,1.0,59.164406,11.543666,6.0,4.0249023,8.852712,3.0,23.0,0.0,1.0,1.0,112.69485,-8.0,5.0,1.0,4.0829935,100.0,1.0
-9.0,119.12637,37.47939,44.369896,-8.943752,2.510879,1.0,42.15821,-7.0,-9.0,4.0,2.2595382,0.0,33.0,-7.0,3.0,3.0,0.0,-8.0,1.0,1.0,-9.0,100.0,1.0
67.0,161.989,3.0,53.601334,22.0,0.0,0.0,100.0,-7.0,7.0,8.0,25.0,2.0,31.0,0.0,0.57238525,1.0,48.108105,78.025764,6.0,4.0,3.0,67.0,1.0
58.225388,115.88457,13.0,59.006077,3.1515512,1.1901635,1.0,60.195553,18.17201,6.0,2.0,3.9873486,0.0,36.0,-7.0,4.0,3.0,119.579544,-8.0,1.0,2.0,0.0,100.0,1.0
55.383736,-8.848088,2.0,-9.0,13.0,0.0,0.0,100.0,-7.0,7.0,8.0,13.721012,10.447339,23.0,0.0,1.0,1.0,57.72864,39.553318,6.0,2.0,0.989211,76.40518,1.0
63.0,32.622955,17.466686,-9.0,-9.0,0.0,0.0,100.0,-7.0,7.0,8.0,2.5966911,0.0,-9.0,4.0,1.0,1.0,109.28903,-8.0,1.0,-8.0,1.0,37.155914,1.0
61.160828,177.22255,1.0,38.618706,31.92303,0.0,0.0,100.0,-7.0,7.0,8.0,39.374256,10.700365,7.8409867,0.0,3.0,2.3004153,39.18404,78.92048,11.0,3.0,1.0,70.0,1.0
67.06536,66.762184,4.692601,46.905296,9.0,0.0,0.0,100.0,-7.0,7.0,8.0,7.0,3.0,18.803867,0.0,2.0,2.0,79.92756,-8.0,4.0,-8.0,3.0,94.61698,1.0
68.0,196.20195,14.0,87.412285,7.0844088,0.0,0.0,70.53936,17.341185,6.0,6.0,11.0,0.0,85.39174,3.0,1.0,1.0,8.0,-8.0,1.0,2.0,0.0,100.0,1.0
66.0,126.46062,-9.0,57.487694,42.26977,0.0,0.0,100.0,-7.0,7.0,8.0,45.2361,10.604456,39.0,0.0,5.2270765,4.8026924,68.78224,87.171165,8.0,6.0,2.0,78.0,1.0
64.0,160.70784,7.0,57.4016,27.97016,2.0,1.0,92.0,36.534523,6.0,2.856122,34.0,3.0,20.067825,4.0,3.0,3.0,46.132473,76.0,9.0,3.0,3.0,80.0,1.0
62.485897,126.145004,2.969153,24.08658,4.740681,0.0,0.0,100.0,-7.0,7.0,8.0,8.0,4.0,0.0,0.0,2.0,2.0,77.710945,-8.0,2.3901694,1.0,1.0,73.0,1.0
58.648186,205.89883,8.0,70.0,14.0,3.0,2.4764323,70.33442,4.488611,4.0,2.0,21.0,2.0,33.0,6.280436,4.034915,4.0,43.118286,88.0,3.0,2.0,3.0,75.0,1.0
66.0,48.982162,3.0,44.917797,11.0,0.0,0.0,79.124146,31.46329,6.0,6.0,9.0,2.0,42.0,0.0,0.0,0.0,12.264454,77.80455,2.0,4.0,1.0,88.72848,1.0
60.29917,-9.0,5.0,-0.89592236,9.0,0.0,0.0,100.0,-7.0,7.0,8.0,12.425162,4.0,43.92296,-7.0,2.0,2.1748521,71.47178,95.28881,6.0,2.8260612,2.0,100.0,1.0
60.78356,37.77292,2.0,40.82716,11.0,0.0,0.0,88.64966,5.607145,5.6797767,6.0,9.0,2.0,35.0,0.0,0.0,0.0,47.28549,-8.0,4.0,2.0,1.0,67.0,1.0
66.0,94.00218,5.0,-9.0,7.0,0.0,0.0,100.0,-7.0,7.0,8.0,7.0,2.0,85.24204,0.0,0.9604538,0.0,1.0,100.0,1.0,2.0,0.0,70.0,1.0
54.539806,78.291756,3.0,41.846397,8.004556,0.0,0.0,64.38272,3.4111366,5.0,6.0,10.0,2.0,58.128326,3.0,1.0,1.0,92.39644,93.0,3.0,3.0,3.0,100.0,1.0
64.0,148.2005,5.3973875,55.075874,49.899734,1.0,0.0,95.0,6.0,3.0465937,5.0,56.100307,6.0,17.0,0.0,0.0,0.0,29.89344,45.84971,15.704512,3.0,0.0,57.58792,1.0
65.92644,137.47882,-4.6774383,54.59276,22.0,0.0,0.0,100.0,-7.0,7.0,8.0,15.0,4.0,31.0,2.0,3.0,3.0,28.0,69.271225,4.0,6.0992627,1.9949225,65.89065,1.0
61.229134,119.980484,2.0,-9.0,14.0,2.0,1.0,87.000755,9.141467,4.0,-5.2407146,15.0,7.163919,25.490967,0.0,0.0,0.0,32.0,85.551346,4.0,5.0,1.0,80.45046,1.0
67.89776,234.49077,3.1979635,71.0,36.0,1.0,0.0,88.621704,13.855235,6.0,2.0,41.627605,2.0,11.0,1.0,1.0,1.0,16.26043,91.6922,8.0,3.0,1.0,50.0,1.0
68.0,154.41537,2.0,79.57275,13.0,1.8829505,1.0,96.0,27.843351,6.0,4.0,14.0,4.067047,35.0,1.0,1.0,1.0,53.411167,95.8013,2.0,3.1297073,0.0,79.70063,1.0
60.478115,-1.9316745,4.0,12.613292,31.694614,0.0,0.0,100.0,-7.0,6.0,8.0,32.0,2.0,66.50669,0.0,3.0,3.2737935,63.770947,84.76136,7.0,3.668572,4.0,88.0,1.0
62.881935,74.71254,-9.0,16.036346,16.0,3.7288213,3.8949058,100.0,-7.0,6.0,8.0,16.288332,4.0,13.851706,2.0,0.0,0.0,7.9262624,134.61058,3.0,2.0,0.0,50.0,1.0
72.20153,207.36101,2.0,60.857494,16.0,0.0,0.0,100.0,-7.0,7.0,8.0,17.0,3.0,46.992462,0.0,2.0,1.8407929,35.686935,84.01485,3.0,3.0,0.0,80.0,1.0
62.0,210.53938,8.815175,86.0,9.071272,2.136591,0.0,82.46285,17.937006,4.235022,2.0,8.0,1.0,52.990726,0.0,2.0,2.0,46.813248,59.54958,2.0,4.0,0.0,88.35483,1.0
62.0,-8.0,4.4752707,24.661545,13.0,0.0,0.0,100.0,-7.0,7.0,8.0,12.0,2.0,25.0,-7.0,2.0,2.0,50.94835,71.0,7.355779,2.0,4.0,77.84475,1.0
63.353283,111.75022,27.295034,71.0,3.3650005,0.0,0.0,77.02743,4.0,4.0,6.0,5.3000326,0.0,35.676674,-7.0,0.0,0.0,85.37755,-8.0,1.0,1.0,0.0,63.0,1.0
-9.0,118.8935,10.0,65.54383,3.401043,1.0,1.0,16.093054,6.0,6.0,3.4060247,7.467995,1.0,26.697084,0.0,2.0,1.0,94.18181,72.40015,2.0,2.0,1.1523063,83.0,1.0
53.083157,111.755844,1.0,40.468582,12.0,0.0,0.0,81.09319,3.726611,4.0,6.0,12.651801,3.0,25.848202,0.0,1.6689364,1.0,35.737774,94.306335,8.0,2.0,0.0,80.0,1.0
65.75576,373.0552,1.9398744,64.43608,19.0,1.0,0.0,93.0,2.0,-9.0,6.0,24.0,5.0,56.204117,0.0,16.877493,17.005049,45.294914,50.62183,2.0,3.0,0.4431692,63.53333,1.0
59.421154,133.03577,2.0,46.01535,30.0,2.0,0.0,83.13955,61.44748,6.0,4.0,39.22544,8.261924,99.26128,-7.0,3.185139,3.0,63.83017,78.70533,3.0,21.464388,2.0,100.0,1.0
-9.0,227.85652,24.344162,71.0,13.0,0.0,0.0,80.244545,7.4038415,5.7027636,6.0,20.0,0.0,-9.0,0.0,0.0,0.0,119.085976,-8.0,11.0,-8.0,4.7635174,86.0,1.0
57.15631,139.24126,5.0,37.835526,8.0,1.0,1.0,82.522415,7.7231226,6.0,2.0,11.0,2.0,67.76814,0.0,1.0,1.0,0.0,-8.0,0.0,1.0,0.0,44.0,1.0
-9.0,69.491936,5.0,41.261185,17.0,0.0,0.0,86.029205,11.45719,6.0,6.0,18.0,4.0,45.0,0.0,4.0,3.838684,70.347946,53.324184,6.0,2.8112488,2.4650092,80.0,1.0
67.5401,199.72948,34.793633,88.01348,16.611847,0.0,0.0,90.88832,37.84357,6.0,6.0,14.0,0.0,9.818551,0.0,1.4455752,1.0,91.04214,-8.0,7.0,1.0,3.7866685,95.680954,1.0
61.61517,117.78047,7.0,59.26644,12.0,2.3228998,1.0,76.68299,21.97812,6.0,2.0,14.0,3.0,30.353971,0.0,1.0,1.0,67.670105,82.113525,9.0,4.0,2.0,100.0,1.0
74.902565,180.89311,28.410587,63.576385,7.0,0.0,0.0,100.0,-7.0,7.0,8.0,8.152882,0.0,93.7815,0.0,0.0,0.0,-9.0,-8.0,0.0,-8.0,-8.0,17.33725,1.0
69.0,-9.0,9.0,-9.0,1.3431269,0.0,0.0,100.0,-7.0,7.0,8.0,4.1799755,1.0,77.3667,0.0,1.0,1.0,0.0,54.866867,1.0,1.0,0.0,68.497505,1.0
65.0,127.61304,16.0,68.374535,22.0,0.0,0.0,100.0,-7.0,7.0,8.0,27.0,0.0,66.24478,-7.0,2.0,2.0,94.46179,54.544758,5.0,5.3512135,3.0,100.0,1.0
66.0,119.45171,10.0,48.37441,6.0,3.5965397,0.0,58.870834,37.580612,6.0,2.0,7.0,1.0,40.0,0.0,2.0,2.0,40.922146,-0.85489285,2.0,2.0,0.0,75.0,1.0
65.27195,184.40315,7.0,37.152065,5.2963195,0.0,0.0,63.15059,-2.5812669,-9.0,5.0,9.0,1.0,95.07737,0.0,0.0,0.0,1.0,-8.0,0.0,2.0,0.0,80.0,1.0
59.91244,95.44849,15.0,63.0,4.2753663,0.0,0.0,100.0,-7.0,7.0,8.0,7.0,0.0,56.21056,-8.0,2.0,2.0,119.98903,-8.0,2.0,1.0,0.0,100.0,1.0
69.0,147.59045,21.168682,57.306152,13.0,0.0,0.0,100.0,-7.0,7.0,8.0,12.454936,0.0,64.773094,0.0,2.0,2.0,94.70295,70.503,2.0,3.0,1.0,79.697586,1.0
-9.0,70.74363,5.0,-9.0,49.124348,0.0,0.0,100.0,-7.0,7.0,8.0,50.63729,10.842577,32.197422,1.0,1.0,1.0,73.718,77.63853,10.07177,5.1330914,4.122525,76.39783,1.0
-9.0,157.66428,23.202074,58.95875,4.4939322,1.0,0.0,83.11323,6.6221247,-9.0,4.0,9.0,1.0,76.685875,0.0,1.0,0.0,82.22357,22.729647,1.0,1.0,0.0,86.0,1.0
63.390873,152.19485,4.0,66.33392,27.0,0.0,0.0,100.0,-7.0,7.0,8.0,27.0,4.0,42.0,0.0,2.0,1.0,88.67945,76.94224,9.0,4.0,2.0,98.65637,1.0
62.0,-9.0,5.0,-9.0,12.14356,0.0,0.0,100.0,-7.0,6.0,8.0,15.0,2.0,7.630499,0.0,2.0,2.0,50.56838,-8.0,7.095225,-9.0,3.0,74.55523,1.0
-9.0,25.166164,9.79328,39.835762,14.0,3.7676952,2.0,-9.0,3.0275664,3.024,-9.0,17.0,0.0,36.84314,0.0,5.560075,5.4738073,94.83616,82.04339,5.0,4.0,4.0,100.0,1.0
-9.0,125.534256,2.0,53.755634,13.588176,6.4029274,8.448814,75.08716,0.23271792,-9.0,3.0,19.0,5.464791,57.83353,0.0,2.304393,2.0,47.522366,100.0,5.0,4.7294297,1.0,88.67722,1.0
59.736465,146.34676,19.338781,41.71353,8.0,1.0,0.0,80.79493,3.0,6.0,5.076806,10.220804,0.0,99.40038,0.0,2.0,2.0,1.0,46.521114,0.0,2.4760284,0.0,83.0,1.0
60.39683,160.2764,9.0,53.124622,33.977764,4.5007324,1.0,82.392494,11.931964,6.0,2.0,40.526245,4.0,56.37746,0.0,0.0,0.0,49.79099,100.0,5.0,22.29137,1.0,75.0,1.0
-9.0,-9.0,4.0,-9.0,27.139019,0.0,0.0,96.0,12.82816,6.0,6.0,25.0,4.0,33.725025,1.0,0.0,0.0,93.71123,86.30804,12.769898,2.0,3.3744345,81.58377,1.0
67.0,80.59117,3.0,45.88982,24.0,0.0,0.0,100.0,-7.0,7.0,8.0,23.12642,3.0,35.0,0.0,0.0,0.0,59.038815,100.0,6.0,3.3595574,3.0,64.0,1.0
72.0,32.82879,16.0,39.374187,5.0433207,0.0,0.0,100.0,-7.0,7.0,8.0,8.211996,0.0,86.916916,0.0,2.0,1.0,23.048723,-8.0,2.0,1.0,0.0,100.0,1.0
66.0,138.8171,6.0,56.444454,17.0,1.0,0.0,86.365204,29.479588,6.0,5.0,17.0,2.0,57.17821,0.0,0.0,0.0,59.17583,71.62313,3.0,3.0,1.0,100.0,1.0
57.485355,129.92737,5.0,-9.0,19.058825,0.0,0.0,100.0,-7.0,7.0,8.0,18.0,4.0,28.0,-7.0,0.0,0.0,110.615845,49.39212,7.0,3.0,4.8360534,88.62054,1.0
55.071068,223.24977,1.0,65.0,29.0,1.0,0.0,86.82784,-7.0,-9.0,5.0,40.266384,6.0,11.537893,0.0,5.9043236,6.199357,44.91045,-8.0,9.961274,1.0,2.0,73.0,1.0
55.587723,152.67398,4.0,44.30506,29.967163,1.0,1.0,93.0,2.0,-9.0,5.0,42.86352,5.431607,31.0,0.0,3.0,3.0,42.525692,72.594124,8.849219,4.0,1.0,80.0,1.0
57.990726,135.78278,17.0,97.0,16.342909,4.8884954,3.2303324,82.03138,2.0,0.016967075,5.622472,18.0,0.0,68.54784,0.0,3.0,2.0,59.776665,74.46373,2.0,5.520964,1.0,100.0,1.0
59.34738,179.70927,13.0,97.0,12.0,1.995042,1.0,-9.0,11.375537,4.0,6.0,15.0,0.0,34.33177,0.0,0.0,0.0,79.592094,65.14746,5.0,2.0,1.0,88.9586,1.0
64.0,138.42009,3.0,36.471916,12.0,3.9583056,2.0,78.088806,40.404926,6.0,2.0,18.0,5.546318,50.536755,0.0,3.0,3.0,45.727924,86.61356,2.0,4.0,0.0,88.0,1.0
78.0,152.12312,40.11097,71.0,-9.0,0.0,0.0,100.0,-7.0,7.0,8.0,4.3264008,0.0,98.629585,-7.0,1.1449398,1.0,-8.764465,-8.0,-9.0,1.0,0.0,80.0,1.0
24.65474,201.6932,10.0,70.07903,17.0,0.0,0.0,80.86795,6.688563,4.0,6.0,17.0,0.0,13.0,0.0,1.0,1.0,99.51679,-8.0,5.0,2.0,3.0,83.0,1.0
60.403957,206.76971,15.0,70.33588,6.712909,3.5161307,3.6424124,100.0,-7.0,7.0,8.0,8.238535,0.0,70.12504,-7.0,0.0,0.0,91.27041,56.31741,1.0,1.0,-8.0,100.0,1.0
68.0,205.03242,19.297031,61.714783,9.838544,0.0,0.0,88.0,31.587221,6.0,6.0,15.0,1.0,65.195366,0.0,0.0,0.0,52.363594,57.224648,4.0,3.0,1.0,75.0,1.0
-9.0,195.81927,2.0,46.957035,30.179478,0.0,0.0,94.74735,-0.6912133,4.0,6.0,40.949596,5.0,37.0,1.0,1.0,1.0,66.65574,60.69052,11.0,2.0,3.0,79.65929,1.0
68.0,101.426956,6.0,36.543407,10.0,0.0,0.0,84.191574,66.04516,6.0,6.0,10.0,2.0,45.245914,-7.0,1.0,0.0,51.881275,72.64714,2.0,2.0,0.0,100.0,1.0
63.0,101.3869,40.409443,74.15027,4.432113,3.0,0.0,24.507067,4.0,6.0,4.0,0.25571483,0.0,91.87273,0.0,2.0,2.0,0.013381344,81.34545,0.7767252,2.0,0.0,75.0,1.0
70.0,137.23958,5.0,65.0,13.0,1.5984981,1.0,80.57664,23.968922,4.0,2.0,14.0,3.0,52.75496,0.0,4.0,4.0,33.24739,41.04453,3.0,3.0,0.0,89.09626,1.0
60.93255,145.40125,2.0,52.22308,48.48196,0.0,0.0,98.0,67.626495,6.0,6.0,51.280014,3.4251375,47.0,0.0,2.0,2.0,84.175545,-8.0,9.0,7.330341,4.0,90.46144,1.0
60.376812,-9.0,1.0,-2.2346306,12.0,0.0,0.0,100.0,-7.0,7.0,8.0,12.0,4.0,14.576223,0.0,2.0,2.0,49.269302,73.427574,7.0,2.0,3.0,69.60925,1.0
67.0,121.70803,2.0,0.38571477,13.261013,0.0,0.0,100.0,-7.0,7.0,8.0,12.0,2.0,77.19035,0.0,4.0,4.0,1.0,94.68244,1.0,4.9305377,0.0,75.83356,1.0
68.03703,65.73706,35.35837,58.0,9.0,0.0,0.0,100.0,-7.0,7.0,8.0,12.544582,0.0,56.653507,0.0,0.0,0.0,116.93678,38.48287,2.0,2.0,1.0,88.156364,1.0
56.9633,103.74637,7.0,32.987164,30.0,0.0,0.0,100.0,-7.0,7.0,8.0,39.82439,9.533034,31.0,3.0,1.0,1.0,47.966938,89.6016,7.651313,6.0,2.0,64.07858,1.0
-9.0,131.82726,52.211052,29.645493,-9.0,8.560287,3.4280448,-9.0,39.834282,6.0,3.0,7.0,0.0,100.0,0.0,0.84932214,0.0,30.021378,-8.0,-9.0,1.0,-9.0,100.0,1.0
-9.0,-8.0,2.0,34.39785,17.0,0.0,0.0,100.0,-7.0,6.0,8.0,17.0,6.2884636,24.0,1.1442946,3.730858,3.0540125,84.85367,89.84589,9.695677,2.0,4.800398,100.0,1.0
66.44091,147.78557,5.449127,57.409275,36.0,0.0,0.0,96.0,23.56651,6.0,6.0,31.0,1.0,19.0,0.0,2.4924417,2.0,29.976551,49.107105,8.0,2.0,1.7229167,60.0,1.0
57.251453,84.418076,1.0,30.26002,12.0,0.0,0.0,100.0,-7.0,7.0,8.0,10.0,5.080975,50.0,-7.0,4.0,4.0,93.70822,93.839294,4.0,3.0,2.0,85.33977,1.0
66.0,47.59042,3.0,27.043945,8.0,0.0,0.0,100.0,-7.0,7.0,8.0,5.978298,2.0,87.43431,0.0,4.0,4.0,2.0,53.144543,1.0,2.3511617,0.0,83.0,1.0
57.426025,-8.0,3.543056,-9.0,11.532573,0.0,0.0,100.0,-7.0,7.0,8.0,9.0,4.469677,37.0,1.0,1.0,1.0,76.96644,58.38276,3.0,2.0,2.0,67.0,1.0
-9.0,-8.0,20.068357,10.035279,-9.0,0.0,0.0,100.0,-7.0,7.0,8.0,-9.0,0.0,99.99939,-7.0,1.0,1.0,-8.515596,-8.0,-9.0,1.0,-9.0,100.0,1.0
58.88094,168.60483,5.0,70.59251,30.0,1.0,1.0,87.00257,6.9510794,5.090333,2.0,34.0,4.0,33.0,0.0,5.0,5.0,61.02859,-8.0,9.0,6.0,1.5361018,83.379074,1.0
75.0,126.39278,3.0,45.988792,15.0,0.0,0.0,95.0,6.657752,4.0,6.0,15.0,3.0,29.849987,0.0,1.0,1.0,19.79365,82.0,2.0,3.0,0.0,58.0,1.0
59.8641,-8.403078,9.0,16.615154,11.909629,0.0,0.0,100.0,-7.0,7.0,8.0,11.0,2.0,36.459053,0.0,4.0,3.578788,65.22343,45.540707,5.0,4.0,1.0,78.0,1.0
67.02909,-9.0,10.0,-9.0,-7.340822,0.0,0.0,100.0,-7.0,7.0,8.0,0.91429687,2.0,86.970314,0.0,0.0,0.0,1.0,84.663704,0.0,1.0,0.0,70.0,1.0
63.0,-8.0,2.0,31.194378,31.632326,2.014629,2.0443106,100.0,-7.0,6.0,8.0,32.0,10.147728,33.0,0.0,2.0,1.0,36.746925,95.22547,10.284094,8.901379,4.0,83.0,1.0
58.287514,77.58437,3.0,46.799706,21.0,0.0,0.0,88.18748,10.695448,6.0,6.0,18.0,4.0,52.65174,0.0,2.0,2.0,60.976067,56.50172,5.761607,2.0,2.0,80.0,1.0
64.0,157.15717,2.0,63.0,21.0,0.0,0.0,100.0,-7.0,7.0,8.0,24.331842,5.0,45.684288,0.0,2.0,2.0,75.33936,87.844154,4.2335124,5.0,4.0,88.07945,1.0
-9.0,113.960754,2.0,36.51915,-9.0,9.780629,6.7072177,-9.0,28.162542,5.996195,2.0,9.0,3.0,59.05244,-7.0,4.0,4.0,114.57304,92.03073,1.0,2.0,0.0,100.0,1.0
69.0,39.133675,3.0,4.2341766,21.0,0.0,0.0,100.0,15.610343,6.0,6.0,23.0,4.0,32.0,0.0,2.0,2.5047677,35.05084,67.48958,5.0,4.0,0.0,67.0,1.0
56.286438,113.50222,3.0,36.204548,4.371483,1.0,1.0,95.0,-7.0,-9.0,6.0,3.994295,1.0,45.0,0.0,4.0,4.0,12.194429,81.160614,1.0,2.0,0.0,67.0,1.0
65.77306,261.5529,-5.7786875,46.147556,15.0,0.0,0.0,100.0,-7.0,7.0,8.0,20.0,4.0,39.489964,0.0,1.0,1.0,73.95083,98.287094,4.0,3.0,1.0,100.0,1.0
66.0,384.98026,2.0,94.0,17.0,0.0,0.0,82.840576,3.340692,-0.8573858,6.0,21.0,3.0,37.0,0.0,0.0,0.0,41.609203,73.681526,5.0,4.0,1.0,64.0,1.0
65.0,149.55856,3.0,52.829277,15.9457855,0.0,0.0,90.81054,1.0,3.7918408,5.9214,19.0,3.0,20.0,1.0,0.0,0.0,32.0,37.785004,6.0,3.0,0.0,69.42577,1.0
54.74901,14.114082,7.0,50.760372,16.0,0.0,0.0,100.0,-7.0,7.0,8.0,12.0,3.0,33.777046,0.0,0.0,0.0,70.85179,78.891304,4.0,3.9272828,1.0,82.93181,1.0
71.0,182.02945,7.0,58.0,20.0,0.0,0.0,87.61441,40.335793,6.0,6.0,27.90193,2.0,61.26534,0.0,1.0,0.8956644,39.169075,92.950096,4.0,4.0,0.6986208,75.0,1.0
59.404526,306.3341,22.188938,122.5484,5.7838044,0.0,0.0,83.72351,13.660245,6.0,5.0,3.9843347,0.0,35.0,0.0,2.0,2.0,119.9744,-8.0,4.0,2.0,0.0,100.0,1.0
58.442257,28.832434,1.0,-6.206001,5.5351486,0.0,0.0,88.468605,24.465345,6.0,6.0,2.8576932,4.0,60.207783,0.0,5.490616,6.280731,54.483234,98.11741,3.0,2.0,3.0,86.0,1.0
61.47354,219.74837,8.0,100.22044,6.273753,2.0,0.0,77.4059,26.5379,6.0,2.6192787,8.0,2.0,22.0,0.0,0.0,0.0,102.54998,104.71127,5.0,1.0,2.0,100.0,1.0
70.0,153.70319,27.452919,57.289143,-3.2360458,0.0,0.0,100.0,-7.0,7.0,8.0,4.0736985,0.0,58.333836,0.0,0.0,0.0,100.711334,-8.0,2.0,1.0,2.0,100.0,1.0
57.70739,112.29399,15.0,29.055393,3.2941515,0.0,0.0,100.0,-7.0,7.0,8.0,7.0,0.0,99.35833,-7.0,1.0,1.0,0.0,98.10139,0.0,1.0,-8.0,86.0,1.0
59.594933,173.8085,5.609306,58.0,28.0,0.0,0.0,100.0,-7.0,7.0,8.0,28.0,2.0,-9.0,2.0,0.0,0.0,93.55424,-8.0,6.0,1.0,4.0,71.769356,1.0
66.521935,124.280655,1.0,33.273895,26.0,0.0,0.0,100.0,-7.0,7.0,8.0,30.598057,10.787865,24.0,0.0,2.0,2.0,19.0,99.38703,9.552863,2.0,1.0,75.0,1.0
23.96375,56.786247,7.0,-4.641545,18.0,0.0,0.0,96.0,9.051325,4.0,6.0,19.0,2.0,50.259106,-7.0,0.0,0.0,89.03478,88.0,9.083895,3.0,2.5899758,85.64763,1.0
58.371136,156.50064,3.0,29.061575,16.0,1.0,0.0,80.779884,23.584858,6.0,5.0,17.0,4.0,33.0,-3.0851452,2.0,2.0,59.49348,72.93717,5.0,6.0,0.0,100.0,1.0
60.19264,151.53537,30.587025,94.379005,11.161746,0.0,1.0,79.5719,17.822393,6.0,5.9672384,7.0,0.0,20.0,0.0,3.0,2.2911146,101.342415,-8.0,4.0,1.0,3.0,100.0,1.0
62.341995,146.51225,15.0,58.773415,8.8309965,2.0,0.0,83.06342,10.569038,6.0,2.0,9.0,0.0,70.750015,0.0,3.0,2.0,91.77412,-8.0,2.0,1.0,0.0,100.0,1.0
62.957478,152.67537,2.0,48.29626,15.0,0.0,0.0,100.0,-7.0,7.0,8.0,15.0,3.0,55.60669,0.0,4.0,3.0,89.29721,65.84078,2.0,3.0,1.0,91.177414,1.0
65.53839,42.879257,15.0,-9.0,4.4761724,0.0,0.0,100.0,-7.0,7.0,8.0,3.402235,0.0,86.29748,1.0,0.0,0.0,35.347847,79.503944,1.0,2.0,0.0,91.17689,1.0
-9.0,136.43033,6.0,46.58932,27.0,0.0,0.0,92.0,10.468158,6.0,6.0,27.0,3.0,41.0,-7.0,0.0,0.0,96.12225,83.14873,7.0797524,4.0,2.0,100.0,1.0
66.0,-6.906222,5.0,34.360287,28.0,0.0,0.0,96.0,52.530827,6.0,6.0,31.01197,3.0,50.0,-8.0,1.0,1.0,60.542908,32.827366,5.0,4.0,3.0,64.0,1.0
-9.0,102.66403,3.0,-9.0,13.0,0.0,0.0,86.225784,-0.94196415,-9.0,6.0,11.167179,6.0,9.701197,0.0,1.0,1.0,61.57514,-8.0,8.0,-8.0,1.0,80.0,1.0
60.982037,82.654755,23.69318,-9.0,11.0,0.0,0.0,85.176994,30.97818,6.0,5.0,12.0,0.0,64.85076,0.0,2.0,1.0,119.32646,84.021774,1.0,7.21007,1.0,80.84961,1.0
-2.4811218,139.78227,36.921566,90.0,4.055877,4.999878,3.8834333,-9.0,2.3220994,4.0,2.0,7.1877995,0.0,68.922585,0.0,0.0,0.0,3.6712863,-8.0,1.0,1.0,0.0,70.670425,1.0
56.542572,91.96612,2.0,32.40975,15.0,0.0,0.0,93.0,4.0,6.0,6.0,14.0,5.0,29.0,1.0,2.0,2.0,59.45365,89.03524,3.1517482,3.0,2.0,58.86009,1.0
52.186146,145.4313,1.0,47.479256,24.0,0.0,0.0,100.0,-7.0,7.0,8.0,23.7528,4.0,20.0,0.0,2.0,2.0,67.589836,82.0,11.406792,4.0,7.568594,83.0,1.0
62.0,-4.361184,4.0,-9.0,-9.0,0.0,0.0,100.0,-7.0,7.0,8.0,2.3118682,2.0,90.37182,0.0,3.0,3.0,26.735731,79.73861,1.0,2.0,0.0,70.0,1.0
-9.0,240.40999,2.0,73.05402,41.84287,10.325433,1.0,68.945465,-7.0,-9.0,5.0,50.335403,10.858278,17.0,0.0,3.0,2.0,41.7062,49.562115,9.0,2.0,1.0,64.155754,1.0
-9.0,-8.0,2.9305255,-9.0,39.41932,0.0,0.0,90.0,39.06938,6.0,6.0,43.186035,10.165702,33.54955,1.0,2.0,2.0,52.379112,67.02827,16.281431,4.0,1.7763673,100.0,1.0
58.93833,153.88194,0.8335589,35.341793,28.0,0.0,0.0,100.0,-7.0,7.0,8.0,30.0,10.905883,41.0,0.0,4.0,4.0,72.16977,38.29082,6.0,4.0,4.0,75.0,1.0
68.63118,106.37902,4.0,-9.0,-9.0,0.0,0.0,100.0,-7.0,7.0,8.0,-9.0,2.0,99.09316,0.0,1.0,1.0,1.0,74.85075,-7.620378,2.0,0.0,90.36846,1.0
55.077488,152.34705,10.0,41.059055,6.5824485,1.0,0.0,77.98683,11.470637,6.0,3.5048585,11.0,0.0,33.0,-7.0,0.0,0.0,102.484985,44.487465,3.0,2.0,1.0,95.27958,1.0
68.98251,177.30457,6.0,58.404243,32.0,0.0,0.0,100.0,-7.0,7.0,8.0,28.0,3.0,41.0,0.0,0.0,0.0,37.857327,3.2336674,7.0,2.0,2.0,64.0,1.0
-9.0,154.33783,2.0,47.12119,38.76115,0.0,0.0,92.0,25.46495,6.0,6.0,49.181152,4.0463758,33.0,3.0,1.0,1.0,108.245125,91.0,9.0,5.0,5.0719314,93.635605,1.0
72.0,67.719505,30.905796,45.64563,9.0,0.0,0.0,84.654274,40.093166,6.0,6.0,7.075918,0.0,98.97688,0.0,2.0,1.0,45.32905,51.775215,1.0,3.0,-8.678052,100.0,1.0
56.611618,69.81755,4.0,-9.0,17.0,0.0,0.0,100.0,-7.0,7.0,8.0,18.0,5.0,41.0,0.0,4.0,4.53648,70.45068,-8.0,5.0,4.0,2.0,75.0,1.0
69.0,59.685375,4.0,-5.0918937,4.0627685,0.0,0.0,100.0,-7.0,7.0,8.0,3.9821103,1.0,99.17592,-7.0,2.0,2.0,1.0,49.001923,-3.6362038,2.0,-8.0,67.0,1.0
70.51599,106.36896,22.481295,70.0,4.315601,2.0,1.0,70.17944,40.9798,6.0,2.0,3.988726,0.0,97.27448,0.0,2.0,2.0,0.0,-8.0,0.0,1.0,-9.0,100.0,1.0
62.27113,181.51108,2.0,63.51254,19.0,3.3255637,2.0077727,78.730354,6.1119404,4.0,4.0,22.0,2.0,27.0,0.0,1.0,1.0,45.236958,100.0,4.0,2.0,1.0,67.0,1.0
65.0,147.87338,1.0,38.838287,20.0,1.1910964,1.0,94.0,45.859352,6.0,2.0,30.0,7.591384,13.557328,0.0,2.0,3.0,25.861467,-8.0,5.0,2.0,0.0,67.0,1.0
71.0,-9.0,20.0,36.594234,7.851742,0.0,0.0,100.0,-7.0,7.0,8.0,2.235701,0.0,99.999245,0.0,2.0,2.0,-9.0,91.58186,-6.591002,1.0,-8.0,63.38768,1.0
72.0,134.77539,5.0,61.0,10.741413,0.0,0.0,100.0,-7.0,6.0,8.0,9.0,2.0,43.0,-7.0,0.0,0.0,81.62489,41.1323,2.0,2.0,0.0,63.0,1.0
-9.0,-4.241569,4.0,-9.0,5.4595065,0.0,0.0,100.0,-7.0,7.0,8.0,9.0,3.0,53.985714,0.0,1.0,1.0,119.35675,64.494576,2.0,5.0,2.0,100.0,1.0
62.0,145.5219,7.0,41.68426,19.0,0.0,0.0,95.0,6.0,4.0,6.0,21.0,1.0,41.0,0.0,2.0,2.0,79.07843,73.34525,5.0,5.0,2.0,81.491646,1.0
-9.0,-8.365622,2.0,-9.0,2.6613426,0.0,0.0,100.0,-7.0,7.0,8.0,7.046848,5.0,33.0,-7.0,2.0,2.0,80.14864,-8.0,3.0,1.0,0.0,77.133194,1.0
59.92791,54.05021,25.90486,47.166748,0.3465915,2.0,0.0,-9.0,11.306943,4.0,4.0,5.2627077,0.0,86.83792,2.0,0.0,0.0,59.564205,84.02929,1.0,2.0,0.0,100.0,1.0
54.636093,307.3347,5.0,74.0,34.392338,2.0,0.0,81.606834,16.989225,6.0,3.0,41.03785,3.0,24.0,1.0,4.0,3.0,67.172844,72.8843,11.0,2.0,4.3065023,86.0,1.0
66.0,326.99823,10.0,86.0,13.0,0.0,0.0,83.497505,26.727861,6.0,6.0,10.0,1.0,10.960793,0.0,0.0,0.0,67.25424,-8.0,7.7252316,-8.0,1.0,100.0,1.0
63.0,100.60368,5.0,-9.0,9.0,0.0,0.0,100.0,-7.0,7.0,8.0,10.041138,3.0,60.632683,1.0,0.0,0.64559823,58.11864,81.66793,2.0,2.0,1.0,57.0,1.0
54.212193,201.57147,2.0,93.41024,10.075121,1.0,0.0,55.951496,17.89401,4.0,5.0,9.0,2.0,68.95675,1.0,2.0,2.0,94.868484,66.02473,3.0,3.0,4.0,100.0,1.0
66.0,274.9977,8.0,69.01963,12.344337,0.0,0.0,83.26517,7.8764157,4.0,6.0,13.0,1.0,15.0,-7.0,0.0,0.0,46.406677,-8.0,6.0,1.0,2.0,88.78213,1.0
-9.0,143.7178,11.135591,75.66196,28.0,4.721529,2.0,79.06181,-7.0,-9.0,6.0,33.93911,2.0,66.61757,0.0,6.9985566,6.738219,94.99049,71.69107,5.0,4.0,3.0,84.4507,1.0
62.944195,97.756516,13.0,40.415314,22.0,3.0,3.3320649,91.0,69.20335,6.0,3.34117,29.0,3.0,54.786537,-7.0,2.0,1.0,28.0,50.285984,3.0,4.0,0.0,71.0,1.0
71.93447,64.08432,6.7142215,39.263733,9.85165,0.0,0.0,100.0,-7.0,7.0,8.0,10.89091,2.0,44.0,0.0,1.0,1.0,45.041195,91.0,2.0,2.0,0.0,71.0,1.0
61.672543,184.90134,33.5585,77.0,13.0,0.0,0.0,60.818794,2.0,4.0,6.0,15.0,0.0,53.380466,0.0,1.0,0.0,33.54691,3.9217622,2.0,2.0,0.0,76.512054,1.0
71.0,133.62044,15.0,65.596634,30.0,0.0,0.0,100.0,-7.0,6.0,8.0,39.95995,0.0,50.0,0.0,1.0,1.0,12.600447,-8.0,2.0,2.0,0.0,67.0,1.0
65.0,157.78806,4.0,89.13977,36.0,2.9957807,1.0,88.0,58.607906,6.0,4.0,30.0,6.637437,25.0,0.0,5.4864664,4.8119583,64.477776,45.94193,26.191896,4.325445,1.0,86.0,1.0
69.0,-9.0,2.0,-9.0,17.27787,1.0,1.0,97.0,13.386395,6.0,2.0,14.0,7.1154394,11.045772,0.0,1.0,2.0,13.26228,85.18242,5.0,2.0,0.0,44.615555,1.0
-9.0,-9.0,5.0,23.497816,16.0,0.0,0.0,100.0,-7.0,7.0,8.0,16.0,2.0,35.0,0.0,4.0,4.0,114.77432,91.62104,7.0,2.0,4.552123,100.0,1.0
66.0746,-8.814389,17.0,59.00811,26.0,0.0,0.0,100.0,-7.0,7.0,8.0,12.0,0.0,11.307409,0.0,5.9564023,5.0,36.0,-8.0,7.0,1.0,3.0,43.065258,1.0
66.99461,176.81372,3.0,47.5862,8.0,0.0,0.0,100.0,-7.0,7.0,8.0,9.0,1.0,52.852066,2.641108,1.0,1.0,71.924355,98.241234,2.5988708,2.0,2.0,66.37453,1.0
57.961838,79.07665,5.663065,44.056538,17.0,0.0,0.0,89.0,24.258512,6.0,6.0,20.429476,3.0,47.892815,0.0,4.0,4.0,60.566853,77.77331,5.0,4.0,0.0,100.0,1.0
68.0,184.74,11.0,8.073908,-8.260929,0.0,0.0,100.0,-7.0,7.0,8.0,14.0,1.0,99.78197,2.0,1.0,1.0,0.0,71.558876,-9.0,2.0,-9.0,75.0,1.0
-9.0,142.69374,17.0,53.995934,7.0,2.0,2.0,77.22024,-7.0,-9.0,5.0,8.66102,0.0,28.712198,0.0,0.0,0.0,49.82914,82.0,2.0,2.0,1.0,73.0,1.0
57.320267,97.15899,4.0,-9.0,-6.078891,0.0,0.0,100.0,-7.0,7.0,8.0,5.706714,2.0,40.72215,0.0,0.0,0.0,89.099525,94.89692,3.0,2.0,0.0,100.0,1.0
-9.0,84.98672,1.0,51.06997,31.498623,0.0,0.0,96.0,42.667984,6.0,6.0,38.825443,3.0,14.2844715,3.0157673,0.0,0.0,82.56248,72.83923,13.038288,3.0,5.969858,93.84568,1.0
65.188156,150.9818,6.35905,40.055035,14.0,0.0,0.0,100.0,-7.0,7.0,8.0,17.0,1.0,0.0,0.0,2.0,2.0,68.69828,38.387028,5.778768,2.0,0.0,68.75552,1.0
69.0,67.46062,16.0,-9.0,6.5768633,0.0,0.0,100.0,-7.0,7.0,8.0,5.6800714,0.0,99.44923,0.0,1.0,1.0,0.0,26.451496,0.0,2.0,0.0,87.605675,1.0
-9.0,172.025,3.0,50.114334,44.961372,0.0,0.0,100.0,-7.0,7.0,8.0,53.044666,4.0,33.0,0.0,6.8577795,6.9769883,68.24706,44.115417,10.615712,4.0,5.5064507,67.0,1.0
-8.556408,170.19275,29.91173,63.0,23.0,2.0,0.0,68.73444,-7.0,-6.2281566,5.0,27.0,0.0,24.575476,0.0,2.0,1.0,61.575768,71.38992,6.0,4.0,2.0,71.0,1.0
64.0,-7.292566,2.0,47.009846,16.748762,1.0,1.0,100.0,-7.0,6.0,8.0,17.309427,3.0,40.0,0.0,2.0,2.0,15.498534,-8.0,4.0,4.6413755,0.0,60.0,1.0
72.0,59.34197,3.0,27.76788,7.0,0.0,0.0,100.0,-7.0,7.0,8.0,6.7667346,2.0,37.211323,0.0,3.0,3.0,-3.8904386,-8.0,1.0,-9.0,0.0,-9.0,1.0
-9.0,-9.0,2.0,-9.0,18.0,0.0,0.0,100.0,-7.0,7.0,8.0,21.0,9.545742,24.0,0.0,0.0,0.0,100.724686,-8.0,12.737949,1.0,9.262785,100.0,1.0
65.0,152.2221,-9.0,40.30885,15.0,0.0,0.0,97.0,30.345266,6.0,6.0,18.0,5.0,28.0,0.0,4.0,4.0,83.12262,142.79501,2.0,2.8085818,0.0,80.0,1.0
-9.0,205.45192,15.0,58.635105,17.0,0.0,0.0,81.462814,1.0,4.0,6.0,17.0,0.0,20.0,0.0,3.0,3.0,104.47204,-8.0,9.0,3.0,5.5522532,78.0,1.0
61.732853,166.25166,26.3345,65.889206,-9.0,3.4761035,0.0,60.350124,58.835697,6.0,5.0,-2.235853,0.0,100.0,0.0,3.0,2.0,2.0,51.93838,0.0,2.0,0.0,85.24807,1.0
41.974834,142.01866,2.0,27.32625,17.179201,0.0,0.0,93.44079,7.6905518,4.0,6.0,19.0,10.242137,22.0,3.0,0.0,0.0,94.35987,88.0,7.0,4.0,1.0,80.0,1.0
62.333027,151.95795,11.0,68.0,14.118354,1.0,1.0,75.69318,2.3695552,4.0,4.0,17.0,1.0,45.992786,0.0,2.0,2.0,55.19834,66.34802,2.0,4.0,0.0,75.36425,1.0
70.0,80.75259,7.0,21.78682,4.626464,0.0,0.0,100.0,-7.0,7.0,8.0,8.0,2.0,-9.0,23.6085,0.0,0.0,13.748523,-8.0,3.0,-8.354532,0.0,64.0,1.0
-9.0,158.08362,9.053665,48.38958,15.0,0.0,0.0,92.0,-7.0,2.2679415,6.0,21.0,0.0,60.58909,1.0,5.850788,5.0,64.26029,80.410324,5.0,2.833032,0.0,88.462296,1.0
56.049732,142.7088,6.0,34.231976,15.0,3.3553963,0.0,74.033226,6.814205,0.0,5.867904,19.0,3.229626,5.353869,4.2841196,1.0,1.0,22.961843,95.1988,8.0,2.0,0.0,60.0,1.0
65.0,71.80981,3.8914318,52.877605,11.463243,0.0,0.0,100.0,-7.0,7.0,8.0,9.107122,2.0,20.84794,0.0,3.0,3.7398577,56.053947,-8.0,4.343178,-8.0,1.0,60.0,1.0
65.0,-8.0,3.0,-9.0,11.0,0.0,0.0,100.0,-7.0,7.0,8.0,12.415718,5.0,45.09606,-7.0,1.0,1.0,84.09936,86.462456,4.0,5.0,0.0,100.0,1.0
-9.0,90.61948,25.748615,61.59439,18.0,1.0,0.0,90.0,-7.0,-9.0,6.0,16.0,0.0,31.0,0.0,13.93079,11.831632,82.15318,71.0,3.0,3.519075,2.0,71.0,1.0
65.0,-8.757213,4.0,39.686195,30.0,0.0,0.0,95.0,24.507292,6.0,6.0,34.47634,3.0,61.59503,0.0,7.381972,8.774774,28.0,83.47148,7.0,11.38129,1.0,86.0,1.0
75.24189,118.34869,3.0,-9.0,10.0,0.0,0.0,100.0,-7.0,6.0,8.0,11.0,2.0,24.401587,7.0,0.0,0.0,0.0,-8.0,1.0,1.0,0.0,33.0,1.0
7.522383,120.33384,4.0,54.412437,17.0,4.949363,2.0,72.43107,36.305912,6.0,2.0,20.0,2.0,44.0,-7.0,0.0,0.0,55.954376,100.0,5.0,4.0,1.0,75.0,1.0
68.76,202.77185,6.0,99.189125,29.0,0.0,0.0,94.11425,21.296537,6.0,6.0,34.157005,1.0,38.0,0.0,2.0,2.0,22.299356,57.899193,5.0,6.9999948,0.0,91.99499,1.0
65.0,166.31435,6.0,68.11777,18.091116,4.177681,2.2580924,87.07188,6.0,1.9628326,2.0,23.0,2.0,64.92564,1.0,0.0,0.0,7.97069,-8.0,2.0,2.0,0.0,80.0,1.0
-9.0,153.10197,6.9457254,70.0,34.11869,2.0,1.0,80.52155,2.0,-9.0,2.0,37.913033,2.0,44.066216,-7.0,4.605105,4.0,80.76915,77.21713,11.0,5.0,5.1543565,71.0,1.0
-9.0,165.72385,11.409528,58.986794,9.0,1.0,0.0,60.513435,6.0,4.0,5.0,12.0,0.0,-9.0,0.0,3.0,2.0780108,78.83224,-8.0,4.0,1.0,2.0,75.466095,1.0
60.604076,50.503616,13.50848,-9.0,3.0338674,0.0,0.0,100.0,-7.0,7.0,8.0,5.0052695,0.0,45.0,-7.0,1.0,1.0,119.94424,76.610985,0.0,2.0,1.0,83.11891,1.0
57.77272,115.49186,5.0,-9.0,-9.0,0.0,0.0,100.0,-7.0,7.0,8.0,6.2399035,4.0,25.0,4.0,1.0,1.0,69.89068,-8.0,2.0,1.0,0.0,67.0,1.0
-9.0,185.00125,4.0,68.371445,36.0,0.0,0.0,100.0,-7.0,7.0,8.0,31.512875,2.0,56.408463,-7.0,0.0,0.0,80.53031,97.80062,10.321812,6.0,5.9708223,91.804214,1.0
61.20279,157.75603,4.0,68.11817,20.309568,4.4966497,0.7987886,72.13712,1.0714072,0.0,3.0,27.04868,2.0,41.0,0.0,0.0,0.0,21.0,-8.0,2.0,2.0,0.0,71.0,1.0
-9.0,116.736725,20.0,29.403374,9.385373,1.9387975,0.0,68.567345,21.157263,6.0,2.7883482,11.674285,0.0,77.11425,0.0,2.0,1.865304,101.581314,76.85604,1.0,3.0,2.0,89.43583,1.0
71.0,153.44916,15.0,51.08947,14.0,0.0,0.0,100.0,-7.0,7.0,8.0,19.0,0.0,99.675896,0.0,1.0,1.0,0.0,76.0,1.0,2.0,0.0,76.33216,1.0
-9.0,205.1401,4.0,30.88233,22.0,0.0,0.0,95.0,1.6472518,-2.370036,6.0,34.0,8.628758,27.0,0.0,1.0,1.0,51.915527,-4.30028,9.0,3.0,1.0,80.0,1.0
15.508637,122.24449,13.0,58.74299,18.0,8.199998,2.008022,40.531277,3.3403182,3.0,2.0,22.760794,0.0,25.128288,0.0,2.0,1.0,59.806408,95.37122,3.0,3.0,1.0,50.0,1.0
57.09369,125.497894,104.05405,71.55405,5.0863166,3.0,1.0,63.603558,-7.0,4.0,3.0,9.341732,0.0,1.5088795,0.0,2.0,2.0,116.618065,-8.0,2.6066642,1.0,2.0,100.0,1.0
-9.0,173.93695,15.0404215,58.0,14.0,0.0,0.0,91.879524,6.0,1.3734106,6.0,11.71751,0.0,33.0,0.0,3.0,3.0,119.15409,-8.0,4.06973,3.0,3.0,88.00572,1.0
58.882507,146.38184,13.0,17.037338,8.05178,0.0,0.0,91.671455,33.19355,6.0,6.0,8.0,1.0,42.0,0.0,0.0,0.0,112.905846,90.80289,4.0,2.0,3.3937087,100.0,1.0
70.0,49.825344,7.0,31.09739,9.0,0.0,0.0,100.0,-7.0,7.0,8.0,12.0,1.0,20.0,0.0,0.0,0.0,57.126396,70.221344,5.0,2.0,1.0,80.0,1.0
-9.0,44.3028,9.0,24.939087,8.0,3.8933606,3.2108421,62.632217,30.637625,4.8597503,2.0,16.0,3.0,42.0,0.0,2.0,2.0,92.142876,-8.0,2.0,2.0,0.0,80.0,1.0
69.0,125.84842,3.0,41.40306,13.0,0.0,0.0,96.79277,4.334476,6.0,6.0,10.385536,1.0,45.0,0.0,2.0,2.0,0.0,83.33263,1.0,3.0,0.0,44.0,1.0
-9.0,39.664864,1.0,-9.0,15.0,0.0,0.0,97.0,16.630445,6.0,6.0,18.0,6.9686265,27.0,12.0,0.0,0.0,110.67145,93.64289,5.0,2.0,5.137692,75.0,1.0
64.14127,159.18547,15.0,63.505604,21.0,0.0,0.0,100.0,-7.0,7.0,8.0,21.202108,0.0,12.544017,0.0,4.0,3.0,63.566364,61.801964,9.147444,2.0,3.0,73.46093,1.0
65.0,35.89058,4.0,10.374848,12.133978,0.0,0.0,90.17683,50.751667,6.0,6.0,12.0,3.0,19.0,0.0,0.0,0.0,59.755905,-8.0,8.0,2.0,0.0,87.15183,1.0
65.0,279.61877,3.0,63.0,13.187076,2.7382696,0.0,76.007385,24.87048,6.0,2.0,14.0,1.0,45.686096,4.0,1.0,1.0,93.67997,21.397484,4.0,2.0,0.0,83.0,1.0
62.8653,177.70264,4.0,86.0,33.843822,0.0,0.0,88.51021,17.458637,4.0,6.0,43.644894,3.0,70.2305,3.0,2.0,1.7977496,44.592,80.15951,9.0,7.905663,3.0,94.72811,1.0
62.05893,92.943184,7.0,30.017233,9.0,0.0,0.0,100.0,-7.0,7.0,8.0,8.0,2.0,42.0,0.0,1.0,1.0,82.822296,-8.0,3.0,1.0,1.0,83.0,1.0
56.96854,159.29866,14.817187,44.366615,5.2520275,0.0,0.0,100.0,-7.0,7.0,8.0,6.812151,0.0,0.0,0.0,3.0,3.0,92.20137,-8.0,3.0,-9.0,1.0,84.60878,1.0
68.0,76.18267,13.0,37.316425,-9.0,0.0,0.0,100.0,-7.0,7.0,8.0,2.4369035,0.0,99.845215,-8.0,0.0,0.0,73.93741,97.572,1.0,1.646612,0.0,100.0,1.0
66.259796,190.18687,6.0,58.0,15.382841,0.0,0.0,93.38292,-7.0,-2.9994743,6.0,21.0,2.0,33.0,1.0,1.0,1.0,8.45101,-8.0,2.0,1.0,0.0,19.82894,1.0
60.090122,98.78063,5.0,61.0,47.541885,3.0,1.0,78.897026,22.281757,6.0,2.0,45.664856,9.8974285,22.0,-7.0,2.0,2.0,49.855267,-8.0,9.270277,5.0,3.0,68.331085,1.0
66.31648,159.36699,16.427502,48.474022,12.0,0.0,0.0,100.0,-7.0,7.0,8.0,18.0,0.0,99.985374,1.0,1.0,1.0,1.0,-8.0,1.0,1.0,0.0,100.0,1.0
59.77326,141.81612,17.692211,59.17738,24.898405,0.0,0.0,92.0,34.86084,6.0,6.0,29.0,0.0,76.21213,0.0,2.0,2.0,100.61307,85.14362,2.0,4.0,0.0,80.0,1.0
59.83358,181.47267,1.0,24.392414,27.0,2.0,1.0,81.58014,36.229485,6.0,4.0,31.0,10.9125805,35.0,0.0,4.0,4.0,46.144512,53.994568,5.0,4.0,0.0,64.4445,1.0
59.05539,131.61668,-3.9818745,52.949196,24.994589,1.0,1.0,97.51671,6.9185405,4.0,6.0,27.57443,7.1168575,21.841358,11.836356,0.0,0.0,59.72756,61.1216,8.0,4.0,1.0,75.0,1.0
57.751648,98.410225,6.0,16.120583,22.212755,0.0,0.0,94.0,23.383247,6.0,6.0,23.817997,6.254045,38.0,0.0,1.0,1.0,42.799603,94.79296,7.0,4.445154,1.0,67.0,1.0
-9.0,-8.456866,2.0,-9.0,33.1112,0.0,0.0,100.0,-7.0,7.0,8.0,32.0,10.898807,31.074015,0.0,5.0,4.3147287,79.373634,88.0,8.0,4.0,2.0,100.0,1.0
66.0,119.82154,28.261684,61.224655,3.9633744,2.3995235,0.0,74.74823,16.955711,6.0,2.0,3.013264,0.0,31.907017,-7.0,0.0,0.0,116.78155,-8.0,1.0,1.0,0.0,100.0,1.0
60.93356,88.23528,6.0,60.852013,39.0,0.0,0.0,100.0,-7.0,7.0,8.0,38.0,1.0,41.0,0.0,1.0,1.0,81.546585,89.35054,6.0,6.0,3.0,75.0,1.0
74.0,194.83826,5.0,50.89124,27.0,0.0,0.0,98.856384,22.797068,5.334855,5.0,29.0,3.0,35.0,0.0,2.2127247,2.0,0.8380404,100.0,3.0,4.0,0.0,50.0,1.0
-9.0,139.22983,3.0,-9.0,12.0,4.317346,3.796441,84.79176,1.0055934,-9.0,3.0,17.0,3.0,26.0,0.0,5.857505,6.1636653,53.315773,82.18402,2.0,3.0,0.0,61.063663,1.0
54.54761,170.55756,19.337038,57.644733,17.0,1.0,0.0,86.03065,15.808702,6.0,6.0,26.52879,0.0,60.57168,0.0,2.0,2.0,89.62728,77.500145,7.0,4.0,3.0,100.0,1.0
64.59735,166.6473,3.0,62.691025,31.0,0.0,0.0,92.0,9.295842,4.0,6.0,33.442017,4.0,75.297066,-7.0,16.980473,16.071646,60.530777,65.486694,3.0,6.0,1.0,100.0,1.0
61.12159,165.66348,20.623491,47.17719,12.341049,0.0,0.0,76.86367,7.341573,4.0,6.0,15.0,0.0,10.278551,-7.0,0.0,0.0,75.975075,-8.0,5.0,1.36025,0.0,71.0,1.0
-9.0,172.79266,2.0,67.0,7.1597943,7.213999,1.0,-9.0,4.620964,4.0,-5.145117,10.0,2.0,43.795967,0.0,3.0,2.5373845,117.68475,-8.0,3.0,1.3648171,3.0186834,100.0,1.0
70.0,138.16252,16.0,77.20251,14.0,0.0,0.0,89.80975,8.400994,6.0,6.0,15.0,0.8221964,11.153267,-7.0,0.0,0.0,34.204082,-8.0,4.0,-8.0,0.0,58.0,1.0
73.0,94.94391,7.0,17.506893,11.4605875,0.0,0.0,100.0,-7.0,7.0,8.0,16.0,2.0,12.895918,4.0,0.0,0.0,23.399458,7.8030334,3.0,2.0,0.0,68.909515,1.0
62.56977,102.1777,15.090528,49.352913,17.0,0.0,0.0,100.0,-7.0,7.0,8.0,14.0,0.0,57.790535,0.0,0.0,0.0,108.582954,-8.0,6.0,1.0,4.20074,100.0,1.0
63.0,190.42583,1.0,49.427868,24.568295,1.0,1.0,88.0,26.116133,4.0,2.0,27.0,6.0,36.579857,0.0,11.856239,14.090257,69.98689,76.0,8.0,7.3331823,2.0,100.0,1.0
60.470276,52.06012,4.9856696,-9.0,20.0,3.3421452,2.9529636,88.0,8.421655,4.0,3.0,23.0,4.0,32.45578,0.0,1.0,1.0,11.803321,100.0,3.672488,3.0,0.0,45.467693,1.0
-9.0,152.43144,4.0,-9.0,15.0,0.0,0.0,100.0,-7.0,7.0,8.0,17.0,5.4789414,44.061214,0.0,3.0,3.0,94.680145,84.96802,8.961515,4.0,3.0,88.81787,1.0
54.62889,118.280266,7.0,41.265514,12.12083,1.0,0.0,80.774536,-5.5004945,-9.0,6.0,16.0,3.0,43.259872,0.0,1.0,1.0,71.07684,41.96835,3.0,4.0,2.0,91.021515,1.0
-9.0,-6.8505974,20.455606,58.0,10.941363,0.0,0.0,80.25886,1.5620508,4.0,6.0,5.753887,0.0,-9.0,0.0,0.0,0.0,118.7546,-8.0,6.6306376,1.0,3.0,100.0,1.0
60.003136,179.94371,30.014332,74.0,4.0468283,1.0,0.0,71.94382,18.596899,4.2381854,6.0,3.9916177,0.0,97.14979,0.0,2.8253696,2.0,5.0,-8.0,1.0,2.0,0.0,91.81219,1.0
68.44575,255.61183,8.0,68.32863,3.542247,0.0,0.0,86.29781,28.247494,6.0,6.0,6.0041533,1.0,59.62872,0.0,2.0,2.0,77.87982,-4.7235293,1.0,1.0,-9.0,100.0,1.0
70.0,304.03577,3.3189192,50.319313,-8.770702,0.0,0.0,100.0,-7.0,7.0,8.0,6.396556,2.0,47.0,-7.0,1.7200398,1.0,69.654686,-8.0,2.0,1.0,0.0,100.0,1.0
-9.0,67.599655,2.0,61.0,12.83145,0.0,0.0,81.8292,4.3734136,6.0,6.0,14.0,4.0,10.137024,0.0,2.0,2.0,69.0213,-8.0,4.0,1.0,2.0,67.0,1.0
-7.467446,139.14502,10.0,52.897152,7.0,5.974755,2.0,59.593685,4.483102,0.0,3.0,15.0,1.0,49.23129,0.0,0.0,0.0,75.537025,47.476746,1.0,3.0,1.0,83.0,1.0
66.0,130.67401,28.545973,63.0,6.0,0.0,0.0,63.08199,-7.0,-0.6754211,6.0,11.808787,0.0,46.61225,0.0,0.0,0.0,12.403641,-8.0,2.0,1.0,0.0,100.0,1.0
71.0,125.6132,7.0,20.60127,8.0,0.0,0.0,100.0,-7.0,7.0,8.0,7.0,2.0,90.49723,0.0,0.0,0.0,16.901667,40.473557,1.0,2.0,-8.695133,78.23509,1.0
-9.0,186.83981,4.0,65.0,-9.0,3.073835,1.0,24.506374,3.0,-9.0,5.0,5.4927487,2.0,50.0,3.0,0.0,0.0,119.88404,78.28576,2.0,2.0,2.0,89.227104,1.0
66.0,89.42267,24.71015,41.77504,6.8852987,1.0,1.0,100.0,-7.0,7.0,8.0,6.8516665,0.0,75.13489,-7.0,1.0,1.0,0.34640977,37.72746,1.0,1.0,-9.0,85.66774,1.0
70.0,-7.5738354,2.0,-9.0,26.28907,0.0,0.0,100.0,-7.0,7.0,8.0,28.0,10.868725,24.0,0.0,1.0,1.0,12.0,68.342834,5.0,3.0,0.0,50.0,1.0
63.935947,172.98341,5.0,49.03669,21.523064,0.0,0.0,87.48929,10.959172,6.0,6.0,25.0,2.0,23.35293,0.0,1.0,1.0,37.79842,74.51996,3.0,3.0,1.0,50.0,1.0
9.964834,171.94464,2.0,61.624462,31.0,8.686848,7.8878965,83.69058,2.0,-9.0,2.0,35.0,6.0,49.308388,0.0,3.751435,3.0,34.927402,70.01476,3.0,20.407265,0.0,83.80844,1.0
69.0,191.22708,3.0,74.53576,22.0,0.0,0.0,100.0,-7.0,7.0,8.0,22.0,3.0,47.128567,4.0,0.0,0.0,44.26931,75.42763,4.0,4.0,0.0,79.455864,1.0
6.9255433,175.05502,2.0,51.18051,28.794846,0.0,0.0,100.0,-7.0,7.0,8.0,28.0,3.2853887,14.0,10.235907,0.0,0.0,93.86774,-8.0,13.130327,1.0,4.6999493,80.0,1.0
70.0,129.06683,3.0,49.837055,41.61349,3.2095613,1.0,93.501,28.42758,6.0,2.0,43.816124,5.5381107,50.0,0.0,1.0,1.0,22.967857,94.61222,4.0,3.0,0.0,67.0,1.0
79.00395,136.06874,10.909312,56.880405,20.96187,0.0,0.0,100.0,-7.0,7.0,8.0,20.0,1.0,49.942432,0.0,2.0,2.0,0.0,71.0,5.0,2.0,0.0,86.16606,1.0
65.0,139.86041,2.0,40.08558,15.0,0.0,0.0,100.0,-7.0,7.0,8.0,16.281946,5.0,18.601261,0.0,4.0,4.0,52.650547,-8.0,10.51477,1.0,2.0,67.0,1.0
77.0,-9.0,27.34468,-1.3239609,9.0,0.0,0.0,100.0,-7.0,7.0,8.0,4.678417,0.0,96.51329,-7.0,0.0,0.0,60.85159,11.8955765,2.0,4.0,0.0,100.0,1.0
-9.0,-9.0,-9.0,-9.0,-9.0,-9.0,-9.0,-9.0,-9.0,-9.0,-9.0,-9.0,-9.0,-9.0,-9.0,-9.0,-9.0,-9.0,-9.0,-9.0,-9.0,-9.0,-9.0,1.0
63.363136,139.10796,6.0,52.161263,14.0,0.0,0.0,88.0,40.08229,6.0,5.0,14.0,6.0,-9.0,0.0,1.0,1.0,46.65653,-8.0,7.0,-8.416847,2.0,70.0,1.0
56.466484,139.66689,3.0,37.37763,23.0,0.0,0.0,91.673416,4.0,0.6384497,6.0,30.0,6.0765266,22.23885,-4.3603945,5.0,5.519113,51.08882,33.61932,9.0,4.0,1.0,80.0,1.0
62.0,-9.0,4.0,-9.0,10.0,0.0,0.0,100.0,-7.0,7.0,8.0,0.6039115,3.0,59.12153,0.0,3.0,2.4759207,3.0,97.82039,1.0,4.0,0.0,71.0,1.0
68.0,182.37949,15.0,58.6512,10.497467,0.0,0.0,100.0,-7.0,7.0,8.0,11.0,0.0,38.49312,1.0,2.0,2.0,73.156265,63.98364,3.0,2.0,3.0,80.0,1.0
56.59496,198.08647,15.0,62.14383,21.0,0.0,0.0,83.648994,13.495098,6.0,6.0,29.027216,0.0,37.13865,0.0,3.1116185,3.0,103.15599,72.375404,4.0,2.0,5.8873706,87.06566,1.0
69.0,98.92325,2.0,-0.32285127,23.446772,0.0,0.0,100.0,-7.0,7.0,8.0,26.816154,4.0,60.09404,-7.0,4.0,4.0,62.64481,87.9621,2.0,3.0,0.0,61.731903,1.0
68.0,194.61093,7.0,57.49291,19.0,0.0,0.0,100.0,-7.0,7.0,8.0,19.0,1.0,9.870182,0.0,0.0,0.0,56.662083,-8.0,8.0,1.0,0.0,64.0,1.0
66.0,140.60837,3.0,41.31704,5.3038697,0.0,0.0,100.0,-7.0,7.0,8.0,8.0,2.0,57.918495,0.0,4.6837125,5.0,51.026306,57.555855,1.0,2.0,0.0,86.76585,1.0
-9.0,57.808483,38.71288,102.26701,9.0,1.0,0.0,59.51914,4.241669,4.0,5.0,10.510206,0.0,10.218486,0.0,2.0,1.0,119.755775,39.508995,6.0,1.0,6.81366,100.0,1.0
-9.0,-8.0,7.0,33.92996,16.0,0.0,0.0,85.62308,6.854853,4.0,6.0,14.0,2.0,7.767904,0.0,4.0,4.0,106.63606,-8.0,10.738062,1.0,7.0916195,100.0,1.0
61.459194,-8.438075,8.095753,37.00923,13.0,0.0,0.0,100.0,-7.0,7.0,8.0,15.0,0.0,13.0,0.0,2.0,2.0,85.40713,-8.0,8.0,1.0,7.5483375,77.051384,1.0
62.611412,-8.494721,2.0,-9.0,9.0,0.0,0.0,100.0,-7.0,7.0,8.0,15.0,3.0,28.0,0.0,2.0,2.2023835,45.283806,67.75658,3.0,4.0,1.0,60.0,1.0
68.0,-1.9865863,5.0,-9.0,7.0,0.0,0.0,100.0,-7.0,7.0,8.0,0.5584716,3.0,64.23085,0.0,0.0,0.0,86.804825,83.300674,2.0,3.0,0.0,100.0,1.0
-9.0,144.14847,7.0,57.81331,17.0,2.0082889,0.0,77.51141,5.4522185,4.0,3.0,20.0,1.0,53.1304,3.0,3.0,2.0,92.044945,78.709785,7.06936,4.0,4.5355997,100.0,1.0
69.0,141.87897,10.0,58.0,16.0,0.0,0.0,100.0,-7.0,7.0,8.0,17.0,0.0,27.0,-8.0,4.0,4.0,55.751392,91.0,7.0,2.0,1.0,86.0,1.0
66.0,181.45055,39.55161,62.8679,23.0,1.0,1.0,90.0,9.308073,6.0,6.0,24.0,0.0,21.560461,0.0,3.0,3.0,50.110477,-8.0,13.048876,2.0,3.0,75.0,1.0
67.13845,127.948875,9.0,32.404663,3.1364799,0.0,0.0,67.99396,48.029694,6.0,6.0,4.374684,1.0,77.70356,-7.0,0.0,0.0,36.0,-8.0,2.0,2.0,0.0,82.78406,1.0
65.0,178.9868,0.5505497,56.993366,11.0,2.0,1.8202593,100.0,-7.0,7.0,8.0,9.31214,4.0,47.0,0.0,1.0,1.0,19.152126,66.32542,4.0,2.0,0.0,80.805145,1.0
56.881714,134.8039,1.0,41.61816,37.85057,0.0,0.0,95.0,30.545893,6.0,6.0,44.594234,2.0,64.61963,0.0,4.0,5.0,114.723366,65.30865,4.0,7.958833,4.0,100.0,1.0
66.0,203.40428,11.0,77.0,8.0,0.0,0.0,87.45126,-7.0,4.0,6.0,9.0,1.0,25.0,0.0,2.0,2.0,83.879166,25.481853,3.0,1.0,1.0,82.02798,1.0
56.032745,68.655174,7.0,-9.0,8.98768,2.0,0.0,77.216324,3.0,-9.0,2.0,10.0,2.0,55.708862,0.0,1.0,1.0,41.44658,88.691605,2.0,3.0,0.0,80.0,1.0
73.0,76.93102,-9.0,16.597507,21.0,0.0,0.0,100.0,-7.0,7.0,8.0,26.0,7.4661717,-9.0,0.0,1.0,1.0,1.0,-8.0,5.0,1.0,0.0,45.26532,1.0
58.037235,73.24529,27.806086,64.00872,9.286997,2.6445086,0.0,88.61072,10.728732,4.0,2.0,-2.4971247,0.0,56.551125,0.0,0.0,0.0,111.29631,-8.0,2.0,1.0,1.0,76.48443,1.0
-9.0,156.04866,1.2542794,42.140427,24.0,0.0,0.0,97.0,3.0,0.45318612,6.0,23.0,4.0,25.0,0.0,5.0,4.4399786,84.64237,73.73078,7.0,2.0,4.890514,82.267586,1.0
71.05926,101.67063,9.0,42.262405,14.0,0.0,0.0,100.0,-7.0,7.0,8.0,13.673008,0.0,99.7359,3.0,1.0,1.0,105.48759,-8.0,1.0,2.0,-6.655499,86.11997,1.0
62.743965,173.21727,12.797958,64.81662,7.0,0.0,0.0,100.0,-7.0,7.0,8.0,9.986746,0.0,7.524108,0.0,0.0,0.0,112.32363,-8.0,7.0,-9.0,3.310398,77.03744,1.0
77.0,-8.0458,4.0,-9.0,-9.0,0.0,0.0,100.0,-7.0,7.0,8.0,3.9863079,3.23317,18.796694,2.0,1.0,1.0,0.0,88.0,2.0,1.0,0.0,33.0,1.0
-9.0,-9.0,-9.0,-9.0,-9.0,-9.0,-9.0,-9.0,-9.0,-9.0,-9.0,-9.0,-9.0,-9.0,-9.0,-9.0,-1.883978,-9.0,-9.0,-9.0,-9.0,-9.0,-9.0,1.0
62.69627,57.094578,3.0,57.41298,28.0,0.0,0.0,94.0,24.92534,6.0,6.0,34.0,5.0,12.2258415,0.0,0.0,0.0,46.669357,-8.0,11.0,2.0,2.4916668,67.0,1.0
65.0,76.1605,1.5144398,-0.3449731,15.0,0.0,0.0,100.0,-7.0,7.0,8.0,19.34822,4.0,71.29974,-7.0,0.0,0.0,45.67575,94.19872,2.0,19.653944,1.0,88.51905,1.0
55.700836,160.70393,8.0,54.63049,6.0,5.8300824,0.0,66.39322,37.327896,6.0,2.0,9.0,2.0,71.360565,0.0,5.0,5.0,66.67417,87.93879,1.0,2.0,0.0,80.44685,1.0
63.0,71.71886,5.0,43.126865,6.197569,2.0,1.3203913,100.0,-7.0,7.0,8.0,7.3501687,2.0,50.0,-9.0,0.0,0.0,78.175705,100.0,2.0,2.0,1.0,75.0,1.0
65.0,178.2629,6.0,70.0,19.0,0.0,0.0,90.60843,16.133017,6.0,6.0,26.0,3.0,24.0,0.0,0.0,0.0,30.931137,48.627396,7.0,3.0,2.0,71.0,1.0
75.0,201.19609,3.0,74.17877,19.201012,0.0,0.0,100.0,-7.0,7.0,8.0,26.0,1.0,28.374395,0.0,4.177845,4.9997673,36.0,34.87877,5.0,2.0,1.0,64.78994,1.0
59.570545,136.93114,13.246383,48.17318,10.449661,1.0,0.0,70.25897,8.719298,6.0,4.459238,10.96064,0.0,36.0,0.0,1.0019591,2.0,40.153526,71.73513,2.0,2.0,0.0,33.8963,1.0
63.0,116.506,31.368523,59.47922,15.0,1.0,0.0,92.0,-7.0,-9.0,5.017331,21.0,0.0,56.171196,0.0,3.676367,3.0,42.13189,-8.0,2.0,1.0,0.0,63.0,1.0
59.006424,102.35906,2.0,-9.0,4.5289974,0.0,0.0,100.0,-7.0,7.0,8.0,3.9945416,3.0,9.434307,1.0,2.0,2.0,104.46931,-8.0,7.0,1.0,3.0,100.0,1.0
65.77774,163.96204,24.91262,62.617516,15.0,0.0,0.0,100.0,-7.0,7.0,8.0,17.723433,0.0,26.365442,0.0,2.0,2.0,111.787964,68.405426,4.0,2.0,2.0,80.0,1.0
72.0,165.23521,23.871635,60.39898,26.807224,8.233716,9.282323,89.0,20.870947,6.0,5.0,37.0,0.0,50.0,0.0,2.0,2.0,11.0,70.58047,3.0,6.0,0.0,79.932625,1.0
9.080929,155.4643,4.326454,39.36402,25.0,0.0,0.0,97.0,-7.0,3.533997,6.0,24.0,3.0,32.859837,0.0,4.0,4.0,91.14025,-8.0,6.152424,4.0,1.0,90.42422,1.0
64.0,207.91174,4.0,63.809334,24.0,0.0,0.0,92.0,39.07608,6.0,6.0,31.0,5.0,47.745808,-7.442943,1.0,1.0,37.89191,81.19879,5.0,7.3287983,1.0,84.951294,1.0
56.118084,97.91182,2.0,5.353337,4.886805,0.0,0.0,91.0,49.98125,6.0,6.0,7.0,3.0,30.553291,0.0,4.0,4.0,85.55472,76.875694,5.0,2.0,2.0,87.97806,1.0
58.591682,-1.5736885,2.0,18.089167,9.0,0.0,0.0,100.0,-7.0,7.0,8.0,4.7498493,4.9942055,53.940067,0.0,2.0,2.0,60.784397,93.844,2.0,3.0,1.0,70.0,1.0
65.0,140.13202,13.047346,43.444607,12.026755,0.0,0.0,100.0,-7.0,7.0,8.0,15.0,0.0,68.208954,0.0,1.0,1.0,90.984924,81.246445,1.0,2.0,1.0,67.67711,1.0
59.67424,-7.612399,1.0,-9.0,19.0,0.0,0.0,100.0,-7.0,7.0,8.0,21.0,8.738569,41.0,8.0,0.0,0.0,46.330715,97.59663,8.0,3.0,0.0,75.0,1.0
63.0,194.76674,8.0,72.10925,12.0,1.0,0.0,76.78949,9.07887,6.0,5.0,13.0,2.0,19.0,0.0,2.0,2.0,51.906414,-8.0,4.0,1.0,2.988,69.46301,1.0
-9.0,135.73474,24.25827,80.0,11.0,5.8549695,2.0,-9.0,2.0,3.203627,5.0,15.0,0.0,34.130054,-7.0,0.0,0.0,115.39886,-8.0,6.0,1.0,6.1971197,100.0,1.0
77.0,276.7559,11.0,74.0,13.0,0.0,0.0,100.0,-7.0,7.0,8.0,17.0,0.0,19.0,0.0,2.0,2.0,25.2208,-8.0,1.0,1.0,0.0,26.384064,1.0
65.0,-9.0,1.0,-9.0,33.16941,0.0,0.0,100.0,-7.0,7.0,8.0,35.0,10.882886,30.0,-3.1523585,2.0,2.0,36.01286,93.0,7.0,4.0,0.0,71.0,1.0
64.43906,54.716568,4.0,25.036804,21.0,2.0,1.4226316,100.0,-7.0,6.0,8.0,21.0,4.0,19.0,0.0,1.0,1.0,21.96446,98.19964,3.0,3.0,0.0,50.0,1.0
70.0,228.34882,6.972638,75.0,17.848753,3.213813,0.0,85.15117,24.670523,6.0,6.0,8.0,3.0,50.0,0.0,2.0,2.0,37.398506,71.6244,4.0,6.7646985,0.0,80.0,1.0
67.89986,152.02608,5.0,90.0,19.0,0.0,0.0,100.0,-7.0,7.0,8.0,20.0,1.0,23.0,-7.0,3.0,3.0,71.163734,50.90864,4.0,4.0,2.0,56.0,1.0
68.0,-4.9723616,1.0,-9.0,9.082941,0.0,0.0,100.0,-7.0,7.0,8.0,10.0,3.0,38.45099,0.0,3.0,3.0,21.0,79.57546,3.0,3.0,1.0,73.0,1.0
66.5232,83.95583,15.33029,58.0,38.92682,0.0,0.0,100.0,-7.0,7.0,8.0,48.434406,0.0,66.95798,0.0,3.0,3.0,88.20645,88.0,4.0,7.751085,3.0,75.0,1.0
58.884186,-8.399879,2.0,-9.0,18.0,0.0,0.0,100.0,-7.0,7.0,8.0,24.0,4.0,61.138374,0.0,0.0,0.0,91.06775,64.940605,4.0,16.51944,1.0,100.0,1.0
63.409103,38.19152,7.0,-9.0,8.0,0.0,0.0,100.0,-7.0,7.0,8.0,7.0,4.0,90.57354,0.0,0.0,0.0,1.0,90.44587,1.0,3.0,0.0,99.66609,1.0
56.546104,154.16759,3.0,38.588314,10.0,1.0335791,1.0,77.010376,8.755215,6.0,2.0,10.0,3.0,17.0,0.0,1.0,1.0,44.538204,97.42264,4.0,1.0,2.0,71.0,1.0
-9.0,215.03058,7.0,65.11609,25.0,1.0,0.0,67.537636,0.90962076,-7.170322,3.0,34.849964,2.0,50.0,4.0133505,0.0,0.0,94.3242,39.41216,4.0,3.0,2.0,100.0,1.0
59.491,111.06269,1.0,-9.0,7.0,0.0,0.0,86.12943,31.351803,6.0,6.0,7.2048287,4.0,73.67462,0.0,2.0,2.0,64.82001,91.92555,2.0,4.0,0.0,100.0,1.0
68.0,112.65929,2.0,43.460194,7.0,1.0,1.0,85.61718,25.065863,6.0,3.2656517,10.0,4.0,28.0,-7.0,3.0,3.0,6.0,9.911127,3.0,2.0,0.0,82.3467,1.0
60.018635,152.4769,1.0,47.71106,17.154377,2.0,1.5354226,63.929413,3.0,-9.0,2.0,24.0,3.0,24.0,-7.0,17.916452,18.142347,9.277721,-8.0,3.0,1.0,0.0,67.0,1.0
-9.0,165.7631,1.7005585,58.0,16.0,2.0,1.0,87.394005,-3.6096857,-9.0,5.335143,22.0,8.079807,63.084896,0.0,5.2639127,5.9634166,29.000858,94.11656,3.0,2.0,0.0,60.771656,1.0
54.33512,79.2867,14.0321865,26.872305,22.0,0.0,0.0,100.0,-7.0,7.0,8.0,26.0,0.0,38.0,0.0,4.0,3.234357,119.6349,-8.0,9.0,5.0,8.22642,100.0,1.0
60.273373,118.36638,2.0,-9.0,3.3904688,0.0,0.0,100.0,-7.0,7.0,8.0,7.0,5.4416046,37.0,0.0,3.0,3.0,91.71191,-8.0,2.0,1.0,0.0,83.0,1.0
71.24549,165.60565,13.0,52.17939,19.43092,0.0,0.0,100.0,-7.0,7.0,8.0,26.0,1.0,97.388405,0.0,2.5209496,2.0,0.0,24.23907,0.0,2.0,0.0,42.892746,1.0
61.922802,103.443886,7.0,19.936756,12.0,0.0,0.0,88.0,26.384253,6.0,6.0,12.477928,4.0,62.126915,9.0,0.0,0.0,83.010544,93.18313,4.0,2.0,1.0,85.094734,1.0
74.0,139.78171,28.013828,59.625862,17.0,1.0,0.0,87.28284,64.50931,6.0,6.0,19.0,0.0,67.82108,0.0,1.7975122,1.0,23.868546,95.22395,2.0,4.0,0.0,67.0,1.0
-9.0,-9.0,-9.0,-9.0,-9.0,-9.0,-9.0,-9.0,-9.0,-9.0,-9.0,-9.0,-9.0,-9.0,-9.0,-9.0,-9.0,-9.0,-9.0,-9.0,-9.0,-9.0,-9.0,1.0
75.13986,193.93039,2.0,72.98722,17.0,0.0,0.0,100.0,-7.0,7.0,8.0,18.164703,5.0,16.0,2.0,1.0,1.0,44.302223,-8.0,8.403243,1.0,2.0,100.0,1.0
56.269264,131.99698,2.0,45.375275,25.0,0.0,0.0,100.0,-7.0,7.0,8.0,31.599348,5.0,35.0,0.0,0.0,0.0,66.90618,79.90542,18.178474,2.0,6.4196897,83.0,1.0
54.677135,81.953476,6.0,61.0,17.203812,3.5343435,1.0,81.651955,24.514421,6.0,2.2499943,16.0,2.0,62.121174,0.0,9.404878,6.9667063,115.61037,-8.0,3.0,2.756743,2.0,91.94178,1.0
57.24001,98.87936,3.0,-9.0,4.7514124,0.0,0.0,100.0,-7.0,7.0,8.0,6.5470057,3.0,59.674797,0.0,1.0,1.0,94.5367,97.803246,4.881431,2.0,2.0,100.0,1.0
64.833206,49.98687,20.111366,23.652029,19.0,0.0,0.0,100.0,-7.0,7.0,8.0,17.0,0.0,10.306134,8.854163,0.0,0.0,51.99001,-8.0,6.0,2.0,2.0,71.0,1.0
58.038998,112.71647,6.0,35.318623,9.0,1.0,0.0,82.48342,36.349113,6.0,5.0,8.443215,1.0,52.962482,0.0,3.0,2.0,111.1428,86.657715,3.0,2.0,0.0,86.0,1.0
60.868282,177.01819,3.0,67.0,12.0,1.96741,2.0,89.0,37.10472,6.0,2.0,13.0,2.0,35.70716,0.0,3.0,3.0,118.275925,100.0,5.0,2.0,1.0,100.0,1.0
63.489418,183.37334,7.0,53.038345,15.0,0.0,0.0,93.0,23.112774,6.0,6.0,16.0,3.0,36.428387,2.0,1.0,1.0,46.063366,81.89662,6.0,3.0,0.0,80.0,1.0
14.535477,93.46171,-9.0,47.543633,19.0,0.0,0.0,84.37898,2.0,6.0,6.0,23.940788,3.0,33.0,0.0,3.0,3.0,53.34574,-8.0,9.0,1.0,2.0,97.73342,1.0
61.161125,118.95635,14.0,-9.0,29.770964,0.0,0.0,100.0,-7.0,7.0,8.0,29.0,0.0,61.424377,0.0,2.0,2.0,114.80712,27.648848,4.0,5.0,3.0,93.336136,1.0
-9.0,130.23534,2.0,27.202648,12.973686,1.0,0.0,94.0,6.0,-9.0,6.0,13.219064,5.0,59.160595,0.0,2.0,1.0,71.773735,100.0,4.0,2.0,2.0,78.10459,1.0
66.07316,165.47725,8.0,54.59225,20.0,0.0,0.0,91.20824,4.812167,1.676061,6.0,26.0,2.0,99.8958,1.0,0.0,0.0,2.2200615,16.14039,2.0,3.0,0.0,82.60234,1.0
59.139473,173.49504,3.0,65.0,10.132199,0.0,0.0,76.8022,4.263671,4.0,5.0,12.0,5.0,16.0,4.0,15.293264,11.443044,86.18488,-8.0,4.0,1.0,0.0,70.0,1.0
68.0,38.886677,24.292902,49.205414,10.0,0.0,0.0,83.69006,27.92822,6.0,6.0,7.0,0.0,81.06944,0.0,0.0,0.0,54.95501,-8.0,2.0,1.0,1.0,100.0,1.0
-9.0,19.43522,6.0,44.529903,11.228971,2.1577399,0.0,90.0,3.0,-9.0,5.0,10.77079,2.0,17.0,1.0,2.0,2.441299,27.950678,-8.0,3.0,1.0,1.0,67.0,1.0
-9.0,87.419586,1.0,-9.0,-9.0,0.0,0.0,100.0,-7.0,7.0,8.0,3.7643163,3.0,32.0,0.0,1.0,1.0,115.04686,82.677,4.0,2.0,1.1154803,86.55011,1.0
69.472855,139.4346,7.0,29.262835,7.715337,1.0,1.0,100.0,-7.0,7.0,8.0,5.2428393,1.0,96.7675,-7.0,0.0,0.0,-8.110615,72.30798,0.0,1.0,0.0,80.93728,1.0
59.342403,116.4106,64.326584,60.083405,-9.0,2.0,2.0,-9.0,30.739126,6.0,6.0,6.179335,0.0,99.99772,0.0,2.0,1.0,0.9048767,-8.0,0.0,2.0,-8.0,100.0,1.0
71.0,88.64101,16.187511,26.354227,5.642677,0.0,0.0,100.0,-7.0,7.0,8.0,8.692995,0.0,48.882427,1.0,1.0,1.0,1.0,-8.0,1.0,-8.0,0.0,56.0,1.0
-9.0,105.619804,1.0,29.275602,19.0,1.0,0.0,94.0,0.09822164,4.0,5.0,24.0,3.0,37.01955,-7.0,5.0,4.775697,85.86341,90.60959,4.0,5.0,1.0,75.0,1.0
67.0,206.33945,2.0,80.0,20.0,1.0,1.0,89.94358,20.911346,3.8529139,4.3530264,19.0,2.0,17.471493,2.4745662,0.0,0.0,59.93624,88.99306,4.0,2.0,2.0,56.0,1.0
59.10115,173.2186,21.013853,70.0,7.0,3.4978967,0.0,-9.0,36.314747,6.0,2.855024,16.0,0.0,94.95612,0.0,2.0,1.0,33.591766,48.96259,2.0,2.0,1.0,100.0,1.0
-9.0,145.71198,7.0,43.115112,15.119072,0.0,0.0,88.0,0.83593404,4.0,6.0,16.0,3.0,42.0,0.0,2.119541,2.0,115.343895,57.19627,6.0,4.0,2.0,100.0,1.0
64.62572,95.4507,0.46983114,31.046059,18.0,0.0,0.0,100.0,-7.0,7.0,8.0,23.0,4.0,9.449533,-7.0,1.0,1.0,59.245102,-8.0,11.0,-8.0,3.0,67.0,1.0
68.0,91.35999,2.0,57.965775,15.0,4.4867644,0.0,78.36688,62.181114,6.0,2.0,15.741882,2.0,27.0,0.0,4.0,4.0,32.686817,51.330353,5.0,2.0,0.0,69.65674,1.0
72.89895,38.14437,2.0,-9.0,1.8712626,0.0,0.0,100.0,-7.0,7.0,8.0,7.0,2.0,74.691666,0.0,1.0,1.0,0.0,96.55154,0.0,2.0,-8.159707,67.0,1.0
60.12375,147.29333,2.0,1.0847744,32.0,0.0,0.0,100.0,-7.0,7.0,8.0,46.186817,10.886111,24.0,0.0,2.1432915,2.0,56.819305,68.929985,8.0,5.6562743,4.0424013,75.0,1.0
63.490723,162.92093,15.220635,74.0,27.142939,0.0,0.0,100.0,-7.0,7.0,8.0,26.0,1.0,42.0,0.0,1.0,1.0,92.94022,33.14938,11.0,4.0,4.52861,80.0,1.0
-9.0,-8.0,6.0,29.757761,29.0,0.0,0.0,92.0,6.1669965,4.0,6.0,26.934874,3.3339243,11.0,11.855855,0.0,0.0,70.26515,-8.0,10.921328,1.0,3.0021944,67.0,1.0
70.0,147.50488,28.990023,65.0,7.4667673,0.0,0.0,100.0,-7.0,7.0,8.0,8.0,0.0,99.99939,0.0,2.0,2.0,0.0,-8.0,1.0,1.0,0.0,80.0,1.0
-9.0,79.03662,3.0,23.268476,12.0,0.0,0.0,90.685936,5.6865563,6.0,6.0,12.770775,2.0,50.0,0.0,2.0,2.0,74.888855,7.3505387,5.5241094,2.0,3.769616,75.0,1.0
59.603333,99.22334,3.0,44.73458,21.0,3.0,0.0,86.17949,4.0205426,4.0,2.1385453,22.0,4.5697947,36.0,0.0,2.0,2.0,26.357332,77.41383,6.0,5.0,0.0,66.76251,1.0
58.72354,176.50938,9.0,98.210335,13.0,3.0,0.0,76.059265,3.0,4.0,3.0,11.0,2.0,41.0,0.0,3.0,2.0,63.433544,-8.0,4.0,1.0,2.0,80.0,1.0
61.057396,152.01076,3.0,59.199104,25.0,4.9529705,6.707181,74.74891,17.802681,6.0,3.3294966,30.68464,4.0,29.0,0.0,3.0,3.0,43.503555,62.95358,8.0,2.0,3.0,64.0,1.0
71.144264,-8.0,4.0,-9.0,10.0,0.0,0.0,100.0,-7.0,7.0,8.0,12.486117,2.0,47.0,0.0,2.0,2.0,36.0,-8.0,2.0,2.0,0.0,54.438362,1.0
59.260532,80.847176,-9.0,59.67904,39.0,1.0,1.0,100.0,-7.0,6.0,8.0,39.245712,8.874682,33.0,0.0,1.0,1.0,64.76996,100.0,6.0,2.0,2.0,59.782917,1.0
66.0,152.30244,20.0,67.63587,-0.30676848,0.0,0.0,100.0,-7.0,7.0,8.0,3.9838989,0.0,21.0,0.0,0.0,0.0,106.46256,-8.0,3.0,-8.0,1.0,78.0,1.0
76.0,161.5847,19.710117,57.34354,-9.0,0.0,0.0,100.0,-7.0,7.0,8.0,-9.0,0.0,99.98299,-7.0,0.0,0.0,1.0,30.683886,-9.0,2.0,-3.7784991,100.0,1.0
70.0,355.93488,27.74655,90.90572,7.0,0.0,0.0,100.0,-7.0,7.0,8.0,7.5267553,0.0,15.0,-7.0,0.0,0.0,90.443634,-8.0,2.0,1.0,3.0,80.40463,1.0
61.713802,163.66696,8.0,46.6481,29.904974,0.0,0.0,100.0,-7.0,7.0,8.0,27.0,3.0,11.0,1.0,1.3608161,1.0,51.05257,-8.0,21.948126,1.0,4.307342,71.0,1.0
55.69781,204.51613,33.4469,81.372635,3.6343007,3.342636,1.0,7.6606374,59.439266,6.0,5.0,7.0,0.0,100.0,0.0,1.0,1.0,-9.0,-8.0,-9.0,1.0,-0.18422246,100.0,1.0
-9.0,147.06143,6.0,65.0,15.0,4.714785,1.0,55.438343,25.018242,6.0,2.0,19.0,2.0,64.39489,-7.0,0.0,1.0,62.340626,32.722454,2.0,3.0,1.0,89.77223,1.0
60.274124,179.24074,15.503929,92.38493,13.702103,2.0,0.0,70.95231,8.037357,4.0,6.0,12.0,0.0,20.0,0.0,4.0,4.0,72.2231,-8.0,5.8353996,1.0,4.0,85.572205,1.0
65.0,116.19214,4.0,49.744118,32.0,0.0,0.0,100.0,-7.0,7.0,8.0,43.97569,5.0,57.245453,3.8401294,1.0,1.0,60.459255,76.0,4.0,5.0,1.0,69.71095,1.0
64.04103,45.456493,4.0,49.109524,14.0,0.0,0.0,100.0,-7.0,6.0,8.0,12.441931,4.0,44.19648,0.0,1.0,1.0,46.16517,100.0,5.0,3.0,2.0,85.44885,1.0
55.036324,-4.360037,1.0,37.0661,27.365278,2.0,1.0,88.0,6.883937,2.060033,5.0,31.0,7.2191424,18.99238,0.0,2.0,2.0,42.77133,23.37648,8.0,3.0,2.0,67.0,1.0
-9.0,159.8991,37.186596,86.0,15.0,0.0,0.0,70.92888,-7.0,-9.0,6.0,15.0,0.0,25.0,0.0,3.0,3.0,105.84973,-8.0,9.0,2.0,5.8233747,100.0,1.0
68.0,36.866245,10.0,21.882648,6.809657,1.0,1.0,100.0,-7.0,7.0,8.0,3.980251,0.0,61.843075,13.424822,0.0,0.0,75.765854,52.737072,1.0,2.0,0.0,80.19208,1.0
-9.0,-9.0,3.0,41.039486,16.0,0.0,0.0,100.0,-7.0,6.462072,8.0,17.0,4.0,25.0,0.0,4.002618,4.6168265,51.727695,79.00997,7.0,2.0,3.0,75.96237,1.0
61.108585,133.1303,4.0,54.763374,19.0,0.0,0.0,100.0,-7.0,7.0,8.0,9.459332,2.0,42.0,0.0,5.085423,5.0,68.92261,-8.0,6.8271255,1.0,2.0,76.02324,1.0
60.61683,80.87824,3.0,4.5317683,16.0,0.0,0.0,100.0,-7.0,7.0,8.0,18.0,5.0,29.0,0.0,2.0,2.0,66.979546,9.870007,3.0,4.0,1.0,50.0,1.0
57.67975,304.29773,18.848166,109.86735,5.5174356,0.13116874,0.0,66.58335,1.9027865,4.0,5.0,3.977464,0.0,28.0,8.767615,0.0,0.0,114.37485,50.821968,4.0,2.0,2.0,86.0,1.0
59.451427,73.87026,4.3032722,-9.0,17.0,2.0,1.0,89.0,21.481203,6.0,5.0,16.0,10.580401,46.0,0.0,1.0,1.0,41.2601,88.0,3.0,2.0,0.0,77.126785,1.0
69.0,89.40466,30.02424,92.0,-9.0,0.0,0.0,97.0,-7.0,6.0,8.0,-9.0,0.0,68.109825,-8.0,0.0,0.0,53.417473,-8.0,1.0,1.0,-9.0,100.0,1.0
-9.0,191.67189,2.0,49.79604,17.0,10.738237,3.7916605,66.878975,3.1250606,-5.834356,2.0,26.0,9.850439,59.570065,0.0,15.450112,16.206566,15.721335,70.76432,2.0,4.8797975,0.0,80.135025,1.0
-9.0,137.58025,14.0,58.0,23.287561,0.0,0.0,91.02465,2.6071396,5.273042,6.0,24.0,0.0,39.0,2.0,3.0,3.0,81.49736,99.805885,7.0,3.0,2.1379907,100.0,1.0
60.54596,109.19509,3.0,-9.0,13.0,0.0,0.0,100.0,-7.0,7.0,8.0,13.043528,3.0,39.420444,0.0,0.0,1.0,71.71917,96.46165,6.0,4.0,1.0,88.77399,1.0
56.259052,151.65343,23.280817,36.32267,9.428003,0.0,0.0,100.0,-7.0,7.0,8.0,16.0,0.0,99.88258,0.0,4.0,3.0,0.0,87.24951,0.751931,1.3662531,-8.0,80.0,1.0
56.184345,128.40987,10.0,45.189907,13.4262085,1.0,0.0,73.38683,22.55784,6.0,4.371423,15.0,1.0,42.584206,19.246376,0.0,0.0,91.52779,97.74402,5.0,2.0,1.0,73.0,1.0
66.113914,184.24677,17.965384,63.0,6.070004,0.0,0.0,62.29697,11.67618,6.0,6.0,9.0,0.0,99.28074,0.0,1.0,2.0,90.668655,-8.0,1.0,3.0,0.0,100.0,1.0
63.0,114.46578,3.0,-9.0,4.881746,0.0,0.0,88.0,46.263245,6.0,6.0,6.6492786,2.0,21.774721,-7.0,3.0,3.0938373,56.083256,-8.0,2.0,1.0,0.0,57.0,1.0
61.97801,-9.0,4.0,-9.0,22.0,0.0,0.0,100.0,-7.0,7.0,8.0,23.0,6.0,25.0,10.3380995,0.0,0.0,66.179184,81.648865,7.0,3.0,1.0,78.0,1.0
-9.0,96.978386,9.0,37.55213,15.0,0.0,0.0,100.0,-7.0,7.0,8.0,15.0,2.0,33.0,8.661122,0.0,0.0,119.41918,62.11569,5.0,2.0,3.8150487,80.29805,1.0
16.281282,176.97711,29.516697,80.83455,5.8503537,0.0,0.0,70.35811,4.165033,4.0,6.0,7.0,0.0,29.369682,0.0,1.0,1.0,94.486946,50.551907,2.0,2.0,3.0,91.405846,1.0
57.484013,211.05595,6.0,44.446503,13.0,0.0,0.0,100.0,-7.0,7.0,8.0,12.0,3.0,45.39897,0.0,1.0,1.0,104.306465,45.703808,5.0,2.0,2.0,80.0,1.0
67.55349,147.18909,3.0,44.535915,31.842926,0.0,0.0,95.0,17.29622,6.0,6.0,39.27107,4.0,14.0,0.0,4.0,4.0,61.502792,96.261246,5.0,3.223235,3.3846297,75.0,1.0
64.33502,171.83902,8.0,73.77348,19.464443,0.0,0.0,100.0,-7.0,7.0,8.0,17.906855,2.0,20.770452,0.0,1.0,1.0,49.251556,27.352972,11.0,2.0,3.0,82.886696,1.0
57.99349,174.93211,12.0,87.41847,10.592377,0.0,0.0,85.65015,33.78444,6.0,6.0,11.0,0.0,57.627773,0.0,4.0,3.6046028,115.218254,10.587403,2.0,2.0,4.3255744,72.35718,1.0
57.952183,94.377754,5.0,-9.0,13.783491,0.0,0.0,100.0,-7.0,7.0,8.0,14.0,6.0,45.0,-7.0,4.0,4.0,62.44192,84.00071,4.0,4.0,0.0,80.0,1.0
-9.0,149.53944,5.0,44.567078,13.0,4.134362,0.0,59.17697,10.414487,4.0,2.710486,17.330091,2.0,73.398186,-7.0,3.0,2.0,79.44258,61.03735,2.0,3.0,0.0,75.0,1.0
57.50463,116.714874,-9.0,36.0964,14.0,0.0,0.0,100.0,-7.0,7.0,8.0,15.0,5.0,12.895948,0.0,5.6836677,5.0,68.520004,76.0,9.0,1.0,4.8579464,90.36127,1.0
65.0,81.876144,3.0,-9.0,12.0,0.0,0.0,100.0,-7.0,7.0,8.0,13.0,2.0,17.0,0.0,2.0,2.0,34.709393,71.0,3.0,2.0,1.0,50.83971,1.0
55.362324,272.65503,10.170789,74.18959,31.0,0.0,0.0,88.0,0.608602,2.6747205,6.0,34.560246,2.0,-9.0,1.0,0.0,0.0,61.224506,48.88763,24.308178,1.0,4.790063,75.0,1.0
-9.0,83.182526,8.225267,52.640064,11.0,3.5804446,6.0983124,79.70686,0.8336569,-9.0,4.0,15.123716,4.0,29.0,0.0,2.0,2.0,45.852184,84.64809,4.0,2.0,0.0,67.0,1.0
59.533962,176.05858,113.69943,100.90254,22.431137,0.0,0.0,87.260574,2.5953171,6.0,6.0,23.077389,0.0,10.0408125,0.0,4.0,3.0,117.65149,-8.0,11.0,1.0,5.9601107,86.53439,1.0
55.9222,159.69785,6.084438,3.541445,18.0,0.0,0.0,100.0,-7.0,7.0,8.0,19.0,7.641361,51.07152,-7.0,3.0,3.0,69.62317,53.632977,5.0,18.372799,1.0,80.0,1.0
69.85555,293.49704,7.0,77.5677,22.0,3.0669193,2.0,94.0,10.95858,3.7521183,3.2755022,18.16157,3.0,53.745934,-7.515312,2.0,1.0,19.872238,93.0,7.0,3.0,1.0,75.0,1.0
57.796497,254.37578,4.0,92.0,40.774124,7.301994,3.8228843,78.21717,12.633169,4.0,3.0,44.418385,3.0,61.257286,0.0,3.0,3.0,95.86745,79.82271,4.273316,4.0,3.0,81.04756,1.0
64.0,278.79538,1.0,91.67873,30.126513,0.0,0.0,75.784615,4.672643,4.0,6.0,34.0,2.0,24.0,0.0,3.0,3.0,27.25926,45.920254,22.686163,3.0,2.0,100.0,1.0
63.0,70.75468,11.0,-9.0,-9.0,0.0,0.0,100.0,-7.0,7.0,8.0,0.0099590635,3.0,99.897156,0.0,1.0,1.0,-9.0,83.44932,-9.0,1.0,0.0,41.631145,1.0
68.297264,166.09413,4.0,61.0,9.0,3.0,2.0207794,71.98619,22.317682,-7.421092,5.0,9.0,2.0,56.412342,0.0,1.0,1.0,11.0,73.69622,2.0,5.2375045,0.0,71.0,1.0
23.325756,282.99405,15.0,87.511055,17.0,0.0,0.0,77.45693,3.0,4.6387177,5.0,19.0,0.0,52.340633,12.0,0.0,0.0,67.77534,45.01632,2.0,6.467643,1.0,75.0,1.0
60.55635,133.27791,2.0,32.790054,15.0,0.0,0.0,100.0,-7.0,7.0,8.0,14.0,4.0,13.937277,0.0,2.0,2.0,41.088715,69.37732,6.0,2.0,2.0,71.0,1.0
-9.0,190.61519,2.0,77.0,34.0,10.16664,8.444362,88.0,1.417105,-9.0,5.0,46.285763,6.0,29.236143,0.0,6.306412,5.683576,40.896748,70.885376,3.0,4.0,0.0,67.0,1.0
63.0,205.44183,2.0,58.659557,19.965002,0.0,0.0,100.0,-7.0,7.0,8.0,29.0,5.0,33.0,0.0,6.6580596,5.989774,91.918625,58.489735,4.0,3.0,4.431086,77.56412,1.0
59.579414,-8.0,8.0,36.35879,22.0,2.7743988,1.0,84.6695,53.198788,4.0,3.0,21.0,3.0,77.923416,0.0,0.0,0.0,46.990692,90.63367,4.0,3.0,2.0,80.0,1.0
65.48964,-1.6950853,4.0,-9.0,-8.314327,0.0,0.0,100.0,-7.0,7.0,8.0,-9.0,3.0,6.365482,2.0,2.0,3.0,80.06971,-8.0,3.8985481,1.0,0.0,100.0,1.0
65.3545,-8.0,0.22022165,1.548838,12.0,0.0,0.0,100.0,-7.0,7.0,8.0,9.0,10.298081,12.372681,0.0,5.635857,5.4056487,15.669716,132.92943,3.0,2.0,1.0,46.68251,1.0
56.161484,137.68433,17.68434,61.253296,3.3812099,0.0,0.0,100.0,-7.0,7.0,8.0,7.0,0.0,18.0,0.0,1.0,1.0,119.58186,-8.0,3.0,1.0,5.125826,100.0,1.0
66.518845,99.61155,5.0,31.756012,12.0,1.0,1.0,86.17678,23.023535,6.0,3.0,12.274847,3.0,53.24862,0.0,3.0,3.0,4.0,56.535423,1.0,1.0,0.0,40.63945,1.0
68.0,120.743965,4.962624,31.945057,23.361677,0.0,0.0,100.0,-7.0,7.0,8.0,25.0,4.0,-9.0,0.0,3.0,3.0,17.02524,-8.0,7.0,1.0,0.0,43.683086,1.0
60.629654,154.25978,5.0,63.0,14.556074,1.0,0.0,83.883965,16.246958,4.0,5.0,15.0,3.0,37.369884,0.0,1.0,1.6606926,47.86658,71.74271,4.0,2.0,1.0,71.0,1.0
-9.0,47.183697,1.3331195,-9.0,6.549903,0.0,0.0,100.0,-7.0,7.0,8.0,11.0,7.839774,29.0,0.0,5.0,5.0,60.86685,97.739204,5.0,2.0,1.0,83.67785,1.0
56.40354,22.276602,21.310305,55.437412,15.669779,0.0,0.0,93.1179,-7.0,4.0,6.0,22.0,0.0,-9.0,0.0,0.0,0.0,110.949394,-8.0,13.125041,-8.0,7.5709133,100.0,1.0
40.823948,-8.0,4.0,-9.0,7.829333,0.0,0.0,85.70402,17.420048,6.0,6.0,9.203357,3.0,23.18123,0.0,0.0,0.0,56.90295,99.66727,3.0,3.0,2.31312,57.039017,1.0
-9.0,-9.0,3.0,5.861781,16.0,0.0,0.0,100.0,-7.0,7.0,8.0,5.085559,8.762351,25.0,0.0,1.0,1.0,51.12846,-8.0,4.0,1.0,3.0,69.67121,1.0
62.402966,190.36012,4.0,67.449974,9.214391,1.0,0.0,89.0,30.246447,6.0,5.0,10.572211,1.0,20.0,0.0,1.0,1.0,83.981544,75.78389,8.0,2.0,4.119851,100.0,1.0
65.0,92.01482,15.0,56.311386,7.0,4.841171,2.403535,-9.0,65.45217,6.0,4.0,8.364744,0.0,65.68182,0.0,4.0,3.6268632,119.38596,82.841484,1.0,2.0,0.0,100.0,1.0
62.830162,100.602806,2.0,-9.0,-6.3740582,0.0,0.0,100.0,-7.0,7.0,8.0,8.0,2.0,28.0,0.0,2.0012283,3.0,70.78485,-8.0,2.0,1.0,2.0,91.178535,1.0
59.449814,154.15016,4.3838606,86.0,32.900364,0.0,0.0,77.42503,-7.0,-9.0,5.0,50.652058,3.0,45.0,1.0,3.0,3.0,65.95544,-8.0,7.087008,2.0,2.0,83.0,1.0
-9.0,131.91734,8.0,63.0,8.583873,0.0,0.0,88.0,25.996202,6.0,6.0,9.028294,0.0,20.0,0.0,0.0,0.0,115.81599,90.5383,7.7595263,2.0,8.163617,100.0,1.0
65.95795,-9.0,1.0,39.172092,22.0,0.0,0.0,100.0,-7.0,7.0,8.0,-9.0,4.0,31.0,0.0,1.0,1.0,2.0,-8.0,2.0,2.0,0.0,36.60612,1.0
-9.0,-9.0,9.0,-9.0,5.3279076,2.0,1.0,69.79776,18.973284,5.0,3.2846007,7.0,2.0,62.18304,-7.0,2.0,1.0,59.683426,37.501225,2.0,2.0,1.0,75.0,1.0
71.0,43.064156,2.0,39.546658,9.0,0.0,0.0,88.0,6.0,6.0,6.0,7.6068473,3.0,69.8691,7.200359,2.0,2.0,4.0,84.0305,2.0,2.0,1.0,71.0,1.0
66.0,183.17268,1.0,65.17374,25.0,8.065001,7.160075,83.90569,4.4764915,0.0,5.8546314,35.686455,4.0,25.0,0.0,4.0,4.0,21.0,93.46697,5.0,3.0,0.0,57.0,1.0
55.863934,120.276855,3.0,48.58993,7.227422,0.0,0.0,69.211235,52.389065,6.0,6.0,11.0,1.0,36.00965,0.0,3.0,3.659917,119.491646,87.466896,3.0,2.0,1.0,100.0,1.0
-1.8155581,-0.18714896,2.0,20.713362,24.0,0.0,0.0,100.0,-7.0,6.0,8.0,26.0,3.0,46.454998,0.0,0.0,0.0,80.81618,51.893215,4.0,2.0,1.0,71.0,1.0
62.0,290.5816,22.726992,85.776436,19.483555,1.0,0.0,88.0,17.19163,6.0,5.0,22.0,0.0,57.28441,1.0,5.8917556,5.8929224,53.263462,18.641338,4.0,3.0,1.0,96.17957,1.0
69.0,191.34244,2.0,62.020157,21.9436,1.0,2.0,96.0,17.551472,4.0,5.0,26.0,3.0,14.0,-7.0,1.0,2.0,4.0024853,52.422733,3.0,1.709928,0.0,30.924692,1.0
67.024666,-9.0,4.0,-9.0,15.0,0.0,0.0,100.0,-7.0,7.0,8.0,5.3178353,3.0,42.0,-7.0,1.0,1.0,1.0,44.773064,2.0,2.0,0.0,43.0,1.0
56.825382,235.82945,2.0,59.756542,16.08605,2.4283066,0.0,66.27123,5.946587,6.0,2.0,21.0,5.4409075,26.0,1.0,5.0,5.0,29.623295,71.0,4.0,4.9661384,2.0,59.04589,1.0
62.0,146.96608,5.0,25.400814,13.946267,0.0,0.0,100.0,-7.0,7.0,8.0,16.0,2.0,29.0,0.0,2.0,1.0,92.57449,77.069916,5.0,2.0,1.0,80.0,1.0
56.093643,192.70255,4.0,76.0,35.327408,4.930998,3.6727939,86.026054,4.517068,4.0,5.0,35.91688,2.0,41.0,1.0,14.561841,14.674837,52.008842,-8.0,4.0,2.0,2.0,71.0,1.0
63.58197,115.81129,7.0,53.06731,12.0,0.0,0.0,81.2761,21.352825,6.0,6.0,12.0,3.0,-7.670252,4.4470077,0.0,0.0,47.812847,-8.0,7.0,-8.0,1.0,70.0,1.0
66.97581,127.11427,2.0,31.17279,6.928015,0.0,0.0,100.0,-7.0,7.0,8.0,11.0,3.0,63.1296,0.0,2.0,1.0,45.005558,86.858925,0.49709347,3.0,-9.0,100.0,1.0
58.983727,100.43691,1.0,35.436203,16.0,4.81675,1.0,78.556854,44.32932,6.0,5.0,22.0,5.0,68.06394,0.0,1.0,1.0,4.0,98.20402,2.0,3.0,-9.0,100.0,1.0
59.53367,155.61598,2.0,56.90682,36.20954,0.0,0.0,100.0,-7.0,7.0,8.0,45.02131,2.0,41.0,0.0,3.0,3.492004,93.6965,-8.0,10.782477,3.0,4.0187526,91.67983,1.0
58.061028,-5.4913416,15.0,11.233169,13.0,0.0,0.0,92.0,6.0,6.0,6.0,15.0,1.0,-9.0,18.832355,0.0,0.0,53.951225,-8.0,9.0,1.0,1.0,67.43184,1.0
60.722317,182.83717,3.0,63.0,23.0,0.0,0.0,97.0,63.58099,6.0,6.0,23.0,3.0,16.039818,1.0,2.0,1.8634204,93.21027,91.0,15.60177,5.0,6.889723,92.82412,1.0
65.0,-9.0,2.0,-9.0,3.482864,0.0,0.0,100.0,-7.0,7.0,8.0,3.8742993,2.0,95.1105,0.0,2.0,2.0,0.0,18.492281,0.0,2.0,-8.0,63.0,1.0
71.0,154.49318,8.192337,76.54726,4.2935457,0.0,0.0,100.0,-7.0,7.0,8.0,-3.7540574,1.094805,59.055782,-8.0,0.0,0.0,94.86896,-8.0,3.0,1.0,2.0,100.0,1.0
70.0,84.41224,12.333467,38.415077,16.601648,0.0,0.0,100.0,-7.0,7.0,8.0,17.0,0.0,71.439545,0.0,0.0,0.0,54.8472,83.84388,2.0,3.0,1.0,88.74158,1.0
69.42631,-8.859308,2.0,-9.0,8.777963,0.0,0.0,100.0,-7.0,7.0,8.0,11.0,5.4997387,13.42439,-7.0,4.0,4.0,11.0,-8.0,6.0,1.0,0.0,67.0,1.0
39.60956,108.433304,4.0,-9.0,7.0,0.0,0.0,100.0,-7.0,7.0,8.0,7.0,8.99241,25.0,0.0,1.0,1.0,116.93269,-8.0,4.0,1.0,2.0,82.93199,1.0
56.06571,130.11533,3.0,45.96802,15.92599,0.0,0.0,77.17159,14.61851,4.0,6.0,22.0,4.0,42.0,0.0,2.0,1.8845375,58.32971,80.0,5.0,2.0,1.0,68.69303,1.0
58.505672,119.52165,4.0,22.41498,11.7267,0.0,0.0,99.598015,-7.0,4.0,7.0,8.168935,4.0,38.0,8.143904,0.0,0.0,92.48389,100.0,4.0,4.0,2.0,100.0,1.0
60.00533,147.17882,6.191376,53.652565,13.0,0.0,0.0,88.0,19.439226,6.0,6.0,15.470881,3.0,47.0,0.0,0.0,0.0,95.36093,87.94808,4.0,2.0,1.0,100.0,1.0
62.0,121.30065,6.0,58.985382,16.0,0.0,0.0,95.0,3.2421734,0.25621763,6.0,13.0,2.0,18.0,0.0,0.0,0.0,59.40044,-8.0,6.6776857,2.0,0.84894073,75.0,1.0
58.34889,-9.0,1.0,40.409428,5.191735,2.0,1.0,100.0,-7.0,7.0,8.0,-6.586833,3.0,64.831436,0.0,1.0,1.1702261,86.88058,88.05911,1.0,2.0,1.0,88.26383,1.0
69.0,188.23857,-8.498581,72.142136,20.0,0.0,0.0,100.0,-7.0,7.0,8.0,23.0,3.0,22.0,-7.0,3.510495,3.6741936,72.611565,21.027367,9.0,1.0,5.6940494,86.08961,1.0
-9.0,118.54196,5.0,-9.0,10.49975,0.0,0.0,100.0,-7.0,7.0,8.0,9.0,2.0,99.988174,2.0,2.0,2.0,1.0,81.65787,1.0,3.0,0.0,75.0,1.0
64.0,100.905136,2.0,58.0,29.511185,8.3452425,8.27182,86.572945,47.55684,6.0,3.0,34.0,5.0,25.077692,0.0,3.919428,3.0,81.99597,-8.0,11.0,2.0,1.0,79.869225,1.0
78.91768,157.27919,16.909822,55.620876,6.008626,0.0,0.0,100.0,-7.0,7.0,8.0,6.4173727,0.0,76.50619,0.0,1.0,1.0,0.0,33.546906,1.0,2.0,0.0,64.21759,1.0
76.261185,228.057,36.417995,71.0,-9.0,0.0,0.0,100.0,-7.0,7.0,8.0,3.9871743,0.0,26.981531,4.0,2.0,2.0,44.28702,-8.0,1.0,-8.0,0.0,88.25281,1.0
70.0,128.09355,2.0,61.0,21.0,1.0,0.0,95.0,57.904945,6.0,4.19227,25.0,9.546587,58.040386,21.780828,0.0,0.0,70.79221,78.32922,5.0,6.1189494,0.0,78.0,1.0
65.0,282.9575,7.0,88.918976,7.0,0.0,0.0,100.0,-7.0,7.0,8.0,12.0,1.0,11.165874,3.0,4.0,4.0,98.64185,-8.0,3.0,-9.0,2.0,94.930664,1.0
63.41373,116.177025,22.44685,55.90339,24.0,0.0,0.0,100.0,-7.0,7.0,8.0,24.023857,0.0,20.0,-7.0,2.0,2.0,94.6868,61.653263,10.143267,2.0,3.0,100.0,1.0
77.657616,185.72281,20.0,59.7393,5.1176906,0.0,0.0,100.0,-7.0,7.0,8.0,4.605276,0.0,99.99791,0.0,0.0,0.0,0.0,24.18812,0.0,2.0,0.0,100.0,1.0
67.16459,169.21747,21.440279,67.0,13.0,0.0,0.0,100.0,-7.0,7.0,8.0,16.0,0.0,74.06492,1.0,0.0,0.0,103.81981,-8.0,2.0,2.0,0.0,86.0,1.0
70.64369,30.99257,5.0,-9.0,20.0,0.0,0.0,100.0,-7.0,7.0,8.0,30.0,10.332606,94.79121,-7.0,1.0,1.0,0.0,99.86705,1.0,5.0,0.0,71.0,1.0
-9.0,230.86592,7.0,82.01699,13.0,1.0,1.0,70.39367,7.9134297,4.0,5.0,20.0,1.0,40.0,0.0,1.0,1.0,112.027,82.0,5.0,3.0,6.2153487,100.0,1.0
55.480194,132.16714,1.0,70.187454,25.0,3.2954087,0.0,85.056114,7.075661,6.0,5.0,30.0,3.2851944,55.39223,-7.0,4.8267155,5.0,60.920593,73.41339,9.0,4.0,3.0,89.41637,1.0
64.03297,167.84628,10.0,53.147823,10.255417,0.0,0.0,82.90372,37.364677,6.0,6.0,10.93658,1.0,31.0,0.0,0.0,0.0,60.532948,-8.0,4.0,1.0,1.0,69.37203,1.0
72.0,76.824,4.0,-9.0,13.0,0.0,0.0,90.29382,39.455513,6.0,6.0,15.0,5.0,97.86001,0.0,1.0,1.0,16.868504,80.0,1.0,2.0,0.0,80.1973,1.0
63.0,189.98743,20.0,55.069733,10.0,1.0,1.0,75.90687,5.067811,4.0,4.0,16.8773,1.0,54.568623,-8.0,0.0,0.0,28.492815,62.00074,3.0,2.0,0.0,80.0,1.0
63.0,97.17215,5.0,30.955877,9.0,0.0,0.0,92.0,-1.9982738,2.2573555,6.0,10.850504,5.258655,67.13204,0.0,0.0,0.0,79.399284,98.24016,3.0,2.0,1.0,100.0,1.0
63.0,84.15837,1.0,-9.0,12.488727,3.0333865,3.2921743,100.0,-7.0,6.0,8.0,15.0,6.0,21.0,0.0,1.0,1.0,15.0,80.0,4.0,2.0,0.0,50.0,1.0
-9.0,139.06596,10.0,52.25007,10.0,0.0,0.0,88.90052,11.360052,6.0,6.0,9.0,1.0,52.75596,2.0,1.0,1.0,110.18511,57.869232,4.0,2.0,2.0,100.0,1.0
64.141655,-9.0,3.0,-9.0,4.4005475,0.0,0.0,84.359276,22.97263,6.0,6.0,8.460783,4.0,63.725113,-7.0,3.0,2.1996152,1.0,100.0,1.0,2.0,0.0,60.0,1.0
66.0,117.59789,2.0,17.562649,22.0,0.0,0.0,100.0,-7.0,7.0,8.0,26.413486,5.0,18.681444,0.0,3.4947019,3.6666255,70.42319,36.62855,8.0,2.0,2.0,80.0,1.0
-9.0,-8.0,21.906023,-2.6813474,8.0,3.9955182,1.0,58.6708,5.0758758,4.0,2.4526029,11.964805,0.0,99.79095,0.0,1.0,1.0,0.0,62.33907,0.0,3.0,-9.0,75.0,1.0
69.0,40.11762,3.0,23.7935,15.036489,0.0,0.0,100.0,-7.0,7.0,8.0,9.0,3.0,39.0,1.0,4.0,4.0,29.661804,100.0,3.0,2.0,0.0,67.0,1.0
56.917255,-8.0,3.0,36.359028,12.0,0.0,0.0,100.0,-7.0,7.0,8.0,4.4590793,4.8605514,54.37369,1.0,2.0,2.0,92.252464,76.93051,3.0,3.0,2.0,75.0,1.0
59.63989,148.78471,10.0,38.203236,24.0,0.0,0.0,100.0,-7.0,7.0,8.0,30.0,1.0,27.0,13.2367,0.0,0.0,93.43963,50.160572,6.0,3.0,4.2585793,67.0,1.0
67.245285,150.13332,2.0,57.518356,20.449123,2.0,0.0,88.89184,10.124643,3.5836642,2.0,21.04311,3.0,66.34358,11.641031,0.0,0.0,76.04705,95.45929,3.0,5.0,1.0,100.0,1.0
63.0,175.8308,18.660246,65.0,17.0,1.0,0.0,65.200455,2.0,4.0,5.0,23.006517,0.0,17.0,15.063505,0.0,0.0,40.27505,84.302185,7.0,3.0,0.0,75.0,1.0
62.0,86.429306,11.0,64.45489,1.2614586,0.0,0.0,100.0,-7.0,7.0,8.0,3.9783523,1.0,77.7665,0.0,3.0,4.0,96.86556,-8.0,1.0,-8.0,-9.0,100.0,1.0
64.0,130.64803,21.342285,64.12304,39.727398,3.085068,0.0,89.0,44.346256,6.0,4.2788625,42.085377,0.0,71.18668,-8.0,2.0,1.0,58.665966,65.41385,8.0,3.0,1.0,87.18299,1.0
71.0,137.86163,7.0,40.66021,8.0,0.0,0.0,100.0,-7.0,7.0,8.0,7.0107026,3.0,55.45779,0.0,1.0,1.0,0.0,87.56867,2.0,2.0,0.0,85.36649,1.0
62.0,123.529106,13.151524,30.261251,-9.0,0.0,0.0,100.0,-7.0,7.0,8.0,-9.0,1.0,92.29688,3.0,0.0,0.0,119.047264,-8.0,1.0,1.0,-9.0,100.0,1.0
-9.0,145.75854,20.05613,34.217278,11.0,1.0,1.0,76.48432,21.237051,6.0,5.0,15.0,0.0,66.080696,-8.0,2.0,2.0,119.665115,-8.0,3.0,-8.0,2.0,100.0,1.0
17.252722,42.56521,4.0,-9.0,-9.0,0.0,0.0,100.0,-7.0,7.0,8.0,0.37979898,3.0,68.094345,0.0,1.0,1.0,76.13612,44.25126,1.0,2.0,-9.0,100.0,1.0
64.0,151.50348,7.0,65.0,37.525623,1.0,0.0,100.0,-7.0,6.0,8.0,39.279076,1.0,50.0,0.0,3.0,3.0,40.88303,83.51014,6.0,17.028496,1.0,75.0,1.0
71.0,282.76605,30.078987,84.90103,8.0,0.0,0.0,100.0,-7.0,7.0,8.0,14.0,0.0,59.024147,1.0,3.0,3.0,78.4501,38.668804,3.8061705,2.0,1.0,100.0,1.0
65.0,205.07877,14.0,62.174557,21.0,0.0,0.0,94.0,-7.0,3.0,6.0,21.0,0.0,41.152462,0.0,2.0,2.0,4.0,82.83914,4.0,3.0,1.0,64.96549,1.0
66.0,128.2085,6.0,38.784676,21.0,1.0,0.0,90.0,21.288153,6.0,5.0,22.0,3.0,43.598995,3.0,2.0,2.0,32.777252,79.92603,3.0,3.0,2.1314187,60.0,1.0
70.0,95.19294,7.0,69.690865,18.0,0.0,0.0,100.0,-7.0,7.0,8.0,18.37422,1.0426712,66.88063,0.0,2.0,2.0,74.62214,32.337,3.0,2.0,3.0,100.0,1.0
54.605656,188.06775,8.0,59.76217,8.0,2.8511078,1.8794616,56.55125,10.298689,4.0,2.0,14.0,1.0,43.692474,0.0,0.0,0.0,105.014305,78.060616,4.0,2.0,0.0,91.000786,1.0
65.64667,47.623775,7.0,-9.0,-9.0,0.0,0.0,100.0,-7.0,7.0,8.0,1.3080913,0.0,44.15236,0.0,2.0,2.0,119.97239,87.15921,1.0,2.0,0.0,100.0,1.0
62.0,80.88153,13.406377,-9.0,-9.0,0.0,0.0,100.0,-7.0,7.0,8.0,-9.0,0.0,35.964115,1.6590959,1.0,1.0,86.39589,-8.0,1.0,1.0,0.0,62.663277,1.0
-9.0,126.82705,152.13885,61.954647,3.9865358,2.0,1.0,5.4340096,-7.0,2.6125042,5.3668966,7.0,0.0,76.75715,0.0,1.0,1.0,58.22489,-8.0,1.0,1.0,0.0,100.0,1.0
56.86662,253.78004,20.0,111.23213,13.0,1.0,1.0,73.77562,4.0,4.0,6.0,14.0,0.0,9.8482485,0.0,1.0,1.0,52.961845,-8.0,5.0,-8.0,4.0,55.178772,1.0
57.933563,-9.0,1.0,-9.0,13.465202,0.0,0.0,100.0,-7.0,7.0,8.0,12.624001,4.0,50.0,-7.0,0.0,0.0,1.0,59.541656,2.0,5.0,0.0,100.0,1.0
64.0,251.32686,1.0,51.422768,62.304737,0.0,0.0,100.0,-7.0,7.0,8.0,73.54934,10.9989805,38.0,7.0,2.0,2.0,68.7857,80.08052,25.21583,16.343996,4.0,75.0,1.0
69.08708,159.6892,23.79725,70.78314,9.0,1.0,0.0,75.358,44.600037,6.0,4.1696515,8.0,0.0,99.98838,1.0,3.0623927,3.0,-8.062771,68.395294,-9.0,1.0,-8.0,67.0,1.0
64.0,134.0261,23.297966,63.82792,15.0,1.0,2.0,85.099724,9.9247875,6.0,3.0,9.0,0.0,46.86365,12.107817,0.0,0.0,72.65097,-8.0,4.0,1.0,1.0,80.0,1.0
63.0,112.65253,4.0,32.0219,5.220678,0.0,0.0,100.0,-7.0,7.0,8.0,0.12853822,3.0,22.0,0.0,4.0,4.0,94.82336,-8.0,4.0,-8.0,2.0,81.218506,1.0
65.11712,131.86691,15.0,43.42307,-9.0,2.0,1.3114506,67.12923,67.375854,6.0,2.0,-7.8872724,1.0,96.35796,0.0,0.0,0.0,33.3251,-8.0,1.0,1.0,-9.0,100.0,1.0
65.0,53.73036,5.0,-9.0,9.0,0.0,0.0,86.2829,18.125326,6.0,6.0,10.0,2.0,14.0,13.0728035,0.0,0.0,45.713383,-8.0,2.0,-8.0,0.0,46.482098,1.0
62.0,256.18088,21.380331,76.76107,23.0,0.0,0.0,100.0,-7.0,7.0,8.0,26.0,0.0,63.02082,0.0,4.0,3.362223,75.59578,72.86945,3.9797883,6.2386594,4.2217064,83.0,1.0
58.41701,198.80919,6.0,44.344822,7.9160786,1.1703957,0.0,84.777885,15.667228,6.0,5.0,11.070049,2.0,68.10881,-7.0,0.0,0.0,67.0109,99.84824,2.0,2.0,0.0,82.0123,1.0
64.0,172.32109,7.558677,-9.0,-9.0,1.0042949,0.0,24.448788,68.47154,6.0,5.0,4.013443,1.0,100.0,0.0,0.50135905,1.0,0.18134134,-8.0,-9.0,1.0,-9.0,100.0,1.0
-9.0,-9.0,-9.0,-9.0,-9.0,-9.0,-9.0,-9.0,-9.0,-9.0,-9.0,-9.0,-9.0,-9.0,-9.0,-9.0,-9.0,-9.0,-9.0,-9.0,-9.0,-9.0,-9.0,1.0
67.0,156.11304,1.0,57.054134,18.0,0.0,0.0,92.0,22.874626,6.0,6.0,22.0,3.0,63.1105,0.0,3.0,3.0,36.836933,93.96332,3.0,2.0,0.0,80.0,1.0
63.0,302.85342,4.0,73.993576,23.0,1.0,0.0,86.92199,35.991238,6.0,4.7610316,28.0,3.0,28.185242,0.0,16.38881,16.88021,94.987564,71.36068,7.0,2.0,6.612856,80.0,1.0
66.31412,125.65798,5.0,67.0,21.0,0.0,0.0,100.0,-7.0,7.0,8.0,19.0,1.0,57.701862,0.0,1.0,1.0,73.73181,66.47549,2.0,2.0,4.700191,78.93662,1.0
62.699802,299.35858,3.0,82.0,14.0,2.0,2.7474473,82.92716,36.35971,6.0,-8.480722,18.0,2.0,20.0,7.902353,0.0,0.0,59.27171,96.322334,6.0,2.0,4.1414485,100.0,1.0
63.0,186.97426,6.0,41.967384,13.0,0.0,0.0,100.0,-7.0,6.333244,8.0,14.0,0.0,19.0,0.0,2.0,2.0,58.425663,96.74211,6.814561,2.0,3.0,60.0,1.0
67.7529,-9.0,5.407421,-9.0,14.0,0.0,0.0,100.0,-7.0,7.0,8.0,13.0,3.0,36.649487,1.0,2.0,2.0,29.640776,69.341675,3.0,2.0,0.0,71.0,1.0
70.0,205.41714,17.0,68.49525,3.846457,0.0,0.0,100.0,-7.0,7.0,8.0,6.5164056,0.0,61.90966,-7.0,2.0,2.0,0.0,-8.0,1.0,-8.0,0.0,30.713745,1.0
62.042686,-9.0,7.0,-9.0,7.482208,0.0,0.0,95.0,36.604084,4.0,6.0,7.0038857,4.0,61.214024,0.0,0.0,0.0,100.17995,66.73753,3.0,2.0,0.0,100.0,1.0
67.8871,126.85359,14.502431,43.87044,9.0,0.0,0.0,83.84857,23.769884,6.0,5.742294,5.780472,1.0,94.62587,16.0,0.0,0.0,1.0,-8.0,0.47146806,2.0,-8.0,82.5893,1.0
-9.0,155.6007,9.0,54.925617,26.733925,3.5135715,0.0,60.817936,4.0,-7.4946456,2.0,35.0,1.0,35.830685,0.0,0.0,0.0,67.51853,89.975815,6.0,3.0,4.0,90.60729,1.0
-9.0,137.94252,20.0,42.02252,9.0,1.7131914,0.0,28.061825,2.0,4.0,5.0,10.788119,0.0,79.21602,0.35445562,0.0,0.0,36.41162,-8.0,2.0,2.0,0.0,82.01271,1.0
67.363556,142.01175,18.41072,63.285225,6.0,0.0,0.0,82.81321,22.176563,6.0,6.0,11.0,0.0,16.0,0.0,0.0,0.0,110.642456,-8.0,1.0,-8.0,1.0,67.0,1.0
70.82678,135.70447,26.821053,57.609592,16.0,0.0,0.0,100.0,-7.0,7.0,8.0,15.0,0.0,33.086487,0.0,1.0,2.0,52.954674,-8.0,3.0,2.0,0.0,69.275444,1.0
-9.0,152.42635,4.0,65.2629,26.0,6.4697986,5.2511296,71.70582,-7.0,0.0,5.125347,30.48862,2.0,35.0,0.0,1.0,1.0,71.99657,69.08272,5.0,4.0,2.0,100.0,1.0
68.0,243.77911,31.422071,80.0,12.0,0.0,0.0,80.61228,3.2257504,4.0,6.0,12.0,0.0,50.0,0.66414577,2.0,2.0,81.63418,-8.0,1.0,3.0,0.0,88.0,1.0
48.543594,92.42028,3.0,-9.0,12.789889,2.0,0.0,77.23481,44.038467,6.0,2.4841607,17.658115,8.338047,23.0,0.0,14.616481,14.73112,62.828632,90.445915,5.0,5.0,1.0,80.0,1.0
61.034405,185.20361,9.0,63.0,23.0,1.0,0.0,89.81517,1.8055487,4.0,5.0,29.0,1.0,21.631659,0.0,5.07666,5.3989706,32.0,-8.0,11.0,3.0,1.0,80.0,1.0
70.0,341.8062,5.0,109.026955,0.64896536,0.0,0.0,100.0,-7.0,7.0,8.0,6.7901,2.0,-9.0,0.0,4.0,3.7133245,57.12486,-8.0,6.0,-9.0,1.0,78.0,1.0
69.0,-9.0,4.0,50.281082,21.0,0.0,0.0,100.0,-7.0,7.0,8.0,28.0,3.0,20.0,0.0,2.0,2.0,4.060424,-8.0,2.0,-8.0,0.3134398,33.0,1.0
70.0,136.3205,5.0,23.130058,15.697115,0.0,0.0,100.0,-7.0,7.0,8.0,17.0,4.0,45.573875,0.0,1.0,1.0,61.556202,88.0,3.0,3.0,0.0,84.49774,1.0
-9.0,118.65219,16.41115,41.58538,-9.0,1.9992074,1.0,69.643456,2.7774365,0.0,2.362311,7.0,0.0,22.0,0.0,1.0,1.0,77.954025,-8.0,1.0,1.0,-8.0,71.0,1.0
55.95601,-8.430602,6.0,-9.0,8.509828,0.0,0.0,100.0,-7.0,7.0,8.0,9.923439,5.0,47.0,0.0,2.0,2.0,97.06893,56.62706,3.0,2.0,2.0,83.0,1.0
70.0,131.13226,16.45035,53.031868,10.104535,1.7129831,0.0,90.0,4.901512,-0.28753108,4.0,11.0,0.0,54.4164,0.0,0.0,0.0,38.1442,86.77498,2.0,2.0,0.0,79.57263,1.0
72.0,47.860214,6.0,-0.63536984,-9.0,0.0,0.0,100.0,-7.0,7.0,8.0,0.7139732,0.0,95.938065,0.0,2.0,2.0,1.0,-8.0,0.0,1.0,-9.0,100.0,1.0
76.904076,143.25316,7.0,66.61476,6.0,0.0,0.0,100.0,-7.0,7.0,8.0,6.5669146,0.0,77.171906,1.0,0.0,0.0,-4.8215985,-8.0,0.051169798,1.0,0.0,43.0,1.0
59.274567,74.98251,35.402134,71.0,-9.0,0.0,0.0,77.475334,-7.0,3.0,6.0,3.983381,0.0,0.0,0.0,0.0,0.0,72.49419,-8.0,4.0,1.0,2.0,80.0,1.0
45.4275,177.19072,16.0,77.0,-9.0,1.0,1.0,61.290863,3.276094,-7.2339954,3.0,3.23227,0.0,36.0,0.0,0.0,0.0,119.55936,-8.0,2.0,1.0,1.0,100.0,1.0
62.0,152.82881,2.0,30.440397,17.031416,1.0,0.0,93.0,36.669888,6.0,3.0,19.0,6.0,8.367629,0.0,1.0,1.0,89.66131,-8.0,7.0,2.0,1.0,80.0,1.0
26.327799,139.9059,10.0,70.22818,16.0,3.0,2.5295417,79.29817,-7.0,-9.0,3.0,20.121603,2.0,51.75405,8.0,0.0,0.0,66.80551,-8.0,4.0,2.0,2.0,100.0,1.0
62.601116,257.33322,14.0,100.94842,28.0,0.0,0.0,77.78769,2.279941,4.0,6.0,28.0,0.0,13.274398,-7.0,7.3511333,6.637318,54.187428,-8.0,11.455002,2.0,4.2302446,68.46491,1.0
59.768955,98.46298,6.0,30.94031,6.014145,0.0,0.0,100.0,-7.0,7.0,8.0,0.062900744,2.0,25.0,0.0,4.845955,5.782971,90.95187,-8.0,4.0,1.0,1.0,76.20243,1.0
-9.0,161.13194,5.0,107.07012,22.0,7.1171165,3.9919486,2.8481236,1.0,-9.0,3.0,35.95046,2.0,38.0,1.0,6.0393176,5.4116735,74.308426,56.609997,5.0,3.0,1.0,91.254654,1.0
66.0,159.94775,3.0,-9.0,7.0,0.0,0.0,100.0,-7.0,7.0,8.0,8.90043,3.0,24.0,12.736116,0.0,0.0,68.70271,62.327454,4.0,2.0,1.0,88.0,1.0
63.0,164.91238,29.25335,67.0,7.0,0.0,0.0,92.0,5.3564477,4.0,6.0,9.0,0.0,29.0,2.0,1.0,1.0,74.110466,40.126392,3.0,2.0,2.0,69.95027,1.0
60.406803,-9.0,5.0,-9.0,12.096523,0.0,0.0,100.0,-7.0,7.0,8.0,12.0,4.0,36.0,0.0,1.0,1.0,66.396904,93.72181,7.0,2.0,2.0,80.0,1.0
65.0,206.58813,61.804924,63.673416,6.0,1.0,0.0,14.4261465,6.1926165,4.0,6.0,18.0,0.0,99.88728,0.0,3.0,2.0,0.0,66.15885,1.0,2.0,-8.0,88.82175,1.0
-9.0,219.41306,9.0,70.0,-9.0,1.0,0.0,73.932785,37.56968,6.0,5.0,5.328542,2.0,40.854862,-7.0,0.0,0.0,115.71155,-8.0,3.0,1.0,2.0,100.0,1.0
60.421005,-9.0,-9.0,6.579835,15.330488,0.0,0.0,100.0,-7.0,7.0,8.0,15.0,6.8205976,42.484917,-7.0,1.0,1.7342093,51.436104,86.87903,4.0,2.0,3.0,56.143612,1.0
66.0,-9.0,3.0,-9.0,9.0,0.0,0.0,100.0,-7.0,6.0,6.0,8.0,6.0,7.847409,14.150927,0.0,0.0,29.481468,90.259056,5.0,1.0,0.0,56.0,1.0
63.0,208.03123,1.0,56.602688,31.0,0.0,0.0,95.41294,31.738354,6.0,6.0,36.394497,10.997168,40.0,-7.0,5.9726324,5.7988,64.936714,91.0,6.0,4.0,0.0,71.0,1.0
62.0,149.74611,4.0,2.542282,10.0,1.0,0.0,84.60497,1.0,4.0,5.0,14.0,3.0,24.0,0.0,2.0,2.0,1.0,-8.0,2.0,1.0,0.0,48.162632,1.0
68.0,141.53719,-9.0,80.316124,19.0,0.0,0.0,100.0,-7.0,7.0,8.0,23.0,10.409977,50.0,0.0,3.0,3.0,63.700478,75.2568,5.6606746,4.0,2.0,78.0,1.0
69.770836,128.46632,4.0,52.40023,23.0,1.0,1.0,100.0,-7.0,7.0,8.0,23.0,4.0,87.52681,0.0,1.0,1.0,2.0,80.0,1.0,3.0,0.0,70.57803,1.0
-9.0,100.46251,25.47086,-9.0,2.0581043,0.0,0.0,100.0,-7.0,7.0,8.0,10.344627,0.0,100.0,0.0,0.0,0.0,13.053118,67.85003,0.0,1.0,0.0,100.0,1.0
60.824165,68.0515,5.0,-9.0,-5.5056562,0.0,0.0,100.0,-7.0,7.0,8.0,-4.186266,1.0,47.0,0.0,3.0,3.6391962,23.82733,38.4539,2.0,2.0,0.0,69.55528,1.0
59.97895,288.87457,4.0,87.97913,43.027122,6.521594,4.106699,88.933205,6.0494337,-9.0,5.6942134,47.916763,10.448849,52.542927,1.0,2.0,1.0,28.0,48.227272,9.23091,4.0,0.0,70.0,1.0
-9.0,-9.0,2.0,-9.0,13.0,0.0,0.0,100.0,-7.0,7.0,8.0,16.0,4.0,18.605743,-7.0,4.0,4.0,78.96105,12.714361,6.0,3.0,5.1682906,89.25682,1.0
66.0,-9.0,6.0,-9.0,-9.0,0.0,0.0,100.0,-7.0,7.0,8.0,0.3640111,1.0,21.0,0.0,2.0,2.0,83.52175,-8.0,1.0,1.0,0.0,50.0,1.0
59.303867,-9.0,2.0,-1.3567356,12.69878,0.0,0.0,100.0,-7.0,7.0,8.0,12.0,4.0,21.0,0.0,4.0807343,5.0,79.67293,-8.0,6.0,1.0,5.9741693,85.86945,1.0
65.0,-9.0,8.0,-9.0,3.6885843,0.0,0.0,92.54882,51.301334,6.0,6.0,6.0717654,1.0,41.0,-7.0,1.0627245,1.0,58.701786,-8.0,3.0,1.0,0.0,71.0,1.0
54.3047,163.4957,11.0,44.62953,3.9003127,4.0011773,1.0,76.186195,12.941942,4.0,2.0,6.2453923,0.0,67.421814,0.0,2.0,1.9036957,46.854965,96.81883,1.0,2.0,0.0,90.54095,1.0
61.785423,159.81091,20.0,75.78274,14.0,0.0,0.0,91.07594,9.568476,6.0,6.0,10.078346,0.0,0.0,2.0,0.0,0.0,85.04225,53.930058,10.519488,-8.0,5.928376,75.00092,1.0
57.173996,356.73123,2.6164234,96.5189,13.0,0.0,0.0,80.70956,-7.0,-9.0,6.0,26.0,1.0,14.0,0.0,2.0940444,3.0,34.16933,68.010864,7.0,1.0,2.0,77.4292,1.0
63.0,35.94192,3.0,-9.0,10.0,1.0,0.0,100.0,-7.0,6.0,8.0,8.479953,1.0,63.9235,0.0,3.0,3.0,61.259724,83.32186,2.0,2.0,0.0,82.26879,1.0
-9.0,262.33688,34.024097,108.82141,6.0008445,0.0,0.0,67.14979,4.8776693,3.0,6.0,9.779734,0.0,60.256344,0.0,0.0,0.0,119.98456,73.61662,4.0,1.0,8.268245,100.0,1.0
66.42099,132.06482,4.0,68.0,10.0,2.0,1.0,90.0,38.261936,4.0,5.0,10.505348,1.0,64.49764,0.0,2.0,2.0,4.434542,-8.0,1.0,2.0,-9.0,99.4367,1.0
-9.0,54.038208,9.0,-9.0,4.851254,2.0,1.698646,92.0,36.794342,6.0,6.0,7.0,1.0,92.78849,1.0,0.0,0.0,40.995796,-8.0,1.0,1.0,-9.0,100.0,1.0
62.236782,240.61028,7.234029,73.3963,27.0,1.0,0.0,94.0,22.80134,6.0,5.0,24.0,2.0,24.0,0.0,0.0,0.0,46.484028,81.699295,8.199154,3.0,1.0,78.0,1.0
-9.0,139.65176,4.928386,71.0,9.0,3.0,2.0,68.66011,-7.0,-9.0,5.0,14.0,2.0,14.0,22.46317,0.0,0.0,83.683304,-8.0,4.0,1.0,1.0,85.88903,1.0
66.131775,160.47998,42.045948,94.25603,21.0,2.0,2.9413495,93.0,6.0,4.0,5.0,22.0,0.0,46.0,-7.0,3.0,3.0,32.410133,-8.0,2.0,1.0,0.0,37.409607,1.0
64.0,149.18808,15.0,35.811512,3.218716,0.0,0.0,76.9366,18.072634,6.0,6.0,5.751085,0.0,76.30424,-8.0,0.0,0.0,94.315285,59.20685,2.0,3.0,0.0,90.34287,1.0
56.934155,138.9177,2.0,27.756592,15.0,0.0,0.0,100.0,-7.0,7.0,8.0,11.483201,10.876083,31.0,0.0,4.0,3.114946,44.920734,81.31431,6.0,3.0,1.0,67.0,1.0
55.413532,-5.0358124,3.0,-9.0,-9.0,0.0,0.0,100.0,-7.0,7.0,8.0,1.0375732,2.0864146,-9.0,0.0,2.0,2.0,84.26864,-8.0,2.0,-8.0,0.0,88.465904,1.0
64.08451,154.25633,7.94766,48.868774,29.0,1.0,0.0,92.0,1.7626657,4.0,4.0,34.124542,2.0,53.108894,1.0,1.0,1.0,42.322876,100.0,5.0,5.7364855,1.0,75.0,1.0
62.479626,173.47194,1.0,69.36901,28.0,1.632785,1.0,88.0,-7.0,-9.0,3.8081808,35.0,3.3401227,64.08337,0.0,4.0,4.0,20.874142,38.53667,3.0,21.327263,0.0,78.0,1.0
74.0,69.65743,4.0,34.48333,10.0,0.0,0.0,88.0,68.82696,6.0,6.0,16.0,2.0,57.34406,-8.0,0.0,0.0,62.418053,60.300503,2.0,3.5279584,0.0,91.50096,1.0
27.561697,82.30793,-9.0,26.615894,23.88198,0.0,0.0,100.0,-7.0,7.0,8.0,25.0,10.965291,21.0,-7.0,6.171069,6.5387363,75.976715,70.22631,6.4524393,3.0,3.0,88.0,1.0
59.257572,70.051926,3.0,59.64312,39.26574,0.0,0.0,95.0,13.747482,6.0,6.0,46.487934,6.2236056,18.0,0.0,2.0,1.0,59.102673,-8.0,7.0,1.0,1.0,63.387238,1.0
58.143505,32.05652,9.0,55.422615,11.0,0.0,0.0,100.0,-7.0,7.0,8.0,9.0,0.0,35.512028,-7.0,9.191883,9.844928,98.78924,-8.0,5.0,1.0,5.414803,85.18246,1.0
64.890274,-8.0,32.683052,19.296394,-9.0,0.0,0.0,100.0,-7.0,7.0,8.0,-8.29573,0.0,99.949776,0.0,4.0,3.0,0.0,50.360443,1.0,1.0,0.0,80.0,1.0
54.557964,75.34533,3.0,-9.0,15.0,0.0,0.0,100.0,-7.0,7.0,8.0,18.0,3.0,22.0,0.0,1.0,1.0,84.07788,88.0,8.537164,4.0,2.9131868,98.8419,1.0
7.559616,60.183502,3.0,43.322254,27.289186,0.0,0.0,100.0,-7.0,7.0,8.0,28.0,4.0,60.292797,1.0,1.0,1.0,113.28081,80.03746,7.0,7.7970076,5.8427525,100.0,1.0
63.0,-8.0,6.0,-9.0,8.727009,0.0,0.0,92.0,16.905067,6.0,6.0,9.0,4.0,57.2293,2.0,0.0,0.0,67.03478,91.0,3.0,3.0,0.0,100.0,1.0
70.0,136.28111,5.6469235,54.514038,13.0,2.0,0.0,85.292534,4.0,4.0,2.0,14.0,1.0,20.0,0.0,1.0,1.0,1.0,86.273766,1.0,1.0,0.0,33.0,1.0
65.0,170.82668,8.0,61.0,14.256264,0.0,0.0,100.0,-7.0,7.0,8.0,11.0,3.0,8.803235,13.186192,1.0,1.0,57.06746,-8.0,10.966175,1.0,3.0,76.89895,1.0
59.749737,40.898914,4.0,-9.0,40.075485,2.0,2.0,88.0,26.514776,4.089998,3.1830366,44.49579,10.999614,28.0,0.0,16.075603,15.594038,20.940235,82.0,11.0,4.0,1.0,61.904633,1.0
69.0,-8.0,10.0,-7.0745783,15.0,0.0,0.0,90.54886,4.088909,5.0,6.0,20.0,1.0,61.790012,22.122446,0.0,0.0,17.047327,88.0,1.0,4.0,0.0,60.0,1.0
62.90046,107.15629,22.443666,36.414104,4.7987,0.0,0.0,100.0,-7.0,7.0,8.0,8.216261,0.0,0.0,19.237661,0.0,0.0,99.35317,59.514164,6.0,2.0,2.24399,88.0,1.0
63.0,57.19368,15.0,47.050793,-9.0,0.0,0.0,67.061005,29.66467,6.0,6.0,3.985242,0.0,99.35534,0.0,1.0,1.0,41.676193,45.492096,1.0,2.0,0.0,100.0,1.0
55.735363,-9.0,3.0,22.774263,1.4873403,0.0,0.0,96.0,-7.0,6.0,6.0,4.9689837,3.0,19.031504,-7.0,3.0,3.0,63.089005,-8.0,4.0,-8.0,1.0,71.0,1.0
-4.3266187,286.14243,4.0,77.59638,16.0,0.0,0.0,86.747604,3.0635297,4.0,6.0,19.369272,2.0,29.0,0.0,16.160158,15.146355,110.906204,-8.0,12.106773,2.0,9.063133,100.0,1.0
-9.0,235.58267,8.0,83.0964,18.0,6.8831472,2.0,57.431793,9.087539,4.0,5.0,27.0,1.1187127,66.5934,-8.0,1.0,1.0,89.370346,86.63927,4.0,7.375101,1.0,85.627335,1.0
-9.0,132.04062,3.0,10.524415,13.0,0.0,0.0,94.62475,40.41449,6.0,6.0,15.0,4.9371467,27.0,0.0,4.0,4.0,84.97332,-8.0,6.604942,3.0,3.0,76.9723,1.0
-9.0,82.98083,4.0,-9.0,12.509868,0.0,0.0,81.16949,18.357481,6.0,5.0,12.529606,3.0,42.0,0.0,0.0,0.0,119.88858,60.02927,1.0,4.0,1.0,88.57824,1.0
61.5904,41.26285,4.0,55.842953,23.0,0.0,0.0,100.0,-7.0,7.0,8.0,22.0,1.0,40.0,0.0,1.0,1.0,53.743313,66.44195,3.0,2.0,4.0976186,52.82365,1.0
59.57206,-5.5587277,18.890316,-9.0,12.0,0.0,0.0,100.0,-7.0,7.0,8.0,7.273946,0.0,27.13529,0.0,3.0,2.0,78.99344,-8.0,4.0,1.0,1.0,71.0,1.0
62.187325,187.79453,5.0,43.401516,10.0,0.0,0.0,88.0,32.714157,6.0,6.0,9.229035,6.0,14.856309,0.0,2.0,2.0,59.44795,87.65792,7.0,2.0,2.0,67.0,1.0
79.0,440.9731,23.438372,80.0,14.382702,0.0,0.0,100.0,-7.0,7.0,8.0,17.0,0.0,99.58676,1.0559193,3.0,2.0,0.0,49.379787,1.0,2.0,-8.744603,83.0,1.0
-9.0,135.17262,3.0,35.07437,14.0,0.0,0.0,88.0,-4.5590315,0.0,5.886298,23.0,4.0,46.153664,0.0,5.0,5.112486,52.749477,76.0,5.0,4.0,0.0,80.0086,1.0
-9.0,-9.0,-9.0,-9.0,-9.0,-9.0,-9.0,-9.0,-9.0,-9.0,-9.0,-9.0,-9.0,-9.0,-9.0,-9.0,-9.0,-9.0,-9.0,-9.0,-9.0,-9.0,-9.0,1.0
68.0,142.62164,6.5680566,45.22377,3.975744,0.0,0.0,77.01006,22.268896,6.0,6.0,10.0,2.0,99.98963,0.0,3.0,3.0,0.0,84.03877,-9.0,4.0,-9.0,100.0,1.0
61.73387,138.83144,23.553675,68.19067,15.0,2.3047254,0.0,83.859146,7.0854754,6.0,4.7614875,18.38379,0.0,74.84004,1.0,0.0,0.0,72.92832,-8.0,4.0,2.0,0.0,88.0,1.0
63.679382,130.9885,4.0,37.360886,15.0,0.0,0.0,89.0,34.90889,6.0,6.0,16.0,3.129074,43.58051,0.0,0.0,0.0,69.126236,70.38625,5.0,2.0,2.0,83.54459,1.0
75.0,187.12067,24.989477,102.587074,6.0,0.0,0.0,67.75179,45.275814,6.0,6.0,9.0,0.0,7.5972967,17.04859,0.0,0.0,0.0,-8.0,5.0,-8.0,0.0,100.0,1.0
30.338673,101.15339,3.7937987,-9.0,12.0,0.0,0.0,100.0,-7.0,7.0,8.0,11.0,5.0,35.012424,0.0,2.0,2.0,104.71769,57.614155,4.0,4.0,7.2747903,100.0,1.0
67.16627,115.58226,12.0,39.765602,9.883694,1.0,0.0,81.67734,44.470478,6.0,5.0,10.303089,2.0,97.878174,0.0,1.0,2.0,40.992584,80.19992,1.0,3.0,0.0,100.0,1.0
58.22821,98.7598,16.236757,99.452995,13.0,2.0,1.0,85.27132,4.0,4.0,5.0,13.0,0.0,18.211826,1.0,2.0,1.0,96.056885,-8.0,6.0,1.0,4.619749,100.0,1.0
57.215168,136.68031,22.969717,82.0,14.0,0.0,0.0,92.0,3.0,4.0,6.0,14.0,0.0,7.0789433,1.0,2.0,1.0,78.49402,-8.0,10.116353,-8.0,4.0,100.0,1.0
57.409485,84.928566,8.0,44.651592,9.010115,0.0,0.0,89.0,15.768024,6.0,6.0,9.0,0.0,43.457893,3.0,0.0,0.0,119.97281,73.89064,3.0,1.0,1.0,100.0,1.0
56.763496,175.77625,15.013634,45.42043,12.608299,3.0,2.3694127,100.0,-7.0,7.0,8.0,13.0,0.0,83.98094,0.0,1.0,1.0,80.74221,-8.0,2.0,1.0,-9.0,86.91347,1.0
62.29654,154.44267,10.0,59.935486,12.0,0.0,0.0,100.0,-7.0,6.0,8.0,3.9964921,1.0,22.0,0.0,2.0,2.5839562,110.47793,-8.0,8.0,1.0,2.0,100.0,1.0
58.67603,175.91838,5.0,81.0,21.110779,0.0,0.0,88.42427,15.248408,6.0,6.0,22.0,3.0,19.0,0.0,2.0,2.0,61.103497,81.428925,9.0,2.0,1.0,80.0,1.0
65.2874,101.38839,36.28231,82.0,11.250997,1.0,0.0,75.21422,-7.0,3.4875958,5.0,17.695574,0.0,11.246959,-7.0,0.0,0.0,37.51506,-8.0,6.0,-8.0,2.0,100.0,1.0
16.831287,93.05377,1.2265742,89.71795,14.0,4.4827256,3.5353138,100.0,-7.0,-9.0,8.0,3.8032632,5.0,26.854103,-7.0,2.0,3.0,23.24875,-8.0,5.0,1.0,0.0,80.0,1.0
63.870743,106.864426,3.0,56.149933,54.635773,1.0,1.0,100.0,-7.0,6.6913786,8.0,52.704556,4.0,26.0,-7.0,6.792984,6.0347323,91.77039,-8.0,11.0,3.0,1.0,73.0,1.0
54.872406,94.97539,18.194166,64.81601,-9.0,0.0,0.0,64.7192,-7.0,3.0,6.0,4.451133,0.0,35.0,0.0,1.0,1.0,0.0,-8.0,0.0,2.0,-9.0,67.0,1.0
67.0,147.61282,2.0,38.11373,34.01907,0.0,0.0,97.357635,51.362408,6.0,6.0,33.0,5.0,37.39252,1.0,4.0,4.2874312,4.8159065,71.0,8.0,3.0,0.0,80.0,1.0
65.0,142.49146,12.775226,45.64626,15.0,2.0,0.0,82.76793,21.083792,4.0,2.0,18.0,1.0,50.0,0.0,2.0,2.0,85.9438,-8.0,4.0,2.0,1.0,100.0,1.0
-9.0,253.27748,5.0,103.35033,30.0,0.0,0.0,78.551575,6.8376746,6.0,6.0,35.055218,3.0,24.580526,0.0,2.0,2.0,111.1599,23.600025,9.0,3.0,5.501796,90.00118,1.0
-9.0,100.85289,23.81742,65.0,10.0,4.0708966,3.2561214,58.7985,-7.0,-9.0,6.0,7.705493,0.0,84.97156,0.0,1.0119572,1.0,64.75346,-8.0,2.0,3.0,2.0,100.0,1.0
-9.0,105.98242,4.0,22.883814,17.0,0.0,0.0,94.0,16.6757,1.9150021,6.0,17.0,3.0,44.0,0.0,2.926434,3.0,59.94183,70.68999,4.0,3.0,3.0,69.65569,1.0
63.548294,153.69283,14.0,45.20151,13.414294,0.0,0.0,88.0,6.0,6.0,6.0,17.0,0.0,54.83039,0.0,1.0,0.0,33.242096,64.057274,6.0,2.0,0.0,87.85607,1.0
72.0,164.71272,5.0,59.604744,14.0,4.838243,0.0,77.49316,21.339664,4.0,4.0,23.823729,2.0,74.460014,0.0,0.0,0.0,0.008798084,76.480576,1.0,6.0,0.0,93.3398,1.0
-9.0,124.11798,11.0,58.352802,23.0,3.3956308,0.0,61.79435,-1.6553549,4.0,4.0,28.0,1.0,42.622097,0.65376425,3.0,3.0,60.411694,-8.0,3.0,1.0,2.0,52.04652,1.0
72.0,55.74422,5.0,16.94721,6.61424,0.0,0.0,100.0,-7.0,7.0,8.0,5.4749246,2.0,72.47615,-7.0,1.0,1.0,6.0,52.526325,1.095997,7.274185,0.0,100.0,1.0
54.27997,165.87148,4.0,43.186676,9.0,10.537517,9.444992,69.26284,45.647022,4.0,-3.6161351,11.0,3.0,95.89169,-8.0,4.0,3.0,93.405235,42.577686,2.0,6.341027,0.0,100.0,1.0
69.0,38.94885,4.0,-9.0,12.0,0.0,0.0,100.0,-7.0,7.0,8.0,9.0,6.0,22.92941,0.0,2.0,2.0,40.917336,-8.0,5.0,1.0,0.0,78.087555,1.0
62.0,142.47096,10.0,53.895554,18.0,3.372614,0.0,79.18723,30.730776,5.9760633,2.0,26.0,0.0,56.81152,0.0,10.811789,9.039004,53.167065,80.91421,3.0,3.0,0.0,68.554855,1.0
67.0,34.552044,38.26128,43.0528,-4.624919,0.0,0.0,85.23101,22.337837,6.0,6.0,4.0910378,0.0,99.54078,0.0,1.0,1.0,0.0,-8.0,0.0,1.0,0.0,100.0,1.0
-9.0,172.17133,2.014981,68.62177,29.0,0.0,0.0,95.59079,10.356475,4.433303,6.0,32.0,3.0,29.0,1.0,1.0,1.0,45.443855,66.72941,9.232982,3.0,4.0,67.0,1.0
64.0,-9.0,16.642471,-9.0,3.900835,2.0,1.3748505,82.49868,37.925694,6.0,4.0,3.167719,0.0,76.0859,0.0,1.0,1.0,51.47659,63.461742,2.0,1.0,0.0,85.765976,1.0
68.0,151.1247,3.0,28.305866,18.244267,0.0,0.0,92.0,48.17342,6.0,6.0,18.0,6.0,35.0,1.0,2.0,2.0,29.555353,80.44191,8.0,2.0,0.0,88.0,1.0
64.0,182.66905,9.0,67.0,14.0,0.0,0.0,75.08992,10.861849,4.0,6.0,14.408851,2.0,36.0,23.709171,0.0,0.0,17.459047,92.17983,3.0,2.0,1.0,67.0,1.0
71.50546,265.00635,8.0,90.30018,23.0,1.0,1.0,84.24941,3.0,4.0,5.0,32.512413,1.0,20.0,-8.0,5.0,4.883036,1.0,-8.0,2.0,1.0,0.0,37.784527,1.0
62.28909,215.5549,2.0,66.88236,32.0,0.0,0.0,95.1548,22.821585,6.0,6.0,35.0,5.0,20.0,0.0,1.0,1.0,61.41698,48.539528,12.318999,4.0,5.5842056,81.68511,1.0
58.033573,54.904564,2.0,-9.0,28.0,0.0,0.0,100.0,-7.0,7.0,8.0,27.0,5.018564,21.0,0.0,1.0,1.0,62.758305,-8.0,6.0,2.0,8.0207615,64.33863,1.0
-9.0,-9.0,33.23445,-9.0,9.0,0.0,0.0,82.26585,3.0,6.0,5.06211,3.9786196,0.0,57.47448,0.0,3.0,2.0,66.06432,51.305843,2.0,2.0,0.0,83.0,1.0
57.880833,125.82315,24.613857,71.0,4.4428344,2.2744014,1.0516732,68.81078,14.0260315,4.0,3.102469,4.0228424,0.0,56.46268,-7.0,2.0,2.0,57.456093,-8.0,2.0,1.0,1.0,100.0,1.0
71.95505,242.91417,16.0,76.09902,13.0,0.0,0.0,100.0,-7.0,7.0,8.0,15.198715,0.0,61.009087,0.0,3.0,2.0,84.86315,29.966373,1.0,2.0289497,0.0,77.630554,1.0
66.0,139.73871,15.887415,47.959366,-9.0,4.0934873,3.8661964,59.502728,35.25693,6.0,4.0,4.7159243,0.0,23.0,-7.0,2.0,1.0,56.642838,-8.0,1.0,-9.0,0.0,60.0,1.0
65.0,118.405365,2.0,49.07045,6.8495517,7.7408953,5.6635246,61.23538,5.0152974,4.0,2.5681639,12.0,2.936616,76.705475,-7.0,3.0,2.7124429,1.0,79.20571,1.0,2.0,0.0,100.0,1.0
66.0,118.557655,4.0,63.0,17.0,3.993109,1.0,86.8662,12.505686,4.0,5.0,18.0,1.0,76.78813,0.0,1.0,1.0,6.8769155,63.167557,2.0,3.0,-8.0,83.0,1.0
-9.0,-9.0,-9.0,-9.0,-9.0,-9.0,-9.0,-9.0,-9.0,-9.0,-9.0,-9.0,-9.0,-9.0,-9.0,-9.0,-9.0,-9.0,-9.0,-9.0,-9.0,-9.0,-9.0,1.0
62.0,173.49797,4.0,79.0,25.0,0.0,0.0,89.7114,23.590435,4.0,6.0,19.53887,4.0,-9.0,0.0,2.0,2.0,27.481928,26.164803,14.901621,1.0,0.0,63.0,1.0
67.66286,55.415745,3.0,23.4914,7.534216,0.0,0.0,88.0,46.425667,6.0,6.0,8.0,3.0,15.0510435,3.0,0.0,0.0,88.79145,84.003716,5.0,2.0,2.0,100.0,1.0
65.0,86.16314,6.0,-8.768691,10.394463,0.0,0.0,100.0,-7.0,7.0,8.0,13.0,3.0,72.33036,0.0,0.0,0.0,52.611156,-8.0,2.6192966,5.848819,1.0,85.670395,1.0
59.89047,167.06192,19.218441,102.45878,-9.0,2.0,2.0,37.943054,42.145885,6.0,2.0,6.48364,0.0,60.02705,0.0,4.0,4.0,119.57429,75.704094,2.0,1.0,3.0,100.0,1.0
67.0,122.38612,5.3576627,61.0,36.0,1.0,0.0,93.0,36.05471,6.0,5.0,35.46672,3.0,55.491566,1.0,2.0,1.0,59.68356,80.15976,9.0,6.280425,4.7090473,88.0,1.0
65.0,209.94847,9.0,77.149254,20.0,1.0,0.0,90.81693,5.526293,4.0,4.8179784,22.0,2.0,53.651913,0.0,9.412575,6.4926233,86.86228,99.166,7.0,4.0,3.0,100.0,1.0
64.690834,231.37862,16.0,67.0,5.7131753,3.0,0.0,60.474567,26.817099,4.0,5.0,8.581546,0.0,89.610435,0.0,2.0,2.0,48.761864,72.18827,1.0,5.138652,0.0,81.613686,1.0
62.1106,207.67557,2.0,60.102352,19.765657,0.0,0.0,100.0,-7.0,7.0,8.0,20.0,1.561555,36.0,-7.0,2.0,2.0,65.57134,68.06787,5.0,3.0,2.0,85.054,1.0
11.774963,205.40536,2.0,58.33669,8.178694,0.0,0.0,83.46833,22.037796,5.0,6.0,11.0,6.0,27.946835,2.0,2.0,2.0,93.362976,92.69972,6.0,2.0,3.7246046,90.632576,1.0
62.065334,171.59457,3.0,59.740482,11.0,1.0,0.0,86.85007,39.25762,6.0,5.0,12.0,2.4632175,21.877068,0.0,0.0,0.0,77.3081,49.027042,6.0,1.0,2.0,88.83681,1.0
62.56297,126.62465,17.0,55.62582,9.0,3.0,2.0,57.00923,19.144508,4.0,2.0,10.958996,0.0,99.73004,0.0,0.0,0.0,117.72183,34.795383,1.0,3.0,-9.0,100.0,1.0
65.0,83.5593,15.0,72.0,12.0,2.0,0.0,83.33091,30.672228,6.0,3.8071284,12.0,1.0,55.101456,10.596468,0.0,0.0,89.842445,43.188396,3.546129,2.0,0.0,100.0,1.0
65.0,196.4642,3.0,53.890682,46.294167,0.0,0.0,96.0,25.020388,5.0,6.0,55.35914,10.942648,36.0,6.151437,2.0,1.6975982,45.359043,-8.0,9.56506,4.0,1.0,88.0,1.0
60.6016,146.27618,8.596698,62.520283,26.0,0.0,0.0,92.0,24.61456,6.0,6.0,28.0,2.0,46.91968,0.0,4.0,3.0,65.4238,75.69653,11.0,2.0,2.0,84.53487,1.0
66.0,125.53716,3.0,61.40901,10.2262125,2.0,1.9732035,81.04353,34.822414,6.0,5.0,9.0,2.0,35.0,8.914759,0.0,0.0,62.943703,86.75867,3.0,1.0,0.0,85.44984,1.0
70.0,81.27252,5.0,61.54391,22.546211,0.0,0.0,100.0,-7.0,7.0,8.0,21.0,3.0,51.536507,0.0,4.0,4.0,46.22409,99.76465,3.0,2.0,1.0,88.1919,1.0
59.12101,95.20789,11.0,-9.0,9.0,0.0,0.0,100.0,-7.0,7.0,8.0,11.0,0.0,23.279396,0.0,0.0,0.0,113.74265,-8.0,10.375594,2.0,8.012626,100.0,1.0
67.0,304.47275,8.0,123.86351,32.920975,1.0,0.0,86.19817,9.104211,3.4483998,2.423233,31.819866,2.0,14.436878,1.0,2.0,1.0,40.330875,-8.0,22.630873,1.0,4.0,75.0,1.0
59.106358,214.6497,3.0,44.504158,18.936504,2.0,2.0,86.254326,2.0,-9.0,2.0,23.0,6.0,25.0,0.0,5.503548,5.5722995,2.0,84.678246,2.0,2.0,0.0,44.093372,1.0
-9.0,165.0694,2.0,63.23375,9.898806,2.0,0.0,79.14326,6.0,4.0,3.0,10.0,3.0,29.0,0.0,2.0,2.0,47.08003,90.91041,6.0,3.0,3.0,81.15242,1.0
-9.0,-8.0,10.0,52.9117,14.0,10.501448,2.149635,58.177113,62.060486,7.0,2.0,17.0,2.0,99.98496,-7.0,0.0,0.0,117.51386,80.0,1.0,5.0,-8.0,100.0,1.0
54.155792,106.904526,12.0,55.630352,21.0,0.0,0.0,90.33543,5.2734513,4.0,6.0,17.051432,0.0,15.578151,0.0,0.0,0.0,79.71962,-8.0,9.764605,2.0,3.8512783,79.853806,1.0
66.0,204.35292,12.0,73.83885,9.0,0.0,0.0,100.0,-7.0,7.0,8.0,9.0,1.0,70.47861,0.0,2.0,2.0,1.0,-8.0,1.0,-4.8454494,0.0,50.0,1.0
68.0,133.97997,14.9845705,49.05831,18.0,1.0,0.0,85.755394,18.815516,6.0,4.0,19.0,0.0,-9.0,6.0,1.0,1.0,36.2574,-8.0,7.0,1.0,0.0,69.0217,1.0
58.010662,162.85905,2.0,84.0,54.800888,0.0,0.0,97.0,40.98229,6.0,6.0,59.703056,4.0,16.0,-3.611771,5.445602,5.54016,65.97286,-8.0,14.73026,2.0,2.0,75.0,1.0
55.253765,150.31767,6.0,44.77367,38.552334,8.789589,3.9271445,77.13559,13.427247,-0.27387965,2.0,47.8888,5.0,25.0,0.0,4.0,3.0,51.697586,100.0,13.701618,4.0,3.0,73.69976,1.0
58.178562,-1.7874012,9.0,-9.0,-7.701013,1.0,0.0,90.0,53.154972,6.0,5.0,3.9804688,2.0,24.0,0.0,2.0,2.0,79.86038,-8.0,4.0,2.0,1.0,90.300964,1.0
-9.0,147.90721,5.0,58.036526,0.6067017,0.0,0.0,64.602036,-7.0,0.40057322,6.0,7.367363,1.0,55.804867,0.0,0.0,0.0,93.45726,-8.0,2.0,1.0,1.0,80.0,1.0
62.722416,81.41213,9.0,45.87386,63.59903,0.0,0.0,90.83394,22.851002,6.0,6.0,90.834175,1.3718659,67.22465,0.0,0.0,0.0,86.902565,80.67855,9.0,6.2768154,4.3246937,100.0,1.0
-9.0,125.50501,10.0,56.305668,26.0,0.0,0.0,94.0,15.247044,6.0,6.0,23.0,2.0,21.607054,0.0,4.0,4.0,82.30427,83.10273,21.541912,7.287286,10.217155,86.0,1.0
54.787453,244.58736,4.0,44.818512,17.0,1.0,0.0,81.41859,15.286961,6.0,5.0,20.0,10.563604,32.0,0.0,2.0,2.0,38.35847,86.35082,9.0,1.4375565,2.0,77.37578,1.0
62.0,108.68574,2.0,-9.0,12.789875,0.0,0.0,100.0,-7.0,7.0,8.0,13.906088,6.0,38.0,0.0,3.0,3.0,38.93948,91.53107,3.0,2.0,0.0,75.0,1.0
58.242077,93.17838,2.0,36.404037,39.571766,0.0,0.0,94.0,37.62097,6.0,6.0,38.907887,10.508747,42.0,-7.0,1.0,2.0,47.2343,100.0,5.0,7.63462,2.0,70.0,1.0
61.173607,151.54471,55.20361,134.69868,-9.0,0.0,0.0,77.856674,6.0,6.0,6.0,3.3966813,0.0,20.735832,1.0,1.0,1.0,112.1849,-8.0,3.0,-8.0,2.0,67.0,1.0
58.320534,138.45897,6.0,80.87927,29.0,0.0,0.0,90.096176,24.631958,6.0,6.0,28.0,1.0,33.0,1.0,4.1315145,4.0,59.885807,73.608185,7.9384604,4.0,1.0,82.05957,1.0
63.72931,115.46702,6.0,31.570988,8.0,0.0,0.0,83.25852,34.27756,6.0,6.0,8.0,5.294949,36.548477,0.0,1.0,1.0,114.321175,98.79522,2.0,5.4809217,1.0,80.191444,1.0
69.44239,140.41354,6.0,46.13122,9.001333,0.0,0.0,100.0,-7.0,7.0,8.0,7.3122272,1.0,47.355858,0.0,3.0,3.0,94.26451,93.0,3.0,3.0,1.0,80.0,1.0
64.0,158.3147,4.0,61.0,24.0,0.0,0.0,100.0,-7.0,7.0,8.0,25.0,1.0,44.85139,-7.0,2.0,2.0,74.33325,138.44911,9.0,3.0,3.0,86.0,1.0
58.834446,171.22485,7.2337923,79.397446,11.0,1.0,1.0,80.599945,16.100307,0.882809,4.0,12.0,2.0,21.0,-3.6747372,0.0,0.0,118.60491,79.67087,5.0,3.0,4.0,100.0,1.0
63.0,120.690796,1.0,45.55011,13.0,0.0,0.0,100.0,-7.0,7.0,8.0,10.0,1.0,44.0,0.0,0.0,0.0,118.02678,45.331547,4.0,3.0,3.198589,82.94773,1.0
71.0,99.02862,15.326289,36.7048,-7.8728914,0.0,0.0,100.0,-7.0,7.0,8.0,4.4419074,0.0,78.648735,0.0,1.0,1.0,0.0,73.95508,1.0,1.0,-8.0,75.0,1.0
-9.0,153.22885,5.0,58.0,18.0,2.0,2.5719044,82.33258,0.8813643,0.0,4.0,20.0,3.0,19.0,3.0,0.0,0.0,43.076523,-8.0,11.657408,1.0,4.2426414,75.0,1.0
63.0,16.361776,4.0,42.426052,6.399011,4.347452,2.3049612,72.54389,31.698883,6.0,5.0,7.0,2.0,58.95101,0.0,1.0,1.0,91.46612,77.308495,2.0,2.0,0.0,86.39882,1.0
-9.0,341.36615,5.0,85.88939,15.0,3.8365078,2.0,-9.0,-7.0,-9.0,2.8516533,26.950788,6.0,39.33607,0.0,4.0,4.0,56.832214,74.63921,4.0,3.0,0.0,77.45874,1.0
-9.0,188.76028,-9.0,61.530537,29.736778,0.0,0.0,100.0,-7.0,7.0,8.0,50.834732,4.0,18.472387,1.0,3.0,2.4829137,70.43261,76.658165,15.513938,7.7096105,10.516445,70.51471,1.0
67.71853,122.30679,33.14557,60.361378,-9.0,1.0,0.0,66.77524,29.597237,6.0,6.0,3.7936616,0.0,67.94947,-7.0,1.2515855,1.0,48.74046,47.23474,1.0,2.0,0.0,76.85181,1.0
-9.0,88.234634,5.0,-9.0,26.806156,3.0,3.352758,93.0,11.647281,4.0,6.0,26.264442,4.0,19.41372,0.0,0.0,0.0,84.85031,63.304928,9.0,6.342756,5.697613,80.0,1.0
60.2552,133.89328,3.0,60.707756,23.0,0.0,0.0,86.43619,43.488876,6.0,5.31873,21.0,2.0,17.0,0.0,0.0,0.0,56.92289,92.29481,11.0,2.0,7.1247964,80.0,1.0
69.0,386.00287,11.0,81.544945,26.228577,3.380756,2.942378,85.33927,32.11104,6.0,5.0,29.0,0.0,41.46198,0.0,6.180126,6.0791693,24.574759,47.13406,5.9452953,4.0,1.0,75.0,1.0
-9.0,255.41457,7.0,61.930626,32.996864,0.0,0.0,79.02223,0.781003,6.0,6.0,42.368584,1.0,43.0,1.0,3.6362002,3.0,72.24527,64.19426,23.560253,4.0,3.0,88.59,1.0
67.196205,-8.0,8.0,-9.0,7.392943,0.0,0.0,100.0,-7.0,7.0,8.0,8.0,3.0,46.475056,-7.0,0.0,0.0,33.96065,-8.0,3.0,1.0,1.0,100.0,1.0
-9.0,155.05843,4.0,58.0,25.069357,4.8293953,2.176458,57.272804,5.663603,4.0,4.0,30.0,4.0,44.41965,-7.0,5.0,5.0,88.18822,39.29068,8.0,4.0,6.0478525,90.12323,1.0
-9.0,309.46994,3.0,93.0,18.639925,3.773668,0.0,64.43703,-7.0,-9.0,5.0,24.0,3.0,33.0,3.0,1.0,1.0,59.34466,78.149574,5.0,3.0,4.0,80.0,1.0
56.45952,-5.965738,4.68634,-9.0,5.706505,2.2654567,1.0,75.538826,40.229168,6.0,3.8802214,6.1695814,3.0,98.232,-7.0,0.0,0.0,76.41597,86.60911,1.3579774,3.0,-9.0,88.423515,1.0
69.0,90.75624,2.0,-9.0,20.806446,1.0,0.0,96.0,12.790358,2.9455714,2.5749748,21.0,4.0,21.0,11.2820215,0.0,0.0,29.306326,71.0,4.0,2.0,1.0,48.21084,1.0
-9.0,23.382986,3.0,-9.0,6.2946134,0.0,0.0,100.0,-7.0,7.0,8.0,9.0,3.0,33.0,0.0,0.0,0.0,118.71547,-8.0,3.0,-8.0,2.0,79.382965,1.0
68.0,175.97466,20.0,67.781944,17.0,0.0,0.0,90.97487,10.361412,4.0,6.0,17.0,0.0,14.662183,1.0,2.754227,2.0,60.195507,-8.0,10.71372,1.0,1.0,89.331955,1.0
-9.0,162.58752,2.0,89.53097,14.0,9.233561,8.903897,78.09058,10.561921,-8.928789,4.0,16.0,6.0,0.41489917,0.0,4.0,3.0,22.649803,-8.0,4.0,-8.0,0.0,44.0,1.0
63.0,153.15958,5.0,-9.0,18.0,2.0,1.0,92.0,15.941869,4.0,2.0,21.0,2.0,26.0,0.0,4.0,4.0,67.9871,65.08209,5.0,3.0,0.0,75.35323,1.0
58.442986,-9.0,5.0,32.034786,29.720215,0.0,0.0,100.0,-7.0,7.0,8.0,3.80675,2.0,30.0,11.76302,0.0,0.0,59.084923,29.807043,9.77916,3.0,2.0,70.40028,1.0
67.25894,160.17998,11.0,61.0,-9.0,0.0,0.0,100.0,-7.0,7.0,8.0,4.8482766,1.0,99.99385,-7.0,0.0,0.0,-8.605196,62.667747,-9.0,1.0,0.0,88.651085,1.0
-9.0,165.82472,4.0,-9.0,6.0,0.0,0.0,100.0,-7.0,7.0,8.0,6.8345866,4.2423034,27.0,0.0,3.0,3.0,84.84288,115.00357,7.0,3.0,4.7947845,100.0,1.0
70.0,150.39732,4.0,-9.0,0.7039439,0.0,0.0,100.0,-7.0,7.0,8.0,8.284458,2.0,72.90325,-7.0,0.0,0.0,0.0,-8.0,2.0,1.0,0.0,100.0,1.0
63.0,108.95546,5.0,-9.0,28.0,0.0,0.0,100.0,-7.0,7.0,8.0,27.773897,6.0,62.94449,0.0,2.0,2.0,92.39392,81.94898,8.0,6.382436,3.8391354,100.0,1.0
73.0,41.673847,10.0,45.774414,13.0,0.0,0.0,100.0,-7.0,7.0,8.0,12.0,0.0,18.0,0.0,2.0,2.0,3.0,-8.0,3.0,1.0,2.0,62.947315,1.0
66.09028,176.47908,-9.0,50.227497,18.0,0.0,0.0,100.0,-7.0,7.0,8.0,26.0,6.0,22.0,1.8000079,4.0,4.0,72.665794,-8.0,5.0,2.0,5.936618,83.0,1.0
59.62291,304.34656,36.91751,67.03587,19.0,0.0,0.0,78.24157,21.711672,6.0,6.0,34.0,0.0,99.98505,0.0,2.0,2.0,21.0,-8.0,1.0,1.0,0.0,100.0,1.0
71.0,55.223522,25.629364,-9.0,-9.0,0.0,0.0,100.0,-7.0,7.0,8.0,4.120852,0.0,28.747213,-7.0,3.0,3.0,50.293407,-8.0,2.0,1.0,0.0,70.0,1.0
59.56853,169.03789,20.0,89.15769,-9.0,0.0,0.0,100.0,-7.0,7.0,8.0,0.13880603,0.0,99.98693,1.0,0.0,0.0,-9.0,-8.0,-9.0,-9.0,0.0,33.0,1.0
64.0,126.416435,33.960094,49.444016,-3.711951,0.0,0.0,79.41654,15.229406,6.0,6.0,4.8688855,0.0,99.91004,0.0,3.0,3.0,0.0,19.023916,-9.0,1.0,-8.0,69.57757,1.0
64.0,29.962465,6.0,-8.513121,10.233279,0.0,0.0,75.624435,33.988407,5.0448046,6.0,9.0,3.0,99.86343,0.0,0.0,0.0,53.37316,89.71829,1.6306264,8.206616,1.0,100.0,1.0
62.0,159.9856,15.252065,62.72699,13.0,0.0,0.0,100.0,-7.0,7.0,8.0,10.0,0.0,10.885292,23.695417,0.0,0.0,55.863052,15.746196,6.0,1.0,2.0,62.257275,1.0
18.888742,60.89949,23.436579,51.978718,13.0,0.0,0.0,94.0,15.958829,6.0,6.0,13.0,0.0,0.0,0.0,0.0,0.0,116.049614,-8.0,7.659068,1.0,3.5825295,72.517105,1.0
68.0,119.87099,25.778978,63.0,14.0,0.0,0.0,88.0,11.374896,6.0,6.0,14.0,0.0,72.92289,1.0,2.0,2.0,12.0,-8.0,3.0,2.0,0.0,83.0,1.0
65.0,53.32558,35.507442,8.49882,-4.88302,0.0,0.0,100.0,-7.0,7.0,8.0,6.4879384,0.0,100.0,-7.0,0.0,0.0,0.0,-8.0,0.0,1.0,-8.828645,88.0,1.0
70.17315,210.52992,3.0,59.552696,9.0,0.0,0.0,100.0,-7.0,7.0,8.0,8.0,1.0,56.880035,0.0,1.0,1.0,25.42235,-8.0,3.0,1.0,0.0,88.680405,1.0
72.0,115.65453,25.352741,53.15293,-9.0,0.0,0.0,100.0,-7.0,7.0,8.0,1.0642025,0.0,76.81314,0.0,0.0,0.0,-9.0,-8.0,0.0,-8.0,-9.0,89.73063,1.0
-9.0,60.134605,4.0,46.498905,16.0,2.0,0.0,76.67934,4.0317073,-0.98490155,5.0,19.0,3.0,49.436253,0.0,2.0,2.0,83.1246,97.410645,3.0,2.0,0.47409844,70.603874,1.0
64.95791,120.83016,8.0,50.94197,18.0,1.0,1.0,86.355125,2.0,-0.35645336,5.0,21.0,3.0,39.0,0.0,3.0,2.0,22.945953,62.975994,3.0,3.0,0.0,53.301617,1.0
69.0,125.91881,4.0,41.308712,16.0,3.0,2.0,94.0,57.972527,6.0,6.0,22.506147,3.0,73.40085,0.0,1.0,1.0,46.40434,98.4242,3.0,4.0,0.0,83.0,1.0
-9.0,153.00195,20.030668,107.96279,26.0,1.0,0.0,94.0,-7.0,-9.0,6.0,24.0,0.0,42.387833,0.0,1.0,1.0,55.792873,-8.0,13.107925,3.0,3.4794965,75.0,1.0
63.0,125.38792,8.0,38.630497,-9.0,0.0,0.0,100.0,-7.0,7.0,8.0,-2.7734659,2.0,56.905693,0.0,1.374542,2.0,28.338425,-8.0,1.0,-8.0,0.0,80.0,1.0
59.586765,226.9897,39.05628,104.32841,5.0472918,2.684965,2.0,88.0,7.809502,7.0,6.0,4.913313,0.0,99.99947,0.0,0.0,0.0,-9.0,-8.0,-9.0,1.0,-9.0,100.0,1.0
59.988884,71.322655,6.0,7.94552,11.0,1.0,1.0,94.66238,-7.0,1.6786164,6.0,15.0,2.0,20.451248,-7.0,0.0,0.0,112.88931,76.910194,3.0,2.0,2.0,100.0,1.0
57.806084,112.9375,7.0,-9.0,11.0,0.0,0.0,82.77266,17.25788,4.0,6.0,12.0,3.0,32.0,0.0,0.0,0.0,48.752373,93.65074,4.0,4.0,0.0,73.0,1.0
63.0,-3.0440156,4.0,-9.0,8.0,0.0,0.0,100.0,-7.0,7.0,8.0,6.949469,2.0,36.0,0.0,0.0,0.0,62.918987,89.48596,3.0,2.0,2.0,78.0,1.0
66.0,7.22465,7.0,39.985428,11.0,0.0,0.0,100.0,-7.0,7.0,8.0,8.0,2.0,58.967842,-7.0,0.0,0.0,55.29402,84.04282,4.0,2.0,1.0,100.0,1.0
58.396618,80.8329,3.0,-3.7884572,6.0,2.0,1.8149978,100.0,-7.0,6.0,8.0,9.174431,2.0,61.281803,0.0,2.0,2.0,1.0,90.61665,1.0,2.0,-8.0,75.52558,1.0
80.0,117.884995,4.0,45.390495,13.0,0.0,0.0,100.0,-7.0,7.0,8.0,15.0,2.0,67.79527,2.0,2.819541,2.0,14.156002,84.011,1.0,4.0,0.0,70.0,1.0
56.820343,143.61002,10.0,25.526936,4.4590654,1.0,0.0,83.152466,30.625387,6.0,5.0,3.9890103,2.0,93.006355,0.0,1.0,1.0,86.02475,50.640415,2.0,5.0,1.0,100.0,1.0
64.0,84.5097,8.0,54.92291,12.0,1.6915487,1.0,83.465935,37.070602,4.0,2.677623,12.0,2.0,75.725235,-7.0,2.0,2.0,116.13842,-8.0,4.0,2.0,0.0,100.0,1.0
68.21445,-9.0,2.0,-9.0,9.0,0.0,0.0,100.0,-7.0,7.0,8.0,3.9969661,4.0,28.0,0.0,2.0,2.0,13.978498,59.431164,3.0,2.0,0.0,60.0,1.0
56.28841,-9.0,3.0,-2.9359238,22.0,0.0,0.0,100.0,-7.0,7.0,8.0,23.0,5.0,27.0,-7.0,4.0,4.0,55.177914,51.95737,7.0,2.0,4.3311357,67.0,1.0
58.603096,84.20994,2.0,-9.0,-9.0,4.7064023,3.252764,71.098656,55.393715,6.0,6.0,5.323451,2.0,62.201233,0.0,4.0,3.9047465,40.944187,60.786285,1.0,2.0,0.0,100.0,1.0
72.0,-7.6512246,5.0,6.363653,4.903073,0.0,0.0,100.0,-7.0,7.0,8.0,3.9979734,2.0,64.15954,0.0,0.0,0.0,0.0,63.803844,0.0,2.0,0.0,36.895172,1.0
59.24956,153.77597,13.272214,61.300423,21.0,0.0,0.0,100.0,-7.0,7.0,8.0,17.567053,0.0,28.0,0.0,8.061137,6.507521,95.26311,83.15633,14.432658,3.0,10.750532,80.0,1.0
63.0,125.00069,4.0,-5.8722997,6.4202666,0.0,0.0,100.0,-7.0,7.0,8.0,6.958127,2.0,5.7343783,1.0,10.282365,9.069574,113.84077,-8.0,3.0,1.0,1.0,77.229095,1.0
58.15828,157.06866,3.0,44.55719,19.0,2.0,0.0,77.296265,26.127413,6.0,2.0,24.0,3.0,50.0,0.0,4.0,3.7317202,59.67088,81.363884,3.0,8.47688,2.0193987,99.6935,1.0
62.0,136.83665,6.0,58.0,12.0,0.0,0.0,85.89693,34.228565,6.0,6.0,9.0,3.0,57.037113,4.0,0.0,0.0,56.706303,80.0,4.0,2.0,3.0,89.55142,1.0
-9.0,-8.0,-9.0,-9.0,19.166052,0.0,0.0,100.0,-7.0,7.0,8.0,20.087492,10.961104,36.0,-6.944745,4.0,4.0,22.225792,98.28981,3.0,4.0,0.0,40.0,1.0
61.535477,143.9889,4.0,63.0,39.0,0.0,0.0,96.0,22.58376,6.0,6.0,38.210197,2.0,31.350866,0.0,4.9323034,4.566383,47.66658,-8.0,13.191309,3.0,5.860436,78.0,1.0
68.0,198.34853,21.567808,78.540985,8.374382,0.0,0.0,84.096756,32.349644,6.0,6.0,11.0,0.0,9.502587,0.0,0.0,0.0,116.26747,-8.0,4.0,-8.0,2.0,95.874794,1.0
-9.0,158.96323,36.98109,81.41784,1.9145811,4.6086993,1.0,-9.0,4.0,4.0,2.0,4.6201963,0.0,62.237053,0.0,2.0,2.0,119.42039,-8.0,1.0,2.0,0.0,100.0,1.0
-9.0,-9.0,5.0,-9.0,-9.0,0.0,0.0,100.0,-7.0,7.0,8.0,-9.0,5.0,99.59945,-8.36774,0.0,0.0,5.4788394,97.94595,1.0,3.0,-8.0,100.0,1.0
79.0,221.20319,19.617598,76.0,5.753221,0.0,0.0,100.0,-7.0,7.0,8.0,7.0968623,0.0,17.0,0.0,4.70802,4.408021,0.0,-8.0,1.0,-8.0,0.0,26.819885,1.0
59.746445,111.50255,5.0,49.11762,34.0,1.0,0.0,97.0,36.632095,4.0,6.0,32.0,8.33767,11.0,1.0,1.0,1.0,34.05648,-8.0,12.68725,1.0,2.0,69.219444,1.0
56.960915,68.2477,5.0,-9.0,-9.0,0.0,0.0,100.0,-7.0,7.0,8.0,-9.0,0.0,98.3354,0.0,2.0,2.0,-8.884949,77.026596,-7.9934773,1.0,-8.0,67.0,1.0
66.0,131.92775,17.0,53.11341,-9.0,0.0,0.0,100.0,-7.0,7.0,8.0,6.0779295,0.0,99.48393,0.0,1.0,1.0,0.0,62.903423,1.0,1.0,0.0,100.0,1.0
63.0,217.53325,20.0,90.05168,12.2532835,0.0,0.0,88.0,2.0,4.0,6.0,12.0,0.0,46.87229,0.0,0.0,0.0,83.793106,64.58041,4.0,2.0,2.0,82.608,1.0
-9.0,110.11606,3.351612,46.64083,13.0,2.0,1.0,85.213165,39.106842,6.0,5.0,12.0,2.9211726,69.444984,-7.0,0.0,0.0,118.439514,94.40266,4.0,4.0,2.0,100.0,1.0
60.40746,-9.0,1.0,-9.0,6.0,0.0,0.0,100.0,-7.0,7.0,8.0,7.795154,10.08026,6.4270473,0.0,3.0,3.0,41.970024,-8.0,4.0,1.0,2.0,67.0,1.0
61.94535,-5.939452,1.0,-9.0,15.0,0.0,0.0,100.0,-7.0,7.0,8.0,10.442977,7.677142,0.0,0.0,3.0,2.8055346,47.798492,95.53463,5.0,2.0,2.0,50.0,1.0
65.0,38.956642,4.0,-9.0,4.3432984,0.0,0.0,100.0,-7.0,7.0,8.0,4.498787,4.0,38.0,0.0,2.0,2.0,71.5189,77.599106,4.0,2.0,0.0,85.49231,1.0
70.081726,157.84659,9.0,45.40739,3.2316923,0.0,0.0,87.37887,45.326008,6.0,6.0,3.9428844,1.0,42.0,4.0,0.0,0.0,47.69801,90.836754,1.0,1.0,0.0,81.91164,1.0
65.98687,95.73879,10.0,49.22609,-9.0,0.0,0.0,100.0,-7.0,7.0,8.0,4.0717707,1.0,42.0,0.0,5.0,4.7512465,117.200356,-8.0,1.0,1.0,1.0,100.0,1.0
60.14785,118.66463,2.0,35.560375,11.0,0.0,0.0,64.28317,36.1735,6.0,3.0,12.0,4.0,45.0,0.0,0.0,0.0,70.51404,84.00374,5.0,2.0,3.0,100.0,1.0
67.0067,233.90968,14.466352,72.0,14.0,0.0,0.0,100.0,-7.0,7.0,8.0,14.0,0.0,18.0,7.1604824,0.0,0.0,89.571884,-8.0,5.0,1.0,2.0,75.0,1.0
-9.0,43.625652,1.0,-9.0,22.0,0.0,0.0,100.0,-7.0,7.0,8.0,24.0,10.999701,47.0,0.0,2.0,2.0,58.486565,97.93019,5.0,11.426495,2.0,80.0,1.0
65.61,190.71048,2.0,33.28541,41.218937,0.0,0.0,100.0,57.783577,6.0,6.0,37.0,10.889075,16.0,2.0,1.0,1.0,33.36965,89.1408,22.352312,5.856874,0.0,73.82178,1.0
65.68048,148.46484,0.75521934,47.646545,17.0,0.0,0.0,95.0,22.645292,6.0,5.0,16.0,4.3724732,23.575518,0.0,2.0,2.0,70.65133,99.81529,3.0,3.0,0.0,80.0,1.0
57.7721,125.40759,3.0,33.450157,13.0,1.0,1.0,86.98948,23.41497,-9.0,5.0,14.0,3.0,22.946651,0.0,9.400184,11.506997,117.6618,63.90142,4.0,2.0,1.0,77.27388,1.0
56.55534,-9.0,1.0,-9.0,13.0,2.0,3.3322697,92.0,24.83332,4.0,3.0,13.643603,4.0,57.286606,0.0,3.0,2.0,35.53702,92.53071,3.0,4.0,0.0,75.0,1.0
61.948624,184.77507,13.0,59.732296,19.0,1.0,0.0,88.44656,11.516591,5.0,5.0,27.0,1.0,25.0,0.0,0.0,0.0,74.662674,-8.0,4.0,2.0,2.0,75.0,1.0
66.78048,96.96026,5.0,17.167065,10.0,0.0,0.0,100.0,-7.0,7.0,8.0,12.0,2.0,53.736122,2.0,2.0,1.0,40.923763,52.99037,3.0,2.0,0.0,70.12859,1.0
59.878693,125.71976,-9.0,-9.0,7.0,0.0,0.0,88.11137,6.0,6.0,5.0,12.611601,3.0,55.7498,1.0,2.0,2.0,20.88983,100.0,2.0,1.0,0.0,60.97944,1.0
-9.0,-8.0,2.0,30.275291,25.0,0.0,0.0,82.542656,2.0,6.0,6.0,26.0,2.0,19.0,3.0,1.0,1.0,62.14656,-8.0,7.0,1.0,5.2141685,57.99024,1.0
65.0,68.866,4.0,31.214169,9.0,0.0,0.0,69.76546,6.978374,6.0,6.0,14.0,3.0,92.990036,0.0,1.0,1.1881999,40.90998,88.86408,1.769547,4.0,0.0,86.0,1.0
-4.577391,88.27707,2.0,-9.0,16.0,2.0,0.0,93.0,17.399889,6.0,3.0,22.0,8.995679,49.011173,-7.0,2.0,2.0,57.13781,88.49142,6.0,5.0,2.0,100.0,1.0
64.0,151.34705,10.0,42.82382,18.0,0.0,0.0,100.0,-7.0,7.0,8.0,18.0,2.0,55.539944,0.0,2.0,1.1485922,54.646122,76.13416,3.0,5.0,1.0,91.739456,1.0
-9.0,83.985664,4.0,42.52505,24.0,0.0,0.0,100.0,-7.0,7.0,8.0,24.0,3.0,34.652035,5.4045143,0.0,0.0,119.60995,68.85381,8.0,3.0,10.062493,90.31354,1.0
62.0,100.16597,2.0,44.287975,20.0,1.0,0.0,92.32069,2.7302468,4.0,5.0,20.0,6.0,19.0,0.0,4.0,4.0,23.770136,98.26451,5.0,3.0,1.0,63.0,1.0
63.0,70.39261,9.0,45.425022,23.861471,1.0,1.0,85.536224,1.466747,6.0,3.4812431,26.0,0.0,16.839268,-7.0,1.0,1.0,19.347631,-8.0,4.0,2.0,0.0,50.0,1.0
-9.0,195.14119,6.8324895,66.94896,15.359174,3.0,2.0575492,-9.0,8.50018,4.0,0.3997914,21.0,3.087426,20.0,0.0,3.0,3.0,50.46059,78.742165,9.601374,2.0,5.319624,100.0,1.0
-9.0,148.68713,10.0,40.10369,8.0,0.0,0.0,81.68052,14.63185,4.0,5.0,7.5878286,0.0,38.189545,0.0,2.0,2.0,77.86455,89.24202,6.0,2.0,3.0,91.61944,1.0
70.0,126.27841,1.8308351,63.0,30.0,1.0,0.0,94.47951,17.957935,4.701381,5.0,34.0,7.459777,16.70988,1.0,2.0,2.0,22.66225,-8.0,4.0,1.0,1.0,44.061565,1.0
60.249924,73.4942,0.8858219,36.167667,13.0,0.0,0.0,100.0,-7.0,7.0,8.0,13.0,4.0,30.0,-7.0,4.0,4.0,86.05534,97.23016,6.5907707,2.0,4.0,73.56436,1.0
73.0,177.61316,38.66497,62.121662,11.0,0.0,0.0,100.0,-7.0,7.0,8.0,15.0,0.0,76.09632,0.0,0.0,0.0,5.0,-8.0,0.0,1.0,-9.0,52.239285,1.0
60.152542,170.71597,20.0,21.90897,1.2915711,0.0,0.0,61.220226,23.644712,6.0,5.0,7.0,0.0,99.999016,0.0,0.0,0.0,52.631413,43.735023,-5.2662506,4.0,-9.0,100.0,1.0
56.252438,-8.803793,0.5182751,-9.0,30.0,0.0,0.0,100.0,-7.0,6.0,8.0,34.0,10.684092,62.09021,0.0,2.0,2.0,50.921642,98.003395,10.333881,15.758996,3.0301192,81.887436,1.0
57.87892,217.89903,4.0,74.0,9.896437,4.9727883,5.67742,-9.0,51.96549,6.0,5.0,19.0,2.0,77.48973,9.175812,0.0,0.0,119.27077,-2.5424235,2.0,2.0,0.0,100.0,1.0
-9.0,62.240536,10.0,61.0,4.9539566,2.1291983,1.0,7.490999,2.0,5.0,5.0,3.6818216,1.0,47.237385,0.0,2.0,2.0,53.329002,-8.0,1.0,1.0,0.0,80.0,1.0
62.007935,-8.0,8.181523,39.376785,10.0,0.0,0.0,100.0,-7.0,7.0,8.0,10.0,1.0,19.0,0.0,0.0,0.0,74.00964,12.929563,6.0,1.0,8.789459,75.0,1.0
50.183235,196.10938,16.0,75.73595,10.0,0.0,0.0,81.504776,18.67363,6.0,6.0,14.94087,0.0,33.0,-7.0,1.0,1.0,117.89662,-8.0,6.0,1.0,8.118657,100.0,1.0
69.95876,82.89537,3.0,49.274292,21.166473,6.7052107,0.0,84.67296,69.3433,6.0,2.0,24.0,5.00688,64.760735,0.0,2.0,2.0,35.232563,96.20259,4.0,4.0,0.0,100.0,1.0
54.579254,176.18222,50.61479,96.148445,6.0,0.0,0.0,74.90948,2.475485,4.0,6.0,7.662844,0.0,51.30633,-7.1979485,0.0,0.0,112.40927,27.586555,3.0,2.0,1.0,100.0,1.0
66.1649,-8.035886,20.0,60.011765,6.0,0.0,0.0,100.0,-7.0,7.0,8.0,3.9903119,0.0,42.982044,3.0,0.0,0.0,119.9447,-8.0,2.0,2.0,2.0,100.0,1.0
62.86644,31.280722,3.0,37.445953,-9.0,1.1220927,1.0,78.13786,36.50847,6.0,5.0,-5.727817,2.0,96.97118,0.0,2.6308367,2.0,13.0,79.13393,1.0,2.0,0.0,100.0,1.0
55.745907,256.41983,14.0,69.08086,36.183033,5.622108,3.5382934,76.68829,3.0,4.0,6.0,51.72768,0.0,40.934376,0.0,3.0,2.0,107.50068,30.545097,10.161939,4.0,2.0,100.0,1.0
77.59605,157.70241,5.0,38.59539,24.0,0.0,0.0,100.0,-7.0,7.0,8.0,25.481283,2.0,33.0,4.0,0.0,0.0,2.0,98.519844,3.0,2.0,0.0,64.23031,1.0
-9.0,141.89745,5.0,55.53048,12.0,0.0,0.0,94.0,5.0885115,4.0,6.0,15.0,2.0,11.0,0.0,2.0,2.0,96.48023,74.89959,5.0,1.0,4.0,57.988857,1.0
-9.0,280.61826,7.0,61.60863,12.684451,0.0,0.0,85.01995,36.3105,6.0,6.0,15.0,3.0,45.0,1.0,0.0,0.0,117.85738,86.31557,10.5641985,5.0,5.965553,100.0,1.0
54.184135,215.72641,-9.0,85.80416,34.09108,4.174219,0.0,87.91705,10.807573,0.5073986,5.0,42.251747,3.0,40.0,0.0,0.0,0.0,39.869633,91.170235,9.577603,5.0,3.2465475,80.0,1.0
59.91013,123.041626,10.0,60.314354,-9.0,1.0,1.0,78.64447,4.0,6.0,6.0,1.7012962,2.0,85.179756,0.0,4.0,5.0,50.69957,-8.0,1.0,1.0,0.0,100.0,1.0
71.0,-8.860787,12.0,-9.0,3.1108024,0.0,0.0,100.0,-7.0,7.0,8.0,3.5742357,1.0,74.299355,0.0,3.0,3.0,1.0,-8.0,1.0,1.0,0.0,47.619522,1.0
61.2402,66.23154,-9.0,-6.3116217,21.0,0.0,0.0,94.78188,2.0,0.0,6.0,30.0,9.83806,47.392315,0.0,2.0,2.0,3.0,94.062126,5.0,5.0,0.0,83.0,1.0
65.17871,67.845695,12.0,3.0580125,-9.0,0.0,0.0,100.0,-7.0,7.0,8.0,-3.5336134,0.0,54.277683,1.0,2.0,2.0,1.1771096,61.06285,1.0,2.0,0.0,67.0,1.0
56.580368,155.63213,2.0,16.09324,17.0,0.0,0.0,100.0,-7.0,7.0,8.0,18.0,5.0,20.0,21.816118,0.0,0.0,64.52665,135.77477,12.513523,2.0,2.527327,85.26269,1.0
57.57521,163.85562,4.0,28.73389,31.351486,4.135528,4.1269226,100.0,-7.0,0.0,8.0,33.0,6.0,63.345127,-8.0,5.2610745,6.085686,35.331104,22.167269,2.0,21.505339,1.0,72.63684,1.0
60.604115,182.25053,3.8331954,88.36526,33.0,3.7154603,2.0,79.38949,2.4435391,-9.0,2.0,40.982105,3.0,20.442144,3.608123,0.0,0.0,47.378475,88.0,6.0,2.0,1.0,50.0,1.0
63.0,131.55942,1.0,54.028885,24.0,2.0,2.0,100.0,-7.0,7.0,8.0,22.0,6.0,21.766903,2.5036085,1.0,1.0,40.727215,79.20211,8.0,3.0,3.0,57.0,1.0
58.614017,-5.305423,16.079454,-9.0,4.307055,0.0,0.0,100.0,-7.0,6.0,8.0,3.9814558,0.0,99.99484,0.0,2.0,2.0,0.0,77.77577,0.86021465,2.0,-9.0,86.0,1.0
57.181282,37.16183,3.3645368,-9.0,12.737094,0.0,0.0,100.0,-7.0,7.0,8.0,4.736493,5.0,60.128128,0.0,1.0,1.0,109.29948,-8.0,3.5685542,1.0,5.0817504,91.379555,1.0
68.0,136.379,4.562671,64.97452,31.0,0.0,0.0,100.0,-7.0,7.0,8.0,29.814627,3.0,39.840305,0.0,2.0,2.0,61.28286,91.0,8.0,6.0,2.0,84.95906,1.0
69.0,133.75249,7.0,34.581207,4.9966335,0.0,0.0,100.0,-7.0,7.0,8.0,3.9786701,1.0,99.25006,0.0,0.0,0.0,-9.0,95.04914,-9.0,2.0,-9.0,86.78487,1.0
-9.0,30.586397,3.1427767,-9.0,9.936279,0.86084896,0.0,100.0,-7.0,7.0,8.0,14.2556925,8.54688,30.0,1.0,0.0,0.0,86.93393,-8.0,4.0,1.0,0.7653127,100.0,1.0
59.70129,109.11616,3.0,39.890522,20.0,1.0,2.0,100.0,-7.0,7.0,8.0,19.0,3.0,30.0,0.0,0.0,0.0,88.23902,-8.0,7.0,2.0,4.8099837,86.76525,1.0
70.0,191.23033,18.29419,59.22242,14.393562,0.0,0.0,100.0,-7.0,7.0,8.0,21.928577,0.0,93.84996,0.0,1.0,1.0,89.51869,60.449547,1.0,5.0,0.0,100.0,1.0
-9.0,-9.0,5.0,-9.0,6.958964,0.0,0.0,100.0,-7.0,7.0,8.0,8.0,2.0,37.95103,0.0,3.0,2.0,96.93575,52.743465,4.0,2.0,2.0,78.0,1.0
66.0,37.003704,13.748345,24.173294,15.0,0.0,0.0,100.0,-7.0,7.0,8.0,14.70476,0.0,67.41477,6.0,0.0,0.0,66.91553,76.0,3.0,3.0,1.0,78.0,1.0
63.0,98.01452,5.0,45.830208,28.0,0.0,0.0,100.0,-7.0,6.0,8.0,32.0,3.4748542,50.0,0.0,0.0,0.19051293,45.560867,90.37384,6.0,3.0,2.0,75.0,1.0
74.0,141.05069,16.0,36.611557,4.336542,0.0,0.0,91.0,3.9093118,6.0,6.0,10.8347435,0.0,84.75274,0.0,2.0,2.0,0.0,-8.0,1.0,1.0,0.0,54.799393,1.0
60.899075,176.91115,7.0,9.685382,-0.6832447,0.0,0.0,73.70792,3.0,0.0,6.0,7.732417,1.0,68.76635,5.0,0.0,0.0,79.86601,82.0,2.0,2.0,0.0,88.0,1.0
-9.0,194.2345,5.0,58.648228,17.0,0.0,0.0,91.35245,23.269648,6.0,6.0,19.0,3.0,43.984596,0.0,5.0,5.0,118.80512,93.78014,9.0,5.0,10.167628,100.0,1.0
57.92643,173.84856,16.0,77.196,22.0,0.0,0.0,79.48139,7.7120047,6.0,6.0,28.0,0.0,22.0,0.0,3.0,3.0,82.564026,73.41706,9.387415,3.0,5.9424853,89.07482,1.0
71.36328,114.332634,49.569065,69.112915,12.0,0.0,0.0,100.0,-7.0,7.0,8.0,15.0,0.0,99.99924,0.0,3.0329287,3.0,0.0,-8.0,0.0,1.0,0.0,100.0,1.0
68.90413,180.39577,18.38286,62.754032,14.845728,0.0,0.0,100.0,-7.0,7.0,8.0,18.144093,0.0,62.787758,2.0,2.0,1.9538667,56.155334,58.176414,2.0,3.0,0.0,75.0,1.0
-9.0,184.6384,21.939232,70.2102,9.144606,0.0,0.0,66.77,-7.0,3.0090055,6.0,14.0,0.0,13.0,16.0,0.0,0.0,115.76461,-8.0,6.9956694,1.0,5.4613013,83.62895,1.0
63.0,-9.0,2.0,-9.0,20.0,0.0,0.0,100.0,-7.0,7.0,8.0,21.0,3.6097708,31.0,-7.0,2.0,2.0,51.464287,67.69472,8.0,3.0,3.0,93.77039,1.0
65.0,-4.4227424,20.0,36.92334,7.592829,0.0,0.0,100.0,-7.0,7.0,8.0,6.4516435,0.0,71.92118,4.0,0.0,0.0,46.922558,84.47089,2.0,3.0,-8.0,100.0,1.0
61.142666,173.75395,11.0,67.058174,31.06623,0.0,0.0,93.0,7.526399,6.0,6.0,32.0,1.0,29.0,0.0,2.0,2.0,74.370995,89.32494,11.0,2.0,3.0,88.664505,1.0
73.0,139.11583,21.230927,83.11271,6.0,0.0,0.0,100.0,-7.0,7.0,8.0,0.9906009,0.0,99.97198,0.0,1.0,1.0,-9.0,-8.0,-8.803765,1.0,-8.81656,57.0,1.0
62.69488,101.079544,16.0,-9.0,-9.0,0.0,0.0,100.0,-7.0,7.0,8.0,3.496703,0.0,-9.0,0.0,2.0,1.0,104.567665,-8.0,3.0,-9.0,1.0,100.0,1.0
-9.0,-9.0,18.405102,-9.0,-9.0,0.0,0.0,100.0,-7.0,8.639523,8.0,-9.0,0.0,100.0,0.0,1.0,1.0,-9.0,-8.0,-9.0,-8.0,-9.0,84.96971,1.0
69.0,96.58838,5.0,39.975643,7.539237,0.0,0.0,84.40518,57.98555,6.0,6.0,7.1683054,2.0,60.7988,12.060269,0.0,0.0,65.595634,80.0,3.0,2.0,0.0,100.0,1.0
67.2165,-9.0,9.0,36.90631,10.0,3.0,0.0,81.988625,26.815142,6.0,2.7658722,8.50978,2.0,-9.0,1.0,0.0,0.0,22.38703,-8.0,2.0,1.0,0.0,36.67643,1.0
62.0,156.0866,3.0,62.629913,12.0,1.0,0.0,63.345314,4.904392,4.0,5.0,13.0,2.0,16.796837,18.100183,0.0,0.0,71.76059,-8.0,3.0,1.0,1.0,64.0,1.0
69.92882,148.39825,41.868484,42.679222,11.0,0.0,0.0,62.3562,25.65352,6.0,6.0,-5.8427224,0.0,100.0,1.0,1.0,0.0,-1.2602478,-8.0,1.0,1.0,-8.870721,88.11978,1.0
59.036427,105.56931,4.0,36.23456,21.0,1.0,1.0,88.0,-7.0,-9.0,5.0,25.0,6.0,34.999588,2.0,1.0,1.0,35.514614,64.65387,4.564689,6.0,1.0,73.34769,1.0
74.0,143.31671,2.0,21.76204,4.2262073,0.0,0.0,100.0,-7.0,7.0,8.0,5.075369,3.0,50.0,0.0,1.7816291,1.0,2.0,118.58961,1.3916641,2.0,0.0,70.0,1.0
67.05877,125.67767,3.0,54.976566,20.994623,2.0,2.0,95.25029,23.795431,4.0,6.0,18.0,2.0,17.0,0.0,2.0,1.0,13.544577,-8.0,5.0,2.0,0.0,67.0,1.0
66.0,129.15506,3.0,60.981857,42.42936,0.0,0.0,100.0,-7.0,7.0,8.0,32.0,3.0,65.4464,3.0,0.0,0.0,95.9125,84.10512,9.0,4.596468,5.2550173,100.0,1.0
54.402042,10.867581,23.951515,38.623848,5.91856,0.0,0.0,100.0,-7.0,7.0,8.0,3.8207994,0.0,46.0,0.0,3.0,3.0,112.51135,-8.0,2.0,1.0,0.0,89.17094,1.0
71.0,103.689766,3.0,36.804276,6.053101,0.0,0.0,100.0,-7.0,7.0,8.0,6.504192,3.0,46.0,2.4064455,3.322731,4.0,4.6441464,58.14176,2.0,3.0,0.0,86.0,1.0
55.6501,45.00695,2.0,-2.9504476,16.354462,0.0,0.0,100.0,-7.0,7.0,8.0,18.58598,6.0,32.0,0.0,15.085168,14.2418165,54.590725,92.7468,6.0,5.0,3.0,75.0,1.0
56.105804,-9.0,4.0,-9.0,15.0,4.03714,3.7201495,88.0,36.29647,4.0,2.0,20.0,6.0,38.0,-7.0,1.0,1.0,51.80713,85.32863,5.0,4.0,0.0,75.0,1.0
57.582283,172.86362,10.988043,65.0,18.0,7.3012714,7.483322,62.74519,22.035494,6.0,2.0,21.0,0.0,39.25473,0.0,2.0,2.0,66.87497,33.94609,5.0,3.7783625,3.0,88.336876,1.0
-9.0,81.88018,2.0,55.1585,20.0,0.0,0.0,75.755226,7.4331536,4.0,6.0,20.0,3.0,50.0,18.801834,2.0,2.0,82.384224,60.648087,6.0,5.0,3.0,80.0,1.0
59.441616,135.08496,2.3090565,50.096195,29.0,0.0,0.0,90.0,43.256332,6.0,6.0,36.698086,3.0,57.75971,0.0,3.0,3.0,99.60719,42.585537,4.0,5.0,2.0,91.840454,1.0
10.388694,125.55578,19.381454,53.27673,7.634468,4.0579925,0.0,15.318238,17.805511,6.0,2.0,8.101777,0.0,61.280396,4.0,0.0,0.0,19.0,59.927555,2.0,1.0,1.0,57.0,1.0
64.0,136.34991,10.0,18.211443,-3.8365567,1.0,0.0,69.02164,31.301472,6.0,6.0,4.3696256,1.0,93.68593,-8.0,1.1851535,1.0,0.0,-8.0,1.0,1.0,-9.0,100.0,1.0
70.0,172.34537,7.7636547,54.5286,28.0,6.0874763,2.0,79.938805,21.42249,6.0,2.0,29.0,4.0,9.921778,0.0,0.0,0.0,2.0,53.07085,2.0,2.0,0.0,32.55079,1.0
63.0,36.56786,24.160784,31.644363,6.58309,1.0,0.0,84.376656,24.608994,6.0,5.0,6.748705,0.0,11.9632015,0.0,0.0,0.0,82.711685,-8.0,6.0,-8.673275,1.0,100.0,1.0
68.01678,-9.0,15.0,-9.0,9.0,0.0,0.0,100.0,-7.0,7.0,8.0,8.0,0.0,58.1998,-7.086292,3.721116,3.0,0.0,70.131966,0.53430563,2.0,0.0,56.0,1.0
65.0,132.0415,13.769632,68.52053,27.0,2.0,2.0,89.0,-7.0,0.38175935,-8.142892,31.0,0.0,38.0,-7.0,2.0,2.0,94.64759,27.185934,3.0,7.2727814,1.0,100.0,1.0
66.0,75.07177,2.0,47.346798,6.781922,0.0,0.0,100.0,-7.0,7.0,8.0,7.060928,2.0,61.040554,-7.0,2.9969335,3.0,-9.0,54.74289,0.0,2.0,0.0,67.0,1.0
34.992214,121.42337,3.0,62.21436,29.0,0.0,0.0,100.0,-7.0,7.0,8.0,29.0,2.0,40.0,12.0,0.0,0.0,119.131584,89.48812,9.0,3.6049356,10.933053,97.222496,1.0
64.083084,314.84354,9.0,86.0,28.183271,0.0,0.0,86.65506,8.033624,4.0,6.0,41.4875,1.0,25.0,0.0,4.0,3.0,76.81274,14.714419,11.0,2.0,3.0,81.753654,1.0
-9.0,205.76595,3.0,45.091797,29.0,0.0,0.0,92.848175,6.0,6.0,6.0,32.381115,9.66003,33.0,0.0,1.6914781,2.0,56.075153,68.58583,17.100922,4.0,10.525797,85.67869,1.0
-9.0,287.48788,62.67291,86.39132,6.4744186,10.747209,9.280459,63.227688,78.45126,7.0,2.0,17.0,0.0,100.0,-7.0,3.0,3.0,1.0,33.71455,-9.0,2.0,-9.0,100.0,1.0
72.0,93.73346,4.0,49.757954,-9.0,0.0,0.0,100.0,-7.0,7.0,8.0,1.0106548,1.0,65.47343,0.0,1.0,1.0,-9.0,84.08262,-9.0,1.0,0.0,23.99524,1.0
-9.0,152.31046,6.0,31.839554,17.0,3.5181332,2.0,79.954834,18.605894,6.0,5.0,23.0,5.0,41.73137,0.0,2.0,2.0,32.0,-8.0,5.0,1.0,0.0,67.0,1.0
61.76829,77.664444,-9.0,-9.0,5.8867464,0.0,0.0,100.0,-7.0,7.0,8.0,9.919693,6.0,20.885254,0.0,6.055176,5.9693694,33.05267,100.0,4.0,2.0,1.0,67.0,1.0
71.0,33.229477,3.0,-9.0,12.0,0.0,0.0,100.0,-7.0,7.0,8.0,11.0,3.2826636,25.0,0.0,0.0,0.0,17.225206,-8.0,2.0,2.0,0.0,56.314957,1.0
-9.0,-9.0,-9.0,-9.0,-9.0,-9.0,-9.0,-9.0,-9.0,-9.0,-9.0,-9.0,-9.0,-9.0,-9.0,-9.0,-9.0,-9.0,-9.0,-9.0,-9.0,-9.0,-9.0,1.0
66.0,134.36537,7.0,55.66412,10.379883,0.0,0.0,91.71434,32.982586,6.0,6.0,9.0,2.0,41.204376,0.0,1.0,1.0,76.65999,92.65637,3.0,2.0,2.0,100.0,1.0
58.530518,125.85301,9.0,36.312653,11.9815035,0.0,0.0,95.0,1.0,4.0,6.0,13.0,0.0,49.698425,0.0,2.0,2.0,93.457405,79.46333,4.0,4.0,1.0,100.0,1.0
59.67093,-9.0,13.0,14.973474,5.6733084,0.0,0.0,100.0,-7.0,7.0,8.0,4.3167205,0.0,29.0,15.229181,0.0,0.0,113.07862,78.57953,6.0,2.0,4.213133,100.0,1.0
64.0,161.41547,2.0,30.099016,22.40061,1.0,0.0,91.0,75.59297,6.0,5.0,24.0,8.190506,44.485786,0.0,2.0,1.854095,48.30952,73.81262,4.0,3.0,0.0,75.0,1.0
-9.0,78.28176,13.0,18.61427,9.0,4.8299913,7.977279,77.04517,-0.010178738,-9.0,5.0,19.0,0.0,38.433712,-7.0,0.0,0.0,69.85114,17.367086,3.0,2.0,0.0,100.0,1.0
63.0,38.771572,1.0,49.998737,25.0,0.0,0.0,100.0,-7.0,7.0,8.0,30.0,4.0,49.07724,8.0,0.0,0.0,51.59079,97.75818,6.0,4.0,4.0,67.0,1.0
-9.0,39.019623,27.676682,68.0,12.0,0.0,0.0,80.96605,-5.782103,0.0,6.0,11.924997,0.0,13.155068,0.0,4.0,3.0,119.99592,-8.0,5.0,1.0,10.145763,86.0,1.0
-9.0,-8.0,2.0,22.316986,18.0,2.0,0.0,87.025215,1.0173945,0.0,3.0,19.0,9.561816,21.179611,0.0,5.620424,5.812852,30.227182,114.02003,6.0,4.0,1.0,71.0,1.0
-9.0,48.125053,15.106646,57.597233,13.0,1.0,0.0,72.573975,6.6759024,5.0,5.0,13.077616,1.0,55.240627,0.0,3.0,4.0,66.85121,84.02322,6.0988593,4.0,2.7030883,100.0,1.0
68.0,68.249306,10.0,30.638634,9.0,1.0,0.0,89.21556,13.523949,4.598562,5.0,9.0,1.0,64.04859,0.0,4.756286,4.0,10.0,47.294014,3.0,1.0,0.0,80.0,1.0
54.47814,164.48181,3.0,49.612232,12.0,0.0,0.0,100.0,-7.0,7.0,8.0,14.0,3.0,54.33142,0.0,3.0,3.0,108.185585,84.00741,4.0,2.0,1.0,100.0,1.0
56.42855,139.20338,28.25047,64.20187,10.266404,0.0,0.0,71.5945,5.8535256,4.0,5.0,15.805764,0.0,52.844032,16.0,0.0,0.0,119.93173,-8.0,1.0,2.0,2.0,100.0,1.0
56.593056,99.8135,9.0,57.431503,17.0,1.0,1.0,100.0,-7.0,6.0,8.0,8.0,1.0,67.04012,0.0,3.0,3.0,69.79352,48.577442,2.0,2.4223537,0.0,67.0,1.0
57.96389,225.01727,15.929849,97.98186,11.686933,3.0,1.0,50.46371,0.7897747,4.0,5.0,11.0,0.0,35.396194,0.0,0.0,0.0,82.51317,-8.0,4.0,1.0,1.0,100.0,1.0
70.0,137.63237,25.089287,58.0,10.0,0.0,0.0,78.14461,21.338623,6.0,6.0,10.0,0.0,75.710846,2.0,0.0,0.0,51.70974,9.899599,1.0,2.0,0.0,91.49941,1.0
56.216976,172.39374,13.567221,86.0,15.146276,5.9638276,1.0,75.04139,6.0,6.0,2.0,14.0,0.0,68.42571,0.0,2.0,2.0,37.565853,45.47363,1.0,3.0,-9.0,80.726906,1.0
58.827282,96.53817,27.534388,56.988403,10.994845,2.2202168,1.0,71.695694,2.0,5.0,5.0,13.0,0.0,56.308292,0.0,0.0,0.0,96.74905,-8.0,2.0,2.0,1.0,84.62498,1.0
68.196335,181.71358,3.9559863,44.611614,29.145744,0.0,0.0,95.0,7.8807,6.0,6.0,34.0,4.0,58.94886,0.0,2.0,1.0,0.0,100.0,2.0,3.0,0.0,51.19201,1.0
59.49046,93.99345,0.15226768,41.562824,15.679,2.771022,2.466105,87.190155,23.849974,6.0,3.551724,17.279575,7.362894,30.972452,0.0,13.323393,11.94553,27.843288,71.0,2.0,2.0,1.0,44.0,1.0
57.894943,186.01392,3.0,68.0,15.0,0.0,0.0,82.41244,3.0,6.0,6.0,18.036736,2.0,33.55171,0.0,2.0,2.0,47.8478,48.20812,6.0,2.0,1.0,85.59914,1.0
67.5242,289.5811,2.0,71.64089,25.0,0.0,0.0,96.0,18.070293,6.0,6.0,24.493404,5.161192,39.96494,0.0,3.0,3.0,43.819756,76.0,3.0,3.0,3.0,60.0,1.0
71.0,155.3032,4.0,49.924423,39.0,0.0,0.0,100.0,-7.0,7.0,8.0,45.755627,6.0,48.36707,5.0,0.0,0.0,20.426636,60.875916,5.0,4.0,1.0,60.0,1.0
56.026283,-3.5475185,3.0,30.441803,14.0,1.0,0.0,78.242035,17.565502,6.0,5.0,17.0,1.0,21.942366,0.0,12.846258,12.787666,50.96083,-8.0,4.0,1.7171617,1.0,60.681545,1.0
64.0,105.392815,1.0,38.286163,26.0,0.0,0.0,94.0,13.725639,6.0,6.0,29.0,2.0,36.0,0.0,2.0,2.0418625,34.243816,71.49264,3.349378,3.0,0.0,50.0,1.0
62.999546,-4.333182,2.0,-9.0,8.0,0.0,0.0,100.0,-7.0,7.0,8.0,3.0893571,7.8212404,74.35208,-7.0,4.0,3.5706215,24.977283,100.0,2.0,6.0,0.0,89.48355,1.0
68.0,82.36532,3.0,39.632645,6.3151636,3.7965167,2.6002724,91.0,24.755886,6.0,2.0,8.0,3.0,30.0,0.0,1.191802,2.0,84.75067,-8.0,2.0,1.0,0.0,75.0,1.0
63.0,47.12347,3.0,67.0,-9.0,1.0,0.0,71.27823,71.59896,6.0,4.0,0.29906958,2.5139058,54.690563,0.0,2.0,2.0,77.316475,100.0,1.660209,4.0,2.0,80.0,1.0
63.0,108.830284,22.67737,63.30631,6.0,2.0,0.0,75.45333,9.796093,4.0,5.0,5.6126385,0.0,76.247955,-7.0,1.0,1.0,107.84843,89.3942,1.0,3.0,0.0,100.0,1.0
65.29146,129.82669,-9.0,42.0798,19.53729,0.0,0.0,100.0,-7.0,7.0,8.0,24.0,8.940763,54.82746,1.0,4.0,3.0,44.534145,71.51093,3.0,4.8397765,0.0,67.0,1.0
68.0,169.83022,4.0,51.939224,14.0,0.0,0.0,90.203415,49.824604,6.0,6.0,17.0,6.0,25.0,13.350544,0.0,0.0,59.59381,76.6387,3.0,3.7237024,0.0,80.0,1.0
62.489048,159.15726,13.00441,70.05994,6.0,0.0,0.0,66.74897,45.313763,6.0,6.0,11.0,0.0,56.939503,0.0,3.0,3.0,119.396835,-8.0,1.0,2.0,2.0,85.456245,1.0
76.0,-9.0,15.0,20.11656,13.785816,0.0,0.0,100.0,-7.0,6.0,8.0,10.0,0.0,89.39532,0.0,2.0,2.0,1.0,63.069813,2.0,2.0,0.0,82.1627,1.0
-9.0,23.061556,7.0,48.75071,29.0,3.0,1.0,77.026115,4.5755734,4.0,5.0,34.0,2.0,57.44908,-7.0,1.0,1.8328168,90.98167,82.49339,4.0,22.134476,1.0,88.0428,1.0
71.0,-9.0,3.0,-9.0,35.155815,0.0,0.0,100.0,-7.0,7.0,8.0,46.575512,3.0,10.613403,0.0,0.0,0.0,35.817066,88.591736,18.882147,3.0,0.86339724,68.87745,1.0
65.012726,54.470276,5.0,17.42898,12.0,0.0,0.0,100.0,-7.0,7.0,8.0,13.0,1.0,55.214558,0.0,1.0,1.0,72.3474,77.79267,3.0,4.0,3.0,80.0,1.0
65.0,358.78876,35.178864,100.74624,11.0,2.0,1.0,79.30303,0.4743804,-6.2764406,5.0,13.144836,0.0,53.80407,0.0,1.0,1.0,44.673523,25.799423,2.0,3.0,0.0,89.78452,1.0
64.36998,131.98729,3.0,12.745807,16.181622,0.0,0.0,100.0,-7.0,7.0,8.0,14.0,3.0,27.0,0.0,17.521732,17.276724,42.408203,65.71512,7.0,4.2143626,0.0,100.0,1.0
77.0,103.30071,132.22389,42.54412,-5.3799157,0.0,0.0,100.0,-7.0,7.0,8.0,7.0,0.0,99.98537,-8.0,1.0,1.0,1.0,-8.0,1.0,1.0,0.0,80.0,1.0
65.0,637.1924,104.781075,195.22414,15.0,0.0,0.0,75.89643,4.0,4.0,6.0,27.0,0.0,10.305798,-7.0,0.0,0.0,109.343445,-8.0,8.0,1.0,3.0,89.539734,1.0
60.479485,78.98894,13.092237,35.79236,7.9614925,1.0896198,0.0,78.607544,29.393833,6.0,5.0,8.0,0.0,65.06513,1.0,2.0,1.0,30.626982,65.18117,2.0,2.0,0.0,83.0,1.0
77.0,77.741776,3.0,3.3862298,11.926043,0.0,0.0,100.0,-7.0,7.0,8.0,14.0,3.0,77.31126,0.0,0.0,0.0,5.9279633,87.86168,2.0,4.0,0.0,80.0,1.0
62.00682,69.22965,3.0,36.405285,9.0,0.0,0.0,88.174866,54.983112,6.0,6.0,9.0,3.0,27.0,0.0,0.0,0.0,107.223236,-8.0,6.0,2.0,3.2519577,100.0,1.0
70.07249,77.18789,11.0,42.33222,10.0,0.0,0.0,100.0,-7.0,7.0,8.0,9.0,1.0,94.36046,0.0,0.0,0.0,0.8608912,-8.0,1.0,1.0,0.0,83.9378,1.0
61.127625,-8.0,13.072944,-9.0,5.397962,0.0,0.0,100.0,-7.0,7.0,8.0,7.0,0.0,25.970743,1.0,0.0,0.0,82.28184,-8.0,3.741305,1.0,0.0,78.19174,1.0
65.930984,263.65292,34.618313,77.34288,6.7841573,0.0,0.0,87.48087,0.3052159,3.0,5.0,10.388155,0.0,16.623545,0.0,0.0,0.0,70.8641,-8.0,9.0,1.0,1.0,100.0,1.0
-9.0,162.6856,5.0,44.06541,21.0,0.0,0.0,88.0,26.275024,4.0,5.078711,23.875805,2.0,26.0,-7.0,2.0,2.0,116.57457,95.28003,11.0,2.0,8.631141,100.0,1.0
-9.0,-9.0,4.0,52.704624,16.62998,0.0,0.0,93.0,26.787695,6.0,6.0,15.0,3.0,28.0,2.0,3.0,3.0,110.21995,-8.0,9.300872,1.0,10.953055,83.0,1.0
60.107933,94.70177,7.0,46.114044,12.576586,0.0,0.0,100.0,-7.0,7.0,8.0,14.0,2.0,-9.0,0.0,1.0,1.0,72.977806,48.55712,6.0,2.0,8.289196,57.0,1.0
67.0,75.78731,1.0,-9.0,4.938252,0.0,0.0,100.0,-7.0,7.0,8.0,7.672421,8.704609,63.927265,0.0,0.0,0.0,36.0,96.34585,2.0,4.0,0.0,88.0,1.0
-9.0,79.26741,4.0,45.764534,15.0,9.079568,8.032494,79.11688,-7.0,-9.0,5.0,21.0,4.0,29.0,0.0,0.0,0.0,47.413136,-8.0,1.0,2.0,0.0,56.0,1.0
60.731884,134.19336,5.0,43.383743,13.0,4.9230638,7.543798,82.34711,29.733644,6.0,4.0,13.838211,2.0,30.0,0.0,6.980825,6.4746413,50.350853,-8.0,2.0,2.0,0.0,100.0,1.0
62.0,159.82172,19.445875,67.964615,15.0,0.0,0.0,86.676056,24.77737,6.0,6.0,15.138687,0.0,17.0,1.0,2.0,2.0,110.182465,-8.0,6.0,1.0,1.0,100.0,1.0
54.433937,182.9255,12.0,62.954338,18.0,2.0,1.0,80.128006,4.729503,0.0,5.0,21.0,0.0,23.122164,18.39995,0.0,0.0,47.249775,58.288883,6.0774775,3.0,2.0,75.0,1.0
68.0,-9.0,4.0,30.093616,11.0,0.0,0.0,100.0,-7.0,7.0,8.0,9.0,2.0,15.481362,0.0,2.0,2.0,70.917435,-8.0,4.0,2.0,1.0,67.468185,1.0
64.0,-7.0391903,13.0,24.00569,7.1886096,0.0,0.0,100.0,-7.0,7.0,8.0,8.0,0.0,44.574837,-7.0,1.0,1.0,102.30483,-8.0,3.0,1.0,2.0,100.0,1.0
69.0,104.05234,4.0,-9.0,12.0,0.0,0.0,100.0,-7.0,7.0,8.0,11.33696,3.0,99.43075,0.0,0.0,0.0,-9.0,76.44236,0.71480393,2.0,-8.168201,63.0,1.0
-9.0,253.82494,4.0,67.0,41.461403,0.0,0.0,94.0,12.021731,4.0,6.0,38.68546,9.6491585,31.0,0.0,3.0,3.0,40.981266,60.262234,11.052743,8.457227,4.8225503,75.0,1.0
62.0,112.120224,3.0,35.246193,32.686214,0.0,0.0,94.0,51.96909,6.0,6.0,36.12334,9.556789,46.0,0.0,2.0,2.0,91.85406,93.0,6.0,4.0,1.0,85.284935,1.0
-9.0,77.11937,3.0,63.26691,25.0,3.533442,3.5938885,83.61842,-7.0,-9.0,4.0391464,27.0,5.0,44.0,0.0,16.31722,15.907466,72.36774,-8.0,6.356742,4.0,1.0,87.07341,1.0
-9.0,102.900024,3.0,37.791576,25.0,0.0,0.0,82.1773,4.0,4.0,6.0,27.0,2.8032618,52.117428,-7.0,3.0,3.0,74.67401,89.03143,8.0,7.9553146,1.0,100.0,1.0
74.0,111.79038,6.0,30.937141,12.469017,2.0,0.0,78.41795,35.69765,6.0,3.0,19.926466,1.0,97.666855,0.0,2.0,2.0,0.0,66.58784,-4.803668,3.0,0.0,73.0,1.0
66.0,133.90639,12.0,54.077473,27.673672,0.0,0.0,100.0,-7.0,7.0,8.0,23.0,0.0,34.79646,-7.0,7.617418,9.423023,44.872272,72.32822,4.0,3.0,1.0,50.0,1.0
73.0,116.61839,5.0,13.747714,-9.0,0.0,0.0,100.0,-7.0,7.0,8.0,0.6080062,2.0,2.2175941,2.0,0.0,0.0,66.302444,-8.0,1.4090072,-8.0,0.0,86.0,1.0
-9.0,118.4369,6.5788245,49.975685,16.0,3.0949166,0.0,19.178446,4.0,4.138118,3.0,20.0,2.0,50.0,0.0,1.0,1.0,76.60309,-8.0,2.0,2.0,4.682326,70.0,1.0
-9.0,125.074265,5.0,46.284744,27.0,0.0,0.0,89.79054,-7.0,1.3036308,6.0,32.0,7.6182084,33.0,0.0,3.0,3.0,48.841232,98.66932,6.0,3.0,2.0,64.0,1.0
60.816025,127.18768,6.0,58.06567,21.0,0.0,0.0,84.024574,3.0864396,6.0,6.0,20.0,2.0,32.497253,2.6192455,1.0,1.0,37.37025,27.55658,3.0,1.0,2.0,52.427235,1.0
-9.0,-8.0,10.0,-9.0,-9.0,0.0,0.0,100.0,-7.0,7.0,8.0,-4.560664,1.0,45.0,0.0,3.0,2.0,74.38516,-8.0,1.0,1.0,0.0,83.0,1.0
59.29742,141.30107,8.0,45.187607,11.0,1.0,1.0,82.38739,7.3008003,6.0,2.0,14.0,0.0,40.232132,0.0,1.0,1.0,79.82035,77.04034,5.0,2.0,1.3844496,100.0,1.0
60.93817,137.79504,5.131316,59.136147,15.0,9.90791,9.073826,68.09081,49.64585,4.0,-1.3419843,20.0,2.0,33.710884,0.0,3.5456529,3.4743624,82.94013,59.775898,3.0,3.0,0.0,75.0,1.0
-9.0,178.60106,3.0,5.2618523,13.0,10.188984,5.6535926,24.883419,30.863583,6.0,-9.0,17.0,3.5696056,20.0,0.0,6.7119117,10.597686,63.233906,140.00412,2.0,4.0,0.0,73.0,1.0
60.956463,205.22438,17.0,95.37496,19.0,0.0,0.0,89.68897,6.38173,5.0,6.0,20.0,0.0,46.887367,0.0,5.3520913,5.0,64.55473,59.21657,3.0,3.0,2.0,71.0,1.0
-9.0,130.71414,50.321194,98.60981,8.0,0.0,0.0,-9.0,-7.0,-9.0,6.0,7.0049944,0.0,63.871418,0.0,2.0,2.0,105.683815,-8.0,3.0,1.0,2.0,100.0,1.0
59.25753,108.665405,3.0,38.55343,24.0,0.0,0.0,97.0,41.716507,6.0,6.0,24.0,9.303884,11.0,0.0,14.085446,15.087272,55.999687,46.701904,4.0,3.0,1.0,64.25094,1.0
63.87742,149.01575,-9.0,21.1378,9.0,1.0,0.0,90.445,23.35614,4.0,5.0,12.660018,5.0,15.0,0.0,4.4598937,4.0,61.85209,88.0,4.0,2.0,1.0,75.247986,1.0
68.0,118.65117,21.361185,-9.0,-9.0,0.0,0.0,100.0,-7.0,7.0,8.0,5.562967,0.0,18.0,0.0,4.0,4.0,93.29913,-8.0,3.0,1.0,0.0,83.0,1.0
-9.0,271.92828,5.0,98.30409,14.0,1.0,1.0,77.375916,5.916047,4.0,2.0,15.465327,0.85202116,25.0,0.0,3.0,3.0,90.20658,-8.0,10.928981,2.0,3.0,100.0,1.0
72.0,133.23805,4.0,-9.0,5.1428795,0.0,0.0,100.0,-7.0,7.0,8.0,5.243333,2.0,38.0,2.0,1.0,2.0,42.480915,-8.0,3.0,1.0,0.0,60.0,1.0
75.51873,120.43214,30.301418,51.35759,4.099379,0.0,0.0,100.0,-7.0,7.0,8.0,2.5805876,0.0,50.0,4.3835564,0.0,0.0,1.0,63.202072,2.0,1.0,0.0,45.65656,1.0
55.731243,-8.0,5.0,-9.0,5.2001147,1.0,1.0,100.0,-7.0,6.0,8.0,3.7085059,1.0,47.647728,0.0,2.0,2.0,116.94682,100.0,3.0,2.0,2.0,100.0,1.0
53.89607,149.81754,17.44911,47.38265,17.0,3.0,2.0,82.46368,28.25239,4.0,3.0,24.2324,0.0,61.081123,0.0,0.0,0.0,64.025085,41.838154,2.0,5.0,0.0,77.65268,1.0
64.91823,72.683975,3.0,-9.0,10.950088,0.0,0.0,100.0,-7.0,7.0,8.0,8.0,6.0,33.0,0.0,3.0,3.0,36.0,64.18707,1.0,2.0,0.0,43.0,1.0
64.0,59.600063,1.0,18.980381,10.0,0.0,0.0,100.0,-7.0,7.0,8.0,9.0,2.0,27.542105,0.0,2.0,2.0,77.98826,74.10142,3.0,2.0,1.0,91.32332,1.0
58.50991,10.905226,1.0,4.9358897,27.446766,1.0,1.0,100.0,-7.0,5.7925153,8.0,28.0,10.131976,9.059961,0.0,1.0,1.0,13.0,-8.0,5.0,2.0,2.0,44.0,1.0
68.0,168.13426,20.0,81.0,16.0,1.0,0.0,84.319664,4.0,4.0,5.0,5.957869,0.0,33.0,3.0,0.0,0.0,76.3707,42.92301,5.0,2.0,1.0,88.432335,1.0
-9.0,155.46387,7.0,43.94553,21.0,0.0,0.0,100.0,-7.0,7.0,8.0,20.0,2.0,65.81755,0.18873513,1.0,0.0,117.442024,97.99186,9.0,3.0,7.0409727,100.0,1.0
57.93026,118.99523,15.0,43.696823,13.260872,5.878648,3.3533554,77.083916,11.987119,6.0,5.9037476,11.0,0.0,61.984077,0.0,4.1972995,4.0,28.0,32.319298,2.0,2.0,0.0,67.0,1.0
66.469666,100.93427,6.0084596,33.151104,17.0,0.0,0.0,100.0,-7.0,7.0,8.0,19.0,0.0,-9.0,1.0,0.0,0.0,84.92705,17.308035,6.0,1.4558835,1.0,86.20777,1.0
57.83815,-9.0,4.0,51.949852,16.373104,0.0,0.0,100.0,-7.0,7.0,8.0,3.9999642,3.0,14.0,7.0,0.0,0.0,65.1218,76.0,6.651972,1.0,2.0,67.0,1.0
-9.0,-9.0,5.0,45.59627,-9.0,0.0,0.0,75.15322,5.578427,2.6286302,5.0,-9.0,2.0,54.9195,0.0,1.0,1.0,91.44935,88.4574,2.0,3.0,0.0,100.0,1.0
63.0,139.46661,3.0,49.3819,15.059434,1.0,0.0,79.1215,10.231179,6.0,5.0,18.0,3.0,70.04385,0.0,2.0,2.354144,18.317757,66.398895,1.0,4.0,0.0,67.0,1.0
63.0,117.80248,0.42477563,38.214066,20.9054,1.5261383,1.8731555,94.264854,21.863066,4.0,6.0,22.0,3.0,17.801872,0.0,0.0,0.0,41.54538,88.0,7.0,2.0,0.0,87.00984,1.0
68.0,108.766045,5.0,58.490303,1.7077594,0.0,0.0,79.68515,27.86322,6.0,6.0,9.133733,1.0,58.639267,0.0,2.0,2.0,11.0,-8.0,1.0,1.0,0.0,78.0,1.0
-9.0,78.62116,1.0,63.0,14.0,1.404774,1.0,82.13872,10.928293,6.0,3.0,17.0,2.0,52.762768,2.0,2.0,2.0,108.11125,-8.0,3.0,2.0,3.0,81.869865,1.0
66.0,162.12651,17.0,91.19142,15.0,0.0,0.0,88.56733,3.0,4.0,6.0,19.0,0.0,44.947098,0.0,1.0,1.0,91.914536,43.706615,4.0,2.0,2.0342228,100.0,1.0
55.798187,-8.082496,6.0,-9.0,12.0,1.0806144,1.0,89.0,7.7889247,6.0,2.9193103,9.0,4.0,8.298456,1.0,2.0,3.0,31.30595,-8.0,5.0,1.0,0.0,67.0,1.0
68.0,131.45207,2.0,54.50872,11.0,0.0,0.0,100.0,-7.0,7.0,8.0,9.0,3.0,14.0,0.0,6.469514,6.872018,55.388493,-8.0,5.0,1.0,1.0,70.0,1.0
70.0,-9.0,20.0,-9.0,-0.13582383,0.0,0.0,100.0,-7.0,7.0,8.0,-2.621037,0.0,97.61811,0.0,0.0,0.0,2.0,-8.0,0.0,-8.0,-9.0,91.71479,1.0
61.77066,22.813776,8.0,23.537216,14.0,3.0,2.0,89.0,18.70542,6.0,4.62389,17.61819,2.0,78.451996,5.0,0.0,0.0,48.77315,88.94858,2.0,4.395826,0.0,100.0,1.0
69.0,71.208694,4.0,27.387867,16.65741,0.0,0.0,100.0,-7.0,7.0,8.0,18.0,3.0,45.0,0.0,4.0,3.0,18.0,100.0,4.0,3.0,0.0,63.091568,1.0
-9.0,221.4491,12.0,91.11266,20.0,0.0,0.0,85.066444,-7.0,-9.0,6.0,18.161753,1.0,20.185007,0.0,3.0,2.0,71.946266,-8.0,11.0,2.0,3.0,88.0,1.0
-9.0,111.46788,5.0,52.961212,12.0,1.0,0.0,76.97148,-7.0,1.194135,5.0,14.973859,1.9522915,19.009998,0.0,1.0,1.0,71.42161,15.354593,5.0,2.0,4.747522,69.40588,1.0
64.0,100.49449,3.0,23.553381,20.0,2.0,2.0,91.0,36.416862,6.0,3.0,20.0,5.0,20.0,11.11616,0.0,0.0,16.661009,84.35562,23.598734,3.0,1.0,70.821655,1.0
73.0,132.54152,24.325048,37.854218,12.0,0.0,0.0,100.0,-7.0,7.0,8.0,12.0,0.0,99.93573,-7.0,2.0,1.0,1.0,76.0,1.0,2.0,0.0,79.14953,1.0
64.95362,39.01614,-9.0,-9.0,5.7832713,0.0,0.0,100.0,-7.0,7.0,8.0,7.0,5.0,8.689624,0.0,5.0,5.0,58.283566,-8.0,4.0,1.0,0.0,74.79025,1.0
62.0,135.64302,26.744406,56.94476,12.0,0.0,0.0,100.0,-7.0,7.0,8.0,11.385318,0.0,37.0,7.557828,0.0,0.0,119.44554,51.66895,5.0,3.0,5.880464,100.0,1.0
63.0,128.36278,7.0,26.4304,4.489507,0.0,0.0,100.0,-7.0,7.0,8.0,7.0,3.0,95.07779,-7.0,2.0,2.0,16.166643,53.298157,1.0,2.0,-8.0,86.0,1.0
2.6042802,81.879326,13.0,46.411137,8.962745,2.0,2.0,59.102825,9.510429,6.0,5.0,9.0,0.0,76.89416,-8.0,0.0,0.0,41.29294,-8.0,1.0,2.0,0.0,100.0,1.0
73.0,-9.0,4.0,-9.0,7.1117444,0.0,0.0,100.0,-7.0,7.0,8.0,7.0,4.0,42.0,0.0,4.0,4.320464,0.0,93.0,1.0,2.0,0.0,33.0,1.0
69.0,18.927399,7.0,-9.0,8.8677025,0.0,0.0,100.0,-7.0,7.0,8.0,5.5356455,2.0,99.998276,0.0,1.0,1.0,0.0,62.856197,0.0,2.5771973,0.0,100.0,1.0
61.26076,236.58437,6.0,62.779984,31.0,0.0,0.0,95.0,32.650845,4.2308154,6.0,28.05579,3.0,32.478104,1.0,0.0,0.0,72.29443,75.62855,11.0,5.0,1.0,100.0,1.0
73.0,247.21945,3.0,60.33839,32.0,1.0,0.0,97.0,74.93869,6.0,5.0,31.0,4.3038006,13.0,2.0,0.0,0.0,44.526672,90.9974,6.0,2.0,0.0,78.0,1.0
56.786655,142.83466,2.0,54.74224,18.0,1.0,1.0,87.54687,9.379127,6.0,6.0,19.946156,5.0,33.0,0.0,3.1790614,3.0,0.0,62.95568,3.0,1.0,0.0,25.0,1.0
58.102394,71.758446,1.0,-9.0,12.0,0.0,0.0,100.0,-7.0,7.0,8.0,16.0,6.742281,20.72711,-7.0,3.0,3.0,94.541565,-8.0,3.6375155,1.0,1.0,89.0459,1.0
61.983093,201.94043,3.0,64.75717,29.41947,0.0,0.0,100.0,-7.0,7.0,8.0,37.32481,3.0,25.0,0.0,5.8526883,5.000746,61.960968,68.14703,18.592518,5.39927,3.1452048,80.0,1.0
60.01497,144.82523,16.0,89.37175,28.0,10.40303,6.849821,57.64794,-7.0,-9.0,4.2131295,33.0,0.0,25.56598,0.0,3.0,3.0,25.98203,-8.0,4.0,3.0,1.0,50.0,1.0
-9.0,74.6144,23.594229,46.41886,16.0,0.0,0.0,86.806496,2.3727732,4.0,6.0,18.0,0.0,57.975174,0.0,1.0,1.0,62.590424,90.0661,4.0,6.425773,2.0,83.02716,1.0
61.32871,163.85225,7.0,91.954834,3.3950226,1.0,1.0,100.0,-7.0,7.0,8.0,3.9167252,2.0,71.439,0.0,0.0,0.0,115.084595,57.252857,1.1775571,2.0,0.0,100.0,1.0
70.77167,-9.0,6.0,-9.0,-9.0,0.0,0.0,100.0,-7.0,7.0,8.0,2.6795766,2.0,13.996656,0.0,4.0,3.7338417,44.384624,-8.0,2.0,1.0,0.0,50.0,1.0
68.81382,159.96979,5.0,58.245914,21.0,3.0,3.2289522,90.0,5.8322544,-7.1145554,5.0,22.0,2.0,68.26175,2.0,2.0,2.0,0.0,75.82456,1.0,4.0,0.0,67.0,1.0
56.030178,116.01207,8.0,44.33684,-9.0,0.0,0.0,100.0,-7.0,7.0,8.0,7.0,0.0,29.0,0.0,4.0,4.0423126,117.995186,-8.0,2.0,-8.187891,1.0,67.0,1.0
68.0,110.9003,2.0,30.777025,-6.7932076,1.0,0.0,73.084,44.170143,6.0,5.1363173,4.8338685,3.5067658,50.442684,-7.0,0.0,0.0,40.5695,-8.0,1.7975153,2.0,0.0,82.33139,1.0
65.0,-6.394502,8.0,-9.0,6.0,0.0,0.0,100.0,-7.0,7.0,8.0,7.0,1.0,64.47259,0.0,1.0,1.0,73.49942,94.11881,2.0,2.0,1.0,75.0,1.0
60.928543,-8.081402,7.0,4.091583,5.272179,0.0,0.0,100.0,-7.0,7.0,8.0,3.9902465,1.0,30.0,0.0,0.0,0.0,110.19338,-8.0,3.0,1.0,2.0,100.0,1.0
62.0,131.69096,6.0,63.171097,41.99229,0.0,0.0,100.0,-7.0,7.0,8.0,29.791801,2.0,41.0,0.0,2.0,2.0,92.96085,76.41168,12.8665495,1.0,1.5623145,100.0,1.0
59.98657,-9.0,13.6769495,26.442783,-9.0,0.0,0.0,100.0,-7.0,7.0,8.0,0.042679038,0.0,96.33081,0.0,0.0,0.0,1.0,95.701965,0.0,1.016068,0.0,80.0,1.0
62.184364,69.35771,8.0,21.125404,-6.246999,0.0,0.0,83.43778,6.4194193,5.0202827,6.0,5.5390277,1.0,24.0,0.0,1.0,1.0,25.0,-8.0,2.0,1.0,1.0,83.73312,1.0
64.43586,132.87987,13.866706,11.697416,8.907431,0.0,0.0,82.50623,6.4554687,6.0,6.0,13.0,1.0,87.22222,0.0,0.0,0.0,0.0,-8.0,1.0,1.0,-1.3540744,73.0,1.0
-9.0,122.013115,13.78784,49.915703,12.0,0.0,0.0,76.46502,16.920698,6.0,6.0,10.749799,0.0,42.0,0.0,0.0,0.0,117.59165,84.04588,5.0,2.0,2.0,89.017944,1.0
66.0,146.46518,2.0,36.10119,41.509834,2.0,2.0,97.0,67.996,6.0,2.5773814,43.807087,10.999499,14.509849,0.0,3.0,2.0,34.242622,60.219475,21.068836,4.0,5.181913,67.0,1.0
57.066666,111.11234,1.0,53.087467,19.0,0.0,0.0,100.0,-7.0,7.0,8.0,18.0,1.0,50.0,-7.0,2.0,2.0,108.90555,95.09064,3.0,3.5749784,2.0,77.430565,1.0
64.0,348.29395,1.7910095,93.94219,21.0,1.0,1.0,81.20888,5.5602465,-9.0,2.0,28.0,4.0,35.0,4.0,2.0,2.0,57.10356,91.0,4.0,2.0,2.0,67.0,1.0
68.0,113.258965,1.0,-9.0,23.0,0.0,0.0,100.0,-7.0,7.0,8.0,35.0,5.801611,18.204218,-7.0,0.0,0.0,32.679375,38.46075,9.9197855,2.0,3.0,76.73923,1.0
-9.0,-9.0,-9.0,-9.0,-9.0,-9.0,-9.0,-9.0,-9.0,-9.0,-9.0,-9.0,-9.0,-9.0,-9.0,-9.0,-9.0,-9.0,-9.0,-9.0,-9.0,-9.0,-9.0,1.0
65.0,255.83252,5.0,82.0,28.0,0.0,0.0,94.0,44.773247,6.0,6.0,27.95872,2.0,22.0,0.0,12.156552,11.176781,54.86371,-8.0,13.897157,2.0,7.60673,100.0,1.0
68.0,55.988964,3.0,-9.0,10.0,0.0,0.0,100.0,-7.0,7.0,8.0,10.665363,3.4840205,36.0,0.0,1.0,1.0,36.872444,99.83717,2.0,4.0,0.0,75.0,1.0
63.0,46.18527,0.1097982,-9.0,13.582588,0.0,0.0,100.0,-7.0,7.0,8.0,16.0,10.632782,35.0,-7.0,8.829574,6.9258695,28.0,54.934414,4.0,3.0,1.0,60.0,1.0
-9.0,125.18152,5.0,40.300606,24.0,0.0,0.0,96.0,1.0,4.0,6.0,23.557516,3.0,19.0,0.0,1.0,1.0,70.714714,33.86773,22.717972,2.0,7.6850367,83.32267,1.0
62.557735,182.28165,23.313824,66.74367,15.0,2.0,1.459846,89.0,22.723534,4.0,6.0,15.555214,0.0,95.56697,0.0,5.0,4.631509,68.04705,-8.0,1.0,5.0,-8.0,83.0,1.0
63.0,9.553061,11.565094,-9.0,6.414571,0.0,0.0,100.0,-7.0,7.0,8.0,8.050591,0.0,34.43665,0.0,0.0,0.0,117.53172,-8.0,4.0,1.0,1.0,100.0,1.0
34.6647,76.147285,11.0,-8.63689,-9.0,0.0,0.0,100.0,-7.0,7.0,8.0,3.4165387,0.0,47.0,0.0,1.0,1.0,90.52004,-8.0,1.0,1.0,0.0,67.0,1.0
75.0,164.8309,24.059734,88.886795,-9.0,0.0,0.0,-3.167312,5.0948634,4.0,6.0,6.7876635,0.0,10.094651,0.0,1.0,1.0,32.0,-8.0,2.0,-8.0,0.0,71.0,1.0
-9.0,112.94832,3.0,2.824759,18.44958,0.0,0.0,91.42635,3.0,4.0,6.0,20.0,3.0,35.0,0.0,0.0,0.0,117.99405,64.34433,6.0,2.0,4.376848,88.26138,1.0
65.0,88.57806,7.0,1.6434118,3.9271336,2.7109814,2.1512887,83.978584,35.560505,6.0,4.0,5.7182226,2.0,98.69184,0.0,2.0,2.0,1.0,64.330925,0.0,2.0,0.0,100.0,1.0
81.0,78.70542,3.0,-9.0,21.0,0.0,0.0,100.0,-7.0,7.0,8.0,24.0,3.0,23.0,2.0,0.0,0.0,1.0,-8.0,2.0,-8.0,0.0,27.407427,1.0
69.0,152.74078,1.3228999,35.222794,9.0,0.0,0.0,100.0,-7.0,7.0,8.0,9.0,4.0,6.893248,0.0,3.0,3.146394,43.452316,-8.0,5.0,1.0,0.0,75.0,1.0
74.0,255.63474,25.771149,120.46015,20.0,0.0,0.0,93.05895,34.231052,6.0,6.0,23.0,0.0,14.0,4.882048,0.0,0.0,87.064865,-8.0,3.0,1.0,1.0,75.0,1.0
70.0,215.6701,39.13573,130.0425,9.0,0.0,0.0,89.29895,16.832577,6.0,6.0,12.0,0.0,15.826136,0.0,2.0,2.0,73.251595,-8.0,5.0,-9.0,1.0,83.0,1.0
64.09482,92.33546,2.0,34.370922,8.538436,1.0,0.0,67.439095,45.010315,6.0,5.0,12.0,4.24339,86.47392,0.0,0.0,0.0,73.23308,88.0,2.0,3.0,1.0,75.0,1.0
-9.0,-8.0,3.0,-9.0,16.0,0.0,0.0,84.39805,1.7890582,-9.0,6.0,23.0,3.0,40.0,0.0,4.0,4.292886,48.83047,93.0,5.0,5.0653048,1.0,90.150955,1.0
67.120995,81.71946,16.073954,55.02991,3.1966329,0.0,0.0,63.1582,19.199495,5.0,6.0,6.616802,0.0,94.62871,0.0,0.0,0.0,0.0,-8.0,-2.272482,1.0,0.0,67.0,1.0
58.29403,155.71173,24.885895,76.50837,20.0,5.615411,6.862744,65.63223,-7.0,4.0,6.0,21.0,0.0,72.98089,0.0,2.0,2.0,97.19704,-8.0,3.0,4.0,0.0,100.0,1.0
65.92494,148.71645,3.0,16.647709,20.021254,0.0,0.0,96.0,5.937823,-7.424578,6.0,23.0,5.0,35.0,0.0,0.0,0.0,3.0,90.95248,4.0,3.0,0.0,60.93708,1.0
65.067474,243.57237,13.431255,74.62413,7.0,4.082049,0.0,58.554005,23.564882,6.0,2.2347167,8.0,0.0,95.949295,0.0,0.0,0.0,93.121574,26.180822,2.0,2.0,1.0,100.0,1.0
58.573635,-3.090977,4.0,23.23215,23.0,0.0,0.0,100.0,-7.0,7.0,8.0,23.0,5.0,17.0,0.13689756,4.0,4.0,79.7881,-8.0,8.0,2.0,3.0,89.570496,1.0
66.0,97.96517,17.0,-9.0,-9.0,0.0,0.0,100.0,-7.0,7.0,8.0,6.243588,0.0,73.80995,0.0,2.2688918,2.0,4.0,-8.0,1.0,1.0,0.0,78.0,1.0
64.0,75.40063,29.331074,28.709879,12.0,0.0,0.0,83.20314,9.806705,3.2545536,5.878992,11.0,0.0,55.714855,7.0,0.0,0.0,0.33860204,-8.0,1.0508856,1.0,-8.0,67.0,1.0
56.0549,130.16718,-9.0,17.455708,22.0,3.0,0.0,88.0,19.094831,6.0,3.0,38.0,10.980144,24.0,0.0,5.0,4.593276,57.711582,94.85021,6.0,5.8338194,3.0,73.0,1.0
-9.0,185.13081,6.0,44.319717,6.9655066,2.0,0.0,28.310287,14.808957,6.0,5.0,7.0,2.0,30.848988,0.0,2.0,2.0,86.63781,63.21631,4.0,3.0,4.4395614,83.0,1.0
62.451744,99.74302,-0.20217617,40.78506,47.328434,0.0,0.0,100.0,-7.0,7.0,8.0,54.06567,10.528711,45.15579,0.0,3.0,3.0,54.3644,91.0096,8.0,7.0128646,3.9653857,77.25467,1.0
60.109035,167.18472,5.0,58.59687,39.0,1.0,0.0,86.955124,13.602643,6.0,6.0,50.16411,2.0,44.59532,0.0,0.0,0.0,58.945652,64.25089,5.0,6.0,1.0,75.0,1.0
54.54419,264.6573,22.893764,88.1252,9.0,1.0,0.0,84.228874,3.7818167,4.0,3.0,11.0,0.0,50.0,-7.0,5.1029353,5.083053,119.944214,-8.0,4.0,1.0,1.0,100.0,1.0
57.364124,120.05604,2.0,48.75581,-9.0,1.0,1.0,100.0,-7.0,7.0,8.0,3.3450887,2.0,67.00229,0.0,3.0,3.0,94.42399,20.578947,1.0,2.0,0.0,80.0,1.0
63.992107,125.65216,4.0,55.07817,21.0,1.0,0.6139848,89.0,19.33663,6.0,5.0,18.786839,2.0,45.660793,0.0,1.0,1.0,43.954742,100.0,3.1317375,2.0,1.0,75.0,1.0
57.151833,67.91643,1.0,-9.0,8.134784,1.0,1.0,93.0,12.745223,6.0,6.0,11.0,6.0,57.4564,-4.935232,1.0,1.0,46.582424,84.799095,4.0,3.0,0.0,76.4032,1.0
59.39629,110.22852,12.113029,54.631947,6.0,0.0,0.0,72.82499,26.290277,6.0,6.0,8.32883,0.0,18.108173,0.0,0.0,0.0,117.65104,-8.0,5.0,1.0,1.0,100.0,1.0
60.063324,200.26225,7.0,65.0,28.0,3.265029,0.22023585,63.551888,6.655214,6.0,3.0,34.0,2.0,56.688927,0.0,4.0,4.0,50.483704,58.52341,6.0,14.0346,0.0,83.0,1.0
54.632454,165.11087,5.0,83.0,19.0,0.0,1.0,89.0,14.35848,4.2135506,6.0,20.0,1.0,46.0,-7.0,1.0,1.0,119.92955,79.03025,6.0,5.0,9.407985,100.0,1.0
59.59952,27.281967,8.0,-4.0732775,9.400956,4.9259806,1.3810817,71.76452,36.853703,6.0,3.0,7.0,2.0,57.07019,-7.0,0.0,0.0,25.171024,84.46096,3.0,2.0,0.0,75.0,1.0
70.0,133.92375,1.0,43.286133,12.0,1.0,1.0,100.0,-7.0,6.0,8.0,5.835227,4.0,10.489093,2.0,1.0,1.0,1.0,84.23536,3.0,2.0,0.0,44.0,1.0
76.0,121.77171,12.567905,43.50905,8.726316,0.0,0.0,100.0,-7.0,7.0,8.0,11.0,1.0,66.525375,5.428644,0.0,0.0,1.0,-8.0,2.0,1.0,0.0,87.58985,1.0
63.042263,118.08956,19.10242,67.0,14.0,9.809568,0.0,67.42725,44.442093,6.0,2.7889423,19.668747,0.0,76.90449,0.0,3.0,2.0,62.855305,39.14467,2.0,2.0,2.0,100.0,1.0
62.0,192.7267,6.0,72.76919,20.0,1.0,0.0,90.0,6.7796164,4.0,5.0,19.696564,3.0,14.0,0.0,3.0,3.0,63.13656,-8.0,14.625798,2.0,3.0,80.0,1.0
63.054718,143.3511,20.45979,65.0,5.318329,0.0,0.0,-9.0,11.775498,6.0,5.0,12.863636,0.0,48.29595,-7.0,0.0,0.0,75.74419,95.235756,1.0,4.0,1.0,100.0,1.0
-9.0,-9.0,3.0,34.398262,8.864314,3.6294684,4.4374857,89.0,-7.0,-9.0,6.0,9.656667,5.0,36.0,0.0,0.0,0.0,65.149315,48.858627,4.0,2.0,1.0,83.47715,1.0
58.70497,125.307396,12.064868,51.359596,8.0,0.0,0.0,100.0,-7.0,7.0,8.0,9.0,1.0,17.0,0.0,2.281531,3.0,114.74927,-8.0,4.0,1.0,4.0,100.0,1.0
64.0,150.54402,4.0,51.977894,16.0,2.0,1.0,70.963425,18.037642,6.0,2.0,19.0,3.0,44.0,11.960618,0.0,0.0,67.968216,74.713585,2.0,3.0,2.0,75.0,1.0
68.0,146.11678,2.0,49.84323,14.0,1.0,1.0,91.0,39.171272,6.0,2.0,18.0,2.0,45.12132,1.0,13.661459,14.765125,51.457333,-8.0,2.0,2.0,0.0,75.0,1.0
64.0,114.54269,1.0,-9.0,8.0,0.0,0.0,100.0,-7.0,7.0,8.0,9.0,5.0,53.300137,0.0,4.0,4.0,43.516235,100.0,2.0,3.0,1.0,67.0,1.0
62.037457,161.81308,5.0,46.658157,5.605978,1.0,1.0,80.39924,31.335142,6.0,2.0,8.0,3.0,50.0,0.0,2.0,2.0,113.32687,-8.0,4.3005133,2.0,2.0,100.0,1.0
27.4344,153.86021,7.0,80.72123,33.0,1.0,1.0,82.97624,2.0,-1.3508365,4.064343,34.0,1.0,50.0,0.0,2.0,1.5677924,77.68379,68.20808,10.71655,4.0,4.0,100.0,1.0
59.388096,117.19852,2.0,62.89818,-9.0,0.0,0.0,88.0,1.0,-6.8384113,5.0,4.421619,3.0,-4.5093646,0.0,1.0,1.0,54.13542,-8.0,4.0,-8.0,0.0,100.0,1.0
60.486057,38.860695,3.0,-9.0,15.0,0.0,0.0,100.0,-7.0,7.0,8.0,16.0,4.0,24.0,0.0,2.0,3.0,36.573044,-8.0,11.0,2.0,2.0,67.0,1.0
-9.0,-8.0,4.0,-9.0,6.0,0.0,0.0,79.28224,10.166694,6.0,6.0,9.0,6.0,24.0,0.0,0.0,0.0,72.00737,-8.0,5.0,2.0,2.0,78.22466,1.0
62.0,137.43834,8.0,63.620857,37.67823,0.0,0.0,100.0,-7.0,7.0,8.0,34.46031,0.0,23.0,0.0,11.945826,8.78954,84.24856,91.0,11.0,3.0,9.52018,86.0,1.0
70.0,178.8293,4.0,48.47128,32.0,1.0,0.0,95.20786,55.594593,6.0,5.0,35.558247,4.0,28.11453,0.0,1.0,1.0,69.84841,88.86903,6.0,2.0,0.0,65.37049,1.0
63.0,139.63426,18.552837,36.640903,6.0,0.0,0.0,100.0,-7.0,7.0,8.0,4.998636,0.0,29.0,-7.0,0.0,0.0,103.15419,95.79498,3.0,2.0,6.8011255,87.87343,1.0
66.24073,46.529377,3.0,-9.0,4.7650805,0.0,0.0,100.0,-7.0,7.0,8.0,7.0,1.0,13.0,0.0,0.0,0.0,43.43776,87.85094,3.0,1.0,0.0,71.0,1.0
65.22228,122.82278,0.21569559,36.436466,3.5361183,0.15930347,1.0,100.0,-7.0,7.0,8.0,3.9830549,3.0,34.980835,0.0,2.0,2.0,71.87562,80.0,2.0,1.0,1.0,70.143364,1.0
69.0,141.61711,5.0,-9.0,-7.9167576,0.0,0.0,88.0,31.368387,6.0,6.0,4.924353,5.0,54.217224,1.0,1.0,1.0,0.0,80.0,1.0,2.0,0.0,46.213634,1.0
5.056645,100.494774,3.0,-0.09868294,14.0,0.0,0.0,100.0,-7.0,7.0,8.0,14.0,4.0,49.128242,0.0,2.0,2.0,91.47459,92.98221,4.0,5.0,4.0,83.0,1.0
-9.0,87.03703,4.398004,51.238823,-9.0,2.0,1.0,67.90746,5.1204453,4.2254586,2.0,0.8098136,4.0,47.306206,-7.0,1.0,1.0,119.98113,99.457115,3.0,2.0,3.0,100.0,1.0
66.0,152.06696,13.0,67.86208,15.0,1.0,0.0,90.8349,36.385006,6.0,6.0,19.0,0.0,63.000675,1.0,1.0,1.0,74.728424,82.0,3.0,4.5238457,0.31121045,91.09822,1.0
-9.0,87.38214,2.0,-9.0,4.543239,1.0,0.0,75.720375,3.0,4.0,5.0,6.956776,6.0,14.566857,1.0,2.0,1.9532363,32.0,74.3995,4.0,2.0,0.0,74.04594,1.0
67.0,177.77391,5.0,51.271667,32.574852,3.0,1.0,89.793655,13.713497,3.0,4.0,38.52282,3.0,22.0,0.0,1.0,1.0,31.481749,80.7322,2.0,5.1852894,0.0,75.0,1.0
-9.0,169.69708,2.0,58.0,18.0,0.0,0.0,100.0,-7.0,7.0,8.0,17.0,3.0,56.707657,0.0,1.5604668,1.9106953,98.043335,51.918083,5.0,4.0,4.0,100.0,1.0
58.662914,130.405,6.0,56.00263,25.0,0.17470045,0.0,95.0,27.649973,6.0,6.0,25.667906,2.0,56.78029,1.0,2.0,2.0,63.865322,52.701653,6.0,9.1987,3.3618014,88.0,1.0
31.150993,166.1155,22.627113,55.74009,-9.0,0.0,0.0,96.0,-7.0,7.0,8.0,9.0,0.0,98.9262,0.0,1.0,1.0,114.33459,-8.0,1.0,1.0,-8.018832,100.0,1.0
65.48451,163.8578,5.0,49.27021,9.0,2.1414716,3.2303,86.33048,26.182596,4.0,3.6351004,11.0,3.0,76.63712,1.0,0.0,0.0,22.977308,-8.0,3.0,1.0,0.0,100.0,1.0
-9.0,70.56977,4.0,20.476637,11.616732,0.0,0.0,92.0,8.09765,4.0,6.0,12.950077,3.0,22.0,0.0,2.0,1.5270057,92.18367,51.841194,3.0,3.0,3.0,83.0,1.0
62.64741,242.1924,2.0,54.905396,17.0,1.8048455,1.0,81.33352,36.529446,4.1993346,2.0,20.0,10.257809,13.100535,16.0,0.0,0.0,57.581287,80.346725,10.78196,2.0,1.0,100.0,1.0
58.66142,-9.0,6.0,-9.0,12.0,0.0,0.0,100.0,-7.0,7.0,8.0,9.0,1.0,67.72547,0.0,0.0,0.0,99.63873,24.778044,2.0,2.0,1.0,83.17936,1.0
69.0,214.72127,10.0,69.54604,43.663338,1.0,1.0,96.09784,45.564537,6.0,5.0,33.428856,2.0,16.248575,0.0,1.0,1.0,36.0,-8.0,12.407478,2.0,2.0,60.0,1.0
71.0,153.44743,34.363277,77.99109,3.9766154,0.0,0.0,77.509,75.347206,6.0,6.0,3.9866164,0.0,55.893734,0.0,0.0,0.0,115.71901,76.0,2.0,1.0,3.0,100.0,1.0
-9.0,170.10234,12.0,68.0,32.0,0.0,0.0,89.16853,2.0,4.0,6.0,40.31508,0.0,38.0,0.0,17.234226,17.392876,77.95534,53.703667,6.0,6.864901,3.9525287,80.212265,1.0
70.0,103.068054,2.0,-9.0,13.0,0.0,0.0,100.0,-7.0,7.0,8.0,16.95028,4.0,46.0,0.0,1.0,1.0,0.0,96.38982,1.0,2.0,0.0,58.0,1.0
63.0,53.434593,3.0,20.084074,15.0,0.0,0.0,92.0,34.194656,6.0,6.0,16.0,5.0,33.0,0.0,2.0,2.0,56.515114,93.0,6.0,3.0,0.0,75.0,1.0
55.42166,77.14993,8.0,0.6071006,8.0,0.0,0.0,97.0,-7.0,0.0,6.0,9.775861,0.0,55.84649,12.0,0.0,0.0,71.19766,78.40711,2.0,3.0,1.0,67.0,1.0
57.9843,86.45012,1.0,-9.0,5.1175227,2.0,2.0,100.0,-7.0,6.0,8.0,9.412449,3.0,25.0,0.0,0.0,0.0,17.567587,86.742065,2.0,2.0,0.0,45.00133,1.0
64.0,-9.0,2.0,-9.0,9.0,0.0,0.0,100.0,-7.0,7.0,8.0,8.467605,3.0,27.36599,0.0,1.0,1.0,37.734737,98.54077,3.0,3.0,0.0,60.0,1.0
64.04835,39.38483,10.0,-9.0,-9.0,0.0,0.0,100.0,-7.0,7.0,8.0,0.70977074,1.0,99.98493,7.0,0.0,0.0,3.0,64.708115,1.0,3.0,0.0,80.0,1.0
65.0,186.20607,32.08921,88.799416,5.200432,0.0,0.0,100.0,-7.0,7.0,8.0,2.7025928,0.0,-6.4021487,0.0,1.0,1.0,119.816734,-8.0,4.0,-9.0,4.0,100.0,1.0
-9.0,101.53356,7.0,31.054125,6.0,0.0,0.0,66.02158,1.0,4.0,6.0,11.0,2.0,99.71762,2.0,0.0,0.0,86.22,49.327477,1.0,2.4409087,0.0,83.0,1.0
72.0,158.03761,4.0,45.187805,7.580219,0.0,0.0,88.527725,25.135353,6.0,6.0,8.412555,2.0,34.894447,-7.0,2.0,2.0,14.397386,-8.0,3.0,1.0,0.0,52.18238,1.0
57.24678,137.91553,6.0,55.141895,12.0,2.0,1.0,76.413994,14.565352,4.0,4.0,13.0,2.0,43.99662,0.0,5.0050616,5.700336,82.64838,28.988512,3.0,4.0,0.0,86.371864,1.0
26.119696,81.012024,27.025023,-9.0,-3.7315342,0.0,0.0,100.0,-7.0,7.0,8.0,3.9904215,0.0,44.81078,1.0,3.0,3.0,91.62305,-8.0,1.0,-8.0,0.0,67.0,1.0
61.404285,194.36784,2.0,-9.0,9.0,1.0785762,2.0,86.438156,12.12405,4.0,-1.4001256,12.302955,9.55749,43.0,0.0,3.0,3.0,66.22727,93.421585,3.0,2.0,0.0,88.46926,1.0
65.934,249.86215,2.0,60.672398,30.0,2.0,0.0,94.0,9.036125,4.0,2.0,40.118347,10.216709,10.852384,0.0,3.0,3.0,36.0,-8.0,20.072632,1.0,1.0,70.0,1.0
-9.0,-1.5182124,5.0,19.464153,9.066868,0.0,0.0,78.13378,21.007534,6.0,6.0,8.167626,2.0,35.0,0.0,3.0,3.0,71.946945,51.490265,4.0,2.0,2.0,83.0,1.0
70.0,188.48155,1.0,64.76187,36.0,4.6421046,0.0,95.0,21.246588,6.0,2.0,52.738914,5.1108027,50.0,0.0,4.697266,4.432314,5.0,70.53777,2.0,11.047134,0.0,56.0,1.0
64.04563,138.05875,2.0,42.93487,7.791984,0.0,0.0,100.0,-7.0,7.0,8.0,9.0,3.0,38.49129,-3.6117897,2.0,2.0,64.92991,-8.0,4.0,1.0,1.0,88.0,1.0
-9.0,192.74113,12.0,68.0,39.991657,0.0,0.0,87.57863,6.6913896,6.0,6.0,37.0,1.0,36.0,0.0,0.0,0.0,74.52309,-8.0,16.590797,2.5427494,4.561447,80.0,1.0
72.0,95.55598,16.0,32.36914,-9.0,0.0,0.0,100.0,-7.0,7.0,8.0,6.7663503,0.0,98.5473,-7.0,0.0,0.0,69.34385,-8.0,1.0,1.0,0.0,90.90075,1.0
63.0,-8.0,9.353821,19.20333,17.553045,0.0,0.0,100.0,-7.0,7.0,8.0,16.0,1.0,44.136925,0.0,0.0,0.0,113.92925,81.9976,1.0,3.0,2.0,80.0,1.0
81.0,189.61641,23.8914,59.788925,13.0,0.0,0.0,100.0,-7.0,7.0,8.0,15.0,0.0,93.2796,0.0,2.0,1.0,3.0,-8.0,2.0,1.0,0.0,88.99609,1.0
73.0,124.9408,21.82958,31.82645,4.1399755,0.0,0.0,80.15992,25.457346,6.0,6.0,4.2745085,0.0,99.99967,-8.0,0.0,0.0,0.0,-8.0,0.5704127,1.0,0.0,100.0,1.0
60.170376,-8.0,2.0,37.400303,14.0,0.0,0.0,100.0,-7.0,7.0,8.0,13.0,3.0,28.0,3.3697474,2.0,2.0,89.54469,-8.0,3.0,2.0,2.0,65.17306,1.0
69.0,175.76486,19.90721,54.101418,12.0,0.0,0.0,100.0,-7.0,7.0,8.0,10.0,0.0,17.0,-7.0,1.0,1.0,48.445206,-8.0,8.182624,1.0,1.0,78.0,1.0
57.79348,-9.0,5.734258,41.73048,40.186836,0.0,0.0,100.0,-7.0,7.0,8.0,46.80963,1.0,48.57137,-7.0,16.828669,15.745109,62.83561,-8.0,7.0,5.0,3.0,71.84055,1.0
60.67426,142.57088,5.0,35.7699,14.0,0.0,0.0,81.92292,13.389367,6.0,6.0,16.0,4.0,68.43755,0.0,2.0,2.0,45.810608,48.912415,3.5859933,4.0,0.0,86.0,1.0
56.263424,93.21359,10.0,23.94242,6.6361856,2.9222531,0.0,75.46657,2.3378396,0.0,5.0,9.0,2.0,58.895863,0.0,0.0,0.0,67.39332,80.0,3.0,4.0,0.0,100.0,1.0
70.0,153.36603,3.6926248,56.46698,28.0,0.0,0.0,100.0,-7.0,7.0,8.0,31.0,4.0,44.0,2.0,0.0,0.0,34.862675,84.0546,7.3411627,4.0,0.0,78.55146,1.0
64.0,-9.0,3.0,-9.0,-9.0,1.0,1.0,93.0,18.9636,6.0,6.0,0.9564836,4.0,77.02981,-8.0,0.0,0.0,7.0,53.409477,1.0,2.0,0.0,83.0,1.0
68.7467,135.83524,25.706654,65.0,13.0,2.0,0.0,88.0,18.173353,6.0,3.0,15.450202,0.0,40.0,0.0,1.0,1.0,94.01902,-8.0,5.0,1.0,1.0,100.0,1.0
31.981546,110.82528,3.8802314,12.26553,20.0,1.0,1.0,100.0,-7.0,7.0,8.0,19.828262,3.0,46.24553,-7.0,2.0,2.0,67.628815,50.486813,5.0,5.6985474,3.0,80.219345,1.0
64.592186,177.54863,11.0,64.12643,36.0,0.0,0.0,100.0,-7.0,7.0,8.0,41.843685,0.0,44.612408,0.0,1.6745881,1.0,58.354057,-8.0,15.466665,4.0,3.0,75.18969,1.0
64.31968,78.205475,-9.0,-9.0,14.0,1.0,1.0,90.19337,36.470516,6.0,2.0,16.0,7.00997,10.512548,0.0,2.0,2.0,8.975399,82.0,6.0,2.0,0.0,63.0,1.0
68.10629,143.33997,10.547734,54.857323,23.0,0.0,0.0,100.0,-7.0,7.0,8.0,21.198965,0.0,43.8532,2.0,1.0,1.0,75.55287,88.12066,6.0,2.0,4.133968,100.0,1.0
-9.0,62.282597,52.355267,56.21266,13.563777,0.0,0.0,86.30953,-7.0,-9.0,6.0,11.0,0.0,51.07252,12.0,1.0,1.0,92.8895,-8.0,4.0,3.0,1.0,75.0,1.0
67.0,108.06769,2.0,4.8360615,22.0,2.5843375,1.0,90.91507,9.684747,4.0,4.0,22.0,9.809514,23.191631,1.7635682,1.0,1.0,19.552662,93.0,4.0,4.0,0.0,60.0,1.0
68.0,161.05318,2.949846,27.424519,35.802887,0.0,0.0,100.0,-7.0,7.0,8.0,38.0,10.883809,22.0,12.978525,2.0,1.0,25.0,82.18162,9.0,3.0,2.0,55.070522,1.0
66.38277,182.21924,3.0,67.59556,30.0,0.0,0.0,93.0,10.171727,4.0,6.0,37.71035,7.6046963,32.68696,6.0,0.0,0.0,33.39577,69.16714,3.0,6.938892,1.0,66.66197,1.0
64.30617,196.57582,3.0,60.393414,13.0,4.5710564,2.0,85.493614,16.473534,6.0,5.01947,17.0,6.353037,57.156258,1.0,1.0,1.0,0.0,60.79312,1.0,2.0,0.0,75.0,1.0
55.363712,156.93967,15.0,69.346466,14.0,0.0,0.0,88.0,10.6031685,4.0,6.0,13.758814,0.0,33.0,0.0,3.0,3.0,84.754326,-8.0,6.0,2.0,3.0,81.19187,1.0
57.527004,29.417517,4.0,-9.0,14.0,0.0,0.0,100.0,-7.0,7.0,8.0,19.014793,3.0,16.438934,0.0,0.16185494,1.0,55.561913,-8.0,6.287652,1.0,3.7340424,56.0,1.0
-9.0,108.82308,2.0,45.14201,17.0,3.0,2.8711622,81.22139,-7.0,-9.0,6.0,20.0,5.3786325,-9.0,0.0,2.0,2.0,38.91627,98.11188,7.0,1.0,1.0,56.86828,1.0
59.253284,169.23854,20.0,72.970116,19.0,1.0,0.0,86.213356,-7.0,-9.0,5.0,25.0,1.0,87.450096,7.0,0.0,0.0,80.245544,-8.0,2.0,2.0,0.0,82.31876,1.0
71.0,147.84946,21.526686,67.03004,13.0,0.0,0.0,77.26853,0.40955275,4.0,6.0,9.0,0.0,57.876514,0.0,2.0,1.5715364,0.0,57.810413,0.0,1.0,0.0,35.881462,1.0
72.83065,94.103294,2.0,31.679352,17.29765,0.0,0.0,100.0,-7.0,7.0,8.0,25.0,5.0,98.46095,-8.0,6.1034446,6.097836,4.5975595,68.61763,1.0,4.0,0.0,69.41731,1.0
-9.0,38.50176,22.049732,53.337677,5.972998,3.2585711,2.0,63.492775,2.0391066,2.986975,6.0,7.0,1.0,85.02673,0.0,2.0,2.0,21.680183,51.89452,1.0,3.0,0.0,86.0,1.0
57.617886,199.21967,10.0,74.0,16.0,0.0,0.0,86.300064,15.0837145,6.0,6.0,18.0,3.0,25.0,7.0,0.0,0.0,58.51749,88.0,9.0,3.0,2.462999,80.0,1.0
66.0,70.10854,15.0,39.912655,15.942018,0.0,0.0,100.0,-7.0,7.0,8.0,15.895208,0.0,-9.0,0.0,4.4260817,4.0,43.57806,-8.0,5.0,1.0,2.0,67.0,1.0
59.79147,204.1044,19.66649,49.836723,22.0,1.0,0.0,74.484955,12.66591,4.0,3.0,25.000677,1.0,16.107437,0.0,2.0,2.0,41.676014,77.33034,23.93034,4.0,2.0,100.0,1.0
64.0,142.71774,21.217203,70.044205,28.0,0.0,0.0,100.0,-7.0,7.0,8.0,24.174706,0.0,28.0,3.0,0.0,0.0,86.12865,27.833237,5.0,3.0,5.376046,90.981705,1.0
71.06218,87.665405,10.0,41.229626,7.0,0.0,0.0,77.78533,27.98119,6.0,5.0,6.346111,1.0,43.0,0.0,0.0,0.0,0.0,-8.0,1.0,-8.0,-9.0,86.0,1.0
57.84783,-9.0,17.0,56.18941,14.972179,0.0,0.0,94.0,6.917629,4.0,6.0,15.0,0.0,13.0,0.0,0.0,0.0,117.37203,-8.0,8.0,2.0,9.252289,80.0,1.0
69.0,179.43326,9.0,13.452844,6.0,0.0,0.0,100.0,-7.0,7.0,8.0,10.9268675,1.0,65.91902,0.0,3.0,2.0,118.800705,-8.0,1.0,2.0,0.0,83.0,1.0
72.0,78.44315,12.0,55.473026,-9.0,0.0,0.0,100.0,-7.0,7.0,8.0,4.551743,1.0,-0.7984654,0.0,2.0,2.0,1.0,-8.0,2.0,-9.0,0.0,44.541668,1.0
-9.0,196.23094,35.393185,79.0,9.0,2.0,2.0,78.18464,6.6747766,0.0,5.997073,8.15249,0.0,89.631905,0.0,2.0,1.894046,115.199005,7.5156956,2.0,1.0,2.0,83.0,1.0
58.95233,98.43824,4.0,17.563028,13.0,0.0,0.0,100.0,-7.0,7.0,8.0,13.0,1.0,36.0,0.0,2.0,1.9684255,73.12321,70.232475,5.0,4.0,0.0,88.0,1.0
57.763542,-9.0,2.0,-9.0,8.0,0.0,0.0,100.0,-7.0,7.0,8.0,10.0,4.0,8.984971,0.0,2.0,2.0,59.922436,-8.0,5.0,-8.0,1.0,64.0,1.0
56.087246,147.33737,10.0,58.0,34.369633,0.0,0.0,93.0,22.22318,4.0,6.0,44.324238,2.0,70.89472,0.0,0.0,0.0,116.00786,88.0,9.0,2.0,1.0,100.0,1.0
65.0,-2.1317687,4.0,5.916832,12.0,0.0,0.0,100.0,-7.0,7.0,8.0,16.0,3.0,6.4388347,0.0,3.0,3.0,43.77784,-8.0,8.0,1.0,2.0,80.0,1.0
-9.0,57.061817,11.0,31.77439,13.0,0.0,0.0,88.0,-7.0,3.1711988,6.0,13.0,1.0,24.318623,3.0,0.0,0.0,40.881756,-8.0,2.0,2.0,1.0,73.0,1.0
61.63223,394.3363,6.0,94.0,23.484062,2.0,2.0,70.265144,27.562473,6.0,2.0,24.0,2.0,22.618603,-1.7520828,2.0,2.0,75.09909,-8.0,6.0,2.0,1.0,85.31726,1.0
68.0,-9.0,5.5702763,-9.0,10.0,0.0,0.0,100.0,-7.0,7.0,8.0,9.0,2.0,53.824287,0.0,12.94478,12.244513,0.0,95.568214,1.0,3.0,0.0,71.0,1.0
55.80209,103.14767,1.0,-9.0,-1.031053,0.0,0.0,90.0,21.48548,6.0,6.0,8.0,4.0,41.42842,0.0,3.0,3.0,42.582554,78.84117,3.0,2.0,1.0,80.0,1.0
62.442047,2.991654,5.0,33.175095,17.0,0.0,0.0,100.0,-7.0,7.0,8.0,20.0,2.0,49.818615,3.0,2.0,3.0,76.13785,91.0,2.0,8.676092,1.0,83.0,1.0
69.0,156.96727,2.0,9.010121,10.679954,0.0,0.0,100.0,-7.0,7.0,8.0,13.0,2.0,23.200169,0.0,2.0,2.0,34.978786,10.716332,3.0,2.0,0.0,67.0,1.0
62.0,156.26608,4.0,37.134598,21.0,0.0,0.0,100.0,-7.0,7.0,8.0,20.0,5.0,33.695324,-7.0,2.0,2.0,47.26554,93.0,6.147526,4.0,2.0,78.0,1.0
-9.0,-9.0,0.52872765,-9.0,-9.0,-9.0,-9.0,-9.0,-9.0,-2.0127294,-9.0,-9.0,-9.0,-9.0,-9.0,-9.0,-9.0,-9.0,-9.0,-9.0,-9.0,-9.0,-9.0,1.0
68.10772,46.669777,2.408827,49.542953,22.0,0.0,1.0,100.0,-7.0,6.0,8.0,22.249203,2.0,15.0,-7.0,0.0,0.0,29.806652,-8.0,5.0,2.0,2.0,47.079514,1.0
57.12325,-8.765049,16.537052,54.976562,-9.0,0.0,0.0,84.57944,33.044144,6.0,6.0,2.0006657,0.0,23.0,0.0,1.0,1.0,99.08146,-8.0,4.0,1.0,3.5139592,100.0,1.0
57.682976,129.81128,-9.0,29.976492,6.0,1.0,0.0,86.13085,9.839085,2.4444768,4.165225,10.21742,3.0,35.901688,0.0,1.0,1.0910852,18.4995,115.39609,1.0,3.0,0.0,73.0,1.0
72.0,69.178986,1.0,46.699463,21.028784,2.0,1.0,94.0,46.889713,6.0,5.0,20.0,3.0,30.0,1.0,2.0,2.0,34.741417,52.20971,5.0,2.0,0.0,67.0,1.0
61.257248,115.52768,10.0,62.998604,9.499454,1.0,0.0,86.5086,7.0633683,5.0,5.0,8.0,1.0,-9.0,0.0,5.247222,5.0,90.95957,-8.0,5.0,-8.0,1.0,100.0,1.0
61.363743,165.00029,-9.0,66.996735,32.50976,0.0,0.0,90.131584,40.40476,6.0,6.0,44.47115,6.0,28.793331,0.92220604,2.1319065,2.0,53.543774,63.095955,14.475046,6.399064,3.0,83.0,1.0
55.649208,119.01779,5.1039653,54.944996,5.854349,1.0,0.0,80.7857,22.717653,6.0,5.0,10.0,2.0,54.32867,0.0,4.0,4.0,113.96232,59.10429,3.0,2.0,1.8226483,100.0,1.0
65.0,142.77911,-9.0,76.0,18.0,0.0,0.0,100.0,-7.0,7.0,8.0,16.0,4.0,47.22649,0.0,5.0,4.4277534,79.23747,80.0,4.0,5.0,3.1994648,83.0,1.0
-9.0,177.2118,36.690876,106.295845,3.1556675,7.8663573,1.0,-9.0,-7.0,-9.0,2.0,7.224075,0.0,99.88053,0.0,2.0,2.0,0.0,60.717514,-9.0,2.0,-9.0,100.0,1.0
58.130363,-8.0,5.0,80.9017,11.0,9.395242,6.0082054,63.51019,47.03238,6.0,2.0,0.5883041,1.0970653,50.0,-7.0,1.0,0.0,85.82238,93.0,1.0,2.0,0.0,89.1155,1.0
63.11454,202.25284,15.0,78.57763,12.0,0.0,0.0,70.00634,5.035402,6.0,6.0,16.0,0.0,6.281285,5.9063277,2.0,2.0,76.199104,-8.0,2.0,-8.0,0.0,57.0,1.0
62.51413,139.7919,1.0,41.182873,40.91195,3.0,1.0,90.0,60.101803,6.0,4.0,57.180492,10.941322,45.0,1.0,3.0,3.0,51.628742,61.832996,8.944305,12.888372,1.0,78.0,1.0
73.0,-9.0,15.0,-9.0,-7.5846524,0.0,0.0,100.0,-7.0,7.0,8.0,3.668568,0.0,2.7584324,-7.0,0.0,0.0,26.912378,-8.0,1.0,-9.0,0.0,38.645203,1.0
72.0,191.9073,1.0,59.20248,18.0,0.0,0.0,100.0,-7.0,7.0,8.0,14.0,4.0,27.0,0.0,0.0,0.0,26.348145,87.79461,6.0,3.0,0.0,60.0,1.0
61.646664,-6.6709037,7.0,21.109097,15.0,1.0,1.0,81.43583,24.051636,3.0,5.0,16.73363,1.0,59.819336,0.0,4.0,4.0,110.705795,92.027,3.0,4.0,2.0,88.457565,1.0
68.0,217.29259,20.243238,101.29717,-9.0,1.0,0.0,63.577415,11.46256,6.0,5.0,3.9629288,0.0,40.0,-7.0,1.0,1.0,113.53813,-8.0,1.0,-8.0,0.0,100.0,1.0
60.801403,132.59517,2.0,54.27237,18.34618,0.0,0.0,95.0,10.979035,4.0,6.0,21.0,4.0213375,24.0,0.0,2.0,2.0,81.59822,-8.0,13.112303,3.0,3.4826624,100.0,1.0
-9.0,-9.0,11.815488,-9.0,12.0,0.0,0.0,100.0,-7.0,7.0,8.0,14.0,3.0,99.991,0.0,2.0,2.0,42.112778,89.48467,1.0,5.933853,0.0,87.680786,1.0
-9.0,124.28059,3.5894387,-9.0,17.0,0.0,0.0,100.0,-7.0,7.0,8.0,18.765375,4.0,33.0,0.0,2.0,2.0,93.00209,83.32284,4.0,4.0,3.0,60.0,1.0
61.535526,104.45637,2.0,-6.9007626,26.0,0.0,0.0,96.0,21.157017,4.0,6.0,27.0,9.5195,43.65467,0.0,3.0,2.4591103,60.6162,42.729717,4.0,2.0,2.0,77.944016,1.0
-9.0,162.91354,20.0,66.64621,9.398388,4.891029,2.0,-9.0,9.002898,5.6190667,3.0,14.0,0.0,76.472435,0.0,0.0,0.0,115.77418,79.74354,2.0,3.0,3.185075,100.0,1.0
66.0,103.43747,13.959363,-9.0,12.0,0.0,0.0,89.0,3.0,4.0,6.0,11.206504,1.0,99.55294,0.0,1.0443538,1.0,11.0,82.0,2.0,3.0,0.0,80.0,1.0
66.0,131.54948,2.0,37.084705,27.0,0.0,0.0,93.0,67.58243,6.0,6.0,33.729702,10.394236,34.71039,3.0,3.0,3.0,19.848188,35.47848,7.0,3.0,1.5001761,64.28044,1.0
65.0,158.81078,4.0,-8.820861,13.0,0.0,0.0,100.0,-7.0,7.0,8.0,14.0,6.0,54.078945,0.0,2.0,2.0,39.73701,100.0,5.0,2.0,1.0,80.0,1.0
69.0,176.72993,71.10571,75.70323,-9.0,2.0,0.0,28.462317,71.98974,7.0,5.0,6.104957,0.0,100.0,0.0,1.0,1.0,-8.49678,75.06262,-9.0,1.0,-9.0,77.2639,1.0
65.46886,95.52395,3.0,54.058456,17.0,0.0,1.0,88.0,29.679895,6.0,5.0,15.0,4.0,28.0,23.443876,0.0,0.0,25.0,100.0,5.0,2.0,0.3244073,63.894623,1.0
55.68656,93.21194,5.0,52.20983,31.0,1.0,1.6479743,89.23155,11.772963,4.0,6.0,32.0,3.0,22.0,0.0,3.0,2.0,93.53298,81.689545,9.979969,6.0,2.0,81.215836,1.0
62.0,-9.0,3.0,68.600044,17.0,4.5095606,1.0,91.0,4.0,4.0,6.0,3.5130196,3.0,52.011017,4.0,1.0,0.0,40.958675,59.434193,2.0,3.0,0.0,57.0,1.0
55.791996,-9.0,10.0,-9.0,20.0,0.0,0.0,100.0,-7.0,7.0,8.0,19.0,2.0,36.124554,1.0,1.0,0.0,41.42654,76.73297,9.0,3.0,3.0,75.0,1.0
-9.0,116.3074,11.0,42.202015,21.0,0.0,0.0,90.0,-7.0,0.28198227,6.0,24.0,1.0,39.0,0.0,2.0,2.0,85.72061,48.127987,6.0,2.0,3.0,90.5655,1.0
57.48709,122.97035,4.0,44.29017,4.32857,0.0,0.0,76.82846,39.156754,6.0,6.0,3.0287693,2.0,63.75343,-8.0,0.0,0.0,107.58787,53.179005,3.0,2.0,0.0,100.0,1.0
70.76999,38.38567,4.0,32.211403,13.0,0.0,0.0,100.0,-7.0,7.0,8.0,4.548367,3.0,56.571194,1.0,1.0,1.0,14.0,76.068405,3.0,2.0,0.0,73.0,1.0
-9.0,196.21318,21.639725,57.61847,9.42638,0.0,0.0,78.23453,1.059661,4.0,6.0,12.0,0.0,45.0,-7.0,1.0,0.0,103.128845,64.927765,4.0,2.0,4.556826,85.28939,1.0
67.0,244.92651,6.0,86.0,17.35254,0.0,0.0,92.0,54.054756,6.0,6.0,18.939138,2.0,51.412983,0.0,10.224983,7.0923843,45.64558,1.5578607,5.0,3.0,2.0,83.0,1.0
-9.0,190.02983,9.0,75.19358,13.0,3.3569114,1.0,75.60277,5.7588263,0.0,2.0,13.260647,1.0,66.47337,0.0,1.0,1.0,116.13253,34.432266,2.0,2.0,3.0294755,83.0,1.0
68.0,127.67593,6.0,54.620422,17.0,0.0,0.0,100.0,-7.0,7.0,8.0,17.0,1.0,30.0,12.024217,0.0,0.0,60.13325,93.0,9.699395,3.0,1.0,90.389404,1.0
66.0,152.77538,7.0,-9.0,15.0,0.0,0.0,94.0,4.424543,4.0,5.957857,13.0,3.0,18.0,3.0,1.0,1.0,11.929974,-8.0,3.0,1.0,0.0,43.0,1.0
61.62994,35.914726,2.0,-9.0,4.669048,0.0,0.0,100.0,-7.0,7.0,8.0,3.9810612,2.0,22.419462,0.0,3.5975435,3.7522388,79.39783,-8.0,5.0,1.0,2.6564028,83.11682,1.0
58.555435,-8.0,9.0,-7.125043,5.716867,0.0,0.0,100.0,-7.0,7.0,8.0,7.6451035,2.0,50.0,4.0,0.0,0.0,93.32708,80.168,2.0,4.0,2.0,75.0,1.0
58.470882,50.08766,-9.0,19.095924,20.0,0.0,0.0,100.0,-7.0,7.0,8.0,28.0,5.891944,33.0,0.0,4.0,4.0,72.827736,44.202522,6.0,7.636842,4.3956714,79.20575,1.0
62.0,166.40018,6.0,55.081184,20.75042,0.0,0.0,93.0,2.0,6.0,6.0,24.0,2.0,57.09652,0.0,0.0,0.0,58.463097,38.59694,4.0,3.0,1.0,76.08195,1.0
69.0,73.71649,3.0,16.50483,6.0,0.0,0.0,100.0,-7.0,7.0,8.0,9.0,2.0,52.0814,0.0,2.0,2.0,87.942444,-8.0,2.0,2.0,0.0,100.0,1.0
67.0,72.9408,1.5694145,36.576008,19.0,0.0,0.0,100.0,-7.0,7.0,8.0,20.0,4.0,0.6287081,0.0,2.2366903,3.0,18.0,-8.0,5.0,1.0,2.0,46.58886,1.0
59.69507,-7.866444,13.349951,-9.0,7.0,0.0,0.0,100.0,-7.0,7.0,8.0,8.509418,0.0,19.0,0.0,2.0,2.0,93.60115,28.85504,4.0,2.0,2.0878866,100.0,1.0
-9.0,101.767365,7.0,53.078365,4.5128665,3.0,0.0,82.11488,20.484657,6.0,4.0,4.9615793,4.0,98.1558,0.0,3.0,2.0,86.07977,80.0,1.0,5.107016,0.0,100.0,1.0
73.0,102.51044,16.47659,47.80331,4.3409333,0.0,0.0,100.0,-7.0,7.0,8.0,7.0,0.0,93.43358,0.0,0.0,0.0,1.0,-8.0,0.0,1.0,-9.0,70.0,1.0
-9.0,104.57263,2.0,37.511177,-9.0,2.0,1.0,-6.2503676,6.0,6.0,4.0,3.9964733,3.0,63.750557,1.0,4.0,4.0,56.78164,33.07217,1.0,2.0,-9.0,83.0,1.0
74.0,173.29903,3.0,39.04069,19.0,0.0,0.0,100.0,-7.0,7.0,8.0,15.0,6.0,16.0,6.0,0.0,0.0,21.19148,73.06172,5.0,2.0,0.0,56.7754,1.0
64.0,-9.0,5.0,-9.0,14.0,0.0,0.0,100.0,-7.0,7.0,8.0,14.0,3.0,13.0,-7.0,0.0,0.0,83.57747,-8.0,6.0,2.0,1.0,100.0,1.0
59.51654,140.44272,5.0,54.38226,43.942535,0.0,0.0,100.0,-7.0,7.0,8.0,44.842636,5.0,52.793022,0.0,3.0,3.0,72.749374,32.81424,11.504399,7.643805,6.3328605,100.0,1.0
75.0,63.53365,23.80268,37.74482,13.0,0.0,0.0,81.64235,71.415794,7.0,6.0,15.158275,0.0,99.98955,0.0,0.0,0.0,0.0,-8.0,0.0,2.0,0.0,67.0,1.0
55.17741,-8.0,-9.0,-9.0,20.0,0.0,0.0,100.0,-7.0,7.0,8.0,27.78427,10.930531,11.094712,0.0,12.618285,12.38934,37.614594,-8.0,9.0,3.0,1.0,63.0,1.0
-9.0,-0.018411556,32.08446,-9.0,-9.0,0.0,0.0,100.0,-7.0,7.0,8.0,4.445593,0.0,99.16047,0.0,1.0,1.0,1.0,-8.0,1.0,0.1536649,-8.902774,100.0,1.0
76.0,170.83878,9.870796,63.03463,22.0,0.0,0.0,91.456245,25.330141,6.0,6.0,26.0,1.0,49.30387,21.020044,0.0,0.0,26.365082,-8.0,1.0,3.0,0.0,63.0,1.0
60.61128,184.1011,15.699198,82.69479,15.0,2.0,1.0,82.37895,9.215931,-9.0,6.0,15.0,0.0,7.477353,2.0,1.0,0.0,68.80089,-8.0,6.031941,1.0,1.0,100.0,1.0
66.28591,81.4601,9.0,60.414833,17.0,0.0,0.0,100.0,-7.0,7.0,8.0,17.53537,2.0,50.0,-7.0,2.0,2.0,64.59899,-8.0,2.0,3.0,3.0,80.0,1.0
62.0,114.29648,3.0,-9.0,7.5355186,0.0,0.0,100.0,-7.0,7.0,8.0,10.235595,4.0,50.0,2.0,0.0,0.0,84.62489,59.1723,4.0,3.0,2.0,89.244064,1.0
70.0,126.77837,2.0,45.133858,24.0,0.0,0.0,95.65747,39.18357,6.0,6.0,24.0,3.0,-9.0,0.0,1.0,1.8743492,19.0697,-8.0,9.973752,-8.0,2.0,67.0,1.0
63.79367,162.75972,3.0,45.13062,15.317405,0.0,0.0,92.0,10.677308,6.0,6.0,16.0,5.0,42.0,0.0,3.0,2.0,1.0,94.70545,2.0,3.0,0.0,48.864326,1.0
66.0,385.06836,4.0,67.0,20.0,1.0,1.0,92.814,36.541855,6.0,5.0,21.0,5.0,36.0,-7.0,2.0,2.0,55.11166,77.58568,5.0,2.0,0.3354401,100.0,1.0
69.0,191.53491,11.0,84.0,21.0,1.0,1.0,83.19619,18.954174,6.0,5.8624315,21.0,1.0,15.0,9.913934,0.0,0.0,65.74723,-8.0,4.0,2.0,1.0,67.0,1.0
60.668686,-8.584297,3.0,-9.0,29.0,3.0,0.0,96.0,45.898483,6.0,2.0,33.0,3.828044,14.0,1.0,2.0,2.0,82.78404,-8.0,16.651926,1.0,2.6705496,100.0,1.0
57.569115,216.30792,3.0,75.0,34.650505,4.5536003,1.0,88.0,3.0,1.7390705,6.0,47.345585,4.0,49.666645,0.0,1.0,1.0,47.66109,48.84018,6.0,22.400806,1.0,75.0,1.0
62.0,174.3247,40.386536,60.70904,3.514927,0.0,0.0,91.0,-7.0,4.0,6.0,0.95900875,0.0,41.747055,0.0,0.0,0.0,69.63431,-8.0,1.0,1.0,-9.0,100.0,1.0
33.39319,180.30182,15.421131,85.2409,7.3888183,0.0,0.0,76.64411,6.0,4.484748,6.0,7.0,0.0,27.758457,0.0,0.0,0.0,92.2189,-8.0,5.0,1.0,4.761991,100.0,1.0
75.0,82.96153,16.05327,59.106297,13.0,0.0,0.0,100.0,-7.0,7.0,8.0,13.759048,0.0,54.555172,11.886828,0.0,0.0,37.143246,-8.0,2.0,1.0,0.0,76.8848,1.0
56.708294,-8.073549,18.048258,32.137543,-9.0,1.0,1.0,77.8446,25.170898,6.0,3.9085534,3.981815,0.0,50.51449,0.0,0.0,0.0,82.029686,-8.0,1.0,1.0,0.0,58.0,1.0
37.500454,49.614788,2.0,28.118223,13.582621,4.037592,1.0,72.48367,26.08265,6.0,4.0,24.0,6.0,75.33624,-7.0,2.0,2.0,60.20574,69.731316,3.0,6.0,0.0,80.39289,1.0
65.27093,120.245735,27.698862,52.57279,9.979201,0.0,0.0,100.0,-7.0,7.0,8.0,8.826229,0.0,44.0,0.0,6.631634,6.1143312,83.45415,78.69122,4.0,1.0,3.0,67.0,1.0
54.731236,97.05823,4.0,49.1541,12.0,1.0,0.0,80.501915,11.258634,6.0,5.0,10.0,2.0,72.00023,0.0,4.0,3.6802695,60.053673,91.70802,4.0,4.0,1.0,100.0,1.0
-9.0,393.53836,50.559692,109.606,9.325677,0.0,0.0,67.10771,-7.0,-9.0,6.0,9.0,0.0,14.0,-7.0,2.0,1.0,92.44224,-8.0,11.0,1.0,9.455402,100.0,1.0
63.0,82.22778,1.0,-9.0,10.0,1.0,1.0,95.79977,29.26357,4.0,5.0,8.945583,6.0,26.0,0.0,2.0,2.0,46.925026,53.31017,4.0,2.0,0.0,72.71703,1.0
-9.0,119.79103,8.0,81.50777,20.0,3.0,0.0,34.67354,-7.0,-9.0,5.0,24.0,2.0,21.0,0.0,3.0,3.0,95.20802,-8.0,6.0,2.0,3.8263843,83.0,1.0
36.602814,336.86176,4.0,63.0,17.0,7.3232365,5.6538386,67.32644,10.113431,0.0,2.0,25.713648,5.0,39.0,0.0,3.0,2.0,53.516087,51.381588,5.0,5.0,0.0,83.16247,1.0
70.0,162.61137,12.0,48.36091,-9.0,0.0,0.0,100.0,-7.0,7.0,8.0,4.2687283,0.0,68.69217,0.0,1.1438816,1.0,-8.32672,-8.0,0.0,-8.0,0.0,50.0,1.0
-9.0,140.15656,-9.0,56.943783,13.413658,6.3382406,1.3041435,12.203998,7.6861687,4.0,2.0,22.0,6.0,22.0,0.0,4.0,4.0849423,11.0,-8.0,4.0,1.0,0.0,42.6466,1.0
66.0,68.80199,1.0,30.079927,27.289356,1.0,0.0,92.88342,22.300133,5.0,3.9334898,34.0,10.708657,24.194893,0.0,3.3332222,3.3549638,70.35653,66.7196,5.0,4.1421547,1.0,75.0,1.0
69.270134,118.2098,5.0,57.789494,32.68173,0.0,0.0,94.10697,39.80842,6.0,4.0,32.0,2.0,59.9073,0.0,11.682121,9.097482,28.0,63.356316,7.518584,5.0,1.0,85.15051,1.0
54.81232,126.629875,7.0,46.52925,35.81831,0.0,0.0,92.0,11.615388,4.0,5.0,35.0,2.0,49.687977,0.0,2.0,2.0,44.64114,77.8475,11.0,5.0,2.0,85.69157,1.0
56.457073,96.43091,23.879879,57.689594,8.600319,3.5167243,2.5848494,-9.0,1.5316737,0.3016993,2.0,12.0,0.0,25.0,0.0,0.0,0.0,0.0,-8.0,1.0,-8.678207,0.0,29.971788,1.0
-9.0,232.4342,26.361752,84.0,14.0,1.0,0.0,58.28683,1.6551147,4.0,3.0,17.0,0.0,28.0,0.0,3.0,2.0,102.71143,46.562614,5.0,2.0,5.5615826,85.65394,1.0
19.860403,93.73835,7.0,-9.0,-9.0,0.0,0.0,100.0,-7.0,7.0,8.0,4.1415896,1.0,47.0,1.0,0.0,0.0,94.23087,-8.0,1.0,1.0,0.0,75.0,1.0
62.93801,139.0265,5.0,29.73453,30.0,0.0,0.0,95.0,46.57996,6.0,6.0,39.747173,10.874033,14.0,12.472199,0.0,0.0,23.590828,37.77977,7.0,5.0,1.0,50.0,1.0
59.567757,147.54053,9.0,70.0,17.0,0.0,0.0,96.0,1.3510888,6.0,6.0,9.9437895,2.0,16.0,0.0,1.0,1.0,31.338434,-8.0,4.0,2.0,1.8411617,44.850315,1.0
57.36774,53.01706,3.0,-9.0,22.0,2.7294192,2.0,86.433685,3.2243178,-6.1451435,4.5453944,26.0,9.610285,41.60826,0.0,1.0,1.0,44.41097,63.235588,4.0,18.123556,0.0,100.0,1.0
-9.0,-9.0,3.0,-9.0,13.129087,2.0,0.0,92.0,3.4137347,1.1913942,6.0,15.0,4.0,74.21316,-7.0,1.0,1.0,68.62206,73.03355,3.0,5.3271956,0.0,88.0,1.0
66.0,113.37958,2.0,41.884373,25.0,4.01766,3.7691164,90.98053,65.30357,6.0,2.0,32.0,9.181687,42.0,0.0,2.0,2.0,49.11108,64.89463,10.3501835,3.0,1.2135552,100.0,1.0
66.0,9.031518,2.0,-9.0,-9.0,1.0,0.0,83.965836,74.59919,6.0,5.0,2.8253524,2.0,42.0,-7.0,1.7345034,2.0,93.53188,93.0,2.0,2.7328818,0.0,90.74465,1.0
50.285637,126.6487,27.965609,31.19571,5.367337,1.0,0.0,84.06943,2.8908198,4.0,6.0,3.1397164,0.0,65.76415,2.0,2.0,1.0,89.99726,-8.0,2.0,1.0,0.0,80.0,1.0
68.0,309.50143,7.0,58.459396,13.0,2.0,2.0,92.32075,36.4851,6.0,2.0,9.0,2.0,68.15007,0.0,2.0,1.0,38.57632,57.344963,2.0,2.0,0.0,75.0,1.0
79.0,177.03029,18.983955,59.587868,4.507396,0.0,0.0,100.0,-7.0,7.0,8.0,7.0,0.0,73.31784,0.0,2.0,2.0,0.0,-8.0,-9.0,-8.0,0.0,21.83126,1.0
66.0,19.872816,5.0,24.79982,17.0,0.0,0.0,100.0,-7.0,7.0,8.0,18.0,1.753446,47.79808,7.0,0.0,0.0,42.360657,69.07714,6.0,2.0,3.0,70.0,1.0
58.76332,-9.0,3.0,23.333311,26.0,0.0,0.0,100.0,-7.0,7.0,8.0,27.0,4.0,15.606115,-8.0,4.304079,4.0,84.95033,24.960617,17.352467,2.0,3.0493116,83.28832,1.0
66.0,141.31367,58.907963,66.21765,6.0,1.8613803,0.0,43.55511,36.231667,6.0,5.0,7.9682527,0.0,99.79998,0.0,1.0,1.0,6.886044,-8.0,1.0,2.0,-8.0,90.843376,1.0
59.345047,-8.995296,12.0,-9.0,15.0,0.0,0.0,89.0,9.658646,6.0,5.306716,15.0,1.0,21.0,-1.4457984,3.0,3.0,46.382492,-8.0,8.0,1.0,2.0,80.4601,1.0
57.699993,-9.0,-9.0,29.774368,14.797458,0.0,0.0,100.0,-7.0,7.0,8.0,15.750409,8.253648,-9.0,0.0,4.3247395,4.0,0.0,-8.0,6.0,-8.0,1.0,34.591347,1.0
57.43378,329.30145,10.0,94.0,21.18803,2.0,0.0,77.65132,6.0,5.0,3.0,28.0,2.0,68.02278,18.126902,0.0,0.0,75.919174,75.03919,3.0,16.9957,1.0,90.94359,1.0
56.529144,115.20975,17.580713,49.84673,14.0,1.0,1.0,76.14871,11.048542,6.0,5.3462596,14.0,0.0,42.0,0.0,2.0,2.0,74.22079,58.16719,6.0,3.0,0.0,96.53699,1.0
57.99883,138.59332,6.0,48.18511,16.0,4.493023,2.0,67.28096,57.578606,6.0,5.0,22.0,3.0,99.89555,-8.0,0.0,0.0,52.064953,57.972416,2.0,14.080924,0.0,100.0,1.0
0.518729,123.622925,4.2691045,16.24276,3.8003337,1.0,0.0,58.31297,10.034687,6.0,5.0,5.342306,3.0,14.0,0.0,0.0,0.0,59.813786,-8.0,2.0,-9.0,0.0,50.0,1.0
-9.0,180.61372,35.4134,83.0,6.0,3.0,2.0,55.484474,2.0,4.0,3.0,7.0,0.0,99.992676,-7.0,1.0,1.0,19.623688,26.46333,1.0,2.0,0.0,100.0,1.0
-9.0,141.6318,22.692234,22.340584,7.0,4.119842,3.3409052,64.1108,3.0,2.8540747,4.0,9.0,0.0,97.426056,-7.0,0.0,0.0,53.21599,82.0,1.0,2.0,-8.0,100.0,1.0
75.0,254.58388,67.86682,100.0,14.0,2.0,0.0,73.412964,8.394223,6.0,3.1022456,15.0,0.0,53.998367,-8.0,1.0,0.0,27.271992,-8.0,3.0,2.0,0.0,70.0,1.0
58.24576,144.00804,2.0,54.469536,37.36211,1.0,1.0,100.0,-7.0,7.0,8.0,54.123543,6.970685,41.0,0.0,4.0,4.0,34.715263,94.4796,7.0,4.0,1.0,75.0,1.0
60.66184,-9.0,1.0,-9.0,12.0,0.0,0.0,100.0,-7.0,7.0,8.0,13.0,6.0,21.0,0.0,1.0,1.0,65.57094,82.50603,2.0,4.0,1.0,73.0,1.0
58.145107,141.51237,15.0,33.980408,14.0,0.0,0.0,87.40488,38.20714,6.0,6.0,15.0,1.0,34.78358,0.0,2.0,2.0,111.18434,-8.0,7.0,3.0,2.0,100.0,1.0
63.0,147.65245,2.0,57.731655,7.1315365,3.4094043,0.0,69.799385,46.3506,6.0,2.0,9.0,2.0,28.0,0.0,3.0,3.0,57.773045,-8.0,3.0,2.0,1.5385795,83.0,1.0
78.59751,122.35741,4.0,19.654932,5.3051004,0.0,0.0,100.0,-7.0,7.0,8.0,8.026891,2.0,44.565277,-8.0,0.0,0.0,0.0,50.709297,1.0,1.0,0.0,44.0,1.0
73.0,163.8898,20.062042,55.72627,6.0,0.0,0.0,100.0,-7.0,7.0,8.0,6.171664,0.0,67.696655,0.0,0.0,0.0,0.0,-8.0,1.0,1.0,-9.0,82.56676,1.0
63.0,152.62398,4.0,71.0,7.0287294,0.0,0.0,70.12339,28.477432,6.0,6.0,8.0,1.0,48.0558,0.0,2.0,2.0,94.132706,-8.0,3.0,1.0,0.0,100.0,1.0
58.57238,135.08904,5.0,-9.0,8.689779,0.0,0.0,100.0,-7.0,7.0,8.0,8.094841,4.0,99.99718,0.0,2.0,2.0,0.0,80.0,-9.0,6.0,-9.0,85.87869,1.0
65.0,147.74327,10.0,42.68795,18.0,2.0,0.5586765,90.304146,21.375017,6.0,3.5134554,19.0,1.0,22.0,2.0,2.0,2.0,26.266603,91.0,4.0,2.0,0.0,50.0,1.0
68.0,-9.0,1.0,16.730347,17.0,1.0,0.0,94.0,47.615295,6.0,5.0,18.55743,10.372678,31.0,3.0,2.0,2.0,20.483076,66.35247,3.0,2.0,0.0,52.790466,1.0
63.74009,123.86177,8.0,40.442833,4.617187,0.0,0.0,100.0,-7.0,7.0,8.0,2.6442814,1.1193867,68.17374,0.0,0.0,0.0,60.97996,58.185688,2.0,1.0,2.0,100.0,1.0
60.844227,138.47733,2.0,36.025368,6.860788,0.0,0.0,100.0,-7.0,7.0,8.0,7.104269,4.0,3.660873,0.0,0.0,0.0,84.66383,-8.0,7.0,1.0,5.7892213,100.0,1.0
66.0,255.37648,4.0,58.258366,33.0,1.0,0.0,83.9695,20.0656,4.0,5.0,38.762775,4.0,25.649343,0.0,3.0,2.0,22.930008,81.0137,9.483877,4.0,1.0,75.0,1.0
-9.0,-9.0,-9.0,-9.0,-9.0,-9.0,-9.0,-9.0,-9.0,-9.0,-9.0,-9.0,-9.0,-9.0,-9.0,-9.0,-9.0,-9.0,-9.0,-9.0,-9.0,-9.0,-9.0,1.0
55.316483,122.4549,3.0,-9.0,-9.0,0.0,0.0,100.0,-7.0,7.0,8.0,5.2414994,3.0,17.458092,0.0,2.0,2.0,102.9555,-8.0,3.0,-8.0,2.0,86.0,1.0
56.78793,73.51723,7.0,49.175674,20.389822,0.0,0.0,93.0,18.979088,6.0,6.0,22.909044,4.0,38.58544,1.0,3.0,2.0,56.04973,65.70208,7.0,3.0,3.0,71.0,1.0
59.643623,95.28288,3.0,32.55302,13.0,4.2553105,0.0,76.77694,34.09717,6.0,5.0,17.0,3.0,56.407112,-7.0,0.0,0.0,28.0,84.02861,2.0,2.0,0.0,62.81234,1.0
64.91881,43.67547,2.0,-9.0,10.0,0.0,0.0,100.0,-7.0,7.0,8.0,10.0,4.0,43.467022,-7.4095564,2.0,3.0,73.69961,89.256454,3.0,3.0,3.0,73.0,1.0
65.0,51.366177,2.0,-9.0,6.445569,0.0,0.0,100.0,-7.0,7.0,8.0,9.319478,2.0,-9.0,-7.0,1.0,1.0,59.95855,-8.0,7.0,1.0,1.0,100.0,1.0
62.37168,129.08784,4.0,41.66062,15.0,2.0,2.0,100.0,-7.0,7.0,8.0,13.0,6.0,17.325771,0.0,4.6890907,5.0,32.037247,77.84139,3.0,2.0,0.0,47.486084,1.0
56.545765,143.55527,3.0,45.66296,33.068916,4.753313,3.618569,82.11912,3.0,4.0,3.0,33.21824,3.0,16.0,0.0,16.435184,16.820007,20.210968,59.669487,4.0,4.0,2.0,45.46829,1.0
68.0,207.06049,7.0,63.0,7.0,2.5155385,1.0,67.663994,25.09096,6.0,2.0,11.0,1.0,73.82428,0.0,1.0,0.0,0.0,67.98341,0.0,2.0,-9.0,55.4331,1.0
64.169426,87.118904,4.0,-8.437571,23.09874,2.0,2.0,90.425285,38.77936,6.0,2.0,23.03536,3.6145756,16.0,0.0,0.0,0.0,66.31468,71.71551,9.0,3.0,2.0,78.0,1.0
-9.0,87.32353,3.0,46.248974,13.891352,1.0,0.0,68.06721,23.175623,6.0,4.0,15.0,3.0,43.473938,0.0,2.0,2.0,90.51737,79.51888,10.510878,4.0,6.1489787,100.0,1.0
62.0,69.79158,2.0,-9.0,29.0,0.0,0.0,100.0,-7.0,7.0,8.0,35.995747,5.0,0.0,0.0,1.0,2.0,59.433994,-8.0,11.1959915,1.0,2.0,75.0,1.0
64.80925,70.86538,-1.684367,17.942543,34.093445,0.0,0.0,100.0,-7.0,7.0,8.0,40.004677,8.230596,42.138805,2.0,0.0,0.0,57.747616,94.35606,4.0,14.133872,2.0,67.0,1.0
65.0,154.38768,9.0,65.24737,39.39617,0.0,0.0,95.0,6.281572,0.0,5.4736013,50.44495,1.0,54.212055,0.0,3.0,3.0,75.78813,73.85161,6.0,3.0,1.0,80.0,1.0
65.0,125.5567,9.780792,54.436302,4.227723,0.0,0.0,78.97472,11.087198,4.0,6.0,3.979874,1.0,86.948135,0.0,1.0,1.0,-5.5075517,96.01212,0.0,2.0,0.0,87.216644,1.0
65.0,225.66829,7.0,81.65146,-9.0,1.0,1.0,70.43058,18.034836,6.0,2.0,3.985389,1.0,63.14329,0.0,0.0,0.0,2.0,-8.0,0.4082336,2.0,-9.0,86.24831,1.0
62.0,105.49565,4.0,-9.0,14.0,0.0,0.0,100.0,-7.0,7.0,8.0,15.0,5.0,19.0,4.115982,0.0,0.0,67.16434,71.0,4.0,2.0,2.0,65.69566,1.0
57.289814,167.12668,9.0,58.0,7.9275656,5.3400483,3.4009845,59.325916,36.500587,6.0,3.0,7.7334695,2.0,99.997055,0.0,0.0,0.0,0.0,70.68507,1.0,3.0,0.0,100.0,1.0
62.0,181.75496,-8.63793,45.93208,30.0,2.0,1.1206788,90.0,21.877018,4.0,5.0,35.140396,9.315976,49.39062,0.0,4.0,3.0,57.40756,91.0,4.0,6.283351,0.0,85.1005,1.0
-9.0,125.90025,5.0,54.006367,26.0,7.7073383,3.981704,74.77728,12.204684,5.45209,3.4902437,35.366688,2.4294806,34.545273,0.0,5.0,5.0,65.943245,62.538044,11.273211,3.0,3.0,92.183334,1.0
78.485214,94.916046,7.0,7.9326024,14.0,0.0,0.0,100.0,-7.0,7.0,8.0,9.477324,2.0,13.344639,2.0,1.5879526,1.0,0.0,114.513885,5.0,1.0,0.0,57.0,1.0
63.505352,-8.0,2.0,17.395374,27.968206,0.0,0.0,100.0,-7.0,7.0,8.0,26.0,6.0,22.0,0.0,1.0,1.0,52.93493,54.756393,3.0,2.0,1.0,48.324844,1.0
-9.0,137.12993,7.7487297,46.840485,11.88258,1.776532,0.0,83.6917,7.0648117,4.0,4.0,13.0,3.0,50.0,0.0,16.954025,17.51752,118.688995,75.90442,4.0,4.0,4.8807273,88.03072,1.0
-9.0,98.56273,2.0,-9.0,6.097423,0.0,0.0,100.0,-7.0,7.0,8.0,8.0,10.742414,24.0,0.0,1.0,1.0,119.196014,79.26948,5.0,2.0,2.0,86.87778,1.0
61.484924,121.62561,29.319206,103.13803,7.0,3.0,2.0,68.709755,13.911663,4.0,2.0,13.0,0.0,61.30747,1.0,0.0,0.0,116.13861,-8.0,2.0,-8.0,0.0,88.303505,1.0
64.81734,145.98106,28.161657,83.0,6.5737443,1.0,0.0,74.393486,24.577328,6.0,5.0,3.2220283,0.0,62.39724,0.0,2.0,1.901137,0.0,-8.0,1.0,1.0,0.0,60.0,1.0
58.522522,169.64432,1.5692223,46.54265,7.8437996,1.0,0.0,78.175896,9.101601,4.0,4.0,9.795623,2.0,37.63074,0.0,2.0,2.0,63.450546,86.899414,3.0,2.0,1.0,67.0,1.0
62.65094,56.878452,2.0,-9.0,-9.0,0.0,0.0,100.0,-7.0,7.0,8.0,4.2083817,5.0,52.586426,0.0,3.0,3.0,37.90398,72.95,2.0,1.0,0.0,72.20253,1.0
-5.6060305,242.96072,4.0,81.0,6.4910154,0.0,0.0,78.06459,27.075531,6.0,6.0,8.0,3.0,0.0,0.0,1.0,1.0,62.316963,-8.0,5.0,1.0,5.6625123,89.84008,1.0
58.11271,157.92436,4.0,79.0,12.0,0.0,0.0,68.33548,13.309929,6.0,6.0,12.0,1.0,40.0,0.0,2.0,2.0,89.60668,93.0,5.0,5.0,3.4249377,100.0,1.0
68.0,151.49255,14.629829,46.736042,12.0,6.3275895,0.0,76.40065,6.1340127,4.0,2.0,14.0,0.0,64.10042,0.0,4.0,3.7725801,25.584433,82.0,2.0,4.9530272,0.0,100.0,1.0
-9.0,-8.0,1.5868803,-9.0,14.818866,0.0,0.0,100.0,-7.0,7.0,8.0,15.0,8.689686,13.0,0.0,6.3262496,6.632944,63.2616,82.0,6.091266,4.0,2.0,67.0,1.0
-9.0,134.57495,16.802809,48.42319,-9.0,0.0,0.0,61.0961,6.6108675,1.1569568,6.0,7.0,1.0,94.8283,0.0,1.0,1.0,118.01595,80.0,0.3411051,2.0,-9.0,100.0,1.0
65.0,-8.0,3.0,-9.0,18.0,0.0,0.0,100.0,-7.0,7.0,8.0,22.0,9.198961,43.51339,0.0,2.0,2.0,42.703537,48.535088,4.0,3.0,0.0,70.72561,1.0
61.271282,192.2573,15.0,86.0,13.0,1.0,0.0,76.22498,5.1693573,6.0,5.0,11.0,0.0,50.0,12.0,0.0,0.0,82.435234,36.414818,1.0,3.0,1.0,65.644554,1.0
62.89607,189.36186,2.4136076,107.40294,10.0,2.4372509,0.0,76.89658,21.579803,6.0,5.0,16.0,2.0,59.949074,-7.0,0.0,0.0,75.56198,51.964092,2.0,4.0,0.0,83.0,1.0
-9.0,65.94525,6.0,-9.0,7.761561,0.0,0.0,100.0,-7.0,7.0,8.0,4.925309,2.0,99.99719,-7.0,1.0,0.0,-6.778463,98.95119,-9.0,2.0,-9.0,80.0,1.0
-9.0,0.049214553,7.035002,-9.0,8.086868,0.0,0.0,100.0,-7.0,7.0,8.0,8.305271,3.0,56.344173,0.0,2.0,2.0,99.340675,93.0,3.0,2.0,2.429978,78.0,1.0
66.6595,177.13637,12.0,61.0,6.492259,0.0,0.0,100.0,-7.0,7.0,8.0,3.690675,0.0,63.964085,-7.0,2.0,1.2916708,116.57964,-8.0,3.0,1.0,1.0,100.0,1.0
-9.0,130.69376,14.55915,45.639755,9.151715,6.643765,2.174285,47.58579,46.41828,6.0,2.0,14.0,1.0,99.99881,0.0,2.0,1.0,12.94134,85.809265,1.0,3.0,-9.0,88.42403,1.0
55.932823,75.34273,4.0,56.55228,28.0,1.0,0.0,82.910194,2.2401068,4.0,5.0,42.351738,3.0,17.3222,1.0,3.7543468,3.0,43.712795,55.76867,8.0,2.0,3.0,61.27557,1.0
71.0,-9.0,11.275767,-9.0,-9.0,0.0,0.0,100.0,-7.0,7.0,8.0,4.8904786,0.0,99.98255,0.0,0.0,0.0,0.0,75.27005,0.0,3.0,0.0,88.0,1.0
-9.0,159.06891,2.0,-9.0,15.0,0.0,0.0,100.0,-7.0,7.0,8.0,17.0,3.0,29.0,0.0,5.0,5.7572927,90.9102,91.0,5.0,3.0,1.0,75.0,1.0
68.27791,199.2794,27.628698,86.985855,37.28841,10.4423895,1.0,71.992966,15.000771,4.0,-9.0,47.153454,0.0,74.592415,0.0,16.697113,15.719142,68.26333,-8.0,1.7006724,5.0,0.0,97.17657,1.0
63.0,197.80685,13.484622,108.384605,25.0,2.0,1.0,88.23948,7.764059,-9.0,6.0,26.0,0.0,56.67004,12.0,0.0,0.0,68.65632,44.573696,3.0,3.0,2.0,88.0,1.0
62.54374,156.75453,9.783545,49.958694,8.0,1.0,0.0,78.51237,24.736525,6.0,4.0,9.0,1.0,21.0,4.0,0.0,0.0,78.73515,-8.0,2.0,1.0,0.0,100.0,1.0
64.0,168.0016,15.0,65.01093,10.0,1.0,1.0,87.552574,37.12108,6.0,6.0,9.0,0.0,77.5968,0.0,3.0,2.0,92.24563,-8.0,2.0,2.0,1.0,100.0,1.0
75.0,137.49704,11.0,67.0,15.0,0.0,0.0,100.0,-7.0,7.0,8.0,8.0,1.0,53.882465,8.786551,0.0,0.0,36.56108,-8.0,3.0,1.0,0.0,69.09741,1.0
-9.0,233.21559,33.43439,99.83011,12.282538,1.0,0.0,55.247643,1.9928532,3.0,5.0,19.0,0.0,37.0,0.0,3.2636797,3.0,111.49356,-8.0,3.0,2.0,2.0,100.0,1.0
-9.0,93.96027,9.225668,46.072407,18.0,0.0,0.0,80.17776,-7.0,0.7128691,6.0,18.0,1.0,23.0,1.0,2.0,2.0,59.276726,88.0,4.0,3.0,3.0,54.261288,1.0
65.0,165.45467,4.43942,74.1609,3.25793,1.2276329,1.0266366,78.2037,47.120686,6.0,3.0,3.9055648,1.0,45.96877,0.0,4.0,4.0,0.63979846,-8.0,1.0,-8.0,0.0,25.0,1.0
69.0,-7.903463,11.971744,-9.0,9.0,0.0,0.0,100.0,-7.0,7.0,8.0,12.612448,0.0,97.10658,-8.0,0.0,0.0,76.134575,59.696377,1.1897799,2.0,0.0,100.0,1.0
56.843338,75.47565,11.850876,58.0,14.0,0.0,0.0,77.8388,8.167187,5.0,5.0,15.0,1.0,33.5793,0.0,1.0,1.0,85.558754,139.01633,6.520419,2.0,3.0,100.0,1.0
-9.0,97.78827,15.207129,55.143223,9.0,0.0,0.0,79.84963,-7.0,-9.0,6.0,7.9386077,0.0,60.26028,-7.0,2.0,2.0,82.32915,40.970654,4.0,2.0,3.0,100.0,1.0
60.00489,86.847664,0.83754176,41.768127,16.99507,2.0,2.0,100.0,-7.0,7.0,8.0,18.0,7.6817183,54.33519,0.0,1.0,1.0,1.0,95.23028,2.0,2.0,0.0,33.0,1.0
70.55534,165.82161,33.677273,67.0,9.446047,0.0,0.0,84.05472,7.590842,4.0,6.0,10.0,0.0,47.718147,-8.0,3.7712681,3.0120583,0.20121203,48.912914,0.0,2.0,0.0,23.775112,1.0
68.39022,135.52666,11.0,69.08148,6.630363,1.0,0.0,68.01541,41.08274,6.0,5.0,7.5329576,1.0,98.407265,0.0,2.0,1.0846639,15.0,60.03782,1.0,3.0,0.0,91.56882,1.0
66.0,147.76636,4.0,40.08982,25.0,1.0,1.0,100.0,-7.0,6.0,8.0,26.0,3.0,66.50475,0.0,2.0,2.0,6.0,24.913294,2.0,1.047214,0.0,50.0,1.0
70.0,37.994328,-9.0,-5.5419087,10.0,0.0,0.0,100.0,-7.0,7.0,8.0,7.0,3.0,13.166646,5.0,1.0,1.0,1.4731201,98.700424,2.0,2.0,1.0,39.89727,1.0
59.4295,254.60059,5.0,66.757744,9.0,3.0,1.0,80.531296,23.26588,3.0,2.0,12.0,1.0,71.28479,0.0,5.3738217,5.3162785,116.450676,43.925983,1.0,2.0,0.0,100.0,1.0
65.0,70.298485,7.0,-9.0,7.0,0.0,0.0,100.0,-7.0,7.0,8.0,7.011272,3.0,79.098076,0.0,0.0,0.0,73.735756,84.00249,2.0,3.0,0.0,83.451805,1.0
70.0,131.82031,13.207766,36.76579,7.377492,1.0,1.0,66.654,35.895,7.0,5.0,11.0,0.0,99.944496,0.0,2.0,1.0,-9.0,-8.0,-9.0,1.0,-9.0,50.0,1.0
59.87283,159.87962,18.530201,53.838356,8.515983,0.0,0.0,68.261215,1.0,4.0,6.0,11.0,0.0,25.0,0.0,1.0,1.0,92.405396,-8.0,3.0,1.0,1.0,77.968,1.0
58.304096,109.06961,6.0,52.75779,10.254367,1.0,0.0,86.23623,2.4729705,0.26082593,5.0,12.0,5.848713,24.0,0.0,0.0,0.0,55.221214,74.85439,4.0,2.0,1.0,75.0,1.0
59.76005,-9.0,1.0,-9.0,-8.158216,0.0,0.0,88.0,47.665363,6.0,6.0,7.0171785,9.555389,39.320408,-7.0,0.0,0.0,31.180376,53.563564,5.0,2.0,0.0,83.0,1.0
60.332214,109.49854,52.87653,51.914745,-9.0,1.0,0.0,75.43408,8.712179,6.0,3.0,-9.0,0.0,41.56195,0.0,0.0,0.0,94.74832,-8.0,1.0,1.0,-9.0,100.0,1.0
55.134464,-8.648049,4.0,34.770985,18.0,1.0,1.0,100.0,-7.0,7.0,8.0,19.0,2.0,33.0,0.0,3.0,3.0,68.46709,56.06926,9.467139,3.0,3.0,85.3005,1.0
64.11892,86.621544,1.0,-9.0,17.0,0.0,0.0,100.0,-7.0,7.0,8.0,18.0,10.994534,20.0,-7.0,8.83465,6.542054,17.269564,-8.0,3.0,3.0,2.0,44.0,1.0
61.170593,167.1687,4.0,63.56899,16.0,0.0,0.0,100.0,-7.0,7.0,8.0,19.0,1.0,91.19398,-7.0,4.0,4.0,94.85129,98.05615,2.0,5.0,2.0,100.0,1.0
68.03833,385.2809,67.99462,123.71477,5.1591825,2.0,0.0,-9.0,16.812908,4.0,4.0,7.0,0.0,68.523895,0.0,0.0,0.0,1.0,62.07143,1.0,2.0,0.0,88.0,1.0
-9.0,73.20419,2.0,-9.0,24.289238,1.0,0.0,90.91052,25.412247,6.0,5.0,28.0,8.550327,51.967476,1.0,3.0,3.0,76.03965,80.16402,5.0,10.07609,2.7139754,99.57865,1.0
65.0,114.1273,16.715195,43.156616,-9.0,2.0,1.0,24.016655,48.718193,6.0,2.774405,3.815952,1.0,99.996284,-8.0,0.0,0.0,1.0,25.708145,0.0,1.0,0.0,100.0,1.0
70.0,38.71325,4.0,-2.0035226,13.95408,0.0,0.0,96.0,40.894176,6.0,6.0,14.680773,7.1520143,33.0,-7.0,3.0,3.2529309,2.0,69.65831,2.0,2.0,0.0,43.935154,1.0
63.0,158.4731,4.0,42.264572,26.258848,1.0,1.0,90.87144,-7.0,-9.0,5.0,29.737196,6.980329,54.933228,-7.0,2.0,1.0,56.519222,18.309376,4.0,6.4816866,1.0,87.544136,1.0
58.27317,164.34868,17.0,71.0,11.0,0.0,0.0,74.64392,4.0,6.0,6.0,17.0,0.0,18.0,1.0,1.0,1.0,32.0,-8.0,2.0,1.0,1.0,41.786957,1.0
87.0,99.85098,32.412777,54.364296,-9.0,0.0,0.0,100.0,-7.0,7.0,8.0,4.186732,0.0,50.0,0.0,1.0,1.0,0.0,-8.0,-9.0,-8.0,0.0,-9.0,1.0
69.3976,134.38167,5.220319,18.311058,3.3527334,0.0,0.0,100.0,-7.0,7.0,8.0,5.3591843,1.0,14.0,0.0,1.0,1.0,70.95263,-8.0,3.0,1.0,1.0,100.0,1.0
62.0,141.8221,3.0,48.371918,25.0,4.572802,2.9792674,68.902405,16.799414,4.0,2.0,29.0,5.0,52.14267,1.0,2.0,1.0,70.49465,62.42918,6.0,6.0,2.0,86.99696,1.0
66.0,107.91238,11.0,-9.0,5.5409164,0.0,0.0,100.0,-7.0,7.0,8.0,10.019933,0.0,49.655956,0.0,0.0,0.0,117.11989,77.43798,2.0,1.0,0.0,91.85272,1.0
63.0,96.09987,1.0,-9.0,-9.0,0.0,0.0,100.0,-7.0,7.0,8.0,1.5818115,4.0,57.574017,0.0,1.0,1.0,67.69061,-8.0,2.068089,1.0,1.0,100.0,1.0
-9.0,171.72969,-9.0,65.0,4.0035887,2.0,0.0,86.05148,13.644721,0.9490055,3.0,7.0,2.0,38.595352,0.0,4.0,3.387964,103.8063,-8.0,3.0,2.0,2.0,100.0,1.0
70.32669,98.142784,4.0,40.549244,10.0,0.0,0.0,83.399475,45.541218,6.0,6.0,9.0,4.0,62.837776,1.0,5.0,4.8072453,16.703434,88.05735,2.0,4.0,0.0,67.0,1.0
-9.0,28.210205,1.0,-9.0,8.0,0.0,0.0,100.0,-7.0,7.0,8.0,8.0,3.0,13.281796,0.0,3.0,2.6086662,112.121506,80.0,6.0,2.0,3.0,84.52273,1.0
65.0,88.347984,3.0,25.14468,28.0,0.0,0.0,100.0,-7.0,7.0,8.0,31.301105,10.549724,88.72788,-7.0,2.0,2.0,66.83503,95.17385,4.0,19.105263,2.3296304,100.0,1.0
71.0,48.279568,5.0,19.740873,9.83678,0.0,0.0,100.0,-7.0,7.0,8.0,9.0,3.0,68.811424,0.0,0.0,0.0,87.35518,31.43838,2.0,5.0,1.0,100.0,1.0
-9.0,143.47775,18.784603,72.0,8.0,0.0,0.0,78.29662,6.0,6.0,6.0,8.0,0.0,35.0,0.0,4.0,3.6056247,113.99872,-8.0,5.0,1.0,7.405509,100.0,1.0
-9.0,90.99129,6.523821,58.100056,20.0,0.0,0.0,90.20299,32.719505,6.0,6.0,18.0,2.0,37.878834,0.0,2.3845856,3.0,112.188225,-8.0,9.0,1.0,2.0,100.0,1.0
75.0,139.29439,27.701447,41.162235,-9.0,0.0,0.0,100.0,-7.0,7.0,8.0,3.530422,0.0,82.14773,0.0,1.0,1.0,0.0,-8.0,1.0,1.0,-8.0,85.49126,1.0
71.0,212.62566,6.0,61.0,16.0,0.0,0.0,100.0,-7.0,7.0,8.0,15.0,2.0,17.0,0.0,0.0,0.0,41.700237,-8.0,4.0,1.0,1.0,50.0,1.0
-1.3408098,170.04402,27.276379,63.01224,7.0,0.0,0.0,62.923183,2.0,3.0,6.0,13.0,0.0,62.125996,0.0,1.0,1.1522814,34.799976,79.12675,3.0,4.9070463,1.0,100.0,1.0
62.0,214.56046,32.76924,73.55588,4.9046173,0.0,0.0,88.0,8.529392,6.0,6.0,5.257732,0.0,10.903235,6.0,0.0,0.0,113.725624,-8.0,3.0,-8.0,2.0,91.65508,1.0
55.126,76.954704,3.0,37.01306,-9.0,3.7224796,3.2535832,100.0,-7.0,6.0,8.0,0.61551625,2.0,76.1342,0.0,2.0,2.0,30.153898,-8.0,2.0,1.0,0.0,100.0,1.0
64.57862,213.09032,2.0177293,88.29007,13.0,0.0,0.0,100.0,-7.0,7.0,8.0,13.0,1.0,45.427464,0.0,0.0,0.0,65.87363,80.04611,4.0,2.0,1.0,73.0,1.0
64.909485,69.81847,8.0,49.011703,8.0,0.0,0.0,100.0,-7.0,7.0,8.0,4.668979,1.0,47.90444,0.0,0.0,0.0,115.0623,74.916374,3.0,2.0,2.0,100.0,1.0
73.0,139.4418,14.806676,60.52195,12.685128,0.0,0.0,100.0,-7.0,7.0,8.0,15.0,0.0,55.2692,-7.0,0.0,0.0,59.583485,57.743515,1.0,3.0,0.0,80.0,1.0
61.681465,38.827465,53.064117,38.370655,3.0123403,0.0,0.0,100.0,-7.0,7.0,8.0,5.814941,0.0,99.4727,0.0,3.0,2.0,9.051968,-8.0,1.0,-8.0,-9.0,67.0,1.0
72.50132,146.12518,2.0,18.666147,21.0,0.0,0.0,100.0,-7.0,7.0,8.0,20.0,6.0,19.0,0.0,2.0,2.0,13.475958,-8.0,4.0,1.0,0.0,53.394386,1.0
59.779785,153.50739,48.954147,-9.0,3.0077903,0.0,0.0,75.556175,28.758703,6.905394,6.0,8.273056,0.0,100.0,0.0,4.067462,4.0,0.0,-8.0,1.0,-8.0,-9.0,86.0,1.0
56.67333,63.97142,5.0,55.102165,8.0,1.0,1.0,78.09757,7.737955,6.0,5.0,11.0,2.0,50.0,2.0,0.0,0.0,90.8207,34.521904,2.0,2.0,0.0,88.0,1.0
64.0,144.08653,6.0,28.918144,12.0,1.0,0.0,94.0,14.98323,0.9218261,6.0,11.466368,3.0,82.323074,-7.0,2.0,2.0,49.18274,98.137665,2.0,2.0,0.0,80.0,1.0
-9.0,118.4532,4.0,-9.0,20.0,2.0,0.0,84.50137,31.774185,6.0,3.7523654,19.0,6.7805705,25.0,0.0,0.0,0.0,93.68168,73.61751,7.0,2.0,4.0,78.0,1.0
69.0,139.04182,23.983856,54.151024,7.0,0.0,0.0,100.0,-7.0,7.0,8.0,8.761178,0.0,57.35671,-7.0,0.0,0.0,31.11914,89.673546,2.0,1.0,1.0,63.0,1.0
6.129576,-9.0,5.0,-9.0,9.528757,4.676551,3.4632404,79.84273,6.0,4.0,2.0,14.0,3.0,24.0,0.0,1.0,1.0,61.573006,84.957245,5.0,2.0,0.0,81.39988,1.0
65.0,104.28708,9.0,45.130627,14.0,0.0,0.0,94.0,26.604235,6.0,6.0,11.573454,0.0,18.98051,-7.0,0.0,0.0,90.36878,32.790924,4.0,1.0,0.7401251,80.86556,1.0
-9.0,65.9764,1.0,16.464394,39.27904,2.0,2.0,92.0,17.350607,0.0,6.0,49.857494,10.8780985,62.33771,0.0,4.0,3.1127336,68.83499,81.426125,5.0,12.943769,0.0,60.0,1.0
66.0,106.278465,2.0,-9.0,3.2665834,0.0,0.0,100.0,-7.0,7.0,8.0,7.0,3.0,94.21215,-7.0,1.0,1.0,36.0,92.700615,1.0,3.0,0.0,100.0,1.0
71.0,58.055946,16.556267,57.904682,-9.0,0.67148983,1.0,100.0,-7.0,6.0,8.0,-4.1238317,0.0,42.0,0.0,2.0,2.0,35.900806,-8.0,1.0,1.0,0.0,80.0,1.0
29.051468,118.55601,28.423418,75.0,14.0,0.0,0.0,86.636955,-7.0,3.0,6.0,15.0,0.0,3.6847415,2.0,2.0,2.0,96.57262,-8.0,8.0,2.0,7.9056954,85.75979,1.0
61.48402,-8.858455,14.75005,-9.0,-9.0,0.0,0.0,100.0,-7.0,7.0,8.0,3.5056958,0.0,77.9461,-7.0,0.0,0.0,119.91344,-8.0,1.0,1.0,0.0,100.0,1.0
63.514297,-8.363575,2.0,-9.0,22.0,0.0,0.0,100.0,-7.0,7.0,8.0,27.0,5.0,18.0,6.0,0.0,0.0,59.33144,-8.0,6.0,3.0,2.0,100.0,1.0
66.0,190.15973,13.955831,40.096836,11.213127,0.0,0.0,88.63939,46.105904,6.0,6.0,11.0,0.0,37.968655,0.0,3.0,2.3565285,119.46167,54.94145,2.0,2.0,1.0,100.0,1.0
60.820156,254.02878,7.0,57.283405,14.0,0.0,0.0,86.84657,10.42132,6.0,6.0,18.450472,4.0,36.0,0.0,1.0,2.0,18.0,96.92503,3.0,2.0,0.0,80.0,1.0
-9.0,-8.0,5.0,-9.0,5.8084273,0.0,0.0,100.0,-7.0,7.0,8.0,4.836661,3.0,44.936092,0.0,4.0,4.0,61.99282,54.649338,5.0,2.0,0.0,100.0,1.0
62.0,171.31332,5.0,54.99134,34.86547,0.0,0.0,100.0,-7.0,7.0,8.0,45.88004,5.0,44.669067,-7.0,5.0,4.4349775,85.3733,97.02365,7.0719023,3.0,7.632457,75.0,1.0
65.11104,95.62596,3.0,39.8531,13.0,0.0,0.0,100.0,-7.0,7.0,8.0,15.0,2.0,45.16829,0.0,1.0,1.0,70.288895,-8.0,4.0,2.0,2.0,71.0,1.0
12.354077,117.63787,1.0,-9.0,17.466988,0.0,0.0,91.0,15.214216,6.0,6.0,20.0,10.832832,26.0,0.0,3.0,3.0,11.0,94.937454,5.0,5.0,1.0,50.0,1.0
70.0,102.37857,3.0,53.348793,21.0,0.0,0.0,100.0,-7.0,7.0,8.0,20.0,2.0,40.0,0.0,3.0,3.0,48.422928,94.00202,4.0,2.0,3.0,75.0,1.0
-9.0,118.23918,2.0,43.357876,25.0,1.0,0.0,77.66701,3.0,4.0,5.0,27.890293,2.0,17.851984,1.0,1.0,1.0,117.545784,-8.0,6.0,1.0,6.4455843,83.44579,1.0
57.39151,209.33517,216.50145,92.0,-9.0,0.0,0.0,61.032726,28.818129,6.0,6.0,5.728562,0.0,99.82242,0.0,6.165698,5.0,-9.0,-8.0,-9.0,-8.0,-9.0,75.0,1.0
-9.0,194.70566,9.0,51.659615,18.0,6.7113366,2.849933,68.19749,6.701478,4.0,-6.6301446,26.0,2.0,53.507614,0.0,4.0,3.8408763,93.214066,87.41322,4.0,5.436664,1.0,88.83973,1.0
72.0,149.03154,2.0,-9.0,21.0,0.0,0.0,100.0,-7.0,7.0,8.0,29.0,5.0,94.29283,0.0,2.0,2.0,3.8386955,99.378105,1.0,10.585314,-9.0,80.0,1.0
63.0,135.60678,9.0,54.030098,14.0,0.0,0.0,100.0,-7.0,7.0,8.0,11.0,0.0,32.0,9.0,2.0,1.0,109.06083,64.43436,3.0,2.2735739,1.0,100.0,1.0
2.498803,162.09879,-9.0,52.31903,34.0,4.6989813,0.0,85.99352,2.0,4.0,3.2186658,41.115078,10.543358,33.0,0.0,6.811397,6.913907,66.46564,95.88182,9.0,6.0,1.0,75.0,1.0
-9.0,219.2103,2.0,60.61274,29.0,0.0,0.0,80.64158,10.805257,5.829108,5.9722424,30.535208,5.0,35.0,0.0,0.0,0.0,73.21506,91.832214,9.381601,3.0,3.4287145,84.25497,1.0
-9.0,290.7148,14.0,106.63048,29.0,1.7167412,1.0,0.5771379,2.0,0.0,5.0,28.0,0.0,36.0,1.0,4.2938466,4.3344636,106.03527,78.08047,11.0,6.0,3.6967905,100.0,1.0
73.0,168.85417,3.0,58.0,21.425377,0.0,0.0,96.0,58.94635,6.0,6.0,24.0,3.0,41.0,0.0,2.0,1.0,54.911995,62.046303,3.0,4.0,1.0,61.900253,1.0
63.0,89.502266,31.093214,58.275417,4.8378763,0.0,0.0,100.0,-7.0,7.0,8.0,4.5469728,0.0,54.16508,0.0,4.92989,4.6336083,118.873726,49.02497,1.0,1.0,1.0,71.92775,1.0
59.957825,260.4895,2.0,63.884075,26.0,0.0,0.0,89.29308,-0.664326,0.2737721,6.0,31.0,4.0,45.408443,0.0,4.0,4.0,45.697403,71.20469,8.908449,4.0,3.663961,100.0,1.0
70.0,111.336975,17.0,28.275703,7.0,0.0,0.0,100.0,-7.0,7.0,8.0,6.1711545,0.0,36.40604,-7.0,0.0,0.0,67.002075,-8.0,2.0,1.0,1.0,70.49013,1.0
54.57107,-8.544305,6.0,-9.0,7.8292813,1.0,1.0,100.0,-7.0,-9.0,8.0,3.9967163,3.0,46.04334,0.0,1.0,2.0,55.599056,39.205563,3.0,2.0,0.0,85.97196,1.0
45.069897,150.0588,3.0,63.391773,-9.0,10.873089,9.97686,74.877914,80.2823,6.0,5.0,7.621828,2.0,57.03481,0.0,2.0,1.0,108.656944,85.09639,2.0,1.0,-9.0,99.3492,1.0
61.679058,76.97331,3.0,-9.0,7.6575108,0.0,0.0,100.0,-7.0,7.0,8.0,11.549465,10.095534,31.0,-8.0,3.0964942,3.0,49.521492,94.74506,2.0,2.0,0.0,80.0,1.0
68.0,165.82841,2.0,62.010468,29.0,0.0,0.0,100.0,-7.0,7.0,8.0,31.0,4.00012,37.0,0.0,2.0,2.0,39.38384,87.02265,9.0,3.0,2.0,85.73354,1.0
59.74343,273.65128,4.0,89.29941,23.546541,0.0,0.0,89.0,2.5548067,6.0,6.0,23.667145,2.0,16.0,8.0,1.0,1.0,33.136673,-8.0,13.422782,1.0,3.0,62.393063,1.0
-9.0,190.35123,9.0,90.76473,10.962472,0.0,0.0,100.0,-7.0,7.0,8.0,8.40224,1.0,33.0,0.0,2.0,2.0,119.8924,-8.0,7.9695506,-8.0,5.83006,100.0,1.0
68.0,207.90988,14.717236,71.0,9.0,0.0,0.0,100.0,-7.0,7.0,8.0,11.826508,0.0,42.0,18.658031,0.0,0.0,85.690704,77.20407,6.0,2.0,4.0,100.0,1.0
61.997627,145.26024,14.0,58.772858,7.0,3.7893207,1.0,66.17907,24.805094,6.0,-5.337778,9.0,1.0,41.776318,6.0,1.0,1.0,50.40369,-8.0,2.0,1.0,0.0,78.0,1.0
66.0,124.60696,2.0,25.989492,20.0,0.0,0.0,100.0,-7.0,7.0,8.0,26.0,6.0,50.399128,1.7599658,1.0,1.0,47.400852,88.73358,3.0,2.0,1.0,67.82133,1.0
65.0,167.34102,4.0,54.838963,9.0,3.013201,2.0,78.64206,66.352394,6.0,2.0,9.430348,2.0,73.80767,0.0,3.0,3.0,117.17797,-8.0,1.0,2.0,-8.801456,100.0,1.0
67.0,83.82767,2.359452,-9.0,36.634884,0.0,0.0,97.0,50.028103,6.0,6.0,31.0,10.949385,12.920848,0.0,0.0,0.0,9.0,92.15626,6.0,2.0,0.0,43.465275,1.0
71.0,174.54797,1.0,41.983105,18.0,0.0,0.0,100.0,-7.0,7.0,8.0,20.0,5.0,44.406635,5.0,0.0,0.0,40.93123,100.0,1.0,4.0,0.0,58.854607,1.0
73.0,117.96299,9.687381,29.816957,7.1536307,0.0,0.0,100.0,-7.0,7.0,8.0,9.0,1.0,56.00234,0.0,0.0,0.0,0.0,75.88346,1.0,2.0,0.0,50.0,1.0
56.119347,70.88518,4.0,2.3620281,20.0,2.5547607,0.0,88.0,17.260706,6.0,2.0,24.0,6.7138596,55.66972,0.0,2.2462876,2.0,34.51878,93.982635,6.0,3.0,2.0,74.06321,1.0
-9.0,-9.0,-9.0,-9.0,-9.0,-9.0,-9.0,-9.0,-9.0,-9.0,-9.0,-9.0,-9.0,-9.0,-9.0,-9.0,-9.0,-9.0,-9.0,-9.0,-9.0,-9.0,-9.0,1.0
71.0,274.57422,11.0,52.53285,3.2001204,0.0,0.0,100.0,-7.0,7.0,8.0,7.0,1.0,76.401215,0.0,0.0,0.0,84.216286,-8.0,1.0,1.0,0.0,67.0,1.0
65.0,106.608864,2.0,33.390553,27.0,1.0,0.0,92.0,33.252342,6.0,5.0,26.52066,6.0,18.902288,0.0,4.0,3.0078046,4.0,88.43262,5.0,2.0,1.0,40.09363,1.0
56.59645,142.9134,1.0,61.0,19.0,0.0,0.0,100.0,-7.0,7.0,8.0,22.0,3.0,31.797297,0.0,2.0,2.0,67.75925,63.174534,11.045925,2.0,5.3090825,90.25688,1.0
59.8221,58.88426,2.0,30.03634,28.0,0.0,0.0,100.0,-7.0,7.0,8.0,32.0,7.445061,45.60713,-7.0,2.0,2.0,77.38771,76.0,11.0,12.166941,3.650635,100.0,1.0
68.0,158.54253,6.0,63.750244,13.0,1.0,0.0,88.0,58.774975,6.0,5.0,10.356428,2.0,52.60683,1.9907132,1.0,1.0,82.59986,77.50769,2.0,3.0,0.0,80.0,1.0
-9.0,277.6141,4.0,84.181404,27.0,2.6588912,1.0,83.15652,18.444656,6.0,2.0,30.0,4.0,41.0,7.0,1.0154628,1.0,110.156456,-8.0,11.186441,1.0,4.0,89.17649,1.0
63.662067,176.04778,2.0,76.0,30.718405,2.0,2.0,92.0,26.693981,4.0,5.0,30.0,4.0,40.0,8.0,4.0,3.0217998,48.653316,25.42571,9.0,5.550221,5.6002245,82.27756,1.0
-9.0,183.68369,13.2438965,71.0,6.1522956,4.836425,3.515896,61.901054,4.0,4.0,4.0,8.0,0.0,50.0,-7.0,4.018309,4.0,14.0,76.00333,2.0,2.0,0.0,80.0,1.0
65.1987,137.63213,7.0,60.564594,14.0,0.0,0.0,82.042854,6.5005856,6.0,6.0,17.0,2.0,53.331722,0.0,6.4755,6.7716913,16.92986,-8.0,1.0,2.0,0.0,38.0,1.0
66.398834,120.81175,3.093026,31.34437,-9.0,0.0,0.0,79.505806,33.07756,6.0,6.0,7.0,3.0,42.0,0.0,2.0,2.0,9.82731,-8.0,2.0,1.0,0.0,64.95552,1.0
62.0,139.6344,7.0,68.0,6.0,0.0,0.0,87.35448,6.089497,6.0,6.0,4.1476355,0.0,45.0,0.0,4.799673,4.0,102.151855,-8.0,3.0,1.0,1.0,88.0,1.0
62.0,-9.0,4.0,-9.0,11.241238,0.0,0.0,100.0,-7.0,7.0,8.0,10.0,2.0,18.0,0.0,2.0,2.0,92.04039,-8.0,4.0,1.0,3.0,63.0,1.0
59.620716,175.18378,34.375423,77.04547,3.262579,5.6638513,3.8556073,65.8414,9.150718,6.0,5.8140726,7.0,0.0,96.26911,0.0,3.0,2.0,0.0,-8.0,1.0,1.0,-8.362444,83.0,1.0
63.0,138.45695,1.0,39.681057,39.546017,5.9186926,2.486778,96.0,12.641013,3.0,3.3922017,45.937813,10.602818,60.50329,0.0,3.0,3.0,30.651152,36.484035,5.0,7.4932404,2.0,67.0,1.0
66.4927,124.17311,6.0,44.93523,26.0,1.0,0.0,91.0,44.0556,6.0,3.0,40.34947,8.674996,27.0,-7.0,1.0,1.0,75.15349,25.167168,3.0,5.210299,3.0,64.0,1.0
56.99598,157.54733,4.0,54.629795,16.0,0.0,0.0,91.44559,49.8567,6.0,6.0,15.0,3.0,54.51032,16.0,0.0,0.0,114.71819,86.76264,7.573995,4.0,2.0,100.0,1.0
69.0,106.13975,13.050787,43.709095,8.0,0.0,0.0,100.0,-7.0,7.0,8.0,9.0,0.0,62.33899,1.0,0.0,0.0,45.607376,27.938225,1.0479281,2.0,-8.0,71.71679,1.0
63.0,95.779816,5.0,-9.0,7.2196426,0.0,0.0,100.0,-7.0,7.0,8.0,12.0,6.0,13.0,-7.0,0.0,0.0,33.32224,-8.0,5.0,1.0,0.0,80.0,1.0
67.0,154.30992,35.361618,32.42885,-9.0,1.0,0.0,64.173256,15.901647,4.0,2.0,0.37130022,0.0,85.30065,0.0,0.0,0.0,0.0,-8.0,-9.0,-8.0,0.0,57.0,1.0
69.0,117.66508,4.0,46.533413,11.5487,0.0,0.0,100.0,-7.0,7.0,8.0,11.0,2.0,71.89271,-7.0,0.0,0.0,83.72831,-8.0,2.0,1.0,1.0,80.0,1.0
64.687584,9.19971,19.098938,54.658897,12.0,0.0,0.0,100.0,-7.0,7.0,8.0,7.082735,0.0,46.0,3.0,0.0,0.0,59.743042,-8.0,2.0,1.0,1.0,43.0,1.0
76.0,71.43613,3.0,-9.0,-9.0,0.0,0.0,100.0,-7.0,7.0,8.0,6.9182763,2.0,74.40914,16.0,0.0,0.0,1.0,91.29845,1.0,1.0,0.0,70.599945,1.0
59.11034,203.72182,5.258278,58.0,23.0,0.0,0.0,81.52231,9.005921,6.0,6.0,24.0,3.2954586,19.0,-7.0,1.0,1.0,55.292236,31.268082,11.0,2.3331249,1.2885777,80.0,1.0
72.59114,115.676414,19.62463,29.621046,4.3092856,0.0,0.0,100.0,-7.0,7.0,8.0,3.9934776,0.0,47.520237,0.0,0.0,0.0,0.0,-8.0,1.0,-8.0,0.0,38.53451,1.0
66.0,119.19831,5.0,18.734945,10.696641,0.0,0.0,100.0,-7.0,7.0,8.0,9.0,3.0,12.025045,0.0,1.0,1.0,44.840794,71.0,5.0,1.0,1.0,88.78932,1.0
-9.0,46.652145,23.313852,51.477585,8.0,0.0,0.0,85.67303,10.27254,6.0,6.0,8.0,0.0,32.790405,0.0,2.0,2.0,116.12746,32.664227,4.0,2.0,3.0,100.0,1.0
71.0,139.27963,1.0,33.739105,30.904871,0.0,0.0,100.0,-7.0,7.0,8.0,45.7365,9.787898,25.0,0.0,15.103119,14.818238,15.0,-8.0,7.703322,2.0,0.0,67.0,1.0
59.338318,135.5338,6.0,68.83208,12.358808,0.0,0.0,89.0,7.963655,6.0,5.0,12.0,1.0,36.0,0.0,4.0,3.4464889,85.04568,100.0,4.0,2.0,2.0,100.0,1.0
66.0,173.96902,11.0,54.388306,12.370722,0.0,0.0,100.0,-7.0,7.0,8.0,12.0,0.0,50.0,0.0,2.0,2.0,89.387596,99.65238,2.0,5.0,0.0,85.10576,1.0
70.28286,101.16023,21.089087,63.0,10.569817,0.0,0.0,100.0,-7.0,7.0,8.0,9.0,0.0,0.0,2.0,0.0,0.0,93.73038,72.71308,4.0,2.0,2.0,75.0,1.0
63.0,-9.0,29.872673,-9.0,3.2627265,0.0,0.0,100.0,-7.0,7.0,8.0,0.41181436,0.0,95.32983,0.0,2.0,1.0,73.858444,-8.0,1.0,1.0,0.0,100.0,1.0
55.97253,118.333435,3.0,44.82234,27.0,0.0,0.0,87.0964,11.784371,4.0,6.0,31.69057,3.6609612,42.799473,0.0,7.909218,6.9254904,28.0,54.19451,5.0,8.493854,3.0,61.74488,1.0
63.146088,121.08011,2.0,25.63715,20.69009,1.0,0.0,95.0,30.312717,6.0,4.0,22.0,4.0,32.72449,0.0,3.0,3.0,69.57531,69.64491,10.2271185,4.0,2.8160725,78.0,1.0
66.0,143.67178,2.0,30.783722,21.0,0.0,0.0,100.0,-7.0,6.0,8.0,24.0,4.0,37.0,-8.0,0.0,0.0,91.96085,98.212425,4.0,2.0,0.0,75.0,1.0
72.0,74.29908,8.0,56.68287,20.0,0.8184504,0.0,100.0,-7.0,6.0,8.0,21.0,1.0,70.197624,0.0,4.0,4.0,4.0,80.62776,2.0,2.0,0.0,71.0,1.0
59.830433,100.39361,1.0,-9.0,8.774195,2.0,0.0,89.11976,4.5453887,4.0,3.1424682,9.0,4.0,40.0,0.0,3.9157605,3.0,69.18923,72.178635,3.0,2.0,0.0,100.0,1.0
65.0,69.75054,44.917255,62.674225,7.0,1.0,0.0,68.28321,6.790472,6.0,5.0,7.0,0.0,67.19418,1.258398,0.0,0.0,1.0146548,-8.0,1.0,1.0,0.0,75.0,1.0
63.38815,153.21239,18.632463,54.701622,18.0,0.0,0.0,79.67319,9.513942,6.0,6.0,24.580685,0.0,27.562712,0.0,2.0,2.0,56.053448,-8.0,4.0,1.0,0.0,63.0,1.0
-9.0,200.62093,16.0,54.525898,15.0,0.0,0.0,82.786514,3.099978,6.0,6.0,15.264399,0.0,2.262646,0.0,2.0,1.0,70.53799,64.64095,4.0,2.0,1.0,70.777214,1.0
59.378483,197.2216,2.0,75.4436,22.0,0.0,0.0,93.0,11.05037,6.0,6.0,26.790188,5.0,22.0,-7.0,2.0,2.0,49.85068,-8.0,11.0,3.0,2.0,67.0,1.0
-9.0,175.0087,11.930866,90.79267,14.0,0.0,0.0,100.0,-7.0,7.0,8.0,8.159455,0.0,35.0,0.0,2.0,2.0,95.61804,-8.0,9.253091,1.0,5.270581,100.0,1.0
56.33619,130.79912,6.0,46.108986,29.569271,1.0,0.0,88.46328,8.434129,6.0,5.880263,33.348614,6.0,53.84357,16.0,0.0,0.0,47.890053,82.13346,4.0,6.5933676,0.0,77.816216,1.0
57.713894,199.78203,7.0,56.580467,16.0,0.0,0.0,88.0,36.321987,6.0,6.0,20.0,2.0,8.144296,0.0,2.0,2.0,119.854095,-8.0,9.0,1.0,4.0,100.0,1.0
70.0,153.60608,5.0,61.0,8.0,1.0,0.0,80.874756,52.63185,6.0,4.1891146,8.821665,2.0,74.40106,0.0,1.0,1.0,18.539713,-8.0,1.0,2.0,0.0,100.0,1.0
65.0,84.069275,4.0,25.825994,13.0,0.0,0.0,100.0,-7.0,7.0,8.0,16.332151,5.294776,20.0,-7.0,2.0,2.0,46.663425,-8.0,4.0,1.0,2.0,53.88924,1.0
-9.0,-8.0,13.375074,-9.0,5.1120176,0.0,0.0,78.928474,12.163008,5.0,6.0,7.2634597,0.0,56.807503,7.0,0.0,0.0,79.57707,94.65044,2.0,2.0,1.0,71.0,1.0
64.30708,101.13185,32.81118,-9.0,-9.0,0.0,0.0,100.0,-7.0,8.097953,8.0,-9.0,0.0,100.0,0.0,1.0,1.0,-2.9786315,50.16903,-9.0,-8.0,0.0,26.671919,1.0
65.0,110.24655,10.0,44.694046,9.577862,1.0,1.0,100.0,-7.0,7.0,8.0,11.0,0.0,58.597237,0.0,0.0,0.0,94.18751,-8.0,2.0,2.0,1.0,91.630775,1.0
64.0,287.05954,5.0073915,82.0,39.344482,0.0,0.0,93.0,8.932642,4.0,6.0,37.835663,5.5225816,27.584673,2.0,12.06371,6.873137,70.935715,35.056793,9.0,4.0,2.0,83.0,1.0
60.9278,70.12808,6.6098337,-9.0,-0.015470465,0.0,0.0,100.0,-7.0,7.0,8.0,8.834169,2.0,11.622996,4.0,0.0,0.0,88.70086,84.022964,3.0,1.0,1.0,80.0,1.0
58.99612,117.36263,9.0,6.7748737,-3.918059,0.0,0.0,77.29671,62.237705,6.0,6.0,2.1167333,1.0,98.043526,0.0,0.0,0.0,63.468773,88.0,1.0,2.0,-9.0,100.0,1.0
62.0,80.56531,3.0,-9.0,8.137558,0.0,0.0,100.0,-7.0,7.0,8.0,8.0,4.0,20.383677,1.0,4.0,4.0,74.761604,-8.0,5.0,2.0,3.0,82.838036,1.0
57.747627,334.0751,10.0,52.12383,-4.8011527,3.0,1.0,37.547268,21.747225,6.0,2.9463363,8.0,1.0,97.32775,0.0,3.0,2.0,1.0,-8.0,-3.9223077,2.0,-8.613485,88.00078,1.0
69.0,211.6045,18.472223,59.70098,16.0,0.0,0.0,100.0,-7.0,7.0,8.0,24.805754,0.0,31.0,0.0,3.0,3.0,91.51007,-8.0,4.0,2.0,0.0,69.696945,1.0
62.0,101.24099,2.0,40.012714,44.40336,3.0,0.0,95.0,3.0,4.0331373,3.854489,52.29821,4.4302926,60.95884,0.0,0.0,0.0,70.594215,64.083084,5.0,7.2870517,1.0,84.03,1.0
65.968735,147.35545,25.088501,36.242947,-5.796762,0.0,0.0,100.0,-7.0,7.0,8.0,9.0,0.0,60.90318,-7.0,0.0,0.0,94.18497,-8.0,3.0,1.0,0.0,100.0,1.0
74.0,192.04208,21.92772,69.10603,11.254673,0.0,0.0,88.0,33.099625,6.0,6.0,9.0,0.0,20.360254,0.0,1.0,1.0,18.386925,89.506355,3.0,1.0,0.0,60.0,1.0
66.0,192.64346,2.0,63.0,26.91871,1.0,1.0,96.0,4.0,0.0,3.0,36.748547,3.0,29.0,0.0,5.0,4.4665985,21.83663,147.0834,6.0,3.0,0.0,77.692345,1.0
-9.0,196.21774,20.497494,64.33158,20.145714,1.3924626,0.0,82.17494,-7.0,-9.0,6.0,21.02436,0.0,38.0,0.0,4.0,3.0849621,106.82537,76.41429,8.151433,3.0,2.0,92.92597,1.0
59.266674,421.09305,2.0,71.06528,24.0,0.0,0.0,79.46796,2.0,4.0,6.0,22.0,4.0,16.0,0.0,2.0,2.0,67.533554,-8.0,9.0,2.0,0.0,76.21345,1.0
73.91441,306.7648,5.0,58.662918,25.0,0.0,0.0,100.0,-7.0,7.0,8.0,26.0,5.0,27.0,0.0,1.0,1.0,15.106086,-8.0,4.0,-9.0,1.0,33.0,1.0
59.888752,190.3524,4.0,74.0,44.508957,0.0,0.0,90.43189,6.4121833,6.0,6.0,49.877693,2.0,18.0,0.0,4.0,4.0,46.399548,-8.0,24.603867,-8.0,6.155047,64.0,1.0
70.0,180.3089,6.0,3.0931618,11.0,1.0,1.0,84.378914,39.068436,6.0,5.0,13.362701,2.0,99.96762,0.0,3.0,3.0,0.0,91.220894,1.0,2.0,-9.0,50.0,1.0
65.0,224.14764,20.0,76.0,9.7727375,5.3281436,0.0,70.10877,25.865288,6.0,2.0,11.0,0.0,87.577705,0.0,1.0,1.0,86.44796,-8.0,1.0,6.1385393,0.0,100.0,1.0
-9.0,106.101875,5.0,58.057068,13.0,0.0,0.0,79.482155,-7.0,3.7806408,6.0,9.890521,2.9858441,13.056667,0.0,4.0,4.0,65.61145,-8.0,3.0,1.0,3.0,60.0,1.0
-9.0,152.89156,23.34607,61.12051,6.0,0.0,0.0,84.38656,31.532646,6.0,6.0,5.0447764,0.0,41.3648,0.0,0.0,0.0,119.7747,62.68724,5.0,1.0,5.2009206,100.0,1.0
63.0,133.39171,6.0,-9.0,6.68144,0.0,0.0,100.0,-7.0,7.0,8.0,5.468726,3.090536,44.021027,4.0,0.0,0.0,60.102356,61.781532,1.0,3.0,1.0,50.0,1.0
58.917797,182.55328,2.0,20.448372,22.23032,1.0,0.0,87.8558,3.0,6.0,6.0,25.0,9.2112255,16.0,3.0,0.0,0.0,46.703938,-8.0,18.591623,3.0,2.0,75.48978,1.0
56.59996,153.55075,27.600916,68.95414,5.6945033,3.2172844,1.0,57.520233,7.7940917,6.0,-3.2203217,7.837232,0.0,69.58628,0.0,2.0,2.0,86.772644,-8.0,1.0,1.0,2.0,100.0,1.0
67.0,157.32513,3.0717902,54.629128,13.0,0.0,0.0,100.0,-7.0,7.0,8.0,15.503009,2.5978603,26.448017,0.0,4.0,4.0,11.183725,-8.0,4.0,1.0,3.0,46.69523,1.0
-9.0,49.634285,4.0,-9.0,13.0,0.0,0.0,100.0,-7.0,7.0,8.0,12.749179,4.0,55.660778,0.0,3.0,3.0,119.039955,68.95237,6.0,4.0,5.8408136,100.0,1.0
54.87917,-9.0,16.827497,-9.0,7.1069317,0.0,0.0,100.0,-7.0,7.0,8.0,4.9143643,0.0,99.443794,-7.0,4.0,4.0,118.20278,62.311718,1.0,3.0,0.0,100.0,1.0
65.0,152.84291,15.0,6.1918197,-9.0,1.0,1.0,86.39491,24.299793,6.0,3.5469544,2.002097,0.0,38.0,-7.0,1.0,0.0,98.98527,-8.0,2.0,2.0,2.0,89.204445,1.0
61.882835,102.16865,9.0,39.710873,22.891718,0.0,0.0,100.0,-7.0,7.0,8.0,24.588242,1.0,28.0,0.0,4.0,4.0,51.587044,84.02782,8.0,3.0,1.0124073,85.674,1.0
70.0,268.05258,16.0,70.0,6.9281816,2.0,0.0,59.912823,32.04642,6.0,4.0,9.0,1.0,90.47314,8.0,1.0,1.0,-5.466364,-8.0,0.0,-8.0,0.0,29.296713,1.0
60.111202,170.02959,1.3628856,29.336243,11.0,9.825714,9.344054,90.029526,52.124268,6.0,4.0,13.0,10.27706,75.77333,0.0,4.1941304,4.0,86.933075,92.9538,3.0,4.0,1.0,100.0,1.0
64.0,-9.0,17.432896,41.078693,6.0,0.0,0.0,93.41703,33.977444,6.0,6.0,3.9798965,0.0,63.43305,0.0,1.0,1.0,118.48181,93.0,2.0,3.0,0.0,100.0,1.0
64.0,150.64442,5.0,54.843197,18.0,1.0,0.7110519,97.0,4.116533,4.0,6.0,22.0,3.0,68.16267,0.0,0.0,0.0,27.031702,88.0,2.0,2.0,0.0,56.0,1.0
58.2861,113.96372,0.94067156,28.2426,8.670855,3.2701995,1.5026675,84.40428,18.362883,4.0,2.0,11.88146,4.0,42.0,0.0,3.0,3.0,55.083164,93.0,3.0,3.0,1.0,100.0,1.0
-9.0,-5.6254134,1.0,-9.0,7.0,2.0,2.0,98.279366,-7.0,0.0,6.0,11.0,9.741388,61.912754,0.0,3.0,3.0,46.59539,88.0,3.0,4.0,0.0,100.0,1.0
66.0,195.19962,28.240942,65.0,-9.0,0.0,0.0,100.0,-7.0,7.0,8.0,4.0189734,0.0,71.788185,-7.0,0.0,0.0,117.0761,-8.0,1.0,1.0,0.0,100.0,1.0
56.29599,140.73659,15.0,61.0,11.817931,8.460462,7.749647,-9.0,12.815484,4.0,2.0,14.0,0.0,89.79831,3.0,0.0,0.0,0.0,-8.0,0.8484359,1.0,0.0,100.0,1.0
63.308586,78.52377,33.26782,62.626064,7.9047065,0.0,0.0,81.326126,17.525507,6.0,6.0,5.2514815,0.0,46.823223,0.0,1.0,1.0,47.803505,-8.0,3.0,2.0,0.0,100.0,1.0
68.0,-8.194861,18.9323,45.934658,5.435209,2.0,1.0,68.577965,29.138668,6.0,2.0,6.8640466,0.0,76.486694,0.0,0.0,0.0,1.0,-8.0,1.0,1.0,0.0,62.56745,1.0
73.53332,176.42125,53.7504,83.0,5.4084897,0.0,0.0,100.0,-7.0,7.0,8.0,6.463565,0.0,62.335995,0.0,2.0,2.0,62.08479,61.31333,2.0,1.0,1.0,88.0,1.0
67.56864,182.37373,1.0,62.075085,23.0,2.703612,2.0,91.0,17.226719,6.0,2.0,28.0,6.0,24.0,4.0,1.0,1.0,33.29179,99.96187,4.0,2.0,0.0,53.88311,1.0
-9.0,137.80138,22.507097,67.20447,9.7309885,0.0,0.0,88.0,-7.0,-9.0,6.0,11.0,0.0,40.0,0.0,2.0,2.0,99.32325,69.81881,5.0,2.0,3.0,83.0,1.0
67.08979,97.72513,2.0,30.713522,30.621868,1.0,0.0,100.0,23.657957,6.0,3.6631286,29.0,3.0,55.70448,1.0,2.0,2.0,25.0,99.99703,4.0,3.0,0.0,70.0,1.0
72.0,450.17786,3.0,82.0,25.0,0.0,0.0,100.0,-7.0,7.0,8.0,29.0,5.0,43.0,0.0,3.0887132,3.0,33.762615,93.0,6.0,3.0,1.0,78.0,1.0
60.05396,75.64847,7.0,-9.0,6.0,0.0,0.0,100.0,-7.0,7.0,8.0,7.0,2.0,33.78499,0.0,2.0,2.0,51.828365,-8.0,4.0,1.0,0.026953487,85.22233,1.0
56.892548,119.567726,3.0,40.149452,24.0,0.0,0.0,96.0,4.0,3.0,6.0,26.856821,10.82411,29.172892,0.0,5.0,5.1138926,28.529444,-8.0,5.0,3.1931932,1.0,57.342205,1.0
70.91673,219.34953,3.0,56.833862,25.860487,0.0,0.0,100.0,-7.0,7.0,8.0,31.0,10.885827,50.0,0.0,2.0,2.0,26.230902,97.24549,4.0,4.551262,0.0,80.0,1.0
70.1615,116.5003,7.9687805,45.17763,32.0,0.0,0.0,100.0,63.694275,6.0,6.0,34.792454,2.0,72.88269,4.4879694,2.0,1.8394665,28.953018,96.25853,3.0,6.0,0.0,75.94736,1.0
74.78726,47.399055,31.553152,75.01984,3.6245966,0.0,0.0,100.0,-7.0,7.0,8.0,3.9913101,0.0,48.350094,0.0,0.0,0.0,0.0,14.09102,0.0,1.0,-9.0,56.571648,1.0
63.0,143.49837,-0.39361688,51.303356,14.0,0.0,0.0,100.0,-7.0,7.0,8.0,21.0,5.0,53.312775,4.0,3.0,2.4492743,83.54068,-8.0,4.0,1.0,0.0,80.0,1.0
60.383842,131.42206,3.0,39.0307,30.0,0.5469356,0.0,92.39834,20.196674,6.0,5.0,33.58495,4.8944564,19.0,2.0,1.0,1.0,59.136395,91.0,9.987626,3.7516284,3.0,75.0,1.0
59.82228,-9.0,4.0161123,-9.0,13.0,1.0,1.0,92.0,4.0,4.0,3.0,9.0,4.0,21.0,0.0,1.0,1.0,49.47699,24.546535,3.0,2.0,2.0,67.0,1.0
70.0,100.05508,6.10918,-9.0,12.0,0.0,0.0,100.0,-7.0,7.0,8.0,10.768997,2.0,17.0,0.0,2.0,2.0,19.49505,-8.0,5.0,-8.0,0.0,57.0,1.0
68.0,169.55975,12.0,57.02969,15.0,0.0,0.0,82.78485,2.0,4.0,6.0,19.0,2.0,37.0,-7.0,0.0,0.0,22.87186,93.91981,8.0,3.0,0.0,91.1846,1.0
-9.0,158.97122,15.645979,68.0,18.26427,2.0,0.0,87.05105,-7.0,-9.0,5.0,16.0,0.0,14.0,1.0,0.0,0.0,32.0,-8.0,11.0,1.0,1.0,80.0,1.0
57.876606,144.78764,2.0,52.43892,21.0,0.0,0.0,89.0,42.238274,6.0,6.0,24.0,3.6492567,50.0,0.0,3.0,3.0,94.35305,59.44086,4.0,6.595862,1.0,84.68432,1.0
60.577072,61.388145,16.109776,20.222643,-9.0,1.0,0.0,66.60905,36.581055,6.0,6.0,0.39673218,0.0,100.0,0.0,0.0,0.0,0.0,-8.0,-9.0,1.0,0.0,100.0,1.0
64.0,244.89594,217.10004,185.69972,4.352374,0.0,0.0,51.043076,4.346722,4.2042103,6.0,6.731512,0.0,5.791922,-7.0,0.0,0.0,101.53822,-8.0,5.0,-8.0,2.0,100.0,1.0
65.0,213.81631,3.0,58.0,12.0,1.0,1.0,95.0,62.377407,6.0,2.0,17.0,3.0,42.37008,-7.0,4.0,4.0,119.55713,63.382328,4.0,3.0,3.0,100.0,1.0
-9.0,117.52241,8.0,-9.0,8.62893,0.0,0.0,100.0,-7.0,7.0,8.0,11.597739,3.0,100.0,0.0,3.0,3.0,-9.0,65.37401,-9.0,1.0,-9.0,80.0,1.0
65.77862,61.00637,6.0,37.489197,12.0,0.0,0.0,100.0,-7.0,7.0,8.0,13.0,1.2924021,-9.0,0.0,2.0,2.0,39.756634,-8.0,3.0,-9.0,0.43754122,36.183453,1.0
63.706432,37.59137,2.0,-9.0,17.0,0.0,0.0,100.0,-7.0,7.0,8.0,16.0,10.464688,30.0,0.0,1.6707327,1.0,40.610577,76.0,2.0,6.0,0.0,80.961,1.0
68.0,146.35258,4.0,49.681656,20.0,10.384071,9.576307,76.36086,73.9856,6.0,2.0,21.0,6.0,33.990803,0.0,4.740477,4.311218,64.86976,76.0,6.0,3.0,2.0,87.23782,1.0
-9.0,-9.0,21.18697,-9.0,4.474958,9.49616,3.8857372,-9.0,24.463995,6.0,2.0,4.256034,0.0,99.700714,-7.0,6.495294,6.035859,53.36907,49.7949,1.0,2.0,-9.0,100.0,1.0
55.079308,77.636986,8.0,35.177807,9.0,0.0,0.0,88.0,16.5216,4.0,6.0,12.0,1.0,24.0,-7.0,0.0,0.0,115.22572,-8.0,4.0,1.0,2.0,100.0,1.0
62.0,148.53065,1.0,59.070316,11.0,0.0,0.0,86.359375,7.526747,6.0,6.0,14.0,1.0,40.0,0.0,1.0,1.0,67.773026,63.77028,4.0,2.0,2.0,100.0,1.0
-9.0,126.45321,15.0,35.50359,23.0,1.0,1.0,90.0,-7.0,6.0,6.0,25.608337,0.0,30.0,0.0,0.0,0.0,52.730755,82.52633,10.777365,4.0,5.6262517,75.0,1.0
62.3101,152.38878,3.0,38.695263,24.0,0.0,0.0,93.0,31.973982,6.0,6.0,29.0,4.0093265,20.0,0.0,1.0,1.2961131,53.073223,93.0,11.090459,3.0,1.0,80.0,1.0
56.095722,33.75242,-9.0,31.498976,13.0,0.0,0.0,100.0,-7.0,7.0,8.0,15.0,10.544534,41.62963,1.0,2.0,2.0,56.160633,99.78903,4.0,2.0,2.5738912,75.0,1.0
63.14566,-3.3486931,15.0,33.17512,14.0,0.0,0.0,100.0,-7.0,7.0,8.0,16.0,0.0,45.0,0.0,0.0,0.0,77.98543,-8.0,2.0,1.0,1.0,75.0,1.0
58.37285,131.28091,2.0,44.200565,23.276632,1.0,1.0,100.0,-7.0,7.0,8.0,30.0,4.0,21.0,-7.0,5.7759757,5.9134316,39.6707,95.76585,10.267261,3.0,2.0,67.0,1.0
70.0,152.45354,27.960241,88.40784,26.87423,1.0,0.0,92.63886,60.951828,6.0,5.0,27.368263,0.0,17.23927,11.286351,0.0,0.0,94.56761,-8.0,10.701173,1.0,3.0,84.57462,1.0
65.0,183.79765,17.132782,127.292114,11.0,0.0,0.0,82.43308,28.1836,6.0,6.0,10.522484,0.0,27.0,0.0,2.0,1.9064119,113.57558,76.93086,4.0,2.0,2.0,100.0,1.0
58.300404,160.22112,5.0,34.82885,8.0,9.98058,5.607091,77.34872,10.553519,-9.0,-9.0,11.0,2.0,33.0,0.0,9.259159,6.959885,113.999176,31.517809,2.0,4.0,0.0,80.1473,1.0
65.73104,257.16757,2.0,85.529655,27.0,2.0,0.0,88.02842,19.249773,4.0,5.0,28.354858,6.0,36.0,0.0,0.0,0.0,45.857487,57.988438,10.383218,6.657592,4.0,80.0,1.0
63.549553,73.06376,5.0,-8.621023,6.0,0.0,0.0,100.0,-7.0,7.0,8.0,3.9982653,3.0,13.0,0.0,2.0,2.0,81.87078,-8.0,4.0,-8.0,2.0,100.0,1.0
59.85811,0.9917091,8.84898,-9.0,14.0,0.0,0.0,100.0,-7.0,7.0,8.0,13.0,1.0,97.7529,-7.0,2.0,2.0,88.94481,75.09078,2.0,2.0,1.0,82.659454,1.0
66.832245,124.86827,16.0,45.88554,29.0,0.0,0.0,96.0,12.1445,4.0,6.0,26.067066,1.0,61.780098,0.0,4.9762387,4.0,40.79814,82.0,6.0,7.275237,4.141024,81.94058,1.0
59.66422,258.794,2.0,59.275894,35.202625,1.4345671,0.0,82.27826,46.899952,6.0,2.8785238,33.176163,10.277114,33.0,0.0,3.0,3.0099983,50.97508,62.513775,7.0,4.0,2.0,69.02911,1.0
72.0,76.95608,28.798832,35.851646,8.59025,0.0,0.0,100.0,-7.0,7.0,8.0,11.0,0.0,74.87829,14.883846,0.0,0.0,19.164478,-8.0,2.0,1.0,0.0,56.0,1.0
-5.2995486,103.56432,3.0,-9.0,11.0,0.0,0.0,100.0,-7.0,7.0,8.0,13.865008,3.0,28.0,8.316417,1.0,1.0,90.863075,46.499207,6.0,2.0,2.0,75.0,1.0
67.0,196.0327,27.335154,72.0,15.0,0.0,0.0,88.273155,-7.0,6.0,6.0,15.939465,0.0,29.0,0.0,1.0,1.0,51.370926,-8.0,6.0,1.0,2.0,77.45563,1.0
78.0,66.31909,54.215866,83.0,4.5391784,0.0,0.0,100.0,-7.0,7.0,8.0,-0.27155325,0.0,-9.0,7.0,0.0,0.0,20.63218,-8.0,3.0,-9.0,0.0,50.0,1.0
66.94074,130.33926,10.0,54.705868,30.0,0.0,0.0,100.0,-7.0,7.0,8.0,24.554565,2.0,28.319324,0.77906007,2.0,2.0,60.636448,-8.0,7.0,2.0,3.0,67.0,1.0
-9.0,134.57526,0.11105298,-9.0,-9.0,2.0,2.0,100.0,-7.0,7.0,8.0,1.1753522,5.0,62.109776,-8.0,0.0,0.0,72.62137,42.99852,3.0,1.0,0.0,100.0,1.0
-9.0,130.91408,20.59798,46.34857,0.73569953,4.6005754,5.16108,66.01365,53.018925,6.0,6.0,8.0,0.0,93.856865,0.0,3.0,2.0,7.9681706,75.4611,1.0,2.0,-9.0,100.0,1.0
64.303055,138.33539,1.0,40.603035,18.0,3.8276029,1.0,88.0,40.81278,6.0,2.0,24.0,3.5844686,77.1208,-7.0,10.944557,11.597059,40.97196,93.0,2.0,21.530771,0.0,100.0,1.0
70.61101,292.5065,109.111496,188.08484,-9.0,0.0,0.0,100.0,-7.0,7.0,8.0,7.0,0.0,69.270615,0.0,1.0,1.0,0.0,-8.0,1.0,-8.0,-9.0,50.0,1.0
64.0,-8.117817,24.614805,-2.9483478,7.1688123,0.0,0.0,100.0,-7.0,7.0,8.0,3.9888833,0.0,99.999565,0.0,0.0,0.0,0.0,76.6273,0.0,2.0,-8.0,85.22484,1.0
68.0,153.27675,4.0,38.08033,21.44425,0.0,0.0,100.0,-7.0,7.0,8.0,24.397303,5.0,59.865795,0.0,3.0,3.3828375,40.941925,45.042404,4.0,3.0,1.0,87.92947,1.0
63.0,170.7517,24.496086,61.19684,7.858107,0.0,0.0,79.40535,12.73829,6.0,6.0,8.190911,0.0,50.0,0.0,0.0,0.0,114.4469,46.245136,2.0,2.0,0.0,75.0,1.0
59.09912,176.90437,1.0,77.0,15.0,3.0,0.0,75.19413,21.353886,6.0,2.3355162,17.0,1.0,27.0,1.0,2.0,2.0,44.142384,-8.0,5.0,1.0,4.0,75.0,1.0
67.0,86.15594,15.0,59.37857,22.0,2.0,2.0,100.0,-7.0,7.0,8.0,16.0,0.0,41.0,0.0,15.500548,15.193725,20.456484,-8.0,2.0,2.0,0.0,44.0,1.0
59.648746,136.0221,2.0,58.0,50.51594,1.0,0.0,94.51786,3.7478106,4.0,3.0,57.315697,7.2338624,55.96039,0.0,3.5300665,3.6528387,59.252407,96.570885,8.100382,5.0,4.0,75.0,1.0
82.0,181.83208,9.0,66.03547,10.351904,0.0,0.0,100.0,-7.0,7.0,8.0,11.0,0.0,12.081917,20.120754,2.0,2.0,10.284933,-8.0,5.0,-8.0,0.0,63.80236,1.0
62.80208,160.56833,2.0,63.0,24.541254,0.0,0.0,100.0,-7.0,7.0,8.0,28.01764,3.0,45.0,-7.0,6.1036754,6.2654715,56.974243,51.946415,7.0,18.589373,2.0,85.37055,1.0
59.100258,109.20053,8.0,46.18109,16.0,2.0,2.0,100.0,-7.0,0.0,8.0,20.0,1.0,54.11101,0.0,3.0,2.6349702,36.0,80.76276,4.0,3.0,1.0,67.0,1.0
69.0,150.3466,25.409407,88.754074,9.0,2.0,1.0,63.51746,23.684008,6.0,4.0,11.0,0.0,68.7794,-8.0,1.0,0.0,119.901085,56.845116,1.0,2.0,-9.0,100.0,1.0
58.89094,125.26728,4.0,67.0,12.0,4.8323984,1.0,69.539345,17.40718,6.0,6.0,10.3616,2.0,59.2451,0.0,2.0,2.0,1.0,76.14341,1.0,2.0,0.0,50.0,1.0
58.204136,133.37001,1.0,42.831417,28.0,2.0,0.0,93.0,13.528013,3.0,3.0,33.111664,4.0,63.645588,8.0,2.0,2.0,64.60912,89.13084,9.0,7.5113792,2.0,89.47497,1.0
58.04049,-8.0,6.0,-9.0,16.0,0.0,0.0,100.0,-7.0,7.0,8.0,16.0,2.0,42.95533,-8.0,1.0,1.0,93.61208,14.81406,7.0,2.0,4.772768,100.0,1.0
63.350353,67.50512,13.698089,-1.9061192,-9.0,1.0,1.0,100.0,-7.0,6.0,8.0,3.7151504,0.0,13.351132,-7.0,0.0,0.0,82.283806,-8.0,3.0,1.0,1.0,100.0,1.0
62.0,100.28264,11.938326,50.79677,17.0,0.0,0.0,88.0,43.258427,6.0,5.0,16.901772,2.0,43.0,3.0,0.0,0.0,119.62275,87.52436,5.0,3.0,2.0,100.0,1.0
62.0,153.67351,3.0,29.239513,16.0,1.0,1.0,100.0,-7.0,7.0,8.0,15.302841,6.0,82.10693,0.0,3.0,3.0,82.26016,90.2613,3.0,6.4047365,3.0,96.24566,1.0
