ExternalRiskEstimate,MSinceOldestTradeOpen,MSinceMostRecentTradeOpen,AverageMInFile,NumSatisfactoryTrades,NumTrades60Ever2DerogPubRec,NumTrades90Ever2DerogPubRec,PercentTradesNeverDelq,MSinceMostRecentDelq,MaxDelq2PublicRecLast12M,MaxDelqEver,NumTotalTrades,NumTradesOpeninLast12M,PercentInstallTrades,MSinceMostRecentInqexcl7days,NumInqLast6M,NumInqLast6Mexcl7days,NetFractionRevolvingBurden,NetFractionInstallBurden,NumRevolvingTradesWBalance,NumInstallTradesWBalance,NumBank2NatlTradesWHighUtilization,PercentTradesWBalance,cond
75.84819,140.09776,22.511948,63.82453,12.403052,0.0,0.0,95.03496,56.610905,6.0,5.0,15.9804735,0.0,38.0,0.0,1.0,1.0,12.0,48.12339,1.0,1.0,0.0,32.712807,0.0
80.655235,103.34575,3.7011957,-2.663872,11.0,0.0,0.0,100.0,-7.0,7.0,8.0,8.319563,3.0,30.0,6.7304316,0.0,0.0,6.0,89.27472,3.0,2.0,0.0,88.25872,0.0
82.0,228.01286,2.0,100.4981,16.0,0.0,0.0,87.89191,31.768496,6.0,6.0,15.012236,1.0,38.0,7.0,0.0,0.0,19.065155,83.09012,3.0,2.0,0.0,50.0,0.0
76.69141,304.9421,2.0,71.66157,34.0,0.0,0.0,100.0,-7.0,7.0,8.0,32.111492,4.0,17.0,1.0,2.0,2.0,25.356602,82.015686,8.167368,2.0,0.0,58.0,0.0
83.0,275.24237,10.0,121.142136,13.0,0.0,0.0,100.0,-7.0,7.0,8.0,15.0,1.0,24.0,0.0,0.0,0.0,11.0,-8.0,1.0,1.0,0.0,17.885212,0.0
85.0,219.67024,5.0,88.54069,30.035048,0.0,0.0,100.0,-7.0,7.0,8.0,30.0,3.0,25.0,10.444896,0.0,0.0,1.0,-8.0,2.0,1.0,0.0,33.0,0.0
82.23139,151.43884,12.0,67.0,37.497513,0.0,0.0,100.0,-7.0,7.0,8.0,35.96011,0.0,25.065321,1.0,3.0,3.0,12.0,40.53816,4.0,2.0,0.0,67.0,0.0
78.0,254.26865,3.0,94.0,17.0,0.0,0.0,100.0,-7.0,7.0,8.0,18.0,2.0,61.85058,-7.0,0.0,0.0,28.622526,49.987717,3.0,5.0,0.0,86.0,0.0
80.0,390.91373,4.0,89.95258,33.96277,0.0,0.0,100.0,-7.0,7.0,8.0,44.566532,3.0,37.0,0.0,1.0,1.0,15.342518,91.475624,4.0,3.0,0.0,58.0,0.0
92.382484,328.55573,20.0,119.17182,7.0,0.0,0.0,100.0,-7.0,7.0,8.0,9.137401,0.0,37.0,6.0,0.0,0.0,1.0,-8.0,1.0,-9.0,0.0,37.417423,0.0
85.0,295.9065,10.0,90.0,47.106667,0.0,0.0,100.0,-7.0,7.0,8.0,44.061634,3.0,20.486109,-7.0,0.0,0.0,6.0,8.722017,2.0,1.4992979,0.0,18.389563,0.0
72.0,194.96446,-9.0,108.17461,14.0,2.0,0.0,82.12694,18.107758,6.0,5.0,12.0,1.0,20.014296,-7.0,1.0,1.0,3.0,-8.0,2.0,1.0,0.0,75.0,0.0
79.0,253.93843,6.0,82.0,34.230114,0.0,0.0,100.0,-7.0,7.0,8.0,39.569706,4.0,24.0,20.736485,0.0,0.0,21.416887,-8.0,4.0,1.0,1.0,60.0,0.0
86.0,-9.0,11.0,93.379875,7.601107,0.0,0.0,100.0,-7.0,7.0,8.0,-8.437129,0.0,47.946087,0.0,0.0,0.0,17.0,-8.0,2.0,1.0,0.0,85.69845,0.0
62.015163,208.94432,2.0,91.46485,34.372593,1.0,0.0,77.10243,10.585862,6.0,5.0,45.465595,1.0,42.0,1.0,2.0,2.0,23.109724,45.37846,8.0,2.0,1.0,80.0,0.0
88.0,170.47777,35.669247,108.94289,3.3800344,0.0,0.0,100.0,-7.0,7.0,8.0,8.0,0.0,14.0,-8.0,0.0,0.0,0.0,-8.0,1.0,-8.0,0.0,42.171654,0.0
72.009964,218.7265,2.0,64.16688,24.0,0.0,0.0,100.0,0.030726846,6.0,6.0,28.434916,3.0,9.349896,2.0,1.0,1.0,25.0,20.90898,5.0,1.0,3.0,50.0,0.0
76.68461,130.62267,1.0,55.27668,24.0,0.0,0.0,96.0,12.20593,6.0,6.0,29.0,4.0,38.0,5.4311447,1.0,1.0,18.834684,86.4427,5.169111,2.0,0.0,57.0,0.0
-9.0,-9.0,-9.0,-9.0,-9.0,-9.0,-9.0,-9.0,-9.0,-9.0,-9.0,-9.0,-9.0,-9.0,-9.0,-9.0,-9.0,-9.0,-9.0,-9.0,-9.0,-9.0,-9.0,0.0
68.0,311.25974,6.0,72.38968,8.639395,2.0,0.0,58.656788,36.727573,6.0,4.0787115,12.0,2.0,25.0,0.0,0.0,0.0,57.611355,-8.0,4.0,1.0,0.0,100.0,0.0
83.0,61.34044,7.0,54.308727,27.0,0.0,0.0,100.0,-7.0,6.0,6.0,30.0,2.0,10.923798,8.0,0.0,0.0,3.0,-8.0,1.0,1.0,0.0,33.0,0.0
76.0,190.26079,1.9294009,82.0,41.87679,0.0,0.0,100.0,-7.0,7.0,8.0,39.876286,4.0,18.0,-8.0,14.03374,7.7532907,13.250881,-8.0,6.0,1.0,0.0,44.959038,0.0
63.0,257.8023,27.936344,158.5994,25.26394,0.0,0.0,82.96631,16.568575,6.0,6.0,27.263054,0.0,25.0,0.0,0.0,0.0,85.5213,71.59992,10.262242,4.0,3.0053022,83.0,0.0
70.18646,283.3522,8.366405,65.3654,36.0,0.0,0.0,100.0,-7.0,7.0,8.0,37.985626,3.0,41.10987,-8.0,1.0,1.0,42.872852,88.0,4.0,3.0,0.0,73.89491,0.0
79.0,149.54713,-9.0,54.47074,34.0,0.0,0.0,100.0,-7.0,7.0,8.0,33.0,4.7280197,31.201092,0.0,1.0,1.0,14.470435,95.236855,8.0,5.0,0.0,60.0,0.0
79.0,171.65918,3.0,75.0,21.0,0.0,0.0,100.0,-7.0,7.0,8.0,26.96995,1.0159984,26.0,0.0,0.0,0.0,32.0,-8.0,5.0,1.0,0.0,80.0,0.0
83.93152,264.7375,15.673355,80.83748,22.0,0.0,0.0,92.0,43.27223,6.0,6.0,23.0,1.0,69.49679,15.9833975,0.0,0.0,0.75023955,48.047367,1.0,6.0,0.0,64.59397,0.0
88.0,244.32326,5.0,99.69867,14.0,0.0,0.0,100.0,-7.0,7.0,8.0,14.0,1.0,22.0,-7.0,0.0,0.0,0.0,-8.0,3.0,-8.0,0.0,18.638145,0.0
83.0,162.80983,17.0,72.41947,19.0,0.0,0.0,100.0,-7.0,7.0,8.0,22.0,0.0,47.0,7.7303042,0.0,0.0,32.0,-8.0,6.0,1.0,0.0,91.49894,0.0
86.08053,-8.232282,25.758308,75.9754,15.0,0.0,0.0,100.0,-7.0,7.0,8.0,18.0,0.0,18.478682,-8.0,0.0,0.0,39.997715,-8.0,-5.7916512,1.0,0.0,33.0,0.0
78.0,165.06856,13.0,63.0,14.0,0.0,0.0,100.0,-7.0,7.0,8.0,17.0,0.6720687,22.0,0.0,0.0,0.0,59.230965,-8.0,1.0,1.0,1.0,64.0,0.0
70.0,389.15353,-8.558305,92.86499,18.0,2.0,2.0,69.09909,9.7991705,6.0,2.0,33.0,2.0,36.0,0.0,5.0,4.4395294,5.0,50.183357,2.0,4.0,0.0,40.3383,0.0
82.0,322.22495,3.0,87.1768,17.0,0.0,0.0,100.0,-7.0,7.0,8.0,19.29011,3.0,22.679924,0.0,1.0,1.0,14.0,-8.0,2.0,1.0,0.0,44.154934,0.0
85.0,190.4104,9.0,57.811855,12.0,0.0,0.0,93.0,51.487556,6.0,6.0,18.0,2.0,9.862071,-7.9892254,0.0,0.0,13.858312,-8.0,2.0,1.0,0.0,35.991592,0.0
79.37435,151.13385,2.0,63.0,28.0,0.0,0.0,100.0,-7.0,7.0,8.0,32.0,2.0,22.0,0.0,2.0,2.0,14.0,88.0,2.0,2.0,0.0,50.0,0.0
66.29917,287.0569,1.0,113.47303,33.28619,0.0,0.0,100.0,-7.0,7.0,8.0,35.0,4.445814,20.0,0.0,4.0,4.0,37.980545,-8.0,17.822021,1.0,3.0,64.0,0.0
71.0,180.96771,5.0,61.0,31.0,0.0,0.0,100.0,-7.0,7.0,8.0,35.0,2.0,24.0,0.0,0.0,0.0,56.34975,80.06729,5.0,3.0,3.7064705,80.83609,0.0
75.0,325.58786,3.0,85.40516,31.0,0.0,0.0,100.0,-7.0,7.0,8.0,37.020718,2.0,27.534126,0.0,1.0,0.0,59.111195,97.51493,10.366615,2.0,3.0,80.0,0.0
73.0,161.1546,15.176143,63.4026,29.0,0.0,0.0,100.0,-7.0,7.0,8.0,29.0,0.0,40.02203,0.0,2.0,1.0,36.651016,80.0,2.0,3.0,3.0,50.0,0.0
69.35879,159.13931,3.0,57.848816,23.475311,0.0,0.0,84.83428,8.640926,5.0,6.0,29.0,3.0,36.0,9.0,0.0,0.0,19.959118,93.0,3.0,2.0,0.0,60.0,0.0
75.0,242.55219,4.0,65.0,35.692627,0.0,0.0,100.0,-7.0,7.0,8.0,32.0,4.6173043,22.0,0.0,2.0,1.9507831,28.045416,76.0,4.0,2.0,1.0,33.0,0.0
78.0,454.91156,23.476282,108.937,20.0,0.0,0.0,94.223274,17.968943,6.0,6.0,19.0,0.0,11.0,-7.0,0.0,0.0,29.169783,-8.0,4.0,-8.0,0.0,42.911263,0.0
74.0,336.04462,2.0,143.62271,22.202385,1.0,0.0,100.0,-7.0,7.0,8.0,14.333292,1.2770413,23.0,8.0,0.0,0.0,48.362762,94.81749,3.0,2.0,0.0,53.547855,0.0
85.17142,162.20836,3.0,68.75033,14.0,0.0,0.0,100.0,-7.0,7.0,8.0,13.0,2.0,17.65619,0.0,1.0,1.0,4.0,31.527048,3.0,2.0,0.0,50.0,0.0
83.0,297.64926,20.0,124.60028,30.0,0.0,0.0,100.0,-7.0,7.0,8.0,9.0,0.0,28.0,6.0,2.0,2.0,13.0,-8.0,3.0,1.0,1.0,25.0,0.0
74.0,300.08676,1.3795625,107.321785,22.0,0.0,0.0,95.0,12.175652,6.0,6.0,32.295547,6.797425,19.0,0.0,1.0,1.0,25.0,116.79963,6.0,2.0,2.0,43.0,0.0
78.0,253.81291,2.0,72.0,28.429506,0.0,0.0,100.0,-7.0,7.0,8.0,30.264603,2.216497,52.639954,0.0,0.0,0.0,30.489422,73.71305,4.0,5.0,0.0,55.585663,0.0
75.0,83.676056,-9.0,41.291702,28.0,0.0,0.0,100.0,-7.0,7.0,8.0,32.0,9.140341,33.0,0.0,14.454646,14.358065,51.474335,91.54772,1.808288,3.0,0.0,70.84253,0.0
-9.0,-9.0,-9.0,-9.0,-9.0,-9.0,-9.0,-9.0,-9.0,-9.0,-9.0,-9.0,-9.0,-9.0,-9.0,-9.0,-9.0,-9.0,-9.0,-9.0,-9.0,-9.0,-9.0,0.0
87.69329,190.15866,1.0,100.0,28.0,0.0,0.0,100.0,-7.0,7.0,8.0,33.668385,4.0,33.0,0.34782395,2.1036768,3.0,0.0,100.0,4.0,2.0,0.0,33.0,0.0
73.0,203.96431,5.0,111.146034,50.167767,0.0,0.0,100.0,-7.0,7.0,8.0,49.174053,3.0,24.684824,1.0,2.0,2.0,23.33748,100.0,4.0,2.0,1.0,50.0,0.0
88.671684,278.2684,7.517881,106.18013,24.0,0.0,0.0,100.0,-7.0,7.0,8.0,34.0,1.0,40.0,-7.0,0.0,0.0,1.0,-8.0,2.0,-8.0,0.0,33.0,0.0
-9.0,-9.0,-9.0,-9.0,-9.0,-9.0,-9.0,-9.0,-9.0,-9.0,-9.0,-9.0,-9.0,-9.0,-9.0,-9.0,-9.0,-9.0,-9.0,-9.0,-9.0,-9.0,-9.0,0.0
87.0,448.6449,6.856462,140.49574,20.0,0.0,0.0,100.0,-7.0,7.0,8.0,27.0,2.0,29.0,-8.0,0.0,0.0,5.0,41.15245,3.0,3.0,0.0,52.830864,0.0
79.0,175.3526,5.0,60.81081,27.0,1.0,1.0,100.0,-7.0,6.0,8.0,31.0,3.0,29.0,2.495409,3.0,2.0,10.0,-8.0,2.0,-8.0,0.0,44.428387,0.0
68.0,391.6473,24.37158,129.61139,25.0,3.3671896,3.2136972,79.96962,22.04246,6.0,2.0,32.0,0.0,41.0,7.712655,0.0,0.0,46.118755,-8.0,4.0,2.0,0.0,67.0,0.0
66.21232,148.37486,3.0,76.369095,24.0,0.0,0.0,96.0,34.75428,6.0,6.0,26.0,2.0,22.0,0.0,1.0,1.0,53.03028,90.74146,4.0,2.0,1.0,80.26731,0.0
86.0,247.06403,5.0,151.5864,23.0,0.0,0.0,93.83984,37.83251,6.0,6.0,11.0,2.0,42.0,-7.0,1.0,1.0,5.0,-8.0,3.0,2.0,0.0,50.0,0.0
83.0,165.68144,1.0,150.82924,23.0,0.0,0.0,100.0,-7.0,7.0,8.0,27.333237,1.0,22.0,0.0,4.8875537,4.7316484,16.0,99.70871,6.0,2.0,0.0,67.0,0.0
80.0,305.2839,4.0,108.35967,53.25537,0.0,0.0,100.0,-7.0,7.0,8.0,62.117146,1.0,36.297314,0.0,1.0,1.0,30.160376,100.0,5.6871214,3.0,0.0,47.33287,0.0
64.199486,345.75272,5.0,115.24601,10.954069,0.0,0.0,68.64593,26.95084,6.0,6.0,15.0,1.0,22.966295,3.0,0.0,0.0,62.688725,-8.0,5.0,1.0,1.0,71.0,0.0
72.0,165.81491,4.0,61.321815,22.27961,0.0,0.0,96.0,37.983875,6.0,6.0,27.0,2.0,24.0,0.0,2.0,1.0,34.728344,80.436195,7.099923,2.0,1.0,50.0,0.0
88.94786,166.63495,3.0,74.99454,12.0,0.0,0.0,100.0,-7.0,7.0,8.0,13.0,2.0,72.81398,16.0,0.0,0.0,2.0,71.0,1.0,3.0,0.0,100.0,0.0
76.997116,212.2799,17.0,115.37179,37.180042,0.0,0.0,100.0,-7.0,7.0,8.0,41.8428,0.0,17.0,-7.0,0.0,0.0,27.089397,38.26335,8.84263,2.0,1.0,48.548763,0.0
79.0,174.9295,23.091663,81.912,11.0,0.0,0.0,100.0,-7.0,7.0,8.0,11.0,0.0,30.0,-7.0,0.0,0.0,45.980198,79.76585,5.0,2.0,1.0,88.722046,0.0
76.237175,152.54913,9.0,72.11951,27.0,0.0,0.0,100.0,-7.0,7.0,8.0,21.0,2.0,23.838966,-7.0,2.0,2.0,23.697216,68.39361,3.0,3.0,0.0,59.368973,0.0
73.0,169.00406,15.0,80.0,22.0,0.0,0.0,71.94425,12.752821,4.8409476,6.0,25.0,0.0,58.933792,16.0,0.0,0.0,22.96011,84.01325,2.0,3.0,0.0,82.18971,0.0
-9.0,239.86717,2.0,68.0,31.0,0.0,0.0,94.0,-7.0,-9.0,6.0,36.13166,1.5114484,23.0,2.0,0.0,0.0,3.0,62.94377,3.0,3.0,0.0,38.840797,0.0
70.0,147.54095,6.0,64.86414,22.0,2.0,0.0,88.0,28.770012,6.0,3.0,29.0,1.0,36.0,-8.0,0.0,0.0,37.660908,93.765884,3.0,3.0,0.0,69.61014,0.0
73.67192,417.229,5.0,99.89738,15.0,0.0,0.0,88.14164,12.184338,6.0,6.0,17.0,1.0,46.0,0.0,2.0,2.0,22.926977,52.27512,4.0,3.0,1.0,91.92395,0.0
82.0,139.19484,2.0,77.216934,20.753304,0.0,0.0,100.0,-7.0,7.0,8.0,19.0,1.0,50.0,-7.0,0.0,0.0,18.461159,-8.0,3.0,1.0,0.0,76.22275,0.0
87.46629,342.59195,8.393302,88.59145,32.0,0.0,0.0,100.0,-7.0,7.0,8.0,30.0,2.0,24.743345,0.0,0.0,0.0,6.394634,76.0,3.0,2.0,0.0,37.80938,0.0
75.0,197.08582,1.2799561,93.14165,28.0,2.0,1.0,89.57122,20.02138,6.0,2.0,36.640423,1.4567448,33.68052,0.0,6.4425874,5.960517,0.0,53.344498,1.0,1.0,0.0,30.46472,0.0
82.0,176.23311,6.0,42.167362,8.994361,0.0,0.0,100.0,-7.0,7.0,8.0,14.0,3.0,21.0,1.1692892,1.0,1.0,1.0,-8.0,1.0,2.0,0.0,45.019566,0.0
79.0,333.99158,6.0,53.713932,8.510308,0.0,0.0,100.0,-7.0,7.0,8.0,13.0,1.0,43.827934,-8.0,0.0,0.0,67.124374,83.30407,3.0,2.0,0.0,84.393166,0.0
83.0,171.69975,9.0,80.74837,18.0,0.0,0.0,94.0,51.664356,6.0,6.0,21.0,1.0,45.73836,2.0,0.0,0.0,0.0,-8.0,1.0,2.0,0.0,60.0,0.0
75.0,133.0513,32.536045,84.0,21.0,0.0,0.0,100.0,-7.0,7.0,8.0,19.086775,0.0,27.0,1.0,0.0,0.0,65.41887,50.483814,3.0,2.0,2.0,75.0,0.0
66.8853,165.51413,2.0,64.598816,28.0,1.0,0.0,91.482506,5.1548305,6.0,5.0,46.090992,3.0,21.0,0.0,2.747394,2.0,29.399546,36.585026,3.0,3.0,0.0,50.0,0.0
86.970245,352.0146,20.0,109.89492,31.82225,0.0,0.0,100.0,-7.0,7.0,8.0,34.0,0.0,13.0,1.0,0.0,0.0,28.0,-8.0,3.0,-8.0,0.0,38.877815,0.0
77.0,173.51756,9.955452,61.0,21.0,0.0,0.0,98.0,25.520956,6.0,6.0,22.0,1.0,1.911784,0.0,0.0,0.0,16.0,-8.0,4.0,1.0,0.0,45.166656,0.0
92.50507,381.5718,15.0,121.647385,25.0,0.0,0.0,100.0,-7.0,7.0,8.0,27.0,0.0,27.0,-5.379806,0.0,0.0,0.5582264,9.917394,2.0,1.0,0.0,18.177343,0.0
76.0,176.44753,3.0,54.04122,30.780632,0.0,0.0,100.0,-7.0,7.0,8.0,26.0,3.0,20.0,-7.0,0.0,0.0,18.0,92.90963,4.0,2.0,0.0,67.0,0.0
87.0,90.06828,27.846642,73.54393,15.0,0.0,0.0,100.0,-7.0,7.0,8.0,11.0,0.0,32.433487,0.0,0.0,0.0,1.0,-8.0,1.0,1.0,0.0,33.0,0.0
88.0,137.0903,3.8299139,60.921177,13.7338295,0.0,0.0,100.0,-7.0,7.0,8.0,11.0,2.0,0.0,-7.0,0.0,0.0,4.803088,-8.0,4.0,1.0,0.0,30.975012,0.0
-9.0,-9.0,-9.0,-9.0,-9.0,-9.0,-9.0,-9.0,-9.0,-9.0,-9.0,-9.0,-9.0,-9.0,-9.0,-9.0,-9.0,-9.0,-9.0,-9.0,-9.0,-9.0,-9.0,0.0
72.0,202.02565,26.039412,88.806854,14.0,0.0,0.0,95.18392,46.551754,6.0,6.0,18.0,0.0,14.0,19.006317,0.0,0.0,24.317516,45.097073,2.0,2.0,-8.0,73.0,0.0
67.0,223.92665,1.0,74.0,6.883434,2.0,1.4603614,91.72747,22.375326,4.0,2.0,5.042727,1.0,17.0,0.0,2.0,2.0,61.3581,-8.0,2.0,1.0,0.0,100.0,0.0
84.0,392.56537,33.38552,127.24883,30.0,0.0,0.0,97.18657,62.469707,6.0,6.0,34.0,0.0,55.865604,0.0,1.0,1.0,7.444755,64.7655,2.0,2.0,0.0,46.13221,0.0
85.0,266.30505,4.0,102.97573,26.0,0.0,0.0,100.0,-7.0,7.0,8.0,26.78139,2.0,26.828268,21.002821,0.0,0.0,15.0,94.70271,5.0,4.9176006,0.0,67.90951,0.0
82.0,141.76079,6.0,51.734608,15.0,0.0,0.0,100.0,-7.0,7.0,8.0,22.0,1.0,19.0,2.0,2.0,2.0,18.051846,71.85726,3.0,1.0,0.0,60.90737,0.0
76.0,138.0399,5.0,51.194153,10.0,0.0,0.0,100.0,-7.0,7.0,8.0,11.0,3.0,68.19092,0.0,2.0,1.2316059,22.224678,-8.0,2.0,4.0,0.0,85.37963,0.0
84.0,180.82982,4.0,81.0,3.5027747,0.0,0.0,100.0,-7.0,7.0,8.0,7.0396633,1.0,15.495612,0.4258178,1.0,1.0,6.905165,74.68513,2.6039183,1.0,0.0,91.54241,0.0
-9.0,-9.0,-9.0,-9.0,-9.0,-9.0,-9.0,-9.0,-9.0,-9.0,-9.0,-9.0,-9.0,-9.0,-9.0,-9.0,-9.0,-9.0,-9.0,-9.0,-9.0,-9.0,-9.0,0.0
83.0,141.37115,13.538135,61.0,25.0,0.0,0.0,100.0,-7.0,7.0,8.0,25.0,0.0,33.0,4.0,0.0,0.0,8.453308,82.0,2.0,5.0,0.0,62.361847,0.0
74.0,148.0002,21.175623,77.72043,19.638023,0.0,0.0,100.0,-7.0,7.0,8.0,21.0,0.0,24.0,0.0,4.0,4.0,60.03839,-8.0,5.0,1.0,3.0,77.547,0.0
80.0,155.80266,-9.0,61.600197,38.068012,0.0,0.0,100.0,-7.0,7.0,8.0,34.605274,4.7802672,13.287206,1.0,2.0,2.0,11.401984,-8.0,3.0,1.0,0.0,20.86774,0.0
78.0,272.5603,6.0,65.0,32.0,0.0,0.0,100.0,-7.0,7.0,8.0,27.091896,3.0,58.18127,7.504391,2.0,2.0,20.831247,45.34071,2.0,6.0,0.0,66.847565,0.0
72.47301,233.06621,23.54881,125.9752,15.0,0.0,0.0,100.0,-7.0,7.0,8.0,15.0,0.0,12.022109,0.0,1.0,1.0,54.96942,-8.0,4.0,1.0,1.0,67.0,0.0
64.0,438.91348,11.0,119.53315,25.0,0.0,0.0,78.098404,12.238767,6.0,6.0,25.0,0.0,31.0,0.0,1.0,1.0,37.791973,88.84286,5.0,2.0,3.2772622,67.0,0.0
68.0,153.16222,3.0,64.577194,28.0,0.0,0.0,100.0,-7.0,7.0,8.0,28.0,3.6326017,46.0,0.0,2.0,2.0,53.461044,69.405876,6.0,2.0,2.8205607,67.0,0.0
81.0,280.0925,3.1907737,67.0,20.564869,0.0,0.0,100.0,-7.0,7.0,8.0,23.212439,4.0,33.0,0.0,2.0,2.0,21.859266,92.882576,4.0,5.0,0.0,71.0,0.0
-9.0,-9.0,-9.0,-9.0,-9.0,-9.0,-9.0,-9.0,-9.0,-9.0,-9.0,-9.0,-9.0,-9.0,-9.0,-9.0,-9.0,-9.0,-9.0,-9.0,-9.0,-9.0,-9.0,0.0
69.0,86.340614,10.0,67.95222,15.0,1.0,1.0,94.0,-7.0,4.0,6.0,16.0,1.0,25.0,-6.8069644,1.0,1.0,6.8716755,70.49817,2.0,1.0,0.0,67.0,0.0
68.0,189.70793,14.784015,94.87128,10.611191,2.0,1.0,75.59897,11.427359,4.0,3.0,17.0,0.0,22.608883,-7.0,1.0,1.0,11.751764,7.1283364,4.0,1.0,0.0,100.0,0.0
-9.0,-9.0,-9.0,-9.0,-9.0,-9.0,-9.0,-9.0,-9.0,-9.0,-9.0,-9.0,-9.0,-9.0,-9.0,-9.0,-9.0,-9.0,-9.0,-9.0,-9.0,-9.0,-9.0,0.0
83.0,155.12013,2.0,60.446777,28.0,0.0,0.0,100.0,-7.0,7.0,8.0,29.711697,2.5878747,54.371353,12.0,0.0,0.0,14.0,70.29815,4.0,4.0,0.0,67.0,0.0
-9.0,-9.0,-9.0,-9.0,-9.0,-9.0,-9.0,-9.0,-9.0,-9.0,-9.0,-9.0,-9.0,-9.0,-9.0,-9.0,-9.0,-9.0,-9.0,-9.0,-9.0,-9.0,-9.0,0.0
91.0,159.49663,20.439117,110.39804,9.0,0.0,0.0,100.0,-7.0,7.0,8.0,10.0,0.0,13.0,-7.0,0.0,0.0,0.33403882,-8.0,1.0,-8.0,0.0,25.0,0.0
75.0,190.47623,3.0,79.285065,13.380323,2.0,1.0,92.0,64.771965,6.0,3.0,14.0,3.0,19.0,2.0,3.0,3.0,27.571592,-8.0,3.0,2.0,0.0,85.32916,0.0
-9.0,-9.0,-9.0,-9.0,-9.0,-9.0,-9.0,-9.0,-9.0,-9.0,-9.0,-9.0,-9.0,-9.0,-9.0,-9.0,-9.0,-9.0,-9.0,-9.0,-9.0,-9.0,-9.0,0.0
74.0,190.46365,-9.0,90.54024,21.0,1.0,0.0,95.0,42.912006,6.0,5.0,27.0,3.0,-9.0,0.0,2.0,2.0,13.165808,-8.0,11.0,-8.0,1.0,50.0,0.0
68.0,259.68283,8.0,120.80521,17.297016,1.0,0.0,93.0,6.0,4.0,2.0,21.0,1.0,26.107159,0.0,0.0,0.0,52.966805,-8.0,5.0,1.0,0.0,52.66227,0.0
76.0,198.88557,17.0,77.0,38.06831,0.0,0.0,97.3223,-7.0,5.0,6.0,52.959003,0.0,79.2476,0.0,3.0,3.0,0.9398248,98.55175,-5.0651207,12.746136,0.0,70.47177,0.0
-9.0,-9.0,-9.0,-9.0,-9.0,-9.0,-9.0,-9.0,-9.0,-9.0,-9.0,-9.0,-9.0,-9.0,-9.0,-9.0,-9.0,-9.0,-9.0,-9.0,-9.0,-9.0,-9.0,0.0
81.0,207.97969,6.0,61.0,11.0,0.0,0.0,100.0,-7.0,7.0,8.0,4.791308,0.0,11.0,-7.0,0.0,0.0,51.49001,-8.0,2.0,-8.0,0.0,38.0,0.0
82.0,269.2958,17.302172,152.49057,30.0,0.0,0.0,98.97925,19.414194,4.941498,6.0,46.518147,1.0,44.0,7.201427,1.0,1.0,49.694164,100.0,1.0,2.0,0.0,50.0,0.0
78.0,233.40123,20.0,150.96478,9.687082,0.0,0.0,90.0,27.127728,6.0,6.0,12.215601,0.0,45.0,0.0,0.0,0.0,21.0,-8.0,3.0,1.0,0.0,75.0,0.0
74.7981,330.0326,23.65355,90.0,19.516256,0.0,0.0,93.94518,29.818216,6.0,6.0,20.0,0.0,75.12412,-7.0,3.0,2.0,51.193474,98.23906,5.0,5.9973764,0.0,86.0,0.0
87.0,288.02887,6.0,82.36055,15.0,0.0,0.0,100.0,-7.0,7.0,8.0,14.0,1.0,14.0,-8.16737,0.0,0.0,3.0,-8.0,3.0,1.0,0.0,56.122807,0.0
-9.0,-9.0,-9.0,-9.0,-9.0,-9.0,-9.0,-9.0,-9.0,-9.0,-9.0,-9.0,-9.0,-9.0,-9.0,-9.0,-9.0,-9.0,-9.0,-9.0,-9.0,-9.0,-9.0,0.0
75.70155,126.78721,1.0,63.777992,16.195345,0.0,0.0,100.0,-7.0,7.0,8.0,22.0,3.0,43.41863,0.0,1.0,1.0,7.1902723,58.563126,2.0,2.0,0.0,91.95472,0.0
74.35613,161.02501,2.0,20.679947,20.0,0.0,0.0,100.0,-7.0,7.0,8.0,21.267424,2.0,40.35864,19.453272,1.0,1.0,10.0,89.33004,4.0,2.0,0.0,50.0,0.0
70.0,169.12259,17.324615,74.0,13.436425,2.0,0.0,91.007484,20.055952,4.0,4.0,16.0,0.0,31.747791,-8.0,0.0,0.0,28.0,51.25554,3.0,2.0,1.0,58.0,0.0
-9.0,-9.0,-9.0,-9.0,-9.0,-9.0,-9.0,-9.0,-9.0,-9.0,-9.0,-9.0,-9.0,-9.0,-9.0,-9.0,-9.0,-9.0,-9.0,-9.0,-9.0,-9.0,-9.0,0.0
88.0,362.78937,5.0,103.895836,27.0,0.0,0.0,100.0,-7.0,7.0,8.0,25.0,1.0,30.0,0.0,1.0,1.0,2.0,-8.0,3.0,1.0,0.0,43.0,0.0
76.0,242.24437,11.0,98.87021,11.5832405,0.0,0.0,100.0,-7.0,7.0,8.0,15.0,0.0,31.0,0.0,1.0,1.0,66.17586,25.263065,4.0,2.0,3.0,63.10968,0.0
67.0,154.28307,30.753912,84.0,12.0,1.0,2.0,75.07039,-7.0,-9.0,4.3548017,13.063592,0.0,35.501877,1.0,0.0,0.0,21.448832,-8.0,2.0,-8.0,0.0,40.0,0.0
77.74269,86.39915,4.0,40.73194,11.0,0.0,0.0,100.0,-7.0,7.0,8.0,21.706459,2.0,23.0,0.0,1.8358762,2.0,34.130234,-8.0,4.0,-8.0,1.0,83.0,0.0
71.0,149.11249,6.0,59.434025,14.0,1.1723708,2.0,100.0,-7.0,7.0,8.0,15.0,1.0,67.2309,7.0,2.0,2.0,42.948376,91.41012,1.0,4.0,0.0,78.0,0.0
87.0,162.18977,4.0,80.0,21.0,0.0,0.0,100.0,-7.0,7.0,8.0,26.0,1.0,47.0,0.0,1.0,0.0,5.0,77.80157,1.0,2.0,0.0,60.0,0.0
68.0,193.87358,2.0,77.0,29.0,0.0,0.0,91.441086,17.44994,6.0,6.0,34.0,1.0,18.0,0.0,3.0,3.0,28.0,65.09547,4.0,2.0,4.0,29.991644,0.0
75.0,139.73563,5.0,58.0,32.0,0.0,0.0,100.0,-7.0,7.0,8.0,30.0,3.0,13.0,0.0,2.0,1.3184565,25.108051,-8.0,7.0,2.0,2.0,75.0,0.0
87.001495,266.45172,5.0,102.38077,10.0,0.0,0.0,100.0,-7.0,7.0,8.0,10.0,1.0,33.298206,-7.0,2.0,2.0,7.0,-8.0,2.0,1.0,0.0,75.0,0.0
85.0,190.57759,3.0,165.47745,27.648636,0.0,0.0,100.0,-7.0,7.0,8.0,27.0,3.0,30.0,-8.0,2.0,1.8422962,3.0,64.34309,3.0,2.0,0.0,71.591835,0.0
83.0,161.43631,6.0,45.35265,13.0,0.0,0.0,100.0,-7.0,7.0,8.0,16.0,0.0,20.0,-8.0,0.0,0.0,1.0,81.05693,2.0,2.0,0.0,74.28858,0.0
70.0,58.91204,5.5653715,62.16172,11.0,0.0,0.0,100.0,-7.0,7.0,8.0,4.7093267,3.0,55.64821,0.0,2.0,2.0,67.00426,57.962257,2.0,3.0,3.0,99.62333,0.0
75.0,70.14152,8.0,71.0,18.0,0.0,0.0,94.0,23.153341,6.0,6.0,4.2792044,2.0,59.005272,18.83264,0.0,0.0,0.0,94.727806,0.0,3.0,0.0,50.0,0.0
78.0,-8.0,4.0,53.45043,28.0,0.0,0.0,97.0,78.32469,6.0,6.0,29.0,3.0,21.0,0.0,1.0,1.0,3.0,-8.0,3.0,1.0,1.0,4.8092732,0.0
82.0,168.11824,15.011651,127.59366,15.887777,0.0,0.0,100.0,-7.0,7.0,8.0,3.989882,0.0,23.72629,9.0,0.0,0.0,29.201498,49.65044,2.0,1.0,0.0,44.0,0.0
73.0,196.36455,5.0,59.704323,22.0,0.0,0.0,95.0,58.22919,6.0,6.0,32.0,1.0,14.348802,7.0,0.0,0.0,27.529104,80.5295,10.148144,1.0,2.0,70.910446,0.0
80.0,126.46633,21.583117,65.0,9.0,0.0,0.0,100.0,-7.0,7.0,8.0,14.0,0.0,28.0,18.317003,0.0,0.0,24.841969,-8.0,3.0,1.0,0.0,77.88082,0.0
74.0,147.31807,8.0,76.44539,40.963665,0.0,0.0,97.0,3.933124,6.0,6.0,38.569294,1.0,13.526852,0.0,4.706147,4.586816,13.690507,-8.0,1.0,-8.0,0.0,20.704449,0.0
-9.0,-9.0,-9.0,-9.0,-9.0,-9.0,-9.0,-9.0,-9.0,-9.0,-9.0,-9.0,-9.0,-9.0,-9.0,-9.0,-9.0,-9.0,-9.0,-9.0,-9.0,-9.0,-9.0,0.0
86.0,264.7454,10.0,89.728745,28.0,0.0,0.0,100.0,-7.0,7.0,8.0,30.0,1.0,33.0,0.0,0.0,0.0,18.210766,37.58005,3.0,2.0,0.0,43.076153,0.0
71.0,135.97278,3.0,63.0,32.0,0.0,0.0,96.0,24.112408,6.0,6.0,28.006786,1.0,44.14323,0.0,6.843874,6.138852,31.752935,78.57421,3.0,4.0,2.398127,58.0,0.0
92.580986,382.55606,8.0,168.66376,12.0,0.0,0.0,100.0,-7.0,7.0,8.0,11.0,0.0,11.257614,0.0,0.0,1.0,0.0,-8.0,0.03794011,-8.0,0.0,-9.0,0.0
78.70465,232.50256,11.305106,82.70749,28.0,0.0,0.0,96.0,18.846704,6.0,6.0,30.0,0.0,23.0,7.0,1.0,0.0,28.435555,54.25475,2.0,2.0,1.0,35.967606,0.0
71.0,156.37148,11.0,76.165054,14.495992,0.0,0.0,86.39746,35.009167,6.0,6.0,16.0,0.0,37.316532,19.303621,0.0,0.0,21.0,-8.0,5.0,1.0,0.0,68.26589,0.0
86.0,390.5892,6.0,125.08956,33.0,0.0,0.0,100.0,-7.0,7.0,8.0,31.0,1.0,13.9606495,2.0,1.0,1.0,11.0,-8.0,1.0,-8.0,0.0,13.201597,0.0
77.0,252.8019,9.0,99.97015,42.717358,0.0,0.0,100.0,29.223574,6.0,6.0,49.83907,1.0,33.127487,2.0,0.0,1.0,10.773207,15.025108,11.0,3.0,1.0,56.142895,0.0
88.11495,202.59848,3.0,78.41318,13.0,0.0,0.0,100.0,-7.0,7.0,8.0,15.0,1.0,14.444383,-8.0,0.0,0.0,1.0,58.38942,2.0,1.0,0.0,33.0,0.0
74.0,315.8844,11.0,121.47302,28.0,1.0,1.0,99.01262,47.705666,6.0,5.0,29.0,0.0,67.92106,9.0,4.0,3.0,10.0,59.826843,3.0,5.0,0.0,61.340492,0.0
65.93118,279.2013,6.0,130.05551,25.0,0.0,0.0,96.0,14.7115755,6.0,6.0,24.0,0.0,33.713726,3.0,3.0,3.0,62.1516,-8.0,2.0,1.0,1.0,44.819725,0.0
82.0,272.124,16.0,164.40363,20.0,1.0,0.0,95.0,58.730007,6.0,5.0,21.274723,0.0,14.0,21.75479,0.0,0.0,4.0,80.0,5.0,1.0,0.0,100.0,0.0
71.0,226.02713,2.0,82.0179,36.0,0.0,0.0,100.0,-7.0,7.0,8.0,44.745293,1.0,27.10095,0.0,3.0,3.0,29.842964,68.04674,7.542171,4.0,5.3926654,45.176094,0.0
79.0,76.5471,-8.001999,60.083828,12.0,0.0,0.0,100.0,-7.0,7.0,8.0,12.6970825,2.0,21.0,0.47888628,2.0,1.0,32.81689,93.294716,2.0,2.4919407,0.0,33.0,0.0
71.0,141.4623,4.0,54.403618,10.336039,0.0,0.0,74.18668,27.719463,6.0,6.0,10.170898,1.0,24.0,0.0,0.0,0.0,71.79526,-8.0,2.0,1.0,0.0,75.0,0.0
77.2437,141.17622,13.375159,90.0,18.0,0.0,0.0,88.0,17.545792,6.0,6.0,20.0,0.0,24.067678,0.0,1.0,1.9269394,11.0,-8.0,2.0,1.0,0.0,47.762054,0.0
69.0,271.933,24.453262,71.0,26.479021,1.0,1.0,88.0,1.0,-9.0,5.0937896,29.0,0.0,50.0,-7.0,0.0,0.0,28.174116,-8.0,5.0,1.0,0.0,47.45336,0.0
73.0,195.77399,27.394634,80.39647,20.0,0.0,0.0,79.01706,2.198968,0.0,6.0,22.475246,0.0,72.329735,0.0,0.0,0.0,2.0,-8.0,0.0,4.0,0.0,72.03677,0.0
81.0,336.11285,28.643896,92.0,12.0,0.0,0.0,88.0,31.275932,6.0,5.8136125,11.0,0.0,35.0,-8.0,0.0,0.0,7.0,-8.0,3.0,1.0,0.0,79.17299,0.0
59.141228,178.81938,3.0,108.50618,15.0,5.1756396,3.988032,75.98357,3.9258947,4.0,5.0,15.719349,3.0,37.264355,0.0,0.0,0.0,25.0,81.795006,7.0,3.0,0.0,75.0,0.0
80.0,360.53516,13.340923,94.83341,30.0,0.0,0.0,100.0,-7.0,7.0,8.0,22.0,0.0,21.0,-8.0,0.0,0.0,15.0,60.841812,6.0,3.0,0.0,60.0,0.0
77.0,205.41785,11.0,54.117077,12.0,0.0,0.0,89.0,10.093337,6.0,6.0,12.0,1.0,35.0,-7.0,1.0,1.0,14.0,-8.0,3.0,1.0,0.0,60.0,0.0
-9.0,162.40746,10.0,74.0,21.0,4.1202164,3.727482,85.82805,2.228899,0.0,5.123834,23.0,2.0,22.0,0.0,1.0,1.0,22.968935,-8.0,11.0,2.0,1.0,84.06308,0.0
79.0,128.7192,5.0,45.770874,14.343085,0.0,0.0,100.0,-7.0,7.0,8.0,16.0,1.0996835,46.080067,0.0,0.0,0.0,29.584764,85.92524,4.0,2.0,1.0,69.19388,0.0
63.41847,-9.0,4.0,-9.0,13.0,0.0,0.0,100.0,-7.0,7.0,8.0,15.0,1.0,50.0,-7.0,4.796851,4.731612,82.12465,86.98357,3.0,2.0,0.0,71.0,0.0
-9.0,-9.0,-9.0,-9.0,-9.0,-9.0,-9.0,-9.0,-9.0,-9.0,-9.0,-9.0,-9.0,-9.0,-9.0,-9.0,-9.0,-9.0,-9.0,-9.0,-9.0,-9.0,-9.0,0.0
86.0,167.09364,2.0,58.438923,31.568956,0.0,0.0,95.0,45.077454,6.0,6.0,38.24239,3.0,44.175762,-2.3293183,3.9877155,3.4434588,6.0,13.503723,3.0,4.0,0.0,58.0,0.0
63.719704,-7.0819597,9.0,80.0,10.0,2.7416964,2.8320973,70.90061,25.587194,6.0,4.0,15.0,1.0,56.298798,-7.0,4.0,3.0,56.417652,-8.0,1.0,-8.0,-8.710154,40.232758,0.0
86.0,175.54898,17.221529,110.36983,19.0,0.0,0.0,100.0,-7.0,7.0,8.0,20.0,0.0,36.0,12.9521885,0.0,0.0,6.9488053,-8.0,2.0,2.0,0.0,70.0,0.0
86.178795,167.21376,25.267895,58.0,16.042122,0.0,0.0,100.0,-7.0,7.0,8.0,39.30478,0.0,44.955994,-8.0,0.0,0.0,10.015951,-8.0,2.5575783,2.0,0.0,77.76206,0.0
88.0,176.51535,27.006416,106.81166,-9.0,0.0,0.0,100.0,-7.0,7.0,8.0,1.4308318,0.0,58.18286,0.0,0.0,0.0,0.0,-8.0,0.50945336,-8.0,0.0,35.772537,0.0
-9.0,-9.0,-9.0,-9.0,-9.0,-9.0,-9.0,-9.0,-9.0,-9.0,-9.0,-9.0,-9.0,-9.0,-9.0,-9.0,-9.0,-9.0,-9.0,-9.0,-9.0,-9.0,-9.0,0.0
85.0,361.9555,-3.022384,119.57424,15.0,0.0,0.0,100.0,-7.0,7.0,8.0,16.0,3.0,14.0,0.0,1.0,0.9879026,0.0,93.697975,2.0,1.0,0.0,57.0,0.0
69.66107,122.42507,2.0,43.11829,36.0,0.0,0.0,96.0,24.610426,6.0,6.0,39.339527,6.0,22.0,0.0,4.0,3.991877,10.0,-8.0,2.0,2.0,0.0,9.020227,0.0
86.0,353.18378,20.542013,103.277145,15.0,0.0,0.0,87.06848,21.291483,6.0,6.0,17.0,0.0,24.0,-7.9468756,1.0,1.0,5.0,-8.0,1.1712008,-8.0,0.0,25.407093,0.0
64.0,-8.0,4.0,-9.0,17.0,0.0,0.0,100.0,-7.0,7.0,8.0,20.0,4.0,43.0,5.0,0.0,0.0,60.860718,59.98397,6.0,6.2643733,1.0,85.68092,0.0
77.0,359.36163,3.0,84.0,36.0,0.0,0.0,100.0,-7.0,7.0,8.0,39.799545,2.0,24.0,0.0,2.0,2.0,6.0,56.727665,3.0,1.0,0.0,25.0,0.0
79.0,50.10652,2.0,-9.0,10.0,0.0,0.0,100.0,-7.0,7.0,8.0,13.980782,3.0,14.0,-8.0,4.0,3.880306,0.0,-8.0,3.0,1.0,0.0,50.0,0.0
90.0,133.73604,6.0,72.35693,28.0,0.0,0.0,100.0,-7.0,7.0,8.0,28.0,2.0,42.0,3.0,1.9593971,1.0,6.0,-8.0,1.0,1.0,0.0,18.50662,0.0
-9.0,-9.0,-9.0,-9.0,-9.0,-9.0,-9.0,-9.0,-9.0,-9.0,-9.0,-9.0,-9.0,-9.0,-9.0,-9.0,-9.0,-9.0,-9.0,-9.0,-9.0,-9.0,-9.0,0.0
73.0,369.95682,4.0,72.271385,30.272099,0.0,0.0,100.0,-7.0,7.0,8.0,34.0,3.0,33.0,0.0,3.0,3.0,13.890422,-8.0,4.0,2.0,1.2081987,50.0,0.0
83.47533,182.57773,3.0,98.03969,32.00604,0.0,0.0,100.0,-7.0,7.0,8.0,37.0,3.0,58.71715,-8.0,1.0,1.0,30.066124,86.012405,3.0,6.0,0.0,56.0,0.0
68.0,138.04697,4.0,49.801395,17.0,0.0,0.0,100.0,-7.0,7.0,8.0,19.0,2.0,49.940514,-7.0,4.0,4.0,94.107025,67.98844,3.0,2.0,5.1820307,98.40612,0.0
77.0,163.40994,4.0,71.0,19.0,0.0,0.0,96.93792,48.684643,6.0,6.0,22.0,1.0,86.4866,11.694846,0.0,0.0,33.47039,53.29382,3.0,4.0,0.0,100.0,0.0
76.67231,182.89928,3.0,82.0,26.0,0.0,0.0,100.0,-7.0,7.0,8.0,24.908783,3.0,60.50203,23.810848,0.0,0.0,40.912067,50.55778,5.0,3.0,1.0,97.95082,0.0
78.79721,131.93,5.0,42.67742,19.0,0.0,0.0,100.0,-7.0,7.0,8.0,18.0,1.3622013,34.059605,8.854915,1.0,1.0,49.302498,68.78907,3.0,3.0,0.0,88.0,0.0
84.0,370.00876,5.0,81.0,22.0,0.0,0.0,96.0,34.78488,6.0,6.0,22.0,1.6477447,11.0,-7.0,2.0,1.0,2.0,-8.0,2.0,-8.0,0.0,20.559875,0.0
87.0,314.24332,8.0,148.15088,16.753332,0.0,0.0,100.0,-7.0,7.0,8.0,9.523208,1.0,40.0,9.0,0.0,0.0,3.0,-8.0,1.0,1.0,0.0,29.861185,0.0
69.0,205.9526,2.0,88.799515,28.0,2.0,1.0,92.52485,38.140526,6.0,5.0,25.83375,2.0,27.0,0.0,6.9101553,6.9114494,29.981146,-8.0,9.0,2.0,0.0,70.0,0.0
73.0,168.47186,20.0,92.5652,29.0,0.0,0.0,95.0,3.7190232,4.0,6.0,30.0,0.0,64.95566,-7.0,0.0,0.0,55.243248,49.927776,4.0,4.0,1.0897604,100.0,0.0
67.0,161.73572,8.0,80.0,17.0,0.0,0.0,94.0,18.638706,4.0,6.0,17.0,3.0,17.0,0.0,4.0,3.4555354,52.064617,-8.0,4.0,1.7997502,0.0,58.0,0.0
83.0,188.34627,26.86601,79.0,9.0,0.0,0.0,100.0,-7.0,7.0,8.0,15.0,0.0,37.741978,18.794205,0.0,0.0,20.751741,-8.0,2.0,1.0,0.0,55.044098,0.0
66.0,224.67381,6.0,100.90538,23.398197,1.0,1.0,81.98768,17.620903,5.9411106,4.0,13.0,1.0,24.0,2.0,3.0,2.0,35.387455,-8.0,6.0,1.0,5.139967,67.55762,0.0
67.0,219.15466,6.0,82.71587,51.306335,0.0,0.0,100.0,-7.0,7.0,8.0,50.625378,2.0,32.40073,5.0,2.0,2.0,71.592255,69.267235,9.0,3.0,7.815755,67.0,0.0
70.0,220.38486,2.0,74.0,25.0,0.0,0.0,96.0,27.802998,6.0,6.0,29.0,2.0,36.0,0.0,4.6606364,4.121668,24.822828,93.774185,7.809771,2.0,1.0,67.0,0.0
66.0,38.77358,14.0,-9.0,5.6270576,1.0,1.0,100.0,-7.0,6.0,8.0,3.985832,1.0,47.0,-7.0,0.0,0.0,53.591324,19.989035,1.0,1.0,0.0,89.14581,0.0
71.249214,232.81429,8.0,78.95463,19.0,0.0,0.0,79.886986,46.88757,6.0,6.0,17.0,1.0,17.218704,0.0,2.0,2.0,23.217085,-8.0,4.0,1.0,2.0,36.718468,0.0
65.0,-8.0,7.0,64.785774,10.0,2.8117762,0.0,82.61419,20.167149,6.0,5.0,12.0,0.0,56.68711,2.0,0.0,0.0,51.396027,71.0,3.2730532,2.0,0.0,88.5332,0.0
81.0,181.82399,17.943121,80.0,18.0,0.0,0.0,100.0,-7.0,7.0,8.0,28.0,0.0,40.0,0.0,2.0,1.3675969,17.785511,-8.0,2.0,-8.0,0.0,77.47253,0.0
92.72703,189.27605,5.0,151.22308,6.7472115,0.0,0.0,100.0,-7.0,7.0,8.0,-7.8989763,2.0,31.554459,5.0,0.0,0.0,4.8743877,-8.0,2.0,1.0,0.0,53.666206,0.0
65.0,182.05844,11.0,97.0,15.0,0.0,0.0,92.0,30.962675,6.0,6.0,15.884111,1.0,30.0,5.4656835,1.0,1.0,79.43053,78.77874,3.0,2.0,1.0,80.0,0.0
68.0,74.85709,6.0,31.761637,17.0,0.0,0.0,100.0,-7.0,7.0,8.0,14.0,2.0,11.828423,2.0,5.0,4.176073,36.0,-8.0,5.0,-8.0,1.0,100.0,0.0
78.40106,239.08408,2.9916985,109.59315,23.0,1.0,1.0,95.0,38.135147,6.0,3.483222,26.893002,2.0,15.0,0.0,1.0,1.0,5.0,32.825146,3.0,2.7789145,0.0,46.651695,0.0
72.0,-9.0,7.0,2.6736863,19.0,0.0,0.0,100.0,-7.0,1.8165663,6.0,16.0,1.0,35.37152,0.0,1.0,1.0,9.706493,55.371788,3.0,2.0,0.0,44.538258,0.0
72.55579,174.46014,5.0,46.910862,21.0,0.0,0.0,100.0,-7.0,7.0,8.0,23.0,3.0,22.0,0.0,2.0,2.0,35.717735,67.67479,4.0,1.0,1.0,55.591473,0.0
79.0,231.09454,2.590401,86.0,31.0,0.0,0.0,100.0,-7.0,7.0,8.0,30.128483,4.0,68.107925,2.0,2.0,1.9600719,32.0,76.0,5.0,2.0,0.0,100.0,0.0
87.0,139.33597,5.0,83.7098,39.0,0.0,0.0,100.0,-7.0,7.0,8.0,31.0,2.0,26.699827,-7.0,0.0,0.0,0.0,-8.0,2.0,1.0,0.0,20.283182,0.0
75.0,352.98892,39.352173,158.73616,13.598886,2.0,1.0,90.03017,31.83794,6.0,2.0,8.399078,0.0,33.0,3.0,1.0,1.0,6.0,-8.0,3.0,4.0,0.0,85.97675,0.0
-9.0,177.60272,2.4043596,81.62647,20.0,4.120917,2.0,82.95252,5.8043,4.415146,4.0,21.0,1.9085085,44.73295,0.0,6.467964,6.3852897,28.653856,78.26288,2.0,3.0,0.0,86.0,0.0
79.06759,218.56525,4.0,79.0,28.0,0.0,0.0,100.0,-7.0,7.0,8.0,26.0,1.0,39.0,4.0,1.0,1.0,21.064777,69.81869,2.0,4.722074,0.0,68.17444,0.0
85.6792,158.48521,24.118698,121.42166,14.0,0.0,0.0,100.0,-7.0,7.0,8.0,10.770037,0.0,39.161343,-8.0,0.0,0.0,34.59917,-8.0,1.0,1.0,0.0,44.0,0.0
92.22643,329.67664,15.811718,116.49036,15.0,0.0,0.0,100.0,-7.0,7.0,8.0,19.0,0.0,21.0,0.0,1.0,1.0,1.0,-8.0,0.0,1.0,0.0,41.318943,0.0
86.0,341.8928,7.0,116.28563,34.0,0.0,0.0,100.0,-7.0,7.0,8.0,37.0,2.0,36.0,1.0301644,3.0,2.0,6.0,56.006306,3.9414482,4.0,0.0,61.716152,0.0
81.0,181.62114,4.617388,92.0,40.983147,0.0,0.0,100.0,-7.0,7.0,8.0,35.0,1.5092859,-9.0,7.0,0.0,0.0,17.0,44.500168,5.0,1.0,2.0,30.878887,0.0
87.0,209.82538,10.0,83.67087,14.0,0.0,0.0,100.0,-7.0,7.0,8.0,12.304987,0.0,26.0,0.0,3.0,3.0,1.0,-8.0,2.0,1.0,0.0,50.0,0.0
79.0,145.90878,15.0,70.0,13.65552,0.0,0.0,100.0,-7.0,7.0,8.0,12.584858,0.0,33.0,-8.0,1.0,1.0,35.16194,-4.998288,2.0,2.0,0.0,83.87505,0.0
82.0,147.0546,10.0,77.0,25.0,0.0,0.0,100.0,-7.0,7.0,8.0,14.988231,2.0,44.33651,-7.0,1.0,0.0,2.0,80.02092,3.0,5.464161,0.0,60.0,0.0
69.0,279.0336,6.0,72.0,34.0,0.0,0.0,95.0,4.0725675,6.0,6.0,36.662735,1.0,36.0,0.0,2.0,2.0,60.994034,56.275055,2.0,5.0,2.0,60.0,0.0
63.52555,-9.0,6.0,28.700928,6.0,1.0,0.0,91.0,5.0598207,4.0,4.0,5.15656,2.0,33.0,0.0,0.0,0.0,1.8731812,95.876495,4.0,2.0,0.0,83.0,0.0
71.0,353.83066,5.0,77.0,19.235697,0.0,0.0,77.98118,9.221148,6.0,6.0,26.0,2.0,31.0,9.0,0.0,0.0,21.0,50.72629,4.0,3.0,0.0,60.0,0.0
85.83975,332.51572,12.653048,86.86902,26.833618,0.0,0.0,100.0,-7.0,7.0,8.0,21.0,1.0,33.0,0.0,0.0,0.0,6.0,51.664383,3.0,2.0,0.0,41.610584,0.0
88.024185,258.6274,95.22182,119.44812,15.0,0.0,0.0,100.0,-7.0,7.0,8.0,14.468344,0.0,29.0,10.264231,0.0,0.0,11.0,-8.0,2.0,2.0,0.0,40.0,0.0
-9.0,-9.0,-9.0,-9.0,-9.0,-9.0,-9.0,-9.0,-9.0,-9.0,-9.0,-9.0,-9.0,-9.0,-9.0,-9.0,-9.0,-9.0,-9.0,-9.0,-9.0,-9.0,-9.0,0.0
69.04418,85.62581,3.0,61.0,28.0,0.0,0.0,100.0,-7.0,7.0,8.0,8.224252,3.0,29.0,0.0,1.0,1.9840403,61.410183,-8.0,6.0,3.0,1.0,100.0,0.0
63.0,235.15395,2.0,81.632805,49.531506,0.0,0.0,96.0,4.895369,4.0,6.0,46.165997,2.0,24.0,-7.0,1.0,1.0,23.055483,50.32829,7.0,2.0,2.0,57.11304,0.0
73.0,156.52505,7.0,71.37211,37.60954,0.0,0.0,100.0,-7.0,7.0,8.0,38.0,2.0,36.0,9.0,0.0,0.0,44.628014,93.0,3.0,3.0,1.0,64.0,0.0
68.0,164.5368,1.383946,67.0,34.163784,1.0,1.0,97.0,57.93918,6.0,3.5581052,38.0,3.0,24.0,0.0,1.0,1.0,56.15452,81.0178,7.0,2.0,5.1290894,88.0,0.0
81.33749,288.54004,8.0,80.0,42.86947,0.0,0.0,100.0,-7.0,7.0,8.0,46.91741,1.0,25.0,-7.0,1.0,1.0,19.515362,92.978714,2.1444476,3.0,0.0,45.313675,0.0
77.93865,130.98344,-7.8389783,49.218513,25.0,0.0,0.0,100.0,-7.0,7.0,8.0,28.0,10.197942,31.0,4.996109,0.0,0.0,32.0,84.35533,2.0,3.0,1.0,67.0,0.0
66.0,113.8378,6.0,32.668514,3.7098253,3.0,1.0,61.183117,5.495463,6.0,2.0,12.080991,0.0,14.0,0.0,3.0,3.0,4.0,-8.0,1.0,1.0,0.0,44.0,0.0
76.020065,-9.0,3.0,76.0,24.0,0.0,0.0,100.0,-7.0,7.0,8.0,-9.0,2.0,29.0,-7.9776354,0.0,0.0,48.239605,96.432,3.0,2.0,1.8056626,57.0,0.0
86.06766,166.53185,14.53746,86.92989,19.0,0.0,0.0,100.0,-7.0,7.0,8.0,24.0,0.0,37.620747,4.0,0.0,0.0,1.0,-8.0,1.0,1.0,0.0,35.67962,0.0
-9.0,-9.0,-9.0,-9.0,-9.0,-9.0,-9.0,-9.0,-9.0,-9.0,-9.0,-9.0,-9.0,-9.0,-9.0,-9.0,-9.0,-9.0,-9.0,-9.0,-9.0,-9.0,-9.0,0.0
87.0,216.52618,-8.307374,78.26411,7.0,0.0,0.0,100.0,-7.0,7.0,8.0,8.0,2.0,22.0,0.0,3.0,2.0,14.822338,-8.0,3.0,-8.0,0.0,69.967636,0.0
-9.0,-9.0,-9.0,-9.0,-9.0,-9.0,-9.0,-9.0,-9.0,-9.0,-9.0,-9.0,-9.0,-9.0,-9.0,-9.0,-9.0,-9.0,-9.0,-9.0,-9.0,-9.0,-9.0,0.0
90.08465,281.95627,5.0,129.07185,15.993098,0.0,0.0,100.0,-7.0,7.0,7.6237216,20.17947,1.0,46.0,1.0,1.0,1.0,8.601146,-8.0,2.0,1.0,0.0,63.702286,0.0
72.0,351.08017,1.0,107.44338,38.506344,0.0,0.0,100.0,-7.0,7.0,8.0,40.715347,3.0,14.0,0.0,1.0,1.0,8.160211,90.18356,9.0,1.0,3.0,27.481962,0.0
63.0,205.94136,5.0,89.3627,33.0,2.0,2.0,82.36684,20.738625,5.0,2.0,55.29825,6.0,33.0,1.0,3.3037126,3.0,62.044426,94.185394,6.0,3.0,2.0,56.73713,0.0
63.21744,170.87741,3.0,57.203197,19.0,0.0,0.0,100.0,-7.0,7.0,8.0,26.0,1.0,25.0,-7.0,1.0,1.0,77.51979,95.36363,4.0,3.0,0.0,100.0,0.0
78.0,321.69647,4.0,212.26346,12.0,0.0,0.0,78.47913,36.865406,6.0,6.0,15.0,1.0,-9.0,2.0,0.0,0.0,47.425793,-8.0,2.0,-8.0,0.0,46.83733,0.0
80.0,187.69879,15.0,97.0,41.933067,0.0,0.0,100.0,-7.0,7.0,8.0,40.732628,0.0,50.001987,0.0,1.0,1.0,4.0,73.72699,3.0,4.0,0.0,64.26166,0.0
80.0,76.50225,4.535943,57.62899,16.56985,0.0,0.0,93.0,54.321526,6.0,6.0,14.0,0.85495996,33.0,0.0,1.0,1.0,4.0,98.43702,3.0,2.0,0.0,53.482952,0.0
80.0,329.42307,-4.948652,111.36001,26.0,0.0,0.0,100.0,-7.0,7.0,8.0,26.0,1.0,17.95406,4.0,0.0,0.0,38.23292,68.78276,2.0,1.0,2.0,27.191635,0.0
89.120415,433.34357,146.68875,200.26875,20.0,0.0,0.0,100.0,-7.0,7.0,8.0,26.723417,0.0,31.0,0.0,0.0,0.0,1.0,-8.0,2.0,1.0,0.0,33.0,0.0
75.0,170.3991,17.786106,93.0,19.0,0.0,0.0,88.0,16.470139,6.0,6.0,19.0,0.0,15.0,1.0,1.0,1.0,6.0,-8.0,2.0,1.0,0.15206575,37.56401,0.0
72.0,209.91486,3.0,65.0,37.11817,0.0,0.0,96.0,51.880444,6.0,6.0,35.81436,5.0,54.082287,2.0,1.0,0.0,22.9994,76.956795,4.0,4.0,1.0,60.0,0.0
92.79341,456.56754,29.788877,262.7742,19.0,0.0,0.0,100.0,-7.0,7.0,8.0,13.558358,0.0,27.307663,0.0,1.0,1.0,1.0,-8.0,4.0,2.0,0.0,50.0,0.0
85.0,170.72475,2.0,63.3042,21.0,0.0,0.0,100.0,-7.0,7.0,8.0,19.0,1.0,18.0,0.0,3.0,3.0,5.0,-8.0,3.0,1.0,0.0,33.148735,0.0
70.0,142.70538,6.462659,60.81104,14.0,0.0,0.0,83.055626,4.858234,4.0,6.0,14.0,2.0,46.37274,-7.0,1.0,1.0,25.0,79.07522,2.0,1.0,0.0,71.37821,0.0
-9.0,-9.0,-9.0,-9.0,-9.0,-9.0,-9.0,-9.0,-9.0,-9.0,-9.0,-9.0,-9.0,-9.0,-9.0,-9.0,-9.0,-9.0,-9.0,-9.0,-9.0,-9.0,-9.0,0.0
68.45037,84.51539,3.5861611,60.43437,23.0,1.0,1.0,100.0,-7.0,7.0,8.0,24.0,5.09843,33.0,0.0,2.0,2.0,52.446697,91.0,3.0,2.7093713,0.0,62.411354,0.0
84.0,231.24706,12.0,86.0,21.0,0.0,0.0,100.0,-7.0,7.0,8.0,24.0,0.0,57.371967,14.506,0.0,0.0,17.279673,-8.0,2.0,1.0,1.0,60.0,0.0
74.0,317.74634,9.0,181.32436,24.0,0.0,0.0,100.0,-7.0,7.0,8.0,20.563946,0.0,12.80863,-7.0,0.0,0.0,58.637096,71.09823,10.632617,2.0,1.0,75.0,0.0
72.0,290.0262,34.89473,104.62121,36.0,0.0,0.0,87.95638,-7.0,-9.0,2.5940516,31.426258,0.0,24.0,-2.8298366,0.0,0.0,5.0,-8.0,3.0,2.0,0.0,48.165695,0.0
66.39663,264.07117,4.0,72.719315,16.0,0.0,0.0,86.74057,51.27251,6.0,6.0,24.0,4.0,13.0,1.0,2.0,1.0,81.79959,-8.0,5.0,1.0,2.0,80.0,0.0
69.0,138.01865,3.0,76.98208,21.0,1.0,0.0,83.97613,23.413025,6.0,5.0,16.08699,1.0,47.061012,-7.0,2.5441666,2.0,19.538872,86.05629,5.0,3.0,0.0,82.68785,0.0
81.0,367.04727,24.122374,116.9661,22.0,0.0,0.0,100.0,-7.0,7.0,8.0,26.0,0.0,41.29988,17.588345,1.0,1.0,16.0,-8.0,5.0,2.0,3.0,64.0,0.0
74.0,302.3301,4.0,80.0,28.739656,0.0,0.0,100.0,48.65641,6.0,6.0,34.0,2.0,25.0,0.0,3.0,3.0,23.631409,83.63436,5.0,2.0,0.0,37.79532,0.0
80.7627,215.70677,20.66294,86.0,34.5985,0.0,0.0,100.0,-7.0,6.0,8.0,26.91623,0.0,21.0,-7.0,0.0,0.0,10.0,-8.0,3.0,2.0,0.0,56.0,0.0
69.0,167.27782,20.0,72.8292,22.0,0.0,0.0,96.0,42.31706,6.0,6.0,22.0,0.0,38.0,4.0,1.0,1.0,39.849255,-8.0,5.0,1.0,4.268113,56.0,0.0
83.425804,325.68604,15.0,84.00891,33.0,0.0,0.0,100.0,-7.0,7.0,8.0,31.735258,0.0,44.0,0.0,1.0,1.0,11.0,77.553734,3.0,3.0,0.0,62.073124,0.0
84.0,309.45242,5.0,96.21474,21.0,0.0,0.0,100.0,-7.0,7.0,8.0,32.0,3.0,19.0,16.92,0.0,0.0,11.5750265,-8.0,6.3480377,-8.0,0.0,70.026695,0.0
79.71988,271.13867,7.0,72.94108,-9.0,0.0,0.0,77.188835,14.294416,6.0,6.0,14.0,1.0,25.0,0.0,1.0,1.0,8.0,-8.0,2.0,1.0,0.0,75.0,0.0
66.167114,128.43167,12.0,57.858112,21.0,0.0,0.0,91.0,4.0,4.0,6.0,20.148232,0.0,40.0,7.0,0.0,0.0,9.026056,78.47012,4.0,2.0,1.0,55.20175,0.0
78.0,243.62592,6.0,81.0,21.0,0.0,0.0,100.0,-7.0,7.0,8.0,20.0,1.0,32.178467,0.0,2.0,2.0,28.0,-8.0,2.0,1.0,0.0,83.0,0.0
72.0,153.86667,5.0,56.272686,23.0,0.0,0.0,96.0,45.44951,6.0,6.0,20.0,1.0,28.99067,3.0,0.0,0.0,43.53584,84.015076,2.0,5.0,1.0,100.0,0.0
71.47404,275.66205,7.0,121.81444,20.0,1.162457,2.0,86.319954,17.222004,4.0,2.9732327,23.0,1.0,55.212173,7.0,0.0,0.0,8.0,80.0,1.0,2.0,0.0,42.548813,0.0
61.607265,241.72433,3.0,58.0,22.0,0.0,0.0,83.58047,28.342503,6.0,6.0,27.0,2.0,33.0,0.0,2.0,2.0,51.575336,94.90314,5.0,4.0,2.0,72.52933,0.0
69.0,207.43599,3.0,75.99741,24.0,3.0,1.0,89.35551,20.312702,6.0,2.0,26.0,1.0,52.73641,1.0,3.0,3.0,4.439009,-8.0,1.0,2.0,0.0,33.79921,0.0
-9.0,290.3898,2.0,91.54776,28.0,4.5433226,5.12727,83.93743,6.0,5.0,4.0,37.0,3.0,31.0,0.0,3.0,3.0,31.178867,-8.0,10.080072,2.0,1.0,64.11142,0.0
77.0,216.66693,3.0,61.0,33.216114,0.0,0.0,95.0,45.39598,6.0,6.0,45.74629,4.0,23.0,0.0,1.0,1.0,40.902966,-8.0,1.0,2.0,0.0,32.344536,0.0
87.0,302.0446,22.343193,84.53932,12.0,0.0,0.0,100.0,-7.0,7.0,8.0,12.091634,0.0,27.0,-9.0,0.0,0.0,7.0,-8.0,1.0,1.0,0.0,50.0,0.0
77.0,133.26448,7.0,80.51298,30.0,1.0,0.0,89.0,53.422462,6.0,5.0,32.717022,3.0,33.0,0.0,0.0,0.0,12.0,-8.0,4.0,2.0,1.0,63.0,0.0
79.94971,181.15431,10.495381,73.53446,25.0,0.0,0.0,100.0,-7.0,7.0,8.0,24.0,1.0,30.0,0.0,1.0,0.0,3.0,-8.0,2.0,1.0,0.0,30.063202,0.0
8.1795635,325.07672,6.0,84.0,17.0,1.5782489,1.0,74.74389,-7.0,-9.0,5.0,20.938253,2.0,24.0,1.0,0.0,0.0,16.59784,67.62055,12.454318,2.0,1.0,86.83834,0.0
68.24362,231.8025,9.0,98.665596,53.980118,1.6136615,2.0,100.0,-7.0,7.0,8.0,18.0,1.0,13.0,12.0,0.0,0.0,36.320015,46.893898,7.0,3.0,3.0,37.97998,0.0
75.75706,295.7285,7.0,72.77215,22.0,0.0,0.0,100.0,-7.0,7.0,8.0,21.0,0.0,53.25704,0.0,4.0,3.6665165,26.260752,13.135189,4.232688,2.0,2.0,66.62358,0.0
64.0,260.7914,2.0,63.0,25.0,3.0,3.2171466,100.0,-7.0,7.0,8.0,29.0,4.0,33.316525,0.0,4.0,4.6275635,10.272916,94.22542,8.0,5.8211346,0.0,86.0,0.0
72.04855,137.207,16.0,61.0,31.001534,0.0,0.0,100.0,-7.0,7.0,8.0,35.0,0.0,35.11251,-7.0,0.0,0.0,41.812725,51.5371,5.0,3.3388588,2.0,78.0,0.0
73.0,76.41524,3.0,79.02108,56.360523,0.0,0.0,94.0,16.370592,6.0,6.0,-9.0,3.0,20.0,0.0,3.0,3.0,21.428326,23.16824,4.0,3.0,0.0,42.162716,0.0
78.0,242.91545,2.0,109.897514,15.932071,0.0,0.0,82.71657,2.0,6.0,6.0,20.0,2.0,23.033897,1.0,0.0,0.0,4.0,28.510002,1.0,2.0,0.0,33.635017,0.0
-9.0,156.8596,2.0,63.049187,24.0,0.0,0.0,85.29937,5.45002,4.0,6.0,26.0,3.0,22.0,10.527953,1.862219,1.0,40.799225,82.0,8.0,2.0,1.0,91.74487,0.0
66.523865,230.69518,10.0,100.0,18.75878,0.0,0.0,90.35813,3.0,5.0,6.0,19.0,1.0,24.0,-7.0,0.0,0.0,1.2732782,-8.0,3.0,1.0,0.0,80.0,0.0
84.0,372.38422,23.622236,166.43619,19.0,0.0,0.0,100.0,-7.0,7.0,8.0,25.0,0.0,28.0,5.0,0.0,0.0,23.617357,56.49741,4.0,2.0,0.0,62.84768,0.0
85.487114,103.97304,9.0,79.379486,12.0,0.0,0.0,100.0,-7.0,7.0,8.0,12.834758,2.0,-9.0,0.0,0.0,0.0,20.994513,-8.0,2.0,1.0,0.0,29.657164,0.0
-9.0,278.50507,11.0,128.25311,15.0,1.044179,1.0,4.4675326,3.0,4.0,3.0,19.0,1.0,21.264847,0.0,1.0,1.0,109.46082,51.21419,4.0,2.0,3.0,100.0,0.0
74.0,147.87938,2.0,68.0,41.69741,0.0,0.0,95.0,35.69026,6.0,6.0,45.843864,3.0,40.0,0.0,1.0,1.0,33.501472,71.0,1.0,5.0,1.0,64.0,0.0
82.0,402.3458,40.37477,141.04012,13.9783535,0.0,0.0,100.0,-7.0,7.0,8.0,14.701786,0.0,25.0,4.0,0.0,0.0,25.543379,-8.0,3.0,1.9853843,0.0,50.0,0.0
71.0,139.17444,14.0,47.773064,12.0,0.0,0.0,100.0,-7.0,7.0,8.0,16.0,0.0,-9.0,-7.0,0.0,0.0,55.60059,-8.0,4.0,1.0,1.0,67.0,0.0
72.78096,115.08545,20.632334,80.90613,23.0,2.0,0.0,90.79478,31.111328,6.0,2.7738256,34.031467,0.0,18.102282,-7.0,0.0,0.0,17.0,-8.0,3.0,1.0,0.0,25.444233,0.0
83.0,168.53435,2.0,61.0,23.0,0.0,0.0,100.0,-7.0,7.0,8.0,28.68756,3.0,28.240501,4.0,0.0,0.0,2.0,100.0,2.0,1.0,0.0,50.0,0.0
87.26388,149.47574,7.0,59.796432,12.0,0.0,0.0,100.0,-7.0,7.0,8.0,12.587125,2.0,20.0,0.0,1.0,1.0,1.0,-8.0,1.0,-8.0,0.0,36.882507,0.0
-9.0,-9.0,-9.0,-9.0,-9.0,-9.0,-9.0,-9.0,-9.0,-9.0,-9.0,-9.0,-9.0,-9.0,-9.0,-9.0,-9.0,-9.0,-9.0,-9.0,-9.0,-9.0,-9.0,0.0
74.03024,291.12823,-4.2752953,104.175476,25.0,0.0,0.0,100.0,-7.0,7.0,8.0,23.0,1.0,7.025691,0.0,3.8865488,3.0,28.0,100.0,4.0,2.0,3.0,50.0,0.0
81.0,152.91321,3.0,55.793144,41.227425,0.0,0.0,100.0,-7.0,7.0,8.0,53.44174,2.0,24.0,1.0,0.0,0.0,5.0,91.0,2.0,4.0,0.0,75.0,0.0
78.0,282.1925,7.0,116.7398,25.0,0.0,0.0,94.593315,17.035206,6.0,6.0,24.0,0.0,28.0,-8.0,0.0,0.0,8.0,-8.0,5.0,2.0,1.0,50.0,0.0
81.0,156.682,12.283058,76.066216,16.0,0.0,0.0,100.0,-7.0,7.0,8.0,14.365672,0.0,50.0,0.0,4.0,4.0,11.0,-8.0,2.9054585,-8.0,0.0,57.0,0.0
89.0,349.29962,6.0,152.60294,28.0,0.0,0.0,100.0,4.6730213,6.0,6.0,32.0,2.0,33.0,-7.0,0.0,0.0,0.0,67.94533,1.0,1.0,0.0,14.940148,0.0
82.0,158.27821,5.0,65.67598,30.48638,0.0,0.0,97.0,15.980475,6.0,6.0,35.0,2.0,24.0,3.0,0.0,0.0,0.0,80.0,1.0,2.0,0.0,-9.0,0.0
86.0,315.92963,21.110773,99.21569,11.0,0.0,0.0,100.0,-7.0,7.0,8.0,12.977625,0.0,30.0,-7.0,1.0,1.0,11.0,77.933945,1.0,1.0,0.0,29.706432,0.0
66.0,61.003197,12.166785,55.94092,5.037639,1.0,1.0,76.53357,57.480824,6.0,2.0,7.771686,0.0,42.836857,-8.0,0.0,0.0,86.673355,16.769735,2.0,2.0,2.0,100.0,0.0
57.043472,205.90988,2.0,73.37687,27.0,1.4864688,0.0,79.5208,1.1595147,6.0,6.0,36.414898,6.0,21.0,0.0,0.0,0.0,65.795395,98.27776,4.0,3.7466512,1.0,63.0,0.0
91.63182,152.43431,13.069126,95.93592,14.0,0.0,0.0,100.0,-7.0,7.0,8.0,7.262515,0.0,24.0,0.0,0.0,0.0,2.0,-8.0,4.0,1.0,0.0,75.0,0.0
79.0,119.27693,26.647255,70.0,21.0,0.0,0.0,100.0,-7.0,7.0,8.0,21.0,0.0,40.86879,0.0,0.0,0.0,11.0,57.258125,1.0,2.0,0.0,43.0,0.0
87.0,366.00525,5.0,120.21009,30.0,0.0,0.0,100.0,-7.0,7.0,8.0,31.700336,1.0,21.0,19.944717,0.0,0.0,4.7161484,93.0,6.647674,2.0,0.0,48.152752,0.0
75.0,135.8361,5.0,73.14336,16.0,0.0,0.0,100.0,-7.0,7.0,8.0,12.186376,1.0,9.39111,0.0,1.0,1.0,41.730286,-8.0,6.0,1.0,2.0,70.693054,0.0
75.0,277.57153,5.0,86.77979,36.515778,0.0,0.0,93.47759,35.62688,6.0,6.0,41.65166,2.0,24.0,19.048494,1.0,1.0,2.0,88.05874,1.2918782,4.0,0.0,26.345871,0.0
62.160007,280.12418,22.52918,112.645164,17.0,1.0,0.0,75.230415,13.829406,6.0,4.0,17.0,0.0,33.0,0.0,0.0,0.0,89.39121,71.0,3.0,2.0,3.0,75.42539,0.0
88.0,131.85637,5.0,135.9731,17.995964,0.0,0.0,95.0,51.022278,6.0,6.0,9.0,1.0,40.0,-7.156541,0.0,0.0,5.0177617,82.0,2.0,2.0,0.0,50.0,0.0
68.0,130.42972,5.0,55.536705,44.0225,1.0,1.0,92.0,27.485098,6.0,3.0,50.246956,6.0,53.32263,0.0,1.0,1.0,52.244606,81.60048,7.0,4.0,1.0,91.58446,0.0
70.51108,182.34564,-9.0,73.32586,23.0,0.0,0.0,88.0,4.5766664,5.0,6.0,25.0,1.0,20.00807,7.0,1.0,1.0,52.62075,50.572033,5.0,2.0,1.0,75.0,0.0
87.0,203.60089,36.478024,135.48459,5.830044,0.0,0.0,100.0,-7.0,7.0,8.0,14.0,0.0,25.0,-7.0,1.0,1.0,50.594837,-8.0,2.0,1.0,0.0,60.0,0.0
89.0,179.60916,2.0,88.99027,16.0,0.0,0.0,100.0,-7.0,7.0,8.0,18.595778,1.3078597,21.0,0.0,1.0,1.0,0.0,97.01043,1.0,2.0,0.0,40.0,0.0
69.433105,128.45718,23.01794,105.50296,21.264065,0.0,0.0,91.0,7.917124,6.0,6.0,15.0,0.0,20.0,0.0,1.0,1.0,30.70389,-8.0,3.0,1.0,1.0,50.40529,0.0
-9.0,-9.0,-9.0,-9.0,-9.0,-9.0,-9.0,-9.0,-9.0,-9.0,-9.0,-9.0,-9.0,-9.0,-9.0,-9.0,-9.0,-9.0,-9.0,-9.0,-9.0,-9.0,-9.0,0.0
67.0,121.22686,6.0,88.584816,18.484987,0.0,0.0,91.975624,3.0071557,6.0,6.0,9.0,2.0,25.0,0.0,1.0,1.0,24.370977,67.48739,2.0,3.098205,0.0,63.0,0.0
86.0,264.7201,7.0,156.11624,26.0,0.0,0.0,100.0,-7.0,7.0,8.0,30.0,1.0,8.479747,-7.0,1.0,1.0,3.0,-8.0,5.0,1.0,0.0,49.965343,0.0
74.36758,350.7301,5.0,150.65088,23.0,1.0,0.0,88.576164,16.483202,6.0,5.0,25.0,2.0,18.0,2.0,1.0,1.0,25.888252,36.490986,5.0,1.0,1.0,54.31512,0.0
84.0,313.98032,15.7459135,80.0,16.826078,0.0,0.0,95.0,61.104626,6.0,6.0,15.0,0.0,25.0,2.8561091,0.0,0.0,0.0,-8.0,0.52870655,1.0,0.0,21.346136,0.0
75.0,383.27646,9.0,104.848526,23.0,0.0,0.0,100.0,-7.0,7.0,8.0,30.5078,1.0,50.0,5.0,1.0,1.0,32.50741,92.27156,3.0,2.0,0.0,88.1277,0.0
77.56231,130.64275,9.0,43.766613,17.8397,0.0,0.0,100.0,-7.0,7.0,8.0,14.465711,1.0,49.174183,0.0,0.0,0.0,24.497705,80.75103,1.0,2.0,0.0,55.3777,0.0
71.385475,204.28532,4.667092,112.73645,22.0,1.5502919,1.0,100.0,-7.0,6.0,8.0,22.0,2.0,14.280485,0.0,0.0,0.0,21.06113,63.03972,10.267908,2.0,0.0,69.9294,0.0
84.0,175.29134,44.172478,90.0,12.0,0.0,0.0,100.0,-7.0,7.0,8.0,16.0,0.0,9.175996,0.0,1.0,1.0,10.522295,-8.0,4.0,1.0,0.0,80.75663,0.0
86.0,98.948524,6.0,101.90722,15.0,0.0,0.0,100.0,-7.0,7.0,8.0,14.659253,2.0,15.408168,-7.0,1.0,0.27291644,10.97997,-8.0,2.0,1.0,0.0,44.209435,0.0
87.0,354.56537,7.0,85.79588,18.0,0.0,0.0,100.0,-7.0,7.0,8.0,18.970497,2.0,67.58732,-8.0,0.0,0.0,0.0,99.895355,1.0,2.0,0.0,60.0,0.0
82.0,169.85887,6.0,63.609226,16.0,0.0,0.0,100.0,-7.0,7.0,8.0,12.0,3.0,20.0,0.0,0.0,0.0,1.0,90.18377,2.0,2.0,0.0,33.472607,0.0
79.0,183.50627,6.0,98.023026,38.825916,0.0,0.0,96.17808,23.776796,6.0,6.0,25.302387,3.0,38.82637,21.545204,0.0,0.0,21.41793,-8.0,11.0,2.0,0.0,67.0,0.0
67.02332,219.70418,2.0,73.57327,32.0,1.0,2.0,100.0,17.645586,-1.7706587,5.0,28.825197,3.0,22.0,0.0,2.0,2.0,68.70659,-8.0,6.0,1.0,4.387874,43.049835,0.0
80.0,123.83064,3.518585,56.56673,8.0,0.0,0.0,100.0,-7.0,7.0,8.0,3.9905822,1.0,24.0,21.294025,0.0,0.0,19.0,-8.0,3.0,1.0,0.0,100.0,0.0
65.99997,199.45763,2.0,94.0,30.0,4.6239696,4.4498143,100.0,-7.0,7.0,8.0,46.055214,3.0,18.0,0.0,2.0,3.0,21.0,77.337776,5.0,6.0,1.0,44.0,0.0
70.0,141.89835,2.0,54.477333,28.0,0.0,0.0,98.0,33.90585,6.0,6.0,34.06209,5.7227883,28.579239,0.0,3.5169547,3.0,39.498875,58.15716,4.0,2.0,2.0,40.0,0.0
89.723404,144.87372,15.0,83.0,16.0,0.0,0.0,100.0,-7.0,7.0,8.0,18.0,0.0,39.30353,-8.0,0.0,0.0,9.0,-8.0,1.0,1.0,0.0,20.548697,0.0
71.0,131.81378,10.0,61.0,21.081131,0.0,0.0,86.64887,27.991543,6.0,6.0,18.0,9.380634,47.0,3.0,0.0,0.0,7.0,92.28084,3.0,5.6640224,-8.0,75.0,0.0
89.0,345.4444,21.626165,185.11124,20.092113,0.0,0.0,100.0,-7.0,7.0,8.0,43.190304,0.0,38.72952,12.198388,0.0,0.0,1.0,-8.0,1.0,2.0,0.0,23.189709,0.0
88.0,383.19678,10.0,92.6058,14.0,0.0,0.0,100.0,-7.0,7.0,8.0,15.0,0.0,33.0,-7.0,0.0,0.0,6.0,-8.0,3.0,1.0,0.0,50.0,0.0
83.0,418.3797,11.0,108.4859,28.0,0.0,0.0,100.0,-7.0,7.0,8.0,24.0,1.0,36.690533,0.0,1.0,1.0,10.0,20.548527,7.149338,3.8945954,0.0,75.0,0.0
89.0,369.84195,6.0,121.68262,20.0,0.0,0.0,100.0,-7.0,7.0,8.0,22.0,1.0,68.94795,0.0,1.0,1.0,9.125686,74.4436,1.0,4.0,0.0,81.63414,0.0
72.0,166.44823,7.0,75.0,16.0,1.0,1.0,85.211,23.264597,4.0,3.2146566,19.0,2.0,35.0,0.0,1.0,1.0,16.0,80.0,4.0,2.0,0.0,67.0,0.0
77.0,252.56479,7.0,77.0,23.94811,0.0,0.0,97.0,39.377773,6.0,6.0,31.0,2.0,37.0,6.543605,0.0,0.0,6.0,-8.0,5.0,1.0,0.0,67.0,0.0
81.0,155.1361,2.0,108.61833,30.0,0.0,0.0,100.0,-7.0,7.0,8.0,32.0,1.0,30.0,-7.4443903,1.0,1.0,12.0,90.29974,3.0,4.0,0.0,46.608364,0.0
73.66727,153.0055,3.0,64.36412,31.400229,0.0,0.0,100.0,-7.0,7.0,8.0,28.0,4.597121,19.0,1.0,0.0,0.0,55.967213,83.03529,3.0,2.0,0.0,71.0,0.0
62.0,67.79392,3.1402445,-9.0,13.0,1.0,1.0,100.0,-7.0,7.0,8.0,19.737574,3.0951405,24.0,-8.0,1.0,1.0,80.77039,51.069996,4.314547,2.0,4.0,64.0,0.0
59.405693,325.8658,1.0,72.0,27.374569,1.0,0.0,89.0,4.9715014,4.0,5.0,42.87538,2.0,57.8513,0.0,2.0,2.0,83.6214,77.05743,3.0,7.8641295,0.0,97.97167,0.0
75.0,314.52023,11.0,180.40428,28.0,0.0,0.0,94.0,26.39356,6.0,6.0,28.0,1.0,18.0,-8.0,0.0,0.0,19.0,-8.0,6.0,1.0,1.0,50.0,0.0
83.0,298.29535,25.382341,143.42105,15.0,1.0,1.0,100.0,-7.0,7.0,8.0,23.0,0.0,13.0,12.0,0.0,0.0,11.0,-8.0,2.0,1.0,0.0,60.0,0.0
79.71894,332.0286,5.0,112.0302,25.0,0.0,0.0,97.0,-7.0,6.0,6.0,28.0,1.0,25.216463,0.0,2.0,2.0,17.851213,94.46166,4.0,1.0,0.0,80.0,0.0
85.0,142.60843,1.0,52.290604,21.0,0.0,0.0,100.0,-7.0,7.0,8.0,25.269573,1.0,16.0,20.149563,0.0,0.0,12.0,84.02497,3.0,3.0,0.0,43.522545,0.0
86.0,145.82664,6.0,75.79729,9.0,0.0,0.0,100.0,-7.0,7.0,8.0,6.261174,2.0,16.0,-7.0,0.0,0.0,17.0,-8.0,3.0,-8.0,0.0,100.0,0.0
70.0,174.50298,9.0,74.0,28.0,0.0,0.0,100.0,-7.0,7.0,8.0,34.0,2.0,28.32852,8.0,0.37184334,0.0,71.85493,35.711777,6.0,2.0,9.172607,80.0,0.0
76.0,194.09258,36.81641,103.397156,13.0,0.0,0.0,100.0,-7.0,7.0,8.0,15.0,0.0,27.012747,18.65547,0.0,0.0,52.799515,-8.0,3.0,1.0,3.0,75.0,0.0
80.0,134.78629,6.0,76.0,10.0,0.0,0.0,88.0,53.662006,6.0,6.0,13.761913,3.0,33.0,-7.0,0.0,0.0,8.600284,84.009415,2.0,3.0,0.0,50.0,0.0
87.65508,421.77164,10.0,130.14545,20.0,0.0,0.0,100.0,-7.0,7.0,8.0,22.0,1.0,16.357807,-7.4202523,0.0,0.0,8.988422,-8.0,3.9969575,1.0,0.0,36.13982,0.0
78.0,159.2086,6.0,43.285503,25.0,0.0,0.0,100.0,-7.0,7.0,8.0,23.0,2.623966,43.0,5.0,0.0,0.0,28.774504,-8.0,2.0,1.0,0.0,33.0,0.0
72.0,22.728003,4.0,3.2218173,13.0,0.0,0.0,100.0,-7.0,7.0,8.0,13.378478,3.0,39.0,0.0,3.0,3.0,28.327223,96.29099,2.0,3.0,0.0,60.0,0.0
-9.0,-9.0,-9.0,-9.0,-9.0,-9.0,-9.0,-9.0,-9.0,-9.0,-9.0,-9.0,-9.0,-9.0,-9.0,-9.0,-9.0,-9.0,-9.0,-9.0,-9.0,-9.0,-9.0,0.0
84.0,209.41608,14.553753,66.09375,11.0,0.0,0.0,100.0,-7.0,7.0,8.0,11.911532,0.0,38.0,0.0,0.0,0.0,0.0,-8.0,1.0,1.0,0.0,44.0,0.0
87.0,161.78658,7.0,78.44943,54.143276,0.0,0.0,100.0,-7.0,7.0,8.0,56.190563,2.0,45.0,11.685157,0.0,0.0,8.0,-8.0,3.0,1.0,0.0,50.0,0.0
70.0,138.72029,7.0,42.07924,20.0,0.0,0.0,100.0,-7.0,7.0,8.0,21.085827,3.0,29.0,0.0,2.0,2.0,34.47477,79.700195,11.430539,2.863706,1.0,67.0,0.0
62.682144,41.04263,6.0,24.663877,17.0,0.0,0.0,88.0,0.4019656,4.0,6.0,23.0,3.0,45.0,-8.0,0.0,0.0,34.35657,93.0,3.0,3.0,1.0,64.4242,0.0
83.53801,198.20517,8.0,64.52717,30.110775,0.0,0.0,100.0,-7.0,7.0,8.0,31.0,2.0,33.0,23.375004,0.0,0.0,12.428513,48.465675,7.0,2.0,0.0,63.0,0.0
86.0,159.53476,6.827087,66.67063,16.0,0.0,0.0,100.0,-7.0,7.0,8.0,17.662195,1.0,13.805148,0.0,0.0,0.0,21.715942,-8.0,2.0,1.0,0.0,52.35619,0.0
70.47827,151.27711,11.636091,91.094505,24.0,0.0,0.0,92.0,8.070001,4.0,5.0,20.0,0.0,22.0,0.0,3.0,3.0,25.0,-8.0,7.4036946,-8.0,0.0,50.0,0.0
69.0,86.29136,42.478275,76.0,8.489277,0.08600968,0.0,86.20006,63.3333,6.0,6.0,8.0,0.0,66.237564,0.0,1.0,1.0,43.094917,19.41575,1.0,1.0,0.0,88.10892,0.0
77.9054,273.2553,11.0,119.944046,27.0,0.0,0.0,92.22061,38.52429,6.0,6.0,31.0,1.0,31.0,2.0,2.0,2.0,22.854927,92.13565,2.0,3.0,0.0,67.0,0.0
76.0,324.51453,23.979984,129.26706,5.655253,0.0,0.0,77.35589,44.00052,6.0,6.0,7.5204277,0.0,16.184872,0.0,0.0,0.0,19.0,-8.0,4.0,2.0,1.0,53.116367,0.0
57.544865,167.85004,4.0,64.69779,32.84867,2.0,0.0,84.57386,8.504202,4.0,5.0,37.681824,3.0,42.0,-7.0,4.0,3.1969573,64.22705,60.248905,5.0,2.0,1.0,73.0,0.0
88.0,317.0198,4.0,83.64689,26.0,0.0,0.0,100.0,-7.0,7.0,8.0,39.36831,2.0,43.716393,0.0,3.0,3.0,9.0,65.91623,2.0,2.0,0.0,67.0,0.0
82.0,436.07166,2.0,118.05527,42.654026,0.0,0.0,100.0,-7.0,7.0,8.0,60.439518,2.0,19.0,0.0,1.475494,1.0,11.0,62.1263,5.0,4.0,0.0,50.0,0.0
69.0,177.30923,6.0,84.50852,17.0,0.0,0.0,90.0,39.799976,6.0,6.0,17.0,1.0,55.124268,0.0,0.0,0.0,75.13387,39.555428,4.0,2.0,0.0,71.76159,0.0
81.0,173.37943,5.0,70.23753,11.0,0.0,0.0,95.0,29.344397,6.0,6.0,10.51231,2.0,30.51907,0.0,3.0,3.0,0.0,-8.0,1.0,1.0,0.0,41.357174,0.0
74.0,121.92281,22.274529,55.143658,15.0,0.0,0.0,100.0,-7.0,7.0,8.0,15.0,0.0,44.618534,7.0,0.0,0.0,41.874348,29.859945,3.0,2.0,1.0,100.0,0.0
84.0,161.13081,15.199322,68.0,11.1734495,0.0,0.0,88.843834,75.969444,6.0,6.0,14.751208,0.0,65.654686,-8.0,0.0,0.0,7.5538416,42.237923,3.0,2.0,0.0,100.0,0.0
83.0,187.57896,4.0,42.225883,4.981621,0.0,0.0,100.0,-7.0,7.0,8.0,9.0,2.0,42.0,0.0,3.0,3.0,3.0,-8.0,1.0,2.0,0.0,67.57879,0.0
65.0,202.46652,2.9965448,72.0,23.0,1.6425812,0.0,94.0,-4.410427,4.0,4.0,38.555557,3.0,24.0,0.9200513,2.0,2.0,19.0,-8.0,6.0,-8.0,0.0,53.424175,0.0
77.0,226.9148,0.5654072,84.48772,14.0,0.0,0.0,100.0,-7.0,7.0,8.0,15.0,6.0,36.030544,3.0,4.0,4.0,21.197477,88.0,4.3953056,4.0,0.0,91.41687,0.0
68.0,196.01904,20.0,81.835495,20.12856,1.0,1.0,81.53437,8.695788,6.0,5.0,24.0,0.0,29.0,0.0,2.0,2.0,69.866486,68.400696,5.0,2.0,0.0,72.030075,0.0
65.0,50.878345,2.0,65.30414,20.0,0.0,0.0,100.0,-7.0,7.0,8.0,20.0,2.0,20.0,0.0,1.0,1.0,59.96313,64.91819,8.0,3.0,4.0,77.53191,0.0
66.0,140.62509,7.0,91.1819,41.185097,2.0,1.8819908,100.0,-7.0,6.0,8.0,29.67163,1.0,26.582365,13.236955,0.0,0.0,22.955622,-8.0,6.0,2.0,2.0,60.0,0.0
75.0,288.5118,10.0,182.015,22.0,1.3154922,0.0,89.0,18.439594,4.270055,5.0,21.115215,1.9328412,17.0,0.0,0.0,0.0,5.549586,-8.0,8.623364,1.0,0.0,82.02113,0.0
79.00372,154.8213,7.2388473,74.218956,21.0,0.0,0.0,100.0,-7.0,7.0,8.0,21.215109,2.0,52.54501,-8.0,0.0,0.0,10.978923,91.0,2.0,6.0,0.0,67.0,0.0
-9.0,-9.0,-9.0,-9.0,-9.0,-9.0,-9.0,-9.0,-9.0,-9.0,-9.0,-9.0,-9.0,-9.0,-9.0,-9.0,-9.0,-9.0,-9.0,-9.0,-9.0,-9.0,-9.0,0.0
77.0,578.3369,3.6396568,130.93414,39.0,1.0,0.0,89.54244,43.273014,6.0,5.0,51.584755,1.0,73.76632,7.0,1.0,1.0,12.0,61.1289,3.0,6.0,0.0,61.543213,0.0
76.0,131.23305,3.7061322,52.003666,11.137897,0.0,0.0,100.0,-7.0,7.0,8.0,15.424969,2.0,38.0,0.0,2.0,2.0,54.309933,95.75842,2.0,2.0,1.0,44.0,0.0
87.0,80.08828,36.65171,109.22219,11.499003,0.0,0.0,100.0,-7.0,7.0,8.0,8.0,0.0,1.1131549,0.0,1.419192,1.0,1.0,-8.0,1.4836025,1.0,0.0,33.06954,0.0
86.0,139.67505,3.980149,51.16216,14.0,0.0,0.0,100.0,-7.0,7.0,8.0,15.578981,3.0,53.72679,9.497414,0.0,0.0,3.820859,54.02234,3.0,4.0,0.0,65.769104,0.0
62.536697,122.59986,27.5453,75.11421,6.8785033,1.0,0.0,36.923733,12.266283,6.0,5.0,12.0,0.0,76.292,0.0,0.0,0.0,2.0,94.17642,0.91944957,1.0,0.0,100.0,0.0
79.10296,50.415802,2.0,65.0,36.0,0.0,0.0,100.0,-7.0,7.0,8.0,10.0,2.0,21.738,7.0073724,2.0,2.0,10.0,82.33668,2.0,3.0,0.0,21.408052,0.0
79.0,145.6921,3.0,67.171974,14.693203,1.0,0.0,89.0,9.935609,4.0,3.0,22.202991,1.0,40.45672,1.0,1.0,1.0,8.0,10.938011,2.0,2.0,0.0,64.423454,0.0
-9.0,-9.0,-9.0,-9.0,-9.0,-9.0,-9.0,-9.0,-9.0,-9.0,-9.0,-9.0,-9.0,-9.0,-9.0,-9.0,-9.0,-9.0,-9.0,-9.0,-9.0,-9.0,-9.0,0.0
83.0,125.477165,7.0,64.59678,29.0,0.0,0.0,100.0,-7.0,7.0,8.0,28.0,2.0,34.395153,0.0,0.0,0.09313783,1.0,-8.0,1.0,1.0,0.0,28.676517,0.0
89.20089,133.39351,27.305418,94.682,12.0,0.0,0.0,100.0,-7.0,7.0,8.0,15.552725,0.0,20.0,0.0,1.0,1.0,0.0,66.839935,0.0,1.0,0.0,11.77747,0.0
-9.0,-9.0,-9.0,-9.0,-9.0,-9.0,-9.0,-9.0,-9.0,-9.0,-9.0,-9.0,-9.0,-9.0,-9.0,-9.0,-9.0,-9.0,-9.0,-9.0,-9.0,-9.0,-9.0,0.0
67.19383,-1.6116374,6.0,34.139606,5.126167,1.0,1.0,78.282486,58.119503,6.0,3.0,3.8150039,1.0,61.87226,-7.0,0.0,0.0,10.0,79.69513,1.0,2.0,-9.0,90.745865,0.0
79.0,395.43973,9.218962,130.83067,12.0,2.0,2.0,100.0,-7.0,7.0,8.0,11.0,1.0,41.705196,-7.0,0.0,0.0,0.0,-8.0,1.0,1.0,0.0,85.903946,0.0
89.0,362.51166,6.0,84.0,19.631668,0.0,0.0,100.0,-7.0,7.0,8.0,17.0,2.0,21.0,-8.983875,0.0,0.0,1.0,94.20548,1.0,2.0,0.0,33.0,0.0
81.0,151.6769,34.970303,116.41292,14.0,0.0,0.0,97.0,32.066093,6.0,6.0,9.0,0.0,50.0,-8.0,0.0,0.0,24.978737,-8.0,2.0,2.0,0.0,99.60555,0.0
72.0,200.08202,8.0,86.23374,68.40954,0.0,0.0,97.0,59.400658,6.0,6.0,96.6081,1.0,21.0,0.0,0.0,0.0,43.211674,66.3844,10.382121,4.0,2.9703941,67.0,0.0
82.0,138.96765,3.0,122.48063,23.0,0.0,0.0,96.0,36.118668,6.0,6.0,3.1574786,1.0,25.0,-7.0,0.0,0.0,0.0,67.11619,3.0,3.0,0.0,32.28777,0.0
83.0,252.54868,11.0,93.03973,30.0,0.0,0.0,100.0,-7.0,7.0,8.0,36.180145,0.0,32.79968,3.0,0.0,0.0,9.0,-8.0,4.0,2.0,0.0,55.177906,0.0
82.28963,171.49835,6.0,75.859726,37.590504,0.0,0.0,98.0,20.47744,6.0,6.0,39.68685,1.0,11.216389,-7.0,1.0,1.0,9.0,91.0,7.0,1.0,0.0,43.656868,0.0
68.0,280.09183,7.0,123.71217,22.818838,0.0,0.0,92.0,-7.0,4.0,6.0,26.0,1.4513892,33.0,0.0,2.0,2.0,42.878635,91.38859,4.0,2.0,0.0,88.0,0.0
62.360836,174.38362,7.0,76.24744,30.826502,0.0,0.0,92.51679,19.688236,6.0,6.0,32.028202,2.0,40.0,8.0,0.0,0.0,75.862915,87.93456,9.0,2.0,0.0,83.0,0.0
70.01647,318.75763,15.0,179.89494,10.970832,4.7729573,6.58665,70.832214,60.20359,6.0,-9.0,16.0,0.0,33.0,0.0,0.0,0.0,2.0,-8.0,2.0,-3.093809,0.0,40.425854,0.0
6.0223475,67.42596,1.0,55.072212,18.0,4.708016,4.8058753,83.641815,8.148984,4.0,3.0,26.427803,4.0,26.0,-7.0,2.0,2.0,45.77316,100.0,10.50284,2.0,1.0,72.79014,0.0
85.906395,147.0083,3.0,58.085648,18.0,0.0,0.0,100.0,-7.0,7.0,8.0,18.0,2.0,47.35033,0.0,1.0,1.0,12.174684,81.44376,2.0,4.0,0.0,60.0,0.0
73.0,395.0503,3.0,116.95972,28.0,0.0,0.0,97.0,21.354532,6.0,6.0,31.767712,1.0,21.0,0.0,4.0,4.295667,33.947407,-8.0,5.0,1.0,0.0,85.74458,0.0
78.0,46.115093,1.0,72.0,14.0,0.0,0.0,91.0,-7.0,6.0,6.0,3.8195634,2.0,47.0,-7.0,4.0,3.0,10.0,98.85828,3.0,2.0,0.0,67.0,0.0
78.0,259.12476,6.0,97.897026,28.0,0.0,0.0,100.0,-7.0,7.0,8.0,34.0,3.0,43.0,4.0,0.0,0.0,34.57143,94.5882,4.0,6.0,0.0,67.0,0.0
82.0,226.9309,24.27472,90.0,19.0,0.0,0.0,94.0,8.337529,6.0,6.0,19.0,0.0,34.2489,0.0,1.0,1.0,2.5861685,38.950703,2.0,2.0,0.0,47.444557,0.0
-9.0,-9.0,-9.0,-9.0,-9.0,-9.0,-9.0,-9.0,-9.0,-9.0,-9.0,-9.0,-9.0,-9.0,-9.0,-9.0,-9.0,-9.0,-9.0,-9.0,-9.0,-9.0,-9.0,0.0
75.70801,190.97997,12.0,82.0,10.0,0.0,0.0,100.0,-7.0,7.0,8.0,13.156935,0.0,35.0,2.0,2.0,2.0,26.437887,-8.0,2.0,1.0,1.0,45.663425,0.0
70.0,233.04735,6.0,66.70082,39.18897,2.0,2.0,94.30648,14.559989,6.0,3.7521913,47.550865,2.0,32.0,0.05278937,5.0,4.2463403,33.668385,76.0,5.0,4.0,1.0,66.92873,0.0
85.0,182.09811,3.0,86.36481,39.537514,0.0,0.0,100.0,-7.0,7.0,8.0,35.806576,2.0,53.339443,0.0,1.4790655,1.0,7.0,78.82472,2.0,6.024117,0.0,57.849174,0.0
-9.0,-9.0,-9.0,-9.0,-9.0,-9.0,-9.0,-9.0,-9.0,-9.0,-9.0,-9.0,-9.0,-9.0,-9.0,-9.0,-9.0,-9.0,-9.0,-9.0,-9.0,-9.0,-9.0,0.0
84.0,155.88182,4.0,71.0,21.0,0.0,0.0,100.0,-7.0,7.0,8.0,24.511255,1.1551219,31.82115,4.0,0.0,0.0,3.955078,-8.0,5.0,1.0,0.0,54.895107,0.0
70.39202,424.14163,4.8910813,173.60104,36.0,0.0,0.0,90.86902,1.0,4.0,6.0,42.490562,1.0,19.0,22.562782,0.0,0.0,34.018284,88.176544,6.0,2.0,2.0,53.858025,0.0
66.0,360.68594,5.0,117.757065,42.501736,0.0,0.0,90.35362,8.318406,6.0,6.0,41.109547,1.0,15.0,0.0,1.0,1.0,60.618317,-8.0,9.0,-8.0,4.8452005,49.010887,0.0
70.0,276.09164,2.0,80.61543,42.058987,0.0,0.0,100.0,-7.0,7.0,8.0,50.8977,3.0,29.0,0.0,4.0,3.1660206,55.599514,-8.0,8.295628,2.0,3.0,70.11271,0.0
73.0,190.98914,2.0,129.39711,31.723642,0.0,0.0,97.0,-1.2449374,6.0,6.0,34.0,3.0,40.136086,0.0,2.0,1.0,45.117832,82.0,3.0,4.0,0.0,57.0,0.0
70.0,190.97667,17.0,90.58619,12.780021,2.0,1.0,77.7366,21.802797,6.0,2.0,11.0,0.0,17.4186,3.0,1.0,1.0,8.213296,-8.0,2.0,1.0,0.0,33.0,0.0
66.0,151.99721,1.0,67.0,28.808556,0.0,0.0,86.039505,4.8080325,4.0,6.0,34.0,4.0,41.0,0.0,5.0,5.2207108,27.40307,-8.0,3.0,6.6306624,1.0,65.89345,0.0
79.0,189.17406,2.0,70.71108,33.0,0.0,0.0,100.0,-7.0,7.0,8.0,40.718697,5.0,36.46313,5.0,1.0,1.0,14.0,98.22927,5.0,3.0,2.0,52.315395,0.0
71.04338,176.01009,4.0,94.0,47.782185,0.0,0.0,100.0,-7.0,7.0,8.0,48.38815,1.0422965,54.07061,0.0,3.0,2.0,63.014153,54.67817,7.0,3.0,1.0,83.0,0.0
71.0,443.44382,5.0,126.6139,18.0,0.0,0.0,100.0,-7.0,7.0,8.0,20.0,1.0,33.0,13.135498,0.0,0.0,89.277855,64.536514,2.0,2.0,4.4901805,79.96284,0.0
57.45285,145.89171,19.545715,70.18878,14.0,2.7556183,2.0,63.751938,7.107076,4.0,2.0,23.0,0.0,46.0,0.0,0.0,0.0,52.087082,81.71404,5.0,3.0,1.0,88.54136,0.0
84.0,65.27422,21.80553,78.343475,6.277103,0.0,0.0,100.0,-7.0,7.0,8.0,11.3806095,0.0,7.710376,7.0,1.0,0.8540098,1.0,-8.0,4.0,-8.0,0.0,80.0,0.0
85.832535,262.9178,14.0,89.7905,33.0,0.0,0.0,100.0,6.4862256,6.0,6.0,32.43958,0.0,31.899666,0.0,2.0,2.0,1.0,-8.0,3.0,1.0,0.0,40.0,0.0
81.60672,132.10805,23.418934,73.2172,24.0,0.0,0.0,97.0,24.695091,6.0,6.0,24.0,0.0,37.314953,0.5356877,1.0,1.0,0.0,-8.0,4.0,-8.0,0.0,37.86,0.0
84.0,288.06177,11.0,75.0,28.705805,0.0,0.0,100.0,-7.0,7.0,8.0,31.0,0.0,29.716612,2.1051927,2.0,2.0,10.226095,64.00605,7.0,3.0,0.0,74.97845,0.0
79.71055,452.27115,14.412524,153.5672,22.0,0.0,0.0,97.0,-7.0,6.0,6.0,25.0,0.0,31.152252,0.0,0.0,0.0,0.0,58.66857,3.0,2.0,0.0,54.711334,0.0
77.27521,265.0723,5.0,101.38867,27.0,0.0,0.0,96.0,73.16836,6.0,6.0,31.0,1.0,57.01453,0.0,0.0,0.0,27.216568,-8.0,2.0,2.0,2.4362123,44.0,0.0
88.0,447.21307,21.426859,100.0,20.0,0.0,0.0,100.0,-7.0,7.0,8.0,29.0,0.0,20.39171,-7.0,0.0,0.0,11.0,-8.0,3.0,-8.0,0.0,33.461105,0.0
79.0,435.43076,3.0,103.702545,30.0,0.0,0.0,96.0,49.566574,6.0,6.0,32.0,3.0,27.0,1.0,3.0,2.0,3.0,50.98688,4.5058904,2.0495522,0.0,33.0,0.0
76.0,125.87863,19.785772,63.76301,8.903888,0.0,0.0,100.0,-7.0,7.0,8.0,11.662145,0.0,44.612755,3.0,0.0,0.0,40.950672,-8.0,3.0,-8.0,2.0,86.0,0.0
80.28104,269.63696,2.0,125.80653,24.0,0.0,0.0,94.0,25.805555,6.0,6.0,21.0,2.0,28.0,0.0,4.0,5.0,0.0,43.739265,2.0,4.0,0.0,50.0,0.0
85.51314,213.26436,13.0,67.0,12.0,0.0,0.0,100.0,-7.0,7.0,8.0,11.0,0.0,36.0,-7.0,0.0,0.0,20.549398,-8.0,1.0,1.0,0.0,47.996143,0.0
71.0,132.84097,5.0,68.340324,26.0,0.0,0.0,100.0,-7.0,7.0,8.0,28.0,3.0,24.0,0.0,0.0,0.0,28.672865,93.0,7.0,3.0,1.0,60.0,0.0
74.59896,-5.6704845,20.406805,30.804836,-9.0,0.0,0.0,100.0,-7.0,7.0,8.0,5.4500217,0.0,26.442339,0.0,1.0,1.0,58.66039,-8.0,1.0,1.0,0.0,81.23017,0.0
85.0,376.13974,3.0,90.0,7.1524167,0.0,0.0,100.0,-7.0,7.0,8.0,9.142455,2.0,46.0,10.645547,3.0,2.7140057,0.0,128.14034,1.0,2.0,0.0,54.71559,0.0
71.0,126.22086,31.220861,106.28387,4.377368,0.0,0.0,77.03478,16.002632,6.0,6.0,4.6854734,0.0,39.0,0.0,1.0,1.0,10.0659075,-8.0,2.0,1.0,0.0,83.0,0.0
85.0,269.411,8.0,159.96854,10.0,0.0,0.0,100.0,-7.0,7.0,8.0,12.668467,0.0,25.0,12.076614,0.0,0.0,21.480719,49.227356,1.0,1.0,0.0,57.195824,0.0
82.0,231.08994,5.0,96.09065,8.0,0.0,0.0,100.0,-7.0,7.0,8.0,11.0,1.0,33.0,0.0,0.0,0.0,28.0,48.194046,2.0,2.0,0.0,71.0,0.0
85.348114,195.14973,2.6925876,90.84934,49.035538,0.0,0.0,100.0,-7.0,7.0,8.0,51.06848,6.0,17.0,1.0,5.35248,4.293493,8.50646,100.0,3.0,3.0,0.0,45.82639,0.0
73.0,269.6559,23.89587,93.68613,31.100952,0.0,0.0,96.0,13.527818,6.0,6.0,49.593872,0.0,57.176758,6.0,0.0,0.0,47.424408,-8.0,5.0,3.0,1.0,69.35719,0.0
74.0,283.23926,8.0,100.0,31.574955,0.0,0.0,97.0,9.273503,4.0,6.0,32.0,2.0,21.708054,0.0,1.0,1.0,18.945505,44.072926,3.0,2.0,0.0,29.612555,0.0
82.0,130.45392,1.0,58.692806,15.0,0.0,0.0,100.0,-7.0,7.0,8.0,17.212023,2.0,19.0,0.0,2.0,1.0,7.0,62.722084,1.0,1.0,0.0,50.0,0.0
85.0,205.06314,4.0,63.0,14.572396,0.0,0.0,100.0,-7.0,7.0,8.0,16.0,1.0,30.0,-8.0,1.0,1.0,16.865938,49.79483,3.0,2.0,0.0,50.0,0.0
86.0,59.447025,6.0,58.5876,18.0,0.0,0.0,100.0,-7.0,7.0,8.0,23.0,2.019321,10.624613,1.0,2.0,1.0,1.0,-8.0,2.0,1.0,0.0,49.017445,0.0
72.62455,177.23459,9.0,75.0,41.8566,0.0,0.0,100.0,-7.0,7.0,8.0,39.161522,1.0,38.0,-7.0,1.0,1.0,43.850014,-8.0,6.0,2.0,5.1819696,67.0,0.0
85.0,162.11436,9.829114,109.54593,21.0,0.0,0.0,100.0,-7.0,7.0,8.0,23.0,1.0,75.1004,0.0,0.0,0.0,2.0,57.903538,2.0,1.0,0.0,100.0,0.0
69.0,303.94293,10.0,79.0,46.10826,0.0,0.0,100.0,-7.0,7.0,8.0,32.0,1.0,27.223246,17.439838,0.0,0.0,56.297092,93.0,11.0,3.0,2.1316726,76.8376,0.0
74.0,417.77634,14.299654,98.45019,28.85651,0.0,0.0,92.55512,21.126974,4.0,6.0,28.0,0.0,56.362255,-7.0,1.0,0.0,47.679543,73.7389,5.0,4.7993355,0.0,88.60321,0.0
73.9984,152.64798,6.0,55.550373,44.27177,0.0,0.0,100.0,-7.0,7.0,8.0,47.42616,1.0,18.702814,0.0,2.0,2.0,3.0,-8.0,1.0,1.0,1.0,33.0,0.0
71.0,94.860016,2.0,36.32826,15.0,0.0,0.0,100.0,-7.0,7.0,8.0,16.0,1.0,19.438658,8.0,1.0,0.0,79.10793,87.73291,4.0,2.0,1.0,81.550514,0.0
65.0,205.67441,3.0,81.0,34.0,0.0,0.0,94.04118,35.570686,6.0,6.0,35.0,2.0,49.73579,0.0,1.0,1.0,72.75581,79.03688,3.0,2.0,3.0,56.0,0.0
77.0,155.86981,4.0,112.81284,17.0,0.0,0.0,77.13731,32.21991,6.0,6.0,6.425602,2.0,14.0,0.0,2.0,2.0,1.0,-8.0,4.0,1.0,0.0,67.0,0.0
76.57911,432.36053,8.468203,107.31893,43.80643,0.0,0.0,100.0,-7.0,7.0,8.0,37.0,3.0,19.0,2.0,2.0,1.0,8.0,-8.0,9.0,3.0,2.0,45.487133,0.0
78.95077,287.40784,1.0,144.87563,25.0,0.0,0.0,100.0,-7.0,7.0,8.0,14.0,1.0,22.734348,0.0,1.0,1.0585115,41.4828,71.0,6.4512095,2.0,1.0,67.0,0.0
85.492256,260.15558,27.033384,113.67521,11.099179,0.0,0.0,100.0,-7.0,7.0,8.0,12.0,0.0,33.0,1.0,0.0,0.0,0.0,-8.0,2.0,1.0,0.0,33.0,0.0
72.0,365.65997,-9.0,98.038025,31.00088,0.0,0.0,100.0,6.0,6.0,6.0,32.836105,4.0,18.87777,3.0,3.0,3.0,27.370283,81.74849,5.0,2.0,1.0,44.0,0.0
85.0,289.84747,6.0,79.0,17.0,0.0,0.0,100.0,-7.0,7.0,8.0,19.0,2.0,52.938255,0.0,0.0,0.0,4.7134447,90.27423,2.0,2.0,0.0,75.0,0.0
68.0,177.53247,11.0,79.0,42.944405,2.0,1.0,95.0,3.610196,4.0,6.0,43.770172,1.0,36.0,1.0,2.0,1.0,9.0,-8.0,5.0,4.0,0.0,50.0,0.0
56.808052,291.05835,7.0,107.501976,44.324177,0.0,0.0,93.0,4.0,4.0,6.0,46.061935,2.0,30.0,2.0,1.0,1.0,88.93703,84.0062,11.507545,4.0,10.838687,67.0,0.0
70.0,181.67355,1.0,67.633545,30.206165,0.0,0.0,89.2952,41.974976,6.0,6.0,33.0,3.0,29.0,0.0,2.0,2.0,32.772995,22.239153,4.0,4.0,0.0,75.0,0.0
78.0,55.321995,1.6671792,49.41814,15.0,0.0,0.0,100.0,-7.0,7.0,8.0,17.0,4.0,20.0,0.0,2.2665036,2.0,9.1972685,32.700268,5.0,2.0,0.0,75.0,0.0
82.781654,125.80259,7.0,70.218094,20.0,0.0,0.0,100.0,-7.0,7.0,8.0,20.703901,1.0,36.0,9.944453,0.0,0.0,1.0,64.048004,4.0,2.0,0.0,67.0,0.0
88.0,170.40067,2.6711686,62.57865,8.49555,0.0,0.0,100.0,-7.0,7.0,8.0,11.0,3.0,17.0,10.758676,0.0,0.0,0.0,65.02341,2.0,1.0,0.0,36.530117,0.0
78.0,183.88702,15.0,74.0,15.372702,2.0,2.0,87.14652,81.595245,6.0,2.0,22.0,0.0,37.0,-7.0,1.0,1.0,6.0,-8.0,3.0,1.0,0.0,60.0,0.0
79.0,457.08292,8.0,122.457794,30.0,0.0,0.0,100.0,-7.0,7.0,8.0,31.0,1.0,20.0,-7.0,2.0,2.0,22.241713,84.89171,7.3411555,2.0,1.0,47.3426,0.0
65.0,337.4112,12.11039,97.41647,16.0,0.0,0.0,77.11509,15.367121,6.0,6.0,19.0,0.0,39.0,1.0,2.0,2.0,41.32193,76.23416,4.0,5.0,2.0,67.0,0.0
87.34256,188.79312,26.91801,295.61716,10.0,0.0,0.0,100.0,-7.0,7.0,8.0,14.0,0.0,32.50398,11.793154,0.0,0.0,1.0,-8.0,2.0,1.0,0.0,41.533504,0.0
77.0,199.24174,2.0,73.696014,15.0,0.0,0.0,100.0,-7.0,7.0,8.0,20.0,2.0,45.315308,4.0,1.0,1.0,32.181454,87.83622,2.0,2.0,1.0,78.0,0.0
77.0,83.141594,11.0,42.506226,3.404663,0.0,0.0,100.0,-7.0,7.0,8.0,6.0995855,2.0,50.0,1.0,0.0,0.0,3.0,59.208363,1.0,1.0,0.0,49.843506,0.0
69.86772,378.81348,2.0,89.598495,30.274399,2.1124222,1.0,83.44515,16.8193,4.0,3.0,38.0,3.0,66.267075,6.0,0.0,0.0,18.527515,93.36264,3.0,14.403171,0.0,80.0,0.0
84.1893,196.69191,2.0,83.0,36.864063,0.0,0.0,100.0,-7.0,7.0,8.0,43.517063,10.708847,60.83374,1.0,1.0,1.0,15.0,64.797966,4.0,5.183511,0.0,58.0,0.0
75.0,239.43788,2.3457081,103.13989,42.949383,0.0,0.0,95.0,2.8512928,6.0,6.0,56.847458,4.0,25.0,12.805828,2.0,1.0,10.789418,92.551315,3.0,7.7001886,0.0,40.308483,0.0
68.716934,244.38374,2.0,119.27089,40.17757,1.499438,1.4678627,88.928925,21.654182,6.0,2.419614,46.154827,1.0,35.0,1.0,3.0,2.265572,63.730335,92.34167,9.0,4.0,5.3575826,82.74485,0.0
-9.0,-9.0,-9.0,-9.0,-9.0,-9.0,-9.0,-9.0,-9.0,-9.0,-9.0,-9.0,-9.0,-9.0,-9.0,-9.0,-9.0,-9.0,-9.0,-9.0,-9.0,-9.0,-9.0,0.0
76.0,256.90332,-9.0,120.04944,15.550401,0.0,0.0,97.0,20.710001,5.982955,6.0,17.954748,2.0,25.0,0.0,3.0,3.0,0.0,-8.0,-9.0,1.0,0.0,-3.8592863,0.0
79.0,162.36539,3.0,75.39226,33.74609,0.0,0.0,100.0,-7.0,6.0,7.0,29.0,1.0,33.0,0.0,5.957145,5.5183997,14.0,89.155075,6.0,2.0,0.0,87.50714,0.0
86.55254,259.1225,25.618187,151.06097,14.0,0.0,0.0,100.0,-7.0,7.0,8.0,15.0,0.0,40.0,-7.5412173,0.0,0.0,16.135597,-8.0,4.0,2.0,0.0,73.0,0.0
69.0,163.33858,17.0,74.0,35.625095,0.0,0.0,98.0,58.32698,6.0,6.0,29.436794,0.0,45.0,8.803258,1.0,1.0,30.076574,-8.0,4.0,-8.0,3.6139948,75.0,0.0
75.0,145.20338,11.0,76.64808,25.0,0.0,0.0,100.0,-7.0,7.0,8.0,24.710846,0.19942783,31.0,1.0,1.0,1.0,16.593853,-8.0,3.0,2.0,1.0,81.49824,0.0
75.0,225.91237,3.0,80.7142,29.966965,0.0,0.0,100.0,-7.0,7.0,8.0,39.650116,5.0,45.0,-8.0,0.0,0.0,15.621481,56.162235,4.0,3.0,0.0,75.21735,0.0
90.0,134.33185,38.042328,88.132126,8.0,0.0,0.0,100.0,-7.0,7.0,8.0,13.521074,0.0,31.0,-8.0,0.0,0.0,5.3224754,-8.0,2.0,1.0,0.0,50.0,0.0
85.0,288.48132,2.0,68.8523,36.178986,0.0,0.0,100.0,-7.0,7.0,8.0,42.032845,6.0,30.0,1.0,4.629089,4.0,3.0,93.0,3.0,2.0,0.0,50.0,0.0
86.0,161.5685,5.8849387,72.82647,29.0,0.0,0.0,100.0,-7.0,7.0,8.0,24.0,2.0,20.0,0.0,0.0,0.0,1.0,-8.0,1.4797034,1.0,0.0,25.0,0.0
90.5667,216.0928,20.232122,124.73733,17.0,0.0,0.0,100.0,-7.0,7.0,8.0,21.0,0.0,9.620513,-7.0,0.0,0.0,3.0,-8.0,2.0,-8.0,0.0,33.0,0.0
73.0,254.7928,2.0,82.53047,23.0,0.0,0.0,100.0,-7.0,7.0,8.0,23.0,4.0,32.0,-7.0,0.0,0.0,22.252502,92.866264,4.695615,4.0,0.0,67.0,0.0
90.0,268.21884,30.925514,131.54602,18.0,0.0,0.0,100.0,-7.0,7.0,8.0,24.0,0.0,16.0,-7.0,0.0,0.0,10.912186,-8.0,3.0,1.0,0.0,67.0,0.0
74.791176,101.46383,4.0,54.83059,15.0,0.0,0.0,100.0,-7.0,7.0,8.0,15.0,2.0,37.173145,0.0,2.0489533,2.0,48.095993,27.660809,2.0,2.0,2.0,64.03501,0.0
87.0,187.43982,10.0,92.0,18.0,0.0,0.0,100.0,-7.0,7.0,8.0,21.0,0.0,30.0,-8.0,0.0,0.0,19.321682,88.0,2.0,3.0,0.0,67.0,0.0
66.0,103.30353,4.0,53.52013,18.0,0.0,0.0,92.0,6.0913825,4.0,6.0,19.0,1.0,30.0,-8.0,3.0775838,3.0,31.015223,-8.0,2.0,1.0,2.0,38.0,0.0
79.0,190.90782,0.46062478,57.1101,24.0,0.0,0.0,100.0,-7.0,7.0,8.0,25.288568,6.0,20.0,0.0,2.0,2.0,2.0,-8.0,4.0,1.0,1.0,33.296196,0.0
83.0,167.6235,6.0,59.737343,12.412494,0.0,0.0,100.0,-7.0,7.0,8.0,9.0,2.0,21.121014,8.0,0.0,0.0,20.452051,86.717705,1.0,2.0,0.0,43.0,0.0
83.0,140.19359,2.0,70.21425,12.0,0.0,0.0,100.0,-7.0,7.0,8.0,6.893232,2.0,41.0,-8.0,0.0,0.0,11.868358,41.991253,2.0,3.0,0.0,70.549736,0.0
78.0,172.40826,4.0,54.35675,29.641064,0.0,0.0,100.0,-7.0,7.0,8.0,29.0,3.0,38.0,0.0,2.7619803,2.0,27.113708,93.0,1.0,7.3607683,0.0,42.112392,0.0
78.0,230.33691,-0.8265886,88.00462,39.340687,0.0,0.0,96.0,17.402185,6.0,6.0,42.734188,2.0,34.043972,4.0,2.0,2.0,16.845345,93.59228,6.0,3.0,0.0,86.81579,0.0
87.0,437.40198,14.0,106.58615,13.798055,0.0,0.0,95.0,39.1271,6.0,6.0,14.0,2.0,35.0,-7.0,0.0,0.0,6.0,11.2466135,1.0,2.0,0.0,37.63259,0.0
66.0,-8.0,7.0,-9.0,12.0,0.0,0.0,89.97249,36.49017,6.0,6.0,11.806716,3.0,27.0,0.0,2.7204907,3.0,44.435036,18.941929,2.0,2.0,1.0,64.0,0.0
79.0,209.91101,6.0,79.103905,23.0,0.0,0.0,92.0,23.537834,6.0,6.0,23.0,2.0,20.0,0.0,1.0,1.0,15.782197,22.50715,8.0,3.0,0.29506978,60.369675,0.0
87.0,211.67914,1.0,81.184044,15.209744,0.0,0.0,100.0,-7.0,7.0,8.0,18.0,1.0,29.0,-7.0,0.0,0.0,18.049023,-8.0,2.0,2.0,0.0,67.0,0.0
-9.0,-9.0,-9.0,-9.0,-9.0,-9.0,-9.0,-9.0,-9.0,-9.0,-9.0,-9.0,-9.0,-9.0,-9.0,-9.0,-9.0,-9.0,-9.0,-9.0,-9.0,-9.0,-9.0,0.0
67.0,225.02788,7.7904315,75.0,9.0,1.0,1.0,78.62138,29.932602,6.0,5.0,15.0,2.0,10.251684,0.0,0.0,0.0,29.013865,-8.0,3.0,1.0,0.0,71.5947,0.0
77.0,254.5029,3.0,159.00906,26.982473,0.0,0.0,94.0,52.6465,6.0,6.0,28.0,1.0,20.0,0.0,1.0,1.0,28.60331,-8.0,7.0,-8.0,2.0,75.0,0.0
87.0,371.18344,9.0,82.714615,18.0,0.0,0.0,100.0,-7.0,7.0,8.0,18.28091,1.0,42.0,0.0,0.0,0.0,13.0,78.10719,4.0,2.0,0.0,75.0,0.0
75.0,228.79132,7.0,102.47572,24.0,0.0,0.0,100.0,-7.0,7.0,8.0,29.0,1.0,20.0,1.0,4.0,4.0,17.0,-8.0,3.0,1.0,1.0,40.0,0.0
-9.0,-9.0,-9.0,-9.0,-9.0,-9.0,-9.0,-9.0,-9.0,-9.0,-9.0,-9.0,-9.0,-9.0,-9.0,-9.0,-9.0,-9.0,-9.0,-9.0,-9.0,-9.0,-9.0,0.0
85.0,261.98663,19.754251,80.0,23.0,0.0,0.0,100.0,-7.0,7.0,8.0,24.0,0.0,43.538937,-7.0,1.0,1.0,34.943817,42.650284,2.0,2.0,0.0,83.0,0.0
-9.0,-9.0,-9.0,-9.0,-9.0,-9.0,-9.0,-9.0,-9.0,-9.0,-9.0,-9.0,-9.0,-9.0,-9.0,-9.0,-9.0,-9.0,-9.0,-9.0,-9.0,-9.0,-9.0,0.0
58.72592,98.256226,4.0,50.835632,19.0,1.32206,1.0,83.95782,4.1437774,5.0,2.9683247,23.0,2.0,24.0,-7.0,1.0,1.0,17.0,58.7577,3.0,2.0,0.0,50.44257,0.0
72.0,217.55406,19.442406,76.0,10.3430395,1.0,0.0,90.2029,48.69605,6.0,2.0236623,15.0,0.0,60.906624,-7.0,2.0,1.8677216,86.392784,-8.0,1.0,2.0,1.0,100.0,0.0
79.0,144.41411,4.0,69.44757,20.216099,0.0,0.0,100.0,-7.0,7.0,8.0,24.511736,2.0,33.0,1.0,0.0,0.0,42.519165,84.96975,5.0,1.3709322,1.0,88.25996,0.0
92.82544,341.75513,37.988735,225.9833,3.2302334,0.0,0.0,100.0,-7.0,7.0,8.0,4.4497886,0.0,12.34691,-8.0,0.0,0.0,4.0,-8.0,3.0,-8.25245,0.0,93.04143,0.0
79.0,263.45993,8.0,86.797264,28.0,0.0,0.0,97.0,27.182945,6.0,6.0,30.0,2.0,24.103327,-7.321094,0.0,0.0,39.839737,-8.0,4.0,2.0,0.0,57.0,0.0
85.0,306.403,1.0,89.44301,18.0,0.0,0.0,100.0,-7.0,7.0,8.0,19.0,2.0,50.0,3.1163933,2.0,2.0,15.0,-8.0,2.0,2.0,0.0,80.133026,0.0
80.0,182.30049,2.0,89.06194,44.61169,0.0,0.0,100.0,-7.0,7.0,8.0,48.44493,10.66557,17.146688,-7.0,2.0,2.0,13.251042,-8.0,6.0,1.0,0.0,56.0,0.0
79.0,222.37895,4.0,106.704605,32.71504,0.0,0.0,100.0,-7.0,7.0,8.0,38.855186,1.0,24.983019,7.93197,0.0,0.0,22.824636,96.906265,8.0,2.0,0.0,90.67991,0.0
80.0,79.52244,4.0,40.92487,28.47424,0.0,0.0,100.0,-7.0,7.0,8.0,30.0,3.0,36.0,0.0,0.0,0.0,10.0,-8.0,5.0,1.0,0.0,50.0,0.0
91.00031,182.92606,7.9866276,105.90197,9.0,0.0,0.0,100.0,-7.0,7.0,8.0,11.931099,0.0,24.0,-7.0,0.0,0.0,0.0,-8.0,2.0,2.0,0.0,46.827072,0.0
78.68283,153.58156,10.0,106.25351,17.0,0.0,0.0,88.0,82.151115,6.0,6.0,18.437826,1.0,27.0,17.425064,0.0,0.0,2.4226305,97.85314,1.0,1.0,0.0,100.0,0.0
79.0,354.13992,27.162994,139.84889,21.0,0.0,0.0,100.0,-7.0,7.0,8.0,20.0,0.0,34.547264,0.0,4.0,3.0139139,57.2092,-8.0,5.7633615,1.0,3.81609,78.0,0.0
62.0,328.46405,3.0,155.32628,21.0,2.0,1.0,88.0,0.14344268,-9.0,6.0,24.0,1.0,21.0,0.0,0.0,0.0,53.536354,88.0,4.5869293,1.0,1.0,45.289158,0.0
82.0,197.25897,2.0,63.353058,25.0,0.0,0.0,100.0,-7.0,7.0,8.0,26.0,2.0,45.0,0.0,0.0,0.0,23.081902,96.13111,2.0,3.0,0.0,67.0,0.0
62.98602,274.21802,24.146587,130.25024,7.9790435,2.6777916,2.0,68.106255,33.790897,6.0,2.0,12.0,0.0,38.0,0.0,0.0,0.0,24.532017,-8.0,1.0,1.0,2.5535967,64.0,0.0
77.0,352.28204,15.0,218.39767,16.0,1.0,1.0,92.0,66.00327,6.0,2.0,21.0,1.0,43.0,-7.6448655,0.0,0.0,17.426613,-8.0,2.9323666,-8.0,0.0,37.547935,0.0
64.0,218.05551,3.0,79.0,39.069912,0.0,0.0,89.0,3.0,3.0,6.0,54.56649,2.0,47.0,0.0,2.0,1.0,24.325739,35.331303,5.969423,7.741008,1.0,75.0,0.0
70.0,143.1347,32.33449,86.571144,21.0,2.0,1.0,90.941246,55.075577,6.0,6.0,22.138712,0.0,7.6333165,-8.0,0.0,0.0,21.0,-8.0,6.0,1.0,1.0,60.0,0.0
81.0,140.37227,2.0,63.14738,28.0,0.0,0.0,100.0,-7.0,7.0,8.0,28.0,1.0,8.597071,-7.0,1.0,1.0,1.0,48.775997,1.0,2.0,0.0,30.059866,0.0
68.0,163.43788,2.0,71.61066,32.150528,2.0,0.0,80.57092,35.27319,6.0,4.0,30.845251,3.0,30.0,-7.0,0.0,0.0,25.0,93.05037,6.0,3.0,1.0,70.0,0.0
72.0,159.15425,3.0,57.628613,15.0,0.0,0.0,100.0,-7.0,7.0,8.0,21.475048,2.0,57.520267,0.0,1.0,1.0,74.682884,68.587715,4.0,2.0,1.0,89.76961,0.0
72.0,203.25243,2.0558815,96.53049,33.280468,0.0,0.0,96.0,33.64061,6.0,6.0,23.0,4.0,37.0,6.0,2.0,1.0630864,28.0,85.52835,5.0,4.0,1.0,75.0,0.0
68.20133,155.58455,4.0,43.666164,21.0,0.0,0.0,96.0,55.571423,6.0,6.0,22.0,2.0,19.381071,2.0,3.0,2.4514194,67.89623,67.38961,3.0,2.0,1.0,61.72062,0.0
76.0,322.79138,11.0,133.61963,24.0,0.0,0.0,100.0,-7.0,7.0,8.0,21.835232,0.0,25.0,0.6874145,1.0,0.0,40.996197,98.90425,4.0,2.0,1.0,75.0,0.0
75.0,168.30988,10.0,62.130985,23.0,1.0,0.0,89.0,10.577633,4.0,3.8663578,26.0,0.0,46.251076,0.0,0.0,0.0,20.741386,91.0,4.0,2.0,0.0,71.0,0.0
-9.0,-9.0,-9.0,-9.0,-9.0,-9.0,-9.0,-9.0,-9.0,-9.0,-9.0,-9.0,-9.0,-9.0,-9.0,-9.0,-9.0,-9.0,-9.0,-9.0,-9.0,-9.0,-9.0,0.0
64.91424,111.38019,4.0,61.322872,22.75122,0.0,0.0,95.0,41.327324,6.0,6.0,22.0,2.0,28.0,0.0,2.0,2.0,72.67929,64.5989,4.0,3.0,2.0,88.8527,0.0
70.0,156.90714,13.0,49.02869,20.575146,0.0,0.0,100.0,-7.0,7.0,8.0,24.0,0.0,23.0,4.0,0.0,0.0,52.592472,21.333298,7.0,2.0,0.0,64.0,0.0
74.0,176.89302,6.0,59.284454,9.255384,1.9336344,0.0,94.315,61.707752,6.0,4.0,10.237742,2.0,44.93575,2.0,0.0,0.0,36.0,76.89187,3.0,2.0,2.0,64.16725,0.0
75.99309,281.0959,15.007283,117.79571,39.0,0.0,0.0,100.0,-7.0,7.0,8.0,44.998837,0.0,20.0,8.0,0.0,0.0,40.938416,-8.0,7.0,2.0,2.0,52.053383,0.0
83.0,262.34787,6.0,90.56747,15.0,0.0,0.0,100.0,-7.0,7.0,8.0,19.0,2.0,12.346709,-8.0,0.0,0.0,22.557117,-8.0,3.0,1.0,1.0,36.64253,0.0
-9.0,-9.0,-9.0,-9.0,-9.0,-9.0,-9.0,-9.0,-9.0,-9.0,-9.0,-9.0,-9.0,-9.0,-9.0,-9.0,-9.0,-9.0,-9.0,-9.0,-9.0,-9.0,-9.0,0.0
71.0,391.0273,4.0,68.95448,36.75787,0.0,0.0,95.0,32.134605,6.0,6.0,37.0,4.0,20.0,0.0,1.0,1.0,24.920183,-8.0,9.0,1.0,2.0,63.195015,0.0
78.45667,116.561,11.9692135,60.08055,23.0,0.0,0.0,100.0,-7.0,7.0,8.0,21.653934,1.0,23.213356,0.0,0.0,0.0,33.71418,82.01514,1.0,1.0,0.0,67.0,0.0
80.0,280.02246,64.47908,121.165085,14.0,0.0,0.0,88.0,22.231209,6.0,6.0,9.0,0.0,33.0,-9.0,0.0,0.0,1.0,-8.0,1.0,1.0,0.0,47.14267,0.0
85.0,141.75114,9.0,95.560265,16.0,0.0,0.0,100.0,-7.0,7.0,8.0,-9.0,0.0,25.0,-7.0,0.33768275,0.0,31.883184,46.800335,2.0,4.0,0.0,82.644775,0.0
79.0,256.02487,12.0,73.880135,29.0,0.0,0.0,100.0,-7.0,7.0,8.0,27.0,0.0,29.0,0.0,0.0,0.0,12.0,58.57359,4.0,4.0,1.0,50.0,0.0
71.0,297.3507,2.0,82.0,51.37537,0.0,0.0,100.0,-7.0,7.0,8.0,55.198223,4.952649,21.0,0.0,2.0,2.0,46.442104,79.58624,10.368371,3.0,2.6095755,51.254944,0.0
79.937386,187.20808,3.0,59.448345,31.0,0.0,0.0,95.0,7.339609,6.0,6.0,29.316374,6.0,15.0,0.0,2.0,2.0,1.0,52.5463,1.0,2.0,0.0,23.615416,0.0
87.0,358.5667,54.40096,190.40427,8.782762,0.0,0.0,100.0,-7.0,7.0,8.0,8.0,0.0,45.0,-8.0,0.0,0.0,8.453896,-8.0,1.0,1.0,0.0,91.37773,0.0
87.0,303.07224,6.0,157.4884,21.0,0.0,0.0,100.0,-7.0,7.0,8.0,22.0,2.0,9.758838,-8.0,0.0,0.0,2.0,-8.0,3.0,1.0,0.0,30.4507,0.0
-9.0,295.88016,3.0,120.18488,28.0,6.5768323,4.2643147,73.87198,4.0388274,0.0,5.0,34.0,1.0,33.0,-7.0,0.0,0.0,43.333874,-8.0,4.0,1.0,0.0,40.0,0.0
80.0,227.79892,9.0,82.0,36.94347,0.0,0.0,100.0,-7.0,7.0,8.0,39.89808,3.3407454,56.697365,-8.0,2.0,1.7180555,36.0,49.377483,2.390816,4.0,0.0,68.52225,0.0
87.62157,308.34198,15.9619,120.04626,15.0,0.0,0.0,94.95085,17.706491,6.0,6.0,16.53778,0.0,51.379704,0.0,1.0,1.0,0.0,7.281775,1.0,4.0,0.0,100.0,0.0
74.0,180.19464,3.0,63.26679,39.0,0.0,0.0,97.0,38.285824,6.0,6.0,47.347477,2.0,36.336205,4.0,0.0,0.0,23.56649,91.0,8.601246,3.0,0.0,60.0,0.0
87.0,308.871,10.0,77.0,30.0,0.0,0.0,100.0,-7.0,7.0,8.0,32.0,1.0,30.47161,0.0,0.0,0.0,5.0,71.0,5.0,3.0,0.0,53.35401,0.0
79.0,130.68288,13.0,84.221565,20.0,0.0,0.0,100.0,-7.0,7.0,8.0,19.0,0.0,45.928364,0.0,1.0,1.0,44.183083,88.713844,2.0,1.0,0.0,100.0,0.0
-9.0,-9.0,-9.0,-9.0,-9.0,-9.0,-9.0,-9.0,-9.0,-9.0,-9.0,-9.0,-9.0,-9.0,-9.0,-9.0,-9.0,-9.0,-9.0,-9.0,-9.0,-9.0,-9.0,0.0
89.0,198.66507,5.0,123.2792,12.0,0.0,0.0,100.0,-7.0,7.0,8.0,14.0,2.0,-9.0,0.0,1.0,1.0,1.0,-8.0,3.0,-8.0,0.0,26.74581,0.0
82.54935,246.5599,8.0,124.79553,21.0,0.0,0.0,89.267075,29.630724,6.0,6.0,19.738121,0.0,19.0,0.0,0.0,0.0,0.0,79.01125,2.0,1.0,0.0,41.091763,0.0
65.0,40.058296,2.0,63.148285,43.407185,0.0,0.0,96.65135,30.00158,4.0,6.0,26.0,2.0,6.4117875,-7.0,1.0,1.0,10.238165,-8.0,6.750293,1.0,2.0,42.442154,0.0
87.0,281.33176,4.0,111.98948,28.0,0.0,0.0,100.0,-7.0,7.0,8.0,31.0,1.1391943,45.418777,-7.0,0.0,0.0,10.421005,-8.0,2.0,1.0,0.0,75.0,0.0
82.0,373.51907,8.0,103.22361,39.388943,0.0,0.0,100.0,-7.0,7.0,8.0,32.0,2.0,24.0,0.0,0.0,0.0,19.0,93.0,3.0,3.0,0.0,50.0,0.0
80.0,190.48094,3.0,59.8226,23.0,0.0,0.0,100.0,-7.0,7.0,8.0,26.0,2.0,19.182209,0.0,0.0,0.0,13.111416,68.60272,4.0,3.0,0.0,55.11732,0.0
71.0,296.06247,36.493126,151.2022,27.008295,0.0,0.0,100.0,-7.0,7.0,8.0,22.531364,0.0,39.049675,0.0,3.0,3.0,32.0,-8.0,5.0,2.0,3.0,80.0,0.0
92.65115,290.26855,15.0,114.597244,15.0,0.0,0.0,100.0,-7.0,7.0,8.0,29.0,0.0,-9.0,16.872236,0.0,0.0,2.0,-8.0,1.0,1.0,0.0,37.760757,0.0
68.0,157.79872,2.0,70.56023,19.0,0.0,0.0,100.0,-7.0,7.0,8.0,3.273573,5.5608835,18.0,0.0,1.0,0.0,42.081974,-8.0,3.0,4.0,2.0,50.0,0.0
14.532681,232.91798,7.0,71.05542,31.329992,0.0,0.0,77.96706,3.0,4.0,6.0,34.0,1.6023134,22.054697,5.9673233,0.0,0.0,50.229317,81.03787,9.965752,4.0,1.0,75.0,0.0
68.45399,-9.0,3.0,57.286457,27.0,0.0,0.0,85.85557,34.92376,6.0,6.0,27.0,2.0,44.0,-8.0,1.0,1.0,59.632244,89.61427,4.0,4.0,0.0,77.38612,0.0
77.0,288.66348,9.0,74.0,25.0,0.0,0.0,96.3225,30.948816,6.0,6.0,24.0,1.0,24.768906,0.0,3.1123543,3.0,11.0,95.65097,4.0,3.0,0.0,50.0,0.0
83.0,325.23898,15.539474,108.55831,26.0,0.0,0.0,100.0,-7.0,7.0,8.0,29.689484,0.0,17.0,3.0,0.0,0.0,17.687696,82.0,4.583295,2.0,0.0,71.0,0.0
79.0,250.96985,-9.0,92.881226,27.579542,2.0,2.0,100.0,-7.0,7.0,8.0,36.993458,1.0,21.0,-7.0,2.0,2.0,5.0,-8.0,2.0,-2.5156603,0.0,28.158152,0.0
70.454704,453.15598,-1.752418,106.47897,23.0,0.0,0.0,90.64446,13.0789585,4.0,6.0,33.0,4.0,22.0,0.0,1.0,1.0,32.980705,91.700516,5.0,3.0,2.0,50.0,0.0
87.0,281.39026,5.0,80.02833,26.0,0.0,0.0,100.0,-7.0,7.0,8.0,32.785538,3.0,6.208744,0.0,3.0,3.0,4.0,100.0,2.0,2.0,0.0,-9.0,0.0
83.0,150.41658,11.0,109.1142,12.0,0.0,0.0,97.0,63.266994,6.0,6.0,11.0,1.0,40.0,-7.0,0.0,0.0,32.0,-8.0,4.0,2.0,0.0,83.0,0.0
85.0,194.17575,6.0,81.944984,68.75601,0.0,0.0,100.0,-7.0,7.0,8.0,45.999664,2.0,28.0,15.200814,0.0,0.0,18.0,74.736374,2.0,5.0,0.0,35.156536,0.0
88.0,223.67172,13.08561,72.307915,31.5628,0.0,0.0,100.0,-7.0,7.0,8.0,32.876656,0.0,61.86313,-7.0,0.0,0.0,4.278689,57.990685,2.176793,4.108277,0.0,63.0,0.0
68.88595,210.70988,12.0,88.187126,26.0,0.0,0.0,100.0,-7.0,7.0,8.0,24.0,0.0,16.081608,0.0,0.0,0.0,46.933167,-8.0,5.0,2.0,2.0,50.0,0.0
75.0,184.74095,4.0,95.525826,17.0,0.0,0.0,100.0,-7.0,7.0,8.0,22.998999,3.0,9.953469,10.790636,0.0,0.0,44.095264,-8.0,3.0,-8.0,3.0,40.0,0.0
82.48044,109.7628,53.720356,101.37011,7.351529,0.0,0.0,100.0,-7.0,7.0,8.0,10.893262,0.0,11.831543,-8.0,0.0,0.0,28.0,-8.0,2.0,-8.706883,0.0,75.0,0.0
75.0,294.8448,3.0,113.51969,42.878193,0.0,0.0,97.0,11.392111,6.0,6.0,44.10212,1.0,31.571209,0.0,12.826001,11.378275,9.094721,69.19577,4.0,14.16154,0.0,46.19697,0.0
62.591084,211.41342,25.692848,166.7783,6.7595663,3.0,2.3875644,61.74134,4.0,6.0,2.0,10.643888,0.0,27.959755,-8.0,0.0,0.0,2.5295305,-8.0,2.0,1.0,-9.0,70.00583,0.0
66.0,165.90001,6.0,36.28463,22.0,0.0,0.0,100.0,-7.0,7.0,8.0,23.747892,2.0,18.125143,9.0,1.0,1.0,32.0544,27.12784,9.0,3.0,3.0,57.757294,0.0
83.0,77.45802,37.663303,100.0,11.0,0.0,0.0,93.0,49.183205,6.0,6.0,0.85126936,0.0,11.0,-7.0,0.0,0.0,21.0,-8.0,2.0,1.0,0.0,53.769573,0.0
70.0,111.7161,14.93007,97.5922,7.3308806,2.7367406,2.0,76.06461,38.516125,6.0,2.0,7.3006616,1.0,22.636032,0.0,0.0,0.0,0.28683278,-8.0,1.0,-8.0,0.0,42.361214,0.0
81.0,93.693,6.0,48.57127,30.7563,0.0,0.0,100.0,-7.0,7.0,8.0,5.0858254,3.0,20.0,0.0,1.0,1.0,3.0,70.27393,2.0,2.0,0.0,33.0,0.0
92.34486,277.4705,4.0,170.79861,27.0,0.0,0.0,100.0,-7.0,7.0,8.0,31.648672,0.0,19.0,0.0,0.0,0.0,1.0,25.05485,3.0,1.0,0.0,33.0,0.0
81.0,221.16449,17.301056,106.11997,25.0,0.0,0.0,100.0,-7.0,7.0,8.0,24.864231,0.0,33.0,14.862606,0.0,0.0,16.5763,53.64878,6.0,2.0,0.0,56.0,0.0
85.4531,254.28186,38.226936,121.39727,18.0,0.0,0.0,100.0,-7.0,7.0,8.0,21.0,0.0,41.89322,-7.0,0.0,0.0,42.38406,-8.0,2.0,1.0,1.0,100.0,0.0
87.56352,244.56483,28.629221,95.290344,31.074003,0.0,0.0,100.0,-7.0,7.0,8.0,36.157207,0.0,19.0,0.0,1.0,1.0,0.0,-8.0,1.0,1.0,0.0,-9.0,0.0
87.0,254.86015,19.627785,100.53596,31.0,0.0,0.0,95.0,32.856537,6.0,6.0,33.0,0.0,22.0,4.0,0.0,0.0,6.0,-8.0,2.0,1.0,0.0,43.0,0.0
89.305786,151.1468,10.0,86.0,22.0,0.0,0.0,100.0,-7.0,7.0,8.0,19.638382,1.0,28.0,7.0,1.0,0.0,4.0,100.0,3.3858116,2.0,0.0,44.751495,0.0
78.0,53.137753,5.0,32.432014,16.0,0.0,0.0,92.0,-7.0,4.0,6.0,16.0,1.0,35.0,0.0,0.0,0.0,0.0,-8.0,-9.0,2.0,0.0,44.0,0.0
75.952995,145.07161,2.0,72.45615,15.0,0.0,0.0,100.0,-7.0,7.0,8.0,14.0,2.0,20.0,1.0,2.0,2.4715939,36.0,44.145424,3.61353,1.0,2.0,70.0,0.0
72.0,282.4893,2.0,135.40967,28.0,0.0,0.0,95.0,8.699699,3.6272316,6.0,34.0,1.0,38.0,2.0,2.0,2.0,46.78759,60.27427,3.0,2.0,0.0,60.0,0.0
76.426544,306.9877,6.0,97.47392,27.0,0.0,0.0,93.0,46.371292,6.0,6.0,23.0,1.0,38.0,0.0,1.0,1.0,47.08392,78.2387,6.0,3.0,1.0,99.48184,0.0
80.0,213.33551,9.0,126.4425,28.0,0.0,0.0,100.0,-7.0,7.0,8.0,16.0,2.0,24.0,1.0,3.0,3.0,13.0,99.356575,5.0,2.0,0.0,75.0,0.0
78.0,205.24472,5.0,76.0,25.0,0.0,0.0,94.0,16.566238,6.0,6.0,25.0,1.0,20.0,7.6597586,1.0,1.0,9.0,88.32894,2.0,4.0,0.0,33.44973,0.0
81.0,241.75339,2.0,90.0,23.904839,0.0,0.0,100.0,-7.0,7.0,8.0,26.0,3.0,18.0,0.0,1.0,1.0,17.1911,-8.0,3.0,2.0,0.0,46.072918,0.0
62.87119,141.40622,13.0,67.0,24.0,2.0,1.0,77.96753,-7.0,-9.0,5.0,26.0,0.82192063,12.244067,18.78993,0.0,0.0,0.0,-8.0,1.0,1.0,0.0,20.00565,0.0
84.0,304.70944,2.0,63.0,25.0,0.0,0.0,100.0,-7.0,7.0,8.0,37.0,10.321104,41.121853,0.0,2.0,2.0,15.03817,88.0,3.0,2.0,0.0,62.260048,0.0
83.0,448.43445,40.700375,141.77354,11.0,0.0,0.0,100.0,-7.0,7.0,8.0,15.0,0.0,25.02936,4.0,0.0,0.0,26.02872,-8.0,5.0,1.0,1.0,71.0,0.0
76.66391,180.18309,2.0,62.12178,26.811605,0.0,0.0,97.0,1.0,6.0,6.0,34.0,3.0,8.692129,0.0,2.0,2.0,10.830585,70.82099,5.9813914,2.0,0.0,40.0,0.0
-9.0,-9.0,-9.0,-9.0,-9.0,-9.0,-9.0,-9.0,-9.0,-9.0,-9.0,-9.0,-9.0,-9.0,-9.0,-9.0,-9.0,-9.0,-9.0,-9.0,-9.0,-9.0,-9.0,0.0
73.0,196.15572,5.0,104.96594,30.0,0.0,0.0,100.0,-7.0,7.0,8.0,31.0,1.0,56.142075,3.0,1.0,1.0,68.25123,91.0,6.0,4.6808257,1.0,86.0,0.0
72.0,85.19426,12.0,38.27345,12.5655985,0.0,0.0,100.0,-7.0,7.0,8.0,11.0,0.0,37.854923,9.768959,0.0,0.0,60.99318,-8.0,2.0,2.0,2.0,50.0,0.0
60.977604,221.23355,16.262802,81.0,30.0,1.0,0.0,87.22164,8.634987,4.0,5.0,31.0,0.0,41.0,7.0,0.0,0.0,54.469364,-8.0,7.0,4.9102235,4.0,83.0,0.0
79.0,140.49411,12.0,58.0,10.957567,0.0,0.0,100.0,-7.0,7.0,8.0,9.547481,0.0,47.24041,-7.0,0.0,0.0,1.0,50.37242,1.0,2.0,0.0,50.0,0.0
84.0,205.6031,1.0,120.05288,31.0,0.0,0.0,100.0,-7.0,7.0,8.0,34.0,2.0,50.0,0.0,2.0,2.0,7.0,91.44442,3.0,2.0,0.0,64.0,0.0
87.0,210.74397,1.0,88.653496,21.0,0.0,0.0,100.0,-7.0,7.0,8.0,29.0,1.0917661,52.591133,-7.0,0.0,0.0,6.0,92.26753,3.9947963,2.0,0.0,100.0,0.0
55.53727,141.32663,7.0,53.070198,13.616918,1.0,0.0,82.128494,2.2872608,-5.5330477,3.0,15.0,1.0,47.0,-7.0,2.0,1.0,28.0,42.637955,3.0,2.0,0.0,67.0,0.0
91.628975,182.94244,27.987637,92.292854,12.0,0.0,0.0,100.0,-7.0,7.0,8.0,20.0,0.0,38.021328,0.0,2.0,1.0,2.0,-8.0,1.0,1.0,0.0,50.0,0.0
80.0,103.33301,8.0,63.7373,18.0,0.0,0.0,91.52644,40.286068,6.0,6.0,17.501083,1.0,13.12905,-8.0,0.0,0.0,2.0,-8.0,4.0,1.0,0.0,65.57848,0.0
56.607353,165.31393,7.0,60.29577,8.0,3.0,3.6889455,77.67471,-7.0,0.0,2.2834175,8.898875,2.8207877,41.0,2.0,0.0,0.0,27.614191,6.3359714,2.0,3.0,0.0,78.0,0.0
83.0,162.95667,2.0,61.320545,21.0,0.0,0.0,100.0,-7.0,7.0,8.0,20.0,1.0,27.88685,6.0,0.0,0.0,3.0,77.62176,3.0,3.0,0.0,91.43213,0.0
66.0,280.1483,7.0,129.45566,33.238365,1.0,0.0,96.0,30.328451,4.0,4.411059,37.248695,2.0,29.985212,2.0,3.0,3.0,12.0,80.0,19.318352,3.0,0.0,72.47701,0.0
-9.0,-9.0,-9.0,-9.0,-9.0,-9.0,-9.0,-9.0,-9.0,-9.0,-9.0,-9.0,-9.0,-9.0,-9.0,-9.0,-9.0,-9.0,-9.0,-9.0,-9.0,-9.0,-9.0,0.0
84.0,207.05096,6.0,77.519165,32.0,0.0,0.0,100.0,-7.0,7.0,8.0,31.0,3.0,73.26686,0.0,4.0,4.0,11.0,69.71061,3.0,6.475748,0.0,67.0,0.0
83.64117,219.56853,4.0,74.683266,21.664433,0.0,0.0,100.0,-7.0,7.0,8.0,28.015944,3.0,59.996002,0.0,2.0,2.0,1.0,51.31164,2.0,3.0,0.0,67.0,0.0
86.0,233.3089,7.0,83.309364,34.0,0.0,0.0,100.0,-7.0,7.0,8.0,22.0,1.0,26.71545,0.0,2.0,1.8951086,4.0,88.0,2.6682568,3.0,0.0,43.0,0.0
81.0,149.85313,3.0,74.16226,27.0,0.0,0.0,100.0,-7.0,7.0,8.0,32.884083,3.0,23.0,0.0,1.0,1.0,9.0,-8.0,2.2600846,2.0,0.0,39.5911,0.0
79.0,188.96988,3.0,67.0,39.680088,0.0,0.0,100.0,-7.0,7.0,8.0,47.510685,3.0,20.0,9.353722,1.0,0.0,39.969227,53.14176,3.0,3.2505147,0.0,50.0,0.0
85.0,145.03603,7.0,103.19373,17.0,0.0,0.0,100.0,-7.0,7.0,8.0,17.0,1.0,41.592068,-7.0,0.0,0.0,17.672798,81.36186,2.0,2.0,0.0,77.718025,0.0
69.461525,204.20613,4.8071923,82.0,21.0,4.5114045,0.0,86.22836,9.805727,4.0,4.0,32.12324,4.0,44.0,0.0,3.0,3.7998192,4.0,84.02168,2.2972517,3.0,0.0,76.69575,0.0
77.0,130.06798,2.0,52.014957,23.0,0.0,0.0,100.0,-7.0,7.0,8.0,26.0,3.0,33.0,0.0,4.0,4.0,35.94129,86.503845,4.0,2.0,1.0,62.464783,0.0
85.0,319.7654,1.0,71.79608,24.0,0.0,0.0,96.0,50.529205,6.0,6.0,22.0,2.0,16.434254,19.551037,0.0,0.0,17.906414,-8.0,5.0,-4.859474,0.0,54.29166,0.0
88.0,297.87677,19.44083,89.30547,18.40722,0.0,0.0,100.0,-7.0,7.0,8.0,23.0,0.0,19.0,0.0,1.0,1.0,0.0,56.48044,1.0,2.0,0.0,17.386591,0.0
65.0,461.292,10.0,140.16458,21.0,0.0,0.0,84.278625,14.69063,6.0,6.0,21.0,0.0,20.0,0.0,5.0,5.0,81.5351,84.005005,7.663888,2.0,3.8200033,75.0,0.0
71.837845,276.7789,20.960302,158.99335,16.0,0.0,0.0,100.0,-7.0,7.0,8.0,9.0,0.0,16.18535,2.0,0.0,0.0,71.73308,71.434814,7.0,2.0,5.520417,75.0,0.0
-9.0,-9.0,-9.0,-9.0,-9.0,-9.0,-9.0,-9.0,-9.0,-9.0,-9.0,-9.0,-9.0,-9.0,-9.0,-9.0,-9.0,-9.0,-9.0,-9.0,-9.0,-9.0,-9.0,0.0
81.85265,217.4012,5.0,86.89545,26.310326,0.0,0.0,100.0,-7.0,7.0,8.0,24.0,2.0,33.0,1.0,0.0,0.0,28.0,-8.0,5.0,3.0,3.0,100.0,0.0
86.0,218.10788,4.0,65.77051,17.0,0.0,0.0,100.0,-7.0,7.0,8.0,19.0,2.0,28.0,0.0,0.0,0.0,14.423096,62.74003,4.3017664,3.0,0.0,93.01926,0.0
87.0,159.63182,1.0,113.16154,28.756227,0.0,0.0,100.0,-7.0,7.0,8.0,24.0,1.9514406,14.0,0.0,5.0,4.0,1.438089,-8.0,1.0,1.0,0.0,-9.0,0.0
71.0,259.03033,8.0,123.40477,23.0,0.0,0.0,86.80342,10.893601,4.0,6.0,26.155243,1.0,21.818523,0.0,1.0,1.0,41.497,-8.0,2.0,2.0,1.0,50.0,0.0
88.0,390.204,28.491247,198.15622,8.0,0.0,0.0,100.0,-7.0,7.0,8.0,7.0,0.0,1.8708094,-8.0,0.0,0.0,22.377968,-8.0,3.0,1.0,0.0,67.0,0.0
57.076374,241.66756,3.0,79.0,42.400497,2.229529,0.0,84.68169,-7.0,4.0,5.0,43.56399,2.0,42.0,0.0,2.0,2.0,15.864149,50.33948,9.0,6.6187935,1.3564188,58.0,0.0
69.44103,151.48701,7.0,54.931374,29.0,0.0,0.0,100.0,-7.0,7.0,8.0,37.0,5.665745,44.184227,0.0,0.0,0.0,72.74804,89.3699,4.0,5.0,0.0,88.0,0.0
71.0,300.42618,-9.0,81.0,25.0,0.0,0.0,100.0,-7.0,7.0,8.0,28.0,6.0,35.0,0.0,1.0,1.0,3.0,75.442566,7.0,3.5391624,0.0,69.57203,0.0
79.0,258.70605,2.0,106.6079,50.9887,2.0,1.9691918,93.66939,70.80743,6.0,2.0,51.804302,10.520044,26.0,8.0,1.0,1.0,11.279943,93.53834,8.0,3.0,0.0,67.0,0.0
77.0,149.6572,11.965601,47.602703,14.0,0.0,0.0,100.0,-7.0,7.0,8.0,15.0,0.0,63.300747,-8.0,0.0,0.0,34.088966,-8.0,3.0,3.0,1.0,96.884026,0.0
79.0,187.0755,5.1495996,74.62961,22.0,0.0,0.0,100.0,-7.0,7.0,8.0,22.0,1.1367134,36.192383,3.0,0.0,0.0,31.743168,56.302006,2.0,3.1250873,1.0,71.0,0.0
89.0,155.94243,2.0,70.0,14.0,0.0,0.0,100.0,-7.0,7.0,8.0,17.0,2.0,33.0,21.60966,0.0,0.0,1.0,82.0,1.0,2.0,0.0,85.38249,0.0
82.0,181.22188,5.0,58.0,29.0,0.0,0.0,100.0,-7.0,7.0,8.0,28.0,3.7728264,8.857248,0.0,1.0,1.0,3.0,-8.0,1.632479,1.0,0.0,22.452774,0.0
68.0,209.46867,2.0,63.0,16.0,0.0,0.0,100.0,-7.0,6.0,8.0,19.211256,3.0,62.74638,2.0,2.0,2.0,64.99567,80.0,1.0,5.0,1.0,83.35176,0.0
72.0,263.7822,5.0,136.89305,21.0,1.0,0.0,85.35375,26.347485,6.0,5.0,24.0,1.0,17.0,1.6983232,0.0,0.0,16.0,52.090527,6.0,2.0,0.0,54.737167,0.0
74.0,272.5977,2.5974808,105.90668,45.209152,0.0,0.0,93.38131,12.578842,6.0,6.0,56.66422,2.0,17.0,16.0,0.0,0.0,3.8462489,82.0,5.0,2.0,1.0,38.0,0.0
68.0,197.09212,7.1992116,72.62674,28.0,0.0,0.0,90.61918,13.944407,6.0,4.0,25.09927,0.0,36.0,0.0,1.0,1.0,73.78847,63.80122,6.0,3.0,2.0,94.95127,0.0
-9.0,-9.0,-9.0,-9.0,-9.0,-9.0,-9.0,-9.0,-9.0,-9.0,-9.0,-9.0,-9.0,-9.0,-9.0,-9.0,-9.0,-9.0,-9.0,-9.0,-9.0,-9.0,-9.0,0.0
80.0,331.04147,6.0,80.01763,21.0,0.0,0.0,100.0,-7.0,7.0,8.0,15.0,1.0,9.933313,3.3875184,0.0,0.0,44.939945,-8.0,6.0,1.0,0.0,53.086765,0.0
87.0,312.23914,21.512817,98.71315,22.0,0.0,0.0,100.0,-7.0,7.0,8.0,25.528982,0.0,28.0,0.0,1.0,1.0,5.0,-8.0,3.0,1.0,0.0,43.0,0.0
65.26258,155.93654,7.431231,64.14826,7.0,2.0,2.5767465,78.372475,18.395302,4.0,2.0,9.0,1.0,47.0,13.957883,0.0,0.0,23.59045,-8.0,2.0,1.0,0.0,67.0,0.0
88.0,331.65622,11.153406,181.77641,14.990727,0.0,0.0,100.0,-7.0,7.0,8.0,7.697216,1.0,24.415232,-8.0,0.0,0.0,27.144135,-8.0,2.0,1.0,0.0,56.0,0.0
83.0,180.22119,8.0,83.782776,28.768139,0.0,0.0,100.0,-7.0,7.0,8.0,30.0,1.0,11.362191,1.1807979,0.0,0.0,5.632161,-8.0,3.0,-8.0,0.0,43.0,0.0
91.0,221.5683,7.0,86.0,13.0,0.0,0.0,100.0,-7.0,7.0,8.0,16.0,0.0,16.539776,0.0,0.0,0.0,3.0,-8.0,1.0,1.0,0.0,71.0,0.0
84.700264,305.5476,12.381188,103.82263,20.0,0.0,0.0,100.0,-7.0,7.0,8.0,22.0,0.0,35.0,0.0,0.0,0.0,4.0,91.44245,6.0,2.0,0.0,67.0,0.0
75.0,97.50422,5.332072,17.879526,12.0,0.0,0.0,100.0,-7.0,7.0,8.0,14.807166,1.1938701,39.0,18.649137,0.0,0.0,40.94427,83.15172,4.0,3.0,1.0,63.0,0.0
74.0,288.6499,7.0,81.0,19.0,0.0,0.0,96.0,30.559813,6.0,6.0,20.0,1.0,40.407684,8.437647,0.0,0.0,36.0,57.348503,3.0,3.0,1.0,67.0,0.0
92.861374,156.8244,32.74762,88.15552,9.680623,0.0,0.0,100.0,-7.0,7.0,8.0,24.0,0.0,14.0,18.314833,0.0,0.0,0.0,-8.0,1.0,-8.0,0.0,40.0,0.0
70.168274,116.646225,1.0,43.580986,14.0,1.0,0.0,91.71499,58.52634,6.0,5.0,11.0,4.0,36.0,0.0,2.0,2.0,43.293743,75.16199,2.0,3.0,0.0,60.183224,0.0
59.1334,153.00935,13.0,65.346375,19.0,4.6012025,3.7599077,79.88341,6.2353177,4.0,4.077829,29.676369,0.0,24.0,11.033085,0.0,0.0,94.10632,63.55709,6.0,2.0,9.805617,100.0,0.0
82.8783,165.06975,2.0,61.42476,24.0,0.0,0.0,100.0,-7.0,7.0,8.0,24.0,2.0,46.0,0.0,5.6113696,5.534044,11.0,53.38371,2.0,3.0,0.0,63.766964,0.0
85.0,137.415,8.0,54.556744,17.0,0.0,0.0,94.0,46.12673,6.0,6.0,16.0,2.0,16.357103,10.723353,0.0,0.0,1.0,-8.0,3.0,1.0,0.0,50.0,0.0
-9.0,-9.0,-9.0,-9.0,-9.0,-9.0,-9.0,-9.0,-9.0,-9.0,-9.0,-9.0,-9.0,-9.0,-9.0,-9.0,-9.0,-9.0,-9.0,-9.0,-9.0,-9.0,-9.0,0.0
70.96693,159.79382,3.0,77.0,28.0,0.0,0.0,100.0,16.061134,4.0,6.0,26.0,2.0,27.381632,0.0,1.3582597,2.0,28.0,63.901917,2.0,3.0,0.0,50.0,0.0
82.72673,93.424065,4.0,65.0,19.0,0.0,0.0,97.0,27.172466,6.0,6.0,11.50598,1.0,27.160515,0.0,4.536468,4.0,0.0,87.77432,1.0,2.0,0.0,38.0,0.0
80.0,145.83643,2.0,83.0,30.0,0.0,0.0,100.0,-7.0,7.0,8.0,24.504,1.0,35.78769,1.0,2.0,2.0,26.314787,49.996777,3.0,3.0,1.0,67.0,0.0
82.45056,198.33919,26.656513,86.19612,13.687802,0.0,0.0,100.0,-7.0,7.0,8.0,11.197927,0.0,40.0,-7.556765,0.0,0.0,0.0,68.19344,-5.2460804,1.0,0.0,-9.0,0.0
81.0,361.58066,1.0,60.747868,11.0,0.0,0.0,100.0,-7.0,7.0,8.0,19.0,4.0,13.23983,3.0,2.0,2.0,6.0,-8.0,5.753357,-8.0,0.0,100.0,0.0
86.0,323.00803,2.0,88.00736,29.582262,0.0,0.0,100.0,-7.0,7.0,8.0,34.0,4.0,20.0,16.0,0.0,0.0,4.985077,78.37616,5.0,2.0,0.0,42.81357,0.0
76.0,203.29805,1.0,99.48771,27.964941,0.0,0.0,97.0,22.101376,4.0,6.0,37.071583,3.0,36.0,8.391711,2.0,2.0,13.309154,-8.0,2.0,2.0,0.0,40.391823,0.0
73.0,116.03736,2.0,114.54155,25.0,0.0,0.0,100.0,-7.0,7.0,8.0,12.233366,1.1982571,33.0,9.0,0.0,0.0,20.72807,44.370255,3.0,4.888683,2.0,50.0,0.0
72.0,281.8006,7.67386,82.92667,22.0,1.0,0.0,92.0,57.057518,6.0,5.0,27.703917,1.0,50.0,0.0,1.0,1.0,82.47014,-8.0,2.0,2.0,0.0,79.78132,0.0
75.0,288.07083,2.0,59.445473,22.0,0.0,0.0,100.0,-7.0,7.0,8.0,23.0,4.0,40.0,0.0,0.0,0.0,36.93034,63.418873,5.811644,2.0,1.0,60.0,0.0
87.0,191.46565,15.0,151.43773,30.0,0.0,0.0,100.0,-7.0,7.0,8.0,4.1521077,0.0,18.0,0.0,0.0,0.0,0.0,-8.0,1.0,1.0,0.0,33.0,0.0
88.0,216.46988,21.060379,117.33082,15.0,0.0,0.0,100.0,-7.0,7.0,8.0,12.0,0.0,50.441837,-8.0,0.0,0.0,11.823811,-8.0,2.0,1.0,0.0,95.68078,0.0
74.0,166.54437,15.0,118.96623,18.0,0.0,0.0,96.0,11.355081,6.0,6.0,16.0,0.0,18.804945,-7.0,1.0,1.0,59.451576,-8.0,3.0,1.0,1.0,64.0,0.0
-9.0,-9.0,-9.0,-9.0,-9.0,-9.0,-9.0,-9.0,-9.0,-9.0,-9.0,-9.0,-9.0,-9.0,-9.0,-9.0,-9.0,-9.0,-9.0,-9.0,-9.0,-9.0,-9.0,0.0
70.44028,278.50366,11.305676,94.69694,38.941925,0.0,0.0,93.0,7.4147654,6.0,6.0,46.709064,0.0,27.0,2.4746346,1.0,1.0,27.77619,-8.0,3.0,2.0,0.0,44.883324,0.0
79.0,377.48734,6.0,80.921745,19.0,0.0,0.0,100.0,-7.0,7.0,8.0,17.0,0.0,10.1783495,1.0,1.0,1.0,15.600406,-8.0,3.0,-9.0,0.0,33.0,0.0
90.0,243.74057,51.91287,142.83327,13.489663,0.0,0.0,100.0,-7.0,7.0,8.0,7.1861115,0.0,11.0,-8.0,0.0,0.0,1.0,-8.0,2.0,-8.0,0.0,20.27538,0.0
72.0,270.54718,10.0,103.5761,28.0,0.0,0.0,100.0,-7.0,7.0,8.0,28.0,1.0,38.0,0.6357621,4.1467805,4.599892,53.433376,76.0,5.0,2.0,1.0,57.183956,0.0
81.527916,130.25499,3.0,53.83969,34.24331,0.0,0.0,100.0,-7.0,7.0,8.0,38.715992,4.0,43.0,2.0,1.0,1.0,1.0,39.78422,3.0,5.0,0.0,60.0,0.0
84.78525,223.59457,17.0,81.29209,27.174795,0.0,0.0,100.0,-7.0,7.0,8.0,31.0,0.0,42.0,-7.0,0.0,0.0,13.0,64.47667,1.0,1.0,0.0,43.0,0.0
78.0,386.899,2.0,93.0,47.011395,0.0,0.0,100.0,-7.0,7.0,8.0,38.0,4.0,29.0,0.0,6.1338124,6.1698217,11.0,97.52637,5.0,4.0,1.0,47.725777,0.0
88.0,138.28395,3.0,72.0,20.0,0.0,0.0,100.0,-7.0,7.0,8.0,24.0,2.0,17.0,0.0,4.0,4.0,1.0,-8.0,2.0,1.0,0.0,-1.9387528,0.0
81.0,177.33609,2.0,86.6559,24.0,0.0,0.0,100.0,-7.0,7.0,8.0,27.6499,3.0,77.60937,1.0,0.0,0.0,2.0,77.30449,2.0,21.55722,0.0,80.0,0.0
-9.0,-9.0,-9.0,-9.0,-9.0,-9.0,-9.0,-9.0,-9.0,-9.0,-9.0,-9.0,-9.0,-9.0,-9.0,-9.0,-9.0,-9.0,-9.0,-9.0,-9.0,-9.0,-9.0,0.0
72.0,195.44063,3.0,81.00116,28.0,0.0,0.0,95.0,38.952606,6.0,6.0,31.0,5.912845,8.050692,1.450609,0.0,1.0,17.03352,71.0,11.0,2.0,0.0,64.0,0.0
71.18725,310.19272,3.0,58.884075,35.115616,0.0,0.0,100.0,-7.0,7.0,8.0,57.65825,6.9402933,31.344933,2.0,2.0,2.0,56.550217,92.87962,7.8087077,4.0,4.0,57.0,0.0
88.0,130.48523,9.0,72.16857,56.474583,0.0,0.0,100.0,-7.0,7.0,8.0,34.0,2.0,7.7979383,10.17186,0.0,0.0,1.0,-8.0,3.0,1.0,0.0,-0.36057284,0.0
-9.0,-9.0,-9.0,-9.0,-9.0,-9.0,-9.0,-9.0,-9.0,-9.0,-9.0,-9.0,-9.0,-9.0,-9.0,-9.0,-9.0,-9.0,-9.0,-9.0,-9.0,-9.0,-9.0,0.0
67.16148,252.3118,6.0,105.19589,36.348495,0.0,0.0,90.872345,46.11593,5.0,6.0,38.0,1.0,13.0,0.0,0.0,0.0,42.752663,71.0,9.0,2.0,4.0,58.465424,0.0
86.0,436.77417,10.0,126.97958,31.684458,0.0,0.0,96.0,72.41201,6.0,6.0,30.0,1.0,22.0,18.061268,0.0,0.0,2.0,42.459427,9.5138035,3.0,0.0,74.82992,0.0
85.0,205.0432,6.0,76.0,26.0,0.0,0.0,100.0,-7.0,7.0,8.0,24.0,2.0,47.0,9.0,0.0,0.0,27.398525,46.906532,2.0,3.0,0.0,75.0,0.0
74.0,116.41038,3.0,61.444374,39.90388,0.0,0.0,100.0,-7.0,7.0,8.0,44.07055,1.0,19.0,9.496619,0.0,0.0,30.917368,-8.0,1.0,4.0,1.0,40.363476,0.0
81.0,50.418617,2.0,-2.524679,20.0,0.0,0.0,100.0,-7.0,7.0,8.0,20.0,5.0,29.0,0.0,1.0,1.0,22.675385,99.04934,3.0,1.0,0.0,37.150978,0.0
76.003105,194.57968,28.253714,143.14066,9.1685,0.0,0.0,100.0,-7.0,7.0,8.0,9.284674,0.0,20.894749,0.0,0.0,0.0,90.03092,-8.0,3.0,2.0,1.0,100.0,0.0
66.0,178.35591,3.0,62.717014,65.19951,0.0,0.0,99.26343,17.19105,6.0,5.0,81.38375,4.0,25.0,3.0,2.0,2.0,36.695427,92.27374,20.992733,7.829225,3.0,80.0,0.0
80.0,421.75446,3.0,83.0,39.0,0.0,0.0,100.0,-7.0,7.0,8.0,46.831825,4.0,16.0,-7.0,0.0,0.0,1.0,78.532776,4.0,4.0,0.0,47.900955,0.0
70.24806,325.72803,8.0,203.1301,36.275192,2.0,3.4727445,97.0,44.390347,6.0,-9.0,7.495271,1.0,25.0,23.741522,0.0,0.0,56.9355,49.187428,1.0,2.0,1.0,44.29112,0.0
74.0,211.5252,2.0,72.33688,29.0,1.0,1.0,97.0,29.598461,4.0,3.0,38.217056,4.0,25.0,21.108414,2.0,2.0,27.956512,71.0,4.0,4.0,0.0,46.75946,0.0
68.0,162.25078,25.24675,65.81367,17.0,0.0,0.0,100.0,-7.0,7.0,8.0,18.0,0.0,-5.0471063,0.0,3.0,2.0,34.087833,-8.0,4.0,1.0,4.788321,39.89642,0.0
66.0,162.2413,8.0,62.059444,35.44231,0.0,0.0,100.0,-7.0,7.0,8.0,35.82716,1.5450681,36.688118,2.0,0.0,0.0,76.12311,85.83645,9.0,3.0,6.5139546,71.0,0.0
83.0,314.76785,23.010025,161.98502,20.0,0.0,0.0,100.0,-7.0,7.0,8.0,21.0,0.0,65.61788,-8.527558,0.0,0.0,35.22747,97.310074,1.0,2.0,0.0,71.0,0.0
71.0,166.24426,4.757649,115.4595,14.0,2.0,2.0,82.497856,43.921925,6.0,2.4428637,17.0,1.0036006,35.03498,-8.0,0.0,0.0,51.537666,-8.0,3.0,1.0,0.0,50.0,0.0
81.0,268.49295,1.0,83.41065,12.0,0.0,0.0,95.0,69.052986,6.0,6.0,15.0,1.0,43.0,0.0,4.0,3.0,51.841396,48.28227,2.0,2.0,0.0,67.717995,0.0
-9.0,-9.0,-9.0,-9.0,-9.0,-9.0,-9.0,-9.0,-9.0,-9.0,-9.0,-9.0,-9.0,-9.0,-9.0,-9.0,-9.0,-9.0,-9.0,-9.0,-9.0,-9.0,-9.0,0.0
64.85185,139.24239,5.0,67.0,24.75058,0.0,0.0,94.0,4.0,4.0,6.0,28.0,3.0,54.438515,7.0,2.310617,2.0,60.136917,74.65212,3.0,14.717953,0.0,85.71344,0.0
85.0,304.67245,11.77447,79.0,22.045753,0.0,0.0,100.0,-7.0,7.0,8.0,30.0,1.0,28.0,17.442719,0.0,0.0,7.712353,-8.0,2.0,-8.0,1.0,31.208635,0.0
88.0,253.42484,5.0,125.36554,14.0,0.0,0.0,100.0,-7.0,7.0,8.0,16.824875,1.0,21.0,-7.0,0.0,0.0,1.0,-8.0,3.0,-8.0,0.0,43.9243,0.0
80.35915,358.2039,0.62490153,79.0,57.06878,0.0,0.0,100.0,-7.0,7.0,8.0,54.204586,5.0,44.44053,0.0,5.2916493,5.0,26.495876,68.6574,4.0,3.0,0.0,56.0,0.0
81.0,182.90457,2.0,103.31001,31.810703,0.0,0.0,100.0,-7.0,7.0,8.0,32.0,2.0,41.934456,0.0,3.0,3.0,28.0,79.68283,4.0,1.0,0.0,64.226295,0.0
64.0,438.64825,19.861425,98.461174,21.140623,0.0,0.0,82.50688,4.1472077,5.1067395,6.0,23.0,1.0,19.0,-7.0,0.0,0.0,71.61579,-8.0,4.0,1.0,2.0,67.0,0.0
80.0,199.99208,7.0,75.20534,47.866215,0.0,0.0,100.0,-7.0,7.0,8.0,48.528763,2.0,24.0,4.0,1.0,1.0,11.544802,-8.0,11.077908,3.0,0.0,57.0,0.0
-9.0,-9.0,-9.0,-9.0,-9.0,-9.0,-9.0,-9.0,-9.0,-9.0,-9.0,-9.0,-9.0,-9.0,-9.0,-9.0,-9.0,-9.0,-9.0,-9.0,-9.0,-9.0,-9.0,0.0
71.0,311.63962,1.0,109.560646,29.274902,1.0,1.0,100.0,-7.0,7.0,8.0,28.0,2.0,2.5921624,0.0,5.0,4.722485,21.0,-8.0,4.0,1.0,0.0,42.763103,0.0
84.0,105.35248,5.0,74.43042,20.0,0.0,0.0,100.0,-7.0,7.0,8.0,18.0,3.0,37.0,-7.0,0.0,0.0,16.258762,47.208622,4.0,2.0,0.0,53.993786,0.0
81.18067,230.5658,4.0,77.0,31.0,0.0,0.0,100.0,-7.0,7.0,8.0,32.0,3.0,18.0,7.0,1.0,1.0,2.0,-8.0,4.308957,1.0,0.0,44.067787,0.0
66.38511,167.77925,9.0,83.279274,21.0,2.0,2.0,94.0,73.06681,6.0,3.0,23.615025,2.0,30.0,0.0,0.0,0.0,36.69096,16.87447,6.0,2.0,3.0,67.0,0.0
86.0,327.9753,4.0,103.01197,25.0,0.0,0.0,100.0,-7.0,7.0,8.0,27.0,1.0,23.0,-7.0,1.0,1.0,8.339739,-8.0,2.0,2.0,1.0,26.503792,0.0
77.43439,140.23706,6.0,54.998383,29.416807,0.0,0.0,100.0,-7.0,7.0,8.0,38.0,4.0,12.592921,4.541331,0.0,0.0,16.238949,32.064964,4.0,2.0,0.0,70.0,0.0
83.33689,247.56702,2.0,99.7967,42.34884,0.0,0.0,97.0,65.81382,6.0,6.0,45.044983,5.3384576,25.691896,0.0,4.0,4.0,1.0,-8.0,4.0,1.0,0.0,28.30216,0.0
82.0,266.98022,6.0,69.15,31.0,0.0,0.0,100.0,-7.0,7.0,8.0,35.00861,3.0,36.0,1.0,0.0,0.0,12.560003,18.571348,5.0,2.0,0.0,56.0,0.0
-9.0,-9.0,-9.0,-9.0,-9.0,-9.0,-9.0,-9.0,-9.0,-9.0,-9.0,-9.0,-9.0,-9.0,-9.0,-9.0,-9.0,-9.0,-9.0,-9.0,-9.0,-9.0,-9.0,0.0
72.0,281.42868,7.0,130.53368,32.0,2.0,2.0124269,95.0,7.2283344,3.0,5.0,38.005703,1.0,25.977057,1.0,2.0,2.0,4.4286027,89.6017,4.0,2.5116951,1.0,57.0,0.0
73.98532,327.07144,8.0,144.36848,17.0,1.0,0.0,95.0,8.828903,6.0,5.0,19.0,2.0,15.790595,16.539597,0.0,0.0,28.0,-8.0,5.0,1.0,1.0,75.273605,0.0
66.0,164.26259,4.0,107.05471,19.0,2.0,1.0,94.0,-7.0,-9.0,4.800899,24.0,2.0,42.0,2.0,1.0,1.0,43.730007,-8.0,5.0,1.0,1.0,100.0,0.0
86.0,142.43428,15.0,62.363247,36.0,0.0,0.0,100.0,-7.0,7.0,8.0,30.0,0.0,41.0,1.0,1.0,1.0,6.0,26.400198,3.0,2.0,0.0,50.0,0.0
76.0,74.54177,6.0,24.263948,9.918652,1.0,0.0,94.0,33.03079,6.0,2.0,11.0,1.0,46.0,0.0,1.0,1.0,10.192061,78.391945,1.0,4.0,0.0,67.0,0.0
71.32153,318.1067,6.0,86.50613,11.951236,0.0,0.0,71.67773,4.223971,6.0,6.0,11.0,1.0,25.0,-7.0,0.0,0.0,1.0,-8.0,2.0,1.0,0.0,52.838516,0.0
85.0,330.36792,6.3698273,80.36458,50.73611,0.0,0.0,100.0,-7.0,7.0,8.0,61.75617,3.0,20.048227,7.0,0.0,0.0,10.0,88.02125,2.0,2.6538882,0.0,25.0,0.0
-9.0,-9.0,-9.0,-9.0,-9.0,-9.0,-9.0,-9.0,-9.0,-9.0,-9.0,-9.0,-9.0,-9.0,-9.0,-9.0,-9.0,-9.0,-9.0,-9.0,-9.0,-9.0,-9.0,0.0
90.0,201.01175,5.0,94.0,10.0,0.0,0.0,100.0,-7.0,7.0,8.0,11.0,0.0,42.0,12.0,0.0,0.0,3.0,99.411385,0.3626236,2.0,0.0,50.0,0.0
84.0,86.012924,4.4898987,29.35401,14.0,0.0,0.0,100.0,-7.0,7.0,8.0,14.0,4.0,25.0,1.4933368,0.0,0.0,1.0,-8.0,2.0,1.0,0.0,45.36161,0.0
84.0,294.94287,7.1743975,138.7893,4.8469577,0.0,0.0,100.0,-7.0,7.0,8.0,9.0,1.0,25.0,-8.38977,0.0,0.0,17.732204,-8.0,3.0,1.0,0.0,80.0,0.0
87.0,178.76933,5.092953,74.0,36.682064,0.0,0.0,100.0,-7.0,7.0,8.0,51.347004,1.0,-9.0,-7.0,1.0,1.0,3.0,-8.0,3.0,1.0,0.0,-9.0,0.0
64.75812,143.49564,2.0,67.24298,23.0,0.0,0.0,100.0,10.60223,-3.6876497,6.0,24.0,1.0,56.709393,-8.0,4.0,3.0,70.64112,80.0,5.0,2.0,0.0,86.0,0.0
70.0,-4.205942,23.807858,43.8894,7.432214,0.0,0.0,78.866486,13.199716,6.0,6.0,-9.0,0.0,44.39386,6.0,0.0,0.0,0.0,67.12186,-9.0,1.4929764,0.0,40.373978,0.0
76.0,186.32959,9.0,153.0774,26.886868,0.0,0.0,100.0,-7.0,7.0,8.0,0.57304025,1.0,9.485622,1.9965999,1.0,1.0,43.014214,50.52084,5.0,1.0,4.9926515,67.0,0.0
77.0,419.3217,3.0,103.24136,32.0,0.0,0.0,94.0,28.893084,6.0,6.0,30.573376,1.0,46.0,8.0,0.0,0.0,51.41535,45.690887,7.0,4.0,0.0,100.0,0.0
78.0,118.310936,32.214268,80.2227,17.0,0.0,0.0,98.0,12.44562,6.0,6.0,24.0,0.0,39.0,-7.0,0.0,0.0,14.0,-8.0,2.0,1.0,0.0,88.0,0.0
90.0,381.28558,18.57487,122.552345,13.0,0.0,0.0,100.0,-7.0,7.0,8.0,8.615714,0.0,27.062397,-8.0,0.0,0.0,3.0,-8.0,3.0,1.0,0.0,40.0,0.0
68.0,192.35078,7.0,82.0,30.0,1.7616943,1.0,96.0,-7.0,4.0190525,6.0,31.57175,2.0,24.0,1.0,3.0,2.0,11.0,60.26316,4.0,5.0,2.0,50.0,0.0
85.0,326.4281,8.0,94.37615,23.905956,0.0,0.0,100.0,-7.0,7.0,8.0,25.0,3.0,33.0,7.0,0.0,0.0,0.0,68.39302,1.0,4.0,0.0,25.0,0.0
83.0,125.252716,19.133451,67.18761,14.0,0.0,0.0,100.0,-7.0,7.0,8.0,17.0,0.0,45.0,0.0,1.0,1.0,30.43651,50.78153,2.0,4.0,0.0,100.0,0.0
83.0,231.55882,2.0,94.0,13.0,0.0,0.0,100.0,-7.0,7.0,8.0,17.0,2.0,18.98598,7.0,1.0,1.0,29.464804,56.26422,2.0,-6.4407916,0.0,68.82195,0.0
73.0,177.69743,12.915467,65.0,29.750124,0.0,0.0,95.56109,57.77454,6.0,6.0,33.0,1.0,58.106625,-7.0,0.0,0.0,27.079445,81.94958,5.0,1.0,2.0,50.0,0.0
76.89985,210.67384,23.323608,108.01717,14.993715,0.0,0.0,100.0,-7.0,7.0,8.0,13.946483,0.0,61.90093,0.0,0.0,0.0,48.482716,-8.0,3.0,2.0,1.0,88.0,0.0
73.0,192.4533,20.0,75.86987,30.0,0.0,0.0,100.0,0.69106734,-9.0,6.0,27.0,0.0,25.0,17.286922,0.0,0.0,32.673042,68.258705,3.0,2.0,1.0,57.0,0.0
70.0,159.13469,4.0,80.0,22.066664,1.0,1.0,100.0,-7.0,7.0,8.0,21.199095,1.0,14.0,0.0,0.0,0.0,48.785286,84.588905,7.0,2.0,3.887018,70.19156,0.0
66.0,182.72585,4.800502,61.0,17.0,0.0,0.0,85.30659,-7.0,4.0,6.0,20.0,3.0,36.0,10.179157,1.0,1.0,57.939545,-8.0,3.0,2.0,1.0,66.9779,0.0
77.0,82.109764,13.921302,86.05352,22.0,0.0,0.0,100.0,-7.0,7.0,8.0,7.0,0.0,24.392147,-8.0,1.0,1.0,37.51047,75.35142,5.0,2.0,0.0,47.223343,0.0
73.0,338.6199,31.025126,191.2884,34.829636,0.0,0.0,100.0,-7.0,6.0,8.0,34.0,0.0,40.59807,0.0,1.0,1.0,55.96326,53.833996,7.0,4.0,2.0,60.0,0.0
85.0,150.92657,5.0,80.0,25.0,0.0,0.0,100.0,-7.0,7.0,8.0,22.0,3.0,13.0,16.0,0.0,0.0,1.0,86.17921,4.0,3.0,0.0,34.41418,0.0
55.5954,48.369392,31.0245,43.986675,8.783416,0.0,0.0,85.846176,1.0,0.0,6.0,11.0,0.0,13.9232645,0.0,4.0,3.5968976,59.97428,-8.0,2.0,-2.9600158,0.0,84.668274,0.0
-9.0,-9.0,-9.0,-9.0,-9.0,-9.0,-9.0,-9.0,-9.0,-9.0,-9.0,-9.0,-9.0,-9.0,-9.0,-9.0,-9.0,-9.0,-9.0,-9.0,-9.0,-9.0,-9.0,0.0
70.0,141.24521,3.0,67.43628,20.0,0.0,0.0,94.0,22.864492,4.0,6.0,24.0,1.0,77.27451,1.0,2.0,1.0,40.964565,73.02576,4.0,3.0,0.0,100.0,0.0
78.0,207.5423,30.188833,99.14687,19.0,0.0,0.0,100.0,-7.0,7.0,8.0,21.0,0.0,37.148933,-7.0,2.0,1.8155553,60.404186,19.235931,3.0,3.0,2.6516266,70.71408,0.0
87.624016,401.7183,51.245014,126.581764,21.829573,0.0,0.0,100.0,-7.0,7.0,8.0,25.9194,0.0,13.026768,16.0,0.0,0.0,9.035974,-8.0,2.0,1.0,0.0,50.0,0.0
76.0,173.0696,1.0,68.22483,29.0,0.0,0.0,100.0,-7.0,7.0,8.0,30.229187,6.0,16.0,0.0,2.0,2.0,21.0,93.0,6.0,3.0,2.0,49.98235,0.0
70.0,106.39044,18.750137,71.0,32.0,1.0,1.0,92.0,65.85895,6.0,5.0,32.0,0.0,20.0,0.0,3.0,2.814377,43.483406,58.805473,2.0,3.0,2.0,36.579517,0.0
75.0,240.90501,2.0,68.370766,27.0,0.0,0.0,97.0,37.968945,6.0,6.0,31.0,3.0,39.0,0.0,2.0,2.0,22.520546,66.40529,2.0,2.0,1.0,45.473396,0.0
75.0,208.19142,4.0,86.0,35.18329,0.0,0.0,96.0,2.2555175,4.6459675,5.0,30.728779,3.9232109,27.0,-7.0,0.0,0.0,13.0,12.884586,6.0,2.0,0.0,57.0,0.0
66.0,152.33875,6.668475,79.0,28.909895,0.0,0.0,100.0,-7.0,7.0,8.0,35.672207,3.0,22.0,2.0,2.0,2.0,59.780777,-8.0,11.0,2.0,9.585445,67.0,0.0
77.0,183.32326,8.0,72.0,20.0,0.0,0.0,87.33862,2.0,4.0,6.0,21.0,2.0,42.03843,4.881676,0.0,0.0,1.0,75.426834,1.37179,5.0,0.0,67.0,0.0
83.793106,156.93376,10.224912,89.07743,12.488368,0.0,0.0,100.0,-7.0,7.0,8.0,11.281115,2.0,68.8236,0.0,1.0,1.0,17.454187,72.51889,1.0,6.3782287,0.0,88.0,0.0
88.0,366.45578,21.264856,132.76924,4.951163,0.0,0.0,100.0,-7.0,7.0,8.0,3.9794762,0.0,12.31522,0.0,0.0,0.0,42.076736,-8.0,1.0,-8.0,0.0,50.0,0.0
68.0,317.18726,15.0,111.993515,17.0,1.0,1.0,93.0,51.629753,6.0,5.0,16.0,0.0,20.874218,0.0,1.0,1.0,80.39051,-8.0,6.0,1.0,1.0742812,100.0,0.0
70.0,192.04312,2.0,88.27952,32.278038,0.0,0.0,89.29755,22.498503,4.0,6.0,31.016197,1.0,42.0,-7.0,1.0,1.0,40.98379,80.0,6.0,2.0,3.248794,75.0,0.0
82.0,372.7546,4.0,145.35716,43.320698,0.0,0.0,100.0,-7.0,7.0,8.0,33.52316,1.0,10.131298,1.0,2.0,2.0,0.0,-8.0,4.0,1.0,0.0,27.041605,0.0
89.0,239.6819,60.026646,292.4334,22.971727,0.0,0.0,100.0,-7.0,7.0,8.0,21.0,0.0,15.424721,-8.0,0.0,0.0,0.0,-8.0,1.0,-8.0,0.0,-0.19283505,0.0
68.99494,199.30356,6.0,79.0,34.0,1.0,0.0,88.0,4.0,4.0,6.0,34.0,3.0,17.865108,1.0,0.0,0.0,18.0,-8.0,7.0,1.0,2.0,50.0,0.0
87.0,204.36237,24.402885,94.43749,13.0,0.0,0.0,100.0,-7.0,7.0,8.0,14.0,0.0,26.0,-8.0,0.0,0.0,0.0,-8.0,1.0,2.0,0.0,83.0,0.0
65.56564,162.36847,6.0,58.0,37.703217,0.0,0.0,100.0,-7.0,7.0,8.0,40.9456,3.0,42.0,0.0,5.0,5.243735,47.653477,54.990147,4.0,5.0,3.0,73.0,0.0
68.0,365.2424,6.0,94.623474,17.876743,0.0,0.0,91.45587,-7.0,4.448041,6.0,20.0,1.0,33.0,0.0,1.0,1.0,30.74075,94.595024,4.0,3.0,0.0,60.0,0.0
81.0,125.6985,2.0,49.26962,31.472935,0.0,0.0,100.0,-7.0,7.0,8.0,40.324463,7.195904,13.006729,2.0,0.0,0.0,6.0,88.0,2.01735,3.0,0.0,31.676775,0.0
85.0,165.99338,8.0,90.348724,36.0,0.0,0.0,100.0,-7.0,7.0,8.0,38.0,1.4671218,24.373018,-4.3784914,0.0,0.0,6.3235044,-8.0,3.0,2.0,0.0,43.103706,0.0
79.17477,75.2725,2.0,65.25027,14.27237,0.0,0.0,94.0,44.174377,6.0,6.0,8.0,2.0,28.0,2.0,2.0,3.0,9.0,37.931892,2.0,2.0,0.0,56.71903,0.0
62.179153,149.6847,20.633808,73.35467,10.0,1.0,1.0,100.0,-7.0,7.0,8.0,9.0,0.0,30.0,1.743062,1.0,1.0,108.94963,-8.0,4.0,2.0,3.0,100.0,0.0
87.42152,159.2006,5.0,93.7357,28.0,0.0,0.0,100.0,-7.0,7.0,8.0,29.0,2.0,44.579987,5.2875166,2.0,2.0,8.677804,87.25177,2.0,2.0,0.0,52.765705,0.0
79.0,264.17523,6.0,103.65643,30.57808,0.0,0.0,100.0,-7.0,7.0,8.0,29.0,2.0,45.0,0.0,1.0,1.0,36.639503,99.61334,3.0,2.0,1.0,67.0,0.0
83.0,139.5278,24.096489,95.78031,22.0,0.0,0.0,100.0,-7.0,7.0,8.0,24.0,0.0,75.05006,-7.0,0.0,0.0,0.0,21.308283,1.0,2.0,0.0,55.1651,0.0
65.0,130.61174,3.0,54.00406,39.0,0.0,0.0,96.17808,6.9341025,6.0,6.0,34.316635,2.0001304,53.34059,22.079142,0.0,0.0,53.046406,70.83517,9.0,3.0,0.0,83.0,0.0
71.0,288.1376,10.416765,171.77042,25.0,0.0,0.0,86.15783,9.808919,6.0,6.0,28.0,0.0,28.0,3.0,0.0,0.0,36.0,84.18638,5.0,3.0,0.0,73.2276,0.0
76.0,256.56265,2.0,114.05184,25.0,1.0,0.0,94.0,62.484585,6.0,5.0,27.0,2.0,5.2559166,-7.0,1.0,1.0,10.172842,-8.0,4.0,1.0,1.0,35.545124,0.0
74.0,372.25357,9.0,250.5649,8.745121,0.0,0.0,75.88974,31.566765,6.0,6.0,9.0,2.0,11.741389,-7.0,0.0,0.0,69.82939,-8.0,5.0,-8.0,1.0,85.744934,0.0
73.0,150.64459,2.0,70.95768,23.0,0.0,0.0,100.0,-7.0,7.0,8.0,25.0,3.0,41.97199,0.0,2.0,2.0,66.188225,95.98605,6.0,4.0,3.8317819,80.0,0.0
75.0,163.5807,4.0,75.0,25.0,0.0,0.0,100.0,-7.0,7.0,8.0,22.0,1.0,33.0,0.0,1.0,1.0,46.908455,-8.0,4.0,2.0,1.0,67.0,0.0
72.0,256.00983,4.0,77.25435,24.0,0.0,0.0,92.41447,26.616009,6.0,6.0,24.0,2.0,21.0,0.0,2.0,2.0,57.560535,70.98795,2.0,2.0,0.0,67.0,0.0
84.0,396.62766,8.0,108.146835,40.533203,0.0,0.0,97.0,17.696661,6.0,6.0,34.0,1.0,30.172306,5.0,1.0,1.0,6.156218,-8.0,6.0,1.0,0.0,80.0,0.0
78.636604,75.09215,4.419821,5.781044,6.0,0.0,0.0,100.0,-7.0,7.0,8.0,6.1529527,1.0,17.0,0.0,1.0,1.0,9.0,-8.0,1.0,1.0,0.0,38.0,0.0
60.783493,256.99948,1.0,107.3917,17.0,1.0,1.0,100.0,-7.0,7.0,8.0,15.0,2.0,28.634787,0.0,2.0,1.0,40.97077,-8.0,4.0,1.0,1.0,64.0,0.0
65.04116,84.93554,4.0,68.0,6.1108913,0.0,0.0,77.21056,3.4301507,6.0,6.0,8.513565,2.0,29.0,12.0,0.0,0.0,57.780025,-8.0,4.0,2.0,1.0,100.0,0.0
87.0,176.84077,12.0,69.91603,15.308833,0.0,0.0,100.0,-7.0,7.0,8.0,20.0,0.0,27.0,1.0,0.0,0.0,3.0,-8.0,2.0,2.0,0.0,55.922195,0.0
79.0,131.16676,29.545303,114.18427,17.0,1.7792413,1.0,91.0,37.90059,6.0,2.0,24.0261,0.0,19.0,-8.0,0.0,0.0,12.164964,-8.0,3.0,1.0,0.0,87.45209,0.0
77.0,186.87575,12.494213,86.690674,28.490416,0.0,0.0,90.0,4.0,6.0,6.0,31.0,0.0,29.0,12.317315,0.0,0.0,0.7569585,-8.0,2.0,2.0,0.0,32.3701,0.0
73.0,241.99358,3.0,63.0,33.0,0.0,0.0,100.0,-7.0,7.0,8.0,31.0,2.0,25.0,0.0,15.590454,15.590649,2.0,49.585094,3.0,3.0,0.21476056,38.0,0.0
67.75801,208.90013,26.24911,104.20218,22.0,2.0,2.0,77.18225,33.435146,6.0,-1.3030443,24.0,0.0,25.0,0.0,6.839387,6.9695683,52.91833,88.11119,4.0,3.0,2.0,83.30767,0.0
73.0,219.93938,7.0,75.86272,24.0,0.0,0.0,100.0,-7.0,7.0,8.0,26.0,3.0,50.0,7.220924,0.0,0.0,75.25883,-8.0,5.732295,2.0,1.0,100.0,0.0
75.79556,348.3768,6.0,108.78194,28.0,0.0,0.0,100.0,-7.0,7.0,8.0,30.924168,2.0,17.0,-7.0,1.0,1.0,29.758299,28.574036,6.0,1.3660064,1.0,62.62055,0.0
71.0,233.66467,4.0,81.36133,36.0,0.0,0.0,93.0,-7.0,4.7370486,6.0,39.310204,2.0,20.16931,-7.0,1.0,1.0,29.209581,46.06813,5.399862,2.0,0.0,56.0,0.0
85.92432,381.74643,32.943085,302.56128,13.0,0.0,0.0,95.0,29.55936,6.0,6.0,18.254307,0.0,2.5085833,14.644195,0.0,0.0,4.0,-8.0,3.0,-9.0,0.0,22.913443,0.0
86.0,221.07973,2.0,97.09702,28.676277,0.0,0.0,100.0,-7.0,7.0,8.0,28.0,1.2060597,40.0,0.0,2.0,2.0,2.0,87.61599,1.0,2.0,0.0,22.275684,0.0
85.0,286.23535,30.845682,136.19168,10.973584,0.0,0.0,93.0,66.01832,6.0,6.0,3.054864,0.0,50.0,-8.0,0.0,0.0,21.0,70.784256,3.0,3.0,0.0,84.73598,0.0
84.0,243.88576,16.76542,72.6779,17.0,0.0,0.0,100.0,-7.0,7.0,8.0,15.702894,0.0,42.31786,-8.0,1.0010457,1.0,1.0,62.140404,1.0,3.0,0.0,55.133644,0.0
87.0,410.76343,5.0,160.0223,29.019167,0.0,0.0,100.0,-7.0,7.0,8.0,24.0,1.4961518,43.0,1.0,2.0,2.0,5.0,33.374443,4.0207186,2.0,0.0,73.0,0.0
77.26597,182.36583,2.0,71.0,25.0,0.0,0.0,97.68314,-7.0,4.0,6.0,31.0,2.0,29.501633,0.0,4.0,4.1603293,17.0,73.56038,2.0,2.0,0.0,50.0,0.0
83.0,199.51642,15.0,75.71198,9.0,0.0,0.0,100.0,-7.0,7.0,8.0,10.560051,0.0,21.0,-8.0,0.0,0.0,34.092106,-8.0,3.0,1.0,0.0,79.61247,0.0
83.0,239.60751,2.0,76.0,26.56235,1.0,0.0,84.78441,25.230944,6.0,5.0,33.0,2.0,21.0,4.0,1.0,1.0,9.353815,-8.0,3.0,2.0,0.0,38.0,0.0
82.0,327.04803,2.0,94.0,39.0,0.0,0.0,97.0,36.15267,6.0,5.857967,35.0,4.0,19.0,5.0,2.0,2.0,8.0,33.844524,3.0,4.0,0.0,57.0,0.0
91.47679,270.41464,5.0,141.9409,9.0,0.0,0.0,100.0,-7.0,7.0,8.0,11.0,1.0,31.0,1.0,0.0,0.0,3.0,87.45324,2.0,2.0,0.0,67.0,0.0
87.0,392.281,22.310785,81.0,30.0,0.0,0.0,100.0,-7.0,7.0,8.0,40.168537,0.0,24.0,-7.0,0.0,0.0,13.862765,-8.0,4.0,1.0,0.0,50.0,0.0
80.0,169.62762,7.0,81.10643,33.238884,0.0,0.0,100.0,-7.0,7.0,8.0,33.0,2.0,36.0,0.0,0.0,0.0,17.0,58.77755,3.0,2.0,0.0,46.54739,0.0
73.0,342.47812,3.0,94.0,15.716727,1.0,1.0,83.414665,44.500645,6.0,5.0,19.0,2.0,28.0,3.0,2.6624508,2.0,11.594736,40.6818,6.0,2.0,0.0,67.0,0.0
69.0,297.8722,4.223933,127.141136,31.0,0.0,0.0,94.0,-7.0,-9.0,6.0,28.0,2.9010336,17.0,0.0,1.0,1.0,3.0,-8.0,6.2993836,1.0,0.0,33.0,0.0
66.43528,211.42747,3.0,81.717285,38.418385,0.0,0.0,100.0,-7.0,7.0,8.0,49.81166,3.0,47.0,0.0,1.0,1.0,71.888985,77.00018,9.452394,7.8291473,10.220935,76.881584,0.0
82.0,348.55142,8.0,84.166794,24.0,0.0,0.0,94.0,30.66224,6.0,6.0,24.0,1.0,16.0,4.0,0.0,0.0,13.0,-8.0,2.0,1.0,0.0,41.781967,0.0
65.0,205.94806,8.0,111.735565,17.0,2.0,1.0,79.40678,4.435989,4.0,5.1211257,20.0,1.0,28.0,0.0,2.0,2.0,18.303402,-8.0,4.0,-8.0,0.0,89.17937,0.0
77.0,190.7614,35.96795,127.12544,17.0,1.0,0.0,85.0396,1.8717434,4.0,4.96288,19.0,0.0,42.0,0.0,1.0,1.0,1.0,-8.0,1.0,2.0,0.0,46.453514,0.0
84.0,248.97253,26.900114,119.66377,6.639764,0.0,0.0,100.0,-7.0,7.0,8.0,7.0,0.0,20.0,10.892277,0.0,0.0,57.596745,-8.0,4.0,-8.0,0.0,70.30044,0.0
87.0,137.26825,5.0,59.329292,14.0,0.0,0.0,100.0,-7.0,7.0,8.0,18.0,1.0,64.61631,0.90796125,0.0,0.0,0.0,100.0,-9.0,2.0,0.0,57.0,0.0
71.0,143.46077,2.0,86.0,25.0,0.0,0.0,93.0,11.184638,6.0,6.0,20.0,1.8290312,15.514226,8.463509,1.0,1.0,23.60704,-8.0,7.0,1.0,1.0,53.084015,0.0
56.47151,280.0932,46.91247,128.388,6.0,1.0,1.9601395,16.67061,8.663404,4.0,5.0,13.0,0.0,25.0,-8.0,0.0,0.0,52.53615,-8.0,2.0,1.0,0.0,100.0,0.0
86.34417,190.01222,18.073298,92.0,36.0,0.0,0.0,100.0,-7.0,7.0,8.0,33.0,0.0,38.0,0.0,0.0,0.0,11.0,-8.0,1.0,1.0,0.0,25.0,0.0
85.0,298.64474,5.0,91.31503,20.0,0.0,0.0,100.0,-7.0,7.0,8.0,15.0,1.6088849,14.0,-8.0,0.0,0.0,25.733997,-8.0,2.0,1.0,0.0,23.105917,0.0
87.0,423.1399,6.0,107.330666,35.11551,0.0,0.0,100.0,-7.0,7.0,8.0,31.0,2.0,27.017681,-7.2670503,0.0,0.0,9.0,80.0,2.0,4.0,0.0,60.0,0.0
85.0,162.3047,4.6513925,99.384285,20.935104,0.0,0.0,95.0,21.596613,6.0,6.0,23.156967,3.0,35.0,3.2122622,1.0,1.0,1.0,98.54656,0.0,2.0,0.0,42.60703,0.0
77.0,139.24452,26.944021,83.0,25.0,0.0,0.0,87.67907,1.1719847,4.0,6.0,27.656345,0.0,22.0,-8.0,0.0,0.0,1.0,-8.0,2.0,1.0,0.0,33.0,0.0
85.0,149.0194,4.0,74.0,25.0,0.0,0.0,100.0,-7.0,7.0,8.0,8.0,2.0,38.0,0.0,2.0,2.0,0.0,61.97501,1.0,2.0,0.0,43.0,0.0
86.19556,81.31336,12.0,68.82123,3.3896458,0.0,0.0,100.0,-7.0,7.0,8.0,3.9945974,1.0,61.970592,14.738711,0.0,0.0,4.0,74.253334,1.0,2.0,0.0,86.0,0.0
68.92117,376.82645,4.0,71.06515,32.85246,1.0,2.0,100.0,71.403496,6.0,2.0,44.331623,4.0,30.0,-7.0,1.0,1.0,83.58115,92.81458,8.0,2.0,2.0,75.0,0.0
92.8748,312.20425,58.189625,306.35062,8.0,0.0,0.0,100.0,-7.0,7.0,8.0,3.9952023,0.0,21.0,23.99724,0.0,0.0,1.0,-8.0,3.0,-8.0,0.0,71.0,0.0
89.0,367.9373,21.604465,243.99588,25.1386,0.0,0.0,100.0,-7.0,7.0,8.0,26.0,0.0,14.0,15.023265,0.0,0.0,3.9276056,-8.0,4.0,1.0,0.0,41.67911,0.0
79.0,209.26878,3.0,116.24236,18.0,0.0,0.0,100.0,-7.0,7.0,8.0,19.0,3.0,25.0,4.0,0.0,0.0,46.772655,98.19078,4.0,1.0,2.0,75.0,0.0
70.68896,126.55125,16.0,69.6358,15.0,0.0,0.0,96.69778,36.699837,6.0,6.0,16.0,0.0,47.0,12.0,0.0,0.0,78.496086,-8.0,3.0,1.0,3.0,67.11923,0.0
71.89692,354.75015,5.0,86.674576,49.021603,1.0,0.0,92.0,37.193024,6.0,5.0,49.50958,1.0,25.0,10.1737995,0.0,0.0,3.0,-8.0,1.0,1.8659323,0.0,33.0,0.0
80.70281,170.57317,2.0,68.0,29.0,0.0,0.0,97.0,24.082832,6.0,6.0,28.993008,5.0,25.0,0.0,5.650886,5.456507,4.0,-8.0,2.0,-8.0,0.0,-9.0,0.0
79.0,259.89777,15.0,110.31787,21.0,0.0,0.0,92.0,11.6916065,6.0,6.0,24.0,0.0,36.0,1.0,0.0,0.0,19.307627,-8.0,3.0,2.0,0.0,41.114758,0.0
77.0,199.65253,7.0,97.75366,39.0,0.0,0.0,100.0,-7.0,7.0,8.0,34.0,2.0,25.0,18.719881,0.0,0.0,5.0,11.636138,5.0,2.0,2.0,71.0,0.0
77.0,140.48586,10.0,64.723404,26.0,4.7333765,0.0,89.99457,52.885647,6.0,4.0,29.0,1.1023223,50.0,3.0,0.0,0.0,4.4761047,57.375214,3.0,6.419376,0.0,57.580273,0.0
81.0,254.67062,22.936357,96.70664,21.0,0.0,0.0,97.0,-7.0,6.0,6.0,25.0,0.0,47.0,-7.0,0.0,0.0,25.0,76.567345,2.0,2.0,0.0,63.0,0.0
81.305115,147.39465,3.0,83.05017,12.0,0.0,0.0,100.0,-7.0,7.0,8.0,2.2696247,1.0,17.727415,0.0,0.0,0.0,44.320904,83.25901,3.0,1.0,0.0,100.0,0.0
87.0,226.9699,3.0,75.0,17.0,0.0,0.0,100.0,-7.0,7.0,8.0,21.0,2.0,23.533024,7.441013,0.0,0.0,6.0,-8.0,6.0,-1.88243,0.0,83.12919,0.0
70.0,170.1648,7.0,78.15959,40.971348,0.0,0.0,100.0,-7.0,7.0,8.0,50.654938,3.0,30.315275,1.0,1.0,0.0,71.099464,17.265194,6.0,2.1731153,8.114834,80.0,0.0
87.0,155.73228,2.0,74.0,24.0,0.0,0.0,100.0,-7.0,7.0,8.0,31.0,1.0,16.977198,-7.0,1.0,1.0,0.0,97.26793,1.0,2.0,0.0,19.51745,0.0
88.0,415.73096,10.0,94.63383,24.0,0.0,0.0,100.0,-7.0,7.0,8.0,27.826786,2.0,11.718848,0.0,2.0,1.0,2.0,51.61514,4.0,1.0,0.0,33.0,0.0
91.61044,196.97832,10.0,142.47185,-9.0,0.0,0.0,100.0,-7.0,7.0,8.0,-9.0,2.0,17.130653,0.0,0.0,0.0,1.0,-8.0,2.0,-8.0,0.0,86.0,0.0
71.78162,386.99112,1.0,96.64821,27.851696,0.0,0.0,97.0,2.0,4.0,6.0,39.881924,1.2055418,50.0,1.0,1.0,1.0,20.779154,81.81405,5.0,3.0,0.0,50.0,0.0
82.0,181.02307,2.0,60.841377,9.0,0.0,0.0,100.0,-7.0,7.0,8.0,10.0,2.0,21.0,-7.0,1.0,1.0,43.015896,-8.0,1.0,1.0,0.0,63.0,0.0
80.0,488.25504,2.0,86.59336,38.6543,0.0,0.0,100.0,-7.0,7.0,8.0,43.716015,2.0,12.821781,3.0,1.0,0.0,3.0,18.38235,9.32571,2.0,0.0,43.0,0.0
91.0,468.67978,51.80064,169.14578,6.0,0.0,0.0,100.0,-7.0,7.0,8.0,14.0,0.0,14.44435,0.0,0.0,0.0,6.0,-8.0,2.0,-8.0,0.0,40.48706,0.0
62.0,301.4274,3.0,121.100945,38.580025,2.6661494,2.208773,83.89323,19.923204,6.0,-7.995273,35.0,1.0,22.978254,1.0,3.0,3.0,21.707201,-8.0,4.0,1.0,2.0,60.0,0.0
79.0,183.11188,2.0,84.021034,40.4143,0.0,0.0,100.0,-7.0,7.0,8.0,39.234966,2.0,35.0,0.0,2.0,1.0,17.250229,-8.0,6.0,2.0,1.0,84.455284,0.0
84.0,236.95251,6.0,113.08177,31.005978,0.0,0.0,100.0,-7.0,7.0,8.0,36.772804,2.0,61.489628,-8.0,0.0,0.0,10.736873,73.89361,3.0,7.856454,0.0,80.0,0.0
71.180336,306.67307,-6.088999,98.66134,36.610542,0.0,0.0,100.0,52.91427,6.0,6.0,38.504436,4.0,20.0,0.0,2.0,2.0,53.912136,22.369062,6.0,1.0,3.0,56.142197,0.0
67.614334,232.3218,2.0,73.92367,33.0,0.0,0.0,100.0,-7.0,7.0,8.0,34.0,4.0,29.0,-7.0,0.0,0.0,50.72479,71.409,4.0,5.0,0.0,67.0,0.0
92.99917,172.57352,14.0,132.9019,10.0,0.0,0.0,100.0,-7.0,7.0,8.0,-9.0,0.0,23.0,0.0,0.0,0.0,1.0,-8.0,1.0,1.0,0.0,40.0,0.0
87.0,139.30933,8.0,68.99122,37.010414,0.0,0.0,100.0,-7.0,7.0,8.0,33.597298,2.0,52.175354,0.80898464,2.0,2.0,1.0,51.111546,1.0,4.671829,0.0,50.0,0.0
79.0,170.0547,5.0,79.0,10.0,0.0,0.0,100.0,-7.0,7.0,8.0,11.0,2.0,21.0,4.0,2.0,2.0,43.186802,-8.0,2.0,1.0,0.0,50.0,0.0
63.59618,365.82016,2.0,82.54652,25.0,1.203151,0.0,86.0566,2.6941266,6.0,4.3684363,30.0,3.0,32.236794,-4.3726377,1.0,1.0,49.178722,-8.0,8.0,3.0,2.0,75.0,0.0
67.44346,127.25685,16.0,58.373875,23.0,0.0,0.0,94.629974,16.995853,6.0,5.0,19.0,0.0,28.0,2.0,1.0,1.0,31.62437,43.67702,11.0,3.9575,1.0,70.0,0.0
78.55431,119.71277,10.0,53.578735,29.0,0.0,0.0,100.0,-7.0,7.0,8.0,20.0,1.100833,17.0,7.0,0.0,0.0,7.820252,69.17589,3.0,3.0,0.0,60.0,0.0
65.987206,166.0394,5.0,70.0,24.0,1.1856866,1.0,83.49253,5.401096,6.0,6.0,28.0,2.0,66.72358,0.0,1.0,0.0,81.736755,77.334076,4.0,6.8195844,3.0,100.0,0.0
65.0,163.88164,2.0,67.83943,32.0,1.0,1.0,100.0,-7.0,6.0,8.0,35.0,1.0,22.668758,0.0,6.6091337,6.368566,33.910736,39.159958,7.0,3.0,0.3909105,71.0,0.0
70.0,133.6161,4.0,70.0,20.0,1.0,1.0,84.20384,36.03846,6.0,2.0,24.0,2.0,32.51185,0.0,1.0,1.0,28.0,-8.0,2.0,1.0,1.0,60.0,0.0
63.0,267.27243,3.0,90.0,34.30422,0.0,0.0,88.0,24.58832,6.0,6.0,34.0,3.0,55.071304,0.0,4.0,4.0,32.0,92.847145,11.0,5.785796,1.0,88.66793,0.0
68.0,187.76566,6.0,84.0,26.0,0.0,0.0,86.16277,3.6850026,6.0,6.0,29.0,2.0,30.0,0.0,0.0,0.0,56.913666,80.08135,6.0,4.0,2.0,71.0,0.0
87.849976,152.65546,25.176336,70.0,22.840054,0.0,0.0,100.0,-7.0,7.0,8.0,27.989449,0.0,47.0,-8.0,0.0,0.0,0.0,28.501287,2.0,4.0,0.0,75.0,0.0
90.0,307.2882,19.429688,105.24523,22.0,0.0,0.0,100.0,-7.870801,6.4204707,6.0,28.0,0.0,22.221653,8.0,1.0,1.0,1.0,-8.0,4.0,1.0,0.0,31.056267,0.0
75.0,154.80107,18.675297,75.238716,-9.0,0.0,0.0,100.0,-7.0,7.0,8.0,0.25097963,0.0,-9.0,2.0,2.0,2.0,60.356804,-8.0,2.0,-8.0,1.0,59.557663,0.0
-9.0,-9.0,-9.0,-9.0,-9.0,-9.0,-9.0,-9.0,-9.0,-9.0,-9.0,-9.0,-9.0,-9.0,-9.0,-9.0,-9.0,-9.0,-9.0,-9.0,-9.0,-9.0,-9.0,0.0
81.0,199.75056,3.0,72.0,36.843628,0.0,0.0,100.0,-7.0,7.0,8.0,30.838467,1.0,34.64728,0.0,2.0,2.0,19.33098,51.843044,1.0,5.0,0.0,42.55057,0.0
84.0,257.9105,35.316628,94.0,20.0,1.0,0.0,95.0,68.405014,6.0,4.1157627,21.0,0.0,22.468964,0.0,0.0,0.0,2.0,-8.0,1.0,2.0,0.0,44.583252,0.0
68.0,116.19238,15.302873,60.36821,13.759841,1.0,0.0,82.36877,46.16724,6.0,5.0,8.946087,0.0,47.0,5.4355907,0.0,0.0,24.015133,56.69031,2.0,2.0,1.0,50.0,0.0
83.0,438.27136,2.0,143.97333,21.0,0.0,0.0,100.0,-7.0,7.0,8.0,20.0,1.0,58.66644,6.0,2.0,2.0,1.0,49.256706,2.0,5.0,0.0,81.22373,0.0
81.0,254.4796,4.6247544,68.0,15.0,3.7326126,5.045034,89.21367,77.00851,6.0,2.0,20.0,2.0,28.0,-7.0,0.0,0.0,4.194629,-8.0,2.0,1.0,0.0,43.0,0.0
79.0,402.05402,40.020824,123.39054,15.216712,0.0,0.0,100.0,-7.0,7.0,8.0,19.0,0.0,21.0,2.2909129,1.0,1.0,33.982807,-8.0,6.204476,-8.0,1.0,70.0,0.0
73.0,275.8527,3.0,89.49609,39.0,0.0,0.0,95.0,4.2470365,6.0,6.0,43.859154,1.0,25.0,0.0,3.8203752,3.2511015,8.0,99.511566,10.164166,4.139301,0.0,60.0,0.0
88.21979,196.07475,8.0,78.94764,30.0,0.0,0.0,100.0,-7.0,7.0,8.0,34.644547,2.0,17.0,0.0,0.0,0.0,0.0,-8.0,2.0,-8.0,0.0,21.561865,0.0
84.0,396.4895,2.0,89.44996,32.079533,0.0,0.0,100.0,-7.0,7.0,8.0,34.0,1.0608046,24.0,5.0574265,2.0,2.0,14.0,-8.0,3.0,2.0,0.0,36.62929,0.0
71.0,119.1684,2.0,46.286118,17.0,0.0,0.0,96.0,33.3085,6.0,6.0,18.0,3.0,18.26549,1.4628356,1.0,1.0,12.857372,79.190216,3.0,2.0,0.0,79.027824,0.0
81.0,159.15337,2.0,57.352814,21.24708,0.0,0.0,100.0,-7.0,7.0,8.0,26.0,2.0,24.0,0.0,2.0,2.0,14.730285,34.252476,4.820947,3.0,0.0,91.852745,0.0
70.0,387.53897,7.0,82.0,14.074201,1.5301421,1.0,76.103745,31.50302,6.0,5.0,16.0,1.0,42.0,-8.0,0.0,0.0,13.305871,82.0,3.0,4.0,0.0,75.0,0.0
89.0,166.16151,19.584059,172.91115,19.0,0.0,0.0,100.0,-7.0,7.0,8.0,28.0,0.0,22.0,-8.0,0.0,0.0,5.0,-8.0,3.0,1.0,0.0,42.43447,0.0
74.0,369.01422,1.0,103.27559,39.0,0.0,0.0,100.0,-7.0,7.0,8.0,56.965515,3.0,21.0,0.0,2.648551,3.0,1.0,-8.0,3.0,1.0,0.0,20.01186,0.0
68.0,172.22379,1.0,80.515724,30.0,0.0,0.0,91.0,-9.0,6.0,5.986543,34.0,5.433018,42.046513,11.033799,0.0,0.0,55.940723,77.12461,7.7741632,4.4194655,2.0,73.0,0.0
75.0,305.67377,13.678435,114.990814,41.894222,0.0,0.0,100.0,-7.0,7.0,8.0,42.016212,0.0,28.0,6.652475,0.0,0.0,39.28574,80.33357,4.0,2.0,1.0,45.651516,0.0
83.0,282.76227,2.0,82.0,25.484152,0.0,0.0,100.0,-7.0,7.0,8.0,36.88523,3.0,24.0,0.0,1.0,0.08646993,17.0,84.04232,4.0,1.0,0.0,45.98932,0.0
75.0,288.01416,1.0,77.543434,27.0,0.0,0.0,100.0,-7.0,7.0,8.0,31.0,9.011043,52.3887,7.0,2.0,2.0,46.955425,93.229904,6.025759,2.0,0.0,75.0,0.0
71.0,150.68942,6.0,46.2544,16.0,0.0,0.0,100.0,-7.0,7.0,8.0,15.0,4.0,20.0,9.0,0.0,0.0,44.795452,-8.0,5.0,1.0,2.0,57.0,0.0
77.0,353.89624,44.63033,181.94357,11.0,1.0,1.0,100.0,-7.0,7.0,8.0,11.0,0.0,96.34741,-7.0,0.0,0.0,0.0,-8.0,-9.0,2.0,0.0,91.11498,0.0
83.0,206.48541,13.9325695,94.0,17.0,0.0,0.0,100.0,-7.0,7.0,8.0,18.0,1.0,7.1929655,-7.0,0.0,0.0,54.72858,-8.0,2.0,-9.0,0.0,57.0,0.0
70.49642,274.1079,5.0,84.0,24.0,0.0,0.0,100.0,-7.0,7.0,8.0,26.39743,3.0,11.0,1.0,1.0,1.4643435,53.623257,-8.0,6.0,1.0,3.0,58.0,0.0
89.0,192.04112,12.0,79.0,16.292637,0.0,0.0,100.0,-7.0,7.0,8.0,16.0,0.0,46.0,-8.0,0.0,0.0,9.0,84.04369,1.0,2.0,0.0,38.0,0.0
89.0,194.5526,155.57413,120.615005,20.0,0.0,0.0,100.0,-7.0,7.0,8.0,31.0,0.0,45.0,-7.0,0.0,0.0,4.0,-8.0,2.0,1.0,0.0,67.0,0.0
66.97086,151.96614,3.0,51.726124,43.429264,0.0,0.0,95.0,53.866566,6.0,6.0,46.11306,4.0,20.0,0.0,1.0,1.0,44.074623,100.0,19.277332,2.0,3.0,73.0,0.0
73.398056,114.019,-9.0,80.0,43.269424,0.0,0.0,94.420555,36.254066,6.0,6.0,6.243605,4.0,17.0,22.156115,0.0,0.0,24.774124,81.753944,8.0,2.0,1.0,40.583843,0.0
-9.0,-9.0,-9.0,-9.0,-9.0,-9.0,-9.0,-9.0,-9.0,-9.0,-9.0,-9.0,-9.0,-9.0,-9.0,-9.0,-9.0,-9.0,-9.0,-9.0,-9.0,-9.0,-9.0,0.0
-9.0,-9.0,-9.0,-9.0,-9.0,-9.0,-9.0,-9.0,-9.0,-9.0,-9.0,-9.0,-9.0,-9.0,-9.0,-9.0,-9.0,-9.0,-9.0,-9.0,-9.0,-9.0,-9.0,0.0
80.0,376.8764,8.0,153.38454,21.0,0.0,0.0,100.0,-7.0,7.0,8.0,18.540434,1.0,33.0,0.0,0.0,0.0,22.096832,-8.0,5.0,-8.0,2.1865022,67.0,0.0
89.0,143.75511,21.794365,86.0,13.0,0.0,0.0,100.0,-7.0,7.0,8.0,12.0,0.0,59.05245,1.0007237,1.0,1.0,0.0,-8.0,0.44754642,1.0,0.0,29.534674,0.0
77.0,190.9977,2.0,86.68703,36.81566,0.0,0.0,97.0,38.33097,6.0,6.0,42.56576,2.0,52.52623,4.8258157,0.0,0.0,20.972233,70.027275,6.0,3.0,0.0,67.0,0.0
86.0,186.23679,2.0,60.127117,17.0,0.0,0.0,100.0,-7.0,7.0,8.0,18.0,1.0,18.483421,1.0,0.0,0.0,1.0,-8.0,1.0,1.0,0.0,33.0,0.0
73.0,161.09758,1.0,88.60711,45.62403,0.0,0.0,100.0,-7.0,4.0,6.0,51.753315,5.0,42.0,-7.0,2.0,2.0,19.0,83.65007,5.0,4.0,1.0,66.33477,0.0
77.0,315.45337,3.0,84.04214,17.0,0.0,0.0,89.0,52.958225,6.0,6.0,21.0,1.0,63.077717,3.0,2.0,2.0,28.732218,84.01893,3.0,3.0,0.0,75.0,0.0
69.0,145.52046,5.2897415,49.2642,14.0,1.0,0.0,88.00937,18.661324,6.0,5.0,15.710727,3.0,24.0,0.0,0.0,0.0,23.855131,90.82446,3.0,3.0,1.0,68.72386,0.0
80.0,313.3696,7.0,74.0,17.51397,0.0,0.0,100.0,-7.0,7.0,8.0,19.221231,1.0,49.107883,0.0,1.0,1.0,32.0,96.90864,3.0,3.0,0.0,69.95193,0.0
81.0,185.05614,9.0,74.646965,27.954147,0.0,0.0,100.0,-7.0,7.0,8.0,27.0,2.0,25.066692,13.38033,0.0,0.0,21.739798,97.78603,2.0,3.0,0.0,63.0,0.0
66.0,148.84929,3.0,52.20267,37.79524,0.0,0.0,100.0,-7.0,7.0,8.0,44.26228,4.0,20.0,0.0,4.0,3.887608,49.20122,92.06632,9.0,4.0,1.0,82.1866,0.0
67.0,145.47159,6.0,63.173676,31.0,2.053705,0.0,85.429,3.0,6.0,2.0,38.0,3.0,38.449326,0.0,3.0,3.0,4.0,-8.0,2.0,1.0,0.0,23.222874,0.0
69.0,394.15604,9.0,136.37952,14.0,1.0,0.0,83.910934,6.0,6.0,5.934692,15.0,0.0,24.0,0.0,1.0,1.0,66.63305,-8.0,3.0,1.0,0.0,67.0,0.0
73.0,138.79544,4.0,61.0,30.0,0.0,0.0,92.0,36.385338,6.0,6.0,29.947817,3.0,20.0,8.0,0.5415201,1.0,25.0,89.27849,3.0,3.0,0.0,63.0,0.0
72.0,282.74374,4.0,83.0,42.179497,0.0,0.0,100.0,-7.0,7.0,8.0,12.0,1.5505534,38.0,23.470112,0.0,0.0,15.410393,-8.0,5.0,4.0,2.0,67.0,0.0
81.0,-8.0,13.405848,66.40237,-9.0,0.0,0.0,100.0,-7.0,7.0,8.0,1.4916071,0.0,38.0,1.0,1.0,1.0,44.11944,93.0,2.0,2.0,0.0,86.465546,0.0
69.77898,456.0412,22.891466,133.14455,30.0,0.0,0.0,88.0,-7.0,4.0,6.0,30.0,0.0,31.0,5.0,0.0,0.0,40.955833,-8.0,3.0,1.0,1.0,54.224453,0.0
88.0,226.42902,6.0,98.629585,25.0,0.0,0.0,100.0,-7.0,7.0,8.0,32.495476,2.0,57.68811,-8.0,0.0,0.0,14.86038,-8.0,1.0,1.0,0.0,43.0,0.0
83.0,125.49067,6.0,60.189663,9.412555,0.0,0.0,100.0,-7.0,7.0,8.0,10.0,1.0,39.570576,0.0,0.0,0.0,1.0,59.35693,1.0,2.0,0.0,47.579376,0.0
76.96602,182.92316,23.091457,78.81346,10.0,0.0,0.0,91.09472,27.194292,6.0,6.0,10.240919,0.0,59.565884,0.0,1.0,1.0,1.0,-8.0,1.0,-8.0,0.0,32.97036,0.0
65.98033,165.82431,1.0,29.94124,36.0,0.0,0.0,98.0,36.05946,6.0,6.0,42.957188,5.5519385,30.0,2.0,2.0,1.0,46.634537,88.0,5.0,2.0,2.0,44.392483,0.0
61.880295,317.0842,7.0,110.13196,17.0,0.0,0.16903456,78.434814,-7.0,3.1580012,6.0,18.0,1.0,31.0,0.0,0.0,0.0,84.04868,22.353292,5.0,2.0,2.0,80.0,0.0
63.972763,147.72673,3.0773244,65.46668,25.0,0.0,0.0,90.0,2.238569,3.1700077,6.0,26.0,1.0,56.066742,-7.0,3.1736088,4.0,51.80064,90.8856,3.0,5.0,2.0,75.0,0.0
78.0,101.389626,3.0,65.49833,16.0,0.0,0.0,100.0,-7.0,7.0,8.0,6.946759,4.0,17.0,0.0,1.0,1.0,38.053165,96.69839,2.0,3.0,0.0,73.0,0.0
77.0,375.06345,27.093948,127.82978,21.0,0.0,0.0,96.0,29.874556,6.0,6.0,23.999113,0.0,24.0,22.641163,0.0,0.0,33.70075,50.439087,7.0,3.0,1.0,60.0,0.0
86.0,196.49048,8.0,80.0,11.164353,0.0,0.0,100.0,-7.0,7.0,8.0,10.0,0.0,23.0,-8.0,0.0,0.0,2.0,50.96881,2.0,1.9574032,0.0,50.0,0.0
77.0,491.30096,2.0,116.58117,34.624004,0.0,0.0,100.0,-7.0,7.0,8.0,43.16065,2.0,28.0,1.3471386,1.0,1.0,31.20133,78.484,4.0,2.0,3.0,35.848816,0.0
75.0,210.19568,6.0,90.941444,19.0,0.0,0.0,100.0,-7.0,7.0,8.0,9.354549,2.0,19.925276,0.0,4.0,4.0,32.07689,-8.0,3.0,1.0,2.0,31.378767,0.0
76.0,264.02484,3.0,82.05243,41.340492,0.0,0.0,100.0,-7.0,7.0,8.0,37.704956,3.0,25.0,-7.0,0.0,0.0,28.0,66.69585,5.0,7.0449624,0.0,38.0,0.0
78.0,132.83553,16.0,92.807594,17.0,0.0,0.0,93.0,12.872003,6.0,6.0,17.0,0.0,44.080715,0.0,1.0,1.0,1.0,-8.0,2.0,1.0,0.0,40.99866,0.0
69.0,229.34851,1.0,97.16944,16.994856,0.0,0.0,100.0,-7.0,7.0,8.0,23.0,1.0,34.25006,2.838573,0.0,0.0,28.691656,-8.0,6.0,2.0,1.0,83.0,0.0
75.0,219.33379,11.678679,75.0,33.0,1.956324,0.0,90.26373,23.037994,6.0,4.4614954,38.0,0.0,19.0,7.0,0.0,0.0,10.8018055,43.500294,5.0,3.0,0.0,45.502563,0.0
-9.0,-9.0,-9.0,-9.0,-9.0,-9.0,-9.0,-9.0,-9.0,-9.0,-9.0,-9.0,-9.0,-9.0,-9.0,-9.0,-9.0,-9.0,-9.0,-9.0,-9.0,-9.0,-9.0,0.0
87.0,121.27092,3.0,68.0,14.0,0.0,0.0,100.0,-7.0,7.0,8.0,15.013801,2.0,50.0,0.0,0.0,0.0,4.0,-8.0,2.0,1.0,0.0,75.0,0.0
76.0,159.21999,4.418494,106.873405,7.0,0.0,0.0,82.71269,48.07429,6.0,6.0,-6.977967,2.0,15.864964,0.0,0.0,0.0,16.0,-8.0,3.0,1.0,0.0,45.27648,0.0
87.0,191.79929,28.756678,104.1631,15.0,0.0,0.0,95.0,26.792717,6.0,6.0,18.327127,0.0,13.898255,0.0,1.0,1.0,4.7565484,-8.0,1.0,-8.0,0.0,43.0,0.0
89.0,390.75998,36.07539,171.60138,14.0,0.0,0.0,100.0,-7.0,7.0,8.0,8.086602,0.0,16.763819,-8.0,0.0,0.0,4.659111,-8.0,3.0,1.0,0.0,45.06405,0.0
-9.0,-9.0,-9.0,-9.0,-9.0,-9.0,-9.0,-9.0,-9.0,-9.0,-9.0,-9.0,-9.0,-9.0,-9.0,-9.0,-9.0,-9.0,-9.0,-9.0,-9.0,-9.0,-9.0,0.0
75.89537,302.30988,7.0,80.0,30.083076,0.0,0.0,100.0,-7.0,7.0,8.0,36.223682,2.3231838,40.05188,0.0,0.0,0.0,56.78044,67.48843,2.0,1.0,1.0,80.0,0.0
85.0,192.76639,3.0,83.785995,28.0,0.0,0.0,100.0,-7.0,7.0,8.0,27.315449,1.0,22.0,-7.0,0.0,0.0,9.309065,88.0,5.0,2.0,0.0,68.13105,0.0
71.0,148.20988,11.115674,107.87052,28.0,0.0,0.0,97.0,34.805897,6.0,6.0,20.0,0.0,15.37101,0.0,0.0,0.0,33.448154,83.47014,5.0,2.0,4.4861593,50.0,0.0
84.0,147.70966,4.0,77.594475,20.630651,0.0,0.0,100.0,-7.0,7.0,8.0,16.0,2.0,45.0,2.0,0.0,0.0,6.0,88.0,4.0,3.0,0.0,71.0,0.0
88.404434,196.66066,5.0,65.0,15.0,0.0,0.0,100.0,-7.0,7.0,8.0,9.0,2.0,20.004677,0.0,0.0,0.0,4.0,-8.0,2.0,2.0,0.0,60.664944,0.0
81.0,109.8514,7.0,62.861362,41.62529,0.0,0.0,100.0,-7.0,7.0,8.0,43.030968,1.0,65.6407,-7.0,0.0,0.0,8.0,84.21723,3.0,3.0,0.0,63.0,0.0
88.0,48.620743,6.0,82.18573,15.0,0.0,0.0,100.0,-7.0,7.0,8.0,7.645146,1.0,12.207151,4.0,2.0,2.0,2.0,-8.0,1.0,1.0,0.0,60.905056,0.0
80.0,-9.0,22.694721,-9.0,6.2573333,0.0,0.0,100.0,-7.0,7.0,8.0,3.9918258,0.0,44.048912,0.0,1.0,1.0,0.0,66.35877,0.0,2.0,0.0,46.24698,0.0
88.20038,223.74889,21.528767,94.0,16.305323,0.0,0.0,100.0,-7.0,7.0,8.0,11.0,0.0,25.0,-7.0,0.0,0.0,13.0,-8.0,2.0,-8.0,0.0,40.0,0.0
76.801865,396.36115,1.5568523,65.67158,39.0,0.0,0.0,100.0,54.51337,6.0,6.0,43.82761,3.0,31.0,0.0,0.0,0.0,15.0,68.98443,8.0,5.758665,0.0,64.52667,0.0
86.01844,165.34718,9.0,77.0,28.0,0.0,0.0,100.0,-7.0,7.0,8.0,38.0,0.0,33.0,-7.0,1.0,1.0,6.615556,53.444427,2.0,2.0,0.0,40.0,0.0
86.0,223.41002,18.878578,76.0,28.0,0.0,0.0,100.0,-7.0,7.0,8.0,40.494843,0.0,24.757385,-7.0,0.0,0.0,15.397331,-8.0,3.0,1.0,0.0,41.9991,0.0
62.90459,130.0633,1.0,61.5304,38.78172,0.0,0.0,94.42298,-7.0,4.0,6.0,30.076338,2.0,52.4461,0.0,3.0,3.0,82.48787,92.29177,2.0,3.0,0.0,80.04607,0.0
65.0,281.06055,4.0,71.923485,25.0,0.0,0.0,93.0,-9.0,6.0,6.0,21.0,3.6186962,25.53596,-7.0,0.0,0.0,41.217365,84.85459,4.0,3.0,2.5077748,56.52555,0.0
65.0,141.87698,6.0,72.18632,27.0,0.0,0.0,82.86302,13.565568,6.0,6.0,32.759266,1.0,31.0,0.0,0.0,0.0,41.4153,80.0,6.0,5.0,2.8563218,67.0,0.0
81.0,203.58322,7.0,100.63074,17.0,0.0,0.0,100.0,-7.0,7.0,8.0,17.0,0.0,40.0,0.0,1.0,1.0,45.174656,-8.0,2.0,1.0,1.0,58.337975,0.0
68.0,151.41534,20.0,86.91767,27.0,0.0,0.0,100.0,-7.0,7.0,8.0,26.0,0.0,37.165035,-8.0,1.0,1.0,92.19047,76.522995,6.0,2.0,3.0,67.0,0.0
74.0,388.676,7.0,74.74395,16.0,0.0,0.0,91.9275,23.432821,6.0,6.0,15.0,3.0,45.64216,0.0,1.1682621,1.0,19.0,89.809685,1.0,4.0,0.0,75.0,0.0
78.0,209.24121,-9.0,63.0,36.0,0.0,0.0,100.0,-7.0,7.0,8.0,39.24421,6.0,20.0,0.0,1.0,1.0,13.0133295,-8.0,6.0,2.0,0.0,50.0,0.0
76.0,-9.0,17.0,52.976746,15.0,0.0,0.0,100.0,-7.0,7.0,8.0,15.0,0.0,52.348198,0.0,0.0,0.0,40.89173,63.22841,2.0,1.0,0.0,57.0,0.0
91.16517,178.59999,24.435421,145.34076,14.0,0.0,0.0,100.0,-7.0,7.0,8.0,7.7329583,0.0,10.881558,-8.785999,0.0,0.0,0.0,-8.0,2.0,1.0,0.0,43.0,0.0
75.0,174.52603,3.0,78.78051,12.0,0.0,0.0,100.0,-7.0,7.0,8.0,9.0,1.0,50.0,0.0,0.0,0.0,79.199066,66.5142,2.0,2.0,2.0,88.0,0.0
75.0,140.96277,13.459556,62.353867,9.0,0.0,0.0,78.836205,13.148368,6.0,6.0,14.0,0.0,47.0,0.6650503,0.0,0.0,0.0,89.18518,-9.0,3.0,0.0,38.0,0.0
79.758896,410.65015,4.0,97.0,31.498674,0.0,0.0,100.0,-7.0,7.0,8.0,40.986088,2.0,6.683699,0.0,1.1426506,1.0,25.208279,-8.0,4.5780473,-9.0,3.0,25.572004,0.0
56.265366,219.35329,9.0,152.09421,27.0,9.230459,0.0,54.676003,8.177313,6.0,2.0,41.160347,1.0,24.0,9.0,0.0,0.0,100.331406,66.931305,9.0,2.786764,6.0007157,100.0,0.0
81.0,209.23569,10.0,59.741367,18.0,0.0,0.0,100.0,-7.0,7.0,8.0,17.0,1.0,28.0,4.0,1.1116556,1.0,1.0,97.63364,2.0,3.0,0.0,50.0,0.0
81.0,295.80536,3.0,85.212105,20.0,1.0,1.0,91.0,16.210052,6.0,6.0,22.0,2.0,21.2675,0.0,0.0,0.0,0.0,-8.0,1.0,1.0,0.0,13.651647,0.0
66.0,132.80998,2.0,90.144966,16.0,3.562917,2.6446812,72.295906,23.803053,6.0,2.415691,19.0,2.0,27.0,2.0,1.0,1.0,16.630436,-8.0,4.0,1.0,0.0,70.577415,0.0
90.0,382.65546,19.787983,109.52135,22.0,0.0,0.0,100.0,-7.0,7.0,8.0,29.0,0.0,37.0,5.0,1.0,1.0,9.0,-8.0,1.0,-8.0,0.0,33.0,0.0
84.0,194.58679,9.0,75.0,21.932884,0.0,0.0,100.0,-7.0,7.0,8.0,23.0,1.0,31.923767,0.0,0.0,0.0,3.0,-8.0,4.714901,2.0,0.0,67.0,0.0
79.0,180.26596,2.0,100.38666,15.0,0.0,0.0,94.0,36.41181,6.0,6.0,18.0,3.0,41.169952,6.0,1.5512825,2.0,0.0,-8.0,1.0,2.0,0.0,83.0,0.0
84.0,156.21822,2.0,73.080734,19.522331,0.0,0.0,90.0,41.004913,6.0,6.0,19.0,2.0,24.0,-7.0,0.0,0.0,6.536142,86.83341,3.0,3.0,0.0,58.897366,0.0
80.69386,187.99846,2.0,88.327034,34.0,0.0,0.0,100.0,-7.0,7.0,8.0,30.0,3.0,27.961594,8.289432,0.70685947,0.0,22.687479,71.0,4.0,4.0,1.0,60.0,0.0
57.57384,167.70389,9.0,65.0,19.0,1.2371564,1.0,100.0,-7.0,-9.0,8.0,22.0,1.0,50.0,-7.0,0.0,0.0,6.908787,47.14585,3.0,1.0,0.0,62.568806,0.0
86.0,177.14345,35.2427,71.0,16.0,0.0,0.0,100.0,-7.0,7.0,8.0,17.0,0.0,41.0,-7.0,1.533663,1.0,2.0,-8.0,1.4197109,1.0,0.0,29.908669,0.0
88.0,322.49414,52.801453,148.96994,23.0,0.0,0.0,100.0,-7.0,7.0,8.0,27.0,0.0,35.149483,2.0,1.0,1.0,0.43192244,-8.0,1.0,-8.0,0.0,23.75812,0.0
87.626785,446.12845,6.0,115.725204,15.0,0.0,0.0,100.0,-7.0,7.0,8.0,17.0,1.0,17.0,0.0,1.0,1.0,1.0,-8.0,2.0,2.0,0.0,50.0,0.0
84.0,338.83627,3.0,80.0,29.0,0.0,0.0,100.0,-7.0,7.0,8.0,25.487715,2.0,14.0,0.0,0.0,0.0,2.0,-8.0,5.0,1.0,0.0,25.110846,0.0
-9.0,-9.0,-9.0,-9.0,-9.0,-9.0,-9.0,-9.0,-9.0,-9.0,-9.0,-9.0,-9.0,-9.0,-9.0,-9.0,-9.0,-9.0,-9.0,-9.0,-9.0,-9.0,-9.0,0.0
82.0,95.77082,17.65753,61.0,15.0,0.0,0.0,96.0,61.662346,6.0,6.0,19.411804,0.0,64.065956,-7.0,0.0,0.0,10.22741,57.68465,1.423308,2.0,0.0,80.25436,0.0
72.0,170.64986,16.0,135.55415,21.0,1.0,1.0,100.0,-7.0,7.0,8.0,17.0,0.0,45.0,0.0,0.0,0.0,22.942234,82.0,4.2949386,2.0,0.0,82.53829,0.0
68.0,154.80644,2.0,45.175926,39.0,0.0,0.0,100.0,-7.0,7.0,8.0,38.22899,4.0,45.0,0.0,0.0,0.0,47.04391,74.10413,9.0,2.831538,1.0,80.0,0.0
-9.0,-9.0,-9.0,-9.0,-9.0,-9.0,-9.0,-9.0,-9.0,-9.0,-9.0,-9.0,-9.0,-9.0,-9.0,-9.0,-9.0,-9.0,-9.0,-9.0,-9.0,-9.0,-9.0,0.0
89.0,322.87616,4.0,108.382576,14.0,0.0,0.0,100.0,-7.0,7.0,8.0,14.0,1.0,20.0,-8.0,0.0,0.0,0.0,-8.0,2.0,1.0,0.0,37.26069,0.0
92.2999,189.03993,24.22559,135.26921,3.0463872,0.0,0.0,100.0,-7.0,7.0,8.0,3.9920914,0.0,20.69699,0.0,1.0,1.0,1.0,-8.0,1.0,-8.0,0.0,43.0,0.0
66.0,156.10583,1.0,66.82651,53.447987,0.0,0.0,100.0,-7.0,7.0,8.0,53.312447,7.5533957,42.92591,4.0,1.0,1.0,49.265465,42.929607,13.355689,3.0,3.0,88.0,0.0
69.0,484.66925,2.0,106.63636,36.0,0.0,0.0,92.0,3.0382895,5.0,6.0,39.269276,3.0,21.416267,0.0,1.0,1.0,7.4684668,-8.0,6.0,2.0,0.0,48.75992,0.0
86.0,286.9959,0.019231701,82.0,31.0,0.0,0.0,100.0,-7.0,7.0,8.0,31.0,2.0,33.0,0.0,2.0,2.0,0.29113916,-8.0,2.0,2.0,0.0,71.0,0.0
89.0,283.07053,28.010416,140.87056,23.0,0.0,0.0,100.0,-7.0,7.0,8.0,38.0,0.0,1.8295842,-8.0,0.0,0.0,14.30894,-8.0,3.0,-8.0,0.0,25.0,0.0
73.0,273.31146,2.0,75.0,23.984436,2.0,3.8326058,99.09598,58.181797,6.0,2.0,22.0,4.0,18.0,2.0,1.0,0.8106819,29.360752,-8.0,9.0,1.0,0.0,67.0,0.0
-9.0,-9.0,-9.0,-9.0,-9.0,-9.0,-9.0,-9.0,-9.0,-9.0,-9.0,-9.0,-9.0,-9.0,-9.0,-9.0,-9.0,-9.0,-9.0,-9.0,-9.0,-9.0,-9.0,0.0
86.0,291.52103,3.0,102.348526,24.0,0.0,0.0,100.0,-7.0,7.0,8.0,26.0,2.0,65.41736,20.77124,0.0,0.0,6.0,61.37505,2.0,4.0,0.0,63.0,0.0
87.202065,278.9353,3.0,88.068085,29.0,0.0,0.0,100.0,-7.0,7.0,8.0,29.0,3.0,37.0,-8.0,0.0,0.0,1.0,89.97999,2.0,3.0,0.0,43.0,0.0
71.0,-9.0,1.0,58.049465,6.0,1.0,1.0,100.0,-7.0,7.0,8.0,1.0656791,3.0,25.21501,-7.0,2.0,2.0,18.388882,91.104996,2.0,2.0,0.0,57.0,0.0
79.0,153.1614,1.0,54.587696,12.0,0.0,0.0,100.0,-7.0,7.0,8.0,13.0,4.0,29.0,0.0,1.0,1.0,13.0,-8.0,4.0,1.0,0.0,93.368706,0.0
86.0,431.35986,10.252569,107.90904,21.0,0.0,0.0,100.0,-7.0,7.0,8.0,31.0,1.0,33.0,18.092367,0.0,0.0,4.0,80.20339,3.0,2.0,0.0,44.0,0.0
71.26443,296.6504,15.0,101.96885,28.0,1.0,0.0,97.0,25.290695,6.0,5.0,24.0,0.0,67.47885,0.0,4.7394476,4.707729,42.361927,-8.0,4.0,2.0,1.0,80.0,0.0
74.0,193.16791,2.0,85.52786,19.0,0.0,0.0,95.0,36.983963,6.0,6.0,19.0,0.0,17.0,0.0,2.0,2.0,60.83722,-8.0,6.633849,1.0,0.0,86.883194,0.0
74.0,161.00844,2.0,37.178284,19.966188,0.0,0.0,95.0,7.752106,6.0,6.0,24.0,2.0,13.0,0.0,2.5871933,2.0,11.0,-8.0,3.0,1.0,1.0,20.713097,0.0
67.0,314.29315,3.0,71.06195,46.366344,0.0,0.0,92.0,13.741311,0.42523208,5.0,46.261368,5.0,46.215847,4.9060464,2.0,2.0,21.319557,86.968834,5.0,2.0,1.0,42.51401,0.0
87.0,111.35125,2.0,70.24465,36.0,0.0,0.0,100.0,-7.0,7.0,8.0,44.737213,2.0,33.0,0.0,2.0,2.0,5.0,91.0,4.0,1.0,0.0,42.362434,0.0
92.37154,139.25168,15.394134,122.991104,12.0,0.0,0.0,100.0,-7.0,7.0,8.0,19.0,0.0,8.201595,-7.0,0.0,0.0,4.0,-8.0,2.0,1.0,0.0,56.0,0.0
62.412525,295.9844,5.0,143.11139,7.0,2.9435253,2.6027498,62.754906,16.476068,6.0,2.0,10.870523,3.0,32.022537,3.0,1.0,1.0,15.355363,-8.0,1.0,1.0,0.0,77.65383,0.0
-9.0,-9.0,-9.0,-9.0,-9.0,-9.0,-9.0,-9.0,-9.0,-9.0,-9.0,-9.0,-9.0,-9.0,-9.0,-9.0,-9.0,-9.0,-9.0,-9.0,-9.0,-9.0,-9.0,0.0
85.0,188.39857,24.410507,82.049675,40.6011,0.0,0.0,100.0,-7.0,7.0,8.0,41.33111,0.0,43.0,0.0,1.0,1.0,0.0,48.904945,2.0,2.0,0.0,64.0,0.0
84.0,441.95547,2.0,107.13989,16.0,0.0,0.0,100.0,-7.0,7.0,8.0,18.0,1.0,19.414133,-7.0,0.0,0.0,21.0,-8.0,4.0,1.0,1.0,51.339874,0.0
76.0,106.33611,12.0,57.501247,9.0,0.0,0.0,100.0,-7.0,7.0,8.0,15.646904,1.0,36.0,0.0,2.0,2.0,18.0,-8.0,2.0,1.0,0.0,75.0,0.0
82.0,305.4693,3.0,77.333855,28.0,0.0,0.0,100.0,-7.0,7.0,8.0,24.59389,3.0,35.0,6.0,1.0,1.0,11.0,93.86803,3.0,4.0,0.0,50.0,0.0
89.75689,270.57117,3.0,97.0,21.0,0.0,0.0,96.0,74.53803,6.0,6.0,22.38278,3.0,32.853306,7.5963326,0.0,0.0,11.0,-8.0,5.357947,1.0,0.0,64.0,0.0
84.0,198.71503,2.0,60.38436,31.862288,0.0,0.0,100.0,-7.0,7.0,8.0,31.08848,7.6969414,26.207535,0.0,4.0,4.0,1.0,72.837906,5.4156446,3.0671647,0.0,57.0,0.0
68.61206,93.67948,9.0,98.92888,-9.0,1.0,0.47058317,71.82492,21.227785,6.0,2.0,-0.47520155,1.1261573,-9.0,1.0,0.0,0.0,60.812263,-8.0,1.0,-9.0,0.0,100.0,0.0
74.0,60.479317,2.0,3.0019102,7.0,0.0,0.0,100.0,-7.0,7.0,8.0,8.775324,4.0,53.613625,0.0,2.628256,2.0,42.300213,107.645546,2.0,2.0,1.0,63.290882,0.0
80.20388,149.71756,32.21417,72.0,12.0,0.0,0.0,100.0,-7.0,7.0,8.0,11.187749,0.0,26.0,0.0,2.0,2.0,25.0,-8.0,2.0,1.0,1.0,60.0,0.0
86.88387,343.042,29.678446,160.78343,16.0,0.0,0.0,100.0,-7.0,7.0,8.0,16.0,0.0,27.310116,0.0,1.0,1.0,4.2247887,-8.0,3.0,-8.0,0.0,50.457256,0.0
84.0,133.53899,14.0,64.159805,22.0,0.0,0.0,100.0,-7.0,7.0,8.0,15.0,1.0,29.0,21.328568,0.0,0.0,1.0,-8.0,2.0,1.0,0.0,56.32013,0.0
73.0,276.86554,13.870577,124.37472,12.0,0.0,0.0,100.0,-7.0,7.0,8.0,10.913736,0.0,22.0,0.0,0.0,0.0,65.13107,64.5725,5.0,1.0,3.0,98.04485,0.0
79.0,165.13394,19.896921,68.0,19.0,0.0,0.0,96.0,48.31453,6.0,6.0,15.0,0.0,33.0,0.0,1.0,1.0,8.49713,76.7381,2.0,3.0,0.0,44.0,0.0
80.0,132.21112,-9.0,69.44287,15.0,0.0,0.0,100.0,-7.0,7.0,8.0,15.0,2.0,46.0,0.0,2.0,2.0,17.604103,76.0,4.0,2.0,1.0,100.0,0.0
77.0,203.01813,6.6658287,59.138954,39.638363,0.0,0.0,100.0,-7.0,7.0,8.0,38.049488,2.0,30.0,0.0,4.0,3.0,9.0,19.746508,4.0,1.0,0.0,45.63669,0.0
89.0,189.53938,12.0,97.91189,12.0,0.0,0.0,100.0,-7.0,7.0,8.0,12.568672,0.0,25.0,-7.0,0.0,0.0,0.0,-8.0,1.0,1.0,0.0,25.0,0.0
74.0,138.18332,20.0,83.0,21.0,0.0,0.0,92.0,21.066624,6.0,6.0,18.0,0.0,23.0,-8.0,0.0,0.0,27.325434,94.15813,6.1759667,2.0,0.0,83.888954,0.0
88.83186,252.68907,2.0,81.485504,17.0,0.0,0.0,100.0,-7.0,7.0,8.0,15.0,2.0,42.0,0.0,0.0,0.0,1.0,-8.0,1.0,1.0,0.0,60.0,0.0
89.0,141.10078,3.0,70.975815,19.0,0.0,0.0,100.0,-7.0,7.0,8.0,17.0,3.0,33.0,8.386928,0.0,0.0,9.0,84.01014,4.0,2.0,0.0,70.0,0.0
67.75727,75.2577,5.0,30.252663,34.726124,0.0,0.0,100.0,-7.0,7.0,8.0,47.212852,4.0,22.0,0.0,4.0,3.0,42.25556,82.48993,14.700471,2.0,3.0,60.0,0.0
82.0,182.76909,8.0,67.86889,16.0,0.0,0.0,100.0,-7.0,7.0,8.0,19.850626,2.0,45.0,21.186287,0.0,0.0,18.260216,-8.0,2.0,-5.834367,0.0,33.0,0.0
72.701355,43.86369,1.0441451,39.940975,22.0,1.0,0.0,100.0,75.133736,6.0,3.0,22.0,6.0,33.0,0.0,3.0,3.874708,32.213524,88.544136,7.3846536,2.0,1.0,76.96905,0.0
82.65502,-8.0,6.0,71.0,22.171202,0.0,0.0,100.0,-7.0,7.0,8.0,28.068245,1.0,26.85439,-7.0,1.0,1.0,25.0,-8.0,4.0,1.0,0.0,87.880295,0.0
80.0,165.00026,3.0,58.63539,13.0,0.0,0.0,86.4545,35.734154,6.0,6.0,14.0,1.0,13.0,-7.0,1.0,1.0,0.0,-8.0,0.0,1.0,0.0,29.066883,0.0
78.0,159.23251,2.0,63.0,38.115852,0.0,0.0,96.0,23.448717,6.0,6.0,57.324615,2.0,33.49275,0.0,5.0,5.0,8.672525,38.007435,3.0,6.0,0.0,57.0,0.0
77.0,388.89035,2.0,105.67017,63.23306,0.0,0.0,100.0,-7.0,7.0,8.0,62.25611,3.0,29.8111,-7.0,4.0,4.0546665,21.965794,71.13155,7.0,1.0,1.0,25.0,0.0
87.0,233.95238,5.0,86.0,21.764824,0.0,0.0,100.0,-7.0,7.0,8.0,20.0,1.0703471,33.092976,0.0,1.0,1.0,0.0,6.7352524,1.0,2.0,0.0,34.462593,0.0
71.86642,47.562862,5.0,55.85119,29.0,0.0,0.0,100.0,-7.0,7.0,8.0,23.927408,1.0,39.86403,1.0,3.0,3.0,38.983242,-8.0,5.0,1.0,1.0,91.88212,0.0
88.0,391.71265,64.12443,313.67676,12.0,0.0,0.0,100.0,-7.0,7.0,8.0,16.0,0.0,19.0,0.0,1.0,1.0,0.0,-8.0,1.0,-8.0,0.0,41.043953,0.0
84.0,191.45766,5.0,76.0,39.32694,0.0,0.0,100.0,-7.0,7.0,8.0,46.941914,4.0,43.0,0.0,1.0,1.0,20.146795,61.962265,2.0,3.0,0.0,60.0,0.0
73.0,306.09824,18.404865,105.678474,13.0,0.0,0.0,100.0,-7.0,7.0,8.0,16.0,0.0,24.0,0.0,1.0,1.0,60.884308,55.443047,3.0,2.0,2.0,80.0,0.0
82.0,424.30078,4.0,92.41685,34.0,0.0,0.0,96.33698,73.26781,6.0,6.0,32.0,3.0,22.0,0.0,2.0,2.0,12.011418,-8.0,8.0,2.0,0.0,63.0,0.0
85.0,137.68774,2.0,70.19541,19.189062,0.0,0.0,100.0,-7.0,7.0,8.0,21.0,2.0,77.59924,0.0,5.0,4.92938,9.0,59.59072,2.0,5.0,0.0,88.56371,0.0
-9.0,-9.0,-9.0,-9.0,-9.0,-9.0,-9.0,-9.0,-9.0,-9.0,-9.0,-9.0,-9.0,-9.0,-9.0,-9.0,-9.0,-9.0,-9.0,-9.0,-9.0,-9.0,-9.0,0.0
78.0,465.60114,6.783848,140.37837,18.0,0.0,0.0,100.0,-7.0,7.0,8.0,19.656992,2.0,33.0,0.0,0.0,0.0,57.31284,71.97555,4.0,2.0,2.0,71.0,0.0
54.5679,223.22713,4.0,68.0,34.909775,1.0,0.0,84.457825,22.574787,6.0,5.0,35.0,2.0820413,59.566063,0.0,5.8778796,5.6716843,36.47745,78.41039,6.0,14.856124,3.4804497,80.0,0.0
71.0,209.9665,10.0,99.249374,24.0,0.00087113125,0.0,90.0,40.16975,6.0,3.774172,24.0,0.06109631,31.0,0.0,2.0,2.0,12.0,39.84958,9.650968,2.0,1.0,80.0,0.0
86.0,260.36255,34.754486,119.93819,6.0580344,0.0,0.0,100.0,-7.0,7.0,8.0,9.0,0.0,69.06376,-7.0,0.0,0.0,1.0,64.204025,1.0,1.0,-1.4592291,94.57495,0.0
78.0,394.034,5.0,118.90909,26.0,0.0,0.0,100.0,-7.0,7.0,8.0,27.0,2.0,56.124905,0.0,0.0,0.0,35.373573,-8.0,3.0,-8.0,1.0,47.489445,0.0
72.0,277.0746,1.0,94.0,21.0,0.0,0.0,84.21105,6.0,6.0,6.0,24.0,1.0,26.0,2.0,1.0,1.0,11.280155,97.009094,2.0,2.0,0.0,33.0,0.0
86.48922,348.9522,2.0,85.18514,36.0,0.0,0.0,100.0,-7.0,7.0,8.0,36.64196,2.0,31.0,4.358483,0.0,0.0,2.0,93.0,1.0,3.6546805,0.0,44.005863,0.0
85.0,268.69586,5.0,57.683075,26.0,0.0,0.0,100.0,-7.0,7.0,8.0,22.0,2.0,25.0,2.0,1.0,1.0,3.0,-8.0,3.0,1.0,0.0,53.695717,0.0
90.0,343.9503,23.995234,136.10927,24.0,0.0,0.0,100.0,-7.0,7.0,8.0,33.0,0.0,6.987719,21.578955,0.0,0.0,3.0387416,-8.0,1.0,-8.0,0.0,-9.0,0.0
77.0,280.566,4.0,95.93929,43.224113,0.0,0.0,100.0,-7.0,7.0,8.0,35.639412,4.0,-1.7022036,0.0,2.0,2.0,17.0,31.526363,4.0,2.0,2.0,33.0,0.0
86.34504,150.74684,12.0,61.0,13.211002,0.0,0.0,100.0,-7.0,7.0,8.0,14.0,1.0,21.0,5.0,0.0,0.0,8.702232,-8.0,1.0,1.0,0.0,36.65787,0.0
79.0,142.17796,4.0,75.0,27.0,0.0,0.0,100.0,-7.0,7.0,8.0,31.048409,2.0,48.18332,0.0,4.0,3.0,10.0,81.13332,8.0,4.0,0.0,88.0,0.0
84.0,184.46837,10.0,86.67869,36.0,0.0,0.0,100.0,-7.0,7.0,8.0,39.483864,1.1843035,37.50074,3.0,0.0,0.0,8.0,-8.0,5.0,3.0,0.0,63.0,0.0
65.0,192.01306,4.0,86.0,32.183712,0.0,0.0,84.93309,-0.20121089,0.0,6.0,31.045254,2.0,30.0,0.0,1.0,1.0,52.09264,37.01786,11.0,3.0,1.0,100.0,0.0
-9.0,-9.0,-9.0,-9.0,-9.0,-9.0,-9.0,-9.0,-9.0,-9.0,-9.0,-9.0,-9.0,-9.0,-9.0,-9.0,-9.0,-9.0,-9.0,-9.0,-9.0,-9.0,-9.0,0.0
84.0,341.12018,7.0,88.164055,17.0,0.0,0.0,100.0,-7.0,7.0,8.0,16.0,2.0,43.424843,3.0,0.0,0.0,12.866454,61.107853,6.515449,2.0,0.0,80.0,0.0
82.0,125.69295,1.0,46.054207,12.0,0.0,0.0,100.0,-7.0,7.0,8.0,10.0,2.0,50.0,-7.0,0.0,0.0,14.5396595,49.654507,2.0,3.0,0.0,62.128628,0.0
85.0,396.09897,3.0562296,139.05464,32.6551,0.0,0.0,100.0,-7.0,7.0,8.0,28.0,3.0,41.0,2.0,0.0,0.0,3.0,65.96407,4.0,20.048794,0.0,50.0,0.0
64.0,333.5048,6.0,137.05759,53.529564,1.0,0.0,93.0,5.079893,4.0,6.0,53.501316,2.0,45.10033,0.0,4.3347116,4.0,38.779934,57.991,10.428316,4.0,1.0,63.030792,0.0
74.0,233.27881,7.810036,70.57487,12.072328,1.0,1.0,86.2133,50.586258,6.0,2.3363554,13.0,2.0,81.81891,1.0,0.0,0.0,6.0,34.12031,2.0,2.0,0.0,75.0,0.0
72.0,101.952126,1.0,64.06515,40.486576,0.0,0.0,100.0,-7.0,7.0,8.0,36.98241,2.0,57.73995,1.0,2.0,2.0,49.1498,91.635704,2.0,4.0,0.0,100.0,0.0
79.7611,159.65785,4.0,73.60166,31.0,0.0,0.0,97.0,-7.0,4.0,6.0,37.0,10.510318,54.385628,1.0,2.0,1.0,1.0,70.686485,1.0,3.0,0.0,43.0,0.0
83.0,374.06915,23.680635,82.0,20.0,0.0,0.0,100.0,-7.0,6.0,8.0,38.60606,0.0,32.091568,0.0,0.0,0.0,14.071179,-8.0,3.0,2.0,0.0,80.0,0.0
67.51963,266.5359,4.0,86.7296,39.59332,0.0,0.0,88.32513,0.38476294,2.5591192,6.0,40.44214,2.0,15.0,0.0,2.0,2.0,8.5563,47.41893,4.0,1.0,0.0,27.826906,0.0
-9.0,-9.0,-9.0,-9.0,-9.0,-9.0,-9.0,-9.0,-9.0,-9.0,-9.0,-9.0,-9.0,-9.0,-9.0,-9.0,-9.0,-9.0,-9.0,-9.0,-9.0,-9.0,-9.0,0.0
-9.0,-9.0,-9.0,-9.0,-9.0,-9.0,-9.0,-9.0,-9.0,-9.0,-9.0,-9.0,-9.0,-9.0,-9.0,-9.0,-9.0,-9.0,-9.0,-9.0,-9.0,-9.0,-9.0,0.0
74.628136,269.1405,6.0,83.3587,32.818214,0.0,0.0,100.0,-7.0,7.0,8.0,33.32909,1.0,42.0,1.0,2.0,1.9340471,71.883354,83.58643,3.0,2.0,2.0,90.946106,0.0
74.0,141.82535,9.0,78.563324,3.3960817,0.0,0.0,100.0,-7.0,7.0,8.0,5.526643,0.0,0.0,0.0,0.0,0.0,61.392296,-8.0,4.0,-8.0,4.0,67.0,0.0
90.89056,201.6204,4.0,84.0,31.0,0.0,0.0,100.0,-7.0,7.0,8.0,47.75501,1.0,18.0,16.460535,0.0,0.0,1.0,-8.0,1.0,-8.0,0.0,13.956249,0.0
77.0,142.24124,11.472284,61.0,21.0,0.0,0.0,100.0,-7.0,7.0,8.0,24.0,0.0,18.0,-8.0,0.0,0.0,35.603745,51.941235,4.993713,1.0,1.0,54.69921,0.0
80.0,195.30835,48.119415,99.8106,-4.2464495,0.0,0.0,100.0,-7.0,7.0,8.0,3.9839773,0.0,65.65441,-8.0,0.0,0.0,2.0,-8.0,0.0,-8.0,-9.0,100.0,0.0
61.512863,-9.0,8.0,72.0,6.0,1.0,1.0,68.34181,4.033373,4.0,2.0,13.0,2.0,19.89021,-7.0,0.0,0.0,94.361916,-8.0,2.0,1.0,1.0,100.0,0.0
84.0,414.8122,6.0,137.01953,21.0,0.0,0.0,100.0,-7.0,7.0,8.0,20.0,2.0,19.0,20.634472,0.0,0.0,16.187422,31.753006,4.0,2.0,0.0,56.628616,0.0
83.11658,270.33307,24.704903,100.0,17.0,0.0,0.0,100.0,-7.0,7.0,8.0,25.0,0.0,19.0,5.0,0.0,0.0,1.0,-8.0,2.0,0.28372812,0.0,37.1942,0.0
77.0,218.32361,1.0,64.27396,29.0,0.0,0.0,100.0,-7.0,7.0,8.0,34.143642,4.0,40.0,2.0,2.0,2.0,29.335808,50.27745,6.0,2.0,0.0,50.410088,0.0
80.651886,319.0681,2.0,127.624756,17.307913,0.0,0.0,100.0,-7.0,7.0,8.0,22.779125,2.0,33.871437,0.0,0.0,0.0,19.0,99.10915,2.0,2.0,1.0,75.514595,0.0
84.0,204.1246,4.0,83.0,18.0,0.0,0.0,100.0,-7.0,7.0,8.0,8.0,2.0,20.0,0.0,1.0,1.0,1.0,100.0,3.0,2.0,0.0,43.003487,0.0
64.226715,331.09384,9.0,84.1581,57.89721,0.0,0.0,100.0,5.9975643,5.0,6.0,69.634514,2.0,30.147417,0.0,4.0,4.0,17.0,-8.0,7.0,3.0,2.0,60.0,0.0
83.0,367.44962,1.0,109.0849,26.766434,0.0,0.0,100.0,-7.0,7.0,8.0,26.0,4.0,30.097443,0.0,1.0,1.0,20.941431,98.7581,3.0,2.0,0.0,47.52827,0.0
64.888275,299.49432,2.0,86.0,39.0,0.0,0.0,100.0,-7.0,7.0,8.0,31.660427,3.0,28.0,0.0,1.0,0.0,41.324272,-8.0,4.0,3.0,1.0,80.0,0.0
79.0,211.55635,4.0,80.02005,28.0,0.0,0.0,100.0,-7.0,7.0,8.0,30.459257,3.0,55.428734,8.773764,0.0,0.0,25.567863,88.220764,4.0,3.0,0.0,91.485504,0.0
70.0,130.26971,3.0,-9.0,7.0,0.0,0.0,93.0,31.620028,6.0,6.0,9.0,4.4482923,17.80524,0.0,3.0,3.0,69.444824,-8.0,3.0,1.0,1.0,37.83351,0.0
77.0,313.0164,17.970182,111.61579,20.0,2.0,1.0,86.316696,30.917223,6.0,2.0,23.0,0.0,11.10064,-7.0,0.0,0.0,12.0,-8.0,2.0,1.0,0.0,48.95345,0.0
73.0,179.83046,3.0,65.88098,32.0,0.0,0.0,100.0,-7.0,7.0,8.0,42.59321,3.7706552,32.0,0.0,0.0,0.0,45.92298,97.842224,5.0,3.0,3.834904,57.788742,0.0
80.0,223.14523,6.0,100.0,22.056347,1.0,0.17272365,97.0,57.8273,6.0,4.0,26.445705,1.0,21.623766,6.4540257,0.0,0.0,0.08033747,-8.0,2.0,1.0,0.0,33.0,0.0
79.0,219.35567,25.015936,92.50661,20.0,0.0,0.0,100.0,-7.0,6.0,8.0,24.618467,0.0,12.084921,-7.0582724,0.0,0.0,1.0,-8.0,3.0,1.0,0.0,32.108788,0.0
74.0,144.47658,4.0,69.681496,21.0,0.0,0.0,90.0,12.54361,6.0,6.0,9.0,3.0,38.0,7.9911246,0.0,0.0,0.0,63.336067,1.0,2.0,0.0,26.179619,0.0
73.0,233.91608,2.0,63.0,13.0,0.0,0.0,94.0,16.651503,4.0,6.0,14.9103985,1.0,52.140236,9.0,0.0,0.0,15.48126,73.70077,4.0,2.0,0.0,74.391785,0.0
85.0,140.7145,6.0,111.713196,21.0,0.0,0.0,100.0,-7.0,7.0,8.0,-9.0,3.0,9.717477,4.0,0.0,0.0,13.104352,13.5515585,4.0,1.0,0.0,50.0,2.0
63.478764,233.77005,14.238353,101.906395,19.0,0.0,0.0,59.8817,17.126265,6.0,6.0,22.0,1.0,20.0,0.2133786,1.0,1.0,52.635155,59.760735,6.0,2.0,0.0,80.0,0.0
82.0,253.90823,8.0,82.41504,26.0,0.0,0.0,94.42533,46.84903,6.0,6.0,27.27948,2.0,17.0,12.980945,0.0,0.0,2.0,100.0,3.0,2.0,0.0,41.916702,0.0
84.0,404.34528,4.0,176.95947,28.0,0.0,0.0,92.34191,-7.0,6.0,6.0,31.0,2.0,24.69089,9.193713,0.0,0.0,0.8688328,67.118126,5.0,2.8442945,0.0,50.0,0.0
57.413227,97.921936,11.0,21.093374,8.6483965,0.0,0.0,69.87669,11.355028,6.0,6.0,15.770602,3.0,21.0,0.0,2.0,1.0,18.0,-8.0,4.0,1.0,1.0,60.550945,0.0
78.0,233.58005,1.0,98.24195,33.65796,0.0,0.0,100.0,-7.0,7.0,8.0,37.0,1.1784551,31.0,0.0,1.0,1.0,9.963102,88.0,10.9235325,3.0,0.0,66.12392,0.0
73.0,347.05664,3.0,95.311165,26.0,0.0,0.0,81.54299,-7.0,3.2806451,6.0,30.0,3.0,17.0,2.0,1.0,1.0,11.0,89.425316,4.0,3.0,0.0,40.0,0.0
83.0,273.24677,7.0,83.0,24.0,0.0,0.0,100.0,-7.0,7.0,8.0,28.22346,2.0,19.0,-7.0,2.0,2.0,10.760125,-8.0,4.0,1.0,0.0,50.0,0.0
73.0,103.36111,4.0,64.68516,12.0,0.0,0.0,100.0,-7.0,7.0,8.0,0.1566012,3.0,24.0,0.0,0.0,0.0,50.329853,-8.0,9.0,3.0,2.0,100.0,0.0
81.0,36.095882,7.0,32.169006,8.513423,0.0,0.0,100.0,-7.0,7.0,8.0,13.0,3.0,-1.2365392,0.0,1.0,1.0,11.0,-8.0,2.0,1.0,0.0,55.046978,0.0
79.0,152.03358,20.988895,67.0,10.938367,0.0,0.0,100.0,-7.0,7.0,8.0,16.0,0.0,75.20391,-8.517313,0.0,0.0,59.803955,-8.0,1.0,2.0,0.0,100.0,0.0
81.0,404.8477,8.0,114.063484,24.0,0.0,0.0,92.0,28.66038,6.0,6.0,11.0,1.0,20.0,-7.0,0.0,0.0,16.0,37.425663,3.0,2.0,1.0,60.0,0.0
62.0,288.7289,7.0,90.0,30.450583,1.0,0.0,83.28564,67.46163,6.0,5.0,34.426735,2.0,30.0,3.0,1.0,1.0,54.77775,77.91186,8.0,2.0,4.0,64.28888,0.0
87.93718,227.14256,5.0,85.488014,19.363525,0.0,0.0,100.0,-7.0,7.0,8.0,26.903538,1.0,33.49393,0.0,2.0,2.0,0.79654217,110.95143,1.0,2.0,0.0,64.0,0.0
82.0,64.10458,2.0,60.150463,12.0,0.0,0.0,100.0,-7.0,7.0,8.0,14.319161,2.0,50.0,0.0,2.0,2.0,16.401596,58.09545,2.0,3.0,0.0,67.0,0.0
63.0,156.29918,13.019829,80.54518,12.0,1.0,1.0,93.0,6.014241,0.61067826,6.0,9.0,0.0036559014,13.742653,-7.0,0.0,0.0,22.640223,-8.0,6.480567,1.0,0.0,80.0,0.0
87.0,431.19122,6.0,146.38626,20.139277,0.0,0.0,100.0,-7.0,7.0,8.0,21.0,1.0,24.0,0.0,0.0,0.0,3.0426133,-8.0,1.0,1.0,0.0,75.0,0.0
80.0,202.84074,10.0,104.793304,14.233526,0.0,0.0,92.0,61.899155,6.0,6.0,17.0,0.92624104,46.638477,-7.0,0.0,0.0,51.111423,32.026966,1.0,2.0,0.0,40.979225,0.0
81.0,194.67455,7.0,121.506905,19.58102,0.0,0.0,100.0,-7.0,7.0,8.0,22.0,2.0,51.090282,0.0,2.0,1.0,14.527659,57.637188,2.0,6.0,0.0,60.0,0.0
83.0,179.44382,2.0,83.044685,29.70218,0.0,0.0,96.0,38.739067,6.0,6.0,32.0,2.0,22.187902,-7.0,0.0,0.0,11.0,93.0,3.0,2.0,0.0,36.478382,0.0
86.0,77.65666,18.30988,70.74566,18.0,0.0,0.0,100.0,-7.0,7.0,8.0,5.8656673,0.0,55.948994,23.206284,0.0,0.0,6.0,80.9852,1.0,2.0,0.0,64.0,0.0
74.0,143.87973,12.0,93.17745,21.0,0.0,0.0,97.0,43.87926,6.0,6.0,21.715744,0.0,20.0,0.0,0.0,0.0,35.446026,-8.0,3.0493386,-8.0,2.0,41.77636,0.0
-9.0,-9.0,-9.0,-9.0,-9.0,-9.0,-9.0,-9.0,-9.0,-9.0,-9.0,-9.0,-9.0,-9.0,-9.0,-9.0,-9.0,-9.0,-9.0,-9.0,-9.0,-9.0,-9.0,0.0
-9.0,165.56505,2.0,57.568935,20.0,3.0,3.7010276,86.457115,1.0,-9.0,6.0,24.0,2.9026847,68.76711,0.0,2.0,2.0,62.47418,95.37641,2.0,6.526804,0.0,85.85252,0.0
73.251335,103.95838,3.0,56.826458,28.139208,0.0,0.0,100.0,-7.0,7.0,8.0,24.623106,4.0,33.0,-7.0,2.0,2.0,14.0,90.74349,4.0,3.0,0.0,49.243927,0.0
76.0,310.94568,26.383097,151.50435,14.0,0.0,0.0,88.15149,6.0,6.0,6.0,16.959696,0.0,27.0,-7.0,0.0,0.0,14.0,82.0,3.2510457,2.0,0.0,74.78468,0.0
65.0,-7.9095235,3.549441,29.288715,13.0,4.2195225,0.0,77.174805,1.0,4.0,4.0,16.0,3.0,42.0,-7.0,0.0,0.0,16.397102,95.72497,1.0,3.0,0.0,35.699207,0.0
76.0,171.36665,2.0,82.821594,27.0,1.0,0.0,97.0,40.392628,6.0,4.0,32.0,1.0,42.0,5.0,1.0,1.0,26.447449,-8.0,3.0,1.0,0.0,44.0,0.0
77.35963,188.73366,7.0,57.322773,32.0,0.0,0.0,100.0,-7.0,7.0,8.0,24.0,0.0,26.0,0.0,11.491602,9.503704,6.0,54.088142,3.0,1.0,0.0,29.19505,0.0
76.0,312.53683,20.58592,88.27864,18.0,0.0,0.0,88.581825,12.937382,6.0,6.0,19.0,0.0,8.362739,-0.05588989,0.0,0.0,5.0,81.850365,3.0,1.0,0.0,25.0,0.0
84.0,232.74013,12.0,64.76602,19.340836,0.0,0.0,100.0,-7.0,7.0,8.0,20.996117,1.0,31.0,2.0,0.0,0.0,16.0,90.76581,2.0,2.0,0.0,74.03545,0.0
74.0,109.94246,20.908188,76.0,9.0,0.0,0.0,100.0,-7.0,7.0,8.0,6.678066,0.0,78.228134,2.0,2.0,2.0,-9.0,-8.0,-9.0,1.0,-9.0,100.0,0.0
80.0,225.76231,1.0,100.0,27.0,0.0,0.0,97.0,60.785374,6.0,6.0,13.0,2.0,13.0,0.0,3.0,3.0,21.0,-8.0,10.139183,1.0,1.0,62.8291,0.0
88.5387,173.20699,4.0,98.882774,16.0,0.0,0.0,100.0,-7.0,7.0,8.0,17.318535,2.0144536,17.0,3.0,2.0,2.0,1.0,-8.0,1.0,2.0,0.0,27.489792,0.0
89.0,330.9168,25.171906,110.52174,15.0,0.0,0.0,100.0,-7.0,7.0,8.0,14.0,0.0,37.0,-7.0,0.0,0.0,4.333598,-8.0,1.0,1.0,0.0,35.738728,0.0
70.33454,202.80421,4.0,81.18925,17.094448,2.0,0.0,89.0,6.8332977,6.0,4.0,20.0,1.0,32.0,0.0,0.0,0.0,32.629917,70.81162,4.0,3.0,0.0,71.0,0.0
86.0,756.37756,62.798546,271.48114,11.0,0.0,0.0,100.0,-7.0,7.0,8.0,10.374572,0.0,45.0,4.0,0.0,0.0,0.0,98.51622,-9.0,1.0,-8.686196,40.0,0.0
82.69686,220.74709,3.0,63.0,22.0,0.0,0.0,100.0,-7.0,7.0,8.0,19.0,4.0,29.0,0.0,0.0,0.0,10.766011,-8.0,4.6148562,2.0,0.0,50.0,0.0
74.0,160.49338,5.0,70.35423,37.27011,0.0,0.0,100.0,-7.0,7.0,8.0,55.774467,0.0,25.606222,3.0,0.0,0.0,25.0,-8.0,5.0,1.0,1.0,50.0,0.0
85.0,406.35248,6.0,102.14515,20.0,0.0,0.0,100.0,-7.0,7.0,8.0,21.0,1.0,17.0,0.0,3.0,3.0,6.544228,64.121666,2.0,1.0,0.0,24.651363,0.0
84.782005,379.29865,5.0,137.30078,21.0,0.0,0.0,88.0,23.486042,6.0,6.0,35.0,1.0,30.0,13.607844,0.0,0.0,6.0,-8.0,4.0,2.0,0.0,44.0,0.0
74.0,181.12416,4.4804225,114.21336,59.900143,0.0,0.0,100.0,-7.0,7.0,8.0,31.0,1.0,21.366098,0.0,2.0,1.0,24.001936,-8.0,7.0,2.0,1.0,50.0,0.0
71.26448,266.10083,9.0,84.0,28.0,0.0,0.0,100.0,-7.0,7.0,8.0,33.866573,2.0,22.0,17.820929,0.0,0.0,70.12744,74.60012,3.0,1.0,2.0,40.618896,0.0
70.0,205.49155,20.0,129.68192,13.0,2.0,2.0,86.59,6.625712,4.0,6.0,3.9790747,0.0,9.899481,0.0,0.0,0.0,13.181801,84.01751,3.0,2.0,0.0,60.0,0.0
68.0,140.46234,10.0,58.213764,26.0,1.0,0.0,88.0,17.004446,4.972883,4.562439,18.0,1.0,25.0,-7.0,0.0,0.0,26.54217,-8.0,8.0,1.0,0.0,67.0,0.0
72.10478,311.42664,3.0,95.87059,46.238518,0.0,0.0,100.0,-7.0,7.0,8.0,47.381496,3.0,30.0,0.0,3.0,3.0,48.407497,94.85709,3.0,5.0233564,2.0,55.572903,0.0
67.56587,751.29114,23.075014,298.71133,15.0,0.0,0.0,85.074684,4.0,4.0,6.0,14.0,0.0,24.0,0.0,0.7492779,0.0,53.684677,-8.0,7.0,1.0,1.0,80.0,0.0
76.0,99.05763,8.159408,70.0,8.0,0.0,0.0,90.39053,38.67303,6.0,6.0,8.687451,1.0,64.89519,-7.0,0.0,0.0,22.935596,58.989723,2.0,1.4041393,0.0,100.0,0.0
87.0,209.4111,13.43658,83.0,18.458643,0.0,0.0,100.0,-7.0,7.0,8.0,24.0,0.0,22.039534,0.0,1.0,1.0,20.907578,-8.0,2.0,1.0,0.0,46.605705,0.0
88.0,335.6519,4.0,107.12068,25.265816,0.0,0.0,100.0,-7.0,7.0,8.0,45.505116,4.0,31.0,3.0,3.0,3.0,0.0,-8.0,2.0,1.187194,0.0,28.598656,0.0
62.858047,237.52444,22.071432,81.11608,12.0,3.2003293,3.4627821,83.80697,57.19091,6.0,0.76975226,16.0,0.0,96.04327,-7.0,1.0,1.0,0.0,-8.0,1.0,1.0,-8.0,57.0,0.0
79.0,182.58023,22.774122,76.396904,3.0723834,0.0,0.0,100.0,-7.0,7.0,8.0,6.2984614,0.0,81.45981,0.0,0.0,0.0,59.173016,71.0,0.0,1.0,0.0,86.0,0.0
87.0,196.7958,15.0,91.616646,16.0,0.0,0.0,100.0,-7.0,7.0,8.0,19.0,0.0,19.0,2.0,0.0,0.0,0.0,-8.0,1.0,1.0,0.0,27.748632,0.0
88.45188,359.8561,10.0,114.21455,9.0,0.0,0.0,100.0,-7.0,7.0,8.0,11.0,0.0,25.0,0.0,1.0,0.0,0.0,76.01798,1.0,1.0,0.0,69.21181,0.0
86.0,289.86688,5.0,100.0,26.0,0.0,0.0,100.0,-7.0,7.0,8.0,8.129946,2.0,46.363426,0.0,2.0,2.0,4.0,41.29774,2.0,2.0,0.0,57.0,0.0
74.0,190.64516,8.786992,58.587425,15.0,1.0,0.0,92.461075,53.199417,6.0,5.0,19.0,1.0,30.0,0.0,2.0,2.0,29.183102,98.8188,3.0,2.0,0.0,75.0,0.0
78.0,307.91147,51.125507,170.53525,9.0,0.0,0.0,84.74682,7.748423,6.0,6.0,16.0,0.0,17.36443,-7.2755675,0.0,0.0,22.98988,-8.0,2.0,-8.0,0.0,50.0,0.0
73.0,234.94243,11.0,108.9017,25.0,0.0,0.0,100.0,-7.0,7.0,8.0,26.474707,0.0,14.0,0.0,2.0,1.0,36.0,-8.0,12.708735,1.0,2.0,72.30067,0.0
83.0,429.8868,21.744076,163.7821,23.0,0.0,0.0,100.0,-7.0,7.0,8.0,29.850409,0.0,15.0,0.0,0.0,0.0,5.0,-8.0,3.0,1.0,0.0,73.0,0.0
91.99898,395.46463,26.472002,95.88132,28.0,0.0,0.0,100.0,-7.0,7.0,8.0,30.0,0.0,45.436516,-8.0,0.0,0.0,0.73737025,52.800117,3.0,2.036032,0.0,59.66059,0.0
73.0,228.24995,14.22567,106.93743,19.271107,0.0,0.0,89.61827,-7.0,4.0,6.0,18.0,0.0,56.146564,0.0,0.0,0.0,48.96476,75.57812,4.0,2.0,1.0,77.61138,0.0
68.83084,189.58588,13.0,79.18838,23.808092,2.0,1.3750893,81.776764,2.2483974,4.0,-5.308422,32.0,0.0,12.229612,0.0,5.23024,5.425909,20.866882,-8.0,5.0,1.0,0.0,60.0,0.0
73.0,162.31781,4.0,63.915325,14.0,0.0,0.0,100.0,-7.0,7.0,8.0,12.001523,3.0,25.0,1.0,2.0,2.0,21.0,71.592705,5.5056815,2.0,2.0,54.976543,0.0
74.0,226.77545,2.0,70.35668,31.62894,1.0,1.0,96.49029,29.939653,6.0,3.8027747,29.0,2.0,66.4494,0.0,3.0,3.0,32.78749,-8.0,2.0,4.0,0.0,67.0,0.0
75.0,85.00463,4.0,75.09302,48.17278,0.0,0.0,96.0,23.943563,6.0,6.0,50.69109,1.2473452,56.2424,-7.0,2.0,2.0,36.0,81.85393,2.0,4.860467,0.0,80.0,0.0
81.0,211.93222,2.0,62.532608,27.0,0.0,0.0,100.0,-7.0,7.0,8.0,25.0,2.0,20.0,1.0,2.0,1.0,8.0,-8.0,4.0,2.0,0.0,33.0,0.0
78.51105,190.35684,4.0,103.80421,35.209465,1.8058153,1.0,96.0,44.457558,6.0,2.285041,54.279766,2.0,32.30907,3.0,2.0,2.0,4.0,-8.0,1.0,1.0,0.0,40.778183,0.0
-9.0,-9.0,-9.0,-9.0,-9.0,-9.0,-9.0,-9.0,-9.0,-9.0,-9.0,-9.0,-9.0,-9.0,-9.0,-9.0,-9.0,-9.0,-9.0,-9.0,-9.0,-9.0,-9.0,0.0
56.48657,213.7923,3.0,74.34645,27.25946,2.0156317,2.0,86.0169,10.708128,5.8428745,3.0,30.560581,1.0,47.254284,-7.0,2.0,2.0,34.442345,84.06906,4.0,4.0,1.0,71.59314,0.0
75.03582,171.68336,8.536359,86.5087,43.093235,0.0,0.0,97.0,3.0,4.0,6.0,68.68423,3.0,28.0,0.0,2.0,2.0,1.0,75.4918,2.0,6.0,0.0,73.937584,0.0
70.0,313.61597,2.0,109.60599,9.290216,1.0,1.0,95.0,3.0398552,6.0,6.0,13.0,2.0,20.0,0.0,1.0,1.0,1.0,53.045715,2.0,2.0,0.0,88.0,0.0
86.0,153.57802,10.445084,70.85047,16.941748,0.0,0.0,100.0,-7.0,7.0,8.0,21.0,0.0,41.0,8.0,0.0,0.0,10.0,75.618774,2.0,2.0,0.0,63.54367,0.0
86.0,345.97562,3.0,109.326775,28.0,0.0,0.0,100.0,-7.0,7.0,8.0,47.29727,2.0,33.0,2.0,3.0,2.0,0.0,-8.0,1.0,-8.0,0.0,18.011606,0.0
67.0,143.04536,6.6278386,61.0,35.246063,0.0,0.0,100.0,-7.0,7.0,8.0,47.140778,1.0,36.0,1.2431736,2.0,2.0,48.09111,17.240698,11.0,2.0,4.3440456,83.17774,0.0
81.0,281.37732,5.0,105.630844,13.0,0.0,0.0,100.0,-7.0,7.0,8.0,12.0,1.8167388,45.152367,0.0,3.0,3.0,41.686287,81.70506,3.0,2.0,2.0,100.0,0.0
74.153656,351.14386,2.0,77.91737,37.79852,0.0,0.0,97.0,40.83645,6.0,6.0,38.842445,2.0,46.843174,4.0,2.0,2.0,25.944517,73.88485,4.0,4.0,0.0,100.0,0.0
59.33864,164.97444,16.623579,79.0,26.0,0.65810376,0.0,94.0,24.700146,6.0,6.0,25.0,0.0,35.0,4.0,0.0,0.0,80.99493,-8.0,11.80439,2.0,5.046115,83.0,0.0
73.0,331.5826,14.0,90.0,34.0,0.0,0.0,100.0,-7.0,7.0,8.0,39.25892,0.0,28.0,-9.0,0.0,0.0,59.947227,80.0,6.0,4.0,1.0,67.0,0.0
79.0,201.36635,13.0,63.0,39.214157,0.0,0.0,100.0,-7.0,7.0,8.0,47.550587,0.0,50.0,-7.0,2.0,1.0,10.0,66.11079,5.493331,2.0,0.0,95.30616,0.0
87.79017,267.92917,10.0,110.50858,29.0,0.0,0.0,100.0,-7.0,7.0,8.0,23.214714,0.0,21.730528,14.85639,0.0,0.0,5.0,92.890205,2.0,1.0,0.0,19.13482,0.0
86.0,454.83914,11.0,121.53165,23.0,0.0,0.0,94.0,38.319294,6.0,6.0,28.0,0.0,39.708733,1.0,1.0,1.0,3.0,-8.0,3.0,2.0,0.0,36.305584,0.0
70.0,237.56064,20.0,91.72876,20.0,0.0,0.0,92.0,9.236473,6.0,6.0,21.0,0.0,52.90319,0.0,0.0,0.0,65.545784,62.732494,6.0,2.0,0.0,86.0,0.0
76.0,118.49564,5.8373218,70.498825,28.0,0.0,0.0,100.0,-7.0,7.0,8.0,26.0,1.0,46.338146,0.0,0.0,0.0,42.997887,-8.0,4.0,5.0,1.0,69.42502,0.0
63.114426,184.55312,17.554737,88.350006,9.0,1.0,1.0,67.544205,6.3256755,4.0,4.0,11.0,0.0,16.0,12.0,0.0,0.0,8.4116745,-8.0,3.0,-8.0,0.0,84.86731,0.0
72.0,186.14227,9.0,67.0,15.0,0.0,0.0,100.0,-7.0,4.0,6.0,15.0,1.0,94.868706,0.0,1.0,0.0,-0.15592624,81.41032,-9.0,3.542271,0.0,80.0,0.0
88.14366,182.77101,5.0,104.3956,22.8733,0.0,0.0,100.0,-7.0,7.0,8.0,21.357786,2.0,31.0,-7.0,0.0,0.0,7.646294,-8.0,3.0,1.0,0.0,57.0,0.0
77.0,160.96544,3.0,84.0,30.0,0.0,0.0,100.0,23.798018,6.0,6.0,22.62135,3.0,8.04826,4.0,0.0,0.0,40.14297,72.78488,5.0,3.0,0.0,55.68961,0.0
74.0,149.09329,5.0,69.0521,25.0,0.0,0.0,96.0,4.0,4.0,6.0,22.0,2.0,31.0,0.0,0.0,0.0,3.0,45.95289,3.0,2.0,0.0,43.682053,0.0
67.82999,98.06759,2.7622259,61.59165,25.0,2.0,2.0,100.0,-7.0,0.50175124,6.0,25.0,2.0,31.0,0.0,2.2402444,3.0,23.570208,-8.0,2.0,2.0,0.0,24.690727,0.0
89.81174,190.62961,6.0,98.84721,22.786308,0.0,0.0,100.0,-7.0,7.0,8.0,26.0,2.0,42.776466,-8.0,0.0,0.0,2.7108192,72.485275,2.0,3.0,0.0,67.0,0.0
80.0,66.742836,3.0,91.679405,28.0,0.0,0.0,100.0,-7.0,7.0,8.0,5.1258473,6.0,20.0,0.0,0.0,0.0,8.0,95.18356,10.899795,2.0,1.0,75.0,0.0
77.0,495.63123,15.0,100.055984,21.0,0.0,0.0,100.0,-7.0,7.0,8.0,20.0,0.0,35.0,0.0,0.0,0.0,73.74072,-8.0,3.0,2.0,2.3995724,70.0,0.0
74.0,170.49318,8.0,127.79714,12.563461,4.166683,5.2450466,77.7668,52.390316,6.0,2.0,15.0,1.0,0.0,-7.0,1.0,1.0,11.773051,-8.0,2.0,-8.0,0.0,32.352543,0.0
87.0,166.72002,15.20783,77.0,21.0,0.0,0.0,100.0,-7.0,7.0,8.0,21.0,0.0,33.783737,19.38926,0.0,0.0,4.0,-8.0,1.0,1.0,0.0,50.0,0.0
66.0,176.00557,5.0,52.487026,43.836918,0.0,0.0,100.0,-7.0,6.0,8.0,44.251144,3.0,56.888622,0.0,3.0,3.0,57.74647,64.96444,6.0,18.587553,3.0,83.0,0.0
85.0,288.95273,7.0,134.70724,23.0,0.0,0.0,100.0,-7.0,7.0,8.0,36.70725,1.0,37.891617,1.0,0.0,0.0,19.0,11.650175,4.0,2.0,0.0,70.0,0.0
81.0,192.21548,4.0,68.44326,39.839546,0.0,0.0,94.0,52.711502,6.0,6.0,35.0,2.0,20.0,1.0,4.0,3.0,5.857406,58.263775,4.0,3.0,0.0,33.0,0.0
70.0,167.57704,6.0,88.397995,32.0,0.0,0.0,97.0,59.058918,6.0,6.0,24.0,2.0,40.0,0.0,2.0,2.0,67.23635,87.55296,4.0,4.0,3.0,88.0,0.0
80.0,189.94832,1.5122471,66.644875,24.0,0.0,0.0,100.0,-7.0,7.0,8.0,27.451197,3.0,22.123648,0.0,2.0,2.0,14.49364,89.283646,3.0,2.0,1.0,34.05241,0.0
63.17244,436.99496,2.0,122.60513,29.54518,0.0,0.0,93.0,38.62098,6.0,6.0,37.0,1.0,30.0,0.0,1.0,1.164359,71.69813,-1.3273093,9.0,2.0,5.7038736,75.132866,0.0
68.0,191.46559,15.0,107.87397,12.0,1.0,1.0,100.0,-7.0,6.0,8.0,15.424159,0.0,74.03834,20.509089,0.0,0.0,32.002766,2.1682773,1.0,2.0,0.0,63.0,0.0
81.0,177.81862,9.0,90.68457,14.0,0.0,0.0,100.0,-7.0,7.0,8.0,8.91969,0.011892402,31.0,5.0,0.0,0.0,25.0,-8.0,3.0,1.0,0.0,78.0,0.0
71.0,205.46483,9.0,114.11227,18.0,0.0,0.0,82.13405,14.787651,6.0,6.0,24.0,0.0,28.0,0.0,2.0,2.0,32.0,60.083595,8.203493,2.0,0.0,78.560165,0.0
73.0,261.4806,5.0,84.0,17.0,0.0,1.0,90.0,17.21548,6.0,3.0,16.0,1.0,42.0,-7.0,0.0,0.0,22.927643,-8.0,5.0,1.0,0.0,88.79607,0.0
-9.0,-9.0,-9.0,-9.0,-9.0,-9.0,-9.0,-9.0,-9.0,-9.0,-9.0,-9.0,-9.0,-9.0,-9.0,-9.0,-9.0,-9.0,-9.0,-9.0,-9.0,-9.0,-9.0,0.0
92.83186,163.49507,29.142258,147.00293,7.211209,0.0,0.0,100.0,-7.0,7.0,8.0,5.0947337,0.0,29.0,-7.7317896,0.0,0.0,0.0,-8.0,-9.0,-8.0,0.0,16.022585,0.0
92.976906,272.994,20.257524,114.60247,8.065758,0.0,0.0,100.0,-7.0,7.0,8.0,9.0,0.0,8.529954,23.598555,0.0,0.0,3.0,-8.0,2.0,1.0,0.0,43.0,0.0
78.0,125.297966,10.0,71.45118,17.0,0.0,0.0,100.0,-7.0,7.0,8.0,-9.0,1.0,6.2417073,0.0,1.0,1.0,28.0,-8.0,3.0,1.0,0.0,70.0,0.0
74.0,258.79132,8.0,77.0,23.0,0.0,0.0,100.0,-7.0,7.0,8.0,22.0,2.0,20.0,0.0,0.0,0.0,32.180042,48.54229,5.0,1.0,1.0,67.70443,0.0
87.0,348.07324,6.0,89.53648,37.261444,0.0,0.0,100.0,-7.0,7.0,8.0,43.14233,2.0,-9.0,0.0,1.0,1.0,13.347198,-8.0,3.0,1.0,0.0,25.0,0.0
70.0,169.61102,13.358672,79.0,32.022495,0.0,0.0,100.0,-7.0,7.0,8.0,35.427834,0.0,41.977005,0.0,0.0,0.0,47.94819,88.0,9.0,3.0,1.0,71.0,0.0
73.0,252.53053,12.96961,85.83438,28.0,0.0,0.0,83.18307,24.260954,6.0,6.0,29.0,0.0,14.0,4.0,2.0,2.0,13.254796,-8.0,6.505643,-8.0,1.0,53.14135,0.0
64.64778,165.37022,3.0,65.0,17.0,2.0,0.0,82.01672,7.912865,6.0,3.9709015,21.0,3.0,62.112595,-7.0,0.0,0.0,28.552227,81.04328,3.0,2.0,1.0,62.5587,0.0
77.0,120.37967,3.0,69.80189,19.0,0.0,0.0,100.0,-7.0,7.0,8.0,19.0,1.1997026,35.0,0.0,1.0,1.0,56.463837,93.227875,2.0,3.0,0.0,94.131645,0.0
88.0,191.21135,6.0,104.46175,22.86867,0.0,0.0,100.0,-7.0,7.0,8.0,20.0,2.0,19.0,-7.0,0.0,0.0,1.0,-8.0,5.0,1.0,0.0,50.0,0.0
86.0,165.64699,7.0,97.39216,20.0,0.0,0.0,100.0,-7.0,7.0,8.0,22.0,2.0,21.0,21.925537,0.0,0.0,5.9250517,-8.0,4.0,2.0,0.0,71.0,0.0
-9.0,213.68831,6.0,83.95531,48.529823,1.0,1.0,100.0,-7.0,-9.0,5.0,42.636932,2.0,33.0,0.0,5.0,5.0,70.9513,-8.0,10.768737,2.0,2.0,77.53063,0.0
83.0,233.87222,12.83676,74.0,21.0,0.0,0.0,100.0,-7.0,7.0,8.0,42.13652,1.0,18.0,0.0,0.0,0.0,42.302845,-8.0,2.0,1.0,1.0,42.387,0.0
76.850975,155.56645,2.0,58.0,22.624992,0.0,0.0,100.0,-7.0,7.0,8.0,26.0,3.0,36.0,0.0,2.9888484,2.2056441,25.496418,59.887707,1.0,4.0,1.0,44.0,0.0
74.0,101.964264,6.0,61.0,22.0,0.0,0.0,96.0,76.61823,6.0,6.0,24.0,2.0,18.608267,0.0,4.0,3.7858214,47.99365,-8.0,7.2565384,1.0,0.0,75.0,0.0
81.0,321.0841,64.92338,176.08786,9.343734,2.0,1.0,69.29348,35.0698,6.0,1.5245298,12.0,0.0,18.0,0.0,1.0,1.0,7.0,-8.0,1.0,1.0,0.0,50.0,0.0
83.0,219.2451,3.0,75.51737,39.66769,0.0,0.0,100.0,-7.0,7.0,8.0,50.314117,2.0,18.0,8.655656,0.0,0.0,11.0,60.694115,4.0,2.0,0.0,38.17124,0.0
57.287086,183.4877,7.0,72.970314,18.0,2.0,1.0,68.05434,3.0,3.0,3.5390477,28.0,1.0,25.0,0.0,1.0,1.0,18.0,-8.0,2.0,1.0,0.0,45.497135,0.0
79.0,170.18266,3.0,67.0,25.0,0.0,0.0,100.0,-7.0,7.0,8.0,22.0,2.0,24.632187,-8.0,0.0,0.0,32.356873,85.49239,4.0,4.0,1.4166336,63.797115,0.0
72.0,149.26343,12.0,67.93369,17.0,0.0,0.0,100.0,-7.0,7.0,8.0,20.0,0.0,49.119175,-7.0,0.0,0.0,73.18909,88.0,2.0,4.0,1.0,80.0,0.0
82.0,242.62161,5.0,46.106934,20.0,0.0,0.0,100.0,-7.0,7.0,8.0,19.070114,3.0,25.0,1.1519887,2.0,2.0,4.0,-8.0,1.0,1.0,0.0,-9.0,0.0
75.0,102.29094,3.0,46.50456,15.0,0.0,0.0,100.0,-7.0,7.0,8.0,11.0,4.0,0.0,0.0,2.0,2.0,14.066651,64.34764,5.0,3.0,1.0,45.679237,0.0
88.0,154.43907,122.809784,109.59995,-9.0,0.0,0.0,100.0,-7.0,7.0,8.0,-5.7377257,0.0,49.294243,-8.0,0.0,0.0,3.0,-8.0,1.0,1.0,0.0,74.418205,0.0
85.0,84.284355,1.0,70.536736,14.0,0.0,0.0,100.0,-7.0,7.0,8.0,6.940603,3.0,37.529385,0.0,1.0,1.0,5.0,-8.0,3.0,2.0,0.0,83.0,0.0
77.0,149.4509,6.0,80.0,40.077003,0.0,0.0,100.0,-7.0,7.0,8.0,26.896267,1.3959157,8.36588,0.0,5.56126,5.0,3.0,-8.0,3.0,1.0,0.0,-9.0,0.0
81.0,302.35254,4.0,67.0,12.329511,0.0,0.0,94.0,30.918379,6.0,6.0,12.0,4.0,16.544313,1.9441643,2.0,2.0,0.020032246,-8.0,1.0,-8.0,0.0,40.0,0.0
78.0,234.46855,7.138461,80.0,21.419128,0.0,0.0,100.0,-7.0,7.0,8.0,13.0,3.0,15.821799,1.0,0.0,0.0,33.00607,-8.0,4.0,1.0,1.0,29.819178,0.0
72.77382,300.5915,3.0,64.99227,39.107395,0.0,0.0,96.807495,68.2605,6.0,6.0,36.93443,3.0,15.596271,2.0,0.0,0.0,23.950802,52.948505,5.0,1.0,3.0,30.365652,0.0
80.0,88.33224,20.0,79.55005,12.0,0.0,0.0,100.0,-7.0,7.0,8.0,10.366966,0.0,14.644848,-7.0,0.0,0.0,56.836975,-8.0,2.0,1.0,0.0,60.0,0.0
63.0,291.73373,2.0,111.92667,18.0,0.0,0.0,69.41327,11.415827,5.914939,6.0,19.0,1.0,30.0,0.0,2.0,2.0,19.146011,51.044823,2.0,4.0,1.0,63.0,0.0
-9.0,-9.0,-9.0,-9.0,-9.0,-9.0,-9.0,-9.0,-9.0,-9.0,-9.0,-9.0,-9.0,-9.0,-9.0,-9.0,-9.0,-9.0,-9.0,-9.0,-9.0,-9.0,-9.0,0.0
78.0,269.15732,4.0,94.0,44.88219,0.0,0.0,100.0,-7.0,7.0,8.0,44.855053,4.0,52.12987,0.0,6.5601006,5.807857,16.393085,69.5684,5.0,6.074985,1.0,75.0,0.0
77.0,126.89669,-9.0,22.167612,18.0,0.0,0.0,100.0,-7.0,7.0,8.0,33.540665,4.0,57.030342,0.0,3.0,3.0,44.66199,51.6216,2.0,3.0,0.0,67.0,0.0
68.733444,119.20159,4.0,27.416588,19.0,0.0,0.68535084,100.0,-7.0,7.0,8.0,19.234285,3.0,27.768217,-7.0,0.0,0.0,40.846844,74.145485,5.0,4.0,2.0,70.16606,0.0
62.91088,366.38422,5.0,133.23885,16.0,0.0,0.0,82.645935,33.31513,6.0,6.0,21.0,1.0,21.370028,-7.0,0.0,0.0,85.621544,82.0,7.5135164,2.0,3.0,91.779976,0.0
67.0,272.0912,2.0,69.79253,19.0,3.089849,2.6585605,88.0,28.647367,6.0,2.0211718,21.0,4.0,33.0,1.0,2.0,3.0,46.861397,64.56827,3.0,6.0,1.0,77.206726,0.0
66.58053,-9.0,6.0,23.558285,9.0,0.0,0.0,100.0,-7.0,7.0,8.0,0.20035197,3.0,22.0,0.0,0.0,0.0,58.43957,21.38597,4.0,3.0,4.0,78.0,0.0
76.0,62.44089,18.717453,36.947765,12.0,0.0,0.0,100.0,-7.0,7.0,8.0,14.0,0.0,14.0,0.0,2.0,2.0410292,23.719637,-8.0,5.5111527,1.0,0.0,58.0,0.0
65.0,166.28871,3.0,45.497116,30.0,1.0,1.0,97.0,4.0,-9.0,6.0,27.217237,5.0,21.104322,0.0,3.0,2.472437,40.93225,56.276463,6.0,2.0,1.0,51.781757,0.0
76.035805,196.22137,24.70624,84.03063,30.0,0.0,0.0,100.0,-7.0,7.0,8.0,29.0,0.0,54.226772,-8.0,0.0,0.0,23.926123,25.663256,4.0,4.0,1.0,78.0,0.0
86.09862,-9.0,7.0,71.0,27.887396,0.0,0.0,100.0,-7.0,7.0,8.0,4.932881,1.0,42.0,-8.0,0.0,0.0,11.0,74.69964,3.0,3.0,0.0,53.904728,0.0
85.0,173.28737,2.0,118.74264,18.0,0.0,0.0,100.0,-7.0,7.0,8.0,8.531464,2.0,6.4643893,0.0,0.0,0.0,9.498732,-8.0,4.0,-8.0,0.0,52.22092,0.0
78.20593,177.41826,3.0,74.0,24.0,0.0,0.0,100.0,-7.0,7.0,8.0,33.0,2.0,68.18251,0.0,2.0,2.0,44.85761,92.974815,1.0,3.0,0.0,88.0,0.0
74.0,219.91563,7.0,99.85417,32.444927,0.0,0.0,93.0,13.396507,6.0,6.0,27.216711,1.0,23.388369,-7.0,1.0,1.0,0.0,60.834015,1.0,4.0,0.0,43.0,0.0
76.0,297.31943,8.0,102.47758,37.82601,0.0,0.0,94.0,17.171286,6.0,6.0,35.942005,1.050042,17.0,1.0,0.0,0.0,9.0,-8.0,5.0,1.0,0.0,33.0,0.0
78.0,119.21953,5.0,80.33836,13.0,0.0,0.0,93.92943,36.805325,6.0,6.0,14.0,1.0,47.0,5.292881,0.0,0.0,23.023418,-8.0,2.0,2.0,0.0,78.0,0.0
65.57571,271.15784,6.0,74.01099,21.0,0.0,0.0,95.0,11.058536,6.0,6.0,19.0,2.0,27.81686,2.0,0.0,0.0,68.13921,118.82406,6.0,2.0,1.0,79.16841,0.0
87.0,125.52237,4.0,93.476685,17.0,0.0,0.0,100.0,-7.0,7.0,8.0,13.431503,1.0,46.0,-7.0,0.0,0.0,4.244441,84.01786,2.0,3.0,0.0,100.0,0.0
80.0,142.35248,5.0,53.649353,30.846867,0.0,0.0,100.0,-7.0,7.0,8.0,32.55045,5.0,27.0,1.0,3.0,3.0,10.276811,76.61786,5.0,2.0,0.0,80.99498,0.0
69.21913,176.90874,2.0,70.0,43.92746,0.0,0.0,100.0,-7.0,7.0,8.0,39.148434,3.0,35.0,3.0,2.0,2.0,49.696316,57.718555,8.740455,3.0,3.0,67.0,0.0
66.0,148.49011,2.0,80.0,20.0,1.0,1.0,81.57235,30.976927,6.0,3.9036925,8.0,2.0,69.24621,0.0,3.0,3.0,20.019876,41.83747,4.870295,11.378124,0.0,95.140274,0.0
75.0,169.36263,15.863164,67.0,23.0,0.0,0.0,97.0,51.726562,6.0,6.0,24.0,0.0,22.0,-7.0,0.0,0.0,14.121255,-8.0,3.0,1.0,2.0,43.354053,0.0
80.0,248.43039,2.0,144.9176,10.0,0.0,0.0,82.163345,12.305298,4.0,6.0,16.0,0.0,39.0,7.153128,0.0,0.0,1.0,-8.0,1.0,2.0,0.0,38.0,0.0
72.0,179.63672,3.0,102.884125,25.0,0.0,0.0,86.6982,-7.0,0.39632314,6.0,22.0,1.0,24.0,-7.0,0.0,0.0,14.227246,69.724205,1.0,4.0,0.0,63.0,0.0
55.204147,110.858795,2.0,44.662037,24.0,1.0,0.0,90.58226,5.9919815,4.0,5.0,29.06115,2.0,8.993979,0.0,3.0,2.0,93.03189,64.76487,10.35762,1.209942,6.699033,75.0,0.0
87.0,182.73251,43.536003,109.06643,18.0,0.0,0.0,100.0,-7.0,7.0,8.0,15.0,0.0,1.7590612,0.0,0.0,0.0,22.269299,-8.0,3.0,-8.0,0.0,19.502956,0.0
79.0,247.98997,7.0,79.0878,42.22319,0.0,0.0,100.0,-7.0,0.053182878,6.0,34.0,1.0,20.0,-7.0,0.0,0.0,19.0,19.9659,4.0,2.0,0.0,57.0,0.0
80.0,149.6989,4.0,46.94137,28.0,0.0,0.0,100.0,-7.0,7.0,8.0,32.292454,1.0,44.0,2.0,1.0,1.0,21.0,-8.0,6.0,1.0,0.0,50.0,0.0
86.0,408.3174,27.638218,157.81526,25.0,0.0,0.0,100.0,-7.0,7.0,8.0,29.641571,0.0,7.0067787,0.0,0.0,0.0,3.0,16.12814,4.0,1.0,0.0,31.854809,0.0
76.0,81.419014,7.8426404,71.0,11.062584,0.0,0.0,100.0,-7.0,7.0,8.0,13.0,2.0,16.080088,2.0,0.0,0.0,47.397118,-8.0,2.0,1.0,0.0,44.0,0.0
78.0,139.48834,5.0,68.0,27.0,1.0,1.0,95.0,69.2678,6.0,3.7386143,26.0,2.0,33.0,0.0,1.0,0.0,3.0,-8.0,2.0,1.0,0.0,33.0,0.0
85.0,285.84894,13.37426,119.42392,10.837869,0.0,0.0,89.85356,71.97007,6.0,6.0,13.0,1.0,35.38757,0.0,0.0,0.0,14.0,-8.0,2.0,1.0,0.0,83.31266,0.0
84.0,157.00415,32.98218,88.69249,10.0,0.0,0.0,100.0,-7.0,7.0,8.0,11.0,0.0,43.151546,15.701016,0.0,0.0,42.469406,-8.0,2.0,1.0,1.0,82.50605,0.0
79.0,257.76413,4.0,103.302,46.73204,1.0,0.0,94.0,25.169748,4.817714,5.0,48.49528,2.0,42.779522,1.0,3.0,3.0,4.328459,100.0,3.0,2.0,0.0,50.02887,0.0
84.0,193.98456,30.487764,88.52182,12.0,0.0,0.0,100.0,-7.0,7.0,8.0,8.668514,0.0,17.0,-7.0,0.0,0.0,35.20367,-8.0,3.0,-8.0,1.0,60.0,0.0
-9.0,-9.0,-9.0,-9.0,-9.0,-9.0,-9.0,-9.0,-9.0,-9.0,-9.0,-9.0,-9.0,-9.0,-9.0,-9.0,-9.0,-9.0,-9.0,-9.0,-9.0,-9.0,-9.0,0.0
91.0,628.8895,34.98719,306.3738,19.0,0.0,0.0,100.0,-7.0,7.0,8.0,26.0,0.0,13.60594,-7.2878137,0.0,0.0,0.8008399,-8.0,4.0,-8.0,0.0,44.0,0.0
79.34141,220.02165,6.0,83.71957,28.0,0.0,0.0,100.0,-7.0,7.0,8.0,27.0,1.0,33.0,0.0,1.0,1.0,12.810195,-8.0,4.0,1.0,0.0,50.0,0.0
79.0,204.27641,36.485622,136.97707,28.0,1.0,1.0,89.53389,7.428121,6.0,5.0,37.785336,0.0,20.0,4.0,0.0,0.0,1.0,-8.0,6.0,1.0,0.0,50.0,0.0
68.61832,149.79852,7.0,72.0,36.0,0.0,0.0,100.0,-7.0,7.0,8.0,32.0,2.0,38.18408,0.0,2.0,1.0,56.56615,63.231342,5.0,2.0,1.0,64.0,0.0
67.0,420.1562,15.0,104.681305,8.906535,1.0,1.0,88.92421,37.043327,6.0,2.0,9.877815,0.0,-9.0,1.0,1.0,1.0,79.46027,-8.0,5.0,-1.9525403,3.9324217,80.0,0.0
67.0,147.34996,8.0,54.309437,29.0,0.0,0.0,85.71486,18.633131,6.0,6.0,37.92445,1.0,25.0,4.0,2.0,2.0,21.659477,93.0,4.0,2.0,1.0,60.0,0.0
91.0,342.4434,41.181355,112.29773,12.0,0.0,0.0,100.0,-7.0,7.0,8.0,14.851701,0.0,34.57926,0.0,1.0,0.0,1.0,60.36722,1.0,2.0,0.0,46.711903,0.0
74.0,184.8615,1.0,60.580803,33.337555,0.0,0.0,100.0,-7.0,7.0,8.0,-9.0,8.080863,24.0,0.0,3.0,2.0,21.91333,78.31639,8.038886,4.0,0.0,67.0,0.0
78.0,353.27713,13.0,103.44729,19.0,0.0,0.0,92.0,-1.2514939,5.0,6.0,31.0,2.0,11.0,4.0,1.0,1.0,8.0,-8.0,2.0,1.0,0.0,38.0,0.0
85.0,164.14946,5.0,81.0,37.55844,0.0,0.0,100.0,-7.0,7.0,8.0,41.20039,3.0,20.0,2.0,0.0,0.0,6.2328997,-8.0,5.0,2.0,0.0,44.0,0.0
74.285286,144.12363,9.129048,43.681324,30.0,0.0,0.0,100.0,-7.0,7.0,8.0,28.0,1.2075949,14.0,1.0,0.0,0.0,17.466583,-8.0,5.0,2.0,0.0,50.0,0.0
75.0,370.712,1.0,93.60254,31.0,0.0,0.0,96.0,32.169235,6.0,6.0,30.0,3.0,29.0,8.312896,1.0,1.0,29.343464,-8.0,2.0,1.0,0.0,47.93588,0.0
75.0,131.2496,8.0,63.0,28.0,1.0,1.0,93.0,35.645103,6.0,5.0,28.0,1.0,11.527714,0.0,0.0,0.0,1.0,-8.0,1.0,1.0,0.0,33.0,0.0
81.0,225.672,17.0,100.0,16.954725,0.0,0.0,100.0,-7.0,7.0,8.0,15.0,0.0,68.40083,21.21085,0.0,0.0,69.33446,82.13132,1.0,3.0,2.3271337,80.0,0.0
88.0,191.93669,8.0,76.6829,23.0,0.0,0.0,100.0,-7.0,7.0,8.0,22.117085,1.0,24.0,0.0,0.0,0.0,3.0,74.42407,2.0,2.0,0.0,40.70352,0.0
57.570427,382.6113,39.16386,110.58652,11.0,0.0,0.0,85.09868,6.046026,3.0,6.0,13.0,0.0,38.0,3.0,0.0,0.0,64.708244,-8.0,1.0,1.0,1.0,79.62528,0.0
87.0,187.01648,35.855637,78.06855,-9.0,0.0,0.0,100.0,-7.0,7.0,8.0,8.0,0.0,14.0,0.0,1.0,1.0,3.0,-8.0,2.0,1.0,0.0,61.42627,0.0
76.0,186.15154,2.0,59.009777,26.238552,0.0,0.0,100.0,-7.0,7.0,8.0,27.0,4.0,34.357307,0.0,2.0,2.0,19.74167,87.36625,5.0,5.3956614,1.0,67.0,0.0
75.0,150.95874,8.0,68.0,19.0,0.0,0.0,100.0,-7.0,7.0,8.0,20.268219,1.0,43.433193,13.697518,0.0,0.0,70.525505,37.38165,4.995865,3.0,2.0,100.0,0.0
81.0,187.43692,5.0,79.0,46.633476,0.0,0.0,100.0,-7.0,7.0,8.0,34.82209,2.0,35.0,1.0,0.0,0.0,28.144606,-8.0,2.0,1.0,0.10838344,42.01456,0.0
68.31906,391.47803,16.0,91.82192,25.0,0.0,0.0,88.0,11.325484,6.0,6.0,26.0,0.0,-9.0,-8.0,0.0,0.0,36.0,-8.0,5.0,-8.0,3.0,54.76712,0.0
65.0,155.37589,9.0,86.572586,27.0,1.0,0.0,86.34115,5.00841,6.0,6.0,32.0,1.0,21.0,0.0,2.0,2.0,39.82842,91.41718,5.920112,6.0,2.0,75.0,0.0
73.0,-8.0,-9.0,56.28242,24.0,0.0,0.0,100.0,-7.0,7.0,8.0,7.9677596,3.0,21.001514,0.0,4.0,4.0,33.705795,-8.0,7.0,3.0,1.0,77.87251,0.0
68.0,194.50139,11.0,77.82387,9.0,2.0,2.0,79.22135,27.06705,6.0,3.0,8.512068,0.0,18.509285,-8.0,0.0,0.0,66.813034,-8.0,3.0,1.0,1.0,75.0,0.0
88.0,411.82227,3.0,122.33775,25.0,0.0,0.0,100.0,-7.0,7.0,8.0,28.0,2.0,55.391754,0.0,0.0,0.0,0.0,36.704174,2.0,1.0,0.0,43.0,0.0
72.42022,259.0146,3.0,71.0,33.625793,1.0,0.0,94.0,29.453777,6.0,5.0,38.20932,2.0,7.475634,6.556286,0.0,0.0,23.70112,90.334175,6.026353,2.0,1.0,76.44959,0.0
81.0,114.793465,104.376976,99.43412,10.826986,0.0,0.0,94.0,14.0225725,6.0,6.0,6.839709,0.0,13.0,5.0,0.0,0.0,13.0,-8.0,2.8179934,-8.0,0.0,37.608887,0.0
81.1596,152.01334,4.0,93.64536,16.0,0.0,0.0,96.406044,63.85567,6.0,6.0,15.0,1.0,46.0,22.79211,0.0,0.0,4.9358892,96.19192,1.0,2.0,0.0,50.0,0.0
57.060024,372.0009,7.0,130.17375,16.183455,1.0,1.0,77.51644,-7.0,-9.0,2.0,18.0,1.0,9.6155815,-7.0,0.0,0.0,25.0,72.19465,7.0,1.0,0.0,57.0,0.0
77.0,230.36449,5.0,80.3388,36.934772,1.0,0.0,100.0,55.419266,6.0,3.0,38.525375,2.2607203,63.783024,12.330471,0.0,0.0,30.018326,83.89774,4.0,4.150782,0.0,67.0,0.0
86.0,390.7793,1.0,98.58195,66.36191,0.0,0.0,100.0,-7.0,7.0,8.0,73.12624,4.0,56.400684,0.0,3.1154637,4.0,2.0,-8.0,4.9814334,2.0,0.0,44.0,0.0
83.0,203.79958,4.0,77.39495,19.0,0.0,0.0,99.635056,38.039463,6.0,6.0,25.0,2.0,27.0,-8.0,0.0,0.0,16.39903,-8.0,2.0,1.0,0.0,40.31012,0.0
82.0,155.89377,2.0,64.46436,19.0,0.0,0.0,95.0,30.783478,6.0,4.3885503,15.0,1.0,25.6568,-8.0,0.0,0.0,12.325029,80.0,2.0,2.0,0.0,60.0,0.0
-9.0,-9.0,-9.0,-9.0,-9.0,-9.0,-9.0,-9.0,-9.0,-9.0,-9.0,-9.0,-9.0,-9.0,-9.0,-9.0,-9.0,-9.0,-9.0,-9.0,-9.0,-9.0,-9.0,0.0
88.0,182.08795,4.0,86.0,22.0,0.0,0.0,100.0,-7.0,7.0,8.0,22.0,4.0,48.81557,7.0,3.0,2.0,10.064827,100.0,1.0,1.0,0.0,29.830832,0.0
62.0,206.48552,2.0,41.467377,10.670444,1.0,1.0,90.0,51.526306,6.0,2.4680746,16.0,6.375726,52.48906,0.0,5.0,5.0,20.639359,10.34124,5.0,2.0,0.0,80.8549,0.0
83.0,325.51337,11.0,120.111336,28.0,0.0,0.0,100.0,-7.0,7.0,8.0,23.0,0.0,53.471012,0.0,0.0,0.0,15.569249,77.23648,2.0,5.0,0.0,67.0,0.0
70.00516,170.84686,1.0,84.0,13.0,1.0,0.0,90.79807,19.435919,6.0,5.0,17.0,2.0,28.0,0.0,2.0,1.0,25.381355,-8.0,2.0,1.0,0.0,40.496628,0.0
82.0,315.77756,5.0,102.09587,20.0,0.0,0.0,100.0,-7.0,7.0,8.0,20.54087,1.0,8.611377,-7.0,0.0,0.0,19.57997,-8.0,5.0,1.0,2.0,57.0,0.0
65.0,156.23373,9.455029,62.63121,14.0,1.6796039,1.0,70.64623,12.045038,-5.654576,2.0,17.0,1.0,40.56855,12.8963585,0.0,0.0,37.808174,75.061066,1.0432074,3.0,0.0,60.0,0.0
90.0,305.81308,35.424973,138.79901,4.0983753,0.0,0.0,100.0,-7.0,7.0,8.0,-9.0,0.0,20.019299,-7.0,0.0,0.0,14.312552,-8.0,0.0,-4.6343513,0.0,100.0,0.0
81.0,84.85497,5.0,63.77245,10.825432,0.0,0.0,80.82551,6.0,6.0,6.0,7.554532,1.0,55.330387,0.0,1.0,1.0,0.7894914,99.81739,1.0,1.0,0.0,87.96072,0.0
74.0,180.28764,9.0,82.513405,48.116684,1.0,1.0,99.20266,36.124905,6.0,2.0,51.683704,1.0,31.0,3.0,2.866121,3.0,22.963606,-8.0,4.0,3.0,0.0,50.0,0.0
83.0,452.40067,27.512344,247.81801,25.0,0.0,0.0,100.0,-7.0,7.0,8.0,29.067902,0.0,24.0,0.0,1.0,1.0,15.121922,-8.0,2.0,2.0,3.0,33.0,0.0
71.0,166.19942,11.0,70.81357,8.0,0.0,0.0,92.0,40.887966,6.0,6.0,9.0,1.0,12.347468,0.0,0.0,0.0,40.877823,-8.0,1.0,1.0,1.0,60.0,0.0
79.0,237.01231,11.0,137.137,8.0,2.0,2.0,90.869255,43.146545,6.0,2.0,8.0,0.0,35.0,-8.0,0.0,0.0,1.0,-4.492956,1.0,1.0,0.0,67.0,0.0
60.86695,241.24504,12.0,72.0,32.417313,0.0,0.0,94.07638,4.6781974,6.0,6.0,26.0,1.0,36.0,0.0,0.0,0.0,61.65081,52.087772,8.0,3.0,6.4062676,68.12865,0.0
85.0,235.22067,17.0,104.85057,24.0,0.0,0.0,100.0,-7.0,7.0,8.0,4.9679317,1.0,40.0,7.5145392,0.0,0.0,7.499437,-8.0,2.0,2.0,0.0,71.0,0.0
86.73654,289.78204,5.0,104.68632,12.840104,0.0,0.0,100.0,-7.0,7.0,8.0,14.0,0.0,43.0,0.0,2.0,2.0,1.0,-8.0,2.0,2.0,0.0,71.0,0.0
-9.0,-9.0,-9.0,-9.0,-9.0,-9.0,-9.0,-9.0,-9.0,-9.0,-9.0,-9.0,-9.0,-9.0,-9.0,-9.0,-9.0,-9.0,-9.0,-9.0,-9.0,-9.0,-9.0,0.0
88.29395,378.06458,2.0,117.45221,24.822058,0.0,0.0,100.0,-7.0,7.0,8.0,28.707254,2.0,42.0,1.0,3.0,3.0,1.0,-8.0,3.0,1.0,0.0,45.100494,0.0
-9.0,-9.0,-9.0,-9.0,-9.0,-9.0,-9.0,-9.0,-9.0,-9.0,-9.0,-9.0,-9.0,-9.0,-9.0,-9.0,-9.0,-9.0,-9.0,-9.0,-9.0,-9.0,-9.0,0.0
65.0,149.9178,3.0,61.0,33.0,1.0,0.0,93.0,30.11984,6.0,2.4499488,31.0,4.0,32.2313,0.0,5.0,5.023967,46.50851,56.663452,6.0,2.0,2.0,70.89058,0.0
76.0,227.0602,2.0,97.03404,25.0,0.0,0.0,96.0,-7.4694595,6.0,6.0,9.791674,2.0,24.939762,-7.0,4.397998,4.0016656,41.303024,80.0,3.0,3.0,0.0,50.0,0.0
66.60479,143.26402,11.492288,103.380875,34.0,0.0,0.0,100.0,-7.0,7.0,8.0,37.0,1.0,30.0,-7.0,1.0,1.0,64.79336,76.890305,11.871905,3.0,6.6419673,86.0,0.0
71.0,182.26764,16.0,97.0,18.0,0.0,0.0,89.0,20.834337,6.0,6.0,24.0,0.0,42.608257,-8.0,0.0,0.0,41.849182,57.211758,7.0,1.928831,1.0,83.0,0.0
77.0,161.97115,3.0,77.0,30.0,0.0,0.0,96.0,6.361679,6.0,6.0,38.0,2.0,24.0,0.0,5.0,5.0,1.0,93.0,2.0,2.0,0.0,43.972584,0.0
73.0,147.22989,-9.0,65.57414,10.0,1.0,1.0,86.619865,8.073871,4.0,3.5776377,16.0,2.246223,17.0,4.0,1.0,1.0,8.773544,-8.0,3.0,1.0,0.0,68.77778,0.0
68.0,311.57025,3.0,86.29356,25.0,0.0,0.0,100.0,-7.0,7.0,8.0,26.0,1.0,33.0,-7.0,1.0,1.0,79.25282,80.0,5.4724307,4.0,4.0,87.14322,0.0
70.0,116.611275,2.0,63.011837,17.010048,0.0,0.0,100.0,-7.0,7.0,8.0,19.0,2.5378926,45.0,3.0,0.0,0.0,29.529987,93.0,2.0,6.427657,0.0,75.33339,0.0
86.0,217.2325,4.0,105.21103,10.0,0.0,0.0,100.0,-7.0,7.0,8.0,10.870665,1.0,18.0,0.0,2.0,2.0,8.0,-8.0,1.0,-8.0,0.0,44.0,0.0
69.0,197.95282,1.0,93.0,25.0,1.0,1.0,95.0,35.064613,6.0,4.9939322,34.0,6.0,35.45859,0.0,4.0,4.0,4.0,52.14645,1.0,3.0,0.0,43.0,0.0
72.38649,147.25035,2.3685975,45.874966,17.0,0.0,0.0,100.0,-7.0,7.0,8.0,19.0,5.0,23.0,1.0,2.0,1.0,8.0,89.51157,2.0,1.0,0.0,50.0,0.0
-9.0,-9.0,-9.0,-9.0,-9.0,-9.0,-9.0,-9.0,-9.0,-9.0,-9.0,-9.0,-9.0,-9.0,-9.0,-9.0,-9.0,-9.0,-9.0,-9.0,-9.0,-9.0,-9.0,0.0
84.0,237.4872,7.0,84.650795,27.329353,0.0,0.0,100.0,-7.0,7.0,8.0,26.69281,1.0,28.82654,14.5969095,0.0,0.0,3.0,-8.0,3.0,1.0,0.0,71.0,0.0
77.0,327.33682,2.0,74.253365,27.0,0.0,0.0,100.0,-7.0,7.0,8.0,27.0,4.0,41.80355,0.0,6.566588,6.3497496,22.982838,41.83251,2.0,2.0,0.0,43.0,0.0
82.88373,300.5691,13.0,109.54883,19.0,0.0,0.0,100.0,-7.0,7.0,8.0,21.0,0.0,46.310238,0.0,0.0,0.0,59.620796,80.0,2.0,3.0,-8.0,76.0254,0.0
75.09912,264.77423,1.0,100.7404,34.0,1.0,1.0,91.0,16.311455,4.0,5.0,29.594055,3.0,15.0,5.0,0.0,0.0,11.0,6.0840306,7.0,2.0,0.0,47.843792,0.0
76.0,165.96666,5.0,101.32328,39.0,0.0,0.0,100.0,-7.0,7.0,8.0,40.046516,3.0,38.0,0.0,0.0,0.0,32.868866,84.04004,5.0,3.0,3.0,67.0,0.0
77.35665,177.85442,2.0,16.644688,9.76224,0.0,0.0,100.0,-7.0,7.0,8.0,12.13905,3.0,17.0,-7.751332,0.0,0.0,11.0,12.977155,6.0,3.0,0.0,73.0,0.0
86.0,193.3511,8.0,102.13331,21.0,0.0,0.0,100.0,-7.0,7.0,8.0,20.0,1.0,65.177536,-7.0,0.0,0.0,22.71247,86.41094,3.0,3.0,0.0,83.40604,0.0
64.095825,159.6491,5.0,66.88491,39.0,0.0,0.0,94.36707,5.017914,6.0,6.0,44.13207,2.0,35.0,0.0,3.0,3.0,51.29423,-8.0,4.0,1.0,3.4202037,56.0,0.0
84.0,182.96458,-9.0,105.09902,19.0,0.0,0.0,100.0,-7.0,7.0,8.0,12.0,2.0,26.349066,-8.0,1.0,1.0,20.678148,-8.0,9.0,3.0,0.0,75.0,0.0
71.0,269.53262,2.7597558,74.0,40.175148,0.0,0.0,100.0,-7.0,7.0,8.0,63.44379,2.0,56.06733,0.0,2.0,2.0,31.67765,71.0,6.0,12.254622,1.0,100.0,0.0
70.0,199.55862,-5.25879,67.16378,30.0,0.0,0.0,97.0,50.89415,6.0,6.0,37.0,6.9642487,35.0,0.0,6.6232905,6.497477,4.619932,100.0,5.588575,5.0,0.0,60.0,0.0
83.87469,30.787,7.0,76.0,12.0,0.0,0.0,80.53559,39.734783,6.0,6.0,7.0,1.0,53.932896,-7.0,1.0,1.0,1.0,-8.0,2.0,1.0,0.0,63.0,0.0
87.0,222.25325,18.398272,93.62499,27.182627,0.0,0.0,100.0,-7.0,7.0,8.0,42.610138,0.0,56.00519,3.0,0.0,0.0,0.0,77.3825,1.0,2.0,0.0,50.0,0.0
-9.0,-9.0,-9.0,-9.0,-9.0,-9.0,-9.0,-9.0,-9.0,-9.0,-9.0,-9.0,-9.0,-9.0,-9.0,-9.0,-9.0,-9.0,-9.0,-9.0,-9.0,-9.0,-9.0,0.0
-9.0,-9.0,-9.0,-9.0,-9.0,-9.0,-9.0,-9.0,-9.0,-9.0,-9.0,-9.0,-9.0,-9.0,-9.0,-9.0,-9.0,-9.0,-9.0,-9.0,-9.0,-9.0,-9.0,0.0
88.30173,392.80154,10.0,117.06664,18.0,0.0,0.0,100.0,-7.0,7.0,8.0,22.0,1.0,22.139177,7.0,0.0,0.0,13.0,76.0,6.0,2.0,0.0,43.314857,0.0
71.0,202.00922,2.0,76.0,19.0,3.708243,4.524368,88.0,29.56606,5.0,5.0,24.0,4.0,24.0,-7.0,0.0,0.0,11.0,21.91907,4.0,2.0,0.0,50.0,0.0
-9.0,-9.0,-9.0,-9.0,-9.0,-9.0,-9.0,-9.0,-9.0,-9.0,-9.0,-9.0,-9.0,-9.0,-9.0,-9.0,-9.0,-9.0,-9.0,-9.0,-9.0,-9.0,-9.0,0.0
68.0,122.42372,5.0,79.0,28.0,0.0,0.0,89.05943,3.8253803,4.0,6.0,29.952559,3.0,65.62904,0.0,0.0,0.0,57.728474,82.0,4.9334774,2.0,1.0,92.81423,0.0
90.16602,290.55188,6.696161,110.11251,15.0,0.0,0.0,100.0,-7.0,7.0,8.0,12.320312,1.0,15.023238,20.720606,0.0,0.0,4.0,-8.0,1.3717372,1.0,0.0,25.0,0.0
80.0,243.94077,1.0,79.933235,29.776058,0.0,0.0,95.0,53.035442,6.0,6.0,32.0,3.0,12.363082,-7.0,0.0,0.0,21.0,-8.0,6.0,1.0,1.0,54.93449,0.0
89.0,139.30031,7.0,115.81218,24.0,0.0,0.0,100.0,-7.0,7.0,8.0,7.0,1.0,-9.0,-7.0,0.0,0.0,4.292939,-8.0,5.0,1.0,0.0,50.0,0.0
82.0,152.21301,5.0,79.82112,43.37515,0.0,0.0,100.0,-7.0,7.0,8.0,57.498783,4.0,58.79423,-7.0,2.0,2.0,18.751303,93.92156,2.0,2.0,0.0,71.0,0.0
90.0,199.90231,12.794434,152.05968,18.0,0.0,0.0,100.0,-7.0,7.0,8.0,9.0,0.0,40.01701,8.0,1.0,0.0,2.0,70.11484,1.0,3.0,0.0,35.793224,0.0
79.0,69.1445,20.0,53.065002,8.669285,0.0,0.0,100.0,-7.0,7.0,8.0,12.0,0.0,75.02889,-7.0,0.0,0.0,3.1840346,-8.0,1.0,1.0,0.0,61.099773,0.0
82.0,191.34062,10.738836,96.63011,24.0,0.0,0.0,100.0,-7.0,7.0,8.0,26.0,0.0,10.148505,0.0,0.0,0.0,16.0,87.81603,2.0,2.0,0.0,50.0,0.0
88.0,203.53096,5.0,80.0,25.0,0.0,0.0,96.76008,-9.0,6.0,6.0,29.0,3.0,5.1543603,6.618293,0.0,0.0,0.096316315,-8.0,4.0,1.0,0.0,30.855602,0.0
74.0,408.2468,3.0,119.975655,27.0,0.0,0.0,94.0,33.284424,6.0,6.0,21.483438,2.0,27.01808,3.0,1.0,1.0,28.0,22.142454,4.0,2.0,0.0,40.0,0.0
66.0,45.14974,7.0,37.149223,20.0,0.0,0.0,100.0,-7.0,7.0,8.0,22.0,10.142302,32.0,0.0,4.0,3.0,51.42928,100.0,3.0,3.0,2.0,57.137386,0.0
82.0,190.46532,4.0,71.0,21.0,0.0,0.0,94.75205,42.098648,6.0,6.0,19.738379,4.0,13.2651005,-7.0,0.0,0.0,8.0,-8.0,5.0,1.0,0.0,53.107643,0.0
72.0,158.09239,2.0,59.774616,28.0,3.0950835,0.0,85.84911,37.88158,6.0,4.0,31.0,3.0,47.0,0.0,0.0,0.0,23.189594,88.86593,4.0,4.0,0.0,67.0,0.0
85.0,300.18405,105.979576,184.57652,19.0,0.0,0.0,95.0,42.16399,6.0,6.0,21.316391,0.0,20.0,13.935491,0.0,0.0,0.0,-8.0,-9.0,1.0,0.0,25.0,0.0
72.0,170.7812,8.0,55.385338,30.0,0.0,0.0,100.0,-7.0,7.0,8.0,31.0,3.0,31.0,0.0,1.0,1.0,36.990227,78.88838,3.0,2.0,0.0,57.0,0.0
75.0,267.92673,2.0,76.0,23.786417,0.0,0.0,97.0,10.404781,6.0,6.0,25.104319,1.0,22.0,-7.0,0.0,0.0,15.0,71.11679,8.0,1.0,0.0,83.0,0.0
84.0,152.38829,6.0,46.678173,10.0,0.0,0.0,100.0,-7.0,4.0,8.0,14.0,2.0,56.78528,11.424727,0.0,0.0,8.0,31.807451,2.0,1.0,0.0,52.25033,0.0
-8.589807,190.72284,1.0,94.0,14.0,2.831924,2.4697902,73.88121,-7.0,-9.0,6.0,19.0,1.0,19.835966,-7.0,3.0,3.0,6.0,-8.0,3.0,7.4025702,0.0,78.97244,0.0
78.953735,85.43616,6.0,45.933502,15.096721,0.0,0.0,100.0,-7.0,7.0,8.0,16.0,0.0,42.791714,0.0,0.0,0.0,22.404161,-8.0,3.0,3.0,0.0,66.45676,0.0
82.0,216.66678,22.516642,92.0,25.0,0.0,0.0,100.0,-7.0,4.0,7.8650584,22.00367,0.0,42.0,18.686699,0.0,0.0,10.0323715,53.18858,1.0,2.0,0.0,75.0,0.0
79.0,186.02617,5.0,74.0,56.66697,0.0,0.0,100.0,-7.0,7.0,8.0,59.292835,0.6492062,45.0,0.0,5.0,5.0,13.173646,62.995495,5.0,3.0,0.0,100.0,0.0
80.0,150.60143,16.0,83.70312,10.0,0.0,0.0,100.0,-7.0,7.0,8.0,13.504459,0.0,38.0,0.0,2.0,2.0,35.57432,-8.0,1.0,1.0,0.0,52.49479,0.0
62.83705,187.77397,11.0,77.0,29.0,0.0,0.0,90.06494,4.0,6.0,6.0,29.0,0.0,67.52436,0.0,0.0,0.0,92.07565,48.402145,5.0,2.0,2.0,80.0,0.0
76.0,67.21334,7.3736873,35.34608,6.2363997,0.0,0.0,100.0,-7.0,7.0,8.0,8.0,1.0,24.0,0.0,2.0,2.0,12.0,-8.0,1.0,-8.0,0.0,40.0,0.0
86.0,348.52994,40.17684,125.72935,13.69283,0.0,0.0,100.0,-7.0,7.0,8.0,12.0,0.0,39.0,0.0,0.0,0.0,4.0,-8.0,3.0,1.0,0.0,50.0,0.0
-9.0,-9.0,-9.0,-9.0,-9.0,-9.0,-9.0,-9.0,-9.0,-9.0,-9.0,-9.0,-9.0,-9.0,-9.0,-9.0,-9.0,-9.0,-9.0,-9.0,-9.0,-9.0,-9.0,0.0
69.92342,336.1053,3.0,109.14889,39.80598,0.0,0.0,94.0,-7.0,0.0,6.0,38.0,1.0,32.516888,0.0,2.0,1.9038184,30.915728,-8.0,9.747045,3.0,1.0,64.49197,0.0
83.0,171.60924,4.0,76.61922,24.0,0.0,0.0,91.0,24.71792,6.0,6.0,24.0,1.0,48.969685,-8.0,0.0,0.0,0.0,93.0,1.0,2.0,0.0,49.4843,0.0
-9.0,-9.0,-9.0,-9.0,-9.0,-9.0,-9.0,-9.0,-9.0,-9.0,-9.0,-9.0,-9.0,-9.0,-9.0,-9.0,-9.0,-9.0,-9.0,-9.0,-9.0,-9.0,-9.0,0.0
77.0,213.87558,18.671312,88.55866,5.0334225,0.0,0.0,100.0,-7.0,7.0,8.0,7.0,0.0,57.274467,0.0,1.0,1.0,4.9635124,84.722885,1.0,2.0,-9.0,70.94332,0.0
75.0,143.15405,24.25541,91.47172,18.0,1.0,1.0,100.0,-7.0,7.0,8.0,21.0,0.0,34.815723,21.639074,0.0,0.0,32.38584,-8.0,2.0,1.0,0.0,50.0,0.0
82.0,309.61676,27.166533,92.81417,24.0,0.0,0.0,96.0,2.0,6.0,6.0,26.0,0.0,33.0,1.0,1.0,1.0,1.0,-8.0,2.0,2.0,0.0,40.685177,0.0
72.0,414.1907,11.625197,121.06296,29.311758,0.0,0.0,100.0,-7.0,7.0,8.0,26.0,0.0,41.978374,3.0,1.0,1.0,71.774796,76.33513,8.478571,2.0,2.0,100.0,0.0
82.0,199.34749,17.954964,70.33947,21.0,0.0,0.0,100.0,-7.0,7.0,8.0,24.0,0.0,27.0,-7.0,0.0,0.0,10.0,62.620335,2.0,2.0,0.0,60.0,0.0
-9.0,-9.0,-9.0,-9.0,-9.0,-9.0,-9.0,-9.0,-9.0,-9.0,-9.0,-9.0,-9.0,-9.0,-9.0,-9.0,-9.0,-9.0,-9.0,-9.0,-9.0,-9.0,-9.0,0.0
80.0,413.83252,9.0,85.37036,25.0,0.0,0.0,96.0,76.05475,6.0,6.0,28.0,1.0,50.0,1.0,0.0,1.0,60.0044,65.27574,4.0,3.7908967,0.0,100.0,0.0
88.67401,362.27298,17.992413,80.9108,6.209557,0.0,0.0,100.0,-7.0,7.0,8.0,9.0,0.0,61.65215,4.6457324,0.0,0.0,2.0,36.743305,1.0,2.0,0.0,82.98322,0.0
80.0,281.52222,10.0,90.0,24.0,0.0,0.0,100.0,-7.0,7.0,8.0,32.0,2.0,35.0,-8.0,0.0,0.0,33.034103,-8.0,1.0,1.0,0.0,48.093052,0.0
66.0,146.869,7.0,75.74566,25.50987,0.0,0.0,96.0,22.571732,6.0,6.0,24.0,1.0,10.393777,-7.0,0.0,0.0,41.518303,-8.0,8.0,2.0,1.0,67.0,0.0
74.41134,146.0686,10.0,77.09237,25.248236,2.0,3.457042,95.0,56.87962,6.0,3.0,26.0,1.0,22.61572,-7.0,0.0,0.0,14.0,47.52815,4.0,3.0,0.0,57.0,0.0
64.97373,287.21,6.0,68.0,17.0,0.0,0.0,80.515,4.0,6.0,6.0,18.0,1.0,65.04612,-7.0,1.0,1.0,36.0,99.80374,2.0,4.0,0.0,80.0,0.0
84.895,187.67259,16.937767,86.28613,22.0,0.0,0.0,100.0,-7.0,7.0,8.0,29.453524,1.0,19.054174,0.0,0.0,0.0,25.515673,-8.0,2.0,1.0,0.0,33.758514,0.0
80.0,427.31134,23.681034,138.68785,22.0,0.0,0.0,97.0,7.0027924,6.0,6.0,32.0,0.0,47.94969,-8.0,0.0,0.0,42.88744,84.01774,5.0,3.0,0.0,75.0,0.0
71.24656,147.48534,18.026768,65.0,18.309748,2.7624876,1.7259914,91.0,56.33305,6.0,2.0,16.058647,0.0,14.0,0.0,3.4804327,3.0,9.282559,67.351875,2.0,2.0,0.0,33.0,0.0
90.0,140.1741,22.813889,109.20055,8.0,0.0,0.0,100.0,-7.0,7.0,8.0,2.1294749,0.0,56.639275,13.121368,0.0,0.0,11.0,63.16835,2.0,2.0,0.0,90.051384,0.0
73.01516,182.81859,4.0,61.0,6.1587696,0.0,0.0,100.0,-7.0,7.0,8.0,8.0,3.0,45.0,2.0,1.0,1.0,52.0015,78.11824,2.0,2.0,0.0,100.0,0.0
74.0,187.64691,1.3888893,66.64608,18.0,0.0,0.0,91.40632,16.124926,6.0,6.0,21.423862,3.0,35.0,1.0,3.0,3.0,1.0,-8.0,3.0,2.0,0.0,50.0,0.0
78.0,225.47327,8.0,84.47285,23.0,1.0,2.0,97.0,17.618748,6.0,2.0,25.0,1.0,19.0,0.0,0.0,0.0,1.0,-8.0,2.0,-8.0,0.0,-9.0,0.0
75.0,209.0333,2.0,77.0,36.884457,0.0,0.0,95.041176,10.502049,6.0,6.0,43.612286,1.0,39.0,0.0,2.0,2.0,2.0,63.691006,4.0,4.0,0.0,57.083004,0.0
71.0,112.38459,17.0,76.0,20.0,1.0,0.0,86.88133,40.496803,6.0,5.0,19.0,0.0,65.111305,0.0,0.0,0.0,91.05975,88.0,2.0,3.0,1.0,83.41427,0.0
67.54747,224.81824,12.04396,92.88365,22.0,0.0,0.0,90.0,29.522247,6.0,6.0,22.0,1.0,52.741642,-7.0,2.0,1.8366913,40.45139,54.555412,3.0,2.0,0.0,58.0,0.0
75.0,170.21774,9.0,81.0,21.985321,0.0,0.0,96.0,68.02152,6.0,6.0,26.0,1.0,38.0,4.2341433,0.0,0.0,6.9510703,-8.0,1.0,2.0,0.0,43.0,0.0
74.0,314.3563,-9.0,105.46604,40.218727,0.0,0.0,100.0,-7.0,6.151598,8.0,48.85177,4.0,38.0,2.0,1.0,1.0,33.888794,91.253685,6.0,5.2204046,0.0,67.0,0.0
78.21268,183.73355,4.0,82.0,51.010178,0.0,0.0,100.0,-7.0,7.0,8.0,59.799065,2.0,25.275993,0.0,0.0,0.0,20.87455,63.07685,4.0,4.0,0.0,43.4563,0.0
82.582436,170.53659,23.320492,103.017105,18.0,0.0,0.0,100.0,-7.0,7.0,8.0,19.0,0.0,69.93451,8.0,0.0,0.0,28.264603,71.0,2.968311,4.0,0.0,90.40749,0.0
75.0,131.5891,28.947426,129.27094,12.0,0.0,0.0,89.48048,32.800896,6.0,6.0,10.0,0.0,28.0,-8.0,0.0,0.0,56.125286,-8.0,3.0,1.0,1.0,63.606564,0.0
71.0,655.22784,5.0,113.89492,40.592854,2.0,1.0,89.0,40.78664,6.0,4.0,49.68519,2.0,31.0,2.0,1.0,1.0,23.332672,91.14932,9.0,2.0,0.0,63.0,0.0
61.77872,225.11232,10.0,87.65826,21.0,1.0,0.0,82.53031,2.8387878,4.0,5.0,21.04436,1.0,39.451088,-7.0,0.0,0.0,51.79322,44.78999,6.0,3.3149292,1.0,67.0,0.0
65.3374,164.59666,13.637234,68.76625,26.0,0.0,0.0,100.0,-7.0,7.0,8.0,26.0,0.0,28.0,-7.9689274,0.0,0.0,86.912964,-8.0,7.0,2.0,4.0,72.52251,0.0
87.57215,165.54964,12.454054,77.0,19.64933,0.0,0.0,100.0,-7.0,7.0,8.0,4.939389,0.0,38.677757,-7.0,0.0,0.0,7.1935477,-8.0,2.0,1.0,0.0,50.0,0.0
85.08696,264.4306,12.0,116.18431,24.0,0.0,0.0,100.0,-7.0,7.0,8.0,18.0,0.0,14.810669,6.3585,0.0,0.0,7.0,-8.0,7.0,1.0,1.0,77.66334,0.0
66.0,162.65436,2.0,63.0,39.0,0.0,0.0,100.0,-7.0,7.0,8.0,34.0,2.0,27.0,0.0,2.0,2.0,66.54847,48.977753,7.0,4.0,3.0,100.0,0.0
75.0,221.30748,8.0,111.397415,37.101196,0.0,0.0,100.0,-7.0,7.0,8.0,42.67253,1.0,50.0,-3.035382,0.0,0.0,35.22508,49.738544,3.0,2.0,0.0,64.0,0.0
87.0,257.96027,46.858253,130.13539,29.1371,0.0,0.0,100.0,-7.0,7.0,8.0,34.0,0.0,9.255792,0.0,0.0,0.0,5.0,-8.0,5.0,-8.0,0.0,40.0,0.0
57.63804,115.11821,3.0,-9.0,16.0,0.0,0.0,94.0,12.984392,3.0,6.0,19.0,6.485051,33.0,0.0,1.0,1.0,66.982025,82.0,4.0,4.329754,1.0,80.0,0.0
83.65914,276.02423,1.0,74.0,49.39935,0.0,0.0,100.0,-7.0,7.0,8.0,82.97253,3.0,36.0,-7.0,3.0,2.0,4.0,-8.0,1.0,1.0,0.0,29.92698,0.0
70.130646,405.41562,31.30685,105.84452,7.0,0.0,0.0,89.0,8.855191,6.0,6.0,11.054977,0.0,26.0,0.0,0.0,0.0,46.436676,-8.0,4.0,1.0,0.0,73.0,0.0
72.0,206.80551,13.0,88.1177,29.716902,0.0,0.0,100.0,-7.0,7.0,8.0,44.307644,0.68837047,33.0,9.0,0.0,0.0,51.95416,67.76353,7.0,3.0,4.0,80.0,0.0
83.18616,370.23456,20.096668,259.983,22.0,0.0,0.0,100.0,-7.0,7.0,8.0,21.081032,0.0,54.348286,0.0,0.0,0.0,0.0,30.010113,1.0,1.0,0.0,32.764416,0.0
83.0,284.9669,5.0,127.756836,25.0,0.0,0.0,100.0,-7.0,7.0,8.0,29.242361,2.0,18.470177,-7.0,0.0,0.0,22.984085,81.91544,9.341635,2.0,0.0,75.0,0.0
72.0,245.13332,14.0,146.93718,15.0,0.0,0.0,89.0,12.794469,5.0,6.0,4.8771286,0.0,33.0,6.1693215,2.0,1.0,0.0,88.72972,1.0,2.0,0.0,50.0,0.0
75.0,183.1363,18.57987,73.37981,27.52374,0.0,0.0,97.0,48.55243,6.0,6.0,28.0,0.0,35.0,0.0,0.0,0.0,17.781296,66.76494,2.0,4.5149527,0.0,50.0,0.0
73.0,118.380775,0.38422462,55.163105,21.0,0.0,0.0,100.0,-7.0,7.0,8.0,24.0,3.0,33.0,1.0,2.0,2.7535453,45.858734,95.13445,5.0,2.0,2.0,74.39022,0.0
74.70935,408.8972,2.0,96.090065,26.0,0.0,0.0,100.0,-7.0,7.0,8.0,34.0,4.9385443,23.155827,0.0,4.0,4.0,40.801517,50.509304,3.0,2.0,1.0,46.237194,0.0
83.0,42.155396,5.0,63.005745,16.0,0.0,0.0,100.0,-7.0,7.0,8.0,21.0,1.0,29.0,0.0,0.0,0.0,2.0,-8.0,3.0,2.0,0.0,67.0,0.0
72.0,152.02376,2.0,67.0,30.0,0.0,0.0,97.0,19.496183,6.0,6.0,30.008451,3.0,33.0,0.0,0.0,0.0,40.889652,52.96921,7.0,5.0,0.0,68.58985,0.0
76.0,137.61394,11.0,85.94698,17.981209,0.0,0.0,100.0,-7.0,7.0,8.0,18.0,1.0,45.126984,0.0,2.0,1.0,26.630148,57.356396,2.0,2.0,0.0,67.0,0.0
-9.0,-9.0,-9.0,-9.0,-9.0,-9.0,-9.0,-9.0,-9.0,-9.0,-9.0,-9.0,-9.0,-9.0,-9.0,-9.0,-9.0,-9.0,-9.0,-9.0,-9.0,-9.0,-9.0,0.0
79.0,151.49666,4.0,50.99723,19.0,0.0,0.0,100.0,-7.0,7.0,8.0,19.0,2.0,43.028885,5.0,1.0,0.0,22.315762,84.66745,5.0,3.0,0.0,71.0,0.0
79.0,396.94998,28.929977,112.18727,20.0,0.0,0.0,91.26,9.057197,6.0,6.0,21.0,0.0,27.223808,0.0,0.0,0.0,7.0,-8.0,2.0,2.0,0.0,51.727024,0.0
72.0,488.9138,6.0,103.153336,39.71555,2.0,0.0,94.67396,50.936005,6.0,3.0,39.795174,4.0,17.0,0.0,0.0,0.0,11.0,58.69128,8.0,2.0,2.0,43.0,0.0
82.0,367.69067,2.0,115.46802,14.0,0.0,0.0,95.0,78.25868,6.0,6.0,15.0,2.0,20.0,-7.0,3.0,3.0,1.0,-8.0,1.0,-8.0,0.0,33.0,0.0
75.66184,226.38919,5.333677,86.0,28.0,0.0,0.0,99.57883,7.7569637,6.0,6.0,29.083124,1.0,33.432312,14.172386,0.0,0.0,1.0,82.0,2.0,2.0,0.0,47.609818,0.0
79.0,254.28108,5.449573,58.360172,36.0,0.0,0.0,100.0,-7.0,7.0,8.0,37.501938,5.0,24.945255,-7.0,2.0,2.0,12.0,88.31218,4.0,3.0,0.0,46.4372,0.0
78.0,477.82196,2.0,76.0,39.0,0.0,0.0,100.0,24.630846,6.0,6.0,36.40457,6.0,30.0,0.0,13.750574,11.348192,8.0,76.93496,6.0,4.0,0.0,50.221317,0.0
-9.0,-9.0,-9.0,16.16352,-9.0,-9.0,-9.0,-9.0,-9.0,-9.0,-9.0,-9.0,-9.0,-9.0,-9.0,-9.0,-9.0,-9.0,-9.0,-9.0,-9.0,-9.0,-9.0,0.0
77.42749,372.38977,17.0,122.36506,23.672693,0.0,0.0,100.0,-7.0,7.0,8.0,27.0,0.0,89.7736,-7.0,0.0,0.0,29.21699,78.09328,6.0,1.0,0.0,100.0,0.0
62.44837,264.7249,41.018646,144.14769,15.0,0.0,0.0,88.22102,14.797897,6.0,6.0,15.0,0.0,40.36695,0.0,2.0,2.0,17.121357,-8.0,3.0,3.0,1.0,70.0,0.0
58.265293,161.71387,7.0,60.120384,28.0,3.0614917,2.0,76.95482,8.408897,4.496456,5.0,38.419907,1.0,27.384153,1.0,0.0,0.0,89.458435,48.828312,9.0,2.0,2.0,88.49076,0.0
81.0,199.69643,3.0,77.0,28.0,0.0,0.0,100.0,-7.0,7.0,8.0,32.983597,1.0363965,38.0,1.0,2.0,2.0,11.0,49.766956,2.0,2.2237217,1.0,50.0,0.0
79.0,145.20287,10.0,65.0,19.248875,0.0,0.0,100.0,-7.0,7.0,8.0,18.0,1.0,53.252438,0.0,0.0,0.0,18.0,76.0,4.0,5.513297,1.0,64.21652,0.0
72.0,174.81346,8.0,116.18831,22.0,1.0,1.0,100.0,-7.0,7.0,8.0,22.0,1.0,42.0,-7.0,0.0,0.0,59.34968,78.448296,2.0,5.23895,0.0,79.89435,0.0
83.0,155.01422,9.192253,62.354084,16.0,0.0,0.0,100.0,-7.0,7.0,8.0,18.0,2.0,11.469908,-7.0,3.0,2.0,11.873907,-8.0,2.0,-8.0,0.0,17.853788,0.0
84.0,327.45267,2.0,70.02641,40.381866,0.0,0.0,97.0,37.064465,6.0,6.0,54.204536,10.47967,42.903465,7.0,3.0,3.0,4.512263,-8.0,4.0,1.0,0.0,43.0,0.0
-9.0,-9.0,-9.0,-9.0,-9.0,-9.0,-9.0,-9.0,-9.0,-9.0,-9.0,-9.0,-9.0,-7.199845,-9.0,-9.0,-9.0,-9.0,-9.0,-9.0,-9.0,-9.0,-9.0,0.0
80.0,160.1291,3.0,41.297245,11.916818,0.0,0.0,100.0,-7.0,7.0,8.0,12.494662,2.0,30.0,-7.0,0.0,0.0,11.0,65.66704,4.0,1.0,0.0,60.0,0.0
78.0,138.77603,33.261276,83.0,15.0,0.0,0.0,100.0,-7.0,7.0,8.0,16.0,0.0,47.0,-7.0,0.0,0.0,36.776066,-8.0,3.0,1.0,1.0,50.0,0.0
88.95414,162.99477,2.0,84.8201,16.1387,0.0,0.0,100.0,-7.0,7.0,8.0,18.0,3.0,31.724915,0.0,2.0,2.0,3.0,-8.0,3.0,1.0,0.0,40.0,0.0
89.0,372.22833,17.0,103.736786,15.0,0.0,0.0,100.0,-7.0,7.0,8.0,17.0,0.0,44.0,8.081512,0.0,0.0,6.263312,58.764053,2.0,1.0,0.0,30.116558,0.0
74.0,186.80843,2.0,55.028427,32.0,0.0,0.0,100.0,-7.0,7.0,8.0,50.06546,10.874476,30.0,-8.0,2.0,1.0,68.93688,74.37442,6.0,4.0,1.0,71.0,0.0
81.0,241.0461,1.0,64.18029,15.01271,0.0,0.0,95.0,70.720085,6.0,6.0,15.0,3.0,44.565876,1.101685,0.0,0.0,6.4793415,82.98897,2.0,2.0,0.0,50.0,0.0
62.0,181.68114,4.0,72.0,38.632057,3.0,2.7905884,84.96029,34.933384,6.0,5.0,55.88525,1.0,49.523857,18.890322,0.0,0.0,42.69853,45.586594,4.201226,2.0,0.0,81.871445,0.0
73.0,366.10855,4.0,110.85891,16.0,0.0,0.0,82.69416,25.363977,6.0,6.0,12.41948,1.0,26.0,0.0,5.0,5.0,0.0,51.65125,1.0,2.0,0.0,44.0,0.0
83.0,162.55844,27.073465,111.65164,21.0,0.0,0.0,100.0,-7.0,7.0,8.0,12.018368,0.0,22.0,2.7624328,1.0,0.0,17.0,-8.0,3.0,1.0,0.0,51.915596,0.0
76.0,302.0289,20.0,104.35202,17.0,0.0,0.0,100.0,-7.0,7.0,8.0,26.000296,0.0,49.170956,17.08294,0.0,0.0,44.100613,17.132536,6.0,1.0,0.0,86.0,0.0
68.0,205.9964,9.0,104.294495,42.11835,0.0,0.0,95.0,18.664598,6.0,6.0,33.0,1.0,25.0,6.0,1.0,1.0,4.0,18.248446,5.0,2.0,0.0,50.0,0.0
66.0,139.63188,12.0,90.0,10.402155,3.0,0.0,36.87793,11.842872,6.0,4.0,12.0,0.0,46.0,0.0,0.0,0.0,73.242256,44.23754,2.0,2.0,1.0,80.0,0.0
73.64658,205.65442,4.0,119.79747,22.036005,0.0,0.0,100.0,-7.0,7.0,8.0,23.433573,4.0,27.0,0.0,1.0,1.0,39.497787,96.456314,7.0,2.0,2.0,67.0,0.0
59.431946,-1.9146631,5.0,-9.0,18.0,1.0,1.0,94.525024,24.258434,6.0,3.0,23.0,3.0,29.0,12.5572815,0.0,0.0,64.82571,-8.0,4.0,1.0,3.0,52.68417,0.0
76.0,228.5021,12.0,98.82747,16.0,0.0,0.0,92.22678,16.741467,6.0,6.0,21.0,0.0,22.0,-9.0,0.0,0.0,35.07462,45.294537,3.0,2.0,1.0,53.966255,0.0
89.0,132.70016,27.846676,111.165634,10.0,0.0,0.0,100.0,-7.0,7.0,8.0,0.9063718,0.0,14.393382,23.13764,0.0,0.0,9.0,-8.0,2.0,1.0,0.0,49.28939,0.0
77.26029,340.52945,12.0,140.75314,26.0,0.0,0.0,100.0,-7.0,7.0,8.0,28.0,0.0,27.0,-7.0,0.0,0.0,25.27466,27.402273,6.0,2.0,2.0,47.565216,0.0
74.76852,217.48407,2.0,71.0,18.0,0.0,0.0,89.0,30.593645,6.0,6.0,21.322369,4.0,38.0,0.0,1.0,1.0,32.0,93.0,1.0,3.0,0.0,39.508415,0.0
73.0,154.681,3.0,71.0,62.53703,0.0,0.0,97.0,12.496267,6.0,6.0,95.57473,4.0,50.0,0.0,4.0,4.250564,21.0,21.18307,2.0,19.625366,0.0,75.0,0.0
63.0,143.2423,4.0,45.55404,7.0,0.0,0.0,83.90223,16.697502,4.0,6.0,7.0,3.0,43.0,0.0,1.0,1.0,42.88425,99.4589,2.1989098,2.0,0.0,100.0,0.0
65.81549,223.7802,8.583277,77.0,19.0,0.0,0.0,84.700966,8.550867,5.0,6.0,20.347363,1.0,33.0,0.0,3.0,3.0,50.090786,80.68045,6.0,2.0,3.0,75.0,0.0
67.0,221.51784,7.0,67.19049,18.0,1.0,0.0,87.91777,16.751825,6.0,5.0,22.0,2.0,34.06792,-7.0,0.0,0.0,37.39971,-8.0,2.0,1.0,2.0,36.17282,0.0
72.7006,100.80097,25.615759,86.89426,6.0,0.0,0.0,100.0,-7.0,7.0,8.0,7.0,0.0,15.0,10.759492,0.0,0.0,71.57547,-8.0,5.0,-8.0,2.0,100.0,0.0
85.15328,261.6719,5.0,83.344376,25.0,0.0,0.0,100.0,-7.0,7.0,8.0,27.0,3.0,37.97577,4.0,0.0,0.0,9.0,77.923996,4.0,1.0,0.0,63.0,0.0
80.0,251.98035,8.0,81.0,39.2458,0.0,0.0,95.0,75.2872,6.0,6.0,35.0,1.0,32.0,1.0,0.0,0.0,5.529334,58.47746,7.612749,2.0,0.0,53.55692,0.0
72.0,250.18646,9.0,108.51692,30.78232,0.0,0.0,100.0,-7.0,7.0,8.0,14.441064,3.0,11.296098,16.0,0.0,0.0,67.81463,-8.0,4.0,2.0,2.2962408,50.0,0.0
77.0,351.21152,10.0,140.55833,19.44972,2.0,1.0,92.0,31.186745,6.0,5.0,18.0,1.0,25.0,0.0,0.0,0.0,17.9744,74.71228,2.0,2.0,0.0,56.42268,0.0
69.0,112.01714,3.0,56.183887,12.0,2.0,2.550356,100.0,0.3832639,3.0,6.0,10.018222,2.0,50.064915,0.0,2.0,2.0,20.247044,-8.0,2.0,3.0,0.0,80.0,0.0
80.0,205.79999,3.0,68.0,31.0,0.0,0.0,98.0,46.864388,6.0,6.0,35.0,1.0,19.0,-8.0,1.0,1.0,19.0,-8.0,3.8877063,1.0,1.0,33.0,0.0
-9.0,-9.0,-9.0,-9.0,-9.0,-9.0,-9.0,-9.0,-9.0,-9.0,-9.0,-9.0,-9.0,-9.0,-9.0,-9.0,-9.0,-9.0,-9.0,-9.0,-9.0,-9.0,-9.0,0.0
69.0,258.79446,6.2687063,120.157524,17.0,3.537297,1.0,86.977745,44.747982,6.0,4.0,26.685108,1.0,54.158123,-7.0,0.0,0.0,63.51603,67.321266,3.0,2.1368468,0.0,74.14993,0.0
67.0,174.00604,1.0,83.73461,26.0,1.0,0.0,89.8067,9.087744,4.0,5.0,28.549553,2.0,24.0,0.0,3.0,3.0,17.068909,66.28227,9.0,3.0,0.0,67.0,0.0
77.0,140.8321,2.0,60.262238,19.212744,0.0,0.0,100.0,-7.0,7.0,8.0,25.538683,2.3562396,46.08676,3.0,0.0,0.0,1.0,50.54049,2.0,5.0,0.0,90.08365,0.0
69.251236,127.22287,4.0,59.388317,10.98085,1.0,1.0,89.0,18.046156,6.0,2.0,12.934209,3.0,19.0,-7.0,0.0,0.0,34.18747,88.255905,5.0,1.0,0.0,83.0,0.0
74.259285,284.13022,2.0,58.158104,36.177208,0.0,0.0,97.0,17.201357,6.0,6.0,29.827253,4.0,24.380877,-7.0,0.0,0.0,25.68365,91.343735,3.4438145,2.0,0.0,66.37381,0.0
84.0,399.46024,5.0,108.7809,21.0,0.0,0.0,100.0,-7.0,7.0,8.0,19.0,2.0,44.0,-7.0,0.0,0.0,28.066385,48.341408,3.0,1.0,0.0,90.45537,0.0
77.0,162.31346,4.1181626,62.00423,45.353123,0.0,0.0,100.0,-7.0,7.0,8.0,22.44469,3.0,20.0,6.4154353,0.0,0.0,14.355817,-8.0,5.0,3.0,0.0,33.0,0.0
71.5896,272.38196,4.0,93.44873,27.0,0.0,0.0,95.0,80.96006,6.0,6.0,27.0,3.951692,33.0,0.0,1.0,1.0,41.842278,84.04266,9.0,2.0,1.0,60.0,0.0
78.0,157.22243,3.0,70.0,32.0,0.0,0.0,100.0,-7.0,7.0,8.0,34.0,3.0,60.436028,0.728626,1.0,1.0,0.7636073,93.54468,5.0,19.050758,0.0,86.58721,0.0
74.14227,206.56635,3.0,76.07752,30.0,0.0,0.0,95.0,44.16081,6.0,6.0,29.0,2.0,63.497658,0.0,0.0,0.0,56.720455,63.99087,2.0,3.0,0.0,69.5145,0.0
78.0,267.7687,10.0,86.0,35.117554,0.0,0.0,100.0,-7.0,7.0,8.0,41.24142,1.0,17.0,-7.0,1.0,1.0,28.99059,-8.0,2.0,1.0,1.0,29.12076,0.0
79.0,184.26366,15.773285,135.83965,17.0,0.0,0.0,100.0,-7.0,7.0,8.0,-6.209549,0.0,30.0,2.0,2.0,2.0,12.0,22.218616,4.0,1.0,0.0,71.0,0.0
66.0,161.57346,16.092773,72.597084,34.0,0.0,0.0,94.17161,12.9538765,6.0,6.0,35.0,0.0,38.0,-7.0,0.0,0.0,72.92097,52.93921,6.0846357,4.0,3.0,67.0,0.0
79.0,167.28299,4.3200026,76.0,17.0,0.0,0.0,100.0,-7.0,7.0,8.0,12.0,1.0,15.0,0.0,0.0,0.0,26.736483,-8.0,4.0,1.0,3.2562654,52.104023,0.0
79.0,157.97934,1.0,84.60366,28.0,0.0,0.0,97.0,52.185005,6.0,6.0,32.0,3.0,33.0,1.0,1.0,1.0,12.320719,97.965515,2.0,3.0,0.0,62.70869,0.0
85.0,219.08542,9.0,120.70388,13.484441,0.0,0.0,100.0,-7.0,7.0,8.0,18.0,1.0,57.963917,0.0,0.0,0.0,0.0,140.74179,1.0,1.0,0.0,100.0,0.0
76.0,211.6128,4.0,64.10806,44.316734,0.0,0.0,100.0,-7.0,7.0,8.0,41.649643,3.0,22.0,3.0,0.0,0.0,22.93817,73.31405,9.0,1.0,1.0,50.0,0.0
-9.0,-9.0,-9.0,-9.0,-9.0,-9.0,-9.0,-9.0,-9.0,-9.0,-9.0,-9.0,-9.0,-9.0,-9.0,-9.0,-9.0,-9.0,-9.0,-9.0,-9.0,-9.0,-9.0,0.0
72.0,149.9933,2.0,58.61241,21.0,0.0,0.0,96.0,28.94042,6.0,6.0,21.0,3.0,54.88651,0.0,3.0,3.0,35.93547,-8.0,2.0,6.0,0.0,60.0,0.0
80.33089,208.28387,2.0,60.978695,21.0,0.0,0.0,100.0,-7.0,7.0,8.0,27.0,5.0,42.97706,0.0,3.0,2.0,0.97427195,83.48346,2.0,2.0,0.0,80.0,0.0
80.0,153.88391,3.0,55.204075,31.755997,0.0,0.0,100.0,-7.0,7.0,8.0,37.8602,4.0,40.0,0.0,1.0,1.0,10.130856,89.56549,4.0,2.0,0.0,50.0,0.0
68.80588,241.87003,11.0,113.61643,19.0,1.0,0.0,90.0,10.013318,6.0,3.6161895,22.0,0.0,55.26508,16.0,0.0,0.0,56.19082,100.0,2.0,3.0,0.53480506,76.24167,0.0
89.0,187.08383,5.0,119.15201,10.0,0.0,0.0,100.0,-7.0,7.0,8.0,8.402674,1.0,30.0,-7.0,1.0,1.0,8.0,-8.0,3.0,-8.0,0.0,75.8989,0.0
70.0,109.63387,2.3234134,67.46835,25.0,0.0,0.0,91.0,22.44832,6.0,6.0,28.0,1.0,28.0,0.0,1.0,1.0,25.350964,86.838425,4.0,2.0,1.0,50.0,0.0
77.873245,392.90314,13.0,124.97196,25.0,0.0,0.0,94.0,10.513382,6.0,6.0,22.0,1.0,21.0,11.867561,0.0,0.0,17.134695,51.197155,4.0,2.0,0.0,40.0,0.0
75.76171,141.92831,35.567043,111.48661,15.0,0.0,0.0,100.0,-7.0,7.0,8.0,8.862361,0.0,8.674372,2.3624141,4.0,3.0415692,38.1727,-8.0,4.0,-8.0,3.0,45.103363,0.0
72.0,185.19568,5.0,74.0,23.779377,0.0,0.0,100.0,-7.0,7.0,8.0,24.0,3.0,29.360374,6.2190485,2.0,2.0,51.947815,-8.0,3.0,3.0,1.0,60.0,0.0
57.208504,232.35417,8.0,86.185326,31.35192,1.0,1.0,87.77706,-7.0,0.42126992,5.0,30.0,1.0,35.0,0.0,0.0,0.0,38.603165,27.180153,7.0,2.0,0.0,83.0,0.0
71.0,-8.960803,2.0,43.91154,15.0,0.0,0.0,96.0,57.5827,6.0,6.0,1.4542456,4.0,55.88832,0.0,2.0,2.0,37.682396,68.34815,2.0,4.0,0.0,67.0,0.0
85.0,163.27054,-9.0,81.0,22.0,0.0,0.0,100.0,-7.0,7.0,8.0,21.162477,2.0,0.0,0.0,1.0,1.0,0.0,-8.0,1.0,-8.0,0.0,20.66699,0.0
77.0,269.4387,0.121828206,76.0,31.603504,0.0,0.0,97.0,5.961206,6.0,6.0,46.7147,4.0,28.0,0.0,2.0,1.0,8.099716,-8.0,5.0,1.0,0.0,64.0,0.0
65.0,151.77553,3.0,57.620567,18.0,0.0,0.0,82.43407,24.084536,6.0,6.0,20.0,3.0,28.0,0.0,2.0,2.0,64.958466,54.49014,5.0,2.0,3.0,83.0,0.0
90.0,273.75543,39.83831,144.02254,28.0,0.0,0.0,100.0,-7.0,7.0,8.0,9.0,0.0,14.0,0.0,1.0,0.0,1.0,-8.0,2.0,-8.0,0.0,-9.0,0.0
85.33303,165.0744,2.0,73.66542,24.0,0.0,0.0,100.0,-7.0,7.0,8.0,23.0,3.4711063,22.0,0.0,0.0,0.0,8.0,-8.0,8.0,1.0,0.0,75.767166,0.0
74.0,139.12451,19.934532,63.0,16.0,0.0,0.0,100.0,-7.0,7.0,8.0,17.824821,0.0,50.0,22.857485,0.0,0.0,67.05981,88.605415,3.0,2.0,1.0,100.0,0.0
77.0,43.43041,6.0,52.160362,39.0,0.0,0.0,100.0,-7.0,7.0,8.0,47.22867,2.0,37.0,-7.0,2.0,2.0,19.11671,90.52287,2.0,2.0,0.0,43.264828,0.0
60.040924,173.94385,10.0,63.0,16.0,1.0,0.0,86.43562,13.854915,4.0,2.9075217,17.0,1.0,20.0,8.983964,2.0,1.0,36.77835,-8.0,5.0,2.0,2.0,75.0,0.0
86.0,547.15857,4.0,131.89894,29.0,0.0,0.0,100.0,-7.0,7.0,8.0,38.0,3.0,27.0,12.00158,0.0,0.0,9.0,46.09739,9.0,2.0,0.0,52.95539,0.0
82.36111,253.58435,5.0,77.0,14.0,0.0,0.0,100.0,-7.0,7.0,8.0,16.0,1.5187565,33.0,0.0,1.0,1.0,14.0,96.213875,2.1518157,1.0,1.0,60.0,0.0
74.0,149.5689,4.0,61.91179,40.830967,0.0,0.0,95.0,39.14249,6.0,6.0,47.300774,3.0,20.0,1.0,1.0,1.0,36.425877,-8.0,7.0,3.0,0.0,73.32907,0.0
-9.0,-9.0,-9.0,-9.0,-9.0,-9.0,-9.0,-9.0,-9.0,-9.0,-9.0,-9.0,-9.0,-9.0,-9.0,-9.0,-9.0,-9.0,-9.0,-9.0,-9.0,-9.0,-9.0,0.0
86.475685,276.487,4.0,93.285736,46.064438,0.0,0.0,100.0,-7.0,7.0,8.0,55.195957,1.2336785,27.768126,0.0,1.8387601,1.0,0.0,51.160896,2.0,3.0,0.0,30.832582,0.0
87.0,291.41696,6.0,115.80131,14.0,0.0,0.0,100.0,-7.0,7.0,8.0,13.0468,2.0,51.02651,9.0,0.0,0.0,1.0,99.445274,1.0,2.0,0.0,60.0,0.0
85.0,344.49426,3.0,97.0,18.0,0.0,0.0,100.0,-7.0,7.0,8.0,19.0,1.0,19.579153,2.0,1.0,1.0,3.0,98.48613,2.0,1.0,0.0,33.0,0.0
63.14296,163.0041,4.0,32.264008,8.546414,3.2071686,1.0,70.93261,16.935375,4.0,2.0,13.707688,2.0,50.0,0.0,2.0,1.0,30.460463,48.600372,2.0,3.0,0.0,67.0,0.0
81.0,193.70831,3.0,70.26531,27.0,0.0,0.0,100.0,-7.0,7.0,8.0,25.0,2.0283153,32.192596,2.682097,0.0,0.0,7.4323773,98.586174,3.0,2.0,0.0,43.148167,0.0
77.0,78.635506,6.0,54.830086,19.19183,0.0,0.0,88.0,30.723236,6.0,6.0,18.0,4.0,50.0,4.0,0.0,0.0,6.0,-8.0,4.0,7.6124606,0.0,75.0,0.0
76.0,35.247383,2.0,54.467136,40.09373,0.0,0.0,100.0,-7.0,7.0,8.0,38.04819,2.0,37.80942,0.0,1.0,1.0,6.0,80.99382,3.9218612,3.0,1.0,50.0,0.0
69.0,171.85403,36.531265,121.81296,11.043663,4.016426,2.9395068,66.12677,14.227229,6.0,3.0,9.685137,0.0,16.0,4.0,1.0,1.0,9.0,-8.0,2.0,-8.0,0.0,42.01291,0.0
68.974495,171.25056,4.0,71.0,32.0,0.0,0.19515394,97.5663,58.339134,6.0,6.0,38.0,5.369627,21.0,0.0,4.5482388,4.0,22.925138,94.39045,11.0,4.0,0.0,62.5692,0.0
64.914474,135.37743,2.0,48.35044,20.0,0.0,0.0,88.0,27.467524,6.0,6.0,21.793835,2.0,39.0,0.0,7.8281507,8.058925,44.103107,100.0,4.0,2.0,1.0,60.854057,0.0
87.0,298.26865,11.0,131.82097,15.0,0.0,0.0,100.0,-7.0,7.0,8.0,18.729261,0.0,25.0,0.0,0.0,0.0,21.544464,17.19789,3.0,2.0,0.0,80.0,0.0
-9.0,-9.0,-9.0,-9.0,-9.0,-9.0,-9.0,-9.0,-9.0,-9.0,-9.0,-9.0,-9.0,-9.0,-9.0,-9.0,-9.0,-9.0,-9.0,-9.0,-9.0,-9.0,-9.0,0.0
77.0,292.37668,15.0,120.70595,20.0,0.0,0.0,100.0,-7.0,7.0,8.0,27.0,1.0,8.0756035,2.0,1.0,1.0,43.45841,-8.0,4.0,-8.0,2.0,100.0,0.0
92.43683,234.35718,3.8008459,103.42472,25.0,0.0,0.0,100.0,-7.0,7.0,8.0,34.0,1.0,17.0,-7.0,0.0,0.0,2.0,-8.0,1.0,1.0,0.0,-9.0,0.0
69.0,187.38293,1.0,71.40874,16.0,0.0,0.0,100.0,-7.0,7.0,8.0,18.0,1.0,63.290855,0.0,4.998765,4.0,36.447495,52.278076,2.0,5.0,1.0,100.0,0.0
80.0,248.20729,1.5790741,90.96011,34.147484,0.0,0.0,97.0,54.527534,6.0,6.0,39.102528,3.0,39.850613,0.0,2.0,2.0,16.0,73.77851,6.0,3.0,0.0,60.0,0.0
75.0,390.01025,14.183034,130.55391,23.0,0.0,0.0,98.0,-7.0,6.0,7.0,23.0,0.0,38.928356,0.0,1.0,1.0,6.0,78.23398,3.2771585,2.0,0.0,50.0,0.0
55.302555,134.93518,4.629657,59.395306,13.0,0.0,0.0,82.59298,-7.0,0.6064994,5.9990788,18.283508,2.0,62.63256,6.0,0.0,0.0,65.73635,60.634182,2.0,5.0238714,0.0,71.0,0.0
78.0,466.9311,28.971567,122.414055,7.6561193,1.0,0.0,94.0,17.52896,6.0,4.58424,13.853848,0.0,57.222473,0.0,0.0,0.0,0.0,-8.0,0.0,1.0,0.0,50.0,0.0
78.0,206.42145,2.144276,65.32648,30.0,0.0,0.0,100.0,-7.0,7.0,8.0,31.0,4.9711533,42.08939,0.41210464,4.1416264,4.0,12.15743,-8.0,1.9408247,5.0,0.0,50.0,0.0
83.0,170.95389,8.0,95.612656,13.0,0.0,0.0,92.0,35.35518,6.0,6.0,11.0,1.0,27.0,0.0,0.0,0.0,1.0,100.0,1.0,1.0,0.0,36.646206,0.0
73.0,177.33224,1.9786834,75.0,40.042587,0.0,0.0,94.0,47.49217,6.0,6.0,43.833065,2.4940002,40.964672,0.0,5.0,4.149195,22.001877,81.34299,4.0,4.0,1.0,67.0,0.0
81.0,400.56253,6.0,100.0,16.0,1.0,0.0,90.0,39.03145,6.0,5.0,18.0,1.0,30.0,0.0,0.0,0.0,4.0,-8.0,4.0,1.0,0.0,55.10249,0.0
77.0,396.02798,7.0,127.57328,17.0,1.0,0.0,78.1854,20.007113,6.0,4.0,25.0,1.0,38.89869,18.205397,0.0,0.0,0.0,-8.0,2.0,1.0,0.0,30.216078,0.0
86.0,308.29788,10.0,93.0,10.854689,0.0,0.0,100.0,-7.0,7.0,8.0,11.257655,1.0,52.3862,0.0,0.0,0.0,9.0,-8.0,3.0,1.0,0.0,85.6344,0.0
74.0,128.44176,6.0,49.899193,16.0,1.0,1.0,87.09277,45.9457,6.0,2.0,15.122977,2.0,39.23326,1.0,1.0,1.0,46.061474,71.62132,3.0,2.0,0.0,69.7261,0.0
76.0,193.03554,2.0,90.88764,30.0,0.0,0.0,100.0,-7.0,7.0,8.0,40.588108,2.0,35.0,0.0,0.0,0.0,24.659166,64.37247,6.0,2.0,4.0,80.0,0.0
67.39935,133.44322,4.0,57.875797,27.319548,0.0,0.0,92.0,8.657314,6.0,6.0,34.177494,2.0,33.0,0.0,1.0,1.0,52.20962,-8.0,1.0,1.0,0.0,50.0,0.0
66.0,276.0481,9.493338,99.537735,26.0,0.0,0.0,88.15422,21.446198,6.0,6.0,25.0,0.0,44.0,1.0,1.0,1.0,42.401398,-8.0,6.0,3.3193877,2.0,93.41304,0.0
74.0,109.30473,7.0,61.0,14.0,0.0,0.0,94.0,26.909555,6.0,6.0,15.0,5.0,38.0,0.0,3.0,3.0,17.0,72.301636,2.0,3.0,0.0,60.0,0.0
73.27548,296.9203,10.0,78.28912,30.916098,0.0,0.0,100.0,-7.0,7.0,8.0,37.193306,1.0,26.0,0.0,0.0,0.0,15.747975,89.77651,6.612243,5.8365088,1.0,60.0,0.0
79.0,89.57087,7.0,54.512302,39.0,0.0,0.0,100.0,-7.0,7.0,8.0,36.962337,4.0,40.0,3.0,2.0,2.0,16.834131,81.85545,4.4139247,5.5384655,0.0,60.0,0.0
86.405876,227.02933,3.0,98.55001,12.384489,0.0,0.0,100.0,-7.0,7.0,8.0,14.0,1.0,24.0,20.682621,1.0,0.9121902,0.0,49.82163,1.0,2.0,0.0,43.0,0.0
85.0,135.70319,7.0,83.0,22.384125,0.0,0.0,100.0,-7.0,7.0,8.0,-9.0,3.0,25.847946,0.0,2.0,2.0,5.7732444,-8.0,4.0,1.0,0.0,82.77591,0.0
92.68883,334.87518,10.056888,136.54773,24.0,0.0,0.0,100.0,-7.0,7.0,8.0,30.0,1.0,18.876064,3.270457,3.0,3.0,0.74887687,16.097673,2.0,1.0,0.0,33.0,0.0
73.10249,187.64351,15.0,63.23054,55.260105,0.0,0.0,100.0,-7.0,7.0,8.0,58.357605,0.0,50.0,7.0,1.8452512,1.0,43.056385,80.2309,9.0,7.868068,2.0451248,80.0,0.0
88.0,244.87418,2.0,88.02437,14.0,0.0,0.0,100.0,-7.0,7.0,8.0,13.0,1.0,23.0,0.0,2.0,2.0,10.158722,-8.0,2.0,-8.0,0.0,20.579609,0.0
85.0,186.74997,54.296097,103.478745,12.0,0.0,0.0,100.0,-7.0,7.0,8.0,12.0,0.0,10.542493,0.0,1.0,1.0,10.0,-8.0,2.0,1.0,0.0,78.0,0.0
84.40638,287.7248,23.418045,86.0,22.0,0.0,0.0,100.0,-7.0,7.0,8.0,22.569372,0.0,39.0,-7.0,0.0,0.0,1.0,25.877886,2.0,2.0,0.0,45.021988,0.0
80.7947,153.59492,9.0,97.83284,34.0,0.0,0.0,100.0,-7.0,7.0,8.0,37.0,1.0,31.0,0.0,1.0,1.0,32.0,80.0,3.0,5.0,1.0,67.0,0.0
71.0,284.07553,5.0,72.865166,42.365303,1.0,1.0,93.030785,24.295885,6.0,6.0,50.18966,5.0,11.637334,0.0,3.165499,3.0,4.394261,-8.0,5.2996855,2.0,0.0,30.164139,0.0
85.0,217.54855,10.0,83.325745,22.0,0.0,0.0,92.94961,40.398113,6.0,6.0,28.0,0.0,32.908543,-7.0,0.0,0.0,7.0,78.5273,5.0,2.374697,0.0,67.0,0.0
82.0,169.21005,2.0,87.06726,44.88566,0.0,0.0,100.0,-7.0,7.0,8.0,57.67706,2.0,48.462563,-7.0,0.0,0.0,14.536497,-8.0,3.0,1.0,0.0,46.96855,0.0
85.0,133.49661,8.0,75.0,39.0,0.0,0.0,100.0,-7.0,7.0,8.0,43.20687,1.0,46.0,-7.0,0.0,0.0,8.972409,95.25322,3.0,3.0,0.0,57.0,0.0
88.23411,408.24725,2.0,159.9511,18.354208,0.0,0.0,100.0,-7.0,7.0,8.0,24.0,1.0,50.0,-7.0,0.0,0.0,1.0,98.72021,0.32833225,1.0,0.0,18.062681,0.0
75.0,181.18445,2.0,76.81672,34.621822,0.0,0.0,100.0,-7.0,7.0,8.0,44.527813,7.730325,50.0,0.0,2.0,2.0,18.513163,95.35223,2.0,10.354998,3.0,60.0,0.0
-9.0,-9.0,-9.0,-9.0,-9.0,-9.0,-9.0,-9.0,-9.0,-9.0,-9.0,-9.0,-9.0,-9.0,-9.0,-9.0,-9.0,-9.0,-9.0,-9.0,-9.0,-9.0,-9.0,0.0
88.38457,171.45702,20.643177,80.14347,20.0,0.0,0.0,100.0,-7.0,7.0,8.0,22.0,0.0,19.0,-8.0,0.0,0.0,6.0,-8.0,2.0,1.0,0.0,46.44559,0.0
63.73893,262.1373,15.0,96.801094,19.0,0.0,0.0,94.0,0.8980924,6.0,6.0,12.0,0.0,24.0,6.110998,0.0,0.0,93.556435,-8.0,4.5428596,2.0,2.0,60.0,0.0
79.34261,195.19025,5.0,66.1356,42.309288,0.0,0.0,98.0,35.261337,6.0,6.0,48.635677,3.0,16.736357,0.0,2.0,2.4098108,8.7424345,-8.0,4.0,2.0,0.0,28.842613,0.0
88.536964,372.974,40.891956,95.38767,25.0,0.0,0.0,100.0,-7.0,7.0,8.0,35.0,0.0,13.094652,0.0,0.0,0.0,1.0,-8.0,2.0,1.0,0.0,29.812447,0.0
80.0,151.85222,3.0,76.0,16.0,0.0,0.0,100.0,-7.0,7.0,8.0,21.0,1.0,62.657475,0.0,1.0,1.0,19.0,100.0,4.0,2.0,0.0,91.23395,0.0
86.0,236.2873,41.30747,147.71754,16.0,0.0,0.0,100.0,-7.0,7.0,8.0,14.0,0.0,41.243523,-8.0,0.0,0.0,4.7851415,37.583164,1.0,2.0,0.0,100.0,0.0
90.15738,165.74194,6.0,98.78269,14.0,0.0,0.0,100.0,-7.0,7.0,8.0,0.68318295,1.0,8.811945,0.0,0.0,0.0,1.0,-8.0,1.0,1.0,0.0,33.0,0.0
90.17357,278.88654,14.0,90.529945,20.000645,0.0,0.0,100.0,-7.0,7.0,8.0,29.905733,0.0,22.533546,13.316095,0.0,0.0,5.0,-8.0,1.0,1.0,0.0,44.0,0.0
70.0,126.47515,3.0,69.00812,22.0,2.0,0.0,82.998474,61.382668,6.0,5.0,38.0,6.0,35.06661,5.0,0.0,0.0,72.52251,80.0,2.0,3.0,0.0,71.0,0.0
87.0,272.72375,2.0,92.763855,16.0,0.0,0.0,100.0,-7.0,7.0,8.0,19.0,2.0,40.0,0.0,1.0,1.0,0.0,83.23414,2.0,2.0,0.0,67.735054,0.0
91.0,786.00824,39.3051,191.4535,14.0,0.0,0.0,100.0,-7.0,7.0,8.0,19.0,0.0,0.0,6.0,0.0,0.0,6.0,-8.0,3.0,-0.81915444,0.0,41.0824,0.0
83.26203,-9.0,4.0,126.07951,34.79838,0.0,0.0,100.0,-7.0,7.0,8.0,-9.0,1.6198881,13.0,0.0,1.4594593,1.0,8.400758,-8.0,3.0,1.0,0.0,24.62892,0.0
85.94009,327.9541,3.0,119.94136,23.372437,0.0,0.0,100.0,-7.0,7.0,8.0,25.0,3.0,33.0,0.0,3.0,3.0,2.0,94.36004,3.0,2.0,0.0,63.0,0.0
87.0,152.09384,18.782974,94.0,14.0,0.0,0.0,100.0,-7.0,7.0,8.0,15.0,0.0,4.9955335,0.0,0.0,0.0,36.7672,-8.0,3.0,-8.0,0.0,37.24655,0.0
70.0,172.64949,7.0,85.77487,30.0,0.0,0.0,100.0,-7.0,7.0,8.0,31.280209,0.0,21.0,5.83918,1.0,1.0,86.80113,97.95546,4.0,3.0,2.0,100.0,0.0
63.42083,75.20797,17.757471,69.05587,11.0,2.0,1.0,74.66738,-7.0,-9.0,5.0,15.0,0.0,27.0,9.0,1.0,1.0,57.189693,83.44711,3.0,2.0,1.0,100.0,0.0
72.64621,176.92883,6.0,67.44524,30.666796,0.0,0.0,100.0,-7.0,7.0,8.0,51.628384,4.0,31.0,1.0,2.0,1.8889704,52.181423,-8.0,3.0,1.0,2.0,45.49885,0.0
74.16051,497.8136,9.0,130.9779,32.25091,1.0,0.0,95.0,36.499264,6.0,4.0,42.36644,3.0,21.0,0.0,6.3222337,6.287795,5.956511,-8.0,3.0,2.0,0.0,33.0,0.0
80.0,325.41553,2.0,80.90822,34.3337,0.0,0.0,100.0,-7.0,7.0,8.0,39.775295,4.0,29.0,6.0,2.0,2.0,0.0,91.81063,2.0,3.0,0.0,37.447945,0.0
87.0,297.9864,4.0,77.0,38.388668,0.0,0.0,100.0,-7.0,7.0,8.0,34.464733,3.0,36.121857,0.096424356,2.0,2.0,2.0,99.90315,2.0,2.0,0.0,35.688805,0.0
69.0,426.44794,1.0,102.51431,22.0,0.0,0.0,100.0,-7.0,7.0,8.0,28.0,2.704008,20.0,0.0,1.0,1.0,88.81796,11.160785,8.304081,1.0,5.580552,84.553566,0.0
87.0,365.90372,10.67706,109.54315,14.216264,0.0,0.0,100.0,-7.0,7.0,8.0,14.0,0.0,17.0,0.0,2.0,2.0,6.0,-8.0,4.0,1.0,0.0,50.0,0.0
66.92714,166.3545,1.0,79.8276,28.0,0.0,0.0,77.271385,10.183892,4.0,6.0,24.232756,2.0,28.0,2.0,1.0,1.0,25.591173,63.275764,3.0,3.0,1.0,62.43105,0.0
77.0,116.4166,20.0,113.0186,10.176288,0.0,0.0,84.321976,33.487675,6.0,6.0,5.17378,0.0,25.07123,-8.0,0.0,0.0,28.0,75.42032,4.0,2.0,0.0,88.89485,0.0
77.0,96.78161,5.0,58.0,29.0,0.0,0.0,100.0,-7.0,7.0,8.0,30.0,4.0,40.0,-7.0,0.0,0.0,19.0,-8.0,5.0,3.0,0.0,65.05106,0.0
69.0,226.44957,6.0,70.0,27.0,0.0,0.0,95.0,6.0,6.0,6.0,26.0,1.0,20.97169,12.680592,0.0,0.0,24.41488,-8.0,5.0,2.0,1.0,43.344154,0.0
89.0,669.8432,4.0,196.98218,16.733585,0.0,0.0,100.0,-7.0,7.0,8.0,18.331726,1.0,50.0,21.406384,0.0,0.0,1.0,87.61148,4.0,2.0,0.0,71.0,0.0
59.85555,130.64307,5.0,40.54442,21.869114,0.0,0.0,86.22661,7.896077,6.0,6.0,21.0,2.0,17.0,12.0,3.0,2.0,41.196835,-8.0,9.0,2.0,2.0,63.44803,0.0
78.0,326.0448,16.0,115.57109,22.0,0.0,0.0,86.34527,4.910239,6.0,6.0,19.0,0.0,17.0,0.0,0.0,0.0,0.0,-8.0,3.0,1.0,1.0,33.350224,0.0
68.0,177.5406,15.0,85.46026,25.0,3.0,3.6396887,97.0,21.509296,6.0,3.0,31.0,0.0,33.0,1.0,0.0,0.0,51.51321,79.1599,4.0,4.0,0.0,75.0,0.0
87.0,81.38415,25.240877,77.0,18.0,0.0,0.0,100.0,-7.0,7.0,8.0,11.0,0.0,13.0,0.0,0.0,0.0,3.1900468,-8.0,4.0,2.0,0.0,55.0939,0.0
87.0,343.03043,27.786398,129.65224,31.96664,0.0,0.0,100.0,-7.0,7.0,8.0,26.862984,0.0,55.629272,-7.0,0.0,0.0,0.0,-8.0,2.0,3.0,0.0,56.0,0.0
72.56888,187.16176,5.0,79.87417,30.739058,0.0,0.0,100.0,-7.0,7.0,8.0,28.0,3.550103,36.0,2.0,2.0,2.0,25.76847,-8.0,3.0,3.0,2.9405653,80.0,0.0
80.0,321.75378,13.942569,99.87009,14.0,0.0,0.0,84.887474,12.321746,6.0,6.0,14.0,1.0,53.45013,0.0,1.0,1.0,0.22307548,-8.0,1.0,1.0,0.0,29.507856,0.0
83.0,249.54195,3.4006286,75.86991,36.49044,0.0,0.0,100.0,-7.0,7.0,8.0,31.00474,1.0,22.760979,0.0,1.0,0.0,2.0,39.924744,2.0,3.0,0.0,57.0,0.0
80.0,232.07425,5.0,67.12347,34.0,0.0,0.0,100.0,-7.0,7.0,8.0,42.2683,2.0,40.0,7.0,1.4545335,1.0,43.473015,10.452368,2.0,1.0,0.0,43.0,0.0
90.157425,215.24298,8.0,92.20578,14.483479,0.0,0.0,100.0,-7.0,7.0,8.0,20.0,1.0,15.0,0.0,1.0,1.0,3.0,-8.0,2.0,1.0,0.0,17.33878,0.0
-9.0,-9.0,-9.0,-9.0,-9.0,-9.0,-9.0,-9.0,-9.0,-9.0,-9.0,-9.0,-9.0,-9.0,-9.0,-9.0,-9.0,-9.0,-9.0,-9.0,-9.0,-9.0,-9.0,0.0
-9.0,-9.0,-9.0,-9.0,-9.0,-9.0,-9.0,-9.0,-9.0,-9.0,-9.0,-9.0,-9.0,-9.0,-9.0,-9.0,-9.0,-9.0,-9.0,-9.0,-9.0,-9.0,-9.0,0.0
77.0,293.76538,11.0,86.69245,33.360317,0.0,0.0,100.0,-7.0,7.0,8.0,44.767296,1.0,25.0,1.0,1.0,1.0,19.752619,-8.0,9.393359,2.0,0.0,60.0,0.0
88.46845,208.81538,20.0,101.32846,19.0,0.0,0.0,100.0,-7.0,7.0,8.0,19.0,0.0,39.752777,-8.0,0.0,0.0,2.0,18.528687,4.0,2.0,0.0,75.0,0.0
65.0,330.67844,6.0,85.79462,36.318058,0.0,0.0,98.10905,0.89987355,0.16858067,6.0,46.259533,4.0,50.0,0.0,3.0,2.0,28.30714,68.70096,7.0,3.0,2.0,69.243256,0.0
70.0,100.14108,4.0,20.504112,25.0,1.0,0.0,92.291725,37.56952,6.0,5.0,26.0,7.4147477,32.075623,0.0,0.0,0.0,28.0,-8.0,5.0,6.0,1.0,64.54871,0.0
71.22056,362.12494,3.0,110.0953,32.27214,3.9220226,0.0,69.91651,23.78452,6.0,2.0,38.608627,4.0,29.0,0.0,2.0,2.0,6.0,61.397797,3.0,4.0,0.0,43.075893,0.0
70.0,196.49318,5.0,112.68614,17.0,1.0,0.0,89.12024,6.0,6.0,3.0,13.759844,1.0,22.026903,4.0,0.0,0.0,12.0,100.0,4.0,3.0,0.0,75.0,0.0
79.0,185.25563,3.0,78.48832,23.0,1.0,0.0,96.0,38.095703,6.0,5.0,27.0,2.0,23.681759,2.0,1.0,0.0,6.8892207,-8.0,3.0,-8.0,0.0,33.0,0.0
65.0,195.20883,9.0,89.45795,16.0,1.0,1.0,85.381454,13.359163,6.0,4.0,14.0,0.0,47.0,7.0,0.0,0.0,96.977875,39.717754,3.0,5.0,1.0,84.742134,0.0
61.935966,174.97775,5.0,56.81296,41.187534,0.0,0.0,94.0,12.212584,6.0,6.0,38.0,4.0,42.0,-7.1882825,0.0,0.0,50.165596,76.0,4.0,2.0,0.0,67.0,0.0
82.0,136.44104,8.0,43.853024,6.0,0.0,0.0,100.0,-7.0,7.0,8.0,10.437683,2.0,33.750813,0.0,0.0,0.0,4.0,44.497795,1.0,1.0,0.0,53.83916,0.0
-9.0,-9.0,-9.0,-9.0,-9.0,-9.0,-9.0,-9.0,-9.0,-9.0,-9.0,-9.0,-9.0,-9.0,-9.0,-9.0,-9.0,-9.0,-9.0,-9.0,-9.0,-9.0,-9.0,0.0
65.0,271.93964,14.0,67.881096,29.0,0.0,0.0,100.0,-7.0,7.0,8.0,29.360243,0.0,56.131756,2.9198763,1.0,1.0,93.571526,53.146545,5.0,4.0,2.0,100.0,0.0
70.0,149.57492,2.7375896,57.82586,25.327923,0.0,0.0,100.0,-7.0,7.0,8.0,31.930801,3.0,24.077421,0.0,2.0,2.0,64.31557,53.024265,6.0,2.0,3.0,80.0,0.0
72.47684,220.67143,10.471041,129.18358,12.0,0.0,0.0,100.0,-7.0,7.0,8.0,7.0,0.0,0.0,0.0,1.0,1.0,28.0,-8.0,3.0,-9.0,0.0,57.0,0.0
68.0,98.3915,4.0,40.611355,9.247816,0.0,0.0,80.97905,9.400879,4.0,6.0,11.0,2.0,42.0,7.0,0.0,0.0,33.064137,87.715996,3.0,2.0,0.0,75.0,0.0
78.0,230.23517,1.0,108.83885,32.412952,0.0,0.0,94.0,18.02575,6.0,6.0,48.819675,2.0,50.0,2.0,1.5466026,1.0,36.334164,85.24913,3.0,7.2520847,1.0,86.52062,0.0
90.0,205.47566,29.501646,109.74271,14.0,0.0,0.0,100.0,-7.0,7.0,8.0,15.0,0.0,32.690624,12.932146,0.0,0.0,0.0,-8.0,1.0,1.0,0.0,50.0,0.0
84.57068,162.17976,8.0,64.6119,11.0,0.0,0.0,100.0,-7.0,7.0,8.0,10.020576,2.0,59.935772,2.0,0.0,0.0,0.0,80.431175,0.9109025,2.0,-8.0,45.886135,0.0
77.0,135.35164,13.508332,84.07879,27.151112,0.0,0.0,97.30532,64.814285,6.0,6.0,23.169628,0.0,42.0,0.0,0.0,0.0,25.0,-8.0,2.0,3.0,1.0,67.0,0.0
72.44626,188.16203,9.862294,98.6516,36.37715,0.0,0.0,100.0,-7.0,7.0,8.0,35.0,1.0,31.0,0.0,1.0,1.0,49.332493,-8.0,3.0,1.0,2.4583292,50.0,0.0
87.0,163.97232,5.0,73.55419,22.0,0.0,0.0,100.0,-7.0,7.0,8.0,30.611336,3.0,47.0,0.0,1.0,1.0,9.0,-8.0,2.0,1.0,0.0,33.0,0.0
-9.0,-9.0,-9.0,-9.0,-9.0,-9.0,-9.0,-9.0,-9.0,-9.0,-9.0,-9.0,-9.0,-9.0,-9.0,-9.0,-9.0,-9.0,-9.0,-9.0,-9.0,-9.0,-9.0,0.0
70.0,154.6085,2.0,61.724007,32.0,0.0,0.0,97.0,35.086525,6.0,6.0,34.0,1.0,13.0,0.0,2.0,2.0,29.782076,-8.0,11.0,1.0,3.9923215,67.0,0.0
67.0,171.67697,8.0,65.08088,15.0,1.376303,2.0,86.353096,27.764517,6.0,3.4153135,20.0,1.0,45.992947,21.479776,0.0,0.0,28.0,57.124317,3.0,2.0,0.0,80.0,0.0
70.0,264.61884,4.0,118.25476,20.111301,2.3284512,1.0,82.53249,19.406195,4.115279,5.9493575,26.0,2.0,17.641174,0.0,2.0,2.0,10.802822,90.73936,4.0,2.7405503,0.0,71.0,0.0
88.0,301.45636,12.979758,100.88116,32.0,0.0,0.0,100.0,-7.0,7.0,8.0,42.48942,1.0,19.0,20.16312,0.0,0.0,8.5134735,-8.0,2.0,1.0,0.0,35.51392,0.0
75.0,177.2152,37.534576,109.53569,12.0,0.0,0.0,77.51832,6.0,4.0,6.0,12.0,0.0,21.547386,-8.0,0.0,0.0,18.0,-8.0,2.0,1.0,0.0,57.0,0.0
78.28178,246.40169,23.918617,93.0,12.0,0.0,0.0,88.0,63.947544,6.0,6.0,14.0,0.0,38.0,0.0,0.0,0.0,0.0,-8.0,0.0,1.0,0.0,27.755238,0.0
74.473,193.99165,2.0,63.0,13.0,0.0,0.0,100.0,-7.0,7.0,8.0,13.0,2.0,30.001545,0.0,2.0,2.0,0.0,84.95866,2.0,3.0,0.0,55.254753,0.0
55.805813,134.23936,6.0,79.0,13.0,3.0,1.0,83.984,2.2797647,-9.0,4.0,17.0,3.0,36.341705,10.2615595,0.0,0.0,51.919537,62.6266,6.0,3.0,0.0,88.3003,0.0
69.0,231.48941,3.0,107.65677,21.060024,4.0979857,4.83737,84.201935,21.0811,6.0,4.0,20.0,1.0,41.65881,-7.0,0.0,0.0,49.230366,88.0,5.0,4.0,1.0,71.31766,0.0
58.378063,372.8826,2.0,94.0,51.6064,0.0,0.0,95.0,6.0,6.0,6.0,49.92453,3.0,20.0,-7.0,1.0,1.0,31.403519,-8.0,24.57116,2.0,7.0117736,75.0,0.0
70.73068,18.658697,26.676893,97.0,4.162649,1.0,1.0,88.548805,6.4998617,4.0,4.0,2.3401518,0.0,15.0,-7.0,0.0,0.0,12.499384,-8.0,2.0,-9.0,0.0,42.466003,0.0
83.0,190.07889,11.11547,75.0,29.80775,0.0,0.0,95.0,35.544983,6.0,6.0,38.27715,0.0,65.50757,2.2781153,2.0,2.0,0.0,-8.0,1.0,1.0,0.0,50.0,0.0
89.280266,289.25647,25.503601,131.97304,10.0,0.0,0.0,100.0,-7.0,7.0,8.0,18.0,0.0,39.155216,3.0,0.0,0.0,0.5465374,-8.0,2.0,2.0,0.0,88.89169,0.0
87.0,190.78967,27.799938,102.7293,28.0,0.0,0.0,100.0,-7.0,7.0,8.0,24.012938,0.0,30.0,1.0,1.0,1.0,3.0,60.252983,2.0,3.0,0.0,43.665398,0.0
81.0,342.98608,20.864716,198.1015,6.0,0.0,0.0,100.0,-7.0,7.0,8.0,5.1357903,0.0,55.262882,6.0,0.0,0.0,72.44986,-8.0,1.0,2.0,0.0,100.0,0.0
66.0,304.77795,1.0,114.45054,21.0,1.0,1.0,97.0,4.130802,-9.0,6.0,23.0,3.0,30.062237,1.0,1.0,1.0,34.480812,95.076416,5.0,2.0,0.0,57.0,0.0
68.0,205.85344,29.044441,94.96036,17.0,0.0,0.0,70.86983,10.582386,6.0,6.0,19.0,0.0,19.0,0.0,1.0,1.0,36.0,-8.0,3.0,1.0,0.0,50.0,0.0
84.0,115.40699,1.0,67.0,20.480618,0.0,0.0,100.0,-7.0,7.0,8.0,19.0,4.180868,-9.0,12.560787,1.0,1.0,8.0,-8.0,4.0,-8.0,0.0,17.584103,0.0
80.03072,187.66321,2.340877,67.0,46.992565,0.0,0.0,100.0,23.53318,6.0,6.0,56.73231,2.0,50.323303,0.0,2.0,2.0,8.0,57.977737,3.0,4.8211074,0.0,42.699146,0.0
78.0,-8.648006,2.0,-9.0,17.0,0.0,0.0,100.0,-7.0,7.0,8.0,15.0,2.0,22.0,1.0,1.0,1.0,12.083258,99.582115,6.0,1.0,0.0,67.0,0.0
81.0,284.66293,6.0,89.56822,18.010786,0.0,0.0,100.0,-7.0,7.0,8.0,19.0,1.0,20.880426,1.0,0.0,0.0,8.0,73.57352,3.0,2.0,0.0,40.272728,0.0
89.0,373.61667,4.0,112.65973,21.0,0.0,0.0,100.0,-7.0,7.0,8.0,21.0,2.0,46.0,0.0,0.0,0.0,9.865616,84.00724,2.0,2.0,0.0,67.0,0.0
68.0,714.6381,2.9798288,99.556465,28.0,0.0,0.0,82.102356,27.367603,6.0,6.0,28.0,2.0,45.0,0.0,1.0,1.0,25.477123,96.28648,4.0,2.0,0.0,57.0,0.0
77.0,221.16742,3.0,74.0,22.0,0.0,0.0,92.0,36.507843,6.0,6.0,24.0,3.0,20.0,13.785267,0.0,0.0,22.611357,-8.0,5.0,2.0,1.0,83.62335,0.0
70.0,61.06954,9.0,48.729366,21.0,1.0,1.0,92.0,8.53294,6.0,2.0,23.0,4.0,47.0,0.0,0.0,0.0,5.0,27.296692,4.0,1.1165941,0.0,52.187035,0.0
65.0,187.57286,14.610684,88.385704,51.732655,0.0,0.0,100.0,21.982172,6.0,6.0,42.367115,0.0,32.257526,4.0,2.0,2.0,52.43453,73.14655,9.240204,5.0,2.0,80.0,0.0
72.0,135.61087,3.0,55.022415,34.0,1.0,1.0,100.0,-7.0,7.0,8.0,41.71157,3.0,15.081165,0.0,5.0,5.0,8.0,112.8219,3.0,2.0,0.0,10.661114,0.0
57.85235,92.76364,5.0,-9.0,12.0,0.0,0.0,100.0,-7.0,7.0,8.0,12.826102,6.0,33.0,2.0,4.0,3.0,59.598526,66.93848,8.65559,3.0,0.0,92.06311,0.0
71.0,200.72392,3.0,121.104744,41.78902,0.0,0.0,84.26504,3.0,4.0,6.0,55.35558,4.0,29.0,-7.0,0.0,0.0,32.0,80.0,3.0,5.0,0.0,60.0,0.0
83.0,171.0947,4.0,77.18082,16.0,0.0,0.0,100.0,-7.0,7.0,8.0,19.931684,1.552469,20.754112,7.5581126,2.0,1.9478549,36.0,-8.0,1.0,2.0,0.0,82.65207,0.0
75.0,230.06114,15.0,72.12502,30.843842,0.0,0.0,94.0,43.036488,6.0,6.0,35.0,0.0,43.867737,14.084623,0.0,0.0,20.041182,-8.0,7.0,2.0,0.0,83.0,0.0
84.0,-3.7594874,5.0,67.0,19.0,0.0,0.0,100.0,-7.0,7.0,8.0,7.0,2.910967,14.751793,0.0,0.0,0.0,16.0,51.399254,3.0,3.0,0.0,56.58616,0.0
84.0,182.25671,2.0,61.76668,19.0,0.0,0.0,100.0,-7.0,7.0,8.0,19.0,3.0,45.0,0.0,1.0,1.0,0.41617194,-8.0,2.0,3.0,0.0,43.0,0.0
68.0,-9.0,6.0,-9.0,5.068267,0.0,0.0,100.0,-7.0,7.0,8.0,5.0794063,1.0239581,13.907963,1.0,1.0,1.0,7.0,94.47879,2.0,2.0,0.0,60.0,0.0
89.03404,149.93417,7.0,75.0,24.46924,0.0,0.0,100.0,-7.0,7.0,8.0,26.0,3.0,37.020245,2.0,1.0,1.0,3.0,-8.0,3.0,1.0,0.0,44.0,0.0
78.0,172.58133,11.0,58.186752,31.02569,0.0,0.0,92.0,2.8511856,4.0,6.0,26.0,0.0,38.633884,0.0,0.0,0.0,1.0,59.469864,1.0,4.0,0.0,43.0,0.0
81.59723,176.49806,4.0,59.446114,12.0,0.0,0.0,100.0,-7.0,7.0,8.0,8.635077,1.2380787,15.0,2.0,3.0,3.0,11.0,-8.0,2.0,1.0,0.0,58.0,0.0
91.03621,274.47983,20.677416,112.08641,11.111288,0.0,0.0,100.0,-7.0,7.0,8.0,10.8739395,0.0,49.89792,0.0,0.0,0.0,3.0,-8.0,2.0,1.0,0.0,75.0,0.0
81.0,183.3775,3.0,66.73894,38.797657,0.0,0.0,99.62569,12.682774,6.0,6.0,33.8316,4.5940742,25.72531,1.0,4.0,5.0,6.344528,60.071815,1.0,2.0,0.0,-9.0,0.0
79.0,243.72673,5.0,81.0,48.910873,0.0,0.0,100.0,-7.0,7.0,8.0,63.026024,1.0,27.0,-7.0,0.0,1.0,27.407831,93.71563,6.0,2.0,1.0,39.675133,0.0
66.0,-1.5393554,11.0,21.793255,22.0,0.0,0.0,91.0,-7.0,4.0,6.0,21.0,1.0,65.88104,0.0,1.0,1.0,4.0,83.82429,1.0,4.0,0.0,50.0,0.0
75.0,185.3301,12.63343,97.382576,15.0,0.0,0.0,93.0,3.3791857,3.8187468,6.0,22.0,1.0,31.565693,0.0,1.0,1.0,6.830701,-8.0,2.0,2.0,0.0,59.819668,0.0
80.0,402.44217,7.0,85.53155,30.0,0.0,0.0,100.0,68.18572,6.0,6.0,29.210543,0.0,29.0,16.0,0.0,0.0,12.0,-8.0,5.0,2.0,1.0,60.0,0.0
80.36671,219.88304,5.0,76.69234,29.0,0.0,0.0,100.0,-7.0,7.0,8.0,29.784466,3.0,36.0,1.30958,0.0,0.0,15.0,86.52496,5.0,3.0,0.0,50.0,0.0
-9.0,-9.0,-9.0,-9.0,-9.0,-9.0,-9.0,-9.0,-9.0,-9.0,-9.0,-9.0,-9.0,-9.0,-9.0,-9.0,-9.0,-9.0,-9.0,-9.0,-9.0,-9.0,-9.0,0.0
57.403625,116.51498,8.0,79.0,15.0,0.0,0.0,88.0,11.620099,6.0,6.0,20.618475,1.0,30.0,-8.0,1.6233679,1.0,73.77166,53.534084,6.0,3.0,2.0,91.22096,0.0
67.0,-1.0850006,11.0,42.669235,44.231228,2.0,0.0,96.0,10.895317,6.0,3.0,44.36628,0.0,30.5939,1.0,2.0,2.0,21.0,70.132095,5.0,3.0,0.0,42.276386,0.0
68.0,170.63425,5.0,96.8325,47.88508,0.0,0.0,97.0,25.205118,6.0,6.0,37.497383,2.0,14.0,0.0,0.0,0.0,53.574448,89.39079,9.0,2.0,4.0,50.0,0.0
84.17122,101.799164,8.0,76.373055,29.266241,0.0,0.0,100.0,-7.0,7.0,8.0,12.627826,4.3384123,36.620075,0.0,2.0,2.0,1.0,64.421936,2.0,2.0,0.0,15.227899,0.0
83.0,125.929535,3.0,80.99099,25.0,0.0,0.0,100.0,-7.0,7.0,8.0,0.8960984,1.0,17.785479,12.0,0.0,0.0,11.0,70.942184,2.0,2.0,0.0,42.80295,0.0
86.0,182.17563,5.0,65.0,33.63291,0.0,0.0,100.0,-7.0,7.0,8.0,27.0,4.0,35.0,0.0,2.0,2.0,0.0,-8.0,4.0,1.0,0.0,25.0,0.0
62.943375,425.44836,5.0,88.147095,25.0,0.0,0.0,88.0,0.5984712,0.91651636,6.0,47.539455,3.0,14.0,3.0,1.0,1.0,11.512642,86.46674,10.867432,2.0,0.0,67.0,0.0
84.0,183.4505,13.429421,82.1157,17.0,0.0,0.0,100.0,-7.0,7.0,8.0,17.032795,0.0,25.754583,0.0,3.0,2.0,22.867704,-8.0,1.0,2.0,0.0,56.080368,0.0
78.0,305.0051,6.0,120.874535,47.607315,2.5018928,1.0,89.0,69.490974,6.0,2.0,43.53394,1.0,24.0,14.20219,0.0,0.0,7.0,-8.0,6.0,3.0,0.0,60.0,0.0
75.0,267.82526,8.24224,64.48814,16.0,1.0,0.0,79.95442,39.502647,6.0,4.932606,19.0,1.0,43.913765,-4.1474495,1.0,1.0,0.0,-8.0,1.0,2.0,0.0,40.0,0.0
-9.0,-9.0,-9.0,-9.0,-9.0,-9.0,-9.0,-9.0,-9.0,-9.0,-9.0,-9.0,-9.0,-9.0,-9.0,-9.0,-9.0,-9.0,-9.0,-9.0,-9.0,-9.0,-9.0,0.0
65.31542,56.49443,2.0,65.0,14.0,0.0,0.0,80.7552,5.6511326,6.0,6.0,11.671693,1.0,18.96853,0.0,1.0,1.0,52.782974,-8.0,3.0,1.0,0.0,55.002804,0.0
77.0,83.114944,7.0,58.210323,27.0,1.0,0.0,96.0,72.52797,6.0,5.0,26.0,2.0,56.85426,0.0,1.0,0.0,23.53303,62.417507,3.0,4.0,0.0,82.63244,0.0
76.0,177.16818,12.0,88.017944,22.0,0.0,0.0,88.0,47.686382,6.0,6.0,22.0,0.0,40.0,2.0,2.0,1.0,15.0,51.988384,5.0,3.6460786,0.0,100.0,0.0
-9.0,-9.0,-9.0,-9.0,-9.0,-9.0,-9.0,-9.0,-9.0,-9.0,-9.0,-9.0,-9.0,-9.0,-9.0,-9.0,-9.0,-9.0,-9.0,-9.0,-9.0,-9.0,-9.0,0.0
86.0,158.34825,8.0,100.2441,20.0,0.0,0.0,100.0,-7.0,7.0,8.0,20.0,1.0,25.0,1.0,2.0,2.0,10.937894,-8.0,3.0,1.0,0.0,75.0,0.0
81.0,123.606255,6.0,63.278328,28.150253,0.0,0.0,100.0,-7.0,7.0,8.0,28.0,1.0,44.0,-7.0,1.0,1.0,13.0,86.431984,3.0,4.0,0.0,68.95292,0.0
69.0,196.61629,35.479706,116.234634,12.0,2.0,1.0,84.4836,13.093736,5.0,2.0,16.859894,0.0,24.0,-7.0,1.0,0.0,50.759796,-8.0,3.0,1.3612201,1.0,71.0,0.0
68.0,182.67104,14.964209,76.00975,42.404648,1.0,0.0,86.39086,18.914932,6.0,5.0,42.223816,0.0,37.0,-7.0,0.0,0.0,40.892193,-8.0,11.0,2.0,3.0,83.994225,0.0
72.0,260.41248,15.0,123.61913,17.0,0.0,0.0,92.0,67.86924,6.0,6.0,17.0,1.0,26.0,-7.0,2.0,1.0,74.23562,83.8173,2.0,3.0,0.0,57.0,0.0
83.0,241.1448,16.271845,129.28146,27.666851,0.0,0.0,100.0,-7.0,7.0,8.0,37.0,0.0,67.46588,0.0,0.0,0.0,39.584274,71.05524,4.0,3.5635047,0.0,82.1237,0.0
74.73238,262.1457,12.0,95.7799,13.0,0.0,0.0,90.82778,38.449547,6.0,6.0,12.0,0.0,53.184696,-7.0,0.0,0.0,24.679571,-8.0,1.0,3.0,0.0,50.0,0.0
83.0,295.03912,8.0,102.569214,31.85638,0.0,0.0,89.42889,-7.0,6.0,6.0,32.182922,2.0,16.89041,22.772593,0.0,0.0,3.0,71.304085,6.0,3.0,0.0,52.16434,0.0
80.0,136.06453,13.0,74.0,12.0,0.0,0.0,100.0,-7.0,7.0,8.0,9.0,0.0,64.747505,1.2654852,1.0,1.0,6.0,60.72129,2.0,2.0,0.0,100.0,0.0
73.0,397.45465,2.0,162.07799,18.0,1.8212386,0.0,95.0,18.623531,6.0,2.0,24.0,1.0,25.0,0.0,0.0,0.0,0.0,11.809381,1.0,1.0,0.0,32.990906,0.0
73.0,196.74998,2.0,75.0,34.109364,0.0,0.0,94.0,21.733765,6.0,6.0,37.163643,2.0,47.0,-7.0409293,0.0,0.0,36.0,37.398716,6.5988903,11.36246,0.0,85.09175,0.0
73.85255,147.14302,4.0,61.0,47.551556,0.0,0.0,96.0,47.46451,6.0,5.0,46.93826,3.0,23.894844,0.0,1.0,1.0,26.370394,34.43954,6.0,5.0,3.0,50.0,0.0
75.0,140.6194,4.0,79.537445,9.082662,2.0,0.0,91.83107,73.65246,6.0,2.0,15.0,1.0,62.752895,0.0,3.5365117,3.0,1.0,94.911095,-9.0,5.0,0.0,100.0,0.0
79.25714,480.03568,3.0,100.0,23.319916,0.0,0.0,100.0,-7.0,6.0,8.0,24.841005,2.0,50.0,1.0195794,4.0,4.722368,15.306673,85.539505,5.0,4.0,0.0,69.09081,0.0
83.0,196.36095,7.064757,99.40378,25.0,0.0,0.0,100.0,-7.0,7.0,8.0,32.59616,1.0,50.0,12.992789,0.0,0.0,38.33314,61.637257,1.0,2.0,0.0,38.0,0.0
71.499886,196.533,5.933273,97.0,34.0,1.0,0.0,97.0,10.804654,6.0,4.0,37.0,4.0,57.214043,0.0,0.0,0.0,28.0,84.26309,6.0,2.0,0.0,63.0,0.0
78.0,207.61482,16.058374,125.3025,14.0,1.0,0.0,90.02689,38.02878,6.0,3.0,3.9938154,0.0,33.0,-8.0,0.0,0.0,11.015108,-8.0,1.5450053,2.0,0.0,60.0,0.0
88.0,321.09732,16.858519,175.8023,15.0,0.0,0.0,100.0,-7.0,7.0,8.0,21.0,0.0,7.8012576,8.0,0.0,0.0,18.363829,-8.0,3.0,1.0,0.0,48.46048,0.0
79.0,253.88339,5.0,109.13072,15.203733,0.0,0.0,85.10011,6.0,6.0,6.0,16.0,2.0,17.006077,-7.0,2.0,1.9397067,0.0,-8.0,1.0,1.0,0.0,0.64984673,0.0
85.0,85.517876,6.609803,42.8358,13.085331,0.0,0.0,100.0,-7.0,7.0,8.0,15.0,2.0,29.0,0.0,0.0,0.0,10.0,-8.0,1.0,1.0,0.0,25.0,0.0
72.0,194.20815,3.0,88.34427,33.0,0.0,0.0,88.0,8.530628,6.0,6.0,33.0,1.0,15.731665,0.0,4.0,4.0,0.0,-8.0,4.0,1.0,0.0,33.0,0.0
-9.0,-9.0,-9.0,-9.0,-9.0,-9.0,-9.0,-9.0,-9.0,-9.0,-9.0,-9.0,-9.0,-9.0,-9.0,-9.0,-9.0,-9.0,-9.0,-9.0,-9.0,-9.0,-9.0,0.0
86.0,337.8891,6.0,61.0,21.0,0.0,0.0,100.0,-7.0,7.0,8.0,46.98318,1.0,18.0,0.0,2.0,2.0,1.0,-8.0,3.0,1.0,0.0,56.0,0.0
85.0,335.2647,3.0,130.93004,34.0,0.0,0.0,100.0,-7.0,7.0,8.0,41.683357,1.0,26.0,-8.0,1.0,1.0,2.0,82.0,3.0,2.0,0.0,47.243645,0.0
79.0,263.88443,8.3682575,74.57793,14.0,0.0,0.0,95.0,30.801525,6.0,6.0,16.0,1.0,42.91569,12.431237,0.0,0.0,18.0,-8.0,4.0,2.0,0.0,67.0,0.0
88.0,232.27673,6.0,84.60028,23.0,0.0,0.0,100.0,-7.0,7.0,8.0,31.0,1.0,30.55106,0.0,0.0,0.0,2.0,91.0,1.0,4.0,0.0,39.671604,0.0
67.62973,246.78725,4.0,109.77789,31.0,0.0,0.0,92.0,-7.0,-9.0,6.0,33.717045,2.0,27.0,9.0,0.0,0.0,26.239199,5.267576,7.0,3.0,1.0,55.907776,0.0
90.0,177.53415,3.0,88.893166,20.0,0.0,0.0,100.0,-7.0,7.0,8.0,23.0,2.0,25.0,6.0,2.0,2.0,5.0,-8.0,1.0,1.0,0.0,14.077481,0.0
72.40419,163.33846,24.535732,88.05846,27.0,0.0,0.0,100.0,-7.0,7.0,8.0,28.0,0.0,22.589308,-7.0,0.0,0.0,70.214455,-8.0,8.0,2.0,2.0,75.0,0.0
70.0,119.585556,3.0,45.674274,15.0,0.0,0.0,89.42439,39.45779,6.0,6.0,19.29451,2.0,35.0,0.0,2.0,2.0,21.0,100.0,6.0,2.0,1.0,100.0,0.0
82.0,159.17451,4.0,63.93596,20.0,0.0,0.0,100.0,-7.0,7.0,8.0,23.0,2.0,24.531553,-7.0,0.0,0.0,31.925968,-8.0,3.0,1.0,0.0,50.0,0.0
72.0,277.11426,11.0,124.912994,21.16769,0.0,0.0,100.0,-7.0,7.0,8.0,22.0,1.0,36.0,0.0,0.0,0.0,36.22816,61.78357,2.0,5.4481707,1.0,56.0,0.0
-9.0,188.92747,14.324074,88.734375,24.0,0.0,0.0,76.80978,-7.0,0.0,6.0,27.573893,0.0,25.0,-7.0,0.0,0.0,112.73512,58.51575,6.0,2.0,8.433955,77.4429,0.0
74.85542,388.53995,4.0,92.999756,33.872482,0.0,0.0,93.070564,14.818993,6.0,6.0,34.0,2.0,31.892744,0.0,2.0,2.511905,26.757988,62.745388,5.0,2.0,2.0,43.0,0.0
82.0,84.434525,2.0,51.452496,29.0,0.0,0.0,100.0,-7.0,7.0,8.0,27.194792,6.200524,25.0,0.0,3.0,2.0,11.0,-8.0,3.0,2.0,0.0,60.0,0.0
85.0,198.24928,6.0,86.80625,22.0,0.0,0.0,100.0,-7.0,7.0,8.0,16.0,3.0,21.0,0.0,0.0,0.0,13.036663,-8.0,3.0,1.0,0.0,30.678371,0.0
80.0,204.27652,1.0,74.990036,18.0,0.0,0.0,92.0,36.45176,6.0,6.0,16.385017,3.0,42.734066,0.0,2.0,2.0,1.0,59.912117,1.0,3.0,0.0,67.0,0.0
71.59868,115.53389,5.982623,32.83587,21.006792,0.0,0.0,100.0,-7.0,7.0,8.0,26.0,6.0,43.369854,0.0,0.0,0.0,63.146523,84.865364,3.0,3.0,1.0,100.0,0.0
88.0,331.79694,8.0,99.20741,19.0,0.0,0.0,100.0,-7.0,7.0,8.0,30.0,1.0,16.0,0.0,0.0,0.0,1.0,-8.0,2.0,-8.0,0.0,36.46297,0.0
62.0,182.25305,4.30145,65.68678,50.381042,0.0,0.0,97.0,1.0,6.0,6.0,52.730644,1.5121713,33.0,5.0,0.0,0.0,73.55593,97.732956,12.262071,2.0,3.0,81.84175,0.0
84.0,258.22833,35.796577,149.058,12.0,0.0,0.0,93.0,75.53899,6.0,6.0,16.0,0.0,30.0,1.0,0.0,0.0,30.814701,-8.0,3.0,1.0,0.0,51.806145,0.0
87.0,188.376,3.0,103.79966,32.482407,0.0,0.0,100.0,-7.0,7.0,8.0,36.664524,1.0,11.7439995,0.0,1.0,1.0,1.0,-8.0,5.0,-8.0,0.0,33.0,0.0
71.0,520.82965,1.0,101.909546,27.0,0.0,0.0,100.0,-7.0,7.0,8.0,33.21742,2.0,22.0,0.0,5.0,5.104138,40.52043,52.22792,12.622502,2.0,8.88165,70.6748,0.0
82.0,257.26456,5.0,114.65221,19.0,0.0,0.0,100.0,-7.0,7.0,8.0,24.0,3.0,33.0,6.9710226,0.0,0.0,34.667206,-8.0,3.0,1.0,1.0,36.815052,0.0
70.0,-4.212701,9.0,52.475464,-9.0,0.0,0.0,100.0,-7.0,7.0,8.0,6.8198676,1.0,17.300802,12.0,0.0,0.0,65.198395,-8.0,2.0,1.0,1.0,80.0,0.0
81.0,191.32732,5.0,62.20232,22.0,0.0,0.0,91.14075,24.213387,6.0,6.0,22.0,3.4074178,47.0,3.0,0.0,0.0,1.0,49.950706,2.0,2.0,0.0,40.02783,0.0
88.0,161.91776,8.0,72.54343,19.0,0.0,0.0,100.0,-7.0,7.0,8.0,22.429316,1.0,45.0,7.8119473,1.0,1.0,6.0,63.574013,2.0,1.0,0.0,60.0,0.0
89.0,291.89926,6.0,93.00767,23.282581,0.0,0.0,100.0,-7.0,7.0,8.0,41.658985,2.0,20.175266,-8.0,0.0,0.0,0.72288674,-8.0,2.0,1.0,0.0,25.493774,0.0
77.0,125.229706,2.0,17.1474,7.813748,0.0,0.0,100.0,-7.0,7.0,8.0,10.0402975,2.0,23.395792,0.0,2.0,2.0,1.0,-8.0,1.0,4.0,0.0,50.0,0.0
81.74638,229.08003,21.096933,103.57534,22.0,0.0,0.0,89.25413,21.827047,6.0,6.0,27.961325,0.0,34.26798,-7.0,4.0,4.0,19.078058,70.38073,3.0,4.0,0.0,79.254906,0.0
-9.0,-9.0,-9.0,-9.0,-9.0,-9.0,-9.0,-9.0,-9.0,-9.0,-9.0,-9.0,-9.0,-9.0,-9.0,-9.0,-9.0,-9.0,-9.0,-9.0,-9.0,-9.0,-9.0,0.0
84.0,315.51544,1.0,98.758446,39.224834,0.0,0.0,100.0,-7.0,7.0,8.0,39.716064,1.0,35.0,3.0,1.0,1.0,8.0,64.71918,2.0,5.0,0.0,50.0,0.0
87.27259,102.8839,33.005608,83.0,13.0,0.0,0.0,100.0,-7.0,7.0,8.0,18.0,0.0,18.0,0.0,0.0,0.0,6.0,-8.0,1.0,1.0,0.0,51.706814,0.0
83.0,107.11769,10.0,72.0,11.0,0.0,0.0,94.0,34.458973,6.0,6.0,12.0,1.0,10.092089,0.0,1.0,1.0,7.0,-8.0,1.0,1.0,0.0,20.145489,0.0
76.26713,201.80855,13.1885395,100.90406,40.227657,0.0,0.0,100.0,-7.0,6.0,6.0,48.554375,0.0,49.648563,1.0,1.0,1.0,0.9553215,61.07346,3.0,2.0,0.0,50.0,0.0
80.0,310.5912,1.0,93.0,36.489643,0.0,0.0,100.0,-7.0,-9.0,6.0,53.48792,4.0,49.584408,0.0,0.0,0.0,12.468069,61.26222,5.0,2.0,0.0,63.0,0.0
84.0,243.31488,2.0,100.48506,30.632418,0.0,0.0,100.0,-7.0,7.0,8.0,31.0,4.0,21.970245,1.0,2.0,2.0,13.373168,71.01085,1.0668124,1.0,0.0,25.0,0.0
67.263695,132.96617,9.851733,44.99182,31.0,0.0,0.0,100.0,-7.0,7.0,8.0,22.0,1.0,21.622042,9.0,0.0,0.0,48.088223,59.996597,6.0,3.0,1.0,67.0,0.0
74.0,255.291,4.0,103.16903,17.0,0.0,0.0,100.0,-7.0,7.0,8.0,15.0,2.0,27.0,9.0,1.0,1.0,32.0,-8.0,7.0,4.0,0.0,90.82863,0.0
68.130936,272.41006,19.530815,121.84086,14.0,1.0,1.0,83.416466,11.6604,4.0,5.0,14.0,0.0,24.0,1.0,1.0,1.0,9.945415,-8.0,3.0,1.0,0.0,33.0,0.0
73.0,166.17926,4.0,61.0,19.0,0.0,0.0,100.0,-7.0,7.0,8.0,23.0,2.0,44.221256,0.0,2.0,2.0,32.0,-8.0,2.0,1.0,1.0,37.657803,0.0
81.0,153.3867,2.0,80.371346,18.0,0.0,0.0,93.0,28.201492,6.0,5.0,16.0,2.0,14.842821,10.197591,1.0,1.0,2.0,-8.0,2.0,1.0,0.0,49.172375,0.0
84.0,227.43365,3.0,84.0,27.0,0.0,0.0,94.0,19.664753,6.0,6.0,27.0,1.0,33.0,-8.0,0.0,0.0,0.0,-4.367471,1.0,3.0,0.0,50.0,0.0
36.472237,313.90793,15.0,99.98977,29.0,2.0,1.1529701,91.550514,-7.0,-9.0,6.0,26.0,0.0,33.0,2.0,0.0,0.0,0.0,40.383076,0.10228979,2.0,0.0,24.514177,0.0
81.1722,417.90222,15.146487,179.07243,25.716282,0.0,0.0,100.0,-7.0,7.0,8.0,38.0,0.0,10.915683,23.077824,0.0,0.0,22.448942,67.69618,6.0,2.0,2.0,48.840084,0.0
91.0,418.70703,41.539963,187.5706,13.031208,0.0,0.0,100.0,-7.0,7.0,8.0,15.0,0.0,16.215252,0.0,0.0,0.0,1.0,-8.0,2.0,1.0,0.0,50.0,0.0
78.0,108.825775,7.0,64.41004,27.0,0.0,0.0,100.0,-7.0,7.0,8.0,27.175701,2.0,19.0,0.0,0.0,0.0,15.0,-8.0,4.0,1.0,1.0,31.27587,0.0
83.0,226.99864,3.0,92.92673,28.0,0.0,0.0,95.0,37.39833,6.0,6.0,28.0,1.0,19.940592,0.0,0.0,0.0,6.0,55.81196,4.0,3.0,0.0,50.0,0.0
70.0,199.32236,2.0,75.0,32.0,0.0,0.0,96.0,20.350101,6.0,6.0,44.67064,3.0,31.234367,0.0,2.0,2.0,28.0,76.0,11.0,4.0,3.0,81.7615,0.0
64.736626,234.14284,20.99383,140.17932,40.69716,1.0,0.0,88.0,8.084511,4.0,5.0,38.0,0.0,20.0,0.0,0.5147605,0.42473015,21.83226,93.0,7.0,2.0,0.0,56.317543,0.0
64.0,338.57718,3.0,76.948685,28.0,0.0,0.0,96.0,-0.8889791,-9.0,6.0,30.0,4.0,30.0,0.0,3.0,3.0,15.430871,52.746334,5.0,3.0,0.0,60.0,0.0
83.83581,161.74779,12.837698,119.87815,10.192054,0.0,0.0,95.3848,4.0,6.0,6.0,7.0,1.0,73.466354,-8.0,0.0,0.0,0.0,79.527534,1.0,2.0,0.0,84.53905,0.0
82.0,138.43448,22.11805,49.90782,13.0,0.0,0.0,100.0,-7.0,7.0,8.0,14.0,0.0,65.92026,0.0,0.0,0.0,15.0,77.834785,3.0,2.0,0.0,60.0,0.0
72.41351,-9.0,3.0,-9.0,6.0,0.0,0.0,91.0,38.081635,6.0,5.8500614,9.0,1.0,35.0,0.0,2.0,1.3431594,31.439835,59.05584,2.0,3.0,0.0,63.0,0.0
69.7286,373.8829,3.0,92.54788,24.0,2.0,1.0,79.46607,6.621968,4.0,6.0,29.514585,2.0,44.0,9.1894655,0.0,1.0,13.018478,22.674452,3.0,4.0,0.0,67.0,0.0
71.0,480.46155,3.0,103.04367,27.79709,0.0,0.0,95.897095,66.64484,6.0,6.0,32.0,3.15433,23.0,3.0,0.0,0.0,53.72707,77.89162,4.0,2.0,3.0,80.0,0.0
-9.0,-9.0,-9.0,-9.0,-9.0,-9.0,-9.0,-9.0,-9.0,-9.0,-9.0,-9.0,-9.0,-9.0,-9.0,-9.0,-9.0,-9.0,-9.0,-9.0,-9.0,-9.0,-9.0,0.0
89.0,145.03923,10.06091,82.50497,28.0,0.0,0.0,100.0,-7.0,7.0,8.0,14.0,1.0355248,42.736523,20.688122,0.0,0.0,4.0,-8.0,2.0,1.0,0.0,26.150196,0.0
75.0,232.45102,23.837671,93.0,31.191936,0.0,0.0,100.0,-7.0,7.0,8.0,34.18338,0.0,58.888264,5.4127917,0.0,0.0,45.18745,58.38418,3.0,4.0,1.0,75.0,0.0
56.65342,219.00865,5.0,106.84924,23.271278,2.0,1.0,77.970116,-4.7854314,-6.6432266,5.0,30.0,4.0,25.0,-7.0,1.0,1.0,7.51146,34.85822,6.0,2.0,0.0,44.0,0.0
63.131786,313.75568,5.0,94.8384,20.0,1.0,0.33730665,92.0,11.462352,4.0,2.0,22.0,2.0,49.454987,0.0,3.0,3.0,1.1962802,-8.0,3.0,1.0,1.0,70.0,0.0
81.0,52.13661,3.0,59.77958,19.710768,0.0,0.0,100.0,-7.0,7.0,8.0,21.0,1.7172801,44.0,0.0,4.0,4.0,11.0,60.41347,1.0,2.0,0.0,40.0,0.0
88.0,186.7615,8.0,70.0,33.070576,0.0,0.0,100.0,-7.0,7.0,8.0,29.0,2.0,39.0,4.729807,0.0,0.0,1.0,-8.0,2.0,1.0,0.0,20.430183,0.0
66.0,301.64166,4.0,91.14094,36.0,0.0,0.0,100.0,-7.0,7.0,8.0,29.303703,2.0,24.0,2.0,2.0,2.0,70.58675,95.03817,8.0,2.0,4.0,67.0,0.0
84.0,254.88077,6.789935,125.54652,32.0,0.0,0.0,100.0,-7.0,7.0,8.0,9.68475,4.0,11.0,3.0,1.0,1.0,14.142365,-8.0,1.0,1.0,0.0,-9.0,0.0
66.0,241.11198,12.0,72.128296,33.400578,0.0,0.0,91.0,3.947624,4.0,6.0,40.27247,1.0,18.0,2.0,0.0,0.0,4.0,-8.0,2.0,1.0,0.0,30.9705,0.0
77.50526,278.26654,2.0,67.0,18.0,0.0,0.0,100.0,-7.0,7.0,8.0,22.0,3.0,36.23149,0.0,1.0,1.0,40.35617,30.963898,4.0,2.0,0.0,72.137955,0.0
85.24246,396.6292,1.0,149.76993,23.0,0.0,0.0,100.0,-7.0,7.0,8.0,22.0,4.0,0.0,0.0,0.0,0.0,2.9426754,-8.0,2.0,1.0,0.0,15.766161,0.0
63.0,195.049,9.0,70.0,11.056781,3.5708644,1.0,33.680595,9.260942,4.0,5.0,13.0,4.0,18.0,0.0,1.0,1.0,35.266144,65.11638,2.0,1.0,0.0,51.22618,0.0
-9.0,-9.0,-9.0,-9.0,-9.0,-9.0,-9.0,-9.0,-9.0,-9.0,-9.0,-9.0,-9.0,-9.0,-9.0,-9.0,-9.0,-9.0,-9.0,-9.0,-9.0,-9.0,-9.0,0.0
69.0,203.45956,3.0,72.145096,32.0,2.890213,2.7658088,86.03747,43.59831,6.0,3.0,38.629345,3.0,43.126713,4.0,0.0,0.0,48.237835,54.73146,3.0,2.0,1.0,44.74362,0.0
71.0,68.19917,1.0,44.59028,13.0,0.0,0.0,100.0,-7.0,7.0,8.0,14.0,2.0,57.296978,0.0,4.0,3.010863,85.069496,99.69886,3.0,2.0,2.0,80.0,0.0
80.0,296.86322,-9.0,79.73984,31.350296,0.0,0.0,100.0,-7.0,7.0,8.0,34.84016,3.0,19.487791,-7.1298494,0.0,0.0,4.0,46.00832,6.0,6.0,0.0,60.0,0.0
87.0,276.50708,3.0,106.74184,10.0,0.0,0.0,100.0,-7.0,7.0,8.0,15.0,1.0,10.064972,2.0,0.0,0.0,10.880397,-8.0,2.0,-9.0,0.0,4.604912,0.0
68.16403,242.00531,9.157727,114.335655,12.0,0.0,0.0,95.0,-7.0,6.0,6.0,10.0,2.0,60.20419,1.0,1.0,1.0,30.817858,75.576675,3.0,4.0,0.0,100.0,0.0
74.0,350.07883,2.0,88.41518,34.0,0.0,0.0,95.0,20.923782,6.0,6.0,43.254566,5.0,47.722775,11.788078,0.0,0.0,17.722527,46.569004,4.0,4.0,1.0,64.0,0.0
83.0,370.37128,9.0,176.8467,36.134426,0.0,0.0,100.0,-7.0,7.0,8.0,40.657352,3.0,0.0,9.391256,1.0,0.0,1.0,-8.0,4.0,2.0,0.0,25.0,0.0
76.0,-8.0,11.0,-0.87447095,8.0,0.0,0.0,100.0,-7.0,7.0,8.0,10.0,2.0,50.0,0.0,2.0,1.0,49.468834,67.47599,1.0,2.0,0.0,83.0,0.0
81.0,289.5314,7.0,84.80925,19.0,0.0,0.0,100.0,-7.0,7.0,8.0,17.0,1.0495224,54.334785,0.0,0.0,0.0,64.62189,82.00917,1.0,3.0,-8.438043,100.0,0.0
76.0,106.154594,3.0,31.578491,11.904461,0.0,0.0,100.0,-7.0,7.0,8.0,7.0,3.0,19.542225,0.0,0.0,0.0,13.0,67.627396,2.0,2.0,0.0,50.0,0.0
82.0,230.68536,1.0,81.069565,30.064709,0.0,0.0,97.0,9.266679,6.0,6.0,30.0,1.2945999,16.896011,0.0,2.0,2.0,4.0,35.333717,2.0,2.0,0.0,37.892365,0.0
83.0,382.76746,4.0,97.53556,29.0,0.0,0.0,100.0,-7.0,7.0,8.0,26.0,2.0,17.0,21.016954,0.0,0.0,0.0,-8.0,2.0,1.0,0.0,41.827316,0.0
83.0,150.21516,5.0,74.0,28.0,0.0,0.0,100.0,-7.0,7.0,8.0,28.0,1.2530079,33.0,2.0,0.0,0.0,4.0,74.98776,4.0,2.0,0.0,100.0,0.0
87.0,208.18147,19.454622,152.74738,28.0,0.0,0.0,97.0,70.53425,6.0,6.0,50.72112,0.0,36.17869,15.572155,0.0,0.0,0.90764266,-8.0,0.65320647,1.0,0.0,12.021693,0.0
92.8171,193.76607,11.82467,104.89745,18.0,0.0,0.0,100.0,-7.0,7.0,8.0,21.0,1.0,17.0,0.0,0.0,0.0,1.0,-8.0,3.0,-8.0,0.0,25.0,0.0
86.0,331.7805,4.0,95.68059,14.0,0.0,0.0,100.0,-7.0,7.0,8.0,13.0,1.0,25.0,-7.0,0.0,0.0,1.0,-8.0,1.0,1.0,0.0,15.626246,0.0
88.30038,261.73602,36.49868,116.020874,4.648996,0.0,0.0,100.0,-7.0,7.0,8.0,16.600803,0.0,20.0,-8.0,0.0,0.0,2.0,-8.0,3.0,1.0,0.0,67.96814,0.0
85.0,261.60452,10.0,90.0,29.0,0.0,0.0,100.0,-7.0,7.0,8.0,28.0,2.0,20.0,5.0,0.0,0.0,1.0,-8.0,1.0,1.0,0.0,46.445965,0.0
72.0,218.03241,33.55122,158.37346,18.0,0.0,0.0,100.0,-7.0,6.0,8.0,8.130847,0.0,14.59449,10.848474,0.0,0.0,30.343483,-8.0,7.693933,1.0,1.0,75.0,0.0
77.03625,232.41888,4.0,114.952736,29.0,0.0,0.0,92.0,20.69554,6.0,6.0,34.0,3.0,29.775263,0.0,2.0,2.0,16.703468,-8.0,7.0,1.0,0.0,67.0,0.0
82.0,262.07568,2.0,120.656906,18.0,0.0,0.0,100.0,-7.0,7.0,8.0,20.0,2.0,33.0,-7.0,0.0,0.0,48.855755,91.0,5.0,2.0,1.0,88.08275,0.0
92.99113,319.63394,7.0,147.64322,12.681887,0.0,0.0,100.0,-7.0,7.0,8.0,11.815212,1.0,17.0,0.0,0.0,0.0,2.5032086,-8.0,1.0,-8.0,0.0,-9.0,0.0
90.0,218.89392,12.0,121.65235,11.570834,0.0,0.0,100.0,-7.0,7.0,8.0,14.0,0.0,31.0,0.0,0.0,0.0,0.0,63.585808,2.0,1.0,0.0,67.0,0.0
86.0,137.4034,2.0,65.21211,14.0,0.0,0.0,100.0,-7.0,7.0,8.0,5.5166793,2.0,16.0,0.0,1.0,0.0,9.0,-8.0,4.0,2.0,0.0,52.54706,0.0
-9.0,-9.0,-9.0,-9.0,-9.0,-9.0,-9.0,-9.0,-9.0,-9.0,-9.0,-9.0,-9.0,-9.0,-9.0,-9.0,-9.0,-9.0,-9.0,-9.0,-9.0,-9.0,-9.0,0.0
87.0,424.89264,7.0,119.31211,25.868786,0.0,0.0,100.0,-7.0,7.0,8.0,29.736458,2.0,22.0,-1.729514,0.0,0.0,4.1644454,59.354893,1.0,1.0,0.0,22.61889,0.0
76.0,305.37668,42.539707,192.14172,14.0,0.0,0.0,92.0,33.662636,6.0,6.0,18.0,0.0,27.845514,0.0,0.0,0.0,26.506104,-8.0,1.0,1.0,0.0,49.70408,0.0
-9.0,-9.0,-9.0,-9.0,-9.0,-9.0,-9.0,-9.0,-9.0,-9.0,-9.0,-9.0,-9.0,-9.0,-9.0,-9.0,-9.0,-9.0,-9.0,-9.0,-9.0,-9.0,-9.0,0.0
79.0,110.7972,3.0,30.844904,15.0,0.0,0.0,100.0,-7.0,7.0,8.0,16.0,4.0,18.0,0.0,0.0,0.0,12.040027,100.0,2.0,3.0,0.0,50.0,0.0
86.0,163.94557,4.0,119.66608,13.0,0.0,0.0,100.0,-7.0,7.0,8.0,15.0,1.0,42.0,0.0,0.0,0.0,24.230694,-8.0,3.0,1.0,2.0,67.0,0.0
71.0,241.39626,1.0,89.84981,39.0,1.0,1.0,95.0,40.016357,6.0,4.0,47.07282,3.0,34.207214,-7.0,4.848543,4.09312,4.795924,75.94152,2.0,3.0,0.0,25.0,0.0
84.0,408.17047,3.0,246.25705,24.0,1.0,0.0,92.0,20.898615,4.9682617,4.0,25.900019,2.155336,33.0,1.0,2.0,2.0,9.0,88.0,4.0,6.0,0.0,71.593925,0.0
87.44553,186.62462,40.197346,120.893906,17.0,0.0,0.0,100.0,-7.0,7.0,8.0,19.0,0.0,31.0,0.0,0.0,0.0,22.494349,21.891415,1.0,3.0,0.0,80.0,0.0
67.347275,303.83258,1.0,83.0,30.462511,0.0,0.0,96.0,18.628088,6.0,6.0,33.0,10.601886,17.0,2.0,0.0,0.0,18.340223,-8.0,11.0,2.0,1.0,71.0,0.0
83.0,390.31253,17.147146,116.272606,17.0,0.0,0.0,100.0,-7.0,7.0,8.0,19.0,0.0,47.0,0.0,0.0,0.0,29.879433,-8.0,3.5469332,2.0,0.0,67.0,0.0
88.18058,432.23328,6.682186,285.45724,19.0,0.0,0.0,100.0,-7.0,7.0,8.0,16.830458,1.0,19.0,-7.0,0.0,0.0,6.6481285,-8.0,3.0,1.0,0.0,40.0,0.0
68.74902,267.26266,3.0,83.2663,23.0,0.0,0.0,95.0,44.192894,6.0,6.0,26.403059,1.0,19.0,8.0,0.0,0.0,86.325294,80.29494,8.0,2.0,4.4687586,80.0,0.0
91.0,485.53442,28.694258,120.33205,10.0,0.0,0.0,100.0,-7.0,7.0,8.0,12.863005,0.0,13.0,-7.0,0.0,0.0,2.4466686,-8.0,1.0,-8.92282,0.0,32.879284,0.0
74.0,203.347,8.0,66.84304,17.0,1.0,1.0,92.0,29.208736,6.0,3.0,22.0,1.0,46.821346,7.0,0.0,0.0,2.0,67.41929,1.0,2.0,0.0,33.0,0.0
70.0,126.870155,14.0,62.005844,-9.0,2.0,2.0,77.220375,55.54499,6.0,2.9747443,9.0,2.0,26.0,2.0363607,2.0,2.0,74.51224,-8.0,2.0,1.0,0.0,80.0,0.0
81.05867,-9.0,7.0,48.504086,7.1688294,0.0,0.0,100.0,-7.0,7.0,8.0,-9.0,2.0,74.401474,0.0,0.0,0.0,0.0,85.13192,1.0,2.0,0.0,91.65945,0.0
77.0,172.68665,4.1882043,75.18471,41.057415,0.0,0.0,100.0,-7.0,7.0,8.0,37.813446,2.0,53.56343,0.0,2.0,2.0,57.137936,94.176285,7.0,2.0,2.0,93.871056,0.0
79.0,449.154,20.950243,116.44313,26.683186,0.0,0.0,100.0,-7.0,7.0,8.0,29.0,0.0,0.0,17.33656,0.0,0.0,19.280754,-8.0,5.0,-8.0,0.0,43.0,0.0
83.0,145.46417,2.0,40.361732,20.0,0.0,0.0,100.0,-7.0,7.0,8.0,23.551111,4.0,24.0,0.0,2.313907,2.2265358,6.0,93.14757,1.0,2.0,0.0,41.62243,0.0
88.0,347.92477,13.397722,86.72595,24.0,0.0,0.0,100.0,-7.0,7.0,8.0,22.0,0.0,45.0,0.0,1.0,1.0,10.0,84.64252,1.0,3.0,0.0,40.0,0.0
79.0,325.3921,47.349327,158.63606,6.0,0.0,0.0,91.60242,41.862564,6.0,6.0,10.385162,0.0,43.956215,0.0,0.0,0.0,1.0,-8.0,1.0,1.0,0.0,47.177216,0.0
73.0,147.4287,6.8695874,82.0,-9.0,1.0,1.0,100.0,-7.0,6.0,8.0,7.0,1.0,0.0,0.0,0.0,0.0,17.888378,-8.0,4.0,-8.0,0.0,100.0,0.0
54.096626,191.07127,3.0,107.90363,3.745917,0.0,0.0,57.216988,2.2654815,1.5021442,6.0,9.0,1.0,43.405422,-7.0,0.0,0.0,28.124086,-8.0,2.0,1.0,0.0,82.57303,0.0
84.05492,196.95413,12.0,103.12596,13.0,0.0,0.0,100.0,-7.0,7.0,8.0,15.98335,0.0,61.790016,0.0,0.0,0.0,28.039804,-8.0,2.0,1.9762771,0.0,50.0,0.0
82.0,116.70325,2.0,68.260284,11.561753,0.0,0.0,100.0,-7.0,7.0,8.0,7.0,2.0,38.0,0.0,0.0,0.0,1.0,86.46371,1.0,2.0,0.0,43.377853,0.0
90.402,354.8812,21.172451,94.93074,11.6847925,0.0,0.0,100.0,-7.0,7.0,8.0,9.139405,0.0,45.196667,-8.0,0.0,0.0,8.0,-8.0,1.0,2.0,0.0,57.0,0.0
73.0,253.26622,0.86075675,102.65531,35.923927,0.0,0.0,100.0,-7.0,6.0,8.0,39.80187,4.6299877,23.0,0.0,5.8047748,5.36298,30.694284,-8.0,8.0,1.0,3.0,43.91051,0.0
75.0,229.94441,8.0,92.48243,18.0,2.0,0.0,82.25587,4.827016,4.0,2.0,19.0,1.0873595,26.350891,4.0,0.0,0.0,1.9582573,24.283524,6.0,1.0,0.0,55.7999,0.0
85.0,116.33842,2.0,56.81105,8.826566,0.0,0.0,100.0,-7.0,7.0,8.0,8.0,3.0,24.0,11.514901,1.0,1.5468825,12.3224325,100.0,1.0,2.0,0.0,67.0,0.0
70.0,-9.0,4.0,-9.0,4.9088526,0.0,0.0,100.0,-7.0,7.0,8.0,4.642037,2.0,45.0,0.0,3.0,3.0,14.0,16.037525,2.0,1.0,0.0,50.0,0.0
80.0,214.90083,5.0,71.0,40.416256,0.0,0.0,97.0,48.00338,6.0,6.0,38.0,2.0,45.0,0.0,1.0,1.0,19.148075,79.74908,1.0,7.156109,0.0,39.28309,0.0
68.0,247.91254,2.0,79.257744,54.251545,0.0,0.0,97.0,7.756739,6.0,6.0,59.492607,3.0,37.41837,0.0,0.0,0.0,27.292343,45.28071,11.0,6.0,2.0,67.0,0.0
79.0,310.97247,4.0,86.432625,47.24788,0.0,0.0,100.0,24.482506,6.0,6.0,53.79152,3.0,17.0,1.0,1.0,1.0,15.382489,-8.0,14.939496,1.0,0.0,67.0,0.0
63.819675,132.03207,4.0,-0.6066028,27.0,0.0,0.0,100.0,-7.0,7.0,8.0,31.0,10.079795,27.33781,0.0,2.0,2.2458632,50.02503,91.0,4.0,4.0,4.0,60.0,0.0
75.0,-9.0,7.0,65.34465,21.0,0.0,0.0,94.0,23.281939,6.0,6.0,6.495009,1.0,20.0,0.0,0.0,0.0,18.988365,96.377785,4.0,5.0,0.0,76.25239,0.0
71.0,344.6132,2.0,74.70912,17.0,0.0,0.0,91.0,2.005893,4.0,6.0,18.292744,4.0,36.0,-7.0,2.0,1.0203118,11.0,75.89094,5.0,1.0,0.0,50.0,0.0
70.0,198.1565,3.0,70.78756,27.913166,1.0,0.0,94.0,43.514072,6.0,6.0,31.0,3.0,31.0,4.0,0.0,0.0,3.0,-8.0,4.0,3.0,0.0,67.0,0.0
81.728455,141.43832,9.24632,80.849335,22.0,0.0,0.0,100.0,-7.0,7.0,8.0,27.563473,1.0,33.47306,-8.0,0.0,0.0,12.074122,62.7527,4.695562,1.0,0.0,64.0,0.0
89.8735,166.22069,34.20218,119.98338,-9.0,0.0,0.0,100.0,-7.0,7.0,8.0,4.0799055,0.0,17.0,-8.0,0.0,0.0,2.0,-8.0,1.0,1.0,0.0,42.01525,0.0
85.0,114.244896,15.0,75.0,33.0,0.0,0.0,100.0,-7.0,7.0,8.0,36.568027,0.0,35.0,-7.0,0.0,0.0,2.1257951,-8.0,1.0,1.0,0.0,40.26057,0.0
79.0,145.42618,6.0,71.0,17.0,0.0,0.0,100.0,-7.0,6.0,8.0,21.0,1.0,37.0,6.0,0.0,0.0,43.795723,94.59303,2.0,1.0,0.0,43.0,0.0
74.0,202.56558,4.0,103.166275,7.608372,0.0,0.0,93.16498,51.221027,6.0,6.0,10.0,3.0,68.64617,0.0,4.0,3.7037866,41.58402,-8.0,4.74599,1.0,0.0,100.0,0.0
64.76044,131.98744,4.0,66.07134,9.0,4.996683,7.240176,83.82526,40.442116,6.0,1.9515328,17.0,2.0,54.00612,-7.0,1.0,1.0,80.10711,-8.0,3.0,3.0,2.0,90.43595,0.0
72.1605,133.26695,2.0,63.939137,25.0,0.0,0.0,100.0,-7.0,7.0,8.0,25.0,3.0,42.381035,0.0,1.0,1.0,36.996376,71.0665,3.0,6.0,1.0,88.0,0.0
74.0,170.35904,3.0,83.0,30.747568,0.0,0.0,100.0,-7.0,7.0,8.0,35.063667,2.0,31.762526,0.0,4.0,5.0,5.106022,96.18181,5.0,3.0,0.0,57.0,0.0
-9.0,-9.0,-9.0,-9.0,-9.0,-9.0,-9.0,-9.0,-9.0,-9.0,-9.0,-9.0,-9.0,-9.0,-9.0,-9.0,-9.0,-9.0,-9.0,-9.0,-9.0,-9.0,-9.0,0.0
89.0,675.6659,3.0,153.7621,34.114277,0.0,0.0,100.0,-7.0,5.0,6.0,35.0,2.0,24.0,0.0,1.0,1.0,1.0,56.67427,4.0,1.62286,0.0,33.0,0.0
71.0,205.62791,5.0,84.0,13.0,2.0,0.0,62.639854,33.01591,6.0,5.0,14.447829,2.0,54.894634,0.0,0.0,0.0,4.1247406,84.633644,1.0,5.0,-4.342481,100.0,0.0
85.0,187.81992,59.359474,144.88971,13.770578,0.0,0.0,100.0,-7.0,7.0,8.0,22.0,0.0,12.874769,0.0,0.0,0.0,1.0350757,-8.0,2.0,-8.0,0.0,37.67252,0.0
72.0,190.04947,2.0,71.0,36.749527,1.0,1.0,95.0,44.17988,6.0,4.0,33.92276,2.0,14.0,5.0,1.0,1.0,14.0,-8.0,10.700422,-8.0,0.0,57.0,0.0
63.022045,205.17516,3.0,72.0,15.0,0.0,0.0,77.88009,52.521217,6.0,5.0,17.0,3.0,50.0,0.0,1.0,1.0,60.706333,71.0,2.0,3.0,1.0,80.50175,0.0
70.0,182.84698,1.0,75.0,8.845248,3.473252,1.0,69.19851,37.061024,6.0,2.0,12.0,2.0,63.488686,-7.0,4.0,3.0,14.755963,91.37773,1.0,2.0,0.0,88.0,0.0
73.0,166.61414,15.0,79.0,37.854176,1.0,0.0,94.0,9.307879,4.0,5.0,37.312626,0.0,22.0,0.0,4.0,3.0,8.368455,84.004166,5.0,4.0,0.0,56.0,0.0
79.0,206.6431,3.0,70.25151,27.0,0.0,0.0,100.0,-7.0,7.0,8.0,27.682594,3.0,25.0,0.0,1.0,1.0,14.0,-8.0,3.0,-8.0,0.0,35.822514,0.0
66.46222,431.30984,7.4464593,162.38704,28.302473,3.6851847,3.8196259,85.54679,23.07475,6.0,2.0,29.0,2.0,23.0,0.0,2.6338995,2.0,40.521854,62.931576,9.0,2.0,1.0,51.342857,0.0
73.57412,396.2012,6.0,94.45033,43.65709,0.0,0.0,96.0,28.833889,6.0,6.0,38.0,2.0,23.818247,0.9563434,4.0,4.0,18.0,-8.0,6.0,1.0,0.0,48.463688,0.0
-9.0,243.90344,3.0,75.54259,16.0,1.0,1.0,92.26241,-7.0,-9.0,6.0,20.0,5.0,25.652468,0.0,0.0,0.0,24.316422,-8.0,7.0,1.0,0.0,80.0,0.0
88.0,153.6654,15.597374,76.23393,15.0,0.0,0.0,100.0,-7.0,7.0,8.0,16.0,0.0,32.0,0.0,4.0,3.8032339,1.0,91.0,2.0,2.0,0.0,50.0,0.0
77.0,154.45432,1.0,56.763573,36.0,0.0,0.0,100.0,-7.0,7.0,8.0,37.0,2.0,26.0,0.0,1.0,1.0,4.6200986,13.192529,4.0,6.0,0.0,60.0,0.0
79.0,146.16803,2.4707444,46.716564,14.0,0.0,0.0,100.0,-7.0,7.0,8.0,20.0,2.0,24.0,10.011188,2.0,2.0,31.385246,-8.0,4.0,1.0,0.0,62.64844,0.0
66.0,160.34288,3.0,82.01486,27.0,4.8885293,1.0,78.20305,13.192376,5.0,6.0,40.1483,2.0,42.254425,0.0,4.0,4.591301,1.0,102.26007,1.0,4.0,-9.0,60.0,0.0
82.0,211.35524,3.0,160.11913,28.129774,0.0,0.0,100.0,-7.0,7.0,8.0,10.0,2.0,24.0,5.0,0.0,0.0,18.176037,95.77198,4.0,2.0,0.0,56.0,0.0
86.0,21.980797,4.0,67.89034,8.0,0.0,0.0,100.0,-7.0,7.0,8.0,6.903187,1.0,33.0,20.599962,0.0,0.0,8.0,-8.0,0.0,1.0,0.0,39.50731,0.0
89.0,118.64835,33.757236,92.700386,-9.0,0.0,0.0,100.0,-7.0,7.0,8.0,5.9123282,0.0,60.694763,9.377715,0.0,0.0,0.0,25.284246,1.0,2.0,0.0,100.0,0.0
91.30875,373.0605,20.261015,152.59155,18.0,0.0,0.0,100.0,-7.0,7.0,8.0,22.981998,0.0,14.0,1.0,0.0,0.0,4.29247,-8.0,3.0,1.0,0.0,55.431698,0.0
69.0,230.21532,6.0,66.56071,11.0,1.0,1.6104743,68.62252,4.0,5.0,3.0,10.0,1.170883,24.0,-7.0,0.0,0.0,1.0,31.846218,2.0,1.0,0.0,39.834953,0.0
80.0,136.5869,5.2046895,62.113113,31.794104,0.0,0.0,100.0,-7.0,7.0,8.0,34.0,1.0,44.396908,4.0,3.0,3.0,3.1772408,91.0,3.0,1.0,0.0,50.0,0.0
65.0,61.4177,5.0,39.225174,32.0,0.0,0.0,100.0,-7.0,7.0,8.0,31.580061,2.0,41.0,18.272429,0.0,0.0,38.940704,98.339714,8.0,3.0,3.0,68.975266,0.0
84.70642,148.6375,6.0,77.0078,23.0,0.0,0.0,100.0,-7.0,7.0,8.0,27.0,2.0,39.173485,-7.0,1.0,1.0,10.7880945,69.24124,2.0,2.0,0.0,57.0,0.0
89.0,205.24236,32.164795,95.73162,14.0,0.0,0.0,100.0,-7.0,7.0,8.0,14.0,0.0,64.5091,-8.0,0.0,0.0,4.604117,92.07827,2.0,1.0,0.0,80.0,0.0
87.0,138.20647,51.363075,106.50568,9.0,0.0,0.0,100.0,-7.0,7.0,8.0,7.447588,0.0,38.120728,-7.0968413,0.0,0.0,25.921288,-8.0,0.610983,1.0,0.0,87.707436,0.0
81.0,233.31718,3.0,84.0,44.854225,0.0,0.0,97.0,19.328259,6.0,6.0,39.047516,2.0,25.0,3.0,1.0,1.0,1.0,-8.0,4.0,-3.380412,0.0,29.196241,0.0
76.0,168.49539,17.733995,93.0,22.0,0.0,0.0,93.0,23.97349,6.0,6.0,19.0,0.0,24.0,0.0,1.0,1.0,13.0,72.95686,3.0,2.0,0.0,67.0,0.0
78.589035,274.6246,7.0,98.54924,32.180542,0.0,0.0,100.0,-7.0,7.0,8.0,35.696136,0.0,31.0,2.0,1.0,1.0,15.536331,-8.0,5.0,2.0,2.0,44.90614,0.0
69.0,188.95691,4.0,103.19697,30.371794,0.0,0.0,100.0,-7.0,7.0,8.0,31.0,2.0,26.0,7.09427,1.0,1.0,53.50288,-8.0,8.808524,1.0,5.679108,63.0,0.0
83.78137,147.16109,8.0,67.0,30.922081,0.0,0.0,100.0,-7.0,7.0,8.0,28.0,0.0,32.0,2.0,1.0,1.0,2.0,79.85289,2.0,2.0,0.0,43.0,0.0
87.0,402.70642,23.898771,102.10829,27.0,0.0,0.0,100.0,-7.0,7.0,8.0,23.0,0.0,22.0,-7.0,0.0,0.0,15.260209,-8.0,5.0,2.0,0.0,57.0,0.0
86.0,162.11617,1.0,80.0,19.0,0.0,0.0,100.0,-7.0,7.0,8.0,14.906073,1.0,37.87808,-7.0,0.0,0.0,18.0,-8.0,5.0,-8.0,0.0,50.0,0.0
76.27876,170.9502,4.0,69.17556,27.0,0.0,0.0,96.0,47.090218,6.0,6.0,29.0,1.0,46.460365,0.0,5.0,5.0,14.0,94.06781,2.0,3.0,0.0,89.275185,0.0
81.0,324.4295,19.326954,129.0316,28.0,0.0,0.0,91.26058,46.696064,6.0,6.0,28.0,0.0,19.0,-7.0,0.0,0.0,17.411642,-8.0,7.0998797,2.0,0.0,49.952763,0.0
84.0,16.466537,3.0,55.574833,20.48647,0.0,0.0,100.0,-7.0,7.0,8.0,23.0,3.0,45.562996,23.206406,0.0,0.0,2.722004,27.085331,3.0,3.0,0.0,46.127563,0.0
79.0,345.9697,7.0,63.0,31.981363,0.0,0.0,100.0,-7.0,7.0,8.0,34.46049,1.9646814,18.0,0.0,2.0,1.8716756,3.0,-8.0,8.0,2.471119,0.0,53.728355,0.0
87.80425,165.14809,9.0,58.54481,13.538895,0.0,0.0,100.0,-7.0,7.0,8.0,16.243917,2.0,15.0,-7.0,0.0,0.0,8.565774,-8.0,2.0,-7.9559813,0.0,67.0,0.0
58.580013,198.61697,3.0,75.0,20.777512,4.029445,4.4517756,86.139084,23.513731,6.0,2.0,21.0,2.0,42.0,-7.702413,2.0,2.0,84.698265,93.956535,4.412594,2.0,0.0,67.0,0.0
68.0,171.17331,4.0,69.11441,24.0,0.0,0.0,94.0,0.9182459,-9.0,6.0,25.912373,3.0,49.508804,0.0,2.0,1.0,24.99195,82.90977,4.0,4.0,0.0,67.0,0.0
85.0,322.2975,7.0,84.89071,20.0,0.0,0.0,100.0,-7.0,7.0,8.0,23.53248,1.0,26.0,0.0,0.0,0.0,7.2458973,-8.0,3.0,1.0,0.0,46.21274,0.0
77.0,107.96619,26.959131,49.297695,10.0,0.0,0.0,100.0,-7.0,7.0,8.0,9.536841,0.0,38.0,0.0,0.0,0.0,66.046074,-8.0,1.0,1.0,0.0,76.764496,0.0
71.0,294.57233,16.56387,149.44705,39.683235,0.0,0.0,96.26567,63.252438,6.0,6.0,15.0,0.0,33.0,13.123023,0.0,0.0,38.733326,19.805883,9.1371155,4.9745855,1.0,76.79545,0.0
7.825179,81.86784,9.591048,-9.0,22.0,1.0,0.0,91.29982,24.25518,6.0,3.0,26.0,3.0612278,14.0,2.0,2.0,1.0,99.48063,-8.0,5.0,2.0,3.0,86.71825,0.0
67.0,219.1434,6.0,160.54448,27.263716,0.0,0.0,92.0,14.799879,6.0,6.0,26.0,2.0,20.0,0.0,0.0,0.0,71.097755,-8.0,8.0,1.0,5.0574245,58.0,0.0
73.342865,151.02814,12.0,52.68584,13.277972,0.0,0.0,86.55018,11.703347,4.0,6.0,15.0,2.0,17.984299,1.0,0.0,0.0,37.789795,-8.0,3.0,1.0,0.0,51.163,0.0
86.0,186.19437,7.0,111.27911,16.0,0.0,0.0,90.0,35.146893,6.0,6.0,17.0,1.0,20.0,-8.0,0.0,0.0,1.0,-8.0,2.0,-4.0301495,0.0,41.737537,0.0
72.16319,325.85577,5.0,74.16757,34.390327,2.0,0.0,95.73469,47.543064,6.0,5.0,41.47757,2.2755291,35.0,11.493484,0.0,0.0,50.447212,79.48223,2.0,4.0,2.0,67.0,0.0
75.0,134.83943,4.0,68.0,6.379234,0.0,0.0,100.0,-7.0,7.0,8.0,7.0841637,2.0,42.0,1.0,1.0,1.0,54.759556,-8.0,2.0,1.0,0.0,100.0,0.0
86.0,208.5487,11.0,97.0,31.0,0.0,0.0,100.0,-7.0,7.0,8.0,32.0,0.0,35.0,0.0,0.0,0.0,8.0,87.87659,1.0,3.0,0.0,39.623062,0.0
-9.0,214.86545,2.0,86.0,5.6176643,5.395726,5.814669,65.50624,-7.0,1.7831782,2.0,12.0,1.0,45.0,0.0,4.0,4.0,4.85617,-8.0,1.0,1.0,0.0,42.66401,0.0
57.061855,119.67135,22.307003,66.881096,13.089552,4.563173,5.813607,88.0,21.608082,4.0,3.0,17.57946,0.0,13.231497,0.0,0.0,0.0,23.450092,-8.0,4.6625714,-5.4553094,2.0,78.40422,0.0
88.0,203.36177,12.86267,72.0,12.0,0.0,0.0,100.0,-7.0,7.0,8.0,10.213788,0.0,68.45523,0.0,1.0,0.90405416,5.0,49.89264,1.0,4.0,0.0,75.0,0.0
83.67947,421.86835,16.0,108.02035,25.0,0.0,0.0,96.17038,4.0,6.0,6.0,32.0,0.0,13.738428,-8.0,0.0,0.0,1.0,-8.0,2.0,-8.0,1.0,-9.0,0.0
87.0,243.25679,5.0,86.23035,36.0,0.0,0.0,97.0,40.90367,6.0,6.0,38.0,2.0,25.0,0.0,0.0,0.0,3.0,21.041391,2.0,3.0,0.0,44.0,0.0
87.0,228.5779,8.0,91.74019,16.0,0.0,0.0,100.0,-7.0,7.0,8.0,21.911814,1.0,67.69817,0.0,0.0,0.0,14.291176,13.038934,2.0,5.155986,0.0,80.0,0.0
80.0,565.38983,41.303596,188.07127,16.0,0.0,0.0,100.0,-7.0,7.0,8.0,15.0,0.0,28.0,-8.0,1.0,1.0,46.379066,-8.0,4.0,1.0,0.0,78.0,0.0
85.10046,192.54645,4.0,84.99727,4.7905684,0.0,0.0,89.0,46.677406,6.0,6.0,11.368077,1.0,14.0,0.0,3.0,3.0,4.6746836,-8.0,-5.2815876,-8.0,0.0,56.0,0.0
85.0,181.25142,19.018677,122.781685,21.0,0.0,0.0,100.0,-7.0,7.0,8.0,28.0,0.0,46.0,-7.0,0.0,0.0,6.0,-8.0,5.0,1.0,0.0,68.89476,0.0
75.224014,170.43237,25.719435,96.98787,29.439949,0.0,0.0,90.106346,35.953743,6.0,6.0,28.0,0.0,33.0,-7.0,0.0,0.0,43.534863,-8.0,5.0,2.0,2.0,86.0,0.0
83.0,202.16617,3.2896025,119.16997,32.026287,0.0,0.0,100.0,-7.0,7.0,8.0,31.7989,1.0,74.80655,0.0,4.0,3.2597604,3.0,60.863895,2.0,6.3067102,1.7066382,77.40401,0.0
82.0,151.31696,16.9007,72.8548,22.0,0.0,0.0,100.0,-7.0,7.0,8.0,19.0,0.0,10.317312,-8.0,0.0,0.0,31.948574,-8.0,2.0,1.0,0.0,43.0,0.0
90.0,137.76878,2.0,81.0,12.0,0.0,0.0,100.0,-7.0,7.0,8.0,9.460362,1.0,10.611949,0.0,2.0,2.0,3.7017462,-8.0,4.0,1.0,0.0,67.0,0.0
89.0,130.30191,16.0,91.97427,14.0,0.0,0.0,100.0,-7.0,7.0,8.0,11.0,0.0,50.968754,-8.0,0.0,0.0,1.0,-8.0,1.0,1.0,0.0,39.132042,0.0
80.0,153.42491,7.0,64.28778,20.0,0.0,0.0,100.0,-7.0,7.0,8.0,19.0,2.0,61.09,0.0,0.0,0.0,21.0,84.555084,2.0,1.0,0.0,75.0,0.0
79.96212,227.43367,6.0,67.0,8.0,0.0,0.0,100.0,-7.0,7.0,8.0,9.258887,0.0,33.0,0.0,1.0,1.0,12.354388,78.505844,1.0,2.0,0.0,72.85164,0.0
80.0,98.20764,4.0,63.71462,29.167753,0.0,0.0,100.0,-7.0,7.0,8.0,26.0,5.6045794,26.0,3.0,0.0,0.0,0.0,32.923996,3.0,2.0,0.0,44.0,0.0
-9.0,-9.0,-9.0,-9.0,-9.0,-9.0,-9.0,-9.0,-9.0,-9.0,-9.0,-9.0,-9.0,-9.0,-9.0,-9.0,-9.0,-9.0,-9.0,-9.0,-9.0,-9.0,-9.0,0.0
67.89231,113.14637,3.0,62.98048,18.011986,3.0,2.6639297,100.0,-7.0,6.0,8.0,20.0,3.0,24.0,0.0,1.0,1.0,18.17163,-8.0,9.0,2.0,0.0,80.0,0.0
84.0,184.35806,3.0,77.63768,19.0,0.0,0.0,100.0,-7.0,7.0,8.0,16.0,2.0,40.0,-7.0,0.0,0.0,10.9764805,49.639194,4.0,2.0,0.0,54.239563,0.0
89.0,357.01257,2.0,106.38183,21.0,0.0,0.0,100.0,-7.0,7.0,8.0,27.0,1.0,37.602585,1.0,2.0,2.0,4.9675827,-8.0,3.0,1.0,0.0,51.268116,0.0
84.0,188.80478,11.0,89.75978,34.507824,0.0,0.0,100.0,-7.0,7.0,8.0,48.11032,1.0,53.944912,2.0,0.0,0.0,8.572871,76.591034,3.0,2.0,0.0,78.0,0.0
68.0,190.34784,16.165264,91.962814,20.0,0.0,0.0,96.0,28.202633,6.0,6.0,19.895248,0.0,25.0,3.0,0.0,0.0,77.48525,-8.0,7.0,2.0,5.8518977,83.0,0.0
-9.0,231.3165,4.0,73.42204,12.0,1.8518449,0.0,68.72884,6.0,6.0,3.0,15.0,1.0,29.0,0.0,1.0,1.0,105.40717,-8.0,5.0,1.0,7.842211,80.0,0.0
68.0,329.84988,3.043066,92.0,26.0,1.0,0.0,84.135056,29.35647,5.0,2.5719616,38.20887,2.0,30.674202,0.0,1.0,1.0,32.924816,-8.0,5.0,-8.0,0.0,80.0,0.0
69.56365,188.5384,7.0,52.035606,15.0,0.0,0.0,100.0,-7.0,7.0,8.0,17.0,3.0,45.385693,9.0,0.0,0.0,60.36274,66.47466,2.213462,2.0,1.7893686,78.0,0.0
86.34712,140.37804,22.759855,80.0,22.0,0.0,0.0,100.0,-7.0,7.0,8.0,20.994205,0.0,63.37632,21.871374,0.0,0.0,0.0,30.744598,1.0,4.0,0.0,62.332825,0.0
66.27807,199.89609,3.0,89.08652,7.104182,2.0,1.0,80.22871,20.801407,4.0,4.0,11.0,2.0,36.0,0.0,1.0,1.0,6.0,63.475124,1.0,2.0,0.0,75.0,0.0
88.0,398.44058,26.499645,104.70536,18.91343,0.0,0.0,100.0,-7.0,7.0,8.0,24.0,0.0,25.108496,0.0,0.0,0.0,0.0,9.803213,1.0,1.0,0.0,25.0,0.0
80.055756,88.595695,6.0,57.047424,8.145723,0.0,0.0,100.0,-7.0,7.0,8.0,9.0,1.0,78.59499,-8.0,0.0,0.0,23.2133,135.64967,1.0,2.0,0.0,80.4312,0.0
64.76663,125.90732,4.0,58.0,39.007782,0.0,0.0,95.0,46.626064,6.0,6.0,44.367176,4.613708,70.17272,0.0,1.0,1.0,51.051918,95.48918,5.0,4.9129567,1.0,87.5491,0.0
69.0,251.51988,1.0,65.0,18.0,0.0,0.0,100.0,-7.0,7.0,8.0,22.0,3.0,30.0,0.0,5.473368,5.4652457,39.63593,29.67294,3.2171555,2.0,2.0,57.0,0.0
68.0,230.31972,2.0,190.91582,17.0,3.0,2.0,90.0,34.181896,6.0,2.4172282,23.0,2.0,36.0,-8.0,3.0,3.0,6.0,-8.0,4.0,2.0,0.0,63.69025,0.0
56.600918,237.13646,4.0,66.95529,15.419776,2.0,0.0,83.13029,-7.0,-9.0,5.0,23.0,5.0,56.811543,0.0,6.695163,7.520498,15.0,60.95547,2.0,6.565548,0.0,71.0,0.0
74.86442,128.95444,9.0,76.50382,22.0,0.0,0.0,100.0,-7.0,7.0,8.0,22.0,2.0,24.0,-7.0,1.0,1.0,30.929619,-8.0,6.783314,1.0,1.0,70.0,0.0
77.0,177.88184,7.0,65.0,31.0,0.0,0.0,96.0,77.77668,6.0,6.0,31.356985,4.0,21.397596,2.0,1.0,0.0,20.759727,-8.0,2.0,2.0,0.0,38.0,0.0
81.0,296.33673,5.347721,96.17172,22.0,0.0,0.0,100.0,-7.0,7.0,8.0,28.684523,1.0,32.0,0.0,1.0,1.2497665,23.18854,95.14836,5.0,3.0,0.0,67.0,0.0
83.0,222.01607,1.0,77.95515,25.0,0.0,0.0,98.0,46.84781,6.0,6.0,23.0,3.0,10.25104,1.0,5.157542,5.2807693,14.0,-8.0,1.0,-8.0,0.0,24.524786,0.0
64.0,164.11333,2.0,60.48123,31.16465,0.0,0.0,85.105484,1.7603854,4.0,6.0,36.735523,1.0,40.799767,15.473186,0.0,0.0,36.0,52.50428,6.0,6.0,0.0,75.0,0.0
85.0,344.37796,10.0,119.9252,28.846598,0.0,0.0,100.0,-7.0,7.0,8.0,32.93074,0.0,31.0,0.0,0.0,0.0,21.0,62.840824,3.0,2.0,0.0,44.0,0.0
85.0,201.59581,5.0,83.703354,21.0,0.0,0.0,87.4129,53.748436,6.0,5.312647,23.0,3.0,33.37538,0.0,2.0,1.0,12.0,94.05101,2.0,2.0,0.0,50.0,0.0
69.0,125.449875,2.9311073,90.0,16.962578,1.0,0.0,94.0,7.798455,6.0,5.0,0.5527624,4.0,23.171558,0.0,4.0,4.0,11.248237,-8.0,3.0,1.0,0.0,30.411072,0.0
79.0,144.3862,8.233092,91.96281,11.696038,0.0,0.0,100.0,-7.0,7.0,8.0,10.0,2.0,80.69101,-8.0,0.0,0.0,-4.0508676,95.62039,-9.0,3.0,0.0,100.0,0.0
73.0,382.1012,17.0,161.91112,14.38151,0.0,0.0,93.0,1.3918872,4.0,6.0,15.0,0.0,50.0,7.0,0.0,0.0,22.997883,-8.0,3.0,2.0,0.0,80.0,0.0
-9.0,-9.0,-9.0,1.1312063,-9.0,-9.0,-9.0,-9.0,-9.0,-9.0,-9.0,-9.0,-9.0,-9.0,-9.0,-9.0,-9.0,-9.0,-9.0,-9.0,-9.0,-9.0,-9.0,0.0
73.0,131.05945,9.0,58.781548,10.4468565,0.0,0.0,100.0,-7.0,7.0,8.0,11.654258,1.2703303,56.961815,1.0,2.0,1.9075967,62.91643,98.44781,2.0,2.0,2.0,71.0,0.0
74.0,-1.668949,2.0,55.90295,25.0,0.0,0.0,93.45332,44.13596,6.0,6.0,18.0,5.0,20.0,0.0,0.0,0.0,6.7443476,78.94321,5.0,3.0,0.0,50.0,0.0
63.0,188.63577,21.302822,68.0,32.0,0.0,0.0,95.60989,10.926563,6.0,6.0,26.99513,0.0,21.578356,0.0,0.0,0.0,90.66938,74.3185,7.0,5.0,6.140831,73.0,0.0
83.44725,344.35727,3.0,109.409836,52.13766,0.0,0.0,100.0,-7.0,7.0,8.0,45.56805,3.0,27.147852,0.0,4.643872,4.89224,6.0,57.90805,4.0,4.0,1.0,40.0,0.0
-9.0,-9.0,-9.0,-9.0,-9.0,-9.0,-9.0,-9.0,-9.0,-9.0,-9.0,-9.0,-9.0,-9.0,-9.0,-9.0,-9.0,-9.0,-9.0,-9.0,-9.0,-9.0,-9.0,0.0
76.98862,174.57822,11.46549,111.920944,14.0,0.0,0.0,93.0,28.71397,6.0,6.0,15.0,0.0,15.0,0.0,0.0,0.0,6.492456,-8.0,1.0,1.0,0.0,40.0,0.0
92.68924,131.36308,22.426231,106.62178,14.0,0.0,0.0,100.0,-7.0,7.0,8.0,12.0,0.0,19.0,-7.0,0.0,0.0,0.0,-8.0,1.0,1.0,0.0,19.397432,0.0
84.0,287.8092,2.0,65.0,15.0,0.0,0.0,100.0,-7.0,7.0,8.0,15.0,1.0,29.0,3.0,0.0,0.0,10.32987,-8.0,1.0,1.0,0.0,40.359867,0.0
73.0,155.29272,4.0,70.0,25.0,0.0,0.0,100.0,-7.0,7.0,8.0,28.0,3.0,36.07342,2.0,2.0,1.0,16.0,32.63118,5.0,3.0,0.0,75.0,0.0
89.0,306.4496,26.530577,93.0,17.0,0.0,0.0,100.0,-7.0,7.0,8.0,21.0,0.0,29.0,13.788091,0.0,0.0,0.0,-8.0,0.0,1.0,0.0,33.0,0.0
87.64733,146.87053,42.532185,103.32868,-6.613127,0.0,0.0,100.0,-7.0,7.0,8.0,12.336452,0.0,33.0,-8.0,0.0,0.0,0.0,-8.0,1.0,1.0,0.0,87.674805,0.0
71.0,138.55554,15.0,89.13235,12.0,1.0,0.0,86.632904,64.83489,6.0,5.0,12.0,0.0,36.11361,15.970219,0.0,0.0,91.45817,-8.0,4.760866,1.0,0.0,100.0,0.0
55.458664,452.24213,3.0,140.47096,38.644375,3.0,1.4857572,75.98859,-7.0,-9.0,5.0,56.731277,2.0,27.0,0.0,2.0,2.0,41.200912,-8.0,5.0,4.0,0.0,67.0,0.0
75.0,103.10998,21.792871,51.613716,7.0,1.0,0.0,77.243324,22.261513,6.0,2.0,5.904464,0.0,38.0,2.5805423,0.0,0.0,0.0,-8.0,1.0,2.0,0.0,43.0,0.0
77.0,424.44775,5.0,105.32654,41.33055,0.0,0.0,100.0,-7.0,7.0,8.0,38.0,3.0,16.0,0.0,1.0,1.0,10.0,80.0,5.0,3.0,0.0,50.037212,0.0
80.0,118.801704,27.033487,97.95274,20.0,0.0,0.0,91.0,28.15815,6.0,6.0,7.0,0.0,9.410268,4.741892,1.0,1.0,9.144571,-8.0,1.0,1.0,0.0,49.851986,0.0
76.87678,13.10412,4.0,49.89786,9.490779,0.0,0.0,100.0,-7.0,7.0,8.0,-4.091646,1.0,1.6040149,0.0,3.0,3.0,38.44763,-8.0,2.0,-9.0,1.0,56.0,0.0
73.0,215.24837,5.0,93.0,50.172756,0.0,0.0,97.0,5.783725,4.0,6.0,61.50142,2.0,24.0,0.0,2.0,2.0,21.0,-8.0,8.0,3.0,1.0,53.156223,0.0
65.0,131.11897,0.62463665,63.0,44.507595,0.0,0.0,97.0,8.191607,6.0,6.0,40.255432,3.0,31.869287,0.0,5.0,4.745154,56.45621,-8.0,8.0,5.0,3.0,80.0,0.0
74.994545,-9.0,4.0,41.46451,0.5543271,0.0,0.0,100.0,-7.0,7.0,8.0,5.765473,2.0,47.0,2.0,2.0,2.0,67.60709,58.522118,1.0,2.0,0.0,75.0,0.0
89.0,174.12236,14.0,122.995026,18.697472,0.0,0.0,100.0,-7.0,7.0,8.0,19.0,0.0,24.0,0.0,0.0,0.0,13.590246,-8.0,1.0,-8.0,0.0,44.162884,0.0
60.115788,180.72667,15.0,65.2122,20.640001,0.0,0.0,100.0,-7.0,7.0,8.0,18.816486,0.0,57.929768,1.0,4.0,4.0,114.27507,80.0,3.0,6.514593,7.293806,89.148346,0.0
71.12502,426.23212,7.0,101.03696,18.753632,0.0,0.0,88.9169,7.5745745,5.0,6.0,20.0,1.0,38.0,2.0,1.0,1.0,11.186013,71.9577,2.0,1.0,0.0,43.877518,0.0
72.0,314.98322,5.0,151.63977,12.0,0.0,0.0,93.0,47.30347,6.0,5.989583,15.662642,2.0,38.339046,-7.0,0.0,0.0,44.415417,90.28538,5.0,2.0,0.0,80.0,0.0
88.0,324.55505,8.0,139.52788,4.6964808,0.0,0.0,100.0,-7.0,7.0,8.0,7.023469,1.0,20.468487,0.0,3.0,3.0,1.0,93.0,1.0,1.0,0.0,90.46624,0.0
86.0,82.38675,4.0,69.04426,11.0,0.0,0.0,100.0,-7.0,7.0,8.0,7.0,1.0,54.330326,0.0,1.0,1.0,0.0,-8.0,0.5426329,1.0,0.0,25.0,0.0
71.0,135.10435,1.0,109.67073,19.0,0.0,0.0,100.0,-7.0,7.0,8.0,12.7695465,2.0,21.0,3.0,0.0,0.0,91.43692,81.51397,4.0,2.0,3.0,88.62709,0.0
77.0,95.32591,8.0,45.938847,21.0,0.0,0.0,100.0,-7.0,7.0,8.0,22.0,1.0,30.824768,5.0,0.0,0.0,7.505755,91.66772,4.0,3.0,0.0,70.0,0.0
74.29869,263.77036,6.0,79.6402,6.0,0.0,0.0,100.0,-7.0,7.0,8.0,7.0,1.0,39.053658,0.0,0.0,0.0,35.675735,100.0,1.0,1.0,0.0,100.0,0.0
78.22961,230.37729,4.0,83.0,20.0,0.0,0.0,100.0,-7.0,7.0,8.0,21.0,3.0,37.0,2.0,2.0,2.0,33.43638,43.489723,4.0,2.0,0.0,100.0,0.0
87.0,417.03436,11.0,140.5786,13.247793,0.0,0.0,100.0,-7.0,7.0,8.0,17.999018,0.0,21.0,-8.0,0.0,0.0,10.0034,-8.0,1.0,-8.0,0.0,16.855648,0.0
73.947075,155.89896,8.0,74.0,30.0,0.0,0.0,100.0,-7.0,7.0,8.0,44.0792,2.0,56.042835,1.0,1.0,2.0,76.3833,87.301834,1.0,7.3009872,2.0,70.766205,0.0
89.60839,190.71259,41.132175,134.78378,6.0,0.0,0.0,100.0,-7.0,7.0,8.0,10.0,0.0,-9.0,-7.0,0.0,0.0,2.6570897,-8.0,2.0,-8.0,0.0,57.0,0.0
-9.0,-9.0,-9.0,-9.0,-9.0,-9.0,-9.0,-9.0,-9.0,-9.0,-9.0,-9.0,-9.0,-9.0,-9.0,-9.0,-9.0,-9.0,-9.0,-9.0,-9.0,-9.0,-9.0,0.0
-9.0,-9.0,-9.0,-9.0,-9.0,-9.0,-9.0,-9.0,-9.0,-9.0,-9.0,-9.0,-9.0,-9.0,-9.0,-9.0,-9.0,-9.0,-9.0,-9.0,-9.0,-9.0,-9.0,0.0
77.0,373.9076,18.426504,93.17546,29.0,0.0,0.0,94.73578,47.221214,6.0,6.0,32.0,0.0,23.16283,0.0,2.0,1.0,12.0,-8.0,3.0,-8.0,0.0,22.417326,0.0
71.97207,376.1746,6.0,122.23052,35.430202,0.0,0.0,100.0,-7.0,7.0,8.0,34.67949,2.0,21.0,0.0,1.0,1.0,23.99365,75.95714,20.930618,2.0,1.0,73.10964,0.0
76.0,159.12363,1.0,83.0,26.0,0.0,0.0,100.0,-7.0,7.0,8.0,26.0,3.0,46.0,0.0,0.0,1.0,67.783646,88.0,5.0,2.0,3.0,75.0,0.0
81.0,115.10818,1.0,85.371025,28.0,0.0,0.0,97.569244,20.535059,6.0,6.0,30.0,1.0,29.0,2.0,1.0,1.0,11.302156,-8.0,2.0,1.0,0.0,43.0,0.0
77.0,385.97226,8.0,122.68418,22.0,0.0,0.0,85.33069,4.0,4.0,6.0,24.0,1.0,36.562347,0.0,2.0,2.0,3.3530424,76.80396,4.0,2.0,0.0,62.93767,0.0
67.49179,407.74292,4.0,88.62085,30.0,0.0,0.0,96.0,47.4498,6.0,6.0,27.9734,1.0,25.0,0.0,0.0,0.0,31.579813,95.4549,13.114022,3.0,3.0,80.0,0.0
-8.104742,181.28792,3.0,92.426956,47.00103,0.0,0.0,91.0,18.904121,6.0,6.0,38.0,2.0,38.0,1.0,4.0167522,4.0,117.702446,67.84155,7.699923,5.056483,6.837725,75.0,0.0
84.0,190.14737,15.0,162.32657,19.0,0.0,0.0,100.0,-7.0,7.0,8.0,21.0,0.0,47.0,3.6082523,0.0,0.0,4.0,88.83291,6.0,2.0,0.0,100.0,0.0
68.0,236.80519,3.0,114.33236,36.254574,1.0,1.0,88.0,23.119566,6.0,2.0,24.0,3.0,14.50301,0.0,2.0,2.0,16.0669,-8.0,9.4314,2.0,1.0,44.05491,0.0
88.49858,393.53973,27.1869,103.89028,16.0,0.0,0.0,100.0,-7.0,7.0,8.0,15.0,0.0,25.753155,0.0,0.0,0.0,0.0,-8.0,1.0,1.0,0.0,40.786743,0.0
86.0,244.45912,7.0,93.93705,18.0,0.0,0.0,100.0,-7.0,7.0,8.0,18.0,2.0,21.0,5.0,0.0,0.0,27.434776,79.22059,4.0,3.0,0.0,50.0,0.0
78.0,164.54362,6.0,49.146255,12.0,0.0,0.0,100.0,-7.0,7.0,8.0,12.0,2.0,44.93868,1.0,0.0,0.0,15.0,75.23927,5.0,1.0,0.0,86.0,0.0
83.0,453.52316,4.0,104.23124,27.0,0.0,0.0,100.0,-7.0,7.0,8.0,24.0,2.0,28.1651,4.393622,1.0,1.0,1.0,91.0,1.0,2.0,0.0,44.0,0.0
87.0,200.77948,20.665833,92.0,6.134995,0.0,0.0,100.0,-7.0,7.0,8.0,9.0,0.0,62.83929,15.788758,0.0,0.0,0.0,-8.0,1.0,1.0,0.0,50.0,0.0
74.0,206.46495,3.0,81.0,47.491894,0.0,0.0,97.0,23.403688,6.0,6.0,47.27566,6.0,16.0,-5.266874,1.0,1.0,19.415678,84.23531,6.0,2.0,2.0,38.0,0.0
79.64205,171.46173,7.0,93.67883,12.0,0.0,0.0,100.0,-7.0,7.0,8.0,13.230201,1.0,91.94196,0.0,2.0,1.0,2.0,16.947636,2.0,2.0,0.0,100.0,0.0
82.0,173.18103,32.874653,138.8455,15.0,0.0,0.0,95.0,-7.0,6.0,6.0,13.0,0.0,23.0,6.201186,1.0,1.0,5.0,-8.0,4.0,1.0,0.0,68.948074,0.0
76.0,286.86877,6.0,148.74138,22.733643,0.0,0.0,100.0,-7.0,7.0,8.0,18.0,1.0,25.0,0.0,2.0,2.0,54.459625,-8.0,4.0,-8.0,1.0,52.21341,0.0
76.61979,420.79208,15.282117,128.51917,22.520113,0.0,0.0,94.0,-9.0,6.0,6.0,24.0,0.0,42.6147,0.0,1.0,1.0,8.520629,68.53996,3.0,3.0,0.0,50.0,0.0
85.0,199.35992,9.0,101.82926,20.0,0.0,0.0,100.0,-7.0,7.0,8.0,31.28652,1.0,20.0,0.0,0.0,0.0,22.465998,-8.0,4.0,-8.0,0.0,83.09013,0.0
85.0,324.0555,2.0,121.275116,28.0,0.0,0.0,100.0,-7.0,7.0,8.0,36.898926,2.0,11.028453,2.0,1.0,1.0,6.0,-8.0,6.0,-8.0,1.0,33.0,0.0
-9.0,-9.0,-9.0,-9.0,-9.0,-9.0,-9.0,-9.0,-9.0,-9.0,-9.0,-9.0,-9.0,-9.0,-9.0,-9.0,-9.0,-9.0,-9.0,-9.0,-9.0,-9.0,-9.0,0.0
67.10331,216.16264,6.0,76.1555,20.0,0.0,0.0,96.0,-7.0,1.6175091,6.0,26.0,2.0,56.15557,-1.9735625,0.0,0.0,91.33297,-8.0,5.0,1.0,1.0,100.0,0.0
77.0,57.335083,9.0,50.347603,11.065908,0.0,0.0,95.0,27.003036,6.0,6.0,6.83845,0.0,19.0,0.0,1.0,1.0,2.0,-8.0,2.0,-8.0,0.0,41.94963,0.0
11.986455,368.12854,4.0,114.8066,20.0,1.6480232,1.0,71.60431,-4.7657123,0.0,6.0,27.0,1.0,41.0,5.0,0.0,0.0,36.382725,60.492912,3.0,3.0,0.0,72.93039,0.0
91.62901,206.8518,1.0,126.16979,32.0,0.0,0.0,100.0,-7.0,7.0,8.0,35.97495,1.0,17.131056,0.0,2.0,2.0,1.0,-8.0,1.0,2.0,0.0,36.637745,0.0
77.60592,648.6778,4.0,188.88298,28.0,0.0,0.0,100.0,-7.0,7.0,8.0,28.0,1.0,20.0,0.0,1.0,1.0,15.0,90.82773,10.582846,2.0,0.0,85.42512,0.0
66.0,115.47583,1.0,41.795372,13.987248,1.0,1.0,100.0,-7.0,7.0,8.0,12.0,5.0,36.879665,0.0,0.0,0.0,51.251568,78.87202,3.0,2.0,2.4900463,100.0,0.0
80.0,274.1046,6.0,93.18508,24.0,0.0,0.0,100.0,-7.0,7.0,8.0,27.0,1.0,56.292385,1.0,0.0,0.0,60.524426,-8.0,4.0,2.0,0.0,79.95128,0.0
68.0,233.3623,18.224125,97.0,20.0,1.0,1.9340098,82.546776,9.800262,6.0,2.0,20.31205,0.0,37.79493,-7.0,0.0,0.0,40.909435,-8.0,5.0,1.0,1.0,100.0,0.0
80.0,345.37576,8.0,177.08997,15.0,1.0,0.0,92.0,56.99701,6.0,6.0,15.0,1.0,14.0,-8.0,0.0,0.0,27.992397,73.683,6.0,2.0,0.0,70.78048,0.0
70.0,111.32727,1.0,46.919662,34.0,0.0,0.0,100.0,-7.0,7.0,8.0,37.967625,3.0,50.0,0.0,3.0,3.0,65.56464,81.07435,3.0,5.0,7.0662327,71.22439,0.0
71.25568,255.08682,27.767292,122.674164,12.0,0.0,0.0,90.01189,40.08084,6.0,6.0,14.864432,0.0,32.0,0.0,3.0,3.0,21.0,-8.0,3.0,-8.0,0.0,83.195526,0.0
66.0,205.39563,15.0,64.933365,19.0,3.6117632,1.0,88.0,55.759712,6.0,3.167944,34.0,0.0,8.29993,0.0,1.0,1.0,76.09994,-8.0,10.190415,-8.0,2.0,86.0,0.0
56.24935,204.44855,4.0,74.0,47.407383,0.0,0.0,97.0,1.3158238,5.0,6.0,56.09231,1.0,29.066639,2.0,1.0,1.0,91.13204,-8.0,9.313163,5.0,4.0,91.92811,0.0
87.0,195.99547,8.0,81.0,15.0,0.0,0.0,100.0,-7.0,7.0,8.0,12.0,1.0,53.720867,14.232072,0.0,0.0,0.0,80.53041,1.0,2.0,0.0,56.233223,0.0
72.0,276.72626,3.0,98.62723,50.0816,0.072795354,0.0,98.0,67.82587,5.0,5.0,47.661346,4.0,22.0,0.0,2.0,2.0,28.0,91.0,5.0,2.0,1.0,46.7607,0.0
89.0,199.95866,65.655945,126.004845,9.0,0.0,0.0,100.0,-7.0,7.0,8.0,8.0,0.0,41.0,0.0,4.0,4.0,4.701193,-8.0,1.0,-4.4447722,0.0,19.043747,0.0
76.0,209.71732,12.100478,86.67009,8.0,0.0,0.0,88.0,48.359596,6.0,6.0,11.890227,2.0,15.0,12.011295,0.0,0.0,17.601606,-8.0,5.0,1.0,0.0,100.0,0.0
76.0,129.02806,6.0,58.0,10.0,0.0,0.0,100.0,-7.0,7.0,8.0,12.0,1.0,19.0,0.0,1.0,1.0,34.344852,-8.0,2.0,1.0,0.0,67.0,0.0
61.419815,537.74194,30.718208,274.0806,29.0,0.0,0.0,81.80659,-7.0,-9.0,6.0,30.352697,0.0,21.0,-7.0,0.0,0.0,30.473558,-8.0,6.0,2.0,2.0,50.0,0.0
61.98829,241.55223,4.0,61.0,41.928,4.039105,2.3469331,96.0,17.682728,5.0,2.0,40.07367,3.0,25.0,0.0,3.0,3.0,11.0,84.49753,9.0,4.0,0.0,54.263317,0.0
81.0,170.28947,4.0,60.151676,18.0,0.0,0.0,100.0,-7.0,7.0,8.0,26.0,3.0,35.668636,0.0,0.0,0.0,13.0,84.124146,3.0,2.0,0.0,67.0,0.0
65.0,55.817814,14.0,2.6753442,12.0,0.0,0.0,100.0,-7.0,7.0,8.0,9.0,0.0,83.667366,0.0,0.0,0.0,0.0,71.46228,-9.0,2.0,-9.0,85.64556,0.0
83.0,67.425026,23.69471,68.0,14.0,0.0,0.0,100.0,-7.0,7.0,8.0,16.0,0.0,14.649908,0.0,1.0,1.0,17.0,-8.0,1.0,1.0,0.0,36.12209,0.0
-9.0,-9.0,-9.0,-9.0,-9.0,-9.0,-9.0,-9.0,-9.0,-9.0,-9.0,-9.0,-9.0,-9.0,-9.0,-9.0,-9.0,-9.0,-9.0,-9.0,-9.0,-9.0,-9.0,0.0
-9.0,-9.0,-9.0,-9.0,-9.0,-9.0,-9.0,-9.0,-9.0,-9.0,-9.0,-9.0,-9.0,-9.0,-9.0,-9.0,-9.0,-9.0,-9.0,-9.0,-9.0,-9.0,-9.0,0.0
84.0,271.04364,4.0,115.005035,27.0,0.0,0.0,100.0,-7.0,7.0,8.0,24.0,1.0,35.0,0.0,0.0,0.0,12.0,54.08215,4.0,1.0,1.0,56.0,0.0
82.0,83.345055,4.0,53.59533,25.0,0.0,0.0,100.0,-7.0,7.0,8.0,27.558784,3.0,25.0,0.0,1.0,1.0,11.9207325,-8.0,3.0,6.2968316,0.0,67.0,0.0
77.33013,73.78211,2.0,47.18204,15.0,0.0,0.0,100.0,-7.0,7.0,8.0,22.0,3.134488,35.38239,0.0,4.0,3.7979345,2.0,100.0,2.0,2.0,0.0,43.0,0.0
-9.0,-9.0,-9.0,-9.0,-9.0,-9.0,-9.0,-9.0,-9.0,-9.0,-9.0,-9.0,-9.0,-9.0,-9.0,-9.0,-9.0,-9.0,-9.0,-9.0,-9.0,-9.0,-9.0,0.0
-9.0,-9.0,-9.0,-9.0,-9.0,-9.0,-9.0,-9.0,-9.0,-9.0,-9.0,-9.0,-9.0,-9.0,-9.0,-9.0,-9.0,-9.0,-9.0,-9.0,-9.0,-9.0,-9.0,0.0
84.0,97.45702,4.0,49.88518,25.0,0.0,0.0,100.0,-7.0,7.0,8.0,21.527431,1.0,30.061853,0.0,1.0,1.0,1.0,66.01715,1.0,2.0,0.0,61.806423,0.0
59.598457,196.87024,8.0,110.63996,36.2779,0.0,0.0,93.0,22.31875,0.0,6.0,36.500698,2.0,19.052795,16.0,0.0,0.0,72.19,-8.0,11.64901,1.0,3.0606048,76.256386,0.0
-9.0,186.54344,2.0,71.0,27.744179,0.0,0.0,97.0,2.0,4.0,6.0,30.0,10.112547,49.33068,0.0,0.0,0.0,35.237713,-8.0,5.0,2.0,2.0,67.0,0.0
84.1217,191.36745,20.90825,83.036316,15.0,0.0,0.0,100.0,-7.0,7.0,8.0,14.0,0.0,61.319794,17.048016,0.0,0.0,0.0,-8.0,0.04334255,2.0,0.0,38.515465,0.0
71.0,314.86432,8.806312,86.25255,17.0,0.0,0.0,100.0,-7.0,7.0,8.0,19.0,0.0,24.0,0.0,0.0,0.0,75.07862,-8.0,6.0,1.0,3.0,90.64362,0.0
68.0,183.51201,15.152296,91.57555,29.0,0.0,0.0,100.0,-7.0,7.0,8.0,30.0,0.0,55.85731,0.5641091,2.9510016,2.0,47.34635,76.0,7.0,4.0,1.0,93.27744,0.0
72.0,224.36989,17.38171,82.352585,14.0,2.352951,2.0,76.705666,22.578712,5.7845764,-9.0,14.0,0.0,39.0,0.0,1.0,1.0,10.5463915,-8.0,1.0,2.0,0.0,57.0,0.0
80.0,199.1831,9.0,68.88253,34.0,0.0,0.0,100.0,-7.0,7.0,8.0,41.547787,4.0,34.44536,-8.0,0.0,0.0,11.0,83.59919,5.0,7.6925693,0.0,71.57168,0.0
70.0,162.2619,5.0,62.66803,41.384865,3.8671186,0.0,88.0,-7.0,6.0,5.0,45.201534,4.0,17.547707,0.0,1.0,2.0,5.0,97.442924,6.0,3.0,0.0,33.0,0.0
75.0,176.24069,3.0,72.0,22.73129,0.0,0.0,96.0,46.355988,6.0,6.0,23.947792,2.0,63.961567,0.0,4.0,3.0,46.917515,75.609955,2.0,4.0,1.0,56.0,0.0
70.56596,264.94324,6.0,106.98387,13.905823,0.0,0.0,91.21054,37.655945,6.0,6.0,13.0,1.0,11.0,0.0,0.0,0.0,82.11566,-8.0,6.0,1.0,5.2524724,80.0,0.0
89.5919,372.76147,3.2146897,132.22661,32.0,0.0,0.0,100.0,-7.0,7.0,8.0,38.0,2.0,36.0,3.0,0.0,0.0,9.149555,21.757656,3.0,2.0,0.0,44.73604,0.0
77.0,179.22873,6.0,73.9579,19.0,0.0,0.0,91.0,23.165218,6.0,6.0,18.0,1.1114585,35.717476,0.0,1.0,1.0,21.0,84.03806,2.0,2.0,0.0,45.52234,0.0
87.0,304.22348,21.015512,110.64275,19.0,0.0,0.0,100.0,-7.0,7.0,8.0,23.0,0.0,22.999285,12.546814,1.0,1.0,16.832544,-8.0,7.3217835,2.0,0.0,69.9954,0.0
88.121735,358.85925,5.039074,103.78455,27.0,0.0,0.0,100.0,-7.0,7.0,8.0,35.58563,1.0,18.0,-8.0,0.0,0.0,2.0,-8.0,3.0,1.0,0.0,24.756344,0.0
87.96902,198.59586,1.0,77.86301,14.0,0.0,0.0,100.0,-7.0,7.0,8.0,16.0,2.2407684,44.126083,4.3922462,0.0,0.0,4.2793074,73.79302,3.0,4.0,0.0,67.0,0.0
68.0,256.33298,9.0,106.5854,19.094625,2.0,0.0,82.281166,5.919712,5.0,2.0,25.0,1.0,39.748203,-7.0,0.0,0.0,36.0,-8.0,3.0,1.0,1.0,42.858303,0.0
91.409164,198.29828,28.84394,180.52423,12.0,0.0,0.0,100.0,-7.0,7.0,8.0,18.0,0.0,56.067135,-7.0,0.0,0.0,0.0,-8.0,1.0,1.0,0.0,50.0,0.0
73.0,139.04825,14.0,75.94522,17.0,0.0,0.0,100.0,-7.0,7.0,8.0,19.0,0.0,17.0,0.0,2.0,2.0,37.88281,84.00692,6.0,2.0,0.0,75.0,0.0
77.0,-8.0,2.0,49.882175,22.496649,0.0,0.0,100.0,-7.0,7.0,8.0,19.0,3.0,19.0,0.0,1.0,1.0,4.0,-8.0,6.0588202,2.7405741,0.0,53.222904,0.0
66.0,307.13666,27.127161,155.14392,16.0,1.9816558,0.0,79.28268,14.195844,6.0,5.0,18.0,0.0,60.33643,-7.0,0.0,0.0,75.14605,71.32821,6.0,2.0,1.0,100.0,0.0
-9.0,-9.0,-9.0,-9.0,-9.0,-9.0,-9.0,-9.0,-9.0,-9.0,-9.0,-9.0,-9.0,-9.0,-9.0,-9.0,-9.0,-9.0,-9.0,-9.0,-9.0,-9.0,-9.0,0.0
80.0,199.77898,6.0,65.990326,25.0,0.0,0.0,100.0,-7.0,7.0,8.0,25.012924,2.0,35.0,8.520352,0.0,0.0,8.0,87.142334,3.0,5.0,0.0,60.0,0.0
84.0,163.2158,4.0,119.7447,26.0,0.0,0.0,100.0,-7.0,7.0,8.0,30.0,2.0,20.0,0.0,1.0,1.0,10.598663,-8.0,5.0,2.0,0.0,43.98126,0.0
68.0,198.04375,17.0,78.52353,0.84049726,1.0,1.4418013,87.59582,20.7613,5.352054,-0.2190581,1.0714034,0.0,58.130592,-7.0,1.0,1.0,5.0,32.05573,0.067300566,2.0,0.0,100.0,0.0
82.0,139.30757,4.881617,56.941902,19.0,0.0,0.0,100.0,-7.0,7.0,8.0,21.0,4.0,60.363327,0.0,0.0,0.0,28.59416,48.61069,1.0,2.0,0.0,78.0,0.0
77.12314,188.31708,3.0,62.26102,14.0,0.0,0.0,100.0,-7.0,7.0,8.0,11.0,3.0,35.0,0.0,1.0,1.0,61.111893,31.837688,1.0,3.0,0.0,80.0,0.0
-9.0,-9.0,-9.0,-9.0,-9.0,-9.0,-9.0,-9.0,-9.0,-9.0,-9.0,-9.0,-9.0,-9.0,-9.0,-9.0,-9.0,-9.0,-9.0,-9.0,-9.0,-9.0,-9.0,0.0
72.697655,382.2196,21.521654,118.811966,13.365388,2.0,1.1481014,61.105946,34.352062,6.0,2.0,15.0,0.0,20.0,0.0,1.0,1.0,10.0,57.971943,2.0,2.0,0.0,57.0,0.0
-9.0,-9.0,-9.0,-9.0,-9.0,-9.0,-9.0,-9.0,-9.0,-9.0,-9.0,-9.0,-9.0,-9.0,-9.0,-9.0,-9.0,-9.0,-9.0,-9.0,-9.0,-9.0,-9.0,0.0
78.0,315.21237,2.0,70.0,24.0,0.0,0.0,100.0,-7.0,7.0,8.0,31.0,4.0,33.0,7.0,0.0,0.0,28.611555,-8.0,6.0,3.0,1.0,67.0,0.0
76.0,333.58728,8.833192,76.0,22.0,0.0,0.0,96.03812,21.946444,6.0,6.0,20.0,0.0,33.0,9.0,0.0,0.0,30.12194,-8.0,4.0,3.0,2.0,57.0,0.0
77.0,406.04092,23.568342,92.0,20.891785,0.0,0.0,100.0,-7.0,7.0,8.0,23.109196,0.0,28.579206,0.0,0.0,0.0,55.255856,53.93609,3.0,1.0,1.0,71.0,0.0
-9.0,-9.0,-9.0,-9.0,-9.0,-9.0,-9.0,-9.0,-9.0,-9.0,-9.0,-9.0,-9.0,-9.0,-9.0,-9.0,-9.0,-9.0,-9.0,-9.0,-9.0,-9.0,-9.0,0.0
88.0,331.15442,31.747326,111.43203,10.0,0.0,0.0,100.0,-7.0,7.0,8.0,10.0,0.0,16.0,19.989313,0.0,0.0,0.0,-8.0,0.0,1.0,0.0,25.0,0.0
68.0,68.70476,2.0,30.771261,23.989214,1.0,1.0,100.0,-7.0,7.0,8.0,26.0,3.0,14.0,0.0,0.0,0.0,19.640505,70.34563,4.0,3.0,0.0,69.79649,0.0
72.0,379.5585,30.058315,113.34348,19.0,0.0,0.0,88.0,-0.4402444,4.0,6.0,19.248987,0.0,27.687977,-7.0,0.0,0.0,25.935501,-8.0,5.0,1.0,0.0,100.0,0.0
76.0,111.288414,11.65156,71.0874,18.195662,0.0,0.0,95.0,25.992582,6.0,6.0,20.356838,0.0,23.306553,-7.0,1.0,1.0,36.0,-8.0,3.0,2.0,0.0,88.2284,0.0
88.0,285.02322,2.0,128.70566,31.746353,0.0,0.0,100.0,-7.0,7.0,8.0,38.827614,3.0,15.818244,0.0,2.0,2.0,3.0,-8.0,3.0,-8.0,0.0,28.935015,0.0
83.0,68.75387,9.0,76.73082,5.707608,0.0,0.0,100.0,-7.0,7.0,8.0,9.824156,1.0,59.593952,-7.0,0.0,0.0,3.0,89.39823,1.0,2.0,0.0,75.0,0.0
87.0,255.09453,3.0,86.0,23.36721,0.0,0.0,100.0,-7.0,7.0,8.0,23.854488,1.0,54.912167,-7.0,0.0,0.0,3.0,-8.0,3.0,3.0,0.0,57.0,0.0
-9.0,-9.0,-9.0,-9.0,-9.0,-9.0,-9.0,-9.0,-9.0,-9.0,-9.0,-9.0,-9.0,-9.0,-9.0,-9.0,-9.0,-9.0,-9.0,-9.0,-9.0,-9.0,-9.0,0.0
76.48775,260.5525,3.0,86.45069,34.0,0.0,0.0,100.0,-7.0,7.0,8.0,30.149973,2.0,37.0,1.0,1.0,1.0,32.0,82.67031,10.962733,2.0,2.0,63.0,0.0
73.0,162.54338,2.0,53.77595,18.0,1.0,1.0,97.0,23.959208,6.0,6.0,23.0,3.0,31.653048,0.0,1.0,1.0,25.0,74.290726,3.0,2.0,0.0,57.0,0.0
70.0,152.33871,6.0,50.486027,18.0,0.0,0.0,92.0,19.758455,6.0,5.0,20.096867,2.0,29.0,0.0,4.0,4.0,1.0,-8.0,1.2627373,2.0,0.0,33.0,0.0
68.0,405.47116,20.204672,170.53221,7.0,1.8845905,1.0,79.31733,29.635265,6.0,2.0,10.0,0.0,29.0,0.0,2.0,2.0,29.52899,64.48802,1.0,1.0,-8.0,87.36973,0.0
65.0,337.67465,4.0,125.31432,40.87651,1.0,1.0,92.20559,21.931479,4.0,5.0,42.042892,3.0,24.0,-8.0,1.0,0.0,43.901485,90.2735,6.0,5.0,3.0,60.0,0.0
-9.0,-9.0,-9.0,-9.0,-9.0,-9.0,-9.0,-9.0,-9.0,-9.0,-9.0,-9.0,-9.0,-9.0,-9.0,-9.0,-9.0,-9.0,-9.0,-9.0,-9.0,-9.0,-9.0,0.0
70.0,86.194,-9.0,41.77267,34.0,0.0,0.0,100.0,-7.0,7.0,8.0,33.87486,6.0,7.869116,0.97329247,3.0,3.0,13.752825,-8.0,5.0,1.0,3.0,33.815403,0.0
84.0,141.23082,9.0,64.46813,8.0,0.0,0.0,100.0,-7.0,7.0,8.0,8.0,0.0,40.400463,-7.0,0.0,0.0,46.12963,-8.0,2.0,1.0,0.0,74.87404,0.0
84.0,147.84341,8.0,64.42859,15.925191,0.0,0.0,100.0,-7.0,7.0,8.0,10.229451,1.0,11.327643,-7.5614486,0.0,0.0,3.579205,70.62057,2.0,1.0,0.0,50.0,0.0
73.0,146.2598,5.0,69.27922,25.353569,0.0,0.0,100.0,-7.0,7.0,8.0,30.0,1.0,64.56032,0.0,0.0,0.0,52.966946,53.153236,3.0,2.0,2.0,100.0,0.0
76.0,262.46442,2.0,63.0,21.0,1.0,0.0,92.0,73.09005,6.0,5.0,24.739637,3.0,38.0,0.0,3.0,3.0,16.0,-8.0,4.0,2.0,0.0,50.0,0.0
69.63839,185.45815,1.2032869,52.411587,33.176495,0.0,0.0,100.0,-7.0,7.0,8.0,33.784,7.393624,42.0,4.976001,1.0,1.0,51.632935,81.29919,7.0,7.8426676,3.0,71.764175,0.0
85.0,218.93196,6.0,65.0,28.393255,0.0,0.0,100.0,-7.0,7.0,8.0,25.0,2.0,19.6857,-7.0,1.0,0.0,3.0,99.78653,3.0,2.0,0.0,33.0,0.0
84.0,187.0457,2.0,75.0,27.188082,0.0,0.0,100.0,-7.0,7.0,8.0,25.0,3.0,49.406643,4.0,0.0,0.0,1.0,82.13449,3.0,2.0,0.0,50.731026,0.0
-9.0,-9.0,-9.0,-9.0,-9.0,-9.0,-9.0,-9.0,-9.0,-9.0,-9.0,-9.0,-9.0,-9.0,-9.0,-9.0,-9.0,-9.0,-9.0,-9.0,-9.0,-9.0,-9.0,0.0
79.0,278.42514,3.0,84.0,14.458014,0.0,0.0,100.0,-7.0,7.0,8.0,14.0,1.0,34.54898,0.0,2.0,2.0,0.42476925,73.71383,-9.0,2.0,0.0,25.0,0.0
87.0,225.04242,7.0,86.75315,19.0,0.0,0.0,100.0,-7.0,7.0,8.0,12.0,1.8647816,37.0,18.786226,0.0,0.0,3.0,20.352968,1.0,2.0,0.0,39.499615,0.0
77.0,152.24799,3.0,75.0,29.0,0.0,0.0,100.0,-7.0,7.0,8.0,11.059898,5.0,24.0,1.0,2.0,2.0,3.0,84.02016,2.0,3.0,0.0,29.03965,0.0
62.862522,277.10278,1.2794448,69.636894,9.0,1.0,0.0,68.08854,13.502423,6.0,5.0,9.907673,1.0,36.0,4.0,1.0,1.0,45.149246,70.739685,3.522984,4.6653323,1.0,73.0,0.0
89.0,332.42377,26.026846,278.64017,13.487498,0.0,0.0,100.0,-7.0,7.0,8.0,18.523636,0.0,22.240347,16.829,0.0,0.0,25.65194,-8.0,3.0,2.0,0.0,60.0,0.0
-9.0,198.71735,2.0,79.0,13.3261795,0.0,0.0,69.8141,1.0,0.2605609,6.0,16.0,2.0,18.0,8.0,0.0,0.0,93.15259,-3.8331628,5.0,2.0,2.0,83.0,0.0
56.29042,136.62308,2.0,53.383606,30.0,0.0,0.0,95.91723,38.92061,6.0,6.0,32.0,6.0,41.356297,0.0,5.8064075,5.917169,36.0,100.0,3.0,4.0,3.0,64.0,0.0
59.786682,387.13614,5.6055937,163.70271,31.0,0.0,0.0,88.0,9.124415,4.0,6.0,27.0,1.0,22.0,0.0,0.0,0.0,82.9309,69.00369,6.0,2.0,1.0,75.0,0.0
68.0,389.2832,8.0,128.0519,27.0,0.9946997,1.0,96.0,14.3503895,6.0,5.0,24.0,2.0,25.0,2.8599694,3.0,2.0,22.935493,40.478012,6.0,3.0,1.0,67.0,0.0
91.86155,376.72827,37.091103,124.07168,25.0,0.0,0.0,100.0,-7.0,7.0,8.0,23.0,0.0,-9.0,0.0,1.0,1.0,1.0,-8.0,2.0,1.0,0.0,-9.0,0.0
84.23356,147.14134,9.0,85.242805,11.273964,0.0,0.0,81.18578,34.103634,6.0,6.0,12.0,1.6503634,42.0,0.0,0.0,0.0,0.0,-8.0,1.0,1.0,0.0,38.010967,0.0
74.0,170.68129,7.0,68.36498,23.9242,0.0,0.0,97.0,44.894028,6.0,6.0,31.0,1.0,25.0,0.0,4.24085,4.0,28.0,-8.0,5.5245523,2.0,0.0,100.0,0.0
79.0,265.00916,2.0,67.0,28.0,0.0,0.0,100.0,-7.0,7.0,8.0,31.0,5.0,32.0,0.0,2.0,2.0,16.710659,33.22433,6.0,3.0,1.0,63.0,0.0
81.0,205.90457,7.0,60.900745,29.0,0.0,0.0,100.0,-7.0,7.0,8.0,29.0,3.0,23.0,6.0,1.0,1.0,11.095358,32.18117,1.0,3.0,0.0,-3.944874,0.0
89.0,177.88269,4.0,91.29999,18.0,0.0,0.0,100.0,-7.0,7.0,8.0,19.976517,2.0,27.611383,-7.0,0.0,0.0,1.0,95.29799,3.0,1.5561755,0.0,100.0,0.0
74.0,117.88744,15.625195,53.84298,17.390877,0.0,0.0,95.0,34.47454,6.0,6.0,19.945568,2.0,30.47889,-8.0,0.0,0.0,36.041576,-8.0,5.0,1.0,0.0,65.748314,0.0
73.0,255.0345,1.076135,74.0,47.327835,0.0,0.0,100.0,-7.0,7.0,8.0,44.71465,1.0,39.0,2.0,2.0,2.0,22.933592,60.055473,9.0,1.0,0.0,57.0,0.0
75.0,177.68964,2.0,67.0,24.0,0.0,0.0,94.0,10.619811,6.0,6.0,27.0,6.0,84.32465,0.0,4.9273844,4.044331,2.0,54.677975,1.0,8.988368,0.0,71.0,0.0
73.0,105.74239,2.0,33.18468,20.0,0.0,0.0,100.0,-7.0,7.0,8.0,26.0,3.0,39.859093,-7.0,3.0,3.0,23.896816,81.84307,3.0,3.0,0.0,78.0,0.0
85.0,169.7329,12.0,61.0,26.278734,0.0,0.0,100.0,-7.0,7.0,8.0,25.0,0.0,21.214712,2.0,1.0,1.0,4.0,22.668703,4.0,2.0,0.0,45.28294,0.0
65.599205,191.72623,3.0,90.0,42.644913,4.13703,1.0,87.563324,4.0,4.0,2.0,46.03762,3.0,32.000767,5.0,2.0,1.0,34.816788,7.487988,6.0,3.0,2.0,56.0,0.0
83.0,212.28552,13.0,106.41463,10.10214,0.0,0.0,92.919464,42.93729,6.0,6.0,12.0,0.0,17.0,-7.0,0.0,0.0,29.817133,-8.0,2.0,1.0,0.0,60.0,0.0
82.0,152.78123,10.0,66.82249,31.0,0.0,0.0,100.0,-7.0,7.0,8.0,20.509697,0.29219025,17.56018,6.9565506,1.0,0.0,11.970163,93.0,3.0,2.0,0.0,50.0,0.0
65.0,188.9114,7.0,81.0,22.0,1.0,1.0,95.0,6.5058885,5.0,6.0,23.0,2.0,33.0,-8.0,0.0,0.0,25.0,23.449945,9.0,2.0,1.0,80.0,0.0
85.54856,543.30817,4.0,132.4963,12.0,0.0,0.0,100.0,-7.0,7.0,8.0,12.404599,3.0,18.0,2.0,0.0,0.0,21.820068,99.05164,1.0,2.0,0.0,56.152843,0.0
86.0,136.87157,11.0,75.0,17.0,0.0,0.0,100.0,-7.0,7.0,8.0,24.0,1.0,21.650284,0.0,4.0,4.0,0.0,-8.0,1.0,2.0,0.0,37.6832,0.0
75.0,239.54768,13.69082,92.345695,63.83789,0.0,0.0,100.0,-7.0,7.0,8.0,90.631516,0.0,24.0,8.0,1.0,1.0,40.901176,66.94472,6.0,3.0,1.0,50.0,0.0
87.0,266.90805,23.971706,139.11656,15.0,1.0,0.0,100.0,-7.0,6.0,8.0,18.0,0.0,42.399708,-8.0,0.0,0.0,0.0,54.88291,2.0,2.0,0.0,50.0,0.0
76.0,268.79712,5.0,69.214294,42.383945,0.0,0.0,100.0,-7.0,7.0,8.0,34.0,3.2454193,28.56545,0.0,3.0,3.0,15.0,83.12339,3.0,3.0,0.0,40.915882,0.0
83.0,239.5655,1.5827163,97.12922,35.649593,1.0,0.0,97.0,30.529589,6.0,3.7715876,50.902992,4.0,34.208336,12.0,0.0,0.0,4.0337343,-8.0,3.0,2.0,0.0,33.0,0.0
84.0,54.56228,8.0,70.716095,27.0,0.0,0.0,100.0,-7.0,7.0,8.0,15.0,2.0,31.0,7.0,0.0,0.0,4.0,94.762665,2.0,2.0,0.0,45.15404,0.0
-9.0,259.19504,49.29459,118.393486,17.0,4.603728,3.50809,-0.98214287,6.0,4.0,5.0,18.92479,0.0,56.57505,0.0,1.0,1.0,40.901863,-8.0,4.0,2.0,0.0,75.0,0.0
79.25529,206.52487,2.0,120.15533,20.0,2.0,1.0,85.76653,28.080475,6.0,2.0,22.0,3.0,23.255661,0.0,0.0,0.0,9.0,-8.0,3.0,1.0,0.0,68.82066,0.0
74.0,108.5646,12.111189,63.0,12.0,2.093307,2.0,100.0,-7.0,6.0,8.0,11.0,0.0,39.894527,0.0,2.0,2.0,71.9848,8.964522,5.0,2.0,0.0,81.72842,0.0
71.0,172.87894,1.0,80.69648,29.0,1.0,1.0,93.148766,25.48258,6.0,4.0,28.0,4.0,21.0,-7.0,1.0,1.0,49.905,83.752144,7.0,3.0,2.0,77.669556,0.0
66.0,312.05917,7.0,114.65046,33.0,0.0,0.0,94.0,-2.1036222,4.0,6.0,34.0,1.0,47.0,0.0,0.0,0.0,44.302288,35.237827,6.6446624,2.0,1.0,67.0,0.0
57.771782,160.45958,12.465846,63.0,19.0,5.491778,7.7522535,83.08638,36.61228,6.0,2.0,29.0,2.0,32.0,-6.183488,0.0,0.0,77.42845,19.626297,3.0,3.0,3.0,88.26551,0.0
80.0,221.95775,3.0,100.0,22.0,0.0,0.0,100.0,-7.0,7.0,8.0,21.0,1.0,20.0,-7.0,0.0,0.0,25.155813,-8.0,4.0,1.0,1.0,51.734222,0.0
79.0,215.07901,2.0,76.0,30.678331,0.0,0.0,100.0,-7.0,7.0,8.0,32.062,1.0,22.0,-7.0,1.0,1.0,40.855328,58.003407,2.0,3.1156497,3.0,34.70624,0.0
-9.0,-9.0,-9.0,-9.0,-9.0,-9.0,-9.0,-9.0,-9.0,-9.0,-9.0,-9.0,-9.0,-9.0,-9.0,-9.0,-9.0,-9.0,-9.0,-9.0,-9.0,-9.0,-9.0,0.0
81.0,491.95148,34.454914,155.35469,18.0,0.0,0.0,100.0,-7.0,7.0,8.0,28.0,0.0,51.28599,17.691786,0.0,0.0,35.72081,-8.0,3.0,1.0,0.0,81.73317,0.0
91.831055,414.7006,4.490195,100.627846,13.937882,0.0,0.0,100.0,-7.0,7.0,8.0,16.0,2.0,70.9755,0.0,1.0,1.0,1.1044692,8.077511,1.0,2.0,0.0,50.0,0.0
90.48489,433.44876,21.59668,122.70961,19.0,0.0,0.0,100.0,-7.0,7.0,8.0,18.0,0.0,9.407738,1.0,2.0,1.0,3.0,-8.0,3.0,1.0,0.0,50.0,0.0
80.70238,205.03442,4.0,77.93844,27.0,1.0,0.0,88.0,68.289536,6.0,4.0,33.0,2.0,23.0,1.0,2.0,1.6567839,1.0,65.46378,1.0,3.0,0.0,42.17288,0.0
75.0,199.94319,5.0,82.705055,37.4535,0.0,0.0,95.80846,15.499374,6.0,6.0,36.40364,2.0,45.0,1.0,1.0,0.0,0.0,95.56506,0.041708764,2.0,0.0,33.0,0.0
85.0,118.20829,6.0,76.0,14.0,0.0,0.0,100.0,-7.0,7.0,8.0,16.137333,2.0,47.545433,0.0,0.0,0.0,8.177921,-8.0,3.0,2.0,0.0,75.0,0.0
75.07345,138.10316,11.832269,71.05726,34.803936,0.0,0.0,97.0,-7.0,6.0,6.0,32.0,1.0,26.004307,2.0,0.0,0.0,27.048195,-8.0,4.427114,1.5954067,0.0,50.0,0.0
-9.0,-9.0,-9.0,-9.0,-9.0,-9.0,-9.0,-9.0,-9.0,-9.0,-9.0,-9.0,-9.0,-9.0,-9.0,-9.0,-9.0,-9.0,-9.0,-9.0,-9.0,-9.0,-9.0,0.0
68.49922,154.46092,6.0,58.0,27.0,0.0,0.0,97.0,-7.0,6.0,6.0,29.067354,4.0,35.0,0.0,2.0,1.0,14.330185,82.0171,2.0,2.0,1.0,36.864944,0.0
91.39402,80.77534,7.0,61.496128,-0.5581804,0.0,0.0,100.0,-7.0,7.0,8.0,3.1540105,1.0,72.75483,3.404009,1.0117341,1.0,-6.369428,86.32742,0.0,1.0,0.0,62.368355,0.0
62.0,117.55155,9.0,57.74956,40.504925,0.0,0.0,97.0,19.048567,6.0,6.0,44.22746,1.0,61.293613,-7.0,5.2756453,5.0,46.89929,-8.0,8.6840105,5.0,1.0,100.0,0.0
68.0,69.14097,7.0,50.888813,15.0,0.0,0.0,90.48095,33.973637,6.0,6.0,15.0,2.0,25.0,-7.0,2.0,1.0,18.83934,-8.0,4.0,2.0,0.0,67.0,0.0
82.346794,188.85869,5.5126033,108.925064,34.881416,0.0,0.0,100.0,-7.0,7.0,8.0,44.709774,1.0,45.796814,0.0,0.0,0.0,31.966774,-8.0,5.0,2.0,0.0,63.843624,0.0
86.0,249.27348,3.0,136.11075,34.102516,0.0,0.0,100.0,-7.0,7.0,8.0,27.0,4.0,32.57289,0.0,1.0,1.0,3.0,91.92872,5.0,3.0,0.0,44.252,0.0
80.0,212.21974,6.0,86.0,36.980137,0.0,0.0,100.0,-7.0,7.0,8.0,39.630817,5.0,24.0,1.2372047,1.0,1.0,2.0,52.298176,4.0,2.0,1.0,43.49119,0.0
73.0,323.0716,2.0,63.0,28.0,0.0,0.0,100.0,-7.0,7.0,8.0,30.0,2.0,28.713894,0.0,1.0,2.0,17.0,76.57777,5.0,2.0,2.0,50.0,0.0
71.0,176.55496,7.0,63.0,18.0,0.0,0.0,100.0,-7.0,7.0,8.0,15.0,1.0,10.512676,0.0,3.0,2.0,60.947506,-8.0,3.266926,-9.0,3.0,38.0,0.0
60.18431,375.0459,6.0,112.24427,39.199757,0.0,0.0,96.28097,23.103277,6.0,6.0,37.663857,1.0,46.77868,1.0,2.0,2.0,45.619385,77.59971,9.0,7.449926,4.0,63.0,0.0
77.0,300.34726,5.0,102.55226,37.71764,0.0,0.0,97.41507,44.46981,6.0,6.0,43.15285,2.0,40.04732,0.0,4.0,4.0,54.14129,33.512062,3.0,1.0,1.0,56.0,0.0
72.0,282.98004,3.0,73.56193,32.0,0.0,0.0,91.0,62.91084,6.0,6.0,38.0,2.0,55.022804,0.0,0.0,0.0,71.47375,82.57531,2.0,7.5455203,2.0,71.0,0.0
69.0,226.3927,5.0,71.0,34.176373,0.0,0.0,98.25713,47.71956,6.0,6.0,32.691826,2.0,25.0,7.328364,0.0,0.0,27.250692,42.513893,5.0,3.0,1.0,56.0,0.0
88.0,182.52278,5.0,116.57818,22.0,0.0,0.0,100.0,-7.0,7.0,8.0,20.0,1.0,25.0,-7.0,0.0,0.0,2.0,66.33723,2.0,2.0,0.0,50.0,0.0
80.93546,348.48682,7.0,74.39658,45.91196,0.0,0.0,100.0,-7.0,7.0,8.0,42.263874,1.0,16.88369,3.0,1.0,1.0,4.0,-8.0,11.978789,2.0,1.0,50.0,0.0
70.0,654.4367,8.0,108.19653,15.910603,0.0,0.0,80.6307,-7.0,3.0,5.0,15.0,1.0,22.72533,0.0,0.0,0.0,3.0,80.0,2.0,2.0,0.0,35.849422,0.0
85.0,106.53886,5.0,75.0,18.643675,0.0,0.0,100.0,-7.0,7.0,8.0,9.0,1.2175069,50.0,0.0,0.0,0.0,0.0,97.32322,1.0,3.0,0.0,98.62772,0.0
-9.0,-9.0,-9.0,-9.0,-9.0,-9.0,-9.0,-9.0,-9.0,-9.0,-9.0,-9.0,-9.0,-9.0,-9.0,-9.0,-9.0,-9.0,-9.0,-9.0,-9.0,-9.0,-9.0,0.0
-9.0,433.75983,4.0,139.5373,33.90837,4.252886,2.1267004,82.64456,-7.0,-9.0,2.0,41.571625,1.0,40.0,0.0,1.0,1.0,4.522679,65.54859,3.0,1.0,0.0,37.672504,0.0
85.0,97.14585,7.0,56.133026,-9.0,0.0,0.0,100.0,-7.0,7.0,8.0,3.987227,0.0,7.007678,10.052064,0.0,0.0,32.0,-8.0,3.0,1.0,0.0,64.0,0.0
64.069855,190.02141,14.0,68.0,28.0,0.0,0.0,100.0,-7.0,7.0,8.0,26.0,0.0,42.0,0.0,3.0,3.0,87.19546,-8.0,7.0,2.0,3.1067545,67.0,0.0
81.48555,365.77036,8.0,90.0,15.0,0.0,0.0,97.0,-7.0,6.0,6.0,12.881806,0.0,7.562161,10.61428,0.0,0.0,11.0,-8.0,3.0,1.0,0.0,56.120686,0.0
88.0,280.31885,4.0,82.6202,20.0,0.0,0.0,100.0,-7.0,7.0,8.0,21.0,1.0,32.115818,0.0,0.0,0.0,6.0,80.0,1.0,1.0,0.0,25.079344,0.0
75.0,123.24037,4.9817796,36.825386,15.0,0.0,0.0,100.0,-7.0,7.0,8.0,5.852516,4.0,-9.0,19.278343,1.0,1.0,21.0,-8.0,4.0,2.0,0.0,33.0,0.0
77.0,397.4503,5.0,86.15539,19.09674,2.0,1.4108826,100.0,-7.0,7.0,8.0,23.0,3.0,40.0,0.0,0.0,0.0,1.7781156,21.054985,1.0,1.0,0.0,42.490948,0.0
76.08102,140.26822,2.0,74.781586,25.546328,0.0,0.0,100.0,-7.0,7.0,8.0,28.0,2.0,46.0,0.0,2.0,2.0,57.739902,100.0,3.0,3.0,1.0,70.69199,0.0
76.0,145.20203,1.0,71.82932,22.0,0.0,0.0,100.0,-7.0,7.0,8.0,20.485304,3.0,41.0,2.0,1.0,1.0,36.068253,-8.0,1.0,1.0,1.0,42.876965,0.0
84.0,134.18529,6.0,50.439342,15.0,0.0,0.0,100.0,-7.0,7.0,8.0,20.0,1.5597769,14.0,5.0,1.0,0.0,9.691372,47.89993,1.0,1.0,0.0,77.22418,0.0
72.732864,146.63394,12.790368,88.20946,31.089838,0.0,0.0,96.0,31.53781,6.0,6.0,31.03626,1.0,37.935352,0.0,0.0,1.0,12.318539,90.04535,7.0,5.0,0.0,67.0,0.0
-9.0,-9.0,-9.0,-9.0,-9.0,-9.0,-9.0,-9.0,-9.0,-9.0,-9.0,-9.0,-9.0,-9.0,-9.0,-9.0,-9.0,-9.0,-9.0,-9.0,-9.0,-9.0,-9.0,0.0
73.0,334.87436,5.0,119.10215,22.0,0.0,0.0,100.0,-7.0,6.0,8.0,24.0,1.0,10.915843,0.0,0.0,0.0,27.4075,-8.0,5.0,1.0,3.0,43.510754,0.0
-9.0,-9.0,-9.0,-9.0,-9.0,-9.0,-9.0,-9.0,-9.0,-9.0,-9.0,-9.0,-9.0,-9.0,-9.0,-9.0,-9.0,-9.0,-9.0,-9.0,-9.0,-9.0,-9.0,0.0
75.900085,186.72414,3.0,58.0,18.0,0.0,0.0,92.0,30.277954,6.0,6.0,19.0,3.0,27.0,-7.0,1.0,1.0,4.2901464,36.109882,2.0,4.0,0.0,60.0,0.0
79.0,229.60303,1.0,58.0,28.0,0.0,0.0,100.0,-7.0,7.0,8.0,32.005993,5.5757413,27.0,2.0,2.0,2.0,11.0,82.9904,2.0,2.0,0.0,33.0,0.0
65.0,186.44293,30.234362,101.5654,6.01823,6.1508036,7.8173876,83.575645,33.798935,6.0,5.0,11.0,0.0,25.0,1.0,0.0,0.0,81.15103,-8.0,3.0,-8.0,2.0,100.0,0.0
69.0,166.45444,1.0,61.2058,42.42669,0.0,0.0,100.0,-7.0,7.0,8.0,26.740847,3.0,33.595425,0.0,5.0,5.0,7.0,49.4915,4.0,2.0,2.0,36.777355,0.0
-9.0,-9.0,-9.0,-9.0,-9.0,-9.0,-9.0,-9.0,-9.0,-9.0,-9.0,-9.0,-9.0,-9.0,-9.0,-9.0,-9.0,-9.0,-9.0,-9.0,-9.0,-9.0,-9.0,0.0
85.4811,201.86647,10.0,106.18033,27.0,0.0,0.0,100.0,-7.0,7.0,8.0,27.320559,1.0,38.50166,21.136227,0.0,0.0,16.0,-8.0,3.0,2.0,0.0,44.0,0.0
66.0,199.45462,5.321522,64.81157,25.0,4.3089004,3.4638479,80.793686,9.5111065,4.291746,2.0,28.0,2.0,77.03416,0.0,2.0,2.0,45.277664,92.12707,1.0,5.0,0.0,77.48038,0.0
85.50231,408.89914,2.0,96.32172,19.503546,0.0,0.0,100.0,-7.0,7.0,8.0,23.0,2.0,20.0,4.0,0.0,0.0,1.335403,-8.0,4.0,-8.0,0.0,43.0,0.0
73.0,259.81042,17.283705,94.54729,26.355234,0.0,0.0,92.374344,11.417681,6.0,6.0,34.0,0.0,33.0,3.0,0.0,0.0,20.78231,67.95673,6.0,3.0,0.0,64.0,0.0
68.72152,191.86461,4.0,70.05101,17.0,1.0,1.0,88.0,22.449482,4.0,5.0,26.0,5.0,30.0,18.630342,0.0,0.0,21.742992,69.50186,2.0,2.683249,0.0,64.92957,0.0
88.0,409.40668,1.1740931,108.16101,21.0,0.0,0.0,100.0,-7.0,7.0,8.0,20.0,2.0,11.0,2.0,0.0,0.0,7.496902,-8.0,2.0,1.0,0.0,43.0,0.0
81.0,132.93475,2.0,50.647175,27.0,0.0,0.0,100.0,-7.0,7.0,8.0,40.846973,5.0,55.962044,2.0,2.0226953,2.0,6.0,100.0,3.0,4.0,0.0,63.936207,0.0
78.0,272.47122,10.0,94.0,17.0,0.0,0.0,97.0,19.383892,6.0,6.0,17.0,1.0,29.0,-7.0,0.0,0.0,52.476185,63.57635,4.0,2.0,0.0,58.188736,0.0
86.0,188.21083,19.998268,120.515495,29.0,0.0,0.0,100.0,-7.0,7.0,8.0,6.205934,0.0,13.0,0.0,0.0,0.0,2.092495,-8.0,6.0,1.0,0.0,57.0,0.0
87.0,412.66107,25.770977,243.97723,15.0,0.0,0.0,100.0,-7.0,7.0,8.0,10.0,0.0,14.0,-7.0,0.0,0.0,21.0,71.0,3.0,2.0,0.0,66.698975,0.0
86.0,232.77611,1.6267625,63.0,16.0,0.0,0.0,94.039856,34.728226,6.0,6.0,20.853725,2.669027,23.0,2.0,1.5951127,1.4095379,0.7653399,147.08125,1.0,2.0,0.0,43.0,0.0
73.0,250.50887,13.416454,114.618454,29.785872,0.0,0.0,95.0,-7.0,4.0,6.0,35.0,0.0,28.0,-8.0,0.0,0.0,26.802961,62.809402,6.0,4.0,1.0,67.0,0.0
-9.0,-9.0,-9.0,-9.0,-9.0,-9.0,-9.0,-9.0,-9.0,-9.0,-9.0,-9.0,-9.0,-9.0,-9.0,-9.0,-9.0,-9.0,-9.0,-9.0,-9.0,-9.0,-9.0,0.0
88.0,270.6466,10.0,58.0,12.455213,0.0,0.0,100.0,-7.0,7.0,8.0,10.0,1.0,43.20621,23.612524,0.0,0.0,9.3726635,-8.0,2.0,-8.0,0.0,33.0,0.0
82.0,290.47516,7.0,87.47463,50.418976,0.0,0.0,100.0,38.884583,6.0,6.0,50.11556,1.0,36.275932,1.0,4.0,4.0,10.140494,82.0,4.438585,3.0,0.0,64.38357,0.0
77.0,107.31254,3.0,82.0,35.752388,0.0,0.0,100.0,-7.0,0.0,6.0,5.0493064,3.0,45.0,0.0,0.0,0.0,25.0,75.94309,2.0,7.4547563,1.0,62.871513,0.0
80.63467,323.11917,15.0,103.57937,26.058702,0.0,0.0,100.0,-7.0,7.0,8.0,24.0,0.0,24.464998,0.0,0.0,0.0,17.486717,42.476295,3.0,2.0,0.0,43.0,0.0
68.0,213.82697,1.0,87.054245,19.0,0.0,0.0,100.0,-7.0,7.0,8.0,23.379704,3.0,30.0,3.0,2.0,2.0,36.966232,84.94992,6.0,4.0,2.0,80.0,0.0
73.0,212.30344,4.0,103.19703,23.0,0.0,0.0,95.0,30.293858,6.0,5.0,14.047779,1.0,35.0,7.0,2.0,2.0,26.269152,-8.0,5.0,2.0,0.0,83.18829,0.0
85.0,195.413,3.0,72.0,46.430832,0.0,0.0,100.0,-7.0,7.0,8.0,54.388004,4.0,77.31413,5.7316256,4.0,4.468652,3.0,97.225914,2.0,5.8489723,0.0,79.78588,0.0
67.0,239.59016,1.0,61.0,28.0,0.0,0.0,83.539474,6.020636,4.0,6.0,33.99992,2.0,31.31854,0.0,1.0,1.0,22.05954,93.92926,6.0,3.0,0.0,75.0,0.0
84.0,221.43817,4.0,81.0,28.0,0.0,0.0,100.0,-7.0,7.0,8.0,34.54552,3.0,36.62512,0.0,0.0,0.0,10.0,83.12582,4.0,5.0,0.0,66.53698,0.0
71.0,351.2894,11.0,100.0,15.0,1.0,1.0,80.532135,17.167782,6.0,4.8222995,21.0,0.0,35.0,5.7587085,0.0,0.0,11.906626,-8.0,2.0,1.0,0.0,63.0,0.0
77.142166,276.5259,2.0,76.07287,13.0,0.0,0.0,95.0,49.467373,6.0,6.0,12.0,2.0,22.765202,0.0,2.0,2.0,13.631776,92.88254,3.0,1.0,2.0,77.57454,0.0
84.307396,372.71017,34.02535,294.38358,8.0,0.0,0.0,85.22289,44.36532,6.0,6.0,4.8337765,0.0,27.739004,-8.0,0.0,0.0,2.0,-8.0,1.0,2.0,0.0,75.0,0.0
72.48725,372.23236,7.0,158.16727,32.769756,0.0,0.0,95.0,11.007558,6.0,6.0,33.0,1.0,40.891468,-7.4376273,0.0,0.0,61.34614,88.59546,9.0,3.0,1.0,80.0,0.0
68.974525,165.20677,6.0,45.97944,7.4678054,1.0,1.0,100.0,-7.0,7.0,8.0,9.222715,3.0,44.117306,-8.0,0.0,0.0,56.81017,100.0,1.0,2.0,0.0,86.72769,0.0
81.0,168.33879,5.2796493,61.0,12.0,0.0,0.0,100.0,-7.0,7.0,8.0,9.0,2.0,50.0,11.370898,0.0,0.0,22.951042,92.619255,2.0,4.0,0.0,85.90685,0.0
72.0,242.55745,6.0,74.93705,36.34785,0.0,0.0,97.0,43.091713,6.0,6.0,38.271545,2.0,33.0,2.0,0.0,0.0,81.17662,92.24587,5.0,3.0,1.0,83.0,0.0
-9.0,-9.0,-9.0,-9.0,-9.0,-9.0,-9.0,-9.0,-9.0,-9.0,-9.0,-9.0,-9.0,-9.0,-9.0,-9.0,-9.0,-9.0,-9.0,-9.0,-9.0,-9.0,-9.0,0.0
88.0,198.86134,2.0,100.54376,27.0,0.0,0.0,100.0,-7.0,7.0,8.0,20.019753,4.988842,40.0,7.6565466,1.0,1.0,0.0,-8.0,2.0,2.0,0.0,41.980515,0.0
70.0,194.4066,10.0,88.33885,39.0,0.0,0.0,100.0,47.55999,6.0,6.0,37.0,1.0,55.026844,1.0,6.8396463,6.439995,63.380455,91.0,4.0,7.9323106,1.0,76.17398,0.0
76.8598,130.92441,17.0,68.0,21.0,0.0,0.0,100.0,-7.0,7.0,8.0,21.0,0.0,44.74027,-8.0,0.0,0.0,43.765408,85.07494,5.0,3.0,1.0,75.0,0.0
73.0,184.30873,9.0,61.0,39.663933,0.0,0.0,100.0,-7.0,7.0,8.0,37.643295,4.0,27.0,5.469083,0.0,0.0,24.890474,46.89367,2.0,2.0,0.0,42.969337,0.0
-9.0,-9.0,-9.0,-9.0,-9.0,-9.0,-9.0,-9.0,-9.0,-9.0,-9.0,-9.0,-9.0,-9.0,-9.0,-9.0,-9.0,-9.0,-9.0,-9.0,-9.0,-9.0,-9.0,0.0
77.0,230.17433,11.0,71.825035,28.221552,0.0,0.0,94.48366,22.558062,6.0,6.0,31.0,0.0,42.0,12.0,0.0,0.0,11.0,93.84672,2.0,4.0,1.0,70.157234,0.0
88.40584,125.97511,20.0,61.0,-8.26344,0.0,0.0,100.0,-7.0,7.0,8.0,3.1398542,0.0,39.303627,-7.460113,0.0,0.0,12.0,-8.0,1.0,1.0,0.0,71.0,0.0
73.0,261.99344,7.0,78.95499,14.0,0.0,0.0,100.0,-7.0,7.0,8.0,13.0,2.0,38.0,0.0,2.0,1.0,38.873444,-8.0,2.0,1.0,0.0,71.0,0.0
85.0,218.87328,1.0,90.3161,19.0,0.0,0.0,100.0,-7.0,7.0,8.0,27.414719,1.0,17.011383,0.0,1.0,1.0,1.0,39.68421,3.0,1.0,0.0,33.0,0.0
83.0,232.81288,4.0,67.0,42.32929,0.0,0.0,100.0,-7.0,7.0,8.0,46.69304,5.0,42.0,0.0,9.899077,9.658306,2.0,65.25007,2.0,2.0,0.0,34.09128,0.0
73.0,345.87122,18.320423,94.75719,29.0,0.0,0.0,100.0,-7.0,7.0,8.0,37.68828,0.0,20.641272,0.0,2.0,1.0,52.75006,74.20846,6.0,2.0,4.0,56.01048,0.0
72.0,173.69101,3.0,78.70992,23.0,0.0,0.0,100.0,-7.0,7.0,8.0,29.0,3.0,22.97205,-7.0,1.0,0.0,1.0,74.63721,5.0,1.0,2.0,80.0,0.0
74.0,342.53177,7.0,81.0,21.0,0.0,0.0,100.0,-7.0,7.0,8.0,22.297897,4.0,33.0,-8.0,1.0,1.0,37.51572,-8.0,6.0,2.0,1.0,75.0,0.0
88.96348,265.545,8.0,147.33366,17.0,0.0,0.0,100.0,-7.0,7.0,8.0,14.720376,2.0,13.149762,14.271436,0.0,0.0,10.852465,-8.0,2.0,-8.0,0.0,23.104412,0.0
77.0,129.52277,7.0,86.0,18.0,1.0,0.0,91.0,33.987465,6.0,4.5533557,13.0,1.0,38.0,-7.0,0.0,0.0,8.624058,86.45954,4.0,3.0,0.0,64.0,0.0
72.0,82.65773,1.0,-9.0,9.238254,0.0,0.0,100.0,-7.0,7.0,8.0,9.0,3.0,49.407547,4.0,2.0,2.0,31.113316,97.362564,4.0,2.0,0.0,74.25342,0.0
83.0,244.4138,3.0,70.84087,32.0,0.0,0.0,100.0,-7.0,7.0,8.0,35.0,4.0,25.0,0.0,2.0,2.0,7.250978,114.90728,3.0,3.0,0.0,40.0,0.0
89.0,288.40866,1.0,96.92704,44.40345,0.0,0.0,100.0,22.81786,6.0,6.0,55.63125,3.0,19.0,0.0,4.0,3.755192,2.0,-8.0,5.0,-8.0,0.0,29.160757,0.0
85.21527,339.6391,6.0,97.6693,28.0,0.0,0.0,100.0,-7.0,7.0,8.0,27.768196,2.0,43.777557,7.9412956,0.0,0.0,6.0,-8.0,3.0,1.0,0.0,33.0,0.0
70.0,154.20447,3.0,46.762955,37.774822,0.0,0.0,100.0,-7.0,7.0,8.0,44.4633,10.998882,33.0,1.0,2.0,2.0,4.0,94.71141,5.0,5.6823893,0.0,50.0,0.0
84.0,306.97083,15.0,100.767944,16.0,0.0,0.0,100.0,-7.0,7.0,8.0,17.984137,0.0,23.0,0.43761346,1.0,1.0,23.619284,95.278824,5.0,2.0,0.0,100.0,0.0
77.0,224.42516,8.0,70.0,36.066017,0.0,0.0,100.0,-7.0,7.0,8.0,46.895115,4.0,16.0,-8.0,0.0,0.0,52.976765,-8.0,7.0,1.0,2.0,75.0,0.0
70.0,107.91571,8.0,49.246807,12.0,0.0,0.0,92.0,44.461716,6.0,6.0,12.0,3.0,55.90018,0.0,0.0,0.0,30.438433,-8.0,4.0,2.0,1.0,100.0,0.0
72.414246,216.28223,17.0,89.71367,13.0,0.0,0.0,84.39609,24.191217,6.0,6.0,15.98286,0.0,21.0,0.0,2.0,2.0,0.0,-8.0,-9.0,1.0,0.0,32.48759,0.0
83.0,193.99867,5.0,80.46233,30.0,0.0,0.0,100.0,-7.0,7.0,8.0,38.0,3.0,33.0,2.1064372,1.0,1.0,11.0,25.659573,4.0,9.783712,0.0,60.0,0.0
73.0,141.04324,6.968948,52.864967,11.0,1.0,0.0,71.449844,34.659035,6.0,5.0,19.0,2.0,41.872116,11.45321,0.0,0.0,38.451576,98.46806,2.0,1.0,0.0,81.24008,0.0
88.19474,258.50296,4.0,74.0,24.0,0.0,0.0,100.0,-7.0,7.0,8.0,25.38161,2.0,24.0,1.0,2.0,1.0,6.0,62.042423,3.0,2.0,0.0,56.0,0.0
71.0,352.89847,2.0,95.301384,29.0,0.0,0.0,100.0,-7.0,7.0,8.0,43.432262,4.0,14.0,3.908621,0.0,0.0,34.054764,92.74387,7.7580314,3.0,4.0,77.717255,0.0
87.0,-8.176296,18.225918,61.0,7.0,0.0,0.0,100.0,-7.0,7.0,8.0,5.1172237,0.0,8.70617,0.0,0.0,0.0,6.0,-8.0,1.0,1.0,0.0,43.0,0.0
78.0,159.3609,2.0,81.0,22.0,0.0,0.0,100.0,-7.0,7.0,8.0,20.062601,1.0,19.0,1.4361457,1.0,1.0,9.0,47.243237,3.0,-8.0,0.0,44.0,0.0
72.0,283.98624,5.473809,111.90912,21.0,0.0,0.0,93.88203,73.90919,6.0,6.0,21.69185,2.0,21.981157,0.0,2.0,2.0,41.46137,87.17267,6.0,3.0,2.0,71.0,0.0
-9.0,-9.0,-9.0,-9.0,-9.0,-9.0,-9.0,-9.0,-9.0,-9.0,-9.0,-9.0,-9.0,-9.0,-9.0,-9.0,-9.0,-9.0,-9.0,-9.0,-9.0,-9.0,-9.0,0.0
70.0,128.86653,2.0,53.883812,20.573086,0.0,0.0,100.0,-7.0,7.0,8.0,0.2726524,3.0,53.076294,-7.0,0.0,0.0,58.024986,28.724054,4.0,2.0,1.0,64.0,0.0
83.0,151.76831,1.0,79.31592,18.0,0.0,0.0,100.0,-7.0,7.0,8.0,18.309832,2.0,29.0,1.0,0.0,0.0,11.0,-8.0,3.1276443,4.0,0.0,67.0,0.0
70.0,147.4183,13.0,128.23398,6.0,0.09574733,0.0,100.0,-7.0,6.0,8.0,8.601203,1.0,38.231476,0.0,2.0,2.0,33.447178,-8.0,1.0,-8.0,0.0,75.0,0.0
69.763725,348.8717,7.0,110.62995,31.384285,0.0,0.0,94.0,24.290077,6.0,6.0,32.0,2.0,32.499763,8.0,0.0,0.0,35.958733,46.75546,4.0,2.0,2.0,50.0,0.0
84.0,386.13647,30.341183,124.926704,28.720678,0.0,0.0,100.0,-7.0,7.0,8.0,30.0,0.0,20.0,0.0,2.0,1.0,9.0,-8.0,2.0,2.0,0.0,42.403362,0.0
69.0,200.31607,4.0,67.615364,41.01322,0.0,0.0,95.8119,1.0,6.0,6.0,41.40057,2.0,38.0,0.0,0.0,0.0,27.49583,72.21171,4.0,3.0,0.0,57.0,0.0
-9.0,-9.0,-9.0,-9.0,-9.0,-9.0,-9.0,-9.0,-9.0,-9.0,-9.0,-9.0,-9.0,-9.0,-9.0,-9.0,-9.0,-9.0,-9.0,-9.0,-9.0,-9.0,-9.0,0.0
89.54442,346.74637,6.0,101.383194,21.900938,0.0,0.0,100.0,-7.0,7.0,8.0,16.0,1.0,16.44704,0.0,0.0,0.0,4.2842693,-8.0,2.0,1.0,0.0,37.339672,0.0
86.0,188.38258,6.1578937,104.707855,20.186094,0.0,0.0,100.0,-7.0,7.0,8.0,19.905811,1.0,22.0,0.0,0.0,0.0,4.4111404,24.637463,4.0,1.0,0.0,44.0,0.0
87.0,408.78143,9.336748,163.82382,34.0,0.0,0.0,100.0,-7.0,7.0,8.0,35.980522,0.0,33.0,-7.0,0.0,0.0,1.0,-8.0,3.0,2.6403444,0.0,25.0,0.0
83.0,145.05927,2.0,65.0,36.0,0.0,0.0,96.0,64.14163,6.0,6.0,35.468353,2.0,12.685044,-8.0,0.0,0.0,0.0,-8.0,2.0,3.0,0.0,26.73281,0.0
-9.0,-9.0,-9.0,-9.0,-9.0,-9.0,-9.0,-9.0,-9.0,-9.0,-9.0,-9.0,-9.0,-9.0,-9.0,-9.0,-9.0,-9.0,-9.0,-9.0,-9.0,-9.0,-9.0,0.0
74.0,196.37656,0.3961603,42.001667,18.0,0.0,0.0,97.0,69.090904,6.0,6.0,20.0,4.0,35.0,0.0,1.0,1.0,16.261461,98.517265,7.0,4.0,0.0,80.0,0.0
84.35413,210.20558,12.030287,83.0,33.146713,0.0,0.0,100.0,-7.0,7.0,8.0,41.73374,0.0,33.0,-8.0,0.0,0.0,9.657152,84.19992,6.0,6.0,0.0,60.0,0.0
73.0,221.00366,10.0,96.9972,6.0,2.0,1.0,69.179405,46.27528,6.0,3.0,9.0,1.0,14.0,3.0,1.0,1.0,22.925032,-8.0,1.0,-9.0,0.0,20.54038,0.0
83.0,94.33726,1.4817686,56.05524,14.642432,0.0,0.0,100.0,-7.0,7.0,8.0,7.0,3.0,36.0,12.0,0.0,0.0,9.48738,61.35393,2.0,3.0,0.0,42.68583,0.0
88.732605,205.63187,5.0,57.195633,22.0,0.0,0.0,100.0,-7.0,7.0,8.0,34.0,2.0,68.595024,0.0,2.0,2.0,4.0,-8.0,2.0,1.0,0.0,73.00667,0.0
70.0,276.59824,5.0,81.0,43.554695,0.0,0.0,86.06631,-7.0,4.0,6.0,45.760513,4.0,32.0,-7.0,1.0,1.0,1.0,53.627293,5.0,6.0,0.0,50.0,0.0
68.0,262.99454,4.0,75.0,25.0,2.0,2.075168,92.025,6.036364,0.0,6.0,26.0,1.0,36.0,1.0,0.0,0.0,24.358175,-8.0,6.0,3.0,2.0,75.0,0.0
90.0,242.01175,8.0,77.0,16.0,0.0,0.0,100.0,-7.0,7.0,8.0,12.194836,2.0,29.0,12.177009,0.0,0.0,1.0,11.276029,1.6920453,1.0,0.0,33.0,0.0
91.502716,290.14774,36.514603,110.04974,14.0,0.0,0.0,100.0,-7.0,7.0,8.0,15.0,0.0,60.323593,0.0,0.0,0.0,1.0,-8.0,1.0,1.0,0.0,-9.0,0.0
79.0,332.1712,3.0,97.0,25.0,0.0,0.0,100.0,-7.0,7.0,8.0,29.76545,5.5953884,21.642185,0.0,1.0,1.0,25.0,-8.0,2.0,2.0,1.0,40.722454,0.0
54.562218,213.16515,7.0,93.138054,14.295077,3.0,2.0354786,78.36409,2.0,0.0993686,6.0,13.080183,1.0,23.0,4.0,0.0,0.0,4.6878448,77.74848,2.0,2.0,1.0,40.0,0.0
87.0,262.0565,3.0,71.54406,13.822713,0.0,0.0,92.0,58.57902,6.0,6.0,14.160783,1.0,46.0,10.600373,0.0,0.0,0.0,-8.0,2.0,1.0,0.0,63.0,0.0
70.0,188.10757,2.0,82.88188,20.0,0.0,0.0,100.0,-7.0,7.0,8.0,23.33218,6.1987414,21.0,0.0,2.0,2.0,36.561703,82.0,8.0,3.0,1.0,60.0,0.0
85.0,271.1767,31.736982,122.70727,15.0,0.0,0.0,100.0,-7.0,7.0,8.0,14.0,0.0,94.279625,-7.0,0.0,0.0,10.119056,93.0,1.0,3.0,0.0,84.71109,0.0
74.0,176.92381,8.45546,76.0,32.592358,0.0,0.0,96.0,45.76958,6.0,6.0,37.0,2.0,46.0,9.0,1.0,0.0,57.211296,61.91938,4.0,3.0,2.0,80.0,0.0
70.0,152.10938,4.0,53.45517,44.727238,0.0,0.0,97.0,34.5666,6.0,6.0,44.384487,3.0,52.80201,0.0,0.0,0.0,54.378616,56.100792,7.0,4.0,1.0,91.42569,0.0
76.0,191.35225,5.0,79.46752,34.101643,0.0,0.0,94.0,34.807083,6.0,6.0,41.269936,1.0,18.0,0.0,0.0,0.0,18.0,82.0,5.0,2.0,1.0,50.0,0.0
92.91703,130.14734,40.92546,201.52307,7.0,0.0,0.0,100.0,-7.0,7.0,8.0,3.2125897,0.0,31.0,0.0,0.0,0.5267101,0.0,-8.0,2.0,-4.305414,0.0,44.0,0.0
78.0,326.69873,4.0,107.21575,40.02008,0.0,0.0,100.0,-7.0,7.0,8.0,15.953106,3.0,34.446075,-7.0,6.5184894,6.2500873,34.46926,-8.0,7.0,2.0,1.0,80.105835,0.0
83.001175,200.71884,3.0,69.25498,19.87202,0.0,0.0,100.0,-7.0,7.0,8.0,21.0,3.0,14.0,8.0,0.0,0.0,5.142872,43.154205,4.0,1.0,0.0,44.0,0.0
89.0,279.48846,65.65129,247.60611,13.0,0.0,0.0,100.0,-7.0,7.0,8.0,3.9996953,0.0,27.0,-8.0,0.0,0.0,0.0,-8.0,1.0,1.0,-8.0,33.284626,0.0
88.72237,376.32474,6.0,88.29119,46.73546,0.0,0.0,100.0,-7.0,7.0,8.0,48.99385,3.0,26.0,0.0,0.0,0.0,0.0,-8.0,0.0,1.0,0.0,5.5609703,0.0
75.0,168.55891,9.0,65.06063,12.0,0.0,0.0,100.0,-7.0,7.0,8.0,14.0,2.0,-9.0,0.0,0.0,0.0,46.457256,-8.0,4.0,-9.0,0.0,57.97904,0.0
85.40221,139.8694,11.0,51.885906,12.0,0.0,0.0,100.0,-7.0,7.0,8.0,15.0,1.0,18.0,16.0,0.0,0.0,7.9602876,-8.0,2.0,1.0,0.0,75.0,0.0
81.0,187.91519,15.173872,54.381817,3.8649602,0.0,0.0,100.0,-7.0,7.0,8.0,7.2783704,0.0,56.553215,0.0,0.0,0.0,25.0,40.995556,1.5041761,2.0,0.0,88.78959,0.0
86.0,263.98367,3.5198438,100.29824,39.437706,0.0,0.0,100.0,-7.0,7.0,8.0,34.175995,1.0,29.0,0.0,0.0,0.0,21.0,-8.0,6.0,4.0,0.0,63.0,0.0
90.28793,251.65338,3.0,108.928894,17.0,0.0,0.0,100.0,-7.0,7.0,8.0,16.0,2.0,17.0,-8.0,0.0,0.0,2.0,-8.0,1.0,1.0,0.0,21.340864,0.0
77.0,154.50209,6.0,72.0,20.0,0.0,0.0,100.0,-7.0,7.0,8.0,22.0,2.0,21.0,9.0,1.0,1.0,22.972248,-8.0,3.0,1.0,0.0,60.0,0.0
89.20294,323.8338,2.0,120.45492,16.016685,0.0,0.0,100.0,-7.0,7.0,8.0,17.0,1.0,14.533725,5.2856874,0.0,0.0,1.0,99.5767,4.0,1.0,0.0,46.13877,0.0
64.0,166.45341,1.0,85.316635,18.0,0.0,0.0,79.87788,16.005447,6.0,6.0,20.038883,1.0,18.801619,0.0,1.0,1.0,82.45324,-8.0,9.526071,1.0,3.0,83.0,0.0
81.0,147.82518,15.0,49.69199,6.5010943,0.0,0.0,100.0,-7.0,7.0,8.0,14.0,0.0,17.589453,-7.0,1.0,1.5641502,26.654787,-8.0,3.0,-8.0,0.0,91.02128,0.0
-9.0,-9.0,-9.0,-9.0,-9.0,-9.0,-9.0,-9.0,-9.0,-9.0,-9.0,-9.0,-9.0,-9.0,-9.0,-9.0,-9.0,-9.0,-9.0,-9.0,-9.0,-9.0,-9.0,0.0
70.674416,315.8979,21.615776,88.39996,21.0,0.0,0.0,87.96921,3.9866354,6.0,6.0,20.0,0.0,21.0,-7.0,0.0,0.0,35.75234,71.0,1.0,2.0,1.0,25.0,0.0
65.87421,186.6228,3.0,55.13286,27.0,0.0,0.0,95.155235,31.386602,6.0,6.0,39.646473,3.9730263,50.0,0.0,5.0,5.574787,75.972145,67.45757,4.0,2.0,3.1415162,60.0,0.0
-9.0,-9.0,-9.0,-9.0,-9.0,-9.0,-9.0,-9.0,-9.0,-9.0,-9.0,-9.0,-9.0,-9.0,-9.0,-9.0,-9.0,-9.0,-9.0,-9.0,-9.0,-9.0,-9.0,0.0
85.0,171.57741,20.804438,92.0,15.935917,1.0,0.0,93.0,49.11527,6.0,5.0,14.0,0.0,20.0,-7.0,0.0,0.0,1.0,-8.0,2.0,1.0,0.0,50.0,0.0
65.0,170.9593,-9.0,64.78275,26.888613,1.0,1.0,91.0,68.13399,6.0,5.0,29.0,3.0,56.344612,0.0,3.0,3.0,70.57645,45.510624,4.0,4.0,2.0,100.0,0.0
72.88553,291.7306,2.0,57.41498,46.450348,0.0,0.0,100.0,-7.0,7.0,8.0,44.017246,5.9159155,30.0,0.0,2.0,2.0,63.926514,97.6903,6.0,2.0,5.457168,67.0,0.0
90.40266,173.71472,14.0,77.98708,29.0,0.0,0.0,97.0,49.370724,6.0,6.0,26.0,0.0,42.0,-8.0,0.0,0.0,0.0,-8.0,1.0,1.0,0.0,-9.0,0.0
78.67578,120.460815,-9.0,50.144276,20.0,0.0,0.0,100.0,-7.0,7.0,8.0,21.31435,4.0,37.0,1.0,1.0,1.0,20.345255,-8.0,4.0,1.0,0.0,39.635105,0.0
83.0,328.19626,11.0,88.5052,15.0,0.0,0.0,97.0,4.818327,6.0,6.0,8.0,2.0,52.476116,0.0,1.0,1.0,0.7383193,-8.0,2.0,1.0,0.0,40.0,0.0
75.0,305.97723,2.0,150.86261,22.0,0.0,0.0,96.0,63.3882,6.0,6.0,27.0,2.0,45.0,0.0,2.0,2.0,38.945766,93.0,7.0,4.0,0.0,77.473724,0.0
81.0,146.0045,3.0,71.01467,20.0,0.0,0.0,96.0,52.76899,6.0,6.0,20.0,4.0,19.0,9.0,0.0,0.0,9.0,76.52539,4.0,2.0,0.0,40.282726,0.0
83.0,157.78226,3.0,61.0,32.0,0.0,0.0,100.0,-7.0,7.0,8.0,40.33748,5.0,60.78179,0.0,1.0,1.0,16.0,95.77972,2.0,17.79254,0.0,78.0,0.0
78.0,177.7348,5.0,58.78435,35.03432,0.0,0.0,100.0,-7.0,7.0,8.0,30.0,6.0,24.0,0.0,0.0,0.0,20.502327,-8.0,4.0,1.0,0.0,43.0,0.0
68.71795,162.20538,17.869726,67.95275,17.0,0.0,0.0,100.0,-7.0,7.0,8.0,20.0,0.0,36.041023,1.8108015,0.0,0.0,71.49341,65.30375,2.0,5.0,3.438139,75.0,0.0
77.0,288.06726,1.0,70.0,29.0,0.0,0.0,95.0,71.22871,6.0,6.0,31.0,5.784317,7.901063,1.0,2.0,1.0,1.0,-8.0,6.6185102,1.0,0.0,38.0,0.0
88.0,252.15733,30.788488,95.91523,10.0,0.0,0.0,100.0,-7.0,7.0,8.0,6.368467,0.0,20.0,18.482206,0.0,0.0,15.546761,-8.0,5.0,1.0,0.0,100.0,0.0
65.21192,147.0067,4.0,64.620056,32.077694,0.0,0.0,100.0,-7.0,7.0,8.0,30.0,3.1163547,25.148947,1.0,1.0,1.0,46.269176,-8.0,9.0,3.0576017,4.0,75.0,0.0
90.0,206.03984,8.0,100.0,16.0,0.0,0.0,100.0,-7.0,7.0,8.0,17.0,0.0,33.084774,0.0,0.0,0.0,0.0,65.631584,1.0,2.0,0.0,42.23405,0.0
90.73307,439.7638,5.0,168.77954,20.0,0.0,0.0,100.0,-7.0,7.0,8.0,28.0,1.0,68.1804,7.0,1.0,1.0,1.0,-8.0,2.0,1.0,0.0,53.29031,0.0
78.369484,199.25859,41.58741,167.89345,8.0,0.0,0.0,100.0,-7.0,7.0,8.0,6.0567317,0.0,40.0,-7.0,0.0,0.0,-8.191561,-8.0,0.062399037,-8.0,-9.0,100.0,0.0
83.0,201.32484,11.0,179.51685,21.0,0.0,0.0,100.0,4.7336764,6.0,6.0,11.053054,1.0,9.567929,5.956162,0.0,0.0,1.0,-8.0,5.0,1.0,0.0,67.0,0.0
87.0,397.9029,2.0,94.0,32.350056,0.0,0.0,100.0,-7.0,7.0,8.0,31.53657,2.0,21.206966,0.0,1.0,1.0,5.0,94.340126,5.0,2.0,0.0,43.0,0.0
-9.0,-9.0,-9.0,-9.0,-9.0,-9.0,-9.0,-9.0,-9.0,-9.0,-9.0,-9.0,-9.0,-9.0,-9.0,-9.0,-9.0,-9.0,-9.0,-9.0,-9.0,-9.0,-9.0,0.0
84.0,134.83273,8.0,92.26357,16.0,0.0,0.0,94.0,62.488045,6.0,6.0,19.0,1.0,45.0,-7.0,0.0,0.0,1.0,-8.0,1.0,1.0,0.0,33.0,0.0
70.451385,223.48349,6.418627,67.0,23.0,1.0,1.0,84.77894,72.9334,6.0,2.0,26.0,4.0,38.835655,-7.0,0.0,0.0,14.366178,59.63196,5.0,2.0,0.0,54.935375,0.0
66.0,270.5044,2.0,88.444626,27.0,0.0,0.0,93.0,21.125502,6.0,6.0,31.0,5.0,25.00277,9.0,2.0,2.0,41.38816,-8.0,8.355892,1.0,0.0,88.0,0.0
66.43974,286.24445,6.0,100.874596,44.418148,2.0,2.0,88.93332,17.048647,6.0,5.0,44.51256,9.6571665,25.863707,0.0,2.0,1.0,31.60561,-8.0,9.030093,1.0,2.0,42.502552,0.0
63.104607,100.80795,2.0,52.54157,47.857788,0.0,0.0,93.8841,-7.0,4.0,6.0,69.72399,1.0,46.29613,0.0,1.0,1.0,38.650364,88.0,5.3348155,6.0,0.0,86.0,0.0
76.27687,170.40111,1.0,70.0,40.6908,0.0,0.0,100.0,-7.0,7.0,8.0,46.833603,3.0,56.87646,7.0,2.0,2.0,16.589478,84.04412,7.0,4.0,1.0,64.0,0.0
84.0,139.41368,4.0,103.67157,21.849024,0.0,0.0,100.0,-7.0,7.0,8.0,28.0,2.0,55.794884,0.0,1.0,1.0,0.0,60.16934,0.0,3.0,0.0,40.0,0.0
70.0,216.5341,11.275585,83.0,14.414526,1.0,0.0,82.71149,12.712235,6.0,4.0,18.0,0.0,29.0,0.0,0.0,0.0,56.45641,-8.0,1.0,2.0,1.0,44.0,0.0
72.0,176.44327,6.0,86.986275,39.35439,0.0,0.0,97.0,26.216864,6.0,6.0,32.0,2.0,27.0,12.878122,0.0,0.0,30.073317,50.823967,6.0,5.0,0.0,80.0,0.0
68.809265,246.74727,11.0,120.53774,26.737179,0.0,0.0,100.0,-7.0,7.0,8.0,20.0,1.0,0.0,-7.0,0.0,0.0,78.91136,47.14898,7.0,1.0,7.500735,60.0,0.0
64.25572,278.5624,13.670397,111.0066,35.944115,0.0,0.0,88.0,1.0,5.0,6.0,34.051414,0.0,9.615537,12.788363,0.0,0.0,47.60782,-8.0,13.444659,1.0,3.5716217,75.0,0.0
77.0,199.69006,5.0,77.0,38.010303,0.0,0.0,95.0,58.46778,6.0,6.0,40.432247,2.0,45.70262,-7.0,0.0,0.0,21.0,-8.0,4.0,6.0,0.0,71.0,0.0
84.0,163.94241,5.0,81.9032,10.0,0.0,0.0,100.0,-7.0,7.0,8.0,13.0,1.0,15.0,12.042101,0.0,0.0,28.0,-8.0,3.0,-8.0,0.0,94.29545,0.0
81.675385,5.4226646,6.0,36.44893,4.1023097,0.0,0.0,100.0,-7.0,7.0,8.0,5.3749576,2.0,46.808376,0.0,1.0,1.0,0.0,45.63024,1.0,2.0,0.0,50.0,0.0
79.0,61.645554,2.0,58.0,26.699076,0.0,0.0,100.0,-7.0,7.0,8.0,27.498236,5.416386,44.663757,0.0,2.0,1.9277267,40.310646,91.0,2.0,2.0,1.5469655,51.726147,0.0
70.0,253.63033,1.0,65.0,13.0,1.0,0.0,90.590256,48.52914,6.0,5.0,15.0,4.0,32.0,0.0,3.0,2.5572648,6.3924346,-8.0,2.0,2.0,2.0,50.0,0.0
88.74748,288.39566,2.0,107.09624,19.0,0.0,0.0,95.0,22.763798,6.0,6.0,23.0,2.0,34.8492,0.0,1.0,0.0,0.0,80.08548,2.0,2.0,0.0,44.0,0.0
83.0,209.83469,15.0,64.57577,9.0,0.0,0.0,100.0,-7.0,7.0,8.0,14.0,0.0,7.935234,0.0,0.0,0.0,4.0,-8.0,2.0,-8.0,0.0,54.122105,0.0
68.703926,147.07642,2.0,76.0,38.616943,0.0,0.0,91.0,66.57089,6.0,6.0,41.012627,2.0,38.65798,0.0,4.860711,4.0,51.45138,82.73321,3.0,2.7656682,1.0,67.0,0.0
60.711414,305.18005,6.0,129.68263,32.0,0.0,0.0,88.0,5.763342,4.0,6.0,36.42506,1.0,21.015614,8.616322,0.0,0.0,49.077644,91.57417,9.0,2.0,7.2651205,74.93677,0.0
67.0,141.06691,14.0,47.56542,13.0,1.0,1.0,100.0,-7.0,7.0,8.0,18.0,1.0,35.69496,-8.0,0.0,0.0,62.762527,-8.0,6.0,2.0,1.0,79.878784,0.0
72.0,255.40865,13.0,77.19188,18.067318,0.0,0.0,100.0,-7.0,7.0,8.0,19.0,0.0,28.0,3.8392272,0.0,0.0,53.194016,57.340866,9.0,1.0,5.149818,75.0,0.0
70.0,281.10114,4.0,86.0,32.0,0.0,0.0,95.0,-9.0,6.0,5.0,32.0,1.0,61.762276,0.0,2.0,2.0,66.097046,78.46236,4.0,4.174699,1.0,100.0,0.0
69.0,153.48865,7.0,64.66957,36.945198,0.0,0.0,95.0,26.724895,6.0,6.0,29.0,3.0,23.849846,0.0,1.0,1.0,18.989511,56.8724,7.0,1.0,1.0,56.0,0.0
-9.0,-9.0,-9.0,-9.0,-9.0,-9.0,-9.0,-9.0,-9.0,-9.0,-9.0,-9.0,-9.0,-9.0,-9.0,-9.0,-9.0,-9.0,-9.0,-9.0,-9.0,-9.0,-9.0,0.0
68.856895,104.66325,14.0,51.311474,25.0,0.0,0.0,100.0,-7.0,7.0,8.0,21.997536,0.0,17.0,-7.0,0.0,0.0,64.96914,25.428133,6.544758,3.0,2.0,80.0,0.0
67.0,337.98505,65.23651,140.37102,10.33242,2.0,2.0,86.19649,47.85842,6.0,2.0,13.0,0.0,29.22338,-7.0,1.0,1.0,79.49919,-8.0,2.0,1.0,0.0,80.0,0.0
65.0,198.91751,17.552422,70.36805,15.0,0.0,0.0,77.25632,1.158514,6.0,6.0,17.0,0.0,38.0,10.229635,0.0,0.0,43.097866,59.643425,4.0,2.0,0.0,100.0,0.0
78.0,165.44499,8.0,62.168934,27.0,0.0,0.0,100.0,-7.0,7.0,8.0,28.0,1.0,34.746593,16.0,0.0,0.0,25.0,80.03153,3.0,6.0266767,0.0,56.721546,0.0
75.0,194.90756,2.0,61.0,44.210354,0.0,0.0,100.0,-7.0,6.0,8.0,43.858025,10.279327,20.0,7.878473,1.0,1.0,17.880472,90.78645,6.0,2.0,0.0,43.283463,0.0
-9.0,353.11148,8.0,70.0,20.0,0.0,0.0,77.96869,31.36506,6.0,6.0,19.443796,3.0,35.966408,1.0,2.0,2.0,73.13232,64.50104,7.0,2.1468134,0.0,100.0,0.0
84.0,175.55893,10.0,86.94302,13.279096,0.0,0.0,100.0,-7.0,7.0,8.0,15.0,0.0,24.0,11.677314,0.0,0.0,15.0,-8.0,3.0,1.0,0.0,60.0,0.0
82.93419,196.9734,3.0,86.62734,36.29122,0.0,0.0,100.0,-7.0,7.0,8.0,44.62117,2.0,56.821335,0.0,1.0,1.0,1.5545385,77.53878,2.0,4.0,0.0,60.0,0.0
84.0,98.378204,20.055702,51.613102,12.0,0.0,0.0,100.0,-7.0,7.0,8.0,15.0,0.0,70.111595,0.0,2.0,2.0,2.0,-8.0,2.0,3.0,0.0,100.0,0.0
82.0,278.74847,6.4884396,75.0,33.0,0.0,0.0,97.18448,70.55481,6.0,6.0,25.892595,1.0,40.82622,7.6267257,0.0,0.0,25.38743,-2.4347298,3.0,1.0,0.0,51.37042,0.0
87.0,138.62895,3.0,88.767586,15.0,0.0,0.0,100.0,-7.0,7.0,8.0,21.0,1.0,42.497387,0.0,4.1224647,4.0,6.153623,-8.0,2.0,1.0,0.0,64.0,0.0
59.104645,390.69934,12.08085,113.12299,22.699383,0.0,0.0,94.0,2.851039,4.0,6.0,15.219166,0.0,22.0,0.0,1.0,1.0,61.74426,-8.0,10.621017,2.0,2.0,88.0,0.0
86.60861,389.33026,18.469711,169.29282,23.0,0.0,0.0,100.0,-7.0,7.0,8.0,27.0,0.0,17.0,12.577833,0.0,0.0,1.0,-8.0,4.0,2.0,0.0,70.0,0.0
61.0577,182.22803,9.0,74.0,9.0,2.0,1.0,78.750725,1.8420767,-9.0,5.00566,13.747588,2.329628,40.0,0.0,1.0,1.0,40.18008,99.08585,1.0,3.0,1.0,67.0,0.0
69.0,215.84012,3.0,112.46211,45.561134,1.0,1.0,95.285286,6.0,4.0,5.0,16.0,3.93926,46.13188,-8.0,0.0,0.0,16.359966,-8.0,6.0,6.5560546,1.0,67.0,0.0
58.476936,187.23103,24.128416,67.0,9.0,2.0,1.0,71.91848,6.5698667,4.0,3.0,14.0,0.0,37.0,-7.0,0.0,0.0,72.05427,-8.0,5.0,2.0,0.0,100.0,0.0
67.079475,288.5617,4.0,84.0,23.0,0.0,0.0,90.0,49.72294,6.0,6.0,21.7452,2.0,18.897833,0.0,1.0,1.0,42.429684,-8.0,23.128738,1.0,3.0,100.0,0.0
73.94411,126.68857,17.0,64.0455,21.0,0.0,0.0,92.513626,-9.0,4.0,5.90291,14.0,0.0,13.567778,7.0,0.0,0.0,41.766964,-8.0,4.0,1.0,0.0,38.0,0.0
69.0,191.32088,5.0,93.527695,39.0,2.0,2.0,100.0,-7.0,6.0,8.0,41.88272,2.0,31.0,0.0,2.0,1.0,28.15483,80.35158,5.0,1.0,4.0,50.0,0.0
82.0,243.72667,31.337423,134.32034,10.86934,0.0,0.0,100.0,-7.0,7.0,8.0,14.0,0.0,45.0,-8.0,0.0,0.0,9.672096,-8.0,2.0,1.0,0.0,100.0,0.0
69.0,176.92447,3.0,71.0,17.814894,0.0,0.0,69.24409,4.0,5.0,6.0,14.0,5.0,30.0,0.0,2.0,1.0,16.987967,-8.0,4.4145937,2.0,1.0,60.0,0.0
74.0,326.326,16.0,125.32122,39.639896,0.0,0.0,94.94078,6.0,4.0,6.0,43.022488,0.0,47.394966,-7.0,0.0,0.0,21.168262,-8.0,6.0,4.0,1.0,65.14723,0.0
78.0,122.57404,2.0,52.064766,18.339844,0.0,0.0,100.0,-7.0,7.0,8.0,20.0,2.0,65.467964,0.0,0.0,0.0,65.01041,90.49332,2.0,5.0,1.0,80.0,0.0
63.963142,189.47815,6.0,75.561714,32.0,0.0,0.0,89.0,7.6324606,6.0,6.0,28.0,3.0,46.49021,8.0,0.0,0.0,0.0,93.0,1.0,4.0,0.0,64.0,0.0
79.0,199.72607,7.0,88.28822,29.0,0.0,0.0,100.0,-7.0,7.0,8.0,11.718146,3.0,24.0,4.0,1.0,0.0,39.005215,-8.0,3.0,2.0,0.0,71.0,0.0
63.03029,117.53198,7.0811996,65.0,39.0,2.6560206,2.78814,100.0,-7.0,7.0,8.0,32.0,0.2866716,19.0,1.0,2.0,2.0,5.909566,-8.0,2.0,1.0,0.0,-9.0,0.0
63.0,345.1707,18.565666,84.41209,27.0,0.0,0.0,91.0,6.0,4.0,5.0,28.511442,0.0,33.0,0.0,0.0,0.0,57.830627,80.02804,7.326878,3.0,2.0,81.31373,0.0
72.0,104.08382,16.214603,54.54045,9.0,2.6660037,1.9686357,78.316505,40.353706,6.0,2.0,18.0,0.0,33.0,0.0,2.0,1.0,18.0,-8.0,2.0,1.0,0.0,60.0,0.0
80.0,147.17236,8.0,65.03294,43.745365,1.0,0.12602763,97.0,16.831694,6.0,3.0,41.227715,1.0,35.0,0.0,2.0,1.0,7.0,84.03441,11.94455,3.0,0.0,69.20993,0.0
71.0,56.268764,1.0,66.67343,25.0,1.0,0.0,95.0,18.42571,3.2177896,5.0,10.949927,3.0,21.858215,1.0,14.70117,11.765392,13.2397375,68.107155,5.0,2.0,1.0,52.857246,0.0
81.0,152.28575,25.038614,81.22611,17.0,0.0,0.0,100.0,-7.0,7.0,8.0,34.0,0.0,33.0,2.3962069,1.0,1.0,28.0,91.34626,3.0,2.0,0.0,58.007034,0.0
73.0,151.56079,5.0,59.000137,42.42497,0.0,0.0,100.0,-7.0,7.0,8.0,50.10938,3.0,24.0,0.0,2.0,1.0,26.898043,84.86926,5.0992146,4.0,1.6588814,62.68441,0.0
77.0,308.6344,5.0,122.4656,25.325212,0.0,0.0,90.61794,24.898977,6.0,6.0,27.201183,2.0,29.0,-7.0,0.0,0.0,17.0,-8.0,10.585557,2.0,0.0,67.0,0.0
80.0,207.01872,20.0,98.960495,27.0,2.0,2.0,100.0,-7.0,6.0,8.0,24.0,0.0,16.429478,0.0,1.0,0.0,3.4517643,-8.0,3.0,1.0,0.0,23.793789,0.0
66.24987,103.11177,2.0,55.73682,28.0,1.0,1.0,97.0,16.610931,6.0,6.0,28.0,3.0,35.0,0.0,14.260063,12.183164,25.749342,68.18819,2.0,4.0,0.0,65.318214,0.0
-9.0,-9.0,-9.0,-9.0,-9.0,-9.0,-9.0,-9.0,-9.0,-9.0,-9.0,-9.0,-9.0,-9.0,-9.0,-9.0,-9.0,-9.0,-9.0,-9.0,-9.0,-9.0,-9.0,0.0
75.0,266.46667,2.0,97.0,23.0,0.0,0.0,94.0,36.921936,6.0,6.0,28.743208,3.0,27.0,2.0,2.0,3.0,49.181305,62.82455,5.0,5.0,0.0,67.0,0.0
71.0,139.34467,2.0,68.773384,39.454945,0.0,0.0,96.0,36.8578,6.0,6.0,44.88875,3.0,25.0,0.0,2.0,2.0,41.07489,71.40429,5.0,3.8844635,0.0,56.766323,0.0
75.0,345.42902,9.0,103.50498,28.0,0.0,0.0,100.0,-7.0,7.0,8.0,24.0,3.0,24.236588,11.973379,0.0,0.0,28.825388,-8.0,4.0,1.0,1.0710722,47.59655,0.0
-9.0,-9.0,-9.0,-9.0,-9.0,-9.0,-9.0,-9.0,-9.0,-9.0,-9.0,-9.0,-9.0,-9.0,-9.0,-9.0,-9.0,-9.0,-9.0,-9.0,-9.0,-9.0,-9.0,0.0
89.0,412.31842,2.0,162.32689,13.982482,0.0,0.0,100.0,-7.0,7.0,8.0,24.0,2.0,13.0,1.0,2.0,2.0,2.8688586,-8.0,3.0,1.0,0.0,50.0,0.0
63.597298,158.68974,10.0,61.87337,9.62245,4.598972,3.871928,65.17555,40.155426,6.0,-8.484,13.0,1.0,33.0,-7.0,1.0,1.0,21.898863,-8.0,1.1544212,1.0,0.0,44.0,0.0
89.878235,160.92433,5.0,114.30447,13.0,0.0,0.0,100.0,-7.0,7.0,8.0,15.0,1.0,19.0,1.0,2.0,1.9364549,3.0,-8.0,3.0,2.0,0.0,56.044685,0.0
86.0,156.49362,16.251049,83.0,8.978724,0.0,0.0,100.0,-7.0,7.0,8.0,11.0,0.0,14.0,7.0,0.0,0.0,1.0,-8.0,2.0,-8.0,0.0,24.645859,0.0
91.34766,198.71507,58.887623,188.18782,13.230308,0.0,0.0,100.0,-7.0,7.0,8.0,7.0,0.0,32.545547,-8.0,0.0,0.0,9.0,-8.0,2.0,1.0,0.0,35.58173,0.0
73.18484,173.81279,3.0,28.158428,9.636247,0.0,0.0,100.0,-7.0,7.0,8.0,9.032861,5.0,50.0,1.0,1.0,1.0,36.185684,100.0,2.0,3.0,0.0,75.0,0.0
92.83082,176.36952,19.042398,87.10311,18.0,0.0,0.0,100.0,-7.0,7.0,8.0,28.13093,0.0,11.631082,0.0,0.0,0.0,0.0,-8.0,1.0,1.0,0.0,-9.0,0.0
74.0,176.34021,16.0,79.0,48.06613,0.0,0.0,95.0,21.55968,6.0,6.0,42.81562,0.0,24.0,12.0,1.0,1.0,15.0,91.0,8.0,4.0,0.0,45.59509,0.0
88.209694,140.93932,1.0,75.0,19.0,0.0,0.0,100.0,-7.0,7.0,8.0,22.0,2.0,59.8003,-8.0,0.0,0.0,11.535643,82.0,1.0,3.0,0.0,70.29596,0.0
-9.0,-9.0,-9.0,-9.0,-9.0,-9.0,-9.0,-9.0,-9.0,-9.0,-9.0,-9.0,-9.0,-9.0,-9.0,-9.0,-9.0,-9.0,-9.0,-9.0,-9.0,-9.0,-9.0,0.0
72.0,178.75291,2.0,81.03716,47.021534,0.0,0.0,100.0,-7.0,7.0,8.0,46.64486,1.0,15.08441,0.0,2.0,2.0,28.0,-8.0,6.0,2.0,2.0,50.0,0.0
83.0,206.69229,16.686588,93.67202,31.344654,0.0,0.0,100.0,-7.0,7.0,8.0,32.0,0.0,11.0,0.0,0.0,0.0,20.977484,-8.0,2.0,1.0,0.0,35.995453,0.0
47.16372,174.91759,3.0,70.18554,42.937813,0.0,0.0,95.0,-7.0,4.0,6.0,40.9148,2.0,11.394735,-7.0,0.0,0.0,62.403206,41.536205,9.0,2.0,10.805188,60.0,0.0
-9.0,-9.0,-9.0,-9.0,-9.0,-9.0,-9.0,-9.0,-9.0,-9.0,-9.0,-9.0,-9.0,-9.0,-9.0,-9.0,-9.0,-9.0,-9.0,-9.0,-9.0,-9.0,-9.0,0.0
61.07822,205.96785,4.0,82.606964,20.0,0.0,0.0,89.0,5.4334154,4.0,6.0,48.802563,2.0,11.9429035,0.0,3.0,3.0,50.59734,-8.0,5.6099443,-8.0,0.0,67.0,0.0
82.0,268.5146,7.0,67.59626,20.384668,0.0,0.0,100.0,-7.0,7.0,8.0,22.306635,2.0,15.719223,7.562993,2.0,1.0,6.0,-8.0,3.0,1.0,0.0,80.0,0.0
-9.0,-9.0,-9.0,20.594847,-9.0,-9.0,-9.0,-9.0,-9.0,-9.0,-9.0,-9.0,-9.0,-9.0,-9.0,-9.0,-9.0,-9.0,-9.0,-9.0,-9.0,-9.0,-9.0,0.0
78.38757,162.48117,8.0,77.0,6.413338,0.0,0.0,100.0,-7.0,7.0,8.0,6.6799426,1.0,63.28381,7.0,1.0,1.0,65.53913,13.218297,1.0,2.0,0.0,78.0,0.0
79.0,195.41125,13.029405,94.63655,23.795757,0.0,0.0,100.0,-7.0,7.0,8.0,29.115257,0.0,16.0,-7.0,0.0,0.0,34.02681,67.855965,5.0,2.0,1.0,67.0,0.0
70.0,167.07712,2.0,93.0,36.837246,1.0,0.0,95.88801,68.11899,6.0,4.0,28.270586,7.119658,31.0,0.0,3.0,3.0,46.004517,49.964855,11.0,5.9604073,2.0,100.0,0.0
65.0,154.46063,8.0,54.559895,19.0,0.0,0.0,100.0,-7.0,7.0,8.0,20.0,1.0,39.68732,0.0,1.0,1.0,84.43988,9.562302,8.0,2.0,2.0,78.0,0.0
82.0,159.28537,2.0,77.0,19.0,0.0,0.0,95.0,49.231358,6.0,6.0,28.0,2.0,17.0,8.0,0.0,0.0,3.2738862,-8.0,3.0,1.0,0.0,54.55432,0.0
78.0,112.41389,9.0,76.0,19.0,0.0,0.0,100.0,-7.0,7.0,8.0,15.0,0.0,17.0,0.0,0.0,0.0,32.0,-8.0,5.0,1.0,2.0,73.0,0.0
84.98085,361.71762,3.0,108.029976,13.0,0.0,0.0,100.0,-7.0,7.0,8.0,12.0,2.0,53.511593,7.0,0.0,0.0,19.779203,18.931486,1.0,3.0,0.0,85.92359,0.0
79.0,131.78653,2.0,42.557014,14.0,0.0,0.0,100.0,-7.0,7.0,8.0,15.224018,2.0,33.0,2.0,3.0,3.0,18.270882,-8.0,2.0,1.0,0.0,44.268253,0.0
55.718372,186.61688,3.0,61.0,20.0,0.0,0.0,84.814064,-4.6690755,4.0,6.0,24.0,1.0,33.0,13.72661,0.0,0.0,28.898428,-8.0,4.0,2.0,3.2838314,47.547215,0.0
78.0,104.619934,7.0,58.517277,31.692556,0.0,0.0,100.0,-7.0,7.0,8.0,37.0,2.0,39.0,-8.0,0.0,0.0,22.44917,-8.0,3.0,4.0,0.0,71.0,0.0
77.0,224.23904,43.36218,153.5888,19.523674,0.0,0.0,79.80921,24.791302,6.0,6.0,25.0,0.0,41.70163,-8.0,0.0,0.0,18.0,-8.0,1.0,-8.0,0.0,38.965656,0.0
81.37314,252.11897,11.253228,65.0,42.54025,0.0,0.0,100.0,-7.0,7.0,8.0,54.938244,2.0,15.0,4.0,0.0,0.0,4.913016,53.21776,3.0,2.0,0.0,28.786493,0.0
76.0,82.19949,6.0,72.0,17.0,3.2545176,1.0,89.0,69.22685,6.0,3.0,20.0,1.0,10.898157,0.0,1.0,1.0,2.0,-8.0,1.0,-9.0,0.0,25.523045,0.0
86.920456,357.67456,10.965686,74.0,25.0,0.0,0.0,100.0,-7.0,7.0,8.0,24.0,1.0,23.0,21.424599,0.0,0.0,13.014226,-8.0,4.0,3.0,0.0,51.628872,0.0
85.0,402.39154,2.0,109.70868,30.0,0.0,0.0,100.0,-7.0,7.0,8.0,25.0,6.441061,53.778816,0.0,5.0,4.0,1.0,89.25802,2.0,4.0,0.0,54.81406,0.0
82.0,161.56055,1.0,61.69725,13.0,0.0,0.0,100.0,-7.0,7.0,8.0,15.0,3.7155883,12.029416,2.0,0.0,0.0,20.150137,22.119602,4.0,2.0,0.0,57.0,0.0
75.0,267.64655,16.152132,90.35041,39.0,0.0,0.0,97.0,18.5062,6.0,6.0,30.0,1.0,75.2904,0.0,0.0,0.0,21.0,54.038353,2.0,3.0,0.0,75.944,0.0
83.0,159.98363,5.0,74.47921,15.07845,0.0,0.0,93.0,7.180411,6.0,6.0,17.0,2.0,14.151373,5.0,0.0,0.0,7.0478673,60.61879,1.0,2.0,0.0,30.525278,0.0
87.0,251.02055,5.0,89.2824,19.0,0.0,0.0,100.0,-7.0,7.0,8.0,18.68864,3.0,39.0,0.0,3.0,2.4452446,6.572508,67.88707,2.0,5.314124,0.0,50.0,0.0
82.9545,190.27325,17.0,79.095146,16.0,0.0,0.0,100.0,-7.0,7.0,8.0,15.502188,0.0,38.0,0.0,0.0,0.0,0.0,72.47698,1.0,3.0,0.0,44.0,0.0
81.0,77.54713,1.0,66.73779,20.0,0.0,0.0,100.0,-7.0,7.0,8.0,17.74244,2.0,55.53388,-8.0,1.0,1.0,30.373938,100.0,1.0,2.0,1.0,78.0,0.0
89.0,187.63235,15.0,87.79735,17.0,0.0,0.0,100.0,-7.0,7.0,8.0,21.0,1.0,27.0,-7.0,1.0,1.0,2.0,-8.0,1.0,2.0,0.0,35.529205,0.0
81.0,206.85649,2.820467,53.004234,41.576942,0.0,0.0,100.0,-7.0,7.0,8.0,44.16265,6.0,36.0,0.0,2.0,2.0,14.479655,87.90784,4.0,3.0,0.0,56.0,0.0
71.0,147.07654,8.0,29.99677,20.0,1.0,1.0,100.0,-7.0,6.0,8.0,24.0,4.0,23.882689,12.0,0.0,0.0,17.0,24.181513,2.0,1.0,0.0,40.0,0.0
78.0,196.16518,3.0,90.38809,10.0,0.0,0.0,95.0,79.873474,6.0,6.0,12.0,2.0,31.092901,0.0,0.0,0.0,35.71169,62.484745,3.0,1.0,1.0,80.0,0.0
62.0,299.8917,8.0,100.69164,30.230906,1.0,1.0,80.260284,11.50985,4.0,5.0,35.56768,2.0,32.0,0.0,0.0,0.0,63.427956,-8.0,3.0,2.0,1.0,67.0,0.0
75.0,171.42856,6.0,74.587585,23.0,0.0,0.0,96.0,73.41357,6.0,6.0,38.0,1.0,30.667551,0.0,3.0,3.0,24.986176,-8.0,6.0,2.0,0.0,91.51436,0.0
80.0,177.93541,3.0,84.0,20.0,0.0,0.0,95.0,76.06479,6.0,6.0,23.0,1.0,59.042316,2.0,2.0730066,2.7164469,4.0309787,85.46529,1.0,2.0,0.0,83.0,0.0
81.0,231.43883,1.0,75.0,14.0,0.0,0.0,100.0,-7.0,7.0,8.0,16.498955,4.0,32.0,0.0,2.0,2.0,29.691414,80.0,3.0,2.0,0.0,50.0,0.0
88.0,305.9962,2.0,71.07492,24.547583,0.0,0.0,100.0,-7.0,7.0,8.0,31.0,2.0,18.0,4.0,1.0,1.0,1.0,-8.0,4.0,1.0,0.0,49.237747,0.0
66.0,318.84146,25.29326,112.1197,17.0,2.0,1.0,84.04379,41.61401,4.0,5.0,20.0,1.0,32.26799,-7.0,0.0,0.0,30.937447,-8.0,8.560531,2.0,2.0,71.0,0.0
80.0,261.5984,3.0,74.609924,12.304994,0.0,0.0,100.0,-7.0,7.0,8.0,14.0,1.0,90.25139,1.0,2.0,1.0,33.76794,-8.0,2.0,2.0,0.0,78.587746,0.0
84.0,289.0243,4.0,86.0,17.23893,0.802523,0.0,95.0,54.992188,6.0,5.0,19.0,1.0,56.668945,3.0,0.0,0.0,14.0,34.51171,2.0,2.0,0.0,86.0,0.0
79.0,206.77237,6.0,69.57662,15.0,0.0,0.0,100.0,-7.0,7.0,8.0,14.633462,1.0,47.169712,0.0,1.0,1.0,36.0,50.878094,1.0,4.0,0.0,69.89527,0.0
70.0,177.93251,13.0,67.1667,29.0,0.0,0.0,100.0,-7.0,7.0,8.0,30.0,0.0,29.436522,2.5537288,0.0,0.0,83.60953,-8.0,3.0,1.0,2.0,78.12785,0.0
68.79317,138.42064,2.0,58.0,25.0,0.0,0.0,100.0,-7.0,7.0,8.0,26.0,3.0,43.97384,-7.0,2.0,2.447007,16.83535,12.817987,9.0,4.515938,0.0,80.0,0.0
59.839523,141.00551,11.0,78.96069,14.0,1.0,1.0,78.97428,2.0,4.284788,5.0,14.251395,1.0,46.727333,-8.0,3.0,3.0,53.280857,-8.0,4.0,1.0,1.0,80.0,0.0
84.45691,305.54895,11.764544,94.0,15.0,0.0,0.0,100.0,-7.0,7.0,8.0,15.855199,0.0,17.0,0.0,0.0,0.0,18.0,100.0,2.0,1.0,0.0,51.229607,0.0
70.0,187.24771,-0.24500795,87.01826,21.0,0.0,0.0,100.0,-7.0,7.0,8.0,20.0,3.0,8.098063,0.0,4.0,4.0,50.991257,-8.0,4.0,1.0,2.0,37.680218,0.0
68.0,163.1271,6.0,97.076096,24.768333,2.9205549,0.0,71.87965,60.544018,6.0,2.6713426,31.0,3.0,26.0,0.0,0.0,0.0,17.0,-8.0,6.0,1.0,1.0,57.0,0.0
84.0,186.75807,4.0,81.63311,21.0,0.0,0.0,95.0,20.822905,6.0,6.0,21.0,2.0,20.0,-8.0,0.0,0.0,14.0,-8.0,4.0,1.0,0.0,50.0,0.0
84.0,116.879234,3.0,71.307045,28.0,0.0,0.0,100.0,-7.0,7.0,8.0,25.0,2.0,31.0,0.0,4.0,4.0,6.0,66.812996,5.0,2.0,0.0,50.0,0.0
87.0,361.3833,2.0,92.791954,22.915651,0.0,0.0,100.0,-7.0,7.0,8.0,28.0,2.0,31.0,0.0,1.0,1.0,1.0,89.19288,1.0,1.0,0.0,26.572943,0.0
78.98653,175.82396,9.0,56.684788,17.0,0.0,0.0,100.0,-7.0,7.0,8.0,20.180939,0.0,27.0,0.0,1.0,1.0,23.376684,71.385765,4.0,2.0,0.0,52.676907,0.0
77.0,156.54565,20.0,82.0,41.837223,0.0,0.0,97.0,73.81134,6.0,6.0,48.271347,0.0,57.713593,-7.0,2.0,1.0,1.0,-8.0,3.0,2.0,0.0,57.0,0.0
84.0,310.8042,6.0,72.2354,14.0,0.0,0.0,100.0,-7.0,7.0,8.0,15.284896,1.0,33.0,-7.0,0.0,0.0,11.0,61.849346,2.0,2.0,0.0,40.308506,0.0
75.0,233.37141,52.588615,138.91675,-9.0,1.0,1.0,100.0,-7.0,7.0,8.0,1.2112273,0.0,99.69446,21.646152,0.0,0.0,-4.116437,-8.0,-9.0,1.0,-9.0,88.529594,0.0
80.0,152.20892,6.0,68.67087,19.0,0.0,0.0,90.48183,34.6986,6.0,5.0,23.0,2.0,28.0,9.003884,0.0,0.0,2.925245,-8.0,2.0,1.0,0.0,38.0,0.0
80.0,87.00121,2.0,47.445263,17.0,0.0,0.0,100.0,-7.0,7.0,8.0,19.541681,4.0,21.650684,0.0,3.0,3.0,3.0,-8.0,2.0,2.0,0.0,56.0,0.0
83.0,188.3563,10.0,98.08427,17.0,0.0,0.0,88.0,31.785192,6.0,6.0,20.0,0.0,36.0,-9.0,0.0,0.0,9.0,-8.0,3.0,2.0,0.0,69.289024,0.0
75.0,116.474396,3.0,55.655804,32.48792,0.0,0.0,100.0,-7.0,7.0,8.0,40.402122,2.0,25.510456,0.0,0.0,0.0,30.909863,81.66031,7.536165,1.0,1.0,57.0,0.0
-9.0,-9.0,-9.0,-9.0,-9.0,-9.0,-9.0,-9.0,-9.0,-9.0,-9.0,-9.0,-9.0,-9.0,-9.0,-9.0,-9.0,-9.0,-9.0,-9.0,-9.0,-9.0,-9.0,0.0
73.0,131.68198,2.0,55.562443,29.0,0.0,0.0,100.0,-7.0,7.0,8.0,20.527554,3.0,36.965363,12.0,0.0,0.0,38.022045,-8.0,6.0,3.0,3.0,75.0,0.0
63.0,117.288536,15.0,75.0,14.0,2.0,0.0,82.47231,23.324018,6.0,3.0304163,14.561307,0.0,0.0,0.0,1.0,1.0,76.37128,-8.0,6.0,1.9250569,3.0,75.0,0.0
80.0,187.63739,3.0,58.039146,14.1299715,0.0,0.0,100.0,-7.0,7.0,8.0,12.0,2.0,24.65791,2.0,1.0,1.0,9.71006,-8.0,3.0,1.0,0.0,62.42791,0.0
72.46886,230.89119,3.7588751,94.0,27.0,0.0,0.0,92.73278,0.27884787,6.0,6.0,26.0,2.0,33.0,0.0,0.0,0.0,0.0,-8.0,1.0,2.0,0.0,33.0,0.0
65.0,250.6209,8.0,65.0,33.0,0.0,0.0,92.00212,-7.0,6.0,6.0,35.0,1.0,53.204433,1.0,5.0,5.0,43.206196,93.29555,2.0,5.5830116,1.0,67.0,0.0
83.0,152.58408,3.0,76.428215,39.0,0.0,0.0,98.87939,53.73573,6.0,6.0,39.443947,2.0,77.21525,-7.0,0.0,0.0,24.759712,77.345345,1.0,16.615395,0.0,85.35325,0.0
89.04772,211.36652,11.0,108.88741,25.860218,0.0,0.0,100.0,-7.0,7.0,8.0,28.604315,1.0,27.0,14.1816845,0.0,0.0,0.0,-8.0,3.0,1.0,0.0,64.0,0.0
90.0,318.2238,2.0,77.76664,16.0,0.0,0.0,100.0,-7.0,7.0,8.0,18.0,1.0,27.24844,8.0,1.0,1.0,1.0,-8.0,2.0,1.0,0.0,33.0,0.0
-9.0,-9.0,-9.0,-9.0,-9.0,-9.0,-9.0,-9.0,-9.0,-9.0,-9.0,-9.0,-9.0,-9.0,-9.0,-9.0,-9.0,-9.0,-9.0,-9.0,-9.0,-9.0,-9.0,0.0
86.0,297.18872,8.0,149.34883,13.0,0.0,0.0,100.0,-7.0,7.0,8.0,15.0,1.0,14.0,0.0,0.0,0.0,0.0,88.4229,1.0,1.0,0.0,26.664463,0.0
74.41011,99.33169,7.288104,68.35536,25.0,0.0,0.0,100.0,-7.0,7.0,8.0,14.0,2.0,24.0,0.0,0.0,0.0,20.086124,52.168034,5.0,5.0,1.0,100.0,0.0
34.30489,434.45923,10.0,93.121185,18.0,2.4485195,2.0,69.27439,0.34718958,-6.4147153,2.0,19.0,1.0,29.0,0.0,0.0,0.0,67.03907,-8.0,5.0,1.0,2.0,83.0,0.0
-9.0,-9.0,-9.0,-9.0,-9.0,-9.0,-9.0,-9.0,-9.0,-9.0,-9.0,-9.0,-9.0,-9.0,-9.0,-9.0,-9.0,-9.0,-9.0,-9.0,-9.0,-9.0,-9.0,0.0
-9.0,-9.0,-9.0,-9.0,-9.0,-9.0,-9.0,-9.0,-9.0,-9.0,-9.0,-9.0,-9.0,-9.0,-9.0,-9.0,-9.0,-9.0,-9.0,-9.0,-9.0,-9.0,-9.0,0.0
84.0,247.09459,1.0,93.0,29.0,0.0,0.0,100.0,-7.0,7.0,8.0,30.0,2.0,37.640503,0.0,1.0,1.0,12.0,87.81094,2.6532943,5.0,0.0,60.50876,0.0
83.0,140.3282,5.336644,72.858826,14.559233,0.0,0.0,100.0,-7.0,7.0,8.0,5.938535,2.0,47.0,0.0,2.0,1.0,28.87001,-8.0,3.0,1.0,0.0,88.0,0.0
87.0,209.1626,1.0,126.686005,12.0,0.0,0.0,100.0,-7.0,7.0,8.0,9.0,0.9440997,36.021126,0.0,0.0,0.0,34.506283,19.713295,4.0,2.0,0.0,85.51069,0.0
80.0,332.73328,9.860982,184.11275,11.032241,0.0,0.0,100.0,-7.0,7.0,8.0,16.0,0.022708096,46.0,0.0,0.0,0.0,25.0,56.94495,3.0,2.0,-8.0,80.0,0.0
55.306133,148.40977,7.0,83.706436,22.859858,0.0,0.0,82.1785,10.202086,0.0,6.0,20.0,2.0,28.0,4.1258106,0.0,0.0,59.209923,88.58506,2.0,2.0,0.0,100.0,0.0
81.0,139.83366,10.0,58.0,28.0,0.0,0.0,100.0,-7.0,7.0,8.0,26.0,2.0,54.87718,-7.0,1.3557476,1.5960339,10.979004,82.260544,1.0,4.0,0.0,70.739624,0.0
58.67377,178.12457,4.391348,49.90812,6.3568277,5.6662183,3.947548,69.12711,22.215761,6.0,3.0,14.0,1.0,67.16494,0.0,1.0,1.0,47.849976,-8.0,2.0,1.0,1.0,85.488815,0.0
84.0,191.21027,20.763155,76.35351,20.0,0.0,0.0,95.0,-7.0,6.0,6.0,15.798747,0.0,24.0,-7.0,0.0,0.0,0.0,48.70324,1.0,2.0,0.0,27.346539,0.0
90.271286,379.8079,8.0,153.04413,14.0,0.0,0.0,100.0,-7.0,7.0,8.0,11.0,2.0,25.538128,1.7265627,1.0,1.0,5.609651,24.73437,3.0,1.0,0.0,85.261116,0.0
66.157845,540.97345,6.0,158.29451,35.5501,0.0,0.0,90.51661,13.271564,6.0,6.0,31.427706,1.0,11.81196,0.0,0.0,0.0,26.988226,-8.0,11.0,1.0,2.0,60.0,0.0
89.44189,194.33891,3.0,58.0,29.0,0.0,0.0,100.0,-7.0,7.0,8.0,34.0,2.7247171,15.0,-7.0,0.0,0.0,2.0,-8.0,3.0,-8.0,0.0,20.851435,0.0
65.22427,196.71991,25.037813,100.70206,13.0,1.0,1.0,76.14598,24.066973,6.0,5.0,17.911516,0.0,38.0,9.0,0.0,0.0,36.56002,59.273495,3.0,3.0,1.0,91.21795,0.0
88.0,221.78148,4.0,89.72024,19.0,0.0,0.0,100.0,-7.0,7.0,8.0,19.0,1.0,29.934666,11.953202,0.0,0.0,1.0,74.51264,1.0,2.0,0.0,43.0,0.0
85.0,365.7224,20.889359,297.0275,8.101524,0.0,0.0,82.41655,34.903996,6.0,6.0,8.0,0.0,7.85978,-7.0,0.0,0.0,0.0,-8.0,1.0,-8.0,0.0,32.83575,0.0
74.25207,212.73601,6.0,63.72877,42.071663,0.0,0.0,100.0,-7.0,7.0,8.0,44.419456,4.897567,36.59313,2.0,1.0,1.0,51.473286,79.739044,5.0,4.0,0.0,75.0,0.0
84.0,130.56853,16.0,120.512436,15.268221,0.0,0.0,100.0,-7.0,7.0,8.0,14.0,0.0,61.85674,14.807083,0.0,0.0,46.399807,-8.0,3.0,-8.0,0.0,91.47117,0.0
76.0,204.94604,1.0,109.19773,39.0,0.0,0.0,100.0,-7.0,7.0,8.0,37.62053,2.0,70.62686,8.0,1.0,1.0,30.178429,95.42158,5.0,4.0,0.0,83.51046,0.0
84.0,158.45912,11.0,76.0,32.0,0.0,0.0,100.0,-7.0,7.0,8.0,29.0,0.0,18.0,4.542206,0.0,0.0,2.0,-8.0,2.0,1.0,0.0,31.449303,0.0
62.938866,253.72205,9.0,64.48672,28.0,0.0,0.0,100.0,-7.0,7.0,8.0,37.0,1.0,14.627448,0.0,3.0,3.0,79.874,93.0,13.998304,1.0,9.204575,67.0,0.0
82.0,254.90376,3.0,92.53864,26.0,0.0,0.0,100.0,-7.0,7.0,8.0,30.0,1.0,11.0,2.2565289,1.0,1.0,13.0,63.959118,5.0,2.0,0.0,35.77555,0.0
80.0,157.8191,2.0,79.0,20.095325,0.57857347,0.0,94.32413,61.91824,6.0,5.0,18.973787,1.0,36.0,7.0,0.0,0.0,10.953632,91.0,5.0,3.0,0.0,61.16814,0.0
66.0,212.07632,7.5777144,125.68979,19.7799,0.0,0.0,91.94267,7.462519,6.0,6.0,20.0,0.0,31.0,2.0,0.0,0.0,43.57831,-8.0,8.0,2.0,1.0,100.0,0.0
70.0,323.67865,8.0,105.047516,17.0,5.071477,3.7250805,71.27206,33.796463,6.0,3.2770875,21.0,2.0,25.0,0.0,0.0,0.0,18.320066,16.161665,4.0,2.0,0.0,92.52026,0.0
63.0,51.898502,5.0,40.508636,26.906881,1.0,1.0,100.0,-7.0,7.0,8.0,9.983724,2.0,76.347534,0.0,0.0,0.0,50.205505,31.78249,4.0,9.830659,2.0,100.0,0.0
91.50839,368.45865,13.918961,108.15301,14.0,0.0,0.0,100.0,-7.0,7.0,8.0,11.0,0.0,24.0,0.0,0.0,0.0,1.0,20.579254,2.0,2.0,0.0,50.0,0.0
81.0,245.15106,1.0,82.383575,28.0,0.0,0.0,100.0,-7.0,7.0,8.0,44.356777,3.0,16.0,2.0,5.0,4.0,37.265156,-8.0,5.0,1.0,1.0,64.0,0.0
81.0,147.15092,3.0,62.51282,14.0,0.0,0.0,100.0,-7.0,7.0,8.0,12.542255,2.0,14.0,7.8735757,2.0,1.0,33.068783,-8.0,3.0,1.0,1.0,50.0,0.0
87.0,170.20241,37.663387,103.01976,9.758001,0.0,0.0,100.0,-7.0,7.0,8.0,8.271847,0.0,15.0,10.555783,0.0,0.0,1.0,-8.0,1.0,1.0,0.0,38.0,0.0
82.0,217.42484,9.0,105.09261,29.0,0.0,0.0,100.0,-7.0,7.0,8.0,21.0,1.4749331,19.0,15.548108,0.0,0.0,21.0,9.215674,4.0,1.0,0.0,43.0,0.0
77.0,215.5505,2.0,81.0,42.46387,2.4366846,1.0,90.0,18.547825,3.0,2.0,44.49125,4.0,40.0,1.0,4.0,3.0,7.0784235,94.69185,5.0,2.0,0.0,56.950283,0.0
74.16772,263.91818,11.0,104.42021,29.0,0.0,0.0,95.956535,51.499294,6.0,6.0,46.071213,0.0,27.0,2.0,0.0,0.0,59.248444,63.065556,4.0,2.0,1.0,50.0,0.0
84.37921,132.24463,6.0,80.02383,8.0,0.0,0.0,100.0,-7.0,7.0,8.0,6.061402,2.0,35.0,-7.0,1.0,1.0,36.01506,96.08905,1.0,2.0,0.0,71.0,0.0
79.0,167.72697,4.0,80.371605,19.987583,1.0,0.0,91.67015,21.185556,6.0,5.0,19.0,3.0,30.1537,5.0,0.0,0.0,4.0,80.39303,2.0,2.139431,0.0,52.680706,0.0
74.0303,174.09271,4.0,64.006165,7.126847,0.0,0.0,100.0,-7.0,7.0,8.0,4.3317986,1.2781035,48.39016,1.0,2.0,2.0,42.579697,99.630905,1.0,2.0,-9.0,100.0,0.0
78.0,408.2245,3.0,74.0,30.94977,0.0,0.0,100.0,-7.0,7.0,8.0,25.810377,3.0,17.0,12.699626,0.0,0.0,31.886599,-8.0,1.0,2.0,1.0,33.0,0.0
74.0,128.14702,18.891634,67.36114,30.0,0.0,0.0,100.0,-7.0,7.0,8.0,51.661407,0.0,38.0,23.906034,0.0,0.0,70.74859,79.59789,3.0,5.0,1.0,65.151535,0.0
68.0,303.38242,6.0,58.873203,22.0,1.0,1.0,100.0,-7.0,7.0,8.0,27.0,1.6962988,36.0,0.0,3.0,3.0,20.919415,60.302006,3.0,5.0,0.0,56.40999,0.0
88.0,365.49673,10.827421,141.71735,5.5013394,0.0,0.0,100.0,-7.0,7.0,8.0,14.0,0.0,62.58586,-7.0,0.0,0.0,2.9276702,88.17142,2.0,2.0,-8.378255,98.17808,0.0
77.987686,246.31786,18.745104,112.46434,19.0,0.0,0.0,100.0,-7.0,7.0,8.0,31.0,0.0,20.87948,0.0,2.0,2.0,82.76972,-8.0,2.0,2.0,1.0,70.40869,0.0
71.0,125.66255,0.56918013,52.628624,17.0,0.0,0.0,97.0,44.318947,6.0,6.0,18.0,2.0,40.475784,0.0,5.295488,5.7409015,63.13206,70.362114,3.0,2.0,1.0,50.0,0.0
92.669815,209.5649,15.0,101.61224,15.0,0.0,0.0,100.0,-7.0,7.0,8.0,9.0,0.0,25.146803,1.0,1.0,1.0,0.0,-8.0,-3.6947422,-8.0,0.0,10.98953,0.0
85.0,254.81485,15.0,93.0,20.0,0.0,0.0,97.222496,25.385748,6.0,6.0,23.717422,0.0,11.319669,0.0,0.0,0.0,2.0,-8.0,2.0,1.0,0.0,33.0,0.0
71.0,169.13512,4.0,70.04241,30.0,0.0,0.0,93.0,-7.0,-9.0,6.0,34.0,4.0,17.0,5.28987,1.0,1.0,2.0,-8.0,9.254349,1.0,0.0,47.09194,0.0
86.0,268.2746,5.0,61.0,20.0,0.0,0.0,100.0,-7.0,7.0,8.0,23.0,3.0,16.0,0.0,0.0,0.0,0.0,-8.0,3.0,1.0,0.0,22.092543,0.0
74.0,373.82605,33.871284,86.99527,34.020638,1.0,0.0,95.0,16.832458,6.0,5.0,34.0,0.0,19.0,6.259091,0.0,0.0,9.0,-8.0,4.0,1.0,0.0,50.0,0.0
-9.0,-9.0,-9.0,-9.0,-9.0,-9.0,-9.0,-9.0,-9.0,-9.0,-9.0,-9.0,-9.0,-9.0,-9.0,-9.0,-9.0,-9.0,-9.0,-9.0,-9.0,-9.0,-9.0,0.0
66.12394,123.32832,4.0,74.0,15.0,0.0,0.0,86.40886,23.880322,6.0,6.0,11.0,3.0,9.737291,3.6526895,3.0,2.0,64.18136,-8.0,6.0,1.0,3.0,67.0,0.0
81.0,143.69966,2.0,74.0,17.665966,0.0,0.0,100.0,-7.0,7.0,8.0,19.0,5.0,47.0,12.0,1.0,0.0,3.0,85.758,2.0,5.156706,0.0,63.0,0.0
72.377975,167.68251,2.0,64.58488,15.0,0.0,0.0,90.59309,-4.8026032,1.2534326,6.0,15.0,3.0,30.32081,0.0,1.0,1.0,27.659883,-8.0,4.0,2.0,0.0,67.0,0.0
66.0,268.06564,2.0,76.492165,27.20462,4.7682543,4.460338,94.0,-9.0,7.0,6.0,33.0,2.0,33.0,0.0,3.0,3.0,8.0,55.290234,1.0,3.0,0.0,43.0,0.0
73.0,116.07979,6.0,55.01929,14.0,1.0,0.0,82.06593,36.446724,6.0,2.0,15.0,1.6637443,49.158504,0.0,1.0,1.0,20.966204,-8.0,1.0,3.0,1.0,55.921917,0.0
74.0,305.78424,9.809771,68.0,23.0,1.0,0.0,83.06685,9.385397,6.0,6.0,24.0,1.0,44.0,16.0,0.0,0.0,6.0,34.370144,3.0,3.0,0.0,47.233006,0.0
83.0,207.18425,-1.8088986,58.214344,24.0,0.0,0.0,100.0,-7.0,7.0,8.0,41.926266,10.881203,16.0,4.0,2.0,1.9795198,1.0,94.80007,7.0,3.0,0.0,44.0,0.0
-9.0,-9.0,-9.0,-9.0,-9.0,-9.0,-9.0,-9.0,-9.0,-9.0,-9.0,-9.0,-9.0,-9.0,-9.0,-9.0,-9.0,-9.0,-9.0,-9.0,-9.0,-9.0,-9.0,0.0
73.0,392.55237,6.0,126.74025,27.0,2.0,0.0,96.180855,53.52502,6.0,4.3163676,24.0,1.0,16.0,-7.0,0.0,0.0,22.871824,80.91673,11.889649,2.0,1.0,70.0,0.0
74.0,449.08746,3.0,138.45659,31.911083,0.0,0.0,96.86448,24.883904,6.0,6.0,37.29998,3.0,23.0,12.0,1.0,1.0,16.0,92.91258,8.41101,2.0,1.0,77.19728,0.0
-9.0,-9.0,-9.0,-9.0,-9.0,-9.0,-9.0,-9.0,-9.0,-9.0,-9.0,-9.0,-9.0,-9.0,-9.0,-9.0,-9.0,-9.0,-9.0,-9.0,-9.0,-9.0,-9.0,0.0
88.0,285.7047,10.0,100.855736,-9.0,0.0,0.0,100.0,-7.0,7.0,8.0,4.4414887,1.0,14.0,0.0,2.0,2.505897,0.0,-8.0,1.0,-8.0,0.0,51.89763,0.0
86.377075,163.53036,2.0,68.3965,17.0,0.0,0.0,100.0,-7.0,7.0,8.0,23.0,1.0,21.0,0.0,0.0,0.0,1.0,-8.0,1.0,1.0,0.0,20.73708,0.0
83.0,71.21076,3.0,15.791694,-0.8346375,0.0,0.0,100.0,-7.0,7.0,8.0,3.9882684,2.0,45.230198,1.0,0.0,0.0,12.0,90.06718,1.0,2.0,0.0,59.050144,0.0
77.0,162.10759,4.0,74.0,18.0,0.0,0.0,100.0,-7.0,7.0,8.0,17.0,2.0,42.519596,1.0,0.0,0.0,69.16597,100.0,3.0,2.0,0.0,100.0,0.0
80.0,393.611,2.0,82.200615,22.481976,0.0,0.0,97.0,58.3199,6.0,6.0,30.0,2.0,17.0,2.0,1.0,1.0,32.107555,50.04977,4.0,1.0,1.0,25.0,0.0
86.370705,263.10733,31.617882,144.58707,29.0,0.0,0.0,94.93431,39.895138,6.0,6.0,29.326307,0.0,27.0,-8.0,0.0,0.0,6.1703043,43.84391,4.0,2.0,0.0,69.026634,0.0
72.0,254.56635,4.0,75.0,37.086414,1.0,0.0,85.028366,4.8787684,4.0,5.0,36.075455,2.0,12.632386,0.0,2.0,2.0,12.536143,82.366264,3.0,1.0,0.0,29.356922,0.0
66.0,46.341705,-9.0,9.305944,16.504265,2.0,0.0,90.0,10.086458,5.0,5.0,21.0,3.0,-9.0,1.0,1.0,1.0,1.0,-8.0,3.0,1.0,0.0,45.410976,0.0
65.1214,153.22379,2.0,53.629467,32.92,0.0,0.0,89.23169,1.0,0.94552296,5.2247534,33.0,5.0,20.033115,0.0,2.0,2.0,1.0,84.16468,2.0,2.0,1.0,28.65366,0.0
71.33961,241.23273,8.0,80.0,35.063255,0.0,0.0,97.0,8.101666,6.0,6.0,42.67467,1.0,25.451761,11.509816,0.0,0.0,31.743792,80.40623,4.0,5.0,0.0,50.0,0.0
65.0,90.488205,13.028117,75.0,18.0,2.0,1.0,93.88921,10.235104,6.0,4.0,13.0,0.0,28.0,14.530844,0.0,0.0,22.95998,53.285828,2.0,2.0,1.0,56.0,0.0
82.0,101.69583,1.0,64.54171,16.739454,0.0,0.0,97.0,45.926537,6.0,6.0,9.329446,2.0,35.967472,13.153208,0.0,0.0,15.821721,95.60584,3.0,4.0,0.0,71.36784,0.0
71.0,152.51294,2.4148316,72.20938,24.467041,2.6525939,1.0,89.0,31.640804,6.0,5.0,21.0,3.0,4.406034,0.0,2.0,2.0,8.09804,-8.0,1.0,-8.0,-0.32112,24.557667,0.0
76.0,166.21875,6.0,74.0,19.478125,0.0,0.0,88.0,27.1132,4.0,6.0,23.0,1.0,44.0,7.0,0.0,0.0,12.985006,84.03844,3.0,3.0,0.0,85.67072,0.0
81.0,389.41064,-9.0,129.7417,25.0,0.0,0.0,94.0,13.424069,6.0,6.0,30.0,2.0,19.736338,1.0,0.0,0.0,10.0,88.10002,6.0,1.0,0.0,41.667442,0.0
72.0,147.60464,2.0,56.19465,21.052473,0.0,0.0,82.708694,-9.0,6.0,5.0,25.0,2.0,44.0,-7.0,2.0,2.0,54.77858,64.18799,3.0,2.0,1.0,67.0,0.0
-9.0,-9.0,-9.0,-9.0,-2.8701186,-9.0,-9.0,-9.0,-9.0,-9.0,-9.0,-9.0,-9.0,-9.0,-9.0,-9.0,-9.0,-9.0,-9.0,-9.0,-9.0,-9.0,-9.0,0.0
54.390034,143.53015,5.0,50.224384,19.0,0.0,0.0,94.0,31.907404,6.0,6.0,19.0,3.0,35.0,3.0,2.0,2.0,63.72993,93.0,4.0,4.0,3.0,64.04332,0.0
68.0,125.271255,4.565878,63.0,31.26037,0.0,0.0,100.0,13.421392,6.0,6.0,38.0,3.0,53.99203,0.0,2.0,2.0,28.0,82.0,5.0,4.0,1.0,71.0,0.0
78.0,105.41914,16.0,67.0,20.0,0.0,0.0,100.0,-7.0,7.0,8.0,19.0,0.0,49.422913,-8.0,0.0,0.0,43.81486,-8.0,2.0,1.0,0.0,67.0,0.0
64.02331,175.02948,5.0,82.0,28.0,0.0,0.0,95.52288,55.319996,6.0,6.0,37.0,1.0,21.655865,2.2335052,0.0,0.0,65.91016,-8.0,6.0,1.0,3.949481,91.218346,0.0
64.0,222.42914,1.7394277,86.0,15.0,1.0,1.0,69.580795,22.027212,6.0,2.0,18.514032,3.0,62.193417,-7.0,7.1336436,6.741028,34.768734,88.0,4.0,3.0,0.0,75.0,0.0
80.0,139.32863,4.0,65.818855,57.057583,0.0,0.0,100.0,-7.0,6.0,8.0,90.22652,1.0,29.498749,0.0,3.0,2.3132966,53.797073,127.39697,3.0,3.0,1.0,62.644825,0.0
75.0,166.16495,3.0,65.92157,10.195704,0.0,0.0,92.91094,5.4093537,4.0,6.0,9.0,2.4722157,11.715804,0.0,2.0,2.0,12.633516,-8.0,6.0,1.0,0.0,100.0,0.0
70.0,202.70895,7.0,70.0,31.680622,0.0,0.0,100.0,-7.0,7.0,8.0,30.0,0.44561285,29.44305,2.0,0.0,0.0,34.918777,98.076126,8.0,4.0,2.0,72.73414,0.0
77.0,115.103874,2.0,45.07753,35.826973,0.0,0.0,100.0,-7.0,7.0,8.0,38.0,2.0,17.93771,0.0,6.6428633,6.6397777,11.0,-8.0,4.0,-8.0,0.0,33.0,0.0
73.0,147.90535,3.0,52.072895,30.275398,0.0,0.0,93.638435,11.841021,6.0,6.0,26.0,3.0,16.0,0.0,1.0,1.0,19.486494,-8.0,6.0,2.0,1.0,57.0,0.0
79.0,436.28278,20.326817,153.45316,23.0,0.0,0.0,100.0,-7.0,7.0,8.0,28.0,0.0,40.0,20.876032,0.0,0.0,28.637985,75.62121,5.0,2.0,1.0,71.0,0.0
87.0,177.36096,3.0,119.99624,23.0,0.0,0.0,91.42464,3.0,6.0,6.0,24.0,2.0,17.047235,11.3869095,0.0,0.0,2.5414999,-8.0,4.0,1.0,0.0,46.33646,0.0
73.0,100.746704,2.0,61.0,14.0,0.0,0.0,92.0,57.009506,6.0,6.0,15.0,3.0,38.0,0.0,0.0,0.0,48.888332,96.87365,3.0,2.0,0.0,58.0,0.0
70.0,119.40897,4.0,62.006165,34.0,0.0,0.0,94.0,24.873903,6.0,6.0,33.0,2.0,15.2311735,0.0,2.0,2.0,13.862426,-8.0,5.0,1.0,0.0,33.0,0.0
75.0,31.409725,-9.0,31.361158,12.0,0.0,0.0,100.0,-7.0,7.0,8.0,11.0,3.0,31.05003,0.0,0.0,0.0,24.182333,66.66126,2.0,2.0,0.0,71.0,0.0
73.0,187.43181,6.4275155,73.63929,20.0,0.0,0.0,96.0,31.294783,6.0,6.0,20.0,2.0,55.82816,0.0,0.0,0.0,10.0,24.934566,3.4366229,3.0,0.0,91.015274,0.0
76.0,77.04451,3.0,38.291107,28.0,0.0,0.0,100.0,-7.0,7.0,8.0,2.5355446,3.5021367,19.0,18.308424,0.0,0.0,12.0,57.022713,5.0,3.0,0.0,56.469337,0.0
77.0,190.06468,4.0,88.53112,29.105268,0.0,0.0,93.94414,23.261787,6.0,6.0,24.0,2.0,48.850212,0.0,1.0,1.0,18.0,70.24469,1.0,6.0,0.0,88.92207,0.0
71.0,243.09763,3.0,105.62678,27.0,1.0,0.07957953,92.534134,6.0,4.0,5.0,30.0,3.0,39.0,2.0,1.0,1.0,17.00101,90.423935,1.0,5.0,0.0,64.0,0.0
78.0,231.06096,10.0,126.22417,15.0,0.0,0.0,88.0,-4.3214297,4.0,6.0,14.0,0.0,33.0,0.0,1.0,0.0,0.0,-8.0,1.0,2.0,0.0,68.68299,0.0
76.0,152.54465,6.0,58.24097,17.0,0.0,0.0,100.0,-7.0,7.0,8.0,16.0,1.0,13.0,0.0,1.0,1.0,47.73971,-8.0,2.0,-8.0,0.0,4.051284,0.0
91.0,345.62534,34.779438,106.28912,15.554849,0.0,0.0,100.0,-7.0,7.0,8.0,19.0,0.0,11.711261,-8.0,0.13296703,0.0,0.0,-8.0,1.0,1.0,0.0,14.325253,0.0
76.0,135.81787,6.0,67.0,26.0,0.0,0.0,100.0,-7.0,7.0,8.0,24.0,0.61467546,29.0,0.0,0.0,0.0,63.9353,57.751415,2.0,2.0,1.2124878,60.0,0.0
77.0,222.13312,7.0,116.85243,9.0,0.0,0.0,82.8674,49.631866,6.0,6.0,10.0,2.0,19.592022,3.0,0.0,0.0,11.169972,-8.0,4.246169,1.0,0.0,85.43599,0.0
86.0,323.81415,7.9985166,141.70978,50.73698,0.0,0.0,100.0,-7.0,7.0,8.0,73.712265,2.0,0.9530364,-7.0,0.0,0.0,6.5684023,-8.0,5.0,1.0,0.0,14.982031,0.0
69.0,157.15793,7.0,70.0,21.0,6.1395545,1.0,64.984276,43.080044,6.0,2.0,34.0,1.185667,50.0,0.0,3.0,3.0,12.412512,97.63585,2.0,2.0,0.0,66.23213,0.0
81.0,204.36499,2.0,74.0,25.0,0.0,0.0,95.0,36.19198,6.0,6.0,21.166763,3.0,25.0,0.0,2.0,2.0,11.153329,50.56468,5.0,2.0,0.0,67.0,0.0
75.78602,368.28528,7.6161237,124.34059,33.0,0.0,0.0,100.0,-7.0,7.0,8.0,24.0,1.0,20.0,1.0,0.0,0.0,27.605967,93.0,5.0,3.0,1.0,54.84746,0.0
84.0,151.10884,5.0,59.16069,36.0,0.0,0.0,100.0,-7.0,7.0,8.0,23.0,2.0,17.0,0.0,0.0,0.0,7.0,-8.0,2.0,2.0,0.0,25.639631,0.0
76.9967,132.9401,6.0,87.430534,3.8529258,0.0,0.0,100.0,-7.0,7.0,8.0,4.597012,1.0,20.0,0.0,1.0,1.0,47.031464,-8.0,1.0,-8.0,0.0,69.17236,0.0
87.0,184.91943,8.0,84.0,24.0,0.0,0.0,97.0,70.83791,6.0,6.0,24.0,0.0,20.0,-7.0,0.0,0.0,7.4776683,-8.0,3.0,1.0,0.0,43.32289,0.0
88.0,244.7496,4.0,79.66783,33.0,0.0,0.0,100.0,-7.0,7.0,8.0,39.23624,3.0,56.01724,2.0,2.0,2.0,1.0,129.21085,2.0,1.0,0.0,43.0,0.0
73.0,130.19661,3.0,56.753212,22.0,0.0,0.0,91.42578,-7.0,1.3080212,6.0,24.0,2.0,45.0,13.692735,0.0,0.0,28.0,73.10998,2.0,3.0,0.0,57.0,0.0
59.89679,158.04724,22.136692,60.574738,6.0,2.0,1.8526883,70.09496,9.63484,6.0,3.0,13.863564,0.0,35.0,3.0,3.0,3.0,37.3089,-8.0,2.0,1.0,0.0,100.0,0.0
85.0,225.31139,25.620165,103.75965,18.0,0.0,0.0,100.0,-7.0,7.0,8.0,20.50562,0.0,45.64448,0.0,0.0,0.0,1.0,-8.0,2.0,3.0,0.0,60.0,0.0
87.0,163.78122,8.0,91.10519,12.416136,0.0,0.0,100.0,-7.0,7.0,8.0,10.0,1.0,31.0,7.4448237,0.0,0.0,1.0,-8.0,1.0,1.0,0.0,45.80643,0.0
82.0,178.56438,7.0,67.0,15.0,0.0,0.0,100.0,-7.0,7.0,8.0,19.230047,0.0,28.0,0.0,5.4335637,5.830308,1.0,-8.0,2.0,2.0,0.0,50.0,0.0
71.0,370.71832,9.0,109.813995,42.19464,3.0,1.8325895,85.37367,12.303111,6.0,2.0,35.39544,1.4811563,13.0,0.0,2.0,2.0,4.0,-8.0,6.3660583,-8.0,1.0,29.312279,0.0
68.0,132.6962,2.0,43.635696,20.0,0.0,0.0,100.0,-7.0,7.0,8.0,16.0,3.0,33.0,1.0,1.0,1.0,54.934334,90.518326,7.0,3.0,2.0,100.0,0.0
63.0,199.73279,4.0,86.4306,16.0,1.0,0.0,65.27537,17.100935,5.889488,3.6742916,23.0,1.0,27.0,0.0,0.0,0.0,74.198975,-8.0,5.0,3.0,1.0,100.0,0.0
75.0,93.58657,3.0,36.21723,17.0,0.0,0.0,100.0,-7.0,7.0,8.0,19.973995,4.0,67.44489,2.0,1.0,1.0,25.95109,97.108025,3.0,4.749612,0.0,85.57282,0.0
84.27223,73.96077,5.0,36.95512,13.0,0.0,0.0,100.0,-7.0,7.0,8.0,11.0,2.0,64.41189,7.0,1.0,1.0,1.0,89.11071,2.0,3.0,0.0,80.66974,0.0
-9.0,-9.0,-9.0,-9.0,-9.0,-9.0,-9.0,-9.0,-9.0,-9.0,-9.0,-9.0,-9.0,-9.0,-9.0,-9.0,-9.0,-9.0,-9.0,-9.0,-9.0,-9.0,-9.0,0.0
73.0,227.6299,3.0,61.0,17.0,0.0,0.0,94.0,37.241,6.0,6.0,17.0,4.0,20.0,1.0,4.0,4.0,9.0,-8.0,5.0,1.0,0.0,75.0,0.0
76.0,158.09738,4.0,86.29092,12.0,0.0,0.0,100.0,-7.0,7.0,8.0,12.0,1.0,22.0,-7.0,0.0,0.0,36.0,91.0,4.0,2.0,1.0,76.42328,0.0
59.174248,164.6325,5.0,140.86116,36.0,0.0,0.0,98.0,6.734173,4.3895383,5.0,16.0,2.0,25.757187,0.0,1.0,1.0,32.23066,-8.0,3.0,3.0,2.0,35.639565,0.0
-9.0,-9.0,-9.0,-9.0,-9.0,-9.0,-9.0,-9.0,-9.0,-9.0,-9.0,-9.0,-9.0,-9.0,-9.0,-9.0,-9.0,-9.0,-9.0,-9.0,-9.0,-9.0,-9.0,0.0
78.955086,213.08951,1.0,86.0,64.99963,1.0,0.0,97.0,24.720228,6.0,3.7773778,71.723656,2.0,53.84518,0.0,4.0,5.0,4.676475,-8.0,5.259977,2.0,0.0,50.0,0.0
68.70377,289.2177,8.0,108.52816,18.832119,2.7616324,2.0,91.21096,13.517497,4.0,6.0,22.0,2.0,36.136684,0.0,0.0,0.0,1.0,59.837822,2.0,2.0,0.0,44.0,0.0
72.0,338.18658,2.0,82.0,22.0,0.0,0.0,95.0,61.19689,6.0,6.0,24.0,2.0,42.0,0.0,2.0,2.0,24.739563,73.63493,5.0,7.765907,2.0,71.0,0.0
63.0,92.46846,14.0,44.66546,33.99284,0.0,0.0,98.99584,6.8072286,6.0,6.0,33.59571,2.0,36.0,0.0,0.0,0.0,38.603645,86.89426,3.0,6.0,2.0,44.115974,0.0
68.2582,251.50877,7.0,104.942795,17.087088,2.0,2.0,90.71881,-1.3663455,3.8807864,2.0,19.0,1.0,36.0,0.0,1.0,1.0,62.87417,80.0,2.0,2.0,1.0,71.0,0.0
64.13011,213.68062,7.0,94.033226,34.068752,0.0,0.0,100.0,-7.0,7.0,8.0,32.452274,1.0,35.0,-7.0,0.0,0.0,68.23926,-8.0,8.0,2.0,3.0637639,73.0,0.0
70.0,149.50427,4.0,49.2473,26.0,0.0,0.0,100.0,-7.0,7.0,8.0,26.926462,5.0,42.0,0.0,0.0,0.0,41.598804,78.16971,4.0,6.826767,3.0,67.0,0.0
71.0,132.06577,10.745621,65.0,30.0,0.0,0.0,96.0,57.864338,6.0,6.0,23.0,1.0,25.015703,4.0,0.0,0.0,36.0,-8.0,1.0,2.0,2.0,32.46504,0.0
75.181725,305.58676,2.0,74.0,27.09899,1.0,0.0,92.62215,23.234175,6.0,4.0,30.706367,1.0,28.0,0.0,1.0,1.0,18.484938,-8.0,4.0,2.0,0.0,75.0,0.0
85.33713,228.22609,5.6089725,116.26903,29.0,0.0,0.0,100.0,-7.0,7.0,8.0,32.38148,1.0,38.0,3.0,1.0,1.0,3.0,100.0,4.0,3.0,0.0,88.38398,0.0
71.0,176.70885,1.0,83.0,15.0,1.0,1.0,94.06475,58.58982,6.0,5.0,19.0,2.522118,38.001747,0.0,18.083353,17.330385,14.0,95.39322,2.0,4.0,0.0,80.625305,0.0
80.0,194.66438,2.0,89.55398,38.14669,1.0,0.0,97.0,0.5544568,0.029520698,5.0,34.0,3.0,14.0,13.960858,0.0,0.0,2.0,76.0,3.0,1.0,0.0,-9.0,0.0
69.0,195.63675,9.0,81.092545,20.0,2.434329,1.0,97.0,63.31404,6.0,2.0,16.0,2.0,24.3803,-7.0,0.0,0.0,11.0,78.59202,2.0,2.0,0.0,31.028257,0.0
67.997696,-2.166617,7.0,68.0,40.236374,0.0,0.0,100.0,-7.0,7.0,8.0,14.0,3.0,23.412876,0.33172214,0.0,0.0,34.46565,54.922005,6.0,3.0,1.0,67.0,0.0
79.24662,139.10382,8.0,80.07983,44.397644,0.0,0.0,100.0,-7.0,7.0,8.0,44.73076,2.0,45.0,5.0,0.0,0.0,15.0,88.82563,4.0,3.0,0.0,60.0,0.0
82.0,175.30034,9.0,113.00655,15.0,0.0,0.0,94.0,68.92644,6.0,6.0,19.0,1.0,38.646175,0.0,0.0,0.0,14.433328,85.80963,6.0,1.0,0.0,71.0,0.0
74.2916,-9.0,7.0,22.964138,4.434016,0.0,0.0,100.0,-7.0,7.0,8.0,3.9413197,1.0,42.85007,2.0,0.0,0.0,29.41644,-8.0,3.0,2.0,1.0,83.0,0.0
74.0,300.30533,5.0,74.59202,32.0,0.0,0.0,95.0,12.754072,5.1255016,6.0,34.0,2.0,21.860344,9.0,0.0,0.0,6.0,100.0,4.0,2.0,0.0,43.047913,0.0
85.0,184.201,20.0,77.0,8.0,0.0,0.0,100.0,-7.0,7.0,8.0,9.12845,0.0,23.0,6.1688433,0.0,0.0,21.59932,-8.0,2.0,1.0,0.0,50.0,0.0
84.0,362.71753,7.0,132.8766,20.0,0.0,0.0,100.0,-7.0,7.0,8.0,24.0,1.0,15.0,-8.0,1.0,1.0,16.0,-8.0,5.0,-8.0,0.0,63.0,0.0
89.86532,-0.97733235,3.0,69.35748,12.0,0.0,0.0,100.0,-7.0,7.0,8.0,12.134282,0.0,35.0,0.0,0.0,0.0,3.3435764,-8.0,2.0,2.0,0.0,50.0,0.0
70.0,375.5761,2.0,72.86495,12.0,0.0,0.0,89.0,35.00461,6.0,6.0,17.0,4.0,16.13693,4.0,0.0,0.0,52.834778,-8.0,4.0,1.0,1.0,75.0,0.0
86.0,177.67058,20.179577,82.0,23.0,0.0,0.0,100.0,-7.0,7.0,8.0,24.29897,0.0,50.0,0.0,3.0,2.0,5.0,-8.0,2.0,1.0,0.0,43.0,0.0
74.0,380.2404,4.0,139.08438,26.0,0.0,0.0,100.0,-7.0,7.0,8.0,28.0,2.0,29.0,-7.001954,1.0,1.0,44.62648,100.0,6.0,4.0,1.0,69.05193,0.0
89.0,170.76678,2.0,67.0,3.1882813,0.0,0.0,100.0,-7.0,7.0,8.0,11.0,2.0,25.0,0.0,1.0,1.0,2.0,-8.0,2.0,1.0,0.0,57.0,0.0
87.0,226.23141,7.0,82.33706,16.0,0.0,0.0,100.0,-7.0,7.0,8.0,3.9885948,1.0,25.209253,1.0,1.0,1.0,7.17574,95.40411,2.0,2.0,0.0,82.53404,0.0
-9.0,-9.0,-9.0,-9.0,-9.0,-9.0,-9.0,-9.0,-9.0,-9.0,-9.0,-9.0,-9.0,-9.0,-9.0,-9.0,-9.0,-9.0,-9.0,-9.0,-9.0,-9.0,-9.0,0.0
67.00056,112.200714,3.0,-9.0,22.0,0.0,0.0,97.0,74.20861,6.0,6.0,26.18011,10.936812,18.0,0.0,2.0,2.0,60.995518,113.33884,6.0,3.0,2.0,60.0,0.0
72.0,262.24002,21.066168,107.93245,15.0,0.0,0.0,88.0,13.73993,6.0,6.0,30.56809,0.0,19.0,23.745749,0.0,0.0,34.25825,-8.0,3.0,1.0,0.0,55.44322,0.0
67.395065,166.74095,1.0,63.0,21.047756,0.0,0.0,91.0,30.774261,6.0,5.855683,24.0,3.0,57.025845,0.0,0.0,0.0,51.44589,35.669655,7.0,4.0,1.0,71.0,0.0
56.508675,30.72465,5.0,-9.0,5.601577,1.0,0.0,94.0,5.687155,6.0,5.0,11.0,3.0,30.0,1.0,2.0,2.0,3.0,91.0,2.0,2.9331317,0.0,91.504944,0.0
-9.0,-9.0,-9.0,-9.0,-9.0,-9.0,-9.0,-9.0,-9.0,-9.0,-9.0,-9.0,-9.0,-9.0,-9.0,-9.0,-9.0,-9.0,-9.0,-9.0,-9.0,-9.0,-9.0,0.0
84.00449,194.55286,5.0,83.72772,19.0,0.0,0.0,93.0,7.1747894,6.0,6.0,25.121916,2.0,15.86936,0.0,1.0,1.0,1.0,-8.0,3.0,2.0,0.0,50.0,0.0
86.0,166.97047,4.0,88.154396,-9.0,0.0,0.0,100.0,-7.0,7.0,8.0,8.0,1.0544133,-9.0,-7.0,2.0,1.0,15.639938,-8.0,2.0,-8.0,0.0,52.63336,0.0
83.0,287.06448,7.0,145.38054,25.0,0.0,0.0,96.50411,71.59243,6.0,6.0,26.0,1.0,27.0,18.41565,0.0,0.0,0.0,85.582,0.78056914,3.0,0.0,36.856285,0.0
77.0,134.8372,8.0,49.468452,12.580286,0.0,0.0,100.0,-7.0,7.0,8.0,19.0,3.0,26.0,0.0,0.0,0.0,24.590261,-8.0,1.0,1.0,0.0,50.0,0.0
84.0,204.02893,1.0,79.0,33.0,0.0,0.0,100.0,-7.0,7.0,8.0,37.54308,4.0,26.244923,2.0,2.0,2.0,3.0,88.0,1.0,2.0,0.0,43.0,0.0
73.0,243.90987,5.0,75.0,20.0,0.0,0.0,93.0,23.416794,6.0,6.0,23.0,1.0,29.0,2.0,2.266075,2.0,18.0,-8.0,2.0,1.0,1.0,50.0,0.0
75.0,212.47997,2.0,63.195732,49.77333,0.0,0.0,100.0,-7.0,7.0,8.0,52.962288,2.0,29.0,0.0,4.0,4.0,16.912766,64.770645,7.0,6.288319,1.0,67.0,0.0
69.0,116.379364,1.0,68.36917,24.0,0.0,0.0,100.0,-7.0,7.0,8.0,24.0,2.0,32.99871,5.0,2.0,1.0,50.93435,-8.0,4.0,1.0,4.589716,67.0,0.0
82.0,175.21922,9.0,74.0,35.127106,2.0,1.3655499,100.0,8.799896,6.0,6.0,41.60291,3.0,30.852007,0.0,0.0,0.0,1.0,26.697865,2.0,2.0,0.0,50.0,0.0
85.0,269.1964,6.0,91.98722,28.0,0.0,0.0,100.0,-7.0,7.0,8.0,31.677715,1.0,38.0,0.0,0.0,0.0,9.0,-8.0,3.0,1.0,0.0,67.0,0.0
62.25811,147.7941,12.0,75.84539,18.0,0.0,0.0,76.52774,-2.835528,4.0,6.0,21.0,0.0,22.0,-7.0,0.0,0.0,58.094532,-8.0,6.0,1.0,2.0,56.0,0.0
71.0,131.80821,1.0,38.60583,24.0,0.0,0.0,100.0,-7.0,7.0,8.0,23.411884,4.0,27.0,-1.0995888,4.0,4.0,14.0,103.81526,5.0,3.0,0.0,56.630077,0.0
72.0,79.137314,14.0,55.91649,16.0,0.0,0.0,100.0,-7.0,7.0,8.0,16.0,0.0,42.0,1.783517,3.0,2.0380647,53.75226,-8.0,3.0,2.0,1.0,71.0,0.0
87.83138,199.24356,19.41999,101.57243,22.0,0.0,0.0,100.0,-7.0,7.0,8.0,15.0,0.0,15.718617,6.893766,0.0,0.0,15.393651,-8.0,1.0,1.0,0.0,20.867966,0.0
75.935234,205.55957,3.0,72.02138,33.0,5.862002,2.0,86.66198,51.69257,6.0,-9.0,35.849327,5.0,72.639534,0.0,1.0,1.0,7.8270645,84.216644,3.0,6.65627,0.0,67.0,0.0
77.59886,175.44478,34.401424,92.62952,6.0,0.0,0.0,90.0,43.040268,6.0,6.0,9.0,0.0,37.0,0.0,2.0,2.0,32.55267,-8.0,1.0,1.0,1.0,33.0,0.0
85.0,191.62587,4.4132886,82.0,16.309473,0.0,0.0,100.0,-7.0,7.0,8.0,12.0,2.0,28.0,1.9889755,3.0,3.0,0.0,-8.0,1.0,2.0,0.0,18.740257,0.0
82.0,133.65025,13.145422,54.68741,13.0,0.0,0.0,96.0,-0.68828434,6.0,6.0,12.107255,0.0,18.0,-8.0,0.0,0.0,17.0,-8.0,4.0,1.0,0.0,60.0,0.0
57.297928,140.92091,3.0535297,71.0,15.0,0.0,0.0,87.0123,-7.0,3.053158,6.0,18.558104,2.0,20.0,0.0,1.0,1.0,46.904507,77.94784,2.0,1.1799697,1.0,56.0,0.0
88.0,320.56665,3.0,144.70636,16.0,0.0,0.0,100.0,-7.0,7.0,8.0,14.0,1.0,24.0,4.0,0.0,0.0,0.0,-8.0,2.0,1.0,0.0,26.620512,0.0
80.0,161.9066,10.929322,97.68954,30.0,0.0,0.0,100.0,-7.0,7.0,8.0,29.0,0.0,41.0,-7.0,0.0,0.0,34.11847,67.98735,3.0,2.0,0.0,42.617115,0.0
66.51649,361.30194,2.0,96.30888,45.15165,0.0,0.0,100.0,6.0,6.0,6.0,31.0,10.994136,27.983393,0.0,4.0,3.0,18.0,89.67133,4.0,3.0,0.0,43.0,0.0
82.0,191.38913,3.2588923,56.54765,18.506233,0.0,0.0,100.0,-7.0,7.0,8.0,20.330805,3.0,43.764336,0.0,0.0,0.0,6.0,93.0,3.0,3.0,0.0,69.232956,0.0
69.41019,99.21897,4.0,58.0,21.0,0.0,0.0,100.0,-7.0,7.0,8.0,-5.9876676,2.0,30.0,0.0,0.0,0.0,33.04055,57.788193,6.0,4.0,4.0,80.0,0.0
70.753006,294.04694,4.0,65.0,17.0,1.0,0.0,85.75617,34.03382,6.0,5.0,24.0,5.0,21.0,0.18828735,5.0,4.8766594,27.184128,86.42027,7.503143,2.0,0.0,75.0,0.0
83.0,145.73882,7.0,80.24173,13.652632,0.0,0.0,100.0,-7.0,7.0,8.0,12.0,2.0,38.38522,-7.0,0.0,0.0,13.0,93.0,2.0,2.0,0.0,67.0,0.0
90.0,218.617,12.0,118.850395,15.541345,0.0,0.0,100.0,-7.0,7.0,8.0,23.0,0.0,39.0,0.0,1.0,1.0,4.0,-8.0,2.0,1.0,0.0,42.65169,0.0
82.0,96.82199,4.0,67.45959,11.3586855,0.0,0.0,90.0,40.732815,6.0,6.0,0.50190544,2.0,40.0,0.0,1.0,1.0,4.6300497,38.760967,1.0,1.0,0.0,52.395306,0.0
87.0,300.5172,4.0,80.82397,29.0,0.0,0.0,97.0,54.764923,6.0,6.0,41.163017,2.0,50.0,4.0,1.0,1.0,3.0,-8.0,2.0,1.0,0.0,41.050392,0.0
87.0,118.37293,1.7519321,76.0,13.034097,0.0,0.0,100.0,-7.0,7.0,8.0,16.199482,3.0,29.0,4.0,1.0,1.0,12.0,88.91833,3.0,2.0,0.0,67.34197,0.0
76.0,151.55211,21.447039,79.0,29.0,0.0,0.0,100.0,-7.0,7.0,8.0,45.782307,0.0,11.0,0.0,1.0,1.0,25.0,-8.0,4.0,-0.14873175,0.0,91.55422,0.0
68.0,132.08661,2.0,63.0,26.0,2.0,0.6999543,85.117615,34.942394,6.0,4.4807067,26.0,2.0,-4.860724,0.26747468,2.0,2.0,33.861343,-8.0,2.0,1.0,0.0,25.061903,0.0
64.0,352.06796,9.0,152.0668,16.0,1.0,0.0,67.77966,27.861153,6.0,2.666818,18.0,2.0,27.0,2.2806988,2.0,1.0,75.55149,68.88176,6.0,1.0,1.0,78.53493,0.0
85.32267,197.78944,4.0,83.100586,19.0,0.0,0.0,100.0,-7.0,7.0,8.0,20.0,3.0,43.0,5.0,0.0,0.0,13.702574,100.0,3.0,4.0,0.0,67.0,0.0
82.0,166.16527,8.0,85.33012,26.539093,0.0,0.0,100.0,-7.0,7.0,8.0,22.0,2.0,25.0,-7.0,0.0,0.0,19.0,-8.0,3.0,2.0,1.0,50.0,0.0
86.87089,223.69266,3.0,93.0,19.0,0.0,0.0,100.0,-7.0,7.0,8.0,21.0,2.0,42.0,18.83143,0.0,0.0,15.0,88.490906,4.0,3.0,0.0,66.33514,0.0
81.0,135.61537,6.0,64.84647,26.0,0.0,0.0,100.0,-7.0,7.0,8.0,28.286924,3.0,20.0,0.0,1.0,1.0,11.0,-8.0,4.0,2.0,0.0,89.17506,0.0
73.0,140.7569,5.0,58.0,36.458687,0.0,0.0,97.73943,42.40153,6.0,6.0,40.344337,4.247117,14.0,7.0,0.0,0.0,28.0,-8.0,3.0,2.0,0.0,50.0,0.0
69.70069,119.99851,14.657221,78.871605,24.0,0.0,0.0,100.0,-7.0,7.0,8.0,24.0,0.0,31.0,0.0,0.0,0.0,63.5765,-8.0,6.253303,4.0,4.0,83.0,0.0
76.0,187.25558,5.0,71.878624,47.357384,0.0,0.0,100.0,-7.0,7.0,8.0,57.572475,3.0,22.0,0.0,2.0,2.5103025,23.004736,70.257835,5.0,3.0,0.0,66.93986,0.0
82.0,284.0137,3.0,88.727875,28.0,0.0,0.0,100.0,-7.0,7.0,8.0,44.768635,2.0,28.0,0.0,2.0,2.0,19.26067,76.0,4.0,2.0,0.0,75.0,0.0
82.107895,424.21475,5.0,138.2308,39.0,0.0,0.0,96.0,30.89939,6.0,6.0,37.0,1.0,25.0,-7.0,0.0,0.0,0.0,53.82169,4.0,1.0,0.0,35.53048,0.0
77.0,157.10535,2.0034914,70.0,24.0,0.0,0.0,100.0,-7.0,7.0,8.0,25.504011,4.0,25.0,-7.0,0.0,0.0,3.0,-8.0,5.0,3.0,1.0,60.0,0.0
69.0,198.92583,-9.0,68.22602,21.0,1.0,1.0,100.0,-7.0,7.0,8.0,25.0,10.776136,46.03528,0.023581194,2.0,1.9074515,34.935215,93.0,4.0,3.0,0.0,82.90213,0.0
73.0,238.40782,5.0,87.140335,28.0,0.0,0.0,89.0,40.8846,6.0,6.0,35.55234,2.0,13.043904,0.0,1.0,1.0,22.23804,99.00469,5.0,2.0,2.0,57.0,0.0
74.0,262.71506,4.3628645,129.01035,12.0,0.0,0.0,78.1174,3.5666354,4.0,6.0,15.0,1.0,0.0,0.0,0.0,0.0,30.344357,-8.0,6.2241735,1.0,0.0,78.32897,0.0
84.0,420.76578,3.0,126.80743,19.0,0.0,0.0,100.0,-7.0,7.0,8.0,19.0,2.0,40.0,-8.0,0.0,0.0,12.0,31.84704,5.0,6.0,0.0,73.0,0.0
76.0,171.16808,-9.0,82.0,31.0,0.0,0.0,100.0,-7.0,7.0,8.0,30.072954,1.0,15.135807,4.0,2.0,1.0,37.83531,-8.0,7.0,1.0,3.0,58.727917,0.0
75.0,141.71228,2.0,46.902016,16.0,0.0,0.0,100.0,-7.0,7.0,8.0,24.073452,4.0,45.040947,-7.0,1.0,1.0,53.52409,91.994514,5.0,2.0,1.0,100.0,0.0
55.757607,320.95886,17.0,93.0,29.721365,1.0,1.2499615,95.0,1.0,0.0,6.0,30.0,0.0,36.227795,0.0,5.4579954,5.0385637,14.0,-8.0,3.0,2.0,0.0,39.736675,0.0
80.0,226.39754,6.0,105.33519,33.0,0.0,0.0,100.0,-7.0,7.0,8.0,37.505035,2.0,13.205172,1.0,0.0,0.0,39.760513,-8.0,5.0,1.0,1.0,67.0,0.0
73.0,333.65417,21.269026,202.00482,26.0,0.0,0.0,97.0,14.023383,6.0,6.0,34.0,0.0,45.82048,1.0,1.0,0.0,18.102829,78.92051,7.4622498,2.0,1.0,67.0,0.0
73.74102,127.827065,-9.0,46.21462,17.0,0.0,0.0,93.0,3.0,6.0,6.0,15.0,3.0,24.454576,-7.0,0.0,0.0,0.0,103.18018,1.0,2.0,0.0,30.987011,0.0
68.0,84.75489,2.0,67.0,21.0,0.0,0.0,78.815895,13.044623,6.0,6.0,25.230194,2.0,39.0,0.0,4.0,4.858626,25.0,42.967327,3.0,1.0,1.0,50.0,0.0
75.0,125.45003,20.0,58.647167,19.0,2.0,1.0,90.0,38.68797,6.0,2.0,19.0,0.0,38.461178,3.0,3.0,3.0,3.0,-8.0,1.0,2.450043,0.0,50.0,0.0
69.8415,397.11356,14.310581,138.62473,42.10757,1.0,1.0,98.0,44.319492,6.0,4.0,50.283077,0.0,33.0,0.0,0.0,0.0,9.0,-8.0,6.0,3.0,2.0,60.0,0.0
59.662495,213.72008,5.583824,86.84702,19.0,6.4950347,3.8512416,79.13032,3.85547,4.0,5.0,28.325178,3.0,20.0,0.0,0.0,0.0,10.728521,-8.0,1.0,1.0,0.0,18.278042,0.0
81.0,192.37227,3.0,64.32514,25.0,0.0,0.0,100.0,-7.0,7.0,8.0,22.0,3.0,23.405022,0.14277282,4.61375,4.592799,32.0,-8.0,6.0,1.0,0.0,70.0,0.0
69.498856,460.50235,17.0,135.25392,19.0,1.0,1.0,92.0,18.098528,6.0,2.0,16.0,0.0,37.460155,-7.0,0.0,0.0,31.02874,-8.0,3.0,1.0,0.0,95.87745,0.0
71.59423,190.20457,17.0,93.76791,41.133442,0.0,0.0,100.0,26.90039,6.0,6.0,29.529974,0.0,16.820745,0.0,2.0,1.0,52.292187,8.624129,6.852933,7.18337,4.8755665,45.6584,0.0
64.0,159.15385,3.0,43.585785,29.0,0.0,0.0,96.0,27.173548,6.0,5.0,32.0,10.1465225,23.0,1.0,5.669714,5.0,40.93915,83.77192,6.0,11.513003,1.0,60.0,0.0
80.0,348.8988,5.0,103.57567,29.810827,0.0,0.0,100.0,-7.0,7.0,8.0,40.840797,3.0,20.0,0.0,1.0,1.0,13.0,-8.0,5.0,1.0,1.0,57.0,0.0
75.0,140.48647,6.0,83.0,45.525112,1.0,1.0,100.0,-7.0,7.0,8.0,49.127296,3.0,37.758343,0.0,0.0,0.0,26.501158,84.20651,6.0,2.0,1.0,57.0,0.0
65.039955,129.52106,3.362651,37.527794,14.174562,0.0,0.0,100.0,-7.0,7.0,8.0,15.0,2.0,20.9322,0.0,1.0,1.0,43.19418,87.72626,5.0,5.8923993,2.0,80.0,0.0
69.0,201.64717,3.0,92.036995,14.0,1.8157059,1.0,86.62297,23.860651,6.0,2.7981029,13.0,3.0,20.0,1.0,4.0,4.0,56.07226,79.65493,6.0,3.0,2.0,64.0,0.0
76.0,103.52845,3.0,48.836685,30.175585,0.0,0.0,97.0,21.047895,6.0,6.0,30.0,2.0,21.0,0.0,2.0,2.0,10.388772,-8.0,4.0,2.0,1.0,32.39386,0.0
71.0,147.22116,6.0,19.04582,16.0,1.0,0.0,92.0,22.456362,4.0,5.0,20.565222,3.0,40.0,-8.0,2.0,2.0,13.071969,76.15275,2.0,2.0,0.0,92.96844,0.0
78.0,159.76254,4.0,47.097816,24.0,0.0,0.0,97.0,47.274143,6.0,5.9200306,27.755692,4.0,59.960526,-7.0,2.0,3.0,28.0,15.762045,4.0,4.0,0.0,78.0,0.0
81.0,287.7004,6.397239,109.47371,22.0,0.0,0.0,92.0,18.631365,6.0,6.0,26.0,2.0,61.19604,5.2034054,0.0,0.0,7.0,80.0,3.0,3.0,0.0,61.141113,0.0
80.0,164.54756,-6.065704,77.0,22.0,0.0,0.0,94.0,47.25397,6.0,6.0,23.0,2.4331517,29.076305,-7.0,2.0,1.9733298,1.0,95.07947,3.0,4.0,0.0,48.649284,0.0
80.606094,136.78625,2.0,63.0,24.0,0.0,0.0,94.84306,82.57125,6.0,6.0,25.860083,3.0,41.0,16.232946,0.0,0.0,18.024931,99.563705,4.0,2.0,0.0,60.0,0.0
78.9373,416.97897,7.0,98.77972,21.072952,0.0,0.0,100.0,-7.0,7.0,8.0,30.0,1.0,19.0,-7.0,4.0,4.0,36.63344,53.33114,4.0,1.0,1.0,56.0,0.0
74.8389,361.39325,6.9543967,123.57742,29.351007,0.0,0.0,100.0,-7.0,7.0,8.0,25.0,1.0,24.604183,0.0,4.0,4.0,3.0,71.0,4.0,3.0,0.0,50.0,0.0
77.0,213.73195,14.262641,106.82421,29.0,0.0,0.0,94.0,36.84166,6.0,6.0,34.0,1.0,22.0,8.601398,0.0,0.0,37.514675,-8.0,6.0,2.0,1.0,61.341515,0.0
84.0,361.52292,2.0,141.99326,28.0,0.0,0.0,97.0,73.71589,6.0,6.0,24.0,2.4722815,9.892357,0.0,1.0,1.0,12.0,58.125698,4.0,1.0,0.0,33.0,0.0
86.0,239.6914,4.989119,81.0,24.0,0.0,0.0,100.0,-7.0,7.0,8.0,25.121239,2.0,52.970337,7.0,0.0,0.0,1.0,-8.0,2.0,1.0,0.0,46.620045,0.0
74.0,193.6075,3.0,89.1193,22.0,0.0,0.0,94.0,35.894505,6.0,6.0,29.0,3.0,23.0,0.0,2.0,2.0,32.89731,92.47596,6.0,2.0,0.0,82.00623,0.0
78.0,287.64777,10.0,61.748295,24.0,0.0,0.0,95.0,-9.0,6.0,6.0,31.0,1.0,38.0,5.0,0.0,0.0,22.946003,84.90768,4.0,2.0,0.0,57.0,0.0
81.0,241.00078,3.0,76.0,21.0,0.0,0.0,100.0,-7.0,7.0,8.0,23.0,3.0,34.012077,0.0,2.0,1.0,17.0,91.31718,6.0,3.0,0.0,83.0,0.0
59.76736,142.13133,3.0,71.0,56.520603,2.0,0.0,88.0,3.2328467,4.0,4.0,75.89576,2.0,67.860634,0.0,1.0,1.0,62.77086,56.24647,4.0,6.415937,0.0,80.0,0.0
87.0,389.9983,15.0,96.38356,14.0,0.0,0.0,100.0,-7.0,7.0,8.0,14.0,0.0,33.0,0.0,0.0,0.0,10.0,46.283195,3.0,2.0,0.0,50.503803,0.0
89.01354,187.57004,-9.0,100.26372,22.0,0.0,0.0,100.0,-7.0,7.0,8.0,26.0,1.6562186,40.0,0.0,1.0,1.0,5.0662446,22.131168,2.0,4.0,0.0,56.0,0.0
72.0,235.01173,10.0,106.59868,14.0,0.0,0.0,100.0,-7.0,6.0,8.0,11.0,2.0,19.967896,0.0,0.0,0.0,42.178577,71.0,4.0,2.0,0.0,75.0,0.0
87.0,263.16068,4.0,57.381393,11.598549,0.0,0.0,100.0,-7.0,7.0,8.0,13.0,1.0,35.0,0.0,2.0,2.0,3.0,-8.0,2.0,1.0,0.0,50.0,0.0
90.0,272.39355,1.0,143.72906,18.0,0.0,0.0,90.721756,71.326096,6.0,6.0,22.01755,1.4109923,57.72609,0.0,0.0,0.0,2.0,96.61616,2.0,3.0,0.0,50.0,0.0
66.0,181.52632,-9.0,52.185753,27.0,0.0,0.0,95.395096,37.42055,6.0,6.0,34.0,2.0,33.0,1.4893168,2.3954754,3.0,72.10124,98.60795,4.0,5.0,1.0,79.82696,0.0
76.0,141.75388,10.106646,102.695076,28.0,0.0,0.0,100.0,-7.0,7.0,8.0,39.46427,1.0,30.0,-8.0,0.0,0.0,63.741905,-8.0,4.0,2.0,2.0,82.009674,0.0
-9.0,-9.0,-9.0,-9.0,-9.0,-9.0,-9.0,-9.0,-9.0,-9.0,-9.0,-9.0,-9.0,-9.0,-9.0,-9.0,-9.0,-9.0,-9.0,-9.0,-9.0,-9.0,-9.0,0.0
65.20143,205.22614,14.0,92.14194,33.300625,0.0,0.0,97.0,32.474926,6.0,6.0,28.0,0.0,33.0,0.0,0.0,0.0,77.28165,58.59291,6.0,2.0,2.0,85.97001,0.0
75.0,144.98567,5.0,74.0,16.0,1.0,1.0,88.0,16.246817,6.0,3.0,14.931732,1.0,27.0,0.0,0.0,0.0,10.0,77.25152,1.0,1.0,0.0,24.75118,0.0
69.463844,139.04768,10.0,56.39958,14.0,1.0,1.0,100.0,-7.0,7.0,8.0,12.7387085,1.0,68.91303,-7.0,0.0,0.0,1.9616373,75.6733,1.0,5.15808,0.0,82.0042,0.0
65.08487,303.68588,3.0,86.585815,30.0,1.0,1.0,100.0,-7.0,6.0,8.0,36.793762,3.0,23.0,3.0,0.0,0.0,20.736788,-8.0,4.0,2.0,0.0,44.390987,0.0
79.0,245.62666,7.047462,97.0,22.0,0.0,0.0,100.0,-7.0,7.0,8.0,22.0,2.0,30.670166,2.0,3.0,2.0,56.745743,89.266045,1.0,3.0,0.0,82.54924,0.0
72.44111,183.57858,2.0,74.20059,10.575734,1.0,1.0,69.28658,52.562172,6.0,2.0,11.272749,3.0,43.0,-7.0,2.0,2.0,16.0,88.0,4.0,2.0,1.0,100.0,0.0
84.88947,163.54988,9.18516,76.0,32.0,0.0,0.0,100.0,-7.0,7.0,8.0,39.32549,1.0,47.0,7.6195135,0.0,0.0,13.0,77.874954,4.0,2.0,0.0,55.489162,0.0
83.0,320.85687,2.9447348,76.25273,33.0,0.0,0.0,100.0,-7.0,7.0,8.0,34.0,4.0,26.0,7.0,0.0,0.0,12.531837,93.933014,2.0,2.4821496,0.0,25.0,0.0
70.0,390.02295,14.509668,133.64598,17.0,2.0,1.0,91.0,3.0,0.28495815,3.0,21.1228,0.0,33.0,5.305497,0.0,0.0,6.819175,56.876072,2.0,2.0,0.0,25.242067,0.0
85.55087,142.66928,3.0,63.0,22.0,0.0,0.0,100.0,-7.0,7.0,8.0,24.0,1.0,37.0,-7.0,0.0,0.0,0.0,76.154724,1.0,2.0,0.0,40.0,0.0
65.36133,232.21167,3.0,80.84359,33.0,0.0,0.0,91.0,3.428336,4.0,6.0,31.816505,1.0347642,45.0,3.3705518,0.0,0.0,20.615452,23.739235,5.0,4.0,0.0,57.0,0.0
75.41033,261.09,2.0,111.162445,16.491407,0.0,0.0,93.0,47.80927,6.0,6.0,20.631575,1.0,39.9849,0.0,11.283234,6.7099895,50.24778,35.710682,4.0,2.0,1.0,75.0,0.0
72.0,272.9001,3.0,76.09617,28.0,0.0,0.0,96.0,11.665344,6.0,6.0,30.0,2.0,45.0,1.0,3.0,3.0,28.616364,99.48494,4.0,2.0,0.0,80.0,0.0
87.0,313.25546,15.0,95.83602,19.0,0.0,0.0,100.0,-7.0,7.0,8.0,19.0,0.0,14.0,-7.0,0.0,0.0,1.0,-8.0,5.0,-8.0,0.0,50.0,0.0
75.0,219.25279,15.0,94.508484,41.29464,0.0,0.0,96.0,16.455011,6.0,6.0,47.85742,0.0,50.151173,3.0,3.0,3.0,33.421085,70.13206,4.0,6.0,1.0,67.0,0.0
72.0,20.470863,4.0,73.75097,14.0,1.0,0.0,79.35993,8.897812,5.0,4.0,-5.612946,2.0,1.9850461,-7.0,0.0,0.0,13.9314995,-8.0,2.0,-8.0,0.0,32.52378,0.0
83.75011,211.34477,8.0,70.699036,32.0,0.0,0.0,100.0,-7.0,7.0,8.0,30.731234,1.0,21.524809,0.0,1.0,1.0,5.0,74.0044,4.0,6.476877,0.0,47.870594,0.0
79.0,295.2184,19.85388,120.03353,31.0,0.0,0.0,100.0,-7.0,7.0,8.0,27.970737,0.0,21.0,0.0,2.0,2.0,22.213593,-8.0,2.0,5.0,0.0,53.466114,0.0
72.0,135.76643,3.0,49.469845,12.029281,0.0,0.0,100.0,-7.0,7.0,8.0,12.20914,2.0,45.0,9.0,0.0,0.0,44.386948,89.29384,4.0,2.0,1.0,73.34543,0.0
56.398617,-9.0,6.0,45.15938,6.3107047,1.0,0.0,77.778175,18.865164,6.0,5.0,3.5451782,1.0,21.0,-7.0,1.0,1.0,68.81654,-8.0,3.0,1.0,1.0,64.0,0.0
88.0,309.80902,2.0,83.05122,23.0,0.0,0.0,100.0,-7.0,7.0,8.0,25.0,2.0,18.0,0.0,3.0,3.0,0.0,9.228847,0.14224462,1.0,0.0,-9.0,0.0
79.0,129.14552,4.0,63.601063,-1.2818826,1.0,1.0,100.0,-7.0,7.0,8.0,6.661383,2.0,19.002523,-7.0,1.0,1.0,2.0,-8.0,0.0,-8.0,0.0,33.0,0.0
78.0,220.55309,4.0,106.5021,31.0,0.0,0.0,100.0,-7.0,7.0,8.0,28.0,2.0,38.22101,2.0,0.0,0.0,61.85875,89.12949,3.3043394,2.0,1.0,83.15361,0.0
85.0,132.77539,14.0,86.14878,15.0,0.0,0.0,100.0,-7.0,7.0,8.0,19.926006,0.0,64.03928,0.0,0.0,0.0,11.313464,45.93949,2.0,2.0,0.0,67.0,0.0
79.41038,298.85876,4.0,139.68872,33.981274,0.0,0.0,100.0,-7.0,7.0,8.0,29.0,4.0,32.34145,-7.0,2.0,1.0,2.0,52.684223,8.0,3.0,0.0,71.0,0.0
80.31892,230.73758,5.0,71.476425,20.0,0.0,0.0,100.0,-7.0,7.0,8.0,24.0,1.0,14.0,-8.0,0.0,0.0,22.47382,-8.0,4.8410897,1.0,0.0,75.260994,0.0
67.0,113.223366,3.0,27.079088,11.948557,0.0,0.0,94.0,3.9905891,6.0,6.0,7.0,2.0,20.0,0.0,1.0,1.0,17.0,80.045135,1.0,2.0,0.0,75.0,0.0
74.0,224.3745,8.0,105.15289,41.32356,0.0,0.0,100.0,-7.0,7.0,8.0,24.0,0.0,21.943565,13.399007,0.0,0.0,66.71177,88.0,4.0,2.6713457,2.0,57.0,0.0
75.56,101.74562,3.0,68.0,12.0,1.0,1.0,100.0,-7.0,7.0,8.0,14.0,2.0,54.88371,0.0,1.0,1.0,10.0,83.47218,1.0,2.0,0.0,58.05766,0.0
84.0,308.45413,31.478827,136.97517,14.0,0.0,0.0,100.0,-7.0,7.0,8.0,11.0,0.0,44.53237,0.0,0.0,0.0,4.094066,58.501244,3.0,3.0,0.0,99.993576,0.0
73.0,237.84306,5.0,95.65178,21.899248,0.0,0.0,100.0,-7.0,7.0,8.0,22.0,2.0,44.165432,0.0,1.0,1.0,52.609566,-8.0,2.0,2.0,1.4600706,56.0,0.0
73.08694,234.91533,2.6752741,86.0,16.055653,0.0,0.0,89.0,23.220959,6.0,6.0,22.0,3.0,46.639378,0.0,11.316668,11.943396,4.0202227,-8.0,2.0,2.0,0.0,80.0,0.0
79.0,78.121254,7.5388856,82.0,4.6221075,0.0,0.0,100.0,-7.0,7.0,8.0,6.5368986,2.0,46.0,-7.0,0.0,0.0,0.0,-8.0,1.0,1.0,0.0,50.0,0.0
84.0,226.27138,-9.0,75.801544,19.0,0.0,0.0,100.0,-7.0,7.0,8.0,21.406286,2.0,17.0,-7.2264843,0.0,0.0,6.0,75.643295,2.0,1.0,0.0,43.0,0.0
70.0,184.11365,13.463616,66.50091,16.0,1.0,1.0,89.0,31.181532,6.0,5.0,22.0,0.0,35.0,0.0,2.0,2.0,13.0,52.2201,3.0,1.0,1.0,56.0,0.0
87.0,232.75108,20.855228,113.59069,13.0,0.0,0.0,100.0,-7.0,7.0,8.0,13.0,0.0,21.064558,-7.0,1.0,0.0,10.0,56.65982,2.0,2.0,0.0,64.0,0.0
90.84072,314.13818,9.1350975,111.75168,23.0,0.0,0.0,100.0,-7.0,7.0,8.0,24.515636,0.0,31.0,0.0,0.0,0.0,3.5367064,20.734283,2.0,2.0,0.0,67.497665,0.0
86.0,318.31866,2.0,96.165985,16.866108,0.0,0.0,100.0,-7.0,7.0,8.0,15.612493,2.0,2.8799055,0.0,0.0,0.0,0.0,88.0,3.0,1.5664642,0.0,41.433434,0.0
-9.0,-9.0,-9.0,-9.0,-9.0,-9.0,-9.0,-9.0,-9.0,-9.0,-9.0,-9.0,-9.0,-9.0,-9.0,-9.0,-9.0,-9.0,-9.0,-9.0,-9.0,-9.0,-9.0,0.0
81.0,175.95299,2.0,70.9994,34.381653,0.0,0.0,100.0,-7.0,7.0,8.0,30.0,3.0,46.072506,8.0,1.0,0.0,1.0,93.0,5.0,3.0,0.0,83.0,0.0
86.0,238.18962,17.0,85.444916,25.0,0.0,0.0,100.0,-7.0,7.0,8.0,36.624035,0.0,19.0,13.933171,0.0,0.0,3.0,97.473274,2.0,2.0,0.0,75.0,0.0
85.0,288.57065,3.0,121.37734,33.130608,0.0,0.0,95.0,32.25182,6.0,6.0,50.73364,2.0,13.0,3.0,0.0,0.0,0.8502433,29.95402,3.0,2.0,0.0,30.628817,0.0
71.0,178.83069,2.0,122.39075,22.896034,0.0,0.0,96.0,79.9811,6.0,6.0,24.0,1.0,73.8726,0.0,3.0,2.0,46.465034,-8.0,4.0,2.0,1.0,80.103004,0.0
87.73367,48.556255,2.0,62.403797,10.816175,0.0,0.0,100.0,-7.0,7.0,8.0,-9.0,0.0,8.825649,12.0,0.0,0.0,9.0191345,-8.0,1.0,-8.0,0.0,60.0,0.0
75.0,43.83856,2.0,10.281322,7.254221,0.0,0.0,100.0,-7.0,7.0,8.0,7.9972577,3.0,35.13491,3.0,1.0,1.0,46.890713,71.75448,3.0,2.0,0.0,100.0,0.0
82.0,356.38217,24.019695,114.976875,26.0,0.0,0.0,100.0,-7.0,7.0,8.0,25.0,0.0,21.0,-7.0,0.0,0.0,0.0,-8.0,1.0,1.0,1.0,20.464085,0.0
-9.0,-9.0,-9.0,-9.0,-9.0,-9.0,-9.0,-9.0,-9.0,-9.0,-9.0,-9.0,-9.0,-9.0,-9.0,-9.0,-9.0,-9.0,-9.0,-9.0,-9.0,-9.0,-9.0,0.0
76.0,154.38042,1.795542,73.79158,40.794315,0.0,0.0,100.0,-7.0,7.0,8.0,42.08155,5.0,10.31438,4.6294484,1.0,1.0,8.0,22.50363,2.0,1.0,0.0,29.037104,0.0
-9.0,-9.0,-9.0,-9.0,-9.0,-9.0,-9.0,-9.0,-9.0,-9.0,-9.0,-9.0,-9.0,-9.0,-9.0,-9.0,-9.0,-9.0,-9.0,-9.0,-9.0,-9.0,-9.0,0.0
71.0,220.6904,21.37868,103.739876,25.0,0.0,0.0,96.65822,82.112404,6.0,6.0,24.184357,0.0,32.0,0.0,2.0,1.9799106,49.625553,82.0,8.0,2.0,0.0,89.701195,0.0
69.29543,136.99954,11.0,127.64106,11.0,2.0,1.0,73.13917,13.284134,4.0,5.0,7.1836452,0.0,22.767872,1.0,0.0,0.0,2.0,-8.0,2.0,1.0,0.0,40.0,0.0
73.0,143.81108,1.102418,46.655678,40.253555,0.0,0.0,97.0,8.331674,6.0,6.0,44.23944,6.0,28.235582,0.0,6.38543,6.166748,10.0,100.0,7.392604,3.0,0.0,42.849583,0.0
74.0,211.9404,2.937906,93.93096,15.0,0.0,0.0,100.0,-7.0,7.0,8.0,16.0,1.0,31.338114,-7.0,3.3693419,3.900608,55.72061,-8.0,3.0,1.0,4.0,80.10019,0.0
87.8269,428.74374,7.0,114.0021,16.238789,0.0,0.0,100.0,-7.0,7.0,8.0,21.0,2.0,36.0,0.0,1.0,1.0,28.0,82.39716,3.0,5.0,0.0,67.0,0.0
75.66372,343.28052,1.7447902,106.3624,22.0,0.0,0.0,95.0,38.391388,6.0,6.0,24.0,1.0,-9.0,0.0,2.0,1.0,0.0,-8.0,4.0,-8.0,2.0,38.0,0.0
84.0,254.8129,12.0,81.0,25.0,0.0,0.0,100.0,-7.0,7.0,8.0,25.289877,1.0,45.923367,8.468508,0.0,0.0,19.0,58.127033,2.0,3.0,0.0,69.44615,0.0
82.0,172.15562,3.0,84.0,57.32429,0.0,0.0,100.0,-7.0,7.0,8.0,52.926785,3.0,13.274564,0.0,2.0,2.0,8.888504,-8.0,11.082871,1.0,0.0,60.0,0.0
83.0,225.42488,6.8160715,88.47286,25.0,0.0,0.0,100.0,-7.0,7.0,8.0,19.0,2.0,33.0,0.0,2.0,1.1735253,1.0,100.0,2.0,4.0,0.0,57.0,0.0
88.0,-9.0,7.0,61.113327,1.5661323,0.0,0.0,100.0,-7.0,7.0,8.0,-1.1646998,2.0,59.559845,18.881947,0.0,0.0,12.0,63.64022,1.0,2.0,0.0,75.0,0.0
79.0,308.31305,122.356834,165.22708,10.0,1.0,0.0,92.0,39.88016,6.0,5.0,13.0,0.0,15.697307,0.0,0.0,0.0,23.41444,-8.0,2.0,-8.0,0.0,33.0,0.0
78.0,191.6506,9.0,63.16809,19.0,0.0,0.0,100.0,-7.0,7.0,8.0,24.0,0.0,14.0,0.0,3.0,3.0,25.438894,30.026766,3.0,1.0,2.9754994,70.0,0.0
84.0,230.50235,20.0,100.0,16.497135,0.0,0.0,95.0,71.32207,6.0,6.0,16.0,0.0,22.560448,13.999315,0.0,0.0,6.0,-8.0,2.0,2.0,0.0,60.0,0.0
-9.0,300.80136,1.0,88.35572,32.0,1.0,0.0,85.94359,2.0,4.0,5.0,44.535767,3.0,52.79075,0.0,6.383537,6.4781604,81.832886,68.29721,10.797512,3.0,3.0,80.37032,0.0
70.4145,40.073307,4.0,-9.0,7.0,0.0,0.0,100.0,-7.0,7.0,8.0,6.418706,4.8051567,27.992306,0.0,5.7092586,5.6887984,30.27115,-8.0,2.0,1.0,2.0,47.44131,0.0
74.24267,168.06496,10.910183,86.15185,23.0,0.0,0.0,81.51723,15.823158,5.841638,5.0,22.0,1.0,14.0,0.48881572,1.0,0.0,8.0,-8.0,2.0,1.5283244,0.0,49.79893,0.0
80.0,162.5246,5.0,72.22464,27.0,0.0,0.0,100.0,-7.0,7.0,8.0,33.430595,1.0,56.38401,0.0,0.0,0.0,30.608387,-8.0,2.0,1.0,1.0,40.0,0.0
84.6025,150.28299,4.0,60.520805,26.0,0.0,0.0,100.0,-7.0,7.0,8.0,22.0,2.0,65.471596,3.9046848,1.0,1.0,2.0,53.429504,2.0,6.4999337,0.0,78.58945,0.0
-9.0,156.14763,12.0,86.479546,8.237349,2.0,1.8024523,70.8496,-7.0,-9.0,2.0,12.0,1.0,27.0,0.0,0.0,0.0,2.0,-8.0,1.0,-8.0,0.0,30.1879,0.0
83.0,151.28383,6.0,73.49891,46.575676,0.0,0.0,100.0,-7.0,7.0,8.0,37.222958,4.0,24.0,-7.0,1.0,1.0,6.0,97.05434,4.0,3.2709084,0.0,52.56092,0.0
89.0,169.91138,3.0144186,88.14816,13.0,0.0,0.0,100.0,-7.0,7.0,8.0,12.0,1.0,42.0,19.28991,0.0,0.0,9.98826,-8.0,1.0,1.0,0.0,47.249733,0.0
74.0,379.25415,-6.6839347,83.0,32.237186,0.0,0.0,100.0,-7.0,7.0,8.0,51.12958,4.0,32.099007,0.0,3.0,3.2584722,31.038824,78.574905,7.0,4.0,2.0929716,67.0,0.0
70.485245,130.64925,3.0,58.007633,36.906044,0.0,0.0,100.0,-7.0,7.0,8.0,38.333347,2.0,33.0,2.0,2.0,2.0,9.0,68.70201,6.0,5.0,0.0,51.11997,0.0
86.0,223.34174,7.0,69.83766,31.09256,0.0,0.0,100.0,-7.0,7.0,8.0,35.355263,2.0,35.0,-7.0,0.0,0.0,5.0,-8.0,2.0,2.0,0.0,27.193289,0.0
76.152916,219.01895,4.0,118.646515,27.0,0.0,0.0,100.0,-7.0,7.0,8.0,25.415228,3.0,31.36776,-7.0,0.0,0.0,53.989178,42.694347,6.0,2.0,0.6122459,56.0,0.0
70.0,136.22632,8.0,80.0,7.0,2.0,2.0824409,77.3548,71.463425,6.0,2.1121151,11.286697,0.0,63.304665,-7.0,0.0,0.0,73.2283,90.74069,2.0,1.0,0.0,100.0,0.0
81.447716,79.35624,1.0,53.71875,25.0,0.0,0.0,100.0,-7.0,7.0,8.0,4.935326,5.0,29.0,1.0,0.0,1.0,7.039041,79.30467,2.0,3.0,0.0,50.0,0.0
86.616035,178.1715,3.0,72.0,18.0,0.0,0.0,100.0,-7.0,7.0,8.0,15.352227,1.097999,14.0,0.0,2.0,2.0,4.0,89.173546,4.0,3.0,0.0,50.0,0.0
83.91613,71.99702,4.0,63.090397,30.142185,0.0,0.0,100.0,-7.0,7.0,8.0,37.0,3.0,12.253641,5.0,0.0,0.0,3.0,-8.0,3.0,-8.0,1.0,20.632833,0.0
-9.0,-9.0,-9.0,-9.0,-9.0,-9.0,-9.0,-9.0,-9.0,-9.0,-9.0,-9.0,-9.0,-9.0,-9.0,-9.0,-9.0,-9.0,-9.0,-9.0,-9.0,-9.0,-9.0,0.0
85.0,231.17331,14.728938,102.55532,21.0,0.0,0.0,100.0,-7.0,7.0,8.0,20.931675,0.0,20.0,-7.0,0.0,0.0,47.39741,29.146215,2.0,2.0,0.0,60.0,0.0
88.0,290.0735,10.0,93.0,15.0,0.0,0.0,100.0,-7.0,7.0,8.0,16.0,0.0,50.0,18.674065,0.0,0.0,2.0,73.30143,1.0,2.0,0.0,15.653374,0.0
76.0,212.94208,1.0,127.79443,39.771328,0.0,0.0,100.0,-7.0,7.0,8.0,32.0,0.0,21.35914,-7.0,4.0,4.0,20.35597,87.73025,10.06822,1.0,1.0,54.24841,0.0
91.69939,211.28052,8.0,94.661354,3.6997726,0.0,0.0,100.0,-7.0,7.0,8.0,9.0,0.0,19.0,-7.0,0.0,0.0,17.0,-8.0,1.0,-9.0,0.0,50.452423,0.0
77.67579,110.6273,1.0,67.0,18.0,0.0,0.0,100.0,-7.0,7.0,8.0,17.0,3.0,24.359684,0.0,3.0,3.0,14.198617,49.978725,4.0,2.0,0.0,75.0,0.0
63.0,153.60747,3.0,94.90796,8.851952,2.0,1.0,62.066254,45.354427,6.0,2.0,14.0,1.0,11.203976,0.0,1.0,1.0,28.0,-8.0,3.0,1.0,1.0,55.84355,0.0
76.0,190.24695,22.245668,103.53695,18.0,0.0,0.0,94.0,45.13913,6.0,6.0,22.0,0.0,31.72523,1.0,1.0,1.0,17.709778,53.213707,3.0,3.0,0.0,88.0,0.0
74.0,276.31253,24.065626,103.120056,17.0,2.0,2.0,100.0,-7.0,6.0,8.0,15.0,0.0,37.0,3.0,1.0,1.0,31.382566,37.321808,1.0,2.0,0.0,29.577488,0.0
75.0,176.92271,7.0,66.33203,16.0,0.0,0.0,100.0,-7.0,7.0,8.0,19.0,2.0,10.862288,1.0,2.0,2.0,22.948004,-8.0,2.0,-8.0,0.0,100.0,0.0
68.0,137.88478,2.0,79.0,9.0,1.0,1.0,100.0,-7.0,7.0,8.0,18.0,1.0,7.60034,-6.4872675,4.0,4.3698244,74.22076,-8.0,2.0,-8.0,0.0,100.0,0.0
86.0,139.73552,4.5351253,104.69097,12.623316,0.0,0.0,93.0,51.04776,6.0,6.0,14.0,2.0,13.619455,0.0,1.0,1.0,0.0,-8.0,1.0,1.0,0.0,33.0,0.0
83.2716,147.03256,11.0,82.0,29.0,0.0,0.0,100.0,-7.0,7.0,8.0,41.402264,1.0,60.701973,-7.0,0.0,0.0,0.0,-8.0,1.7014948,1.0,0.0,64.179596,0.0
82.0,304.11362,11.0,120.551674,18.0,0.0,0.0,100.0,-7.0,7.0,8.0,13.32264,1.0,19.0,11.852874,0.0,0.0,0.0,94.15786,1.0,2.0,0.0,30.231813,0.0
71.0,340.18448,8.0,100.656044,23.0,0.0,0.0,100.0,-7.0,7.0,8.0,24.0,1.0,25.0,0.0,0.0,0.0,65.84482,-8.0,6.0,2.0,3.0,81.17708,0.0
76.06794,165.52736,4.0,59.06797,23.0,0.0,0.0,100.0,-7.0,7.0,8.0,24.0,2.0,55.27645,-7.0,2.0,1.0,7.4940586,77.13201,1.0,2.0,0.0,40.0,0.0
69.342026,140.8909,2.0,90.0,21.88638,1.0,1.0,80.83156,1.2263342,4.936867,2.2126334,23.196873,1.0,20.0,0.0,2.0,2.0,28.0,-8.0,2.0,1.0,0.0,50.0,0.0
-9.0,-9.0,-9.0,-9.0,-9.0,-9.0,-9.0,-9.0,-9.0,-9.0,-9.0,-9.0,-9.0,-9.0,-9.0,-9.0,-9.0,-9.0,-9.0,-9.0,-9.0,-9.0,-9.0,0.0
71.0,144.03526,6.0,69.2357,17.0,0.0,0.0,80.83318,18.54029,6.0,6.0,19.0,2.0,19.455923,0.0,0.0,0.0,47.83643,-8.0,4.0,1.0,1.0,50.0,0.0
82.0,479.38867,2.0,131.60616,23.0,0.0,0.0,100.0,-7.0,7.0,8.0,26.0,3.0,46.36442,-7.0,1.0,1.0,27.982412,84.0275,6.0,2.0,0.0,67.0,0.0
84.0,239.72772,6.0,81.4216,18.0,0.0,0.0,100.0,-7.0,7.0,8.0,18.319128,2.0,46.0,21.354412,0.0,0.0,28.531225,21.478838,6.0,2.0,0.0,83.0,0.0
84.0,316.18738,0.72807443,104.495445,32.33515,0.0,0.0,100.0,6.0,5.827897,6.0,50.93497,3.0,32.405807,-7.0,0.0,0.0,3.0,84.87287,1.0,2.0,0.0,33.0,0.0
76.62773,201.36447,6.0,86.75701,36.0,0.0,0.0,100.0,-7.0,7.0,8.0,32.0,2.0,45.0,3.0,0.29959968,1.0,11.0,-8.0,1.0,2.0,0.0,50.0351,0.0
75.01667,131.3734,10.0,49.43294,13.0,0.0,0.0,100.0,-7.0,6.0,8.0,14.0,1.0,30.6447,11.644184,0.0,0.0,53.700863,81.162994,5.0,2.0,2.0,80.0,0.0
73.0,173.64172,2.0,82.84268,26.29438,0.0,0.0,100.0,-7.0,7.0,8.0,27.186043,2.5414414,56.582256,0.62224746,2.0,1.9679981,52.75767,100.0,6.0,2.0,2.0,88.45239,0.0
62.0,243.76402,1.0,76.0,32.0,3.0,2.1647274,87.08925,5.8359146,3.615549,3.0,39.272144,6.0,48.036213,0.0,3.0,3.0,30.432974,86.670006,7.0,6.0,3.60069,68.69008,0.0
83.0,269.9863,2.0,71.078674,16.0,0.0,0.0,100.0,-7.0,7.0,8.0,17.439327,3.0,60.697384,0.0,2.0,2.0,5.619377,76.0,1.0,6.0,0.0,100.0,0.0
81.74259,165.99208,2.0,61.0,20.0,0.0,0.0,100.0,-7.0,7.0,8.0,24.0,2.0,14.0,-7.0,2.0,3.0,13.0,-8.0,2.0,-8.0,0.0,43.0,0.0
70.0,356.86102,7.0,100.54442,40.744537,3.945644,2.0,88.0,27.335922,6.0,-7.7175584,47.517788,2.0,12.151519,0.0,0.0,0.0,5.0,6.8614683,8.0,1.0,0.0,44.0,0.0
60.505436,350.0814,3.0,126.78825,30.0,0.0,0.0,79.867386,-7.0,4.0,6.0,30.0,2.0,28.78091,1.0,2.0,1.9076295,37.33618,45.565052,18.200607,2.0,1.0,83.26102,0.0
68.0,395.19214,58.066174,129.0786,13.0,1.0,1.0,88.0,12.673493,6.0,2.0,17.195145,0.0,20.0,6.581826,0.0,0.0,70.03382,-8.0,4.0,1.0,1.0,77.69344,0.0
91.0,263.84497,34.653942,108.094536,13.0,0.0,0.0,100.0,-7.0,7.0,8.0,19.491928,0.0,30.0,7.0,0.0,0.0,10.0,-8.0,1.0,1.0,0.0,70.5622,0.0
64.455986,139.64148,5.0,40.46737,17.0,0.0,0.0,100.0,-7.0,7.0,8.0,21.0,1.3857275,10.332638,5.0,1.0,1.0,70.60052,-8.0,7.0,1.0,8.710165,88.58604,0.0
71.0,351.8617,5.0,81.56668,24.0,1.0,0.0,86.27453,23.327896,5.0,2.3645895,30.0,2.0,31.51363,0.0,1.0,1.0,9.0,-8.0,6.0,1.0,0.0,54.887356,0.0
87.0,153.17216,2.0,116.02788,31.0,0.0,0.0,100.0,-7.0,7.0,8.0,28.0,2.0,10.49423,-7.0,0.0,0.0,5.2303543,-8.0,4.0,1.0,0.0,33.313286,0.0
88.525764,158.54875,22.658337,79.0,14.808672,0.0,0.0,100.0,-7.0,7.0,8.0,17.0,0.0,46.0,1.0,1.0,1.0,0.0,-8.0,1.0,1.0,0.0,35.9121,0.0
78.69692,106.26429,16.69169,40.15213,13.0,0.0,0.0,100.0,-7.0,7.0,8.0,13.0,0.0,50.0,-8.0,0.0,0.0,16.778215,26.867258,1.0,2.0,0.0,67.0,0.0
63.0,235.89265,7.0,58.00304,26.604303,0.0,0.0,89.84016,3.0,6.0,6.0,31.0,1.0,23.0,2.0,1.0,1.0,19.90125,23.546532,5.0,2.0,0.0,50.0,0.0
70.864395,191.3409,5.0,89.2573,60.7952,0.0,0.0,100.0,-7.0,7.0,8.0,63.72791,1.3460205,40.0,0.0,2.0,2.0,36.958363,32.387623,11.0,5.0,3.0,83.0,0.0
89.0,399.18304,30.380081,97.84466,13.0,0.0,0.0,100.0,-7.0,7.0,8.0,24.0,0.0,33.0,23.988268,0.0,0.0,7.046445,-8.0,1.0,2.0,0.0,30.373667,0.0
64.17724,187.21358,4.0,74.0,16.179085,4.175916,1.0,68.5664,15.14458,6.0,2.0,19.0,2.0,45.261303,0.0,0.0,0.0,1.0,92.26024,1.0,3.0,0.0,80.0,0.0
86.0,234.3805,9.0,83.36081,26.0,0.0,0.0,100.0,-7.0,7.0,8.0,30.0,1.0,35.0,7.617152,0.0,0.0,5.0,71.0,4.0,3.0,0.0,69.15717,0.0
78.81615,179.19754,18.807713,87.6851,22.0,0.0,0.0,100.0,-7.0,6.0,8.0,28.0,0.0,28.0,-7.0,2.0,2.0,42.801987,48.077183,3.0,3.0,2.0,80.0,0.0
81.0,232.353,5.0,109.832245,57.72702,0.0,0.0,100.0,-7.0,3.0,6.0,46.174736,1.0,55.310894,0.0,5.0,4.0,28.090101,38.350357,8.0,4.0,0.0,71.0,0.0
69.8564,288.60226,4.0,92.984146,21.0,0.0,0.0,93.0,-7.0,0.0,5.0,28.0,2.0,24.0,-7.0,2.0,1.0,23.501415,72.361534,6.0,2.0,0.0,60.0,0.0
88.0,278.96793,33.49089,111.11771,20.84096,0.0,0.0,100.0,-7.0,7.0,8.0,29.0,0.0,33.0,0.0,0.0,0.0,2.0,-8.0,1.4065337,1.0,0.0,22.04633,0.0
86.50908,157.05368,1.0,82.849304,26.438633,0.0,0.0,100.0,-7.0,7.0,8.0,27.0,2.0,42.0,0.0,0.0,0.0,2.0,91.0,1.0,2.0,0.0,50.0,0.0
72.0,170.80788,9.0,45.941013,31.0,0.0,0.0,100.0,-7.0,7.0,8.0,35.634712,6.0,21.759073,-7.0,3.0,3.0,44.415142,86.83707,4.0,3.0,1.0,60.0,0.0
77.46586,152.24768,2.0,45.525867,29.0,0.0,0.0,96.0,23.101263,6.0,6.0,34.822735,5.191567,36.291695,0.0,3.0,3.0,6.0,70.72254,2.0,3.0,0.0,67.0,0.0
73.0,300.0675,9.0,125.78551,19.0,0.0,0.0,84.96578,24.810476,6.0,6.0,19.0,1.0,68.69753,20.289293,0.0,0.0,36.030266,48.82594,4.0,3.0,0.0,80.0,0.0
74.0,220.38058,1.2160517,49.715763,33.0,0.0,0.0,100.0,-7.0,7.0,8.0,41.977905,4.0,56.41984,-7.0,1.0,1.0,42.99134,-8.0,5.0,2.0,0.0,75.0,0.0
87.0,316.65524,3.0,118.61564,17.0,0.0,0.0,100.0,-7.0,7.0,8.0,26.0,1.0,12.370151,0.0,0.0,0.0,9.0,-8.0,3.0,1.0,0.0,72.70395,0.0
77.0,187.45946,18.922432,79.92491,8.677323,1.0,1.0,82.47991,48.41135,6.0,5.0,12.836803,0.0,40.981823,7.0,0.0,0.0,8.0,-8.0,1.0,1.0,0.0,50.0,0.0
82.732574,358.87964,8.963114,79.646576,31.0,0.0,0.0,100.0,-7.0,7.0,8.0,50.04024,2.0,23.0,1.0,1.0,1.0,9.162195,-8.0,3.0,1.0,0.0,33.0,0.0
75.0,149.08524,2.0,88.62178,3.2359447,0.0,0.0,100.0,-7.0,7.0,8.0,3.2817097,1.0,22.998549,0.0,3.0,3.2184315,74.17579,-8.0,3.0,1.0,3.0,80.0,0.0
92.70824,326.49567,16.0,103.93338,14.0,0.0,0.0,100.0,-7.0,7.0,8.0,15.0,0.0,14.0,-7.0,0.0,0.0,0.5676825,-8.0,1.0,1.2751697,0.0,25.0,0.0
75.0,97.09101,2.0,65.36924,56.707127,0.0,0.0,100.0,-7.0,6.0,8.0,61.63234,6.0,47.0,-7.0,3.0,2.0,17.0,71.0,6.0,6.0,1.0,67.0,0.0
-9.0,-9.0,-9.0,-9.0,-9.0,-9.0,-9.0,-9.0,-9.0,-9.0,-9.0,-9.0,-9.0,-9.0,-9.0,-9.0,-9.0,-9.0,-9.0,-9.0,-9.0,-9.0,-9.0,0.0
88.0,262.51004,1.0,83.231316,22.0,0.0,0.0,97.0,31.811953,6.0,6.0,26.0,4.0,38.30522,4.0,2.0,2.0,4.0,79.106186,2.0,2.0,0.0,55.459145,0.0
85.07599,378.4147,9.0,110.85176,30.0,1.0,0.0,97.0,67.451096,6.0,5.0,29.394293,2.0,29.0,8.0,0.0,0.0,1.3238871,100.0,4.0,3.0,0.0,35.77352,0.0
76.26824,222.77786,5.0,74.0,39.91708,0.0,0.0,96.0,9.057244,6.0,6.0,34.0,1.0,33.0,-8.0,0.0,0.0,9.437885,85.20514,4.0,4.0,1.0,45.057064,0.0
85.0,213.7924,8.0,76.25278,20.80172,0.0,0.0,100.0,-7.0,7.0,8.0,20.0,0.0,36.0,0.0,1.0,1.0,-9.0,44.49752,-9.0,2.0,0.0,24.363804,0.0
75.61534,271.92087,6.0,76.67559,36.10401,0.0,0.0,100.0,-7.0,7.0,8.0,40.67708,3.0,22.0,0.0,1.0,1.0,19.0,-8.0,4.0,3.0,2.0,62.950493,0.0
87.0,190.99017,4.0,86.0,16.941444,0.0,0.0,100.0,-7.0,7.0,8.0,22.0,2.0,16.67162,0.0,1.3968731,1.0,8.0,-8.0,3.0,1.0,0.0,38.0,0.0
85.0,238.12358,6.0,70.0,41.82342,0.0,0.0,100.0,-7.0,7.0,8.0,46.510494,1.0,26.33398,0.0,1.0,1.0,0.0,80.0,3.0,4.0,0.0,50.0,0.0
72.0,187.56573,8.0,69.81262,31.817606,0.0,0.0,92.0,16.861052,6.0,6.0,31.84871,0.0,40.0,7.0,0.0,0.0,14.088774,64.472855,3.8690543,2.0,1.0,44.0,0.0
78.0,256.79248,9.0,63.0,18.0,0.0,0.0,97.0,70.24534,6.0,6.0,17.0,3.0,39.0,7.3857875,0.0,0.0,51.730892,71.0,3.0,1.0,1.0,58.03846,0.0
75.0,253.66919,9.0,129.22427,22.005568,0.0,0.0,81.631645,57.885628,6.0,6.0,27.26411,0.0,52.466255,-7.0,0.0,0.0,44.43812,72.12573,4.0,2.0,1.0,78.0,0.0
69.66676,118.91011,6.9329314,41.28335,14.0,0.0,0.0,100.0,-7.0,7.0,8.0,18.0,1.0,14.9210415,0.0,3.0,3.0,53.139378,-8.0,8.0,-0.1911645,3.8834202,78.0,0.0
89.004486,189.39342,10.0,92.90066,17.0,0.0,0.0,100.0,-7.0,7.0,8.0,16.0,0.0,47.0,4.1582623,0.0,0.0,6.0,35.749275,1.0,2.0,0.0,53.921352,0.0
74.0,133.0319,6.0,48.882954,19.741367,0.0,0.0,100.0,-7.0,7.0,8.0,22.0,2.0,-9.0,0.0,1.7854238,1.0,45.53309,-8.0,3.0,1.0,0.0,67.0,0.0
74.0,305.21024,10.0,103.22727,23.905537,0.0,0.0,100.0,-7.0,7.0,8.0,39.102837,1.0,59.64554,0.0,0.0,0.0,59.509415,24.286047,2.0,2.0,1.0,82.03148,0.0
74.0,264.7899,2.0,71.0,15.0,0.0,0.0,100.0,-7.0,7.0,8.0,19.0,2.0,38.49048,1.0,1.0,1.0,75.11852,85.836136,5.0,2.0,1.0,78.0,0.0
78.0,141.76814,5.0,59.391792,13.0,2.6212099,2.0,93.0,28.377186,6.0,3.0,17.0,3.0,17.182243,0.0,1.0,1.0,1.0,-8.0,2.0,1.0,0.0,33.0,0.0
84.0,212.53656,8.0,91.66941,25.0,0.0,0.0,100.0,-7.0,7.0,8.0,26.11245,2.0,40.0,13.187776,0.0,0.0,20.39681,-8.0,3.0,4.0,0.0,54.923653,0.0
76.0,146.38684,4.0,89.26884,44.18196,0.0,0.0,100.0,-7.0,7.0,8.0,42.098602,1.0,67.44083,0.0,1.0,1.0,20.67443,88.921936,4.0,5.0,3.1028633,58.0,0.0
75.0,153.19305,2.0,59.69682,37.410793,0.0,0.0,97.44748,6.424814,6.0,6.0,42.300976,3.0,20.525776,11.322857,1.0,1.0,5.0,-8.0,3.0,2.0,1.0,10.633297,0.0
74.0,294.28442,10.0,111.78808,29.0,0.0,0.0,90.88848,12.6874075,6.0,6.0,28.0,0.0,25.0,1.0,0.0,0.0,14.0,43.83254,4.0,3.0,0.0,50.0,0.0
86.55609,484.64493,2.0,111.38611,18.0,0.0,0.0,100.0,-7.0,7.0,8.0,19.0,2.0,14.212331,-7.0,0.0,0.0,14.0,-8.0,5.0,-8.0,0.0,46.63125,0.0
72.0,3.6498501,-9.0,41.31815,16.0,0.0,0.0,100.0,-7.0,7.0,8.0,23.0,4.0,37.0,0.0,3.0,3.0,25.0,66.29479,3.0,4.0,0.0,64.0,0.0
78.0,349.65286,5.0,118.924805,14.0,0.0,0.0,92.219536,39.66268,6.0,6.0,25.0,1.0,23.0,-7.0,2.0,2.0,26.434132,-8.0,5.0,1.0,0.0,70.0,0.0
83.0,122.56073,18.033154,70.0,13.0,0.0,0.0,100.0,-7.0,7.0,8.0,16.0,0.0,35.0,-7.0,1.0,1.0,3.6977355,-8.0,3.0,1.0,0.0,74.55157,0.0
92.93607,305.94745,77.23643,174.34521,6.8628216,0.0,0.0,100.0,-7.0,7.0,8.0,7.0,0.0,18.0,11.085987,0.0,0.0,0.0,-8.0,1.0,1.0,0.0,38.0,0.0
86.0,195.04599,6.0,82.0,28.0,0.0,0.0,94.0,54.048294,6.0,6.0,28.0,1.0,39.136917,4.0,1.0,1.0,0.85618913,-8.0,2.0,2.0,0.0,45.69667,0.0
-9.0,-9.0,-9.0,-9.0,-9.0,-9.0,-9.0,-9.0,-9.0,-9.0,-9.0,-9.0,-9.0,-9.0,-9.0,-9.0,-9.0,-9.0,-9.0,-9.0,-9.0,-9.0,-9.0,0.0
59.903793,298.58508,5.0,128.66129,23.0,1.0,1.0,81.24738,-7.0,6.0,5.0,13.0,1.0,43.465904,0.0,0.0,0.0,11.0,88.0,4.0,4.0,0.0,67.0,0.0
69.0,187.54251,2.0,58.0,14.580252,1.0,0.0,75.99999,30.119585,6.0,5.0,17.0,4.441365,33.30467,-7.0,2.0,2.0,55.699917,79.383606,3.0,3.0,0.0,86.351746,0.0
80.42646,300.35242,2.0,113.35929,24.0,0.0,0.0,90.0,45.317627,6.0,6.0,18.0,1.0,13.0,-7.5902557,0.0,0.0,9.0,-8.0,6.0,2.0,0.0,51.349457,0.0
78.364204,136.28537,2.0,43.29283,23.0,0.0,0.0,100.0,-7.0,7.0,8.0,22.0,2.0,27.0,1.0,1.0,1.0,13.471022,49.093002,4.0,2.0,0.0,51.972473,0.0
74.56774,369.86557,7.0,120.76343,29.0,0.0,0.0,100.0,-7.0,7.0,8.0,29.0,2.0,50.0,7.0,0.0,0.0,26.25157,93.0,6.0,4.0,1.0,81.66037,0.0
81.0,225.59203,3.0,71.45818,25.0,0.0,0.0,100.0,-7.0,7.0,8.0,15.0,3.0,25.0,1.0,1.0,1.0,18.671154,-8.0,4.868607,2.0,0.0,88.9093,0.0
79.0,335.3551,14.0,78.54008,19.123428,0.0,0.0,100.0,-7.0,7.0,8.0,22.404076,0.0,43.310215,2.0,0.0,0.0,42.350674,28.448692,3.0,2.0,0.0,57.0,0.0
69.0,159.1131,8.0,88.35773,15.0,2.0,1.0,90.6129,27.08262,6.0,4.0,16.0,0.0,38.73227,2.0,0.0,0.0,40.36396,76.0,2.0,2.0,1.0,83.0,0.0
70.30781,190.32063,10.0,62.461914,23.0,0.0,0.0,94.36975,3.761577,4.0,6.0,24.0,1.0,33.0,-0.27988845,0.0,0.0,1.0,-8.0,1.0,2.0,0.0,64.705025,0.0
72.0,267.3069,27.204887,105.25408,10.0,1.0,0.0,67.79976,9.811825,4.0,6.0,13.0,0.0,24.0,-8.0,0.0,0.0,12.0,46.733276,4.0,2.0,0.0,100.0,0.0
73.0,340.73575,19.341713,115.3838,11.591293,0.0,0.0,100.0,-7.0,6.0,8.0,12.0,0.0,46.0,11.864034,0.0,0.0,27.294794,72.32604,3.0,3.0,0.0,100.0,0.0
77.0,220.76349,-9.0,68.0,36.0,1.0,1.0,96.91478,63.813793,6.0,5.0,50.396324,3.0,32.0,0.0,2.0,2.0,15.0,71.99238,5.0,18.212782,0.0,61.09555,0.0
72.0,421.04843,2.0,103.95667,21.0,0.0,0.0,93.761055,1.0,4.0,6.0,22.0,2.0,31.227806,0.0,1.0,1.0,6.0,20.824434,6.0,2.0,0.0,75.0,0.0
85.0,368.27036,2.0,81.29397,26.0,0.0,0.0,97.0,40.090225,6.0,6.0,30.0,2.0,36.15394,0.0,2.0,2.0,1.0,-8.0,2.0,3.0,0.0,58.35054,0.0
65.0,175.4362,-6.4684587,71.35563,36.0,0.0,0.0,97.0,0.29093188,-6.0180445,5.0,41.669395,8.734908,61.833,-7.0,1.0,1.0,22.865892,95.66511,11.7149515,15.395026,0.0,88.565994,0.0
77.0,475.15912,9.0,95.41532,34.0,0.0,0.0,100.0,-7.0,7.0,8.0,31.413208,0.0,25.0,15.844798,0.0,0.0,32.019432,82.57275,9.180837,2.4793108,1.0,75.0,0.0
71.0,185.71826,5.0,64.92131,24.0,1.0,0.0,95.0,33.778446,4.0,5.0,25.0,2.0,19.850803,0.0,2.0,2.0,11.0,99.20942,5.537854,3.0,1.0,80.0,0.0
71.0,178.82439,1.0,82.61433,34.0,2.0,1.1601932,97.68631,10.823046,5.5391583,3.0,29.0,2.0,17.0,0.0,0.0,0.0,6.0,-8.0,3.636745,1.0,0.0,40.0,0.0
84.0,182.69336,10.0,58.333485,16.0,0.0,0.0,100.0,-7.0,7.0,8.0,15.0,0.0,50.0,0.71865964,0.0,0.0,4.0,93.0,0.27560014,3.0,0.0,52.013496,0.0
63.0,125.77524,3.0,58.101315,29.0,2.0,1.668977,100.0,-7.0,7.0,8.0,18.0,3.0,29.0,0.0,3.441492,3.0,16.0,91.0,4.0,2.0,1.0,50.0,0.0
71.0,204.28986,8.0,98.63678,21.0,0.0,0.0,100.0,-7.0,7.0,8.0,24.0,0.0,44.0,-7.0,0.0,0.0,91.20483,28.353222,2.0,4.0,3.6317728,84.65721,0.0
77.0,215.72246,2.0,92.80468,19.0,0.0,0.0,100.0,-7.0,7.0,8.0,18.0,2.0,36.58801,0.0,1.0,1.0,55.61338,97.389755,4.0,2.0,0.0,81.13015,0.0
85.0,423.78946,31.346659,149.846,10.547239,0.0,0.0,92.0,45.24596,6.0,6.0,13.138974,0.0,-9.0,-7.0,0.0,0.0,7.3821545,-8.0,6.0,-9.0,0.0,86.0,0.0
86.0,266.83746,3.0,80.04934,33.35131,0.0,0.0,100.0,-7.0,7.0,8.0,51.55977,2.0,14.0,-7.0,0.0,0.0,3.0,-8.0,2.0,1.0,0.0,32.721546,0.0
82.0,304.04312,91.89523,146.09752,10.0,0.0,0.0,100.0,-7.0,7.0,8.0,12.0,0.0,52.196877,1.0,1.0,1.0,37.85014,-8.0,-1.2121397,1.0,0.0,33.0,0.0
77.0,265.2358,3.0,103.23574,15.0,2.0,2.0,92.0,13.945337,6.0,6.0,17.0,1.0,18.0,12.859084,1.0,1.0,9.196176,-8.0,1.0,1.0,0.0,34.965576,0.0
-9.0,-9.0,-9.0,-9.0,-9.0,-9.0,-9.0,-9.0,-9.0,-9.0,-9.0,-9.0,-9.0,-9.0,-9.0,-9.0,-9.0,-9.0,-9.0,-9.0,-9.0,-9.0,-9.0,0.0
70.0,228.38985,2.0,68.41033,34.6584,2.0,1.9086372,91.985756,28.199781,6.0,2.0,41.859936,5.0,42.0,0.0,5.0,5.0,12.0,97.962296,5.0,2.0,0.0,50.0,0.0
79.37463,221.23111,17.360727,82.30327,17.782778,0.0,0.0,100.0,-7.0,7.0,8.0,22.0,0.0,52.3191,1.0,1.0,1.0,23.291681,-8.0,2.0,2.0,1.0,75.0,0.0
77.75999,151.31775,3.0,82.669014,28.0,0.0,0.0,97.0,4.0,6.0,6.0,30.193325,2.0,17.546366,8.0,0.0,0.0,11.0,-8.0,2.0,2.0,0.0,48.218742,0.0
63.0,386.15912,6.0,88.2069,44.726906,1.0,0.0,97.0,37.05381,6.0,5.0,35.680077,2.0,17.0,-7.0,0.0,0.0,40.952984,35.59837,20.049395,2.0,3.8463745,83.0,0.0
85.0,192.56071,15.0,148.77081,24.0,0.0,0.0,100.0,-7.0,7.0,8.0,25.268284,0.0,25.0,-7.0,0.0,0.0,3.0,77.10959,3.0,3.0,0.70280766,51.807602,0.0
63.0,394.25406,1.0,103.209854,33.0,1.0358173,1.2977871,93.47403,18.03302,4.0,6.0,33.0,2.0,36.080738,0.0,0.0,0.0,55.50704,97.63096,18.036325,3.0,3.0,78.0,0.0
67.0,153.41893,5.0,69.89601,36.674427,0.0,0.0,96.0,11.8330965,6.0,6.0,31.0,1.0,49.909657,0.0,5.194033,5.0,35.41659,24.755297,4.0,6.0,0.0,60.0,0.0
85.0,216.76616,35.153908,101.81534,9.213793,0.0,0.0,100.0,-7.0,7.0,8.0,10.0,0.0,54.7389,-8.0,0.0,0.0,10.2751465,-8.0,1.0,1.0,0.0,84.481926,0.0
83.0,235.36203,14.0,98.585655,27.402922,0.0,0.0,100.0,-7.0,7.0,8.0,30.0,0.0,69.82696,0.8709525,1.0,1.0,0.0,18.846584,2.0,4.0,0.0,80.847,0.0
89.20496,379.86554,6.0,120.74732,18.201921,0.0,0.0,100.0,-7.0,7.0,8.0,19.287529,1.0,46.129562,16.0,0.0,0.0,1.0,-8.0,3.0,1.0,0.0,50.0,0.0
73.0,430.65762,11.655163,120.89852,24.0,0.0,0.0,100.0,-7.0,7.0,8.0,21.0,1.0,38.98491,14.454205,0.0,0.0,59.913513,48.95282,9.509774,2.0,1.0,82.96635,0.0
73.0,145.34515,11.0,75.75003,21.0,0.0,0.0,100.0,-7.0,7.0,8.0,26.252558,1.0,39.586693,3.0,1.0,1.0,19.107082,-8.0,6.004248,1.0,2.0,58.0,0.0
73.0,152.73059,7.0,65.0,49.295387,4.098382,1.9792527,93.18093,55.22018,6.0,3.8356779,60.734684,10.117133,56.967674,0.0,3.0,2.0,13.0,87.7597,5.0,3.0,0.0,55.183968,0.0
71.02599,260.7292,31.067865,114.76059,19.32167,1.0,1.0,94.0,6.0,4.0,6.0,26.0,0.0,56.033684,5.0,1.0,1.0,12.58612,48.714363,3.0,2.0,0.0,52.01997,0.0
84.0,34.528927,6.0,50.88284,14.0,0.0,0.0,100.0,-7.0,7.0,8.0,16.0,2.0,50.0,0.0,1.0,1.0,13.0,28.171398,2.0,2.0,0.0,90.209145,0.0
86.805786,315.56635,2.0,150.99153,32.0,0.0,0.0,100.0,-7.0,7.0,8.0,32.0,3.0,12.144572,0.0,2.0,1.2823174,4.481888,91.01019,9.913542,2.0,0.0,50.0,0.0
86.0,111.42476,20.993076,74.0,15.000186,0.0,0.0,100.0,-7.0,7.0,8.0,10.978581,0.0,40.0,1.0,2.0,2.0,8.0,57.90202,2.0,2.0,0.0,50.39212,0.0
91.67765,372.69357,51.774593,200.31293,12.0,0.0,0.0,100.0,-7.0,7.0,8.0,9.498982,0.0,23.919346,-9.0,0.0,0.0,1.0,-8.0,2.0,1.0,0.0,50.0,0.0
71.659996,213.98407,4.0,84.01877,16.652763,3.2873685,0.0,77.849014,7.3367515,4.0,2.0,20.16065,2.0,33.0,3.0,1.0,1.0,8.438884,97.789375,2.0,2.0,0.0,36.613335,0.0
87.0,147.52148,4.0,62.59624,20.0,0.0,0.0,100.0,-7.0,7.0,8.0,25.0,2.0,19.008394,18.960972,0.0,0.0,15.0,21.590187,3.0,1.0,0.0,74.30424,0.0
67.0,99.28214,5.0,65.0,16.109108,4.0140085,3.3010895,84.91585,42.642696,6.0,6.0,22.0,0.0,25.0,0.0,3.0,3.0,41.17378,-8.0,2.0,2.0,0.0,37.5157,0.0
77.0,139.86995,24.961796,66.46559,13.0,0.0,0.0,100.0,-7.0,7.0,8.0,16.0,0.0,9.641793,-7.0,0.0,0.0,16.0,-8.0,1.0,1.0,0.0,52.801052,0.0
76.374016,203.88083,11.0,123.67315,48.070976,0.0,0.0,96.0,39.47219,6.0,6.0,49.197506,1.0,46.467815,0.0,0.0,0.0,8.0,78.12233,5.425036,3.0,1.0,81.7298,0.0
86.0,157.16599,12.0,74.0,16.0,0.0,0.0,100.0,-7.0,7.0,8.0,13.0,0.0,39.182972,-7.0,0.0,0.0,14.8580675,-8.0,1.0,1.0,0.0,41.51452,0.0
-9.0,-9.0,-9.0,-9.0,-9.0,-9.0,-9.0,-9.0,-9.0,-9.0,-9.0,-9.0,-9.0,-9.0,-9.0,-9.0,-9.0,-9.0,-9.0,-9.0,-9.0,-9.0,-9.0,0.0
73.0,212.86133,15.0,70.090126,15.0,0.0,0.0,100.0,-7.0,7.0,8.0,18.0,0.46809202,32.907543,0.0,1.530446,2.0,51.85834,84.998474,3.0,3.0,0.0,67.0,0.0
74.0,98.32298,23.00124,90.0,13.889057,0.0,0.0,100.0,-7.0,7.0,8.0,7.0,0.0,35.0,1.0,2.0,2.0,47.5482,-8.0,3.0,1.0,1.0,99.15948,0.0
79.0,64.34099,7.0,54.55492,-9.0,0.0,0.0,100.0,-7.0,7.0,8.0,5.3378024,1.0,-2.6751494,-8.0,0.0,0.0,25.0,-8.0,1.0,-9.0,1.0,64.0,0.0
78.60185,99.21873,24.628366,82.0,7.533308,0.0,0.0,86.52067,25.931276,6.0,6.0,12.0,0.0,31.0,0.0,2.0,2.0,4.537619,-8.0,1.0,-3.43811,0.0,36.848553,0.0
90.25644,166.31386,3.0,88.38788,12.071631,0.0,0.0,100.0,-7.0,7.0,8.0,16.94893,2.0,33.270332,7.0,0.0,0.0,0.0,-8.0,2.0,1.0,0.0,45.234997,0.0
81.73835,182.35703,1.0,66.374374,43.65416,0.0,0.0,100.0,-7.0,7.0,8.0,37.0,3.0,22.19326,3.0,0.0,0.0,1.0,-8.0,4.0,1.0,0.0,9.199178,0.0
91.0,168.7237,13.445764,130.18398,23.94957,0.0,0.0,100.0,-7.0,7.0,8.0,27.0,0.0,50.0,8.0,1.0,1.0,4.0,67.960236,2.0,2.0,0.0,75.0,0.0
90.36594,275.74857,13.213171,92.0,21.0,0.0,0.0,100.0,-7.0,7.0,8.0,24.0,0.0,21.693398,7.49908,0.0,0.0,4.920247,13.745124,3.0,3.0,0.0,56.0,0.0
-9.0,-9.0,-9.0,-9.0,-9.0,-9.0,-9.0,-9.0,-9.0,-9.0,-9.0,-9.0,-9.0,-9.0,-9.0,-9.0,-9.0,-9.0,-9.0,-9.0,-9.0,-9.0,-9.0,0.0
73.0,238.4925,3.0,97.456894,38.18365,0.0,0.0,100.0,-7.0,7.0,8.0,29.0,1.0,35.0,-7.0,0.0,0.0,11.0,47.353245,6.0,3.0,0.0,44.0,0.0
63.0,147.57213,9.0,120.17694,39.0,2.0,0.0,92.0,-7.0,-9.0,6.0,39.737106,3.0,43.099087,3.0,1.0,1.0,19.3853,75.60344,5.0,2.0,0.0,60.0,0.0
83.92642,187.55635,11.0,94.21795,12.0,0.0,0.0,100.0,-7.0,7.0,8.0,6.0836344,1.0,75.4298,0.0,0.0,0.0,18.590492,52.058556,1.0,2.0,0.0,100.0,0.0
84.0,405.14633,2.0,109.96688,36.663437,0.0,0.0,100.0,-7.0,6.0,6.0,35.437077,1.0,26.838535,-7.0,0.0,0.0,7.3144507,79.12472,4.0,2.0,0.0,40.0,0.0
84.82146,301.74976,8.0,86.58324,17.0,0.0,0.0,100.0,-7.0,7.0,8.0,11.275752,1.0,12.362762,0.0,0.0,0.0,32.108154,-8.0,2.0,-8.0,0.0,40.880665,0.0
73.0,203.60396,2.0,67.860176,29.0,0.0,0.0,100.0,-7.0,7.0,8.0,28.0,5.0,31.0,-7.0,1.0,1.0,15.0,91.48858,4.0,2.0,0.0,35.5229,0.0
82.79825,165.97705,3.0,77.2434,36.0,0.0,0.0,100.0,-7.0,7.0,8.0,42.881985,4.0,46.1585,-7.0,2.0,2.0,1.0,45.212376,2.0,4.0,0.0,62.206726,0.0
83.0,225.9166,6.0,82.0,21.45383,0.0,0.0,100.0,-7.0,7.0,8.0,22.19772,1.0,40.0,0.0,0.8364095,0.0,1.0,47.215176,1.0,1.0,0.0,37.186726,0.0
74.0,123.0819,4.0,64.72366,22.0,0.0,0.0,100.0,-7.0,6.0,8.0,20.0,2.0,32.118458,1.0,0.0,0.0,53.354065,59.979156,5.0,2.0,1.0,79.88256,0.0
-9.0,-9.0,-9.0,-9.0,-9.0,-9.0,-9.0,-9.0,-9.0,-9.0,-9.0,-9.0,-9.0,-9.0,-9.0,-9.0,-9.0,-9.0,-9.0,-9.0,-9.0,-9.0,-9.0,0.0
72.47635,-7.4277554,4.0,39.032097,7.9629197,0.0,0.0,86.92939,22.506197,6.0,6.0,8.773489,2.0,54.823048,-8.0,0.0,0.0,20.570152,-8.0,1.0,2.0,0.0,67.0,0.0
87.0,346.00757,7.0,87.285255,15.0,0.0,0.0,100.0,-7.0,7.0,8.0,17.0,1.0,33.0,5.0,0.0,0.0,0.0,52.07121,1.0,2.0,0.0,42.47683,0.0
70.0,198.08142,0.33721003,56.71424,33.998642,0.0,0.0,97.0,34.474056,6.0,6.0,41.97235,4.0,39.0,0.0,14.767599,14.028834,33.778893,91.40534,5.0,7.700713,1.0,62.802914,0.0
76.392944,99.16973,2.0,83.0,41.850964,0.0,0.0,100.0,-7.0,7.0,8.0,13.0,2.9789474,25.0,-7.0,6.702239,6.0506988,16.69348,74.64298,6.0,3.0885522,0.0,56.0,0.0
85.0,139.67323,19.96427,115.65881,18.682678,0.0,0.0,100.0,-7.0,7.0,8.0,23.0,0.0,26.0,0.0,1.0,1.0,21.0,-8.0,2.0,1.0,0.0,46.113583,0.0
84.4953,184.7576,2.0,93.0,21.0,0.0,0.0,96.0,3.4560528,6.0,6.0,25.0,1.0,31.5007,0.0,2.0,2.0,1.0,-8.0,2.0,1.0,0.0,25.594255,0.0
-9.0,-9.0,-9.0,-9.0,-9.0,-9.0,-9.0,-9.0,-9.0,-9.0,-9.0,-9.0,-9.0,-9.0,-9.0,-9.0,-9.0,-9.0,-9.0,-9.0,-9.0,-9.0,-9.0,0.0
73.0,191.86073,2.0,56.792606,34.787792,0.0,0.0,96.0,51.172035,6.0,6.0,34.0,10.501737,11.04771,4.0,1.0,1.0,7.0,-8.0,7.0,2.0,0.0,50.0,0.0
73.0,247.62013,3.0,80.0,33.0,0.0,0.0,100.0,-7.0,7.0,8.0,31.0,1.0,7.1004524,5.0,0.0,0.0,32.35744,-8.0,3.0,1.0,3.0,25.0,0.0
76.0,225.81245,3.0,76.0,24.667793,0.0,0.0,100.0,-7.0,7.0,8.0,25.0,1.0,42.342422,5.0,1.0,1.0,9.0,88.178444,4.0,4.0,0.0,67.0,0.0
72.0,162.33458,9.0,46.084232,10.723294,0.0,0.0,100.0,-7.0,7.0,8.0,9.0,2.9938142,33.0,4.0,0.0,0.0,12.46329,82.0,3.0,2.0,0.0,100.0,0.0
65.94645,264.49423,11.0,116.484375,19.0,2.0,1.0,82.68336,17.948202,6.0,2.0,22.806738,0.0,36.0,0.0,0.51810515,0.0,1.0,-8.0,3.0,1.0,0.0,60.0,0.0
69.5147,153.27135,5.0,75.0,33.0,0.0,0.0,100.0,-7.0,7.0,8.0,31.0,2.0,44.0,0.0,2.0,2.0,45.841618,-8.0,14.313728,2.0,3.0,71.0,0.0
80.0,134.72473,5.0,65.0,17.0,1.0,1.0,93.9494,58.510376,6.0,-2.027619,17.0,1.0,-9.0,0.0,0.0,0.0,0.0,-8.0,2.0,-9.0,0.0,-9.0,0.0
74.0,189.21927,2.0,76.4728,24.96798,0.0,0.0,100.0,-7.0,7.0,8.0,36.73814,4.961586,21.0,4.0,1.0,1.0,52.2032,91.0,3.0,3.0,0.0,56.0,0.0
83.0,219.9765,24.476131,129.17755,13.0,0.0,0.0,100.0,-7.0,7.0,8.0,18.0,0.0,50.0,8.0,0.0,0.0,18.62199,-8.0,4.0,2.0,0.0,100.0,0.0
66.10048,182.66814,5.0,66.43692,67.99575,0.0,0.0,97.0,19.989122,4.0,6.0,54.757336,7.0248613,38.0,-7.0,0.0,0.0,19.725542,73.12475,15.464856,3.0,3.0,52.277798,0.0
70.0,167.13234,11.0,86.3371,33.51078,0.0,0.0,100.0,-7.0,7.0,8.0,27.0,0.0,56.5067,5.0,1.0,1.0,71.335106,49.46221,3.0,3.1142259,2.0,100.0,0.0
78.0,-5.7894545,17.449352,86.75146,12.0,0.0,0.0,100.0,-7.0,7.0,8.0,12.0,0.0,18.88932,23.012714,0.0,0.0,80.02038,-8.0,2.0,1.0,2.0,78.0,0.0
75.0,167.3944,1.0,72.0,43.15787,0.0,0.0,93.13101,38.400368,6.0,6.0,48.351135,3.0,37.777092,17.894781,0.0,0.0,4.0,71.600365,3.0,5.0,0.0,50.0,0.0
81.0,323.99292,15.629086,110.68335,29.0,0.0,0.0,100.0,-7.0,7.0,8.0,26.0,0.0,31.0,0.0,0.0,0.0,17.0,55.97527,3.1720185,2.0,1.0,33.0,0.0
-9.0,-9.0,-9.0,-9.0,-9.0,-9.0,-9.0,-9.0,-9.0,-9.0,-9.0,-9.0,-9.0,-9.0,-9.0,-9.0,-9.0,-9.0,-9.0,-9.0,-9.0,-9.0,-9.0,0.0
86.0,373.95377,1.2684675,109.44425,22.0,0.0,0.0,100.0,-7.0,7.0,8.0,27.0,2.0,19.0,0.0,1.0,1.0,10.800812,-8.0,4.0,-8.0,0.0,30.731373,0.0
71.0,241.12268,9.0,84.16422,44.614056,0.0,0.0,100.0,-7.0,7.0,8.0,47.943386,3.0,33.549084,0.0,1.0,1.0,48.85852,-8.0,10.082375,2.0,4.0,73.14632,0.0
85.0,413.09283,7.7861466,106.90385,21.0,0.0,0.0,100.0,-7.0,7.0,8.0,21.0,2.0,33.0,-7.0,0.0,0.0,11.0,-8.0,3.0,1.0,0.0,41.646187,0.0
74.0,125.76243,5.0,77.892235,23.743103,0.0,0.0,91.0,8.076283,6.0,5.0,28.489943,2.0,50.0,-8.0,0.0,0.0,11.0,53.281464,2.0,5.0,0.0,81.50619,0.0
82.0,95.74872,27.791574,71.54109,14.0,0.0,0.0,100.0,-7.0,7.0,8.0,13.0,0.0,22.0,0.0,1.0,1.0,11.0,72.542465,3.0950735,1.0,0.0,97.08618,0.0
71.0,179.02747,2.0,83.869675,30.0,4.284098,4.6180625,89.0,36.07218,6.0,-9.0,33.956627,1.0,33.0,0.0,0.0,0.0,13.545862,-8.0,5.0,2.0,1.0,57.0,0.0
73.0,283.2087,17.707497,102.837456,27.0,0.0,0.0,100.0,-7.0,7.0,8.0,28.457203,0.0,38.0,0.0,4.0,3.738921,46.83695,79.2912,6.0,6.0,2.2712035,75.0,0.0
69.0,102.40938,2.0,47.751568,21.0,0.0,0.0,95.079025,20.454832,6.0,6.0,23.0,6.0,6.9818826,0.0,4.0,3.8236566,5.05717,-8.0,5.0,1.0,3.0,50.0,0.0
72.07296,219.5971,23.43995,77.0,17.0,0.0,0.0,100.0,-7.0,7.0,8.0,15.0,0.0,50.0,1.0,1.0,1.0,115.267105,93.47808,2.0,4.0,1.0,100.0,0.0
76.0,231.58191,4.0,88.93775,14.591869,0.0,0.0,100.0,-7.0,7.0,8.0,26.0,2.0,11.0,0.0,2.0,2.0,49.78317,-8.0,3.0,-9.0,1.0,51.49999,0.0
66.0,170.58224,6.0,63.85181,19.0,0.0,0.0,86.56615,3.8314416,5.8898993,6.0,17.0,2.0,64.109344,-7.0,2.5387607,2.0,52.786873,84.00588,2.0,2.0,0.0,92.70191,0.0
62.824562,147.41768,22.212208,94.0,28.0,1.0,0.0,81.74377,18.755121,6.0,5.0,27.0,0.0,19.0,0.0,3.0,3.0,77.298485,-8.0,12.092036,1.0,4.0,73.0,0.0
61.09445,173.83388,0.14945261,54.748768,50.39518,1.0,0.0,90.0,2.133827,4.0,6.0,86.19222,9.31174,13.774328,0.0,4.0,4.0,1.0,100.0,4.0,4.0,0.0,50.0,0.0
64.17808,261.53467,1.0,103.259575,11.974837,0.0,0.0,89.0,10.331778,6.0,6.0,14.0,1.0,6.8015366,0.0,3.0,3.0,86.808655,-8.0,8.0,1.0,2.0,83.0,0.0
72.0,165.58282,7.0,102.13019,30.0,1.0,0.0,89.0,17.718504,4.0,2.0,31.0,2.0,50.0,2.489829,2.0,1.4515891,19.0,94.874466,3.0,4.356853,0.0,71.0,0.0
75.13637,199.89136,2.0,94.19939,21.290575,0.0,0.0,100.0,-7.0,7.0,8.0,26.0,3.0,22.0,0.0,4.0,3.7491567,28.353397,-8.0,3.0,1.0,1.0,44.77218,0.0
82.0,154.88065,3.0,45.778214,21.48036,0.0,0.0,100.0,-7.0,7.0,8.0,21.0,2.0,24.0,12.207474,0.0,0.0,3.0,-8.0,3.0,1.0,0.0,47.78673,0.0
82.0,178.77536,3.0,141.1071,22.56362,0.0,0.0,92.0,48.67438,6.0,6.0,0.5409466,1.0,9.639511,-8.0,0.0,0.0,1.0,-8.0,3.0,1.0,0.0,38.0,0.0
80.048645,243.27425,16.725563,94.0,13.0,0.0,0.0,100.0,-7.0,7.0,8.0,13.019219,0.0,17.0,0.0,0.0,0.0,38.614937,-8.0,5.0,1.0,0.0,82.363464,0.0
87.85977,354.03537,5.0,99.7575,22.0,0.0,0.0,100.0,-7.0,7.0,8.0,22.0,1.0,21.863699,-7.0,0.0,0.0,2.0,53.183163,2.0,2.0,0.0,50.0,0.0
86.0,348.79877,8.0,129.41432,24.0,1.0,0.0,96.213806,80.823906,6.0,6.0,24.0,0.0,19.030981,0.0,1.0,1.0,4.216784,-8.0,3.0,-8.0,0.0,37.987495,0.0
89.65722,404.05576,8.0,114.33798,28.0,0.0,0.0,100.0,-7.0,7.0,8.0,31.0,1.0,66.425415,0.0,0.0,0.0,9.12244,-8.0,2.0,1.0,0.0,40.0,0.0
85.0,137.54735,12.0,41.21684,20.0,0.0,0.0,100.0,-7.0,7.0,8.0,15.376458,0.0,33.0,0.0,0.0,0.0,0.0,91.59944,-3.1819274,2.0,0.0,27.653177,0.0
83.44952,236.7394,7.0,124.028,43.631123,0.0,0.0,100.0,-7.0,7.0,8.0,52.075108,6.309328,43.0,2.0,1.0,1.0,7.7061067,54.57653,4.0,3.0,0.0,65.23508,0.0
74.49316,149.40681,1.0,77.8501,15.0,0.0,0.0,92.43233,7.6324716,4.0,6.0,13.9779,3.0,35.0,0.0,3.0,3.0,20.902802,75.19288,1.0,1.0,0.0,60.0,0.0
71.790016,94.89957,3.0,56.483948,4.3672943,0.0,0.0,64.91594,38.215405,6.0,6.0,5.339609,1.0,86.807724,0.0,1.0,1.0,0.0,24.90221,-9.0,1.0,-6.5471983,100.0,0.0
75.0,312.242,12.076232,75.20313,27.0,0.0,0.0,100.0,-7.0,7.0,8.0,34.090183,0.0,24.21891,1.0,0.96289045,1.0,18.685041,89.97093,9.0,4.0,1.0,56.430065,0.0
-9.0,-9.0,-9.0,-9.0,-9.0,-9.0,-9.0,-9.0,-9.0,-9.0,-9.0,-9.0,-9.0,-9.0,-9.0,-9.0,-9.0,-9.0,-9.0,-9.0,-9.0,-9.0,-9.0,0.0
32.496548,228.3388,19.154633,72.18176,30.0,1.0,0.0,75.88379,15.697689,6.0,6.0,26.0,0.0,28.0,0.0,1.0,1.0,73.73812,53.55648,10.542458,4.0,3.0,88.519875,0.0
71.0,269.9841,1.0,58.0,54.633335,0.0,0.0,100.0,-7.0,6.0,8.0,93.54501,3.0,21.0,0.0,0.0,0.0,16.0,-8.0,7.0,2.0,0.0,57.0,0.0
79.0,355.58517,3.0,63.310703,14.0,0.0,0.0,100.0,-7.0,7.0,8.0,17.0,2.0,33.40908,0.0,1.0,0.0,30.907333,66.66474,4.0,3.7824187,0.0,68.98825,0.0
84.0,77.95755,3.0,33.71099,9.0,0.0,0.0,100.0,-7.0,7.0,8.0,8.0,1.0,34.909206,0.0,1.0,1.0,0.0,-8.0,1.0,1.0,0.0,88.0,0.0
76.89586,218.41766,11.584733,83.97552,25.18454,0.0,0.0,97.0,79.24061,6.0,6.0,25.0,0.0,40.650703,1.0,0.0,0.0,48.212196,29.933893,2.0,4.0,2.0,58.0,0.0
68.0,281.90778,6.0,96.05101,21.0,0.0,0.0,94.0,39.148476,6.0,6.0,21.0,1.0,29.0,-7.0,0.0,0.0,73.91736,-8.0,5.0,-8.0,2.0,88.0,0.0
75.0,133.13232,5.0,58.0,25.0,0.0,0.0,94.0,7.2967224,6.0,6.0,25.35607,2.0,19.0,0.0,1.0,1.0,12.11376,-8.0,4.0,1.0,0.0,37.336502,0.0
79.0,146.19077,3.2282007,90.476006,18.0,0.0,0.0,95.0,22.900547,6.0,6.0,17.0,2.0,25.0,-7.0,2.0,2.0,2.0,85.79349,6.0,2.0,0.0,56.883675,0.0
92.27477,190.58313,2.494298,99.51938,15.0,0.0,0.0,100.0,-7.0,7.0,8.0,14.0,0.0,19.0,-7.0,0.0,0.0,0.0,87.57483,1.0,2.0,0.0,57.0,0.0
70.0,312.30682,14.237125,100.17541,30.78957,0.0,0.0,100.0,-7.0,6.0,8.0,34.0,0.0,50.0,-8.0,1.0,1.0,56.749382,91.22978,4.0,3.0,1.0,75.772,0.0
83.0,173.3503,5.6041937,74.4269,27.0,0.0,0.0,100.0,-7.0,7.0,8.0,37.560734,5.0,8.440201,-8.0,0.0,0.0,1.0,-8.0,3.0,1.0,0.0,53.6334,0.0
70.0,289.7588,1.0,70.30043,20.0,0.0,0.0,100.0,-7.0,7.0,8.0,21.240702,3.0,36.0,-7.0,0.0,0.0,58.058544,80.0,5.0,7.8827586,4.0,67.0,0.0
-9.0,-9.0,-9.0,-9.0,-9.0,-9.0,-9.0,-9.0,-9.0,-9.0,-9.0,-9.0,-9.0,-9.0,-9.0,-9.0,-9.0,-9.0,-9.0,-9.0,-9.0,-9.0,-9.0,0.0
80.8642,216.72519,2.0,81.535324,20.0,0.0,0.0,100.0,-7.0,7.0,8.0,21.0,2.0118952,29.683369,18.20778,0.0,0.0,24.129858,-8.0,3.0,3.0,0.0,63.0,0.0
83.0,150.87883,3.0,68.61127,14.0,0.0,0.0,100.0,-7.0,7.0,8.0,14.0,1.0,38.0,0.0,1.0,1.0,22.299158,71.0,2.0,3.0,0.0,56.705376,0.0
89.0,215.80487,3.0,77.0,26.222872,0.0,0.0,100.0,-7.0,7.0,8.0,24.0,2.0,33.0,12.0,1.0,1.0,3.1348255,88.65874,5.0,1.0,0.0,44.33535,0.0
80.0,196.5012,7.0,81.985115,32.506184,0.0,0.0,100.0,-7.0,7.0,8.0,30.0,1.0,41.987324,0.0,1.0,1.0,13.2854185,96.28377,4.0,5.2942867,0.0,60.0,0.0
-9.0,-9.0,-9.0,-9.0,-9.0,-9.0,-9.0,-9.0,-9.0,-9.0,-9.0,-9.0,-9.0,-9.0,-9.0,-9.0,-9.0,-9.0,-9.0,-9.0,-9.0,-9.0,-9.0,0.0
67.0,241.34756,9.787581,115.63008,35.054924,0.0,0.0,92.08441,24.8615,6.0,6.0,34.0,0.0,36.0,5.0,0.0,0.0,61.831047,26.651821,5.0,2.0,4.0,85.04782,0.0
67.0,225.16573,13.058466,94.18519,33.0,0.0,0.0,93.57633,5.9902015,6.0,6.0,39.697998,0.0,33.0,12.0,0.0,0.0,80.50946,-8.0,7.147553,2.0,2.0,67.0,0.0
-9.0,219.35204,4.0,63.0,34.261776,0.0,0.0,90.52824,12.92956,4.0,6.0,34.768642,2.0,40.0,-8.0,1.0,1.0,94.78046,72.924835,10.210675,5.0,5.8058476,100.0,0.0
79.0,256.6956,3.0,90.2286,21.0,0.0,0.0,100.0,-7.0,7.0,8.0,21.0,1.0,42.0,0.0,1.0,1.0,46.422646,87.01065,0.4037829,4.0,1.0,61.310722,0.0
72.0,154.09218,8.52733,66.06202,27.0,0.0,0.0,100.0,-7.0,7.0,8.0,25.360344,1.0,20.485699,2.0,0.0,0.0,25.380621,-8.0,10.8919525,1.0,3.2579436,67.0,0.0
-9.0,-9.0,-9.0,-9.0,-9.0,-9.0,-9.0,-9.0,-9.0,-9.0,-9.0,-9.0,-9.0,-9.0,-9.0,-9.0,-9.0,-9.0,-9.0,-9.0,-9.0,-9.0,-9.0,0.0
64.0,297.4603,15.0,130.23312,23.0,1.0,1.0,86.45691,46.74333,6.0,5.920213,28.0,0.0,27.0,-7.0,0.0,0.0,49.981014,51.618736,6.0,4.0,2.0,81.459114,0.0
89.0,252.38655,2.0,96.571915,20.0,0.0,0.0,100.0,-7.0,7.0,8.0,20.0,2.0,33.0,0.0,1.0,1.0,2.0,78.25797,1.0,3.0,0.0,50.0,0.0
65.0,133.45264,2.0,80.0,25.0,0.0,0.0,93.0,34.60871,6.0,6.0,21.0,5.0,38.0,8.0,0.0,0.0,41.708492,82.3854,4.0,6.0,3.1307278,50.0,0.0
82.16734,263.98056,2.0,126.82632,15.0,0.0,0.0,100.0,-7.0,7.0,8.0,16.0,2.0,24.0,7.6987395,0.0,0.0,40.93426,72.188515,3.0,3.0,0.0,75.0,0.0
77.566376,184.5614,17.70797,100.03932,24.0,0.0,0.0,100.0,-7.0,7.0,8.0,27.0,0.0,24.0,8.6376,0.0,0.0,46.828068,-8.0,8.0,1.0,1.0,67.0,0.0
-9.0,-9.0,-9.0,-9.0,-9.0,-9.0,-9.0,-9.0,-9.0,-9.0,-9.0,-9.0,-9.0,-9.0,-9.0,-9.0,-9.0,-9.0,-9.0,-9.0,-9.0,-9.0,-9.0,0.0
-9.0,-9.0,-9.0,-9.0,-9.0,-9.0,-9.0,-9.0,-9.0,-9.0,-9.0,-9.0,-9.0,-9.0,-9.0,-9.0,-9.0,-9.0,-9.0,-9.0,-9.0,-9.0,-9.0,0.0
86.0,284.5998,36.634983,144.2033,19.0,0.0,0.0,100.0,-7.0,7.0,8.0,15.0,0.0,28.283806,-8.280072,0.0,0.0,19.0,-8.0,2.0,1.0,0.0,83.134186,0.0
85.0,212.07658,5.0,58.84154,15.0,0.0,0.0,100.0,-7.0,7.0,8.0,18.0,3.4089825,22.0,0.0,2.0,1.0,4.6288385,-8.0,3.0,1.0,0.0,57.0,0.0
73.0,69.32216,7.0,39.481415,9.0,0.0,0.0,100.0,-7.0,7.0,8.0,9.0,1.0,41.0,0.0,1.0,1.0,61.841007,79.6856,2.0,3.0,0.0,100.0,0.0
70.942535,192.35832,7.1781535,79.55566,41.824825,0.0,0.0,96.0,21.606785,6.0,6.0,39.008305,2.0,18.0,13.152371,0.0,0.0,25.0,40.612564,6.0,2.0,3.0,61.95292,0.0
70.0,305.0325,2.0,84.927,29.0,0.0,0.0,93.0,30.081228,6.0,6.0,28.0,2.0,38.0,8.157864,0.0,0.0,27.888792,83.24792,5.0,3.1492264,1.0,73.0,0.0
73.0,240.14148,2.0,72.0,20.0,1.0,0.0,92.0,6.0012045,5.109088,3.0,21.0,1.0,38.0,0.0,0.0,0.0,37.476265,97.090126,4.354302,2.0,1.0,100.0,0.0
84.0,263.95752,3.0,73.57722,33.376263,0.0,0.0,100.0,-7.0,7.0,8.0,28.0,2.0,29.0,7.3312907,1.0,1.0,7.0138927,-8.0,3.0,1.0,0.0,40.0,0.0
61.120895,-1.1039114,1.0,-9.0,12.148276,0.0,0.0,100.0,-7.0,7.0,8.0,13.213977,5.0,44.37603,0.0,4.0,3.5837626,68.04164,88.0,4.0,2.0,1.0,88.233215,0.0
79.0,144.54944,3.3123655,65.0,43.08427,0.0,0.0,100.0,-7.0,7.0,8.0,41.310364,5.0,45.761364,0.0,2.0,2.0,19.463314,83.20601,2.0,3.0,0.0,44.0,0.0
78.47941,164.23001,6.0,65.0,27.0,0.0,0.0,100.0,-7.0,7.0,8.0,31.359756,1.0,40.490955,8.0,0.0,0.0,27.06886,62.684895,3.0,4.0,0.0,71.0,0.0
68.0,189.36249,2.0,115.25671,47.767635,0.0,0.0,92.40619,17.504337,6.0,6.0,51.017,2.0,15.0,0.0,1.0,1.0,26.242678,68.57166,10.919007,3.1945543,3.0,50.0,0.0
83.0,144.23825,2.0,81.213326,30.0,0.0,0.0,100.0,-7.0,7.0,8.0,35.0,2.0,16.026205,9.943213,1.0,1.0,12.156392,-8.0,2.0,1.0,0.0,38.0,0.0
89.0,171.61458,16.766178,77.0,13.0,0.0,0.0,100.0,-7.0,7.0,8.0,16.79341,0.0,55.779335,18.64189,0.0,0.0,9.0,49.217,1.0,1.0,0.0,66.25024,0.0
79.0,79.03212,19.824392,68.0,17.0,0.0,0.0,100.0,-7.0,7.0,8.0,17.0,0.0,22.465628,0.0,1.0,1.0,47.071877,37.26817,2.0,1.0,0.0,73.0,0.0
83.0,420.80356,3.0,103.19478,33.461227,0.0,0.0,100.0,-7.0,7.0,8.0,27.0,1.0,16.13226,0.0,2.0,2.0,9.676585,-8.0,4.0,1.0,0.0,30.535799,0.0
78.0,238.18198,3.0,79.0,43.540154,0.0,0.0,100.0,-7.0,7.0,8.0,56.33373,2.0,24.0,4.0,4.804816,4.0,9.0,-8.0,8.0,2.0,1.0,65.88414,0.0
71.0,136.76566,4.0,44.658085,15.0,1.0,1.0,100.0,-7.0,7.0,8.0,17.0,3.0,24.0,1.0,3.0,3.0,1.0,92.31749,2.0,2.0,0.0,38.054935,0.0
73.0,123.27672,4.0,54.434795,31.619473,0.0,0.0,95.134705,-7.0,6.0,6.0,28.57438,3.0,40.0,0.0,4.1062593,4.0,15.3028965,73.94763,2.0,2.0,0.0,50.0,0.0
83.0,187.73785,1.2120012,61.502007,20.0,0.0,0.0,100.0,-7.0,7.0,8.0,21.87418,2.0,36.0,1.0,2.0,2.0,9.0,7.9123096,3.0,1.0,0.0,49.002422,0.0
73.366325,137.85466,7.0,73.5692,26.0,0.0,0.0,100.0,-7.0,7.0,8.0,24.0,2.0,34.84788,9.0,0.0,0.0,22.943237,78.00406,7.0,2.0,1.0,67.0,0.0
83.0,243.3291,3.0,75.26922,34.030636,1.0,0.0,97.0,69.64232,6.0,4.0,51.40995,4.680422,39.0,0.867096,1.0,1.0,6.0,-8.0,3.11228,1.0,0.0,44.0,0.0
-9.0,-9.0,-9.0,-5.240223,-9.0,-9.0,-9.0,-9.0,-9.0,-9.0,-9.0,-9.0,-9.0,-9.0,-9.0,-9.0,-9.0,-9.0,-9.0,-9.0,-9.0,-9.0,-9.0,0.0
69.48639,414.99896,7.0,117.97435,23.0,0.0,0.0,100.0,-7.0,7.0,8.0,26.23787,1.0,25.094852,0.0,1.0,1.0,67.68604,-8.0,8.0,1.1384524,3.0,73.0,0.0
80.45833,98.27424,28.97691,90.32521,9.328941,0.0,0.0,100.0,-7.0,7.0,8.0,3.9838896,0.0,7.8642373,22.706766,0.0,0.0,74.97104,-8.0,3.0,-8.0,0.0,80.0,0.0
83.0,457.73083,13.0,104.91151,15.0,0.0,0.0,100.0,-7.0,7.0,8.0,17.0,1.0,24.581284,-7.0,0.0,0.0,11.0,-8.0,3.0,2.0,0.0,56.0,0.0
64.75447,215.89786,17.399439,82.56082,30.530447,2.0,1.3890736,94.0,3.0,4.0,5.0,32.23429,0.0,50.0,18.821014,0.0,0.0,31.25804,-8.0,4.324772,3.0,1.0,67.0,0.0
61.87521,193.43445,10.0,101.73253,32.0,0.0,0.0,87.7709,-7.0,4.7896214,6.0,38.0,0.0,44.0,8.0,0.0,0.0,58.16545,70.79149,8.851831,3.1271338,1.0,88.39069,0.0
85.0,231.00105,4.0,75.43777,17.0,0.0,0.0,100.0,-7.0,7.0,8.0,20.0,1.0,38.0,1.0,0.0,0.0,2.0,66.149284,1.0,1.1603069,0.0,36.219963,0.0
83.02854,161.37668,2.0,60.82064,27.0,0.0,0.0,100.0,-7.0,7.0,8.0,25.8569,5.0,38.0,0.0,2.0,2.0,13.498085,77.33769,2.0,1.0,0.0,56.0,0.0
73.0,162.3364,2.0,63.820576,33.0,0.0,0.0,96.0,46.946728,6.0,6.0,29.958357,2.0,73.90755,0.0,4.0,3.949565,33.164215,66.98295,2.0,4.0,0.0,100.0,0.0
73.0,170.9433,8.0,86.57893,34.0,0.0,0.0,96.0,6.0,6.0,6.0,32.0,1.0,40.0,1.8800932,1.0,1.0,13.0,-8.0,5.0,1.0,1.0,50.0,0.0
91.833374,266.8297,1.127942,81.0,19.0,0.0,0.0,100.0,-7.0,7.0,8.0,26.0,3.0,20.0,3.0,1.0,1.0,0.31220216,-8.0,1.0,4.0,0.0,33.0,0.0
75.189674,234.17055,7.0,86.0,30.0,0.0,0.0,97.0,-2.0796552,4.0,6.0,43.267372,2.2918162,39.0,0.0,2.0,1.9642688,6.0,84.02561,3.0,3.0,0.0,50.0,0.0
83.0,270.29532,4.0,69.073074,23.0,0.0,0.0,100.0,-7.0,7.0,8.0,20.0,2.0939107,16.257013,0.0,0.0,0.0,2.0,-8.0,2.0,1.0,0.0,-9.0,0.0
77.0,196.2314,28.071741,100.95798,18.0,0.0,0.0,98.0,1.3319339,6.0,6.0,20.858948,0.0,50.0,0.0,1.0,1.0,1.0,-8.0,1.0,2.0,0.0,67.0,0.0
83.0,174.51808,13.0,91.874664,29.0,0.0,0.0,100.0,-7.0,7.0,8.0,53.7391,1.0,30.0,3.0,1.0,1.0,4.8857737,80.82856,3.0,3.0,0.0,40.0,0.0
83.0,334.71295,13.974133,81.0,22.0,0.0,0.0,100.0,-7.0,7.0,8.0,25.0,0.0,57.86944,14.616717,0.0,0.0,13.0,88.0,3.0,3.0,0.0,80.0,0.0
65.99281,147.80489,7.0105886,61.0,36.77006,0.0,0.0,97.0,29.239927,6.0,6.0,27.78743,1.0,25.0,-7.0,1.0,1.0,63.734867,73.79317,6.0,2.0,3.4870367,57.0,0.0
81.0,120.60782,5.0,56.072342,15.0,0.0,0.0,100.0,-7.0,7.0,8.0,16.0,1.0,22.0,-7.0,0.0,0.0,10.139706,10.956762,3.0,2.0,0.0,45.40192,0.0
68.0,133.0266,6.0,51.634384,27.0,0.0,0.0,97.0,74.93885,6.0,6.0,28.0,5.0,33.0,0.0,4.0,3.0,29.655474,99.81998,6.0,2.0,1.0,100.0,0.0
-9.0,-9.0,-9.0,-9.0,-9.0,-9.0,-9.0,-9.0,-9.0,-9.0,-9.0,-9.0,-9.0,-9.0,-9.0,-9.0,-9.0,-9.0,-9.0,-9.0,-9.0,-9.0,-9.0,0.0
91.093155,258.70322,3.0,142.62433,13.0,0.0,0.0,100.0,-7.0,7.0,8.0,15.0,2.0,28.0,0.0,2.0,2.0,4.66986,-8.0,2.0,1.0,0.0,80.0,0.0
-9.0,-9.0,-9.0,6.827716,-9.0,-9.0,-9.0,-9.0,-9.0,-9.0,-9.0,-9.0,-9.0,-9.0,-9.0,-9.0,-9.0,-9.0,-9.0,-9.0,-9.0,-9.0,-9.0,0.0
70.0,128.93591,2.0,54.314377,37.836376,0.0,0.0,90.0,19.784288,6.0,6.0,15.0,6.0,33.56594,9.167964,0.0,0.0,1.5456859,60.77926,3.0,4.0,0.0,34.51118,0.0
81.0,111.95175,5.0,40.27417,14.0,0.0,0.0,100.0,-7.0,7.0,8.0,21.0,5.0,31.0,18.043446,0.0,0.0,14.300943,69.30089,4.0,2.0,0.0,78.0,0.0
82.0,226.38754,3.0,88.056335,24.0,0.0,0.0,100.0,-7.0,7.0,8.0,7.338126,2.0,13.0,0.0,1.0,1.0,34.761086,-8.0,2.0,-8.0,0.0,38.0,0.0
74.0,147.00652,8.0,93.56597,25.0,0.0,0.0,100.0,-7.0,7.0,8.0,25.595268,1.0,67.91902,18.251106,0.0,0.0,56.96362,75.50658,3.1315408,3.0,1.0,83.0,0.0
77.0,213.4148,20.0,108.62348,39.29089,0.0,0.0,97.0,19.79457,6.0,6.0,37.0,0.0,11.755644,-7.0,0.0,0.0,2.0,-8.0,5.0,1.0,0.0,27.999088,0.0
69.6981,244.62488,2.0,80.34288,16.68029,0.0,0.0,94.0,13.511368,6.0,6.0,16.653498,3.0,69.56235,7.9755735,0.0,0.0,48.942642,75.467125,4.0,2.0,1.0,85.58427,0.0
66.2723,289.16238,4.0,102.67227,20.469975,2.0,0.0,77.84747,4.0,4.0,5.0,24.0,3.0,16.0,9.0,0.0,0.0,9.924491,89.92524,5.707204,2.0,0.0,46.81545,0.0
83.0,118.94911,5.0,53.434223,25.882378,0.0,0.0,100.0,-7.0,7.0,8.0,28.0,1.0,32.250694,2.0,2.0,2.0,6.0,6.065907,4.0,1.0,0.0,50.0,0.0
56.796593,105.60367,14.288989,44.231922,18.0,2.0,1.5918398,88.101,39.489925,6.0,3.0,20.0,0.0,70.60224,10.177904,0.0,0.0,24.969618,67.96295,3.0,3.0,0.0,80.0,0.0
88.83464,180.57823,20.0,126.49848,14.755412,0.0,0.0,100.0,-7.0,7.0,8.0,17.0,0.0,18.0,0.0,1.0,1.0,1.0,-8.0,3.0,1.0,0.0,47.104683,0.0
75.09925,175.3704,1.0,43.596462,6.244402,0.0,0.0,100.0,-7.0,7.0,8.0,10.20764,2.0,43.0,0.0,4.0,4.0,50.970104,57.86118,3.0,2.0,1.0,100.0,0.0
87.0,297.05035,10.234939,105.034035,22.0,0.0,0.0,100.0,-7.0,7.0,8.0,21.0,0.0,28.0,-7.0,0.0,0.0,9.0,98.67918,6.0,2.0,0.0,57.0,0.0
76.0,161.07451,3.0,53.183758,28.0,0.0,0.0,100.0,-7.0,7.0,8.0,27.831118,5.0,26.81943,1.0,1.5962343,1.0,4.0,87.49508,4.0,2.0,0.0,50.0,0.0
88.988045,282.5364,10.0,149.23631,26.0,0.0,0.0,100.0,-7.0,7.0,8.0,21.0,1.0,27.0,22.326483,0.0,0.0,0.0,57.868225,2.0,2.0,0.0,21.945057,0.0
76.0,140.49294,1.0,70.0,14.536479,0.0,0.0,100.0,-7.0,7.0,8.0,19.060936,2.0,30.86937,0.0,1.0,1.0,14.0,-8.0,4.0,-8.0,1.0,100.0,0.0
84.658844,133.10417,3.0,88.30101,9.713036,0.0,0.0,100.0,-7.0,7.0,8.0,11.544028,2.0,52.2381,0.0,0.0,0.0,25.780708,16.404129,3.0,2.0,0.0,80.0,0.0
71.0,178.231,8.0,67.52539,39.831757,1.0,0.0,100.0,11.73841,4.0,6.0,34.0,2.0,15.705805,5.0,0.0,0.0,26.331741,88.8152,5.0,3.0,0.0,35.438084,0.0
83.0,233.50089,8.0,70.0,30.0,0.0,0.0,100.0,-7.0,7.0,8.0,31.0,4.0,28.734238,5.5667677,0.0,0.0,3.0,52.435673,4.0,2.0,0.0,50.0,0.0
90.0,190.14508,49.164562,94.096405,9.0,0.0,0.0,100.0,-7.0,7.0,8.0,5.747604,0.0,38.12315,-7.0,0.0,0.0,2.6810615,-8.0,2.0,1.0,0.0,57.0,0.0
85.56562,216.9386,3.0,136.02924,13.457841,0.0,0.0,100.0,-7.0,7.0,8.0,14.120625,2.0,4.7919583,7.0,0.0,0.0,26.953522,-8.0,5.0,1.0,0.0,80.0,0.0
79.0,107.44392,6.0,108.80582,22.0,0.0,0.0,100.0,-7.0,7.0,8.0,4.2814612,1.0,24.0,0.0,3.0,3.0,66.836624,76.87501,7.0,2.0,2.0,86.63044,0.0
88.0,253.23291,26.193129,139.04805,22.0,0.0,0.0,100.0,-7.0,7.0,8.0,25.611149,0.0,39.0,0.0,1.0,1.0,1.0,-8.0,4.0,2.0,0.0,88.33502,0.0
92.18514,303.5113,17.741316,127.53762,20.0,0.0,0.0,100.0,-7.0,7.0,8.0,17.0,0.0,44.18908,3.2728076,1.0,1.0,1.0,70.491394,2.0,2.0,0.0,60.0,0.0
85.0,292.35495,6.0,74.0,27.0,0.0,0.0,100.0,-7.0,7.0,8.0,28.0,3.0,25.0,0.0,0.0,0.0,10.0,-8.0,3.0,2.0,0.0,50.0,0.0
84.27429,145.48979,1.0,53.414738,9.0,0.0,0.0,100.0,-7.0,7.0,8.0,10.089539,1.0,37.0,0.0,0.0,0.0,2.0,-8.0,1.0,2.0,0.0,50.0,0.0
65.0,207.79749,13.324267,86.354195,42.08488,0.0,0.0,93.0,-7.0,0.0,6.0,44.420956,1.0,41.63014,16.995132,0.0,0.0,30.361103,76.0,7.97305,2.0,2.0,50.0,0.0
86.0,187.37277,8.0,78.02682,4.2878413,0.0,0.0,100.0,-7.0,7.0,8.0,3.113213,1.5573795,34.552082,-7.0,0.0,0.0,32.62047,61.951855,1.1111763,1.0,0.0,80.0,0.0
88.46935,133.42357,13.064029,82.0,8.698562,0.0,0.0,100.0,-7.0,7.0,8.0,9.0,0.0,15.0,8.0,0.0,0.0,8.891156,-8.0,2.0,1.0,0.0,50.0,0.0
81.616135,394.00058,3.0,83.0,29.0,0.0,0.0,100.0,-7.0,7.0,8.0,37.28932,4.0,21.544968,0.0,3.0,3.0,19.0,100.0,3.0,4.0,0.0,35.718723,0.0
68.0,178.55945,4.0,72.0,28.0,1.7964104,2.0,96.62042,47.59598,6.0,3.0,31.894125,3.0,26.0,0.0,3.0,2.0,28.09059,-8.0,2.0,1.0,0.0,33.0,0.0
62.382633,81.42263,1.0,68.0,27.0,2.0,1.0,92.0,10.923149,0.0,4.9966345,31.0,2.0,67.47916,0.0,1.0,1.0,71.92859,93.0,4.0,13.90715,3.0,83.0,0.0
72.18003,269.9662,38.635857,128.76064,-3.7931147,0.0,0.0,80.01419,12.028262,6.0,6.0,0.04698977,0.0,41.0,-7.9054008,0.0,0.0,101.68184,39.749706,2.0,2.0,1.0,100.0,0.0
78.0,207.51726,6.7409024,96.268486,14.0,0.0,0.0,85.16355,34.847084,6.0,6.0,18.0,1.0,59.975357,1.0,0.0,0.0,53.169014,95.921074,3.0,2.0,0.0,100.0,0.0
74.0,253.10773,17.0,114.38724,29.0,0.0,0.0,98.0,-7.0,4.0,6.0,37.9232,0.0,50.0,0.0,2.0,2.0,38.91972,-8.0,7.0,3.0,4.0,65.689354,0.0
71.917816,69.25196,3.0,25.13096,6.0,0.0,0.0,100.0,-7.0,7.0,8.0,4.412354,2.0,39.0,0.0,1.0,0.8920571,46.09708,-8.0,2.0,1.0,3.0,52.2386,0.0
65.0,283.86255,13.274784,80.0,26.62616,0.0,0.0,95.0,18.868805,6.0,6.0,31.776548,0.0,30.0,0.0,3.0,3.0,32.584,97.07906,5.0,2.0,1.0,56.0,0.0
74.0,180.13884,7.0,40.577103,31.971125,0.0,0.0,100.0,-7.0,7.0,8.0,33.0,6.0,30.09107,0.0,1.0,1.0,6.0,92.3173,9.0,6.068953,0.0,71.28946,0.0
82.0,122.26839,17.0,94.0,10.523742,0.0,0.0,100.0,-7.0,7.0,8.0,11.0,0.0,21.0,0.0,2.0,1.0,40.835445,-8.0,2.0,-8.0,1.0,41.03806,0.0
85.85717,243.67111,15.0,68.73172,16.0,0.0,0.0,100.0,-7.0,7.0,8.0,18.0,0.0,21.0,3.0,0.0,0.0,3.0,-8.0,2.5257318,1.0,0.0,51.33977,0.0
81.0,192.89394,7.0,79.0,34.0,0.0,0.0,95.4692,17.374441,6.0,6.0,26.0,1.0,9.573292,1.0,1.0,1.0,8.0,-8.0,5.0,1.0,0.0,44.886433,0.0
78.0,76.95962,4.0,49.449947,19.005253,0.0,0.0,100.0,-7.0,7.0,8.0,22.0,4.0,49.9669,0.0,0.0,0.0,6.0,55.138687,3.0,7.712163,0.0,75.0,0.0
84.0,229.12895,1.0,97.0,14.0,0.0,0.0,95.0,76.40731,6.0,6.0,16.0,1.0,33.0,1.0,3.0,3.0,15.0,85.165,1.0,3.0,0.0,36.446404,0.0
80.0,165.68555,2.0,49.544407,29.149979,0.0,0.0,100.0,-7.0,7.0,8.0,30.0,1.0,21.796463,2.0,1.0,1.0,22.14589,82.36246,3.0,3.0,0.0,38.257225,0.0
75.0,243.08435,9.0,103.1938,19.0,0.0,0.0,80.471794,2.0,4.0,6.0,26.0,1.0,50.0,10.381613,0.0,0.0,1.0,-8.0,2.0,2.0,0.0,67.01455,0.0
67.44387,245.56113,2.0,108.28098,39.390957,0.0,0.0,83.89195,-7.0,4.0,6.0,31.0,3.2469323,40.86219,16.595493,0.0,0.0,18.0,72.53651,4.0,3.0,0.0,54.618126,0.0
75.37043,165.52492,2.0,54.781437,36.657364,0.0,0.0,100.0,-7.0,7.0,8.0,47.02811,9.18573,17.37309,-7.0,1.0,1.0,31.770056,93.62537,4.0,3.0,0.0,80.0,0.0
72.0,151.75027,3.0,59.5649,21.915277,0.0,0.0,100.0,-7.0,7.0,8.0,19.0,5.0,35.0,-7.0,1.0,1.0,27.845526,92.52433,4.0,3.0,2.0,67.0,0.0
86.0,244.79747,12.0,83.868645,32.0,0.0,0.0,95.0,25.90838,6.0,6.0,28.0,0.0,14.0,1.0,2.0,1.0,0.0,32.90629,0.0,1.0,0.0,-9.0,0.0
76.0,181.10872,4.0,88.607376,22.0,0.0,0.0,92.0,36.733284,6.0,6.0,24.0,1.0,33.0,0.0,1.0,1.0,10.539949,-8.0,2.0,1.0,0.0,55.71843,0.0
66.903534,331.42313,8.0,115.82087,22.113283,2.519244,3.6590714,91.39533,18.72351,6.0,-9.0,24.0,1.0,39.0,0.0,0.0,0.0,23.08426,-8.0,2.0,1.0,0.0,38.0,0.0
79.0,79.52487,8.0,68.0,12.0,0.0,0.0,100.0,-7.0,7.0,8.0,8.674454,2.0,44.88623,0.0,0.0,0.0,29.202307,69.446236,2.0,2.0,0.0,73.0,0.0
71.0,77.28618,10.0,44.528423,30.0,0.0,0.0,100.0,-7.0,7.0,8.0,26.231564,0.0,33.0,0.0,2.0,2.0,28.0,82.25326,5.0,2.0,0.43818623,44.0,0.0
86.0,159.33319,15.0,66.44775,10.0,0.0,0.0,100.0,-7.0,7.0,8.0,11.896141,0.0,11.7574,23.336508,0.0,0.0,4.0,-8.0,2.0,-8.0,0.0,73.0,0.0
57.67028,135.78436,3.0,-9.0,10.374794,0.0,0.0,88.0,41.71926,6.0,6.0,11.0,5.0,41.0,0.0,1.0,1.0,67.40636,84.02359,6.0,2.0,0.0,88.136894,0.0
62.116997,159.55453,4.0,90.31903,11.0,4.2400513,5.8686385,77.940605,21.200274,4.0,-9.0,11.503253,1.0,45.376408,2.4577892,3.0,3.0,51.297398,-8.0,2.0,2.0,0.0,100.0,0.0
86.58838,158.6167,9.0,106.29599,12.0,0.0,0.0,100.0,-7.0,7.0,8.0,6.1401224,0.0,70.91259,22.939137,0.0,0.0,18.0,-8.0,2.0,1.0,0.0,100.0,0.0
86.0,187.56604,5.0,123.9463,22.0,0.0,0.0,100.0,-7.0,7.0,8.0,22.0,1.0,18.634418,-7.0,0.0,0.0,3.0,-8.0,6.0,1.0,0.0,50.0,0.0
87.0,273.6226,15.0,111.11235,27.0,0.0,0.0,100.0,-7.0,7.0,8.0,32.0,0.0,-9.0,-7.0,0.0,0.0,0.0,-8.0,1.0,-9.0,0.0,20.160475,0.0
65.0,305.7167,2.0,67.0,34.0,2.0,0.0,82.61152,39.396248,6.0,3.0,33.13747,4.0,18.0,0.0,3.0,3.0,30.923967,-8.0,9.0,3.0,0.0,83.0,0.0
84.29229,160.56139,5.0,61.379616,57.681416,0.0,0.0,97.0,71.14976,6.0,6.0,56.48469,3.0,5.79214,0.0,4.3038034,4.0,8.0,71.64077,9.0,-8.0,0.0,50.0,0.0
-9.0,-9.0,-9.0,-9.0,-9.0,-9.0,-9.0,-9.0,-9.0,-9.0,-9.0,-9.0,-9.0,-9.0,-9.0,-9.0,-9.0,-9.0,-9.0,-9.0,-9.0,-9.0,-9.0,0.0
85.0,-8.0,3.0,49.509266,28.0,0.0,0.0,100.0,-7.0,7.0,8.0,7.7936587,7.7257433,21.0,7.0,1.0,1.0,4.0,91.0,4.0,2.0,0.0,44.048424,0.0
89.0,167.59293,7.0,94.01765,16.441416,0.0,0.0,100.0,-7.0,7.0,8.0,23.0,1.0,40.0,10.765406,0.0,0.0,1.0,91.632034,1.0,1.0,0.0,43.0,0.0
78.42007,138.68382,1.0,60.726112,28.0,0.0,0.0,100.0,-7.0,7.0,8.0,23.0,3.0,5.4648924,0.0,0.0,0.0,14.567788,22.605753,7.0,2.0,0.0,67.0,0.0
80.0,335.81433,2.0,143.60187,27.0,2.0,0.0,100.0,79.35153,6.0,3.6218605,29.466265,4.0,20.320251,-8.0,0.0,0.0,8.0,-8.0,3.0,2.0,0.0,50.0,0.0
74.283905,142.40271,3.0,71.0,28.0,1.0,0.0,93.01784,30.909922,6.0,3.0,33.131985,2.0,56.333286,0.0,1.0,1.0,35.383007,45.72163,1.0,4.0,0.0,64.0,0.0
75.0,114.43205,2.0,44.157932,18.0,0.0,0.0,100.0,-7.0,7.0,8.0,27.762344,1.4912432,22.0,0.0,3.0,3.0,17.0,-8.0,4.0,1.0,0.0,77.82542,0.0
-9.0,-9.0,-9.0,-9.0,-9.0,-9.0,-9.0,-9.0,-9.0,-9.0,-9.0,-9.0,-9.0,-9.0,-9.0,-9.0,-9.0,-9.0,-9.0,-9.0,-9.0,-9.0,-9.0,0.0
88.0,160.53458,6.0,83.39879,34.0,0.0,0.0,100.0,-7.0,7.0,8.0,34.60572,2.0,25.0,0.0,0.0,0.0,0.0,88.24752,1.0,2.0,0.0,25.480234,0.0
76.0,119.542145,3.0,42.531906,24.587284,0.0,0.0,96.0,21.13264,6.0,6.0,27.0,2.0,36.0,16.0,1.0,0.0,16.856508,96.41215,4.0,3.9416158,0.0,63.0,0.0
70.0,434.1481,39.0106,119.39465,25.0,0.0,0.0,92.02475,36.1804,6.0,6.0,22.0,0.0,28.0,16.0,0.0,0.0,56.07869,-8.0,9.564091,1.0,2.0,82.509674,0.0
83.0,385.2809,3.0,104.91111,25.0,0.0,0.0,96.287155,24.411457,6.0,6.0,25.879526,1.0,20.0,0.0,3.0,2.6573918,11.391701,-8.0,5.0,1.0,0.0,58.60914,0.0
74.0,147.72092,10.0,64.86405,25.0,0.0,0.0,100.0,-7.0,7.0,8.0,28.0,1.0,27.0,4.0,0.0,0.0,33.496193,34.81084,6.0,2.0,0.69004303,80.0,0.0
86.0,243.6543,7.0,110.696465,50.749344,0.0,0.0,100.0,-7.0,7.0,8.0,69.092674,4.0,15.698601,21.48063,0.0,0.0,0.24887894,65.49075,10.315701,1.0,0.0,43.0,0.0
82.0,349.92795,5.0,81.56496,21.0,1.0,0.0,96.0,31.82938,6.0,2.0,24.0,2.0,24.0,0.0,0.0,0.0,4.0,59.681503,3.0,1.0,0.0,38.0,0.0
83.0,154.29121,25.77223,80.09128,17.0,2.0,1.0,95.0,43.05868,6.0,2.0,7.853171,0.0,20.0,0.0,3.0,2.0,0.98360246,-8.0,2.0,1.0,0.0,42.587536,0.0
85.62583,83.56158,0.59283316,61.0,19.0,0.0,0.0,100.0,-7.0,7.0,8.0,21.0,2.0,30.0,0.0,2.0,2.0,6.158463,11.928265,2.0,2.0,0.0,50.0,0.0
78.0,204.95451,9.0,70.0,21.0,0.0,0.0,95.0,1.1598023,0.0365463,6.0,27.0,3.0,11.174218,3.0,0.0,0.0,7.8456373,-8.0,1.0,1.0,0.0,42.236183,0.0
61.81103,192.00871,1.0,86.0,19.0,2.0,1.0,77.174385,18.315016,4.0,6.0,23.0,4.0,38.0,1.0,1.0,1.0,34.539753,-8.0,6.0,1.0,0.0,75.0,0.0
87.34059,242.32405,16.0,120.523346,19.489325,0.0,0.0,100.0,-7.0,7.0,8.0,24.0,0.0,14.227457,0.0,1.0,1.0,9.0,-8.0,2.0,1.0,0.0,20.899397,0.0
-9.0,-9.0,-9.0,-9.0,-9.0,-9.0,-9.0,-9.0,-9.0,-9.0,-9.0,-9.0,-9.0,-9.0,-9.0,-9.0,-9.0,-9.0,-9.0,-9.0,-9.0,-9.0,-9.0,0.0
75.93602,191.99261,7.0,71.0,47.00395,0.0,0.0,100.0,-7.0,7.0,8.0,51.328197,2.0,36.0,0.0,0.0,0.0,64.15138,21.46285,9.720973,3.0,2.0,78.0,0.0
83.0,125.2012,3.0,79.0,13.0,0.0,0.0,100.0,-7.0,7.0,8.0,20.0,3.0,62.823288,0.0,1.0,1.0,21.027483,76.0,2.0,3.0,0.0,100.0,0.0
64.42367,165.56332,6.527406,69.96963,21.399868,1.0,1.0,88.37816,25.52756,6.0,6.0,24.0,2.0,10.65089,1.0,1.0,1.0,52.90265,-8.0,7.0,-5.4041123,3.0,60.901726,0.0
74.99789,151.26881,4.0,58.0,35.87583,0.0,0.0,100.0,11.446042,6.0,6.0,34.0,2.0,27.0,0.16250214,2.0,2.0,31.933208,-8.0,4.0,1.0,1.0,44.0,0.0
72.72298,180.7195,4.0,83.21998,26.245647,0.0,0.0,93.0,75.97132,6.0,6.0,26.0,1.0335988,40.624638,0.0,3.0,3.0,32.266003,82.0,2.0,4.0,1.0,64.0,0.0
92.23578,140.06456,5.2579,99.01971,7.7962575,0.0,0.0,100.0,-7.0,7.0,8.0,10.0,1.0,41.80661,7.772633,1.0,1.0,6.3036585,-8.0,2.0,2.0,0.0,80.0,0.0
80.2124,264.08282,4.0,80.05533,25.0,0.0,0.0,100.0,-7.0,7.0,8.0,31.534262,2.0,47.0,0.0,1.0,1.0,2.0,93.0,2.0,4.0,0.0,68.81723,0.0
61.74504,432.34586,8.0,76.0,24.0,2.0,0.0,70.767715,5.9509935,4.608016,5.0,27.587849,0.0,54.338028,-7.0,2.0,2.0,43.700996,-8.0,4.0,4.0,2.0,69.97299,0.0
91.0,222.82976,20.0,101.398865,12.887947,0.0,0.0,100.0,-7.0,7.0,8.0,15.0,0.0,36.0,9.02838,0.0,0.0,8.176544,64.251915,3.0,1.0,0.0,63.0,0.0
81.0,242.53696,4.0,92.45711,23.0,0.0,0.0,100.0,-7.0,7.0,8.0,22.30519,4.0,35.42013,0.0,1.0,1.0,18.0,83.676254,5.0,2.0,0.0,74.14212,0.0
86.0,325.63007,6.0,105.20361,12.108653,0.0,0.0,100.0,-7.0,6.0,8.0,14.0,1.0,24.0,-1.0391362,3.0,3.0,11.782462,-8.0,2.0,1.0,0.0,100.0,0.0
69.0,102.55393,6.0,60.056805,16.0,0.0,0.0,82.0423,6.0,6.0,6.0,16.0,2.0,37.81156,0.0,0.0,0.0,5.0,80.0,1.0,4.0,0.0,60.0,0.0
72.0,172.52751,6.0,95.69007,39.908512,0.0,0.0,96.581184,30.505716,6.0,6.0,40.47625,2.0,20.0,2.0,1.0,1.0,41.129757,-8.0,8.0,2.0,1.0,67.0,0.0
61.278316,369.15652,3.0,126.50394,44.112698,0.0,0.0,90.3478,3.3028283,5.0,6.0,39.50564,3.0,30.0,12.176196,0.0,0.0,1.0,69.915146,5.0,4.0,0.0,60.0,0.0
65.44306,178.19904,4.0,99.07175,39.973293,0.0,0.0,100.0,6.395669,6.0,6.0,38.6381,2.0,36.0,0.0,14.720844,11.400187,55.097836,68.524666,9.0,5.101903,2.0,75.0,0.0
79.0,153.99133,24.925793,79.0,18.0,0.0,0.0,96.0,30.41114,6.0,6.0,20.0,0.0,33.0,-7.0,0.0,0.0,39.886826,52.375317,2.0,5.0,0.0,87.66946,0.0
80.0,34.164364,8.975826,49.260235,27.0,0.0,0.0,97.0,36.57399,6.0,6.0,26.28875,1.0,22.0,0.0,0.0,0.0,10.0,-8.0,2.0,1.0,0.0,40.0,0.0
87.0,243.22281,19.400702,76.38727,17.0,0.0,0.0,100.0,-7.0,7.0,8.0,25.0,0.0,22.0,0.0,0.0,0.0,17.0,11.595415,2.0,2.0,0.0,25.0,0.0
-9.0,208.30054,1.0,74.06656,34.63344,1.0,0.0,92.1505,-7.0,-9.0,6.0,35.659756,3.0,20.0,0.0,4.0,4.9164567,32.0,79.2123,10.866195,2.2836363,3.0,67.0,0.0
76.0,177.1323,6.0,61.037807,38.00897,0.0,0.0,97.0,26.567371,6.0,6.0,34.0,3.0,22.0,-8.0,0.0,0.0,20.472994,-8.0,6.0,2.0,0.0,50.0,0.0
62.0,379.64484,1.0,129.286,18.0,1.0,0.0,79.31021,3.946382,4.0,5.0,32.54465,2.0,35.0,0.0,0.0,0.0,11.0,104.46401,3.0,4.0,1.0,75.0,0.0
67.0,290.9528,1.0,93.0,34.0,1.8905916,1.0,94.26047,3.6346102,4.0,5.0,44.460773,4.0,30.0,11.527497,2.0,1.9722848,36.0,93.91056,5.0,2.0,0.0,52.1455,0.0
72.573875,131.78084,13.0,76.713036,28.0,0.0,0.0,100.0,-7.0,7.0,8.0,26.80946,0.0,33.0,0.0,3.0,3.0,63.41022,45.475998,4.0,3.0,1.0,67.0,0.0
78.0,261.41602,7.0,61.486423,25.0,0.0,0.0,100.0,-7.0,7.0,8.0,28.0,1.0,13.914243,0.0,2.0,2.0,21.0,-8.0,3.0,1.0,0.0,50.0,0.0
81.3061,325.8427,8.0,114.76839,21.0,0.0,0.0,100.0,-7.0,7.0,8.0,30.0,1.0,26.600613,7.0,0.0,0.0,40.888596,74.48519,6.0,2.0,1.0,64.47989,0.0
75.0,196.40663,20.0,83.0,13.8687315,0.0,0.0,91.29309,-7.0,-8.836199,2.0,13.522864,0.0,54.062447,0.0,0.0,0.0,0.0,-8.0,1.0,2.0,0.0,70.0,0.0
86.0,174.84058,3.0,115.036545,28.0,0.0,0.0,100.0,-7.0,7.0,8.0,43.578365,1.0,21.0,0.0,0.0,0.0,3.0,-8.0,2.0,1.0,0.0,28.670752,0.0
80.0,177.55473,3.0,69.884895,18.0,0.0,0.0,100.0,-7.0,7.0,8.0,15.0,3.0,40.0,0.0,1.0,0.0,13.213177,-8.0,2.0,1.0,0.0,75.0,0.0
80.0,385.24448,8.008808,86.99679,27.0,0.0,0.0,95.0,62.21101,6.0,5.875586,27.246832,0.0,30.0,0.0,3.0,3.0,12.1361,82.0,3.0,3.0,0.0,56.0,0.0
77.0,404.72473,15.495374,110.8663,30.25407,0.0,0.0,96.0,-7.0,6.0,6.0,20.0,0.0,33.83344,15.64038,0.0,0.0,17.268885,-8.0,6.0,2.0,0.0,67.0,0.0
62.131245,191.68587,8.0,71.542305,32.0,0.0,0.0,88.0,18.263456,6.0,6.0,34.0,2.0,30.0,1.0,1.0,1.0,21.832796,88.0,11.0,4.0,1.0,86.0,0.0
79.0,153.1903,35.554527,99.81779,8.0,0.0,0.0,79.0235,23.812433,6.0,6.0,7.0,0.0,18.854668,-8.0,0.0,0.0,4.9557767,-8.0,2.0,1.0,0.0,50.0,0.0
67.42601,262.607,3.0,77.09896,32.483894,0.0,0.0,83.61654,21.34041,6.0,5.328309,29.0,1.0,24.41756,1.0,2.0,2.0,32.0,74.404816,9.0,2.0,3.0,60.0,0.0
79.0,305.085,10.461788,79.54737,12.460317,0.0,0.0,95.0,8.581572,6.0,6.0,13.0,0.0,45.526264,1.0,2.0,2.0,53.852024,-8.0,3.0,1.0,0.0,63.0,0.0
-9.0,-9.0,-9.0,-9.0,-9.0,-9.0,-9.0,-9.0,-9.0,-9.0,-9.0,-9.0,-9.0,-9.0,-9.0,-9.0,-9.0,-9.0,-9.0,-9.0,-9.0,-9.0,-9.0,0.0
70.15126,305.27487,4.0,83.0,21.0,1.0,1.0,95.0,14.914927,4.0,3.1781754,14.0,1.0,37.0,4.0,1.0,1.0,21.0,66.51104,4.0,2.0,0.0,71.0,0.0
89.0,176.9527,23.908371,78.66877,9.0,0.0,0.0,100.0,-7.0,7.0,8.0,10.0,0.0,43.996853,3.0,0.0,0.0,0.0,-8.0,1.0,-8.0,0.0,50.0,0.0
83.441414,432.12375,29.35261,173.41301,18.0,0.0,0.0,100.0,-7.0,7.0,8.0,38.24966,0.0,24.491673,16.0,0.0,0.0,21.0,-8.0,2.0,1.0,0.0,57.0,0.0
69.0,229.47133,8.0,71.0,24.0,1.0,1.1496878,100.0,-7.0,7.0,8.0,24.0,1.0,57.415634,-7.0,0.0,0.0,14.708612,57.192932,2.0,6.200605,0.0,83.0,0.0
87.0,171.99724,15.418395,70.57931,13.0,0.0,0.0,100.0,-7.0,7.0,8.0,12.0,0.0,61.093235,9.919951,0.0,0.0,2.0,80.21488,1.0,2.0,0.0,63.069252,0.0
85.0,82.238846,5.0,94.237144,11.012045,0.0,0.0,100.0,-7.0,7.0,8.0,12.0,2.0,25.971235,0.0,1.1332574,1.0,0.0,-8.0,1.0,1.0,0.0,20.337551,0.0
72.0,233.38185,15.0,141.39632,20.0,0.0,0.0,84.87976,63.05808,6.0,6.0,19.0,0.0,50.0,5.0,6.265316,5.0,32.0,77.48828,2.0,2.0,0.0,91.23819,0.0
83.0,249.22275,3.0,94.0,39.45538,0.0,0.0,100.0,-7.0,7.0,8.0,35.072292,6.0,29.0,0.0,3.0,3.0,8.720363,84.482765,4.0,2.0,1.0,43.0,0.0
81.83948,176.99315,1.0,84.891464,13.0,0.0,0.0,92.0,12.232018,6.0,6.0,13.0,1.0,24.0,0.0,3.0,3.0,0.0,73.87522,1.0,1.0,0.0,80.0,0.0
80.0,473.80988,4.0,79.0,30.041416,0.0,0.0,100.0,-7.0,7.0,8.0,33.025776,2.0,34.232323,0.0,3.9024384,3.517417,14.0,33.537003,8.0,2.0,0.0,71.874855,0.0
92.86241,172.88406,48.866894,90.0,10.0,0.0,0.0,100.0,-7.0,7.0,8.0,14.0,0.0,13.0,1.0,0.0,0.0,0.0,-8.0,-9.0,1.0,0.0,20.03317,0.0
80.0,227.44016,18.739449,111.52211,19.0,0.0,0.0,100.0,-7.0,7.0,8.0,24.0,0.0,19.0,0.0,0.0,0.0,59.680847,-8.0,3.0,1.0,3.785262,51.91295,0.0
-9.0,-9.0,-9.0,-9.0,-9.0,-9.0,-9.0,-9.0,-9.0,-9.0,-9.0,-9.0,-9.0,-9.0,-9.0,-9.0,-9.0,-9.0,-9.0,-9.0,-9.0,-9.0,-9.0,0.0
84.0,272.72903,35.142437,190.33775,13.503126,0.0,0.0,100.0,-7.0,7.0,8.0,14.0,0.0,27.933775,-7.0,0.0,0.0,42.588078,-8.0,4.0,-8.0,0.0,100.0,0.0
73.297356,-3.5367708,6.0,65.87469,22.0,1.0,0.0,96.0,13.312209,4.0,3.8548088,22.0,3.0,62.236668,0.0,0.0,0.0,25.0,88.0,4.0,2.0,0.0,83.0,0.0
64.0,103.41399,-9.0,58.75937,20.0,1.0,1.0,85.523155,21.357176,6.0,3.0,15.0,6.0,17.0,-7.0,2.0,2.0,52.800007,99.744576,8.0,2.0,3.0,100.0,0.0
75.0,249.38306,2.0,94.0503,11.192385,0.0,0.0,100.0,-7.0,7.0,8.0,13.0,1.0,47.0,0.0,2.0,2.0,80.52973,88.26106,1.8318851,2.0,2.0,99.88166,0.0
70.0,245.05669,3.0,65.0,32.0,0.0,0.0,92.0,23.44062,6.0,6.0,28.971266,4.0,24.0,1.0,1.0,1.3194549,48.143993,92.536766,3.7764535,4.0,0.0,60.0,0.0
-9.0,-9.0,-9.0,-9.0,-9.0,-9.0,-9.0,-9.0,-9.0,-9.0,-9.0,-9.0,-9.0,-9.0,-9.0,-9.0,-9.0,-9.0,-9.0,-9.0,-9.0,-9.0,-9.0,0.0
78.0,125.057686,3.0,49.877876,25.0,0.0,0.0,91.60519,28.758123,6.0,6.0,25.0,6.0,41.923073,11.57837,0.0,0.0,9.3877125,69.298256,6.0,5.0,0.0,64.0,0.0
89.0,318.4271,6.0,76.57634,23.0,0.0,0.0,100.0,-7.0,7.0,8.0,22.457966,2.8542004,20.0,0.0,2.0,2.0,1.4005648,-8.0,2.0,1.0,0.0,35.885803,0.0
67.0,220.72144,8.0,99.19406,34.18156,0.0,0.0,97.0,21.187653,6.0,6.0,30.0,1.0,33.917213,-7.0,6.632497,6.7414684,47.26709,70.78839,6.0,3.0,2.0,67.778496,0.0
-9.0,-9.0,-9.0,-9.0,-9.0,-9.0,-9.0,-9.0,-9.0,-9.0,-9.0,-9.0,-9.0,-9.0,-9.0,-9.0,-9.0,-9.0,-9.0,-9.0,-9.0,-9.0,-9.0,0.0
81.86077,190.01184,2.0,81.1477,37.924232,0.0,0.0,100.0,-7.0,7.0,8.0,27.040861,4.0,20.933846,5.0,1.0,1.0,2.0030525,82.0,4.0,4.0,0.0,50.0,0.0
76.0,112.79152,11.0,41.736916,20.0,0.0,0.0,100.0,-7.0,7.0,8.0,20.0,5.0,10.83241,0.0,2.0,2.0,17.202595,-8.0,6.0,1.0,0.0,50.0,0.0
80.13764,202.31462,10.0,112.98527,28.0,2.0,0.0,95.0,76.614006,6.0,4.0,28.0,1.0,29.0,0.0,0.0,0.0,10.0,74.38263,3.0,3.0,0.0,50.0,0.0
67.0,162.83421,19.768335,96.91887,15.095485,1.0,0.0,83.52138,3.905563,2.0747702,5.0,19.0,0.0,26.114414,0.0,1.0,1.0,37.958145,72.207,2.0,2.0,0.0,80.0,0.0
77.0,243.2597,21.669462,118.22116,17.0,0.0,0.0,81.277756,23.313026,6.0,6.0,18.0,0.0,28.418343,0.0,0.0,0.0,18.0,66.96165,4.551965,3.0,0.0,71.2729,0.0
69.2992,263.44058,2.0,70.57323,29.748411,0.0,0.0,93.0,13.657283,6.0,6.0,31.58626,2.0,36.0,0.0,1.0,1.0,16.994333,87.21989,2.0915549,2.0,1.0,50.0,0.0
87.0,236.36353,2.0,103.280556,27.0,0.0,0.0,100.0,-7.0,6.0,6.0,34.0,2.0,30.835487,1.0,4.6496177,4.0,12.375345,-8.0,2.0,1.0,0.0,33.0,0.0
-9.0,241.45505,4.0,139.99533,17.801117,8.280433,3.4913704,11.951212,-6.5476646,-7.688002,2.0,22.0,1.0,38.0,0.0,0.0,0.0,40.883316,-8.0,3.802344,2.0,3.0,69.156044,0.0
75.0,254.87837,8.0,94.51274,26.0,0.0,0.0,97.0,60.385708,6.0,6.0,23.0,0.0,32.526283,16.808836,0.0,0.0,52.759804,-8.0,2.0,1.0,0.0,71.0,0.0
83.0,258.09686,5.0,85.520546,25.0,0.0,0.0,100.0,-7.0,7.0,8.0,22.0,1.0,29.0,9.411825,0.0,0.0,24.440857,42.64714,3.0,1.5780131,2.0,40.0,0.0
73.0,110.15829,3.0,52.835007,32.421074,1.0,0.0,93.0,10.5349245,6.0,4.0,34.17178,3.0,54.435707,9.31576,1.0,1.0,6.0,91.0,2.0,3.0,0.0,50.0,0.0
81.0,325.03217,3.0,92.0,20.0,0.0,0.0,100.0,-7.0,7.0,8.0,19.0,1.0,20.0,-7.0,2.0,2.0,13.0,51.530933,4.0,1.0,0.0,50.0,0.0
84.0,297.73517,7.0,83.0,33.048767,0.0,0.0,100.0,-7.0,7.0,8.0,31.0,1.0,22.0,0.0,1.0,1.0,11.0,39.79854,1.0,1.0,0.0,27.301586,0.0
83.0,199.67587,16.0,92.764046,35.791893,0.0,0.0,100.0,-7.0,7.0,8.0,34.452717,0.0,35.0,3.8388417,1.0,1.0,10.0,43.54698,5.0,2.0,0.0,76.27143,0.0
82.0,159.1447,9.0,54.017536,30.0,0.0,0.0,100.0,-7.0,7.0,8.0,30.0,1.0,53.906113,0.0,5.0,5.0,2.0,72.19105,2.0,4.0,0.0,50.0,0.0
5.1488404,187.85896,24.494513,132.27573,7.0,3.0,1.389483,-9.0,4.0,-9.0,2.0,12.0,0.0,17.0,0.0,3.0,3.0,57.043926,-8.0,2.0,1.0,1.0,50.0,0.0
70.12719,339.0956,14.895752,107.24034,48.912228,0.0,0.0,100.0,-7.0,7.0,8.0,41.018246,0.0,21.0,0.0,3.0,2.0,33.56374,-8.0,6.0,1.0,9.542875,31.951101,0.0
85.0,374.09793,8.0,75.0,18.0,0.0,0.0,100.0,-7.0,7.0,8.0,28.0,0.0,50.0,0.0,2.0,2.0,6.0,64.919495,5.0,2.0,0.0,87.43248,0.0
77.0,-9.0,2.0,49.252884,20.697624,0.0,0.0,100.0,-7.0,7.0,8.0,18.0,4.0,16.0,12.0,0.0,0.0,9.0,88.0,6.0,2.0,0.0,76.99563,0.0
72.0,83.73169,7.0,110.48729,22.0,0.0,0.0,85.64655,22.62092,6.0,6.0,0.45707092,1.0,19.0,0.0,1.0,1.0,15.228648,64.09235,3.0,1.0,0.0,26.043486,0.0
86.0,164.64009,25.729258,76.0,12.4933,0.0,0.0,100.0,-7.0,7.0,8.0,23.0,0.0,17.0,-8.0,0.0,0.0,5.1145606,53.203064,1.0,1.2974143,0.0,44.0,0.0
67.49611,162.93533,10.740761,82.0,34.0,0.0,0.0,90.0,-7.0,4.0,6.0,38.0,1.0,49.877422,-7.0,0.0,0.0,52.794567,57.667274,5.0,3.0,2.0,79.97899,0.0
80.97568,269.26483,7.0,90.0,50.517612,0.0,0.0,100.0,-7.0,7.0,8.0,81.376785,1.0,19.0,0.0,2.0,2.0,10.0,-8.0,5.0,1.0,1.0,30.924234,0.0
78.69755,96.17303,3.0,38.119244,33.0,0.0,0.0,100.0,-7.0,7.0,8.0,42.07082,7.9051857,24.0,0.0,1.0,1.0,7.0,70.06659,5.0,2.0,0.0,44.26801,0.0
88.0,157.71475,4.0,59.51634,15.0,0.0,0.0,100.0,-7.0,7.0,8.0,14.0,0.0,40.0,20.34117,0.0,0.0,15.768854,44.47258,1.0,4.0,0.0,60.0659,0.0
86.0,232.48131,2.0,85.46244,13.609106,0.0,0.0,100.0,-7.0,7.0,8.0,15.0,2.0,41.0,3.5420392,1.0,1.0,17.83319,71.0,2.0,2.0,0.0,80.0,0.0
69.0,170.51965,2.0,72.0,13.757019,4.0892,2.0,82.30414,25.470291,6.0,2.6003911,16.0,3.0,60.00459,-7.0,0.0,0.0,46.048958,64.929565,2.0,3.0,2.0,75.64153,0.0
68.0,197.51135,3.0,80.0,21.260979,0.0,0.0,98.0,-7.0,-5.188416,6.0,27.003296,2.0,29.0,0.0,0.0,1.0,25.0,76.0,4.0,2.0,0.0,60.0,0.0
62.29975,212.3191,4.0,76.34592,4.5606174,2.0,0.0,26.224464,19.369526,6.0,4.0,7.9843774,2.0,56.856186,8.112516,0.0,0.0,78.65691,32.407482,1.0,2.0,1.0,100.0,0.0
80.288826,-3.153983,4.0,36.332546,16.0,0.0,0.0,100.0,-7.0,7.0,8.0,18.0,1.0,33.0,0.0,4.0,4.567401,17.0,-8.0,3.0,3.0,0.0,69.513,0.0
81.0,161.08081,5.0,68.02834,21.0,0.0,0.0,100.0,-7.0,7.0,8.0,21.515377,2.0,26.0,0.0,1.0,0.0,21.321932,88.0,5.0,2.0,0.0,50.0,0.0
70.0,140.34773,8.0,70.0,27.167124,2.4631813,0.0,89.0,7.111457,6.0,5.0,33.978947,4.0,-9.0,-7.0,0.0,0.0,27.552536,-8.0,5.0,-8.0,0.0,33.0,0.0
86.0,241.0826,15.0,94.21662,15.834227,0.0,0.0,100.0,-7.0,7.0,8.0,19.0,0.0,27.0,6.875575,0.0,0.0,19.0,81.10234,2.0,1.0,0.0,50.0,0.0
88.88362,213.40201,20.281782,74.34199,14.0,0.0,0.0,100.0,-7.0,7.0,8.0,14.484339,0.0,74.95788,0.0,0.0,0.0,18.0,88.12317,2.0,2.0,0.0,83.5726,0.0
76.0,121.22296,18.956957,60.220943,25.0,0.0,0.0,100.0,-7.0,7.0,8.0,29.0,0.0,20.780228,0.0,1.0,1.0,14.898176,77.09103,2.0,2.0,0.0,44.0,0.0
87.0,241.02434,21.908276,81.39075,18.219004,0.0,0.0,100.0,-7.0,7.0,8.0,19.0,0.0,68.8299,-8.0,0.0,0.0,1.0,63.389957,1.0,3.0,0.0,75.0,0.0
76.0,176.94064,15.0,59.064255,23.0,0.0,0.0,100.0,-7.0,7.0,8.0,27.0,0.0,36.04769,0.0,3.0,2.0,47.36294,37.743195,3.0,2.0,1.0,45.63089,0.0
-9.0,-9.0,-9.0,-9.0,-9.0,-9.0,-9.0,-9.0,-9.0,-9.0,-9.0,-9.0,-9.0,-9.0,-9.0,-9.0,-9.0,-9.0,-9.0,-9.0,-9.0,-9.0,-9.0,0.0
83.0,132.31898,6.0,67.0853,10.83872,0.0,0.0,100.0,-7.0,7.0,8.0,15.0,2.0,29.0,16.0,0.0,0.0,19.959486,-8.0,3.0,1.0,0.0,57.025913,0.0
82.0,205.18744,4.0,72.09144,20.0,0.0,0.0,100.0,-7.0,7.0,8.0,22.0,3.0,21.0,4.0,0.0,0.0,1.0,83.09613,2.0,2.0,0.0,63.0,0.0
82.0,144.86823,13.965962,97.0,22.0,0.0,0.0,100.0,-7.0,7.0,8.0,24.0,0.0,39.619396,13.116449,0.0,0.0,9.0,51.909874,2.0,2.0,0.0,57.0,0.0
68.0,66.33785,7.0,68.0,32.45246,0.0,0.0,95.0,21.850475,6.0,6.0,11.0,1.0,20.99556,1.0,3.0,2.0,27.093565,-8.0,4.0,-8.0,2.0,44.75956,0.0
91.83272,282.75803,16.0,118.73451,9.667061,0.0,0.0,100.0,-7.0,7.0,8.0,5.883151,0.0,41.0,-8.0,0.0,0.0,3.0,-8.0,2.0,1.0,0.0,75.0,0.0
83.82683,137.54834,9.817271,68.16805,11.0,0.0,0.0,100.0,-7.0,7.0,8.0,13.0,0.0,39.528835,0.0,0.0,0.0,2.5272465,25.734293,2.0,2.0,0.0,57.467087,0.0
78.0,383.41806,3.0,115.79597,42.765385,0.0,0.0,98.941025,43.164425,6.0,6.0,44.418995,1.0,20.0,0.0,3.0,3.0,2.0,-8.0,2.0,2.0,1.0,7.7951736,0.0
83.0,285.6836,4.0,86.64236,28.0,0.0,0.0,100.0,-7.0,7.0,8.0,27.0,3.0,31.0,0.0,0.0,0.0,13.182774,97.800385,8.0,2.0,0.0,80.0,0.0
90.0,263.6755,40.693283,174.5701,14.0,0.0,0.0,93.0,53.13926,6.0,6.0,15.0,0.0,22.0,12.0,0.0,0.0,0.0,-8.0,0.0,-8.0,0.0,22.260359,0.0
73.0,103.675156,3.804034,67.0,24.0,0.0,0.0,100.0,-7.0,7.0,8.0,21.292532,3.0,36.053135,-7.0,3.571316,3.0,41.525513,95.44804,5.0,2.0,2.0,67.0,0.0
76.83786,179.06535,48.527367,109.109856,15.0,2.0,1.0,84.22731,47.089172,6.0,-1.7405695,18.0,0.0,24.825418,0.0,1.0,0.0,3.0,-8.0,1.0,1.0,0.0,38.021328,0.0
82.0,226.59021,2.0,74.92226,24.0,0.0,0.0,100.0,-7.0,7.0,8.0,30.0,2.0,23.55481,-8.0,0.0,0.0,9.0,76.0,6.0,3.0,0.0,75.0,0.0
72.0,376.07803,23.619274,169.01967,21.0,0.0,0.0,92.0,-7.0,4.0,6.0,22.0,0.0,20.0,3.0,1.0,1.0,56.313805,-8.0,2.0,1.0,0.0,43.0,0.0
73.0,393.5531,5.0,125.15199,39.009827,0.0,0.0,100.0,-7.0,7.0,8.0,46.2589,1.0,12.584912,0.9082063,0.0,0.0,32.0,-8.0,9.0,1.0,1.0,64.0,0.0
84.0,416.30988,3.0,172.76863,27.0,0.0,0.0,100.0,-7.0,7.0,8.0,27.0,2.0,15.547388,-7.0,0.0,0.0,4.0,-8.0,3.0,2.0,1.0,44.0,0.0
69.219154,184.56862,4.0,91.23676,12.0,3.7385545,2.3008602,73.5334,33.163704,6.0,4.0,14.0,1.0,33.0,-7.0,0.0,0.0,13.027405,9.132685,2.0,1.0,0.0,44.0,0.0
82.0,128.70137,2.0,61.0,44.23788,0.0,0.0,100.0,-7.0,7.0,8.0,37.0,6.0,18.835558,5.0911736,1.0,1.0,1.6806835,-8.0,7.0,1.0,0.0,33.0,0.0
70.0,132.50331,3.0,79.0,32.0,0.98198164,0.0,94.0,28.240753,6.0,5.0,32.0,4.0,0.0,-7.0,0.0,0.0,22.40395,85.64515,2.0,1.0,1.0,23.584091,0.0
85.0,664.1134,10.659958,231.28963,28.0,0.0,0.0,100.0,-7.0,7.0,8.0,25.0,0.0,47.0,-8.0,0.0,0.0,21.0,39.324726,3.0,1.0,0.0,84.3347,0.0
68.3517,114.048615,5.0,67.0,28.0,0.0,0.0,95.0,23.57876,6.0,6.0,28.0,1.0,55.665142,0.0,4.0,3.0,63.71161,82.0,10.143345,6.0,5.8074026,100.0,0.0
74.0,291.70383,1.0,70.34309,28.0,0.0,0.0,100.0,-7.0,7.0,8.0,28.0,2.656689,14.0,0.0,2.0,2.0,43.01225,-8.0,6.0,-8.0,1.0,56.208702,0.0
-9.0,-9.0,-9.0,-9.0,-9.0,-9.0,-9.0,-9.0,-9.0,-9.0,-9.0,-9.0,-9.0,-9.0,-9.0,-9.0,-9.0,-9.0,-9.0,-9.0,-9.0,-9.0,-9.0,0.0
-9.0,-9.0,-9.0,-9.0,-9.0,-9.0,-9.0,-9.0,-9.0,-9.0,-9.0,-9.0,-9.0,-9.0,-9.0,-9.0,-9.0,-9.0,-9.0,-9.0,-9.0,-9.0,-9.0,0.0
65.02657,182.70192,4.803249,76.0,12.0,3.0,1.0,77.34379,10.137555,4.0,4.0,14.0,1.0,40.332478,0.0,1.0,1.0,46.625317,-8.0,3.0,2.0,1.0,87.91454,0.0
72.77533,115.97087,6.0,67.36198,22.0,0.0,0.0,100.0,-7.0,7.0,8.0,23.0,2.0,58.063232,-7.0,1.0,1.0,54.223885,76.0,3.0,2.0,0.0,82.452065,0.0
19.581898,125.59641,1.6907872,65.0,22.0,2.0,1.0,82.787605,2.4966004,1.2170101,5.0,26.0,2.0,28.352657,0.0,1.0,1.0,65.92,-8.0,4.0,2.0,1.0,58.0,0.0
82.0,326.13272,3.0,123.467705,33.506027,0.0,0.0,98.89543,45.127686,6.0,6.0,31.357626,1.0,36.295715,2.0,1.0,1.0,1.0,93.0,1.0,2.0,0.0,58.0,0.0
75.0,261.61804,5.0,75.45845,29.912474,1.0,1.0,100.0,-7.0,7.0,8.0,30.0,2.0,35.722095,3.1827238,0.0,0.0,3.0,29.623203,2.0,1.0,0.0,10.538127,0.0
82.0,81.21898,2.1107213,49.3733,14.0,0.0,0.0,100.0,-7.0,7.0,8.0,13.0,1.1853812,30.0,0.0,1.0,1.8492208,8.0,81.4608,1.0,2.0,0.0,50.0,0.0
63.0,426.7499,6.0,123.592415,29.727795,3.704708,1.0,85.42577,6.610694,6.0,2.0,37.146564,1.0,50.0,1.0,0.0,0.0,54.9254,84.23442,7.0,2.0,0.0,76.08527,0.0
84.0,44.340923,4.0,70.0,19.0,0.0,0.0,100.0,-7.0,7.0,8.0,25.934166,1.0,11.0,0.0,1.0,1.0,10.0,-8.0,4.0,1.0,0.0,60.0,0.0
85.0,356.81946,2.0,109.83623,34.22426,0.0,0.0,100.0,-7.0,7.0,8.0,46.83542,2.003077,25.0,0.0,1.0,1.0,4.821414,-8.0,2.0,2.0,0.0,33.0,0.0
80.0,395.5717,9.0,83.0,23.215267,0.0,0.0,100.0,-7.0,7.0,8.0,23.0,0.0,54.176983,0.0,2.0,1.7593627,43.202927,80.0,2.0,2.0,0.0,93.3732,0.0
56.94545,337.41306,11.0,89.09621,39.0,0.0,0.0,88.0,6.0,6.0,6.0,51.740284,1.0,17.0,0.0,14.407096,11.902921,52.385365,7.912356,16.124662,4.0,4.138779,73.67301,0.0
87.59335,403.98495,5.0,88.08122,22.356934,0.0,0.0,100.0,-7.0,7.0,8.0,24.0,2.0,16.0,10.884317,0.0,0.0,3.0,-8.0,5.0,-8.0,0.0,40.0,0.0
74.65625,132.77278,-9.0,77.0,13.0,0.0,0.0,100.0,-7.0,7.0,8.0,15.0,2.0,21.0,0.0,2.0,2.0,45.37536,48.80473,8.0,2.0,1.0,80.0,0.0
68.0,231.99316,7.0,117.66956,11.0,2.0,0.0,63.64243,51.67858,6.0,4.0,11.33332,1.0,24.0,0.0,0.0,0.0,66.53897,79.17299,4.0,2.0,0.0,88.13002,0.0
75.0,163.23018,18.71292,62.83459,18.0,0.0,0.0,100.0,-7.0,7.0,8.0,33.0,0.0,30.0,0.0,1.0,2.0,51.461708,-8.0,5.0,1.0,0.0,75.0,0.0
77.0,176.005,1.4185518,54.75713,20.0,0.0,0.0,100.0,-7.0,7.0,8.0,23.537947,5.0,31.0,0.0,3.0,3.0,22.986828,90.26626,6.0,2.0,0.0,99.83267,0.0
82.0,304.57092,7.0,108.99751,66.854485,0.0,0.0,100.0,8.773415,6.0,6.0,56.99944,3.0,15.509766,13.474361,0.0,0.0,2.0,93.0,1.0,1.0,0.0,20.359594,0.0
81.78893,537.8209,3.0,138.17612,30.0,0.0,0.0,100.0,-7.0,7.0,8.0,29.0,2.0,22.0,1.0,0.0,0.0,15.329783,-8.0,2.0,1.0,1.0,50.0,0.0
74.0,216.99612,7.0,116.37387,51.178062,0.0,0.0,100.0,-7.0,7.0,8.0,61.205284,2.0,33.0,-7.0,0.0,0.0,43.95794,88.0,11.0,6.679395,1.0,67.0,0.0
61.16724,58.786385,4.0,5.097955,12.0,0.0,0.0,72.908516,5.6803617,5.0,6.0,14.0,4.0,24.0,0.0,0.0,0.0,36.0,71.53729,6.0,2.0,1.0,56.0,0.0
76.36328,133.28362,20.222746,66.61826,25.0,0.0,0.0,97.0,73.80664,6.0,6.0,29.866459,0.0,44.803215,0.0,0.0,0.0,8.0,-8.0,2.0,1.0,0.0,38.0,0.0
66.21984,226.42429,1.0,109.96104,20.0,1.0,0.58403337,90.91632,-7.0,0.40804765,6.0,7.1384463,3.0,24.580992,3.0,0.0,0.0,24.131569,91.96858,4.0,2.0,0.0,50.0,0.0
83.0,131.47783,101.348305,88.80457,16.0,0.0,0.0,88.50873,21.76229,6.0,6.0,16.0,0.0,46.0,0.0,0.0,0.0,3.0,-8.0,1.0,1.0,0.0,44.0,0.0
83.0,289.50534,7.456636,153.70049,13.0,0.0,0.0,100.0,-7.0,7.0,8.0,13.0,1.0,20.0,-7.0,0.0,0.0,47.120747,98.16239,1.0,2.0,0.0,84.76135,0.0
73.0,139.33653,4.0,72.081116,23.0,0.0,0.0,89.68081,47.511566,6.0,6.0,27.0,1.0,54.3347,2.0,2.0,2.0,33.881725,97.85864,1.0,4.0,2.0,80.0,0.0
-9.0,-9.0,-9.0,-9.0,-9.0,-9.0,-9.0,-9.0,-9.0,-9.0,-9.0,-9.0,-9.0,-9.0,-9.0,-9.0,-9.0,-9.0,-9.0,-9.0,-9.0,-9.0,-9.0,0.0
77.0,-9.0,8.0,57.992455,27.0,0.0,0.0,100.0,-7.0,7.0,8.0,3.4127526,2.0,17.0,12.0,1.0,1.0,21.519161,-8.0,6.0,1.0,0.0,51.70089,0.0
88.36837,340.12833,24.041683,126.64197,29.0,0.0,0.0,100.0,-7.0,7.0,8.0,26.0,0.0,21.411327,-8.0,1.0,0.0,7.0,20.739948,4.0,3.224411,0.0,57.0,0.0
91.92472,222.95395,14.611828,96.583374,15.0,0.0,0.0,100.0,-7.0,7.0,8.0,14.0,0.0,12.522651,-7.0,0.0,0.0,0.0,-8.0,0.62064606,-8.0,0.0,2.4004314,0.0
86.0,160.8484,7.0,103.19558,29.0,0.0,0.0,100.0,-7.0,7.0,8.0,25.723839,1.0,36.0,-8.0,1.0,1.0,0.0,-8.0,2.0,1.0,0.0,43.0,0.0
-9.0,-9.0,-9.0,-9.0,-9.0,-9.0,-9.0,-9.0,-9.0,-9.0,-9.0,-9.0,-9.0,-9.0,-9.0,-9.0,-9.0,-9.0,-9.0,-9.0,-9.0,-9.0,-9.0,0.0
76.0,177.63293,16.67474,68.61676,16.0,0.0,0.0,100.0,-7.0,7.0,8.0,14.0,0.0,20.809275,0.0,1.0,1.0,29.982407,-8.0,7.0,1.0,1.0,56.308422,0.0
54.83447,176.6701,7.0,81.48895,10.740153,3.5252044,2.0,38.451214,1.6493746,3.2665074,3.0,14.0,2.0,29.0,-7.0,0.0,0.0,0.0,80.97855,2.0,2.0,0.0,44.912914,0.0
81.0,434.69305,23.795837,119.050354,28.0,0.0,0.0,100.0,-7.0,7.0,8.0,26.607107,0.0,52.001545,0.0,0.0,0.0,12.786289,48.75128,2.6430676,4.0,0.0,71.0,0.0
80.0,219.10632,6.0,103.16635,25.305199,0.0,0.0,97.0,51.328083,6.0,6.0,24.0,1.0,22.828821,2.0,2.0,2.0,13.0,95.13111,4.0,5.0,0.0,64.60997,0.0
64.0,264.38855,31.550161,138.54976,20.0,2.0,1.4576952,94.0,10.31036,-9.0,3.8950136,20.0,0.0,27.0,-6.074102,0.0,0.0,37.385815,-8.0,8.0,1.0,1.0,51.233215,0.0
57.467884,102.93989,6.0,39.420864,16.0,0.0,0.0,76.42515,5.7100077,4.0,6.0,19.0,3.0,17.0,1.0,1.0,1.0,21.103813,113.01999,5.0,1.53076,0.0,56.0,0.0
88.47135,437.24753,18.936003,158.6351,27.0,0.0,0.0,100.0,-7.0,7.0,8.0,23.0,0.0,21.07735,0.0,0.5275652,0.0,19.0,-8.0,3.0,2.0,0.0,79.590454,0.0
90.0,118.04599,38.75067,89.01655,-9.0,0.0,0.0,100.0,-7.0,7.0,8.0,4.962254,0.0,15.0,-8.0,0.0,0.0,1.0,-8.0,1.0,-8.0,0.0,71.0,0.0
66.0,125.41039,1.0,55.99413,22.0,0.0,0.0,95.0,35.689175,6.0,6.0,18.0,2.0,42.0,-7.0,0.0,0.0,50.26408,60.54505,4.0,5.0,1.0,71.0,0.0
79.0,142.3767,2.0,57.071743,42.643257,0.0,0.0,100.0,-7.0,7.0,8.0,44.237633,10.896907,18.302715,0.0,1.0146835,1.0,1.0,88.0,4.0,3.0,0.0,38.0,0.0
-9.0,-9.0,-9.0,-9.0,-9.0,-9.0,-9.0,-9.0,-9.0,-9.0,-9.0,-9.0,-9.0,-9.0,-9.0,-9.0,-9.0,-9.0,-9.0,-9.0,-9.0,-9.0,-9.0,0.0
81.0,78.074684,9.0,58.904156,8.051717,0.0,0.0,100.0,-7.0,7.0,8.0,9.064915,1.0,36.0,0.0,0.0,0.0,47.011497,94.20615,3.0,2.0,0.0,86.67156,0.0
66.0,184.16878,27.397455,122.648186,13.0,1.0,0.0,93.0,16.940088,6.0,6.0,11.825976,0.0,16.746162,0.0,1.0,2.0,115.5524,-8.0,1.0,-8.048497,2.0,70.976685,0.0
78.0,154.02266,3.0,69.91499,28.0,0.0,0.0,96.0,38.213806,6.0,6.0,27.0,2.0,23.505144,4.0,1.0,1.0,28.811554,84.04281,2.0,1.0,0.0,42.129345,0.0
81.0,351.26102,1.1470532,88.011536,28.459208,0.0,0.0,100.0,-7.0,7.0,8.0,22.0,3.0,17.0,0.0,0.0,0.0,11.0,98.347145,4.0,2.0,0.0,37.903248,0.0
69.0,416.5286,3.0,138.6842,33.0,0.0,0.0,85.22951,38.983246,6.0,6.0,30.907871,1.0,47.0,7.7116704,1.0,0.0,79.6877,91.0,8.0,3.0,1.0,100.0,0.0
83.0,229.78154,2.0,74.77865,19.0,0.0,0.0,97.0,37.020187,6.0,6.0,21.0,3.0,55.263317,0.0,1.0,1.0,14.087586,49.677307,2.0,4.0,0.0,90.65376,0.0
75.0,153.5967,34.977196,84.22236,21.0,1.0,1.0,100.0,-7.0,6.0,6.0,17.0,0.0,38.852665,16.2443,0.0,0.0,16.317408,-8.0,4.0,2.0,0.0,72.27795,0.0
85.53134,154.92444,6.0,85.45954,22.0,0.0,0.0,100.0,-7.0,7.0,8.0,9.0,1.0,8.647971,0.0,1.0,1.0,1.0,-8.0,2.0,1.0,0.0,21.408812,0.0
83.0,342.61,3.0,166.6524,25.115864,0.0,0.0,100.0,-7.0,7.0,8.0,29.812223,2.0,32.0,3.0,1.0,1.0,2.0,98.387665,6.0,1.0,0.0,60.0,0.0
82.0,185.89651,18.718945,103.226616,42.719643,0.0,0.0,100.0,-7.0,7.0,8.0,52.276928,0.0,30.160389,-7.0,0.0,0.0,21.038174,-8.0,4.0,2.0,0.0,60.0,0.0
70.0,446.78317,17.0,130.16147,30.0,0.0,0.0,90.784325,21.846706,6.0,6.0,31.0,0.0,41.711937,-8.0,0.0,0.0,39.12076,68.20427,12.492592,3.0,2.0,80.0,0.0
-9.0,-9.0,-9.0,-9.0,-9.0,-9.0,-9.0,-9.0,-9.0,-9.0,-9.0,-9.0,-9.0,-9.0,-9.0,0.0,0.0,-9.0,-9.0,-9.0,-9.0,-9.0,-9.0,0.0
77.0,208.64749,2.0,86.0,70.47367,0.0,0.0,97.0,72.1824,6.0,6.0,69.12235,4.433463,26.478487,21.307251,0.0,0.0,9.200196,54.163868,6.0,14.503501,0.0,60.0,0.0
78.0,278.99835,4.0,71.5822,13.0,0.0,0.0,100.0,-7.0,7.0,8.0,14.208591,3.0,24.0,0.0,1.0,1.8689005,44.432312,17.009398,2.0,2.0,0.0,50.0,0.0
86.0,265.71854,13.0,97.47293,26.0,0.0,0.0,100.0,31.110155,6.0,5.431923,29.183348,1.0,25.0,7.3497577,0.0,0.0,9.0,59.225418,3.0,3.0,0.0,63.426914,0.0
74.98026,254.32755,-9.0,76.437164,19.0,2.0,1.0,93.0,66.03399,6.0,3.9563441,21.0,1.0,60.3246,0.0,4.0,3.4898553,23.064135,97.01371,3.0,2.0,0.0,75.0,0.0
78.74886,230.75397,5.0,75.19871,23.0,0.0,0.0,93.29281,4.7325516,4.722264,6.0,23.0,2.0,21.0,20.0918,0.0,0.0,3.050518,100.0,4.0,2.0,0.0,50.0,0.0
81.1375,203.26715,14.185813,87.17741,46.272034,0.0,0.0,100.0,-7.0,7.0,8.0,61.490547,0.0,23.68155,0.0,2.0,1.502049,8.268904,34.108112,4.0,2.0,0.0,50.0,0.0
82.0,229.32457,9.0,72.69031,13.0,0.0,0.0,100.0,-7.0,7.0,8.0,12.950258,0.0,25.0,-8.0,1.0,1.0,35.697716,-8.0,2.0,1.0,1.0,59.029682,0.0
-9.0,-9.0,-9.0,-9.0,-9.0,-9.0,-9.0,-9.0,-9.0,-9.0,-9.0,-9.0,-9.0,-9.0,-9.0,-9.0,-9.0,-9.0,-9.0,-9.0,-9.0,-9.0,-9.0,0.0
-9.0,232.88416,4.0,76.50045,32.0,0.0,0.0,81.31466,4.6716313,5.0,6.0,38.0,5.0,12.161507,5.0,0.0,0.0,51.341038,97.03034,23.297586,2.0,3.0,74.87706,0.0
62.0,153.14029,1.0,52.228035,19.0,0.0,0.0,93.0,24.449408,6.0,6.0,18.0,4.0,38.70332,5.0,1.0,1.4332229,47.92653,71.0,6.0443935,7.635754,1.6760426,97.85831,0.0
75.0,218.73228,4.0,79.41625,40.128536,0.0,0.0,100.0,-7.0,7.0,8.0,40.97676,4.0,21.353577,0.0,4.0,3.8310316,10.474514,17.68668,7.0,6.0,0.0,63.0,0.0
81.0,96.602684,21.014076,73.68168,12.0,0.0,0.0,100.0,-7.0,7.0,8.0,12.0,0.0,-9.0,2.0,1.0,1.0,1.0,-8.0,1.0,1.0,0.0,-9.0,0.0
60.935566,115.62706,2.0,61.246967,24.809364,2.0,2.0,100.0,-7.0,3.9345655,8.0,27.0,5.0,20.0,0.0,2.0,2.73188,4.0,-8.0,8.838904,2.0,0.0,75.0,0.0
-9.0,-9.0,-9.0,-4.5964694,-9.0,-9.0,-9.0,-9.0,-9.0,-9.0,-9.0,-9.0,-9.0,-9.0,-9.0,0.0,-9.0,-9.0,-9.0,-9.0,-9.0,-9.0,-9.0,0.0
78.0,150.72595,16.0,55.07732,6.0,0.0,0.0,100.0,-7.0,7.0,8.0,9.0,1.0,27.0,-7.0,0.0,0.0,45.409855,-8.0,2.0,0.76939416,0.0,90.58293,0.0
69.0,297.5363,2.0,71.0,30.545973,0.0,0.0,94.0,23.239517,6.0,6.0,34.0,2.1679292,52.799423,0.0,0.0,0.0,56.26445,92.03521,2.0,3.0,0.0,83.78662,0.0
80.0,102.195274,1.0,18.862467,11.0,0.0,0.0,100.0,-7.0,7.0,8.0,15.0,2.0,22.0,-7.0,0.0,0.0,15.65457,-8.0,2.0,1.0,0.0,50.0,0.0
71.0,116.843834,6.0,86.21961,28.0,0.0,0.0,89.0,4.6479754,6.0,6.0,8.0,1.0,23.0,-8.0,3.0,3.0,4.798093,98.105095,6.0,3.0,0.0,75.0,0.0
69.865486,184.56018,0.30605537,88.79846,19.0,4.890426,5.272287,87.92168,32.12016,6.0,2.0,22.167654,2.0,45.838814,3.0,1.0,1.0,41.24319,71.678665,2.0,4.0,1.0,88.16142,0.0
77.0,-5.7572136,4.0,75.066345,36.10726,0.0,0.0,100.0,-7.0,7.0,8.0,32.0,1.0,20.0,0.0,0.0,0.0,28.0,-8.0,8.149071,1.0,1.0,100.0,0.0
70.0,144.64983,3.0,4.8864,12.0,0.0,0.0,100.0,-7.0,7.0,8.0,16.0,1.0,37.39687,0.0,2.0,2.0,74.72845,60.619312,2.0,2.0,3.0,100.0,0.0
82.0,199.74634,10.0,86.086716,33.610153,0.0,0.0,100.0,-7.0,7.0,8.0,26.0,4.0,13.0,0.0,4.0,3.0,3.0,91.712425,3.6693428,2.0,0.0,50.0,0.0
64.0,184.7467,9.0,65.0,23.09182,0.0,0.0,100.0,-7.0,7.0,8.0,27.502012,2.7159615,21.0,-7.0,4.0,3.9111087,59.479393,48.025208,17.998915,2.0,6.2573643,80.0,0.0
86.0,282.28214,27.007912,91.06739,23.0,0.0,0.0,100.0,-7.0,7.0,8.0,26.0,0.0,47.0,3.0,0.0,0.0,0.0,-8.0,1.0,2.0,0.0,60.0,0.0
74.64622,305.29303,4.0,137.75308,26.0,0.0,0.0,94.0,10.699694,4.651571,6.0,46.836872,1.0,24.0,0.0,4.0,4.0,1.0,-8.0,1.9807644,1.0,0.0,43.368847,0.0
73.0,152.87271,12.666284,92.0,43.537212,0.0,0.0,91.0,24.56409,6.0,4.0,40.80262,0.0,22.0,9.221762,0.0,0.0,25.474066,24.06801,1.0,3.0,0.0,50.0,0.0
75.0,302.43076,5.0,86.31981,22.32665,0.0,0.0,100.0,-7.0,7.0,8.0,21.0,1.0,20.0,1.0,5.0,4.5537863,11.0,85.97035,3.0,1.0456319,0.0,50.0,0.0
82.41577,438.4627,15.884957,167.70816,21.0,0.0,0.0,100.0,-7.0,7.0,8.0,21.0,0.0,11.584577,4.0,0.0,0.0,13.2669735,80.05923,3.0,2.0,0.0,43.625027,0.0
70.0,159.58664,7.0,53.748486,31.0,0.0,0.0,100.0,-7.0,7.0,8.0,31.0,3.0,46.0,0.0,1.0,1.0,74.37409,88.15385,3.6249719,3.0,2.0,80.70626,0.0
64.10212,119.37493,4.0,97.82788,54.11272,0.0,0.0,95.0,13.29651,6.0,6.0,5.7856402,1.095704,40.0,8.0,3.0,2.0,62.25899,77.99224,5.0,3.0,3.8457844,78.0,0.0
74.16995,174.98378,31.44422,87.21587,18.0,0.0,0.0,95.0,36.113617,5.0,6.0,23.944595,0.0,37.156136,0.0,0.0,0.0,7.9324884,-8.0,2.9684398,2.0,0.0,100.0,0.0
83.0,150.97794,15.0,83.0,13.0,0.0,0.0,100.0,-7.0,7.0,8.0,7.0,0.0,77.36397,21.001398,0.0,0.0,36.0,-8.0,2.0,2.0,0.0,100.0,0.0
71.0,172.42024,3.0,58.0,15.0,0.0,0.0,100.0,-7.0,7.0,8.0,18.0,1.0,37.741722,6.0,0.0,0.0,43.666096,-8.0,4.0,1.0,1.0,80.0,0.0
79.0,146.74628,6.0,72.5364,39.0,0.0,0.0,96.0,16.295841,6.0,6.0,45.09039,2.0,47.04706,1.1723462,2.0,2.0,23.726664,28.262426,5.0,3.0,0.0,69.15452,0.0
71.75711,186.87665,3.0,58.32638,26.0,0.0,0.0,96.0,75.67237,6.0,6.0,25.0,2.0,30.679821,0.0,2.0,2.0,81.14453,66.34331,3.0,5.0,3.1133642,67.0,0.0
82.0,171.57143,1.5686852,83.0,9.0,0.0,0.0,100.0,-7.0,7.0,8.0,8.487513,1.0,44.0,0.0,1.0,1.0,21.445248,82.0,4.0,2.0,0.0,100.0,0.0
80.0,-9.0,3.0,-9.0,13.0,0.0,0.0,100.0,-7.0,7.0,8.0,14.0,2.0,41.691704,0.0,2.0,1.0,2.0,100.0,2.0,2.0,0.0,63.406788,0.0
84.0,187.76329,13.493333,91.4236,22.0,0.0,0.0,94.65106,18.969893,6.0,6.0,28.0,0.0,45.0,17.160152,0.0,0.0,4.0,-8.0,1.0,1.0,0.0,43.140915,0.0
74.0,233.19304,1.6604253,110.72164,20.0,0.0,0.0,96.0,45.53049,6.0,6.0,21.269726,2.296013,18.955513,2.0,4.0,4.0,11.0,-8.0,6.0,-8.0,2.0,50.0,0.0
76.50663,99.78083,10.0,76.0,20.0,0.0,0.0,100.0,-7.0,7.0,8.0,22.0,0.0,26.0,-7.0,0.0,0.0,42.25787,43.8658,4.0,3.0,0.0,54.287155,0.0
84.0,135.64049,15.0,61.77452,9.0,0.0,0.0,100.0,-7.0,7.0,8.0,7.8168616,0.0,24.0,0.0,0.0,0.0,13.209974,-8.0,1.0,2.0,0.0,62.33053,0.0
89.0,174.4479,6.0,72.556274,11.772654,0.0,0.0,100.0,-7.0,7.0,8.0,14.0,1.0,50.0,10.515993,0.0,0.0,0.0,-8.0,1.0,1.0,0.0,36.99857,0.0
68.0,264.5035,7.0,68.063515,26.0,0.0,0.0,100.0,-7.0,7.0,8.0,8.919112,4.0,42.0,2.0,2.0,2.0,42.355137,31.925808,4.0,4.0,2.0,60.0,0.0
72.0,240.5196,6.0,122.080666,36.84865,1.0,1.0,93.0,7.073034,4.0,5.547424,41.263752,2.0,19.0,0.0,2.0,2.0,1.0,65.78216,3.0,2.0,0.0,38.788086,0.0
87.0,187.95363,2.0,63.34854,9.0,0.0,0.0,100.0,-7.0,7.0,8.0,13.0,1.0,39.0,3.761824,0.0,0.0,5.0,-8.0,1.0,1.0,0.0,63.0,0.0
81.0,287.21603,16.0,79.69149,16.740416,0.0,0.0,100.0,-7.0,7.0,8.0,17.0,1.0,42.0,0.0,0.0,0.0,25.411003,-8.0,5.0,1.0,0.0,81.735245,0.0
77.0,209.89658,7.0,88.154015,40.40449,0.0,0.0,100.0,-7.0,7.0,8.0,43.490368,1.0,27.706663,0.0,5.991229,5.647638,14.671808,-8.0,2.0,2.0,0.0,25.0,0.0
91.0,446.9744,27.84285,213.65665,14.113689,0.0,0.0,100.0,-7.0,7.0,8.0,19.0,0.0,17.0,18.74161,0.0,0.0,0.0,-8.0,1.0,1.0,0.0,33.0,0.0
73.63381,187.69095,8.0,98.346146,25.0,0.0,0.0,95.0,47.869133,6.0,6.0,26.496016,1.0,31.0,1.0,1.0,1.0,64.85482,-8.0,7.0583334,2.0,0.0,75.0,0.0
75.0,-9.0,2.0,24.210043,10.0,0.0,0.0,100.0,-7.0,7.0,8.0,12.0,2.0,48.2328,0.0,3.0,3.0,0.0,64.68714,1.0,2.0,0.0,44.752384,0.0
66.468666,109.51413,-9.0,49.444805,24.537039,0.0,0.0,100.0,-7.0,7.0,8.0,24.81496,3.0,41.0,1.1176367,3.0,3.0,94.11463,-8.0,4.0,5.0,4.558838,86.0,0.0
57.302532,141.06067,4.0,73.922264,35.360813,0.0,0.0,95.0,4.0,4.0,6.0,37.18476,3.0,33.0,1.0,3.5239115,3.0,24.860886,-8.0,5.0,1.0,3.0,50.0,0.0
82.0,307.1204,6.0,69.94547,24.0,0.0,0.0,100.0,-7.0,7.0,8.0,22.0,2.0,36.279324,0.0,1.0,1.0,18.51479,-8.0,4.0,4.7071524,0.0,83.0,0.0
80.0,111.40821,4.0,61.0,29.20514,0.0,0.0,100.0,-7.0,7.0,8.0,30.0,3.0,32.657616,-7.0,0.0,0.0,21.0,100.0,2.0,3.0,0.0,33.0,0.0
80.66121,209.01143,31.458536,102.04242,12.0,0.0,0.0,100.0,-7.0,6.0,8.0,10.300655,0.0,20.0,0.0,0.0,0.0,4.84304,60.148697,1.0,2.0,0.0,50.0,0.0
87.0,243.40443,6.5554104,104.2372,25.592651,0.0,0.0,100.0,-7.0,7.0,8.0,28.0,1.0,47.0,-0.12563315,0.0,0.0,0.0,-8.0,1.0,2.0,0.0,33.0,0.0
81.702705,178.19458,6.0,77.0,15.0,0.0,0.0,96.0,39.44896,6.0,5.0,15.173875,2.0,50.0,2.0,0.0,0.0,0.8117586,82.0,1.0,2.0,0.0,33.0,0.0
85.055984,169.72928,47.35689,146.02582,15.0,0.0,0.0,90.69175,19.553064,6.0,6.0,7.0,0.0,32.412613,-7.0,0.0,0.0,5.0,-8.0,2.0,1.0,0.0,50.0,0.0
80.0,139.07106,8.0,61.0,20.0,0.0,0.0,100.0,-7.0,7.0,8.0,21.246723,1.0,50.1466,0.0,1.0,1.0,14.427074,-8.0,3.0,2.0,0.49822924,73.03316,0.0
76.0,305.61078,8.0,82.90884,20.0,0.0,0.0,100.0,-7.0,7.0,8.0,21.0,2.0,35.0,0.0,0.0,0.0,14.18243,80.0,7.0,3.0,0.0,70.0,0.0
75.0,78.34907,8.0,43.49078,25.0,0.0,0.0,100.0,-7.0,7.0,8.0,31.690708,2.0,55.012726,0.0,0.0,0.0,42.121902,96.002594,3.0,2.0,0.0,80.1564,0.0
72.0,141.76054,6.0,65.01455,25.0,0.0,0.0,97.0,-7.0,-9.0,6.0,23.0,1.0,24.0,-8.0,2.0,2.0,9.998301,53.47877,2.0,1.0,1.0,25.0,0.0
82.113556,182.58104,7.6076465,68.09893,19.0,0.0,0.0,100.0,-7.0,7.0,8.0,8.5755415,2.0,25.0,-7.0,0.0,0.0,21.0,80.0,4.0,2.0,0.0,83.0,0.0
87.70938,174.30144,22.444836,77.10757,18.664516,0.0,0.0,100.0,-7.0,7.0,8.0,18.0,0.0,29.0,-7.0,0.0,0.80328995,0.0,-8.0,1.1740743,1.0,0.0,30.703226,0.0
84.0,184.0333,36.765812,101.407364,14.0,0.0,0.0,100.0,-7.0,7.0,8.0,15.0,0.0,38.0,1.0,1.0,1.0,19.855597,22.547155,3.0,2.0,0.0,91.43797,0.0
70.22647,386.38568,4.0,100.57272,30.090464,0.0,0.0,100.0,-7.0,7.0,8.0,32.0,2.0,21.0,6.0,1.0,1.0,63.214516,42.617367,10.0483885,3.0,5.764487,64.85561,0.0
58.902985,160.27577,8.0,71.0,28.09937,2.0,0.0,81.111305,1.387502,4.0,3.0,29.0,2.0,62.961796,18.45226,0.0,0.0,28.922804,38.800198,5.0,6.0,0.0,100.0,0.0
75.721794,-7.1414146,1.0,51.385876,16.941345,0.0,0.0,88.0,-7.0,4.0,5.0,22.0,3.0,30.0,0.0,1.0,1.0,12.0,60.083965,2.0,2.0,0.0,41.28216,0.0
86.0,218.07988,3.0,116.272125,33.0,0.0,0.0,100.0,-7.0,7.0,8.0,38.0,1.8619555,73.151085,0.0,5.0,4.0,6.0,32.553898,2.0,3.0,0.0,71.0,0.0
73.0,169.40501,9.0,46.252674,32.0,0.0,0.0,100.0,-7.0,7.0,8.0,28.0,1.0,31.0,19.564833,0.0,0.0,26.635626,83.95796,5.0,4.0,0.0,58.0,0.0
75.0,144.21448,4.0,56.050915,32.0,0.0,0.0,97.0,2.0,6.0,6.0,37.450233,3.0,25.0,2.0,1.0,1.0,22.800701,81.89997,3.0,2.0,0.0,57.0,0.0
89.0,195.22173,6.0,105.238205,14.0,0.0,0.0,100.0,-7.0,7.0,8.0,15.0,1.0,43.50247,-7.0,0.0,0.0,3.0,-8.0,2.0,2.0,0.0,69.64574,0.0
79.0,177.95636,2.0,64.14703,74.61404,0.0,0.0,100.0,-7.0,7.0,8.0,96.16009,3.0,43.0,0.0,3.0,3.0,1.0,66.67559,6.0,3.0,0.0,42.69975,0.0
81.0,31.811035,58.768158,68.12782,9.690879,0.0,0.0,92.4896,31.793447,6.0,6.0,12.0,0.0,15.0,0.0,1.0,1.0,16.560808,-8.0,2.0,1.0,0.0,76.93347,0.0
84.0,172.06168,11.0,88.08285,14.0,0.0,0.0,100.0,-7.0,7.0,8.0,11.756188,1.0,65.70089,-7.0,0.0,0.0,34.04566,59.74553,2.0,3.0,0.0,86.0,0.0
90.38648,246.70619,30.31514,114.38531,12.0,0.0,0.0,100.0,-7.0,7.0,8.0,14.0,0.0,26.0,0.0,1.0,1.0,1.0,-8.0,1.0,1.0,0.0,37.94823,0.0
79.0,165.80571,1.0,57.03734,13.0,0.0,0.0,100.0,-7.0,7.0,8.0,18.0,2.0,74.87481,0.0,1.0,1.0,3.0,75.93174,1.3982481,3.0,0.0,100.0,0.0
77.0,326.96445,2.0,89.849525,29.81857,0.0,0.0,93.0,78.67632,6.0,6.0,28.103758,4.0,17.409904,-8.0,0.0,0.0,15.541526,-8.0,3.0,3.0,1.0,42.27836,0.0
88.0,327.98386,26.396254,116.501915,4.3660536,0.0,0.0,100.0,-7.0,7.0,8.0,7.0,0.0,52.24113,-8.0,0.0,0.0,14.973641,-8.0,1.0,1.0,0.0,52.21054,0.0
59.615696,165.81049,5.0,75.71456,41.14928,0.0,0.0,95.0,-7.0,4.0,6.0,17.0,6.055376,22.0,0.0,3.1585214,3.0,17.0,64.10989,4.0,2.298019,0.0,42.38115,0.0
60.369244,124.42672,1.0,39.497044,32.71405,0.0,0.0,95.0,23.19258,6.0,6.0,37.09946,10.084053,45.45567,0.0,4.0,3.0,66.31004,93.0906,4.7058,5.0,0.0,73.0,0.0
73.0,91.55896,7.0,39.46084,15.0,0.0,0.0,84.96474,18.42472,6.0,6.0,16.0,3.0,38.631077,-7.0,4.0,4.0,1.0,96.43142,1.0,4.0,0.0,51.4844,0.0
87.0,207.20157,2.0,100.0,27.0,0.0,0.0,100.0,-7.0,7.0,8.0,23.205738,2.0,-9.0,-7.0,0.0,0.0,0.0,18.06887,1.0,1.0,0.0,-9.0,0.0
67.49881,190.1911,4.0,63.0,9.892961,2.0,1.0,77.377884,35.098907,6.0,-1.7694961,13.932587,1.0,50.0,-7.0,2.0,1.0,48.00355,61.534874,3.0,2.0,1.0,77.84246,0.0
79.0,429.25204,6.0,124.45417,37.92374,0.0,0.0,97.44336,27.087547,6.0,6.0,29.0,1.0,17.0,0.0,4.921847,5.0,3.0,-8.0,9.0,1.0,0.0,41.708485,0.0
85.0,191.01999,118.27885,104.93748,8.0,0.0,0.0,88.0,40.134716,6.0,6.0,11.0,0.0,18.0,-2.778345,0.0,0.0,3.0,-8.0,0.0,-8.0,0.0,50.0,0.0
64.0,106.31557,5.0,94.0,28.0,0.0,0.0,100.0,-7.0,7.0,8.0,27.0,1.0,50.0,0.0,0.0,0.0,93.40584,76.0,3.0,4.9288383,3.3963666,93.27446,0.0
69.877884,198.15404,2.0,72.0,33.0,0.0,0.0,94.0,49.84947,6.0,6.0,32.692875,2.0,33.302536,0.0,2.0,2.0,51.978916,84.4464,4.0,3.0,2.0,54.267914,0.0
71.99991,110.28961,1.0,30.322716,12.0,0.0,0.0,94.0,47.37815,6.0,5.0,11.0,4.0,65.58591,0.0,1.9802474,1.0,27.005692,98.75092,2.0,5.0,0.0,100.0,0.0
-9.0,-9.0,-9.0,-9.0,-9.0,-9.0,-9.0,-9.0,-9.0,-9.0,-9.0,-9.0,-9.0,-9.0,-9.0,-9.0,-9.0,-9.0,-9.0,-9.0,-9.0,-9.0,-9.0,0.0
80.0,216.40991,2.0,60.182125,20.0,0.0,0.0,100.0,-7.0,7.0,8.0,19.0,6.0,25.116062,0.0,0.0,0.0,15.051351,130.7889,5.0,2.0,0.0,67.0,0.0
84.0,196.46222,9.0,68.92407,19.265583,0.0,0.0,100.0,-7.0,7.0,8.0,18.0,1.0,80.78658,0.0,0.0,0.0,36.84439,40.152164,1.0,3.0,0.0,79.72436,0.0
82.084076,167.99397,12.0,151.89955,31.0,0.0,0.0,100.0,-7.0,7.0,8.0,24.0,0.0,40.814648,1.0,2.0,1.0,10.0,-8.0,2.0,2.0,0.0,41.721867,0.0
72.0,287.28476,5.0,86.0,19.0,0.0,0.0,100.0,-7.0,7.0,8.0,24.0,1.0,18.0,-7.0,0.0,0.0,62.770256,31.41579,6.0,2.0,1.0,82.983215,0.0
80.0,373.55295,2.0,91.452156,28.0,0.0,0.0,97.0,29.507586,6.0,6.0,28.0,2.0,22.0,0.0,1.0,1.0,11.35853,-8.0,5.0,1.0,2.0,36.871845,0.0
67.0,377.53198,2.520835,89.51856,34.0,1.0,0.0,90.65708,17.124187,6.0,5.0,32.0,3.0,45.15893,0.0,0.0,0.0,40.96226,-8.0,6.0,4.0,0.0,60.0,0.0
88.0,439.95004,22.206125,142.85327,16.0,0.0,0.0,100.0,-7.0,7.0,8.0,15.0,0.0,50.558002,0.0,0.0,0.0,2.0,-8.0,1.0,4.0,0.0,88.95406,0.0
65.0,197.55891,2.0,56.9518,34.0,2.0,1.0,96.84876,58.428772,6.0,6.0,31.0,6.0,50.0,-7.0,5.0,5.0,78.81623,39.208206,6.0,2.0,1.0,81.40853,0.0
78.0,164.86002,3.951626,84.1958,24.0,0.0,0.0,100.0,60.32438,6.0,6.0,38.0,2.0,18.570414,0.0,2.0,2.0,28.33681,-8.0,4.0,1.0,1.0,50.0,0.0
73.0,174.97415,17.0,75.0,19.075146,0.0,0.0,96.15218,22.43733,5.0,6.0,21.0,0.0,19.0,0.0,1.0,1.0,50.263584,71.0,4.0,2.0,1.0,66.52495,0.0
73.0,178.79608,3.0,97.0,18.0,1.0,1.0,93.0,10.084357,6.0,4.3882747,16.0,1.0,36.0,0.0,0.0,0.0,1.0,87.86655,3.0,2.0,0.0,41.402206,0.0
75.0,308.89648,2.303714,96.39856,42.560856,0.0,0.0,96.0,24.789011,6.0,6.0,41.851078,1.0,12.82844,2.0,0.0,0.0,18.0,-8.0,6.0,1.0,0.0,38.278103,0.0
73.24094,170.35922,2.0,76.0,14.0,1.0,1.0,76.12986,7.0956845,6.0,2.5108492,16.0,1.0,28.0,0.0,0.0,0.0,2.0,27.756887,3.0,3.0,0.0,67.0,0.0
80.0,68.89177,3.0,63.020103,31.671892,0.0,0.0,100.0,-7.0,7.0,8.0,30.0,2.0,19.0,-7.09424,1.8454509,1.0,28.0,48.377853,2.0,3.0,0.0,67.0,0.0
67.020325,157.48843,12.0,95.13674,8.994772,4.3490553,3.6559367,72.7425,18.425425,6.0,2.0,13.0,0.0,26.0,0.0,3.0,3.0,70.48867,-8.0,3.0,-8.0,0.0,83.0,0.0
74.0,201.47353,3.0,67.0,30.69134,0.0,0.0,100.0,15.868931,6.0,6.0,35.0,3.0,65.01123,2.0,2.0,2.0,33.13747,93.54681,5.0,4.0,0.0,62.512154,0.0
80.0,154.47935,38.157238,108.15772,13.4790945,0.0,0.0,100.0,-7.0,7.0,8.0,27.0,0.0,56.56242,-7.950207,0.0,0.0,34.316982,-8.0,2.0,1.0,1.0,80.0,0.0
89.0,166.66582,14.0,83.0,21.0,0.0,0.0,100.0,-7.0,7.0,8.0,20.0,0.0,15.511667,-7.0,0.0,0.0,6.0,3.110262,1.0,1.0,0.0,4.6983223,0.0
87.0,160.08507,3.0,100.78021,21.412754,0.0,0.0,100.0,-7.0,7.0,8.0,22.0,2.0,20.0,-8.0,1.0,1.0,1.0,22.804781,3.0,1.0,0.0,50.0,0.0
88.0,404.8205,58.928658,157.63461,12.0,0.0,0.0,100.0,-7.0,7.0,8.0,9.0,0.0,-4.2254486,0.0,0.0,0.0,20.780622,-8.0,2.0,1.0,0.0,69.23484,0.0
81.0,98.790855,7.0,55.1131,41.228905,0.0,0.0,95.0,26.10029,6.0,6.0,55.03272,1.0,35.0,0.0,2.0,2.0,1.0,70.67809,2.0,5.0,0.0,50.0,0.0
76.0,299.90292,6.693738,125.94542,17.0,0.0,0.0,92.814766,31.618734,6.0,6.0,20.0,2.0,44.0,2.0,0.0,0.0,14.164986,50.790184,2.0,2.0,1.0,57.989605,0.0
69.0,322.9647,6.0,152.34904,24.0,1.0,0.0,91.26443,12.0005665,6.0,6.0,26.0,1.0,14.0,-7.0,0.0,0.0,21.641378,100.0,4.0,2.0,0.7969072,33.0,0.0
87.0,318.74686,5.0,118.07983,27.0,0.0,0.0,100.0,-7.0,7.0,8.0,32.0,2.0,34.859825,0.0,0.0,0.0,2.0,-8.0,1.0,2.0,0.0,38.0,0.0
71.66534,170.37227,6.524754,65.66794,22.0,0.0,0.0,100.0,-7.0,7.0,8.0,22.0,3.0767732,19.0,0.0,2.0,2.0,42.382042,-8.0,6.5920177,-8.0,0.0,80.0,0.0
79.524536,212.62614,3.3885188,87.53638,12.948621,0.0,0.0,100.0,-7.0,7.0,8.0,14.077178,1.0,41.463615,0.0,3.0,3.0,16.0,-8.0,3.0,1.0,1.0,64.0,0.0
59.965904,198.98172,5.0,73.76767,43.964504,0.0,0.0,90.74172,6.686607,0.0,6.0,45.480843,3.0,36.0,0.0,2.0,1.0,44.638695,86.40295,6.0,5.0,1.0,57.0,0.0
76.83361,-9.0,16.0,35.184837,6.177201,0.0,0.0,100.0,-7.0,7.0,8.0,-8.118392,0.0,29.0,-6.7772093,1.0,1.0,29.823559,73.10794,3.0,2.0,0.0,82.217674,0.0
61.503044,177.30276,2.0,58.0,44.901863,0.0,0.0,100.0,-7.0,6.0,8.0,48.184998,4.0,42.599102,0.0,2.0,2.0,45.01023,95.703674,7.0,6.665664,0.0,75.0,0.0
84.0,133.98901,1.0,80.203224,39.80293,0.0,0.0,100.0,-7.0,7.0,8.0,38.0,4.0,21.0,-7.0,1.0,1.0,8.449267,60.532455,4.0,2.0,0.0,33.0,0.0
86.0,253.45287,23.743156,100.07039,21.0,0.0,0.0,100.0,-7.0,7.0,8.0,22.0,0.0,15.206721,-7.0,0.0,0.0,11.760601,-8.0,1.790064,2.0,0.0,48.70028,0.0
77.0,193.91164,10.0,68.0,30.0,0.0,0.0,100.0,-7.0,7.0,8.0,31.251873,1.0,50.0,-7.0,0.0,0.0,9.0,68.94253,2.0,2.0,1.0,50.0,0.0
89.49858,119.071,4.0,70.0,15.0,0.0,0.0,100.0,-7.0,7.0,8.0,17.0,2.0,56.009933,-7.0,1.0,1.0,1.0,-8.0,1.0,1.0,0.0,50.0,0.0
56.20667,289.9018,2.0,74.257866,40.36451,0.0,0.0,88.0,61.801464,6.0,6.0,38.033337,2.0,37.0,1.0,4.0,3.7029712,76.47417,45.9669,11.0,1.0,2.0,100.0,0.0
65.0,218.00563,4.0,67.99991,22.0,1.3358535,0.0,82.248604,10.226723,6.0,2.4058845,26.0,3.0,38.120895,0.0,1.0,1.0,27.391253,90.4709,5.0,2.0,3.0,50.0,0.0
68.50266,432.67276,1.6443458,87.95137,30.0,0.0,0.0,94.0,36.795635,6.0,5.986961,31.0,2.0,28.0,0.0,1.0,0.0,17.0,-8.0,11.769117,2.0,2.0,60.0,0.0
80.0,185.50766,28.318577,94.0,16.0,0.0,0.0,100.0,-7.0,6.6299257,8.0,17.0,0.0,67.18191,0.0,0.0,0.0,35.035892,55.02738,4.0,3.0,0.0,82.84907,0.0
73.0,445.96967,2.0,125.74897,31.0,0.0,0.0,100.0,-7.0,7.0,8.0,38.0,1.0,18.265358,21.346191,0.0,0.0,15.0,-8.0,6.0,3.0,2.0,43.0,0.0
-9.0,-9.0,-9.0,-9.0,-9.0,-9.0,-9.0,-9.0,-9.0,-9.0,-9.0,-9.0,-9.0,-9.0,-9.0,-9.0,-9.0,-9.0,-9.0,-9.0,-9.0,-9.0,-9.0,0.0
85.0,285.70154,4.0,154.45668,18.0,0.0,0.0,96.0,51.544476,6.0,6.0,17.0,1.0,17.674017,7.856298,0.0,0.0,3.0,30.226221,7.0,1.0,0.0,58.0,0.0
85.0,6.9372005,19.038027,86.0,0.7002229,0.0,0.0,100.0,-7.0,7.0,8.0,3.991256,0.0,38.11867,-7.0,1.0,1.0,9.0,-8.0,2.0,-8.0,0.0,89.35284,0.0
81.0,495.62955,5.0,133.01053,45.15475,0.0,0.0,100.0,-7.0,7.0,8.0,85.24537,1.0,16.0,1.0,2.0,2.0,9.0,95.698524,6.0,3.0,0.0,46.104603,0.0
76.0,335.91644,2.0,164.1331,25.0,0.0,0.0,100.0,-7.0,7.0,8.0,23.0,2.0,42.0,0.0,1.0,1.0,31.05024,51.884712,6.0,3.0,0.0,73.0,0.0
83.0,341.44937,2.0,97.62721,28.0,0.0,0.0,100.0,-7.0,7.0,8.0,29.0,1.0,40.0,0.0,0.0,0.0,15.0,72.11996,3.0,3.0,0.0,50.0,0.0
83.0,43.635952,3.0,60.689823,16.0,0.0,0.0,100.0,-7.0,7.0,8.0,3.2170389,2.0,22.0,0.0,3.0,3.0,0.0,-6.2864847,2.0,2.360875,0.0,50.0,0.0
77.0,402.29074,22.318842,137.76717,16.816528,1.0,0.0,89.0,34.563366,6.0,5.0,12.0,0.0,17.0,2.0,0.0,0.0,23.219175,-8.0,5.0,1.0,0.0,75.32569,0.0
77.0,287.88205,4.0,71.05436,39.086205,0.0,0.0,95.0,-7.0,4.0,6.0,37.109894,4.0,17.33254,3.727877,1.0,1.0,0.0,58.369568,2.0,2.0,0.0,24.593857,0.0
68.0,263.08716,6.0,98.82804,43.846355,0.0,0.0,100.0,2.3878508,6.0,6.0,46.710663,4.0,17.0,5.28908,0.0,0.0,14.357692,99.76611,8.0,1.0,2.0,43.490253,0.0
81.0,266.88174,1.0,62.92361,36.20012,0.0,0.0,100.0,-7.0,7.0,8.0,41.17261,1.0,25.935194,0.0,3.0,3.0,24.409492,81.7874,3.0,4.0,0.0,50.0,0.0
84.0,219.85254,5.0,105.447014,19.0,0.0,0.0,100.0,-7.0,7.0,8.0,20.983732,1.0,21.803839,0.0,0.0,0.0,2.0,-8.0,2.0,1.0,0.0,52.56594,0.0
66.0,134.56805,0.9507968,50.275455,25.0,0.0,0.0,100.0,-7.0,7.0,8.0,32.0,6.0,15.0,3.0,4.0,3.0,64.09748,-8.0,4.0,1.0,2.811711,64.21213,0.0
89.0,478.6031,8.0,176.19865,20.0,0.0,0.0,100.0,-7.0,7.0,8.0,19.0,1.0,22.938086,0.0,1.0,1.0,9.0,-8.0,4.0,2.0,0.0,53.62818,0.0
79.0,158.13466,5.0,58.0,40.423073,0.0,0.0,95.0,18.976347,6.0,6.0,35.0,4.0,16.0,0.0,1.0,1.0,0.0,51.42731,2.0,2.0,0.0,32.50203,0.0
76.0,114.85963,2.1276894,35.782497,14.0,0.0,0.0,100.0,-7.0,7.0,8.0,13.0,3.0,30.940327,21.86239,0.0,0.0,36.0,95.4934,4.0,3.0,1.0,64.0,0.0
73.0,162.03572,3.0,52.603386,31.56167,1.0,0.0,94.0,27.647202,6.0,5.0,35.511116,1.0,-9.0,-7.0,1.0,0.0,12.974814,41.408413,6.0,1.0,0.0,41.904217,0.0
85.0,389.89072,2.0,89.551605,16.0,0.0,0.0,100.0,-7.0,7.0,8.0,18.0,1.0,27.0,-8.07246,0.0,0.0,32.292522,78.88298,3.0,2.0,0.0,67.0,0.0
56.732597,191.02386,5.0,44.794014,43.34183,0.0,0.0,98.44297,4.0,3.9927948,6.0,55.551674,6.9859896,27.0,0.0,5.569063,5.302821,35.304737,99.02899,4.0,2.0,2.976948,43.0,0.0
77.507065,213.24413,3.0,83.73411,24.199068,3.6947336,5.3549194,85.51345,71.52094,6.0,3.0,24.0,4.0,28.713995,5.0,1.0,0.0,20.715843,-8.0,5.0,2.0,0.0,88.0,0.0
79.0,235.83934,6.0,80.0,30.0,0.0,0.0,100.0,-7.0,7.0,8.0,35.0,2.0,49.709194,0.0,1.0,1.0,15.0,60.25297,2.0,4.0,0.0,60.0,0.0
-9.0,-9.0,2.0,61.78976,16.0,1.0,1.0,70.4798,-7.0,3.3326118,2.0,21.0,4.0,29.17093,-7.0,0.0,0.0,50.08287,83.719,4.0,3.0,0.0,86.0,0.0
80.0,280.51022,11.0,76.88391,35.163418,0.0,0.0,100.0,-7.0,7.0,8.0,40.307266,1.0,22.0,0.0,1.0,1.0,31.118765,-8.0,3.0,-8.0,0.0,43.0,0.0
65.0,316.89545,16.299597,151.92574,27.936321,0.0,0.0,86.56154,20.809032,6.0,6.0,34.0,0.0,45.40077,7.0,2.0,2.0,65.48283,54.826035,4.0,3.0,1.3897725,81.199326,0.0
79.0,299.4034,2.0,93.0,24.0,0.0,0.0,88.0,8.42174,6.0,6.0,31.0,3.0,17.0,0.0,2.0,2.0,2.0,-8.0,3.0,1.0,0.0,33.0,0.0
81.0,287.9735,4.0,61.0,23.0,0.0,0.0,100.0,-7.0,7.0,8.0,34.0,3.0,27.0,2.0,1.0,1.0,2.0,-8.0,2.0,1.0,0.0,30.411736,0.0
75.0,191.55983,9.0,61.0,15.0,1.0,0.0,85.6138,28.58524,6.0,5.0,17.0,0.0,71.899254,-7.0,0.0,0.0,20.091396,51.690636,3.0,4.0,0.0,100.0,0.0
73.0,292.86334,3.0,102.27195,30.384388,0.0,0.0,95.0,5.506734,4.0,5.0,32.0,3.0,24.0,10.280049,0.0,0.0,14.775531,-8.0,5.0,2.0,0.0,61.525352,0.0
76.0,321.14362,4.0,127.94009,23.0,0.0,0.0,100.0,-7.0,7.0,8.0,23.288303,2.0,46.25861,0.0,3.0,2.0,35.47851,-8.0,4.0,2.0,2.0,74.05085,0.0
74.0,391.6226,12.0,142.02411,26.0,0.0,0.0,92.0,9.760958,6.0,6.0,29.0,0.0,48.940876,14.623798,0.0,0.0,43.288975,-8.0,4.0,1.0,0.0,75.0,0.0
80.0,224.92822,17.0,82.0,28.0,0.0,0.0,100.0,-7.0,7.0,8.0,31.0,0.0,13.0,1.0,1.0,1.0,21.0,41.568104,7.0,2.0,1.0,50.0,0.0
85.0,396.7427,9.0,93.0,39.0,0.0,0.0,100.0,-7.0,7.0,8.0,34.0,1.0,57.49285,3.0,0.0,0.0,1.0,-8.0,2.0,6.850962,0.0,54.660576,0.0
86.0,-8.0,33.392776,43.88567,7.0,0.0,0.0,100.0,-7.0,7.0,8.0,9.0,0.0,39.0,0.0,0.0,0.0,0.016801108,-8.0,1.0,1.0,0.0,40.0,0.0
81.0,162.21843,11.0,74.0,15.0,0.0,0.0,100.0,-7.0,7.0,8.0,16.0,0.0,35.0,0.0,4.0,3.0,1.0,-8.0,4.0,2.0,0.0,86.0,0.0
75.0,298.63004,2.0,72.701225,29.257736,0.0,0.0,100.0,-7.0,7.0,8.0,34.0,2.0,24.923782,0.0,2.0,1.9179617,25.498207,65.636635,5.0,2.0,1.0,96.72779,0.0
84.328255,137.93121,6.0,41.17756,8.0,0.0,0.0,100.0,-7.0,7.0,8.0,11.0,2.0,41.0,0.0,2.0,2.0,0.0,-8.0,1.0,1.0,0.0,38.660957,0.0
86.0,223.03821,7.0,92.0,8.711169,0.0,0.0,100.0,-7.0,7.0,8.0,9.458944,1.0,32.0,0.0,0.0,0.0,9.0,-8.0,3.0,1.0,0.0,87.7937,0.0
72.0,82.25451,6.0,63.0,20.0,0.0,0.0,95.0,39.861664,6.0,6.0,19.0,3.0,7.7750187,-7.0,1.0,0.9581526,23.443186,86.4502,6.0,2.0,0.0,91.67356,0.0
89.67857,419.0429,2.0,134.39491,21.0,0.0,0.0,100.0,-7.0,7.0,8.0,23.0,1.0,24.0,0.47792247,1.0,1.0,1.0,-8.0,4.0,-8.0,0.0,18.579683,0.0
85.0,223.41475,6.0,80.139885,32.0,0.0,0.0,100.0,-7.0,7.0,8.0,44.17784,4.0,40.0,9.0,1.0,1.0,0.0,115.7661,-9.0,2.0,0.0,36.01403,0.0
78.68016,277.08395,3.0,65.67912,33.0,0.0,0.0,100.0,-7.0,7.0,8.0,35.0,1.3690791,43.0,4.0,2.0,1.0,30.942434,47.545856,4.0,2.0,0.0,27.508389,0.0
67.253624,170.09424,1.0,61.50334,9.0,1.0,0.0,88.0,52.85283,6.0,5.0,3.9970682,2.0,33.0,0.0,1.0,1.0,44.157043,79.28543,4.0,2.0,2.0,77.00128,0.0
-9.0,-9.0,-9.0,-9.0,-9.0,-9.0,-9.0,-9.0,-9.0,-9.0,-9.0,-9.0,-9.0,-9.0,-9.0,-9.0,-9.0,-9.0,-9.0,-9.0,-9.0,-9.0,-9.0,0.0
80.0,214.15065,9.0,80.258995,25.0,0.0,0.0,97.0,21.27589,6.0,6.0,16.291712,2.0,21.0,0.0,5.0,4.0,2.0,73.4814,1.0,2.0,0.0,32.844616,0.0
-9.0,-9.0,-9.0,-9.0,-9.0,-9.0,-9.0,-9.0,-9.0,-9.0,-9.0,-9.0,-9.0,-9.0,-9.0,-9.0,-9.0,-9.0,-9.0,-9.0,-8.327331,-9.0,-9.0,0.0
65.0,165.57758,2.0,89.79329,19.0,0.0,0.0,94.9474,14.256445,6.0,6.0,19.0,3.0,14.659521,0.0,2.0,2.0,36.740482,90.398254,9.0,3.0,1.0,67.0,0.0
58.600296,204.07149,9.0,86.0,14.0,5.9323735,3.9433665,61.15501,34.043964,6.0,5.0,16.38446,1.0,58.358917,0.0,1.0,1.0,107.10967,75.644135,3.0,2.0,2.0,83.0,0.0
84.0,353.8945,10.0,103.890976,19.0,0.0,0.0,97.0,37.296993,6.0,6.0,22.665106,2.0,28.0,2.0,2.0,1.1773218,8.885961,53.58167,1.0,3.0,0.0,71.0,0.0
61.11963,130.54471,8.0,68.0,34.884556,0.0,0.0,92.0,21.996037,6.0,6.0,34.0,0.0,21.0,4.0,2.0,2.0,43.34027,78.99785,7.9837017,1.0,2.0,80.0,0.0
68.0,205.4525,4.0,72.36846,32.0,0.0,0.0,96.0,37.625668,6.0,6.0,34.565025,4.0653315,24.0,-7.0,0.0,0.0,36.0,-8.0,7.0,-8.0,2.0,80.0,0.0
85.0,208.68983,2.0,106.626076,24.0,0.0,0.0,95.0,55.68597,6.0,6.0,29.0,3.0,27.18277,14.038285,0.0,0.0,7.8165116,-8.0,2.0,1.0,0.0,42.8187,0.0
89.0,267.42303,32.00583,126.959,9.0,0.0,0.0,100.0,-7.0,7.0,8.0,11.0,0.0,25.899258,9.919392,0.0,0.0,1.0,-8.0,1.0,1.0,0.0,33.0,0.0
88.0,139.2398,2.0,67.0,17.021273,0.0,0.0,100.0,-7.0,7.0,8.0,22.406961,2.0,29.48683,-8.0,0.0,0.0,0.0,76.45604,2.0,3.0,0.0,44.0,0.0
85.0,143.45442,9.0,83.0,9.0,0.0,0.0,100.0,-7.0,7.0,8.0,11.0,0.0,57.381546,0.0,1.0,1.0,1.0,49.55119,1.0,3.0,0.0,83.0,0.0
64.33782,379.56757,32.275772,123.17591,14.0,0.0,0.0,75.7952,22.27795,6.0,6.0,15.0,0.0,14.0,0.0,1.0,0.0,69.78775,-8.0,7.0,1.0,4.0,100.0,0.0
69.0,213.30788,3.0,130.95694,37.883995,1.0,0.0,93.0,47.51863,6.0,5.0,35.0,1.0,24.0,3.180369,2.0,1.0,54.631638,94.34865,4.0,5.0,1.0,59.215096,0.0
82.819626,174.1411,-9.0,97.66104,26.0,0.0,0.0,100.0,-7.0,7.0,8.0,26.788658,5.0,18.41696,0.0,1.0,1.0,21.0,-8.0,4.0,2.585212,0.0,80.0,0.0
83.0,105.96487,10.615397,68.0,24.0,0.0,0.0,100.0,-7.0,7.0,8.0,24.602829,0.0,46.81482,1.0,1.0,1.0,0.0,-8.0,1.0,1.0,0.0,45.135387,0.0
84.0,266.14877,14.8511915,105.22331,14.821511,0.0,0.0,95.0,19.200144,6.0,6.0,17.0,0.0,29.0,23.562378,0.0,0.0,15.024014,93.0,3.0,1.0,1.0,58.965958,0.0
86.0,191.20398,4.0,68.0,21.0,0.0,0.0,100.0,-7.0,7.0,8.0,24.0,2.0,0.0,2.0,0.0,0.0,1.0,59.6466,4.0,-3.6729052,0.0,30.456945,0.0
87.0,212.59349,8.540094,76.647125,22.0,0.0,0.0,100.0,-7.0,7.0,8.0,19.0,0.0,18.0,8.159716,0.0,0.0,11.0,-8.0,5.0,1.0,0.0,57.0,0.0
82.8188,363.9831,3.0,129.58888,26.0,0.0,0.0,100.0,-7.0,7.0,8.0,25.0,1.0,30.0,0.0,2.0,2.0,22.941233,87.14217,5.0,2.0,0.0,64.0,0.0
-9.0,-9.0,-9.0,-9.0,-9.0,-9.0,-9.0,-9.0,-9.0,-9.0,-9.0,-9.0,-9.0,-9.0,-9.0,-9.0,-9.0,-9.0,-9.0,-9.0,-9.0,-9.0,-9.0,0.0
71.0,203.13174,12.276734,63.0,18.829166,0.0,0.0,100.0,-7.0,7.0,8.0,26.0,0.0,13.0,16.0,0.0,0.0,57.86144,84.559944,5.0,2.0,1.0,91.2464,0.0
68.0,157.4191,9.0,62.534878,14.0,0.0,0.0,91.0,36.266502,6.0,6.0,15.0,0.0,14.0,1.0,3.0,3.0,57.832085,-8.0,7.0,-8.0,2.0,83.0,0.0
71.0,405.61368,28.382349,121.97288,23.0,1.0,0.0,96.0,23.444244,6.0,6.0,28.0,0.0,44.0,-8.0,0.0,0.0,67.57106,77.314896,5.0,4.0,2.0,86.0,0.0
71.0,276.50235,7.0,74.83786,17.0,1.0,0.0,83.81735,21.348928,6.0,5.0,12.0,4.0,19.0,0.0,0.0,0.0,6.430352,60.988956,2.0,1.0,0.0,23.910446,0.0
82.0,199.1048,9.0,119.67722,32.0,0.0,0.0,100.0,-7.0,7.0,8.0,28.0,0.0,17.0,0.0,0.0,0.0,34.649014,-8.0,5.0,1.0,0.0,40.0,0.0
69.0,340.7588,8.0,67.87595,13.827719,0.0,0.0,100.0,-7.0,7.0,8.0,17.737999,1.0,35.0,0.0,1.0,1.0,89.329216,-8.0,5.80424,2.0,3.0,78.0,0.0
82.74225,507.32874,5.0,125.57129,27.0,0.0,0.0,100.0,-7.0,7.0,8.0,31.900114,3.0,24.0,0.0,2.0,2.0,11.997324,58.605293,7.0,2.0,0.0,50.0,0.0
65.87361,125.11267,3.0,53.25943,18.746088,0.0,0.0,100.0,-7.0,7.0,8.0,21.0,2.0,30.0,0.0,6.198378,6.2540426,83.086296,99.333374,9.0,2.0,3.2440119,92.10857,0.0
82.0,377.17822,2.0,105.7364,30.0,0.0,0.0,100.0,-7.0,7.0,8.0,30.0,2.0,55.49372,0.0,0.0,0.0,21.87116,83.22002,4.0,8.1642,1.0,71.44008,0.0
83.0,169.8146,14.0,110.97241,34.63969,0.0,0.0,100.0,-7.0,7.0,8.0,35.275024,0.0,53.523785,-7.0,3.0,3.0,11.0,-8.0,2.0,3.0,0.0,60.0,0.0
72.0,-8.823937,7.0,49.82091,16.0,0.0,0.0,93.0,10.031608,6.0,6.0,3.6671028,2.0,27.0,2.0,1.0,1.0,28.396177,26.94637,2.0,1.0,0.0,43.85588,0.0
83.0,109.65472,3.0,29.54521,27.94982,0.0,0.0,100.0,-7.0,7.0,8.0,53.97857,2.0,24.069773,0.0,1.0,1.0,1.3027087,57.33133,3.0,2.0,0.0,33.0,0.0
85.267685,171.54393,15.0,75.24759,32.0,0.0,0.0,100.0,-7.0,7.0,8.0,51.047935,1.0,40.591908,0.0,1.0,0.0,11.0,-8.0,3.0,2.0,0.0,74.33854,0.0
76.0,221.49152,7.4590883,139.53593,19.013983,0.0,0.0,96.0,0.48177958,4.0,6.0,25.0,2.0,22.0,17.40363,0.0,0.0,23.867382,-8.0,6.0,2.0,0.0,66.528595,0.0
68.912254,299.88254,6.0,96.570274,12.6910925,0.0,0.0,100.0,-7.0,7.0,8.0,14.0,2.0,33.0,-7.0,0.0,0.0,97.44989,56.31472,6.0,3.0,5.6728587,78.82468,0.0
85.13602,238.10176,5.0,143.97394,20.0,0.0,0.0,100.0,-7.0,7.0,8.0,26.0,1.0,22.0,1.0,5.6632643,6.2474985,12.14766,-8.0,2.0,2.0,0.0,57.0,0.0
83.0,217.33469,2.0,75.0,13.0,0.0,0.0,100.0,-7.0,7.0,8.0,14.0,3.0,36.0,0.0,2.0,2.0,0.0,100.0,3.0,3.0,0.0,82.27007,0.0
89.0,290.90558,8.0,117.24051,22.121256,0.0,0.0,100.0,-7.0,7.0,8.0,21.0,1.0,20.0,1.0,1.0,1.0,1.0,-8.0,6.0,1.0,0.0,48.779892,0.0
75.0,180.54898,7.516721,63.0,29.870169,0.0,0.0,100.0,-7.0,7.0,8.0,28.19922,0.0,26.75962,14.851659,0.0,0.0,21.191448,88.0,4.0,2.0,1.0,44.0,0.0
74.0,241.84059,1.0,92.0,22.32119,0.0,0.0,95.0,49.053844,6.0,6.0,23.274473,3.0,21.074123,4.0,3.0,3.0,51.740395,-8.0,4.0,1.0,1.0,44.0,0.0
79.006714,199.43561,6.0,106.11284,30.0,0.0,0.0,100.0,-7.0,7.0,8.0,22.0,1.0,23.0,0.0,0.0,0.0,17.0,51.822845,3.0,2.0,1.0,37.066082,0.0
85.2802,33.965378,6.0,59.82734,4.293121,0.0,0.0,100.0,-7.0,7.0,8.0,9.0,1.0,9.752602,21.0727,0.0,0.0,1.0,85.52169,1.0,1.0,0.0,79.68296,0.0
83.0,157.7073,20.655758,64.80074,19.654438,0.0,0.0,100.0,-7.0,7.0,8.0,20.0,0.0,40.0,0.0,0.0,0.0,0.0,-8.0,-6.5255175,2.0,0.0,-9.0,0.0
80.0,358.1121,4.0,136.52328,30.0,0.0,0.0,96.0,12.864009,6.0,6.0,28.0,2.0,19.0,-4.857901,3.0,3.0,0.29987493,-8.0,2.0,1.0,0.0,29.581808,0.0
67.49458,432.52026,8.0,105.49994,43.54633,2.0,2.3482227,95.0,38.86238,6.0,2.6188626,47.97201,1.0,28.0,14.257065,0.0,0.0,36.600636,-8.0,5.0,2.0,2.0,40.78519,0.0
82.0,366.0885,2.0,116.45561,33.0,0.0,0.0,100.0,-7.0,7.0,8.0,33.0,1.0,27.0,-5.4307804,2.0,2.0,3.0,-8.0,3.0,3.0,0.0,36.256283,0.0
87.0,210.85963,12.054231,93.0,42.95764,0.0,0.0,100.0,-7.0,7.0,8.0,57.851307,0.0,56.459938,7.1256495,0.0,0.0,10.0,88.50474,2.575706,4.0,0.0,67.0,0.0
75.0,60.991013,6.0,30.377563,10.0,0.0,0.0,100.0,-7.0,7.0,8.0,7.479329,4.1791143,93.1481,0.0,2.0,1.9795642,15.913587,76.09112,1.0,2.0,0.0,90.55782,0.0
80.0,147.98433,20.77758,65.0,14.551021,0.0,0.0,100.0,-7.0,7.0,8.0,14.0,0.0,43.602303,21.722754,0.0,0.0,24.779758,-8.0,2.4061887,1.0,1.0,68.57905,0.0
72.0,212.60443,1.0,75.051735,15.0,1.0,0.0,89.0,13.472487,6.0,4.094623,18.0,4.0,18.015446,0.0,8.242187,9.27217,9.0,91.05849,1.0,3.0,0.0,57.0,0.0
83.0,144.89775,4.0,66.14135,15.0,0.0,0.0,100.0,-7.0,7.0,8.0,13.0,2.0,35.0,18.145641,0.0,0.0,25.87855,-8.0,1.0,3.0,0.0,100.0,0.0
67.99508,261.57428,6.0,78.21057,41.764053,0.0,0.0,100.0,-7.0,7.0,8.0,24.733215,4.0,24.0,-7.0,1.0,1.0,36.0,100.0,9.0,2.0,1.0,70.0,0.0
91.21346,379.41858,22.525784,191.23752,8.0,0.0,0.0,100.0,-7.0,7.0,8.0,7.286209,0.0,15.207758,-7.0,1.0,1.0,7.0,-8.0,2.0,-8.2766285,0.0,38.80774,0.0
74.21103,243.80095,4.0,111.2982,25.0,0.0,0.0,100.0,-7.0,7.0,8.0,18.472853,3.0,27.253809,0.0,3.0,3.0,33.570484,98.03289,9.0,3.0,3.0,78.0,0.0
84.0,150.41736,3.0,67.0,14.0,0.0,0.0,100.0,-7.0,7.0,8.0,16.0,3.0,69.38574,0.0,3.0,3.0,1.0,76.808174,1.0,5.1933985,0.0,64.27255,0.0
74.0,84.14176,7.0,-9.0,14.0,0.0,0.0,91.0,25.99605,6.0,6.0,15.0,3.0,17.789461,1.0,0.0,0.0,2.0,-8.0,2.0,1.0,0.0,44.0,0.0
82.0,176.61687,2.0,62.620544,33.0,0.0,0.0,100.0,-7.0,7.0,6.372147,30.252886,9.746138,30.0,4.056552,0.0,0.0,25.0,58.47847,5.0,3.0,0.0,71.0,0.0
85.0,190.17592,3.0,88.82559,32.857857,0.0,0.0,100.0,-7.0,7.0,8.0,30.0,4.0,31.0,0.0,4.0,3.0,40.98755,87.68797,2.0,3.0,0.0,66.26752,0.0
-9.0,-9.0,-9.0,-9.0,-9.0,-9.0,-9.0,-9.0,-9.0,-9.0,-9.0,-9.0,-9.0,-9.0,-9.0,-9.0,-9.0,-9.0,-9.0,-9.0,-9.0,-9.0,-9.0,0.0
-9.0,-9.0,-9.0,-9.0,-9.0,-9.0,-9.0,-9.0,-9.0,-9.0,-9.0,-9.0,-9.0,-9.0,-9.0,-9.0,-9.0,-9.0,-9.0,-9.0,-9.0,-9.0,-9.0,0.0
85.0,152.13623,6.0,90.93193,23.78966,0.0,0.0,100.0,-7.0,7.0,8.0,2.3418658,1.0,49.684513,-7.0,0.0,0.0,8.0,50.48631,7.0,2.0,0.0,85.33471,0.0
75.0,240.06819,4.0,84.26296,41.5478,0.0,0.0,100.0,36.791553,6.0,6.0,62.290268,1.0,12.246006,4.3373923,3.0,3.0,21.0,-8.0,6.0,2.0,0.0,62.844597,0.0
88.140594,267.46344,18.542616,130.00299,16.0,0.0,0.0,100.0,-7.0,7.0,8.0,20.0,0.0,19.0,-7.0,0.0,0.0,0.0,-8.0,1.0,-8.0,0.0,20.642487,0.0
68.0,341.6727,6.0,77.0,20.0,1.0,1.0,100.0,-7.0,7.0,8.0,19.0,1.0,52.462685,0.0,3.0,2.0,32.0,23.386517,5.0,4.0,1.0,82.76512,0.0
84.0,275.98306,12.0,122.0375,21.0,0.0,0.0,96.39592,13.871144,6.0,6.0,29.0,2.0,40.0,12.806383,0.0,0.0,5.0,61.899136,0.0,3.0,0.0,75.0,0.0
85.0,344.39615,3.0,97.78877,19.0,0.0,0.0,100.0,-7.0,7.0,8.0,9.0,4.795094,37.518303,0.0,1.0,1.0,11.237871,66.18255,3.0,3.0,0.0,71.0,0.0
75.0,139.25853,3.0,39.829315,26.0,0.0,0.0,100.0,-7.0,7.0,8.0,29.0,9.7829485,69.64743,3.0,3.0,2.0,30.470757,90.06887,1.0,5.0,0.0,76.04512,0.0
-9.0,-9.0,-9.0,-9.0,-9.0,-9.0,-9.0,-9.0,-9.0,-9.0,-9.0,-9.0,-9.0,-9.0,-9.0,-9.0,-9.0,-9.0,-9.0,-9.0,-9.0,-9.0,-9.0,0.0
69.0,170.24452,3.0,75.0,10.0,2.0,2.0,80.062965,29.792898,6.0,2.0,11.0,3.0,44.0,13.436882,0.0,0.0,26.500357,100.0,1.0,3.513144,0.0,72.186935,0.0
79.0,113.52894,6.0,54.039772,25.63524,0.0,0.0,100.0,-7.0,7.0,8.0,24.0,3.0,47.0,-7.0,1.0,1.0,32.0,72.990295,2.0,4.0,1.0,73.0,0.0
80.0,196.98384,6.413199,103.05139,29.45385,0.0,0.0,96.0,10.104162,4.0,6.0,27.0,1.0,38.0,-7.0,0.0,0.0,17.991308,51.530167,5.0,2.0,0.0,60.0,0.0
76.0,385.30737,44.96553,115.0479,15.0,0.0,0.0,100.0,-7.0,7.0,8.0,31.0,0.0,34.406075,0.0,3.0,4.0,49.04408,-8.0,1.0,2.0,1.0,63.02569,0.0
85.0,247.0967,9.792805,116.86214,23.0,0.0,0.0,100.0,-7.0,7.0,8.0,24.0,2.1917183,39.22402,10.014791,0.0,0.0,18.793705,63.433117,4.0,2.0,0.0,56.0,0.0
89.0,171.34404,7.0,114.77376,39.43439,0.0,0.0,100.0,-7.0,7.0,8.0,42.82263,1.0,35.0,7.0,0.0,0.0,2.0,-8.0,3.0,2.0,0.0,47.75252,0.0
75.0,230.19423,5.0,75.0,32.0,3.0,3.9597623,91.0,26.86667,6.0,3.682574,37.0,2.0,59.28051,-8.0,0.0,0.0,31.702578,70.04847,4.0,2.0,0.0,80.0,0.0
80.0,165.57332,-9.0,80.0,21.0,0.0,0.0,100.0,-7.0,7.0,8.0,26.569382,4.0,39.07682,0.0,3.0,3.0,19.0,92.41756,4.0,4.0,1.0,67.0,0.0
79.49893,38.79478,17.078672,46.68266,20.0,0.0,0.0,100.0,-7.0,7.0,8.0,20.0,0.0,64.52128,-8.0,0.0,0.0,19.0,-8.0,2.0,2.0,0.0,67.0,0.0
77.0,283.17996,8.4654,140.2451,17.0,0.0,0.0,90.0,3.0,4.0,6.0,20.0,1.0,65.64942,3.0,1.0,1.0,36.788395,76.89395,1.0,2.0,0.0,80.0,0.0
84.0,164.72958,11.0,67.5667,15.0,0.0,0.0,95.0,80.95674,6.0,6.0,15.0,0.0,50.0,-8.0,0.0,0.0,1.0,55.38519,0.0,2.0,0.0,57.54606,0.0
90.0,297.00082,3.0,70.35475,15.0,0.0,0.0,100.0,-7.0,7.0,8.0,15.878446,1.508564,14.881285,-7.0,0.0,0.0,1.0,-8.0,0.32929593,1.0,0.0,12.102671,0.0
77.0,300.6225,3.0,93.0,16.0,1.0,0.0,90.182304,21.203903,6.0,4.284413,21.0,3.0,17.0,16.0,0.0,0.0,5.0,-8.0,3.0,-8.0,0.0,35.75564,0.0
71.0,239.06271,-9.0,111.23311,31.0,0.0,0.0,96.0,3.208886,4.0,6.0,30.745173,1.0,23.0,0.0,10.705531,7.7322397,36.00165,96.96375,6.0,4.0,1.0,56.171986,0.0
87.17952,240.69542,5.0,90.0,30.0,0.0,0.0,100.0,-7.0,7.0,8.0,30.0,2.0,34.184998,0.0,0.0,0.0,1.0,-8.0,2.0,1.0,0.0,48.77642,0.0
-9.0,-9.0,-9.0,-9.0,-9.0,-9.0,-9.0,-9.0,-9.0,-9.0,-9.0,-9.0,-9.0,-9.0,-9.0,-9.0,-9.0,-9.0,-9.0,-9.0,-9.0,-9.0,-9.0,0.0
76.0,199.97337,10.0,40.973686,9.0,0.0,0.0,100.0,-7.0,7.0,8.0,9.0592785,2.0,39.0,0.0,0.0,0.0,8.0,23.00301,5.0,1.0,0.0,100.0,0.0
79.0,50.02262,11.0,59.13099,18.0,0.0,0.0,100.0,-7.0,7.0,8.0,17.0,2.0,42.0,0.0,0.0,0.0,15.0,67.07487,2.0,4.3216915,0.0,63.0,0.0
75.0,381.2451,23.288824,105.74451,22.0,0.0,0.0,95.153496,18.423777,5.1671333,6.0,26.0,0.0,77.35293,5.545367,0.0,0.0,30.181322,66.94604,2.0,2.0,0.0,86.0,0.0
74.0,311.69995,17.832672,93.0,24.118296,0.0,0.0,100.0,-7.0,7.0,8.0,22.221151,0.0,33.0,0.0,2.0,2.0,49.171547,-8.0,9.0,2.0,4.5247436,84.70484,0.0
75.0,135.01108,27.23266,68.16395,13.0,2.0,1.9371102,93.0,77.68529,6.0,3.404964,13.0,0.0,55.276825,6.1716228,0.0,0.0,31.20742,40.572483,1.0,2.0,0.0,64.0,0.0
71.0,284.46204,17.929972,111.28346,27.0,0.0,0.0,97.0,10.57929,6.0,6.0,28.0,0.0,62.64876,12.0,0.0,0.0,45.870327,78.5744,4.0,2.0,1.0,75.0,0.0
-9.0,-9.0,-9.0,-9.0,-9.0,-9.0,-9.0,-9.0,-9.0,-9.0,-9.0,-9.0,-9.0,-9.0,-9.0,-9.0,-9.0,-9.0,-9.0,-9.0,-9.0,-9.0,-9.0,0.0
68.0,146.54973,3.0,19.271257,6.0,0.0,0.0,100.0,-7.0,5.0,8.0,7.204274,2.0,54.252796,0.0,2.0,2.0,0.0,82.14007,-0.79876924,2.0,0.0,47.202415,0.0
-9.0,-9.0,-9.0,-9.0,-9.0,-9.0,-9.0,-9.0,-9.0,-9.0,-9.0,-9.0,-9.0,-9.0,-9.0,-9.0,-9.0,-9.0,-9.0,-9.0,-9.0,-9.0,-9.0,0.0
85.81611,418.28757,8.0,116.97636,31.841576,0.0,0.0,100.0,-7.0,7.0,8.0,44.3457,0.0,22.0,0.0,1.0,1.0,8.0,-8.0,9.0,2.0,0.0,67.0,0.0
89.0,126.107704,16.572838,129.703,12.0,0.0,0.0,100.0,-7.0,7.0,8.0,0.007976003,0.0,30.0,2.0,0.0,0.0,9.0,32.832443,2.0,2.0,0.0,53.58815,0.0
82.46627,417.1318,3.0,102.24734,19.0,0.0,0.0,100.0,-7.0,7.0,8.0,22.0,4.0,22.0,-8.0,0.0,0.0,16.0,7.731788,5.0,2.0,1.0,57.16337,0.0
71.22349,196.48846,7.0,93.0,39.52115,3.0,5.434154,90.0,13.008605,6.0,2.1100032,39.593086,4.0,31.758505,0.0,0.0,0.0,47.395256,68.05235,5.0,3.0,1.0,50.0,0.0
81.0,214.54414,16.0,100.151695,24.0,0.0,0.0,100.0,-7.0,6.0,8.0,35.0,0.0,25.0,-7.0,0.0,0.0,6.0,74.03228,5.0,2.0,0.0,67.0,0.0
68.0,131.25781,3.0,71.0,29.0,0.0,0.0,100.0,-7.0,7.0,8.0,29.0,4.0,50.0,0.0,3.0,3.0,16.923319,80.030075,4.0,5.0,0.0,60.0,0.0
83.924225,176.67566,7.0,99.74851,24.0,0.0,0.0,100.0,-7.0,7.0,8.0,21.0,1.0,54.733746,-7.1009016,0.0,0.0,24.356146,72.347534,2.0,2.0,0.0,60.0,0.0
76.304596,218.80795,9.0,77.67637,36.343903,0.0,0.0,100.0,-7.0,7.0,8.0,33.0,0.0,38.54697,0.0,0.0,0.0,1.0,71.0,3.0,2.0,0.0,40.051105,0.0
65.0,77.13649,15.0,63.01293,10.879851,2.9138465,2.2818313,81.08736,44.515415,6.0,4.0,12.0,0.0,10.198172,0.0,3.0,3.0,37.51595,-8.0,3.0,1.0,1.0,100.0,0.0
84.0,178.73367,1.0,77.86864,38.11638,0.0,0.0,100.0,-7.0,7.0,8.0,38.56155,3.0,25.0,7.465784,1.0,1.0,20.851986,-8.0,2.0,1.0,0.0,38.0,0.0
82.0,155.3997,13.919412,82.0,30.0,0.0,0.0,100.0,-7.0,7.0,8.0,35.237915,0.0,48.898975,-7.0,1.0,1.0,1.6068159,96.60408,2.0,4.0,0.0,67.0,0.0
85.0,258.23444,2.187125,93.72563,39.17015,0.0,0.0,100.0,-7.0,7.0,8.0,44.911205,1.0469538,50.0,5.804974,2.0,2.0,19.0,63.06865,3.0,3.0,0.0,73.0,0.0
85.0,140.52786,17.082886,56.549503,15.0,0.0,0.0,97.0,65.124084,6.0,6.0,15.0,0.0,29.0,-8.0,0.0,0.0,6.0,82.80645,2.0,2.0,0.0,50.314693,0.0
65.0,125.908844,3.0,65.0,30.0,0.0,0.0,95.0,9.759049,6.0,6.0,25.0,5.0,27.0,1.0,0.0,0.0,35.41793,-8.0,5.0,2.0,1.0,56.0,0.0
87.0,222.93687,2.0,77.0,10.0,0.0,0.0,100.0,-7.0,7.0,8.0,12.001177,1.0,12.236868,0.0,1.0,1.0,3.0,-8.0,2.0,-8.0,0.0,44.0,0.0
77.78454,281.5692,1.0,84.94217,22.0,0.0,0.0,100.0,-7.0,6.0,6.0,20.0,2.0,25.0,0.0,9.103246,7.5644283,12.0,87.7199,4.0,4.0,0.0,50.0,0.0
67.66497,196.1073,2.0,64.6318,40.302082,0.0,0.0,92.0,8.846576,6.0,6.0,45.25375,2.0,38.0,4.0,2.0,2.0,61.236595,96.15044,11.852776,2.4141853,2.4976432,82.63164,0.0
69.08336,241.91284,5.0,40.31107,16.0,0.0,0.0,100.0,-7.0,7.0,8.0,20.0,3.0,77.48344,1.0,5.0,4.8093243,52.163425,96.21898,1.0,2.0,0.0,83.0,0.0
71.05337,328.75412,5.0,74.0,16.0,0.0,0.0,86.26373,60.618744,6.0,6.0,17.0,0.51796395,53.78583,15.026953,0.0,0.0,48.25064,49.886547,2.0,4.0,0.0,71.0,0.0
73.317604,202.61842,11.0,52.776905,15.0,0.0,0.0,96.0,-7.0,6.0,6.0,22.0,0.0,69.23863,0.0,0.0,0.0,27.109697,75.4931,2.0,2.0,0.0,62.20853,0.0
82.0,252.83571,13.392917,111.77849,13.679183,0.0,0.0,83.05479,52.655098,6.0,6.0,12.071308,0.0,15.329535,0.0,0.0,0.0,1.0,80.9526,4.0,1.0,0.0,56.243355,0.0
75.0,195.36728,2.0,114.1087,23.0,0.0,0.0,100.0,-7.0,7.0,8.0,24.0,2.0,29.271494,8.177265,0.0,0.0,28.44489,43.49055,4.0,3.0,1.0,55.680485,0.0
85.0,143.69687,6.0,52.3673,15.0,0.0,0.0,100.0,-7.0,7.0,8.0,21.0,1.0,35.0,21.169455,0.0,0.0,2.0,91.4932,2.0,2.0,0.0,52.67399,0.0
-9.0,-9.0,-9.0,-9.0,-9.0,-9.0,-9.0,-9.0,-9.0,-9.0,-9.0,-9.0,-9.0,-9.0,-9.0,-9.0,-9.0,-9.0,-9.0,-9.0,-9.0,-9.0,-9.0,0.0
85.825836,139.0218,3.119191,51.888496,9.0,0.0,0.0,100.0,-7.0,7.0,8.0,17.0,1.0,55.86164,0.0,1.0,2.0,14.0,61.200333,2.0,1.0,0.0,56.0,0.0
57.255203,65.81935,3.0,38.742676,12.869764,1.0,1.0,100.0,-7.0,6.0,8.0,15.439414,2.708707,33.0,-7.0,2.0,2.0,52.70372,98.52989,6.0,1.0,3.0,76.718376,0.0
76.0,372.34885,3.0,82.61257,30.0,0.0,0.0,100.0,-7.0,6.0,8.0,34.0,3.0,50.0,0.0,14.013425,10.042127,8.0,-8.0,5.0,3.0,0.0,77.4692,0.0
80.0,325.913,5.0,66.47434,34.0,0.0,0.0,93.03819,6.0,6.0,6.0,57.5039,2.0,39.0,0.0,3.0,2.0,2.0,84.913864,2.0,2.0,0.0,25.002056,0.0
75.0,236.65709,21.32951,106.3051,34.0,0.0,0.0,100.0,-7.0,7.0,8.0,34.0,0.0,8.456496,18.695068,0.0,0.0,47.275326,-8.0,9.0,1.0,3.0,67.0,0.0
73.0,170.8048,2.6708937,67.5679,19.132881,0.0,0.0,92.727516,33.684666,6.0,6.0,19.0,2.0,50.0,5.0,0.0,0.0,26.838085,79.52734,5.0,4.0,1.0,75.0,0.0
77.0,314.04242,15.0,120.58278,18.0,0.0,0.0,100.0,-7.0,7.0,8.0,22.0,0.0,52.86482,1.0,1.0,1.0,0.0,-8.0,1.0,4.0,0.0,56.0,0.0
86.0,215.40698,22.321962,81.0,20.0,0.0,0.0,100.0,-7.0,7.0,8.0,8.70231,0.0,25.0,0.0,2.0,1.7092024,6.4487557,-8.0,1.0,3.0,0.0,48.68062,0.0
-9.0,-9.0,-9.0,-9.0,-9.0,-9.0,-9.0,-9.0,-9.0,-9.0,-9.0,-9.0,-9.0,-9.0,-9.0,-9.0,-9.0,-9.0,-9.0,-9.0,-9.0,-9.0,-9.0,0.0
77.83721,260.071,-9.0,91.68368,28.0,0.0,0.0,94.775116,51.303062,6.0,6.0,32.0,3.0,43.0,0.0,1.0,0.9813626,38.203728,60.538345,8.0,2.0,1.0,86.0,0.0
82.59391,154.02025,7.0,54.679745,11.110527,0.0,0.0,100.0,-7.0,7.0,8.0,3.9913359,1.0,53.629353,2.5298517,0.0,0.0,6.0,-8.0,3.0,1.0,0.0,38.69807,0.0
67.70266,27.13671,2.4089808,46.75744,15.0,0.0,0.0,93.0,32.50261,6.0,6.0,19.0,3.0,38.0,0.0,2.0,1.8083565,87.206696,93.16169,2.0,2.0,0.0,63.0,0.0
81.0,210.42416,1.0,67.0,14.0,0.0,0.0,100.0,-7.0,7.0,8.0,15.0,2.0,33.0,0.0,0.0,0.0,15.0,84.63478,3.0,3.0,0.0,64.0,0.0
63.709057,179.01276,16.0,58.0,18.0,1.0,1.0,100.0,-7.0,7.0,8.0,21.0,0.0,68.61426,-8.0,0.0,0.0,78.09,69.14277,3.0,6.0,2.3048239,91.97823,0.0
81.41681,115.12005,5.0,60.143005,22.228697,0.0,0.0,100.0,-7.0,7.0,8.0,24.0,3.0,64.401985,19.739132,0.0,0.0,9.0,5.3346806,1.0,2.0,0.0,81.20863,0.0
63.72923,285.15167,4.0,108.93518,29.0,0.0,0.0,86.303085,24.17571,6.0,6.0,34.15882,1.0,29.0,0.0,0.0,0.0,56.146645,41.84724,8.0,2.0,1.9428062,73.0,0.0
57.356617,142.95633,10.0,59.517136,14.0,1.0,0.0,79.89959,34.235184,6.0,5.16443,18.249895,2.0,21.693056,1.0,2.0,2.0,66.09628,16.277817,9.953859,1.0,2.0,80.0,0.0
81.0,207.95807,10.0,103.11665,27.0,0.0,0.0,95.0,44.20049,6.0,6.0,23.0,1.3069144,16.0,-9.0,0.0,0.0,21.578321,-8.0,2.0,1.0,0.0,71.247345,0.0
84.0,209.51509,23.616043,87.69952,28.0,0.0,0.0,100.0,-7.0,7.0,8.0,28.950493,0.0,41.253933,12.0,0.0,0.0,13.541419,48.089745,2.0,2.0,0.0,37.527515,0.0
85.0,198.58345,5.0,69.22439,9.0,0.0,0.0,95.0,43.256298,6.0,5.0,12.0,2.0,31.0,9.449806,0.0,0.0,0.8605756,-8.0,1.0,1.0,0.0,33.0,0.0
78.0,326.9535,2.0,130.87512,14.0,0.0,0.0,100.0,-7.0,7.0,8.0,17.0,1.0,35.0,21.152653,0.0,0.0,68.327965,45.375786,4.0,1.0,2.0,80.645905,0.0
82.0,204.07013,5.0,100.0,36.74613,0.0,0.0,100.0,-7.0,7.0,8.0,31.0,1.0,27.0,-7.0,2.0,1.0,1.0,58.324448,4.0,3.0,0.0,38.0,0.0
69.0,152.86946,1.0,43.350624,10.756881,1.0,1.0,97.0,3.0,6.0,6.0,9.828282,1.0,24.0,0.0,3.0,3.0,20.418148,95.41325,1.0,2.0,0.0,47.117043,0.0
-9.0,-9.0,-9.0,-9.0,-9.0,-9.0,-9.0,-9.0,-9.0,-9.0,-9.0,-9.0,-9.0,-9.0,-9.0,-9.0,-9.0,-9.0,-9.0,-9.0,-9.0,-9.0,-9.0,0.0
-9.0,-9.0,-9.0,-9.0,-9.0,-9.0,-9.0,-9.0,-9.0,-9.0,-9.0,-9.0,-9.0,-9.0,-9.0,-9.0,-9.0,-9.0,-9.0,-9.0,-9.0,-9.0,-9.0,0.0
89.0,212.61902,8.0,109.63547,27.0,0.0,0.0,100.0,-7.0,7.0,8.0,28.0,0.08425658,44.0,0.0,1.0,0.0,4.3374753,96.3073,2.0,2.0,0.0,34.763134,0.0
66.0,145.30753,3.0,30.876404,2.245415,0.0,0.0,100.0,-7.0,7.0,8.0,8.932475,3.0,33.0,1.0,1.0,1.0,42.46467,-8.0,2.0,2.0,0.0,80.0,0.0
80.0,339.8082,6.0,94.38535,50.70262,0.0,0.0,100.0,-7.0,7.0,8.0,81.26955,2.0,22.0,0.0,5.208597,5.0,4.0,46.92428,3.0,3.0,0.0,25.0,0.0
83.0,377.65298,9.0,103.73303,28.0,0.0,0.0,100.0,-7.0,7.0,8.0,30.730442,1.0,22.265402,1.0,1.0,1.0,9.283842,80.0,5.0,3.0,0.0,54.057728,0.0
-9.0,-9.0,-9.0,-9.0,-9.0,-9.0,-9.0,-9.0,-9.0,-9.0,-9.0,-9.0,-9.0,-9.0,-9.0,-9.0,-9.0,-9.0,-9.0,-9.0,-9.0,-9.0,-9.0,0.0
80.0,214.49516,20.0,74.0,17.0,0.0,0.0,85.215,15.077809,6.0,6.0,15.0,0.0,17.105057,0.0,0.7560135,0.0,9.0,-8.0,2.0,1.0,0.0,20.547977,0.0
80.0,734.5261,20.718447,192.51645,15.915479,0.0,0.0,100.0,-7.0,7.0,8.0,15.0,0.0,20.0,0.0,1.0,1.0,35.32926,-8.0,6.0,2.0,3.0,63.0,0.0
80.0,170.76556,15.0,77.0,28.078001,0.0,0.0,100.0,-7.0,7.0,8.0,35.188396,0.0,29.0,21.520926,0.0,0.0,49.778946,72.12774,3.0,2.0,0.0,100.0,0.0
72.0,326.07986,3.0,121.469666,44.95816,0.0,0.0,100.0,-7.0,7.0,8.0,31.0,1.0,16.0,3.273797,1.0,1.0,31.62748,-8.0,11.0,2.0,6.3593974,51.572456,0.0
79.0,110.138626,18.532156,60.65549,13.0,0.0,0.0,95.0,23.128859,6.0,5.0,17.0,0.0,50.0,1.7331821,0.0,0.0,2.0,79.39825,1.0,1.0,0.0,44.0,0.0
76.0,205.29485,15.296115,126.82332,22.0,0.0,0.0,100.0,-7.0,7.0,8.0,28.0,0.0,15.0,0.0,2.0,2.0,52.502544,-8.0,9.503591,1.0,3.123091,87.36929,0.0
56.2233,395.01242,3.0,126.799446,25.0,3.0,2.437444,81.17599,10.562134,6.0,5.0,28.0,0.0,14.0,0.0,0.0,0.0,44.859882,24.453352,7.0,1.0,4.0,60.0,0.0
78.0,125.93222,8.0,59.29721,25.44836,0.0,0.0,100.0,-7.0,7.0,8.0,23.0,0.0,26.776606,-8.0,0.0,0.0,11.0,44.987328,1.0,4.0,0.0,75.0,0.0
81.0,368.23456,5.083227,127.74528,20.0,0.0,0.0,95.0,-9.0,6.0,6.0,21.0,1.0,11.578276,-7.0,0.0,0.0,21.0,-8.0,3.0,1.0,0.0,44.0,0.0
78.0,190.06325,5.0,77.0,14.0,0.0,0.0,100.0,-7.0,7.0,8.0,15.0,2.0,42.0,0.0,3.16305,3.0,54.03979,76.0,2.0,1.0,0.0,58.0,0.0
72.0,159.35591,10.0,75.36262,32.0,0.0,0.0,100.0,-7.0,4.0,6.0,32.0,1.0,27.0,7.0,0.0,0.0,24.242542,-8.0,1.0,-8.0,0.0,38.0,0.0
87.0,265.83557,12.0,108.10061,19.0,0.0,0.0,97.0,23.743843,6.0,6.0,21.0,1.0,62.154587,0.0,0.0,0.0,1.0,-8.0,1.0,1.0,0.0,44.0,0.0
73.0,185.12956,6.0,70.0,47.78568,0.0,0.0,100.0,-7.0,7.0,8.0,55.145157,1.0,45.427814,0.0,1.0,1.0,44.1358,83.42339,7.0,2.0,3.0,100.0,0.0
-9.0,157.91072,17.643766,92.0,4.28663,3.2965436,3.403986,44.108154,-7.0,-9.0,2.0,7.4533353,0.0,9.5069685,-7.0,0.0,0.0,6.8139534,-8.0,1.0,1.0,0.0,44.0,0.0
73.0,402.89117,32.083187,171.43895,9.0,2.0,2.0,95.0,22.667282,6.0,5.481199,12.0,0.0,54.47962,3.2211092,2.0,1.3160458,30.829006,-8.0,1.0,1.0,0.0,100.0,0.0
62.0,307.40988,1.0,77.0,34.429333,0.0,0.0,93.0,2.689592,4.0,6.0,40.14131,3.0,24.0,-7.0,1.0,1.0,29.567812,84.01626,9.958599,4.0,0.0,67.0,0.0
-9.0,-9.0,-9.0,-9.0,-9.0,-9.0,-9.0,-9.0,-9.0,-9.0,-9.0,-9.0,-9.0,-9.0,-9.0,-9.0,-9.0,-9.0,-9.0,-9.0,-9.0,-9.0,-9.0,0.0
76.0,130.03508,10.0,57.413074,18.0,0.0,0.0,100.0,-7.0,7.0,8.0,16.0,1.0,44.0,0.0,1.0,1.0,29.863127,58.517376,2.0,3.0,0.0,50.0,0.0
76.0,177.44548,24.036165,90.0,13.0,0.0,0.0,100.0,-7.0,7.0,8.0,9.0,0.0,1.0115339,0.0,0.0,0.0,51.39834,-8.0,3.0,-8.0,2.0,80.0,0.0
89.0,267.94275,17.609749,88.383865,19.0,0.0,0.0,100.0,-7.0,7.0,8.0,28.0,0.0,28.0,-8.0,0.0,0.0,1.0,-8.0,1.0,1.0,0.0,22.905416,0.0
62.0,167.58055,2.0,46.33919,15.387448,0.0,0.0,92.0,30.038858,6.0,6.0,17.0,3.0,40.757915,0.0,1.0,1.0,69.6138,80.0,3.0,3.0,2.0,67.0,0.0
-9.0,-9.0,-9.0,-9.0,-9.0,-9.0,-9.0,-9.0,-9.0,-9.0,-9.0,-9.0,-9.0,-9.0,-9.0,-9.0,-9.0,-9.0,-9.0,-9.0,-9.0,-9.0,-9.0,0.0
77.58692,208.1996,11.0,104.55846,25.0,0.0,0.0,94.0,48.907818,6.0,5.0,23.0,0.0,42.67417,0.9426203,1.0,1.0,6.5441236,58.8233,4.0,2.0,0.0,77.19626,0.0
77.939384,342.52145,4.0,100.0,32.734634,0.0,0.0,100.0,-7.0,7.0,8.0,59.4894,2.0,28.0,0.0,1.0,1.0,36.956028,99.65915,5.0,1.0,1.0,80.0,0.0
84.7574,185.7583,20.366459,90.0,14.0,0.0,0.0,100.0,-7.0,7.0,8.0,20.0,0.0,30.368889,0.0,0.0,0.0,0.0,-8.0,0.0,1.0,0.0,41.8202,0.0
74.0,177.62158,1.0,100.0,32.17233,0.0,0.0,94.0,22.92541,6.0,6.0,38.97038,4.0,36.0,2.0,1.0,1.0,10.0,92.97407,7.863881,2.0,0.0,64.95824,0.0
65.8736,64.70842,5.1061544,38.667217,22.0,0.0,0.0,100.0,-7.0,7.0,8.0,14.0,4.0,44.0,-7.0,2.0,2.0,61.126083,63.522705,6.0,3.0,1.0,71.0,0.0
75.76753,228.0857,3.0,66.970245,41.23701,0.0,0.0,97.0,53.33734,6.0,5.0,41.649754,6.0,44.819386,0.0,2.0,2.0,11.0,-8.0,4.732499,11.233918,0.0,56.0,0.0
71.0,82.27703,11.0,47.802727,13.0,0.0,0.0,79.37332,7.9378448,6.0,6.0,10.0,1.0,35.0,-8.0,1.0,1.0,18.091333,-8.0,2.0,1.0,0.0,57.404404,0.0
75.0,159.41203,7.0,59.953014,31.05607,0.0,0.0,100.0,-7.0,7.0,8.0,28.0,2.0,35.0,0.0,4.7761827,4.0,2.0,100.0,3.0,2.0,0.0,33.36945,0.0
78.0,116.10257,-9.0,30.238266,6.0,0.0,0.0,100.0,-7.0,7.0,8.0,7.8335347,2.0,32.0,0.0,1.0,1.0,4.364928,35.259743,2.0,1.0,0.0,60.0,0.0
74.0,138.77466,6.2348623,84.0,46.87768,0.0,0.0,90.26268,21.829113,6.0,6.0,52.588364,3.0,42.0,1.0,0.0,0.0,14.0,57.23095,4.0,5.0,0.0,71.0,0.0
89.0,177.67538,11.0,100.0,9.0,0.0,0.0,100.0,-7.0,7.0,8.0,11.0,1.0,41.0,22.852205,0.0,0.0,2.0,59.494633,2.0,1.0,0.0,54.799202,0.0
65.62208,149.0548,4.0,79.70582,26.858511,0.0,0.0,100.0,-7.0,7.0,8.0,29.0,2.0,21.0,0.0,4.0,4.0,43.88194,-8.0,6.0,2.0,1.0,73.0,0.0
81.0,271.81274,11.0,106.42779,28.0,0.0,0.0,96.0,52.57302,6.0,6.0,18.0,0.0,40.0,10.840071,1.0,0.0,4.643706,54.083263,3.0,3.0,0.0,50.0,0.0
79.0,275.2889,2.0,71.00691,32.0,0.0,0.0,99.09885,3.7180226,6.0,6.0,47.5144,2.0,18.998423,9.194519,1.0,1.0,22.016264,-8.0,3.0,1.0,1.0,44.0,0.0
87.0,258.00644,4.0,140.21104,37.393005,0.0,0.0,100.0,-7.0,7.0,8.0,38.0,2.0,33.0,-7.0,0.0,0.0,7.6363845,79.5162,4.213888,2.5942695,0.0,52.492645,0.0
75.0,324.83932,-9.0,131.61317,23.897717,0.0,0.0,100.0,-7.0,7.0,8.0,32.0,3.0,15.0,17.988735,1.0,1.0,67.79198,100.0,5.0,2.0,4.226162,56.0,0.0
72.0,158.78828,1.2974718,59.968956,26.687544,0.0,0.0,95.0,22.175955,6.0,6.0,13.0,4.7665753,47.0,1.0,3.0,3.0,21.434607,75.82119,3.0,17.148937,0.0,75.0,0.0
69.0,377.09363,1.0,85.76665,30.965147,1.0,1.0,90.93056,32.77853,6.0,4.0,37.0,5.0,20.253233,0.0,1.0,1.0,8.0,97.66979,4.0,2.0,0.0,40.61776,0.0
78.0,331.14172,8.0,103.20881,32.0,0.0,0.0,100.0,-7.0,7.0,8.0,44.086746,4.0,22.0,-7.0,0.0,0.0,15.0,31.813635,8.065646,2.0,1.0,55.20121,0.0
66.219574,224.53221,10.5345335,88.32911,13.0,1.0,1.0,89.0,13.215247,3.7491047,5.0,15.0,0.0,54.381718,3.0,1.0,1.0,6.0,13.092236,1.0,1.0,0.0,41.615143,0.0
57.878445,161.71266,10.0,95.80813,25.46469,2.0,1.0,94.55649,4.8396835,4.0,6.0,24.0,0.0,22.0,-7.0,0.0,0.0,29.135752,-8.0,1.0,2.0,0.0,33.768074,0.0
-9.0,-9.0,-9.0,-9.0,-9.0,-9.0,-9.0,-9.0,-9.0,-9.0,-9.0,-9.0,-9.0,-9.0,-9.0,-9.0,-9.0,-9.0,-9.0,-9.0,-9.0,-9.0,-9.0,0.0
66.58939,278.00043,67.60159,177.66354,10.0,1.0,1.0,76.66656,4.0,5.294435,5.0,12.0,0.0,24.0,-7.0,0.0,0.0,64.40267,-8.0,7.0,1.0,0.0,100.0,0.0
-9.0,-9.0,-9.0,-9.0,-9.0,-9.0,-9.0,-9.0,-9.0,-9.0,-9.0,-9.0,-9.0,-9.0,-9.0,-9.0,-9.0,-9.0,-9.0,-9.0,-9.0,-9.0,-9.0,0.0
79.54509,164.20988,5.0,63.399338,23.0,0.0,0.0,100.0,-7.0,7.0,8.0,24.0,1.0,28.0,10.048621,0.0,0.0,9.0,-8.0,2.0,1.0,0.0,34.87772,0.0
50.667065,379.7225,3.0,83.0,43.3526,0.0,0.0,94.0,19.673573,6.0,6.0,38.67501,9.315566,22.135107,0.0,4.0,3.666988,65.02942,-8.0,26.473722,1.0,5.250751,81.87934,0.0
79.0,190.82806,2.0,93.0308,20.0,0.0,0.0,96.0,30.006832,6.0,6.0,19.0,1.0,50.0,-7.0,1.0,1.0,25.887888,87.05568,2.0,3.0,0.0,67.0,0.0
64.25153,209.68307,2.0,58.197067,24.0,0.0,0.0,96.0,35.593502,6.0,6.0,27.390074,6.0,29.029045,0.0,1.0,1.0,41.79879,97.808426,6.0,3.0,2.0,44.0,0.0
87.52835,205.24147,18.630764,107.44716,16.895266,0.0,0.0,100.0,-7.0,7.0,8.0,3.9963012,0.0,39.0,0.0,0.0,0.0,9.0,26.117445,2.0,2.0,0.0,63.11761,0.0
81.0,216.27309,6.0,81.948555,35.05485,0.0,0.0,100.0,-7.0,7.0,8.0,6.053178,2.0,25.0,0.0,0.0,0.0,17.645697,-8.0,3.0,3.0,1.0,56.759624,0.0
75.0,116.106384,-9.0,68.3449,31.0,0.0,0.0,100.0,-7.0,7.0,8.0,44.415154,2.0,25.7831,-7.0,0.0,0.0,32.0,-8.0,6.0,4.0,1.0,96.61388,0.0
86.0,263.98813,40.92953,149.96336,12.0,0.0,0.0,90.0,58.460293,6.0,6.0,10.656733,0.0,27.0,7.916181,0.0,0.0,0.84015834,-8.0,2.0,1.0,0.0,33.0,0.0
66.0,126.46552,2.0,82.82834,18.63847,4.683367,3.7972052,84.49976,42.575726,6.0,-9.0,32.975037,3.0,53.42271,-8.0,0.0,0.0,54.8685,95.37223,2.0,2.0,0.0,71.0,0.0
-9.0,-9.0,-9.0,-9.0,-9.0,-9.0,-9.0,-9.0,-9.0,-9.0,-9.0,-9.0,-9.0,-9.0,-9.0,-9.0,-9.0,-9.0,-9.0,-9.0,-9.0,-9.0,-9.0,0.0
58.56719,182.58028,35.43938,146.47707,6.0,3.546302,1.0,70.20779,2.0,4.0,5.9298043,10.880421,0.0,14.0,-7.0,0.0,0.0,45.142822,-8.0,4.2758923,-8.0,0.952015,100.0,0.0
77.0,165.58165,3.0,56.310818,15.262006,0.0,0.0,88.77859,36.55255,6.0,6.0,18.738903,4.0,15.0,1.0,1.0,1.0,11.0,-8.0,3.0,1.0,0.0,30.230207,0.0
88.0,356.64154,1.0,94.0,24.020712,0.0,0.0,100.0,-7.0,7.0,8.0,30.0,4.0,26.258768,-8.0,0.0,0.0,4.1213775,93.0,2.0,2.0,0.0,42.237526,0.0
70.78699,166.7391,11.0,62.611023,22.0,0.0,0.0,90.8722,6.0,6.0,6.0,28.267963,0.0,7.8687143,0.0,0.0,0.0,36.868095,27.069475,4.0,2.0,0.0,46.183388,0.0
70.0,-9.0,2.0,36.268417,17.0,0.0,0.0,92.0,16.717062,6.0,6.0,11.0,5.556341,31.06066,0.0,1.0,1.0,2.0,98.344,1.0,2.0,0.0,25.0,0.0
90.768036,207.51682,12.0,123.175705,7.0,0.0,0.0,100.0,-7.0,7.0,8.0,9.0,0.0,13.558408,-7.0,0.0,0.0,0.0,-8.0,1.0,-8.0,0.0,-9.0,0.0
88.17751,352.26047,24.679686,83.0,4.3801556,0.0,0.0,100.0,-7.0,7.0,8.0,5.142299,0.0,41.0,-8.0,0.0,0.0,0.0,52.312843,0.5937918,3.0,0.0,50.0,0.0
73.0,165.75003,7.0924044,82.62337,30.0,0.0,0.0,92.0,10.196962,6.0,6.0,30.0,2.0,24.98977,-5.5661716,0.0,0.0,0.0,80.71843,2.0,2.0,0.0,44.015594,0.0
70.0,180.90544,5.0,86.162796,28.0,0.0,0.0,95.0,20.990112,6.0,5.970974,34.0,3.0,66.24558,1.9861602,0.0,0.0,48.185936,89.13367,1.0,3.0,0.0,67.0,0.0
84.0,226.75592,2.5020707,116.698074,33.0,0.0,0.0,100.0,-7.0,7.0,8.0,24.0,2.0,33.0,6.210972,1.0,1.0,11.0,53.420967,4.0,4.0,0.0,50.0,0.0
73.19921,196.33224,7.0,70.35656,26.0,0.0,0.0,93.77992,6.673043,5.0,6.0,28.0,2.0,19.0,0.0,0.0,0.0,22.997007,-8.0,3.0,1.0,0.0,47.503742,0.0
70.0,192.10246,7.0,58.0,45.501698,1.0,0.0,98.89003,35.346455,6.0,4.0,50.28198,4.0,29.0,2.0,1.0,0.0,30.32005,78.89898,9.0,5.0,1.0,57.0,0.0
72.22818,114.731674,2.0,81.0,18.0,0.0,0.0,100.0,-7.0,6.0,8.0,21.0,2.0,24.0,0.0,0.0,0.0,76.32286,13.249875,8.0,2.9418964,3.0,80.0,0.0
72.0,320.40988,6.0,119.41251,12.503782,0.0,0.0,93.0,21.108099,6.0,5.0,11.0,2.0,21.0,0.0,5.232381,5.793637,31.706741,-8.0,5.0,-8.0,1.0,83.0,0.0
68.0,48.78086,7.0,49.442894,20.0,0.0,0.0,95.91518,62.950996,6.0,6.0,19.0,1.0,51.654335,0.7852557,0.0,0.0,59.888966,74.645134,5.0,4.0,2.0,80.0,0.0
87.0,138.17146,6.0,67.93413,9.240014,0.0,0.0,100.0,-7.0,7.0,8.0,10.153562,2.0,33.0,-7.0,0.0,0.0,3.0,100.0,1.0,1.0,0.0,44.0,0.0
88.0,226.93893,8.0,120.14942,14.0,0.0,0.0,100.0,-7.0,7.0,8.0,10.548763,0.0,1.792875,-8.0,0.0,0.0,1.0,-8.0,2.0,1.0,0.0,40.0,0.0
70.0,257.37564,4.0,103.809494,33.0,0.0,0.6862805,100.0,-7.0,6.0,8.0,34.285427,4.0,50.0,0.0,1.0,1.0,38.366913,54.107212,9.0,3.0,1.0,83.0,0.0
80.37964,304.89316,9.0,119.385956,24.765196,0.0,0.0,83.91108,1.0,4.0,6.0,26.0,0.0,61.89387,21.482908,0.0,0.0,7.0,21.713455,3.0,4.0,0.0,63.0,0.0
73.0,179.84117,4.0,52.07144,18.0,0.0,0.0,100.0,-7.0,7.0,8.0,16.0,2.5616026,22.663265,1.0,1.0,1.0,14.45774,31.083456,4.0,2.0,0.0,57.0,0.0
84.0,155.69803,11.0,105.77579,20.0,0.0,0.34411538,100.0,-7.0,7.0,8.0,20.0,2.0,14.972522,7.0,0.0,0.0,0.0,-8.0,1.0,1.0,0.0,26.41105,0.0
81.0,131.08475,11.0,81.0,15.0,0.0,0.0,100.0,-7.0,7.0,8.0,8.58039,1.0,29.0,0.0,0.0,0.0,30.101963,-8.0,2.0,1.0,0.0,43.0,0.0
88.92805,581.9757,9.0,103.027115,15.0,0.0,0.0,100.0,-7.0,7.0,8.0,20.0,1.0,17.0,4.166061,1.0,1.0,4.0,-8.0,3.0,-8.0,0.0,33.0,0.0
76.11923,212.18588,4.0,63.0,28.0,0.0,0.0,100.0,-7.0,7.0,8.0,25.0,2.0,14.0,0.0,1.0,1.0,25.20571,-8.0,6.0,2.0,1.0,67.0,0.0
88.0,372.34647,8.0,107.6896,13.0,0.0,0.0,100.0,-7.0,7.0,8.0,19.0,1.0,36.48005,-8.0,0.0,0.0,6.0,-8.0,3.0,2.0,0.0,57.0,0.0
61.078854,212.5359,4.0,86.10129,28.0,0.0,0.0,82.33161,11.855926,6.0,6.0,31.706379,1.0,33.0,-7.0,2.0,2.0,52.736507,88.0,9.813827,3.0,1.6232747,86.0,0.0
89.0,191.7945,24.092327,113.91524,9.0,0.0,0.0,100.0,-7.0,7.0,8.0,6.2573256,0.0,43.0,-8.0,0.0,0.0,8.783243,-8.0,3.0,1.0,0.0,100.0,0.0
72.0,196.15433,22.14962,86.0,22.0,1.0,1.0,100.0,-7.0,6.0,8.0,30.0,0.0,74.80585,0.0,0.0,0.0,16.030035,60.538074,3.0,3.0,0.0,67.0,0.0
83.0,296.56934,1.8040966,116.20437,26.0,0.0,0.0,87.4074,44.447548,6.0,6.0,32.544277,1.0,7.6706076,11.468044,0.39968213,0.0,0.0,-8.0,2.0,1.0,0.0,33.0,0.0
77.0,322.9114,22.25383,166.37492,27.96983,2.0,1.0,94.36866,48.825584,6.0,5.0,25.591713,0.0,23.0,-7.0,0.0,0.0,6.7220483,-8.0,3.0,2.0,0.0,40.0,0.0
72.0,355.1412,5.0,168.75029,35.584423,2.0,1.0,96.0,39.48735,6.0,3.0,36.55206,0.0,44.0,12.0,0.0,0.0,15.0,-8.0,6.0,-8.0,0.0,80.0,0.0
64.50524,161.88976,4.0,67.184006,50.344685,0.0,0.0,93.186676,25.85967,6.0,6.0,43.156246,3.0,36.0,0.0,3.8405275,3.0,53.606346,-8.0,12.041496,3.0,3.0731323,83.0,0.0
78.0,154.22743,2.0,48.345726,30.0,0.0,0.0,100.0,-7.0,7.0,8.0,38.794266,1.0,20.471746,0.0,2.0,1.0,9.0,-8.0,5.0,2.0,0.0,50.0,0.0
72.0,149.04019,6.0,58.0,16.0,1.0,0.0,87.732796,16.81354,5.0,-9.0,16.258284,0.0,42.0,6.320329,0.0,0.0,37.483875,-8.0,2.0,2.0,0.0,50.0,0.0
73.0,106.52052,5.0,51.607124,26.0,1.0,0.0,91.0,36.58611,6.0,4.618099,31.0,4.0,40.812027,0.0,0.0,0.0,2.3413582,87.997734,3.0,4.0,0.0,56.04821,0.0
77.0,152.20694,2.0,54.19797,39.038857,0.0,0.0,100.0,-7.0,7.0,8.0,50.611607,6.0,8.184812,2.0,1.0,0.2026886,11.484947,-8.0,5.0,2.0,0.0,32.737183,0.0
-9.0,-9.0,-9.0,-9.0,-9.0,-9.0,-9.0,-9.0,-9.0,-9.0,-9.0,-9.0,-9.0,-9.0,-9.0,-9.0,-9.0,-9.0,-9.0,-9.0,-9.0,-9.0,-9.0,0.0
61.370564,337.82465,3.0,121.1301,45.718494,0.0,0.0,95.0,27.666687,6.0,6.0,42.991463,1.0,20.58744,12.0,0.0,0.0,78.41937,77.61466,10.65558,1.0,5.4721017,78.0,0.0
76.0,260.56516,5.0,81.81702,30.881773,0.0,0.0,100.0,-7.0,7.0,8.0,30.0,1.0,11.0,1.0,0.0,0.0,28.0,75.04632,6.0,2.0,0.0,50.0,0.0
84.990364,204.90018,2.0,86.7657,41.163803,0.0,0.0,99.024414,21.792793,6.0,6.0,47.865593,4.664322,61.646484,3.0,2.0,2.0,5.0,83.11074,4.0,4.198808,0.0,56.0,0.0
72.8681,166.10953,18.197832,78.11229,18.0,1.0,0.0,91.801445,3.3971474,-9.0,2.0,21.0,0.0,47.0,0.0,0.0,0.0,2.0,15.822451,1.0,4.0,0.0,53.582092,0.0
-9.0,-9.0,-9.0,-9.0,-9.0,-9.0,-9.0,-9.0,-9.0,-9.0,-9.0,-9.0,-9.0,-9.0,-9.0,-9.0,-9.0,-9.0,-9.0,-9.0,-9.0,-9.0,-9.0,0.0
66.0,283.74545,4.0,95.802025,52.0325,0.0,0.0,83.81975,2.8132162,6.0,6.0,47.388416,3.0,24.0,9.0,0.0,0.0,18.542229,74.140526,11.0,2.0,1.0,44.0,0.0
70.0,146.66876,2.0,37.62814,30.0,0.0,0.0,100.0,-7.0,7.0,8.0,31.0,4.676759,38.0,0.0,5.0,4.4576874,50.235455,75.652,6.0,3.119445,0.0,63.0,0.0
82.99755,331.29474,3.0,125.852554,37.626236,0.0,0.0,100.0,-7.0,7.0,8.0,28.0,3.0,17.0,0.0,1.0,1.0,2.0,95.3225,5.0,2.0,0.0,47.007626,0.0
72.639206,224.00577,1.0,77.0,43.64582,0.0,0.0,97.0,66.73124,6.0,6.0,42.420578,5.0,40.0,1.0,2.0,1.0,32.0,19.503593,7.0,3.0,4.0,58.0,0.0
87.95155,170.6602,17.168694,72.86041,12.0,0.0,0.0,100.0,-7.0,7.0,8.0,9.0,0.0,20.0,0.0,0.0,0.0,1.0,-8.0,1.0,1.0,0.0,21.732256,0.0
74.36842,346.40512,2.0,147.53944,41.811874,0.0,0.0,91.0,15.554894,6.0,6.0,35.0,3.0,33.0,1.0,2.0,2.0,11.0,81.57788,3.0,3.0,0.0,22.907454,0.0
84.0,238.07887,6.0,94.52034,15.0,0.0,0.0,93.0,68.07879,6.0,6.0,19.0,1.0,37.0,-8.0,0.0,0.0,0.0,98.66786,1.0,2.0,0.0,73.47429,0.0
71.0,205.90575,7.0,99.67071,27.0,0.0,0.0,100.0,-7.0,7.0,8.0,26.0,2.0,31.0,3.0599587,4.0,3.986913,71.750275,82.0,3.0,2.0,3.0,88.0,0.0
64.0,277.92438,7.968222,68.0,32.0,0.0,0.0,94.0,24.960508,6.0,6.0,35.611378,0.0,24.0,0.0,2.0,1.0,93.104355,100.0,8.736447,5.0,3.5853064,83.0,0.0
79.0,216.27086,12.0,60.514053,37.0165,0.0,0.0,100.0,-7.0,7.0,8.0,29.0,2.0,15.0,0.0,2.0,2.0,13.805173,-8.0,4.0,-8.0,0.0,21.434446,0.0
70.0,173.79935,6.0,71.01338,9.709453,1.0,1.0,85.09804,28.619642,6.0,4.7381487,15.0,1.0,38.0,4.0,3.0,3.0,9.0,58.938828,2.0,4.0,0.0,83.0,0.0
88.0,145.82268,11.165641,78.594444,21.0,0.0,0.0,100.0,-7.0,7.0,8.0,22.0,1.0,49.74543,0.0,1.0,1.0,3.0,92.442184,1.0,2.0,0.0,52.36152,0.0
70.0,315.87497,2.0,114.63804,31.0,0.0,0.0,96.72729,28.386478,6.0,6.0,35.479378,5.0,9.036872,0.0,3.0,3.0,4.0,-8.0,4.0,2.0,1.0,31.143225,0.0
71.0,186.85617,22.607798,75.0,23.065577,0.0,0.0,100.0,-7.0,7.0,8.0,23.0,0.0,25.0,0.0,1.0,1.0,47.161995,-6.959616,10.1128845,3.0,2.0,71.0,0.0
89.0,204.00812,25.142765,105.70996,14.325623,0.0,0.0,100.0,-7.0,7.0,8.0,14.0,0.0,42.0,9.574115,0.0,0.0,0.0,-8.0,2.0,2.0,0.0,56.0,0.0
82.95621,170.4952,4.0,85.95237,27.0,0.0,0.0,93.285095,29.118874,6.0,6.0,3.996897,3.0,16.0,7.668289,1.0,1.0,6.0,82.0,2.0,2.0,0.0,24.997293,0.0
70.0,117.665985,5.0,58.0,15.332813,0.0,0.0,91.60395,3.1946712,4.0,6.0,19.0,1.0,50.0,0.0,0.0,0.0,12.42788,52.519066,2.0,2.0,1.0,60.0,0.0
-9.0,114.986725,13.0,58.183857,12.0,2.0,2.0,88.0,1.0,4.0,5.0,17.546553,0.0,88.09888,2.0,1.0,1.0,79.17749,76.0,1.0,2.0,0.0,100.0,0.0
80.400635,82.26152,7.0171742,33.65949,12.0,0.0,0.0,100.0,-7.0,7.0,8.0,14.0,2.8119247,33.0,-8.0,1.0,1.0,20.89534,-8.0,3.0,1.0,0.0,67.0,0.0
83.0,266.0523,15.0,97.00778,6.0,0.0,0.0,100.0,-7.0,7.0,8.0,7.0,0.0,9.629329,11.321562,0.0,0.0,49.75887,-8.0,4.0,1.0,2.0,100.0,0.0
79.0,69.28811,13.136663,69.0203,27.0,0.0,0.0,100.0,-7.0,7.0,8.0,23.0,0.0,19.0,0.0,1.0,1.0,19.36019,-8.0,3.0,1.0,1.0,42.562428,0.0
89.0,138.741,3.0,82.94641,20.253557,0.0,0.0,100.0,-7.0,6.0,6.0,20.450352,2.0,36.0,-8.0,1.4470044,1.0,1.0,-8.0,2.0,1.0,0.0,40.0,0.0
60.813576,406.951,5.0,158.59758,13.0,0.0,0.0,62.66845,10.5209255,5.0820637,6.0,19.0,1.0,50.0,2.0,1.0,1.0,73.18663,76.0,4.0,4.0,1.0,75.0,0.0
66.0,260.22174,-9.0,68.03337,12.0,1.0,1.0,95.0,35.110065,6.0,5.0,9.0,4.0,38.0,0.0,2.0,2.0,23.17258,75.294815,3.528425,2.0,0.0,80.0,0.0
89.0,211.38173,27.225708,148.3697,16.0,0.0,0.0,96.0,50.894993,6.0,6.0,17.0,0.0,7.73012,-7.0,0.0,0.0,1.0,-8.0,1.0,1.0,0.0,-9.0,0.0
70.0,152.05414,7.0,60.558758,43.73779,0.0,0.0,100.0,21.074417,4.0,6.0,47.8197,3.0,27.0,0.0,2.0,2.0,14.767145,67.466034,11.564415,2.0,0.5116606,50.0,0.0
85.0,219.69434,4.0,78.65882,13.0,0.0,0.0,100.0,-7.0,7.0,8.0,15.0,2.0,67.936264,0.0,4.0,3.0,0.0,91.0,1.0,3.0,0.0,67.0,0.0
84.0,159.27406,3.0,88.347694,24.0,0.0,0.0,100.0,-7.0,7.0,8.0,28.959408,2.0,27.0,4.0,0.0,0.0,18.0,39.658234,3.0,2.0,0.0,44.803043,0.0
68.0,175.72336,8.0,67.0,31.695047,0.0,0.0,100.0,38.932068,6.0,5.0,59.93448,0.0,30.727997,-7.0,0.0,0.0,69.21256,94.898705,4.0,2.0,2.0,56.94878,0.0
57.67763,192.61371,7.0,66.30048,16.0,1.0,0.0,81.49667,6.0,4.0,5.0,21.0,1.0,50.0,18.116396,1.0,1.0,26.621508,60.227905,4.0,2.0,1.0,83.0,0.0
79.33298,141.06151,10.0,61.892685,6.0,0.0,0.0,100.0,-7.0,7.0,8.0,10.199445,2.0,0.0,-7.0,0.0,0.0,35.09235,-8.0,2.0,1.0,0.0,44.550907,0.0
75.0,364.42703,7.0,92.0,14.0,0.0,0.0,100.0,-7.0,7.0,8.0,11.579616,1.0,38.0,0.0,1.0,1.0,51.003197,-8.0,4.0,1.0,4.0,100.0,0.0
84.0,413.36725,3.0,97.748856,41.09582,0.0,0.0,100.0,40.46806,6.0,6.0,29.0,2.0,27.888678,19.93153,0.0,0.0,4.302094,52.535572,3.0,2.0,0.0,39.564198,0.0
76.0,161.69423,32.582066,116.158325,10.614316,0.0,0.0,100.0,-7.0,7.0,8.0,6.5188956,0.0,45.0,0.0,1.0,1.0,59.334637,-8.0,2.0,1.0,-9.0,100.0,0.0
71.0,180.1046,13.0,70.225716,36.41905,0.0,0.0,100.0,-7.0,7.0,8.0,34.0,1.0,15.8375,0.0,2.0,2.0,59.32904,-8.0,12.444775,2.0,9.824015,56.0,0.0
81.0,200.3197,17.093142,71.0,13.0,0.0,0.0,100.0,-7.0,7.0,8.0,3.9823444,0.0,39.22025,5.0,0.0,0.0,23.60167,39.75154,2.0,1.0,0.0,53.084293,0.0
80.10512,182.12349,3.0,59.28299,20.0,0.0,0.0,100.0,-7.0,7.0,8.0,20.0,3.0,24.0,0.0,2.0,2.0,5.779716,-8.0,3.0,3.0,0.0,50.0,0.0
89.0,226.6914,27.347006,103.42589,15.0,0.0,0.0,100.0,-7.0,7.0,8.0,20.0,0.0,42.0,-7.0,0.0,0.0,0.0,65.70798,1.0,1.0,0.0,26.49428,0.0
60.602802,253.13046,13.8279,114.32152,20.0,5.1659503,6.9259825,84.1199,4.0,-9.0,5.0,17.0,0.0,47.043205,0.0,2.0,3.0,41.447765,-8.0,2.0,2.0,1.0,60.0,0.0
78.0,178.74188,3.0,94.0,9.101387,0.0,0.0,100.0,-7.0,7.0,8.0,10.0,3.0,43.910534,0.0,3.0,2.3075995,44.44567,-8.0,5.0,2.0,0.0,100.0,0.0
81.86519,163.63794,48.67003,219.77931,15.159267,0.0,0.0,92.0,32.06391,6.0,6.0,-3.3998682,0.0,10.98217,0.0,0.0,0.0,4.0,-8.0,3.0,1.0,0.0,36.63969,0.0
70.0,321.18817,2.0,154.90822,27.972822,0.0,0.0,97.0,13.180131,6.0,6.0,28.0,1.0,17.0,0.0,2.0,1.0,0.0,-8.0,3.0,-8.0,1.0,22.003448,0.0
88.0,349.84445,7.0,128.97304,20.0,0.0,0.0,100.0,-7.0,7.0,8.0,26.0,1.0,25.0,5.0,1.0,1.0,1.0,-8.0,1.0,1.0,0.0,20.801407,0.0
89.0,345.43152,14.0,116.369316,27.0,0.0,0.0,100.0,-7.0,7.0,8.0,24.0,0.0,16.9925,3.0,0.0,0.0,0.0,80.0,1.0,2.0,0.0,-9.0,0.0
83.0,261.4512,12.0,90.0,16.0,0.0,0.0,100.0,-7.0,7.0,8.0,17.0,0.0,48.038296,-8.0,0.0,0.0,19.0,75.91069,1.0,2.0,0.0,71.0,0.0
79.281265,152.21536,13.728262,71.0,53.581097,0.0,0.0,100.0,-7.0,7.0,8.0,38.18082,0.0,14.389578,2.0,2.0,1.0,5.777865,67.54816,10.685472,2.0,0.0,50.0,0.0
84.0,168.3693,24.817669,97.215645,13.0,0.0,0.0,100.0,-7.0,7.0,8.0,13.0,0.0,47.0,-7.0,0.0,0.0,29.493801,76.28232,1.4929752,2.0,0.0,61.59218,0.0
70.0,170.74887,7.0,65.0,24.446167,0.0,0.0,100.0,-7.0,7.0,8.0,24.0,1.0,23.0,0.0,2.0,2.0,54.263527,100.0,7.0,5.0,3.0,67.0,0.0
77.0,241.76341,10.0,79.0,24.0,0.0,0.0,95.0,51.55453,6.0,6.0,26.0,1.4575105,32.0,7.906564,0.0,0.0,41.021606,45.611515,7.3081446,3.0,1.0,100.0,0.0
72.0,181.35057,4.0,90.81478,21.0,1.0,0.0,94.0,11.154604,4.0,5.0,22.0,2.0,18.0,0.0,2.0,2.0,3.0,-8.0,2.0,1.0,0.0,26.855373,0.0
91.17031,312.77682,182.26541,198.75055,11.347386,0.0,0.0,100.0,-7.0,7.0,8.0,18.0,0.0,11.791141,-8.0,0.0,0.0,1.0,-8.0,1.0,-8.0,0.0,50.0,0.0
71.69227,378.92038,5.0,71.60972,29.0,0.0,0.0,100.0,-7.0,7.0,8.0,26.109095,2.2207649,1.7829052,7.0,0.0,0.0,41.618748,100.0,6.9239693,2.0,1.0,70.0,0.0
61.318928,89.267746,8.197388,98.387924,17.0,2.0,2.0,90.0,10.436335,4.0,5.0,20.852465,1.0,50.0,0.0,2.0,2.0,72.06068,-8.0,4.0,4.0,3.0,100.0,0.0
89.88331,263.83795,21.163435,76.0,21.0,0.0,0.0,100.0,-7.0,7.0,8.0,30.519884,0.0,20.24449,-7.0,0.0,0.0,0.0,-8.0,2.0,-8.0,0.0,13.303118,0.0
68.0,139.15698,6.0,72.09955,13.0,2.0,1.0,76.12423,3.0,6.0,2.5729895,11.807919,4.0,9.123602,1.0,0.0,0.0,2.0,-8.0,1.0,1.490213,0.0,40.86763,0.0
78.499916,187.96776,1.0,89.71734,29.04443,0.0,0.0,94.0,36.70849,6.0,6.0,37.0,3.0,25.0,0.0,3.0,3.0,12.0,83.2504,4.0,3.0,0.0,43.0,0.0
81.0,140.59619,6.759765,83.50293,27.919613,0.0,0.0,100.0,-7.0,7.0,8.0,28.0,2.0,38.0,0.0,3.0,2.0,34.351078,82.552536,2.0921078,2.0,0.0,60.0,0.0
70.165,104.77463,10.0,20.143333,10.0,0.0,0.0,100.0,-7.0,7.0,8.0,13.09671,4.0,18.0,0.0,2.0,2.0,18.0,-8.0,3.0,1.0,0.0,58.0,0.0
-9.0,-9.0,-9.0,-9.0,-9.0,-9.0,-9.0,-9.0,-9.0,-9.0,-9.0,-9.0,-9.0,-9.0,-9.0,-9.0,-9.0,-9.0,-9.0,-9.0,-9.0,-9.0,-9.0,0.0
61.032436,93.722435,3.5695457,24.135841,-7.5025387,1.0895841,1.0,85.82609,55.773777,6.0,5.0,10.0,1.0,31.278814,0.0,2.0,1.0,73.14585,61.899815,1.0,1.0,0.0,100.0,0.0
70.0,181.55348,2.0,68.0,21.0,0.0,0.0,100.0,-7.0,7.0,8.0,22.0,2.0,28.0,7.0,2.127498,2.0,92.76248,86.09543,5.0,2.0,2.0,86.0,0.0
78.0,185.65991,5.0,75.0,22.0,0.0,0.0,100.0,-7.0,7.0,8.0,20.0,2.0,57.71957,-8.0,0.0,0.0,42.039814,75.78859,3.0,5.0,1.0,75.0,0.0
87.0,176.63818,33.067127,79.0,23.0,0.0,0.0,100.0,-7.0,7.0,8.0,25.786484,0.0,52.720745,0.0,0.0,0.0,15.0,-8.0,3.0,2.0,0.0,64.0,0.0
67.04091,367.92334,21.874718,94.0,12.0,0.0,0.0,78.461685,10.696895,4.0,6.0,13.0,0.0,28.533632,-7.0,0.0,0.0,39.49672,94.87068,2.0,2.0,1.0,71.0,0.0
72.98005,297.1131,2.0,63.651867,38.034935,0.0,0.0,100.0,-7.0,6.0,8.0,39.635036,3.0,37.0,0.0,1.0,1.0,10.0,76.0,6.0,4.0,0.0,55.672184,0.0
87.0,238.14586,3.0,78.79639,13.841023,0.0,0.0,100.0,-7.0,7.0,8.0,14.0,1.0,45.0,2.0,1.0,0.0,4.0,49.041946,3.0,2.0,0.0,62.448143,0.0
64.0,277.825,20.0,81.00505,24.0,0.0,0.0,77.58155,19.231245,6.0,6.0,23.97786,0.0,66.47176,1.0,0.0,0.0,71.73119,41.564655,7.0,3.0,2.0,100.0,0.0
74.0,83.69605,4.0,55.656754,22.0,0.0,0.0,100.0,-7.0,7.0,8.0,11.0,1.0,36.0,-7.0,2.0,2.0,15.0,67.55882,2.0,4.0,0.0,45.605545,0.0
79.0,203.25854,3.0,70.79339,18.0,0.0,0.0,96.0,80.90825,6.0,6.0,22.567614,2.0,29.0,0.0,4.392956,4.7981544,21.0,66.70518,5.0,3.0,0.0,60.0,0.0
78.0,242.2577,-9.0,66.6724,30.0,0.0,0.0,100.0,-7.0,7.0,8.0,32.728,9.97722,32.0,0.0,2.0,2.0,19.0,71.565475,5.0,3.0,0.0,60.0,0.0
73.0,246.21024,7.4737234,98.9075,43.41154,2.0,0.0,85.45987,33.166355,6.0,5.0,40.49682,2.0,15.0,0.0,3.0,3.0,26.721586,-8.0,5.0,1.0,0.0,50.0,0.0
79.84359,254.24152,4.0,83.97284,1.4103931,1.0,1.0,100.0,-7.0,7.0,8.0,8.0,1.0,29.0,-7.0,0.0,0.0,1.0,75.771255,1.1267607,1.0,0.0,36.744427,0.0
87.0,232.85513,13.024972,94.57964,32.0,0.0,0.0,100.0,-7.0,7.0,8.0,41.470684,0.0,18.0,1.3786614,1.0,1.0,9.0,-8.0,5.0,2.0,0.0,53.810287,0.0
-9.0,318.10754,7.0,84.0,23.0,2.0,0.0,38.049206,6.0,3.5494285,3.0,38.35901,1.0,20.0,-7.0,3.0,3.0,73.922035,80.0,5.0,2.0,1.0,78.39298,0.0
80.0,142.24376,4.0,61.0,20.0,0.0,0.0,100.0,-7.0,7.0,8.0,23.0,2.0,31.0,-8.0,0.0,0.0,44.876896,34.780346,4.0,2.0,0.0,64.0,0.0
90.0,232.08704,17.0,105.33476,16.0,0.0,0.0,100.0,-7.0,7.0,8.0,0.041784044,0.0,30.6104,0.0,0.0,0.0,3.0,-8.0,1.0,0.029410187,0.0,14.364871,0.0
80.0,402.53046,1.6283816,134.16577,14.0,1.0,1.0,96.0,66.17245,6.0,3.0,15.913692,1.0,37.0,-7.0,1.0,1.0,5.0,71.0,1.0,2.0,0.0,50.331875,0.0
86.08694,347.2668,3.0,103.03159,20.0,0.0,0.0,100.0,-7.0,7.0,8.0,20.111917,1.0,30.0,18.164356,0.0,0.0,28.0,82.0,1.9534378,2.0,0.0,75.0,0.0
70.41693,143.00743,2.0,74.284966,22.225904,0.0,0.0,89.41129,3.0,6.0,6.0,31.820023,3.0,73.56355,3.8459234,1.0,1.0,41.621628,-8.0,2.0,7.885432,0.0,85.82987,0.0
-9.0,-9.0,-9.0,-9.0,-9.0,-9.0,-9.0,-9.0,-9.0,-9.0,-9.0,-9.0,-9.0,-9.0,-9.0,-7.989363,-9.0,-9.0,-9.0,-9.0,-9.0,-9.0,-9.0,0.0
63.0,372.88678,12.0,79.0,30.0,2.0,1.0,71.84282,-7.0,-6.9955225,2.0,29.0,1.0,10.403312,0.0,2.0,2.0,6.0,-8.0,4.0,1.0,0.0,34.969147,0.0
69.0,117.41704,7.0,30.089117,20.0,0.0,0.0,100.0,-7.0,7.0,8.0,18.539726,2.0,29.0,8.0,1.0,0.69344836,39.93113,83.93257,5.043643,2.0,1.0,64.910095,0.0
76.0,190.83833,3.0,110.030685,33.0,2.326962,1.0,90.0,17.075209,6.0,5.0,14.0,1.0,13.0,20.50297,0.0,0.0,3.261243,98.99102,2.0,2.7935977,0.0,31.889488,0.0
87.0,151.80748,10.0,78.96558,22.676527,0.0,0.0,100.0,-7.0,7.0,8.0,20.0,2.0,9.565344,13.1231985,0.0,0.0,0.0,-8.0,4.0,1.0,0.0,43.0,0.0
88.0,11.771614,11.0,64.15016,14.0,0.0,0.0,100.0,-7.0,7.0,8.0,4.075883,1.0,28.0,0.0,3.0,2.0,0.0,-8.0,1.0,1.0,0.0,25.0,0.0
81.0,222.87286,6.4968815,74.761505,42.19409,0.0,0.0,100.0,-7.0,7.0,8.0,46.41339,3.0,20.0,1.0,2.0,1.0,13.233639,56.2038,3.0,3.0,1.0,37.781315,0.0
81.0,184.47914,25.110905,132.32237,18.422508,0.0,0.0,92.0,17.506353,6.0,6.0,26.0,0.0,47.0,-8.0,0.0,0.0,0.0,19.244427,2.0,3.0,0.0,91.79897,0.0
68.4184,149.30663,4.0,17.46394,-7.464828,0.0,0.0,100.0,-7.0,7.0,8.0,4.4187136,5.0,32.0,0.0,2.0,2.0,58.169727,90.91559,2.0,2.0,1.0,91.01895,0.0
74.0,375.7027,3.0,114.82373,20.0,1.0,1.0,92.0,63.349346,6.0,2.0,26.0,1.0,26.937288,0.0,3.0,3.0,30.623838,-8.0,2.0,2.0,0.0,56.0,0.0
65.0,140.78946,5.196626,76.80871,22.0,1.0,0.0,89.0,6.0,6.0,3.1654603,25.0,3.0,27.0,1.0,3.615103,3.0,74.548454,80.0,6.0,3.0,4.0,67.0,0.0
70.0,146.68588,2.0,49.400352,11.0,0.0,0.0,100.0,-7.0,7.0,8.0,7.0,3.0,41.0,0.0,2.0,2.0,77.59228,100.0,2.0,2.0,1.0,83.0,0.0
73.0,178.80966,2.0,55.19131,14.0,0.0,0.0,87.17005,69.27894,6.0,6.0,13.0,5.0,33.052532,0.0,0.0,0.0,21.0,75.97379,8.0,4.0,0.0,100.0,0.0
80.0,174.92163,2.0,62.6688,14.0,0.0,0.0,97.0,24.994762,6.0,4.974432,14.0,2.0,62.17719,0.0,0.0,0.0,2.0,-8.0,2.0,1.0,0.0,47.05052,0.0
79.0,239.54042,10.548588,86.90561,23.0,0.0,0.0,100.0,-7.0,7.0,8.0,28.0,2.0,24.0,0.0,0.0,0.0,32.0,13.465042,2.0,1.0,0.0,80.0,0.0
70.0,231.75977,2.0,114.23891,44.34378,0.0,0.0,96.41142,26.646393,6.0,5.0,47.02512,2.0,17.0,-7.0,0.0,0.0,16.0,-8.0,10.632433,1.0,1.0,50.997005,0.0
67.35369,177.73442,8.0,76.0,20.33775,1.5560399,2.0,88.0,61.61198,6.0,2.0,27.0,1.0,56.071815,-7.0,0.0,0.0,65.68677,-8.0,5.025216,2.0,3.5067096,100.0,0.0
86.0,194.8551,14.039483,88.922066,33.26166,0.0,0.0,100.0,-7.0,7.0,8.0,34.0,0.0,36.0,16.0,0.0,0.0,8.0,40.85592,2.0,1.0,0.0,25.0,0.0
84.0,199.25159,3.0,73.58288,23.0,0.0,0.0,100.0,-7.0,7.0,8.0,24.0,1.0,20.78186,0.0,2.0,2.0,0.7345746,99.27749,3.0,2.0,0.0,44.0,0.0
84.0,-9.0,8.0,65.0,13.0,0.0,0.0,100.0,-7.0,7.0,8.0,-6.5838323,1.0,43.596497,11.689084,0.0,0.0,6.0,-7.758083,3.0,1.0,0.0,67.0,0.0
74.0,323.34982,6.0,71.0,30.20178,0.0,0.0,100.0,-7.0,6.0,8.0,33.0,2.0,50.0,0.0,0.0,0.0,36.755444,50.572636,4.0,13.844289,1.0,76.06959,0.0
85.0,193.39143,16.984417,88.20034,9.0,0.0,0.0,100.0,-7.0,7.0,8.0,7.5549126,0.0,24.183554,0.0,3.0,2.0,15.0,-8.0,1.0,1.0,0.0,53.312645,0.0
80.0,85.156624,18.35604,69.16962,23.0,0.0,0.0,100.0,-7.0,7.0,8.0,24.605362,0.0,36.559555,8.0,0.0,0.0,16.038301,64.15172,5.0,3.0,0.0,100.0,0.0
65.0,261.22928,4.0,81.80179,9.0,2.0,1.0,57.11675,33.609425,4.0,1.7464364,14.0,1.0,19.0,-7.0,0.0,0.0,1.0,-8.0,1.0,1.0,0.0,44.0,0.0
84.651985,480.5544,33.824093,133.04271,18.0,0.0,0.0,100.0,-7.0,7.0,8.0,20.01161,0.0,9.628873,1.0,0.0,0.0,18.0,40.782192,7.0,1.0,0.0,71.0859,0.0
85.0,437.37958,6.0,90.53144,21.0,0.0,0.0,100.0,-7.0,7.0,8.0,26.0,2.0,21.0,0.0,4.6523423,4.0,15.583124,89.88685,3.0,2.0,0.0,56.0,0.0
-9.0,-9.0,-9.0,-9.0,-9.0,-9.0,-9.0,-9.0,-9.0,-9.0,-9.0,-9.0,-9.0,-9.0,-9.0,-9.0,-9.0,-9.0,-9.0,-9.0,-9.0,-9.0,-9.0,0.0
81.0,373.268,35.59281,174.50903,27.0,2.0,2.0,100.0,-7.0,6.0,6.0,26.0,0.0,29.0,10.7756815,0.0,0.0,1.0,-8.0,5.0,2.0,0.0,60.0,0.0
81.3863,750.1196,5.0,109.32662,25.928497,0.0,0.0,100.0,-7.0,7.0,8.0,25.0,2.0,17.0,6.0,0.0,0.0,0.0,89.67671,3.0,2.0,0.0,37.894268,0.0
65.951614,159.80588,7.0,61.0,18.0,2.0,0.0,85.33492,6.371545,4.0,3.0,23.183266,3.0,42.0,-7.0,3.0,3.0,29.771036,52.136517,4.0,2.0,0.0,100.0,0.0
80.0,272.57657,3.0,75.637726,18.0,0.0,0.0,93.2665,38.988297,6.0,6.0,23.0,3.0,37.0,8.661011,0.0,0.0,11.454615,-8.0,2.0,2.0,0.0,67.0,0.0
72.56802,108.75617,4.0,79.0424,18.31594,0.0,0.0,100.0,-7.0,7.0,8.0,21.567682,2.0,42.999035,0.0,0.0,0.0,61.20806,86.93039,4.0,2.0,2.0,100.0,0.0
80.0,226.62204,21.391552,91.19686,12.0,0.0,0.0,100.0,-7.0,7.0,8.0,13.0,0.0,62.857403,16.0,0.0,0.0,17.0,23.452055,2.0,4.0,0.0,80.0,0.0
81.18874,158.10132,18.577332,61.412727,15.799168,0.0,0.0,100.0,-7.0,7.0,8.0,19.0,0.0,22.0,0.0,0.0,0.0,19.0973,-8.0,4.0,1.0,0.0,43.0,0.0
65.0,280.50198,29.733358,86.292816,-9.0,3.0,2.818927,85.14818,40.020046,6.0,4.0,5.527088,0.0,68.95509,-7.0,0.0,0.0,98.28339,-8.0,1.0,1.0,2.0,100.0,0.0
66.84923,139.61806,4.0,58.0,20.0,1.0,1.0,87.39821,12.12368,4.0,5.0,22.0,2.0,50.0,18.647573,0.0,0.0,27.77565,73.9003,2.0,2.0,1.0,54.118034,0.0
63.673367,194.53326,4.0,63.0,43.80048,0.0,0.0,92.0,21.305548,6.0,6.0,46.823,3.0,24.105423,-7.0,1.0,1.0,47.968853,93.0,5.0,6.7272735,4.5656433,60.0,0.0
84.0,170.05562,4.0,67.0,19.253677,0.0,0.0,100.0,-7.0,7.0,8.0,18.719189,1.0,33.0,13.465874,0.0,0.0,15.0,75.47681,4.0,2.0,0.0,67.0,0.0
74.0,177.13445,3.0,75.0,19.164394,0.0,0.0,100.0,-7.0,7.0,8.0,24.0,1.0,21.552153,18.744583,0.0,0.0,42.036533,95.34887,5.0,2.0,1.5283296,81.57155,0.0
72.0,69.38042,7.0,71.12308,21.0,0.0,0.0,94.0,-9.0,6.0,6.0,14.0,2.0,14.0,0.0,0.0,0.0,41.058994,17.444567,7.0,1.0,1.0,50.0,0.0
68.0,159.63626,5.0,66.53161,9.904552,0.0,0.0,77.88268,4.321699,4.0,6.0,9.0,2.0,74.958626,0.0,0.0,0.0,2.0,23.683578,1.0,1.0,0.0,60.0,0.0
65.0,161.59816,10.0,42.509403,12.0,0.0,0.0,100.0,-7.0,7.0,8.0,17.0,0.0,33.0,-8.0,0.0,0.0,100.70669,62.244972,6.0,2.0,3.0,100.0,0.0
62.0,285.94327,3.0,94.11449,36.981087,3.7940385,2.6968708,88.0,6.0,6.0,6.0,49.780544,2.0,57.757027,1.0,1.0,1.0,48.73566,50.722157,7.0,3.0,2.0,80.59789,0.0
79.56181,171.58528,14.0,82.40429,22.0,0.0,0.0,100.0,-7.0,7.0,8.0,17.0,1.0,3.3752275,2.0,0.0,0.0,1.0,-8.0,3.0,-8.0,0.0,27.34936,0.0
81.0,201.42212,1.7788329,58.489403,20.0,0.0,0.0,100.0,-7.0,7.0,8.0,23.0,7.762264,29.942184,3.7259786,0.0,0.0,15.401738,71.56497,5.0,3.0,0.0,67.0,0.0
68.0,138.60182,21.245922,75.995766,20.734264,0.0,0.0,86.3896,-7.0,1.8322551,6.0,21.0,0.0,44.0,7.9746356,0.0,0.0,18.0,61.157078,4.0,4.0,0.0,77.387955,0.0
79.0,387.9287,2.0,110.83612,51.579525,0.0,0.0,100.0,-7.0,7.0,8.0,44.49796,5.198373,29.0,0.0,2.0,2.0,13.905463,95.22298,6.0,3.0,0.0,36.678257,0.0
84.0,333.26285,2.0,99.91634,15.083329,0.0,0.0,88.0,46.94465,6.0,6.0,11.0,1.8287721,20.0,23.09482,0.0,0.0,8.0,-8.0,4.0,2.0,0.0,56.0,0.0
70.93149,-9.0,2.0,-9.0,5.849928,0.0,0.0,100.0,-7.0,7.0,8.0,6.791041,2.0,46.230602,0.0,0.0,0.0,57.4917,85.64381,3.0,2.0,0.0,75.0,0.0
75.579865,242.57793,13.144764,83.0,25.0,0.0,0.0,100.0,-7.0,7.0,8.0,23.0,0.0,37.45599,0.0,4.0,3.0,49.908997,43.760967,5.0,4.0,0.0,80.0,0.0
72.0,302.49158,12.245004,105.678314,29.0,0.0,0.0,100.0,-7.0,7.0,8.0,42.473705,1.0,19.266768,0.0,0.0,0.0,36.0,-8.0,6.0,1.0,4.0369325,71.0,0.0
65.0,173.37239,8.0,106.09891,36.0,0.0,0.0,90.44307,5.968844,4.0,6.0,42.885803,0.0,54.425682,-7.975751,0.0,0.0,32.0,65.361305,7.0,2.0,0.0,100.0,0.0
86.0,272.8956,16.603642,70.0,19.0,0.0,0.0,100.0,-7.0,7.0,8.0,33.0,0.0,49.49691,0.0,3.0,2.0,2.0,-8.0,2.0,2.0,0.0,60.0,0.0
91.0,350.7412,40.074833,121.43782,-9.0,0.0,0.0,100.0,-7.0,7.0,8.0,7.0,0.0,86.248634,-7.0,0.0,0.0,0.0,-8.0,1.0,-5.9545035,-8.0,75.0,0.0
80.0,316.0915,3.0,101.354965,33.067738,0.0,0.0,93.0,29.138031,6.0,6.0,45.690247,1.0,40.0,0.0,0.0,1.0,15.0,69.60269,4.0,2.0,0.0,85.425835,0.0
79.0,287.60626,15.0,130.90154,28.0,0.0,0.0,100.0,-7.0,7.0,8.0,25.485289,0.0,24.0,-7.0,2.0,1.0,60.822742,26.08464,3.0,2.0,1.0,50.0,0.0
75.89213,158.98152,6.0,56.62683,18.0,0.0,0.0,100.0,-7.0,7.0,8.0,18.784767,1.0,22.190048,-8.0,0.0,0.0,32.0,99.700005,6.0,2.0,0.0,75.0,0.0
80.31724,220.0154,36.673195,114.05069,16.658932,0.0,0.0,94.0,31.7993,6.0,6.0,19.0,0.0,37.956017,-8.0,0.0,0.0,4.0,-8.0,1.0,2.0,0.0,40.252132,0.0
85.21595,150.6205,25.46199,94.66293,-4.286558,0.0,0.0,100.0,-7.0,7.0,8.0,7.0,0.0,17.0,14.846004,0.0,0.0,1.0,-8.0,3.0,-8.148323,0.0,56.562332,0.0
73.0,180.8426,13.870075,60.44888,14.368073,0.0,0.0,89.856476,2.516814,6.0,6.0,17.0,0.0,36.0,-7.0,5.0,4.8006635,6.0,-8.0,4.0,2.0,0.0,64.0,0.0
82.0,226.97531,1.0,84.03564,28.0,0.0,0.0,100.0,-7.0,7.0,8.0,34.30538,2.0,18.0,8.775777,0.0,0.0,19.0,-8.0,4.5322266,1.0,1.0,52.28083,0.0
89.30084,491.60168,21.211058,143.00992,34.848396,0.0,0.0,100.0,-7.0,7.0,8.0,30.0,0.0,20.88781,-7.0,0.0,0.0,0.0,-8.0,5.0,1.0,0.0,43.749664,0.0
63.30121,137.74612,-9.0,54.50584,29.0,0.0,0.0,91.16509,17.56003,4.0,6.0,29.0,6.500771,22.289856,0.0,2.0,1.7083519,28.414024,-8.0,6.0,1.0,0.0,64.459694,0.0
67.041885,147.61337,26.267218,86.0,-7.8330164,0.0,0.0,70.63724,4.0,6.0,6.0,3.541601,0.0,55.708702,0.0,1.0,1.0,57.957375,89.8058,2.0,1.0,0.0,100.0,0.0
79.0,745.12506,1.0,138.75168,69.65749,0.0,0.0,100.0,-7.0,7.0,8.0,66.14747,2.0,25.369564,0.0,1.0,1.0,9.0,64.324196,14.899003,2.0,0.0,67.0,0.0
75.0,115.76361,4.0,43.364803,22.944927,0.0,0.0,100.0,-7.0,7.0,8.0,15.250389,6.0,54.096813,0.0,1.0,1.0,48.052402,98.68034,3.0,1.0,1.0,50.0,0.0
83.434784,238.97694,4.0,67.66817,40.685833,0.0,0.0,100.0,-7.0,7.0,8.0,42.358585,3.0,15.624882,0.7355554,0.0,0.0,6.0,94.46041,6.0,2.0,0.0,44.0,0.0
69.0,178.50484,11.0,64.25421,21.0,2.0,0.0,90.0,52.99928,6.0,4.0,21.0,1.0,60.068817,7.3109765,0.0,0.0,20.358814,45.697308,1.0,2.0,0.0,43.0,0.0
62.607048,239.65814,2.0,77.322945,30.0,0.0,0.0,83.25117,12.807236,4.0,6.0,31.0,2.0,43.0,3.0,2.0,2.0,42.67055,-8.0,9.82404,4.0,2.0,77.57434,0.0
81.33062,167.27974,3.0,60.6736,23.0,0.0,0.0,100.0,-7.0,7.0,8.0,24.0,6.0,23.795008,3.0,1.0,1.0,25.63882,83.01485,3.0,2.326712,0.0,50.0,0.0
79.0,375.1905,2.0,160.83914,28.0,0.0,0.0,95.0,32.80895,6.0,6.0,21.0,1.0,18.0,-8.0,1.0,1.0,8.0,-8.0,6.0,1.0,0.0,52.75172,0.0
72.0,308.4151,15.0,107.065926,28.0,0.0,0.0,100.0,-7.0,7.0,8.0,34.0,0.0,37.0,11.230613,0.0,0.0,56.40305,87.14083,8.0,3.0,3.4033344,69.00425,0.0
-9.0,-9.0,-9.0,-9.0,-9.0,-9.0,-9.0,-9.0,-9.0,-9.0,-9.0,-9.0,-9.0,-9.0,-9.0,-9.0,-9.0,-9.0,-9.0,-9.0,-9.0,-9.0,-9.0,0.0
56.996716,215.98798,6.4867363,89.32166,21.0,1.0,0.0,83.962875,29.558142,6.0,5.0,29.0,3.0,44.41421,-7.0,2.189801,2.0,116.02423,-8.0,5.0,1.0,3.0,67.0,0.0
79.0,157.03032,15.0,93.0,28.0,0.0,0.0,97.0,35.22838,6.0,6.0,12.0,0.0,24.0,16.0,0.0,0.0,25.0,58.850414,6.0,2.0,1.0,70.0,0.0
76.0,190.59923,2.0,81.0,20.0,0.0,0.0,100.0,-7.0,7.0,8.0,20.0,3.0,31.094791,3.0,0.0,0.0,21.0,-8.0,6.4113345,2.0,3.0,60.0,0.0
89.0,243.94727,32.062805,178.48135,17.0,0.0,0.0,100.0,-7.0,7.0,8.0,22.0,0.0,31.0566,-8.0,0.0,0.0,1.0,-8.0,1.0,1.0,0.0,50.0,0.0
87.0,205.65797,1.0,103.94408,15.0,0.0,0.0,100.0,-7.0,7.0,8.0,17.240286,2.0,59.444435,-7.0,0.0,0.0,9.578765,59.697945,3.0,3.0,0.0,80.0,0.0
87.0,153.39122,22.543941,97.0,7.0,0.0,0.0,100.0,-7.0,7.0,8.0,12.0,0.0,22.716742,0.0,0.0,0.0,2.0,-8.0,1.0,1.0,0.0,33.0,0.0
89.0,203.98712,2.0,82.0,21.0,0.0,0.0,100.0,-7.0,7.0,8.0,23.0,1.0,46.0,0.0,1.0,1.0,7.400042,47.31969,5.0,2.0,0.0,83.0,0.0
69.0,340.62894,7.0,144.68874,28.855194,0.0,0.0,100.0,-7.0,7.0,8.0,37.0,3.0,39.422337,0.0,2.0,2.0,61.169773,84.96177,4.0,3.0,1.0,67.0,0.0
86.0,251.18913,4.0,95.324455,26.3666,0.0,0.0,100.0,-7.0,7.0,8.0,26.252777,1.0,33.0,0.0,1.0,0.0,12.0,118.2867,3.0,2.0,0.0,57.0,0.0
71.0,190.05768,30.788565,117.6612,18.0,2.0,1.0,95.0,57.084732,6.0,2.0,21.0,0.0,12.396136,4.0,2.0,1.8301151,13.0,-8.0,1.0,1.0,0.0,30.549364,0.0
68.0,131.30878,6.0,70.38303,-9.0,3.0,2.8381553,100.0,-7.0,7.0,8.0,7.123549,1.0,72.63225,4.0,0.0,0.0,34.55816,-8.0,1.0,1.0,0.0,98.641624,0.0
76.30677,74.52473,2.0,52.276745,41.677074,0.0,0.0,100.0,-7.0,6.0,8.0,32.0,3.0,24.0,0.0,4.818917,4.842312,19.175287,88.0,5.0,2.0,0.0,50.0,0.0
88.0,177.97841,7.0,72.34438,14.0,0.0,0.0,100.0,-7.0,7.0,8.0,13.0,1.0,64.540665,3.0,2.0,1.5052031,0.0,91.6866,-9.0,2.0,0.0,20.296926,0.0
85.0,173.28137,4.554132,75.854164,15.0,0.0,0.0,97.0,45.40608,6.0,6.0,12.933134,1.0240074,37.16219,0.0,0.0,0.0,0.09404677,80.292694,2.0,2.0,0.0,56.90656,0.0
87.0,269.6155,5.0,83.0,8.372535,0.0,0.0,100.0,-7.0,7.0,8.0,11.034468,1.0,32.0,-7.0,0.0,0.0,4.0,-8.0,1.0,1.0,0.0,69.800804,0.0
78.28206,277.9353,3.0,122.64343,31.984882,0.0,0.0,100.0,-7.0,7.0,8.0,24.505936,3.0,31.0,0.0,1.7034322,1.764949,30.800741,68.45347,4.0,3.0,1.0,75.0,0.0
81.44563,257.7832,3.0,93.0,18.0,0.0,0.0,100.0,-7.0,7.0,8.0,23.0,2.0,47.432568,0.0,2.0,2.0,4.0,82.0,3.0,9.427965,0.0,64.0,0.0
91.0,429.37195,217.55399,318.83472,-3.2148256,0.0,0.0,100.0,-7.0,7.0,8.0,11.145452,0.0,21.0,16.0,0.0,0.0,1.0698086,-8.0,0.0,1.0,0.0,26.396416,0.0
65.0,423.06287,1.1240922,99.94968,41.10747,4.1593337,1.0,93.0,19.044727,6.0,4.0,46.836193,3.0,11.328176,0.0,2.0,1.96972,16.0,100.0,5.0,3.0,0.0,49.729332,0.0
85.667305,445.87106,9.0,119.42701,40.47282,0.0,0.0,100.0,-7.0,7.0,8.0,35.0,3.0,26.680471,0.0,1.0,1.0,6.673955,-8.0,3.0,1.0,0.0,37.468876,0.0
71.0,116.79853,3.0,57.34393,17.0,3.7903013,0.0,77.09038,41.964436,6.0,4.0,21.0,2.0,33.0,0.0,1.0,2.0,11.105088,100.0,2.0,4.0,0.0,73.0,0.0
71.66715,445.98883,11.0,135.95789,24.0,0.0,0.0,96.95514,18.123114,6.0,6.0,21.0,2.0,31.0,12.0,0.0,0.0,18.774195,58.656075,3.6263413,2.0,1.0,33.0,0.0
81.0,199.78018,2.0,63.023663,31.0,0.0,0.0,100.0,-7.0,7.0,8.0,31.0,2.0,22.0,0.042589795,2.0,2.0,0.0,95.47596,2.0,2.0,0.0,30.474989,0.0
78.0,201.32791,13.999317,86.78222,41.96661,0.0,0.0,97.0,13.056256,6.0,6.0,41.38637,0.0,26.810822,0.0,4.6939726,4.0,1.0,-8.0,4.0,2.0,0.0,42.236076,0.0
85.0,205.3822,22.88303,144.3945,22.478392,0.0,0.0,100.0,-7.0,7.0,8.0,32.0,0.0,23.0,19.46616,0.0,0.0,6.0,-8.0,2.0,2.0,0.0,40.0,0.0
78.0,242.68942,5.0,89.20981,27.0,0.0,0.0,100.0,-7.0,7.0,8.0,32.0,2.0,45.0,0.0,2.0,2.0,38.46656,20.163736,5.0,3.0,2.0,83.0,0.0
68.0,243.9927,6.0,49.64985,12.0,1.0,2.0,81.63708,18.403898,6.0,-9.0,14.0,1.0,18.236319,1.0,2.0,2.0,3.64328,-8.0,1.0,1.0,0.0,56.0,0.0
90.0,155.79843,70.83172,96.64174,9.0,0.0,0.0,100.0,-7.0,7.0,8.0,9.0,0.0,21.037064,0.0,0.0,0.0,1.0,-8.0,1.0,1.0,0.0,45.221302,0.0
66.597046,94.563705,7.0,34.915386,14.0,0.0,0.0,81.5553,4.015596,6.0,6.0,16.216772,1.0,61.584026,1.0,1.0,1.0,16.0,65.79612,3.0,3.0,2.0,83.0,0.0
75.28774,151.85661,7.0,72.0,26.0,0.0,0.0,100.0,-7.0,7.0,8.0,28.0,2.0,17.0,1.0,0.0,0.0,25.0,-8.0,2.0,1.0,0.0,21.60472,0.0
80.0,235.23906,4.0,96.0903,39.0,0.0,0.0,100.0,-7.0,7.0,8.0,42.060986,3.0,42.4171,3.0,2.0,2.0,18.0,79.66632,5.0,7.410062,1.0,64.0,0.0
74.0,83.10124,-9.0,24.306437,-9.0,0.0,0.0,100.0,-7.0,7.0,8.0,7.0,1.0,43.055702,3.0,2.9962127,2.0,36.597633,-8.0,1.0,2.0,0.0,75.0,0.0
57.936832,96.07046,20.0,53.751648,6.3872075,0.0,0.0,100.0,-7.0,6.0,8.0,9.599683,0.0,53.41299,3.6416445,0.0,0.0,0.0,-8.0,1.0,1.0,-9.0,79.03861,0.0
84.0,289.66586,6.0,119.830666,22.10186,0.0,0.0,100.0,-7.0,7.0,8.0,24.0,1.0,29.511166,10.041472,0.0,0.0,12.987717,-8.0,5.0,2.0,0.0,46.89681,0.0
90.0,225.65768,10.0,67.0,18.0,0.0,0.0,100.0,-7.0,7.0,8.0,21.0,1.0,21.0,0.0,0.0,0.0,0.0,-8.0,1.0,1.0,0.0,39.158485,0.0
59.607376,184.54033,2.0,154.68594,28.907692,3.6349237,1.0,38.395622,11.078997,6.0,5.0,30.0,2.0,15.656036,-7.0,2.0,2.0,46.146805,-8.0,11.71602,1.0,2.0,60.0,0.0
70.0,358.84348,8.0,119.61642,17.0,1.0,0.0,83.54866,19.948576,5.619371,6.0,17.439919,1.0,29.0,0.0,0.0,0.0,36.0,76.0,7.0,2.098547,1.0,77.23343,0.0
76.0,367.0115,4.0,87.66019,48.196476,0.0,0.0,100.0,-7.0,7.0,8.0,37.0,3.0,25.0,0.0,4.0,4.0,53.667065,72.29836,4.0,4.0,3.2893057,43.154224,0.0
68.0,167.85645,10.0,104.86323,24.0,1.0,0.72226447,92.0,-7.0,-9.0,5.0,18.0,1.0,24.0,0.0,0.0,0.0,34.129555,85.758995,2.0,3.0,0.0,34.95263,0.0
92.479225,334.3872,35.91719,143.70218,15.0,0.0,0.0,100.0,-7.0,7.0,8.0,16.0,0.0,23.756174,-8.0,0.0,0.0,1.0,-8.0,2.0,1.0,0.0,30.79247,0.0
85.0,261.15955,13.701684,115.67056,25.505116,0.0,0.0,100.0,-7.0,7.0,8.0,25.0,0.0,51.883015,1.0,0.0,0.0,4.839509,-8.0,3.0,3.0,0.0,61.613472,0.0
88.0,156.62999,3.0,92.10142,16.0,0.0,0.0,100.0,-7.0,7.0,8.0,15.0,2.0,20.0,0.0,0.0,0.0,10.0,-8.0,3.090319,1.0,0.0,56.55203,0.0
84.105995,371.84485,20.0,142.70584,29.0,0.0,0.0,100.0,-7.0,7.0,8.0,28.941845,0.0,42.200493,16.0,1.0,1.0,1.0,38.691715,-9.0,5.0,0.0,67.0,0.0
86.0,188.6561,23.625015,108.052826,36.07955,0.0,0.0,100.0,-7.0,7.0,8.0,35.0,0.0,22.549017,-8.0,0.0,0.0,12.0,-8.0,4.0,1.0,0.0,44.0,0.0
85.0,304.59958,17.238651,103.112114,23.0,0.0,0.0,97.46277,53.11448,6.0,6.0,19.0,0.0,35.64607,0.0,0.0,0.0,0.0,82.942825,2.0,1.0,0.0,35.852596,0.0
66.97954,119.313515,8.0,77.69696,17.0,1.0,0.0,88.0,10.363188,4.0,4.97899,22.0,2.0,25.0,3.0,3.0,2.0,9.396967,-8.0,2.0,1.0,0.0,43.0,0.0
68.0,181.01508,4.3379784,100.0,11.092011,1.0,1.0,59.743816,31.252357,6.0,4.4653244,1.4076223,2.0,40.0,0.0,1.0,1.0,0.0,44.151703,0.64970636,2.0,0.0,57.186108,0.0
80.0,87.365555,13.0,68.74199,18.0,0.0,0.0,100.0,-7.0,7.0,8.0,19.080603,1.0,20.465574,5.0,0.0,0.0,0.2911224,59.056244,1.0,2.0,0.0,26.102955,0.0
77.08162,270.16736,4.0,72.0,39.724327,0.0,0.0,100.0,-7.0,7.0,8.0,33.0,2.0,17.0,9.476405,0.0,0.0,27.929644,-8.0,7.0,1.0,1.0,69.89117,0.0
78.695984,121.61089,1.0,73.64967,42.461002,0.0,0.0,100.0,-7.0,7.0,8.0,42.55998,3.0,25.0,1.0,1.0,1.0,3.0,-8.0,3.6160538,2.0,0.0,29.033852,0.0
79.35437,185.7796,1.2101061,83.0,29.0,0.0,0.0,100.0,-7.0,7.0,8.0,31.0,2.0,38.0,0.0,1.0,1.0,16.0,45.86704,3.0,4.0,1.0,52.255127,0.0
91.51491,199.19014,14.781842,99.034775,12.0,0.0,0.0,100.0,-7.0,7.0,8.0,11.0,0.0,40.0,-9.0,0.0,0.0,0.0,57.026947,0.0,3.0,0.0,50.0,0.0
84.0,254.42459,13.0,122.189606,12.812828,0.0,0.0,100.0,-7.0,7.0,8.0,13.349697,1.0,45.26009,8.332579,0.0,0.0,42.678154,45.244,2.0,2.1554015,0.0,100.0,0.0
81.0,209.61496,5.0,108.60426,17.0,0.0,0.0,100.0,-7.0,7.0,8.0,18.597887,1.0,43.3115,-8.0,0.0,0.0,30.743036,-8.0,2.0,2.0,1.0,67.0,0.0
68.0,255.04816,24.938917,135.8781,10.0,0.0,0.0,77.12989,1.0,4.0,6.0,16.262033,0.0,36.0,21.904764,0.0,0.0,83.0941,86.56835,2.0,2.0,0.0,100.0,0.0
74.0,187.8785,3.0,56.641384,26.0,0.0,0.0,100.0,-7.0,7.0,8.0,27.398802,5.0,20.0,4.0,1.0,1.0,22.521648,73.14944,7.0,5.0,0.0,60.0,0.0
87.0,413.88086,5.0,109.41947,21.0,0.0,0.0,100.0,-7.0,7.0,8.0,26.175037,2.0,29.0,0.0,0.0,0.0,11.678458,-8.0,4.1024184,1.0,0.0,54.26238,0.0
77.0,222.88501,15.0,144.9213,14.0,0.0,0.0,100.0,-7.0,7.0,8.0,18.0,0.0,30.050808,6.0,1.0,1.0,92.072395,75.116455,3.0,2.0,3.0,100.0,0.0
75.0,235.36188,8.509817,93.59199,12.0,0.0,0.0,94.0,38.10742,6.0,6.0,7.0,1.0,50.0,0.0,2.0,2.0,9.0,-8.0,0.7900317,-8.0,0.0,43.0,0.0
70.8939,172.62296,6.0,18.17531,7.0,0.0,0.0,83.71201,31.120806,6.0,6.0,8.43094,2.0,24.0,0.0,3.0,2.3293657,33.521957,76.0,2.0,2.0,0.0,75.0,0.0
79.0,173.79367,20.0,84.312,29.0,0.0,0.0,89.77461,23.631273,6.0,6.0,32.0,0.0,50.0,8.0,0.0,0.0,6.2239623,28.553698,2.0,3.0,0.0,58.8004,0.0
72.0,330.9075,6.0,129.90988,13.0,1.0,1.0,100.0,-7.0,7.0,8.0,14.0,2.0,27.866768,-7.0,1.0,1.0,80.78696,-8.0,4.0,2.0,3.0,80.0,0.0
79.0,352.65265,15.0,108.931435,25.0,0.0,0.0,100.0,-7.0,7.0,8.0,37.740414,0.0,44.0,0.0,0.0,0.0,26.986715,79.63546,3.0,2.0,1.0,44.0,0.0
86.0,365.10663,3.0,129.72633,16.0,0.0,0.0,100.0,-7.0,7.0,8.0,16.700144,1.0,33.0,3.0,0.0,0.0,24.740839,50.22398,3.0,1.0,0.0,50.0,0.0
69.0,188.95367,3.0,61.137486,22.391178,0.0,0.0,100.0,-7.0,7.0,8.0,26.0,1.0747914,33.0,0.0,2.0,2.0,52.70171,80.468445,6.0,3.0,1.0,81.10336,0.0
71.0,357.77994,8.0,125.49922,25.0,1.0,0.0,82.09253,38.631855,6.0,5.0,16.872723,1.0,11.580383,7.0,1.0,0.0,25.0,93.32125,8.211678,2.0,0.0,83.0,0.0
88.0,143.29898,2.0,75.42931,16.0,0.0,0.0,100.0,-7.0,7.0,8.0,18.0,2.0,19.0,2.0,2.0,2.0,0.0,-8.0,2.0,1.0,0.0,23.708563,0.0
81.0,271.07535,6.0,64.49272,29.0,0.0,0.0,100.0,-7.0,7.0,8.0,29.0,0.0,31.0,0.0,1.0,1.0,0.0,38.58387,1.0,1.0,0.0,23.646833,0.0
-9.0,-9.0,-9.0,-9.0,-9.0,-9.0,-9.0,-9.0,-9.0,-9.0,-9.0,-9.0,-9.0,-9.0,-9.0,-9.0,-9.0,-9.0,-9.0,-9.0,-9.0,-9.0,-9.0,0.0
72.0,125.002655,1.0,41.39918,41.229683,0.0,0.0,100.0,-7.0,7.0,8.0,35.689445,5.7318015,51.010864,0.0,2.0,2.0,49.918144,90.36565,4.0,5.0,1.0,83.0,0.0
75.0,163.98824,1.0,69.8137,17.170076,0.0,0.0,100.0,-7.0,7.0,8.0,26.0,2.0,31.0,0.0,0.0,0.0,20.142925,70.75694,2.0,1.0,1.0,35.311954,0.0
64.87453,177.57896,4.0,84.0,14.0,3.0,2.0,78.44504,56.683624,6.0,4.0,34.0,1.0,54.432964,-7.0,3.0,3.0,38.47998,-8.0,2.0,1.0,2.0,57.0,0.0
84.0,281.34058,20.0,79.44661,13.0,0.0,0.0,100.0,-7.0,7.0,8.0,12.0,0.0,35.0,0.0,0.0,0.0,9.0,19.79468,2.0,2.0,0.0,75.0,0.0
73.0,45.545715,3.0,64.1936,-9.0,1.0,1.0,100.0,-7.0,7.0,8.0,3.2378495,0.0,21.0,1.0,3.9754975,3.5173368,14.0,-8.0,2.0,1.0,0.0,57.0,0.0
77.0,159.3286,2.0,66.44148,30.0,0.0,0.0,100.0,-7.0,7.0,8.0,51.135326,3.0,35.964928,-7.0,0.0,0.0,27.746332,26.93977,1.5463017,3.0,0.0,50.0,0.0
79.0,258.8899,6.0,103.09367,24.0,0.0,0.0,91.0,38.977448,6.0,6.0,22.0,1.0,19.0,12.0,0.0,0.0,22.029417,-8.0,2.0,1.0,0.0,45.625973,0.0
76.0,146.47652,18.64974,70.0,27.32566,0.0,0.0,97.0,59.95958,6.0,6.0,27.0,0.0,57.31765,2.0,0.0,0.0,36.0,93.0,2.0,2.0,0.0,75.0,0.0
77.0,150.9919,6.0,49.890347,39.187912,0.0,0.0,100.0,-7.0,7.0,8.0,40.146416,3.0,41.38862,3.0,1.0,0.0,44.0815,90.25476,4.0,3.0,0.0,60.0,0.0
73.0,154.80981,4.0,65.0,33.916748,0.0,0.0,96.0,0.836712,-1.6935114,6.0,30.0,3.0,25.0,1.1783444,1.0,0.0,14.0,95.04666,2.0,2.6015444,0.0,33.0,0.0
82.0,132.44379,12.648494,83.66906,19.273975,0.0,0.0,100.0,-7.0,7.0,8.0,22.538462,1.0,42.502525,-7.0,1.0,1.0,2.0,88.80149,3.0,2.0,0.0,70.0,0.0
74.0,153.95456,6.739208,61.931076,22.0,0.0,0.0,100.0,-7.0,7.0,8.0,20.96222,2.0,25.40751,3.0,1.0,1.0,41.823696,-8.0,5.0,1.0,0.0,77.86636,0.0
86.0,342.2354,8.0,139.06676,38.473763,0.0,0.0,100.0,-7.0,7.0,8.0,31.595083,1.0,46.518192,14.277533,0.0,0.0,10.0,60.04303,4.0,3.0,0.0,62.921146,0.0
83.0,174.25053,11.250936,57.875847,14.0,0.0,0.0,100.0,-7.0,7.0,8.0,17.0,0.0,22.0,8.0,0.0,0.0,13.0,-8.0,3.0,-8.0,0.0,40.0,0.0
84.0,163.41174,11.0,82.0,46.45868,0.0,0.0,100.0,-7.0,7.0,8.0,38.0,0.0,19.0,0.0,0.0,0.0,13.159228,49.978207,5.0,2.0,0.0,43.0,0.0
88.0,223.09238,4.0,105.59638,18.0,0.0,0.0,100.0,-7.0,7.0,8.0,20.0,2.0,42.791645,0.0,0.0,0.0,13.177516,82.61649,2.0,3.0,0.0,55.497833,0.0
88.75289,187.91885,20.0,83.0,12.0,0.0,0.0,100.0,-7.0,7.0,8.0,13.0613365,0.0,67.4676,13.588415,0.0,0.0,1.0,80.0,1.0,1.0,0.0,57.555077,0.0
81.0,174.07848,4.0,61.24774,24.0,0.0,0.0,100.0,-7.0,7.0,8.0,26.0,1.0,24.0,16.0,0.0,0.0,8.938798,71.0,4.0,3.0,0.0,50.0,0.0
-9.0,-9.0,-9.0,-9.0,-9.0,-9.0,-9.0,-9.0,-9.0,-9.0,-9.0,-9.0,-9.0,-9.0,-9.0,-9.0,-9.0,-9.0,-9.0,-9.0,-9.0,-9.0,-9.0,0.0
84.92532,212.09865,5.0,74.975815,27.0,0.0,0.0,100.0,-7.0,7.0,8.0,12.0,1.0,16.710016,10.017917,0.0,0.0,3.0,-8.0,1.0,2.0,0.0,25.0,0.0
76.0,233.77507,16.167292,102.22065,27.0,1.0,2.0,94.55656,81.87066,6.0,2.0,26.0,0.0,29.0,2.7176225,0.0,0.0,17.0,-8.0,3.0,2.0,0.0,65.20519,0.0
69.0,271.74783,6.452538,70.0,20.0,0.0,0.0,100.0,-7.0,7.0,8.0,20.0,2.0,13.0,1.0,2.0,2.0,52.775837,-8.0,8.0,1.0,2.0,90.23432,0.0
87.0,437.05304,2.0,122.2395,41.976025,0.0,0.0,97.0,69.74305,6.0,6.0,34.0,2.0,14.0,0.0,1.0,1.0,2.0,-8.0,6.0,-8.0,0.0,25.0,0.0
82.0,343.477,23.556042,130.27153,19.0,0.0,0.0,87.7261,-9.0,6.0,5.0,20.0,0.0,46.789192,-7.0,0.0,0.0,18.0,-8.0,4.0,1.0,0.0,64.06641,0.0
71.0,116.0009,6.0,34.50731,14.0,0.0,0.0,79.38901,31.287043,6.0,6.0,16.789219,3.0,25.0,0.0,2.0,2.0,24.977547,-8.0,5.0,2.0,0.0,50.0,0.0
62.0,174.72493,69.16191,162.2348,5.7894154,0.0,0.0,88.0,-3.818596,-0.3909883,6.0,12.054595,0.0,30.075426,6.593884,0.0,0.0,74.87218,-8.0,0.051000018,1.0,0.0,86.0,0.0
78.0,200.12384,-4.62283,79.68842,26.0,0.0,0.0,100.0,-7.0,7.0,8.0,26.0,3.0,17.94576,0.0,1.0,1.0,25.0,35.434307,5.0,3.0,0.0,50.0,0.0
81.0,209.71248,24.698765,112.113045,36.37457,0.0,0.0,100.0,-7.0,7.0,8.0,31.393127,0.0,26.512234,5.0,1.0,1.0,34.575836,45.041027,2.0,3.0,0.0,50.0,0.0
86.0,234.00479,25.611523,116.18625,19.0,0.0,0.0,100.0,-7.0,7.0,8.0,15.0,0.0,17.576777,0.0,0.0,0.0,4.0,-8.0,1.0,1.0,1.0,24.072971,0.0
73.0,159.92926,10.0,64.22646,19.0,0.0,0.0,100.0,-7.0,7.0,8.0,17.0,0.0,31.0,0.0,2.0,2.0,62.92464,16.312891,1.0,2.0,1.8673934,42.168304,0.0
78.0,177.06287,4.0,76.0,13.0,0.0,0.0,100.0,-7.0,7.0,8.0,22.0,3.7024436,21.0,0.0,2.0,2.0,59.539062,-8.0,2.0,1.0,1.0,57.0,0.0
74.00433,674.8207,23.197605,123.41432,27.600796,0.0,0.0,95.0,54.4052,6.0,6.0,30.256744,0.0,21.132563,0.0,4.0,3.6946325,35.655422,17.097221,5.0,1.0,0.0,41.57084,0.0
55.528114,204.90732,7.0,71.0,33.0,1.0,0.0,84.30205,-7.0,2.6952534,5.0,35.7742,2.0,49.637947,15.9740715,0.0,0.0,74.54036,88.0,4.0,4.0,1.0,60.0,0.0
86.0,145.03267,15.0,84.268486,30.053493,0.0,0.0,100.0,-7.0,7.0,8.0,34.0,0.0,33.0,4.0,0.0,0.0,0.0,66.74449,2.0,2.0,0.0,52.404503,0.0
84.0,197.45082,6.0,91.279884,22.0,0.0,0.0,100.0,-7.0,7.0,8.0,29.0,0.0,42.0,-8.0,0.0,0.0,6.301635,50.021023,3.0,2.0,0.0,50.0,0.0
87.0,312.24353,7.0,86.49386,17.0,0.0,0.0,100.0,-7.0,7.0,8.0,20.0,2.0,41.0,12.0,0.0,0.0,5.0,-8.0,3.0,2.0,0.0,77.59661,0.0
79.0,162.03912,32.278896,103.99091,12.0,0.0,0.0,89.0,63.250553,6.0,6.0,8.0,0.0,9.336676,-8.0,0.0,0.0,20.339293,-8.0,3.156803,-8.0,1.0,71.0,0.0
73.0,169.86092,3.0,87.9097,17.103561,1.0,1.0,97.0,44.63611,6.0,5.0,12.0,2.0,32.87921,-7.0,1.0,1.0,28.279678,50.64463,2.0,3.0,0.0,75.0,0.0
75.0,122.17493,3.0,19.52284,28.0,0.0,0.0,96.211464,60.550797,6.0,6.0,27.0,6.379483,17.710884,-8.0,3.5783477,3.0,15.0,15.225443,4.0,2.0,0.0,67.0,0.0
85.0,280.03705,9.0,100.0,15.0,0.0,0.0,100.0,-7.0,7.0,8.0,17.0,1.0,22.0,4.0,0.0,0.0,1.4559239,91.0,1.0,3.0,0.0,35.955883,0.0
86.092606,173.91411,32.143353,100.0,5.283917,0.0,0.0,100.0,-7.0,7.0,8.0,7.195143,0.0,25.955551,-8.0,0.0,0.0,20.520292,-8.0,2.0,1.0,0.0,82.820816,0.0
73.0,227.35901,-9.0,63.0,17.034193,1.0,0.0,93.0,53.110493,6.0,5.0,21.535904,3.0,61.21194,0.0,2.0,2.0,4.0,52.036835,3.0,3.0,0.0,60.0,0.0
80.516106,326.66187,21.95073,161.1323,15.812864,0.0,0.0,100.0,-7.0,7.0,8.0,18.0,0.0,29.781109,1.0,0.0,0.0,40.956413,-8.0,4.0,1.0,1.0,57.0,0.0
80.0,223.01549,53.328735,97.0,7.903803,0.0,0.0,82.95404,29.50839,6.0,6.0,11.84146,0.0,35.0,0.0,0.0,0.0,1.0,-8.0,1.0,1.0,0.0,40.115406,0.0
72.0,192.61707,4.0,80.0,40.199917,1.0,0.0,88.0,31.341932,6.0,4.802205,54.541416,4.0,30.0,8.0,0.0,0.0,18.0,66.21282,4.0,3.0,2.0,56.0,0.0
82.0,368.5433,6.0,78.203445,30.0,0.0,0.0,100.0,12.857499,6.0,6.0,37.350685,4.0,24.0,1.0,1.0,1.0,4.503018,-8.0,5.6524115,2.0,0.0,45.978374,0.0
69.210556,173.9849,1.0,95.29121,47.77326,0.0,0.0,100.0,-7.0,7.0,8.0,45.15871,4.0,27.952433,0.0,3.0,2.0,67.679085,-8.0,7.0,1.0,4.0,75.0,0.0
87.0,225.13548,9.0,118.25161,24.163383,0.0,0.0,100.0,-7.0,7.0,8.0,24.0,0.0,29.561972,0.0,2.0,2.0,0.0,96.06872,2.0,2.0,0.0,37.44741,0.0
67.0,135.47755,5.0,58.79142,26.057886,0.0,0.0,92.0,29.993488,6.0,6.0,23.0,2.0,14.0,0.0,1.0,1.0,38.67321,100.360756,6.0,2.0,5.0008583,45.445324,0.0
86.0,162.43593,12.575891,178.38686,11.62105,0.0,0.0,100.0,-7.0,7.0,8.0,14.0,0.0,27.0,0.0,1.0,1.0,11.0,31.60688,5.0,1.0,1.0,67.0,0.0
62.0,158.88774,6.0,52.026535,21.0,0.0,0.0,88.0,4.0,6.0,6.0,21.0,2.0,37.0,0.0,5.286374,5.0,31.172117,83.710815,2.0,4.0,0.0,54.34219,0.0
68.0,75.124054,2.0,44.965683,9.0,0.0,0.0,82.433304,4.659211,6.0,5.0,11.0,1.0,14.0,9.609399,1.0,1.0,7.6317544,-8.0,3.0,1.0,0.0,57.0,0.0
85.0,259.35336,1.0,77.081566,39.456966,0.0,0.0,100.0,-7.0,7.0,8.0,23.0,4.9497247,14.311708,1.0,0.0,0.0,1.0,61.65852,3.0,2.0,0.0,25.334263,0.0
87.0,196.19897,3.0,63.437386,17.0,0.0,0.0,100.0,-7.0,7.0,8.0,19.0,3.0,36.0,0.0,2.0,1.0,1.0,88.0,0.64995366,4.0,0.0,56.0,0.0
81.0,205.93172,11.0,96.423805,39.08588,0.0,0.0,100.0,-7.0,7.0,8.0,38.364433,0.0,39.467556,0.0,0.0,0.0,26.600328,-8.0,3.0,2.0,1.0,63.0,0.0
-9.0,-9.0,-9.0,-9.0,-9.0,-9.0,-9.0,-9.0,-9.0,-9.0,-9.0,-9.0,-9.0,-9.0,-9.0,-9.0,-9.0,-9.0,-9.0,-9.0,-9.0,-9.0,-9.0,0.0
84.0,176.10234,5.0,86.0,32.0,0.0,0.0,98.21459,73.93713,6.0,6.0,40.86356,1.0,16.115873,0.0,2.0,1.0,1.0,-8.0,4.0,2.0,0.0,43.0,0.0
90.0,343.2387,31.53104,104.048454,13.0,0.0,0.0,100.0,-7.0,7.0,8.0,19.112404,0.0,21.0,9.0,0.0,0.0,1.0,-8.0,4.0,1.0,0.0,61.835636,0.0
68.982124,382.89984,5.0,105.94241,38.213036,0.0,0.0,96.0,37.7274,6.0,6.0,40.902557,4.0,20.0,16.82023,0.0,0.0,42.166637,6.0118923,10.206526,2.0,1.4752028,63.0,0.0
81.0,416.31958,15.0,147.75592,14.0,0.0,0.0,100.0,-7.0,7.0,8.0,19.0,0.0,13.504409,0.0,0.0,0.0,36.2757,77.2161,4.0,2.0,1.0,60.0,0.0
87.0,260.18637,2.0,93.84339,28.0,0.0,0.0,100.0,-7.0,7.0,8.0,34.110996,2.0,26.0,-7.0,0.0,0.6007858,3.0,79.95483,5.0,2.0,0.0,62.866177,0.0
72.32752,193.56764,7.0,90.57502,31.0,0.0,0.0,100.0,-7.0,7.0,8.0,32.41774,3.0,25.0,-7.0,1.0,1.0,54.232224,78.60703,7.0,3.0,7.146681,60.0,0.0
91.739716,179.71034,24.032505,109.18574,23.0,0.0,0.0,100.0,-7.0,7.0,8.0,3.1968482,0.0,16.824873,-8.0,0.0,0.0,4.0,-8.0,5.0,2.0,0.0,50.0,0.0
76.0,235.80162,10.0,94.96043,14.0,0.0,0.0,92.0,40.841022,6.0,6.0,14.0,0.0,22.980345,0.0,2.0,2.0,17.814163,-8.0,3.0,1.0,1.0,83.0,0.0
79.51609,237.16086,6.0,116.93488,15.214688,0.0,0.0,100.0,-7.0,7.0,8.0,7.0,2.0,29.0,14.309392,0.0,0.0,27.021904,88.21153,7.6623106,1.0,2.0,67.0,0.0
-9.0,-9.0,-9.0,-9.0,-9.0,-9.0,-9.0,-9.0,-9.0,-9.0,-9.0,-9.0,-9.0,-9.0,-9.0,-9.0,-9.0,-9.0,-9.0,-9.0,-9.0,-9.0,-9.0,0.0
73.81869,139.62141,21.205631,100.0,9.0,0.0,0.0,77.117966,31.609331,6.0,6.0,3.4029603,0.0,33.0,18.867626,0.0,0.0,28.195414,88.06433,2.0,1.0,0.0,60.0,0.0
66.0,190.19081,3.0,84.061035,25.0,1.0,0.0,87.13932,4.4562373,4.7210946,5.2366533,27.0,1.0,25.0,4.7290726,1.0,1.0,43.19702,-8.0,4.0,4.0,1.0,67.0,0.0
57.96412,259.91797,6.0,87.057465,18.0,2.0,1.0,92.0,-7.0,-9.0,6.0,19.753021,2.0,0.0,2.0,0.0,0.0,3.0,-8.0,3.0,1.0,0.0,20.721954,0.0
84.0,328.78568,7.8278193,89.62468,40.34345,0.0,0.0,100.0,-7.0,7.0,8.0,42.391014,2.0,25.0,-8.0,1.0,1.0,5.739743,84.03627,4.0,2.0,0.0,44.0,0.0
62.0,151.68974,6.0,61.999344,10.0,2.0,0.0,74.504166,18.067078,6.0,5.0,14.0,2.0,53.503155,-0.559935,0.0,0.0,64.84264,82.12201,2.0,3.0,2.0,60.0,0.0
-9.0,-9.0,-9.0,-9.0,-9.0,-9.0,-9.0,-9.0,-9.0,-9.0,-9.0,-9.0,-9.0,-9.0,-9.0,-9.0,-9.0,-9.0,-9.0,-9.0,-9.0,-9.0,-9.0,0.0
86.0,309.59927,3.0,87.87558,23.0,0.0,0.0,100.0,-7.0,7.0,8.0,34.0,1.140083,11.454502,0.0,2.0,2.0,5.617535,-8.0,9.0,-9.0,0.0,64.70476,0.0
80.0,172.3622,10.0,65.70074,18.0,0.0,0.0,100.0,-7.0,7.0,8.0,17.317406,0.0,65.94067,0.0,1.0,1.0,0.0,44.08819,1.0,2.0,0.0,67.0,0.0
75.0,133.39223,13.130378,72.811134,17.0,0.0,0.0,100.0,-7.0,7.0,8.0,3.9824111,1.0,48.16957,0.0,0.0,0.0,88.30656,-8.0,3.0,2.0,1.0,100.0,0.0
80.0,320.08203,14.0,114.47654,12.0,2.0,1.0,75.47347,36.160503,6.0,2.0,15.477215,0.0,26.0,-8.0,0.0,0.0,3.6384108,-8.0,3.0,2.0,0.0,64.0,0.0
67.0,295.02182,22.948242,107.37422,15.0,4.914641,7.116903,83.42321,27.578331,4.0,5.0,19.0,0.0,33.0,0.0,0.0,0.0,36.0,-8.0,3.0,2.0,0.0,67.0,0.0
88.0,255.11761,20.0,80.3597,31.534113,0.0,0.0,100.0,-7.0,7.0,8.0,35.0,0.0,33.0,-8.0,0.0,0.0,18.498802,99.91999,4.0,1.0721654,0.0,64.0,0.0
77.0,173.1133,2.0,54.162033,37.938576,0.0,0.0,100.0,-7.0,7.0,8.0,53.852,6.0,32.0,2.6526093,0.0,0.0,9.002504,80.0,2.0,4.0,0.0,49.022392,0.0
75.0,222.52669,3.0,60.939297,22.0,0.0,0.0,93.0,31.533247,6.0,6.0,17.0,5.7331758,20.0,1.0,1.0,0.0,21.0,61.297325,5.0,2.0,0.0,57.0,0.0
80.67504,244.42267,23.850515,111.228485,29.688658,0.0,0.0,100.0,-7.0,7.0,8.0,30.0,0.0,39.0,-8.0,0.0,0.0,40.8859,-8.0,2.0,-8.0,1.0,40.68868,0.0
65.27664,374.5729,19.390068,119.61796,19.488152,2.0,0.0,88.0,0.78461593,-9.0,2.0,19.0,0.0,37.77332,16.0,0.0,0.0,1.0,66.81279,2.0,2.0,0.0,71.0,0.0
62.97496,197.19908,16.340006,70.67401,14.0,1.0,1.9940969,84.2552,10.083551,4.0,3.0,14.939562,0.0,20.371954,0.0,0.0,0.0,34.67679,-8.0,3.0,3.0,0.0,80.0,0.0
73.0,386.7036,20.342558,134.49959,24.300917,0.0,0.0,97.0,-7.0,6.0,6.0,24.063255,0.0,34.557823,3.5814779,1.0,0.0,40.996025,12.038638,6.0,2.0,0.0,69.66179,0.0
77.0,166.08769,10.0,59.140064,21.0,0.0,0.0,100.0,-7.0,7.0,8.0,21.0,0.0,25.480457,0.25827157,2.0,1.0,9.256917,-8.0,3.0,3.0,1.0,56.0,0.0
82.0,162.4645,3.0,71.06669,34.0,0.0,0.0,100.0,-7.0,7.0,8.0,43.14295,3.0,56.398983,8.0,3.0,2.0,19.0,60.487347,3.0,1.0,0.0,51.12616,0.0
76.0,286.51215,-0.8381493,73.78033,24.0,0.0,0.0,100.0,-7.0,7.0,8.0,28.0,3.0,24.0,-7.0,0.0,0.0,4.0,-8.0,7.0,4.0,1.0,60.0,0.0
81.49175,342.33713,25.444458,80.0,14.0,0.0,0.0,100.0,-7.0,7.0,8.0,17.180891,0.0,33.0,0.0,1.0,1.0,26.214928,28.227259,4.0,2.0,0.0,58.0,0.0
63.08076,125.193756,14.0,44.04713,9.0,3.0,0.0,75.52951,8.259911,6.0,4.0,12.0,1.0,53.02794,3.0,0.0,0.0,0.0,41.044563,1.0,2.0,0.0,50.0,0.0
-9.0,-9.0,-9.0,-9.0,-9.0,-9.0,-9.0,-9.0,-9.0,-9.0,-9.0,-9.0,-9.0,-9.0,-9.0,-9.0,-9.0,-9.0,-9.0,-9.0,-9.0,-9.0,-9.0,0.0
86.0,360.78137,15.0,109.365555,19.743935,0.0,0.0,100.0,-7.0,7.0,8.0,19.0,0.0,21.535341,9.389857,1.0,1.0,1.1644821,-8.0,2.0,1.0,0.0,24.410414,0.0
73.877625,196.02975,8.0,84.0,17.0,0.0,0.0,100.0,-7.0,7.0,8.0,18.0,2.0,24.0,-7.0,0.0,0.0,35.29567,-8.0,5.1833024,1.0,1.7358512,60.0,0.0
73.0,273.99988,5.0,102.61602,47.95353,0.0,0.0,100.0,-7.0,7.0,8.0,45.93973,1.0,19.0,0.0,2.0,2.0,52.27946,67.623726,8.662178,5.0,4.2213526,63.75084,0.0
-9.0,-9.0,-9.0,-9.0,-9.0,-9.0,-9.0,-9.0,-9.0,-9.0,-9.0,-9.0,-9.0,-9.0,-9.0,-9.0,-9.0,-9.0,-9.0,-9.0,-9.0,-9.0,-9.0,0.0
77.0,232.69627,1.0,75.0,18.920923,1.0,1.0,96.0,31.258781,6.0,5.0,20.237429,2.0,40.0,1.0,2.0,2.0,24.330553,95.12517,1.0,2.0,0.0,67.0,0.0
72.0,64.17619,15.0,76.0,12.0,0.0,0.0,87.92237,17.637499,6.0,6.0,17.0,0.0,14.0,-7.0,0.0,0.0,46.874043,-8.0,2.0,1.0,1.0,30.802725,0.0
80.0,300.6665,7.0,107.29737,23.0,0.0,0.0,100.0,-7.0,7.0,8.0,25.0,1.0,0.0788229,10.28989,0.0,0.0,31.144215,-8.0,4.0,1.0,1.0,60.0,0.0
73.0,214.9369,2.0,92.35789,13.0,1.0,0.0,78.10463,46.82768,6.0,2.0,16.0,4.0,15.0,0.0,1.0,1.0,15.290788,-8.0,3.542299,-8.0,0.0,50.0,0.0
81.0,77.36816,10.0,34.024883,-9.0,0.0,0.0,100.0,-7.0,7.0,8.0,3.9985845,1.0,34.108746,-7.0,2.0,1.810506,0.0,-8.0,1.0,1.0,0.0,100.0,0.0
67.0,227.50323,4.0,68.0,18.0,0.0,0.0,100.0,-7.0,7.0,8.0,24.0,1.2521765,26.0,-7.5187325,1.0,1.8133926,64.1176,77.42171,10.325507,3.0,2.0,82.95748,0.0
82.0,341.05405,3.0,131.41641,20.439678,0.0,0.0,95.0,38.620995,6.0,6.0,13.290348,1.0,25.301708,0.0,0.0,0.0,7.5440083,83.57498,9.0,3.0,0.0,84.57136,0.0
89.0,364.51904,2.0,124.093376,10.0,0.0,0.0,96.0,69.815834,6.0,6.0,17.0,2.0,14.0,1.0,1.0,2.0,0.0,-8.0,1.0,-9.0,0.0,32.069904,0.0
64.03014,111.26622,26.92417,83.0,9.759798,0.0,0.0,72.66043,4.0,0.7856483,6.0,9.0,0.0,36.81546,-2.8789527,0.0,0.0,48.57044,76.937294,2.0,2.0,0.0,79.08801,0.0
81.0,375.58685,4.0,93.0,22.164547,0.0,0.0,98.0,37.0993,6.0,6.0,17.609665,1.0,41.0,0.0,5.0,6.1717196,6.0,-8.0,1.0,2.0,1.0,30.820549,0.0
-9.0,-9.0,-9.0,-9.0,-9.0,-9.0,-9.0,-9.0,-9.0,-9.0,-9.0,-9.0,-9.0,-9.0,-9.0,-9.0,-9.0,-9.0,-9.0,-9.0,-9.0,-9.0,-9.0,0.0
